OBJECTID,advisorySpeed,areaUnitID,bicycle,bridge,bus,carStationWagon,cliffBank,crashDirectionDescription,crashFinancialYear,crashLocation1,crashLocation2,crashRoadSideRoad,crashSeverity,crashSHDescription,crashYear,debris,directionRoleDescription,ditch,fatalCount,fence,flatHill,guardRail,holiday,houseOrBuilding,intersection,kerb,light,meshblockId,minorInjuryCount,moped,motorcycle,NumberOfLanes,objectThrownOrDropped,otherObject,otherVehicleType,overBank,parkedVehicle,pedestrian,phoneBoxEtc,postOrPole,region,roadCharacter,roadLane,roadSurface,roadworks,schoolBus,seriousInjuryCount,slipOrFlood,speedLimit,strayAnimal,streetLight,suv,taxi,temporarySpeedLimit,tlaId,tlaName,trafficControl,trafficIsland,trafficSign,train,tree,truck,unknownVehicleType,urban,vanOrUtility,vehicle,waterRiver,weatherA,weatherB,if_pandemic
66388986,,575300,0.0,0.0,0.0,1.0,1.0,South,2018/2019,GLENMORE ST,UPLAND ROAD,,Non-Injury Crash,No,2018,1.0,South,0.0,0,0.0,Hill Road,0.0,,0.0,,0.0,Overcast,2152600,0,0.0,0.0,3.0,0.0,0.0,0.0,0.0,0.0,,0.0,0.0,Wellington Region,Nil,2-way,Sealed,0.0,0.0,0,0.0,50.0,0.0,Off,0.0,0.0,,47,Wellington City,Unknown,0.0,0.0,0.0,0.0,0.0,0.0,Urban,0.0,0.0,0.0,Light rain,Null,0
66388998,,572600,0.0,0.0,0.0,2.0,0.0,North,2017/2018,MAIN ROAD,LINCOLN AVENUE,,Non-Injury Crash,No,2018,0.0,North,0.0,0,0.0,Flat,0.0,,0.0,,0.0,Dark,1992000,0,0.0,0.0,2.0,0.0,0.0,0.0,0.0,1.0,,0.0,0.0,Wellington Region,Nil,2-way,Sealed,0.0,0.0,0,0.0,50.0,0.0,On,0.0,0.0,,47,Wellington City,Unknown,0.0,0.0,0.0,0.0,0.0,0.0,Urban,0.0,0.0,0.0,Fine,Null,0
66389034,,577000,0.0,,0.0,1.0,,South,2019/2020,STEWART DUFF DRIVE,STATION DRIVE,,Minor Crash,No,2019,,South,,0,,Flat,,,,,,Overcast,2175700,1,0.0,0.0,4.0,,,0.0,,,1.0,,,Wellington Region,Nil,2-way,Sealed,,0.0,0,,20.0,,Off,0.0,0.0,,47,Wellington City,Unknown,,,,,0.0,0.0,Urban,0.0,,,Fine,Null,0
66389036,,576800,0.0,,0.0,0.0,,East,2018/2019,SH 1N,EAST PORTAL,,Non-Injury Crash,Yes,2018,,West,,0,,Flat,,,,,,Overcast,2181800,0,0.0,0.0,2.0,,,0.0,,,,,,Wellington Region,Nil,2-way,Sealed,,0.0,0,,50.0,,Null,1.0,0.0,,47,Wellington City,Unknown,,,,,0.0,0.0,Urban,1.0,,,Light rain,Null,0
66389128,,572900,0.0,,0.0,2.0,,Null,2017/2018,TINAKORI ROAD,TINAKORI OFF NBD,,Non-Injury Crash,No,2018,,South,,0,,Flat,,,,,,Dark,2123100,0,0.0,0.0,2.0,,,0.0,,,,,,Wellington Region,Nil,2-way,Sealed,,0.0,0,,50.0,,On,0.0,0.0,,47,Wellington City,Traffic Signals,,,,,0.0,0.0,Urban,0.0,,,Fine,Null,0
66389132,,573101,0.0,,0.0,2.0,,Null,2018/2019,WEBB STREET,TARANAKI STREET,,Non-Injury Crash,No,2019,,East,,0,,Flat,,,,,,Unknown,2135100,0,0.0,0.0,4.0,,,0.0,,,,,,Wellington Region,Nil,2-way,Sealed,,0.0,0,,50.0,,Null,0.0,0.0,,47,Wellington City,Traffic Signals,,,,,0.0,0.0,Urban,0.0,,,Fine,Null,0
66389147,,576100,0.0,0.0,1.0,3.0,0.0,North,2018/2019,HOUGHTON BAY RD,SOUTHERN WALKWAY,,Non-Injury Crash,No,2018,0.0,North,0.0,0,0.0,Hill Road,0.0,,0.0,,0.0,Bright sun,2194400,0,0.0,0.0,2.0,0.0,0.0,0.0,0.0,3.0,,0.0,0.0,Wellington Region,Nil,2-way,Sealed,0.0,0.0,0,0.0,50.0,0.0,Off,1.0,0.0,,47,Wellington City,Unknown,0.0,0.0,0.0,0.0,0.0,0.0,Urban,0.0,0.0,0.0,Fine,Null,0
66389180,,573700,0.0,,0.0,1.0,,Null,2017/2018,MOOREFIELD ROAD,JOHNSONVILLE ROAD,,Non-Injury Crash,No,2018,,South,,0,,Flat,,,,,,Twilight,2082300,0,0.0,0.0,2.0,,,0.0,,,,,,Wellington Region,Motorway ramp,1-way,Sealed,,0.0,0,,50.0,,On,0.0,0.0,,47,Wellington City,Give way,,,,,0.0,0.0,Urban,1.0,,,Heavy rain,Null,0
66389187,,573000,0.0,,0.0,3.0,,North,2018/2019,SH 1N,NORTH PORTAL NBD,,Non-Injury Crash,Yes,2018,,North,,0,,Flat,,,,,,Bright sun,2126700,0,0.0,0.0,1.0,,,0.0,,,,,,Wellington Region,Motorway ramp,1-way,Sealed,,0.0,0,,80.0,,Null,1.0,0.0,,47,Wellington City,Unknown,,,,,0.0,0.0,Open,1.0,,,Fine,Null,0
66389213,,573000,0.0,,0.0,0.0,,East,2018/2019,SOUTH-EASTERN HIGHWAY,CARBINE ROAD,,Non-Injury Crash,No,2018,,East,,0,,Null,,,,,,Unknown,2127400,0,0.0,0.0,2.0,,,0.0,,,,,,Wellington Region,Nil,1-way,Sealed,,0.0,0,,80.0,,Null,0.0,0.0,,47,Wellington City,Unknown,,,,,0.0,2.0,Open,0.0,,,Null,Null,0
66389214,,573101,0.0,0.0,0.0,1.0,0.0,South,2018/2019,TORY ST,MARTIN SQUARE,,Non-Injury Crash,No,2018,0.0,North,0.0,0,0.0,Flat,0.0,,0.0,,0.0,Dark,2135000,0,0.0,0.0,1.0,0.0,0.0,0.0,0.0,0.0,,0.0,1.0,Wellington Region,Overpass,2-way,Sealed,0.0,0.0,0,0.0,50.0,0.0,On,0.0,0.0,,47,Wellington City,Unknown,0.0,0.0,0.0,0.0,0.0,0.0,Urban,0.0,0.0,0.0,Fine,Null,0
66389217,,573400,0.0,0.0,0.0,1.0,0.0,South,2017/2018,MOELLER ST,SHANNON ST,,Non-Injury Crash,No,2018,0.0,South,0.0,0,0.0,Flat,0.0,,0.0,,0.0,Dark,2139100,0,0.0,0.0,2.0,0.0,0.0,0.0,0.0,1.0,,0.0,0.0,Wellington Region,Nil,2-way,Sealed,0.0,0.0,0,0.0,50.0,0.0,On,0.0,0.0,,47,Wellington City,Nil,0.0,0.0,0.0,0.0,0.0,0.0,Urban,1.0,0.0,0.0,Fine,Null,0
66389220,,573000,0.0,,0.0,2.0,,North,2018/2019,SH 1N,ABEL SMITH ST,,Non-Injury Crash,Yes,2018,,North,,0,,Hill Road,,,,,,Bright sun,2130200,0,0.0,0.0,2.0,,,0.0,,,,,,Wellington Region,Nil,1-way,Sealed,,0.0,0,,50.0,,Null,0.0,0.0,,47,Wellington City,Unknown,,,,,0.0,0.0,Urban,0.0,,,Fine,Null,0
66389253,,573525,0.0,0.0,0.0,1.0,1.0,North,2018/2019,SH 1N,TAWA OFF SBD,,Minor Crash,Yes,2018,0.0,South,0.0,0,0.0,Flat,0.0,,0.0,,0.0,Overcast,2053830,1,0.0,0.0,2.0,0.0,0.0,0.0,0.0,0.0,,0.0,0.0,Wellington Region,Nil,1-way,Sealed,0.0,0.0,0,0.0,100.0,0.0,Null,0.0,0.0,,47,Wellington City,Unknown,0.0,0.0,0.0,0.0,0.0,0.0,Open,0.0,0.0,0.0,Light rain,Null,0
66389345,,573511,0.0,,0.0,0.0,,Null,2018/2019,MIDDLETON ROAD,WESTCHESTER DRIVE,,Minor Crash,No,2018,,East,,0,,Flat,,,,,,Twilight,2086203,1,0.0,1.0,2.0,,,0.0,,,,,,Wellington Region,Nil,2-way,Sealed,,0.0,0,,50.0,,On,0.0,0.0,,47,Wellington City,Give way,,,,,0.0,0.0,Urban,1.0,,,Fine,Null,0
66389365,,576901,0.0,,0.0,1.0,,North,2018/2019,MAHORA ST,COUTTS ST,,Minor Crash,No,2018,,West,,0,,Flat,,Christmas New Year,,,,Bright sun,2178200,1,0.0,0.0,2.0,,,0.0,,,1.0,,,Wellington Region,Nil,2-way,Sealed,,0.0,0,,50.0,,Null,0.0,0.0,,47,Wellington City,Nil,,,,,0.0,0.0,Urban,0.0,,,Fine,Null,0
66389413,,573902,0.0,0.0,0.0,2.0,0.0,North,2017/2018,KENTWOOD DRIVE,NORTHWOOD CLOSE,,Non-Injury Crash,No,2018,0.0,North,0.0,0,0.0,Flat,0.0,,0.0,,0.0,Dark,2086316,0,0.0,0.0,2.0,0.0,0.0,0.0,0.0,1.0,,0.0,0.0,Wellington Region,Nil,2-way,Sealed,0.0,0.0,0,0.0,50.0,0.0,Null,0.0,0.0,,47,Wellington City,Unknown,0.0,0.0,0.0,0.0,0.0,0.0,Urban,0.0,0.0,0.0,Fine,Null,0
66389421,,573101,0.0,0.0,1.0,1.0,0.0,West,2018/2019,COURTENAY PLACE,TORY ST,,Non-Injury Crash,No,2018,0.0,West,0.0,0,0.0,Flat,0.0,,0.0,,0.0,Dark,2135900,0,0.0,0.0,1.0,0.0,0.0,0.0,0.0,1.0,,0.0,0.0,Wellington Region,Nil,1-way,Sealed,0.0,0.0,0,0.0,30.0,0.0,On,0.0,0.0,,47,Wellington City,Unknown,0.0,0.0,0.0,0.0,0.0,0.0,Urban,0.0,0.0,0.0,Fine,Null,0
66389452,,573000,0.0,,0.0,1.0,,Null,2018/2019,WARING TAYLOR STREET,FEATHERSTON STREET,,Minor Crash,No,2019,,West,,0,,Flat,,,,,,Overcast,2125200,1,0.0,0.0,1.0,,,0.0,,,1.0,,,Wellington Region,Nil,1-way,Sealed,,0.0,0,,50.0,,Off,0.0,1.0,,47,Wellington City,Traffic Signals,,,,,0.0,0.0,Urban,0.0,,,Fine,Null,0
66389529,,573700,0.0,,0.0,2.0,,Null,2017/2018,BRODERICK ROAD,PHILLIP ST,,Non-Injury Crash,No,2018,,East,,0,,Flat,,,,,,Overcast,2081800,0,0.0,0.0,2.0,,,0.0,,,,,,Wellington Region,Nil,2-way,Sealed,,0.0,0,,50.0,,Null,0.0,0.0,,47,Wellington City,Give way,,,,,0.0,0.0,Urban,0.0,,,Light rain,Null,0
66389649,,574303,0.0,,0.0,0.0,,South,2018/2019,LOWER TYERS RD,TYERS ROAD,,Non-Injury Crash,No,2019,,East,,0,,Flat,,,,,,Bright sun,2088705,0,0.0,0.0,2.0,,,0.0,,,,,,Wellington Region,Nil,2-way,Sealed,,0.0,0,,50.0,,Off,0.0,0.0,,47,Wellington City,Unknown,,,,,1.0,0.0,Urban,1.0,,,Fine,Null,0
66389650,,577102,1.0,0.0,0.0,1.0,0.0,West,2018/2019,BROADWAY,THE QUADRANT,,Minor Crash,No,2019,0.0,East,0.0,0,0.0,Flat,0.0,,0.0,,0.0,Dark,2215500,1,0.0,0.0,2.0,0.0,0.0,0.0,0.0,1.0,,0.0,0.0,Wellington Region,Nil,2-way,Sealed,0.0,0.0,0,0.0,50.0,0.0,On,0.0,0.0,,47,Wellington City,Unknown,0.0,0.0,0.0,0.0,0.0,0.0,Urban,0.0,0.0,0.0,Fine,Null,0
66389651,,573000,0.0,,0.0,2.0,,North,2018/2019,"DOMINION ROAD, BALMORAL, AUCKLAND",QUEENS ROAD,,Non-Injury Crash,No,2018,,Null,,0,,Flat,,,,,,Overcast,2127400,0,0.0,0.0,2.0,,,0.0,,,,,,Wellington Region,Nil,2-way,Sealed,,0.0,0,,50.0,,Off,0.0,0.0,,47,Wellington City,Unknown,,,,,0.0,0.0,Urban,0.0,,,Fine,Null,0
66389661,,576901,0.0,,0.0,1.0,,Null,2017/2018,TROY ST,KEMP ST,,Non-Injury Crash,No,2018,,North,,0,,Flat,,,,,,Bright sun,2177000,0,0.0,0.0,4.0,,,0.0,,,,,,Wellington Region,Nil,2-way,Sealed,,0.0,0,,50.0,,Null,0.0,0.0,,47,Wellington City,Give way,,,,,0.0,0.0,Urban,1.0,,,Fine,Strong wind,0
66389664,,573522,0.0,0.0,0.0,1.0,0.0,South,2017/2018,SH 1N,TAWA ON SBD,,Non-Injury Crash,Yes,2018,0.0,South,0.0,0,0.0,Flat,0.0,Queens Birthday,0.0,,0.0,Dark,2086311,0,0.0,0.0,2.0,0.0,0.0,0.0,0.0,1.0,,0.0,0.0,Wellington Region,Nil,1-way,Sealed,0.0,0.0,0,0.0,100.0,0.0,None,0.0,0.0,,47,Wellington City,Unknown,0.0,0.0,0.0,0.0,0.0,0.0,Open,1.0,0.0,0.0,Light rain,Strong wind,0
66389682,,574701,0.0,0.0,0.0,0.0,0.0,Null,2018/2019,WINSTON STREET,CAVALRY CLOSE,,Non-Injury Crash,No,2018,0.0,Null,0.0,0,0.0,Hill Road,0.0,,0.0,,0.0,Unknown,2104905,0,0.0,0.0,2.0,0.0,0.0,0.0,0.0,1.0,,0.0,0.0,Wellington Region,Nil,2-way,Sealed,0.0,0.0,0,0.0,50.0,0.0,Null,1.0,0.0,,47,Wellington City,Nil,0.0,0.0,0.0,0.0,0.0,1.0,Urban,0.0,0.0,0.0,Null,Null,0
66389685,,572900,0.0,,0.0,1.0,,North,2017/2018,TINAKORI ROAD,ASCOT ST,,Serious Crash,No,2018,,North,,0,,Flat,,,,,,Dark,2121700,0,1.0,0.0,2.0,,,0.0,,,,,,Wellington Region,Nil,2-way,Sealed,,0.0,1,,30.0,,On,0.0,0.0,,47,Wellington City,Nil,,,,,0.0,0.0,Urban,0.0,,,Fine,Null,0
66389689,,576200,0.0,0.0,0.0,2.0,0.0,North,2017/2018,RINTOUL ST,LUXFORD ST,,Non-Injury Crash,No,2018,0.0,South,0.0,0,0.0,Hill Road,0.0,,0.0,,0.0,Bright sun,2171700,0,0.0,0.0,2.0,0.0,0.0,0.0,0.0,1.0,,0.0,0.0,Wellington Region,Nil,2-way,Sealed,0.0,0.0,0,0.0,50.0,0.0,Null,0.0,0.0,,47,Wellington City,Unknown,0.0,0.0,0.0,0.0,0.0,0.0,Urban,0.0,0.0,0.0,Fine,Null,0
66389709,,576500,0.0,,1.0,1.0,,South,2017/2018,ADELAIDE ROAD,SH 1N,,Non-Injury Crash,No,2018,,North,,0,,Flat,,,,,,Bright sun,2148000,0,0.0,0.0,4.0,,,0.0,,,,,,Wellington Region,Nil,2-way,Sealed,,0.0,0,,50.0,,Null,0.0,0.0,,47,Wellington City,Unknown,,,,,0.0,0.0,Urban,0.0,,,Fine,Null,0
66389724,,572900,0.0,0.0,0.0,1.0,0.0,South,2017/2018,AOTEA QUAY,RLY YARD ENT S,,Non-Injury Crash,No,2018,0.0,North,0.0,0,1.0,Flat,1.0,Queens Birthday,0.0,,0.0,Dark,2118400,0,0.0,0.0,4.0,0.0,0.0,0.0,0.0,0.0,,0.0,0.0,Wellington Region,Nil,2-way,Sealed,0.0,0.0,0,0.0,50.0,0.0,On,0.0,0.0,30.0,47,Wellington City,Unknown,0.0,0.0,0.0,0.0,0.0,0.0,Urban,0.0,0.0,0.0,Light rain,Null,0
66389738,,573000,0.0,,0.0,1.0,,Null,2018/2019,WELLINGTON URBAN MOTORWAY,CLIFTON TERRACE ON RAMP,,Non-Injury Crash,Yes,2019,,North,,0,,Flat,,,,,,Unknown,2124900,0,0.0,0.0,4.0,,,0.0,,,,,,Wellington Region,Motorway ramp,2-way,Sealed,,0.0,0,,100.0,,None,0.0,0.0,,47,Wellington City,Nil,,,,,1.0,0.0,Open,0.0,,,Null,Null,0
66389759,,574701,0.0,0.0,0.0,1.0,0.0,Null,2018/2019,CHARTWELL DRIVE,JOHN WITTON DRIVE,,Non-Injury Crash,No,2018,0.0,North,0.0,0,0.0,Hill Road,0.0,,0.0,,0.0,Bright sun,2105204,0,0.0,0.0,2.0,0.0,0.0,0.0,0.0,0.0,,0.0,0.0,Wellington Region,Nil,2-way,Sealed,0.0,0.0,0,0.0,50.0,0.0,Null,0.0,0.0,,47,Wellington City,Nil,0.0,0.0,0.0,1.0,0.0,0.0,Urban,0.0,0.0,0.0,Fine,Null,0
66389765,,573101,0.0,,0.0,2.0,,North,2017/2018,TARANAKI ST,VIVIAN ST,,Non-Injury Crash,No,2017,,South,,0,,Flat,,,,,,Overcast,2133700,0,0.0,0.0,2.0,,,0.0,,,,,,Wellington Region,Nil,2-way,Sealed,,0.0,0,,50.0,,Null,0.0,0.0,,47,Wellington City,Traffic Signals,,,,,0.0,0.0,Urban,0.0,,,Fine,Null,0
66389799,,576400,0.0,,0.0,2.0,,Null,2018/2019,OWEN STREET,PICTON AVENUE,,Minor Crash,No,2019,,South,,0,,Flat,,,,,,Dark,2167500,1,0.0,0.0,2.0,,,0.0,,,,,,Wellington Region,Nil,2-way,Sealed,,0.0,0,,50.0,,On,0.0,0.0,,47,Wellington City,Nil,,,,,0.0,0.0,Urban,0.0,,,Fine,Null,0
66389807,,577102,0.0,0.0,0.0,1.0,1.0,East,2018/2019,TANNADYCE ST,STRATHMORE AVENUE,,Non-Injury Crash,No,2018,0.0,North,0.0,0,0.0,Hill Road,0.0,,0.0,,0.0,Dark,2214100,0,0.0,0.0,2.0,0.0,0.0,1.0,0.0,1.0,,0.0,0.0,Wellington Region,Nil,2-way,Sealed,0.0,0.0,0,0.0,50.0,0.0,On,0.0,0.0,,47,Wellington City,Unknown,0.0,0.0,0.0,1.0,0.0,0.0,Urban,0.0,0.0,0.0,Fine,Null,0
66389827,,577000,0.0,0.0,0.0,1.0,0.0,East,2017/2018,TORU ST,QUEENS DRIVE,,Non-Injury Crash,No,2018,0.0,East,0.0,0,0.0,Flat,0.0,,0.0,,0.0,Unknown,2174000,0,0.0,0.0,2.0,0.0,0.0,0.0,0.0,1.0,,0.0,0.0,Wellington Region,Nil,2-way,Sealed,0.0,0.0,0,0.0,50.0,0.0,Null,1.0,0.0,,47,Wellington City,Unknown,0.0,0.0,0.0,0.0,0.0,0.0,Urban,0.0,0.0,0.0,Fine,Null,0
66389840,,575600,0.0,0.0,0.0,1.0,1.0,West,2018/2019,Z DRIVEWAY,OHIRO ROAD,,Minor Crash,No,2018,0.0,North,0.0,0,0.0,Hill Road,0.0,,0.0,,0.0,Overcast,2161601,1,0.0,0.0,,0.0,0.0,0.0,0.0,0.0,,0.0,0.0,Wellington Region,Nil,Off road,Sealed,0.0,0.0,0,0.0,50.0,0.0,Null,0.0,0.0,,47,Wellington City,Unknown,0.0,0.0,0.0,0.0,0.0,0.0,Urban,0.0,0.0,0.0,Fine,Null,0
66389847,,576400,0.0,,0.0,2.0,,East,2018/2019,CONSTABLE ST,RIDDIFORD STREET,,Non-Injury Crash,No,2019,,West,,0,,Flat,,,,,,Bright sun,2168400,0,0.0,0.0,2.0,,,0.0,,,,,,Wellington Region,Nil,2-way,Sealed,,0.0,0,,50.0,,Off,0.0,0.0,,47,Wellington City,Unknown,,,,,0.0,0.0,Urban,0.0,,,Fine,Null,0
66389863,,573522,0.0,0.0,0.0,1.0,0.0,South,2018/2019,01N-1060-I,TAWA-GRENADA NORTH ON RAMP,,Non-Injury Crash,Yes,2019,0.0,South,0.0,0,0.0,Flat,1.0,,0.0,,0.0,Bright sun,2086311,0,0.0,0.0,2.0,0.0,0.0,0.0,0.0,0.0,,0.0,0.0,Wellington Region,Nil,1-way,Sealed,0.0,0.0,0,0.0,100.0,0.0,Off,1.0,0.0,,47,Wellington City,Unknown,0.0,0.0,0.0,0.0,0.0,0.0,Open,0.0,0.0,0.0,Fine,Null,0
66389900,,573300,0.0,0.0,0.0,2.0,0.0,West,2017/2018,HARGREAVES ST,WRIGHT ST,,Non-Injury Crash,No,2018,0.0,North,0.0,0,0.0,Hill Road,0.0,,0.0,,0.0,Overcast,2146400,0,0.0,0.0,2.0,0.0,0.0,0.0,0.0,1.0,,0.0,0.0,Wellington Region,Nil,2-way,Sealed,0.0,0.0,0,0.0,50.0,0.0,Null,0.0,0.0,,47,Wellington City,Unknown,0.0,0.0,0.0,0.0,0.0,0.0,Urban,0.0,0.0,0.0,Heavy rain,Null,0
66389914,,573300,0.0,0.0,0.0,0.0,0.0,East,2018/2019,DOUGLAS ST,TASMAN STREET,,Non-Injury Crash,No,2018,0.0,West,0.0,0,0.0,Null,0.0,,0.0,,0.0,Unknown,2146000,0,0.0,0.0,0.0,0.0,0.0,0.0,0.0,1.0,,0.0,0.0,Wellington Region,Nil,Null,Null,0.0,0.0,0,0.0,,0.0,Null,0.0,0.0,,47,Wellington City,Unknown,0.0,0.0,0.0,0.0,0.0,0.0,Urban,1.0,0.0,0.0,Null,Null,0
66389920,,572600,0.0,,0.0,2.0,,Null,2018/2019,MAIN ROAD,LYNDHURST ROAD,,Non-Injury Crash,No,2018,,South,,0,,Flat,,,,,,Bright sun,1992100,0,0.0,0.0,2.0,,,0.0,,,,,,Wellington Region,Nil,2-way,Sealed,,0.0,0,,50.0,,Off,0.0,0.0,,47,Wellington City,Give way,,,,,0.0,0.0,Urban,0.0,,,Fine,Null,0
66389925,,574303,0.0,,0.0,1.0,,South,2017/2018,SH 1N,ABATTOIRS,,Non-Injury Crash,Yes,2017,,North,,0,,Hill Road,,,,,,Bright sun,2088705,0,0.0,0.0,3.0,,,0.0,,,,,,Wellington Region,Nil,1-way,Sealed,,0.0,0,,80.0,,Null,0.0,0.0,,47,Wellington City,Unknown,,,,,0.0,0.0,Open,1.0,,,Fine,Strong wind,0
66389952,,574303,0.0,,0.0,3.0,,North,2018/2019,01N-1068-I,ONSLOW RAIL OBR,,Non-Injury Crash,Yes,2019,,South,,0,,Flat,,,,,,Overcast,2090402,0,0.0,0.0,8.0,,,0.0,,,,,,Wellington Region,Nil,2-way,Sealed,,0.0,0,,100.0,,Off,0.0,0.0,60.0,47,Wellington City,Unknown,,,,,0.0,0.0,Open,0.0,,,Fine,Null,0
66389977,,573101,0.0,0.0,0.0,2.0,0.0,South,2017/2018,WILLIS ST,BOULCOTT ST,,Non-Injury Crash,No,2018,0.0,South,0.0,0,0.0,Flat,0.0,,0.0,,0.0,Overcast,2131300,0,0.0,0.0,3.0,0.0,0.0,0.0,0.0,1.0,,0.0,0.0,Wellington Region,Nil,2-way,Sealed,0.0,0.0,0,0.0,30.0,0.0,Null,0.0,0.0,,47,Wellington City,Unknown,0.0,0.0,0.0,0.0,0.0,0.0,Urban,0.0,0.0,0.0,Light rain,Null,0
66389988,,572900,0.0,,0.0,2.0,,South,2018/2019,THORNDON QUAY,TINAKORI ROAD,,Non-Injury Crash,No,2019,,South,,0,,Flat,,,,,,Bright sun,2117901,0,0.0,0.0,2.0,,,0.0,,,,,,Wellington Region,Nil,2-way,Sealed,,0.0,0,,50.0,,Off,0.0,0.0,,47,Wellington City,Unknown,,,,,0.0,0.0,Urban,0.0,,,Fine,Null,0
66390038,,577102,0.0,,0.0,1.0,,Null,2018/2019,MONORGAN ROAD,BROADWAY,,Non-Injury Crash,No,2018,,North,,0,,Flat,,,,,,Bright sun,2215400,0,1.0,0.0,2.0,,,0.0,,,,,,Wellington Region,Nil,2-way,Sealed,,0.0,0,,50.0,,Off,0.0,0.0,,47,Wellington City,Stop,,,,,0.0,0.0,Urban,0.0,,,Fine,Null,0
66390080,,574800,0.0,,0.0,2.0,,West,2017/2018,KARORI ROAD,READING ST,,Non-Injury Crash,No,2018,,West,,0,,Hill Road,,,,,,Bright sun,2107700,0,0.0,0.0,2.0,,,0.0,,,,,,Wellington Region,Nil,2-way,Sealed,,0.0,0,,50.0,,Null,0.0,0.0,,47,Wellington City,Unknown,,,,,0.0,0.0,Urban,0.0,,,Fine,Null,0
66390096,,573200,0.0,0.0,0.0,2.0,0.0,West,2017/2018,ESSEX ST,DEVON ST,,Non-Injury Crash,No,2018,0.0,East,0.0,0,0.0,Hill Road,0.0,,1.0,,0.0,Overcast,2157300,0,0.0,0.0,2.0,0.0,0.0,0.0,0.0,1.0,,0.0,0.0,Wellington Region,Nil,2-way,Sealed,0.0,0.0,0,0.0,50.0,0.0,Null,0.0,0.0,,47,Wellington City,Give way,0.0,0.0,0.0,0.0,0.0,0.0,Urban,0.0,0.0,0.0,Fine,Null,0
66390118,,574200,0.0,0.0,0.0,0.0,0.0,West,2018/2019,RAJKOT TERRACE,ORISSA CRESCENT,,Non-Injury Crash,No,2018,0.0,East,0.0,0,1.0,Hill Road,0.0,,0.0,,0.0,Overcast,2087700,0,0.0,0.0,2.0,0.0,1.0,0.0,0.0,0.0,,0.0,0.0,Wellington Region,Nil,2-way,Sealed,0.0,0.0,0,0.0,50.0,0.0,Off,1.0,0.0,,47,Wellington City,Unknown,0.0,0.0,0.0,0.0,0.0,0.0,Urban,0.0,0.0,0.0,Light rain,Null,0
66390122,,574402,1.0,,0.0,0.0,,West,2018/2019,NGAIO GORGE RD,KAIWHARAWHARA ROAD,,Serious Crash,No,2019,,East,,0,,Hill Road,,,,,,Bright sun,2098400,0,0.0,0.0,2.0,,,0.0,,,,,,Wellington Region,Nil,2-way,Sealed,,0.0,1,,50.0,,Off,0.0,0.0,,47,Wellington City,Unknown,,,,,0.0,0.0,Urban,1.0,,,Fine,Null,0
66390139,,573101,0.0,0.0,0.0,1.0,0.0,South,2018/2019,CUBA ST,WAKEFIELD STREET,,Non-Injury Crash,No,2018,0.0,North,0.0,0,0.0,Null,0.0,,0.0,,0.0,Bright sun,2131200,0,0.0,0.0,1.0,0.0,0.0,0.0,0.0,1.0,,0.0,0.0,Wellington Region,Nil,1-way,Sealed,0.0,0.0,0,0.0,10.0,0.0,Off,0.0,0.0,,47,Wellington City,Unknown,0.0,0.0,0.0,0.0,0.0,0.0,Urban,0.0,0.0,0.0,Null,Null,0
66390183,45.0,573101,0.0,,0.0,2.0,,Null,2017/2018,GHUZNEE ST,VICTORIA ST,,Non-Injury Crash,No,2018,,East,,0,,Flat,,,,,,Dark,2131700,0,0.0,0.0,2.0,,,0.0,,,,,,Wellington Region,Nil,2-way,Sealed,,0.0,0,,50.0,,On,0.0,0.0,,47,Wellington City,Traffic Signals,,,,,0.0,0.0,Urban,0.0,,,Fine,Null,0
66390208,,577000,0.0,,0.0,1.0,,Null,2018/2019,TIRANGI ROAD,KINGSFORD SMITH ST,,Minor Crash,No,2018,,East,,0,,Flat,,,,,,Overcast,2175502,1,0.0,0.0,2.0,,,0.0,,,1.0,,,Wellington Region,Nil,2-way,Sealed,,0.0,0,,50.0,,Null,0.0,0.0,,47,Wellington City,Stop,,,,,0.0,0.0,Urban,0.0,,,Light rain,Strong wind,0
66390252,,577700,0.0,0.0,0.0,1.0,1.0,North,2017/2018,TAKARAU GORGE ROAD,MAKARA ROAD,,Non-Injury Crash,No,2018,0.0,West,1.0,0,0.0,Flat,0.0,,0.0,,0.0,Overcast,2116900,0,0.0,0.0,1.0,0.0,1.0,0.0,0.0,0.0,,0.0,0.0,Wellington Region,Nil,2-way,Sealed,0.0,0.0,0,0.0,60.0,0.0,Null,0.0,0.0,,47,Wellington City,Unknown,0.0,0.0,0.0,0.0,0.0,0.0,Urban,0.0,0.0,0.0,Light rain,Null,0
66390282,,577302,0.0,,0.0,2.0,,Null,2017/2018,TAUHINU ROAD,REX ST,,Non-Injury Crash,No,2018,,South,,0,,Flat,,Easter,,,,Bright sun,2205701,0,0.0,0.0,2.0,,,0.0,,,,,,Wellington Region,Nil,2-way,Sealed,,0.0,0,,50.0,,Null,0.0,0.0,,47,Wellington City,Nil,,,,,0.0,0.0,Urban,0.0,,,Fine,Null,0
66390382,,574001,0.0,0.0,0.0,3.0,0.0,East,2018/2019,GLANMIRE ROAD,BLACK ROCK ROAD,,Non-Injury Crash,No,2018,0.0,South,0.0,0,0.0,Flat,0.0,,0.0,,0.0,Bright sun,2076100,0,0.0,0.0,2.0,0.0,0.0,0.0,0.0,1.0,,0.0,0.0,Wellington Region,Nil,2-way,Sealed,0.0,0.0,0,0.0,50.0,0.0,Null,1.0,0.0,,47,Wellington City,Unknown,0.0,0.0,0.0,0.0,0.0,0.0,Urban,0.0,0.0,0.0,Fine,Null,0