OBJECTID,advisorySpeed,areaUnitID,bicycle,bridge,bus,carStationWagon,cliffBank,crashDirectionDescription,crashFinancialYear,crashLocation1,crashLocation2,crashRoadSideRoad,crashSeverity,crashSHDescription,crashYear,debris,directionRoleDescription,ditch,fatalCount,fence,flatHill,guardRail,holiday,houseOrBuilding,intersection,kerb,light,meshblockId,minorInjuryCount,moped,motorcycle,NumberOfLanes,objectThrownOrDropped,otherObject,otherVehicleType,overBank,parkedVehicle,pedestrian,phoneBoxEtc,postOrPole,region,roadCharacter,roadLane,roadSurface,roadworks,schoolBus,seriousInjuryCount,slipOrFlood,speedLimit,strayAnimal,streetLight,suv,taxi,temporarySpeedLimit,tlaId,tlaName,trafficControl,trafficIsland,trafficSign,train,tree,truck,unknownVehicleType,urban,vanOrUtility,vehicle,waterRiver,weatherA,weatherB,if_pandemic
66391867,,573000,0.0,0.0,0.0,2.0,0.0,South,2018/2019,VICTORIA ST,MANING LANE,,Non-Injury Crash,No,2019,0.0,South,0.0,0,0.0,Flat,0.0,,0.0,,0.0,Overcast,2127400,0,0.0,0.0,3.0,0.0,0.0,0.0,0.0,1.0,,0.0,0.0,Wellington Region,Nil,1-way,Sealed,0.0,0.0,0,0.0,50.0,0.0,Off,0.0,0.0,,47,Wellington City,Unknown,0.0,0.0,0.0,0.0,0.0,0.0,Urban,0.0,0.0,0.0,Fine,Null,0
66391885,,573000,0.0,0.0,0.0,1.0,0.0,North,2017/2018,WATERLOO QUAY,CUSTOMHOUSE QUAY,,Non-Injury Crash,No,2018,0.0,North,0.0,0,0.0,Flat,0.0,,0.0,,0.0,Bright sun,2124300,0,0.0,0.0,2.0,0.0,0.0,0.0,0.0,1.0,,0.0,0.0,Wellington Region,Nil,1-way,Sealed,0.0,0.0,0,0.0,30.0,0.0,Null,1.0,0.0,,47,Wellington City,Unknown,0.0,0.0,0.0,0.0,0.0,0.0,Urban,0.0,0.0,0.0,Fine,Null,0
66391918,,574303,0.0,0.0,0.0,1.0,1.0,North,2018/2019,01N-1060-D,TYERS ROAD,,Non-Injury Crash,Yes,2019,0.0,West,0.0,0,0.0,Hill Road,0.0,,0.0,,0.0,Bright sun,2088705,0,0.0,0.0,3.0,0.0,0.0,0.0,0.0,0.0,,0.0,0.0,Wellington Region,Nil,1-way,Sealed,0.0,0.0,0,0.0,80.0,0.0,Off,0.0,0.0,,47,Wellington City,Unknown,0.0,0.0,0.0,0.0,0.0,0.0,Open,0.0,0.0,0.0,Fine,Null,0
66391922,,573300,0.0,0.0,0.0,2.0,0.0,Null,2018/2019,HUTCHISON RD,WRIGHT ST,,Non-Injury Crash,No,2019,0.0,North,0.0,0,0.0,Hill Road,0.0,,0.0,,0.0,Bright sun,2147400,0,0.0,0.0,2.0,0.0,0.0,0.0,0.0,1.0,,0.0,0.0,Wellington Region,Nil,2-way,Sealed,0.0,0.0,0,0.0,50.0,0.0,Off,1.0,0.0,,47,Wellington City,Unknown,0.0,0.0,0.0,0.0,0.0,0.0,Urban,1.0,0.0,0.0,Fine,Null,0
66391938,,573000,0.0,,0.0,2.0,,Null,2018/2019,SALAMANCA ROAD,THE TERRACE,,Non-Injury Crash,No,2019,,East,,0,,Null,,,,,,Unknown,2126900,0,0.0,0.0,2.0,,,0.0,,,,,,Wellington Region,Nil,2-way,Sealed,,0.0,0,,50.0,,Null,0.0,0.0,,47,Wellington City,Traffic Signals,,,,,0.0,0.0,Urban,0.0,,,Null,Null,0
66391992,,575300,0.0,0.0,0.0,2.0,0.0,North,2017/2018,KELBURN PARADE,GLASGOW ST,,Non-Injury Crash,No,2018,0.0,North,0.0,0,0.0,Hill Road,0.0,,0.0,,0.0,Bright sun,2154400,0,1.0,0.0,2.0,0.0,0.0,0.0,0.0,1.0,,0.0,0.0,Wellington Region,Nil,2-way,Sealed,0.0,0.0,0,0.0,50.0,0.0,Null,0.0,0.0,,47,Wellington City,Unknown,0.0,0.0,0.0,0.0,0.0,0.0,Urban,0.0,0.0,0.0,Fine,Null,0
66391996,,575600,0.0,0.0,0.0,1.0,0.0,North,2018/2019,OHIRO ROAD,CLEVELAND ST,,Minor Crash,No,2018,0.0,South,0.0,0,0.0,Flat,0.0,,0.0,,0.0,Overcast,2161700,1,0.0,0.0,1.0,0.0,0.0,0.0,0.0,1.0,1.0,0.0,0.0,Wellington Region,Nil,1-way,Sealed,0.0,0.0,0,0.0,50.0,0.0,Null,0.0,0.0,,47,Wellington City,Unknown,0.0,0.0,0.0,0.0,1.0,0.0,Urban,0.0,0.0,0.0,Light rain,Null,0
66392006,,573400,0.0,0.0,0.0,2.0,0.0,South,2017/2018,ORIENTAL PARADE,HERD ST,,Non-Injury Crash,No,2018,0.0,South,0.0,0,0.0,Flat,0.0,,0.0,,0.0,Bright sun,2138800,0,0.0,0.0,2.0,0.0,0.0,0.0,0.0,1.0,,0.0,0.0,Wellington Region,Nil,2-way,Sealed,0.0,0.0,0,0.0,40.0,0.0,Null,0.0,0.0,,47,Wellington City,Nil,0.0,0.0,0.0,0.0,0.0,0.0,Urban,0.0,0.0,0.0,Fine,Null,0
66392035,,573101,1.0,,0.0,1.0,,Null,2018/2019,TORY STREET,HAINING STREET,,Non-Injury Crash,No,2018,,North,,0,,Flat,,,,,,Overcast,2136800,0,0.0,0.0,2.0,,,0.0,,,,,,Wellington Region,Nil,2-way,Sealed,,0.0,0,,50.0,,Off,0.0,0.0,,47,Wellington City,Nil,,,,,0.0,0.0,Urban,0.0,,,Fine,Null,0
66392085,,577302,0.0,,0.0,2.0,,Null,2018/2019,REX ST,PARK ROAD,,Non-Injury Crash,No,2018,,East,,0,,Flat,,,,,,Dark,2205701,0,0.0,0.0,2.0,,,0.0,,,,,,Wellington Region,Nil,2-way,Sealed,,0.0,0,,50.0,,On,0.0,0.0,,47,Wellington City,Give way,,,,,0.0,0.0,Urban,0.0,,,Light rain,Null,0
66392087,,576200,0.0,,0.0,1.0,,South,2018/2019,ADELAIDE RD,DUPPA ST,,Non-Injury Crash,No,2019,,South,,0,,Flat,,,,,,Bright sun,2172300,0,0.0,0.0,2.0,,,0.0,,,,,,Wellington Region,Nil,2-way,Sealed,,0.0,0,,50.0,,Off,0.0,0.0,,47,Wellington City,Unknown,,,,,0.0,0.0,Urban,1.0,,,Fine,Null,0
66392093,,573101,0.0,0.0,0.0,2.0,0.0,Null,2018/2019,GHUZNEE ST,CUBA ST,,Non-Injury Crash,No,2018,0.0,North,0.0,0,0.0,Flat,0.0,,0.0,,0.0,Dark,2133500,0,0.0,0.0,2.0,0.0,0.0,0.0,0.0,1.0,,0.0,0.0,Wellington Region,Nil,2-way,Sealed,0.0,0.0,0,0.0,50.0,0.0,On,0.0,1.0,,47,Wellington City,Traffic Signals,0.0,0.0,0.0,0.0,0.0,0.0,Urban,0.0,0.0,0.0,Light rain,Null,0
66392103,,575300,0.0,,0.0,1.0,,Null,2017/2018,RAROA ROAD,NORNA CRESCENT,,Non-Injury Crash,No,2018,,North,,0,,Hill Road,,,,,,Bright sun,2151900,0,0.0,0.0,2.0,,,0.0,,,,,,Wellington Region,Nil,2-way,Sealed,,0.0,0,,50.0,,Null,0.0,0.0,,47,Wellington City,Nil,,,,,1.0,0.0,Urban,0.0,,,Fine,Null,0
66392120,,572701,0.0,,0.0,2.0,,Null,2017/2018,MAIN ROAD,LINDEN AVENUE,,Non-Injury Crash,No,2018,,North,,0,,Flat,,,,,,Bright sun,1994002,0,0.0,0.0,2.0,,,0.0,,,,,,Wellington Region,Nil,2-way,Sealed,,0.0,0,,50.0,,Null,0.0,0.0,,47,Wellington City,Give way,,,,,0.0,0.0,Urban,0.0,,,Fine,Null,0
66392121,,573700,1.0,,0.0,0.0,,Null,2017/2018,JOHNSONVILLE ROAD,DISRAELI ST,,Minor Crash,No,2018,,South,,0,,Flat,,,,,,Bright sun,2082900,1,0.0,0.0,3.0,,,0.0,,,,,,Wellington Region,Nil,2-way,Sealed,,0.0,0,,50.0,,Null,1.0,0.0,,47,Wellington City,Give way,,,,,0.0,0.0,Urban,0.0,,,Fine,Null,0
66392147,,572900,0.0,0.0,0.0,2.0,0.0,North,2019/2020,01N-1068-I,AOTEA QUAY OFF RAMP,,Minor Crash,Yes,2019,0.0,South,0.0,0,0.0,Flat,1.0,,0.0,,0.0,Dark,2118400,1,0.0,0.0,3.0,0.0,0.0,0.0,0.0,0.0,,0.0,0.0,Wellington Region,Motorway ramp,2-way,Sealed,0.0,0.0,0,0.0,100.0,0.0,On,0.0,0.0,,47,Wellington City,Unknown,0.0,0.0,0.0,0.0,0.0,0.0,Open,0.0,0.0,0.0,Light rain,Null,0
66392182,,572900,0.0,0.0,0.0,0.0,0.0,North,2017/2018,WATERLOO QUAY,BUNNY ST,,Non-Injury Crash,No,2018,0.0,North,0.0,0,0.0,Flat,0.0,,0.0,,0.0,Twilight,2122700,0,0.0,0.0,3.0,0.0,0.0,0.0,0.0,0.0,,0.0,1.0,Wellington Region,Nil,1-way,Sealed,0.0,0.0,0,0.0,50.0,0.0,On,0.0,0.0,,47,Wellington City,Traffic Signals,0.0,0.0,0.0,0.0,0.0,0.0,Urban,1.0,0.0,0.0,Light rain,Null,0
66392198,,574002,0.0,,0.0,2.0,,North,2018/2019,SH 2,NGAURANGA ON NBD OBR,,Minor Crash,Yes,2018,,South,,0,,Flat,,,,,,Overcast,2078302,1,0.0,0.0,2.0,,,0.0,,,,,,Wellington Region,Nil,1-way,Sealed,,0.0,0,,100.0,,Null,1.0,0.0,,47,Wellington City,Unknown,,,,,0.0,0.0,Open,1.0,,,Heavy rain,Strong wind,0
66392233,,576400,0.0,,0.0,1.0,,Null,2017/2018,RIDDIFORD ST,MEIN ST,,Non-Injury Crash,No,2018,,South,,0,,Flat,,,,,,Overcast,2166900,0,0.0,0.0,4.0,,,0.0,,,,,,Wellington Region,Nil,2-way,Sealed,,0.0,0,,50.0,,Null,0.0,0.0,,47,Wellington City,Traffic Signals,,,,,1.0,0.0,Urban,0.0,,,Fine,Null,0
66392254,,573101,0.0,,0.0,2.0,,Null,2018/2019,TARANAKI STREET,WAKEFIELD STREET,,Non-Injury Crash,No,2019,,South,,0,,Flat,,,,,,Overcast,2133100,0,0.0,0.0,3.0,,,0.0,,,,,,Wellington Region,Nil,2-way,Sealed,,0.0,0,,50.0,,Off,0.0,0.0,,47,Wellington City,Traffic Signals,,,,,0.0,0.0,Urban,0.0,,,Fine,Null,0
66392298,,574100,0.0,,0.0,1.0,,Null,2018/2019,JOHNSONVILLE OFF RAMP,JOHNSONVILLE ON RAMP,,Non-Injury Crash,No,2018,,North,,0,,Flat,,,,,,Overcast,2084600,0,0.0,0.0,3.0,,,0.0,,,,,,Wellington Region,Nil,2-way,Sealed,,0.0,0,,50.0,,Null,1.0,0.0,,47,Wellington City,Traffic Signals,,,,,0.0,0.0,Urban,0.0,,,Fine,Null,0
66392308,,572900,0.0,0.0,0.0,2.0,0.0,North,2017/2018,SH 1N,AOTEA QUAY,,Non-Injury Crash,Yes,2018,0.0,East,0.0,0,0.0,Flat,0.0,,0.0,,0.0,Overcast,2118400,0,0.0,0.0,7.0,0.0,0.0,0.0,0.0,0.0,,0.0,0.0,Wellington Region,Nil,2-way,Sealed,0.0,0.0,0,0.0,100.0,0.0,Null,0.0,0.0,,47,Wellington City,Unknown,0.0,0.0,0.0,0.0,0.0,0.0,Open,1.0,1.0,0.0,Light rain,Null,0
66392342,,573000,0.0,,0.0,1.0,,Null,2018/2019,CUSTOMHOUSE QUAY,JOHNSTON STREET,,Non-Injury Crash,No,2019,,North,,0,,Flat,,,,,,Bright sun,2125500,0,0.0,1.0,3.0,,,0.0,,,,,,Wellington Region,Nil,1-way,Sealed,,0.0,0,,50.0,,Off,0.0,0.0,,47,Wellington City,Traffic Signals,,,,,0.0,0.0,Urban,0.0,,,Fine,Null,0
66392352,,573101,0.0,0.0,0.0,2.0,0.0,North,2018/2019,TORY STREET,COURTENAY PLACE,,Non-Injury Crash,No,2018,0.0,North,0.0,0,0.0,Flat,0.0,,0.0,,0.0,Twilight,2135700,0,0.0,0.0,2.0,0.0,0.0,0.0,0.0,1.0,,0.0,0.0,Wellington Region,Nil,2-way,Sealed,0.0,0.0,0,0.0,30.0,0.0,Null,0.0,0.0,,47,Wellington City,Nil,0.0,0.0,0.0,0.0,0.0,0.0,Urban,0.0,0.0,0.0,Fine,Null,0
66392376,,573300,1.0,,0.0,0.0,,South,2018/2019,THOMPSON STREET,Webb St,,Minor Crash,No,2019,,North,,0,,Hill Road,,,,,,Overcast,2144101,2,0.0,0.0,2.0,,,0.0,,,1.0,,,Wellington Region,Nil,2-way,Sealed,,0.0,0,,50.0,,Off,0.0,0.0,,47,Wellington City,Unknown,,,,,0.0,0.0,Urban,0.0,,,Fine,Null,0
66392398,,576901,0.0,0.0,0.0,1.0,1.0,North,2018/2019,CHILDERS TERRACE,RONGOTAI ROAD,,Non-Injury Crash,No,2018,0.0,South,0.0,0,0.0,Hill Road,0.0,Labour Weekend,0.0,,1.0,Dark,2178000,0,0.0,0.0,2.0,0.0,0.0,0.0,0.0,0.0,,0.0,0.0,Wellington Region,Nil,2-way,Sealed,0.0,0.0,0,0.0,50.0,0.0,On,0.0,0.0,,47,Wellington City,Nil,0.0,0.0,0.0,0.0,0.0,0.0,Urban,0.0,0.0,0.0,Fine,Null,0
66392400,,573101,0.0,,0.0,2.0,,Null,2017/2018,WILLIS ST,ABEL SMITH ST,,Non-Injury Crash,No,2018,,North,,0,,Flat,,,,,,Bright sun,2131900,0,0.0,0.0,3.0,,,0.0,,,,,,Wellington Region,Nil,1-way,Sealed,,0.0,0,,50.0,,Null,0.0,0.0,,47,Wellington City,Traffic Signals,,,,,0.0,0.0,Urban,0.0,,,Fine,Null,0
66392427,,573000,0.0,,0.0,2.0,,North,2018/2019,LINE ROAD,MAYBURY STREET ,,Non-Injury Crash,No,2018,,North,,0,,Flat,,,,,,Twilight,2127400,0,0.0,0.0,2.0,,,0.0,,,,,,Wellington Region,Nil,2-way,Sealed,,0.0,0,,,,Null,0.0,0.0,,47,Wellington City,Unknown,,,,,0.0,0.0,Urban,0.0,,,Fine,Null,0
66392456,,573101,0.0,,0.0,1.0,,South,2018/2019,WILLIS STREET,ELLERS AVENUE,,Non-Injury Crash,No,2018,,Null,,0,,Null,,,,,,Bright sun,2131300,0,0.0,0.0,0.0,,,0.0,,,,,,Wellington Region,Nil,Null,Sealed,,0.0,0,,50.0,,Off,0.0,0.0,,47,Wellington City,Unknown,,,,,0.0,1.0,Urban,0.0,,,Null,Null,0
66392474,,573200,0.0,0.0,0.0,2.0,0.0,West,2017/2018,ARO STREET,EPUNI STREET,,Non-Injury Crash,No,2018,0.0,West,0.0,0,0.0,Flat,0.0,,0.0,,0.0,Dark,2158200,0,0.0,0.0,2.0,0.0,0.0,0.0,0.0,1.0,,0.0,0.0,Wellington Region,Nil,2-way,Sealed,0.0,0.0,0,0.0,50.0,0.0,On,0.0,0.0,,47,Wellington City,Unknown,0.0,0.0,0.0,0.0,0.0,0.0,Urban,0.0,0.0,0.0,Null,Null,0
66392503,,576500,0.0,,0.0,1.0,,South,2018/2019,ADELAIDE RD,ALFRED STREET,,Serious Crash,No,2019,,North,,0,,Flat,,Queens Birthday,,,,Bright sun,2147900,0,0.0,1.0,3.0,,,0.0,,,,,,Wellington Region,Nil,2-way,Sealed,,0.0,1,,50.0,,Off,0.0,0.0,,47,Wellington City,Nil,,,,,0.0,0.0,Urban,0.0,,,Fine,Null,0
66392519,,573300,0.0,0.0,1.0,0.0,0.0,Null,2017/2018,WALLACE ST SLIP,HUTCHISON ROAD,,Non-Injury Crash,No,2017,0.0,East,0.0,0,0.0,Hill Road,0.0,,1.0,,0.0,Overcast,2147400,0,0.0,0.0,2.0,0.0,0.0,0.0,0.0,0.0,,0.0,0.0,Wellington Region,Nil,2-way,Sealed,0.0,0.0,0,0.0,50.0,0.0,Null,0.0,0.0,,47,Wellington City,Give way,0.0,0.0,0.0,0.0,0.0,0.0,Urban,0.0,0.0,0.0,Fine,Null,0
66392535,,574302,0.0,,0.0,3.0,,North,2018/2019,01N-1068-D,01N-1070-R2,,Minor Crash,Yes,2019,,East,,0,,Flat,,,,,,Bright sun,2090604,1,0.0,0.0,4.0,,,0.0,,,,,,Wellington Region,Nil,1-way,Sealed,,0.0,0,,100.0,,Off,0.0,0.0,60.0,47,Wellington City,Unknown,,,,,0.0,0.0,Open,0.0,,,Fine,Null,0
66392551,,573101,0.0,,1.0,1.0,,North,2017/2018,JERVOIS QUAY,TARANAKI ST,,Non-Injury Crash,No,2018,,North,,0,,Flat,,,,,,Dark,2133100,0,0.0,0.0,3.0,,,0.0,,,,,,Wellington Region,Nil,1-way,Sealed,,0.0,0,,50.0,,On,0.0,0.0,,47,Wellington City,Traffic Signals,,,,,0.0,0.0,Urban,0.0,,,Fine,Null,0
66392552,,572900,0.0,,0.0,2.0,,Null,2018/2019,TINAKORI ROAD,TINAKORI ROAD ON RAMP,,Non-Injury Crash,No,2019,,South,,0,,Flat,,,,,,Overcast,2120100,0,0.0,0.0,3.0,,,0.0,,,,,,Wellington Region,Motorway ramp,2-way,Sealed,,0.0,0,,50.0,,Off,0.0,0.0,,47,Wellington City,Traffic Signals,,,,,0.0,0.0,Urban,0.0,,,Fine,Null,0
66392553,,574900,0.0,0.0,0.0,3.0,0.0,East,2018/2019,VICTORY AVE,TOBRUK ST,,Non-Injury Crash,No,2018,0.0,North,0.0,0,0.0,Flat,0.0,,0.0,,0.0,Dark,2109501,0,0.0,0.0,2.0,0.0,0.0,0.0,0.0,1.0,,0.0,0.0,Wellington Region,Nil,2-way,Sealed,0.0,0.0,0,0.0,50.0,0.0,On,0.0,0.0,,47,Wellington City,Unknown,0.0,0.0,0.0,0.0,0.0,0.0,Urban,0.0,0.0,0.0,Fine,Null,0
66392658,,573524,0.0,0.0,0.0,1.0,0.0,East,2019/2020,LADBROOKE DRIVE,WOODRIDGE DR,,Serious Crash,No,2019,0.0,East,0.0,0,0.0,Hill Road,1.0,,0.0,,0.0,Dark,2086406,1,0.0,0.0,2.0,0.0,0.0,0.0,1.0,0.0,,0.0,0.0,Wellington Region,Nil,2-way,Sealed,0.0,0.0,2,0.0,50.0,0.0,None,0.0,0.0,,47,Wellington City,Unknown,0.0,0.0,0.0,0.0,0.0,0.0,Urban,0.0,0.0,0.0,Fine,Null,0
66392662,,573101,0.0,,1.0,0.0,,West,2018/2019,MANNERS ST,LUKES LANE,,Minor Crash,No,2018,,East,,0,,Flat,,,,,,Bright sun,2133300,1,0.0,0.0,2.0,,,0.0,,,1.0,,,Wellington Region,Nil,2-way,Sealed,,0.0,0,,30.0,,Null,0.0,0.0,,47,Wellington City,Unknown,,,,,0.0,0.0,Urban,0.0,,,Fine,Null,0
66392665,,575300,0.0,0.0,0.0,1.0,0.0,North,2017/2018,UPLAND ROAD,BOUNDARY ROAD,,Non-Injury Crash,No,2018,0.0,North,0.0,0,0.0,Hill Road,0.0,,0.0,,0.0,Bright sun,2152800,0,0.0,0.0,2.0,0.0,0.0,0.0,0.0,1.0,,0.0,0.0,Wellington Region,Nil,2-way,Sealed,0.0,0.0,0,0.0,50.0,0.0,Null,0.0,0.0,,47,Wellington City,Unknown,0.0,0.0,0.0,0.0,1.0,0.0,Urban,0.0,0.0,0.0,Fine,Null,0
66392667,,574900,0.0,0.0,0.0,2.0,0.0,East,2017/2018,KARORI ROAD,MONAGHAN AVENUE,,Non-Injury Crash,No,2018,0.0,West,0.0,0,0.0,Hill Road,0.0,,0.0,,0.0,Overcast,2109100,0,0.0,0.0,2.0,0.0,0.0,0.0,0.0,1.0,,0.0,0.0,Wellington Region,Nil,2-way,Sealed,0.0,0.0,0,0.0,50.0,0.0,Null,0.0,0.0,,47,Wellington City,Unknown,0.0,0.0,0.0,0.0,0.0,0.0,Urban,0.0,0.0,0.0,Fine,Null,0
66392693,,572600,0.0,0.0,0.0,2.0,0.0,South,2017/2018,SH 1N,PED SUBWAY,,Non-Injury Crash,Yes,2018,0.0,North,0.0,0,0.0,Hill Road,2.0,,0.0,,0.0,Overcast,1992600,0,0.0,0.0,2.0,0.0,0.0,0.0,0.0,0.0,,0.0,0.0,Wellington Region,Nil,1-way,Sealed,0.0,0.0,0,0.0,100.0,0.0,Null,0.0,0.0,,47,Wellington City,Unknown,0.0,0.0,0.0,0.0,0.0,0.0,Open,0.0,0.0,0.0,Fine,Strong wind,0
66392697,,573000,0.0,,0.0,2.0,,North,2017/2018,SH 1N,SOUTH PORTAL,,Non-Injury Crash,Yes,2018,,South,,0,,Flat,,,,,,Bright sun,2126900,0,0.0,0.0,3.0,,,0.0,,,,,,Wellington Region,Nil,2-way,Sealed,,0.0,0,,100.0,,Null,0.0,0.0,,47,Wellington City,Unknown,,,,,0.0,0.0,Open,0.0,,,Fine,Null,0
66392742,,573101,0.0,,0.0,1.0,,North,2018/2019,TARANAKI ST,JESSIE STREET,,Minor Crash,No,2019,,South,,0,,Flat,,,,,,Bright sun,2136300,1,1.0,0.0,4.0,,,0.0,,,,,,Wellington Region,Nil,2-way,Sealed,,0.0,0,,50.0,,Off,0.0,0.0,,47,Wellington City,Unknown,,,,,0.0,0.0,Urban,0.0,,,Fine,Null,0
66392747,,573300,0.0,,1.0,1.0,,North,2017/2018,TARANAKI ST,HILL LANE,,Non-Injury Crash,No,2017,,North,,0,,Flat,,,,,,Overcast,2145300,0,0.0,0.0,2.0,,,0.0,,,,,,Wellington Region,Nil,2-way,Sealed,,0.0,0,,50.0,,Null,0.0,0.0,,47,Wellington City,Unknown,,,,,0.0,0.0,Urban,0.0,,,Fine,Null,0
66392788,,572900,0.0,,0.0,1.0,,North,2018/2019,01N-1068-I,AOTEA QUAY OFF RAMP,,Non-Injury Crash,Yes,2019,,Null,,0,,Flat,,,,,,Twilight,2118400,0,0.0,0.0,3.0,,,0.0,,,,,,Wellington Region,Nil,Null,Sealed,,0.0,0,,100.0,,On,0.0,0.0,,47,Wellington City,Unknown,,,,,0.0,0.0,Open,2.0,,,Light rain,Null,0
66392821,,573101,0.0,,0.0,2.0,,Null,2017/2018,ORIENTAL PARADE,CABLE ST,,Non-Injury Crash,No,2018,,South,,0,,Flat,,,,,,Dark,2135500,0,0.0,0.0,2.0,,,0.0,,,,,,Wellington Region,Nil,1-way,Sealed,,0.0,0,,50.0,,On,0.0,0.0,,47,Wellington City,Traffic Signals,,,,,0.0,0.0,Urban,0.0,,,Fine,Null,0
66392832,,573523,0.0,0.0,0.0,1.0,1.0,Null,2015/2016,MARK AVENUE,GRENADA DRIVE,,Minor Crash,No,2016,0.0,North,0.0,0,0.0,Hill Road,0.0,,0.0,,1.0,Bright sun,2086307,1,0.0,0.0,2.0,0.0,0.0,0.0,0.0,0.0,,0.0,0.0,Wellington Region,Nil,2-way,Sealed,0.0,0.0,0,0.0,50.0,0.0,Off,0.0,0.0,,47,Wellington City,Give way,0.0,0.0,0.0,0.0,0.0,0.0,Urban,0.0,0.0,0.0,Fine,Null,0
66392845,,576100,0.0,,0.0,2.0,,North,2018/2019,HOUGHTON BAY ROAD,HORNSEY ROAD,,Non-Injury Crash,No,2018,,East,,0,,Flat,,,,,,Bright sun,2194400,0,0.0,0.0,2.0,,,0.0,,,,,,Wellington Region,Nil,2-way,Sealed,,0.0,0,,50.0,,Null,0.0,0.0,,47,Wellington City,Unknown,,,,,0.0,0.0,Urban,0.0,,,Fine,Null,0
66392853,,573000,0.0,,0.0,1.0,,Null,2017/2018,CUSTOMHOUSE QUAY,HUNTER ST,,Non-Injury Crash,No,2018,,North,,0,,Flat,,,,,,Bright sun,2125800,0,0.0,0.0,3.0,,,0.0,,,,,,Wellington Region,Nil,2-way,Sealed,,0.0,0,,50.0,,Null,1.0,0.0,,47,Wellington City,Traffic Signals,,,,,0.0,0.0,Urban,0.0,,,Fine,Null,0
66392959,,573300,0.0,,0.0,0.0,,Null,2018/2019,ADELAIDE ROAD,OXFORD STREET,,Non-Injury Crash,No,2019,,South,,0,,Flat,,,,,,Dark,2146100,0,0.0,0.0,2.0,,,0.0,,,,,,Wellington Region,Nil,2-way,Sealed,,0.0,0,,50.0,,On,0.0,0.0,,47,Wellington City,Give way,,,,,0.0,0.0,Urban,2.0,,,Fine,Null,0
66392969,,573522,0.0,,0.0,0.0,,South,2018/2019,TAKAPU RD,BING LUCAS DRIVE,,Non-Injury Crash,No,2019,,North,,0,,Flat,,,,,,Bright sun,2086103,0,0.0,0.0,2.0,,,0.0,,,,,,Wellington Region,Nil,2-way,Sealed,,0.0,0,,70.0,,Off,0.0,0.0,,47,Wellington City,Nil,,,,,2.0,0.0,Urban,0.0,,,Fine,Null,0
66392983,,576301,0.0,0.0,0.0,3.0,0.0,South,2018/2019,HANSON ST,JOHN STREET,,Non-Injury Crash,No,2019,0.0,South,0.0,0,0.0,Flat,0.0,,0.0,,0.0,Bright sun,2163400,0,0.0,0.0,2.0,0.0,0.0,0.0,0.0,2.0,,0.0,0.0,Wellington Region,Nil,2-way,Sealed,0.0,0.0,0,0.0,50.0,0.0,Off,0.0,0.0,,47,Wellington City,Nil,0.0,0.0,0.0,0.0,0.0,0.0,Urban,0.0,0.0,0.0,Fine,Null,0
66393066,,574001,0.0,,0.0,1.0,,West,2018/2019,NEWLANDS ROAD,BRACKEN ROAD,,Serious Crash,No,2019,,West,,0,,Flat,,,,,,Bright sun,2076300,0,0.0,0.0,2.0,,,0.0,,,1.0,,,Wellington Region,Nil,2-way,Sealed,,0.0,1,,50.0,,Off,0.0,0.0,,47,Wellington City,Unknown,,,,,0.0,0.0,Urban,0.0,,,Fine,Null,0
66393082,,574402,0.0,,0.0,2.0,,Null,2017/2018,PERTH ST,NGAIO GORGE ROAD,,Non-Injury Crash,No,2018,,North,,0,,Hill Road,,,,,,Dark,2097601,0,0.0,0.0,2.0,,,0.0,,,,,,Wellington Region,Nil,2-way,Sealed,,0.0,0,,50.0,,On,0.0,0.0,,47,Wellington City,Nil,,,,,0.0,0.0,Urban,0.0,,,Light rain,Null,0
66393086,,573514,1.0,,0.0,1.0,,South,2018/2019,WESTCHESTER DR,ABILENE CRESCENT,,Serious Crash,No,2019,,North,,0,,Hill Road,,,,,,Overcast,2086730,0,0.0,0.0,2.0,,,0.0,,,,,,Wellington Region,Nil,2-way,Sealed,,0.0,1,,50.0,,Off,0.0,0.0,,47,Wellington City,Unknown,,,,,0.0,0.0,Urban,0.0,,,Fine,Null,0
66393117,,576002,0.0,,0.0,2.0,,North,2018/2019,THE PARADE,Mersey Street,,Non-Injury Crash,No,2018,,South,,0,,Flat,,,,,,Dark,2190600,0,0.0,0.0,2.0,,,0.0,,,,,,Wellington Region,Nil,2-way,Sealed,,0.0,0,,50.0,,On,0.0,0.0,,47,Wellington City,Unknown,,,,,0.0,0.0,Urban,0.0,,,Fine,Null,0
66393120,,573526,0.0,,0.0,3.0,,West,2017/2018,SH 2,HOROKIWI ROAD,,Non-Injury Crash,Yes,2018,,West,,0,,Flat,,,,,,Dark,2086403,0,0.0,0.0,2.0,,,0.0,,,,,,Wellington Region,Nil,1-way,Sealed,,0.0,0,,100.0,,On,0.0,0.0,,47,Wellington City,Unknown,,,,,0.0,0.0,Open,0.0,,,Heavy rain,Strong wind,0
66393173,,577200,0.0,,0.0,2.0,,East,2018/2019,BROADWAY,WAYSIDE WEST,,Non-Injury Crash,No,2019,,West,,0,,Flat,,,,,,Dark,2209200,0,0.0,0.0,2.0,,,0.0,,,,,,Wellington Region,Nil,2-way,Sealed,,0.0,0,,50.0,,On,0.0,1.0,,47,Wellington City,Nil,,,,,0.0,0.0,Urban,0.0,,,Fine,Null,0