OBJECTID,advisorySpeed,areaUnitID,bicycle,bridge,bus,carStationWagon,cliffBank,crashDirectionDescription,crashFinancialYear,crashLocation1,crashLocation2,crashRoadSideRoad,crashSeverity,crashSHDescription,crashYear,debris,directionRoleDescription,ditch,fatalCount,fence,flatHill,guardRail,holiday,houseOrBuilding,intersection,kerb,light,meshblockId,minorInjuryCount,moped,motorcycle,NumberOfLanes,objectThrownOrDropped,otherObject,otherVehicleType,overBank,parkedVehicle,pedestrian,phoneBoxEtc,postOrPole,region,roadCharacter,roadLane,roadSurface,roadworks,schoolBus,seriousInjuryCount,slipOrFlood,speedLimit,strayAnimal,streetLight,suv,taxi,temporarySpeedLimit,tlaId,tlaName,trafficControl,trafficIsland,trafficSign,train,tree,truck,unknownVehicleType,urban,vanOrUtility,vehicle,waterRiver,weatherA,weatherB,if_pandemic
66393202,,573511,0.0,,0.0,0.0,,North,2018/2019,SH 1 CHURTON PARK,CHURTON PARK-GLENSIDE ON RAMP,,Serious Crash,Yes,2019,,North,,0,,Flat,,,,,,Bright sun,2086203,0,0.0,1.0,2.0,,,0.0,,,,,,Wellington Region,Nil,1-way,Sealed,,0.0,1,,100.0,,Off,0.0,0.0,,47,Wellington City,Unknown,,,,,0.0,0.0,Open,0.0,,,Fine,Null,0
66393222,,572600,0.0,0.0,0.0,2.0,0.0,South,2018/2019,THE DRIVE,KERERU BEND,,Non-Injury Crash,No,2018,0.0,North,0.0,0,0.0,Hill Road,0.0,,0.0,,0.0,Dark,1988500,0,0.0,0.0,2.0,0.0,0.0,0.0,0.0,1.0,,0.0,0.0,Wellington Region,Nil,2-way,Sealed,0.0,0.0,0,0.0,50.0,0.0,On,0.0,0.0,,47,Wellington City,Nil,0.0,0.0,0.0,0.0,0.0,0.0,Urban,0.0,0.0,0.0,Fine,Null,0
66393234,,573101,1.0,,0.0,0.0,,Null,2018/2019,KARO DRIVE,VICTORIA STREET,,Serious Crash,Yes,2019,,West,,0,,Flat,,,,,,Bright sun,2132400,0,0.0,0.0,1.0,,,0.0,,,,,,Wellington Region,Nil,1-way,Sealed,,0.0,1,,50.0,,Off,0.0,0.0,,47,Wellington City,Give way,,,,,1.0,0.0,Urban,0.0,,,Fine,Null,0
66393238,,575200,0.0,0.0,0.0,2.0,0.0,North,2017/2018,GLENMORE ST,ORANGI KAUPAPA ROAD,,Non-Injury Crash,No,2018,0.0,North,0.0,0,0.0,Hill Road,0.0,,0.0,,0.0,Dark,2151500,0,0.0,0.0,2.0,0.0,0.0,0.0,0.0,1.0,,0.0,0.0,Wellington Region,Nil,2-way,Sealed,0.0,0.0,0,0.0,50.0,0.0,On,0.0,0.0,,47,Wellington City,Unknown,0.0,0.0,0.0,0.0,0.0,0.0,Urban,0.0,0.0,0.0,Light rain,Null,0
66393258,,573700,0.0,0.0,0.0,1.0,0.0,South,2018/2019,JOHNSONVILLE ROAD,BRODERICK ROAD ,,Non-Injury Crash,No,2018,0.0,South,0.0,0,0.0,Flat,0.0,,0.0,,0.0,Bright sun,2083100,0,0.0,0.0,2.0,0.0,0.0,0.0,0.0,1.0,,0.0,0.0,Wellington Region,Nil,2-way,Sealed,0.0,0.0,0,0.0,50.0,0.0,Off,1.0,0.0,,47,Wellington City,Unknown,0.0,0.0,0.0,0.0,0.0,0.0,Urban,0.0,0.0,0.0,Fine,Null,0
66393266,,573000,0.0,,0.0,1.0,,North,2018/2019,JERVOIS QUAY,WILLESTON ST,,Non-Injury Crash,No,2018,,North,,0,,Flat,,,,,,Overcast,2124300,0,0.0,0.0,6.0,,,0.0,,,,,,Wellington Region,Nil,2-way,Sealed,,0.0,0,,50.0,,Null,1.0,0.0,,47,Wellington City,Traffic Signals,,,,,0.0,0.0,Urban,0.0,,,Light rain,Null,0
66393269,,576901,0.0,0.0,0.0,2.0,0.0,West,2018/2019,RONGOTAI RD,BAY ROAD,,Non-Injury Crash,No,2018,0.0,East,0.0,0,0.0,Flat,0.0,,0.0,,0.0,Bright sun,2178400,0,0.0,0.0,2.0,0.0,0.0,0.0,0.0,1.0,,0.0,0.0,Wellington Region,Nil,2-way,Sealed,0.0,0.0,0,0.0,50.0,0.0,Off,0.0,0.0,,47,Wellington City,Unknown,0.0,0.0,0.0,0.0,0.0,0.0,Urban,0.0,0.0,0.0,Fine,Null,0
66393272,,573101,0.0,0.0,0.0,2.0,0.0,North,2017/2018,ABEL SMITH ST,VICTORIA ST,,Non-Injury Crash,No,2018,0.0,West,0.0,0,0.0,Flat,0.0,,0.0,,0.0,Overcast,2132400,0,0.0,0.0,2.0,0.0,0.0,0.0,0.0,1.0,,0.0,0.0,Wellington Region,Nil,2-way,Sealed,0.0,0.0,0,0.0,50.0,0.0,Null,0.0,0.0,,47,Wellington City,Unknown,0.0,0.0,0.0,0.0,0.0,0.0,Urban,0.0,0.0,0.0,Null,Null,0
66393280,,574002,0.0,0.0,0.0,0.0,0.0,South,2018/2019,OFF ROAD - SH 1 Work site,NEWLANDS ON RAMP,,Serious Crash,Yes,2019,0.0,South,0.0,0,0.0,Hill Road,1.0,,0.0,,0.0,Dark,2078304,0,0.0,0.0,6.0,0.0,0.0,0.0,0.0,0.0,1.0,0.0,0.0,Wellington Region,Nil,2-way,Sealed,0.0,0.0,2,0.0,80.0,0.0,On,0.0,0.0,30.0,47,Wellington City,Unknown,0.0,0.0,0.0,0.0,1.0,0.0,Open,0.0,0.0,0.0,Fine,Null,0
66393297,,577400,0.0,,1.0,0.0,,North,2017/2018,NEVAY ROAD,FORTIFICATION ROAD,,Non-Injury Crash,No,2018,,North,,0,,Hill Road,,,,,,Twilight,2209300,0,0.0,0.0,2.0,,,0.0,,,,,,Wellington Region,Nil,2-way,Sealed,,0.0,0,,50.0,,None,1.0,0.0,,47,Wellington City,Unknown,,,,,0.0,0.0,Urban,0.0,,,Fine,Null,0
66393303,,573526,0.0,0.0,1.0,0.0,0.0,West,2017/2018,SH 2,HOROKIWI ROAD,,Non-Injury Crash,Yes,2018,0.0,West,0.0,0,0.0,Flat,1.0,,0.0,,0.0,Overcast,2086403,0,0.0,0.0,2.0,0.0,0.0,0.0,0.0,0.0,,0.0,0.0,Wellington Region,Nil,1-way,Sealed,0.0,0.0,0,0.0,100.0,0.0,On,0.0,0.0,,47,Wellington City,Unknown,0.0,0.0,0.0,0.0,0.0,0.0,Open,1.0,0.0,0.0,Fine,Null,0
66393317,,575300,0.0,,0.0,1.0,,North,2017/2018,SALAMANCA ROAD,CABLE CAR OBR,,Non-Injury Crash,No,2018,,South,,0,,Hill Road,,,,,,Twilight,2153400,0,0.0,0.0,2.0,,,0.0,,,,,,Wellington Region,Nil,2-way,Sealed,,0.0,0,,50.0,,None,1.0,0.0,,47,Wellington City,Unknown,,,,,0.0,0.0,Urban,0.0,,,Fine,Null,0
66393396,,574303,0.0,0.0,0.0,5.0,0.0,South,2018/2019,01N-1068-I,ONSLOW RAIL OBR,,Non-Injury Crash,Yes,2019,7.0,South,0.0,0,0.0,Flat,0.0,,0.0,,0.0,Bright sun,2090402,0,0.0,0.0,3.0,0.0,0.0,0.0,0.0,0.0,,0.0,0.0,Wellington Region,Nil,1-way,Sealed,0.0,0.0,0,0.0,100.0,0.0,Off,1.0,0.0,,47,Wellington City,Unknown,0.0,0.0,0.0,0.0,1.0,0.0,Open,1.0,0.0,0.0,Fine,Null,0
66393402,,573526,0.0,,0.0,3.0,,West,2018/2019,002-0962/12.85-I,SERVICE STN NTH,,Non-Injury Crash,Yes,2019,,South,,0,,Flat,,,,,,Overcast,2077503,0,0.0,0.0,2.0,,,0.0,,,,,,Wellington Region,Nil,2-way,Sealed,,0.0,0,,100.0,,Off,0.0,0.0,,47,Wellington City,Unknown,,,,,0.0,0.0,Open,0.0,,,Light rain,Null,0
66393418,,573400,0.0,,0.0,2.0,,East,2017/2018,MAJORIBANKS ST,LIPMAN ST,,Non-Injury Crash,No,2018,,East,,0,,Hill Road,,,,,,Overcast,2139800,0,0.0,0.0,2.0,,,0.0,,,,,,Wellington Region,Nil,2-way,Sealed,,0.0,0,,50.0,,Null,0.0,0.0,,47,Wellington City,Unknown,,,,,0.0,0.0,Urban,0.0,,,Fine,Null,0
66393510,,573000,0.0,,0.0,1.0,,North,2018/2019,SH 1N,AURORA TERRACE OBR,,Non-Injury Crash,Yes,2018,,South,,0,,Hill Road,,,,,,Overcast,2124500,0,0.0,2.0,2.0,,,0.0,,,,,,Wellington Region,Motorway ramp,1-way,Sealed,,0.0,0,,60.0,,Null,0.0,0.0,,47,Wellington City,Unknown,,,,,0.0,0.0,Urban,0.0,,,Fine,Null,0
66393520,,574800,0.0,0.0,0.0,2.0,0.0,North,2017/2018,PARKVALE ROAD,KARORI ROAD,,Non-Injury Crash,No,2018,0.0,North,0.0,0,0.0,Flat,0.0,,0.0,,0.0,Bright sun,2107600,0,0.0,0.0,2.0,0.0,0.0,0.0,0.0,1.0,,0.0,0.0,Wellington Region,Nil,2-way,Sealed,0.0,0.0,0,0.0,50.0,0.0,Null,0.0,0.0,,47,Wellington City,Unknown,0.0,0.0,0.0,0.0,0.0,0.0,Urban,0.0,0.0,0.0,Fine,Null,0
66393540,,576800,1.0,,0.0,1.0,,North,2018/2019,EVANS BAY PARADE,Rata Road,,Serious Crash,No,2019,,West,,0,,Flat,,,,,,Overcast,2182400,0,0.0,0.0,2.0,,,0.0,,,,,,Wellington Region,Nil,2-way,Sealed,,0.0,1,,50.0,,Off,0.0,0.0,,47,Wellington City,Nil,,,,,0.0,0.0,Urban,0.0,,,Fine,Null,0
66393542,,576901,0.0,0.0,0.0,1.0,0.0,East,2017/2018,COUTTS ST,BAY ROAD,,Non-Injury Crash,No,2018,0.0,South,0.0,0,0.0,Flat,0.0,,0.0,,0.0,Unknown,2178500,0,0.0,0.0,2.0,0.0,0.0,0.0,0.0,1.0,,0.0,0.0,Wellington Region,Nil,2-way,Sealed,0.0,0.0,0,0.0,30.0,0.0,Null,1.0,0.0,,47,Wellington City,Nil,0.0,0.0,0.0,0.0,0.0,0.0,Urban,0.0,0.0,0.0,Fine,Null,0
66393553,,572600,0.0,,0.0,2.0,,Null,2018/2019,MAIN ROAD,THE DRIVE,,Non-Injury Crash,No,2018,,South,,0,,Flat,,,,,,Unknown,1992300,0,0.0,0.0,2.0,,,0.0,,,,,,Wellington Region,Nil,2-way,Sealed,,0.0,0,,50.0,,On,0.0,0.0,,47,Wellington City,Give way,,,,,0.0,0.0,Urban,0.0,,,Light rain,Null,0
66393578,,573700,0.0,,0.0,2.0,,North,2018/2019,MOOREFIELD ROAD,FRANKMOORE AVENUE,,Non-Injury Crash,No,2018,,North,,0,,Flat,,,,,,Bright sun,2082800,0,0.0,0.0,2.0,,,0.0,,,,,,Wellington Region,Nil,2-way,Sealed,,0.0,0,,50.0,,Null,0.0,0.0,,47,Wellington City,Nil,,,,,0.0,0.0,Urban,0.0,,,Fine,Null,0
66393652,,573526,0.0,0.0,0.0,1.0,0.0,North,2018/2019,SH 2,WEIGH PIT,,Non-Injury Crash,Yes,2018,0.0,North,0.0,0,0.0,Flat,1.0,,0.0,,0.0,Dark,2077503,0,0.0,0.0,2.0,0.0,0.0,0.0,0.0,0.0,,0.0,0.0,Wellington Region,Nil,1-way,Sealed,0.0,0.0,0,0.0,100.0,0.0,On,0.0,0.0,,47,Wellington City,Unknown,0.0,0.0,0.0,0.0,0.0,0.0,Open,0.0,0.0,0.0,Fine,Null,0
66393660,,572900,0.0,0.0,0.0,0.0,0.0,South,2018/2019,MURPHY STREET,HALSWELL STREET,,Minor Crash,No,2019,0.0,South,0.0,0,0.0,Flat,0.0,,0.0,,0.0,Bright sun,2119200,2,0.0,0.0,2.0,0.0,0.0,0.0,0.0,3.0,,0.0,0.0,Wellington Region,Nil,1-way,Sealed,0.0,0.0,0,0.0,50.0,0.0,Off,0.0,0.0,,47,Wellington City,Unknown,0.0,0.0,0.0,0.0,0.0,0.0,Urban,4.0,0.0,0.0,Fine,Null,0
66393684,,576903,0.0,,0.0,1.0,,West,2018/2019,SH 1N,HAMILTON ROAD,,Non-Injury Crash,Yes,2018,,East,,0,,Flat,,,,,,Overcast,2180400,0,0.0,0.0,2.0,,,0.0,,,,,,Wellington Region,Nil,2-way,Sealed,,0.0,0,,50.0,,Null,1.0,0.0,,47,Wellington City,Traffic Signals,,,,,0.0,0.0,Urban,0.0,,,Light rain,Null,0
66393819,,576301,1.0,,1.0,0.0,,South,2018/2019,ADELAIDE RD,MUDGES TERRACE,,Minor Crash,No,2019,,North,,0,,Flat,,,,,,Overcast,2164500,1,0.0,0.0,2.0,,,0.0,,,1.0,,,Wellington Region,Nil,2-way,Sealed,,1.0,0,,50.0,,Off,0.0,0.0,,47,Wellington City,Unknown,,,,,0.0,0.0,Urban,0.0,,,Fine,Null,0
66393825,,574002,0.0,,0.0,2.0,,North,2019/2020,01N-1060-D,HUTT ROAD ON RAMP,,Non-Injury Crash,Yes,2019,,South,,0,,Flat,,,,,,Overcast,2078302,0,0.0,0.0,3.0,,,0.0,,,,,,Wellington Region,Nil,1-way,Sealed,,0.0,0,,100.0,,On,0.0,0.0,,47,Wellington City,Unknown,,,,,0.0,0.0,Open,0.0,,,Light rain,Null,0
66393838,,577700,0.0,0.0,0.0,1.0,1.0,East,2017/2018,OHARIU VALLEY ROAD,RIFLE RANGE ROAD,,Minor Crash,No,2018,0.0,West,0.0,0,0.0,Flat,0.0,,0.0,,0.0,Dark,2117003,1,0.0,0.0,2.0,0.0,0.0,0.0,0.0,0.0,,0.0,0.0,Wellington Region,Nil,2-way,Sealed,0.0,0.0,0,0.0,50.0,0.0,None,0.0,0.0,,47,Wellington City,Unknown,0.0,0.0,0.0,0.0,0.0,0.0,Urban,0.0,0.0,0.0,Fine,Null,0
66393844,,577302,0.0,,0.0,2.0,,Null,2018/2019,MIRAMAR AVENUE,PARK ROAD,,Minor Crash,No,2019,,East,,0,,Flat,,,,,,Overcast,2206102,1,0.0,0.0,2.0,,,0.0,,,,,,Wellington Region,Nil,2-way,Sealed,,0.0,0,,30.0,,Off,0.0,0.0,,47,Wellington City,Give way,,,,,0.0,0.0,Urban,0.0,,,Fine,Null,0
66393890,,576901,1.0,,0.0,1.0,,Null,2018/2019,TIRANGI ROAD,COUTTS STREET,,Minor Crash,No,2019,,North,,0,,Flat,,,,,,Bright sun,2176702,1,0.0,0.0,2.0,,,0.0,,,,,,Wellington Region,Nil,2-way,Sealed,,0.0,0,,50.0,,Off,0.0,0.0,,47,Wellington City,Give way,,,,,0.0,0.0,Urban,0.0,,,Fine,Null,0
66393917,,575600,0.0,,0.0,1.0,,North,2018/2019,OHIRO ROAD,REUBEN AVENUE,,Non-Injury Crash,No,2018,,South,,0,,Flat,,,,,,Bright sun,2161700,0,0.0,0.0,2.0,,,0.0,,,,,,Wellington Region,Nil,2-way,Sealed,,0.0,0,,50.0,,Null,0.0,0.0,,47,Wellington City,Nil,,,,,1.0,0.0,Urban,0.0,,,Fine,Null,0
66393925,,573300,0.0,,0.0,1.0,,West,2018/2019,01N-1075/00.13-D,BELFAST ST,,Non-Injury Crash,Yes,2018,,Null,,0,,Null,,,,,,Unknown,2145602,0,0.0,0.0,3.0,,,1.0,,,,,,Wellington Region,Nil,1-way,Null,,0.0,0,,50.0,,Null,0.0,0.0,,47,Wellington City,Unknown,,,,,0.0,0.0,Urban,0.0,,,Null,Null,0
66393942,,573101,0.0,,1.0,1.0,,West,2018/2019,GHUZNEE ST,TARANAKI ST,,Non-Injury Crash,No,2018,,East,,0,,Flat,,,,,,Overcast,2133408,0,0.0,0.0,3.0,,,0.0,,,,,,Wellington Region,Nil,2-way,Sealed,,0.0,0,,50.0,,Null,0.0,0.0,,47,Wellington City,Traffic Signals,,,,,0.0,0.0,Urban,0.0,,,Fine,Null,0
66393989,,576903,0.0,0.0,1.0,1.0,0.0,Null,2018/2019,CRAWFORD ROAD ,WELLINGTON ROAD,,Non-Injury Crash,No,2019,0.0,North,0.0,0,0.0,Hill Road,0.0,,0.0,,0.0,Dark,2180500,0,0.0,0.0,2.0,0.0,0.0,0.0,0.0,0.0,,0.0,0.0,Wellington Region,Nil,2-way,Sealed,0.0,0.0,0,0.0,50.0,0.0,On,0.0,1.0,,47,Wellington City,Give way,1.0,0.0,0.0,0.0,0.0,0.0,Urban,0.0,0.0,0.0,Fine,Null,0
66393990,,573000,0.0,,0.0,1.0,,Null,2017/2018,SH 1N,WILLIS ST,,Non-Injury Crash,Yes,2018,,North,,0,,Flat,,,,,,Twilight,2129700,0,0.0,0.0,2.0,,,0.0,,,1.0,,,Wellington Region,Nil,1-way,Sealed,,0.0,0,,50.0,,On,0.0,0.0,,47,Wellington City,Traffic Signals,,,,,0.0,0.0,Urban,0.0,,,Fine,Null,0
66394017,,573200,0.0,,0.0,1.0,,West,2019/2020,ARO STREET,ADAMS TERRACE,,Minor Crash,No,2019,,West,,0,,Flat,,,,,,Dark,2158100,1,1.0,0.0,2.0,,,0.0,,,,,,Wellington Region,Nil,2-way,Sealed,,0.0,0,,50.0,,On,0.0,0.0,,47,Wellington City,Nil,,,,,0.0,0.0,Urban,0.0,,,Fine,Null,0
66394034,,574100,0.0,0.0,0.0,3.0,0.0,South,2018/2019,KIPLING ST,RUDYARD CRESCENT,,Non-Injury Crash,No,2018,0.0,North,0.0,0,0.0,Flat,0.0,,0.0,,0.0,Bright sun,2085600,0,0.0,0.0,2.0,0.0,0.0,0.0,0.0,1.0,,0.0,0.0,Wellington Region,Nil,2-way,Sealed,0.0,0.0,0,0.0,50.0,0.0,Null,0.0,0.0,,47,Wellington City,Unknown,0.0,0.0,0.0,0.0,0.0,0.0,Urban,0.0,0.0,0.0,Fine,Null,0
66394048,,574001,0.0,0.0,0.0,2.0,0.0,North,2018/2019,NEWLANDS RD,WESTLEIGH WAY,,Non-Injury Crash,No,2019,0.0,South,0.0,0,0.0,Flat,0.0,,0.0,,0.0,Dark,2076200,0,0.0,0.0,2.0,0.0,0.0,0.0,0.0,1.0,,0.0,0.0,Wellington Region,Nil,2-way,Sealed,0.0,0.0,0,0.0,50.0,0.0,On,0.0,0.0,,47,Wellington City,Unknown,0.0,0.0,0.0,0.0,0.0,0.0,Urban,0.0,0.0,0.0,Light rain,Null,0
66394056,,576301,0.0,,0.0,2.0,,Null,2018/2019,ADELAIDE ROAD,HALL STREET,,Non-Injury Crash,No,2019,,South,,0,,Flat,,,,,,Bright sun,2163900,0,0.0,0.0,4.0,,,0.0,,,,,,Wellington Region,Nil,2-way,Sealed,,0.0,0,,50.0,,Off,0.0,0.0,,47,Wellington City,Traffic Signals,,,,,0.0,0.0,Urban,0.0,,,Fine,Null,0
66394057,,574702,0.0,,0.0,1.0,,North,2018/2019,PEMBROKE ROAD,HUNTINGDON STREET,,Minor Crash,No,2019,,South,,0,,Flat,,,,,,Bright sun,2102700,1,0.0,0.0,2.0,,,0.0,,,1.0,,,Wellington Region,Nil,2-way,Sealed,,0.0,0,,50.0,,Off,0.0,0.0,,47,Wellington City,Unknown,,,,,0.0,0.0,Urban,0.0,,,Fine,Null,0
66394144,,573101,0.0,0.0,0.0,2.0,0.0,Null,2018/2019,DIXON STREET,INGLEWOOD PLACE,,Non-Injury Crash,No,2018,0.0,West,0.0,0,0.0,Flat,0.0,,0.0,,0.0,Twilight,2133408,0,0.0,0.0,2.0,0.0,0.0,0.0,0.0,1.0,,0.0,0.0,Wellington Region,Nil,1-way,Sealed,0.0,0.0,0,0.0,30.0,0.0,On,0.0,0.0,,47,Wellington City,Nil,0.0,0.0,0.0,0.0,0.0,0.0,Urban,0.0,0.0,0.0,Fine,Null,0
66394166,,572900,0.0,0.0,0.0,1.0,0.0,Null,2018/2019,WATERLOO QUAY,BUNNY STREET,,Non-Injury Crash,No,2018,0.0,South,0.0,0,0.0,Null,0.0,,0.0,,0.0,Unknown,2122700,0,0.0,0.0,3.0,0.0,0.0,0.0,0.0,0.0,,0.0,0.0,Wellington Region,Nil,1-way,Sealed,0.0,0.0,0,0.0,50.0,0.0,Null,0.0,0.0,,47,Wellington City,Traffic Signals,0.0,1.0,0.0,0.0,0.0,0.0,Urban,0.0,0.0,0.0,Null,Null,0
66394173,,573600,0.0,,0.0,1.0,,North,2017/2018,01N-1060-D,HELSTON OBR,,Non-Injury Crash,Yes,2018,,North,,0,,Flat,,,,,,Dark,2081200,0,0.0,0.0,4.0,,,0.0,,,,,,Wellington Region,Nil,2-way,Sealed,,0.0,0,,100.0,,On,0.0,0.0,,47,Wellington City,Unknown,,,,,0.0,0.0,Open,0.0,,,Light rain,Null,0
66394221,45.0,574303,0.0,0.0,0.0,1.0,0.0,West,2016/2017,NEWLANDS OFF RAMP,NEWLANDS OBR NBD,,Minor Crash,No,2017,0.0,North,0.0,0,0.0,Hill Road,1.0,,0.0,,1.0,Bright sun,2084302,1,0.0,0.0,1.0,0.0,0.0,0.0,0.0,0.0,,0.0,0.0,Wellington Region,Motorway ramp,1-way,Sealed,0.0,0.0,0,0.0,80.0,0.0,Off,0.0,0.0,,47,Wellington City,Unknown,0.0,0.0,0.0,0.0,0.0,0.0,Open,0.0,0.0,0.0,Fine,Null,0
66394241,,573511,0.0,0.0,0.0,1.0,0.0,North,2017/2018,SH 1N,CHURTON PARK OFF NBD,,Non-Injury Crash,Yes,2018,0.0,North,0.0,0,0.0,Flat,0.0,,0.0,,0.0,Overcast,2086203,0,0.0,0.0,2.0,0.0,0.0,0.0,0.0,1.0,,0.0,0.0,Wellington Region,Motorway ramp,1-way,Sealed,0.0,0.0,0,0.0,100.0,0.0,On,0.0,0.0,,47,Wellington City,Unknown,0.0,0.0,0.0,0.0,1.0,0.0,Open,0.0,0.0,0.0,Heavy rain,Strong wind,0
66394249,,573101,0.0,,0.0,2.0,,North,2017/2018,WILLIS ST,ABEL SMITH ST,,Non-Injury Crash,No,2018,,North,,0,,Flat,,,,,,Twilight,2131900,0,0.0,0.0,2.0,,,0.0,,,,,,Wellington Region,Nil,2-way,Sealed,,0.0,0,,50.0,,Off,0.0,0.0,,47,Wellington City,Unknown,,,,,0.0,0.0,Urban,0.0,,,Light rain,Null,0
66394264,,576500,1.0,,0.0,1.0,,South,2018/2019,ADELAIDE ROAD,DRUMMOND ST,,Minor Crash,No,2018,,North,,0,,Flat,,,,,,Overcast,2148400,1,0.0,0.0,4.0,,,0.0,,,,,,Wellington Region,Nil,2-way,Sealed,,0.0,0,,50.0,,Null,0.0,0.0,,47,Wellington City,Nil,,,,,0.0,0.0,Urban,0.0,,,Heavy rain,Null,0
66394307,,573200,0.0,0.0,0.0,4.0,0.0,South,2017/2018,OHIRO ROAD,MAARAMA CRESCENT,,Non-Injury Crash,No,2018,0.0,South,0.0,0,0.0,Hill Road,0.0,,0.0,,0.0,Dark,2158700,0,0.0,0.0,2.0,0.0,0.0,0.0,0.0,1.0,,0.0,0.0,Wellington Region,Nil,2-way,Sealed,0.0,0.0,0,0.0,50.0,0.0,On,0.0,0.0,,47,Wellington City,Unknown,0.0,0.0,0.0,0.0,0.0,0.0,Urban,0.0,0.0,0.0,Fine,Null,0
66394311,,573000,0.0,0.0,0.0,1.0,0.0,South,2018/2019,01N-1068-D,BOULCOTT OBR,,Non-Injury Crash,Yes,2019,0.0,North,0.0,0,0.0,Flat,1.0,,0.0,,0.0,Overcast,2126700,0,0.0,0.0,2.0,0.0,0.0,0.0,0.0,0.0,,0.0,0.0,Wellington Region,Nil,1-way,Sealed,0.0,0.0,0,0.0,70.0,0.0,Off,0.0,0.0,,47,Wellington City,Unknown,0.0,0.0,0.0,0.0,0.0,0.0,Urban,0.0,0.0,0.0,Heavy rain,Null,0
66394343,,572701,0.0,0.0,0.0,1.0,0.0,Null,2018/2019,GEE STREET,MAIN ROAD,,Non-Injury Crash,No,2019,0.0,South,0.0,0,0.0,Flat,0.0,,0.0,,0.0,Dark,1994001,0,0.0,0.0,2.0,0.0,0.0,0.0,0.0,0.0,,0.0,0.0,Wellington Region,Nil,2-way,Sealed,0.0,0.0,0,0.0,50.0,0.0,On,0.0,0.0,,47,Wellington City,Give way,1.0,1.0,0.0,0.0,0.0,0.0,Urban,0.0,0.0,0.0,Fine,Null,0
66394372,,573101,0.0,0.0,0.0,2.0,0.0,South,2017/2018,COURTENAY PLACE,TARANAKI ST,,Non-Injury Crash,No,2018,0.0,East,0.0,0,0.0,Flat,0.0,,0.0,,0.0,Twilight,2135600,0,0.0,0.0,1.0,0.0,0.0,0.0,0.0,1.0,,0.0,0.0,Wellington Region,Nil,1-way,Sealed,0.0,0.0,0,0.0,80.0,0.0,On,0.0,1.0,,47,Wellington City,Unknown,0.0,0.0,0.0,0.0,0.0,0.0,Open,0.0,0.0,0.0,Light rain,Null,0
66394389,,572900,0.0,0.0,0.0,1.0,0.0,South,2018/2019,TINAKORI OFF NBD,HILL ST,,Non-Injury Crash,Yes,2018,0.0,North,0.0,0,0.0,Flat,0.0,,0.0,,0.0,Dark,2120100,0,0.0,0.0,2.0,0.0,0.0,0.0,0.0,0.0,,0.0,1.0,Wellington Region,Motorway ramp,2-way,Sealed,0.0,0.0,0,0.0,100.0,0.0,On,0.0,0.0,,47,Wellington City,Unknown,0.0,0.0,0.0,0.0,0.0,0.0,Open,0.0,0.0,0.0,Fine,Null,0
66394398,,573000,0.0,,0.0,1.0,,Null,2017/2018,THE TERRACE,TERRACE OFF SBD,,Non-Injury Crash,No,2018,,South,,0,,Flat,,,,,,Overcast,2124803,0,0.0,0.0,3.0,,,0.0,,,,,,Wellington Region,Motorway ramp,2-way,Sealed,,0.0,0,,50.0,,Null,0.0,0.0,,47,Wellington City,Traffic Signals,,,,,0.0,0.0,Urban,1.0,,,Fine,Null,0
66394400,,573101,0.0,0.0,0.0,1.0,0.0,East,2018/2019,COURTENAY PL,TARANAKI STREET,,Non-Injury Crash,No,2018,0.0,West,0.0,0,0.0,Flat,0.0,,0.0,,0.0,Twilight,2135600,0,0.0,0.0,2.0,0.0,0.0,0.0,0.0,1.0,,0.0,0.0,Wellington Region,Nil,2-way,Sealed,0.0,0.0,0,0.0,50.0,0.0,Off,0.0,0.0,,47,Wellington City,Unknown,0.0,0.0,0.0,0.0,0.0,0.0,Urban,1.0,0.0,0.0,Heavy rain,Null,0
66394438,,574303,0.0,0.0,0.0,1.0,0.0,South,2018/2019,NEWLANDS ON NBD,SH 1N,,Non-Injury Crash,Yes,2018,0.0,East,0.0,0,0.0,Hill Road,0.0,,0.0,,0.0,Overcast,2084302,0,0.0,0.0,1.0,0.0,0.0,0.0,0.0,0.0,,0.0,0.0,Wellington Region,Motorway ramp,1-way,Sealed,0.0,0.0,0,0.0,50.0,0.0,Null,0.0,0.0,,47,Wellington City,Unknown,0.0,1.0,0.0,0.0,0.0,0.0,Urban,0.0,0.0,0.0,Light rain,Strong wind,0
66394449,,573000,0.0,,0.0,2.0,,South,2018/2019,SH 1,SH 20,,Non-Injury Crash,No,2018,,South,,0,,Flat,,,,,,Bright sun,2127400,0,0.0,0.0,4.0,,,0.0,,,,,,Wellington Region,Nil,1-way,Sealed,,0.0,0,,100.0,,Off,0.0,0.0,,47,Wellington City,Unknown,,,,,0.0,0.0,Open,0.0,,,Fine,Null,0
66394450,,573101,0.0,,0.0,1.0,,West,2018/2019,GHUZNEE STREET,TARANAKI STREET,,Non-Injury Crash,No,2019,,West,,0,,Flat,,,,,,Bright sun,2133700,0,0.0,0.0,3.0,,,0.0,,,,,,Wellington Region,Nil,2-way,Sealed,,0.0,0,,50.0,,Off,0.0,0.0,,47,Wellington City,Nil,,,,,0.0,0.0,Urban,1.0,,,Fine,Null,0
66394463,,573101,0.0,0.0,0.0,2.0,0.0,East,2017/2018,COURTENAY PLACE,TARANAKI ST,,Non-Injury Crash,No,2018,0.0,East,0.0,0,0.0,Flat,0.0,,0.0,,0.0,Dark,2135600,0,0.0,0.0,1.0,0.0,0.0,0.0,0.0,1.0,,0.0,0.0,Wellington Region,Nil,1-way,Sealed,0.0,0.0,0,0.0,50.0,0.0,On,0.0,0.0,,47,Wellington City,Unknown,0.0,0.0,0.0,0.0,0.0,0.0,Urban,0.0,0.0,0.0,Null,Null,0