OBJECTID,advisorySpeed,areaUnitID,bicycle,bridge,bus,carStationWagon,cliffBank,crashDirectionDescription,crashFinancialYear,crashLocation1,crashLocation2,crashRoadSideRoad,crashSeverity,crashSHDescription,crashYear,debris,directionRoleDescription,ditch,fatalCount,fence,flatHill,guardRail,holiday,houseOrBuilding,intersection,kerb,light,meshblockId,minorInjuryCount,moped,motorcycle,NumberOfLanes,objectThrownOrDropped,otherObject,otherVehicleType,overBank,parkedVehicle,pedestrian,phoneBoxEtc,postOrPole,region,roadCharacter,roadLane,roadSurface,roadworks,schoolBus,seriousInjuryCount,slipOrFlood,speedLimit,strayAnimal,streetLight,suv,taxi,temporarySpeedLimit,tlaId,tlaName,trafficControl,trafficIsland,trafficSign,train,tree,truck,unknownVehicleType,urban,vanOrUtility,vehicle,waterRiver,weatherA,weatherB,if_pandemic
66394613,,573101,0.0,,0.0,1.0,,West,2017/2018,WAKEFIELD ST,TORY ST,,Non-Injury Crash,No,2018,,West,,0,,Flat,,,,,,Bright sun,2135600,0,0.0,0.0,3.0,,,0.0,,,,,,Wellington Region,Nil,1-way,Sealed,,0.0,0,,50.0,,Null,0.0,0.0,,47,Wellington City,Unknown,,,,,1.0,0.0,Urban,0.0,,,Fine,Null,0
66394631,,573300,0.0,0.0,0.0,2.0,0.0,South,2018/2019,HOPPER ST,WEBB ST,,Non-Injury Crash,No,2018,0.0,North,0.0,0,0.0,Flat,0.0,,0.0,,0.0,Bright sun,2144300,0,0.0,0.0,2.0,0.0,0.0,0.0,0.0,2.0,,0.0,0.0,Wellington Region,Nil,2-way,Sealed,0.0,0.0,0,0.0,50.0,0.0,Null,1.0,0.0,,47,Wellington City,Unknown,0.0,0.0,0.0,0.0,0.0,0.0,Urban,0.0,0.0,0.0,Fine,Null,0
66394659,,572900,0.0,0.0,0.0,2.0,0.0,Null,2018/2019,KATE SHEPPARD PLACE,MOLESWORTH ST,,Non-Injury Crash,No,2019,0.0,West,0.0,0,0.0,Flat,0.0,,0.0,,0.0,Bright sun,2122500,0,0.0,0.0,2.0,0.0,0.0,0.0,0.0,1.0,,0.0,0.0,Wellington Region,Nil,2-way,Sealed,0.0,0.0,0,0.0,50.0,0.0,Off,0.0,0.0,,47,Wellington City,Give way,0.0,0.0,0.0,0.0,0.0,0.0,Urban,0.0,0.0,0.0,Fine,Null,0
66394677,,572500,0.0,0.0,0.0,1.0,1.0,South,2018/2019,01N-1050/06.30-D,TAWA -GRENADA NORTH ON RAMP,,Non-Injury Crash,Yes,2019,0.0,South,0.0,0,0.0,Flat,0.0,,0.0,,0.0,Bright sun,1986602,0,0.0,0.0,4.0,0.0,0.0,0.0,0.0,0.0,,0.0,0.0,Wellington Region,Nil,2-way,Sealed,0.0,0.0,0,0.0,100.0,0.0,Off,0.0,0.0,,47,Wellington City,Unknown,0.0,0.0,0.0,0.0,0.0,0.0,Open,2.0,0.0,0.0,Fine,Null,0
66394692,,576500,0.0,,0.0,1.0,,Null,2018/2019,JOHN STREET,HANSON STREET,,Non-Injury Crash,No,2018,,West,,0,,Hill Road,,,,,,Unknown,2148500,0,1.0,0.0,3.0,,,0.0,,,,,,Wellington Region,Nil,2-way,Sealed,,0.0,0,,50.0,,Null,0.0,0.0,,47,Wellington City,Traffic Signals,,,,,0.0,0.0,Urban,0.0,,,Null,Null,0
66394716,,573101,0.0,,0.0,1.0,,South,2018/2019,TARANAKI ST,CABLE ST,,Non-Injury Crash,No,2018,,South,,0,,Flat,,,,,,Bright sun,2135200,0,0.0,1.0,5.0,,,0.0,,,,,,Wellington Region,Nil,2-way,Sealed,,0.0,0,,50.0,,Null,0.0,0.0,,47,Wellington City,Nil,,,,,0.0,0.0,Urban,0.0,,,Fine,Null,0
66394726,,576002,0.0,0.0,0.0,2.0,0.0,East,2017/2018,TAMAR ST,THE PARADE,,Non-Injury Crash,No,2018,0.0,East,0.0,0,0.0,Flat,0.0,,0.0,,0.0,Dark,2192500,0,0.0,0.0,2.0,0.0,0.0,0.0,0.0,1.0,,0.0,0.0,Wellington Region,Nil,2-way,Sealed,0.0,0.0,0,0.0,50.0,0.0,On,0.0,0.0,,47,Wellington City,Unknown,0.0,0.0,0.0,0.0,0.0,0.0,Urban,0.0,0.0,0.0,Light rain,Null,0
66394736,,573700,1.0,,0.0,0.0,,Null,2018/2019,JOHNSONVILLE OFF SBD,FRANK JOHNSON ST,,Serious Crash,Yes,2018,,West,,0,,Hill Road,,,,,,Twilight,2082800,0,0.0,0.0,1.0,,,0.0,,,,,,Wellington Region,Motorway ramp,1-way,Sealed,,0.0,1,,50.0,,Off,0.0,0.0,,47,Wellington City,Give way,,,,,0.0,0.0,Urban,1.0,,,Fine,Null,0
66394768,,576600,0.0,,0.0,1.0,,East,2017/2018,ORIENTAL PARADE,FREYBERG POOL CPK ENT,,Non-Injury Crash,No,2018,,West,,0,,Flat,,,,,,Dark,2137900,0,0.0,0.0,2.0,,,0.0,,,,,,Wellington Region,Nil,2-way,Sealed,,0.0,0,,50.0,,On,0.0,0.0,,47,Wellington City,Unknown,,,,,0.0,0.0,Urban,0.0,,,Heavy rain,Null,0
66394780,,576200,0.0,,1.0,0.0,,North,2018/2019,RINTOUL ST,WARIPORI ST,,Non-Injury Crash,No,2018,,South,,0,,Flat,,,,,,Overcast,2171300,0,0.0,0.0,2.0,,,0.0,,,,,,Wellington Region,Nil,2-way,Sealed,,0.0,0,,50.0,,Null,1.0,0.0,,47,Wellington City,Unknown,,,,,0.0,0.0,Urban,0.0,,,Fine,Null,0
66394795,,576002,0.0,0.0,0.0,1.0,0.0,Null,2017/2018,CLYDE ST,AVON ST,,Non-Injury Crash,No,2018,0.0,South,0.0,0,0.0,Flat,0.0,,0.0,,0.0,Bright sun,2190400,0,0.0,0.0,2.0,0.0,0.0,0.0,0.0,1.0,,0.0,0.0,Wellington Region,Nil,2-way,Sealed,0.0,0.0,0,0.0,50.0,0.0,Null,0.0,0.0,,47,Wellington City,Give way,0.0,0.0,0.0,0.0,1.0,0.0,Urban,0.0,0.0,0.0,Fine,Null,0
66394812,,573200,0.0,0.0,0.0,1.0,0.0,West,2017/2018,ARO ST,DEVON ST,,Non-Injury Crash,No,2018,0.0,South,0.0,0,0.0,Hill Road,0.0,,0.0,,0.0,Dark,2158800,0,0.0,0.0,2.0,0.0,0.0,0.0,0.0,1.0,,0.0,0.0,Wellington Region,Nil,2-way,Sealed,0.0,0.0,0,0.0,30.0,0.0,On,0.0,0.0,,47,Wellington City,Nil,0.0,0.0,0.0,0.0,0.0,0.0,Urban,1.0,0.0,0.0,Fine,Null,0
66394848,,572900,0.0,,0.0,0.0,,South,2018/2019,THORNDON QUAY,TINAKORI ROAD,,Minor Crash,No,2018,,South,,0,,Hill Road,,,,,,Overcast,2118400,2,0.0,0.0,2.0,,,0.0,,,1.0,,,Wellington Region,Motorway ramp,2-way,Sealed,,0.0,0,,60.0,,Null,0.0,0.0,,47,Wellington City,Give way,,,,,1.0,0.0,Urban,0.0,,,Fine,Null,0
66394947,,573700,0.0,,1.0,0.0,,North,2018/2019,GOTHIC ST,BRODERICK ROAD,,Serious Crash,No,2018,,North,,0,,Null,,,,,,Bright sun,2082800,0,0.0,0.0,,,,0.0,,,1.0,,,Wellington Region,Nil,Off road,Sealed,,0.0,1,,10.0,,Null,0.0,0.0,,47,Wellington City,Unknown,,,,,0.0,0.0,Urban,0.0,,,Null,Null,0
66395019,,576800,0.0,0.0,0.0,0.0,0.0,South,2017/2018,RAKAU ROAD,MAREWA ROAD,,Non-Injury Crash,No,2018,0.0,South,0.0,0,0.0,Hill Road,0.0,,0.0,,0.0,Overcast,2185200,0,0.0,0.0,2.0,0.0,0.0,0.0,0.0,1.0,,0.0,0.0,Wellington Region,Nil,2-way,Sealed,0.0,0.0,0,0.0,50.0,0.0,Null,0.0,0.0,,47,Wellington City,Unknown,0.0,0.0,0.0,0.0,0.0,0.0,Urban,2.0,0.0,0.0,Fine,Null,0
66395024,,576903,0.0,0.0,0.0,1.0,0.0,South,2018/2019,EVANS BAY PARADE,BELVEDERE ROAD,,Non-Injury Crash,No,2018,0.0,South,0.0,0,0.0,Flat,0.0,,0.0,,0.0,Dark,2179800,0,0.0,0.0,2.0,0.0,0.0,0.0,0.0,1.0,,0.0,0.0,Wellington Region,Nil,2-way,Sealed,0.0,0.0,0,0.0,50.0,0.0,On,0.0,0.0,,47,Wellington City,Unknown,0.0,0.0,0.0,0.0,0.0,0.0,Urban,1.0,0.0,0.0,Fine,Null,0
66395075,,573200,0.0,0.0,0.0,3.0,0.0,South,2017/2018,BROOKLYN ROAD,FRANKLIN AVENUE,,Non-Injury Crash,No,2018,0.0,North,0.0,0,0.0,Hill Road,0.0,,0.0,,0.0,Dark,2159300,0,0.0,0.0,2.0,0.0,0.0,0.0,0.0,3.0,,0.0,0.0,Wellington Region,Nil,2-way,Sealed,0.0,0.0,0,0.0,50.0,0.0,On,1.0,0.0,,47,Wellington City,Unknown,0.0,0.0,0.0,0.0,0.0,0.0,Urban,0.0,0.0,0.0,Fine,Null,0
66395096,,573101,0.0,,0.0,2.0,,Null,2018/2019,TARANAKI ST,MARTIN SQUARE,,Non-Injury Crash,No,2018,,South,,0,,Flat,,,,,,Overcast,2134700,0,0.0,0.0,5.0,,,0.0,,,,,,Wellington Region,Nil,2-way,Sealed,,0.0,0,,50.0,,Null,0.0,0.0,,47,Wellington City,Nil,,,,,0.0,0.0,Urban,0.0,,,Fine,Null,0
66395100,,572900,0.0,0.0,0.0,2.0,0.0,North,2018/2019,THORNDON QUAY,MULGRAVE STREET,,Minor Crash,No,2019,0.0,North,0.0,0,0.0,Flat,0.0,,0.0,,0.0,Bright sun,2121500,2,0.0,0.0,3.0,0.0,0.0,0.0,0.0,1.0,,0.0,0.0,Wellington Region,Nil,2-way,Sealed,0.0,0.0,0,0.0,50.0,0.0,Off,0.0,1.0,,47,Wellington City,Unknown,0.0,0.0,0.0,0.0,0.0,0.0,Urban,0.0,0.0,0.0,Fine,Null,0
66395116,,575600,0.0,0.0,0.0,2.0,0.0,North,2018/2019,TANERA CRES,Penn Way,,Non-Injury Crash,No,2018,0.0,Null,0.0,0,0.0,Null,0.0,Labour Weekend,0.0,,0.0,Unknown,2160700,0,0.0,0.0,0.0,0.0,0.0,0.0,0.0,2.0,,0.0,0.0,Wellington Region,Nil,Null,Null,0.0,0.0,0,0.0,,0.0,Null,0.0,0.0,,47,Wellington City,Unknown,0.0,0.0,0.0,0.0,0.0,0.0,Urban,1.0,0.0,0.0,Null,Null,0
66395138,,573101,0.0,,0.0,2.0,,Null,2018/2019,TARANAKI ST,JERVOIS QUAY,,Non-Injury Crash,No,2018,,North,,0,,Flat,,,,,,Dark,2133200,0,0.0,0.0,3.0,,,0.0,,,,,,Wellington Region,Nil,1-way,Sealed,,0.0,0,,50.0,,On,0.0,1.0,,47,Wellington City,Traffic Signals,,,,,0.0,0.0,Urban,0.0,,,Null,Null,0
66395141,,572900,0.0,0.0,0.0,1.0,0.0,Null,2017/2018,MURPHY ST,BROOK ST,,Non-Injury Crash,No,2018,0.0,South,0.0,0,0.0,Hill Road,0.0,,0.0,,0.0,Dark,2119200,0,0.0,0.0,2.0,0.0,0.0,0.0,0.0,0.0,,0.0,1.0,Wellington Region,Nil,1-way,Sealed,0.0,0.0,0,0.0,50.0,0.0,On,0.0,0.0,,47,Wellington City,Traffic Signals,0.0,0.0,0.0,0.0,0.0,0.0,Urban,0.0,0.0,0.0,Fine,Null,0
66395146,,574500,0.0,,0.0,1.0,,Null,2017/2018,SH 1N,AOTEA ON NBD,,Non-Injury Crash,Yes,2018,,East,,0,,Flat,,,,,,Bright sun,2093600,0,0.0,0.0,4.0,,,0.0,,,,,,Wellington Region,Motorway ramp,1-way,Sealed,,0.0,0,,100.0,,Null,0.0,0.0,,47,Wellington City,Nil,,,,,1.0,0.0,Open,0.0,,,Fine,Null,0
66395161,,573903,0.0,0.0,0.0,1.0,0.0,South,2018/2019,NEWLANDS RD,STELLA GROVE,,Non-Injury Crash,No,2019,0.0,South,0.0,0,0.0,Flat,0.0,,0.0,,0.0,Bright sun,2074600,0,0.0,0.0,2.0,0.0,0.0,0.0,0.0,1.0,,0.0,0.0,Wellington Region,Nil,2-way,Sealed,0.0,0.0,0,0.0,50.0,0.0,Null,0.0,0.0,,47,Wellington City,Unknown,0.0,0.0,0.0,0.0,1.0,0.0,Urban,0.0,0.0,0.0,Fine,Null,0
66395167,,576800,0.0,,0.0,2.0,,Null,2018/2019,MOXHAM AVENUE,TAPIRI STREET,,Non-Injury Crash,No,2018,,South,,0,,Flat,,,,,,Dark,2181900,0,0.0,0.0,2.0,,,0.0,,,,,,Wellington Region,Nil,2-way,Sealed,,0.0,0,,30.0,,On,0.0,0.0,,47,Wellington City,Stop,,,,,0.0,0.0,Urban,0.0,,,Fine,Null,0
66395184,,573101,0.0,,0.0,2.0,,Null,2017/2018,WAKEFIELD ST,BLAIR ST,,Non-Injury Crash,No,2018,,West,,0,,Flat,,,,,,Dark,2135700,0,0.0,0.0,4.0,,,0.0,,,,,,Wellington Region,Nil,1-way,Sealed,,0.0,0,,50.0,,On,0.0,0.0,,47,Wellington City,Traffic Signals,,,,,0.0,0.0,Urban,0.0,,,Fine,Null,0
66395222,,576800,0.0,,0.0,1.0,,South,2018/2019,MOXHAM AVE,TAURIMA ST,,Non-Injury Crash,No,2018,,Null,,0,,Null,,,,,,Overcast,2181900,0,0.0,0.0,2.0,,,1.0,,,,,,Wellington Region,Nil,2-way,Null,,0.0,0,,50.0,,Off,0.0,0.0,,47,Wellington City,Unknown,,,,,0.0,0.0,Urban,0.0,,,Null,Null,0
66395225,,573700,0.0,,0.0,2.0,,Null,2018/2019,BRODERICK ROAD,MOOREFIELD ROAD,,Non-Injury Crash,No,2019,,West,,0,,Flat,,,,,,Dark,2082800,0,0.0,0.0,2.0,,,0.0,,,,,,Wellington Region,Nil,2-way,Sealed,,0.0,0,,50.0,,On,0.0,0.0,,47,Wellington City,Traffic Signals,,,,,0.0,0.0,Urban,0.0,,,Fine,Null,0
66395227,,576001,1.0,,0.0,0.0,,South,2018/2019,THE PARADE,TAMAR ST,,Minor Crash,No,2018,,South,,0,,Hill Road,,,,,,Overcast,2193600,1,0.0,0.0,2.0,,,0.0,,,,,,Wellington Region,Nil,2-way,Sealed,,0.0,0,,50.0,,Null,0.0,0.0,,47,Wellington City,Nil,,,,,0.0,0.0,Urban,1.0,,,Light rain,Null,0
66395261,,573901,0.0,,0.0,2.0,,Null,2017/2018,KAHIKATEA GROVE,BRACKEN ROAD,,Non-Injury Crash,No,2018,,East,,0,,Hill Road,,,,,,Overcast,2074100,0,0.0,0.0,2.0,,,0.0,,,,,,Wellington Region,Nil,2-way,Sealed,,0.0,0,,50.0,,Null,0.0,0.0,,47,Wellington City,Give way,,,,,0.0,0.0,Urban,0.0,,,Light rain,Null,0
66395278,,573400,0.0,0.0,0.0,2.0,0.0,North,2019/2020,BROUGHAM ST,PIRIE STREET,,Minor Crash,No,2019,0.0,North,0.0,0,0.0,Hill Road,0.0,,0.0,,0.0,Bright sun,2141300,1,0.0,0.0,2.0,0.0,0.0,0.0,0.0,2.0,,0.0,0.0,Wellington Region,Nil,2-way,Sealed,0.0,0.0,0,0.0,50.0,0.0,Off,0.0,0.0,,47,Wellington City,Unknown,0.0,0.0,0.0,0.0,0.0,0.0,Urban,1.0,0.0,0.0,Fine,Null,0
66395291,,576301,0.0,0.0,0.0,0.0,0.0,North,2018/2019,ADELAIDE ROAD,NIKAU ST,,Non-Injury Crash,No,2018,0.0,South,0.0,0,0.0,Hill Road,0.0,,0.0,,0.0,Bright sun,2163500,0,0.0,0.0,2.0,0.0,1.0,0.0,0.0,0.0,,0.0,0.0,Wellington Region,Nil,2-way,Sealed,0.0,0.0,0,0.0,50.0,0.0,Null,0.0,0.0,,47,Wellington City,Unknown,0.0,0.0,0.0,0.0,1.0,0.0,Urban,0.0,0.0,0.0,Fine,Null,0
66395293,,574500,0.0,0.0,0.0,0.0,0.0,East,2017/2018,SH 1N,AOTEA OFF SBD,,Non-Injury Crash,Yes,2018,0.0,West,0.0,0,0.0,Flat,1.0,,0.0,,0.0,Overcast,2093600,0,0.0,0.0,6.0,0.0,0.0,0.0,0.0,0.0,,0.0,0.0,Wellington Region,Nil,2-way,Sealed,0.0,0.0,0,0.0,100.0,0.0,Null,1.0,0.0,,47,Wellington City,Unknown,0.0,0.0,0.0,0.0,0.0,0.0,Open,1.0,0.0,0.0,Fine,Null,0
66395301,,573000,0.0,0.0,0.0,2.0,0.0,West,2017/2018,JOHNSTON ST,FEATHERSTON ST,,Non-Injury Crash,No,2018,0.0,West,0.0,0,0.0,Flat,0.0,,0.0,,0.0,Twilight,2125600,0,0.0,0.0,1.0,0.0,0.0,0.0,0.0,1.0,,0.0,0.0,Wellington Region,Nil,1-way,Sealed,0.0,0.0,0,0.0,50.0,0.0,On,0.0,0.0,,47,Wellington City,Nil,0.0,0.0,0.0,0.0,0.0,0.0,Urban,0.0,0.0,0.0,Fine,Null,0
66395303,,573903,0.0,0.0,0.0,2.0,0.0,Null,2018/2019,BELLRINGER CRESCENT,MERRITT WAY,,Non-Injury Crash,No,2018,0.0,North,0.0,0,0.0,Hill Road,0.0,,0.0,,0.0,Overcast,2073600,0,0.0,0.0,2.0,0.0,0.0,0.0,0.0,1.0,,0.0,0.0,Wellington Region,Nil,2-way,Sealed,0.0,0.0,0,0.0,50.0,0.0,Null,0.0,0.0,,47,Wellington City,Nil,0.0,0.0,0.0,0.0,0.0,0.0,Urban,0.0,0.0,0.0,Fine,Null,0
66395312,,573101,0.0,,0.0,1.0,,East,2018/2019,01N-1075/00.13-I,BUTE ST,,Minor Crash,Yes,2019,,South,,0,,Flat,,,,,,Bright sun,2131800,1,0.0,0.0,2.0,,,0.0,,,1.0,,,Wellington Region,Nil,1-way,Sealed,,0.0,0,,50.0,,Off,0.0,0.0,,47,Wellington City,Unknown,,,,,0.0,0.0,Urban,0.0,,,Fine,Null,0
66395313,,575100,1.0,,0.0,1.0,,East,2018/2019,KARORI ROAD,PARKVALE ROAD,,Serious Crash,No,2019,,West,,0,,Flat,,,,,,Twilight,2114200,0,0.0,0.0,2.0,,,0.0,,,,,,Wellington Region,Nil,2-way,Sealed,,0.0,1,,50.0,,Off,0.0,0.0,,47,Wellington City,Nil,,,,,0.0,0.0,Urban,0.0,,,Fine,Null,0
66395344,,574303,0.0,,0.0,1.0,,West,2018/2019,NEWLANDS ON NBD,NEWLANDS OFF NBD,,Non-Injury Crash,Yes,2018,,North,,0,,Hill Road,,,,,,Overcast,2084302,0,0.0,0.0,1.0,,,0.0,,,,,,Wellington Region,Motorway ramp,1-way,Sealed,,0.0,0,,50.0,,Null,0.0,0.0,,47,Wellington City,Unknown,,,,,0.0,0.0,Urban,0.0,,,Mist or Fog,Null,0
66395383,,572900,0.0,,1.0,1.0,,North,2018/2019,MOLESWORTH ST,AITKEN STREET,,Non-Injury Crash,No,2018,,North,,0,,Flat,,,,,,Bright sun,2121200,0,0.0,0.0,2.0,,,0.0,,,,,,Wellington Region,Nil,1-way,Sealed,,0.0,0,,50.0,,Off,0.0,0.0,,47,Wellington City,Unknown,,,,,0.0,0.0,Urban,0.0,,,Fine,Null,0
66395402,,573522,0.0,0.0,0.0,0.0,0.0,Null,2018/2019,TAKAPU ROAD,TAWA-GRENADA NORTH OFF RAMP,,Non-Injury Crash,No,2019,0.0,North,1.0,0,0.0,Flat,0.0,,0.0,,1.0,Dark,2053703,0,0.0,0.0,2.0,0.0,0.0,0.0,0.0,0.0,,0.0,0.0,Wellington Region,Motorway ramp,2-way,Sealed,0.0,0.0,0,0.0,50.0,0.0,On,0.0,0.0,,47,Wellington City,Give way,0.0,0.0,0.0,0.0,0.0,0.0,Urban,1.0,0.0,0.0,Light rain,Null,0
66395476,,576901,0.0,0.0,0.0,2.0,0.0,East,2017/2018,ENDEAVOUR ST,YULE ST,,Non-Injury Crash,No,2018,0.0,East,0.0,0,0.0,Flat,0.0,,0.0,,0.0,Bright sun,2177500,0,0.0,0.0,2.0,0.0,0.0,0.0,0.0,1.0,,0.0,0.0,Wellington Region,Nil,2-way,Sealed,0.0,0.0,0,0.0,50.0,0.0,Null,0.0,0.0,,47,Wellington City,Unknown,0.0,0.0,0.0,0.0,0.0,0.0,Urban,0.0,0.0,0.0,Fine,Null,0
66395499,,576600,0.0,,1.0,2.0,,West,2018/2019,ORIENTAL PARADE,FREYBERG POOL CPK ENT,,Minor Crash,No,2018,,West,,0,,Flat,,,,,,Bright sun,2137900,1,0.0,0.0,2.0,,,0.0,,,,,,Wellington Region,Nil,2-way,Sealed,,0.0,0,,50.0,,Null,0.0,0.0,,47,Wellington City,Unknown,,,,,0.0,0.0,Urban,0.0,,,Fine,Null,0
66395525,,576001,1.0,,0.0,1.0,,North,2018/2019,THE PARADE,HUMBER ST,,Non-Injury Crash,No,2018,,South,,0,,Flat,,,,,,Dark,2190700,0,0.0,0.0,4.0,,,0.0,,,,,,Wellington Region,Nil,2-way,Sealed,,0.0,0,,50.0,,On,0.0,0.0,,47,Wellington City,Nil,,,,,0.0,0.0,Urban,0.0,,,Fine,Null,0
66395557,,573000,0.0,,1.0,0.0,,Null,2018/2019,WILLESTON STREET,CUSTOMHOUSE QUAY,,Non-Injury Crash,No,2019,,North,,0,,Null,,,,,,Overcast,2127400,0,0.0,0.0,2.0,,,0.0,,,,,,Wellington Region,Nil,1-way,Sealed,,0.0,0,,30.0,,Off,0.0,0.0,,47,Wellington City,Traffic Signals,,,,,0.0,0.0,Urban,1.0,,,Null,Null,0
66395616,,574303,0.0,,0.0,1.0,,South,2017/2018,SH 1N,ABATTOIRS,,Non-Injury Crash,Yes,2018,,North,,0,,Hill Road,,,,,,Overcast,2088705,0,0.0,0.0,6.0,,,0.0,,,,,,Wellington Region,Motorway ramp,2-way,Sealed,,0.0,0,,80.0,,Null,0.0,0.0,,47,Wellington City,Give way,,,,,0.0,0.0,Open,0.0,,,Light rain,Null,0
66395631,,573101,0.0,,0.0,1.0,,Null,2018/2019,VICTORIA STREET,VIVIAN STREET,,Non-Injury Crash,No,2018,,South,,0,,Null,,,,,,Bright sun,2131600,0,0.0,0.0,4.0,,,0.0,,,,,,Wellington Region,Nil,1-way,Sealed,,0.0,0,,50.0,,Null,0.0,0.0,,47,Wellington City,Traffic Signals,,,,,1.0,0.0,Urban,0.0,,,Fine,Null,0
66395647,,572900,0.0,0.0,0.0,2.0,0.0,South,2018/2019,GROSVENOR TERRACE,ORCHARD ST,,Non-Injury Crash,No,2018,0.0,East,0.0,0,0.0,Hill Road,1.0,,0.0,,0.0,Overcast,2117400,0,0.0,0.0,2.0,0.0,0.0,0.0,1.0,1.0,,0.0,0.0,Wellington Region,Nil,2-way,Sealed,0.0,0.0,0,0.0,50.0,0.0,Null,0.0,0.0,,47,Wellington City,Unknown,0.0,0.0,0.0,1.0,0.0,0.0,Urban,0.0,0.0,0.0,Fine,Null,0
66395664,,572900,0.0,0.0,0.0,3.0,1.0,North,2018/2019,TINAKORI ROAD,HOBSON ST,,Minor Crash,No,2018,0.0,South,0.0,0,0.0,Hill Road,0.0,,0.0,,0.0,Bright sun,2120300,1,0.0,0.0,2.0,0.0,0.0,0.0,0.0,1.0,,0.0,0.0,Wellington Region,Nil,2-way,Sealed,0.0,0.0,0,0.0,50.0,0.0,Null,0.0,0.0,,47,Wellington City,Give way,0.0,0.0,0.0,0.0,0.0,0.0,Urban,0.0,0.0,0.0,Fine,Null,0
66395685,,577000,0.0,0.0,0.0,2.0,0.0,South,2018/2019,STEWART DUFF DRIVE,STATION DRIVE,,Non-Injury Crash,No,2018,0.0,North,0.0,0,0.0,Flat,0.0,,0.0,,0.0,Bright sun,2175700,0,0.0,0.0,2.0,0.0,0.0,0.0,0.0,0.0,,0.0,0.0,Wellington Region,Nil,1-way,Sealed,0.0,0.0,0,0.0,5.0,0.0,Null,0.0,0.0,,47,Wellington City,Unknown,0.0,0.0,0.0,0.0,0.0,0.0,Urban,0.0,1.0,0.0,Fine,Null,0
66395716,,576901,0.0,,0.0,2.0,,Null,2018/2019,COUTTS STREET,ONEPU ROAD,,Minor Crash,No,2019,,West,,0,,Flat,,,,,,Dark,2178801,3,0.0,0.0,2.0,,,0.0,,,,,,Wellington Region,Nil,2-way,Sealed,,0.0,0,,50.0,,On,0.0,0.0,,47,Wellington City,Traffic Signals,,,,,0.0,0.0,Urban,0.0,,,Fine,Null,0
66395725,,574500,0.0,0.0,0.0,1.0,1.0,North,2018/2019,HUTT ROAD,KAIWHARAWHARA ROAD,,Minor Crash,No,2019,0.0,North,0.0,0,0.0,Flat,0.0,,0.0,,0.0,Dark,2093500,1,0.0,0.0,4.0,0.0,0.0,0.0,0.0,0.0,,0.0,0.0,Wellington Region,Nil,2-way,Sealed,0.0,0.0,0,0.0,60.0,0.0,On,0.0,0.0,,47,Wellington City,Unknown,0.0,0.0,0.0,0.0,0.0,0.0,Urban,0.0,0.0,0.0,Fine,Null,0
66395848,,573000,0.0,,0.0,2.0,,South,2017/2018,SH 1N,SOUTH PORTAL,,Non-Injury Crash,Yes,2018,,South,,0,,Flat,,,,,,Bright sun,2130600,0,0.0,0.0,1.0,,,0.0,,,,,,Wellington Region,Nil,2-way,Sealed,,0.0,0,,80.0,,Null,0.0,0.0,,47,Wellington City,Unknown,,,,,0.0,0.0,Open,0.0,,,Fine,Null,0
66395876,,574500,1.0,,0.0,1.0,,Null,2018/2019,HUTT ROAD,WESTMINSTER STREET,,Serious Crash,No,2019,,North,,0,,Flat,,,,,,Bright sun,2093500,0,0.0,0.0,4.0,,,0.0,,,,,,Wellington Region,Nil,2-way,Sealed,,0.0,1,,60.0,,Off,0.0,0.0,,47,Wellington City,Stop,,,,,0.0,0.0,Urban,0.0,,,Fine,Null,0
66395880,,573000,0.0,0.0,1.0,0.0,0.0,South,2018/2019,WILLIS STREET,FLAGSTAFF LANE,,Non-Injury Crash,No,2018,0.0,North,0.0,0,0.0,Null,0.0,,0.0,,0.0,Bright sun,2128500,0,0.0,0.0,0.0,0.0,0.0,0.0,0.0,1.0,,0.0,0.0,Wellington Region,Nil,Null,Sealed,0.0,0.0,0,0.0,,0.0,Off,0.0,0.0,,47,Wellington City,Unknown,0.0,0.0,0.0,0.0,0.0,0.0,Urban,1.0,0.0,0.0,Null,Null,0
66395923,,573400,0.0,,0.0,2.0,,South,2017/2018,PALLISER ROAD,BAYVIEW TERRACE,,Non-Injury Crash,No,2018,,South,,0,,Hill Road,,,,,,Bright sun,2139604,0,0.0,0.0,2.0,,,0.0,,,,,,Wellington Region,Nil,2-way,Sealed,,0.0,0,,50.0,,Null,0.0,0.0,,47,Wellington City,Unknown,,,,,0.0,0.0,Urban,0.0,,,Fine,Null,0
66395935,,573101,0.0,,0.0,2.0,,Null,2018/2019,WAKEFIELD STREET,CUBA STREET,,Non-Injury Crash,No,2018,,East,,0,,Flat,,,,,,Dark,2133300,0,0.0,0.0,2.0,,,0.0,,,,,,Wellington Region,Nil,2-way,Null,,0.0,0,,50.0,,On,0.0,0.0,,47,Wellington City,Traffic Signals,,,,,0.0,0.0,Urban,0.0,,,Fine,Null,0
66395946,,576901,0.0,0.0,0.0,2.0,0.0,West,2017/2018,COUTTS ST,ROSS ST,,Non-Injury Crash,No,2018,0.0,East,0.0,0,0.0,Flat,0.0,,0.0,,0.0,Bright sun,2177100,0,0.0,0.0,2.0,0.0,0.0,0.0,0.0,1.0,,0.0,0.0,Wellington Region,Nil,2-way,Sealed,0.0,0.0,0,0.0,30.0,0.0,Null,0.0,0.0,,47,Wellington City,Unknown,0.0,0.0,0.0,0.0,0.0,0.0,Urban,0.0,0.0,0.0,Fine,Null,0