OBJECTID,advisorySpeed,areaUnitID,bicycle,bridge,bus,carStationWagon,cliffBank,crashDirectionDescription,crashFinancialYear,crashLocation1,crashLocation2,crashRoadSideRoad,crashSeverity,crashSHDescription,crashYear,debris,directionRoleDescription,ditch,fatalCount,fence,flatHill,guardRail,holiday,houseOrBuilding,intersection,kerb,light,meshblockId,minorInjuryCount,moped,motorcycle,NumberOfLanes,objectThrownOrDropped,otherObject,otherVehicleType,overBank,parkedVehicle,pedestrian,phoneBoxEtc,postOrPole,region,roadCharacter,roadLane,roadSurface,roadworks,schoolBus,seriousInjuryCount,slipOrFlood,speedLimit,strayAnimal,streetLight,suv,taxi,temporarySpeedLimit,tlaId,tlaName,trafficControl,trafficIsland,trafficSign,train,tree,truck,unknownVehicleType,urban,vanOrUtility,vehicle,waterRiver,weatherA,weatherB,if_pandemic
66395976,,573000,0.0,,0.0,2.0,,North,2017/2018,SH 1N,EVERTON OBR,,Minor Crash,Yes,2018,,South,,0,,Flat,,,,,,Bright sun,2126403,1,0.0,0.0,1.0,,,0.0,,,,,,Wellington Region,Nil,1-way,Sealed,,0.0,0,,60.0,,Null,0.0,0.0,,47,Wellington City,Unknown,,,,,0.0,0.0,Urban,0.0,,,Fine,Null,0
66395983,,575000,0.0,0.0,0.0,3.0,0.0,West,2018/2019,DONALD CRES,DONALD STREET,,Non-Injury Crash,No,2018,0.0,South,0.0,0,0.0,Hill Road,0.0,,0.0,,0.0,Overcast,2112800,0,0.0,0.0,2.0,0.0,0.0,0.0,0.0,1.0,,0.0,0.0,Wellington Region,Nil,2-way,Sealed,0.0,0.0,0,0.0,50.0,0.0,Off,0.0,0.0,,47,Wellington City,Unknown,0.0,0.0,0.0,0.0,0.0,0.0,Urban,1.0,0.0,0.0,Fine,Null,0
66395999,,573200,0.0,,0.0,1.0,,North,2017/2018,OHIRO ROAD,TANERA CRESCENT,,Non-Injury Crash,No,2018,,North,,0,,Hill Road,,,,,,Overcast,2158700,0,0.0,0.0,2.0,,,0.0,,,,,,Wellington Region,Nil,2-way,Sealed,,0.0,0,,50.0,,Null,1.0,0.0,,47,Wellington City,Unknown,,,,,0.0,0.0,Urban,0.0,,,Light rain,Null,0
66396014,,573526,0.0,0.0,0.0,1.0,0.0,North,2017/2018,SH 2,HUTT ON NBD,,Non-Injury Crash,Yes,2018,0.0,North,0.0,0,0.0,Flat,1.0,,0.0,,0.0,Dark,2077503,0,0.0,0.0,2.0,0.0,0.0,0.0,0.0,0.0,,0.0,0.0,Wellington Region,Nil,1-way,Sealed,0.0,0.0,0,0.0,100.0,0.0,On,0.0,0.0,,47,Wellington City,Unknown,0.0,0.0,0.0,0.0,1.0,0.0,Open,0.0,0.0,0.0,Fine,Null,0
66396026,,573511,0.0,0.0,0.0,1.0,0.0,North,2017/2018,WESTCHESTER DRIVE,MIDDLETON ROAD,,Non-Injury Crash,No,2018,0.0,East,0.0,0,0.0,Hill Road,0.0,,0.0,,0.0,Dark,2086502,0,0.0,0.0,2.0,0.0,0.0,0.0,1.0,0.0,,0.0,0.0,Wellington Region,Nil,2-way,Sealed,0.0,0.0,0,0.0,50.0,0.0,On,0.0,0.0,,47,Wellington City,Unknown,0.0,0.0,0.0,0.0,0.0,0.0,Urban,0.0,0.0,0.0,Mist or Fog,Null,0
66396028,,573000,0.0,,0.0,4.0,,South,2018/2019,SH 1N,BOULCOTT OBR,,Non-Injury Crash,Yes,2018,,South,,0,,Flat,,,,,,Overcast,2126700,0,0.0,0.0,2.0,,,0.0,,,,,,Wellington Region,Nil,1-way,Sealed,,0.0,0,,100.0,,Null,0.0,0.0,,47,Wellington City,Unknown,,,,,0.0,0.0,Open,0.0,,,Fine,Null,0
66396044,,573526,0.0,,0.0,4.0,,West,2018/2019,SH 2,HOROKIWI ROAD,,Non-Injury Crash,Yes,2018,,West,,0,,Flat,,,,,,Overcast,2086403,0,0.0,0.0,2.0,,,0.0,,,,,,Wellington Region,Nil,1-way,Sealed,,0.0,0,,100.0,,Null,0.0,0.0,,47,Wellington City,Unknown,,,,,0.0,0.0,Open,0.0,,,Fine,Null,0
66396068,,576200,1.0,0.0,0.0,2.0,0.0,North,2018/2019,ADELAIDE ROAD,WARIPORI STREET,,Non-Injury Crash,No,2018,0.0,North,0.0,0,0.0,Flat,0.0,,0.0,,0.0,Overcast,2171100,0,0.0,0.0,2.0,0.0,0.0,0.0,0.0,0.0,,0.0,0.0,Wellington Region,Nil,2-way,Sealed,0.0,0.0,0,0.0,50.0,0.0,Off,0.0,0.0,,47,Wellington City,Unknown,0.0,0.0,0.0,0.0,0.0,0.0,Urban,0.0,1.0,0.0,Fine,Null,0
66396078,,572900,0.0,0.0,0.0,1.0,0.0,North,2018/2019,01N-1068-I,HAWKESTONE STREET OFF RAMP,,Non-Injury Crash,Yes,2018,0.0,South,0.0,0,0.0,Flat,1.0,,0.0,,0.0,Overcast,2119300,0,0.0,0.0,7.0,0.0,0.0,0.0,0.0,0.0,,0.0,0.0,Wellington Region,Nil,2-way,Sealed,0.0,0.0,0,0.0,100.0,0.0,Off,0.0,0.0,,47,Wellington City,Unknown,0.0,0.0,0.0,0.0,0.0,0.0,Open,0.0,0.0,0.0,Fine,Null,0
66396089,,573101,0.0,,0.0,0.0,,East,2018/2019,COURTENAY PLACE,ALLEN STREET,,Minor Crash,No,2019,,West,,0,,Flat,,Easter,,,,Dark,2135700,2,0.0,1.0,2.0,,,0.0,,,2.0,,,Wellington Region,Nil,2-way,Sealed,,0.0,0,,30.0,,On,0.0,0.0,,47,Wellington City,Traffic Signals,,,,,0.0,0.0,Urban,0.0,,,Fine,Null,0
66396108,,573000,0.0,0.0,1.0,1.0,0.0,Null,2018/2019,LAMBTON QUAY,JOHNSTON STREET,,Non-Injury Crash,No,2019,0.0,North,0.0,0,0.0,Flat,0.0,,0.0,,0.0,Bright sun,2124400,0,0.0,0.0,2.0,0.0,0.0,0.0,0.0,0.0,,0.0,0.0,Wellington Region,Nil,1-way,Sealed,0.0,0.0,0,0.0,30.0,0.0,Off,0.0,0.0,,47,Wellington City,Nil,0.0,0.0,0.0,0.0,0.0,0.0,Urban,0.0,1.0,0.0,Fine,Null,0
66396124,,573700,0.0,0.0,0.0,2.0,0.0,South,2017/2018,JOHNSONVILLE ROAD,NORMAN LANE,,Non-Injury Crash,No,2018,0.0,South,0.0,0,0.0,Flat,0.0,,0.0,,0.0,Overcast,2082800,0,0.0,0.0,2.0,0.0,0.0,0.0,0.0,1.0,,0.0,0.0,Wellington Region,Nil,2-way,Sealed,0.0,0.0,0,0.0,30.0,0.0,Null,1.0,0.0,,47,Wellington City,Unknown,0.0,0.0,0.0,0.0,0.0,0.0,Urban,0.0,0.0,0.0,Fine,Null,0
66396136,,573700,0.0,,0.0,2.0,,South,2018/2019,SH 1N,JOHNSONVILLE OFF NBD,,Non-Injury Crash,Yes,2018,,North,,0,,Flat,,,,,,Twilight,2083100,0,0.0,0.0,3.0,,,0.0,,,,,,Wellington Region,Nil,1-way,Sealed,,0.0,0,,80.0,,On,0.0,0.0,,47,Wellington City,Unknown,,,,,0.0,0.0,Open,0.0,,,Fine,Null,0
66396145,,573101,0.0,,0.0,0.0,,Null,2018/2019,WAKEFIELD STREET,TARANAKI ST,,Non-Injury Crash,No,2018,,Null,,0,,Flat,,,,,,Overcast,2135200,0,0.0,0.0,3.0,,,0.0,,,1.0,,,Wellington Region,Nil,1-way,Sealed,,0.0,0,,50.0,,Null,0.0,0.0,,47,Wellington City,Unknown,,,,,0.0,1.0,Urban,0.0,,,Null,Null,0
66396158,,572500,0.0,,0.0,2.0,,Null,2018/2019,MAIN ROAD,WILLOWBANK ROAD,,Non-Injury Crash,No,2018,,West,,0,,Flat,,,,,,Bright sun,2053701,0,0.0,0.0,2.0,,,0.0,,,,,,Wellington Region,Nil,2-way,Sealed,,0.0,0,,50.0,,Off,0.0,0.0,,47,Wellington City,Give way,,,,,0.0,0.0,Urban,0.0,,,Fine,Null,0
66396165,,574002,0.0,,0.0,0.0,,North,2018/2019,CENTENNIAL HIGHWAY,CENTENNIAL HIGHWAY OFF RAMP,,Non-Injury Crash,Yes,2019,,South,,0,,Hill Road,,,,,,Overcast,2078304,0,0.0,0.0,6.0,,,0.0,,,,,,Wellington Region,Nil,2-way,Sealed,,0.0,0,,80.0,,Off,0.0,0.0,,47,Wellington City,Nil,,,,,0.0,0.0,Open,1.0,,,Fine,Null,0
66396174,,575300,0.0,0.0,0.0,2.0,0.0,North,2018/2019,UPLAND RD,BOUNDARY ROAD,,Minor Crash,No,2019,0.0,South,0.0,0,0.0,Hill Road,0.0,,0.0,,0.0,Overcast,2152402,1,0.0,0.0,2.0,0.0,0.0,0.0,0.0,1.0,,0.0,0.0,Wellington Region,Nil,2-way,Sealed,0.0,0.0,0,0.0,50.0,0.0,Off,0.0,0.0,,47,Wellington City,Unknown,0.0,0.0,0.0,0.0,0.0,0.0,Urban,0.0,0.0,0.0,Light rain,Null,0
66396183,,573101,0.0,,0.0,1.0,,Null,2017/2018,WAKEFIELD ST,CAMBRIDGE TERRACE,,Non-Injury Crash,No,2018,,West,,0,,Flat,,,,,,Bright sun,2135500,0,0.0,0.0,4.0,,,0.0,,,,,,Wellington Region,Nil,1-way,Sealed,,0.0,0,,50.0,,Null,1.0,0.0,,47,Wellington City,Nil,,,,,0.0,0.0,Urban,0.0,,,Fine,Null,0
66396191,,574500,0.0,,0.0,0.0,,Null,2018/2019,HUTT ROAD,SCHOOL ROAD,,Minor Crash,No,2019,,North,,0,,Flat,,,,,,Overcast,2093600,1,0.0,1.0,5.0,,,0.0,,,,,,Wellington Region,Nil,2-way,Sealed,,0.0,0,,60.0,,Off,0.0,0.0,,47,Wellington City,Give way,,,,,0.0,0.0,Urban,1.0,,,Fine,Null,0
66396193,,576301,0.0,0.0,0.0,2.0,0.0,North,2018/2019,RINTOUL ST,COLOMBO ST,,Non-Injury Crash,No,2018,0.0,North,0.0,0,0.0,Hill Road,0.0,,0.0,,0.0,Bright sun,2164700,0,0.0,0.0,2.0,0.0,0.0,0.0,0.0,1.0,,0.0,0.0,Wellington Region,Nil,2-way,Sealed,0.0,0.0,0,0.0,50.0,0.0,Null,0.0,0.0,,47,Wellington City,Unknown,0.0,0.0,0.0,0.0,0.0,0.0,Urban,0.0,0.0,0.0,Fine,Null,0
66396225,,573802,0.0,0.0,0.0,3.0,0.0,North,2018/2019,CHESTERTON ST,BARRIE STREET,,Minor Crash,No,2019,0.0,North,0.0,0,0.0,Hill Road,0.0,,0.0,,0.0,Dark,2078600,1,0.0,0.0,1.0,0.0,0.0,0.0,0.0,2.0,,0.0,0.0,Wellington Region,Nil,2-way,Sealed,0.0,0.0,0,0.0,50.0,0.0,On,0.0,0.0,,47,Wellington City,Unknown,0.0,0.0,0.0,0.0,0.0,0.0,Urban,0.0,0.0,0.0,Fine,Null,0
66396237,,573400,0.0,0.0,0.0,3.0,0.0,Null,2016/2017,HANIA STREET,ELLICE STREET,,Non-Injury Crash,No,2016,0.0,South,0.0,0,1.0,Flat,0.0,,0.0,,0.0,Bright sun,2143600,0,0.0,0.0,2.0,0.0,0.0,0.0,0.0,1.0,,0.0,0.0,Wellington Region,Nil,2-way,Sealed,0.0,0.0,0,0.0,50.0,0.0,Off,0.0,0.0,,47,Wellington City,Give way,0.0,0.0,0.0,0.0,0.0,0.0,Urban,0.0,0.0,0.0,Fine,Null,0
66396242,,576100,0.0,,0.0,2.0,,East,2018/2019,THE ESPLANADE,BRIGHTON ST,,Minor Crash,No,2019,,East,,0,,Flat,,,,,,Bright sun,2190004,2,0.0,0.0,2.0,,,0.0,,,,,,Wellington Region,Nil,2-way,Sealed,,0.0,0,,50.0,,None,0.0,0.0,,47,Wellington City,Unknown,,,,,0.0,0.0,Urban,0.0,,,Fine,Null,0
66396276,,576200,0.0,0.0,0.0,3.0,0.0,South,2018/2019,ADELAIDE RD,DUPPA ST,,Minor Crash,No,2019,0.0,South,0.0,0,0.0,Hill Road,0.0,,0.0,,0.0,Bright sun,2172300,1,0.0,0.0,2.0,0.0,0.0,0.0,0.0,1.0,,0.0,0.0,Wellington Region,Nil,2-way,Sealed,0.0,0.0,0,0.0,50.0,0.0,Off,0.0,0.0,,47,Wellington City,Unknown,0.0,0.0,0.0,0.0,0.0,0.0,Urban,0.0,0.0,0.0,Fine,Null,0
66396333,,574900,0.0,0.0,0.0,2.0,0.0,North,2018/2019,MONTGOMERY AVENUE,ALANBROOKE PLACE,,Non-Injury Crash,No,2018,0.0,South,0.0,0,0.0,Hill Road,0.0,,0.0,,0.0,Twilight,2108303,0,0.0,0.0,2.0,0.0,0.0,0.0,0.0,1.0,,0.0,0.0,Wellington Region,Nil,2-way,Sealed,0.0,0.0,0,0.0,50.0,0.0,On,0.0,0.0,,47,Wellington City,Unknown,0.0,0.0,0.0,0.0,0.0,0.0,Urban,0.0,0.0,0.0,Fine,Null,0
66396342,,576301,1.0,,0.0,0.0,,Null,2017/2018,RIDDIFORD ST,CONSTABLE ST,,Non-Injury Crash,No,2018,,South,,0,,Flat,,,,,,Overcast,2165200,0,0.0,0.0,2.0,,,0.0,,,,,,Wellington Region,Nil,2-way,Sealed,,0.0,0,,40.0,,Null,1.0,0.0,,47,Wellington City,Traffic Signals,,,,,0.0,0.0,Urban,0.0,,,Light rain,Null,0
66396370,35.0,574800,0.0,0.0,0.0,1.0,0.0,North,2018/2019,OLD KARORI RD,ROSEHAUGH AVENUE,,Non-Injury Crash,No,2018,0.0,South,0.0,0,0.0,Hill Road,0.0,,0.0,,0.0,Overcast,2106000,0,0.0,0.0,2.0,0.0,0.0,0.0,0.0,0.0,,0.0,1.0,Wellington Region,Nil,2-way,Sealed,0.0,0.0,0,0.0,50.0,0.0,On,0.0,0.0,,47,Wellington City,Unknown,0.0,0.0,0.0,0.0,0.0,0.0,Urban,0.0,0.0,0.0,Light rain,Null,0
66396391,,573700,1.0,,0.0,1.0,,Null,2018/2019,BRODERICK ROAD,PHILLIP STREET,,Minor Crash,No,2019,,South,,0,,Flat,,,,,,Bright sun,2081800,1,0.0,0.0,2.0,,,0.0,,,,,,Wellington Region,Nil,2-way,Sealed,,0.0,0,,50.0,,Off,0.0,0.0,,47,Wellington City,Give way,,,,,0.0,0.0,Urban,0.0,,,Fine,Null,0
66396425,,576800,0.0,,0.0,0.0,,Null,2017/2018,SH 1N,EAST PORTAL,,Non-Injury Crash,Yes,2018,,West,,0,,Flat,,,,,,Overcast,2181700,0,0.0,0.0,2.0,,,0.0,,,,,,Wellington Region,Nil,2-way,Sealed,,0.0,0,,50.0,,Null,1.0,0.0,,47,Wellington City,Unknown,,,,,0.0,0.0,Urban,1.0,,,Fine,Null,0
66396480,,576800,0.0,,0.0,1.0,,North,2018/2019,01N-1076,GOA STREET,,Non-Injury Crash,Yes,2018,,South,,0,,Flat,,,,,,Bright sun,2181700,0,0.0,0.0,2.0,,,0.0,,,,,,Wellington Region,Nil,2-way,Sealed,,0.0,0,,70.0,,Off,2.0,0.0,,47,Wellington City,Unknown,,,,,0.0,0.0,Urban,0.0,,,Fine,Strong wind,0
66396483,,573000,0.0,,0.0,1.0,,Null,2018/2019,FEATHERSTON STREET,JOHNSTON STREET,,Non-Injury Crash,No,2018,,South,,0,,Flat,,,,,,Overcast,2125400,0,0.0,0.0,2.0,,,0.0,,,,,,Wellington Region,Nil,1-way,Sealed,,0.0,0,,50.0,,Null,0.0,0.0,,47,Wellington City,Traffic Signals,,,,,0.0,0.0,Urban,1.0,,,Fine,Null,0
66396544,,574402,0.0,,0.0,2.0,,North,2018/2019,NGAIO GORGE RD,NGAIO GORGE ROAD,,Minor Crash,No,2019,,West,,0,,Hill Road,,,,,,Overcast,2097602,2,0.0,0.0,2.0,,,0.0,,,,,,Wellington Region,Nil,2-way,Sealed,,0.0,0,,50.0,,Off,0.0,0.0,,47,Wellington City,Unknown,,,,,0.0,0.0,Urban,0.0,,,Fine,Null,0
66396545,,574001,0.0,,0.0,1.0,,South,2018/2019,NEWLANDS ON SBD,NEWLANDS ROAD,,Non-Injury Crash,Yes,2018,,South,,0,,Flat,,,,,,Overcast,2077600,0,0.0,0.0,4.0,,,0.0,,,,,,Wellington Region,Nil,1-way,Sealed,,0.0,0,,80.0,,Null,0.0,0.0,,47,Wellington City,Unknown,,,,,1.0,0.0,Open,0.0,,,Fine,Null,0
66396590,,573700,0.0,,0.0,1.0,,South,2018/2019,MOOREFIELD RD-WEST,HELSTON ROAD,,Non-Injury Crash,No,2018,,North,,0,,Hill Road,,,,,,Bright sun,2082300,0,0.0,0.0,4.0,,,0.0,,,,,,Wellington Region,Nil,2-way,Sealed,,0.0,0,,50.0,,Off,0.0,0.0,,47,Wellington City,Unknown,,,,,1.0,0.0,Urban,0.0,,,Fine,Null,0
66396627,,573101,0.0,,0.0,3.0,,West,2018/2019,SH 1N,TARANAKI ST,,Minor Crash,Yes,2018,,West,,0,,Flat,,,,,,Overcast,2134700,1,0.0,0.0,3.0,,,0.0,,,,,,Wellington Region,Nil,1-way,Sealed,,0.0,0,,50.0,,Null,0.0,0.0,,47,Wellington City,Unknown,,,,,0.0,0.0,Urban,0.0,,,Fine,Null,0
66396650,,574002,0.0,0.0,0.0,1.0,0.0,South,2018/2019,CENTENNIAL HIGHWAY-WEST,GLOVER STREET,,Non-Injury Crash,No,2019,0.0,South,0.0,0,0.0,Flat,1.0,,0.0,,0.0,Dark,2078302,0,0.0,0.0,1.0,0.0,0.0,0.0,0.0,0.0,,0.0,0.0,Wellington Region,Nil,1-way,Sealed,0.0,0.0,0,0.0,80.0,0.0,On,0.0,0.0,,47,Wellington City,Unknown,0.0,0.0,0.0,0.0,0.0,0.0,Open,0.0,0.0,0.0,Fine,Strong wind,0
66396739,,574800,0.0,,0.0,1.0,,East,2018/2019,KARORI ROAD,PARKVALE ROAD,,Minor Crash,No,2018,,West,,0,,Flat,,,,,,Overcast,2107600,1,0.0,1.0,2.0,,,0.0,,,,,,Wellington Region,Nil,2-way,Sealed,,0.0,0,,50.0,,Null,0.0,0.0,,47,Wellington City,Nil,,,,,0.0,0.0,Urban,0.0,,,Light rain,Null,0
66396740,,572900,0.0,0.0,0.0,1.0,0.0,South,2017/2018,TINAKORI ROAD,NEWMAN TERRACE,,Non-Injury Crash,No,2018,0.0,South,0.0,0,0.0,Flat,0.0,,0.0,,0.0,Overcast,2117600,0,0.0,0.0,2.0,0.0,0.0,0.0,0.0,1.0,,0.0,0.0,Wellington Region,Nil,2-way,Sealed,0.0,0.0,0,0.0,50.0,0.0,Null,0.0,0.0,,47,Wellington City,Unknown,0.0,0.0,0.0,0.0,1.0,0.0,Urban,0.0,0.0,0.0,Null,Null,0
66396757,,573101,0.0,0.0,1.0,1.0,0.0,West,2018/2019,COURTENAY PLACE,Allen Street,,Non-Injury Crash,No,2018,0.0,East,0.0,0,0.0,Flat,0.0,,0.0,,0.0,Unknown,2135700,0,0.0,0.0,1.0,0.0,0.0,0.0,0.0,1.0,,0.0,0.0,Wellington Region,Nil,1-way,Sealed,0.0,0.0,0,0.0,30.0,0.0,Null,0.0,0.0,,47,Wellington City,Unknown,0.0,0.0,0.0,0.0,0.0,0.0,Urban,0.0,0.0,0.0,Null,Null,0
66396767,,574302,0.0,,0.0,2.0,,South,2017/2018,SH 1N,SH 2,,Non-Injury Crash,Yes,2018,,East,,0,,Flat,,,,,,Bright sun,2090601,0,0.0,0.0,6.0,,,0.0,,,,,,Wellington Region,Nil,2-way,Sealed,,0.0,0,,100.0,,Null,0.0,0.0,,47,Wellington City,Unknown,,,,,0.0,0.0,Open,0.0,,,Fine,Null,0
66396771,,573903,1.0,,0.0,0.0,,Null,2018/2019,NEWLANDS ROAD,WAKELY ROAD,,Serious Crash,No,2019,,West,,0,,Flat,,,,,,Overcast,2075103,0,0.0,0.0,2.0,,,0.0,,,,,,Wellington Region,Nil,2-way,Sealed,,0.0,1,,50.0,,On,1.0,0.0,,47,Wellington City,Nil,,,,,0.0,0.0,Urban,0.0,,,Fine,Null,0
66396809,,577000,0.0,,0.0,1.0,,Null,2019/2020,CALABAR ROAD,COBHAM DRIVE,,Minor Crash,Yes,2019,,North,,0,,Flat,,,,,,Bright sun,2175700,1,0.0,1.0,2.0,,,0.0,,,,,,Wellington Region,Nil,2-way,Sealed,,0.0,0,,70.0,,None,0.0,0.0,50.0,47,Wellington City,Give way,,,,,0.0,0.0,Urban,0.0,,,Fine,Null,0
66396822,,573400,0.0,0.0,0.0,2.0,0.0,South,2018/2019,PALLISER RD,BAYVIEW TERRACE,,Non-Injury Crash,No,2019,0.0,Null,0.0,0,0.0,Hill Road,0.0,,0.0,,0.0,Unknown,2139604,0,0.0,0.0,2.0,0.0,0.0,0.0,0.0,1.0,,0.0,0.0,Wellington Region,Nil,2-way,Sealed,0.0,0.0,0,0.0,50.0,0.0,On,0.0,0.0,,47,Wellington City,Unknown,0.0,0.0,0.0,0.0,0.0,0.0,Urban,0.0,0.0,0.0,Null,Null,0
66396832,,577200,0.0,,0.0,2.0,,West,2017/2018,MIRAMAR AVENUE,STONE ST,,Non-Injury Crash,No,2018,,West,,0,,Flat,,,,,,Bright sun,2206200,0,0.0,0.0,2.0,,,0.0,,,,,,Wellington Region,Nil,2-way,Sealed,,0.0,0,,30.0,,Null,0.0,0.0,,47,Wellington City,Nil,,,,,0.0,0.0,Urban,0.0,,,Fine,Null,0
66396839,,572600,0.0,,0.0,0.0,,Null,2017/2018,MAIN ROAD,SURREY STREET,,Non-Injury Crash,No,2018,,Null,,0,,Null,,,,,,Unknown,1992000,0,0.0,0.0,0.0,,,0.0,,,,,,Wellington Region,Nil,2-way,Null,,0.0,0,,50.0,,Null,0.0,0.0,,47,Wellington City,Give way,,,,,0.0,2.0,Urban,0.0,,,Heavy rain,Null,0
66396848,,573101,0.0,,0.0,0.0,,Null,2017/2018,VICTORIA ST,GHUZNEE ST,,Non-Injury Crash,No,2018,,South,,0,,Flat,,,,,,Bright sun,2131700,0,0.0,0.0,4.0,,,0.0,,,,,,Wellington Region,Nil,2-way,Sealed,,0.0,0,,30.0,,Null,0.0,0.0,,47,Wellington City,Traffic Signals,,,,,0.0,0.0,Urban,2.0,,,Fine,Null,0
66396854,,573000,0.0,0.0,0.0,1.0,0.0,South,2018/2019,WILLIS STREET,WILLESTON ST,,Non-Injury Crash,No,2018,0.0,Null,0.0,0,0.0,Flat,0.0,,0.0,,0.0,Overcast,2127300,0,0.0,0.0,2.0,0.0,0.0,0.0,0.0,1.0,,0.0,0.0,Wellington Region,Nil,2-way,Sealed,0.0,0.0,0,0.0,50.0,0.0,Off,0.0,0.0,,47,Wellington City,Unknown,0.0,0.0,0.0,0.0,0.0,0.0,Urban,1.0,0.0,0.0,Light rain,Null,0
66396868,,576002,0.0,0.0,0.0,1.0,0.0,North,2017/2018,CLYDE ST,BRIGHTON ST,,Non-Injury Crash,No,2018,0.0,South,0.0,0,0.0,Flat,0.0,,0.0,,0.0,Bright sun,2191000,0,0.0,0.0,2.0,0.0,0.0,0.0,0.0,1.0,,0.0,0.0,Wellington Region,Nil,2-way,Sealed,0.0,0.0,0,0.0,50.0,0.0,Null,1.0,0.0,,47,Wellington City,Unknown,0.0,0.0,0.0,0.0,0.0,0.0,Urban,0.0,0.0,0.0,Fine,Null,0
66396878,,573101,0.0,0.0,0.0,1.0,0.0,North,2018/2019,JERVOIS QUAY,MARKET LANE,,Non-Injury Crash,No,2019,0.0,South,0.0,0,0.0,Flat,1.0,,0.0,,0.0,Bright sun,2133000,0,0.0,0.0,3.0,0.0,0.0,0.0,0.0,0.0,,0.0,0.0,Wellington Region,Nil,1-way,Sealed,0.0,0.0,0,0.0,50.0,0.0,Off,0.0,0.0,,47,Wellington City,Unknown,0.0,0.0,0.0,1.0,0.0,0.0,Urban,0.0,0.0,0.0,Fine,Null,0
66396883,,573101,0.0,,0.0,1.0,,South,2018/2019,MARION ST,GHUZNEE ST,,Non-Injury Crash,No,2018,,Null,,0,,Null,,,,,,Unknown,2133700,0,0.0,0.0,0.0,,,0.0,,,,,,Wellington Region,Nil,Null,Null,,0.0,0,,,,Null,1.0,0.0,,47,Wellington City,Unknown,,,,,0.0,0.0,Urban,0.0,,,Null,Null,0
66396925,,574800,0.0,0.0,0.0,0.0,1.0,West,2018/2019,CHAYTOR ST,CURTIS ST,,Minor Crash,No,2019,0.0,South,0.0,0,0.0,Hill Road,0.0,,0.0,,0.0,Dark,2106100,1,0.0,1.0,2.0,0.0,0.0,0.0,0.0,0.0,,0.0,0.0,Wellington Region,Nil,2-way,Sealed,0.0,0.0,0,0.0,50.0,0.0,On,0.0,0.0,,47,Wellington City,Unknown,0.0,0.0,0.0,0.0,0.0,0.0,Urban,0.0,0.0,0.0,Fine,Null,0
66396929,,574002,0.0,,0.0,1.0,,East,2017/2018,SH 2,HUTT ON NBD,,Non-Injury Crash,Yes,2018,,East,,0,,Flat,,,,,,Dark,2078302,0,0.0,0.0,2.0,,,0.0,,,,,,Wellington Region,Nil,1-way,Sealed,,0.0,0,,100.0,,On,1.0,0.0,60.0,47,Wellington City,Unknown,,,,,0.0,0.0,Open,0.0,,,Fine,Null,0
66396938,,573101,0.0,,0.0,1.0,,East,2018/2019,VIVIAN STREET,KNIGGES AVENUE,,Non-Injury Crash,Yes,2018,,South,,0,,Flat,,,,,,Twilight,2133700,0,0.0,0.0,3.0,,,0.0,,,,,,Wellington Region,Nil,1-way,Sealed,,0.0,0,,50.0,,Off,1.0,0.0,,47,Wellington City,Nil,,,,,0.0,0.0,Urban,0.0,,,Fine,Null,0
66397034,,575600,0.0,,0.0,2.0,,North,2018/2019,MCKINLEY CRESCENT,TAFT ST,,Non-Injury Crash,No,2018,,South,,0,,Hill Road,,,,,,Dark,2162400,0,0.0,0.0,2.0,,,0.0,,,,,,Wellington Region,Nil,2-way,Sealed,,0.0,0,,50.0,,On,0.0,0.0,,47,Wellington City,Nil,,,,,0.0,0.0,Urban,0.0,,,Fine,Null,0
66397043,,573511,0.0,,0.0,4.0,,South,2017/2018,SH 1N,TAWA OFF NBD,,Non-Injury Crash,Yes,2018,,North,,0,,Flat,,,,,,Dark,2086201,0,0.0,0.0,2.0,,,0.0,,,,,,Wellington Region,Nil,1-way,Sealed,,0.0,0,,100.0,,None,0.0,0.0,,47,Wellington City,Unknown,,,,,0.0,0.0,Open,1.0,,,Fine,Null,0
66397078,,572900,0.0,,0.0,2.0,,Null,2017/2018,TINAKORI ROAD,HARRIETT ST,,Non-Injury Crash,No,2018,,South,,0,,Flat,,,,,,Dark,2123100,0,0.0,0.0,2.0,,,0.0,,,,,,Wellington Region,Motorway ramp,2-way,Sealed,,0.0,0,,50.0,,On,0.0,0.0,,47,Wellington City,Traffic Signals,,,,,0.0,0.0,Urban,0.0,,,Fine,Null,0
66397133,,572900,0.0,,0.0,1.0,,North,2018/2019,HUTT ROAD,AOTEA QUAY,,Non-Injury Crash,No,2018,,North,,0,,Flat,,,,,,Dark,2117102,0,0.0,0.0,3.0,,,0.0,,,,,,Wellington Region,Nil,2-way,Sealed,,0.0,0,,60.0,,On,1.0,0.0,,47,Wellington City,Unknown,,,,,0.0,0.0,Urban,0.0,,,Heavy rain,Null,0
66397134,,573101,0.0,,0.0,1.0,,East,2017/2018,SH 1N,TORY ST,,Non-Injury Crash,Yes,2018,,East,,0,,Flat,,,,,,Bright sun,2136500,0,0.0,0.0,2.0,,,0.0,,,,,,Wellington Region,Nil,1-way,Sealed,,0.0,0,,50.0,,Null,0.0,0.0,,47,Wellington City,Unknown,,,,,0.0,0.0,Urban,1.0,,,Fine,Null,0