OBJECTID,advisorySpeed,areaUnitID,bicycle,bridge,bus,carStationWagon,cliffBank,crashDirectionDescription,crashFinancialYear,crashLocation1,crashLocation2,crashRoadSideRoad,crashSeverity,crashSHDescription,crashYear,debris,directionRoleDescription,ditch,fatalCount,fence,flatHill,guardRail,holiday,houseOrBuilding,intersection,kerb,light,meshblockId,minorInjuryCount,moped,motorcycle,NumberOfLanes,objectThrownOrDropped,otherObject,otherVehicleType,overBank,parkedVehicle,pedestrian,phoneBoxEtc,postOrPole,region,roadCharacter,roadLane,roadSurface,roadworks,schoolBus,seriousInjuryCount,slipOrFlood,speedLimit,strayAnimal,streetLight,suv,taxi,temporarySpeedLimit,tlaId,tlaName,trafficControl,trafficIsland,trafficSign,train,tree,truck,unknownVehicleType,urban,vanOrUtility,vehicle,waterRiver,weatherA,weatherB,if_pandemic
66397135,95.0,573526,0.0,,0.0,2.0,,North,2018/2019,SH 2,SERVICE STN NTH,,Non-Injury Crash,Yes,2018,,East,,0,,Flat,,,,,,Overcast,2086403,0,0.0,0.0,3.0,,,0.0,,,,,,Wellington Region,Nil,1-way,Sealed,,0.0,0,,100.0,,Null,0.0,0.0,,47,Wellington City,Unknown,,,,,0.0,0.0,Open,0.0,,,Fine,Null,0
66397153,,573300,1.0,,0.0,1.0,,South,2017/2018,TASMAN ST,HAYWARD TERRACE,,Non-Injury Crash,No,2018,,North,,0,,Flat,,,,,,Twilight,2146900,0,0.0,0.0,2.0,,,0.0,,,,,,Wellington Region,Nil,2-way,Sealed,,0.0,0,,50.0,,On,0.0,0.0,,47,Wellington City,Nil,,,,,0.0,0.0,Urban,0.0,,,Fine,Null,0
66397185,,573513,0.0,0.0,0.0,1.0,0.0,West,2016/2017,CHIPPENHAM GR,WAVERTON TERRACE,,Non-Injury Crash,No,2017,0.0,South,0.0,0,1.0,Flat,0.0,,0.0,,0.0,Dark,2086716,0,0.0,0.0,1.0,0.0,0.0,0.0,0.0,0.0,,1.0,0.0,Wellington Region,Nil,2-way,Sealed,0.0,0.0,0,0.0,50.0,0.0,On,0.0,0.0,,47,Wellington City,Unknown,0.0,0.0,0.0,0.0,0.0,0.0,Urban,0.0,0.0,0.0,Fine,Null,0
66397238,,573101,0.0,,0.0,2.0,,East,2017/2018,WAKEFIELD ST,COURAGE LANE,,Non-Injury Crash,No,2018,,West,,0,,Flat,,,,,,Twilight,2135600,0,0.0,0.0,3.0,,,0.0,,,,,,Wellington Region,Nil,1-way,Sealed,,0.0,0,,50.0,,On,0.0,0.0,,47,Wellington City,Unknown,,,,,0.0,0.0,Urban,0.0,,,Fine,Null,0
66397297,,576301,0.0,0.0,0.0,1.0,0.0,South,2018/2019,ADELAIDE RD,JOHN ST,,Non-Injury Crash,No,2018,0.0,Null,0.0,0,0.0,Null,0.0,,0.0,,0.0,Unknown,2163400,0,0.0,0.0,0.0,0.0,0.0,0.0,0.0,1.0,,0.0,0.0,Wellington Region,Nil,Null,Null,0.0,0.0,0,0.0,,0.0,Null,0.0,0.0,,47,Wellington City,Unknown,0.0,0.0,0.0,0.0,0.0,0.0,Urban,1.0,0.0,0.0,Null,Null,0
66397308,,573000,0.0,,0.0,3.0,,North,2017/2018,SH 1N,EVERTON OBR,,Non-Injury Crash,Yes,2018,,North,,0,,Flat,,,,,,Overcast,2126100,0,0.0,0.0,2.0,,,0.0,,,,,,Wellington Region,Motorway ramp,1-way,Sealed,,0.0,0,,80.0,,Null,0.0,0.0,,47,Wellington City,Unknown,,,,,0.0,0.0,Open,0.0,,,Fine,Null,0
66397399,,573400,0.0,0.0,0.0,1.0,0.0,Null,2018/2019,PIRIE STREET,AUSTIN STREET,,Non-Injury Crash,No,2019,0.0,Null,0.0,0,0.0,Hill Road,0.0,,0.0,,0.0,Overcast,2141700,0,0.0,0.0,2.0,0.0,0.0,0.0,0.0,1.0,,0.0,0.0,Wellington Region,Nil,2-way,Sealed,0.0,0.0,0,0.0,50.0,0.0,Off,0.0,0.0,,47,Wellington City,Stop,0.0,0.0,0.0,0.0,0.0,0.0,Urban,0.0,0.0,0.0,Fine,Null,0
66397410,,573101,0.0,,0.0,0.0,,Null,2018/2019,VICTORIA ST,MANNERS STREET,,Minor Crash,No,2019,,South,,0,,Flat,,Queens Birthday,,,,Dark,2131300,1,0.0,0.0,2.0,,,0.0,,,1.0,,,Wellington Region,Nil,1-way,Sealed,,0.0,0,,50.0,,On,1.0,0.0,,47,Wellington City,Traffic Signals,,,,,0.0,0.0,Urban,0.0,,,Light rain,Null,0
66397416,,573514,0.0,0.0,0.0,1.0,0.0,West,2018/2019,WESTCHESTER DRIVE,ABILENE CRESCENT,,Non-Injury Crash,No,2018,0.0,West,0.0,0,0.0,Flat,0.0,,0.0,,0.0,Dark,2086729,0,0.0,0.0,2.0,0.0,0.0,0.0,0.0,1.0,,0.0,0.0,Wellington Region,Nil,2-way,Sealed,0.0,0.0,0,0.0,50.0,0.0,On,0.0,0.0,,47,Wellington City,Unknown,0.0,0.0,0.0,0.0,0.0,0.0,Urban,1.0,0.0,0.0,Fine,Null,0
66397444,,573526,0.0,,0.0,3.0,,West,2018/2019,002-0962/12.85-I,HOROKIWI ROAD,,Non-Injury Crash,Yes,2019,,West,,0,,Flat,,,,,,Bright sun,2086403,0,0.0,0.0,2.0,,,0.0,,,,,,Wellington Region,Nil,1-way,Sealed,,0.0,0,,100.0,,Off,0.0,0.0,,47,Wellington City,Unknown,,,,,0.0,0.0,Open,0.0,,,Fine,Null,0
66397447,,573101,0.0,0.0,0.0,1.0,0.0,South,2018/2019,CUBA STREET,VIVIAN STREET,,Non-Injury Crash,No,2018,0.0,South,0.0,0,0.0,Flat,0.0,,0.0,,0.0,Unknown,2132100,0,0.0,0.0,2.0,0.0,0.0,0.0,0.0,1.0,,0.0,0.0,Wellington Region,Nil,2-way,Sealed,0.0,0.0,0,0.0,50.0,0.0,Null,0.0,0.0,,47,Wellington City,Nil,0.0,0.0,0.0,0.0,0.0,0.0,Urban,0.0,0.0,0.0,Null,Null,0
66397465,,573101,0.0,,1.0,0.0,,Null,2018/2019,WAKEFIELD STREET,TORY STREET,,Serious Crash,No,2019,,South,,0,,Flat,,,,,,Dark,2135600,0,0.0,0.0,3.0,,,0.0,,,1.0,,,Wellington Region,Nil,1-way,Sealed,,0.0,1,,50.0,,On,0.0,0.0,,47,Wellington City,Traffic Signals,,,,,0.0,0.0,Urban,0.0,,,Heavy rain,Strong wind,0
66397512,,573000,0.0,0.0,0.0,2.0,0.0,South,2018/2019,WATERLOO QUAY,BUNNY STREET,,Non-Injury Crash,No,2019,0.0,North,0.0,0,0.0,Flat,0.0,,0.0,,0.0,Dark,2124300,0,0.0,0.0,3.0,0.0,0.0,0.0,0.0,1.0,,0.0,0.0,Wellington Region,Nil,1-way,Sealed,0.0,0.0,0,0.0,50.0,0.0,On,0.0,0.0,,47,Wellington City,Unknown,0.0,0.0,0.0,0.0,0.0,0.0,Urban,0.0,0.0,0.0,Light rain,Null,0
66397530,,576301,0.0,0.0,0.0,0.0,0.0,West,2018/2019,STOKE ST,TREVOR TERRACE,,Non-Injury Crash,No,2018,0.0,South,0.0,0,0.0,Hill Road,0.0,,0.0,,0.0,Bright sun,2165300,0,0.0,0.0,2.0,0.0,0.0,0.0,0.0,0.0,,0.0,1.0,Wellington Region,Nil,2-way,Sealed,0.0,0.0,0,0.0,50.0,0.0,None,0.0,0.0,,47,Wellington City,Unknown,0.0,0.0,0.0,0.0,0.0,0.0,Urban,1.0,0.0,0.0,Fine,Null,0
66397531,,576002,0.0,,0.0,2.0,,Null,2018/2019,MERSEY ST,CLYDE ST,,Non-Injury Crash,No,2018,,East,,0,,Flat,,,,,,Overcast,2190600,0,0.0,0.0,2.0,,,0.0,,,,,,Wellington Region,Nil,2-way,Sealed,,0.0,0,,50.0,,Null,0.0,0.0,,47,Wellington City,Stop,,,,,0.0,0.0,Urban,0.0,,,Fine,Null,0
66397542,,576500,0.0,,0.0,1.0,,Null,2018/2019,ADELAIDE RD,JOHN ST,,Non-Injury Crash,No,2018,,Null,,0,,Null,,,,,,Unknown,2148700,0,0.0,1.0,4.0,,,0.0,,,,,,Wellington Region,Nil,2-way,Null,,0.0,0,,50.0,,Null,0.0,0.0,,47,Wellington City,Traffic Signals,,,,,0.0,0.0,Urban,0.0,,,Null,Null,0
66397552,,573000,0.0,,0.0,2.0,,Null,2018/2019,LAMBTON QUAY,JOHNSON STREET,,Non-Injury Crash,No,2018,,South,,0,,Null,,,,,,Overcast,2125300,0,0.0,0.0,2.0,,,0.0,,,,,,Wellington Region,Nil,1-way,Sealed,,0.0,0,,30.0,,Null,0.0,0.0,,47,Wellington City,Nil,,,,,0.0,0.0,Urban,0.0,,,Null,Null,0
66397558,,574401,0.0,,0.0,2.0,,North,2018/2019,CHELMSFORD STREET,HEKE STREET,,Non-Injury Crash,No,2018,,North,,0,,Flat,,Christmas New Year,,,,Bright sun,2094102,0,0.0,0.0,2.0,,,0.0,,,,,,Wellington Region,Nil,2-way,Sealed,,0.0,0,,50.0,,Off,0.0,0.0,,47,Wellington City,Unknown,,,,,0.0,0.0,Urban,0.0,,,Fine,Null,0
66397617,,575902,0.0,0.0,0.0,2.0,0.0,West,2018/2019,FROBISHER ST,SEVERN STREET,,Non-Injury Crash,No,2019,0.0,South,0.0,0,0.0,Hill Road,0.0,,0.0,,0.0,Bright sun,2187406,0,0.0,0.0,2.0,0.0,0.0,0.0,0.0,1.0,,0.0,0.0,Wellington Region,Nil,2-way,Sealed,0.0,0.0,0,0.0,50.0,0.0,Off,0.0,0.0,,47,Wellington City,Unknown,0.0,0.0,0.0,0.0,0.0,0.0,Urban,0.0,0.0,0.0,Fine,Null,0
66397681,,572900,0.0,,0.0,0.0,,Null,2018/2019,WATERLOO QUAY,RAIL XING,,Non-Injury Crash,No,2018,,Null,,0,,Flat,,,,,,Dark,2118400,0,0.0,0.0,4.0,,,0.0,,,,,,Wellington Region,Rail xing,2-way,Sealed,,0.0,0,,50.0,,On,1.0,0.0,,47,Wellington City,Unknown,,,,,0.0,0.0,Urban,2.0,,,Fine,Null,0
66397694,,573300,0.0,0.0,0.0,2.0,0.0,North,2018/2019,TASMAN ST,RUGBY STREET,,Non-Injury Crash,No,2019,0.0,South,0.0,0,0.0,Flat,0.0,Christmas New Year,0.0,,0.0,Overcast,2145602,0,0.0,0.0,2.0,0.0,0.0,0.0,0.0,1.0,,0.0,0.0,Wellington Region,Nil,2-way,Unsealed,0.0,0.0,0,0.0,50.0,0.0,Off,0.0,0.0,,47,Wellington City,Unknown,0.0,0.0,0.0,0.0,0.0,0.0,Urban,0.0,0.0,0.0,Fine,Null,0
66397720,,572900,0.0,,0.0,3.0,,North,2017/2018,01N-1068-D,AOTEA BR,,Non-Injury Crash,Yes,2017,,South,,0,,Flat,,,,,,Dark,2118400,0,0.0,0.0,6.0,,,0.0,,,,,,Wellington Region,Nil,2-way,Sealed,,0.0,0,,100.0,,On,0.0,2.0,,47,Wellington City,Unknown,,,,,0.0,0.0,Open,1.0,,,Mist or Fog,Null,0
66397722,,573523,0.0,0.0,0.0,0.0,0.0,North,2018/2019,MARK AVE,TRINIDAD CRESCENT,,Non-Injury Crash,No,2019,0.0,North,0.0,0,0.0,Hill Road,0.0,,0.0,,0.0,Dark,2086310,0,0.0,0.0,2.0,0.0,0.0,0.0,0.0,0.0,,1.0,0.0,Wellington Region,Nil,2-way,Sealed,0.0,0.0,0,0.0,50.0,0.0,On,0.0,0.0,,47,Wellington City,Unknown,0.0,0.0,0.0,0.0,0.0,0.0,Urban,0.0,0.0,0.0,Fine,Null,0
66397775,,573101,0.0,0.0,0.0,2.0,0.0,Null,2018/2019,CUBA STREET,ABEL SMITH STREET,,Non-Injury Crash,No,2018,0.0,North,0.0,0,0.0,Null,0.0,,0.0,,0.0,Dark,2134600,0,0.0,0.0,2.0,0.0,0.0,0.0,0.0,1.0,,0.0,0.0,Wellington Region,Nil,2-way,Sealed,0.0,0.0,0,0.0,50.0,0.0,On,0.0,0.0,,47,Wellington City,Give way,0.0,0.0,0.0,0.0,0.0,0.0,Urban,0.0,0.0,0.0,Fine,Null,0
66397813,,576800,0.0,,0.0,3.0,,West,2018/2019,SH 1N,EAST PORTAL,,Non-Injury Crash,Yes,2018,,East,,0,,Flat,,,,,,Overcast,2181700,0,0.0,0.0,2.0,,,0.0,,,,,,Wellington Region,Nil,2-way,Sealed,,0.0,0,,50.0,,Null,0.0,0.0,,47,Wellington City,Unknown,,,,,0.0,0.0,Urban,0.0,,,Fine,Null,0
66397819,,573101,0.0,,0.0,1.0,,East,2018/2019,GHUZNEE STREET,VICTORIA STREET,,Non-Injury Crash,No,2018,,West,,0,,Flat,,,,,,Bright sun,2131700,0,0.0,0.0,3.0,,,0.0,,,,,,Wellington Region,Nil,1-way,Sealed,,0.0,0,,50.0,,Off,0.0,0.0,,47,Wellington City,Nil,,,,,0.0,0.0,Urban,1.0,,,Fine,Null,0
66397821,,572900,0.0,,0.0,2.0,,Null,2018/2019,HAWKESTONE ST,HAWKESTONE ON SBD,,Non-Injury Crash,No,2018,,West,,0,,Hill Road,,,,,,Overcast,2119500,0,0.0,0.0,1.0,,,0.0,,,,,,Wellington Region,Nil,1-way,Sealed,,0.0,0,,50.0,,Null,0.0,0.0,,47,Wellington City,Nil,,,,,0.0,0.0,Urban,0.0,,,Heavy rain,Null,0
66397822,,577700,0.0,,0.0,0.0,,North,2018/2019,MAKARA ROAD,MAKARA SUM,,Serious Crash,No,2018,,South,,0,,Hill Road,,,,,,Overcast,2116801,0,0.0,1.0,2.0,,,0.0,,,,,,Wellington Region,Nil,2-way,Sealed,,0.0,1,,100.0,,Null,0.0,0.0,,47,Wellington City,Unknown,,,,,0.0,0.0,Open,0.0,,,Fine,Null,0
66397851,,576901,0.0,,0.0,2.0,,Null,2018/2019,TROY STREET,KEMP STREET,,Non-Injury Crash,No,2018,,North,,0,,Flat,,,,,,Bright sun,2177000,0,0.0,0.0,2.0,,,0.0,,,,,,Wellington Region,Nil,1-way,Sealed,,0.0,0,,50.0,,Off,0.0,0.0,,47,Wellington City,Nil,,,,,0.0,0.0,Urban,0.0,,,Fine,Null,0
66397858,,573000,0.0,,0.0,0.0,,Null,2017/2018,QUEENS WHARF,WALKWAY,,Non-Injury Crash,No,2018,,,,0,,Flat,,,,,,Overcast,2124300,0,0.0,0.0,1.0,,,0.0,,,1.0,,,Wellington Region,Nil,1-way,Sealed,,0.0,0,,10.0,,Null,0.0,0.0,,47,Wellington City,Nil,,,,,0.0,0.0,Urban,1.0,,,Fine,Null,0
66397879,,573300,0.0,,0.0,2.0,,North,2018/2019,WALLACE ST,HARGREAVES ST,,Non-Injury Crash,No,2019,,Null,,0,,Flat,,,,,,Bright sun,2146500,0,0.0,0.0,2.0,,,0.0,,,,,,Wellington Region,Nil,2-way,Sealed,,0.0,0,,,,Off,0.0,0.0,,47,Wellington City,Unknown,,,,,0.0,0.0,Urban,0.0,,,Fine,Null,0
66397881,,576901,0.0,,0.0,2.0,,East,2017/2018,SH 1N,EVANS BAY PARADE,,Non-Injury Crash,Yes,2018,,North,,0,,Flat,,Queens Birthday,,,,Bright sun,2176800,0,0.0,0.0,2.0,,,0.0,,,,,,Wellington Region,Nil,1-way,Sealed,,0.0,0,,70.0,,Null,0.0,1.0,,47,Wellington City,Unknown,,,,,0.0,0.0,Urban,0.0,,,Fine,Null,0
66397888,,573522,0.0,,0.0,2.0,,Null,2018/2019,TAKAPU ROAD,TAWA-GRENADA NORTH OFF RAMP,,Minor Crash,No,2019,,South,,0,,Flat,,,,,,Bright sun,2053703,1,0.0,0.0,1.0,,,0.0,,,,,,Wellington Region,Motorway ramp,1-way,Sealed,,0.0,0,,50.0,,None,0.0,0.0,,47,Wellington City,Stop,,,,,0.0,0.0,Urban,0.0,,,Fine,Null,0
66397914,,573700,0.0,0.0,1.0,1.0,0.0,Null,2017/2018,MOOREFIELD ROAD,WANAKA ST,,Non-Injury Crash,No,2018,0.0,East,0.0,0,0.0,Flat,0.0,,0.0,,0.0,Dark,2082400,0,0.0,0.0,2.0,0.0,0.0,0.0,0.0,0.0,,0.0,0.0,Wellington Region,Nil,2-way,Sealed,0.0,0.0,0,0.0,50.0,0.0,On,0.0,0.0,,47,Wellington City,Nil,0.0,0.0,0.0,0.0,0.0,0.0,Urban,0.0,1.0,0.0,Light rain,Null,0
66397916,,574002,1.0,,0.0,0.0,,Null,2018/2019,CENTENNIAL HIGHWAY ON RAMP,CENTENNIAL HIGHWAY,,Minor Crash,No,2019,,South,,0,,Hill Road,,,,,,Bright sun,2078302,1,0.0,0.0,6.0,,,0.0,,,,,,Wellington Region,Nil,2-way,Sealed,,0.0,0,,80.0,,Off,0.0,0.0,,47,Wellington City,Nil,,,,,0.0,0.0,Open,0.0,,,Fine,Null,0
66397940,,574303,0.0,,0.0,1.0,,South,2018/2019,"WELLINGTON URBAN MOTORWAY, KHANDALLAH, WELLINGTON",HUTT ROAD,,Minor Crash,Yes,2019,,North,,0,,Flat,,,,,,Bright sun,2090402,2,0.0,0.0,7.0,,,0.0,,,,,,Wellington Region,Nil,2-way,Sealed,,0.0,0,,100.0,,Off,1.0,0.0,80.0,47,Wellington City,Unknown,,,,,0.0,0.0,Open,1.0,,,Fine,Null,0
66397943,,576301,0.0,,0.0,2.0,,South,2018/2019,ADELAIDE RD,JOHN STREET,,Non-Injury Crash,No,2019,,North,,0,,Flat,,,,,,Bright sun,2163400,0,0.0,0.0,2.0,,,0.0,,,,,,Wellington Region,Nil,2-way,Sealed,,0.0,0,,50.0,,Off,0.0,0.0,,47,Wellington City,Unknown,,,,,0.0,0.0,Urban,0.0,,,Fine,Null,0
66397951,,573000,0.0,,0.0,1.0,,Null,2018/2019,JERVOIS QUAY,WILLESTON STREET,,Non-Injury Crash,No,2019,,Null,,0,,Null,,,,,,Bright sun,2127500,0,0.0,0.0,3.0,,,0.0,,,,,,Wellington Region,Nil,1-way,Sealed,,0.0,0,,50.0,,Off,0.0,0.0,,47,Wellington City,Traffic Signals,,,,,1.0,0.0,Urban,0.0,,,Null,Null,0
66398004,,576903,0.0,0.0,0.0,2.0,0.0,South,2018/2019,KILBIRNIE CRES,CHILDERS TERRACE,,Non-Injury Crash,No,2018,0.0,North,0.0,0,0.0,Null,0.0,,0.0,,0.0,Unknown,2177900,0,0.0,0.0,2.0,0.0,0.0,0.0,0.0,1.0,,0.0,0.0,Wellington Region,Nil,2-way,Sealed,0.0,0.0,0,0.0,50.0,0.0,Null,0.0,0.0,,47,Wellington City,Unknown,0.0,0.0,0.0,0.0,0.0,0.0,Urban,0.0,0.0,0.0,Null,Null,0
66398042,,573600,0.0,0.0,0.0,2.0,0.0,South,2017/2018,IRONSIDE ROAD,ERRIS ST,,Non-Injury Crash,No,2018,0.0,North,0.0,0,0.0,Hill Road,0.0,,0.0,,0.0,Bright sun,2080400,0,0.0,0.0,2.0,0.0,0.0,0.0,0.0,1.0,,0.0,0.0,Wellington Region,Nil,2-way,Sealed,0.0,0.0,0,0.0,50.0,0.0,Null,0.0,0.0,,47,Wellington City,Unknown,0.0,0.0,0.0,0.0,0.0,0.0,Urban,0.0,0.0,0.0,Null,Null,0
66398061,,572900,0.0,,0.0,1.0,,South,2018/2019,TINAKORI ROAD,GEORGE ST,,Non-Injury Crash,No,2018,,North,,0,,Hill Road,,,,,,Dark,2119500,0,0.0,1.0,2.0,,,0.0,,,,,,Wellington Region,Nil,2-way,Sealed,,0.0,0,,50.0,,On,0.0,0.0,,47,Wellington City,Unknown,,,,,0.0,0.0,Urban,0.0,,,Fine,Null,0
66398087,,573526,0.0,0.0,0.0,1.0,0.0,North,2018/2019,002-0962/12.85-I,WEIGH PIT,,Non-Injury Crash,Yes,2019,0.0,South,0.0,0,0.0,Flat,1.0,Christmas New Year,0.0,,0.0,Dark,2077503,0,0.0,0.0,2.0,0.0,0.0,0.0,0.0,0.0,,0.0,0.0,Wellington Region,Nil,2-way,Sealed,0.0,0.0,0,0.0,100.0,0.0,On,0.0,0.0,,47,Wellington City,Unknown,0.0,0.0,0.0,0.0,0.0,0.0,Open,0.0,0.0,0.0,Fine,Null,0
66398092,,574303,0.0,0.0,0.0,2.0,0.0,West,2017/2018,SH 1N,TYERS ROAD,,Non-Injury Crash,Yes,2018,0.0,West,0.0,0,0.0,Hill Road,1.0,,0.0,,0.0,Overcast,2088705,0,0.0,0.0,3.0,0.0,0.0,0.0,0.0,0.0,,0.0,0.0,Wellington Region,Nil,1-way,Sealed,0.0,0.0,0,0.0,100.0,0.0,Null,0.0,0.0,,47,Wellington City,Unknown,0.0,0.0,0.0,0.0,0.0,0.0,Open,0.0,0.0,0.0,Fine,Strong wind,0
66398138,,577500,0.0,,0.0,0.0,,South,2018/2019,BREAKER BAY RD,PASS OF BRANDA,,Minor Crash,No,2019,,South,,0,,Hill Road,,,,,,Bright sun,2212400,1,0.0,0.0,2.0,,,0.0,,,,,,Wellington Region,Nil,2-way,Sealed,,0.0,0,,50.0,,Off,0.0,0.0,,47,Wellington City,Unknown,,,,,1.0,0.0,Urban,0.0,,,Fine,Null,0
66398154,,574600,0.0,0.0,0.0,2.0,0.0,North,2018/2019,MARGARET ST,MAIRANGI ROAD,,Non-Injury Crash,No,2018,0.0,West,0.0,0,0.0,Flat,0.0,,0.0,,0.0,Bright sun,2100600,0,0.0,0.0,2.0,0.0,0.0,0.0,0.0,1.0,,0.0,0.0,Wellington Region,Nil,2-way,Sealed,0.0,0.0,0,0.0,50.0,0.0,Null,0.0,0.0,,47,Wellington City,Unknown,0.0,0.0,0.0,0.0,0.0,0.0,Urban,0.0,0.0,0.0,Fine,Null,0
66398190,,575000,0.0,,0.0,1.0,,Null,2017/2018,CHAYTOR ST,RAROA CRESCENT,,Minor Crash,No,2018,,East,,0,,Flat,,,,,,Bright sun,2111100,1,0.0,0.0,2.0,,,0.0,,,,,,Wellington Region,Nil,2-way,Sealed,,0.0,0,,50.0,,Null,0.0,0.0,,47,Wellington City,Stop,,,,,0.0,0.0,Urban,1.0,,,Fine,Frost,0
66398232,,573101,0.0,,1.0,0.0,,East,2017/2018,DIXON ST,EGMONT ST,,Non-Injury Crash,No,2018,,West,,0,,Flat,,,,,,Overcast,2133300,0,0.0,0.0,2.0,,,0.0,,,1.0,,,Wellington Region,Nil,2-way,Sealed,,0.0,0,,40.0,,Null,0.0,0.0,,47,Wellington City,Nil,,,,,0.0,0.0,Urban,0.0,,,Fine,Null,0
66398236,,576903,0.0,,0.0,3.0,,Null,2017/2018,MOXHAM AVENUE,GOA ST,,Non-Injury Crash,No,2018,,South,,0,,Flat,,,,,,Overcast,2180700,0,0.0,0.0,2.0,,,0.0,,,,,,Wellington Region,Nil,2-way,Sealed,,0.0,0,,50.0,,Null,0.0,0.0,,47,Wellington City,Stop,,,,,0.0,0.0,Urban,0.0,,,Fine,Null,0
66398247,,574402,0.0,0.0,1.0,1.0,0.0,East,2019/2020,COCKAYNE RD,SETSAN WAY,,Non-Injury Crash,No,2019,0.0,Null,0.0,0,0.0,Flat,0.0,,0.0,,0.0,Twilight,2096900,0,0.0,0.0,2.0,0.0,0.0,0.0,0.0,1.0,,0.0,0.0,Wellington Region,Nil,2-way,Sealed,0.0,0.0,0,0.0,50.0,0.0,On,0.0,0.0,,47,Wellington City,Unknown,0.0,0.0,0.0,0.0,0.0,0.0,Urban,0.0,0.0,0.0,Fine,Null,0
66398280,,573400,0.0,0.0,1.0,1.0,0.0,North,2018/2019,KENT TERRACE,MAJORIBANKS ST,,Non-Injury Crash,No,2018,0.0,South,0.0,0,0.0,Flat,0.0,,0.0,,0.0,Twilight,2139000,0,0.0,0.0,3.0,0.0,0.0,0.0,0.0,1.0,,0.0,0.0,Wellington Region,Nil,1-way,Sealed,0.0,0.0,0,0.0,50.0,0.0,Null,0.0,0.0,,47,Wellington City,Unknown,0.0,0.0,0.0,0.0,0.0,0.0,Urban,0.0,0.0,0.0,Fine,Null,0
66398292,,573101,0.0,0.0,0.0,5.0,0.0,North,2018/2019,TORY ST,COURTENAY PLACE,,Non-Injury Crash,No,2018,0.0,South,0.0,0,0.0,Flat,0.0,,0.0,,0.0,Bright sun,2135600,0,0.0,0.0,2.0,0.0,0.0,0.0,0.0,1.0,,0.0,0.0,Wellington Region,Nil,2-way,Sealed,0.0,0.0,0,0.0,30.0,0.0,Null,0.0,0.0,,47,Wellington City,Unknown,0.0,1.0,0.0,0.0,1.0,0.0,Urban,4.0,0.0,0.0,Fine,Null,0
66398303,,577000,0.0,,0.0,1.0,,Null,2018/2019,STEWART DUFF DRIVE,CALABAR ROAD,,Non-Injury Crash,No,2019,,West,,0,,Null,,,,,,Unknown,2175700,0,0.0,0.0,2.0,,,0.0,,,,,,Wellington Region,Nil,1-way,Sealed,,0.0,0,,50.0,,Null,1.0,0.0,,47,Wellington City,Give way,,,,,0.0,0.0,Urban,0.0,,,Null,Null,0
66398309,,575600,0.0,0.0,0.0,1.0,0.0,South,2018/2019,HARRISON ST,CLEVELAND ST,,Non-Injury Crash,No,2018,0.0,Null,0.0,0,0.0,Null,0.0,,0.0,,0.0,Unknown,2162300,0,0.0,0.0,0.0,0.0,0.0,0.0,0.0,1.0,,0.0,0.0,Wellington Region,Nil,Null,Null,0.0,0.0,0,0.0,,0.0,Null,0.0,0.0,,47,Wellington City,Unknown,0.0,0.0,0.0,0.0,0.0,0.0,Urban,1.0,0.0,0.0,Null,Null,0
66398316,,574001,0.0,,0.0,2.0,,South,2018/2019,BLACK ROCK ROAD,GLANMIRE ROAD,,Minor Crash,No,2018,,North,,0,,Hill Road,,Labour Weekend,,,,Twilight,2077700,1,0.0,0.0,2.0,,,0.0,,,,,,Wellington Region,Nil,2-way,Sealed,,0.0,0,,50.0,,Off,0.0,0.0,,47,Wellington City,Unknown,,,,,0.0,0.0,Urban,0.0,,,Fine,Null,0
66398317,,573522,0.0,0.0,0.0,1.0,0.0,South,2018/2019,SH 1N,TAWA ON SBD,,Non-Injury Crash,Yes,2018,0.0,South,0.0,0,0.0,Hill Road,1.0,,0.0,,0.0,Bright sun,2086311,0,0.0,0.0,2.0,0.0,0.0,0.0,0.0,0.0,,0.0,0.0,Wellington Region,Nil,1-way,Sealed,0.0,0.0,0,0.0,100.0,0.0,Null,0.0,0.0,,47,Wellington City,Unknown,0.0,0.0,0.0,0.0,1.0,0.0,Open,0.0,0.0,0.0,Fine,Null,0
66398371,,573101,0.0,,0.0,0.0,,Null,2017/2018,VICTORIA ST,BOND ST,,Non-Injury Crash,No,2018,,East,,0,,Flat,,,,,,Overcast,2131100,0,1.0,0.0,2.0,,,0.0,,,,,,Wellington Region,Nil,2-way,Sealed,,0.0,0,,50.0,,Null,0.0,0.0,,47,Wellington City,Give way,,,,,0.0,0.0,Urban,1.0,,,Light rain,Null,0
66398387,,573514,0.0,,0.0,1.0,,North,2017/2018,SH 1N,JOHNSONVILLE ON NBD,,Non-Injury Crash,Yes,2018,,North,,0,,Flat,,,,,,Dark,2081100,0,0.0,0.0,2.0,,,0.0,,,,,,Wellington Region,Nil,1-way,Sealed,,0.0,0,,100.0,,None,0.0,0.0,,47,Wellington City,Unknown,,,,,0.0,0.0,Open,1.0,,,Light rain,Null,0
66398415,,577200,0.0,,0.0,2.0,,West,2017/2018,CALEDONIA ST,MIRO ST,,Non-Injury Crash,No,2018,,West,,0,,Flat,,,,,,Twilight,2206500,0,0.0,0.0,2.0,,,0.0,,,,,,Wellington Region,Nil,2-way,Sealed,,0.0,0,,50.0,,Off,0.0,0.0,,47,Wellington City,Unknown,,,,,0.0,0.0,Urban,0.0,,,Fine,Null,0