OBJECTID,advisorySpeed,areaUnitID,bicycle,bridge,bus,carStationWagon,cliffBank,crashDirectionDescription,crashFinancialYear,crashLocation1,crashLocation2,crashRoadSideRoad,crashSeverity,crashSHDescription,crashYear,debris,directionRoleDescription,ditch,fatalCount,fence,flatHill,guardRail,holiday,houseOrBuilding,intersection,kerb,light,meshblockId,minorInjuryCount,moped,motorcycle,NumberOfLanes,objectThrownOrDropped,otherObject,otherVehicleType,overBank,parkedVehicle,pedestrian,phoneBoxEtc,postOrPole,region,roadCharacter,roadLane,roadSurface,roadworks,schoolBus,seriousInjuryCount,slipOrFlood,speedLimit,strayAnimal,streetLight,suv,taxi,temporarySpeedLimit,tlaId,tlaName,trafficControl,trafficIsland,trafficSign,train,tree,truck,unknownVehicleType,urban,vanOrUtility,vehicle,waterRiver,weatherA,weatherB,if_pandemic
66398419,,572900,0.0,0.0,0.0,2.0,0.0,South,2017/2018,TINAKORI ROAD,ASCOT ST,,Non-Injury Crash,No,2018,0.0,North,0.0,0,0.0,Flat,0.0,,0.0,,0.0,Overcast,2121800,0,0.0,0.0,2.0,0.0,0.0,0.0,0.0,1.0,,0.0,0.0,Wellington Region,Nil,2-way,Sealed,0.0,0.0,0,0.0,50.0,0.0,Null,0.0,0.0,,47,Wellington City,Nil,0.0,0.0,0.0,0.0,0.0,0.0,Urban,0.0,0.0,0.0,Light rain,Null,0
66398423,,575600,0.0,,0.0,1.0,,Null,2018/2019,BROOKLYN ROAD,BIDWILL ST,,Non-Injury Crash,No,2018,,South,,0,,Flat,,,,,,Overcast,2162700,0,0.0,0.0,2.0,,,0.0,,,,,,Wellington Region,Nil,2-way,Sealed,,0.0,0,,50.0,,Null,0.0,0.0,,47,Wellington City,Nil,,,,,1.0,0.0,Urban,0.0,,,Fine,Null,0
66398448,,572900,0.0,,0.0,0.0,,North,2017/2018,ACCESS ROAD N,BUNNY ST,,Non-Injury Crash,No,2018,,South,,0,,Null,,,,,,Bright sun,2122700,0,0.0,1.0,1.0,,,0.0,,,1.0,,,Wellington Region,Nil,1-way,Sealed,,0.0,0,,50.0,,Null,0.0,0.0,,47,Wellington City,Unknown,,,,,0.0,0.0,Urban,0.0,,,Fine,Null,0
66398489,,573200,0.0,0.0,0.0,0.0,0.0,North,2018/2019,BROOKLYN ROAD,BIDWILL STREET,,Minor Crash,No,2019,0.0,North,0.0,0,0.0,Hill Road,0.0,,0.0,,0.0,Twilight,2159300,1,0.0,1.0,4.0,0.0,0.0,0.0,0.0,0.0,,0.0,0.0,Wellington Region,Nil,2-way,Sealed,0.0,0.0,0,0.0,50.0,0.0,On,0.0,0.0,,47,Wellington City,Nil,1.0,0.0,0.0,0.0,0.0,0.0,Urban,0.0,0.0,0.0,Fine,Null,0
66398516,,573101,0.0,,0.0,2.0,,North,2017/2018,CUBA ST,MANNERS ST,,Non-Injury Crash,No,2018,,North,,0,,Flat,,,,,,Dark,2133300,0,0.0,0.0,2.0,,,0.0,,,,,,Wellington Region,Nil,2-way,Sealed,,0.0,0,,30.0,,On,0.0,0.0,,47,Wellington City,Unknown,,,,,0.0,0.0,Urban,0.0,,,Fine,Null,0
66398570,,573000,0.0,,1.0,1.0,,North,2017/2018,WILLIS ST,MERCER ST,,Non-Injury Crash,No,2018,,North,,0,,Flat,,,,,,Bright sun,2127400,0,0.0,0.0,2.0,,,0.0,,,,,,Wellington Region,Nil,2-way,Sealed,,0.0,0,,30.0,,Null,0.0,0.0,,47,Wellington City,Unknown,,,,,0.0,0.0,Urban,0.0,,,Fine,Null,0
66398576,,576001,0.0,0.0,1.0,1.0,0.0,Null,2017/2018,THE PARADE,HUMBER ST,,Non-Injury Crash,No,2018,0.0,South,0.0,0,0.0,Flat,0.0,Christmas New Year,0.0,,0.0,Overcast,2189300,0,0.0,0.0,2.0,0.0,0.0,0.0,0.0,1.0,,0.0,0.0,Wellington Region,Nil,2-way,Sealed,0.0,0.0,0,0.0,50.0,0.0,Null,0.0,0.0,,47,Wellington City,Give way,1.0,1.0,0.0,0.0,0.0,0.0,Urban,0.0,0.0,0.0,Fine,Strong wind,0
66398592,,573300,1.0,,0.0,0.0,,North,2017/2018,WALLACE ST,ROLLESTON ST,,Minor Crash,No,2018,,North,,0,,Hill Road,,,,,,Overcast,2146800,1,0.0,0.0,2.0,,,0.0,,,1.0,,,Wellington Region,Nil,2-way,Sealed,,0.0,0,,50.0,,On,0.0,0.0,,47,Wellington City,Unknown,,,,,0.0,0.0,Urban,0.0,,,Light rain,Strong wind,0
66398599,,577700,0.0,0.0,0.0,1.0,1.0,North,2018/2019,OHARIU VALLEY ROAD,MCLINTOCK ST NORTH,,Non-Injury Crash,No,2018,0.0,South,0.0,0,0.0,Hill Road,0.0,,0.0,,0.0,Overcast,2117003,0,0.0,0.0,2.0,0.0,0.0,0.0,0.0,0.0,,0.0,0.0,Wellington Region,Nil,2-way,Sealed,0.0,0.0,0,0.0,50.0,0.0,Null,0.0,0.0,,47,Wellington City,Unknown,0.0,0.0,0.0,0.0,0.0,0.0,Urban,0.0,0.0,0.0,Fine,Null,0
66398619,,574303,0.0,0.0,0.0,1.0,0.0,North,2019/2020,01N-1060-D,TYERS ROAD,,Minor Crash,Yes,2019,0.0,North,0.0,0,0.0,Hill Road,1.0,,0.0,,0.0,Overcast,2088705,1,0.0,0.0,3.0,0.0,0.0,0.0,0.0,0.0,,0.0,0.0,Wellington Region,Nil,1-way,Sealed,0.0,0.0,0,0.0,80.0,0.0,Off,0.0,0.0,,47,Wellington City,Unknown,0.0,0.0,0.0,0.0,0.0,0.0,Open,1.0,0.0,0.0,Light rain,Null,0
66398625,,577102,0.0,,0.0,1.0,,Null,2018/2019,MONORGAN RD,RAUKAWA ST,,Non-Injury Crash,No,2018,,South,,0,,Flat,,,,,,Overcast,2214700,0,0.0,0.0,2.0,,,0.0,,,,,,Wellington Region,Nil,2-way,Sealed,,0.0,0,,50.0,,Off,0.0,0.0,,47,Wellington City,Give way,,,,,0.0,1.0,Urban,0.0,,,Fine,Null,0
66398641,,576500,0.0,,0.0,2.0,,Null,2018/2019,ADELAIDE ROAD,JOHN STREET,,Non-Injury Crash,No,2018,,South,,0,,Flat,,,,,,Dark,2148700,0,0.0,0.0,4.0,,,0.0,,,,,,Wellington Region,Nil,2-way,Sealed,,0.0,0,,50.0,,On,0.0,1.0,,47,Wellington City,Traffic Signals,,,,,0.0,0.0,Urban,0.0,,,Fine,Null,0
66398654,,573101,0.0,,0.0,1.0,,North,2017/2018,TARANAKI ST,MARTIN SQUARE,,Non-Injury Crash,No,2017,,South,,0,,Hill Road,,,,,,Overcast,2134700,0,0.0,0.0,5.0,,,0.0,,,,,,Wellington Region,Nil,2-way,Sealed,,0.0,0,,50.0,,Null,0.0,0.0,,47,Wellington City,Unknown,,,,,0.0,0.0,Urban,1.0,,,Fine,Null,0
66398680,,573513,0.0,0.0,0.0,2.0,0.0,Null,2017/2018,ERLESTOKE CRESCENT,TATTENHALL GROVE,,Non-Injury Crash,No,2018,0.0,North,0.0,0,0.0,Hill Road,0.0,,0.0,,0.0,Dark,2086723,0,0.0,0.0,2.0,0.0,0.0,0.0,0.0,1.0,,0.0,0.0,Wellington Region,Nil,2-way,Sealed,0.0,0.0,0,0.0,50.0,0.0,None,0.0,0.0,,47,Wellington City,Nil,0.0,0.0,0.0,0.0,0.0,0.0,Urban,0.0,0.0,0.0,Null,Null,0
66398688,,573101,0.0,,0.0,2.0,,East,2018/2019,COURTENAY PLACE,ALLEN ST,,Non-Injury Crash,No,2018,,North,,0,,Flat,,,,,,Dark,2136000,0,0.0,0.0,1.0,,,0.0,,,,,,Wellington Region,Nil,1-way,Sealed,,0.0,0,,30.0,,On,1.0,0.0,,47,Wellington City,Unknown,,,,,0.0,0.0,Urban,0.0,,,Fine,Null,0
66398691,,574303,0.0,,0.0,1.0,,West,2018/2019,01N-1068-I,ONSLOW RAIL OBR,,Serious Crash,Yes,2019,,South,,0,,Flat,,,,,,Bright sun,2090402,1,0.0,1.0,3.0,,,0.0,,,,,,Wellington Region,Nil,1-way,Sealed,,0.0,0,,100.0,,Off,0.0,0.0,,47,Wellington City,Unknown,,,,,0.0,0.0,Open,0.0,,,Fine,Null,0
66398711,,577302,0.0,,0.0,1.0,,West,2018/2019,BRUSSELS ST,PARK ROAD,,Non-Injury Crash,No,2018,,East,,0,,Flat,,,,,,Bright sun,2205903,0,0.0,0.0,2.0,,,0.0,,,,,,Wellington Region,Nil,2-way,Sealed,,0.0,0,,50.0,,Null,1.0,0.0,,47,Wellington City,Unknown,,,,,0.0,0.0,Urban,0.0,,,Null,Null,0
66398737,,576301,0.0,0.0,0.0,1.0,0.0,South,2018/2019,ADELAIDE ROAD,JOHN STREET,,Non-Injury Crash,No,2018,0.0,Null,0.0,0,0.0,Flat,0.0,,0.0,,0.0,Bright sun,2163400,0,0.0,0.0,2.0,0.0,0.0,0.0,0.0,1.0,,0.0,0.0,Wellington Region,Nil,2-way,Sealed,0.0,0.0,0,0.0,50.0,0.0,Off,0.0,0.0,,47,Wellington City,Nil,0.0,0.0,0.0,0.0,0.0,0.0,Urban,0.0,0.0,0.0,Fine,Null,0
66398752,,575200,0.0,0.0,0.0,2.0,0.0,North,2017/2018,NORTHLAND TUNNEL ROAD,RAROA CRESCENT,,Non-Injury Crash,No,2018,0.0,North,0.0,0,0.0,Hill Road,0.0,,0.0,,0.0,Overcast,2149800,0,0.0,0.0,2.0,0.0,0.0,0.0,0.0,1.0,,0.0,0.0,Wellington Region,Nil,2-way,Sealed,0.0,0.0,0,0.0,50.0,0.0,Null,0.0,0.0,,47,Wellington City,Unknown,0.0,0.0,0.0,0.0,0.0,0.0,Urban,0.0,0.0,0.0,Null,Null,0
66398753,,576903,0.0,0.0,0.0,2.0,0.0,North,2017/2018,OVERTOUN TERRACE,BUSACO ROAD,,Non-Injury Crash,No,2018,0.0,North,0.0,0,0.0,Hill Road,0.0,,0.0,,0.0,Overcast,2181400,0,0.0,0.0,2.0,0.0,0.0,0.0,0.0,1.0,,0.0,0.0,Wellington Region,Nil,2-way,Sealed,0.0,0.0,0,0.0,50.0,0.0,Null,0.0,0.0,,47,Wellington City,Unknown,0.0,0.0,0.0,0.0,0.0,0.0,Urban,0.0,0.0,0.0,Fine,Null,0
66398795,,576903,0.0,,0.0,2.0,,Null,2018/2019,EVANS BAY PARADE,WELLINGTON ROAD,,Non-Injury Crash,No,2019,,North,,0,,Flat,,,,,,Bright sun,2177900,0,0.0,0.0,2.0,,,0.0,,,,,,Wellington Region,Nil,2-way,Sealed,,0.0,0,,50.0,,Off,0.0,0.0,,47,Wellington City,Give way,,,,,0.0,0.0,Urban,0.0,,,Fine,Null,0
66398877,,576800,0.0,0.0,0.0,2.0,0.0,North,2017/2018,WAIPAPA ROAD,KAINUI ROAD,,Non-Injury Crash,No,2018,0.0,South,0.0,0,0.0,Flat,0.0,,0.0,,0.0,Dark,2183700,0,0.0,0.0,2.0,0.0,0.0,0.0,0.0,1.0,,0.0,0.0,Wellington Region,Nil,2-way,Sealed,0.0,0.0,0,0.0,50.0,0.0,On,0.0,0.0,,47,Wellington City,Unknown,0.0,0.0,0.0,0.0,0.0,0.0,Urban,0.0,0.0,0.0,Light rain,Null,0
66398932,95.0,572900,0.0,0.0,1.0,1.0,0.0,South,2018/2019,SH 1N,HILL ST OBR,,Minor Crash,Yes,2018,0.0,North,0.0,0,0.0,Flat,1.0,,0.0,,0.0,Dark,2122300,2,0.0,0.0,6.0,0.0,0.0,0.0,0.0,0.0,,0.0,0.0,Wellington Region,Nil,2-way,Sealed,0.0,0.0,0,0.0,100.0,0.0,On,0.0,0.0,,47,Wellington City,Unknown,1.0,0.0,0.0,0.0,0.0,0.0,Open,0.0,0.0,0.0,Fine,Null,0
66398976,,576200,1.0,,0.0,1.0,,South,2017/2018,ADELAIDE ROAD,HERALD ST,,Non-Injury Crash,No,2018,,South,,0,,Flat,,,,,,Overcast,2172500,0,0.0,0.0,2.0,,,0.0,,,,,,Wellington Region,Nil,2-way,Sealed,,0.0,0,,50.0,,Null,0.0,1.0,,47,Wellington City,Nil,,,,,0.0,0.0,Urban,0.0,,,Fine,Null,0
66398991,,572500,1.0,,0.0,1.0,,Null,2017/2018,MAIN ROAD,WILLOWBANK ROAD,,Non-Injury Crash,No,2018,,West,,0,,Flat,,,,,,Twilight,2053701,0,0.0,0.0,3.0,,,0.0,,,,,,Wellington Region,Nil,2-way,Sealed,,0.0,0,,50.0,,Off,0.0,0.0,,47,Wellington City,Give way,,,,,0.0,0.0,Urban,0.0,,,Fine,Null,0
66398992,,573300,0.0,0.0,0.0,1.0,0.0,Null,2017/2018,WEBB ST,TARANAKI ST,,Non-Injury Crash,No,2018,0.0,North,0.0,0,1.0,Flat,0.0,,0.0,,1.0,Bright sun,2145300,0,0.0,0.0,2.0,0.0,0.0,0.0,0.0,0.0,,0.0,1.0,Wellington Region,Nil,2-way,Sealed,0.0,0.0,0,0.0,50.0,0.0,Null,0.0,0.0,,47,Wellington City,Traffic Signals,0.0,0.0,0.0,0.0,0.0,0.0,Urban,0.0,0.0,0.0,Fine,Null,0
66398997,,575500,0.0,,0.0,2.0,,South,2017/2018,RAROA ROAD,MOUNT PLEASANT ROAD,,Non-Injury Crash,No,2018,,South,,0,,Flat,,,,,,Dark,2156400,0,0.0,0.0,2.0,,,0.0,,,,,,Wellington Region,Nil,2-way,Sealed,,0.0,0,,50.0,,Null,0.0,0.0,,47,Wellington City,Unknown,,,,,0.0,0.0,Urban,0.0,,,Fine,Null,0
66399034,,576700,0.0,0.0,0.0,1.0,0.0,North,2018/2019,MAIDA VALE RD,GRAFTON ROAD,,Non-Injury Crash,No,2019,0.0,Null,0.0,0,0.0,Null,0.0,,0.0,,0.0,Bright sun,2186600,0,0.0,0.0,2.0,0.0,0.0,0.0,0.0,1.0,,0.0,0.0,Wellington Region,Nil,2-way,Sealed,0.0,0.0,0,0.0,50.0,0.0,Null,0.0,0.0,,47,Wellington City,Unknown,0.0,0.0,0.0,0.0,0.0,0.0,Urban,0.0,0.0,0.0,Null,Null,0
66399036,,573901,0.0,0.0,0.0,1.0,0.0,West,2016/2017,PELOROUS ST,PADNELL CRESCENT,,Non-Injury Crash,No,2017,0.0,West,0.0,0,0.0,Hill Road,0.0,,0.0,,0.0,Bright sun,2074202,0,0.0,0.0,2.0,0.0,0.0,0.0,0.0,1.0,,0.0,0.0,Wellington Region,Nil,2-way,Sealed,0.0,0.0,0,0.0,50.0,0.0,Null,1.0,0.0,,47,Wellington City,Unknown,0.0,0.0,0.0,0.0,0.0,0.0,Urban,0.0,0.0,0.0,Fine,Strong wind,0
66399037,,573101,0.0,,0.0,2.0,,Null,2018/2019,VIVIAN STREET,DUNLOP TERRACE,,Non-Injury Crash,Yes,2018,,East,,0,,Flat,,,,,,Overcast,2133600,0,0.0,0.0,2.0,,,0.0,,,,,,Wellington Region,Nil,1-way,Sealed,,0.0,0,,50.0,,Null,0.0,0.0,,47,Wellington City,Give way,,,,,0.0,0.0,Urban,0.0,,,Mist or Fog,Null,0
66399044,,576302,0.0,0.0,0.0,1.0,0.0,East,2017/2018,LAVAUD ST,RINTOUL ST,,Non-Injury Crash,No,2017,0.0,West,0.0,0,0.0,Flat,0.0,,0.0,,0.0,Dark,2166303,0,0.0,0.0,2.0,0.0,0.0,0.0,0.0,0.0,,0.0,1.0,Wellington Region,Nil,2-way,Sealed,0.0,0.0,0,0.0,50.0,0.0,Null,0.0,0.0,,47,Wellington City,Unknown,0.0,0.0,0.0,0.0,0.0,0.0,Urban,0.0,0.0,0.0,Heavy rain,Null,0
66399046,,576901,0.0,0.0,0.0,1.0,0.0,South,2016/2017,MAHORA ST,RONGOTAI ROAD,,Non-Injury Crash,No,2017,0.0,South,0.0,0,0.0,Flat,0.0,,0.0,,0.0,Overcast,2178200,0,0.0,0.0,2.0,0.0,0.0,0.0,0.0,1.0,,0.0,0.0,Wellington Region,Nil,2-way,Sealed,0.0,0.0,0,0.0,50.0,0.0,Null,0.0,0.0,,47,Wellington City,Unknown,0.0,0.0,0.0,0.0,1.0,0.0,Urban,0.0,0.0,0.0,Fine,Null,0
66399095,,573000,0.0,,0.0,2.0,,Null,2018/2019,GHUZNEE STREET,WILLIS STREET,,Non-Injury Crash,No,2019,,East,,0,,Null,,,,,,Overcast,2130700,0,0.0,0.0,3.0,,,0.0,,,,,,Wellington Region,Nil,2-way,Sealed,,0.0,0,,50.0,,Off,0.0,0.0,,47,Wellington City,Traffic Signals,,,,,0.0,0.0,Urban,0.0,,,Fine,Null,0
66399098,,573101,0.0,0.0,0.0,1.0,0.0,Null,2019/2020,TORY STREET,FREDERICK STREET,,Minor Crash,No,2019,0.0,North,0.0,0,0.0,Hill Road,0.0,,1.0,,0.0,Bright sun,2134900,1,0.0,0.0,2.0,0.0,0.0,0.0,0.0,0.0,,0.0,0.0,Wellington Region,Nil,2-way,Sealed,0.0,0.0,0,0.0,50.0,0.0,Off,1.0,0.0,,47,Wellington City,Nil,0.0,0.0,0.0,0.0,0.0,0.0,Urban,0.0,0.0,0.0,Fine,Null,0
66399185,,573101,0.0,,0.0,1.0,,East,2018/2019,WAKEFIELD STREET,TORY ST,,Minor Crash,No,2019,,West,,0,,Flat,,Easter,,,,Overcast,2135700,1,0.0,1.0,3.0,,,0.0,,,,,,Wellington Region,Nil,1-way,Sealed,,0.0,0,,50.0,,None,0.0,0.0,,47,Wellington City,Unknown,,,,,0.0,0.0,Urban,0.0,,,Fine,Null,0
66399205,,572701,0.0,0.0,0.0,0.0,0.0,South,2017/2018,FINDLAY ST,GEE ST,,Non-Injury Crash,No,2017,0.0,North,0.0,0,0.0,Flat,0.0,,0.0,,1.0,Twilight,1994001,0,0.0,0.0,2.0,0.0,0.0,0.0,0.0,0.0,,0.0,0.0,Wellington Region,Speed hump,2-way,Sealed,0.0,0.0,0,0.0,50.0,0.0,Off,1.0,0.0,,47,Wellington City,Unknown,0.0,0.0,0.0,0.0,0.0,0.0,Urban,0.0,0.0,0.0,Fine,Null,0
66399236,,573101,0.0,,0.0,2.0,,Null,2017/2018,CUBA ST,GARRETT ST,,Non-Injury Crash,No,2017,,North,,0,,Flat,,,,,,Bright sun,2133600,0,0.0,0.0,2.0,,,0.0,,,,,,Wellington Region,Nil,2-way,Sealed,,0.0,0,,50.0,,Null,0.0,0.0,,47,Wellington City,Nil,,,,,0.0,0.0,Urban,0.0,,,Null,Null,0
66399280,,576901,0.0,0.0,0.0,2.0,0.0,West,2017/2018,COUTTS ST,YULE ST,,Non-Injury Crash,No,2018,0.0,West,0.0,0,0.0,Flat,0.0,,0.0,,0.0,Overcast,2177600,0,0.0,0.0,2.0,0.0,0.0,0.0,0.0,2.0,,0.0,0.0,Wellington Region,Nil,2-way,Sealed,0.0,0.0,0,0.0,50.0,0.0,Null,0.0,0.0,10.0,47,Wellington City,Unknown,0.0,0.0,0.0,0.0,0.0,0.0,Urban,1.0,0.0,0.0,Fine,Null,0
66399308,,573101,1.0,,0.0,0.0,,Null,2017/2018,WAKEFIELD ST,TARANAKI ST,,Non-Injury Crash,No,2017,,East,,0,,Flat,,,,,,Dark,2133200,0,0.0,0.0,2.0,,,0.0,,,,,,Wellington Region,Nil,2-way,Sealed,,0.0,0,,50.0,,On,0.0,0.0,,47,Wellington City,Traffic Signals,,,,,0.0,0.0,Urban,1.0,,,Null,Null,0
66399383,,573101,0.0,0.0,0.0,1.0,0.0,Null,2018/2019,TORY ST,WAKEFIELD ST,,Non-Injury Crash,No,2018,0.0,South,0.0,0,0.0,Flat,0.0,,0.0,,0.0,Dark,2135700,0,0.0,0.0,2.0,0.0,0.0,0.0,0.0,0.0,,0.0,1.0,Wellington Region,Nil,2-way,Sealed,0.0,0.0,0,0.0,50.0,0.0,On,0.0,0.0,,47,Wellington City,Traffic Signals,0.0,0.0,0.0,0.0,0.0,0.0,Urban,0.0,0.0,0.0,Fine,Null,0
66399390,,573000,0.0,,0.0,1.0,,West,2017/2018,HARRIS ST,JERVOIS QUAY,,Non-Injury Crash,No,2017,,East,,0,,Flat,,Christmas New Year,,,,Overcast,2127500,0,0.0,0.0,2.0,,,0.0,,,,,,Wellington Region,Nil,2-way,Sealed,,0.0,0,,50.0,,Null,1.0,0.0,,47,Wellington City,Unknown,,,,,0.0,0.0,Urban,0.0,,,Light rain,Null,0
66399421,,574001,0.0,0.0,0.0,2.0,0.0,South,2018/2019,BAYLANDS DRIVE,HOROKIWI ROAD WEST,,Non-Injury Crash,No,2018,0.0,East,0.0,0,0.0,Flat,0.0,,0.0,,0.0,Dark,2075500,0,0.0,0.0,2.0,0.0,0.0,0.0,0.0,1.0,,0.0,0.0,Wellington Region,Nil,2-way,Sealed,0.0,0.0,0,0.0,50.0,0.0,On,0.0,0.0,,47,Wellington City,Nil,0.0,0.0,0.0,0.0,0.0,0.0,Urban,0.0,0.0,0.0,Fine,Null,0
66399490,,573000,0.0,,0.0,2.0,,South,2018/2019,"Main Road, Kumeu, Auckland",Access Road,,Non-Injury Crash,No,2018,,Null,,0,,Flat,,Labour Weekend,,,,Bright sun,2127400,0,0.0,0.0,0.0,,,0.0,,,,,,Wellington Region,Nil,2-way,Sealed,,0.0,0,,,,Null,0.0,0.0,,47,Wellington City,Unknown,,,,,0.0,0.0,Urban,0.0,,,Fine,Null,0
66399494,,573526,0.0,,0.0,2.0,,North,2017/2018,SH 2,SERVICE STN STH,,Non-Injury Crash,Yes,2017,,North,,0,,Flat,,,,,,Dark,2077503,0,0.0,0.0,4.0,,,0.0,,,,,,Wellington Region,Nil,2-way,Sealed,,0.0,0,,100.0,,On,0.0,0.0,,47,Wellington City,Unknown,,,,,0.0,0.0,Open,0.0,,,Fine,Null,0
66399496,,573101,0.0,,0.0,1.0,,Null,2018/2019,CABLE STREET,ORIENTAL PARADE,,Serious Crash,No,2019,,South,,0,,Flat,,,,,,Twilight,2135500,0,0.0,0.0,2.0,,,0.0,,,1.0,,,Wellington Region,Nil,1-way,Sealed,,0.0,1,,50.0,,On,0.0,0.0,,47,Wellington City,Traffic Signals,,,,,0.0,0.0,Urban,0.0,,,Light rain,Null,0
66399517,,572900,0.0,0.0,0.0,1.0,0.0,South,2017/2018,THORNDON QUAY,MOORE ST,,Non-Injury Crash,No,2018,0.0,South,0.0,0,0.0,Flat,0.0,,0.0,,0.0,Bright sun,2121500,0,0.0,0.0,2.0,0.0,0.0,0.0,0.0,1.0,,0.0,0.0,Wellington Region,Nil,2-way,Sealed,0.0,0.0,0,0.0,50.0,0.0,Null,1.0,0.0,,47,Wellington City,Unknown,0.0,0.0,0.0,0.0,0.0,0.0,Urban,0.0,0.0,0.0,Fine,Null,0
66399520,,574402,0.0,,0.0,0.0,,South,2017/2018,NGAIO GORGE ROAD,KENYA ST,,Minor Crash,No,2018,,East,,0,,Hill Road,,,,,,Overcast,2098200,1,0.0,1.0,2.0,,,0.0,,,,,,Wellington Region,Nil,2-way,Sealed,,0.0,0,,50.0,,Null,0.0,0.0,,47,Wellington City,Unknown,,,,,0.0,0.0,Urban,0.0,,,Heavy rain,Strong wind,0
66399527,,575100,0.0,0.0,0.0,2.0,0.0,Null,2018/2019,KARORI ROAD,BURROWS AVENUE,,Non-Injury Crash,No,2018,0.0,West,0.0,0,0.0,Hill Road,0.0,,0.0,,0.0,Dark,2115700,0,0.0,0.0,2.0,0.0,0.0,0.0,0.0,0.0,,0.0,1.0,Wellington Region,Nil,2-way,Sealed,0.0,0.0,0,0.0,50.0,0.0,On,0.0,0.0,,47,Wellington City,Give way,0.0,0.0,0.0,0.0,0.0,0.0,Urban,0.0,0.0,0.0,Fine,Null,0
66399552,,573000,0.0,,0.0,1.0,,Null,2017/2018,THE TERRACE,JAMES COOK HOTEL,,Minor Crash,No,2018,,South,,0,,Hill Road,,,,,,Dark,2124803,1,0.0,1.0,2.0,,,0.0,,,,,,Wellington Region,Motorway ramp,2-way,Sealed,,0.0,0,,50.0,,On,0.0,1.0,,47,Wellington City,Nil,,,,,0.0,0.0,Urban,0.0,,,Light rain,Null,0
66399575,,573101,0.0,,0.0,2.0,,North,2017/2018,WILLIS ST,SH 1N,,Non-Injury Crash,No,2018,,North,,0,,Flat,,,,,,Dark,2131600,0,0.0,0.0,2.0,,,0.0,,,,,,Wellington Region,Nil,1-way,Sealed,,0.0,0,,50.0,,On,0.0,0.0,,47,Wellington City,Nil,,,,,0.0,0.0,Urban,0.0,,,Fine,Null,0
66399594,,577102,0.0,0.0,0.0,1.0,1.0,East,2018/2019,TANNADYCE ST,STRATHMORE AVENUE,,Minor Crash,No,2019,0.0,West,0.0,0,0.0,Hill Road,0.0,,0.0,,0.0,Bright sun,2213800,1,0.0,0.0,2.0,0.0,0.0,0.0,0.0,1.0,,0.0,0.0,Wellington Region,Nil,2-way,Sealed,0.0,0.0,0,0.0,50.0,0.0,Off,1.0,0.0,,47,Wellington City,Unknown,0.0,0.0,0.0,0.0,0.0,0.0,Urban,0.0,0.0,0.0,Fine,Null,0
66399630,,572701,0.0,0.0,0.0,3.0,0.0,North,2017/2018,COATES ST,NORTH ST,,Non-Injury Crash,No,2017,0.0,North,0.0,0,0.0,Hill Road,0.0,,0.0,,0.0,Dark,1995100,0,0.0,0.0,2.0,0.0,0.0,0.0,0.0,1.0,,0.0,0.0,Wellington Region,Nil,2-way,Sealed,0.0,0.0,0,0.0,50.0,0.0,On,0.0,0.0,,47,Wellington City,Unknown,0.0,0.0,0.0,0.0,0.0,0.0,Urban,0.0,0.0,0.0,Fine,Null,0
66399646,,576901,0.0,,0.0,2.0,,Null,2017/2018,COUTTS ST,ROSS ST,,Non-Injury Crash,No,2017,,West,,0,,Flat,,,,,,Bright sun,2178801,0,0.0,0.0,2.0,,,0.0,,,,,,Wellington Region,Nil,2-way,Sealed,,0.0,0,,50.0,,Null,0.0,0.0,,47,Wellington City,Give way,,,,,0.0,0.0,Urban,1.0,,,Fine,Null,0
66399793,,573101,0.0,,0.0,1.0,,Null,2018/2019,WILLIS STREET,ABEL SMITH STREET,,Non-Injury Crash,No,2019,,North,,0,,Flat,,,,,,Overcast,2132400,0,0.0,0.0,4.0,,,0.0,,,,,,Wellington Region,Nil,1-way,Sealed,,0.0,0,,50.0,,Off,1.0,0.0,,47,Wellington City,Traffic Signals,,,,,0.0,0.0,Urban,0.0,,,Fine,Null,0
66399813,,573400,0.0,0.0,0.0,1.0,0.0,West,2018/2019,STAFFORD ST,PORT ST,,Non-Injury Crash,No,2019,0.0,Null,0.0,0,0.0,Null,0.0,,0.0,,0.0,Unknown,2139500,0,0.0,0.0,0.0,0.0,0.0,0.0,0.0,1.0,,0.0,0.0,Wellington Region,Nil,Null,Null,0.0,0.0,0,0.0,,0.0,Null,0.0,0.0,,47,Wellington City,Unknown,0.0,0.0,0.0,0.0,0.0,0.0,Urban,1.0,0.0,0.0,Null,Null,0
66399849,,576302,0.0,,0.0,2.0,,Null,2017/2018,RUSSELL TERRACE,HERALD ST,,Non-Injury Crash,No,2018,,North,,0,,Flat,,,,,,Bright sun,2166700,0,0.0,0.0,2.0,,,0.0,,,,,,Wellington Region,Nil,2-way,Sealed,,0.0,0,,50.0,,Null,0.0,0.0,,47,Wellington City,Stop,,,,,0.0,0.0,Urban,0.0,,,Fine,Null,0
66399895,,573101,0.0,0.0,0.0,2.0,0.0,East,2017/2018,DIXON ST,VICTORIA ST,,Non-Injury Crash,No,2018,0.0,West,0.0,0,0.0,Flat,0.0,,0.0,,0.0,Dark,2131500,0,0.0,0.0,2.0,0.0,0.0,0.0,0.0,1.0,,0.0,0.0,Wellington Region,Nil,1-way,Sealed,0.0,0.0,0,0.0,50.0,0.0,On,0.0,1.0,,47,Wellington City,Unknown,0.0,0.0,0.0,0.0,0.0,0.0,Urban,0.0,0.0,0.0,Fine,Null,0