OBJECTID,advisorySpeed,areaUnitID,bicycle,bridge,bus,carStationWagon,cliffBank,crashDirectionDescription,crashFinancialYear,crashLocation1,crashLocation2,crashRoadSideRoad,crashSeverity,crashSHDescription,crashYear,debris,directionRoleDescription,ditch,fatalCount,fence,flatHill,guardRail,holiday,houseOrBuilding,intersection,kerb,light,meshblockId,minorInjuryCount,moped,motorcycle,NumberOfLanes,objectThrownOrDropped,otherObject,otherVehicleType,overBank,parkedVehicle,pedestrian,phoneBoxEtc,postOrPole,region,roadCharacter,roadLane,roadSurface,roadworks,schoolBus,seriousInjuryCount,slipOrFlood,speedLimit,strayAnimal,streetLight,suv,taxi,temporarySpeedLimit,tlaId,tlaName,trafficControl,trafficIsland,trafficSign,train,tree,truck,unknownVehicleType,urban,vanOrUtility,vehicle,waterRiver,weatherA,weatherB,if_pandemic
66399967,,573525,0.0,,0.0,0.0,,Null,2018/2019,TAKAPU ROAD,JAMAICA DRIVE,,Non-Injury Crash,No,2018,,South,,0,,Flat,,,,,,Bright sun,2053829,0,0.0,0.0,2.0,,,0.0,,,,,,Wellington Region,Nil,2-way,Sealed,,0.0,0,,70.0,,Null,0.0,0.0,,47,Wellington City,Give way,,,,,1.0,0.0,Urban,1.0,,,Fine,Null,0
66399994,,573522,0.0,,0.0,2.0,,South,2018/2019,01N-1060-I,TAWA-GRENADA NORTH ON RAMP,,Non-Injury Crash,Yes,2019,,South,,0,,Flat,,,,,,Bright sun,2086311,0,0.0,0.0,4.0,,,0.0,,,,,,Wellington Region,Nil,2-way,Sealed,,0.0,0,,100.0,,Off,1.0,0.0,,47,Wellington City,Unknown,,,,,0.0,0.0,Open,0.0,,,Fine,Null,0
66400040,,573400,0.0,,0.0,1.0,,Null,2018/2019,PIRIE STREET,AUSTIN STREET,,Minor Crash,No,2019,,East,,0,,Hill Road,,,,,,Overcast,2142000,1,0.0,0.0,2.0,,,0.0,,,,,,Wellington Region,Nil,2-way,Sealed,,0.0,0,,50.0,,Off,1.0,0.0,,47,Wellington City,Stop,,,,,0.0,0.0,Urban,0.0,,,Fine,Null,0
66400083,,573300,0.0,0.0,0.0,1.0,0.0,Null,2018/2019,ARLINGTON ST,TORRENS TERRACE,,Non-Injury Crash,No,2018,0.0,West,0.0,0,0.0,Flat,0.0,,0.0,,1.0,Dark,2144400,0,0.0,0.0,2.0,0.0,0.0,0.0,0.0,0.0,,0.0,1.0,Wellington Region,Nil,2-way,Sealed,0.0,0.0,0,0.0,50.0,0.0,On,0.0,1.0,,47,Wellington City,Nil,0.0,0.0,0.0,0.0,0.0,0.0,Urban,0.0,0.0,0.0,Fine,Null,0
66400089,,573101,0.0,,0.0,1.0,,Null,2018/2019,TORY STREET,EBOR STREET,,Minor Crash,No,2019,,North,,0,,Flat,,,,,,Dark,2136500,1,1.0,0.0,2.0,,,0.0,,,,,,Wellington Region,Nil,2-way,Sealed,,0.0,0,,50.0,,On,0.0,0.0,,47,Wellington City,Give way,,,,,0.0,0.0,Urban,0.0,,,Fine,Null,0
66400096,,573101,0.0,,0.0,2.0,,West,2017/2018,SH 1N,WALTER ST,,Non-Injury Crash,Yes,2017,,East,,0,,Flat,,,,,,Bright sun,2131700,0,0.0,0.0,2.0,,,0.0,,,,,,Wellington Region,Nil,1-way,Sealed,,0.0,0,,50.0,,Null,0.0,0.0,,47,Wellington City,Unknown,,,,,0.0,0.0,Urban,0.0,,,Fine,Null,0
66400114,,574500,0.0,0.0,0.0,1.0,0.0,North,2018/2019,SH 1N,AOTEA OFF SBD,,Non-Injury Crash,Yes,2018,0.0,West,0.0,0,0.0,Hill Road,1.0,,0.0,,0.0,Dark,2093600,0,0.0,0.0,3.0,0.0,0.0,0.0,0.0,0.0,,0.0,0.0,Wellington Region,Nil,1-way,Sealed,0.0,0.0,0,0.0,100.0,0.0,On,0.0,0.0,,47,Wellington City,Unknown,0.0,0.0,0.0,0.0,0.0,0.0,Open,0.0,0.0,0.0,Light rain,Strong wind,0
66400129,,576100,0.0,,0.0,1.0,,Null,2018/2019,HOUGHTON BAY ROAD,CAVE ROAD,,Minor Crash,No,2019,,North,,0,,Hill Road,,,,,,Bright sun,2194806,2,0.0,1.0,2.0,,,0.0,,,,,,Wellington Region,Nil,2-way,Sealed,,0.0,0,,50.0,,Off,0.0,0.0,,47,Wellington City,Nil,,,,,0.0,0.0,Urban,0.0,,,Fine,Null,0
66400133,,572900,1.0,0.0,0.0,2.0,0.0,North,2018/2019,THORNDON QUAY,DAVIS STREET,,Serious Crash,No,2019,0.0,South,0.0,0,0.0,Flat,0.0,,0.0,,0.0,Bright sun,2118400,0,0.0,0.0,2.0,0.0,0.0,0.0,0.0,1.0,,0.0,0.0,Wellington Region,Nil,2-way,Sealed,0.0,0.0,1,0.0,50.0,0.0,Off,0.0,0.0,,47,Wellington City,Unknown,0.0,0.0,0.0,0.0,0.0,0.0,Urban,0.0,0.0,0.0,Fine,Strong wind,0
66400141,,573400,0.0,,0.0,1.0,,West,2017/2018,ORIENTAL PARADE,FREYBERG POOL CPK ENT,,Non-Injury Crash,No,2018,,East,,0,,Flat,,,,,,Overcast,2138400,0,0.0,0.0,2.0,,,0.0,,,,,,Wellington Region,Nil,2-way,Sealed,,0.0,0,,40.0,,Null,1.0,0.0,,47,Wellington City,Unknown,,,,,0.0,0.0,Urban,0.0,,,Fine,Null,0
66400150,,574302,0.0,0.0,0.0,1.0,1.0,North,2016/2017,ONSLOW ROAD,HUTT ROAD,,Non-Injury Crash,No,2017,0.0,West,0.0,0,1.0,Hill Road,0.0,,0.0,,0.0,Overcast,2090500,0,0.0,0.0,2.0,0.0,0.0,0.0,0.0,0.0,,0.0,0.0,Wellington Region,Nil,2-way,Sealed,0.0,0.0,0,0.0,50.0,0.0,Null,0.0,0.0,,47,Wellington City,Unknown,0.0,0.0,0.0,0.0,0.0,0.0,Urban,0.0,0.0,0.0,Light rain,Null,0
66400204,,576800,0.0,0.0,0.0,2.0,0.0,North,2017/2018,GRAFTON ROAD,HATAITAI ROAD,,Non-Injury Crash,No,2018,0.0,South,0.0,0,0.0,Hill Road,0.0,,0.0,,0.0,Overcast,2186400,0,0.0,0.0,2.0,0.0,0.0,0.0,0.0,1.0,,0.0,0.0,Wellington Region,Nil,2-way,Sealed,0.0,0.0,0,0.0,50.0,0.0,Null,0.0,0.0,,47,Wellington City,Unknown,0.0,0.0,0.0,0.0,0.0,0.0,Urban,0.0,0.0,0.0,Fine,Null,0
66400214,,576901,0.0,0.0,1.0,1.0,0.0,East,2017/2018,KEMP ST,EVANS BAY PARADE,,Non-Injury Crash,No,2018,0.0,East,0.0,0,0.0,Flat,0.0,,0.0,,0.0,Bright sun,2177800,0,0.0,0.0,2.0,0.0,0.0,0.0,0.0,1.0,,0.0,0.0,Wellington Region,Nil,2-way,Sealed,0.0,0.0,0,0.0,50.0,0.0,Null,0.0,0.0,,47,Wellington City,Unknown,0.0,0.0,0.0,0.0,0.0,0.0,Urban,0.0,0.0,0.0,Fine,Null,0
66400248,,573801,0.0,,0.0,2.0,,South,2018/2019,HELSTON ROAD,ROKEWA WAY,,Minor Crash,No,2018,,East,,0,,Hill Road,,,,,,Bright sun,2078800,6,0.0,0.0,2.0,,,0.0,,,,,,Wellington Region,Nil,2-way,Sealed,,0.0,0,,50.0,,Null,0.0,0.0,,47,Wellington City,Unknown,,,,,0.0,0.0,Urban,0.0,,,Fine,Null,0
66400259,,573000,0.0,,0.0,1.0,,Null,2017/2018,HUNTER ST,CUSTOMHOUSE QUAY,,Non-Injury Crash,No,2018,,East,,0,,Flat,,,,,,Bright sun,2125800,0,0.0,0.0,2.0,,,0.0,,,,,,Wellington Region,Nil,1-way,Sealed,,0.0,0,,50.0,,Null,0.0,0.0,,47,Wellington City,Traffic Signals,,,,,0.0,0.0,Urban,1.0,,,Fine,Null,0
66400301,,573400,0.0,0.0,0.0,2.0,0.0,Null,2017/2018,BROUGHAM ST,MAJORIBANKS ST,,Non-Injury Crash,No,2018,0.0,South,0.0,0,0.0,Hill Road,0.0,,0.0,,0.0,Overcast,2139900,0,0.0,0.0,2.0,0.0,0.0,0.0,0.0,1.0,,0.0,0.0,Wellington Region,Nil,2-way,Sealed,0.0,0.0,0,0.0,50.0,0.0,Null,0.0,0.0,,47,Wellington City,Nil,0.0,0.0,0.0,0.0,0.0,0.0,Urban,0.0,0.0,0.0,Fine,Null,0
66400354,,577000,0.0,0.0,0.0,1.0,0.0,East,2018/2019,LYALL PDE,ONEPU ROAD,,Non-Injury Crash,No,2019,0.0,West,0.0,0,0.0,Flat,0.0,,0.0,,0.0,Overcast,2175300,0,0.0,0.0,2.0,0.0,0.0,0.0,0.0,1.0,,0.0,0.0,Wellington Region,Nil,2-way,Sealed,0.0,0.0,0,0.0,50.0,0.0,Off,0.0,0.0,,47,Wellington City,Unknown,0.0,0.0,0.0,0.0,0.0,0.0,Urban,1.0,0.0,0.0,Fine,Null,0
66400355,,573300,0.0,,0.0,2.0,,East,2017/2018,SH 1N,ADELAIDE ROAD,,Non-Injury Crash,Yes,2018,,West,,0,,Flat,,,,,,Overcast,2145602,0,0.0,0.0,4.0,,,0.0,,,,,,Wellington Region,Nil,1-way,Sealed,,0.0,0,,50.0,,Null,0.0,0.0,,47,Wellington City,Unknown,,,,,0.0,0.0,Urban,0.0,,,Fine,Null,0
66400381,,573801,0.0,0.0,0.0,1.0,0.0,Null,2016/2017,BEAZLEY AVENUE,LYNDA AVENUE,,Non-Injury Crash,No,2017,0.0,North,0.0,0,0.0,Flat,0.0,,0.0,,1.0,Overcast,2079800,0,0.0,0.0,2.0,0.0,0.0,0.0,0.0,0.0,,0.0,0.0,Wellington Region,Nil,2-way,Sealed,0.0,0.0,0,0.0,50.0,0.0,Null,0.0,0.0,,47,Wellington City,Give way,0.0,0.0,0.0,0.0,0.0,0.0,Urban,0.0,0.0,0.0,Light rain,Strong wind,0
66400385,,572600,0.0,0.0,0.0,0.0,0.0,Null,2018/2019,CAMBRIDGE STREET,MAIN ROAD,,Minor Crash,No,2019,0.0,East,0.0,0,0.0,Flat,0.0,,0.0,,1.0,Overcast,1992200,1,0.0,1.0,2.0,0.0,0.0,0.0,0.0,0.0,,0.0,0.0,Wellington Region,Nil,2-way,Sealed,0.0,0.0,0,0.0,50.0,0.0,Off,0.0,0.0,,47,Wellington City,Give way,0.0,0.0,0.0,0.0,0.0,0.0,Urban,0.0,0.0,0.0,Fine,Null,0
66400420,,576002,0.0,,1.0,1.0,,Null,2018/2019,THE PARADE,MERSEY ST,,Minor Crash,No,2019,,North,,0,,Flat,,,,,,Bright sun,2190800,1,0.0,0.0,2.0,,,0.0,,,,,,Wellington Region,Nil,2-way,Sealed,,0.0,0,,50.0,,Off,0.0,0.0,,47,Wellington City,Unknown,,,,,0.0,0.0,Urban,0.0,,,Fine,Null,0
66400484,,572500,0.0,0.0,0.0,1.0,0.0,South,2018/2019,TAYLOR TERRACE,RYAN GROVE,,Non-Injury Crash,No,2018,0.0,North,0.0,0,0.0,Hill Road,0.0,,0.0,,0.0,Overcast,1986500,0,0.0,0.0,2.0,0.0,0.0,0.0,0.0,0.0,,0.0,1.0,Wellington Region,Nil,2-way,Sealed,0.0,0.0,0,0.0,50.0,0.0,Null,0.0,0.0,,47,Wellington City,Unknown,0.0,0.0,0.0,0.0,0.0,0.0,Urban,0.0,0.0,0.0,Fine,Strong wind,0
66400506,,572900,0.0,,0.0,2.0,,North,2018/2019,TINAKORI OFF NBD,SH 1N,,Non-Injury Crash,Yes,2018,,North,,0,,Flat,,,,,,Dark,2122000,0,0.0,0.0,1.0,,,0.0,,,,,,Wellington Region,Motorway ramp,1-way,Sealed,,0.0,0,,100.0,,On,0.0,0.0,,47,Wellington City,Unknown,,,,,0.0,0.0,Open,0.0,,,Fine,Null,0
66400525,,575701,0.0,0.0,0.0,3.0,0.0,South,2018/2019,WASHINGTON AVENUE,CONNAUGHT TERRACE,,Minor Crash,No,2018,0.0,South,0.0,0,0.0,Hill Road,0.0,,0.0,,0.0,Dark,2199600,1,0.0,0.0,2.0,0.0,0.0,0.0,0.0,2.0,,0.0,0.0,Wellington Region,Nil,2-way,Sealed,0.0,0.0,0,0.0,50.0,0.0,On,0.0,0.0,,47,Wellington City,Unknown,0.0,0.0,0.0,0.0,0.0,0.0,Urban,0.0,0.0,0.0,Fine,Null,0
66400543,,575600,0.0,0.0,0.0,2.0,0.0,South,2017/2018,OHIRO ROAD,CLEVELAND ST,,Non-Injury Crash,No,2018,0.0,South,0.0,0,0.0,Hill Road,0.0,,0.0,,0.0,Overcast,2161700,0,0.0,0.0,2.0,0.0,0.0,0.0,0.0,1.0,,0.0,0.0,Wellington Region,Nil,2-way,Sealed,0.0,0.0,0,0.0,50.0,0.0,Null,0.0,0.0,,47,Wellington City,Unknown,0.0,0.0,0.0,0.0,0.0,0.0,Urban,0.0,0.0,0.0,Light rain,Null,0
66400547,,575300,0.0,,0.0,2.0,,West,2016/2017,GLENMORE ST,NORTHLAND ROAD,,Non-Injury Crash,No,2017,,East,,0,,Flat,,,,,,Dark,2152600,0,0.0,0.0,2.0,,,0.0,,,,,,Wellington Region,Nil,2-way,Sealed,,0.0,0,,50.0,,On,0.0,0.0,,47,Wellington City,Unknown,,,,,0.0,0.0,Urban,0.0,,,Fine,Null,0
66400570,,572900,0.0,,0.0,1.0,,Null,2018/2019,MOLESWORTH STREET,KATE SHEPPARD PLACE,,Minor Crash,No,2019,,North,,0,,Hill Road,,,,,,Overcast,2122600,1,0.0,1.0,2.0,,,0.0,,,,,,Wellington Region,Nil,1-way,Sealed,,0.0,0,,50.0,,Off,0.0,0.0,,47,Wellington City,Give way,,,,,0.0,0.0,Urban,0.0,,,Fine,Null,0
66400575,,573101,0.0,,0.0,1.0,,West,2018/2019,CABLE ST,TORY ST,,Non-Injury Crash,No,2018,,East,,0,,Flat,,,,,,Bright sun,2135200,0,0.0,0.0,3.0,,,0.0,,,,,,Wellington Region,Nil,1-way,Sealed,,0.0,0,,50.0,,Null,0.0,0.0,,47,Wellington City,Unknown,,,,,0.0,0.0,Urban,1.0,,,Fine,Strong wind,0
66400608,,573101,0.0,0.0,0.0,0.0,0.0,North,2018/2019,HERD ST,ORIENTAL PARADE,,Non-Injury Crash,No,2018,1.0,South,0.0,0,0.0,Flat,0.0,,0.0,,0.0,Bright sun,2135300,0,0.0,0.0,2.0,0.0,0.0,0.0,0.0,0.0,,0.0,0.0,Wellington Region,Nil,2-way,Sealed,0.0,0.0,0,0.0,50.0,0.0,None,0.0,0.0,40.0,47,Wellington City,Unknown,0.0,0.0,0.0,0.0,0.0,0.0,Urban,1.0,0.0,0.0,Fine,Null,0
66400688,,573101,0.0,,0.0,1.0,,Null,2017/2018,TARANAKI ST,HALLEYS LANE,,Non-Injury Crash,No,2018,,South,,0,,Flat,,,,,,Bright sun,2133200,0,0.0,1.0,5.0,,,0.0,,,,,,Wellington Region,Nil,2-way,Sealed,,0.0,0,,40.0,,Null,0.0,0.0,,47,Wellington City,Nil,,,,,0.0,0.0,Urban,0.0,,,Fine,Null,0
66400706,,576302,0.0,0.0,1.0,0.0,0.0,East,2018/2019,WARIPORI STREET,RINTOUL STREET,,Non-Injury Crash,No,2018,0.0,Null,0.0,0,0.0,Null,0.0,,0.0,,0.0,Unknown,2166800,0,0.0,0.0,2.0,0.0,0.0,0.0,0.0,1.0,,0.0,0.0,Wellington Region,Nil,2-way,Null,0.0,0.0,0,0.0,50.0,0.0,Null,1.0,0.0,,47,Wellington City,Unknown,0.0,0.0,0.0,0.0,0.0,0.0,Urban,0.0,0.0,0.0,Null,Null,0
66400720,,572600,0.0,,0.0,2.0,,South,2017/2018,MAIN ROAD,SURREY ST,,Non-Injury Crash,No,2018,,South,,0,,Flat,,,,,,Bright sun,1990300,0,0.0,0.0,2.0,,,0.0,,,,,,Wellington Region,Nil,2-way,Sealed,,0.0,0,,50.0,,Null,0.0,0.0,,47,Wellington City,Unknown,,,,,0.0,0.0,Urban,0.0,,,Fine,Null,0
66400774,,573300,0.0,0.0,0.0,1.0,1.0,North,2018/2019,SH 1N,BUCKLE ST,,Non-Injury Crash,Yes,2018,0.0,North,0.0,0,0.0,Hill Road,0.0,,0.0,,0.0,Overcast,2145602,0,0.0,0.0,2.0,0.0,0.0,0.0,0.0,0.0,,0.0,0.0,Wellington Region,Nil,1-way,Sealed,0.0,0.0,0,0.0,50.0,0.0,Null,0.0,0.0,,47,Wellington City,Unknown,0.0,0.0,0.0,0.0,0.0,0.0,Urban,0.0,0.0,0.0,Light rain,Strong wind,0
66400787,,573101,0.0,0.0,1.0,1.0,0.0,North,2017/2018,COURTENAY PLACE,BLAIR ST,,Non-Injury Crash,No,2017,0.0,East,0.0,0,0.0,Flat,0.0,,0.0,,0.0,Unknown,2135700,0,0.0,0.0,1.0,0.0,0.0,0.0,0.0,0.0,,0.0,0.0,Wellington Region,Nil,1-way,Sealed,0.0,0.0,0,0.0,30.0,0.0,Null,0.0,1.0,,47,Wellington City,Unknown,0.0,0.0,0.0,0.0,0.0,0.0,Urban,0.0,1.0,0.0,Fine,Null,0
66400788,,576400,0.0,,0.0,2.0,,East,2018/2019,CONSTABLE ST,RIDDIFORD ST,,Non-Injury Crash,No,2018,,East,,0,,Flat,,,,,,Overcast,2168400,0,0.0,0.0,2.0,,,0.0,,,,,,Wellington Region,Nil,2-way,Sealed,,0.0,0,,50.0,,Null,0.0,0.0,,47,Wellington City,Unknown,,,,,0.0,0.0,Urban,0.0,,,Fine,Null,0
66400799,,577700,0.0,0.0,0.0,1.0,0.0,South,2017/2018,MAKARA ROAD,MAKARA CEMETERY,,Non-Injury Crash,No,2018,0.0,South,0.0,0,1.0,Hill Road,0.0,,0.0,,0.0,Overcast,2116500,0,0.0,0.0,2.0,0.0,0.0,0.0,0.0,0.0,,0.0,0.0,Wellington Region,Nil,2-way,Sealed,0.0,0.0,0,0.0,50.0,0.0,Null,0.0,0.0,,47,Wellington City,Unknown,0.0,0.0,0.0,0.0,0.0,0.0,Urban,0.0,0.0,0.0,Heavy rain,Null,0
66400822,,573526,0.0,,0.0,2.0,,South,2018/2019,002-0962/12.86-D,WEIGH PIT,,Non-Injury Crash,Yes,2018,,North,,0,,Flat,,,,,,Bright sun,2077503,0,0.0,0.0,2.0,,,0.0,,,,,,Wellington Region,Nil,1-way,Sealed,,0.0,0,,100.0,,Off,1.0,0.0,,47,Wellington City,Unknown,,,,,0.0,0.0,Open,2.0,,,Fine,Null,0
66400872,,573101,0.0,,0.0,1.0,,North,2018/2019,VICTORIA ST,VIVIAN ST,,Non-Injury Crash,No,2019,,South,,0,,Flat,,,,,,Bright sun,2131600,0,0.0,0.0,3.0,,,0.0,,,,,,Wellington Region,Nil,2-way,Sealed,,0.0,0,,50.0,,Off,1.0,0.0,,47,Wellington City,Traffic Signals,,,,,0.0,0.0,Urban,0.0,,,Fine,Null,0
66400893,,576903,0.0,,0.0,2.0,,West,2017/2018,SH 1N,EVANS BAY PARADE,,Non-Injury Crash,Yes,2017,,East,,0,,Flat,,,,,,Overcast,2180200,0,0.0,0.0,2.0,,,0.0,,,,,,Wellington Region,Nil,1-way,Sealed,,0.0,0,,50.0,,Null,0.0,0.0,,47,Wellington City,Traffic Signals,,,,,0.0,0.0,Urban,0.0,,,Fine,Null,0
66400896,,576301,0.0,,0.0,2.0,,Null,2017/2018,RINTOUL ST,RIDDIFORD ST,,Non-Injury Crash,No,2018,,South,,0,,Flat,,,,,,Bright sun,2164600,0,0.0,0.0,2.0,,,0.0,,,,,,Wellington Region,Nil,2-way,Sealed,,0.0,0,,50.0,,Null,0.0,0.0,,47,Wellington City,Traffic Signals,,,,,0.0,0.0,Urban,0.0,,,Fine,Null,0
66400934,,573523,0.0,,0.0,2.0,,South,2018/2019,01N-1060-I,CHURTON PARK-GLENSIDE ON RAMP,,Non-Injury Crash,Yes,2019,,South,,0,,Flat,,,,,,Bright sun,2086310,0,0.0,0.0,2.0,,,0.0,,,,,,Wellington Region,Nil,1-way,Sealed,,0.0,0,,100.0,,Off,0.0,0.0,,47,Wellington City,Unknown,,,,,0.0,0.0,Open,0.0,,,Fine,Null,0
66400960,,574402,0.0,,1.0,1.0,,East,2017/2018,NGAIO GORGE ROAD,PERTH ST,,Non-Injury Crash,No,2018,,North,,0,,Hill Road,,,,,,Bright sun,2098400,0,0.0,0.0,2.0,,,0.0,,,,,,Wellington Region,Nil,2-way,Sealed,,0.0,0,,50.0,,Null,0.0,0.0,,47,Wellington City,Unknown,,,,,0.0,0.0,Urban,0.0,,,Fine,Null,0
66400993,,575300,0.0,0.0,1.0,1.0,0.0,North,2019/2020,KELBURN PARADE,GLASGOW STREET,,Non-Injury Crash,No,2019,0.0,North,0.0,0,0.0,Null,0.0,,0.0,,0.0,Unknown,2155300,0,0.0,0.0,2.0,0.0,0.0,0.0,0.0,1.0,,0.0,0.0,Wellington Region,Nil,2-way,Sealed,0.0,0.0,0,0.0,50.0,0.0,Null,0.0,0.0,,47,Wellington City,Nil,0.0,0.0,0.0,0.0,0.0,0.0,Urban,0.0,0.0,0.0,Null,Null,0
66401031,,577102,0.0,0.0,0.0,2.0,0.0,South,2017/2018,SIDLAW ST,AHURIRI ST,,Non-Injury Crash,No,2018,0.0,North,0.0,0,0.0,Hill Road,0.0,,0.0,,0.0,Overcast,2216400,0,0.0,0.0,1.0,0.0,0.0,0.0,0.0,1.0,,0.0,0.0,Wellington Region,Nil,2-way,Sealed,0.0,0.0,0,0.0,50.0,0.0,Null,0.0,0.0,,47,Wellington City,Unknown,0.0,0.0,0.0,0.0,0.0,0.0,Urban,0.0,0.0,0.0,Fine,Null,0
66401038,,573300,0.0,,0.0,1.0,,North,2018/2019,SUSSEX STREET,RUGBY STREET,,Non-Injury Crash,Yes,2018,,North,,0,,Flat,,,,,,Overcast,2145602,0,0.0,0.0,3.0,,,0.0,,,,,,Wellington Region,Nil,1-way,Sealed,,0.0,0,,50.0,,Null,0.0,0.0,,47,Wellington City,Nil,,,,,0.0,0.0,Urban,1.0,,,Light rain,Null,0
66401103,,572900,0.0,0.0,0.0,1.0,0.0,North,2017/2018,TINAKORI ROAD,HOBSON ST,,Non-Injury Crash,No,2018,0.0,South,0.0,0,0.0,Hill Road,0.0,,0.0,,0.0,Bright sun,2117800,0,0.0,0.0,2.0,0.0,0.0,0.0,0.0,1.0,,0.0,0.0,Wellington Region,Nil,2-way,Sealed,0.0,0.0,0,0.0,50.0,0.0,Null,0.0,0.0,,47,Wellington City,Unknown,0.0,0.0,0.0,0.0,0.0,0.0,Urban,1.0,0.0,0.0,Fine,Null,0
66401150,,573101,0.0,0.0,0.0,0.0,0.0,North,2018/2019,CUBA STREET,ABEL SMITH STREET,,Non-Injury Crash,No,2019,0.0,South,0.0,0,0.0,Flat,0.0,,0.0,,0.0,Bright sun,2134400,0,0.0,0.0,2.0,0.0,0.0,0.0,0.0,1.0,,0.0,0.0,Wellington Region,Nil,2-way,Sealed,0.0,0.0,0,0.0,50.0,0.0,Off,0.0,0.0,,47,Wellington City,Unknown,0.0,0.0,0.0,0.0,0.0,0.0,Urban,2.0,0.0,0.0,Fine,Null,0
66401236,,576400,0.0,,0.0,0.0,,Null,2018/2019,CONSTABLE STREET,HIROPI STREET,,Non-Injury Crash,No,2019,,West,,0,,Hill Road,,,,,,Bright sun,2169800,0,0.0,0.0,2.0,,,0.0,,,1.0,,,Wellington Region,Nil,2-way,Sealed,,0.0,0,,50.0,,Off,0.0,0.0,,47,Wellington City,Give way,,,,,0.0,0.0,Urban,1.0,,,Fine,Null,0
66401249,,577000,0.0,,0.0,1.0,,South,2018/2019,TIRANGI ROAD,GEORGE BOLT ROAD,,Non-Injury Crash,No,2018,,South,,0,,Null,,,,,,Unknown,2175600,0,0.0,1.0,2.0,,,0.0,,,,,,Wellington Region,Nil,2-way,Sealed,,0.0,0,,50.0,,Null,0.0,0.0,,47,Wellington City,Nil,,,,,0.0,0.0,Urban,0.0,,,Null,Null,0
66401252,,573525,0.0,0.0,0.0,2.0,1.0,Null,2018/2019,JOHNSONVILLE PORIRUA MOTORWAY,TAWA-GRENADA NORTH OFF RAMP,,Serious Crash,Yes,2018,0.0,South,0.0,0,0.0,Flat,1.0,Christmas New Year,0.0,,0.0,Dark,2053830,2,0.0,0.0,4.0,0.0,0.0,0.0,0.0,0.0,,0.0,0.0,Wellington Region,Nil,2-way,Sealed,0.0,0.0,3,0.0,100.0,0.0,On,0.0,0.0,,47,Wellington City,Nil,0.0,0.0,0.0,0.0,0.0,0.0,Open,0.0,0.0,0.0,Fine,Null,0
66401266,,575300,0.0,,0.0,1.0,,North,2017/2018,RAROA ROAD,CLUNY AVENUE,,Non-Injury Crash,No,2018,,South,,0,,Hill Road,,,,,,Bright sun,2152600,0,0.0,0.0,2.0,,,0.0,,,,,,Wellington Region,Nil,2-way,Sealed,,0.0,0,,50.0,,Null,0.0,0.0,,47,Wellington City,Unknown,,,,,0.0,0.0,Urban,1.0,,,Fine,Null,0
66401299,,573000,0.0,0.0,0.0,2.0,0.0,South,2017/2018,SH 1N,NORTH PORTAL NBD,,Non-Injury Crash,Yes,2018,0.0,North,0.0,0,0.0,Flat,1.0,,0.0,,0.0,Dark,2126900,0,0.0,0.0,3.0,0.0,0.0,0.0,0.0,0.0,,0.0,0.0,Wellington Region,Nil,2-way,Sealed,0.0,0.0,0,0.0,70.0,0.0,On,0.0,0.0,,47,Wellington City,Unknown,0.0,0.0,0.0,0.0,0.0,0.0,Urban,0.0,0.0,0.0,Fine,Null,0
66401302,,572900,0.0,0.0,0.0,2.0,0.0,Null,2018/2019,HUTT ROAD,SAR STREET,,Non-Injury Crash,No,2018,0.0,North,0.0,0,0.0,Flat,0.0,,0.0,,0.0,Dark,2117203,0,0.0,0.0,2.0,0.0,0.0,0.0,0.0,2.0,,0.0,0.0,Wellington Region,Nil,2-way,Sealed,0.0,0.0,0,0.0,50.0,0.0,On,0.0,0.0,,47,Wellington City,Give way,0.0,0.0,0.0,0.0,0.0,0.0,Urban,1.0,0.0,0.0,Heavy rain,Null,0
66401315,,573101,0.0,,0.0,2.0,,Null,2017/2018,ABEL SMITH ST,CUBA ST,,Non-Injury Crash,No,2017,,West,,0,,Flat,,,,,,Overcast,2134600,0,0.0,0.0,2.0,,,0.0,,,,,,Wellington Region,Nil,2-way,Sealed,,0.0,0,,50.0,,Null,0.0,0.0,,47,Wellington City,Stop,,,,,0.0,0.0,Urban,0.0,,,Fine,Null,0
66401334,,574100,0.0,,0.0,0.0,,South,2018/2019,CENTENNIAL HIGHWAY,JOHNSONVILLE OFF RAMP,,Non-Injury Crash,Yes,2018,,Null,,0,,Null,,,,,,Unknown,2084600,0,0.0,0.0,3.0,,,0.0,,,,,,Wellington Region,Nil,1-way,Null,,0.0,0,,80.0,,Null,1.0,0.0,,47,Wellington City,Nil,,,,,0.0,1.0,Open,0.0,,,Null,Null,0
66401363,,576903,0.0,,0.0,1.0,,Null,2017/2018,GOA ST,MOXHAM AVENUE,,Minor Crash,No,2018,,East,,0,,Flat,,,,,,Bright sun,2180700,4,0.0,0.0,2.0,,,0.0,,,,,,Wellington Region,Nil,2-way,Sealed,,0.0,0,,50.0,,Null,0.0,0.0,,47,Wellington City,Stop,,,,,0.0,0.0,Urban,1.0,,,Fine,Null,0
66401382,,576901,0.0,,0.0,0.0,,East,2018/2019,RONGOTAI RD,TROY STREET,,Non-Injury Crash,No,2018,,East,,0,,Flat,,,,,,Unknown,2177000,0,0.0,0.0,1.0,,,0.0,,,,,,Wellington Region,Nil,1-way,Sealed,,0.0,0,,50.0,,Null,0.0,0.0,,47,Wellington City,Nil,,,,,1.0,0.0,Urban,1.0,,,Null,Null,0