OBJECTID,advisorySpeed,areaUnitID,bicycle,bridge,bus,carStationWagon,cliffBank,crashDirectionDescription,crashFinancialYear,crashLocation1,crashLocation2,crashRoadSideRoad,crashSeverity,crashSHDescription,crashYear,debris,directionRoleDescription,ditch,fatalCount,fence,flatHill,guardRail,holiday,houseOrBuilding,intersection,kerb,light,meshblockId,minorInjuryCount,moped,motorcycle,NumberOfLanes,objectThrownOrDropped,otherObject,otherVehicleType,overBank,parkedVehicle,pedestrian,phoneBoxEtc,postOrPole,region,roadCharacter,roadLane,roadSurface,roadworks,schoolBus,seriousInjuryCount,slipOrFlood,speedLimit,strayAnimal,streetLight,suv,taxi,temporarySpeedLimit,tlaId,tlaName,trafficControl,trafficIsland,trafficSign,train,tree,truck,unknownVehicleType,urban,vanOrUtility,vehicle,waterRiver,weatherA,weatherB,if_pandemic
66401383,,573511,0.0,0.0,0.0,1.0,0.0,South,2017/2018,SH 1N,TAWA OFF NBD,,Non-Injury Crash,Yes,2018,0.0,North,0.0,0,0.0,Flat,1.0,,0.0,,0.0,Dark,2086201,0,0.0,0.0,4.0,0.0,0.0,0.0,0.0,0.0,,0.0,0.0,Wellington Region,Nil,2-way,Sealed,0.0,0.0,0,0.0,100.0,0.0,None,0.0,0.0,,47,Wellington City,Unknown,0.0,0.0,0.0,0.0,0.0,0.0,Open,0.0,0.0,0.0,Heavy rain,Strong wind,0
66401390,,573300,0.0,,0.0,1.0,,South,2017/2018,ADELAIDE RD,GIRTON TERRACE,,Non-Injury Crash,No,2018,,North,,0,,Flat,,,,,,Twilight,2146100,0,1.0,0.0,4.0,,,0.0,,,,,,Wellington Region,Nil,2-way,Sealed,,0.0,0,,50.0,,Off,0.0,0.0,,47,Wellington City,Unknown,,,,,0.0,0.0,Urban,0.0,,,Fine,Null,0
66401409,,574500,0.0,,0.0,2.0,,East,2018/2019,SH 1N,AOTEA ON NBD,,Non-Injury Crash,Yes,2018,,East,,0,,Hill Road,,,,,,Dark,2093600,0,0.0,0.0,2.0,,,0.0,,,,,,Wellington Region,Nil,1-way,Sealed,,0.0,0,,100.0,,On,0.0,0.0,,47,Wellington City,Unknown,,,,,0.0,0.0,Open,0.0,,,Fine,Null,0
66401440,,576903,0.0,,0.0,2.0,,Null,2018/2019,WELLINGTON ROAD,SH 1N,,Non-Injury Crash,Yes,2018,,East,,0,,Hill Road,,,,,,Bright sun,2180400,0,0.0,0.0,2.0,,,0.0,,,,,,Wellington Region,Nil,2-way,Sealed,,0.0,0,,50.0,,Null,0.0,0.0,,47,Wellington City,Give way,,,,,0.0,0.0,Urban,0.0,,,Fine,Null,0
66401443,,572701,0.0,0.0,0.0,1.0,0.0,Null,2017/2018,DUNCAN ST,MCLELLAN ST,,Minor Crash,No,2018,0.0,South,0.0,0,0.0,Flat,0.0,Queens Birthday,0.0,,0.0,Overcast,1993600,1,0.0,0.0,2.0,0.0,0.0,0.0,0.0,0.0,,0.0,0.0,Wellington Region,Nil,2-way,Sealed,0.0,0.0,0,0.0,50.0,0.0,Null,0.0,0.0,,47,Wellington City,Give way,0.0,1.0,0.0,0.0,0.0,0.0,Urban,0.0,0.0,0.0,Fine,Null,0
66401468,,576500,0.0,,0.0,1.0,,South,2018/2019,ADELAIDE ROAD,KING STREET,,Non-Injury Crash,No,2019,,South,,0,,Flat,,,,,,Bright sun,2148202,0,0.0,0.0,3.0,,,0.0,,,,,,Wellington Region,Nil,2-way,Null,,0.0,0,,50.0,,Off,0.0,0.0,,47,Wellington City,Nil,,,,,0.0,0.0,Urban,1.0,,,Fine,Null,0
66401484,,573101,0.0,,1.0,1.0,,Null,2019/2020,KENT TERRACE,ELLICE STREET,,Non-Injury Crash,Yes,2019,,South,,0,,Flat,,,,,,Overcast,2137000,0,0.0,0.0,3.0,,,0.0,,,,,,Wellington Region,Nil,1-way,Sealed,,0.0,0,,50.0,,Off,0.0,1.0,,47,Wellington City,Give way,,,,,0.0,0.0,Urban,0.0,,,Fine,Null,0
66401488,,572701,0.0,,0.0,1.0,,North,2018/2019,01N-1050/06.30-D,COLLINS OBR,,Non-Injury Crash,Yes,2018,,North,,0,,Hill Road,,,,,,Dark,1995700,0,0.0,0.0,2.0,,,0.0,,,,,,Wellington Region,Nil,1-way,Sealed,,0.0,0,,100.0,,None,0.0,0.0,50.0,47,Wellington City,Unknown,,,,,1.0,0.0,Open,0.0,,,Fine,Null,0
66401512,,574002,0.0,0.0,0.0,2.0,0.0,North,2018/2019,01N-1060-I,NGAURANGA ON NBD OBR,,Non-Injury Crash,Yes,2018,0.0,South,0.0,0,0.0,Hill Road,1.0,,0.0,,0.0,Overcast,2078302,0,0.0,0.0,2.0,0.0,0.0,0.0,0.0,0.0,,0.0,0.0,Wellington Region,Overpass,1-way,Sealed,0.0,0.0,0,0.0,100.0,0.0,Off,0.0,0.0,,47,Wellington City,Unknown,0.0,0.0,0.0,0.0,0.0,0.0,Open,0.0,0.0,0.0,Light rain,Null,0
66401530,,573101,0.0,,0.0,2.0,,West,2018/2019,COURTENAY PLACE,BLAIR ST,,Non-Injury Crash,No,2018,,East,,0,,Flat,,,,,,Dark,2135700,0,0.0,0.0,3.0,,,0.0,,,,,,Wellington Region,Nil,2-way,Sealed,,0.0,0,,30.0,,On,0.0,0.0,,47,Wellington City,Unknown,,,,,0.0,0.0,Urban,0.0,,,Light rain,Null,0
66401532,,573101,0.0,0.0,0.0,1.0,0.0,East,2018/2019,CABLE STREET,TARANAKI STREET,,Non-Injury Crash,No,2019,0.0,East,0.0,0,0.0,Flat,0.0,,0.0,,0.0,Unknown,2135200,0,0.0,0.0,3.0,0.0,0.0,0.0,0.0,1.0,,0.0,0.0,Wellington Region,Nil,1-way,Sealed,0.0,0.0,0,0.0,50.0,0.0,Null,1.0,0.0,,47,Wellington City,Nil,0.0,0.0,0.0,0.0,0.0,0.0,Urban,0.0,0.0,0.0,Null,Null,0
66401533,,573000,0.0,0.0,0.0,2.0,0.0,South,2017/2018,WILLIS ST,DIXON ST,,Non-Injury Crash,No,2017,0.0,South,0.0,0,0.0,Flat,0.0,,0.0,,0.0,Bright sun,2130700,0,0.0,0.0,2.0,0.0,0.0,0.0,0.0,1.0,,0.0,0.0,Wellington Region,Nil,2-way,Sealed,0.0,0.0,0,0.0,50.0,0.0,Null,0.0,0.0,,47,Wellington City,Unknown,0.0,0.0,0.0,0.0,0.0,0.0,Urban,0.0,0.0,0.0,Fine,Null,0
66401599,,574402,0.0,,0.0,1.0,,South,2017/2018,OTTAWA ROAD,AWARUA ST,,Minor Crash,No,2018,,North,,0,,Flat,,,,,,Overcast,2096300,1,0.0,0.0,2.0,,,0.0,,,,,,Wellington Region,Nil,2-way,Sealed,,0.0,0,,30.0,,Null,0.0,0.0,,47,Wellington City,Nil,,,,,0.0,0.0,Urban,1.0,,,Heavy rain,Null,0
66401604,,572900,0.0,0.0,0.0,1.0,0.0,South,2018/2019,THORNDON QUAY,MOORE ST,,Non-Injury Crash,No,2019,0.0,North,0.0,0,0.0,Flat,0.0,,0.0,,0.0,Dark,2121500,0,0.0,0.0,2.0,0.0,0.0,0.0,0.0,1.0,,0.0,0.0,Wellington Region,Nil,2-way,Sealed,0.0,0.0,0,0.0,50.0,0.0,On,0.0,0.0,,47,Wellington City,Unknown,1.0,1.0,0.0,0.0,0.0,0.0,Urban,1.0,0.0,0.0,Fine,Null,0
66401616,,573101,0.0,,0.0,0.0,,Null,2018/2019,VIVIAN STREET,VICTORIA STREET,,Non-Injury Crash,Yes,2019,,South,,0,,Flat,,,,,,Overcast,2131700,0,0.0,0.0,2.0,,,0.0,,,,,,Wellington Region,Nil,1-way,Sealed,,0.0,0,,50.0,,Off,1.0,0.0,,47,Wellington City,Traffic Signals,,,,,0.0,0.0,Urban,1.0,,,Light rain,Null,0
66401621,,576903,0.0,,0.0,2.0,,Null,2018/2019,EVANS BAY PARADE,COBHAM DRIVE,,Minor Crash,Yes,2018,,South,,0,,Flat,,,,,,Overcast,2180200,2,0.0,0.0,2.0,,,0.0,,,,,,Wellington Region,Nil,2-way,Sealed,,0.0,0,,50.0,,Null,0.0,0.0,,47,Wellington City,Give way,,,,,0.0,0.0,Urban,0.0,,,Fine,Null,0
66401668,,573200,0.0,0.0,0.0,2.0,0.0,South,2019/2020,FAIRLIE TCE,KELBURN PARADE,,Non-Injury Crash,No,2019,0.0,South,0.0,0,0.0,Hill Road,0.0,,0.0,,0.0,Overcast,2157000,0,0.0,0.0,2.0,0.0,0.0,0.0,0.0,0.0,,0.0,0.0,Wellington Region,Nil,2-way,Sealed,0.0,0.0,0,0.0,50.0,0.0,Off,0.0,0.0,,47,Wellington City,Unknown,0.0,0.0,0.0,1.0,0.0,0.0,Urban,0.0,0.0,0.0,Light rain,Null,0
66401731,,576903,0.0,,0.0,3.0,,Null,2017/2018,MOXHAM AVENUE,GOA ST,,Non-Injury Crash,No,2017,,East,,0,,Flat,,,,,,Overcast,2180700,0,0.0,0.0,2.0,,,0.0,,,,,,Wellington Region,Nil,2-way,Sealed,,0.0,0,,50.0,,Null,0.0,0.0,,47,Wellington City,Stop,,,,,0.0,0.0,Urban,0.0,,,Light rain,Null,0
66401755,,573000,0.0,,0.0,1.0,,South,2016/2017,WILLIS ST,DIXON ST,,Non-Injury Crash,No,2017,,North,,0,,Flat,,,,,,Overcast,2130700,0,0.0,1.0,2.0,,,0.0,,,,,,Wellington Region,Nil,2-way,Sealed,,0.0,0,,50.0,,Null,0.0,0.0,,47,Wellington City,Nil,,,,,0.0,0.0,Urban,0.0,,,Fine,Null,0
66401764,,574500,0.0,,0.0,1.0,,South,2018/2019,FORE ST,WINCHESTER STREET,,Non-Injury Crash,No,2018,,South,,0,,Hill Road,,,,,,Unknown,2093300,0,0.0,0.0,2.0,,,0.0,,,,,,Wellington Region,Nil,2-way,Sealed,,0.0,0,,50.0,,Off,1.0,0.0,,47,Wellington City,Unknown,,,,,0.0,1.0,Urban,0.0,,,Fine,Null,0
66401801,,575200,0.0,0.0,0.0,3.0,0.0,South,2018/2019,NORTHLAND RD,NORTHLAND TUNNEL,,Non-Injury Crash,No,2019,0.0,North,0.0,0,0.0,Hill Road,0.0,,0.0,,0.0,Bright sun,2149800,0,0.0,0.0,2.0,0.0,0.0,0.0,0.0,2.0,,0.0,0.0,Wellington Region,Nil,2-way,Sealed,0.0,0.0,0,0.0,50.0,0.0,Off,0.0,0.0,,47,Wellington City,Unknown,0.0,0.0,0.0,0.0,0.0,0.0,Urban,0.0,0.0,0.0,Fine,Null,0
66401836,,573101,0.0,,0.0,1.0,,East,2017/2018,WAKEFIELD ST,ALLEN ST,,Non-Injury Crash,No,2018,,West,,0,,Flat,,Queens Birthday,,,,Dark,2135700,0,0.0,0.0,3.0,,,0.0,,,1.0,,,Wellington Region,Nil,1-way,Sealed,,0.0,0,,50.0,,On,0.0,0.0,,47,Wellington City,Give way,,,,,0.0,0.0,Urban,0.0,,,Light rain,Null,0
66401858,,572701,0.0,0.0,0.0,0.0,0.0,North,2018/2019,SH 1N,COLLINS OBR,,Non-Injury Crash,Yes,2018,0.0,North,0.0,0,0.0,Flat,1.0,,0.0,,0.0,Bright sun,1993200,0,0.0,0.0,2.0,0.0,0.0,0.0,0.0,0.0,,0.0,0.0,Wellington Region,Nil,1-way,Sealed,0.0,0.0,0,0.0,100.0,0.0,Null,0.0,0.0,,47,Wellington City,Unknown,0.0,0.0,0.0,0.0,1.0,0.0,Open,0.0,0.0,0.0,Fine,Null,0
66401922,,574200,0.0,,0.0,2.0,,South,2018/2019,KHANDALLAH RD,SIMLA CRES,,Non-Injury Crash,No,2019,,East,,0,,Hill Road,,,,,,Overcast,2088300,0,0.0,0.0,2.0,,,0.0,,,,,,Wellington Region,Nil,2-way,Sealed,,0.0,0,,50.0,,Off,0.0,0.0,,47,Wellington City,Unknown,,,,,0.0,0.0,Urban,0.0,,,Fine,Null,0
66401932,,573101,0.0,0.0,0.0,3.0,0.0,South,2017/2018,WILLIS ST,ARO ST,,Non-Injury Crash,No,2018,0.0,North,0.0,0,0.0,Flat,0.0,,0.0,,0.0,Overcast,2132900,0,0.0,0.0,2.0,0.0,0.0,0.0,0.0,1.0,,0.0,0.0,Wellington Region,Nil,1-way,Sealed,0.0,0.0,0,0.0,50.0,0.0,Null,0.0,0.0,,47,Wellington City,Unknown,0.0,0.0,0.0,0.0,1.0,0.0,Urban,0.0,0.0,0.0,Fine,Null,0
66401966,,573000,0.0,0.0,0.0,1.0,0.0,South,2017/2018,THE TERRACE,GHUZNEE STREET,,Non-Injury Crash,No,2018,0.0,West,0.0,0,0.0,Hill Road,0.0,,0.0,,0.0,Bright sun,2129300,0,0.0,0.0,2.0,0.0,0.0,0.0,0.0,1.0,,0.0,0.0,Wellington Region,Nil,2-way,Sealed,0.0,0.0,0,0.0,50.0,0.0,Off,0.0,0.0,,47,Wellington City,Nil,0.0,0.0,0.0,0.0,1.0,0.0,Urban,0.0,0.0,0.0,Fine,Null,0
66401970,,573700,0.0,,0.0,2.0,,North,2018/2019,CORTINA AVE,NEVILLE ST,,Non-Injury Crash,No,2018,,North,,0,,Hill Road,,,,,,Dark,2082002,0,0.0,0.0,2.0,,,0.0,,,,,,Wellington Region,Nil,2-way,Sealed,,0.0,0,,50.0,,On,0.0,0.0,,47,Wellington City,Unknown,,,,,0.0,0.0,Urban,0.0,,,Fine,Null,0
66402025,,576903,0.0,,0.0,1.0,,Null,2018/2019,WELLINGTON ROAD,EVANS BAY PARADE,,Non-Injury Crash,Yes,2018,,East,,0,,Flat,,,,,,Bright sun,2180200,0,0.0,0.0,2.0,,,0.0,,,,,,Wellington Region,Nil,1-way,Sealed,,0.0,0,,50.0,,Off,0.0,0.0,,47,Wellington City,Traffic Signals,,,,,0.0,0.0,Urban,1.0,,,Fine,Null,0
66402052,,573526,0.0,,0.0,1.0,,South,2017/2018,SH 2,SERVICE STN STH,,Non-Injury Crash,Yes,2018,,South,,0,,Flat,,,,,,Dark,2077503,0,0.0,0.0,2.0,,,0.0,,,,,,Wellington Region,Nil,1-way,Sealed,,0.0,0,,100.0,,On,0.0,0.0,,47,Wellington City,Unknown,,,,,0.0,0.0,Open,2.0,,,Heavy rain,Null,0
66402054,,573525,0.0,,0.0,1.0,,Null,2018/2019,TAKAPU ROAD,JAMAICA DRIVE,,Non-Injury Crash,No,2018,,West,,0,,Flat,,,,,,Bright sun,2053829,0,0.0,0.0,2.0,,,0.0,,,,,,Wellington Region,Nil,2-way,Sealed,,0.0,0,,70.0,,Off,0.0,0.0,,47,Wellington City,Give way,,,,,1.0,0.0,Urban,0.0,,,Fine,Null,0
66402055,,576400,0.0,0.0,0.0,2.0,0.0,East,2018/2019,WILSON ST,RIDDIFORD ST,,Non-Injury Crash,No,2018,0.0,East,0.0,0,0.0,Flat,0.0,,0.0,,0.0,Bright sun,2167000,0,0.0,0.0,1.0,0.0,0.0,0.0,0.0,1.0,,0.0,0.0,Wellington Region,Nil,1-way,Sealed,0.0,0.0,0,0.0,40.0,0.0,Null,0.0,1.0,,47,Wellington City,Unknown,0.0,0.0,0.0,0.0,0.0,0.0,Urban,0.0,0.0,0.0,Fine,Null,0
66402061,,572600,0.0,0.0,0.0,2.0,1.0,North,2017/2018,MCKELVEY PLACE,FRANKLYN ROAD,,Non-Injury Crash,No,2017,0.0,West,0.0,0,0.0,Hill Road,0.0,,1.0,,0.0,Dark,1991200,0,0.0,0.0,2.0,0.0,0.0,0.0,0.0,1.0,,0.0,0.0,Wellington Region,Nil,2-way,Sealed,0.0,0.0,0,0.0,50.0,0.0,On,0.0,0.0,,47,Wellington City,Unknown,0.0,0.0,0.0,0.0,0.0,0.0,Urban,0.0,0.0,0.0,Fine,Null,0
66402097,,573200,0.0,0.0,0.0,2.0,0.0,West,2018/2019,BROOKLYN RD,NAIRN STREET,,Non-Injury Crash,No,2018,0.0,South,0.0,0,0.0,Hill Road,0.0,,0.0,,0.0,Overcast,2159500,0,0.0,0.0,2.0,0.0,0.0,0.0,0.0,2.0,,0.0,0.0,Wellington Region,Nil,2-way,Sealed,0.0,0.0,0,0.0,50.0,0.0,Off,0.0,0.0,,47,Wellington City,Unknown,0.0,0.0,0.0,0.0,0.0,0.0,Urban,2.0,0.0,0.0,Fine,Null,0
66402100,,576400,0.0,0.0,0.0,1.0,0.0,South,2018/2019,RUSSELL TCE,MANSFIELD STREET,,Non-Injury Crash,No,2019,0.0,South,0.0,0,0.0,Hill Road,0.0,,0.0,,0.0,Dark,2171001,0,0.0,0.0,2.0,0.0,0.0,0.0,0.0,1.0,,0.0,0.0,Wellington Region,Nil,2-way,Sealed,0.0,0.0,0,0.0,50.0,0.0,On,0.0,0.0,,47,Wellington City,Unknown,0.0,0.0,0.0,0.0,0.0,0.0,Urban,1.0,0.0,0.0,Fine,Null,0
66402129,,576700,0.0,,0.0,2.0,,East,2018/2019,ALEXANDRA ROAD,HEPARA STREET,,Non-Injury Crash,No,2018,,North,,0,,Null,,,,,,Unknown,2183901,0,0.0,0.0,2.0,,,0.0,,,,,,Wellington Region,Nil,2-way,Sealed,,0.0,0,,50.0,,Null,0.0,0.0,,47,Wellington City,Nil,,,,,0.0,0.0,Urban,0.0,,,Fine,Null,0
66402133,,574001,0.0,,0.0,0.0,,West,2017/2018,SPENMOOR ST,WAKELY ROAD,,Minor Crash,No,2018,,West,,0,,Hill Road,,,,,,Dark,2078303,1,1.0,0.0,2.0,,,0.0,,,,,,Wellington Region,Nil,2-way,Unsealed,,0.0,0,,80.0,,On,0.0,0.0,,47,Wellington City,Unknown,,,,,0.0,0.0,Open,0.0,,,Fine,Null,0
66402147,,574600,0.0,0.0,0.0,2.0,0.0,North,2017/2018,PITT ST,FERNHILL TERRACE,,Non-Injury Crash,No,2017,0.0,East,0.0,0,0.0,Flat,0.0,,0.0,,0.0,Unknown,2100200,0,0.0,0.0,2.0,0.0,0.0,0.0,0.0,1.0,,0.0,0.0,Wellington Region,Nil,2-way,Sealed,0.0,0.0,0,0.0,50.0,0.0,None,0.0,0.0,,47,Wellington City,Nil,0.0,0.0,0.0,0.0,0.0,0.0,Urban,0.0,0.0,0.0,Null,Null,0
66402170,,572500,0.0,0.0,0.0,2.0,1.0,North,2018/2019,01N-1050/06.30-D,01N-1060-R4,,Non-Injury Crash,Yes,2018,0.0,North,0.0,0,0.0,Flat,0.0,Christmas New Year,0.0,,0.0,Overcast,1986700,0,0.0,0.0,4.0,0.0,0.0,0.0,0.0,0.0,,0.0,0.0,Wellington Region,Nil,2-way,Sealed,0.0,0.0,0,0.0,100.0,0.0,Off,0.0,0.0,,47,Wellington City,Unknown,0.0,0.0,0.0,0.0,0.0,0.0,Open,0.0,0.0,0.0,Fine,Null,0
66402232,,577200,0.0,,0.0,1.0,,Null,2018/2019,BROADWAY,CALABAR ROAD,,Non-Injury Crash,No,2018,,South,,0,,Flat,,,,,,Overcast,2209200,0,0.0,0.0,2.0,,,0.0,,,,,,Wellington Region,Nil,2-way,Sealed,,0.0,0,,50.0,,Off,1.0,0.0,,47,Wellington City,Give way,,,,,0.0,0.0,Urban,0.0,,,Fine,Null,0
66402235,,572900,0.0,,1.0,1.0,,Null,2017/2018,PIPITEA ST,MULGRAVE ST,,Non-Injury Crash,No,2018,,East,,0,,Null,,,,,,Twilight,2119200,0,0.0,0.0,,,,0.0,,,,,,Wellington Region,Nil,Null,Sealed,,0.0,0,,50.0,,None,0.0,0.0,,47,Wellington City,Traffic Signals,,,,,0.0,0.0,Urban,0.0,,,Fine,Null,0
66402242,,573101,0.0,,0.0,2.0,,West,2018/2019,01N-1075/00.13-I,WALTER ST,,Non-Injury Crash,Yes,2018,,Null,,0,,Null,,,,,,Unknown,2131700,0,0.0,0.0,2.0,,,0.0,,,,,,Wellington Region,Nil,2-way,Null,,0.0,0,,50.0,,Null,0.0,0.0,,47,Wellington City,Unknown,,,,,0.0,0.0,Urban,0.0,,,Null,Null,0
66402247,,573526,0.0,,0.0,5.0,,North,2017/2018,SH 2,RAILYARD ENTRY,,Non-Injury Crash,Yes,2018,,South,,0,,Flat,,,,,,Twilight,2077503,0,0.0,0.0,4.0,,,0.0,,,,,,Wellington Region,Nil,1-way,Sealed,,0.0,0,,100.0,,Off,0.0,0.0,,47,Wellington City,Unknown,,,,,0.0,0.0,Open,0.0,,,Fine,Null,0
66402267,,572900,0.0,0.0,0.0,2.0,0.0,North,2018/2019,PARK ST,BURNELL AVENUE,,Minor Crash,No,2018,0.0,South,0.0,0,0.0,Hill Road,0.0,,0.0,,0.0,Overcast,2120400,1,0.0,0.0,2.0,0.0,0.0,0.0,0.0,1.0,,0.0,0.0,Wellington Region,Nil,2-way,Sealed,0.0,0.0,0,0.0,50.0,0.0,Null,0.0,0.0,,47,Wellington City,Unknown,0.0,0.0,0.0,0.0,0.0,0.0,Urban,1.0,0.0,0.0,Light rain,Null,0
66402280,,573000,0.0,0.0,0.0,2.0,0.0,Null,2018/2019,SH 1N,WILLIS ST,,Serious Crash,Yes,2018,0.0,East,0.0,0,0.0,Flat,0.0,,0.0,,0.0,Bright sun,2129700,2,0.0,0.0,2.0,0.0,0.0,0.0,0.0,0.0,,0.0,1.0,Wellington Region,Nil,1-way,Sealed,0.0,0.0,1,0.0,50.0,0.0,Null,0.0,0.0,,47,Wellington City,Traffic Signals,0.0,0.0,0.0,0.0,0.0,0.0,Urban,0.0,0.0,0.0,Fine,Null,0
66402305,,575300,0.0,0.0,0.0,1.0,0.0,North,2018/2019,GLENMORE STREET,GARDEN ROAD,,Non-Injury Crash,No,2018,0.0,East,0.0,0,0.0,Null,0.0,,0.0,,0.0,Unknown,2153501,0,0.0,0.0,2.0,0.0,0.0,0.0,0.0,1.0,,0.0,0.0,Wellington Region,Nil,2-way,Sealed,0.0,0.0,0,0.0,50.0,0.0,Null,0.0,0.0,,47,Wellington City,Nil,0.0,0.0,0.0,0.0,0.0,1.0,Urban,0.0,0.0,0.0,Null,Null,0
66402362,,574100,0.0,0.0,0.0,1.0,0.0,North,2018/2019,BRODERICK ROAD,TRUSCOTT AVENUE,,Non-Injury Crash,No,2018,0.0,North,0.0,0,0.0,Hill Road,0.0,,1.0,,0.0,Overcast,2085904,0,0.0,0.0,2.0,0.0,0.0,0.0,0.0,0.0,,0.0,0.0,Wellington Region,Nil,2-way,Sealed,0.0,0.0,0,0.0,50.0,0.0,Null,0.0,0.0,,47,Wellington City,Unknown,0.0,0.0,0.0,0.0,0.0,0.0,Urban,0.0,0.0,0.0,Fine,Null,0
66402374,,573400,0.0,,0.0,2.0,,Null,2018/2019,"SH 1, MOUNT VICTORIA, WELLINGTON",,,Non-Injury Crash,Yes,2019,,South,,0,,Flat,,,,,,Bright sun,2143300,0,0.0,0.0,2.0,,,0.0,,,,,,Wellington Region,Tunnel,2-way,Sealed,,0.0,0,,50.0,,Off,0.0,0.0,,47,Wellington City,Unknown,,,,,0.0,0.0,Urban,0.0,,,Fine,Null,0
66402375,,574002,0.0,0.0,0.0,1.0,0.0,South,2017/2018,HUTT ON NBD,SH 2,,Non-Injury Crash,Yes,2017,0.0,North,0.0,0,0.0,Flat,1.0,,0.0,,0.0,Bright sun,2078302,0,0.0,0.0,2.0,0.0,0.0,0.0,0.0,0.0,,0.0,0.0,Wellington Region,Motorway ramp,1-way,Sealed,0.0,0.0,0,0.0,80.0,0.0,Null,0.0,0.0,,47,Wellington City,Unknown,0.0,0.0,0.0,0.0,1.0,0.0,Open,0.0,0.0,0.0,Fine,Null,0
66402387,,573000,0.0,,0.0,2.0,,North,2018/2019,SH 1N,NORTH PORTAL SBD,,Minor Crash,Yes,2018,,South,,0,,Flat,,,,,,Bright sun,2126700,3,0.0,0.0,3.0,,,0.0,,,,,,Wellington Region,Nil,2-way,Sealed,,0.0,0,,70.0,,Null,0.0,0.0,,47,Wellington City,Unknown,,,,,0.0,0.0,Urban,1.0,,,Fine,Null,0
66402401,,575902,0.0,0.0,0.0,1.0,0.0,North,2018/2019,HAPPY VALLEY RD,BATA PLACE,,Non-Injury Crash,No,2018,0.0,North,0.0,0,0.0,Flat,0.0,,0.0,,0.0,Unknown,2187500,0,0.0,0.0,2.0,0.0,0.0,0.0,0.0,1.0,,0.0,0.0,Wellington Region,Nil,2-way,Sealed,0.0,0.0,0,0.0,50.0,0.0,Null,0.0,0.0,,47,Wellington City,Unknown,0.0,0.0,0.0,0.0,1.0,0.0,Urban,0.0,0.0,0.0,Null,Null,0
66402496,,574303,0.0,,0.0,1.0,,Null,2018/2019,HUTT ROAD,HUTT ROAD ON RAMP,,Non-Injury Crash,No,2018,,North,,0,,Flat,,,,,,Bright sun,2090402,0,0.0,0.0,4.0,,,0.0,,,,,,Wellington Region,Nil,2-way,Sealed,,0.0,0,,50.0,,Off,0.0,0.0,,47,Wellington City,Traffic Signals,,,,,1.0,0.0,Urban,0.0,,,Fine,Null,0
66402522,,576500,0.0,,0.0,1.0,,Null,2017/2018,SH 1N,ADELAIDE ROAD,,Non-Injury Crash,Yes,2018,,West,,0,,Hill Road,,,,,,Bright sun,2147900,0,0.0,1.0,3.0,,,0.0,,,,,,Wellington Region,Nil,1-way,Sealed,,0.0,0,,50.0,,Null,0.0,0.0,,47,Wellington City,Traffic Signals,,,,,0.0,0.0,Urban,0.0,,,Null,Null,0
66402548,,573200,0.0,,0.0,2.0,,Null,2018/2019,BROOKLYN ROAD,NAIRN STREET,,Minor Crash,No,2018,,South,,0,,Hill Road,,,,,,Overcast,2159900,4,0.0,0.0,2.0,,,0.0,,,,,,Wellington Region,Nil,2-way,Sealed,,0.0,0,,50.0,,Off,0.0,0.0,,47,Wellington City,Give way,,,,,0.0,0.0,Urban,0.0,,,Fine,Null,0
66402566,,573700,0.0,,0.0,1.0,,Null,2018/2019,MOOREFIELD ROAD,HAWEA STREET,,Non-Injury Crash,No,2019,,South,,0,,Flat,,,,,,Unknown,2082400,0,0.0,0.0,2.0,,,0.0,,,,,,Wellington Region,Nil,2-way,Sealed,,0.0,0,,50.0,,Null,0.0,0.0,,47,Wellington City,Nil,,,,,0.0,0.0,Urban,1.0,,,Null,Null,0
66402598,,574402,0.0,0.0,0.0,2.0,0.0,North,2017/2018,PERTH ST,NGAIO GORGE ROAD,,Non-Injury Crash,No,2018,0.0,North,0.0,0,0.0,Hill Road,0.0,,0.0,,0.0,Twilight,2097601,0,0.0,0.0,2.0,0.0,0.0,0.0,0.0,1.0,,0.0,0.0,Wellington Region,Nil,2-way,Sealed,0.0,0.0,0,0.0,50.0,0.0,On,0.0,0.0,,47,Wellington City,Unknown,0.0,0.0,0.0,0.0,0.0,0.0,Urban,0.0,0.0,0.0,Light rain,Null,0
66402635,,573101,1.0,0.0,0.0,1.0,0.0,East,2017/2018,GHUZNEE ST,EGMONT ST,,Non-Injury Crash,No,2018,0.0,East,0.0,0,0.0,Flat,0.0,,0.0,,0.0,Bright sun,2133700,0,0.0,0.0,2.0,0.0,0.0,0.0,0.0,1.0,,0.0,0.0,Wellington Region,Nil,2-way,Sealed,0.0,0.0,0,0.0,50.0,0.0,Null,0.0,0.0,,47,Wellington City,Unknown,0.0,0.0,0.0,0.0,0.0,0.0,Urban,0.0,0.0,0.0,Fine,Null,0
66402665,,576901,0.0,,1.0,0.0,,East,2018/2019,RONGOTAI RD-SOUTH,TE WHITI ST,,Non-Injury Crash,No,2019,,Null,,0,,Null,,Queens Birthday,,,,Unknown,2177400,0,0.0,0.0,0.0,,,0.0,,,,,,Wellington Region,Nil,Null,Null,,0.0,0,,,,Null,1.0,0.0,,47,Wellington City,Unknown,,,,,0.0,0.0,Urban,0.0,,,Null,Null,0
66402672,,576800,0.0,0.0,0.0,0.0,0.0,West,2017/2018,TAURIMA ST,MOXHAM AVENUE,,Non-Injury Crash,No,2018,0.0,East,0.0,0,0.0,Flat,0.0,,0.0,,0.0,Bright sun,2181800,0,1.0,0.0,2.0,0.0,0.0,0.0,0.0,1.0,,0.0,0.0,Wellington Region,Nil,2-way,Sealed,0.0,0.0,0,0.0,30.0,0.0,Null,1.0,0.0,,47,Wellington City,Unknown,0.0,0.0,0.0,0.0,0.0,0.0,Urban,0.0,0.0,0.0,Fine,Null,0