OBJECTID,advisorySpeed,areaUnitID,bicycle,bridge,bus,carStationWagon,cliffBank,crashDirectionDescription,crashFinancialYear,crashLocation1,crashLocation2,crashRoadSideRoad,crashSeverity,crashSHDescription,crashYear,debris,directionRoleDescription,ditch,fatalCount,fence,flatHill,guardRail,holiday,houseOrBuilding,intersection,kerb,light,meshblockId,minorInjuryCount,moped,motorcycle,NumberOfLanes,objectThrownOrDropped,otherObject,otherVehicleType,overBank,parkedVehicle,pedestrian,phoneBoxEtc,postOrPole,region,roadCharacter,roadLane,roadSurface,roadworks,schoolBus,seriousInjuryCount,slipOrFlood,speedLimit,strayAnimal,streetLight,suv,taxi,temporarySpeedLimit,tlaId,tlaName,trafficControl,trafficIsland,trafficSign,train,tree,truck,unknownVehicleType,urban,vanOrUtility,vehicle,waterRiver,weatherA,weatherB,if_pandemic
66402696,,573101,0.0,,0.0,2.0,,East,2017/2018,SH 1N,TARANAKI ST,,Non-Injury Crash,Yes,2018,,East,,0,,Flat,,,,,,Bright sun,2133800,0,0.0,0.0,2.0,,,0.0,,,,,,Wellington Region,Nil,1-way,Sealed,,0.0,0,,50.0,,Null,0.0,0.0,,47,Wellington City,Unknown,,,,,0.0,0.0,Urban,0.0,,,Fine,Null,0
66402715,,573200,0.0,0.0,0.0,1.0,0.0,Null,2017/2018,WILLIS ST,ARO ST,,Non-Injury Crash,No,2017,0.0,North,0.0,0,0.0,Flat,0.0,,0.0,,0.0,Dark,2159202,0,0.0,0.0,3.0,0.0,0.0,0.0,0.0,0.0,,0.0,1.0,Wellington Region,Nil,1-way,Sealed,0.0,0.0,0,0.0,50.0,0.0,On,0.0,0.0,,47,Wellington City,Give way,0.0,0.0,0.0,0.0,0.0,0.0,Urban,0.0,0.0,0.0,Fine,Null,0
66402728,,572701,0.0,0.0,0.0,2.0,0.0,South,2018/2019,RANUI TCE,COLLINS AVENUE,,Non-Injury Crash,No,2018,0.0,Null,0.0,0,0.0,Hill Road,0.0,,0.0,,0.0,Bright sun,1993701,0,0.0,0.0,2.0,0.0,0.0,0.0,0.0,1.0,,0.0,0.0,Wellington Region,Nil,2-way,Sealed,0.0,0.0,0,0.0,50.0,0.0,Null,0.0,0.0,,47,Wellington City,Unknown,0.0,0.0,0.0,0.0,0.0,0.0,Urban,0.0,0.0,0.0,Fine,Null,0
66402734,,574100,0.0,,0.0,1.0,,South,2018/2019,01N-1060-D,NEWLANDS ON RAMP,,Non-Injury Crash,Yes,2018,,North,,0,,Flat,,,,,,Unknown,2084600,0,0.0,0.0,3.0,,,0.0,,,,,,Wellington Region,Nil,1-way,Sealed,,0.0,0,,100.0,,Null,0.0,0.0,,47,Wellington City,Unknown,,,,,0.0,1.0,Open,0.0,,,Fine,Null,0
66402755,,573700,0.0,0.0,0.0,3.0,0.0,Null,2017/2018,FRANKMOORE AVENUE,EARP ST,,Non-Injury Crash,No,2017,0.0,East,0.0,0,0.0,Flat,0.0,Christmas New Year,0.0,,0.0,Overcast,2082500,0,0.0,0.0,2.0,0.0,0.0,0.0,0.0,1.0,,0.0,0.0,Wellington Region,Nil,2-way,Sealed,0.0,0.0,0,0.0,50.0,0.0,Null,0.0,0.0,,47,Wellington City,Give way,0.0,0.0,0.0,0.0,0.0,0.0,Urban,0.0,0.0,0.0,Fine,Null,0
66402763,,576901,0.0,0.0,0.0,0.0,0.0,Null,2017/2018,BAY ROAD,COUTTS ST,,Non-Injury Crash,No,2017,0.0,South,0.0,0,0.0,Flat,0.0,,0.0,,0.0,Overcast,2178500,0,0.0,0.0,2.0,0.0,0.0,0.0,0.0,0.0,,0.0,0.0,Wellington Region,Nil,2-way,Sealed,0.0,0.0,0,0.0,50.0,0.0,Null,0.0,0.0,,47,Wellington City,Give way,0.0,1.0,0.0,0.0,1.0,0.0,Urban,0.0,0.0,0.0,Light rain,Null,0
66402771,,576002,0.0,0.0,0.0,0.0,0.0,South,2017/2018,THE PARADE,MEDWAY ST,,Non-Injury Crash,No,2017,0.0,South,0.0,0,0.0,Flat,0.0,,0.0,,0.0,Bright sun,2190600,0,0.0,0.0,2.0,0.0,0.0,0.0,0.0,1.0,,0.0,0.0,Wellington Region,Nil,2-way,Sealed,0.0,0.0,0,0.0,30.0,0.0,Null,0.0,0.0,,47,Wellington City,Unknown,0.0,0.0,0.0,0.0,2.0,0.0,Urban,0.0,0.0,0.0,Fine,Null,0
66402820,,577102,0.0,0.0,0.0,0.0,0.0,South,2018/2019,STRATHMORE AVE,TANNADYCE ST,,Non-Injury Crash,No,2018,0.0,Null,0.0,0,1.0,Null,0.0,,0.0,,0.0,Unknown,2215200,0,0.0,0.0,0.0,0.0,0.0,0.0,0.0,0.0,,0.0,0.0,Wellington Region,Nil,Null,Null,0.0,0.0,0,0.0,,0.0,Null,0.0,0.0,,47,Wellington City,Unknown,0.0,0.0,0.0,0.0,0.0,1.0,Urban,0.0,0.0,0.0,Null,Null,0
66402837,,573101,0.0,,0.0,2.0,,Null,2017/2018,SH 1N,ABEL SMITH ST,,Non-Injury Crash,Yes,2017,,North,,0,,Flat,,Christmas New Year,,,,Dark,2131900,0,0.0,0.0,4.0,,,0.0,,,,,,Wellington Region,Nil,1-way,Sealed,,0.0,0,,50.0,,On,0.0,0.0,,47,Wellington City,Traffic Signals,,,,,0.0,0.0,Urban,0.0,,,Fine,Null,0
66402846,,573000,0.0,,0.0,0.0,,South,2019/2020,01N-1068-D,AURORA TERRACE OBR,,Minor Crash,Yes,2019,,North,,0,,Flat,,,,,,Bright sun,2124900,1,0.0,1.0,3.0,,,0.0,,,,,,Wellington Region,Nil,2-way,Sealed,,0.0,0,,100.0,,Off,1.0,0.0,,47,Wellington City,Unknown,,,,,0.0,0.0,Open,0.0,,,Fine,Null,0
66402898,,575300,0.0,0.0,1.0,1.0,0.0,North,2018/2019,KELBURN PDE,GLASGOW STREET,,Non-Injury Crash,No,2019,0.0,North,0.0,0,0.0,Hill Road,0.0,,0.0,,0.0,Bright sun,2155300,0,0.0,0.0,2.0,0.0,0.0,0.0,0.0,2.0,,0.0,0.0,Wellington Region,Nil,2-way,Sealed,0.0,0.0,0,0.0,50.0,0.0,Off,1.0,0.0,,47,Wellington City,Unknown,0.0,0.0,0.0,0.0,0.0,0.0,Urban,0.0,0.0,0.0,Fine,Null,0
66402908,,574303,0.0,,0.0,1.0,,South,2018/2019,01N-1068-I,SH 2,,Non-Injury Crash,Yes,2018,,South,,0,,Hill Road,,,,,,Bright sun,2090402,0,0.0,0.0,2.0,,,0.0,,,,,,Wellington Region,Motorway ramp,1-way,Sealed,,0.0,0,,100.0,,Off,0.0,0.0,60.0,47,Wellington City,Unknown,,,,,0.0,0.0,Open,1.0,,,Fine,Null,0
66402922,,572900,0.0,0.0,0.0,1.0,0.0,North,2018/2019,01N-1068-I,AURORA TERRACE OBR,,Non-Injury Crash,Yes,2019,0.0,South,0.0,0,0.0,Flat,1.0,,0.0,,0.0,Bright sun,2122100,0,0.0,0.0,4.0,0.0,0.0,0.0,0.0,0.0,,0.0,0.0,Wellington Region,Tunnel,2-way,Sealed,0.0,0.0,0,0.0,100.0,0.0,Off,0.0,1.0,60.0,47,Wellington City,Unknown,0.0,0.0,0.0,0.0,0.0,0.0,Open,0.0,0.0,0.0,Fine,Null,0
66402923,,573700,0.0,0.0,0.0,2.0,0.0,West,2017/2018,IRONSIDE ROAD,EARP ST,,Non-Injury Crash,No,2018,0.0,East,0.0,0,0.0,Hill Road,0.0,,0.0,,0.0,Overcast,2081601,0,0.0,0.0,2.0,0.0,0.0,0.0,0.0,1.0,,0.0,0.0,Wellington Region,Nil,2-way,Sealed,0.0,0.0,0,0.0,50.0,0.0,Null,0.0,0.0,,47,Wellington City,Unknown,0.0,0.0,0.0,0.0,0.0,0.0,Urban,0.0,0.0,0.0,Fine,Null,0
66402959,,574002,0.0,,1.0,0.0,,West,2017/2018,SH 2,HUTT ON NBD,,Non-Injury Crash,Yes,2018,,East,,0,,Flat,,,,,,Twilight,2078302,0,0.0,0.0,2.0,,,0.0,,,,,,Wellington Region,Motorway ramp,1-way,Sealed,,0.0,0,,100.0,,Off,0.0,0.0,,47,Wellington City,Unknown,,,,,0.0,0.0,Open,1.0,,,Fine,Null,0
66403059,,575600,0.0,0.0,1.0,1.0,0.0,South,2018/2019,OHIRO ROAD,TAFT ST,,Non-Injury Crash,No,2018,0.0,South,0.0,0,0.0,Flat,0.0,,0.0,,0.0,Twilight,2161800,0,0.0,0.0,2.0,0.0,0.0,0.0,0.0,1.0,,0.0,0.0,Wellington Region,Nil,2-way,Sealed,0.0,0.0,0,0.0,50.0,0.0,On,0.0,0.0,,47,Wellington City,Unknown,0.0,0.0,0.0,0.0,0.0,0.0,Urban,0.0,0.0,0.0,Fine,Null,0
66403070,,572900,0.0,,1.0,1.0,,South,2017/2018,MURPHY ST,BROOK ST,,Non-Injury Crash,No,2018,,South,,0,,Flat,,,,,,Overcast,2119200,0,0.0,0.0,2.0,,,0.0,,,,,,Wellington Region,Nil,1-way,Sealed,,0.0,0,,50.0,,Null,0.0,0.0,,47,Wellington City,Unknown,,,,,0.0,0.0,Urban,0.0,,,Null,Null,0
66403142,,576600,1.0,,0.0,1.0,,West,2017/2018,ORIENTAL PARADE,ORIENTAL TERRACE,,Non-Injury Crash,No,2018,,East,,0,,Flat,,,,,,Overcast,2137900,0,0.0,0.0,2.0,,,0.0,,,,,,Wellington Region,Nil,2-way,Sealed,,0.0,0,,40.0,,Null,0.0,0.0,,47,Wellington City,Unknown,,,,,0.0,0.0,Urban,0.0,,,Light rain,Null,0
66403171,,573700,0.0,,0.0,2.0,,Null,2017/2018,MOOREFIELD ROAD,JOHNSONVILLE OFF SBD,,Non-Injury Crash,No,2018,,South,,0,,Flat,,,,,,Dark,2082300,0,0.0,0.0,4.0,,,0.0,,,,,,Wellington Region,Nil,2-way,Sealed,,0.0,0,,50.0,,On,0.0,0.0,,47,Wellington City,Give way,,,,,0.0,0.0,Urban,0.0,,,Light rain,Null,0
66403208,,573101,0.0,0.0,0.0,2.0,0.0,Null,2018/2019,TENNYSON STREET,TORY STREET,,Non-Injury Crash,No,2018,0.0,West,0.0,0,0.0,Flat,0.0,,0.0,,0.0,Overcast,2136000,0,0.0,0.0,2.0,0.0,0.0,0.0,0.0,1.0,,0.0,0.0,Wellington Region,Nil,2-way,Sealed,0.0,0.0,0,0.0,30.0,0.0,Off,0.0,0.0,,47,Wellington City,Nil,0.0,0.0,0.0,0.0,0.0,0.0,Urban,0.0,0.0,0.0,Fine,Null,0
66403245,,576800,1.0,,0.0,1.0,,Null,2018/2019,EVANS BAY PARADE,PATENT SLIP,,Minor Crash,No,2018,,West,,0,,Flat,,,,,,Overcast,2182503,1,0.0,0.0,2.0,,,0.0,,,,,,Wellington Region,Nil,2-way,Sealed,,0.0,0,,50.0,,Null,0.0,0.0,,47,Wellington City,Unknown,,,,,0.0,0.0,Urban,0.0,,,Fine,Null,0
66403247,,574500,0.0,,0.0,1.0,,North,2016/2017,01N-1068-D,AOTEA OBR,,Minor Crash,Yes,2016,,North,,0,,Flat,,,,,,Dark,2093600,1,0.0,0.0,7.0,,,0.0,,,,,,Wellington Region,Nil,2-way,Sealed,,0.0,0,,100.0,,On,1.0,0.0,,47,Wellington City,Unknown,,,,,0.0,0.0,Open,1.0,,,Heavy rain,Null,0
66403250,,576901,0.0,,0.0,1.0,,South,2018/2019,OFF ROAD PAK N SAVE CAR PARK ONEPU ROAD,RONGOTAI ROAD,,Minor Crash,No,2019,,North,,0,,Flat,,,,,,Bright sun,2178200,1,0.0,0.0,0.0,,,0.0,,,1.0,,,Wellington Region,Nil,Off road,Sealed,,0.0,0,,10.0,,Off,1.0,0.0,,47,Wellington City,Unknown,,,,,0.0,0.0,Urban,0.0,,,Fine,Null,0
66403305,,573101,0.0,0.0,0.0,2.0,0.0,South,2018/2019,WILLIS STREET,ELLERS AVENUE,,Non-Injury Crash,No,2018,0.0,South,0.0,0,0.0,Hill Road,0.0,,0.0,,0.0,Dark,2131300,0,0.0,0.0,2.0,0.0,0.0,0.0,0.0,1.0,,0.0,0.0,Wellington Region,Nil,2-way,Sealed,0.0,0.0,0,0.0,50.0,0.0,On,0.0,0.0,,47,Wellington City,Unknown,0.0,0.0,0.0,0.0,0.0,0.0,Urban,0.0,0.0,0.0,Fine,Null,0
66403311,,577700,0.0,0.0,0.0,1.0,0.0,North,2018/2019,MAKARA RD,SOUTH MAKARA ROAD,,Non-Injury Crash,No,2019,0.0,North,0.0,0,0.0,Flat,0.0,,0.0,,0.0,Twilight,2116600,0,0.0,0.0,2.0,0.0,0.0,0.0,1.0,0.0,,0.0,0.0,Wellington Region,Nil,2-way,Sealed,0.0,0.0,0,0.0,60.0,0.0,None,0.0,0.0,,47,Wellington City,Unknown,0.0,0.0,0.0,0.0,0.0,0.0,Urban,0.0,0.0,0.0,Fine,Null,0
66403351,,574600,0.0,,0.0,2.0,,Null,2017/2018,WADESTOWN ROAD,PITT ST,,Non-Injury Crash,No,2018,,East,,0,,Hill Road,,,,,,Dark,2101200,0,0.0,0.0,2.0,,,0.0,,,,,,Wellington Region,Nil,2-way,Sealed,,0.0,0,,30.0,,On,0.0,0.0,,47,Wellington City,Stop,,,,,0.0,0.0,Urban,0.0,,,Heavy rain,Null,0
66403380,,576002,0.0,0.0,0.0,2.0,0.0,Null,2017/2018,VOLGA ST,HUDSON ST,,Non-Injury Crash,No,2017,0.0,North,0.0,0,0.0,Hill Road,0.0,,0.0,,0.0,Overcast,2191702,0,0.0,0.0,2.0,0.0,0.0,0.0,0.0,1.0,,0.0,0.0,Wellington Region,Nil,2-way,Sealed,0.0,0.0,0,0.0,50.0,0.0,Null,0.0,0.0,,47,Wellington City,Nil,0.0,0.0,0.0,0.0,0.0,0.0,Urban,0.0,0.0,0.0,Null,Null,0
66403419,,573101,0.0,,0.0,2.0,,South,2018/2019,WILLIS STREET,PALMER STREET,,Non-Injury Crash,No,2019,,North,,0,,Flat,,,,,,Dark,2132400,0,0.0,0.0,4.0,,,0.0,,,,,,Wellington Region,Nil,1-way,Sealed,,0.0,0,,50.0,,On,0.0,0.0,,47,Wellington City,Unknown,,,,,0.0,0.0,Urban,0.0,,,Heavy rain,Null,0
66403430,,575901,0.0,0.0,0.0,2.0,0.0,South,2017/2018,OHIRO ROAD,STOCK ST,,Non-Injury Crash,No,2018,0.0,South,0.0,0,0.0,Flat,0.0,,0.0,,0.0,Dark,2187306,0,0.0,0.0,2.0,0.0,0.0,0.0,0.0,1.0,,0.0,0.0,Wellington Region,Nil,2-way,Sealed,0.0,0.0,0,0.0,50.0,0.0,On,0.0,0.0,,47,Wellington City,Unknown,0.0,0.0,0.0,0.0,0.0,0.0,Urban,0.0,0.0,0.0,Fine,Null,0
66403445,,575300,0.0,0.0,0.0,2.0,0.0,South,2018/2019,CLERMONT TCE,Salmont Place,,Non-Injury Crash,No,2018,0.0,Null,0.0,0,0.0,Hill Road,0.0,,0.0,,0.0,Unknown,2153000,0,0.0,0.0,2.0,0.0,0.0,0.0,0.0,1.0,,0.0,0.0,Wellington Region,Nil,2-way,Sealed,0.0,0.0,0,0.0,50.0,0.0,Null,0.0,0.0,,47,Wellington City,Unknown,0.0,0.0,0.0,0.0,0.0,0.0,Urban,0.0,0.0,0.0,Null,Null,0
66403446,,576500,0.0,0.0,0.0,2.0,0.0,Null,2018/2019,MEIN ST,DANIELL ST,,Non-Injury Crash,No,2018,0.0,East,0.0,0,0.0,Hill Road,0.0,Christmas New Year,0.0,,0.0,Overcast,2149200,0,0.0,0.0,2.0,0.0,0.0,0.0,0.0,1.0,,0.0,0.0,Wellington Region,Nil,2-way,Sealed,0.0,0.0,0,0.0,50.0,0.0,Off,0.0,0.0,,47,Wellington City,Unknown,0.0,0.0,0.0,0.0,0.0,0.0,Urban,0.0,0.0,0.0,Fine,Null,0
66403481,,576301,0.0,,1.0,0.0,,North,2018/2019,RIDDIFORD ST,EMMETT ST,,Minor Crash,No,2018,,South,,0,,Flat,,,,,,Overcast,2164600,1,0.0,0.0,4.0,,,0.0,,,,,,Wellington Region,Nil,2-way,Sealed,,0.0,0,,40.0,,Off,0.0,0.0,,47,Wellington City,Unknown,,,,,0.0,0.0,Urban,1.0,,,Fine,Null,0
66403554,,573700,0.0,,0.0,2.0,,South,2017/2018,SH 1N,HELSTON OBR,,Minor Crash,Yes,2018,,North,,0,,Hill Road,,,,,,Dark,2082800,1,0.0,0.0,2.0,,,0.0,,,,,,Wellington Region,Nil,1-way,Sealed,,0.0,0,,100.0,,On,0.0,0.0,60.0,47,Wellington City,Unknown,,,,,0.0,0.0,Open,0.0,,,Light rain,Null,0
66403555,,575701,0.0,0.0,0.0,1.0,0.0,North,2018/2019,OFF ROAD MORNINGTON ROAD,,,Minor Crash,No,2019,0.0,South,0.0,0,0.0,Hill Road,0.0,,0.0,,0.0,Overcast,2199500,1,0.0,0.0,1.0,0.0,0.0,0.0,0.0,0.0,,0.0,0.0,Wellington Region,Nil,Off road,Unsealed,0.0,0.0,0,0.0,50.0,0.0,Off,0.0,0.0,,47,Wellington City,Unknown,0.0,0.0,0.0,1.0,0.0,0.0,Urban,0.0,0.0,0.0,Fine,Null,0
66403574,,573523,0.0,,0.0,0.0,,North,2017/2018,SH 1N,CHURTON PARK ON SBD,,Minor Crash,Yes,2018,,South,,0,,Flat,,,,,,Overcast,2086310,1,0.0,2.0,5.0,,,0.0,,,,,,Wellington Region,Nil,2-way,Sealed,,0.0,0,,100.0,,Null,0.0,0.0,,47,Wellington City,Unknown,,,,,0.0,0.0,Open,0.0,,,Light rain,Null,0
66403670,,572600,0.0,,0.0,2.0,,Null,2017/2018,MAIN ROAD,THE DRIVE,,Non-Injury Crash,No,2018,,East,,0,,Flat,,,,,,Bright sun,1992300,0,0.0,0.0,2.0,,,0.0,,,,,,Wellington Region,Nil,2-way,Sealed,,0.0,0,,50.0,,Null,0.0,0.0,,47,Wellington City,Give way,,,,,0.0,0.0,Urban,0.0,,,Fine,Null,0
66403681,,576903,0.0,,0.0,2.0,,Null,2018/2019,WELLINGTON ROAD,WALMER STREET,,Non-Injury Crash,Yes,2018,,East,,0,,Hill Road,,,,,,Overcast,2180300,0,0.0,0.0,2.0,,,0.0,,,,,,Wellington Region,Nil,2-way,Sealed,,0.0,0,,50.0,,Off,0.0,0.0,,47,Wellington City,Nil,,,,,0.0,0.0,Urban,0.0,,,Light rain,Null,0
66403741,,576901,0.0,0.0,0.0,1.0,0.0,Null,2018/2019,RONGOTAI ROAD,ONEPU ROAD,,Minor Crash,No,2019,0.0,West,0.0,0,0.0,Flat,0.0,,0.0,,0.0,Overcast,2178200,1,0.0,0.0,3.0,0.0,0.0,0.0,0.0,0.0,,0.0,0.0,Wellington Region,Nil,2-way,Sealed,0.0,0.0,0,0.0,50.0,0.0,Off,0.0,0.0,,47,Wellington City,Traffic Signals,0.0,1.0,0.0,0.0,0.0,0.0,Urban,0.0,0.0,0.0,Fine,Null,0
66403747,,576800,0.0,0.0,0.0,1.0,0.0,West,2017/2018,UPOKO ROAD,MAREWA ROAD,,Non-Injury Crash,No,2018,0.0,South,0.0,0,0.0,Hill Road,0.0,,0.0,,0.0,Overcast,2184800,0,0.0,0.0,2.0,0.0,0.0,1.0,0.0,1.0,,0.0,0.0,Wellington Region,Nil,2-way,Sealed,0.0,0.0,0,0.0,50.0,0.0,Null,0.0,0.0,,47,Wellington City,Unknown,0.0,0.0,0.0,0.0,0.0,0.0,Urban,0.0,0.0,0.0,Fine,Null,0
66403755,,577102,0.0,,0.0,2.0,,West,2017/2018,BROADWAY,STRATHMORE AVENUE,,Non-Injury Crash,No,2018,,West,,0,,Flat,,,,,,Bright sun,2215300,0,0.0,0.0,2.0,,,0.0,,,,,,Wellington Region,Nil,2-way,Sealed,,0.0,0,,30.0,,Null,0.0,0.0,,47,Wellington City,Unknown,,,,,0.0,0.0,Urban,0.0,,,Fine,Null,0
66403768,,574001,0.0,0.0,0.0,1.0,0.0,Null,2018/2019,KENMORE ST,BARCLAY ST,,Non-Injury Crash,No,2018,0.0,Null,0.0,0,0.0,Null,0.0,,0.0,,0.0,Unknown,2076800,0,0.0,0.0,0.0,0.0,0.0,0.0,0.0,1.0,,0.0,0.0,Wellington Region,Nil,2-way,Null,0.0,0.0,0,0.0,50.0,0.0,Null,0.0,0.0,,47,Wellington City,Unknown,0.0,0.0,0.0,0.0,0.0,1.0,Urban,0.0,0.0,0.0,Null,Null,0
66403769,,573000,0.0,,0.0,2.0,,Null,2018/2019,01N-1068/05.72,SOUTH PORTAL,,Non-Injury Crash,Yes,2018,,South,,0,,Flat,,,,,,Overcast,2128200,0,0.0,0.0,3.0,,,0.0,,,,,,Wellington Region,Nil,2-way,Sealed,,0.0,0,,100.0,,On,0.0,0.0,,47,Wellington City,Unknown,,,,,0.0,1.0,Open,0.0,,,Heavy rain,Null,0
66403778,,573101,0.0,,0.0,2.0,,Null,2017/2018,SH 1N,VICTORIA ST,,Non-Injury Crash,Yes,2018,,North,,0,,Hill Road,,,,,,Dark,2132400,0,0.0,0.0,3.0,,,0.0,,,,,,Wellington Region,Nil,1-way,Sealed,,0.0,0,,50.0,,On,0.0,0.0,,47,Wellington City,Traffic Signals,,,,,0.0,0.0,Urban,0.0,,,Fine,Null,0
66403857,,573700,0.0,,0.0,2.0,,North,2017/2018,MOOREFIELD ROAD,BRODERICK ROAD,,Non-Injury Crash,No,2018,,North,,0,,Flat,,,,,,Overcast,2082400,0,0.0,0.0,2.0,,,0.0,,,,,,Wellington Region,Nil,2-way,Sealed,,0.0,0,,50.0,,Null,0.0,0.0,,47,Wellington City,Unknown,,,,,0.0,0.0,Urban,0.0,,,Fine,Null,0
66403861,25.0,574402,0.0,0.0,0.0,1.0,0.0,South,2019/2020,KAIWHARAWHARA RD,NGAIO GORGE ROAD,,Minor Crash,No,2019,0.0,South,0.0,0,0.0,Hill Road,1.0,,0.0,,0.0,Dark,2097602,1,0.0,0.0,2.0,0.0,0.0,0.0,0.0,0.0,,0.0,0.0,Wellington Region,Nil,2-way,Sealed,0.0,0.0,0,0.0,30.0,0.0,On,0.0,0.0,,47,Wellington City,Unknown,0.0,0.0,0.0,0.0,0.0,0.0,Urban,0.0,0.0,0.0,Fine,Null,0
66403889,,576901,0.0,,1.0,0.0,,Null,2018/2019,EVANS BAY PARADE,WELLINGTON ROAD,,Non-Injury Crash,No,2018,,North,,0,,Flat,,,,,,Dark,2177800,0,0.0,0.0,2.0,,,0.0,,,,,,Wellington Region,Nil,2-way,Sealed,,0.0,0,,50.0,,On,0.0,0.0,,47,Wellington City,Traffic Signals,,,,,0.0,0.0,Urban,1.0,,,Fine,Null,0
66403908,,573526,0.0,,0.0,2.0,,East,2017/2018,SH 2,SERVICE STN NTH,,Minor Crash,Yes,2018,,East,,0,,Flat,,,,,,Overcast,2086403,1,0.0,0.0,4.0,,,0.0,,,,,,Wellington Region,Nil,2-way,Sealed,,0.0,0,,100.0,,Null,0.0,0.0,,47,Wellington City,Unknown,,,,,0.0,0.0,Open,0.0,,,Fine,Null,0
66403917,,576002,0.0,0.0,0.0,1.0,0.0,North,2018/2019,BRIGHTON ST,Trent street,,Non-Injury Crash,No,2018,0.0,North,0.0,0,0.0,Flat,0.0,,0.0,,0.0,Overcast,2189800,0,0.0,0.0,2.0,0.0,0.0,0.0,0.0,1.0,,0.0,0.0,Wellington Region,Nil,2-way,Sealed,0.0,0.0,0,0.0,50.0,0.0,Off,0.0,0.0,,47,Wellington City,Unknown,0.0,0.0,0.0,0.0,1.0,0.0,Urban,0.0,0.0,0.0,Fine,Null,0
66403920,35.0,576700,0.0,,0.0,2.0,,Null,2018/2019,ROSENEATH TERRACE,THANE ROAD,,Non-Injury Crash,No,2018,,West,,0,,Hill Road,,,,,,Overcast,2185800,0,0.0,0.0,2.0,,,0.0,,,,,,Wellington Region,Nil,2-way,Sealed,,0.0,0,,50.0,,Off,0.0,0.0,,47,Wellington City,Give way,,,,,0.0,0.0,Urban,0.0,,,Light rain,Null,0
66403935,,573101,0.0,,0.0,2.0,,East,2018/2019,BUCKLE STREET,TARANAKI STREET,,Non-Injury Crash,Yes,2019,,West,,0,,Flat,,,,,,Dark,2134800,0,0.0,0.0,4.0,,,0.0,,,,,,Wellington Region,Nil,1-way,Sealed,,0.0,0,,50.0,,On,0.0,0.0,,47,Wellington City,Nil,,,,,0.0,0.0,Urban,0.0,,,Fine,Null,0
66403941,,576301,0.0,,0.0,1.0,,Null,2017/2018,JOHN ST,HANSON ST,,Non-Injury Crash,No,2018,,East,,0,,Flat,,,,,,Overcast,2163300,0,0.0,1.0,2.0,,,0.0,,,,,,Wellington Region,Nil,2-way,Sealed,,0.0,0,,50.0,,Null,0.0,0.0,,47,Wellington City,Traffic Signals,,,,,0.0,0.0,Urban,0.0,,,Fine,Null,0
66403950,,575300,0.0,0.0,0.0,4.0,0.0,Null,2018/2019,UPLAND ROAD,GLEN ROAD,,Minor Crash,No,2018,0.0,North,0.0,0,0.0,Hill Road,0.0,,0.0,,0.0,Overcast,2154500,1,0.0,0.0,2.0,0.0,0.0,0.0,0.0,1.0,,0.0,0.0,Wellington Region,Nil,2-way,Sealed,0.0,0.0,0,0.0,50.0,0.0,Null,0.0,0.0,,47,Wellington City,Give way,0.0,0.0,0.0,0.0,0.0,0.0,Urban,0.0,0.0,0.0,Fine,Null,0
66403951,,573101,0.0,0.0,0.0,1.0,0.0,East,2018/2019,Dixon Street,VICTORIA ST,,Non-Injury Crash,No,2018,0.0,West,0.0,0,0.0,Flat,0.0,,0.0,,0.0,Overcast,2131300,0,0.0,0.0,0.0,0.0,0.0,0.0,0.0,1.0,,0.0,0.0,Wellington Region,Nil,Null,Sealed,0.0,0.0,0,0.0,,0.0,Null,1.0,0.0,,47,Wellington City,Unknown,0.0,0.0,0.0,0.0,0.0,0.0,Urban,0.0,0.0,0.0,Fine,Null,0
66403959,,576800,0.0,0.0,0.0,2.0,0.0,West,2018/2019,TAURIMA ST,MOXHAM AVENUE,,Non-Injury Crash,No,2019,0.0,West,0.0,0,0.0,Flat,0.0,,0.0,,0.0,Dark,2181900,0,0.0,0.0,2.0,0.0,0.0,0.0,0.0,1.0,,0.0,0.0,Wellington Region,Nil,2-way,Sealed,0.0,0.0,0,0.0,50.0,0.0,On,0.0,0.0,,47,Wellington City,Unknown,0.0,0.0,0.0,0.0,0.0,0.0,Urban,0.0,0.0,0.0,Fine,Null,0
66403981,,577302,0.0,0.0,0.0,1.0,0.0,South,2017/2018,PARK ROAD,REX ST,,Non-Injury Crash,No,2018,0.0,South,0.0,0,0.0,Flat,0.0,,0.0,,0.0,Bright sun,2205702,0,0.0,0.0,2.0,0.0,0.0,0.0,0.0,1.0,,0.0,0.0,Wellington Region,Nil,2-way,Sealed,0.0,0.0,0,0.0,50.0,0.0,Null,1.0,0.0,,47,Wellington City,Unknown,0.0,0.0,0.0,0.0,0.0,0.0,Urban,0.0,0.0,0.0,Fine,Null,0
66403989,,573101,0.0,,0.0,1.0,,South,2017/2018,WALTER ST,SH 1N,,Non-Injury Crash,No,2018,,South,,0,,Flat,,,,,,Bright sun,2132000,0,0.0,0.0,2.0,,,0.0,,,,,,Wellington Region,Nil,2-way,Sealed,,0.0,0,,50.0,,Null,0.0,0.0,,47,Wellington City,Unknown,,,,,1.0,0.0,Urban,0.0,,,Fine,Null,0
66404071,,573000,1.0,,0.0,1.0,,Null,2018/2019,CUSTOMHOUSE QUAY,BALLANCE STREET,,Non-Injury Crash,No,2019,,North,,0,,Null,,,,,,Overcast,2125100,0,0.0,0.0,4.0,,,0.0,,,,,,Wellington Region,Nil,1-way,Sealed,,0.0,0,,50.0,,Off,0.0,0.0,,47,Wellington City,Nil,,,,,0.0,0.0,Urban,0.0,,,Fine,Null,0