OBJECTID,advisorySpeed,areaUnitID,bicycle,bridge,bus,carStationWagon,cliffBank,crashDirectionDescription,crashFinancialYear,crashLocation1,crashLocation2,crashRoadSideRoad,crashSeverity,crashSHDescription,crashYear,debris,directionRoleDescription,ditch,fatalCount,fence,flatHill,guardRail,holiday,houseOrBuilding,intersection,kerb,light,meshblockId,minorInjuryCount,moped,motorcycle,NumberOfLanes,objectThrownOrDropped,otherObject,otherVehicleType,overBank,parkedVehicle,pedestrian,phoneBoxEtc,postOrPole,region,roadCharacter,roadLane,roadSurface,roadworks,schoolBus,seriousInjuryCount,slipOrFlood,speedLimit,strayAnimal,streetLight,suv,taxi,temporarySpeedLimit,tlaId,tlaName,trafficControl,trafficIsland,trafficSign,train,tree,truck,unknownVehicleType,urban,vanOrUtility,vehicle,waterRiver,weatherA,weatherB,if_pandemic
66404177,,574303,0.0,,0.0,1.0,,West,2018/2019,01N-1060-D,TYERS ROAD,,Non-Injury Crash,Yes,2018,,West,,0,,Hill Road,,,,,,Overcast,2088705,0,0.0,0.0,3.0,,,0.0,,,,,,Wellington Region,Motorway ramp,1-way,Sealed,,0.0,0,,100.0,,Off,0.0,0.0,,47,Wellington City,Unknown,,,,,0.0,0.0,Open,1.0,,,Light rain,Null,0
66404246,,574303,0.0,,0.0,2.0,,South,2018/2019,WELLINGTON URBAN MOTORWAY,HUTT ROAD,,Non-Injury Crash,Yes,2018,,East,,0,,Null,,,,,,Unknown,2090402,0,0.0,0.0,3.0,,,0.0,,,,,,Wellington Region,Nil,1-way,Null,,0.0,0,,100.0,,Null,0.0,0.0,,47,Wellington City,Nil,,,,,0.0,0.0,Open,0.0,,,Null,Null,0
66404250,,577000,0.0,0.0,0.0,1.0,0.0,East,2018/2019,MOA POINT ROAD,DOG POUND,,Non-Injury Crash,No,2018,0.0,South,0.0,0,0.0,Flat,0.0,,0.0,,0.0,Overcast,2175700,0,0.0,0.0,2.0,0.0,0.0,0.0,0.0,0.0,,0.0,1.0,Wellington Region,Nil,2-way,Sealed,0.0,0.0,0,0.0,50.0,0.0,Null,0.0,0.0,,47,Wellington City,Unknown,0.0,0.0,0.0,0.0,0.0,0.0,Urban,0.0,0.0,0.0,Light rain,Null,0
66404289,,576002,0.0,,0.0,2.0,,North,2018/2019,THE PARADE,MEDWAY ST,,Non-Injury Crash,No,2018,,Null,,0,,Flat,,,,,,Bright sun,2190400,0,0.0,0.0,0.0,,,0.0,,,,,,Wellington Region,Nil,2-way,Sealed,,0.0,0,,30.0,,Off,0.0,0.0,,47,Wellington City,Unknown,,,,,0.0,0.0,Urban,0.0,,,Fine,Null,0
66404300,,576400,0.0,,0.0,2.0,,South,2017/2018,RIDDIFORD ST,DONALD MCLEAN ST,,Non-Injury Crash,No,2018,,North,,0,,Flat,,,,,,Dark,2168700,0,0.0,0.0,2.0,,,0.0,,,,,,Wellington Region,Nil,2-way,Sealed,,0.0,0,,50.0,,On,0.0,1.0,,47,Wellington City,Give way,,,,,0.0,0.0,Urban,0.0,,,Heavy rain,Strong wind,0
66404333,,573101,0.0,,0.0,1.0,,Null,2018/2019,TORY STREET,WAKEFIELD STREET,,Non-Injury Crash,No,2018,,West,,0,,Flat,,,,,,Dark,2135600,0,0.0,0.0,2.0,,,0.0,,,,,,Wellington Region,Nil,2-way,Sealed,,0.0,0,,30.0,,On,1.0,0.0,,47,Wellington City,Traffic Signals,,,,,0.0,0.0,Urban,0.0,,,Fine,Null,0
66404387,,573101,0.0,,0.0,0.0,,Null,2017/2018,SH 1N,CAMBRIDGE TERRACE,,Non-Injury Crash,Yes,2017,,East,,0,,Flat,,Christmas New Year,,,,Bright sun,2136700,0,0.0,1.0,3.0,,,0.0,,,,,,Wellington Region,Nil,1-way,Sealed,,0.0,0,,50.0,,Null,0.0,0.0,,47,Wellington City,Traffic Signals,,,,,0.0,0.0,Urban,1.0,,,Fine,Null,0
66404426,,572900,0.0,,0.0,2.0,,Null,2018/2019,HOBSON STREET,FITZHERBERT TERRACE,,Non-Injury Crash,No,2019,,South,,0,,Flat,,,,,,Bright sun,2117902,0,0.0,0.0,2.0,,,0.0,,,,,,Wellington Region,Nil,2-way,Sealed,,0.0,0,,50.0,,Off,0.0,0.0,,47,Wellington City,Nil,,,,,0.0,0.0,Urban,0.0,,,Fine,Null,0
66404460,,573000,0.0,,0.0,1.0,,Null,2018/2019,JERVOIS QUAY,HARRIS STREET,,Serious Crash,No,2019,,North,,0,,Flat,,,,,,Overcast,2127800,0,1.0,0.0,3.0,,,0.0,,,,,,Wellington Region,Nil,1-way,Sealed,,0.0,1,,50.0,,Off,0.0,0.0,,47,Wellington City,Traffic Signals,,,,,0.0,0.0,Urban,0.0,,,Fine,Null,0
66404508,,576100,0.0,0.0,0.0,3.0,0.0,South,2017/2018,HORNSEY ROAD,AUCKLAND TERRACE,,Non-Injury Crash,No,2018,0.0,South,0.0,0,0.0,Hill Road,0.0,,0.0,,0.0,Dark,2196600,0,0.0,0.0,2.0,0.0,0.0,0.0,0.0,1.0,,0.0,0.0,Wellington Region,Nil,2-way,Sealed,0.0,0.0,0,0.0,50.0,0.0,On,0.0,0.0,,47,Wellington City,Unknown,0.0,0.0,0.0,0.0,0.0,0.0,Urban,0.0,0.0,0.0,Fine,Null,0
66404531,,576903,0.0,,0.0,2.0,,North,2017/2018,SH 1N,WELLINGTON ROAD,,Non-Injury Crash,Yes,2018,,North,,0,,Hill Road,,,,,,Bright sun,2180601,0,0.0,0.0,2.0,,,0.0,,,,,,Wellington Region,Nil,2-way,Sealed,,0.0,0,,70.0,,Null,0.0,0.0,,47,Wellington City,Unknown,,,,,0.0,0.0,Urban,1.0,,,Fine,Null,0
66404541,,574303,0.0,0.0,0.0,1.0,1.0,Null,2018/2019,CENTENNIAL NBD,JARDEN MILE,,Non-Injury Crash,Yes,2018,0.0,North,0.0,0,0.0,Hill Road,0.0,,0.0,,0.0,Dark,2090402,0,0.0,0.0,2.0,0.0,0.0,0.0,0.0,0.0,,0.0,0.0,Wellington Region,Nil,1-way,Sealed,0.0,0.0,0,0.0,80.0,0.0,On,0.0,0.0,,47,Wellington City,Traffic Signals,0.0,0.0,0.0,0.0,0.0,0.0,Open,0.0,0.0,0.0,Light rain,Strong wind,0
66404543,,573000,0.0,,0.0,1.0,,Null,2019/2020,CUSTOMHOUSE QUAY,JOHNSTON STREET,,Serious Crash,No,2019,,North,,0,,Flat,,,,,,Dark,2125500,0,0.0,0.0,6.0,,,0.0,,,1.0,,,Wellington Region,Nil,2-way,Sealed,,0.0,1,,50.0,,On,0.0,0.0,,47,Wellington City,Traffic Signals,,,,,0.0,0.0,Urban,0.0,,,Fine,Null,0
66404572,,577000,0.0,,0.0,1.0,,South,2018/2019,STATION DR,STEWART DUFF DR,,Minor Crash,No,2019,,South,,0,,Flat,,Easter,,,,Dark,2175700,1,0.0,0.0,4.0,,,0.0,,,1.0,,,Wellington Region,Nil,2-way,Sealed,,0.0,0,,50.0,,On,0.0,0.0,,47,Wellington City,Nil,,,,,0.0,0.0,Urban,0.0,,,Light rain,Null,0
66404608,,572701,0.0,0.0,0.0,1.0,0.0,South,2018/2019,HANDYSIDE STREET,MEXTED TERRACE,,Minor Crash,No,2019,0.0,South,0.0,0,0.0,Hill Road,0.0,,0.0,,0.0,Bright sun,1993000,1,0.0,0.0,2.0,0.0,0.0,0.0,0.0,0.0,,0.0,1.0,Wellington Region,Nil,2-way,Sealed,0.0,0.0,0,0.0,50.0,0.0,Off,0.0,0.0,,47,Wellington City,Unknown,0.0,0.0,0.0,0.0,0.0,0.0,Urban,0.0,0.0,0.0,Fine,Null,0
66404622,,572900,0.0,,0.0,1.0,,Null,2018/2019,FEATHERSTON STREET,MULGRAVE STREET,,Minor Crash,No,2019,,North,,0,,Flat,,,,,,Overcast,2122800,1,0.0,1.0,4.0,,,0.0,,,,,,Wellington Region,Nil,2-way,Sealed,,0.0,0,,50.0,,Off,0.0,0.0,,47,Wellington City,Traffic Signals,,,,,0.0,0.0,Urban,0.0,,,Fine,Null,0
66404660,,573000,0.0,,0.0,1.0,,West,2018/2019,"PATUMAHOE ROAD, PUKEKOHE, AUCKLAND",WOODHOUSE ROAD,,Non-Injury Crash,No,2018,,West,,0,,Flat,,,,,,Bright sun,2127400,0,0.0,0.0,2.0,,,0.0,,,,,,Wellington Region,Nil,2-way,Sealed,,0.0,0,,50.0,,Null,1.0,0.0,,47,Wellington City,Unknown,,,,,0.0,0.0,Urban,0.0,,,Null,Null,0
66404667,,572900,0.0,,0.0,2.0,,South,2017/2018,HUTT ROAD,AOTEA QUAY,,Non-Injury Crash,No,2018,,North,,0,,Null,,,,,,Overcast,2118400,0,0.0,0.0,3.0,,,0.0,,,,,,Wellington Region,Nil,2-way,Sealed,,0.0,0,,60.0,,Null,0.0,0.0,,47,Wellington City,Unknown,,,,,0.0,0.0,Urban,0.0,,,Null,Null,0
66404671,,576901,0.0,0.0,0.0,1.0,0.0,South,2018/2019,EVANS BAY PDE,KEMP STREET,,Non-Injury Crash,No,2018,0.0,Null,0.0,0,0.0,Flat,0.0,,0.0,,0.0,Twilight,2178101,0,0.0,0.0,2.0,0.0,0.0,0.0,0.0,1.0,,0.0,0.0,Wellington Region,Nil,2-way,Sealed,0.0,0.0,0,0.0,50.0,0.0,Off,0.0,0.0,,47,Wellington City,Unknown,0.0,0.0,0.0,0.0,0.0,1.0,Urban,0.0,0.0,0.0,Fine,Null,0
66404675,,573000,0.0,,0.0,0.0,,East,2018/2019,WILLESTON ST,VICTORIA ST,,Minor Crash,No,2018,,West,,0,,Flat,,,,,,Bright sun,2127500,1,0.0,0.0,2.0,,,0.0,,,1.0,,,Wellington Region,Nil,2-way,Sealed,,0.0,0,,50.0,,Null,0.0,0.0,,47,Wellington City,Unknown,,,,,0.0,0.0,Urban,1.0,,,Fine,Null,0
66404679,,573400,0.0,0.0,0.0,1.0,1.0,South,2019/2020,ALEXANDRA RD,LOOKOUT ROAD,,Serious Crash,No,2019,0.0,South,0.0,0,0.0,Hill Road,0.0,,0.0,,0.0,Dark,2143300,2,0.0,0.0,2.0,0.0,0.0,0.0,0.0,0.0,,0.0,0.0,Wellington Region,Nil,2-way,Sealed,0.0,0.0,1,0.0,50.0,0.0,Off,0.0,0.0,,47,Wellington City,Unknown,0.0,0.0,0.0,0.0,0.0,0.0,Urban,0.0,0.0,0.0,Fine,Null,0
66404700,,572900,0.0,,0.0,1.0,,North,2018/2019,THORNDON QUAY,MULGRAVE STREET,,Serious Crash,No,2019,,North,,0,,Flat,,,,,,Overcast,2122700,0,0.0,1.0,3.0,,,0.0,,,,,,Wellington Region,Nil,2-way,Sealed,,0.0,1,,50.0,,Off,0.0,0.0,,47,Wellington City,Unknown,,,,,0.0,0.0,Urban,0.0,,,Fine,Null,0
66404703,,576901,0.0,,0.0,2.0,,West,2018/2019,COUTTS ST,TE WHITI ST,,Non-Injury Crash,No,2019,,Null,,0,,Null,,,,,,Unknown,2177500,0,0.0,0.0,0.0,,,0.0,,,,,,Wellington Region,Nil,Null,Null,,0.0,0,,,,Null,0.0,0.0,,47,Wellington City,Unknown,,,,,0.0,0.0,Urban,0.0,,,Null,Null,0
66404719,,573200,0.0,,0.0,2.0,,Null,2018/2019,WILLIS STREET,NAIRN STREET,,Minor Crash,No,2019,,South,,0,,Hill Road,,,,,,Overcast,2159203,1,0.0,0.0,4.0,,,0.0,,,,,,Wellington Region,Nil,2-way,Sealed,,0.0,0,,50.0,,Off,0.0,0.0,,47,Wellington City,Give way,,,,,0.0,0.0,Urban,0.0,,,Fine,Null,0
66404756,,574800,0.0,,0.0,2.0,,Null,2018/2019,CURTIS STREET,WHITEHEAD ROAD,,Minor Crash,No,2019,,East,,0,,Hill Road,,,,,,Bright sun,2105503,2,0.0,0.0,3.0,,,0.0,,,,,,Wellington Region,Nil,2-way,Sealed,,0.0,0,,50.0,,Off,0.0,0.0,,47,Wellington City,Give way,,,,,0.0,0.0,Urban,0.0,,,Fine,Null,0
66404819,,576800,0.0,,0.0,0.0,,North,2018/2019,HATAITAI ROAD,HUIA ROAD,,Non-Injury Crash,No,2018,,North,,0,,Hill Road,,,,,,Overcast,2184300,0,0.0,0.0,2.0,,,0.0,,,,,,Wellington Region,Nil,2-way,Sealed,,0.0,0,,50.0,,Null,0.0,0.0,,47,Wellington City,Unknown,,,,,1.0,0.0,Urban,1.0,,,Fine,Strong wind,0
66404829,,577200,0.0,,0.0,2.0,,South,2017/2018,SH 1N,COBHAM DRIVE,,Non-Injury Crash,Yes,2018,,North,,0,,Flat,,Queens Birthday,,,,Dark,2206200,0,0.0,0.0,4.0,,,0.0,,,,,,Wellington Region,Nil,2-way,Sealed,,0.0,0,,70.0,,On,1.0,0.0,,47,Wellington City,Unknown,,,,,0.0,0.0,Urban,0.0,,,Light rain,Null,0
66404842,,574002,0.0,,0.0,0.0,,West,2018/2019,HUTT ROAD ON RAMP,HUTT ROAD,,Non-Injury Crash,No,2019,,North,,0,,Flat,,,,,,Bright sun,2078302,0,0.0,0.0,1.0,,,0.0,,,,,,Wellington Region,Motorway ramp,1-way,Sealed,,0.0,0,,100.0,,Off,0.0,0.0,,47,Wellington City,Unknown,,,,,0.0,0.0,Open,2.0,,,Fine,Null,0
66404856,,573000,0.0,,0.0,2.0,,North,2018/2019,FEATHERSTON ST,WHITMORE ST,,Non-Injury Crash,No,2018,,South,,0,,Flat,,,,,,Dark,2124300,0,0.0,0.0,3.0,,,0.0,,,,,,Wellington Region,Nil,1-way,Sealed,,0.0,0,,50.0,,On,0.0,0.0,,47,Wellington City,Unknown,,,,,0.0,0.0,Urban,0.0,,,Light rain,Null,0
66404912,,574100,0.0,0.0,0.0,2.0,0.0,West,2018/2019,COMBER PLACE,HISLOP WAY,,Non-Injury Crash,No,2019,0.0,South,0.0,0,0.0,Hill Road,0.0,,0.0,,0.0,Bright sun,2086710,0,0.0,0.0,2.0,0.0,0.0,0.0,0.0,1.0,,0.0,0.0,Wellington Region,Nil,2-way,Sealed,0.0,0.0,0,0.0,50.0,0.0,Off,0.0,0.0,,47,Wellington City,Unknown,0.0,0.0,0.0,0.0,0.0,0.0,Urban,0.0,0.0,0.0,Fine,Null,0
66404943,,576500,0.0,,0.0,1.0,,Null,2018/2019,RIDDIFORD STREET,HALL STREET,,Non-Injury Crash,No,2019,,North,,0,,Flat,,,,,,Bright sun,2148800,0,1.0,0.0,4.0,,,0.0,,,,,,Wellington Region,Nil,2-way,Sealed,,0.0,0,,50.0,,Off,0.0,0.0,,47,Wellington City,Traffic Signals,,,,,0.0,0.0,Urban,0.0,,,Fine,Null,0
66404952,,576200,0.0,,0.0,0.0,,Null,2019/2020,BRITOMART STREET,ADELAIDE ROAD,,Minor Crash,No,2019,,South,,0,,Hill Road,,,,,,Dark,2171200,1,0.0,0.0,2.0,,,0.0,,,1.0,,,Wellington Region,Nil,2-way,Sealed,,0.0,0,,50.0,,On,0.0,0.0,,47,Wellington City,Traffic Signals,,,,,0.0,0.0,Urban,1.0,,,Light rain,Null,0
66404976,,576002,1.0,,0.0,1.0,,North,2018/2019,THE PARADE,MERSEY STREET,,Minor Crash,No,2019,,North,,0,,Flat,,,,,,Bright sun,2190600,1,0.0,0.0,2.0,,,0.0,,,,,,Wellington Region,Nil,2-way,Sealed,,0.0,0,,50.0,,Off,0.0,0.0,,47,Wellington City,Nil,,,,,0.0,0.0,Urban,0.0,,,Fine,Null,0
66404982,,573101,0.0,,0.0,1.0,,North,2018/2019,CAMBRIDGE TCE,BUCKLE STREET,,Non-Injury Crash,No,2018,,North,,0,,Flat,,,,,,Bright sun,2137000,0,0.0,1.0,2.0,,,0.0,,,,,,Wellington Region,Nil,1-way,Sealed,,0.0,0,,50.0,,Off,0.0,0.0,,47,Wellington City,Unknown,,,,,0.0,0.0,Urban,0.0,,,Fine,Null,0
66405049,,572900,0.0,0.0,0.0,4.0,0.0,East,2017/2018,TINAKORI ROAD,HOBSON ST,,Non-Injury Crash,No,2018,0.0,East,0.0,0,0.0,Flat,0.0,,0.0,,0.0,Dark,2120300,0,0.0,0.0,2.0,0.0,0.0,0.0,0.0,1.0,,0.0,0.0,Wellington Region,Nil,2-way,Sealed,0.0,0.0,0,0.0,50.0,0.0,On,0.0,0.0,,47,Wellington City,Unknown,0.0,0.0,0.0,0.0,0.0,0.0,Urban,0.0,0.0,0.0,Fine,Null,0
66405054,,573901,0.0,0.0,0.0,2.0,0.0,East,2017/2018,OSWALD CRESCENT,BRACKEN ROAD,,Non-Injury Crash,No,2018,0.0,North,0.0,0,0.0,Flat,0.0,,0.0,,0.0,Dark,2073300,0,0.0,0.0,2.0,0.0,0.0,0.0,0.0,1.0,,0.0,0.0,Wellington Region,Nil,2-way,Sealed,0.0,0.0,0,0.0,50.0,0.0,On,0.0,0.0,,47,Wellington City,Unknown,0.0,0.0,0.0,0.0,0.0,0.0,Urban,0.0,0.0,0.0,Fine,Null,0
66405057,,576903,0.0,,0.0,2.0,,Null,2017/2018,HAMILTON ROAD,SH 1N,,Non-Injury Crash,Yes,2018,,West,,0,,Flat,,Easter,,,,Overcast,2180300,0,0.0,0.0,2.0,,,0.0,,,,,,Wellington Region,Nil,2-way,Sealed,,0.0,0,,50.0,,Null,0.0,0.0,,47,Wellington City,Traffic Signals,,,,,0.0,0.0,Urban,0.0,,,Fine,Null,0
66405122,,573700,0.0,0.0,1.0,1.0,0.0,South,2018/2019,JOHNSONVILLE ROAD,HAWEA ST,,Non-Injury Crash,No,2018,0.0,South,0.0,0,0.0,Flat,0.0,,0.0,,0.0,Bright sun,2082800,0,0.0,0.0,2.0,0.0,0.0,0.0,0.0,0.0,,0.0,0.0,Wellington Region,Nil,2-way,Sealed,0.0,0.0,0,0.0,50.0,0.0,Null,1.0,0.0,,47,Wellington City,Unknown,1.0,0.0,0.0,0.0,0.0,0.0,Urban,0.0,0.0,0.0,Fine,Null,0
66405215,,573101,0.0,,0.0,1.0,,Null,2018/2019,GHUZNEE STREET,CUBA STREET,,Non-Injury Crash,No,2019,,West,,0,,Flat,,,,,,Dark,2133600,0,0.0,0.0,2.0,,,0.0,,,1.0,,,Wellington Region,Nil,2-way,Sealed,,0.0,0,,50.0,,On,0.0,0.0,,47,Wellington City,Traffic Signals,,,,,0.0,0.0,Urban,0.0,,,Light rain,Null,0
66405216,,573200,0.0,0.0,0.0,4.0,0.0,East,2018/2019,ARO STREET,ALAMEDA TERRACE,,Minor Crash,No,2018,0.0,West,0.0,0,0.0,Hill Road,0.0,,0.0,,0.0,Overcast,2158800,1,0.0,0.0,2.0,0.0,0.0,0.0,0.0,1.0,,0.0,0.0,Wellington Region,Nil,2-way,Sealed,0.0,0.0,0,0.0,50.0,0.0,Off,0.0,0.0,,47,Wellington City,Unknown,0.0,0.0,0.0,0.0,0.0,0.0,Urban,0.0,0.0,0.0,Fine,Null,0
66405218,,573300,0.0,0.0,0.0,1.0,0.0,South,2018/2019,WALLACE ST,FINLAY TERRACE,,Non-Injury Crash,No,2018,0.0,North,0.0,0,0.0,Flat,0.0,,0.0,,0.0,Unknown,2147100,0,0.0,0.0,2.0,0.0,0.0,0.0,0.0,1.0,,0.0,0.0,Wellington Region,Nil,2-way,Sealed,0.0,0.0,0,0.0,50.0,0.0,Null,0.0,0.0,,47,Wellington City,Unknown,0.0,0.0,0.0,0.0,0.0,1.0,Urban,0.0,0.0,0.0,Null,Null,0
66405250,,576901,0.0,,0.0,1.0,,Null,2018/2019,CHILDERS TERRACE,RONGOTAI ROAD,,Non-Injury Crash,No,2018,,South,,0,,Hill Road,,,,,,Bright sun,2178400,0,0.0,0.0,2.0,,,0.0,,,,,,Wellington Region,Nil,2-way,Sealed,,0.0,0,,50.0,,Null,0.0,0.0,,47,Wellington City,Stop,,,,,1.0,0.0,Urban,0.0,,,Fine,Null,0
66405275,,575200,0.0,0.0,0.0,2.0,0.0,South,2017/2018,NORTHLAND ROAD,NORTHLAND TUNNEL ROAD,,Non-Injury Crash,No,2018,0.0,North,0.0,0,0.0,Hill Road,0.0,,0.0,,0.0,Overcast,2149800,0,0.0,0.0,2.0,0.0,0.0,0.0,0.0,1.0,,0.0,0.0,Wellington Region,Nil,2-way,Sealed,0.0,0.0,0,0.0,50.0,0.0,Null,0.0,0.0,,47,Wellington City,Unknown,0.0,0.0,0.0,0.0,0.0,0.0,Urban,0.0,0.0,0.0,Fine,Null,0
66405367,,573101,2.0,,0.0,1.0,,Null,2018/2019,VICTORIA STREET,MANNERS STREET,,Non-Injury Crash,No,2018,,South,,0,,Flat,,,,,,Unknown,2131100,0,0.0,0.0,2.0,,,0.0,,,,,,Wellington Region,Nil,1-way,Sealed,,0.0,0,,30.0,,Null,0.0,0.0,,47,Wellington City,Traffic Signals,,,,,0.0,0.0,Urban,0.0,,,Null,Null,0
66405417,,577000,0.0,,0.0,2.0,,Null,2017/2018,MOA POINT ROAD,COCHRANE ST,,Serious Crash,No,2018,,East,,0,,Flat,,,,,,Bright sun,2175600,1,0.0,0.0,2.0,,,0.0,,,,,,Wellington Region,Nil,2-way,Sealed,,0.0,1,,50.0,,Null,0.0,0.0,,47,Wellington City,Give way,,,,,0.0,0.0,Urban,0.0,,,Fine,Null,0
66405430,,576903,0.0,,0.0,2.0,,Null,2018/2019,SH 1N,WELLINGTON ROAD,,Non-Injury Crash,Yes,2018,,West,,0,,Hill Road,,,,,,Dark,2180400,0,0.0,0.0,1.0,,,0.0,,,,,,Wellington Region,Nil,2-way,Sealed,,0.0,0,,50.0,,On,0.0,0.0,,47,Wellington City,Nil,,,,,0.0,0.0,Urban,0.0,,,Light rain,Strong wind,0
66405449,,576301,0.0,,0.0,2.0,,North,2017/2018,RIDDIFORD ST,CHURCH AVENUE,,Non-Injury Crash,No,2017,,North,,0,,Flat,,,,,,Overcast,2163500,0,0.0,0.0,4.0,,,0.0,,,,,,Wellington Region,Nil,2-way,Sealed,,0.0,0,,50.0,,Null,0.0,0.0,,47,Wellington City,Unknown,,,,,0.0,0.0,Urban,2.0,,,Fine,Null,0
66405451,,573200,0.0,0.0,0.0,1.0,1.0,East,2017/2018,OHIRO ROAD,TANERA CRESCENT,,Non-Injury Crash,No,2017,0.0,South,0.0,0,0.0,Hill Road,0.0,,0.0,,0.0,Dark,2158700,0,0.0,0.0,2.0,0.0,0.0,0.0,0.0,0.0,,0.0,0.0,Wellington Region,Nil,2-way,Sealed,0.0,0.0,0,0.0,50.0,0.0,On,0.0,0.0,,47,Wellington City,Unknown,0.0,0.0,0.0,0.0,0.0,0.0,Urban,0.0,0.0,0.0,Fine,Null,0
66405459,,577000,0.0,,0.0,2.0,,Null,2017/2018,STEWART DUFF DRIVE,CALABAR ROAD,,Non-Injury Crash,No,2017,,West,,0,,Flat,,,,,,Bright sun,2175700,0,0.0,0.0,2.0,,,0.0,,,,,,Wellington Region,Nil,1-way,Sealed,,0.0,0,,50.0,,Null,0.0,0.0,,47,Wellington City,Give way,,,,,0.0,0.0,Urban,0.0,,,Fine,Null,0
66405466,,572900,0.0,0.0,0.0,1.0,0.0,Null,2018/2019,WATERLOO QUAY,BUNNY STREET,,Non-Injury Crash,No,2019,0.0,North,0.0,0,0.0,Flat,0.0,,0.0,,0.0,Dark,2122700,0,0.0,0.0,3.0,0.0,0.0,0.0,0.0,0.0,,0.0,1.0,Wellington Region,Nil,1-way,Sealed,0.0,0.0,0,0.0,50.0,0.0,On,0.0,0.0,,47,Wellington City,Traffic Signals,0.0,0.0,0.0,0.0,0.0,0.0,Urban,0.0,0.0,0.0,Fine,Null,0
66405499,,573400,0.0,,0.0,1.0,,West,2017/2018,SH 1N,WEST PORTAL,,Non-Injury Crash,Yes,2018,,South,,0,,Flat,,,,,,Dark,2142900,0,0.0,0.0,2.0,,,0.0,,,,,,Wellington Region,Nil,1-way,Sealed,,0.0,0,,50.0,,On,0.0,0.0,,47,Wellington City,Unknown,,,,,0.0,0.0,Urban,1.0,,,Fine,Null,0
66405542,,573101,0.0,0.0,0.0,2.0,0.0,East,2018/2019,COURTENAY PL,TORY ST,,Non-Injury Crash,No,2018,0.0,East,0.0,0,0.0,Flat,0.0,,0.0,,0.0,Dark,2136000,0,0.0,0.0,2.0,0.0,0.0,0.0,0.0,1.0,,0.0,0.0,Wellington Region,Nil,2-way,Sealed,0.0,0.0,0,0.0,30.0,0.0,On,0.0,0.0,,47,Wellington City,Unknown,0.0,0.0,0.0,0.0,0.0,0.0,Urban,0.0,0.0,0.0,Fine,Null,0
66405545,,573101,0.0,,0.0,0.0,,North,2018/2019,WILLIS ST,MANNERS ST,,Minor Crash,No,2018,,North,,0,,Flat,,,,,,Overcast,2131000,2,0.0,0.0,2.0,,,0.0,,,1.0,,,Wellington Region,Nil,2-way,Sealed,,0.0,0,,30.0,,Null,1.0,0.0,,47,Wellington City,Unknown,,,,,0.0,0.0,Urban,0.0,,,Fine,Null,0
66405610,45.0,573000,0.0,0.0,0.0,1.0,0.0,Null,2018/2019,CUSTOMHOUSE QUAY,BRANDON STREET,,Non-Injury Crash,No,2018,0.0,North,0.0,0,0.0,Flat,0.0,,0.0,,0.0,Dark,2124300,0,0.0,0.0,3.0,0.0,1.0,0.0,0.0,0.0,,0.0,0.0,Wellington Region,Nil,1-way,Sealed,0.0,0.0,0,0.0,50.0,0.0,On,0.0,0.0,,47,Wellington City,Traffic Signals,0.0,1.0,0.0,0.0,0.0,0.0,Urban,0.0,0.0,0.0,Light rain,Null,0
66405623,,573000,0.0,0.0,0.0,1.0,0.0,North,2018/2019,THE TERRACE,SALAMANCA RD,,Non-Injury Crash,No,2019,0.0,Null,0.0,0,0.0,Hill Road,0.0,,0.0,,0.0,Bright sun,2128200,0,0.0,0.0,2.0,0.0,0.0,0.0,0.0,1.0,,0.0,0.0,Wellington Region,Nil,2-way,Sealed,0.0,0.0,0,0.0,50.0,0.0,Off,0.0,0.0,,47,Wellington City,Unknown,0.0,0.0,0.0,0.0,0.0,1.0,Urban,0.0,0.0,0.0,Fine,Null,0
66405633,,573700,0.0,,0.0,2.0,,South,2018/2019,JOHNSONVILLE ROAD,BRODERICK ROAD,,Non-Injury Crash,No,2018,,North,,0,,Flat,,,,,,Unknown,2082900,0,0.0,0.0,2.0,,,0.0,,,,,,Wellington Region,Nil,2-way,Sealed,,0.0,0,,50.0,,Null,0.0,0.0,,47,Wellington City,Traffic Signals,,,,,0.0,0.0,Urban,0.0,,,Fine,Null,0
66405689,,573000,0.0,,0.0,2.0,,Null,2017/2018,JERVOIS QUAY,HUNTER ST,,Non-Injury Crash,No,2018,,South,,0,,Flat,,,,,,Dark,2125900,0,0.0,0.0,6.0,,,0.0,,,,,,Wellington Region,Nil,2-way,Sealed,,0.0,0,,40.0,,On,0.0,0.0,,47,Wellington City,Traffic Signals,,,,,0.0,0.0,Urban,0.0,,,Fine,Null,0
66405701,,573101,0.0,0.0,0.0,3.0,0.0,Null,2017/2018,SH 1N,CUBA ST,,Non-Injury Crash,Yes,2018,0.0,East,0.0,0,0.0,Flat,0.0,,0.0,,0.0,Dark,2132600,0,0.0,0.0,2.0,0.0,0.0,0.0,0.0,1.0,,0.0,0.0,Wellington Region,Nil,1-way,Sealed,0.0,0.0,0,0.0,50.0,0.0,On,0.0,0.0,,47,Wellington City,Traffic Signals,0.0,0.0,0.0,0.0,0.0,0.0,Urban,0.0,0.0,0.0,Fine,Null,0