OBJECTID,advisorySpeed,areaUnitID,bicycle,bridge,bus,carStationWagon,cliffBank,crashDirectionDescription,crashFinancialYear,crashLocation1,crashLocation2,crashRoadSideRoad,crashSeverity,crashSHDescription,crashYear,debris,directionRoleDescription,ditch,fatalCount,fence,flatHill,guardRail,holiday,houseOrBuilding,intersection,kerb,light,meshblockId,minorInjuryCount,moped,motorcycle,NumberOfLanes,objectThrownOrDropped,otherObject,otherVehicleType,overBank,parkedVehicle,pedestrian,phoneBoxEtc,postOrPole,region,roadCharacter,roadLane,roadSurface,roadworks,schoolBus,seriousInjuryCount,slipOrFlood,speedLimit,strayAnimal,streetLight,suv,taxi,temporarySpeedLimit,tlaId,tlaName,trafficControl,trafficIsland,trafficSign,train,tree,truck,unknownVehicleType,urban,vanOrUtility,vehicle,waterRiver,weatherA,weatherB,if_pandemic
66405714,,573101,1.0,,0.0,1.0,,Null,2017/2018,TASMAN ST,OLD BUCKLE ST,,Non-Injury Crash,No,2018,,East,,0,,Flat,,,,,,Overcast,2135000,0,0.0,0.0,2.0,,,0.0,,,,,,Wellington Region,Nil,2-way,Sealed,,0.0,0,,50.0,,Null,0.0,0.0,,47,Wellington City,Stop,,,,,0.0,0.0,Urban,0.0,,,Light rain,Null,0
66405715,,574002,0.0,,0.0,1.0,,East,2017/2018,SH 1N,NIMT OBR,,Non-Injury Crash,Yes,2017,,South,,0,,Hill Road,,Christmas New Year,,,,Overcast,2078302,0,0.0,0.0,4.0,,,0.0,,,,,,Wellington Region,Motorway ramp,2-way,Sealed,,0.0,0,,80.0,,Null,0.0,0.0,,47,Wellington City,Unknown,,,,,1.0,0.0,Open,0.0,,,Light rain,Null,0
66405772,,572900,0.0,0.0,1.0,1.0,0.0,North,2018/2019,HOBSON ST,FITZHERBERT TERRACE,,Non-Injury Crash,No,2019,0.0,South,0.0,0,0.0,Flat,0.0,,0.0,,0.0,Bright sun,2118002,0,0.0,0.0,2.0,0.0,0.0,0.0,0.0,1.0,,0.0,0.0,Wellington Region,Nil,2-way,Sealed,0.0,0.0,0,0.0,50.0,0.0,Off,0.0,0.0,,47,Wellington City,Nil,0.0,0.0,0.0,0.0,0.0,0.0,Urban,0.0,0.0,0.0,Fine,Null,0
66405804,,572600,0.0,,0.0,2.0,,South,2018/2019,01N-1050/06.30-D,PED SUBWAY,,Minor Crash,Yes,2019,,North,,0,,Flat,,,,,,Dark,1992900,1,0.0,0.0,4.0,,,0.0,,,,,,Wellington Region,Nil,2-way,Sealed,,0.0,0,,100.0,,None,1.0,0.0,,47,Wellington City,Unknown,,,,,0.0,0.0,Open,0.0,,,Fine,Null,0
66405823,,573200,0.0,0.0,0.0,0.0,0.0,West,2018/2019,ESSEX ST,DEVON ST,,Non-Injury Crash,No,2019,0.0,Null,0.0,0,0.0,Null,0.0,,0.0,,0.0,Unknown,2157300,0,0.0,0.0,2.0,0.0,0.0,0.0,0.0,1.0,,0.0,0.0,Wellington Region,Nil,2-way,Sealed,0.0,0.0,0,0.0,50.0,0.0,Null,0.0,0.0,,47,Wellington City,Unknown,0.0,0.0,0.0,0.0,0.0,2.0,Urban,0.0,0.0,0.0,Null,Null,0
66405835,,573523,0.0,,0.0,1.0,,South,2017/2018,SH 1N,CHURTON PARK ON SBD,,Non-Injury Crash,Yes,2018,,South,,0,,Flat,,,,,,Overcast,2086310,0,0.0,0.0,2.0,,,0.0,,,,,,Wellington Region,Nil,1-way,Sealed,,0.0,0,,100.0,,Null,0.0,0.0,,47,Wellington City,Unknown,,,,,0.0,0.0,Open,1.0,,,Light rain,Null,0
66405855,55.0,576901,0.0,,0.0,1.0,,Null,2018/2019,ROUNDABOUT,TROY ST,,Non-Injury Crash,Yes,2018,,West,,0,,Flat,,,,,,Bright sun,2176800,0,0.0,0.0,1.0,,,0.0,,,,,,Wellington Region,Nil,1-way,Sealed,,0.0,0,,70.0,,Null,0.0,0.0,,47,Wellington City,Give way,,,,,0.0,0.0,Urban,1.0,,,Fine,Null,0
66405883,,573101,0.0,,0.0,2.0,,Null,2017/2018,SH 1N,TARANAKI ST,,Non-Injury Crash,Yes,2017,,West,,0,,Flat,,,,,,Dark,2134800,0,0.0,0.0,4.0,,,0.0,,,,,,Wellington Region,Nil,2-way,Sealed,,0.0,0,,50.0,,On,0.0,0.0,,47,Wellington City,Traffic Signals,,,,,0.0,0.0,Urban,0.0,,,Light rain,Null,0
66405886,,573000,0.0,,0.0,1.0,,South,2018/2019,LAMBTON QUAY,HUNTER STREET,,Non-Injury Crash,No,2019,,North,,0,,Flat,,,,,,Bright sun,2126600,0,0.0,0.0,1.0,,,0.0,,,,,,Wellington Region,Nil,1-way,Sealed,,0.0,0,,30.0,,Off,0.0,1.0,,47,Wellington City,Unknown,,,,,0.0,0.0,Urban,1.0,,,Fine,Null,0
66405984,,576301,1.0,,0.0,0.0,,Null,2018/2019,JOHN STREET,HANSON STREET,,Minor Crash,No,2019,,West,,0,,Flat,,,,,,Dark,2163300,1,0.0,0.0,2.0,,,0.0,,,,,,Wellington Region,Nil,2-way,Sealed,,0.0,0,,50.0,,On,0.0,0.0,,47,Wellington City,Give way,,,,,0.0,0.0,Urban,1.0,,,Fine,Null,0
66406004,,574001,0.0,,0.0,2.0,,Null,2018/2019,HOROKIWI ROAD WEST,KINAPORI TERRACE,,Non-Injury Crash,No,2018,,East,,0,,Null,,,,,,Twilight,2075301,0,0.0,0.0,2.0,,,0.0,,,,,,Wellington Region,Nil,2-way,Sealed,,0.0,0,,50.0,,Off,0.0,0.0,,47,Wellington City,Nil,,,,,0.0,0.0,Urban,0.0,,,Fine,Null,0
66406066,,573101,0.0,0.0,0.0,2.0,0.0,Null,2017/2018,ABEL SMITH ST,FOOTSCRAY AVENUE,,Non-Injury Crash,No,2018,0.0,West,0.0,0,0.0,Flat,0.0,,0.0,,0.0,Bright sun,2132500,0,0.0,0.0,2.0,0.0,0.0,0.0,0.0,1.0,,0.0,0.0,Wellington Region,Nil,2-way,Sealed,0.0,0.0,0,0.0,50.0,0.0,Null,0.0,0.0,,47,Wellington City,Nil,0.0,0.0,0.0,0.0,0.0,0.0,Urban,0.0,0.0,0.0,Fine,Null,0
66406125,,573700,0.0,,0.0,2.0,,East,2017/2018,BRODERICK ROAD,GOTHIC ST,,Non-Injury Crash,No,2018,,East,,0,,Hill Road,,,,,,Twilight,2082800,0,0.0,0.0,3.0,,,0.0,,,,,,Wellington Region,Nil,2-way,Sealed,,0.0,0,,50.0,,Off,0.0,0.0,,47,Wellington City,Nil,,,,,0.0,0.0,Urban,0.0,,,Mist or Fog,Null,0
66406138,,575200,0.0,,0.0,1.0,,Null,2018/2019,NORTHLAND TUNNEL ROAD,RAROA CRESCENT,,Non-Injury Crash,No,2019,,South,,0,,Hill Road,,,,,,Overcast,2149800,0,0.0,0.0,2.0,,,0.0,,,,,,Wellington Region,Nil,2-way,Sealed,,0.0,0,,50.0,,Null,1.0,0.0,,47,Wellington City,Stop,,,,,0.0,0.0,Urban,0.0,,,Null,Null,0
66406161,,572900,0.0,,0.0,2.0,,Null,2018/2019,TINAKORI ROAD,ST MARY STREET,,Non-Injury Crash,No,2018,,East,,0,,Flat,,,,,,Overcast,2123500,0,0.0,0.0,2.0,,,0.0,,,,,,Wellington Region,Nil,2-way,Sealed,,0.0,0,,50.0,,Off,0.0,0.0,,47,Wellington City,Nil,,,,,0.0,0.0,Urban,0.0,,,Fine,Null,0
66406162,,576901,0.0,,0.0,2.0,,Null,2019/2020,EVANS BAY PARADE,COBHAM DRIVE,,Minor Crash,No,2019,,North,,0,,Flat,,,,,,Overcast,2177800,1,0.0,0.0,3.0,,,0.0,,,,,,Wellington Region,Nil,2-way,Sealed,,0.0,0,,50.0,,Off,0.0,0.0,,47,Wellington City,Traffic Signals,,,,,0.0,0.0,Urban,0.0,,,Fine,Null,0
66406180,,574900,0.0,0.0,0.0,3.0,0.0,East,2018/2019,KARORI RD,MORLEY STREET,,Minor Crash,No,2019,0.0,East,0.0,0,0.0,Hill Road,0.0,,0.0,,0.0,Dark,2108900,1,0.0,0.0,2.0,0.0,0.0,0.0,0.0,2.0,,0.0,0.0,Wellington Region,Nil,2-way,Sealed,0.0,0.0,0,0.0,50.0,0.0,On,0.0,0.0,,47,Wellington City,Unknown,0.0,0.0,0.0,0.0,0.0,0.0,Urban,0.0,0.0,0.0,Fine,Null,0
66406183,,576700,0.0,0.0,0.0,1.0,0.0,North,2019/2020,PALLISER RD,ROSENEATH TERRACE,,Non-Injury Crash,No,2019,0.0,East,0.0,0,0.0,Hill Road,0.0,,0.0,,0.0,Bright sun,2187000,0,0.0,0.0,2.0,0.0,0.0,0.0,0.0,1.0,,0.0,0.0,Wellington Region,Nil,2-way,Sealed,0.0,0.0,0,0.0,50.0,0.0,Off,0.0,0.0,,47,Wellington City,Unknown,0.0,0.0,0.0,0.0,0.0,0.0,Urban,1.0,0.0,0.0,Fine,Null,0
66406207,,573526,0.0,,0.0,1.0,,North,2018/2019,002-0962/12.85-I,HUTT ROAD OFF RAMP,,Non-Injury Crash,Yes,2018,,South,,0,,Flat,,,,,,Bright sun,2077503,0,0.0,0.0,4.0,,,0.0,,,,,,Wellington Region,Nil,2-way,Sealed,,0.0,0,,100.0,,Off,1.0,0.0,,47,Wellington City,Unknown,,,,,0.0,0.0,Open,1.0,,,Fine,Null,0
66406235,,576700,0.0,,0.0,2.0,,East,2017/2018,CARLTON GORE ROAD,MAIDA VALE ROAD,,Non-Injury Crash,No,2018,,South,,0,,Hill Road,,,,,,Overcast,2186500,0,0.0,0.0,2.0,,,0.0,,,,,,Wellington Region,Nil,2-way,Sealed,,0.0,0,,50.0,,Null,0.0,0.0,,47,Wellington City,Unknown,,,,,0.0,0.0,Urban,0.0,,,Light rain,Null,0
66406236,,573903,0.0,,0.0,2.0,,West,2017/2018,NEWLANDS ROAD,BRACKEN ROAD,,Non-Injury Crash,No,2017,,East,,0,,Flat,,,,,,Overcast,2073900,0,0.0,0.0,2.0,,,0.0,,,,,,Wellington Region,Nil,2-way,Sealed,,0.0,0,,30.0,,Null,0.0,0.0,,47,Wellington City,Unknown,,,,,0.0,0.0,Urban,0.0,,,Fine,Null,0
66406237,,574402,0.0,0.0,0.0,2.0,0.0,South,2018/2019,KENYA ST,CROFTON ROAD,,Minor Crash,No,2018,0.0,North,0.0,0,0.0,Flat,0.0,,0.0,,0.0,Overcast,2098000,1,0.0,0.0,2.0,0.0,0.0,0.0,0.0,1.0,,0.0,1.0,Wellington Region,Nil,2-way,Sealed,0.0,0.0,0,0.0,50.0,0.0,Null,0.0,0.0,,47,Wellington City,Unknown,0.0,0.0,0.0,0.0,0.0,0.0,Urban,0.0,0.0,0.0,Fine,Null,0
66406263,,573300,0.0,,0.0,2.0,,South,2018/2019,SUSSEX STREET,BUCKLE STREET,,Non-Injury Crash,Yes,2019,,North,,0,,Flat,,,,,,Overcast,2145602,0,0.0,0.0,3.0,,,0.0,,,,,,Wellington Region,Nil,1-way,Sealed,,0.0,0,,50.0,,Off,0.0,0.0,,47,Wellington City,Nil,,,,,0.0,0.0,Urban,0.0,,,Fine,Null,0
66406286,,573101,0.0,,0.0,1.0,,North,2018/2019,WILLIS ST,DIXON ST,,Non-Injury Crash,No,2018,,North,,0,,Flat,,,,,,Bright sun,2131300,0,0.0,0.0,2.0,,,0.0,,,,,,Wellington Region,Nil,2-way,Sealed,,0.0,0,,50.0,,Null,0.0,1.0,,47,Wellington City,Unknown,,,,,0.0,0.0,Urban,1.0,,,Null,Null,0
66406290,,576301,0.0,,0.0,1.0,,Null,2019/2020,ADELAIDE ROAD,COLOMBO STREET,,Minor Crash,No,2019,,North,,0,,Flat,,,,,,Overcast,2164300,1,0.0,0.0,2.0,,,0.0,,,,,,Wellington Region,Nil,2-way,Sealed,,0.0,0,,50.0,,Off,1.0,0.0,,47,Wellington City,Give way,,,,,0.0,0.0,Urban,0.0,,,Light rain,Null,0
66406297,,572900,0.0,,0.0,1.0,,South,2017/2018,TINAKORI ROAD,BOWEN ST,,Non-Injury Crash,No,2018,,South,,0,,Flat,,,,,,Bright sun,2123400,0,0.0,0.0,2.0,,,0.0,,,,,,Wellington Region,Nil,2-way,Sealed,,0.0,0,,50.0,,Null,0.0,0.0,,47,Wellington City,Nil,,,,,0.0,0.0,Urban,2.0,,,Fine,Null,0
66406317,,573801,0.0,,0.0,1.0,,Null,2018/2019,MARK AVENUE,CARA CRESCENT,,Minor Crash,No,2018,,South,,0,,Flat,,,,,,Overcast,2079300,1,0.0,0.0,2.0,,,0.0,,,1.0,,,Wellington Region,Nil,2-way,Sealed,,0.0,0,,50.0,,Null,0.0,0.0,,47,Wellington City,Nil,,,,,0.0,0.0,Urban,0.0,,,Light rain,Null,0
66406322,,575600,0.0,,0.0,1.0,,Null,2016/2017,OHIRO ROAD,CLEVELAND STREET,,Minor Crash,No,2017,,South,,0,,Hill Road,,,,,,Bright sun,2161900,1,1.0,0.0,3.0,,,0.0,,,,,,Wellington Region,Nil,2-way,Sealed,,0.0,0,,30.0,,Off,0.0,0.0,,47,Wellington City,Traffic Signals,,,,,0.0,0.0,Urban,0.0,,,Fine,Null,0
66406323,,575600,0.0,,0.0,1.0,,Null,2017/2018,BIDWILL ST,BROOKLYN ROAD,,Non-Injury Crash,No,2018,,West,,0,,Hill Road,,,,,,Twilight,2162700,0,0.0,1.0,2.0,,,0.0,,,,,,Wellington Region,Nil,2-way,Sealed,,0.0,0,,50.0,,On,0.0,1.0,,47,Wellington City,Give way,,,,,0.0,0.0,Urban,0.0,,,Fine,Null,0
66406340,,573101,0.0,,0.0,2.0,,East,2017/2018,CABLE ST,CHAFFERS ST,,Non-Injury Crash,No,2017,,West,,0,,Flat,,,,,,Dark,2135500,0,0.0,0.0,3.0,,,0.0,,,,,,Wellington Region,Nil,1-way,Sealed,,0.0,0,,50.0,,On,0.0,0.0,,47,Wellington City,Nil,,,,,0.0,0.0,Urban,0.0,,,Fine,Null,0
66406391,,573101,0.0,,0.0,1.0,,Null,2019/2020,TORY STREET,COURTNEY PLACE,,Non-Injury Crash,No,2019,,North,,0,,Flat,,,,,,Dark,2135900,0,1.0,0.0,6.0,,,0.0,,,,,,Wellington Region,Nil,2-way,Sealed,,0.0,0,,50.0,,On,0.0,0.0,,47,Wellington City,Traffic Signals,,,,,0.0,0.0,Urban,0.0,,,Fine,Null,0
66406400,,574002,0.0,,0.0,1.0,,South,2018/2019,01N-1060-D,CENTENNIAL HIGHWAY ON RAMP,,Non-Injury Crash,No,2018,,North,,0,,Hill Road,,,,,,Bright sun,2078302,0,0.0,0.0,2.0,,,0.0,,,,,,Wellington Region,Motorway ramp,1-way,Sealed,,0.0,0,,80.0,,Off,0.0,0.0,,47,Wellington City,Unknown,,,,,1.0,0.0,Open,0.0,,,Fine,Null,0
66406422,,573400,0.0,,0.0,2.0,,West,2017/2018,SH 1N,WEST PORTAL,,Non-Injury Crash,Yes,2018,,West,,0,,Hill Road,,,,,,Bright sun,2143300,0,0.0,0.0,5.0,,,0.0,,,,,,Wellington Region,Nil,2-way,Sealed,,0.0,0,,50.0,,Null,0.0,0.0,,47,Wellington City,Unknown,,,,,0.0,0.0,Urban,0.0,,,Fine,Null,0
66406424,,575300,0.0,,0.0,2.0,,Null,2018/2019,UPLAND ROAD,GLEN ROAD,,Non-Injury Crash,No,2018,,North,,0,,Flat,,,,,,Bright sun,2154500,0,0.0,0.0,2.0,,,0.0,,,,,,Wellington Region,Nil,2-way,Sealed,,0.0,0,,50.0,,Off,0.0,0.0,,47,Wellington City,Give way,,,,,0.0,0.0,Urban,0.0,,,Fine,Null,0
66406432,,573101,0.0,,0.0,2.0,,Null,2018/2019,TORY STREET,FORRESTERS LANE,,Non-Injury Crash,No,2018,,North,,0,,Flat,,,,,,Dark,2136000,0,0.0,0.0,2.0,,,0.0,,,,,,Wellington Region,Nil,2-way,Sealed,,0.0,0,,50.0,,On,0.0,0.0,,47,Wellington City,Nil,,,,,0.0,0.0,Urban,0.0,,,Fine,Null,0
66406437,,573000,0.0,,0.0,2.0,,Null,2018/2019,WATERLOO QUAY,WHITMORE ST,,Non-Injury Crash,No,2018,,South,,0,,Null,,,,,,Bright sun,2124300,0,0.0,0.0,3.0,,,0.0,,,,,,Wellington Region,Nil,1-way,Sealed,,0.0,0,,50.0,,Off,0.0,0.0,,47,Wellington City,Unknown,,,,,0.0,0.0,Urban,0.0,,,Fine,Null,0
66406449,,573300,0.0,0.0,0.0,2.0,0.0,South,2018/2019,SH 1N,BUCKLE ST,,Non-Injury Crash,Yes,2018,0.0,North,0.0,0,0.0,Flat,0.0,,0.0,,0.0,Bright sun,2145602,0,0.0,0.0,3.0,0.0,0.0,0.0,0.0,1.0,,0.0,0.0,Wellington Region,Nil,1-way,Sealed,0.0,0.0,0,0.0,50.0,0.0,Null,0.0,0.0,,47,Wellington City,Unknown,0.0,0.0,0.0,0.0,0.0,0.0,Urban,0.0,0.0,0.0,Fine,Null,0
66406493,,573200,0.0,0.0,0.0,1.0,0.0,Null,2018/2019,EPUNI ST,LEVINA AVE,,Non-Injury Crash,No,2018,0.0,Null,0.0,0,0.0,Null,0.0,,0.0,,0.0,Unknown,2158300,0,0.0,0.0,2.0,0.0,0.0,0.0,0.0,1.0,,0.0,0.0,Wellington Region,Nil,2-way,Null,0.0,0.0,0,0.0,50.0,0.0,Null,0.0,0.0,,47,Wellington City,Unknown,0.0,0.0,0.0,0.0,0.0,1.0,Urban,0.0,0.0,0.0,Null,Null,0
66406523,,576901,0.0,,0.0,1.0,,North,2018/2019,EVANS BAY PARADE,KEMP ST,,Non-Injury Crash,No,2018,,North,,0,,Flat,,,,,,Overcast,2177800,0,0.0,0.0,1.0,,,0.0,,,,,,Wellington Region,Nil,2-way,Sealed,,0.0,0,,50.0,,Null,0.0,0.0,,47,Wellington City,Nil,,,,,0.0,0.0,Urban,1.0,,,Fine,Null,0
66406533,,573000,0.0,,0.0,0.0,,North,2018/2019,WELLINGTON URBAN MOTORWAY,EVERTON OBR,,Non-Injury Crash,Yes,2018,,South,,0,,Flat,,,,,,Overcast,2126403,0,0.0,1.0,2.0,,,0.0,,,,,,Wellington Region,Motorway ramp,2-way,Sealed,,0.0,0,,70.0,,Off,0.0,0.0,,47,Wellington City,Nil,,,,,0.0,1.0,Urban,0.0,,,Fine,Null,0
66406536,,573522,0.0,,0.0,1.0,,South,2018/2019,JAMAICA DRIVE,DRAGON ST,,Non-Injury Crash,No,2018,,North,,0,,Hill Road,,,,,,Bright sun,2086103,0,0.0,0.0,2.0,,,0.0,,,,,,Wellington Region,Nil,2-way,Sealed,,0.0,0,,50.0,,Null,0.0,0.0,,47,Wellington City,Nil,,,,,0.0,0.0,Urban,1.0,,,Fine,Null,0
66406572,,577200,0.0,,0.0,4.0,,North,2018/2019,HOBART ST,CHELSEA ST,,Minor Crash,No,2018,,South,,0,,Flat,,,,,,Overcast,2207203,1,0.0,0.0,2.0,,,0.0,,,,,,Wellington Region,Nil,2-way,Sealed,,0.0,0,,50.0,,Null,0.0,0.0,,47,Wellington City,Nil,,,,,0.0,0.0,Urban,0.0,,,Heavy rain,Null,0
66406621,,573101,0.0,,0.0,2.0,,Null,2018/2019,WILLIS STREET,BOULCOTT STREET,,Non-Injury Crash,No,2019,,South,,0,,Flat,,,,,,Bright sun,2131300,0,0.0,0.0,2.0,,,0.0,,,,,,Wellington Region,Nil,2-way,Sealed,,0.0,0,,50.0,,Null,0.0,0.0,,47,Wellington City,Traffic Signals,,,,,0.0,0.0,Urban,0.0,,,Fine,Null,0
66406623,,573000,0.0,,0.0,1.0,,Null,2018/2019,CUSTOMHOUSE QUAY,LADY ELIZABETH LANE,,Minor Crash,No,2019,,West,,0,,Flat,,,,,,Overcast,2124300,1,0.0,0.0,6.0,,,0.0,,,2.0,,,Wellington Region,Nil,2-way,Sealed,,0.0,0,,50.0,,Off,0.0,0.0,,47,Wellington City,Traffic Signals,,,,,0.0,0.0,Urban,0.0,,,Light rain,Null,0
66406635,,576600,0.0,,0.0,0.0,,North,2017/2018,ORIENTAL PARADE,GRASS ST,,Non-Injury Crash,No,2018,,East,,0,,Flat,,,,,,Bright sun,2137400,0,0.0,0.0,2.0,,,0.0,,,,,,Wellington Region,Nil,2-way,Sealed,,0.0,0,,50.0,,Null,0.0,0.0,,47,Wellington City,Unknown,,,,,1.0,0.0,Urban,1.0,,,Fine,Null,0
66406663,,575300,0.0,0.0,0.0,0.0,0.0,South,2018/2019,GROVE RD,UPLAND RD,,Non-Injury Crash,No,2019,0.0,North,0.0,0,0.0,Hill Road,0.0,,1.0,,0.0,Bright sun,2154701,0,0.0,0.0,2.0,0.0,0.0,0.0,0.0,0.0,,0.0,0.0,Wellington Region,Nil,2-way,Sealed,0.0,0.0,0,0.0,50.0,0.0,Off,1.0,0.0,,47,Wellington City,Unknown,0.0,0.0,0.0,1.0,0.0,0.0,Urban,0.0,0.0,0.0,Fine,Null,0
66406673,,574002,0.0,,0.0,2.0,,East,2017/2018,SH 2,HUTT ON NBD,,Non-Injury Crash,Yes,2018,,East,,0,,Flat,,,,,,Dark,2078302,0,0.0,0.0,2.0,,,0.0,,,,,,Wellington Region,Nil,1-way,Sealed,,0.0,0,,100.0,,On,1.0,0.0,,47,Wellington City,Unknown,,,,,0.0,0.0,Open,0.0,,,Fine,Strong wind,0
66406695,15.0,577000,0.0,0.0,0.0,1.0,0.0,South,2019/2020,STEWART DUFF DRIVE,STATION DRIVE,,Minor Crash,No,2019,0.0,South,0.0,0,0.0,Flat,1.0,,0.0,,0.0,Bright sun,2175700,1,0.0,0.0,2.0,0.0,0.0,0.0,0.0,0.0,,0.0,0.0,Wellington Region,Nil,1-way,Sealed,0.0,0.0,0,0.0,20.0,0.0,Off,0.0,1.0,,47,Wellington City,Unknown,1.0,1.0,0.0,0.0,0.0,0.0,Urban,0.0,0.0,0.0,Fine,Null,0
66406705,,573200,0.0,0.0,0.0,2.0,0.0,North,2017/2018,DEVON ST,ESSEX ST,,Non-Injury Crash,No,2018,0.0,South,0.0,0,0.0,Hill Road,0.0,,0.0,,0.0,Bright sun,2157400,0,0.0,0.0,2.0,0.0,0.0,0.0,0.0,1.0,,0.0,0.0,Wellington Region,Nil,2-way,Sealed,0.0,0.0,0,0.0,50.0,0.0,Null,0.0,0.0,,47,Wellington City,Unknown,0.0,0.0,0.0,0.0,0.0,0.0,Urban,0.0,0.0,0.0,Fine,Null,0
66406708,,573101,0.0,,1.0,0.0,,North,2017/2018,MANNERS ST,VICTORIA ST,,Serious Crash,No,2017,,North,,0,,Flat,,,,,,Bright sun,2131000,0,0.0,0.0,2.0,,,0.0,,,1.0,,,Wellington Region,Nil,2-way,Sealed,,0.0,1,,30.0,,Null,0.0,0.0,,47,Wellington City,Traffic Signals,,,,,0.0,0.0,Urban,0.0,,,Fine,Null,0
66406731,,573101,0.0,,0.0,1.0,,Null,2017/2018,SH 1N,TARANAKI ST,,Non-Injury Crash,Yes,2018,,West,,0,,Flat,,,,,,Overcast,2134800,0,1.0,0.0,4.0,,,0.0,,,,,,Wellington Region,Nil,1-way,Sealed,,0.0,0,,50.0,,Null,0.0,1.0,,47,Wellington City,Traffic Signals,,,,,0.0,0.0,Urban,0.0,,,Null,Null,0
66406739,,573000,0.0,,1.0,0.0,,South,2017/2018,LAMBTON QUAY,MASONS LANE,,Non-Injury Crash,No,2018,,South,,0,,Flat,,,,,,Bright sun,2124100,0,0.0,0.0,2.0,,,0.0,,,,,,Wellington Region,Nil,1-way,Sealed,,0.0,0,,30.0,,Null,0.0,0.0,,47,Wellington City,Give way,,,,,0.0,0.0,Urban,1.0,,,Null,Null,0
66406758,,573000,0.0,,0.0,2.0,,North,2018/2019,01N-1068-I,EVERTON OBR,,Non-Injury Crash,Yes,2019,,South,,0,,Hill Road,,,,,,Overcast,2124803,0,0.0,0.0,3.0,,,0.0,,,,,,Wellington Region,Nil,2-way,Sealed,,0.0,0,,100.0,,Off,0.0,0.0,80.0,47,Wellington City,Unknown,,,,,0.0,0.0,Open,2.0,,,Fine,Null,0
66406778,,574600,0.0,0.0,0.0,1.0,0.0,West,2019/2020,GRANT ROAD,ORCHARD STREET,,Non-Injury Crash,No,2019,0.0,Null,0.0,0,0.0,Null,0.0,,0.0,,0.0,Unknown,2099600,0,0.0,0.0,2.0,0.0,0.0,0.0,0.0,1.0,,0.0,0.0,Wellington Region,Nil,2-way,Sealed,0.0,0.0,0,0.0,50.0,0.0,Null,0.0,0.0,,47,Wellington City,Unknown,0.0,0.0,0.0,0.0,0.0,1.0,Urban,0.0,0.0,0.0,Null,Null,0
66406780,,573101,0.0,,0.0,0.0,,East,2017/2018,COLLEGE ST,TORY ST,,Non-Injury Crash,No,2017,,West,,0,,Flat,,,,,,Twilight,2136500,0,0.0,0.0,2.0,,,0.0,,,,,,Wellington Region,Nil,2-way,Sealed,,0.0,0,,50.0,,Off,1.0,0.0,,47,Wellington City,Unknown,,,,,0.0,0.0,Urban,1.0,,,Fine,Null,0
66406783,,576903,0.0,,0.0,2.0,,Null,2018/2019,WELLINGTON ROAD,KILBIRNIE CRESCENT,,Non-Injury Crash,Yes,2019,,West,,0,,Null,,,,,,Unknown,2177900,0,0.0,0.0,2.0,,,0.0,,,,,,Wellington Region,Nil,2-way,Null,,0.0,0,,50.0,,Null,0.0,0.0,,47,Wellington City,Traffic Signals,,,,,0.0,0.0,Urban,0.0,,,Null,Null,0
66406786,,573101,0.0,,0.0,1.0,,Null,2018/2019,TARANAKI STREET,BUCKLE STREET,,Non-Injury Crash,No,2019,,North,,0,,Flat,,,,,,Unknown,2134700,0,0.0,0.0,5.0,,,0.0,,,,,,Wellington Region,Nil,2-way,Null,,0.0,0,,50.0,,Null,1.0,0.0,,47,Wellington City,Traffic Signals,,,,,0.0,0.0,Urban,0.0,,,Null,Null,0
66406814,,576903,0.0,,0.0,1.0,,Null,2017/2018,SH 1N,WELLINGTON ROAD,,Non-Injury Crash,Yes,2018,,South,,0,,Flat,,,,,,Overcast,2180400,0,0.0,1.0,2.0,,,0.0,,,,,,Wellington Region,Nil,2-way,Sealed,,0.0,0,,50.0,,Null,0.0,0.0,,47,Wellington City,Give way,,,,,0.0,0.0,Urban,0.0,,,Fine,Null,0
66406853,,573000,0.0,,0.0,4.0,,Null,2017/2018,SH 1N,SOUTH PORTAL,,Non-Injury Crash,Yes,2018,,South,,0,,Flat,,,,,,Bright sun,2130600,0,0.0,0.0,3.0,,,0.0,,,,,,Wellington Region,Nil,2-way,Sealed,,0.0,0,,70.0,,Null,0.0,0.0,,47,Wellington City,Unknown,,,,,0.0,0.0,Urban,1.0,,,Fine,Null,0
66406879,,576903,0.0,0.0,0.0,1.0,0.0,North,2019/2020,EVANS BAY PARADE,COBHAM DRIVE,,Non-Injury Crash,No,2019,0.0,Null,0.0,0,0.0,Null,0.0,,0.0,,0.0,Unknown,2179800,0,0.0,0.0,2.0,0.0,0.0,0.0,0.0,1.0,,0.0,0.0,Wellington Region,Nil,2-way,Sealed,0.0,0.0,0,0.0,50.0,0.0,Null,0.0,0.0,,47,Wellington City,Unknown,0.0,0.0,0.0,0.0,0.0,0.0,Urban,0.0,0.0,0.0,Null,Null,0
66406905,,573700,0.0,,0.0,1.0,,Null,2018/2019,EARP ST,FRANKMOORE AVENUE,,Minor Crash,No,2018,,East,,0,,Flat,,,,,,Bright sun,2082500,1,0.0,1.0,2.0,,,0.0,,,,,,Wellington Region,Nil,2-way,Sealed,,0.0,0,,50.0,,Null,0.0,0.0,,47,Wellington City,Give way,,,,,0.0,0.0,Urban,0.0,,,Fine,Null,0