OBJECTID,advisorySpeed,areaUnitID,bicycle,bridge,bus,carStationWagon,cliffBank,crashDirectionDescription,crashFinancialYear,crashLocation1,crashLocation2,crashRoadSideRoad,crashSeverity,crashSHDescription,crashYear,debris,directionRoleDescription,ditch,fatalCount,fence,flatHill,guardRail,holiday,houseOrBuilding,intersection,kerb,light,meshblockId,minorInjuryCount,moped,motorcycle,NumberOfLanes,objectThrownOrDropped,otherObject,otherVehicleType,overBank,parkedVehicle,pedestrian,phoneBoxEtc,postOrPole,region,roadCharacter,roadLane,roadSurface,roadworks,schoolBus,seriousInjuryCount,slipOrFlood,speedLimit,strayAnimal,streetLight,suv,taxi,temporarySpeedLimit,tlaId,tlaName,trafficControl,trafficIsland,trafficSign,train,tree,truck,unknownVehicleType,urban,vanOrUtility,vehicle,waterRiver,weatherA,weatherB,if_pandemic
66406916,,573000,0.0,,0.0,2.0,,Null,2017/2018,WILLIS ST,FLAGSTAFF LANE,,Non-Injury Crash,No,2017,,North,,0,,Flat,,,,,,Bright sun,2128500,0,0.0,0.0,2.0,,,0.0,,,,,,Wellington Region,Nil,2-way,Sealed,,0.0,0,,50.0,,Null,0.0,1.0,,47,Wellington City,Nil,,,,,0.0,0.0,Urban,0.0,,,Fine,Strong wind,0
66406935,,576500,0.0,,0.0,1.0,,Null,2019/2020,MEIN STREET,RIDDIFORD STREET,,Non-Injury Crash,No,2019,,Null,,0,,Flat,,,,,,Bright sun,2148800,0,0.0,0.0,2.0,,,0.0,,,,,,Wellington Region,Nil,2-way,Sealed,,0.0,0,,40.0,,Off,0.0,0.0,,47,Wellington City,Nil,,,,,1.0,0.0,Urban,0.0,,,Fine,Null,0
66407040,,573000,0.0,,0.0,2.0,,Null,2018/2019,Cavendish Drive,,,Non-Injury Crash,No,2018,,Null,,0,,Flat,,,,,,Dark,2127400,0,0.0,0.0,3.0,,,0.0,,,,,,Wellington Region,Nil,2-way,Sealed,,0.0,0,,60.0,,On,0.0,0.0,,47,Wellington City,Traffic Signals,,,,,0.0,0.0,Urban,0.0,,,Light rain,Null,0
66407052,,573526,0.0,,0.0,3.0,,West,2017/2018,SH 2,HOROKIWI ROAD,,Non-Injury Crash,Yes,2017,,West,,0,,Flat,,,,,,Overcast,2086403,0,0.0,0.0,4.0,,,0.0,,,,,,Wellington Region,Nil,2-way,Sealed,,0.0,0,,100.0,,Null,0.0,0.0,,47,Wellington City,Unknown,,,,,0.0,0.0,Open,0.0,,,Fine,Null,0
66407054,,574001,1.0,,0.0,1.0,,Null,2018/2019,NEWLANDS ROAD,BLACK ROCK ROAD,,Minor Crash,No,2019,,Null,,0,,Hill Road,,,,,,Overcast,2077700,1,0.0,0.0,2.0,,,0.0,,,1.0,,,Wellington Region,Nil,2-way,Sealed,,0.0,0,,50.0,,Off,0.0,0.0,,47,Wellington City,Give way,,,,,0.0,0.0,Urban,0.0,,,Light rain,Null,0
66407056,,573200,0.0,,0.0,2.0,,Null,2018/2019,ARO STREET,OHIRO ROAD,,Non-Injury Crash,No,2019,,West,,0,,Flat,,,,,,Bright sun,2157900,0,0.0,0.0,2.0,,,0.0,,,,,,Wellington Region,Nil,2-way,Sealed,,0.0,0,,50.0,,Off,0.0,0.0,,47,Wellington City,Give way,,,,,0.0,0.0,Urban,0.0,,,Fine,Null,0
66407067,,576301,0.0,,0.0,2.0,,Null,2017/2018,JOHN ST,HANSON ST,,Non-Injury Crash,No,2017,,North,,0,,Hill Road,,,,,,Bright sun,2163300,0,0.0,0.0,2.0,,,0.0,,,,,,Wellington Region,Nil,2-way,Sealed,,0.0,0,,50.0,,Null,0.0,0.0,,47,Wellington City,Traffic Signals,,,,,0.0,0.0,Urban,0.0,,,Fine,Null,0
66407179,,577302,0.0,,0.0,2.0,,South,2017/2018,TAUHINU ROAD,BOOTH ST,,Non-Injury Crash,No,2018,,North,,0,,Flat,,,,,,Bright sun,2205701,0,0.0,0.0,2.0,,,0.0,,,,,,Wellington Region,Nil,2-way,Sealed,,0.0,0,,50.0,,Null,0.0,0.0,,47,Wellington City,Nil,,,,,0.0,0.0,Urban,0.0,,,Fine,Strong wind,0
66407190,,573000,0.0,,0.0,1.0,,North,2018/2019,01N-1068-I,EVERTON OBR,,Non-Injury Crash,Yes,2019,,South,,0,,Hill Road,,,,,,Bright sun,2126700,0,0.0,0.0,3.0,,,0.0,,,,,,Wellington Region,Underpass,2-way,Sealed,,0.0,0,,60.0,,Off,1.0,0.0,,47,Wellington City,Unknown,,,,,0.0,0.0,Urban,0.0,,,Fine,Null,0
66407218,,573000,0.0,,0.0,2.0,,Null,2019/2020,WHITMORE STREET,FEATHERSTON STREET,,Minor Crash,No,2019,,North,,0,,Flat,,,,,,Dark,2125100,1,0.0,0.0,5.0,,,0.0,,,,,,Wellington Region,Nil,2-way,Sealed,,0.0,0,,50.0,,On,0.0,1.0,,47,Wellington City,Traffic Signals,,,,,0.0,0.0,Urban,0.0,,,Light rain,Null,0
66407235,,576901,0.0,0.0,0.0,1.0,0.0,East,2017/2018,SH 1N,EVANS BAY PARADE,,Non-Injury Crash,Yes,2018,0.0,North,0.0,0,1.0,Flat,0.0,,0.0,,0.0,Dark,2177800,0,0.0,0.0,2.0,0.0,0.0,0.0,0.0,0.0,,0.0,1.0,Wellington Region,Nil,1-way,Sealed,0.0,0.0,0,0.0,70.0,0.0,On,0.0,0.0,,47,Wellington City,Unknown,0.0,0.0,0.0,1.0,0.0,0.0,Urban,0.0,0.0,0.0,Fine,Null,0
66407284,,573000,0.0,,0.0,1.0,,North,2016/2017,WILLIS ST,CHEWS LANE,,Non-Injury Crash,No,2017,,North,,0,,Flat,,,,,,Overcast,2127300,0,0.0,0.0,2.0,,,0.0,,,1.0,,,Wellington Region,Nil,2-way,Sealed,,0.0,0,,30.0,,Null,0.0,0.0,,47,Wellington City,Unknown,,,,,0.0,0.0,Urban,0.0,,,Fine,Null,0
66407302,,572900,0.0,0.0,0.0,2.0,0.0,Null,2018/2019,GRANT ROAD,POPLAR GROVE,,Non-Injury Crash,No,2018,0.0,North,0.0,0,0.0,Hill Road,0.0,,0.0,,0.0,Overcast,2122900,0,0.0,0.0,2.0,0.0,0.0,0.0,0.0,1.0,,0.0,0.0,Wellington Region,Nil,2-way,Sealed,0.0,0.0,0,0.0,50.0,0.0,Off,0.0,0.0,,47,Wellington City,Nil,0.0,0.0,0.0,0.0,0.0,0.0,Urban,0.0,0.0,0.0,Fine,Null,0
66407319,,575100,0.0,,0.0,1.0,,East,2019/2020,KARORI RD,BURROWS AVENUE,,Minor Crash,No,2019,,South,,0,,Flat,,,,,,Bright sun,2115301,1,0.0,1.0,2.0,,,0.0,,,,,,Wellington Region,Nil,2-way,Sealed,,0.0,0,,50.0,,Off,0.0,0.0,,47,Wellington City,Unknown,,,,,0.0,0.0,Urban,0.0,,,Fine,Null,0
66407354,,575100,0.0,,0.0,0.0,,South,2019/2020,BEATTY AVE,BLAKEY AVENUE,,Serious Crash,No,2019,,North,,0,,Hill Road,,,,,,Bright sun,2115500,0,0.0,0.0,2.0,,,0.0,,,1.0,,,Wellington Region,Nil,2-way,Sealed,,0.0,1,,50.0,,Off,0.0,0.0,,47,Wellington City,Unknown,,,,,1.0,0.0,Urban,0.0,,,Fine,Null,0
66407420,,576800,0.0,,0.0,2.0,,East,2017/2018,SH 1N,EAST PORTAL,,Non-Injury Crash,Yes,2018,,West,,0,,Flat,,,,,,Dark,2181900,0,0.0,0.0,2.0,,,0.0,,,,,,Wellington Region,Nil,2-way,Sealed,,0.0,0,,50.0,,Null,0.0,0.0,,47,Wellington City,Unknown,,,,,0.0,0.0,Urban,0.0,,,Fine,Null,0
66407448,,572600,0.0,0.0,0.0,1.0,0.0,North,2019/2020,DUNCAN STREET,TAWA VALLEY PATHWAY-ARA TAWA,,Non-Injury Crash,No,2019,0.0,South,0.0,0,0.0,Flat,1.0,,0.0,,0.0,Bright sun,1992400,0,0.0,0.0,2.0,0.0,0.0,0.0,0.0,0.0,,0.0,0.0,Wellington Region,Nil,2-way,Sealed,0.0,0.0,0,0.0,50.0,0.0,Off,0.0,0.0,,47,Wellington City,Unknown,0.0,0.0,0.0,0.0,0.0,0.0,Urban,0.0,0.0,0.0,Fine,Null,0
66407455,,576301,1.0,0.0,0.0,0.0,0.0,South,2018/2019,RIDDIFORD ST,HALL STREET,,Non-Injury Crash,No,2018,0.0,North,0.0,0,0.0,Null,0.0,,0.0,,0.0,Unknown,2164600,0,0.0,0.0,4.0,0.0,0.0,0.0,0.0,0.0,,0.0,0.0,Wellington Region,Nil,2-way,Sealed,0.0,0.0,0,0.0,40.0,0.0,Off,0.0,0.0,,47,Wellington City,Unknown,0.0,0.0,0.0,0.0,0.0,1.0,Urban,0.0,1.0,0.0,Null,Null,0
66407551,,577200,0.0,0.0,0.0,2.0,0.0,Null,2018/2019,STONE ST,MIRAMAR AVENUE,,Non-Injury Crash,No,2019,0.0,South,0.0,0,0.0,Flat,0.0,,0.0,,0.0,Bright sun,2207202,0,0.0,0.0,2.0,0.0,0.0,0.0,0.0,1.0,,0.0,0.0,Wellington Region,Nil,2-way,Sealed,0.0,0.0,0,0.0,50.0,0.0,Off,0.0,0.0,,47,Wellington City,Unknown,0.0,0.0,0.0,0.0,0.0,0.0,Urban,0.0,0.0,0.0,Fine,Null,0
66407570,,573101,0.0,,0.0,2.0,,Null,2018/2019,VIVIAN STREET,TORY ST,,Non-Injury Crash,Yes,2019,,East,,0,,Flat,,,,,,Dark,2133900,0,0.0,0.0,2.0,,,0.0,,,,,,Wellington Region,Nil,1-way,Sealed,,0.0,0,,50.0,,On,0.0,0.0,,47,Wellington City,Traffic Signals,,,,,0.0,0.0,Urban,0.0,,,Fine,Null,0
66407631,,576400,1.0,,0.0,1.0,,West,2018/2019,CONSTABLE ST,ALEXANDRA ROAD,,Minor Crash,No,2019,,West,,0,,Hill Road,,,,,,Bright sun,2168300,1,0.0,0.0,2.0,,,0.0,,,,,,Wellington Region,Nil,2-way,Sealed,,0.0,0,,50.0,,Off,0.0,1.0,,47,Wellington City,Unknown,,,,,0.0,0.0,Urban,0.0,,,Fine,Null,0
66407664,,573000,0.0,0.0,0.0,1.0,0.0,Null,2019/2020,WELLINGTON URBAN MOTORWAY,WILLIS STREET,,Minor Crash,Yes,2019,0.0,South,0.0,0,0.0,Flat,0.0,,0.0,,0.0,Dark,2129700,1,0.0,0.0,2.0,0.0,0.0,0.0,0.0,0.0,,0.0,0.0,Wellington Region,Nil,1-way,Sealed,0.0,0.0,0,0.0,50.0,0.0,On,0.0,0.0,,47,Wellington City,Traffic Signals,0.0,1.0,0.0,0.0,0.0,0.0,Urban,0.0,0.0,0.0,Fine,Null,0
66407695,,574401,0.0,0.0,0.0,2.0,0.0,South,2017/2018,GAYA GROVE,VASANTA AVENUE,,Non-Injury Crash,No,2018,0.0,West,0.0,0,0.0,Flat,0.0,,0.0,,0.0,Dark,2093806,0,0.0,0.0,2.0,0.0,0.0,0.0,0.0,1.0,,0.0,0.0,Wellington Region,Nil,2-way,Sealed,0.0,0.0,0,0.0,50.0,0.0,Null,0.0,0.0,,47,Wellington City,Unknown,0.0,0.0,0.0,0.0,0.0,0.0,Urban,0.0,0.0,0.0,Fine,Null,0
66407717,,573903,0.0,0.0,0.0,2.0,0.0,West,2018/2019,NEWLANDS RD,WAKELY ROAD,,Non-Injury Crash,No,2019,0.0,North,0.0,0,0.0,Flat,0.0,,0.0,,0.0,Dark,2075103,0,0.0,0.0,2.0,0.0,0.0,0.0,0.0,0.0,,0.0,1.0,Wellington Region,Nil,2-way,Sealed,0.0,0.0,0,0.0,50.0,0.0,On,0.0,0.0,,47,Wellington City,Unknown,0.0,0.0,0.0,0.0,0.0,0.0,Urban,0.0,0.0,0.0,Fine,Null,0
66407724,,575800,0.0,0.0,0.0,2.0,0.0,Null,2018/2019,THE RIDGEWAY,FARNHAM STREET,,Minor Crash,No,2019,0.0,South,0.0,0,0.0,Hill Road,0.0,,0.0,,0.0,Bright sun,2196700,1,0.0,0.0,2.0,0.0,0.0,0.0,0.0,1.0,,0.0,0.0,Wellington Region,Nil,2-way,Sealed,0.0,0.0,0,0.0,50.0,0.0,Off,0.0,0.0,,47,Wellington City,Give way,1.0,0.0,0.0,1.0,0.0,0.0,Urban,0.0,0.0,0.0,Fine,Null,0
66407768,,573522,0.0,,0.0,2.0,,Null,2018/2019,TAKAPU ROAD,TAWA-GRENADA NORTH OFF RAMP,,Minor Crash,No,2019,,South,,0,,Flat,,,,,,Dark,2053703,2,0.0,0.0,2.0,,,0.0,,,,,,Wellington Region,Nil,2-way,Sealed,,0.0,0,,50.0,,On,0.0,0.0,,47,Wellington City,Stop,,,,,0.0,0.0,Urban,0.0,,,Fine,Null,0
66407797,,572900,0.0,,0.0,2.0,,Null,2018/2019,PARK STREET,BURNELL AVENUE,,Non-Injury Crash,No,2019,,West,,0,,Hill Road,,,,,,Bright sun,2120500,0,0.0,0.0,2.0,,,0.0,,,,,,Wellington Region,Nil,2-way,Sealed,,0.0,0,,50.0,,Off,0.0,0.0,,47,Wellington City,Nil,,,,,0.0,0.0,Urban,0.0,,,Fine,Null,0
66407821,,574900,0.0,,0.0,1.0,,South,2019/2020,MAKARA ROAD,MAKARA SUM,,Non-Injury Crash,No,2019,,South,,0,,Hill Road,,,,,,Twilight,2110006,0,0.0,0.0,2.0,,,0.0,,,,,,Wellington Region,Nil,2-way,Sealed,,0.0,0,,50.0,,None,0.0,0.0,,47,Wellington City,Nil,,,,,0.0,0.0,Urban,1.0,,,Fine,Null,0
66407845,,573700,0.0,,0.0,1.0,,South,2019/2020,JOHNSONVILLE ROAD,DISRAELI STREET,,Non-Injury Crash,No,2019,,South,,0,,Flat,,,,,,Overcast,2083100,0,0.0,1.0,3.0,,,0.0,,,,,,Wellington Region,Nil,2-way,Sealed,,0.0,0,,50.0,,Off,0.0,0.0,,47,Wellington City,Nil,,,,,0.0,0.0,Urban,0.0,,,Fine,Null,0
66407874,,572900,0.0,,0.0,1.0,,South,2018/2019,THORNDON QUAY,MOORE STREET,,Minor Crash,No,2019,,South,,0,,Flat,,,,,,Overcast,2122700,1,0.0,1.0,2.0,,,0.0,,,,,,Wellington Region,Nil,2-way,Sealed,,0.0,0,,50.0,,Off,0.0,0.0,,47,Wellington City,Unknown,,,,,0.0,0.0,Urban,0.0,,,Fine,Null,0
66407901,45.0,573000,0.0,,0.0,1.0,,South,2018/2019,CUSTOMHOUSE QUAY-WEST,WARING TAYLOR STREET,,Non-Injury Crash,No,2019,,North,,0,,Null,,,,,,Overcast,2125500,0,0.0,0.0,3.0,,,0.0,,,,,,Wellington Region,Nil,2-way,Sealed,,0.0,0,,50.0,,None,1.0,0.0,,47,Wellington City,Unknown,,,,,0.0,0.0,Urban,0.0,,,Fine,Null,0
66407930,,573700,1.0,,0.0,1.0,,Null,2018/2019,JOHNSONVILLE ROAD,DISRAELI ST,,Non-Injury Crash,No,2018,,South,,0,,Flat,,,,,,Bright sun,2082900,0,0.0,0.0,2.0,,,0.0,,,,,,Wellington Region,Nil,2-way,Sealed,,0.0,0,,50.0,,Null,0.0,0.0,,47,Wellington City,Give way,,,,,0.0,0.0,Urban,0.0,,,Fine,Null,0
66407968,,574001,0.0,0.0,0.0,1.0,0.0,East,2019/2020,NEWLANDS ROAD,HURRING PLACE,,Non-Injury Crash,No,2020,0.0,South,0.0,0,0.0,Hill Road,0.0,Queens Birthday,0.0,,0.0,Twilight,2077600,0,0.0,0.0,2.0,0.0,0.0,0.0,0.0,1.0,,0.0,0.0,Wellington Region,Nil,2-way,Sealed,0.0,0.0,0,0.0,50.0,0.0,On,0.0,0.0,,47,Wellington City,Nil,0.0,0.0,0.0,0.0,2.0,0.0,Urban,0.0,0.0,0.0,Light rain,Null,1
66407990,,574100,0.0,,0.0,1.0,,South,2018/2019,01N-1060-D,NEWLANDS ON RAMP,,Non-Injury Crash,Yes,2019,,North,,0,,Hill Road,,,,,,Bright sun,2084600,0,0.0,0.0,6.0,,,0.0,,,,,,Wellington Region,Nil,2-way,Sealed,,0.0,0,,80.0,,Off,1.0,0.0,,47,Wellington City,Unknown,,,,,0.0,0.0,Open,0.0,,,Fine,Null,0
66407994,,573700,0.0,,1.0,0.0,,Null,2018/2019,JOHNSONVILLE ROAD,BRODERICK ROAD,,Non-Injury Crash,No,2019,,North,,0,,Flat,,,,,,Bright sun,2082800,0,0.0,0.0,4.0,,,0.0,,,1.0,,,Wellington Region,Nil,2-way,Sealed,,0.0,0,,50.0,,Off,0.0,0.0,,47,Wellington City,Traffic Signals,,,,,0.0,0.0,Urban,0.0,,,Fine,Null,0
66408026,,573000,0.0,0.0,0.0,2.0,0.0,West,2018/2019,CUSTOMHOUSE QUAY,JOHNSTON ST,,Non-Injury Crash,No,2018,0.0,North,0.0,0,0.0,Flat,1.0,,0.0,,0.0,Overcast,2124300,0,0.0,0.0,3.0,0.0,0.0,0.0,0.0,0.0,,0.0,0.0,Wellington Region,Nil,1-way,Sealed,0.0,0.0,0,0.0,50.0,0.0,Null,0.0,0.0,,47,Wellington City,Unknown,0.0,0.0,0.0,1.0,0.0,0.0,Urban,0.0,0.0,0.0,Fine,Null,0
66408029,,573000,0.0,,0.0,2.0,,North,2018/2019,FEATHERSTON ST,PANAMA STREET,,Non-Injury Crash,No,2019,,South,,0,,Flat,,,,,,Bright sun,2125800,0,0.0,0.0,2.0,,,0.0,,,,,,Wellington Region,Nil,1-way,Sealed,,0.0,0,,50.0,,Off,0.0,1.0,,47,Wellington City,Unknown,,,,,0.0,0.0,Urban,0.0,,,Fine,Null,0
66408053,,573000,0.0,,0.0,1.0,,Null,2018/2019,THE TERRACE,MACDONALD CRESCENT,,Non-Injury Crash,No,2019,,South,,0,,Hill Road,,,,,,Dark,2128700,0,1.0,0.0,2.0,,,0.0,,,,,,Wellington Region,Nil,2-way,Sealed,,0.0,0,,50.0,,On,0.0,0.0,,47,Wellington City,Stop,,,,,0.0,0.0,Urban,0.0,,,Fine,Null,0
66408075,,572900,0.0,,0.0,2.0,,North,2017/2018,SH 1N,TERRACE OFF SBD,,Non-Injury Crash,Yes,2018,,South,,0,,Flat,,,,,,Overcast,2122100,0,0.0,0.0,3.0,,,0.0,,,,,,Wellington Region,Nil,1-way,Sealed,,0.0,0,,80.0,,Null,0.0,0.0,,47,Wellington City,Unknown,,,,,0.0,0.0,Open,0.0,,,Light rain,Null,0
66408088,,576301,0.0,0.0,0.0,2.0,0.0,West,2019/2020,HANSON STREET,ADELAIDE ROAD,,Non-Injury Crash,No,2019,0.0,South,0.0,0,0.0,Null,0.0,Christmas New Year,0.0,,0.0,Bright sun,2164500,0,0.0,0.0,2.0,0.0,0.0,0.0,0.0,1.0,,0.0,0.0,Wellington Region,Nil,2-way,Sealed,0.0,0.0,0,0.0,50.0,0.0,Off,0.0,0.0,,47,Wellington City,Nil,0.0,0.0,0.0,0.0,0.0,0.0,Urban,0.0,0.0,0.0,Null,Null,0
66408109,,573400,0.0,0.0,0.0,1.0,0.0,South,2018/2019,AUSTIN ST,DERBY ST,,Non-Injury Crash,No,2019,0.0,South,0.0,0,0.0,Flat,0.0,,0.0,,0.0,Dark,2142200,0,0.0,0.0,1.0,0.0,0.0,0.0,0.0,1.0,,0.0,0.0,Wellington Region,Nil,2-way,Sealed,0.0,0.0,0,0.0,50.0,0.0,On,1.0,0.0,,47,Wellington City,Unknown,0.0,0.0,0.0,0.0,0.0,0.0,Urban,0.0,0.0,0.0,Fine,Null,0
66408120,,575600,0.0,0.0,0.0,1.0,0.0,East,2019/2020,TODMAN STREET,MITCHELL STREET,,Non-Injury Crash,No,2020,0.0,South,0.0,0,0.0,Hill Road,0.0,,0.0,,0.0,Dark,2161501,0,0.0,0.0,2.0,0.0,0.0,0.0,0.0,0.0,,1.0,0.0,Wellington Region,Nil,2-way,Sealed,0.0,0.0,0,0.0,50.0,0.0,On,0.0,0.0,,47,Wellington City,Nil,0.0,0.0,0.0,0.0,0.0,0.0,Urban,0.0,0.0,0.0,Fine,Null,1
66408170,,576002,0.0,0.0,0.0,2.0,0.0,East,2018/2019,JACKSON ST,MELBOURNE ROAD,,Non-Injury Crash,No,2018,0.0,East,0.0,0,0.0,Hill Road,0.0,,0.0,,0.0,Dark,2193000,0,0.0,0.0,2.0,0.0,0.0,0.0,0.0,1.0,,0.0,0.0,Wellington Region,Nil,2-way,Sealed,0.0,0.0,0,0.0,50.0,0.0,On,0.0,0.0,,47,Wellington City,Unknown,0.0,0.0,0.0,0.0,0.0,0.0,Urban,0.0,0.0,0.0,Fine,Null,0
66408171,,576400,0.0,,0.0,0.0,,Null,2018/2019,NEWTOWN AVE,RIDDIFORD ST,,Non-Injury Crash,No,2018,,Null,,0,,Flat,,,,,,Bright sun,2168400,0,0.0,0.0,0.0,,,0.0,,,,,,Wellington Region,Nil,2-way,Sealed,,0.0,0,,,,Off,0.0,0.0,,47,Wellington City,Unknown,,,,,0.0,0.0,Urban,2.0,,,Fine,Null,0
66408185,,574600,0.0,0.0,0.0,2.0,0.0,East,2018/2019,WADESTOWN ROAD,CECIL ROAD,,Non-Injury Crash,No,2018,0.0,East,0.0,0,0.0,Hill Road,0.0,,0.0,,0.0,Bright sun,2100100,0,0.0,0.0,2.0,0.0,0.0,0.0,0.0,1.0,,0.0,0.0,Wellington Region,Nil,2-way,Sealed,0.0,0.0,0,0.0,30.0,0.0,Null,0.0,0.0,,47,Wellington City,Unknown,0.0,0.0,0.0,0.0,0.0,0.0,Urban,0.0,0.0,0.0,Fine,Null,0
66408191,,573101,0.0,,0.0,1.0,,South,2018/2019,CABLE STREET,TORY STREET,,Non-Injury Crash,No,2019,,East,,0,,Flat,,,,,,Unknown,2135200,0,0.0,0.0,3.0,,,0.0,,,,,,Wellington Region,Nil,1-way,Sealed,,0.0,0,,50.0,,Null,0.0,0.0,,47,Wellington City,Nil,,,,,0.0,0.0,Urban,1.0,,,Null,Null,0
66408193,,576500,0.0,0.0,0.0,2.0,0.0,North,2018/2019,ADELAIDE ROAD,DOUGLAS ST,,Non-Injury Crash,No,2018,0.0,South,0.0,0,0.0,Flat,0.0,,0.0,,0.0,Overcast,2147900,0,0.0,0.0,3.0,0.0,0.0,0.0,0.0,1.0,,0.0,0.0,Wellington Region,Nil,2-way,Sealed,0.0,0.0,0,0.0,50.0,0.0,Null,1.0,0.0,,47,Wellington City,Unknown,0.0,0.0,0.0,0.0,0.0,0.0,Urban,0.0,0.0,0.0,Fine,Null,0
66408211,,573000,0.0,0.0,1.0,1.0,0.0,South,2018/2019,WATERLOO QUAY,BUNNY STREET,,Non-Injury Crash,No,2019,0.0,North,0.0,0,0.0,Flat,0.0,,0.0,,0.0,Bright sun,2124300,0,0.0,0.0,3.0,0.0,0.0,0.0,0.0,1.0,,0.0,0.0,Wellington Region,Nil,1-way,Sealed,0.0,0.0,0,0.0,50.0,0.0,Off,0.0,0.0,,47,Wellington City,Unknown,0.0,0.0,0.0,0.0,0.0,0.0,Urban,0.0,0.0,0.0,Fine,Null,0
66408235,,573101,0.0,0.0,0.0,1.0,0.0,North,2018/2019,WILLIS STREET,DIXON STREET,,Non-Injury Crash,No,2018,0.0,Null,0.0,0,0.0,Null,0.0,,0.0,,0.0,Unknown,2131300,0,0.0,0.0,2.0,0.0,0.0,0.0,0.0,1.0,,0.0,0.0,Wellington Region,Nil,2-way,Sealed,0.0,0.0,0,0.0,50.0,0.0,Null,0.0,0.0,,47,Wellington City,Nil,0.0,0.0,0.0,0.0,0.0,1.0,Urban,0.0,0.0,0.0,Null,Null,0
66408314,,573101,0.0,,0.0,1.0,,Null,2018/2019,VIVIAN STREET,VICTORIA STREET,,Minor Crash,Yes,2019,,East,,0,,Flat,,,,,,Bright sun,2131600,1,0.0,0.0,2.0,,,0.0,,,,,,Wellington Region,Nil,1-way,Sealed,,0.0,0,,50.0,,Off,0.0,0.0,,47,Wellington City,Traffic Signals,,,,,0.0,0.0,Urban,1.0,,,Fine,Null,0
66408319,,576901,0.0,,0.0,1.0,,Null,2018/2019,MAHORA STREET,RONGOTAI ROAD,,Non-Injury Crash,No,2018,,North,,0,,Flat,,,,,,Overcast,2178200,0,0.0,0.0,2.0,,,0.0,,,,,,Wellington Region,Nil,2-way,Sealed,,0.0,0,,50.0,,Off,0.0,0.0,,47,Wellington City,Give way,,,,,0.0,0.0,Urban,1.0,,,Fine,Null,0
66408333,,574304,0.0,0.0,0.0,2.0,0.0,North,2018/2019,MANDALAY TCE,CASHMERE AVENUE,,Non-Injury Crash,No,2018,0.0,North,0.0,0,0.0,Hill Road,0.0,,0.0,,0.0,Bright sun,2089803,0,0.0,0.0,1.0,0.0,0.0,0.0,0.0,1.0,,0.0,0.0,Wellington Region,Nil,2-way,Sealed,0.0,0.0,0,0.0,50.0,0.0,Off,0.0,0.0,,47,Wellington City,Unknown,0.0,0.0,0.0,0.0,0.0,0.0,Urban,0.0,0.0,0.0,Fine,Null,0
66408344,,577200,0.0,,0.0,2.0,,West,2019/2020,MIRAMAR AVENUE,STONE STREET,,Non-Injury Crash,No,2020,,East,,0,,Flat,,Christmas New Year,,,,Overcast,2206200,0,0.0,0.0,2.0,,,0.0,,,,,,Wellington Region,Nil,2-way,Sealed,,0.0,0,,30.0,,Off,0.0,0.0,,47,Wellington City,Nil,,,,,0.0,0.0,Urban,0.0,,,Fine,Strong wind,1
66408418,,576901,0.0,,0.0,1.0,,East,2017/2018,SH 1N,EVANS BAY PARADE,,Non-Injury Crash,Yes,2018,,West,,0,,Flat,,,,,,Overcast,2177800,0,0.0,0.0,3.0,,,0.0,,,,,,Wellington Region,Nil,1-way,Sealed,,0.0,0,,50.0,,Null,0.0,1.0,,47,Wellington City,Unknown,,,,,1.0,0.0,Urban,0.0,,,Light rain,Null,0
66408434,,572900,0.0,0.0,0.0,1.0,0.0,North,2018/2019,WADESTOWN ROAD,GRANT ROAD,,Non-Injury Crash,No,2018,0.0,North,0.0,0,0.0,Hill Road,1.0,,0.0,,0.0,Dark,2120200,0,0.0,0.0,2.0,0.0,0.0,0.0,0.0,0.0,,0.0,1.0,Wellington Region,Nil,2-way,Sealed,0.0,0.0,0,0.0,50.0,0.0,On,0.0,0.0,,47,Wellington City,Unknown,0.0,0.0,0.0,0.0,0.0,0.0,Urban,0.0,0.0,0.0,Fine,Null,0
66408439,,573300,0.0,,0.0,0.0,,North,2018/2019,SH 1N,BUCKLE ST,,Non-Injury Crash,Yes,2018,,West,,0,,Hill Road,,,,,,Overcast,2145602,0,0.0,0.0,3.0,,,0.0,,,,,,Wellington Region,Nil,1-way,Sealed,,0.0,0,,50.0,,Null,0.0,0.0,,47,Wellington City,Unknown,,,,,0.0,0.0,Urban,2.0,,,Fine,Null,0
66408482,,574900,0.0,,0.0,2.0,,South,2018/2019,VICTORY AVENUE,TOBRUK ST,,Non-Injury Crash,No,2018,,South,,0,,Hill Road,,,,,,Overcast,2109303,0,0.0,0.0,2.0,,,0.0,,,,,,Wellington Region,Nil,2-way,Sealed,,0.0,0,,50.0,,Null,0.0,0.0,,47,Wellington City,Unknown,,,,,0.0,0.0,Urban,0.0,,,Fine,Null,0
66408486,,574900,0.0,,0.0,1.0,,Null,2019/2020,KARORI ROAD,PARKVALE ROAD,,Minor Crash,No,2019,,South,,0,,Flat,,,,,,Twilight,2109000,1,0.0,0.0,2.0,,,0.0,,,1.0,,,Wellington Region,Nil,2-way,Sealed,,0.0,0,,50.0,,On,0.0,0.0,,47,Wellington City,Traffic Signals,,,,,0.0,0.0,Urban,0.0,,,Fine,Null,0