OBJECTID,advisorySpeed,areaUnitID,bicycle,bridge,bus,carStationWagon,cliffBank,crashDirectionDescription,crashFinancialYear,crashLocation1,crashLocation2,crashRoadSideRoad,crashSeverity,crashSHDescription,crashYear,debris,directionRoleDescription,ditch,fatalCount,fence,flatHill,guardRail,holiday,houseOrBuilding,intersection,kerb,light,meshblockId,minorInjuryCount,moped,motorcycle,NumberOfLanes,objectThrownOrDropped,otherObject,otherVehicleType,overBank,parkedVehicle,pedestrian,phoneBoxEtc,postOrPole,region,roadCharacter,roadLane,roadSurface,roadworks,schoolBus,seriousInjuryCount,slipOrFlood,speedLimit,strayAnimal,streetLight,suv,taxi,temporarySpeedLimit,tlaId,tlaName,trafficControl,trafficIsland,trafficSign,train,tree,truck,unknownVehicleType,urban,vanOrUtility,vehicle,waterRiver,weatherA,weatherB,if_pandemic
66408500,,577200,0.0,,0.0,1.0,,Null,2018/2019,CALABAR ROAD,BROADWAY,,Non-Injury Crash,Yes,2019,,South,,0,,Flat,,,,,,Dark,2209200,0,0.0,0.0,4.0,,,0.0,,,,,,Wellington Region,Nil,2-way,Sealed,,0.0,0,,50.0,,On,0.0,1.0,,47,Wellington City,Give way,,,,,0.0,0.0,Urban,1.0,,,Fine,Null,0
66408505,,572900,0.0,0.0,0.0,1.0,0.0,North,2018/2019,THORNDON QUAY,SLIP ROAD,,Minor Crash,No,2019,0.0,North,0.0,0,0.0,Flat,0.0,,0.0,,0.0,Bright sun,2122700,2,0.0,0.0,3.0,0.0,0.0,0.0,0.0,1.0,1.0,0.0,1.0,Wellington Region,Nil,2-way,Sealed,0.0,0.0,0,0.0,50.0,0.0,Null,0.0,0.0,,47,Wellington City,Unknown,0.0,0.0,0.0,0.0,0.0,0.0,Urban,1.0,0.0,0.0,Fine,Null,0
66408547,,576400,0.0,0.0,0.0,2.0,0.0,North,2018/2019,RUSSELL TCE,WARIPORI STREET,,Non-Injury Crash,No,2019,0.0,South,0.0,0,0.0,Null,0.0,,0.0,,0.0,Twilight,2171001,0,0.0,0.0,0.0,0.0,0.0,0.0,0.0,1.0,,0.0,0.0,Wellington Region,Nil,Null,Sealed,0.0,0.0,0,0.0,,0.0,Off,0.0,0.0,,47,Wellington City,Unknown,0.0,0.0,0.0,0.0,0.0,0.0,Urban,0.0,0.0,0.0,Null,Null,0
66408580,,574304,0.0,0.0,0.0,0.0,0.0,East,2018/2019,BURMA ROAD,KOHIMA DRIVE,,Non-Injury Crash,No,2018,0.0,West,0.0,0,1.0,Flat,0.0,,0.0,,0.0,Bright sun,2088800,0,0.0,0.0,2.0,0.0,0.0,0.0,0.0,0.0,,0.0,0.0,Wellington Region,Nil,2-way,Sealed,0.0,0.0,0,0.0,50.0,0.0,Null,0.0,0.0,,47,Wellington City,Unknown,0.0,0.0,0.0,0.0,0.0,0.0,Urban,1.0,0.0,0.0,Fine,Null,0
66408629,,573514,0.0,,0.0,3.0,,North,2019/2020,01N-1060-D,JOHNSONVILLE ON RAMP,,Minor Crash,Yes,2019,,North,,0,,Flat,,,,,,Bright sun,2081100,1,0.0,0.0,2.0,,,0.0,,,,,,Wellington Region,Nil,1-way,Sealed,,0.0,0,,100.0,,Off,0.0,0.0,,47,Wellington City,Unknown,,,,,0.0,0.0,Open,1.0,,,Fine,Null,0
66408635,,573300,0.0,0.0,0.0,0.0,0.0,West,2018/2019,DOUGLAS ST,MYRTLE CRESCENT,,Minor Crash,No,2019,0.0,East,0.0,0,0.0,Hill Road,0.0,,0.0,,0.0,Overcast,2145700,1,0.0,0.0,1.0,0.0,0.0,0.0,0.0,0.0,,0.0,1.0,Wellington Region,Nil,2-way,Sealed,0.0,0.0,0,0.0,50.0,0.0,Off,0.0,0.0,,47,Wellington City,Unknown,0.0,0.0,0.0,0.0,1.0,0.0,Urban,0.0,0.0,0.0,Fine,Null,0
66408641,,576100,0.0,,0.0,3.0,,East,2018/2019,QUEENS DRIVE,THE ESPLANADE,,Non-Injury Crash,No,2018,,East,,0,,Flat,,,,,,Bright sun,2195800,0,0.0,0.0,2.0,,,0.0,,,,,,Wellington Region,Nil,2-way,Sealed,,0.0,0,,80.0,,Null,0.0,0.0,,47,Wellington City,Unknown,,,,,0.0,0.0,Open,0.0,,,Fine,Null,0
66408661,,576301,0.0,,0.0,1.0,,Null,2019/2020,RIDDIFORD STREET,NORMANBY STREET,,Non-Injury Crash,No,2019,,North,,0,,Flat,,,,,,Bright sun,2165500,0,0.0,0.0,2.0,,,0.0,,,,,,Wellington Region,Nil,2-way,Sealed,,0.0,0,,50.0,,Off,1.0,0.0,,47,Wellington City,Give way,,,,,0.0,0.0,Urban,0.0,,,Fine,Null,0
66408669,,573101,0.0,,0.0,2.0,,East,2018/2019,DIXON ST,EVA STREET,,Non-Injury Crash,No,2019,,Null,,0,,Null,,,,,,Unknown,2133401,0,0.0,0.0,2.0,,,0.0,,,,,,Wellington Region,Nil,1-way,Null,,0.0,0,,30.0,,Null,0.0,0.0,,47,Wellington City,Unknown,,,,,0.0,0.0,Urban,0.0,,,Null,Null,0
66408677,,573000,0.0,,0.0,1.0,,Null,2018/2019,HUNTER STREET,CUSTOMHOUSE QUAY,,Non-Injury Crash,No,2019,,Null,,0,,Null,,,,,,Unknown,2125800,0,0.0,0.0,3.0,,,0.0,,,,,,Wellington Region,Nil,1-way,Null,,0.0,0,,50.0,,Null,0.0,0.0,,47,Wellington City,Traffic Signals,,,,,0.0,1.0,Urban,0.0,,,Null,Null,0
66408715,,573000,0.0,,0.0,1.0,,Null,2017/2018,FEATHERSTON ST,PANAMA ST,,Non-Injury Crash,No,2018,,South,,0,,Flat,,,,,,Bright sun,2125800,0,0.0,0.0,2.0,,,0.0,,,,,,Wellington Region,Nil,1-way,Sealed,,0.0,0,,50.0,,Null,0.0,0.0,,47,Wellington City,Traffic Signals,,,,,1.0,0.0,Urban,0.0,,,Fine,Null,0
66408770,,576901,0.0,,0.0,4.0,,Null,2018/2019,COUTTS STREET,BAY ROAD,,Non-Injury Crash,No,2018,,West,,0,,Flat,,,,,,Bright sun,2178500,0,0.0,0.0,2.0,,,0.0,,,,,,Wellington Region,Nil,2-way,Sealed,,0.0,0,,50.0,,Off,0.0,0.0,,47,Wellington City,Give way,,,,,0.0,0.0,Urban,0.0,,,Fine,Null,0
66408785,,572900,0.0,,0.0,1.0,,Null,2018/2019,TINAKORI ROAD,THORNDON QUAY,,Non-Injury Crash,No,2018,,East,,0,,Flat,,,,,,Bright sun,2118400,0,0.0,0.0,2.0,,,0.0,,,,,,Wellington Region,Nil,2-way,Sealed,,0.0,0,,50.0,,Null,0.0,0.0,,47,Wellington City,Give way,,,,,0.0,0.0,Urban,1.0,,,Fine,Null,0
66408788,,573400,0.0,,0.0,2.0,,Null,2018/2019,PIRIE STREET,AUSTIN STREET,,Non-Injury Crash,No,2019,,West,,0,,Hill Road,,Easter,,,,Overcast,2141900,0,0.0,0.0,2.0,,,0.0,,,,,,Wellington Region,Nil,2-way,Sealed,,0.0,0,,50.0,,Off,0.0,0.0,,47,Wellington City,Stop,,,,,0.0,0.0,Urban,0.0,,,Fine,Null,0
66408809,,573300,0.0,0.0,0.0,3.0,0.0,South,2018/2019,HOPPER ST,WEBB ST,,Non-Injury Crash,No,2018,0.0,North,0.0,0,0.0,Flat,0.0,,0.0,,0.0,Bright sun,2144300,0,0.0,0.0,2.0,0.0,0.0,0.0,0.0,2.0,,0.0,0.0,Wellington Region,Nil,2-way,Sealed,0.0,0.0,0,0.0,50.0,0.0,Null,0.0,0.0,,47,Wellington City,Unknown,0.0,0.0,0.0,0.0,0.0,0.0,Urban,1.0,0.0,0.0,Fine,Null,0
66408830,,573000,0.0,,1.0,0.0,,Null,2018/2019,WATERLOO QUAY,BUNNY STREET,,Non-Injury Crash,No,2018,,South,,0,,Flat,,,,,,Bright sun,2124300,0,0.0,0.0,3.0,,,0.0,,,,,,Wellington Region,Nil,2-way,Sealed,,0.0,0,,50.0,,Off,1.0,0.0,,47,Wellington City,Traffic Signals,,,,,0.0,0.0,Urban,0.0,,,Fine,Null,0
66408848,,573700,0.0,,0.0,1.0,,North,2019/2020,JOHNSONVILLE PORIRUA MOTORWAY,JVILLE OBR,,Minor Crash,Yes,2020,,North,,0,,Hill Road,,,,,,Dark,2083100,1,0.0,1.0,4.0,,,0.0,,,,,,Wellington Region,Nil,2-way,Sealed,,0.0,0,,80.0,,On,0.0,0.0,,47,Wellington City,Nil,,,,,0.0,0.0,Open,0.0,,,Fine,Null,1
66408867,,575200,0.0,,0.0,1.0,,South,2019/2020,GARDEN RD,NORTHLAND ROAD,,Serious Crash,No,2019,,West,,0,,Hill Road,,,,,,Overcast,2150300,1,0.0,0.0,2.0,,,0.0,,,,,,Wellington Region,Nil,2-way,Sealed,,0.0,1,,50.0,,Off,0.0,0.0,,47,Wellington City,Unknown,,,,,0.0,0.0,Urban,0.0,,,Light rain,Null,0
66408876,,573000,0.0,,0.0,1.0,,North,2018/2019,01N-1068/05.72,SOUTH PORTAL,,Non-Injury Crash,Yes,2018,,Null,,0,,Null,,,,,,Unknown,2130600,0,0.0,0.0,3.0,,,0.0,,,,,,Wellington Region,Nil,2-way,Null,,0.0,0,,70.0,,Null,0.0,0.0,,47,Wellington City,Unknown,,,,,0.0,1.0,Urban,0.0,,,Null,Null,0
66408890,,576500,0.0,,0.0,2.0,,Null,2017/2018,ADELAIDE ROAD,RUGBY ST,,Non-Injury Crash,Yes,2018,,West,,0,,Flat,,,,,,Bright sun,2147900,0,0.0,0.0,2.0,,,0.0,,,,,,Wellington Region,Nil,1-way,Sealed,,0.0,0,,50.0,,Null,0.0,0.0,,47,Wellington City,Traffic Signals,,,,,0.0,0.0,Urban,0.0,,,Fine,Null,0
66408925,,576400,0.0,0.0,0.0,3.0,0.0,South,2018/2019,DANIELL ST,MEIN STREET,,Non-Injury Crash,No,2018,0.0,South,0.0,0,0.0,Flat,0.0,,0.0,,0.0,Overcast,2167100,0,0.0,0.0,2.0,0.0,0.0,0.0,0.0,1.0,,0.0,0.0,Wellington Region,Nil,2-way,Sealed,0.0,0.0,0,0.0,50.0,0.0,Off,0.0,0.0,,47,Wellington City,Unknown,0.0,0.0,0.0,0.0,0.0,0.0,Urban,0.0,0.0,0.0,Fine,Frost,0
66408942,,573000,0.0,,0.0,1.0,,Null,2018/2019,WHITMORE STREET,FEATHERSTON STREET,,Serious Crash,No,2019,,North,,0,,Flat,,,,,,Bright sun,2124300,0,0.0,1.0,6.0,,,0.0,,,,,,Wellington Region,Nil,2-way,Sealed,,0.0,1,,50.0,,Null,0.0,0.0,,47,Wellington City,Traffic Signals,,,,,0.0,0.0,Urban,0.0,,,Fine,Null,0
66408969,,573101,0.0,0.0,0.0,3.0,0.0,East,2018/2019,GHUZNEE ST,CUBA STREET,,Non-Injury Crash,No,2019,0.0,South,0.0,0,0.0,Flat,0.0,,0.0,,0.0,Overcast,2133500,0,0.0,0.0,2.0,0.0,0.0,0.0,0.0,1.0,,0.0,0.0,Wellington Region,Nil,2-way,Sealed,0.0,0.0,0,0.0,50.0,0.0,Off,0.0,0.0,,47,Wellington City,Unknown,0.0,0.0,0.0,0.0,0.0,0.0,Urban,0.0,0.0,0.0,Fine,Null,0
66408997,,574200,0.0,,0.0,1.0,,Null,2019/2020,JOHN SIMS DRIVE,BURMA ROAD,,Non-Injury Crash,No,2019,,South,,0,,Flat,,,,,,Bright sun,2087700,0,0.0,0.0,2.0,,,0.0,,,,,,Wellington Region,Nil,2-way,Sealed,,0.0,0,,50.0,,Off,0.0,0.0,,47,Wellington City,Give way,,,,,1.0,0.0,Urban,0.0,,,Fine,Null,0
66409003,45.0,574100,0.0,0.0,0.0,1.0,1.0,West,2018/2019,NEWLANDS ROAD OFF RAMP,SH 1N,,Non-Injury Crash,No,2018,0.0,North,0.0,0,0.0,Hill Road,0.0,,0.0,,0.0,Twilight,2084600,0,0.0,0.0,2.0,0.0,0.0,0.0,0.0,0.0,,0.0,1.0,Wellington Region,Motorway ramp,2-way,Sealed,0.0,0.0,0,0.0,80.0,0.0,On,0.0,0.0,,47,Wellington City,Unknown,0.0,0.0,0.0,0.0,0.0,0.0,Open,0.0,0.0,0.0,Light rain,Null,0
66409018,,574500,0.0,0.0,0.0,1.0,0.0,North,2018/2019,SH 1N,AOTEA ON NBD,,Non-Injury Crash,Yes,2018,0.0,North,0.0,0,0.0,Flat,0.0,,0.0,,0.0,Bright sun,2093600,0,0.0,0.0,4.0,0.0,0.0,0.0,0.0,0.0,,0.0,0.0,Wellington Region,Nil,1-way,Sealed,1.0,0.0,0,0.0,100.0,0.0,Null,0.0,0.0,,47,Wellington City,Unknown,0.0,0.0,0.0,0.0,0.0,0.0,Open,0.0,0.0,0.0,Fine,Null,0
66409031,,575200,0.0,,1.0,0.0,,South,2018/2019,HARBOUR VIEW RD,NORTHLAND ROAD,,Minor Crash,No,2019,,North,,0,,Hill Road,,,,,,Overcast,2150800,1,0.0,1.0,2.0,,,0.0,,,,,,Wellington Region,Nil,2-way,Sealed,,0.0,0,,50.0,,Off,0.0,0.0,,47,Wellington City,Unknown,,,,,0.0,0.0,Urban,0.0,,,Fine,Null,0
66409042,,573000,0.0,,0.0,2.0,,Null,2018/2019,JERVOIS QUAY,HUNTER STREET,,Non-Injury Crash,No,2018,,North,,0,,Flat,,,,,,Overcast,2125900,0,0.0,0.0,6.0,,,0.0,,,,,,Wellington Region,Nil,2-way,Sealed,,0.0,0,,50.0,,Off,0.0,0.0,,47,Wellington City,Traffic Signals,,,,,0.0,0.0,Urban,0.0,,,Light rain,Null,0
66409085,,576002,0.0,0.0,0.0,2.0,0.0,South,2019/2020,THE PARADE,HUMBER STREET,,Non-Injury Crash,No,2019,0.0,Null,0.0,0,0.0,Flat,0.0,,0.0,,0.0,Overcast,2189400,0,0.0,0.0,2.0,0.0,0.0,0.0,0.0,1.0,,0.0,0.0,Wellington Region,Nil,2-way,Sealed,0.0,0.0,0,0.0,50.0,0.0,Off,0.0,0.0,,47,Wellington City,Unknown,0.0,0.0,0.0,0.0,0.0,0.0,Urban,0.0,0.0,0.0,Null,Null,0
66409127,,577000,0.0,,0.0,0.0,,Null,2018/2019,STEWART DUFF DRIVE,BROADWAY,,Non-Injury Crash,No,2019,,North,,0,,Null,,,,,,Dark,2175700,0,0.0,0.0,2.0,,,0.0,,,,,,Wellington Region,Nil,2-way,Unsealed,,0.0,0,,50.0,,On,0.0,0.0,,47,Wellington City,Give way,,,,,0.0,0.0,Urban,2.0,,,Fine,Null,0
66409128,,573101,0.0,0.0,0.0,2.0,0.0,South,2019/2020,COURTENAY PLACE,TARANAKI STREET,,Non-Injury Crash,No,2020,0.0,East,0.0,0,0.0,Flat,0.0,,0.0,,0.0,Bright sun,2135600,0,0.0,0.0,2.0,0.0,0.0,0.0,0.0,1.0,,0.0,0.0,Wellington Region,Nil,2-way,Sealed,0.0,0.0,0,0.0,50.0,0.0,Off,0.0,0.0,,47,Wellington City,Nil,0.0,0.0,0.0,0.0,0.0,0.0,Urban,0.0,0.0,0.0,Fine,Null,1
66409132,,573101,0.0,0.0,0.0,2.0,0.0,North,2017/2018,EGMONT ST,GHUZNEE ST,,Non-Injury Crash,No,2018,0.0,North,0.0,0,0.0,Flat,0.0,,0.0,,0.0,Bright sun,2133408,0,0.0,0.0,1.0,0.0,0.0,0.0,0.0,1.0,,0.0,0.0,Wellington Region,Nil,2-way,Sealed,0.0,0.0,0,0.0,50.0,0.0,Null,0.0,0.0,,47,Wellington City,Unknown,0.0,0.0,0.0,0.0,0.0,0.0,Urban,0.0,0.0,0.0,Fine,Null,0
66409133,,577102,0.0,,0.0,1.0,,East,2018/2019,TANNADYCE ST,STRATHMORE AVENUE,,Non-Injury Crash,No,2018,,Null,,0,,Hill Road,,,,,,Overcast,2214100,0,0.0,0.0,2.0,,,0.0,,,,,,Wellington Region,Nil,2-way,Sealed,,0.0,0,,50.0,,Off,1.0,0.0,,47,Wellington City,Unknown,,,,,0.0,0.0,Urban,0.0,,,Fine,Null,0
66409235,,573526,0.0,,0.0,3.0,,West,2018/2019,002-0962/12.86-D,HUTT ROAD,,Minor Crash,Yes,2019,,East,,0,,Flat,,,,,,Twilight,2086403,1,0.0,0.0,4.0,,,0.0,,,,,,Wellington Region,Nil,2-way,Sealed,,0.0,0,,100.0,,On,0.0,0.0,,47,Wellington City,Unknown,,,,,0.0,0.0,Open,0.0,,,Fine,Null,0
66409381,,576700,0.0,0.0,0.0,1.0,0.0,Null,2019/2020,CARLTON GORE RD,,,Non-Injury Crash,No,2019,0.0,Null,0.0,0,0.0,Hill Road,0.0,,0.0,,0.0,Overcast,2186500,0,0.0,0.0,2.0,0.0,0.0,0.0,0.0,1.0,,0.0,0.0,Wellington Region,Nil,2-way,Sealed,0.0,0.0,0,0.0,50.0,0.0,Off,0.0,0.0,,47,Wellington City,Nil,0.0,0.0,0.0,0.0,0.0,0.0,Urban,0.0,0.0,0.0,Fine,Null,0
66409390,,575200,0.0,0.0,0.0,2.0,0.0,South,2019/2020,GLENMORE STREET,COLLINS TERRACE,,Non-Injury Crash,No,2019,0.0,South,0.0,0,0.0,Null,0.0,,0.0,,0.0,Unknown,2151300,0,0.0,0.0,2.0,0.0,0.0,0.0,0.0,1.0,,0.0,0.0,Wellington Region,Nil,2-way,Null,0.0,0.0,0,0.0,50.0,0.0,Null,0.0,0.0,,47,Wellington City,Unknown,0.0,0.0,0.0,0.0,0.0,0.0,Urban,0.0,0.0,0.0,Null,Null,0
66409430,,573526,0.0,,0.0,1.0,,West,2018/2019,002-0962/12.86-D,HOROKIWI ROAD,,Non-Injury Crash,Yes,2019,,East,,0,,Flat,,,,,,Dark,2086403,0,0.0,0.0,2.0,,,0.0,,,,,,Wellington Region,Nil,1-way,Sealed,,0.0,0,,100.0,,On,1.0,0.0,,47,Wellington City,Unknown,,,,,0.0,0.0,Open,0.0,,,Fine,Null,0
66409440,,573300,0.0,,0.0,2.0,,East,2019/2020,01N-1075/00.13-D,BELFAST STREET,,Non-Injury Crash,Yes,2019,,West,,0,,Flat,,,,,,Dark,2145602,0,0.0,0.0,3.0,,,0.0,,,,,,Wellington Region,Nil,1-way,Sealed,,0.0,0,,50.0,,On,0.0,0.0,,47,Wellington City,Unknown,,,,,0.0,0.0,Urban,0.0,,,Fine,Null,0
66409446,,574500,0.0,0.0,0.0,2.0,0.0,North,2019/2020,HUTT RD,WESTMINSTER STREET,,Minor Crash,No,2019,0.0,South,0.0,0,0.0,Flat,0.0,,0.0,,0.0,Twilight,2093300,1,0.0,0.0,4.0,0.0,0.0,0.0,0.0,1.0,,0.0,0.0,Wellington Region,Nil,2-way,Sealed,0.0,0.0,0,0.0,60.0,0.0,On,0.0,0.0,,47,Wellington City,Unknown,0.0,0.0,0.0,0.0,0.0,0.0,Urban,0.0,0.0,0.0,Fine,Null,0
66409468,,573400,0.0,,1.0,1.0,,Null,2018/2019,ORIENTAL PARADE,CABLE STREET,,Non-Injury Crash,No,2019,,North,,0,,Flat,,,,,,Overcast,2138900,0,0.0,0.0,2.0,,,0.0,,,,,,Wellington Region,Nil,1-way,Sealed,,0.0,0,,50.0,,Off,0.0,0.0,,47,Wellington City,Traffic Signals,,,,,0.0,0.0,Urban,0.0,,,Null,Null,0
66409495,,573526,0.0,,0.0,3.0,,West,2018/2019,002-0962/12.86-D,SERVICE STN NTH,,Minor Crash,No,2019,,North,,0,,Flat,,,,,,Twilight,2077503,1,0.0,0.0,4.0,,,0.0,,,,,,Wellington Region,Nil,2-way,Sealed,,0.0,0,,100.0,,On,0.0,0.0,60.0,47,Wellington City,Unknown,,,,,0.0,0.0,Open,1.0,,,Fine,Null,0
66409569,,573523,0.0,0.0,0.0,1.0,0.0,South,2018/2019,01N-1060-I,CHURTON PARK-GLENSIDE ON RAMP,,Minor Crash,Yes,2019,0.0,South,0.0,0,0.0,Flat,1.0,,0.0,,0.0,Overcast,2086310,1,0.0,0.0,2.0,0.0,0.0,0.0,0.0,0.0,,0.0,0.0,Wellington Region,Nil,1-way,Sealed,0.0,0.0,0,0.0,100.0,0.0,None,0.0,0.0,,47,Wellington City,Unknown,0.0,0.0,0.0,0.0,0.0,0.0,Open,0.0,0.0,0.0,Light rain,Null,0
66409575,,573101,0.0,,0.0,2.0,,Null,2018/2019,CAMBRIDGE TERRACE,LORNE STREET,,Non-Injury Crash,No,2018,,North,,0,,Null,,,,,,Unknown,2136500,0,0.0,0.0,3.0,,,0.0,,,,,,Wellington Region,Nil,1-way,Sealed,,0.0,0,,50.0,,Null,0.0,0.0,,47,Wellington City,Nil,,,,,0.0,0.0,Urban,0.0,,,Null,Null,0
66409698,,577200,0.0,,0.0,3.0,,Null,2018/2019,CALEDONIA STREET,KAURI STREET,,Minor Crash,No,2019,,West,,0,,Flat,,,,,,Dark,2207100,1,0.0,0.0,2.0,,,0.0,,,,,,Wellington Region,Nil,2-way,Sealed,,0.0,0,,50.0,,On,0.0,0.0,,47,Wellington City,Stop,,,,,0.0,0.0,Urban,0.0,,,Fine,Null,0
66409736,,576301,0.0,,0.0,0.0,,West,2019/2020,JOHN STREET,ADELAIDE ROAD,,Non-Injury Crash,No,2019,,Null,,0,,Null,,,,,,Bright sun,2163400,0,0.0,0.0,3.0,,,0.0,,,,,,Wellington Region,Nil,2-way,Sealed,,0.0,0,,50.0,,Off,0.0,0.0,,47,Wellington City,Nil,,,,,0.0,0.0,Urban,2.0,,,Null,Null,0
66409741,,572900,0.0,,0.0,1.0,,North,2018/2019,THORNDON QUAY,DAVIS STREET,,Non-Injury Crash,No,2019,,North,,0,,Flat,,,,,,Overcast,2117901,0,0.0,0.0,2.0,,,0.0,,,,,,Wellington Region,Nil,2-way,Sealed,,0.0,0,,50.0,,Off,1.0,0.0,,47,Wellington City,Unknown,,,,,0.0,0.0,Urban,0.0,,,Fine,Null,0
66409750,,574001,0.0,0.0,1.0,1.0,0.0,South,2019/2020,NEWLANDS RD,BLACK ROCK RD,,Minor Crash,No,2019,0.0,North,0.0,0,0.0,Flat,0.0,,0.0,,0.0,Bright sun,2077700,1,0.0,0.0,2.0,0.0,0.0,0.0,0.0,1.0,,0.0,0.0,Wellington Region,Nil,2-way,Sealed,0.0,0.0,0,0.0,50.0,0.0,Off,0.0,0.0,,47,Wellington City,Unknown,0.0,0.0,0.0,0.0,0.0,0.0,Urban,0.0,0.0,0.0,Fine,Null,0
66409792,,576002,1.0,,0.0,1.0,,Null,2019/2020,THE PARADE,TRENT STREET,,Non-Injury Crash,No,2019,,South,,0,,Flat,,,,,,Unknown,2189500,0,0.0,0.0,2.0,,,0.0,,,,,,Wellington Region,Nil,2-way,Sealed,,0.0,0,,50.0,,Null,0.0,0.0,,47,Wellington City,Stop,,,,,0.0,0.0,Urban,0.0,,,Null,Null,0
66409837,,577301,0.0,0.0,0.0,2.0,0.0,South,2018/2019,DARLINGTON RD,CAMPERDOWN ROAD,,Non-Injury Crash,No,2019,0.0,South,0.0,0,0.0,Flat,0.0,,0.0,,0.0,Dark,2203800,0,0.0,0.0,2.0,0.0,0.0,0.0,0.0,1.0,,0.0,0.0,Wellington Region,Nil,2-way,Sealed,0.0,0.0,0,0.0,50.0,0.0,On,0.0,0.0,,47,Wellington City,Unknown,0.0,0.0,0.0,0.0,0.0,0.0,Urban,0.0,0.0,0.0,Fine,Null,0
66409841,,573300,0.0,,0.0,1.0,,Null,2018/2019,RUGBY STREET,ADELAIDE ROAD,,Non-Injury Crash,Yes,2018,,West,,0,,Null,,,,,,Unknown,2145602,0,0.0,0.0,3.0,,,0.0,,,,,,Wellington Region,Nil,1-way,Sealed,,0.0,0,,50.0,,Null,0.0,0.0,,47,Wellington City,Traffic Signals,,,,,0.0,0.0,Urban,1.0,,,Null,Null,0
66409850,,573000,0.0,,0.0,2.0,,Null,2018/2019,WILLESTON STREET,WILLIS STREET,,Non-Injury Crash,No,2019,,West,,0,,Flat,,,,,,Unknown,2127400,0,0.0,0.0,2.0,,,0.0,,,,,,Wellington Region,Nil,1-way,Sealed,,0.0,0,,30.0,,Off,0.0,0.0,,47,Wellington City,Traffic Signals,,,,,0.0,0.0,Urban,0.0,,,Fine,Null,0
66409890,,573000,0.0,,0.0,2.0,,Null,2018/2019,WHITMORE STREET,FEATHERSTON STREET,,Non-Injury Crash,No,2019,,North,,0,,Flat,,,,,,Overcast,2125100,0,0.0,0.0,5.0,,,0.0,,,,,,Wellington Region,Nil,2-way,Sealed,,0.0,0,,50.0,,On,0.0,0.0,,47,Wellington City,Traffic Signals,,,,,0.0,0.0,Urban,0.0,,,Fine,Null,0
66409918,,576500,0.0,,0.0,2.0,,South,2018/2019,ADELAIDE ROAD,ALFRED ST,,Non-Injury Crash,No,2018,,South,,0,,Flat,,,,,,Overcast,2147900,0,0.0,0.0,3.0,,,0.0,,,,,,Wellington Region,Nil,2-way,Sealed,,0.0,0,,50.0,,Null,0.0,0.0,,47,Wellington City,Give way,,,,,0.0,0.0,Urban,0.0,,,Fine,Null,0
66409954,,574701,0.0,0.0,0.0,2.0,0.0,Null,2018/2019,CHURCHILL DR,,,Minor Crash,No,2019,0.0,South,0.0,0,0.0,Flat,0.0,,0.0,,0.0,Bright sun,2097900,1,0.0,0.0,2.0,0.0,0.0,0.0,0.0,0.0,,0.0,0.0,Wellington Region,Nil,2-way,Sealed,0.0,0.0,0,0.0,50.0,0.0,Off,0.0,0.0,,47,Wellington City,Nil,0.0,1.0,0.0,0.0,0.0,0.0,Urban,0.0,0.0,0.0,Fine,Null,0
66409965,,574702,0.0,,0.0,0.0,,Null,2018/2019,WILTON ROAD,CHURCHILL DRIVE,,Non-Injury Crash,No,2019,,South,,0,,Flat,,,,,,Overcast,2103800,0,0.0,0.0,2.0,,,0.0,,,,,,Wellington Region,Nil,2-way,Sealed,,0.0,0,,50.0,,None,0.0,0.0,,47,Wellington City,Give way,,,,,0.0,0.0,Urban,1.0,,,Fine,Null,0
66410023,,574100,0.0,0.0,1.0,1.0,0.0,Null,2018/2019,FRASER AVE,HAUMIA STREET,,Non-Injury Crash,No,2019,0.0,South,0.0,0,0.0,Null,0.0,,0.0,,0.0,Overcast,2084500,0,0.0,0.0,2.0,0.0,0.0,0.0,0.0,1.0,,0.0,0.0,Wellington Region,Nil,2-way,Sealed,0.0,0.0,0,0.0,50.0,0.0,Off,0.0,0.0,,47,Wellington City,Give way,0.0,0.0,0.0,0.0,0.0,0.0,Urban,0.0,0.0,0.0,Null,Null,0
66410055,,575701,0.0,0.0,0.0,0.0,0.0,South,2018/2019,WASHINGTON AVE,Connaught Terrace,,Non-Injury Crash,No,2018,0.0,North,0.0,0,0.0,Hill Road,0.0,,0.0,,0.0,Unknown,2199600,0,0.0,0.0,2.0,0.0,0.0,0.0,0.0,1.0,,0.0,0.0,Wellington Region,Nil,2-way,Sealed,0.0,0.0,0,0.0,50.0,0.0,Null,1.0,0.0,,47,Wellington City,Unknown,0.0,0.0,0.0,0.0,0.0,1.0,Urban,0.0,0.0,0.0,Null,Null,0
66410135,,576800,0.0,0.0,0.0,2.0,0.0,East,2018/2019,HUIA RD,Hataitai Road,,Non-Injury Crash,No,2019,0.0,North,0.0,0,0.0,Hill Road,0.0,,0.0,,0.0,Dark,2182100,0,0.0,0.0,2.0,0.0,0.0,0.0,0.0,1.0,,0.0,0.0,Wellington Region,Nil,2-way,Sealed,0.0,0.0,0,0.0,50.0,0.0,On,0.0,0.0,,47,Wellington City,Unknown,0.0,0.0,0.0,0.0,0.0,0.0,Urban,0.0,0.0,0.0,Fine,Null,0