OBJECTID,advisorySpeed,areaUnitID,bicycle,bridge,bus,carStationWagon,cliffBank,crashDirectionDescription,crashFinancialYear,crashLocation1,crashLocation2,crashRoadSideRoad,crashSeverity,crashSHDescription,crashYear,debris,directionRoleDescription,ditch,fatalCount,fence,flatHill,guardRail,holiday,houseOrBuilding,intersection,kerb,light,meshblockId,minorInjuryCount,moped,motorcycle,NumberOfLanes,objectThrownOrDropped,otherObject,otherVehicleType,overBank,parkedVehicle,pedestrian,phoneBoxEtc,postOrPole,region,roadCharacter,roadLane,roadSurface,roadworks,schoolBus,seriousInjuryCount,slipOrFlood,speedLimit,strayAnimal,streetLight,suv,taxi,temporarySpeedLimit,tlaId,tlaName,trafficControl,trafficIsland,trafficSign,train,tree,truck,unknownVehicleType,urban,vanOrUtility,vehicle,waterRiver,weatherA,weatherB,if_pandemic
66410139,,573903,0.0,0.0,0.0,1.0,0.0,North,2018/2019,NEWLANDS RD,STELLA GROVE,,Non-Injury Crash,No,2018,0.0,North,0.0,0,0.0,Hill Road,0.0,,0.0,,0.0,Unknown,2073900,0,0.0,0.0,2.0,0.0,0.0,0.0,0.0,1.0,,0.0,0.0,Wellington Region,Nil,2-way,Sealed,0.0,0.0,0,0.0,50.0,0.0,Null,0.0,0.0,,47,Wellington City,Unknown,0.0,0.0,0.0,0.0,0.0,0.0,Urban,0.0,0.0,0.0,Null,Null,0
66410167,,575300,0.0,0.0,0.0,0.0,1.0,South,2019/2020,GLENMORE ST,UPLAND ROAD,,Non-Injury Crash,No,2019,0.0,North,0.0,0,0.0,Hill Road,0.0,,0.0,,0.0,Dark,2152600,0,0.0,0.0,3.0,0.0,0.0,0.0,0.0,0.0,,0.0,0.0,Wellington Region,Nil,2-way,Sealed,0.0,0.0,0,0.0,50.0,0.0,On,1.0,0.0,,47,Wellington City,Unknown,0.0,0.0,0.0,0.0,0.0,0.0,Urban,0.0,0.0,0.0,Heavy rain,Null,0
66410175,,573101,0.0,,0.0,2.0,,East,2018/2019,CABLE ST,CHAFFERS ST,,Non-Injury Crash,No,2019,,West,,0,,Null,,,,,,Unknown,2135500,0,0.0,0.0,3.0,,,0.0,,,,,,Wellington Region,Nil,1-way,Sealed,,0.0,0,,50.0,,Null,0.0,1.0,,47,Wellington City,Nil,,,,,0.0,0.0,Urban,0.0,,,Null,Null,0
66410189,,577700,0.0,,0.0,1.0,,South,2018/2019,SOUTH KARORI RD,HAZLEWOOD AVENUE,,Non-Injury Crash,No,2019,,South,,0,,Hill Road,,,,,,Bright sun,2116400,0,0.0,0.0,2.0,,,0.0,,,,,,Wellington Region,Nil,2-way,Sealed,,0.0,0,,50.0,,None,0.0,0.0,,47,Wellington City,Unknown,,,,,0.0,0.0,Urban,1.0,,,Fine,Null,0
66410212,,576400,0.0,0.0,0.0,1.0,0.0,West,2017/2018,MEIN ST,DANIELL ST,,Non-Injury Crash,No,2018,0.0,East,0.0,0,0.0,Flat,0.0,,0.0,,0.0,Bright sun,2167100,0,0.0,0.0,2.0,0.0,0.0,0.0,0.0,1.0,,0.0,0.0,Wellington Region,Nil,2-way,Sealed,0.0,0.0,0,0.0,40.0,0.0,Null,1.0,0.0,,47,Wellington City,Nil,0.0,0.0,0.0,0.0,0.0,0.0,Urban,0.0,0.0,0.0,Fine,Null,0
66410217,,576301,0.0,0.0,1.0,0.0,0.0,North,2018/2019,RINTOUL ST,MILLWARD ST,,Non-Injury Crash,No,2018,0.0,South,0.0,0,0.0,Hill Road,0.0,,0.0,,0.0,Overcast,2165000,0,0.0,0.0,2.0,0.0,0.0,0.0,0.0,1.0,,0.0,0.0,Wellington Region,Nil,2-way,Sealed,0.0,0.0,0,0.0,50.0,0.0,Null,1.0,0.0,,47,Wellington City,Unknown,0.0,0.0,0.0,0.0,0.0,0.0,Urban,0.0,0.0,0.0,Fine,Null,0
66410239,,575000,0.0,,0.0,2.0,,South,2018/2019,WAIAPU RD,KARORI TUNNEL,,Non-Injury Crash,No,2018,,South,,0,,Flat,,,,,,Bright sun,2111401,0,0.0,0.0,2.0,,,0.0,,,,,,Wellington Region,Nil,2-way,Sealed,,0.0,0,,50.0,,None,0.0,0.0,,47,Wellington City,Unknown,,,,,0.0,0.0,Urban,0.0,,,Fine,Strong wind,0
66410248,,573101,1.0,,0.0,1.0,,Null,2018/2019,VICTORIA STREET,ABEL SMITH STREET,,Non-Injury Crash,No,2019,,North,,0,,Null,,,,,,Unknown,2132400,0,0.0,0.0,2.0,,,0.0,,,,,,Wellington Region,Nil,2-way,Sealed,,0.0,0,,50.0,,Null,0.0,0.0,,47,Wellington City,Give way,,,,,0.0,0.0,Urban,0.0,,,Null,Null,0
66410263,,573101,0.0,,0.0,2.0,,Null,2017/2018,CUBA STREET,VIVIAN STREET,,Non-Injury Crash,No,2017,,North,,0,,Flat,,,,,,Dark,2132100,0,0.0,0.0,2.0,,,0.0,,,,,,Wellington Region,Nil,2-way,Sealed,,0.0,0,,30.0,,On,0.0,0.0,,47,Wellington City,Traffic Signals,,,,,0.0,0.0,Urban,0.0,,,Fine,Null,0
66410325,,573000,0.0,0.0,0.0,1.0,0.0,North,2018/2019,THE TERRACE,SALAMANCA ROAD,,Non-Injury Crash,No,2019,0.0,Null,0.0,0,0.0,Hill Road,0.0,,0.0,,0.0,Overcast,2128200,0,0.0,0.0,0.0,0.0,0.0,0.0,0.0,1.0,,0.0,0.0,Wellington Region,Nil,2-way,Sealed,0.0,0.0,0,0.0,50.0,0.0,Off,0.0,0.0,,47,Wellington City,Unknown,0.0,0.0,0.0,0.0,0.0,0.0,Urban,0.0,0.0,0.0,Fine,Null,0
66410333,,576500,0.0,,0.0,0.0,,Null,2019/2020,MEIN STREET,MINERVA STREET,,Minor Crash,No,2019,,West,,0,,Hill Road,,,,,,Overcast,2149200,2,1.0,0.0,2.0,,,0.0,,,,,,Wellington Region,Nil,2-way,Sealed,,0.0,0,,50.0,,Off,0.0,0.0,,47,Wellington City,Nil,,,,,0.0,0.0,Urban,0.0,,,Light rain,Null,0
66410345,,573101,0.0,,0.0,0.0,,Null,2018/2019,TORY STREET,LORNE STREET,,Non-Injury Crash,No,2019,,South,,0,,Flat,,Queens Birthday,,,,Dark,2136000,0,0.0,0.0,2.0,,,0.0,,,,,,Wellington Region,Nil,2-way,Sealed,,0.0,0,,50.0,,On,0.0,0.0,,47,Wellington City,Give way,,,,,0.0,0.0,Urban,1.0,,,Light rain,Strong wind,0
66410374,,574800,0.0,0.0,0.0,1.0,0.0,North,2018/2019,WILTON ROAD,WORCESTER ST,,Non-Injury Crash,No,2018,0.0,North,1.0,0,0.0,Flat,0.0,,0.0,,0.0,Overcast,2104100,0,0.0,0.0,2.0,0.0,0.0,0.0,1.0,0.0,,0.0,0.0,Wellington Region,Nil,2-way,Sealed,0.0,0.0,0,0.0,50.0,0.0,Null,0.0,0.0,,47,Wellington City,Unknown,0.0,0.0,0.0,0.0,0.0,0.0,Urban,0.0,0.0,0.0,Light rain,Strong wind,0
66410383,,573101,0.0,,0.0,2.0,,North,2018/2019,TARANAKI ST,LUKES LANE,,Non-Injury Crash,No,2018,,North,,0,,Flat,,,,,,Dark,2133200,0,0.0,0.0,3.0,,,0.0,,,,,,Wellington Region,Nil,2-way,Sealed,,0.0,0,,50.0,,On,0.0,0.0,,47,Wellington City,Unknown,,,,,0.0,0.0,Urban,0.0,,,Fine,Null,0
66410387,,573101,0.0,0.0,0.0,1.0,0.0,South,2017/2018,MARKET LANE,CABLE ST,,Non-Injury Crash,No,2018,0.0,North,0.0,0,0.0,Flat,0.0,,0.0,,0.0,Overcast,2133100,0,0.0,0.0,1.0,0.0,0.0,0.0,0.0,1.0,,0.0,0.0,Wellington Region,Nil,1-way,Sealed,0.0,0.0,0,0.0,50.0,0.0,Null,1.0,0.0,,47,Wellington City,Unknown,0.0,0.0,0.0,0.0,0.0,0.0,Urban,0.0,0.0,0.0,Null,Null,0
66410455,,573000,0.0,,0.0,1.0,,West,2018/2019,GREY ST,CUSTOMHOUSE QUAY,,Non-Injury Crash,No,2018,,West,,0,,Flat,,,,,,Overcast,2125800,0,0.0,0.0,2.0,,,0.0,,,,,,Wellington Region,Nil,2-way,Sealed,,0.0,0,,50.0,,Null,0.0,1.0,,47,Wellington City,Unknown,,,,,0.0,0.0,Urban,1.0,,,Fine,Null,0
66410487,,573700,0.0,,0.0,2.0,,South,2018/2019,JOHNSONVILLE RD,DISRAELI STREET,,Minor Crash,No,2019,,North,,0,,Flat,,,,,,Bright sun,2083100,1,0.0,0.0,2.0,,,0.0,,,,,,Wellington Region,Nil,2-way,Sealed,,0.0,0,,50.0,,Off,0.0,0.0,,47,Wellington City,Unknown,,,,,0.0,0.0,Urban,0.0,,,Fine,Null,0
66410491,,576800,0.0,,0.0,3.0,,West,2017/2018,SH 1N,EAST PORTAL,,Non-Injury Crash,Yes,2018,,West,,0,,Flat,,,,,,Twilight,2181700,0,0.0,0.0,2.0,,,0.0,,,,,,Wellington Region,Nil,2-way,Sealed,,0.0,0,,50.0,,On,0.0,1.0,,47,Wellington City,Unknown,,,,,0.0,0.0,Urban,0.0,,,Null,Null,0
66410492,,572900,0.0,0.0,0.0,2.0,0.0,North,2017/2018,TINAKORI ROAD,HOBSON ST,,Non-Injury Crash,No,2018,0.0,North,0.0,0,0.0,Hill Road,0.0,,0.0,,0.0,Overcast,2120300,0,0.0,0.0,2.0,0.0,0.0,0.0,0.0,1.0,,0.0,0.0,Wellington Region,Nil,2-way,Sealed,0.0,0.0,0,0.0,50.0,0.0,Null,0.0,0.0,,47,Wellington City,Unknown,0.0,0.0,0.0,0.0,0.0,0.0,Urban,0.0,0.0,0.0,Fine,Null,0
66410493,,576301,0.0,,0.0,1.0,,Null,2019/2020,ADELAIDE ROAD,JOHN STREET,,Non-Injury Crash,No,2019,,South,,0,,Flat,,,,,,Dark,2163400,0,0.0,1.0,2.0,,,0.0,,,,,,Wellington Region,Nil,2-way,Sealed,,0.0,0,,50.0,,On,0.0,0.0,,47,Wellington City,Traffic Signals,,,,,0.0,0.0,Urban,0.0,,,Fine,Null,0
66410494,,573101,1.0,,0.0,0.0,,Null,2019/2020,EBOR STREET,TORY STREET,,Non-Injury Crash,No,2019,,East,,0,,Null,,,,,,Unknown,2136000,0,0.0,0.0,2.0,,,0.0,,,1.0,,,Wellington Region,Nil,2-way,Sealed,,0.0,0,,50.0,,Null,0.0,0.0,,47,Wellington City,Traffic Signals,,,,,0.0,0.0,Urban,0.0,,,Null,Null,0
66410499,,573101,0.0,,0.0,0.0,,Null,2016/2017,VICTORIA STREET,EDWARD STREET,,Minor Crash,No,2016,,South,,0,,Flat,,,,,,Dark,2131300,1,0.0,0.0,2.0,,,0.0,,,1.0,,,Wellington Region,Nil,1-way,Sealed,,0.0,0,,50.0,,On,1.0,0.0,,47,Wellington City,Traffic Signals,,,,,0.0,0.0,Urban,0.0,,,Fine,Null,0
66410552,,574500,0.0,,0.0,2.0,,North,2019/2020,HUTT ROAD,AOTEA QUAY,,Non-Injury Crash,No,2019,,North,,0,,Flat,,Christmas New Year,,,,Overcast,2093600,0,0.0,0.0,4.0,,,0.0,,,,,,Wellington Region,Nil,2-way,Sealed,,0.0,0,,60.0,,Off,0.0,0.0,,47,Wellington City,Unknown,,,,,0.0,0.0,Urban,0.0,,,Fine,Null,0
66410566,,573700,0.0,0.0,0.0,2.0,0.0,North,2019/2020,JOHNSONVILLE RD,BRODERICK ROAD,,Non-Injury Crash,No,2019,0.0,North,0.0,0,0.0,Null,0.0,,0.0,,0.0,Unknown,2082800,0,0.0,0.0,2.0,0.0,0.0,0.0,0.0,1.0,,0.0,0.0,Wellington Region,Nil,2-way,Sealed,0.0,0.0,0,0.0,50.0,0.0,Null,0.0,0.0,,47,Wellington City,Unknown,0.0,0.0,0.0,0.0,0.0,0.0,Urban,0.0,0.0,0.0,Null,Null,0
66410621,,575701,0.0,,1.0,1.0,,Null,2019/2020,MILLS ROAD,GOWRIE STREET,,Minor Crash,No,2020,,North,,0,,Flat,,,,,,Bright sun,2199700,1,0.0,0.0,2.0,,,0.0,,,,,,Wellington Region,Nil,2-way,Sealed,,0.0,0,,50.0,,Off,0.0,0.0,,47,Wellington City,Nil,,,,,0.0,0.0,Urban,0.0,,,Fine,Null,1
66410668,,573700,0.0,,0.0,1.0,,Null,2017/2018,MOOREFIELD ROAD,BASSETT ROAD,,Non-Injury Crash,No,2018,,North,,0,,Hill Road,,Queens Birthday,,,,Overcast,2082300,0,0.0,0.0,2.0,,,0.0,,,,,,Wellington Region,Nil,1-way,Sealed,,0.0,0,,50.0,,Null,1.0,0.0,,47,Wellington City,Give way,,,,,0.0,0.0,Urban,0.0,,,Null,Null,0
66410732,,573101,0.0,0.0,0.0,2.0,0.0,East,2018/2019,CABLE ST,CHAFFERS STREET,,Non-Injury Crash,No,2019,0.0,North,0.0,0,0.0,Flat,0.0,,0.0,,0.0,Overcast,2135500,0,0.0,0.0,3.0,0.0,0.0,0.0,0.0,1.0,,0.0,0.0,Wellington Region,Nil,1-way,Sealed,0.0,0.0,0,0.0,50.0,0.0,Off,0.0,0.0,,47,Wellington City,Nil,0.0,0.0,0.0,0.0,0.0,0.0,Urban,0.0,0.0,0.0,Fine,Null,0
66410736,,577000,0.0,0.0,0.0,1.0,0.0,North,2018/2019,FREYBERG ST,WHA STREET,,Non-Injury Crash,No,2019,0.0,Null,0.0,0,0.0,Flat,0.0,,0.0,,0.0,Bright sun,2173600,0,0.0,0.0,2.0,0.0,0.0,0.0,0.0,1.0,,0.0,0.0,Wellington Region,Nil,2-way,Sealed,0.0,0.0,0,0.0,50.0,0.0,Off,0.0,0.0,,47,Wellington City,Nil,0.0,0.0,0.0,0.0,0.0,0.0,Urban,0.0,0.0,0.0,Fine,Null,0
66410760,,572900,0.0,0.0,0.0,1.0,0.0,North,2020/2021,AOTEA QUAY ON RAMP,AOTEA OBR,,Minor Crash,No,2020,0.0,North,0.0,0,0.0,Flat,1.0,,0.0,,0.0,Overcast,2118400,1,0.0,0.0,1.0,0.0,0.0,0.0,0.0,0.0,,0.0,0.0,Wellington Region,Underpass,1-way,Sealed,0.0,0.0,0,0.0,70.0,0.0,Off,0.0,0.0,,47,Wellington City,Nil,0.0,0.0,0.0,0.0,0.0,0.0,Urban,0.0,0.0,0.0,Light rain,Null,1
66410789,,573101,0.0,0.0,0.0,0.0,0.0,Null,2019/2020,ABEL SMITH STREET,KELVIN GROVE,,Non-Injury Crash,No,2019,0.0,West,0.0,0,0.0,Null,0.0,,0.0,,0.0,Unknown,2134600,0,0.0,0.0,2.0,0.0,0.0,0.0,0.0,1.0,,0.0,0.0,Wellington Region,Nil,2-way,Null,0.0,0.0,0,0.0,50.0,0.0,Null,1.0,0.0,,47,Wellington City,Nil,0.0,0.0,0.0,0.0,1.0,0.0,Urban,0.0,0.0,0.0,Null,Null,0
66410803,,572900,0.0,0.0,0.0,1.0,0.0,Null,2017/2018,SLIP,HINEMOA ST,,Non-Injury Crash,No,2018,0.0,South,0.0,0,1.0,Flat,0.0,,0.0,,0.0,Dark,2118400,0,0.0,0.0,4.0,0.0,0.0,0.0,0.0,0.0,,0.0,0.0,Wellington Region,Nil,2-way,Sealed,0.0,0.0,0,0.0,50.0,0.0,On,0.0,0.0,,47,Wellington City,Traffic Signals,0.0,0.0,0.0,0.0,0.0,0.0,Urban,0.0,0.0,0.0,Fine,Null,0
66410840,,575000,1.0,0.0,0.0,1.0,0.0,Null,2019/2020,BIRDWOOD STREET,BRAITHWAITE STREET,,Minor Crash,No,2020,0.0,South,0.0,0,0.0,Hill Road,0.0,,0.0,,0.0,Bright sun,2111100,1,0.0,0.0,2.0,0.0,0.0,0.0,0.0,1.0,,0.0,0.0,Wellington Region,Nil,2-way,Sealed,0.0,0.0,0,0.0,50.0,0.0,Off,0.0,0.0,,47,Wellington City,Give way,0.0,0.0,0.0,0.0,0.0,0.0,Urban,0.0,0.0,0.0,Fine,Null,1
66410866,,575300,0.0,0.0,0.0,1.0,0.0,North,2018/2019,KELBURN PDE,GLASGOW ST,,Non-Injury Crash,No,2019,0.0,Null,0.0,0,0.0,Null,0.0,,0.0,,0.0,Unknown,2155300,0,0.0,0.0,0.0,0.0,0.0,0.0,0.0,1.0,,0.0,0.0,Wellington Region,Nil,Null,Null,0.0,0.0,0,0.0,,0.0,Null,0.0,0.0,,47,Wellington City,Unknown,0.0,0.0,0.0,0.0,0.0,0.0,Urban,1.0,0.0,0.0,Null,Null,0
66410867,,576100,0.0,0.0,0.0,1.0,0.0,East,2017/2018,THE ESPLANADE,BRIGHTON ST,,Non-Injury Crash,No,2018,0.0,West,0.0,0,0.0,Flat,0.0,,0.0,,0.0,Overcast,2194804,0,0.0,0.0,2.0,0.0,1.0,0.0,0.0,0.0,,0.0,0.0,Wellington Region,Nil,2-way,Unsealed,0.0,0.0,0,0.0,50.0,0.0,Null,0.0,0.0,30.0,47,Wellington City,Unknown,0.0,0.0,0.0,0.0,0.0,0.0,Urban,0.0,0.0,0.0,Fine,Null,0
66410883,,572500,0.0,0.0,0.0,2.0,0.0,North,2018/2019,PEMBROKE ST,MAGDALEN ST,,Non-Injury Crash,No,2019,0.0,North,0.0,0,0.0,Hill Road,0.0,,0.0,,0.0,Bright sun,1988000,0,0.0,0.0,1.0,0.0,0.0,0.0,0.0,1.0,,0.0,0.0,Wellington Region,Nil,2-way,Sealed,0.0,0.0,0,0.0,50.0,0.0,Off,0.0,0.0,,47,Wellington City,Unknown,0.0,0.0,0.0,0.0,0.0,0.0,Urban,0.0,0.0,0.0,Fine,Null,0
66410943,,573511,0.0,0.0,0.0,1.0,0.0,South,2018/2019,SH 1N,WESTCHESTER OBR NBD,,Non-Injury Crash,Yes,2018,0.0,North,0.0,0,0.0,Flat,1.0,,0.0,,0.0,Bright sun,2086203,0,0.0,0.0,2.0,0.0,0.0,0.0,0.0,0.0,,0.0,0.0,Wellington Region,Nil,1-way,Sealed,0.0,0.0,0,0.0,100.0,0.0,Null,0.0,0.0,,47,Wellington City,Unknown,0.0,0.0,0.0,0.0,0.0,0.0,Open,0.0,0.0,0.0,Fine,Null,0
66410959,,576400,0.0,0.0,0.0,2.0,0.0,East,2017/2018,MEIN ST,DANIELL ST,,Non-Injury Crash,No,2018,0.0,East,0.0,0,0.0,Hill Road,0.0,,0.0,,0.0,Bright sun,2167400,0,0.0,0.0,2.0,0.0,0.0,0.0,0.0,1.0,,0.0,0.0,Wellington Region,Nil,2-way,Sealed,0.0,0.0,0,0.0,50.0,0.0,Null,0.0,0.0,,47,Wellington City,Unknown,0.0,0.0,0.0,0.0,0.0,0.0,Urban,0.0,0.0,0.0,Fine,Null,0
66410966,,577301,0.0,,0.0,2.0,,Null,2019/2020,CAMPERDOWN ROAD,WEKA STREET,,Non-Injury Crash,No,2019,,Null,,0,,Flat,,,,,,Bright sun,2202900,0,0.0,0.0,2.0,,,0.0,,,,,,Wellington Region,Nil,2-way,Sealed,,0.0,0,,50.0,,Off,0.0,0.0,,47,Wellington City,Nil,,,,,0.0,0.0,Urban,0.0,,,Fine,Null,0
66411022,,575300,0.0,0.0,1.0,1.0,0.0,North,2018/2019,KELBURN PDE,GLASGOW STREET,,Non-Injury Crash,No,2019,0.0,West,0.0,0,0.0,Hill Road,0.0,,0.0,,0.0,Twilight,2154400,0,0.0,0.0,2.0,0.0,0.0,0.0,0.0,1.0,,0.0,0.0,Wellington Region,Nil,2-way,Sealed,0.0,0.0,0,0.0,50.0,0.0,On,0.0,1.0,,47,Wellington City,Unknown,0.0,0.0,0.0,0.0,0.0,0.0,Urban,0.0,0.0,0.0,Fine,Null,0
66411027,,573101,0.0,,0.0,0.0,,Null,2017/2018,COURTENAY PLACE,TORY ST,,Non-Injury Crash,No,2018,,East,,0,,Flat,,,,,,Bright sun,2135600,0,0.0,0.0,2.0,,,0.0,,,,,,Wellington Region,Nil,2-way,Sealed,,0.0,0,,30.0,,Null,0.0,0.0,,47,Wellington City,Traffic Signals,,,,,1.0,0.0,Urban,1.0,,,Fine,Null,0
66411091,,573101,0.0,,0.0,1.0,,Null,2017/2018,SH 1N,VICTORIA ST,,Non-Injury Crash,Yes,2018,,West,,0,,Flat,,,,,,Overcast,2131600,0,0.0,0.0,3.0,,,0.0,,,1.0,,,Wellington Region,Nil,1-way,Sealed,,0.0,0,,50.0,,Null,0.0,0.0,,47,Wellington City,Traffic Signals,,,,,0.0,0.0,Urban,0.0,,,Null,Null,0
66411137,,573000,0.0,,0.0,1.0,,Null,2018/2019,THE TERRACE,MAURICE TERRACE,,Minor Crash,No,2019,,South,,0,,Hill Road,,,,,,Dark,2128700,1,1.0,0.0,2.0,,,0.0,,,,,,Wellington Region,Nil,2-way,Sealed,,0.0,0,,50.0,,On,0.0,0.0,,47,Wellington City,Nil,,,,,0.0,0.0,Urban,0.0,,,Fine,Null,0
66411146,,572900,0.0,,0.0,1.0,,Null,2018/2019,MOLESWORTH STREET,AITKEN STREET,,Minor Crash,No,2019,,North,,0,,Hill Road,,,,,,Bright sun,2122500,1,0.0,0.0,2.0,,,0.0,,,1.0,,,Wellington Region,Nil,1-way,Sealed,,0.0,0,,50.0,,Off,0.0,1.0,,47,Wellington City,Traffic Signals,,,,,0.0,0.0,Urban,0.0,,,Fine,Null,0
66411168,,573526,0.0,,0.0,1.0,,West,2019/2020,002-0962/12.85-I,HUTT ROAD ON RAMP,,Minor Crash,Yes,2019,,West,,0,,Flat,,,,,,Bright sun,2086403,1,0.0,0.0,2.0,,,0.0,,,,,,Wellington Region,Nil,1-way,Sealed,,0.0,0,,100.0,,Off,2.0,0.0,80.0,47,Wellington City,Unknown,,,,,0.0,0.0,Open,0.0,,,Fine,Null,0
66411173,,576500,0.0,0.0,0.0,1.0,0.0,East,2018/2019,MEIN STREET,RIDDIFORD STREET,,Non-Injury Crash,No,2018,0.0,North,0.0,0,0.0,Null,0.0,,0.0,,0.0,Bright sun,2148800,0,0.0,0.0,2.0,0.0,0.0,0.0,0.0,1.0,,0.0,0.0,Wellington Region,Nil,2-way,Sealed,0.0,0.0,0,0.0,50.0,0.0,Off,0.0,0.0,,47,Wellington City,Nil,0.0,0.0,0.0,0.0,0.0,0.0,Urban,1.0,0.0,0.0,Fine,Null,0
66411182,,574600,0.0,0.0,0.0,1.0,0.0,South,2018/2019,SAR ST,BARNARD ST,,Non-Injury Crash,No,2018,0.0,West,0.0,0,0.0,Hill Road,1.0,Christmas New Year,0.0,,0.0,Dark,2099400,0,0.0,0.0,1.0,0.0,0.0,0.0,0.0,0.0,,0.0,0.0,Wellington Region,Nil,2-way,Sealed,0.0,0.0,0,0.0,50.0,0.0,On,0.0,0.0,,47,Wellington City,Unknown,0.0,0.0,0.0,0.0,0.0,0.0,Urban,0.0,0.0,0.0,Fine,Null,0
66411208,,574002,0.0,,0.0,0.0,,South,2019/2020,HUTT ROAD,HUTT ROAD OFF RAMP,,Non-Injury Crash,No,2020,,South,,0,,Flat,,,,,,Overcast,2078302,0,0.0,1.0,5.0,,,0.0,,,,,,Wellington Region,Nil,2-way,Sealed,,0.0,0,,80.0,,Off,0.0,0.0,,47,Wellington City,Nil,,,,,1.0,0.0,Open,0.0,,,Fine,Null,1
66411209,,573523,0.0,0.0,0.0,2.0,0.0,East,2018/2019,MARK AVENUE,CARONI WAY,,Non-Injury Crash,No,2018,0.0,West,0.0,0,0.0,Hill Road,0.0,,0.0,,0.0,Overcast,2086304,0,0.0,0.0,2.0,0.0,0.0,0.0,0.0,1.0,,0.0,0.0,Wellington Region,Nil,2-way,Sealed,0.0,0.0,0,0.0,50.0,0.0,Null,0.0,0.0,,47,Wellington City,Unknown,0.0,0.0,0.0,0.0,0.0,0.0,Urban,0.0,0.0,0.0,Fine,Null,0
66411214,,576800,0.0,0.0,0.0,0.0,0.0,North,2018/2019,HATAITAI RD,HUIA ROAD,,Non-Injury Crash,No,2018,0.0,North,0.0,0,0.0,Hill Road,0.0,,0.0,,0.0,Unknown,2184300,0,0.0,0.0,0.0,0.0,0.0,0.0,0.0,1.0,,0.0,0.0,Wellington Region,Nil,2-way,Sealed,0.0,0.0,0,0.0,50.0,0.0,Null,1.0,0.0,,47,Wellington City,Unknown,0.0,0.0,0.0,0.0,0.0,0.0,Urban,0.0,0.0,0.0,Null,Null,0
66411228,,573300,0.0,,0.0,2.0,,South,2017/2018,SH 1N,BUCKLE ST,,Non-Injury Crash,Yes,2018,,North,,0,,Flat,,Easter,,,,Overcast,2145602,0,0.0,0.0,2.0,,,0.0,,,,,,Wellington Region,Nil,1-way,Sealed,,0.0,0,,50.0,,Null,0.0,0.0,,47,Wellington City,Unknown,,,,,0.0,0.0,Urban,0.0,,,Fine,Null,0
66411231,,574303,0.0,,1.0,1.0,,West,2017/2018,SH 1N,SH 2,,Non-Injury Crash,Yes,2018,,East,,0,,Flat,,,,,,Twilight,2090402,0,0.0,0.0,4.0,,,0.0,,,,,,Wellington Region,Nil,1-way,Sealed,,0.0,0,,100.0,,None,0.0,0.0,60.0,47,Wellington City,Unknown,,,,,0.0,0.0,Open,0.0,,,Light rain,Null,0
66411238,,573000,0.0,,0.0,1.0,,Null,2018/2019,CUSTOMHOUSE QUAY,WARING TAYLOR STREET,,Non-Injury Crash,No,2019,,South,,0,,Flat,,,,,,Bright sun,2124300,0,0.0,0.0,3.0,,,0.0,,,,,,Wellington Region,Nil,1-way,Sealed,,0.0,0,,50.0,,Off,0.0,0.0,,47,Wellington City,Traffic Signals,,,,,0.0,0.0,Urban,1.0,,,Fine,Null,0
66411243,,576903,0.0,,0.0,1.0,,Null,2019/2020,CRAWFORD ROAD,WELLINGTON ROAD,,Minor Crash,No,2019,,South,,0,,Flat,,,,,,Overcast,2180500,1,1.0,0.0,2.0,,,0.0,,,,,,Wellington Region,Nil,2-way,Sealed,,0.0,0,,50.0,,Off,0.0,0.0,,47,Wellington City,Give way,,,,,0.0,0.0,Urban,0.0,,,Heavy rain,Null,0
66411248,,576200,0.0,0.0,0.0,3.0,0.0,West,2020/2021,BRITOMART STREET,ADELAIDE ROAD,,Non-Injury Crash,No,2020,0.0,East,0.0,0,0.0,Hill Road,0.0,,0.0,,0.0,Overcast,2171200,0,0.0,0.0,2.0,0.0,0.0,0.0,0.0,1.0,,0.0,0.0,Wellington Region,Nil,2-way,Sealed,0.0,0.0,0,0.0,50.0,0.0,Off,0.0,0.0,,47,Wellington City,Unknown,0.0,0.0,0.0,0.0,0.0,0.0,Urban,0.0,0.0,0.0,Fine,Null,1
66411285,,577000,0.0,0.0,0.0,4.0,0.0,South,2018/2019,FREYBERG ST,TORU STREET,,Non-Injury Crash,No,2019,0.0,South,0.0,0,0.0,Flat,0.0,,0.0,,0.0,Dark,2174700,0,0.0,0.0,2.0,0.0,0.0,0.0,0.0,2.0,,0.0,0.0,Wellington Region,Nil,2-way,Sealed,0.0,0.0,0,0.0,50.0,0.0,On,0.0,0.0,,47,Wellington City,Unknown,0.0,0.0,0.0,0.0,0.0,0.0,Urban,0.0,0.0,0.0,Fine,Null,0
66411293,,573101,0.0,,0.0,2.0,,Null,2018/2019,KENT TERRACE,VIVIAN STREET,,Non-Injury Crash,No,2018,,South,,0,,Flat,,,,,,Bright sun,2136500,0,0.0,0.0,3.0,,,0.0,,,,,,Wellington Region,Nil,1-way,Sealed,,0.0,0,,50.0,,Off,0.0,0.0,,47,Wellington City,Traffic Signals,,,,,0.0,0.0,Urban,0.0,,,Fine,Null,0
66411338,,573522,0.0,0.0,0.0,1.0,0.0,South,2018/2019,JAMAICA DRIVE,CARIBBEAN DRIVE,,Non-Injury Crash,No,2018,0.0,North,0.0,0,0.0,Hill Road,0.0,,0.0,,1.0,Overcast,2086103,0,0.0,0.0,1.0,0.0,1.0,0.0,0.0,0.0,,0.0,0.0,Wellington Region,Nil,1-way,Sealed,0.0,0.0,0,0.0,50.0,0.0,Off,0.0,0.0,,47,Wellington City,Unknown,1.0,0.0,0.0,0.0,0.0,0.0,Urban,0.0,0.0,0.0,Heavy rain,Null,0