OBJECTID,advisorySpeed,areaUnitID,bicycle,bridge,bus,carStationWagon,cliffBank,crashDirectionDescription,crashFinancialYear,crashLocation1,crashLocation2,crashRoadSideRoad,crashSeverity,crashSHDescription,crashYear,debris,directionRoleDescription,ditch,fatalCount,fence,flatHill,guardRail,holiday,houseOrBuilding,intersection,kerb,light,meshblockId,minorInjuryCount,moped,motorcycle,NumberOfLanes,objectThrownOrDropped,otherObject,otherVehicleType,overBank,parkedVehicle,pedestrian,phoneBoxEtc,postOrPole,region,roadCharacter,roadLane,roadSurface,roadworks,schoolBus,seriousInjuryCount,slipOrFlood,speedLimit,strayAnimal,streetLight,suv,taxi,temporarySpeedLimit,tlaId,tlaName,trafficControl,trafficIsland,trafficSign,train,tree,truck,unknownVehicleType,urban,vanOrUtility,vehicle,waterRiver,weatherA,weatherB,if_pandemic
66411342,,573903,0.0,0.0,0.0,3.0,0.0,East,2018/2019,NEWLANDS RD,WAKELY ROAD,,Non-Injury Crash,No,2019,0.0,North,0.0,0,0.0,Hill Road,0.0,,0.0,,0.0,Dark,2075103,0,0.0,0.0,2.0,0.0,0.0,0.0,0.0,1.0,,0.0,0.0,Wellington Region,Nil,2-way,Sealed,0.0,0.0,0,0.0,50.0,0.0,On,0.0,0.0,,47,Wellington City,Unknown,0.0,0.0,0.0,0.0,0.0,0.0,Urban,0.0,0.0,0.0,Light rain,Null,0
66411345,,576301,0.0,,0.0,2.0,,Null,2017/2018,RIDDIFORD ST,HOSPITAL MAIN DRIVE,,Non-Injury Crash,No,2018,,North,,0,,Flat,,Queens Birthday,,,,Overcast,2163500,0,0.0,0.0,4.0,,,0.0,,,,,,Wellington Region,Nil,2-way,Sealed,,0.0,0,,50.0,,Null,0.0,0.0,,47,Wellington City,Traffic Signals,,,,,0.0,0.0,Urban,0.0,,,Mist or Fog,Null,0
66411380,,576903,0.0,,1.0,1.0,,East,2018/2019,WELLINGTON ROAD,KILBIRNIE CRESCENT,,Non-Injury Crash,Yes,2018,,West,,0,,Flat,,,,,,Bright sun,2177900,0,0.0,0.0,5.0,,,0.0,,,,,,Wellington Region,Nil,2-way,Sealed,,0.0,0,,50.0,,Null,0.0,0.0,,47,Wellington City,Nil,,,,,0.0,0.0,Urban,0.0,,,Fine,Null,0
66411400,,575600,0.0,,1.0,0.0,,Null,2019/2020,OHIRO ROAD,TANERA CRESCENT,,Non-Injury Crash,No,2019,,North,,0,,Hill Road,,,,,,Overcast,2161900,0,0.0,0.0,2.0,,,0.0,,,,,,Wellington Region,Nil,2-way,Sealed,,0.0,0,,50.0,,Off,0.0,0.0,,47,Wellington City,Nil,,,,,1.0,0.0,Urban,0.0,,,Fine,Null,0
66411404,,572900,0.0,,0.0,1.0,,Null,2018/2019,TINAKORI ROAD,GEORGE STREET,,Non-Injury Crash,No,2018,,North,,0,,Flat,,,,,,Twilight,2119500,0,0.0,0.0,2.0,,,0.0,,,,,,Wellington Region,Nil,2-way,Sealed,,0.0,0,,50.0,,On,0.0,0.0,,47,Wellington City,Give way,,,,,0.0,0.0,Urban,0.0,,,Fine,Null,0
66411416,,576500,0.0,,0.0,1.0,,South,2018/2019,RIDDIFORD STREET,REGINA TERRACE,,Non-Injury Crash,No,2019,,Null,,0,,Flat,,,,,,Bright sun,2148800,0,0.0,0.0,3.0,,,0.0,,,,,,Wellington Region,Nil,2-way,Sealed,,0.0,0,,50.0,,Off,0.0,0.0,,47,Wellington City,Give way,,,,,0.0,0.0,Urban,0.0,,,Fine,Null,0
66411453,,577000,0.0,0.0,0.0,1.0,0.0,South,2019/2020,QUEENS DR,HOUGHTON TERRACE,,Non-Injury Crash,No,2019,0.0,North,0.0,0,0.0,Flat,0.0,,0.0,,0.0,Bright sun,2174400,0,0.0,0.0,2.0,0.0,0.0,0.0,0.0,1.0,,0.0,0.0,Wellington Region,Nil,2-way,Sealed,0.0,0.0,0,0.0,50.0,0.0,Off,0.0,0.0,,47,Wellington City,Unknown,0.0,0.0,0.0,0.0,0.0,0.0,Urban,0.0,0.0,0.0,Fine,Null,0
66411454,,573513,0.0,,0.0,0.0,,South,2019/2020,AMESBURY DR,ERLESTOKE CRESCENT,,Minor Crash,No,2019,,Null,,0,,Hill Road,,,,,,Bright sun,2086722,1,0.0,0.0,2.0,,,0.0,,,1.0,,,Wellington Region,Nil,2-way,Sealed,,0.0,0,,50.0,,Off,0.0,0.0,,47,Wellington City,Unknown,,,,,0.0,1.0,Urban,0.0,,,Fine,Null,0
66411540,,572900,0.0,,0.0,1.0,,South,2018/2019,BUNNY ST-NORTH,FEATHERSTON STREET,,Minor Crash,No,2019,,East,,0,,Flat,,Queens Birthday,,,,Dark,2122700,1,0.0,0.0,1.0,,,0.0,,,1.0,,,Wellington Region,Nil,1-way,Sealed,,0.0,0,,50.0,,On,0.0,1.0,,47,Wellington City,Unknown,,,,,0.0,0.0,Urban,0.0,,,Heavy rain,Null,0
66411577,,577200,0.0,0.0,0.0,2.0,0.0,North,2018/2019,IRA ST,OTAKI STREET,,Non-Injury Crash,No,2019,0.0,South,0.0,0,0.0,Flat,0.0,,0.0,,0.0,Dark,2207900,0,0.0,0.0,2.0,0.0,0.0,0.0,0.0,1.0,,0.0,0.0,Wellington Region,Nil,2-way,Sealed,0.0,0.0,0,0.0,50.0,0.0,On,0.0,0.0,,47,Wellington City,Unknown,0.0,0.0,0.0,0.0,0.0,0.0,Urban,0.0,0.0,0.0,Fine,Null,0
66411602,,576200,0.0,0.0,0.0,1.0,0.0,West,2019/2020,BRITOMART ST,STANLEY STREET,,Non-Injury Crash,No,2019,0.0,West,0.0,0,0.0,Hill Road,0.0,,0.0,,0.0,Dark,2171100,0,0.0,0.0,2.0,0.0,0.0,0.0,0.0,0.0,,0.0,0.0,Wellington Region,Nil,2-way,Sealed,0.0,0.0,0,0.0,50.0,0.0,On,0.0,0.0,,47,Wellington City,Unknown,0.0,0.0,0.0,1.0,0.0,0.0,Urban,0.0,0.0,0.0,Fine,Null,0
66411615,,575600,0.0,,1.0,1.0,,South,2019/2020,APUKA ST,KAREPA ST,,Minor Crash,No,2019,,North,,0,,Hill Road,,,,,,Overcast,2160801,1,0.0,0.0,2.0,,,0.0,,,,,,Wellington Region,Nil,2-way,Sealed,,0.0,0,,50.0,,Off,0.0,0.0,,47,Wellington City,Unknown,,,,,0.0,0.0,Urban,0.0,,,Light rain,Null,0
66411674,,576301,0.0,,0.0,1.0,,Null,2018/2019,ADELAIDE ROAD,HALL STREET,,Non-Injury Crash,No,2019,,North,,0,,Hill Road,,,,,,Overcast,2164600,0,0.0,0.0,2.0,,,0.0,,,,,,Wellington Region,Nil,2-way,Sealed,,0.0,0,,50.0,,Off,1.0,0.0,,47,Wellington City,Traffic Signals,,,,,0.0,0.0,Urban,0.0,,,Fine,Null,0
66411676,,575800,1.0,0.0,0.0,1.0,0.0,North,2019/2020,OHIRO RD,LANDFILL ROAD,,Serious Crash,No,2019,0.0,South,0.0,0,0.0,Flat,0.0,,0.0,,0.0,Bright sun,2197101,0,0.0,0.0,2.0,0.0,0.0,0.0,0.0,1.0,,0.0,0.0,Wellington Region,Nil,2-way,Sealed,0.0,0.0,1,0.0,50.0,0.0,Off,0.0,0.0,,47,Wellington City,Unknown,0.0,0.0,0.0,0.0,0.0,0.0,Urban,0.0,0.0,0.0,Fine,Null,0
66411686,,576600,1.0,,0.0,1.0,,West,2019/2020,ORIENTAL PDE,GRASS STREET,,Minor Crash,No,2019,,West,,0,,Flat,,,,,,Bright sun,2137600,1,0.0,0.0,2.0,,,0.0,,,,,,Wellington Region,Nil,2-way,Sealed,,0.0,0,,40.0,,Off,0.0,0.0,,47,Wellington City,Nil,,,,,0.0,0.0,Urban,0.0,,,Fine,Null,0
66411706,,574500,0.0,0.0,0.0,2.0,0.0,West,2018/2019,01N-1068-I,ONSLOW RAIL OBR,,Non-Injury Crash,Yes,2019,0.0,South,0.0,0,0.0,Flat,0.0,,0.0,,0.0,Overcast,2093400,0,0.0,0.0,3.0,0.0,1.0,0.0,0.0,0.0,,0.0,0.0,Wellington Region,Nil,1-way,Sealed,0.0,0.0,0,0.0,100.0,0.0,Off,0.0,0.0,,47,Wellington City,Unknown,0.0,0.0,0.0,0.0,0.0,1.0,Open,0.0,0.0,0.0,Fine,Null,0
66411731,35.0,573400,0.0,,1.0,1.0,,Null,2018/2019,ELIZABETH ST,BROUGHAM ST,,Non-Injury Crash,No,2018,,West,,0,,Flat,,,,,,Dark,2141400,0,0.0,0.0,2.0,,,0.0,,,,,,Wellington Region,Nil,2-way,Sealed,,0.0,0,,50.0,,On,0.0,0.0,,47,Wellington City,Give way,,,,,0.0,0.0,Urban,0.0,,,Light rain,Strong wind,0
66411803,,575300,0.0,0.0,0.0,2.0,0.0,South,2018/2019,UPLAND RD,KOWHAI ROAD,,Non-Injury Crash,No,2019,0.0,North,0.0,0,0.0,Flat,0.0,,0.0,,0.0,Bright sun,2152900,0,0.0,0.0,2.0,0.0,0.0,0.0,0.0,1.0,,0.0,0.0,Wellington Region,Nil,2-way,Sealed,0.0,0.0,0,0.0,30.0,0.0,Off,0.0,0.0,,47,Wellington City,Unknown,0.0,1.0,0.0,0.0,0.0,0.0,Urban,0.0,0.0,0.0,Fine,Null,0
66411890,,573101,0.0,,0.0,1.0,,West,2017/2018,WAKEFIELD ST,CAMBRIDGE TERRACE,,Non-Injury Crash,No,2018,,West,,0,,Flat,,,,,,Overcast,2135500,0,0.0,0.0,3.0,,,0.0,,,,,,Wellington Region,Nil,1-way,Sealed,,0.0,0,,50.0,,On,1.0,0.0,,47,Wellington City,Nil,,,,,0.0,0.0,Urban,0.0,,,Fine,Null,0
66411901,,576400,0.0,0.0,0.0,2.0,0.0,East,2019/2020,WILSON STREET,DANIELL STREET,,Non-Injury Crash,No,2019,0.0,North,0.0,0,0.0,Flat,0.0,,0.0,,0.0,Bright sun,2167400,0,0.0,0.0,2.0,0.0,0.0,0.0,0.0,1.0,,0.0,0.0,Wellington Region,Nil,2-way,Sealed,0.0,0.0,0,0.0,40.0,0.0,Off,0.0,0.0,,47,Wellington City,Nil,0.0,0.0,0.0,0.0,0.0,0.0,Urban,0.0,0.0,0.0,Fine,Null,0
66411903,,575200,0.0,0.0,0.0,0.0,0.0,East,2018/2019,ORANGI KAUPAPA RD,SEAVIEW TERRACE,,Non-Injury Crash,No,2019,0.0,South,0.0,0,0.0,Hill Road,0.0,,0.0,,0.0,Bright sun,2151400,0,0.0,0.0,2.0,0.0,0.0,0.0,0.0,0.0,1.0,0.0,0.0,Wellington Region,Nil,2-way,Sealed,0.0,0.0,0,0.0,50.0,0.0,Off,0.0,0.0,,47,Wellington City,Unknown,0.0,0.0,0.0,1.0,1.0,0.0,Urban,0.0,0.0,0.0,Fine,Null,0
66411972,,574002,0.0,0.0,0.0,1.0,0.0,South,2018/2019,002-0962/12.86-D,HUTT ROAD ON RAMP,,Serious Crash,Yes,2019,0.0,North,0.0,0,0.0,Flat,1.0,,0.0,,0.0,Bright sun,2078302,1,0.0,0.0,2.0,0.0,0.0,0.0,0.0,0.0,,0.0,0.0,Wellington Region,Motorway ramp,1-way,Sealed,0.0,0.0,0,0.0,100.0,0.0,Off,0.0,0.0,,47,Wellington City,Unknown,0.0,0.0,0.0,0.0,2.0,0.0,Open,0.0,0.0,0.0,Fine,Null,0
66412014,,572701,0.0,,0.0,2.0,,Null,2019/2020,COLLINS AVENUE,FINDLAY STREET,,Minor Crash,No,2019,,West,,0,,Flat,,,,,,Dark,1994200,1,0.0,0.0,2.0,,,0.0,,,,,,Wellington Region,Nil,2-way,Sealed,,0.0,0,,50.0,,On,0.0,0.0,,47,Wellington City,Give way,,,,,0.0,0.0,Urban,0.0,,,Fine,Null,0
66412027,,573513,0.0,0.0,1.0,0.0,0.0,Null,2017/2018,ERLESTOKE CRESCENT,WAVERTON TERRACE,,Non-Injury Crash,No,2018,0.0,South,0.0,0,1.0,Hill Road,0.0,,0.0,,0.0,Overcast,2086726,0,0.0,0.0,2.0,0.0,0.0,0.0,0.0,0.0,,0.0,1.0,Wellington Region,Nil,2-way,Sealed,0.0,0.0,0,0.0,50.0,0.0,Null,0.0,0.0,,47,Wellington City,Nil,0.0,0.0,0.0,0.0,0.0,0.0,Urban,0.0,0.0,0.0,Fine,Null,0
66412029,,573522,0.0,,0.0,1.0,,North,2019/2020,JOHNSONVILLE PORIRUA MOTORWAY,TAWA-GRENADA NORTH OFF RAMP,,Serious Crash,Yes,2020,,North,,0,,Flat,,,,,,Bright sun,2053703,0,0.0,1.0,4.0,,,0.0,,,,,,Wellington Region,Nil,2-way,Sealed,,0.0,1,,100.0,,Off,0.0,0.0,,47,Wellington City,Unknown,,,,,0.0,0.0,Open,0.0,,,Fine,Null,1
66412037,,576400,0.0,,0.0,2.0,,Null,2019/2020,DANIELL STREET,CONSTABLE STREET,,Non-Injury Crash,No,2019,,South,,0,,Flat,,,,,,Twilight,2167600,0,0.0,0.0,2.0,,,0.0,,,,,,Wellington Region,Nil,2-way,Sealed,,0.0,0,,40.0,,Off,0.0,0.0,,47,Wellington City,Traffic Signals,,,,,0.0,0.0,Urban,0.0,,,Fine,Null,0
66412084,,576002,0.0,0.0,0.0,1.0,0.0,South,2018/2019,BRIGHTON ST,TRENT ST,,Non-Injury Crash,No,2019,0.0,Null,0.0,0,0.0,Null,0.0,,0.0,,0.0,Dark,2189600,0,0.0,0.0,2.0,0.0,0.0,0.0,0.0,1.0,,0.0,0.0,Wellington Region,Nil,2-way,Sealed,0.0,0.0,0,0.0,50.0,0.0,On,0.0,0.0,,47,Wellington City,Unknown,0.0,0.0,0.0,0.0,0.0,1.0,Urban,0.0,0.0,0.0,Heavy rain,Null,0
66412144,,573101,0.0,,0.0,2.0,,Null,2019/2020,KENT TERRACE,CAMBRIDGE TERRACE,,Non-Injury Crash,No,2020,,South,,0,,Flat,,,,,,Overcast,2135700,0,0.0,0.0,3.0,,,0.0,,,,,,Wellington Region,Nil,1-way,Sealed,,0.0,0,,50.0,,Off,0.0,0.0,,47,Wellington City,Traffic Signals,,,,,0.0,0.0,Urban,0.0,,,Fine,Null,1
66412170,,577000,0.0,0.0,0.0,1.0,0.0,Null,2018/2019,QUEENS DRIVE,LYALL PARADE,,Non-Injury Crash,No,2019,0.0,North,0.0,0,0.0,Flat,0.0,,0.0,,1.0,Dark,2174400,0,0.0,0.0,2.0,0.0,0.0,0.0,0.0,0.0,,0.0,0.0,Wellington Region,Nil,2-way,Sealed,0.0,0.0,0,0.0,50.0,0.0,On,0.0,0.0,,47,Wellington City,Give way,0.0,0.0,0.0,0.0,0.0,0.0,Urban,0.0,0.0,0.0,Fine,Null,0
66412185,,573526,0.0,,0.0,1.0,,South,2017/2018,HOROKIWI ROAD,HILLCROFT ROAD,,Non-Injury Crash,No,2018,,North,,0,,Hill Road,,,,,,Overcast,2086403,0,0.0,0.0,2.0,,,0.0,,,,,,Wellington Region,Nil,2-way,Sealed,,0.0,0,,100.0,,Null,1.0,0.0,,47,Wellington City,Unknown,,,,,0.0,0.0,Open,0.0,,,Light rain,Null,0
66412200,,577102,0.0,0.0,0.0,2.0,0.0,Null,2018/2019,TUKANAE STREET,TAIAROA STREET,,Non-Injury Crash,No,2019,0.0,East,0.0,0,0.0,Flat,0.0,,0.0,,1.0,Dark,2216000,0,0.0,0.0,2.0,0.0,0.0,0.0,0.0,1.0,,0.0,1.0,Wellington Region,Nil,2-way,Sealed,0.0,0.0,0,0.0,50.0,0.0,On,0.0,0.0,,47,Wellington City,Nil,0.0,0.0,0.0,0.0,0.0,0.0,Urban,0.0,0.0,0.0,Fine,Null,0
66412213,,573101,0.0,,0.0,2.0,,Null,2018/2019,GHUZNEE STREET,TARANAKI STREET,,Non-Injury Crash,No,2019,,East,,0,,Flat,,,,,,Bright sun,2133408,0,0.0,0.0,2.0,,,0.0,,,,,,Wellington Region,Nil,1-way,Sealed,,0.0,0,,50.0,,Off,0.0,0.0,,47,Wellington City,Traffic Signals,,,,,0.0,0.0,Urban,0.0,,,Fine,Null,0
66412241,,576800,0.0,0.0,0.0,1.0,0.0,Null,2018/2019,RUAHINE STREET,TAURIMA STREET,,Non-Injury Crash,Yes,2019,0.0,South,0.0,0,1.0,Hill Road,0.0,Easter,0.0,,1.0,Dark,2181900,0,0.0,0.0,2.0,0.0,0.0,0.0,0.0,0.0,,0.0,0.0,Wellington Region,Nil,2-way,Sealed,0.0,0.0,0,0.0,50.0,0.0,On,0.0,1.0,,47,Wellington City,Give way,0.0,0.0,0.0,0.0,0.0,0.0,Urban,0.0,0.0,0.0,Fine,Null,0
66412259,,573300,0.0,,0.0,1.0,,East,2017/2018,SH 1N,ADELAIDE ROAD,,Non-Injury Crash,Yes,2018,,West,,0,,Flat,,,,,,Bright sun,2145602,0,0.0,0.0,4.0,,,0.0,,,,,,Wellington Region,Nil,1-way,Sealed,,0.0,0,,50.0,,Null,0.0,0.0,,47,Wellington City,Unknown,,,,,0.0,0.0,Urban,1.0,,,Fine,Null,0
66412262,,573101,0.0,,0.0,1.0,,Null,2018/2019,WILLIS STREET,VIVIAN STREET,,Non-Injury Crash,No,2019,,North,,0,,Flat,,,,,,Overcast,2131900,0,0.0,1.0,3.0,,,0.0,,,,,,Wellington Region,Nil,1-way,Sealed,,0.0,0,,50.0,,Off,0.0,0.0,,47,Wellington City,Traffic Signals,,,,,0.0,0.0,Urban,0.0,,,Fine,Null,0
66412280,,574001,0.0,0.0,0.0,1.0,0.0,East,2018/2019,NEWLANDS RD,HURRING PLACE,,Non-Injury Crash,No,2019,0.0,East,0.0,0,0.0,Hill Road,0.0,,0.0,,0.0,Overcast,2077600,0,0.0,0.0,2.0,0.0,0.0,0.0,0.0,1.0,,0.0,0.0,Wellington Region,Nil,2-way,Sealed,0.0,0.0,0,0.0,50.0,0.0,Off,1.0,0.0,,47,Wellington City,Unknown,0.0,0.0,0.0,0.0,0.0,0.0,Urban,0.0,0.0,0.0,Fine,Null,0
66412291,,575100,0.0,0.0,0.0,0.0,1.0,East,2018/2019,WOODHOUSE AVENUE,ASTOR STREET,,Minor Crash,No,2019,0.0,South,0.0,0,0.0,Hill Road,0.0,,0.0,,0.0,Bright sun,2116304,1,0.0,0.0,2.0,0.0,0.0,0.0,0.0,0.0,,0.0,0.0,Wellington Region,Nil,2-way,Sealed,0.0,0.0,0,0.0,50.0,0.0,Off,0.0,0.0,,47,Wellington City,Unknown,0.0,0.0,0.0,0.0,0.0,0.0,Urban,1.0,0.0,0.0,Fine,Null,0
66412297,,573000,0.0,,0.0,2.0,,Null,2018/2019,FEATHERSTON STREET,WARING TAYLOR,,Non-Injury Crash,No,2018,,South,,0,,Flat,,,,,,Unknown,2125100,0,0.0,0.0,2.0,,,0.0,,,,,,Wellington Region,Nil,1-way,Sealed,,0.0,0,,30.0,,Null,0.0,0.0,,47,Wellington City,Traffic Signals,,,,,0.0,0.0,Urban,0.0,,,Null,Null,0
66412320,,572900,0.0,,0.0,1.0,,Null,2018/2019,MULGRAVE STREET,AITKEN STREET,,Non-Injury Crash,No,2019,,Null,,0,,Flat,,,,,,Bright sun,2121400,0,0.0,1.0,2.0,,,0.0,,,,,,Wellington Region,Nil,1-way,Sealed,,0.0,0,,50.0,,Off,0.0,0.0,,47,Wellington City,Traffic Signals,,,,,0.0,0.0,Urban,0.0,,,Fine,Null,0
66412325,25.0,574002,0.0,,0.0,2.0,,Null,2018/2019,002-0978-R1,HUTT RD-SOUTH,,Non-Injury Crash,No,2018,,North,,0,,Flat,,,,,,Twilight,2078302,0,0.0,0.0,3.0,,,0.0,,,,,,Wellington Region,Motorway ramp,1-way,Sealed,,0.0,0,,100.0,,None,0.0,0.0,,47,Wellington City,Unknown,,,,,0.0,0.0,Open,0.0,,,Fine,Null,0
66412347,,573000,0.0,,0.0,1.0,,East,2018/2019,GHUZNEE ST,BULLER ST,,Non-Injury Crash,No,2018,,West,,0,,Hill Road,,,,,,Twilight,2129600,0,0.0,0.0,2.0,,,0.0,,,1.0,,,Wellington Region,Bridge,2-way,Sealed,,0.0,0,,50.0,,On,0.0,0.0,,47,Wellington City,Unknown,,,,,0.0,0.0,Urban,0.0,,,Fine,Null,0
66412363,,573300,0.0,0.0,0.0,1.0,1.0,South,2018/2019,HUTCHISON RD,WESTLAND RD,,Non-Injury Crash,No,2018,0.0,North,0.0,0,0.0,Hill Road,0.0,Christmas New Year,0.0,,0.0,Overcast,2147800,0,0.0,0.0,2.0,0.0,0.0,0.0,0.0,0.0,,0.0,0.0,Wellington Region,Nil,2-way,Sealed,0.0,0.0,0,0.0,50.0,0.0,Off,0.0,0.0,,47,Wellington City,Unknown,0.0,0.0,0.0,0.0,0.0,0.0,Urban,0.0,0.0,0.0,Fine,Null,0
66412367,,574302,0.0,0.0,0.0,1.0,1.0,South,2018/2019,ONSLOW RD,LOHIA STREET,,Minor Crash,No,2019,0.0,East,0.0,0,0.0,Hill Road,0.0,,0.0,,0.0,Bright sun,2090102,1,0.0,0.0,2.0,0.0,0.0,0.0,0.0,0.0,,0.0,0.0,Wellington Region,Nil,2-way,Sealed,0.0,0.0,0,0.0,50.0,0.0,Off,0.0,0.0,,47,Wellington City,Unknown,0.0,0.0,0.0,0.0,0.0,0.0,Urban,0.0,0.0,0.0,Fine,Null,0
66412372,,573101,0.0,,0.0,1.0,,Null,2018/2019,01N-1075/00.13-I,TORY STREET,,Non-Injury Crash,Yes,2019,,East,,0,,Flat,,,,,,Unknown,2133800,0,0.0,0.0,2.0,,,0.0,,,,,,Wellington Region,Nil,1-way,Sealed,,0.0,0,,50.0,,Off,1.0,0.0,,47,Wellington City,Unknown,,,,,0.0,0.0,Urban,0.0,,,Null,Null,0
66412382,,572900,0.0,,0.0,1.0,,Null,2018/2019,WELLINGTON URBAN MOTORWAY,THE TERRACE OFF RAMP,,Non-Injury Crash,Yes,2018,,South,,0,,Flat,,,,,,Bright sun,2122100,0,0.0,0.0,2.0,,,0.0,,,,,,Wellington Region,Motorway ramp,1-way,Sealed,,0.0,0,,100.0,,Off,0.0,0.0,,47,Wellington City,Nil,,,,,0.0,0.0,Open,1.0,,,Fine,Null,0
66412405,,573101,0.0,,0.0,2.0,,North,2018/2019,ALLEN ST,COURTENAY PLACE,,Non-Injury Crash,No,2019,,South,,0,,Flat,,,,,,Bright sun,2135700,0,0.0,0.0,1.0,,,0.0,,,,,,Wellington Region,Nil,2-way,Sealed,,0.0,0,,50.0,,On,0.0,0.0,,47,Wellington City,Unknown,,,,,0.0,0.0,Urban,0.0,,,Fine,Null,0
66412451,,574302,0.0,0.0,0.0,2.0,0.0,East,2018/2019,STATION RD,Burma Road,,Minor Crash,No,2019,0.0,West,0.0,0,0.0,Flat,0.0,,0.0,,0.0,Twilight,2090800,1,0.0,0.0,2.0,0.0,0.0,0.0,0.0,1.0,,0.0,0.0,Wellington Region,Nil,2-way,Sealed,0.0,0.0,0,0.0,50.0,0.0,Off,0.0,0.0,,47,Wellington City,Unknown,0.0,0.0,0.0,0.0,0.0,0.0,Urban,0.0,0.0,0.0,Fine,Null,0
66412457,,573000,0.0,,0.0,1.0,,North,2018/2019,THE TERRACE,SHELL LANE,,Minor Crash,No,2019,,South,,0,,Hill Road,,,,,,Overcast,2124400,1,0.0,1.0,2.0,,,0.0,,,,,,Wellington Region,Nil,2-way,Sealed,,0.0,0,,50.0,,Off,0.0,1.0,,47,Wellington City,Unknown,,,,,0.0,0.0,Urban,0.0,,,Fine,Null,0
66412480,,573300,0.0,0.0,0.0,1.0,0.0,North,2019/2020,WALLACE STREET,HARGREAVES STREET,,Minor Crash,No,2020,0.0,North,0.0,0,0.0,Hill Road,0.0,,0.0,,0.0,Dark,2146500,1,0.0,0.0,2.0,0.0,0.0,0.0,0.0,0.0,,0.0,1.0,Wellington Region,Nil,2-way,Sealed,0.0,0.0,0,0.0,50.0,0.0,On,0.0,0.0,30.0,47,Wellington City,Nil,1.0,0.0,0.0,0.0,0.0,0.0,Urban,0.0,0.0,0.0,Fine,Null,1
66412529,,577302,0.0,0.0,0.0,0.0,0.0,North,2017/2018,PARK ROAD,BRUSSELS ST,,Non-Injury Crash,No,2018,0.0,South,0.0,0,0.0,Flat,0.0,,0.0,,0.0,Dark,2205800,0,0.0,0.0,2.0,0.0,0.0,0.0,0.0,1.0,,0.0,0.0,Wellington Region,Nil,2-way,Sealed,0.0,0.0,0,0.0,50.0,0.0,On,2.0,0.0,,47,Wellington City,Unknown,0.0,0.0,0.0,0.0,0.0,0.0,Urban,0.0,0.0,0.0,Light rain,Null,0
66412544,,576301,0.0,0.0,0.0,1.0,0.0,North,2018/2019,RINTOUL ST,WARIPORI STREET,,Non-Injury Crash,No,2019,0.0,Null,0.0,0,0.0,Null,0.0,,0.0,,0.0,Unknown,2165800,0,0.0,0.0,2.0,0.0,0.0,0.0,0.0,1.0,,0.0,0.0,Wellington Region,Nil,2-way,Null,0.0,0.0,0,0.0,50.0,0.0,Null,1.0,0.0,,47,Wellington City,Unknown,0.0,0.0,0.0,0.0,0.0,0.0,Urban,0.0,0.0,0.0,Null,Null,0
66412561,,573300,0.0,,0.0,1.0,,Null,2018/2019,WEBB ST,THOMPSON ST,,Non-Injury Crash,No,2018,,West,,0,,Hill Road,,Labour Weekend,,,,Bright sun,2144101,0,0.0,1.0,2.0,,,0.0,,,,,,Wellington Region,Nil,2-way,Sealed,,0.0,0,,50.0,,Null,0.0,0.0,,47,Wellington City,Stop,,,,,0.0,0.0,Urban,0.0,,,Fine,Null,0
66412562,,573400,0.0,,0.0,2.0,,East,2018/2019,CAROLINE ST,ROXBURGH STREET,,Non-Injury Crash,No,2019,,East,,0,,Flat,,,,,,Unknown,2140001,0,0.0,0.0,2.0,,,0.0,,,,,,Wellington Region,Nil,2-way,Sealed,,0.0,0,,50.0,,Null,0.0,0.0,,47,Wellington City,Unknown,,,,,0.0,0.0,Urban,0.0,,,Null,Null,0
66412576,,577200,0.0,0.0,0.0,1.0,0.0,North,2018/2019,CALABAR ROAD,BROADWAY,,Non-Injury Crash,Yes,2019,0.0,North,0.0,0,0.0,Flat,0.0,,0.0,,0.0,Dark,2206600,0,0.0,0.0,2.0,0.0,1.0,0.0,0.0,0.0,,0.0,0.0,Wellington Region,Nil,1-way,Sealed,0.0,0.0,0,0.0,50.0,0.0,On,0.0,0.0,,47,Wellington City,Nil,0.0,0.0,0.0,0.0,0.0,0.0,Urban,0.0,0.0,0.0,Heavy rain,Strong wind,0
66412601,,573700,0.0,,0.0,2.0,,North,2018/2019,JOHNSONVILLE RD,BRODERICK ROAD,,Minor Crash,No,2019,,South,,0,,Hill Road,,,,,,Overcast,2082800,1,0.0,0.0,2.0,,,0.0,,,,,,Wellington Region,Nil,2-way,Sealed,,0.0,0,,50.0,,Off,0.0,0.0,,47,Wellington City,Unknown,,,,,0.0,0.0,Urban,0.0,,,Fine,Null,0
66412625,,576400,0.0,0.0,0.0,1.0,0.0,North,2018/2019,RIDDIFORD ST,WILSON ST,,Minor Crash,No,2019,0.0,South,0.0,0,0.0,Flat,0.0,Easter,0.0,,0.0,Dark,2167000,1,0.0,0.0,2.0,0.0,0.0,0.0,0.0,0.0,,0.0,1.0,Wellington Region,Nil,2-way,Sealed,0.0,0.0,0,0.0,40.0,0.0,On,0.0,0.0,,47,Wellington City,Unknown,1.0,1.0,0.0,0.0,0.0,0.0,Urban,0.0,0.0,0.0,Fine,Null,0
66412626,,573200,0.0,,0.0,2.0,,Null,2018/2019,ARO STREET,WILLIS STREET,,Non-Injury Crash,No,2019,,North,,0,,Null,,,,,,Unknown,2157900,0,0.0,0.0,1.0,,,0.0,,,,,,Wellington Region,Nil,1-way,Null,,0.0,0,,50.0,,Null,0.0,0.0,,47,Wellington City,Give way,,,,,0.0,0.0,Urban,0.0,,,Null,Null,0