OBJECTID,advisorySpeed,areaUnitID,bicycle,bridge,bus,carStationWagon,cliffBank,crashDirectionDescription,crashFinancialYear,crashLocation1,crashLocation2,crashRoadSideRoad,crashSeverity,crashSHDescription,crashYear,debris,directionRoleDescription,ditch,fatalCount,fence,flatHill,guardRail,holiday,houseOrBuilding,intersection,kerb,light,meshblockId,minorInjuryCount,moped,motorcycle,NumberOfLanes,objectThrownOrDropped,otherObject,otherVehicleType,overBank,parkedVehicle,pedestrian,phoneBoxEtc,postOrPole,region,roadCharacter,roadLane,roadSurface,roadworks,schoolBus,seriousInjuryCount,slipOrFlood,speedLimit,strayAnimal,streetLight,suv,taxi,temporarySpeedLimit,tlaId,tlaName,trafficControl,trafficIsland,trafficSign,train,tree,truck,unknownVehicleType,urban,vanOrUtility,vehicle,waterRiver,weatherA,weatherB,if_pandemic
66412644,,573000,0.0,,0.0,1.0,,Null,2018/2019,JERVOIS QUAY,HARRIS STREET,,Non-Injury Crash,No,2019,,South,,0,,Flat,,,,,,Dark,2124300,0,0.0,0.0,3.0,,,0.0,,,,,,Wellington Region,Nil,2-way,Sealed,,0.0,0,,50.0,,On,1.0,0.0,,47,Wellington City,Traffic Signals,,,,,0.0,0.0,Urban,0.0,,,Fine,Null,0
66412666,,577000,0.0,0.0,0.0,1.0,0.0,East,2018/2019,APU CRES,ONEPU ROAD,,Non-Injury Crash,No,2018,0.0,South,0.0,0,0.0,Flat,0.0,,0.0,,0.0,Dark,2175200,0,0.0,0.0,2.0,0.0,0.0,0.0,0.0,1.0,,0.0,0.0,Wellington Region,Nil,2-way,Sealed,0.0,0.0,0,0.0,50.0,0.0,On,1.0,0.0,,47,Wellington City,Unknown,0.0,0.0,0.0,0.0,0.0,0.0,Urban,0.0,0.0,0.0,Fine,Null,0
66412676,,577000,0.0,,0.0,2.0,,Null,2018/2019,QUEENS DRIVE,RUA ST,,Non-Injury Crash,No,2018,,West,,0,,Flat,,,,,,Overcast,2174300,0,0.0,0.0,2.0,,,0.0,,,,,,Wellington Region,Nil,2-way,Sealed,,0.0,0,,50.0,,Null,0.0,0.0,,47,Wellington City,Give way,,,,,0.0,0.0,Urban,0.0,,,Light rain,Strong wind,0
66412689,,572600,0.0,,0.0,2.0,,South,2017/2018,CAMBRIDGE ST,OXFORD ST,,Non-Injury Crash,No,2018,,North,,0,,Flat,,,,,,Bright sun,1992100,0,0.0,0.0,2.0,,,0.0,,,,,,Wellington Region,Nil,2-way,Sealed,,0.0,0,,50.0,,Null,0.0,0.0,,47,Wellington City,Nil,,,,,0.0,0.0,Urban,0.0,,,Fine,Null,0
66412707,,574002,0.0,0.0,0.0,1.0,0.0,North,2018/2019,SH 1N,NGAURANGA ON NBD OBR,,Non-Injury Crash,Yes,2018,0.0,North,0.0,0,1.0,Flat,1.0,,0.0,,0.0,Dark,2078302,0,0.0,0.0,2.0,0.0,0.0,0.0,0.0,0.0,,0.0,1.0,Wellington Region,Bridge,1-way,Sealed,0.0,0.0,0,0.0,100.0,0.0,On,0.0,0.0,,47,Wellington City,Unknown,0.0,0.0,0.0,0.0,0.0,0.0,Open,0.0,0.0,0.0,Fine,Null,0
66412762,,575701,0.0,0.0,0.0,2.0,0.0,West,2018/2019,VERONICA ST,MILLS RD,,Non-Injury Crash,No,2019,0.0,Null,0.0,0,0.0,Null,0.0,,0.0,,0.0,Unknown,2199800,0,0.0,0.0,0.0,0.0,0.0,0.0,0.0,1.0,,0.0,0.0,Wellington Region,Nil,Null,Null,0.0,0.0,0,0.0,,0.0,Null,0.0,0.0,,47,Wellington City,Unknown,0.0,0.0,0.0,0.0,0.0,0.0,Urban,0.0,0.0,0.0,Null,Null,0
66412767,,573000,0.0,,0.0,2.0,,South,2017/2018,VICTORIA ST,HARRIS ST,,Non-Injury Crash,No,2018,,South,,0,,Flat,,,,,,Overcast,2127800,0,0.0,0.0,2.0,,,0.0,,,,,,Wellington Region,Nil,1-way,Sealed,,0.0,0,,50.0,,Null,0.0,0.0,,47,Wellington City,Unknown,,,,,0.0,0.0,Urban,0.0,,,Fine,Null,0
66412782,,573000,0.0,0.0,0.0,2.0,0.0,South,2018/2019,STOUT ST,WHITMORE STREET,,Non-Injury Crash,No,2019,0.0,North,0.0,0,0.0,Flat,0.0,,0.0,,0.0,Overcast,2124200,0,0.0,0.0,2.0,0.0,0.0,0.0,0.0,1.0,,0.0,0.0,Wellington Region,Nil,1-way,Sealed,0.0,0.0,0,0.0,50.0,0.0,Null,0.0,0.0,,47,Wellington City,Unknown,0.0,0.0,0.0,0.0,0.0,0.0,Urban,0.0,0.0,0.0,Null,Null,0
66412783,,576400,0.0,,0.0,2.0,,Null,2018/2019,CONSTABLE ST,COROMANDEL ST,,Non-Injury Crash,No,2018,,East,,0,,Hill Road,,,,,,Bright sun,2168000,0,0.0,0.0,2.0,,,0.0,,,,,,Wellington Region,Nil,2-way,Sealed,,0.0,0,,50.0,,Null,0.0,0.0,,47,Wellington City,Traffic Signals,,,,,0.0,0.0,Urban,0.0,,,Fine,Null,0
66412791,,573000,0.0,0.0,0.0,1.0,0.0,West,2018/2019,DIXON ST,WILLIS ST,,Non-Injury Crash,No,2018,0.0,West,0.0,0,0.0,Hill Road,0.0,,0.0,,0.0,Overcast,2130700,0,0.0,0.0,2.0,0.0,0.0,0.0,0.0,1.0,,0.0,0.0,Wellington Region,Nil,2-way,Sealed,0.0,0.0,0,0.0,50.0,0.0,Null,0.0,0.0,,47,Wellington City,Unknown,0.0,0.0,0.0,0.0,0.0,0.0,Urban,1.0,0.0,0.0,Fine,Null,0
66412842,,573101,0.0,0.0,0.0,2.0,0.0,North,2017/2018,BLAIR STREET,COURTENAY PLACE,,Non-Injury Crash,No,2018,0.0,North,0.0,0,0.0,Flat,0.0,,0.0,,0.0,Dark,2135700,0,0.0,0.0,2.0,0.0,0.0,0.0,0.0,1.0,,0.0,0.0,Wellington Region,Nil,2-way,Sealed,0.0,0.0,0,0.0,30.0,0.0,On,0.0,0.0,,47,Wellington City,Nil,0.0,0.0,0.0,0.0,0.0,0.0,Urban,0.0,0.0,0.0,Fine,Null,0
66412850,,576901,0.0,,0.0,2.0,,North,2018/2019,01N-1076/02.08-I,TROY ST,,Minor Crash,Yes,2019,,South,,0,,Flat,,,,,,Overcast,2176800,2,0.0,0.0,4.0,,,0.0,,,,,,Wellington Region,Nil,2-way,Sealed,,0.0,0,,70.0,,Off,0.0,0.0,,47,Wellington City,Unknown,,,,,0.0,0.0,Urban,0.0,,,Fine,Null,0
66412860,,573101,0.0,,0.0,1.0,,Null,2018/2019,GHUZNEE STREET,VICTORIA STREET,,Non-Injury Crash,No,2019,,East,,0,,Null,,,,,,Unknown,2131600,0,0.0,0.0,3.0,,,0.0,,,,,,Wellington Region,Nil,2-way,Null,,0.0,0,,50.0,,Null,0.0,0.0,,47,Wellington City,Traffic Signals,,,,,0.0,1.0,Urban,0.0,,,Null,Null,0
66412873,,576901,0.0,,0.0,1.0,,Null,2018/2019,MAHORA STREET,RONGOTAI ROAD,,Non-Injury Crash,No,2018,,North,,0,,Flat,,,,,,Bright sun,2178200,0,0.0,0.0,2.0,,,1.0,,,,,,Wellington Region,Nil,2-way,Sealed,,0.0,0,,50.0,,Off,0.0,0.0,,47,Wellington City,Give way,,,,,1.0,0.0,Urban,0.0,,,Fine,Null,0
66412897,,573000,0.0,,0.0,3.0,,Null,2019/2020,WELLINGTON URBAN MOTORWAY,WILLIS STREET,,Minor Crash,Yes,2019,,East,,0,,Flat,,,,,,Dark,2130100,2,0.0,0.0,2.0,,,0.0,,,,,,Wellington Region,Nil,1-way,Sealed,,0.0,0,,50.0,,On,0.0,0.0,,47,Wellington City,Traffic Signals,,,,,0.0,0.0,Urban,0.0,,,Fine,Null,0
66412970,,577200,0.0,,0.0,1.0,,Null,2019/2020,COBHAM DRIVE,CALABAR ROAD,,Minor Crash,Yes,2019,,South,,0,,Hill Road,,,,,,Bright sun,2206200,1,1.0,0.0,3.0,,,0.0,,,,,,Wellington Region,Nil,1-way,Sealed,,0.0,0,,80.0,,Off,0.0,0.0,,47,Wellington City,Give way,,,,,0.0,0.0,Open,0.0,,,Fine,Null,0
66412981,,576301,0.0,,0.0,1.0,,South,2019/2020,ADELAIDE RD,JOHN STREET,,Non-Injury Crash,No,2019,,North,,0,,Null,,,,,,Unknown,2163400,0,0.0,0.0,2.0,,,0.0,,,,,,Wellington Region,Nil,2-way,Sealed,,0.0,0,,50.0,,On,1.0,0.0,,47,Wellington City,Unknown,,,,,0.0,0.0,Urban,0.0,,,Fine,Null,0
66413002,,573101,0.0,,0.0,1.0,,Null,2018/2019,DIXON STREET,VICTORIA STREET,,Minor Crash,No,2019,,West,,0,,Hill Road,,,,,,Bright sun,2131500,1,0.0,1.0,2.0,,,0.0,,,,,,Wellington Region,Nil,1-way,Sealed,,0.0,0,,50.0,,Null,0.0,0.0,,47,Wellington City,Traffic Signals,,,,,0.0,0.0,Urban,0.0,,,Fine,Null,0
66413039,,577602,0.0,,0.0,2.0,,Null,2017/2018,TAUHINU ROAD,BOOTH ST,,Non-Injury Crash,No,2018,,South,,0,,Flat,,,,,,Bright sun,2201700,0,0.0,0.0,2.0,,,0.0,,,,,,Wellington Region,Nil,2-way,Sealed,,0.0,0,,50.0,,Null,0.0,0.0,,47,Wellington City,Nil,,,,,0.0,0.0,Urban,0.0,,,Fine,Strong wind,0
66413044,,573000,0.0,,0.0,2.0,,East,2017/2018,MERCER ST,WILLIS ST,,Non-Injury Crash,No,2018,,South,,0,,Flat,,,,,,Overcast,2127400,0,0.0,0.0,2.0,,,0.0,,,,,,Wellington Region,Nil,2-way,Sealed,,0.0,0,,50.0,,Null,0.0,1.0,,47,Wellington City,Unknown,,,,,0.0,0.0,Urban,0.0,,,Light rain,Null,0
66413064,,573700,0.0,,0.0,2.0,,Null,2019/2020,JOHNSONVILLE ROAD,DISRAELI STREET,,Non-Injury Crash,No,2020,,North,,0,,Flat,,Easter,,,,Bright sun,2083100,0,0.0,0.0,3.0,,,0.0,,,,,,Wellington Region,Nil,2-way,Sealed,,0.0,0,,50.0,,Off,0.0,0.0,,47,Wellington City,Give way,,,,,0.0,0.0,Urban,0.0,,,Fine,Null,1
66413065,,577200,1.0,,0.0,1.0,,Null,2018/2019,COBHAM DRIVE,CALABAR ROAD,,Minor Crash,No,2019,,South,,0,,Flat,,,,,,Dark,2206200,1,0.0,0.0,3.0,,,0.0,,,,,,Wellington Region,Nil,1-way,Sealed,,0.0,0,,70.0,,On,0.0,0.0,,47,Wellington City,Give way,,,,,0.0,0.0,Urban,0.0,,,Fine,Null,0
66413070,,573000,0.0,,0.0,2.0,,East,2018/2019,AURORA TERRACE,CLIFTON TERRACE,,Non-Injury Crash,No,2018,,East,,0,,Null,,,,,,Twilight,2124900,0,0.0,0.0,2.0,,,0.0,,,,,,Wellington Region,Nil,2-way,Sealed,,0.0,0,,50.0,,Null,0.0,0.0,,47,Wellington City,Nil,,,,,0.0,0.0,Urban,0.0,,,Null,Null,0
66413092,,575000,0.0,,0.0,0.0,,North,2017/2018,PONSONBY ROAD,ESPIN CRESCENT,,Non-Injury Crash,No,2018,,North,,0,,Null,,,,,,Unknown,2111200,0,0.0,0.0,,,,0.0,,,1.0,,,Wellington Region,Nil,Null,Sealed,,0.0,0,,50.0,,Null,1.0,0.0,,47,Wellington City,Unknown,,,,,0.0,0.0,Urban,0.0,,,Null,Null,0
66413117,,576600,1.0,0.0,0.0,1.0,0.0,East,2019/2020,ORIENTAL PDE,BARING STREET,,Non-Injury Crash,No,2019,0.0,East,0.0,0,0.0,Flat,0.0,,0.0,,0.0,Overcast,2137700,0,0.0,0.0,2.0,0.0,0.0,0.0,0.0,1.0,,0.0,0.0,Wellington Region,Nil,2-way,Unsealed,0.0,0.0,0,0.0,40.0,0.0,Off,0.0,0.0,,47,Wellington City,Unknown,0.0,0.0,0.0,0.0,0.0,0.0,Urban,0.0,0.0,0.0,Light rain,Null,0
66413120,,576500,0.0,,0.0,0.0,,Null,2019/2020,ADELAIDE ROAD,KING STREET,,Minor Crash,No,2020,,North,,0,,Flat,,,,,,Bright sun,2148201,1,1.0,0.0,4.0,,,0.0,,,,,,Wellington Region,Nil,2-way,Sealed,,0.0,0,,50.0,,Off,0.0,0.0,,47,Wellington City,Give way,,,,,0.0,0.0,Urban,1.0,,,Fine,Null,1
66413184,,577500,0.0,0.0,0.0,1.0,0.0,North,2019/2020,INGLIS STREET,MANTELL STREET,,Non-Injury Crash,No,2020,0.0,North,0.0,0,0.0,Null,0.0,,0.0,,0.0,Unknown,2211800,0,0.0,0.0,2.0,0.0,0.0,0.0,0.0,1.0,,0.0,0.0,Wellington Region,Nil,2-way,Sealed,0.0,0.0,0,0.0,50.0,0.0,Null,0.0,0.0,,47,Wellington City,Nil,0.0,0.0,0.0,0.0,0.0,0.0,Urban,0.0,0.0,0.0,Null,Null,1
66413186,,573300,0.0,,0.0,1.0,,West,2017/2018,WALLACE ST,HUTCHISON ROAD,,Non-Injury Crash,No,2018,,East,,0,,Hill Road,,,,,,Twilight,2147400,0,0.0,0.0,2.0,,,0.0,,,,,,Wellington Region,Nil,2-way,Sealed,,0.0,0,,50.0,,On,0.0,0.0,,47,Wellington City,Unknown,,,,,0.0,0.0,Urban,1.0,,,Fine,Null,0
66413199,,572900,0.0,0.0,0.0,1.0,0.0,Null,2017/2018,FEATHERSTON ST,BUNNY ST,,Non-Injury Crash,No,2018,0.0,North,0.0,0,0.0,Flat,0.0,,0.0,,0.0,Bright sun,2122800,0,0.0,0.0,3.0,0.0,0.0,0.0,0.0,0.0,,0.0,1.0,Wellington Region,Nil,2-way,Sealed,0.0,0.0,0,0.0,50.0,0.0,Null,0.0,0.0,,47,Wellington City,Traffic Signals,0.0,0.0,0.0,0.0,0.0,0.0,Urban,0.0,0.0,0.0,Fine,Null,0
66413260,,574001,0.0,0.0,0.0,1.0,0.0,Null,2018/2019,BLACK ROCK ROAD,OMEGA ST,,Non-Injury Crash,No,2018,0.0,South,0.0,0,0.0,Hill Road,0.0,,0.0,,0.0,Dark,2077800,0,0.0,0.0,2.0,0.0,0.0,0.0,0.0,0.0,,0.0,0.0,Wellington Region,Nil,2-way,Sealed,0.0,0.0,0,0.0,50.0,0.0,On,0.0,0.0,,47,Wellington City,Nil,0.0,0.0,0.0,1.0,0.0,0.0,Urban,0.0,0.0,0.0,Light rain,Null,0
66413284,,576400,1.0,,0.0,1.0,,South,2019/2020,RIDDIFORD STREET,MEIN STREET,,Minor Crash,No,2019,,North,,0,,Flat,,,,,,Overcast,2166900,1,0.0,0.0,4.0,,,0.0,,,,,,Wellington Region,Nil,2-way,Sealed,,0.0,0,,50.0,,Off,0.0,1.0,,47,Wellington City,Nil,,,,,0.0,0.0,Urban,0.0,,,Fine,Null,0
66413300,,572900,0.0,0.0,0.0,1.0,0.0,South,2019/2020,01N-1068-D,HOBSON ST OBR NBD,,Non-Injury Crash,Yes,2019,0.0,North,0.0,0,0.0,Flat,1.0,,0.0,,0.0,Dark,2118500,0,0.0,0.0,4.0,0.0,0.0,0.0,0.0,0.0,,0.0,0.0,Wellington Region,Nil,2-way,Sealed,0.0,0.0,0,0.0,100.0,0.0,On,0.0,0.0,,47,Wellington City,Unknown,0.0,0.0,0.0,0.0,0.0,0.0,Open,0.0,0.0,0.0,Fine,Null,0
66413354,,574702,0.0,,0.0,2.0,,Null,2018/2019,WILTON ROAD,WARWICK STREET,,Non-Injury Crash,No,2018,,West,,0,,Flat,,,,,,Bright sun,2103900,0,0.0,0.0,2.0,,,0.0,,,,,,Wellington Region,Nil,2-way,Sealed,,0.0,0,,50.0,,Null,0.0,0.0,,47,Wellington City,Stop,,,,,0.0,0.0,Urban,0.0,,,Fine,Null,0
66413359,,574303,0.0,,0.0,1.0,,South,2017/2018,SH 1N,ABATTOIRS,,Non-Injury Crash,Yes,2018,,North,,0,,Hill Road,,,,,,Overcast,2088705,0,0.0,0.0,4.0,,,0.0,,,,,,Wellington Region,Nil,1-way,Sealed,,0.0,0,,80.0,,Null,0.0,0.0,,47,Wellington City,Unknown,,,,,0.0,0.0,Open,1.0,,,Fine,Null,0
66413367,,576400,0.0,,0.0,0.0,,South,2018/2019,RIDDIFORD ST,MEIN ST,,Non-Injury Crash,No,2018,,South,,0,,Flat,,,,,,Bright sun,2166900,0,0.0,1.0,4.0,,,0.0,,,,,,Wellington Region,Nil,2-way,Sealed,,0.0,0,,40.0,,Null,1.0,0.0,,47,Wellington City,Unknown,,,,,0.0,0.0,Urban,0.0,,,Fine,Null,0
66413389,,572900,0.0,0.0,0.0,1.0,0.0,North,2019/2020,AOTEA QUAY,RLY YARD ENT S,,Non-Injury Crash,No,2019,0.0,West,0.0,0,1.0,Flat,0.0,,0.0,,0.0,Dark,2118400,0,0.0,0.0,4.0,0.0,0.0,0.0,0.0,0.0,,0.0,0.0,Wellington Region,Nil,2-way,Sealed,0.0,0.0,0,0.0,70.0,0.0,On,0.0,0.0,,47,Wellington City,Unknown,0.0,0.0,0.0,0.0,0.0,0.0,Urban,0.0,0.0,0.0,Fine,Null,0
66413409,,573000,0.0,,0.0,3.0,,South,2018/2019,SH 1N,NORTH PORTAL NBD,,Non-Injury Crash,Yes,2018,,South,,0,,Flat,,,,,,Overcast,2129200,0,0.0,0.0,1.0,,,0.0,,,,,,Wellington Region,Nil,1-way,Sealed,,0.0,0,,60.0,,Null,0.0,0.0,,47,Wellington City,Unknown,,,,,0.0,0.0,Urban,0.0,,,Light rain,Strong wind,0
66413431,,577301,0.0,,0.0,1.0,,North,2018/2019,PARK ROAD,MIRAMAR NORTH ROAD,,Non-Injury Crash,No,2018,,South,,0,,Flat,,,,,,Bright sun,2203800,0,0.0,0.0,2.0,,,0.0,,,,,,Wellington Region,Nil,2-way,Sealed,,0.0,0,,50.0,,Null,0.0,0.0,,47,Wellington City,Nil,,,,,0.0,0.0,Urban,1.0,,,Fine,Null,0
66413460,,573101,0.0,,0.0,2.0,,Null,2018/2019,TARANAKI STREET,WAKEFIELD STREET,,Non-Injury Crash,No,2018,,North,,0,,Flat,,Christmas New Year,,,,Bright sun,2133200,0,0.0,0.0,6.0,,,0.0,,,,,,Wellington Region,Nil,2-way,Sealed,,0.0,0,,50.0,,Off,0.0,0.0,,47,Wellington City,Traffic Signals,,,,,0.0,0.0,Urban,0.0,,,Fine,Null,0
66413464,,573000,0.0,0.0,0.0,1.0,0.0,South,2019/2020,01N-1068-D,AURORA TERRACE OBR,,Serious Crash,Yes,2019,0.0,North,0.0,0,0.0,Flat,1.0,,0.0,,0.0,Dark,2124900,0,0.0,0.0,4.0,0.0,0.0,0.0,0.0,0.0,,0.0,0.0,Wellington Region,Overpass,2-way,Sealed,0.0,0.0,1,0.0,100.0,0.0,On,0.0,0.0,,47,Wellington City,Unknown,0.0,0.0,0.0,0.0,0.0,0.0,Open,0.0,0.0,0.0,Fine,Null,0
66413469,,573523,0.0,0.0,0.0,1.0,0.0,South,2019/2020,01N-1060-I,WESTCHESTER DRIVE OBR SBD,,Non-Injury Crash,Yes,2019,0.0,South,0.0,0,0.0,Flat,0.0,,0.0,,0.0,Bright sun,2086310,0,0.0,0.0,2.0,0.0,0.0,0.0,0.0,0.0,,0.0,1.0,Wellington Region,Nil,1-way,Sealed,0.0,0.0,0,0.0,100.0,0.0,Off,0.0,0.0,,47,Wellington City,Unknown,0.0,0.0,0.0,0.0,0.0,0.0,Open,0.0,0.0,0.0,Fine,Null,0
66413486,,576400,0.0,,0.0,3.0,,Null,2019/2020,CONSTABLE STREET,OWEN STREET,,Serious Crash,No,2019,,East,,0,,Hill Road,,,,,,Bright sun,2170000,0,0.0,0.0,2.0,,,0.0,,,,,,Wellington Region,Nil,2-way,Sealed,,0.0,1,,50.0,,Off,0.0,0.0,,47,Wellington City,Traffic Signals,,,,,0.0,0.0,Urban,0.0,,,Fine,Null,0
66413507,,573000,0.0,,0.0,2.0,,Null,2018/2019,JERVOIS QUAY-WEST,HARRIS STREET,,Non-Injury Crash,No,2018,,North,,0,,Flat,,,,,,Bright sun,2127500,0,0.0,0.0,3.0,,,0.0,,,,,,Wellington Region,Nil,1-way,Sealed,,0.0,0,,50.0,,Off,0.0,0.0,,47,Wellington City,Traffic Signals,,,,,0.0,0.0,Urban,0.0,,,Fine,Null,0
66413560,,573300,0.0,,0.0,1.0,,Null,2018/2019,RUGBY STREET,ADELAIDE ROAD,,Non-Injury Crash,Yes,2019,,West,,0,,Flat,,,,,,Overcast,2145602,0,0.0,0.0,4.0,,,0.0,,,,,,Wellington Region,Nil,1-way,Sealed,,0.0,0,,50.0,,Off,0.0,0.0,,47,Wellington City,Nil,,,,,0.0,0.0,Urban,1.0,,,Fine,Null,0
66413564,,576901,1.0,,0.0,1.0,,Null,2018/2019,COUTTS STREET,BAY ROAD,,Minor Crash,No,2019,,North,,0,,Flat,,,,,,Overcast,2178500,1,0.0,0.0,2.0,,,0.0,,,,,,Wellington Region,Nil,2-way,Sealed,,0.0,0,,50.0,,Off,0.0,0.0,,47,Wellington City,Give way,,,,,0.0,0.0,Urban,0.0,,,Fine,Null,0
66413582,,573000,0.0,0.0,0.0,2.0,0.0,North,2018/2019,WILLIS STREET,MANNERS STREET,,Non-Injury Crash,No,2019,0.0,North,0.0,0,0.0,Null,0.0,,0.0,,0.0,Unknown,2128100,0,0.0,0.0,3.0,0.0,0.0,0.0,0.0,1.0,,0.0,0.0,Wellington Region,Nil,2-way,Sealed,0.0,0.0,0,0.0,30.0,0.0,Null,0.0,0.0,,47,Wellington City,Unknown,0.0,0.0,0.0,0.0,0.0,0.0,Urban,0.0,0.0,0.0,Null,Null,0
66413605,,576002,0.0,,0.0,1.0,,Null,2018/2019,CLYDE STREET,AVON STREET,,Non-Injury Crash,No,2019,,North,,0,,Flat,,,,,,Bright sun,2192000,0,0.0,0.0,2.0,,,0.0,,,,,,Wellington Region,Nil,2-way,Sealed,,0.0,0,,50.0,,Off,0.0,0.0,,47,Wellington City,Give way,,,,,0.0,0.0,Urban,1.0,,,Fine,Null,0
66413637,,576400,0.0,,0.0,1.0,,North,2019/2020,RIDDIFORD STREET,WILSON STREET,,Minor Crash,No,2020,,North,,0,,Flat,,,,,,Bright sun,2167000,1,0.0,0.0,2.0,,,0.0,,,1.0,,,Wellington Region,Nil,2-way,Sealed,,0.0,0,,50.0,,Off,0.0,0.0,,47,Wellington City,Nil,,,,,0.0,0.0,Urban,0.0,,,Fine,Null,1
66413638,,574402,1.0,0.0,0.0,0.0,0.0,South,2018/2019,OTTAWA RD,AWARUA STREET,,Non-Injury Crash,No,2019,0.0,Null,0.0,0,0.0,Flat,0.0,,0.0,,0.0,Dark,2096400,0,0.0,0.0,2.0,0.0,0.0,0.0,0.0,0.0,,0.0,0.0,Wellington Region,Nil,2-way,Sealed,0.0,0.0,0,0.0,50.0,0.0,On,1.0,0.0,,47,Wellington City,Unknown,0.0,1.0,0.0,0.0,0.0,0.0,Urban,0.0,0.0,0.0,Fine,Null,0
66413642,,575000,0.0,,0.0,3.0,,Null,2018/2019,KARORI ROAD,FLERS STREET,,Non-Injury Crash,No,2018,,West,,0,,Flat,,,,,,Overcast,2111000,0,0.0,0.0,2.0,,,0.0,,,,,,Wellington Region,Nil,2-way,Sealed,,0.0,0,,50.0,,Null,0.0,0.0,,47,Wellington City,Stop,,,,,0.0,0.0,Urban,0.0,,,Light rain,Null,0
66413656,,573200,0.0,0.0,0.0,1.0,0.0,North,2019/2020,THE TERRACE,ABEL SMITH STREET,,Non-Injury Crash,No,2019,0.0,South,0.0,0,0.0,Flat,0.0,,1.0,,1.0,Dark,2157702,0,0.0,0.0,1.0,0.0,0.0,0.0,0.0,0.0,,0.0,0.0,Wellington Region,Nil,2-way,Sealed,0.0,0.0,0,0.0,50.0,0.0,On,1.0,0.0,,47,Wellington City,Nil,0.0,0.0,0.0,0.0,0.0,0.0,Urban,0.0,0.0,0.0,Fine,Null,0
66413661,,573101,0.0,,0.0,2.0,,Null,2019/2020,ARTHUR STREET,TARANAKI STREET,,Non-Injury Crash,Yes,2019,,East,,0,,Flat,,,,,,Bright sun,2134700,0,0.0,0.0,3.0,,,0.0,,,,,,Wellington Region,Nil,1-way,Sealed,,0.0,0,,50.0,,Off,0.0,0.0,,47,Wellington City,Traffic Signals,,,,,0.0,0.0,Urban,0.0,,,Fine,Null,0
66413676,,576400,0.0,,0.0,3.0,,Null,2017/2018,RIDDIFORD ST,HALL ST,,Non-Injury Crash,No,2018,,North,,0,,Flat,,,,,,Overcast,2166900,0,0.0,0.0,4.0,,,0.0,,,,,,Wellington Region,Nil,2-way,Sealed,,0.0,0,,40.0,,Null,0.0,0.0,,47,Wellington City,Traffic Signals,,,,,0.0,0.0,Urban,0.0,,,Fine,Null,0
66413702,,577301,1.0,,0.0,1.0,,North,2018/2019,MIRAMAR NORTH RD,Park Road,,Minor Crash,No,2019,,North,,0,,Hill Road,,,,,,Dark,2203400,1,0.0,0.0,2.0,,,0.0,,,,,,Wellington Region,Nil,2-way,Sealed,,0.0,0,,50.0,,On,0.0,0.0,,47,Wellington City,Unknown,,,,,0.0,0.0,Urban,0.0,,,Fine,Null,0
66413749,,573000,0.0,,0.0,1.0,,North,2019/2020,JERVOIS QUAY,HARRIS STREET,,Non-Injury Crash,No,2019,,North,,0,,Flat,,,,,,Dark,2127500,0,0.0,0.0,3.0,,,0.0,,,,,,Wellington Region,Nil,1-way,Sealed,,0.0,0,,50.0,,On,0.0,0.0,,47,Wellington City,Nil,,,,,0.0,0.0,Urban,1.0,,,Fine,Null,0
66413756,,572900,0.0,0.0,0.0,1.0,0.0,South,2017/2018,BUNNY ST,FEATHERSTON ST,,Non-Injury Crash,No,2018,0.0,North,0.0,0,0.0,Flat,0.0,,0.0,,0.0,Bright sun,2122700,0,0.0,1.0,1.0,0.0,0.0,0.0,0.0,1.0,,0.0,0.0,Wellington Region,Nil,1-way,Sealed,0.0,0.0,0,0.0,50.0,0.0,Null,0.0,0.0,,47,Wellington City,Unknown,0.0,0.0,0.0,0.0,0.0,0.0,Urban,0.0,0.0,0.0,Fine,Null,0
66413765,,576200,0.0,,0.0,2.0,,South,2019/2020,BRITOMART STREET,CITY TO SEA WALKWAY,,Non-Injury Crash,No,2020,,North,,0,,Hill Road,,,,,,Overcast,2171100,0,0.0,0.0,2.0,,,0.0,,,,,,Wellington Region,Nil,2-way,Sealed,,0.0,0,,50.0,,Off,0.0,0.0,,47,Wellington City,Nil,,,,,0.0,0.0,Urban,0.0,,,Fine,Strong wind,1
66413866,,576500,0.0,,0.0,1.0,,Null,2018/2019,ADELAIDE ROAD,DRUMMOND STREET,,Serious Crash,No,2019,,North,,0,,Flat,,,,,,Bright sun,2148400,0,0.0,1.0,3.0,,,0.0,,,,,,Wellington Region,Nil,2-way,Sealed,,0.0,1,,50.0,,Off,0.0,0.0,,47,Wellington City,Stop,,,,,0.0,0.0,Urban,0.0,,,Fine,Null,0
66413903,,577000,0.0,0.0,0.0,2.0,0.0,Null,2018/2019,ONEPU ROAD,APU CRESCENT,,Minor Crash,No,2019,0.0,South,0.0,0,1.0,Flat,0.0,,0.0,,0.0,Overcast,2175100,1,0.0,0.0,2.0,0.0,0.0,0.0,0.0,0.0,,0.0,0.0,Wellington Region,Nil,2-way,Sealed,0.0,0.0,0,0.0,50.0,0.0,Off,0.0,0.0,,47,Wellington City,Nil,0.0,0.0,0.0,0.0,0.0,0.0,Urban,0.0,0.0,0.0,Fine,Null,0