OBJECTID,advisorySpeed,areaUnitID,bicycle,bridge,bus,carStationWagon,cliffBank,crashDirectionDescription,crashFinancialYear,crashLocation1,crashLocation2,crashRoadSideRoad,crashSeverity,crashSHDescription,crashYear,debris,directionRoleDescription,ditch,fatalCount,fence,flatHill,guardRail,holiday,houseOrBuilding,intersection,kerb,light,meshblockId,minorInjuryCount,moped,motorcycle,NumberOfLanes,objectThrownOrDropped,otherObject,otherVehicleType,overBank,parkedVehicle,pedestrian,phoneBoxEtc,postOrPole,region,roadCharacter,roadLane,roadSurface,roadworks,schoolBus,seriousInjuryCount,slipOrFlood,speedLimit,strayAnimal,streetLight,suv,taxi,temporarySpeedLimit,tlaId,tlaName,trafficControl,trafficIsland,trafficSign,train,tree,truck,unknownVehicleType,urban,vanOrUtility,vehicle,waterRiver,weatherA,weatherB,if_pandemic
66413939,,574303,0.0,,0.0,2.0,,Null,2018/2019,SH 1N,SH 2,,Non-Injury Crash,Yes,2018,,West,,0,,Flat,,,,,,Overcast,2090402,0,0.0,0.0,8.0,,,0.0,,,,,,Wellington Region,Nil,2-way,Sealed,,0.0,0,,60.0,,Null,1.0,0.0,,47,Wellington City,Nil,,,,,0.0,0.0,Urban,0.0,,,Fine,Null,0
66413954,,573526,0.0,,0.0,2.0,,East,2017/2018,SH 2,SERVICE STN NTH,,Non-Injury Crash,Yes,2018,,East,,0,,Flat,,,,,,Overcast,2086403,0,0.0,0.0,2.0,,,0.0,,,,,,Wellington Region,Nil,1-way,Sealed,,0.0,0,,100.0,,Null,0.0,0.0,,47,Wellington City,Unknown,,,,,0.0,0.0,Open,0.0,,,Fine,Null,0
66413962,,573000,0.0,,0.0,0.0,,North,2017/2018,CUSTOMHOUSE QUAY,WILLESTON ST,,Non-Injury Crash,No,2018,,South,,0,,Flat,,,,,,Bright sun,2125800,0,0.0,0.0,3.0,,,0.0,,,,,,Wellington Region,Nil,2-way,Sealed,,0.0,0,,50.0,,Null,0.0,0.0,,47,Wellington City,Unknown,,,,,0.0,0.0,Urban,2.0,,,Fine,Null,0
66413963,,577200,0.0,,0.0,1.0,,Null,2018/2019,CALEDONIA STREET,MIRO STREET,,Non-Injury Crash,No,2019,,East,,0,,Flat,,,,,,Overcast,2206400,0,0.0,1.0,2.0,,,0.0,,,,,,Wellington Region,Nil,2-way,Sealed,,0.0,0,,50.0,,Off,0.0,0.0,,47,Wellington City,Nil,,,,,0.0,0.0,Urban,0.0,,,Fine,Null,0
66413966,,576301,0.0,0.0,0.0,2.0,0.0,South,2018/2019,ADELAIDE ROAD,Torquay Terrace,,Minor Crash,No,2019,0.0,North,0.0,0,0.0,Flat,0.0,,0.0,,0.0,Overcast,2165300,1,0.0,0.0,2.0,0.0,0.0,1.0,0.0,1.0,,0.0,0.0,Wellington Region,Nil,2-way,Sealed,0.0,0.0,0,0.0,50.0,0.0,Off,0.0,0.0,,47,Wellington City,Unknown,0.0,0.0,0.0,0.0,0.0,0.0,Urban,0.0,0.0,0.0,Fine,Null,0
66413974,,576800,0.0,,0.0,1.0,,West,2018/2019,RATA RD,EVANS BAY PARADE,,Non-Injury Crash,No,2019,,South,,0,,Null,,,,,,Bright sun,2183100,0,0.0,0.0,2.0,,,0.0,,,,,,Wellington Region,Nil,2-way,Sealed,,0.0,0,,50.0,,Off,0.0,0.0,,47,Wellington City,Unknown,,,,,0.0,1.0,Urban,0.0,,,Fine,Null,0
66413994,,575000,0.0,,0.0,2.0,,Null,2018/2019,KARORI ROAD,READING STREET,,Non-Injury Crash,No,2018,,East,,0,,Hill Road,,Labour Weekend,,,,Bright sun,2112300,0,0.0,0.0,2.0,,,0.0,,,,,,Wellington Region,Nil,2-way,Sealed,,0.0,0,,50.0,,Off,0.0,0.0,,47,Wellington City,Give way,,,,,0.0,0.0,Urban,0.0,,,Fine,Null,0
66414002,,575300,0.0,,0.0,0.0,,South,2018/2019,GLENMORE STREET,KILMISTER AVENUE,,Minor Crash,No,2019,,South,,0,,Hill Road,,,,,,Dark,2153501,2,0.0,0.0,2.0,,,0.0,,,1.0,,,Wellington Region,Nil,2-way,Sealed,,0.0,0,,50.0,,On,1.0,0.0,,47,Wellington City,Unknown,,,,,0.0,0.0,Urban,0.0,,,Fine,Null,0
66414041,,573101,0.0,,0.0,2.0,,South,2018/2019,VICTORIA ST,GHUZNEE ST,,Non-Injury Crash,No,2019,,South,,0,,Flat,,,,,,Bright sun,2131600,0,0.0,0.0,3.0,,,0.0,,,,,,Wellington Region,Nil,2-way,Sealed,,0.0,0,,50.0,,Off,0.0,0.0,,47,Wellington City,Unknown,,,,,0.0,0.0,Urban,0.0,,,Fine,Null,0
66414043,,572702,0.0,,0.0,2.0,,South,2019/2020,01N-1050/06.30-I,COLLINS OBR,,Minor Crash,Yes,2019,,South,,0,,Hill Road,,,,,,Bright sun,1996202,1,0.0,0.0,4.0,,,0.0,,,,,,Wellington Region,Nil,2-way,Sealed,,0.0,0,,100.0,,Off,0.0,0.0,70.0,47,Wellington City,Unknown,,,,,0.0,0.0,Open,0.0,,,Fine,Null,0
66414063,,573700,0.0,,0.0,4.0,,Null,2018/2019,01N-1060-D,JVILLE OBR,,Minor Crash,Yes,2019,,North,,0,,Flat,,,,,,Overcast,2083100,2,0.0,0.0,2.0,,,0.0,,,,,,Wellington Region,Nil,1-way,Sealed,,0.0,0,,80.0,,Off,1.0,0.0,,47,Wellington City,Unknown,,,,,0.0,0.0,Open,0.0,,,Fine,Null,0
66414083,,573525,0.0,0.0,0.0,1.0,0.0,North,2018/2019,01N-1050/06.30-I,01N-1060-R4,,Minor Crash,Yes,2019,0.0,South,0.0,0,0.0,Flat,1.0,,0.0,,0.0,Bright sun,2053827,2,0.0,0.0,4.0,0.0,0.0,0.0,0.0,0.0,,0.0,0.0,Wellington Region,Nil,2-way,Sealed,0.0,0.0,0,0.0,100.0,0.0,None,0.0,0.0,,47,Wellington City,Unknown,0.0,0.0,0.0,0.0,1.0,0.0,Open,0.0,0.0,0.0,Fine,Null,0
66414084,,573101,0.0,0.0,0.0,1.0,0.0,South,2018/2019,VICTORIA ST,EDWARD ST,,Non-Injury Crash,No,2019,0.0,North,0.0,0,0.0,Null,0.0,,0.0,,0.0,Unknown,2131300,0,0.0,0.0,4.0,0.0,0.0,0.0,0.0,1.0,,0.0,0.0,Wellington Region,Nil,2-way,Sealed,0.0,0.0,0,0.0,50.0,0.0,Null,0.0,0.0,,47,Wellington City,Unknown,0.0,0.0,0.0,0.0,0.0,0.0,Urban,1.0,0.0,0.0,Null,Null,0
66414121,,576400,0.0,0.0,0.0,2.0,0.0,East,2018/2019,MEIN ST,MINERVA ST,,Non-Injury Crash,No,2018,0.0,East,0.0,0,0.0,Flat,0.0,,0.0,,0.0,Bright sun,2167100,0,0.0,0.0,2.0,0.0,0.0,0.0,0.0,1.0,,0.0,0.0,Wellington Region,Nil,2-way,Sealed,0.0,0.0,0,0.0,40.0,0.0,Null,0.0,0.0,,47,Wellington City,Unknown,0.0,0.0,0.0,0.0,0.0,0.0,Urban,0.0,0.0,0.0,Fine,Null,0
66414130,,573300,0.0,,1.0,1.0,,Null,2018/2019,ELLICE STREET,HANIA STREET,,Non-Injury Crash,No,2018,,East,,0,,Null,,,,,,Bright sun,2145602,0,0.0,0.0,4.0,,,0.0,,,,,,Wellington Region,Nil,1-way,Sealed,,0.0,0,,50.0,,Off,0.0,0.0,,47,Wellington City,Give way,,,,,0.0,0.0,Urban,0.0,,,Null,Null,0
66414170,,576301,0.0,,0.0,1.0,,Null,2019/2020,JOHN STREET,HANSON STREET,,Serious Crash,No,2019,,South,,0,,Hill Road,,,,,,Dark,2163400,1,0.0,1.0,4.0,,,0.0,,,,,,Wellington Region,Nil,2-way,Sealed,,0.0,1,,50.0,,On,0.0,0.0,,47,Wellington City,Traffic Signals,,,,,0.0,0.0,Urban,0.0,,,Light rain,Null,0
66414197,,573902,0.0,0.0,0.0,2.0,0.0,Null,2019/2020,WOODRIDGE DRIVE,GLENWOOD GROVE,,Minor Crash,No,2019,0.0,North,0.0,0,0.0,Flat,0.0,,0.0,,0.0,Twilight,2086404,1,0.0,0.0,2.0,0.0,0.0,0.0,0.0,1.0,,0.0,0.0,Wellington Region,Nil,2-way,Sealed,0.0,0.0,0,0.0,50.0,0.0,Off,0.0,0.0,,47,Wellington City,Nil,0.0,0.0,0.0,0.0,0.0,0.0,Urban,0.0,0.0,0.0,Fine,Null,0
66414199,,573903,0.0,0.0,0.0,2.0,0.0,North,2018/2019,NEWLANDS RD,STELLA GROVE,,Non-Injury Crash,No,2019,0.0,North,0.0,0,1.0,Hill Road,0.0,,0.0,,0.0,Dark,2073900,0,0.0,0.0,2.0,0.0,0.0,0.0,0.0,2.0,,0.0,1.0,Wellington Region,Nil,2-way,Sealed,0.0,0.0,0,0.0,50.0,0.0,On,0.0,0.0,,47,Wellington City,Unknown,0.0,0.0,0.0,0.0,0.0,0.0,Urban,1.0,0.0,0.0,Fine,Null,0
66414238,,573200,0.0,,0.0,2.0,,West,2018/2019,PALMER ST,WILLIS ST,,Non-Injury Crash,No,2018,,West,,0,,Flat,,,,,,Bright sun,2158000,0,0.0,0.0,2.0,,,0.0,,,,,,Wellington Region,Nil,2-way,Sealed,,0.0,0,,50.0,,Null,0.0,0.0,,47,Wellington City,Unknown,,,,,0.0,0.0,Urban,0.0,,,Fine,Null,0
66414251,,574200,0.0,,0.0,1.0,,South,2018/2019,BURMA ROAD,JOHN SIMS DRIVE,,Minor Crash,No,2019,,South,,0,,Flat,,,,,,Bright sun,2087900,1,0.0,0.0,2.0,,,0.0,,,1.0,,,Wellington Region,Nil,2-way,Sealed,,0.0,0,,50.0,,Off,0.0,0.0,,47,Wellington City,Unknown,,,,,0.0,0.0,Urban,0.0,,,Fine,Null,0
66414289,,573000,0.0,,1.0,1.0,,Null,2017/2018,BOLTON ST,THE TERRACE,,Non-Injury Crash,No,2018,,East,,0,,Hill Road,,,,,,Overcast,2123700,0,0.0,0.0,2.0,,,0.0,,,,,,Wellington Region,Nil,2-way,Sealed,,0.0,0,,50.0,,Null,0.0,0.0,,47,Wellington City,Nil,,,,,0.0,0.0,Urban,0.0,,,Fine,Null,0
66414298,,573903,0.0,,0.0,2.0,,North,2018/2019,PINKERTON GR,HOROKIWI ROAD WEST,,Non-Injury Crash,No,2018,,North,,0,,Flat,,,,,,Overcast,2073106,0,0.0,0.0,1.0,,,0.0,,,,,,Wellington Region,Nil,2-way,Sealed,,0.0,0,,50.0,,Off,0.0,0.0,,47,Wellington City,Unknown,,,,,0.0,0.0,Urban,0.0,,,Fine,Null,0
66414300,,574302,0.0,,0.0,2.0,,North,2017/2018,SH 1N,AOTEA OBR,,Non-Injury Crash,Yes,2018,,East,,0,,Flat,,,,,,Dark,2090604,0,0.0,0.0,3.0,,,0.0,,,,,,Wellington Region,Nil,1-way,Sealed,,0.0,0,,100.0,,On,0.0,0.0,60.0,47,Wellington City,Unknown,,,,,0.0,0.0,Open,0.0,,,Fine,Null,0
66414335,,573101,0.0,,0.0,2.0,,North,2018/2019,CAMBRIDGE TCE,TENNYSON STREET,,Non-Injury Crash,No,2018,,North,,0,,Flat,,,,,,Twilight,2136100,0,0.0,0.0,3.0,,,0.0,,,,,,Wellington Region,Nil,1-way,Sealed,,0.0,0,,50.0,,Off,0.0,0.0,,47,Wellington City,Unknown,,,,,0.0,0.0,Urban,0.0,,,Fine,Null,0
66414338,,576301,0.0,0.0,0.0,2.0,0.0,North,2018/2019,KENWYN TCE,STOKE ST,,Non-Injury Crash,No,2019,0.0,South,0.0,0,0.0,Flat,0.0,,0.0,,0.0,Dark,2164902,0,0.0,0.0,2.0,0.0,0.0,0.0,0.0,1.0,,0.0,0.0,Wellington Region,Nil,2-way,Sealed,0.0,0.0,0,0.0,50.0,0.0,On,0.0,0.0,,47,Wellington City,Unknown,0.0,0.0,0.0,0.0,0.0,0.0,Urban,0.0,0.0,0.0,Fine,Null,0
66414369,,576800,0.0,0.0,0.0,2.0,0.0,South,2018/2019,RAKAU ROAD,ARIKI ROAD,,Non-Injury Crash,No,2018,0.0,West,0.0,0,0.0,Hill Road,0.0,,0.0,,0.0,Dark,2184400,0,0.0,0.0,2.0,0.0,0.0,0.0,0.0,1.0,,0.0,0.0,Wellington Region,Nil,2-way,Sealed,0.0,0.0,0,0.0,50.0,0.0,Off,0.0,0.0,,47,Wellington City,Unknown,0.0,0.0,0.0,0.0,0.0,0.0,Urban,0.0,0.0,0.0,Fine,Null,0
66414390,,573000,0.0,,0.0,1.0,,Null,2018/2019,FEATHERSTON STREET,GREY STREET,,Non-Injury Crash,No,2019,,West,,0,,Null,,,,,,Unknown,2125800,0,0.0,0.0,2.0,,,0.0,,,,,,Wellington Region,Nil,2-way,Null,,0.0,0,,50.0,,Null,0.0,0.0,,47,Wellington City,Give way,,,,,0.0,0.0,Urban,1.0,,,Null,Null,0
66414406,,574100,0.0,,0.0,1.0,,Null,2018/2019,TRUSCOTT AVENUE,ELLIOTT STREET,,Non-Injury Crash,No,2019,,North,,0,,Hill Road,,,,,,Overcast,2085905,0,0.0,0.0,2.0,,,0.0,,,1.0,,,Wellington Region,Nil,2-way,Sealed,,0.0,0,,50.0,,Off,0.0,0.0,,47,Wellington City,Give way,,,,,0.0,0.0,Urban,0.0,,,Fine,Null,0
66414427,,576100,0.0,,0.0,1.0,,North,2018/2019,HOUGHTON BAY RD,HUNGERFORD ROAD,,Non-Injury Crash,No,2019,,North,,0,,Hill Road,,,,,,Bright sun,2194600,0,0.0,0.0,2.0,,,0.0,,,,,,Wellington Region,Nil,2-way,Sealed,,0.0,0,,50.0,,Off,0.0,0.0,,47,Wellington City,Unknown,,,,,0.0,0.0,Urban,0.0,,,Fine,Null,0
66414443,,573000,0.0,,0.0,2.0,,North,2018/2019,SH 1N,SOUTH PORTAL,,Non-Injury Crash,Yes,2018,,South,,0,,Flat,,,,,,Bright sun,2129200,0,0.0,0.0,2.0,,,0.0,,,,,,Wellington Region,Nil,2-way,Sealed,,0.0,0,,100.0,,Null,0.0,0.0,60.0,47,Wellington City,Unknown,,,,,0.0,0.0,Open,0.0,,,Fine,Null,0
66414475,,572900,0.0,,0.0,1.0,,North,2018/2019,THORNDON QUAY,DAVIS STREET,,Minor Crash,No,2019,,South,,0,,Flat,,,,,,Bright sun,2118400,1,1.0,0.0,2.0,,,0.0,,,,,,Wellington Region,Nil,2-way,Sealed,,0.0,0,,50.0,,Off,0.0,0.0,,47,Wellington City,Unknown,,,,,0.0,0.0,Urban,0.0,,,Fine,Null,0
66414481,,577000,0.0,,0.0,2.0,,Null,2017/2018,COBHAM DRIVE,CALABAR ROAD,,Non-Injury Crash,Yes,2018,,South,,0,,Flat,,,,,,Bright sun,2175700,0,0.0,0.0,3.0,,,0.0,,,,,,Wellington Region,Nil,1-way,Sealed,,0.0,0,,70.0,,Null,0.0,0.0,,47,Wellington City,Give way,,,,,0.0,0.0,Urban,0.0,,,Fine,Null,0
66414484,,574900,0.0,0.0,0.0,2.0,0.0,North,2019/2020,MAKARA RD,TERAWHITI TERRACE,,Minor Crash,No,2019,0.0,North,0.0,0,0.0,Hill Road,0.0,,0.0,,0.0,Dark,2110102,1,0.0,0.0,2.0,0.0,0.0,0.0,0.0,1.0,,0.0,0.0,Wellington Region,Nil,2-way,Sealed,0.0,0.0,0,0.0,50.0,0.0,None,0.0,0.0,,47,Wellington City,Unknown,0.0,0.0,0.0,0.0,0.0,0.0,Urban,0.0,0.0,0.0,Fine,Null,0
66414499,,576903,0.0,0.0,0.0,3.0,0.0,North,2017/2018,EVANS BAY PARADE,SH 1N,,Non-Injury Crash,No,2018,0.0,South,0.0,0,0.0,Flat,0.0,,0.0,,0.0,Dark,2179800,0,0.0,0.0,2.0,0.0,0.0,0.0,0.0,1.0,,0.0,0.0,Wellington Region,Nil,2-way,Sealed,0.0,0.0,0,0.0,50.0,0.0,On,0.0,0.0,,47,Wellington City,Unknown,0.0,0.0,0.0,0.0,0.0,0.0,Urban,0.0,0.0,0.0,Light rain,Null,0
66414518,,576700,0.0,0.0,0.0,1.0,0.0,East,2018/2019,MAIDA VALE RD,LINDUM TERRACE,,Non-Injury Crash,No,2019,0.0,Null,0.0,0,0.0,Null,0.0,Easter,0.0,,0.0,Unknown,2186500,0,0.0,0.0,2.0,0.0,0.0,0.0,0.0,1.0,,0.0,0.0,Wellington Region,Nil,2-way,Sealed,0.0,0.0,0,0.0,50.0,0.0,Null,0.0,0.0,,47,Wellington City,Unknown,0.0,0.0,0.0,0.0,0.0,1.0,Urban,0.0,0.0,0.0,Null,Null,0
66414542,,573511,0.0,,0.0,1.0,,Null,2019/2020,WESTCHESTER DRIVE EAST,CHURTON PARK-GLENSIDE ON RAMP,,Non-Injury Crash,No,2019,,East,,0,,Flat,,,,,,Unknown,2086203,0,0.0,0.0,2.0,,,0.0,,,,,,Wellington Region,Motorway ramp,2-way,Sealed,,0.0,0,,50.0,,Off,1.0,0.0,,47,Wellington City,Give way,,,,,0.0,0.0,Urban,0.0,,,Null,Null,0
66414558,,573700,0.0,,0.0,1.0,,North,2019/2020,01N-1060-D,JVILLE OBR,,Non-Injury Crash,Yes,2019,,North,,0,,Flat,,,,,,Overcast,2082800,0,0.0,0.0,2.0,,,0.0,,,,,,Wellington Region,Nil,2-way,Sealed,,0.0,0,,80.0,,Off,0.0,0.0,60.0,47,Wellington City,Unknown,,,,,0.0,0.0,Open,1.0,,,Light rain,Strong wind,0
66414597,,577000,0.0,0.0,0.0,1.0,1.0,North,2019/2020,STEWART DUFF DRIVE,WELLINGTON AIR TERMINAL,,Non-Injury Crash,No,2020,0.0,North,0.0,0,0.0,Flat,0.0,,0.0,,0.0,Overcast,2175700,0,0.0,0.0,1.0,0.0,0.0,0.0,0.0,1.0,,0.0,0.0,Wellington Region,Nil,1-way,Sealed,0.0,0.0,0,0.0,10.0,0.0,Off,1.0,0.0,,47,Wellington City,Nil,0.0,0.0,0.0,0.0,0.0,0.0,Urban,0.0,0.0,0.0,Fine,Null,1
66414605,,574402,0.0,,0.0,2.0,,South,2019/2020,OTTAWA ROAD,AWARUA STREET,,Minor Crash,No,2020,,South,,0,,Flat,,,,,,Overcast,2096400,1,0.0,0.0,2.0,,,0.0,,,,,,Wellington Region,Nil,2-way,Sealed,,0.0,0,,30.0,,Off,0.0,0.0,,47,Wellington City,Nil,,,,,0.0,0.0,Urban,0.0,,,Fine,Null,1
66414632,,573000,0.0,,0.0,1.0,,North,2020/2021,BOULCOTT STREET,ATHOL CRESCENT,,Minor Crash,No,2021,,North,,0,,Flat,,,,,,Bright sun,2127600,1,0.0,1.0,2.0,,,0.0,,,,,,Wellington Region,Nil,2-way,Sealed,,0.0,0,,30.0,,Off,0.0,0.0,,47,Wellington City,Nil,,,,,0.0,0.0,Urban,0.0,,,Fine,Null,1
66414633,,576500,0.0,0.0,0.0,1.0,0.0,East,2018/2019,MEIN STREET,RIDDIFORD STREET,,Non-Injury Crash,No,2019,0.0,East,0.0,0,0.0,Null,0.0,,0.0,,0.0,Unknown,2148800,0,0.0,0.0,2.0,0.0,0.0,0.0,0.0,1.0,,0.0,0.0,Wellington Region,Nil,2-way,Null,0.0,0.0,0,0.0,50.0,0.0,Null,0.0,0.0,,47,Wellington City,Nil,0.0,0.0,0.0,0.0,1.0,0.0,Urban,0.0,0.0,0.0,Null,Null,0
66414645,,572900,0.0,,0.0,1.0,,Null,2018/2019,WATERLOO QUAY,HINEMOA STREET,,Non-Injury Crash,No,2019,,South,,0,,Flat,,,,,,Bright sun,2118400,0,0.0,0.0,5.0,,,0.0,,,,,,Wellington Region,Nil,2-way,Sealed,,0.0,0,,50.0,,Off,0.0,0.0,,47,Wellington City,Traffic Signals,,,,,0.0,0.0,Urban,1.0,,,Fine,Strong wind,0
66414647,,572900,0.0,,0.0,2.0,,Null,2019/2020,TINAKORI ROAD,MOLESWORTH STREET,,Minor Crash,No,2019,,South,,0,,Flat,,,,,,Dark,2120500,1,0.0,0.0,3.0,,,0.0,,,,,,Wellington Region,Nil,2-way,Sealed,,0.0,0,,50.0,,On,0.0,0.0,,47,Wellington City,Traffic Signals,,,,,0.0,0.0,Urban,0.0,,,Fine,Null,0
66414663,,573514,0.0,,0.0,1.0,,North,2018/2019,01N-1060-D,JOHNSONVILLE ON RAMP,,Minor Crash,Yes,2019,,North,,0,,Flat,,,,,,Overcast,2081100,1,0.0,0.0,2.0,,,0.0,,,,,,Wellington Region,Nil,1-way,Sealed,,0.0,0,,100.0,,Off,1.0,0.0,,47,Wellington City,Unknown,,,,,0.0,0.0,Open,1.0,,,Fine,Null,0
66414665,,576500,0.0,,0.0,1.0,,South,2018/2019,RIDDIFORD ST,MEIN ST,,Non-Injury Crash,No,2018,,East,,0,,Flat,,Christmas New Year,,,,Bright sun,2148800,0,0.0,0.0,2.0,,,0.0,,,,,,Wellington Region,Nil,2-way,Sealed,,0.0,0,,50.0,,Null,1.0,0.0,,47,Wellington City,Traffic Signals,,,,,0.0,0.0,Urban,0.0,,,Fine,Null,0
66414670,,574701,0.0,,0.0,0.0,,Null,2018/2019,CHARTWELL DRIVE,RANDOLPH ROAD,,Minor Crash,No,2019,,South,,0,,Hill Road,,,,,,Overcast,2105100,1,0.0,0.0,2.0,,,0.0,,,1.0,,,Wellington Region,Nil,2-way,Sealed,,0.0,0,,50.0,,Off,1.0,0.0,,47,Wellington City,Give way,,,,,0.0,0.0,Urban,0.0,,,Fine,Null,0
66414686,,577302,0.0,0.0,0.0,1.0,0.0,East,2018/2019,REX ST,TAUHINU ROAD,,Non-Injury Crash,No,2018,0.0,South,0.0,0,0.0,Flat,0.0,,0.0,,0.0,Dark,2205500,0,0.0,0.0,2.0,0.0,0.0,0.0,0.0,1.0,,0.0,0.0,Wellington Region,Nil,2-way,Sealed,0.0,0.0,0,0.0,50.0,0.0,On,1.0,0.0,,47,Wellington City,Unknown,0.0,0.0,0.0,0.0,0.0,0.0,Urban,0.0,0.0,0.0,Fine,Null,0
66414687,,572900,0.0,,0.0,1.0,,North,2018/2019,THORNDON QUAY,DAVIS STREET,,Minor Crash,No,2019,,North,,0,,Flat,,,,,,Bright sun,2118400,1,1.0,0.0,2.0,,,0.0,,,,,,Wellington Region,Nil,2-way,Sealed,,0.0,0,,50.0,,Off,0.0,0.0,,47,Wellington City,Unknown,,,,,0.0,0.0,Urban,0.0,,,Fine,Null,0
66414706,,574001,0.0,0.0,0.0,0.0,0.0,West,2018/2019,NEWLANDS RD,HURRING PLACE,,Non-Injury Crash,No,2019,0.0,West,0.0,0,0.0,Hill Road,0.0,,0.0,,0.0,Bright sun,2077600,0,0.0,0.0,2.0,0.0,0.0,0.0,0.0,1.0,,0.0,0.0,Wellington Region,Nil,2-way,Sealed,0.0,0.0,0,0.0,50.0,0.0,Off,1.0,0.0,,47,Wellington City,Unknown,0.0,0.0,0.0,0.0,0.0,0.0,Urban,1.0,0.0,0.0,Fine,Null,0
66414714,,573000,0.0,,0.0,2.0,,North,2018/2019,WELLINGTON URBAN MOTORWAY,SOUTH PORTAL,,Non-Injury Crash,Yes,2018,,North,,0,,Flat,,,,,,Twilight,2130500,0,0.0,0.0,3.0,,,0.0,,,,,,Wellington Region,Nil,2-way,Sealed,,0.0,0,,80.0,,On,0.0,0.0,,47,Wellington City,Nil,,,,,0.0,0.0,Open,0.0,,,Light rain,Null,0
66414785,,575200,0.0,,0.0,1.0,,North,2018/2019,GARDEN RD,GLENMORE STREET,,Non-Injury Crash,No,2019,,North,,0,,Null,,,,,,Bright sun,2151500,0,0.0,0.0,2.0,,,0.0,,,,,,Wellington Region,Nil,2-way,Sealed,,0.0,0,,50.0,,Off,0.0,0.0,,47,Wellington City,Unknown,,,,,1.0,0.0,Urban,0.0,,,Null,Null,0
66414795,,574500,0.0,,0.0,1.0,,North,2017/2018,SH 1N,AOTEA ON NBD,,Non-Injury Crash,Yes,2018,,North,,0,,Flat,,,,,,Twilight,2093500,0,0.0,0.0,4.0,,,0.0,,,,,,Wellington Region,Nil,1-way,Sealed,,0.0,0,,100.0,,On,0.0,0.0,60.0,47,Wellington City,Unknown,,,,,0.0,0.0,Open,1.0,,,Fine,Null,0
66414832,,573300,0.0,,0.0,0.0,,Null,2019/2020,ADELAIDE ROAD,GIRTON TERRACE,,Serious Crash,No,2019,,South,,0,,Flat,,,,,,Twilight,2145700,0,0.0,1.0,4.0,,,0.0,,,,,,Wellington Region,Nil,2-way,Sealed,,0.0,1,,50.0,,Off,1.0,0.0,,47,Wellington City,Give way,,,,,0.0,0.0,Urban,0.0,,,Fine,Null,0
66414868,,573101,0.0,,0.0,1.0,,Null,2018/2019,SH 1N,TORY ST,,Non-Injury Crash,Yes,2018,,East,,0,,Hill Road,,,,,,Bright sun,2136600,0,0.0,0.0,2.0,,,0.0,,,,,,Wellington Region,Nil,1-way,Sealed,,0.0,0,,50.0,,Null,0.0,0.0,,47,Wellington City,Traffic Signals,,,,,0.0,0.0,Urban,1.0,,,Fine,Null,0
66414951,,576903,0.0,,0.0,0.0,,Null,2018/2019,RUAHINE STREET,GOA STREET,,Non-Injury Crash,Yes,2019,,South,,0,,Flat,,,,,,Overcast,2180700,0,0.0,0.0,2.0,,,0.0,,,,,,Wellington Region,Nil,2-way,Sealed,,0.0,0,,70.0,,Off,0.0,0.0,,47,Wellington City,Give way,,,,,0.0,0.0,Urban,2.0,,,Fine,Strong wind,0
66414971,,577200,0.0,,0.0,1.0,,Null,2017/2018,DEVONSHIRE ROAD,CALEDONIA ST,,Non-Injury Crash,No,2018,,South,,0,,Flat,,,,,,Bright sun,2207000,0,0.0,0.0,2.0,,,0.0,,,,,,Wellington Region,Nil,2-way,Sealed,,0.0,0,,50.0,,Null,0.0,0.0,,47,Wellington City,Stop,,,,,0.0,0.0,Urban,1.0,,,Fine,Null,0
66414978,,573101,0.0,,0.0,0.0,,Null,2018/2019,GHUZNEE STREET,CUBA ST,,Minor Crash,No,2019,,West,,0,,Flat,,,,,,Bright sun,2133600,1,0.0,0.0,2.0,,,0.0,,,1.0,,,Wellington Region,Nil,2-way,Sealed,,0.0,0,,50.0,,Off,0.0,0.0,,47,Wellington City,Traffic Signals,,,,,0.0,0.0,Urban,1.0,,,Fine,Null,0
66414991,,576800,0.0,0.0,0.0,7.0,0.0,South,2018/2019,01N-1076,TAURIMA ST,,Non-Injury Crash,Yes,2018,0.0,South,0.0,0,0.0,Hill Road,0.0,,0.0,,0.0,Dark,2181900,0,0.0,0.0,2.0,0.0,0.0,0.0,0.0,4.0,,0.0,0.0,Wellington Region,Nil,2-way,Sealed,0.0,0.0,0,0.0,70.0,0.0,On,1.0,0.0,,47,Wellington City,Unknown,0.0,0.0,0.0,0.0,0.0,0.0,Urban,0.0,0.0,0.0,Fine,Null,0
66414997,,573000,0.0,0.0,1.0,0.0,0.0,South,2019/2020,WILLIS STREET,GHUZNEE STREET,,Non-Injury Crash,No,2019,0.0,North,0.0,0,0.0,Null,0.0,,0.0,,0.0,Unknown,2129700,0,0.0,0.0,2.0,0.0,0.0,0.0,0.0,1.0,,0.0,0.0,Wellington Region,Nil,2-way,Sealed,0.0,0.0,0,0.0,50.0,0.0,Null,0.0,0.0,,47,Wellington City,Unknown,0.0,0.0,0.0,0.0,0.0,0.0,Urban,1.0,0.0,0.0,Null,Null,0