OBJECTID,advisorySpeed,areaUnitID,bicycle,bridge,bus,carStationWagon,cliffBank,crashDirectionDescription,crashFinancialYear,crashLocation1,crashLocation2,crashRoadSideRoad,crashSeverity,crashSHDescription,crashYear,debris,directionRoleDescription,ditch,fatalCount,fence,flatHill,guardRail,holiday,houseOrBuilding,intersection,kerb,light,meshblockId,minorInjuryCount,moped,motorcycle,NumberOfLanes,objectThrownOrDropped,otherObject,otherVehicleType,overBank,parkedVehicle,pedestrian,phoneBoxEtc,postOrPole,region,roadCharacter,roadLane,roadSurface,roadworks,schoolBus,seriousInjuryCount,slipOrFlood,speedLimit,strayAnimal,streetLight,suv,taxi,temporarySpeedLimit,tlaId,tlaName,trafficControl,trafficIsland,trafficSign,train,tree,truck,unknownVehicleType,urban,vanOrUtility,vehicle,waterRiver,weatherA,weatherB,if_pandemic
66415005,,576901,0.0,,0.0,1.0,,North,2019/2020,COBHAM DRIVE,TROY STREET,,Non-Injury Crash,Yes,2019,,North,,0,,Flat,,,,,,Bright sun,2176800,0,0.0,0.0,4.0,,,0.0,,,,,,Wellington Region,Nil,2-way,Sealed,,0.0,0,,70.0,,Off,0.0,0.0,,47,Wellington City,Nil,,,,,1.0,0.0,Urban,0.0,,,Fine,Null,0
66415022,,573000,0.0,,0.0,0.0,,West,2018/2019,WILLESTON ST,JERVOIS QUAY,,Non-Injury Crash,No,2019,,Null,,0,,Null,,,,,,Overcast,2127500,0,0.0,0.0,2.0,,,0.0,,,,,,Wellington Region,Nil,2-way,Sealed,,0.0,0,,50.0,,Off,0.0,0.0,,47,Wellington City,Unknown,,,,,0.0,2.0,Urban,0.0,,,Fine,Null,0
66415030,,574002,0.0,0.0,0.0,1.0,0.0,Null,2017/2018,CENTENNIAL HIGHWAY,HUTT ROAD,,Non-Injury Crash,No,2018,0.0,North,0.0,0,0.0,Flat,1.0,,0.0,,0.0,Overcast,2078302,0,0.0,0.0,2.0,0.0,0.0,0.0,0.0,0.0,,0.0,0.0,Wellington Region,Motorway ramp,2-way,Sealed,0.0,0.0,0,0.0,80.0,0.0,On,0.0,0.0,,47,Wellington City,Traffic Signals,1.0,1.0,0.0,0.0,0.0,0.0,Open,0.0,0.0,0.0,Fine,Null,0
66415040,,577000,0.0,0.0,0.0,1.0,0.0,North,2019/2020,KINGSFORD SMITH STREET,MCGREGOR STREET,,Non-Injury Crash,No,2019,0.0,Null,0.0,0,0.0,Flat,0.0,,0.0,,0.0,Bright sun,2175502,0,0.0,0.0,2.0,0.0,0.0,0.0,0.0,1.0,,0.0,0.0,Wellington Region,Nil,2-way,Sealed,0.0,0.0,0,0.0,50.0,0.0,Off,0.0,0.0,,47,Wellington City,Unknown,0.0,0.0,0.0,0.0,0.0,1.0,Urban,0.0,0.0,0.0,Fine,Null,0
66415042,,573901,0.0,,0.0,1.0,,Null,2018/2019,STEWART DRIVE,LOASBY CRESCENT,,Non-Injury Crash,No,2019,,East,,0,,Hill Road,,,,,,Dark,2073500,0,0.0,0.0,2.0,,,0.0,,,,,,Wellington Region,Nil,2-way,Sealed,,0.0,0,,50.0,,On,0.0,0.0,,47,Wellington City,Nil,,,,,0.0,0.0,Urban,1.0,,,Fine,Null,0
66415060,,573600,0.0,0.0,0.0,1.0,0.0,Null,2018/2019,BASSETT ROAD,IRONSIDE ROAD,,Non-Injury Crash,No,2019,0.0,North,0.0,0,0.0,Flat,0.0,,0.0,,0.0,Overcast,2080800,0,0.0,0.0,2.0,0.0,1.0,0.0,1.0,0.0,,0.0,0.0,Wellington Region,Nil,2-way,Sealed,0.0,0.0,0,0.0,50.0,0.0,Off,0.0,0.0,,47,Wellington City,Give way,0.0,0.0,0.0,1.0,0.0,0.0,Urban,0.0,0.0,0.0,Light rain,Null,0
66415064,,577200,0.0,,0.0,1.0,,Null,2019/2020,PORTSMOUTH ROAD,MIRAMAR AVENUE,,Minor Crash,No,2020,,North,,0,,Flat,,,,,,Overcast,2206200,2,0.0,1.0,2.0,,,0.0,,,,,,Wellington Region,Nil,2-way,Sealed,,0.0,0,,50.0,,Off,0.0,0.0,,47,Wellington City,Give way,,,,,0.0,0.0,Urban,0.0,,,Fine,Strong wind,1
66415123,,574500,0.0,,0.0,2.0,,North,2017/2018,SH 1N,AOTEA ON NBD,,Non-Injury Crash,Yes,2018,,North,,0,,Flat,,,,,,Dark,2093600,0,0.0,0.0,3.0,,,0.0,,,,,,Wellington Region,Motorway ramp,1-way,Sealed,,0.0,0,,100.0,,On,0.0,0.0,,47,Wellington City,Unknown,,,,,0.0,0.0,Open,0.0,,,Null,Null,0
66415253,,573801,0.0,,0.0,3.0,,South,2019/2020,JOHNSONVILLE PORIRUA MOTORWAY,JOHNSONVILLE OFF RAMP,,Non-Injury Crash,Yes,2019,,South,,0,,Hill Road,,,,,,Bright sun,2079000,0,0.0,0.0,2.0,,,0.0,,,,,,Wellington Region,Nil,1-way,Sealed,,0.0,0,,100.0,,Off,0.0,0.0,60.0,47,Wellington City,Nil,,,,,0.0,0.0,Open,0.0,,,Fine,Null,0
66415255,,573300,0.0,0.0,0.0,2.0,0.0,West,2019/2020,HANKEY STREET,TARANAKI STREET,,Non-Injury Crash,No,2019,0.0,Null,0.0,0,0.0,Flat,0.0,,0.0,,0.0,Unknown,2145002,0,0.0,0.0,2.0,0.0,0.0,0.0,0.0,1.0,,0.0,0.0,Wellington Region,Nil,2-way,Sealed,0.0,0.0,0,0.0,50.0,0.0,Null,0.0,0.0,,47,Wellington City,Unknown,0.0,0.0,0.0,0.0,0.0,0.0,Urban,0.0,0.0,0.0,Null,Null,0
66415260,,573000,0.0,,0.0,2.0,,Null,2018/2019,BOULCOTT STREET,GILMER TERRACE,,Non-Injury Crash,No,2019,,East,,0,,Hill Road,,,,,,Bright sun,2127200,0,0.0,0.0,2.0,,,0.0,,,,,,Wellington Region,Nil,2-way,Sealed,,0.0,0,,50.0,,Off,0.0,0.0,,47,Wellington City,Give way,,,,,0.0,0.0,Urban,1.0,,,Fine,Null,0
66415263,,577000,0.0,0.0,0.0,1.0,0.0,North,2019/2020,FREYBERG ST,WHA STREET,,Non-Injury Crash,No,2019,0.0,South,0.0,0,0.0,Flat,0.0,,0.0,,0.0,Dark,2173600,0,0.0,0.0,2.0,0.0,0.0,0.0,0.0,1.0,,0.0,0.0,Wellington Region,Nil,2-way,Sealed,0.0,0.0,0,0.0,50.0,0.0,On,0.0,0.0,,47,Wellington City,Unknown,0.0,0.0,0.0,0.0,0.0,0.0,Urban,1.0,0.0,0.0,Fine,Null,0
66415288,,577602,0.0,,0.0,1.0,,North,2018/2019,MAUPUIA RD,MIRAMAR AVENUE,,Minor Crash,No,2019,,North,,0,,Hill Road,,,,,,Bright sun,2201400,1,0.0,1.0,2.0,,,0.0,,,,,,Wellington Region,Nil,2-way,Sealed,,0.0,0,,50.0,,Off,0.0,0.0,,47,Wellington City,Unknown,,,,,0.0,0.0,Urban,0.0,,,Fine,Null,0
66415291,,572900,0.0,0.0,0.0,2.0,0.0,East,2018/2019,SH 1N,AOTEA OFF SBD,,Non-Injury Crash,Yes,2018,0.0,South,0.0,0,0.0,Flat,1.0,,0.0,,0.0,Bright sun,2118400,0,0.0,0.0,3.0,0.0,0.0,0.0,0.0,0.0,,0.0,0.0,Wellington Region,Nil,1-way,Sealed,0.0,0.0,0,0.0,100.0,0.0,Null,0.0,0.0,,47,Wellington City,Unknown,0.0,0.0,0.0,0.0,0.0,0.0,Open,0.0,0.0,0.0,Fine,Null,0
66415336,,576002,0.0,,0.0,1.0,,North,2017/2018,THE PARADE,MEDWAY ST,,Non-Injury Crash,No,2018,,North,,0,,Flat,,,,,,Bright sun,2190400,0,0.0,0.0,2.0,,,0.0,,,,,,Wellington Region,Nil,2-way,Sealed,,0.0,0,,30.0,,Null,0.0,0.0,,47,Wellington City,Unknown,,,,,0.0,0.0,Urban,1.0,,,Fine,Null,0
66415363,,573526,0.0,,0.0,1.0,,West,2018/2019,002-0962/12.86-D,WEIGH PIT,,Minor Crash,Yes,2019,,East,,0,,Flat,,,,,,Bright sun,2077503,1,0.0,0.0,2.0,,,0.0,,,,,,Wellington Region,Nil,1-way,Sealed,,0.0,0,,80.0,,Off,1.0,0.0,,47,Wellington City,Unknown,,,,,0.0,0.0,Open,2.0,,,Fine,Null,0
66415382,,573000,0.0,,0.0,1.0,,North,2017/2018,CUSTOMHOUSE QUAY,JOHNSTON STREET,,Non-Injury Crash,No,2018,,South,,0,,Flat,,,,,,Overcast,2124300,0,0.0,0.0,3.0,,,0.0,,,,,,Wellington Region,Nil,1-way,Sealed,,0.0,0,,50.0,,Off,0.0,0.0,,47,Wellington City,Unknown,,,,,1.0,0.0,Urban,0.0,,,Fine,Strong wind,0
66415389,,575300,0.0,0.0,0.0,1.0,1.0,South,2019/2020,GLENMORE STREET,UPLAND ROAD,,Non-Injury Crash,No,2019,0.0,West,0.0,0,0.0,Hill Road,0.0,,0.0,,0.0,Dark,2152600,0,0.0,0.0,1.0,0.0,0.0,0.0,0.0,0.0,,0.0,0.0,Wellington Region,Nil,2-way,Sealed,0.0,0.0,0,0.0,50.0,0.0,On,0.0,0.0,,47,Wellington City,Unknown,0.0,0.0,0.0,0.0,0.0,0.0,Urban,0.0,0.0,0.0,Light rain,Strong wind,0
66415394,,573101,0.0,0.0,0.0,1.0,0.0,Null,2018/2019,BUCKLE STREET,TARANAKI STREET,,Non-Injury Crash,Yes,2018,0.0,West,0.0,0,0.0,Flat,0.0,,0.0,,0.0,Overcast,2134800,0,0.0,0.0,3.0,0.0,0.0,0.0,0.0,0.0,,0.0,1.0,Wellington Region,Nil,1-way,Sealed,0.0,0.0,0,0.0,50.0,0.0,Off,0.0,0.0,,47,Wellington City,Traffic Signals,0.0,0.0,0.0,0.0,0.0,0.0,Urban,0.0,0.0,0.0,Heavy rain,Null,0
66415429,,573101,0.0,,0.0,1.0,,East,2018/2019,CABLE STREET,CHAFFERS STREET,,Non-Injury Crash,No,2018,,East,,0,,Null,,,,,,Bright sun,2135500,0,0.0,0.0,3.0,,,0.0,,,,,,Wellington Region,Nil,1-way,Sealed,,0.0,0,,50.0,,Off,0.0,0.0,,47,Wellington City,Nil,,,,,0.0,0.0,Urban,0.0,,,Null,Null,0
66415430,,574500,0.0,0.0,0.0,1.0,0.0,North,2018/2019,HUTT RD,WESTMINSTER STREET,,Non-Injury Crash,No,2019,0.0,South,0.0,0,0.0,Null,0.0,,0.0,,0.0,Unknown,2093300,0,0.0,0.0,4.0,0.0,0.0,0.0,0.0,1.0,,0.0,0.0,Wellington Region,Nil,2-way,Sealed,0.0,0.0,0,0.0,60.0,0.0,Null,0.0,0.0,,47,Wellington City,Unknown,0.0,0.0,0.0,0.0,0.0,1.0,Urban,0.0,0.0,0.0,Null,Null,0
66415435,,574500,0.0,,0.0,1.0,,North,2017/2018,SH 1N,AOTEA OFF SBD,,Non-Injury Crash,Yes,2018,,South,,0,,Flat,,,,,,Twilight,2093600,0,0.0,0.0,3.0,,,0.0,,,,,,Wellington Region,Nil,1-way,Sealed,,0.0,0,,100.0,,Off,0.0,0.0,,47,Wellington City,Unknown,,,,,0.0,0.0,Open,0.0,,,Fine,Null,0
66415458,,573526,0.0,,0.0,1.0,,South,2018/2019,SH 2,WEIGH PIT,,Non-Injury Crash,Yes,2018,,North,,0,,Flat,,,,,,Dark,2077503,0,0.0,0.0,2.0,,,0.0,,,,,,Wellington Region,Nil,1-way,Sealed,,0.0,0,,100.0,,On,0.0,0.0,,47,Wellington City,Unknown,,,,,0.0,0.0,Open,1.0,,,Fine,Null,0
66415483,,572900,0.0,0.0,0.0,2.0,0.0,North,2018/2019,UPTON TCE,TINAKORI ROAD,,Non-Injury Crash,No,2018,0.0,West,0.0,0,0.0,Hill Road,0.0,,0.0,,0.0,Dark,2123200,0,0.0,0.0,2.0,0.0,0.0,0.0,0.0,1.0,,0.0,0.0,Wellington Region,Nil,2-way,Sealed,0.0,0.0,0,0.0,50.0,0.0,None,0.0,0.0,,47,Wellington City,Unknown,0.0,0.0,0.0,0.0,0.0,0.0,Urban,0.0,0.0,0.0,Fine,Null,0
66415533,,572600,0.0,0.0,0.0,2.0,0.0,West,2018/2019,DAVIDSON CRES,TURKINGTON STREET,,Non-Injury Crash,No,2019,0.0,Null,0.0,0,0.0,Null,0.0,,0.0,,0.0,Unknown,1990900,0,0.0,0.0,2.0,0.0,0.0,0.0,0.0,1.0,,0.0,0.0,Wellington Region,Nil,2-way,Null,0.0,0.0,0,0.0,50.0,0.0,Null,0.0,0.0,,47,Wellington City,Unknown,0.0,0.0,0.0,0.0,0.0,0.0,Urban,0.0,0.0,0.0,Null,Null,0
66415546,,573526,0.0,,0.0,1.0,,Null,2018/2019,002-0962/12.85-I,HOROKIWI ROAD,,Serious Crash,Yes,2019,,South,,0,,Flat,,,,,,Bright sun,2086403,0,0.0,0.0,2.0,,,0.0,,,,,,Wellington Region,Nil,2-way,Sealed,,0.0,1,,100.0,,Off,0.0,0.0,,47,Wellington City,Unknown,,,,,1.0,0.0,Open,1.0,,,Fine,Null,0
66415594,,573526,0.0,0.0,0.0,0.0,0.0,North,2018/2019,002-0962/12.86-D,SERVICE STN NTH,,Minor Crash,Yes,2019,0.0,North,0.0,0,0.0,Flat,1.0,,0.0,,0.0,Twilight,2086403,1,0.0,0.0,4.0,0.0,0.0,0.0,0.0,0.0,,0.0,0.0,Wellington Region,Nil,2-way,Sealed,0.0,0.0,0,0.0,100.0,0.0,Off,0.0,0.0,,47,Wellington City,Unknown,0.0,0.0,0.0,0.0,0.0,0.0,Open,1.0,0.0,0.0,Fine,Null,0
66415600,,576903,0.0,,0.0,2.0,,Null,2017/2018,WELLINGTON ROAD,HAMILTON ROAD,,Non-Injury Crash,Yes,2017,,Null,,0,,Flat,,Labour Weekend,,,,Bright sun,2180300,0,0.0,0.0,2.0,,,0.0,,,,,,Wellington Region,Nil,2-way,Sealed,,0.0,0,,50.0,,Off,0.0,0.0,,47,Wellington City,Traffic Signals,,,,,0.0,0.0,Urban,0.0,,,Fine,Null,0
66415668,,574500,0.0,,1.0,1.0,,Null,2019/2020,HUTT ROAD,SCHOOL ROAD,,Non-Injury Crash,No,2019,,South,,0,,Flat,,,,,,Overcast,2093600,0,0.0,0.0,4.0,,,0.0,,,,,,Wellington Region,Nil,2-way,Sealed,,0.0,0,,60.0,,Off,0.0,0.0,,47,Wellington City,Nil,,,,,0.0,0.0,Urban,0.0,,,Fine,Null,0
66415687,,573200,0.0,0.0,0.0,1.0,0.0,Null,2018/2019,OFF ROAD - CAR PARK,,,Minor Crash,No,2019,0.0,East,0.0,0,0.0,Flat,0.0,,0.0,,0.0,Overcast,2159900,1,0.0,0.0,1.0,0.0,0.0,0.0,0.0,1.0,,0.0,0.0,Wellington Region,Nil,1-way,Sealed,0.0,0.0,0,0.0,50.0,0.0,Off,0.0,0.0,,47,Wellington City,Unknown,0.0,0.0,0.0,0.0,0.0,0.0,Urban,1.0,0.0,0.0,Light rain,Null,0
66415688,,573101,0.0,,0.0,1.0,,Null,2018/2019,DIXON STREET,VICTORIA STREET,,Non-Injury Crash,No,2019,,West,,0,,Flat,,,,,,Unknown,2131500,0,0.0,0.0,2.0,,,0.0,,,,,,Wellington Region,Nil,2-way,Sealed,,0.0,0,,50.0,,Null,1.0,0.0,,47,Wellington City,Traffic Signals,,,,,0.0,0.0,Urban,0.0,,,Fine,Null,0
66415705,,575701,0.0,0.0,0.0,2.0,0.0,Null,2018/2019,OHIRO ROAD,TIKETIKE WAY,,Minor Crash,No,2019,0.0,North,0.0,0,1.0,Flat,0.0,,0.0,,0.0,Overcast,2199500,2,0.0,0.0,2.0,0.0,0.0,0.0,0.0,1.0,,0.0,0.0,Wellington Region,Nil,2-way,Sealed,0.0,0.0,0,0.0,50.0,0.0,Off,0.0,0.0,,47,Wellington City,Stop,0.0,0.0,0.0,0.0,0.0,0.0,Urban,0.0,0.0,0.0,Light rain,Null,0
66415735,,573903,0.0,0.0,0.0,1.0,0.0,North,2017/2018,SALFORD ST,COTSWOLD CRESCENT,,Non-Injury Crash,No,2018,0.0,North,0.0,0,1.0,Hill Road,0.0,,0.0,,0.0,Dark,2074800,0,0.0,0.0,2.0,0.0,0.0,0.0,1.0,0.0,,0.0,0.0,Wellington Region,Nil,2-way,Sealed,0.0,0.0,0,0.0,50.0,0.0,On,0.0,0.0,,47,Wellington City,Unknown,0.0,0.0,0.0,0.0,0.0,0.0,Urban,0.0,0.0,0.0,Light rain,Null,0
66415787,,573522,0.0,0.0,0.0,1.0,0.0,South,2018/2019,SH 1N,TAWA ON NBD,,Non-Injury Crash,Yes,2018,0.0,North,0.0,0,0.0,Flat,1.0,,0.0,,0.0,Dark,2053703,0,0.0,0.0,2.0,0.0,0.0,0.0,0.0,0.0,,0.0,0.0,Wellington Region,Motorway ramp,2-way,Sealed,0.0,0.0,0,0.0,100.0,0.0,On,0.0,0.0,,47,Wellington City,Unknown,0.0,0.0,0.0,0.0,0.0,0.0,Open,0.0,0.0,0.0,Light rain,Null,0
66415855,,577000,0.0,0.0,0.0,2.0,0.0,North,2017/2018,QUEENS DRIVE,TORU ST,,Non-Injury Crash,No,2018,0.0,North,0.0,0,0.0,Flat,0.0,,0.0,,0.0,Overcast,2174100,0,0.0,0.0,2.0,0.0,0.0,0.0,0.0,1.0,,0.0,0.0,Wellington Region,Nil,2-way,Sealed,0.0,0.0,0,0.0,50.0,0.0,Null,0.0,0.0,,47,Wellington City,Unknown,0.0,0.0,0.0,0.0,0.0,0.0,Urban,0.0,0.0,0.0,Light rain,Null,0
66415874,,572600,0.0,0.0,0.0,2.0,0.0,South,2017/2018,NGATITOA ST,LYNDHURST ROAD,,Non-Injury Crash,No,2018,0.0,North,0.0,0,0.0,Flat,0.0,,0.0,,0.0,Overcast,1988600,0,0.0,0.0,2.0,0.0,0.0,0.0,0.0,1.0,,0.0,0.0,Wellington Region,Nil,2-way,Sealed,0.0,0.0,0,0.0,50.0,0.0,Null,0.0,0.0,,47,Wellington City,Unknown,0.0,0.0,0.0,0.0,0.0,0.0,Urban,0.0,0.0,0.0,Heavy rain,Frost,0
66415886,,573101,0.0,,0.0,2.0,,East,2018/2019,COURTENAY PL,TARANAKI ST,,Non-Injury Crash,No,2019,,West,,0,,Flat,,,,,,Bright sun,2135600,0,0.0,0.0,2.0,,,0.0,,,,,,Wellington Region,Nil,2-way,Sealed,,0.0,0,,50.0,,Off,0.0,1.0,,47,Wellington City,Unknown,,,,,0.0,0.0,Urban,0.0,,,Fine,Null,0
66415903,,576200,0.0,,0.0,0.0,,North,2018/2019,ADELAIDE ROAD,LUXFORD ST,,Non-Injury Crash,No,2018,,North,,0,,Hill Road,,,,,,Overcast,2171600,0,0.0,1.0,2.0,,,0.0,,,,,,Wellington Region,Nil,2-way,Sealed,,0.0,0,,50.0,,Null,1.0,0.0,,47,Wellington City,Give way,,,,,0.0,0.0,Urban,0.0,,,Fine,Null,0
66415916,,573101,0.0,,0.0,2.0,,West,2018/2019,WEBB ST,HOPPER STREET,,Non-Injury Crash,No,2019,,West,,0,,Null,,,,,,Bright sun,2135100,0,0.0,0.0,2.0,,,0.0,,,,,,Wellington Region,Nil,2-way,Sealed,,0.0,0,,50.0,,Off,0.0,0.0,,47,Wellington City,Unknown,,,,,0.0,0.0,Urban,0.0,,,Fine,Null,0
66415937,,573000,0.0,0.0,0.0,1.0,0.0,North,2018/2019,THE TERRACE,ALLENBY TERRACE,,Non-Injury Crash,No,2019,0.0,Null,0.0,0,0.0,Hill Road,0.0,,0.0,,0.0,Unknown,2127900,0,0.0,0.0,2.0,0.0,0.0,0.0,0.0,1.0,,0.0,0.0,Wellington Region,Nil,2-way,Sealed,0.0,0.0,0,0.0,50.0,0.0,Null,0.0,0.0,,47,Wellington City,Unknown,0.0,0.0,0.0,0.0,0.0,0.0,Urban,0.0,0.0,0.0,Null,Null,0
66415948,,573101,0.0,,0.0,2.0,,West,2018/2019,INGLEWOOD PL,TARANAKI STREET,,Non-Injury Crash,No,2019,,Null,,0,,Null,,,,,,Dark,2133408,0,0.0,0.0,1.0,,,0.0,,,,,,Wellington Region,Nil,1-way,Sealed,,0.0,0,,30.0,,On,0.0,0.0,,47,Wellington City,Unknown,,,,,0.0,0.0,Urban,0.0,,,Fine,Null,0
66415986,,573000,0.0,0.0,0.0,0.0,0.0,North,2017/2018,WILLIS ST,DIXON ST,,Non-Injury Crash,No,2018,0.0,South,0.0,0,0.0,Null,0.0,,0.0,,0.0,Overcast,2129100,0,0.0,0.0,2.0,0.0,0.0,0.0,0.0,1.0,,0.0,0.0,Wellington Region,Nil,2-way,Sealed,0.0,0.0,0,0.0,50.0,0.0,Null,1.0,0.0,,47,Wellington City,Unknown,0.0,0.0,0.0,0.0,1.0,0.0,Urban,0.0,0.0,0.0,Null,Null,0
66415994,,572900,0.0,,0.0,0.0,,North,2019/2020,MOLESWORTH ST,LITTLE PIPITEA STREET,,Minor Crash,No,2019,,West,,0,,Flat,,,,,,Bright sun,2119600,1,0.0,0.0,2.0,,,0.0,,,1.0,,,Wellington Region,Nil,1-way,Sealed,,0.0,0,,50.0,,Off,2.0,0.0,,47,Wellington City,Nil,,,,,0.0,0.0,Urban,0.0,,,Fine,Null,0
66416016,,574900,0.0,0.0,0.0,2.0,0.0,West,2017/2018,CANTERBURY ST,PARKVALE ROAD,,Non-Injury Crash,No,2018,0.0,South,0.0,0,0.0,Hill Road,0.0,,0.0,,0.0,Overcast,2108400,0,0.0,0.0,2.0,0.0,0.0,0.0,0.0,1.0,,0.0,0.0,Wellington Region,Nil,2-way,Sealed,0.0,0.0,0,0.0,50.0,0.0,Null,0.0,0.0,,47,Wellington City,Nil,0.0,0.0,0.0,0.0,0.0,0.0,Urban,0.0,0.0,0.0,Fine,Null,0
66416018,,573511,0.0,0.0,0.0,1.0,0.0,North,2018/2019,MIDDLETON RD,ROWELLS ROAD,,Non-Injury Crash,No,2019,0.0,South,0.0,0,1.0,Flat,0.0,,0.0,,0.0,Overcast,2086502,0,0.0,0.0,2.0,0.0,0.0,0.0,0.0,0.0,,0.0,0.0,Wellington Region,Nil,2-way,Sealed,0.0,0.0,0,0.0,50.0,0.0,Off,0.0,0.0,,47,Wellington City,Unknown,0.0,0.0,0.0,0.0,0.0,0.0,Urban,0.0,0.0,0.0,Light rain,Null,0
66416110,,573700,0.0,0.0,0.0,1.0,0.0,South,2018/2019,01N-1060-D,HELSTON OBR,,Non-Injury Crash,Yes,2019,0.0,North,0.0,0,0.0,Flat,1.0,,0.0,,0.0,Bright sun,2082800,0,0.0,0.0,2.0,0.0,0.0,0.0,0.0,0.0,,0.0,0.0,Wellington Region,Nil,1-way,Sealed,0.0,0.0,0,0.0,100.0,0.0,Off,0.0,0.0,,47,Wellington City,Unknown,0.0,0.0,0.0,0.0,1.0,0.0,Open,0.0,0.0,0.0,Fine,Null,0
66416137,,574303,0.0,,0.0,1.0,,West,2018/2019,01N-1060-D,NIMT OBR,,Non-Injury Crash,Yes,2019,,North,,0,,Hill Road,,,,,,Bright sun,2088705,0,0.0,0.0,3.0,,,0.0,,,,,,Wellington Region,Motorway ramp,1-way,Sealed,,0.0,0,,80.0,,Off,0.0,0.0,,47,Wellington City,Unknown,,,,,1.0,0.0,Open,0.0,,,Fine,Null,0
66416178,,575600,0.0,0.0,0.0,2.0,0.0,North,2018/2019,TODMAN ST,MITCHELL STREET,,Non-Injury Crash,No,2019,0.0,East,0.0,0,0.0,Hill Road,0.0,,0.0,,0.0,Overcast,2161400,0,0.0,0.0,2.0,0.0,0.0,0.0,0.0,1.0,,0.0,0.0,Wellington Region,Nil,2-way,Sealed,0.0,0.0,0,0.0,50.0,0.0,Off,0.0,0.0,,47,Wellington City,Unknown,0.0,0.0,0.0,0.0,0.0,0.0,Urban,0.0,0.0,0.0,Light rain,Null,0
66416257,,573700,0.0,0.0,0.0,1.0,0.0,North,2018/2019,JOHNSONVILLE RD,DISRAELI ST,,Non-Injury Crash,No,2019,0.0,North,0.0,0,0.0,Flat,0.0,,0.0,,0.0,Dark,2082800,0,0.0,0.0,4.0,0.0,0.0,0.0,0.0,1.0,,0.0,0.0,Wellington Region,Nil,2-way,Sealed,0.0,0.0,0,0.0,50.0,0.0,On,0.0,0.0,,47,Wellington City,Unknown,0.0,0.0,0.0,0.0,0.0,0.0,Urban,1.0,0.0,0.0,Fine,Null,0
66416259,,573400,0.0,,1.0,1.0,,South,2018/2019,PALLISER ROAD,BAYVIEW TERRACE,,Non-Injury Crash,No,2018,,South,,0,,Hill Road,,,,,,Overcast,2139604,0,0.0,0.0,2.0,,,0.0,,,,,,Wellington Region,Nil,2-way,Sealed,,0.0,0,,50.0,,Null,0.0,0.0,,47,Wellington City,Unknown,,,,,0.0,0.0,Urban,0.0,,,Light rain,Strong wind,0
66416281,,577000,0.0,,0.0,2.0,,Null,2018/2019,COBHAM DRIVE,CALABAR ROAD,,Non-Injury Crash,Yes,2018,,West,,0,,Flat,,,,,,Unknown,2175700,0,0.0,0.0,2.0,,,0.0,,,,,,Wellington Region,Nil,1-way,Sealed,,0.0,0,,70.0,,Null,0.0,0.0,,47,Wellington City,Give way,,,,,0.0,0.0,Urban,0.0,,,Null,Null,0
66416299,,573000,0.0,,0.0,3.0,,Null,2018/2019,HUNTER ST,CUSTOMHOUSE QUAY,,Non-Injury Crash,No,2018,,West,,0,,Flat,,,,,,Dark,2125800,0,0.0,0.0,2.0,,,0.0,,,,,,Wellington Region,Nil,2-way,Sealed,,0.0,0,,50.0,,On,1.0,0.0,,47,Wellington City,Traffic Signals,,,,,0.0,0.0,Urban,0.0,,,Heavy rain,Strong wind,0
66416307,,573200,0.0,,0.0,2.0,,North,2017/2018,MAARAMA CRESCENT,OHIRO ROAD,,Non-Injury Crash,No,2018,,North,,0,,Flat,,,,,,Bright sun,2159100,0,0.0,0.0,2.0,,,0.0,,,,,,Wellington Region,Nil,2-way,Sealed,,0.0,0,,50.0,,Null,0.0,0.0,,47,Wellington City,Unknown,,,,,0.0,0.0,Urban,0.0,,,Fine,Null,0
66416320,,572900,0.0,0.0,0.0,1.0,0.0,East,2018/2019,KATE SHEPPARD PLACE,MOLESWORTH STREET,,Non-Injury Crash,No,2018,0.0,Null,0.0,0,0.0,Hill Road,0.0,,0.0,,0.0,Bright sun,2122500,0,0.0,0.0,2.0,0.0,0.0,0.0,0.0,1.0,,0.0,0.0,Wellington Region,Nil,1-way,Sealed,0.0,0.0,0,0.0,50.0,0.0,Null,0.0,0.0,,47,Wellington City,Nil,0.0,0.0,0.0,0.0,0.0,1.0,Urban,0.0,0.0,0.0,Fine,Null,0
66416381,,572900,0.0,,0.0,1.0,,South,2018/2019,WATERLOO QUAY,PLATFORM 9 EXIT,,Non-Injury Crash,No,2018,,North,,0,,Flat,,,,,,Bright sun,2122700,0,0.0,0.0,4.0,,,0.0,,,,,,Wellington Region,Nil,2-way,Sealed,,0.0,0,,50.0,,Null,0.0,0.0,,47,Wellington City,Nil,,,,,1.0,0.0,Urban,0.0,,,Fine,Null,0
66416419,,573400,0.0,,0.0,2.0,,North,2017/2018,PIRIE ST,HANIA ST,,Non-Injury Crash,No,2018,,East,,0,,Flat,,,,,,Bright sun,2143400,0,0.0,0.0,2.0,,,0.0,,,,,,Wellington Region,Nil,2-way,Sealed,,0.0,0,,50.0,,Null,0.0,0.0,,47,Wellington City,Stop,,,,,0.0,0.0,Urban,0.0,,,Fine,Null,0
66416437,,573101,0.0,0.0,0.0,2.0,0.0,East,2018/2019,YORK STREET,TARANAKI STREET,,Non-Injury Crash,No,2018,0.0,East,0.0,0,0.0,Null,0.0,,0.0,,0.0,Unknown,2135800,0,0.0,0.0,2.0,0.0,0.0,0.0,0.0,1.0,,0.0,0.0,Wellington Region,Nil,2-way,Sealed,0.0,0.0,0,0.0,50.0,0.0,Null,0.0,0.0,,47,Wellington City,Unknown,0.0,0.0,0.0,0.0,0.0,0.0,Urban,0.0,0.0,0.0,Null,Null,0