OBJECTID,advisorySpeed,areaUnitID,bicycle,bridge,bus,carStationWagon,cliffBank,crashDirectionDescription,crashFinancialYear,crashLocation1,crashLocation2,crashRoadSideRoad,crashSeverity,crashSHDescription,crashYear,debris,directionRoleDescription,ditch,fatalCount,fence,flatHill,guardRail,holiday,houseOrBuilding,intersection,kerb,light,meshblockId,minorInjuryCount,moped,motorcycle,NumberOfLanes,objectThrownOrDropped,otherObject,otherVehicleType,overBank,parkedVehicle,pedestrian,phoneBoxEtc,postOrPole,region,roadCharacter,roadLane,roadSurface,roadworks,schoolBus,seriousInjuryCount,slipOrFlood,speedLimit,strayAnimal,streetLight,suv,taxi,temporarySpeedLimit,tlaId,tlaName,trafficControl,trafficIsland,trafficSign,train,tree,truck,unknownVehicleType,urban,vanOrUtility,vehicle,waterRiver,weatherA,weatherB,if_pandemic
66416440,,576002,0.0,0.0,0.0,1.0,1.0,North,2018/2019,MELROSE ROAD,WITHAM STREET,,Minor Crash,No,2019,0.0,North,0.0,0,0.0,Hill Road,0.0,,0.0,,0.0,Dark,2191302,2,0.0,0.0,2.0,0.0,0.0,0.0,0.0,0.0,,0.0,0.0,Wellington Region,Nil,2-way,Sealed,0.0,0.0,0,0.0,50.0,0.0,On,0.0,0.0,,47,Wellington City,Unknown,0.0,0.0,0.0,0.0,0.0,0.0,Urban,0.0,0.0,0.0,Fine,Null,0
66416487,,572900,0.0,,0.0,2.0,,Null,2018/2019,GRANT ROAD,PARK STREET,,Non-Injury Crash,No,2018,,North,,0,,Hill Road,,,,,,Overcast,2120400,0,0.0,0.0,2.0,,,0.0,,,,,,Wellington Region,Nil,2-way,Sealed,,0.0,0,,50.0,,Off,0.0,0.0,,47,Wellington City,Give way,,,,,0.0,0.0,Urban,0.0,,,Fine,Null,0
66416494,,572900,0.0,0.0,0.0,1.0,1.0,East,2018/2019,BOWEN ST,SYDNEY STREET WEST,,Minor Crash,No,2019,0.0,West,0.0,0,0.0,Hill Road,0.0,,0.0,,1.0,Dark,2121900,1,0.0,0.0,4.0,0.0,0.0,0.0,0.0,0.0,,0.0,1.0,Wellington Region,Nil,2-way,Sealed,0.0,0.0,0,0.0,50.0,0.0,On,0.0,0.0,,47,Wellington City,Unknown,0.0,0.0,0.0,0.0,0.0,0.0,Urban,0.0,0.0,0.0,Fine,Null,0
66416502,,573000,0.0,0.0,1.0,1.0,0.0,South,2018/2019,THE TERRACE,BOULCOTT STREET,,Non-Injury Crash,No,2019,0.0,West,0.0,0,0.0,Flat,0.0,,0.0,,0.0,Dark,2127600,0,0.0,0.0,2.0,0.0,0.0,0.0,0.0,1.0,,0.0,0.0,Wellington Region,Nil,2-way,Sealed,0.0,0.0,0,0.0,50.0,0.0,On,0.0,0.0,,47,Wellington City,Unknown,0.0,0.0,0.0,0.0,0.0,0.0,Urban,0.0,0.0,0.0,Fine,Null,0
66416515,,576901,0.0,,0.0,1.0,,North,2017/2018,SH 1N,TROY ST,,Non-Injury Crash,Yes,2018,,East,,0,,Flat,,,,,,Dark,2176800,0,0.0,0.0,2.0,,,0.0,,,,,,Wellington Region,Nil,1-way,Sealed,,0.0,0,,70.0,,On,1.0,0.0,,47,Wellington City,Unknown,,,,,0.0,0.0,Urban,0.0,,,Fine,Null,0
66416517,,574900,0.0,0.0,0.0,0.0,0.0,North,2018/2019,PARKVALE RD,KARORI ROAD,,Non-Injury Crash,No,2018,0.0,East,0.0,0,0.0,Flat,0.0,,0.0,,0.0,Unknown,2109000,0,0.0,0.0,2.0,0.0,0.0,0.0,0.0,1.0,,0.0,0.0,Wellington Region,Nil,2-way,Sealed,0.0,0.0,0,0.0,50.0,0.0,Null,2.0,0.0,,47,Wellington City,Unknown,0.0,0.0,0.0,0.0,0.0,0.0,Urban,0.0,0.0,0.0,Null,Null,0
66416530,,573101,0.0,,0.0,0.0,,West,2018/2019,JERVOIS QUAY,TARANAKI STREET,,Non-Injury Crash,No,2019,,South,,0,,Null,,,,,,Unknown,2133000,0,1.0,0.0,3.0,,,0.0,,,,,,Wellington Region,Nil,1-way,Null,,0.0,0,,50.0,,Null,0.0,0.0,,47,Wellington City,Unknown,,,,,0.0,0.0,Urban,1.0,,,Null,Null,0
66416581,,575800,0.0,0.0,0.0,1.0,0.0,North,2018/2019,QUEBEC ST,CAMROSE GROVE,,Minor Crash,No,2019,0.0,North,0.0,0,0.0,Flat,0.0,,0.0,,0.0,Overcast,2197400,1,0.0,0.0,2.0,0.0,0.0,0.0,0.0,2.0,,0.0,0.0,Wellington Region,Nil,2-way,Sealed,0.0,0.0,0,0.0,50.0,0.0,Off,1.0,0.0,,47,Wellington City,Unknown,0.0,0.0,0.0,0.0,0.0,0.0,Urban,1.0,0.0,0.0,Fine,Null,0
66416626,,573000,0.0,,0.0,2.0,,West,2017/2018,SH 1N,ALBANY HIGHWAY OFF RAMP,,Non-Injury Crash,No,2018,,Null,,0,,Null,,,,,,Overcast,2127400,0,0.0,0.0,2.0,,,0.0,,,,,,Wellington Region,Motorway ramp,1-way,Sealed,,0.0,0,,100.0,,Off,0.0,0.0,,47,Wellington City,Unknown,,,,,0.0,0.0,Open,0.0,,,Fine,Null,0
66416634,,574002,1.0,,0.0,1.0,,South,2018/2019,HUTT ROAD,HUTT ROAD OFF RAMP,,Non-Injury Crash,No,2018,,South,,0,,Flat,,,,,,Bright sun,2078302,0,0.0,0.0,5.0,,,0.0,,,,,,Wellington Region,Nil,2-way,Sealed,,0.0,0,,80.0,,Off,0.0,0.0,,47,Wellington City,Nil,,,,,0.0,0.0,Open,0.0,,,Fine,Null,0
66416717,,574304,0.0,0.0,0.0,0.0,0.0,North,2019/2020,CASHMERE AVENUE,IZARD ROAD,,Minor Crash,No,2020,0.0,North,0.0,0,0.0,Hill Road,0.0,,0.0,,0.0,Bright sun,2089400,1,0.0,0.0,2.0,0.0,0.0,0.0,0.0,1.0,,0.0,0.0,Wellington Region,Nil,2-way,Sealed,0.0,0.0,0,0.0,50.0,0.0,Off,2.0,0.0,,47,Wellington City,Unknown,0.0,0.0,0.0,0.0,0.0,0.0,Urban,0.0,0.0,0.0,Fine,Null,1
66416734,,573000,0.0,0.0,0.0,1.0,0.0,South,2019/2020,LAMBTON QUAY-EAST,BALLANCE STREET,,Non-Injury Crash,No,2019,0.0,South,0.0,0,0.0,Null,0.0,,0.0,,0.0,Dark,2124100,0,0.0,1.0,2.0,0.0,0.0,0.0,0.0,1.0,,0.0,0.0,Wellington Region,Nil,1-way,Null,0.0,0.0,0,0.0,30.0,0.0,Null,0.0,0.0,,47,Wellington City,Unknown,0.0,0.0,0.0,0.0,0.0,0.0,Urban,0.0,0.0,0.0,Null,Null,0
66416761,,574302,0.0,0.0,0.0,1.0,0.0,South,2018/2019,01N-1068-D,HUTT ROAD,,Non-Injury Crash,Yes,2018,0.0,North,0.0,0,0.0,Flat,1.0,,0.0,,0.0,Overcast,2090500,0,0.0,0.0,4.0,0.0,0.0,0.0,0.0,0.0,,0.0,0.0,Wellington Region,Nil,2-way,Sealed,0.0,0.0,0,0.0,100.0,0.0,Off,0.0,0.0,,47,Wellington City,Unknown,0.0,0.0,0.0,0.0,1.0,0.0,Open,0.0,0.0,0.0,Fine,Null,0
66416765,,573000,0.0,,0.0,2.0,,West,2019/2020,WELLINGTON URBAN MOTORWAY,WILLIS STREET,,Non-Injury Crash,Yes,2019,,East,,0,,Null,,,,,,Bright sun,2129700,0,0.0,0.0,2.0,,,0.0,,,,,,Wellington Region,Nil,2-way,Sealed,,0.0,0,,,,On,0.0,0.0,,47,Wellington City,Unknown,,,,,0.0,0.0,Urban,0.0,,,Fine,Null,0
66416794,,573300,0.0,0.0,0.0,1.0,1.0,South,2018/2019,WALLACE ST,FINLAY TERRACE,,Non-Injury Crash,No,2019,0.0,South,0.0,0,0.0,Hill Road,0.0,,0.0,,0.0,Overcast,2146700,0,0.0,0.0,2.0,0.0,0.0,0.0,0.0,1.0,,0.0,0.0,Wellington Region,Nil,2-way,Sealed,0.0,0.0,0,0.0,50.0,0.0,On,1.0,0.0,,47,Wellington City,Unknown,0.0,0.0,0.0,0.0,0.0,0.0,Urban,0.0,0.0,0.0,Light rain,Null,0
66416810,,573700,0.0,,0.0,2.0,,Null,2018/2019,JOHNSONVILLE OFF RAMP,JOHNSONVILLE ROAD,,Non-Injury Crash,No,2019,,South,,0,,Flat,,,,,,Overcast,2082800,0,0.0,0.0,2.0,,,0.0,,,,,,Wellington Region,Motorway ramp,1-way,Sealed,,0.0,0,,50.0,,Off,0.0,0.0,,47,Wellington City,Give way,,,,,0.0,0.0,Urban,0.0,,,Fine,Null,0
66416841,,577200,1.0,,0.0,1.0,,Null,2018/2019,TAUHINU ROAD,MIRAMAR AVENUE,,Non-Injury Crash,No,2018,,South,,0,,Flat,,,,,,Dark,2206200,0,0.0,0.0,2.0,,,0.0,,,,,,Wellington Region,Nil,2-way,Sealed,,0.0,0,,50.0,,On,0.0,0.0,,47,Wellington City,Give way,,,,,0.0,0.0,Urban,0.0,,,Light rain,Null,0
66416938,,573101,0.0,,0.0,1.0,,Null,2019/2020,TARANAKI STREET,WEBB STREET,,Minor Crash,No,2019,,South,,0,,Flat,,,,,,Overcast,2135100,1,0.0,0.0,4.0,,,0.0,,,1.0,,,Wellington Region,Nil,2-way,Sealed,,0.0,0,,50.0,,Off,0.0,0.0,,47,Wellington City,Traffic Signals,,,,,0.0,0.0,Urban,0.0,,,Fine,Null,0
66416943,,575300,0.0,0.0,0.0,1.0,0.0,West,2018/2019,RAROA RD,CLUNY AVE,,Non-Injury Crash,No,2018,0.0,Null,0.0,0,0.0,Flat,0.0,,0.0,,0.0,Dark,2151800,0,0.0,0.0,2.0,0.0,0.0,0.0,0.0,1.0,,0.0,0.0,Wellington Region,Nil,2-way,Sealed,0.0,0.0,0,0.0,50.0,0.0,On,0.0,0.0,,47,Wellington City,Unknown,0.0,0.0,0.0,0.0,0.0,1.0,Urban,0.0,0.0,0.0,Fine,Null,0
66416972,,573101,1.0,,0.0,0.0,,Null,2019/2020,TARANAKI STREET,WAKEFIELD STREET,,Minor Crash,No,2020,,Null,,0,,Flat,,,,,,Bright sun,2133200,1,0.0,0.0,4.0,,,0.0,,,,,,Wellington Region,Nil,2-way,Sealed,,0.0,0,,50.0,,Off,0.0,0.0,,47,Wellington City,Traffic Signals,,,,,0.0,0.0,Urban,0.0,,,Fine,Null,1
66417004,,574302,0.0,,0.0,1.0,,East,2019/2020,WELLINGTON URBAN MOTORWAY,NGAURANGA ON NBD OBR,,Serious Crash,Yes,2020,,North,,0,,Flat,,,,,,Bright sun,2090601,0,0.0,1.0,4.0,,,0.0,,,,,,Wellington Region,Nil,2-way,Sealed,,0.0,1,,100.0,,Off,0.0,0.0,,47,Wellington City,Nil,,,,,0.0,0.0,Open,0.0,,,Fine,Null,1
66417031,,572900,1.0,,0.0,1.0,,North,2018/2019,THORNDON QUAY,DAVIS STREET,,Non-Injury Crash,No,2019,,South,,0,,Flat,,,,,,Bright sun,2117901,0,0.0,0.0,2.0,,,0.0,,,,,,Wellington Region,Nil,2-way,Sealed,,0.0,0,,50.0,,Off,0.0,0.0,,47,Wellington City,Nil,,,,,0.0,0.0,Urban,0.0,,,Fine,Null,0
66417066,,573000,0.0,,0.0,1.0,,Null,2018/2019,PARUMOANA STREET,LYTTELTON AVENUE,,Non-Injury Crash,No,2018,,North,,0,,Null,,,,,,Unknown,2127400,0,0.0,0.0,3.0,,,0.0,,,,,,Wellington Region,Nil,2-way,Sealed,,0.0,0,,50.0,,Null,0.0,0.0,,47,Wellington City,Unknown,,,,,0.0,0.0,Urban,1.0,,,Fine,Null,0
66417069,,573101,0.0,0.0,0.0,1.0,0.0,South,2018/2019,WAKEFIELD ST,OPERA HOUSE LANE,,Non-Injury Crash,No,2019,0.0,South,0.0,0,0.0,Flat,0.0,Queens Birthday,0.0,,0.0,Dark,2133200,0,0.0,0.0,2.0,0.0,0.0,0.0,0.0,0.0,,0.0,1.0,Wellington Region,Nil,2-way,Sealed,0.0,0.0,0,0.0,50.0,0.0,On,0.0,0.0,,47,Wellington City,Unknown,0.0,0.0,0.0,0.0,0.0,0.0,Urban,0.0,0.0,0.0,Fine,Null,0
66417070,,576901,0.0,,0.0,2.0,,Null,2018/2019,COBHAM DRIVE,EVANS BAY PARADE,,Non-Injury Crash,Yes,2018,,West,,0,,Flat,,,,,,Bright sun,2177800,0,0.0,0.0,3.0,,,0.0,,,,,,Wellington Region,Nil,2-way,Sealed,,0.0,0,,50.0,,Off,0.0,0.0,,47,Wellington City,Traffic Signals,,,,,0.0,0.0,Urban,0.0,,,Fine,Null,0
66417095,,576301,1.0,,0.0,1.0,,Null,2018/2019,COLOMBO STREET,RINTOUL STREET,,Non-Injury Crash,No,2018,,East,,0,,Hill Road,,,,,,Overcast,2164700,0,0.0,0.0,2.0,,,0.0,,,,,,Wellington Region,Nil,2-way,Sealed,,0.0,0,,50.0,,Off,0.0,0.0,,47,Wellington City,Give way,,,,,0.0,0.0,Urban,0.0,,,Heavy rain,Strong wind,0
66417106,,573000,0.0,,0.0,2.0,,South,2018/2019,01N-1068/05.72,SOUTH PORTAL,,Non-Injury Crash,Yes,2018,,North,,0,,Flat,,,,,,Bright sun,2130600,0,0.0,0.0,3.0,,,0.0,,,,,,Wellington Region,Nil,2-way,Sealed,,0.0,0,,50.0,,Off,0.0,0.0,,47,Wellington City,Unknown,,,,,0.0,0.0,Urban,0.0,,,Fine,Null,0
66417134,,572600,0.0,,0.0,1.0,,Null,2018/2019,MAIN ROAD,TAWA STREET,,Non-Injury Crash,No,2018,,South,,0,,Null,,,,,,Unknown,1992300,0,0.0,0.0,2.0,,,0.0,,,,,,Wellington Region,Nil,2-way,Sealed,,0.0,0,,50.0,,Null,0.0,0.0,,47,Wellington City,Give way,,,,,0.0,1.0,Urban,0.0,,,Null,Null,0
66417149,,573511,0.0,0.0,0.0,1.0,0.0,South,2018/2019,01N-1063-R3,WESTCHESTER OBR NBD,,Non-Injury Crash,No,2019,0.0,North,0.0,0,0.0,Flat,1.0,,0.0,,1.0,Dark,2086203,0,0.0,0.0,1.0,0.0,0.0,0.0,0.0,0.0,,0.0,0.0,Wellington Region,Motorway ramp,1-way,Sealed,0.0,0.0,0,0.0,100.0,0.0,On,0.0,0.0,,47,Wellington City,Unknown,0.0,0.0,0.0,0.0,0.0,0.0,Open,0.0,0.0,0.0,Fine,Null,0
66417162,,573300,0.0,,0.0,1.0,,East,2018/2019,01N-1075/00.13-D,BELFAST ST,,Non-Injury Crash,Yes,2018,,Null,,0,,Flat,,,,,,Bright sun,2145602,0,0.0,0.0,3.0,,,0.0,,,,,,Wellington Region,Nil,1-way,Sealed,,0.0,0,,50.0,,Off,0.0,0.0,,47,Wellington City,Unknown,,,,,1.0,0.0,Urban,0.0,,,Fine,Null,0
66417175,,573101,0.0,,0.0,2.0,,Null,2018/2019,WAKEFIELD STREET,TARANAKI STREET,,Non-Injury Crash,No,2018,,North,,0,,Flat,,Labour Weekend,,,,Dark,2135200,0,0.0,0.0,3.0,,,0.0,,,,,,Wellington Region,Nil,1-way,Sealed,,0.0,0,,50.0,,On,0.0,0.0,,47,Wellington City,Traffic Signals,,,,,0.0,0.0,Urban,0.0,,,Fine,Null,0
66417215,,573000,0.0,,0.0,2.0,,Null,2018/2019,01N-1068/05.72,SOUTH PORTAL,,Non-Injury Crash,Yes,2019,,South,,0,,Flat,,,,,,Bright sun,2130600,0,0.0,0.0,3.0,,,0.0,,,,,,Wellington Region,Tunnel,2-way,Sealed,,0.0,0,,70.0,,On,0.0,0.0,60.0,47,Wellington City,Unknown,,,,,0.0,0.0,Urban,1.0,,,Fine,Null,0
66417228,,573511,0.0,0.0,0.0,1.0,0.0,North,2018/2019,01N-1060-D,TAWA-GRENADA NORTH OFF RAMP,,Non-Injury Crash,Yes,2019,0.0,North,0.0,0,0.0,Flat,1.0,,0.0,,0.0,Overcast,2086201,0,0.0,0.0,2.0,0.0,0.0,0.0,0.0,0.0,,0.0,0.0,Wellington Region,Nil,1-way,Sealed,0.0,0.0,0,0.0,100.0,0.0,None,0.0,0.0,,47,Wellington City,Unknown,0.0,0.0,0.0,0.0,0.0,0.0,Open,0.0,0.0,0.0,Fine,Null,0
66417240,,572500,0.0,,0.0,0.0,,Null,2018/2019,MAIN ROAD,WILLOWBANK ROAD,,Non-Injury Crash,No,2019,,West,,0,,Flat,,,,,,Overcast,2053701,0,0.0,0.0,2.0,,,0.0,,,,,,Wellington Region,Nil,2-way,Sealed,,0.0,0,,50.0,,On,1.0,0.0,,47,Wellington City,Give way,,,,,0.0,0.0,Urban,1.0,,,Light rain,Null,0
66417244,,574302,0.0,,0.0,2.0,,Null,2018/2019,HUTT ROAD,ONSLOW ROAD,,Non-Injury Crash,No,2019,,North,,0,,Flat,,,,,,Dark,2090700,0,0.0,0.0,6.0,,,0.0,,,,,,Wellington Region,Nil,2-way,Sealed,,0.0,0,,50.0,,On,0.0,0.0,,47,Wellington City,Give way,,,,,0.0,0.0,Urban,0.0,,,Fine,Null,0
66417266,,577101,0.0,,0.0,2.0,,West,2018/2019,TIO TIO ROAD,BEACON HILL ROAD,,Non-Injury Crash,No,2018,,East,,0,,Hill Road,,,,,,Bright sun,2213000,0,0.0,0.0,2.0,,,0.0,,,,,,Wellington Region,Nil,2-way,Sealed,,0.0,0,,50.0,,Null,0.0,0.0,,47,Wellington City,Unknown,,,,,0.0,0.0,Urban,0.0,,,Fine,Null,0
66417274,,575600,0.0,,0.0,2.0,,South,2018/2019,TODMAN ST,MITCHELL STREET,,Non-Injury Crash,No,2018,,South,,0,,Null,,,,,,Overcast,2161400,0,0.0,0.0,2.0,,,0.0,,,,,,Wellington Region,Nil,2-way,Null,,0.0,0,,50.0,,Null,0.0,0.0,,47,Wellington City,Unknown,,,,,0.0,0.0,Urban,0.0,,,Null,Null,0
66417279,,577000,0.0,0.0,0.0,1.0,0.0,South,2018/2019,ONEPU RD,APU CRESCENT,,Non-Injury Crash,No,2019,0.0,Null,0.0,0,0.0,Null,0.0,,0.0,,0.0,Dark,2174800,0,0.0,0.0,0.0,0.0,0.0,0.0,0.0,1.0,,0.0,0.0,Wellington Region,Nil,Null,Sealed,0.0,0.0,0,0.0,,0.0,On,0.0,0.0,,47,Wellington City,Unknown,0.0,0.0,0.0,0.0,0.0,1.0,Urban,0.0,0.0,0.0,Null,Null,0
66417284,,573526,0.0,,0.0,0.0,,West,2018/2019,002-0962/12.85-I,HOROKIWI ROAD,,Non-Injury Crash,Yes,2019,,South,,0,,Flat,,,,,,Bright sun,2086403,0,0.0,0.0,4.0,,,0.0,,,,,,Wellington Region,Nil,2-way,Sealed,,0.0,0,,100.0,,Off,1.0,0.0,,47,Wellington City,Unknown,,,,,0.0,1.0,Open,1.0,,,Fine,Null,0
66417288,,572900,0.0,0.0,0.0,2.0,1.0,Null,2019/2020,MURPHY STREET,MAY STREET,,Non-Injury Crash,No,2019,0.0,South,0.0,0,0.0,Hill Road,0.0,,0.0,,0.0,Overcast,2119200,0,0.0,0.0,2.0,0.0,0.0,0.0,0.0,0.0,,0.0,0.0,Wellington Region,Nil,1-way,Sealed,0.0,0.0,0,0.0,50.0,0.0,Off,0.0,0.0,,47,Wellington City,Give way,0.0,0.0,0.0,0.0,0.0,0.0,Urban,0.0,0.0,0.0,Fine,Null,0
66417325,,572900,0.0,,0.0,2.0,,Null,2018/2019,TINAKORI ROAD,TINAKORI ROAD OFF RAMP,,Non-Injury Crash,No,2019,,South,,0,,Flat,,,,,,Overcast,2120100,0,0.0,0.0,2.0,,,0.0,,,,,,Wellington Region,Nil,2-way,Sealed,,0.0,0,,50.0,,Off,0.0,0.0,,47,Wellington City,Traffic Signals,,,,,0.0,0.0,Urban,0.0,,,Fine,Null,0
66417388,,573400,0.0,,0.0,1.0,,West,2018/2019,ORIENTAL PDE,HERD STREET,,Non-Injury Crash,No,2018,,North,,0,,Flat,,,,,,Bright sun,2138800,0,0.0,0.0,3.0,,,0.0,,,,,,Wellington Region,Nil,2-way,Sealed,,0.0,0,,40.0,,Off,0.0,0.0,,47,Wellington City,Unknown,,,,,0.0,0.0,Urban,1.0,,,Fine,Null,0
66417415,,577000,0.0,0.0,0.0,3.0,0.0,West,2018/2019,ENDEAVOUR ST,ENDEAVOUR AVENUE,,Non-Injury Crash,No,2018,0.0,West,0.0,0,0.0,Flat,0.0,,0.0,,0.0,Dark,2174900,0,0.0,0.0,2.0,0.0,0.0,0.0,0.0,1.0,,0.0,0.0,Wellington Region,Nil,2-way,Sealed,0.0,0.0,0,0.0,50.0,0.0,On,0.0,0.0,,47,Wellington City,Unknown,0.0,0.0,0.0,0.0,0.0,0.0,Urban,0.0,0.0,0.0,Fine,Null,0
66417434,45.0,576100,0.0,0.0,0.0,1.0,1.0,South,2018/2019,SUTHERLAND ROAD,BELLA VISTA,,Non-Injury Crash,No,2018,0.0,South,0.0,0,0.0,Hill Road,0.0,,0.0,,0.0,Dark,2196600,0,0.0,0.0,2.0,0.0,0.0,0.0,0.0,0.0,,0.0,0.0,Wellington Region,Nil,2-way,Sealed,0.0,0.0,0,0.0,50.0,0.0,On,0.0,0.0,,47,Wellington City,Unknown,0.0,0.0,0.0,0.0,0.0,0.0,Urban,0.0,0.0,0.0,Fine,Null,0
66417451,,572600,0.0,,0.0,0.0,,North,2018/2019,MAIN RD,OXFORD ST,,Non-Injury Crash,No,2018,,Null,,0,,Null,,,,,,Unknown,1988400,0,0.0,0.0,2.0,,,0.0,,,,,,Wellington Region,Nil,2-way,Null,,0.0,0,,50.0,,Null,0.0,0.0,,47,Wellington City,Unknown,,,,,0.0,2.0,Urban,0.0,,,Null,Null,0
66417458,,575701,0.0,,0.0,1.0,,Null,2018/2019,VENNELL STREET,MORNINGTON ROAD,,Minor Crash,No,2019,,West,,0,,Hill Road,,,,,,Bright sun,2199000,1,0.0,1.0,2.0,,,0.0,,,,,,Wellington Region,Nil,2-way,Sealed,,0.0,0,,50.0,,Off,0.0,0.0,,47,Wellington City,Nil,,,,,0.0,0.0,Urban,0.0,,,Fine,Null,0
66417465,,573400,0.0,0.0,0.0,1.0,0.0,West,2018/2019,Majoribanks Street,BROUGHAM STREET,,Non-Injury Crash,No,2018,0.0,Null,0.0,0,0.0,Null,0.0,,0.0,,0.0,Unknown,2139800,0,0.0,0.0,2.0,0.0,0.0,0.0,0.0,1.0,,0.0,0.0,Wellington Region,Nil,2-way,Null,0.0,0.0,0,0.0,50.0,0.0,Null,0.0,0.0,,47,Wellington City,Unknown,0.0,0.0,0.0,0.0,0.0,0.0,Urban,1.0,0.0,0.0,Null,Null,0
66417466,,573101,0.0,,0.0,1.0,,Null,2018/2019,GHUZNEE STREET,CUBA STREET,,Non-Injury Crash,No,2018,,East,,0,,Flat,,,,,,Unknown,2131800,0,0.0,0.0,2.0,,,0.0,,,,,,Wellington Region,Nil,2-way,Sealed,,0.0,0,,30.0,,Null,0.0,0.0,,47,Wellington City,Traffic Signals,,,,,0.0,0.0,Urban,1.0,,,Fine,Null,0
66417485,,577700,0.0,0.0,0.0,0.0,0.0,North,2019/2020,MAKARA ROAD,ESTUARY STREET,,Non-Injury Crash,No,2019,0.0,Null,0.0,0,0.0,Flat,0.0,,0.0,,0.0,Bright sun,2116600,0,0.0,0.0,2.0,0.0,0.0,0.0,0.0,1.0,,0.0,0.0,Wellington Region,Nil,2-way,Sealed,0.0,0.0,0,0.0,50.0,0.0,Off,1.0,0.0,,47,Wellington City,Nil,0.0,0.0,0.0,0.0,0.0,0.0,Urban,0.0,0.0,0.0,Fine,Null,0
66417494,,577200,0.0,,0.0,1.0,,Null,2018/2019,BROADWAY,CRAWFORD GREEN,,Fatal Crash,No,2019,,East,,1,,Flat,,,,,,Bright sun,2209000,0,0.0,0.0,2.0,,,0.0,,,1.0,,,Wellington Region,Nil,2-way,Sealed,,0.0,0,,50.0,,Off,0.0,0.0,,47,Wellington City,Give way,,,,,0.0,0.0,Urban,0.0,,,Fine,Null,0
66417522,,576901,0.0,0.0,0.0,2.0,0.0,West,2018/2019,COUTTS ST,MAHORA ST,,Non-Injury Crash,No,2018,0.0,East,0.0,0,0.0,Flat,0.0,,0.0,,0.0,Bright sun,2178801,0,0.0,0.0,2.0,0.0,0.0,0.0,0.0,0.0,,0.0,0.0,Wellington Region,Nil,2-way,Sealed,0.0,0.0,0,0.0,50.0,0.0,Off,0.0,0.0,,47,Wellington City,Unknown,0.0,0.0,0.0,0.0,0.0,0.0,Urban,0.0,1.0,0.0,Fine,Null,0
66417682,,573700,0.0,0.0,0.0,1.0,0.0,Null,2018/2019,FRANKMOORE AVENUE,PHILLIP STREET,,Non-Injury Crash,No,2019,0.0,North,0.0,0,1.0,Flat,0.0,,0.0,,0.0,Dark,2081700,0,0.0,0.0,2.0,0.0,0.0,0.0,0.0,0.0,,0.0,0.0,Wellington Region,Nil,2-way,Sealed,0.0,0.0,0,0.0,50.0,0.0,On,0.0,0.0,,47,Wellington City,Give way,0.0,0.0,0.0,0.0,0.0,0.0,Urban,0.0,0.0,0.0,Fine,Null,0
66417751,,577302,0.0,,0.0,1.0,,Null,2018/2019,"27 MIRAMAR AVENUE, MIRAMAR, WELLINGTON CITY 6022",,,Serious Crash,No,2019,,West,,0,,Flat,,,,,,Bright sun,2206004,0,0.0,0.0,0.0,,,0.0,,,1.0,,,Wellington Region,Nil,Off road,Sealed,,0.0,1,,50.0,,Off,0.0,0.0,,47,Wellington City,Unknown,,,,,0.0,0.0,Urban,1.0,,,Heavy rain,Null,0
66417782,,575000,0.0,0.0,0.0,2.0,0.0,East,2019/2020,KARORI RD,NEWCOMBE CRESCENT,,Non-Injury Crash,No,2019,0.0,West,0.0,0,0.0,Hill Road,0.0,,0.0,,0.0,Overcast,2112300,0,0.0,0.0,2.0,0.0,0.0,0.0,0.0,1.0,,0.0,0.0,Wellington Region,Nil,2-way,Sealed,0.0,0.0,0,0.0,50.0,0.0,Off,0.0,0.0,,47,Wellington City,Unknown,0.0,0.0,0.0,0.0,0.0,0.0,Urban,0.0,0.0,0.0,Fine,Null,0
66417802,,572600,0.0,,0.0,1.0,,North,2018/2019,MAIN RD,ESSEX STREET,,Non-Injury Crash,No,2019,,South,,0,,Flat,,,,,,Bright sun,1990500,0,0.0,0.0,2.0,,,1.0,,,1.0,,,Wellington Region,Nil,2-way,Sealed,,0.0,0,,50.0,,Off,0.0,0.0,,47,Wellington City,Unknown,,,,,0.0,0.0,Urban,0.0,,,Fine,Null,0
66417820,,573000,0.0,0.0,1.0,1.0,0.0,West,2018/2019,BRANDON ST,FEATHERSTON ST,,Non-Injury Crash,No,2018,0.0,West,0.0,0,0.0,Flat,0.0,,0.0,,0.0,Bright sun,2125700,0,0.0,0.0,1.0,0.0,0.0,0.0,0.0,1.0,,0.0,0.0,Wellington Region,Nil,1-way,Sealed,0.0,0.0,0,0.0,50.0,0.0,Off,0.0,0.0,,47,Wellington City,Unknown,0.0,0.0,0.0,0.0,0.0,0.0,Urban,0.0,0.0,0.0,Fine,Null,0
66417822,,576400,0.0,,0.0,1.0,,Null,2018/2019,DANIELL STREET,CONSTABLE STREET,,Non-Injury Crash,No,2018,,North,,0,,Flat,,,,,,Dark,2168400,0,0.0,0.0,2.0,,,0.0,,,,,,Wellington Region,Nil,2-way,Sealed,,0.0,0,,50.0,,On,0.0,0.0,,47,Wellington City,Traffic Signals,,,,,0.0,0.0,Urban,1.0,,,Fine,Null,0