OBJECTID,advisorySpeed,areaUnitID,bicycle,bridge,bus,carStationWagon,cliffBank,crashDirectionDescription,crashFinancialYear,crashLocation1,crashLocation2,crashRoadSideRoad,crashSeverity,crashSHDescription,crashYear,debris,directionRoleDescription,ditch,fatalCount,fence,flatHill,guardRail,holiday,houseOrBuilding,intersection,kerb,light,meshblockId,minorInjuryCount,moped,motorcycle,NumberOfLanes,objectThrownOrDropped,otherObject,otherVehicleType,overBank,parkedVehicle,pedestrian,phoneBoxEtc,postOrPole,region,roadCharacter,roadLane,roadSurface,roadworks,schoolBus,seriousInjuryCount,slipOrFlood,speedLimit,strayAnimal,streetLight,suv,taxi,temporarySpeedLimit,tlaId,tlaName,trafficControl,trafficIsland,trafficSign,train,tree,truck,unknownVehicleType,urban,vanOrUtility,vehicle,waterRiver,weatherA,weatherB,if_pandemic
66417839,,574303,0.0,0.0,0.0,2.0,1.0,Null,2018/2019,HUTT RD,STOCK EFFLUENT FACILITY ROAD,,Serious Crash,No,2019,0.0,North,0.0,0,0.0,Flat,0.0,,0.0,,0.0,Bright sun,2090402,0,0.0,0.0,4.0,0.0,0.0,0.0,0.0,0.0,1.0,0.0,0.0,Wellington Region,Nil,2-way,Sealed,0.0,0.0,1,0.0,80.0,0.0,Off,0.0,0.0,,47,Wellington City,Unknown,0.0,0.0,0.0,0.0,0.0,0.0,Open,0.0,1.0,0.0,Fine,Null,0
66417841,,573000,0.0,,0.0,1.0,,South,2018/2019,BUNNY ST,LAMBTON QUAY,,Non-Injury Crash,No,2019,,West,,0,,Null,,,,,,Bright sun,2124300,0,0.0,0.0,2.0,,,0.0,,,,,,Wellington Region,Nil,2-way,Sealed,,0.0,0,,30.0,,Off,0.0,0.0,,47,Wellington City,Unknown,,,,,0.0,0.0,Urban,1.0,,,Fine,Null,0
66417843,,573200,0.0,0.0,0.0,3.0,0.0,North,2017/2018,OHIRO ROAD,BROOKLYN ROAD,,Non-Injury Crash,No,2018,0.0,North,0.0,0,0.0,Hill Road,0.0,,0.0,,0.0,Bright sun,2159300,0,0.0,0.0,2.0,0.0,0.0,0.0,0.0,1.0,,0.0,0.0,Wellington Region,Nil,2-way,Sealed,0.0,0.0,0,0.0,50.0,0.0,Null,0.0,0.0,,47,Wellington City,Unknown,0.0,0.0,0.0,0.0,0.0,0.0,Urban,0.0,0.0,0.0,Fine,Null,0
66417856,,573000,0.0,,0.0,0.0,,South,2018/2019,JERVOIS QUAY,HUNTER STREET,,Non-Injury Crash,No,2018,,South,,0,,Flat,,Christmas New Year,,,,Dark,2124300,0,0.0,1.0,3.0,,,0.0,,,1.0,,,Wellington Region,Nil,1-way,Sealed,,0.0,0,,50.0,,On,0.0,0.0,,47,Wellington City,Nil,,,,,0.0,0.0,Urban,0.0,,,Light rain,Null,0
66417858,,573300,0.0,0.0,0.0,1.0,0.0,East,2018/2019,HANKEY ST,OAK GROVE,,Non-Injury Crash,No,2019,0.0,East,0.0,0,0.0,Flat,0.0,,0.0,,0.0,Unknown,2145002,0,0.0,0.0,2.0,0.0,0.0,0.0,0.0,1.0,,0.0,0.0,Wellington Region,Nil,2-way,Sealed,0.0,0.0,0,0.0,50.0,0.0,Null,0.0,0.0,,47,Wellington City,Unknown,0.0,0.0,0.0,0.0,0.0,0.0,Urban,1.0,0.0,0.0,Null,Null,0
66417937,,573000,0.0,,0.0,1.0,,Null,2018/2019,WARING TAYLOR STREET,FEATHERSTON STREET,,Non-Injury Crash,No,2018,,West,,0,,Flat,,,,,,Bright sun,2125400,0,0.0,0.0,1.0,,,0.0,,,1.0,,,Wellington Region,Nil,1-way,Sealed,,0.0,0,,50.0,,Off,0.0,0.0,,47,Wellington City,Traffic Signals,,,,,0.0,0.0,Urban,0.0,,,Null,Null,0
66417965,,576301,0.0,,0.0,1.0,,Null,2018/2019,JOHN STREET,HANSON STREET,,Non-Injury Crash,No,2019,,West,,0,,Flat,,,,,,Bright sun,2163300,0,0.0,0.0,2.0,,,0.0,,,,,,Wellington Region,Nil,2-way,Sealed,,0.0,0,,50.0,,Off,0.0,0.0,,47,Wellington City,Traffic Signals,,,,,0.0,0.0,Urban,1.0,,,Fine,Null,0
66417968,,576500,0.0,,0.0,0.0,,Null,2019/2020,MEIN STREET,OWEN STREET,,Serious Crash,No,2019,,West,,0,,Hill Road,,,,,,Overcast,2148900,0,0.0,0.0,2.0,,,0.0,,,1.0,,,Wellington Region,Nil,2-way,Sealed,,0.0,1,,40.0,,Off,0.0,0.0,,47,Wellington City,Give way,,,,,0.0,0.0,Urban,1.0,,,Fine,Null,0
66417970,,576901,0.0,,0.0,1.0,,Null,2018/2019,COBHAM DRIVE,TROY STREET,,Minor Crash,Yes,2019,,West,,0,,Flat,,,,,,Overcast,2176800,1,0.0,0.0,2.0,,,0.0,,,,,,Wellington Region,Nil,1-way,Sealed,,0.0,0,,70.0,,Off,0.0,0.0,,47,Wellington City,Give way,,,,,0.0,0.0,Urban,1.0,,,Fine,Null,0
66417990,,576901,0.0,0.0,0.0,3.0,0.0,West,2017/2018,LONSDALE CRESCENT,TIRANGI ROAD,,Non-Injury Crash,No,2018,0.0,North,0.0,0,0.0,Hill Road,0.0,,0.0,,0.0,Dark,2176600,0,0.0,0.0,2.0,0.0,0.0,0.0,0.0,1.0,,0.0,0.0,Wellington Region,Nil,2-way,Sealed,0.0,0.0,0,0.0,50.0,0.0,On,0.0,0.0,,47,Wellington City,Unknown,0.0,0.0,0.0,0.0,1.0,0.0,Urban,0.0,0.0,0.0,Fine,Null,0
66417999,,576400,0.0,0.0,0.0,2.0,0.0,North,2018/2019,COROMANDEL ST,CONSTABLE STREET,,Non-Injury Crash,No,2019,0.0,South,0.0,0,0.0,Null,0.0,,0.0,,0.0,Unknown,2168000,0,0.0,0.0,2.0,0.0,0.0,0.0,0.0,1.0,,0.0,0.0,Wellington Region,Nil,2-way,Sealed,0.0,0.0,0,0.0,40.0,0.0,Null,0.0,0.0,,47,Wellington City,Unknown,0.0,0.0,0.0,0.0,0.0,0.0,Urban,0.0,0.0,0.0,Null,Null,0
66418008,,573802,0.0,0.0,0.0,1.0,0.0,North,2018/2019,CHESTERTON ST,CHAPMAN ST,,Non-Injury Crash,No,2018,0.0,North,0.0,0,0.0,Hill Road,0.0,,0.0,,0.0,Dark,2078702,0,0.0,0.0,2.0,0.0,0.0,0.0,0.0,1.0,,0.0,0.0,Wellington Region,Nil,2-way,Sealed,0.0,0.0,0,0.0,50.0,0.0,On,0.0,0.0,,47,Wellington City,Unknown,0.0,0.0,0.0,0.0,0.0,0.0,Urban,1.0,0.0,0.0,Fine,Null,0
66418041,,573101,0.0,,0.0,2.0,,Null,2019/2020,BUCKLE STREET,TARANAKI STREET,,Non-Injury Crash,Yes,2019,,West,,0,,Flat,,,,,,Bright sun,2134800,0,0.0,0.0,3.0,,,0.0,,,,,,Wellington Region,Nil,1-way,Sealed,,0.0,0,,50.0,,Off,0.0,0.0,,47,Wellington City,Traffic Signals,,,,,0.0,0.0,Urban,0.0,,,Fine,Null,0
66418054,,576901,0.0,0.0,1.0,1.0,0.0,East,2018/2019,KEMP ST,EVANS BAY PARADE,,Non-Injury Crash,No,2018,0.0,West,0.0,0,0.0,Flat,0.0,,0.0,,0.0,Dark,2177800,0,0.0,0.0,2.0,0.0,0.0,0.0,0.0,1.0,,0.0,0.0,Wellington Region,Nil,2-way,Sealed,0.0,0.0,0,0.0,50.0,0.0,Off,0.0,0.0,,47,Wellington City,Unknown,0.0,0.0,0.0,0.0,0.0,0.0,Urban,0.0,0.0,0.0,Light rain,Null,0
66418186,,574600,0.0,0.0,1.0,1.0,0.0,North,2018/2019,WADESTOWN RD,LESLIE STREET,,Non-Injury Crash,No,2019,0.0,Null,0.0,0,0.0,Hill Road,0.0,,0.0,,0.0,Unknown,2100900,0,0.0,0.0,2.0,0.0,0.0,0.0,0.0,1.0,,0.0,0.0,Wellington Region,Nil,2-way,Sealed,0.0,0.0,0,0.0,50.0,0.0,Null,0.0,0.0,,47,Wellington City,Unknown,0.0,0.0,0.0,0.0,0.0,0.0,Urban,0.0,0.0,0.0,Null,Null,0
66418194,,577302,0.0,,0.0,1.0,,West,2019/2020,ROTHERHAM TCE,DARLINGTON ROAD,,Minor Crash,No,2019,,East,,0,,Flat,,,,,,Bright sun,2205600,1,0.0,0.0,2.0,,,0.0,,,,,,Wellington Region,Nil,2-way,Sealed,,0.0,0,,50.0,,Off,0.0,0.0,,47,Wellington City,Nil,,,,,0.0,0.0,Urban,1.0,,,Fine,Null,0
66418205,,573511,0.0,,0.0,1.0,,Null,2018/2019,MIDDLETON ROAD,WINGCHESTER DRIVE EAST,,Minor Crash,No,2019,,West,,0,,Flat,,,,,,Bright sun,2086203,1,0.0,1.0,2.0,,,0.0,,,,,,Wellington Region,Nil,2-way,Sealed,,0.0,0,,50.0,,Off,0.0,0.0,,47,Wellington City,Give way,,,,,0.0,0.0,Urban,0.0,,,Fine,Null,0
66418255,,572900,0.0,,0.0,3.0,,North,2018/2019,WATERLOO QUAY,RLY XING STH,,Non-Injury Crash,No,2018,,North,,0,,Flat,,,,,,Dark,2118400,0,0.0,0.0,4.0,,,0.0,,,,,,Wellington Region,Rail xing,2-way,Sealed,,0.0,0,,50.0,,On,0.0,0.0,,47,Wellington City,Unknown,,,,,0.0,0.0,Urban,0.0,,,Fine,Null,0
66418280,,573511,0.0,0.0,0.0,1.0,0.0,South,2019/2020,01N-1060-D,CHURTON PARK-GLENSIDE ON RAMP,,Non-Injury Crash,Yes,2019,0.0,North,0.0,0,0.0,Flat,1.0,,0.0,,0.0,Bright sun,2086203,0,0.0,0.0,4.0,0.0,0.0,0.0,0.0,0.0,1.0,0.0,0.0,Wellington Region,Bridge,2-way,Sealed,0.0,0.0,0,0.0,100.0,0.0,Off,0.0,0.0,,47,Wellington City,Unknown,0.0,0.0,0.0,0.0,0.0,0.0,Open,0.0,0.0,0.0,Light rain,Strong wind,0
66418295,,574500,1.0,,0.0,0.0,,South,2018/2019,HUTT RD,RANGIORA AVENUE,,Minor Crash,No,2019,,North,,0,,Flat,,Queens Birthday,,,,Dark,2093400,1,0.0,0.0,3.0,,,0.0,,,,,,Wellington Region,Nil,2-way,Sealed,,0.0,0,,60.0,,On,0.0,0.0,,47,Wellington City,Nil,,,,,0.0,0.0,Urban,1.0,,,Light rain,Null,0
66418298,,573400,0.0,0.0,1.0,1.0,0.0,Null,2019/2020,AUSTIN STREET,SCARBOROUGH TERRACE,,Non-Injury Crash,No,2019,0.0,Null,0.0,0,0.0,Hill Road,0.0,,0.0,,0.0,Unknown,2142400,0,0.0,0.0,2.0,0.0,0.0,0.0,0.0,1.0,,0.0,0.0,Wellington Region,Nil,2-way,Sealed,0.0,0.0,0,0.0,50.0,0.0,Null,0.0,0.0,,47,Wellington City,Nil,0.0,0.0,0.0,0.0,0.0,0.0,Urban,0.0,0.0,0.0,Null,Null,0
66418307,,573400,0.0,,0.0,2.0,,East,2018/2019,ORIENTAL PARADE,HERD STREET,,Non-Injury Crash,No,2019,,West,,0,,Flat,,,,,,Bright sun,2138800,0,0.0,0.0,2.0,,,0.0,,,,,,Wellington Region,Nil,2-way,Sealed,,0.0,0,,40.0,,Off,0.0,0.0,,47,Wellington City,Nil,,,,,0.0,0.0,Urban,0.0,,,Fine,Null,0
66418351,,573101,0.0,0.0,0.0,3.0,0.0,West,2019/2020,01N-1075/00.13-I,CUBA ST,,Non-Injury Crash,Yes,2019,0.0,East,0.0,0,0.0,Hill Road,0.0,,0.0,,0.0,Overcast,2132100,0,0.0,0.0,2.0,0.0,0.0,0.0,0.0,1.0,,0.0,0.0,Wellington Region,Nil,2-way,Sealed,0.0,0.0,0,0.0,50.0,0.0,Null,0.0,0.0,,47,Wellington City,Nil,0.0,0.0,0.0,0.0,0.0,0.0,Urban,0.0,0.0,0.0,Null,Null,0
66418381,,574304,0.0,0.0,0.0,1.0,0.0,South,2018/2019,MALDIVE ST,BURMA ROAD,,Non-Injury Crash,No,2018,0.0,Null,0.0,0,0.0,Null,0.0,,0.0,,0.0,Unknown,2088701,0,0.0,0.0,2.0,0.0,0.0,0.0,0.0,1.0,,0.0,0.0,Wellington Region,Nil,2-way,Sealed,0.0,0.0,0,0.0,50.0,0.0,Null,0.0,0.0,,47,Wellington City,Unknown,0.0,0.0,0.0,0.0,0.0,0.0,Urban,0.0,0.0,0.0,Null,Null,0
66418385,,575300,0.0,,0.0,2.0,,South,2018/2019,SALAMANCA RD,CLERMONT TERRACE,,Non-Injury Crash,No,2018,,South,,0,,Hill Road,,,,,,Overcast,2153400,0,0.0,0.0,2.0,,,0.0,,,,,,Wellington Region,Nil,2-way,Sealed,,0.0,0,,50.0,,Off,0.0,0.0,,47,Wellington City,Unknown,,,,,0.0,0.0,Urban,0.0,,,Light rain,Null,0
66418396,,574002,0.0,,0.0,0.0,,South,2019/2020,HUTT ROAD ON RAMP,HUTT ROAD,,Non-Injury Crash,No,2019,,North,,0,,Flat,,,,,,Dark,2078302,0,0.0,0.0,5.0,,,0.0,,,,,,Wellington Region,Motorway ramp,2-way,Sealed,,0.0,0,,80.0,,On,2.0,0.0,,47,Wellington City,Unknown,,,,,0.0,0.0,Open,0.0,,,Fine,Null,0
66418399,,572900,0.0,,0.0,1.0,,North,2018/2019,PARK STREET,TINAKORI ROAD,,Non-Injury Crash,No,2019,,South,,0,,Flat,,,,,,Bright sun,2120500,0,1.0,0.0,3.0,,,0.0,,,,,,Wellington Region,Nil,2-way,Sealed,,0.0,0,,50.0,,Off,0.0,0.0,,47,Wellington City,Nil,,,,,1.0,0.0,Urban,0.0,,,Fine,Null,0
66418493,,576301,0.0,,0.0,1.0,,Null,2018/2019,JOHN STREET,HANSON STREET,,Non-Injury Crash,No,2019,,East,,0,,Null,,,,,,Unknown,2163400,0,0.0,0.0,3.0,,,0.0,,,,,,Wellington Region,Nil,2-way,Sealed,,0.0,0,,50.0,,Null,0.0,0.0,,47,Wellington City,Traffic Signals,,,,,0.0,1.0,Urban,0.0,,,Null,Null,0
66418535,,574001,0.0,,0.0,0.0,,North,2018/2019,01N-1060-I,NEWLANDS ON RAMP,,Non-Injury Crash,Yes,2019,,South,,0,,Hill Road,,,,,,Dark,2077600,0,0.0,0.0,6.0,,,0.0,,,,,,Wellington Region,Nil,2-way,Sealed,,0.0,0,,80.0,,On,0.0,0.0,,47,Wellington City,Unknown,,,,,0.0,0.0,Open,2.0,,,Heavy rain,Strong wind,0
66418542,,575300,0.0,0.0,0.0,1.0,1.0,South,2018/2019,GLENMORE ST,KELBURN VIADUCT,,Non-Injury Crash,No,2018,0.0,North,0.0,0,0.0,Hill Road,0.0,,0.0,,0.0,Dark,2152600,0,0.0,0.0,2.0,0.0,0.0,0.0,0.0,0.0,,0.0,0.0,Wellington Region,Nil,2-way,Sealed,0.0,0.0,0,0.0,50.0,0.0,On,0.0,0.0,,47,Wellington City,Unknown,0.0,0.0,0.0,0.0,0.0,0.0,Urban,0.0,0.0,0.0,Light rain,Null,0
66418570,,576002,0.0,,0.0,0.0,,North,2018/2019,THE PARADE,MEDWAY STREET,,Minor Crash,No,2019,,South,,0,,Flat,,,,,,Bright sun,2190400,2,0.0,0.0,2.0,,,0.0,,,,,,Wellington Region,Nil,2-way,Sealed,,0.0,0,,30.0,,Off,2.0,0.0,,47,Wellington City,Nil,,,,,0.0,0.0,Urban,0.0,,,Fine,Null,0
66418582,,573101,0.0,,0.0,1.0,,Null,2019/2020,OFF ROAD CAR PARK,,,Minor Crash,No,2019,,South,,0,,Flat,,,,,,Bright sun,2133500,1,0.0,0.0,,,,0.0,,,1.0,,,Wellington Region,Nil,Off road,Sealed,,0.0,0,,10.0,,Off,0.0,0.0,,47,Wellington City,Unknown,,,,,0.0,0.0,Urban,0.0,,,Fine,Null,0
66418594,,574304,1.0,0.0,0.0,1.0,0.0,West,2019/2020,BURMA RD,KIM STREET,,Minor Crash,No,2019,0.0,North,0.0,0,0.0,Flat,0.0,,0.0,,0.0,Overcast,2088800,1,0.0,0.0,2.0,0.0,0.0,0.0,0.0,1.0,,0.0,0.0,Wellington Region,Nil,2-way,Sealed,0.0,0.0,0,0.0,50.0,0.0,Off,0.0,0.0,,47,Wellington City,Unknown,0.0,0.0,0.0,0.0,0.0,0.0,Urban,0.0,0.0,0.0,Light rain,Null,0
66418599,,573400,0.0,0.0,0.0,0.0,0.0,Null,2018/2019,PIRIE STREET,BROUGHAM STREET,,Non-Injury Crash,No,2018,0.0,North,0.0,0,0.0,Flat,0.0,,1.0,,0.0,Twilight,2141500,0,0.0,0.0,2.0,0.0,0.0,0.0,0.0,0.0,,0.0,0.0,Wellington Region,Nil,2-way,Sealed,0.0,0.0,0,0.0,50.0,0.0,On,0.0,0.0,,47,Wellington City,Give way,0.0,1.0,0.0,0.0,1.0,0.0,Urban,0.0,0.0,0.0,Null,Null,0
66418636,,575000,0.0,,0.0,1.0,,Null,2018/2019,DONALD STREET,FIRTH TERRACE,,Non-Injury Crash,No,2019,,Null,,0,,Null,,,,,,Unknown,2112500,0,0.0,0.0,2.0,,,0.0,,,,,,Wellington Region,Nil,2-way,Sealed,,0.0,0,,50.0,,Null,0.0,0.0,,47,Wellington City,Nil,,,,,0.0,0.0,Urban,0.0,,,Null,Null,0
66418652,,575600,0.0,0.0,1.0,1.0,0.0,North,2019/2020,OHIRO ROAD,CLEVELAND STREET,,Non-Injury Crash,No,2019,0.0,North,0.0,0,0.0,Hill Road,0.0,,0.0,,0.0,Dark,2161900,0,0.0,0.0,2.0,0.0,0.0,0.0,0.0,1.0,,0.0,0.0,Wellington Region,Nil,2-way,Sealed,0.0,0.0,0,0.0,50.0,0.0,On,0.0,0.0,,47,Wellington City,Traffic Signals,0.0,0.0,0.0,0.0,0.0,0.0,Urban,0.0,0.0,0.0,Fine,Null,0
66418702,,573522,0.0,,0.0,0.0,,Null,2018/2019,TAKAPU ROAD,BING LUCAS DRIVE,,Non-Injury Crash,No,2019,,South,,0,,Flat,,,,,,Bright sun,2086103,0,0.0,0.0,2.0,,,0.0,,,,,,Wellington Region,Nil,2-way,Sealed,,0.0,0,,70.0,,Off,0.0,0.0,,47,Wellington City,Give way,,,,,0.0,0.0,Urban,2.0,,,Fine,Null,0
66418704,,573000,0.0,0.0,0.0,1.0,0.0,Null,2018/2019,CUSTOMHOUSE QUAY,WILLESTON STREET,,Minor Crash,No,2019,0.0,South,0.0,0,0.0,Flat,0.0,,0.0,,0.0,Dark,2126000,1,0.0,0.0,2.0,0.0,0.0,0.0,0.0,0.0,,0.0,0.0,Wellington Region,Nil,2-way,Sealed,0.0,0.0,0,0.0,50.0,0.0,On,0.0,0.0,,47,Wellington City,Traffic Signals,1.0,0.0,0.0,0.0,0.0,0.0,Urban,0.0,0.0,0.0,Fine,Null,0
66418754,,576002,1.0,,0.0,1.0,,Null,2019/2020,MELROSE ROAD,ALBERT STREET,,Minor Crash,No,2019,,South,,0,,Flat,,,,,,Bright sun,2191200,1,0.0,0.0,2.0,,,0.0,,,,,,Wellington Region,Nil,2-way,Sealed,,0.0,0,,50.0,,Off,0.0,0.0,,47,Wellington City,Give way,,,,,0.0,0.0,Urban,0.0,,,Fine,Null,0
66418757,,573000,0.0,,0.0,3.0,,North,2019/2020,01N-1068-I,NORTH PORTAL SBD,,Minor Crash,Yes,2019,,South,,0,,Flat,,,,,,Bright sun,2126700,1,0.0,0.0,1.0,,,0.0,,,,,,Wellington Region,Nil,1-way,Sealed,,0.0,0,,80.0,,Off,0.0,0.0,60.0,47,Wellington City,Unknown,,,,,0.0,0.0,Open,0.0,,,Fine,Null,0
66418844,,573000,0.0,,0.0,1.0,,Null,2018/2019,FEATHERSTON STREET,PANAMA STREET,,Minor Crash,No,2019,,East,,0,,Flat,,,,,,Bright sun,2125800,2,0.0,0.0,2.0,,,0.0,,,2.0,,,Wellington Region,Nil,1-way,Sealed,,0.0,0,,30.0,,None,0.0,1.0,,47,Wellington City,Traffic Signals,,,,,0.0,0.0,Urban,0.0,,,Fine,Null,0
66418909,,573200,0.0,,0.0,1.0,,Null,2018/2019,ARO STREET,DEVON STREET,,Non-Injury Crash,No,2019,,West,,0,,Flat,,,,,,Twilight,2158800,0,1.0,0.0,2.0,,,0.0,,,,,,Wellington Region,Nil,2-way,Sealed,,0.0,0,,50.0,,On,0.0,0.0,,47,Wellington City,Stop,,,,,0.0,0.0,Urban,0.0,,,Fine,Null,0
66418914,,573101,0.0,,0.0,2.0,,Null,2019/2020,TARANAKI STREET,MANNERS STREET,,Non-Injury Crash,No,2019,,North,,0,,Flat,,,,,,Bright sun,2133408,0,0.0,0.0,2.0,,,0.0,,,,,,Wellington Region,Nil,2-way,Sealed,,0.0,0,,30.0,,Off,0.0,0.0,,47,Wellington City,Traffic Signals,,,,,0.0,0.0,Urban,0.0,,,Fine,Null,0
66418924,,575902,0.0,,0.0,1.0,,West,2019/2020,OWHIRO BAY PDE,HAPPY VALLEY ROAD,,Minor Crash,No,2019,,East,,0,,Flat,,,,,,Dark,2187303,1,0.0,0.0,2.0,,,0.0,,,,,,Wellington Region,Nil,2-way,Sealed,,0.0,0,,50.0,,On,0.0,0.0,,47,Wellington City,Unknown,,,,,0.0,0.0,Urban,0.0,,,Fine,Null,0
66418966,,573000,0.0,,0.0,2.0,,Null,2017/2018,MARKET ROAD,WAIMEA ROAD,,Non-Injury Crash,No,2018,,South,,0,,Flat,,,,,,Bright sun,2127400,0,0.0,0.0,2.0,,,0.0,,,,,,Wellington Region,Nil,2-way,Sealed,,0.0,0,,50.0,,Off,0.0,0.0,,47,Wellington City,Give way,,,,,0.0,0.0,Urban,0.0,,,Fine,Null,0
66418981,,572900,0.0,,0.0,0.0,,North,2018/2019,01N-1068-D,AOTEA QUAY OFF RAMP,,Non-Injury Crash,No,2018,,North,,0,,Flat,,,,,,Overcast,2118400,0,0.0,0.0,4.0,,,0.0,,,,,,Wellington Region,Nil,1-way,Sealed,,0.0,0,,100.0,,None,0.0,0.0,,47,Wellington City,Unknown,,,,,0.0,0.0,Open,2.0,,,Heavy rain,Null,0
66418997,,573700,0.0,0.0,0.0,0.0,0.0,North,2018/2019,MOOREFIELD RD,FRANKMORE AVENUE,,Serious Crash,No,2019,0.0,South,0.0,0,0.0,Flat,0.0,,1.0,,0.0,Bright sun,2082300,0,0.0,0.0,2.0,0.0,0.0,0.0,0.0,0.0,1.0,0.0,0.0,Wellington Region,Nil,2-way,Sealed,0.0,0.0,1,0.0,50.0,0.0,Off,0.0,0.0,,47,Wellington City,Unknown,0.0,0.0,0.0,0.0,0.0,0.0,Urban,1.0,0.0,0.0,Fine,Null,0
66419034,,572900,0.0,,0.0,2.0,,South,2019/2020,WELLINGTON URBAN MOTORWAY,AOTEA QUAY OFF RAMP,,Non-Injury Crash,Yes,2019,,South,,0,,Null,,,,,,Unknown,2118400,0,0.0,0.0,3.0,,,0.0,,,,,,Wellington Region,Nil,1-way,Null,,0.0,0,,100.0,,Null,0.0,0.0,,47,Wellington City,Nil,,,,,0.0,0.0,Open,0.0,,,Null,Null,0
66419076,,574001,0.0,,0.0,2.0,,South,2018/2019,01N-1060-I,JOHNSONVILLE ON RAMP,,Minor Crash,Yes,2019,,South,,0,,Hill Road,,,,,,Dark,2077600,1,0.0,0.0,6.0,,,0.0,,,,,,Wellington Region,Nil,2-way,Sealed,,0.0,0,,80.0,,On,0.0,0.0,,47,Wellington City,Unknown,,,,,0.0,0.0,Open,1.0,,,Light rain,Strong wind,0
66419092,,574402,0.0,0.0,0.0,1.0,0.0,North,2018/2019,KENYA ST,TRELISSICK CRESCENT,,Non-Injury Crash,No,2018,0.0,North,0.0,0,1.0,Hill Road,0.0,,0.0,,0.0,Overcast,2098100,0,0.0,0.0,2.0,0.0,1.0,0.0,0.0,0.0,,0.0,0.0,Wellington Region,Nil,2-way,Sealed,0.0,0.0,0,0.0,50.0,0.0,Off,0.0,0.0,,47,Wellington City,Unknown,0.0,0.0,0.0,0.0,0.0,0.0,Urban,0.0,0.0,0.0,Fine,Null,0
66419108,,573400,0.0,,0.0,1.0,,Null,2020/2021,ORIENTAL PARADE,CABLE STREET,,Minor Crash,No,2020,,South,,0,,Flat,,,,,,Overcast,2138800,1,0.0,0.0,2.0,,,0.0,,,1.0,,,Wellington Region,Nil,2-way,Sealed,,0.0,0,,50.0,,Off,0.0,0.0,,47,Wellington City,Nil,,,,,0.0,0.0,Urban,0.0,,,Fine,Null,1
66419143,,573300,1.0,,0.0,0.0,,South,2018/2019,WALLACE STREET,FINLAY TERRACE,,Minor Crash,No,2019,,East,,0,,Hill Road,,,,,,Bright sun,2147100,1,0.0,0.0,2.0,,,0.0,,,,,,Wellington Region,Nil,2-way,Sealed,,0.0,0,,50.0,,Off,1.0,0.0,,47,Wellington City,Unknown,,,,,0.0,0.0,Urban,0.0,,,Fine,Null,0
66419147,,577200,0.0,,0.0,2.0,,Null,2018/2019,BROADWAY,HOBART STREET,,Non-Injury Crash,No,2019,,West,,0,,Null,,,,,,Bright sun,2206800,0,0.0,0.0,2.0,,,0.0,,,,,,Wellington Region,Nil,2-way,Sealed,,0.0,0,,50.0,,Off,0.0,0.0,,47,Wellington City,Give way,,,,,0.0,0.0,Urban,0.0,,,Null,Null,0
66419186,,576901,0.0,,0.0,2.0,,Null,2019/2020,COBHAM DRIVE,TROY STREET,,Non-Injury Crash,Yes,2019,,East,,0,,Null,,,,,,Twilight,2176800,0,0.0,0.0,2.0,,,0.0,,,,,,Wellington Region,Nil,1-way,Sealed,,0.0,0,,70.0,,Null,0.0,0.0,,47,Wellington City,Give way,,,,,0.0,0.0,Urban,0.0,,,Null,Null,0
66419213,,574200,0.0,,0.0,1.0,,Null,2019/2020,COCKAYNE ROAD,BOX HILL,,Minor Crash,No,2019,,North,,0,,Flat,,,,,,Bright sun,2088400,1,1.0,0.0,2.0,,,0.0,,,,,,Wellington Region,Nil,2-way,Sealed,,0.0,0,,50.0,,Off,0.0,0.0,,47,Wellington City,Give way,,,,,0.0,0.0,Urban,0.0,,,Fine,Null,0
66419224,,572900,0.0,,0.0,1.0,,Null,2018/2019,MOTUROA STREET,PIPITEA STREET,,Non-Injury Crash,No,2018,,South,,0,,Hill Road,,,,,,Overcast,2119100,0,0.0,0.0,2.0,,,0.0,,,1.0,,,Wellington Region,Nil,2-way,Sealed,,0.0,0,,50.0,,Off,0.0,0.0,,47,Wellington City,Give way,,,,,0.0,0.0,Urban,0.0,,,Light rain,Null,0
66419225,,573101,0.0,0.0,0.0,1.0,0.0,East,2018/2019,TENNYSON ST,TORY STREET,,Non-Injury Crash,No,2018,0.0,West,0.0,0,0.0,Flat,0.0,,0.0,,0.0,Overcast,2136000,0,0.0,1.0,2.0,0.0,0.0,0.0,0.0,1.0,,0.0,0.0,Wellington Region,Nil,2-way,Sealed,0.0,0.0,0,0.0,50.0,0.0,Off,0.0,0.0,,47,Wellington City,Unknown,0.0,0.0,0.0,0.0,0.0,0.0,Urban,0.0,0.0,0.0,Fine,Null,0
66419227,,576903,0.0,,0.0,2.0,,Null,2018/2019,RUAHINE STREET,GOA STREET,,Non-Injury Crash,Yes,2019,,South,,0,,Flat,,,,,,Twilight,2180700,0,0.0,0.0,2.0,,,0.0,,,,,,Wellington Region,Nil,2-way,Sealed,,0.0,0,,70.0,,Off,0.0,0.0,,47,Wellington City,Give way,,,,,0.0,0.0,Urban,0.0,,,Fine,Null,0
66419229,,573101,1.0,,1.0,0.0,,Null,2018/2019,COURTENAY PLACE,TARANAKI STREET,,Non-Injury Crash,No,2019,,West,,0,,Null,,,,,,Unknown,2135600,0,0.0,0.0,3.0,,,0.0,,,,,,Wellington Region,Nil,1-way,Sealed,,0.0,0,,30.0,,Null,0.0,0.0,,47,Wellington City,Traffic Signals,,,,,0.0,0.0,Urban,0.0,,,Null,Null,0