OBJECTID,advisorySpeed,areaUnitID,bicycle,bridge,bus,carStationWagon,cliffBank,crashDirectionDescription,crashFinancialYear,crashLocation1,crashLocation2,crashRoadSideRoad,crashSeverity,crashSHDescription,crashYear,debris,directionRoleDescription,ditch,fatalCount,fence,flatHill,guardRail,holiday,houseOrBuilding,intersection,kerb,light,meshblockId,minorInjuryCount,moped,motorcycle,NumberOfLanes,objectThrownOrDropped,otherObject,otherVehicleType,overBank,parkedVehicle,pedestrian,phoneBoxEtc,postOrPole,region,roadCharacter,roadLane,roadSurface,roadworks,schoolBus,seriousInjuryCount,slipOrFlood,speedLimit,strayAnimal,streetLight,suv,taxi,temporarySpeedLimit,tlaId,tlaName,trafficControl,trafficIsland,trafficSign,train,tree,truck,unknownVehicleType,urban,vanOrUtility,vehicle,waterRiver,weatherA,weatherB,if_pandemic
66419232,,573000,1.0,,0.0,0.0,,Null,2018/2019,FEATHERSTON STREET,BRANDON STREET,,Minor Crash,No,2019,,South,,0,,Flat,,,,,,Bright sun,2125800,1,0.0,0.0,1.0,,,0.0,,,1.0,,,Wellington Region,Nil,1-way,Sealed,,0.0,0,,50.0,,On,0.0,0.0,,47,Wellington City,Traffic Signals,,,,,0.0,0.0,Urban,0.0,,,Fine,Null,0
66419254,,576901,2.0,,0.0,1.0,,South,2019/2020,ONEPU RD,RONGOTAI ROAD,,Serious Crash,No,2019,,North,,0,,Flat,,,,,,Bright sun,2178300,1,0.0,0.0,2.0,,,0.0,,,,,,Wellington Region,Nil,2-way,Sealed,,0.0,1,,50.0,,Off,0.0,1.0,,47,Wellington City,Nil,,,,,0.0,0.0,Urban,0.0,,,Fine,Null,0
66419262,,573000,0.0,,0.0,1.0,,Null,2018/2019,FEATHERSTON STREET,BRANDON STREET,,Non-Injury Crash,No,2019,,South,,0,,Flat,,,,,,Bright sun,2125800,0,0.0,0.0,2.0,,,0.0,,,,,,Wellington Region,Nil,2-way,Sealed,,0.0,0,,50.0,,Off,1.0,0.0,,47,Wellington City,Traffic Signals,,,,,0.0,0.0,Urban,0.0,,,Fine,Null,0
66419287,,573000,0.0,0.0,0.0,1.0,0.0,Null,2018/2019,WARING TAYLOR STREET,FEATHERSTON STREET,,Non-Injury Crash,No,2018,0.0,West,0.0,0,0.0,Flat,0.0,,0.0,,0.0,Overcast,2125400,0,1.0,0.0,1.0,0.0,0.0,0.0,0.0,1.0,,0.0,0.0,Wellington Region,Nil,1-way,Sealed,0.0,0.0,0,0.0,50.0,0.0,Off,0.0,0.0,,47,Wellington City,Traffic Signals,0.0,0.0,0.0,0.0,0.0,0.0,Urban,0.0,0.0,0.0,Fine,Null,0
66419325,,573101,0.0,,0.0,1.0,,Null,2019/2020,VICTORIA STREET,ABEL SMITH STREET,,Minor Crash,No,2019,,South,,0,,Flat,,,,,,Dark,2132200,1,0.0,0.0,4.0,,,0.0,,,1.0,,,Wellington Region,Nil,1-way,Sealed,,0.0,0,,50.0,,On,0.0,0.0,,47,Wellington City,Traffic Signals,,,,,0.0,0.0,Urban,0.0,,,Fine,Null,0
66419368,,573101,0.0,0.0,0.0,1.0,0.0,North,2018/2019,TORY ST,WAKEFIELD STREET,,Non-Injury Crash,No,2018,0.0,South,0.0,0,0.0,Flat,0.0,,1.0,,1.0,Overcast,2135400,0,0.0,0.0,2.0,0.0,0.0,0.0,0.0,0.0,,0.0,0.0,Wellington Region,Nil,2-way,Sealed,0.0,0.0,0,0.0,50.0,0.0,Off,0.0,0.0,,47,Wellington City,Unknown,0.0,0.0,0.0,0.0,0.0,0.0,Urban,0.0,0.0,0.0,Fine,Null,0
66419413,,573101,0.0,0.0,0.0,1.0,0.0,West,2018/2019,DIXON STREET,EVA STREET,,Non-Injury Crash,No,2018,0.0,Null,0.0,0,0.0,Flat,0.0,,0.0,,0.0,Twilight,2133300,0,0.0,0.0,2.0,0.0,0.0,0.0,0.0,1.0,,0.0,0.0,Wellington Region,Nil,1-way,Sealed,0.0,0.0,0,0.0,50.0,0.0,On,0.0,0.0,,47,Wellington City,Unknown,0.0,0.0,0.0,0.0,0.0,1.0,Urban,0.0,0.0,0.0,Fine,Null,0
66419420,,577500,1.0,,0.0,1.0,,South,2019/2020,BREAKER BAY ROAD,PASS OF BRANDA,,Minor Crash,No,2020,,South,,0,,Flat,,,,,,Overcast,2212400,1,0.0,0.0,2.0,,,0.0,,,,,,Wellington Region,Nil,2-way,Sealed,,0.0,0,,50.0,,None,0.0,0.0,,47,Wellington City,Nil,,,,,0.0,0.0,Urban,0.0,,,Fine,Null,1
66419425,,573600,0.0,,0.0,1.0,,North,2019/2020,01N-1060-D,JOHNSONVILLE ON RAMP,,Non-Injury Crash,Yes,2019,,North,,0,,Flat,,,,,,Dark,2081200,0,0.0,0.0,2.0,,,0.0,,,,,,Wellington Region,Nil,1-way,Sealed,,0.0,0,,100.0,,On,2.0,0.0,,47,Wellington City,Unknown,,,,,0.0,0.0,Open,0.0,,,Fine,Null,0
66419463,,576100,0.0,,0.0,1.0,,East,2018/2019,THE ESPLANADE,BRIGHTON STREET,,Minor Crash,No,2019,,East,,0,,Flat,,,,,,Overcast,2194804,1,1.0,0.0,2.0,,,0.0,,,,,,Wellington Region,Nil,2-way,Sealed,,0.0,0,,50.0,,Off,0.0,0.0,,47,Wellington City,Unknown,,,,,0.0,0.0,Urban,0.0,,,Fine,Null,0
66419479,,574302,0.0,,0.0,1.0,,South,2018/2019,SH 1N,SH 2,,Non-Injury Crash,Yes,2018,,East,,0,,Hill Road,,,,,,Overcast,2090601,0,0.0,0.0,7.0,,,0.0,,,,,,Wellington Region,Nil,2-way,Sealed,,0.0,0,,60.0,,Null,0.0,0.0,,47,Wellington City,Unknown,,,,,0.0,0.0,Urban,1.0,,,Light rain,Null,0
66419494,,573525,0.0,0.0,0.0,1.0,1.0,North,2019/2020,01N-1050/06.30-I,TAWA-GRENADA NORTH OFF RAMP,,Minor Crash,Yes,2019,0.0,South,0.0,0,0.0,Flat,1.0,,0.0,,0.0,Dark,2053830,1,0.0,0.0,4.0,0.0,0.0,0.0,0.0,0.0,,0.0,0.0,Wellington Region,Nil,2-way,Sealed,0.0,0.0,0,0.0,100.0,0.0,On,0.0,0.0,,47,Wellington City,Unknown,0.0,0.0,0.0,0.0,0.0,0.0,Open,0.0,0.0,0.0,Light rain,Null,0
66419504,,573101,0.0,,0.0,1.0,,North,2019/2020,CUBA STREET,ABEL SMITH STREET,,Non-Injury Crash,No,2019,,South,,0,,Flat,,,,,,Overcast,2132300,0,0.0,0.0,2.0,,,0.0,,,,,,Wellington Region,Nil,2-way,Sealed,,0.0,0,,50.0,,Off,0.0,0.0,,47,Wellington City,Nil,,,,,1.0,0.0,Urban,0.0,,,Fine,Null,0
66419532,,573513,0.0,0.0,0.0,2.0,0.0,North,2018/2019,ELLWOOD PL,LAKEWOOD AVENUE,,Non-Injury Crash,No,2019,0.0,North,0.0,0,0.0,Flat,0.0,,0.0,,1.0,Bright sun,2086609,0,0.0,0.0,2.0,0.0,0.0,0.0,0.0,1.0,,0.0,0.0,Wellington Region,Nil,2-way,Sealed,0.0,0.0,0,0.0,50.0,0.0,Off,0.0,0.0,,47,Wellington City,Unknown,0.0,0.0,0.0,0.0,0.0,0.0,Urban,0.0,0.0,0.0,Fine,Null,0
66419533,,574002,0.0,,0.0,5.0,,North,2018/2019,002-0962/12.86-D,HUTT ROAD ON RAMP,,Non-Injury Crash,Yes,2019,,North,,0,,Flat,,,,,,Dark,2078302,0,0.0,0.0,2.0,,,0.0,,,,,,Wellington Region,Nil,2-way,Sealed,,0.0,0,,100.0,,On,0.0,0.0,,47,Wellington City,Unknown,,,,,0.0,0.0,Open,0.0,,,Fine,Null,0
66419581,,572900,0.0,,0.0,1.0,,North,2018/2019,HUTT RD-CBD,SAR STREET,,Minor Crash,No,2019,,South,,0,,Flat,,,,,,Bright sun,2118400,1,0.0,1.0,2.0,,,0.0,,,,,,Wellington Region,Nil,2-way,Sealed,,0.0,0,,50.0,,Off,0.0,0.0,,47,Wellington City,Unknown,,,,,0.0,0.0,Urban,0.0,,,Fine,Null,0
66419623,,573903,0.0,0.0,0.0,1.0,0.0,North,2018/2019,NEWLANDS ROAD,WESTLEIGH WAY,,Non-Injury Crash,No,2018,0.0,West,0.0,0,0.0,Hill Road,0.0,,0.0,,0.0,Overcast,2073900,0,0.0,0.0,2.0,0.0,0.0,0.0,0.0,1.0,,0.0,0.0,Wellington Region,Nil,2-way,Sealed,0.0,0.0,0,0.0,50.0,0.0,Null,0.0,0.0,,47,Wellington City,Unknown,0.0,0.0,0.0,0.0,0.0,0.0,Urban,1.0,0.0,0.0,Heavy rain,Null,0
66419627,,573101,0.0,,0.0,0.0,,Null,2017/2018,PIRIE ST,KENT TERRACE,,Non-Injury Crash,Yes,2018,,West,,0,,Flat,,,,,,Twilight,2136700,0,0.0,0.0,2.0,,,0.0,,,,,,Wellington Region,Nil,2-way,Sealed,,0.0,0,,50.0,,On,0.0,0.0,,47,Wellington City,Traffic Signals,,,,,0.0,0.0,Urban,2.0,,,Mist or Fog,Null,0
66419654,,572701,0.0,,0.0,1.0,,Null,2018/2019,01N-1050-D,COLLINS OBR,,Non-Injury Crash,Yes,2019,,North,,0,,Flat,,,,,,Overcast,1995600,0,0.0,0.0,2.0,,,0.0,,,,,,Wellington Region,Nil,2-way,Sealed,,0.0,0,,100.0,,None,0.0,0.0,70.0,47,Wellington City,Unknown,,,,,0.0,0.0,Open,0.0,,,Fine,Null,0
66419692,,574304,0.0,0.0,0.0,0.0,0.0,South,2019/2020,CASHMERE AVENUE ,RANUI CRESCENT,,Non-Injury Crash,No,2019,0.0,Null,0.0,0,0.0,Flat,0.0,,0.0,,0.0,Overcast,2089600,0,0.0,0.0,2.0,0.0,0.0,0.0,0.0,1.0,,0.0,0.0,Wellington Region,Nil,2-way,Sealed,0.0,0.0,0,0.0,40.0,0.0,Off,1.0,0.0,,47,Wellington City,Unknown,0.0,0.0,0.0,0.0,0.0,0.0,Urban,1.0,0.0,0.0,Fine,Null,0
66419721,,574500,0.0,0.0,0.0,1.0,0.0,North,2018/2019,01N-1068-I,01N-1070-R1,,Minor Crash,Yes,2019,0.0,South,0.0,0,0.0,Flat,1.0,Easter,0.0,,0.0,Overcast,2093500,1,0.0,0.0,6.0,0.0,0.0,0.0,0.0,0.0,,0.0,0.0,Wellington Region,Nil,2-way,Sealed,0.0,0.0,0,0.0,100.0,0.0,Off,0.0,0.0,,47,Wellington City,Unknown,0.0,0.0,0.0,0.0,0.0,0.0,Open,1.0,0.0,0.0,Light rain,Null,0
66419722,,577500,1.0,,0.0,1.0,,East,2019/2020,BREAKER BAY RD,WAHINE MEMORIAL,,Minor Crash,No,2019,,West,,0,,Flat,,,,,,Bright sun,2212600,1,0.0,0.0,2.0,,,0.0,,,,,,Wellington Region,Nil,2-way,Sealed,,0.0,0,,50.0,,Off,0.0,0.0,,47,Wellington City,Nil,,,,,0.0,0.0,Urban,0.0,,,Fine,Null,0
66419726,,573511,0.0,0.0,0.0,1.0,0.0,East,2018/2019,WESTCHESTER DR EAST,Churton Park interchange,,Minor Crash,No,2019,0.0,West,0.0,0,0.0,Hill Road,0.0,,0.0,,0.0,Bright sun,2086203,1,0.0,0.0,2.0,0.0,0.0,0.0,0.0,0.0,,0.0,1.0,Wellington Region,Nil,2-way,Sealed,0.0,0.0,0,0.0,50.0,0.0,Off,0.0,0.0,,47,Wellington City,Unknown,0.0,0.0,0.0,0.0,0.0,0.0,Urban,0.0,0.0,0.0,Fine,Null,0
66419730,,574002,0.0,0.0,0.0,0.0,0.0,East,2019/2020,002-0962/12.85-I,RAILYARD ENTRY,,Serious Crash,Yes,2019,0.0,South,0.0,0,0.0,Flat,1.0,,0.0,,0.0,Overcast,2078302,0,0.0,1.0,4.0,0.0,0.0,0.0,0.0,0.0,,0.0,0.0,Wellington Region,Nil,2-way,Sealed,0.0,0.0,1,0.0,100.0,0.0,Off,0.0,0.0,,47,Wellington City,Unknown,0.0,0.0,0.0,0.0,0.0,1.0,Open,0.0,0.0,0.0,Fine,Null,0
66419752,,573000,0.0,,0.0,0.0,,North,2018/2019,WILLIS STREET,GHUZNEE ST,,Non-Injury Crash,No,2018,,Null,,0,,Null,,,,,,Unknown,2130700,0,0.0,0.0,2.0,,,0.0,,,,,,Wellington Region,Nil,2-way,Null,,0.0,0,,50.0,,Null,0.0,0.0,,47,Wellington City,Unknown,,,,,0.0,2.0,Urban,0.0,,,Null,Null,0
66419758,,572900,0.0,,0.0,2.0,,Null,2018/2019,SH 1N,AOTEA OFF SBD,,Non-Injury Crash,Yes,2018,,South,,0,,Hill Road,,,,,,Dark,2118400,0,0.0,0.0,1.0,,,0.0,,,,,,Wellington Region,Motorway ramp,1-way,Sealed,,0.0,0,,100.0,,On,0.0,0.0,,47,Wellington City,Nil,,,,,1.0,0.0,Open,0.0,,,Fine,Null,0
66419796,,572900,0.0,,0.0,0.0,,South,2018/2019,AOTEA QUAY,RLY YARD ENT N,,Non-Injury Crash,No,2019,,North,,0,,Flat,,,,,,Bright sun,2118400,0,0.0,0.0,2.0,,,0.0,,,,,,Wellington Region,Nil,1-way,Sealed,,0.0,0,,70.0,,None,0.0,0.0,,47,Wellington City,Nil,,,,,1.0,0.0,Urban,1.0,,,Fine,Null,0
66419817,,576200,0.0,,0.0,2.0,,Null,2019/2020,RINTOUL STREET,TE WHAREPOURI STREET,,Minor Crash,No,2019,,South,,0,,Flat,,,,,,Twilight,2171500,1,0.0,0.0,2.0,,,0.0,,,,,,Wellington Region,Nil,2-way,Sealed,,0.0,0,,50.0,,Off,0.0,0.0,,47,Wellington City,Traffic Signals,,,,,0.0,0.0,Urban,0.0,,,Fine,Null,0
66419826,,573000,0.0,,1.0,0.0,,Null,2018/2019,WILLIS STREET,LAMBTON QUAY,,Non-Injury Crash,No,2019,,North,,0,,Flat,,,,,,Bright sun,2127100,0,0.0,0.0,2.0,,,0.0,,,,,,Wellington Region,Nil,2-way,Sealed,,0.0,0,,30.0,,Off,1.0,0.0,,47,Wellington City,Traffic Signals,,,,,0.0,0.0,Urban,0.0,,,Fine,Null,0
66419840,,576500,0.0,,0.0,2.0,,South,2018/2019,ADELAIDE RD,KING STREET,,Minor Crash,No,2019,,North,,0,,Flat,,,,,,Overcast,2148201,1,0.0,0.0,4.0,,,0.0,,,,,,Wellington Region,Nil,2-way,Sealed,,0.0,0,,50.0,,Off,0.0,0.0,,47,Wellington City,Unknown,,,,,0.0,0.0,Urban,0.0,,,Fine,Null,0
66419865,,572900,0.0,0.0,0.0,1.0,0.0,Null,2017/2018,HUTT ROAD,SAR STREET,,Non-Injury Crash,No,2018,0.0,North,0.0,0,0.0,Flat,0.0,Queens Birthday,0.0,,0.0,Dark,2117203,0,0.0,0.0,2.0,0.0,0.0,0.0,0.0,1.0,,0.0,0.0,Wellington Region,Nil,2-way,Sealed,0.0,0.0,0,0.0,50.0,0.0,On,0.0,0.0,,47,Wellington City,Nil,0.0,0.0,0.0,0.0,0.0,0.0,Urban,1.0,0.0,0.0,Null,Null,0
66419870,,573101,0.0,,0.0,1.0,,South,2018/2019,TARANAKI ST,SH 1,,Non-Injury Crash,No,2019,,North,,0,,Flat,,,,,,Overcast,2134200,0,0.0,0.0,2.0,,,0.0,,,,,,Wellington Region,Nil,1-way,Null,,0.0,0,,50.0,,Off,0.0,0.0,,47,Wellington City,Traffic Signals,,,,,0.0,0.0,Urban,1.0,,,Light rain,Null,0
66419892,,572900,0.0,,0.0,0.0,,Null,2018/2019,TINAKORI ROAD,ST MARY STREET,,Non-Injury Crash,No,2019,,South,,0,,Flat,,,,,,Overcast,2123400,0,0.0,0.0,2.0,,,0.0,,,,,,Wellington Region,Nil,2-way,Sealed,,0.0,0,,50.0,,Off,2.0,0.0,,47,Wellington City,Nil,,,,,0.0,0.0,Urban,0.0,,,Light rain,Null,0
66419928,,574100,0.0,,0.0,2.0,,South,2019/2020,01N-1060-D,JOHNSONVILLE OFF RAMP,,Non-Injury Crash,Yes,2019,,North,,0,,Flat,,,,,,Twilight,2084600,0,0.0,0.0,3.0,,,0.0,,,,,,Wellington Region,Motorway ramp,1-way,Sealed,,0.0,0,,80.0,,Off,0.0,0.0,,47,Wellington City,Unknown,,,,,0.0,0.0,Open,0.0,,,Fine,Null,0
66419980,,573400,0.0,0.0,0.0,1.0,0.0,West,2019/2020,PALLISER ROAD,ROSENEATH TERRACE,,Non-Injury Crash,No,2019,0.0,Null,0.0,0,0.0,Null,0.0,,0.0,,0.0,Twilight,2139601,0,0.0,0.0,2.0,0.0,0.0,0.0,0.0,1.0,,0.0,0.0,Wellington Region,Nil,2-way,Sealed,0.0,0.0,0,0.0,50.0,0.0,Null,0.0,0.0,,47,Wellington City,Unknown,0.0,0.0,0.0,0.0,0.0,0.0,Urban,0.0,0.0,0.0,Fine,Null,0
66419984,,576901,1.0,,0.0,1.0,,Null,2019/2020,TIRANGI ROAD,COUTTS STREET,,Minor Crash,No,2019,,North,,0,,Flat,,,,,,Bright sun,2176702,1,0.0,0.0,2.0,,,0.0,,,,,,Wellington Region,Nil,2-way,Sealed,,0.0,0,,50.0,,Off,0.0,0.0,,47,Wellington City,Give way,,,,,0.0,0.0,Urban,0.0,,,Fine,Null,0
66420086,,572900,0.0,,0.0,2.0,,Null,2018/2019,BUNNY ST,ACCESS ROAD,,Non-Injury Crash,No,2018,,South,,0,,Flat,,,,,,Overcast,2122700,0,0.0,0.0,1.0,,,0.0,,,,,,Wellington Region,Nil,1-way,Sealed,,0.0,0,,50.0,,Null,0.0,1.0,,47,Wellington City,Nil,,,,,0.0,0.0,Urban,0.0,,,Light rain,Strong wind,0
66420116,,573522,0.0,0.0,0.0,0.0,0.0,South,2019/2020,01N-1050/06.30-I,TAWA-GRENADA NORTH OFF RAMP,,Non-Injury Crash,Yes,2019,0.0,South,0.0,0,0.0,Flat,1.0,,0.0,,0.0,Dark,2053703,0,0.0,0.0,2.0,0.0,0.0,0.0,0.0,0.0,,0.0,0.0,Wellington Region,Motorway ramp,1-way,Sealed,0.0,0.0,0,0.0,100.0,0.0,On,0.0,0.0,,47,Wellington City,Unknown,0.0,0.0,0.0,0.0,0.0,0.0,Open,1.0,0.0,0.0,Light rain,Strong wind,0
66420131,,572701,0.0,,0.0,2.0,,Null,2018/2019,COLLINS AVENUE,COATES STREET,,Non-Injury Crash,No,2019,,East,,0,,Hill Road,,,,,,Dark,1993200,0,0.0,0.0,2.0,,,0.0,,,,,,Wellington Region,Nil,2-way,Sealed,,0.0,0,,50.0,,On,0.0,0.0,,47,Wellington City,Stop,,,,,0.0,0.0,Urban,0.0,,,Fine,Null,0
66420177,,572900,0.0,,0.0,1.0,,South,2018/2019,01N-1068-I,THE TERRACE OFF RAMP,,Non-Injury Crash,Yes,2019,,Null,,0,,Null,,,,,,Overcast,2122100,0,0.0,0.0,3.0,,,0.0,,,,,,Wellington Region,Motorway ramp,1-way,Sealed,,0.0,0,,20.0,,Off,0.0,0.0,,47,Wellington City,Unknown,,,,,0.0,0.0,Urban,1.0,,,Fine,Null,0
66420179,,574002,0.0,,0.0,2.0,,Null,2018/2019,002-0962/12.86-D,HUTT ROAD ON RAMP,,Minor Crash,Yes,2019,,North,,0,,Flat,,,,,,Overcast,2078302,2,0.0,1.0,6.0,,,0.0,,,,,,Wellington Region,Nil,2-way,Sealed,,0.0,0,,100.0,,Off,0.0,0.0,,47,Wellington City,Unknown,,,,,0.0,0.0,Open,0.0,,,Light rain,Null,0
66420203,,574800,1.0,,1.0,0.0,,Null,2018/2019,CHAYTOR ST,OLD KARORI ROAD,,Minor Crash,No,2019,,South,,0,,Hill Road,,,,,,Bright sun,2106100,1,0.0,0.0,2.0,,,0.0,,,,,,Wellington Region,Nil,2-way,Sealed,,0.0,0,,50.0,,Off,0.0,0.0,,47,Wellington City,Unknown,,,,,0.0,0.0,Urban,0.0,,,Fine,Null,0
66420216,,576100,0.0,0.0,0.0,1.0,0.0,North,2019/2020,HOUGHTON BAY ROAD,SOUTHERN WALKWAY,,Non-Injury Crash,No,2019,0.0,North,0.0,0,0.0,Hill Road,0.0,,0.0,,0.0,Dark,2194500,0,0.0,0.0,2.0,0.0,0.0,0.0,0.0,2.0,,0.0,0.0,Wellington Region,Nil,2-way,Sealed,0.0,0.0,0,0.0,50.0,0.0,On,1.0,0.0,,47,Wellington City,Unknown,0.0,0.0,0.0,0.0,0.0,0.0,Urban,1.0,0.0,0.0,Fine,Null,0
66420227,,577301,0.0,0.0,0.0,2.0,0.0,Null,2018/2019,PARK ROAD,WHANGANUI STREET,,Non-Injury Crash,No,2019,0.0,North,0.0,0,0.0,Null,0.0,,0.0,,1.0,Bright sun,2203500,0,0.0,0.0,2.0,0.0,0.0,0.0,0.0,1.0,,0.0,0.0,Wellington Region,Nil,2-way,Sealed,0.0,0.0,0,0.0,50.0,0.0,Off,0.0,0.0,,47,Wellington City,Nil,0.0,0.0,0.0,0.0,0.0,0.0,Urban,0.0,0.0,0.0,Null,Null,0
66420241,,573802,0.0,,0.0,2.0,,Null,2018/2019,HELSTON ROAD,STEWART DRIVE,,Minor Crash,No,2019,,West,,0,,Flat,,,,,,Bright sun,2079100,2,0.0,0.0,2.0,,,0.0,,,,,,Wellington Region,Nil,2-way,Sealed,,0.0,0,,50.0,,Off,0.0,0.0,,47,Wellington City,Give way,,,,,0.0,0.0,Urban,0.0,,,Fine,Strong wind,0
66420257,,576200,0.0,,0.0,1.0,,Null,2018/2019,ADELAIDE ROAD,LUXFORD STREET,,Non-Injury Crash,No,2018,,South,,0,,Null,,,,,,Unknown,2171600,0,0.0,0.0,2.0,,,0.0,,,,,,Wellington Region,Nil,2-way,Sealed,,0.0,0,,50.0,,Null,1.0,0.0,,47,Wellington City,Traffic Signals,,,,,0.0,0.0,Urban,0.0,,,Null,Null,0
66420262,,573513,0.0,0.0,0.0,2.0,0.0,West,2018/2019,WESTCHESTER DR,MELKSHAM DRIVE,,Non-Injury Crash,No,2018,0.0,West,0.0,0,0.0,Flat,0.0,,0.0,,0.0,Dark,2086608,0,0.0,0.0,2.0,0.0,0.0,0.0,0.0,1.0,,0.0,0.0,Wellington Region,Nil,2-way,Sealed,0.0,0.0,0,0.0,50.0,0.0,On,0.0,0.0,,47,Wellington City,Unknown,0.0,0.0,0.0,0.0,0.0,0.0,Urban,0.0,0.0,0.0,Null,Null,0
66420342,,575000,1.0,,0.0,1.0,,South,2018/2019,CROYDON ST,VERSAILLES STREET,,Serious Crash,No,2019,,North,,0,,Hill Road,,,,,,Bright sun,2113500,0,0.0,0.0,2.0,,,0.0,,,,,,Wellington Region,Nil,2-way,Sealed,,0.0,1,,50.0,,Off,0.0,0.0,,47,Wellington City,Unknown,,,,,0.0,0.0,Urban,0.0,,,Fine,Null,0
66420343,,573901,0.0,,0.0,2.0,,West,2018/2019,HELSTON ROAD,JANE GROVE,,Non-Injury Crash,No,2018,,West,,0,,Hill Road,,,,,,Dark,2074201,0,0.0,0.0,2.0,,,0.0,,,,,,Wellington Region,Nil,2-way,Sealed,,0.0,0,,50.0,,On,0.0,0.0,,47,Wellington City,Unknown,,,,,0.0,0.0,Urban,0.0,,,Fine,Null,0
66420350,,573000,0.0,,0.0,1.0,,Null,2018/2019,WHITMORE STREET,STOUT STREET,,Non-Injury Crash,No,2019,,North,,0,,Flat,,,,,,Overcast,2124200,0,0.0,0.0,4.0,,,0.0,,,,,,Wellington Region,Nil,2-way,Sealed,,0.0,0,,50.0,,Off,0.0,0.0,,47,Wellington City,Traffic Signals,,,,,0.0,0.0,Urban,1.0,,,Light rain,Null,0
66420368,,577000,0.0,,0.0,2.0,,North,2019/2020,TIRANGI ROAD,MCGREGOR STREET,,Non-Injury Crash,No,2019,,South,,0,,Flat,,,,,,Bright sun,2175502,0,0.0,0.0,2.0,,,0.0,,,,,,Wellington Region,Nil,2-way,Sealed,,0.0,0,,50.0,,Off,0.0,0.0,,47,Wellington City,Nil,,,,,0.0,0.0,Urban,0.0,,,Fine,Null,0
66420385,,573101,0.0,,0.0,1.0,,East,2018/2019,COLLEGE ST,TORY STREET,,Non-Injury Crash,No,2019,,West,,0,,Flat,,,,,,Bright sun,2136500,0,0.0,0.0,2.0,,,0.0,,,,,,Wellington Region,Nil,2-way,Sealed,,0.0,0,,50.0,,Off,0.0,0.0,,47,Wellington City,Nil,,,,,0.0,0.0,Urban,1.0,,,Null,Null,0
66420405,,573526,0.0,0.0,0.0,2.0,0.0,North,2018/2019,002-0962/12.85-I,SERVICE STN STH,,Serious Crash,Yes,2019,0.0,South,0.0,0,0.0,Flat,2.0,,0.0,,0.0,Dark,2077503,1,0.0,0.0,4.0,0.0,0.0,0.0,0.0,0.0,,0.0,0.0,Wellington Region,Nil,2-way,Sealed,0.0,0.0,1,0.0,100.0,0.0,On,0.0,0.0,,47,Wellington City,Unknown,0.0,0.0,0.0,0.0,0.0,0.0,Open,0.0,0.0,0.0,Heavy rain,Null,0
66420435,,573522,0.0,,0.0,1.0,,South,2018/2019,01N-1050/06.30-I,TAWA-GRENADA NORTH OFF RAMP,,Minor Crash,Yes,2019,,North,,0,,Flat,,,,,,Dark,2053703,1,0.0,0.0,2.0,,,0.0,,,,,,Wellington Region,Nil,1-way,Sealed,,0.0,0,,100.0,,On,0.0,0.0,,47,Wellington City,Unknown,,,,,1.0,0.0,Open,0.0,,,Fine,Null,0
66420445,,576200,0.0,,0.0,2.0,,Null,2018/2019,ADELAIDE ROAD,BRITOMART STREET,,Non-Injury Crash,No,2019,,North,,0,,Flat,,Easter,,,,Unknown,2172500,0,0.0,0.0,2.0,,,0.0,,,,,,Wellington Region,Nil,2-way,Sealed,,0.0,0,,50.0,,Null,0.0,0.0,,47,Wellington City,Traffic Signals,,,,,0.0,0.0,Urban,0.0,,,Null,Null,0
66420452,,573101,0.0,0.0,1.0,1.0,0.0,Null,2018/2019,VICTORIA STREET,EDWARD STREET,,Non-Injury Crash,No,2019,0.0,Null,0.0,0,0.0,Null,0.0,,0.0,,0.0,Bright sun,2131300,0,0.0,0.0,2.0,0.0,0.0,0.0,0.0,1.0,,0.0,0.0,Wellington Region,Nil,2-way,Sealed,0.0,0.0,0,0.0,30.0,0.0,Off,0.0,0.0,,47,Wellington City,Nil,0.0,0.0,0.0,0.0,0.0,0.0,Urban,0.0,0.0,0.0,Null,Null,0
66420521,,572900,0.0,,0.0,1.0,,North,2018/2019,AOTEA QUAY,AOTEA QUAY ON RAMP,,Non-Injury Crash,No,2019,,Null,,0,,Null,,,,,,Bright sun,2118400,0,0.0,0.0,1.0,,,0.0,,,,,,Wellington Region,Nil,1-way,Sealed,,0.0,0,,70.0,,Off,0.0,0.0,,47,Wellington City,Nil,,,,,0.0,1.0,Urban,0.0,,,Null,Null,0
66420522,,574500,0.0,,0.0,2.0,,North,2018/2019,01N-1068-I,AOTEA QUAY OFF RAMP,,Non-Injury Crash,Yes,2019,,South,,0,,Flat,,,,,,Overcast,2093400,0,0.0,0.0,6.0,,,0.0,,,,,,Wellington Region,Nil,2-way,Sealed,,0.0,0,,60.0,,On,0.0,0.0,,47,Wellington City,Unknown,,,,,0.0,1.0,Urban,0.0,,,Fine,Null,0