OBJECTID,advisorySpeed,areaUnitID,bicycle,bridge,bus,carStationWagon,cliffBank,crashDirectionDescription,crashFinancialYear,crashLocation1,crashLocation2,crashRoadSideRoad,crashSeverity,crashSHDescription,crashYear,debris,directionRoleDescription,ditch,fatalCount,fence,flatHill,guardRail,holiday,houseOrBuilding,intersection,kerb,light,meshblockId,minorInjuryCount,moped,motorcycle,NumberOfLanes,objectThrownOrDropped,otherObject,otherVehicleType,overBank,parkedVehicle,pedestrian,phoneBoxEtc,postOrPole,region,roadCharacter,roadLane,roadSurface,roadworks,schoolBus,seriousInjuryCount,slipOrFlood,speedLimit,strayAnimal,streetLight,suv,taxi,temporarySpeedLimit,tlaId,tlaName,trafficControl,trafficIsland,trafficSign,train,tree,truck,unknownVehicleType,urban,vanOrUtility,vehicle,waterRiver,weatherA,weatherB,if_pandemic
66420557,,573101,0.0,0.0,0.0,2.0,0.0,North,2018/2019,KENT TCE,MAJORIBANKS STREET,,Non-Injury Crash,No,2019,0.0,South,0.0,0,0.0,Null,0.0,,0.0,,0.0,Unknown,2135700,0,0.0,0.0,3.0,0.0,0.0,0.0,0.0,1.0,,0.0,0.0,Wellington Region,Nil,1-way,Sealed,0.0,0.0,0,0.0,50.0,0.0,Null,0.0,0.0,,47,Wellington City,Unknown,0.0,0.0,0.0,0.0,0.0,0.0,Urban,0.0,0.0,0.0,Null,Null,0
66420639,,573400,0.0,0.0,0.0,2.0,0.0,East,2018/2019,ORIENTAL PDE,HERD STREET,,Non-Injury Crash,No,2019,0.0,South,0.0,0,0.0,Flat,0.0,,0.0,,0.0,Dark,2138700,0,0.0,0.0,2.0,0.0,0.0,0.0,0.0,1.0,,0.0,0.0,Wellington Region,Nil,2-way,Sealed,0.0,0.0,0,0.0,40.0,0.0,On,0.0,0.0,,47,Wellington City,Unknown,0.0,0.0,0.0,0.0,0.0,0.0,Urban,0.0,0.0,0.0,Fine,Null,0
66420656,,576901,0.0,,0.0,2.0,,Null,2019/2020,CRAWFORD ROAD,CHILDERS TERRACE,,Non-Injury Crash,No,2019,,South,,0,,Hill Road,,,,,,Dark,2178000,0,0.0,0.0,2.0,,,0.0,,,,,,Wellington Region,Nil,2-way,Sealed,,0.0,0,,50.0,,Null,0.0,0.0,,47,Wellington City,Stop,,,,,0.0,0.0,Urban,0.0,,,Null,Null,0
66420659,,574500,0.0,,0.0,2.0,,North,2018/2019,01N-1068-D,AOTEA QUAY ON RAMP,,Non-Injury Crash,Yes,2019,,North,,0,,Flat,,,,,,Bright sun,2093600,0,0.0,0.0,4.0,,,0.0,,,,,,Wellington Region,Nil,1-way,Sealed,,0.0,0,,100.0,,Off,0.0,0.0,,47,Wellington City,Unknown,,,,,0.0,0.0,Open,0.0,,,Fine,Null,0
66420680,,574002,0.0,,0.0,2.0,,South,2018/2019,002-0962/12.85-I,HUTT ROAD OFF RAMP,,Non-Injury Crash,Yes,2019,,South,,0,,Flat,,,,,,Overcast,2078302,0,0.0,0.0,2.0,,,0.0,,,,,,Wellington Region,Nil,1-way,Sealed,,0.0,0,,100.0,,None,0.0,0.0,,47,Wellington City,Unknown,,,,,0.0,0.0,Open,0.0,,,Light rain,Null,0
66420684,,573700,0.0,,0.0,2.0,,Null,2018/2019,FRASER AVENUE,POLLEN STREET,,Non-Injury Crash,No,2019,,East,,0,,Hill Road,,,,,,Dark,2083400,0,0.0,0.0,2.0,,,0.0,,,,,,Wellington Region,Nil,2-way,Sealed,,0.0,0,,50.0,,On,0.0,0.0,,47,Wellington City,Nil,,,,,0.0,0.0,Urban,0.0,,,Fine,Null,0
66420694,,573000,1.0,,0.0,1.0,,Null,2019/2020,THE TERRACE,MACDONALD CRESCENT,,Minor Crash,No,2019,,South,,0,,Hill Road,,,,,,Dark,2128700,1,0.0,0.0,2.0,,,0.0,,,,,,Wellington Region,Nil,2-way,Sealed,,0.0,0,,50.0,,On,0.0,0.0,,47,Wellington City,Stop,,,,,0.0,0.0,Urban,0.0,,,Fine,Null,0
66420706,,576500,0.0,,0.0,1.0,,South,2018/2019,RIDDIFORD ST,EMERGENCY DRIVE,,Non-Injury Crash,No,2019,,Null,,0,,Flat,,,,,,Dark,2148800,0,0.0,0.0,4.0,,,0.0,,,,,,Wellington Region,Nil,2-way,Sealed,,0.0,0,,50.0,,On,0.0,0.0,,47,Wellington City,Nil,,,,,0.0,1.0,Urban,0.0,,,Fine,Null,0
66420729,,573526,0.0,,0.0,4.0,,West,2018/2019,002-0962/12.86-D,HOROKIWI ROAD,,Non-Injury Crash,Yes,2019,,East,,0,,Flat,,,,,,Overcast,2086403,0,0.0,0.0,2.0,,,0.0,,,,,,Wellington Region,Nil,1-way,Sealed,,0.0,0,,100.0,,Off,0.0,0.0,,47,Wellington City,Unknown,,,,,0.0,0.0,Open,0.0,,,Mist or Fog,Null,0
66420758,,577101,0.0,0.0,0.0,0.0,0.0,Null,2018/2019,TOWNSEND ROAD,SEATOUN HEIGHTS ROAD,,Non-Injury Crash,No,2019,0.0,North,0.0,0,0.0,Hill Road,0.0,,0.0,,0.0,Bright sun,2212900,0,0.0,0.0,2.0,0.0,1.0,0.0,0.0,0.0,,0.0,0.0,Wellington Region,Nil,2-way,Sealed,0.0,0.0,0,0.0,50.0,0.0,Off,0.0,0.0,,47,Wellington City,Nil,0.0,0.0,0.0,0.0,1.0,0.0,Urban,0.0,0.0,0.0,Fine,Null,0
66420768,,573801,0.0,,0.0,2.0,,North,2019/2020,01N-1060-I,JOHNSONVILLE OFF RAMP,,Minor Crash,Yes,2019,,South,,0,,Flat,,Labour Weekend,,,,Overcast,2078900,1,0.0,0.0,4.0,,,0.0,,,,,,Wellington Region,Nil,2-way,Sealed,,0.0,0,,100.0,,Off,0.0,0.0,,47,Wellington City,Unknown,,,,,0.0,0.0,Open,0.0,,,Fine,Strong wind,0
66420777,,572900,0.0,0.0,0.0,2.0,0.0,West,2018/2019,HILL ST,PARLIAMENT STREET,,Non-Injury Crash,No,2019,0.0,Null,0.0,0,0.0,Null,0.0,,0.0,,0.0,Unknown,2122300,0,0.0,0.0,2.0,0.0,0.0,0.0,0.0,1.0,,0.0,0.0,Wellington Region,Nil,2-way,Null,0.0,0.0,0,0.0,50.0,0.0,Null,0.0,0.0,,47,Wellington City,Unknown,0.0,0.0,0.0,0.0,0.0,0.0,Urban,0.0,0.0,0.0,Null,Null,0
66420800,,573801,0.0,,0.0,2.0,,South,2018/2019,01N-1060-I,CHURTON PARK-GLENSIDE ON RAMP,,Minor Crash,Yes,2019,,South,,0,,Hill Road,,,,,,Dark,2079401,1,0.0,0.0,4.0,,,0.0,,,,,,Wellington Region,Nil,2-way,Sealed,,0.0,0,,100.0,,None,0.0,0.0,,47,Wellington City,Unknown,,,,,0.0,0.0,Open,0.0,,,Heavy rain,Null,0
66420805,,574001,0.0,0.0,0.0,1.0,1.0,North,2019/2020,NEWLANDS RD,WAKELY ROAD,,Non-Injury Crash,No,2019,0.0,North,0.0,0,0.0,Hill Road,0.0,,0.0,,0.0,Dark,2077700,0,0.0,0.0,2.0,0.0,0.0,0.0,0.0,0.0,,0.0,0.0,Wellington Region,Nil,2-way,Sealed,0.0,0.0,0,0.0,50.0,0.0,On,0.0,0.0,,47,Wellington City,Nil,0.0,0.0,0.0,0.0,0.0,0.0,Urban,0.0,0.0,0.0,Fine,Null,0
66420827,,573700,1.0,,0.0,1.0,,South,2018/2019,JOHNSONVILLE RD,BURGESS ROAD,,Non-Injury Crash,No,2019,,South,,0,,Flat,,,,,,Bright sun,2082800,0,0.0,0.0,4.0,,,0.0,,,,,,Wellington Region,Nil,2-way,Sealed,,0.0,0,,50.0,,Off,0.0,0.0,,47,Wellington City,Unknown,,,,,0.0,0.0,Urban,0.0,,,Fine,Null,0
66420856,,573700,0.0,,0.0,1.0,,South,2018/2019,JOHNSONVILLE RD,Bill Cutting Place,,Non-Injury Crash,No,2018,,Null,,0,,Flat,,,,,,Overcast,2082800,0,0.0,0.0,1.0,,,0.0,,,,,,Wellington Region,Nil,2-way,Null,,0.0,0,,,,Null,0.0,0.0,,47,Wellington City,Unknown,,,,,0.0,1.0,Urban,0.0,,,Null,Null,0
66420879,,573101,0.0,,0.0,1.0,,Null,2018/2019,01N-1075/00.13-I,TORY STREET,,Non-Injury Crash,Yes,2018,,West,,0,,Flat,,,,,,Twilight,2136500,0,0.0,0.0,2.0,,,0.0,,,1.0,,,Wellington Region,Nil,2-way,Sealed,,0.0,0,,50.0,,On,0.0,1.0,,47,Wellington City,Traffic Signals,,,,,0.0,1.0,Urban,0.0,,,Fine,Null,0
66420919,,574402,0.0,,0.0,1.0,,Null,2018/2019,CROFTON ROAD,KENYA STREET,,Minor Crash,No,2019,,South,,0,,Flat,,,,,,Dark,2098000,1,0.0,0.0,2.0,,,0.0,,,1.0,,,Wellington Region,Nil,2-way,Sealed,,0.0,0,,50.0,,On,0.0,0.0,,47,Wellington City,Give way,,,,,0.0,0.0,Urban,0.0,,,Heavy rain,Null,0
66420929,,572600,0.0,,0.0,2.0,,East,2018/2019,LYNDHURST RD,TAINUI TERRACE,,Non-Injury Crash,No,2019,,East,,0,,Flat,,,,,,Overcast,1990000,0,0.0,0.0,2.0,,,0.0,,,,,,Wellington Region,Nil,2-way,Sealed,,0.0,0,,50.0,,Off,0.0,0.0,,47,Wellington City,Unknown,,,,,0.0,0.0,Urban,0.0,,,Light rain,Null,0
66420953,,576901,0.0,,0.0,2.0,,West,2019/2020,KEMP STREET,TACY STREET,,Non-Injury Crash,No,2019,,South,,0,,Flat,,,,,,Bright sun,2177800,0,0.0,0.0,2.0,,,0.0,,,,,,Wellington Region,Nil,2-way,Sealed,,0.0,0,,50.0,,Off,0.0,0.0,,47,Wellington City,Nil,,,,,0.0,0.0,Urban,0.0,,,Fine,Strong wind,0
66420964,,573300,0.0,0.0,0.0,3.0,0.0,North,2018/2019,TASMAN ST,COOMBE STREET,,Non-Injury Crash,No,2019,0.0,North,0.0,0,0.0,Hill Road,0.0,,0.0,,0.0,Dark,2146000,0,0.0,0.0,2.0,0.0,0.0,0.0,0.0,2.0,,0.0,0.0,Wellington Region,Nil,2-way,Sealed,0.0,0.0,0,0.0,50.0,0.0,On,0.0,0.0,,47,Wellington City,Unknown,0.0,0.0,0.0,0.0,0.0,0.0,Urban,0.0,0.0,0.0,Fine,Null,0
66420974,,577000,0.0,,0.0,1.0,,East,2018/2019,STEWART DUFF DRIVE,STATION DRIVE,,Minor Crash,No,2019,,South,,0,,Flat,,,,,,Bright sun,2175700,4,0.0,0.0,4.0,,,0.0,,,,,,Wellington Region,Nil,1-way,Sealed,,0.0,0,,20.0,,Off,1.0,1.0,,47,Wellington City,Unknown,,,,,0.0,0.0,Urban,0.0,,,Fine,Null,0
66421070,,576301,0.0,,0.0,1.0,,South,2018/2019,RINTOUL ST,COLOMBO STREET,,Non-Injury Crash,No,2019,,Null,,0,,Null,,,,,,Bright sun,2165200,0,0.0,0.0,2.0,,,0.0,,,,,,Wellington Region,Nil,2-way,Sealed,,0.0,0,,50.0,,Null,0.0,0.0,,47,Wellington City,Nil,,,,,0.0,1.0,Urban,0.0,,,Null,Null,0
66421150,,572900,0.0,,0.0,2.0,,East,2018/2019,SH 1N,HOBSON ST OBR NBD,,Non-Injury Crash,Yes,2018,,East,,0,,Flat,,,,,,Bright sun,2117902,0,0.0,0.0,3.0,,,0.0,,,,,,Wellington Region,Nil,1-way,Sealed,,0.0,0,,100.0,,Null,0.0,0.0,,47,Wellington City,Unknown,,,,,0.0,0.0,Open,0.0,,,Fine,Null,0
66421156,,573522,0.0,0.0,0.0,1.0,0.0,South,2018/2019,JAMAICA DR-WEST,CARIBBEAN DRIVE,,Non-Injury Crash,No,2019,0.0,North,0.0,0,0.0,Hill Road,1.0,,0.0,,0.0,Twilight,2086103,0,0.0,0.0,2.0,0.0,0.0,0.0,0.0,0.0,,0.0,1.0,Wellington Region,Nil,2-way,Unsealed,0.0,0.0,0,0.0,50.0,0.0,On,0.0,0.0,,47,Wellington City,Unknown,0.0,0.0,0.0,0.0,0.0,0.0,Urban,0.0,0.0,0.0,Fine,Null,0
66421162,,573300,0.0,0.0,0.0,2.0,0.0,North,2018/2019,WALLACE ST,ROLLESTON STREET,,Non-Injury Crash,No,2019,0.0,North,0.0,0,0.0,Hill Road,0.0,,0.0,,0.0,Overcast,2145100,0,0.0,0.0,2.0,0.0,0.0,0.0,0.0,1.0,,0.0,0.0,Wellington Region,Nil,2-way,Sealed,0.0,0.0,0,0.0,50.0,0.0,None,0.0,0.0,,47,Wellington City,Unknown,0.0,0.0,0.0,0.0,0.0,0.0,Urban,0.0,0.0,0.0,Light rain,Null,0
66421165,,574302,0.0,,0.0,2.0,,South,2019/2020,ONSLOW RD,HOMEBUSH ROAD,,Minor Crash,No,2019,,East,,0,,Hill Road,,,,,,Overcast,2090102,1,0.0,0.0,2.0,,,0.0,,,,,,Wellington Region,Nil,2-way,Sealed,,0.0,0,,50.0,,Off,0.0,0.0,,47,Wellington City,Unknown,,,,,0.0,0.0,Urban,0.0,,,Fine,Null,0
66421232,,573101,0.0,0.0,1.0,1.0,0.0,South,2018/2019,COURTENAY PLACE,TARANAKI STREET,,Non-Injury Crash,No,2018,0.0,North,0.0,0,0.0,Null,0.0,,0.0,,0.0,Overcast,2135600,0,0.0,0.0,2.0,0.0,0.0,0.0,0.0,1.0,,0.0,0.0,Wellington Region,Nil,2-way,Sealed,0.0,0.0,0,0.0,,0.0,Off,0.0,0.0,,47,Wellington City,Nil,0.0,1.0,0.0,0.0,0.0,0.0,Urban,0.0,0.0,0.0,Null,Null,0
66421252,,575000,1.0,,0.0,0.0,,Null,2019/2020,KARORI ROAD,NOTTINGHAM STREET,,Minor Crash,No,2019,,East,,0,,Hill Road,,,,,,Bright sun,2111000,1,0.0,0.0,2.0,,,0.0,,,,,,Wellington Region,Nil,2-way,Sealed,,0.0,0,,50.0,,Off,1.0,0.0,,47,Wellington City,Give way,,,,,0.0,0.0,Urban,0.0,,,Fine,Null,0
66421292,,573101,0.0,,0.0,1.0,,South,2018/2019,CAMBRIDGE TCE,WAKEFIELD STREET,,Non-Injury Crash,No,2019,,North,,0,,Flat,,,,,,Bright sun,2135700,0,0.0,0.0,2.0,,,0.0,,,,,,Wellington Region,Nil,1-way,Sealed,,0.0,0,,50.0,,Off,1.0,0.0,,47,Wellington City,Unknown,,,,,0.0,0.0,Urban,0.0,,,Fine,Null,0
66421295,,575000,0.0,,0.0,1.0,,South,2018/2019,PONSONBY RD,BRAITHWAITE STREET,,Non-Injury Crash,No,2018,,North,,0,,Hill Road,,,,,,Twilight,2111200,0,0.0,0.0,2.0,,,0.0,,,,,,Wellington Region,Nil,2-way,Sealed,,0.0,0,,50.0,,On,0.0,0.0,,47,Wellington City,Unknown,,,,,0.0,0.0,Urban,0.0,,,Light rain,Null,0
66421333,,573903,0.0,0.0,0.0,1.0,0.0,West,2019/2020,01N-1066-R5,NEWLANDS OFF RAMP,,Minor Crash,No,2019,0.0,East,0.0,0,0.0,Hill Road,0.0,,0.0,,1.0,Bright sun,2075103,1,0.0,0.0,2.0,0.0,0.0,0.0,0.0,0.0,,0.0,1.0,Wellington Region,Nil,2-way,Sealed,0.0,0.0,0,0.0,50.0,0.0,Off,0.0,0.0,,47,Wellington City,Unknown,0.0,0.0,0.0,0.0,0.0,0.0,Urban,0.0,0.0,0.0,Fine,Null,0
66421335,,575000,0.0,,0.0,0.0,,Null,2016/2017,KARORI ROAD,OLD KARORI ROAD,,Minor Crash,No,2016,,East,,0,,Flat,,,,,,Dark,2111000,1,0.0,0.0,3.0,,,0.0,,,,,,Wellington Region,Nil,2-way,Sealed,,0.0,0,,50.0,,On,2.0,0.0,,47,Wellington City,Traffic Signals,,,,,0.0,0.0,Urban,0.0,,,Fine,Null,0
66421342,,573511,0.0,,0.0,2.0,,South,2018/2019,SH 1N,TAWA-GRENADA NORTH OFF RAMP,,Minor Crash,Yes,2019,,North,,0,,Flat,,,,,,Overcast,2086201,1,0.0,0.0,2.0,,,0.0,,,,,,Wellington Region,Motorway ramp,1-way,Sealed,,0.0,0,,100.0,,Off,0.0,0.0,,47,Wellington City,Unknown,,,,,1.0,0.0,Open,0.0,,,Fine,Strong wind,0
66421373,,575701,0.0,0.0,0.0,2.0,0.0,South,2019/2020,OHIRO ROAD,BUTT STREET,,Non-Injury Crash,No,2019,0.0,South,0.0,0,0.0,Flat,0.0,,0.0,,0.0,Bright sun,2198600,0,0.0,0.0,2.0,0.0,0.0,0.0,0.0,1.0,,0.0,0.0,Wellington Region,Nil,2-way,Sealed,0.0,0.0,0,0.0,50.0,0.0,None,0.0,0.0,,47,Wellington City,Unknown,0.0,0.0,0.0,0.0,0.0,0.0,Urban,0.0,0.0,0.0,Fine,Null,0
66421379,,572900,0.0,,0.0,1.0,,East,2018/2019,PIPITEA ST,MURPHY STREET,,Minor Crash,No,2019,,West,,0,,Flat,,,,,,Dark,2121500,2,0.0,0.0,2.0,,,0.0,,,,,,Wellington Region,Nil,2-way,Sealed,,0.0,0,,50.0,,On,1.0,0.0,,47,Wellington City,Unknown,,,,,0.0,0.0,Urban,0.0,,,Fine,Null,0
66421385,,574402,0.0,,0.0,0.0,,South,2018/2019,KENYA ST,CROFTON ROAD,,Serious Crash,No,2019,,South,,0,,Flat,,,,,,Dark,2098200,0,1.0,0.0,2.0,,,0.0,,,,,,Wellington Region,Nil,2-way,Sealed,,0.0,1,,50.0,,On,0.0,0.0,,47,Wellington City,Unknown,,,,,0.0,0.0,Urban,0.0,,,Light rain,Null,0
66421396,,573300,0.0,,0.0,0.0,,South,2018/2019,01N-1075/00.13-I,ELLICE ST,,Non-Injury Crash,Yes,2019,,Null,,0,,Null,,,,,,Unknown,2145602,0,0.0,0.0,4.0,,,0.0,,,,,,Wellington Region,Nil,1-way,Null,,0.0,0,,50.0,,Null,1.0,0.0,,47,Wellington City,Unknown,,,,,0.0,0.0,Urban,1.0,,,Null,Null,0
66421403,,573000,0.0,0.0,0.0,2.0,0.0,South,2018/2019,THE TERRACE,BOULCOTT STREET,,Non-Injury Crash,No,2018,0.0,North,0.0,0,0.0,Flat,0.0,,0.0,,0.0,Bright sun,2127200,0,0.0,0.0,2.0,0.0,0.0,0.0,0.0,1.0,,0.0,0.0,Wellington Region,Nil,2-way,Sealed,0.0,0.0,0,0.0,50.0,0.0,Off,0.0,0.0,,47,Wellington City,Unknown,0.0,0.0,0.0,0.0,0.0,0.0,Urban,0.0,0.0,0.0,Fine,Null,0
66421435,,574304,0.0,0.0,0.0,1.0,0.0,East,2018/2019,HOMEBUSH RD,ONSLOW ROAD,,Non-Injury Crash,No,2019,0.0,South,0.0,0,0.0,Null,0.0,,0.0,,0.0,Dark,2090203,0,0.0,0.0,0.0,0.0,0.0,0.0,0.0,1.0,,0.0,0.0,Wellington Region,Nil,Null,Sealed,0.0,0.0,0,0.0,50.0,0.0,Null,0.0,0.0,,47,Wellington City,Unknown,0.0,0.0,0.0,0.0,0.0,1.0,Urban,0.0,0.0,0.0,Null,Null,0
66421500,,573000,0.0,,0.0,2.0,,North,2018/2019,BOULCOTT ST,ATHOL CRESCENT,,Non-Injury Crash,No,2019,,South,,0,,Hill Road,,,,,,Twilight,2127600,0,0.0,0.0,2.0,,,0.0,,,,,,Wellington Region,Nil,2-way,Sealed,,0.0,0,,50.0,,Off,0.0,0.0,,47,Wellington City,Unknown,,,,,0.0,0.0,Urban,0.0,,,Fine,Null,0
66421543,,573000,0.0,,0.0,1.0,,Null,2018/2019,THE TERRACE,SALAMANCA ROAD ,,Minor Crash,No,2019,,South,,0,,Hill Road,,,,,,Dark,2128200,1,0.0,0.0,3.0,,,0.0,,,1.0,,,Wellington Region,Nil,2-way,Sealed,,0.0,0,,50.0,,On,0.0,0.0,,47,Wellington City,Traffic Signals,,,,,0.0,0.0,Urban,0.0,,,Fine,Null,0
66421612,,576301,0.0,,0.0,1.0,,North,2019/2020,ADELAIDE ROAD,BOYD TERRACE,,Non-Injury Crash,No,2019,,North,,0,,Hill Road,,,,,,Overcast,2164500,0,0.0,0.0,2.0,,,0.0,,,,,,Wellington Region,Nil,2-way,Sealed,,0.0,0,,50.0,,Off,0.0,0.0,,47,Wellington City,Unknown,,,,,0.0,0.0,Urban,1.0,,,Fine,Strong wind,0
66421652,,573700,0.0,,0.0,2.0,,Null,2018/2019,MIDDLETON ROAD,HELSTON ROAD,,Non-Injury Crash,No,2019,,South,,0,,Null,,,,,,Bright sun,2082300,0,0.0,0.0,2.0,,,0.0,,,,,,Wellington Region,Nil,2-way,Sealed,,0.0,0,,50.0,,Off,0.0,0.0,,47,Wellington City,Give way,,,,,0.0,0.0,Urban,0.0,,,Fine,Null,0
66421663,,573400,0.0,,0.0,2.0,,Null,2019/2020,PIRIE STREET,HANIA STREET,,Minor Crash,No,2019,,West,,0,,Hill Road,,,,,,Overcast,2141300,1,0.0,0.0,2.0,,,0.0,,,,,,Wellington Region,Nil,2-way,Sealed,,0.0,0,,50.0,,Off,0.0,1.0,,47,Wellington City,Stop,,,,,0.0,0.0,Urban,0.0,,,Fine,Null,0
66421691,,573101,0.0,,0.0,1.0,,Null,2019/2020,VICTORIA STREET,GHUZNEE STREET,,Minor Crash,No,2019,,South,,0,,Hill Road,,,,,,Dark,2131500,2,0.0,0.0,3.0,,,0.0,,,2.0,,,Wellington Region,Nil,2-way,Sealed,,0.0,0,,30.0,,On,0.0,0.0,,47,Wellington City,Traffic Signals,,,,,0.0,0.0,Urban,0.0,,,Heavy rain,Strong wind,0
66421696,,577700,0.0,,0.0,0.0,,South,2019/2020,MAKARA RD,TAKARAU GORGE ROAD,,Minor Crash,No,2019,,South,,0,,Flat,,,,,,Twilight,2116500,1,0.0,1.0,2.0,,,0.0,,,,,,Wellington Region,Nil,2-way,Sealed,,0.0,0,,50.0,,None,0.0,0.0,,47,Wellington City,Unknown,,,,,0.0,0.0,Urban,0.0,,,Fine,Null,0
66421765,,576400,0.0,,0.0,1.0,,Null,2018/2019,DANIELL STREET,ROY STREET,,Non-Injury Crash,No,2019,,East,,0,,Flat,,,,,,Bright sun,2170901,0,0.0,0.0,2.0,,,0.0,,,,,,Wellington Region,Nil,2-way,Sealed,,0.0,0,,50.0,,Off,0.0,0.0,,47,Wellington City,Give way,,,,,0.0,0.0,Urban,1.0,,,Fine,Null,0
66421768,,573700,0.0,,0.0,2.0,,Null,2018/2019,JOHNSONVILLE ROAD,MOOREFIELD ROAD,,Non-Injury Crash,No,2019,,North,,0,,Flat,,,,,,Dark,2082800,0,0.0,0.0,4.0,,,0.0,,,,,,Wellington Region,Nil,2-way,Sealed,,0.0,0,,50.0,,On,0.0,0.0,,47,Wellington City,Give way,,,,,0.0,0.0,Urban,0.0,,,Fine,Null,0
66421820,,576901,0.0,,0.0,1.0,,West,2019/2020,RONGOTAI RD-SOUTH,MAHORA ST,,Minor Crash,No,2019,,West,,0,,Flat,,,,,,Twilight,2178200,1,0.0,0.0,2.0,,,0.0,,,1.0,,,Wellington Region,Nil,2-way,Sealed,,0.0,0,,50.0,,Off,0.0,0.0,,47,Wellington City,Unknown,,,,,0.0,0.0,Urban,0.0,,,Fine,Null,0
66421844,,576200,1.0,,0.0,1.0,,South,2019/2020,ADELAIDE RD,TORQUAY TERRACE,,Minor Crash,No,2019,,South,,0,,Hill Road,,,,,,Twilight,2171300,1,0.0,0.0,2.0,,,0.0,,,,,,Wellington Region,Nil,2-way,Sealed,,0.0,0,,50.0,,Off,0.0,0.0,,47,Wellington City,Nil,,,,,0.0,0.0,Urban,0.0,,,Fine,Null,0
66421864,,573000,0.0,,0.0,1.0,,Null,2019/2020,CUSTOMHOUSE QUAY,HUNTER STREET,,Minor Crash,No,2019,,South,,0,,Flat,,,,,,Overcast,2125800,1,0.0,0.0,2.0,,,0.0,,,1.0,,,Wellington Region,Nil,1-way,Sealed,,0.0,0,,50.0,,Off,0.0,0.0,,47,Wellington City,Traffic Signals,,,,,0.0,0.0,Urban,0.0,,,Light rain,Null,0
66421865,,576901,0.0,,0.0,3.0,,East,2018/2019,COBHAM DRIVE,TROY STREET,,Non-Injury Crash,Yes,2019,,West,,0,,Flat,,Christmas New Year,,,,Bright sun,2176800,0,0.0,0.0,4.0,,,0.0,,,,,,Wellington Region,Nil,2-way,Sealed,,0.0,0,,70.0,,Off,0.0,0.0,,47,Wellington City,Give way,,,,,0.0,0.0,Urban,0.0,,,Fine,Null,0
66421872,,575100,0.0,,1.0,1.0,,Null,2019/2020,CAMPBELL STREET,KARORI ROAD,,Non-Injury Crash,No,2019,,North,,0,,Flat,,,,,,Bright sun,2114200,0,0.0,0.0,2.0,,,0.0,,,,,,Wellington Region,Nil,2-way,Sealed,,0.0,0,,50.0,,Null,0.0,0.0,,47,Wellington City,Give way,,,,,0.0,0.0,Urban,0.0,,,Null,Null,0
66421935,,575800,0.0,0.0,0.0,2.0,0.0,South,2018/2019,PRISCILLA CRES,HURON PLACE,,Non-Injury Crash,No,2018,0.0,South,0.0,0,0.0,Hill Road,0.0,,0.0,,0.0,Dark,2198302,0,0.0,0.0,2.0,0.0,0.0,0.0,0.0,0.0,,0.0,0.0,Wellington Region,Nil,2-way,Sealed,0.0,0.0,0,0.0,50.0,0.0,On,0.0,0.0,,47,Wellington City,Nil,0.0,0.0,0.0,1.0,0.0,0.0,Urban,0.0,0.0,0.0,Light rain,Null,0
66421936,,576901,0.0,0.0,0.0,1.0,1.0,Null,2018/2019,COBHAM DRIVE,TROY STREET,,Non-Injury Crash,Yes,2019,0.0,East,0.0,0,0.0,Flat,0.0,,0.0,,0.0,Dark,2176800,0,0.0,0.0,2.0,0.0,0.0,0.0,0.0,0.0,,0.0,0.0,Wellington Region,Nil,1-way,Sealed,0.0,0.0,0,0.0,70.0,0.0,On,0.0,0.0,,47,Wellington City,Give way,1.0,0.0,0.0,1.0,0.0,0.0,Urban,0.0,0.0,0.0,Fine,Null,0
66421941,,573700,0.0,0.0,1.0,2.0,0.0,Null,2019/2020,JOHNSONVILLE ROAD,NORMAN LANE,,Non-Injury Crash,No,2019,0.0,North,0.0,0,0.0,Flat,0.0,,0.0,,0.0,Overcast,2082800,0,0.0,0.0,2.0,0.0,0.0,0.0,0.0,1.0,,0.0,0.0,Wellington Region,Nil,2-way,Sealed,0.0,0.0,0,0.0,50.0,0.0,Off,0.0,0.0,,47,Wellington City,Nil,0.0,0.0,0.0,0.0,0.0,0.0,Urban,0.0,0.0,0.0,Light rain,Null,0
66421958,,574600,0.0,0.0,0.0,1.0,0.0,South,2019/2020,SEFTON STREET,ANNE STREET,,Minor Crash,No,2020,0.0,North,0.0,0,0.0,Hill Road,0.0,,1.0,,0.0,Bright sun,2098800,1,0.0,0.0,2.0,0.0,0.0,0.0,0.0,0.0,,0.0,0.0,Wellington Region,Nil,2-way,Sealed,0.0,0.0,0,0.0,50.0,0.0,Off,0.0,0.0,,47,Wellington City,Unknown,0.0,0.0,0.0,0.0,0.0,0.0,Urban,0.0,0.0,0.0,Fine,Null,1
66421974,,577102,0.0,0.0,0.0,1.0,0.0,North,2018/2019,MONORGAN RD,WALDEN ST,,Non-Injury Crash,No,2019,0.0,South,0.0,0,1.0,Flat,0.0,,0.0,,0.0,Overcast,2214700,0,0.0,0.0,2.0,0.0,0.0,0.0,0.0,0.0,,0.0,0.0,Wellington Region,Nil,2-way,Sealed,0.0,0.0,0,0.0,50.0,0.0,Off,0.0,0.0,,47,Wellington City,Unknown,0.0,0.0,0.0,0.0,0.0,0.0,Urban,0.0,0.0,0.0,Light rain,Null,0