OBJECTID,advisorySpeed,areaUnitID,bicycle,bridge,bus,carStationWagon,cliffBank,crashDirectionDescription,crashFinancialYear,crashLocation1,crashLocation2,crashRoadSideRoad,crashSeverity,crashSHDescription,crashYear,debris,directionRoleDescription,ditch,fatalCount,fence,flatHill,guardRail,holiday,houseOrBuilding,intersection,kerb,light,meshblockId,minorInjuryCount,moped,motorcycle,NumberOfLanes,objectThrownOrDropped,otherObject,otherVehicleType,overBank,parkedVehicle,pedestrian,phoneBoxEtc,postOrPole,region,roadCharacter,roadLane,roadSurface,roadworks,schoolBus,seriousInjuryCount,slipOrFlood,speedLimit,strayAnimal,streetLight,suv,taxi,temporarySpeedLimit,tlaId,tlaName,trafficControl,trafficIsland,trafficSign,train,tree,truck,unknownVehicleType,urban,vanOrUtility,vehicle,waterRiver,weatherA,weatherB,if_pandemic
66421978,,577102,0.0,0.0,0.0,2.0,0.0,East,2018/2019,STRATHMORE AVE,ELPHISTONE AVENUE,,Non-Injury Crash,No,2019,0.0,South,0.0,0,0.0,Flat,0.0,,0.0,,0.0,Dark,2214200,0,0.0,0.0,2.0,0.0,0.0,0.0,0.0,1.0,,0.0,0.0,Wellington Region,Nil,2-way,Sealed,0.0,0.0,0,0.0,50.0,0.0,On,0.0,0.0,,47,Wellington City,Unknown,0.0,0.0,0.0,0.0,0.0,0.0,Urban,0.0,0.0,0.0,Light rain,Null,0
66421980,,574002,0.0,,0.0,2.0,,South,2019/2020,HUTT ROAD,NGAURANGA ON NBD OBR,,Non-Injury Crash,Yes,2019,,Null,,0,,Null,,,,,,Unknown,2078302,0,0.0,0.0,0.0,,,0.0,,,,,,Wellington Region,Nil,Null,Null,,0.0,0,,,,Null,0.0,0.0,,47,Wellington City,Unknown,,,,,0.0,0.0,Urban,0.0,,,Null,Null,0
66422042,,576400,0.0,,0.0,2.0,,North,2018/2019,OWEN ST,PICTON AVENUE,,Non-Injury Crash,No,2019,,North,,0,,Flat,,,,,,Bright sun,2167500,0,0.0,0.0,2.0,,,0.0,,,,,,Wellington Region,Nil,2-way,Sealed,,0.0,0,,50.0,,Off,0.0,0.0,,47,Wellington City,Unknown,,,,,0.0,0.0,Urban,0.0,,,Fine,Null,0
66422081,,572702,0.0,0.0,0.0,1.0,0.0,South,2018/2019,COLLINS AVE,MAHOE STREET,,Non-Injury Crash,No,2019,0.0,East,1.0,0,0.0,Hill Road,0.0,,0.0,,0.0,Bright sun,2053813,0,0.0,0.0,2.0,0.0,0.0,0.0,1.0,0.0,,0.0,0.0,Wellington Region,Nil,2-way,Sealed,0.0,0.0,0,0.0,50.0,0.0,Off,0.0,0.0,,47,Wellington City,Unknown,0.0,0.0,0.0,0.0,0.0,0.0,Urban,0.0,0.0,0.0,Fine,Null,0
66422122,,573101,0.0,0.0,0.0,1.0,0.0,West,2018/2019,COURTENAY PL-#5A LOOP,Cambridge terrace,,Non-Injury Crash,No,2019,0.0,West,0.0,0,0.0,Flat,0.0,,0.0,,0.0,Dark,2136000,0,0.0,0.0,1.0,0.0,0.0,0.0,0.0,1.0,,0.0,0.0,Wellington Region,Nil,1-way,Sealed,0.0,0.0,0,0.0,30.0,0.0,On,0.0,1.0,,47,Wellington City,Unknown,0.0,0.0,0.0,0.0,0.0,0.0,Urban,1.0,0.0,0.0,Fine,Null,0
66422136,,573101,0.0,,0.0,2.0,,Null,2018/2019,VICTORIA STREET,ABEL SMITH STREET,,Non-Injury Crash,No,2018,,South,,0,,Flat,,,,,,Dark,2132200,0,0.0,0.0,3.0,,,0.0,,,,,,Wellington Region,Nil,1-way,Sealed,,0.0,0,,30.0,,On,0.0,0.0,,47,Wellington City,Traffic Signals,,,,,0.0,0.0,Urban,0.0,,,Fine,Null,0
66422165,,575600,0.0,0.0,0.0,2.0,0.0,North,2019/2020,MITCHELL ST,KAREPA STREET,,Non-Injury Crash,No,2019,0.0,Null,0.0,0,0.0,Hill Road,0.0,,0.0,,0.0,Overcast,2161100,0,0.0,0.0,0.0,0.0,0.0,0.0,0.0,1.0,,0.0,0.0,Wellington Region,Nil,2-way,Sealed,0.0,0.0,0,0.0,,0.0,Off,0.0,0.0,,47,Wellington City,Unknown,0.0,0.0,0.0,0.0,0.0,0.0,Urban,0.0,0.0,0.0,Null,Null,0
66422193,,573101,0.0,,0.0,1.0,,Null,2018/2019,WAKEFIELD STREET,TORY STREET,,Non-Injury Crash,No,2018,,West,,0,,Flat,,,,,,Overcast,2135700,0,0.0,0.0,2.0,,,0.0,,,1.0,,,Wellington Region,Bridge,2-way,Sealed,,0.0,0,,30.0,,Off,0.0,0.0,,47,Wellington City,Traffic Signals,,,,,0.0,0.0,Urban,0.0,,,Fine,Null,0
66422317,,573000,0.0,,0.0,1.0,,Null,2018/2019,MERCER STREET,WILLIS STREET,,Non-Injury Crash,No,2019,,East,,0,,Null,,,,,,Dark,2127400,0,0.0,0.0,2.0,,,0.0,,,,,,Wellington Region,Nil,1-way,Sealed,,0.0,0,,50.0,,On,0.0,0.0,,47,Wellington City,Nil,,,,,0.0,0.0,Urban,0.0,,,Light rain,Null,0
66422406,,573000,0.0,,0.0,2.0,,Null,2018/2019,CUSTOMHOUSE QUAY,JOHNSTONE STREET,,Non-Injury Crash,No,2018,,North,,0,,Flat,,,,,,Dark,2125500,0,0.0,0.0,3.0,,,0.0,,,,,,Wellington Region,Nil,1-way,Sealed,,0.0,0,,50.0,,On,0.0,0.0,,47,Wellington City,Traffic Signals,,,,,0.0,0.0,Urban,0.0,,,Fine,Null,0
66422445,,573700,0.0,,0.0,2.0,,Null,2018/2019,MOOREFIELD ROAD,JOHNSONVILLE ON RAMP,,Non-Injury Crash,No,2018,,South,,0,,Flat,,Christmas New Year,,,,Bright sun,2082300,0,0.0,0.0,2.0,,,0.0,,,,,,Wellington Region,Motorway ramp,1-way,Sealed,,0.0,0,,50.0,,Off,0.0,0.0,,47,Wellington City,Give way,,,,,0.0,0.0,Urban,0.0,,,Fine,Null,0
66422472,,573000,0.0,,0.0,2.0,,South,2018/2019,01N-1068-I,BOULCOTT OBR,,Non-Injury Crash,Yes,2019,,South,,0,,Null,,,,,,Bright sun,2126700,0,0.0,0.0,1.0,,,0.0,,,,,,Wellington Region,Nil,1-way,Sealed,,0.0,0,,100.0,,Off,0.0,1.0,,47,Wellington City,Unknown,,,,,0.0,0.0,Open,0.0,,,Null,Null,0
66422549,,574702,0.0,0.0,1.0,1.0,0.0,South,2018/2019,WARWICK ST,WILTON ROAD,,Non-Injury Crash,No,2018,0.0,South,0.0,0,0.0,Flat,0.0,,0.0,,0.0,Overcast,2103200,0,0.0,0.0,2.0,0.0,0.0,0.0,0.0,1.0,,0.0,0.0,Wellington Region,Nil,2-way,Sealed,0.0,0.0,0,0.0,50.0,0.0,Off,0.0,0.0,,47,Wellington City,Unknown,0.0,0.0,0.0,0.0,0.0,0.0,Urban,0.0,0.0,0.0,Light rain,Null,0
66422550,,576500,0.0,,0.0,1.0,,Null,2018/2019,ADELAIDE ROAD,RUGBY STREET,,Non-Injury Crash,No,2019,,North,,0,,Flat,,,,,,Bright sun,2147900,0,0.0,0.0,2.0,,,0.0,,,,,,Wellington Region,Nil,2-way,Sealed,,0.0,0,,50.0,,None,0.0,0.0,,47,Wellington City,Traffic Signals,,,,,0.0,0.0,Urban,1.0,,,Fine,Null,0
66422566,,574303,0.0,,0.0,1.0,,North,2018/2019,SH 1N,ONSLOW RAIL OBR,,Non-Injury Crash,Yes,2018,,South,,0,,Flat,,,,,,Overcast,2090402,0,0.0,0.0,3.0,,,0.0,,,,,,Wellington Region,Motorway ramp,1-way,Sealed,,0.0,0,,100.0,,Null,0.0,0.0,,47,Wellington City,Unknown,,,,,1.0,0.0,Open,0.0,,,Fine,Null,0
66422579,,576100,0.0,,0.0,2.0,,South,2019/2020,QUEENS DR,SUTHERLAND ROAD,,Non-Injury Crash,No,2019,,South,,0,,Flat,,,,,,Overcast,2195502,0,0.0,0.0,2.0,,,0.0,,,,,,Wellington Region,Nil,2-way,Sealed,,0.0,0,,50.0,,None,0.0,0.0,,47,Wellington City,Unknown,,,,,0.0,0.0,Urban,0.0,,,Light rain,Strong wind,0
66422613,,577200,0.0,,0.0,2.0,,Null,2019/2020,CALABAR ROAD,CALEDONIA STREET,,Minor Crash,Yes,2019,,South,,0,,Flat,,,,,,Overcast,2206400,1,0.0,0.0,3.0,,,0.0,,,,,,Wellington Region,Nil,2-way,Sealed,,0.0,0,,70.0,,Off,0.0,0.0,,47,Wellington City,Give way,,,,,0.0,0.0,Urban,0.0,,,Fine,Null,0
66422634,,573000,0.0,0.0,0.0,2.0,0.0,Null,2019/2020,FEATHERSTON STREET,WARING TAYLOR STREET,,Non-Injury Crash,No,2019,0.0,North,0.0,0,0.0,Flat,0.0,,0.0,,0.0,Dark,2125400,0,0.0,0.0,2.0,0.0,0.0,0.0,0.0,1.0,,0.0,0.0,Wellington Region,Nil,1-way,Sealed,0.0,0.0,0,0.0,50.0,0.0,Null,0.0,0.0,,47,Wellington City,Traffic Signals,0.0,0.0,0.0,0.0,0.0,0.0,Urban,0.0,0.0,0.0,Null,Null,0
66422715,,572500,0.0,,0.0,0.0,,Null,2018/2019,TAYLOR TERRACE,TAWA STREET,,Non-Injury Crash,No,2019,,North,,0,,Hill Road,,,,,,Twilight,1986400,0,0.0,0.0,2.0,,,0.0,,,,,,Wellington Region,Motorway ramp,1-way,Sealed,,0.0,0,,50.0,,Off,0.0,0.0,,47,Wellington City,Give way,,,,,0.0,0.0,Urban,2.0,,,Fine,Null,0
66422732,,577200,0.0,,0.0,2.0,,Null,2018/2019,BROADWAY,WAYSIDE WEST,,Non-Injury Crash,No,2019,,East,,0,,Null,,,,,,Bright sun,2209000,0,0.0,0.0,2.0,,,0.0,,,,,,Wellington Region,Nil,2-way,Sealed,,0.0,0,,50.0,,Off,0.0,0.0,,47,Wellington City,Give way,,,,,0.0,0.0,Urban,0.0,,,Null,Null,0
66422751,,573101,0.0,,0.0,1.0,,Null,2018/2019,TARANAKI STREET,VIVIAN STREET,,Non-Injury Crash,No,2018,,North,,0,,Flat,,Christmas New Year,,,,Bright sun,2134200,0,0.0,0.0,5.0,,,0.0,,,,,,Wellington Region,Nil,2-way,Sealed,,0.0,0,,50.0,,Off,0.0,0.0,,47,Wellington City,Traffic Signals,,,,,1.0,0.0,Urban,0.0,,,Fine,Null,0
66422792,,573400,0.0,0.0,1.0,1.0,0.0,Null,2018/2019,PIRIE STREET,AUSTIN STREET,,Non-Injury Crash,No,2019,0.0,East,0.0,0,0.0,Flat,0.0,,0.0,,0.0,Unknown,2141700,0,0.0,0.0,2.0,0.0,0.0,0.0,0.0,1.0,,0.0,0.0,Wellington Region,Nil,2-way,Sealed,0.0,0.0,0,0.0,50.0,0.0,Null,0.0,0.0,,47,Wellington City,Stop,0.0,0.0,0.0,0.0,0.0,0.0,Urban,0.0,0.0,0.0,Fine,Null,0
66422847,,573000,0.0,0.0,1.0,1.0,0.0,South,2018/2019,THE TERRACE,BOLTON STREET,,Non-Injury Crash,No,2019,0.0,North,0.0,0,0.0,Null,0.0,,0.0,,0.0,Unknown,2123700,0,0.0,0.0,2.0,0.0,0.0,0.0,0.0,1.0,,0.0,0.0,Wellington Region,Nil,2-way,Sealed,0.0,0.0,0,0.0,50.0,0.0,Null,0.0,0.0,,47,Wellington City,Nil,0.0,0.0,0.0,0.0,0.0,0.0,Urban,0.0,0.0,0.0,Null,Null,0
66422868,,575000,0.0,0.0,0.0,2.0,0.0,North,2019/2020,CAMPBELL ST,CARDRONA WAY,,Minor Crash,No,2019,0.0,North,0.0,0,0.0,Hill Road,0.0,,0.0,,0.0,Bright sun,2113302,1,0.0,0.0,2.0,0.0,0.0,0.0,0.0,1.0,,0.0,0.0,Wellington Region,Nil,2-way,Sealed,0.0,0.0,0,0.0,50.0,0.0,Off,0.0,0.0,,47,Wellington City,Unknown,0.0,0.0,0.0,0.0,0.0,0.0,Urban,0.0,0.0,0.0,Fine,Null,0
66422906,,573400,0.0,,0.0,2.0,,East,2018/2019,01N-1076,WEST PORTAL,,Non-Injury Crash,Yes,2019,,Null,,0,,Flat,,,,,,Unknown,2143300,0,0.0,0.0,2.0,,,0.0,,,,,,Wellington Region,Nil,2-way,Sealed,,0.0,0,,50.0,,On,0.0,0.0,,47,Wellington City,Unknown,,,,,0.0,0.0,Urban,0.0,,,Null,Null,0
66422999,,572900,0.0,0.0,0.0,1.0,0.0,North,2018/2019,WATERLOO QUAY,HINEMOA STREET,,Non-Injury Crash,No,2019,0.0,North,0.0,0,0.0,Flat,1.0,,0.0,,0.0,Dark,2118400,0,0.0,0.0,4.0,0.0,0.0,0.0,0.0,0.0,,0.0,0.0,Wellington Region,Rail xing,2-way,Sealed,0.0,0.0,0,0.0,50.0,0.0,On,0.0,0.0,,47,Wellington City,Unknown,0.0,0.0,0.0,0.0,0.0,0.0,Urban,0.0,0.0,0.0,Fine,Null,0
66423034,,572900,0.0,,0.0,0.0,,Null,2018/2019,TINAKORI ROAD,BOWEN STREET,,Non-Injury Crash,No,2019,,North,,0,,Null,,,,,,Unknown,2121900,0,0.0,0.0,2.0,,,0.0,,,,,,Wellington Region,Nil,2-way,Null,,0.0,0,,50.0,,Null,1.0,0.0,,47,Wellington City,Nil,,,,,1.0,0.0,Urban,0.0,,,Null,Null,0
66423194,,577102,0.0,0.0,0.0,4.0,0.0,East,2018/2019,BROADWAY,THE QUADRANT,,Non-Injury Crash,No,2018,0.0,East,0.0,0,0.0,Flat,0.0,,0.0,,0.0,Overcast,2215400,0,0.0,0.0,2.0,0.0,0.0,0.0,0.0,2.0,,0.0,0.0,Wellington Region,Nil,2-way,Sealed,0.0,0.0,0,0.0,50.0,0.0,Null,0.0,0.0,,47,Wellington City,Unknown,0.0,0.0,0.0,0.0,0.0,0.0,Urban,0.0,0.0,0.0,Fine,Null,0
66423196,,574002,0.0,,0.0,2.0,,Null,2019/2020,OLD HUTT ROAD,JARDEN ROAD,,Non-Injury Crash,No,2019,,North,,0,,Flat,,,,,,Bright sun,2078302,0,0.0,0.0,2.0,,,0.0,,,,,,Wellington Region,Nil,2-way,Sealed,,0.0,0,,80.0,,Off,0.0,0.0,,47,Wellington City,Traffic Signals,,,,,0.0,0.0,Open,0.0,,,Fine,Null,0
66423209,,573101,0.0,,1.0,1.0,,Null,2018/2019,WAKEFIELD STREET,CHAFFERS STREET,,Non-Injury Crash,No,2018,,West,,0,,Flat,,,,,,Bright sun,2135700,0,0.0,0.0,4.0,,,0.0,,,,,,Wellington Region,Nil,1-way,Sealed,,0.0,0,,50.0,,Null,0.0,0.0,,47,Wellington City,Stop,,,,,0.0,0.0,Urban,0.0,,,Fine,Null,0
66423227,75.0,573526,0.0,0.0,0.0,1.0,0.0,Null,2018/2019,002-0962/12.86-D,SERVICE STN NTH,,Non-Injury Crash,Yes,2018,0.0,North,0.0,0,0.0,Flat,1.0,,0.0,,0.0,Dark,2086403,0,0.0,0.0,2.0,0.0,0.0,0.0,0.0,0.0,,0.0,0.0,Wellington Region,Nil,1-way,Sealed,0.0,0.0,0,0.0,100.0,0.0,None,0.0,0.0,,47,Wellington City,Unknown,0.0,0.0,0.0,0.0,0.0,0.0,Open,0.0,0.0,0.0,Light rain,Strong wind,0
66423252,,573400,0.0,,0.0,2.0,,Null,2019/2020,KENT TERRACE,VIVIAN STREET,,Non-Injury Crash,No,2019,,South,,0,,Flat,,,,,,Overcast,2141200,0,0.0,0.0,3.0,,,0.0,,,,,,Wellington Region,Nil,1-way,Sealed,,0.0,0,,50.0,,Off,0.0,1.0,,47,Wellington City,Traffic Signals,,,,,0.0,0.0,Urban,0.0,,,Fine,Null,0
66423297,,573101,0.0,0.0,0.0,1.0,0.0,South,2018/2019,DUNLOP TCE,VIVIAN STREET,,Non-Injury Crash,No,2018,0.0,North,0.0,0,0.0,Null,0.0,,0.0,,0.0,Unknown,2134300,0,0.0,0.0,2.0,0.0,0.0,0.0,0.0,1.0,,0.0,0.0,Wellington Region,Nil,2-way,Sealed,0.0,0.0,0,0.0,50.0,0.0,Null,1.0,0.0,,47,Wellington City,Unknown,0.0,0.0,0.0,0.0,0.0,0.0,Urban,0.0,0.0,0.0,Null,Null,0
66423327,,572500,0.0,0.0,0.0,1.0,0.0,Null,2019/2020,MAIN ROAD,BOSCOBEL LANE,,Non-Injury Crash,No,2019,0.0,East,0.0,0,0.0,Flat,1.0,,0.0,,1.0,Overcast,2053701,0,0.0,0.0,2.0,0.0,0.0,0.0,0.0,0.0,,0.0,0.0,Wellington Region,Bridge,2-way,Sealed,0.0,0.0,0,0.0,50.0,0.0,Off,0.0,0.0,,47,Wellington City,Give way,0.0,0.0,0.0,0.0,0.0,0.0,Urban,0.0,0.0,0.0,Fine,Null,0
66423333,,573000,0.0,,0.0,2.0,,Null,2018/2019,STOUT STREET,BALLANCE STREET,,Non-Injury Crash,No,2019,,West,,0,,Null,,,,,,Unknown,2125000,0,0.0,0.0,2.0,,,0.0,,,,,,Wellington Region,Nil,1-way,Null,,0.0,0,,50.0,,Null,0.0,0.0,,47,Wellington City,Traffic Signals,,,,,0.0,0.0,Urban,0.0,,,Null,Null,0
66423336,,572900,0.0,,0.0,0.0,,Null,2018/2019,AOTEA QUAY,AOTEA OFF SBD,,Non-Injury Crash,No,2018,,South,,0,,Flat,,,,,,Overcast,2118400,0,0.0,0.0,3.0,,,0.0,,,,,,Wellington Region,Motorway ramp,2-way,Sealed,,0.0,0,,50.0,,Null,1.0,0.0,,47,Wellington City,Nil,,,,,0.0,0.0,Urban,1.0,,,Light rain,Null,0
66423345,,573101,0.0,,1.0,1.0,,Null,2019/2020,MANNERS STREET,CUBA STREET,,Non-Injury Crash,No,2019,,West,,0,,Flat,,,,,,Bright sun,2133300,0,0.0,0.0,3.0,,,0.0,,,,,,Wellington Region,Nil,2-way,Sealed,,0.0,0,,30.0,,Off,0.0,0.0,,47,Wellington City,Traffic Signals,,,,,0.0,0.0,Urban,0.0,,,Fine,Null,0
66423383,,574303,0.0,,0.0,1.0,,South,2018/2019,01N-1068-I,HUTT ROAD,,Non-Injury Crash,Yes,2019,,South,,0,,Flat,,,,,,Dark,2090402,0,0.0,0.0,3.0,,,0.0,,,,,,Wellington Region,Nil,1-way,Sealed,,0.0,0,,100.0,,On,0.0,0.0,,47,Wellington City,Unknown,,,,,1.0,0.0,Open,0.0,,,Fine,Null,0
66423399,,573101,1.0,,0.0,1.0,,South,2019/2020,VICTORIA STREET,DIXON STREET,,Non-Injury Crash,No,2019,,North,,0,,Hill Road,,,,,,Overcast,2131500,0,0.0,0.0,3.0,,,0.0,,,,,,Wellington Region,Nil,2-way,Sealed,,0.0,0,,50.0,,Null,0.0,0.0,,47,Wellington City,Nil,,,,,0.0,0.0,Urban,0.0,,,Null,Null,0
66423404,,573524,0.0,0.0,0.0,1.0,0.0,East,2018/2019,LADBROOKE DRIVE,HOROKIWI ROAD WEST,,Minor Crash,No,2019,0.0,East,1.0,0,0.0,Hill Road,0.0,Queens Birthday,0.0,,1.0,Bright sun,2086406,1,0.0,0.0,2.0,0.0,0.0,0.0,1.0,0.0,,0.0,0.0,Wellington Region,Nil,2-way,Sealed,0.0,0.0,0,0.0,50.0,0.0,Off,0.0,0.0,,47,Wellington City,Unknown,0.0,0.0,0.0,0.0,0.0,0.0,Urban,0.0,0.0,0.0,Fine,Null,0
66423411,,575100,0.0,0.0,0.0,1.0,0.0,Null,2018/2019,KARORI ROAD,BURROWS AVENUE,,Non-Injury Crash,No,2018,0.0,West,0.0,0,0.0,Flat,0.0,,0.0,,0.0,Overcast,2115301,0,0.0,0.0,2.0,0.0,0.0,0.0,0.0,0.0,,0.0,1.0,Wellington Region,Nil,2-way,Sealed,0.0,0.0,0,0.0,50.0,0.0,Off,1.0,0.0,,47,Wellington City,Give way,0.0,0.0,0.0,0.0,0.0,0.0,Urban,0.0,0.0,0.0,Light rain,Null,0
66423492,,573802,0.0,0.0,0.0,3.0,0.0,North,2019/2020,01N-1060-I,NEWLANDS OFF RAMP,,Minor Crash,Yes,2019,0.0,South,0.0,0,0.0,Hill Road,1.0,,0.0,,0.0,Dark,2078701,1,0.0,0.0,2.0,0.0,0.0,0.0,0.0,0.0,,0.0,0.0,Wellington Region,Nil,1-way,Sealed,0.0,0.0,0,0.0,80.0,0.0,On,0.0,0.0,,47,Wellington City,Unknown,0.0,1.0,0.0,0.0,0.0,0.0,Open,0.0,0.0,0.0,Fine,Null,0
66423499,,573300,0.0,,0.0,1.0,,North,2019/2020,HOPPER ST,ARLINGTON STREET,,Minor Crash,No,2019,,North,,0,,Flat,,,,,,Bright sun,2144600,1,0.0,1.0,2.0,,,0.0,,,,,,Wellington Region,Nil,2-way,Sealed,,0.0,0,,50.0,,Off,0.0,0.0,,47,Wellington City,Nil,,,,,0.0,0.0,Urban,0.0,,,Fine,Null,0
66423508,,577200,0.0,0.0,0.0,1.0,0.0,Null,2018/2019,HOBART STREET,BROADWAY,,Non-Injury Crash,No,2019,0.0,South,0.0,0,1.0,Flat,0.0,,0.0,,0.0,Dark,2209000,0,0.0,0.0,2.0,0.0,0.0,0.0,0.0,0.0,,0.0,0.0,Wellington Region,Nil,2-way,Sealed,0.0,0.0,0,0.0,50.0,0.0,On,0.0,0.0,,47,Wellington City,Give way,0.0,0.0,0.0,0.0,0.0,0.0,Urban,0.0,0.0,0.0,Fine,Null,0
66423523,,573511,0.0,1.0,0.0,1.0,0.0,North,2018/2019,MIDDLETON RD,ROWELLS ROAD,,Non-Injury Crash,No,2019,0.0,South,0.0,0,0.0,Flat,0.0,,0.0,,0.0,Dark,2086203,0,0.0,0.0,2.0,0.0,0.0,0.0,0.0,0.0,,0.0,0.0,Wellington Region,Nil,2-way,Sealed,0.0,0.0,0,0.0,70.0,0.0,None,0.0,0.0,,47,Wellington City,Unknown,0.0,0.0,0.0,0.0,0.0,0.0,Urban,0.0,0.0,0.0,Fine,Null,0
66423535,,574200,0.0,0.0,0.0,2.0,0.0,East,2018/2019,KHANDALLAH ROAD,SIMLA CRESCENT,,Non-Injury Crash,No,2018,0.0,East,0.0,0,0.0,Hill Road,0.0,,0.0,,0.0,Dark,2088300,0,0.0,0.0,2.0,0.0,0.0,0.0,0.0,1.0,,0.0,0.0,Wellington Region,Nil,2-way,Sealed,0.0,0.0,0,0.0,50.0,0.0,On,0.0,0.0,,47,Wellington City,Unknown,0.0,0.0,0.0,0.0,0.0,0.0,Urban,0.0,0.0,0.0,Light rain,Null,0
66423540,,572701,0.0,,0.0,2.0,,Null,2019/2020,MAIN ROAD,MCLELLAN STREET,,Non-Injury Crash,No,2019,,South,,0,,Flat,,,,,,Unknown,1994707,0,0.0,0.0,2.0,,,0.0,,,,,,Wellington Region,Nil,2-way,Sealed,,0.0,0,,50.0,,Off,0.0,0.0,,47,Wellington City,Give way,,,,,0.0,0.0,Urban,0.0,,,Light rain,Null,0
66423612,,574500,0.0,0.0,0.0,0.0,0.0,North,2019/2020,WELLINGTON URBAN MOTORWAY,AOTEA QUAY OFF RAMP,,Non-Injury Crash,Yes,2019,0.0,South,0.0,0,0.0,Flat,0.0,,0.0,,1.0,Bright sun,2093500,0,0.0,0.0,6.0,0.0,0.0,0.0,0.0,0.0,,0.0,0.0,Wellington Region,Nil,2-way,Sealed,0.0,0.0,0,0.0,100.0,0.0,Off,1.0,0.0,,47,Wellington City,Unknown,0.0,0.0,0.0,0.0,0.0,0.0,Open,0.0,0.0,0.0,Fine,Null,0
66423634,,572900,0.0,,0.0,2.0,,Null,2019/2020,WHITMORE STREET,LAMBTON QUAY,,Non-Injury Crash,No,2019,,South,,0,,Flat,,,,,,Dark,2122400,0,0.0,0.0,4.0,,,0.0,,,,,,Wellington Region,Nil,2-way,Sealed,,0.0,0,,50.0,,On,0.0,1.0,,47,Wellington City,Traffic Signals,,,,,0.0,0.0,Urban,0.0,,,Fine,Null,0
66423654,,572900,0.0,0.0,1.0,1.0,0.0,North,2018/2019,THORNDON QUAY,DAVIS ST,,Non-Injury Crash,No,2018,0.0,North,0.0,0,0.0,Null,0.0,,0.0,,0.0,Unknown,2118101,0,0.0,0.0,0.0,0.0,0.0,0.0,0.0,1.0,,0.0,0.0,Wellington Region,Nil,Null,Null,0.0,0.0,0,0.0,,0.0,Null,0.0,0.0,,47,Wellington City,Unknown,0.0,0.0,0.0,0.0,0.0,0.0,Urban,0.0,0.0,0.0,Null,Null,0
66423666,,572701,0.0,,0.0,0.0,,North,2018/2019,COATES ST,MEXTED TERRACE,,Non-Injury Crash,No,2018,,North,,0,,Flat,,,,,,Bright sun,1995900,0,0.0,0.0,2.0,,,0.0,,,1.0,,,Wellington Region,Nil,2-way,Sealed,,0.0,0,,50.0,,Off,0.0,0.0,,47,Wellington City,Unknown,,,,,0.0,0.0,Urban,1.0,,,Fine,Null,0
66423686,,576903,0.0,,0.0,1.0,,Null,2018/2019,WELLINGTON ROAD,CRAWFORD ROAD,,Non-Injury Crash,No,2019,,West,,0,,Null,,,,,,Unknown,2180500,0,0.0,0.0,2.0,,,0.0,,,,,,Wellington Region,Nil,2-way,Sealed,,0.0,0,,50.0,,Null,0.0,0.0,,47,Wellington City,Give way,,,,,0.0,0.0,Urban,1.0,,,Fine,Null,0
66423703,,573700,0.0,,0.0,1.0,,North,2018/2019,01N-1060-D,JVILLE OBR,,Non-Injury Crash,Yes,2019,,North,,0,,Flat,,,,,,Dark,2083100,0,0.0,0.0,4.0,,,0.0,,,,,,Wellington Region,Nil,2-way,Sealed,,0.0,0,,60.0,,On,0.0,0.0,,47,Wellington City,Unknown,,,,,0.0,0.0,Urban,1.0,,,Light rain,Strong wind,0
66423733,,573200,0.0,,0.0,2.0,,Null,2018/2019,WEBB STREET,WILLIS STREET,,Non-Injury Crash,No,2019,,West,,0,,Null,,,,,,Dark,2159601,0,0.0,0.0,3.0,,,0.0,,,,,,Wellington Region,Nil,1-way,Sealed,,0.0,0,,50.0,,On,0.0,1.0,,47,Wellington City,Traffic Signals,,,,,0.0,0.0,Urban,0.0,,,Null,Null,0
66423748,,574002,0.0,,0.0,1.0,,Null,2018/2019,CENTENNIAL HIGHWAY OFF RAMP,GLOVER STREET,,Non-Injury Crash,No,2019,,East,,0,,Flat,,,,,,Dark,2078302,0,0.0,0.0,4.0,,,0.0,,,,,,Wellington Region,Nil,1-way,Sealed,,0.0,0,,80.0,,On,0.0,0.0,,47,Wellington City,Stop,,,,,0.0,0.0,Open,1.0,,,Fine,Null,0
66423779,,573400,0.0,0.0,0.0,2.0,0.0,East,2018/2019,PIRIE ST,HANIA STREET,,Non-Injury Crash,No,2019,0.0,North,0.0,0,0.0,Hill Road,0.0,Queens Birthday,1.0,,0.0,Dark,2141300,0,0.0,0.0,2.0,0.0,0.0,0.0,0.0,1.0,,0.0,0.0,Wellington Region,Nil,2-way,Sealed,0.0,0.0,0,0.0,50.0,0.0,On,0.0,0.0,,47,Wellington City,Unknown,0.0,0.0,0.0,0.0,0.0,0.0,Urban,0.0,0.0,0.0,Heavy rain,Null,0
66423784,,573000,1.0,,0.0,0.0,,Null,2018/2019,BUNNY STREET,FEATHERSTON STREET,,Non-Injury Crash,No,2019,,Null,,0,,Flat,,,,,,Overcast,2124300,0,0.0,0.0,2.0,,,0.0,,,,,,Wellington Region,Nil,2-way,Sealed,,0.0,0,,50.0,,Null,0.0,0.0,,47,Wellington City,Traffic Signals,,,,,0.0,0.0,Urban,0.0,,,Fine,Null,0
66423804,,576500,0.0,,0.0,2.0,,North,2018/2019,RIDDIFORD STREET,MEIN STREET,,Non-Injury Crash,No,2019,,South,,0,,Flat,,,,,,Dark,2148800,0,0.0,0.0,4.0,,,0.0,,,,,,Wellington Region,Nil,2-way,Sealed,,0.0,0,,50.0,,On,0.0,1.0,,47,Wellington City,Nil,,,,,0.0,0.0,Urban,0.0,,,Fine,Null,0