OBJECTID,advisorySpeed,areaUnitID,bicycle,bridge,bus,carStationWagon,cliffBank,crashDirectionDescription,crashFinancialYear,crashLocation1,crashLocation2,crashRoadSideRoad,crashSeverity,crashSHDescription,crashYear,debris,directionRoleDescription,ditch,fatalCount,fence,flatHill,guardRail,holiday,houseOrBuilding,intersection,kerb,light,meshblockId,minorInjuryCount,moped,motorcycle,NumberOfLanes,objectThrownOrDropped,otherObject,otherVehicleType,overBank,parkedVehicle,pedestrian,phoneBoxEtc,postOrPole,region,roadCharacter,roadLane,roadSurface,roadworks,schoolBus,seriousInjuryCount,slipOrFlood,speedLimit,strayAnimal,streetLight,suv,taxi,temporarySpeedLimit,tlaId,tlaName,trafficControl,trafficIsland,trafficSign,train,tree,truck,unknownVehicleType,urban,vanOrUtility,vehicle,waterRiver,weatherA,weatherB,if_pandemic
66423891,,574001,0.0,,0.0,1.0,,North,2018/2019,NEWLANDS ON SBD,SH 1N,,Non-Injury Crash,Yes,2018,,South,,0,,Hill Road,,,,,,Bright sun,2077600,0,0.0,0.0,3.0,,,0.0,,,,,,Wellington Region,Motorway ramp,1-way,Sealed,,0.0,0,,80.0,,Null,0.0,0.0,,47,Wellington City,Unknown,,,,,0.0,0.0,Open,1.0,,,Fine,Null,0
66423904,,574304,0.0,,0.0,1.0,,Null,2018/2019,BURMA ROAD,KIM STREET,,Non-Injury Crash,No,2018,,South,,0,,Flat,,,,,,Overcast,2088800,0,0.0,0.0,2.0,,,0.0,,,,,,Wellington Region,Nil,2-way,Sealed,,0.0,0,,50.0,,Off,1.0,0.0,,47,Wellington City,Nil,,,,,0.0,0.0,Urban,0.0,,,Fine,Null,0
66423990,35.0,576901,0.0,,0.0,2.0,,Null,2019/2020,COBHAM DRIVE,TROY STREET,,Non-Injury Crash,Yes,2019,,East,,0,,Flat,,,,,,Dark,2176800,0,0.0,0.0,2.0,,,0.0,,,,,,Wellington Region,Nil,1-way,Sealed,,0.0,0,,70.0,,On,0.0,1.0,,47,Wellington City,Give way,,,,,0.0,0.0,Urban,0.0,,,Fine,Null,0
66424015,,573000,1.0,,0.0,1.0,,South,2018/2019,FEATHERSTON ST,MULGRAVE STREET,,Non-Injury Crash,No,2018,,South,,0,,Flat,,,,,,Overcast,2124300,0,0.0,0.0,3.0,,,0.0,,,,,,Wellington Region,Nil,1-way,Sealed,,0.0,0,,50.0,,Off,0.0,0.0,,47,Wellington City,Unknown,,,,,0.0,0.0,Urban,0.0,,,Fine,Null,0
66424036,,576901,0.0,,0.0,1.0,,East,2018/2019,RONGOTAI RD,CHILDERS TERRACE,,Non-Injury Crash,No,2019,,East,,0,,Flat,,,,,,Overcast,2178400,0,0.0,0.0,2.0,,,0.0,,,,,,Wellington Region,Nil,2-way,Sealed,,0.0,0,,50.0,,Off,0.0,0.0,,47,Wellington City,Unknown,,,,,0.0,0.0,Urban,1.0,,,Heavy rain,Strong wind,0
66424115,,576200,0.0,,0.0,0.0,,North,2018/2019,RINTOUL ST,STIRLING STREET,,Non-Injury Crash,No,2019,,South,,0,,Null,,,,,,Unknown,2171900,0,0.0,0.0,2.0,,,0.0,,,,,,Wellington Region,Nil,2-way,Sealed,,0.0,0,,50.0,,Null,0.0,0.0,,47,Wellington City,Unknown,,,,,0.0,1.0,Urban,1.0,,,Null,Null,0
66424128,,573101,0.0,,0.0,1.0,,Null,2018/2019,VIVIAN STREET,WILLIS STREET,,Non-Injury Crash,Yes,2019,,North,,0,,Flat,,,,,,Dark,2131900,0,0.0,0.0,3.0,,,0.0,,,,,,Wellington Region,Nil,1-way,Sealed,,0.0,0,,50.0,,On,0.0,0.0,,47,Wellington City,Traffic Signals,,,,,0.0,0.0,Urban,1.0,,,Fine,Null,0
66424140,,576301,0.0,,0.0,2.0,,Null,2018/2019,RIDDIFORD STREET,EMMETT STREET,,Non-Injury Crash,No,2019,,South,,0,,Flat,,,,,,Overcast,2164600,0,0.0,0.0,2.0,,,0.0,,,1.0,,,Wellington Region,Nil,2-way,Sealed,,0.0,0,,50.0,,Off,0.0,0.0,,47,Wellington City,Traffic Signals,,,,,0.0,0.0,Urban,0.0,,,Fine,Null,0
66424183,,576903,0.0,,0.0,2.0,,North,2019/2020,01N-1076,WELLINGTON ROAD,,Non-Injury Crash,Yes,2019,,North,,0,,Hill Road,,,,,,Bright sun,2180601,0,0.0,0.0,2.0,,,0.0,,,,,,Wellington Region,Nil,2-way,Sealed,,0.0,0,,70.0,,Off,0.0,0.0,,47,Wellington City,Unknown,,,,,0.0,0.0,Urban,0.0,,,Fine,Null,0
66424185,,574500,0.0,,0.0,1.0,,North,2018/2019,KAIWHARAWHARA ROAD,CAMERON ST,,Minor Crash,No,2019,,South,,0,,Flat,,,,,,Twilight,2093200,1,0.0,1.0,3.0,,,0.0,,,,,,Wellington Region,Nil,2-way,Sealed,,0.0,0,,50.0,,Off,0.0,0.0,,47,Wellington City,Give way,,,,,0.0,0.0,Urban,0.0,,,Fine,Null,0
66424186,,575600,0.0,,0.0,2.0,,North,2018/2019,TANERA CRES,OHIRO ROAD,,Non-Injury Crash,No,2019,,East,,0,,Null,,,,,,Unknown,2160600,0,0.0,0.0,2.0,,,0.0,,,,,,Wellington Region,Nil,2-way,Null,,0.0,0,,50.0,,Null,0.0,0.0,,47,Wellington City,Unknown,,,,,0.0,0.0,Urban,0.0,,,Null,Null,0
66424198,,573801,0.0,0.0,0.0,1.0,0.0,North,2018/2019,HELSTON RD,CYRIL WAY,,Non-Injury Crash,No,2019,0.0,North,0.0,0,0.0,Flat,0.0,,0.0,,1.0,Bright sun,2078800,0,0.0,0.0,2.0,0.0,1.0,0.0,0.0,0.0,,0.0,0.0,Wellington Region,Nil,2-way,Sealed,0.0,0.0,0,0.0,50.0,0.0,Off,0.0,0.0,,47,Wellington City,Unknown,0.0,0.0,0.0,0.0,0.0,0.0,Urban,0.0,0.0,0.0,Fine,Null,0
66424220,,573101,0.0,,0.0,1.0,,North,2019/2020,BLAIR STREET,COURTENAY PLACE,,Non-Injury Crash,No,2019,,North,,0,,Flat,,,,,,Overcast,2135700,0,0.0,0.0,2.0,,,0.0,,,,,,Wellington Region,Nil,2-way,Sealed,,0.0,0,,30.0,,Off,0.0,0.0,,47,Wellington City,Unknown,,,,,1.0,0.0,Urban,0.0,,,Light rain,Null,0
66424307,,573513,0.0,0.0,0.0,1.0,0.0,Null,2018/2019,AMESBURY DRIVE,WESTCHESTER DRIVE,,Non-Injury Crash,No,2018,0.0,South,0.0,0,1.0,Hill Road,0.0,,0.0,,0.0,Dark,2086608,0,0.0,0.0,2.0,0.0,0.0,0.0,0.0,0.0,1.0,0.0,0.0,Wellington Region,Nil,2-way,Sealed,0.0,0.0,0,0.0,50.0,0.0,On,0.0,0.0,,47,Wellington City,Give way,0.0,0.0,0.0,1.0,0.0,0.0,Urban,0.0,0.0,0.0,Fine,Null,0
66424315,,574002,0.0,0.0,0.0,1.0,0.0,South,2018/2019,002-0962/12.85-I,RAILYARD ENTRY,,Serious Crash,Yes,2019,0.0,South,0.0,0,0.0,Flat,1.0,,0.0,,0.0,Bright sun,2078302,0,0.0,1.0,2.0,0.0,0.0,0.0,0.0,0.0,,0.0,0.0,Wellington Region,Nil,1-way,Sealed,0.0,0.0,1,0.0,100.0,0.0,Off,0.0,0.0,,47,Wellington City,Unknown,0.0,0.0,0.0,0.0,0.0,0.0,Open,0.0,0.0,0.0,Fine,Null,0
66424316,,572900,0.0,,0.0,1.0,,Null,2019/2020,TINAKORI ROAD,POPLAR GROVE,,Minor Crash,No,2019,,North,,0,,Flat,,,,,,Overcast,2119800,1,1.0,0.0,2.0,,,0.0,,,,,,Wellington Region,Nil,2-way,Sealed,,0.0,0,,50.0,,Off,0.0,0.0,,47,Wellington City,Nil,,,,,0.0,0.0,Urban,0.0,,,Fine,Null,0
66424340,,573101,0.0,,0.0,1.0,,Null,2018/2019,WAKEFIELD STREET,TARANAKI STREET,,Non-Injury Crash,No,2019,,East,,0,,Flat,,,,,,Bright sun,2133100,0,0.0,0.0,3.0,,,0.0,,,,,,Wellington Region,Nil,2-way,Sealed,,0.0,0,,50.0,,None,0.0,0.0,,47,Wellington City,Traffic Signals,,,,,1.0,0.0,Urban,0.0,,,Fine,Null,0
66424368,,572900,0.0,,0.0,2.0,,Null,2019/2020,TINAKORI ROAD,GEORGE STREET,,Non-Injury Crash,No,2019,,North,,0,,Flat,,,,,,Bright sun,2119500,0,0.0,0.0,2.0,,,0.0,,,,,,Wellington Region,Nil,2-way,Sealed,,0.0,0,,50.0,,Off,0.0,0.0,,47,Wellington City,Give way,,,,,0.0,0.0,Urban,0.0,,,Null,Null,0
66424382,,573000,0.0,,0.0,2.0,,South,2018/2019,SH 1N,NORTH PORTAL SBD,,Non-Injury Crash,Yes,2018,,South,,0,,Flat,,,,,,Bright sun,2126900,0,0.0,0.0,2.0,,,0.0,,,,,,Wellington Region,Nil,2-way,Sealed,,0.0,0,,100.0,,Null,0.0,0.0,60.0,47,Wellington City,Unknown,,,,,0.0,0.0,Open,0.0,,,Fine,Null,0
66424386,,576200,0.0,,0.0,2.0,,East,2018/2019,LUXFORD ST,ADELAIDE ROAD,,Non-Injury Crash,No,2019,,North,,0,,Null,,,,,,Overcast,2171600,0,0.0,0.0,2.0,,,0.0,,,,,,Wellington Region,Nil,2-way,Sealed,,0.0,0,,50.0,,Off,0.0,0.0,,47,Wellington City,Unknown,,,,,0.0,0.0,Urban,0.0,,,Fine,Null,0
66424394,,573101,0.0,,0.0,1.0,,Null,2018/2019,VICTORIA STREET,VIVIAN STREET,,Non-Injury Crash,No,2019,,South,,0,,Null,,,,,,Dark,2131600,0,0.0,0.0,4.0,,,0.0,,,,,,Wellington Region,Nil,1-way,Sealed,,0.0,0,,50.0,,On,1.0,0.0,,47,Wellington City,Traffic Signals,,,,,0.0,0.0,Urban,0.0,,,Fine,Null,0
66424400,,573101,1.0,,0.0,1.0,,South,2019/2020,VICTORIA ST,GHUZNEE STREET,,Minor Crash,No,2019,,South,,0,,Flat,,,,,,Bright sun,2131700,1,0.0,0.0,4.0,,,0.0,,,,,,Wellington Region,Nil,2-way,Sealed,,0.0,0,,50.0,,Off,0.0,1.0,,47,Wellington City,Unknown,,,,,0.0,0.0,Urban,0.0,,,Fine,Null,0
66424451,,576800,0.0,,0.0,2.0,,Null,2018/2019,SH 1N,TAURIMA ST,,Non-Injury Crash,Yes,2018,,East,,0,,Hill Road,,,,,,Dark,2181900,0,0.0,0.0,2.0,,,0.0,,,,,,Wellington Region,Nil,2-way,Sealed,,0.0,0,,50.0,,On,0.0,0.0,,47,Wellington City,Give way,,,,,0.0,0.0,Urban,0.0,,,Light rain,Null,0
66424498,,574002,0.0,,1.0,0.0,,Null,2018/2019,CENTENNIAL HIGHWAY,NGAURANGA GORGE ROAD,,Minor Crash,No,2019,,South,,0,,Flat,,,,,,Overcast,2078302,1,0.0,1.0,2.0,,,0.0,,,,,,Wellington Region,Underpass,1-way,Sealed,,0.0,0,,50.0,,Off,0.0,1.0,,47,Wellington City,Nil,,,,,0.0,0.0,Urban,0.0,,,Fine,Null,0
66424617,,573400,0.0,0.0,0.0,1.0,0.0,East,2018/2019,PIRIE ST,AUSTIN ST,,Non-Injury Crash,No,2019,0.0,North,0.0,0,0.0,Hill Road,0.0,,0.0,,0.0,Dark,2141900,0,0.0,0.0,2.0,0.0,0.0,0.0,0.0,0.0,,1.0,0.0,Wellington Region,Nil,2-way,Sealed,0.0,0.0,0,0.0,50.0,0.0,On,0.0,0.0,,47,Wellington City,Unknown,0.0,0.0,0.0,0.0,0.0,0.0,Urban,0.0,0.0,0.0,Fine,Null,0
66424637,,573000,0.0,0.0,0.0,2.0,0.0,Null,2019/2020,THE TERRACE,ALLENBY TERRACE,,Non-Injury Crash,No,2019,0.0,South,0.0,0,0.0,Hill Road,0.0,,0.0,,0.0,Overcast,2127900,0,0.0,0.0,2.0,0.0,0.0,0.0,0.0,1.0,,0.0,0.0,Wellington Region,Nil,2-way,Sealed,0.0,0.0,0,0.0,50.0,0.0,Off,0.0,0.0,,47,Wellington City,Nil,0.0,0.0,0.0,0.0,0.0,0.0,Urban,0.0,0.0,0.0,Fine,Null,0
66424663,,576700,0.0,,0.0,1.0,,Null,2018/2019,MAIDA VALE ROAD,CARLTON GORE ROAD,,Non-Injury Crash,No,2019,,East,,0,,Hill Road,,,,,,Overcast,2186500,0,0.0,0.0,2.0,,,0.0,,,,,,Wellington Region,Nil,2-way,Sealed,,0.0,0,,50.0,,Off,0.0,0.0,,47,Wellington City,Give way,,,,,1.0,0.0,Urban,0.0,,,Fine,Null,0
66424666,,576901,0.0,,0.0,2.0,,Null,2018/2019,RONGOTAI ROAD,EVANS BAY PARADE,,Non-Injury Crash,No,2018,,West,,0,,Flat,,,,,,Dark,2178000,0,0.0,0.0,4.0,,,0.0,,,,,,Wellington Region,Nil,2-way,Sealed,,0.0,0,,50.0,,On,0.0,0.0,,47,Wellington City,Traffic Signals,,,,,0.0,0.0,Urban,0.0,,,Heavy rain,Strong wind,0
66424688,,572500,0.0,,0.0,1.0,,Null,2018/2019,MAIN ROAD, REDWOOD AVENUE,,Non-Injury Crash,No,2019,,North,,0,,Flat,,,,,,Overcast,1986300,0,0.0,0.0,2.0,,,0.0,,,,,,Wellington Region,Nil,2-way,Sealed,,0.0,0,,50.0,,Off,0.0,0.0,,47,Wellington City,Give way,,,,,0.0,0.0,Urban,1.0,,,Fine,Null,0
66424709,,574002,0.0,,0.0,2.0,,Null,2018/2019,CENTENNIAL HIGHWAY,CENTENNIAL HIGHWAY ON RAMP,,Non-Injury Crash,Yes,2019,,North,,0,,Hill Road,,,,,,Bright sun,2078302,0,0.0,0.0,2.0,,,0.0,,,,,,Wellington Region,Motorway ramp,1-way,Sealed,,0.0,0,,80.0,,Off,0.0,0.0,,47,Wellington City,Nil,,,,,0.0,0.0,Open,0.0,,,Fine,Null,0
66424720,45.0,575300,0.0,0.0,0.0,1.0,0.0,Null,2018/2019,GLENMORE STREET,GARDEN ROAD,,Minor Crash,No,2019,0.0,South,0.0,0,0.0,Hill Road,0.0,,0.0,,0.0,Overcast,2153501,1,0.0,0.0,2.0,0.0,0.0,0.0,0.0,0.0,,1.0,1.0,Wellington Region,Nil,2-way,Sealed,0.0,0.0,0,0.0,50.0,0.0,Off,0.0,0.0,,47,Wellington City,Give way,0.0,0.0,0.0,0.0,0.0,0.0,Urban,0.0,0.0,0.0,Fine,Null,0
66424801,,573400,0.0,0.0,0.0,1.0,1.0,North,2016/2017,ALEXANDRA RD,LOOKOUT ROAD,,Non-Injury Crash,No,2016,0.0,North,0.0,0,0.0,Hill Road,0.0,,0.0,,0.0,Dark,2139604,0,0.0,0.0,2.0,0.0,0.0,0.0,0.0,0.0,,0.0,0.0,Wellington Region,Nil,2-way,Sealed,0.0,0.0,0,0.0,50.0,0.0,None,0.0,0.0,,47,Wellington City,Unknown,0.0,0.0,0.0,0.0,0.0,0.0,Urban,0.0,0.0,0.0,Fine,Null,0
66424817,,575000,0.0,0.0,0.0,2.0,0.0,Null,2018/2019,MESSINES ROAD,BRAITHWAITE STREET,,Non-Injury Crash,No,2019,0.0,West,0.0,0,0.0,Hill Road,0.0,,0.0,,0.0,Bright sun,2111200,0,0.0,0.0,2.0,0.0,0.0,0.0,0.0,1.0,,0.0,0.0,Wellington Region,Nil,2-way,Sealed,0.0,0.0,0,0.0,50.0,0.0,Off,0.0,0.0,,47,Wellington City,Give way,0.0,0.0,0.0,0.0,0.0,0.0,Urban,0.0,0.0,0.0,Fine,Null,0
66424837,,577200,1.0,,0.0,1.0,,Null,2019/2020,MIRAMAR AVENUE,CHELSEA STREET,,Minor Crash,No,2019,,West,,0,,Flat,,,,,,Bright sun,2207301,1,0.0,0.0,2.0,,,0.0,,,,,,Wellington Region,Nil,2-way,Sealed,,0.0,0,,50.0,,Off,0.0,0.0,,47,Wellington City,Stop,,,,,0.0,0.0,Urban,0.0,,,Fine,Null,0
66424851,,576500,0.0,0.0,1.0,1.0,0.0,Null,2018/2019,OWEN STREET,MEIN STREET,,Non-Injury Crash,No,2019,0.0,North,0.0,0,0.0,Null,0.0,,0.0,,0.0,Unknown,2148900,0,0.0,0.0,2.0,0.0,0.0,0.0,0.0,1.0,,0.0,0.0,Wellington Region,Nil,2-way,Sealed,0.0,0.0,0,0.0,40.0,0.0,Null,0.0,0.0,,47,Wellington City,Nil,0.0,0.0,0.0,0.0,0.0,0.0,Urban,0.0,0.0,0.0,Null,Null,0
66424865,,577102,0.0,0.0,0.0,2.0,1.0,South,2018/2019,TANNADYCE ST,BEACON HILL ROAD,,Non-Injury Crash,No,2019,0.0,East,0.0,0,0.0,Hill Road,0.0,,0.0,,0.0,Dark,2213800,0,0.0,0.0,2.0,0.0,0.0,0.0,0.0,1.0,,0.0,0.0,Wellington Region,Nil,2-way,Sealed,0.0,0.0,0,0.0,50.0,0.0,On,0.0,0.0,,47,Wellington City,Unknown,0.0,0.0,0.0,0.0,0.0,0.0,Urban,0.0,0.0,0.0,Light rain,Null,0
66424884,,576600,0.0,,0.0,0.0,,East,2019/2020,ORIENTAL PARADE,PRINCE STREET,,Minor Crash,No,2020,,East,,0,,Flat,,,,,,Dark,2137900,1,1.0,0.0,2.0,,,0.0,,,,,,Wellington Region,Nil,2-way,Sealed,,0.0,0,,40.0,,On,0.0,0.0,,47,Wellington City,Nil,,,,,0.0,0.0,Urban,0.0,,,Light rain,Null,1
66424923,,573101,0.0,,0.0,2.0,,Null,2018/2019,COURTENAY PLACE,TARANAKI STREET,,Non-Injury Crash,No,2019,,West,,0,,Null,,,,,,Dark,2135600,0,0.0,0.0,2.0,,,0.0,,,,,,Wellington Region,Nil,2-way,Unsealed,,0.0,0,,30.0,,On,0.0,0.0,,47,Wellington City,Traffic Signals,,,,,0.0,0.0,Urban,0.0,,,Null,Null,0
66424926,,574302,0.0,0.0,0.0,2.0,0.0,North,2018/2019,NICHOLSON RD,EVERSET ST,,Non-Injury Crash,No,2019,0.0,South,0.0,0,0.0,Null,0.0,,0.0,,0.0,Unknown,2092800,0,0.0,0.0,2.0,0.0,0.0,0.0,0.0,1.0,,0.0,0.0,Wellington Region,Nil,2-way,Sealed,0.0,0.0,0,0.0,50.0,0.0,Null,0.0,0.0,,47,Wellington City,Unknown,0.0,0.0,0.0,0.0,0.0,0.0,Urban,0.0,0.0,0.0,Null,Null,0
66424928,,575600,0.0,0.0,0.0,1.0,0.0,West,2018/2019,CLEVELAND STREET,HARRISON STREET,,Non-Injury Crash,No,2018,0.0,Null,0.0,0,0.0,Hill Road,0.0,,0.0,,0.0,Twilight,2162000,0,0.0,0.0,2.0,0.0,0.0,0.0,0.0,1.0,,0.0,0.0,Wellington Region,Nil,2-way,Sealed,0.0,0.0,0,0.0,50.0,0.0,Null,1.0,0.0,,47,Wellington City,Unknown,0.0,0.0,0.0,0.0,0.0,0.0,Urban,0.0,0.0,0.0,Light rain,Null,0
66424940,,572900,0.0,0.0,0.0,1.0,0.0,North,2018/2019,01N-1068-I,AOTEA QUAY OFF RAMP,,Non-Injury Crash,Yes,2018,0.0,South,0.0,0,0.0,Flat,1.0,,0.0,,0.0,Dark,2118400,0,0.0,0.0,2.0,0.0,0.0,0.0,0.0,0.0,,0.0,0.0,Wellington Region,Overpass,2-way,Sealed,0.0,0.0,0,0.0,100.0,0.0,On,1.0,0.0,,47,Wellington City,Unknown,0.0,0.0,0.0,0.0,0.0,0.0,Open,0.0,0.0,0.0,Light rain,Null,0
66425006,,573522,0.0,,0.0,1.0,,Null,2018/2019,TAKAPU ROAD,TAWA-GRENADA NORTH OFF RAMP,,Minor Crash,No,2019,,South,,0,,Hill Road,,,,,,Bright sun,2053703,1,0.0,0.0,2.0,,,0.0,,,,,,Wellington Region,Nil,2-way,Sealed,,0.0,0,,50.0,,Off,1.0,0.0,,47,Wellington City,Stop,,,,,0.0,0.0,Urban,0.0,,,Fine,Null,0
66425039,,577400,0.0,0.0,0.0,2.0,0.0,North,2018/2019,MARINE PDE,KAKARIKI ROAD,,Non-Injury Crash,No,2019,0.0,North,0.0,0,0.0,Flat,0.0,,0.0,,0.0,Overcast,2210200,0,0.0,0.0,2.0,0.0,0.0,0.0,0.0,1.0,,0.0,0.0,Wellington Region,Nil,2-way,Sealed,0.0,0.0,0,0.0,50.0,0.0,Off,0.0,0.0,,47,Wellington City,Unknown,0.0,0.0,0.0,0.0,0.0,0.0,Urban,0.0,0.0,0.0,Light rain,Null,0
66425046,,572701,0.0,,0.0,2.0,,North,2018/2019,SH 1N,COLLINS OBR,,Non-Injury Crash,Yes,2018,,North,,0,,Hill Road,,,,,,Bright sun,1995700,0,0.0,0.0,2.0,,,0.0,,,,,,Wellington Region,Nil,1-way,Sealed,,0.0,0,,100.0,,Null,0.0,0.0,70.0,47,Wellington City,Unknown,,,,,0.0,0.0,Open,0.0,,,Fine,Null,0
66425076,,573523,0.0,0.0,0.0,2.0,0.0,South,2018/2019,MARK AVE,ST VINCENT TERRACE,,Non-Injury Crash,No,2019,0.0,Null,0.0,0,0.0,Null,0.0,,0.0,,0.0,Unknown,2086312,0,0.0,0.0,2.0,0.0,0.0,0.0,0.0,1.0,,0.0,0.0,Wellington Region,Nil,2-way,Null,0.0,0.0,0,0.0,50.0,0.0,Null,0.0,0.0,,47,Wellington City,Unknown,0.0,0.0,0.0,0.0,0.0,0.0,Urban,0.0,0.0,0.0,Null,Null,0
66425088,,572900,0.0,,0.0,1.0,,North,2019/2020,MOLESWORTH ST,LITTLE PIPITEA STREET,,Non-Injury Crash,No,2019,,Null,,0,,Null,,,,,,Unknown,2119200,0,0.0,0.0,2.0,,,0.0,,,,,,Wellington Region,Nil,1-way,Sealed,,0.0,0,,50.0,,Off,0.0,0.0,,47,Wellington City,Unknown,,,,,0.0,0.0,Urban,0.0,,,Fine,Null,0
66425101,,573101,0.0,,0.0,2.0,,North,2018/2019,TORY ST,HAINING STREET,,Non-Injury Crash,No,2018,,South,,0,,Hill Road,,,,,,Twilight,2136800,0,0.0,0.0,2.0,,,0.0,,,,,,Wellington Region,Nil,2-way,Sealed,,0.0,0,,50.0,,Null,0.0,0.0,,47,Wellington City,Nil,,,,,0.0,0.0,Urban,0.0,,,Light rain,Null,0
66425107,,576901,0.0,,0.0,2.0,,Null,2018/2019,COUTTS STREET,SALEK STREET,,Non-Injury Crash,No,2019,,East,,0,,Flat,,,,,,Bright sun,2177500,0,0.0,0.0,2.0,,,0.0,,,,,,Wellington Region,Nil,2-way,Sealed,,0.0,0,,50.0,,Null,0.0,0.0,,47,Wellington City,Stop,,,,,0.0,0.0,Urban,0.0,,,Fine,Null,0
66425120,,573300,0.0,,0.0,2.0,,Null,2018/2019,JOHN STREET,HANSON STREET,,Non-Injury Crash,No,2019,,East,,0,,Flat,,,,,,Overcast,2146300,0,0.0,0.0,2.0,,,0.0,,,,,,Wellington Region,Nil,2-way,Sealed,,0.0,0,,50.0,,Off,0.0,0.0,,47,Wellington City,Traffic Signals,,,,,0.0,0.0,Urban,0.0,,,Fine,Null,0
66425135,,573000,0.0,,0.0,3.0,,South,2018/2019,01N-1068-I,THE TERRACE OFF RAMP,,Non-Injury Crash,Yes,2019,,South,,0,,Flat,,,,,,Bright sun,2124700,0,0.0,0.0,1.0,,,0.0,,,,,,Wellington Region,Nil,1-way,Sealed,,0.0,0,,80.0,,Off,0.0,0.0,50.0,47,Wellington City,Unknown,,,,,0.0,0.0,Open,0.0,,,Fine,Null,0
66425140,,573525,0.0,,0.0,2.0,,North,2018/2019,01N-1050/06.30-I,TAWA-GRENADA NORTH OFF RAMP,,Minor Crash,Yes,2019,,South,,0,,Flat,,,,,,Overcast,2053830,1,0.0,0.0,2.0,,,0.0,,,,,,Wellington Region,Nil,1-way,Sealed,,0.0,0,,100.0,,Off,0.0,0.0,70.0,47,Wellington City,Unknown,,,,,0.0,0.0,Open,1.0,,,Fine,Null,0
66425148,,573600,0.0,0.0,0.0,1.0,0.0,East,2017/2018,CUNLIFFE ST,ATAMIRA CLOSE,,Non-Injury Crash,No,2018,0.0,East,0.0,0,1.0,Flat,0.0,Easter,0.0,,0.0,Dark,2086740,0,0.0,0.0,2.0,0.0,0.0,0.0,0.0,0.0,,0.0,0.0,Wellington Region,Nil,2-way,Sealed,0.0,0.0,0,0.0,50.0,0.0,On,0.0,0.0,,47,Wellington City,Unknown,0.0,0.0,0.0,0.0,0.0,0.0,Urban,0.0,0.0,0.0,Fine,Null,0
66425188,,573101,0.0,0.0,0.0,0.0,0.0,West,2018/2019,CABLE STREET,TORY STREET,,Non-Injury Crash,No,2019,0.0,West,0.0,0,0.0,Flat,0.0,Queens Birthday,0.0,,0.0,Bright sun,2135200,0,0.0,0.0,3.0,0.0,0.0,0.0,0.0,1.0,,0.0,0.0,Wellington Region,Nil,1-way,Sealed,0.0,0.0,0,0.0,50.0,0.0,Off,1.0,0.0,,47,Wellington City,Nil,0.0,0.0,0.0,0.0,0.0,0.0,Urban,1.0,0.0,0.0,Fine,Null,0
66425235,,573700,0.0,,0.0,1.0,,North,2018/2019,01N-1060-D,JOHNSONVILLE OFF RAMP,,Non-Injury Crash,Yes,2019,,North,,0,,Null,,,,,,Twilight,2083100,0,0.0,0.0,2.0,,,0.0,,,,,,Wellington Region,Motorway ramp,1-way,Sealed,,0.0,0,,100.0,,Off,1.0,0.0,,47,Wellington City,Unknown,,,,,0.0,0.0,Open,0.0,,,Fine,Null,0
66425245,,573903,0.0,,0.0,2.0,,Null,2018/2019,NEWLANDS ROAD,NEWLANDS OFF RAMP,,Non-Injury Crash,No,2019,,East,,0,,Hill Road,,,,,,Dark,2075103,0,0.0,0.0,3.0,,,0.0,,,,,,Wellington Region,Motorway ramp,2-way,Sealed,,0.0,0,,50.0,,On,0.0,0.0,,47,Wellington City,Give way,,,,,0.0,0.0,Urban,0.0,,,Fine,Frost,0
66425263,,573101,0.0,0.0,0.0,1.0,0.0,South,2018/2019,BLAIR ST,WAKEFIELD STREET,,Non-Injury Crash,No,2019,0.0,Null,0.0,0,0.0,Null,0.0,,0.0,,0.0,Dark,2135700,0,0.0,0.0,2.0,0.0,0.0,0.0,0.0,1.0,,0.0,0.0,Wellington Region,Nil,2-way,Sealed,0.0,0.0,0,0.0,30.0,0.0,On,0.0,0.0,,47,Wellington City,Unknown,0.0,0.0,0.0,0.0,0.0,0.0,Urban,0.0,0.0,0.0,Null,Null,0
66425291,,576901,0.0,,0.0,2.0,,Null,2018/2019,COUTTS STREET,SALEK STREET,,Non-Injury Crash,No,2018,,East,,0,,Flat,,,,,,Bright sun,2177500,0,0.0,0.0,2.0,,,0.0,,,,,,Wellington Region,Nil,2-way,Sealed,,0.0,0,,50.0,,Off,0.0,0.0,,47,Wellington City,Stop,,,,,0.0,0.0,Urban,0.0,,,Fine,Null,0
66425297,,576200,0.0,0.0,0.0,2.0,0.0,Null,2016/2017,ADELAIDE ROAD,LUXFORD STREET,,Non-Injury Crash,No,2017,0.0,North,0.0,0,0.0,Flat,0.0,,1.0,,0.0,Overcast,2171200,0,0.0,0.0,2.0,0.0,0.0,0.0,0.0,0.0,,0.0,0.0,Wellington Region,Nil,2-way,Sealed,0.0,0.0,0,0.0,50.0,0.0,Off,0.0,0.0,,47,Wellington City,Traffic Signals,0.0,1.0,0.0,0.0,0.0,0.0,Urban,0.0,0.0,0.0,Light rain,Null,0