OBJECTID,advisorySpeed,areaUnitID,bicycle,bridge,bus,carStationWagon,cliffBank,crashDirectionDescription,crashFinancialYear,crashLocation1,crashLocation2,crashRoadSideRoad,crashSeverity,crashSHDescription,crashYear,debris,directionRoleDescription,ditch,fatalCount,fence,flatHill,guardRail,holiday,houseOrBuilding,intersection,kerb,light,meshblockId,minorInjuryCount,moped,motorcycle,NumberOfLanes,objectThrownOrDropped,otherObject,otherVehicleType,overBank,parkedVehicle,pedestrian,phoneBoxEtc,postOrPole,region,roadCharacter,roadLane,roadSurface,roadworks,schoolBus,seriousInjuryCount,slipOrFlood,speedLimit,strayAnimal,streetLight,suv,taxi,temporarySpeedLimit,tlaId,tlaName,trafficControl,trafficIsland,trafficSign,train,tree,truck,unknownVehicleType,urban,vanOrUtility,vehicle,waterRiver,weatherA,weatherB,if_pandemic
66425300,,576301,0.0,0.0,0.0,3.0,0.0,South,2018/2019,HANSON ST,HALL STREET,,Non-Injury Crash,No,2019,0.0,South,0.0,0,0.0,Hill Road,0.0,,0.0,,0.0,Overcast,2164100,0,0.0,0.0,2.0,0.0,0.0,0.0,0.0,1.0,,0.0,0.0,Wellington Region,Nil,2-way,Sealed,0.0,0.0,0,0.0,50.0,0.0,Off,0.0,0.0,,47,Wellington City,Unknown,0.0,0.0,0.0,0.0,0.0,0.0,Urban,0.0,0.0,0.0,Fine,Null,0
66425324,,575000,0.0,,0.0,1.0,,East,2019/2020,KARORI RD,HATTON STREET,,Non-Injury Crash,No,2019,,East,,0,,Null,,,,,,Unknown,2111500,0,0.0,0.0,2.0,,,0.0,,,,,,Wellington Region,Nil,2-way,Null,,0.0,0,,50.0,,Null,1.0,0.0,,47,Wellington City,Unknown,,,,,0.0,0.0,Urban,0.0,,,Null,Null,0
66425325,,576400,0.0,,0.0,2.0,,Null,2018/2019,COROMANDEL STREET,CONSTABLE STREET,,Minor Crash,No,2019,,South,,0,,Hill Road,,,,,,Twilight,2168200,1,0.0,0.0,2.0,,,0.0,,,,,,Wellington Region,Nil,2-way,Sealed,,0.0,0,,50.0,,Off,0.0,0.0,,47,Wellington City,Traffic Signals,,,,,0.0,0.0,Urban,0.0,,,Fine,Null,0
66425358,,575600,0.0,,1.0,1.0,,West,2018/2019,KAREPA ST,APUKA STREET,,Non-Injury Crash,No,2019,,South,,0,,Hill Road,,,,,,Bright sun,2160900,0,0.0,0.0,2.0,,,0.0,,,,,,Wellington Region,Nil,2-way,Sealed,,0.0,0,,50.0,,Off,0.0,0.0,,47,Wellington City,Unknown,,,,,0.0,0.0,Urban,0.0,,,Fine,Null,0
66425368,,575100,0.0,,0.0,1.0,,Null,2019/2020,KARORI ROAD,TRINGHAM STREET,,Minor Crash,No,2020,,West,,0,,Flat,,,,,,Bright sun,2115800,1,0.0,1.0,2.0,,,0.0,,,,,,Wellington Region,Nil,2-way,Sealed,,0.0,0,,50.0,,Off,0.0,0.0,,47,Wellington City,Nil,,,,,0.0,0.0,Urban,0.0,,,Fine,Null,1
66425385,,577601,0.0,0.0,0.0,1.0,0.0,South,2016/2017,AKAROA DR,WAIWERA CRESCENT,,Non-Injury Crash,No,2017,0.0,South,0.0,0,0.0,Hill Road,0.0,Christmas New Year,0.0,,0.0,Dark,2202101,0,0.0,0.0,2.0,0.0,0.0,0.0,0.0,0.0,,0.0,1.0,Wellington Region,Nil,2-way,Sealed,0.0,0.0,0,0.0,50.0,0.0,On,0.0,0.0,,47,Wellington City,Unknown,0.0,0.0,0.0,0.0,0.0,0.0,Urban,0.0,0.0,0.0,Light rain,Strong wind,0
66425390,,573400,0.0,,0.0,2.0,,Null,2019/2020,PATERSON STREET,DUFFERIN STREET,,Non-Injury Crash,Yes,2019,,West,,0,,Hill Road,,,,,,Dark,2143300,0,0.0,0.0,2.0,,,0.0,,,,,,Wellington Region,Nil,1-way,Sealed,,0.0,0,,50.0,,On,0.0,0.0,,47,Wellington City,Traffic Signals,,,,,0.0,0.0,Urban,0.0,,,Fine,Null,0
66425393,,577302,0.0,0.0,0.0,1.0,0.0,East,2018/2019,AWA ROAD,PARA STREET,,Non-Injury Crash,No,2018,0.0,North,0.0,0,0.0,Flat,0.0,,0.0,,0.0,Overcast,2204400,0,0.0,0.0,2.0,0.0,0.0,0.0,0.0,1.0,,0.0,0.0,Wellington Region,Nil,2-way,Sealed,0.0,0.0,0,0.0,50.0,0.0,Off,1.0,0.0,,47,Wellington City,Nil,0.0,0.0,0.0,0.0,0.0,0.0,Urban,0.0,0.0,0.0,Fine,Null,0
66425416,,575100,0.0,0.0,0.0,1.0,0.0,South,2018/2019,CAMPBELL ST,WRIGHTS HILL ROAD,,Non-Injury Crash,No,2018,0.0,South,0.0,0,0.0,Flat,0.0,,0.0,,1.0,Twilight,2114900,0,0.0,0.0,2.0,0.0,0.0,0.0,0.0,1.0,,0.0,0.0,Wellington Region,Nil,2-way,Sealed,0.0,0.0,0,0.0,50.0,0.0,Off,1.0,0.0,,47,Wellington City,Unknown,0.0,0.0,0.0,0.0,0.0,0.0,Urban,0.0,0.0,0.0,Fine,Null,0
66425430,,573000,0.0,,1.0,1.0,,Null,2018/2019,GHUZNEE STREET,WILLIS STREET,,Minor Crash,No,2019,,East,,0,,Hill Road,,,,,,Dark,2130700,2,0.0,0.0,3.0,,,0.0,,,,,,Wellington Region,Nil,2-way,Sealed,,0.0,0,,50.0,,On,0.0,0.0,,47,Wellington City,Traffic Signals,,,,,0.0,0.0,Urban,0.0,,,Fine,Null,0
66425445,,574002,0.0,,0.0,2.0,,South,2018/2019,002-0962/12.86-D,HUTT ROAD ON RAMP,,Non-Injury Crash,Yes,2019,,North,,0,,Flat,,,,,,Dark,2078302,0,0.0,0.0,2.0,,,0.0,,,,,,Wellington Region,Nil,2-way,Sealed,,0.0,0,,100.0,,On,0.0,0.0,,47,Wellington City,Unknown,,,,,1.0,0.0,Open,1.0,,,Light rain,Strong wind,0
66425455,,572900,0.0,,0.0,2.0,,South,2018/2019,THORNDON QUAY,SH 1,,Non-Injury Crash,No,2019,,South,,0,,Flat,,,,,,Overcast,2117901,0,0.0,0.0,2.0,,,0.0,,,,,,Wellington Region,Nil,2-way,Sealed,,0.0,0,,50.0,,Off,0.0,0.0,,47,Wellington City,Unknown,,,,,0.0,0.0,Urban,0.0,,,Light rain,Strong wind,0
66425477,,573101,0.0,,0.0,1.0,,West,2018/2019,GHUZNEE STREET,CUBA STREET,,Non-Injury Crash,No,2018,,West,,0,,Flat,,,,,,Dark,2131500,0,0.0,0.0,2.0,,,0.0,,,,,,Wellington Region,Nil,2-way,Sealed,,0.0,0,,50.0,,On,0.0,0.0,,47,Wellington City,Nil,,,,,0.0,0.0,Urban,0.0,,,Fine,Null,0
66425481,,573101,0.0,0.0,0.0,1.0,0.0,South,2018/2019,WILLIS STREET,ELLERS AVENUE,,Non-Injury Crash,No,2019,0.0,North,0.0,0,0.0,Null,0.0,,0.0,,0.0,Unknown,2131300,0,0.0,0.0,2.0,0.0,0.0,0.0,0.0,1.0,,0.0,0.0,Wellington Region,Nil,2-way,Null,0.0,0.0,0,0.0,50.0,0.0,Null,1.0,0.0,,47,Wellington City,Unknown,0.0,0.0,0.0,0.0,0.0,0.0,Urban,0.0,0.0,0.0,Null,Null,0
66425502,,576500,0.0,,0.0,2.0,,North,2018/2019,ADELAIDE RD,DRUMMOND STREET,,Non-Injury Crash,No,2019,,North,,0,,Flat,,,,,,Overcast,2148201,0,0.0,0.0,4.0,,,0.0,,,,,,Wellington Region,Nil,2-way,Sealed,,0.0,0,,50.0,,Off,0.0,0.0,,47,Wellington City,Isolated Pedestrian signal (non-intersection),,,,,0.0,0.0,Urban,0.0,,,Fine,Strong wind,0
66425551,,574900,0.0,0.0,0.0,2.0,0.0,East,2018/2019,KARORI RD,MORLEY STREET,,Non-Injury Crash,No,2019,0.0,East,0.0,0,0.0,Flat,0.0,,0.0,,0.0,Dark,2108900,0,0.0,0.0,2.0,0.0,0.0,0.0,0.0,1.0,,0.0,0.0,Wellington Region,Nil,2-way,Sealed,0.0,0.0,0,0.0,50.0,0.0,Off,0.0,0.0,,47,Wellington City,Unknown,0.0,0.0,0.0,0.0,0.0,0.0,Urban,0.0,0.0,0.0,Null,Null,0
66425569,,572600,0.0,,0.0,2.0,,South,2018/2019,01N-1050/06.30-D,PED SUBWAY,,Minor Crash,Yes,2019,,North,,0,,Flat,,,,,,Dark,1992700,1,0.0,0.0,4.0,,,0.0,,,,,,Wellington Region,Nil,2-way,Sealed,,0.0,0,,100.0,,None,1.0,0.0,50.0,47,Wellington City,Unknown,,,,,0.0,0.0,Open,0.0,,,Fine,Null,0
66425631,,573101,0.0,,0.0,1.0,,Null,2019/2020,CAMBRIDGE TERRACE,LORNE STREET,,Minor Crash,No,2019,,North,,0,,Flat,,,,,,Overcast,2136500,1,0.0,0.0,3.0,,,0.0,,,1.0,,,Wellington Region,Nil,1-way,Sealed,,0.0,0,,50.0,,Off,0.0,0.0,,47,Wellington City,Give way,,,,,0.0,0.0,Urban,0.0,,,Fine,Null,0
66425652,,577000,0.0,0.0,0.0,2.0,0.0,South,2018/2019,SUTHERLAND RD,RUA STREET,,Non-Injury Crash,No,2019,0.0,South,0.0,0,0.0,Flat,0.0,,0.0,,0.0,Overcast,2174400,0,0.0,0.0,2.0,0.0,0.0,0.0,0.0,1.0,,0.0,0.0,Wellington Region,Nil,2-way,Sealed,0.0,0.0,0,0.0,50.0,0.0,Off,0.0,0.0,,47,Wellington City,Unknown,0.0,0.0,0.0,0.0,0.0,0.0,Urban,1.0,0.0,0.0,Fine,Null,0
66425688,,574402,0.0,,0.0,2.0,,East,2019/2020,OLD PORIRUA RD,CAPTAIN EDWARD DANIELL DRIVE,,Non-Injury Crash,No,2019,,North,,0,,Null,,,,,,Unknown,2097602,0,0.0,0.0,2.0,,,0.0,,,,,,Wellington Region,Nil,2-way,Null,,0.0,0,,50.0,,Null,0.0,0.0,,47,Wellington City,Unknown,,,,,0.0,0.0,Urban,0.0,,,Null,Null,0
66425712,,573101,0.0,,2.0,0.0,,Null,2019/2020,MANNERS STREET,ST HILL STREET,,Non-Injury Crash,No,2019,,East,,0,,Flat,,,,,,Overcast,2131300,0,0.0,0.0,2.0,,,0.0,,,,,,Wellington Region,Nil,2-way,Sealed,,0.0,0,,30.0,,Off,0.0,0.0,,47,Wellington City,Traffic Signals,,,,,0.0,0.0,Urban,0.0,,,Fine,Null,0
66425749,,573522,0.0,,0.0,2.0,,South,2017/2018,SH 1N,TAKAPU RD UPASS NBD,,Non-Injury Crash,Yes,2018,,North,,0,,Flat,,,,,,Dark,2053703,0,0.0,0.0,4.0,,,0.0,,,,,,Wellington Region,Motorway ramp,2-way,Sealed,,0.0,0,,100.0,,On,0.0,0.0,,47,Wellington City,Unknown,,,,,0.0,0.0,Open,1.0,,,Fine,Null,0
66425801,,574303,0.0,,0.0,1.0,,North,2017/2018,SH 1N,KIWI POINT QUARRY ENT,,Non-Injury Crash,Yes,2018,,North,,0,,Hill Road,,Queens Birthday,,,,Bright sun,2084302,0,0.0,0.0,7.0,,,0.0,,,,,,Wellington Region,Nil,2-way,Sealed,,0.0,0,,80.0,,Null,0.0,0.0,,47,Wellington City,Unknown,,,,,1.0,0.0,Open,0.0,,,Fine,Null,0
66425809,,573101,0.0,0.0,0.0,0.0,0.0,West,2018/2019,ABEL SMITH ST,FOOTSCRAY AVENUE,,Non-Injury Crash,No,2018,0.0,Null,0.0,0,0.0,Flat,0.0,,0.0,,0.0,Overcast,2132500,0,0.0,0.0,2.0,0.0,0.0,0.0,0.0,0.0,,1.0,0.0,Wellington Region,Nil,2-way,Sealed,0.0,0.0,0,0.0,50.0,0.0,Off,0.0,0.0,,47,Wellington City,Unknown,0.0,0.0,0.0,0.0,0.0,1.0,Urban,0.0,0.0,0.0,Fine,Null,0
66425830,,576600,0.0,,0.0,2.0,,Null,2018/2019,ORIENTAL PARADE,,,Serious Crash,No,2019,,North,,0,,Flat,,,,,,Bright sun,2137400,0,0.0,0.0,2.0,,,0.0,,,,,,Wellington Region,Nil,2-way,Sealed,,0.0,1,,40.0,,Off,0.0,0.0,,47,Wellington City,Unknown,,,,,0.0,0.0,Urban,1.0,,,Fine,Null,0
66425846,,574402,0.0,,0.0,2.0,,Null,2018/2019,NGAIO GORGE ROAD,TRELISSICK CRESCENT,,Minor Crash,No,2019,,North,,0,,Hill Road,,,,,,Bright sun,2098200,1,0.0,0.0,2.0,,,0.0,,,,,,Wellington Region,Nil,2-way,Sealed,,0.0,0,,50.0,,Off,0.0,0.0,,47,Wellington City,Stop,,,,,0.0,0.0,Urban,0.0,,,Fine,Null,0
66425924,,577000,0.0,0.0,0.0,1.0,0.0,Null,2019/2020,OFF ROAD - WELLINGTON AIRPORT,,,Minor Crash,Unknown,2019,0.0,North,0.0,0,0.0,Hill Road,0.0,,0.0,,0.0,Twilight,2175700,1,0.0,0.0,4.0,0.0,1.0,0.0,0.0,0.0,,0.0,1.0,Wellington Region,Bridge,1-way,Sealed,0.0,0.0,0,0.0,20.0,0.0,On,0.0,0.0,,47,Wellington City,Nil,0.0,0.0,0.0,0.0,0.0,0.0,Urban,0.0,0.0,0.0,Fine,Null,0
66425932,,573524,0.0,0.0,0.0,2.0,0.0,East,2019/2020,SUNHAVEN DR,SOMES CRESCENT,,Minor Crash,No,2019,0.0,West,0.0,0,0.0,Hill Road,0.0,,0.0,,0.0,Dark,2086408,1,0.0,0.0,2.0,0.0,0.0,0.0,0.0,1.0,,0.0,0.0,Wellington Region,Nil,2-way,Sealed,0.0,0.0,0,0.0,50.0,0.0,On,0.0,0.0,,47,Wellington City,Unknown,0.0,0.0,0.0,0.0,0.0,0.0,Urban,0.0,0.0,0.0,Fine,Null,0
66425941,,573000,1.0,,0.0,1.0,,South,2019/2020,LAMBTON QUAY,FARMERS LANE,,Minor Crash,No,2019,,North,,0,,Flat,,,,,,Overcast,2124000,1,0.0,0.0,4.0,,,0.0,,,,,,Wellington Region,Nil,2-way,Sealed,,0.0,0,,30.0,,Off,0.0,1.0,,47,Wellington City,Unknown,,,,,0.0,0.0,Urban,0.0,,,Fine,Null,0
66425949,,573522,0.0,,0.0,1.0,,Null,2018/2019,OFF ROAD DRIVEWAY,,,Minor Crash,No,2019,,North,,0,,Hill Road,,,,,,Dark,2086103,1,0.0,0.0,,,,0.0,,,1.0,,,Wellington Region,Nil,Off road,Sealed,,0.0,0,,20.0,,Off,0.0,0.0,,47,Wellington City,Nil,,,,,0.0,0.0,Urban,0.0,,,Light rain,Null,0
66425968,,575800,0.0,0.0,0.0,1.0,0.0,North,2019/2020,QUEBEC STREET,CAMROSE GROVE,,Non-Injury Crash,No,2019,0.0,Null,0.0,0,1.0,Null,0.0,,0.0,,0.0,Unknown,2197400,0,0.0,0.0,2.0,0.0,0.0,0.0,0.0,0.0,,0.0,0.0,Wellington Region,Nil,2-way,Sealed,0.0,0.0,0,0.0,50.0,0.0,Null,0.0,0.0,,47,Wellington City,Nil,0.0,0.0,0.0,0.0,0.0,0.0,Urban,0.0,0.0,0.0,Null,Null,0
66425993,,574303,0.0,0.0,0.0,1.0,0.0,South,2018/2019,01N-1060-D,NEWLANDS OFF RAMP,,Non-Injury Crash,Yes,2019,0.0,North,0.0,0,0.0,Hill Road,1.0,,0.0,,0.0,Dark,2088705,0,0.0,0.0,6.0,0.0,0.0,0.0,0.0,0.0,,0.0,0.0,Wellington Region,Nil,2-way,Sealed,0.0,0.0,0,0.0,80.0,0.0,On,0.0,0.0,,47,Wellington City,Unknown,0.0,0.0,0.0,0.0,0.0,0.0,Open,0.0,0.0,0.0,Fine,Null,0
66426032,,573000,0.0,,1.0,1.0,,Null,2018/2019,LAMBTON QUAY,BOWEN STREET,,Non-Injury Crash,No,2019,,Null,,0,,Flat,,,,,,Bright sun,2123700,0,0.0,0.0,5.0,,,0.0,,,,,,Wellington Region,Nil,2-way,Sealed,,0.0,0,,50.0,,Off,0.0,0.0,,47,Wellington City,Traffic Signals,,,,,0.0,0.0,Urban,0.0,,,Fine,Null,0
66426041,,573101,0.0,,0.0,2.0,,Null,2019/2020,TARANAKI STREET,VIVIAN STREET,,Non-Injury Crash,No,2019,,North,,0,,Null,,,,,,Unknown,2134200,0,0.0,0.0,2.0,,,0.0,,,,,,Wellington Region,Nil,2-way,Sealed,,0.0,0,,50.0,,Null,0.0,0.0,,47,Wellington City,Traffic Signals,,,,,0.0,0.0,Urban,0.0,,,Null,Null,0
66426044,,573300,0.0,0.0,0.0,2.0,0.0,South,2018/2019,HOPPER ST,ARLINGTON ST,,Non-Injury Crash,No,2019,0.0,Null,0.0,0,0.0,Null,0.0,,0.0,,0.0,Bright sun,2144600,0,0.0,0.0,0.0,0.0,0.0,0.0,0.0,1.0,,0.0,0.0,Wellington Region,Nil,Null,Sealed,0.0,0.0,0,0.0,,0.0,Null,0.0,0.0,,47,Wellington City,Unknown,0.0,0.0,0.0,0.0,0.0,0.0,Urban,0.0,0.0,0.0,Null,Null,0
66426063,,575300,0.0,0.0,0.0,1.0,0.0,West,2019/2020,UPLAND RD,ST MICHAELS CRESCENT,,Minor Crash,No,2019,0.0,West,0.0,0,0.0,Flat,0.0,,0.0,,0.0,Overcast,2154100,1,0.0,0.0,2.0,0.0,0.0,0.0,0.0,2.0,,0.0,0.0,Wellington Region,Nil,2-way,Sealed,0.0,0.0,0,0.0,30.0,0.0,Off,2.0,0.0,,47,Wellington City,Unknown,0.0,0.0,0.0,0.0,0.0,0.0,Urban,0.0,0.0,0.0,Fine,Null,0
66426161,,577000,1.0,,0.0,1.0,,East,2019/2020,MOA POINT ROAD,COCHRANE STREET,,Minor Crash,No,2020,,South,,0,,Flat,,,,,,Overcast,2175600,1,0.0,0.0,2.0,,,0.0,,,,,,Wellington Region,Nil,2-way,Sealed,,0.0,0,,50.0,,Off,0.0,0.0,,47,Wellington City,Nil,,,,,0.0,0.0,Urban,0.0,,,Fine,Strong wind,1
66426201,,577700,0.0,,0.0,1.0,,South,2018/2019,SOUTH KARORI ROAD,HAZLEWOOD AVENUE,,Non-Injury Crash,No,2019,,East,,0,,Flat,,,,,,Twilight,2116400,0,0.0,0.0,2.0,,,0.0,,,,,,Wellington Region,Nil,2-way,Sealed,,0.0,0,,50.0,,None,0.0,0.0,,47,Wellington City,Nil,,,,,0.0,0.0,Urban,1.0,,,Fine,Null,0
66426232,,573514,0.0,,0.0,2.0,,North,2018/2019,01N-1060-D,JOHNSONVILLE ON RAMP,,Non-Injury Crash,Yes,2019,,North,,0,,Flat,,,,,,Dark,2081100,0,0.0,0.0,4.0,,,0.0,,,,,,Wellington Region,Nil,2-way,Sealed,,0.0,0,,100.0,,On,0.0,0.0,,47,Wellington City,Unknown,,,,,0.0,0.0,Open,0.0,,,Fine,Null,0
66426237,,573101,0.0,,0.0,2.0,,Null,2018/2019,TARANAKI STREET,LUKES LANE,,Non-Injury Crash,No,2018,,North,,0,,Null,,,,,,Bright sun,2133200,0,0.0,0.0,5.0,,,0.0,,,,,,Wellington Region,Nil,2-way,Sealed,,0.0,0,,30.0,,Off,0.0,0.0,,47,Wellington City,Traffic Signals,,,,,0.0,0.0,Urban,0.0,,,Null,Null,0
66426247,,572600,0.0,0.0,0.0,2.0,0.0,East,2018/2019,LINCOLN AVE,WILFRED STREET,,Non-Injury Crash,No,2018,0.0,West,0.0,0,0.0,Hill Road,0.0,,0.0,,0.0,Dark,1990200,0,0.0,0.0,2.0,0.0,0.0,0.0,0.0,1.0,,0.0,0.0,Wellington Region,Nil,2-way,Sealed,0.0,0.0,0,0.0,50.0,0.0,On,0.0,0.0,,47,Wellington City,Unknown,0.0,0.0,0.0,0.0,0.0,0.0,Urban,0.0,0.0,0.0,Fine,Null,0
66426272,,573200,0.0,0.0,0.0,2.0,0.0,South,2019/2020,ARO STREET,ADAMS TERRACE,,Non-Injury Crash,No,2019,0.0,West,0.0,0,0.0,Hill Road,0.0,,0.0,,0.0,Overcast,2158100,0,0.0,0.0,2.0,0.0,0.0,0.0,0.0,1.0,,0.0,0.0,Wellington Region,Nil,2-way,Sealed,0.0,0.0,0,0.0,50.0,0.0,Off,0.0,0.0,,47,Wellington City,Unknown,0.0,0.0,0.0,0.0,0.0,0.0,Urban,0.0,0.0,0.0,Fine,Null,0
66426283,,573101,0.0,0.0,0.0,0.0,0.0,Null,2019/2020,FURNESS LANE,GHUZNEE STREET,,Non-Injury Crash,No,2020,0.0,South,0.0,0,0.0,Flat,0.0,,1.0,,0.0,Bright sun,2133700,0,0.0,0.0,2.0,0.0,0.0,0.0,0.0,0.0,,0.0,0.0,Wellington Region,Nil,2-way,Sealed,0.0,0.0,0,0.0,50.0,0.0,Off,0.0,0.0,,47,Wellington City,Nil,0.0,0.0,0.0,0.0,1.0,0.0,Urban,0.0,0.0,0.0,Fine,Null,1
66426380,,575300,1.0,,0.0,1.0,,South,2019/2020,KELBURN PARADE,GLASGOW ST,,Non-Injury Crash,No,2019,,North,,0,,Hill Road,,,,,,Bright sun,2155300,0,0.0,0.0,2.0,,,0.0,,,,,,Wellington Region,Nil,2-way,Sealed,,0.0,0,,50.0,,None,0.0,0.0,30.0,47,Wellington City,Nil,,,,,0.0,0.0,Urban,0.0,,,Fine,Null,0
66426430,,574500,0.0,,0.0,2.0,,North,2018/2019,01N-1068-D,AOTEA QUAY ON RAMP,,Non-Injury Crash,Yes,2019,,North,,0,,Flat,,,,,,Bright sun,2093500,0,0.0,0.0,8.0,,,0.0,,,,,,Wellington Region,Overpass,2-way,Sealed,,0.0,0,,100.0,,Off,0.0,0.0,,47,Wellington City,Unknown,,,,,0.0,0.0,Open,0.0,,,Fine,Null,0
66426434,,575600,0.0,0.0,1.0,1.0,0.0,North,2018/2019,KAREPA ST,ASHTON FITCHETT DRIVE,,Non-Injury Crash,No,2018,0.0,South,0.0,0,0.0,Null,0.0,,0.0,,0.0,Unknown,2160900,0,0.0,0.0,2.0,0.0,0.0,0.0,0.0,1.0,,0.0,0.0,Wellington Region,Nil,2-way,Null,0.0,0.0,0,0.0,50.0,0.0,Null,0.0,0.0,,47,Wellington City,Unknown,0.0,0.0,0.0,0.0,0.0,0.0,Urban,0.0,0.0,0.0,Null,Null,0
66426439,,573300,0.0,,0.0,0.0,,Null,2019/2020,RUGBY STREET,ADELAIDE ROAD,,Minor Crash,Yes,2019,,North,,0,,Flat,,,,,,Bright sun,2145602,1,1.0,0.0,3.0,,,0.0,,,,,,Wellington Region,Nil,1-way,Sealed,,0.0,0,,50.0,,Off,0.0,0.0,,47,Wellington City,Traffic Signals,,,,,0.0,0.0,Urban,0.0,,,Fine,Null,0
66426489,,573101,0.0,0.0,0.0,1.0,0.0,Null,2018/2019,VICTORIA STREET,KARO DRIVE,,Non-Injury Crash,No,2019,0.0,South,0.0,0,0.0,Flat,0.0,,0.0,,0.0,Overcast,2132400,0,0.0,0.0,3.0,0.0,0.0,0.0,0.0,0.0,,0.0,1.0,Wellington Region,Nil,1-way,Sealed,0.0,0.0,0,0.0,50.0,0.0,Off,0.0,0.0,,47,Wellington City,Traffic Signals,0.0,0.0,0.0,0.0,0.0,0.0,Urban,0.0,0.0,0.0,Fine,Null,0
66426503,,575600,0.0,0.0,0.0,1.0,0.0,Null,2019/2020,CLEVELAND STREET,HARRISON STREET,,Non-Injury Crash,No,2019,0.0,East,0.0,0,0.0,Hill Road,0.0,,1.0,,0.0,Bright sun,2162300,0,0.0,0.0,2.0,0.0,0.0,0.0,0.0,0.0,,0.0,0.0,Wellington Region,Nil,2-way,Sealed,0.0,0.0,0,0.0,30.0,0.0,Off,0.0,0.0,,47,Wellington City,Give way,0.0,0.0,0.0,0.0,0.0,0.0,Urban,0.0,0.0,0.0,Fine,Null,0
66426569,,576400,0.0,,0.0,2.0,,Null,2018/2019,CONSTABLE STREET,HIROPI STREET,,Non-Injury Crash,No,2019,,West,,0,,Hill Road,,,,,,Overcast,2168000,0,0.0,0.0,2.0,,,0.0,,,,,,Wellington Region,Nil,2-way,Sealed,,0.0,0,,50.0,,Off,0.0,0.0,,47,Wellington City,Give way,,,,,0.0,0.0,Urban,0.0,,,Fine,Null,0
66426574,,573000,0.0,,0.0,3.0,,South,2019/2020,WELLINGTON URBAN MOTORWAY,BOULCOTT OBR,,Non-Injury Crash,Yes,2019,,South,,0,,Flat,,,,,,Bright sun,2126700,0,0.0,0.0,1.0,,,0.0,,,,,,Wellington Region,Nil,1-way,Sealed,,0.0,0,,60.0,,Off,0.0,0.0,,47,Wellington City,Nil,,,,,0.0,0.0,Urban,0.0,,,Fine,Null,0
66426590,,576901,0.0,,0.0,2.0,,Null,2018/2019,YULE STREET,COUTTS STREET,,Non-Injury Crash,No,2019,,South,,0,,Flat,,,,,,Overcast,2177300,0,0.0,0.0,2.0,,,0.0,,,,,,Wellington Region,Nil,2-way,Sealed,,0.0,0,,50.0,,Off,0.0,0.0,,47,Wellington City,Give way,,,,,0.0,0.0,Urban,0.0,,,Light rain,Null,0
66426615,,574002,0.0,,0.0,1.0,,North,2019/2020,002-0962/12.86-D,NGAURANGA ON NBD OBR,,Non-Injury Crash,Yes,2019,,East,,0,,Null,,,,,,Unknown,2078302,0,0.0,0.0,2.0,,,0.0,,,,,,Wellington Region,Nil,1-way,Sealed,,0.0,0,,100.0,,Null,0.0,0.0,,47,Wellington City,Unknown,,,,,0.0,0.0,Open,1.0,,,Null,Null,0
66426620,,572900,0.0,,0.0,2.0,,Null,2018/2019,WELLINGTON URBAN MOTORWAY,HAWKESTONE STREET ON RAMP,,Non-Injury Crash,Yes,2019,,South,,0,,Flat,,,,,,Twilight,2120000,0,0.0,0.0,3.0,,,0.0,,,,,,Wellington Region,Nil,1-way,Sealed,,0.0,0,,60.0,,On,0.0,0.0,,47,Wellington City,Nil,,,,,0.0,0.0,Urban,0.0,,,Fine,Null,0
66426649,,573700,0.0,,0.0,0.0,,Null,2019/2020,JOHNSONVILLE ROAD,MOOREFIELD ROAD,,Minor Crash,No,2019,,North,,0,,Flat,,,,,,Dark,2082800,1,0.0,1.0,2.0,,,0.0,,,,,,Wellington Region,Nil,1-way,Sealed,,0.0,0,,50.0,,On,0.0,0.0,,47,Wellington City,Give way,,,,,0.0,0.0,Urban,1.0,,,Fine,Null,0
66426656,,572900,0.0,0.0,0.0,2.0,0.0,North,2019/2020,WELLINGTON URBAN MOTORWAY,AOTEA QUAY OFF RAMP,,Non-Injury Crash,Yes,2019,0.0,South,0.0,0,0.0,Flat,1.0,,0.0,,0.0,Overcast,2118400,0,0.0,0.0,7.0,0.0,0.0,0.0,0.0,0.0,,0.0,0.0,Wellington Region,Nil,2-way,Sealed,0.0,0.0,0,0.0,100.0,0.0,Off,0.0,0.0,,47,Wellington City,Nil,0.0,0.0,0.0,0.0,0.0,0.0,Open,0.0,0.0,0.0,Heavy rain,Strong wind,0
66426661,,574900,0.0,,0.0,2.0,,Null,2018/2019,KARORI ROAD,PARKVALE ROAD,,Non-Injury Crash,No,2019,,East,,0,,Null,,,,,,Unknown,2109000,0,0.0,0.0,2.0,,,0.0,,,,,,Wellington Region,Nil,2-way,Sealed,,0.0,0,,50.0,,Null,0.0,0.0,,47,Wellington City,Traffic Signals,,,,,0.0,0.0,Urban,0.0,,,Null,Null,0
66426667,,574001,0.0,,0.0,2.0,,North,2018/2019,NEWLANDS ON RAMP,CENTENNIAL HIGHWAY,,Non-Injury Crash,No,2019,,Null,,0,,Null,,,,,,Bright sun,2077600,0,0.0,0.0,1.0,,,0.0,,,,,,Wellington Region,Nil,1-way,Sealed,,0.0,0,,50.0,,Off,0.0,0.0,,47,Wellington City,Unknown,,,,,0.0,0.0,Urban,0.0,,,Null,Null,0