OBJECTID,advisorySpeed,areaUnitID,bicycle,bridge,bus,carStationWagon,cliffBank,crashDirectionDescription,crashFinancialYear,crashLocation1,crashLocation2,crashRoadSideRoad,crashSeverity,crashSHDescription,crashYear,debris,directionRoleDescription,ditch,fatalCount,fence,flatHill,guardRail,holiday,houseOrBuilding,intersection,kerb,light,meshblockId,minorInjuryCount,moped,motorcycle,NumberOfLanes,objectThrownOrDropped,otherObject,otherVehicleType,overBank,parkedVehicle,pedestrian,phoneBoxEtc,postOrPole,region,roadCharacter,roadLane,roadSurface,roadworks,schoolBus,seriousInjuryCount,slipOrFlood,speedLimit,strayAnimal,streetLight,suv,taxi,temporarySpeedLimit,tlaId,tlaName,trafficControl,trafficIsland,trafficSign,train,tree,truck,unknownVehicleType,urban,vanOrUtility,vehicle,waterRiver,weatherA,weatherB,if_pandemic
66426749,,573101,0.0,,0.0,1.0,,Null,2018/2019,TARANAKI STREET,WEBB STREET,,Non-Injury Crash,No,2018,,North,,0,,Flat,,,,,,Dark,2135100,0,0.0,0.0,5.0,,,0.0,,,,,,Wellington Region,Nil,2-way,Sealed,,0.0,0,,50.0,,On,0.0,0.0,,47,Wellington City,Traffic Signals,,,,,0.0,0.0,Urban,1.0,,,Fine,Null,0
66426765,,573101,0.0,,0.0,1.0,,South,2018/2019,01N-1075/00.13-D,Victoria Street,,Serious Crash,Yes,2019,,North,,0,,Flat,,,,,,Dark,2132400,0,0.0,0.0,3.0,,,0.0,,,1.0,,,Wellington Region,Nil,1-way,Sealed,,0.0,1,,50.0,,On,0.0,0.0,,47,Wellington City,Unknown,,,,,0.0,0.0,Urban,0.0,,,Fine,Null,0
66426780,,573000,0.0,,0.0,2.0,,South,2018/2019,01N-1068/05.72,NORTH PORTAL SBD,,Non-Injury Crash,Yes,2019,,South,,0,,Flat,,,,,,Overcast,2129200,0,0.0,0.0,3.0,,,0.0,,,,,,Wellington Region,Tunnel,2-way,Sealed,,0.0,0,,80.0,,Off,0.0,0.0,60.0,47,Wellington City,Unknown,,,,,0.0,0.0,Open,0.0,,,Fine,Null,0
66426818,,573000,0.0,,0.0,1.0,,Null,2019/2020,WELLINGTON URBAN MOTORWAY,SOUTH PORTAL,,Non-Injury Crash,Yes,2019,,Null,,0,,Flat,,,,,,Dark,2130600,0,0.0,0.0,3.0,,,0.0,,,,,,Wellington Region,Tunnel,2-way,Sealed,,0.0,0,,80.0,,On,0.0,0.0,,47,Wellington City,Unknown,,,,,0.0,0.0,Open,0.0,,,Fine,Null,0
66426978,,573511,0.0,,0.0,0.0,,Null,2018/2019,MIDDLETON ROAD,WESTCHESTER DRIVE,,Minor Crash,No,2019,,West,,0,,Flat,,,,,,Bright sun,2086203,1,0.0,1.0,2.0,,,0.0,,,,,,Wellington Region,Nil,2-way,Sealed,,0.0,0,,50.0,,Off,0.0,0.0,,47,Wellington City,Give way,,,,,0.0,0.0,Urban,1.0,,,Fine,Null,0
66426987,,572900,0.0,0.0,0.0,2.0,0.0,South,2020/2021,TINAKORI ROAD,COTTLEVILLE TERRACE,,Minor Crash,No,2020,0.0,South,0.0,0,0.0,Flat,0.0,,0.0,,0.0,Dark,2117800,1,0.0,0.0,2.0,0.0,0.0,0.0,0.0,1.0,,0.0,0.0,Wellington Region,Nil,2-way,Sealed,0.0,0.0,0,0.0,50.0,0.0,On,0.0,0.0,,47,Wellington City,Nil,0.0,0.0,0.0,0.0,0.0,2.0,Urban,0.0,0.0,0.0,Fine,Null,1
66426998,,576301,0.0,,0.0,1.0,,South,2018/2019,RIDDIFORD STREET,RINTOUL STREET,,Non-Injury Crash,No,2018,,North,,0,,Flat,,,,,,Overcast,2165200,0,0.0,0.0,3.0,,,0.0,,,,,,Wellington Region,Nil,2-way,Sealed,,0.0,0,,50.0,,Off,1.0,1.0,,47,Wellington City,Nil,,,,,0.0,0.0,Urban,0.0,,,Fine,Null,0
66427011,,573101,0.0,,0.0,1.0,,Null,2019/2020,VIVIAN STREET,KENT TERRACE,,Non-Injury Crash,Yes,2019,,West,,0,,Null,,,,,,Unknown,2136500,0,0.0,0.0,2.0,,,0.0,,,,,,Wellington Region,Nil,2-way,Null,,0.0,0,,50.0,,Null,0.0,0.0,,47,Wellington City,Traffic Signals,,,,,0.0,0.0,Urban,0.0,,,Null,Null,0
66427046,,573300,0.0,,0.0,1.0,,Null,2018/2019,JOHN STREET,HANSON ST,,Minor Crash,No,2019,,West,,0,,Hill Road,,,,,,Dark,2146300,1,1.0,0.0,2.0,,,0.0,,,,,,Wellington Region,Nil,2-way,Sealed,,0.0,0,,50.0,,On,0.0,0.0,,47,Wellington City,Traffic Signals,,,,,0.0,0.0,Urban,0.0,,,Light rain,Null,0
66427066,,576800,0.0,0.0,0.0,1.0,0.0,Null,2019/2020,ALEXANDRA ROAD,SOUTHERN WALKWAY,,Minor Crash,No,2020,0.0,South,0.0,0,0.0,Hill Road,0.0,,0.0,,0.0,Dark,2181700,1,0.0,0.0,2.0,0.0,0.0,0.0,1.0,0.0,,0.0,0.0,Wellington Region,Nil,2-way,Sealed,0.0,0.0,0,0.0,50.0,0.0,None,0.0,0.0,,47,Wellington City,Nil,0.0,0.0,0.0,1.0,0.0,0.0,Urban,0.0,0.0,0.0,Fine,Null,1
66427068,,572600,0.0,,0.0,2.0,,Null,2018/2019,OXFORD STREET,MAIN ROAD,,Non-Injury Crash,No,2019,,West,,0,,Null,,,,,,Bright sun,1992200,0,0.0,0.0,2.0,,,0.0,,,,,,Wellington Region,Speed hump,2-way,Sealed,,0.0,0,,50.0,,Null,0.0,0.0,,47,Wellington City,Give way,,,,,0.0,0.0,Urban,0.0,,,Null,Null,0
66427105,,573000,0.0,0.0,0.0,2.0,0.0,South,2019/2020,THE TERRACE,BOULCOTT STREET,,Non-Injury Crash,No,2019,0.0,South,0.0,0,0.0,Hill Road,0.0,,0.0,,0.0,Overcast,2127600,0,0.0,0.0,2.0,0.0,0.0,0.0,0.0,1.0,,0.0,0.0,Wellington Region,Nil,2-way,Sealed,0.0,0.0,0,0.0,50.0,0.0,Off,0.0,0.0,,47,Wellington City,Unknown,0.0,0.0,0.0,0.0,0.0,0.0,Urban,1.0,0.0,0.0,Fine,Strong wind,0
66427116,,577700,0.0,,0.0,0.0,,East,2019/2020,TAKARAU GORGE ROAD,MAKARA ROAD,,Non-Injury Crash,No,2019,,West,,0,,Flat,,,,,,Bright sun,2116500,0,0.0,0.0,2.0,,,0.0,,,,,,Wellington Region,Nil,2-way,Sealed,,0.0,0,,60.0,,None,2.0,0.0,,47,Wellington City,Unknown,,,,,0.0,0.0,Urban,0.0,,,Fine,Null,0
66427137,,573522,0.0,,0.0,1.0,,North,2018/2019,01N-1060-I,TAWA GRENADA NORTH ON RAMP,,Minor Crash,Yes,2019,,South,,0,,Flat,,,,,,Overcast,2053703,1,0.0,1.0,2.0,,,0.0,,,,,,Wellington Region,Motorway ramp,1-way,Sealed,,0.0,0,,100.0,,Off,0.0,0.0,,47,Wellington City,Unknown,,,,,0.0,0.0,Open,0.0,,,Fine,Null,0
66427234,,577302,0.0,0.0,0.0,3.0,0.0,North,2019/2020,TAUHINU RD,REX STREET,,Non-Injury Crash,No,2019,0.0,North,0.0,0,0.0,Flat,0.0,,0.0,,0.0,Dark,2205500,0,0.0,0.0,2.0,0.0,0.0,0.0,0.0,2.0,,0.0,0.0,Wellington Region,Nil,2-way,Sealed,0.0,0.0,0,0.0,50.0,0.0,On,0.0,0.0,,47,Wellington City,Unknown,0.0,0.0,0.0,0.0,0.0,0.0,Urban,0.0,0.0,0.0,Fine,Null,0
66427247,,574100,0.0,,0.0,2.0,,Null,2018/2019,HAUMIA STREET,MOOREFIELD ROAD,,Non-Injury Crash,No,2019,,North,,0,,Flat,,,,,,Overcast,2085303,0,0.0,0.0,2.0,,,0.0,,,,,,Wellington Region,Nil,2-way,Sealed,,0.0,0,,50.0,,Off,0.0,0.0,,47,Wellington City,Give way,,,,,0.0,0.0,Urban,0.0,,,Mist or Fog,Null,0
66427256,,576901,0.0,,0.0,1.0,,Null,2019/2020,MAHORA STREET,RONGOTAI ROAD,,Non-Injury Crash,No,2020,,East,,0,,Flat,,,,,,Bright sun,2176900,0,0.0,0.0,2.0,,,0.0,,,,,,Wellington Region,Nil,2-way,Sealed,,0.0,0,,50.0,,Off,0.0,0.0,,47,Wellington City,Give way,,,,,0.0,0.0,Urban,0.0,,,Fine,Null,1
66427297,,573903,0.0,,0.0,2.0,,Null,2019/2020,STEWART DRIVE,PADNELL CRESCENT,,Non-Injury Crash,No,2019,,West,,0,,Hill Road,,,,,,Bright sun,2074302,0,0.0,0.0,2.0,,,0.0,,,,,,Wellington Region,Nil,2-way,Sealed,,0.0,0,,50.0,,Off,0.0,0.0,,47,Wellington City,Give way,,,,,0.0,0.0,Urban,0.0,,,Fine,Null,0
66427321,,573000,0.0,,0.0,0.0,,South,2018/2019,WILLIS STREET,LAMBTON QUAY,,Non-Injury Crash,No,2019,,South,,0,,Null,,,,,,Unknown,2127300,0,0.0,0.0,0.0,,,0.0,,,,,,Wellington Region,Nil,1-way,Sealed,,0.0,0,,,,Off,0.0,0.0,,47,Wellington City,Unknown,,,,,0.0,2.0,Urban,0.0,,,Fine,Null,0
66427354,,575600,0.0,,0.0,2.0,,North,2018/2019,TANERA CRESCENT,OHIRO ROAD,,Non-Injury Crash,No,2019,,North,,0,,Hill Road,,,,,,Bright sun,2161300,0,0.0,0.0,2.0,,,0.0,,,,,,Wellington Region,Nil,2-way,Sealed,,0.0,0,,50.0,,Off,0.0,1.0,,47,Wellington City,Nil,,,,,0.0,0.0,Urban,0.0,,,Fine,Null,0
66427368,,574703,0.0,,0.0,1.0,,South,2019/2020,WILTON ROAD,WORCESTER STREET,,Minor Crash,No,2020,,South,,0,,Flat,,,,,,Bright sun,2102800,1,0.0,0.0,2.0,,,0.0,,,1.0,,,Wellington Region,Nil,2-way,Sealed,,0.0,0,,50.0,,Off,0.0,0.0,,47,Wellington City,Nil,,,,,0.0,0.0,Urban,0.0,,,Fine,Null,1
66427369,,577200,0.0,,0.0,3.0,,South,2018/2019,01N-1076/03.72,WEXFORD ROAD,,Non-Injury Crash,Yes,2018,,North,,0,,Hill Road,,,,,,Bright sun,2206300,0,0.0,0.0,4.0,,,0.0,,,,,,Wellington Region,Nil,2-way,Sealed,,0.0,0,,70.0,,Off,0.0,0.0,,47,Wellington City,Unknown,,,,,0.0,0.0,Urban,0.0,,,Fine,Null,0
66427386,,576903,0.0,,0.0,2.0,,Null,2016/2017,MOXHAM AVENUE,GOA STREET,,Non-Injury Crash,No,2016,,South,,0,,Hill Road,,,,,,Dark,2181100,0,0.0,0.0,2.0,,,0.0,,,,,,Wellington Region,Nil,2-way,Sealed,,0.0,0,,50.0,,On,0.0,0.0,,47,Wellington City,Stop,,,,,0.0,0.0,Urban,0.0,,,Light rain,Null,0
66427414,,574304,0.0,0.0,0.0,1.0,0.0,East,2018/2019,DELHI CRES,CASHMERE AVENUE,,Non-Injury Crash,No,2019,0.0,East,0.0,0,0.0,Null,0.0,,0.0,,0.0,Bright sun,2089100,0,0.0,0.0,2.0,0.0,0.0,0.0,0.0,1.0,,0.0,0.0,Wellington Region,Nil,2-way,Sealed,0.0,0.0,0,0.0,50.0,0.0,Off,1.0,0.0,,47,Wellington City,Unknown,0.0,0.0,0.0,0.0,0.0,0.0,Urban,0.0,0.0,0.0,Null,Null,0
66427467,,576400,0.0,,0.0,2.0,,West,2019/2020,CONSTABLE STREET,DANIELL STREET,,Non-Injury Crash,No,2020,,East,,0,,Flat,,,,,,Twilight,2167300,0,0.0,0.0,2.0,,,0.0,,,,,,Wellington Region,Nil,2-way,Sealed,,0.0,0,,50.0,,On,0.0,0.0,,47,Wellington City,Nil,,,,,0.0,0.0,Urban,1.0,,,Fine,Null,1
66427482,,573101,0.0,,0.0,1.0,,Null,2018/2019,COURTENAY PLACE,TARANAKI STREET,,Minor Crash,No,2019,,South,,0,,Flat,,,,,,Dark,2133408,1,0.0,0.0,6.0,,,0.0,,,1.0,,,Wellington Region,Nil,2-way,Sealed,,0.0,0,,50.0,,On,0.0,0.0,,47,Wellington City,Traffic Signals,,,,,0.0,0.0,Urban,0.0,,,Fine,Null,0
66427502,,573300,0.0,,0.0,1.0,,Null,2019/2020,RUGBY STREET,ADELAIDE ROAD,,Non-Injury Crash,Yes,2019,,West,,0,,Flat,,,,,,Bright sun,2145602,0,0.0,0.0,3.0,,,0.0,,,,,,Wellington Region,Nil,1-way,Sealed,,0.0,0,,50.0,,Off,0.0,0.0,,47,Wellington City,Traffic Signals,,,,,0.0,0.0,Urban,1.0,,,Fine,Null,0
66427509,,573700,0.0,,0.0,1.0,,South,2019/2020,IRONSIDE RD,ERRIS STREET,,Non-Injury Crash,No,2019,,North,,0,,Hill Road,,,,,,Dark,2081401,0,0.0,0.0,2.0,,,0.0,,,,,,Wellington Region,Nil,2-way,Sealed,,0.0,0,,50.0,,On,1.0,0.0,,47,Wellington City,Unknown,,,,,0.0,0.0,Urban,0.0,,,Light rain,Null,0
66427517,,572900,0.0,,0.0,1.0,,West,2018/2019,WADESTOWN RD,ORCHARD ROAD,,Non-Injury Crash,No,2019,,North,,0,,Hill Road,,,,,,Overcast,2099700,0,0.0,0.0,2.0,,,0.0,,,,,,Wellington Region,Nil,2-way,Sealed,,0.0,0,,50.0,,Off,0.0,0.0,,47,Wellington City,Unknown,,,,,0.0,0.0,Urban,1.0,,,Light rain,Null,0
66427524,,573700,0.0,0.0,0.0,1.0,0.0,South,2018/2019,MOOREFIELD ROAD,BASSETT ROAD,,Non-Injury Crash,No,2019,0.0,North,0.0,0,0.0,Hill Road,0.0,,0.0,,0.0,Dark,2082300,0,0.0,0.0,4.0,0.0,0.0,0.0,0.0,0.0,,0.0,0.0,Wellington Region,Nil,1-way,Sealed,0.0,0.0,0,0.0,50.0,0.0,On,0.0,0.0,,47,Wellington City,Nil,0.0,1.0,0.0,0.0,0.0,0.0,Urban,0.0,0.0,0.0,Fine,Null,0
66427545,,573511,0.0,0.0,0.0,1.0,1.0,North,2018/2019,MIDDLETON RD,RICHMOND HILL,,Non-Injury Crash,No,2019,0.0,North,0.0,0,0.0,Flat,0.0,,0.0,,0.0,Dark,2086201,0,0.0,0.0,2.0,0.0,0.0,0.0,0.0,0.0,,0.0,0.0,Wellington Region,Nil,2-way,Sealed,0.0,0.0,0,0.0,50.0,0.0,None,0.0,0.0,,47,Wellington City,Unknown,0.0,0.0,0.0,0.0,0.0,0.0,Urban,0.0,0.0,0.0,Fine,Null,0
66427620,,574402,0.0,0.0,1.0,2.0,0.0,South,2018/2019,COLWAY ST,OTTAWA ROAD,,Non-Injury Crash,No,2018,0.0,South,0.0,0,0.0,Null,0.0,,0.0,,0.0,Dark,2095800,0,0.0,0.0,2.0,0.0,0.0,0.0,0.0,1.0,,0.0,0.0,Wellington Region,Nil,2-way,Sealed,0.0,0.0,0,0.0,50.0,0.0,On,0.0,0.0,,47,Wellington City,Unknown,0.0,0.0,0.0,0.0,0.0,0.0,Urban,0.0,0.0,0.0,Fine,Null,0
66427692,,575100,0.0,,0.0,2.0,,Null,2018/2019,PARKLANDS DRIVE,LANDSDOWNE TERRACE,,Non-Injury Crash,No,2019,,South,,0,,Hill Road,,,,,,Bright sun,2116304,0,0.0,0.0,2.0,,,0.0,,,,,,Wellington Region,Nil,2-way,Sealed,,0.0,0,,50.0,,Off,0.0,0.0,,47,Wellington City,Give way,,,,,0.0,0.0,Urban,0.0,,,Fine,Null,0
66427755,,573400,0.0,0.0,0.0,1.0,0.0,East,2019/2020,STAFFORD ST,PORT STREET,,Non-Injury Crash,No,2019,0.0,South,0.0,0,1.0,Hill Road,0.0,,1.0,,1.0,Dark,2139603,0,0.0,0.0,2.0,0.0,0.0,0.0,0.0,0.0,,0.0,0.0,Wellington Region,Nil,2-way,Sealed,0.0,0.0,0,0.0,50.0,0.0,None,0.0,1.0,,47,Wellington City,Nil,0.0,0.0,0.0,0.0,0.0,0.0,Urban,0.0,0.0,0.0,Light rain,Null,0
66427766,,573000,0.0,,0.0,2.0,,Null,2018/2019,BALLANCE STREET,STOUT STREET,,Non-Injury Crash,No,2019,,North,,0,,Flat,,,,,,Twilight,2125200,0,0.0,0.0,2.0,,,0.0,,,,,,Wellington Region,Nil,2-way,Sealed,,0.0,0,,50.0,,On,0.0,0.0,,47,Wellington City,Give way,,,,,0.0,0.0,Urban,0.0,,,Fine,Null,0
66427783,,573525,0.0,,0.0,3.0,,North,2019/2020,JOHNSONVILLE PORIRUA MOTORWAY,TAWA-GRENADA NORTH OFF RAMP,,Non-Injury Crash,Yes,2019,,South,,0,,Flat,,,,,,Twilight,2053830,0,0.0,0.0,4.0,,,0.0,,,,,,Wellington Region,Nil,2-way,Sealed,,0.0,0,,100.0,,None,0.0,0.0,,47,Wellington City,Unknown,,,,,0.0,0.0,Open,1.0,,,Light rain,Strong wind,0
66427794,,573300,0.0,,0.0,1.0,,West,2019/2020,RUGBY STREET,BELFAST STREET,,Non-Injury Crash,Yes,2019,,West,,0,,Null,,,,,,Unknown,2145602,0,0.0,0.0,3.0,,,0.0,,,,,,Wellington Region,Nil,1-way,Null,,0.0,0,,50.0,,Null,1.0,0.0,,47,Wellington City,Nil,,,,,0.0,0.0,Urban,0.0,,,Null,Null,0
66427797,,575100,0.0,,0.0,1.0,,East,2018/2019,KARORI ROAD,BURROWS AVENUE,,Minor Crash,No,2019,,West,,0,,Flat,,,,,,Twilight,2115301,1,0.0,1.0,2.0,,,0.0,,,,,,Wellington Region,Nil,2-way,Sealed,,0.0,0,,50.0,,Off,0.0,0.0,,47,Wellington City,Nil,,,,,0.0,0.0,Urban,0.0,,,Fine,Null,0
66427804,,576903,0.0,,1.0,1.0,,Null,2018/2019,KILBIRNIE CRESCENT,WELLINGTON ROAD,,Non-Injury Crash,No,2019,,North,,0,,Null,,,,,,Unknown,2180400,0,0.0,0.0,2.0,,,0.0,,,,,,Wellington Region,Nil,2-way,Null,,0.0,0,,50.0,,Null,0.0,0.0,,47,Wellington City,Traffic Signals,,,,,0.0,0.0,Urban,0.0,,,Null,Null,0
66427829,,573101,0.0,,0.0,1.0,,South,2018/2019,WAKEFIELD ST,TARANAKI ST,,Non-Injury Crash,No,2018,,North,,0,,Flat,,,,,,Overcast,2135600,0,0.0,0.0,3.0,,,0.0,,,1.0,,,Wellington Region,Nil,1-way,Sealed,,0.0,0,,50.0,,Null,0.0,0.0,,47,Wellington City,Unknown,,,,,0.0,0.0,Urban,0.0,,,Null,Null,0
66427840,,573101,0.0,,0.0,2.0,,South,2019/2020,VICTORIA STREET,GHUZNEE STREET,,Non-Injury Crash,No,2019,,South,,0,,Hill Road,,,,,,Bright sun,2131600,0,0.0,0.0,3.0,,,0.0,,,,,,Wellington Region,Nil,2-way,Sealed,,0.0,0,,50.0,,Off,0.0,1.0,,47,Wellington City,Unknown,,,,,0.0,0.0,Urban,0.0,,,Fine,Null,0
66427843,,576002,0.0,0.0,0.0,4.0,0.0,South,2019/2020,CLYDE ST,MERSEY STREET,,Non-Injury Crash,No,2019,0.0,North,0.0,0,0.0,Flat,0.0,,0.0,,0.0,Dark,2191000,0,0.0,0.0,0.0,0.0,0.0,0.0,0.0,2.0,,0.0,0.0,Wellington Region,Nil,2-way,Sealed,0.0,0.0,0,0.0,50.0,0.0,On,0.0,0.0,,47,Wellington City,Unknown,0.0,0.0,0.0,0.0,0.0,0.0,Urban,0.0,0.0,0.0,Fine,Null,0
66427868,,573000,0.0,0.0,0.0,1.0,0.0,South,2019/2020,01N-1068-I,THE TERRACE OFF RAMP,,Minor Crash,Yes,2019,0.0,South,0.0,0,0.0,Flat,1.0,,0.0,,0.0,Dark,2124803,1,0.0,0.0,4.0,0.0,0.0,0.0,0.0,0.0,,0.0,0.0,Wellington Region,Nil,2-way,Sealed,0.0,0.0,0,0.0,70.0,0.0,On,0.0,0.0,,47,Wellington City,Unknown,0.0,0.0,0.0,0.0,0.0,0.0,Urban,0.0,0.0,0.0,Fine,Null,0
66427894,,577500,0.0,,0.0,1.0,,South,2018/2019,SEATOUN TUNNEL,LUDLAM STREET,,Non-Injury Crash,No,2019,,North,,0,,Flat,,,,,,Overcast,2211000,0,0.0,0.0,2.0,,,0.0,,,,,,Wellington Region,Tunnel,2-way,Sealed,,0.0,0,,50.0,,On,0.0,0.0,,47,Wellington City,Unknown,,,,,0.0,0.0,Urban,0.0,,,Light rain,Null,0
66427934,,573522,0.0,0.0,0.0,1.0,0.0,North,2018/2019,01N-1050/06.30-I,TAWA GRENADA NORTH OFF RAMP,,Non-Injury Crash,Yes,2019,0.0,South,0.0,0,0.0,Flat,1.0,,0.0,,0.0,Dark,2053703,0,0.0,0.0,2.0,0.0,0.0,0.0,0.0,0.0,,0.0,0.0,Wellington Region,Overpass,2-way,Sealed,0.0,0.0,0,1.0,100.0,0.0,On,0.0,0.0,,47,Wellington City,Unknown,0.0,0.0,0.0,0.0,0.0,0.0,Open,0.0,0.0,0.0,Heavy rain,Null,0
66427953,,573101,0.0,0.0,0.0,0.0,0.0,South,2018/2019,TARANAKI STREET,YORK STREET,,Non-Injury Crash,No,2018,0.0,Null,0.0,0,0.0,Flat,0.0,,0.0,,0.0,Bright sun,2133408,0,0.0,0.0,2.0,0.0,0.0,0.0,0.0,1.0,,0.0,0.0,Wellington Region,Nil,2-way,Sealed,0.0,0.0,0,0.0,50.0,0.0,Off,0.0,0.0,,47,Wellington City,Nil,0.0,0.0,0.0,0.0,1.0,0.0,Urban,1.0,0.0,0.0,Fine,Null,0
66428019,,573101,0.0,,0.0,1.0,,South,2020/2021,KENT TERRACE,VIVIAN STREET,,Non-Injury Crash,Yes,2020,,South,,0,,Flat,,,,,,Bright sun,2136700,0,0.0,0.0,3.0,,,0.0,,,,,,Wellington Region,Nil,1-way,Sealed,,0.0,0,,50.0,,Off,0.0,0.0,,47,Wellington City,Nil,,,,,0.0,0.0,Urban,1.0,,,Fine,Null,1
66428048,,572900,0.0,,0.0,2.0,,Null,2018/2019,HAWKESTONE STREET OFF RAMP,HAWKESTONE STREET,,Non-Injury Crash,No,2019,,South,,0,,Flat,,,,,,Bright sun,2119500,0,0.0,0.0,2.0,,,0.0,,,,,,Wellington Region,Nil,1-way,Sealed,,0.0,0,,100.0,,Off,0.0,0.0,,47,Wellington City,Give way,,,,,0.0,0.0,Open,0.0,,,Fine,Null,0
66428074,,577102,0.0,,2.0,0.0,,South,2019/2020,OFF ROAD DRIVEWAY SCOTS COLLEGE CREATIVE PERFORMING ARTS CENTRE ,MONORGAN ROAD,,Minor Crash,No,2019,,North,,0,,Hill Road,,,,,,Overcast,2215400,1,0.0,0.0,1.0,,,0.0,,,1.0,,,Wellington Region,Nil,2-way,Sealed,,2.0,0,,10.0,,Off,0.0,0.0,,47,Wellington City,Unknown,,,,,0.0,0.0,Urban,0.0,,,Fine,Null,0
66428076,,576700,0.0,0.0,0.0,1.0,0.0,South,2019/2020,EVANS BAY PARADE,ORIENTAL PARADE,,Serious Crash,No,2020,0.0,South,0.0,0,0.0,Flat,1.0,,0.0,,0.0,Bright sun,2186500,0,0.0,0.0,2.0,0.0,0.0,0.0,0.0,0.0,,0.0,0.0,Wellington Region,Nil,2-way,Sealed,0.0,0.0,1,0.0,50.0,0.0,Off,0.0,0.0,,47,Wellington City,Unknown,0.0,0.0,0.0,0.0,0.0,0.0,Urban,0.0,0.0,0.0,Mist or Fog,Null,1
66428098,,576800,0.0,,0.0,1.0,,West,2018/2019,EVANS BAY PARADE,PATENT SLIP,,Non-Injury Crash,No,2019,,North,,0,,Flat,,,,,,Bright sun,2182503,0,0.0,0.0,2.0,,,0.0,,,,,,Wellington Region,Nil,2-way,Sealed,,0.0,0,,50.0,,Off,0.0,0.0,,47,Wellington City,Nil,,,,,0.0,0.0,Urban,1.0,,,Fine,Null,0
66428103,,572900,0.0,0.0,0.0,1.0,0.0,North,2019/2020,TINAKORI RD,GLENBERVIE TERRACE,,Non-Injury Crash,No,2019,0.0,North,0.0,0,0.0,Null,0.0,,0.0,,0.0,Unknown,2121600,0,0.0,0.0,2.0,0.0,0.0,0.0,0.0,1.0,,0.0,0.0,Wellington Region,Nil,2-way,Sealed,0.0,0.0,0,0.0,50.0,0.0,Null,0.0,0.0,,47,Wellington City,Nil,0.0,0.0,0.0,0.0,1.0,0.0,Urban,0.0,0.0,0.0,Null,Null,0
66428112,,573600,0.0,,0.0,2.0,,North,2018/2019,01N-1060-D,JOHNSONVILLE ON RAMP,,Non-Injury Crash,Yes,2019,,North,,0,,Flat,,,,,,Dark,2081200,0,0.0,0.0,2.0,,,0.0,,,,,,Wellington Region,Nil,1-way,Sealed,,0.0,0,,100.0,,None,0.0,0.0,,47,Wellington City,Unknown,,,,,0.0,0.0,Open,0.0,,,Fine,Null,0
66428124,,577302,0.0,0.0,0.0,1.0,0.0,Null,2019/2020,TAUHINU ROAD,BYRON STREET,,Minor Crash,No,2020,0.0,West,0.0,0,1.0,Flat,0.0,,1.0,,0.0,Bright sun,2206001,1,0.0,0.0,2.0,0.0,0.0,0.0,0.0,0.0,,1.0,0.0,Wellington Region,Nil,2-way,Sealed,0.0,0.0,0,0.0,50.0,0.0,Off,0.0,0.0,,47,Wellington City,Nil,0.0,0.0,0.0,0.0,0.0,0.0,Urban,0.0,0.0,0.0,Fine,Null,1
66428136,,573526,0.0,,0.0,1.0,,North,2018/2019,002-0962/12.85-I,HUTT ROAD OFF RAMP,,Non-Injury Crash,Yes,2019,,South,,0,,Flat,,,,,,Dark,2077503,0,0.0,0.0,2.0,,,0.0,,,,,,Wellington Region,Nil,2-way,Sealed,,0.0,0,,100.0,,On,0.0,0.0,,47,Wellington City,Unknown,,,,,0.0,0.0,Open,1.0,,,Heavy rain,Null,0
66428163,,573200,1.0,,0.0,1.0,,Null,2019/2020,WILLIS STREET,ABEL SMITH STREET,,Non-Injury Crash,No,2019,,North,,0,,Flat,,,,,,Bright sun,2158000,0,0.0,0.0,4.0,,,0.0,,,,,,Wellington Region,Nil,1-way,Sealed,,0.0,0,,50.0,,Off,0.0,0.0,,47,Wellington City,Traffic Signals,,,,,0.0,0.0,Urban,0.0,,,Fine,Null,0
66428177,,572702,0.0,,0.0,2.0,,North,2019/2020,JOHNSONVILLE PORIRUA MOTORWAY,COLLINS OBR,,Non-Injury Crash,Yes,2019,,South,,0,,Hill Road,,,,,,Bright sun,2053813,0,0.0,0.0,2.0,,,0.0,,,,,,Wellington Region,Nil,2-way,Sealed,,0.0,0,,100.0,,Off,0.0,0.0,70.0,47,Wellington City,Nil,,,,,0.0,0.0,Open,0.0,,,Fine,Null,0
66428191,,574402,0.0,0.0,0.0,1.0,0.0,East,2019/2020,COLWAY STREET,OTTAWA ROAD,,Non-Injury Crash,No,2020,0.0,West,0.0,0,0.0,Flat,0.0,,0.0,,0.0,Bright sun,2095800,0,0.0,0.0,2.0,0.0,0.0,0.0,0.0,1.0,,0.0,0.0,Wellington Region,Nil,2-way,Sealed,0.0,0.0,0,0.0,50.0,0.0,Off,0.0,0.0,,47,Wellington City,Nil,0.0,0.0,0.0,0.0,0.0,0.0,Urban,1.0,0.0,0.0,Fine,Null,1