OBJECTID,advisorySpeed,areaUnitID,bicycle,bridge,bus,carStationWagon,cliffBank,crashDirectionDescription,crashFinancialYear,crashLocation1,crashLocation2,crashRoadSideRoad,crashSeverity,crashSHDescription,crashYear,debris,directionRoleDescription,ditch,fatalCount,fence,flatHill,guardRail,holiday,houseOrBuilding,intersection,kerb,light,meshblockId,minorInjuryCount,moped,motorcycle,NumberOfLanes,objectThrownOrDropped,otherObject,otherVehicleType,overBank,parkedVehicle,pedestrian,phoneBoxEtc,postOrPole,region,roadCharacter,roadLane,roadSurface,roadworks,schoolBus,seriousInjuryCount,slipOrFlood,speedLimit,strayAnimal,streetLight,suv,taxi,temporarySpeedLimit,tlaId,tlaName,trafficControl,trafficIsland,trafficSign,train,tree,truck,unknownVehicleType,urban,vanOrUtility,vehicle,waterRiver,weatherA,weatherB,if_pandemic
66428213,,572900,0.0,0.0,0.0,2.0,0.0,Null,2018/2019,TINAKORI RD,HARRIETT ST,,Minor Crash,No,2019,0.0,South,0.0,0,0.0,Flat,0.0,,0.0,,0.0,Dark,2120100,1,0.0,0.0,2.0,0.0,0.0,0.0,0.0,1.0,,0.0,0.0,Wellington Region,Nil,2-way,Sealed,0.0,0.0,0,0.0,50.0,0.0,On,0.0,0.0,,47,Wellington City,Unknown,0.0,0.0,0.0,0.0,0.0,0.0,Urban,0.0,0.0,0.0,Light rain,Null,0
66428262,,573000,0.0,,0.0,1.0,,North,2019/2020,THE TERRACE,CHURCH STREET,,Serious Crash,No,2019,,North,,0,,Flat,,,,,,Dark,2128000,0,1.0,0.0,2.0,,,0.0,,,,,,Wellington Region,Nil,2-way,Sealed,,0.0,1,,50.0,,On,0.0,1.0,,47,Wellington City,Unknown,,,,,0.0,0.0,Urban,0.0,,,Fine,Null,0
66428288,,576901,0.0,,0.0,2.0,,Null,2018/2019,COUTTS STREET,YULE STREET,,Non-Injury Crash,No,2019,,East,,0,,Flat,,,,,,Dark,2177600,0,0.0,0.0,2.0,,,0.0,,,,,,Wellington Region,Nil,2-way,Sealed,,0.0,0,,50.0,,On,0.0,0.0,,47,Wellington City,Give way,,,,,0.0,0.0,Urban,0.0,,,Fine,Null,0
66428313,,577500,0.0,,1.0,0.0,,Null,2019/2020,MONRO STREET,LUDLAM STREET,,Non-Injury Crash,No,2019,,South,,0,,Flat,,,,,,Overcast,2211200,0,0.0,0.0,2.0,,,0.0,,,,,,Wellington Region,Nil,2-way,Sealed,,0.0,0,,50.0,,Off,1.0,0.0,,47,Wellington City,Give way,,,,,0.0,0.0,Urban,0.0,,,Light rain,Null,0
66428364,,576901,0.0,,0.0,0.0,,Null,2019/2020,RONGOTAI ROAD,EVANS BAY PARADE,,Minor Crash,No,2020,,West,,0,,Flat,,,,,,Bright sun,2178101,1,0.0,1.0,2.0,,,0.0,,,,,,Wellington Region,Nil,2-way,Sealed,,0.0,0,,50.0,,Off,0.0,0.0,,47,Wellington City,Traffic Signals,,,,,0.0,0.0,Urban,0.0,,,Fine,Null,1
66428438,,573101,0.0,,0.0,0.0,,North,2019/2020,TARANAKI STREET,INGLEWOOD PLACE,,Minor Crash,No,2020,,North,,0,,Flat,,,,,,Bright sun,2133408,1,0.0,0.0,5.0,,,0.0,,,1.0,,,Wellington Region,Nil,2-way,Sealed,,0.0,0,,30.0,,Off,1.0,0.0,,47,Wellington City,Unknown,,,,,0.0,0.0,Urban,0.0,,,Fine,Null,1
66428442,,573526,0.0,,0.0,1.0,,North,2019/2020,002-0962/12.86-D,WEIGH PIT,,Non-Injury Crash,Yes,2019,,North,,0,,Flat,,,,,,Dark,2077503,0,0.0,0.0,2.0,,,0.0,,,,,,Wellington Region,Nil,1-way,Sealed,,0.0,0,,80.0,,On,1.0,0.0,,47,Wellington City,Unknown,,,,,0.0,0.0,Open,0.0,,,Fine,Null,0
66428464,25.0,573101,0.0,,0.0,0.0,,South,2019/2020,CAMBRIDGE TERRACE,ELIZABETH STREET,,Minor Crash,No,2020,,North,,0,,Flat,,,,,,Bright sun,2136200,1,0.0,1.0,3.0,,,0.0,,,,,,Wellington Region,Nil,1-way,Sealed,,0.0,0,,50.0,,Off,0.0,0.0,,47,Wellington City,Nil,,,,,0.0,0.0,Urban,0.0,,,Fine,Null,1
66428478,,573000,0.0,,0.0,0.0,,Null,2019/2020,JERVOIS QUAY,HARRIS STREET,,Minor Crash,No,2020,,South,,0,,Flat,,,,,,Overcast,2124300,2,0.0,2.0,3.0,,,0.0,,,,,,Wellington Region,Bridge,1-way,Sealed,,0.0,0,,50.0,,Off,0.0,0.0,,47,Wellington City,Traffic Signals,,,,,0.0,0.0,Urban,0.0,,,Fine,Null,1
66428544,,573200,0.0,,1.0,1.0,,Null,2018/2019,WILLIS STREET,BROOKLYN ROAD,,Non-Injury Crash,No,2019,,North,,0,,Flat,,,,,,Overcast,2159203,0,0.0,0.0,4.0,,,0.0,,,,,,Wellington Region,Nil,2-way,Sealed,,0.0,0,,50.0,,None,0.0,0.0,,47,Wellington City,Give way,,,,,0.0,0.0,Urban,0.0,,,Fine,Null,0
66428556,,574500,0.0,0.0,0.0,1.0,0.0,South,2019/2020,01N-1068-I,ONSLOW RAIL OBR,,Non-Injury Crash,Yes,2019,1.0,South,0.0,0,0.0,Flat,0.0,,0.0,,0.0,Bright sun,2093400,0,0.0,0.0,7.0,0.0,0.0,0.0,0.0,0.0,,0.0,0.0,Wellington Region,Nil,2-way,Sealed,0.0,0.0,0,0.0,100.0,0.0,Off,0.0,0.0,,47,Wellington City,Unknown,0.0,0.0,0.0,0.0,0.0,1.0,Open,0.0,0.0,0.0,Fine,Null,0
66428557,,573400,0.0,0.0,1.0,1.0,0.0,Null,2019/2020,PIRIE STREET,AUSTIN STREET,,Minor Crash,No,2019,0.0,West,0.0,0,0.0,Flat,0.0,,0.0,,0.0,Bright sun,2141700,1,0.0,0.0,2.0,0.0,0.0,0.0,0.0,0.0,,0.0,1.0,Wellington Region,Nil,2-way,Sealed,0.0,0.0,0,0.0,50.0,0.0,Off,0.0,0.0,,47,Wellington City,Stop,0.0,0.0,0.0,0.0,0.0,0.0,Urban,0.0,0.0,0.0,Fine,Null,0
66428599,,573526,0.0,,0.0,2.0,,North,2018/2019,002-0962/12.86-D,HUTT ROAD ON RAMP,,Non-Injury Crash,Yes,2019,,North,,0,,Flat,,,,,,Overcast,2077503,0,0.0,0.0,2.0,,,0.0,,,,,,Wellington Region,Nil,1-way,Sealed,,0.0,0,,100.0,,Off,1.0,0.0,,47,Wellington City,Unknown,,,,,0.0,0.0,Open,1.0,,,Fine,Null,0
66428640,,572900,0.0,0.0,0.0,4.0,0.0,Null,2019/2020,HUTT RD-CBD,AOTEA QUAY,,Non-Injury Crash,No,2019,0.0,South,0.0,0,0.0,Flat,0.0,,0.0,,0.0,Bright sun,2117102,0,0.0,0.0,2.0,0.0,0.0,0.0,0.0,1.0,,0.0,0.0,Wellington Region,Nil,2-way,Sealed,0.0,0.0,0,0.0,50.0,0.0,Off,0.0,0.0,,47,Wellington City,Unknown,0.0,0.0,0.0,0.0,0.0,0.0,Urban,0.0,0.0,0.0,Fine,Null,0
66428651,,573400,0.0,0.0,0.0,3.0,0.0,East,2019/2020,ORIENTAL PARADE,PRINCE STREET,,Non-Injury Crash,No,2020,0.0,West,0.0,0,0.0,Flat,0.0,,0.0,,0.0,Bright sun,2138400,0,0.0,0.0,2.0,0.0,0.0,0.0,0.0,2.0,,0.0,0.0,Wellington Region,Nil,2-way,Sealed,0.0,0.0,0,0.0,40.0,0.0,Off,0.0,0.0,,47,Wellington City,Nil,0.0,0.0,0.0,0.0,0.0,0.0,Urban,0.0,0.0,0.0,Fine,Null,1
66428676,,577302,0.0,,0.0,2.0,,South,2019/2020,TAUHINU ROAD,ROTHERHAM TERRACE ,,Non-Injury Crash,No,2019,,South,,0,,Flat,,,,,,Overcast,2205500,0,0.0,0.0,2.0,,,0.0,,,,,,Wellington Region,Nil,2-way,Sealed,,0.0,0,,50.0,,Null,0.0,0.0,,47,Wellington City,Nil,,,,,0.0,0.0,Urban,0.0,,,Null,Null,0
66428716,,573600,0.0,0.0,0.0,0.0,0.0,North,2019/2020,JOHNSONVILLE PORIRUA MOTORWAY,HELSTON OBR,,Serious Crash,Yes,2020,0.0,North,0.0,0,0.0,Flat,1.0,,0.0,,0.0,Dark,2081200,0,0.0,0.0,2.0,0.0,0.0,0.0,0.0,0.0,,0.0,0.0,Wellington Region,Underpass,2-way,Sealed,0.0,0.0,1,0.0,100.0,0.0,On,1.0,0.0,,47,Wellington City,Nil,0.0,0.0,0.0,0.0,0.0,0.0,Open,0.0,0.0,0.0,Fine,Null,1
66428719,,573101,0.0,0.0,0.0,2.0,0.0,Null,2019/2020,CUBA STREET,GARRETT STREET,,Non-Injury Crash,No,2019,0.0,North,0.0,0,0.0,Flat,0.0,,0.0,,0.0,Dark,2131800,0,0.0,0.0,2.0,0.0,0.0,0.0,0.0,1.0,,0.0,0.0,Wellington Region,Nil,1-way,Sealed,0.0,0.0,0,0.0,50.0,0.0,On,0.0,0.0,,47,Wellington City,Nil,0.0,0.0,0.0,0.0,0.0,0.0,Urban,0.0,0.0,0.0,Fine,Null,0
66428731,,576301,0.0,,0.0,2.0,,West,2018/2019,COLOMBO ST,RINTOUL STREET,,Non-Injury Crash,No,2019,,Null,,0,,Flat,,,,,,Overcast,2164700,0,0.0,0.0,2.0,,,0.0,,,,,,Wellington Region,Nil,2-way,Sealed,,0.0,0,,50.0,,Off,0.0,0.0,,47,Wellington City,Unknown,,,,,0.0,0.0,Urban,0.0,,,Light rain,Null,0
66428753,,576301,0.0,0.0,0.0,1.0,0.0,Null,2018/2019,RIDDIFORD STREET,NORMANBY STREET,,Non-Injury Crash,No,2019,0.0,South,0.0,0,0.0,Flat,0.0,,0.0,,1.0,Dark,2165500,0,0.0,0.0,2.0,0.0,1.0,0.0,0.0,0.0,,0.0,0.0,Wellington Region,Nil,2-way,Sealed,0.0,0.0,0,0.0,50.0,0.0,On,0.0,0.0,,47,Wellington City,Give way,0.0,0.0,0.0,0.0,0.0,0.0,Urban,0.0,0.0,0.0,Fine,Null,0
66428781,,577200,0.0,,0.0,2.0,,North,2018/2019,01N-1076/03.72,CALABAR ROAD,,Non-Injury Crash,Yes,2019,,North,,0,,Flat,,,,,,Bright sun,2206300,0,0.0,0.0,4.0,,,0.0,,,,,,Wellington Region,Nil,2-way,Sealed,,0.0,0,,70.0,,Off,0.0,0.0,,47,Wellington City,Unknown,,,,,0.0,0.0,Urban,0.0,,,Fine,Null,0
66428807,,574701,0.0,0.0,0.0,2.0,0.0,West,2019/2020,SILVERSTREAM RD,SPENCER STREET,,Non-Injury Crash,No,2019,0.0,South,0.0,0,0.0,Flat,0.0,,0.0,,0.0,Dark,2095202,0,0.0,0.0,2.0,0.0,0.0,0.0,0.0,1.0,,0.0,0.0,Wellington Region,Nil,2-way,Sealed,0.0,0.0,0,0.0,50.0,0.0,On,0.0,0.0,,47,Wellington City,Unknown,0.0,0.0,0.0,0.0,0.0,0.0,Urban,0.0,0.0,0.0,Light rain,Null,0
66428810,,573000,0.0,,0.0,2.0,,Null,2019/2020,STOUT STREET,WHITMORE STREET,,Minor Crash,No,2019,,North,,0,,Flat,,,,,,Bright sun,2124200,1,0.0,0.0,5.0,,,0.0,,,,,,Wellington Region,Nil,2-way,Sealed,,0.0,0,,50.0,,Off,0.0,0.0,,47,Wellington City,Traffic Signals,,,,,0.0,0.0,Urban,0.0,,,Fine,Null,0
66428822,,573200,0.0,0.0,0.0,2.0,0.0,Null,2019/2020,ARO STREET,DEVON STREET,,Serious Crash,No,2020,0.0,West,0.0,0,0.0,Flat,0.0,,0.0,,0.0,Dark,2158800,0,0.0,1.0,2.0,0.0,0.0,0.0,0.0,1.0,,0.0,0.0,Wellington Region,Nil,2-way,Sealed,0.0,0.0,1,0.0,30.0,0.0,On,0.0,0.0,,47,Wellington City,Nil,0.0,0.0,0.0,0.0,0.0,0.0,Urban,0.0,0.0,0.0,Fine,Null,1
66428865,,573000,0.0,,0.0,2.0,,South,2018/2019,01N-1068-D,EVERTON OBR,,Minor Crash,Yes,2019,,South,,0,,Hill Road,,,,,,Overcast,2126700,1,0.0,0.0,4.0,,,0.0,,,,,,Wellington Region,Underpass,2-way,Sealed,,0.0,0,,60.0,,Off,0.0,0.0,,47,Wellington City,Unknown,,,,,0.0,0.0,Urban,0.0,,,Fine,Null,0
66428875,,574002,0.0,,0.0,1.0,,North,2019/2020,HUTT ROAD,HUTT ROAD ON RAMP,,Non-Injury Crash,Yes,2020,,North,,0,,Flat,,,,,,Overcast,2078302,0,0.0,0.0,2.0,,,0.0,,,,,,Wellington Region,Nil,1-way,Sealed,,0.0,0,,100.0,,Off,1.0,0.0,,47,Wellington City,Nil,,,,,0.0,0.0,Open,0.0,,,Fine,Null,1
66428894,,574002,0.0,0.0,0.0,1.0,0.0,North,2019/2020,01N-1060-I,WAKELY ROAD,,Non-Injury Crash,Yes,2019,0.0,North,0.0,0,0.0,Hill Road,1.0,,0.0,,0.0,Dark,2078304,0,0.0,0.0,6.0,0.0,0.0,0.0,0.0,0.0,,0.0,0.0,Wellington Region,Nil,2-way,Sealed,0.0,0.0,0,0.0,80.0,0.0,On,0.0,0.0,,47,Wellington City,Unknown,0.0,0.0,0.0,0.0,0.0,0.0,Open,0.0,0.0,0.0,Heavy rain,Null,0
66428899,25.0,574002,0.0,,0.0,2.0,,West,2019/2020,HUTT ROAD OFF RAMP,NGAURANGA ON NBD OBR,,Non-Injury Crash,No,2020,,East,,0,,Flat,,,,,,Overcast,2078302,0,0.0,0.0,1.0,,,0.0,,,,,,Wellington Region,Motorway ramp,1-way,Sealed,,0.0,0,,100.0,,Off,0.0,0.0,,47,Wellington City,Nil,,,,,0.0,0.0,Open,0.0,,,Fine,Null,1
66428941,,573101,0.0,,0.0,1.0,,South,2018/2019,CABLE ST,TARANAKI ST,,Non-Injury Crash,No,2019,,South,,0,,Flat,,,,,,Overcast,2135200,0,0.0,0.0,3.0,,,0.0,,,,,,Wellington Region,Nil,1-way,Sealed,,0.0,0,,50.0,,Off,0.0,0.0,,47,Wellington City,Unknown,,,,,1.0,0.0,Urban,0.0,,,Fine,Null,0
66428942,,572900,1.0,,0.0,0.0,,West,2018/2019,BUNNY ST-NORTH,WATERLOO QUAY,,Non-Injury Crash,No,2019,,East,,0,,Null,,,,,,Overcast,2122700,0,0.0,0.0,3.0,,,0.0,,,,,,Wellington Region,Nil,1-way,Sealed,,0.0,0,,50.0,,Off,0.0,1.0,,47,Wellington City,Nil,,,,,0.0,0.0,Urban,1.0,,,Null,Null,0
66428949,,573400,0.0,,0.0,0.0,,East,2019/2020,01N-1076,WEST PORTAL,,Non-Injury Crash,Yes,2019,,East,,0,,Flat,,,,,,Twilight,2143300,0,0.0,1.0,2.0,,,0.0,,,,,,Wellington Region,Tunnel,2-way,Sealed,,0.0,0,,50.0,,On,0.0,0.0,,47,Wellington City,Unknown,,,,,0.0,0.0,Urban,2.0,,,Fine,Null,0
66428957,,577302,0.0,,0.0,2.0,,West,2019/2020,MIRAMAR AVENUE,STONE STREET,,Non-Injury Crash,No,2019,,West,,0,,Flat,,,,,,Twilight,2206004,0,0.0,0.0,2.0,,,0.0,,,,,,Wellington Region,Nil,2-way,Sealed,,0.0,0,,30.0,,On,0.0,1.0,,47,Wellington City,Nil,,,,,0.0,0.0,Urban,0.0,,,Fine,Null,0
66428993,,573101,0.0,,1.0,0.0,,South,2019/2020,MANNERS ST,WILLIS STREET,,Serious Crash,No,2019,,South,,0,,Flat,,,,,,Overcast,2131000,0,0.0,0.0,1.0,,,0.0,,,1.0,,,Wellington Region,Nil,2-way,Sealed,,0.0,1,,30.0,,Off,0.0,0.0,,47,Wellington City,Unknown,,,,,0.0,0.0,Urban,0.0,,,Fine,Null,0
66429034,,573513,0.0,,0.0,1.0,,South,2019/2020,MIDDLETON ROAD,GLENSIDE ROAD,,Non-Injury Crash,No,2019,,Null,,0,,Flat,,,,,,Bright sun,2086605,0,0.0,0.0,2.0,,,0.0,,,,,,Wellington Region,Nil,2-way,Sealed,,0.0,0,,50.0,,Off,1.0,0.0,,47,Wellington City,Unknown,,,,,0.0,0.0,Urban,0.0,,,Fine,Null,0
66429062,,575100,0.0,0.0,0.0,2.0,0.0,South,2019/2020,BEAUCHAMP STREET,COOK STREET,,Non-Injury Crash,No,2019,0.0,South,0.0,0,0.0,Null,0.0,,0.0,,0.0,Unknown,2114200,0,0.0,0.0,2.0,0.0,0.0,0.0,0.0,1.0,,0.0,0.0,Wellington Region,Nil,2-way,Sealed,0.0,0.0,0,0.0,50.0,0.0,Null,0.0,0.0,,47,Wellington City,Nil,0.0,0.0,0.0,0.0,0.0,0.0,Urban,0.0,0.0,0.0,Null,Null,0
66429071,,576901,0.0,,0.0,1.0,,Null,2019/2020,ROSS STREET,RANGOTAI ROAD,,Non-Injury Crash,No,2020,,North,,0,,Flat,,,,,,Unknown,2177100,0,0.0,0.0,2.0,,,0.0,,,,,,Wellington Region,Nil,2-way,Sealed,,0.0,0,,50.0,,None,0.0,0.0,,47,Wellington City,Give way,,,,,0.0,0.0,Urban,0.0,,,Null,Null,1
66429104,,576001,0.0,,0.0,1.0,,Null,2019/2020,DERWENT STREET,HUMBER STREET,,Minor Crash,No,2019,,South,,0,,Flat,,,,,,Overcast,2190700,2,0.0,0.0,2.0,,,0.0,,,,,,Wellington Region,Nil,2-way,Sealed,,0.0,0,,50.0,,Off,0.0,0.0,,47,Wellington City,Give way,,,,,0.0,0.0,Urban,1.0,,,Fine,Null,0
66429118,,573522,0.0,0.0,0.0,2.0,0.0,North,2018/2019,JAMAICA DR-WEST,DRAGON STREET,,Non-Injury Crash,No,2019,0.0,South,0.0,0,0.0,Hill Road,0.0,,0.0,,0.0,Overcast,2086103,0,0.0,0.0,2.0,0.0,0.0,0.0,0.0,1.0,,0.0,0.0,Wellington Region,Nil,2-way,Sealed,0.0,0.0,0,0.0,50.0,0.0,Off,0.0,0.0,,47,Wellington City,Unknown,0.0,0.0,0.0,0.0,0.0,0.0,Urban,0.0,0.0,0.0,Fine,Null,0
66429151,,573000,0.0,0.0,0.0,2.0,0.0,East,2019/2020,JOHNSTON STREET,LAMBTON QUAY,,Non-Injury Crash,No,2019,0.0,East,0.0,0,0.0,Flat,0.0,,1.0,,0.0,Dark,2125300,0,0.0,0.0,1.0,0.0,0.0,0.0,0.0,1.0,,0.0,0.0,Wellington Region,Nil,1-way,Sealed,0.0,0.0,0,0.0,50.0,0.0,On,0.0,0.0,,47,Wellington City,Nil,0.0,0.0,0.0,0.0,0.0,0.0,Urban,0.0,0.0,0.0,Fine,Null,0
66429161,,577200,0.0,,0.0,2.0,,Null,2018/2019,BROADWAY,HOBART STREET,,Non-Injury Crash,No,2018,,West,,0,,Flat,,,,,,Bright sun,2206800,0,0.0,0.0,2.0,,,0.0,,,,,,Wellington Region,Nil,2-way,Sealed,,0.0,0,,50.0,,Off,0.0,0.0,,47,Wellington City,Nil,,,,,0.0,0.0,Urban,0.0,,,Fine,Null,0
66429194,,573903,0.0,,0.0,1.0,,Null,2018/2019,NEWLANDS ROAD,STELLA GROVE,,Minor Crash,No,2019,,North,,0,,Flat,,,,,,Dark,2074600,1,0.0,1.0,2.0,,,0.0,,,,,,Wellington Region,Nil,2-way,Sealed,,0.0,0,,50.0,,On,0.0,0.0,,47,Wellington City,Give way,,,,,0.0,0.0,Urban,0.0,,,Fine,Null,0
66429202,,572900,0.0,0.0,0.0,3.0,0.0,West,2018/2019,HILL ST,Molesworth Street,,Minor Crash,No,2019,0.0,East,0.0,0,0.0,Hill Road,0.0,,0.0,,0.0,Bright sun,2122400,1,0.0,1.0,0.0,0.0,0.0,0.0,0.0,1.0,,0.0,0.0,Wellington Region,Nil,2-way,Sealed,0.0,0.0,0,0.0,50.0,0.0,Off,0.0,1.0,,47,Wellington City,Unknown,0.0,0.0,0.0,0.0,0.0,0.0,Urban,0.0,0.0,0.0,Fine,Null,0
66429221,,575200,0.0,,0.0,2.0,,Null,2018/2019,RAROA CRESCENT,NORTHLAND TUNNEL ROAD,,Non-Injury Crash,No,2019,,North,,0,,Hill Road,,Easter,,,,Overcast,2149800,0,0.0,0.0,2.0,,,0.0,,,,,,Wellington Region,Nil,2-way,Sealed,,0.0,0,,50.0,,Off,0.0,0.0,,47,Wellington City,Give way,,,,,0.0,0.0,Urban,0.0,,,Light rain,Null,0
66429266,,574600,0.0,0.0,0.0,2.0,0.0,East,2018/2019,WADESTOWN RD,WELD STREET,,Non-Injury Crash,No,2019,0.0,West,0.0,0,0.0,Null,0.0,,0.0,,0.0,Unknown,2100100,0,0.0,0.0,2.0,0.0,0.0,0.0,0.0,1.0,,0.0,0.0,Wellington Region,Nil,2-way,Sealed,0.0,0.0,0,0.0,50.0,0.0,Null,0.0,0.0,,47,Wellington City,Unknown,0.0,0.0,0.0,0.0,0.0,0.0,Urban,0.0,0.0,0.0,Null,Null,0
66429275,,576301,0.0,0.0,0.0,3.0,0.0,North,2019/2020,RINTOUL ST,BRIXHAM WAY,,Non-Injury Crash,No,2019,0.0,South,0.0,0,0.0,Hill Road,0.0,,0.0,,0.0,Dark,2165400,0,0.0,0.0,2.0,0.0,0.0,0.0,0.0,1.0,,0.0,0.0,Wellington Region,Nil,2-way,Sealed,0.0,0.0,0,0.0,50.0,0.0,On,0.0,0.0,,47,Wellington City,Unknown,0.0,0.0,0.0,0.0,0.0,0.0,Urban,0.0,0.0,0.0,Fine,Null,0
66429317,,575300,0.0,,0.0,2.0,,South,2018/2019,GLENMORE ST,CRIEFF ST,,Non-Injury Crash,No,2018,,South,,0,,Hill Road,,,,,,Overcast,2152501,0,0.0,0.0,2.0,,,0.0,,,,,,Wellington Region,Nil,2-way,Sealed,,0.0,0,,50.0,,Off,0.0,0.0,,47,Wellington City,Unknown,,,,,0.0,0.0,Urban,0.0,,,Fine,Null,0
66429323,,573200,0.0,,0.0,0.0,,Null,2019/2020,OFF ROAD - CARPARK,,,Minor Crash,No,2019,,West,,0,,Hill Road,,,,,,Bright sun,2157701,1,0.0,0.0,,,,0.0,,,1.0,,,Wellington Region,Nil,Off road,Sealed,,0.0,0,,,,Off,0.0,0.0,,47,Wellington City,Unknown,,,,,0.0,0.0,Urban,1.0,,,Fine,Null,0
66429324,,573101,0.0,,0.0,1.0,,Null,2019/2020,TARANAKI STREET,ARTHUR STREET,,Non-Injury Crash,No,2019,,Null,,0,,Flat,,Labour Weekend,,,,Unknown,2134700,0,0.0,0.0,5.0,,,0.0,,,,,,Wellington Region,Nil,2-way,Null,,0.0,0,,50.0,,Null,0.0,0.0,,47,Wellington City,Traffic Signals,,,,,0.0,0.0,Urban,1.0,,,Null,Null,0
66429331,,576500,0.0,,0.0,2.0,,South,2018/2019,ADELAIDE RD,HOSPITAL ROAD,,Non-Injury Crash,No,2019,,North,,0,,Flat,,,,,,Twilight,2148500,0,0.0,0.0,4.0,,,0.0,,,,,,Wellington Region,Nil,2-way,Sealed,,0.0,0,,50.0,,On,0.0,0.0,,47,Wellington City,Unknown,,,,,0.0,0.0,Urban,0.0,,,Fine,Null,0
66429341,,575300,0.0,0.0,0.0,4.0,0.0,North,2019/2020,UPLAND ROAD,BOUNDARY ROAD,,Non-Injury Crash,No,2019,0.0,South,0.0,0,0.0,Flat,0.0,,0.0,,0.0,Bright sun,2152800,0,0.0,0.0,2.0,0.0,0.0,0.0,0.0,1.0,,0.0,0.0,Wellington Region,Nil,2-way,Sealed,0.0,0.0,0,0.0,50.0,0.0,Off,0.0,0.0,,47,Wellington City,Nil,0.0,0.0,0.0,0.0,0.0,0.0,Urban,0.0,0.0,0.0,Fine,Null,0
66429395,,576500,1.0,,0.0,0.0,,North,2019/2020,ADELAIDE RD,ALFRED STREET,,Minor Crash,No,2019,,North,,0,,Flat,,,,,,Bright sun,2147900,1,0.0,0.0,4.0,,,0.0,,,,,,Wellington Region,Nil,2-way,Sealed,,0.0,0,,50.0,,Off,0.0,0.0,,47,Wellington City,Unknown,,,,,0.0,1.0,Urban,0.0,,,Fine,Null,0
66429454,,576903,0.0,,0.0,1.0,,Null,2019/2020,CRAWFORD ROAD,WELLINGTON ROAD,,Non-Injury Crash,No,2020,,West,,0,,Hill Road,,,,,,Overcast,2180500,0,0.0,0.0,2.0,,,0.0,,,,,,Wellington Region,Nil,2-way,Sealed,,0.0,0,,50.0,,Off,0.0,0.0,,47,Wellington City,Give way,,,,,0.0,0.0,Urban,1.0,,,Fine,Null,1
66429458,,574800,0.0,0.0,0.0,1.0,0.0,South,2018/2019,STANDEN STREET,CROSS STREET,,Non-Injury Crash,No,2019,0.0,North,0.0,0,0.0,Null,0.0,,0.0,,0.0,Bright sun,2105600,0,0.0,0.0,2.0,0.0,0.0,0.0,0.0,1.0,,0.0,0.0,Wellington Region,Nil,2-way,Sealed,0.0,0.0,0,0.0,50.0,0.0,Null,0.0,0.0,,47,Wellington City,Nil,0.0,0.0,0.0,0.0,0.0,0.0,Urban,1.0,0.0,0.0,Null,Null,0
66429463,,574600,0.0,0.0,0.0,2.0,0.0,West,2019/2020,WADESTOWN ROAD,LESLIE STREET,,Non-Injury Crash,No,2019,0.0,North,0.0,0,0.0,Hill Road,0.0,,0.0,,0.0,Dark,2100900,0,0.0,0.0,2.0,0.0,0.0,0.0,0.0,1.0,,0.0,0.0,Wellington Region,Nil,2-way,Sealed,0.0,0.0,0,0.0,50.0,0.0,On,0.0,0.0,,47,Wellington City,Unknown,0.0,0.0,0.0,0.0,0.0,0.0,Urban,0.0,0.0,0.0,Heavy rain,Null,0
66429498,,576200,0.0,0.0,0.0,2.0,0.0,North,2018/2019,ADELAIDE RD,CHILKA STREET,,Non-Injury Crash,No,2019,0.0,North,0.0,0,0.0,Flat,0.0,,0.0,,0.0,Dark,2172600,0,0.0,0.0,2.0,0.0,0.0,0.0,0.0,1.0,,0.0,0.0,Wellington Region,Nil,2-way,Sealed,0.0,0.0,0,0.0,50.0,0.0,On,0.0,0.0,,47,Wellington City,Unknown,0.0,0.0,0.0,0.0,0.0,0.0,Urban,0.0,0.0,0.0,Fine,Null,0
66429501,,573000,0.0,0.0,0.0,0.0,0.0,Null,2018/2019,THE TERRACE,MOUNT STREET,,Non-Injury Crash,No,2019,0.0,Null,0.0,0,0.0,Null,0.0,,0.0,,0.0,Unknown,2129200,0,0.0,0.0,2.0,0.0,0.0,0.0,0.0,1.0,,0.0,0.0,Wellington Region,Nil,2-way,Sealed,0.0,0.0,0,0.0,50.0,0.0,Null,1.0,0.0,,47,Wellington City,Nil,0.0,0.0,0.0,0.0,0.0,1.0,Urban,0.0,0.0,0.0,Null,Null,0
66429529,,573000,0.0,0.0,0.0,0.0,0.0,Null,2018/2019,FEATHERSTON STREET,HUNTER STREET,,Non-Injury Crash,No,2019,0.0,South,0.0,0,0.0,Flat,0.0,,0.0,,1.0,Dark,2125800,0,0.0,0.0,2.0,0.0,0.0,0.0,0.0,0.0,,1.0,0.0,Wellington Region,Nil,1-way,Sealed,0.0,0.0,0,0.0,50.0,0.0,On,0.0,0.0,,47,Wellington City,Nil,0.0,0.0,0.0,0.0,0.0,0.0,Urban,1.0,0.0,0.0,Light rain,Null,0
66429536,,573101,0.0,,0.0,2.0,,East,2018/2019,MARTIN SQ,TARANAKI STREET,,Non-Injury Crash,No,2019,,East,,0,,Flat,,,,,,Overcast,2134800,0,0.0,0.0,2.0,,,0.0,,,,,,Wellington Region,Nil,2-way,Sealed,,0.0,0,,50.0,,Off,0.0,0.0,,47,Wellington City,Unknown,,,,,0.0,0.0,Urban,0.0,,,Fine,Null,0