OBJECTID,advisorySpeed,areaUnitID,bicycle,bridge,bus,carStationWagon,cliffBank,crashDirectionDescription,crashFinancialYear,crashLocation1,crashLocation2,crashRoadSideRoad,crashSeverity,crashSHDescription,crashYear,debris,directionRoleDescription,ditch,fatalCount,fence,flatHill,guardRail,holiday,houseOrBuilding,intersection,kerb,light,meshblockId,minorInjuryCount,moped,motorcycle,NumberOfLanes,objectThrownOrDropped,otherObject,otherVehicleType,overBank,parkedVehicle,pedestrian,phoneBoxEtc,postOrPole,region,roadCharacter,roadLane,roadSurface,roadworks,schoolBus,seriousInjuryCount,slipOrFlood,speedLimit,strayAnimal,streetLight,suv,taxi,temporarySpeedLimit,tlaId,tlaName,trafficControl,trafficIsland,trafficSign,train,tree,truck,unknownVehicleType,urban,vanOrUtility,vehicle,waterRiver,weatherA,weatherB,if_pandemic
66429538,,573000,0.0,,0.0,4.0,,North,2019/2020,WELLINGTON URBAN MOTORWAY,EVERTON OBR,,Non-Injury Crash,Yes,2019,,South,,0,,Flat,,,,,,Overcast,2126403,0,0.0,0.0,1.0,,,0.0,,,,,,Wellington Region,Nil,1-way,Sealed,,0.0,0,,100.0,,Off,0.0,0.0,,47,Wellington City,Nil,,,,,0.0,0.0,Open,0.0,,,Fine,Null,0
66429550,,577302,0.0,0.0,0.0,1.0,0.0,North,2019/2020,PARK RD,REX STREET,,Minor Crash,No,2019,0.0,South,0.0,0,0.0,Flat,0.0,,0.0,,0.0,Dark,2205600,1,0.0,0.0,2.0,0.0,0.0,0.0,0.0,1.0,,0.0,0.0,Wellington Region,Nil,2-way,Sealed,0.0,0.0,0,0.0,50.0,0.0,On,1.0,0.0,,47,Wellington City,Unknown,0.0,0.0,0.0,0.0,0.0,0.0,Urban,0.0,0.0,0.0,Fine,Strong wind,0
66429572,,573802,0.0,,0.0,2.0,,North,2019/2020,CHESTERTON STREET,CERES CRESCENT,,Non-Injury Crash,No,2019,,North,,0,,Null,,,,,,Bright sun,2078600,0,0.0,0.0,2.0,,,0.0,,,,,,Wellington Region,Nil,2-way,Sealed,,0.0,0,,50.0,,Off,0.0,0.0,,47,Wellington City,Unknown,,,,,0.0,0.0,Urban,0.0,,,Fine,Null,0
66429590,,575902,0.0,0.0,0.0,2.0,0.0,Null,2019/2020,ROBERTSON STREET,HAPPY VALLEY ROAD,,Non-Injury Crash,No,2020,0.0,South,0.0,0,0.0,Flat,0.0,,0.0,,0.0,Overcast,2187600,0,0.0,0.0,2.0,0.0,0.0,0.0,0.0,1.0,,0.0,0.0,Wellington Region,Nil,2-way,Sealed,0.0,0.0,0,0.0,50.0,0.0,Off,0.0,0.0,,47,Wellington City,Nil,0.0,0.0,0.0,0.0,0.0,0.0,Urban,0.0,0.0,0.0,Fine,Strong wind,1
66429611,,572500,0.0,,0.0,1.0,,North,2019/2020,JOHNSONVILLE PORIRUA MOTORWAY,TAWA-GRENADA NORTH ON RAMP,,Non-Injury Crash,Yes,2020,,North,,0,,Flat,,,,,,Dark,1986700,0,0.0,0.0,2.0,,,0.0,,,,,,Wellington Region,Nil,1-way,Sealed,,0.0,0,,100.0,,On,0.0,0.0,,47,Wellington City,Nil,,,,,0.0,0.0,Open,1.0,,,Fine,Null,1
66429624,,572900,0.0,0.0,0.0,2.0,0.0,East,2018/2019,HILL ST,PARLIAMENT ST,,Non-Injury Crash,No,2019,0.0,West,0.0,0,0.0,Hill Road,0.0,,0.0,,0.0,Dark,2120100,0,0.0,0.0,2.0,0.0,0.0,0.0,0.0,1.0,,0.0,0.0,Wellington Region,Nil,2-way,Sealed,0.0,0.0,0,0.0,50.0,0.0,On,0.0,0.0,,47,Wellington City,Unknown,0.0,0.0,0.0,0.0,0.0,0.0,Urban,0.0,0.0,0.0,Fine,Null,0
66429652,,573101,0.0,,0.0,2.0,,South,2018/2019,TARANAKI STREET,COURTENAY PLACE,,Non-Injury Crash,No,2019,,North,,0,,Null,,,,,,Unknown,2133408,0,0.0,0.0,4.0,,,0.0,,,,,,Wellington Region,Nil,2-way,Null,,0.0,0,,30.0,,Null,0.0,0.0,,47,Wellington City,Nil,,,,,0.0,0.0,Urban,0.0,,,Null,Null,0
66429680,,574002,0.0,,0.0,0.0,,South,2019/2020,CENTENNIAL HIGHWAY ON RAMP,CENTENNIAL HIGHWAY,,Non-Injury Crash,No,2019,,North,,0,,Flat,,,,,,Overcast,2078302,0,0.0,0.0,2.0,,,0.0,,,,,,Wellington Region,Nil,1-way,Sealed,,0.0,0,,80.0,,Off,0.0,0.0,,47,Wellington City,Nil,,,,,1.0,0.0,Open,1.0,,,Light rain,Null,0
66429701,,574001,0.0,,0.0,1.0,,North,2018/2019,"KENMORE STREET, NEWLANDS, WELLINGTON",BANCROFT TERRACE,,Non-Injury Crash,No,2018,,North,,0,,Flat,,,,,,Overcast,2076300,0,0.0,0.0,2.0,,,0.0,,,,,,Wellington Region,Nil,2-way,Sealed,,0.0,0,,50.0,,Off,1.0,0.0,,47,Wellington City,Unknown,,,,,0.0,0.0,Urban,0.0,,,Fine,Null,0
66429702,,574002,0.0,,0.0,1.0,,North,2019/2020,01N-1060-I,NGAURANGA ON NBD OBR,,Non-Injury Crash,Yes,2019,,North,,0,,Flat,,,,,,Twilight,2078302,0,0.0,1.0,2.0,,,0.0,,,,,,Wellington Region,Nil,1-way,Sealed,,0.0,0,,100.0,,On,0.0,0.0,60.0,47,Wellington City,Unknown,,,,,0.0,0.0,Open,0.0,,,Fine,Null,0
66429721,,575200,0.0,,0.0,1.0,,North,2018/2019,NORTHLAND RD,GLENMORE ST,,Non-Injury Crash,No,2019,,North,,0,,Hill Road,,,,,,Bright sun,2150000,0,1.0,0.0,2.0,,,0.0,,,,,,Wellington Region,Nil,2-way,Sealed,,0.0,0,,50.0,,Off,0.0,0.0,,47,Wellington City,Unknown,,,,,0.0,0.0,Urban,0.0,,,Fine,Null,0
66429731,,572900,0.0,,0.0,1.0,,Null,2019/2020,TINAKORI ROAD,THORNDON QUAY,,Non-Injury Crash,No,2019,,North,,0,,Flat,,,,,,Bright sun,2117203,0,0.0,0.0,2.0,,,0.0,,,,,,Wellington Region,Nil,2-way,Sealed,,0.0,0,,50.0,,Off,0.0,0.0,,47,Wellington City,Give way,,,,,1.0,0.0,Urban,0.0,,,Fine,Null,0
66429741,,574303,0.0,,0.0,2.0,,North,2019/2020,CENTENNIAL HIGHWAY,KIWI POINT QUARRY ENT,,Non-Injury Crash,Yes,2020,,North,,0,,Null,,,,,,Unknown,2084302,0,0.0,0.0,2.0,,,0.0,,,,,,Wellington Region,Nil,1-way,Sealed,,0.0,0,,100.0,,Null,0.0,0.0,,47,Wellington City,Nil,,,,,0.0,0.0,Open,0.0,,,Null,Null,1
66429743,,573300,0.0,,0.0,2.0,,Null,2018/2019,TARANAKI STREET,HILL LANE,,Non-Injury Crash,No,2019,,North,,0,,Null,,,,,,Unknown,2144600,0,0.0,0.0,2.0,,,0.0,,,,,,Wellington Region,Nil,2-way,Null,,0.0,0,,50.0,,Null,0.0,0.0,,47,Wellington City,Nil,,,,,0.0,0.0,Urban,0.0,,,Null,Null,0
66429765,,573000,0.0,,0.0,2.0,,Null,2019/2020,WILLIS STREET,GHUZNEE STREET,,Non-Injury Crash,No,2019,,South,,0,,Null,,,,,,Unknown,2130700,0,0.0,0.0,3.0,,,0.0,,,,,,Wellington Region,Nil,2-way,Sealed,,0.0,0,,50.0,,Null,0.0,0.0,,47,Wellington City,Traffic Signals,,,,,0.0,0.0,Urban,0.0,,,Null,Null,0
66429777,,577200,1.0,,0.0,1.0,,West,2019/2020,COBHAM DRIVE,SHELLY BAY ROAD,,Non-Injury Crash,No,2019,,West,,0,,Null,,,,,,Unknown,2206200,0,0.0,0.0,2.0,,,0.0,,,,,,Wellington Region,Nil,2-way,Sealed,,0.0,0,,50.0,,Null,0.0,0.0,,47,Wellington City,Nil,,,,,0.0,0.0,Urban,0.0,,,Null,Null,0
66429786,,573000,0.0,,0.0,3.0,,South,2018/2019,01N-1068-I,AURORA TERRACE OBR,,Non-Injury Crash,Yes,2019,,South,,0,,Flat,,,,,,Overcast,2124700,0,0.0,0.0,1.0,,,0.0,,,,,,Wellington Region,Nil,1-way,Sealed,,0.0,0,,100.0,,Off,0.0,0.0,,47,Wellington City,Unknown,,,,,0.0,0.0,Open,0.0,,,Fine,Null,0
66429814,,574600,0.0,0.0,0.0,2.0,0.0,East,2018/2019,WADESTOWN RD,CECIL ROAD,,Non-Injury Crash,No,2019,0.0,East,0.0,0,0.0,Hill Road,0.0,,1.0,,0.0,Dark,2101100,0,0.0,0.0,2.0,0.0,0.0,0.0,0.0,1.0,,0.0,0.0,Wellington Region,Nil,2-way,Sealed,0.0,0.0,0,0.0,50.0,0.0,On,0.0,1.0,,47,Wellington City,Unknown,0.0,0.0,0.0,0.0,0.0,0.0,Urban,0.0,0.0,0.0,Fine,Null,0
66429840,,575600,0.0,0.0,1.0,1.0,0.0,North,2018/2019,OHIRO RD,CLEVELAND ST,,Non-Injury Crash,No,2019,0.0,Null,0.0,0,0.0,Flat,0.0,,0.0,,0.0,Bright sun,2161900,0,0.0,0.0,0.0,0.0,0.0,0.0,0.0,1.0,,0.0,0.0,Wellington Region,Nil,2-way,Sealed,0.0,0.0,0,0.0,50.0,0.0,Off,0.0,0.0,,47,Wellington City,Unknown,0.0,0.0,0.0,0.0,0.0,0.0,Urban,0.0,0.0,0.0,Fine,Null,0
66429860,,574402,0.0,0.0,0.0,2.0,0.0,East,2018/2019,COCKAYNE RD,SETSAN WAY,,Non-Injury Crash,No,2019,0.0,Null,0.0,0,0.0,Null,0.0,,0.0,,0.0,Unknown,2097300,0,0.0,0.0,2.0,0.0,0.0,0.0,0.0,1.0,,0.0,0.0,Wellington Region,Nil,2-way,Null,0.0,0.0,0,0.0,50.0,0.0,Null,0.0,0.0,,47,Wellington City,Unknown,0.0,0.0,0.0,0.0,0.0,0.0,Urban,0.0,0.0,0.0,Null,Null,0
66429897,,575600,0.0,0.0,0.0,2.0,0.0,South,2019/2020,BROOKLYN ROAD,BIDWILL STREET,,Non-Injury Crash,No,2019,0.0,North,0.0,0,0.0,Null,0.0,Labour Weekend,0.0,,0.0,Overcast,2162700,0,0.0,0.0,2.0,0.0,0.0,0.0,0.0,0.0,,0.0,0.0,Wellington Region,Nil,2-way,Sealed,0.0,0.0,0,0.0,50.0,0.0,None,0.0,0.0,,47,Wellington City,Nil,0.0,0.0,0.0,0.0,0.0,0.0,Urban,0.0,1.0,0.0,Fine,Null,0
66429904,,576500,0.0,,0.0,0.0,,Null,2018/2019,ADELAIDE ROAD,JOHN STREET,,Non-Injury Crash,No,2018,,South,,0,,Flat,,,,,,Bright sun,2148700,0,0.0,0.0,4.0,,,0.0,,,,,,Wellington Region,Nil,2-way,Sealed,,0.0,0,,50.0,,Null,1.0,0.0,,47,Wellington City,Traffic Signals,,,,,0.0,0.0,Urban,1.0,,,Fine,Null,0
66429916,,574001,0.0,0.0,0.0,2.0,0.0,West,2019/2020,NEWLANDS RD,WAKELY ROAD,,Non-Injury Crash,No,2019,0.0,South,0.0,0,0.0,Flat,0.0,,0.0,,0.0,Dark,2077600,0,0.0,0.0,2.0,0.0,0.0,0.0,0.0,1.0,,0.0,0.0,Wellington Region,Nil,2-way,Sealed,0.0,0.0,0,0.0,50.0,0.0,On,0.0,0.0,,47,Wellington City,Unknown,0.0,0.0,0.0,0.0,0.0,0.0,Urban,0.0,0.0,0.0,Fine,Null,0
66429944,,573101,0.0,,0.0,1.0,,Null,2018/2019,VIVIAN STREET,TARANAKI STREET,,Non-Injury Crash,Yes,2019,,East,,0,,Flat,,,,,,Bright sun,2133700,0,0.0,0.0,3.0,,,0.0,,,,,,Wellington Region,Nil,1-way,Sealed,,0.0,0,,50.0,,Off,0.0,0.0,,47,Wellington City,Traffic Signals,,,,,1.0,0.0,Urban,0.0,,,Fine,Null,0
66429953,,576901,0.0,0.0,0.0,2.0,0.0,North,2018/2019,TACY ST,KEMP STREET,,Non-Injury Crash,No,2019,0.0,Null,0.0,0,0.0,Null,0.0,,0.0,,0.0,Unknown,2176800,0,0.0,0.0,2.0,0.0,0.0,0.0,0.0,1.0,,0.0,0.0,Wellington Region,Nil,2-way,Sealed,0.0,0.0,0,0.0,50.0,0.0,Null,0.0,0.0,,47,Wellington City,Unknown,0.0,0.0,0.0,0.0,0.0,0.0,Urban,0.0,0.0,0.0,Null,Null,0
66430071,,576500,0.0,,0.0,2.0,,Null,2019/2020,DRUMMOND STREET,ADELAIDE ROAD,,Non-Injury Crash,No,2019,,West,,0,,Flat,,,,,,Twilight,2148601,0,0.0,0.0,2.0,,,0.0,,,,,,Wellington Region,Nil,2-way,Sealed,,0.0,0,,50.0,,On,0.0,0.0,,47,Wellington City,Stop,,,,,0.0,0.0,Urban,0.0,,,Fine,Null,0
66430084,,573400,0.0,0.0,1.0,0.0,0.0,Null,2018/2019,ELLICE STREET,BROUGHAM STREET,,Non-Injury Crash,No,2019,0.0,West,0.0,0,0.0,Null,0.0,,0.0,,0.0,Unknown,2143000,0,0.0,0.0,2.0,0.0,0.0,0.0,0.0,1.0,,0.0,0.0,Wellington Region,Nil,2-way,Sealed,0.0,0.0,0,0.0,50.0,0.0,Null,1.0,0.0,,47,Wellington City,Stop,0.0,0.0,0.0,0.0,0.0,0.0,Urban,0.0,0.0,0.0,Null,Null,0
66430112,,574402,0.0,0.0,0.0,2.0,0.0,North,2018/2019,AWARUA ST,OTTAWA ROAD,,Non-Injury Crash,No,2019,0.0,North,0.0,0,0.0,Hill Road,0.0,,0.0,,0.0,Dark,2096300,0,0.0,0.0,2.0,0.0,0.0,0.0,0.0,1.0,,0.0,0.0,Wellington Region,Nil,2-way,Sealed,0.0,0.0,0,0.0,50.0,0.0,On,0.0,0.0,,47,Wellington City,Unknown,0.0,0.0,0.0,0.0,0.0,0.0,Urban,0.0,0.0,0.0,Fine,Null,0
66430117,,573511,0.0,0.0,0.0,1.0,1.0,North,2018/2019,MIDDLETON RD,ROWELLS ROAD,,Serious Crash,No,2019,0.0,North,0.0,0,1.0,Flat,0.0,,0.0,,0.0,Overcast,2086203,0,0.0,0.0,2.0,0.0,0.0,0.0,0.0,0.0,,0.0,0.0,Wellington Region,Nil,2-way,Sealed,0.0,0.0,1,0.0,60.0,0.0,Null,0.0,0.0,,47,Wellington City,Unknown,0.0,0.0,0.0,1.0,0.0,0.0,Urban,0.0,0.0,0.0,Fine,Frost,0
66430121,,574702,0.0,0.0,0.0,1.0,0.0,East,2018/2019,WILTON RD,WARWICK STREET,,Non-Injury Crash,No,2019,0.0,West,0.0,0,0.0,Hill Road,0.0,,0.0,,0.0,Bright sun,2104200,0,0.0,0.0,2.0,0.0,0.0,0.0,0.0,0.0,,0.0,1.0,Wellington Region,Nil,2-way,Sealed,0.0,0.0,0,0.0,50.0,0.0,Off,0.0,0.0,,47,Wellington City,Unknown,0.0,0.0,0.0,0.0,0.0,0.0,Urban,0.0,0.0,0.0,Fine,Null,0
66430157,,576500,0.0,0.0,0.0,1.0,0.0,Null,2018/2019,ADELAIDE RD,BROOMHEDGE STREET,,Non-Injury Crash,No,2019,0.0,North,0.0,0,0.0,Flat,0.0,,0.0,,0.0,Bright sun,2148201,0,0.0,0.0,2.0,0.0,0.0,0.0,0.0,1.0,,0.0,0.0,Wellington Region,Nil,2-way,Null,0.0,0.0,0,0.0,50.0,0.0,None,0.0,0.0,,47,Wellington City,Unknown,0.0,0.0,0.0,0.0,1.0,0.0,Urban,0.0,0.0,0.0,Fine,Null,0
66430204,,573903,0.0,0.0,0.0,3.0,0.0,South,2019/2020,BELLRINGER CRES,MERRITT WAY,,Minor Crash,No,2019,0.0,North,0.0,0,1.0,Hill Road,0.0,,0.0,,0.0,Overcast,2073600,1,0.0,0.0,2.0,0.0,0.0,0.0,0.0,1.0,,0.0,0.0,Wellington Region,Nil,2-way,Sealed,0.0,0.0,0,0.0,50.0,0.0,Off,0.0,0.0,,47,Wellington City,Unknown,0.0,1.0,0.0,1.0,0.0,0.0,Urban,0.0,0.0,0.0,Fine,Null,0
66430226,,576301,0.0,,0.0,0.0,,South,2018/2019,ADELAIDE RD,RIDDIFORD STREET,,Non-Injury Crash,No,2019,,North,,0,,Null,,,,,,Overcast,2163500,0,0.0,0.0,2.0,,,0.0,,,,,,Wellington Region,Nil,2-way,Sealed,,0.0,0,,50.0,,Off,1.0,0.0,,47,Wellington City,Nil,,,,,0.0,0.0,Urban,1.0,,,Null,Null,0
66430251,,574001,0.0,,0.0,1.0,,Null,2018/2019,GLANMIRE ROAD,GRIFFITHS GROVE,,Non-Injury Crash,No,2019,,East,,0,,Hill Road,,,,,,Dark,2077100,0,0.0,0.0,1.0,,,0.0,,,,,,Wellington Region,Nil,2-way,Sealed,,0.0,0,,50.0,,On,1.0,0.0,,47,Wellington City,Nil,,,,,0.0,0.0,Urban,0.0,,,Fine,Null,0
66430258,,573101,0.0,0.0,0.0,2.0,0.0,West,2018/2019,DIXON ST,CUBA ST,,Non-Injury Crash,No,2018,0.0,West,0.0,0,0.0,Flat,0.0,,0.0,,0.0,Dark,2131500,0,0.0,0.0,2.0,0.0,0.0,0.0,0.0,1.0,,0.0,0.0,Wellington Region,Nil,1-way,Sealed,0.0,0.0,0,0.0,50.0,0.0,On,0.0,0.0,,47,Wellington City,Unknown,0.0,0.0,0.0,0.0,0.0,0.0,Urban,0.0,0.0,0.0,Light rain,Null,0
66430289,,573903,0.0,,0.0,2.0,,North,2019/2020,NEWLANDS RD,WESTLEIGH WAY,,Minor Crash,No,2019,,North,,0,,Flat,,,,,,Bright sun,2073900,1,0.0,0.0,2.0,,,0.0,,,,,,Wellington Region,Nil,2-way,Sealed,,0.0,0,,50.0,,Off,0.0,0.0,,47,Wellington City,Unknown,,,,,0.0,0.0,Urban,0.0,,,Fine,Null,0
66430297,,574303,0.0,0.0,0.0,1.0,0.0,South,2019/2020,01N-1068-I,ONSLOW RAIL OBR,,Non-Injury Crash,Yes,2019,0.0,South,0.0,0,0.0,Flat,2.0,,0.0,,0.0,Bright sun,2090402,0,0.0,0.0,3.0,0.0,0.0,0.0,0.0,0.0,,0.0,0.0,Wellington Region,Overpass,1-way,Sealed,0.0,0.0,0,0.0,100.0,0.0,Off,0.0,0.0,,47,Wellington City,Unknown,0.0,0.0,0.0,0.0,0.0,0.0,Open,0.0,0.0,0.0,Fine,Null,0
66430336,,577302,0.0,0.0,0.0,1.0,0.0,South,2018/2019,PARA ST,ASHLEIGH CRESCENT,,Non-Injury Crash,No,2019,0.0,East,0.0,0,0.0,Null,0.0,,0.0,,0.0,Unknown,2206102,0,0.0,0.0,2.0,0.0,0.0,0.0,0.0,1.0,,0.0,0.0,Wellington Region,Nil,2-way,Null,0.0,0.0,0,0.0,50.0,0.0,Null,0.0,0.0,,47,Wellington City,Unknown,0.0,0.0,0.0,0.0,0.0,0.0,Urban,1.0,0.0,0.0,Null,Null,0
66430351,,576301,0.0,,0.0,1.0,,South,2019/2020,RINTOUL STREET,RIDDIFORD STREET,,Non-Injury Crash,No,2019,,South,,0,,Flat,,,,,,Overcast,2165200,0,0.0,0.0,2.0,,,0.0,,,1.0,,,Wellington Region,Nil,2-way,Sealed,,0.0,0,,50.0,,Off,0.0,0.0,,47,Wellington City,Traffic Signals,,,,,0.0,0.0,Urban,0.0,,,Fine,Null,0
66430373,,576301,0.0,,0.0,1.0,,West,2019/2020,COLOMBO STREET,RINTOUL STREET,,Non-Injury Crash,No,2019,,West,,0,,Hill Road,,,,,,Bright sun,2164700,0,0.0,0.0,2.0,,,0.0,,,1.0,,,Wellington Region,Nil,2-way,Sealed,,0.0,0,,50.0,,Off,0.0,0.0,,47,Wellington City,Nil,,,,,0.0,0.0,Urban,0.0,,,Fine,Null,0
66430386,,572900,1.0,0.0,0.0,0.0,0.0,South,2019/2020,THORNDON QUAY,MOORE STREET,,Minor Crash,No,2019,0.0,North,0.0,0,0.0,Flat,0.0,,0.0,,0.0,Overcast,2122700,1,0.0,0.0,2.0,0.0,0.0,0.0,0.0,1.0,,0.0,0.0,Wellington Region,Nil,2-way,Sealed,0.0,0.0,0,0.0,50.0,0.0,Off,1.0,0.0,,47,Wellington City,Unknown,0.0,0.0,0.0,0.0,0.0,0.0,Urban,0.0,0.0,0.0,Light rain,Null,0
66430392,,573101,0.0,,0.0,2.0,,West,2018/2019,WAKEFIELD STREET,TARANAKI STREET,,Non-Injury Crash,No,2019,,East,,0,,Flat,,,,,,Dark,2133100,0,0.0,0.0,3.0,,,0.0,,,,,,Wellington Region,Nil,2-way,Sealed,,0.0,0,,50.0,,On,0.0,2.0,,47,Wellington City,Nil,,,,,0.0,0.0,Urban,0.0,,,Light rain,Null,0
66430393,,573101,0.0,,0.0,0.0,,Null,2019/2020,DIXON STREET,CHRISTESON LANE,,Non-Injury Crash,No,2019,,West,,0,,Null,,,,,,Unknown,2131500,0,0.0,0.0,2.0,,,0.0,,,,,,Wellington Region,Nil,1-way,Sealed,,0.0,0,,50.0,,Null,1.0,0.0,,47,Wellington City,Nil,,,,,0.0,0.0,Urban,0.0,,,Null,Null,0
66430398,,575200,0.0,0.0,0.0,1.0,0.0,South,2018/2019,THE RIGI,GOVERNOR ROAD,,Non-Injury Crash,No,2019,0.0,North,0.0,0,0.0,Hill Road,1.0,Queens Birthday,0.0,,0.0,Dark,2150100,0,0.0,0.0,1.0,0.0,0.0,0.0,0.0,0.0,,0.0,0.0,Wellington Region,Nil,1-way,Sealed,0.0,0.0,0,0.0,50.0,0.0,On,0.0,0.0,,47,Wellington City,Unknown,0.0,0.0,0.0,0.0,0.0,0.0,Urban,0.0,0.0,0.0,Fine,Null,0
66430401,,573526,0.0,,1.0,1.0,,West,2019/2020,002-0962/12.85-I,HOROKIWI ROAD,,Minor Crash,Yes,2019,,West,,0,,Flat,,,,,,Bright sun,2086403,1,0.0,0.0,2.0,,,0.0,,,,,,Wellington Region,Nil,1-way,Sealed,,0.0,0,,100.0,,Off,0.0,0.0,,47,Wellington City,Unknown,,,,,0.0,0.0,Open,1.0,,,Fine,Null,0
66430404,,576500,0.0,,0.0,1.0,,South,2019/2020,ADELAIDE ROAD,HOSPITAL ROAD,,Non-Injury Crash,No,2019,,North,,0,,Flat,,,,,,Overcast,2148602,0,0.0,0.0,4.0,,,0.0,,,1.0,,,Wellington Region,Nil,2-way,Sealed,,0.0,0,,50.0,,Off,0.0,0.0,,47,Wellington City,Nil,,,,,0.0,0.0,Urban,0.0,,,Fine,Null,0
66430409,,576200,0.0,,0.0,1.0,,Null,2019/2020,ADELAIDE ROAD,LUXFORD STREET,,Serious Crash,No,2020,,North,,0,,Flat,,,,,,Overcast,2171200,0,0.0,0.0,3.0,,,0.0,,,1.0,,,Wellington Region,Nil,2-way,Sealed,,0.0,1,,50.0,,Off,0.0,0.0,,47,Wellington City,Traffic Signals,,,,,0.0,0.0,Urban,0.0,,,Fine,Null,1
66430433,,573000,0.0,,0.0,2.0,,East,2018/2019,WARING TAYLOR STREET,LAMBTON QUAY,,Non-Injury Crash,No,2018,,East,,0,,Null,,,,,,Overcast,2125200,0,0.0,0.0,1.0,,,0.0,,,,,,Wellington Region,Nil,1-way,Sealed,,0.0,0,,30.0,,Off,0.0,0.0,,47,Wellington City,Nil,,,,,0.0,0.0,Urban,0.0,,,Null,Null,0
66430468,,575600,0.0,,0.0,1.0,,South,2018/2019,MITCHELL ST,KAREPA STREET,,Non-Injury Crash,No,2019,,South,,0,,Flat,,,,,,Overcast,2161502,0,0.0,0.0,2.0,,,0.0,,,,,,Wellington Region,Nil,2-way,Sealed,,0.0,0,,50.0,,Off,1.0,0.0,,47,Wellington City,Nil,,,,,0.0,0.0,Urban,0.0,,,Fine,Null,0
66430476,,576002,1.0,,0.0,1.0,,Null,2019/2020,CLYDE STREET,AVON STREET,,Serious Crash,No,2019,,South,,0,,Hill Road,,,,,,Bright sun,2192700,0,0.0,0.0,2.0,,,0.0,,,,,,Wellington Region,Nil,2-way,Sealed,,0.0,1,,50.0,,Off,0.0,0.0,,47,Wellington City,Give way,,,,,0.0,0.0,Urban,0.0,,,Fine,Null,0
66430488,,573526,0.0,0.0,0.0,0.0,0.0,North,2019/2020,HUTT ROAD,WEIGH PIT,,Non-Injury Crash,Yes,2020,0.0,North,0.0,0,0.0,Flat,0.0,,0.0,,0.0,Overcast,2077503,0,0.0,0.0,4.0,0.0,0.0,0.0,1.0,0.0,,0.0,0.0,Wellington Region,Nil,2-way,Sealed,0.0,0.0,0,0.0,100.0,0.0,Off,0.0,0.0,,47,Wellington City,Nil,0.0,0.0,0.0,0.0,1.0,0.0,Open,0.0,0.0,0.0,Fine,Null,1
66430495,,575000,0.0,0.0,0.0,1.0,1.0,West,2018/2019,BIRDWOOD ST,CHAYTOR STREET,,Minor Crash,No,2019,0.0,South,0.0,0,0.0,Hill Road,0.0,,0.0,,0.0,Overcast,2111100,1,0.0,0.0,2.0,0.0,0.0,0.0,0.0,0.0,,0.0,0.0,Wellington Region,Nil,2-way,Sealed,0.0,0.0,0,0.0,50.0,0.0,Off,1.0,0.0,,47,Wellington City,Unknown,0.0,0.0,0.0,0.0,0.0,0.0,Urban,0.0,0.0,0.0,Light rain,Strong wind,0
66430531,,573511,0.0,0.0,0.0,2.0,0.0,North,2019/2020,JOHNSONVILLE PORIRUA MOTORWAY,TAWA-GRENADA NORTH OFF RAMP,,Non-Injury Crash,Yes,2019,0.0,North,0.0,0,0.0,Flat,0.0,,0.0,,0.0,Dark,2086201,0,0.0,0.0,2.0,0.0,0.0,0.0,0.0,0.0,,0.0,0.0,Wellington Region,Nil,1-way,Sealed,0.0,0.0,0,0.0,100.0,0.0,None,0.0,0.0,,47,Wellington City,Nil,0.0,0.0,0.0,0.0,0.0,0.0,Open,0.0,0.0,0.0,Fine,Null,0
66430567,,576903,0.0,,0.0,3.0,,East,2019/2020,01N-1076,MOXHAM AVENUE,,Non-Injury Crash,Yes,2019,,West,,0,,Hill Road,,,,,,Bright sun,2180300,0,0.0,0.0,4.0,,,0.0,,,,,,Wellington Region,Nil,2-way,Sealed,,0.0,0,,50.0,,Off,0.0,1.0,,47,Wellington City,Unknown,,,,,0.0,0.0,Urban,0.0,,,Fine,Null,0
66430572,,577500,0.0,,0.0,1.0,,South,2019/2020,SEATOUN TUNNEL,LUDLAM STREET,,Minor Crash,No,2019,,North,,0,,Flat,,,,,,Overcast,2213300,1,0.0,0.0,2.0,,,0.0,,,,,,Wellington Region,Tunnel,2-way,Sealed,,0.0,0,,50.0,,On,1.0,0.0,,47,Wellington City,Nil,,,,,0.0,0.0,Urban,0.0,,,Light rain,Null,0
66430575,,576901,0.0,,0.0,1.0,,Null,2019/2020,RONGOTAI ROAD,ROSS STREET,,Minor Crash,No,2019,,West,,0,,Flat,,,,,,Bright sun,2177100,1,0.0,1.0,2.0,,,0.0,,,,,,Wellington Region,Nil,2-way,Sealed,,0.0,0,,50.0,,Off,0.0,0.0,,47,Wellington City,Give way,,,,,0.0,0.0,Urban,0.0,,,Fine,Null,0
66430585,,573000,0.0,,0.0,2.0,,Null,2019/2020,FEATHERSTON STREET,JOHNSTON STREET,,Non-Injury Crash,No,2019,,South,,0,,Null,,,,,,Twilight,2125400,0,0.0,0.0,2.0,,,0.0,,,,,,Wellington Region,Nil,1-way,Sealed,,0.0,0,,50.0,,On,0.0,0.0,,47,Wellington City,Traffic Signals,,,,,0.0,0.0,Urban,0.0,,,Fine,Null,0
66430589,,575600,0.0,0.0,0.0,2.0,0.0,North,2018/2019,OHIRO RD,TAFT STREET,,Non-Injury Crash,No,2019,0.0,South,0.0,0,0.0,Flat,0.0,,0.0,,0.0,Dark,2162400,0,0.0,0.0,2.0,0.0,0.0,0.0,0.0,1.0,,0.0,0.0,Wellington Region,Nil,2-way,Sealed,0.0,0.0,0,0.0,50.0,0.0,On,0.0,0.0,,47,Wellington City,Unknown,0.0,0.0,0.0,0.0,0.0,0.0,Urban,0.0,0.0,0.0,Fine,Null,0