OBJECTID,advisorySpeed,areaUnitID,bicycle,bridge,bus,carStationWagon,cliffBank,crashDirectionDescription,crashFinancialYear,crashLocation1,crashLocation2,crashRoadSideRoad,crashSeverity,crashSHDescription,crashYear,debris,directionRoleDescription,ditch,fatalCount,fence,flatHill,guardRail,holiday,houseOrBuilding,intersection,kerb,light,meshblockId,minorInjuryCount,moped,motorcycle,NumberOfLanes,objectThrownOrDropped,otherObject,otherVehicleType,overBank,parkedVehicle,pedestrian,phoneBoxEtc,postOrPole,region,roadCharacter,roadLane,roadSurface,roadworks,schoolBus,seriousInjuryCount,slipOrFlood,speedLimit,strayAnimal,streetLight,suv,taxi,temporarySpeedLimit,tlaId,tlaName,trafficControl,trafficIsland,trafficSign,train,tree,truck,unknownVehicleType,urban,vanOrUtility,vehicle,waterRiver,weatherA,weatherB,if_pandemic
66430596,,574002,0.0,,0.0,1.0,,West,2018/2019,01N-1060-I,WAKELY ROAD,,Non-Injury Crash,Yes,2019,,South,,0,,Hill Road,,,,,,Overcast,2078304,0,0.0,0.0,3.0,,,0.0,,,,,,Wellington Region,Nil,1-way,Sealed,,0.0,0,,80.0,,Off,0.0,0.0,,47,Wellington City,Unknown,,,,,0.0,0.0,Open,1.0,,,Fine,Null,0
66430599,,573000,0.0,0.0,0.0,3.0,0.0,North,2019/2020,THE TERRACE,DIXON STREET,,Non-Injury Crash,No,2019,0.0,North,0.0,0,0.0,Hill Road,0.0,,0.0,,0.0,Overcast,2128200,0,0.0,0.0,2.0,0.0,0.0,0.0,0.0,1.0,,0.0,0.0,Wellington Region,Nil,2-way,Sealed,0.0,0.0,0,0.0,50.0,0.0,Off,0.0,0.0,,47,Wellington City,Unknown,0.0,0.0,0.0,0.0,0.0,0.0,Urban,0.0,0.0,0.0,Light rain,Null,0
66430612,,575200,0.0,,0.0,2.0,,Null,2018/2019,NORTHLAND ROAD,GARDEN ROAD,,Non-Injury Crash,No,2018,,West,,0,,Flat,,,,,,Unknown,2150900,0,0.0,0.0,2.0,,,0.0,,,,,,Wellington Region,Nil,2-way,Sealed,,0.0,0,,50.0,,Null,0.0,0.0,,47,Wellington City,Give way,,,,,0.0,0.0,Urban,0.0,,,Null,Null,0
66430673,,573400,0.0,,0.0,1.0,,Null,2018/2019,PIRIE STREET,HANIA STREET,,Non-Injury Crash,No,2018,,West,,0,,Hill Road,,,,,,Unknown,2141300,0,0.0,0.0,2.0,,,0.0,,,,,,Wellington Region,Nil,2-way,Sealed,,0.0,0,,50.0,,Null,0.0,0.0,,47,Wellington City,Stop,,,,,0.0,0.0,Urban,1.0,,,Fine,Null,0
66430693,,574800,0.0,,0.0,1.0,,East,2019/2020,CHAYTOR STREET,OLD KARORI ROAD,,Non-Injury Crash,No,2019,,South,,0,,Hill Road,,,,,,Overcast,2106100,0,0.0,0.0,2.0,,,0.0,,,,,,Wellington Region,Nil,2-way,Sealed,,0.0,0,,50.0,,Off,0.0,0.0,,47,Wellington City,Nil,,,,,0.0,0.0,Urban,0.0,,,Heavy rain,Null,0
66430726,,572600,0.0,0.0,0.0,3.0,0.0,North,2018/2019,MAIN ROAD,ESSEX STREET,,Non-Injury Crash,No,2019,0.0,South,0.0,0,0.0,Flat,0.0,,0.0,,1.0,Overcast,1992000,0,0.0,0.0,2.0,0.0,0.0,0.0,0.0,1.0,,1.0,0.0,Wellington Region,Speed hump,2-way,Sealed,0.0,0.0,0,0.0,50.0,0.0,Off,0.0,0.0,,47,Wellington City,Nil,0.0,0.0,0.0,0.0,0.0,0.0,Urban,0.0,0.0,0.0,Fine,Null,0
66430736,,573101,0.0,,0.0,1.0,,Null,2019/2020,COURTENAY PLACE,TORY STREET,,Non-Injury Crash,No,2019,,North,,0,,Flat,,,,,,Bright sun,2135900,0,0.0,0.0,2.0,,,0.0,,,,,,Wellington Region,Nil,2-way,Sealed,,0.0,0,,30.0,,Off,0.0,0.0,,47,Wellington City,Traffic Signals,,,,,0.0,0.0,Urban,1.0,,,Fine,Null,0
66430752,,573101,0.0,,0.0,2.0,,Null,2019/2020,KENT TERRACE,MAJORIBANKS STREET,,Non-Injury Crash,No,2019,,South,,0,,Flat,,,,,,Bright sun,2135700,0,0.0,0.0,3.0,,,0.0,,,,,,Wellington Region,Nil,1-way,Sealed,,0.0,0,,50.0,,Off,0.0,0.0,,47,Wellington City,Traffic Signals,,,,,0.0,0.0,Urban,0.0,,,Fine,Null,0
66430784,,576400,0.0,0.0,0.0,1.0,0.0,Null,2019/2020,EMMETT STREET,RIDDFORD STREET,,Non-Injury Crash,No,2020,0.0,East,0.0,0,0.0,Null,0.0,,0.0,,0.0,Bright sun,2166900,0,1.0,0.0,2.0,0.0,0.0,0.0,0.0,1.0,,0.0,0.0,Wellington Region,Nil,2-way,Sealed,0.0,0.0,0,0.0,50.0,0.0,Off,0.0,0.0,,47,Wellington City,Nil,0.0,0.0,0.0,0.0,0.0,0.0,Urban,0.0,0.0,0.0,Fine,Null,1
66430841,,573000,0.0,,0.0,2.0,,South,2018/2019,VICTORIA ST,WILLESTON STREET,,Non-Injury Crash,No,2018,,South,,0,,Flat,,,,,,Dark,2127500,0,0.0,0.0,2.0,,,0.0,,,,,,Wellington Region,Nil,1-way,Sealed,,0.0,0,,50.0,,On,0.0,0.0,,47,Wellington City,Unknown,,,,,0.0,0.0,Urban,0.0,,,Fine,Null,0
66430968,,573700,0.0,,0.0,2.0,,South,2018/2019,JOHNSONVILLE ROAD,BRODERICK ROAD,,Minor Crash,No,2019,,North,,0,,Flat,,,,,,Bright sun,2082900,1,0.0,0.0,3.0,,,0.0,,,,,,Wellington Region,Nil,2-way,Sealed,,0.0,0,,50.0,,Off,0.0,0.0,,47,Wellington City,Nil,,,,,0.0,0.0,Urban,0.0,,,Fine,Null,0
66430996,,573000,0.0,,0.0,2.0,,North,2018/2019,WHITMORE STREET,WATERLOO QUAY,,Non-Injury Crash,No,2019,,South,,0,,Null,,,,,,Unknown,2124300,0,0.0,0.0,5.0,,,0.0,,,,,,Wellington Region,Nil,2-way,Sealed,,0.0,0,,50.0,,Off,0.0,0.0,,47,Wellington City,Nil,,,,,0.0,0.0,Urban,0.0,,,Fine,Null,0
66431003,,572500,0.0,,0.0,1.0,,Null,2019/2020,BOSCOBEL LANE,WILLOWBANK ROAD ,,Non-Injury Crash,No,2019,,South,,0,,Flat,,,,,,Bright sun,1986300,0,0.0,0.0,2.0,,,0.0,,,,,,Wellington Region,Nil,2-way,Null,,0.0,0,,50.0,,Off,0.0,0.0,,47,Wellington City,Give way,,,,,0.0,0.0,Urban,1.0,,,Fine,Null,0
66431007,,573101,0.0,,0.0,2.0,,West,2019/2020,COURTENAY PLACE,TORY STREET,,Non-Injury Crash,No,2019,,East,,0,,Flat,,,,,,Overcast,2135600,0,0.0,0.0,1.0,,,0.0,,,,,,Wellington Region,Nil,1-way,Sealed,,0.0,0,,30.0,,Null,0.0,0.0,,47,Wellington City,Nil,,,,,0.0,0.0,Urban,0.0,,,Null,Null,0
66431039,,573101,0.0,,0.0,1.0,,North,2018/2019,VICTORIA STREET,DIXON STREET,,Non-Injury Crash,No,2018,,South,,0,,Flat,,,,,,Overcast,2131300,0,0.0,0.0,4.0,,,0.0,,,,,,Wellington Region,Nil,2-way,Sealed,,0.0,0,,50.0,,On,0.0,0.0,,47,Wellington City,Nil,,,,,1.0,0.0,Urban,0.0,,,Light rain,Null,0
66431067,,576002,0.0,0.0,0.0,4.0,0.0,North,2020/2021,THE PARADE,MERSEY STREET,,Non-Injury Crash,No,2020,0.0,North,0.0,0,0.0,Flat,0.0,,0.0,,0.0,Dark,2190600,0,0.0,0.0,2.0,0.0,0.0,0.0,0.0,3.0,,0.0,0.0,Wellington Region,Nil,2-way,Sealed,0.0,0.0,0,0.0,50.0,0.0,On,0.0,0.0,,47,Wellington City,Nil,0.0,0.0,0.0,0.0,0.0,0.0,Urban,0.0,0.0,0.0,Fine,Null,1
66431072,,573700,0.0,,0.0,2.0,,Null,2019/2020,MOOREFIELD ROAD,HELSTON ROAD,,Non-Injury Crash,No,2019,,North,,0,,Flat,,,,,,Unknown,2082300,0,0.0,0.0,2.0,,,0.0,,,,,,Wellington Region,Nil,1-way,Sealed,,0.0,0,,50.0,,Null,0.0,0.0,,47,Wellington City,Give way,,,,,0.0,0.0,Urban,0.0,,,Null,Null,0
66431103,,573000,1.0,,0.0,1.0,,Null,2019/2020,THE TERRACE,MACDONALD CRESCENT,,Minor Crash,No,2019,,South,,0,,Hill Road,,,,,,Overcast,2128700,1,0.0,0.0,2.0,,,0.0,,,,,,Wellington Region,Nil,2-way,Sealed,,0.0,0,,50.0,,Off,0.0,0.0,,47,Wellington City,Stop,,,,,0.0,0.0,Urban,0.0,,,Fine,Null,0
66431115,,573101,1.0,,0.0,0.0,,South,2019/2020,TARANAKI STREET,WAKEFIELD STREET,,Non-Injury Crash,No,2019,,North,,0,,Null,,,,,,Unknown,2133200,0,0.0,0.0,5.0,,,0.0,,,,,,Wellington Region,Nil,2-way,Sealed,,0.0,0,,50.0,,Null,1.0,0.0,,47,Wellington City,Nil,,,,,0.0,0.0,Urban,0.0,,,Null,Null,0
66431122,,577700,0.0,0.0,0.0,0.0,1.0,South,2018/2019,SOUTH MAKARA RD,OTERANGA BAY ROAD,,Non-Injury Crash,No,2019,0.0,North,0.0,0,0.0,Hill Road,0.0,,0.0,,0.0,Dark,2116801,0,0.0,0.0,2.0,0.0,0.0,0.0,1.0,0.0,,0.0,0.0,Wellington Region,Nil,2-way,Sealed,0.0,0.0,0,0.0,50.0,0.0,None,0.0,0.0,,47,Wellington City,Unknown,0.0,0.0,0.0,1.0,0.0,0.0,Urban,1.0,0.0,0.0,Fine,Null,0
66431175,,572900,0.0,,0.0,1.0,,Null,2019/2020,TINAKORI RD,TINAKORI ROAD ON RAMP,,Serious Crash,No,2019,,North,,0,,Flat,,,,,,Bright sun,2120100,1,0.0,1.0,2.0,,,0.0,,,,,,Wellington Region,Nil,2-way,Sealed,,0.0,1,,50.0,,Off,0.0,0.0,,47,Wellington City,Traffic Signals,,,,,0.0,0.0,Urban,0.0,,,Fine,Null,0
66431201,,572900,0.0,0.0,0.0,2.0,0.0,North,2019/2020,HUTT RD-CBD,SAR STREET,,Non-Injury Crash,No,2019,0.0,South,0.0,0,0.0,Flat,0.0,,0.0,,0.0,Unknown,2117102,0,0.0,0.0,3.0,0.0,0.0,0.0,0.0,1.0,,0.0,0.0,Wellington Region,Nil,2-way,Sealed,0.0,0.0,0,0.0,50.0,0.0,On,0.0,0.0,,47,Wellington City,Unknown,0.0,0.0,0.0,0.0,0.0,0.0,Urban,0.0,0.0,0.0,Fine,Null,0
66431205,,577301,0.0,,0.0,2.0,,North,2019/2020,MIRAMAR NORTH ROAD,PARK ROAD,,Non-Injury Crash,No,2019,,North,,0,,Flat,,,,,,Overcast,2202900,0,0.0,0.0,2.0,,,0.0,,,,,,Wellington Region,Nil,2-way,Sealed,,0.0,0,,30.0,,None,0.0,0.0,,47,Wellington City,Nil,,,,,0.0,0.0,Urban,0.0,,,Fine,Null,0
66431237,,576800,0.0,0.0,0.0,0.0,0.0,Null,2018/2019,RAKAU RD,ARIKI RD,,Non-Injury Crash,No,2018,0.0,South,0.0,0,0.0,Flat,0.0,,0.0,,0.0,Dark,2185100,0,0.0,0.0,2.0,0.0,0.0,0.0,0.0,1.0,,0.0,0.0,Wellington Region,Nil,2-way,Sealed,0.0,0.0,0,0.0,50.0,0.0,On,1.0,0.0,,47,Wellington City,Unknown,0.0,0.0,0.0,0.0,0.0,1.0,Urban,0.0,0.0,0.0,Fine,Null,0
66431256,,573000,1.0,,0.0,1.0,,Null,2019/2020,THE TERRACE,THE TERRACE,,Minor Crash,No,2020,,North,,0,,Hill Road,,,,,,Bright sun,2123700,1,0.0,0.0,2.0,,,0.0,,,,,,Wellington Region,Nil,2-way,Sealed,,0.0,0,,50.0,,Off,0.0,0.0,,47,Wellington City,Unknown,,,,,0.0,0.0,Urban,0.0,,,Fine,Null,1
66431295,,573511,0.0,0.0,0.0,1.0,1.0,South,2019/2020,MIDDLETON RD,RICHMOND HILL,,Non-Injury Crash,No,2019,0.0,South,0.0,0,0.0,Flat,0.0,,0.0,,0.0,Bright sun,2086502,0,0.0,0.0,2.0,0.0,0.0,0.0,0.0,0.0,,0.0,0.0,Wellington Region,Nil,2-way,Sealed,0.0,0.0,0,0.0,70.0,0.0,Off,0.0,0.0,,47,Wellington City,Unknown,0.0,0.0,0.0,0.0,0.0,0.0,Urban,0.0,0.0,0.0,Fine,Frost,0
66431436,35.0,572900,0.0,0.0,0.0,0.0,0.0,Null,2019/2020,AOTEA QUAY ON RAMP,AOTEA QUAY,,Non-Injury Crash,No,2019,0.0,West,0.0,0,0.0,Hill Road,1.0,,0.0,,0.0,Dark,2118400,0,0.0,0.0,1.0,0.0,0.0,0.0,0.0,0.0,,0.0,0.0,Wellington Region,Nil,1-way,Sealed,0.0,0.0,0,0.0,50.0,0.0,On,0.0,0.0,,47,Wellington City,Give way,0.0,0.0,0.0,0.0,1.0,0.0,Urban,0.0,0.0,0.0,Fine,Null,0
66431479,,577102,0.0,0.0,0.0,3.0,0.0,North,2019/2020,BEACON HILL ROAD,TANNADYCE STREET,,Non-Injury Crash,No,2020,0.0,North,0.0,0,0.0,Hill Road,0.0,,0.0,,0.0,Dark,2213400,0,0.0,0.0,2.0,0.0,0.0,0.0,0.0,1.0,,0.0,0.0,Wellington Region,Nil,2-way,Sealed,0.0,0.0,0,0.0,50.0,0.0,On,0.0,0.0,,47,Wellington City,Nil,0.0,0.0,0.0,0.0,0.0,0.0,Urban,0.0,0.0,0.0,Fine,Null,1
66431491,,574900,0.0,0.0,0.0,0.0,0.0,North,2019/2020,MAKARA ROAD,ALLINGTON ROAD,,Non-Injury Crash,No,2019,0.0,Null,0.0,0,0.0,Null,0.0,,0.0,,0.0,Unknown,2110200,0,0.0,0.0,2.0,0.0,0.0,0.0,0.0,1.0,,0.0,0.0,Wellington Region,Nil,2-way,Sealed,0.0,0.0,0,0.0,50.0,0.0,Null,0.0,0.0,,47,Wellington City,Nil,0.0,0.0,0.0,0.0,0.0,0.0,Urban,1.0,0.0,0.0,Null,Null,0
66431544,,573300,0.0,,0.0,1.0,,Null,2019/2020,SUSSEX STREET,BUCKLE STREET,,Non-Injury Crash,Yes,2020,,North,,0,,Flat,,,,,,Overcast,2145602,0,0.0,0.0,3.0,,,0.0,,,,,,Wellington Region,Nil,1-way,Sealed,,0.0,0,,50.0,,Off,1.0,0.0,,47,Wellington City,Nil,,,,,0.0,0.0,Urban,0.0,,,Light rain,Null,1
66431552,,574002,0.0,,0.0,1.0,,Null,2019/2020,NGAURANGA GORGE ROAD,MALVERN ROAD,,Non-Injury Crash,No,2019,,South,,0,,Flat,,,,,,Overcast,2078302,0,0.0,0.0,2.0,,,0.0,,,,,,Wellington Region,Underpass,1-way,Sealed,,0.0,0,,80.0,,Off,0.0,0.0,,47,Wellington City,Unknown,,,,,0.0,0.0,Open,1.0,,,Light rain,Null,0
66431571,,573300,1.0,,0.0,0.0,,Null,2019/2020,BELFAST STREET,RUGBY STREET,,Non-Injury Crash,No,2020,,East,,0,,Flat,,,,,,Bright sun,2145602,0,0.0,0.0,3.0,,,0.0,,,,,,Wellington Region,Nil,1-way,Sealed,,0.0,0,,50.0,,Off,0.0,0.0,,47,Wellington City,Give way,,,,,0.0,0.0,Urban,0.0,,,Fine,Null,1
66431594,,572900,0.0,,0.0,1.0,,Null,2019/2020,GRANT ROAD,PARK STREET,,Non-Injury Crash,No,2019,,West,,0,,Hill Road,,,,,,Bright sun,2120400,0,0.0,1.0,2.0,,,0.0,,,,,,Wellington Region,Nil,2-way,Sealed,,0.0,0,,50.0,,Off,0.0,0.0,,47,Wellington City,Give way,,,,,0.0,0.0,Urban,0.0,,,Fine,Null,0
66431601,,572900,0.0,,0.0,1.0,,East,2019/2020,BUNNY STREET,FEATHERSTON STREET,,Non-Injury Crash,No,2019,,North,,0,,Flat,,,,,,Dark,2122700,0,0.0,0.0,2.0,,,0.0,,,,,,Wellington Region,Nil,2-way,Sealed,,0.0,0,,50.0,,On,0.0,0.0,,47,Wellington City,Unknown,,,,,0.0,0.0,Urban,1.0,,,Fine,Null,0
66431618,,575702,0.0,0.0,0.0,1.0,0.0,South,2019/2020,LIARDET STREET,SHORT STREET,,Non-Injury Crash,No,2019,0.0,South,0.0,0,0.0,Hill Road,0.0,,0.0,,0.0,Bright sun,2199400,0,0.0,0.0,2.0,0.0,0.0,0.0,0.0,1.0,,0.0,1.0,Wellington Region,Speed hump,2-way,Sealed,0.0,0.0,0,0.0,50.0,0.0,Off,0.0,0.0,,47,Wellington City,Unknown,0.0,0.0,0.0,0.0,1.0,0.0,Urban,0.0,0.0,0.0,Fine,Strong wind,0
66431638,,572600,0.0,,0.0,2.0,,Null,2018/2019,MAIN ROAD,VICTORY CRESCENT,,Non-Injury Crash,No,2019,,North,,0,,Flat,,,,,,Overcast,1991800,0,0.0,0.0,2.0,,,0.0,,,,,,Wellington Region,Nil,2-way,Sealed,,0.0,0,,50.0,,Off,0.0,0.0,,47,Wellington City,Give way,,,,,0.0,0.0,Urban,0.0,,,Fine,Null,0
66431664,,577400,1.0,,0.0,1.0,,South,2019/2020,MASSEY RD,PRETORIA ROAD,,Minor Crash,No,2020,,South,,0,,Flat,,,,,,Bright sun,2200600,1,0.0,0.0,2.0,,,0.0,,,,,,Wellington Region,Speed hump,2-way,Sealed,,0.0,0,,50.0,,Off,0.0,0.0,,47,Wellington City,Unknown,,,,,0.0,0.0,Urban,0.0,,,Fine,Null,1
66431700,,573101,0.0,,0.0,2.0,,Null,2019/2020,TORY STREET,VIVIAN STREET,,Non-Injury Crash,No,2019,,North,,0,,Null,,,,,,Bright sun,2136500,0,0.0,0.0,2.0,,,0.0,,,,,,Wellington Region,Nil,2-way,Sealed,,0.0,0,,50.0,,On,0.0,0.0,,47,Wellington City,Traffic Signals,,,,,0.0,0.0,Urban,0.0,,,Null,Null,0
66431710,,573101,0.0,,0.0,1.0,,Null,2018/2019,CABLE STREET,TARANAKI STREET,,Non-Injury Crash,No,2019,,North,,0,,Flat,,,,,,Bright sun,2135200,0,0.0,0.0,4.0,,,0.0,,,,,,Wellington Region,Nil,2-way,Sealed,,0.0,0,,50.0,,Off,1.0,0.0,,47,Wellington City,Traffic Signals,,,,,0.0,0.0,Urban,0.0,,,Fine,Null,0
66431765,,577200,0.0,,0.0,0.0,,North,2018/2019,HOBART STREET,STRATHAVON ROAD,,Non-Injury Crash,No,2019,,South,,0,,Flat,,,,,,Bright sun,2208300,0,1.0,0.0,2.0,,,0.0,,,,,,Wellington Region,Nil,2-way,Sealed,,0.0,0,,50.0,,Off,1.0,0.0,,47,Wellington City,Nil,,,,,0.0,0.0,Urban,0.0,,,Fine,Null,0
66431803,,576500,0.0,,0.0,1.0,,South,2019/2020,ADELAIDE RD,DRUMMOND ST,,Minor Crash,No,2019,,North,,0,,Flat,,,,,,Bright sun,2148400,1,1.0,0.0,3.0,,,0.0,,,,,,Wellington Region,Nil,2-way,Sealed,,0.0,0,,50.0,,Off,0.0,0.0,,47,Wellington City,Nil,,,,,0.0,0.0,Urban,0.0,,,Fine,Null,0
66431806,,575600,0.0,,0.0,1.0,,North,2018/2019,KAREPA ST,ASHTON FITCHETT DRIVE,,Minor Crash,No,2019,,North,,0,,Hill Road,,,,,,Dark,2160900,1,0.0,1.0,1.0,,,0.0,,,,,,Wellington Region,Nil,2-way,Sealed,,0.0,0,,50.0,,On,0.0,0.0,,47,Wellington City,Unknown,,,,,0.0,0.0,Urban,0.0,,,Fine,Null,0
66431846,,573101,0.0,,0.0,2.0,,Null,2018/2019,TARANAKI STREET,COURTENAY PLACE,,Minor Crash,No,2019,,South,,0,,Flat,,,,,,Dark,2133200,1,0.0,0.0,3.0,,,0.0,,,,,,Wellington Region,Nil,2-way,Sealed,,0.0,0,,30.0,,On,0.0,1.0,,47,Wellington City,Traffic Signals,,,,,0.0,0.0,Urban,0.0,,,Fine,Null,0
66431902,,577700,0.0,0.0,0.0,0.0,0.0,West,2018/2019,TAKARAU GORGE RD,RIFLE RANGE RD,,Non-Injury Crash,No,2019,0.0,North,0.0,0,1.0,Flat,0.0,,0.0,,0.0,Dark,2117003,0,0.0,0.0,2.0,0.0,0.0,0.0,0.0,0.0,,0.0,0.0,Wellington Region,Nil,2-way,Sealed,0.0,0.0,0,0.0,50.0,0.0,None,1.0,0.0,,47,Wellington City,Unknown,0.0,0.0,0.0,1.0,0.0,0.0,Urban,0.0,0.0,0.0,Fine,Null,0
66431992,,575800,0.0,0.0,0.0,2.0,0.0,South,2018/2019,THE RIDGEWAY,FARNHAM STREET,,Non-Injury Crash,No,2019,0.0,South,0.0,0,0.0,Flat,0.0,,0.0,,0.0,Dark,2196901,0,0.0,0.0,2.0,0.0,0.0,0.0,0.0,1.0,,0.0,0.0,Wellington Region,Nil,2-way,Sealed,0.0,0.0,0,0.0,50.0,0.0,On,0.0,0.0,,47,Wellington City,Unknown,0.0,0.0,0.0,0.0,0.0,0.0,Urban,0.0,0.0,0.0,Fine,Null,0
66431995,,573000,0.0,,0.0,2.0,,Null,2019/2020,WILLESTON STREET,LAMBTON QUAY,,Non-Injury Crash,No,2019,,West,,0,,Null,,,,,,Unknown,2127400,0,0.0,0.0,2.0,,,0.0,,,,,,Wellington Region,Nil,1-way,Null,,0.0,0,,30.0,,Null,0.0,0.0,,47,Wellington City,Traffic Signals,,,,,0.0,0.0,Urban,0.0,,,Null,Null,0
66432000,95.0,574302,0.0,0.0,0.0,1.0,0.0,South,2018/2019,01N-1068-I,ONSLOW RAIL OBR,,Non-Injury Crash,Yes,2019,0.0,South,0.0,0,0.0,Flat,1.0,Queens Birthday,0.0,,0.0,Dark,2090500,0,0.0,0.0,3.0,0.0,0.0,0.0,0.0,0.0,,0.0,0.0,Wellington Region,Nil,1-way,Sealed,0.0,0.0,0,0.0,100.0,0.0,On,0.0,0.0,,47,Wellington City,Unknown,0.0,0.0,0.0,0.0,0.0,0.0,Open,0.0,0.0,0.0,Fine,Null,0
66432003,,576500,0.0,0.0,0.0,1.0,0.0,West,2019/2020,MEIN STREET,OWEN STREET,,Non-Injury Crash,No,2019,0.0,Null,0.0,0,0.0,Flat,0.0,,0.0,,0.0,Unknown,2149200,0,0.0,0.0,2.0,0.0,0.0,0.0,0.0,1.0,,0.0,0.0,Wellington Region,Nil,2-way,Sealed,0.0,0.0,0,0.0,40.0,0.0,On,1.0,0.0,,47,Wellington City,Nil,0.0,0.0,0.0,0.0,0.0,0.0,Urban,0.0,0.0,0.0,Fine,Null,0
66432011,,573300,0.0,,0.0,2.0,,Null,2019/2020,SUSSEX STREET,ADELAIDE ROAD ,,Non-Injury Crash,Yes,2019,,North,,0,,Flat,,,,,,Overcast,2145602,0,0.0,0.0,3.0,,,0.0,,,,,,Wellington Region,Nil,1-way,Sealed,,0.0,0,,30.0,,Off,0.0,0.0,,47,Wellington City,Nil,,,,,0.0,0.0,Urban,0.0,,,Fine,Null,0
66432036,,576903,0.0,,0.0,2.0,,Null,2018/2019,HAMILTON ROAD,KILBIRNIE CRESCENT,,Non-Injury Crash,No,2019,,South,,0,,Flat,,,,,,Bright sun,2180300,0,0.0,0.0,2.0,,,0.0,,,,,,Wellington Region,Nil,2-way,Sealed,,0.0,0,,50.0,,Off,0.0,0.0,,47,Wellington City,Traffic Signals,,,,,0.0,0.0,Urban,0.0,,,Fine,Null,0
66432045,,573101,0.0,0.0,0.0,1.0,0.0,West,2018/2019,LORNE ST,CAMBRIDGE TERRACE,,Non-Injury Crash,No,2019,0.0,Null,0.0,0,0.0,Null,0.0,,0.0,,0.0,Unknown,2136200,0,0.0,0.0,0.0,0.0,0.0,0.0,0.0,1.0,,0.0,0.0,Wellington Region,Nil,Null,Null,0.0,0.0,0,0.0,,0.0,Null,0.0,0.0,,47,Wellington City,Unknown,0.0,0.0,0.0,0.0,0.0,0.0,Urban,0.0,0.0,0.0,Null,Null,0
66432047,,577102,0.0,,0.0,1.0,,South,2018/2019,SEATOUN TUNNEL,LUDLAM STREET,,Non-Injury Crash,No,2019,,South,,0,,Flat,,,,,,Dark,2213400,0,0.0,0.0,2.0,,,0.0,,,,,,Wellington Region,Tunnel,2-way,Sealed,,0.0,0,,50.0,,On,0.0,0.0,,47,Wellington City,Unknown,,,,,0.0,0.0,Urban,0.0,,,Fine,Null,0
66432068,,574002,0.0,,0.0,2.0,,North,2018/2019,002-0962/12.85-I,RAILYARD ENTRY,,Non-Injury Crash,Yes,2019,,South,,0,,Flat,,,,,,Twilight,2078302,0,0.0,0.0,2.0,,,0.0,,,,,,Wellington Region,Nil,1-way,Sealed,,0.0,0,,100.0,,On,0.0,0.0,,47,Wellington City,Unknown,,,,,0.0,0.0,Open,0.0,,,Fine,Null,0
66432107,,573300,0.0,0.0,0.0,1.0,0.0,South,2019/2020,BELFAST STREET,RUGBY STREET,,Non-Injury Crash,No,2019,0.0,North,0.0,0,0.0,Null,0.0,,0.0,,0.0,Unknown,2145700,0,0.0,0.0,2.0,0.0,0.0,0.0,0.0,1.0,,0.0,0.0,Wellington Region,Nil,2-way,Null,0.0,0.0,0,0.0,50.0,0.0,Null,0.0,0.0,,47,Wellington City,Nil,0.0,0.0,0.0,0.0,0.0,0.0,Urban,0.0,0.0,0.0,Null,Null,0
66432131,,573000,0.0,0.0,0.0,2.0,0.0,North,2018/2019,THE TERRACE,SALAMANCA ROAD,,Non-Injury Crash,No,2019,0.0,Null,0.0,0,0.0,Hill Road,0.0,,0.0,,0.0,Bright sun,2127900,0,0.0,0.0,1.0,0.0,0.0,0.0,0.0,1.0,,0.0,0.0,Wellington Region,Nil,2-way,Sealed,0.0,0.0,0,0.0,50.0,0.0,Off,0.0,0.0,,47,Wellington City,Unknown,0.0,0.0,0.0,0.0,0.0,0.0,Urban,0.0,0.0,0.0,Fine,Null,0
66432144,,573000,0.0,,1.0,1.0,,Null,2019/2020,SALAMANCA ROAD,THE TERRACE,,Non-Injury Crash,No,2019,,East,,0,,Null,,,,,,Bright sun,2126900,0,0.0,0.0,2.0,,,0.0,,,,,,Wellington Region,Nil,2-way,Sealed,,0.0,0,,50.0,,Off,0.0,0.0,,47,Wellington City,Traffic Signals,,,,,0.0,0.0,Urban,0.0,,,Null,Null,0
66432156,,576002,0.0,0.0,0.0,1.0,0.0,South,2019/2020,VOLGA STREET,BAY LAIR GROVE,,Non-Injury Crash,No,2019,0.0,Null,0.0,0,0.0,Null,0.0,Christmas New Year,0.0,,0.0,Unknown,2191602,0,0.0,0.0,2.0,0.0,0.0,0.0,0.0,1.0,,0.0,0.0,Wellington Region,Nil,2-way,Sealed,0.0,0.0,0,0.0,50.0,0.0,Null,0.0,0.0,,47,Wellington City,Nil,0.0,0.0,0.0,0.0,0.0,0.0,Urban,0.0,0.0,0.0,Null,Null,0
66432159,,573101,0.0,,0.0,2.0,,Null,2018/2019,CAMBRIDGE TERRACE,COURTENAY PLACE,,Non-Injury Crash,No,2019,,North,,0,,Flat,,,,,,Dark,2136000,0,0.0,0.0,3.0,,,0.0,,,,,,Wellington Region,Nil,1-way,Sealed,,0.0,0,,50.0,,On,0.0,1.0,,47,Wellington City,Give way,,,,,0.0,0.0,Urban,0.0,,,Fine,Null,0