OBJECTID,advisorySpeed,areaUnitID,bicycle,bridge,bus,carStationWagon,cliffBank,crashDirectionDescription,crashFinancialYear,crashLocation1,crashLocation2,crashRoadSideRoad,crashSeverity,crashSHDescription,crashYear,debris,directionRoleDescription,ditch,fatalCount,fence,flatHill,guardRail,holiday,houseOrBuilding,intersection,kerb,light,meshblockId,minorInjuryCount,moped,motorcycle,NumberOfLanes,objectThrownOrDropped,otherObject,otherVehicleType,overBank,parkedVehicle,pedestrian,phoneBoxEtc,postOrPole,region,roadCharacter,roadLane,roadSurface,roadworks,schoolBus,seriousInjuryCount,slipOrFlood,speedLimit,strayAnimal,streetLight,suv,taxi,temporarySpeedLimit,tlaId,tlaName,trafficControl,trafficIsland,trafficSign,train,tree,truck,unknownVehicleType,urban,vanOrUtility,vehicle,waterRiver,weatherA,weatherB,if_pandemic
66432199,,577200,0.0,,0.0,2.0,,South,2018/2019,01N-1076/03.72,COBHAM DRIVE,,Non-Injury Crash,Yes,2018,,North,,0,,Null,,,,,,Unknown,2206300,0,0.0,0.0,0.0,,,0.0,,,,,,Wellington Region,Nil,Null,Null,,0.0,0,,,,Null,0.0,0.0,,47,Wellington City,Unknown,,,,,0.0,0.0,Urban,0.0,,,Null,Null,0
66432208,,576901,0.0,0.0,0.0,1.0,0.0,Null,2019/2020,BAY ROAD,COUTTS STREET,,Non-Injury Crash,No,2019,0.0,South,0.0,0,0.0,Flat,0.0,,1.0,,0.0,Overcast,2178300,0,0.0,0.0,2.0,0.0,0.0,0.0,0.0,1.0,,0.0,0.0,Wellington Region,Nil,2-way,Sealed,0.0,0.0,0,0.0,50.0,0.0,Off,0.0,0.0,,47,Wellington City,Give way,0.0,1.0,0.0,0.0,0.0,0.0,Urban,1.0,0.0,0.0,Light rain,Null,0
66432247,,572900,0.0,,0.0,2.0,,Null,2018/2019,WATERLOO QUAY,HINEMOA STREET,,Non-Injury Crash,No,2018,,South,,0,,Flat,,,,,,Overcast,2118400,0,0.0,0.0,5.0,,,0.0,,,,,,Wellington Region,Nil,2-way,Sealed,,0.0,0,,50.0,,Off,0.0,0.0,,47,Wellington City,Traffic Signals,,,,,0.0,0.0,Urban,0.0,,,Light rain,Null,0
66432264,,572900,0.0,0.0,0.0,1.0,0.0,North,2019/2020,FRANDI STREET,GOLDIES BRAE,,Non-Injury Crash,No,2019,0.0,South,0.0,0,1.0,Hill Road,0.0,,0.0,,0.0,Bright sun,2117500,0,0.0,0.0,2.0,0.0,0.0,0.0,0.0,1.0,,0.0,0.0,Wellington Region,Nil,2-way,Sealed,0.0,0.0,0,0.0,50.0,0.0,Off,0.0,0.0,,47,Wellington City,Nil,0.0,0.0,0.0,0.0,0.0,0.0,Urban,0.0,0.0,0.0,Fine,Null,0
66432279,,573101,0.0,0.0,0.0,1.0,0.0,West,2018/2019,TENNYSON ST,TORY STREET,,Non-Injury Crash,No,2019,0.0,East,0.0,0,0.0,Flat,0.0,,0.0,,0.0,Dark,2136000,0,0.0,0.0,2.0,0.0,0.0,0.0,0.0,1.0,,0.0,0.0,Wellington Region,Nil,2-way,Sealed,0.0,0.0,0,0.0,50.0,0.0,On,0.0,0.0,,47,Wellington City,Unknown,0.0,0.0,0.0,0.0,0.0,0.0,Urban,1.0,0.0,0.0,Fine,Null,0
66432282,,574100,0.0,0.0,0.0,0.0,0.0,North,2018/2019,BANNISTER AVE,ATUA STREET,,Non-Injury Crash,No,2018,0.0,East,0.0,0,0.0,Flat,1.0,,0.0,,0.0,Overcast,2084800,0,0.0,0.0,2.0,0.0,0.0,0.0,0.0,0.0,,0.0,0.0,Wellington Region,Nil,2-way,Sealed,0.0,0.0,0,0.0,50.0,0.0,Off,0.0,0.0,,47,Wellington City,Nil,0.0,0.0,0.0,0.0,0.0,0.0,Urban,1.0,0.0,0.0,Fine,Null,0
66432284,,576903,0.0,,0.0,0.0,,Null,2019/2020,WELLINGTON ROAD,HAMILTON ROAD,,Non-Injury Crash,Yes,2020,,East,,0,,Flat,,,,,,Bright sun,2180300,0,0.0,0.0,4.0,,,0.0,,,,,,Wellington Region,Nil,2-way,Sealed,,0.0,0,,50.0,,None,1.0,0.0,,47,Wellington City,Traffic Signals,,,,,0.0,0.0,Urban,1.0,,,Fine,Null,1
66432285,,574002,0.0,,0.0,2.0,,North,2018/2019,002-0962/12.86-D,RAILYARD ENTRY,,Non-Injury Crash,Yes,2019,,South,,0,,Flat,,,,,,Dark,2078302,0,0.0,0.0,2.0,,,0.0,,,,,,Wellington Region,Nil,1-way,Sealed,,0.0,0,,100.0,,On,0.0,0.0,,47,Wellington City,Unknown,,,,,0.0,0.0,Open,0.0,,,Fine,Null,0
66432305,,574302,0.0,0.0,0.0,1.0,0.0,South,2018/2019,SH 1N,ONSLOW RAIL OBR,,Non-Injury Crash,Yes,2018,0.0,West,0.0,0,0.0,Flat,1.0,,0.0,,0.0,Dark,2090601,0,0.0,0.0,6.0,0.0,0.0,0.0,0.0,0.0,,0.0,0.0,Wellington Region,Nil,2-way,Sealed,0.0,0.0,0,0.0,100.0,0.0,On,0.0,0.0,,47,Wellington City,Unknown,0.0,0.0,0.0,0.0,0.0,0.0,Open,0.0,0.0,0.0,Fine,Null,0
66432309,,573300,0.0,,0.0,2.0,,South,2019/2020,WALLACE ST,HOWARD STREET,,Non-Injury Crash,No,2019,,North,,0,,Hill Road,,,,,,Overcast,2147200,0,0.0,0.0,2.0,,,0.0,,,,,,Wellington Region,Nil,2-way,Sealed,,0.0,0,,50.0,,On,0.0,0.0,,47,Wellington City,Unknown,,,,,0.0,0.0,Urban,0.0,,,Fine,Null,0
66432321,,575000,0.0,0.0,0.0,2.0,0.0,Null,2019/2020,KARORI ROAD,NOTTINGHAM STREET,,Non-Injury Crash,No,2019,0.0,West,0.0,0,0.0,Hill Road,0.0,,0.0,,0.0,Dark,2111000,0,0.0,0.0,2.0,0.0,0.0,0.0,0.0,1.0,,0.0,0.0,Wellington Region,Nil,2-way,Sealed,0.0,0.0,0,0.0,50.0,0.0,On,0.0,0.0,,47,Wellington City,Nil,0.0,0.0,0.0,0.0,0.0,0.0,Urban,0.0,0.0,0.0,Light rain,Null,0
66432373,,573101,0.0,,0.0,1.0,,North,2018/2019,TORY ST,WAKEFIELD STREET,,Non-Injury Crash,No,2019,,South,,0,,Flat,,,,,,Dark,2135200,0,0.0,0.0,2.0,,,0.0,,,,,,Wellington Region,Nil,2-way,Sealed,,0.0,0,,50.0,,On,1.0,0.0,,47,Wellington City,Unknown,,,,,0.0,0.0,Urban,0.0,,,Fine,Null,0
66432374,,574302,0.0,,0.0,1.0,,East,2018/2019,ONSLOW RD,HUTT ROAD,,Non-Injury Crash,No,2018,,North,,0,,Hill Road,,,,,,Dark,2090500,0,0.0,0.0,2.0,,,0.0,,,,,,Wellington Region,Nil,2-way,Sealed,,0.0,0,,50.0,,On,0.0,0.0,,47,Wellington City,Unknown,,,,,0.0,0.0,Urban,0.0,,,Fine,Null,0
66432383,,572701,0.0,0.0,0.0,2.0,0.0,North,2019/2020,FYVIE AVENUE,ST AIDANS WAY,,Non-Injury Crash,No,2019,0.0,South,0.0,0,0.0,Hill Road,0.0,,0.0,,0.0,Dark,1994707,0,0.0,0.0,2.0,0.0,0.0,0.0,0.0,1.0,,0.0,0.0,Wellington Region,Nil,2-way,Sealed,0.0,0.0,0,0.0,50.0,0.0,On,0.0,0.0,,47,Wellington City,Nil,0.0,0.0,0.0,0.0,0.0,0.0,Urban,0.0,0.0,0.0,Fine,Null,0
66432413,,575000,0.0,,1.0,1.0,,Null,2018/2019,KARORI ROAD,OLD KARORI ROAD,,Non-Injury Crash,No,2019,,East,,0,,Flat,,,,,,Bright sun,2111000,0,0.0,0.0,3.0,,,0.0,,,,,,Wellington Region,Nil,2-way,Sealed,,0.0,0,,50.0,,Off,0.0,0.0,,47,Wellington City,Traffic Signals,,,,,0.0,0.0,Urban,0.0,,,Fine,Null,0
66432508,,574002,0.0,,0.0,2.0,,Null,2019/2020,CENTENNIAL HIGHWAY,HUTT ROAD ON RAMP,,Non-Injury Crash,No,2019,,South,,0,,Flat,,,,,,Dark,2078302,0,0.0,0.0,6.0,,,0.0,,,,,,Wellington Region,Nil,2-way,Sealed,,0.0,0,,80.0,,On,0.0,0.0,,47,Wellington City,Traffic Signals,,,,,0.0,0.0,Open,0.0,,,Fine,Null,0
66432521,,576301,0.0,,0.0,2.0,,Null,2018/2019,RUSSELL TERRACE,TE WHAREPOURI STREET,,Non-Injury Crash,No,2019,,North,,0,,Null,,,,,,Unknown,2165900,0,0.0,0.0,2.0,,,0.0,,,,,,Wellington Region,Nil,2-way,Sealed,,0.0,0,,50.0,,Null,0.0,0.0,,47,Wellington City,Stop,,,,,0.0,0.0,Urban,0.0,,,Null,Null,0
66432522,,573101,0.0,,0.0,2.0,,Null,2018/2019,KENT TERRACE,ELLICE STREET,,Non-Injury Crash,Yes,2018,,South,,0,,Flat,,,,,,Bright sun,2137000,0,0.0,0.0,3.0,,,0.0,,,,,,Wellington Region,Nil,1-way,Sealed,,0.0,0,,50.0,,Null,0.0,0.0,,47,Wellington City,Give way,,,,,0.0,0.0,Urban,0.0,,,Fine,Null,0
66432532,,573101,0.0,,0.0,0.0,,South,2019/2020,KENT TERRACE,BASIN TURN,,Non-Injury Crash,Yes,2020,,South,,0,,Null,,,,,,Unknown,2137000,0,0.0,0.0,3.0,,,0.0,,,,,,Wellington Region,Nil,1-way,Sealed,,0.0,0,,50.0,,Null,1.0,0.0,,47,Wellington City,Isolated Pedestrian signal (non-intersection),,,,,0.0,0.0,Urban,1.0,,,Null,Null,1
66432553,,576901,0.0,,0.0,2.0,,Null,2018/2019,COBHAM DRIVE,TROY STREET,,Non-Injury Crash,Yes,2019,,West,,0,,Flat,,,,,,Dark,2176800,0,0.0,0.0,2.0,,,0.0,,,,,,Wellington Region,Nil,1-way,Sealed,,0.0,0,,70.0,,On,0.0,0.0,,47,Wellington City,Give way,,,,,0.0,0.0,Urban,0.0,,,Fine,Null,0
66432582,,573101,0.0,0.0,0.0,0.0,0.0,West,2019/2020,CABLE STREET,TORY STREET,,Non-Injury Crash,No,2020,0.0,East,0.0,0,0.0,Flat,0.0,,0.0,,0.0,Dark,2135200,0,0.0,0.0,3.0,0.0,0.0,0.0,0.0,0.0,,0.0,0.0,Wellington Region,Nil,1-way,Sealed,0.0,0.0,0,0.0,50.0,0.0,On,0.0,0.0,,47,Wellington City,Traffic Signals,0.0,0.0,0.0,1.0,0.0,0.0,Urban,1.0,0.0,0.0,Fine,Null,1
66432591,,573101,0.0,0.0,0.0,1.0,0.0,Null,2019/2020,VIVIAN STREET,TORY STREET,,Non-Injury Crash,Yes,2019,0.0,East,0.0,0,0.0,Flat,0.0,,0.0,,0.0,Dark,2136600,0,0.0,0.0,2.0,0.0,1.0,0.0,0.0,0.0,,0.0,0.0,Wellington Region,Nil,1-way,Sealed,0.0,0.0,0,0.0,50.0,0.0,On,0.0,0.0,,47,Wellington City,Traffic Signals,0.0,0.0,0.0,0.0,0.0,0.0,Urban,0.0,0.0,0.0,Light rain,Null,0
66432639,,576700,0.0,0.0,0.0,2.0,0.0,North,2018/2019,PALLISER RD,ROSENEATH TERRACE,,Non-Injury Crash,No,2019,0.0,South,0.0,0,0.0,Hill Road,0.0,,0.0,,0.0,Overcast,2185800,0,0.0,0.0,2.0,0.0,0.0,0.0,0.0,1.0,,0.0,0.0,Wellington Region,Nil,2-way,Sealed,0.0,0.0,0,0.0,50.0,0.0,Off,0.0,0.0,,47,Wellington City,Unknown,0.0,0.0,0.0,0.0,0.0,0.0,Urban,0.0,0.0,0.0,Light rain,Null,0
66432652,,573101,0.0,,0.0,1.0,,Null,2019/2020,EDWARD STREET,VICTORIA STREET,,Non-Injury Crash,No,2019,,North,,0,,Null,,,,,,Unknown,2131300,0,0.0,0.0,2.0,,,0.0,,,,,,Wellington Region,Nil,2-way,Sealed,,0.0,0,,30.0,,Null,0.0,0.0,,47,Wellington City,Nil,,,,,0.0,0.0,Urban,1.0,,,Null,Null,0
66432656,,572600,0.0,,0.0,1.0,,Null,2019/2020,OXFORD STREET,MAIN ROAD,,Non-Injury Crash,No,2020,,South,,0,,Flat,,,,,,Overcast,1992300,0,0.0,0.0,2.0,,,0.0,,,,,,Wellington Region,Nil,2-way,Sealed,,0.0,0,,50.0,,Off,0.0,0.0,,47,Wellington City,Traffic Signals,,,,,1.0,0.0,Urban,0.0,,,Fine,Null,1
66432657,,573101,0.0,,0.0,2.0,,South,2018/2019,TARANAKI ST,DIXON STREET,,Non-Injury Crash,No,2019,,North,,0,,Flat,,,,,,Dark,2133408,0,0.0,0.0,4.0,,,0.0,,,,,,Wellington Region,Nil,2-way,Sealed,,0.0,0,,50.0,,On,0.0,1.0,,47,Wellington City,Unknown,,,,,0.0,0.0,Urban,0.0,,,Fine,Null,0
66432658,,573000,0.0,0.0,0.0,0.0,0.0,Null,2018/2019,CUSTOMHOUSE QUAY,HUNTER STREET,,Non-Injury Crash,No,2018,0.0,North,0.0,0,0.0,Flat,0.0,,0.0,,0.0,Dark,2125800,0,0.0,0.0,2.0,0.0,0.0,0.0,0.0,0.0,,0.0,1.0,Wellington Region,Nil,2-way,Sealed,0.0,0.0,0,0.0,50.0,0.0,On,0.0,0.0,,47,Wellington City,Traffic Signals,0.0,0.0,0.0,0.0,1.0,0.0,Urban,0.0,0.0,0.0,Light rain,Null,0
66432659,,576200,1.0,,0.0,1.0,,Null,2019/2020,RINTOUL STREET,WARIPORI STREET,,Minor Crash,No,2020,,South,,0,,Flat,,,,,,Dark,2171500,1,0.0,0.0,2.0,,,0.0,,,,,,Wellington Region,Nil,2-way,Sealed,,0.0,0,,50.0,,On,0.0,0.0,,47,Wellington City,Traffic Signals,,,,,0.0,0.0,Urban,0.0,,,Fine,Null,1
66432707,,576100,0.0,,0.0,1.0,,Null,2019/2020,THE ESPLANADE,HOUGHTON BAY ROAD,,Non-Injury Crash,No,2019,,South,,0,,Flat,,,,,,Overcast,2194806,0,0.0,0.0,2.0,,,0.0,,,,,,Wellington Region,Nil,2-way,Sealed,,0.0,0,,50.0,,Off,0.0,0.0,,47,Wellington City,Give way,,,,,0.0,0.0,Urban,0.0,,,Fine,Null,0
66432711,,576400,0.0,0.0,0.0,2.0,0.0,West,2018/2019,CONSTABLE STREET,DANIELL STREET,,Non-Injury Crash,No,2018,0.0,East,0.0,0,0.0,Flat,0.0,,0.0,,0.0,Overcast,2168400,0,0.0,0.0,2.0,0.0,0.0,0.0,0.0,1.0,,0.0,0.0,Wellington Region,Nil,2-way,Sealed,0.0,0.0,0,0.0,50.0,0.0,Off,0.0,0.0,,47,Wellington City,Nil,0.0,0.0,0.0,0.0,0.0,0.0,Urban,0.0,0.0,0.0,Fine,Null,0
66432738,,576800,0.0,0.0,0.0,0.0,0.0,South,2018/2019,RAKAU RD,ARIKI ROAD,,Non-Injury Crash,No,2019,0.0,Null,0.0,0,0.0,Null,0.0,,1.0,,0.0,Unknown,2185100,0,0.0,0.0,0.0,0.0,0.0,0.0,0.0,0.0,,0.0,0.0,Wellington Region,Nil,Null,Null,0.0,0.0,0,0.0,,0.0,Null,0.0,0.0,,47,Wellington City,Unknown,0.0,0.0,0.0,0.0,0.0,0.0,Urban,1.0,0.0,0.0,Null,Null,0
66432751,,574303,0.0,,0.0,2.0,,Null,2019/2020,CENTENNIAL HIGHWAY,TYERS ROAD,,Non-Injury Crash,Yes,2019,,North,,0,,Hill Road,,,,,,Bright sun,2088705,0,0.0,0.0,5.0,,,0.0,,,,,,Wellington Region,Nil,2-way,Sealed,,0.0,0,,80.0,,Off,0.0,0.0,,47,Wellington City,Nil,,,,,0.0,0.0,Open,0.0,,,Fine,Null,0
66432773,,576302,1.0,0.0,0.0,1.0,0.0,North,2019/2020,ADELAIDE ROAD,DOVER STREET,,Minor Crash,No,2020,0.0,South,0.0,0,0.0,Hill Road,0.0,,0.0,,0.0,Bright sun,2166000,1,0.0,0.0,2.0,0.0,0.0,0.0,0.0,1.0,,0.0,0.0,Wellington Region,Nil,2-way,Sealed,0.0,0.0,0,0.0,50.0,0.0,Off,0.0,0.0,,47,Wellington City,Unknown,0.0,0.0,0.0,0.0,0.0,0.0,Urban,0.0,0.0,0.0,Fine,Null,1
66432791,,573000,0.0,,0.0,0.0,,South,2018/2019,01N-1068-I,AURORA TERRACE,,Non-Injury Crash,Yes,2019,,South,,0,,Flat,,,,,,Bright sun,2124700,0,0.0,0.0,1.0,,,0.0,,,,,,Wellington Region,Overpass,1-way,Sealed,,0.0,0,,100.0,,Off,0.0,0.0,,47,Wellington City,Unknown,,,,,1.0,0.0,Open,0.0,,,Fine,Null,0
66432821,,577601,0.0,0.0,0.0,2.0,0.0,South,2018/2019,MAUPUIA RD,ARANUI STREET,,Non-Injury Crash,No,2018,0.0,South,0.0,0,0.0,Flat,0.0,,0.0,,0.0,Twilight,2201601,0,0.0,0.0,2.0,0.0,0.0,0.0,0.0,1.0,,0.0,0.0,Wellington Region,Nil,2-way,Sealed,0.0,0.0,0,0.0,50.0,0.0,Null,0.0,0.0,,47,Wellington City,Unknown,0.0,0.0,0.0,0.0,0.0,0.0,Urban,0.0,0.0,0.0,Light rain,Null,0
66432828,,573101,0.0,,0.0,2.0,,Null,2018/2019,KARO DRIVE,WILLIS STREET,,Non-Injury Crash,Yes,2019,,South,,0,,Null,,,,,,Overcast,2132400,0,0.0,0.0,3.0,,,0.0,,,,,,Wellington Region,Nil,1-way,Sealed,,0.0,0,,50.0,,Off,0.0,0.0,,47,Wellington City,Traffic Signals,,,,,0.0,0.0,Urban,0.0,,,Fine,Null,0
66432843,,574001,0.0,0.0,0.0,2.0,0.0,North,2019/2020,NEWLANDS RD,WESTLEIGH WAY,,Non-Injury Crash,No,2019,0.0,South,0.0,0,0.0,Hill Road,0.0,,0.0,,0.0,Bright sun,2076200,0,0.0,0.0,2.0,0.0,0.0,0.0,0.0,0.0,,0.0,0.0,Wellington Region,Nil,2-way,Sealed,0.0,0.0,0,0.0,50.0,0.0,Off,0.0,0.0,,47,Wellington City,Unknown,0.0,0.0,0.0,0.0,0.0,0.0,Urban,0.0,1.0,0.0,Fine,Null,0
66432853,,574100,0.0,,0.0,1.0,,South,2019/2020,BURMA RD,HAUMIA STREET,,Minor Crash,No,2019,,North,,0,,Flat,,,,,,Bright sun,2085303,1,0.0,0.0,2.0,,,0.0,,,1.0,,,Wellington Region,Nil,2-way,Sealed,,0.0,0,,50.0,,Off,0.0,0.0,,47,Wellington City,Unknown,,,,,0.0,0.0,Urban,0.0,,,Fine,Null,0
66432857,,577700,0.0,0.0,0.0,1.0,0.0,North,2018/2019,OHARIU VALLEY RD,MCLINTOCK STREET NORTH,,Minor Crash,No,2019,0.0,South,0.0,0,1.0,Hill Road,0.0,,0.0,,0.0,Dark,2086713,1,0.0,0.0,2.0,0.0,0.0,0.0,0.0,0.0,,0.0,0.0,Wellington Region,Nil,2-way,Sealed,0.0,0.0,0,0.0,100.0,0.0,None,0.0,0.0,,47,Wellington City,Unknown,0.0,0.0,0.0,1.0,0.0,0.0,Open,0.0,0.0,0.0,Fine,Null,0
66432883,,576001,0.0,0.0,0.0,2.0,0.0,East,2019/2020,THE ESPLANADE,SEVERN STREET,,Serious Crash,No,2019,0.0,West,0.0,0,0.0,Flat,0.0,,0.0,,0.0,Dark,2189000,0,0.0,0.0,2.0,0.0,0.0,0.0,0.0,1.0,,0.0,0.0,Wellington Region,Nil,2-way,Sealed,0.0,0.0,1,0.0,50.0,0.0,On,0.0,0.0,,47,Wellington City,Unknown,0.0,0.0,0.0,0.0,0.0,0.0,Urban,0.0,0.0,0.0,Light rain,Null,0
66432900,,573700,0.0,,0.0,4.0,,Null,2019/2020,MOOREFIELD ROAD,JOHNSONVILLE ON RAMP,,Non-Injury Crash,No,2019,,South,,0,,Flat,,,,,,Bright sun,2082300,0,0.0,0.0,4.0,,,0.0,,,,,,Wellington Region,Nil,2-way,Sealed,,0.0,0,,50.0,,Off,0.0,0.0,,47,Wellington City,Give way,,,,,0.0,0.0,Urban,0.0,,,Fine,Null,0
66432901,,573101,0.0,0.0,0.0,2.0,0.0,West,2018/2019,01N-1075/00.13-I,WALTER ST,,Non-Injury Crash,Yes,2018,0.0,West,0.0,0,0.0,Flat,0.0,,0.0,,0.0,Dark,2131700,0,0.0,0.0,2.0,0.0,0.0,0.0,0.0,1.0,,0.0,0.0,Wellington Region,Nil,1-way,Sealed,0.0,0.0,0,0.0,50.0,0.0,On,0.0,0.0,,47,Wellington City,Unknown,0.0,0.0,0.0,0.0,0.0,0.0,Urban,0.0,0.0,0.0,Light rain,Null,0
66432924,,573101,0.0,,0.0,0.0,,Null,2018/2019,VICTORIA STREET,ABEL SMITH STREET,,Non-Injury Crash,No,2019,,South,,0,,Hill Road,,,,,,Dark,2132200,0,1.0,0.0,3.0,,,0.0,,,,,,Wellington Region,Nil,1-way,Sealed,,0.0,0,,50.0,,On,0.0,0.0,,47,Wellington City,Traffic Signals,,,,,0.0,0.0,Urban,1.0,,,Fine,Null,0
66432930,,573700,0.0,,0.0,2.0,,North,2018/2019,01N-1060-D,JOHNSONVILLE OFF RAMP,,Non-Injury Crash,Yes,2019,,North,,0,,Flat,,,,,,Bright sun,2083100,0,0.0,0.0,2.0,,,0.0,,,,,,Wellington Region,Nil,1-way,Sealed,,0.0,0,,100.0,,Off,0.0,0.0,,47,Wellington City,Unknown,,,,,0.0,0.0,Open,0.0,,,Fine,Null,0
66432944,,573000,0.0,,0.0,1.0,,Null,2018/2019,HUNTER STREET,VICTORIA STREET,,Non-Injury Crash,No,2019,,East,,0,,Flat,,,,,,Bright sun,2125900,0,0.0,0.0,3.0,,,0.0,,,,,,Wellington Region,Nil,1-way,Sealed,,0.0,0,,50.0,,Off,0.0,0.0,,47,Wellington City,Nil,,,,,0.0,0.0,Urban,1.0,,,Fine,Null,0
66432947,,576301,0.0,,0.0,2.0,,East,2018/2019,HALL ST,ADELAIDE ROAD,,Non-Injury Crash,No,2019,,Null,,0,,Hill Road,,,,,,Overcast,2163900,0,0.0,0.0,2.0,,,0.0,,,,,,Wellington Region,Nil,2-way,Sealed,,0.0,0,,50.0,,Off,0.0,0.0,,47,Wellington City,Unknown,,,,,0.0,0.0,Urban,0.0,,,Fine,Null,0
66432992,,573101,0.0,,1.0,1.0,,Null,2018/2019,VICTORIA STREET,EDWARD STREET,,Non-Injury Crash,No,2019,,Null,,0,,Null,,,,,,Unknown,2131300,0,0.0,0.0,4.0,,,0.0,,,,,,Wellington Region,Nil,2-way,Sealed,,0.0,0,,50.0,,Null,0.0,0.0,,47,Wellington City,Nil,,,,,0.0,0.0,Urban,0.0,,,Null,Null,0
66433001,,573101,0.0,,0.0,2.0,,East,2019/2020,GHUZNEE ST,CUBA STREET,,Non-Injury Crash,No,2019,,East,,0,,Flat,,,,,,Dark,2133600,0,0.0,0.0,2.0,,,0.0,,,,,,Wellington Region,Nil,2-way,Sealed,,0.0,0,,50.0,,On,0.0,0.0,,47,Wellington City,Unknown,,,,,0.0,0.0,Urban,0.0,,,Fine,Null,0
66433002,,573000,0.0,0.0,0.0,1.0,0.0,North,2018/2019,KENSINGTON AVE,ATIAWA STREET,,Non-Injury Crash,No,2019,0.0,North,0.0,0,0.0,Flat,0.0,,0.0,,0.0,Unknown,2127400,0,0.0,0.0,2.0,0.0,0.0,0.0,0.0,1.0,,0.0,0.0,Wellington Region,Nil,2-way,Sealed,0.0,0.0,0,0.0,50.0,0.0,Null,1.0,0.0,,47,Wellington City,Unknown,0.0,0.0,0.0,0.0,0.0,0.0,Urban,0.0,0.0,0.0,Null,Null,0
66433017,,577000,1.0,,0.0,1.0,,Null,2019/2020,QUEENS DRIVE,SUTHERLAND ROAD,,Serious Crash,No,2019,,North,,0,,Flat,,,,,,Bright sun,2174400,0,0.0,0.0,2.0,,,0.0,,,,,,Wellington Region,Nil,2-way,Sealed,,0.0,1,,50.0,,Off,0.0,0.0,,47,Wellington City,Give way,,,,,0.0,0.0,Urban,0.0,,,Fine,Null,0
66433020,,573000,0.0,,0.0,2.0,,Null,2019/2020,JERVOIS QUAY,HUNTER STREET,,Non-Injury Crash,No,2019,,South,,0,,Flat,,,,,,Overcast,2124300,0,0.0,0.0,3.0,,,0.0,,,,,,Wellington Region,Nil,1-way,Sealed,,0.0,0,,50.0,,Off,0.0,1.0,,47,Wellington City,Traffic Signals,,,,,0.0,0.0,Urban,0.0,,,Fine,Null,0
66433088,,573522,0.0,0.0,0.0,1.0,0.0,South,2019/2020,CARIBBEAN DR,JAMAICA DRIVE,,Non-Injury Crash,No,2019,0.0,East,0.0,0,1.0,Hill Road,0.0,,0.0,,0.0,Twilight,2086104,0,0.0,0.0,2.0,0.0,0.0,0.0,1.0,0.0,,0.0,0.0,Wellington Region,Nil,2-way,Sealed,0.0,0.0,0,0.0,50.0,0.0,Off,0.0,0.0,,47,Wellington City,Unknown,0.0,0.0,0.0,0.0,0.0,0.0,Urban,0.0,0.0,0.0,Fine,Null,0
66433094,,577200,0.0,,0.0,1.0,,Null,2018/2019,MIRAMAR AVENUE,STONE STREET,,Non-Injury Crash,No,2018,,East,,0,,Flat,,,,,,Dark,2206200,0,0.0,0.0,2.0,,,0.0,,,,,,Wellington Region,Nil,2-way,Sealed,,0.0,0,,50.0,,On,0.0,0.0,,47,Wellington City,Give way,,,,,0.0,0.0,Urban,1.0,,,Fine,Null,0
66433117,,573101,1.0,,0.0,0.0,,Null,2018/2019,TARANAKI STREET,DIXON STREET,,Non-Injury Crash,No,2019,,North,,0,,Flat,,,,,,Overcast,2133408,0,0.0,0.0,4.0,,,0.0,,,,,,Wellington Region,Nil,2-way,Sealed,,0.0,0,,50.0,,Off,1.0,0.0,,47,Wellington City,Traffic Signals,,,,,0.0,0.0,Urban,0.0,,,Fine,Null,0
66433150,,576400,0.0,0.0,0.0,2.0,0.0,Null,2018/2019,MANSFIELD STREET,ROY STREET,,Non-Injury Crash,No,2018,0.0,North,0.0,0,0.0,Flat,0.0,,0.0,,0.0,Overcast,2170600,0,0.0,0.0,2.0,0.0,0.0,0.0,0.0,1.0,,0.0,0.0,Wellington Region,Nil,2-way,Sealed,0.0,0.0,0,0.0,50.0,0.0,Off,0.0,0.0,,47,Wellington City,Nil,0.0,0.0,0.0,0.0,0.0,0.0,Urban,0.0,0.0,0.0,Fine,Null,0
66433156,,575200,0.0,0.0,0.0,2.0,0.0,North,2019/2020,CRIEFF STREET,GLENMORE STREET,,Non-Injury Crash,No,2019,0.0,North,0.0,0,0.0,Hill Road,0.0,,0.0,,0.0,Unknown,2150300,0,0.0,0.0,2.0,0.0,0.0,0.0,0.0,1.0,,0.0,0.0,Wellington Region,Nil,2-way,Sealed,0.0,0.0,0,0.0,50.0,0.0,Null,0.0,0.0,,47,Wellington City,Unknown,0.0,0.0,0.0,0.0,0.0,0.0,Urban,0.0,0.0,0.0,Null,Null,0
66433174,,573101,0.0,,0.0,1.0,,Null,2018/2019,TORY STREET,LORNE STREET,,Non-Injury Crash,No,2019,,South,,0,,Null,,,,,,Bright sun,2136400,0,0.0,0.0,2.0,,,0.0,,,,,,Wellington Region,Nil,2-way,Sealed,,0.0,0,,50.0,,Off,0.0,0.0,,47,Wellington City,Give way,,,,,0.0,0.0,Urban,1.0,,,Null,Null,0
66433183,,574303,0.0,0.0,0.0,1.0,0.0,West,2019/2020,01N-1068-D,SH 2,,Minor Crash,Yes,2019,2.0,East,0.0,0,0.0,Flat,0.0,,0.0,,0.0,Bright sun,2090402,2,0.0,0.0,3.0,0.0,0.0,0.0,0.0,0.0,,0.0,0.0,Wellington Region,Nil,2-way,Sealed,0.0,0.0,0,0.0,100.0,0.0,Off,0.0,0.0,,47,Wellington City,Unknown,0.0,0.0,0.0,0.0,0.0,0.0,Open,2.0,0.0,0.0,Fine,Null,0