OBJECTID,advisorySpeed,areaUnitID,bicycle,bridge,bus,carStationWagon,cliffBank,crashDirectionDescription,crashFinancialYear,crashLocation1,crashLocation2,crashRoadSideRoad,crashSeverity,crashSHDescription,crashYear,debris,directionRoleDescription,ditch,fatalCount,fence,flatHill,guardRail,holiday,houseOrBuilding,intersection,kerb,light,meshblockId,minorInjuryCount,moped,motorcycle,NumberOfLanes,objectThrownOrDropped,otherObject,otherVehicleType,overBank,parkedVehicle,pedestrian,phoneBoxEtc,postOrPole,region,roadCharacter,roadLane,roadSurface,roadworks,schoolBus,seriousInjuryCount,slipOrFlood,speedLimit,strayAnimal,streetLight,suv,taxi,temporarySpeedLimit,tlaId,tlaName,trafficControl,trafficIsland,trafficSign,train,tree,truck,unknownVehicleType,urban,vanOrUtility,vehicle,waterRiver,weatherA,weatherB,if_pandemic
66433215,,576600,0.0,0.0,0.0,0.0,0.0,North,2019/2020,ORIENTAL PARADE,ORIENTAL TERRACE,,Non-Injury Crash,No,2020,0.0,North,0.0,0,0.0,Null,0.0,,0.0,,0.0,Bright sun,2137900,0,0.0,0.0,1.0,0.0,0.0,0.0,0.0,1.0,,0.0,0.0,Wellington Region,Nil,1-way,Sealed,0.0,0.0,0,0.0,50.0,0.0,Off,2.0,0.0,,47,Wellington City,Nil,0.0,0.0,0.0,0.0,0.0,0.0,Urban,0.0,0.0,0.0,Fine,Null,1
66433226,,575500,0.0,0.0,0.0,2.0,0.0,Null,2018/2019,RAROA ROAD,ENTRANCE STREET,,Non-Injury Crash,No,2019,0.0,South,0.0,0,0.0,Hill Road,0.0,,0.0,,0.0,Dark,2156500,0,0.0,0.0,2.0,0.0,0.0,0.0,0.0,1.0,,0.0,0.0,Wellington Region,Nil,2-way,Sealed,0.0,0.0,0,0.0,50.0,0.0,On,0.0,0.0,,47,Wellington City,Give way,0.0,0.0,0.0,0.0,0.0,0.0,Urban,0.0,0.0,0.0,Fine,Null,0
66433235,,573511,0.0,,0.0,1.0,,South,2018/2019,JOHNSONVILLE PORIRUA MOTORWAY,WESTCHESTER OBR NBD,,Non-Injury Crash,Yes,2019,,North,,0,,Null,,,,,,Overcast,2086203,0,0.0,0.0,2.0,,,0.0,,,,,,Wellington Region,Nil,1-way,Sealed,,0.0,0,,100.0,,Off,0.0,0.0,,47,Wellington City,Nil,,,,,0.0,0.0,Open,1.0,,,Null,Null,0
66433268,,574500,0.0,,0.0,2.0,,North,2019/2020,WELLINGTON URBAN MOTORWAY,AOTEA QUAY ON RAMP,,Non-Injury Crash,Yes,2019,,North,,0,,Flat,,,,,,Bright sun,2093500,0,0.0,0.0,4.0,,,0.0,,,,,,Wellington Region,Nil,1-way,Sealed,,0.0,0,,100.0,,Off,0.0,0.0,,47,Wellington City,Nil,,,,,0.0,0.0,Open,0.0,,,Fine,Null,0
66433279,,572900,0.0,,0.0,2.0,,Null,2019/2020,MURPHY STREET,PIPITEA STREET,,Non-Injury Crash,No,2019,,South,,0,,Null,,,,,,Unknown,2119100,0,0.0,0.0,2.0,,,0.0,,,,,,Wellington Region,Nil,1-way,Sealed,,0.0,0,,50.0,,Null,0.0,0.0,,47,Wellington City,Traffic Signals,,,,,0.0,0.0,Urban,0.0,,,Null,Null,0
66433288,,573200,0.0,,0.0,1.0,,East,2019/2020,ARO STREET,DEVON STREET,,Non-Injury Crash,No,2019,,West,,0,,Flat,,,,,,Dark,2157701,0,1.0,0.0,2.0,,,0.0,,,,,,Wellington Region,Nil,2-way,Sealed,,0.0,0,,30.0,,On,0.0,0.0,,47,Wellington City,Unknown,,,,,0.0,0.0,Urban,0.0,,,Heavy rain,Null,0
66433306,,573101,0.0,,0.0,1.0,,Null,2018/2019,CABLE STREET,TARANAKI STREET,,Serious Crash,No,2019,,East,,0,,Flat,,,,,,Dark,2133000,0,0.0,0.0,4.0,,,0.0,,,1.0,,,Wellington Region,Nil,1-way,Sealed,,0.0,1,,50.0,,On,0.0,0.0,,47,Wellington City,Traffic Signals,,,,,0.0,0.0,Urban,0.0,,,Heavy rain,Null,0
66433309,,572900,0.0,,0.0,0.0,,Null,2019/2020,MOLESWORTH STREET,KATE SHEPPARD PLACE,,Non-Injury Crash,No,2020,,North,,0,,Null,,,,,,Overcast,2122600,0,0.0,0.0,2.0,,,0.0,,,,,,Wellington Region,Nil,1-way,Sealed,,0.0,0,,50.0,,Null,1.0,0.0,,47,Wellington City,Nil,,,,,0.0,0.0,Urban,1.0,,,Null,Null,1
66433347,,573000,0.0,0.0,0.0,2.0,0.0,North,2019/2020,THE TERRACE,MAURICE TERRACE,,Non-Injury Crash,No,2019,0.0,South,0.0,0,0.0,Null,0.0,,0.0,,0.0,Unknown,2128700,0,0.0,0.0,2.0,0.0,0.0,0.0,0.0,1.0,,0.0,0.0,Wellington Region,Nil,2-way,Null,0.0,0.0,0,0.0,50.0,0.0,Null,0.0,0.0,,47,Wellington City,Unknown,0.0,0.0,0.0,0.0,0.0,0.0,Urban,0.0,0.0,0.0,Null,Null,0
66433376,,573000,0.0,,0.0,0.0,,Null,2019/2020,HARRIS STREET,VICTORIA STREET,,Non-Injury Crash,No,2019,,West,,0,,Flat,,,,,,Bright sun,2127800,0,0.0,1.0,2.0,,,0.0,,,,,,Wellington Region,Nil,2-way,Sealed,,0.0,0,,50.0,,Off,0.0,0.0,,47,Wellington City,Give way,,,,,0.0,0.0,Urban,1.0,,,Fine,Null,0
66433387,,573000,0.0,,0.0,4.0,,North,2019/2020,01N-1068/05.72,SOUTH PORTAL,,Non-Injury Crash,Yes,2019,,South,,0,,Flat,,,,,,Overcast,2128200,0,0.0,0.0,3.0,,,0.0,,,,,,Wellington Region,Tunnel,2-way,Sealed,,0.0,0,,70.0,,On,0.0,0.0,60.0,47,Wellington City,Unknown,,,,,0.0,0.0,Urban,0.0,,,Light rain,Null,0
66433441,,573300,0.0,,0.0,2.0,,North,2018/2019,WALLACE ST,HARGREAVES STREET,,Non-Injury Crash,No,2018,,South,,0,,Flat,,,,,,Overcast,2146500,0,0.0,0.0,2.0,,,0.0,,,,,,Wellington Region,Nil,2-way,Sealed,,0.0,0,,50.0,,Off,0.0,0.0,,47,Wellington City,Unknown,,,,,0.0,0.0,Urban,0.0,,,Heavy rain,Null,0
66433446,,573101,1.0,,0.0,1.0,,Null,2018/2019,COURTENAY PLACE,MANNERS STREET,,Serious Crash,No,2019,,West,,0,,Flat,,,,,,Dark,2135600,0,0.0,0.0,2.0,,,0.0,,,,,,Wellington Region,Nil,2-way,Sealed,,0.0,1,,50.0,,On,0.0,0.0,40.0,47,Wellington City,Traffic Signals,,,,,0.0,0.0,Urban,0.0,,,Fine,Null,0
66433482,,573000,0.0,,0.0,0.0,,South,2018/2019,GREAT SOUTH ROAD,MAIN HIGHWAY,,Non-Injury Crash,No,2019,,Null,,0,,Flat,,,,,,Dark,2127400,0,0.0,0.0,4.0,,,0.0,,,,,,Wellington Region,Nil,2-way,Sealed,,0.0,0,,50.0,,On,1.0,0.0,,47,Wellington City,Unknown,,,,,0.0,0.0,Urban,0.0,,,Fine,Null,0
66433485,,574303,0.0,0.0,0.0,1.0,0.0,South,2018/2019,01N-1060-D,ABATTOIRS,,Non-Injury Crash,Yes,2019,0.0,North,0.0,0,0.0,Hill Road,1.0,,0.0,,0.0,Dark,2088705,0,0.0,0.0,3.0,0.0,0.0,0.0,0.0,0.0,,0.0,1.0,Wellington Region,Nil,1-way,Sealed,0.0,0.0,0,0.0,100.0,0.0,On,0.0,0.0,,47,Wellington City,Unknown,0.0,0.0,0.0,0.0,0.0,0.0,Open,0.0,0.0,0.0,Fine,Null,0
66433493,,573101,0.0,,0.0,2.0,,South,2018/2019,TARANAKI ST,FREDERICK STREET,,Non-Injury Crash,No,2019,,South,,0,,Flat,,,,,,Bright sun,2134900,0,0.0,0.0,0.0,,,0.0,,,,,,Wellington Region,Nil,1-way,Sealed,,0.0,0,,10.0,,None,0.0,0.0,,47,Wellington City,Unknown,,,,,0.0,0.0,Urban,0.0,,,Fine,Null,0
66433525,,573000,0.0,0.0,0.0,2.0,0.0,Null,2018/2019,DIXON STREET,MACDONALD CRESCENT,,Non-Injury Crash,No,2018,0.0,East,0.0,0,0.0,Null,0.0,,0.0,,0.0,Unknown,2130700,0,0.0,0.0,2.0,0.0,0.0,0.0,0.0,1.0,,0.0,0.0,Wellington Region,Nil,2-way,Sealed,0.0,0.0,0,0.0,50.0,0.0,Null,0.0,0.0,,47,Wellington City,Nil,0.0,0.0,0.0,0.0,0.0,0.0,Urban,0.0,0.0,0.0,Fine,Null,0
66433528,,574200,0.0,0.0,1.0,0.0,0.0,North,2019/2020,KANPUR ROAD,JAUNPUR CRESCENT,,Non-Injury Crash,No,2020,0.0,South,0.0,0,0.0,Hill Road,0.0,,0.0,,0.0,Bright sun,2087604,0,0.0,0.0,0.0,0.0,0.0,0.0,0.0,1.0,,0.0,0.0,Wellington Region,Nil,2-way,Sealed,0.0,0.0,0,0.0,50.0,0.0,Null,1.0,0.0,,47,Wellington City,Unknown,0.0,0.0,0.0,0.0,0.0,0.0,Urban,0.0,0.0,0.0,Fine,Null,1
66433571,,572701,1.0,,0.0,0.0,,Null,2019/2020,MAIN ROAD,LINDEN AVENUE,,Minor Crash,No,2019,,South,,0,,Flat,,,,,,Overcast,1994500,1,0.0,0.0,2.0,,,0.0,,,,,,Wellington Region,Nil,2-way,Sealed,,0.0,0,,50.0,,Off,0.0,0.0,,47,Wellington City,Give way,,,,,0.0,0.0,Urban,1.0,,,Fine,Null,0
66433576,,573526,1.0,0.0,0.0,1.0,0.0,North,2019/2020,HUTT ROAD,SERVICE STN STH,,Fatal Crash,Yes,2020,0.0,North,0.0,1,0.0,Flat,1.0,,0.0,,0.0,Overcast,2077503,0,0.0,0.0,2.0,0.0,0.0,0.0,0.0,0.0,,0.0,0.0,Wellington Region,Nil,1-way,Sealed,0.0,0.0,0,0.0,100.0,0.0,Off,0.0,0.0,,47,Wellington City,Nil,0.0,0.0,0.0,0.0,0.0,0.0,Open,0.0,0.0,0.0,Fine,Null,1
66433662,,573700,0.0,,0.0,1.0,,North,2019/2020,MOOREFIELD ROAD,FRANKMOORE AVENUE,,Minor Crash,No,2020,,South,,0,,Flat,,,,,,Overcast,2082800,2,0.0,0.0,2.0,,,0.0,,,2.0,,,Wellington Region,Nil,2-way,Sealed,,0.0,0,,50.0,,Off,0.0,0.0,,47,Wellington City,Nil,,,,,0.0,0.0,Urban,0.0,,,Fine,Null,1
66433686,,575600,0.0,,0.0,2.0,,South,2019/2020,MITCHELL ST,KAREPA STREET,,Minor Crash,No,2019,,North,,0,,Flat,,,,,,Bright sun,2160101,1,0.0,0.0,2.0,,,0.0,,,,,,Wellington Region,Nil,2-way,Sealed,,0.0,0,,50.0,,Off,0.0,0.0,,47,Wellington City,Unknown,,,,,0.0,0.0,Urban,0.0,,,Fine,Null,0
66433687,,572900,0.0,0.0,0.0,1.0,0.0,South,2019/2020,AOTEA QUAY,AOTEA QUAY OFF RAMP,,Minor Crash,No,2019,0.0,South,0.0,0,0.0,Flat,0.0,,0.0,,0.0,Overcast,2118400,1,0.0,0.0,4.0,0.0,0.0,0.0,0.0,0.0,,0.0,1.0,Wellington Region,Nil,2-way,Sealed,0.0,0.0,0,0.0,70.0,0.0,Off,0.0,0.0,,47,Wellington City,Unknown,0.0,0.0,0.0,0.0,0.0,0.0,Urban,0.0,0.0,0.0,Heavy rain,Strong wind,0
66433691,,573101,0.0,,0.0,0.0,,South,2019/2020,KARO DRIVE,VICTORIA STREET,,Non-Injury Crash,Yes,2019,,North,,0,,Flat,,,,,,Bright sun,2132400,0,0.0,1.0,3.0,,,0.0,,,,,,Wellington Region,Nil,1-way,Sealed,,0.0,0,,50.0,,Off,0.0,0.0,,47,Wellington City,Nil,,,,,0.0,0.0,Urban,0.0,,,Fine,Null,0
66433752,,572900,0.0,0.0,0.0,1.0,0.0,West,2018/2019,HILL ST,SELWYN TERRACE,,Non-Injury Crash,No,2019,0.0,East,0.0,0,0.0,Null,0.0,,0.0,,0.0,Unknown,2122400,0,0.0,0.0,2.0,0.0,0.0,0.0,0.0,1.0,,0.0,0.0,Wellington Region,Nil,2-way,Sealed,0.0,0.0,0,0.0,50.0,0.0,Null,1.0,0.0,,47,Wellington City,Unknown,0.0,0.0,0.0,0.0,0.0,0.0,Urban,0.0,0.0,0.0,Null,Null,0
66433767,,573101,0.0,0.0,0.0,1.0,0.0,Null,2018/2019,OFF ROAD -PUBLIC CARPARK,,,Minor Crash,No,2019,0.0,East,0.0,0,0.0,Flat,0.0,,1.0,,0.0,Overcast,2131500,2,0.0,0.0,1.0,0.0,0.0,0.0,0.0,0.0,1.0,1.0,0.0,Wellington Region,Nil,1-way,Sealed,0.0,0.0,0,0.0,50.0,0.0,Off,0.0,0.0,,47,Wellington City,Unknown,0.0,0.0,0.0,0.0,0.0,0.0,Urban,0.0,0.0,0.0,Fine,Null,0
66433781,,573101,0.0,,1.0,1.0,,Null,2018/2019,WILLIS STREET,GHUZNEE STREET,,Non-Injury Crash,No,2019,,North,,0,,Flat,,,,,,Overcast,2131600,0,0.0,0.0,3.0,,,0.0,,,,,,Wellington Region,Nil,1-way,Sealed,,0.0,0,,50.0,,Off,0.0,0.0,,47,Wellington City,Traffic Signals,,,,,0.0,0.0,Urban,0.0,,,Fine,Null,0
66433834,,573700,0.0,,0.0,2.0,,North,2018/2019,JOHNSONVILLE ROAD,BURGESS ROAD,,Non-Injury Crash,No,2018,,South,,0,,Flat,,,,,,Bright sun,2082800,0,0.0,0.0,2.0,,,0.0,,,,,,Wellington Region,Nil,2-way,Sealed,,0.0,0,,50.0,,Off,0.0,0.0,,47,Wellington City,Unknown,,,,,0.0,0.0,Urban,0.0,,,Fine,Null,0
66433836,,573901,0.0,0.0,1.0,1.0,0.0,South,2019/2020,BRACKEN ROAD,KAHIKATEA GROVE,,Non-Injury Crash,No,2019,0.0,South,0.0,0,0.0,Hill Road,0.0,,0.0,,0.0,Bright sun,2074100,0,0.0,0.0,0.0,0.0,0.0,0.0,0.0,1.0,,0.0,0.0,Wellington Region,Nil,2-way,Sealed,0.0,0.0,0,0.0,50.0,0.0,Off,0.0,0.0,,47,Wellington City,Unknown,0.0,0.0,0.0,0.0,0.0,0.0,Urban,0.0,0.0,0.0,Fine,Null,0
66433840,,573000,0.0,0.0,0.0,1.0,0.0,North,2019/2020,WILLIS STREET,MERCER STREET,,Non-Injury Crash,No,2019,0.0,North,0.0,0,0.0,Flat,0.0,,0.0,,0.0,Unknown,2127700,0,0.0,0.0,2.0,0.0,0.0,0.0,0.0,1.0,,0.0,0.0,Wellington Region,Nil,2-way,Sealed,0.0,0.0,0,0.0,30.0,0.0,Null,1.0,0.0,,47,Wellington City,Unknown,0.0,0.0,0.0,0.0,0.0,0.0,Urban,0.0,0.0,0.0,Null,Null,0
66433885,,573101,0.0,0.0,0.0,2.0,0.0,South,2018/2019,ST HILL ST,BOND ST,,Non-Injury Crash,No,2019,0.0,South,0.0,0,0.0,Null,0.0,,0.0,,0.0,Unknown,2131000,0,0.0,0.0,2.0,0.0,0.0,0.0,0.0,1.0,,0.0,0.0,Wellington Region,Nil,2-way,Sealed,0.0,0.0,0,0.0,50.0,0.0,Null,0.0,0.0,,47,Wellington City,Unknown,0.0,0.0,0.0,0.0,0.0,0.0,Urban,0.0,0.0,0.0,Null,Null,0
66433895,,573000,0.0,0.0,0.0,1.0,0.0,Null,2019/2020,THE TERRACE,ALLENBY TERRACE,,Non-Injury Crash,No,2019,0.0,South,0.0,0,0.0,Null,0.0,,0.0,,0.0,Unknown,2127900,0,0.0,0.0,2.0,0.0,0.0,0.0,0.0,1.0,,0.0,0.0,Wellington Region,Nil,2-way,Sealed,0.0,0.0,0,0.0,50.0,0.0,On,0.0,0.0,,47,Wellington City,Nil,0.0,0.0,0.0,0.0,0.0,0.0,Urban,0.0,0.0,0.0,Null,Null,0
66433922,,576800,0.0,,0.0,2.0,,Null,2019/2020,RUAHINE STREET,TAURIMA STREET,,Minor Crash,Yes,2019,,East,,0,,Hill Road,,Labour Weekend,,,,Dark,2181700,1,0.0,0.0,2.0,,,0.0,,,,,,Wellington Region,Nil,2-way,Sealed,,0.0,0,,50.0,,On,0.0,0.0,,47,Wellington City,Give way,,,,,0.0,0.0,Urban,0.0,,,Fine,Strong wind,0
66433923,,573101,0.0,,0.0,2.0,,South,2019/2020,WILLIS STREET,MANNERS ST,,Non-Injury Crash,No,2020,,South,,0,,Null,,,,,,Unknown,2131300,0,0.0,0.0,3.0,,,0.0,,,,,,Wellington Region,Nil,2-way,Sealed,,0.0,0,,30.0,,Null,0.0,0.0,,47,Wellington City,Nil,,,,,0.0,0.0,Urban,0.0,,,Fine,Null,1
66433998,,573000,0.0,0.0,0.0,0.0,0.0,North,2019/2020,THE TERRACE,EVERTON TERRACE,,Non-Injury Crash,No,2019,0.0,South,0.0,0,0.0,Null,0.0,,0.0,,0.0,Unknown,2126300,0,0.0,0.0,2.0,0.0,0.0,0.0,0.0,1.0,,0.0,0.0,Wellington Region,Nil,2-way,Sealed,0.0,0.0,0,0.0,50.0,0.0,Null,2.0,0.0,,47,Wellington City,Unknown,0.0,0.0,0.0,0.0,0.0,0.0,Urban,0.0,0.0,0.0,Null,Null,0
66434024,,576100,0.0,,0.0,2.0,,North,2018/2019,HOUGHTON BAY ROAD,THE ESPLANADE,,Non-Injury Crash,No,2019,,North,,0,,Hill Road,,,,,,Dark,2194806,0,0.0,0.0,2.0,,,0.0,,,,,,Wellington Region,Nil,2-way,Sealed,,0.0,0,,50.0,,On,0.0,0.0,,47,Wellington City,Nil,,,,,0.0,0.0,Urban,0.0,,,Fine,Null,0
66434036,,577601,0.0,0.0,0.0,1.0,0.0,North,2019/2020,MASSEY ROAD,PT GORDON,,Non-Injury Crash,No,2019,0.0,South,0.0,0,0.0,Flat,0.0,Christmas New Year,0.0,,0.0,Dark,2200800,0,0.0,0.0,2.0,0.0,0.0,0.0,1.0,0.0,,0.0,0.0,Wellington Region,Nil,2-way,Sealed,0.0,0.0,0,0.0,50.0,0.0,None,0.0,0.0,,47,Wellington City,Unknown,0.0,0.0,0.0,0.0,0.0,0.0,Urban,0.0,0.0,0.0,Fine,Null,0
66434039,,573101,0.0,,0.0,2.0,,East,2018/2019,WAKEFIELD STREET,TARANAKI STREET,,Non-Injury Crash,No,2018,,West,,0,,Flat,,Christmas New Year,,,,Overcast,2135600,0,0.0,0.0,3.0,,,0.0,,,,,,Wellington Region,Nil,1-way,Sealed,,0.0,0,,50.0,,None,0.0,0.0,,47,Wellington City,Unknown,,,,,0.0,0.0,Urban,0.0,,,Fine,Null,0
66434050,,573300,0.0,,0.0,1.0,,East,2019/2020,01N-1075/00.13-D,ADELAIDE ROAD,,Minor Crash,Yes,2019,,West,,0,,Flat,,,,,,Bright sun,2145602,1,0.0,0.0,3.0,,,0.0,,,1.0,,,Wellington Region,Nil,1-way,Sealed,,0.0,0,,50.0,,Off,0.0,1.0,,47,Wellington City,Unknown,,,,,0.0,0.0,Urban,0.0,,,Fine,Null,0
66434064,,576800,0.0,0.0,0.0,4.0,0.0,East,2019/2020,WAITOA ROAD,MOXHAM AVENUE,,Non-Injury Crash,No,2019,0.0,West,0.0,0,0.0,Flat,0.0,,0.0,,0.0,Twilight,2182100,0,0.0,0.0,2.0,0.0,0.0,0.0,0.0,2.0,,0.0,0.0,Wellington Region,Nil,2-way,Sealed,0.0,0.0,0,0.0,30.0,0.0,On,0.0,0.0,,47,Wellington City,Unknown,0.0,0.0,0.0,0.0,0.0,0.0,Urban,0.0,0.0,0.0,Light rain,Null,0
66434073,,573101,0.0,0.0,0.0,1.0,0.0,Null,2018/2019,COURTENAY PLACE,ALLEN STREET,,Non-Injury Crash,No,2018,0.0,Null,0.0,0,0.0,Flat,0.0,,0.0,,0.0,Dark,2135700,0,0.0,0.0,2.0,0.0,0.0,0.0,0.0,1.0,,0.0,0.0,Wellington Region,Nil,2-way,Sealed,0.0,0.0,0,0.0,50.0,0.0,On,0.0,0.0,,47,Wellington City,Nil,0.0,0.0,0.0,0.0,0.0,0.0,Urban,0.0,0.0,0.0,Fine,Null,0
66434123,,573101,0.0,,0.0,2.0,,Null,2020/2021,GHUZNEE STREET,FURNESS LANE,,Non-Injury Crash,No,2020,,East,,0,,Flat,,,,,,Dark,2133408,0,0.0,0.0,3.0,,,0.0,,,,,,Wellington Region,Nil,2-way,Sealed,,0.0,0,,30.0,,On,0.0,0.0,,47,Wellington City,Nil,,,,,0.0,0.0,Urban,0.0,,,Fine,Null,1
66434128,,572900,0.0,0.0,0.0,2.0,0.0,North,2019/2020,MULGRAVE STREET,KATE SHEPPARD PLACE,,Non-Injury Crash,No,2019,0.0,South,0.0,0,0.0,Flat,0.0,,0.0,,0.0,Overcast,2122500,0,0.0,0.0,2.0,0.0,0.0,0.0,0.0,1.0,,0.0,0.0,Wellington Region,Nil,1-way,Sealed,0.0,0.0,0,0.0,50.0,0.0,Off,0.0,0.0,,47,Wellington City,Nil,0.0,0.0,0.0,0.0,0.0,0.0,Urban,0.0,0.0,0.0,Fine,Null,0
66434155,,573101,0.0,,0.0,1.0,,South,2019/2020,TARANAKI STREET,VIVIAN STREET,,Non-Injury Crash,No,2019,,South,,0,,Flat,,,,,,Bright sun,2134200,0,0.0,0.0,2.0,,,0.0,,,,,,Wellington Region,Nil,2-way,Sealed,,0.0,0,,50.0,,Off,0.0,0.0,,47,Wellington City,Traffic Signals,,,,,0.0,0.0,Urban,1.0,,,Fine,Null,0
66434177,,573101,0.0,,0.0,0.0,,Null,2018/2019,TARANAKI STREET,ARTHUR STREET,,Non-Injury Crash,No,2019,,North,,0,,Flat,,,,,,Bright sun,2134700,0,0.0,0.0,4.0,,,0.0,,,,,,Wellington Region,Nil,2-way,Sealed,,0.0,0,,50.0,,Off,1.0,0.0,,47,Wellington City,Traffic Signals,,,,,0.0,0.0,Urban,1.0,,,Fine,Null,0
66434180,,576901,0.0,,0.0,1.0,,South,2018/2019,ONEPU ROAD,RONGOTAI ROAD,,Non-Injury Crash,No,2018,,South,,0,,Flat,,,,,,Bright sun,2178300,0,1.0,0.0,2.0,,,0.0,,,,,,Wellington Region,Nil,2-way,Sealed,,0.0,0,,50.0,,Off,0.0,0.0,,47,Wellington City,Nil,,,,,0.0,0.0,Urban,0.0,,,Fine,Null,0
66434181,,576200,0.0,,0.0,2.0,,West,2018/2019,BRITOMART ST,STANLEY STREET,,Non-Injury Crash,No,2019,,East,,0,,Null,,,,,,Unknown,2171100,0,0.0,0.0,2.0,,,0.0,,,,,,Wellington Region,Nil,2-way,Sealed,,0.0,0,,50.0,,Off,0.0,0.0,,47,Wellington City,Nil,,,,,0.0,0.0,Urban,0.0,,,Null,Null,0
66434207,45.0,574702,0.0,0.0,0.0,1.0,0.0,North,2019/2020,WILTON RD,NORWICH STREET,,Minor Crash,No,2019,0.0,South,0.0,0,0.0,Hill Road,0.0,,0.0,,0.0,Dark,2103800,3,0.0,0.0,2.0,0.0,1.0,0.0,0.0,0.0,,0.0,0.0,Wellington Region,Nil,2-way,Sealed,0.0,0.0,0,0.0,50.0,0.0,On,0.0,0.0,,47,Wellington City,Unknown,0.0,0.0,0.0,0.0,0.0,0.0,Urban,0.0,0.0,0.0,Light rain,Null,0
66434233,,574900,0.0,0.0,0.0,1.0,0.0,West,2018/2019,MAKARA RD,SKYLINE WALKWAY,,Non-Injury Crash,No,2019,0.0,West,0.0,0,0.0,Hill Road,1.0,,0.0,,0.0,Dark,2110006,0,0.0,0.0,2.0,0.0,0.0,0.0,0.0,0.0,,0.0,0.0,Wellington Region,Nil,2-way,Sealed,0.0,0.0,0,0.0,50.0,0.0,None,0.0,0.0,,47,Wellington City,Unknown,0.0,0.0,0.0,0.0,0.0,0.0,Urban,0.0,0.0,0.0,Fine,Null,0
66434274,,576500,0.0,0.0,0.0,1.0,0.0,Null,2018/2019,KING ST,DRUMMOND ST,,Minor Crash,No,2019,0.0,South,0.0,0,0.0,Flat,0.0,,0.0,,0.0,Bright sun,2148201,1,0.0,1.0,2.0,0.0,0.0,0.0,0.0,1.0,,0.0,0.0,Wellington Region,Nil,2-way,Sealed,0.0,0.0,0,0.0,50.0,0.0,Off,0.0,0.0,,47,Wellington City,Unknown,0.0,0.0,0.0,0.0,0.0,0.0,Urban,0.0,0.0,0.0,Fine,Null,0
66434297,,577101,0.0,0.0,0.0,2.0,0.0,North,2016/2017,"TIO TIO ROAD, MIRAMAR, WELLINGTON",BROADWAY,,Non-Injury Crash,No,2017,0.0,East,0.0,0,0.0,Hill Road,0.0,,0.0,,0.0,Bright sun,2212800,0,0.0,0.0,2.0,0.0,0.0,0.0,0.0,1.0,,0.0,0.0,Wellington Region,Nil,2-way,Sealed,0.0,0.0,0,0.0,50.0,0.0,Off,0.0,0.0,,47,Wellington City,Unknown,0.0,0.0,0.0,0.0,0.0,0.0,Urban,0.0,0.0,0.0,Fine,Null,0
66434328,,575200,0.0,,0.0,1.0,,Null,2018/2019,NORTHLAND TUNNEL ROAD,RAROA CRESCENT,,Non-Injury Crash,No,2019,,South,,0,,Null,,,,,,Unknown,2149800,0,0.0,0.0,2.0,,,0.0,,,,,,Wellington Region,Nil,2-way,Sealed,,0.0,0,,50.0,,Null,1.0,0.0,,47,Wellington City,Stop,,,,,0.0,0.0,Urban,0.0,,,Null,Null,0
66434376,,573700,0.0,0.0,0.0,1.0,0.0,West,2019/2020,BRODERICK ROAD,JOHNSONVILLE ROAD,,Non-Injury Crash,No,2019,0.0,West,0.0,0,0.0,Flat,0.0,,0.0,,0.0,Bright sun,2082900,0,0.0,0.0,2.0,0.0,0.0,0.0,0.0,1.0,,0.0,0.0,Wellington Region,Nil,2-way,Sealed,0.0,0.0,0,0.0,50.0,0.0,Off,0.0,0.0,,47,Wellington City,Unknown,0.0,0.0,0.0,0.0,0.0,0.0,Urban,1.0,0.0,0.0,Fine,Null,0
66434397,,573300,0.0,,0.0,2.0,,West,2019/2020,BUCKLE STREET,CAMBRIDGE TERRACE,,Non-Injury Crash,No,2019,,West,,0,,Hill Road,,,,,,Dark,2145602,0,0.0,0.0,2.0,,,0.0,,,,,,Wellington Region,Nil,1-way,Sealed,,0.0,0,,50.0,,On,0.0,0.0,,47,Wellington City,Unknown,,,,,0.0,0.0,Urban,0.0,,,Fine,Null,0
66434445,,575600,0.0,0.0,0.0,0.0,0.0,North,2018/2019,ASHTON FITCHETT DR,HAWKINS HILL ROAD,,Non-Injury Crash,No,2019,0.0,North,0.0,0,1.0,Hill Road,0.0,,0.0,,0.0,Bright sun,2160000,0,0.0,0.0,2.0,0.0,0.0,0.0,0.0,0.0,,0.0,0.0,Wellington Region,Nil,2-way,Unsealed,0.0,0.0,0,0.0,50.0,0.0,Off,1.0,0.0,,47,Wellington City,Unknown,0.0,0.0,0.0,1.0,0.0,0.0,Urban,0.0,0.0,0.0,Fine,Null,0
66434452,,574001,0.0,0.0,0.0,1.0,0.0,Null,2019/2020,HOROKIWI ROAD WEST,KENMORE STREET,,Non-Injury Crash,No,2019,0.0,North,0.0,0,1.0,Hill Road,0.0,,0.0,,0.0,Dark,2076300,0,0.0,0.0,2.0,0.0,0.0,0.0,0.0,0.0,,0.0,0.0,Wellington Region,Nil,2-way,Sealed,0.0,0.0,0,0.0,50.0,0.0,On,0.0,0.0,,47,Wellington City,Nil,1.0,1.0,0.0,0.0,0.0,0.0,Urban,0.0,0.0,0.0,Fine,Strong wind,0
66434464,,576903,1.0,,0.0,0.0,,Null,2018/2019,EVANS BAY PARADE,BELVEDERE ROAD,,Non-Injury Crash,No,2019,,North,,0,,Null,,,,,,Unknown,2179800,0,0.0,0.0,2.0,,,0.0,,,,,,Wellington Region,Nil,2-way,Null,,0.0,0,,50.0,,Null,0.0,0.0,,47,Wellington City,Stop,,,,,0.0,1.0,Urban,0.0,,,Null,Null,0