OBJECTID,advisorySpeed,areaUnitID,bicycle,bridge,bus,carStationWagon,cliffBank,crashDirectionDescription,crashFinancialYear,crashLocation1,crashLocation2,crashRoadSideRoad,crashSeverity,crashSHDescription,crashYear,debris,directionRoleDescription,ditch,fatalCount,fence,flatHill,guardRail,holiday,houseOrBuilding,intersection,kerb,light,meshblockId,minorInjuryCount,moped,motorcycle,NumberOfLanes,objectThrownOrDropped,otherObject,otherVehicleType,overBank,parkedVehicle,pedestrian,phoneBoxEtc,postOrPole,region,roadCharacter,roadLane,roadSurface,roadworks,schoolBus,seriousInjuryCount,slipOrFlood,speedLimit,strayAnimal,streetLight,suv,taxi,temporarySpeedLimit,tlaId,tlaName,trafficControl,trafficIsland,trafficSign,train,tree,truck,unknownVehicleType,urban,vanOrUtility,vehicle,waterRiver,weatherA,weatherB,if_pandemic
66434474,,573000,0.0,0.0,0.0,2.0,0.0,Null,2018/2019,"Apirana Ave, Glen Innes, Auckland",,,Non-Injury Crash,No,2018,0.0,Null,0.0,0,0.0,Hill Road,0.0,,0.0,,0.0,Bright sun,2127400,0,0.0,0.0,0.0,0.0,0.0,0.0,0.0,1.0,,0.0,0.0,Wellington Region,Nil,2-way,Sealed,0.0,0.0,0,0.0,,0.0,Off,0.0,0.0,,47,Wellington City,Unknown,0.0,0.0,0.0,0.0,0.0,0.0,Urban,0.0,0.0,0.0,Fine,Null,0
66434489,,574402,0.0,,0.0,0.0,,Null,2019/2020,ABBOTT STREET,IMLAY CRESCENT ,,Non-Injury Crash,No,2019,,South,,0,,Null,,,,,,Bright sun,2097100,0,0.0,0.0,2.0,,,0.0,,,,,,Wellington Region,Nil,2-way,Sealed,,0.0,0,,50.0,,Null,2.0,0.0,,47,Wellington City,Give way,,,,,0.0,0.0,Urban,0.0,,,Null,Null,0
66434543,,576200,0.0,,0.0,1.0,,Null,2019/2020,LUXFORD STREET,ADELAIDE ROAD,,Non-Injury Crash,No,2019,,West,,0,,Flat,,,,,,Bright sun,2171600,0,0.0,1.0,2.0,,,0.0,,,,,,Wellington Region,Nil,2-way,Sealed,,0.0,0,,50.0,,Off,0.0,0.0,,47,Wellington City,Traffic Signals,,,,,0.0,0.0,Urban,1.0,,,Fine,Null,0
66434550,,575902,0.0,,0.0,0.0,,Null,2019/2020,LANDFILL ROAD,HAPPY VALLEY ROAD,,Minor Crash,No,2019,,West,,0,,Flat,,,,,,Bright sun,2187403,1,0.0,0.0,2.0,,,0.0,,,,,,Wellington Region,Nil,2-way,Sealed,,0.0,0,,50.0,,Off,0.0,0.0,,47,Wellington City,Give way,,,,,1.0,0.0,Urban,1.0,,,Fine,Null,0
66434552,,573526,0.0,0.0,0.0,1.0,0.0,South,2019/2020,002-0962/12.86-D,WEIGH PIT,,Non-Injury Crash,Yes,2019,0.0,North,0.0,0,0.0,Flat,1.0,,0.0,,0.0,Bright sun,2077503,0,0.0,0.0,4.0,0.0,0.0,0.0,0.0,0.0,,0.0,0.0,Wellington Region,Nil,2-way,Sealed,0.0,0.0,0,0.0,100.0,0.0,Off,0.0,0.0,,47,Wellington City,Unknown,0.0,0.0,0.0,0.0,0.0,0.0,Open,0.0,0.0,0.0,Fine,Null,0
66434596,,577200,0.0,0.0,0.0,1.0,0.0,North,2019/2020,THE QUADRANT,BROADWAY,,Non-Injury Crash,No,2020,0.0,Null,0.0,0,0.0,Flat,0.0,,0.0,,0.0,Dark,2209000,0,0.0,0.0,2.0,0.0,0.0,0.0,0.0,1.0,,0.0,0.0,Wellington Region,Nil,2-way,Sealed,0.0,0.0,0,0.0,50.0,0.0,Null,0.0,0.0,,47,Wellington City,Nil,0.0,0.0,0.0,0.0,0.0,0.0,Urban,0.0,0.0,0.0,Fine,Null,1
66434625,,577601,0.0,,0.0,0.0,,South,2019/2020,MAUPUIA RD,ZAIDA WAY,,Minor Crash,No,2019,,South,,0,,Hill Road,,,,,,Overcast,2201601,1,1.0,0.0,2.0,,,0.0,,,,,,Wellington Region,Nil,2-way,Sealed,,0.0,0,,50.0,,Off,0.0,0.0,,47,Wellington City,Unknown,,,,,0.0,0.0,Urban,1.0,,,Fine,Null,0
66434632,,576301,0.0,0.0,0.0,1.0,0.0,North,2019/2020,HUTCHISON RD,FINNIMORE TERRACE,,Minor Crash,No,2019,0.0,North,0.0,0,0.0,Hill Road,0.0,,0.0,,0.0,Bright sun,2163600,1,0.0,0.0,2.0,0.0,0.0,0.0,0.0,0.0,,0.0,1.0,Wellington Region,Nil,2-way,Sealed,0.0,0.0,0,0.0,50.0,0.0,Off,1.0,0.0,,47,Wellington City,Unknown,0.0,0.0,0.0,0.0,0.0,0.0,Urban,0.0,0.0,0.0,Fine,Null,0
66434682,,577000,0.0,,0.0,2.0,,West,2018/2019,STEWART DUFF DRIVE,STATION DRIVE,,Non-Injury Crash,No,2019,,West,,0,,Flat,,Queens Birthday,,,,Overcast,2175700,0,0.0,0.0,4.0,,,0.0,,,,,,Wellington Region,Nil,2-way,Sealed,,0.0,0,,50.0,,Off,0.0,0.0,,47,Wellington City,Nil,,,,,0.0,0.0,Urban,0.0,,,Light rain,Null,0
66434699,,576901,0.0,0.0,0.0,2.0,0.0,East,2018/2019,KEMP ST,EVANS BAY PARADE,,Non-Injury Crash,No,2019,0.0,West,0.0,0,0.0,Flat,0.0,,0.0,,0.0,Bright sun,2177800,0,0.0,0.0,2.0,0.0,0.0,0.0,0.0,1.0,,0.0,0.0,Wellington Region,Speed hump,2-way,Sealed,0.0,0.0,0,0.0,50.0,0.0,Off,0.0,1.0,,47,Wellington City,Unknown,0.0,0.0,0.0,0.0,0.0,0.0,Urban,0.0,0.0,0.0,Fine,Null,0
66434703,,576901,0.0,,0.0,2.0,,East,2019/2020,RONGOTAI RD,CHILDERS TERRACE,,Non-Injury Crash,No,2019,,West,,0,,Flat,,,,,,Bright sun,2178400,0,0.0,0.0,2.0,,,0.0,,,,,,Wellington Region,Nil,2-way,Sealed,,0.0,0,,50.0,,Off,0.0,0.0,,47,Wellington City,Unknown,,,,,0.0,0.0,Urban,0.0,,,Fine,Null,0
66434750,,573101,0.0,,0.0,2.0,,South,2019/2020,WILLIS STREET,ABEL SMITH STREET,,Non-Injury Crash,No,2019,,North,,0,,Null,,,,,,Bright sun,2132400,0,0.0,0.0,3.0,,,0.0,,,,,,Wellington Region,Nil,1-way,Sealed,,0.0,0,,50.0,,Off,0.0,0.0,,47,Wellington City,Nil,,,,,0.0,0.0,Urban,0.0,,,Null,Null,0
66434751,,573400,0.0,,0.0,1.0,,Null,2018/2019,MAJORIBANKS STREET,EARLS TERRACE,,Minor Crash,No,2019,,East,,0,,Hill Road,,,,,,Dark,2139400,1,0.0,1.0,2.0,,,0.0,,,,,,Wellington Region,Nil,2-way,Sealed,,0.0,0,,50.0,,On,0.0,0.0,,47,Wellington City,Give way,,,,,0.0,0.0,Urban,0.0,,,Fine,Strong wind,0
66434753,,573101,0.0,,0.0,2.0,,Null,2019/2020,WAKEFIELD STREET,TARANAKI STREET,,Non-Injury Crash,No,2020,,East,,0,,Flat,,,,,,Unknown,2133100,0,0.0,0.0,3.0,,,0.0,,,,,,Wellington Region,Nil,2-way,Sealed,,0.0,0,,30.0,,Null,0.0,0.0,,47,Wellington City,Traffic Signals,,,,,0.0,0.0,Urban,0.0,,,Null,Null,1
66434772,,572900,0.0,,0.0,1.0,,Null,2018/2019,MAY STREET ON RAMP,MOLESWORTH STREET,,Non-Injury Crash,No,2018,,North,,0,,Flat,,,,,,Overcast,2119300,0,0.0,0.0,1.0,,,0.0,,,,,,Wellington Region,Nil,1-way,Sealed,,0.0,0,,100.0,,Null,1.0,0.0,,47,Wellington City,Traffic Signals,,,,,0.0,0.0,Open,0.0,,,Fine,Null,0
66434779,,572900,0.0,,0.0,2.0,,North,2019/2020,WELLINGTON URBAN MOTORWAY,HAWKESTONE OBR,,Non-Injury Crash,Yes,2019,,North,,0,,Null,,,,,,Bright sun,2119500,0,0.0,0.0,3.0,,,0.0,,,,,,Wellington Region,Nil,1-way,Sealed,,0.0,0,,100.0,,Off,0.0,0.0,,47,Wellington City,Nil,,,,,0.0,0.0,Open,0.0,,,Fine,Null,0
66434806,,573101,0.0,,0.0,2.0,,South,2018/2019,TARANAKI ST,ABEL SMITH STREET,,Non-Injury Crash,No,2019,,Null,,0,,Flat,,,,,,Bright sun,2134800,0,0.0,0.0,4.0,,,0.0,,,,,,Wellington Region,Nil,2-way,Sealed,,0.0,0,,50.0,,Off,0.0,0.0,,47,Wellington City,Nil,,,,,0.0,0.0,Urban,0.0,,,Fine,Null,0
66434819,,576500,0.0,0.0,0.0,1.0,0.0,West,2019/2020,MEIN ST,MINERVA STREET,,Non-Injury Crash,No,2019,0.0,Null,0.0,0,0.0,Null,0.0,,0.0,,0.0,Dark,2149200,0,0.0,0.0,2.0,0.0,0.0,0.0,0.0,1.0,,0.0,0.0,Wellington Region,Nil,2-way,Sealed,0.0,0.0,0,0.0,50.0,0.0,On,0.0,0.0,,47,Wellington City,Unknown,0.0,0.0,0.0,0.0,0.0,1.0,Urban,0.0,0.0,0.0,Light rain,Null,0
66434826,,574001,0.0,0.0,0.0,2.0,1.0,West,2019/2020,SPENMOOR ST,WAKELY ROAD,,Minor Crash,No,2019,0.0,South,0.0,0,0.0,Hill Road,0.0,,1.0,,0.0,Bright sun,2077600,1,0.0,0.0,2.0,0.0,0.0,0.0,0.0,1.0,,0.0,0.0,Wellington Region,Nil,2-way,Sealed,0.0,0.0,0,0.0,50.0,0.0,Off,0.0,0.0,,47,Wellington City,Unknown,0.0,0.0,0.0,0.0,0.0,0.0,Urban,0.0,0.0,0.0,Fine,Null,0
66434865,,576903,0.0,0.0,0.0,1.0,0.0,North,2019/2020,MOXHAM AVE,RAUPO STREET,,Non-Injury Crash,No,2019,0.0,Null,0.0,0,0.0,Null,0.0,,0.0,,0.0,Unknown,2180700,0,0.0,0.0,2.0,0.0,0.0,0.0,0.0,1.0,,0.0,0.0,Wellington Region,Nil,2-way,Null,0.0,0.0,0,0.0,50.0,0.0,Null,0.0,0.0,,47,Wellington City,Unknown,0.0,0.0,0.0,0.0,0.0,1.0,Urban,0.0,0.0,0.0,Null,Null,0
66434881,,573200,0.0,0.0,0.0,1.0,0.0,Null,2019/2020,BROOKLYN ROAD,NAIRN STREET,,Non-Injury Crash,No,2019,0.0,South,0.0,0,0.0,Flat,0.0,,0.0,,0.0,Unknown,2159203,0,0.0,0.0,4.0,0.0,0.0,0.0,0.0,0.0,,0.0,0.0,Wellington Region,Nil,2-way,Sealed,0.0,0.0,0,0.0,50.0,0.0,Off,0.0,0.0,,47,Wellington City,Unknown,1.0,0.0,0.0,0.0,0.0,0.0,Urban,0.0,0.0,0.0,Null,Null,0
66434899,,576901,0.0,0.0,0.0,1.0,0.0,Null,2019/2020,TROY STREET,KEMP STREET,,Non-Injury Crash,No,2019,0.0,North,0.0,0,0.0,Flat,0.0,,0.0,,0.0,Bright sun,2177000,0,0.0,0.0,3.0,0.0,0.0,0.0,0.0,1.0,,0.0,0.0,Wellington Region,Nil,2-way,Sealed,0.0,0.0,0,0.0,50.0,0.0,Off,0.0,0.0,,47,Wellington City,Give way,0.0,0.0,0.0,0.0,0.0,0.0,Urban,0.0,0.0,0.0,Fine,Null,0
66434904,,576001,0.0,0.0,0.0,1.0,0.0,South,2018/2019,THE ESPLANADE,DERWENT STREET,,Non-Injury Crash,No,2019,0.0,East,0.0,0,0.0,Flat,0.0,,0.0,,1.0,Dark,2189000,0,0.0,0.0,2.0,0.0,0.0,0.0,0.0,0.0,,0.0,0.0,Wellington Region,Nil,2-way,Sealed,0.0,0.0,0,0.0,50.0,0.0,On,0.0,0.0,,47,Wellington City,Unknown,0.0,0.0,0.0,0.0,0.0,0.0,Urban,0.0,0.0,0.0,Fine,Null,0
66434940,,574500,0.0,,0.0,2.0,,North,2019/2020,WELLINGTON URBAN MOTORWAY,AOTEA QUAY ON RAMP,,Non-Injury Crash,Yes,2020,,North,,0,,Flat,,,,,,Twilight,2093500,0,0.0,0.0,6.0,,,0.0,,,,,,Wellington Region,Nil,2-way,Sealed,,0.0,0,,60.0,,On,0.0,0.0,,47,Wellington City,Nil,,,,,0.0,0.0,Urban,0.0,,,Light rain,Strong wind,1
66434967,,573101,0.0,,0.0,1.0,,South,2019/2020,KENT TERRACE,HOME STREET,,Non-Injury Crash,No,2019,,West,,0,,Null,,,,,,Unknown,2136500,0,0.0,0.0,3.0,,,1.0,,,1.0,,,Wellington Region,Nil,1-way,Null,,0.0,0,,50.0,,Null,0.0,0.0,,47,Wellington City,Nil,,,,,0.0,0.0,Urban,0.0,,,Null,Null,0
66434971,,575500,0.0,0.0,0.0,1.0,0.0,North,2019/2020,HOLLOWAY ROAD,BROSNAHAN TERRACE,,Non-Injury Crash,No,2019,0.0,South,0.0,0,0.0,Null,0.0,,0.0,,0.0,Unknown,2156700,0,1.0,0.0,2.0,0.0,0.0,0.0,0.0,1.0,,0.0,0.0,Wellington Region,Nil,2-way,Sealed,0.0,0.0,0,0.0,50.0,0.0,Null,0.0,0.0,,47,Wellington City,Nil,0.0,0.0,0.0,0.0,0.0,0.0,Urban,0.0,0.0,0.0,Null,Null,0
66435011,,576500,0.0,0.0,0.0,2.0,0.0,Null,2019/2020,ADELAIDE ROAD,RUGBY STREET,,Non-Injury Crash,No,2019,0.0,North,0.0,0,0.0,Flat,0.0,,0.0,,0.0,Dark,2147900,0,0.0,0.0,2.0,0.0,0.0,0.0,0.0,0.0,,0.0,0.0,Wellington Region,Nil,1-way,Sealed,0.0,0.0,0,0.0,50.0,0.0,On,0.0,1.0,,47,Wellington City,Traffic Signals,0.0,0.0,0.0,0.0,0.0,0.0,Urban,0.0,1.0,0.0,Light rain,Strong wind,0
66435081,,577601,0.0,,0.0,2.0,,North,2019/2020,MASSEY ROAD,FORT BALLANCE ROAD,,Minor Crash,No,2020,,East,,0,,Flat,,,,,,Bright sun,2200700,1,0.0,0.0,2.0,,,0.0,,,,,,Wellington Region,Nil,2-way,Sealed,,0.0,0,,50.0,,None,0.0,0.0,,47,Wellington City,Unknown,,,,,0.0,0.0,Urban,0.0,,,Fine,Null,1
66435094,,573000,0.0,,0.0,2.0,,Null,2018/2019,WILLIS STREET,GHUZNEE STREET,,Non-Injury Crash,No,2018,,North,,0,,Flat,,,,,,Bright sun,2129700,0,0.0,0.0,2.0,,,0.0,,,,,,Wellington Region,Nil,1-way,Sealed,,0.0,0,,50.0,,Off,0.0,0.0,,47,Wellington City,Traffic Signals,,,,,0.0,0.0,Urban,0.0,,,Fine,Null,0
66435099,,574002,0.0,0.0,0.0,1.0,0.0,South,2020/2021,HUTT ROAD ON RAMP,HUTT ROAD,,Non-Injury Crash,No,2020,0.0,North,0.0,0,0.0,Flat,1.0,,0.0,,0.0,Twilight,2078302,0,0.0,0.0,1.0,0.0,0.0,0.0,0.0,0.0,,0.0,0.0,Wellington Region,Motorway ramp,1-way,Sealed,0.0,0.0,0,0.0,80.0,0.0,On,0.0,0.0,,47,Wellington City,Unknown,0.0,0.0,0.0,0.0,0.0,0.0,Open,0.0,0.0,0.0,Fine,Null,1
66435100,,574302,0.0,0.0,0.0,2.0,0.0,East,2020/2021,CLUTHA AVENUE,COCKAYNE ROAD,,Minor Crash,No,2021,0.0,North,0.0,0,0.0,Hill Road,0.0,,0.0,,1.0,Bright sun,2092600,2,0.0,0.0,2.0,0.0,0.0,0.0,0.0,0.0,,0.0,0.0,Wellington Region,Nil,2-way,Sealed,0.0,0.0,0,0.0,50.0,0.0,Off,0.0,0.0,,47,Wellington City,Nil,0.0,0.0,0.0,0.0,0.0,0.0,Urban,0.0,0.0,0.0,Fine,Null,1
66435109,,576301,1.0,,0.0,1.0,,Null,2019/2020,HUTCHISON ROAD,TASMAN STREET,,Minor Crash,No,2019,,East,,0,,Hill Road,,,,,,Bright sun,2163300,1,0.0,0.0,2.0,,,0.0,,,,,,Wellington Region,Nil,2-way,Sealed,,0.0,0,,50.0,,Off,0.0,0.0,,47,Wellington City,Give way,,,,,0.0,0.0,Urban,0.0,,,Fine,Null,0
66435111,,573000,0.0,,1.0,0.0,,Null,2019/2020,JERVOIS QUAY,WILLESTON STREET,,Non-Injury Crash,No,2019,,South,,0,,Null,,,,,,Unknown,2124300,0,0.0,0.0,4.0,,,0.0,,,,,,Wellington Region,Nil,1-way,Sealed,,0.0,0,,50.0,,Null,0.0,0.0,,47,Wellington City,Traffic Signals,,,,,1.0,0.0,Urban,0.0,,,Null,Null,0
66435114,,572900,0.0,0.0,0.0,0.0,0.0,South,2019/2020,MOLESWORTH STREET,KATE SHEPPARD PLACE,,Non-Injury Crash,No,2019,0.0,North,0.0,0,0.0,Flat,0.0,,0.0,,0.0,Bright sun,2122400,0,0.0,0.0,2.0,0.0,0.0,0.0,0.0,1.0,,0.0,0.0,Wellington Region,Nil,1-way,Sealed,0.0,0.0,0,0.0,50.0,0.0,Off,0.0,0.0,,47,Wellington City,Nil,0.0,0.0,0.0,0.0,0.0,0.0,Urban,2.0,0.0,0.0,Fine,Null,0
66435115,,573700,0.0,,0.0,2.0,,South,2020/2021,JOHNSONVILLE PORIRUA MOTORWAY,HELSTON OBR,,Serious Crash,Yes,2021,,North,,0,,Flat,,,,,,Bright sun,2082800,0,0.0,1.0,2.0,,,0.0,,,,,,Wellington Region,Nil,1-way,Sealed,,0.0,1,,100.0,,Off,0.0,0.0,,47,Wellington City,Nil,,,,,0.0,0.0,Open,1.0,,,Fine,Null,1
66435124,,573700,0.0,0.0,0.0,2.0,0.0,East,2019/2020,FRASER AVENUE,POLLEN STREET,,Non-Injury Crash,No,2020,0.0,North,0.0,0,0.0,Hill Road,0.0,,0.0,,0.0,Overcast,2083400,0,0.0,0.0,2.0,0.0,0.0,0.0,0.0,1.0,,0.0,0.0,Wellington Region,Nil,2-way,Sealed,0.0,0.0,0,0.0,50.0,0.0,Off,0.0,0.0,,47,Wellington City,Nil,0.0,0.0,0.0,0.0,0.0,0.0,Urban,0.0,0.0,0.0,Light rain,Null,1
66435162,,573511,0.0,,0.0,1.0,,Null,2018/2019,WESTCHESTER DRIVE,MIDDLETON ROAD,,Non-Injury Crash,No,2019,,North,,0,,Hill Road,,,,,,Bright sun,2086502,0,0.0,0.0,2.0,,,0.0,,,,,,Wellington Region,Nil,2-way,Sealed,,0.0,0,,50.0,,Off,1.0,0.0,,47,Wellington City,Give way,,,,,0.0,0.0,Urban,0.0,,,Fine,Null,0
66435183,,575600,0.0,0.0,0.0,1.0,0.0,North,2019/2020,OHIRO ROAD ,TANERA CRESCENT,,Non-Injury Crash,No,2019,0.0,North,0.0,0,0.0,Hill Road,0.0,,0.0,,0.0,Unknown,2161900,0,0.0,0.0,2.0,0.0,0.0,0.0,0.0,1.0,,0.0,0.0,Wellington Region,Nil,2-way,Sealed,0.0,0.0,0,0.0,50.0,0.0,Null,0.0,0.0,,47,Wellington City,Nil,0.0,0.0,0.0,0.0,1.0,0.0,Urban,0.0,0.0,0.0,Null,Null,0
66435185,,576400,0.0,,0.0,2.0,,East,2019/2020,RHODES ST,RIDDIFORD STREET,,Non-Injury Crash,No,2019,,West,,0,,Null,,,,,,Unknown,2168700,0,0.0,0.0,2.0,,,0.0,,,,,,Wellington Region,Nil,2-way,Sealed,,0.0,0,,40.0,,Null,0.0,0.0,,47,Wellington City,Unknown,,,,,0.0,0.0,Urban,0.0,,,Null,Null,0
66435192,,576600,0.0,0.0,0.0,2.0,0.0,Null,2020/2021,HAY STREET,ORIENTAL PARADE,,Non-Injury Crash,No,2020,0.0,North,0.0,0,0.0,Flat,0.0,,0.0,,0.0,Overcast,2138200,0,0.0,0.0,2.0,0.0,0.0,0.0,0.0,1.0,,0.0,0.0,Wellington Region,Nil,2-way,Sealed,0.0,0.0,0,0.0,40.0,0.0,On,0.0,0.0,,47,Wellington City,Give way,0.0,0.0,0.0,0.0,0.0,0.0,Urban,1.0,0.0,0.0,Light rain,Null,1
66435226,45.0,572600,0.0,,0.0,1.0,,Null,2018/2019,MAIN ROAD,LYNDHURST ROAD,,Minor Crash,No,2019,,North,,0,,Flat,,,,,,Bright sun,1990600,1,0.0,0.0,2.0,,,0.0,,,1.0,,,Wellington Region,Nil,2-way,Sealed,,0.0,0,,50.0,,Off,0.0,0.0,,47,Wellington City,Give way,,,,,0.0,0.0,Urban,0.0,,,Fine,Null,0
66435234,,572900,0.0,,0.0,0.0,,North,2018/2019,01N-1068-D,TINAKORI ROAD ON RAMP,,Non-Injury Crash,Yes,2019,,North,,0,,Null,,,,,,Bright sun,2119500,0,0.0,0.0,3.0,,,0.0,,,,,,Wellington Region,Nil,1-way,Sealed,,0.0,0,,100.0,,Off,1.0,0.0,,47,Wellington City,Unknown,,,,,0.0,0.0,Open,1.0,,,Null,Null,0
66435301,,573526,0.0,,0.0,2.0,,West,2018/2019,002-0962/12.85-I,HUTT ROAD ON RAMP,,Non-Injury Crash,Yes,2019,,West,,0,,Flat,,,,,,Dark,2086403,0,0.0,0.0,2.0,,,0.0,,,,,,Wellington Region,Nil,1-way,Sealed,,0.0,0,,100.0,,On,0.0,0.0,,47,Wellington City,Unknown,,,,,0.0,0.0,Open,0.0,,,Fine,Frost,0
66435310,,577500,0.0,0.0,0.0,1.0,0.0,East,2019/2020,BREAKER BAY ROAD,WAHINE MEMORIAL,,Non-Injury Crash,No,2019,0.0,Null,0.0,0,0.0,Null,0.0,,0.0,,0.0,Bright sun,2212600,0,0.0,0.0,2.0,0.0,0.0,0.0,0.0,1.0,,0.0,0.0,Wellington Region,Nil,2-way,Sealed,0.0,0.0,0,0.0,50.0,0.0,Off,0.0,0.0,,47,Wellington City,Unknown,0.0,0.0,0.0,0.0,0.0,0.0,Urban,0.0,0.0,0.0,Fine,Null,0
66435346,,576400,0.0,,0.0,1.0,,Null,2019/2020,COROMANDEL STREET,SEDDON TERRACE,,Serious Crash,No,2020,,South,,0,,Flat,,,,,,Dark,2167900,0,0.0,1.0,2.0,,,0.0,,,,,,Wellington Region,Speed hump,2-way,Sealed,,0.0,1,,50.0,,On,0.0,0.0,,47,Wellington City,Nil,,,,,0.0,0.0,Urban,0.0,,,Fine,Null,1
66435393,,573200,0.0,,0.0,0.0,,South,2019/2020,OHIRO RD,MAARAMA CRESCENT,,Minor Crash,No,2019,,North,,0,,Hill Road,,,,,,Overcast,2159300,1,1.0,0.0,2.0,,,0.0,,,,,,Wellington Region,Nil,2-way,Sealed,,0.0,0,,50.0,,Off,0.0,0.0,,47,Wellington City,Unknown,,,,,0.0,1.0,Urban,0.0,,,Fine,Null,0
66435396,,576903,0.0,0.0,0.0,0.0,0.0,South,2019/2020,CRAWFORD ROAD,WELLINGTON ROAD,,Non-Injury Crash,No,2019,0.0,South,0.0,0,0.0,Null,0.0,,0.0,,0.0,Unknown,2180500,0,0.0,0.0,2.0,0.0,0.0,0.0,0.0,1.0,,0.0,0.0,Wellington Region,Nil,2-way,Sealed,0.0,0.0,0,0.0,,0.0,Null,1.0,0.0,,47,Wellington City,Unknown,0.0,0.0,0.0,0.0,0.0,0.0,Urban,0.0,0.0,0.0,Null,Null,0
66435398,,576400,0.0,0.0,0.0,1.0,0.0,East,2019/2020,RHODES ST,RIDDIFORD STREET,,Non-Injury Crash,No,2019,0.0,West,0.0,0,0.0,Null,0.0,,0.0,,0.0,Unknown,2168700,0,0.0,0.0,2.0,0.0,0.0,0.0,0.0,1.0,,0.0,0.0,Wellington Region,Nil,2-way,Sealed,0.0,0.0,0,0.0,40.0,0.0,Null,1.0,0.0,,47,Wellington City,Give way,0.0,0.0,0.0,0.0,0.0,0.0,Urban,0.0,0.0,0.0,Null,Null,0
66435406,,572500,0.0,,1.0,0.0,,South,2019/2020,MAIN ROAD,TAWA STREET,,Minor Crash,No,2020,,North,,0,,Flat,,,,,,Bright sun,1986300,1,0.0,0.0,2.0,,,0.0,,,1.0,,,Wellington Region,Nil,2-way,Sealed,,0.0,0,,50.0,,Off,0.0,0.0,,47,Wellington City,Nil,,,,,0.0,0.0,Urban,0.0,,,Fine,Null,1
66435429,,573000,0.0,0.0,0.0,1.0,0.0,North,2018/2019,WILLIS STREET,MERCER STREET,,Non-Injury Crash,No,2018,0.0,North,0.0,0,0.0,Flat,0.0,,0.0,,0.0,Overcast,2127400,0,0.0,0.0,2.0,0.0,0.0,0.0,0.0,1.0,,0.0,0.0,Wellington Region,Nil,2-way,Sealed,0.0,0.0,0,0.0,50.0,0.0,Off,0.0,1.0,,47,Wellington City,Unknown,0.0,0.0,0.0,0.0,1.0,0.0,Urban,0.0,0.0,0.0,Fine,Null,0
66435492,,572900,0.0,0.0,0.0,1.0,0.0,North,2019/2020,WELLINGTON URBAN MOTORWAY,AOTEA QUAY OFF RAMP,,Non-Injury Crash,Yes,2020,1.0,South,0.0,0,0.0,Null,0.0,,0.0,,0.0,Twilight,2118400,0,0.0,0.0,2.0,0.0,0.0,0.0,0.0,0.0,,0.0,0.0,Wellington Region,Motorway ramp,1-way,Unsealed,0.0,0.0,0,0.0,100.0,0.0,Off,0.0,0.0,,47,Wellington City,Unknown,0.0,0.0,0.0,0.0,0.0,0.0,Open,0.0,0.0,0.0,Mist or Fog,Null,1
66435518,,575300,0.0,0.0,0.0,4.0,0.0,North,2019/2020,UPLAND RD,BOUNDARY ROAD,,Non-Injury Crash,No,2019,0.0,South,0.0,0,0.0,Hill Road,0.0,,0.0,,0.0,Dark,2152800,0,0.0,0.0,2.0,0.0,0.0,0.0,0.0,1.0,,0.0,0.0,Wellington Region,Nil,2-way,Sealed,0.0,0.0,0,0.0,50.0,0.0,On,0.0,0.0,,47,Wellington City,Unknown,0.0,0.0,0.0,0.0,0.0,0.0,Urban,0.0,0.0,0.0,Fine,Null,0
66435574,,573802,0.0,,0.0,2.0,,North,2019/2020,01N-1060-I,HELSTON OBR,,Non-Injury Crash,Yes,2019,,South,,0,,Flat,,,,,,Overcast,2079100,0,0.0,0.0,2.0,,,0.0,,,,,,Wellington Region,Nil,1-way,Sealed,,0.0,0,,100.0,,Off,0.0,0.0,,47,Wellington City,Unknown,,,,,0.0,0.0,Open,0.0,,,Null,Null,0
66435575,,573000,0.0,,0.0,2.0,,Null,2018/2019,GHUZNEE STREET,WILLIS STREET,,Non-Injury Crash,No,2018,,East,,0,,Null,,,,,,Unknown,2130700,0,0.0,0.0,2.0,,,0.0,,,,,,Wellington Region,Nil,2-way,Sealed,,0.0,0,,50.0,,Null,0.0,0.0,,47,Wellington City,Traffic Signals,,,,,0.0,0.0,Urban,0.0,,,Null,Null,0
66435578,,576903,0.0,,0.0,1.0,,Null,2019/2020,EVANS BAY PARADE,COBHAM DRIVE,,Non-Injury Crash,No,2020,,South,,0,,Flat,,,,,,Overcast,2180200,0,0.0,0.0,3.0,,,0.0,,,,,,Wellington Region,Nil,2-way,Sealed,,0.0,0,,50.0,,Off,1.0,0.0,,47,Wellington City,Give way,,,,,0.0,0.0,Urban,0.0,,,Fine,Null,1
66435591,,575300,0.0,0.0,0.0,1.0,0.0,East,2018/2019,KOWHAI RD,UPLAND ROAD,,Non-Injury Crash,No,2019,0.0,East,0.0,0,0.0,Null,0.0,,0.0,,0.0,Bright sun,2153702,0,0.0,0.0,2.0,0.0,0.0,0.0,0.0,1.0,,0.0,0.0,Wellington Region,Nil,2-way,Sealed,0.0,0.0,0,0.0,30.0,0.0,Off,1.0,0.0,,47,Wellington City,Unknown,0.0,0.0,0.0,0.0,0.0,0.0,Urban,0.0,0.0,0.0,Null,Null,0