OBJECTID,advisorySpeed,areaUnitID,bicycle,bridge,bus,carStationWagon,cliffBank,crashDirectionDescription,crashFinancialYear,crashLocation1,crashLocation2,crashRoadSideRoad,crashSeverity,crashSHDescription,crashYear,debris,directionRoleDescription,ditch,fatalCount,fence,flatHill,guardRail,holiday,houseOrBuilding,intersection,kerb,light,meshblockId,minorInjuryCount,moped,motorcycle,NumberOfLanes,objectThrownOrDropped,otherObject,otherVehicleType,overBank,parkedVehicle,pedestrian,phoneBoxEtc,postOrPole,region,roadCharacter,roadLane,roadSurface,roadworks,schoolBus,seriousInjuryCount,slipOrFlood,speedLimit,strayAnimal,streetLight,suv,taxi,temporarySpeedLimit,tlaId,tlaName,trafficControl,trafficIsland,trafficSign,train,tree,truck,unknownVehicleType,urban,vanOrUtility,vehicle,waterRiver,weatherA,weatherB,if_pandemic
66435607,,574002,0.0,,0.0,3.0,,North,2019/2020,002-0962/12.86-D,HUTT ROAD ON RAMP,,Minor Crash,Yes,2019,,North,,0,,Flat,,,,,,Bright sun,2078302,1,0.0,0.0,2.0,,,0.0,,,,,,Wellington Region,Nil,1-way,Sealed,,0.0,0,,100.0,,Off,0.0,0.0,,47,Wellington City,Unknown,,,,,0.0,0.0,Open,0.0,,,Fine,Null,0
66435610,,573101,0.0,,0.0,1.0,,Null,2019/2020,GHUZNEE STREET,CUBA STREET,,Non-Injury Crash,No,2019,,West,,0,,Null,,,,,,Unknown,2133600,0,0.0,0.0,2.0,,,0.0,,,1.0,,,Wellington Region,Nil,2-way,Sealed,,0.0,0,,50.0,,Null,0.0,0.0,,47,Wellington City,Traffic Signals,,,,,0.0,0.0,Urban,0.0,,,Null,Null,0
66435644,,574001,0.0,,0.0,3.0,,South,2019/2020,KENMORE ST,HOROKIWI ROAD WEST,,Non-Injury Crash,No,2019,,South,,0,,Hill Road,,,,,,Dark,2075200,0,0.0,0.0,2.0,,,0.0,,,,,,Wellington Region,Nil,2-way,Sealed,,0.0,0,,50.0,,On,0.0,0.0,,47,Wellington City,Unknown,,,,,0.0,0.0,Urban,0.0,,,Light rain,Null,0
66435649,,573101,0.0,,0.0,0.0,,Null,2019/2020,GHUZNEE STREET,VICTORIA STREET,,Non-Injury Crash,No,2019,,East,,0,,Flat,,,,,,Bright sun,2131700,0,0.0,1.0,3.0,,,0.0,,,,,,Wellington Region,Nil,2-way,Sealed,,0.0,0,,50.0,,Off,1.0,0.0,,47,Wellington City,Traffic Signals,,,,,0.0,0.0,Urban,0.0,,,Fine,Null,0
66435654,,573101,0.0,,0.0,1.0,,Null,2019/2020,TORY STREET,LORNE STREET,,Non-Injury Crash,No,2019,,South,,0,,Flat,,Labour Weekend,,,,Unknown,2136000,0,0.0,0.0,2.0,,,0.0,,,,,,Wellington Region,Nil,2-way,Sealed,,0.0,0,,50.0,,Off,0.0,0.0,,47,Wellington City,Give way,,,,,0.0,0.0,Urban,1.0,,,Fine,Null,0
66435697,,574302,0.0,,0.0,2.0,,North,2019/2020,ONSLOW ROAD,HUTT ROAD,,Non-Injury Crash,No,2019,,Null,,0,,Flat,,,,,,Bright sun,2090500,0,0.0,0.0,2.0,,,0.0,,,,,,Wellington Region,Nil,2-way,Sealed,,0.0,0,,50.0,,Off,0.0,0.0,,47,Wellington City,Unknown,,,,,0.0,0.0,Urban,0.0,,,Fine,Null,0
66435745,,576400,0.0,0.0,0.0,2.0,0.0,North,2018/2019,COROMANDEL ST,COLVILLE STREET,,Non-Injury Crash,No,2019,0.0,South,0.0,0,0.0,Hill Road,0.0,,0.0,,0.0,Dark,2169700,0,0.0,0.0,2.0,0.0,0.0,0.0,0.0,1.0,,0.0,0.0,Wellington Region,Nil,2-way,Sealed,0.0,0.0,0,0.0,50.0,0.0,On,0.0,0.0,,47,Wellington City,Unknown,0.0,0.0,0.0,0.0,0.0,0.0,Urban,0.0,0.0,0.0,Fine,Null,0
66435751,,574900,0.0,0.0,0.0,0.0,0.0,South,2019/2020,SUNSHINE AVENUE,VICTORY AVENUE,,Non-Injury Crash,No,2019,0.0,North,0.0,0,1.0,Hill Road,0.0,,0.0,,1.0,Dark,2109400,0,0.0,0.0,2.0,0.0,0.0,0.0,0.0,0.0,,0.0,1.0,Wellington Region,Nil,2-way,Sealed,0.0,0.0,0,0.0,50.0,0.0,On,0.0,0.0,,47,Wellington City,Nil,0.0,0.0,0.0,0.0,0.0,0.0,Urban,1.0,0.0,0.0,Fine,Null,0
66435757,,576002,0.0,,0.0,2.0,,Null,2018/2019,AVON STREET,CLYDE STREET,,Minor Crash,No,2019,,East,,0,,Flat,,,,,,Overcast,2190400,1,0.0,0.0,2.0,,,0.0,,,,,,Wellington Region,Nil,2-way,Sealed,,0.0,0,,50.0,,Off,0.0,0.0,,47,Wellington City,Give way,,,,,0.0,0.0,Urban,0.0,,,Fine,Null,0
66435760,,572900,0.0,0.0,0.0,2.0,0.0,North,2020/2021,HOBSON STREET,MOTUROA STREET,,Non-Injury Crash,No,2020,0.0,South,0.0,0,0.0,Flat,0.0,,0.0,,0.0,Overcast,2118102,0,0.0,0.0,2.0,0.0,0.0,0.0,0.0,1.0,,0.0,0.0,Wellington Region,Nil,2-way,Sealed,0.0,0.0,0,0.0,50.0,0.0,Null,0.0,0.0,,47,Wellington City,Unknown,0.0,0.0,0.0,0.0,0.0,0.0,Urban,0.0,0.0,0.0,Fine,Null,1
66435813,,576500,0.0,,0.0,0.0,,Null,2018/2019,ADELAIDE ROAD,ALFRED STREET,,Non-Injury Crash,No,2019,,South,,0,,Flat,,,,,,Overcast,2147900,0,1.0,0.0,4.0,,,0.0,,,,,,Wellington Region,Nil,2-way,Sealed,,0.0,0,,50.0,,On,0.0,0.0,,47,Wellington City,Give way,,,,,0.0,0.0,Urban,1.0,,,Fine,Null,0
66435861,,573300,0.0,0.0,0.0,0.0,0.0,Null,2019/2020,BIDWILL STREET,WALLACE STREET,,Non-Injury Crash,No,2019,0.0,West,0.0,0,0.0,Null,0.0,,0.0,,0.0,Unknown,2145005,0,0.0,0.0,2.0,0.0,0.0,0.0,0.0,1.0,,0.0,0.0,Wellington Region,Nil,2-way,Null,0.0,0.0,0,0.0,50.0,0.0,Null,1.0,0.0,,47,Wellington City,Nil,0.0,0.0,0.0,0.0,0.0,0.0,Urban,0.0,0.0,0.0,Null,Null,0
66435866,,573101,0.0,,0.0,1.0,,Null,2019/2020,VIVIAN STREET,VICTORIA STREET,,Non-Injury Crash,Yes,2020,,East,,0,,Null,,,,,,Unknown,2131600,0,0.0,0.0,3.0,,,0.0,,,,,,Wellington Region,Nil,1-way,Sealed,,0.0,0,,50.0,,On,0.0,0.0,,47,Wellington City,Traffic Signals,,,,,0.0,0.0,Urban,1.0,,,Null,Null,1
66435905,,573101,0.0,,0.0,1.0,,Null,2019/2020,TORY STREET,VIVIAN STREET,,Non-Injury Crash,No,2020,,South,,0,,Flat,,,,,,Bright sun,2136500,0,0.0,0.0,3.0,,,0.0,,,,,,Wellington Region,Nil,2-way,Sealed,,0.0,0,,50.0,,Off,0.0,0.0,,47,Wellington City,Traffic Signals,,,,,0.0,0.0,Urban,1.0,,,Fine,Null,1
66435909,,572900,0.0,0.0,0.0,2.0,0.0,North,2018/2019,TINAKORI RD,LEWISVILLE TERRACE,,Non-Injury Crash,No,2019,0.0,South,0.0,0,0.0,Null,0.0,,0.0,,0.0,Bright sun,2121800,0,0.0,0.0,2.0,0.0,0.0,0.0,0.0,1.0,,0.0,0.0,Wellington Region,Nil,2-way,Sealed,0.0,0.0,0,0.0,30.0,0.0,Off,0.0,0.0,,47,Wellington City,Unknown,0.0,0.0,0.0,0.0,0.0,0.0,Urban,0.0,0.0,0.0,Null,Null,0
66435910,,575400,0.0,0.0,0.0,3.0,0.0,North,2019/2020,RAROA ROAD,IRVINE STREET,,Non-Injury Crash,No,2020,0.0,North,0.0,0,0.0,Hill Road,0.0,Christmas New Year,0.0,,0.0,Dark,2155700,0,0.0,0.0,2.0,0.0,0.0,0.0,0.0,2.0,,0.0,0.0,Wellington Region,Nil,2-way,Sealed,0.0,0.0,0,0.0,50.0,0.0,On,0.0,0.0,,47,Wellington City,Nil,0.0,0.0,0.0,0.0,0.0,0.0,Urban,0.0,0.0,0.0,Fine,Null,1
66435932,,574500,0.0,,0.0,2.0,,East,2019/2020,WELLINGTON URBAN MOTORWAY,AOTEA QUAY ON RAMP,,Non-Injury Crash,Yes,2019,,North,,0,,Flat,,,,,,Bright sun,2093600,0,0.0,0.0,4.0,,,0.0,,,,,,Wellington Region,Motorway ramp,1-way,Sealed,,0.0,0,,100.0,,Off,0.0,0.0,,47,Wellington City,Unknown,,,,,0.0,0.0,Open,0.0,,,Fine,Null,0
66435962,,577700,0.0,,0.0,2.0,,South,2019/2020,SOUTH MAKARA ROAD,OTERANGA BAY ROAD,,Minor Crash,No,2019,,North,,0,,Hill Road,,,,,,Overcast,2116801,1,0.0,0.0,2.0,,,0.0,,,,,,Wellington Region,Nil,2-way,Sealed,,0.0,0,,50.0,,None,0.0,0.0,,47,Wellington City,Nil,,,,,0.0,0.0,Urban,0.0,,,Fine,Null,0
66435969,,572701,0.0,,0.0,2.0,,Null,2019/2020,COLLINS AVENUE,HINAU STREET,,Non-Injury Crash,No,2019,,Null,,0,,Null,,,,,,Unknown,1993400,0,0.0,0.0,2.0,,,0.0,,,,,,Wellington Region,Nil,2-way,Sealed,,0.0,0,,50.0,,Null,0.0,0.0,,47,Wellington City,Nil,,,,,0.0,0.0,Urban,0.0,,,Fine,Null,0
66436033,,576100,0.0,0.0,0.0,1.0,0.0,South,2018/2019,SUTHERLAND RD,HORNSEY ROAD,,Non-Injury Crash,No,2019,0.0,North,0.0,0,0.0,Hill Road,0.0,,0.0,,0.0,Bright sun,2196400,0,0.0,0.0,2.0,0.0,0.0,0.0,0.0,0.0,,0.0,0.0,Wellington Region,Nil,2-way,Sealed,0.0,0.0,0,0.0,50.0,0.0,Off,0.0,0.0,,47,Wellington City,Unknown,0.0,0.0,0.0,0.0,0.0,0.0,Urban,1.0,1.0,0.0,Fine,Null,0
66436049,,576903,0.0,0.0,0.0,0.0,0.0,North,2019/2020,RUAHINE STREET,GOA STREET,,Minor Crash,Yes,2020,0.0,South,0.0,0,0.0,Flat,0.0,Easter,0.0,,0.0,Bright sun,2180700,1,0.0,0.0,2.0,0.0,0.0,0.0,0.0,0.0,,0.0,0.0,Wellington Region,Nil,2-way,Sealed,0.0,0.0,0,0.0,70.0,0.0,Off,0.0,0.0,,47,Wellington City,Nil,0.0,1.0,0.0,0.0,0.0,0.0,Urban,2.0,0.0,0.0,Fine,Null,1
66436050,,573000,0.0,,0.0,0.0,,Null,2019/2020,SHELL LANE,ROSINA FELL LANE,,Minor Crash,No,2020,,West,,0,,Hill Road,,,,,,Bright sun,2124700,1,0.0,1.0,2.0,,,0.0,,,,,,Wellington Region,Nil,2-way,Sealed,,0.0,0,,50.0,,Off,0.0,0.0,,47,Wellington City,Give way,,,,,0.0,0.0,Urban,0.0,,,Fine,Null,1
66436100,,575300,0.0,,0.0,1.0,,Null,2020/2021,GLENMORE STREET,ORANGI KAUPAPA ROAD,,Minor Crash,No,2020,,North,,0,,Hill Road,,,,,,Overcast,2153501,1,0.0,0.0,2.0,,,0.0,,,,,,Wellington Region,Nil,2-way,Sealed,,0.0,0,,50.0,,Off,1.0,0.0,,47,Wellington City,Give way,,,,,0.0,0.0,Urban,0.0,,,Fine,Null,1
66436106,,577102,0.0,0.0,0.0,0.0,0.0,East,2019/2020,BROADWAY,CAVENDISH SQUARE,,Non-Injury Crash,No,2019,0.0,West,0.0,0,0.0,Flat,0.0,,0.0,,0.0,Bright sun,2213600,0,0.0,0.0,2.0,0.0,0.0,0.0,0.0,0.0,,0.0,1.0,Wellington Region,Nil,2-way,Sealed,0.0,0.0,0,0.0,50.0,0.0,Null,0.0,0.0,,47,Wellington City,Nil,0.0,0.0,0.0,0.0,1.0,0.0,Urban,0.0,0.0,0.0,Null,Null,0
66436181,,576400,0.0,,0.0,2.0,,West,2018/2019,CONSTABLE ST,DANIELL ST,,Non-Injury Crash,No,2018,,Null,,0,,Flat,,,,,,Twilight,2168400,0,0.0,0.0,2.0,,,0.0,,,,,,Wellington Region,Nil,2-way,Sealed,,0.0,0,,50.0,,On,0.0,0.0,,47,Wellington City,Nil,,,,,0.0,0.0,Urban,0.0,,,Fine,Null,0
66436187,,573101,0.0,,0.0,3.0,,North,2020/2021,JERVOIS QUAY,WAKEFIELD STREET,,Non-Injury Crash,No,2020,,South,,0,,Flat,,,,,,Overcast,2133100,0,0.0,0.0,3.0,,,0.0,,,,,,Wellington Region,Nil,1-way,Sealed,,0.0,0,,50.0,,On,0.0,0.0,,47,Wellington City,Nil,,,,,0.0,0.0,Urban,0.0,,,Heavy rain,Null,1
66436195,,575600,0.0,0.0,0.0,2.0,0.0,South,2020/2021,TODMAN STREET,MITCHELL STREET,,Non-Injury Crash,No,2021,0.0,South,0.0,0,0.0,Hill Road,0.0,,0.0,,0.0,Overcast,2161501,0,0.0,0.0,2.0,0.0,0.0,0.0,0.0,1.0,,0.0,0.0,Wellington Region,Nil,2-way,Sealed,0.0,0.0,0,0.0,50.0,0.0,Off,0.0,0.0,,47,Wellington City,Nil,0.0,0.0,0.0,0.0,0.0,0.0,Urban,1.0,0.0,0.0,Light rain,Frost,1
66436265,,576400,0.0,,0.0,2.0,,West,2019/2020,WILSON STREET,COROMANDEL STREET,,Non-Injury Crash,No,2019,,West,,0,,Flat,,,,,,Bright sun,2167900,0,0.0,0.0,2.0,,,0.0,,,,,,Wellington Region,Nil,2-way,Sealed,,0.0,0,,50.0,,Off,0.0,0.0,,47,Wellington City,Unknown,,,,,0.0,0.0,Urban,0.0,,,Fine,Null,0
66436342,,572701,0.0,0.0,0.0,1.0,0.0,North,2019/2020,MAIN ROAD,MCLELLAN STREET,,Non-Injury Crash,No,2020,0.0,South,0.0,0,1.0,Flat,0.0,,0.0,,0.0,Overcast,1994500,0,0.0,0.0,2.0,0.0,0.0,0.0,0.0,0.0,,0.0,0.0,Wellington Region,Nil,2-way,Sealed,0.0,0.0,0,0.0,50.0,0.0,Off,0.0,0.0,,47,Wellington City,Nil,0.0,0.0,0.0,0.0,0.0,0.0,Urban,0.0,0.0,0.0,Light rain,Null,1
66436364,,576800,0.0,0.0,0.0,3.0,0.0,South,2019/2020,MATAI ROAD,KAINUI ROAD,,Non-Injury Crash,No,2019,0.0,North,0.0,0,0.0,Flat,0.0,,0.0,,0.0,Bright sun,2182700,0,0.0,0.0,2.0,0.0,0.0,0.0,0.0,1.0,,0.0,0.0,Wellington Region,Nil,2-way,Sealed,0.0,0.0,0,0.0,50.0,0.0,Null,0.0,0.0,,47,Wellington City,Nil,0.0,0.0,0.0,0.0,0.0,0.0,Urban,0.0,0.0,0.0,Null,Null,0
66436367,,574002,0.0,,0.0,1.0,,West,2019/2020,01N-1060-I,CENTENNIAL HIGHWAY OFF RAMP,,Non-Injury Crash,Yes,2019,,South,,0,,Hill Road,,,,,,Overcast,2078304,0,0.0,0.0,6.0,,,0.0,,,,,,Wellington Region,Nil,2-way,Sealed,,0.0,0,,80.0,,Off,0.0,0.0,,47,Wellington City,Unknown,,,,,0.0,0.0,Open,0.0,,,Light rain,Null,0
66436402,,574702,0.0,0.0,0.0,1.0,0.0,Null,2019/2020,BLACKBRIDGE ROAD,CHURCHILL DRIVE,,Non-Injury Crash,No,2020,0.0,West,0.0,0,0.0,Hill Road,0.0,,0.0,,0.0,Bright sun,2103800,0,0.0,0.0,2.0,0.0,0.0,0.0,0.0,0.0,,0.0,0.0,Wellington Region,Nil,2-way,Sealed,0.0,0.0,0,0.0,50.0,0.0,Off,0.0,0.0,,47,Wellington City,Give way,0.0,0.0,0.0,1.0,0.0,0.0,Urban,0.0,0.0,0.0,Fine,Null,1
66436451,,573300,0.0,0.0,0.0,2.0,0.0,Null,2019/2020,WALLACE STREET,HOWARD STREET,,Non-Injury Crash,No,2020,0.0,South,0.0,0,0.0,Hill Road,0.0,,0.0,,0.0,Dark,2147500,0,0.0,0.0,2.0,0.0,0.0,0.0,0.0,1.0,,0.0,0.0,Wellington Region,Nil,2-way,Unsealed,0.0,0.0,0,0.0,50.0,0.0,On,0.0,0.0,30.0,47,Wellington City,Nil,0.0,0.0,0.0,0.0,0.0,0.0,Urban,0.0,0.0,0.0,Fine,Strong wind,1
66436467,,573802,0.0,,0.0,2.0,,Null,2020/2021,HELSTON ROAD,PETHERICK CRESCENT,,Minor Crash,No,2020,,East,,0,,Hill Road,,,,,,Overcast,2079100,1,0.0,0.0,2.0,,,0.0,,,,,,Wellington Region,Nil,2-way,Sealed,,0.0,0,,50.0,,Off,0.0,0.0,,47,Wellington City,Give way,,,,,0.0,0.0,Urban,0.0,,,Fine,Null,1
66436475,,572900,2.0,,0.0,0.0,,South,2019/2020,THORNDON QUAY,TINAKORI ROAD,,Minor Crash,No,2020,,Null,,0,,Flat,,,,,,Bright sun,2118400,1,0.0,0.0,2.0,,,0.0,,,,,,Wellington Region,Nil,2-way,Sealed,,0.0,0,,50.0,,Off,0.0,0.0,,47,Wellington City,Nil,,,,,0.0,0.0,Urban,0.0,,,Fine,Null,1
66436479,,573101,0.0,,0.0,1.0,,South,2018/2019,CAMBRIDGE TCE,VIVIAN STREET,,Non-Injury Crash,No,2019,,North,,0,,Flat,,,,,,Dark,2136700,0,0.0,0.0,6.0,,,0.0,,,,,,Wellington Region,Nil,2-way,Sealed,,0.0,0,,50.0,,On,0.0,1.0,,47,Wellington City,Unknown,,,,,0.0,0.0,Urban,1.0,,,Fine,Null,0
66436516,,572900,0.0,,0.0,1.0,,Null,2019/2020,TINAKORI ROAD,PARK STREET,,Non-Injury Crash,No,2019,,North,,0,,Flat,,,,,,Twilight,2119300,0,0.0,0.0,4.0,,,0.0,,,,,,Wellington Region,Nil,2-way,Sealed,,0.0,0,,50.0,,Off,0.0,0.0,,47,Wellington City,Traffic Signals,,,,,0.0,0.0,Urban,1.0,,,Fine,Null,0
66436568,,572900,0.0,,0.0,0.0,,Null,2018/2019,FEATHERSTON STREET,MULGRAVE STREET,,Non-Injury Crash,No,2019,,North,,0,,Null,,,,,,Overcast,2122800,0,0.0,0.0,4.0,,,0.0,,,,,,Wellington Region,Nil,2-way,Sealed,,0.0,0,,50.0,,On,0.0,0.0,,47,Wellington City,Traffic Signals,,,,,0.0,0.0,Urban,1.0,,,Null,Null,0
66436610,,573511,0.0,0.0,0.0,1.0,0.0,South,2018/2019,01N-1060-D,WESTCHESTER OBR NBD,,Non-Injury Crash,Yes,2019,0.0,North,0.0,0,0.0,Flat,1.0,,0.0,,0.0,Dark,2086203,0,0.0,0.0,4.0,0.0,0.0,0.0,0.0,0.0,,0.0,0.0,Wellington Region,Nil,2-way,Sealed,0.0,0.0,0,0.0,100.0,0.0,None,0.0,0.0,,47,Wellington City,Unknown,0.0,0.0,0.0,0.0,0.0,0.0,Open,0.0,0.0,0.0,Fine,Null,0
66436612,,574900,1.0,,0.0,0.0,,East,2019/2020,KARORI ROAD,MORLEY STREET,,Non-Injury Crash,No,2019,,East,,0,,Hill Road,,,,,,Overcast,2108805,0,0.0,0.0,2.0,,,0.0,,,,,,Wellington Region,Nil,2-way,Sealed,,0.0,0,,50.0,,Off,0.0,0.0,,47,Wellington City,Nil,,,,,0.0,0.0,Urban,1.0,,,Fine,Null,0
66436655,,573101,0.0,0.0,0.0,1.0,0.0,Null,2019/2020,HOLLAND STREET,TORY STREET,,Non-Injury Crash,No,2020,0.0,South,0.0,0,0.0,Hill Road,0.0,,0.0,,0.0,Unknown,2135900,0,0.0,0.0,2.0,0.0,0.0,0.0,0.0,1.0,,0.0,0.0,Wellington Region,Nil,2-way,Sealed,0.0,0.0,0,0.0,50.0,0.0,Null,0.0,0.0,,47,Wellington City,Nil,0.0,0.0,0.0,0.0,0.0,0.0,Urban,1.0,0.0,0.0,Null,Null,1
66436660,,575902,0.0,0.0,0.0,1.0,0.0,South,2019/2020,OWHIRO BAY PARADE,HAPPY VALLEY ROAD,,Minor Crash,No,2020,0.0,South,0.0,0,0.0,Flat,0.0,,0.0,,0.0,Twilight,2187600,1,0.0,0.0,2.0,0.0,0.0,0.0,0.0,3.0,,0.0,0.0,Wellington Region,Nil,2-way,Sealed,0.0,0.0,0,0.0,50.0,0.0,Off,0.0,0.0,,47,Wellington City,Unknown,0.0,0.0,0.0,0.0,0.0,0.0,Urban,3.0,0.0,0.0,Fine,Null,1
66436661,,574002,0.0,,0.0,2.0,,North,2018/2019,002-0962/12.86-D,WELLINGTON URBAN MOTORWAY,,Non-Injury Crash,Yes,2019,,North,,0,,Flat,,,,,,Overcast,2078302,0,0.0,0.0,2.0,,,0.0,,,,,,Wellington Region,Nil,1-way,Sealed,,0.0,0,,100.0,,Off,0.0,0.0,60.0,47,Wellington City,Unknown,,,,,0.0,0.0,Open,0.0,,,Fine,Null,0
66436686,,573526,0.0,,0.0,1.0,,East,2019/2020,HUTT ROAD,SERVICE STN NTH,,Non-Injury Crash,Yes,2019,,West,,0,,Flat,,,,,,Bright sun,2086403,0,0.0,0.0,2.0,,,0.0,,,,,,Wellington Region,Nil,1-way,Sealed,,0.0,0,,100.0,,Off,1.0,0.0,,47,Wellington City,Nil,,,,,0.0,0.0,Open,0.0,,,Fine,Null,0
66436697,,577200,0.0,0.0,0.0,2.0,0.0,North,2020/2021,IRA STREET,DEVONSHIRE ROAD,,Minor Crash,No,2020,0.0,North,0.0,0,0.0,Flat,0.0,,0.0,,0.0,Overcast,2208100,1,0.0,0.0,2.0,0.0,0.0,0.0,0.0,1.0,,0.0,0.0,Wellington Region,Nil,2-way,Sealed,0.0,0.0,0,0.0,50.0,0.0,Off,0.0,0.0,,47,Wellington City,Nil,0.0,0.0,0.0,0.0,0.0,0.0,Urban,0.0,0.0,0.0,Fine,Null,1
66436707,,575000,0.0,,0.0,1.0,,East,2020/2021,KARORI ROAD,NOTTINGHAM STREET,,Non-Injury Crash,No,2020,,East,,0,,Flat,,,,,,Unknown,2111000,0,0.0,1.0,2.0,,,0.0,,,,,,Wellington Region,Nil,2-way,Sealed,,0.0,0,,50.0,,Null,0.0,0.0,,47,Wellington City,Unknown,,,,,0.0,0.0,Urban,0.0,,,Null,Null,1
66436708,,573903,0.0,0.0,0.0,1.0,0.0,West,2019/2020,NEWLANDS OFF RAMP,NEWLANDS ROAD,,Non-Injury Crash,No,2019,0.0,South,0.0,0,0.0,Hill Road,0.0,,0.0,,0.0,Dark,2075103,0,0.0,0.0,1.0,0.0,0.0,0.0,0.0,0.0,,0.0,0.0,Wellington Region,Motorway ramp,1-way,Sealed,0.0,0.0,0,0.0,50.0,0.0,On,0.0,0.0,,47,Wellington City,Nil,1.0,0.0,0.0,1.0,0.0,0.0,Urban,0.0,0.0,0.0,Fine,Null,0
66436718,,573400,0.0,,0.0,2.0,,East,2019/2020,MT VICTORIA TUNNEL,WEST PORTAL,,Non-Injury Crash,Yes,2019,,West,,0,,Flat,,,,,,Overcast,2143300,0,0.0,0.0,2.0,,,0.0,,,,,,Wellington Region,Nil,2-way,Sealed,,0.0,0,,50.0,,Off,0.0,0.0,,47,Wellington City,Nil,,,,,0.0,0.0,Urban,0.0,,,Light rain,Null,0
66436722,,573000,1.0,,0.0,0.0,,South,2019/2020,LAMBTON QUAY,PANAMA STREET,,Minor Crash,No,2019,,North,,0,,Flat,,,,,,Overcast,2125700,1,0.0,0.0,3.0,,,0.0,,,,,,Wellington Region,Nil,2-way,Sealed,,0.0,0,,30.0,,Off,0.0,0.0,,47,Wellington City,Nil,,,,,0.0,0.0,Urban,1.0,,,Light rain,Null,0
66436732,,573101,0.0,0.0,0.0,2.0,0.0,North,2019/2020,BLAIR STREET,COURTENAY PLACE,,Non-Injury Crash,No,2019,0.0,North,0.0,0,0.0,Flat,0.0,,0.0,,0.0,Dark,2135700,0,0.0,0.0,2.0,0.0,0.0,0.0,0.0,0.0,,0.0,0.0,Wellington Region,Nil,2-way,Sealed,0.0,0.0,0,0.0,50.0,0.0,On,0.0,1.0,,47,Wellington City,Nil,0.0,0.0,0.0,0.0,0.0,0.0,Urban,0.0,1.0,0.0,Fine,Null,0
66436760,,573101,0.0,,0.0,0.0,,Null,2018/2019,GHUZNEE STREET,TARANAKI STREET,,Non-Injury Crash,No,2018,,East,,0,,Flat,,,,,,Dark,2133408,0,1.0,0.0,4.0,,,0.0,,,,,,Wellington Region,Nil,2-way,Sealed,,0.0,0,,50.0,,On,0.0,0.0,,47,Wellington City,Traffic Signals,,,,,0.0,0.0,Urban,0.0,,,Fine,Null,0
66436768,,573101,0.0,,0.0,1.0,,Null,2018/2019,CABLE STREET,ORIENTAL PARADE,,Non-Injury Crash,No,2019,,Null,,0,,Null,,,,,,Bright sun,2135500,0,0.0,0.0,3.0,,,0.0,,,,,,Wellington Region,Nil,1-way,Sealed,,0.0,0,,50.0,,Off,1.0,0.0,,47,Wellington City,Traffic Signals,,,,,0.0,0.0,Urban,0.0,,,Null,Null,0
66436773,,576301,0.0,0.0,0.0,1.0,0.0,North,2019/2020,RINTOUL STREET,MILLWARD STREET,,Non-Injury Crash,No,2019,0.0,Null,0.0,0,0.0,Null,0.0,,0.0,,0.0,Unknown,2165000,0,0.0,0.0,2.0,0.0,0.0,0.0,0.0,1.0,,0.0,0.0,Wellington Region,Nil,2-way,Null,0.0,0.0,0,0.0,50.0,0.0,Null,0.0,0.0,,47,Wellington City,Nil,0.0,0.0,0.0,0.0,0.0,0.0,Urban,0.0,0.0,0.0,Null,Null,0
66436810,,576901,0.0,0.0,0.0,2.0,0.0,South,2019/2020,LONSDALE CRESCENT,RONGOTAI ROAD,,Non-Injury Crash,No,2019,0.0,North,0.0,0,0.0,Hill Road,0.0,,0.0,,0.0,Overcast,2175900,0,0.0,0.0,2.0,0.0,0.0,0.0,0.0,1.0,,0.0,0.0,Wellington Region,Nil,2-way,Sealed,0.0,0.0,0,0.0,50.0,0.0,Off,0.0,0.0,,47,Wellington City,Nil,0.0,0.0,0.0,0.0,0.0,0.0,Urban,0.0,0.0,0.0,Fine,Null,0
66436829,,577500,0.0,0.0,0.0,1.0,0.0,West,2019/2020,FORRES STREET,VENTNOR STREET,,Non-Injury Crash,No,2019,0.0,Null,0.0,0,0.0,Flat,0.0,,0.0,,0.0,Unknown,2210600,0,0.0,0.0,2.0,0.0,0.0,0.0,0.0,1.0,,0.0,0.0,Wellington Region,Nil,2-way,Sealed,0.0,0.0,0,0.0,50.0,0.0,Null,1.0,0.0,,47,Wellington City,Unknown,0.0,0.0,0.0,0.0,0.0,0.0,Urban,0.0,0.0,0.0,Null,Null,0
66436860,,573000,0.0,0.0,0.0,2.0,0.0,East,2020/2021,HARRIS STREET,VICTORIA STREET,,Non-Injury Crash,No,2020,0.0,East,0.0,0,0.0,Flat,0.0,,0.0,,0.0,Bright sun,2127500,0,0.0,0.0,2.0,0.0,0.0,0.0,0.0,1.0,,0.0,0.0,Wellington Region,Nil,2-way,Sealed,0.0,0.0,0,0.0,50.0,0.0,Off,0.0,0.0,,47,Wellington City,Nil,0.0,0.0,0.0,0.0,0.0,0.0,Urban,0.0,0.0,0.0,Fine,Null,1
66436893,,573526,0.0,,0.0,2.0,,West,2019/2020,HUTT ROAD,HOROKIWI ROAD,,Non-Injury Crash,Yes,2019,,East,,0,,Flat,,,,,,Overcast,2086403,0,0.0,0.0,4.0,,,0.0,,,,,,Wellington Region,Nil,2-way,Sealed,,0.0,0,,100.0,,Off,0.0,0.0,,47,Wellington City,Nil,,,,,0.0,0.0,Open,0.0,,,Heavy rain,Null,0