OBJECTID,advisorySpeed,areaUnitID,bicycle,bridge,bus,carStationWagon,cliffBank,crashDirectionDescription,crashFinancialYear,crashLocation1,crashLocation2,crashRoadSideRoad,crashSeverity,crashSHDescription,crashYear,debris,directionRoleDescription,ditch,fatalCount,fence,flatHill,guardRail,holiday,houseOrBuilding,intersection,kerb,light,meshblockId,minorInjuryCount,moped,motorcycle,NumberOfLanes,objectThrownOrDropped,otherObject,otherVehicleType,overBank,parkedVehicle,pedestrian,phoneBoxEtc,postOrPole,region,roadCharacter,roadLane,roadSurface,roadworks,schoolBus,seriousInjuryCount,slipOrFlood,speedLimit,strayAnimal,streetLight,suv,taxi,temporarySpeedLimit,tlaId,tlaName,trafficControl,trafficIsland,trafficSign,train,tree,truck,unknownVehicleType,urban,vanOrUtility,vehicle,waterRiver,weatherA,weatherB,if_pandemic
66436895,,572900,0.0,0.0,0.0,1.0,0.0,North,2019/2020,WATERLOO QUAY,PLATFORM 9 ENTRY,,Non-Injury Crash,No,2020,0.0,South,0.0,0,0.0,Flat,0.0,,0.0,,1.0,Dark,2122700,0,0.0,0.0,4.0,0.0,0.0,0.0,0.0,0.0,,0.0,0.0,Wellington Region,Nil,2-way,Sealed,0.0,0.0,0,0.0,50.0,0.0,On,0.0,0.0,,47,Wellington City,Nil,0.0,0.0,0.0,1.0,0.0,0.0,Urban,0.0,0.0,0.0,Light rain,Null,1
66436924,,573101,0.0,,0.0,1.0,,Null,2019/2020,TORY STREET,LORNE STREET,,Non-Injury Crash,No,2020,,North,,0,,Flat,,,,,,Overcast,2136000,0,0.0,0.0,2.0,,,0.0,,,,,,Wellington Region,Nil,2-way,Sealed,,0.0,0,,50.0,,Off,0.0,0.0,,47,Wellington City,Give way,,,,,0.0,0.0,Urban,2.0,,,Fine,Null,1
66436943,,576800,0.0,,0.0,1.0,,West,2019/2020,TAURIMA STREET,EAST PORTAL,,Non-Injury Crash,Yes,2019,,West,,0,,Flat,,,,,,Unknown,2181700,0,0.0,0.0,2.0,,,0.0,,,,,,Wellington Region,Nil,2-way,Sealed,,0.0,0,,50.0,,Off,0.0,0.0,,47,Wellington City,Unknown,,,,,0.0,0.0,Urban,0.0,,,Null,Null,0
66436964,,572600,0.0,,0.0,1.0,,South,2020/2021,THE DRIVE,TE REINGA VIEW,,Non-Injury Crash,No,2020,,North,,0,,Hill Road,,,,,,Overcast,1988400,0,0.0,0.0,2.0,,,0.0,,,,,,Wellington Region,Nil,2-way,Sealed,,0.0,0,,50.0,,Off,0.0,0.0,,47,Wellington City,Nil,,,,,0.0,0.0,Urban,1.0,,,Fine,Null,1
66436991,,573101,0.0,,0.0,3.0,,West,2019/2020,ARTHUR STREET,TARANAKI STREET,,Non-Injury Crash,Yes,2019,,West,,0,,Flat,,Labour Weekend,,,,Bright sun,2134700,0,0.0,0.0,2.0,,,0.0,,,,,,Wellington Region,Nil,1-way,Sealed,,0.0,0,,50.0,,Off,0.0,0.0,,47,Wellington City,Nil,,,,,0.0,0.0,Urban,0.0,,,Fine,Null,0
66437005,,576700,0.0,0.0,0.0,0.0,0.0,Null,2019/2020,PALLISER ROAD,GRAFTON ROAD,,Non-Injury Crash,No,2020,0.0,North,0.0,0,0.0,Hill Road,0.0,,0.0,,0.0,Overcast,2186800,0,0.0,0.0,2.0,0.0,0.0,0.0,0.0,0.0,,0.0,0.0,Wellington Region,Nil,2-way,Sealed,0.0,0.0,0,0.0,50.0,0.0,Off,0.0,0.0,,47,Wellington City,Nil,0.0,0.0,0.0,1.0,1.0,0.0,Urban,0.0,0.0,0.0,Fine,Null,1
66437015,,572701,0.0,0.0,0.0,2.0,0.0,Null,2019/2020,BEAUCHAMP STREET,COLLINS AVENUE,,Non-Injury Crash,No,2020,0.0,South,0.0,0,0.0,Flat,0.0,,0.0,,0.0,Dark,1994200,0,0.0,0.0,2.0,0.0,0.0,0.0,0.0,0.0,,0.0,0.0,Wellington Region,Nil,2-way,Sealed,0.0,0.0,0,0.0,50.0,0.0,On,0.0,0.0,,47,Wellington City,Give way,0.0,0.0,0.0,0.0,0.0,0.0,Urban,0.0,1.0,0.0,Fine,Strong wind,1
66437062,,574500,0.0,,0.0,2.0,,North,2018/2019,HUTT ROAD,AOTEA QUAY,,Non-Injury Crash,No,2018,,South,,0,,Flat,,,,,,Overcast,2093600,0,0.0,0.0,4.0,,,0.0,,,,,,Wellington Region,Nil,2-way,Sealed,,0.0,0,,60.0,,Off,0.0,0.0,,47,Wellington City,Nil,,,,,0.0,0.0,Urban,0.0,,,Fine,Null,0
66437113,,573101,0.0,,0.0,0.0,,Null,2020/2021,VICTORIA STREET,DIXON STREET,,Minor Crash,No,2020,,North,,0,,Flat,,,,,,Dark,2131300,1,0.0,0.0,3.0,,,0.0,,,1.0,,,Wellington Region,Nil,2-way,Sealed,,0.0,0,,30.0,,On,0.0,0.0,,47,Wellington City,Traffic Signals,,,,,0.0,0.0,Urban,1.0,,,Fine,Null,1
66437187,,577301,0.0,,1.0,1.0,,North,2019/2020,AKAROA DRIVE,COUNTESS CLOSE,,Non-Injury Crash,No,2019,,South,,0,,Hill Road,,,,,,Bright sun,2202501,0,0.0,0.0,2.0,,,0.0,,,,,,Wellington Region,Nil,2-way,Sealed,,0.0,0,,50.0,,Off,0.0,0.0,,47,Wellington City,Nil,,,,,0.0,0.0,Urban,0.0,,,Fine,Null,0
66437197,,573000,0.0,,0.0,0.0,,South,2019/2020,WELLINGTON URBAN MOTORWAY,EVERTON OBR,,Non-Injury Crash,Yes,2019,,North,,0,,Flat,,,,,,Bright sun,2126700,0,0.0,0.0,2.0,,,0.0,,,,,,Wellington Region,Overpass,1-way,Sealed,,0.0,0,,70.0,,Off,1.0,0.0,,47,Wellington City,Unknown,,,,,0.0,0.0,Urban,1.0,,,Fine,Null,0
66437231,,573526,0.0,,0.0,1.0,,West,2019/2020,HUTT ROAD,HOROKIWI ROAD,,Non-Injury Crash,Yes,2019,,West,,0,,Flat,,,,,,Bright sun,2086403,0,0.0,0.0,4.0,,,0.0,,,,,,Wellington Region,Nil,2-way,Sealed,,0.0,0,,100.0,,Off,0.0,0.0,,47,Wellington City,Unknown,,,,,0.0,2.0,Open,0.0,,,Fine,Null,0
66437341,,577200,0.0,,0.0,1.0,,East,2018/2019,BROADWAY,CRAWFORD GREEN,,Non-Injury Crash,No,2019,,East,,0,,Flat,,,,,,Bright sun,2209000,0,0.0,1.0,2.0,,,0.0,,,,,,Wellington Region,Nil,2-way,Sealed,,0.0,0,,50.0,,Off,0.0,0.0,,47,Wellington City,Unknown,,,,,0.0,0.0,Urban,0.0,,,Fine,Null,0
66437406,,576301,0.0,,0.0,2.0,,Null,2019/2020,ADELAIDE ROAD,COLOMBO STREET,,Non-Injury Crash,No,2019,,North,,0,,Flat,,,,,,Bright sun,2164800,0,0.0,0.0,2.0,,,0.0,,,,,,Wellington Region,Nil,2-way,Sealed,,0.0,0,,50.0,,Null,0.0,0.0,,47,Wellington City,Give way,,,,,0.0,0.0,Urban,0.0,,,Null,Null,0
66437415,,573901,0.0,0.0,0.0,0.0,0.0,Null,2020/2021,BRACKEN ROAD,TREBANN STREET,,Minor Crash,No,2020,0.0,North,0.0,0,0.0,Hill Road,0.0,Christmas New Year,0.0,,1.0,Bright sun,2073300,1,0.0,0.0,2.0,0.0,0.0,0.0,1.0,0.0,,0.0,0.0,Wellington Region,Nil,2-way,Sealed,0.0,0.0,0,0.0,50.0,0.0,Off,1.0,0.0,,47,Wellington City,Give way,0.0,1.0,0.0,1.0,0.0,0.0,Urban,0.0,0.0,0.0,Fine,Null,1
66437421,,576301,0.0,,0.0,1.0,,Null,2019/2020,JOHN STREET,HANSON STREET,,Non-Injury Crash,No,2020,,Null,,0,,Null,,,,,,Unknown,2163400,0,0.0,0.0,0.0,,,0.0,,,,,,Wellington Region,Nil,Null,Null,,0.0,0,,,,Null,0.0,0.0,,47,Wellington City,Traffic Signals,,,,,0.0,1.0,Urban,0.0,,,Null,Null,1
66437433,,576001,0.0,0.0,1.0,0.0,0.0,South,2018/2019,MEDWAY ST,FREELING STREET,,Non-Injury Crash,No,2019,0.0,North,0.0,0,0.0,Hill Road,0.0,,0.0,,0.0,Overcast,2193900,0,0.0,0.0,2.0,0.0,0.0,0.0,0.0,1.0,,0.0,0.0,Wellington Region,Nil,2-way,Sealed,0.0,0.0,0,0.0,50.0,0.0,Off,1.0,0.0,,47,Wellington City,Unknown,0.0,0.0,0.0,0.0,0.0,0.0,Urban,0.0,0.0,0.0,Fine,Null,0
66437506,,577200,0.0,,0.0,2.0,,Null,2019/2020,WEXFORD ROAD,KAURI STREET,,Non-Injury Crash,No,2019,,East,,0,,Flat,,,,,,Overcast,2206400,0,0.0,0.0,2.0,,,0.0,,,,,,Wellington Region,Nil,2-way,Sealed,,0.0,0,,50.0,,Off,0.0,0.0,,47,Wellington City,Nil,,,,,0.0,0.0,Urban,0.0,,,Fine,Null,0
66437520,,577400,0.0,0.0,0.0,0.0,0.0,North,2019/2020,PRETORIA ROAD,GLENVILLE ROAD,,Non-Injury Crash,No,2019,0.0,Null,0.0,0,0.0,Null,0.0,,0.0,,0.0,Unknown,2209500,0,0.0,0.0,2.0,0.0,0.0,0.0,0.0,1.0,,0.0,0.0,Wellington Region,Nil,2-way,Null,0.0,0.0,0,0.0,50.0,0.0,Null,1.0,0.0,,47,Wellington City,Unknown,0.0,0.0,0.0,0.0,0.0,1.0,Urban,0.0,0.0,0.0,Null,Null,0
66437524,,577301,0.0,0.0,0.0,1.0,0.0,North,2019/2020,WEKA STREET,CAMPERDOWN ROAD,,Non-Injury Crash,No,2020,0.0,South,0.0,0,0.0,Null,0.0,,0.0,,0.0,Unknown,2202900,0,0.0,0.0,2.0,0.0,0.0,0.0,0.0,1.0,,0.0,0.0,Wellington Region,Nil,2-way,Sealed,0.0,0.0,0,0.0,50.0,0.0,Null,0.0,0.0,,47,Wellington City,Nil,0.0,0.0,0.0,0.0,0.0,0.0,Urban,1.0,0.0,0.0,Null,Null,1
66437526,,575300,0.0,0.0,0.0,1.0,0.0,North,2019/2020,UPLAND ROAD,PLUNKET STREET,,Non-Injury Crash,No,2019,0.0,North,0.0,0,0.0,Null,0.0,,0.0,,0.0,Unknown,2152900,0,0.0,0.0,2.0,0.0,0.0,0.0,0.0,1.0,,0.0,0.0,Wellington Region,Nil,2-way,Null,0.0,0.0,0,0.0,30.0,0.0,Null,0.0,0.0,,47,Wellington City,Nil,0.0,0.0,0.0,0.0,1.0,0.0,Urban,0.0,0.0,0.0,Null,Null,0
66437537,,573300,0.0,,0.0,1.0,,Null,2019/2020,TASMAN STREET,CARRINGTON STREET,,Non-Injury Crash,No,2020,,Null,,0,,Null,,,,,,Unknown,2147200,0,0.0,0.0,2.0,,,0.0,,,,,,Wellington Region,Nil,2-way,Null,,0.0,0,,50.0,,Null,0.0,0.0,,47,Wellington City,Nil,,,,,1.0,0.0,Urban,0.0,,,Null,Null,1
66437603,,576901,0.0,,0.0,2.0,,Null,2019/2020,RONGOTAI ROAD,BAY ROAD,,Non-Injury Crash,No,2020,,North,,0,,Flat,,,,,,Bright sun,2178300,0,0.0,0.0,2.0,,,0.0,,,,,,Wellington Region,Nil,2-way,Sealed,,0.0,0,,30.0,,Null,0.0,0.0,,47,Wellington City,Traffic Signals,,,,,0.0,0.0,Urban,0.0,,,Fine,Null,1
66437630,,573101,0.0,,0.0,2.0,,Null,2019/2020,VICTORIA STREET,WEBB STREET,,Non-Injury Crash,No,2019,,South,,0,,Flat,,,,,,Unknown,2132900,0,0.0,0.0,3.0,,,0.0,,,,,,Wellington Region,Nil,1-way,Sealed,,0.0,0,,50.0,,Null,0.0,0.0,,47,Wellington City,Nil,,,,,0.0,0.0,Urban,0.0,,,Null,Null,0
66437640,,572900,0.0,,0.0,1.0,,Null,2018/2019,BOWEN STREET,LAMBTON QUAY,,Non-Injury Crash,No,2019,,South,,0,,Null,,,,,,Unknown,2122400,0,0.0,0.0,4.0,,,0.0,,,,,,Wellington Region,Nil,2-way,Sealed,,0.0,0,,50.0,,Null,0.0,0.0,,47,Wellington City,Traffic Signals,,,,,0.0,0.0,Urban,1.0,,,Null,Null,0
66437652,,573000,0.0,,0.0,2.0,,South,2019/2020,PANAMA STREET,LAMBTON QUAY,,Non-Injury Crash,No,2019,,East,,0,,Null,,,,,,Unknown,2125700,0,0.0,0.0,1.0,,,0.0,,,,,,Wellington Region,Nil,1-way,Sealed,,0.0,0,,30.0,,Null,0.0,0.0,,47,Wellington City,Nil,,,,,0.0,0.0,Urban,0.0,,,Null,Null,0
66437653,,573101,0.0,0.0,0.0,1.0,0.0,Null,2019/2020,TORY STREET,HAINING STREET,,Non-Injury Crash,No,2020,0.0,South,0.0,0,0.0,Hill Road,0.0,,0.0,,0.0,Overcast,2136800,0,0.0,0.0,2.0,0.0,0.0,0.0,0.0,0.0,1.0,0.0,0.0,Wellington Region,Nil,2-way,Sealed,0.0,0.0,0,0.0,50.0,0.0,Off,0.0,0.0,,47,Wellington City,Nil,0.0,1.0,0.0,0.0,0.0,0.0,Urban,0.0,0.0,0.0,Fine,Null,1
66437656,,573101,0.0,,0.0,1.0,,Null,2020/2021,OFF ROAD - BP FORECOURT,,,Minor Crash,No,2020,,East,,0,,Flat,,,,,,Bright sun,2135200,1,0.0,0.0,,,,0.0,,,1.0,,,Wellington Region,Nil,Off road,Sealed,,0.0,0,,50.0,,Off,0.0,1.0,,47,Wellington City,Nil,,,,,0.0,0.0,Urban,0.0,,,Fine,Null,1
66437761,,573000,0.0,,0.0,1.0,,Null,2019/2020,LAMBTON QUAY,BRANDON STREET,,Non-Injury Crash,No,2019,,North,,0,,Flat,,,,,,Overcast,2124400,0,0.0,0.0,2.0,,,0.0,,,,,,Wellington Region,Nil,1-way,Sealed,,0.0,0,,30.0,,Off,0.0,1.0,,47,Wellington City,Traffic Signals,,,,,0.0,0.0,Urban,1.0,,,Light rain,Null,0
66437775,,577700,0.0,0.0,0.0,1.0,0.0,East,2019/2020,OHARIU VALLEY ROAD,RIFLE RANGE ROAD,,Non-Injury Crash,No,2019,0.0,West,0.0,0,0.0,Hill Road,1.0,Christmas New Year,0.0,,0.0,Bright sun,2117003,0,0.0,0.0,2.0,0.0,0.0,0.0,0.0,0.0,,0.0,0.0,Wellington Region,Nil,2-way,Sealed,0.0,0.0,0,0.0,50.0,0.0,None,1.0,1.0,,47,Wellington City,Unknown,0.0,0.0,0.0,0.0,0.0,0.0,Urban,0.0,0.0,0.0,Fine,Null,0
66437795,,576301,0.0,0.0,0.0,3.0,0.0,North,2020/2021,ADELAIDE ROAD,BOYD TERRACE,,Minor Crash,No,2020,0.0,North,0.0,0,0.0,Hill Road,0.0,,0.0,,0.0,Dark,2164500,1,0.0,0.0,2.0,0.0,0.0,0.0,0.0,1.0,,0.0,0.0,Wellington Region,Nil,2-way,Sealed,0.0,0.0,0,0.0,50.0,0.0,On,0.0,1.0,,47,Wellington City,Nil,0.0,0.0,0.0,0.0,0.0,0.0,Urban,0.0,0.0,0.0,Fine,Null,1
66437818,,573300,0.0,0.0,0.0,2.0,0.0,South,2018/2019,ADELAIDE RD,BROWN STREET,,Non-Injury Crash,No,2019,0.0,North,0.0,0,0.0,Flat,0.0,,0.0,,0.0,Bright sun,2146100,0,0.0,1.0,3.0,0.0,0.0,0.0,0.0,1.0,,0.0,0.0,Wellington Region,Nil,2-way,Sealed,0.0,0.0,0,0.0,50.0,0.0,Off,0.0,0.0,,47,Wellington City,Unknown,0.0,0.0,0.0,0.0,0.0,0.0,Urban,0.0,0.0,0.0,Fine,Null,0
66437831,,576301,0.0,,0.0,0.0,,South,2019/2020,ADELAIDE ROAD,STOKE STREET,,Minor Crash,No,2020,,North,,0,,Hill Road,,,,,,Bright sun,2164500,1,0.0,0.0,2.0,,,0.0,,,,,,Wellington Region,Nil,2-way,Sealed,,0.0,0,,50.0,,Off,3.0,0.0,,47,Wellington City,Unknown,,,,,0.0,0.0,Urban,0.0,,,Fine,Null,1
66437833,,576400,0.0,0.0,0.0,2.0,0.0,East,2019/2020,CONSTABLE STREET,RIDDIFORD STREET,,Non-Injury Crash,No,2019,0.0,West,0.0,0,0.0,Flat,0.0,Christmas New Year,0.0,,0.0,Bright sun,2167300,0,0.0,0.0,2.0,0.0,0.0,0.0,0.0,1.0,,0.0,0.0,Wellington Region,Nil,2-way,Sealed,0.0,0.0,0,0.0,50.0,0.0,Off,0.0,0.0,,47,Wellington City,Unknown,0.0,0.0,0.0,0.0,0.0,0.0,Urban,0.0,0.0,0.0,Fine,Null,0
66437871,,575702,0.0,0.0,0.0,2.0,1.0,West,2019/2020,PEARCE STREET,CONNAUGHT TERRACE,,Non-Injury Crash,No,2019,0.0,North,0.0,0,0.0,Hill Road,0.0,,0.0,,0.0,Overcast,2200300,0,0.0,0.0,1.0,0.0,0.0,0.0,0.0,1.0,,0.0,0.0,Wellington Region,Nil,2-way,Sealed,0.0,0.0,0,0.0,50.0,0.0,Off,0.0,0.0,,47,Wellington City,Unknown,0.0,0.0,0.0,0.0,0.0,0.0,Urban,0.0,0.0,0.0,Fine,Null,0
66437897,,573526,0.0,0.0,0.0,1.0,0.0,South,2019/2020,HOROKIWI ROAD,LINCOLNSHIRE ROAD,,Non-Injury Crash,No,2020,0.0,North,0.0,0,1.0,Hill Road,0.0,,0.0,,0.0,Dark,1922201,0,0.0,0.0,2.0,0.0,0.0,0.0,0.0,0.0,,0.0,0.0,Wellington Region,Nil,2-way,Sealed,0.0,0.0,0,0.0,50.0,0.0,None,0.0,0.0,,47,Wellington City,Nil,0.0,0.0,0.0,0.0,0.0,0.0,Urban,0.0,0.0,0.0,Fine,Null,1
66437939,,576700,0.0,0.0,0.0,1.0,1.0,Null,2019/2020,ORIENTAL PARADE,SOUTHERN WALKWAY,,Non-Injury Crash,No,2019,0.0,North,0.0,0,0.0,Flat,0.0,Christmas New Year,0.0,,1.0,Bright sun,2186701,0,0.0,0.0,2.0,0.0,0.0,0.0,0.0,0.0,,0.0,0.0,Wellington Region,Nil,2-way,Sealed,0.0,0.0,0,0.0,40.0,0.0,Off,0.0,0.0,,47,Wellington City,Nil,0.0,0.0,0.0,0.0,0.0,0.0,Urban,0.0,0.0,0.0,Fine,Null,0
66437993,,574500,0.0,,0.0,4.0,,North,2018/2019,01N-1068-D,AOTEA QUAY ON RAMP,,Non-Injury Crash,Yes,2019,,North,,0,,Flat,,,,,,Dark,2093500,0,0.0,0.0,6.0,,,0.0,,,,,,Wellington Region,Nil,2-way,Sealed,,0.0,0,,100.0,,On,0.0,0.0,60.0,47,Wellington City,Unknown,,,,,0.0,0.0,Open,0.0,,,Heavy rain,Strong wind,0
66438003,,574303,0.0,0.0,0.0,0.0,0.0,Null,2020/2021,CENTENNIAL HIGHWAY,TYERS ROAD,,Non-Injury Crash,Yes,2020,0.0,North,0.0,0,0.0,Hill Road,0.0,,0.0,,1.0,Dark,2088705,0,0.0,0.0,3.0,0.0,0.0,0.0,0.0,0.0,,0.0,0.0,Wellington Region,Nil,1-way,Sealed,0.0,0.0,0,0.0,80.0,0.0,On,0.0,0.0,,47,Wellington City,Nil,0.0,0.0,0.0,0.0,0.0,0.0,Open,1.0,0.0,0.0,Heavy rain,Strong wind,1
66438008,,573101,0.0,,0.0,0.0,,Null,2019/2020,VICTORIA STREET,EDWARDS STREET,,Non-Injury Crash,No,2019,,South,,0,,Null,,,,,,Unknown,2131300,0,1.0,1.0,0.0,,,0.0,,,,,,Wellington Region,Nil,Null,Null,,0.0,0,,,,Null,0.0,0.0,,47,Wellington City,Nil,,,,,0.0,0.0,Urban,0.0,,,Null,Null,0
66438039,,572701,0.0,,0.0,2.0,,North,2018/2019,FINDLAY ST,LINDEN AVENUE,,Non-Injury Crash,No,2019,,North,,0,,Flat,,,,,,Overcast,1994001,0,0.0,0.0,2.0,,,0.0,,,,,,Wellington Region,Nil,2-way,Sealed,,0.0,0,,50.0,,Off,0.0,0.0,,47,Wellington City,Unknown,,,,,0.0,0.0,Urban,0.0,,,Fine,Null,0
66438113,,573101,0.0,0.0,0.0,1.0,0.0,East,2019/2020,"VIVIAN STREET, TE ARO, WELLINGTON",TARANAKI STREET,,Non-Injury Crash,Yes,2019,0.0,East,0.0,0,0.0,Flat,0.0,,0.0,,0.0,Bright sun,2134200,0,0.0,0.0,2.0,0.0,0.0,0.0,0.0,1.0,,0.0,0.0,Wellington Region,Nil,1-way,Sealed,0.0,0.0,0,0.0,50.0,0.0,Off,1.0,1.0,,47,Wellington City,Unknown,0.0,1.0,0.0,0.0,0.0,0.0,Urban,0.0,0.0,0.0,Fine,Null,0
66438130,,574100,0.0,,0.0,2.0,,North,2019/2020,"JOHNSONVILLE OFF RAMP, JOHNSONVILLE, WELLINGTON CITY 6037",JOHNSONVILLE PORIRUA MOTORWAY,,Non-Injury Crash,No,2019,,North,,0,,Hill Road,,,,,,Dark,2084600,0,0.0,0.0,2.0,,,0.0,,,,,,Wellington Region,Nil,1-way,Sealed,,0.0,0,,80.0,,Off,0.0,0.0,,47,Wellington City,Unknown,,,,,0.0,0.0,Open,0.0,,,Fine,Null,0
66438131,,573000,0.0,,0.0,1.0,,Null,2020/2021,FEATHERSTON STREET,JOHNSTON STREET,,Minor Crash,No,2020,,South,,0,,Flat,,,,,,Dark,2125500,1,0.0,0.0,2.0,,,0.0,,,1.0,,,Wellington Region,Nil,1-way,Sealed,,0.0,0,,50.0,,On,0.0,1.0,,47,Wellington City,Traffic Signals,,,,,0.0,0.0,Urban,0.0,,,Light rain,Null,1
66438157,,576500,0.0,,0.0,0.0,,North,2019/2020,RIDDIFORD ST,HOSPITAL PED XING,,Minor Crash,No,2019,,North,,0,,Flat,,,,,,Dark,2149200,3,0.0,0.0,4.0,,,0.0,,,2.0,,,Wellington Region,Nil,2-way,Sealed,,0.0,0,,50.0,,On,0.0,0.0,,47,Wellington City,Isolated Pedestrian signal (non-intersection),,,,,0.0,0.0,Urban,1.0,,,Fine,Null,0
66438171,,574002,0.0,0.0,0.0,1.0,0.0,North,2019/2020,WELLINGTON URBAN MOTORWAY,NGAURANGA ON NBD OBR,,Non-Injury Crash,Yes,2020,0.0,North,0.0,0,0.0,Flat,1.0,,0.0,,0.0,Overcast,2078302,0,0.0,0.0,2.0,0.0,0.0,0.0,0.0,0.0,,0.0,0.0,Wellington Region,Bridge,1-way,Sealed,0.0,0.0,0,0.0,100.0,0.0,Off,0.0,0.0,,47,Wellington City,Nil,0.0,0.0,0.0,0.0,0.0,0.0,Open,0.0,0.0,0.0,Light rain,Null,1
66438205,,576700,0.0,,0.0,0.0,,West,2018/2019,ORIENTAL PDE,CARLTON GORE ROAD,,Non-Injury Crash,No,2019,,West,,0,,Null,,,,,,Unknown,2186701,0,0.0,0.0,2.0,,,0.0,,,,,,Wellington Region,Nil,2-way,Sealed,,0.0,0,,50.0,,Null,1.0,0.0,,47,Wellington City,Unknown,,,,,0.0,0.0,Urban,0.0,,,Null,Null,0
66438276,,576400,0.0,,0.0,0.0,,East,2019/2020,CONSTABLE STREET,RIDDIFORD STREET,,Serious Crash,No,2019,,East,,0,,Flat,,,,,,Dark,2167300,0,0.0,0.0,3.0,,,0.0,,,1.0,,,Wellington Region,Nil,2-way,Sealed,,0.0,1,,40.0,,On,0.0,0.0,,47,Wellington City,Traffic Signals,,,,,0.0,0.0,Urban,1.0,,,Light rain,Strong wind,0
66438283,,576901,0.0,,0.0,0.0,,Null,2020/2021,RONGOTAI ROAD,EVANS BAY PARADE,,Minor Crash,No,2020,,Null,,0,,Flat,,,,,,Dark,2178101,1,0.0,0.0,4.0,,,0.0,,,1.0,,,Wellington Region,Nil,2-way,Sealed,,0.0,0,,50.0,,On,0.0,0.0,,47,Wellington City,Traffic Signals,,,,,0.0,0.0,Urban,0.0,,,Light rain,Null,1
66438322,,576901,0.0,,0.0,1.0,,South,2019/2020,OFF ROAD CARPARK EVANS BAY PARADE,KEMP STREET,,Minor Crash,No,2020,,South,,0,,Flat,,,,,,Bright sun,2178101,2,0.0,0.0,1.0,,,0.0,,,1.0,,,Wellington Region,Nil,1-way,Sealed,,0.0,0,,50.0,,None,0.0,0.0,20.0,47,Wellington City,Nil,,,,,0.0,0.0,Urban,0.0,,,Fine,Null,1
66438342,,574002,0.0,,0.0,1.0,,South,2019/2020,CENTENNIAL HIGHWAY,NEWLANDS ON RAMP,,Minor Crash,Yes,2020,,South,,0,,Hill Road,,,,,,Overcast,2078304,1,0.0,1.0,3.0,,,0.0,,,,,,Wellington Region,Nil,1-way,Sealed,,0.0,0,,100.0,,Off,0.0,0.0,,47,Wellington City,Nil,,,,,2.0,0.0,Open,0.0,,,Light rain,Null,1
66438417,,576500,0.0,,0.0,1.0,,Null,2019/2020,JOHN STREET,ADELAIDE ROAD,,Non-Injury Crash,No,2019,,Null,,0,,Flat,,,,,,Bright sun,2148500,0,0.0,0.0,3.0,,,0.0,,,,,,Wellington Region,Nil,2-way,Sealed,,0.0,0,,40.0,,On,0.0,0.0,,47,Wellington City,Traffic Signals,,,,,0.0,0.0,Urban,1.0,,,Fine,Null,0
66438420,,576800,0.0,0.0,0.0,1.0,0.0,South,2019/2020,TE ANAU ROAD,KIO ROAD,,Non-Injury Crash,No,2020,0.0,North,0.0,0,0.0,Null,0.0,,0.0,,0.0,Unknown,2183400,0,0.0,0.0,2.0,0.0,0.0,0.0,0.0,1.0,,0.0,0.0,Wellington Region,Nil,2-way,Sealed,0.0,0.0,0,0.0,50.0,0.0,Null,0.0,0.0,,47,Wellington City,Nil,0.0,0.0,0.0,0.0,0.0,0.0,Urban,0.0,0.0,0.0,Null,Null,1
66438429,,574800,0.0,0.0,0.0,1.0,0.0,Null,2019/2020,HATTON STREET,HAURAKI STREET,,Non-Injury Crash,No,2020,0.0,East,0.0,0,0.0,Null,0.0,,0.0,,0.0,Unknown,2106500,0,0.0,0.0,2.0,0.0,0.0,0.0,0.0,1.0,,0.0,0.0,Wellington Region,Nil,2-way,Null,0.0,0.0,0,0.0,50.0,0.0,Null,0.0,0.0,,47,Wellington City,Nil,1.0,0.0,0.0,0.0,0.0,0.0,Urban,1.0,0.0,0.0,Null,Null,1
66438476,,576600,1.0,,0.0,1.0,,East,2019/2020,ORIENTAL PARADE,FREYBERG POOL CPK ENT,,Non-Injury Crash,No,2020,,South,,0,,Null,,,,,,Unknown,2137900,0,0.0,0.0,2.0,,,0.0,,,,,,Wellington Region,Nil,2-way,Sealed,,0.0,0,,40.0,,Null,0.0,0.0,,47,Wellington City,Unknown,,,,,0.0,0.0,Urban,0.0,,,Null,Null,1
66438483,,574302,0.0,,0.0,2.0,,Null,2019/2020,ONSLOW ROAD,HUTT ROAD,,Serious Crash,No,2020,,West,,0,,Hill Road,,,,,,Bright sun,2090700,0,0.0,0.0,2.0,,,0.0,,,,,,Wellington Region,Nil,2-way,Sealed,,0.0,1,,50.0,,Off,0.0,1.0,,47,Wellington City,Traffic Signals,,,,,0.0,0.0,Urban,0.0,,,Fine,Null,1
66438532,,573300,0.0,0.0,0.0,1.0,0.0,Null,2019/2020,ELLICE STREET,KENT TERRACE,,Minor Crash,Yes,2019,0.0,South,0.0,0,0.0,Flat,0.0,,0.0,,1.0,Dark,2145602,1,0.0,0.0,3.0,0.0,0.0,0.0,0.0,0.0,,0.0,1.0,Wellington Region,Nil,1-way,Sealed,0.0,0.0,0,0.0,50.0,0.0,On,0.0,0.0,,47,Wellington City,Nil,0.0,0.0,0.0,0.0,0.0,0.0,Urban,0.0,0.0,0.0,Mist or Fog,Strong wind,0
66438564,,576400,0.0,,0.0,1.0,,West,2019/2020,CONSTABLE STREET,COROMANDEL STREET,,Non-Injury Crash,No,2020,,East,,0,,Flat,,Easter,,,,Twilight,2169800,0,0.0,0.0,2.0,,,0.0,,,,,,Wellington Region,Nil,2-way,Sealed,,0.0,0,,50.0,,Off,1.0,0.0,,47,Wellington City,Nil,,,,,0.0,0.0,Urban,0.0,,,Fine,Null,1