OBJECTID,advisorySpeed,areaUnitID,bicycle,bridge,bus,carStationWagon,cliffBank,crashDirectionDescription,crashFinancialYear,crashLocation1,crashLocation2,crashRoadSideRoad,crashSeverity,crashSHDescription,crashYear,debris,directionRoleDescription,ditch,fatalCount,fence,flatHill,guardRail,holiday,houseOrBuilding,intersection,kerb,light,meshblockId,minorInjuryCount,moped,motorcycle,NumberOfLanes,objectThrownOrDropped,otherObject,otherVehicleType,overBank,parkedVehicle,pedestrian,phoneBoxEtc,postOrPole,region,roadCharacter,roadLane,roadSurface,roadworks,schoolBus,seriousInjuryCount,slipOrFlood,speedLimit,strayAnimal,streetLight,suv,taxi,temporarySpeedLimit,tlaId,tlaName,trafficControl,trafficIsland,trafficSign,train,tree,truck,unknownVehicleType,urban,vanOrUtility,vehicle,waterRiver,weatherA,weatherB,if_pandemic
66438607,,576903,0.0,,0.0,2.0,,North,2019/2020,RUAHINE STREET,WELLINGTON ROAD,,Minor Crash,Yes,2020,,South,,0,,Flat,,,,,,Dark,2180601,2,0.0,0.0,2.0,,,0.0,,,,,,Wellington Region,Nil,2-way,Sealed,,0.0,0,,70.0,,On,0.0,0.0,,47,Wellington City,Nil,,,,,0.0,0.0,Urban,0.0,,,Fine,Null,1
66438637,,574302,0.0,,0.0,2.0,,Null,2018/2019,ONSLOW ROAD,HUTT ROAD,,Non-Injury Crash,No,2019,,West,,0,,Hill Road,,,,,,Dark,2090700,0,0.0,0.0,2.0,,,0.0,,,,,,Wellington Region,Nil,2-way,Sealed,,0.0,0,,50.0,,On,0.0,0.0,,47,Wellington City,Traffic Signals,,,,,0.0,0.0,Urban,0.0,,,Fine,Null,0
66438643,,572900,0.0,,0.0,3.0,,Null,2020/2021,TINAKORI ROAD,GEORGE STREET,,Non-Injury Crash,No,2020,,South,,0,,Flat,,,,,,Overcast,2119500,0,0.0,0.0,2.0,,,0.0,,,,,,Wellington Region,Nil,2-way,Sealed,,0.0,0,,50.0,,Off,0.0,1.0,,47,Wellington City,Give way,,,,,0.0,0.0,Urban,0.0,,,Fine,Null,1
66438650,,576500,0.0,,0.0,1.0,,Null,2019/2020,RIDDIFORD STREET,CHURCH AVENUE,,Non-Injury Crash,No,2019,,South,,0,,Flat,,,,,,Overcast,2148800,0,0.0,0.0,4.0,,,0.0,,,,,,Wellington Region,Nil,2-way,Sealed,,0.0,0,,50.0,,Off,0.0,0.0,,47,Wellington City,Nil,,,,,0.0,0.0,Urban,1.0,,,Light rain,Null,0
66438660,,576901,0.0,0.0,0.0,1.0,0.0,South,2019/2020,COUTTS STREET,BRIDGE STREET,,Minor Crash,No,2020,0.0,East,0.0,0,0.0,Flat,0.0,Queens Birthday,0.0,,0.0,Dark,2176400,1,0.0,0.0,2.0,0.0,0.0,0.0,0.0,0.0,,0.0,0.0,Wellington Region,Tunnel,2-way,Sealed,0.0,0.0,0,0.0,50.0,0.0,On,0.0,0.0,,47,Wellington City,Unknown,0.0,0.0,0.0,1.0,0.0,0.0,Urban,0.0,0.0,0.0,Fine,Null,1
66438667,,572600,0.0,,0.0,2.0,,South,2019/2020,TAINUI TERRACE,KIWI CRESCENT,,Non-Injury Crash,No,2020,,North,,0,,Hill Road,,,,,,Dark,1989100,0,0.0,0.0,2.0,,,0.0,,,,,,Wellington Region,Nil,2-way,Sealed,,0.0,0,,50.0,,On,0.0,0.0,,47,Wellington City,Nil,,,,,0.0,0.0,Urban,0.0,,,Light rain,Null,1
66438704,,577102,0.0,0.0,0.0,2.0,0.0,Null,2020/2021,BROADWAY,MONORGAN ROAD,,Non-Injury Crash,No,2020,0.0,East,0.0,0,0.0,Flat,0.0,,0.0,,0.0,Unknown,2215500,0,0.0,0.0,2.0,0.0,0.0,0.0,0.0,2.0,,0.0,0.0,Wellington Region,Nil,2-way,Sealed,0.0,0.0,0,0.0,50.0,0.0,Null,1.0,0.0,,47,Wellington City,Traffic Signals,0.0,0.0,0.0,0.0,0.0,0.0,Urban,0.0,0.0,0.0,Null,Null,1
66438745,,574001,0.0,,0.0,0.0,,East,2020/2021,NEWLANDS ROAD,HURRING PLACE,,Minor Crash,No,2020,,North,,0,,Hill Road,,,,,,Overcast,2077600,1,0.0,1.0,2.0,,,0.0,,,,,,Wellington Region,Nil,2-way,Sealed,,0.0,0,,50.0,,Off,0.0,0.0,,47,Wellington City,Unknown,,,,,0.0,0.0,Urban,0.0,,,Fine,Null,1
66438759,,572900,0.0,,0.0,0.0,,Null,2018/2019,THORNDON QUAY,MOORE STREET,,Minor Crash,No,2019,,North,,0,,Flat,,,,,,Dark,2122700,1,0.0,1.0,2.0,,,0.0,,,1.0,,,Wellington Region,Nil,2-way,Sealed,,0.0,0,,50.0,,On,0.0,0.0,,47,Wellington City,Nil,,,,,0.0,0.0,Urban,0.0,,,Light rain,Null,0
66438801,,576500,0.0,0.0,0.0,3.0,0.0,East,2019/2020,MEIN STREET,DANIELL STREET,,Non-Injury Crash,No,2020,0.0,East,0.0,0,0.0,Hill Road,0.0,,0.0,,0.0,Overcast,2149200,0,0.0,0.0,2.0,0.0,0.0,0.0,0.0,1.0,,0.0,0.0,Wellington Region,Nil,2-way,Sealed,0.0,0.0,0,0.0,50.0,0.0,Off,0.0,0.0,,47,Wellington City,Nil,0.0,0.0,0.0,0.0,0.0,0.0,Urban,0.0,0.0,0.0,Fine,Strong wind,1
66438828,,574402,0.0,0.0,0.0,2.0,0.0,North,2019/2020,OTTAWA ROAD,COLLINGWOOD STREET,,Non-Injury Crash,No,2020,0.0,North,0.0,0,0.0,Null,0.0,,0.0,,0.0,Unknown,2096300,0,0.0,0.0,2.0,0.0,0.0,0.0,0.0,1.0,,0.0,0.0,Wellington Region,Nil,2-way,Sealed,0.0,0.0,0,0.0,50.0,0.0,Null,0.0,0.0,,47,Wellington City,Nil,0.0,0.0,0.0,0.0,0.0,0.0,Urban,0.0,0.0,0.0,Null,Null,1
66438829,,575000,1.0,,0.0,1.0,,Null,2019/2020,CHAYTOR STREET,RAROA CRESCENT,,Minor Crash,No,2019,,East,,0,,Flat,,,,,,Overcast,2111100,1,0.0,0.0,3.0,,,0.0,,,,,,Wellington Region,Nil,2-way,Sealed,,0.0,0,,50.0,,Off,0.0,0.0,,47,Wellington City,Stop,,,,,0.0,0.0,Urban,0.0,,,Fine,Null,0
66438871,,573000,0.0,,0.0,0.0,,Null,2019/2020,LAMBTON QUAY,STOUT STREET,,Non-Injury Crash,No,2020,,East,,0,,Flat,,,,,,Bright sun,2124000,0,0.0,0.0,5.0,,,0.0,,,,,,Wellington Region,Nil,2-way,Sealed,,0.0,0,,30.0,,Off,1.0,0.0,,47,Wellington City,Traffic Signals,,,,,1.0,0.0,Urban,0.0,,,Fine,Null,1
66438899,,572500,0.0,0.0,0.0,1.0,0.0,North,2019/2020,JOHNSONVILLE PORIRUA MOTORWAY,TAWA-GRENADA NORTH ON RAMP,,Non-Injury Crash,Yes,2020,0.0,North,0.0,0,0.0,Flat,0.0,,0.0,,0.0,Dark,2053702,0,0.0,0.0,2.0,0.0,0.0,0.0,0.0,0.0,,0.0,0.0,Wellington Region,Nil,1-way,Sealed,1.0,0.0,0,0.0,100.0,0.0,On,0.0,0.0,50.0,47,Wellington City,Nil,0.0,0.0,0.0,0.0,1.0,0.0,Open,0.0,0.0,0.0,Fine,Null,1
66438951,,573526,0.0,,0.0,3.0,,West,2019/2020,HUTT ROAD,HOROKIWI ROAD,,Non-Injury Crash,Yes,2019,,South,,0,,Flat,,,,,,Overcast,2086403,0,0.0,0.0,4.0,,,0.0,,,,,,Wellington Region,Nil,2-way,Sealed,,0.0,0,,100.0,,Off,0.0,0.0,,47,Wellington City,Unknown,,,,,0.0,0.0,Open,0.0,,,Mist or Fog,Strong wind,0
66438969,,576901,0.0,0.0,0.0,1.0,0.0,North,2019/2020,BAY ROAD ,COUTTS STREET,,Non-Injury Crash,No,2019,0.0,North,0.0,0,0.0,Flat,0.0,,0.0,,0.0,Bright sun,2178300,0,0.0,0.0,2.0,0.0,0.0,0.0,0.0,1.0,,0.0,0.0,Wellington Region,Nil,2-way,Sealed,0.0,0.0,0,0.0,30.0,0.0,Off,0.0,0.0,,47,Wellington City,Nil,0.0,0.0,0.0,0.0,0.0,1.0,Urban,0.0,0.0,0.0,Fine,Null,0
66438981,,572900,0.0,,0.0,1.0,,Null,2019/2020,TINAKORI ROAD,ST MARY STREET,,Serious Crash,No,2019,,North,,0,,Flat,,,,,,Bright sun,2123500,0,1.0,0.0,2.0,,,0.0,,,,,,Wellington Region,Nil,2-way,Sealed,,0.0,1,,50.0,,Off,0.0,0.0,,47,Wellington City,Nil,,,,,0.0,0.0,Urban,0.0,,,Fine,Null,0
66439048,,576301,0.0,0.0,0.0,2.0,0.0,North,2019/2020,HANSON STREET,HALL STREET,,Non-Injury Crash,No,2020,0.0,South,0.0,0,0.0,Flat,0.0,,0.0,,0.0,Overcast,2163600,0,0.0,0.0,2.0,0.0,0.0,0.0,0.0,1.0,,0.0,0.0,Wellington Region,Nil,2-way,Sealed,0.0,0.0,0,0.0,50.0,0.0,Off,0.0,0.0,,47,Wellington City,Nil,0.0,0.0,0.0,0.0,0.0,0.0,Urban,0.0,0.0,0.0,Fine,Null,1
66439079,,573101,0.0,,0.0,2.0,,Null,2019/2020,VICTORIA STREET,ABEL SMITH STREET,,Non-Injury Crash,No,2020,,South,,0,,Flat,,,,,,Dark,2132200,0,0.0,0.0,3.0,,,0.0,,,,,,Wellington Region,Nil,1-way,Sealed,,0.0,0,,50.0,,On,0.0,0.0,,47,Wellington City,Traffic Signals,,,,,0.0,0.0,Urban,0.0,,,Fine,Null,1
66439110,,573300,0.0,,0.0,2.0,,Null,2019/2020,SUSSEX STREET,BUCKLE STREET,,Non-Injury Crash,Yes,2020,,North,,0,,Flat,,Christmas New Year,,,,Overcast,2145602,0,0.0,0.0,3.0,,,0.0,,,,,,Wellington Region,Nil,1-way,Sealed,,0.0,0,,50.0,,On,0.0,0.0,,47,Wellington City,Nil,,,,,0.0,0.0,Urban,0.0,,,Fine,Null,1
66439148,,573514,0.0,0.0,0.0,0.0,0.0,South,2020/2021,JOHNSONVILLE PORIRUA MOTORWAY,CHURTON PARK-GLENSIDE OFF RAMP,,Minor Crash,Yes,2020,0.0,North,0.0,0,0.0,Flat,0.0,,0.0,,0.0,Overcast,2086204,1,0.0,0.0,4.0,0.0,0.0,0.0,0.0,0.0,,0.0,0.0,Wellington Region,Nil,2-way,Sealed,0.0,0.0,0,0.0,100.0,0.0,Off,0.0,0.0,,47,Wellington City,Unknown,0.0,0.0,0.0,1.0,0.0,0.0,Open,1.0,0.0,0.0,Mist or Fog,Null,1
66439156,,576200,0.0,0.0,0.0,2.0,0.0,North,2020/2021,BURWAH STREET,CHILKA STREET,,Non-Injury Crash,No,2020,0.0,North,0.0,0,0.0,Flat,0.0,,0.0,,0.0,Bright sun,2172600,0,0.0,0.0,2.0,0.0,0.0,0.0,0.0,1.0,,0.0,0.0,Wellington Region,Nil,2-way,Sealed,0.0,0.0,0,0.0,30.0,0.0,Off,0.0,0.0,,47,Wellington City,Nil,0.0,0.0,0.0,0.0,0.0,0.0,Urban,0.0,0.0,0.0,Fine,Null,1
66439162,,576600,0.0,,0.0,1.0,,West,2019/2020,ORIENTAL PDE,BARING STREET,,Serious Crash,No,2019,,West,,0,,Flat,,,,,,Dark,2137900,0,0.0,0.0,2.0,,,0.0,,,1.0,,,Wellington Region,Nil,2-way,Sealed,,0.0,1,,40.0,,On,0.0,1.0,,47,Wellington City,Unknown,,,,,0.0,0.0,Urban,0.0,,,Fine,Null,0
66439193,,573101,0.0,,0.0,1.0,,South,2019/2020,KENT TERRACE,HOME STREET,,Non-Injury Crash,No,2019,,South,,0,,Flat,,Labour Weekend,,,,Bright sun,2136500,0,0.0,0.0,4.0,,,0.0,,,,,,Wellington Region,Nil,1-way,Sealed,,0.0,0,,50.0,,Null,1.0,0.0,,47,Wellington City,Nil,,,,,0.0,0.0,Urban,0.0,,,Fine,Null,0
66439215,,573903,0.0,,0.0,1.0,,Null,2018/2019,NEWLANDS ROAD,BRACKEN ROAD,,Non-Injury Crash,No,2019,,East,,0,,Hill Road,,,,,,Bright sun,2073900,0,0.0,0.0,3.0,,,0.0,,,,,,Wellington Region,Nil,2-way,Sealed,,0.0,0,,50.0,,Off,1.0,0.0,,47,Wellington City,Give way,,,,,0.0,0.0,Urban,0.0,,,Fine,Null,0
66439247,,573300,0.0,,0.0,2.0,,North,2018/2019,WALLACE STREET,ROLLESTON STREET,,Non-Injury Crash,No,2019,,North,,0,,Flat,,,,,,Bright sun,2145100,0,0.0,0.0,2.0,,,0.0,,,,,,Wellington Region,Nil,2-way,Sealed,,0.0,0,,50.0,,Off,0.0,0.0,,47,Wellington City,Nil,,,,,0.0,0.0,Urban,0.0,,,Fine,Null,0
66439312,,574800,0.0,,0.0,2.0,,North,2019/2020,PARKVALE ROAD,KARORI ROAD ,,Non-Injury Crash,No,2019,,South,,0,,Flat,,,,,,Bright sun,2107600,0,0.0,0.0,2.0,,,0.0,,,,,,Wellington Region,Nil,2-way,Sealed,,0.0,0,,50.0,,Null,0.0,0.0,,47,Wellington City,Nil,,,,,0.0,0.0,Urban,0.0,,,Null,Null,0
66439333,,574302,0.0,,0.0,1.0,,West,2019/2020,01N-1068-D,HUTT ROAD,,Serious Crash,Yes,2019,,North,,0,,Flat,,,,,,Overcast,2090500,0,0.0,1.0,4.0,,,0.0,,,,,,Wellington Region,Nil,1-way,Sealed,,0.0,1,,100.0,,Off,0.0,0.0,,47,Wellington City,Unknown,,,,,0.0,0.0,Open,2.0,,,Fine,Null,0
66439345,,577700,0.0,0.0,0.0,1.0,1.0,South,2019/2020,OHARIU VALLEY ROAD,RIFLE RANGE ROAD,,Non-Injury Crash,No,2020,0.0,South,0.0,0,0.0,Flat,0.0,,0.0,,0.0,Overcast,2117003,0,0.0,0.0,2.0,0.0,0.0,0.0,0.0,0.0,,0.0,0.0,Wellington Region,Nil,2-way,Sealed,0.0,0.0,0,0.0,50.0,0.0,On,0.0,0.0,,47,Wellington City,Nil,0.0,0.0,0.0,0.0,0.0,0.0,Urban,0.0,0.0,0.0,Fine,Frost,1
66439407,,576901,0.0,0.0,0.0,1.0,0.0,South,2018/2019,QUEENS DR,COUTTS STREET,,Non-Injury Crash,No,2019,0.0,Null,0.0,0,0.0,Flat,0.0,,0.0,,0.0,Overcast,2178500,0,0.0,0.0,2.0,0.0,0.0,0.0,0.0,1.0,,0.0,0.0,Wellington Region,Nil,2-way,Sealed,0.0,0.0,0,0.0,50.0,0.0,Off,0.0,0.0,,47,Wellington City,Unknown,0.0,0.0,0.0,0.0,0.0,1.0,Urban,0.0,0.0,0.0,Fine,Null,0
66439419,,573101,1.0,,0.0,0.0,,North,2020/2021,KENT TERRACE,PIRIE STREET,,Minor Crash,Yes,2021,,South,,0,,Flat,,,,,,Bright sun,2136700,1,0.0,0.0,4.0,,,0.0,,,,,,Wellington Region,Nil,1-way,Sealed,,0.0,0,,50.0,,Off,1.0,0.0,,47,Wellington City,Unknown,,,,,0.0,0.0,Urban,0.0,,,Fine,Null,1
66439431,,572600,0.0,,1.0,1.0,,Null,2019/2020,MAIN ROAD,LYNDHURST ROAD,,Non-Injury Crash,No,2020,,North,,0,,Flat,,,,,,Twilight,1992200,0,0.0,0.0,3.0,,,0.0,,,,,,Wellington Region,Nil,2-way,Sealed,,0.0,0,,50.0,,Off,0.0,0.0,,47,Wellington City,Give way,,,,,0.0,0.0,Urban,0.0,,,Fine,Null,1
66439440,,576002,1.0,,0.0,1.0,,North,2019/2020,THE PARADE,MEDWAY STREET,,Serious Crash,No,2020,,South,,0,,Flat,,,,,,Bright sun,2190400,0,0.0,0.0,2.0,,,0.0,,,,,,Wellington Region,Speed hump,2-way,Sealed,,0.0,1,,30.0,,Off,0.0,0.0,,47,Wellington City,Unknown,,,,,0.0,0.0,Urban,0.0,,,Fine,Null,1
66439473,,573400,0.0,,0.0,2.0,,South,2019/2020,SHANNON STREET,MOELLER STREET,,Non-Injury Crash,No,2020,,South,,0,,Null,,,,,,Unknown,2139200,0,0.0,0.0,0.0,,,0.0,,,,,,Wellington Region,Nil,Null,Null,,0.0,0,,,,Null,0.0,0.0,,47,Wellington City,Unknown,,,,,0.0,0.0,Urban,0.0,,,Null,Null,1
66439484,,577400,0.0,0.0,0.0,1.0,0.0,South,2019/2020,SEATOUN HEIGHTS ROAD,NEWPORT TERRACE,,Non-Injury Crash,No,2019,0.0,Null,0.0,0,0.0,Hill Road,0.0,,0.0,,0.0,Bright sun,2204900,0,0.0,0.0,2.0,0.0,0.0,0.0,0.0,1.0,,0.0,0.0,Wellington Region,Nil,2-way,Sealed,0.0,0.0,0,0.0,50.0,0.0,Off,0.0,0.0,,47,Wellington City,Unknown,0.0,0.0,0.0,0.0,0.0,0.0,Urban,0.0,0.0,0.0,Fine,Null,0
66439489,,576901,0.0,,0.0,2.0,,Null,2019/2020,COUTTS STREET,YULE STREET,,Non-Injury Crash,No,2019,,West,,0,,Flat,,,,,,Twilight,2177500,0,0.0,0.0,2.0,,,0.0,,,,,,Wellington Region,Nil,2-way,Sealed,,0.0,0,,50.0,,Off,0.0,0.0,,47,Wellington City,Give way,,,,,0.0,0.0,Urban,0.0,,,Fine,Null,0
66439509,,572900,0.0,0.0,0.0,1.0,0.0,North,2019/2020,01N-1068-D,HILL ST OBR,,Non-Injury Crash,Yes,2019,0.0,North,0.0,0,0.0,Flat,1.0,,0.0,,0.0,Overcast,2120100,0,0.0,0.0,4.0,0.0,0.0,0.0,0.0,0.0,,0.0,0.0,Wellington Region,Bridge,2-way,Sealed,0.0,0.0,0,0.0,100.0,0.0,Off,0.0,0.0,,47,Wellington City,Unknown,0.0,0.0,0.0,0.0,0.0,0.0,Open,0.0,0.0,0.0,Fine,Null,0
66439621,,577102,0.0,,1.0,2.0,,East,2019/2020,BROADWAY,BENTINCK AVENUE,,Minor Crash,No,2020,,East,,0,,Flat,,,,,,Bright sun,2213100,1,0.0,0.0,2.0,,,0.0,,,,,,Wellington Region,Nil,2-way,Sealed,,1.0,0,,50.0,,Off,0.0,0.0,,47,Wellington City,Unknown,,,,,0.0,0.0,Urban,0.0,,,Fine,Null,1
66439647,,573101,0.0,,0.0,0.0,,North,2018/2019,TARANAKI ST,JESSIE STREET,,Non-Injury Crash,No,2019,,North,,0,,Null,,,,,,Unknown,2133700,0,0.0,1.0,5.0,,,0.0,,,,,,Wellington Region,Nil,2-way,Sealed,,0.0,0,,50.0,,Null,1.0,0.0,,47,Wellington City,Nil,,,,,0.0,0.0,Urban,0.0,,,Null,Null,0
66439689,,575300,0.0,,0.0,1.0,,Null,2019/2020,KELBURN PARADE,GLASGOW STREET,,Non-Injury Crash,No,2019,,North,,0,,Hill Road,,,,,,Dark,2155200,0,0.0,0.0,2.0,,,0.0,,,,,,Wellington Region,Nil,2-way,Sealed,,0.0,0,,50.0,,On,0.0,0.0,,47,Wellington City,Give way,,,,,0.0,0.0,Urban,1.0,,,Fine,Null,0
66439698,,574002,0.0,0.0,0.0,1.0,0.0,South,2019/2020,CENTENNIAL HIGHWAY,NEWLANDS ON RAMP,,Non-Injury Crash,Yes,2020,0.0,South,0.0,0,0.0,Hill Road,1.0,,0.0,,0.0,Bright sun,2078304,0,0.0,0.0,8.0,0.0,0.0,0.0,0.0,0.0,,0.0,0.0,Wellington Region,Nil,2-way,Sealed,0.0,0.0,0,0.0,80.0,0.0,Off,0.0,0.0,,47,Wellington City,Unknown,0.0,0.0,0.0,0.0,0.0,0.0,Open,0.0,0.0,0.0,Fine,Strong wind,1
66439730,,574100,0.0,0.0,0.0,1.0,0.0,South,2018/2019,01N-1060-D,JOHNSONVILLE OFF RAMP,,Non-Injury Crash,Yes,2019,0.0,North,0.0,0,0.0,Hill Road,1.0,Easter,0.0,,0.0,Overcast,2084600,0,0.0,0.0,3.0,0.0,0.0,0.0,0.0,0.0,,0.0,0.0,Wellington Region,Motorway ramp,1-way,Sealed,0.0,0.0,0,0.0,80.0,0.0,Off,0.0,0.0,,47,Wellington City,Unknown,0.0,0.0,0.0,0.0,0.0,0.0,Open,0.0,0.0,0.0,Light rain,Null,0
66439789,,574702,0.0,0.0,0.0,2.0,0.0,Null,2019/2020,WILTON ROAD,GLOUCESTER STREET,,Non-Injury Crash,No,2020,0.0,West,0.0,0,0.0,Flat,0.0,,0.0,,0.0,Bright sun,2103200,0,0.0,0.0,2.0,0.0,0.0,0.0,0.0,1.0,,0.0,0.0,Wellington Region,Nil,2-way,Sealed,0.0,0.0,0,0.0,50.0,0.0,Off,0.0,0.0,,47,Wellington City,Give way,0.0,0.0,0.0,0.0,0.0,0.0,Urban,0.0,0.0,0.0,Fine,Null,1
66439790,,573101,0.0,,0.0,2.0,,South,2018/2019,TARANAKI STREET,ABEL SMITH STREET,,Non-Injury Crash,No,2019,,South,,0,,Flat,,,,,,Dark,2134800,0,0.0,0.0,2.0,,,0.0,,,,,,Wellington Region,Nil,2-way,Sealed,,0.0,0,,50.0,,On,0.0,0.0,,47,Wellington City,Nil,,,,,0.0,0.0,Urban,0.0,,,Null,Null,0
66439806,,577700,0.0,,0.0,1.0,,North,2018/2019,MAKARA RD,MAKARA SUM,,Non-Injury Crash,No,2019,,North,,0,,Hill Road,,Queens Birthday,,,,Overcast,2116500,0,0.0,0.0,2.0,,,0.0,,,,,,Wellington Region,Nil,2-way,Sealed,,0.0,0,,50.0,,None,1.0,0.0,,47,Wellington City,Unknown,,,,,0.0,0.0,Urban,0.0,,,Fine,Null,0
66439859,,576100,0.0,0.0,0.0,1.0,1.0,South,2019/2020,CARLTON STREET,SUTHERLAND ROAD,,Non-Injury Crash,No,2020,0.0,South,0.0,0,0.0,Hill Road,0.0,,0.0,,0.0,Bright sun,2195100,0,0.0,0.0,1.0,0.0,0.0,0.0,0.0,0.0,,0.0,0.0,Wellington Region,Nil,2-way,Sealed,0.0,0.0,0,0.0,50.0,0.0,Off,0.0,0.0,,47,Wellington City,Nil,0.0,0.0,0.0,0.0,0.0,0.0,Urban,0.0,0.0,0.0,Fine,Null,1
66439863,,574100,0.0,0.0,0.0,1.0,0.0,South,2019/2020,FRASER AVENUE,HAUMIA STREET,,Non-Injury Crash,No,2020,0.0,Null,0.0,0,0.0,Null,0.0,,0.0,,0.0,Bright sun,2084000,0,0.0,0.0,0.0,0.0,0.0,0.0,0.0,1.0,,0.0,0.0,Wellington Region,Nil,Null,Sealed,0.0,0.0,0,0.0,,0.0,Null,0.0,0.0,,47,Wellington City,Unknown,0.0,0.0,0.0,0.0,0.0,1.0,Urban,0.0,0.0,0.0,Fine,Null,1
66439909,,576901,0.0,0.0,0.0,1.0,0.0,Null,2019/2020,BAY ROAD,KILBIRNIE CRESCENT,,Non-Injury Crash,No,2019,0.0,North,0.0,0,1.0,Flat,0.0,,0.0,,0.0,Dark,2178000,0,0.0,0.0,2.0,0.0,0.0,0.0,0.0,0.0,,0.0,0.0,Wellington Region,Nil,2-way,Sealed,0.0,0.0,0,0.0,50.0,0.0,On,0.0,0.0,,47,Wellington City,Traffic Signals,0.0,0.0,0.0,0.0,0.0,0.0,Urban,0.0,0.0,0.0,Heavy rain,Strong wind,0
66439947,,572701,0.0,0.0,0.0,1.0,1.0,Null,2019/2020,MAIN ROAD,FYVIE AVENUE,,Serious Crash,No,2020,0.0,North,0.0,0,0.0,Flat,0.0,,0.0,,0.0,Dark,1994500,0,0.0,0.0,2.0,0.0,0.0,0.0,0.0,0.0,,0.0,0.0,Wellington Region,Nil,2-way,Sealed,0.0,0.0,1,0.0,50.0,0.0,On,0.0,0.0,,47,Wellington City,Nil,0.0,0.0,0.0,0.0,0.0,0.0,Urban,0.0,0.0,0.0,Fine,Null,1
66439961,,573300,0.0,0.0,0.0,0.0,0.0,Null,2019/2020,TORRENS TERRACE,ARLINGTON STREET,,Non-Injury Crash,No,2019,0.0,Null,0.0,0,0.0,Null,0.0,,0.0,,0.0,Unknown,2144300,0,0.0,0.0,2.0,0.0,0.0,0.0,0.0,1.0,,0.0,0.0,Wellington Region,Nil,2-way,Null,0.0,0.0,0,0.0,50.0,0.0,Null,1.0,0.0,,47,Wellington City,Nil,0.0,0.0,0.0,0.0,0.0,0.0,Urban,0.0,0.0,0.0,Null,Null,0
66440039,,576800,0.0,0.0,0.0,1.0,0.0,West,2019/2020,UPOKO ROAD,MAREWA ROAD,,Minor Crash,No,2019,0.0,East,0.0,0,0.0,Hill Road,0.0,,0.0,,0.0,Bright sun,2184800,1,0.0,0.0,2.0,0.0,0.0,0.0,0.0,0.0,,0.0,1.0,Wellington Region,Nil,2-way,Sealed,0.0,0.0,0,0.0,50.0,0.0,Off,0.0,0.0,,47,Wellington City,Unknown,0.0,0.0,0.0,0.0,0.0,0.0,Urban,0.0,0.0,0.0,Fine,Null,0
66440046,,573000,0.0,0.0,0.0,3.0,0.0,North,2019/2020,BOULCOTT STREET,O'REILY AVENUE,,Non-Injury Crash,No,2020,0.0,West,0.0,0,0.0,Hill Road,0.0,,0.0,,0.0,Overcast,2128100,0,0.0,0.0,2.0,0.0,0.0,0.0,0.0,1.0,,0.0,0.0,Wellington Region,Nil,2-way,Sealed,0.0,0.0,0,0.0,50.0,0.0,Off,0.0,0.0,,47,Wellington City,Nil,0.0,0.0,0.0,0.0,0.0,0.0,Urban,0.0,0.0,0.0,Fine,Null,1
66440066,,576903,0.0,0.0,0.0,1.0,0.0,South,2018/2019,OVERTOUN TCE,BELVEDERE ROAD,,Non-Injury Crash,No,2019,0.0,Null,0.0,0,0.0,Null,0.0,,0.0,,0.0,Unknown,2181302,0,0.0,0.0,2.0,0.0,0.0,0.0,0.0,1.0,,0.0,0.0,Wellington Region,Nil,2-way,Null,0.0,0.0,0,0.0,50.0,0.0,Null,0.0,0.0,,47,Wellington City,Unknown,0.0,0.0,0.0,0.0,0.0,1.0,Urban,0.0,0.0,0.0,Null,Null,0
66440135,,575702,0.0,0.0,0.0,1.0,0.0,East,2019/2020,TRAVERS STREET,LIARDET STREET,,Non-Injury Crash,No,2020,0.0,West,0.0,0,0.0,Hill Road,0.0,,0.0,,0.0,Overcast,2199400,0,0.0,0.0,2.0,0.0,0.0,0.0,0.0,1.0,,0.0,0.0,Wellington Region,Nil,2-way,Sealed,0.0,0.0,0,0.0,50.0,0.0,Off,1.0,1.0,,47,Wellington City,Unknown,0.0,0.0,0.0,0.0,0.0,0.0,Urban,0.0,0.0,0.0,Fine,Null,1
66440200,,574800,0.0,,0.0,1.0,,East,2019/2020,KARORI ROAD,PARKVALE ROAD,,Non-Injury Crash,No,2019,,Null,,0,,Flat,,,,,,Bright sun,2107600,0,0.0,0.0,0.0,,,0.0,,,,,,Wellington Region,Nil,2-way,Sealed,,0.0,0,,,,Off,0.0,0.0,,47,Wellington City,Unknown,,,,,0.0,0.0,Urban,0.0,,,Fine,Null,0
66440219,,573101,0.0,,0.0,2.0,,Null,2020/2021,KENT TERRACE,VIVIAN STREET,,Non-Injury Crash,No,2020,,East,,0,,Flat,,,,,,Dark,2136500,0,0.0,0.0,4.0,,,0.0,,,,,,Wellington Region,Nil,1-way,Sealed,,0.0,0,,50.0,,On,0.0,0.0,,47,Wellington City,Traffic Signals,,,,,0.0,0.0,Urban,0.0,,,Fine,Null,1
66440225,,573000,1.0,,0.0,1.0,,Null,2018/2019,BUNNY STREET,FEATHERSTON STREET,,Non-Injury Crash,No,2019,,West,,0,,Flat,,,,,,Overcast,2124300,0,0.0,0.0,4.0,,,0.0,,,,,,Wellington Region,Nil,2-way,Sealed,,0.0,0,,50.0,,Off,0.0,1.0,,47,Wellington City,Traffic Signals,,,,,0.0,0.0,Urban,0.0,,,Fine,Null,0