OBJECTID,advisorySpeed,areaUnitID,bicycle,bridge,bus,carStationWagon,cliffBank,crashDirectionDescription,crashFinancialYear,crashLocation1,crashLocation2,crashRoadSideRoad,crashSeverity,crashSHDescription,crashYear,debris,directionRoleDescription,ditch,fatalCount,fence,flatHill,guardRail,holiday,houseOrBuilding,intersection,kerb,light,meshblockId,minorInjuryCount,moped,motorcycle,NumberOfLanes,objectThrownOrDropped,otherObject,otherVehicleType,overBank,parkedVehicle,pedestrian,phoneBoxEtc,postOrPole,region,roadCharacter,roadLane,roadSurface,roadworks,schoolBus,seriousInjuryCount,slipOrFlood,speedLimit,strayAnimal,streetLight,suv,taxi,temporarySpeedLimit,tlaId,tlaName,trafficControl,trafficIsland,trafficSign,train,tree,truck,unknownVehicleType,urban,vanOrUtility,vehicle,waterRiver,weatherA,weatherB,if_pandemic
66440260,,573300,1.0,,0.0,1.0,,Null,2019/2020,ADELAIDE ROAD,BROWN STREET,,Non-Injury Crash,No,2020,,North,,0,,Flat,,,,,,Unknown,2146100,0,0.0,0.0,3.0,,,0.0,,,,,,Wellington Region,Nil,2-way,Sealed,,0.0,0,,50.0,,Off,0.0,0.0,,47,Wellington City,Give way,,,,,0.0,0.0,Urban,0.0,,,Fine,Null,1
66440278,,573000,0.0,,0.0,1.0,,Null,2019/2020,FEATHERSTON STREET,WHITMORE STREET,,Non-Injury Crash,No,2020,,South,,0,,Flat,,,,,,Dark,2124300,0,0.0,0.0,2.0,,,0.0,,,,,,Wellington Region,Nil,1-way,Sealed,,0.0,0,,30.0,,On,0.0,0.0,,47,Wellington City,Traffic Signals,,,,,0.0,0.0,Urban,1.0,,,Fine,Null,1
66440286,,573523,0.0,0.0,0.0,1.0,0.0,Null,2019/2020,MARK AVENUE,ST KITTS PLACE,,Non-Injury Crash,No,2019,0.0,North,0.0,0,0.0,Null,0.0,,0.0,,0.0,Unknown,2086312,0,0.0,0.0,2.0,0.0,0.0,0.0,0.0,1.0,,0.0,0.0,Wellington Region,Nil,2-way,Sealed,0.0,0.0,0,0.0,50.0,0.0,Null,0.0,0.0,,47,Wellington City,Nil,0.0,0.0,0.0,0.0,0.0,0.0,Urban,0.0,0.0,0.0,Null,Null,0
66440306,,576903,0.0,,0.0,3.0,,West,2019/2020,WELLINGTON ROAD,EVANS BAY PARADE,,Non-Injury Crash,Yes,2019,,East,,0,,Flat,,,,,,Overcast,2180200,0,0.0,0.0,3.0,,,0.0,,,,,,Wellington Region,Nil,2-way,Sealed,,0.0,0,,50.0,,Off,0.0,0.0,,47,Wellington City,Nil,,,,,0.0,0.0,Urban,0.0,,,Fine,Strong wind,0
66440310,,573000,0.0,,1.0,0.0,,Null,2019/2020,FEATHERSTON STREET,HUNTER STREET,,Non-Injury Crash,No,2019,,South,,0,,Null,,,,,,Unknown,2125800,0,0.0,0.0,2.0,,,0.0,,,,,,Wellington Region,Nil,1-way,Sealed,,0.0,0,,50.0,,Null,1.0,0.0,,47,Wellington City,Traffic Signals,,,,,0.0,0.0,Urban,0.0,,,Null,Null,0
66440343,,573300,0.0,,1.0,2.0,,Null,2019/2020,ADELAIDE ROAD,OXFORD STREET,,Non-Injury Crash,No,2019,,North,,0,,Flat,,,,,,Bright sun,2146100,0,0.0,0.0,2.0,,,0.0,,,,,,Wellington Region,Nil,2-way,Sealed,,0.0,0,,50.0,,Off,0.0,0.0,,47,Wellington City,Nil,,,,,0.0,0.0,Urban,0.0,,,Fine,Null,0
66440368,,577000,0.0,,0.0,2.0,,West,2019/2020,FREIGHT DRIVE,STEWART DUFF DRIVE,,Non-Injury Crash,No,2020,,South,,0,,Flat,,,,,,Bright sun,2175700,0,0.0,0.0,2.0,,,0.0,,,,,,Wellington Region,Nil,2-way,Sealed,,0.0,0,,50.0,,Off,0.0,0.0,,47,Wellington City,Nil,,,,,0.0,0.0,Urban,0.0,,,Fine,Null,1
66440376,,573522,0.0,,0.0,2.0,,North,2019/2020,JOHNSONVILLE PORIRUA MOTORWAY,TAKAPU RD UPASS SBD,,Non-Injury Crash,Yes,2019,,South,,0,,Flat,,,,,,Bright sun,2053703,0,0.0,0.0,2.0,,,0.0,,,,,,Wellington Region,Nil,1-way,Sealed,,0.0,0,,100.0,,Off,0.0,0.0,,47,Wellington City,Nil,,,,,0.0,0.0,Open,0.0,,,Fine,Null,0
66440403,,573000,0.0,,0.0,1.0,,South,2020/2021,WELLINGTON URBAN MOTORWAY,NORTH PORTAL SBD,,Non-Injury Crash,Yes,2020,,South,,0,,Flat,,,,,,Dark,2126900,0,0.0,0.0,2.0,,,0.0,,,,,,Wellington Region,Tunnel,1-way,Sealed,,0.0,0,,100.0,,On,0.0,0.0,,47,Wellington City,Nil,,,,,0.0,0.0,Open,1.0,,,Light rain,Null,1
66440417,,572900,0.0,0.0,0.0,0.0,0.0,South,2019/2020,01N-1070-R1,AOTEA QUAY OFF RAMP,,Non-Injury Crash,Yes,2019,0.0,South,0.0,0,0.0,Flat,1.0,,0.0,,0.0,Bright sun,2118400,0,0.0,0.0,4.0,0.0,0.0,0.0,0.0,0.0,,0.0,0.0,Wellington Region,Motorway ramp,2-way,Sealed,0.0,0.0,0,0.0,100.0,0.0,Off,0.0,0.0,60.0,47,Wellington City,Unknown,0.0,0.0,0.0,0.0,0.0,0.0,Open,1.0,0.0,0.0,Fine,Strong wind,0
66440432,,574800,0.0,0.0,0.0,0.0,0.0,North,2019/2020,HOMEWOOD CRESCENT,WAIKARE STREET,,Non-Injury Crash,No,2019,0.0,Null,0.0,0,0.0,Hill Road,0.0,,0.0,,0.0,Unknown,2106800,0,0.0,0.0,2.0,0.0,0.0,0.0,0.0,1.0,,0.0,0.0,Wellington Region,Nil,2-way,Sealed,0.0,0.0,0,0.0,50.0,0.0,Null,1.0,0.0,,47,Wellington City,Nil,0.0,0.0,0.0,0.0,0.0,1.0,Urban,0.0,0.0,0.0,Fine,Null,0
66440436,,575000,1.0,,0.0,0.0,,Null,2020/2021,RAROA CRESCENT,CHAYTOR STREET,,Serious Crash,No,2020,,East,,0,,Flat,,,,,,Bright sun,2111100,0,0.0,0.0,2.0,,,0.0,,,,,,Wellington Region,Nil,2-way,Sealed,,0.0,1,,50.0,,Off,0.0,0.0,,47,Wellington City,Stop,,,,,0.0,0.0,Urban,0.0,,,Fine,Null,1
66440442,,573101,0.0,,0.0,1.0,,Null,2019/2020,CUBA STREET,TONKS GROVE,,Minor Crash,No,2020,,South,,0,,Flat,,,,,,Bright sun,2132600,1,0.0,0.0,2.0,,,0.0,,,1.0,,,Wellington Region,Nil,2-way,Sealed,,0.0,0,,50.0,,Off,0.0,0.0,,47,Wellington City,Nil,,,,,0.0,0.0,Urban,0.0,,,Fine,Null,1
66440490,,576903,0.0,,0.0,3.0,,Null,2018/2019,WELLINGTON ROAD,EVANS BAY PARADE,,Non-Injury Crash,Yes,2019,,East,,0,,Flat,,,,,,Bright sun,2180200,0,0.0,0.0,5.0,,,0.0,,,,,,Wellington Region,Nil,2-way,Sealed,,0.0,0,,50.0,,Off,0.0,2.0,,47,Wellington City,Traffic Signals,,,,,0.0,0.0,Urban,0.0,,,Fine,Null,0
66440501,,573101,1.0,,0.0,0.0,,Null,2019/2020,KENT TERRACE,MAJORIBANKS STREET,,Non-Injury Crash,No,2020,,South,,0,,Null,,,,,,Unknown,2135700,0,0.0,0.0,4.0,,,0.0,,,,,,Wellington Region,Nil,1-way,Sealed,,0.0,0,,50.0,,Off,1.0,0.0,,47,Wellington City,Traffic Signals,,,,,0.0,0.0,Urban,0.0,,,Null,Null,1
66440552,,573000,0.0,,0.0,1.0,,North,2019/2020,WELLINGTON URBAN MOTORWAY,SOUTH PORTAL,,Non-Injury Crash,Yes,2019,,South,,0,,Null,,,,,,Bright sun,2130500,0,0.0,0.0,3.0,,,0.0,,,,,,Wellington Region,Nil,2-way,Sealed,,0.0,0,,100.0,,On,0.0,0.0,,47,Wellington City,Unknown,,,,,0.0,0.0,Open,0.0,,,Null,Null,0
66440555,,573101,0.0,0.0,0.0,1.0,0.0,West,2020/2021,COURTENAY PLACE,CAMBRIDGE TERRACE,,Non-Injury Crash,No,2020,0.0,West,0.0,0,0.0,Flat,0.0,,0.0,,0.0,Unknown,2136000,0,0.0,0.0,1.0,0.0,0.0,0.0,0.0,1.0,,0.0,0.0,Wellington Region,Nil,1-way,Sealed,0.0,0.0,0,0.0,30.0,0.0,Null,0.0,0.0,,47,Wellington City,Nil,0.0,0.0,0.0,0.0,0.0,0.0,Urban,0.0,0.0,0.0,Fine,Null,1
66440577,,577301,0.0,0.0,0.0,2.0,0.0,Null,2019/2020,WEKA STREET,CAMPERDOWN ROAD,,Minor Crash,No,2019,0.0,South,0.0,0,0.0,Flat,0.0,,0.0,,0.0,Dark,2203000,3,0.0,0.0,2.0,0.0,0.0,0.0,0.0,1.0,,0.0,0.0,Wellington Region,Nil,2-way,Sealed,0.0,0.0,0,0.0,50.0,0.0,On,0.0,0.0,,47,Wellington City,Give way,0.0,0.0,0.0,0.0,0.0,0.0,Urban,0.0,0.0,0.0,Fine,Null,0
66440580,,573526,0.0,,0.0,2.0,,South,2020/2021,HUTT ROAD,HOROKIWI ROAD,,Minor Crash,Yes,2021,,East,,0,,Flat,,,,,,Bright sun,2086403,3,0.0,0.0,2.0,,,0.0,,,,,,Wellington Region,Nil,1-way,Sealed,,0.0,0,,100.0,,Off,0.0,0.0,,47,Wellington City,Nil,,,,,0.0,0.0,Open,0.0,,,Fine,Null,1
66440585,,573000,1.0,,0.0,1.0,,Null,2019/2020,THE TERRACE,DALMUIR LANE,,Minor Crash,No,2020,,North,,0,,Hill Road,,,,,,Dark,2124802,1,0.0,0.0,2.0,,,0.0,,,,,,Wellington Region,Nil,2-way,Sealed,,0.0,0,,50.0,,On,0.0,0.0,,47,Wellington City,Nil,,,,,0.0,0.0,Urban,0.0,,,Fine,Null,1
66440618,,573101,0.0,0.0,0.0,0.0,0.0,South,2018/2019,GHUZNEE ST,EGMONT STREET,,Non-Injury Crash,No,2019,0.0,Null,0.0,0,0.0,Null,0.0,,0.0,,0.0,Unknown,2133408,0,0.0,0.0,2.0,0.0,0.0,0.0,0.0,1.0,,0.0,0.0,Wellington Region,Nil,2-way,Null,0.0,0.0,0,0.0,50.0,0.0,Null,0.0,1.0,,47,Wellington City,Unknown,0.0,0.0,0.0,0.0,0.0,2.0,Urban,0.0,0.0,0.0,Null,Null,0
66440666,,573000,0.0,,0.0,1.0,,North,2018/2019,RODNEY STREET,HAMBLYN CRESCENT,,Non-Injury Crash,No,2018,,South,,0,,Hill Road,,,,,,Bright sun,2127400,0,0.0,0.0,2.0,,,0.0,,,,,,Wellington Region,Nil,2-way,Sealed,,0.0,0,,50.0,,Off,1.0,0.0,,47,Wellington City,Nil,,,,,0.0,0.0,Urban,0.0,,,Fine,Null,0
66440673,,573000,0.0,0.0,0.0,1.0,0.0,South,2018/2019,CUSTOMHOUSE QUAY-SLIP,PANAMA STREET,,Non-Injury Crash,No,2019,0.0,Null,0.0,0,0.0,Flat,0.0,Queens Birthday,0.0,,0.0,Dark,2125900,0,0.0,0.0,2.0,0.0,0.0,0.0,0.0,1.0,,0.0,0.0,Wellington Region,Nil,2-way,Sealed,0.0,0.0,0,0.0,,0.0,On,0.0,0.0,,47,Wellington City,Unknown,0.0,0.0,0.0,0.0,0.0,0.0,Urban,0.0,0.0,0.0,Heavy rain,Null,0
66440689,,575600,0.0,0.0,1.0,1.0,0.0,Null,2019/2020,MITCHELL STREET,TODMAN STREET,,Non-Injury Crash,No,2019,0.0,Null,0.0,0,0.0,Null,0.0,,0.0,,0.0,Unknown,2161501,0,0.0,0.0,2.0,0.0,0.0,0.0,0.0,1.0,,0.0,0.0,Wellington Region,Nil,2-way,Sealed,0.0,0.0,0,0.0,50.0,0.0,Null,0.0,0.0,,47,Wellington City,Give way,0.0,0.0,0.0,0.0,0.0,0.0,Urban,0.0,0.0,0.0,Null,Null,0
66440786,,573101,0.0,0.0,1.0,1.0,0.0,East,2018/2019,COURTENAY PLACE,TARANAKI STREET,,Non-Injury Crash,No,2019,0.0,East,0.0,0,0.0,Flat,0.0,,0.0,,0.0,Dark,2135600,0,0.0,0.0,2.0,0.0,0.0,0.0,0.0,1.0,,0.0,0.0,Wellington Region,Nil,2-way,Sealed,0.0,0.0,0,0.0,30.0,0.0,On,0.0,0.0,,47,Wellington City,Unknown,0.0,0.0,0.0,0.0,0.0,0.0,Urban,0.0,0.0,0.0,Fine,Null,0
66440816,,573101,0.0,0.0,0.0,0.0,0.0,South,2019/2020,CUBA STREET,VIVIAN STREET,,Non-Injury Crash,No,2019,0.0,Null,0.0,0,0.0,Null,0.0,,0.0,,0.0,Unknown,2132100,0,0.0,0.0,2.0,0.0,0.0,0.0,0.0,1.0,,0.0,0.0,Wellington Region,Nil,2-way,Sealed,0.0,0.0,0,0.0,50.0,0.0,Null,1.0,0.0,,47,Wellington City,Unknown,0.0,0.0,0.0,0.0,0.0,0.0,Urban,0.0,0.0,0.0,Null,Null,0
66440828,,573400,0.0,,0.0,1.0,,West,2019/2020,MT VICTORIA TUNNEL,WEST PORTAL,,Non-Injury Crash,Yes,2020,,East,,0,,Null,,,,,,Unknown,2143300,0,0.0,0.0,3.0,,,0.0,,,,,,Wellington Region,Nil,2-way,Null,,0.0,0,,50.0,,Null,1.0,0.0,,47,Wellington City,Nil,,,,,0.0,0.0,Urban,0.0,,,Null,Null,1
66440847,,574100,0.0,0.0,1.0,1.0,0.0,North,2019/2020,MOOREFIELD ROAD,HAUMIA STREET,,Non-Injury Crash,No,2019,0.0,South,0.0,0,0.0,Null,0.0,,0.0,,0.0,Unknown,2083800,0,0.0,0.0,2.0,0.0,0.0,0.0,0.0,1.0,,0.0,0.0,Wellington Region,Nil,2-way,Sealed,0.0,0.0,0,0.0,50.0,0.0,Null,0.0,0.0,,47,Wellington City,Unknown,0.0,0.0,0.0,0.0,0.0,0.0,Urban,0.0,0.0,0.0,Null,Null,0
66440852,,575600,0.0,0.0,0.0,2.0,0.0,South,2019/2020,TODMAN STREET,CHARLOTTE AVENUE,,Non-Injury Crash,No,2020,0.0,West,0.0,0,0.0,Hill Road,0.0,,0.0,,0.0,Dark,2161601,0,0.0,0.0,2.0,0.0,0.0,0.0,0.0,1.0,,0.0,0.0,Wellington Region,Nil,2-way,Sealed,0.0,0.0,0,0.0,50.0,0.0,On,0.0,0.0,,47,Wellington City,Unknown,0.0,0.0,0.0,0.0,0.0,0.0,Urban,0.0,0.0,0.0,Fine,Null,1
66440879,,574002,0.0,,0.0,0.0,,North,2019/2020,002-0962/12.85-I,HUTT ROAD OFF RAMP,,Minor Crash,Yes,2019,,South,,0,,Flat,,,,,,Bright sun,2078302,1,0.0,1.0,2.0,,,0.0,,,,,,Wellington Region,Nil,1-way,Sealed,,0.0,0,,100.0,,Off,0.0,0.0,60.0,47,Wellington City,Unknown,,,,,0.0,0.0,Open,1.0,,,Fine,Null,0
66440885,,573000,0.0,,0.0,0.0,,East,2018/2019,WILLESTON ST,VICTORIA STREET,,Non-Injury Crash,No,2019,,Null,,0,,Null,,,,,,Unknown,2126000,0,1.0,0.0,2.0,,,0.0,,,,,,Wellington Region,Nil,2-way,Sealed,,0.0,0,,50.0,,Null,0.0,0.0,,47,Wellington City,Unknown,,,,,0.0,1.0,Urban,0.0,,,Null,Null,0
66440893,,573000,0.0,,0.0,1.0,,North,2018/2019,THE TERRACE,AURORA TERRACE,,Non-Injury Crash,No,2019,,Null,,0,,Null,,,,,,Unknown,2124000,0,0.0,0.0,2.0,,,0.0,,,1.0,,,Wellington Region,Nil,2-way,Sealed,,0.0,0,,50.0,,Null,0.0,0.0,,47,Wellington City,Unknown,,,,,0.0,0.0,Urban,0.0,,,Null,Null,0
66440899,,573200,0.0,0.0,0.0,1.0,0.0,Null,2019/2020,OHIRO ROAD,ARO STREET,,Non-Injury Crash,No,2020,0.0,North,0.0,0,0.0,Null,0.0,,0.0,,0.0,Unknown,2159400,0,0.0,0.0,2.0,0.0,0.0,0.0,0.0,1.0,,0.0,0.0,Wellington Region,Nil,2-way,Null,0.0,0.0,0,0.0,50.0,0.0,Null,0.0,0.0,,47,Wellington City,Give way,0.0,0.0,0.0,0.0,0.0,0.0,Urban,0.0,0.0,0.0,Null,Null,1
66440901,,572900,1.0,,0.0,0.0,,North,2019/2020,FEATHERSTON ST,BUNNY STREET,,Minor Crash,No,2019,,South,,0,,Hill Road,,,,,,Bright sun,2122800,1,0.0,0.0,4.0,,,0.0,,,1.0,,,Wellington Region,Nil,2-way,Sealed,,0.0,0,,50.0,,Off,0.0,0.0,,47,Wellington City,Unknown,,,,,0.0,0.0,Urban,0.0,,,Fine,Strong wind,0
66440907,,576500,0.0,,0.0,0.0,,West,2020/2021,MEIN STREET,OWEN STREET,,Minor Crash,No,2020,,East,,0,,Hill Road,,,,,,Overcast,2149200,1,0.0,0.0,2.0,,,0.0,,,1.0,,,Wellington Region,Nil,2-way,Sealed,,0.0,0,,50.0,,Off,1.0,0.0,,47,Wellington City,Nil,,,,,0.0,0.0,Urban,0.0,,,Fine,Null,1
66440914,,576903,0.0,,0.0,2.0,,Null,2018/2019,CRAWFORD ROAD,WELLINGTON ROAD,,Non-Injury Crash,No,2019,,South,,0,,Null,,,,,,Unknown,2181600,0,0.0,0.0,3.0,,,0.0,,,,,,Wellington Region,Nil,2-way,Sealed,,0.0,0,,50.0,,Null,0.0,0.0,,47,Wellington City,Give way,,,,,0.0,0.0,Urban,0.0,,,Null,Null,0
66440944,,574304,0.0,0.0,0.0,1.0,1.0,North,2019/2020,ONSLOW ROAD,SHALIMAR CRESCENT,,Non-Injury Crash,No,2020,0.0,South,0.0,0,0.0,Hill Road,0.0,,0.0,,0.0,Overcast,2090201,0,0.0,0.0,2.0,0.0,0.0,0.0,0.0,0.0,,0.0,0.0,Wellington Region,Nil,2-way,Sealed,0.0,0.0,0,0.0,50.0,0.0,Off,0.0,0.0,,47,Wellington City,Nil,0.0,0.0,0.0,0.0,0.0,0.0,Urban,0.0,0.0,0.0,Light rain,Null,1
66440989,,573700,0.0,0.0,0.0,1.0,0.0,West,2019/2020,NEVILLE STREET,CORTINA AVENUE,,Non-Injury Crash,No,2019,0.0,West,0.0,0,0.0,Flat,0.0,,1.0,,0.0,Bright sun,2082002,0,0.0,0.0,2.0,0.0,0.0,0.0,0.0,0.0,,0.0,0.0,Wellington Region,Nil,2-way,Sealed,0.0,0.0,0,0.0,50.0,0.0,Off,0.0,0.0,,47,Wellington City,Unknown,0.0,0.0,0.0,0.0,0.0,1.0,Urban,0.0,0.0,0.0,Fine,Null,0
66441025,,576903,0.0,,0.0,2.0,,South,2018/2019,KILBIRNIE CRESCENT,DUNCAN TERRACE,,Non-Injury Crash,No,2019,,North,,0,,Flat,,,,,,Dark,2179101,0,0.0,0.0,2.0,,,0.0,,,,,,Wellington Region,Nil,2-way,Sealed,,0.0,0,,50.0,,On,0.0,0.0,30.0,47,Wellington City,Nil,,,,,0.0,0.0,Urban,0.0,,,Fine,Null,0
66441045,,574500,1.0,,0.0,0.0,,West,2019/2020,HUTT RD,RANGIORA AVENUE,,Minor Crash,No,2019,,West,,0,,Flat,,,,,,Bright sun,2093400,1,0.0,0.0,4.0,,,0.0,,,,,,Wellington Region,Nil,2-way,Sealed,,0.0,0,,60.0,,Off,0.0,0.0,,47,Wellington City,Nil,,,,,0.0,0.0,Urban,1.0,,,Fine,Null,0
66441057,,576903,0.0,,0.0,1.0,,South,2019/2020,RUAHINE STREET,GOA STREET,,Non-Injury Crash,Yes,2019,,North,,0,,Hill Road,,,,,,Bright sun,2180601,0,0.0,0.0,2.0,,,0.0,,,,,,Wellington Region,Nil,2-way,Sealed,,0.0,0,,70.0,,Off,0.0,0.0,,47,Wellington City,Nil,,,,,1.0,0.0,Urban,0.0,,,Fine,Null,0
66441069,,577000,0.0,,0.0,0.0,,Null,2019/2020,LYALL PARADE,FREYBERG STREET,,Non-Injury Crash,No,2019,,West,,0,,Flat,,,,,,Bright sun,2174700,0,0.0,0.0,2.0,,,0.0,,,,,,Wellington Region,Nil,2-way,Sealed,,0.0,0,,50.0,,Off,0.0,0.0,,47,Wellington City,Unknown,,,,,0.0,0.0,Urban,2.0,,,Fine,Null,0
66441100,,574001,0.0,0.0,0.0,1.0,0.0,West,2020/2021,GLANMIRE ROAD,ROBERT STREET,,Non-Injury Crash,No,2020,0.0,North,0.0,0,0.0,Hill Road,0.0,,1.0,,0.0,Dark,2076100,0,0.0,0.0,2.0,0.0,0.0,0.0,0.0,0.0,,0.0,0.0,Wellington Region,Nil,2-way,Sealed,0.0,0.0,0,0.0,50.0,0.0,On,0.0,0.0,,47,Wellington City,Unknown,0.0,0.0,0.0,0.0,0.0,0.0,Urban,0.0,0.0,0.0,Fine,Null,1
66441135,,574002,0.0,,0.0,0.0,,Null,2018/2019,HUTT ROAD OFF RAMP,HUTT ROAD,,Non-Injury Crash,No,2019,,West,,0,,Flat,,,,,,Bright sun,2078302,0,0.0,1.0,1.0,,,0.0,,,,,,Wellington Region,Underpass,1-way,Sealed,,0.0,0,,80.0,,Off,0.0,0.0,,47,Wellington City,Traffic Signals,,,,,0.0,0.0,Open,0.0,,,Fine,Null,0
66441168,,576901,0.0,,0.0,1.0,,Null,2019/2020,RONGOTAI ROAD,EVANS BAY PARADE,,Non-Injury Crash,No,2019,,West,,0,,Flat,,,,,,Overcast,2178200,0,0.0,0.0,2.0,,,0.0,,,,,,Wellington Region,Nil,2-way,Sealed,,0.0,0,,50.0,,Off,0.0,0.0,,47,Wellington City,Traffic Signals,,,,,0.0,0.0,Urban,1.0,,,Heavy rain,Frost,0
66441205,,576100,0.0,,0.0,1.0,,South,2019/2020,QUEENS DRIVE,SUTHERLAND ROAD,,Minor Crash,No,2020,,South,,0,,Flat,,,,,,Overcast,2195502,1,1.0,0.0,2.0,,,0.0,,,,,,Wellington Region,Nil,2-way,Sealed,,0.0,0,,50.0,,Off,0.0,1.0,,47,Wellington City,Unknown,,,,,0.0,0.0,Urban,0.0,,,Fine,Strong wind,1
66441248,,572701,0.0,0.0,0.0,2.0,0.0,Null,2019/2020,MCLELLAN STREET,DUNCAN STREET,,Non-Injury Crash,No,2020,0.0,East,0.0,0,0.0,Flat,0.0,,0.0,,0.0,Dark,1993302,0,0.0,0.0,2.0,0.0,0.0,0.0,0.0,0.0,,0.0,0.0,Wellington Region,Nil,2-way,Sealed,0.0,0.0,0,0.0,50.0,0.0,On,0.0,0.0,,47,Wellington City,Give way,1.0,0.0,0.0,0.0,0.0,0.0,Urban,0.0,0.0,0.0,Fine,Null,1
66441256,,576301,0.0,,0.0,1.0,,Null,2020/2021,HALL STREET,ADELAIDE ROAD,,Minor Crash,No,2021,,West,,0,,Hill Road,,,,,,Bright sun,2164600,1,0.0,0.0,2.0,,,0.0,,,1.0,,,Wellington Region,Nil,2-way,Sealed,,0.0,0,,50.0,,Off,0.0,0.0,,47,Wellington City,Traffic Signals,,,,,0.0,0.0,Urban,0.0,,,Fine,Null,1
66441265,,573101,0.0,,0.0,0.0,,Null,2019/2020,CABLE STREET,TARANAKI STREET,,Minor Crash,No,2020,,East,,0,,Flat,,,,,,Bright sun,2135200,1,0.0,1.0,3.0,,,0.0,,,,,,Wellington Region,Nil,1-way,Sealed,,0.0,0,,50.0,,Off,0.0,0.0,,47,Wellington City,Traffic Signals,,,,,0.0,0.0,Urban,1.0,,,Fine,Null,1
66441266,,576400,0.0,,0.0,2.0,,South,2019/2020,DANIELL STREET,CONSTABLE STREET,,Non-Injury Crash,No,2019,,Null,,0,,Null,,,,,,Unknown,2169101,0,0.0,0.0,2.0,,,0.0,,,,,,Wellington Region,Nil,2-way,Sealed,,0.0,0,,40.0,,Null,0.0,0.0,,47,Wellington City,Unknown,,,,,0.0,0.0,Urban,0.0,,,Null,Null,0
66441280,,576301,0.0,,0.0,1.0,,Null,2019/2020,JOHN STREET,TASMAN STREET,,Non-Injury Crash,No,2020,,East,,0,,Null,,,,,,Unknown,2163300,0,0.0,0.0,2.0,,,0.0,,,,,,Wellington Region,Nil,2-way,Sealed,,0.0,0,,50.0,,Off,0.0,0.0,,47,Wellington City,Nil,,,,,0.0,0.0,Urban,1.0,,,Fine,Null,1
66441356,,572900,0.0,0.0,0.0,1.0,0.0,Null,2019/2020,WELLINGTON URBAN MOTORWAY,MURPHY STREET OFF RAMP,,Serious Crash,Yes,2020,0.0,South,0.0,0,0.0,Flat,1.0,,0.0,,0.0,Twilight,2118500,0,0.0,0.0,3.0,0.0,0.0,0.0,0.0,0.0,,0.0,0.0,Wellington Region,Nil,1-way,Sealed,0.0,0.0,1,0.0,100.0,0.0,On,0.0,0.0,,47,Wellington City,Nil,0.0,0.0,0.0,0.0,0.0,0.0,Open,0.0,0.0,0.0,Fine,Null,1
66441387,,572900,0.0,,0.0,2.0,,South,2020/2021,MOLESWORTH STREET,MAY STREET ON RAMP,,Non-Injury Crash,No,2020,,North,,0,,Flat,,,,,,Bright sun,2119600,0,0.0,0.0,2.0,,,0.0,,,,,,Wellington Region,Nil,1-way,Sealed,,0.0,0,,50.0,,Off,0.0,0.0,,47,Wellington City,Unknown,,,,,0.0,0.0,Urban,0.0,,,Fine,Null,1
66441396,,576400,0.0,,0.0,1.0,,Null,2019/2020,DANIELL STREET,DONALD MCLEAN STREET ,,Non-Injury Crash,No,2019,,Null,,0,,Flat,,,,,,Bright sun,2169200,0,0.0,0.0,2.0,,,0.0,,,,,,Wellington Region,Nil,2-way,Sealed,,0.0,0,,50.0,,None,0.0,0.0,,47,Wellington City,Unknown,,,,,0.0,0.0,Urban,0.0,,,Fine,Null,0
66441410,,574500,0.0,0.0,0.0,2.0,0.0,North,2019/2020,HUTT ROAD,WESTMINSTER STREET,,Non-Injury Crash,No,2020,0.0,South,0.0,0,0.0,Null,0.0,,0.0,,0.0,Unknown,2093300,0,0.0,0.0,4.0,0.0,0.0,0.0,0.0,1.0,,0.0,0.0,Wellington Region,Nil,2-way,Sealed,0.0,0.0,0,0.0,60.0,0.0,Null,0.0,0.0,,47,Wellington City,Unknown,0.0,0.0,0.0,0.0,0.0,0.0,Urban,0.0,0.0,0.0,Null,Null,1
66441416,,576901,0.0,,0.0,0.0,,East,2020/2021,COBHAM DRIVE,EVANS BAY PARADE,,Minor Crash,Yes,2021,,North,,0,,Flat,,,,,,Bright sun,2177800,1,0.0,0.0,2.0,,,0.0,,,,,,Wellington Region,Nil,1-way,Sealed,,0.0,0,,70.0,,Off,0.0,0.0,,47,Wellington City,Nil,,,,,0.0,0.0,Urban,2.0,,,Fine,Null,1
66441421,,575100,0.0,,1.0,1.0,,Null,2018/2019,PARKLANDS DRIVE,WOODHOUSE AVENUE,,Non-Injury Crash,No,2019,,South,,0,,Null,,,,,,Unknown,2116304,0,0.0,0.0,2.0,,,0.0,,,,,,Wellington Region,Nil,2-way,Sealed,,0.0,0,,50.0,,Null,0.0,0.0,,47,Wellington City,Give way,,,,,0.0,0.0,Urban,0.0,,,Null,Null,0
66441428,,572900,0.0,,0.0,1.0,,North,2019/2020,AOTEA QUAY,AOTEA QUAY OFF RAMP,,Non-Injury Crash,No,2020,,South,,0,,Flat,,,,,,Bright sun,2118400,0,0.0,0.0,4.0,,,0.0,,,,,,Wellington Region,Motorway ramp,2-way,Sealed,,0.0,0,,70.0,,Off,1.0,0.0,,47,Wellington City,Unknown,,,,,0.0,0.0,Urban,0.0,,,Fine,Null,1