OBJECTID,advisorySpeed,areaUnitID,bicycle,bridge,bus,carStationWagon,cliffBank,crashDirectionDescription,crashFinancialYear,crashLocation1,crashLocation2,crashRoadSideRoad,crashSeverity,crashSHDescription,crashYear,debris,directionRoleDescription,ditch,fatalCount,fence,flatHill,guardRail,holiday,houseOrBuilding,intersection,kerb,light,meshblockId,minorInjuryCount,moped,motorcycle,NumberOfLanes,objectThrownOrDropped,otherObject,otherVehicleType,overBank,parkedVehicle,pedestrian,phoneBoxEtc,postOrPole,region,roadCharacter,roadLane,roadSurface,roadworks,schoolBus,seriousInjuryCount,slipOrFlood,speedLimit,strayAnimal,streetLight,suv,taxi,temporarySpeedLimit,tlaId,tlaName,trafficControl,trafficIsland,trafficSign,train,tree,truck,unknownVehicleType,urban,vanOrUtility,vehicle,waterRiver,weatherA,weatherB,if_pandemic
66441447,,574800,0.0,0.0,0.0,0.0,0.0,South,2019/2020,PARKVALE ROAD,CORNFORD STREET,,Non-Injury Crash,No,2019,0.0,South,0.0,0,0.0,Flat,0.0,,0.0,,0.0,Overcast,2107500,0,0.0,0.0,2.0,0.0,1.0,0.0,0.0,0.0,,0.0,0.0,Wellington Region,Nil,2-way,Sealed,0.0,0.0,0,0.0,50.0,0.0,Null,0.0,0.0,,47,Wellington City,Unknown,0.0,0.0,0.0,0.0,1.0,0.0,Urban,0.0,0.0,0.0,Fine,Null,0
66441486,,575902,0.0,0.0,0.0,0.0,0.0,South,2019/2020,OWHIRO BAY PARADE,HAPPY VALLEY ROAD,,Non-Injury Crash,No,2020,0.0,North,0.0,0,0.0,Flat,0.0,,0.0,,0.0,Twilight,2187600,0,0.0,0.0,2.0,0.0,0.0,0.0,0.0,1.0,,0.0,0.0,Wellington Region,Nil,2-way,Sealed,0.0,0.0,0,0.0,50.0,0.0,Off,1.0,0.0,,47,Wellington City,Unknown,0.0,0.0,0.0,0.0,0.0,0.0,Urban,2.0,0.0,0.0,Fine,Null,1
66441528,,573101,0.0,,0.0,1.0,,West,2020/2021,CABLE STREET,CHAFFERS STREET,,Non-Injury Crash,No,2020,,East,,0,,Flat,,,,,,Bright sun,2135400,0,0.0,0.0,3.0,,,0.0,,,,,,Wellington Region,Nil,1-way,Sealed,,0.0,0,,50.0,,Off,0.0,0.0,,47,Wellington City,Nil,,,,,0.0,0.0,Urban,1.0,,,Fine,Null,1
66441556,,574500,0.0,0.0,0.0,1.0,0.0,North,2020/2021,WELLINGTON URBAN MOTORWAY,AOTEA QUAY ON RAMP,,Non-Injury Crash,Yes,2020,0.0,North,0.0,0,0.0,Flat,1.0,,0.0,,0.0,Overcast,2093600,0,0.0,0.0,7.0,0.0,0.0,0.0,0.0,0.0,,0.0,0.0,Wellington Region,Nil,2-way,Sealed,0.0,0.0,0,0.0,100.0,0.0,Off,0.0,0.0,,47,Wellington City,Unknown,0.0,0.0,0.0,0.0,0.0,0.0,Open,0.0,0.0,0.0,Fine,Null,1
66441593,,576500,0.0,,0.0,1.0,,North,2018/2019,RIDDIFORD ST,CHURCH AVENUE,,Non-Injury Crash,No,2019,,South,,0,,Flat,,,,,,Dark,2148800,0,0.0,0.0,4.0,,,0.0,,,,,,Wellington Region,Nil,2-way,Sealed,,0.0,0,,50.0,,On,0.0,0.0,,47,Wellington City,Unknown,,,,,0.0,0.0,Urban,1.0,,,Fine,Strong wind,0
66441601,,573400,0.0,,0.0,1.0,,Null,2019/2020,MAJORIBANKS STREET,KENT TERRACE,,Non-Injury Crash,No,2019,,Null,,0,,Null,,,,,,Unknown,2139700,0,0.0,0.0,2.0,,,0.0,,,,,,Wellington Region,Nil,2-way,Null,,0.0,0,,50.0,,Null,1.0,0.0,,47,Wellington City,Unknown,,,,,0.0,0.0,Urban,0.0,,,Null,Null,0
66441673,,574600,0.0,,0.0,2.0,,North,2018/2019,HANOVER ST,WADESTOWN ROAD,,Non-Injury Crash,No,2019,,West,,0,,Hill Road,,,,,,Overcast,2099800,0,0.0,0.0,2.0,,,0.0,,,,,,Wellington Region,Nil,2-way,Sealed,,0.0,0,,50.0,,Off,0.0,0.0,,47,Wellington City,Unknown,,,,,0.0,0.0,Urban,0.0,,,Fine,Null,0
66441674,,573525,0.0,,0.0,2.0,,South,2019/2020,01N-1050/06.30-I,PED SUBWAY,,Non-Injury Crash,Yes,2019,,North,,0,,Flat,,,,,,Bright sun,2053827,0,0.0,0.0,2.0,,,0.0,,,,,,Wellington Region,Nil,1-way,Sealed,,0.0,0,,100.0,,None,0.0,0.0,,47,Wellington City,Unknown,,,,,0.0,0.0,Open,0.0,,,Fine,Null,0
66441725,,573600,0.0,0.0,0.0,2.0,0.0,North,2019/2020,MIDDLETON ROAD,BURDENDALE GROVE,,Non-Injury Crash,No,2019,0.0,South,0.0,0,0.0,Hill Road,0.0,,0.0,,0.0,Overcast,2081000,0,0.0,0.0,2.0,0.0,0.0,0.0,0.0,1.0,,0.0,0.0,Wellington Region,Nil,2-way,Sealed,0.0,0.0,0,0.0,50.0,0.0,Off,0.0,0.0,,47,Wellington City,Nil,0.0,0.0,0.0,0.0,0.0,0.0,Urban,0.0,0.0,0.0,Fine,Null,0
66441734,,573400,0.0,0.0,0.0,0.0,0.0,East,2019/2020,ELIZABETH STREET,KENT TERRACE,,Non-Injury Crash,No,2019,0.0,Null,0.0,0,0.0,Flat,0.0,,0.0,,0.0,Bright sun,2140300,0,0.0,0.0,2.0,0.0,0.0,0.0,0.0,1.0,,0.0,0.0,Wellington Region,Nil,2-way,Sealed,0.0,0.0,0,0.0,50.0,0.0,Off,0.0,0.0,,47,Wellington City,Nil,0.0,0.0,0.0,0.0,0.0,0.0,Urban,1.0,0.0,0.0,Fine,Null,0
66441768,,573200,1.0,,0.0,1.0,,Null,2019/2020,WILLIS STREET,WEBB STREET,,Non-Injury Crash,No,2019,,Null,,0,,Null,,,,,,Bright sun,2159601,0,0.0,0.0,2.0,,,0.0,,,,,,Wellington Region,Nil,2-way,Sealed,,0.0,0,,50.0,,On,0.0,0.0,,47,Wellington City,Traffic Signals,,,,,0.0,0.0,Urban,0.0,,,Fine,Null,0
66441808,,577601,0.0,0.0,0.0,1.0,1.0,South,2018/2019,SHELLY BAY RD,RNZAF BASE GATE S,,Non-Injury Crash,No,2019,0.0,North,0.0,0,0.0,Flat,0.0,,0.0,,0.0,Dark,2201200,0,0.0,0.0,2.0,0.0,0.0,0.0,0.0,0.0,,0.0,0.0,Wellington Region,Nil,2-way,Sealed,0.0,0.0,0,0.0,40.0,0.0,None,0.0,0.0,,47,Wellington City,Unknown,0.0,0.0,0.0,0.0,0.0,0.0,Urban,0.0,0.0,0.0,Mist or Fog,Frost,0
66441815,,573513,0.0,0.0,0.0,3.0,0.0,East,2019/2020,WAVERTON TERRACE,SANDYBROW,,Minor Crash,No,2020,0.0,North,0.0,0,0.0,Flat,0.0,,0.0,,0.0,Overcast,2086716,1,0.0,0.0,2.0,0.0,0.0,0.0,0.0,1.0,,0.0,0.0,Wellington Region,Nil,2-way,Sealed,0.0,0.0,0,0.0,50.0,0.0,Off,0.0,0.0,,47,Wellington City,Nil,0.0,0.0,0.0,0.0,0.0,0.0,Urban,0.0,0.0,0.0,Fine,Null,1
66441872,,574303,0.0,,0.0,2.0,,South,2019/2020,CENTENNIAL HIGHWAY ON RAMP,CENTENNIAL HIGHWAY,,Non-Injury Crash,No,2020,,North,,0,,Hill Road,,,,,,Bright sun,2088705,0,0.0,0.0,1.0,,,0.0,,,,,,Wellington Region,Nil,1-way,Sealed,,0.0,0,,80.0,,None,0.0,0.0,,47,Wellington City,Nil,,,,,0.0,0.0,Open,0.0,,,Fine,Null,1
66441876,,574001,0.0,,0.0,1.0,,East,2020/2021,BLACK ROCK ROAD,NEWLANDS ROAD,,Non-Injury Crash,No,2020,,North,,0,,Hill Road,,,,,,Bright sun,2076100,0,0.0,0.0,2.0,,,0.0,,,,,,Wellington Region,Nil,2-way,Sealed,,0.0,0,,50.0,,Off,0.0,0.0,,47,Wellington City,Unknown,,,,,1.0,0.0,Urban,0.0,,,Fine,Null,1
66441916,,576301,0.0,,0.0,2.0,,Null,2019/2020,ADELAIDE ROAD,MUDGES TERRACE,,Non-Injury Crash,No,2020,,North,,0,,Hill Road,,,,,,Bright sun,2165300,0,0.0,0.0,2.0,,,0.0,,,,,,Wellington Region,Nil,2-way,Sealed,,0.0,0,,50.0,,Off,0.0,0.0,,47,Wellington City,Nil,,,,,0.0,0.0,Urban,0.0,,,Fine,Null,1
66441920,,573200,0.0,,0.0,2.0,,North,2019/2020,DEVON STREET,ESSEX STREET,,Non-Injury Crash,No,2019,,North,,0,,Hill Road,,,,,,Bright sun,2157400,0,0.0,0.0,2.0,,,0.0,,,,,,Wellington Region,Nil,2-way,Sealed,,0.0,0,,50.0,,Off,0.0,0.0,,47,Wellington City,Unknown,,,,,0.0,0.0,Urban,0.0,,,Fine,Null,0
66441948,,576500,0.0,0.0,0.0,2.0,0.0,Null,2020/2021,BELFAST STREET,RUGBY STREET,,Non-Injury Crash,No,2020,0.0,North,0.0,0,0.0,Hill Road,0.0,,0.0,,0.0,Dark,2147900,0,0.0,0.0,2.0,0.0,0.0,0.0,0.0,1.0,,0.0,0.0,Wellington Region,Nil,2-way,Sealed,0.0,0.0,0,0.0,50.0,0.0,On,0.0,0.0,,47,Wellington City,Give way,0.0,0.0,0.0,0.0,0.0,0.0,Urban,0.0,0.0,0.0,Fine,Null,1
66441966,,572500,0.0,0.0,0.0,1.0,0.0,North,2018/2019,ST HILDAS GLADE,BALLIOL DRIVE,,Non-Injury Crash,No,2019,0.0,West,0.0,0,0.0,Hill Road,0.0,,1.0,,0.0,Dark,1987400,0,0.0,0.0,1.0,0.0,0.0,0.0,0.0,1.0,,0.0,0.0,Wellington Region,Nil,2-way,Sealed,0.0,0.0,0,0.0,50.0,0.0,On,0.0,0.0,,47,Wellington City,Unknown,0.0,0.0,0.0,0.0,0.0,0.0,Urban,1.0,0.0,0.0,Fine,Null,0
66441994,,577000,1.0,,0.0,1.0,,North,2019/2020,ONEPU ROAD,APU CRESCENT,,Minor Crash,No,2020,,North,,0,,Flat,,,,,,Bright sun,2175200,1,0.0,0.0,2.0,,,0.0,,,,,,Wellington Region,Nil,2-way,Sealed,,0.0,0,,50.0,,Off,0.0,0.0,,47,Wellington City,Unknown,,,,,0.0,0.0,Urban,0.0,,,Fine,Null,1
66442010,,573000,0.0,,0.0,1.0,,South,2019/2020,JERVOIS QUAY,WILLESTON STREET,,Non-Injury Crash,No,2019,,North,,0,,Null,,,,,,Unknown,2127500,0,0.0,1.0,3.0,,,0.0,,,,,,Wellington Region,Nil,1-way,Sealed,,0.0,0,,50.0,,Null,0.0,0.0,,47,Wellington City,Nil,,,,,0.0,0.0,Urban,0.0,,,Light rain,Null,0
66442018,,574002,0.0,0.0,0.0,1.0,0.0,East,2019/2020,NGAURANGA GORGE ROAD,GLOVER STREET,,Minor Crash,No,2020,0.0,South,0.0,0,0.0,Hill Road,0.0,,0.0,,0.0,Overcast,2078302,1,0.0,0.0,2.0,0.0,0.0,0.0,0.0,0.0,,0.0,1.0,Wellington Region,Motorway ramp,1-way,Sealed,0.0,0.0,0,0.0,80.0,0.0,Off,0.0,0.0,,47,Wellington City,Unknown,0.0,0.0,0.0,0.0,0.0,0.0,Open,0.0,0.0,0.0,Fine,Strong wind,1
66442078,,573200,0.0,,0.0,1.0,,Null,2018/2019,WEBB STREET,WILLIS STREET,,Non-Injury Crash,No,2019,,West,,0,,Flat,,,,,,Overcast,2159601,0,0.0,0.0,3.0,,,0.0,,,,,,Wellington Region,Nil,1-way,Sealed,,0.0,0,,50.0,,Off,0.0,0.0,,47,Wellington City,Traffic Signals,,,,,0.0,0.0,Urban,1.0,,,Fine,Null,0
66442139,,576301,0.0,0.0,0.0,1.0,0.0,Null,2020/2021,RIDDIFORD STREET,NORMANBY STREET,,Non-Injury Crash,No,2020,0.0,South,0.0,0,0.0,Flat,0.0,Christmas New Year,0.0,,1.0,Overcast,2165500,0,0.0,0.0,1.0,0.0,0.0,0.0,0.0,0.0,,0.0,0.0,Wellington Region,Nil,2-way,Sealed,0.0,0.0,0,0.0,50.0,0.0,Off,0.0,0.0,,47,Wellington City,Give way,0.0,0.0,0.0,1.0,0.0,0.0,Urban,0.0,0.0,0.0,Light rain,Strong wind,1
66442141,,573101,0.0,0.0,0.0,2.0,0.0,Null,2019/2020,EDWARD STREET,VICTORIA STREET,,Non-Injury Crash,No,2020,0.0,Null,0.0,0,0.0,Null,0.0,,0.0,,0.0,Dark,2131300,0,0.0,0.0,2.0,0.0,0.0,0.0,0.0,1.0,,0.0,0.0,Wellington Region,Nil,2-way,Sealed,0.0,0.0,0,0.0,50.0,0.0,Null,0.0,0.0,,47,Wellington City,Nil,0.0,0.0,0.0,0.0,0.0,0.0,Urban,0.0,0.0,0.0,Null,Null,1
66442153,,573000,0.0,,0.0,1.0,,Null,2019/2020,LAMBTON QUAY,WARING TAYLOR STREET,,Non-Injury Crash,No,2019,,North,,0,,Flat,,,,,,Overcast,2124000,0,0.0,0.0,2.0,,,0.0,,,,,,Wellington Region,Nil,1-way,Sealed,,0.0,0,,30.0,,Off,0.0,0.0,,47,Wellington City,Nil,,,,,0.0,0.0,Urban,1.0,,,Fine,Null,0
66442180,,572702,0.0,0.0,0.0,1.0,0.0,South,2020/2021,JOHNSONVILLE PORIRUA MOTORWAY,PED SUBWAY,,Non-Injury Crash,Yes,2020,1.0,South,0.0,0,0.0,Flat,0.0,,0.0,,0.0,Bright sun,1996400,0,0.0,0.0,4.0,0.0,0.0,0.0,0.0,0.0,,0.0,0.0,Wellington Region,Nil,2-way,Sealed,0.0,0.0,0,0.0,100.0,0.0,Off,0.0,0.0,,47,Wellington City,Unknown,0.0,0.0,0.0,0.0,0.0,0.0,Open,1.0,0.0,0.0,Fine,Null,1
66442182,,576903,0.0,,0.0,2.0,,North,2018/2019,KILBIRNIE CRESCENT,CHILDERS TERRACE,,Non-Injury Crash,No,2018,,South,,0,,Flat,,,,,,Overcast,2179102,0,0.0,0.0,2.0,,,0.0,,,,,,Wellington Region,Nil,2-way,Sealed,,0.0,0,,50.0,,Off,0.0,0.0,,47,Wellington City,Nil,,,,,0.0,0.0,Urban,0.0,,,Fine,Null,0
66442184,,574002,0.0,0.0,0.0,1.0,0.0,East,2019/2020,WELLINGTON URBAN MOTORWAY,NIMT OBR,,Non-Injury Crash,Yes,2020,0.0,South,0.0,0,0.0,Null,0.0,,0.0,,0.0,Unknown,2078302,0,0.0,0.0,4.0,1.0,0.0,0.0,0.0,0.0,,0.0,0.0,Wellington Region,Nil,2-way,Sealed,0.0,0.0,0,0.0,100.0,0.0,Null,0.0,0.0,,47,Wellington City,Unknown,0.0,0.0,0.0,0.0,0.0,0.0,Open,0.0,0.0,0.0,Null,Null,1
66442200,,575500,0.0,0.0,0.0,1.0,0.0,West,2019/2020,HOLLOWAY ROAD,RAROA ROAD,,Non-Injury Crash,No,2019,0.0,South,0.0,0,0.0,Null,0.0,,0.0,,0.0,Bright sun,2156500,0,0.0,0.0,2.0,0.0,0.0,0.0,0.0,1.0,,0.0,0.0,Wellington Region,Nil,2-way,Sealed,0.0,0.0,0,0.0,50.0,0.0,Off,0.0,0.0,,47,Wellington City,Nil,0.0,0.0,0.0,0.0,0.0,0.0,Urban,0.0,0.0,0.0,Fine,Null,0
66442272,,573101,0.0,0.0,0.0,3.0,0.0,Null,2019/2020,DIXON STREET,EVA STREET,,Non-Injury Crash,No,2019,0.0,West,0.0,0,0.0,Flat,0.0,Christmas New Year,0.0,,0.0,Bright sun,2133401,0,0.0,1.0,1.0,0.0,0.0,0.0,0.0,1.0,,0.0,0.0,Wellington Region,Nil,1-way,Sealed,0.0,0.0,0,0.0,50.0,0.0,Off,0.0,0.0,,47,Wellington City,Nil,0.0,0.0,0.0,0.0,0.0,0.0,Urban,0.0,0.0,0.0,Fine,Null,0
66442354,,573400,0.0,0.0,0.0,0.0,0.0,Null,2019/2020,ARMOUR AVENUE,PORRITT AVENUE,,Non-Injury Crash,No,2020,0.0,East,0.0,0,0.0,Null,0.0,,0.0,,0.0,Twilight,2142600,0,0.0,0.0,2.0,0.0,0.0,0.0,0.0,1.0,,0.0,0.0,Wellington Region,Nil,2-way,Sealed,0.0,0.0,0,0.0,50.0,0.0,Null,1.0,0.0,,47,Wellington City,Nil,0.0,0.0,0.0,0.0,0.0,0.0,Urban,0.0,0.0,0.0,Fine,Null,1
66442434,,576001,0.0,,0.0,1.0,,Null,2019/2020,THE PARADE,DEE STREET,,Non-Injury Crash,No,2019,,North,,0,,Flat,,,,,,Overcast,2193400,0,0.0,1.0,2.0,,,0.0,,,,,,Wellington Region,Nil,2-way,Sealed,,0.0,0,,50.0,,Off,0.0,0.0,,47,Wellington City,Give way,,,,,0.0,0.0,Urban,0.0,,,Fine,Null,0
66442451,,573801,0.0,,0.0,1.0,,East,2020/2021,TERRANCE GROVE,MARK AVENUE,,Non-Injury Crash,No,2020,,West,,0,,Flat,,,,,,Overcast,2079300,0,0.0,0.0,2.0,,,0.0,,,,,,Wellington Region,Nil,2-way,Sealed,,0.0,0,,50.0,,Off,0.0,0.0,,47,Wellington City,Nil,,,,,1.0,0.0,Urban,0.0,,,Fine,Null,1
66442473,,573000,1.0,,0.0,1.0,,Null,2018/2019,HUNTER STREET,JERVOIS QUAY,,Non-Injury Crash,No,2019,,East,,0,,Flat,,,,,,Bright sun,2125900,0,0.0,0.0,2.0,,,0.0,,,,,,Wellington Region,Nil,1-way,Sealed,,0.0,0,,50.0,,Off,0.0,0.0,,47,Wellington City,Traffic Signals,,,,,0.0,0.0,Urban,0.0,,,Fine,Null,0
66442499,,574001,0.0,,0.0,1.0,,South,2020/2021,CENTENNIAL HIGHWAY,JOHNSONVILLE ON RAMP,,Non-Injury Crash,Yes,2020,,Null,,0,,Hill Road,,,,,,Overcast,2077600,0,0.0,0.0,3.0,,,0.0,,,,,,Wellington Region,Bridge,1-way,Sealed,,0.0,0,,80.0,,Off,0.0,0.0,,47,Wellington City,Nil,,,,,0.0,0.0,Open,0.0,,,Fine,Strong wind,1
66442521,,576903,0.0,0.0,0.0,3.0,0.0,South,2020/2021,EVANS BAY PARADE,BELVEDERE ROAD,,Non-Injury Crash,No,2020,0.0,South,0.0,0,0.0,Flat,0.0,,0.0,,0.0,Dark,2179800,0,0.0,0.0,2.0,0.0,0.0,0.0,0.0,2.0,,0.0,0.0,Wellington Region,Nil,2-way,Sealed,0.0,0.0,0,0.0,50.0,0.0,On,0.0,0.0,,47,Wellington City,Unknown,0.0,0.0,0.0,0.0,0.0,0.0,Urban,0.0,0.0,0.0,Light rain,Null,1
66442533,,572900,0.0,,0.0,2.0,,Null,2019/2020,TINAKORI ROAD,BOWEN STREET,,Non-Injury Crash,No,2019,,North,,0,,Flat,,,,,,Unknown,2123400,0,0.0,0.0,2.0,,,0.0,,,,,,Wellington Region,Nil,2-way,Sealed,,0.0,0,,50.0,,Null,0.0,0.0,,47,Wellington City,Traffic Signals,,,,,0.0,0.0,Urban,0.0,,,Null,Null,0
66442578,,577200,0.0,0.0,0.0,1.0,0.0,North,2019/2020,LIVERPOOL STREET ,CRAWFORD GREEN,,Non-Injury Crash,No,2019,0.0,South,0.0,0,0.0,Flat,0.0,,0.0,,0.0,Overcast,2208800,0,0.0,0.0,2.0,0.0,0.0,0.0,0.0,1.0,,0.0,0.0,Wellington Region,Nil,2-way,Sealed,0.0,0.0,0,0.0,50.0,0.0,Off,0.0,0.0,,47,Wellington City,Nil,0.0,0.0,0.0,0.0,0.0,0.0,Urban,0.0,0.0,0.0,Null,Null,0
66442600,,573000,0.0,,0.0,1.0,,South,2019/2020,LADY ELIZABETH LANE,WATERLOO QUAY,,Serious Crash,No,2020,,South,,0,,Flat,,,,,,Bright sun,2124300,0,0.0,0.0,4.0,,,0.0,,,1.0,,,Wellington Region,Nil,2-way,Sealed,,0.0,1,,20.0,,Off,0.0,1.0,,47,Wellington City,Nil,,,,,0.0,0.0,Urban,0.0,,,Fine,Null,1
66442638,,572900,0.0,,0.0,2.0,,South,2019/2020,THORNDON QUAY,DAVIS STREET,,Non-Injury Crash,No,2020,,South,,0,,Flat,,,,,,Dark,2118300,0,0.0,0.0,2.0,,,0.0,,,,,,Wellington Region,Nil,2-way,Sealed,,0.0,0,,50.0,,On,0.0,0.0,,47,Wellington City,Nil,,,,,0.0,0.0,Urban,0.0,,,Fine,Null,1
66442647,,574303,0.0,,0.0,3.0,,West,2019/2020,WELLINGTON URBAN MOTORWAY,NGAURANGA ON NBD OBR,,Non-Injury Crash,Yes,2020,,East,,0,,Hill Road,,,,,,Twilight,2090402,0,0.0,0.0,4.0,,,0.0,,,,,,Wellington Region,Nil,1-way,Sealed,,0.0,0,,100.0,,On,0.0,0.0,,47,Wellington City,Nil,,,,,0.0,0.0,Open,0.0,,,Fine,Null,1
66442663,,577000,1.0,,0.0,1.0,,West,2020/2021,LYALL PARADE,TIRANGI ROAD,,Minor Crash,No,2020,,West,,0,,Flat,,,,,,Overcast,2175502,1,0.0,0.0,2.0,,,0.0,,,,,,Wellington Region,Nil,2-way,Sealed,,0.0,0,,50.0,,Off,0.0,0.0,,47,Wellington City,Nil,,,,,0.0,0.0,Urban,0.0,,,Fine,Null,1
66442700,,576903,0.0,0.0,0.0,1.0,0.0,South,2019/2020,CRAWFORD ROAD,TULLY STREET,,Non-Injury Crash,No,2020,0.0,South,0.0,0,0.0,Null,0.0,,0.0,,0.0,Overcast,2179200,0,0.0,0.0,2.0,0.0,0.0,1.0,0.0,1.0,,0.0,0.0,Wellington Region,Nil,2-way,Null,0.0,0.0,0,0.0,50.0,0.0,Null,0.0,0.0,,47,Wellington City,Nil,0.0,0.0,0.0,0.0,0.0,0.0,Urban,0.0,0.0,0.0,Null,Null,1
66442719,,575200,0.0,0.0,0.0,2.0,0.0,South,2019/2020,GARDEN ROAD,MILITARY ROAD,,Non-Injury Crash,No,2020,0.0,North,0.0,0,0.0,Null,0.0,,0.0,,0.0,Unknown,2151500,0,0.0,0.0,2.0,0.0,0.0,0.0,0.0,1.0,,0.0,0.0,Wellington Region,Nil,2-way,Sealed,0.0,0.0,0,0.0,50.0,0.0,Null,0.0,0.0,,47,Wellington City,Nil,0.0,0.0,0.0,0.0,0.0,0.0,Urban,0.0,0.0,0.0,Null,Null,1
66442765,,573101,0.0,,0.0,1.0,,Null,2018/2019,VIVIAN STREET,TARANAKI STREET,,Non-Injury Crash,Yes,2019,,East,,0,,Flat,,Easter,,,,Dark,2133700,0,0.0,0.0,2.0,,,0.0,,,,,,Wellington Region,Nil,1-way,Sealed,,0.0,0,,50.0,,On,0.0,0.0,,47,Wellington City,Traffic Signals,,,,,0.0,0.0,Urban,1.0,,,Fine,Null,0
66442782,,576500,0.0,,0.0,2.0,,South,2019/2020,ADELAIDE RD,DRUMMOND STREET,,Minor Crash,No,2019,,North,,0,,Hill Road,,,,,,Bright sun,2148400,1,0.0,1.0,4.0,,,0.0,,,,,,Wellington Region,Nil,2-way,Sealed,,0.0,0,,50.0,,Off,0.0,0.0,,47,Wellington City,Nil,,,,,0.0,0.0,Urban,0.0,,,Fine,Null,0
66442792,,576301,0.0,0.0,0.0,1.0,0.0,North,2019/2020,RINTOUL STREET,MILLWARD STREET,,Non-Injury Crash,No,2020,0.0,South,0.0,0,0.0,Flat,0.0,,0.0,,0.0,Overcast,2165000,0,0.0,0.0,2.0,0.0,0.0,0.0,0.0,1.0,,0.0,0.0,Wellington Region,Nil,2-way,Sealed,0.0,0.0,0,0.0,50.0,0.0,Null,0.0,0.0,,47,Wellington City,Nil,0.0,0.0,0.0,0.0,0.0,0.0,Urban,0.0,0.0,0.0,Null,Null,1
66442808,,576901,0.0,,0.0,2.0,,Null,2019/2020,SALEK STREET,COUTTS STREET,,Non-Injury Crash,No,2019,,South,,0,,Flat,,,,,,Unknown,2175800,0,0.0,0.0,2.0,,,0.0,,,,,,Wellington Region,Nil,2-way,Sealed,,0.0,0,,50.0,,Null,0.0,0.0,,47,Wellington City,Stop,,,,,0.0,0.0,Urban,0.0,,,Null,Null,0
66442836,,573514,0.0,0.0,0.0,2.0,0.0,Null,2019/2020,ABILENE CRESCENT,JARVIE GROVE,,Non-Injury Crash,No,2020,0.0,North,0.0,0,0.0,Hill Road,0.0,,0.0,,0.0,Dark,2086610,0,0.0,0.0,2.0,0.0,0.0,0.0,0.0,1.0,,0.0,0.0,Wellington Region,Nil,2-way,Sealed,0.0,0.0,0,0.0,50.0,0.0,On,0.0,0.0,,47,Wellington City,Nil,0.0,0.0,0.0,0.0,0.0,0.0,Urban,0.0,0.0,0.0,Fine,Null,1
66442885,,573523,0.0,0.0,0.0,1.0,0.0,South,2019/2020,JOHNSONVILLE PORIRUA MOTORWAY,TAWA-GRENADA NORTH ON RAMP,,Non-Injury Crash,Yes,2020,0.0,South,0.0,0,0.0,Flat,1.0,,0.0,,0.0,Dark,2086312,0,0.0,0.0,2.0,0.0,0.0,0.0,0.0,0.0,,0.0,0.0,Wellington Region,Nil,1-way,Sealed,0.0,0.0,0,0.0,100.0,0.0,On,0.0,0.0,,47,Wellington City,Unknown,0.0,0.0,0.0,0.0,0.0,0.0,Open,0.0,0.0,0.0,Fine,Null,1
66442895,,572500,0.0,0.0,0.0,2.0,0.0,North,2019/2020,REDWOOD AVENUE,MCKEEFRY GROVE,,Non-Injury Crash,No,2019,0.0,South,0.0,0,0.0,Flat,0.0,,0.0,,0.0,Overcast,1986100,0,0.0,0.0,2.0,0.0,0.0,0.0,0.0,1.0,,0.0,0.0,Wellington Region,Nil,2-way,Sealed,0.0,0.0,0,0.0,50.0,0.0,Off,0.0,0.0,,47,Wellington City,Unknown,0.0,0.0,0.0,0.0,0.0,0.0,Urban,0.0,0.0,0.0,Fine,Null,0
66442905,,576400,1.0,,0.0,1.0,,West,2019/2020,CRAWFORD RD,DUNCAN TERRACE,,Minor Crash,No,2019,,North,,0,,Hill Road,,,,,,Bright sun,2169500,1,0.0,0.0,2.0,,,0.0,,,,,,Wellington Region,Nil,2-way,Sealed,,0.0,0,,50.0,,Off,0.0,0.0,,47,Wellington City,Unknown,,,,,0.0,0.0,Urban,0.0,,,Fine,Null,0
66442923,,573300,0.0,,0.0,1.0,,Null,2020/2021,SUSSEX STREET,RUGBY STREET,,Minor Crash,No,2020,,West,,0,,Hill Road,,,,,,Dark,2145700,1,0.0,0.0,2.0,,,0.0,,,1.0,,,Wellington Region,Nil,2-way,Sealed,,0.0,0,,50.0,,On,0.0,1.0,,47,Wellington City,Nil,,,,,0.0,0.0,Urban,0.0,,,Fine,Null,1
66442989,,573000,0.0,0.0,0.0,2.0,0.0,North,2018/2019,WILLIS STREET,MERCER STREET,,Non-Injury Crash,No,2019,0.0,Null,0.0,0,0.0,Flat,0.0,,0.0,,0.0,Unknown,2127700,0,0.0,0.0,2.0,0.0,0.0,0.0,0.0,1.0,,0.0,0.0,Wellington Region,Nil,2-way,Sealed,0.0,0.0,0,0.0,30.0,0.0,Null,0.0,0.0,,47,Wellington City,Unknown,0.0,0.0,0.0,0.0,0.0,0.0,Urban,0.0,0.0,0.0,Null,Null,0
66443005,,576901,0.0,,0.0,0.0,,Null,2018/2019,BRIDGE STREET,GAUDIN STREET,,Non-Injury Crash,No,2019,,South,,0,,Flat,,,,,,Overcast,2176100,0,0.0,0.0,2.0,,,0.0,,,,,,Wellington Region,Nil,2-way,Sealed,,0.0,0,,50.0,,Off,1.0,0.0,,47,Wellington City,Give way,,,,,0.0,0.0,Urban,1.0,,,Fine,Null,0
66443041,,573101,0.0,,0.0,0.0,,Null,2019/2020,COURTENAY PLACE,BLAIR STREET,,Non-Injury Crash,No,2020,,East,,0,,Flat,,,,,,Unknown,2135700,0,0.0,0.0,2.0,,,0.0,,,1.0,,,Wellington Region,Nil,1-way,Sealed,,0.0,0,,30.0,,Null,0.0,0.0,,47,Wellington City,Nil,,,,,0.0,0.0,Urban,1.0,,,Fine,Null,1