OBJECTID,advisorySpeed,areaUnitID,bicycle,bridge,bus,carStationWagon,cliffBank,crashDirectionDescription,crashFinancialYear,crashLocation1,crashLocation2,crashRoadSideRoad,crashSeverity,crashSHDescription,crashYear,debris,directionRoleDescription,ditch,fatalCount,fence,flatHill,guardRail,holiday,houseOrBuilding,intersection,kerb,light,meshblockId,minorInjuryCount,moped,motorcycle,NumberOfLanes,objectThrownOrDropped,otherObject,otherVehicleType,overBank,parkedVehicle,pedestrian,phoneBoxEtc,postOrPole,region,roadCharacter,roadLane,roadSurface,roadworks,schoolBus,seriousInjuryCount,slipOrFlood,speedLimit,strayAnimal,streetLight,suv,taxi,temporarySpeedLimit,tlaId,tlaName,trafficControl,trafficIsland,trafficSign,train,tree,truck,unknownVehicleType,urban,vanOrUtility,vehicle,waterRiver,weatherA,weatherB,if_pandemic
66443047,,573511,0.0,0.0,0.0,0.0,1.0,South,2019/2020,CHURTON PARK-GLENSIDE ON RAMP,JOHNSONVILLE PORIRUA MOTORWAY,,Non-Injury Crash,No,2019,0.0,North,0.0,0,0.0,Flat,0.0,,0.0,,0.0,Bright sun,2086203,0,0.0,0.0,4.0,0.0,0.0,0.0,0.0,0.0,,0.0,0.0,Wellington Region,Motorway ramp,2-way,Sealed,0.0,0.0,0,0.0,100.0,0.0,Off,0.0,0.0,,47,Wellington City,Unknown,0.0,0.0,0.0,0.0,0.0,0.0,Open,1.0,0.0,0.0,Fine,Strong wind,0
66443050,,576901,0.0,,0.0,1.0,,East,2019/2020,COUTTS STREET,BAY ROAD,,Non-Injury Crash,No,2019,,East,,0,,Null,,Labour Weekend,,,,Unknown,2178500,0,0.0,0.0,2.0,,,0.0,,,,,,Wellington Region,Nil,2-way,Sealed,,0.0,0,,30.0,,Null,0.0,0.0,,47,Wellington City,Nil,,,,,0.0,0.0,Urban,0.0,,,Null,Null,0
66443067,,573522,0.0,,0.0,0.0,,Null,2019/2020,TAWA-GRENADA NORTH OFF RAMP,TAKAPU ROAD,,Non-Injury Crash,No,2020,,North,,0,,Flat,,,,,,Overcast,2053703,0,0.0,0.0,2.0,,,0.0,,,,,,Wellington Region,Motorway ramp,1-way,Sealed,,0.0,0,,50.0,,Off,1.0,0.0,,47,Wellington City,Give way,,,,,0.0,0.0,Urban,1.0,,,Fine,Null,1
66443081,,577000,0.0,0.0,1.0,1.0,0.0,Null,2019/2020,TIRANGI ROAD,GEORGE BOLT STREET,,Non-Injury Crash,No,2019,0.0,South,0.0,0,0.0,Null,0.0,,0.0,,0.0,Unknown,2175502,0,0.0,0.0,0.0,0.0,0.0,0.0,0.0,1.0,,0.0,0.0,Wellington Region,Nil,Null,Null,0.0,0.0,0,0.0,,0.0,Null,0.0,0.0,,47,Wellington City,Unknown,0.0,0.0,0.0,0.0,0.0,0.0,Urban,0.0,0.0,0.0,Null,Null,0
66443100,,573700,0.0,0.0,0.0,2.0,0.0,Null,2019/2020,CORTINA AVENUE,ERRIS STREET,,Non-Injury Crash,No,2019,0.0,North,0.0,0,0.0,Hill Road,0.0,,0.0,,0.0,Overcast,2086709,0,0.0,0.0,2.0,0.0,0.0,0.0,0.0,1.0,,0.0,0.0,Wellington Region,Nil,2-way,Sealed,0.0,0.0,0,0.0,50.0,0.0,Off,0.0,0.0,,47,Wellington City,Nil,0.0,0.0,0.0,0.0,0.0,0.0,Urban,0.0,0.0,0.0,Light rain,Frost,0
66443112,,573000,0.0,,0.0,1.0,,North,2019/2020,BOULCOTT STREET,ATHOL CRESCENT,,Minor Crash,No,2020,,South,,0,,Hill Road,,,,,,Bright sun,2127700,1,0.0,0.0,2.0,,,0.0,,,1.0,,,Wellington Region,Nil,2-way,Sealed,,0.0,0,,50.0,,Off,0.0,0.0,,47,Wellington City,Unknown,,,,,0.0,0.0,Urban,0.0,,,Fine,Null,1
66443119,,573000,0.0,,0.0,1.0,,Null,2018/2019,LAMBTON QUAY,JOHNSTON STREET,,Non-Injury Crash,No,2019,,South,,0,,Flat,,,,,,Overcast,2125300,0,0.0,0.0,4.0,,,0.0,,,,,,Wellington Region,Nil,2-way,Sealed,,0.0,0,,30.0,,Off,0.0,0.0,,47,Wellington City,Traffic Signals,,,,,0.0,0.0,Urban,0.0,,,Fine,Null,0
66443122,,573514,0.0,0.0,0.0,0.0,0.0,Null,2019/2020,FURLONG CRESCENT,WESTCHESTER DRIVE,,Minor Crash,No,2020,0.0,South,0.0,0,0.0,Hill Road,0.0,,0.0,,0.0,Bright sun,2086730,1,0.0,1.0,2.0,0.0,0.0,0.0,0.0,0.0,,0.0,0.0,Wellington Region,Nil,2-way,Sealed,0.0,0.0,0,0.0,50.0,0.0,Off,0.0,0.0,,47,Wellington City,Nil,0.0,0.0,0.0,1.0,0.0,0.0,Urban,0.0,0.0,0.0,Fine,Null,1
66443131,,573101,0.0,,0.0,2.0,,Null,2020/2021,TARANAKI STREET,WIGAN STREET,,Non-Injury Crash,No,2020,,North,,0,,Hill Road,,,,,,Dark,2134900,0,0.0,0.0,3.0,,,0.0,,,,,,Wellington Region,Nil,2-way,Sealed,,0.0,0,,50.0,,On,0.0,0.0,,47,Wellington City,Nil,,,,,0.0,0.0,Urban,0.0,,,Fine,Null,1
66443162,,575800,0.0,,0.0,2.0,,South,2019/2020,MONTREAL GROVE,VANCOUVER STREET,,Non-Injury Crash,No,2019,,North,,0,,Null,,,,,,Overcast,2197201,0,0.0,0.0,2.0,,,0.0,,,,,,Wellington Region,Nil,2-way,Sealed,,0.0,0,,50.0,,Off,0.0,0.0,,47,Wellington City,Nil,,,,,0.0,0.0,Urban,0.0,,,Null,Null,0
66443181,,576400,0.0,0.0,0.0,2.0,0.0,Null,2019/2020,ROY STREET,MANSFIELD STREET,,Non-Injury Crash,No,2019,0.0,North,0.0,0,0.0,Null,0.0,,0.0,,0.0,Bright sun,2171005,0,0.0,0.0,2.0,0.0,0.0,0.0,0.0,1.0,,0.0,0.0,Wellington Region,Nil,2-way,Sealed,0.0,0.0,0,0.0,50.0,0.0,Off,0.0,0.0,,47,Wellington City,Give way,0.0,0.0,0.0,0.0,0.0,0.0,Urban,0.0,0.0,0.0,Null,Null,0
66443196,,576301,0.0,0.0,0.0,1.0,0.0,South,2019/2020,HANSON STREET,JOHN STREET,,Non-Injury Crash,No,2019,0.0,North,0.0,0,0.0,Null,0.0,,0.0,,0.0,Unknown,2163300,0,0.0,0.0,0.0,0.0,0.0,0.0,0.0,1.0,,0.0,0.0,Wellington Region,Nil,Null,Null,0.0,0.0,0,0.0,,0.0,Null,1.0,0.0,,47,Wellington City,Unknown,0.0,0.0,0.0,0.0,0.0,0.0,Urban,0.0,0.0,0.0,Null,Null,0
66443238,,572500,0.0,0.0,0.0,1.0,0.0,North,2019/2020,01N-1050/06.30-D,TAWA-GRENADA NORTH ON RAMP,,Non-Injury Crash,Yes,2019,0.0,South,0.0,0,0.0,Flat,1.0,,0.0,,0.0,Dark,1986700,0,0.0,0.0,4.0,0.0,0.0,0.0,0.0,0.0,,0.0,0.0,Wellington Region,Nil,2-way,Sealed,0.0,0.0,0,0.0,100.0,0.0,On,0.0,0.0,,47,Wellington City,Unknown,0.0,0.0,0.0,0.0,0.0,0.0,Open,0.0,0.0,0.0,Light rain,Null,0
66443271,,576400,0.0,0.0,0.0,3.0,0.0,West,2019/2020,CONSTABLE STREET,COROMANDEL STREET,,Non-Injury Crash,No,2020,0.0,West,0.0,0,0.0,Hill Road,0.0,,0.0,,0.0,Dark,2169800,0,0.0,0.0,2.0,0.0,0.0,0.0,0.0,1.0,,0.0,0.0,Wellington Region,Nil,2-way,Sealed,0.0,0.0,0,0.0,50.0,0.0,On,0.0,0.0,,47,Wellington City,Nil,0.0,0.0,0.0,0.0,0.0,0.0,Urban,0.0,0.0,0.0,Fine,Null,1
66443292,,574500,0.0,,0.0,1.0,,North,2020/2021,HUTT ROAD,AOTEA QUAY,,Non-Injury Crash,No,2020,,North,,0,,Flat,,,,,,Bright sun,2093600,0,0.0,0.0,4.0,,,0.0,,,,,,Wellington Region,Nil,2-way,Sealed,,0.0,0,,60.0,,Off,0.0,0.0,,47,Wellington City,Unknown,,,,,1.0,0.0,Urban,0.0,,,Fine,Null,1
66443340,,572702,0.0,,0.0,0.0,,North,2019/2020,JOHNSONVILLE PORIRUA MOTORWAY,COLLINS OBR,,Non-Injury Crash,Yes,2019,,South,,0,,Hill Road,,,,,,Bright sun,2053813,0,0.0,0.0,2.0,,,0.0,,,,,,Wellington Region,Nil,2-way,Sealed,,0.0,0,,100.0,,Off,0.0,0.0,70.0,47,Wellington City,Unknown,,,,,0.0,0.0,Open,1.0,,,Fine,Null,0
66443349,,573000,0.0,0.0,0.0,1.0,0.0,Null,2019/2020,GREY STREET,FEATHERSTON STREET,,Non-Injury Crash,No,2019,0.0,North,0.0,0,0.0,Null,0.0,,0.0,,0.0,Unknown,2125700,0,0.0,0.0,2.0,0.0,0.0,0.0,0.0,1.0,,0.0,0.0,Wellington Region,Nil,2-way,Null,0.0,0.0,0,0.0,30.0,0.0,Null,0.0,0.0,,47,Wellington City,Traffic Signals,0.0,0.0,0.0,0.0,0.0,0.0,Urban,1.0,0.0,0.0,Null,Null,0
66443423,,573300,0.0,,0.0,2.0,,Null,2019/2020,RUGBY STREET,ADELAIDE ROAD,,Non-Injury Crash,Yes,2019,,West,,0,,Null,,,,,,Bright sun,2145602,0,0.0,0.0,0.0,,,0.0,,,,,,Wellington Region,Nil,Null,Sealed,,0.0,0,,,,Off,0.0,0.0,,47,Wellington City,Traffic Signals,,,,,0.0,0.0,Urban,0.0,,,Null,Null,0
66443429,,576500,0.0,,0.0,2.0,,West,2019/2020,MEIN STREET,DANIELL STREET,,Non-Injury Crash,No,2019,,East,,0,,Flat,,,,,,Bright sun,2149200,0,0.0,0.0,2.0,,,0.0,,,,,,Wellington Region,Nil,2-way,Sealed,,0.0,0,,40.0,,None,0.0,0.0,,47,Wellington City,Nil,,,,,0.0,0.0,Urban,0.0,,,Fine,Null,0
66443434,,573802,0.0,,0.0,2.0,,Null,2018/2019,HELSTON ROAD,STEWART DRIVE,,Non-Injury Crash,No,2018,,East,,0,,Flat,,,,,,Bright sun,2079100,0,0.0,0.0,2.0,,,0.0,,,,,,Wellington Region,Nil,2-way,Sealed,,0.0,0,,50.0,,Off,0.0,0.0,,47,Wellington City,Give way,,,,,0.0,0.0,Urban,0.0,,,Fine,Null,0
66443436,,576002,0.0,0.0,0.0,2.0,0.0,South,2019/2020,WITHAM STREET,FOYLE STREET,,Non-Injury Crash,No,2020,0.0,North,0.0,0,0.0,Flat,0.0,,0.0,,0.0,Bright sun,2194101,0,0.0,0.0,1.0,0.0,0.0,0.0,0.0,2.0,,0.0,0.0,Wellington Region,Nil,2-way,Sealed,0.0,0.0,0,0.0,50.0,0.0,Off,0.0,0.0,,47,Wellington City,Nil,0.0,0.0,0.0,0.0,0.0,0.0,Urban,1.0,0.0,0.0,Fine,Null,1
66443446,,576400,0.0,,0.0,1.0,,Null,2019/2020,CONSTABLE STREET,DANIELL STREET,,Minor Crash,No,2019,,East,,0,,Flat,,,,,,Overcast,2168400,1,0.0,0.0,2.0,,,0.0,,,,,,Wellington Region,Nil,2-way,Sealed,,0.0,0,,40.0,,Off,0.0,0.0,,47,Wellington City,Traffic Signals,,,,,0.0,0.0,Urban,1.0,,,Fine,Null,0
66443503,,572900,0.0,,0.0,1.0,,North,2019/2020,WATERLOO QUAY,PLATFORM 9 ENTRY,,Minor Crash,No,2020,,North,,0,,Flat,,,,,,Bright sun,2122700,1,0.0,0.0,6.0,,,0.0,,,,,,Wellington Region,Nil,2-way,Sealed,,0.0,0,,50.0,,Off,0.0,0.0,,47,Wellington City,Nil,,,,,0.0,0.0,Urban,1.0,,,Fine,Null,1
66443512,,572702,0.0,,0.0,2.0,,Null,2019/2020,COLLINS AVENUE,MAHOE STREET,,Minor Crash,No,2020,,North,,0,,Hill Road,,,,,,Twilight,2053813,1,0.0,0.0,2.0,,,0.0,,,,,,Wellington Region,Nil,2-way,Sealed,,0.0,0,,50.0,,None,0.0,0.0,,47,Wellington City,Give way,,,,,0.0,0.0,Urban,0.0,,,Fine,Null,1
66443521,,575300,0.0,0.0,0.0,1.0,0.0,West,2018/2019,UPLAND RD,ST MICHAELS CRESCENT,,Non-Injury Crash,No,2019,0.0,Null,0.0,0,0.0,Null,0.0,,0.0,,0.0,Unknown,2152201,0,0.0,0.0,2.0,0.0,0.0,0.0,0.0,1.0,,0.0,0.0,Wellington Region,Nil,2-way,Null,0.0,0.0,0,0.0,30.0,0.0,Null,0.0,0.0,,47,Wellington City,Unknown,0.0,0.0,0.0,0.0,0.0,1.0,Urban,0.0,0.0,0.0,Null,Null,0
66443550,,576903,0.0,,1.0,1.0,,Null,2019/2020,WELLINGTON ROAD,KILBIRNIE CRESCENT,,Non-Injury Crash,Yes,2019,,West,,0,,Null,,,,,,Unknown,2177900,0,0.0,0.0,3.0,,,0.0,,,,,,Wellington Region,Nil,1-way,Sealed,,1.0,0,,50.0,,Null,0.0,0.0,,47,Wellington City,Traffic Signals,,,,,0.0,0.0,Urban,0.0,,,Null,Null,0
66443572,,573600,0.0,0.0,0.0,0.0,0.0,Null,2019/2020,OHARIU ROAD,BASSETT ROAD,,Non-Injury Crash,No,2019,0.0,South,0.0,0,0.0,Flat,0.0,,0.0,,0.0,Bright sun,2080700,0,0.0,0.0,2.0,0.0,0.0,0.0,0.0,0.0,,0.0,1.0,Wellington Region,Nil,2-way,Sealed,0.0,0.0,0,0.0,50.0,0.0,Off,1.0,0.0,,47,Wellington City,Nil,1.0,0.0,0.0,0.0,0.0,0.0,Urban,0.0,0.0,0.0,Fine,Null,0
66443577,,573700,0.0,0.0,0.0,1.0,0.0,Null,2018/2019,JOHNSONVILLE ROAD,BRODERICK ROAD,,Non-Injury Crash,No,2019,0.0,South,0.0,0,0.0,Flat,0.0,,0.0,,0.0,Overcast,2082800,0,0.0,0.0,3.0,0.0,0.0,0.0,0.0,0.0,1.0,0.0,0.0,Wellington Region,Nil,2-way,Sealed,0.0,0.0,0,0.0,50.0,0.0,Off,0.0,0.0,,47,Wellington City,Traffic Signals,0.0,1.0,0.0,0.0,0.0,0.0,Urban,0.0,0.0,0.0,Fine,Null,0
66443623,,572600,0.0,0.0,0.0,1.0,0.0,South,2019/2020,JOHNSONVILLE PORIRUA MOTORWAY,PED SUBWAY,,Minor Crash,Yes,2020,0.0,North,0.0,0,0.0,Flat,1.0,,0.0,,0.0,Dark,1992700,1,0.0,0.0,4.0,0.0,0.0,0.0,0.0,0.0,,0.0,0.0,Wellington Region,Nil,2-way,Sealed,0.0,0.0,0,0.0,100.0,0.0,Off,0.0,0.0,,47,Wellington City,Unknown,0.0,0.0,0.0,0.0,0.0,0.0,Open,0.0,0.0,0.0,Fine,Null,1
66443625,,574303,0.0,,0.0,2.0,,Null,2018/2019,WELLINGTON URBAN MOTORWAY,HUTT ROAD,,Non-Injury Crash,Yes,2019,,South,,0,,Hill Road,,,,,,Overcast,2090402,0,0.0,0.0,3.0,,,0.0,,,,,,Wellington Region,Nil,1-way,Sealed,,0.0,0,,100.0,,Off,0.0,0.0,,47,Wellington City,Nil,,,,,0.0,0.0,Open,0.0,,,Fine,Null,0
66443629,,574002,0.0,,0.0,1.0,,North,2020/2021,HUTT ROAD,RAILYARD ENTRY,,Non-Injury Crash,Yes,2020,,South,,0,,Flat,,,,,,Dark,2078302,0,0.0,0.0,2.0,,,0.0,,,,,,Wellington Region,Nil,1-way,Sealed,,0.0,0,,100.0,,On,0.0,0.0,,47,Wellington City,Nil,,,,,0.0,0.0,Open,2.0,,,Fine,Null,1
66443650,,573000,0.0,,0.0,1.0,,Null,2019/2020,BALLANCE STREET,FEATHERSTON STREET,,Non-Injury Crash,No,2019,,South,,0,,Flat,,,,,,Bright sun,2125200,0,0.0,0.0,2.0,,,0.0,,,,,,Wellington Region,Nil,2-way,Sealed,,0.0,0,,50.0,,Off,0.0,0.0,,47,Wellington City,Give way,,,,,0.0,0.0,Urban,1.0,,,Fine,Null,0
66443656,,576901,0.0,0.0,1.0,0.0,0.0,Null,2019/2020,EVANS BAY PARADE,BAY ROAD ,,Non-Injury Crash,No,2019,0.0,North,0.0,0,1.0,Flat,0.0,,0.0,,0.0,Bright sun,2178000,0,0.0,0.0,2.0,0.0,0.0,0.0,0.0,0.0,,0.0,0.0,Wellington Region,Nil,2-way,Sealed,0.0,0.0,0,0.0,50.0,0.0,Off,0.0,0.0,,47,Wellington City,Traffic Signals,0.0,0.0,0.0,0.0,0.0,0.0,Urban,0.0,0.0,0.0,Fine,Null,0
66443667,,573400,0.0,,0.0,1.0,,Null,2020/2021,PATERSON STREET,DUFFERIN STREET,,Non-Injury Crash,Yes,2021,,North,,0,,Hill Road,,,,,,Unknown,2143300,0,0.0,0.0,4.0,,,0.0,,,1.0,,,Wellington Region,Nil,2-way,Sealed,,0.0,0,,50.0,,Null,0.0,0.0,,47,Wellington City,Traffic Signals,,,,,0.0,0.0,Urban,0.0,,,Null,Null,1
66443683,,574500,0.0,0.0,0.0,1.0,0.0,North,2020/2021,WELLINGTON URBAN MOTORWAY,AOTEA QUAY ON RAMP,,Minor Crash,Yes,2021,0.0,North,0.0,0,0.0,Hill Road,1.0,,0.0,,0.0,Dark,2093500,1,0.0,0.0,4.0,0.0,0.0,0.0,0.0,0.0,,0.0,0.0,Wellington Region,Nil,1-way,Sealed,0.0,0.0,0,0.0,100.0,0.0,On,0.0,0.0,,47,Wellington City,Unknown,0.0,0.0,0.0,0.0,0.0,0.0,Open,0.0,0.0,0.0,Fine,Null,1
66443684,,573000,0.0,,0.0,0.0,,Null,2019/2020,THE TERRACE,SALAMANCA ROAD,,Non-Injury Crash,No,2020,,North,,0,,Flat,,,,,,Unknown,2126900,0,0.0,0.0,3.0,,,0.0,,,,,,Wellington Region,Nil,2-way,Sealed,,0.0,0,,50.0,,On,1.0,0.0,,47,Wellington City,Traffic Signals,,,,,1.0,0.0,Urban,0.0,,,Fine,Null,1
66443702,,573000,0.0,,0.0,2.0,,Null,2019/2020,HUNTER STREET,JERVOIS QUAY,,Non-Injury Crash,No,2020,,East,,0,,Flat,,,,,,Dark,2125900,0,0.0,0.0,2.0,,,0.0,,,,,,Wellington Region,Nil,1-way,Sealed,,0.0,0,,50.0,,On,0.0,0.0,,47,Wellington City,Traffic Signals,,,,,0.0,0.0,Urban,0.0,,,Fine,Null,1
66443717,,575100,0.0,,0.0,1.0,,East,2019/2020,KARORI ROAD,CHAMBERLAIN ROAD,,Non-Injury Crash,No,2019,,East,,0,,Null,,,,,,Bright sun,2114300,0,0.0,1.0,2.0,,,0.0,,,,,,Wellington Region,Nil,2-way,Sealed,,0.0,0,,50.0,,Off,0.0,0.0,,47,Wellington City,Unknown,,,,,0.0,0.0,Urban,0.0,,,Null,Null,0
66443722,,573526,0.0,,0.0,3.0,,Null,2019/2020,002-0962/12.85-I,WEIGHT PIT,,Minor Crash,Yes,2019,,South,,0,,Flat,,,,,,Overcast,2077503,1,0.0,1.0,4.0,,,0.0,,,,,,Wellington Region,Nil,2-way,Sealed,,0.0,0,,100.0,,On,0.0,0.0,,47,Wellington City,Unknown,,,,,0.0,0.0,Open,0.0,,,Fine,Null,0
66443797,,576901,0.0,,0.0,1.0,,West,2019/2020,RONGOTAI ROAD,MAHORA STREET,,Non-Injury Crash,No,2020,,West,,0,,Flat,,,,,,Bright sun,2178200,0,0.0,0.0,1.0,,,0.0,,,1.0,,,Wellington Region,Nil,1-way,Sealed,,0.0,0,,50.0,,Off,0.0,0.0,,47,Wellington City,Isolated Pedestrian signal (non-intersection),,,,,0.0,0.0,Urban,0.0,,,Fine,Null,1
66443827,,576301,0.0,,0.0,2.0,,Null,2021/2022,RIDDIFORD STREET,NEWTOWN AVENUE,,Minor Crash,No,2021,,North,,0,,Flat,,,,,,Overcast,2165500,1,0.0,0.0,2.0,,,0.0,,,,,,Wellington Region,Nil,2-way,Sealed,,0.0,0,,40.0,,Off,0.0,0.0,,47,Wellington City,Give way,,,,,0.0,0.0,Urban,0.0,,,Fine,Null,1
66443840,,573700,0.0,0.0,0.0,1.0,0.0,North,2019/2020,JOHNSONVILLE ROAD,BRODERICK ROAD,,Non-Injury Crash,No,2019,0.0,North,0.0,0,0.0,Null,0.0,,0.0,,0.0,Unknown,2082800,0,0.0,0.0,0.0,0.0,0.0,0.0,0.0,1.0,,0.0,0.0,Wellington Region,Nil,Null,Null,0.0,0.0,0,0.0,,0.0,Null,0.0,0.0,,47,Wellington City,Unknown,0.0,0.0,0.0,0.0,0.0,1.0,Urban,0.0,0.0,0.0,Null,Null,0
66443852,,573511,0.0,0.0,0.0,1.0,0.0,North,2020/2021,MIDDLETON ROAD,RICHMOND HILL,,Minor Crash,No,2021,0.0,North,0.0,0,0.0,Flat,1.0,,0.0,,0.0,Dark,2086201,2,0.0,0.0,2.0,0.0,0.0,0.0,0.0,0.0,,0.0,0.0,Wellington Region,Nil,2-way,Sealed,0.0,0.0,0,0.0,70.0,0.0,None,0.0,0.0,,47,Wellington City,Nil,0.0,0.0,0.0,0.0,0.0,0.0,Urban,0.0,0.0,0.0,Fine,Null,1
66443856,,572900,0.0,,0.0,0.0,,North,2019/2020,AOTEA QUAY OFF RAMP,AOTEA QUAY,,Minor Crash,No,2020,,North,,0,,Flat,,,,,,Bright sun,2118400,1,0.0,0.0,4.0,,,0.0,,,,,,Wellington Region,Motorway ramp,2-way,Sealed,,0.0,0,,70.0,,Off,1.0,0.0,,47,Wellington City,Unknown,,,,,0.0,0.0,Urban,1.0,,,Fine,Null,1
66443882,,575600,0.0,0.0,0.0,1.0,0.0,South,2019/2020,ASHTON FITCHETT DR,WATERHOUSE DRIVE,,Minor Crash,No,2019,0.0,South,0.0,0,0.0,Hill Road,0.0,,0.0,,0.0,Twilight,2160102,1,0.0,1.0,2.0,0.0,0.0,0.0,0.0,1.0,,0.0,0.0,Wellington Region,Nil,2-way,Sealed,0.0,0.0,0,0.0,50.0,0.0,On,0.0,0.0,,47,Wellington City,Unknown,0.0,0.0,0.0,0.0,0.0,0.0,Urban,0.0,0.0,0.0,Fine,Null,0
66443975,,574401,0.0,0.0,0.0,2.0,0.0,West,2018/2019,AMAPUR DR,SIMLA CRESCENT,,Non-Injury Crash,No,2019,0.0,West,0.0,0,0.0,Null,0.0,,0.0,,0.0,Unknown,2087104,0,0.0,0.0,2.0,0.0,0.0,0.0,0.0,1.0,,0.0,0.0,Wellington Region,Nil,2-way,Null,0.0,0.0,0,0.0,50.0,0.0,Null,0.0,0.0,,47,Wellington City,Unknown,0.0,0.0,0.0,0.0,0.0,0.0,Urban,0.0,0.0,0.0,Null,Null,0
66444034,,576302,0.0,0.0,0.0,1.0,0.0,Null,2019/2020,LAVAUD STREET,RINTOUL STREET,,Non-Injury Crash,No,2019,0.0,Null,0.0,0,0.0,Null,0.0,,0.0,,0.0,Dark,2166100,0,0.0,0.0,2.0,0.0,0.0,0.0,0.0,1.0,,0.0,0.0,Wellington Region,Nil,2-way,Sealed,0.0,0.0,0,0.0,50.0,0.0,On,0.0,0.0,,47,Wellington City,Nil,0.0,0.0,0.0,0.0,0.0,1.0,Urban,0.0,0.0,0.0,Null,Null,0
66444084,,573526,0.0,0.0,0.0,1.0,0.0,West,2019/2020,HUTT ROAD,SERVICE STN NTH,,Non-Injury Crash,Yes,2020,0.0,North,0.0,0,0.0,Flat,1.0,,0.0,,0.0,Dark,2077503,0,0.0,0.0,5.0,0.0,0.0,0.0,0.0,0.0,,0.0,0.0,Wellington Region,Nil,2-way,Sealed,0.0,0.0,0,0.0,100.0,0.0,On,0.0,0.0,,47,Wellington City,Nil,0.0,0.0,0.0,0.0,0.0,0.0,Open,0.0,0.0,0.0,Light rain,Null,1
66444160,,573000,0.0,0.0,1.0,1.0,0.0,South,2020/2021,LAMBTON QUAY,PANAMA STREET,,Non-Injury Crash,No,2020,0.0,North,0.0,0,0.0,Null,0.0,,0.0,,0.0,Unknown,2125700,0,0.0,0.0,2.0,0.0,0.0,0.0,0.0,0.0,,0.0,0.0,Wellington Region,Nil,2-way,Sealed,0.0,0.0,0,0.0,30.0,0.0,Null,0.0,1.0,,47,Wellington City,Nil,0.0,0.0,0.0,0.0,0.0,0.0,Urban,0.0,1.0,0.0,Null,Null,1
66444167,,577102,2.0,,0.0,1.0,,Null,2019/2020,BROADWAY,MONORGAN ROAD,,Minor Crash,No,2020,,Null,,0,,Flat,,,,,,Bright sun,2215400,1,0.0,0.0,2.0,,,0.0,,,,,,Wellington Region,Nil,2-way,Sealed,,0.0,0,,50.0,,Off,0.0,0.0,,47,Wellington City,Give way,,,,,0.0,0.0,Urban,0.0,,,Fine,Null,1
66444172,,575200,1.0,0.0,0.0,1.0,0.0,Null,2020/2021,NORTHLAND ROAD,RANDWICK ROAD,,Minor Crash,No,2020,0.0,South,0.0,0,0.0,Hill Road,0.0,,0.0,,0.0,Overcast,2151000,1,0.0,0.0,2.0,0.0,0.0,0.0,0.0,1.0,,0.0,0.0,Wellington Region,Nil,2-way,Sealed,0.0,0.0,0,0.0,30.0,0.0,Off,0.0,0.0,,47,Wellington City,Stop,0.0,0.0,0.0,0.0,0.0,0.0,Urban,0.0,0.0,0.0,Fine,Strong wind,1
66444225,,574100,0.0,,0.0,2.0,,North,2020/2021,BURMA ROAD,JOHN SIMS DRIVE,,Non-Injury Crash,No,2020,,South,,0,,Flat,,,,,,Bright sun,2083900,0,0.0,0.0,2.0,,,0.0,,,,,,Wellington Region,Nil,2-way,Sealed,,0.0,0,,50.0,,Off,0.0,0.0,,47,Wellington City,Unknown,,,,,0.0,0.0,Urban,0.0,,,Fine,Null,1
66444233,,573700,0.0,,0.0,2.0,,South,2020/2021,JOHNSONVILLE ROAD,HAWEA STREET,,Non-Injury Crash,No,2020,,South,,0,,Flat,,,,,,Overcast,2082800,0,0.0,0.0,2.0,,,0.0,,,,,,Wellington Region,Nil,2-way,Sealed,,0.0,0,,50.0,,Off,0.0,0.0,,47,Wellington City,Nil,,,,,0.0,0.0,Urban,0.0,,,Fine,Null,1
66444264,,572900,0.0,,0.0,1.0,,North,2019/2020,WELLINGTON URBAN MOTORWAY,HAWKESTONE OBR,,Non-Injury Crash,Yes,2019,,South,,0,,Flat,,,,,,Overcast,2119500,0,0.0,0.0,3.0,,,0.0,,,,,,Wellington Region,Nil,1-way,Sealed,,0.0,0,,100.0,,Off,0.0,0.0,60.0,47,Wellington City,Unknown,,,,,0.0,0.0,Open,1.0,,,Light rain,Null,0
66444279,,572900,0.0,0.0,0.0,2.0,0.0,South,2020/2021,AOTEA QUAY OFF RAMP,WELLINGTON URBAN MOTORWAY,,Minor Crash,No,2021,0.0,South,0.0,0,0.0,Flat,1.0,,0.0,,0.0,Dark,2118400,2,0.0,0.0,3.0,0.0,0.0,0.0,0.0,0.0,,0.0,0.0,Wellington Region,Motorway ramp,1-way,Sealed,0.0,0.0,0,0.0,100.0,0.0,On,1.0,0.0,,47,Wellington City,Nil,0.0,0.0,0.0,0.0,0.0,0.0,Open,0.0,0.0,0.0,Heavy rain,Strong wind,1
66444291,,572900,0.0,,0.0,2.0,,Null,2019/2020,MURPHY STREET,MAY STREET,,Non-Injury Crash,No,2020,,South,,0,,Flat,,,,,,Bright sun,2119200,0,0.0,0.0,2.0,,,0.0,,,,,,Wellington Region,Nil,2-way,Sealed,,0.0,0,,50.0,,Off,0.0,0.0,,47,Wellington City,Give way,,,,,0.0,0.0,Urban,0.0,,,Fine,Null,1