OBJECTID,advisorySpeed,areaUnitID,bicycle,bridge,bus,carStationWagon,cliffBank,crashDirectionDescription,crashFinancialYear,crashLocation1,crashLocation2,crashRoadSideRoad,crashSeverity,crashSHDescription,crashYear,debris,directionRoleDescription,ditch,fatalCount,fence,flatHill,guardRail,holiday,houseOrBuilding,intersection,kerb,light,meshblockId,minorInjuryCount,moped,motorcycle,NumberOfLanes,objectThrownOrDropped,otherObject,otherVehicleType,overBank,parkedVehicle,pedestrian,phoneBoxEtc,postOrPole,region,roadCharacter,roadLane,roadSurface,roadworks,schoolBus,seriousInjuryCount,slipOrFlood,speedLimit,strayAnimal,streetLight,suv,taxi,temporarySpeedLimit,tlaId,tlaName,trafficControl,trafficIsland,trafficSign,train,tree,truck,unknownVehicleType,urban,vanOrUtility,vehicle,waterRiver,weatherA,weatherB,if_pandemic
66444299,,576901,0.0,,0.0,2.0,,Null,2020/2021,EVANS BAY PARADE,WELLINGTON ROAD,,Minor Crash,No,2020,,North,,0,,Flat,,,,,,Dark,2177800,1,0.0,0.0,2.0,,,0.0,,,,,,Wellington Region,Nil,2-way,Sealed,,0.0,0,,50.0,,On,0.0,0.0,,47,Wellington City,Traffic Signals,,,,,0.0,0.0,Urban,0.0,,,Fine,Null,1
66444323,,575300,1.0,,0.0,0.0,,Null,2020/2021,RAROA ROAD,HOLLOWAY ROAD,,Serious Crash,No,2021,,North,,0,,Hill Road,,,,,,Overcast,2156801,0,0.0,0.0,2.0,,,0.0,,,,,,Wellington Region,Nil,2-way,Sealed,,0.0,1,,50.0,,Off,0.0,0.0,,47,Wellington City,Give way,,,,,1.0,0.0,Urban,0.0,,,Fine,Null,1
66444346,,573700,1.0,,0.0,1.0,,Null,2020/2021,JOHNSONVILLE ROAD,CORLETT STREET,,Minor Crash,No,2020,,South,,0,,Flat,,,,,,Overcast,2083100,1,0.0,0.0,3.0,,,0.0,,,,,,Wellington Region,Bridge,2-way,Sealed,,0.0,0,,50.0,,Off,0.0,0.0,,47,Wellington City,Traffic Signals,,,,,0.0,0.0,Urban,0.0,,,Light rain,Null,1
66444360,,573000,0.0,,0.0,1.0,,North,2018/2019,WILLIS STREET,MERCER STREET,,Non-Injury Crash,No,2019,,Null,,0,,Flat,,,,,,Dark,2127700,0,0.0,0.0,2.0,,,0.0,,,,,,Wellington Region,Nil,2-way,Sealed,,0.0,0,,50.0,,On,0.0,0.0,,47,Wellington City,Unknown,,,,,0.0,0.0,Urban,1.0,,,Fine,Null,0
66444379,,576901,0.0,0.0,1.0,0.0,0.0,Null,2019/2020,BAY ROAD,EVANS BAY PARADE,,Non-Injury Crash,No,2020,0.0,North,0.0,0,0.0,Flat,0.0,,0.0,,0.0,Dark,2178000,0,0.0,0.0,3.0,0.0,0.0,0.0,0.0,0.0,,0.0,0.0,Wellington Region,Nil,2-way,Sealed,0.0,0.0,0,0.0,50.0,0.0,On,0.0,0.0,,47,Wellington City,Traffic Signals,0.0,1.0,0.0,0.0,0.0,0.0,Urban,0.0,0.0,0.0,Light rain,Strong wind,1
66444387,,574303,0.0,0.0,0.0,1.0,0.0,North,2019/2020,WELLINGTON URBAN MOTORWAY,ONSLOW RAIL OBR,,Minor Crash,Yes,2020,0.0,South,0.0,0,0.0,Flat,1.0,,0.0,,0.0,Overcast,2090402,2,0.0,0.0,7.0,0.0,0.0,0.0,0.0,0.0,,0.0,0.0,Wellington Region,Nil,2-way,Sealed,0.0,0.0,0,0.0,100.0,0.0,Off,0.0,0.0,,47,Wellington City,Unknown,0.0,0.0,0.0,0.0,1.0,0.0,Open,0.0,0.0,0.0,Fine,Null,1
66444406,,576400,0.0,0.0,0.0,1.0,0.0,South,2019/2020,OWEN STREET,SOMERSET AVENUE,,Non-Injury Crash,No,2019,0.0,Null,0.0,0,0.0,Null,0.0,Labour Weekend,0.0,,0.0,Bright sun,2167500,0,0.0,0.0,2.0,0.0,0.0,0.0,0.0,1.0,,0.0,0.0,Wellington Region,Nil,2-way,Sealed,0.0,0.0,0,0.0,40.0,0.0,Null,0.0,0.0,,47,Wellington City,Nil,0.0,0.0,0.0,0.0,0.0,0.0,Urban,0.0,0.0,0.0,Null,Null,0
66444458,,573514,0.0,,0.0,2.0,,North,2019/2020,MIDDLETON ROAD,SILVERBIRCH GROVE,,Non-Injury Crash,No,2019,,South,,0,,Flat,,Christmas New Year,,,,Overcast,2081100,0,0.0,0.0,2.0,,,0.0,,,,,,Wellington Region,Nil,2-way,Sealed,,0.0,0,,50.0,,Off,0.0,0.0,,47,Wellington City,Unknown,,,,,0.0,0.0,Urban,0.0,,,Fine,Null,0
66444466,,573101,0.0,0.0,0.0,2.0,0.0,South,2019/2020,WILLIS STREET,MANNERS STREET,,Non-Injury Crash,No,2019,0.0,South,0.0,0,0.0,Flat,0.0,,0.0,,0.0,Bright sun,2131300,0,0.0,0.0,2.0,0.0,0.0,0.0,0.0,1.0,,0.0,0.0,Wellington Region,Nil,2-way,Sealed,0.0,0.0,0,0.0,50.0,0.0,Off,1.0,0.0,,47,Wellington City,Unknown,0.0,0.0,0.0,0.0,0.0,0.0,Urban,0.0,0.0,0.0,Fine,Null,0
66444527,,576901,0.0,0.0,0.0,1.0,0.0,East,2020/2021,COBHAM DRIVE,TROY STREET,,Serious Crash,Yes,2021,0.0,East,0.0,0,0.0,Flat,0.0,,0.0,,0.0,Overcast,2176800,1,0.0,0.0,2.0,0.0,0.0,0.0,0.0,0.0,,0.0,0.0,Wellington Region,Nil,1-way,Sealed,0.0,0.0,1,0.0,70.0,0.0,On,0.0,0.0,,47,Wellington City,Unknown,1.0,0.0,0.0,0.0,0.0,0.0,Urban,0.0,0.0,0.0,Light rain,Null,1
66444542,,576600,0.0,0.0,0.0,3.0,0.0,West,2019/2020,ORIENTAL PARADE,FREYBERG POOL CPK ENT,,Non-Injury Crash,No,2019,0.0,East,0.0,0,0.0,Flat,0.0,,0.0,,0.0,Overcast,2137900,0,0.0,0.0,2.0,0.0,0.0,0.0,0.0,2.0,,0.0,0.0,Wellington Region,Nil,2-way,Sealed,0.0,0.0,0,0.0,40.0,0.0,Off,0.0,1.0,,47,Wellington City,Unknown,0.0,0.0,0.0,0.0,0.0,0.0,Urban,0.0,0.0,0.0,Light rain,Null,0
66444550,,576100,0.0,0.0,0.0,2.0,0.0,North,2019/2020,BUCKLEY ROAD,MELROSE ROAD,,Non-Injury Crash,No,2019,0.0,South,0.0,0,0.0,Hill Road,0.0,,0.0,,0.0,Dark,2194701,0,0.0,0.0,2.0,0.0,0.0,0.0,0.0,1.0,,0.0,0.0,Wellington Region,Nil,2-way,Sealed,0.0,0.0,0,0.0,50.0,0.0,On,0.0,0.0,,47,Wellington City,Nil,0.0,0.0,0.0,0.0,0.0,0.0,Urban,0.0,0.0,0.0,Fine,Null,0
66444584,,572900,0.0,0.0,0.0,1.0,0.0,North,2019/2020,TINAKORI RD,PARK STREET,,Non-Injury Crash,No,2019,0.0,Null,0.0,0,0.0,Null,0.0,,0.0,,0.0,Unknown,2118500,0,0.0,0.0,2.0,0.0,0.0,0.0,0.0,1.0,,0.0,0.0,Wellington Region,Nil,2-way,Sealed,0.0,0.0,0,0.0,50.0,0.0,Null,0.0,0.0,,47,Wellington City,Unknown,0.0,0.0,0.0,0.0,0.0,1.0,Urban,0.0,0.0,0.0,Null,Null,0
66444605,,573000,0.0,,0.0,1.0,,Null,2020/2021,WILLIS STREET,DIXON STREET ,,Non-Injury Crash,No,2021,,North,,0,,Flat,,,,,,Unknown,2130700,0,1.0,0.0,2.0,,,0.0,,,,,,Wellington Region,Nil,2-way,Sealed,,0.0,0,,30.0,,Null,0.0,0.0,,47,Wellington City,Traffic Signals,,,,,0.0,0.0,Urban,0.0,,,Null,Null,1
66444713,,573000,0.0,,0.0,1.0,,North,2019/2020,THE TERRACE,SALAMANCA ROAD,,Serious Crash,No,2020,,North,,0,,Hill Road,,,,,,Dark,2126900,0,0.0,0.0,2.0,,,0.0,,,1.0,,,Wellington Region,Nil,2-way,Sealed,,0.0,1,,50.0,,On,0.0,0.0,,47,Wellington City,Nil,,,,,0.0,0.0,Urban,0.0,,,Fine,Null,1
66444718,,573101,0.0,,0.0,2.0,,South,2018/2019,KENT TERRACE,BASIN TURN,,Non-Injury Crash,Yes,2019,,South,,0,,Flat,,,,,,Bright sun,2137000,0,0.0,0.0,4.0,,,0.0,,,,,,Wellington Region,Nil,1-way,Sealed,,0.0,0,,50.0,,Off,0.0,0.0,,47,Wellington City,Nil,,,,,0.0,0.0,Urban,0.0,,,Fine,Null,0
66444727,,576903,0.0,0.0,0.0,3.0,0.0,Null,2020/2021,MOXHAM AVENUE,KUPE STREET,,Non-Injury Crash,No,2021,0.0,North,0.0,0,0.0,Flat,0.0,,0.0,,0.0,Dark,2181500,0,0.0,0.0,2.0,0.0,0.0,0.0,0.0,2.0,,0.0,0.0,Wellington Region,Nil,2-way,Sealed,0.0,0.0,0,0.0,50.0,0.0,On,0.0,0.0,,47,Wellington City,Nil,0.0,0.0,0.0,0.0,0.0,0.0,Urban,0.0,0.0,0.0,Fine,Null,1
66444789,,576100,0.0,0.0,0.0,0.0,1.0,South,2020/2021,THE ESPLANADE,QUEENS DRIVE,,Minor Crash,No,2020,0.0,West,0.0,0,0.0,Flat,0.0,Christmas New Year,0.0,,0.0,Dark,2195800,1,0.0,0.0,2.0,0.0,0.0,0.0,0.0,0.0,,0.0,0.0,Wellington Region,Nil,2-way,Sealed,0.0,0.0,0,0.0,50.0,0.0,None,0.0,0.0,,47,Wellington City,Unknown,0.0,0.0,0.0,1.0,0.0,0.0,Urban,1.0,0.0,0.0,Fine,Strong wind,1
66444797,,574001,0.0,,0.0,1.0,,North,2020/2021,NEWLANDS ROAD,WESTLEIGH WAY,,Minor Crash,No,2021,,North,,0,,Flat,,,,,,Twilight,2076200,1,0.0,0.0,2.0,,,0.0,,,1.0,,,Wellington Region,Nil,2-way,Sealed,,0.0,0,,50.0,,Off,0.0,1.0,,47,Wellington City,Nil,,,,,0.0,0.0,Urban,0.0,,,Fine,Null,1
66444807,,573101,0.0,0.0,0.0,2.0,0.0,Null,2021/2022,VICTORIA STREET,VIVIAN STREET,,Minor Crash,No,2021,0.0,South,0.0,0,0.0,Hill Road,0.0,,0.0,,0.0,Overcast,2131600,2,0.0,0.0,2.0,0.0,0.0,0.0,0.0,1.0,,0.0,0.0,Wellington Region,Nil,1-way,Sealed,0.0,0.0,0,0.0,50.0,0.0,Off,1.0,0.0,,47,Wellington City,Traffic Signals,0.0,0.0,0.0,0.0,0.0,0.0,Urban,0.0,0.0,0.0,Light rain,Null,1
66444824,,574002,0.0,,0.0,4.0,,South,2019/2020,CENTENNIAL HIGHWAY,NEWLANDS ON RAMP,,Non-Injury Crash,Yes,2020,,South,,0,,Hill Road,,,,,,Twilight,2078304,0,0.0,0.0,3.0,,,0.0,,,,,,Wellington Region,Nil,1-way,Sealed,,0.0,0,,80.0,,On,0.0,0.0,60.0,47,Wellington City,Nil,,,,,1.0,0.0,Open,1.0,,,Light rain,Null,1
66444849,,576500,0.0,0.0,0.0,2.0,0.0,East,2020/2021,MEIN STREET,DANIELL STREET,,Non-Injury Crash,No,2020,0.0,East,0.0,0,0.0,Hill Road,0.0,,0.0,,0.0,Bright sun,2149200,0,0.0,0.0,2.0,1.0,0.0,0.0,0.0,0.0,,0.0,0.0,Wellington Region,Nil,2-way,Sealed,0.0,0.0,0,0.0,40.0,0.0,Off,0.0,0.0,,47,Wellington City,Nil,0.0,0.0,0.0,0.0,0.0,0.0,Urban,0.0,0.0,0.0,Fine,Null,1
66444871,,573700,0.0,,0.0,1.0,,East,2020/2021,DISRAELI STREET,JOHNSONVILLE ROAD,,Non-Injury Crash,No,2020,,Null,,0,,Flat,,,,,,Unknown,2083100,0,0.0,0.0,2.0,,,0.0,,,,,,Wellington Region,Nil,2-way,Sealed,,0.0,0,,50.0,,Null,0.0,0.0,,47,Wellington City,Nil,,,,,0.0,0.0,Urban,0.0,,,Null,Null,1
66444882,,573101,0.0,,0.0,1.0,,Null,2020/2021,VIVIAN STREET,CUBA STREET,,Minor Crash,Yes,2020,,East,,0,,Flat,,,,,,Dark,2132100,1,0.0,0.0,2.0,,,0.0,,,1.0,,,Wellington Region,Nil,1-way,Sealed,,0.0,0,,50.0,,On,0.0,1.0,,47,Wellington City,Traffic Signals,,,,,0.0,0.0,Urban,0.0,,,Fine,Null,1
66444943,,576400,0.0,0.0,0.0,1.0,0.0,East,2020/2021,CONSTABLE STREET,RIDDIFORD STREET,,Non-Injury Crash,No,2020,0.0,Null,0.0,0,0.0,Flat,0.0,,0.0,,0.0,Bright sun,2167300,0,0.0,0.0,2.0,0.0,0.0,0.0,0.0,1.0,,0.0,0.0,Wellington Region,Nil,2-way,Sealed,0.0,0.0,0,0.0,50.0,0.0,Off,0.0,0.0,,47,Wellington City,Nil,0.0,0.0,0.0,0.0,0.0,0.0,Urban,0.0,0.0,0.0,Fine,Null,1
66444961,,574800,0.0,0.0,0.0,4.0,0.0,North,2019/2020,CURTIS STREET,CHAYTOR STREET,,Non-Injury Crash,No,2020,0.0,South,0.0,0,0.0,Hill Road,0.0,,0.0,,0.0,Dark,2106100,0,0.0,0.0,2.0,0.0,0.0,0.0,0.0,2.0,,0.0,0.0,Wellington Region,Nil,2-way,Sealed,0.0,0.0,0,0.0,50.0,0.0,On,0.0,0.0,,47,Wellington City,Nil,0.0,0.0,0.0,0.0,0.0,0.0,Urban,0.0,0.0,0.0,Fine,Frost,1
66445006,,575100,0.0,0.0,0.0,3.0,0.0,North,2019/2020,CAMPBELL STREET,VERVIERS STREET,,Non-Injury Crash,No,2019,0.0,North,0.0,0,0.0,Flat,0.0,,0.0,,0.0,Dark,2114600,0,0.0,0.0,2.0,0.0,0.0,0.0,0.0,1.0,,0.0,0.0,Wellington Region,Nil,2-way,Sealed,0.0,0.0,0,0.0,50.0,0.0,On,0.0,0.0,,47,Wellington City,Nil,0.0,0.0,0.0,0.0,0.0,0.0,Urban,0.0,0.0,0.0,Light rain,Null,0
66445008,,573526,0.0,,0.0,1.0,,West,2019/2020,HUTT ROAD,HOROKIWI ROAD,,Non-Injury Crash,Yes,2019,,South,,0,,Flat,,,,,,Bright sun,2086403,0,0.0,0.0,4.0,,,0.0,,,,,,Wellington Region,Nil,2-way,Sealed,,0.0,0,,100.0,,Off,0.0,0.0,,47,Wellington City,Nil,,,,,0.0,0.0,Open,1.0,,,Fine,Null,0
66445025,,572900,0.0,,0.0,1.0,,East,2020/2021,PIPITEA STREET,MULGRAVE STREET,,Minor Crash,No,2020,,East,,0,,Flat,,,,,,Bright sun,2119100,1,0.0,0.0,2.0,,,0.0,,,1.0,,,Wellington Region,Nil,2-way,Sealed,,0.0,0,,50.0,,Off,0.0,1.0,,47,Wellington City,Nil,,,,,0.0,0.0,Urban,0.0,,,Fine,Null,1
66445045,,573101,0.0,,0.0,1.0,,East,2021/2022,COURTENAY PLACE,TARANAKI STREET,,Minor Crash,No,2021,,South,,0,,Flat,,,,,,Bright sun,2135600,1,0.0,0.0,1.0,,,0.0,,,1.0,,,Wellington Region,Nil,1-way,Sealed,,0.0,0,,30.0,,Off,0.0,0.0,,47,Wellington City,Nil,,,,,0.0,0.0,Urban,0.0,,,Fine,Null,1
66445057,,574500,0.0,,0.0,1.0,,North,2019/2020,WELLINGTON URBAN MOTORWAY,AOTEA QUAY ON RAMP,,Non-Injury Crash,Yes,2019,,North,,0,,Flat,,,,,,Bright sun,2093500,0,0.0,0.0,4.0,,,0.0,,,,,,Wellington Region,Nil,1-way,Sealed,,0.0,0,,100.0,,Off,1.0,0.0,,47,Wellington City,Nil,,,,,0.0,0.0,Open,0.0,,,Fine,Null,0
66445115,,573000,0.0,0.0,0.0,0.0,0.0,Null,2019/2020,MANING LANE,VICTORIA STREET,,Non-Injury Crash,No,2019,0.0,South,0.0,0,0.0,Null,0.0,,1.0,,0.0,Unknown,2127500,0,0.0,0.0,2.0,0.0,0.0,0.0,0.0,0.0,,0.0,0.0,Wellington Region,Nil,1-way,Sealed,0.0,0.0,0,0.0,50.0,0.0,Null,0.0,0.0,,47,Wellington City,Traffic Signals,0.0,0.0,0.0,0.0,1.0,0.0,Urban,0.0,0.0,0.0,Null,Null,0
66445128,,577102,0.0,0.0,0.0,0.0,0.0,South,2018/2019,MONORGAN RD,RAUKAWA STREET,,Non-Injury Crash,No,2019,0.0,Null,0.0,0,1.0,Null,0.0,,0.0,,0.0,Unknown,2214700,0,0.0,0.0,2.0,0.0,0.0,0.0,0.0,0.0,,0.0,0.0,Wellington Region,Nil,2-way,Sealed,0.0,0.0,0,0.0,50.0,0.0,Null,0.0,0.0,,47,Wellington City,Unknown,0.0,0.0,0.0,0.0,0.0,1.0,Urban,0.0,0.0,0.0,Null,Null,0
66445153,,577000,0.0,,1.0,1.0,,South,2019/2020,STEWART DUFF DRIVE,STATION DRIVE,,Non-Injury Crash,No,2019,,South,,0,,Flat,,,,,,Overcast,2175700,0,0.0,0.0,3.0,,,0.0,,,,,,Wellington Region,Nil,1-way,Sealed,,0.0,0,,20.0,,Off,0.0,1.0,,47,Wellington City,Unknown,,,,,0.0,0.0,Urban,0.0,,,Fine,Null,0
66445178,,576800,0.0,,0.0,1.0,,Null,2020/2021,TAURIMA STREET,RUAHINE STREET,,Minor Crash,No,2021,,West,,0,,Hill Road,,,,,,Dark,2181900,1,1.0,0.0,3.0,,,0.0,,,,,,Wellington Region,Nil,2-way,Sealed,,0.0,0,,50.0,,On,0.0,0.0,,47,Wellington City,Give way,,,,,0.0,0.0,Urban,0.0,,,Fine,Null,1
66445195,,574002,0.0,0.0,0.0,2.0,0.0,North,2020/2021,HUTT ROAD ON RAMP,CENTENNIAL HIGHWAY,,Non-Injury Crash,No,2020,0.0,North,0.0,0,0.0,Flat,0.0,,0.0,,0.0,Dark,2078302,0,0.0,0.0,2.0,0.0,0.0,0.0,0.0,1.0,,0.0,0.0,Wellington Region,Motorway ramp,1-way,Sealed,0.0,0.0,0,0.0,80.0,0.0,On,0.0,0.0,,47,Wellington City,Nil,0.0,0.0,0.0,0.0,0.0,0.0,Open,0.0,0.0,0.0,Fine,Null,1
66445219,,576301,0.0,,0.0,1.0,,South,2020/2021,RIDDIFORD STREET,HOWELL AVENUE,,Non-Injury Crash,No,2020,,South,,0,,Flat,,,,,,Unknown,2163500,0,0.0,0.0,4.0,,,0.0,,,,,,Wellington Region,Nil,2-way,Sealed,,0.0,0,,50.0,,Null,1.0,0.0,,47,Wellington City,Unknown,,,,,0.0,0.0,Urban,0.0,,,Null,Null,1
66445242,,574302,0.0,,0.0,1.0,,Null,2020/2021,CASHMERE AVENUE,RAUMATI TERRACE,,Minor Crash,No,2020,,South,,0,,Hill Road,,,,,,Overcast,2090001,1,0.0,0.0,2.0,,,0.0,,,1.0,,,Wellington Region,Nil,2-way,Sealed,,0.0,0,,50.0,,Off,0.0,0.0,,47,Wellington City,Give way,,,,,0.0,0.0,Urban,0.0,,,Heavy rain,Null,1
66445248,,577601,0.0,0.0,0.0,1.0,1.0,South,2019/2020,NEVAY ROAD,MAIN ROAD,,Non-Injury Crash,No,2020,0.0,North,0.0,0,0.0,Flat,0.0,,0.0,,0.0,Bright sun,2201000,0,0.0,0.0,2.0,0.0,0.0,0.0,0.0,0.0,,0.0,0.0,Wellington Region,Nil,2-way,Sealed,0.0,0.0,0,0.0,50.0,0.0,Off,0.0,0.0,,47,Wellington City,Nil,0.0,0.0,0.0,0.0,0.0,0.0,Urban,0.0,0.0,0.0,Fine,Null,1
66445290,,576901,0.0,,0.0,1.0,,East,2019/2020,COBHAM DRIVE,EVANS BAY PARADE,,Non-Injury Crash,Yes,2020,,West,,0,,Flat,,,,,,Bright sun,2177800,0,0.0,0.0,3.0,,,1.0,,,,,,Wellington Region,Nil,1-way,Sealed,,0.0,0,,50.0,,Off,0.0,1.0,,47,Wellington City,Nil,,,,,0.0,0.0,Urban,0.0,,,Fine,Null,1
66445311,,574002,0.0,,0.0,1.0,,Null,2020/2021,HUTT ROAD OFF RAMP,HUTT ROAD ON RAMP,,Non-Injury Crash,No,2021,,North,,0,,Flat,,,,,,Dark,2078302,0,0.0,0.0,2.0,,,0.0,,,,,,Wellington Region,Nil,1-way,Sealed,,0.0,0,,100.0,,On,0.0,0.0,,47,Wellington City,Traffic Signals,,,,,1.0,0.0,Open,0.0,,,Fine,Null,1
66445317,,574302,0.0,0.0,0.0,0.0,0.0,South,2020/2021,AMRITSAR STREET,JUBILEE ROAD,,Non-Injury Crash,No,2020,0.0,North,0.0,0,0.0,Null,0.0,,0.0,,0.0,Unknown,2090603,0,0.0,0.0,2.0,0.0,0.0,1.0,0.0,1.0,,0.0,0.0,Wellington Region,Nil,2-way,Sealed,0.0,0.0,0,0.0,50.0,0.0,Null,0.0,0.0,,47,Wellington City,Unknown,0.0,0.0,0.0,0.0,0.0,0.0,Urban,0.0,0.0,0.0,Null,Null,1
66445324,,573400,0.0,0.0,0.0,1.0,0.0,North,2019/2020,ORIENTAL PARADE,CABLE STREET,,Non-Injury Crash,No,2020,0.0,South,0.0,0,0.0,Null,0.0,,0.0,,0.0,Unknown,2138800,0,0.0,0.0,0.0,0.0,0.0,0.0,0.0,1.0,,0.0,0.0,Wellington Region,Nil,Null,Null,0.0,0.0,0,0.0,,0.0,Null,0.0,0.0,,47,Wellington City,Unknown,0.0,0.0,0.0,0.0,0.0,0.0,Urban,0.0,0.0,0.0,Null,Null,1
66445348,,577200,1.0,,0.0,1.0,,East,2019/2020,MIRAMAR AVE,PORTSMOUTH ROAD,,Minor Crash,No,2019,,North,,0,,Flat,,,,,,Bright sun,2206200,1,0.0,0.0,2.0,,,0.0,,,,,,Wellington Region,Nil,2-way,Sealed,,0.0,0,,30.0,,Off,0.0,0.0,,47,Wellington City,Nil,,,,,0.0,0.0,Urban,0.0,,,Fine,Null,0
66445357,,576903,0.0,,0.0,2.0,,Null,2020/2021,WELLINGTON ROAD,HAMILTON ROAD,,Non-Injury Crash,Yes,2020,,East,,0,,Null,,,,,,Unknown,2180300,0,0.0,0.0,2.0,,,0.0,,,,,,Wellington Region,Nil,2-way,Sealed,,0.0,0,,50.0,,Null,0.0,0.0,,47,Wellington City,Traffic Signals,,,,,0.0,0.0,Urban,0.0,,,Null,Null,1
66445395,,576400,0.0,,0.0,1.0,,Null,2020/2021,RIDDIFORD STREET,NORMANBY STREET,,Minor Crash,No,2021,,North,,0,,Flat,,,,,,Overcast,2168500,1,0.0,0.0,2.0,,,0.0,,,1.0,,,Wellington Region,Nil,2-way,Sealed,,0.0,0,,40.0,,Off,0.0,0.0,,47,Wellington City,Give way,,,,,0.0,0.0,Urban,0.0,,,Light rain,Null,1
66445421,,572600,0.0,0.0,0.0,2.0,0.0,South,2020/2021,JOHNSONVILLE PORIRUA MOTORWAY,PED SUBWAY,,Non-Injury Crash,Yes,2020,0.0,North,0.0,0,0.0,Flat,0.0,,0.0,,0.0,Dark,1992400,0,0.0,0.0,2.0,0.0,0.0,0.0,0.0,0.0,,0.0,0.0,Wellington Region,Nil,1-way,Sealed,1.0,0.0,0,0.0,100.0,0.0,None,0.0,0.0,70.0,47,Wellington City,Unknown,0.0,0.0,0.0,0.0,0.0,0.0,Open,0.0,0.0,0.0,Fine,Null,1
66445438,,576400,0.0,0.0,0.0,3.0,0.0,North,2019/2020,CRAWFORD RD,DUNCAN TERRACE,,Non-Injury Crash,No,2019,0.0,South,0.0,0,0.0,Hill Road,0.0,,0.0,,0.0,Dark,2169402,0,0.0,0.0,2.0,0.0,0.0,0.0,0.0,2.0,,0.0,0.0,Wellington Region,Nil,2-way,Sealed,0.0,0.0,0,0.0,50.0,0.0,On,0.0,0.0,,47,Wellington City,Unknown,0.0,0.0,0.0,0.0,0.0,0.0,Urban,0.0,0.0,0.0,Light rain,Strong wind,0
66445467,,577102,0.0,0.0,0.0,0.0,0.0,North,2019/2020,KINGHORNE STREET,ELPHINSTONE AVENUE ,,Non-Injury Crash,No,2019,0.0,South,0.0,0,1.0,Null,0.0,,0.0,,0.0,Unknown,2214300,0,0.0,0.0,2.0,0.0,0.0,0.0,0.0,1.0,,0.0,0.0,Wellington Region,Nil,2-way,Sealed,0.0,0.0,0,0.0,50.0,0.0,Null,0.0,0.0,,47,Wellington City,Nil,0.0,0.0,0.0,0.0,0.0,0.0,Urban,1.0,0.0,0.0,Null,Null,0
66445545,,572900,0.0,0.0,0.0,1.0,0.0,South,2019/2020,AOTEA QUAY ON RAMP,AOTEA QUAY OBR,,Non-Injury Crash,No,2020,0.0,South,0.0,0,0.0,Hill Road,0.0,,0.0,,0.0,Overcast,2118400,0,0.0,0.0,2.0,0.0,0.0,1.0,0.0,0.0,,0.0,0.0,Wellington Region,Overpass,1-way,Sealed,0.0,0.0,0,0.0,20.0,0.0,Off,0.0,0.0,,47,Wellington City,Nil,1.0,1.0,0.0,0.0,0.0,0.0,Urban,0.0,0.0,0.0,Fine,Null,1
66445552,,576400,0.0,,0.0,2.0,,Null,2019/2020,CONSTABLE STREET,COROMANDEL STREET,,Non-Injury Crash,No,2020,,East,,0,,Hill Road,,,,,,Bright sun,2168000,0,0.0,0.0,2.0,,,0.0,,,,,,Wellington Region,Nil,2-way,Sealed,,0.0,0,,50.0,,Off,0.0,0.0,,47,Wellington City,Traffic Signals,,,,,0.0,0.0,Urban,0.0,,,Fine,Null,1
66445569,,573200,0.0,0.0,0.0,2.0,0.0,Null,2020/2021,ESSEX STREET,DEVON STREET,,Minor Crash,No,2020,0.0,West,0.0,0,0.0,Hill Road,0.0,,0.0,,0.0,Bright sun,2157300,1,0.0,0.0,2.0,0.0,0.0,0.0,0.0,1.0,1.0,0.0,0.0,Wellington Region,Nil,2-way,Sealed,0.0,0.0,0,0.0,50.0,0.0,Off,0.0,0.0,,47,Wellington City,Give way,0.0,0.0,0.0,0.0,0.0,0.0,Urban,0.0,0.0,0.0,Fine,Null,1
66445589,,573101,0.0,,0.0,1.0,,Null,2020/2021,WAKEFIELD STREET,JERVOIS QUAY,,Non-Injury Crash,No,2020,,South,,0,,Null,,,,,,Overcast,2133100,0,0.0,0.0,1.0,,,0.0,,,1.0,,,Wellington Region,Nil,1-way,Sealed,,0.0,0,,50.0,,Off,0.0,0.0,,47,Wellington City,Traffic Signals,,,,,0.0,0.0,Urban,0.0,,,Light rain,Null,1
66445597,,576800,0.0,,0.0,1.0,,West,2020/2021,EVANS BAY PARADE,PATENT SLIP,,Minor Crash,No,2021,,East,,0,,Flat,,,,,,Bright sun,2182503,1,1.0,0.0,2.0,,,0.0,,,,,,Wellington Region,Nil,2-way,Sealed,,0.0,0,,50.0,,Off,0.0,0.0,,47,Wellington City,Unknown,,,,,0.0,0.0,Urban,0.0,,,Fine,Null,1
66445653,,575100,0.0,,0.0,1.0,,Null,2020/2021,KARORI ROAD,MORLEY STREET,,Minor Crash,No,2021,,South,,0,,Hill Road,,,,,,Dark,2115301,1,0.0,0.0,2.0,,,0.0,,,1.0,,,Wellington Region,Nil,2-way,Sealed,,0.0,0,,50.0,,On,0.0,0.0,,47,Wellington City,Give way,,,,,0.0,0.0,Urban,0.0,,,Mist or Fog,Null,1
66445675,,573101,0.0,,0.0,2.0,,Null,2019/2020,COURTENAY PLACE,TORY STREET,,Non-Injury Crash,No,2020,,West,,0,,Flat,,,,,,Unknown,2136000,0,0.0,0.0,1.0,,,0.0,,,,,,Wellington Region,Nil,1-way,Sealed,,0.0,0,,30.0,,Null,0.0,0.0,,47,Wellington City,Traffic Signals,,,,,0.0,0.0,Urban,0.0,,,Null,Null,1
66445718,,576901,0.0,,0.0,1.0,,Null,2018/2019,COBHAM DRIVE,TROY STREET,,Non-Injury Crash,Yes,2019,,East,,0,,Flat,,,,,,Bright sun,2176800,0,0.0,0.0,4.0,,,0.0,,,,,,Wellington Region,Nil,2-way,Sealed,,0.0,0,,70.0,,Off,1.0,0.0,,47,Wellington City,Give way,,,,,0.0,0.0,Urban,0.0,,,Fine,Null,0