OBJECTID,advisorySpeed,areaUnitID,bicycle,bridge,bus,carStationWagon,cliffBank,crashDirectionDescription,crashFinancialYear,crashLocation1,crashLocation2,crashRoadSideRoad,crashSeverity,crashSHDescription,crashYear,debris,directionRoleDescription,ditch,fatalCount,fence,flatHill,guardRail,holiday,houseOrBuilding,intersection,kerb,light,meshblockId,minorInjuryCount,moped,motorcycle,NumberOfLanes,objectThrownOrDropped,otherObject,otherVehicleType,overBank,parkedVehicle,pedestrian,phoneBoxEtc,postOrPole,region,roadCharacter,roadLane,roadSurface,roadworks,schoolBus,seriousInjuryCount,slipOrFlood,speedLimit,strayAnimal,streetLight,suv,taxi,temporarySpeedLimit,tlaId,tlaName,trafficControl,trafficIsland,trafficSign,train,tree,truck,unknownVehicleType,urban,vanOrUtility,vehicle,waterRiver,weatherA,weatherB,if_pandemic
66445760,,572900,0.0,,0.0,2.0,,Null,2019/2020,TINAKORI ROAD,LEWISVILLE TERRACE,,Non-Injury Crash,No,2019,,North,,0,,Hill Road,,,,,,Dark,2121900,0,0.0,0.0,2.0,,,0.0,,,,,,Wellington Region,Nil,2-way,Sealed,,0.0,0,,50.0,,On,0.0,0.0,,47,Wellington City,Stop,,,,,0.0,0.0,Urban,0.0,,,Light rain,Null,0
66445772,,576500,0.0,,0.0,3.0,,Null,2019/2020,ADELAIDE ROAD,DRUMMOND STREET,,Non-Injury Crash,No,2019,,North,,0,,Flat,,,,,,Dark,2148400,0,0.0,0.0,3.0,,,0.0,,,,,,Wellington Region,Nil,2-way,Sealed,,0.0,0,,50.0,,On,0.0,1.0,,47,Wellington City,Traffic Signals,,,,,0.0,0.0,Urban,0.0,,,Light rain,Null,0
66445775,,573101,0.0,0.0,0.0,1.0,0.0,Null,2020/2021,TARANAKI STREET,JESSIE STREET,,Minor Crash,No,2021,0.0,North,0.0,0,0.0,Flat,0.0,,0.0,,0.0,Dark,2133800,1,0.0,0.0,4.0,0.0,0.0,0.0,0.0,0.0,,0.0,0.0,Wellington Region,Nil,2-way,Sealed,0.0,0.0,0,0.0,50.0,0.0,On,0.0,0.0,,47,Wellington City,Nil,0.0,1.0,0.0,0.0,0.0,0.0,Urban,0.0,0.0,0.0,Fine,Null,1
66445777,,576200,0.0,,0.0,2.0,,Null,2019/2020,LUXFORD STREET,ADELAIDE ROAD,,Non-Injury Crash,No,2019,,Null,,0,,Null,,,,,,Bright sun,2171600,0,0.0,0.0,2.0,,,0.0,,,,,,Wellington Region,Nil,2-way,Sealed,,0.0,0,,30.0,,Off,0.0,0.0,,47,Wellington City,Unknown,,,,,0.0,0.0,Urban,0.0,,,Fine,Null,0
66445821,,574002,0.0,0.0,0.0,3.0,0.0,North,2019/2020,WELLINGTON URBAN MOTORWAY,NGAURANGA ON NBD OBR,,Non-Injury Crash,Yes,2020,0.0,South,0.0,0,0.0,Flat,1.0,,0.0,,0.0,Overcast,2078302,0,0.0,0.0,2.0,0.0,0.0,0.0,0.0,0.0,,0.0,0.0,Wellington Region,Overpass,1-way,Sealed,0.0,0.0,0,0.0,100.0,0.0,Off,0.0,0.0,,47,Wellington City,Nil,0.0,0.0,0.0,0.0,0.0,0.0,Open,0.0,0.0,0.0,Light rain,Null,1
66445835,,573101,0.0,0.0,0.0,0.0,0.0,Null,2019/2020,COURTENAY PLACE,TORY ST,,Non-Injury Crash,No,2020,0.0,Null,0.0,0,0.0,Null,0.0,Christmas New Year,0.0,,0.0,Unknown,2136000,0,0.0,0.0,1.0,0.0,0.0,0.0,0.0,1.0,,0.0,0.0,Wellington Region,Nil,1-way,Null,0.0,0.0,0,0.0,30.0,0.0,Null,1.0,0.0,,47,Wellington City,Traffic Signals,0.0,0.0,0.0,0.0,0.0,1.0,Urban,0.0,0.0,0.0,Null,Null,1
66445842,,576001,0.0,0.0,0.0,2.0,0.0,North,2019/2020,SEVERN STREET,FROBISHER STREET,,Non-Injury Crash,No,2020,0.0,South,0.0,0,0.0,Hill Road,0.0,,0.0,,0.0,Dark,2189100,0,0.0,0.0,2.0,0.0,0.0,0.0,0.0,2.0,,0.0,0.0,Wellington Region,Nil,2-way,Sealed,0.0,0.0,0,0.0,50.0,0.0,On,0.0,0.0,,47,Wellington City,Nil,0.0,0.0,0.0,0.0,0.0,0.0,Urban,1.0,0.0,0.0,Light rain,Null,1
66445852,,577000,0.0,0.0,0.0,2.0,0.0,North,2019/2020,QUEENS DRIVE,TORU STREET,,Non-Injury Crash,No,2019,0.0,North,0.0,0,0.0,Hill Road,0.0,,0.0,,0.0,Twilight,2174200,0,0.0,0.0,2.0,0.0,0.0,0.0,0.0,1.0,,0.0,0.0,Wellington Region,Nil,2-way,Sealed,0.0,0.0,0,0.0,50.0,0.0,On,0.0,0.0,,47,Wellington City,Unknown,0.0,0.0,0.0,0.0,0.0,0.0,Urban,1.0,0.0,0.0,Fine,Null,0
66445890,,577000,0.0,,0.0,1.0,,Null,2020/2021,LYALL PARADE,ONEPU ROAD,,Non-Injury Crash,No,2020,,South,,0,,Flat,,,,,,Overcast,2174800,0,0.0,0.0,2.0,,,0.0,,,,,,Wellington Region,Nil,2-way,Sealed,,0.0,0,,50.0,,Off,1.0,0.0,,47,Wellington City,Give way,,,,,0.0,0.0,Urban,0.0,,,Fine,Null,1
66446025,,574100,0.0,0.0,0.0,0.0,1.0,South,2019/2020,BURMA RD,HAUMIA STREET,,Non-Injury Crash,No,2019,0.0,South,0.0,0,0.0,Flat,0.0,,0.0,,0.0,Overcast,2085303,0,0.0,0.0,2.0,0.0,0.0,0.0,0.0,0.0,,0.0,0.0,Wellington Region,Nil,2-way,Sealed,0.0,0.0,0,0.0,50.0,0.0,Off,1.0,0.0,,47,Wellington City,Unknown,0.0,0.0,0.0,0.0,0.0,0.0,Urban,0.0,0.0,0.0,Fine,Null,0
66446026,,573101,0.0,0.0,1.0,1.0,0.0,West,2020/2021,COURTENAY PLACE,ALLEN STREET,,Non-Injury Crash,No,2020,0.0,West,0.0,0,0.0,Flat,0.0,,0.0,,0.0,Dark,2136000,0,0.0,0.0,1.0,0.0,0.0,0.0,0.0,1.0,,0.0,0.0,Wellington Region,Nil,1-way,Sealed,0.0,0.0,0,0.0,30.0,0.0,On,0.0,0.0,,47,Wellington City,Nil,0.0,0.0,0.0,0.0,0.0,0.0,Urban,0.0,0.0,0.0,Fine,Null,1
66446067,,573101,0.0,0.0,0.0,1.0,0.0,North,2019/2020,KENT TERRACE,BASIN TURN,,Non-Injury Crash,Yes,2020,0.0,South,0.0,0,0.0,Flat,0.0,,0.0,,0.0,Unknown,2136900,0,0.0,0.0,3.0,0.0,0.0,0.0,0.0,1.0,,0.0,0.0,Wellington Region,Nil,1-way,Sealed,0.0,0.0,0,0.0,50.0,0.0,Null,0.0,0.0,,47,Wellington City,Nil,0.0,0.0,0.0,0.0,0.0,0.0,Urban,0.0,0.0,0.0,Fine,Null,1
66446108,,572900,0.0,0.0,0.0,1.0,0.0,North,2019/2020,AOTEA QUAY OFF RAMP,AOTEA QUAY,,Minor Crash,No,2020,0.0,South,0.0,0,0.0,Hill Road,1.0,,0.0,,0.0,Overcast,2118400,1,0.0,0.0,1.0,0.0,0.0,0.0,0.0,0.0,,0.0,0.0,Wellington Region,Motorway ramp,1-way,Sealed,0.0,0.0,0,0.0,100.0,0.0,Off,0.0,0.0,,47,Wellington City,Unknown,0.0,0.0,0.0,0.0,0.0,0.0,Open,0.0,0.0,0.0,Fine,Null,1
66446119,,574001,0.0,,0.0,2.0,,North,2020/2021,NEWLANDS ROAD,WAKELY ROAD,,Non-Injury Crash,No,2020,,North,,0,,Flat,,Labour Weekend,,,,Bright sun,2077700,0,0.0,0.0,2.0,,,0.0,,,,,,Wellington Region,Nil,2-way,Sealed,,0.0,0,,50.0,,None,0.0,0.0,,47,Wellington City,Nil,,,,,0.0,0.0,Urban,0.0,,,Fine,Null,1
66446120,,574500,0.0,,0.0,2.0,,Null,2019/2020,HUTT ROAD,KAIWHARAWHARA ROAD,,Non-Injury Crash,No,2020,,West,,0,,Null,,,,,,Unknown,2093600,0,0.0,0.0,4.0,,,0.0,,,,,,Wellington Region,Nil,2-way,Null,,0.0,0,,60.0,,Null,1.0,0.0,,47,Wellington City,Nil,,,,,0.0,0.0,Urban,0.0,,,Null,Null,1
66446149,,577200,0.0,,0.0,2.0,,West,2019/2020,MIRAMAR AVENUE,STONE STREET,,Non-Injury Crash,No,2020,,West,,0,,Null,,,,,,Dark,2206200,0,0.0,0.0,2.0,,,0.0,,,,,,Wellington Region,Nil,2-way,Sealed,,0.0,0,,30.0,,Null,0.0,0.0,,47,Wellington City,Unknown,,,,,1.0,0.0,Urban,0.0,,,Null,Null,1
66446164,,573101,0.0,,0.0,2.0,,Null,2019/2020,TORY STREET,COURTENAY PLACE,,Non-Injury Crash,No,2019,,South,,0,,Flat,,,,,,Dark,2135900,0,0.0,0.0,3.0,,,0.0,,,,,,Wellington Region,Nil,2-way,Sealed,,0.0,0,,50.0,,On,0.0,0.0,,47,Wellington City,Traffic Signals,,,,,0.0,0.0,Urban,0.0,,,Fine,Null,0
66446190,,575300,0.0,,0.0,1.0,,South,2018/2019,ST MICHAELS CRES,UPLAND ROAD,,Non-Injury Crash,No,2019,,North,,0,,Hill Road,,,,,,Dark,2152201,0,0.0,0.0,2.0,,,0.0,,,,,,Wellington Region,Nil,2-way,Sealed,,0.0,0,,50.0,,On,0.0,1.0,,47,Wellington City,Unknown,,,,,0.0,0.0,Urban,0.0,,,Light rain,Null,0
66446195,,577302,1.0,0.0,0.0,1.0,0.0,Null,2019/2020,TAUHINU ROAD,MAUPUIA ROAD,,Non-Injury Crash,No,2020,0.0,North,0.0,0,0.0,Null,0.0,,0.0,,0.0,Unknown,2205300,0,0.0,0.0,2.0,0.0,0.0,0.0,0.0,1.0,,0.0,0.0,Wellington Region,Nil,2-way,Sealed,0.0,0.0,0,0.0,50.0,0.0,Null,0.0,0.0,,47,Wellington City,Nil,0.0,0.0,0.0,0.0,0.0,0.0,Urban,0.0,0.0,0.0,Null,Null,1
66446201,,572900,0.0,,0.0,0.0,,West,2019/2020,HILL STREET,MOLESWORTH STREET,,Non-Injury Crash,No,2019,,West,,0,,Flat,,,,,,Unknown,2121300,0,0.0,0.0,2.0,,,0.0,,,,,,Wellington Region,Nil,2-way,Sealed,,0.0,0,,50.0,,Null,1.0,0.0,,47,Wellington City,Nil,,,,,0.0,0.0,Urban,1.0,,,Fine,Null,0
66446239,,576700,0.0,0.0,0.0,4.0,0.0,West,2020/2021,THE CRESCENT,GRAFTON ROAD,,Non-Injury Crash,No,2021,0.0,East,0.0,0,0.0,Hill Road,0.0,,0.0,,0.0,Dark,2186800,0,0.0,0.0,1.0,0.0,0.0,0.0,0.0,1.0,,0.0,0.0,Wellington Region,Nil,1-way,Sealed,0.0,0.0,0,0.0,50.0,0.0,On,0.0,0.0,,47,Wellington City,Nil,0.0,0.0,0.0,0.0,0.0,0.0,Urban,0.0,0.0,0.0,Fine,Null,1
66446282,,575300,0.0,,0.0,1.0,,Null,2020/2021,GLENMORE STREET,CRIEFF STREET,,Minor Crash,No,2020,,South,,0,,Hill Road,,,,,,Overcast,2152401,1,0.0,0.0,2.0,,,0.0,,,1.0,,,Wellington Region,Nil,2-way,Sealed,,0.0,0,,50.0,,Off,0.0,0.0,,47,Wellington City,Nil,,,,,0.0,0.0,Urban,0.0,,,Fine,Null,1
66446287,,573101,0.0,0.0,0.0,1.0,0.0,Null,2020/2021,CABLE STREET,TARANAKI STREET,,Non-Injury Crash,No,2020,0.0,East,0.0,0,0.0,Flat,0.0,,0.0,,1.0,Dark,2133000,0,0.0,0.0,3.0,0.0,0.0,0.0,0.0,0.0,,0.0,0.0,Wellington Region,Nil,1-way,Sealed,0.0,0.0,0,0.0,50.0,0.0,On,0.0,0.0,,47,Wellington City,Traffic Signals,0.0,1.0,0.0,0.0,0.0,0.0,Urban,0.0,0.0,0.0,Fine,Null,1
66446302,,573903,0.0,0.0,0.0,1.0,0.0,North,2019/2020,RUSKIN RD,SALFORD STREET,,Non-Injury Crash,No,2019,0.0,South,0.0,0,0.0,Hill Road,0.0,,0.0,,0.0,Dark,2074700,0,0.0,0.0,2.0,0.0,0.0,0.0,0.0,1.0,,0.0,0.0,Wellington Region,Nil,2-way,Sealed,0.0,0.0,0,0.0,50.0,0.0,On,0.0,0.0,,47,Wellington City,Unknown,0.0,0.0,0.0,0.0,0.0,0.0,Urban,1.0,0.0,0.0,Fine,Strong wind,0
66446308,,575300,0.0,0.0,0.0,1.0,0.0,South,2019/2020,GLENMORE ST,ORANGI KAUPAPA ROAD,,Minor Crash,No,2019,0.0,West,0.0,0,0.0,Flat,0.0,,0.0,,0.0,Overcast,2153601,1,0.0,0.0,2.0,0.0,0.0,0.0,0.0,1.0,,0.0,0.0,Wellington Region,Nil,2-way,Sealed,0.0,0.0,0,0.0,50.0,0.0,Off,1.0,0.0,,47,Wellington City,Unknown,0.0,0.0,0.0,0.0,0.0,0.0,Urban,0.0,0.0,0.0,Fine,Null,0
66446313,,576500,0.0,,0.0,1.0,,South,2019/2020,ADELAIDE ROAD,RUGBY STREET,,Non-Injury Crash,No,2019,,North,,0,,Flat,,,,,,Dark,2147900,0,0.0,0.0,4.0,,,0.0,,,,,,Wellington Region,Nil,2-way,Sealed,,0.0,0,,50.0,,On,0.0,0.0,,47,Wellington City,Unknown,,,,,0.0,1.0,Urban,0.0,,,Heavy rain,Null,0
66446315,,573802,0.0,1.0,0.0,1.0,0.0,South,2019/2020,JOHNSONVILLE OFF RAMP,JOHNSONVILLE PORIRUA MOTORWAY,,Non-Injury Crash,No,2020,0.0,South,0.0,0,0.0,Flat,0.0,,0.0,,0.0,Overcast,2079100,0,0.0,0.0,1.0,0.0,0.0,0.0,0.0,0.0,,0.0,0.0,Wellington Region,Underpass,1-way,Sealed,0.0,0.0,0,0.0,100.0,0.0,None,0.0,0.0,,47,Wellington City,Unknown,0.0,0.0,0.0,0.0,0.0,0.0,Open,0.0,0.0,0.0,Fine,Null,1
66446324,,576903,0.0,,0.0,2.0,,North,2018/2019,CRAWFORD RD,DUNCAN TERRACE,,Non-Injury Crash,No,2018,,North,,0,,Null,,,,,,Overcast,2180500,0,0.0,0.0,2.0,,,0.0,,,,,,Wellington Region,Nil,2-way,Sealed,,0.0,0,,50.0,,Off,0.0,0.0,,47,Wellington City,Unknown,,,,,0.0,0.0,Urban,0.0,,,Light rain,Null,0
66446374,,572702,0.0,0.0,0.0,1.0,0.0,Null,2019/2020,BING LUCAS DRIVE,WOODMAN DRIVE,,Non-Injury Crash,No,2020,0.0,North,0.0,0,1.0,Hill Road,0.0,,0.0,,0.0,Overcast,2053825,0,0.0,0.0,2.0,0.0,0.0,0.0,0.0,0.0,,0.0,0.0,Wellington Region,Nil,2-way,Sealed,0.0,0.0,0,0.0,50.0,0.0,Off,0.0,0.0,,47,Wellington City,Give way,0.0,0.0,0.0,0.0,0.0,0.0,Urban,0.0,0.0,0.0,Fine,Null,1
66446383,,575701,0.0,0.0,0.0,0.0,0.0,South,2020/2021,OHIRO ROAD,STOCK STREET,,Non-Injury Crash,No,2020,0.0,South,0.0,0,0.0,Null,0.0,,0.0,,0.0,Unknown,2198901,0,0.0,0.0,2.0,0.0,0.0,0.0,0.0,1.0,,0.0,0.0,Wellington Region,Nil,2-way,Sealed,0.0,0.0,0,0.0,50.0,0.0,Null,1.0,0.0,,47,Wellington City,Nil,0.0,0.0,0.0,0.0,1.0,0.0,Urban,0.0,0.0,0.0,Null,Null,1
66446406,,575200,0.0,0.0,0.0,2.0,0.0,Null,2019/2020,PEMBROKE ROAD,ORANGI KAUPAPA ROAD,,Non-Injury Crash,No,2020,0.0,North,0.0,0,0.0,Hill Road,0.0,,0.0,,0.0,Dark,2150500,0,0.0,0.0,2.0,0.0,0.0,0.0,0.0,1.0,,0.0,0.0,Wellington Region,Nil,2-way,Sealed,0.0,0.0,0,0.0,50.0,0.0,On,0.0,0.0,,47,Wellington City,Stop,0.0,0.0,0.0,0.0,0.0,0.0,Urban,0.0,0.0,0.0,Fine,Null,1
66446410,,572600,1.0,,0.0,1.0,,South,2019/2020,MAIN ROAD,ESSEX STREET,,Serious Crash,No,2020,,South,,0,,Flat,,,,,,Twilight,1990600,0,0.0,0.0,2.0,,,0.0,,,,,,Wellington Region,Nil,2-way,Sealed,,0.0,1,,50.0,,On,0.0,0.0,,47,Wellington City,Nil,,,,,0.0,0.0,Urban,0.0,,,Fine,Null,1
66446447,,574302,0.0,0.0,0.0,1.0,0.0,North,2019/2020,RANGIORA AVENUE,HUTT ROAD,,Non-Injury Crash,No,2020,0.0,North,0.0,0,0.0,Null,0.0,,0.0,,0.0,Unknown,2091602,0,0.0,0.0,2.0,0.0,0.0,0.0,0.0,1.0,,0.0,0.0,Wellington Region,Nil,2-way,Sealed,0.0,0.0,0,0.0,50.0,0.0,Null,0.0,0.0,,47,Wellington City,Nil,0.0,0.0,0.0,0.0,0.0,0.0,Urban,0.0,0.0,0.0,Null,Null,1
66446453,,577700,0.0,,0.0,1.0,,North,2021/2022,OHARIU VALLEY ROAD,MCLINTOCK STREET NORTH,,Minor Crash,No,2021,,South,,0,,Hill Road,,,,,,Twilight,2117003,1,0.0,1.0,2.0,,,0.0,,,,,,Wellington Region,Nil,2-way,Sealed,,0.0,0,,50.0,,Off,0.0,0.0,,47,Wellington City,Nil,,,,,0.0,0.0,Urban,0.0,,,Fine,Null,1
66446488,,574002,0.0,,0.0,4.0,,North,2019/2020,HUTT ROAD,HUTT ROAD ON RAMP,,Non-Injury Crash,Yes,2019,,North,,0,,Flat,,,,,,Overcast,2078302,0,0.0,0.0,4.0,,,0.0,,,,,,Wellington Region,Nil,2-way,Sealed,,0.0,0,,100.0,,Off,0.0,0.0,60.0,47,Wellington City,Unknown,,,,,0.0,0.0,Open,0.0,,,Fine,Null,0
66446514,,573000,0.0,,0.0,2.0,,Null,2020/2021,WATERLOO QUAY,BUNNY STREET,,Non-Injury Crash,No,2020,,North,,0,,Null,,,,,,Overcast,2124300,0,0.0,0.0,3.0,,,0.0,,,,,,Wellington Region,Nil,1-way,Sealed,,0.0,0,,50.0,,Null,0.0,0.0,,47,Wellington City,Traffic Signals,,,,,0.0,0.0,Urban,0.0,,,Null,Null,1
66446545,,573101,0.0,,0.0,1.0,,Null,2020/2021,DIXON STREET,CUBA STREET,,Non-Injury Crash,No,2020,,West,,0,,Flat,,,,,,Dark,2131300,0,0.0,0.0,1.0,,,0.0,,,,,,Wellington Region,Nil,1-way,Sealed,,0.0,0,,30.0,,On,0.0,0.0,,47,Wellington City,Traffic Signals,,,,,1.0,0.0,Urban,0.0,,,Fine,Null,1
66446607,,574500,0.0,,0.0,0.0,,South,2021/2022,HUTT ROAD,KAIWHARAWHARA ROAD,,Minor Crash,No,2021,,South,,0,,Flat,,,,,,Overcast,2093600,1,0.0,1.0,4.0,,,0.0,,,,,,Wellington Region,Nil,2-way,Sealed,,0.0,0,,60.0,,Null,1.0,0.0,,47,Wellington City,Nil,,,,,0.0,0.0,Urban,0.0,,,Fine,Null,1
66446631,,574500,0.0,,0.0,1.0,,North,2020/2021,OLD PORIRUA ROAD,KAIWHARAWHARA ROAD,,Non-Injury Crash,No,2020,,South,,0,,Hill Road,,,,,,Overcast,2093200,0,0.0,0.0,2.0,,,0.0,,,,,,Wellington Region,Nil,2-way,Sealed,,0.0,0,,50.0,,Off,1.0,0.0,,47,Wellington City,Nil,,,,,0.0,0.0,Urban,0.0,,,Fine,Null,1
66446635,,576400,0.0,0.0,0.0,2.0,0.0,Null,2019/2020,CONSTABLE STREET,OWEN STREET,,Minor Crash,No,2020,0.0,North,0.0,0,1.0,Flat,0.0,,0.0,,0.0,Dark,2169101,1,0.0,0.0,2.0,0.0,0.0,0.0,0.0,0.0,,0.0,0.0,Wellington Region,Nil,2-way,Sealed,0.0,0.0,0,0.0,50.0,0.0,On,0.0,0.0,,47,Wellington City,Traffic Signals,0.0,0.0,0.0,0.0,0.0,0.0,Urban,0.0,0.0,0.0,Mist or Fog,Null,1
66446660,,574303,0.0,,0.0,1.0,,North,2019/2020,01N-1060-D,NEWLANDS OFF RAMP,,Minor Crash,Yes,2019,,North,,0,,Hill Road,,,,,,Bright sun,2084302,1,0.0,0.0,6.0,,,0.0,,,,,,Wellington Region,Motorway ramp,2-way,Sealed,,0.0,0,,80.0,,Off,0.0,0.0,,47,Wellington City,Unknown,,,,,1.0,0.0,Open,0.0,,,Fine,Null,0
66446688,,573101,0.0,0.0,0.0,1.0,0.0,North,2019/2020,TORY ST,HOLLAND STREET,,Non-Injury Crash,No,2019,0.0,South,0.0,0,0.0,Flat,0.0,,0.0,,0.0,Dark,2136000,0,0.0,0.0,2.0,0.0,0.0,0.0,0.0,1.0,,0.0,0.0,Wellington Region,Nil,2-way,Sealed,0.0,0.0,0,0.0,30.0,0.0,On,0.0,0.0,,47,Wellington City,Unknown,0.0,0.0,0.0,0.0,0.0,0.0,Urban,1.0,0.0,0.0,Fine,Null,0
66446701,,572900,0.0,,0.0,2.0,,North,2020/2021,WELLINGTON URBAN MOTORWAY,HOBSON ST OBR NBD,,Non-Injury Crash,Yes,2020,,North,,0,,Flat,,,,,,Overcast,2117902,0,0.0,0.0,3.0,,,0.0,,,,,,Wellington Region,Nil,1-way,Sealed,,0.0,0,,100.0,,Off,0.0,0.0,80.0,47,Wellington City,Nil,,,,,0.0,0.0,Open,0.0,,,Light rain,Null,1
66446744,,573000,0.0,,1.0,1.0,,Null,2019/2020,HUNTER STREET,CUSTOMHOUSE QUAY,,Non-Injury Crash,No,2020,,East,,0,,Flat,,,,,,Overcast,2125800,0,0.0,0.0,3.0,,,0.0,,,,,,Wellington Region,Nil,1-way,Sealed,,0.0,0,,50.0,,Off,0.0,0.0,,47,Wellington City,Traffic Signals,,,,,0.0,0.0,Urban,0.0,,,Light rain,Null,1
66446823,,574001,0.0,,0.0,1.0,,East,2020/2021,NEWLANDS ROAD,HURRING PLACE,,Non-Injury Crash,No,2021,,East,,0,,Hill Road,,,,,,Bright sun,2077600,0,0.0,0.0,2.0,,,0.0,,,,,,Wellington Region,Nil,2-way,Sealed,,0.0,0,,50.0,,Off,0.0,0.0,,47,Wellington City,Nil,,,,,0.0,0.0,Urban,1.0,,,Fine,Null,1
66446826,,572500,0.0,0.0,0.0,1.0,0.0,North,2020/2021,MAIN ROAD,SUNRISE BOULEVARD,,Non-Injury Crash,No,2020,0.0,South,0.0,0,0.0,Flat,0.0,,1.0,,0.0,Overcast,1987300,0,0.0,0.0,2.0,0.0,1.0,0.0,0.0,1.0,,0.0,0.0,Wellington Region,Nil,2-way,Sealed,0.0,0.0,0,0.0,50.0,0.0,Off,1.0,0.0,,47,Wellington City,Nil,0.0,0.0,0.0,0.0,0.0,0.0,Urban,0.0,0.0,0.0,Fine,Null,1
66446837,,574500,0.0,,0.0,1.0,,North,2020/2021,WELLINGTON URBAN MOTORWAY,AOTEA QUAY ON RAMP,,Non-Injury Crash,Yes,2021,,North,,0,,Flat,,,,,,Overcast,2093500,0,0.0,0.0,4.0,,,0.0,,,,,,Wellington Region,Nil,1-way,Sealed,,0.0,0,,100.0,,On,0.0,0.0,60.0,47,Wellington City,Nil,,,,,0.0,0.0,Open,1.0,,,Fine,Null,1
66446846,,574303,0.0,0.0,0.0,1.0,0.0,South,2020/2021,CENTENNIAL HIGHWAY,ABATTOIRS,,Non-Injury Crash,Yes,2020,0.0,North,0.0,0,0.0,Hill Road,0.0,,0.0,,1.0,Dark,2088705,0,0.0,0.0,6.0,0.0,0.0,0.0,0.0,0.0,,0.0,0.0,Wellington Region,Nil,2-way,Sealed,0.0,0.0,0,0.0,80.0,0.0,On,0.0,0.0,,47,Wellington City,Nil,0.0,1.0,0.0,0.0,0.0,0.0,Open,0.0,0.0,0.0,Fine,Null,1
66446866,,573514,0.0,0.0,0.0,1.0,1.0,North,2019/2020,OHARIU VALLEY ROAD,MCLINTOCK STREET NORTH,,Non-Injury Crash,No,2020,0.0,North,0.0,0,0.0,Hill Road,0.0,,0.0,,0.0,Overcast,2086737,0,0.0,0.0,2.0,0.0,0.0,0.0,0.0,0.0,,0.0,0.0,Wellington Region,Nil,2-way,Sealed,0.0,0.0,0,0.0,50.0,0.0,None,0.0,0.0,,47,Wellington City,Nil,0.0,0.0,0.0,0.0,0.0,0.0,Urban,0.0,0.0,0.0,Fine,Null,1
66446869,,576901,0.0,0.0,0.0,1.0,0.0,Null,2020/2021,COUTTS STREET,ONEPU ROAD,,Non-Injury Crash,No,2020,0.0,East,0.0,0,0.0,Flat,0.0,,0.0,,0.0,Unknown,2178300,0,0.0,0.0,2.0,0.0,0.0,0.0,0.0,1.0,,0.0,0.0,Wellington Region,Nil,2-way,Sealed,0.0,0.0,0,0.0,30.0,0.0,Null,0.0,0.0,,47,Wellington City,Traffic Signals,0.0,0.0,0.0,0.0,1.0,0.0,Urban,0.0,0.0,0.0,Null,Null,1
66446872,,576100,0.0,0.0,0.0,1.0,0.0,South,2019/2020,QUEENS DRIVE,HOUGHTON TERRACE,,Minor Crash,No,2019,0.0,North,0.0,0,0.0,Flat,0.0,,0.0,,0.0,Bright sun,2195601,1,0.0,1.0,2.0,0.0,0.0,0.0,0.0,1.0,,0.0,0.0,Wellington Region,Nil,2-way,Sealed,0.0,0.0,0,0.0,50.0,0.0,Off,0.0,0.0,,47,Wellington City,Unknown,0.0,0.0,0.0,0.0,0.0,0.0,Urban,0.0,0.0,0.0,Fine,Null,0
66446876,,573522,0.0,,0.0,2.0,,South,2018/2019,JOHNSONVILLE PORIRUA MOTORWAY,TAKAPU RD UPASS NBD,,Non-Injury Crash,Yes,2019,,North,,0,,Flat,,,,,,Bright sun,2053703,0,0.0,0.0,2.0,,,0.0,,,,,,Wellington Region,Nil,1-way,Sealed,,0.0,0,,100.0,,Off,0.0,0.0,,47,Wellington City,Unknown,,,,,0.0,0.0,Open,0.0,,,Fine,Null,0
66446912,,573101,0.0,0.0,0.0,2.0,0.0,North,2020/2021,WAKEFIELD STREET,TARANAKI STREET,,Serious Crash,No,2020,0.0,East,0.0,0,0.0,Flat,0.0,,0.0,,0.0,Bright sun,2133200,0,0.0,1.0,2.0,0.0,0.0,0.0,0.0,1.0,,0.0,0.0,Wellington Region,Nil,2-way,Sealed,0.0,0.0,1,0.0,50.0,0.0,Off,0.0,0.0,,47,Wellington City,Nil,0.0,0.0,0.0,0.0,0.0,0.0,Urban,0.0,0.0,0.0,Fine,Null,1
66446989,,573101,0.0,0.0,0.0,2.0,0.0,Null,2020/2021,TORY STREET,JESSIE STREET,,Non-Injury Crash,No,2020,0.0,North,0.0,0,0.0,Hill Road,0.0,,0.0,,0.0,Bright sun,2136500,0,0.0,0.0,2.0,0.0,0.0,0.0,0.0,3.0,,0.0,0.0,Wellington Region,Nil,2-way,Sealed,0.0,0.0,0,0.0,30.0,0.0,Off,2.0,0.0,,47,Wellington City,Nil,0.0,0.0,0.0,0.0,0.0,0.0,Urban,1.0,0.0,0.0,Fine,Null,1
66447007,,574100,1.0,,0.0,1.0,,Null,2021/2022,BURMA ROAD,JOHN SIMS DRIVE,,Minor Crash,No,2021,,North,,0,,Flat,,,,,,Dark,2083900,1,0.0,0.0,2.0,,,0.0,,,,,,Wellington Region,Nil,2-way,Sealed,,0.0,0,,50.0,,On,0.0,0.0,,47,Wellington City,Give way,,,,,0.0,0.0,Urban,0.0,,,Fine,Null,1
66447034,,576901,0.0,,0.0,2.0,,Null,2019/2020,EVANS BAY PARADE,RONGOTAI ROAD,,Non-Injury Crash,No,2020,,South,,0,,Null,,,,,,Dark,2178000,0,0.0,0.0,2.0,,,0.0,,,,,,Wellington Region,Nil,2-way,Sealed,,0.0,0,,50.0,,On,0.0,0.0,,47,Wellington City,Give way,,,,,0.0,0.0,Urban,0.0,,,Fine,Null,1