OBJECTID,advisorySpeed,areaUnitID,bicycle,bridge,bus,carStationWagon,cliffBank,crashDirectionDescription,crashFinancialYear,crashLocation1,crashLocation2,crashRoadSideRoad,crashSeverity,crashSHDescription,crashYear,debris,directionRoleDescription,ditch,fatalCount,fence,flatHill,guardRail,holiday,houseOrBuilding,intersection,kerb,light,meshblockId,minorInjuryCount,moped,motorcycle,NumberOfLanes,objectThrownOrDropped,otherObject,otherVehicleType,overBank,parkedVehicle,pedestrian,phoneBoxEtc,postOrPole,region,roadCharacter,roadLane,roadSurface,roadworks,schoolBus,seriousInjuryCount,slipOrFlood,speedLimit,strayAnimal,streetLight,suv,taxi,temporarySpeedLimit,tlaId,tlaName,trafficControl,trafficIsland,trafficSign,train,tree,truck,unknownVehicleType,urban,vanOrUtility,vehicle,waterRiver,weatherA,weatherB,if_pandemic
66447047,,573101,0.0,,0.0,2.0,,Null,2020/2021,VICTORIA STREET,VIVIAN STREET,,Non-Injury Crash,No,2020,,South,,0,,Flat,,,,,,Dark,2131600,0,0.0,0.0,3.0,,,0.0,,,,,,Wellington Region,Nil,1-way,Sealed,,0.0,0,,50.0,,On,0.0,0.0,,47,Wellington City,Traffic Signals,,,,,0.0,0.0,Urban,0.0,,,Fine,Null,1
66447101,,574701,0.0,,0.0,1.0,,East,2020/2021,SILVERSTREAM ROAD,SPENCER STREET,,Non-Injury Crash,No,2020,,East,,0,,Null,,,,,,Unknown,2095202,0,0.0,0.0,2.0,,,0.0,,,,,,Wellington Region,Nil,2-way,Sealed,,0.0,0,,50.0,,Null,1.0,0.0,,47,Wellington City,Nil,,,,,0.0,0.0,Urban,0.0,,,Null,Null,1
66447155,,573522,0.0,,0.0,1.0,,Null,2020/2021,TAKAPU ROAD,TAWA-GRENADA NORTH OFF RAMP,,Non-Injury Crash,No,2020,,South,,0,,Hill Road,,,,,,Bright sun,2053703,0,0.0,0.0,1.0,,,0.0,,,,,,Wellington Region,Motorway ramp,1-way,Sealed,,0.0,0,,50.0,,Off,0.0,0.0,,47,Wellington City,Stop,,,,,0.0,0.0,Urban,1.0,,,Fine,Null,1
66447163,,577500,0.0,,0.0,2.0,,Null,2019/2020,BURNHAM STREET,MONRO STREET,,Non-Injury Crash,No,2020,,West,,0,,Hill Road,,,,,,Bright sun,2211500,0,0.0,0.0,2.0,,,0.0,,,,,,Wellington Region,Nil,2-way,Sealed,,0.0,0,,50.0,,Off,0.0,0.0,,47,Wellington City,Give way,,,,,0.0,0.0,Urban,0.0,,,Fine,Null,1
66447178,,573802,0.0,0.0,0.0,1.0,0.0,South,2020/2021,JOHNSONVILLE PORIRUA MOTORWAY,JVILLE OBR,,Minor Crash,Yes,2021,0.0,South,0.0,0,0.0,Hill Road,1.0,,0.0,,0.0,Dark,2078701,1,0.0,0.0,2.0,0.0,0.0,0.0,0.0,0.0,,0.0,1.0,Wellington Region,Nil,1-way,Sealed,0.0,0.0,0,0.0,100.0,0.0,On,0.0,0.0,,47,Wellington City,Nil,0.0,0.0,0.0,0.0,0.0,0.0,Open,0.0,0.0,0.0,Fine,Null,1
66447182,,572900,0.0,,0.0,2.0,,South,2019/2020,WELLINGTON URBAN MOTORWAY,AOTEA QUAY ON RAMP,,Non-Injury Crash,Yes,2019,,North,,0,,Flat,,,,,,Bright sun,2118400,0,0.0,0.0,6.0,,,0.0,,,,,,Wellington Region,Nil,2-way,Sealed,,0.0,0,,100.0,,Off,0.0,0.0,60.0,47,Wellington City,Nil,,,,,0.0,0.0,Open,1.0,,,Fine,Null,0
66447197,,574900,0.0,,0.0,2.0,,North,2020/2021,PARKVALE ROAD,KARORI ROAD,,Non-Injury Crash,No,2020,,South,,0,,Flat,,,,,,Bright sun,2109000,0,0.0,0.0,2.0,,,0.0,,,,,,Wellington Region,Nil,2-way,Sealed,,0.0,0,,50.0,,Off,0.0,0.0,,47,Wellington City,Unknown,,,,,0.0,0.0,Urban,0.0,,,Fine,Null,1
66447201,,575600,1.0,,0.0,1.0,,Null,2020/2021,OHIRO ROAD,BROOKLYN ROAD,,Minor Crash,No,2021,,North,,0,,Hill Road,,,,,,Bright sun,2161900,1,0.0,0.0,2.0,,,0.0,,,,,,Wellington Region,Nil,2-way,Sealed,,0.0,0,,50.0,,Off,0.0,0.0,,47,Wellington City,Give way,,,,,0.0,0.0,Urban,0.0,,,Fine,Null,1
66447217,,574600,0.0,,0.0,1.0,,North,2020/2021,WADESTOWN ROAD,SEFTON STREET,,Minor Crash,No,2020,,South,,0,,Hill Road,,,,,,Bright sun,2101700,1,0.0,1.0,2.0,,,0.0,,,,,,Wellington Region,Nil,2-way,Sealed,,0.0,0,,50.0,,Off,0.0,0.0,,47,Wellington City,Unknown,,,,,0.0,0.0,Urban,0.0,,,Fine,Null,1
66447228,,576901,0.0,,0.0,1.0,,Null,2020/2021,TROY STREET,COBHAM DRIVE,,Non-Injury Crash,No,2020,,North,,0,,Flat,,,,,,Bright sun,2176800,0,0.0,0.0,2.0,,,0.0,,,,,,Wellington Region,Nil,1-way,Sealed,,0.0,0,,50.0,,Off,1.0,0.0,,47,Wellington City,Give way,,,,,0.0,0.0,Urban,0.0,,,Fine,Null,1
66447232,,577301,0.0,0.0,0.0,2.0,0.0,South,2019/2020,WEKA STREET,DARLINGTON ROAD,,Non-Injury Crash,No,2020,0.0,North,0.0,0,0.0,Flat,0.0,,0.0,,0.0,Bright sun,2202704,0,0.0,0.0,2.0,0.0,0.0,0.0,0.0,1.0,,0.0,0.0,Wellington Region,Nil,2-way,Sealed,0.0,0.0,0,0.0,50.0,0.0,Off,0.0,0.0,,47,Wellington City,Unknown,0.0,0.0,0.0,0.0,0.0,0.0,Urban,0.0,0.0,0.0,Fine,Null,1
66447244,,574002,0.0,0.0,0.0,1.0,0.0,South,2020/2021,CENTENNIAL HIGHWAY,CENTENNIAL HIGHWAY ON RAMP,,Non-Injury Crash,Yes,2020,0.0,North,0.0,0,0.0,Flat,1.0,,0.0,,0.0,Overcast,2078302,0,0.0,0.0,2.0,0.0,0.0,0.0,0.0,0.0,,0.0,0.0,Wellington Region,Overpass,1-way,Sealed,0.0,0.0,0,0.0,100.0,0.0,On,0.0,0.0,,47,Wellington City,Nil,0.0,0.0,0.0,0.0,0.0,0.0,Open,0.0,0.0,0.0,Fine,Null,1
66447265,,575902,0.0,0.0,0.0,2.0,0.0,North,2019/2020,WYE STREET,LIDDEL GROVE,,Non-Injury Crash,No,2020,0.0,North,0.0,0,0.0,Hill Road,0.0,,0.0,,0.0,Bright sun,2187402,0,0.0,0.0,2.0,0.0,0.0,0.0,0.0,1.0,,0.0,0.0,Wellington Region,Nil,2-way,Sealed,0.0,0.0,0,0.0,50.0,0.0,None,0.0,0.0,,47,Wellington City,Unknown,0.0,0.0,0.0,0.0,0.0,0.0,Urban,0.0,0.0,0.0,Fine,Null,1
66447287,,576901,0.0,,0.0,2.0,,Null,2020/2021,ONEPU ROAD,COUTTS STREET,,Non-Injury Crash,No,2020,,North,,0,,Flat,,,,,,Dark,2178801,0,0.0,0.0,3.0,,,0.0,,,,,,Wellington Region,Nil,2-way,Sealed,,0.0,0,,50.0,,On,0.0,0.0,,47,Wellington City,Traffic Signals,,,,,0.0,0.0,Urban,0.0,,,Fine,Null,1
66447404,,576901,0.0,0.0,0.0,1.0,0.0,North,2018/2019,ONEPU RD,COCKBURN ST,,Non-Injury Crash,No,2019,0.0,North,0.0,0,0.0,Flat,0.0,,0.0,,0.0,Dark,2178802,0,0.0,0.0,2.0,0.0,0.0,0.0,0.0,0.0,,0.0,0.0,Wellington Region,Nil,2-way,Sealed,0.0,0.0,0,0.0,50.0,0.0,On,0.0,0.0,,47,Wellington City,Unknown,1.0,0.0,0.0,0.0,0.0,0.0,Urban,0.0,0.0,0.0,Fine,Null,0
66447415,,573700,0.0,,0.0,1.0,,Null,2020/2021,BRODERICK ROAD,GOTHIC STREET,,Non-Injury Crash,No,2020,,West,,0,,Flat,,,,,,Overcast,2082800,0,0.0,0.0,3.0,,,0.0,,,,,,Wellington Region,Nil,2-way,Sealed,,0.0,0,,50.0,,Off,1.0,0.0,,47,Wellington City,Traffic Signals,,,,,0.0,0.0,Urban,0.0,,,Fine,Null,1
66447468,,576100,0.0,0.0,0.0,5.0,0.0,North,2019/2020,QUEENS DR,HUNGERFORD ROAD,,Minor Crash,No,2019,0.0,South,0.0,0,0.0,Flat,0.0,Labour Weekend,0.0,,0.0,Overcast,2195601,1,0.0,0.0,2.0,0.0,0.0,0.0,0.0,1.0,,0.0,0.0,Wellington Region,Nil,2-way,Sealed,0.0,0.0,0,0.0,50.0,0.0,Off,0.0,0.0,,47,Wellington City,Unknown,0.0,0.0,0.0,0.0,0.0,0.0,Urban,0.0,0.0,0.0,Fine,Strong wind,0
66447480,,574001,0.0,,0.0,0.0,,South,2019/2020,CENTENNIAL HIGHWAY,JOHNSONVILLE ON RAMP,,Non-Injury Crash,Yes,2020,,South,,0,,Hill Road,,,,,,Overcast,2077600,0,0.0,1.0,3.0,,,0.0,,,,,,Wellington Region,Bridge,1-way,Sealed,,0.0,0,,80.0,,Off,0.0,0.0,,47,Wellington City,Nil,,,,,1.0,0.0,Open,0.0,,,Fine,Null,1
66447502,,576002,0.0,0.0,0.0,2.0,0.0,South,2020/2021,THE ESPLANADE,BRIGHTON STREET,,Non-Injury Crash,No,2020,0.0,South,0.0,0,0.0,Flat,0.0,,0.0,,0.0,Twilight,2190003,0,0.0,0.0,2.0,0.0,0.0,0.0,0.0,1.0,,0.0,0.0,Wellington Region,Nil,2-way,Sealed,0.0,0.0,0,0.0,50.0,0.0,Off,0.0,0.0,,47,Wellington City,Nil,0.0,0.0,0.0,0.0,0.0,0.0,Urban,0.0,0.0,0.0,Fine,Null,1
66447542,,573511,0.0,0.0,0.0,1.0,0.0,South,2019/2020,MIDDLETON ROAD,RICHMOND HILL,,Minor Crash,No,2020,0.0,South,0.0,0,1.0,Flat,0.0,,0.0,,0.0,Overcast,2086203,1,0.0,0.0,2.0,0.0,0.0,0.0,1.0,0.0,,0.0,0.0,Wellington Region,Nil,2-way,Sealed,0.0,0.0,0,0.0,70.0,0.0,Off,0.0,0.0,,47,Wellington City,Nil,0.0,0.0,0.0,0.0,0.0,0.0,Urban,0.0,0.0,1.0,Light rain,Null,1
66447546,,573526,0.0,0.0,0.0,1.0,0.0,South,2020/2021,HUTT ROAD,HOROKIWI ROAD,,Non-Injury Crash,Yes,2020,0.0,West,0.0,0,0.0,Flat,1.0,,0.0,,0.0,Dark,2086403,0,0.0,0.0,2.0,0.0,0.0,0.0,0.0,0.0,,0.0,0.0,Wellington Region,Nil,2-way,Sealed,0.0,0.0,0,0.0,100.0,0.0,On,1.0,0.0,,47,Wellington City,Unknown,0.0,0.0,0.0,0.0,0.0,0.0,Open,1.0,0.0,0.0,Fine,Null,1
66447585,,576400,0.0,,0.0,0.0,,Null,2020/2021,CONSTABLE STREET,DANIELL STREET,,Minor Crash,No,2020,,Null,,0,,Flat,,,,,,Overcast,2168400,1,1.0,0.0,2.0,,,0.0,,,,,,Wellington Region,Nil,2-way,Sealed,,0.0,0,,50.0,,Off,0.0,0.0,,47,Wellington City,Traffic Signals,,,,,0.0,0.0,Urban,0.0,,,Fine,Null,1
66447654,,573000,0.0,,0.0,0.0,,North,2019/2020,BOULCOTT STREET,ATHOL CRESCENT ,,Non-Injury Crash,No,2019,,North,,0,,Null,,,,,,Overcast,2127600,0,0.0,1.0,2.0,,,0.0,,,,,,Wellington Region,Nil,2-way,Sealed,,0.0,0,,50.0,,Off,1.0,0.0,,47,Wellington City,Unknown,,,,,0.0,0.0,Urban,0.0,,,Fine,Null,0
66447663,,573526,0.0,,0.0,4.0,,West,2020/2021,HUTT ROAD,HOROKIWI ROAD,,Minor Crash,Yes,2020,,East,,0,,Flat,,,,,,Bright sun,2086403,1,0.0,0.0,4.0,,,0.0,,,,,,Wellington Region,Nil,2-way,Sealed,,0.0,0,,100.0,,Off,0.0,0.0,,47,Wellington City,Nil,,,,,0.0,0.0,Open,0.0,,,Fine,Null,1
66447685,,573200,0.0,0.0,0.0,2.0,0.0,West,2020/2021,MORTIMER TERRACE,EPUNI STREET,,Non-Injury Crash,No,2021,0.0,West,0.0,0,0.0,Hill Road,0.0,,0.0,,0.0,Unknown,2158600,0,0.0,0.0,1.0,0.0,0.0,0.0,0.0,1.0,,0.0,0.0,Wellington Region,Nil,1-way,Sealed,0.0,0.0,0,0.0,50.0,0.0,Null,0.0,0.0,,47,Wellington City,Nil,0.0,0.0,0.0,0.0,0.0,0.0,Urban,0.0,0.0,0.0,Null,Null,1
66447698,,574500,0.0,0.0,0.0,1.0,0.0,North,2019/2020,WELLINGTON URBAN MOTORWAY,AOTEA QUAY ON RAMP,,Non-Injury Crash,Yes,2020,0.0,North,0.0,0,0.0,Flat,1.0,,0.0,,0.0,Bright sun,2093600,0,0.0,0.0,8.0,0.0,0.0,0.0,0.0,0.0,,0.0,0.0,Wellington Region,Nil,2-way,Sealed,0.0,0.0,0,0.0,100.0,0.0,Off,0.0,0.0,,47,Wellington City,Nil,0.0,0.0,0.0,0.0,0.0,0.0,Open,0.0,0.0,0.0,Fine,Null,1
66447770,,574304,0.0,0.0,0.0,1.0,1.0,Null,2019/2020,MALDIVE STREET,BURMA ROAD,,Minor Crash,No,2020,0.0,North,0.0,0,0.0,Flat,0.0,,0.0,,0.0,Dark,2088800,1,0.0,0.0,2.0,0.0,0.0,0.0,0.0,0.0,,0.0,0.0,Wellington Region,Nil,2-way,Sealed,0.0,0.0,0,0.0,50.0,0.0,On,0.0,0.0,,47,Wellington City,Give way,0.0,0.0,0.0,0.0,0.0,0.0,Urban,0.0,0.0,0.0,Fine,Null,1
66447862,,573200,0.0,,0.0,2.0,,Null,2019/2020,THOMPSON STREET,WEBB STREET,,Non-Injury Crash,No,2019,,North,,0,,Null,,,,,,Unknown,2159602,0,0.0,0.0,2.0,,,0.0,,,,,,Wellington Region,Nil,2-way,Sealed,,0.0,0,,50.0,,Null,0.0,0.0,,47,Wellington City,Stop,,,,,0.0,0.0,Urban,0.0,,,Null,Null,0
66447865,,575600,1.0,,0.0,1.0,,Null,2020/2021,OHIRO ROAD,REUBEN AVENUE,,Serious Crash,No,2021,,North,,0,,Hill Road,,,,,,Bright sun,2162400,0,0.0,0.0,2.0,,,0.0,,,,,,Wellington Region,Nil,2-way,Sealed,,0.0,1,,50.0,,Off,0.0,0.0,,47,Wellington City,Nil,,,,,0.0,0.0,Urban,0.0,,,Fine,Null,1
66447910,,576001,0.0,0.0,0.0,1.0,0.0,West,2019/2020,MEDWAY STREET,DERWENT STREET,,Non-Injury Crash,No,2020,0.0,Null,0.0,0,0.0,Null,0.0,,0.0,,0.0,Unknown,2193900,0,0.0,0.0,2.0,0.0,0.0,0.0,0.0,1.0,,0.0,0.0,Wellington Region,Nil,2-way,Null,0.0,0.0,0,0.0,50.0,0.0,Null,0.0,0.0,,47,Wellington City,Nil,0.0,0.0,0.0,0.0,0.0,0.0,Urban,0.0,0.0,0.0,Null,Null,1
66447916,,572500,0.0,0.0,0.0,1.0,0.0,Null,2020/2021,MAIN ROAD,BOSCOBEL LANE,,Non-Injury Crash,No,2020,0.0,East,0.0,0,0.0,Flat,0.0,,0.0,,0.0,Overcast,2053701,0,0.0,0.0,2.0,0.0,0.0,0.0,0.0,0.0,,0.0,0.0,Wellington Region,Nil,2-way,Sealed,0.0,0.0,0,0.0,50.0,0.0,Null,0.0,0.0,,47,Wellington City,Give way,0.0,1.0,0.0,0.0,0.0,0.0,Urban,0.0,0.0,0.0,Fine,Null,1
66447936,,576301,0.0,,0.0,1.0,,Null,2018/2019,JOHN STREET,ADELAIDE ROAD,,Non-Injury Crash,No,2019,,East,,0,,Flat,,Christmas New Year,,,,Bright sun,2163400,0,0.0,0.0,3.0,,,0.0,,,1.0,,,Wellington Region,Nil,2-way,Sealed,,0.0,0,,50.0,,Off,0.0,0.0,,47,Wellington City,Give way,,,,,0.0,0.0,Urban,0.0,,,Fine,Null,0
66447991,,573101,0.0,,0.0,1.0,,West,2020/2021,BUCKLE STREET,TORY STREET,,Minor Crash,Yes,2021,,West,,0,,Hill Road,,,,,,Overcast,2135000,1,0.0,0.0,3.0,,,0.0,,,1.0,,,Wellington Region,Nil,1-way,Sealed,,0.0,0,,30.0,,Off,0.0,0.0,,47,Wellington City,Nil,,,,,0.0,0.0,Urban,0.0,,,Fine,Null,1
66447992,,575600,1.0,,0.0,1.0,,Null,2019/2020,OHIRO ROAD,CLEVELAND STREET,,Non-Injury Crash,No,2019,,South,,0,,Hill Road,,,,,,Bright sun,2161900,0,0.0,0.0,3.0,,,0.0,,,,,,Wellington Region,Nil,2-way,Sealed,,0.0,0,,30.0,,Off,0.0,0.0,,47,Wellington City,Traffic Signals,,,,,0.0,0.0,Urban,0.0,,,Fine,Null,0
66448070,,573101,0.0,,0.0,2.0,,Null,2020/2021,ARTHUR STREET,CUBA STREET,,Non-Injury Crash,Yes,2020,,West,,0,,Flat,,,,,,Bright sun,2134600,0,0.0,0.0,3.0,,,0.0,,,,,,Wellington Region,Nil,1-way,Sealed,,0.0,0,,50.0,,Off,0.0,0.0,,47,Wellington City,Traffic Signals,,,,,0.0,0.0,Urban,0.0,,,Fine,Null,1
66448071,,572702,0.0,0.0,0.0,3.0,0.0,South,2020/2021,JOHNSONVILLE PORIRUA MOTORWAY,PED SUBWAY,,Non-Injury Crash,Yes,2020,0.0,South,0.0,0,0.0,Flat,1.0,,0.0,,0.0,Twilight,1996400,0,0.0,0.0,2.0,0.0,0.0,0.0,0.0,0.0,,0.0,0.0,Wellington Region,Nil,1-way,Sealed,0.0,0.0,0,0.0,100.0,0.0,Off,0.0,0.0,70.0,47,Wellington City,Nil,0.0,0.0,0.0,0.0,0.0,0.0,Open,0.0,0.0,0.0,Fine,Null,1
66448104,,573200,0.0,0.0,0.0,2.0,0.0,North,2019/2020,DEVON STREET,ESSEX STREET,,Non-Injury Crash,No,2020,0.0,North,0.0,0,0.0,Hill Road,0.0,,0.0,,0.0,Dark,2157600,0,0.0,0.0,2.0,0.0,0.0,0.0,0.0,0.0,,0.0,0.0,Wellington Region,Nil,2-way,Sealed,0.0,0.0,0,0.0,50.0,0.0,On,0.0,1.0,,47,Wellington City,Nil,0.0,0.0,0.0,0.0,0.0,0.0,Urban,0.0,1.0,0.0,Fine,Null,1
66448116,,574800,0.0,,0.0,0.0,,Null,2019/2020,HOMEWOOD CRESCENT,WAIKARE STREET,,Minor Crash,No,2020,,East,,0,,Hill Road,,,,,,Overcast,2106800,1,1.0,0.0,2.0,,,0.0,,,,,,Wellington Region,Nil,2-way,Sealed,,0.0,0,,50.0,,Off,0.0,0.0,,47,Wellington City,Give way,,,,,0.0,0.0,Urban,0.0,,,Fine,Strong wind,1
66448151,,576901,1.0,,0.0,1.0,,Null,2020/2021,COBHAM DRIVE,TROY STREET,,Minor Crash,Yes,2021,,West,,0,,Flat,,,,,,Bright sun,2176800,1,0.0,0.0,4.0,,,0.0,,,,,,Wellington Region,Nil,2-way,Sealed,,0.0,0,,50.0,,Off,0.0,1.0,,47,Wellington City,Give way,,,,,0.0,0.0,Urban,0.0,,,Fine,Null,1
66448203,,572900,0.0,,0.0,2.0,,Null,2019/2020,FEATHERSTON STREET,MULGRAVE STREET,,Non-Injury Crash,No,2019,,North,,0,,Flat,,,,,,Dark,2122700,0,0.0,0.0,4.0,,,0.0,,,,,,Wellington Region,Nil,2-way,Sealed,,0.0,0,,50.0,,On,0.0,1.0,,47,Wellington City,Traffic Signals,,,,,0.0,0.0,Urban,0.0,,,Fine,Null,0
66448206,,573000,0.0,,0.0,1.0,,Null,2019/2020,FEATHERSTON STREET,JOHNSTON STREET,,Non-Injury Crash,No,2020,,South,,0,,Flat,,,,,,Overcast,2125400,0,0.0,0.0,2.0,,,0.0,,,,,,Wellington Region,Nil,1-way,Sealed,,0.0,0,,50.0,,Off,0.0,0.0,,47,Wellington City,Traffic Signals,,,,,0.0,0.0,Urban,1.0,,,Light rain,Null,1
66448249,35.0,576302,0.0,,0.0,1.0,,South,2019/2020,MT ALBERT ROAD,LAVAUD STREET,,Non-Injury Crash,No,2019,,North,,0,,Hill Road,,,,,,Twilight,2166000,0,0.0,0.0,2.0,,,0.0,,,,,,Wellington Region,Nil,2-way,Sealed,,0.0,0,,50.0,,On,0.0,0.0,,47,Wellington City,Nil,,,,,0.0,0.0,Urban,0.0,,,Fine,Null,0
66448250,,576903,0.0,0.0,0.0,1.0,1.0,North,2020/2021,CRAWFORD ROAD,DUNCAN TERRACE,,Minor Crash,No,2020,0.0,North,0.0,0,0.0,Hill Road,0.0,,0.0,,0.0,Overcast,2180500,1,0.0,0.0,2.0,0.0,0.0,0.0,0.0,0.0,,0.0,0.0,Wellington Region,Nil,2-way,Sealed,0.0,0.0,0,0.0,50.0,0.0,Off,0.0,0.0,,47,Wellington City,Nil,0.0,0.0,0.0,0.0,0.0,0.0,Urban,0.0,0.0,0.0,Fine,Null,1
66448398,,573526,0.0,,0.0,1.0,,South,2019/2020,HUTT ROAD,WEIGH PIT,,Non-Injury Crash,Yes,2019,,North,,0,,Flat,,,,,,Twilight,2077503,0,0.0,0.0,2.0,,,0.0,,,,,,Wellington Region,Nil,1-way,Sealed,,0.0,0,,100.0,,Off,1.0,0.0,80.0,47,Wellington City,Unknown,,,,,0.0,0.0,Open,0.0,,,Fine,Null,0
66448422,,576301,0.0,,1.0,1.0,,Null,2019/2020,HUTCHISON ROAD,TASMAN STREET,,Non-Injury Crash,No,2019,,East,,0,,Flat,,,,,,Bright sun,2163300,0,0.0,0.0,2.0,,,0.0,,,,,,Wellington Region,Nil,2-way,Sealed,,0.0,0,,50.0,,Off,0.0,0.0,,47,Wellington City,Give way,,,,,0.0,0.0,Urban,0.0,,,Fine,Null,0
66448443,,573000,0.0,0.0,0.0,1.0,0.0,South,2020/2021,THE TERRACE,BOWEN STREET,,Non-Injury Crash,No,2020,0.0,North,0.0,0,0.0,Null,0.0,,0.0,,0.0,Unknown,2123700,0,0.0,0.0,3.0,0.0,0.0,0.0,0.0,1.0,,0.0,0.0,Wellington Region,Nil,2-way,Sealed,0.0,0.0,0,0.0,30.0,0.0,Null,0.0,0.0,,47,Wellington City,Nil,0.0,0.0,0.0,0.0,0.0,1.0,Urban,0.0,0.0,0.0,Null,Null,1
66448450,,574100,0.0,,0.0,1.0,,Null,2020/2021,POLLEN STREET,TARAWERA ROAD,,Non-Injury Crash,No,2020,,North,,0,,Hill Road,,,,,,Bright sun,2084600,0,0.0,0.0,2.0,,,0.0,,,,,,Wellington Region,Nil,2-way,Sealed,,0.0,0,,50.0,,Off,0.0,0.0,30.0,47,Wellington City,Nil,,,,,0.0,0.0,Urban,1.0,,,Fine,Null,1
66448486,,573101,0.0,,0.0,1.0,,Null,2019/2020,VIVIAN STREET,TARANAKI STREET,,Non-Injury Crash,Yes,2020,,East,,0,,Flat,,,,,,Overcast,2133700,0,0.0,0.0,3.0,,,0.0,,,,,,Wellington Region,Nil,1-way,Sealed,,0.0,0,,50.0,,Null,0.0,0.0,,47,Wellington City,Traffic Signals,,,,,0.0,0.0,Urban,1.0,,,Fine,Null,1
66448579,,576903,1.0,0.0,0.0,1.0,0.0,Null,2020/2021,KILBIRNIE CRESCENT,DUNCAN TERRACE,,Minor Crash,No,2020,0.0,South,0.0,0,0.0,Flat,0.0,,0.0,,0.0,Overcast,2177900,1,0.0,0.0,2.0,0.0,0.0,0.0,0.0,1.0,,0.0,0.0,Wellington Region,Nil,2-way,Sealed,0.0,0.0,0,0.0,50.0,0.0,Off,0.0,0.0,,47,Wellington City,Give way,0.0,0.0,0.0,0.0,0.0,0.0,Urban,0.0,0.0,0.0,Fine,Null,1
66448588,,572701,0.0,,0.0,0.0,,North,2019/2020,MAIN ROAD,LINDEN AVENUE,,Non-Injury Crash,No,2019,,North,,0,,Flat,,,,,,Overcast,1993902,0,0.0,0.0,2.0,,,0.0,,,,,,Wellington Region,Nil,2-way,Sealed,,0.0,0,,50.0,,Null,2.0,0.0,,47,Wellington City,Nil,,,,,0.0,0.0,Urban,0.0,,,Null,Null,0
66448602,,574302,0.0,,0.0,1.0,,East,2020/2021,HUTT ROAD,RANGIORA AVENUE,,Serious Crash,No,2020,,West,,0,,Flat,,,,,,Overcast,2090604,0,0.0,0.0,4.0,,,0.0,,,1.0,,,Wellington Region,Nil,2-way,Sealed,,0.0,1,,60.0,,On,0.0,0.0,,47,Wellington City,Isolated Pedestrian signal (non-intersection),,,,,0.0,0.0,Urban,1.0,,,Light rain,Null,1
66448652,,574001,0.0,0.0,0.0,1.0,0.0,North,2019/2020,NEWLANDS ROAD,BLACK ROCK ROAD,,Non-Injury Crash,No,2019,0.0,South,0.0,0,0.0,Flat,0.0,,0.0,,0.0,Dark,2076100,0,0.0,0.0,2.0,0.0,0.0,0.0,0.0,1.0,,0.0,0.0,Wellington Region,Nil,2-way,Sealed,0.0,0.0,0,0.0,50.0,0.0,On,1.0,0.0,,47,Wellington City,Nil,0.0,0.0,0.0,0.0,0.0,0.0,Urban,0.0,0.0,0.0,Heavy rain,Strong wind,0
66448694,,576400,0.0,0.0,0.0,3.0,0.0,West,2019/2020,NORMANBY STREET,DANIELL STREET,,Non-Injury Crash,No,2019,0.0,West,0.0,0,0.0,Hill Road,0.0,,0.0,,0.0,Dark,2168600,0,0.0,0.0,2.0,0.0,0.0,0.0,0.0,1.0,,0.0,0.0,Wellington Region,Nil,2-way,Sealed,0.0,0.0,0,0.0,50.0,0.0,On,0.0,0.0,,47,Wellington City,Nil,0.0,0.0,0.0,0.0,0.0,0.0,Urban,0.0,0.0,0.0,Fine,Null,0
66448740,,572900,0.0,,0.0,2.0,,Null,2019/2020,WATERLOO QUAY,HINEMOA STREET,,Non-Injury Crash,No,2019,,North,,0,,Flat,,,,,,Dark,2122700,0,0.0,0.0,4.0,,,0.0,,,,,,Wellington Region,Nil,2-way,Sealed,,0.0,0,,50.0,,On,0.0,0.0,,47,Wellington City,Traffic Signals,,,,,0.0,0.0,Urban,0.0,,,Fine,Null,0
66448745,,574402,1.0,,0.0,1.0,,West,2019/2020,KAIWHARAWHARA ROAD,OLD PORIRUA ROAD,,Minor Crash,No,2020,,East,,0,,Flat,,,,,,Overcast,2097602,1,0.0,0.0,2.0,,,0.0,,,,,,Wellington Region,Nil,2-way,Sealed,,0.0,0,,50.0,,Off,0.0,0.0,,47,Wellington City,Nil,,,,,0.0,0.0,Urban,0.0,,,Fine,Null,1
66448824,,572900,0.0,,0.0,1.0,,Null,2020/2021,THORNDON QUAY,TINAKORI ROAD,,Serious Crash,No,2021,,North,,0,,Flat,,,,,,Bright sun,2118400,0,0.0,1.0,3.0,,,0.0,,,,,,Wellington Region,Nil,2-way,Sealed,,0.0,1,,50.0,,Off,0.0,0.0,,47,Wellington City,Give way,,,,,0.0,0.0,Urban,0.0,,,Fine,Null,1
66448877,,576100,0.0,,0.0,1.0,,Null,2020/2021,THE ESPLANADE,HOUGHTON BAY ROAD,,Non-Injury Crash,No,2020,,West,,0,,Flat,,,,,,Bright sun,2194806,0,0.0,1.0,2.0,,,0.0,,,,,,Wellington Region,Nil,2-way,Sealed,,0.0,0,,50.0,,Off,0.0,0.0,,47,Wellington City,Give way,,,,,0.0,0.0,Urban,0.0,,,Fine,Strong wind,1
66448889,,573200,0.0,,0.0,1.0,,West,2020/2021,BROOKLYN ROAD,NAIRN STREET,,Minor Crash,No,2021,,South,,0,,Hill Road,,,,,,Overcast,2159204,1,0.0,1.0,2.0,,,0.0,,,,,,Wellington Region,Nil,2-way,Sealed,,0.0,0,,50.0,,Off,0.0,0.0,,47,Wellington City,Nil,,,,,0.0,0.0,Urban,0.0,,,Fine,Strong wind,1