OBJECTID,advisorySpeed,areaUnitID,bicycle,bridge,bus,carStationWagon,cliffBank,crashDirectionDescription,crashFinancialYear,crashLocation1,crashLocation2,crashRoadSideRoad,crashSeverity,crashSHDescription,crashYear,debris,directionRoleDescription,ditch,fatalCount,fence,flatHill,guardRail,holiday,houseOrBuilding,intersection,kerb,light,meshblockId,minorInjuryCount,moped,motorcycle,NumberOfLanes,objectThrownOrDropped,otherObject,otherVehicleType,overBank,parkedVehicle,pedestrian,phoneBoxEtc,postOrPole,region,roadCharacter,roadLane,roadSurface,roadworks,schoolBus,seriousInjuryCount,slipOrFlood,speedLimit,strayAnimal,streetLight,suv,taxi,temporarySpeedLimit,tlaId,tlaName,trafficControl,trafficIsland,trafficSign,train,tree,truck,unknownVehicleType,urban,vanOrUtility,vehicle,waterRiver,weatherA,weatherB,if_pandemic
66448907,,573700,0.0,0.0,0.0,1.0,0.0,Null,2020/2021,CORTINA AVENUE,NEVILLE STREET,,Minor Crash,No,2021,0.0,South,0.0,0,0.0,Flat,0.0,,0.0,,0.0,Dark,2082002,1,0.0,0.0,2.0,0.0,0.0,0.0,0.0,1.0,,0.0,0.0,Wellington Region,Nil,2-way,Sealed,0.0,0.0,0,0.0,50.0,0.0,On,1.0,0.0,,47,Wellington City,Nil,0.0,0.0,0.0,0.0,0.0,0.0,Urban,0.0,0.0,0.0,Fine,Null,1
66448957,,576301,0.0,,0.0,1.0,,Null,2020/2021,JOHN STREET,HANSON STREET,,Minor Crash,No,2020,,West,,0,,Hill Road,,,,,,Overcast,2163300,1,1.0,0.0,4.0,,,0.0,,,,,,Wellington Region,Nil,2-way,Sealed,,0.0,0,,50.0,,Off,0.0,0.0,,47,Wellington City,Traffic Signals,,,,,0.0,0.0,Urban,0.0,,,Fine,Null,1
66448959,,573400,0.0,0.0,0.0,3.0,0.0,South,2020/2021,ELLICE STREET,AUSTIN STREET,,Non-Injury Crash,No,2020,0.0,West,0.0,0,1.0,Hill Road,0.0,,0.0,,0.0,Dark,2142400,0,0.0,0.0,2.0,0.0,0.0,0.0,0.0,1.0,,0.0,0.0,Wellington Region,Nil,2-way,Sealed,0.0,0.0,0,0.0,50.0,0.0,On,0.0,0.0,,47,Wellington City,Nil,0.0,0.0,0.0,0.0,0.0,0.0,Urban,1.0,0.0,0.0,Light rain,Null,1
66449003,,574303,0.0,,0.0,4.0,,North,2019/2020,CENTENNIAL HIGHWAY,NEWLANDS OFF RAMP,,Non-Injury Crash,Yes,2020,,North,,0,,Hill Road,,,,,,Dark,2084302,0,0.0,0.0,6.0,,,0.0,,,,,,Wellington Region,Nil,2-way,Sealed,,0.0,0,,80.0,,On,1.0,0.0,,47,Wellington City,Unknown,,,,,0.0,0.0,Open,0.0,,,Heavy rain,Strong wind,1
66449015,,574100,0.0,,0.0,0.0,,Null,2021/2022,ATUA STREET,BANNISTER AVENUE,,Non-Injury Crash,No,2021,,South,,0,,Hill Road,,,,,,Dark,2084800,0,0.0,1.0,2.0,,,0.0,,,,,,Wellington Region,Nil,2-way,Sealed,,0.0,0,,50.0,,Off,0.0,0.0,,47,Wellington City,Give way,,,,,0.0,0.0,Urban,0.0,,,Fine,Null,1
66449019,,576901,0.0,0.0,0.0,1.0,0.0,North,2020/2021,COBHAM DRIVE,TROY STREET,,Fatal Crash,Yes,2020,0.0,North,0.0,1,0.0,Flat,0.0,,0.0,,0.0,Dark,2177800,1,0.0,0.0,4.0,0.0,0.0,0.0,0.0,0.0,,0.0,0.0,Wellington Region,Nil,2-way,Sealed,0.0,0.0,0,0.0,70.0,0.0,On,0.0,0.0,,47,Wellington City,Nil,0.0,0.0,0.0,1.0,0.0,0.0,Urban,0.0,0.0,0.0,Fine,Null,1
66449023,,573522,0.0,,0.0,1.0,,North,2020/2021,TAKAPU ROAD,TAWA-GRENADA NORTH OFF RAMP,,Non-Injury Crash,No,2021,,South,,0,,Hill Road,,,,,,Overcast,2053703,0,0.0,0.0,2.0,,,0.0,,,,,,Wellington Region,Nil,2-way,Sealed,,0.0,0,,50.0,,Off,0.0,0.0,,47,Wellington City,Nil,,,,,0.0,0.0,Urban,1.0,,,Fine,Null,1
66449039,,575200,0.0,0.0,0.0,0.0,0.0,Null,2021/2022,ORANGI KAUPAPA ROAD,NORTHLAND ROAD,,Non-Injury Crash,No,2021,0.0,East,0.0,0,1.0,Flat,0.0,,0.0,,0.0,Bright sun,2151400,0,0.0,0.0,2.0,0.0,0.0,0.0,0.0,0.0,,0.0,0.0,Wellington Region,Nil,2-way,Sealed,0.0,0.0,0,0.0,50.0,0.0,Off,1.0,0.0,,47,Wellington City,Stop,0.0,0.0,0.0,0.0,0.0,0.0,Urban,0.0,0.0,0.0,Fine,Null,1
66449063,,577200,0.0,0.0,0.0,1.0,0.0,North,2020/2021,LIVERPOOL STREET,CRAWFORD GREEN,,Non-Injury Crash,No,2020,0.0,South,0.0,0,0.0,Null,0.0,,0.0,,0.0,Unknown,2208800,0,0.0,0.0,0.0,0.0,0.0,0.0,0.0,1.0,,0.0,0.0,Wellington Region,Nil,2-way,Sealed,0.0,0.0,0,0.0,,0.0,Null,0.0,0.0,,47,Wellington City,Unknown,0.0,0.0,0.0,0.0,0.0,0.0,Urban,0.0,0.0,0.0,Null,Null,1
66449090,,576301,0.0,,0.0,2.0,,Null,2019/2020,ADELAIDE ROAD,COLOMBO STREET,,Non-Injury Crash,No,2020,,North,,0,,Flat,,,,,,Overcast,2164300,0,0.0,0.0,2.0,,,0.0,,,,,,Wellington Region,Nil,2-way,Sealed,,0.0,0,,50.0,,Off,0.0,1.0,,47,Wellington City,Give way,,,,,0.0,0.0,Urban,0.0,,,Mist or Fog,Null,1
66449095,,573101,0.0,,0.0,1.0,,Null,2020/2021,JESSIE STREET,TORY STREET,,Non-Injury Crash,No,2021,,East,,0,,Flat,,,,,,Bright sun,2136400,0,0.0,0.0,1.0,,,0.0,,,,,,Wellington Region,Nil,1-way,Sealed,,0.0,0,,30.0,,Off,0.0,0.0,,47,Wellington City,Nil,,,,,1.0,0.0,Urban,0.0,,,Fine,Null,1
66449141,,573522,0.0,0.0,0.0,2.0,1.0,North,2020/2021,HAVANA RISE,SANDINO PLACE,,Non-Injury Crash,No,2020,0.0,East,0.0,0,0.0,Hill Road,0.0,Christmas New Year,0.0,,0.0,Bright sun,2086311,0,0.0,0.0,2.0,0.0,0.0,0.0,0.0,1.0,,0.0,0.0,Wellington Region,Nil,2-way,Sealed,0.0,0.0,0,0.0,50.0,0.0,Off,0.0,0.0,,47,Wellington City,Nil,0.0,0.0,0.0,0.0,0.0,0.0,Urban,0.0,0.0,0.0,Fine,Null,1
66449163,,573101,0.0,,0.0,0.0,,Null,2019/2020,KARO DRIVE,WILLIS STREET,,Non-Injury Crash,Yes,2020,,North,,0,,Null,,,,,,Unknown,2132400,0,0.0,0.0,3.0,,,0.0,,,,,,Wellington Region,Nil,1-way,Sealed,,0.0,0,,50.0,,Null,1.0,0.0,,47,Wellington City,Traffic Signals,,,,,0.0,0.0,Urban,1.0,,,Fine,Null,1
66449215,,576500,0.0,,0.0,2.0,,North,2019/2020,RIDDIFORD STREET,MEIN STREET,,Non-Injury Crash,No,2020,,South,,0,,Null,,,,,,Unknown,2148800,0,0.0,0.0,4.0,,,0.0,,,,,,Wellington Region,Nil,2-way,Sealed,,0.0,0,,50.0,,Null,0.0,0.0,,47,Wellington City,Nil,,,,,0.0,0.0,Urban,0.0,,,Null,Null,1
66449233,,576800,0.0,0.0,1.0,1.0,0.0,East,2019/2020,ALEXANDRA ROAD,UPOKO ROAD,,Non-Injury Crash,No,2019,0.0,West,0.0,0,0.0,Null,0.0,,0.0,,1.0,Unknown,2184700,0,0.0,0.0,2.0,0.0,0.0,0.0,0.0,1.0,,0.0,0.0,Wellington Region,Nil,2-way,Sealed,0.0,0.0,0,0.0,50.0,0.0,Null,0.0,0.0,,47,Wellington City,Nil,0.0,0.0,0.0,0.0,0.0,0.0,Urban,0.0,0.0,0.0,Null,Null,0
66449254,,573600,0.0,,0.0,1.0,,Null,2020/2021,BASSETT ROAD,MIDDLETON ROAD,,Non-Injury Crash,No,2020,,South,,0,,Null,,,,,,Bright sun,2080900,0,0.0,0.0,3.0,,,0.0,,,,,,Wellington Region,Nil,2-way,Sealed,,0.0,0,,50.0,,Null,1.0,0.0,,47,Wellington City,Give way,,,,,0.0,0.0,Urban,0.0,,,Fine,Null,1
66449379,,573200,0.0,0.0,0.0,1.0,0.0,South,2019/2020,BROOKLYN ROAD,BIDWILL STREET,,Minor Crash,No,2020,0.0,West,0.0,0,0.0,Hill Road,1.0,,0.0,,0.0,Overcast,2159300,1,0.0,0.0,2.0,0.0,0.0,0.0,0.0,0.0,,0.0,0.0,Wellington Region,Nil,2-way,Sealed,0.0,0.0,0,0.0,50.0,0.0,Off,0.0,0.0,,47,Wellington City,Unknown,0.0,0.0,0.0,0.0,0.0,0.0,Urban,0.0,0.0,0.0,Fine,Null,1
66449402,,573400,0.0,,0.0,0.0,,North,2019/2020,PATERSON STREET,DUFFERIN STREET,,Non-Injury Crash,Yes,2020,,North,,0,,Hill Road,,,,,,Bright sun,2143300,0,1.0,0.0,4.0,,,0.0,,,,,,Wellington Region,Nil,2-way,Sealed,,0.0,0,,50.0,,Off,0.0,0.0,,47,Wellington City,Unknown,,,,,0.0,0.0,Urban,1.0,,,Fine,Null,1
66449428,,573101,0.0,,0.0,2.0,,Null,2018/2019,CABLE STREET,CHAFFERS STREET,,Non-Injury Crash,No,2019,,East,,0,,Flat,,,,,,Overcast,2135400,0,0.0,0.0,3.0,,,0.0,,,,,,Wellington Region,Nil,1-way,Sealed,,0.0,0,,50.0,,Off,0.0,1.0,,47,Wellington City,Traffic Signals,,,,,0.0,0.0,Urban,0.0,,,Fine,Null,0
66449468,,576901,0.0,,0.0,2.0,,Null,2018/2019,YULE STREET,COUTTS STREET,,Non-Injury Crash,No,2019,,North,,0,,Flat,,Queens Birthday,,,,Bright sun,2177500,0,0.0,0.0,2.0,,,0.0,,,,,,Wellington Region,Nil,2-way,Sealed,,0.0,0,,50.0,,Off,0.0,0.0,,47,Wellington City,Give way,,,,,0.0,0.0,Urban,0.0,,,Fine,Null,0
66449473,,574002,0.0,,0.0,2.0,,Null,2019/2020,GLOVER STREET,NGAURANGA GORGE ROAD,,Non-Injury Crash,No,2019,,South,,0,,Null,,,,,,Overcast,2078302,0,0.0,0.0,1.0,,,0.0,,,,,,Wellington Region,Nil,1-way,Sealed,,0.0,0,,50.0,,Off,0.0,0.0,,47,Wellington City,Give way,,,,,0.0,0.0,Urban,0.0,,,Null,Null,0
66449475,,573101,0.0,0.0,0.0,2.0,0.0,Null,2019/2020,ALLEN STREET,WAKEFIELD STREET,,Non-Injury Crash,No,2019,0.0,West,0.0,0,0.0,Null,0.0,,0.0,,0.0,Unknown,2135700,0,0.0,0.0,2.0,0.0,0.0,0.0,0.0,0.0,,0.0,0.0,Wellington Region,Nil,2-way,Null,0.0,0.0,0,0.0,30.0,0.0,Null,0.0,0.0,,47,Wellington City,Nil,0.0,0.0,0.0,0.0,0.0,0.0,Urban,0.0,1.0,0.0,Null,Null,0
66449490,,572600,0.0,,0.0,2.0,,Null,2020/2021,VICTORY CRESCENT,MAIN ROAD,,Non-Injury Crash,No,2020,,East,,0,,Hill Road,,,,,,Bright sun,1990300,0,0.0,0.0,2.0,,,0.0,,,,,,Wellington Region,Nil,2-way,Sealed,,0.0,0,,50.0,,Off,0.0,0.0,,47,Wellington City,Give way,,,,,0.0,0.0,Urban,0.0,,,Fine,Null,1
66449527,,572701,0.0,,0.0,1.0,,South,2021/2022,MAIN ROAD,FYVIE AVENUE,,Minor Crash,No,2021,,South,,0,,Flat,,,,,,Overcast,1994500,1,0.0,0.0,2.0,,,0.0,,,,,,Wellington Region,Nil,2-way,Sealed,,0.0,0,,50.0,,Off,0.0,0.0,,47,Wellington City,Nil,,,,,0.0,0.0,Urban,0.0,,,Light rain,Null,1
66449546,,573522,0.0,0.0,0.0,1.0,0.0,North,2020/2021,JOHNSONVILLE PORIRUA MOTORWAY,TAKAPU RD UPASS NBD,,Non-Injury Crash,Yes,2020,0.0,North,0.0,0,0.0,Flat,1.0,,0.0,,0.0,Twilight,2053703,0,0.0,0.0,2.0,0.0,0.0,0.0,0.0,0.0,,0.0,0.0,Wellington Region,Nil,1-way,Sealed,0.0,0.0,0,0.0,100.0,0.0,On,0.0,0.0,,47,Wellington City,Nil,0.0,0.0,0.0,0.0,0.0,0.0,Open,0.0,0.0,0.0,Light rain,Strong wind,1
66449588,,574002,0.0,,0.0,2.0,,North,2019/2020,HUTT ROAD,RAILYARD ENTRY,,Non-Injury Crash,Yes,2020,,South,,0,,Flat,,,,,,Bright sun,2078302,0,0.0,0.0,4.0,,,0.0,,,,,,Wellington Region,Nil,2-way,Sealed,,0.0,0,,100.0,,Off,0.0,0.0,,47,Wellington City,Nil,,,,,0.0,0.0,Open,0.0,,,Fine,Null,1
66449613,,573000,0.0,,0.0,2.0,,Null,2020/2021,WILLIS STREET,GHUZNEE STREET,,Non-Injury Crash,No,2020,,North,,0,,Hill Road,,,,,,Twilight,2129700,0,0.0,0.0,3.0,,,0.0,,,,,,Wellington Region,Nil,2-way,Sealed,,0.0,0,,50.0,,Off,0.0,0.0,,47,Wellington City,Traffic Signals,,,,,0.0,0.0,Urban,0.0,,,Fine,Null,1
66449657,,576903,0.0,0.0,0.0,2.0,0.0,Null,2019/2020,TULLY STREET,KILBIRNIE CRESCENT,,Non-Injury Crash,No,2020,0.0,East,0.0,0,0.0,Flat,0.0,,0.0,,0.0,Dark,2179101,0,0.0,0.0,0.0,0.0,0.0,0.0,0.0,1.0,,0.0,0.0,Wellington Region,Nil,2-way,Sealed,0.0,0.0,0,0.0,50.0,0.0,On,0.0,0.0,,47,Wellington City,Nil,0.0,0.0,0.0,0.0,0.0,0.0,Urban,0.0,0.0,0.0,Fine,Null,1
66449674,,576400,0.0,,1.0,1.0,,North,2020/2021,ALEXANDRA ROAD,CRAWFORD ROAD,,Non-Injury Crash,No,2020,,North,,0,,Flat,,,,,,Overcast,2168300,0,0.0,0.0,2.0,,,0.0,,,,,,Wellington Region,Nil,2-way,Sealed,,0.0,0,,50.0,,Off,0.0,0.0,,47,Wellington City,Nil,,,,,0.0,0.0,Urban,0.0,,,Light rain,Null,1
66449677,,576903,0.0,,0.0,1.0,,Null,2020/2021,WELLINGTON ROAD,WELLINGTON ROAD,,Minor Crash,No,2020,,East,,0,,Flat,,,,,,Overcast,2180200,1,0.0,0.0,2.0,,,0.0,,,1.0,,,Wellington Region,Nil,2-way,Sealed,,0.0,0,,50.0,,Off,0.0,1.0,,47,Wellington City,Give way,,,,,0.0,0.0,Urban,0.0,,,Fine,Null,1
66449702,,573801,0.0,0.0,0.0,1.0,0.0,Null,2019/2020,BEAZLEY AVENUE,MARK AVENUE,,Non-Injury Crash,No,2019,0.0,West,0.0,0,1.0,Flat,0.0,,0.0,,0.0,Bright sun,2079300,0,0.0,0.0,2.0,0.0,0.0,0.0,0.0,0.0,,0.0,0.0,Wellington Region,Nil,2-way,Sealed,0.0,0.0,0,0.0,50.0,0.0,Off,1.0,0.0,,47,Wellington City,Give way,0.0,0.0,0.0,0.0,0.0,0.0,Urban,0.0,0.0,0.0,Fine,Null,0
66449728,,574001,0.0,0.0,0.0,2.0,0.0,Null,2019/2020,HOROKIWI ROAD WEST,KENMORE STREET,,Minor Crash,No,2019,0.0,East,0.0,0,0.0,Hill Road,0.0,,0.0,,0.0,Twilight,2076300,2,0.0,0.0,1.0,0.0,0.0,0.0,0.0,1.0,,0.0,0.0,Wellington Region,Nil,2-way,Sealed,0.0,0.0,0,0.0,50.0,0.0,On,0.0,0.0,,47,Wellington City,Give way,0.0,0.0,0.0,0.0,0.0,0.0,Urban,1.0,0.0,0.0,Fine,Null,0
66449740,,577500,0.0,0.0,0.0,2.0,0.0,South,2019/2020,INGLIS STREET,BURNHAM STREET,,Non-Injury Crash,No,2019,0.0,North,0.0,0,0.0,Hill Road,0.0,,0.0,,0.0,Overcast,2211700,0,0.0,0.0,2.0,0.0,0.0,0.0,0.0,1.0,,0.0,0.0,Wellington Region,Nil,2-way,Sealed,0.0,0.0,0,0.0,50.0,0.0,Off,0.0,0.0,,47,Wellington City,Unknown,0.0,0.0,0.0,0.0,0.0,0.0,Urban,0.0,0.0,0.0,Fine,Null,0
66449756,,573000,0.0,,0.0,1.0,,Null,2019/2020,JERVOIS QUAY,HARRIS STREET,,Non-Injury Crash,No,2019,,South,,0,,Flat,,,,,,Overcast,2124300,0,0.0,0.0,6.0,,,0.0,,,,,,Wellington Region,Nil,2-way,Sealed,,0.0,0,,50.0,,Off,1.0,0.0,,47,Wellington City,Traffic Signals,,,,,0.0,0.0,Urban,1.0,,,Fine,Null,0
66449773,,575200,0.0,,0.0,2.0,,Null,2020/2021,NORTHLAND ROAD,GARDEN ROAD,,Non-Injury Crash,No,2020,,West,,0,,Hill Road,,,,,,Unknown,2150900,0,0.0,0.0,2.0,,,0.0,,,,,,Wellington Region,Nil,2-way,Sealed,,0.0,0,,50.0,,Null,0.0,0.0,,47,Wellington City,Give way,,,,,0.0,0.0,Urban,0.0,,,Null,Null,1
66449783,,573523,0.0,0.0,0.0,1.0,0.0,North,2021/2022,CHURTON PARK-GLENSIDE OFF RAMP,GRENADA DRIVE,,Minor Crash,No,2022,0.0,South,0.0,0,0.0,Flat,0.0,,0.0,,0.0,Dark,2086312,1,0.0,0.0,1.0,0.0,0.0,0.0,0.0,0.0,,0.0,0.0,Wellington Region,Nil,1-way,Sealed,0.0,0.0,0,0.0,100.0,0.0,On,0.0,0.0,30.0,47,Wellington City,Nil,0.0,0.0,0.0,0.0,0.0,0.0,Open,1.0,1.0,0.0,Fine,Null,0
66449803,,575800,0.0,0.0,0.0,3.0,0.0,South,2020/2021,OHIRO ROAD,RUA KAI WAY,,Non-Injury Crash,No,2020,0.0,South,0.0,0,0.0,Flat,0.0,,0.0,,0.0,Overcast,2197101,0,0.0,0.0,2.0,0.0,0.0,0.0,0.0,2.0,,0.0,0.0,Wellington Region,Nil,2-way,Sealed,0.0,0.0,0,0.0,50.0,0.0,Off,0.0,0.0,,47,Wellington City,Nil,0.0,0.0,0.0,0.0,0.0,0.0,Urban,0.0,0.0,0.0,Fine,Null,1
66449844,,572900,0.0,0.0,0.0,1.0,0.0,North,2019/2020,WELLINGTON URBAN MOTORWAY,MOLESWORTH OBR,,Non-Injury Crash,Yes,2020,1.0,North,0.0,0,0.0,Flat,0.0,,0.0,,0.0,Bright sun,2119300,0,0.0,0.0,7.0,0.0,0.0,0.0,0.0,0.0,,0.0,0.0,Wellington Region,Nil,2-way,Sealed,0.0,0.0,0,0.0,100.0,0.0,Off,0.0,0.0,,47,Wellington City,Nil,0.0,0.0,0.0,0.0,0.0,0.0,Open,0.0,0.0,0.0,Fine,Null,1
66449875,,576901,0.0,,0.0,0.0,,Null,2020/2021,TROY STREET,COBHAM DRIVE,,Non-Injury Crash,No,2020,,North,,0,,Null,,,,,,Unknown,2176800,0,0.0,0.0,3.0,,,0.0,,,,,,Wellington Region,Nil,1-way,Sealed,,0.0,0,,50.0,,Null,1.0,0.0,,47,Wellington City,Give way,,,,,0.0,1.0,Urban,0.0,,,Null,Null,1
66449918,,574001,0.0,0.0,0.0,0.0,0.0,North,2019/2020,KENMORE ST,BANCROFT TERRACE,,Non-Injury Crash,No,2019,0.0,Null,0.0,0,0.0,Hill Road,0.0,,0.0,,0.0,Dark,2076300,0,0.0,0.0,2.0,0.0,0.0,0.0,0.0,1.0,,0.0,0.0,Wellington Region,Nil,2-way,Sealed,0.0,0.0,0,0.0,50.0,0.0,On,0.0,0.0,,47,Wellington City,Unknown,0.0,0.0,0.0,0.0,0.0,0.0,Urban,1.0,0.0,0.0,Null,Null,0
66449939,,573400,0.0,,0.0,2.0,,Null,2020/2021,HANIA STREET,ELLICE STREET,,Non-Injury Crash,No,2020,,South,,0,,Flat,,,,,,Bright sun,2143600,0,0.0,0.0,2.0,,,0.0,,,,,,Wellington Region,Nil,2-way,Sealed,,0.0,0,,50.0,,Off,0.0,1.0,,47,Wellington City,Give way,,,,,0.0,0.0,Urban,0.0,,,Fine,Null,1
66449964,,572701,0.0,0.0,0.0,0.0,0.0,North,2019/2020,CHASTUDON PLACE,ORDLEY GROVE,,Non-Injury Crash,No,2020,0.0,East,0.0,0,0.0,Flat,0.0,,1.0,,0.0,Twilight,1994704,0,0.0,0.0,2.0,0.0,0.0,0.0,0.0,0.0,,0.0,0.0,Wellington Region,Nil,2-way,Sealed,0.0,0.0,0,0.0,50.0,0.0,Null,0.0,0.0,,47,Wellington City,Nil,0.0,0.0,0.0,0.0,0.0,0.0,Urban,0.0,0.0,0.0,Heavy rain,Null,1
66449971,,574303,0.0,0.0,0.0,0.0,0.0,South,2020/2021,WELLINGTON URBAN MOTORWAY,HUTT ROAD,,Serious Crash,Yes,2021,0.0,North,0.0,0,0.0,Flat,1.0,,0.0,,0.0,Twilight,2090402,0,0.0,1.0,6.0,0.0,0.0,0.0,0.0,0.0,,0.0,0.0,Wellington Region,Nil,2-way,Sealed,0.0,0.0,1,0.0,100.0,0.0,Off,0.0,0.0,,47,Wellington City,Nil,0.0,0.0,0.0,0.0,0.0,0.0,Open,1.0,0.0,0.0,Fine,Null,1
66449974,,574303,0.0,,0.0,1.0,,North,2019/2020,CENTENNIAL HIGHWAY,TYERS ROAD,,Non-Injury Crash,Yes,2020,,North,,0,,Hill Road,,,,,,Overcast,2088705,0,0.0,0.0,3.0,,,0.0,,,,,,Wellington Region,Bridge,1-way,Sealed,,0.0,0,,80.0,,Off,0.0,0.0,,47,Wellington City,Unknown,,,,,0.0,0.0,Open,2.0,,,Fine,Null,1
66449999,,573000,0.0,,0.0,1.0,,Null,2020/2021,WHITMORE STREET,LAMBTON QUAY,,Non-Injury Crash,No,2020,,South,,0,,Null,,,,,,Overcast,2123800,0,0.0,0.0,4.0,,,0.0,,,,,,Wellington Region,Nil,2-way,Sealed,,0.0,0,,50.0,,Null,0.0,0.0,,47,Wellington City,Traffic Signals,,,,,0.0,0.0,Urban,0.0,,,Fine,Null,1
66450004,,573903,0.0,0.0,0.0,2.0,0.0,North,2019/2020,FITZPATRICK STREET,GOW STREET,,Non-Injury Crash,No,2020,0.0,North,0.0,0,0.0,Flat,0.0,,0.0,,0.0,Dark,2074302,0,0.0,0.0,2.0,0.0,0.0,0.0,0.0,1.0,,0.0,0.0,Wellington Region,Nil,2-way,Sealed,0.0,0.0,0,0.0,50.0,0.0,On,0.0,0.0,,47,Wellington City,Nil,0.0,0.0,0.0,0.0,0.0,0.0,Urban,0.0,0.0,0.0,Fine,Null,1
66450017,,572900,0.0,0.0,0.0,0.0,0.0,North,2020/2021,BURNELL AVENUE,PARK STREET,,Non-Injury Crash,No,2020,0.0,South,0.0,0,0.0,Null,0.0,,0.0,,0.0,Unknown,2120500,0,0.0,0.0,2.0,0.0,0.0,0.0,0.0,1.0,,0.0,0.0,Wellington Region,Nil,2-way,Sealed,0.0,0.0,0,0.0,50.0,0.0,Null,2.0,0.0,,47,Wellington City,Unknown,0.0,0.0,0.0,0.0,0.0,0.0,Urban,0.0,0.0,0.0,Null,Null,1
66450049,,573903,0.0,,0.0,1.0,,North,2019/2020,JOHNSONVILLE ON RAMP,NEWLANDS OBR SBD,,Non-Injury Crash,No,2020,,South,,0,,Flat,,,,,,Overcast,2075103,0,0.0,0.0,2.0,,,0.0,,,,,,Wellington Region,Nil,1-way,Sealed,,0.0,0,,100.0,,Off,0.0,0.0,,47,Wellington City,Nil,,,,,0.0,0.0,Open,1.0,,,Fine,Null,1
66450171,,573101,0.0,0.0,0.0,1.0,0.0,Null,2019/2020,WILLIS STREET,MANNERS STREET,,Non-Injury Crash,No,2019,0.0,South,0.0,0,0.0,Hill Road,0.0,,0.0,,0.0,Bright sun,2131300,0,0.0,0.0,3.0,0.0,0.0,0.0,0.0,1.0,,0.0,0.0,Wellington Region,Nil,2-way,Sealed,0.0,0.0,0,0.0,30.0,0.0,Off,0.0,0.0,,47,Wellington City,Nil,0.0,0.0,0.0,0.0,1.0,0.0,Urban,1.0,0.0,0.0,Fine,Null,0
66450179,,573526,0.0,0.0,0.0,0.0,0.0,North,2019/2020,HUTT ROAD,SERVICE STN NTH,,Non-Injury Crash,Yes,2020,0.0,North,0.0,0,0.0,Flat,1.0,,0.0,,0.0,Overcast,2086403,0,0.0,0.0,4.0,0.0,0.0,0.0,0.0,0.0,,0.0,0.0,Wellington Region,Nil,2-way,Sealed,0.0,0.0,0,0.0,100.0,0.0,Off,0.0,0.0,,47,Wellington City,Unknown,0.0,0.0,0.0,0.0,0.0,0.0,Open,1.0,0.0,0.0,Fine,Null,1
66450185,,576200,0.0,0.0,1.0,1.0,0.0,Null,2019/2020,CHILKA STREET,STANLEY STREET,,Non-Injury Crash,No,2019,0.0,South,0.0,0,0.0,Null,0.0,,0.0,,0.0,Unknown,2173000,0,0.0,0.0,2.0,0.0,0.0,0.0,0.0,1.0,,0.0,0.0,Wellington Region,Nil,2-way,Null,0.0,0.0,0,0.0,50.0,0.0,Null,0.0,0.0,,47,Wellington City,Nil,0.0,0.0,0.0,0.0,0.0,0.0,Urban,0.0,0.0,0.0,Null,Null,0
66450225,,574600,0.0,,0.0,2.0,,Null,2019/2020,WADESTOWN ROAD,CECIL ROAD,,Non-Injury Crash,No,2019,,West,,0,,Flat,,,,,,Bright sun,2101100,0,0.0,0.0,2.0,,,0.0,,,,,,Wellington Region,Nil,2-way,Null,,0.0,0,,50.0,,Off,0.0,0.0,,47,Wellington City,Nil,,,,,0.0,0.0,Urban,0.0,,,Fine,Null,0
66450239,,573400,1.0,,0.0,1.0,,South,2020/2021,ALEXANDRA ROAD,LOOKOUT ROAD,,Minor Crash,No,2021,,North,,0,,Hill Road,,,,,,Bright sun,2143300,1,0.0,0.0,2.0,,,0.0,,,,,,Wellington Region,Nil,2-way,Sealed,,0.0,0,,50.0,,Off,0.0,0.0,,47,Wellington City,Nil,,,,,0.0,0.0,Urban,0.0,,,Fine,Null,1
66450305,,574702,0.0,,0.0,2.0,,South,2019/2020,CHURCHILL DRIVE,BLACKBRIDGE ROAD,,Non-Injury Crash,No,2020,,South,,0,,Hill Road,,,,,,Bright sun,2103800,0,0.0,0.0,2.0,,,0.0,,,,,,Wellington Region,Nil,2-way,Sealed,,0.0,0,,50.0,,Off,0.0,0.0,,47,Wellington City,Nil,,,,,0.0,0.0,Urban,0.0,,,Fine,Null,1
66450315,,573700,0.0,,0.0,1.0,,Null,2019/2020,JOHNSONVILLE ROAD,MOOREFIELD ROAD,,Non-Injury Crash,No,2020,,North,,0,,Flat,,,,,,Bright sun,2082800,0,1.0,0.0,2.0,,,0.0,,,,,,Wellington Region,Nil,2-way,Sealed,,0.0,0,,50.0,,Off,0.0,0.0,,47,Wellington City,Give way,,,,,0.0,0.0,Urban,0.0,,,Fine,Null,1
66450316,,575100,0.0,0.0,0.0,1.0,0.0,West,2019/2020,KARORI ROAD,NATALIE WAY,,Non-Injury Crash,No,2020,0.0,South,0.0,0,0.0,Flat,0.0,,0.0,,0.0,Twilight,2116100,0,0.0,0.0,2.0,0.0,0.0,0.0,0.0,1.0,,0.0,0.0,Wellington Region,Nil,2-way,Sealed,0.0,0.0,0,0.0,50.0,0.0,Off,1.0,0.0,,47,Wellington City,Nil,0.0,0.0,0.0,0.0,0.0,0.0,Urban,0.0,0.0,0.0,Fine,Null,1
66450318,,572600,0.0,,0.0,1.0,,North,2020/2021,MAIN ROAD,ESSEX STREET,,Minor Crash,No,2020,,North,,0,,Flat,,,,,,Overcast,1990500,1,0.0,1.0,2.0,,,0.0,,,,,,Wellington Region,Nil,2-way,Sealed,,0.0,0,,50.0,,On,0.0,0.0,,47,Wellington City,Nil,,,,,0.0,0.0,Urban,0.0,,,Light rain,Null,1