OBJECTID,advisorySpeed,areaUnitID,bicycle,bridge,bus,carStationWagon,cliffBank,crashDirectionDescription,crashFinancialYear,crashLocation1,crashLocation2,crashRoadSideRoad,crashSeverity,crashSHDescription,crashYear,debris,directionRoleDescription,ditch,fatalCount,fence,flatHill,guardRail,holiday,houseOrBuilding,intersection,kerb,light,meshblockId,minorInjuryCount,moped,motorcycle,NumberOfLanes,objectThrownOrDropped,otherObject,otherVehicleType,overBank,parkedVehicle,pedestrian,phoneBoxEtc,postOrPole,region,roadCharacter,roadLane,roadSurface,roadworks,schoolBus,seriousInjuryCount,slipOrFlood,speedLimit,strayAnimal,streetLight,suv,taxi,temporarySpeedLimit,tlaId,tlaName,trafficControl,trafficIsland,trafficSign,train,tree,truck,unknownVehicleType,urban,vanOrUtility,vehicle,waterRiver,weatherA,weatherB,if_pandemic
66450323,,576901,0.0,,0.0,1.0,,North,2019/2020,BRIDGE STREET,COUTTS STREET,,Non-Injury Crash,No,2019,,Null,,0,,Null,,,,,,Overcast,2176500,0,0.0,0.0,2.0,,,0.0,,,,,,Wellington Region,Nil,2-way,Sealed,,0.0,0,,50.0,,Off,0.0,0.0,,47,Wellington City,Unknown,,,,,0.0,0.0,Urban,1.0,,,Light rain,Null,0
66450344,,574002,0.0,,0.0,0.0,,North,2019/2020,01N-1060-I,WAKELY ROAD,,Minor Crash,Yes,2019,,South,,0,,Hill Road,,,,,,Bright sun,2078304,1,0.0,1.0,3.0,,,0.0,,,,,,Wellington Region,Nil,1-way,Sealed,,0.0,0,,80.0,,Off,0.0,0.0,,47,Wellington City,Unknown,,,,,0.0,0.0,Open,0.0,,,Fine,Null,0
66450372,,573101,0.0,0.0,0.0,2.0,0.0,Null,2019/2020,CAMBRIDGE TERRACE,COURTENAY PLACE,,Minor Crash,No,2020,0.0,North,0.0,0,0.0,Hill Road,0.0,,0.0,,0.0,Bright sun,2135700,1,0.0,0.0,3.0,0.0,0.0,0.0,0.0,0.0,,0.0,0.0,Wellington Region,Nil,1-way,Sealed,0.0,0.0,0,0.0,50.0,0.0,Off,0.0,0.0,,47,Wellington City,Traffic Signals,0.0,4.0,0.0,0.0,0.0,0.0,Urban,0.0,0.0,0.0,Fine,Null,1
66450410,,574002,1.0,,0.0,1.0,,Null,2020/2021,CENTENNIAL HIGHWAY OFF RAMP,CENTENNIAL HIGHWAY,,Minor Crash,No,2020,,South,,0,,Hill Road,,,,,,Bright sun,2078302,1,0.0,0.0,2.0,,,0.0,,,,,,Wellington Region,Motorway ramp,1-way,Sealed,,0.0,0,,80.0,,Off,0.0,0.0,,47,Wellington City,Nil,,,,,0.0,0.0,Open,0.0,,,Fine,Null,1
66450412,,573101,0.0,,0.0,2.0,,West,2019/2020,COURTENAY PLACE,TARANAKI STREET,,Non-Injury Crash,No,2019,,West,,0,,Flat,,,,,,Bright sun,2135600,0,0.0,0.0,1.0,,,0.0,,,,,,Wellington Region,Nil,1-way,Sealed,,0.0,0,,30.0,,Off,0.0,0.0,,47,Wellington City,Nil,,,,,0.0,0.0,Urban,0.0,,,Fine,Null,0
66450480,,577700,0.0,0.0,0.0,1.0,0.0,North,2019/2020,TAKARAU GORGE ROAD,MAKARA ROAD,,Non-Injury Crash,No,2020,0.0,West,0.0,0,1.0,Flat,0.0,,0.0,,0.0,Bright sun,2116500,0,0.0,0.0,2.0,0.0,0.0,0.0,0.0,0.0,,0.0,0.0,Wellington Region,Nil,2-way,Sealed,0.0,0.0,0,0.0,60.0,0.0,None,0.0,0.0,,47,Wellington City,Nil,0.0,0.0,0.0,0.0,0.0,0.0,Urban,0.0,0.0,0.0,Fine,Null,1
66450501,,576800,1.0,0.0,0.0,1.0,0.0,South,2020/2021,EVANS BAY PARADE,SNAPPER PT,,Serious Crash,No,2021,0.0,South,0.0,0,0.0,Flat,0.0,,0.0,,0.0,Bright sun,2137102,0,0.0,0.0,2.0,0.0,0.0,0.0,0.0,1.0,,0.0,0.0,Wellington Region,Nil,2-way,Sealed,0.0,0.0,1,0.0,50.0,0.0,Off,0.0,0.0,,47,Wellington City,Nil,0.0,0.0,0.0,0.0,0.0,0.0,Urban,0.0,0.0,0.0,Fine,Strong wind,1
66450517,,573101,0.0,,1.0,0.0,,East,2020/2021,MANNERS STREET,CUBA STREET,,Non-Injury Crash,No,2020,,West,,0,,Flat,,,,,,Bright sun,2133200,0,0.0,0.0,2.0,,,0.0,,,1.0,,,Wellington Region,Nil,2-way,Sealed,,0.0,0,,30.0,,Off,0.0,0.0,,47,Wellington City,Nil,,,,,0.0,0.0,Urban,0.0,,,Fine,Null,1
66450519,,575300,0.0,,1.0,1.0,,South,2019/2020,GLENMORE STREET,UPLAND ROAD,,Non-Injury Crash,No,2020,,South,,0,,Hill Road,,,,,,Bright sun,2152600,0,0.0,0.0,3.0,,,0.0,,,,,,Wellington Region,Nil,2-way,Sealed,,0.0,0,,50.0,,Off,0.0,0.0,,47,Wellington City,Unknown,,,,,0.0,0.0,Urban,0.0,,,Fine,Null,1
66450520,,573700,0.0,,0.0,1.0,,Null,2019/2020,JOHNSONVILLE ROAD,NORMAN LANE,,Non-Injury Crash,No,2020,,South,,0,,Flat,,,,,,Bright sun,2082800,0,0.0,0.0,2.0,,,0.0,,,,,,Wellington Region,Nil,2-way,Sealed,,0.0,0,,50.0,,Off,1.0,0.0,,47,Wellington City,Nil,,,,,0.0,0.0,Urban,0.0,,,Fine,Null,1
66450589,,577200,0.0,0.0,0.0,1.0,0.0,Null,2020/2021,MIRAMAR AVENUE,IRA STREET,,Non-Injury Crash,No,2021,0.0,South,0.0,0,0.0,Flat,0.0,,0.0,,0.0,Dark,2207900,0,0.0,0.0,2.0,0.0,0.0,0.0,0.0,0.0,,0.0,0.0,Wellington Region,Nil,2-way,Sealed,0.0,0.0,0,0.0,50.0,0.0,On,0.0,0.0,,47,Wellington City,Stop,0.0,1.0,0.0,0.0,0.0,0.0,Urban,0.0,0.0,0.0,Fine,Null,1
66450607,,572900,1.0,,1.0,0.0,,North,2019/2020,PARK STREET,TINAKORI ROAD,,Minor Crash,No,2020,,South,,0,,Hill Road,,,,,,Twilight,2120500,1,0.0,0.0,3.0,,,0.0,,,,,,Wellington Region,Nil,2-way,Sealed,,0.0,0,,50.0,,Off,0.0,0.0,30.0,47,Wellington City,Nil,,,,,0.0,0.0,Urban,0.0,,,Fine,Null,1
66450621,,573600,0.0,,0.0,1.0,,Null,2020/2021,BASSETT ROAD,HELSTON ROAD,,Non-Injury Crash,No,2020,,North,,0,,Flat,,,,,,Twilight,2081200,0,0.0,0.0,2.0,,,0.0,,,,,,Wellington Region,Nil,1-way,Sealed,,0.0,0,,50.0,,Off,0.0,0.0,,47,Wellington City,Give way,,,,,0.0,0.0,Urban,0.0,,,Fine,Null,1
66450623,,573101,0.0,,0.0,2.0,,Null,2020/2021,TARANAKI STREET,WIGAN STREET,,Minor Crash,No,2021,,South,,0,,Flat,,Queens Birthday,,,,Overcast,2134900,1,0.0,0.0,3.0,,,0.0,,,,,,Wellington Region,Nil,2-way,Sealed,,0.0,0,,50.0,,Off,0.0,0.0,,47,Wellington City,Give way,,,,,0.0,0.0,Urban,0.0,,,Fine,Null,1
66450660,,573000,0.0,,0.0,1.0,,North,2019/2020,WELLINGTON URBAN MOTORWAY,SOUTH PORTA,,Non-Injury Crash,Yes,2019,,South,,0,,Flat,,,,,,Bright sun,2128700,0,0.0,0.0,3.0,,,0.0,,,,,,Wellington Region,Tunnel,2-way,Sealed,,0.0,0,,60.0,,On,2.0,0.0,,47,Wellington City,Unknown,,,,,0.0,0.0,Urban,1.0,,,Fine,Null,0
66450676,,576800,0.0,0.0,0.0,1.0,0.0,Null,2019/2020,MOXHAM AVENUE,WAITOA ROAD,,Non-Injury Crash,No,2019,0.0,North,0.0,0,0.0,Hill Road,0.0,,0.0,,0.0,Dark,2182100,0,0.0,0.0,2.0,0.0,0.0,0.0,0.0,0.0,,1.0,0.0,Wellington Region,Nil,2-way,Sealed,0.0,0.0,0,0.0,30.0,0.0,On,1.0,0.0,,47,Wellington City,Give way,0.0,0.0,0.0,0.0,0.0,0.0,Urban,0.0,0.0,0.0,Light rain,Null,0
66450689,,573000,0.0,,0.0,2.0,,Null,2020/2021,HUNTER STREET,CUSTOMHOUSE QUAY,,Serious Crash,No,2021,,East,,0,,Flat,,,,,,Dark,2125800,2,0.0,0.0,3.0,,,0.0,,,,,,Wellington Region,Nil,1-way,Sealed,,0.0,1,,30.0,,On,0.0,1.0,,47,Wellington City,Traffic Signals,,,,,0.0,0.0,Urban,0.0,,,Heavy rain,Null,1
66450697,,573300,0.0,0.0,0.0,0.0,0.0,West,2020/2021,ROLLESTON STREET,WALLACE STREET,,Non-Injury Crash,No,2020,0.0,North,0.0,0,0.0,Null,0.0,,0.0,,0.0,Unknown,2145200,0,0.0,0.0,2.0,0.0,0.0,0.0,0.0,1.0,,0.0,0.0,Wellington Region,Nil,2-way,Sealed,0.0,0.0,0,0.0,50.0,0.0,Null,1.0,0.0,,47,Wellington City,Unknown,0.0,0.0,0.0,0.0,0.0,0.0,Urban,0.0,0.0,0.0,Null,Null,1
66450705,,573522,0.0,,0.0,1.0,,North,2020/2021,JOHNSONVILLE PORIRUA MOTORWAY,TAKAPU RD UPASS SBD,,Non-Injury Crash,Yes,2020,,South,,0,,Hill Road,,,,,,Dark,2053703,0,0.0,0.0,2.0,,,0.0,,,,,,Wellington Region,Nil,1-way,Sealed,,0.0,0,,100.0,,On,0.0,0.0,,47,Wellington City,Nil,,,,,0.0,0.0,Open,0.0,,,Fine,Frost,1
66450726,,573101,0.0,,0.0,0.0,,East,2018/2019,ABEL SMITH ST,CUBA STREET,,Non-Injury Crash,No,2019,,West,,0,,Flat,,,,,,Bright sun,2134400,0,0.0,0.0,2.0,,,0.0,,,,,,Wellington Region,Nil,2-way,Sealed,,0.0,0,,50.0,,Off,0.0,0.0,,47,Wellington City,Nil,,,,,0.0,0.0,Urban,2.0,,,Fine,Null,0
66450730,,574500,0.0,,0.0,1.0,,Null,2019/2020,HUTT ROAD,SCHOOL ROAD,,Non-Injury Crash,No,2020,,North,,0,,Flat,,,,,,Bright sun,2093600,0,0.0,0.0,5.0,,,0.0,,,,,,Wellington Region,Nil,2-way,Sealed,,0.0,0,,60.0,,Off,0.0,0.0,,47,Wellington City,Give way,,,,,1.0,0.0,Urban,0.0,,,Fine,Null,1
66450772,,573101,0.0,,0.0,1.0,,Null,2019/2020,TARANAKI STREET,ABEL SMITH STREET,,Non-Injury Crash,No,2019,,South,,0,,Flat,,,,,,Overcast,2134800,0,1.0,0.0,3.0,,,0.0,,,,,,Wellington Region,Nil,2-way,Sealed,,0.0,0,,50.0,,Off,0.0,0.0,,47,Wellington City,Give way,,,,,0.0,0.0,Urban,0.0,,,Fine,Null,0
66450815,,574001,0.0,0.0,0.0,2.0,0.0,South,2020/2021,NEWLANDS ROAD,BRACKEN ROAD,,Non-Injury Crash,No,2021,0.0,East,0.0,0,0.0,Flat,0.0,,0.0,,0.0,Overcast,2076300,0,0.0,0.0,2.0,0.0,0.0,0.0,0.0,1.0,,0.0,0.0,Wellington Region,Nil,2-way,Sealed,0.0,0.0,0,0.0,50.0,0.0,On,0.0,0.0,,47,Wellington City,Nil,0.0,0.0,0.0,0.0,0.0,0.0,Urban,0.0,0.0,0.0,Fine,Null,1
66450819,,575300,0.0,0.0,1.0,4.0,0.0,South,2019/2020,KELBURN PARADE,CITY TO SEA WALKWAY,,Non-Injury Crash,No,2020,0.0,South,0.0,0,0.0,Hill Road,0.0,,0.0,,0.0,Overcast,2155300,0,0.0,0.0,2.0,0.0,0.0,0.0,0.0,5.0,,0.0,0.0,Wellington Region,Nil,2-way,Sealed,0.0,0.0,0,0.0,50.0,0.0,Off,0.0,0.0,,47,Wellington City,Nil,0.0,0.0,0.0,0.0,0.0,0.0,Urban,1.0,0.0,0.0,Fine,Null,1
66450837,,576903,0.0,0.0,0.0,1.0,0.0,North,2020/2021,EVANS BAY PARADE,WELLINGTON ROAD,,Non-Injury Crash,No,2020,0.0,North,0.0,0,0.0,Flat,0.0,,0.0,,0.0,Unknown,2180102,0,0.0,0.0,3.0,0.0,0.0,0.0,0.0,1.0,,0.0,0.0,Wellington Region,Nil,2-way,Sealed,0.0,0.0,0,0.0,50.0,0.0,Null,0.0,0.0,,47,Wellington City,Nil,0.0,0.0,0.0,0.0,0.0,0.0,Urban,1.0,0.0,0.0,Null,Null,1
66450868,,573511,0.0,0.0,0.0,1.0,0.0,South,2019/2020,01N-1060-D,TAWA-GRENADA NORTH OFF RAMP,,Minor Crash,Yes,2020,0.0,North,0.0,0,0.0,Flat,1.0,,0.0,,0.0,Twilight,2086201,1,0.0,0.0,2.0,0.0,0.0,0.0,0.0,0.0,,0.0,0.0,Wellington Region,Nil,1-way,Sealed,0.0,0.0,0,0.0,100.0,0.0,On,0.0,0.0,,47,Wellington City,Unknown,0.0,0.0,0.0,0.0,0.0,0.0,Open,0.0,0.0,0.0,Fine,Null,1
66450910,,573523,1.0,,0.0,1.0,,Null,2020/2021,GRENADA DRIVE,CHURTON PARK-GLENSIDE OFF RAMP,,Minor Crash,No,2020,,West,,0,,Hill Road,,,,,,Bright sun,2086310,1,0.0,0.0,2.0,,,0.0,,,,,,Wellington Region,Overpass,2-way,Sealed,,0.0,0,,50.0,,Off,0.0,0.0,,47,Wellington City,Stop,,,,,0.0,0.0,Urban,0.0,,,Fine,Null,1
66450951,,576901,0.0,0.0,0.0,1.0,0.0,East,2020/2021,COBHAM DRIVE,EVANS BAY PARADE,,Non-Injury Crash,Yes,2020,1.0,East,0.0,0,0.0,Flat,0.0,,0.0,,0.0,Dark,2177800,0,0.0,0.0,2.0,0.0,0.0,0.0,0.0,0.0,,0.0,0.0,Wellington Region,Nil,1-way,Sealed,0.0,0.0,0,0.0,70.0,0.0,On,0.0,0.0,,47,Wellington City,Nil,0.0,0.0,0.0,0.0,0.0,0.0,Urban,0.0,0.0,0.0,Fine,Null,1
66450989,,573000,0.0,,0.0,1.0,,North,2019/2020,THE TERRACE,MAURICE TERRACE,,Non-Injury Crash,No,2019,,North,,0,,Hill Road,,,,,,Twilight,2128700,0,0.0,0.0,2.0,,,0.0,,,,,,Wellington Region,Nil,2-way,Sealed,,0.0,0,,50.0,,None,0.0,0.0,,47,Wellington City,Nil,,,,,0.0,0.0,Urban,0.0,,,Fine,Null,0
66451000,,573101,0.0,,0.0,1.0,,Null,2020/2021,TARANAKI STREET,ARTHUR STREET,,Non-Injury Crash,No,2020,,North,,0,,Flat,,,,,,Dark,2134700,0,0.0,0.0,2.0,,,0.0,,,,,,Wellington Region,Nil,2-way,Sealed,,0.0,0,,50.0,,On,1.0,0.0,,47,Wellington City,Traffic Signals,,,,,0.0,0.0,Urban,0.0,,,Null,Null,1
66451014,,576301,0.0,0.0,0.0,0.0,0.0,South,2019/2020,RINTOUL STREET,COLOMBO STREET,,Non-Injury Crash,No,2020,0.0,North,0.0,0,0.0,Flat,0.0,Queens Birthday,0.0,,0.0,Bright sun,2165000,0,0.0,0.0,2.0,0.0,0.0,0.0,0.0,1.0,,0.0,0.0,Wellington Region,Nil,2-way,Sealed,0.0,0.0,0,0.0,50.0,0.0,Null,1.0,0.0,,47,Wellington City,Nil,0.0,0.0,0.0,0.0,1.0,0.0,Urban,0.0,0.0,0.0,Null,Null,1
66451062,,572900,0.0,0.0,0.0,1.0,0.0,South,2019/2020,AOTEA QUAY OFF RAMP,WELLINGTON URBAN MOTORWAY,,Minor Crash,No,2020,0.0,South,0.0,0,0.0,Flat,1.0,,0.0,,0.0,Dark,2118400,1,0.0,0.0,3.0,0.0,0.0,0.0,0.0,0.0,,0.0,0.0,Wellington Region,Motorway ramp,1-way,Sealed,0.0,0.0,0,0.0,100.0,0.0,On,0.0,0.0,,47,Wellington City,Nil,0.0,0.0,0.0,0.0,0.0,0.0,Open,0.0,0.0,0.0,Fine,Null,1
66451144,,577200,1.0,,0.0,1.0,,Null,2018/2019,IRA STREET,DEVONSHIRE ROAD,,Non-Injury Crash,No,2019,,South,,0,,Flat,,,,,,Twilight,2207900,0,0.0,0.0,2.0,,,0.0,,,,,,Wellington Region,Nil,2-way,Sealed,,0.0,0,,30.0,,On,0.0,0.0,,47,Wellington City,Give way,,,,,0.0,0.0,Urban,0.0,,,Fine,Null,0
66451157,,573000,0.0,,0.0,0.0,,Null,2020/2021,HARRIS STREET,VICTORIA STREET,,Minor Crash,No,2021,,West,,0,,Flat,,,,,,Overcast,2127500,2,0.0,0.0,2.0,,,0.0,,,1.0,,,Wellington Region,Nil,2-way,Sealed,,0.0,0,,30.0,,Off,0.0,0.0,,47,Wellington City,Give way,,,,,0.0,0.0,Urban,1.0,,,Light rain,Null,1
66451180,,573801,0.0,0.0,0.0,1.0,0.0,North,2020/2021,JOHNSONVILLE PORIRUA MOTORWAY,HELSTON OBR,,Non-Injury Crash,Yes,2020,0.0,South,0.0,0,0.0,Hill Road,1.0,,0.0,,0.0,Overcast,2079000,0,0.0,0.0,2.0,0.0,0.0,1.0,0.0,0.0,,0.0,0.0,Wellington Region,Underpass,1-way,Sealed,0.0,0.0,0,0.0,100.0,0.0,Off,0.0,0.0,,47,Wellington City,Unknown,0.0,0.0,0.0,0.0,2.0,0.0,Open,0.0,0.0,0.0,Fine,Null,1
66451182,,574500,1.0,,0.0,0.0,,North,2019/2020,HUTT ROAD,AOTEA QUAY,,Minor Crash,No,2020,,North,,0,,Flat,,,,,,Twilight,2093600,1,0.0,0.0,4.0,,,0.0,,,,,,Wellington Region,Nil,2-way,Sealed,,0.0,0,,60.0,,Off,0.0,0.0,,47,Wellington City,Nil,,,,,1.0,0.0,Urban,0.0,,,Light rain,Strong wind,1
66451204,,573526,0.0,,0.0,0.0,,West,2019/2020,HUTT ROAD,HOROKIWI ROAD,,Minor Crash,Yes,2020,,West,,0,,Flat,,,,,,Overcast,2077503,2,0.0,0.0,2.0,,,0.0,,,,,,Wellington Region,Nil,1-way,Sealed,,0.0,0,,100.0,,Off,1.0,0.0,,47,Wellington City,Nil,,,,,0.0,0.0,Open,1.0,,,Fine,Null,1
66451238,,577000,0.0,0.0,0.0,0.0,0.0,South,2019/2020,QUEENS DRIVE,TORU STREET,,Minor Crash,No,2020,0.0,North,0.0,0,0.0,Flat,0.0,,0.0,,0.0,Bright sun,2174200,1,0.0,1.0,2.0,0.0,0.0,0.0,0.0,1.0,,0.0,0.0,Wellington Region,Nil,2-way,Sealed,0.0,0.0,0,0.0,50.0,0.0,Off,1.0,0.0,,47,Wellington City,Nil,0.0,0.0,0.0,0.0,0.0,0.0,Urban,0.0,0.0,0.0,Fine,Null,1
66451253,,573000,0.0,,0.0,1.0,,South,2019/2020,JERVOIS QUAY,HARRIS STREET,,Non-Injury Crash,No,2020,,North,,0,,Flat,,,,,,Overcast,2127800,0,0.0,0.0,3.0,,,0.0,,,,,,Wellington Region,Nil,1-way,Sealed,,0.0,0,,50.0,,Off,1.0,1.0,,47,Wellington City,Nil,,,,,0.0,0.0,Urban,0.0,,,Fine,Null,1
66451274,,573523,0.0,0.0,0.0,1.0,0.0,South,2019/2020,JOHNSONVILLE PORIRUA MOTORWAY,WESTCHESTER DRIVE OBR SBD,,Non-Injury Crash,Yes,2020,0.0,South,0.0,0,0.0,Flat,0.0,,0.0,,0.0,Bright sun,2086310,0,0.0,0.0,2.0,0.0,0.0,0.0,1.0,0.0,,0.0,1.0,Wellington Region,Overpass,1-way,Sealed,0.0,0.0,0,0.0,100.0,0.0,Off,0.0,0.0,,47,Wellington City,Nil,0.0,0.0,0.0,0.0,0.0,0.0,Open,0.0,0.0,0.0,Fine,Frost,1
66451289,35.0,573101,0.0,,0.0,2.0,,Null,2020/2021,VICTORIA STREET,KARO DRIVE,,Non-Injury Crash,No,2020,,West,,0,,Flat,,,,,,Dark,2132400,0,0.0,0.0,2.0,,,0.0,,,,,,Wellington Region,Nil,1-way,Sealed,,0.0,0,,50.0,,On,0.0,0.0,,47,Wellington City,Traffic Signals,,,,,0.0,0.0,Urban,0.0,,,Fine,Null,1
66451321,,576002,1.0,,0.0,1.0,,North,2020/2021,THE PARADE,MEDWAY STREET,,Minor Crash,No,2021,,North,,0,,Flat,,,,,,Overcast,2190400,1,0.0,0.0,2.0,,,0.0,,,,,,Wellington Region,Nil,2-way,Sealed,,0.0,0,,30.0,,Off,0.0,0.0,,47,Wellington City,Nil,,,,,0.0,0.0,Urban,0.0,,,Fine,Null,1
66451334,,574100,0.0,,0.0,0.0,,North,2019/2020,MOOREFIELD ROAD,HAUMIA STREET,,Non-Injury Crash,No,2019,,South,,0,,Null,,,,,,Twilight,2083800,0,0.0,0.0,2.0,,,0.0,,,,,,Wellington Region,Nil,2-way,Sealed,,0.0,0,,50.0,,Null,1.0,0.0,,47,Wellington City,Nil,,,,,0.0,0.0,Urban,0.0,,,Null,Null,0
66451336,,573000,0.0,0.0,0.0,1.0,0.0,Null,2019/2020,FEATHERSTON STREET,WARING TAYLOR STREET,,Non-Injury Crash,No,2020,0.0,South,0.0,0,0.0,Flat,0.0,,0.0,,0.0,Bright sun,2125100,0,1.0,0.0,2.0,0.0,0.0,0.0,0.0,1.0,,0.0,0.0,Wellington Region,Nil,1-way,Sealed,0.0,0.0,0,0.0,50.0,0.0,Off,0.0,0.0,,47,Wellington City,Traffic Signals,0.0,0.0,0.0,0.0,0.0,0.0,Urban,0.0,0.0,0.0,Fine,Null,1
66451363,,572900,0.0,0.0,0.0,0.0,0.0,North,2020/2021,AOTEA QUAY,OLD RLY XING,,Non-Injury Crash,No,2020,0.0,North,0.0,0,0.0,Flat,1.0,,0.0,,0.0,Dark,2118400,0,0.0,0.0,4.0,0.0,0.0,0.0,0.0,0.0,,0.0,0.0,Wellington Region,Nil,2-way,Sealed,0.0,0.0,0,0.0,50.0,0.0,On,1.0,0.0,,47,Wellington City,Unknown,0.0,0.0,0.0,0.0,0.0,0.0,Urban,0.0,0.0,0.0,Fine,Null,1
66451392,,573526,0.0,,0.0,2.0,,West,2019/2020,HUTT ROAD,SERVICE STN NTH,,Non-Injury Crash,Yes,2019,,West,,0,,Flat,,,,,,Overcast,2077503,0,0.0,0.0,2.0,,,0.0,,,,,,Wellington Region,Nil,1-way,Sealed,,0.0,0,,100.0,,On,0.0,0.0,,47,Wellington City,Nil,,,,,0.0,0.0,Open,0.0,,,Fine,Null,0
66451441,,576903,0.0,,0.0,5.0,,South,2020/2021,RUAHINE STREET,GOA STREET,,Non-Injury Crash,Yes,2020,,North,,0,,Flat,,,,,,Bright sun,2180601,0,0.0,0.0,2.0,,,0.0,,,,,,Wellington Region,Nil,2-way,Sealed,,0.0,0,,70.0,,Off,0.0,0.0,,47,Wellington City,Nil,,,,,0.0,0.0,Urban,0.0,,,Fine,Null,1
66451496,,573000,0.0,0.0,0.0,1.0,0.0,North,2020/2021,THE TERRACE,GHUZNEE STREET,,Non-Injury Crash,No,2020,0.0,North,0.0,0,0.0,Hill Road,0.0,,0.0,,0.0,Overcast,2130500,0,0.0,0.0,2.0,0.0,0.0,0.0,0.0,1.0,,0.0,0.0,Wellington Region,Nil,2-way,Sealed,0.0,0.0,0,0.0,50.0,0.0,Off,1.0,0.0,,47,Wellington City,Nil,0.0,0.0,0.0,0.0,0.0,0.0,Urban,0.0,0.0,0.0,Light rain,Null,1
66451537,,573101,0.0,0.0,0.0,0.0,0.0,Null,2020/2021,CAMBRIDGE TERRACE,KENT TERRACE,,Minor Crash,No,2021,0.0,North,0.0,0,0.0,Flat,0.0,,0.0,,0.0,Bright sun,2137000,1,0.0,0.0,3.0,0.0,1.0,0.0,0.0,0.0,,0.0,0.0,Wellington Region,Nil,2-way,Sealed,0.0,0.0,0,0.0,50.0,0.0,Off,1.0,0.0,,47,Wellington City,Give way,0.0,0.0,0.0,0.0,0.0,0.0,Urban,0.0,0.0,0.0,Fine,Null,1
66451539,,577102,0.0,,0.0,1.0,,South,2020/2021,STRATHMORE AVENUE,BROADWAY,,Non-Injury Crash,No,2020,,East,,0,,Flat,,,,,,Bright sun,2214600,0,0.0,0.0,2.0,,,0.0,,,1.0,,,Wellington Region,Nil,2-way,Sealed,,0.0,0,,50.0,,None,0.0,0.0,,47,Wellington City,Nil,,,,,0.0,0.0,Urban,0.0,,,Fine,Null,1
66451549,,573600,0.0,,0.0,2.0,,North,2021/2022,BASSETT ROAD,OHARIU ROAD,,Minor Crash,No,2021,,North,,0,,Hill Road,,,,,,Bright sun,2080700,1,0.0,0.0,2.0,,,0.0,,,,,,Wellington Region,Nil,2-way,Sealed,,0.0,0,,50.0,,Off,0.0,0.0,,47,Wellington City,Unknown,,,,,0.0,0.0,Urban,0.0,,,Fine,Null,1
66451559,,573903,0.0,0.0,0.0,1.0,0.0,North,2020/2021,NEWLANDS ROAD,STELLA GROVE,,Non-Injury Crash,No,2020,0.0,North,0.0,0,0.0,Flat,0.0,,0.0,,0.0,Dark,2073900,0,0.0,0.0,2.0,0.0,0.0,0.0,0.0,1.0,,0.0,0.0,Wellington Region,Nil,2-way,Sealed,0.0,0.0,0,0.0,50.0,0.0,On,0.0,0.0,,47,Wellington City,Nil,0.0,0.0,0.0,0.0,0.0,1.0,Urban,0.0,0.0,0.0,Fine,Null,1
66451577,,573000,1.0,,0.0,1.0,,Null,2020/2021,HUNTER STREET,CUSTOMHOUSE QUAY,,Non-Injury Crash,No,2020,,West,,0,,Flat,,,,,,Twilight,2125800,0,0.0,0.0,3.0,,,0.0,,,,,,Wellington Region,Nil,1-way,Sealed,,0.0,0,,30.0,,On,0.0,0.0,,47,Wellington City,Traffic Signals,,,,,0.0,0.0,Urban,0.0,,,Fine,Null,1
66451648,,576301,0.0,0.0,0.0,0.0,0.0,Null,2019/2020,ADELAIDE ROAD,STOKE STREET,,Non-Injury Crash,No,2020,0.0,South,0.0,0,0.0,Hill Road,0.0,,1.0,,0.0,Bright sun,2164500,0,0.0,0.0,2.0,0.0,0.0,0.0,0.0,0.0,,0.0,0.0,Wellington Region,Nil,2-way,Sealed,0.0,0.0,0,0.0,50.0,0.0,Off,0.0,0.0,,47,Wellington City,Give way,0.0,0.0,0.0,0.0,1.0,0.0,Urban,0.0,0.0,0.0,Fine,Null,1
66451838,,576903,0.0,,0.0,2.0,,Null,2019/2020,WELLINGTON ROAD,MOXHAM AVENUE,,Non-Injury Crash,Yes,2019,,East,,0,,Hill Road,,,,,,Overcast,2180602,0,0.0,0.0,2.0,,,0.0,,,,,,Wellington Region,Nil,2-way,Sealed,,0.0,0,,50.0,,Off,0.0,0.0,,47,Wellington City,Give way,,,,,0.0,0.0,Urban,0.0,,,Fine,Strong wind,0
66451889,,572900,0.0,0.0,0.0,1.0,0.0,Null,2019/2020,LAMBTON QUAY,MOLESWORTH STREET,,Non-Injury Crash,No,2019,0.0,East,0.0,0,0.0,Hill Road,0.0,,0.0,,1.0,Bright sun,2122400,0,0.0,0.0,2.0,0.0,0.0,0.0,0.0,0.0,,0.0,0.0,Wellington Region,Nil,1-way,Sealed,0.0,0.0,0,0.0,30.0,0.0,Off,0.0,0.0,,47,Wellington City,Traffic Signals,0.0,0.0,0.0,0.0,1.0,0.0,Urban,0.0,0.0,0.0,Fine,Null,0
66451955,,573903,0.0,,0.0,1.0,,Null,2019/2020,NEWLANDS ROAD,NEWLANDS OFF RAMP,,Non-Injury Crash,No,2020,,West,,0,,Null,,,,,,Unknown,2075103,0,0.0,0.0,2.0,,,0.0,,,,,,Wellington Region,Nil,2-way,Sealed,,0.0,0,,50.0,,Null,0.0,0.0,,47,Wellington City,Traffic Signals,,,,,0.0,0.0,Urban,0.0,,,Null,Null,1