OBJECTID,advisorySpeed,areaUnitID,bicycle,bridge,bus,carStationWagon,cliffBank,crashDirectionDescription,crashFinancialYear,crashLocation1,crashLocation2,crashRoadSideRoad,crashSeverity,crashSHDescription,crashYear,debris,directionRoleDescription,ditch,fatalCount,fence,flatHill,guardRail,holiday,houseOrBuilding,intersection,kerb,light,meshblockId,minorInjuryCount,moped,motorcycle,NumberOfLanes,objectThrownOrDropped,otherObject,otherVehicleType,overBank,parkedVehicle,pedestrian,phoneBoxEtc,postOrPole,region,roadCharacter,roadLane,roadSurface,roadworks,schoolBus,seriousInjuryCount,slipOrFlood,speedLimit,strayAnimal,streetLight,suv,taxi,temporarySpeedLimit,tlaId,tlaName,trafficControl,trafficIsland,trafficSign,train,tree,truck,unknownVehicleType,urban,vanOrUtility,vehicle,waterRiver,weatherA,weatherB,if_pandemic
66451963,,572900,0.0,0.0,0.0,1.0,0.0,South,2019/2020,TINAKORI ROAD,UPTON TERRACE,,Non-Injury Crash,No,2020,0.0,North,0.0,0,0.0,Null,0.0,,0.0,,0.0,Unknown,2121700,0,0.0,0.0,2.0,0.0,0.0,0.0,0.0,1.0,,0.0,0.0,Wellington Region,Nil,2-way,Sealed,0.0,0.0,0,0.0,30.0,0.0,Null,0.0,0.0,,47,Wellington City,Nil,0.0,0.0,0.0,0.0,1.0,0.0,Urban,0.0,0.0,0.0,Null,Null,1
66452095,,576901,0.0,,0.0,2.0,,Null,2020/2021,COBHAM DRIVE,TROY STREET,,Non-Injury Crash,Yes,2020,,South,,0,,Flat,,,,,,Overcast,2176800,0,0.0,0.0,2.0,,,0.0,,,,,,Wellington Region,Nil,1-way,Sealed,,0.0,0,,70.0,,Off,0.0,0.0,,47,Wellington City,Give way,,,,,0.0,0.0,Urban,0.0,,,Light rain,Null,1
66452103,,573522,0.0,,0.0,1.0,,Null,2020/2021,TAKAPU ROAD,TAWA-GRENADA NORTH OFF RAMP,,Minor Crash,No,2021,,South,,0,,Flat,,,,,,Overcast,2053703,1,0.0,0.0,2.0,,,0.0,,,,,,Wellington Region,Nil,2-way,Sealed,,0.0,0,,70.0,,Off,1.0,0.0,,47,Wellington City,Stop,,,,,0.0,0.0,Urban,0.0,,,Fine,Null,1
66452198,,574001,0.0,0.0,0.0,4.0,0.0,West,2019/2020,NEWLANDS ROAD,WAKELY ROAD,,Non-Injury Crash,No,2020,0.0,West,0.0,0,0.0,Flat,0.0,,0.0,,0.0,Dark,2077600,0,0.0,0.0,2.0,0.0,0.0,0.0,0.0,1.0,,0.0,0.0,Wellington Region,Nil,2-way,Sealed,0.0,0.0,0,0.0,50.0,0.0,On,0.0,0.0,,47,Wellington City,Nil,0.0,0.0,0.0,0.0,0.0,0.0,Urban,0.0,0.0,0.0,Fine,Null,1
66452212,,573000,0.0,0.0,0.0,1.0,0.0,North,2019/2020,THE TERRACE,SALAMANCA ROAD ,,Non-Injury Crash,No,2019,0.0,South,0.0,0,0.0,Hill Road,0.0,,0.0,,0.0,Dark,2127900,0,0.0,0.0,2.0,0.0,0.0,0.0,0.0,1.0,,0.0,0.0,Wellington Region,Nil,2-way,Sealed,0.0,0.0,0,0.0,50.0,0.0,On,0.0,0.0,,47,Wellington City,Nil,0.0,0.0,0.0,0.0,0.0,0.0,Urban,0.0,0.0,0.0,Null,Null,0
66452300,,576301,0.0,,0.0,2.0,,Null,2019/2020,HALL STREET,ADELAIDE ROAD,,Non-Injury Crash,No,2019,,West,,0,,Flat,,,,,,Overcast,2164600,0,0.0,0.0,2.0,,,0.0,,,,,,Wellington Region,Nil,2-way,Sealed,,0.0,0,,50.0,,Off,0.0,0.0,,47,Wellington City,Traffic Signals,,,,,0.0,0.0,Urban,0.0,,,Fine,Null,0
66452312,,573700,0.0,,0.0,1.0,,South,2019/2020,JOHNSONVILLE PORIRUA MOTORWAY,HELSTON OBR,,Non-Injury Crash,Yes,2019,,North,,0,,Flat,,,,,,Overcast,2082800,0,0.0,0.0,4.0,,,0.0,,,,,,Wellington Region,Nil,2-way,Sealed,,0.0,0,,100.0,,Off,1.0,0.0,,47,Wellington City,Nil,,,,,0.0,0.0,Open,1.0,,,Fine,Null,0
66452323,,574900,1.0,0.0,0.0,1.0,0.0,East,2020/2021,SUNSHINE AVENUE,VICTORY AVENUE,,Non-Injury Crash,No,2020,0.0,South,0.0,0,0.0,Hill Road,0.0,,0.0,,0.0,Bright sun,2109502,0,2.0,1.0,2.0,0.0,0.0,0.0,0.0,2.0,,0.0,0.0,Wellington Region,Nil,2-way,Sealed,0.0,0.0,0,0.0,50.0,0.0,Off,0.0,0.0,,47,Wellington City,Unknown,0.0,0.0,0.0,0.0,0.0,0.0,Urban,0.0,0.0,0.0,Fine,Frost,1
66452376,,576901,0.0,,0.0,1.0,,Null,2019/2020,MAHORA STREET,RONGOTAI ROAD,,Non-Injury Crash,No,2019,,North,,0,,Flat,,,,,,Overcast,2178200,0,0.0,0.0,2.0,,,0.0,,,,,,Wellington Region,Nil,2-way,Sealed,,0.0,0,,50.0,,Off,0.0,0.0,,47,Wellington City,Give way,,,,,1.0,0.0,Urban,0.0,,,Fine,Null,0
66452492,,573101,0.0,,0.0,2.0,,Null,2019/2020,TARANAKI STREET,VIVIAN STREET,,Non-Injury Crash,No,2019,,South,,0,,Flat,,,,,,Bright sun,2133800,0,0.0,0.0,5.0,,,0.0,,,,,,Wellington Region,Nil,2-way,Sealed,,0.0,0,,50.0,,Null,0.0,0.0,,47,Wellington City,Traffic Signals,,,,,0.0,0.0,Urban,0.0,,,Fine,Null,0
66452493,,574401,0.0,0.0,0.0,1.0,2.0,West,2019/2020,AWARUA STREET,ROTHSAY ROAD,,Non-Injury Crash,No,2020,0.0,East,0.0,0,0.0,Hill Road,0.0,,0.0,,0.0,Bright sun,2094601,0,0.0,0.0,2.0,0.0,0.0,0.0,0.0,0.0,,0.0,0.0,Wellington Region,Nil,2-way,Sealed,0.0,0.0,0,0.0,50.0,0.0,Off,0.0,0.0,,47,Wellington City,Nil,0.0,0.0,0.0,0.0,0.0,0.0,Urban,0.0,0.0,0.0,Fine,Null,1
66452512,,576400,0.0,,0.0,1.0,,Null,2020/2021,CONSTABLE STREET,HIROPI STREET,,Minor Crash,No,2021,,East,,0,,Hill Road,,,,,,Bright sun,2168000,1,1.0,0.0,2.0,,,0.0,,,,,,Wellington Region,Nil,2-way,Sealed,,0.0,0,,50.0,,None,0.0,0.0,,47,Wellington City,Give way,,,,,0.0,0.0,Urban,0.0,,,Fine,Null,1
66452520,,576903,0.0,,0.0,2.0,,Null,2020/2021,WELLINGTON ROAD,RUAHINE STREET,,Non-Injury Crash,No,2020,,East,,0,,Hill Road,,,,,,Twilight,2180400,0,0.0,0.0,2.0,,,0.0,,,,,,Wellington Region,Nil,2-way,Sealed,,0.0,0,,50.0,,On,0.0,0.0,,47,Wellington City,Give way,,,,,0.0,0.0,Urban,0.0,,,Fine,Null,1
66452539,,574002,0.0,0.0,0.0,1.0,0.0,Null,2019/2020,CENTENNIAL HIGHWAY,HUTT ROAD ON RAMP,,Non-Injury Crash,No,2020,0.0,South,0.0,0,0.0,Flat,0.0,,0.0,,0.0,Dark,2078302,0,0.0,0.0,1.0,0.0,0.0,0.0,0.0,0.0,,0.0,0.0,Wellington Region,Motorway ramp,1-way,Sealed,0.0,0.0,0,0.0,80.0,0.0,On,0.0,0.0,,47,Wellington City,Nil,0.0,1.0,0.0,0.0,0.0,0.0,Open,0.0,0.0,0.0,Fine,Null,1
66452551,,573101,0.0,0.0,0.0,2.0,0.0,Null,2019/2020,CUBA STREET,TONKS GROVE,,Non-Injury Crash,No,2019,0.0,North,0.0,0,0.0,Flat,0.0,,0.0,,0.0,Bright sun,2134600,0,0.0,0.0,2.0,0.0,0.0,0.0,0.0,1.0,,0.0,0.0,Wellington Region,Nil,2-way,Sealed,0.0,0.0,0,0.0,50.0,0.0,Off,0.0,0.0,,47,Wellington City,Nil,0.0,0.0,0.0,0.0,0.0,0.0,Urban,0.0,0.0,0.0,Null,Null,0
66452593,,573000,0.0,,0.0,3.0,,North,2020/2021,WELLINGTON URBAN MOTORWAY,NORTH PORTAL SBD,,Minor Crash,Yes,2021,,North,,0,,Flat,,,,,,Bright sun,2126700,3,0.0,0.0,3.0,,,0.0,,,,,,Wellington Region,Tunnel,2-way,Sealed,,0.0,0,,70.0,,Null,0.0,0.0,,47,Wellington City,Nil,,,,,0.0,0.0,Urban,0.0,,,Fine,Null,1
66452653,,576200,0.0,,0.0,1.0,,Null,2019/2020,ADELAIDE ROAD,DAWSON STREET,,Minor Crash,No,2019,,South,,0,,Flat,,,,,,Dark,2173100,1,1.0,0.0,2.0,,,0.0,,,,,,Wellington Region,Nil,2-way,Sealed,,0.0,0,,50.0,,On,0.0,0.0,,47,Wellington City,Nil,,,,,0.0,0.0,Urban,0.0,,,Fine,Null,0
66452679,,576901,0.0,0.0,0.0,3.0,0.0,North,2019/2020,MAHORA ST,COUTTS STREET,,Serious Crash,No,2019,0.0,North,0.0,0,0.0,Flat,0.0,,0.0,,0.0,Overcast,2177100,0,0.0,0.0,2.0,0.0,0.0,0.0,0.0,2.0,,0.0,0.0,Wellington Region,Nil,2-way,Sealed,0.0,0.0,1,0.0,50.0,0.0,Off,0.0,0.0,,47,Wellington City,Unknown,0.0,0.0,0.0,0.0,0.0,0.0,Urban,0.0,0.0,0.0,Fine,Frost,0
66452694,,577000,0.0,,0.0,1.0,,Null,2019/2020,RESOLUTION STREET,ONEPU ROAD ,,Non-Injury Crash,No,2019,,West,,0,,Flat,,,,,,Unknown,2174900,0,0.0,0.0,2.0,,,0.0,,,1.0,,,Wellington Region,Nil,2-way,Sealed,,0.0,0,,50.0,,Null,0.0,0.0,,47,Wellington City,Nil,,,,,0.0,0.0,Urban,0.0,,,Null,Null,0
66452708,,573802,0.0,,0.0,3.0,,South,2019/2020,JOHNSONVILLE PORIRUA MOTORWAY,HELSTON OBR,,Non-Injury Crash,Yes,2020,,South,,0,,Flat,,,,,,Overcast,2078400,0,0.0,0.0,4.0,,,0.0,,,,,,Wellington Region,Nil,2-way,Sealed,,0.0,0,,100.0,,Off,0.0,0.0,,47,Wellington City,Nil,,,,,0.0,0.0,Open,0.0,,,Fine,Null,1
66452727,,573000,0.0,0.0,0.0,1.0,0.0,Null,2019/2020,VICTORIA STREET,MANING LANE,,Non-Injury Crash,No,2019,0.0,North,0.0,0,0.0,Null,0.0,,0.0,,0.0,Unknown,2127500,0,0.0,0.0,2.0,0.0,0.0,0.0,0.0,1.0,,0.0,0.0,Wellington Region,Nil,1-way,Sealed,0.0,0.0,0,0.0,30.0,0.0,Null,1.0,0.0,,47,Wellington City,Nil,0.0,0.0,0.0,0.0,0.0,0.0,Urban,0.0,0.0,0.0,Null,Null,0
66452747,25.0,577000,0.0,0.0,0.0,1.0,0.0,Null,2019/2020,QUEENS DRIVE,SUTHERLAND ROAD,,Non-Injury Crash,No,2020,0.0,South,0.0,0,0.0,Flat,0.0,,0.0,,0.0,Dark,2174400,0,0.0,0.0,2.0,0.0,0.0,0.0,0.0,1.0,,0.0,0.0,Wellington Region,Nil,2-way,Sealed,0.0,0.0,0,0.0,30.0,0.0,On,0.0,0.0,20.0,47,Wellington City,Nil,0.0,0.0,0.0,0.0,0.0,0.0,Urban,0.0,0.0,0.0,Fine,Frost,1
66452749,,573101,0.0,0.0,0.0,1.0,0.0,Null,2020/2021,TARANAKI STREET,HALLEYS LANE,,Non-Injury Crash,No,2020,0.0,South,0.0,0,0.0,Null,0.0,,0.0,,0.0,Unknown,2133200,0,0.0,0.0,5.0,0.0,0.0,0.0,0.0,1.0,,0.0,0.0,Wellington Region,Nil,2-way,Null,0.0,0.0,0,0.0,50.0,0.0,Null,0.0,0.0,,47,Wellington City,Traffic Signals,0.0,0.0,0.0,0.0,0.0,0.0,Urban,0.0,0.0,0.0,Null,Null,1
66452784,,573000,0.0,,0.0,3.0,,North,2019/2020,WELLINGTON URBAN MOTORWAY,EVERTON OBR,,Non-Injury Crash,Yes,2019,,South,,0,,Flat,,,,,,Bright sun,2126403,0,0.0,0.0,2.0,,,0.0,,,,,,Wellington Region,Nil,1-way,Sealed,,0.0,0,,100.0,,Off,0.0,0.0,,47,Wellington City,Unknown,,,,,0.0,0.0,Open,1.0,,,Fine,Null,0
66452810,,575600,0.0,0.0,0.0,1.0,0.0,North,2020/2021,WASHINGTON AVENUE,DORKING ROAD,,Non-Injury Crash,No,2021,0.0,East,0.0,0,0.0,Hill Road,0.0,,1.0,,0.0,Bright sun,2162800,0,0.0,0.0,2.0,0.0,0.0,0.0,0.0,0.0,,0.0,0.0,Wellington Region,Nil,2-way,Sealed,0.0,0.0,0,0.0,50.0,0.0,Off,0.0,0.0,,47,Wellington City,Nil,0.0,0.0,0.0,0.0,0.0,0.0,Urban,0.0,0.0,0.0,Fine,Null,1
66452826,,572701,0.0,0.0,0.0,1.0,0.0,North,2020/2021,JOHNSONVILLE PORIRUA MOTORWAY,TRANSMISSION GULLY MOTORWAY,,Non-Injury Crash,Yes,2020,0.0,North,0.0,0,0.0,Hill Road,2.0,,0.0,,0.0,Dark,1995600,0,0.0,0.0,2.0,0.0,0.0,0.0,0.0,0.0,,0.0,0.0,Wellington Region,Nil,2-way,Sealed,0.0,0.0,0,0.0,100.0,0.0,None,0.0,0.0,70.0,47,Wellington City,Unknown,0.0,0.0,0.0,0.0,0.0,0.0,Open,0.0,0.0,0.0,Fine,Strong wind,1
66452857,,574100,0.0,,0.0,1.0,,North,2020/2021,CENTENNIAL HIGHWAY,NEWLANDS OBR NBD,,Non-Injury Crash,Yes,2020,,North,,0,,Hill Road,,,,,,Twilight,2084600,0,0.0,0.0,3.0,,,0.0,,,,,,Wellington Region,Nil,2-way,Sealed,,0.0,0,,80.0,,Off,0.0,0.0,,47,Wellington City,Unknown,,,,,0.0,0.0,Open,1.0,,,Fine,Null,1
66452860,,573000,0.0,0.0,0.0,0.0,0.0,East,2019/2020,HARRIS STREET,VICTORIA STREET,,Non-Injury Crash,No,2019,0.0,East,0.0,0,0.0,Flat,0.0,,1.0,,0.0,Overcast,2127500,0,0.0,0.0,2.0,0.0,0.0,0.0,0.0,0.0,,0.0,0.0,Wellington Region,Nil,2-way,Sealed,0.0,0.0,0,0.0,50.0,0.0,On,0.0,0.0,,47,Wellington City,Unknown,0.0,0.0,0.0,0.0,1.0,0.0,Urban,0.0,0.0,0.0,Fine,Null,0
66452881,,576600,0.0,,0.0,1.0,,South,2019/2020,WILKINSON STREET,GRASS STREET,,Non-Injury Crash,No,2020,,South,,0,,Null,,,,,,Bright sun,2137600,0,0.0,0.0,2.0,,,0.0,,,,,,Wellington Region,Nil,2-way,Sealed,,0.0,0,,40.0,,Null,1.0,0.0,,47,Wellington City,Nil,,,,,0.0,0.0,Urban,0.0,,,Fine,Null,1
66452918,,572900,0.0,0.0,0.0,1.0,0.0,South,2019/2020,AOTEA QUAY ON RAMP,AOTEA QUAY OBR,,Minor Crash,No,2020,0.0,North,0.0,0,0.0,Flat,1.0,,0.0,,0.0,Dark,2118400,1,0.0,0.0,1.0,0.0,0.0,0.0,0.0,0.0,,0.0,0.0,Wellington Region,Motorway ramp,1-way,Sealed,0.0,0.0,0,0.0,70.0,0.0,On,0.0,0.0,,47,Wellington City,Nil,0.0,0.0,0.0,0.0,0.0,0.0,Urban,0.0,0.0,0.0,Fine,Null,1
66452929,,573101,0.0,,0.0,2.0,,Null,2019/2020,KENT TERRACE,VIVIAN STREET,,Non-Injury Crash,Yes,2019,,East,,0,,Null,,,,,,Unknown,2136500,0,0.0,0.0,2.0,,,0.0,,,,,,Wellington Region,Nil,1-way,Sealed,,0.0,0,,50.0,,Null,0.0,0.0,,47,Wellington City,Traffic Signals,,,,,0.0,0.0,Urban,0.0,,,Null,Null,0
66452945,,573700,0.0,,0.0,1.0,,Null,2020/2021,MOOREFIELD ROAD,FRANKMOORE AVENUE,,Minor Crash,No,2020,,East,,0,,Flat,,,,,,Dark,2082800,1,0.0,0.0,2.0,,,0.0,,,1.0,,,Wellington Region,Nil,2-way,Sealed,,0.0,0,,50.0,,On,0.0,0.0,,47,Wellington City,Give way,,,,,0.0,0.0,Urban,0.0,,,Fine,Null,1
66452970,,573101,1.0,,0.0,0.0,,Null,2019/2020,VICTORIA STREET,ABEL SMITH STREET,,Non-Injury Crash,No,2020,,South,,0,,Null,,,,,,Overcast,2132200,0,0.0,0.0,3.0,,,0.0,,,,,,Wellington Region,Nil,1-way,Sealed,,0.0,0,,30.0,,Off,0.0,0.0,,47,Wellington City,Traffic Signals,,,,,0.0,0.0,Urban,0.0,,,Null,Null,1
66453028,,576301,0.0,,0.0,2.0,,East,2019/2020,HALL STREET,ADELAIDE ROAD,,Non-Injury Crash,No,2019,,East,,0,,Hill Road,,,,,,Dark,2164600,0,0.0,0.0,2.0,,,0.0,,,,,,Wellington Region,Nil,2-way,Sealed,,0.0,0,,50.0,,On,0.0,0.0,,47,Wellington City,Unknown,,,,,0.0,0.0,Urban,0.0,,,Fine,Null,0
66453045,,573511,0.0,,0.0,1.0,,South,2019/2020,01N-1060-D,TAWA-GRENADA NORTH OFF RAMP,,Non-Injury Crash,Yes,2019,,North,,0,,Flat,,,,,,Overcast,2086201,0,0.0,0.0,2.0,,,0.0,,,,,,Wellington Region,Nil,1-way,Sealed,,0.0,0,,100.0,,Off,0.0,0.0,,47,Wellington City,Nil,,,,,0.0,1.0,Open,1.0,,,Fine,Null,0
66453078,,573200,0.0,,0.0,1.0,,Null,2019/2020,ARO STREET,ADAMS TERRACE,,Serious Crash,No,2020,,West,,0,,Flat,,,,,,Dark,2156802,0,0.0,0.0,2.0,,,0.0,,,1.0,,,Wellington Region,Nil,2-way,Sealed,,0.0,1,,50.0,,On,0.0,0.0,,47,Wellington City,Nil,,,,,0.0,0.0,Urban,0.0,,,Fine,Null,1
66453088,,576200,0.0,0.0,0.0,3.0,0.0,South,2018/2019,ADELAIDE RD,DUPPA STREET,,Non-Injury Crash,No,2019,0.0,South,0.0,0,0.0,Hill Road,0.0,,0.0,,0.0,Overcast,2172700,0,0.0,0.0,2.0,0.0,0.0,0.0,0.0,1.0,,0.0,0.0,Wellington Region,Nil,2-way,Sealed,0.0,0.0,0,0.0,50.0,0.0,Off,0.0,1.0,,47,Wellington City,Unknown,0.0,0.0,0.0,0.0,0.0,0.0,Urban,0.0,0.0,0.0,Fine,Null,0
66453110,,576800,0.0,0.0,0.0,2.0,0.0,North,2019/2020,WAIPAPA ROAD,KAINUI ROAD,,Non-Injury Crash,No,2020,0.0,South,0.0,0,0.0,Flat,0.0,,0.0,,0.0,Bright sun,2183700,0,0.0,0.0,2.0,0.0,0.0,0.0,0.0,1.0,,0.0,0.0,Wellington Region,Nil,2-way,Sealed,0.0,0.0,0,0.0,50.0,0.0,Off,1.0,0.0,,47,Wellington City,Nil,0.0,0.0,0.0,0.0,0.0,0.0,Urban,1.0,0.0,0.0,Fine,Strong wind,1
66453112,,572500,0.0,,0.0,3.0,,North,2019/2020,JOHNSONVILLE PORIRUA MOTORWAY,TAWA-GRENADA NORTH ON RAMP,,Minor Crash,Yes,2020,,North,,0,,Flat,,,,,,Bright sun,1986601,1,0.0,0.0,4.0,,,0.0,,,,,,Wellington Region,Nil,2-way,Sealed,,0.0,0,,100.0,,Off,0.0,0.0,,47,Wellington City,Nil,,,,,0.0,0.0,Open,1.0,,,Fine,Null,1
66453132,,576903,0.0,,0.0,2.0,,South,2019/2020,CRAWFORD ROAD,NAUGHTON TERRACE,,Non-Injury Crash,No,2020,,South,,0,,Flat,,,,,,Overcast,2179200,0,0.0,0.0,2.0,,,0.0,,,,,,Wellington Region,Nil,2-way,Sealed,,0.0,0,,50.0,,Off,0.0,0.0,,47,Wellington City,Nil,,,,,0.0,0.0,Urban,0.0,,,Fine,Null,1
66453141,,573522,0.0,0.0,0.0,1.0,0.0,South,2019/2020,JOHNSONVILLE PORIRUA MOTORWAY,TAWA-GRENADA NORTH ON RAMP,,Non-Injury Crash,Yes,2019,0.0,South,0.0,0,0.0,Flat,1.0,,0.0,,0.0,Overcast,2086311,0,0.0,0.0,2.0,0.0,0.0,0.0,0.0,0.0,,0.0,0.0,Wellington Region,Nil,1-way,Sealed,0.0,0.0,0,0.0,100.0,0.0,None,0.0,0.0,,47,Wellington City,Nil,0.0,0.0,0.0,0.0,0.0,0.0,Open,0.0,0.0,0.0,Mist or Fog,Strong wind,0
66453148,,574303,0.0,0.0,0.0,1.0,0.0,North,2019/2020,WELLINGTON URBAN MOTORWAY,HUTT ROAD,,Non-Injury Crash,Yes,2019,0.0,South,0.0,0,0.0,Flat,1.0,,0.0,,0.0,Overcast,2090402,0,0.0,0.0,2.0,0.0,0.0,0.0,0.0,0.0,,0.0,0.0,Wellington Region,Motorway ramp,1-way,Sealed,0.0,0.0,0,0.0,100.0,0.0,Off,0.0,0.0,,47,Wellington City,Nil,0.0,0.0,0.0,0.0,0.0,0.0,Open,0.0,0.0,0.0,Light rain,Null,0
66453155,,574100,0.0,,0.0,2.0,,South,2019/2020,JOHNSONVILLE OFF RAMP,CORLETT STREET,,Non-Injury Crash,No,2019,,North,,0,,Hill Road,,,,,,Overcast,2084600,0,0.0,0.0,2.0,,,0.0,,,,,,Wellington Region,Motorway ramp,1-way,Sealed,,0.0,0,,50.0,,Off,0.0,0.0,,47,Wellington City,Nil,,,,,0.0,0.0,Urban,0.0,,,Fine,Null,0
66453182,,576500,0.0,,0.0,1.0,,North,2019/2020,RIDDIFORD STREET,MEIN STREET,,Non-Injury Crash,No,2019,,North,,0,,Flat,,,,,,Dark,2148800,0,0.0,0.0,4.0,,,0.0,,,,,,Wellington Region,Nil,2-way,Sealed,,0.0,0,,50.0,,On,0.0,1.0,,47,Wellington City,Nil,,,,,0.0,0.0,Urban,1.0,,,Fine,Null,0
66453222,,573101,0.0,,0.0,0.0,,West,2019/2020,DIXON STREET,VICTORIA STREET,,Non-Injury Crash,No,2019,,West,,0,,Null,,,,,,Unknown,2131400,0,0.0,1.0,2.0,,,0.0,,,,,,Wellington Region,Nil,1-way,Sealed,,0.0,0,,50.0,,Null,1.0,0.0,,47,Wellington City,Nil,,,,,0.0,0.0,Urban,0.0,,,Null,Null,0
66453228,,572600,0.0,,0.0,2.0,,South,2020/2021,JOHNSONVILLE PORIRUA MOTORWAY,PED SUBWAY,,Minor Crash,Yes,2020,,North,,0,,Hill Road,,,,,,Dark,1992700,1,0.0,0.0,2.0,,,0.0,,,,,,Wellington Region,Nil,2-way,Sealed,,0.0,0,,100.0,,None,0.0,0.0,,47,Wellington City,Nil,,,,,0.0,0.0,Open,1.0,,,Fine,Null,1
66453240,,573300,0.0,,0.0,3.0,,Null,2018/2019,WALLACE STREET,BIDWILL STREET,,Non-Injury Crash,No,2019,,South,,0,,Hill Road,,,,,,Dark,2145005,0,0.0,0.0,2.0,,,0.0,,,,,,Wellington Region,Nil,2-way,Sealed,,0.0,0,,50.0,,On,0.0,0.0,,47,Wellington City,Traffic Signals,,,,,0.0,0.0,Urban,0.0,,,Light rain,Null,0
66453282,,573901,0.0,,0.0,1.0,,East,2020/2021,BRACKEN ROAD,CARLUKE STREET,,Minor Crash,No,2020,,East,,0,,Hill Road,,,,,,Bright sun,2074000,1,0.0,0.0,2.0,,,0.0,,,1.0,,,Wellington Region,Nil,2-way,Sealed,,0.0,0,,50.0,,Off,0.0,0.0,,47,Wellington City,Unknown,,,,,0.0,0.0,Urban,0.0,,,Fine,Null,1
66453295,,573523,0.0,0.0,0.0,1.0,0.0,North,2018/2019,01N-1060-I,CHURTON PARK-GLENSIDE ON RAMP,,Non-Injury Crash,Yes,2019,0.0,North,0.0,0,0.0,Flat,0.0,Queens Birthday,0.0,,0.0,Dark,2086310,0,0.0,0.0,2.0,0.0,0.0,0.0,0.0,0.0,,0.0,0.0,Wellington Region,Nil,1-way,Sealed,0.0,0.0,0,0.0,100.0,1.0,On,0.0,0.0,,47,Wellington City,Unknown,0.0,0.0,0.0,0.0,0.0,0.0,Open,0.0,0.0,0.0,Fine,Null,0
66453301,,574402,0.0,,0.0,2.0,,Null,2019/2020,CROFTON ROAD ,ABBOTT STREET,,Non-Injury Crash,No,2020,,South,,0,,Flat,,,,,,Overcast,2098000,0,0.0,0.0,2.0,,,0.0,,,,,,Wellington Region,Nil,2-way,Sealed,,0.0,0,,50.0,,Off,0.0,0.0,,47,Wellington City,Nil,,,,,0.0,0.0,Urban,0.0,,,Fine,Null,1
66453332,,573101,0.0,,0.0,2.0,,Null,2019/2020,GHUZNEE STREET,VICTORIA STREET,,Non-Injury Crash,No,2019,,West,,0,,Flat,,,,,,Unknown,2131700,0,0.0,0.0,2.0,,,0.0,,,,,,Wellington Region,Nil,2-way,Sealed,,0.0,0,,50.0,,Null,0.0,0.0,,47,Wellington City,Traffic Signals,,,,,0.0,0.0,Urban,0.0,,,Light rain,Null,0
66453355,,572701,0.0,0.0,0.0,1.0,0.0,East,2020/2021,GEE STREET,MAIN ROAD,,Non-Injury Crash,No,2020,0.0,South,0.0,0,0.0,Null,0.0,,0.0,,0.0,Bright sun,1994001,0,0.0,0.0,2.0,0.0,0.0,0.0,0.0,1.0,,0.0,0.0,Wellington Region,Nil,2-way,Sealed,0.0,0.0,0,0.0,50.0,0.0,None,1.0,0.0,,47,Wellington City,Unknown,0.0,0.0,0.0,0.0,0.0,0.0,Urban,0.0,0.0,0.0,Null,Null,1
66453360,,573000,0.0,0.0,0.0,2.0,0.0,South,2019/2020,CUSTOMHOUSE QUAY,GREY STREET,,Non-Injury Crash,No,2020,0.0,South,0.0,0,0.0,Flat,0.0,,0.0,,0.0,Overcast,2125900,0,0.0,0.0,2.0,0.0,0.0,0.0,0.0,1.0,,0.0,0.0,Wellington Region,Nil,2-way,Sealed,0.0,0.0,0,0.0,50.0,0.0,On,0.0,0.0,,47,Wellington City,Nil,0.0,0.0,0.0,0.0,0.0,0.0,Urban,0.0,0.0,0.0,Fine,Null,1
66453384,,574200,0.0,0.0,0.0,2.0,0.0,Null,2019/2020,NICHOLSON ROAD,COCKAYNE ROAD,,Non-Injury Crash,No,2019,0.0,East,0.0,0,0.0,Hill Road,0.0,,0.0,,1.0,Overcast,2088400,0,0.0,0.0,2.0,0.0,0.0,0.0,0.0,1.0,,0.0,0.0,Wellington Region,Nil,2-way,Sealed,0.0,0.0,0,0.0,50.0,0.0,Off,0.0,0.0,,47,Wellington City,Nil,1.0,0.0,0.0,0.0,0.0,0.0,Urban,1.0,0.0,0.0,Light rain,Strong wind,0
66453401,,574500,0.0,0.0,0.0,1.0,0.0,North,2020/2021,WELLINGTON URBAN MOTORWAY,AOTEA QUAY ON RAMP,,Minor Crash,Yes,2020,0.0,North,0.0,0,0.0,Flat,1.0,,0.0,,0.0,Overcast,2093600,1,0.0,0.0,4.0,0.0,0.0,0.0,0.0,0.0,,0.0,0.0,Wellington Region,Nil,1-way,Sealed,0.0,0.0,0,0.0,100.0,0.0,Off,0.0,0.0,,47,Wellington City,Nil,0.0,0.0,0.0,0.0,0.0,0.0,Open,0.0,0.0,0.0,Heavy rain,Null,1
66453416,,573000,0.0,0.0,0.0,1.0,0.0,East,2019/2020,BOULCOTT STREET,GILMER TERRACE,,Serious Crash,No,2020,0.0,East,0.0,0,1.0,Hill Road,0.0,,0.0,,0.0,Overcast,2127200,0,0.0,0.0,2.0,0.0,0.0,0.0,0.0,0.0,,0.0,1.0,Wellington Region,Nil,2-way,Sealed,0.0,0.0,1,0.0,50.0,0.0,Off,0.0,0.0,,47,Wellington City,Nil,0.0,0.0,0.0,0.0,0.0,0.0,Urban,0.0,0.0,0.0,Fine,Null,1