OBJECTID,advisorySpeed,areaUnitID,bicycle,bridge,bus,carStationWagon,cliffBank,crashDirectionDescription,crashFinancialYear,crashLocation1,crashLocation2,crashRoadSideRoad,crashSeverity,crashSHDescription,crashYear,debris,directionRoleDescription,ditch,fatalCount,fence,flatHill,guardRail,holiday,houseOrBuilding,intersection,kerb,light,meshblockId,minorInjuryCount,moped,motorcycle,NumberOfLanes,objectThrownOrDropped,otherObject,otherVehicleType,overBank,parkedVehicle,pedestrian,phoneBoxEtc,postOrPole,region,roadCharacter,roadLane,roadSurface,roadworks,schoolBus,seriousInjuryCount,slipOrFlood,speedLimit,strayAnimal,streetLight,suv,taxi,temporarySpeedLimit,tlaId,tlaName,trafficControl,trafficIsland,trafficSign,train,tree,truck,unknownVehicleType,urban,vanOrUtility,vehicle,waterRiver,weatherA,weatherB,if_pandemic
66453433,,576800,0.0,0.0,0.0,1.0,0.0,South,2019/2020,TE ANAU ROAD,KIO ROAD,,Non-Injury Crash,No,2020,0.0,Null,0.0,0,0.0,Null,0.0,,0.0,,0.0,Unknown,2183400,0,0.0,0.0,2.0,0.0,0.0,0.0,0.0,1.0,,0.0,0.0,Wellington Region,Nil,2-way,Null,0.0,0.0,0,0.0,50.0,0.0,Null,0.0,0.0,,47,Wellington City,Nil,0.0,0.0,0.0,0.0,0.0,1.0,Urban,0.0,0.0,0.0,Null,Null,1
66453455,,573101,0.0,0.0,0.0,0.0,0.0,Null,2019/2020,GHUZNEE STREET,CUBA STREET,,Non-Injury Crash,No,2020,0.0,East,0.0,0,0.0,Flat,0.0,,0.0,,0.0,Bright sun,2131500,0,0.0,0.0,2.0,0.0,0.0,0.0,0.0,1.0,,0.0,0.0,Wellington Region,Nil,2-way,Sealed,0.0,0.0,0,0.0,50.0,0.0,Off,2.0,0.0,,47,Wellington City,Traffic Signals,0.0,0.0,0.0,0.0,0.0,0.0,Urban,0.0,0.0,0.0,Fine,Null,1
66453513,,576800,0.0,,0.0,1.0,,North,2019/2020,TAURIMA STREET,EAST PORTAL,,Non-Injury Crash,Yes,2019,,South,,0,,Flat,,,,,,Overcast,2181700,0,0.0,0.0,2.0,,,0.0,,,,,,Wellington Region,Tunnel,2-way,Sealed,,0.0,0,,50.0,,On,2.0,0.0,,47,Wellington City,Stop,,,,,0.0,0.0,Urban,0.0,,,Light rain,Null,0
66453525,,575000,1.0,,0.0,1.0,,Null,2019/2020,KARORI ROAD,NOTTINGHAM STREET,,Minor Crash,No,2020,,North,,0,,Hill Road,,,,,,Bright sun,2111000,1,0.0,0.0,2.0,,,0.0,,,,,,Wellington Region,Nil,2-way,Sealed,,0.0,0,,50.0,,Off,0.0,0.0,,47,Wellington City,Give way,,,,,0.0,0.0,Urban,0.0,,,Fine,Null,1
66453534,,574002,0.0,,0.0,1.0,,North,2019/2020,CENTENNIAL HIGHWAY,NEWLANDS ON RAMP,,Minor Crash,Yes,2020,,South,,0,,Hill Road,,,,,,Overcast,2078304,1,0.0,0.0,3.0,,,0.0,,,,,,Wellington Region,Motorway ramp,1-way,Sealed,,0.0,0,,80.0,,Off,0.0,0.0,,47,Wellington City,Nil,,,,,1.0,0.0,Open,0.0,,,Fine,Null,1
66453558,,577000,0.0,,0.0,2.0,,West,2019/2020,LYALL PDE,KINGSFORD SMITH STREET,,Minor Crash,No,2019,,West,,0,,Flat,,,,,,Bright sun,2175400,1,0.0,0.0,2.0,,,0.0,,,,,,Wellington Region,Nil,2-way,Sealed,,0.0,0,,50.0,,Off,1.0,0.0,,47,Wellington City,Unknown,,,,,0.0,0.0,Urban,0.0,,,Fine,Null,0
66453562,,576903,0.0,,0.0,0.0,,Null,2019/2020,KILBIRNIE CRESCENT,WELLINGTON ROAD,,Non-Injury Crash,No,2020,,North,,0,,Null,,,,,,Unknown,2180400,0,0.0,0.0,2.0,,,0.0,,,,,,Wellington Region,Nil,2-way,Sealed,,0.0,0,,50.0,,Null,1.0,0.0,,47,Wellington City,Traffic Signals,,,,,0.0,0.0,Urban,0.0,,,Null,Null,1
66453576,,574800,0.0,,0.0,1.0,,Null,2020/2021,CHAYTOR STREET,CURTIS STREET,,Non-Injury Crash,No,2020,,East,,0,,Hill Road,,,,,,Overcast,2106100,0,1.0,0.0,3.0,,,0.0,,,,,,Wellington Region,Nil,2-way,Sealed,,0.0,0,,50.0,,Off,0.0,0.0,,47,Wellington City,Stop,,,,,0.0,0.0,Urban,0.0,,,Heavy rain,Null,1
66453579,,575500,0.0,0.0,1.0,0.0,0.0,West,2020/2021,HIGHBURY ROAD,HIGHBURY CRESCENT,,Non-Injury Crash,No,2020,0.0,Null,0.0,0,0.0,Null,0.0,,0.0,,0.0,Overcast,2156100,0,0.0,0.0,2.0,0.0,0.0,0.0,0.0,1.0,,0.0,0.0,Wellington Region,Nil,2-way,Sealed,0.0,0.0,0,0.0,30.0,0.0,On,1.0,0.0,,47,Wellington City,Nil,0.0,0.0,0.0,0.0,0.0,0.0,Urban,0.0,0.0,0.0,Null,Null,1
66453580,,573101,0.0,,0.0,0.0,,Null,2019/2020,WEBB STREET,TORRENS TERRACE,,Minor Crash,No,2020,,West,,0,,Flat,,,,,,Dark,2135100,1,0.0,0.0,2.0,,,0.0,,,1.0,,,Wellington Region,Nil,2-way,Sealed,,0.0,0,,50.0,,On,0.0,0.0,,47,Wellington City,Nil,,,,,0.0,0.0,Urban,1.0,,,Fine,Null,1
66453842,,574303,0.0,,0.0,3.0,,South,2020/2021,WELLINGTON URBAN MOTORWAY,NGAURANGA ON NBD OBR,,Serious Crash,Yes,2020,,North,,0,,Flat,,,,,,Dark,2090402,0,0.0,0.0,4.0,,,0.0,,,,,,Wellington Region,Nil,1-way,Sealed,,0.0,1,,100.0,,On,0.0,0.0,60.0,47,Wellington City,Nil,,,,,0.0,0.0,Open,0.0,,,Fine,Null,1
66453845,,573101,0.0,,0.0,1.0,,Null,2019/2020,TARANAKI STREET,LUKES LANE,,Serious Crash,No,2020,,South,,0,,Flat,,,,,,Bright sun,2133200,0,0.0,1.0,4.0,,,0.0,,,,,,Wellington Region,Nil,2-way,Sealed,,0.0,1,,30.0,,Off,0.0,0.0,,47,Wellington City,Nil,,,,,0.0,0.0,Urban,0.0,,,Fine,Null,1
66453864,,573700,0.0,0.0,0.0,3.0,0.0,Null,2020/2021,WOODLAND ROAD,HILTON WAY,,Serious Crash,No,2021,0.0,West,0.0,0,0.0,Flat,0.0,,0.0,,0.0,Bright sun,2081902,0,0.0,0.0,2.0,0.0,0.0,0.0,0.0,1.0,,0.0,0.0,Wellington Region,Nil,2-way,Sealed,0.0,0.0,1,0.0,50.0,0.0,Off,0.0,0.0,,47,Wellington City,Nil,0.0,0.0,0.0,0.0,0.0,0.0,Urban,0.0,0.0,0.0,Fine,Null,1
66453866,,576400,1.0,,0.0,1.0,,West,2019/2020,ROY STREET,DANIELL STREET,,Non-Injury Crash,No,2020,,West,,0,,Flat,,,,,,Twilight,2170901,0,0.0,0.0,2.0,,,0.0,,,1.0,,,Wellington Region,Nil,2-way,Sealed,,0.0,0,,50.0,,On,0.0,0.0,,47,Wellington City,Nil,,,,,0.0,0.0,Urban,0.0,,,Fine,Null,1
66453877,,576002,0.0,0.0,0.0,1.0,0.0,East,2019/2020,THE ESPLANADE,BRIGHTON STREET,,Non-Injury Crash,No,2020,0.0,West,0.0,0,0.0,Flat,1.0,,0.0,,1.0,Dark,2190003,0,0.0,0.0,2.0,0.0,0.0,0.0,0.0,0.0,,0.0,0.0,Wellington Region,Nil,2-way,Sealed,0.0,0.0,0,0.0,50.0,0.0,On,0.0,0.0,,47,Wellington City,Nil,0.0,0.0,0.0,0.0,0.0,0.0,Urban,0.0,0.0,0.0,Light rain,Null,1
66453879,,573511,0.0,,0.0,0.0,,North,2020/2021,JOHNSONVILLE PORIRUA MOTORWAY,CHURTON PARK-GLENSIDE ON RAMP,,Non-Injury Crash,Yes,2020,,North,,0,,Flat,,,,,,Overcast,2086203,0,0.0,0.0,2.0,,,0.0,,,,,,Wellington Region,Nil,1-way,Sealed,,0.0,0,,100.0,,Off,1.0,0.0,,47,Wellington City,Nil,,,,,0.0,0.0,Open,0.0,,,Fine,Null,1
66453895,,572900,0.0,0.0,0.0,0.0,0.0,South,2019/2020,WELLINGTON URBAN MOTORWAY,AOTEA QUAY OFF RAMP,,Minor Crash,Yes,2020,0.0,South,0.0,0,0.0,Flat,1.0,,0.0,,0.0,Dark,2118400,1,0.0,0.0,3.0,0.0,0.0,0.0,0.0,0.0,,0.0,0.0,Wellington Region,Motorway ramp,1-way,Sealed,0.0,0.0,0,0.0,100.0,0.0,On,0.0,0.0,,47,Wellington City,Nil,0.0,0.0,0.0,0.0,1.0,0.0,Open,0.0,0.0,0.0,Heavy rain,Strong wind,1
66453912,,573000,0.0,,1.0,0.0,,Null,2020/2021,CUSTOMHOUSE QUAY,JOHNSTON STREET,,Serious Crash,No,2021,,South,,0,,Flat,,,,,,Bright sun,2124300,0,0.0,0.0,3.0,,,0.0,,,1.0,,,Wellington Region,Nil,1-way,Sealed,,0.0,1,,50.0,,Off,0.0,0.0,,47,Wellington City,Traffic Signals,,,,,0.0,0.0,Urban,0.0,,,Fine,Null,1
66453923,,573101,1.0,,0.0,1.0,,Null,2019/2020,VIVIAN STREET,WILLIS STREET,,Non-Injury Crash,Yes,2020,,East,,0,,Flat,,,,,,Bright sun,2131900,0,0.0,0.0,4.0,,,0.0,,,,,,Wellington Region,Nil,1-way,Sealed,,0.0,0,,50.0,,Off,0.0,0.0,,47,Wellington City,Traffic Signals,,,,,0.0,0.0,Urban,0.0,,,Fine,Null,1
66453985,,572900,0.0,0.0,0.0,1.0,0.0,North,2019/2020,UPTON TERRACE,TINAKORI ROAD,,Non-Injury Crash,No,2020,0.0,South,0.0,0,0.0,Null,0.0,,0.0,,0.0,Unknown,2123200,0,0.0,0.0,2.0,0.0,0.0,0.0,0.0,1.0,,0.0,0.0,Wellington Region,Nil,2-way,Sealed,0.0,0.0,0,0.0,50.0,0.0,Null,0.0,0.0,,47,Wellington City,Unknown,0.0,0.0,0.0,0.0,0.0,0.0,Urban,0.0,0.0,0.0,Null,Null,1
66454009,,572900,0.0,,0.0,1.0,,North,2019/2020,WATERLOO QUAY,PLATFORM 9 ENTRY,,Non-Injury Crash,No,2019,,North,,0,,Flat,,,,,,Bright sun,2122700,0,0.0,0.0,5.0,,,0.0,,,,,,Wellington Region,Nil,2-way,Sealed,,0.0,0,,50.0,,Off,1.0,0.0,,47,Wellington City,Nil,,,,,0.0,0.0,Urban,0.0,,,Fine,Null,0
66454081,,574001,0.0,0.0,0.0,1.0,1.0,North,2020/2021,CENTENNIAL HIGHWAY,NEWLANDS ON RAMP,,Non-Injury Crash,Yes,2020,0.0,South,0.0,0,0.0,Hill Road,0.0,,0.0,,1.0,Dark,2077600,0,0.0,0.0,4.0,0.0,0.0,0.0,0.0,0.0,,0.0,0.0,Wellington Region,Motorway ramp,1-way,Sealed,0.0,0.0,0,0.0,80.0,0.0,On,0.0,0.0,,47,Wellington City,Unknown,0.0,0.0,0.0,0.0,0.0,0.0,Open,0.0,0.0,0.0,Fine,Null,1
66454125,,576001,0.0,0.0,0.0,1.0,0.0,Null,2019/2020,DERWENT STREET,MOSELLE STREET,,Non-Injury Crash,No,2020,0.0,South,0.0,0,0.0,Flat,0.0,,1.0,,1.0,Dark,2189300,0,0.0,0.0,2.0,0.0,0.0,0.0,0.0,0.0,,0.0,0.0,Wellington Region,Nil,2-way,Sealed,0.0,0.0,0,0.0,50.0,0.0,On,0.0,0.0,,47,Wellington City,Nil,0.0,0.0,0.0,0.0,0.0,0.0,Urban,0.0,0.0,0.0,Fine,Null,1
66454135,,573000,0.0,0.0,0.0,1.0,1.0,South,2020/2021,WELLINGTON URBAN MOTORWAY,SALAMANCA ROAD,,Non-Injury Crash,Yes,2020,0.0,South,0.0,0,0.0,Flat,0.0,,0.0,,1.0,Overcast,2129200,0,0.0,0.0,3.0,0.0,0.0,0.0,0.0,0.0,,0.0,0.0,Wellington Region,Tunnel,2-way,Sealed,0.0,0.0,0,0.0,60.0,0.0,On,0.0,0.0,,47,Wellington City,Nil,0.0,0.0,0.0,0.0,0.0,0.0,Urban,1.0,0.0,0.0,Fine,Strong wind,1
66454193,,575000,0.0,,0.0,1.0,,Null,2020/2021,KARORI ROAD,FANCOURT STREET,,Minor Crash,No,2021,,West,,0,,Hill Road,,,,,,Bright sun,2111600,1,0.0,0.0,2.0,,,0.0,,,1.0,,,Wellington Region,Nil,2-way,Sealed,,0.0,0,,50.0,,Off,0.0,0.0,,47,Wellington City,Nil,,,,,0.0,0.0,Urban,0.0,,,Fine,Null,1
66454195,,575600,1.0,,0.0,1.0,,Null,2020/2021,OHIRO ROAD,TANERA CRESCENT,,Minor Crash,No,2021,,North,,0,,Hill Road,,,,,,Overcast,2161900,1,0.0,0.0,2.0,,,0.0,,,,,,Wellington Region,Nil,2-way,Sealed,,0.0,0,,50.0,,Off,0.0,0.0,,47,Wellington City,Nil,,,,,0.0,0.0,Urban,0.0,,,Fine,Null,1
66454211,,573200,0.0,,0.0,1.0,,Null,2020/2021,DEVON STREET,ARO STREET,,Non-Injury Crash,No,2020,,South,,0,,Null,,,,,,Dark,2157300,0,0.0,0.0,2.0,,,0.0,,,,,,Wellington Region,Nil,2-way,Sealed,,0.0,0,,30.0,,On,0.0,0.0,,47,Wellington City,Stop,,,,,0.0,0.0,Urban,1.0,,,Fine,Null,1
66454242,,574303,0.0,,0.0,1.0,,South,2019/2020,WELLINGTON URBAN MOTORWAY,ONSLOW RAIL OBR,,Minor Crash,Yes,2020,,North,,0,,Flat,,,,,,Bright sun,2090402,1,0.0,1.0,4.0,,,0.0,,,,,,Wellington Region,Nil,1-way,Sealed,,0.0,0,,100.0,,Off,1.0,0.0,,47,Wellington City,Nil,,,,,0.0,0.0,Open,0.0,,,Fine,Null,1
66454252,,573101,0.0,,0.0,2.0,,Null,2019/2020,KENT TERRACE,PIRIE STREET,,Non-Injury Crash,No,2020,,South,,0,,Null,,,,,,Unknown,2136500,0,0.0,0.0,4.0,,,0.0,,,,,,Wellington Region,Nil,1-way,Sealed,,0.0,0,,50.0,,Null,0.0,0.0,,47,Wellington City,Traffic Signals,,,,,0.0,0.0,Urban,0.0,,,Null,Null,1
66454299,,572900,0.0,,0.0,1.0,,North,2020/2021,WELLINGTON URBAN MOTORWAY,THE TERRACE OFF RAMP,,Non-Injury Crash,Yes,2021,,South,,0,,Flat,,,,,,Overcast,2122100,0,0.0,0.0,3.0,,,0.0,,,,,,Wellington Region,Nil,1-way,Sealed,,0.0,0,,100.0,,Off,1.0,0.0,,47,Wellington City,Nil,,,,,0.0,0.0,Open,0.0,,,Light rain,Null,1
66454325,,576301,0.0,,0.0,1.0,,Null,2019/2020,RIDDIFORD STREET,WILSON STREET,,Non-Injury Crash,No,2019,,South,,0,,Flat,,,,,,Overcast,2165200,0,1.0,0.0,2.0,,,0.0,,,,,,Wellington Region,Nil,2-way,Sealed,,0.0,0,,50.0,,Off,0.0,0.0,,47,Wellington City,Give way,,,,,0.0,0.0,Urban,0.0,,,Light rain,Null,0
66454368,,576901,0.0,,0.0,1.0,,Null,2020/2021,CHILDERS TERRACE,RODRIGO ROAD,,Non-Injury Crash,No,2020,,South,,0,,Null,,,,,,Unknown,2178400,0,1.0,0.0,2.0,,,0.0,,,,,,Wellington Region,Speed hump,2-way,Sealed,,0.0,0,,50.0,,Null,0.0,0.0,,47,Wellington City,Give way,,,,,0.0,0.0,Urban,0.0,,,Null,Null,1
66454378,,574500,0.0,,0.0,1.0,,North,2019/2020,WELLINGTON URBAN MOTORWAY,AOTEA QUAY OFF RAMP,,Non-Injury Crash,Yes,2020,,South,,0,,Flat,,,,,,Overcast,2093600,0,0.0,0.0,6.0,,,0.0,,,,,,Wellington Region,Nil,2-way,Sealed,,0.0,0,,100.0,,Off,1.0,0.0,,47,Wellington City,Unknown,,,,,0.0,0.0,Open,0.0,,,Fine,Null,1
66454379,,573101,0.0,,0.0,2.0,,Null,2020/2021,VIVIAN STREET,LYNN ROAD,,Non-Injury Crash,Yes,2020,,East,,0,,Flat,,,,,,Overcast,2136500,0,0.0,0.0,2.0,,,0.0,,,,,,Wellington Region,Nil,1-way,Sealed,,0.0,0,,50.0,,Off,0.0,0.0,,47,Wellington City,Nil,,,,,0.0,0.0,Urban,0.0,,,Fine,Null,1
66454391,,576903,0.0,0.0,0.0,3.0,0.0,South,2020/2021,DUNCAN TERRACE,NAUGHTON TERRACE,,Non-Injury Crash,No,2020,0.0,North,0.0,0,0.0,Hill Road,0.0,,0.0,,0.0,Dark,2179300,0,0.0,0.0,2.0,0.0,0.0,0.0,0.0,1.0,,0.0,0.0,Wellington Region,Nil,2-way,Sealed,0.0,0.0,0,0.0,50.0,0.0,On,0.0,0.0,,47,Wellington City,Nil,0.0,0.0,0.0,0.0,0.0,0.0,Urban,1.0,0.0,0.0,Fine,Null,1
66454407,,573101,0.0,0.0,0.0,2.0,0.0,East,2020/2021,YORK STREET,TARANAKI STREET,,Non-Injury Crash,No,2020,0.0,East,0.0,0,0.0,Flat,0.0,,0.0,,0.0,Dark,2135800,0,0.0,0.0,2.0,0.0,0.0,0.0,0.0,1.0,,0.0,0.0,Wellington Region,Nil,2-way,Sealed,0.0,0.0,0,0.0,30.0,0.0,Off,0.0,1.0,,47,Wellington City,Nil,0.0,0.0,0.0,0.0,0.0,0.0,Urban,0.0,0.0,0.0,Fine,Null,1
66454440,,573101,0.0,,0.0,2.0,,South,2019/2020,WILLIS STREET ,DIXON STREET,,Non-Injury Crash,No,2019,,South,,0,,Flat,,,,,,Overcast,2131400,0,0.0,0.0,2.0,,,0.0,,,,,,Wellington Region,Nil,2-way,Sealed,,0.0,0,,30.0,,Off,0.0,0.0,,47,Wellington City,Nil,,,,,0.0,0.0,Urban,0.0,,,Null,Null,0
66454442,,573526,0.0,0.0,0.0,1.0,0.0,South,2019/2020,HUTT ROAD,WEIGH PIT,,Non-Injury Crash,Yes,2019,0.0,North,0.0,0,0.0,Flat,1.0,,0.0,,0.0,Dark,2077503,0,0.0,0.0,4.0,0.0,0.0,0.0,0.0,0.0,,0.0,0.0,Wellington Region,Nil,2-way,Sealed,0.0,0.0,0,0.0,100.0,0.0,On,0.0,0.0,,47,Wellington City,Nil,0.0,0.0,0.0,0.0,0.0,0.0,Open,0.0,0.0,0.0,Fine,Null,0
66454459,,576400,0.0,,0.0,2.0,,Null,2020/2021,CONSTABLE STREET,HIROPI STREET,,Non-Injury Crash,No,2020,,West,,0,,Flat,,,,,,Overcast,2169800,0,0.0,0.0,2.0,,,0.0,,,,,,Wellington Region,Nil,2-way,Sealed,,0.0,0,,50.0,,Off,0.0,0.0,,47,Wellington City,Give way,,,,,0.0,0.0,Urban,0.0,,,Fine,Null,1
66454485,,573511,0.0,,0.0,1.0,,Null,2018/2019,WESTCHESTER DRIVE EAST,CHURTON PARK-GLENSIDE OFF RAMP,,Non-Injury Crash,No,2019,,East,,0,,Null,,,,,,Unknown,2086203,0,0.0,0.0,2.0,,,0.0,,,,,,Wellington Region,Nil,2-way,Sealed,,0.0,0,,50.0,,Null,0.0,0.0,,47,Wellington City,Give way,,,,,0.0,0.0,Urban,1.0,,,Null,Null,0
66454551,,574303,0.0,0.0,0.0,1.0,0.0,North,2019/2020,WELLINGTON URBAN MOTORWAY,ONSLOW RAIL OBR,,Non-Injury Crash,Yes,2020,0.0,South,0.0,0,0.0,Flat,1.0,,0.0,,0.0,Bright sun,2090402,0,0.0,0.0,3.0,0.0,0.0,0.0,0.0,0.0,,0.0,0.0,Wellington Region,Motorway ramp,1-way,Sealed,0.0,0.0,0,0.0,100.0,0.0,Off,0.0,0.0,,47,Wellington City,Nil,0.0,0.0,0.0,0.0,1.0,0.0,Open,0.0,0.0,0.0,Fine,Null,1
66454561,,573300,0.0,,0.0,1.0,,Null,2019/2020,ADELAIDE ROAD,DOUGLAS STREET,,Non-Injury Crash,No,2020,,North,,0,,Flat,,,,,,Bright sun,2145700,0,0.0,0.0,4.0,,,0.0,,,,,,Wellington Region,Nil,2-way,Sealed,,0.0,0,,50.0,,Off,0.0,0.0,,47,Wellington City,Give way,,,,,0.0,0.0,Urban,1.0,,,Fine,Null,1
66454583,,577102,0.0,0.0,0.0,1.0,0.0,North,2019/2020,SIDLAW STREET,AHURIRI STREET,,Non-Injury Crash,No,2020,0.0,South,0.0,0,0.0,Hill Road,0.0,,0.0,,0.0,Dark,2216400,0,0.0,0.0,2.0,0.0,0.0,0.0,0.0,1.0,,0.0,0.0,Wellington Region,Nil,2-way,Sealed,0.0,0.0,0,0.0,50.0,0.0,On,1.0,0.0,,47,Wellington City,Unknown,0.0,0.0,0.0,0.0,0.0,0.0,Urban,0.0,0.0,0.0,Light rain,Null,1
66454585,,576200,0.0,,0.0,1.0,,Null,2019/2020,OFF ROAD - SHARED DRIVEWAY GRANVILLE FLATS,Nil,,Minor Crash,No,2019,,North,,0,,Flat,,,,,,Bright sun,2172300,1,0.0,0.0,1.0,,,0.0,,,1.0,,,Wellington Region,Nil,Off road,Sealed,,0.0,0,,50.0,,Off,0.0,0.0,,47,Wellington City,Unknown,,,,,0.0,0.0,Urban,0.0,,,Fine,Null,0
66454631,,572900,0.0,0.0,0.0,2.0,0.0,Null,2020/2021,DAVIS STREET,HOBSON STREET,,Non-Injury Crash,No,2020,0.0,West,0.0,0,0.0,Hill Road,0.0,,0.0,,0.0,Unknown,2118200,0,0.0,0.0,2.0,0.0,0.0,0.0,0.0,1.0,,0.0,0.0,Wellington Region,Nil,2-way,Sealed,0.0,0.0,0,0.0,50.0,0.0,Null,0.0,0.0,,47,Wellington City,Nil,0.0,0.0,0.0,0.0,0.0,0.0,Urban,0.0,0.0,0.0,Null,Null,1
66454651,,573200,0.0,,0.0,1.0,,Null,2020/2021,ABEL SMITH STREET,LITTLE PALMER STREET,,Non-Injury Crash,No,2020,,West,,0,,Hill Road,,,,,,Overcast,2157900,0,0.0,0.0,2.0,,,0.0,,,1.0,,,Wellington Region,Speed hump,2-way,Sealed,,0.0,0,,50.0,,Off,0.0,0.0,,47,Wellington City,Nil,,,,,0.0,0.0,Urban,0.0,,,Fine,Null,1
66454655,,574303,0.0,,0.0,1.0,,North,2019/2020,WELLINGTON URBAN MOTORWAY,ONSLOW RAIL OBR,,Non-Injury Crash,Yes,2020,,South,,0,,Flat,,,,,,Dark,2090402,0,0.0,0.0,3.0,,,0.0,,,,,,Wellington Region,Nil,1-way,Sealed,,0.0,0,,100.0,,On,1.0,0.0,,47,Wellington City,Nil,,,,,0.0,0.0,Open,0.0,,,Fine,Null,1
66454669,,574402,0.0,0.0,0.0,2.0,0.0,West,2020/2021,JACOBSEN LANE,TRELISSICK CRESCENT,,Minor Crash,No,2020,0.0,North,0.0,0,0.0,Hill Road,0.0,,1.0,,0.0,Dark,2098100,1,0.0,0.0,1.0,0.0,0.0,0.0,0.0,1.0,,0.0,0.0,Wellington Region,Nil,2-way,Sealed,0.0,0.0,0,0.0,50.0,0.0,On,0.0,1.0,,47,Wellington City,Nil,0.0,0.0,0.0,0.0,0.0,0.0,Urban,0.0,0.0,0.0,Fine,Null,1
66454676,,576903,0.0,,0.0,2.0,,Null,2019/2020,WELLINGTON ROAD,RUAHINE STREET,,Non-Injury Crash,Yes,2020,,North,,0,,Flat,,,,,,Overcast,2180400,0,0.0,0.0,2.0,,,0.0,,,,,,Wellington Region,Nil,2-way,Sealed,,0.0,0,,50.0,,Off,0.0,0.0,,47,Wellington City,Nil,,,,,0.0,0.0,Urban,0.0,,,Fine,Null,1
66454677,,574002,0.0,,0.0,2.0,,North,2019/2020,HUTT ROAD,RAILYARD ENTRY,,Non-Injury Crash,Yes,2020,,North,,0,,Flat,,,,,,Bright sun,2078302,0,0.0,0.0,4.0,,,0.0,,,,,,Wellington Region,Nil,2-way,Sealed,,0.0,0,,100.0,,Off,0.0,0.0,60.0,47,Wellington City,Nil,,,,,0.0,0.0,Open,0.0,,,Fine,Null,1
66454704,,573000,0.0,,0.0,0.0,,Null,2019/2020,WILLIS STREET,DIXON STREET,,Non-Injury Crash,No,2019,,North,,0,,Null,,,,,,Overcast,2130700,0,1.0,0.0,2.0,,,0.0,,,,,,Wellington Region,Nil,2-way,Sealed,,0.0,0,,30.0,,Off,0.0,0.0,,47,Wellington City,Traffic Signals,,,,,0.0,0.0,Urban,0.0,,,Null,Null,0
66454742,,572701,0.0,,0.0,2.0,,South,2019/2020,MAIN ROAD,MCLELLAN STREET,,Non-Injury Crash,No,2020,,North,,0,,Null,,,,,,Unknown,1994707,0,0.0,0.0,2.0,,,0.0,,,,,,Wellington Region,Nil,2-way,Sealed,,0.0,0,,50.0,,Null,0.0,0.0,,47,Wellington City,Nil,,,,,0.0,0.0,Urban,0.0,,,Fine,Null,1
66454806,,573903,0.0,,0.0,2.0,,South,2019/2020,BATCHELOR STREET,STEWART DRIVE,,Non-Injury Crash,No,2019,,North,,0,,Flat,,,,,,Dark,2073800,0,0.0,0.0,2.0,,,0.0,,,,,,Wellington Region,Nil,2-way,Sealed,,0.0,0,,50.0,,On,0.0,0.0,,47,Wellington City,Unknown,,,,,0.0,0.0,Urban,0.0,,,Fine,Null,0
66454819,,573000,0.0,,0.0,1.0,,Null,2020/2021,BOULCOTT STREET,WILLIS STREET,,Non-Injury Crash,Unknown,2020,,South,,0,,Hill Road,,,,,,Unknown,2128100,0,0.0,0.0,2.0,,,0.0,,,,,,Wellington Region,Nil,2-way,Sealed,,0.0,0,,30.0,,Null,0.0,0.0,,47,Wellington City,Traffic Signals,,,,,0.0,0.0,Urban,1.0,,,Null,Null,1
66454832,,573000,0.0,,0.0,1.0,,South,2019/2020,WATERLOO QUAY,BUNNY STREET,,Non-Injury Crash,No,2020,,North,,0,,Flat,,,,,,Unknown,2124300,0,0.0,0.0,2.0,,,0.0,,,,,,Wellington Region,Nil,2-way,Sealed,,0.0,0,,50.0,,Null,1.0,0.0,,47,Wellington City,Nil,,,,,0.0,0.0,Urban,0.0,,,Fine,Null,1
66454838,,574402,0.0,,0.0,2.0,,Null,2019/2020,NGAIO GORGE ROAD,TRELISSICK CRESCENT,,Minor Crash,No,2020,,East,,0,,Hill Road,,,,,,Overcast,2098300,1,0.0,0.0,2.0,,,0.0,,,,,,Wellington Region,Nil,2-way,Sealed,,0.0,0,,50.0,,None,0.0,0.0,,47,Wellington City,Nil,,,,,0.0,0.0,Urban,0.0,,,Fine,Null,1
66454856,,573300,0.0,,0.0,2.0,,West,2019/2020,BIDWILL STREET,WALLACE STREET,,Non-Injury Crash,No,2019,,East,,0,,Hill Road,,,,,,Bright sun,2145100,0,0.0,0.0,2.0,,,0.0,,,,,,Wellington Region,Nil,2-way,Sealed,,0.0,0,,50.0,,Off,0.0,0.0,,47,Wellington City,Nil,,,,,0.0,0.0,Urban,1.0,,,Fine,Null,0
66454873,,574303,0.0,0.0,0.0,1.0,0.0,South,2019/2020,WELLINGTON URBAN MOTORWAY,ONSLOW RAIL OBR,,Non-Injury Crash,Yes,2020,0.0,North,0.0,0,0.0,Flat,1.0,,0.0,,0.0,Overcast,2090402,0,0.0,0.0,3.0,0.0,0.0,0.0,0.0,0.0,,0.0,0.0,Wellington Region,Nil,1-way,Sealed,0.0,0.0,0,0.0,100.0,0.0,Off,0.0,0.0,,47,Wellington City,Nil,0.0,0.0,0.0,0.0,0.0,0.0,Open,1.0,0.0,0.0,Fine,Null,1
66454986,,573101,0.0,,0.0,2.0,,Null,2019/2020,VICTORIA STREET,GHUZNEE STREET,,Minor Crash,No,2019,,South,,0,,Flat,,,,,,Overcast,2131500,1,0.0,0.0,3.0,,,0.0,,,,,,Wellington Region,Nil,2-way,Sealed,,0.0,0,,50.0,,Off,0.0,1.0,,47,Wellington City,Traffic Signals,,,,,0.0,0.0,Urban,0.0,,,Light rain,Null,0