OBJECTID,advisorySpeed,areaUnitID,bicycle,bridge,bus,carStationWagon,cliffBank,crashDirectionDescription,crashFinancialYear,crashLocation1,crashLocation2,crashRoadSideRoad,crashSeverity,crashSHDescription,crashYear,debris,directionRoleDescription,ditch,fatalCount,fence,flatHill,guardRail,holiday,houseOrBuilding,intersection,kerb,light,meshblockId,minorInjuryCount,moped,motorcycle,NumberOfLanes,objectThrownOrDropped,otherObject,otherVehicleType,overBank,parkedVehicle,pedestrian,phoneBoxEtc,postOrPole,region,roadCharacter,roadLane,roadSurface,roadworks,schoolBus,seriousInjuryCount,slipOrFlood,speedLimit,strayAnimal,streetLight,suv,taxi,temporarySpeedLimit,tlaId,tlaName,trafficControl,trafficIsland,trafficSign,train,tree,truck,unknownVehicleType,urban,vanOrUtility,vehicle,waterRiver,weatherA,weatherB,if_pandemic
66454987,,572900,0.0,,0.0,1.0,,North,2020/2021,WELLINGTON URBAN MOTORWAY,HAWKESTONE STREET ON RAMP,,Minor Crash,Yes,2021,,South,,0,,Hill Road,,,,,,Overcast,2120000,1,0.0,1.0,3.0,,,0.0,,,,,,Wellington Region,Motorway ramp,1-way,Sealed,,0.0,0,,60.0,,Off,0.0,0.0,,47,Wellington City,Nil,,,,,0.0,0.0,Urban,0.0,,,Fine,Null,1
66454995,,576700,0.0,0.0,1.0,1.0,0.0,South,2020/2021,GRAFTON ROAD,MAIDA VALE ROAD,,Non-Injury Crash,No,2020,0.0,North,0.0,0,0.0,Null,0.0,,0.0,,0.0,Unknown,2186600,0,0.0,0.0,2.0,0.0,0.0,0.0,0.0,1.0,,0.0,0.0,Wellington Region,Nil,2-way,Sealed,0.0,0.0,0,0.0,50.0,0.0,Null,0.0,0.0,,47,Wellington City,Unknown,0.0,0.0,0.0,0.0,0.0,0.0,Urban,0.0,0.0,0.0,Null,Null,1
66455009,45.0,573511,0.0,0.0,0.0,1.0,1.0,North,2019/2020,MIDDLETON ROAD,ROWELLS ROAD,,Non-Injury Crash,No,2019,0.0,North,0.0,0,0.0,Flat,0.0,,0.0,,0.0,Overcast,2086203,0,0.0,0.0,2.0,0.0,0.0,0.0,0.0,0.0,,0.0,0.0,Wellington Region,Nil,2-way,Sealed,0.0,0.0,0,0.0,70.0,0.0,None,0.0,0.0,,47,Wellington City,Nil,0.0,0.0,0.0,0.0,0.0,0.0,Urban,0.0,0.0,0.0,Heavy rain,Null,0
66455026,,573526,0.0,0.0,0.0,1.0,0.0,West,2019/2020,HUTT ROAD,HOROKIWI ROAD,,Non-Injury Crash,Yes,2020,0.0,North,0.0,0,0.0,Flat,1.0,,0.0,,0.0,Dark,2086403,0,0.0,0.0,4.0,0.0,0.0,0.0,0.0,0.0,,0.0,0.0,Wellington Region,Nil,2-way,Sealed,0.0,0.0,0,0.0,100.0,0.0,On,0.0,0.0,,47,Wellington City,Nil,0.0,0.0,0.0,0.0,1.0,0.0,Open,0.0,0.0,0.0,Heavy rain,Null,1
66455038,,576500,0.0,,0.0,1.0,,Null,2019/2020,ADELAIDE ROAD,ALFRED STREET,,Minor Crash,No,2020,,South,,0,,Flat,,,,,,Overcast,2147900,1,0.0,0.0,1.0,,,0.0,,,1.0,,,Wellington Region,Nil,1-way,Sealed,,0.0,0,,10.0,,On,0.0,0.0,,47,Wellington City,Unknown,,,,,0.0,0.0,Urban,0.0,,,Mist or Fog,Null,1
66455096,45.0,573700,0.0,0.0,0.0,1.0,0.0,Null,2019/2020,BRODERICK ROAD,PHILLIP STREET,,Non-Injury Crash,No,2019,0.0,East,0.0,0,0.0,Flat,0.0,,0.0,,0.0,Overcast,2082500,0,0.0,0.0,2.0,0.0,0.0,0.0,0.0,0.0,,0.0,1.0,Wellington Region,Nil,2-way,Sealed,0.0,0.0,0,0.0,50.0,0.0,Off,0.0,0.0,,47,Wellington City,Nil,0.0,0.0,0.0,0.0,0.0,0.0,Urban,0.0,0.0,0.0,Fine,Strong wind,0
66455133,,573101,0.0,0.0,0.0,0.0,0.0,Null,2019/2020,TORY STREET,VIVIAN STREET,,Non-Injury Crash,No,2019,0.0,South,0.0,0,0.0,Flat,0.0,,0.0,,0.0,Dark,2136600,0,0.0,0.0,2.0,0.0,0.0,0.0,0.0,0.0,,0.0,0.0,Wellington Region,Nil,2-way,Sealed,0.0,0.0,0,0.0,50.0,0.0,On,1.0,0.0,,47,Wellington City,Traffic Signals,0.0,1.0,0.0,0.0,0.0,0.0,Urban,0.0,0.0,0.0,Light rain,Null,0
66455156,,573101,0.0,0.0,0.0,0.0,0.0,Null,2019/2020,VIVIAN STREET,TORY STREET,,Non-Injury Crash,Yes,2020,0.0,East,0.0,0,0.0,Flat,0.0,,0.0,,0.0,Dark,2133900,0,0.0,0.0,2.0,0.0,0.0,0.0,0.0,0.0,,0.0,0.0,Wellington Region,Nil,2-way,Sealed,0.0,0.0,0,0.0,50.0,0.0,On,0.0,0.0,,47,Wellington City,Traffic Signals,0.0,1.0,0.0,0.0,0.0,0.0,Urban,1.0,0.0,0.0,Fine,Null,1
66455192,,577000,0.0,0.0,0.0,1.0,0.0,East,2019/2020,COBHAM DRIVE,JEAN BATTEN STREET,,Non-Injury Crash,Yes,2020,1.0,West,0.0,0,0.0,Flat,0.0,,0.0,,0.0,Dark,2175700,0,0.0,0.0,4.0,0.0,0.0,0.0,0.0,0.0,,0.0,0.0,Wellington Region,Nil,2-way,Sealed,0.0,0.0,0,0.0,70.0,0.0,On,0.0,0.0,,47,Wellington City,Nil,0.0,1.0,0.0,1.0,0.0,0.0,Urban,0.0,0.0,0.0,Fine,Null,1
66455195,,572900,0.0,,0.0,4.0,,North,2020/2021,WELLINGTON URBAN MOTORWAY,AOTEA QUAY OFF RAMP,,Minor Crash,Yes,2020,,South,,0,,Flat,,,,,,Dark,2118400,4,0.0,0.0,3.0,,,0.0,,,,,,Wellington Region,Nil,1-way,Sealed,,0.0,0,,100.0,,On,0.0,0.0,,47,Wellington City,Nil,,,,,0.0,0.0,Open,0.0,,,Fine,Null,1
66455252,,575200,1.0,,0.0,1.0,,South,2020/2021,NORTHLAND ROAD,NORTHLAND TUNNEL ROAD,,Serious Crash,No,2020,,South,,0,,Hill Road,,,,,,Overcast,2150000,0,0.0,0.0,2.0,,,0.0,,,,,,Wellington Region,Nil,2-way,Sealed,,0.0,1,,50.0,,Off,0.0,0.0,,47,Wellington City,Nil,,,,,0.0,0.0,Urban,0.0,,,Fine,Null,1
66455284,,573200,0.0,0.0,0.0,1.0,0.0,Null,2020/2021,OHIRO ROAD,ARO VALLEY,,Non-Injury Crash,No,2020,0.0,North,0.0,0,0.0,Hill Road,0.0,,0.0,,0.0,Unknown,2159400,0,0.0,0.0,2.0,0.0,0.0,0.0,0.0,1.0,,0.0,0.0,Wellington Region,Nil,2-way,Sealed,0.0,0.0,0,0.0,50.0,0.0,Null,1.0,0.0,,47,Wellington City,Give way,0.0,0.0,0.0,0.0,0.0,0.0,Urban,0.0,0.0,0.0,Null,Null,1
66455328,,573600,0.0,0.0,0.0,2.0,0.0,South,2019/2020,MORGAN STREET,OHARIU ROAD,,Non-Injury Crash,No,2019,0.0,North,0.0,0,0.0,Flat,0.0,,0.0,,0.0,Bright sun,2080400,0,0.0,0.0,2.0,0.0,0.0,0.0,0.0,1.0,,0.0,0.0,Wellington Region,Nil,2-way,Sealed,0.0,0.0,0,0.0,50.0,0.0,None,0.0,0.0,,47,Wellington City,Unknown,0.0,0.0,0.0,0.0,0.0,0.0,Urban,0.0,0.0,0.0,Fine,Null,0
66455437,,574002,1.0,,0.0,0.0,,Null,2020/2021,NGAURANGA GORGE ROAD,GLOVER STREET,,Minor Crash,No,2020,,East,,0,,Flat,,,,,,Overcast,2078302,1,0.0,0.0,2.0,,,0.0,,,,,,Wellington Region,Nil,2-way,Sealed,,0.0,0,,50.0,,Off,0.0,0.0,,47,Wellington City,Stop,,,,,0.0,0.0,Urban,1.0,,,Fine,Null,1
66455446,,573400,0.0,0.0,0.0,1.0,0.0,North,2019/2020,ALEXANDRA LOOKOUT RD,ALEXANDRA ROAD,,Minor Crash,No,2019,0.0,South,0.0,0,0.0,Hill Road,0.0,,0.0,,1.0,Dark,2139604,2,0.0,0.0,2.0,0.0,0.0,0.0,0.0,0.0,,0.0,0.0,Wellington Region,Nil,2-way,Sealed,0.0,0.0,0,0.0,50.0,0.0,None,0.0,0.0,,47,Wellington City,Unknown,0.0,0.0,0.0,1.0,0.0,0.0,Urban,0.0,0.0,0.0,Fine,Null,0
66455450,,573101,0.0,,0.0,1.0,,Null,2019/2020,KARO DRIVE,VICTORIA STREET,,Minor Crash,Yes,2020,,West,,0,,Flat,,,,,,Overcast,2132400,1,0.0,0.0,3.0,,,0.0,,,,,,Wellington Region,Nil,1-way,Sealed,,0.0,0,,50.0,,None,0.0,0.0,,47,Wellington City,Traffic Signals,,,,,1.0,0.0,Urban,0.0,,,Fine,Null,1
66455478,,574100,0.0,,0.0,1.0,,South,2019/2020,BURMA RD,HAUMIA STREET,,Non-Injury Crash,No,2019,,North,,0,,Flat,,,,,,Overcast,2085303,0,0.0,0.0,0.0,,,0.0,,,,,,Wellington Region,Nil,2-way,Sealed,,0.0,0,,,,Off,0.0,0.0,,47,Wellington City,Unknown,,,,,0.0,0.0,Urban,1.0,,,Fine,Null,0
66455529,,574302,0.0,,0.0,1.0,,South,2020/2021,WELLINGTON URBAN MOTORWAY,HUTT ROAD,,Minor Crash,Yes,2020,,North,,0,,Flat,,,,,,Overcast,2090500,1,0.0,0.0,4.0,,,0.0,,,,,,Wellington Region,Nil,1-way,Sealed,,0.0,0,,100.0,,Off,1.0,0.0,,47,Wellington City,Nil,,,,,0.0,0.0,Open,1.0,,,Fine,Strong wind,1
66455533,,573901,0.0,,0.0,2.0,,Null,2020/2021,BRACKEN ROAD,RING LANE,,Minor Crash,No,2021,,South,,0,,Hill Road,,,,,,Overcast,2074000,2,0.0,0.0,2.0,,,0.0,,,,,,Wellington Region,Nil,2-way,Sealed,,0.0,0,,50.0,,Off,0.0,0.0,,47,Wellington City,Give way,,,,,0.0,0.0,Urban,0.0,,,Fine,Null,1
66455534,,572900,0.0,,0.0,1.0,,Null,2019/2020,BOWEN STREET,THE TERRACE,,Non-Injury Crash,No,2019,,West,,0,,Null,,,,,,Unknown,2122200,0,0.0,0.0,4.0,,,0.0,,,,,,Wellington Region,Nil,2-way,Sealed,,0.0,0,,50.0,,On,1.0,0.0,,47,Wellington City,Traffic Signals,,,,,0.0,0.0,Urban,0.0,,,Null,Null,0
66455537,,576301,0.0,0.0,1.0,1.0,0.0,Null,2020/2021,RINTOUL STREET,MILLWARD STREET,,Non-Injury Crash,No,2020,0.0,South,0.0,0,0.0,Flat,0.0,,0.0,,0.0,Twilight,2165000,0,0.0,0.0,2.0,0.0,0.0,0.0,0.0,1.0,,0.0,0.0,Wellington Region,Nil,2-way,Sealed,0.0,0.0,0,0.0,50.0,0.0,Off,0.0,0.0,,47,Wellington City,Give way,0.0,0.0,0.0,0.0,0.0,0.0,Urban,0.0,0.0,0.0,Fine,Null,1
66455554,,573101,0.0,,1.0,1.0,,Null,2020/2021,WAKEFIELD STREET,TARANAKI STREET,,Non-Injury Crash,No,2020,,West,,0,,Flat,,,,,,Bright sun,2135200,0,0.0,0.0,3.0,,,0.0,,,,,,Wellington Region,Nil,1-way,Sealed,,0.0,0,,30.0,,Off,0.0,0.0,,47,Wellington City,Traffic Signals,,,,,0.0,0.0,Urban,0.0,,,Fine,Null,1
66455568,,573200,0.0,0.0,0.0,1.0,0.0,East,2019/2020,OHIRO ROAD,MAARAMA CRESCENT,,Non-Injury Crash,No,2020,0.0,South,0.0,0,0.0,Null,0.0,,0.0,,0.0,Unknown,2159100,0,0.0,0.0,0.0,0.0,0.0,0.0,0.0,1.0,,0.0,0.0,Wellington Region,Nil,Null,Sealed,0.0,0.0,0,0.0,,0.0,Off,0.0,0.0,,47,Wellington City,Unknown,0.0,0.0,0.0,0.0,0.0,1.0,Urban,0.0,0.0,0.0,Null,Null,1
66455608,,572701,0.0,,0.0,0.0,,North,2020/2021,MAIN ROAD,FYVIE AVENUE,,Non-Injury Crash,No,2020,,South,,0,,Flat,,,,,,Bright sun,1994500,0,0.0,0.0,2.0,,,0.0,,,,,,Wellington Region,Nil,2-way,Sealed,,0.0,0,,50.0,,Off,1.0,0.0,,47,Wellington City,Nil,,,,,0.0,0.0,Urban,1.0,,,Fine,Null,1
66455650,,575200,0.0,,0.0,1.0,,North,2020/2021,NORTHLAND ROAD,NORTHLAND TUNNEL ROAD,,Non-Injury Crash,No,2020,,North,,0,,Hill Road,,,,,,Bright sun,2149800,0,0.0,0.0,2.0,,,0.0,,,,,,Wellington Region,Nil,2-way,Sealed,,0.0,0,,50.0,,Off,1.0,0.0,,47,Wellington City,Unknown,,,,,0.0,0.0,Urban,0.0,,,Fine,Null,1
66455695,,572900,0.0,,0.0,1.0,,Null,2019/2020,TINAKORI ROAD,BOWEN STREET,,Non-Injury Crash,No,2019,,North,,0,,Null,,,,,,Twilight,2123400,0,0.0,0.0,3.0,,,0.0,,,,,,Wellington Region,Nil,2-way,Sealed,,0.0,0,,30.0,,Off,0.0,0.0,,47,Wellington City,Traffic Signals,,,,,0.0,0.0,Urban,0.0,,,Fine,Null,0
66455701,,576700,0.0,0.0,0.0,1.0,1.0,North,2019/2020,EVANS BAY PARADE,BALAENA BAY,,Non-Injury Crash,No,2020,0.0,North,0.0,0,0.0,Flat,0.0,,0.0,,0.0,Dark,2186900,0,0.0,0.0,2.0,0.0,0.0,0.0,0.0,0.0,,0.0,0.0,Wellington Region,Nil,2-way,Sealed,0.0,0.0,0,0.0,50.0,0.0,On,0.0,0.0,,47,Wellington City,Nil,0.0,0.0,0.0,0.0,0.0,0.0,Urban,0.0,0.0,0.0,Fine,Null,1
66455702,,573000,0.0,,0.0,1.0,,Null,2019/2020,MOUNT STREET,SALAMANCA ROAD,,Non-Injury Crash,No,2020,,Null,,0,,Hill Road,,,,,,Twilight,2126900,0,0.0,0.0,1.0,,,0.0,,,,,,Wellington Region,Nil,2-way,Sealed,,0.0,0,,50.0,,Null,0.0,0.0,,47,Wellington City,Nil,,,,,1.0,0.0,Urban,0.0,,,Light rain,Null,1
66455744,,572900,1.0,0.0,0.0,1.0,0.0,Null,2020/2021,UPTON TERRACE,TINAKORI ROAD,,Non-Injury Crash,No,2020,0.0,South,0.0,0,0.0,Null,0.0,,0.0,,0.0,Unknown,2123100,0,0.0,0.0,2.0,0.0,0.0,0.0,0.0,1.0,,0.0,0.0,Wellington Region,Nil,2-way,Sealed,0.0,0.0,0,0.0,50.0,0.0,Null,0.0,0.0,,47,Wellington City,Give way,0.0,0.0,0.0,0.0,0.0,0.0,Urban,0.0,0.0,0.0,Null,Null,1
66455757,,576500,0.0,0.0,0.0,3.0,0.0,East,2019/2020,MEIN STREET,DANIELL STREET,,Non-Injury Crash,No,2020,0.0,East,0.0,0,0.0,Hill Road,0.0,,0.0,,0.0,Overcast,2149200,0,0.0,0.0,2.0,0.0,0.0,0.0,0.0,1.0,,0.0,0.0,Wellington Region,Nil,2-way,Sealed,0.0,0.0,0,0.0,50.0,0.0,Off,0.0,0.0,,47,Wellington City,Nil,0.0,0.0,0.0,0.0,0.0,0.0,Urban,0.0,0.0,0.0,Fine,Null,1
66455766,,573300,1.0,,0.0,1.0,,West,2019/2020,WEBB ST,HOPPER STREET,,Minor Crash,No,2019,,East,,0,,Flat,,,,,,Dark,2144300,1,0.0,0.0,2.0,,,0.0,,,,,,Wellington Region,Nil,2-way,Sealed,,0.0,0,,50.0,,On,0.0,0.0,,47,Wellington City,Unknown,,,,,0.0,0.0,Urban,0.0,,,Light rain,Null,0
66455783,,572900,0.0,,0.0,0.0,,North,2020/2021,HUTT ROAD,SAR STREET,,Minor Crash,No,2021,,South,,0,,Flat,,,,,,Overcast,2117102,1,0.0,1.0,3.0,,,0.0,,,,,,Wellington Region,Nil,2-way,Sealed,,0.0,0,,50.0,,Off,1.0,0.0,30.0,47,Wellington City,Unknown,,,,,0.0,0.0,Urban,0.0,,,Light rain,Null,1
66455812,,572900,0.0,0.0,0.0,1.0,0.0,South,2020/2021,WELLINGTON URBAN MOTORWAY,MOLESWORTH OBR,,Serious Crash,Yes,2020,0.0,North,0.0,0,0.0,Flat,1.0,,0.0,,0.0,Dark,2119300,0,0.0,0.0,3.0,0.0,0.0,0.0,0.0,0.0,,0.0,1.0,Wellington Region,Nil,1-way,Sealed,0.0,0.0,1,0.0,100.0,0.0,On,0.0,0.0,,47,Wellington City,Nil,0.0,0.0,0.0,0.0,0.0,0.0,Open,0.0,0.0,0.0,Light rain,Null,1
66455854,,573000,0.0,0.0,0.0,0.0,0.0,North,2019/2020,WILLIS STREET,ABEL SMITH STREET,,Non-Injury Crash,No,2019,0.0,Null,0.0,0,0.0,Flat,0.0,,0.0,,0.0,Twilight,2130200,0,0.0,0.0,2.0,0.0,0.0,0.0,0.0,1.0,,0.0,0.0,Wellington Region,Nil,1-way,Sealed,0.0,0.0,0,0.0,50.0,0.0,Off,0.0,0.0,,47,Wellington City,Unknown,0.0,0.0,0.0,0.0,0.0,1.0,Urban,1.0,0.0,0.0,Fine,Null,0
66455883,,576400,0.0,,0.0,2.0,,North,2020/2021,MANCHESTER STREET,CAPRERA STREET,,Non-Injury Crash,No,2021,,North,,0,,Hill Road,,Queens Birthday,,,,Dark,2170901,0,0.0,0.0,2.0,,,0.0,,,,,,Wellington Region,Nil,2-way,Sealed,,0.0,0,,50.0,,On,0.0,1.0,,47,Wellington City,Nil,,,,,0.0,0.0,Urban,0.0,,,Fine,Null,1
66455941,,573000,0.0,0.0,0.0,2.0,1.0,South,2019/2020,01N-1068/05.72,MOUNT STREET,,Minor Crash,Yes,2019,0.0,North,0.0,0,0.0,Flat,1.0,,0.0,,0.0,Bright sun,2129200,1,0.0,0.0,3.0,0.0,0.0,0.0,0.0,0.0,,0.0,0.0,Wellington Region,Tunnel,2-way,Sealed,0.0,0.0,0,0.0,70.0,0.0,On,0.0,0.0,,47,Wellington City,Unknown,0.0,0.0,0.0,0.0,0.0,0.0,Urban,0.0,0.0,0.0,Fine,Null,0
66455950,,576903,0.0,,0.0,2.0,,Null,2019/2020,RUAHINE STREET,GOA STREET,,Minor Crash,Yes,2020,,West,,0,,Flat,,,,,,Bright sun,2180700,1,0.0,0.0,2.0,,,0.0,,,,,,Wellington Region,Nil,2-way,Sealed,,0.0,0,,70.0,,None,0.0,0.0,,47,Wellington City,Give way,,,,,0.0,0.0,Urban,0.0,,,Fine,Null,1
66455959,,576901,0.0,,0.0,2.0,,Null,2020/2021,ONEPU ROAD,COCKBURN STREET,,Non-Injury Crash,No,2020,,South,,0,,Null,,,,,,Unknown,2178802,0,0.0,0.0,2.0,,,0.0,,,,,,Wellington Region,Nil,2-way,Null,,0.0,0,,50.0,,Null,0.0,0.0,,47,Wellington City,Give way,,,,,0.0,0.0,Urban,0.0,,,Null,Null,1
66455968,,573101,0.0,0.0,0.0,2.0,0.0,Null,2020/2021,BUCKLE STREET,TARANAKI STREET,,Minor Crash,Yes,2020,0.0,West,0.0,0,0.0,Flat,0.0,,0.0,,0.0,Dark,2134800,3,0.0,0.0,4.0,0.0,0.0,0.0,0.0,0.0,,0.0,1.0,Wellington Region,Nil,1-way,Sealed,0.0,0.0,0,0.0,50.0,0.0,On,0.0,0.0,,47,Wellington City,Traffic Signals,0.0,0.0,0.0,0.0,0.0,0.0,Urban,0.0,0.0,0.0,Light rain,Null,1
66455976,,574304,0.0,,0.0,1.0,,North,2019/2020,MADRAS STREET,DELHI CRESCENT,,Non-Injury Crash,No,2020,,South,,0,,Hill Road,,,,,,Overcast,2089200,0,0.0,0.0,2.0,,,0.0,,,,,,Wellington Region,Nil,2-way,Sealed,,0.0,0,,50.0,,Off,0.0,0.0,,47,Wellington City,Unknown,,,,,1.0,0.0,Urban,0.0,,,Fine,Null,1
66456026,,573101,1.0,,0.0,0.0,,Null,2019/2020,TORY STREET,FREDERICK STREET,,Minor Crash,No,2020,,East,,0,,Hill Road,,,,,,Dark,2134900,1,0.0,0.0,2.0,,,0.0,,,,,,Wellington Region,Speed hump,2-way,Sealed,,0.0,0,,50.0,,On,0.0,0.0,,47,Wellington City,Give way,,,,,0.0,0.0,Urban,1.0,,,Fine,Null,1
66456062,,574302,0.0,0.0,0.0,1.0,0.0,North,2019/2020,WARU STREET,WHITU STREET,,Non-Injury Crash,No,2020,0.0,North,0.0,0,0.0,Null,0.0,,0.0,,0.0,Unknown,2092000,0,0.0,0.0,2.0,0.0,0.0,0.0,0.0,1.0,,0.0,0.0,Wellington Region,Nil,2-way,Null,0.0,0.0,0,0.0,50.0,0.0,Null,0.0,0.0,,47,Wellington City,Nil,0.0,0.0,0.0,0.0,0.0,0.0,Urban,0.0,0.0,0.0,Null,Null,1
66456120,,573700,0.0,,0.0,1.0,,Null,2019/2020,MOOREFIELD ROAD,JOHNSONVILLE ON RAMP,,Minor Crash,No,2020,,South,,0,,Flat,,,,,,Bright sun,2082300,3,0.0,0.0,3.0,,,0.0,,,,,,Wellington Region,Nil,2-way,Sealed,,0.0,0,,50.0,,Off,0.0,1.0,,47,Wellington City,Give way,,,,,1.0,0.0,Urban,0.0,,,Fine,Null,1
66456217,,576903,0.0,,0.0,2.0,,Null,2019/2020,WELLINGTON ROAD,KILBIRNIE CRESCENT,,Non-Injury Crash,Yes,2020,,North,,0,,Hill Road,,,,,,Twilight,2177900,0,0.0,0.0,6.0,,,0.0,,,,,,Wellington Region,Nil,2-way,Sealed,,0.0,0,,50.0,,On,0.0,0.0,,47,Wellington City,Traffic Signals,,,,,0.0,0.0,Urban,0.0,,,Fine,Null,1
66456267,,575300,0.0,0.0,0.0,1.0,0.0,South,2020/2021,GLENMORE STREET,UPLAND ROAD,,Non-Injury Crash,No,2021,0.0,North,0.0,0,0.0,Hill Road,0.0,,0.0,,0.0,Dark,2152600,0,0.0,0.0,2.0,0.0,0.0,0.0,0.0,1.0,,0.0,0.0,Wellington Region,Nil,2-way,Sealed,0.0,0.0,0,0.0,50.0,0.0,On,0.0,0.0,,47,Wellington City,Nil,0.0,0.0,0.0,0.0,0.0,0.0,Urban,0.0,0.0,0.0,Fine,Null,1
66456270,,576400,1.0,,0.0,0.0,,Null,2019/2020,RIDDIFORD STREET,HALL STREET,,Serious Crash,No,2019,,North,,0,,Flat,,,,,,Bright sun,2166900,0,0.0,0.0,4.0,,,0.0,,,,,,Wellington Region,Nil,2-way,Sealed,,0.0,1,,50.0,,Off,0.0,0.0,,47,Wellington City,Traffic Signals,,,,,0.0,1.0,Urban,0.0,,,Fine,Null,0
66456353,,575902,0.0,0.0,0.0,1.0,0.0,North,2019/2020,FROBISHER STREET,DART CRESCENT,,Minor Crash,No,2020,0.0,South,0.0,0,0.0,Hill Road,0.0,,0.0,,0.0,Twilight,2187405,1,0.0,1.0,2.0,0.0,0.0,0.0,0.0,1.0,,0.0,0.0,Wellington Region,Nil,2-way,Sealed,0.0,0.0,0,0.0,50.0,0.0,Off,0.0,0.0,,47,Wellington City,Unknown,0.0,0.0,0.0,0.0,0.0,0.0,Urban,0.0,0.0,0.0,Fine,Null,1
66456374,,573000,0.0,,0.0,2.0,,Null,2019/2020,WATERLOO QUAY,BUNNY STREET,,Non-Injury Crash,No,2020,,North,,0,,Flat,,,,,,Overcast,2124300,0,0.0,0.0,5.0,,,0.0,,,,,,Wellington Region,Nil,2-way,Sealed,,0.0,0,,50.0,,Off,0.0,0.0,,47,Wellington City,Traffic Signals,,,,,0.0,0.0,Urban,0.0,,,Fine,Frost,1
66456481,,575200,0.0,0.0,0.0,1.0,0.0,Null,2019/2020,WOBURN ROAD,WEST ROAD,,Non-Injury Crash,No,2019,0.0,North,0.0,0,0.0,Flat,0.0,,0.0,,0.0,Overcast,2150700,0,0.0,0.0,2.0,0.0,0.0,0.0,0.0,1.0,,0.0,0.0,Wellington Region,Nil,2-way,Sealed,0.0,0.0,0,0.0,50.0,0.0,Off,1.0,0.0,,47,Wellington City,Nil,0.0,0.0,0.0,0.0,0.0,0.0,Urban,0.0,0.0,0.0,Light rain,Null,0
66456483,,576002,0.0,0.0,0.0,1.0,0.0,North,2020/2021,CLYDE STREET,AVON STREET,,Non-Injury Crash,No,2020,0.0,South,0.0,0,0.0,Hill Road,0.0,,0.0,,0.0,Bright sun,2190300,0,0.0,0.0,2.0,0.0,0.0,0.0,0.0,1.0,,0.0,0.0,Wellington Region,Nil,2-way,Sealed,0.0,0.0,0,0.0,50.0,0.0,Off,1.0,0.0,,47,Wellington City,Nil,0.0,0.0,0.0,0.0,0.0,0.0,Urban,0.0,0.0,0.0,Fine,Null,1
66456493,,573526,0.0,0.0,0.0,0.0,0.0,East,2019/2020,HUTT ROAD,SERVICE STN NTH,,Non-Injury Crash,Yes,2020,0.0,North,0.0,0,0.0,Flat,0.0,,0.0,,0.0,Bright sun,2077503,0,0.0,0.0,2.0,0.0,0.0,0.0,0.0,0.0,,0.0,1.0,Wellington Region,Nil,1-way,Sealed,0.0,0.0,0,0.0,100.0,0.0,Off,0.0,0.0,,47,Wellington City,Nil,0.0,0.0,0.0,0.0,0.0,0.0,Open,1.0,0.0,0.0,Fine,Null,1
66456569,,573300,0.0,,0.0,2.0,,North,2019/2020,TARANAKI STREET,HANKEY STREET,,Non-Injury Crash,No,2020,,North,,0,,Null,,,,,,Unknown,2144600,0,0.0,0.0,2.0,,,0.0,,,,,,Wellington Region,Nil,2-way,Sealed,,0.0,0,,50.0,,Null,0.0,0.0,,47,Wellington City,Nil,,,,,0.0,0.0,Urban,1.0,,,Null,Null,1
66456576,,573101,1.0,,0.0,0.0,,West,2019/2020,JERVOIS QUAY,MARKET LANE,,Non-Injury Crash,No,2020,,South,,0,,Flat,,,,,,Bright sun,2133000,0,0.0,0.0,3.0,,,0.0,,,,,,Wellington Region,Nil,1-way,Sealed,,0.0,0,,50.0,,Off,0.0,0.0,,47,Wellington City,Nil,,,,,0.0,1.0,Urban,0.0,,,Fine,Null,1
66456616,,573522,0.0,0.0,0.0,1.0,0.0,South,2019/2020,JOHNSONVILLE PORIRUA MOTORWAY,TAWA-GRENADA NORTH ON RAMP,,Non-Injury Crash,Yes,2019,0.0,North,0.0,0,0.0,Flat,1.0,,0.0,,0.0,Overcast,2053703,0,0.0,0.0,2.0,0.0,0.0,0.0,0.0,0.0,,0.0,0.0,Wellington Region,Nil,1-way,Sealed,0.0,0.0,0,0.0,100.0,0.0,Off,0.0,0.0,,47,Wellington City,Unknown,0.0,0.0,0.0,0.0,0.0,0.0,Open,0.0,0.0,0.0,Fine,Null,0
66456630,,575600,0.0,,0.0,1.0,,East,2019/2020,HELEN STREET,SUGARLOAF ROAD,,Non-Injury Crash,No,2019,,West,,0,,Null,,,,,,Unknown,2160700,0,0.0,1.0,2.0,,,0.0,,,,,,Wellington Region,Nil,2-way,Sealed,,0.0,0,,50.0,,Null,0.0,0.0,,47,Wellington City,Unknown,,,,,0.0,0.0,Urban,0.0,,,Null,Null,0
66456653,,575600,0.0,0.0,0.0,1.0,0.0,South,2019/2020,OHIRO ROAD,TAFT STREET,,Non-Injury Crash,No,2019,0.0,North,0.0,0,0.0,Null,0.0,,0.0,,0.0,Unknown,2161800,0,0.0,0.0,2.0,0.0,0.0,0.0,0.0,1.0,,0.0,0.0,Wellington Region,Nil,2-way,Sealed,0.0,0.0,0,0.0,50.0,0.0,Null,1.0,0.0,,47,Wellington City,Nil,0.0,0.0,0.0,0.0,0.0,0.0,Urban,0.0,0.0,0.0,Null,Null,0