OBJECTID,advisorySpeed,areaUnitID,bicycle,bridge,bus,carStationWagon,cliffBank,crashDirectionDescription,crashFinancialYear,crashLocation1,crashLocation2,crashRoadSideRoad,crashSeverity,crashSHDescription,crashYear,debris,directionRoleDescription,ditch,fatalCount,fence,flatHill,guardRail,holiday,houseOrBuilding,intersection,kerb,light,meshblockId,minorInjuryCount,moped,motorcycle,NumberOfLanes,objectThrownOrDropped,otherObject,otherVehicleType,overBank,parkedVehicle,pedestrian,phoneBoxEtc,postOrPole,region,roadCharacter,roadLane,roadSurface,roadworks,schoolBus,seriousInjuryCount,slipOrFlood,speedLimit,strayAnimal,streetLight,suv,taxi,temporarySpeedLimit,tlaId,tlaName,trafficControl,trafficIsland,trafficSign,train,tree,truck,unknownVehicleType,urban,vanOrUtility,vehicle,waterRiver,weatherA,weatherB,if_pandemic
66456676,,576901,0.0,,0.0,1.0,,Null,2019/2020,KILBIRNIE CRESCENT,EVANS BAY PARADE,,Non-Injury Crash,No,2020,,South,,0,,Flat,,,,,,Dark,2178000,0,0.0,0.0,2.0,,,0.0,,,,,,Wellington Region,Nil,2-way,Sealed,,0.0,0,,50.0,,On,0.0,0.0,,47,Wellington City,Traffic Signals,,,,,0.0,0.0,Urban,0.0,,,Fine,Null,1
66456680,,573101,0.0,,0.0,2.0,,Null,2019/2020,VICTORIA STREET,GHUZNEE STREET,,Non-Injury Crash,No,2019,,South,,0,,Flat,,,,,,Dark,2131500,0,0.0,0.0,3.0,,,0.0,,,,,,Wellington Region,Nil,1-way,Sealed,,0.0,0,,50.0,,On,0.0,0.0,,47,Wellington City,Traffic Signals,,,,,0.0,0.0,Urban,0.0,,,Fine,Null,0
66456689,,573000,0.0,0.0,0.0,1.0,0.0,North,2019/2020,THE TERRACE,ALLENBY TERRACE,,Non-Injury Crash,No,2020,0.0,North,0.0,0,0.0,Flat,0.0,,0.0,,0.0,Bright sun,2127900,0,0.0,0.0,2.0,0.0,0.0,0.0,0.0,1.0,,0.0,0.0,Wellington Region,Nil,2-way,Sealed,0.0,0.0,0,0.0,50.0,0.0,Null,0.0,0.0,,47,Wellington City,Nil,0.0,0.0,0.0,0.0,1.0,0.0,Urban,0.0,0.0,0.0,Null,Null,1
66456691,,573101,0.0,0.0,0.0,2.0,0.0,West,2020/2021,COURTENAY PLACE,TORY STREET,,Non-Injury Crash,No,2020,0.0,North,0.0,0,0.0,Flat,0.0,,0.0,,0.0,Dark,2135900,0,0.0,0.0,2.0,0.0,0.0,0.0,0.0,0.0,,0.0,0.0,Wellington Region,Nil,2-way,Sealed,0.0,0.0,0,0.0,30.0,0.0,On,0.0,2.0,,47,Wellington City,Nil,0.0,0.0,0.0,0.0,0.0,0.0,Urban,0.0,1.0,0.0,Fine,Null,1
66456734,,574302,0.0,0.0,0.0,1.0,1.0,Null,2019/2020,NICHOLSON ROAD,EVEREST STREET,,Non-Injury Crash,No,2020,0.0,South,0.0,0,0.0,Flat,0.0,,0.0,,0.0,Overcast,2091400,0,0.0,0.0,2.0,0.0,0.0,0.0,0.0,0.0,,0.0,0.0,Wellington Region,Nil,2-way,Sealed,0.0,0.0,0,0.0,50.0,0.0,Off,0.0,0.0,,47,Wellington City,Nil,0.0,0.0,0.0,0.0,0.0,0.0,Urban,0.0,0.0,0.0,Fine,Null,1
66456745,,577301,0.0,0.0,0.0,0.0,0.0,Null,2019/2020,AWA ROAD,DARLINGTON ROAD,,Non-Injury Crash,No,2020,0.0,East,0.0,0,0.0,Flat,0.0,,1.0,,0.0,Dark,2204100,0,0.0,0.0,2.0,0.0,0.0,0.0,0.0,0.0,,0.0,0.0,Wellington Region,Nil,2-way,Sealed,0.0,0.0,0,0.0,50.0,0.0,On,1.0,0.0,,47,Wellington City,Give way,0.0,0.0,0.0,0.0,0.0,0.0,Urban,0.0,0.0,0.0,Light rain,Null,1
66456761,,573400,0.0,0.0,1.0,0.0,0.0,Null,2019/2020,ELLICE STREET,BROUGHAM STREET,,Non-Injury Crash,No,2019,0.0,East,0.0,0,0.0,Null,0.0,,0.0,,0.0,Bright sun,2142900,0,0.0,0.0,2.0,0.0,0.0,0.0,0.0,1.0,,0.0,0.0,Wellington Region,Nil,2-way,Sealed,0.0,0.0,0,0.0,50.0,0.0,Off,1.0,0.0,,47,Wellington City,School Patrol/warden,0.0,0.0,0.0,0.0,0.0,0.0,Urban,0.0,0.0,0.0,Null,Null,0
66456767,,575300,0.0,,0.0,1.0,,Null,2020/2021,GLENMORE STREET,ORANGI KAUPAPA ROAD,,Serious Crash,No,2021,,South,,0,,Hill Road,,,,,,Overcast,2153501,0,0.0,0.0,2.0,,,0.0,,,1.0,,,Wellington Region,Nil,2-way,Sealed,,0.0,1,,50.0,,Off,0.0,0.0,,47,Wellington City,Give way,,,,,0.0,0.0,Urban,0.0,,,Light rain,Null,1
66456813,,576901,0.0,,0.0,1.0,,Null,2019/2020,COBHAM DRIVE,TROY STREET,,Non-Injury Crash,Yes,2019,,West,,0,,Flat,,,,,,Overcast,2176800,0,0.0,0.0,2.0,,,0.0,,,,,,Wellington Region,Nil,1-way,Sealed,,0.0,0,,70.0,,Off,1.0,0.0,,47,Wellington City,Give way,,,,,0.0,0.0,Urban,0.0,,,Fine,Null,0
66456835,,576901,0.0,,0.0,2.0,,Null,2020/2021,COBHAM DRIVE,TROY STREET,,Non-Injury Crash,Yes,2021,,South,,0,,Flat,,Christmas New Year,,,,Dark,2176800,0,0.0,0.0,2.0,,,0.0,,,,,,Wellington Region,Nil,1-way,Sealed,,0.0,0,,70.0,,On,0.0,0.0,,47,Wellington City,Give way,,,,,0.0,0.0,Urban,0.0,,,Fine,Null,1
66456937,,573101,0.0,,0.0,1.0,,West,2019/2020,MANNERS STREET,TARANAKI STREET,,Non-Injury Crash,No,2020,,East,,0,,Flat,,,,,,Dark,2133200,0,0.0,0.0,2.0,,,0.0,,,,,,Wellington Region,Nil,2-way,Sealed,,0.0,0,,30.0,,On,0.0,1.0,,47,Wellington City,Nil,,,,,1.0,0.0,Urban,0.0,,,Fine,Null,1
66456954,,573101,1.0,,0.0,1.0,,Null,2019/2020,TARANAKI STREET,ABEL SMITH STREET,,Non-Injury Crash,No,2019,,North,,0,,Null,,,,,,Unknown,2134800,0,0.0,0.0,2.0,,,0.0,,,,,,Wellington Region,Nil,2-way,Sealed,,0.0,0,,50.0,,Off,0.0,0.0,,47,Wellington City,Nil,,,,,0.0,0.0,Urban,0.0,,,Fine,Null,0
66456972,,574002,0.0,,0.0,2.0,,North,2020/2021,HUTT ROAD,HUTT ROAD ON RAMP,,Non-Injury Crash,Yes,2020,,North,,0,,Flat,,,,,,Dark,2078302,0,0.0,0.0,2.0,,,0.0,,,,,,Wellington Region,Nil,1-way,Sealed,,0.0,0,,100.0,,On,0.0,1.0,,47,Wellington City,Nil,,,,,0.0,0.0,Open,0.0,,,Fine,Null,1
66456994,,577200,0.0,,0.0,1.0,,North,2019/2020,CALABAR ROAD,WEXFORD ROAD,,Non-Injury Crash,Yes,2019,,North,,0,,Hill Road,,,,,,Bright sun,2206300,0,0.0,0.0,4.0,,,0.0,,,,,,Wellington Region,Nil,2-way,Sealed,,0.0,0,,70.0,,Off,0.0,0.0,,47,Wellington City,Nil,,,,,0.0,0.0,Urban,1.0,,,Fine,Null,0
66457004,,573600,0.0,,0.0,2.0,,Null,2019/2020,JOHNSONVILLE PORIRUA MOTORWAY,JOHNSONVILLE ON RAMP,,Non-Injury Crash,Yes,2020,,North,,0,,Null,,,,,,Unknown,2081200,0,0.0,0.0,2.0,,,0.0,,,,,,Wellington Region,Nil,1-way,Sealed,,0.0,0,,100.0,,Off,0.0,0.0,,47,Wellington City,Nil,,,,,0.0,0.0,Open,0.0,,,Fine,Null,1
66457007,,573101,0.0,,0.0,0.0,,Null,2019/2020,MARION STREET,GHUZNEE STREET,,Non-Injury Crash,No,2019,,North,,0,,Flat,,,,,,Overcast,2133700,0,0.0,1.0,2.0,,,0.0,,,,,,Wellington Region,Nil,2-way,Sealed,,0.0,0,,50.0,,Off,0.0,0.0,,47,Wellington City,Give way,,,,,0.0,0.0,Urban,1.0,,,Fine,Strong wind,0
66457041,,574500,0.0,0.0,0.0,1.0,0.0,North,2020/2021,WELLINGTON URBAN MOTORWAY,AOTEA QUAY ON RAMP,,Minor Crash,Yes,2020,0.0,North,0.0,0,0.0,Flat,1.0,,0.0,,0.0,Dark,2093600,1,0.0,0.0,4.0,0.0,0.0,0.0,0.0,0.0,,0.0,0.0,Wellington Region,Motorway ramp,1-way,Sealed,0.0,0.0,0,0.0,100.0,0.0,On,0.0,0.0,,47,Wellington City,Nil,0.0,0.0,0.0,0.0,0.0,0.0,Open,0.0,0.0,0.0,Fine,Null,1
66457072,,573526,0.0,,0.0,1.0,,West,2020/2021,HUTT ROAD,HOROKIWI ROAD,,Minor Crash,Yes,2020,,West,,0,,Flat,,,,,,Overcast,2086403,1,0.0,0.0,2.0,,,0.0,,,,,,Wellington Region,Nil,1-way,Sealed,,0.0,0,,100.0,,Off,0.0,0.0,,47,Wellington City,Nil,,,,,0.0,0.0,Open,2.0,,,Fine,Null,1
66457110,,577302,0.0,,0.0,1.0,,South,2020/2021,DARLINGTON ROAD,PURIRI STREET,,Minor Crash,No,2020,,North,,0,,Flat,,,,,,Overcast,2205400,3,0.0,0.0,2.0,,,0.0,,,,,,Wellington Region,Nil,2-way,Sealed,,0.0,0,,50.0,,Off,1.0,0.0,,47,Wellington City,Nil,,,,,0.0,0.0,Urban,0.0,,,Fine,Null,1
66457153,,574402,0.0,0.0,0.0,2.0,0.0,North,2020/2021,OTTAWA ROAD,CROFTON ROAD,,Minor Crash,No,2020,0.0,South,0.0,0,0.0,Flat,0.0,,0.0,,0.0,Dark,2096500,1,0.0,0.0,2.0,0.0,0.0,0.0,0.0,1.0,,0.0,0.0,Wellington Region,Nil,2-way,Sealed,0.0,0.0,0,0.0,50.0,0.0,On,0.0,0.0,,47,Wellington City,Nil,0.0,0.0,0.0,0.0,0.0,0.0,Urban,0.0,0.0,0.0,Fine,Null,1
66457170,,573700,0.0,0.0,1.0,1.0,0.0,South,2018/2019,JOHNSONVILLE ROAD,DISRAELI STREET,,Non-Injury Crash,No,2019,0.0,North,0.0,0,0.0,Flat,0.0,,0.0,,0.0,Twilight,2083100,0,0.0,0.0,3.0,0.0,0.0,0.0,0.0,0.0,,0.0,0.0,Wellington Region,Nil,2-way,Sealed,0.0,0.0,0,0.0,50.0,0.0,On,0.0,0.0,,47,Wellington City,Unknown,0.0,0.0,0.0,0.0,0.0,0.0,Urban,0.0,1.0,0.0,Fine,Null,0
66457171,,573101,0.0,,0.0,0.0,,Null,2021/2022,TARANAKI STREET,WAKEFIELD STREET,,Minor Crash,No,2021,,West,,0,,Flat,,Christmas New Year,,,,Bright sun,2133100,1,0.0,0.0,5.0,,,0.0,,,1.0,,,Wellington Region,Nil,1-way,Sealed,,0.0,0,,50.0,,Off,1.0,0.0,,47,Wellington City,Traffic Signals,,,,,0.0,0.0,Urban,0.0,,,Fine,Null,1
66457191,,576800,0.0,,0.0,1.0,,South,2020/2021,HATAITAI ROAD,RAKAU ROAD,,Non-Injury Crash,No,2020,,North,,0,,Null,,,,,,Overcast,2184400,0,1.0,0.0,2.0,,,0.0,,,,,,Wellington Region,Nil,2-way,Sealed,,0.0,0,,50.0,,Off,0.0,0.0,,47,Wellington City,Nil,,,,,0.0,0.0,Urban,0.0,,,Fine,Null,1
66457223,,572900,0.0,0.0,0.0,2.0,0.0,South,2020/2021,WELLINGTON URBAN MOTORWAY,AOTEA OBR,,Minor Crash,Yes,2020,0.0,North,0.0,0,0.0,Flat,1.0,,0.0,,0.0,Dark,2118400,1,0.0,0.0,3.0,0.0,0.0,0.0,0.0,0.0,,0.0,0.0,Wellington Region,Nil,1-way,Sealed,0.0,0.0,0,0.0,100.0,0.0,On,0.0,0.0,,47,Wellington City,Nil,0.0,0.0,0.0,0.0,0.0,0.0,Open,0.0,0.0,0.0,Fine,Null,1
66457245,,577302,0.0,0.0,0.0,1.0,0.0,North,2020/2021,DARLINGTON ROAD,ROTHERHAM TERRACE,,Serious Crash,No,2021,0.0,South,0.0,0,0.0,Flat,0.0,,0.0,,0.0,Bright sun,2205400,0,0.0,0.0,2.0,0.0,0.0,0.0,0.0,0.0,,0.0,1.0,Wellington Region,Nil,2-way,Sealed,0.0,0.0,1,0.0,50.0,0.0,Off,0.0,0.0,,47,Wellington City,Nil,0.0,0.0,0.0,0.0,0.0,0.0,Urban,0.0,0.0,0.0,Fine,Null,1
66457277,,576800,0.0,0.0,0.0,2.0,1.0,South,2020/2021,WAIPAPA ROAD,KAINUI ROAD,,Non-Injury Crash,No,2020,0.0,North,0.0,0,0.0,Hill Road,0.0,,0.0,,1.0,Dark,2182700,0,0.0,0.0,2.0,0.0,0.0,0.0,0.0,1.0,,0.0,1.0,Wellington Region,Nil,2-way,Sealed,0.0,0.0,0,0.0,50.0,0.0,On,0.0,0.0,,47,Wellington City,Nil,0.0,0.0,0.0,0.0,0.0,0.0,Urban,0.0,0.0,0.0,Fine,Null,1
66457280,,574100,0.0,0.0,0.0,2.0,0.0,South,2020/2021,FRASER AVENUE,POLLEN STREET,,Non-Injury Crash,No,2020,0.0,West,0.0,0,0.0,Hill Road,0.0,,0.0,,0.0,Twilight,2084500,0,0.0,0.0,2.0,0.0,0.0,0.0,0.0,1.0,,0.0,0.0,Wellington Region,Nil,2-way,Sealed,0.0,0.0,0,0.0,50.0,0.0,Off,0.0,0.0,,47,Wellington City,Unknown,0.0,0.0,0.0,0.0,0.0,0.0,Urban,0.0,0.0,0.0,Fine,Null,1
66457314,,576400,0.0,0.0,0.0,4.0,0.0,South,2019/2020,MANSFIELD STREET,HORNER STREET,,Non-Injury Crash,No,2019,0.0,North,0.0,0,0.0,Flat,0.0,,0.0,,0.0,Dark,2171003,0,0.0,0.0,2.0,0.0,0.0,0.0,0.0,1.0,,0.0,0.0,Wellington Region,Nil,2-way,Sealed,0.0,0.0,0,0.0,50.0,0.0,On,0.0,0.0,,47,Wellington City,Nil,0.0,0.0,0.0,0.0,0.0,0.0,Urban,0.0,0.0,0.0,Fine,Null,0
66457325,,573101,0.0,0.0,0.0,1.0,0.0,South,2019/2020,WILLIS STREET,MANNERS STREET,,Non-Injury Crash,No,2020,0.0,South,0.0,0,0.0,Null,0.0,,0.0,,0.0,Dark,2131300,0,0.0,0.0,3.0,0.0,0.0,0.0,0.0,1.0,,0.0,0.0,Wellington Region,Nil,2-way,Sealed,0.0,0.0,0,0.0,30.0,0.0,On,0.0,0.0,,47,Wellington City,Nil,0.0,0.0,0.0,0.0,0.0,0.0,Urban,0.0,0.0,0.0,Null,Null,1
66457364,,574402,0.0,0.0,0.0,0.0,0.0,North,2019/2020,KENYA STREET,TRELISSICK CRESCENT,,Non-Injury Crash,No,2020,0.0,Null,0.0,0,0.0,Null,0.0,,0.0,,0.0,Unknown,2098100,0,0.0,0.0,2.0,0.0,0.0,0.0,0.0,1.0,,0.0,0.0,Wellington Region,Nil,2-way,Null,0.0,0.0,0,0.0,50.0,0.0,Null,1.0,0.0,,47,Wellington City,Nil,0.0,0.0,0.0,0.0,0.0,1.0,Urban,0.0,0.0,0.0,Null,Null,1
66457370,,573101,0.0,,0.0,1.0,,Null,2019/2020,TARANAKI STREET,COURTENAY PLACE,,Non-Injury Crash,No,2019,,Null,,0,,Flat,,,,,,Dark,2133408,0,0.0,0.0,3.0,,,0.0,,,,,,Wellington Region,Nil,2-way,Sealed,,0.0,0,,30.0,,On,0.0,0.0,,47,Wellington City,Traffic Signals,,,,,0.0,0.0,Urban,0.0,,,Fine,Null,0
66457386,,573300,0.0,,0.0,1.0,,South,2019/2020,SUSSEX STREET,BUCKLE STREET,,Non-Injury Crash,Yes,2019,,North,,0,,Flat,,,,,,Bright sun,2145602,0,0.0,0.0,3.0,,,0.0,,,,,,Wellington Region,Nil,1-way,Sealed,,0.0,0,,50.0,,Off,0.0,0.0,,47,Wellington City,Nil,,,,,0.0,0.0,Urban,1.0,,,Fine,Null,0
66457388,,574800,0.0,0.0,0.0,3.0,0.0,West,2020/2021,HATTON STREET,HAURAKI STREET,,Non-Injury Crash,No,2020,0.0,West,0.0,0,0.0,Hill Road,0.0,,1.0,,0.0,Dark,2106605,0,0.0,0.0,2.0,0.0,0.0,0.0,0.0,1.0,,0.0,0.0,Wellington Region,Nil,2-way,Sealed,0.0,0.0,0,0.0,50.0,0.0,None,0.0,0.0,,47,Wellington City,Nil,0.0,0.0,0.0,1.0,0.0,0.0,Urban,0.0,0.0,0.0,Fine,Null,1
66457437,,577000,0.0,,0.0,1.0,,Null,2019/2020,CALABAR ROAD,COBHAM DRIVE,,Non-Injury Crash,Yes,2019,,Null,,0,,Null,,,,,,Overcast,2175700,0,0.0,0.0,3.0,,,0.0,,,,,,Wellington Region,Nil,1-way,Sealed,,0.0,0,,70.0,,Null,1.0,0.0,,47,Wellington City,Give way,,,,,0.0,0.0,Urban,0.0,,,Light rain,Null,0
66457525,,573101,0.0,,0.0,2.0,,Null,2019/2020,CUBA STREET,KARO DRIVE ,,Non-Injury Crash,No,2019,,North,,0,,Flat,,,,,,Bright sun,2132600,0,0.0,0.0,2.0,,,0.0,,,,,,Wellington Region,Nil,2-way,Sealed,,0.0,0,,50.0,,Null,0.0,0.0,,47,Wellington City,Traffic Signals,,,,,0.0,0.0,Urban,0.0,,,Fine,Null,0
66457549,,573000,0.0,0.0,0.0,1.0,0.0,North,2019/2020,THE TERRACE,SALAMANCA ROAD,,Non-Injury Crash,No,2019,0.0,Null,0.0,0,0.0,Null,0.0,,0.0,,0.0,Unknown,2127900,0,0.0,0.0,2.0,0.0,0.0,0.0,0.0,1.0,,0.0,0.0,Wellington Region,Nil,2-way,Sealed,0.0,0.0,0,0.0,50.0,0.0,Null,0.0,0.0,,47,Wellington City,Nil,0.0,0.0,0.0,0.0,1.0,0.0,Urban,0.0,0.0,0.0,Null,Null,0
66457554,,573700,0.0,,0.0,2.0,,South,2018/2019,PHILLIP ST,FRANKMORE AVENUE,,Non-Injury Crash,No,2019,,Null,,0,,Flat,,,,,,Unknown,2081800,0,0.0,0.0,2.0,,,0.0,,,,,,Wellington Region,Nil,2-way,Null,,0.0,0,,50.0,,Null,0.0,0.0,,47,Wellington City,Unknown,,,,,0.0,0.0,Urban,0.0,,,Light rain,Null,0
66457569,,574900,0.0,,0.0,1.0,,Null,2020/2021,MAKARA ROAD,BERRYMEAD WAY,,Minor Crash,No,2020,,North,,0,,Hill Road,,,,,,Bright sun,2110200,1,0.0,0.0,2.0,,,0.0,,,,,,Wellington Region,Nil,2-way,Sealed,,0.0,0,,50.0,,Off,1.0,0.0,,47,Wellington City,Nil,,,,,0.0,0.0,Urban,0.0,,,Fine,Null,1
66457572,,574302,0.0,0.0,0.0,2.0,0.0,South,2020/2021,NICHOLSON ROAD,JUBILEE ROAD,,Minor Crash,No,2020,0.0,South,0.0,0,0.0,Hill Road,0.0,,0.0,,1.0,Bright sun,2091500,1,0.0,0.0,2.0,0.0,0.0,0.0,0.0,1.0,,0.0,0.0,Wellington Region,Nil,2-way,Sealed,0.0,0.0,0,0.0,50.0,0.0,Off,0.0,0.0,,47,Wellington City,Nil,0.0,0.0,0.0,0.0,0.0,0.0,Urban,0.0,0.0,0.0,Fine,Null,1
66457577,,574600,0.0,,0.0,0.0,,South,2020/2021,CECIL ROAD,MARGARET STREET,,Minor Crash,No,2021,,North,,0,,Hill Road,,,,,,Overcast,2101000,1,0.0,1.0,2.0,,,0.0,,,,,,Wellington Region,Nil,2-way,Sealed,,0.0,0,,50.0,,Off,0.0,0.0,,47,Wellington City,Unknown,,,,,1.0,0.0,Urban,0.0,,,Fine,Null,1
66457618,,575600,0.0,0.0,0.0,1.0,0.0,South,2019/2020,WASHINGTON AVENUE,TAFT STREET,,Non-Injury Crash,No,2019,0.0,Null,0.0,0,0.0,Null,0.0,,0.0,,0.0,Unknown,2162903,0,0.0,0.0,0.0,0.0,0.0,0.0,0.0,1.0,,0.0,0.0,Wellington Region,Nil,Null,Null,0.0,0.0,0,0.0,,0.0,Null,0.0,0.0,,47,Wellington City,Unknown,0.0,0.0,0.0,0.0,0.0,0.0,Urban,0.0,0.0,0.0,Null,Null,0
66457633,,572500,0.0,,0.0,2.0,,Null,2020/2021,MAIN ROAD,BOSCOBEL LANE,,Non-Injury Crash,No,2020,,West,,0,,Flat,,,,,,Dark,2053701,0,0.0,0.0,2.0,,,0.0,,,,,,Wellington Region,Nil,2-way,Sealed,,0.0,0,,50.0,,None,0.0,0.0,,47,Wellington City,Give way,,,,,0.0,0.0,Urban,0.0,,,Fine,Null,1
66457638,,574500,0.0,,0.0,1.0,,North,2020/2021,WELLINGTON URBAN MOTORWAY,AOTEA QUAY ON RAMP,,Non-Injury Crash,Yes,2020,,North,,0,,Flat,,,,,,Dark,2093600,0,0.0,0.0,3.0,,,0.0,,,,,,Wellington Region,Nil,1-way,Sealed,,0.0,0,,60.0,,On,0.0,0.0,,47,Wellington City,Unknown,,,,,0.0,0.0,Urban,1.0,,,Heavy rain,Null,1
66457658,,576400,0.0,0.0,0.0,1.0,0.0,Null,2019/2020,DANIELL STREET,LAWRENCE STREET,,Non-Injury Crash,No,2019,0.0,North,0.0,0,0.0,Null,0.0,,0.0,,0.0,Unknown,2170400,0,0.0,0.0,2.0,0.0,0.0,0.0,0.0,1.0,,0.0,0.0,Wellington Region,Nil,2-way,Sealed,0.0,0.0,0,0.0,50.0,0.0,Null,0.0,0.0,,47,Wellington City,Nil,0.0,0.0,0.0,0.0,0.0,0.0,Urban,0.0,0.0,0.0,Null,Null,0
66457807,,574900,0.0,0.0,0.0,0.0,0.0,East,2020/2021,ALLINGTON ROAD,THURLEIGH GROVE,,Non-Injury Crash,No,2020,0.0,West,0.0,0,0.0,Null,0.0,,0.0,,0.0,Unknown,2110400,0,0.0,0.0,2.0,0.0,0.0,0.0,0.0,0.0,,0.0,1.0,Wellington Region,Nil,2-way,Null,0.0,0.0,0,0.0,50.0,0.0,Null,0.0,0.0,,47,Wellington City,Nil,0.0,0.0,0.0,0.0,0.0,0.0,Urban,0.0,0.0,0.0,Null,Null,1
66457843,,576901,0.0,,0.0,1.0,,South,2020/2021,ONEPU ROAD,RONGOTAI ROAD,,Non-Injury Crash,No,2020,,North,,0,,Flat,,,,,,Bright sun,2178300,0,0.0,0.0,3.0,,,0.0,,,,,,Wellington Region,Nil,2-way,Sealed,,0.0,0,,50.0,,Off,0.0,0.0,,47,Wellington City,Nil,,,,,0.0,0.0,Urban,1.0,,,Fine,Null,1
66457874,,572701,0.0,,0.0,1.0,,North,2019/2020,HANDYSIDE STREET,COLLINS AVENUE,,Non-Injury Crash,No,2019,,North,,0,,Hill Road,,,,,,Bright sun,1993100,0,0.0,0.0,2.0,,,0.0,,,,,,Wellington Region,Nil,2-way,Sealed,,0.0,0,,50.0,,Off,1.0,0.0,,47,Wellington City,Nil,,,,,0.0,0.0,Urban,0.0,,,Fine,Null,0
66457876,,576901,0.0,,0.0,1.0,,Null,2020/2021,COBHAM DRIVE,TROY STREET,,Minor Crash,Yes,2021,,South,,0,,Flat,,,,,,Dark,2176800,1,0.0,0.0,2.0,,,0.0,,,,,,Wellington Region,Nil,1-way,Sealed,,0.0,0,,70.0,,On,1.0,0.0,,47,Wellington City,Give way,,,,,0.0,0.0,Urban,0.0,,,Light rain,Null,1
66457916,,576301,0.0,,0.0,2.0,,Null,2020/2021,ADELAIDE ROAD,BOYD TERRACE,,Minor Crash,No,2021,,North,,0,,Hill Road,,,,,,Overcast,2165300,1,0.0,0.0,2.0,,,0.0,,,,,,Wellington Region,Nil,2-way,Sealed,,0.0,0,,50.0,,Off,0.0,0.0,,47,Wellington City,Nil,,,,,0.0,0.0,Urban,0.0,,,Fine,Null,1
66457943,,573101,0.0,,0.0,1.0,,South,2020/2021,TARANAKI STREET,DIXON STREET,,Non-Injury Crash,No,2020,,North,,0,,Flat,,,,,,Bright sun,2133408,0,0.0,0.0,4.0,,,0.0,,,,,,Wellington Region,Nil,2-way,Sealed,,0.0,0,,50.0,,Off,0.0,0.0,,47,Wellington City,Nil,,,,,0.0,0.0,Urban,1.0,,,Fine,Null,1
66457951,,572600,0.0,,0.0,2.0,,Null,2020/2021,MAIN ROAD,OXFORD STREET,,Minor Crash,No,2021,,South,,0,,Flat,,,,,,Overcast,1988400,1,0.0,0.0,2.0,,,0.0,,,,,,Wellington Region,Nil,2-way,Sealed,,0.0,0,,50.0,,Off,1.0,0.0,,47,Wellington City,Give way,,,,,0.0,0.0,Urban,0.0,,,Fine,Null,1
66457964,,576100,1.0,,0.0,0.0,,Null,2020/2021,QUEENS DRIVE,HUNGERFORD ROAD,,Serious Crash,No,2020,,North,,0,,Flat,,,,,,Bright sun,2195601,0,0.0,0.0,2.0,,,0.0,,,,,,Wellington Region,Nil,2-way,Sealed,,0.0,1,,50.0,,Off,0.0,0.0,,47,Wellington City,Nil,,,,,0.0,0.0,Urban,0.0,,,Fine,Null,1
66457980,,573526,0.0,,0.0,2.0,,North,2020/2021,HUTT ROAD,SERVICE STN NTH,,Non-Injury Crash,Yes,2020,,East,,0,,Flat,,,,,,Bright sun,2086403,0,0.0,0.0,2.0,,,0.0,,,,,,Wellington Region,Nil,1-way,Sealed,,0.0,0,,100.0,,Off,0.0,0.0,,47,Wellington City,Nil,,,,,0.0,0.0,Open,0.0,,,Fine,Null,1
66457983,,573101,0.0,,0.0,1.0,,Null,2019/2020,COURTENAY PLACE,TARANAKI STREET,,Minor Crash,No,2020,,North,,0,,Flat,,Queens Birthday,,,,Dark,2135600,1,0.0,0.0,1.0,,,0.0,,,1.0,,,Wellington Region,Nil,1-way,Sealed,,0.0,0,,30.0,,On,0.0,0.0,,47,Wellington City,Traffic Signals,,,,,0.0,0.0,Urban,0.0,,,Fine,Null,1
66458011,,573101,0.0,,0.0,0.0,,Null,2021/2022,TORY STREET,COURTENAY PLACE,,Minor Crash,No,2021,,North,,0,,Flat,,,,,,Dark,2135700,1,0.0,0.0,3.0,,,0.0,,,1.0,,,Wellington Region,Nil,2-way,Sealed,,0.0,0,,30.0,,On,0.0,0.0,,47,Wellington City,Traffic Signals,,,,,0.0,0.0,Urban,0.0,,,Fine,Null,1
66458087,,577700,0.0,0.0,0.0,1.0,0.0,North,2019/2020,MAKARA ROAD,MAKARA SUM,,Non-Injury Crash,No,2019,0.0,West,0.0,0,1.0,Hill Road,0.0,,0.0,,0.0,Dark,2110001,0,0.0,0.0,2.0,0.0,0.0,0.0,0.0,0.0,,0.0,0.0,Wellington Region,Nil,2-way,Sealed,0.0,0.0,0,0.0,50.0,0.0,None,0.0,0.0,,47,Wellington City,Unknown,0.0,0.0,0.0,0.0,0.0,0.0,Urban,0.0,0.0,0.0,Fine,Strong wind,0
66458091,,573524,0.0,0.0,0.0,2.0,0.0,East,2019/2020,DRESS CIRCLE,FORBES LANE,,Non-Injury Crash,No,2020,0.0,East,0.0,0,0.0,Flat,0.0,,0.0,,0.0,Dark,2086409,0,0.0,0.0,2.0,0.0,0.0,0.0,0.0,1.0,,0.0,0.0,Wellington Region,Nil,2-way,Sealed,0.0,0.0,0,0.0,50.0,0.0,Null,0.0,0.0,,47,Wellington City,Nil,0.0,0.0,0.0,0.0,0.0,0.0,Urban,0.0,0.0,0.0,Null,Null,1
66458107,,575200,0.0,0.0,0.0,4.0,0.0,North,2020/2021,GLENMORE STREET,ORANGI KAUPAPA ROAD,,Non-Injury Crash,No,2020,0.0,North,0.0,0,0.0,Flat,0.0,,0.0,,0.0,Twilight,2151500,0,0.0,0.0,2.0,0.0,0.0,0.0,0.0,3.0,,0.0,0.0,Wellington Region,Nil,2-way,Sealed,0.0,0.0,0,0.0,50.0,0.0,On,1.0,0.0,,47,Wellington City,Unknown,0.0,0.0,0.0,0.0,0.0,0.0,Urban,0.0,0.0,0.0,Fine,Null,1