OBJECTID,advisorySpeed,areaUnitID,bicycle,bridge,bus,carStationWagon,cliffBank,crashDirectionDescription,crashFinancialYear,crashLocation1,crashLocation2,crashRoadSideRoad,crashSeverity,crashSHDescription,crashYear,debris,directionRoleDescription,ditch,fatalCount,fence,flatHill,guardRail,holiday,houseOrBuilding,intersection,kerb,light,meshblockId,minorInjuryCount,moped,motorcycle,NumberOfLanes,objectThrownOrDropped,otherObject,otherVehicleType,overBank,parkedVehicle,pedestrian,phoneBoxEtc,postOrPole,region,roadCharacter,roadLane,roadSurface,roadworks,schoolBus,seriousInjuryCount,slipOrFlood,speedLimit,strayAnimal,streetLight,suv,taxi,temporarySpeedLimit,tlaId,tlaName,trafficControl,trafficIsland,trafficSign,train,tree,truck,unknownVehicleType,urban,vanOrUtility,vehicle,waterRiver,weatherA,weatherB,if_pandemic
66458147,,576200,0.0,0.0,0.0,1.0,0.0,Null,2020/2021,CHILKA STREET,JEYPORE STREET,,Non-Injury Crash,No,2020,0.0,North,0.0,0,0.0,Flat,0.0,,0.0,,0.0,Bright sun,2173000,0,0.0,0.0,2.0,0.0,0.0,0.0,0.0,1.0,,0.0,0.0,Wellington Region,Nil,2-way,Sealed,0.0,0.0,0,0.0,50.0,0.0,Off,1.0,0.0,,47,Wellington City,Nil,0.0,0.0,0.0,0.0,0.0,0.0,Urban,0.0,0.0,0.0,Fine,Null,1
66458155,,575100,0.0,,0.0,1.0,,East,2021/2022,KARORI ROAD,CHAMBERLAIN ROAD,,Minor Crash,No,2021,,West,,0,,Flat,,,,,,Dark,2114300,1,0.0,0.0,2.0,,,0.0,,,1.0,,,Wellington Region,Nil,2-way,Sealed,,0.0,0,,50.0,,On,0.0,1.0,,47,Wellington City,Nil,,,,,0.0,0.0,Urban,0.0,,,Light rain,Strong wind,1
66458162,,573802,0.0,0.0,0.0,1.0,1.0,Null,2019/2020,HELSTON ROAD,STEWART DRIVE,,Non-Injury Crash,No,2020,0.0,East,0.0,0,0.0,Hill Road,0.0,,0.0,,0.0,Dark,2079100,0,0.0,0.0,2.0,0.0,0.0,0.0,0.0,0.0,,0.0,0.0,Wellington Region,Nil,2-way,Sealed,0.0,0.0,0,0.0,50.0,0.0,On,0.0,0.0,,47,Wellington City,Nil,0.0,0.0,0.0,0.0,0.0,0.0,Urban,0.0,0.0,0.0,Light rain,Null,1
66458164,,576500,0.0,,0.0,1.0,,South,2020/2021,ADELAIDE ROAD,HOSPITAL ROAD,,Non-Injury Crash,No,2020,,North,,0,,Null,,,,,,Unknown,2148602,0,1.0,0.0,4.0,,,0.0,,,,,,Wellington Region,Nil,2-way,Sealed,,0.0,0,,50.0,,Null,0.0,0.0,,47,Wellington City,Nil,,,,,0.0,0.0,Urban,0.0,,,Null,Null,1
66458167,,572900,0.0,,0.0,1.0,,North,2019/2020,WELLINGTON URBAN MOTORWAY,AOTEA QUAY OFF RAMP,,Non-Injury Crash,Yes,2019,,South,,0,,Flat,,,,,,Dark,2118400,0,0.0,0.0,3.0,,,0.0,,,,,,Wellington Region,Motorway ramp,1-way,Sealed,,0.0,0,,100.0,,On,0.0,0.0,,47,Wellington City,Nil,,,,,0.0,0.0,Open,0.0,,,Fine,Null,0
66458170,,573700,0.0,,0.0,4.0,,North,2019/2020,JOHNSONVILLE PORIRUA MOTORWAY,JVILLE OBR,,Minor Crash,Yes,2020,,North,,0,,Flat,,,,,,Bright sun,2083100,1,0.0,0.0,4.0,,,0.0,,,,,,Wellington Region,Nil,2-way,Sealed,,0.0,0,,100.0,,Off,0.0,0.0,,47,Wellington City,Nil,,,,,1.0,0.0,Open,0.0,,,Fine,Null,1
66458184,,573200,0.0,,0.0,2.0,,Null,2019/2020,FAIRLIE TERRACE,ADAMS TERRACE,,Non-Injury Crash,No,2019,,Null,,0,,Flat,,,,,,Overcast,2157000,0,0.0,0.0,2.0,,,0.0,,,,,,Wellington Region,Nil,2-way,Sealed,,0.0,0,,50.0,,Off,0.0,0.0,,47,Wellington City,Nil,,,,,0.0,0.0,Urban,0.0,,,Heavy rain,Null,0
66458186,,573101,0.0,0.0,0.0,0.0,0.0,Null,2019/2020,01N-1075/00.13-I,FIFESHIRE TURN,,Minor Crash,Yes,2019,0.0,South,0.0,0,0.0,Flat,0.0,,0.0,,0.0,Dark,2136900,1,0.0,0.0,3.0,0.0,0.0,0.0,0.0,1.0,,0.0,0.0,Wellington Region,Nil,1-way,Sealed,0.0,0.0,0,0.0,50.0,0.0,On,1.0,0.0,,47,Wellington City,Unknown,0.0,0.0,0.0,0.0,0.0,0.0,Urban,1.0,0.0,0.0,Fine,Null,0
66458241,,574303,0.0,,1.0,3.0,,South,2019/2020,CENTENNIAL HIGHWAY,ABATTOIRS,,Non-Injury Crash,Yes,2020,,North,,0,,Hill Road,,,,,,Overcast,2088705,0,0.0,0.0,3.0,,,0.0,,,,,,Wellington Region,Nil,2-way,Sealed,,0.0,0,,80.0,,Off,0.0,0.0,,47,Wellington City,Nil,,,,,0.0,0.0,Open,0.0,,,Light rain,Null,1
66458251,,573526,0.0,0.0,0.0,1.0,1.0,South,2021/2022,HUTT ROAD,SERVICE STN STHSH2,,Minor Crash,Yes,2021,0.0,North,0.0,0,0.0,Flat,0.0,,0.0,,0.0,Bright sun,2077503,1,0.0,0.0,2.0,0.0,0.0,0.0,0.0,0.0,,0.0,1.0,Wellington Region,Nil,1-way,Sealed,0.0,0.0,0,0.0,100.0,0.0,Off,0.0,0.0,,47,Wellington City,Nil,0.0,0.0,0.0,0.0,1.0,0.0,Open,0.0,0.0,0.0,Fine,Null,1
66458253,,573300,0.0,,0.0,2.0,,Null,2019/2020,RUGBY STREET,ADELAIDE ROAD,,Non-Injury Crash,Yes,2019,,West,,0,,Null,,,,,,Unknown,2145602,0,0.0,0.0,3.0,,,0.0,,,,,,Wellington Region,Nil,1-way,Sealed,,0.0,0,,50.0,,Null,0.0,0.0,,47,Wellington City,Traffic Signals,,,,,0.0,0.0,Urban,0.0,,,Null,Null,0
66458319,,573522,0.0,,0.0,2.0,,Null,2020/2021,TAWA-GRENADA NORTH OFF RAMP,TAKAPU ROAD,,Minor Crash,No,2021,,North,,0,,Hill Road,,,,,,Bright sun,2053703,1,0.0,0.0,1.0,,,0.0,,,,,,Wellington Region,Motorway ramp,1-way,Sealed,,0.0,0,,50.0,,Off,0.0,0.0,,47,Wellington City,Give way,,,,,0.0,0.0,Urban,0.0,,,Fine,Null,1
66458343,,574002,0.0,,0.0,2.0,,North,2020/2021,HUTT ROAD,RAILYARD ENTRY,,Non-Injury Crash,Yes,2020,,South,,0,,Flat,,,,,,Overcast,2078302,0,0.0,0.0,2.0,,,0.0,,,,,,Wellington Region,Nil,1-way,Sealed,,0.0,0,,100.0,,Off,0.0,0.0,,47,Wellington City,Nil,,,,,0.0,0.0,Open,0.0,,,Fine,Null,1
66458355,,577700,0.0,0.0,0.0,1.0,1.0,South,2020/2021,MAKARA ROAD,TAKARAU GORGE ROAD,,Non-Injury Crash,No,2020,0.0,South,0.0,0,0.0,Flat,0.0,,0.0,,0.0,Overcast,2116600,0,0.0,0.0,2.0,0.0,0.0,0.0,0.0,0.0,,0.0,0.0,Wellington Region,Nil,2-way,Sealed,0.0,0.0,0,0.0,50.0,0.0,None,0.0,0.0,,47,Wellington City,Nil,0.0,0.0,0.0,0.0,0.0,0.0,Urban,0.0,0.0,0.0,Light rain,Null,1
66458375,,573000,0.0,0.0,0.0,2.0,0.0,Null,2020/2021,STOUT STREET,BALLANCE STREET,,Non-Injury Crash,No,2020,0.0,South,0.0,0,0.0,Null,0.0,,0.0,,0.0,Unknown,2124100,0,0.0,0.0,2.0,0.0,0.0,0.0,0.0,1.0,,0.0,0.0,Wellington Region,Nil,1-way,Sealed,0.0,0.0,0,0.0,30.0,0.0,Null,0.0,0.0,,47,Wellington City,Give way,0.0,0.0,0.0,0.0,0.0,0.0,Urban,0.0,0.0,0.0,Null,Null,1
66458418,,573101,0.0,,1.0,1.0,,Null,2019/2020,TARANAKI STREET,COURTENAY PLACE,,Non-Injury Crash,No,2019,,North,,0,,Flat,,Christmas New Year,,,,Bright sun,2133408,0,0.0,0.0,4.0,,,0.0,,,,,,Wellington Region,Nil,2-way,Sealed,,0.0,0,,30.0,,Off,0.0,1.0,,47,Wellington City,Traffic Signals,,,,,0.0,0.0,Urban,1.0,,,Fine,Strong wind,0
66458433,,576901,0.0,,0.0,0.0,,East,2019/2020,COBHAM DRIVE,TROY STREET,,Minor Crash,Yes,2020,,West,,0,,Flat,,,,,,Bright sun,2176800,1,0.0,0.0,2.0,,,0.0,,,,,,Wellington Region,Nil,1-way,Sealed,,0.0,0,,70.0,,Off,2.0,0.0,,47,Wellington City,Unknown,,,,,0.0,0.0,Urban,0.0,,,Fine,Strong wind,1
66458444,,574002,0.0,,0.0,2.0,,North,2019/2020,CENTENNIAL HIGHWAY,NEWLANDS ON RAMP,,Minor Crash,Yes,2019,,South,,0,,Hill Road,,,,,,Overcast,2078304,1,0.0,0.0,3.0,,,0.0,,,,,,Wellington Region,Nil,1-way,Sealed,,0.0,0,,80.0,,Off,1.0,0.0,,47,Wellington City,Nil,,,,,0.0,0.0,Open,0.0,,,Light rain,Null,0
66458449,,573000,0.0,,0.0,1.0,,North,2019/2020,WELLINGTON URBAN MOTORWAY,SOUTH PORTAL,,Non-Injury Crash,Yes,2019,,North,,0,,Null,,,,,,Unknown,2129200,0,0.0,0.0,3.0,,,0.0,,,,,,Wellington Region,Nil,2-way,Sealed,,0.0,0,,100.0,,Null,0.0,0.0,,47,Wellington City,Unknown,,,,,0.0,0.0,Open,1.0,,,Null,Null,0
66458463,,574900,0.0,0.0,0.0,1.0,1.0,North,2020/2021,MAKARA ROAD,BERRYMEAD WAY,,Minor Crash,No,2021,0.0,North,0.0,0,1.0,Hill Road,0.0,,0.0,,0.0,Overcast,2110200,1,0.0,0.0,2.0,0.0,0.0,0.0,1.0,0.0,,0.0,0.0,Wellington Region,Nil,2-way,Sealed,0.0,0.0,0,0.0,50.0,0.0,Off,0.0,0.0,,47,Wellington City,Nil,0.0,1.0,0.0,0.0,0.0,0.0,Urban,0.0,0.0,0.0,Light rain,Null,1
66458475,,576301,0.0,0.0,0.0,1.0,0.0,North,2020/2021,HANSON STREET,HALL STREET,,Non-Injury Crash,No,2020,0.0,South,0.0,0,0.0,Hill Road,0.0,,0.0,,0.0,Dark,2163600,0,0.0,0.0,2.0,0.0,0.0,0.0,0.0,1.0,,0.0,0.0,Wellington Region,Nil,2-way,Sealed,0.0,0.0,0,0.0,50.0,0.0,On,1.0,0.0,,47,Wellington City,Unknown,0.0,0.0,0.0,0.0,0.0,0.0,Urban,0.0,0.0,0.0,Fine,Null,1
66458504,,573903,0.0,0.0,0.0,1.0,0.0,South,2019/2020,NEWLANDS ROAD,STELLA GROVE,,Non-Injury Crash,No,2019,0.0,Null,0.0,0,0.0,Null,0.0,Christmas New Year,0.0,,0.0,Unknown,2074600,0,0.0,0.0,2.0,0.0,0.0,0.0,0.0,1.0,,0.0,0.0,Wellington Region,Nil,2-way,Null,0.0,0.0,0,0.0,50.0,0.0,Null,0.0,0.0,,47,Wellington City,Nil,0.0,0.0,0.0,0.0,0.0,0.0,Urban,0.0,0.0,0.0,Null,Null,0
66458533,,574303,0.0,0.0,0.0,1.0,0.0,South,2019/2020,CENTENNIAL HIGHWAY,ABATTOIRS,,Non-Injury Crash,Yes,2019,0.0,West,0.0,0,0.0,Hill Road,1.0,,0.0,,0.0,Twilight,2088705,0,0.0,0.0,3.0,0.0,0.0,0.0,0.0,0.0,,0.0,0.0,Wellington Region,Nil,1-way,Sealed,0.0,0.0,0,0.0,80.0,0.0,On,0.0,0.0,,47,Wellington City,Nil,0.0,0.0,0.0,0.0,0.0,0.0,Open,0.0,0.0,0.0,Light rain,Strong wind,0
66458556,,575600,0.0,0.0,0.0,1.0,0.0,North,2019/2020,WASHINGTON AVENUE,DORKING ROAD,,Non-Injury Crash,No,2020,0.0,North,0.0,0,0.0,Null,0.0,,0.0,,0.0,Unknown,2162200,0,0.0,0.0,2.0,0.0,0.0,0.0,0.0,1.0,,0.0,0.0,Wellington Region,Nil,2-way,Null,0.0,0.0,0,0.0,50.0,0.0,Null,0.0,0.0,,47,Wellington City,Unknown,0.0,0.0,0.0,0.0,0.0,0.0,Urban,1.0,0.0,0.0,Null,Null,1
66458578,,573801,0.0,0.0,0.0,1.0,0.0,East,2019/2020,MARK AVENUE,TANIA WAY,,Non-Injury Crash,No,2020,0.0,North,0.0,0,0.0,Hill Road,0.0,,0.0,,0.0,Bright sun,2079300,0,0.0,0.0,2.0,0.0,0.0,0.0,0.0,1.0,,0.0,0.0,Wellington Region,Nil,2-way,Sealed,0.0,0.0,0,0.0,50.0,0.0,Off,1.0,0.0,,47,Wellington City,Unknown,0.0,0.0,0.0,0.0,0.0,0.0,Urban,0.0,0.0,0.0,Fine,Null,1
66458605,,577000,0.0,,0.0,1.0,,North,2019/2020,COBHAM DRIVE,CALABAR ROAD,,Serious Crash,Yes,2020,,West,,0,,Flat,,,,,,Overcast,2175700,0,0.0,0.0,2.0,,,0.0,,,1.0,,,Wellington Region,Nil,1-way,Sealed,,0.0,1,,70.0,,Off,0.0,0.0,,47,Wellington City,Unknown,,,,,0.0,0.0,Urban,0.0,,,Fine,Null,1
66458626,,573000,1.0,,0.0,1.0,,East,2019/2020,BOULCOTT ST,GILMER TERRACE,,Minor Crash,No,2019,,East,,0,,Hill Road,,,,,,Bright sun,2127200,1,0.0,0.0,2.0,,,0.0,,,,,,Wellington Region,Nil,2-way,Sealed,,0.0,0,,50.0,,Off,0.0,0.0,,47,Wellington City,Nil,,,,,0.0,0.0,Urban,0.0,,,Fine,Null,0
66458655,,575300,0.0,0.0,0.0,1.0,0.0,Null,2019/2020,UPLAND ROAD,PLUNKET STREET,,Non-Injury Crash,No,2019,0.0,North,0.0,0,0.0,Flat,0.0,,0.0,,0.0,Bright sun,2152900,0,0.0,0.0,2.0,0.0,0.0,0.0,0.0,1.0,,0.0,0.0,Wellington Region,Nil,2-way,Sealed,0.0,0.0,0,0.0,50.0,0.0,Null,0.0,0.0,,47,Wellington City,Nil,0.0,0.0,0.0,0.0,0.0,0.0,Urban,0.0,0.0,0.0,Fine,Null,0
66458712,25.0,576500,0.0,,0.0,2.0,,Null,2019/2020,MEIN STREET,RIDDIFORD STREET,,Non-Injury Crash,No,2020,,West,,0,,Flat,,,,,,Bright sun,2148800,0,0.0,0.0,2.0,,,0.0,,,,,,Wellington Region,Nil,2-way,Sealed,,0.0,0,,50.0,,Off,0.0,0.0,,47,Wellington City,Traffic Signals,,,,,0.0,0.0,Urban,0.0,,,Fine,Null,1
66458724,,573101,0.0,,0.0,2.0,,Null,2019/2020,ARTHUR ST,CUBA STREET,,Non-Injury Crash,Yes,2020,,West,,0,,Flat,,,,,,Dark,2134600,0,0.0,0.0,3.0,,,0.0,,,,,,Wellington Region,Nil,2-way,Sealed,,0.0,0,,50.0,,On,0.0,0.0,,47,Wellington City,Traffic Signals,,,,,0.0,0.0,Urban,0.0,,,Fine,Null,1
66458746,,577102,0.0,0.0,0.0,2.0,0.0,North,2019/2020,BEACON HILL ROAD,KINGHORNE STREET,,Non-Injury Crash,No,2019,0.0,North,0.0,0,0.0,Null,0.0,,0.0,,0.0,Unknown,2213400,0,0.0,0.0,2.0,0.0,0.0,0.0,0.0,1.0,,0.0,0.0,Wellington Region,Nil,2-way,Sealed,0.0,0.0,0,0.0,50.0,0.0,Null,0.0,0.0,,47,Wellington City,Nil,0.0,0.0,0.0,0.0,0.0,0.0,Urban,0.0,0.0,0.0,Null,Null,0
66458822,,573101,1.0,0.0,0.0,1.0,0.0,North,2019/2020,VICTORIA STREET,MANNERS STREET,,Minor Crash,No,2020,0.0,South,0.0,0,0.0,Flat,0.0,,0.0,,1.0,Overcast,2131100,1,0.0,0.0,2.0,0.0,0.0,0.0,0.0,0.0,,1.0,0.0,Wellington Region,Nil,2-way,Sealed,0.0,0.0,0,0.0,50.0,0.0,Off,0.0,0.0,,47,Wellington City,Unknown,0.0,0.0,0.0,0.0,0.0,0.0,Urban,0.0,0.0,0.0,Fine,Null,1
66458843,,573902,0.0,0.0,0.0,2.0,0.0,North,2020/2021,KENTWOOD DRIVE,NORTHWOOD CLOSE,,Non-Injury Crash,No,2020,0.0,North,0.0,0,0.0,Hill Road,0.0,,0.0,,0.0,Overcast,2086318,0,0.0,0.0,2.0,0.0,0.0,0.0,0.0,1.0,,0.0,0.0,Wellington Region,Nil,2-way,Sealed,0.0,0.0,0,0.0,50.0,0.0,Off,0.0,0.0,,47,Wellington City,Nil,0.0,0.0,0.0,0.0,0.0,0.0,Urban,1.0,0.0,0.0,Light rain,Null,1
66458891,,573000,0.0,0.0,0.0,1.0,0.0,East,2020/2021,LADY ELIZABETH LANE,CUSTOMHOUSE QUAY,,Non-Injury Crash,No,2020,0.0,South,0.0,0,0.0,Flat,0.0,,0.0,,0.0,Dark,2124300,0,0.0,0.0,1.0,0.0,0.0,0.0,0.0,1.0,,0.0,0.0,Wellington Region,Nil,1-way,Sealed,0.0,0.0,0,0.0,20.0,0.0,None,1.0,0.0,,47,Wellington City,Unknown,0.0,0.0,0.0,0.0,0.0,0.0,Urban,0.0,0.0,0.0,Fine,Null,1
66458937,,573300,0.0,,0.0,2.0,,South,2019/2020,TARANAKI STREET,WEBB STREET,,Non-Injury Crash,No,2019,,South,,0,,Flat,,,,,,Overcast,2144500,0,0.0,0.0,3.0,,,0.0,,,,,,Wellington Region,Nil,2-way,Sealed,,0.0,0,,50.0,,Off,0.0,0.0,,47,Wellington City,Nil,,,,,0.0,0.0,Urban,0.0,,,Light rain,Null,0
66458978,,573101,0.0,0.0,0.0,1.0,0.0,South,2019/2020,CUBA STREET,WAKEFIELD STREET,,Non-Injury Crash,No,2019,0.0,North,0.0,0,0.0,Flat,0.0,,0.0,,0.0,Bright sun,2133300,0,0.0,0.0,1.0,0.0,0.0,0.0,0.0,1.0,,0.0,0.0,Wellington Region,Nil,1-way,Sealed,0.0,0.0,0,0.0,10.0,0.0,Null,0.0,0.0,,47,Wellington City,Unknown,0.0,0.0,0.0,0.0,1.0,0.0,Urban,0.0,0.0,0.0,Null,Null,0
66459020,,573000,0.0,0.0,0.0,0.0,0.0,North,2019/2020,THE TERRACE,SALAMANCA ROAD,,Non-Injury Crash,No,2020,0.0,Null,0.0,0,0.0,Null,0.0,,0.0,,0.0,Unknown,2127900,0,0.0,0.0,2.0,0.0,0.0,0.0,0.0,1.0,,0.0,0.0,Wellington Region,Nil,2-way,Sealed,0.0,0.0,0,0.0,50.0,0.0,Null,0.0,0.0,,47,Wellington City,Nil,0.0,0.0,0.0,0.0,0.0,0.0,Urban,1.0,0.0,0.0,Null,Null,1
66459050,,574900,0.0,0.0,0.0,1.0,0.0,North,2019/2020,MAKARA RD,TERAWHITI TERRACE,,Non-Injury Crash,No,2019,0.0,North,0.0,0,1.0,Hill Road,0.0,,0.0,,1.0,Dark,2110102,0,0.0,0.0,2.0,0.0,0.0,0.0,0.0,0.0,,0.0,0.0,Wellington Region,Nil,2-way,Sealed,0.0,0.0,0,0.0,50.0,0.0,On,0.0,0.0,,47,Wellington City,Unknown,0.0,0.0,0.0,0.0,0.0,0.0,Urban,0.0,0.0,0.0,Fine,Null,0
66459053,,573101,0.0,,0.0,2.0,,Null,2019/2020,TARANAKI STREET,WAKEFIELD STREET,,Non-Injury Crash,No,2019,,South,,0,,Null,,,,,,Unknown,2133100,0,0.0,0.0,4.0,,,0.0,,,,,,Wellington Region,Nil,2-way,Sealed,,0.0,0,,50.0,,Null,0.0,0.0,,47,Wellington City,Traffic Signals,,,,,0.0,0.0,Urban,0.0,,,Null,Null,0
66459094,,573101,0.0,,0.0,1.0,,Null,2019/2020,WAKEFIELD STREET,COURAGE LANE,,Non-Injury Crash,No,2020,,West,,0,,Flat,,,,,,Dark,2135600,0,0.0,0.0,3.0,,,0.0,,,1.0,,,Wellington Region,Nil,1-way,Sealed,,0.0,0,,50.0,,On,0.0,0.0,,47,Wellington City,Nil,,,,,0.0,0.0,Urban,0.0,,,Fine,Null,1
66459112,,576301,0.0,,0.0,2.0,,Null,2019/2020,RIDDIFORD STREET,ADELAIDE ROAD,,Non-Injury Crash,No,2020,,South,,0,,Null,,,,,,Dark,2163500,0,0.0,0.0,4.0,,,0.0,,,,,,Wellington Region,Nil,2-way,Sealed,,0.0,0,,50.0,,On,0.0,0.0,,47,Wellington City,Traffic Signals,,,,,0.0,0.0,Urban,0.0,,,Fine,Null,1
66459127,,572600,0.0,0.0,0.0,0.0,1.0,South,2020/2021,JOHNSONVILLE PORIRUA MOTORWAY,PED SUBWAY,,Non-Injury Crash,Yes,2020,0.0,North,0.0,0,0.0,Hill Road,0.0,,0.0,,0.0,Overcast,1992600,0,0.0,0.0,2.0,0.0,0.0,0.0,0.0,0.0,,0.0,0.0,Wellington Region,Nil,1-way,Sealed,0.0,0.0,0,0.0,100.0,0.0,Off,0.0,0.0,,47,Wellington City,Nil,0.0,0.0,0.0,0.0,1.0,0.0,Open,0.0,0.0,0.0,Fine,Null,1
66459132,,574304,0.0,0.0,0.0,1.0,0.0,South,2019/2020,HOMEBUSH ROAD,BENARES STREET,,Non-Injury Crash,No,2020,0.0,North,0.0,0,0.0,Null,0.0,,0.0,,0.0,Unknown,2090404,0,0.0,0.0,2.0,0.0,0.0,0.0,0.0,1.0,,0.0,0.0,Wellington Region,Nil,2-way,Sealed,0.0,0.0,0,0.0,50.0,0.0,Null,0.0,0.0,,47,Wellington City,Nil,0.0,0.0,0.0,0.0,0.0,0.0,Urban,0.0,0.0,0.0,Fine,Null,1
66459141,,576700,0.0,0.0,0.0,1.0,0.0,North,2019/2020,PALLISER ROAD,ROSENEATH TERRACE,,Non-Injury Crash,No,2020,0.0,North,0.0,0,0.0,Flat,0.0,,0.0,,0.0,Unknown,2185800,0,0.0,0.0,2.0,0.0,0.0,0.0,0.0,1.0,,0.0,0.0,Wellington Region,Nil,2-way,Sealed,0.0,0.0,0,0.0,50.0,0.0,Off,0.0,0.0,,47,Wellington City,Nil,0.0,0.0,0.0,0.0,0.0,0.0,Urban,0.0,0.0,0.0,Null,Null,1
66459202,,576901,0.0,,1.0,1.0,,Null,2019/2020,RONGOTAI ROAD,MAHORA STREET,,Non-Injury Crash,No,2019,,West,,0,,Flat,,,,,,Bright sun,2177100,0,0.0,0.0,1.0,,,0.0,,,,,,Wellington Region,Nil,1-way,Sealed,,0.0,0,,50.0,,None,0.0,0.0,,47,Wellington City,Give way,,,,,0.0,0.0,Urban,0.0,,,Fine,Null,0
66459247,,576301,0.0,,0.0,3.0,,South,2019/2020,ADELAIDE ROAD,RIDDIFORD STREET,,Non-Injury Crash,No,2020,,South,,0,,Hill Road,,,,,,Bright sun,2163400,0,0.0,0.0,2.0,,,0.0,,,,,,Wellington Region,Nil,2-way,Sealed,,0.0,0,,50.0,,Off,0.0,0.0,,47,Wellington City,Nil,,,,,0.0,0.0,Urban,0.0,,,Fine,Null,1
66459318,,572600,0.0,,0.0,2.0,,South,2018/2019,01N-1050/06.30-D,PED SUBWAY,,Non-Injury Crash,Yes,2019,,North,,0,,Flat,,,,,,Dark,1992900,0,0.0,0.0,4.0,,,0.0,,,,,,Wellington Region,Nil,2-way,Sealed,,0.0,0,,100.0,,On,0.0,0.0,50.0,47,Wellington City,Unknown,,,,,0.0,0.0,Open,1.0,,,Fine,Null,0
66459322,,573000,0.0,0.0,0.0,2.0,0.0,Null,2019/2020,THE TERRACE,DALMUIR LANE,,Non-Injury Crash,No,2020,0.0,North,0.0,0,0.0,Null,0.0,,0.0,,0.0,Bright sun,2124802,0,0.0,0.0,2.0,0.0,0.0,0.0,0.0,1.0,,0.0,0.0,Wellington Region,Nil,2-way,Sealed,0.0,0.0,0,0.0,50.0,0.0,Off,0.0,0.0,,47,Wellington City,Nil,0.0,0.0,0.0,0.0,0.0,0.0,Urban,0.0,0.0,0.0,Fine,Null,1
66459333,,574001,0.0,0.0,0.0,1.0,0.0,Null,2019/2020,CENTENNIAL HIGHWAY,JOHNSONVILLE ON RAMP,,Serious Crash,Yes,2020,1.0,South,0.0,0,0.0,Hill Road,0.0,,0.0,,0.0,Dark,2077600,0,0.0,0.0,6.0,0.0,0.0,0.0,1.0,0.0,,0.0,0.0,Wellington Region,Underpass,2-way,Sealed,0.0,0.0,1,0.0,80.0,0.0,On,0.0,0.0,,47,Wellington City,Nil,0.0,0.0,0.0,0.0,0.0,0.0,Open,0.0,0.0,0.0,Fine,Strong wind,1
66459373,,572600,0.0,0.0,0.0,0.0,0.0,West,2019/2020,TAWA STREET,TAYLOR TERRACE,,Non-Injury Crash,No,2020,0.0,North,0.0,0,1.0,Hill Road,0.0,,0.0,,0.0,Dark,1992800,0,0.0,0.0,2.0,0.0,0.0,0.0,0.0,0.0,,0.0,0.0,Wellington Region,Rail xing,2-way,Sealed,0.0,0.0,0,0.0,50.0,0.0,On,0.0,0.0,,47,Wellington City,Nil,0.0,0.0,0.0,0.0,0.0,0.0,Urban,1.0,0.0,0.0,Light rain,Null,1
66459391,,577200,0.0,0.0,0.0,0.0,0.0,North,2020/2021,CALABAR ROAD,WEXFORD ROAD,,Minor Crash,Yes,2021,0.0,South,0.0,0,0.0,Hill Road,0.0,,0.0,,1.0,Dark,2206300,1,0.0,1.0,4.0,0.0,0.0,0.0,0.0,0.0,,0.0,0.0,Wellington Region,Nil,2-way,Sealed,0.0,0.0,0,0.0,70.0,0.0,On,0.0,0.0,,47,Wellington City,Nil,0.0,0.0,0.0,0.0,0.0,0.0,Urban,0.0,0.0,0.0,Fine,Null,1
66459402,,573700,0.0,,0.0,1.0,,Null,2018/2019,BRODERICK ROAD,MOOREFIELD ROAD,,Non-Injury Crash,No,2019,,East,,0,,Flat,,,,,,Dark,2082800,0,0.0,0.0,2.0,,,0.0,,,,,,Wellington Region,Nil,2-way,Sealed,,0.0,0,,50.0,,On,1.0,0.0,,47,Wellington City,Traffic Signals,,,,,0.0,0.0,Urban,0.0,,,Light rain,Strong wind,0
66459407,,573101,0.0,,0.0,2.0,,East,2020/2021,COURTENAY PLACE,TORY STREET,,Non-Injury Crash,No,2020,,West,,0,,Flat,,,,,,Bright sun,2136000,0,0.0,0.0,1.0,,,0.0,,,,,,Wellington Region,Nil,1-way,Sealed,,0.0,0,,30.0,,Null,0.0,0.0,,47,Wellington City,Nil,,,,,0.0,0.0,Urban,0.0,,,Null,Null,1
66459410,,573000,0.0,,0.0,1.0,,Null,2019/2020,WATERLOO QUAY,BUNNY STREET,,Minor Crash,No,2019,,North,,0,,Flat,,,,,,Bright sun,2124300,1,0.0,1.0,6.0,,,0.0,,,,,,Wellington Region,Nil,2-way,Sealed,,0.0,0,,50.0,,Off,0.0,0.0,,47,Wellington City,Traffic Signals,,,,,0.0,0.0,Urban,0.0,,,Fine,Null,0
66459411,,573101,0.0,,0.0,1.0,,South,2020/2021,VICTORIA STREET,FELTEX LANE,,Minor Crash,No,2020,,North,,0,,Flat,,,,,,Bright sun,2131500,1,0.0,1.0,3.0,,,0.0,,,,,,Wellington Region,Nil,2-way,Sealed,,0.0,0,,30.0,,Off,0.0,0.0,,47,Wellington City,Nil,,,,,0.0,0.0,Urban,0.0,,,Fine,Null,1
66459448,,573700,0.0,0.0,0.0,2.0,0.0,North,2019/2020,ROTOITI STREET,FRANKMOORE AVENUE,,Non-Injury Crash,No,2020,0.0,North,0.0,0,0.0,Null,0.0,,0.0,,0.0,Unknown,2082200,0,0.0,0.0,2.0,0.0,0.0,0.0,0.0,1.0,,0.0,0.0,Wellington Region,Nil,2-way,Sealed,0.0,0.0,0,0.0,50.0,0.0,Null,0.0,0.0,,47,Wellington City,Nil,0.0,0.0,0.0,0.0,0.0,0.0,Urban,0.0,0.0,0.0,Null,Null,1