OBJECTID,advisorySpeed,areaUnitID,bicycle,bridge,bus,carStationWagon,cliffBank,crashDirectionDescription,crashFinancialYear,crashLocation1,crashLocation2,crashRoadSideRoad,crashSeverity,crashSHDescription,crashYear,debris,directionRoleDescription,ditch,fatalCount,fence,flatHill,guardRail,holiday,houseOrBuilding,intersection,kerb,light,meshblockId,minorInjuryCount,moped,motorcycle,NumberOfLanes,objectThrownOrDropped,otherObject,otherVehicleType,overBank,parkedVehicle,pedestrian,phoneBoxEtc,postOrPole,region,roadCharacter,roadLane,roadSurface,roadworks,schoolBus,seriousInjuryCount,slipOrFlood,speedLimit,strayAnimal,streetLight,suv,taxi,temporarySpeedLimit,tlaId,tlaName,trafficControl,trafficIsland,trafficSign,train,tree,truck,unknownVehicleType,urban,vanOrUtility,vehicle,waterRiver,weatherA,weatherB,if_pandemic
66459459,,573000,0.0,0.0,0.0,1.0,0.0,Null,2020/2021,FEATHERSTON STREET,JOHNSTON STREET,,Non-Injury Crash,No,2020,0.0,Null,0.0,0,0.0,Flat,0.0,,0.0,,0.0,Overcast,2125500,0,0.0,0.0,2.0,0.0,0.0,0.0,0.0,1.0,,0.0,0.0,Wellington Region,Nil,1-way,Sealed,0.0,0.0,0,0.0,30.0,0.0,Null,1.0,0.0,,47,Wellington City,Traffic Signals,0.0,0.0,0.0,0.0,0.0,0.0,Urban,0.0,0.0,0.0,Light rain,Null,1
66459466,,573400,0.0,,0.0,1.0,,Null,2019/2020,BROUGHAM STREET,ELLICE STREET,,Non-Injury Crash,No,2019,,South,,0,,Null,,,,,,Overcast,2143000,0,0.0,0.0,2.0,,,0.0,,,,,,Wellington Region,Nil,2-way,Sealed,,0.0,0,,50.0,,Off,1.0,0.0,,47,Wellington City,Stop,,,,,0.0,0.0,Urban,0.0,,,Heavy rain,Null,0
66459472,,573101,0.0,,0.0,1.0,,West,2019/2020,WAKEFIELD STREET,TORY STREET,,Non-Injury Crash,No,2020,,West,,0,,Flat,,,,,,Overcast,2135600,0,0.0,0.0,3.0,,,0.0,,,,,,Wellington Region,Nil,1-way,Sealed,,0.0,0,,50.0,,Off,1.0,0.0,,47,Wellington City,Nil,,,,,0.0,0.0,Urban,0.0,,,Fine,Null,1
66459487,,574701,0.0,0.0,0.0,1.0,0.0,North,2020/2021,DOWNING STREET,TOWER WAY,,Serious Crash,No,2020,0.0,South,0.0,0,0.0,Hill Road,0.0,,0.0,,0.0,Overcast,2104907,0,1.0,0.0,0.0,0.0,0.0,0.0,0.0,1.0,,0.0,0.0,Wellington Region,Nil,2-way,Sealed,0.0,0.0,1,0.0,50.0,0.0,Off,0.0,0.0,,47,Wellington City,Nil,0.0,0.0,0.0,0.0,0.0,0.0,Urban,0.0,0.0,0.0,Fine,Null,1
66459504,,573526,0.0,,0.0,2.0,,South,2020/2021,HUTT ROAD,HOROKIWI ROAD,,Minor Crash,Yes,2020,,South,,0,,Flat,,,,,,Bright sun,2086403,1,0.0,0.0,2.0,,,0.0,,,,,,Wellington Region,Nil,1-way,Sealed,,0.0,0,,100.0,,Off,0.0,0.0,,47,Wellington City,Nil,,,,,0.0,0.0,Open,1.0,,,Fine,Null,1
66459527,,577500,0.0,,0.0,1.0,,South,2020/2021,BREAKER BAY ROAD,PASS OF BRANDA,,Non-Injury Crash,No,2020,,Null,,0,,Flat,,,,,,Bright sun,2212400,0,0.0,0.0,2.0,,,0.0,,,,,,Wellington Region,Nil,2-way,Sealed,,0.0,0,,50.0,,Off,0.0,0.0,,47,Wellington City,Unknown,,,,,0.0,0.0,Urban,0.0,,,Fine,Null,1
66459540,,576500,0.0,,0.0,2.0,,South,2020/2021,ADELAIDE ROAD,DRUMMOND STREET,,Non-Injury Crash,No,2020,,South,,0,,Flat,,,,,,Overcast,2148400,0,0.0,0.0,3.0,,,0.0,,,,,,Wellington Region,Nil,2-way,Sealed,,0.0,0,,50.0,,Off,0.0,0.0,,47,Wellington City,Nil,,,,,0.0,0.0,Urban,0.0,,,Light rain,Null,1
66459543,,573101,0.0,,0.0,2.0,,Null,2020/2021,TORY STREET,VIVIAN STREET,,Non-Injury Crash,No,2020,,South,,0,,Flat,,,,,,Bright sun,2133900,0,0.0,0.0,2.0,,,0.0,,,,,,Wellington Region,Nil,2-way,Sealed,,0.0,0,,50.0,,Off,0.0,0.0,,47,Wellington City,Traffic Signals,,,,,0.0,0.0,Urban,0.0,,,Fine,Null,1
66459627,,577601,0.0,0.0,0.0,1.0,0.0,South,2020/2021,SHELLY BAY ROAD,RNZAF BASE GATE S,,Serious Crash,No,2020,0.0,North,0.0,0,0.0,Flat,0.0,,0.0,,0.0,Bright sun,2201200,0,0.0,0.0,2.0,0.0,0.0,0.0,1.0,0.0,,0.0,0.0,Wellington Region,Nil,2-way,Sealed,0.0,0.0,1,0.0,40.0,0.0,None,0.0,0.0,,47,Wellington City,Unknown,0.0,0.0,0.0,0.0,0.0,0.0,Urban,0.0,0.0,0.0,Fine,Null,1
66459644,,572900,0.0,0.0,0.0,0.0,0.0,South,2020/2021,AOTEA QUAY OFF RAMP,WELLINGTON URBAN MOTORWAY,,Serious Crash,No,2020,0.0,South,0.0,0,0.0,Hill Road,1.0,,0.0,,0.0,Overcast,2118400,0,0.0,1.0,1.0,0.0,0.0,0.0,0.0,0.0,,0.0,0.0,Wellington Region,Motorway ramp,1-way,Sealed,0.0,0.0,1,0.0,100.0,0.0,Off,0.0,0.0,,47,Wellington City,Nil,0.0,0.0,0.0,0.0,0.0,0.0,Open,0.0,0.0,0.0,Fine,Null,1
66459654,,573101,0.0,,0.0,2.0,,Null,2019/2020,WILLIS STREET,KARO DRIVE,,Non-Injury Crash,No,2020,,North,,0,,Flat,,,,,,Overcast,2132400,0,0.0,0.0,4.0,,,0.0,,,,,,Wellington Region,Nil,1-way,Sealed,,0.0,0,,50.0,,Off,0.0,0.0,,47,Wellington City,Traffic Signals,,,,,0.0,0.0,Urban,0.0,,,Fine,Null,1
66459682,,574600,0.0,0.0,0.0,1.0,0.0,South,2019/2020,GROSVENOR TERRACE,LOWER WATT STREET,,Minor Crash,No,2019,0.0,South,0.0,0,2.0,Hill Road,0.0,,0.0,,0.0,Overcast,2099500,1,0.0,0.0,2.0,0.0,0.0,0.0,1.0,1.0,,0.0,0.0,Wellington Region,Nil,2-way,Sealed,0.0,0.0,0,0.0,50.0,0.0,Off,0.0,0.0,,47,Wellington City,Unknown,0.0,0.0,0.0,0.0,0.0,0.0,Urban,1.0,0.0,0.0,Fine,Null,0
66459728,,572702,0.0,,0.0,2.0,,South,2020/2021,JOHNSONVILLE PORIRUA MOTORWAY,PED SUBWAY,,Minor Crash,Yes,2021,,South,,0,,Flat,,,,,,Bright sun,1996400,2,0.0,0.0,2.0,,,0.0,,,,,,Wellington Region,Nil,1-way,Sealed,,0.0,0,,100.0,,Off,0.0,0.0,70.0,47,Wellington City,Nil,,,,,0.0,0.0,Open,0.0,,,Fine,Null,1
66459730,,576302,0.0,0.0,0.0,2.0,0.0,West,2018/2019,EDINBURGH TCE,RUSSELL TERRACE,,Non-Injury Crash,No,2019,0.0,North,0.0,0,0.0,Flat,0.0,,0.0,,0.0,Dark,2166500,0,0.0,0.0,1.0,0.0,0.0,0.0,0.0,1.0,,0.0,0.0,Wellington Region,Nil,1-way,Sealed,0.0,0.0,0,0.0,50.0,0.0,On,0.0,0.0,,47,Wellington City,Unknown,0.0,0.0,0.0,0.0,0.0,0.0,Urban,0.0,0.0,0.0,Fine,Null,0
66459737,,574002,0.0,,0.0,1.0,,Null,2020/2021,HUTT ROAD OFF RAMP,HUTT ROAD,,Non-Injury Crash,No,2020,,South,,0,,Flat,,,,,,Twilight,2078302,0,0.0,0.0,1.0,,,0.0,,,,,,Wellington Region,Nil,1-way,Sealed,,0.0,0,,80.0,,None,1.0,0.0,,47,Wellington City,Give way,,,,,0.0,0.0,Open,0.0,,,Fine,Null,1
66459752,,573000,0.0,,0.0,1.0,,South,2020/2021,WELLINGTON URBAN MOTORWAY,BOULCOTT OBR,,Non-Injury Crash,Yes,2020,,South,,0,,Flat,,,,,,Overcast,2126700,0,0.0,0.0,3.0,,,0.0,,,,,,Wellington Region,Nil,2-way,Sealed,,0.0,0,,80.0,,Off,1.0,0.0,60.0,47,Wellington City,Unknown,,,,,0.0,0.0,Open,1.0,,,Fine,Null,1
66459766,,576901,1.0,0.0,1.0,0.0,0.0,North,2019/2020,COBHAM DRIVE,TROY STREET,,Non-Injury Crash,Yes,2019,0.0,South,0.0,0,0.0,Flat,0.0,,0.0,,1.0,Unknown,2176800,0,0.0,0.0,2.0,0.0,0.0,0.0,0.0,0.0,,1.0,0.0,Wellington Region,Nil,1-way,Sealed,0.0,0.0,0,0.0,70.0,0.0,Null,0.0,0.0,,47,Wellington City,Nil,0.0,0.0,0.0,0.0,0.0,0.0,Urban,0.0,0.0,0.0,Fine,Null,0
66459805,,574002,0.0,0.0,0.0,1.0,0.0,West,2020/2021,CENTENNIAL HIGHWAY,NIMT OBR,,Minor Crash,Yes,2020,0.0,Null,0.0,0,0.0,Hill Road,1.0,,0.0,,0.0,Bright sun,2078302,1,0.0,0.0,3.0,0.0,0.0,0.0,0.0,0.0,,0.0,0.0,Wellington Region,Nil,1-way,Sealed,0.0,0.0,0,0.0,80.0,0.0,Off,0.0,0.0,,47,Wellington City,Nil,0.0,0.0,0.0,0.0,0.0,0.0,Open,0.0,0.0,0.0,Fine,Null,1
66459846,,574500,0.0,0.0,0.0,0.0,0.0,North,2019/2020,WELLINGTON URBAN MOTORWAY,AOTEA QUAY ON RAMP,,Non-Injury Crash,Yes,2020,0.0,North,0.0,0,0.0,Flat,1.0,,0.0,,0.0,Bright sun,2093600,0,0.0,0.0,4.0,0.0,0.0,0.0,0.0,0.0,,0.0,0.0,Wellington Region,Nil,1-way,Sealed,0.0,0.0,0,0.0,100.0,0.0,Off,0.0,0.0,,47,Wellington City,Unknown,0.0,0.0,0.0,0.0,0.0,0.0,Open,1.0,0.0,0.0,Fine,Null,1
66459927,,576901,0.0,,0.0,1.0,,Null,2019/2020,CHILDERS TERRACE,RONGOTAI ROAD,,Non-Injury Crash,No,2019,,North,,0,,Flat,,,,,,Bright sun,2178400,0,0.0,1.0,2.0,,,0.0,,,,,,Wellington Region,Nil,2-way,Sealed,,0.0,0,,30.0,,Off,0.0,0.0,,47,Wellington City,Unknown,,,,,0.0,0.0,Urban,0.0,,,Fine,Frost,0
66459936,,574500,0.0,0.0,0.0,3.0,0.0,North,2020/2021,WELLINGTON URBAN MOTORWAY,AOTEA QUAY OFF RAMP,,Serious Crash,Yes,2021,0.0,South,0.0,0,0.0,Flat,0.0,,0.0,,0.0,Bright sun,2093400,0,0.0,0.0,3.0,1.0,0.0,0.0,0.0,0.0,,0.0,0.0,Wellington Region,Nil,1-way,Sealed,0.0,0.0,1,0.0,100.0,0.0,Off,0.0,0.0,,47,Wellington City,Nil,0.0,0.0,0.0,0.0,0.0,0.0,Open,1.0,0.0,0.0,Fine,Strong wind,1
66459989,,574701,0.0,0.0,0.0,2.0,0.0,North,2019/2020,SILVERSTREAM ROAD,THATCHER CRESCENT,,Non-Injury Crash,No,2019,0.0,Null,0.0,0,0.0,Hill Road,0.0,,0.0,,0.0,Bright sun,2095202,0,0.0,0.0,2.0,0.0,0.0,0.0,0.0,1.0,,0.0,0.0,Wellington Region,Nil,2-way,Sealed,0.0,0.0,0,0.0,50.0,0.0,Off,0.0,0.0,,47,Wellington City,Nil,0.0,0.0,0.0,0.0,0.0,1.0,Urban,0.0,0.0,0.0,Fine,Null,0
66460015,,575300,0.0,0.0,0.0,1.0,0.0,North,2019/2020,UPLAND ROAD,PLUNKET STREET,,Non-Injury Crash,No,2019,0.0,North,0.0,0,0.0,Flat,0.0,,0.0,,0.0,Bright sun,2152900,0,0.0,0.0,2.0,0.0,0.0,0.0,0.0,1.0,,0.0,0.0,Wellington Region,Nil,2-way,Sealed,0.0,0.0,0,0.0,50.0,0.0,Off,0.0,0.0,,47,Wellington City,Nil,0.0,0.0,0.0,0.0,0.0,0.0,Urban,0.0,0.0,0.0,Fine,Null,0
66460023,,573000,0.0,,0.0,1.0,,North,2019/2020,WELLINGTON URBAN MOTORWAY,NORTH PORTAL SBD,,Non-Injury Crash,Yes,2019,,South,,0,,Flat,,,,,,Bright sun,2126700,0,0.0,0.0,3.0,,,0.0,,,,,,Wellington Region,Nil,2-way,Sealed,,0.0,0,,100.0,,Off,1.0,0.0,,47,Wellington City,Unknown,,,,,0.0,0.0,Open,0.0,,,Fine,Null,0
66460032,,573000,0.0,,0.0,3.0,,Null,2019/2020,WHITMORE STREET,FEATHERSTON STREET,,Minor Crash,No,2020,,West,,0,,Flat,,,,,,Dark,2124300,3,0.0,0.0,6.0,,,0.0,,,,,,Wellington Region,Nil,2-way,Sealed,,0.0,0,,50.0,,On,0.0,1.0,,47,Wellington City,Traffic Signals,,,,,0.0,0.0,Urban,0.0,,,Fine,Null,1
66460069,,574800,0.0,,0.0,2.0,,Null,2019/2020,KARORI ROAD,RAINE STREET,,Non-Injury Crash,No,2020,,East,,0,,Flat,,,,,,Overcast,2107600,0,0.0,0.0,2.0,,,0.0,,,,,,Wellington Region,Nil,2-way,Sealed,,0.0,0,,50.0,,Off,0.0,0.0,,47,Wellington City,Give way,,,,,0.0,0.0,Urban,0.0,,,Fine,Strong wind,1
66460082,,577700,0.0,0.0,0.0,1.0,0.0,East,2019/2020,TAKARAU GORGE ROAD,MAKARA ROAD,,Non-Injury Crash,No,2019,0.0,West,0.0,0,1.0,Flat,0.0,,0.0,,0.0,Dark,2116900,0,0.0,0.0,1.0,0.0,0.0,0.0,0.0,0.0,,0.0,0.0,Wellington Region,Nil,2-way,Sealed,0.0,0.0,0,0.0,60.0,0.0,None,0.0,0.0,,47,Wellington City,Unknown,0.0,0.0,0.0,0.0,0.0,0.0,Urban,0.0,0.0,0.0,Light rain,Null,0
66460106,,573700,0.0,,0.0,1.0,,Null,2020/2021,MOOREFIELD ROAD,WANAKA STREET,,Minor Crash,No,2020,,South,,0,,Flat,,,,,,Overcast,2082400,1,0.0,0.0,2.0,,,0.0,,,1.0,,,Wellington Region,Nil,2-way,Sealed,,0.0,0,,50.0,,Off,0.0,0.0,,47,Wellington City,Give way,,,,,0.0,0.0,Urban,0.0,,,Light rain,Null,1
66460118,,572600,0.0,0.0,0.0,1.0,0.0,Null,2019/2020,OFFROAD CARPARK,,,Serious Crash,No,2020,0.0,North,0.0,0,0.0,Flat,0.0,,0.0,,0.0,Dark,1991900,0,0.0,0.0,,0.0,0.0,0.0,0.0,1.0,,0.0,0.0,Wellington Region,Nil,Off road,Sealed,0.0,0.0,1,0.0,10.0,0.0,None,0.0,0.0,,47,Wellington City,Nil,0.0,0.0,0.0,0.0,0.0,1.0,Urban,0.0,0.0,0.0,Light rain,Null,1
66460136,,576200,0.0,,0.0,1.0,,East,2020/2021,LUXFORD STREET,ADELAIDE ROAD,,Non-Injury Crash,No,2020,,West,,0,,Null,,,,,,Unknown,2171800,0,0.0,0.0,2.0,,,0.0,,,,,,Wellington Region,Nil,2-way,Null,,0.0,0,,50.0,,Null,0.0,0.0,,47,Wellington City,Nil,,,,,0.0,0.0,Urban,0.0,,,Null,Null,1
66460202,,576301,0.0,,0.0,0.0,,Null,2020/2021,JOHN STREET,HANSON STREET,,Serious Crash,No,2020,,West,,0,,Flat,,,,,,Bright sun,2163400,0,1.0,0.0,3.0,,,0.0,,,,,,Wellington Region,Nil,2-way,Sealed,,0.0,1,,50.0,,Off,0.0,0.0,,47,Wellington City,Traffic Signals,,,,,0.0,0.0,Urban,1.0,,,Fine,Null,1
66460224,,573200,0.0,0.0,0.0,0.0,0.0,South,2020/2021,BROOKLYN ROAD,BIDWILL STREET,,Minor Crash,No,2020,0.0,South,0.0,0,0.0,Hill Road,0.0,,0.0,,0.0,Overcast,2159300,1,0.0,1.0,2.0,0.0,0.0,0.0,0.0,0.0,,0.0,0.0,Wellington Region,Nil,2-way,Sealed,0.0,0.0,0,0.0,50.0,0.0,Off,0.0,0.0,,47,Wellington City,Nil,1.0,0.0,0.0,0.0,0.0,0.0,Urban,0.0,0.0,0.0,Fine,Null,1
66460239,,575000,0.0,,0.0,2.0,,Null,2020/2021,CHAYTOR STREET,NORTHLAND TUNNEL ROAD,,Non-Injury Crash,No,2020,,Null,,0,,Hill Road,,,,,,Overcast,2111100,0,0.0,0.0,3.0,,,0.0,,,,,,Wellington Region,Nil,2-way,Sealed,,0.0,0,,50.0,,Off,0.0,0.0,,47,Wellington City,Nil,,,,,0.0,0.0,Urban,0.0,,,Light rain,Null,1
66460244,,573101,0.0,,0.0,1.0,,Null,2019/2020,VICTORIA STREET,FELTEX LANE,,Non-Injury Crash,No,2020,,South,,0,,Flat,,,,,,Bright sun,2131400,0,0.0,1.0,3.0,,,0.0,,,,,,Wellington Region,Nil,2-way,Sealed,,0.0,0,,50.0,,Off,0.0,0.0,,47,Wellington City,Nil,,,,,0.0,0.0,Urban,0.0,,,Fine,Null,1
66460274,,574900,0.0,0.0,0.0,2.0,1.0,South,2019/2020,MAKARA ROAD,MAKARA SUM,,Non-Injury Crash,No,2019,0.0,South,0.0,0,0.0,Hill Road,0.0,Christmas New Year,0.0,,0.0,Overcast,2110006,0,0.0,0.0,2.0,0.0,0.0,0.0,0.0,1.0,,0.0,0.0,Wellington Region,Nil,2-way,Sealed,0.0,0.0,0,0.0,50.0,0.0,Off,0.0,0.0,,47,Wellington City,Unknown,0.0,0.0,0.0,0.0,0.0,0.0,Urban,0.0,0.0,0.0,Fine,Null,0
66460301,,575300,0.0,,0.0,0.0,,South,2020/2021,GLASGOW STREET,RAWHITI TERRACE,,Non-Injury Crash,No,2020,,South,,0,,Hill Road,,,,,,Unknown,2154600,0,0.0,1.0,2.0,,,0.0,,,,,,Wellington Region,Nil,2-way,Sealed,,0.0,0,,,,Null,0.0,0.0,,47,Wellington City,Unknown,,,,,0.0,0.0,Urban,0.0,,,Null,Null,1
66460334,,573000,1.0,,0.0,1.0,,Null,2019/2020,STOUT STREET,BALANCE STREET,,Non-Injury Crash,No,2019,,North,,0,,Flat,,,,,,Unknown,2125200,0,0.0,0.0,2.0,,,0.0,,,,,,Wellington Region,Nil,2-way,Sealed,,0.0,0,,30.0,,Null,0.0,0.0,,47,Wellington City,Traffic Signals,,,,,0.0,0.0,Urban,0.0,,,Null,Null,0
66460371,,572600,0.0,,0.0,2.0,,East,2020/2021,ESSEX STREET,REWA TERRACE,,Non-Injury Crash,No,2020,,West,,0,,Flat,,,,,,Bright sun,1990500,0,0.0,0.0,2.0,,,0.0,,,,,,Wellington Region,Nil,2-way,Sealed,,0.0,0,,50.0,,Off,0.0,0.0,,47,Wellington City,Nil,,,,,0.0,0.0,Urban,0.0,,,Fine,Null,1
66460409,,575000,1.0,,0.0,0.0,,Null,2020/2021,CHAYTOR STREET,RAROA CRESCENT,,Serious Crash,No,2021,,South,,0,,Flat,,,,,,Bright sun,2111100,0,0.0,0.0,3.0,,,0.0,,,,,,Wellington Region,Nil,2-way,Sealed,,0.0,1,,50.0,,Off,1.0,0.0,,47,Wellington City,Stop,,,,,0.0,0.0,Urban,0.0,,,Fine,Null,1
66460430,,573000,0.0,,0.0,0.0,,Null,2019/2020,WELLINGTON URBAN MOTORWAY,WILLIS STREET,,Non-Injury Crash,Yes,2019,,Null,,0,,Null,,,,,,Dark,2129700,0,0.0,0.0,3.0,,,0.0,,,,,,Wellington Region,Nil,1-way,Sealed,,0.0,0,,30.0,,On,0.0,0.0,,47,Wellington City,Traffic Signals,,,,,0.0,0.0,Urban,1.0,,,Null,Null,0
66460586,,576400,0.0,0.0,0.0,2.0,0.0,Null,2019/2020,OWEN STREET,CONSTABLE STREET,,Non-Injury Crash,No,2020,0.0,South,0.0,0,0.0,Flat,0.0,,0.0,,0.0,Dark,2169101,0,0.0,0.0,2.0,0.0,0.0,0.0,0.0,1.0,,0.0,0.0,Wellington Region,Nil,2-way,Sealed,0.0,0.0,0,0.0,50.0,0.0,On,0.0,0.0,,47,Wellington City,Traffic Signals,0.0,0.0,0.0,0.0,0.0,0.0,Urban,0.0,0.0,0.0,Fine,Null,1
66460593,,576800,0.0,1.0,0.0,1.0,0.0,West,2019/2020,01N-1076,TAURIMA STREET,,Non-Injury Crash,Yes,2019,0.0,West,0.0,0,0.0,Flat,0.0,,0.0,,0.0,Bright sun,2181700,0,0.0,0.0,2.0,0.0,0.0,0.0,0.0,0.0,,0.0,0.0,Wellington Region,Tunnel,2-way,Sealed,0.0,0.0,0,0.0,50.0,0.0,Off,0.0,0.0,,47,Wellington City,Unknown,0.0,0.0,0.0,0.0,0.0,0.0,Urban,0.0,0.0,0.0,Fine,Null,0
66460600,,574702,0.0,,0.0,2.0,,Null,2020/2021,WILTON ROAD,WARWICK STREET,,Non-Injury Crash,No,2020,,West,,0,,Flat,,,,,,Bright sun,2103900,0,0.0,0.0,2.0,,,0.0,,,,,,Wellington Region,Nil,2-way,Sealed,,0.0,0,,50.0,,Off,0.0,0.0,,47,Wellington City,Stop,,,,,0.0,0.0,Urban,0.0,,,Fine,Strong wind,1
66460608,,573600,0.0,0.0,0.0,1.0,0.0,Null,2020/2021,CLIFFORD ROAD,HAWTREY TERRACE,,Non-Injury Crash,No,2020,0.0,North,0.0,0,0.0,Hill Road,0.0,,0.0,,0.0,Dark,2080700,0,0.0,0.0,2.0,0.0,0.0,0.0,0.0,0.0,,1.0,0.0,Wellington Region,Nil,2-way,Sealed,0.0,0.0,0,0.0,50.0,0.0,On,0.0,0.0,,47,Wellington City,Give way,0.0,0.0,0.0,0.0,0.0,0.0,Urban,0.0,0.0,0.0,Fine,Null,1
66460643,,577000,0.0,0.0,0.0,0.0,0.0,North,2020/2021,SUTHERLAND ROAD,QUEENS DRIVE,,Non-Injury Crash,No,2021,0.0,North,0.0,0,0.0,Flat,0.0,,0.0,,0.0,Unknown,2174400,0,0.0,0.0,2.0,0.0,0.0,0.0,0.0,1.0,,0.0,0.0,Wellington Region,Nil,2-way,Sealed,0.0,0.0,0,0.0,50.0,0.0,Null,1.0,0.0,,47,Wellington City,Nil,0.0,0.0,0.0,0.0,0.0,0.0,Urban,0.0,0.0,0.0,Null,Null,1
66460677,35.0,573400,0.0,0.0,0.0,2.0,0.0,South,2019/2020,ORIENTAL PARADE,CABLE STREET,,Non-Injury Crash,No,2020,0.0,North,0.0,0,0.0,Null,0.0,,0.0,,0.0,Bright sun,2138900,0,0.0,0.0,2.0,0.0,0.0,0.0,0.0,1.0,,0.0,0.0,Wellington Region,Nil,1-way,Sealed,0.0,0.0,0,0.0,40.0,0.0,Off,0.0,0.0,,47,Wellington City,Nil,0.0,0.0,0.0,0.0,0.0,0.0,Urban,0.0,0.0,0.0,Null,Null,1
66460694,,576800,1.0,,0.0,0.0,,West,2020/2021,TAURIMA STREET,MOXHAM AVENUE,,Minor Crash,No,2020,,East,,0,,Hill Road,,,,,,Overcast,2181900,1,0.0,0.0,2.0,,,0.0,,,,,,Wellington Region,Nil,2-way,Sealed,,0.0,0,,50.0,,Off,1.0,0.0,,47,Wellington City,Nil,,,,,0.0,0.0,Urban,0.0,,,Fine,Null,1
66460707,,573400,0.0,0.0,1.0,1.0,0.0,North,2020/2021,ORIENTAL PARADE,CABLE STREET,,Minor Crash,No,2021,0.0,South,0.0,0,0.0,Flat,0.0,,0.0,,0.0,Overcast,2138800,1,0.0,0.0,3.0,0.0,0.0,0.0,0.0,1.0,,0.0,0.0,Wellington Region,Nil,2-way,Sealed,0.0,0.0,0,0.0,40.0,0.0,Off,0.0,0.0,,47,Wellington City,Nil,0.0,0.0,0.0,0.0,0.0,0.0,Urban,0.0,0.0,0.0,Fine,Null,1
66460799,,573101,0.0,,0.0,0.0,,Null,2019/2020,WILLIS STREET,WEBB STREET,,Non-Injury Crash,No,2020,,South,,0,,Flat,,,,,,Bright sun,2132900,0,0.0,0.0,2.0,,,0.0,,,,,,Wellington Region,Nil,1-way,Sealed,,0.0,0,,50.0,,Off,0.0,0.0,,47,Wellington City,Traffic Signals,,,,,0.0,0.0,Urban,1.0,,,Fine,Null,1
66460807,,573000,0.0,,0.0,0.0,,South,2019/2020,FEATHERSTON STREET,BRANDON STREET,,Non-Injury Crash,No,2020,,Null,,0,,Null,,,,,,Unknown,2125800,0,0.0,0.0,2.0,,,0.0,,,,,,Wellington Region,Nil,1-way,Null,,0.0,0,,50.0,,Null,1.0,2.0,,47,Wellington City,Nil,,,,,0.0,1.0,Urban,0.0,,,Null,Null,1
66460834,,573101,0.0,,0.0,2.0,,South,2018/2019,COURTENAY PLACE,TARANAKI STREET,,Non-Injury Crash,No,2019,,North,,0,,Flat,,,,,,Unknown,2135600,0,0.0,0.0,1.0,,,0.0,,,,,,Wellington Region,Nil,1-way,Sealed,,0.0,0,,30.0,,Null,0.0,0.0,,47,Wellington City,Nil,,,,,0.0,0.0,Urban,0.0,,,Null,Null,0
66460865,,573101,0.0,0.0,0.0,1.0,0.0,Null,2019/2020,VIVIAN STREET,LYNN ROAD,,Non-Injury Crash,Yes,2020,0.0,East,0.0,0,0.0,Flat,0.0,,0.0,,0.0,Unknown,2136500,0,0.0,0.0,2.0,0.0,0.0,0.0,0.0,1.0,,0.0,0.0,Wellington Region,Nil,1-way,Sealed,0.0,0.0,0,0.0,50.0,0.0,Off,0.0,0.0,,47,Wellington City,Nil,0.0,0.0,0.0,0.0,0.0,0.0,Urban,0.0,0.0,0.0,Null,Null,1
66460910,,573300,1.0,,0.0,0.0,,Null,2020/2021,DUFFERIN STREET,ELLICE STREET,,Serious Crash,Yes,2021,,North,,0,,Flat,,,,,,Bright sun,2145602,0,0.0,0.0,4.0,,,0.0,,,,,,Wellington Region,Nil,1-way,Sealed,,0.0,1,,50.0,,Off,1.0,0.0,,47,Wellington City,Give way,,,,,0.0,0.0,Urban,0.0,,,Fine,Null,1
66460916,,573101,0.0,0.0,0.0,2.0,0.0,South,2020/2021,WILLIS STREET,MANNERS STREET,,Non-Injury Crash,No,2020,0.0,North,0.0,0,0.0,Flat,0.0,,0.0,,0.0,Overcast,2131300,0,0.0,0.0,2.0,0.0,0.0,0.0,0.0,1.0,,0.0,0.0,Wellington Region,Nil,2-way,Sealed,0.0,0.0,0,0.0,50.0,0.0,None,0.0,0.0,,47,Wellington City,Nil,0.0,0.0,0.0,0.0,0.0,0.0,Urban,0.0,0.0,0.0,Fine,Null,1
66460936,,574702,0.0,0.0,0.0,1.0,0.0,East,2019/2020,EUSTON ROAD,EDGEWARE ROAD,,Serious Crash,No,2020,0.0,West,0.0,0,0.0,Hill Road,0.0,,1.0,,0.0,Bright sun,2102002,0,0.0,0.0,2.0,0.0,0.0,0.0,0.0,0.0,,0.0,0.0,Wellington Region,Nil,2-way,Sealed,0.0,0.0,1,0.0,50.0,0.0,Off,0.0,0.0,,47,Wellington City,Nil,0.0,0.0,0.0,0.0,0.0,0.0,Urban,0.0,0.0,0.0,Fine,Null,1
66460962,,573000,0.0,,0.0,3.0,,South,2019/2020,WELLINGTON URBAN MOTORWAY,BOULCOTT OBR,,Minor Crash,Yes,2020,,South,,0,,Flat,,,,,,Bright sun,2126700,1,0.0,0.0,1.0,,,0.0,,,,,,Wellington Region,Nil,1-way,Sealed,,0.0,0,,100.0,,None,0.0,1.0,80.0,47,Wellington City,Nil,,,,,0.0,0.0,Open,0.0,,,Fine,Null,1
66460999,,575000,0.0,,0.0,2.0,,Null,2020/2021,DONALD STREET,KARORI ROAD,,Non-Injury Crash,No,2020,,East,,0,,Hill Road,,,,,,Overcast,2112300,0,0.0,0.0,2.0,,,0.0,,,,,,Wellington Region,Nil,2-way,Sealed,,0.0,0,,50.0,,Off,0.0,0.0,,47,Wellington City,Traffic Signals,,,,,0.0,0.0,Urban,0.0,,,Fine,Null,1