OBJECTID,advisorySpeed,areaUnitID,bicycle,bridge,bus,carStationWagon,cliffBank,crashDirectionDescription,crashFinancialYear,crashLocation1,crashLocation2,crashRoadSideRoad,crashSeverity,crashSHDescription,crashYear,debris,directionRoleDescription,ditch,fatalCount,fence,flatHill,guardRail,holiday,houseOrBuilding,intersection,kerb,light,meshblockId,minorInjuryCount,moped,motorcycle,NumberOfLanes,objectThrownOrDropped,otherObject,otherVehicleType,overBank,parkedVehicle,pedestrian,phoneBoxEtc,postOrPole,region,roadCharacter,roadLane,roadSurface,roadworks,schoolBus,seriousInjuryCount,slipOrFlood,speedLimit,strayAnimal,streetLight,suv,taxi,temporarySpeedLimit,tlaId,tlaName,trafficControl,trafficIsland,trafficSign,train,tree,truck,unknownVehicleType,urban,vanOrUtility,vehicle,waterRiver,weatherA,weatherB,if_pandemic
66461000,,574001,0.0,,0.0,2.0,,North,2019/2020,NEWLANDS ROAD,WESTLEIGH WAY,,Non-Injury Crash,No,2020,,East,,0,,Hill Road,,,,,,Dark,2076200,0,0.0,0.0,2.0,,,0.0,,,,,,Wellington Region,Nil,2-way,Sealed,,0.0,0,,50.0,,On,0.0,0.0,,47,Wellington City,Nil,,,,,0.0,0.0,Urban,0.0,,,Fine,Null,1
66461028,,573600,0.0,,0.0,2.0,,Null,2019/2020,MIDDLETON ROAD,HELSTON ROAD,,Non-Injury Crash,No,2019,,South,,0,,Flat,,,,,,Unknown,2081200,0,0.0,0.0,2.0,,,0.0,,,,,,Wellington Region,Nil,2-way,Sealed,,0.0,0,,50.0,,Null,0.0,0.0,,47,Wellington City,Give way,,,,,0.0,0.0,Urban,0.0,,,Fine,Null,0
66461044,,573200,0.0,,0.0,0.0,,Null,2019/2020,ARO STREET,DEVON STREET,,Non-Injury Crash,No,2020,,West,,0,,Hill Road,,,,,,Overcast,2157600,0,0.0,0.0,2.0,,,0.0,,,1.0,,,Wellington Region,Nil,2-way,Sealed,,0.0,0,,30.0,,Off,0.0,0.0,,47,Wellington City,Nil,,,,,0.0,0.0,Urban,0.0,,,Fine,Null,1
66461063,15.0,577400,0.0,0.0,0.0,1.0,1.0,North,2020/2021,AWA ROAD,MARINE PARADE,,Minor Crash,No,2021,0.0,North,0.0,0,0.0,Hill Road,0.0,,0.0,,0.0,Dark,2210000,2,0.0,0.0,2.0,0.0,0.0,0.0,0.0,0.0,,0.0,0.0,Wellington Region,Nil,2-way,Sealed,0.0,0.0,0,0.0,50.0,0.0,On,0.0,0.0,,47,Wellington City,Nil,0.0,0.0,0.0,0.0,0.0,0.0,Urban,0.0,0.0,0.0,Fine,Null,1
66461176,,573000,0.0,,0.0,2.0,,North,2020/2021,WILLIS STREET,MERCER STREET,,Non-Injury Crash,No,2020,,North,,0,,Null,,,,,,Unknown,2127700,0,0.0,0.0,2.0,,,0.0,,,,,,Wellington Region,Nil,2-way,Sealed,,0.0,0,,30.0,,Null,0.0,0.0,,47,Wellington City,Nil,,,,,0.0,0.0,Urban,0.0,,,Null,Null,1
66461198,,577500,0.0,0.0,0.0,2.0,0.0,South,2019/2020,SEATOUN HEIGHTS ROAD,BEERE HAVEN ROAD,,Non-Injury Crash,No,2020,0.0,North,0.0,0,0.0,Hill Road,0.0,,0.0,,0.0,Dark,2210400,0,0.0,0.0,2.0,0.0,0.0,0.0,0.0,1.0,,0.0,0.0,Wellington Region,Nil,2-way,Sealed,0.0,0.0,0,0.0,50.0,0.0,On,0.0,0.0,,47,Wellington City,Nil,0.0,0.0,0.0,0.0,0.0,0.0,Urban,0.0,0.0,0.0,Fine,Null,1
66461237,,573101,0.0,,0.0,2.0,,Null,2019/2020,TARANAKI STREET,INGLEWOOD PLACE,,Non-Injury Crash,No,2020,,South,,0,,Flat,,,,,,Overcast,2133408,0,0.0,0.0,4.0,,,0.0,,,,,,Wellington Region,Nil,2-way,Sealed,,0.0,0,,50.0,,Off,0.0,1.0,,47,Wellington City,Nil,,,,,0.0,0.0,Urban,0.0,,,Fine,Null,1
66461239,,572500,0.0,0.0,0.0,1.0,0.0,North,2019/2020,JOHNSONVILLE PORIRUA MOTORWAY,TAWA-GRENADA NORTH ON RAMP,,Non-Injury Crash,Yes,2020,0.0,North,0.0,0,0.0,Flat,1.0,,0.0,,0.0,Dark,1986700,0,0.0,0.0,2.0,0.0,0.0,0.0,0.0,0.0,,0.0,0.0,Wellington Region,Nil,1-way,Sealed,0.0,0.0,0,0.0,100.0,0.0,On,0.0,0.0,,47,Wellington City,Nil,0.0,0.0,0.0,0.0,0.0,0.0,Open,0.0,0.0,0.0,Fine,Null,1
66461256,,573101,0.0,,0.0,2.0,,East,2020/2021,CABLE STREET,CHAFFERS STREET,,Non-Injury Crash,No,2020,,East,,0,,Flat,,,,,,Dark,2135500,0,0.0,0.0,3.0,,,0.0,,,,,,Wellington Region,Nil,1-way,Sealed,,0.0,0,,50.0,,On,0.0,0.0,,47,Wellington City,Unknown,,,,,0.0,0.0,Urban,0.0,,,Fine,Null,1
66461288,,573101,0.0,,0.0,2.0,,Null,2019/2020,INGLEWOOD PLACE,DIXON STREET,,Non-Injury Crash,No,2019,,North,,0,,Flat,,,,,,Dark,2133408,0,0.0,0.0,2.0,,,0.0,,,,,,Wellington Region,Nil,2-way,Sealed,,0.0,0,,30.0,,On,0.0,0.0,,47,Wellington City,Nil,,,,,0.0,0.0,Urban,0.0,,,Fine,Null,0
66461303,,572900,0.0,0.0,0.0,1.0,0.0,Null,2019/2020,TINAKORI ROAD,UPTON TERRACE,,Non-Injury Crash,No,2020,0.0,West,0.0,0,0.0,Flat,0.0,,0.0,,0.0,Overcast,2121700,0,0.0,0.0,2.0,0.0,0.0,0.0,0.0,1.0,,0.0,0.0,Wellington Region,Nil,2-way,Sealed,0.0,0.0,0,0.0,50.0,0.0,Null,0.0,0.0,,47,Wellington City,Give way,0.0,0.0,0.0,0.0,1.0,0.0,Urban,0.0,0.0,0.0,Fine,Null,1
66461326,,574303,0.0,,0.0,1.0,,South,2019/2020,WELLINGTON URBAN MOTORWAY,HUTT ROAD,,Non-Injury Crash,Yes,2019,,South,,0,,Flat,,,,,,Bright sun,2090402,0,0.0,1.0,3.0,,,0.0,,,,,,Wellington Region,Nil,1-way,Sealed,,0.0,0,,100.0,,Off,0.0,0.0,60.0,47,Wellington City,Unknown,,,,,0.0,0.0,Open,0.0,,,Fine,Null,0
66461360,,574002,0.0,,0.0,0.0,,North,2020/2021,HUTT ROAD,RAILYARD ENTRY,,Non-Injury Crash,Yes,2020,,South,,0,,Flat,,,,,,Overcast,2078302,0,0.0,0.0,4.0,,,0.0,,,,,,Wellington Region,Nil,2-way,Sealed,,0.0,0,,100.0,,Off,3.0,0.0,,47,Wellington City,Unknown,,,,,0.0,0.0,Open,0.0,,,Fine,Null,1
66461383,,573101,0.0,,1.0,0.0,,Null,2019/2020,WAKEFIELD STREET,JERVOIS QUAY,,Non-Injury Crash,No,2019,,South,,0,,Flat,,,,,,Bright sun,2133200,0,0.0,0.0,2.0,,,0.0,,,,,,Wellington Region,Nil,2-way,Sealed,,0.0,0,,50.0,,Off,1.0,0.0,,47,Wellington City,Nil,,,,,0.0,0.0,Urban,0.0,,,Fine,Null,0
66461409,,573200,0.0,0.0,0.0,2.0,0.0,Null,2020/2021,NAIRN STREET,STAUNTON AVENUE,,Non-Injury Crash,No,2020,0.0,South,0.0,0,0.0,Hill Road,0.0,,0.0,,0.0,Dark,2159500,0,0.0,0.0,1.0,0.0,0.0,0.0,0.0,1.0,,0.0,0.0,Wellington Region,Nil,2-way,Sealed,0.0,0.0,0,0.0,50.0,0.0,On,0.0,0.0,,47,Wellington City,Nil,0.0,0.0,0.0,0.0,0.0,0.0,Urban,0.0,0.0,0.0,Fine,Null,1
66461417,,573400,0.0,0.0,0.0,2.0,0.0,Null,2019/2020,AUSTIN STREET,RIXON GROVE,,Non-Injury Crash,No,2020,0.0,East,0.0,0,0.0,Hill Road,0.0,,0.0,,0.0,Unknown,2141700,0,0.0,0.0,2.0,0.0,0.0,0.0,0.0,1.0,,0.0,0.0,Wellington Region,Nil,2-way,Sealed,0.0,0.0,0,0.0,50.0,0.0,Null,0.0,0.0,,47,Wellington City,Nil,0.0,0.0,0.0,0.0,0.0,0.0,Urban,0.0,0.0,0.0,Null,Null,1
66461552,,573101,0.0,,0.0,1.0,,Null,2019/2020,TARANAKI STREET,INGLEWOOD PLACE,,Non-Injury Crash,No,2019,,Null,,0,,Null,,,,,,Unknown,2133408,0,0.0,0.0,0.0,,,0.0,,,,,,Wellington Region,Nil,Null,Null,,0.0,0,,,,Null,0.0,0.0,,47,Wellington City,Nil,,,,,0.0,1.0,Urban,0.0,,,Null,Null,0
66461557,,574500,0.0,,0.0,2.0,,North,2019/2020,KAIWHARAWHARA ROAD,CAMERON STREET,,Non-Injury Crash,No,2020,,East,,0,,Flat,,,,,,Bright sun,2093600,0,0.0,0.0,2.0,,,0.0,,,,,,Wellington Region,Nil,2-way,Sealed,,0.0,0,,50.0,,Off,0.0,0.0,,47,Wellington City,Nil,,,,,0.0,0.0,Urban,0.0,,,Fine,Null,1
66461582,,576400,0.0,0.0,0.0,2.0,0.0,East,2019/2020,HARPER STREET,DANIELL STREET,,Non-Injury Crash,No,2020,0.0,West,0.0,0,0.0,Null,0.0,,0.0,,0.0,Unknown,2169200,0,0.0,0.0,2.0,0.0,0.0,0.0,0.0,1.0,,0.0,0.0,Wellington Region,Nil,2-way,Sealed,0.0,0.0,0,0.0,40.0,0.0,Null,0.0,0.0,,47,Wellington City,Nil,0.0,0.0,0.0,0.0,0.0,0.0,Urban,0.0,0.0,0.0,Null,Null,1
66461616,,576500,0.0,,0.0,2.0,,North,2019/2020,RIDDIFORD STREET,HOSPITAL PED XING,,Non-Injury Crash,No,2020,,South,,0,,Flat,,,,,,Bright sun,2149200,0,0.0,0.0,4.0,,,0.0,,,,,,Wellington Region,Nil,2-way,Sealed,,0.0,0,,50.0,,Off,0.0,0.0,,47,Wellington City,Isolated Pedestrian signal (non-intersection),,,,,0.0,0.0,Urban,0.0,,,Fine,Null,1
66461684,,573523,0.0,0.0,0.0,1.0,0.0,South,2019/2020,CHURTON PARK-GLENSIDE ON RAMP,GRENADA DRIVE,,Non-Injury Crash,No,2020,0.0,West,0.0,0,0.0,Hill Road,0.0,,0.0,,0.0,Dark,2086310,0,0.0,0.0,3.0,0.0,0.0,0.0,0.0,0.0,,0.0,1.0,Wellington Region,Motorway ramp,2-way,Sealed,0.0,0.0,0,0.0,50.0,0.0,On,0.0,0.0,,47,Wellington City,Nil,0.0,0.0,0.0,0.0,0.0,0.0,Urban,0.0,0.0,0.0,Fine,Null,1
66461705,,573513,0.0,,0.0,1.0,,South,2020/2021,AMESBURY DRIVE,ERLESTOKE CRESCENT,,Minor Crash,No,2020,,North,,0,,Hill Road,,,,,,Overcast,2086722,2,0.0,0.0,2.0,,,0.0,,,,,,Wellington Region,Nil,2-way,Sealed,,0.0,0,,50.0,,None,0.0,0.0,,47,Wellington City,Nil,,,,,1.0,0.0,Urban,0.0,,,Light rain,Null,1
66461775,,575800,0.0,,0.0,2.0,,South,2019/2020,HALIFAX STREET,BRETON GROVE,,Non-Injury Crash,No,2020,,North,,0,,Hill Road,,,,,,Overcast,2198202,0,0.0,0.0,2.0,,,0.0,,,,,,Wellington Region,Nil,2-way,Sealed,,0.0,0,,50.0,,Off,0.0,0.0,,47,Wellington City,Nil,,,,,0.0,0.0,Urban,0.0,,,Null,Null,1
66461857,,573000,0.0,0.0,0.0,1.0,0.0,South,2019/2020,WELLINGTON URBAN MOTORWAY,CLIFTON TERRACE ON RAMP,,Non-Injury Crash,Yes,2019,0.0,North,0.0,0,0.0,Flat,1.0,,0.0,,0.0,Dark,2124801,0,0.0,0.0,3.0,0.0,0.0,0.0,0.0,0.0,,0.0,0.0,Wellington Region,Nil,1-way,Sealed,0.0,0.0,0,0.0,100.0,0.0,On,0.0,0.0,,47,Wellington City,Nil,0.0,0.0,0.0,0.0,0.0,0.0,Open,0.0,0.0,0.0,Light rain,Null,0
66461867,,573101,0.0,,0.0,2.0,,West,2020/2021,VIVIAN STREET,BUTE STREET,,Non-Injury Crash,Yes,2020,,East,,0,,Flat,,,,,,Overcast,2131700,0,0.0,0.0,2.0,,,0.0,,,,,,Wellington Region,Nil,1-way,Sealed,,0.0,0,,50.0,,On,0.0,0.0,,47,Wellington City,Unknown,,,,,0.0,0.0,Urban,0.0,,,Light rain,Null,1
66461878,,576901,0.0,,0.0,0.0,,Null,2019/2020,RONGOTAI ROAD,CRAWFORD ROAD,,Non-Injury Crash,No,2019,,West,,0,,Null,,,,,,Unknown,2178400,0,0.0,0.0,2.0,,,0.0,,,,,,Wellington Region,Nil,2-way,Sealed,,0.0,0,,30.0,,Off,1.0,0.0,,47,Wellington City,Nil,,,,,0.0,0.0,Urban,0.0,,,Null,Null,0
66461898,,576100,0.0,0.0,0.0,1.0,0.0,North,2019/2020,SUTHERLAND ROAD,SUTHERLAND ROAD,,Non-Injury Crash,No,2019,0.0,North,0.0,0,0.0,Hill Road,0.0,,0.0,,0.0,Dark,2195100,0,0.0,0.0,2.0,0.0,0.0,0.0,0.0,1.0,,0.0,0.0,Wellington Region,Nil,2-way,Sealed,0.0,0.0,0,0.0,50.0,0.0,On,1.0,0.0,,47,Wellington City,Unknown,0.0,0.0,0.0,0.0,0.0,0.0,Urban,0.0,0.0,0.0,Fine,Null,0
66461955,,573526,0.0,0.0,0.0,1.0,0.0,South,2020/2021,HUTT ROAD,HOROKIWI ROAD,,Non-Injury Crash,Yes,2021,0.0,South,0.0,0,0.0,Flat,2.0,Easter,0.0,,0.0,Dark,2077503,0,0.0,0.0,2.0,0.0,0.0,0.0,0.0,0.0,,0.0,0.0,Wellington Region,Nil,1-way,Sealed,0.0,0.0,0,0.0,100.0,0.0,On,0.0,0.0,,47,Wellington City,Nil,0.0,0.0,0.0,0.0,0.0,0.0,Open,0.0,0.0,0.0,Fine,Null,1
66461975,,572900,0.0,,0.0,2.0,,Null,2019/2020,WELLINGTON URBAN MOTORWAY,HAWKESTONE STREET OFF RAMP,,Non-Injury Crash,Yes,2019,,South,,0,,Null,,,,,,Bright sun,2119300,0,0.0,0.0,3.0,,,0.0,,,,,,Wellington Region,Nil,1-way,Sealed,,0.0,0,,60.0,,Off,0.0,0.0,,47,Wellington City,Nil,,,,,0.0,0.0,Urban,0.0,,,Light rain,Null,0
66462045,,573200,0.0,0.0,0.0,2.0,0.0,South,2020/2021,NAIRN STREET,STAUNTON AVENUE,,Minor Crash,No,2021,0.0,South,0.0,0,0.0,Hill Road,0.0,,0.0,,0.0,Bright sun,2159500,1,0.0,0.0,2.0,0.0,0.0,0.0,0.0,1.0,1.0,0.0,0.0,Wellington Region,Nil,2-way,Sealed,0.0,0.0,0,0.0,50.0,0.0,Off,0.0,0.0,,47,Wellington City,Unknown,0.0,0.0,0.0,0.0,0.0,0.0,Urban,1.0,0.0,0.0,Fine,Null,1
66462094,,576002,0.0,0.0,0.0,1.0,0.0,North,2019/2020,MELROSE ROAD,WITHAM STREET,,Non-Injury Crash,No,2019,0.0,South,0.0,0,0.0,Hill Road,0.0,,0.0,,0.0,Dark,2191301,0,0.0,0.0,2.0,0.0,0.0,0.0,0.0,1.0,,0.0,0.0,Wellington Region,Nil,2-way,Sealed,0.0,0.0,0,0.0,50.0,0.0,On,0.0,0.0,,47,Wellington City,Unknown,0.0,0.0,0.0,0.0,0.0,0.0,Urban,1.0,0.0,0.0,Fine,Null,0
66462105,,577601,0.0,,0.0,2.0,,South,2019/2020,AKAROA DRIVE,ARAMOANA PLACE,,Non-Injury Crash,No,2019,,North,,0,,Flat,,,,,,Twilight,2202401,0,0.0,0.0,2.0,,,0.0,,,,,,Wellington Region,Nil,2-way,Sealed,,0.0,0,,50.0,,On,0.0,0.0,,47,Wellington City,Nil,,,,,0.0,0.0,Urban,0.0,,,Fine,Null,0
66462119,,573000,0.0,,0.0,2.0,,North,2019/2020,WELLINGTON URBAN MOTORWAY,SOUTH PORTAL,,Non-Injury Crash,Yes,2020,,South,,0,,Flat,,,,,,Overcast,2128700,0,0.0,0.0,3.0,,,0.0,,,,,,Wellington Region,Tunnel,2-way,Sealed,,0.0,0,,70.0,,On,0.0,0.0,,47,Wellington City,Nil,,,,,0.0,0.0,Urban,0.0,,,Fine,Null,1
66462151,,576901,1.0,,0.0,0.0,,South,2020/2021,TIRANGI ROAD,COUTTS STREET,,Minor Crash,No,2021,,North,,0,,Flat,,,,,,Overcast,2176701,1,0.0,0.0,2.0,,,0.0,,,,,,Wellington Region,Nil,2-way,Sealed,,0.0,0,,50.0,,Off,0.0,0.0,,47,Wellington City,Nil,,,,,0.0,0.0,Urban,1.0,,,Fine,Null,1
66462195,,576800,0.0,1.0,0.0,1.0,0.0,West,2020/2021,TAURIMA STREET,EAST PORTAL,,Minor Crash,Yes,2020,0.0,East,0.0,0,0.0,Flat,0.0,,0.0,,0.0,Dark,2181700,1,0.0,0.0,2.0,0.0,0.0,0.0,0.0,0.0,,0.0,0.0,Wellington Region,Tunnel,2-way,Sealed,0.0,0.0,0,0.0,50.0,0.0,On,0.0,0.0,,47,Wellington City,Nil,0.0,0.0,0.0,0.0,0.0,0.0,Urban,0.0,0.0,0.0,Fine,Null,1
66462224,,573200,0.0,,0.0,1.0,,West,2020/2021,BROOKLYN ROAD,NAIRN STREET,,Non-Injury Crash,No,2020,,South,,0,,Hill Road,,,,,,Bright sun,2159300,0,0.0,0.0,2.0,,,0.0,,,,,,Wellington Region,Nil,2-way,Sealed,,0.0,0,,50.0,,Off,0.0,0.0,,47,Wellington City,Nil,,,,,1.0,0.0,Urban,0.0,,,Fine,Null,1
66462273,,575902,0.0,0.0,0.0,1.0,0.0,Null,2019/2020,HAPPY VALLEY ROAD,LANDFILL ROAD,,Non-Injury Crash,No,2020,0.0,North,0.0,0,0.0,Flat,0.0,,0.0,,0.0,Dark,2187403,0,0.0,0.0,2.0,0.0,0.0,0.0,0.0,0.0,,0.0,0.0,Wellington Region,Nil,2-way,Sealed,0.0,0.0,0,0.0,70.0,0.0,On,0.0,0.0,,47,Wellington City,Nil,1.0,0.0,0.0,0.0,0.0,0.0,Urban,0.0,0.0,0.0,Fine,Null,1
66462307,,573101,0.0,,0.0,1.0,,Null,2020/2021,TORY STREET,COURTENAY PLACE,,Minor Crash,No,2021,,East,,0,,Flat,,,,,,Bright sun,2136000,1,0.0,0.0,2.0,,,0.0,,,1.0,,,Wellington Region,Nil,2-way,Sealed,,0.0,0,,30.0,,Off,0.0,0.0,,47,Wellington City,Give way,,,,,0.0,0.0,Urban,0.0,,,Fine,Null,1
66462345,,575000,0.0,,0.0,2.0,,Null,2020/2021,KARORI ROAD,HATTON STREET,,Minor Crash,No,2020,,West,,0,,Hill Road,,,,,,Twilight,2111500,1,0.0,0.0,2.0,,,0.0,,,,,,Wellington Region,Nil,2-way,Sealed,,0.0,0,,50.0,,Off,0.0,0.0,,47,Wellington City,Nil,,,,,0.0,0.0,Urban,0.0,,,Fine,Null,1
66462347,,573101,0.0,0.0,0.0,1.0,0.0,Null,2020/2021,KENT TERRACE,PIRIE STREET,,Non-Injury Crash,No,2021,0.0,South,0.0,0,0.0,Flat,1.0,,0.0,,0.0,Dark,2136500,0,0.0,0.0,3.0,0.0,0.0,0.0,0.0,0.0,,0.0,0.0,Wellington Region,Nil,1-way,Sealed,0.0,0.0,0,0.0,50.0,0.0,On,0.0,0.0,,47,Wellington City,Traffic Signals,0.0,1.0,0.0,0.0,0.0,0.0,Urban,0.0,0.0,0.0,Fine,Null,1
66462355,,574002,0.0,,0.0,1.0,,North,2020/2021,CENTENNIAL HIGHWAY,KIWI POINT QUARRY ENT,,Non-Injury Crash,Yes,2021,,South,,0,,Hill Road,,,,,,Bright sun,2078304,0,0.0,0.0,3.0,,,0.0,,,,,,Wellington Region,Nil,1-way,Sealed,,0.0,0,,100.0,,Off,1.0,0.0,,47,Wellington City,Nil,,,,,0.0,0.0,Open,0.0,,,Fine,Null,1
66462375,,573000,0.0,,0.0,2.0,,North,2019/2020,WELLINGTON URBAN MOTORWAY,SOUTH PORTAL,,Non-Injury Crash,Yes,2019,,South,,0,,Flat,,,,,,Overcast,2130500,0,0.0,0.0,3.0,,,0.0,,,,,,Wellington Region,Tunnel,2-way,Sealed,,0.0,0,,70.0,,On,0.0,0.0,60.0,47,Wellington City,Nil,,,,,0.0,0.0,Urban,1.0,,,Light rain,Null,0
66462395,,575000,0.0,0.0,0.0,1.0,0.0,South,2020/2021,KARORI ROAD,STANDEN STREET,,Minor Crash,No,2021,0.0,West,0.0,0,0.0,Flat,0.0,,0.0,,0.0,Bright sun,2111000,1,0.0,0.0,2.0,0.0,0.0,0.0,0.0,0.0,,0.0,2.0,Wellington Region,Nil,2-way,Sealed,0.0,0.0,0,0.0,50.0,0.0,Off,0.0,0.0,,47,Wellington City,Nil,0.0,1.0,0.0,0.0,0.0,0.0,Urban,0.0,0.0,0.0,Fine,Null,1
66462424,,576901,0.0,0.0,0.0,0.0,0.0,South,2020/2021,BAY ROAD,RONGOTAI ROAD,,Non-Injury Crash,No,2020,0.0,South,0.0,0,0.0,Flat,0.0,,0.0,,1.0,Overcast,2178300,0,0.0,0.0,2.0,0.0,0.0,0.0,0.0,0.0,,0.0,0.0,Wellington Region,Nil,2-way,Sealed,0.0,0.0,0,0.0,30.0,0.0,Off,1.0,0.0,,47,Wellington City,Nil,0.0,0.0,0.0,0.0,1.0,0.0,Urban,0.0,0.0,0.0,Light rain,Null,1
66462428,,573101,0.0,,0.0,0.0,,Null,2020/2021,TARANAKI STREET,HAINING STREET,,Non-Injury Crash,No,2020,,North,,0,,Null,,,,,,Unknown,2134900,0,0.0,0.0,4.0,,,0.0,,,1.0,,,Wellington Region,Nil,2-way,Null,,0.0,0,,50.0,,Null,0.0,0.0,,47,Wellington City,Nil,,,,,0.0,0.0,Urban,0.0,,,Null,Null,1
66462451,,575600,0.0,0.0,0.0,2.0,0.0,North,2020/2021,TANERA CRESCENT,BRUCE AVENUE,,Non-Injury Crash,No,2020,0.0,North,0.0,0,0.0,Hill Road,0.0,,0.0,,0.0,Overcast,2160500,0,0.0,0.0,2.0,0.0,0.0,0.0,0.0,1.0,,0.0,0.0,Wellington Region,Nil,2-way,Sealed,0.0,0.0,0,0.0,50.0,0.0,Off,0.0,0.0,,47,Wellington City,Nil,0.0,0.0,0.0,0.0,0.0,0.0,Urban,0.0,0.0,0.0,Light rain,Null,1
66462514,,573101,0.0,,0.0,1.0,,Null,2019/2020,DIXON STREET,EVA STREET,,Non-Injury Crash,No,2020,,Null,,0,,Flat,,,,,,Unknown,2133500,0,1.0,0.0,2.0,,,0.0,,,,,,Wellington Region,Nil,1-way,Sealed,,0.0,0,,50.0,,Null,0.0,0.0,,47,Wellington City,Nil,,,,,0.0,0.0,Urban,0.0,,,Null,Null,1
66462528,,573101,0.0,,0.0,1.0,,Null,2019/2020,CABLE STREET,BARNETT STREET,,Non-Injury Crash,No,2019,,East,,0,,Null,,,,,,Unknown,2135400,0,0.0,0.0,3.0,,,0.0,,,,,,Wellington Region,Nil,1-way,Sealed,,0.0,0,,50.0,,Off,0.0,0.0,,47,Wellington City,Nil,,,,,0.0,1.0,Urban,0.0,,,Null,Null,0
66462587,,573400,0.0,0.0,0.0,2.0,0.0,West,2020/2021,ELLICE STREET,BROUGHAM STREET,,Non-Injury Crash,No,2021,0.0,West,0.0,0,0.0,Flat,0.0,,0.0,,0.0,Overcast,2142900,0,0.0,0.0,2.0,0.0,0.0,0.0,0.0,1.0,,0.0,0.0,Wellington Region,Nil,2-way,Sealed,0.0,0.0,0,0.0,50.0,0.0,Off,0.0,0.0,,47,Wellington City,Nil,0.0,0.0,0.0,0.0,0.0,0.0,Urban,0.0,0.0,0.0,Fine,Null,1
66462603,,575100,0.0,0.0,0.0,2.0,0.0,West,2020/2021,KARORI ROAD,BEAUCHAMP STREET,,Non-Injury Crash,No,2020,0.0,South,0.0,0,0.0,Null,0.0,,0.0,,0.0,Unknown,2114300,0,0.0,0.0,2.0,0.0,0.0,0.0,0.0,1.0,,0.0,0.0,Wellington Region,Nil,2-way,Sealed,0.0,0.0,0,0.0,50.0,0.0,Null,0.0,0.0,,47,Wellington City,Nil,0.0,0.0,0.0,0.0,0.0,0.0,Urban,0.0,0.0,0.0,Null,Null,1
66462644,,575600,0.0,0.0,0.0,1.0,0.0,Null,2020/2021,BROOKLYN ROAD,BROOKLYN TERRACE,,Minor Crash,No,2020,0.0,East,0.0,0,0.0,Hill Road,0.0,,0.0,,0.0,Overcast,2161900,2,0.0,0.0,2.0,0.0,0.0,0.0,0.0,0.0,,0.0,1.0,Wellington Region,Nil,2-way,Sealed,0.0,0.0,0,0.0,50.0,0.0,Off,0.0,0.0,,47,Wellington City,Nil,0.0,0.0,0.0,0.0,0.0,0.0,Urban,0.0,0.0,0.0,Fine,Null,1
66462691,,573000,0.0,0.0,0.0,2.0,0.0,East,2019/2020,BALLANCE STREET,FEATHERSTON STREET,,Non-Injury Crash,No,2020,0.0,West,0.0,0,0.0,Null,0.0,,0.0,,0.0,Overcast,2125100,0,0.0,0.0,0.0,0.0,0.0,0.0,0.0,1.0,,0.0,0.0,Wellington Region,Nil,2-way,Sealed,0.0,0.0,0,0.0,,0.0,Off,0.0,0.0,,47,Wellington City,Unknown,0.0,0.0,0.0,0.0,0.0,0.0,Urban,0.0,0.0,0.0,Fine,Null,1
66462712,,573101,0.0,,0.0,1.0,,Null,2019/2020,CAMBRIDGE STREET,BARKER STREET,,Non-Injury Crash,No,2020,,North,,0,,Flat,,,,,,Overcast,2137000,0,0.0,1.0,6.0,,,0.0,,,,,,Wellington Region,Nil,2-way,Sealed,,0.0,0,,50.0,,Off,0.0,0.0,,47,Wellington City,Nil,,,,,0.0,0.0,Urban,0.0,,,Light rain,Null,1
66462723,,573901,0.0,0.0,0.0,2.0,0.0,South,2020/2021,STEWART DRIVE,TED GILBERD PLACE,,Non-Injury Crash,No,2021,0.0,South,0.0,0,0.0,Hill Road,0.0,,0.0,,0.0,Dark,2074202,0,0.0,0.0,2.0,0.0,0.0,0.0,0.0,1.0,,0.0,0.0,Wellington Region,Nil,2-way,Sealed,0.0,0.0,0,0.0,50.0,0.0,On,0.0,0.0,,47,Wellington City,Nil,0.0,0.0,0.0,0.0,0.0,0.0,Urban,0.0,0.0,0.0,Fine,Null,1
66462726,,573101,0.0,,1.0,1.0,,Null,2020/2021,WAKEFIELD STREET,CHAFFERS STREET,,Non-Injury Crash,No,2021,,West,,0,,Flat,,,,,,Overcast,2135700,0,0.0,0.0,2.0,,,0.0,,,,,,Wellington Region,Nil,2-way,Sealed,,0.0,0,,50.0,,Off,0.0,0.0,,47,Wellington City,Stop,,,,,0.0,0.0,Urban,0.0,,,Fine,Null,1
66462748,,574002,0.0,0.0,0.0,0.0,0.0,West,2019/2020,CENTENNIAL HIGHWAY OFF RAMP,GLOVER STREET,,Non-Injury Crash,No,2020,1.0,East,0.0,0,0.0,Flat,0.0,,0.0,,0.0,Bright sun,2078302,0,0.0,0.0,2.0,0.0,0.0,0.0,0.0,0.0,,0.0,2.0,Wellington Region,Motorway ramp,1-way,Sealed,0.0,0.0,0,0.0,100.0,0.0,Off,1.0,0.0,,47,Wellington City,Nil,1.0,1.0,0.0,0.0,0.0,0.0,Open,1.0,0.0,0.0,Fine,Null,1
66462785,,573000,0.0,0.0,0.0,2.0,0.0,Null,2019/2020,SALAMANCA ROAD,MOUNT STREET,,Non-Injury Crash,No,2020,0.0,West,0.0,0,0.0,Hill Road,0.0,,0.0,,0.0,Dark,2126900,0,0.0,0.0,2.0,0.0,0.0,0.0,0.0,1.0,,0.0,0.0,Wellington Region,Nil,2-way,Sealed,0.0,0.0,0,0.0,50.0,0.0,On,0.0,0.0,,47,Wellington City,Nil,0.0,0.0,0.0,0.0,0.0,0.0,Urban,0.0,0.0,0.0,Fine,Null,1