OBJECTID,advisorySpeed,areaUnitID,bicycle,bridge,bus,carStationWagon,cliffBank,crashDirectionDescription,crashFinancialYear,crashLocation1,crashLocation2,crashRoadSideRoad,crashSeverity,crashSHDescription,crashYear,debris,directionRoleDescription,ditch,fatalCount,fence,flatHill,guardRail,holiday,houseOrBuilding,intersection,kerb,light,meshblockId,minorInjuryCount,moped,motorcycle,NumberOfLanes,objectThrownOrDropped,otherObject,otherVehicleType,overBank,parkedVehicle,pedestrian,phoneBoxEtc,postOrPole,region,roadCharacter,roadLane,roadSurface,roadworks,schoolBus,seriousInjuryCount,slipOrFlood,speedLimit,strayAnimal,streetLight,suv,taxi,temporarySpeedLimit,tlaId,tlaName,trafficControl,trafficIsland,trafficSign,train,tree,truck,unknownVehicleType,urban,vanOrUtility,vehicle,waterRiver,weatherA,weatherB,if_pandemic
66462829,,574001,0.0,0.0,1.0,0.0,0.0,West,2020/2021,NEWLANDS ROAD,BRACKEN ROAD,,Non-Injury Crash,No,2021,0.0,Null,0.0,0,0.0,Hill Road,0.0,,0.0,,0.0,Unknown,2076300,0,0.0,0.0,2.0,0.0,0.0,0.0,0.0,2.0,,0.0,0.0,Wellington Region,Nil,2-way,Sealed,0.0,0.0,0,0.0,50.0,0.0,Null,1.0,0.0,,47,Wellington City,Unknown,0.0,0.0,0.0,0.0,1.0,0.0,Urban,0.0,0.0,0.0,Null,Null,1
66462835,,575902,0.0,0.0,0.0,1.0,1.0,North,2020/2021,MURCHISON STREET,DOMANSKI CRESCENT,,Non-Injury Crash,No,2020,0.0,North,0.0,0,0.0,Hill Road,0.0,,0.0,,0.0,Overcast,2187404,0,0.0,0.0,2.0,0.0,0.0,0.0,0.0,0.0,,0.0,0.0,Wellington Region,Nil,2-way,Sealed,0.0,0.0,0,0.0,50.0,0.0,Off,0.0,0.0,,47,Wellington City,Nil,0.0,0.0,0.0,0.0,0.0,0.0,Urban,0.0,0.0,0.0,Light rain,Null,1
66462844,,573526,0.0,0.0,0.0,1.0,0.0,West,2019/2020,HUTT ROAD,HOROKIWI ROAD,,Non-Injury Crash,Yes,2020,0.0,West,0.0,0,0.0,Flat,1.0,,0.0,,0.0,Overcast,2077503,0,0.0,0.0,2.0,0.0,0.0,0.0,0.0,0.0,,0.0,0.0,Wellington Region,Nil,1-way,Sealed,0.0,0.0,0,0.0,100.0,0.0,On,0.0,0.0,,47,Wellington City,Nil,0.0,0.0,0.0,0.0,0.0,0.0,Open,1.0,0.0,0.0,Light rain,Null,1
66462847,,572900,0.0,,0.0,2.0,,Null,2020/2021,AOTEA QUAY,AOTEA QUAY ON RAMP,,Non-Injury Crash,No,2021,,North,,0,,Flat,,,,,,Dark,2118400,0,0.0,0.0,1.0,,,0.0,,,,,,Wellington Region,Nil,1-way,Sealed,,0.0,0,,70.0,,On,0.0,0.0,,47,Wellington City,Give way,,,,,0.0,0.0,Urban,0.0,,,Fine,Null,1
66462948,,576901,1.0,,0.0,1.0,,Null,2020/2021,TIRANGI ROAD,COUTTS STREET,,Minor Crash,No,2021,,North,,0,,Flat,,,,,,Bright sun,2176701,1,0.0,0.0,2.0,,,0.0,,,,,,Wellington Region,Nil,2-way,Sealed,,0.0,0,,50.0,,Off,0.0,0.0,,47,Wellington City,Give way,,,,,0.0,0.0,Urban,0.0,,,Fine,Null,1
66462969,,574002,0.0,,0.0,2.0,,North,2020/2021,CENTENNIAL HIGHWAY,WAKELY ROAD,,Non-Injury Crash,Yes,2020,,South,,0,,Hill Road,,,,,,Bright sun,2078304,0,0.0,0.0,3.0,,,0.0,,,,,,Wellington Region,Nil,1-way,Sealed,,0.0,0,,80.0,,Off,0.0,0.0,60.0,47,Wellington City,Nil,,,,,0.0,0.0,Open,0.0,,,Fine,Null,1
66462970,,574303,0.0,,0.0,0.0,,Null,2019/2020,HUTT ROAD,WELLINGTON URBAN MOTORWAY,,Non-Injury Crash,Yes,2020,,North,,0,,Flat,,,,,,Overcast,2090402,0,0.0,0.0,4.0,,,0.0,,,,,,Wellington Region,Nil,2-way,Sealed,,0.0,0,,100.0,,Null,0.0,0.0,,47,Wellington City,Nil,,,,,0.0,0.0,Open,1.0,,,Fine,Null,1
66462981,,572500,0.0,0.0,0.0,1.0,0.0,North,2020/2021,JOHNSONVILLE PORIRUA MOTORWAY,TAWA-GRENADA NORTH OFF RAMP,,Non-Injury Crash,Yes,2021,0.0,North,0.0,0,0.0,Hill Road,1.0,,0.0,,0.0,Dark,1986700,0,0.0,0.0,4.0,0.0,0.0,0.0,0.0,0.0,,0.0,0.0,Wellington Region,Nil,2-way,Sealed,0.0,0.0,0,0.0,100.0,0.0,None,0.0,0.0,,47,Wellington City,Nil,0.0,0.0,0.0,0.0,0.0,0.0,Open,0.0,0.0,0.0,Fine,Null,1
66463000,,573903,0.0,,0.0,2.0,,East,2019/2020,HOROKIWI ROAD WEST,PINKERTON GROVE,,Non-Injury Crash,No,2019,,West,,0,,Flat,,,,,,Bright sun,2073106,0,0.0,0.0,2.0,,,0.0,,,,,,Wellington Region,Nil,2-way,Sealed,,0.0,0,,50.0,,Off,0.0,0.0,,47,Wellington City,Unknown,,,,,0.0,0.0,Urban,0.0,,,Fine,Null,0
66463044,,574402,1.0,,0.0,1.0,,Null,2020/2021,WAIKOWHAI STREET,CROFTON ROAD,,Minor Crash,No,2020,,East,,0,,Flat,,,,,,Overcast,2097700,1,0.0,0.0,2.0,,,0.0,,,,,,Wellington Region,Nil,2-way,Sealed,,0.0,0,,50.0,,Off,0.0,0.0,,47,Wellington City,Give way,,,,,0.0,0.0,Urban,0.0,,,Fine,Null,1
66463069,,574303,0.0,,1.0,0.0,,North,2020/2021,CENTENNIAL HIGHWAY,TYERS ROAD,,Minor Crash,Yes,2021,,North,,0,,Hill Road,,,,,,Dark,2088705,1,0.0,1.0,3.0,,,0.0,,,,,,Wellington Region,Nil,1-way,Sealed,,0.0,0,,80.0,,On,0.0,0.0,,47,Wellington City,Nil,,,,,0.0,1.0,Open,0.0,,,Light rain,Null,1
66463076,,573101,0.0,,0.0,1.0,,Null,2019/2020,TARANAKI STREET,COURTENAY PLACE,,Non-Injury Crash,No,2019,,Null,,0,,Null,,,,,,Overcast,2133408,0,0.0,0.0,4.0,,,0.0,,,,,,Wellington Region,Nil,2-way,Sealed,,0.0,0,,30.0,,Null,0.0,0.0,,47,Wellington City,Traffic Signals,,,,,0.0,0.0,Urban,0.0,,,Null,Null,0
66463101,,573300,0.0,,0.0,1.0,,Null,2020/2021,RUGBY STREET,ADELAIDE ROAD,,Non-Injury Crash,Yes,2020,,West,,0,,Flat,,,,,,Bright sun,2145602,0,0.0,0.0,3.0,,,0.0,,,,,,Wellington Region,Nil,1-way,Sealed,,0.0,0,,50.0,,Off,1.0,0.0,,47,Wellington City,Traffic Signals,,,,,0.0,0.0,Urban,0.0,,,Fine,Null,1
66463115,,574900,0.0,,0.0,2.0,,Null,2020/2021,KARORI ROAD,TRINGHAM STREET,,Minor Crash,No,2021,,West,,0,,Flat,,,,,,Twilight,2109900,3,0.0,0.0,2.0,,,0.0,,,,,,Wellington Region,Nil,2-way,Sealed,,0.0,0,,50.0,,On,0.0,0.0,,47,Wellington City,Give way,,,,,0.0,0.0,Urban,0.0,,,Fine,Null,1
66463268,,573300,0.0,,0.0,1.0,,South,2019/2020,KING STREET,KING ST T,,Non-Injury Crash,No,2020,,North,,0,,Null,,,,,,Bright sun,2146200,0,0.0,0.0,2.0,,,0.0,,,,,,Wellington Region,Nil,2-way,Sealed,,0.0,0,,50.0,,Off,0.0,0.0,,47,Wellington City,Unknown,,,,,0.0,0.0,Urban,1.0,,,Fine,Null,1
66463332,,576800,0.0,,0.0,1.0,,Null,2019/2020,TE ANAU ROAD,KAINUI ROAD,,Minor Crash,No,2020,,East,,0,,Hill Road,,,,,,Overcast,2183400,1,0.0,1.0,2.0,,,0.0,,,,,,Wellington Region,Nil,2-way,Sealed,,0.0,0,,50.0,,Off,0.0,0.0,,47,Wellington City,Give way,,,,,0.0,0.0,Urban,0.0,,,Light rain,Null,1
66463426,,576903,0.0,0.0,0.0,1.0,0.0,Null,2019/2020,MOXHAM AVENUE,GOA STREET,,Non-Injury Crash,No,2020,0.0,North,0.0,0,0.0,Flat,0.0,,0.0,,0.0,Dark,2180700,0,0.0,0.0,2.0,0.0,0.0,0.0,0.0,1.0,,0.0,0.0,Wellington Region,Nil,2-way,Sealed,0.0,0.0,0,0.0,50.0,0.0,On,0.0,0.0,,47,Wellington City,Nil,0.0,0.0,0.0,0.0,0.0,0.0,Urban,1.0,0.0,0.0,Fine,Null,1
66463466,,574303,0.0,0.0,0.0,1.0,0.0,North,2020/2021,CENTENNIAL HIGHWAY,TYERS ROAD,,Minor Crash,Yes,2021,0.0,North,0.0,0,0.0,Hill Road,1.0,Easter,0.0,,0.0,Dark,2088705,1,0.0,0.0,3.0,0.0,0.0,0.0,0.0,0.0,,0.0,0.0,Wellington Region,Nil,1-way,Sealed,0.0,0.0,0,0.0,100.0,0.0,On,0.0,0.0,,47,Wellington City,Nil,0.0,0.0,0.0,0.0,0.0,0.0,Open,0.0,0.0,0.0,Fine,Null,1
66463467,,573101,0.0,,0.0,0.0,,East,2019/2020,DIXON STREET,WILLIS STREET,,Non-Injury Crash,No,2020,,East,,0,,Flat,,,,,,Unknown,2131300,0,0.0,0.0,2.0,,,0.0,,,,,,Wellington Region,Nil,2-way,Null,,0.0,0,,50.0,,Null,0.0,0.0,,47,Wellington City,Nil,,,,,0.0,0.0,Urban,1.0,,,Null,Null,1
66463497,,573000,0.0,0.0,0.0,2.0,0.0,North,2020/2021,WELLINGTON URBAN MOTORWAY,EVERTON OBR,,Non-Injury Crash,Yes,2020,0.0,South,0.0,0,0.0,Hill Road,1.0,,0.0,,0.0,Overcast,2124803,0,0.0,0.0,2.0,0.0,0.0,0.0,0.0,0.0,,0.0,0.0,Wellington Region,Motorway ramp,1-way,Sealed,0.0,0.0,0,0.0,100.0,0.0,Off,0.0,0.0,60.0,47,Wellington City,Nil,0.0,0.0,0.0,0.0,0.0,0.0,Open,0.0,0.0,0.0,Heavy rain,Null,1
66463511,,572701,0.0,0.0,0.0,1.0,1.0,North,2019/2020,MAIN ROAD,LINDEN AVENUE,,Non-Injury Crash,No,2020,0.0,North,0.0,0,0.0,Flat,0.0,,0.0,,0.0,Bright sun,1993902,0,0.0,0.0,2.0,0.0,0.0,0.0,0.0,0.0,,1.0,1.0,Wellington Region,Nil,2-way,Sealed,0.0,0.0,0,0.0,50.0,0.0,Off,0.0,0.0,,47,Wellington City,Nil,0.0,0.0,0.0,0.0,0.0,0.0,Urban,0.0,0.0,0.0,Fine,Null,1
66463524,,574002,0.0,,0.0,0.0,,West,2019/2020,01N-1060-I,CENTENNIAL HIGHWAY OFF RAMP,,Non-Injury Crash,Yes,2019,,South,,0,,Hill Road,,,,,,Overcast,2078302,0,0.0,1.0,3.0,,,0.0,,,,,,Wellington Region,Nil,1-way,Sealed,,0.0,0,,80.0,,Off,0.0,0.0,,47,Wellington City,Unknown,,,,,0.0,0.0,Open,0.0,,,Fine,Null,0
66463530,,575300,0.0,0.0,0.0,2.0,0.0,West,2020/2021,RAROA ROAD,FAIRVIEW CRESCENT,,Non-Injury Crash,No,2020,0.0,East,0.0,0,0.0,Null,0.0,,0.0,,0.0,Overcast,2151900,0,0.0,0.0,2.0,0.0,0.0,0.0,0.0,1.0,,0.0,0.0,Wellington Region,Nil,2-way,Sealed,0.0,0.0,0,0.0,50.0,0.0,Off,0.0,0.0,,47,Wellington City,Unknown,0.0,0.0,0.0,0.0,0.0,0.0,Urban,1.0,0.0,0.0,Fine,Null,1
66463595,,572900,0.0,0.0,0.0,2.0,0.0,West,2020/2021,PIPITEA STREET,MOTUROA STREET,,Non-Injury Crash,No,2021,0.0,West,0.0,0,0.0,Null,0.0,,0.0,,0.0,Unknown,2119100,0,0.0,0.0,2.0,0.0,0.0,0.0,0.0,1.0,,0.0,0.0,Wellington Region,Nil,2-way,Sealed,0.0,0.0,0,0.0,50.0,0.0,Off,0.0,0.0,,47,Wellington City,Nil,0.0,0.0,0.0,0.0,0.0,0.0,Urban,0.0,0.0,0.0,Null,Null,1
66463597,,572600,0.0,0.0,0.0,0.0,1.0,Null,2020/2021,MAIN ROAD,VICTORY CRESCENT,,Non-Injury Crash,No,2020,0.0,North,0.0,0,0.0,Flat,0.0,,0.0,,0.0,Overcast,1991800,0,0.0,0.0,2.0,0.0,0.0,0.0,0.0,0.0,,0.0,0.0,Wellington Region,Nil,2-way,Sealed,0.0,0.0,0,0.0,50.0,0.0,Off,1.0,0.0,,47,Wellington City,Give way,0.0,0.0,0.0,0.0,0.0,0.0,Urban,0.0,0.0,0.0,Fine,Null,1
66463652,,576903,0.0,,0.0,2.0,,North,2019/2020,RODRIGO ROAD,IMPERIAL TERRACE,,Non-Injury Crash,No,2020,,North,,0,,Hill Road,,,,,,Bright sun,2179600,0,0.0,0.0,2.0,,,0.0,,,,,,Wellington Region,Nil,2-way,Sealed,,0.0,0,,50.0,,Off,0.0,0.0,,47,Wellington City,Nil,,,,,0.0,0.0,Urban,0.0,,,Fine,Null,1
66463691,,573300,0.0,0.0,0.0,3.0,0.0,Null,2020/2021,SUSSEX STREET,SUSSEX STREET,,Non-Injury Crash,Yes,2020,0.0,North,0.0,0,0.0,Hill Road,0.0,,0.0,,0.0,Overcast,2145602,0,0.0,0.0,3.0,0.0,0.0,0.0,0.0,1.0,,0.0,0.0,Wellington Region,Nil,1-way,Sealed,0.0,0.0,0,0.0,50.0,0.0,None,0.0,0.0,,47,Wellington City,Stop,0.0,0.0,0.0,0.0,0.0,0.0,Urban,0.0,0.0,0.0,Light rain,Null,1
66463730,,573101,0.0,,0.0,0.0,,Null,2020/2021,VIVIAN STREET,VICTORIA STREET,,Non-Injury Crash,Yes,2021,,East,,0,,Flat,,,,,,Bright sun,2131600,0,0.0,0.0,2.0,,,0.0,,,,,,Wellington Region,Nil,1-way,Sealed,,0.0,0,,50.0,,Off,1.0,0.0,,47,Wellington City,Traffic Signals,,,,,1.0,0.0,Urban,0.0,,,Fine,Null,1
66463780,,576400,0.0,,0.0,0.0,,West,2019/2020,CONSTABLE STREET,COROMANDEL STREET,,Serious Crash,No,2020,,East,,0,,Hill Road,,,,,,Bright sun,2169800,0,0.0,1.0,2.0,,,0.0,,,,,,Wellington Region,Nil,2-way,Sealed,,0.0,1,,50.0,,Off,0.0,0.0,,47,Wellington City,Traffic Signals,,,,,0.0,0.0,Urban,1.0,,,Fine,Null,1
66463851,,577500,0.0,0.0,0.0,1.0,0.0,Null,2020/2021,PINNACLE STREET,BERWICK GROVE,,Minor Crash,No,2021,0.0,South,0.0,0,0.0,Flat,0.0,,0.0,,0.0,Overcast,2211900,1,0.0,0.0,2.0,0.0,0.0,0.0,0.0,0.0,,0.0,0.0,Wellington Region,Nil,2-way,Sealed,0.0,0.0,0,0.0,50.0,0.0,Off,0.0,0.0,,47,Wellington City,Nil,0.0,0.0,0.0,1.0,0.0,0.0,Urban,0.0,0.0,0.0,Fine,Null,1
66463852,,577400,0.0,0.0,0.0,2.0,0.0,North,2019/2020,KARAKA BAY ROAD,PT HOWARD,,Non-Injury Crash,No,2019,0.0,North,0.0,0,0.0,Flat,0.0,,0.0,,0.0,Dark,2209700,0,0.0,0.0,2.0,0.0,0.0,0.0,0.0,1.0,,0.0,0.0,Wellington Region,Nil,2-way,Sealed,0.0,0.0,0,0.0,50.0,0.0,On,0.0,0.0,,47,Wellington City,Unknown,0.0,0.0,0.0,0.0,0.0,0.0,Urban,0.0,0.0,0.0,Light rain,Null,0
66463853,,575600,1.0,,0.0,1.0,,Null,2020/2021,OHIRO ROAD,BROOKLYN ROAD,,Minor Crash,No,2021,,North,,0,,Hill Road,,,,,,Overcast,2161900,1,0.0,0.0,2.0,,,0.0,,,,,,Wellington Region,Nil,2-way,Sealed,,0.0,0,,50.0,,Off,0.0,0.0,,47,Wellington City,Give way,,,,,0.0,0.0,Urban,0.0,,,Fine,Null,1
66463860,,573101,0.0,,0.0,2.0,,North,2019/2020,KENT TERRACE,MAJORIBANKS STREET,,Non-Injury Crash,No,2020,,South,,0,,Flat,,,,,,Bright sun,2135700,0,0.0,0.0,4.0,,,0.0,,,,,,Wellington Region,Nil,1-way,Sealed,,0.0,0,,50.0,,Off,0.0,0.0,,47,Wellington City,Traffic Signals,,,,,0.0,0.0,Urban,0.0,,,Fine,Null,1
66463912,,572900,0.0,0.0,0.0,0.0,0.0,North,2019/2020,WATERLOO QUAY,BUNNY STREET,,Non-Injury Crash,No,2019,0.0,North,0.0,0,0.0,Flat,0.0,,0.0,,0.0,Bright sun,2122700,0,0.0,0.0,2.0,0.0,0.0,0.0,0.0,1.0,,0.0,0.0,Wellington Region,Nil,1-way,Sealed,0.0,0.0,0,0.0,50.0,0.0,Off,0.0,0.0,,47,Wellington City,Nil,0.0,0.0,0.0,0.0,0.0,0.0,Urban,2.0,0.0,0.0,Fine,Null,0
66463933,,576600,0.0,,0.0,2.0,,East,2020/2021,ORIENTAL PARADE,BARING STREET,,Non-Injury Crash,No,2021,,West,,0,,Flat,,,,,,Twilight,2137700,0,0.0,0.0,2.0,,,0.0,,,,,,Wellington Region,Nil,2-way,Sealed,,0.0,0,,40.0,,Off,0.0,0.0,,47,Wellington City,Nil,,,,,0.0,0.0,Urban,0.0,,,Fine,Null,1
66463935,,574401,0.0,0.0,0.0,0.0,0.0,Null,2021/2022,FOX STREET,AWARUA STREET,,Non-Injury Crash,No,2021,0.0,North,0.0,0,1.0,Hill Road,0.0,,0.0,,0.0,Overcast,2093707,0,0.0,0.0,2.0,0.0,0.0,0.0,1.0,0.0,,0.0,0.0,Wellington Region,Nil,2-way,Sealed,0.0,0.0,0,0.0,50.0,0.0,None,0.0,0.0,,47,Wellington City,Stop,0.0,0.0,0.0,0.0,0.0,0.0,Urban,1.0,0.0,0.0,Fine,Null,1
66463997,,576002,0.0,0.0,0.0,2.0,0.0,East,2020/2021,TRENT STREET,THE PARADE,,Non-Injury Crash,No,2020,0.0,East,0.0,0,0.0,Flat,0.0,,0.0,,0.0,Overcast,2189500,0,0.0,0.0,2.0,0.0,0.0,0.0,0.0,1.0,,0.0,0.0,Wellington Region,Nil,2-way,Sealed,0.0,0.0,0,0.0,50.0,0.0,Off,1.0,0.0,,47,Wellington City,Nil,0.0,0.0,0.0,0.0,0.0,0.0,Urban,0.0,0.0,0.0,Fine,Null,1
66464005,,573101,0.0,,0.0,2.0,,North,2020/2021,KENT TERRACE,FIFESHIRE TURN,,Non-Injury Crash,Yes,2021,,South,,0,,Flat,,,,,,Bright sun,2136700,0,0.0,0.0,3.0,,,0.0,,,,,,Wellington Region,Nil,1-way,Sealed,,0.0,0,,50.0,,Off,0.0,0.0,,47,Wellington City,Nil,,,,,0.0,0.0,Urban,0.0,,,Fine,Null,1
66464022,,573300,0.0,,0.0,2.0,,Null,2020/2021,WALLACE STREET,BIDWILL STREET,,Non-Injury Crash,No,2021,,South,,0,,Hill Road,,,,,,Dark,2145005,0,0.0,0.0,2.0,,,0.0,,,,,,Wellington Region,Nil,2-way,Sealed,,0.0,0,,50.0,,On,0.0,0.0,,47,Wellington City,Traffic Signals,,,,,0.0,0.0,Urban,0.0,,,Fine,Null,1
66464028,,572900,0.0,0.0,0.0,1.0,0.0,North,2019/2020,WELLINGTON URBAN MOTORWAY,HAWKESTONE STREET ON RAMP,,Non-Injury Crash,Yes,2020,0.0,South,0.0,0,0.0,Hill Road,1.0,,0.0,,0.0,Twilight,2120000,0,0.0,0.0,3.0,0.0,0.0,0.0,0.0,0.0,,0.0,0.0,Wellington Region,Nil,1-way,Sealed,0.0,0.0,0,0.0,100.0,0.0,On,0.0,0.0,,47,Wellington City,Nil,0.0,0.0,0.0,0.0,0.0,0.0,Open,0.0,0.0,0.0,Fine,Null,1
66464085,,573101,1.0,,0.0,1.0,,Null,2020/2021,TARANAKI STREET,BUCKLE STREET,,Minor Crash,No,2020,,South,,0,,Flat,,,,,,Bright sun,2134700,1,0.0,0.0,5.0,,,0.0,,,,,,Wellington Region,Nil,2-way,Sealed,,0.0,0,,50.0,,Off,0.0,0.0,,47,Wellington City,Traffic Signals,,,,,0.0,0.0,Urban,0.0,,,Fine,Strong wind,1
66464094,,575300,0.0,0.0,0.0,1.0,0.0,East,2020/2021,PLUNKET STREET,FAIRVIEW CRESCENT,,Non-Injury Crash,No,2021,0.0,West,0.0,0,0.0,Hill Road,0.0,,0.0,,0.0,Unknown,2152900,0,0.0,0.0,2.0,0.0,0.0,0.0,0.0,1.0,,0.0,0.0,Wellington Region,Nil,2-way,Sealed,0.0,0.0,0,0.0,50.0,0.0,Null,0.0,0.0,,47,Wellington City,Nil,0.0,0.0,0.0,0.0,0.0,0.0,Urban,0.0,0.0,0.0,Null,Null,1
66464117,,572900,0.0,0.0,0.0,1.0,0.0,West,2020/2021,KATE SHEPPARD PLACE,MULGRAVE STREET,,Non-Injury Crash,No,2020,0.0,Null,0.0,0,0.0,Null,0.0,,0.0,,0.0,Unknown,2122500,0,0.0,0.0,1.0,0.0,0.0,0.0,0.0,1.0,,0.0,0.0,Wellington Region,Nil,1-way,Null,0.0,0.0,0,0.0,50.0,0.0,Null,0.0,0.0,,47,Wellington City,Nil,0.0,0.0,0.0,0.0,0.0,0.0,Urban,0.0,0.0,0.0,Null,Null,1
66464141,,577000,0.0,,0.0,1.0,,Null,2020/2021,ONEPU ROAD,WHA STREET,,Serious Crash,No,2021,,North,,0,,Flat,,,,,,Twilight,2175100,1,0.0,0.0,2.0,,,0.0,,,2.0,,,Wellington Region,Nil,2-way,Sealed,,0.0,1,,50.0,,On,0.0,0.0,,47,Wellington City,Give way,,,,,0.0,0.0,Urban,0.0,,,Light rain,Strong wind,1
66464177,,577000,0.0,,0.0,1.0,,South,2020/2021,MOA POINT ROAD,DOG POUND,,Minor Crash,No,2021,,North,,0,,Flat,,,,,,Dark,2175700,2,0.0,0.0,2.0,,,0.0,,,,,,Wellington Region,Nil,2-way,Sealed,,0.0,0,,50.0,,None,0.0,0.0,,47,Wellington City,Nil,,,,,0.0,0.0,Urban,0.0,,,Fine,Null,1
66464179,,573000,0.0,,0.0,2.0,,Null,2019/2020,EVERTON TERRACE,CLIFTON TERRACE,,Non-Injury Crash,No,2020,,West,,0,,Null,,,,,,Unknown,2126100,0,0.0,0.0,3.0,,,0.0,,,,,,Wellington Region,Bridge,2-way,Sealed,,0.0,0,,50.0,,Null,0.0,0.0,,47,Wellington City,Traffic Signals,,,,,0.0,0.0,Urban,0.0,,,Null,Null,1
66464202,,572900,0.0,,0.0,2.0,,Null,2019/2020,MAY STREET,MURPHY STREET,,Non-Injury Crash,No,2020,,South,,0,,Flat,,,,,,Twilight,2119200,0,0.0,0.0,1.0,,,0.0,,,,,,Wellington Region,Nil,1-way,Sealed,,0.0,0,,50.0,,None,0.0,0.0,,47,Wellington City,Give way,,,,,0.0,0.0,Urban,0.0,,,Fine,Null,1
66464211,,577301,0.0,0.0,0.0,3.0,0.0,Null,2020/2021,DARLINGTON ROAD,PURIRI STREET,,Minor Crash,No,2020,0.0,North,0.0,0,0.0,Flat,0.0,,0.0,,0.0,Overcast,2204100,1,0.0,0.0,2.0,0.0,0.0,0.0,0.0,1.0,,0.0,0.0,Wellington Region,Nil,2-way,Sealed,0.0,0.0,0,0.0,50.0,0.0,Off,0.0,0.0,,47,Wellington City,Nil,0.0,0.0,0.0,0.0,0.0,0.0,Urban,0.0,0.0,0.0,Light rain,Null,1
66464213,,573300,0.0,,0.0,2.0,,South,2020/2021,TARANAKI STREET,WEBB STREET,,Non-Injury Crash,No,2020,,South,,0,,Null,,,,,,Bright sun,2144500,0,0.0,0.0,2.0,,,0.0,,,,,,Wellington Region,Nil,2-way,Sealed,,0.0,0,,,,On,0.0,0.0,,47,Wellington City,Nil,,,,,0.0,0.0,Urban,0.0,,,Fine,Null,1
66464341,,573903,0.0,0.0,0.0,1.0,0.0,Null,2020/2021,JOHNSONVILLE ON RAMP,NEWLANDS OFF RAMP,,Non-Injury Crash,No,2021,0.0,South,0.0,0,0.0,Hill Road,1.0,,0.0,,0.0,Dark,2075103,0,0.0,0.0,1.0,0.0,0.0,0.0,0.0,0.0,,0.0,0.0,Wellington Region,Nil,1-way,Sealed,0.0,0.0,0,0.0,100.0,0.0,On,0.0,0.0,,47,Wellington City,Nil,0.0,0.0,0.0,0.0,0.0,0.0,Open,0.0,0.0,0.0,Fine,Null,1
66464346,,573526,0.0,,0.0,3.0,,South,2019/2020,HUTT ROAD,HOROKIWI ROAD,,Non-Injury Crash,Yes,2020,,West,,0,,Flat,,,,,,Dark,2086403,0,0.0,0.0,2.0,,,0.0,,,,,,Wellington Region,Nil,1-way,Sealed,,0.0,0,,100.0,,On,0.0,0.0,,47,Wellington City,Nil,,,,,0.0,0.0,Open,0.0,,,Heavy rain,Null,1
66464377,,573526,0.0,0.0,0.0,1.0,1.0,South,2019/2020,HUTT ROAD,SERVICE STN STH,,Minor Crash,Yes,2020,0.0,North,0.0,0,0.0,Flat,0.0,,0.0,,0.0,Bright sun,2077503,1,0.0,0.0,4.0,0.0,0.0,0.0,0.0,0.0,,0.0,1.0,Wellington Region,Nil,2-way,Sealed,0.0,0.0,0,0.0,100.0,0.0,Off,0.0,0.0,,47,Wellington City,Unknown,0.0,0.0,0.0,0.0,0.0,0.0,Open,0.0,0.0,0.0,Fine,Null,1
66464408,,575600,0.0,,0.0,1.0,,North,2019/2020,OHIRO ROAD,CLEVELAND STREET,,Minor Crash,No,2020,,Null,,0,,Flat,,,,,,Bright sun,2161300,2,0.0,0.0,2.0,,,0.0,,,,,,Wellington Region,Nil,2-way,Sealed,,0.0,0,,30.0,,Off,0.0,0.0,,47,Wellington City,Nil,,,,,0.0,0.0,Urban,0.0,,,Fine,Null,1
66464411,,573300,0.0,0.0,0.0,1.0,1.0,South,2020/2021,HUTCHISON ROAD,WRIGHT STREET,,Non-Injury Crash,No,2020,0.0,South,0.0,0,0.0,Hill Road,0.0,,0.0,,0.0,Dark,2147800,0,0.0,0.0,2.0,0.0,0.0,0.0,0.0,0.0,,0.0,0.0,Wellington Region,Nil,2-way,Sealed,0.0,0.0,0,0.0,50.0,0.0,On,0.0,0.0,,47,Wellington City,Nil,0.0,0.0,0.0,0.0,0.0,0.0,Urban,0.0,0.0,0.0,Heavy rain,Frost,1
66464448,,574002,0.0,,0.0,2.0,,South,2020/2021,CENTENNIAL HIGHWAY,NIMT OBR,,Non-Injury Crash,Yes,2020,,North,,0,,Hill Road,,,,,,Overcast,2078302,0,0.0,0.0,2.0,,,0.0,,,,,,Wellington Region,Nil,1-way,Sealed,,0.0,0,,100.0,,Off,0.0,0.0,,47,Wellington City,Nil,,,,,0.0,0.0,Open,1.0,,,Light rain,Null,1
66464463,,576301,0.0,,0.0,2.0,,North,2020/2021,ADELAIDE ROAD,HALL STREET,,Non-Injury Crash,No,2021,,North,,0,,Hill Road,,,,,,Bright sun,2163900,0,0.0,0.0,2.0,,,0.0,,,,,,Wellington Region,Nil,2-way,Sealed,,0.0,0,,50.0,,Off,0.0,0.0,,47,Wellington City,Nil,,,,,0.0,0.0,Urban,0.0,,,Fine,Null,1
66464470,,573101,0.0,,0.0,1.0,,East,2020/2021,BUCKLE STREET,TARANAKI STREET,,Minor Crash,Yes,2020,,West,,0,,Flat,,,,,,Bright sun,2134800,1,0.0,0.0,4.0,,,0.0,,,,,,Wellington Region,Nil,1-way,Sealed,,0.0,0,,50.0,,Off,0.0,0.0,,47,Wellington City,Unknown,,,,,0.0,0.0,Urban,0.0,,,Fine,Null,1