OBJECTID,advisorySpeed,areaUnitID,bicycle,bridge,bus,carStationWagon,cliffBank,crashDirectionDescription,crashFinancialYear,crashLocation1,crashLocation2,crashRoadSideRoad,crashSeverity,crashSHDescription,crashYear,debris,directionRoleDescription,ditch,fatalCount,fence,flatHill,guardRail,holiday,houseOrBuilding,intersection,kerb,light,meshblockId,minorInjuryCount,moped,motorcycle,NumberOfLanes,objectThrownOrDropped,otherObject,otherVehicleType,overBank,parkedVehicle,pedestrian,phoneBoxEtc,postOrPole,region,roadCharacter,roadLane,roadSurface,roadworks,schoolBus,seriousInjuryCount,slipOrFlood,speedLimit,strayAnimal,streetLight,suv,taxi,temporarySpeedLimit,tlaId,tlaName,trafficControl,trafficIsland,trafficSign,train,tree,truck,unknownVehicleType,urban,vanOrUtility,vehicle,waterRiver,weatherA,weatherB,if_pandemic
66464512,,573300,0.0,,0.0,2.0,,South,2019/2020,TARANAKI STREET,WEBB STREET,,Non-Injury Crash,No,2020,,South,,0,,Flat,,,,,,Dark,2144500,0,0.0,0.0,2.0,,,0.0,,,,,,Wellington Region,Nil,2-way,Sealed,,0.0,0,,50.0,,On,0.0,0.0,,47,Wellington City,Unknown,,,,,0.0,0.0,Urban,0.0,,,Fine,Null,1
66464521,,572900,0.0,,0.0,0.0,,Null,2020/2021,FEATHERSTON STREET,MULGRAVE STREET,,Serious Crash,No,2021,,North,,0,,Flat,,,,,,Bright sun,2122800,0,1.0,0.0,4.0,,,0.0,,,,,,Wellington Region,Nil,2-way,Sealed,,0.0,1,,50.0,,Off,0.0,0.0,,47,Wellington City,Traffic Signals,,,,,0.0,0.0,Urban,1.0,,,Fine,Null,1
66464528,,574100,1.0,,0.0,1.0,,Null,2020/2021,MOOREFIELD ROAD,HAUMIA STREET,,Serious Crash,No,2020,,South,,0,,Hill Road,,,,,,Overcast,2085500,0,0.0,0.0,2.0,,,0.0,,,,,,Wellington Region,Nil,2-way,Sealed,,0.0,1,,50.0,,Off,0.0,0.0,,47,Wellington City,Give way,,,,,0.0,0.0,Urban,0.0,,,Fine,Null,1
66464529,,574100,0.0,0.0,0.0,0.0,0.0,South,2020/2021,BANNISTER AVENUE,KIPLING STREET,,Non-Injury Crash,No,2020,0.0,North,0.0,0,0.0,Flat,0.0,,0.0,,0.0,Unknown,2084700,0,0.0,0.0,2.0,0.0,0.0,0.0,0.0,1.0,,0.0,0.0,Wellington Region,Nil,2-way,Sealed,0.0,0.0,0,0.0,50.0,0.0,Null,0.0,0.0,,47,Wellington City,Nil,0.0,0.0,0.0,0.0,0.0,0.0,Urban,1.0,0.0,0.0,Null,Null,1
66464570,,573101,0.0,,0.0,2.0,,Null,2020/2021,BUTE STREET,VIVIAN STREET,,Non-Injury Crash,No,2020,,North,,0,,Null,,,,,,Unknown,2131700,0,0.0,0.0,2.0,,,0.0,,,,,,Wellington Region,Nil,2-way,Sealed,,0.0,0,,30.0,,Null,0.0,0.0,,47,Wellington City,Give way,,,,,0.0,0.0,Urban,0.0,,,Null,Null,1
66464681,,576301,0.0,,0.0,1.0,,Null,2020/2021,HALL STREET,ADELAIDE ROAD,,Non-Injury Crash,No,2020,,West,,0,,Hill Road,,,,,,Overcast,2164600,0,0.0,0.0,2.0,,,0.0,,,1.0,,,Wellington Region,Nil,2-way,Sealed,,0.0,0,,50.0,,Off,0.0,0.0,,47,Wellington City,Traffic Signals,,,,,0.0,0.0,Urban,0.0,,,Fine,Null,1
66464687,,573101,0.0,,0.0,2.0,,Null,2020/2021,TORY STREET,COURTENAY PLACE,,Non-Injury Crash,No,2020,,South,,0,,Flat,,,,,,Unknown,2136000,0,0.0,0.0,2.0,,,0.0,,,,,,Wellington Region,Nil,2-way,Sealed,,0.0,0,,30.0,,Null,0.0,0.0,,47,Wellington City,Traffic Signals,,,,,0.0,0.0,Urban,0.0,,,Fine,Null,1
66464746,,573101,0.0,,0.0,2.0,,Null,2020/2021,GHUZNEE STREET,VICTORIA STREET,,Serious Crash,No,2021,,West,,0,,Flat,,,,,,Dark,2131700,0,0.0,0.0,2.0,,,0.0,,,1.0,,,Wellington Region,Nil,2-way,Sealed,,0.0,1,,30.0,,On,0.0,1.0,,47,Wellington City,Traffic Signals,,,,,0.0,0.0,Urban,0.0,,,Light rain,Null,1
66464769,,575300,1.0,,0.0,0.0,,South,2020/2021,GLASGOW STREET,RAWHITI TERRACE,,Serious Crash,No,2021,,South,,0,,Hill Road,,,,,,Overcast,2154400,0,0.0,0.0,2.0,,,0.0,,,,,,Wellington Region,Nil,2-way,Sealed,,0.0,1,,50.0,,Off,1.0,0.0,,47,Wellington City,Nil,,,,,0.0,0.0,Urban,0.0,,,Mist or Fog,Null,1
66464788,,573000,0.0,,0.0,3.0,,Null,2020/2021,JERVOIS QUAY,HUNTER STREET,,Minor Crash,No,2021,,North,,0,,Flat,,,,,,Overcast,2125900,1,0.0,0.0,3.0,,,0.0,,,,,,Wellington Region,Nil,1-way,Sealed,,0.0,0,,50.0,,Off,0.0,1.0,,47,Wellington City,Traffic Signals,,,,,0.0,0.0,Urban,0.0,,,Light rain,Strong wind,1
66464790,,573101,0.0,,0.0,2.0,,South,2020/2021,TARANAKI STREET,DIXON STREET,,Non-Injury Crash,No,2021,,South,,0,,Flat,,,,,,Overcast,2133408,0,0.0,0.0,4.0,,,0.0,,,,,,Wellington Region,Nil,2-way,Sealed,,0.0,0,,30.0,,Off,0.0,0.0,,47,Wellington City,Nil,,,,,0.0,0.0,Urban,0.0,,,Fine,Null,1
66464796,,573511,0.0,0.0,0.0,1.0,1.0,North,2020/2021,MIDDLETON ROAD,ROWELLS ROAD,,Non-Injury Crash,No,2020,0.0,North,0.0,0,0.0,Flat,0.0,,0.0,,0.0,Dark,2086502,0,0.0,0.0,2.0,0.0,0.0,0.0,0.0,0.0,,0.0,0.0,Wellington Region,Nil,2-way,Sealed,0.0,0.0,0,0.0,70.0,0.0,None,0.0,0.0,,47,Wellington City,Nil,0.0,0.0,0.0,0.0,0.0,0.0,Urban,0.0,0.0,0.0,Fine,Null,1
66464798,,573000,0.0,0.0,0.0,0.0,0.0,North,2019/2020,WILLIS STREET,GHUZNEE STREET,,Non-Injury Crash,No,2020,0.0,North,0.0,0,0.0,Flat,0.0,,0.0,,0.0,Dark,2130700,0,0.0,0.0,2.0,0.0,0.0,0.0,0.0,0.0,,1.0,0.0,Wellington Region,Nil,2-way,Sealed,1.0,0.0,0,0.0,50.0,0.0,On,1.0,0.0,10.0,47,Wellington City,Unknown,0.0,0.0,0.0,0.0,0.0,0.0,Urban,0.0,0.0,0.0,Fine,Null,1
66464826,,573000,0.0,0.0,0.0,0.0,0.0,North,2020/2021,WHITMORE STREET,WATERLOO QUAY,,Serious Crash,No,2021,0.0,South,0.0,0,0.0,Flat,0.0,,1.0,,0.0,Dark,2124300,0,0.0,0.0,7.0,0.0,0.0,0.0,0.0,0.0,,0.0,0.0,Wellington Region,Nil,2-way,Sealed,0.0,0.0,2,0.0,50.0,0.0,On,1.0,0.0,,47,Wellington City,Nil,0.0,0.0,0.0,1.0,0.0,0.0,Urban,0.0,0.0,0.0,Fine,Null,1
66464850,,573700,0.0,,0.0,1.0,,Null,2019/2020,FRASER AVENUE,JOHNSONVILLE ROAD,,Non-Injury Crash,No,2020,,South,,0,,Null,,,,,,Unknown,2083400,0,0.0,0.0,2.0,,,0.0,,,,,,Wellington Region,Nil,2-way,Sealed,,0.0,0,,,,Null,0.0,0.0,,47,Wellington City,Traffic Signals,,,,,1.0,0.0,Urban,0.0,,,Null,Null,1
66464865,,576903,0.0,,0.0,2.0,,East,2020/2021,WELLINGTON ROAD,MOXHAM AVENUE,,Non-Injury Crash,Yes,2021,,West,,0,,Flat,,,,,,Bright sun,2180400,0,0.0,0.0,2.0,,,0.0,,,,,,Wellington Region,Nil,2-way,Sealed,,0.0,0,,50.0,,Off,0.0,1.0,,47,Wellington City,Nil,,,,,0.0,0.0,Urban,0.0,,,Fine,Null,1
66464868,,573000,0.0,,1.0,0.0,,North,2019/2020,THE TERRACE,THE TERRACE OFF RAMP,,Non-Injury Crash,No,2019,,North,,0,,Flat,,,,,,Overcast,2124803,0,0.0,0.0,1.0,,,0.0,,,,,,Wellington Region,Nil,1-way,Sealed,,0.0,0,,50.0,,Off,1.0,0.0,,47,Wellington City,Traffic Signals,,,,,0.0,0.0,Urban,0.0,,,Fine,Null,0
66464874,,576903,0.0,,0.0,2.0,,Null,2019/2020,MOXHAM AVENUE,GOA STREET,,Non-Injury Crash,No,2020,,South,,0,,Flat,,,,,,Bright sun,2180700,0,0.0,0.0,2.0,,,0.0,,,,,,Wellington Region,Nil,2-way,Sealed,,0.0,0,,50.0,,Off,0.0,0.0,,47,Wellington City,Stop,,,,,0.0,0.0,Urban,0.0,,,Fine,Null,1
66464876,,574402,0.0,,0.0,1.0,,Null,2019/2020,COLLINGWOOD STREET,WAIKOWHAI STREET,,Minor Crash,No,2019,,South,,0,,Flat,,,,,,Bright sun,2097700,1,1.0,0.0,2.0,,,0.0,,,,,,Wellington Region,Nil,2-way,Sealed,,0.0,0,,50.0,,Off,0.0,0.0,,47,Wellington City,Give way,,,,,0.0,0.0,Urban,0.0,,,Fine,Null,0
66464883,,576200,0.0,0.0,0.0,4.0,0.0,West,2020/2021,BRITOMART STREET,STANLEY STREET,,Non-Injury Crash,No,2021,0.0,West,0.0,0,0.0,Hill Road,0.0,,0.0,,0.0,Twilight,2172400,0,0.0,0.0,2.0,0.0,0.0,0.0,0.0,2.0,,0.0,0.0,Wellington Region,Nil,2-way,Sealed,0.0,0.0,0,0.0,50.0,0.0,On,0.0,0.0,,47,Wellington City,Nil,0.0,0.0,0.0,0.0,0.0,0.0,Urban,0.0,0.0,0.0,Fine,Null,1
66464896,,574402,0.0,0.0,0.0,3.0,0.0,South,2019/2020,WAIKOWHAI ST,COLLINGWOOD STREET,,Non-Injury Crash,No,2019,0.0,South,0.0,0,0.0,Flat,0.0,,0.0,,0.0,Dark,2098000,0,0.0,0.0,2.0,0.0,0.0,0.0,0.0,2.0,,0.0,0.0,Wellington Region,Nil,2-way,Sealed,0.0,0.0,0,0.0,50.0,0.0,On,0.0,0.0,,47,Wellington City,Unknown,0.0,0.0,0.0,0.0,0.0,0.0,Urban,0.0,0.0,0.0,Light rain,Null,0
66464923,,574500,0.0,0.0,0.0,1.0,0.0,South,2020/2021,WELLINGTON URBAN MOTORWAY,AOTEA QUAY ON RAMP,,Non-Injury Crash,Yes,2020,0.0,North,0.0,0,0.0,Flat,1.0,,0.0,,0.0,Dark,2093600,0,0.0,0.0,4.0,0.0,0.0,0.0,0.0,0.0,,0.0,0.0,Wellington Region,Nil,1-way,Sealed,0.0,0.0,0,0.0,100.0,0.0,On,0.0,0.0,,47,Wellington City,Unknown,0.0,0.0,0.0,0.0,0.0,0.0,Open,0.0,0.0,0.0,Light rain,Null,1
66465027,,573802,0.0,1.0,0.0,1.0,0.0,South,2020/2021,JOHNSONVILLE OFF RAMP,JOHNSONVILLE PORIRUA MOTORWAY,,Non-Injury Crash,No,2020,0.0,South,0.0,0,0.0,Flat,0.0,,0.0,,0.0,Dark,2079100,0,0.0,0.0,1.0,0.0,0.0,0.0,0.0,0.0,,0.0,0.0,Wellington Region,Underpass,1-way,Sealed,0.0,0.0,0,0.0,100.0,0.0,On,0.0,0.0,,47,Wellington City,Nil,0.0,0.0,0.0,0.0,0.0,0.0,Open,0.0,0.0,0.0,Fine,Null,1
66465098,,574500,1.0,,0.0,1.0,,North,2020/2021,HUTT ROAD,WESTMINSTER STREET,,Minor Crash,No,2021,,North,,0,,Flat,,,,,,Bright sun,2093300,1,0.0,0.0,4.0,,,0.0,,,,,,Wellington Region,Nil,2-way,Sealed,,0.0,0,,60.0,,Off,0.0,0.0,,47,Wellington City,Nil,,,,,0.0,0.0,Urban,0.0,,,Fine,Null,1
66465140,,575200,0.0,,0.0,0.0,,South,2019/2020,NORTHLAND ROAD,NORTHLAND TUNNEL ROAD,,Non-Injury Crash,No,2019,,South,,0,,Flat,,,,,,Bright sun,2149800,0,0.0,0.0,2.0,,,0.0,,,,,,Wellington Region,Nil,2-way,Sealed,,0.0,0,,50.0,,Off,0.0,0.0,,47,Wellington City,Unknown,,,,,1.0,0.0,Urban,1.0,,,Fine,Null,0
66465147,,575800,0.0,0.0,0.0,2.0,0.0,South,2020/2021,QUEBEC STREET,CABOT PLACE,,Non-Injury Crash,No,2020,0.0,South,0.0,0,0.0,Hill Road,0.0,,0.0,,0.0,Overcast,2198100,0,0.0,0.0,2.0,0.0,0.0,0.0,0.0,1.0,,0.0,0.0,Wellington Region,Nil,2-way,Sealed,0.0,0.0,0,0.0,50.0,0.0,Off,0.0,0.0,,47,Wellington City,Nil,0.0,1.0,0.0,0.0,0.0,0.0,Urban,0.0,0.0,0.0,Light rain,Strong wind,1
66465149,,576800,0.0,0.0,0.0,1.0,1.0,Null,2020/2021,RAKAU ROAD,MAREWA ROAD,,Minor Crash,No,2020,0.0,South,0.0,0,0.0,Hill Road,0.0,,0.0,,0.0,Bright sun,2185200,1,0.0,0.0,2.0,0.0,0.0,0.0,0.0,0.0,,0.0,0.0,Wellington Region,Nil,2-way,Sealed,0.0,0.0,0,0.0,50.0,0.0,Off,0.0,0.0,,47,Wellington City,Give way,0.0,0.0,0.0,0.0,0.0,0.0,Urban,0.0,0.0,0.0,Fine,Null,1
66465158,,576500,0.0,,0.0,1.0,,North,2020/2021,ADELAIDE ROAD,DRUMMOND STREET,,Non-Injury Crash,No,2020,,North,,0,,Flat,,,,,,Overcast,2148201,0,0.0,0.0,2.0,,,0.0,,,,,,Wellington Region,Nil,2-way,Sealed,,0.0,0,,50.0,,Null,1.0,0.0,,47,Wellington City,Traffic Signals,,,,,0.0,0.0,Urban,0.0,,,Fine,Null,1
66465185,,574002,0.0,0.0,0.0,2.0,0.0,North,2020/2021,WELLINGTON URBAN MOTORWAY,NGAURANGA ON NBD OBR,,Non-Injury Crash,Yes,2021,0.0,South,0.0,0,0.0,Flat,1.0,,0.0,,0.0,Overcast,2078302,0,0.0,0.0,2.0,0.0,0.0,0.0,0.0,0.0,,0.0,0.0,Wellington Region,Bridge,1-way,Sealed,0.0,0.0,0,0.0,100.0,0.0,Off,0.0,0.0,,47,Wellington City,Nil,0.0,0.0,0.0,0.0,0.0,0.0,Open,0.0,0.0,0.0,Light rain,Null,1
66465233,,573525,0.0,0.0,0.0,2.0,1.0,North,2021/2022,JOHNSONVILLE PORIRUA MOTORWAY,TAWA-GRENADA NORTH OFF RAMP,,Minor Crash,Yes,2021,0.0,South,0.0,0,0.0,Flat,0.0,,0.0,,0.0,Dark,2053830,1,0.0,0.0,2.0,0.0,0.0,0.0,0.0,0.0,,0.0,0.0,Wellington Region,Nil,1-way,Sealed,0.0,0.0,0,0.0,100.0,0.0,None,0.0,0.0,,47,Wellington City,Nil,0.0,0.0,0.0,0.0,0.0,0.0,Open,1.0,0.0,0.0,Light rain,Strong wind,1
66465297,,573101,0.0,0.0,0.0,1.0,0.0,Null,2020/2021,DIXON STREET,EGMONT STREET,,Non-Injury Crash,No,2021,0.0,West,0.0,0,0.0,Null,0.0,,0.0,,0.0,Unknown,2133408,0,0.0,0.0,2.0,0.0,0.0,0.0,0.0,1.0,,0.0,0.0,Wellington Region,Nil,1-way,Sealed,0.0,0.0,0,0.0,30.0,0.0,Null,0.0,0.0,,47,Wellington City,Nil,0.0,0.0,0.0,0.0,0.0,0.0,Urban,1.0,0.0,0.0,Null,Null,1
66465351,,573526,0.0,0.0,0.0,1.0,0.0,South,2020/2021,HOROKIWI ROAD,LINCOLNSHIRE ROAD,,Minor Crash,No,2021,0.0,South,0.0,0,0.0,Flat,0.0,,0.0,,0.0,Bright sun,2086403,1,0.0,0.0,2.0,0.0,0.0,0.0,1.0,0.0,,0.0,0.0,Wellington Region,Nil,2-way,Sealed,0.0,0.0,0,0.0,100.0,0.0,None,0.0,0.0,,47,Wellington City,Nil,0.0,0.0,0.0,1.0,0.0,0.0,Open,0.0,0.0,0.0,Fine,Null,1
66465366,,576500,0.0,0.0,0.0,1.0,0.0,East,2019/2020,MEIN STREET,COROMANDEL STREET,,Non-Injury Crash,No,2020,0.0,West,0.0,0,0.0,Hill Road,0.0,,0.0,,0.0,Bright sun,2149000,0,0.0,0.0,2.0,0.0,0.0,0.0,0.0,1.0,,0.0,0.0,Wellington Region,Nil,2-way,Sealed,0.0,0.0,0,0.0,40.0,0.0,Null,0.0,0.0,,47,Wellington City,Nil,0.0,0.0,0.0,0.0,0.0,0.0,Urban,1.0,0.0,0.0,Fine,Null,1
66465389,,572900,0.0,0.0,0.0,0.0,0.0,North,2020/2021,MURPHY STREET OFF RAMP,MURPHY STREET,,Serious Crash,No,2020,0.0,South,0.0,0,0.0,Hill Road,1.0,,0.0,,0.0,Twilight,2118500,0,0.0,1.0,1.0,0.0,0.0,0.0,0.0,0.0,,0.0,0.0,Wellington Region,Motorway ramp,1-way,Sealed,0.0,0.0,1,0.0,100.0,0.0,On,0.0,0.0,,47,Wellington City,Nil,0.0,1.0,0.0,0.0,0.0,0.0,Open,0.0,0.0,0.0,Fine,Null,1
66465409,,573101,0.0,,0.0,2.0,,Null,2019/2020,CABLE STREET,TARANAKI STREET,,Non-Injury Crash,No,2020,,South,,0,,Flat,,,,,,Dark,2133000,0,0.0,0.0,3.0,,,0.0,,,,,,Wellington Region,Nil,1-way,Sealed,,0.0,0,,50.0,,On,0.0,1.0,,47,Wellington City,Traffic Signals,,,,,0.0,0.0,Urban,0.0,,,Light rain,Null,1
66465430,,572900,1.0,,0.0,1.0,,North,2020/2021,THORNDON QUAY,GATEWAY LANE,,Minor Crash,No,2021,,South,,0,,Flat,,,,,,Bright sun,2122700,1,0.0,0.0,2.0,,,0.0,,,,,,Wellington Region,Nil,2-way,Sealed,,0.0,0,,50.0,,Off,0.0,0.0,,47,Wellington City,Nil,,,,,0.0,0.0,Urban,0.0,,,Fine,Null,1
66465431,,572900,1.0,,0.0,1.0,,West,2019/2020,BUNNY STREET,WATERLOO QUAY,,Minor Crash,No,2020,,East,,0,,Flat,,,,,,Twilight,2122700,1,0.0,0.0,1.0,,,0.0,,,,,,Wellington Region,Nil,1-way,Sealed,,0.0,0,,30.0,,On,0.0,0.0,,47,Wellington City,Nil,,,,,0.0,0.0,Urban,0.0,,,Light rain,Strong wind,1
66465433,,573300,0.0,0.0,0.0,1.0,0.0,Null,2021/2022,TASMAN STREET,TAINUI TERRACE,,Non-Injury Crash,No,2021,0.0,North,0.0,0,1.0,Hill Road,0.0,,0.0,,0.0,Dark,2146000,0,0.0,0.0,2.0,0.0,0.0,0.0,0.0,0.0,,0.0,0.0,Wellington Region,Nil,2-way,Sealed,0.0,0.0,0,0.0,50.0,0.0,On,0.0,0.0,,47,Wellington City,Nil,0.0,0.0,0.0,0.0,0.0,0.0,Urban,0.0,0.0,0.0,Fine,Strong wind,1
66465511,,573000,0.0,,0.0,3.0,,North,2021/2022,WELLINGTON URBAN MOTORWAY,SOUTH PORTAL,,Minor Crash,Yes,2022,,South,,0,,Flat,,,,,,Overcast,2130600,3,0.0,0.0,3.0,,,0.0,,,,,,Wellington Region,Tunnel,2-way,Sealed,,0.0,0,,80.0,,On,0.0,0.0,,47,Wellington City,Nil,,,,,0.0,0.0,Open,1.0,,,Heavy rain,Null,0
66465521,,572500,0.0,,0.0,1.0,,North,2020/2021,MAIN ROAD,SUNRISE BOULEVARD,,Serious Crash,No,2020,,West,,0,,Flat,,,,,,Bright sun,1986300,0,0.0,0.0,2.0,,,0.0,,,1.0,,,Wellington Region,Nil,2-way,Sealed,,0.0,1,,50.0,,Off,0.0,0.0,,47,Wellington City,Nil,,,,,0.0,0.0,Urban,1.0,,,Fine,Null,1
66465597,,577700,0.0,0.0,0.0,1.0,1.0,East,2020/2021,OHARIU VALLEY ROAD,RIFLE RANGE ROAD,,Non-Injury Crash,No,2020,0.0,North,0.0,0,0.0,Hill Road,0.0,,0.0,,0.0,Dark,2117003,0,0.0,0.0,2.0,0.0,0.0,0.0,0.0,0.0,,0.0,0.0,Wellington Region,Nil,2-way,Sealed,0.0,0.0,0,0.0,50.0,0.0,Off,0.0,0.0,,47,Wellington City,Nil,0.0,0.0,0.0,0.0,0.0,0.0,Urban,0.0,0.0,0.0,Light rain,Null,1
66465611,,573600,0.0,,0.0,3.0,,North,2020/2021,MIDDLETON ROAD,BURDENDALE GROVE,,Non-Injury Crash,No,2020,,North,,0,,Hill Road,,,,,,Overcast,2081000,0,0.0,0.0,2.0,,,0.0,,,,,,Wellington Region,Nil,2-way,Sealed,,0.0,0,,50.0,,Off,0.0,0.0,,47,Wellington City,Nil,,,,,0.0,0.0,Urban,0.0,,,Fine,Null,1
66465678,,574001,0.0,0.0,0.0,2.0,0.0,South,2020/2021,KENMORE STREET,BAYLANDS DRIVE,,Non-Injury Crash,No,2020,0.0,West,0.0,0,0.0,Hill Road,0.0,,0.0,,0.0,Bright sun,2077400,0,0.0,0.0,2.0,0.0,0.0,0.0,0.0,1.0,,0.0,0.0,Wellington Region,Nil,2-way,Sealed,0.0,0.0,0,0.0,50.0,0.0,Off,0.0,0.0,,47,Wellington City,Nil,0.0,0.0,0.0,0.0,0.0,0.0,Urban,0.0,0.0,0.0,Fine,Null,1
66465719,,573522,0.0,0.0,0.0,1.0,0.0,North,2020/2021,JOHNSONVILLE PORIRUA MOTORWAY,TAKAPU RD UPASS NBD,,Non-Injury Crash,Yes,2020,0.0,North,0.0,0,0.0,Flat,1.0,,0.0,,0.0,Dark,2053703,0,0.0,0.0,2.0,0.0,0.0,0.0,0.0,0.0,,0.0,0.0,Wellington Region,Nil,1-way,Sealed,0.0,0.0,0,0.0,100.0,0.0,On,0.0,0.0,,47,Wellington City,Nil,0.0,0.0,0.0,0.0,0.0,0.0,Open,0.0,0.0,0.0,Heavy rain,Null,1
66465729,,573200,0.0,,0.0,1.0,,Null,2020/2021,OHIRO ROAD,TANERA CRESCENT,,Minor Crash,No,2021,,North,,0,,Hill Road,,,,,,Bright sun,2159300,1,0.0,0.0,2.0,,,0.0,,,,,,Wellington Region,Nil,2-way,Sealed,,0.0,0,,50.0,,Off,0.0,0.0,,47,Wellington City,Nil,,,,,0.0,0.0,Urban,1.0,,,Fine,Null,1
66465763,,573000,0.0,,0.0,1.0,,South,2019/2020,WELLINGTON URBAN MOTORWAY,NORTH PORTAL NBD,,Non-Injury Crash,Yes,2020,,North,,0,,Flat,,,,,,Unknown,2126900,0,0.0,0.0,3.0,,,0.0,,,,,,Wellington Region,Tunnel,2-way,Sealed,,0.0,0,,100.0,,Null,0.0,0.0,,47,Wellington City,Nil,,,,,0.0,0.0,Open,1.0,,,Fine,Null,1
66465777,,576302,0.0,,0.0,1.0,,Null,2020/2021,EDINBURGH TERRACE,RUSSELL TERRACE,,Non-Injury Crash,No,2020,,East,,0,,Flat,,,,,,Dark,2166500,0,0.0,0.0,2.0,,,0.0,,,,,,Wellington Region,Nil,2-way,Sealed,,0.0,0,,50.0,,On,1.0,1.0,,47,Wellington City,Give way,,,,,0.0,0.0,Urban,0.0,,,Heavy rain,Strong wind,1
66465785,,572600,0.0,,0.0,0.0,,North,2020/2021,MAIN ROAD,ESSEX STREET,,Minor Crash,No,2020,,North,,0,,Flat,,,,,,Bright sun,1992000,1,0.0,0.0,2.0,,,0.0,,,1.0,,,Wellington Region,Nil,2-way,Sealed,,0.0,0,,50.0,,Off,0.0,0.0,,47,Wellington City,Nil,,,,,0.0,0.0,Urban,0.0,,,Fine,Null,1
66465809,,573101,0.0,0.0,0.0,0.0,0.0,Null,2019/2020,COURTENAY PLACE,TORY STREET,,Non-Injury Crash,No,2020,0.0,West,0.0,0,0.0,Null,0.0,,0.0,,0.0,Unknown,2136000,0,0.0,0.0,2.0,0.0,0.0,0.0,0.0,1.0,,0.0,0.0,Wellington Region,Nil,2-way,Sealed,0.0,0.0,0,0.0,30.0,0.0,Null,1.0,0.0,,47,Wellington City,Traffic Signals,0.0,0.0,0.0,0.0,0.0,0.0,Urban,0.0,0.0,0.0,Null,Null,1
66465810,,576901,0.0,,0.0,0.0,,Null,2019/2020,COBHAM DRIVE,TROY STREET ,,Non-Injury Crash,Yes,2020,,West,,0,,Flat,,,,,,Overcast,2176800,0,0.0,0.0,2.0,,,0.0,,,,,,Wellington Region,Nil,1-way,Sealed,,0.0,0,,70.0,,Off,0.0,0.0,,47,Wellington City,Give way,,,,,0.0,0.0,Urban,1.0,,,Light rain,Strong wind,1
66465913,,573101,0.0,0.0,0.0,1.0,0.0,North,2019/2020,WILLIS STREET,ELLERS AVENUE,,Non-Injury Crash,No,2020,0.0,South,0.0,0,0.0,Flat,0.0,,0.0,,0.0,Twilight,2131300,0,0.0,0.0,2.0,0.0,0.0,0.0,0.0,1.0,,0.0,0.0,Wellington Region,Nil,2-way,Sealed,0.0,0.0,0,0.0,20.0,0.0,Off,0.0,0.0,,47,Wellington City,Unknown,0.0,0.0,0.0,0.0,0.0,0.0,Urban,0.0,0.0,0.0,Heavy rain,Null,1
66465947,,574701,0.0,0.0,0.0,1.0,0.0,South,2021/2022,CHURCHILL DRIVE,SILVERSTREAM ROAD,,Minor Crash,No,2021,0.0,North,0.0,0,1.0,Hill Road,0.0,,0.0,,0.0,Overcast,2097900,1,0.0,0.0,2.0,0.0,0.0,0.0,0.0,0.0,,0.0,0.0,Wellington Region,Nil,2-way,Sealed,0.0,0.0,0,0.0,50.0,0.0,Off,0.0,0.0,,47,Wellington City,Nil,0.0,0.0,0.0,0.0,0.0,0.0,Urban,0.0,0.0,0.0,Fine,Null,1
66466018,,574002,0.0,,0.0,1.0,,South,2019/2020,WELLINGTON URBAN MOTORWAY,NGAURANGA ON NBD OBR,,Non-Injury Crash,Yes,2020,,North,,0,,Flat,,,,,,Overcast,2078302,0,0.0,0.0,2.0,,,0.0,,,,,,Wellington Region,Nil,1-way,Sealed,,0.0,0,,60.0,,Off,1.0,0.0,,47,Wellington City,Unknown,,,,,0.0,0.0,Urban,0.0,,,Fine,Null,1
66466086,,573101,0.0,,0.0,2.0,,Null,2021/2022,TARANAKI STREET,VIVIAN STREET,,Minor Crash,No,2021,,South,,0,,Flat,,,,,,Dark,2133800,1,0.0,0.0,2.0,,,0.0,,,,,,Wellington Region,Nil,1-way,Sealed,,0.0,0,,50.0,,On,0.0,0.0,,47,Wellington City,Traffic Signals,,,,,0.0,0.0,Urban,0.0,,,Light rain,Null,1
66466094,,573600,0.0,,0.0,1.0,,Null,2020/2021,MIDDLETON ROAD,HELSTON ROAD,,Non-Injury Crash,No,2020,,South,,0,,Flat,,,,,,Unknown,2081200,0,0.0,1.0,2.0,,,0.0,,,,,,Wellington Region,Nil,2-way,Sealed,,0.0,0,,50.0,,Off,0.0,0.0,,47,Wellington City,Give way,,,,,0.0,0.0,Urban,0.0,,,Null,Null,1
66466096,,573525,0.0,0.0,0.0,1.0,0.0,North,2019/2020,01N-1050/06.30-I,TAWA-GRENADA NORTH OFF RAMP,,Serious Crash,Yes,2019,0.0,South,0.0,0,0.0,Flat,1.0,,0.0,,0.0,Dark,2053830,1,0.0,0.0,4.0,0.0,0.0,0.0,0.0,0.0,,0.0,0.0,Wellington Region,Nil,2-way,Sealed,0.0,0.0,1,0.0,100.0,0.0,On,0.0,0.0,,47,Wellington City,Unknown,0.0,0.0,0.0,0.0,0.0,0.0,Open,1.0,1.0,0.0,Fine,Null,0
66466113,,573101,0.0,0.0,0.0,2.0,0.0,Null,2020/2021,WILLIS STREET,BOULCOTT STREET,,Non-Injury Crash,No,2020,0.0,South,0.0,0,0.0,Flat,0.0,,0.0,,0.0,Overcast,2131300,0,0.0,0.0,2.0,0.0,0.0,0.0,0.0,1.0,,0.0,0.0,Wellington Region,Nil,2-way,Sealed,0.0,0.0,0,0.0,30.0,0.0,Off,0.0,0.0,,47,Wellington City,Traffic Signals,0.0,0.0,0.0,0.0,0.0,0.0,Urban,0.0,0.0,0.0,Fine,Null,1