OBJECTID,advisorySpeed,areaUnitID,bicycle,bridge,bus,carStationWagon,cliffBank,crashDirectionDescription,crashFinancialYear,crashLocation1,crashLocation2,crashRoadSideRoad,crashSeverity,crashSHDescription,crashYear,debris,directionRoleDescription,ditch,fatalCount,fence,flatHill,guardRail,holiday,houseOrBuilding,intersection,kerb,light,meshblockId,minorInjuryCount,moped,motorcycle,NumberOfLanes,objectThrownOrDropped,otherObject,otherVehicleType,overBank,parkedVehicle,pedestrian,phoneBoxEtc,postOrPole,region,roadCharacter,roadLane,roadSurface,roadworks,schoolBus,seriousInjuryCount,slipOrFlood,speedLimit,strayAnimal,streetLight,suv,taxi,temporarySpeedLimit,tlaId,tlaName,trafficControl,trafficIsland,trafficSign,train,tree,truck,unknownVehicleType,urban,vanOrUtility,vehicle,waterRiver,weatherA,weatherB,if_pandemic
66466120,,577000,0.0,,0.0,2.0,,Null,2019/2020,QUEENS DRIVE,TAVISTOCK ROAD,,Non-Injury Crash,No,2019,,North,,0,,Null,,,,,,Dark,2173600,0,0.0,0.0,2.0,,,0.0,,,,,,Wellington Region,Nil,2-way,Sealed,,0.0,0,,50.0,,Null,0.0,0.0,,47,Wellington City,Stop,,,,,0.0,0.0,Urban,0.0,,,Null,Null,0
66466121,,575000,0.0,,0.0,1.0,,Null,2020/2021,KARORI ROAD,STANDEN STREET,,Non-Injury Crash,No,2020,,North,,0,,Null,,,,,,Unknown,2111000,0,0.0,0.0,2.0,,,0.0,,,,,,Wellington Region,Nil,2-way,Sealed,,0.0,0,,50.0,,Null,0.0,0.0,,47,Wellington City,Traffic Signals,,,,,0.0,0.0,Urban,0.0,,,Null,Null,1
66466127,,573101,0.0,0.0,0.0,1.0,0.0,Null,2020/2021,KENT TERRACE,ELIZABETH STREET,,Non-Injury Crash,No,2020,0.0,South,0.0,0,0.0,Flat,0.0,,0.0,,0.0,Overcast,2136200,0,0.0,0.0,3.0,0.0,0.0,0.0,0.0,1.0,,0.0,0.0,Wellington Region,Nil,1-way,Sealed,0.0,0.0,0,0.0,50.0,0.0,Off,0.0,0.0,,47,Wellington City,Traffic Signals,0.0,0.0,0.0,0.0,0.0,0.0,Urban,1.0,0.0,0.0,Light rain,Null,1
66466140,,576903,0.0,,0.0,2.0,,South,2020/2021,MOXHAM AVENUE,RAUPO STREET,,Non-Injury Crash,No,2020,,North,,0,,Flat,,,,,,Bright sun,2180700,0,0.0,0.0,2.0,,,0.0,,,,,,Wellington Region,Nil,2-way,Sealed,,0.0,0,,50.0,,Off,0.0,2.0,,47,Wellington City,Nil,,,,,0.0,0.0,Urban,0.0,,,Fine,Null,1
66466150,,577301,0.0,0.0,0.0,1.0,0.0,West,2020/2021,MANUKA STREET,WEKA STREET,,Non-Injury Crash,No,2020,0.0,South,0.0,0,0.0,Flat,0.0,,0.0,,0.0,Bright sun,2202800,0,0.0,0.0,2.0,0.0,0.0,0.0,0.0,1.0,,0.0,0.0,Wellington Region,Nil,2-way,Sealed,0.0,0.0,0,0.0,50.0,0.0,Off,0.0,0.0,,47,Wellington City,Nil,0.0,0.0,0.0,0.0,0.0,0.0,Urban,1.0,0.0,0.0,Fine,Null,1
66466202,,574100,0.0,0.0,0.0,1.0,0.0,Null,2020/2021,BURMA ROAD,HAUMIA STREET,,Non-Injury Crash,No,2020,0.0,South,0.0,0,1.0,Flat,0.0,,0.0,,0.0,Dark,2083900,0,0.0,0.0,2.0,0.0,0.0,0.0,0.0,0.0,,0.0,0.0,Wellington Region,Nil,2-way,Sealed,0.0,0.0,0,0.0,50.0,0.0,On,0.0,0.0,,47,Wellington City,Give way,0.0,1.0,0.0,1.0,0.0,0.0,Urban,0.0,0.0,0.0,Fine,Strong wind,1
66466218,,575902,0.0,,0.0,1.0,,West,2020/2021,MURCHISON STREET,DOMANSKI CRESCENT,,Minor Crash,No,2020,,North,,0,,Hill Road,,,,,,Overcast,2187404,1,0.0,0.0,2.0,,,0.0,,,,,,Wellington Region,Nil,2-way,Sealed,,0.0,0,,50.0,,On,0.0,0.0,,47,Wellington City,Nil,,,,,0.0,0.0,Urban,0.0,,,Fine,Null,1
66466231,,574600,0.0,0.0,0.0,1.0,0.0,West,2020/2021,GRANT ROAD,ORCHARD STREET,,Non-Injury Crash,No,2020,0.0,East,0.0,0,0.0,Hill Road,0.0,,0.0,,0.0,Dark,2099600,0,0.0,0.0,2.0,0.0,0.0,0.0,0.0,1.0,,0.0,0.0,Wellington Region,Nil,2-way,Sealed,0.0,0.0,0,0.0,50.0,0.0,On,1.0,0.0,30.0,47,Wellington City,Nil,0.0,0.0,0.0,0.0,0.0,0.0,Urban,0.0,0.0,0.0,Light rain,Null,1
66466238,,577700,0.0,0.0,0.0,0.0,0.0,Null,2021/2022,OFFROAD CARPARK,,,Minor Crash,No,2022,0.0,North,0.0,0,0.0,Flat,0.0,,0.0,,0.0,Dark,2116801,1,0.0,0.0,,0.0,0.0,0.0,1.0,0.0,,0.0,0.0,Wellington Region,Nil,Off road,Unsealed,0.0,0.0,0,0.0,,0.0,None,0.0,0.0,,47,Wellington City,Nil,0.0,0.0,0.0,0.0,0.0,0.0,Urban,1.0,0.0,0.0,Fine,Strong wind,0
66466295,,573101,0.0,,0.0,1.0,,Null,2020/2021,ARTHUR STREET,TARANAKI STREET,,Non-Injury Crash,Yes,2020,,North,,0,,Flat,,,,,,Unknown,2134700,0,0.0,0.0,5.0,,,0.0,,,,,,Wellington Region,Nil,2-way,Sealed,,0.0,0,,50.0,,Off,1.0,0.0,,47,Wellington City,Traffic Signals,,,,,0.0,0.0,Urban,0.0,,,Null,Null,1
66466329,,573300,0.0,0.0,0.0,2.0,0.0,West,2020/2021,HOWARD STREET,TASMAN STREET,,Non-Injury Crash,No,2020,0.0,East,0.0,0,0.0,Null,0.0,,0.0,,0.0,Unknown,2147100,0,0.0,0.0,2.0,0.0,0.0,0.0,0.0,1.0,,0.0,0.0,Wellington Region,Nil,2-way,Sealed,0.0,0.0,0,0.0,50.0,0.0,Null,0.0,0.0,,47,Wellington City,Unknown,0.0,0.0,0.0,0.0,0.0,0.0,Urban,0.0,0.0,0.0,Null,Null,1
66466335,,573101,0.0,,0.0,1.0,,Null,2020/2021,VICTORIA STREET,MERCER STREET,,Minor Crash,No,2021,,South,,0,,Flat,,,,,,Bright sun,2130900,1,0.0,0.0,2.0,,,0.0,,,1.0,,,Wellington Region,Nil,1-way,Sealed,,0.0,0,,30.0,,Off,0.0,0.0,,47,Wellington City,Traffic Signals,,,,,0.0,0.0,Urban,0.0,,,Fine,Null,1
66466353,,573000,0.0,,0.0,2.0,,North,2020/2021,WELLINGTON URBAN MOTORWAY,EVERTON OBR,,Non-Injury Crash,Yes,2020,,South,,0,,Flat,,,,,,Overcast,2126403,0,0.0,0.0,1.0,,,0.0,,,,,,Wellington Region,Nil,1-way,Sealed,,0.0,0,,60.0,,Off,0.0,0.0,,47,Wellington City,Unknown,,,,,0.0,0.0,Urban,0.0,,,Fine,Null,1
66466372,,572900,0.0,0.0,0.0,1.0,0.0,South,2019/2020,HUTT ROAD,AOTEA QUAY,,Non-Injury Crash,No,2020,0.0,South,0.0,0,0.0,Flat,1.0,,0.0,,0.0,Dark,2117102,0,0.0,0.0,3.0,0.0,0.0,0.0,0.0,0.0,,0.0,0.0,Wellington Region,Underpass,2-way,Sealed,0.0,0.0,0,0.0,60.0,0.0,On,0.0,0.0,,47,Wellington City,Nil,0.0,0.0,0.0,0.0,0.0,0.0,Urban,0.0,0.0,0.0,Light rain,Null,1
66466406,,573000,0.0,0.0,0.0,1.0,0.0,Null,2020/2021,DIXON STREET,WILLIS STREET,,Non-Injury Crash,No,2020,0.0,West,0.0,0,0.0,Hill Road,0.0,,0.0,,0.0,Dark,2129100,0,0.0,0.0,2.0,0.0,0.0,0.0,0.0,1.0,,0.0,0.0,Wellington Region,Nil,2-way,Sealed,0.0,0.0,0,0.0,50.0,0.0,On,0.0,0.0,,47,Wellington City,Traffic Signals,0.0,0.0,0.0,0.0,0.0,0.0,Urban,1.0,0.0,0.0,Fine,Null,1
66466448,,573101,0.0,,0.0,1.0,,North,2019/2020,CUBA STREET,ARTHUR STREET,,Minor Crash,No,2020,,North,,0,,Flat,,,,,,Bright sun,2132600,1,0.0,0.0,2.0,,,0.0,,,1.0,,,Wellington Region,Nil,2-way,Sealed,,0.0,0,,50.0,,Off,0.0,0.0,,47,Wellington City,Nil,,,,,0.0,0.0,Urban,0.0,,,Fine,Null,1
66466463,,577302,1.0,,0.0,1.0,,Null,2020/2021,TAUHINU ROAD,MIRAMAR AVENUE,,Minor Crash,No,2020,,South,,0,,Flat,,,,,,Bright sun,2206004,1,0.0,0.0,2.0,,,0.0,,,,,,Wellington Region,Nil,2-way,Sealed,,0.0,0,,50.0,,Off,0.0,0.0,,47,Wellington City,Give way,,,,,0.0,0.0,Urban,0.0,,,Fine,Null,1
66466477,,574001,0.0,0.0,0.0,3.0,0.0,North,2020/2021,BLACK ROCK ROAD,OMEGA STREET,,Non-Injury Crash,No,2021,0.0,West,0.0,0,0.0,Flat,0.0,,0.0,,0.0,Twilight,2076900,0,0.0,0.0,2.0,0.0,0.0,0.0,0.0,1.0,,0.0,0.0,Wellington Region,Nil,2-way,Sealed,0.0,0.0,0,0.0,50.0,0.0,Off,0.0,0.0,,47,Wellington City,Nil,0.0,0.0,0.0,0.0,0.0,0.0,Urban,0.0,0.0,0.0,Fine,Null,1
66466486,,573903,0.0,0.0,0.0,1.0,0.0,South,2020/2021,STEWART DRIVE,TED GILBERD PLACE,,Non-Injury Crash,No,2020,0.0,South,0.0,0,0.0,Hill Road,0.0,,0.0,,0.0,Overcast,2074302,0,0.0,0.0,2.0,0.0,0.0,0.0,0.0,1.0,,0.0,0.0,Wellington Region,Nil,2-way,Sealed,0.0,0.0,0,0.0,50.0,0.0,Off,0.0,0.0,,47,Wellington City,Nil,0.0,0.0,0.0,0.0,0.0,0.0,Urban,1.0,0.0,0.0,Mist or Fog,Null,1
66466491,,573000,0.0,,1.0,0.0,,Null,2020/2021,WILLIS STREET,WILLESTON STREET,,Serious Crash,No,2020,,South,,0,,Flat,,,,,,Bright sun,2127400,0,0.0,0.0,3.0,,,0.0,,,1.0,,,Wellington Region,Nil,2-way,Sealed,,0.0,1,,30.0,,Off,0.0,0.0,,47,Wellington City,Traffic Signals,,,,,0.0,0.0,Urban,0.0,,,Fine,Null,1
66466511,,572900,0.0,0.0,0.0,0.0,0.0,North,2020/2021,HUTT ROAD,SAR STREET,,Non-Injury Crash,No,2020,0.0,North,0.0,0,1.0,Flat,0.0,,0.0,,0.0,Bright sun,2117102,0,0.0,0.0,3.0,0.0,0.0,0.0,0.0,0.0,,1.0,1.0,Wellington Region,Nil,2-way,Sealed,0.0,0.0,0,0.0,50.0,0.0,Off,0.0,0.0,,47,Wellington City,Nil,0.0,0.0,0.0,0.0,0.0,0.0,Urban,1.0,0.0,0.0,Fine,Null,1
66466512,,574500,0.0,,0.0,1.0,,North,2019/2020,01N-1068-D,AOTEA QUAY ON RAMP,,Serious Crash,Yes,2019,,North,,0,,Flat,,,,,,Overcast,2093400,0,0.0,1.0,4.0,,,0.0,,,,,,Wellington Region,Nil,1-way,Sealed,,0.0,1,,100.0,,Off,0.0,0.0,,47,Wellington City,Unknown,,,,,1.0,0.0,Open,0.0,,,Fine,Null,0
66466531,35.0,576903,0.0,,0.0,2.0,,Null,2020/2021,RUAHINE STREET,WELLINGTON ROAD,,Non-Injury Crash,Yes,2020,,North,,0,,Hill Road,,,,,,Overcast,2180400,0,0.0,0.0,2.0,,,0.0,,,,,,Wellington Region,Nil,2-way,Sealed,,0.0,0,,50.0,,On,0.0,0.0,,47,Wellington City,Give way,,,,,0.0,0.0,Urban,0.0,,,Fine,Null,1
66466559,,575600,1.0,,0.0,1.0,,Null,2020/2021,OHIRO ROAD,BROOKLYN ROAD,,Minor Crash,No,2021,,North,,0,,Hill Road,,,,,,Overcast,2161900,1,0.0,0.0,2.0,,,0.0,,,,,,Wellington Region,Nil,2-way,Sealed,,0.0,0,,50.0,,Off,0.0,0.0,,47,Wellington City,Give way,,,,,0.0,0.0,Urban,0.0,,,Fine,Null,1
66466580,,576002,0.0,,0.0,2.0,,Null,2019/2020,THE PARADE,MEDWAY STREET,,Non-Injury Crash,No,2020,,South,,0,,Flat,,,,,,Bright sun,2190400,0,0.0,0.0,2.0,,,0.0,,,,,,Wellington Region,Nil,2-way,Sealed,,0.0,0,,30.0,,Off,0.0,0.0,,47,Wellington City,Nil,,,,,0.0,0.0,Urban,0.0,,,Fine,Null,1
66466626,,573514,0.0,0.0,0.0,1.0,0.0,South,2020/2021,JOHNSONVILLE PORIRUA MOTORWAY,CHURTON PARK-GLENSIDE OFF RAMP,,Non-Injury Crash,Yes,2020,0.0,North,0.0,0,0.0,Flat,1.0,,0.0,,0.0,Dark,2086204,0,0.0,0.0,2.0,0.0,0.0,0.0,0.0,0.0,,0.0,0.0,Wellington Region,Nil,1-way,Sealed,0.0,0.0,0,0.0,100.0,0.0,On,0.0,0.0,,47,Wellington City,Nil,0.0,0.0,0.0,0.0,0.0,0.0,Open,0.0,0.0,0.0,Fine,Null,1
66466630,,573000,0.0,,1.0,1.0,,Null,2020/2021,WHITMORE STREET,CUSTOMHOUSE QUAY,,Non-Injury Crash,No,2020,,North,,0,,Flat,,,,,,Twilight,2125100,0,0.0,0.0,6.0,,,0.0,,,,,,Wellington Region,Nil,2-way,Sealed,,0.0,0,,50.0,,On,0.0,1.0,,47,Wellington City,Traffic Signals,,,,,0.0,0.0,Urban,0.0,,,Fine,Null,1
66466712,,576800,1.0,,0.0,1.0,,South,2019/2020,EVANS BAY PARADE,RATA ROAD,,Non-Injury Crash,No,2019,,North,,0,,Null,,,,,,Bright sun,2183100,0,0.0,0.0,2.0,,,0.0,,,,,,Wellington Region,Nil,2-way,Sealed,,0.0,0,,50.0,,Off,0.0,0.0,,47,Wellington City,Nil,,,,,0.0,0.0,Urban,0.0,,,Null,Null,0
66466726,,576400,0.0,0.0,0.0,1.0,0.0,North,2020/2021,DANIELL STREET,WILSON STREET,,Non-Injury Crash,No,2020,0.0,Null,0.0,0,0.0,Null,0.0,,0.0,,0.0,Unknown,2167200,0,0.0,0.0,2.0,0.0,0.0,0.0,0.0,1.0,,0.0,0.0,Wellington Region,Nil,2-way,Null,0.0,0.0,0,0.0,40.0,0.0,Null,0.0,0.0,,47,Wellington City,Nil,0.0,0.0,0.0,0.0,0.0,1.0,Urban,0.0,0.0,0.0,Null,Null,1
66466728,,573903,0.0,,0.0,2.0,,Null,2019/2020,NEWLANDS ROAD,WAKELY ROAD,,Non-Injury Crash,No,2019,,West,,0,,Null,,,,,,Unknown,2075103,0,0.0,0.0,2.0,,,0.0,,,,,,Wellington Region,Nil,2-way,Sealed,,0.0,0,,50.0,,Null,0.0,0.0,,47,Wellington City,Give way,,,,,0.0,0.0,Urban,0.0,,,Null,Null,0
66466736,,573000,0.0,,0.0,2.0,,North,2019/2020,WELLINGTON URBAN MOTORWAY,NORTH PORTAL SBD,,Non-Injury Crash,Yes,2019,,South,,0,,Flat,,,,,,Bright sun,2126700,0,0.0,0.0,3.0,,,0.0,,,,,,Wellington Region,Tunnel,2-way,Sealed,,0.0,0,,80.0,,Off,0.0,0.0,,47,Wellington City,Nil,,,,,0.0,0.0,Open,0.0,,,Fine,Null,0
66466776,,573000,0.0,,0.0,1.0,,North,2019/2020,WHITMORE STREET,CUSTOMHOUSE QUAY,,Non-Injury Crash,No,2020,,North,,0,,Flat,,,,,,Bright sun,2124300,0,0.0,0.0,5.0,,,0.0,,,,,,Wellington Region,Nil,2-way,Sealed,,0.0,0,,50.0,,Off,1.0,1.0,,47,Wellington City,Nil,,,,,0.0,0.0,Urban,0.0,,,Fine,Null,1
66466783,,574002,0.0,,0.0,2.0,,Null,2020/2021,CENTENNIAL HIGHWAY,CENTENNIAL HIGHWAY ON RAMP,,Non-Injury Crash,Yes,2020,,West,,0,,Hill Road,,,,,,Bright sun,2078302,0,0.0,0.0,3.0,,,0.0,,,,,,Wellington Region,Nil,1-way,Sealed,,0.0,0,,80.0,,Off,0.0,0.0,,47,Wellington City,Nil,,,,,0.0,0.0,Open,0.0,,,Fine,Null,1
66466806,,573101,0.0,,0.0,1.0,,Null,2020/2021,OFF ROAD Z SERVICE STATION,,,Minor Crash,No,2020,,East,,0,,Flat,,,,,,Bright sun,2131800,1,0.0,0.0,,,,0.0,,,1.0,,,Wellington Region,Nil,Off road,Sealed,,0.0,0,,10.0,,Off,0.0,0.0,,47,Wellington City,Nil,,,,,0.0,0.0,Urban,0.0,,,Fine,Null,1
66466811,,576400,0.0,0.0,0.0,1.0,0.0,North,2020/2021,MANCHESTER STREET,CAPRERA STREET,,Non-Injury Crash,No,2021,0.0,North,0.0,0,0.0,Hill Road,0.0,,0.0,,0.0,Unknown,2170901,0,0.0,0.0,2.0,0.0,0.0,0.0,0.0,1.0,,0.0,0.0,Wellington Region,Nil,2-way,Sealed,0.0,0.0,0,0.0,50.0,0.0,Null,0.0,0.0,,47,Wellington City,Nil,0.0,0.0,0.0,0.0,0.0,1.0,Urban,0.0,0.0,0.0,Null,Null,1
66466882,,574002,0.0,,0.0,1.0,,North,2019/2020,HUTT ROAD,HUTT ROAD ON RAMP,,Non-Injury Crash,Yes,2020,,North,,0,,Flat,,,,,,Overcast,2078302,0,0.0,0.0,4.0,,,0.0,,,,,,Wellington Region,Nil,2-way,Sealed,,0.0,0,,100.0,,Off,1.0,0.0,,47,Wellington City,Unknown,,,,,0.0,0.0,Open,0.0,,,Light rain,Null,1
66466946,,573522,0.0,,0.0,2.0,,Null,2019/2020,TAKAPU ROAD,TAWA-GRENADA NORTH OFF RAMP,,Non-Injury Crash,No,2020,,South,,0,,Flat,,,,,,Overcast,2053703,0,0.0,0.0,2.0,,,0.0,,,,,,Wellington Region,Motorway ramp,2-way,Sealed,,0.0,0,,50.0,,Off,0.0,0.0,,47,Wellington City,Stop,,,,,0.0,0.0,Urban,0.0,,,Fine,Null,1
66466947,,574002,0.0,,0.0,2.0,,South,2020/2021,HUTT ROAD ON RAMP,HUTT ROAD,,Non-Injury Crash,No,2021,,North,,0,,Flat,,,,,,Bright sun,2078302,0,0.0,0.0,1.0,,,0.0,,,,,,Wellington Region,Motorway ramp,1-way,Sealed,,0.0,0,,80.0,,Off,0.0,0.0,,47,Wellington City,Nil,,,,,0.0,0.0,Open,0.0,,,Fine,Null,1
66467008,,575600,0.0,0.0,0.0,1.0,0.0,North,2019/2020,OHIRO ROAD,MCKINLEY CRESCENT,,Non-Injury Crash,No,2019,0.0,South,0.0,0,0.0,Flat,0.0,,0.0,,0.0,Unknown,2162300,0,0.0,0.0,2.0,0.0,0.0,0.0,0.0,1.0,,0.0,0.0,Wellington Region,Nil,2-way,Sealed,0.0,0.0,0,0.0,30.0,0.0,Null,0.0,0.0,,47,Wellington City,Nil,0.0,0.0,0.0,0.0,0.0,0.0,Urban,0.0,0.0,0.0,Fine,Null,0
66467013,,574701,0.0,0.0,0.0,1.0,0.0,South,2019/2020,CHURCHILL DRIVE,CHARTWELL DRIVE,,Non-Injury Crash,No,2020,0.0,North,0.0,0,0.0,Hill Road,0.0,,0.0,,0.0,Unknown,2097900,0,0.0,0.0,2.0,0.0,0.0,0.0,0.0,0.0,,0.0,0.0,Wellington Region,Nil,2-way,Sealed,0.0,0.0,0,0.0,50.0,0.0,Off,0.0,0.0,,47,Wellington City,Unknown,0.0,1.0,0.0,0.0,0.0,0.0,Urban,0.0,0.0,0.0,Null,Null,1
66467022,,574303,0.0,,0.0,2.0,,South,2020/2021,WELLINGTON URBAN MOTORWAY,HUTT ROAD,,Non-Injury Crash,Yes,2020,,North,,0,,Flat,,,,,,Bright sun,2090402,0,0.0,0.0,4.0,,,0.0,,,,,,Wellington Region,Nil,1-way,Sealed,,0.0,0,,100.0,,Off,0.0,0.0,,47,Wellington City,Nil,,,,,0.0,0.0,Open,1.0,,,Fine,Null,1
66467026,,572900,0.0,,0.0,2.0,,South,2019/2020,BUNNY STREET,FEATHERSTON STREET,,Non-Injury Crash,No,2020,,South,,0,,Flat,,,,,,Dark,2122700,0,0.0,0.0,2.0,,,0.0,,,,,,Wellington Region,Nil,2-way,Sealed,,0.0,0,,50.0,,On,0.0,0.0,,47,Wellington City,Nil,,,,,0.0,0.0,Urban,0.0,,,Fine,Null,1
66467032,,575702,0.0,0.0,0.0,2.0,0.0,South,2019/2020,LIARDET ST,TRAVERS STREET,,Non-Injury Crash,No,2019,0.0,South,0.0,0,0.0,Flat,0.0,,0.0,,0.0,Dark,2199400,0,0.0,0.0,2.0,0.0,0.0,0.0,0.0,1.0,,0.0,0.0,Wellington Region,Nil,2-way,Sealed,0.0,0.0,0,0.0,50.0,0.0,On,1.0,0.0,,47,Wellington City,Unknown,0.0,0.0,0.0,0.0,0.0,0.0,Urban,1.0,0.0,0.0,Light rain,Null,0
66467060,,575500,0.0,,0.0,1.0,,South,2020/2021,ARO STREET,HOLLOWAY ROAD,,Minor Crash,No,2020,,East,,0,,Flat,,,,,,Bright sun,2156700,1,1.0,0.0,2.0,,,0.0,,,,,,Wellington Region,Nil,2-way,Sealed,,0.0,0,,50.0,,Off,0.0,0.0,,47,Wellington City,Unknown,,,,,0.0,0.0,Urban,0.0,,,Fine,Null,1
66467118,,573000,0.0,0.0,0.0,1.0,0.0,West,2020/2021,MACDONALD CRESCENT,WILLIS STREET,,Non-Injury Crash,No,2020,0.0,South,0.0,0,0.0,Hill Road,0.0,,0.0,,0.0,Dark,2130700,0,0.0,0.0,2.0,0.0,0.0,0.0,0.0,1.0,,0.0,0.0,Wellington Region,Nil,2-way,Sealed,0.0,0.0,0,0.0,50.0,0.0,On,1.0,0.0,,47,Wellington City,Unknown,0.0,0.0,0.0,0.0,0.0,0.0,Urban,0.0,0.0,0.0,Fine,Null,1
66467134,,575600,0.0,0.0,0.0,4.0,0.0,South,2020/2021,OHIRO ROAD,BRETBY CRESCENT,,Non-Injury Crash,No,2020,0.0,South,0.0,0,0.0,Flat,0.0,,0.0,,0.0,Overcast,2161900,0,0.0,0.0,2.0,0.0,0.0,0.0,0.0,3.0,,0.0,0.0,Wellington Region,Nil,2-way,Sealed,0.0,0.0,0,0.0,30.0,0.0,Off,0.0,1.0,,47,Wellington City,Nil,0.0,0.0,0.0,0.0,0.0,0.0,Urban,0.0,0.0,0.0,Fine,Strong wind,1
66467141,,573000,0.0,,0.0,1.0,,West,2020/2021,HARRIS STREET,JERVOIS QUAY,,Non-Injury Crash,No,2021,,East,,0,,Flat,,,,,,Unknown,2127500,0,0.0,0.0,2.0,,,0.0,,,,,,Wellington Region,Nil,2-way,Sealed,,0.0,0,,30.0,,Null,0.0,0.0,,47,Wellington City,Nil,,,,,0.0,0.0,Urban,1.0,,,Null,Null,1
66467163,,574900,0.0,0.0,0.0,1.0,0.0,North,2020/2021,MAKARA ROAD,KHOURI AVENUE,,Non-Injury Crash,No,2021,0.0,South,0.0,0,0.0,Hill Road,0.0,,0.0,,0.0,Dark,2110102,0,0.0,0.0,2.0,0.0,0.0,0.0,0.0,0.0,,0.0,1.0,Wellington Region,Nil,2-way,Sealed,0.0,0.0,0,0.0,50.0,0.0,On,0.0,0.0,,47,Wellington City,Nil,0.0,0.0,0.0,0.0,0.0,0.0,Urban,0.0,0.0,0.0,Fine,Null,1
66467174,,576500,0.0,,0.0,2.0,,South,2020/2021,ADELAIDE ROAD,HOSPITAL ROAD,,Non-Injury Crash,No,2020,,North,,0,,Flat,,,,,,Bright sun,2148602,0,0.0,0.0,4.0,,,0.0,,,,,,Wellington Region,Nil,2-way,Sealed,,0.0,0,,50.0,,Off,0.0,1.0,,47,Wellington City,Nil,,,,,0.0,0.0,Urban,0.0,,,Fine,Null,1
66467202,,575702,0.0,0.0,0.0,1.0,1.0,South,2020/2021,MANA STREET,KRULL STREET,,Minor Crash,No,2020,0.0,North,0.0,0,0.0,Hill Road,0.0,,0.0,,0.0,Bright sun,2199102,1,0.0,0.0,1.0,0.0,0.0,0.0,0.0,0.0,,0.0,0.0,Wellington Region,Nil,2-way,Sealed,0.0,0.0,0,0.0,50.0,0.0,Off,0.0,0.0,,47,Wellington City,Nil,0.0,0.0,0.0,0.0,0.0,0.0,Urban,0.0,0.0,0.0,Fine,Null,1
66467210,,574002,0.0,,0.0,0.0,,East,2019/2020,HUTT ROAD,RAILYARD ENTRY,,Non-Injury Crash,Yes,2020,,West,,0,,Flat,,,,,,Dark,2078302,0,0.0,0.0,2.0,,,0.0,,,,,,Wellington Region,Nil,1-way,Sealed,,0.0,0,,100.0,,On,1.0,0.0,,47,Wellington City,Nil,,,,,0.0,0.0,Open,1.0,,,Heavy rain,Null,1
66467270,,573526,0.0,,0.0,2.0,,West,2020/2021,HUTT ROAD,HOROKIWI ROAD,,Non-Injury Crash,Yes,2020,,West,,0,,Flat,,,,,,Overcast,2086403,0,0.0,0.0,2.0,,,0.0,,,,,,Wellington Region,Nil,1-way,Sealed,,0.0,0,,100.0,,Off,0.0,1.0,,47,Wellington City,Nil,,,,,0.0,0.0,Open,0.0,,,Light rain,Null,1
66467320,,575800,0.0,0.0,0.0,0.0,0.0,East,2019/2020,MAPLE GROVE,QUEBEC STREET,,Non-Injury Crash,No,2019,0.0,Null,0.0,0,0.0,Null,0.0,,0.0,,0.0,Unknown,2197302,0,0.0,0.0,0.0,0.0,0.0,0.0,0.0,1.0,,0.0,0.0,Wellington Region,Nil,Null,Null,0.0,0.0,0,0.0,,0.0,Null,0.0,0.0,,47,Wellington City,Unknown,0.0,0.0,0.0,0.0,0.0,0.0,Urban,1.0,0.0,0.0,Null,Null,0
66467426,,573522,0.0,,0.0,1.0,,Null,2020/2021,TAKAPU ROAD,TAWA-GRENADA NORTH OFF RAMP,,Minor Crash,No,2020,,South,,0,,Hill Road,,,,,,Bright sun,2053703,1,0.0,0.0,2.0,,,0.0,,,,,,Wellington Region,Motorway ramp,2-way,Sealed,,0.0,0,,50.0,,Off,0.0,0.0,,47,Wellington City,Stop,,,,,0.0,0.0,Urban,1.0,,,Fine,Null,1
66467453,,574402,0.0,,0.0,1.0,,West,2020/2021,KAIWHARAWHARA ROAD,OLD PORIRUA ROAD,,Non-Injury Crash,No,2020,,East,,0,,Hill Road,,,,,,Dark,2097602,0,0.0,0.0,1.0,,,0.0,,,,,,Wellington Region,Nil,1-way,Sealed,,0.0,0,,50.0,,On,0.0,0.0,30.0,47,Wellington City,Traffic Signals,,,,,0.0,0.0,Urban,1.0,,,Light rain,Null,1
66467457,,573400,1.0,,0.0,0.0,,North,2020/2021,HANIA STREET,ELLICE STREET,,Serious Crash,No,2020,,South,,0,,Flat,,,,,,Bright sun,2143700,0,0.0,0.0,2.0,,,0.0,,,,,,Wellington Region,Nil,2-way,Sealed,,0.0,1,,50.0,,Off,1.0,0.0,,47,Wellington City,Nil,,,,,0.0,0.0,Urban,0.0,,,Fine,Null,1
66467479,,573000,0.0,0.0,0.0,1.0,0.0,South,2020/2021,THE TERRACE,DALMUIR LANE,,Non-Injury Crash,No,2020,0.0,South,0.0,0,0.0,Hill Road,0.0,,0.0,,0.0,Overcast,2124400,0,0.0,0.0,2.0,0.0,0.0,0.0,0.0,1.0,,0.0,0.0,Wellington Region,Nil,2-way,Sealed,0.0,0.0,0,0.0,50.0,0.0,Off,1.0,0.0,,47,Wellington City,Unknown,0.0,0.0,0.0,0.0,0.0,0.0,Urban,0.0,0.0,0.0,Fine,Null,1