OBJECTID,advisorySpeed,areaUnitID,bicycle,bridge,bus,carStationWagon,cliffBank,crashDirectionDescription,crashFinancialYear,crashLocation1,crashLocation2,crashRoadSideRoad,crashSeverity,crashSHDescription,crashYear,debris,directionRoleDescription,ditch,fatalCount,fence,flatHill,guardRail,holiday,houseOrBuilding,intersection,kerb,light,meshblockId,minorInjuryCount,moped,motorcycle,NumberOfLanes,objectThrownOrDropped,otherObject,otherVehicleType,overBank,parkedVehicle,pedestrian,phoneBoxEtc,postOrPole,region,roadCharacter,roadLane,roadSurface,roadworks,schoolBus,seriousInjuryCount,slipOrFlood,speedLimit,strayAnimal,streetLight,suv,taxi,temporarySpeedLimit,tlaId,tlaName,trafficControl,trafficIsland,trafficSign,train,tree,truck,unknownVehicleType,urban,vanOrUtility,vehicle,waterRiver,weatherA,weatherB,if_pandemic
66467508,,573000,0.0,,0.0,2.0,,Null,2019/2020,KARO DRIVE,WILLIS STREET,,Non-Injury Crash,Yes,2020,,North,,0,,Flat,,,,,,Dark,2130200,0,0.0,0.0,2.0,,,0.0,,,,,,Wellington Region,Motorway ramp,1-way,Sealed,,0.0,0,,50.0,,On,0.0,0.0,,47,Wellington City,Traffic Signals,,,,,0.0,0.0,Urban,0.0,,,Fine,Null,1
66467509,,573101,0.0,,0.0,2.0,,Null,2020/2021,CABLE STREET,CHAFFERS STREET,,Non-Injury Crash,No,2021,,East,,0,,Flat,,,,,,Dark,2135500,0,0.0,0.0,3.0,,,0.0,,,,,,Wellington Region,Nil,1-way,Sealed,,0.0,0,,50.0,,On,0.0,0.0,,47,Wellington City,Traffic Signals,,,,,0.0,0.0,Urban,0.0,,,Mist or Fog,Null,1
66467512,,573700,0.0,,0.0,1.0,,Null,2019/2020,JOHNSONVILLE ROAD,BRODERICK ROAD,,Minor Crash,No,2020,,South,,0,,Flat,,,,,,Bright sun,2082800,1,0.0,0.0,4.0,,,0.0,,,1.0,,,Wellington Region,Nil,2-way,Sealed,,0.0,0,,50.0,,Off,0.0,0.0,,47,Wellington City,Traffic Signals,,,,,0.0,0.0,Urban,0.0,,,Fine,Null,1
66467520,,573600,0.0,0.0,0.0,1.0,1.0,North,2019/2020,JOHNSONVILLE PORIRUA MOTORWAY,JOHNSONVILLE ON RAMP,,Non-Injury Crash,Yes,2020,0.0,North,0.0,0,0.0,Flat,1.0,,0.0,,0.0,Overcast,2081200,0,0.0,0.0,4.0,0.0,0.0,0.0,0.0,0.0,,0.0,0.0,Wellington Region,Motorway ramp,2-way,Sealed,0.0,0.0,0,0.0,100.0,0.0,Off,0.0,0.0,,47,Wellington City,Unknown,0.0,0.0,0.0,0.0,0.0,0.0,Open,0.0,0.0,0.0,Fine,Null,1
66467565,,574002,0.0,,1.0,1.0,,North,2020/2021,HUTT ROAD,RAILYARD ENTRY,,Non-Injury Crash,Yes,2021,,North,,0,,Flat,,,,,,Bright sun,2078302,0,0.0,0.0,2.0,,,0.0,,,,,,Wellington Region,Nil,1-way,Sealed,,0.0,0,,100.0,,Off,0.0,0.0,,47,Wellington City,Nil,,,,,1.0,0.0,Open,1.0,,,Fine,Null,1
66467586,,576400,0.0,,0.0,1.0,,Null,2019/2020,MEIN STREET,RIDDIFORD STREET,,Non-Injury Crash,No,2020,,East,,0,,Flat,,Queens Birthday,,,,Dark,2166900,0,0.0,0.0,1.0,,,0.0,,,1.0,,,Wellington Region,Nil,2-way,Sealed,,0.0,0,,40.0,,On,0.0,0.0,,47,Wellington City,Traffic Signals,,,,,0.0,0.0,Urban,0.0,,,Light rain,Null,1
66467615,,573101,0.0,,0.0,2.0,,Null,2020/2021,ARTHUR STREET,CUBA STREET,,Non-Injury Crash,Yes,2020,,West,,0,,Flat,,,,,,Dark,2134600,0,0.0,0.0,3.0,,,0.0,,,,,,Wellington Region,Nil,1-way,Sealed,,0.0,0,,50.0,,On,0.0,0.0,,47,Wellington City,Traffic Signals,,,,,0.0,0.0,Urban,0.0,,,Fine,Null,1
66467625,,576302,0.0,,0.0,1.0,,Null,2020/2021,RUSSELL TERRACE,TE WHAREPOURI STREET,,Non-Injury Crash,No,2020,,North,,0,,Flat,,,,,,Overcast,2166800,0,0.0,0.0,2.0,,,0.0,,,,,,Wellington Region,Nil,2-way,Sealed,,0.0,0,,50.0,,Off,0.0,0.0,,47,Wellington City,Stop,,,,,1.0,0.0,Urban,0.0,,,Fine,Null,1
66467681,,577000,0.0,,0.0,1.0,,Null,2020/2021,TIRANGI ROAD,MCGREGOR STREET,,Minor Crash,No,2020,,North,,0,,Flat,,,,,,Bright sun,2175600,1,0.0,0.0,2.0,,,0.0,,,,,,Wellington Region,Nil,2-way,Sealed,,0.0,0,,50.0,,Off,1.0,0.0,,47,Wellington City,Nil,,,,,0.0,0.0,Urban,0.0,,,Fine,Null,1
66467689,,575800,0.0,,0.0,0.0,,North,2019/2020,OHIRO ROAD,LANDFILL ROAD,,Non-Injury Crash,No,2020,,South,,0,,Flat,,,,,,Overcast,2197101,0,0.0,1.0,2.0,,,0.0,,,,,,Wellington Region,Nil,2-way,Sealed,,0.0,0,,30.0,,Null,0.0,0.0,,47,Wellington City,Traffic Signals,,,,,0.0,0.0,Urban,1.0,,,Fine,Null,1
66467712,,573300,0.0,0.0,0.0,3.0,0.0,South,2019/2020,TARANAKI ST,HILL LN,,Minor Crash,No,2019,0.0,South,0.0,0,0.0,Flat,0.0,,0.0,,0.0,Bright sun,2145300,1,0.0,0.0,2.0,0.0,0.0,0.0,0.0,1.0,,0.0,0.0,Wellington Region,Nil,2-way,Sealed,0.0,0.0,0,0.0,50.0,0.0,On,0.0,0.0,,47,Wellington City,Unknown,0.0,0.0,0.0,0.0,0.0,0.0,Urban,0.0,0.0,0.0,Fine,Null,0
66467769,,573101,0.0,0.0,1.0,0.0,0.0,Null,2020/2021,KENT TERRACE,MAJORIBANKS STREET,,Non-Injury Crash,No,2020,0.0,East,0.0,0,0.0,Flat,0.0,,1.0,,0.0,Twilight,2135700,0,0.0,0.0,2.0,0.0,0.0,0.0,0.0,0.0,,0.0,0.0,Wellington Region,Nil,2-way,Sealed,0.0,1.0,0,0.0,50.0,0.0,On,0.0,0.0,,47,Wellington City,Traffic Signals,0.0,1.0,0.0,0.0,0.0,0.0,Urban,0.0,0.0,0.0,Fine,Null,1
66467811,,577601,0.0,0.0,0.0,1.0,0.0,South,2020/2021,MAIN ROAD,ACCESS ROAD,,Non-Injury Crash,No,2021,0.0,South,0.0,0,1.0,Hill Road,0.0,,0.0,,0.0,Dark,2201200,0,0.0,0.0,2.0,0.0,0.0,0.0,0.0,0.0,,0.0,0.0,Wellington Region,Nil,2-way,Sealed,0.0,0.0,0,0.0,50.0,0.0,Off,0.0,0.0,,47,Wellington City,Nil,0.0,0.0,0.0,0.0,0.0,0.0,Urban,0.0,0.0,0.0,Fine,Null,1
66467814,,574800,0.0,,0.0,1.0,,Null,2020/2021,CHAYTOR STREET,CURTIS STREET,,Minor Crash,No,2021,,East,,0,,Hill Road,,,,,,Overcast,2106100,1,1.0,0.0,3.0,,,0.0,,,,,,Wellington Region,Nil,2-way,Sealed,,0.0,0,,50.0,,Off,0.0,0.0,,47,Wellington City,Stop,,,,,0.0,0.0,Urban,0.0,,,Fine,Null,1
66467818,,573526,0.0,0.0,0.0,1.0,0.0,West,2020/2021,HUTT ROAD,HOROKIWI ROAD,,Non-Injury Crash,Yes,2020,0.0,West,0.0,0,0.0,Null,1.0,,0.0,,0.0,Overcast,2086403,0,0.0,0.0,2.0,0.0,0.0,0.0,0.0,0.0,,0.0,0.0,Wellington Region,Nil,1-way,Sealed,0.0,0.0,0,0.0,100.0,0.0,Off,0.0,0.0,,47,Wellington City,Nil,0.0,0.0,0.0,0.0,0.0,2.0,Open,0.0,0.0,0.0,Heavy rain,Null,1
66467853,,574500,0.0,,0.0,5.0,,North,2020/2021,WELLINGTON URBAN MOTORWAY,AOTEA QUAY ON RAMP,,Non-Injury Crash,Yes,2020,,North,,0,,Flat,,,,,,Overcast,2093600,0,0.0,0.0,4.0,,,0.0,,,,,,Wellington Region,Nil,1-way,Sealed,,0.0,0,,100.0,,Off,0.0,0.0,,47,Wellington City,Nil,,,,,0.0,0.0,Open,0.0,,,Fine,Null,1
66467861,,573526,0.0,,0.0,2.0,,North,2020/2021,HOROKIWI ROAD,QUARRY ENT,,Minor Crash,No,2021,,South,,0,,Hill Road,,,,,,Overcast,2086403,1,0.0,0.0,2.0,,,0.0,,,,,,Wellington Region,Nil,2-way,Sealed,,0.0,0,,50.0,,None,0.0,0.0,,47,Wellington City,Unknown,,,,,0.0,0.0,Urban,0.0,,,Fine,Null,1
66467880,,573700,0.0,,0.0,1.0,,Null,2019/2020,MOOREFIELD ROAD,JOHNSONVILLE ON RAMP,,Non-Injury Crash,No,2019,,South,,0,,Flat,,,,,,Overcast,2082300,0,0.0,0.0,4.0,,,0.0,,,,,,Wellington Region,Nil,2-way,Sealed,,0.0,0,,50.0,,Off,0.0,0.0,,47,Wellington City,Give way,,,,,0.0,1.0,Urban,0.0,,,Fine,Null,0
66467963,,573000,0.0,,0.0,2.0,,Null,2020/2021,WILLIS STREET,MERCER STREET,,Non-Injury Crash,No,2020,,North,,0,,Null,,,,,,Overcast,2128100,0,0.0,0.0,3.0,,,0.0,,,,,,Wellington Region,Nil,2-way,Sealed,,0.0,0,,30.0,,Null,0.0,0.0,,47,Wellington City,Traffic Signals,,,,,0.0,0.0,Urban,0.0,,,Light rain,Null,1
66467990,,574001,0.0,0.0,0.0,2.0,0.0,North,2020/2021,NEWLANDS ROAD,HURRING PLACE,,Non-Injury Crash,No,2021,0.0,South,0.0,0,0.0,Hill Road,0.0,,0.0,,0.0,Dark,2077600,0,0.0,0.0,2.0,0.0,0.0,0.0,0.0,1.0,,0.0,0.0,Wellington Region,Nil,2-way,Sealed,0.0,0.0,0,0.0,50.0,0.0,On,0.0,0.0,,47,Wellington City,Nil,0.0,0.0,0.0,0.0,0.0,0.0,Urban,0.0,0.0,0.0,Heavy rain,Null,1
66467993,,573101,0.0,0.0,1.0,1.0,0.0,West,2019/2020,COURTNEY PLACE,TORY STREET,,Non-Injury Crash,No,2019,0.0,West,0.0,0,0.0,Flat,0.0,,0.0,,0.0,Dark,2135900,0,0.0,0.0,2.0,0.0,0.0,0.0,0.0,1.0,,0.0,0.0,Wellington Region,Nil,2-way,Sealed,0.0,0.0,0,0.0,50.0,0.0,On,0.0,0.0,,47,Wellington City,Nil,0.0,0.0,0.0,0.0,0.0,0.0,Urban,0.0,0.0,0.0,Null,Null,0
66468009,,574303,0.0,,0.0,1.0,,North,2019/2020,CENTENNIAL HIGHWAY,NEWLANDS OFF RAMP,,Non-Injury Crash,Yes,2020,,North,,0,,Null,,,,,,Unknown,2084302,0,0.0,0.0,3.0,,,0.0,,,,,,Wellington Region,Nil,1-way,Null,,0.0,0,,100.0,,Null,0.0,0.0,,47,Wellington City,Nil,,,,,1.0,0.0,Open,0.0,,,Null,Null,1
66468015,,572701,0.0,0.0,0.0,2.0,0.0,South,2020/2021,BELL STREET,ROBERTS STREET,,Non-Injury Crash,No,2020,0.0,South,0.0,0,0.0,Hill Road,0.0,,0.0,,0.0,Dark,1995200,0,0.0,0.0,2.0,0.0,0.0,0.0,0.0,1.0,,0.0,0.0,Wellington Region,Nil,2-way,Sealed,0.0,0.0,0,0.0,50.0,0.0,On,0.0,0.0,,47,Wellington City,Unknown,0.0,0.0,0.0,0.0,0.0,0.0,Urban,0.0,0.0,0.0,Heavy rain,Null,1
66468057,,573101,0.0,,0.0,2.0,,Null,2020/2021,CAMBRIDGE TERRACE,COURTENAY PLACE,,Non-Injury Crash,No,2021,,South,,0,,Null,,,,,,Unknown,2135700,0,0.0,0.0,2.0,,,0.0,,,,,,Wellington Region,Nil,1-way,Sealed,,0.0,0,,50.0,,Null,0.0,0.0,,47,Wellington City,Give way,,,,,0.0,0.0,Urban,0.0,,,Null,Null,1
66468067,,573101,0.0,0.0,0.0,1.0,0.0,Null,2020/2021,KENT TERRACE,ELLICE STREET,,Non-Injury Crash,Yes,2021,0.0,South,0.0,0,0.0,Flat,0.0,,0.0,,0.0,Dark,2137000,0,0.0,0.0,3.0,0.0,0.0,0.0,0.0,0.0,,0.0,1.0,Wellington Region,Nil,1-way,Sealed,0.0,0.0,0,0.0,50.0,0.0,On,0.0,0.0,,47,Wellington City,Give way,0.0,0.0,0.0,0.0,0.0,0.0,Urban,0.0,0.0,0.0,Light rain,Null,1
66468081,,576800,0.0,0.0,0.0,2.0,0.0,West,2020/2021,TAURIMA STREET,MOXHAM AVENUE,,Non-Injury Crash,No,2020,0.0,West,0.0,0,0.0,Null,0.0,,0.0,,0.0,Unknown,2181900,0,0.0,0.0,2.0,0.0,0.0,0.0,0.0,1.0,,0.0,0.0,Wellington Region,Nil,2-way,Sealed,0.0,0.0,0,0.0,30.0,0.0,Null,0.0,0.0,,47,Wellington City,Nil,0.0,0.0,0.0,0.0,0.0,0.0,Urban,0.0,0.0,0.0,Fine,Null,1
66468114,,573300,0.0,,0.0,3.0,,Null,2019/2020,WEBB STREET,CUBA STREET,,Non-Injury Crash,No,2020,,East,,0,,Flat,,,,,,Dark,2144102,0,0.0,0.0,2.0,,,0.0,,,,,,Wellington Region,Nil,2-way,Sealed,,0.0,0,,50.0,,On,0.0,0.0,,47,Wellington City,Nil,,,,,0.0,0.0,Urban,0.0,,,Fine,Null,1
66468129,,576400,1.0,0.0,0.0,0.0,0.0,Null,2020/2021,HIROPI STREET,CONSTABLE STREET,,Non-Injury Crash,No,2020,0.0,South,0.0,0,0.0,Flat,0.0,,0.0,,0.0,Unknown,2169800,0,0.0,0.0,2.0,0.0,0.0,0.0,0.0,1.0,,0.0,0.0,Wellington Region,Nil,2-way,Sealed,0.0,0.0,0,0.0,40.0,0.0,Null,0.0,0.0,,47,Wellington City,Give way,0.0,0.0,0.0,0.0,0.0,0.0,Urban,1.0,0.0,0.0,Fine,Null,1
66468134,,574001,0.0,0.0,0.0,2.0,0.0,South,2020/2021,KENMORE STREET,LONGCROFT TERRACE,,Non-Injury Crash,No,2020,0.0,North,0.0,0,0.0,Hill Road,0.0,,0.0,,0.0,Dark,2075302,0,0.0,0.0,2.0,0.0,0.0,0.0,0.0,1.0,,0.0,0.0,Wellington Region,Nil,2-way,Sealed,0.0,0.0,0,0.0,50.0,0.0,On,0.0,0.0,,47,Wellington City,Unknown,0.0,0.0,0.0,0.0,0.0,0.0,Urban,0.0,0.0,0.0,Fine,Null,1
66468138,,572500,1.0,,0.0,0.0,,East,2019/2020,TAWA STREET,MAIN ROAD,,Non-Injury Crash,No,2020,,North,,0,,Flat,,,,,,Overcast,1986300,0,0.0,0.0,2.0,,,0.0,,,1.0,,,Wellington Region,Nil,2-way,Sealed,,0.0,0,,50.0,,Off,1.0,0.0,,47,Wellington City,Nil,,,,,0.0,0.0,Urban,0.0,,,Fine,Null,1
66468193,,575600,0.0,,0.0,0.0,,North,2020/2021,WASHINGTON AVENUE,DORKING ROAD,,Non-Injury Crash,No,2020,,North,,0,,Null,,,,,,Bright sun,2162800,0,0.0,0.0,2.0,,,0.0,,,,,,Wellington Region,Nil,2-way,Sealed,,0.0,0,,50.0,,None,0.0,0.0,,47,Wellington City,Nil,,,,,0.0,0.0,Urban,2.0,,,Fine,Null,1
66468194,,577200,0.0,,0.0,2.0,,Null,2020/2021,COBHAM DRIVE,CALABAR ROAD,,Non-Injury Crash,Yes,2020,,South,,0,,Flat,,,,,,Overcast,2206200,0,0.0,0.0,4.0,,,0.0,,,,,,Wellington Region,Nil,1-way,Sealed,,0.0,0,,50.0,,None,0.0,1.0,,47,Wellington City,Give way,,,,,0.0,0.0,Urban,0.0,,,Light rain,Null,1
66468206,,573903,0.0,0.0,0.0,1.0,0.0,West,2020/2021,HOROKIWI ROAD WEST,PINKERTON GROVE,,Non-Injury Crash,No,2020,0.0,East,0.0,0,0.0,Flat,0.0,,0.0,,0.0,Overcast,2073106,0,0.0,0.0,2.0,0.0,0.0,0.0,0.0,0.0,,0.0,1.0,Wellington Region,Nil,2-way,Sealed,0.0,0.0,0,0.0,50.0,0.0,Off,0.0,0.0,,47,Wellington City,Nil,0.0,1.0,0.0,0.0,0.0,0.0,Urban,0.0,0.0,0.0,Light rain,Strong wind,1
66468226,,573000,0.0,,0.0,2.0,,North,2019/2020,WELLINGTON URBAN MOTORWAY,SOUTH PORTAL,,Non-Injury Crash,Yes,2020,,South,,0,,Flat,,,,,,Overcast,2128700,0,0.0,0.0,3.0,,,0.0,,,,,,Wellington Region,Tunnel,2-way,Sealed,,0.0,0,,70.0,,On,0.0,0.0,,47,Wellington City,Unknown,,,,,0.0,0.0,Urban,0.0,,,Fine,Null,1
66468297,,573101,0.0,,0.0,0.0,,Null,2020/2021,TARANAKI STREET,BUCKLE STREET,,Minor Crash,No,2021,,South,,0,,Flat,,,,,,Overcast,2134700,1,0.0,1.0,4.0,,,0.0,,,,,,Wellington Region,Nil,2-way,Sealed,,0.0,0,,50.0,,Off,1.0,0.0,,47,Wellington City,Traffic Signals,,,,,0.0,0.0,Urban,0.0,,,Fine,Null,1
66468318,,573400,0.0,,0.0,1.0,,Null,2020/2021,MAJORIBANKS STREET,ROXBURGH STREET,,Minor Crash,No,2021,,East,,0,,Hill Road,,,,,,Overcast,2139700,1,1.0,0.0,2.0,,,0.0,,,,,,Wellington Region,Nil,2-way,Sealed,,0.0,0,,50.0,,On,0.0,0.0,,47,Wellington City,Give way,,,,,0.0,0.0,Urban,0.0,,,Light rain,Null,1
66468359,,577500,1.0,,0.0,1.0,,Null,2020/2021,INGLIS STREET,DUNDAS STREET,,Minor Crash,No,2020,,South,,0,,Flat,,,,,,Bright sun,2211100,1,0.0,0.0,2.0,,,0.0,,,,,,Wellington Region,Nil,2-way,Sealed,,0.0,0,,50.0,,Off,0.0,0.0,,47,Wellington City,Stop,,,,,0.0,0.0,Urban,0.0,,,Fine,Null,1
66468387,,573526,0.0,0.0,0.0,1.0,0.0,North,2020/2021,HUTT ROAD,SERVICE STN NTH,,Non-Injury Crash,Yes,2021,0.0,North,0.0,0,0.0,Flat,1.0,,0.0,,0.0,Bright sun,2077503,0,0.0,0.0,2.0,0.0,0.0,0.0,0.0,0.0,,0.0,0.0,Wellington Region,Nil,1-way,Sealed,0.0,0.0,0,0.0,100.0,0.0,Off,0.0,0.0,,47,Wellington City,Nil,0.0,0.0,0.0,0.0,0.0,0.0,Open,0.0,0.0,0.0,Fine,Null,1
66468435,,575800,1.0,,0.0,0.0,,South,2020/2021,OHIRO ROAD,STOCK STREET,,Serious Crash,No,2020,,South,,0,,Hill Road,,,,,,Bright sun,2197101,0,0.0,0.0,2.0,,,0.0,,,,,,Wellington Region,Nil,2-way,Sealed,,0.0,1,,50.0,,Off,1.0,0.0,,47,Wellington City,Nil,,,,,0.0,0.0,Urban,0.0,,,Fine,Null,1
66468453,,573101,0.0,,0.0,0.0,,Null,2020/2021,ARTHUR STREET,CUBA STREET,,Non-Injury Crash,Yes,2020,,West,,0,,Flat,,,,,,Bright sun,2134600,0,0.0,0.0,3.0,,,0.0,,,1.0,,,Wellington Region,Nil,1-way,Sealed,,0.0,0,,50.0,,Off,1.0,0.0,,47,Wellington City,Traffic Signals,,,,,0.0,0.0,Urban,0.0,,,Fine,Null,1
66468456,,573000,1.0,,0.0,0.0,,Null,2019/2020,BUNNY STREET,FEATHERSTON STREET,,Non-Injury Crash,No,2019,,North,,0,,Null,,,,,,Unknown,2124300,0,0.0,0.0,3.0,,,0.0,,,,,,Wellington Region,Nil,2-way,Sealed,,0.0,0,,50.0,,Null,1.0,0.0,,47,Wellington City,Traffic Signals,,,,,0.0,0.0,Urban,0.0,,,Null,Null,0
66468501,,576400,1.0,,0.0,1.0,,Null,2020/2021,RUSSELL TERRACE,TE WHAREPOURI STREET,,Non-Injury Crash,No,2020,,South,,0,,Null,,,,,,Overcast,2171003,0,0.0,0.0,2.0,,,0.0,,,,,,Wellington Region,Nil,2-way,Sealed,,0.0,0,,50.0,,Null,0.0,0.0,,47,Wellington City,Stop,,,,,0.0,0.0,Urban,0.0,,,Null,Null,1
66468506,,572701,0.0,,0.0,0.0,,Null,2019/2020,RANUI TERRACE,MCLELLAN STREET,,Non-Injury Crash,No,2020,,South,,0,,Null,,,,,,Unknown,1993600,0,0.0,0.0,2.0,,,0.0,,,,,,Wellington Region,Nil,2-way,Sealed,,0.0,0,,50.0,,Null,1.0,0.0,,47,Wellington City,Give way,,,,,0.0,0.0,Urban,0.0,,,Null,Null,1
66468508,,572900,0.0,,0.0,2.0,,South,2020/2021,WELLINGTON URBAN MOTORWAY,MOLESWORTH OBR,,Minor Crash,Yes,2020,,North,,0,,Flat,,,,,,Bright sun,2119300,1,0.0,0.0,3.0,,,0.0,,,,,,Wellington Region,Nil,2-way,Sealed,,0.0,0,,100.0,,Off,0.0,0.0,60.0,47,Wellington City,Nil,,,,,0.0,0.0,Open,0.0,,,Fine,Null,1
66468523,,576100,0.0,0.0,0.0,1.0,0.0,Null,2019/2020,QUEENS DRIVE,HUNGERFORD ROAD,,Non-Injury Crash,No,2020,1.0,North,0.0,0,0.0,Flat,0.0,,0.0,,1.0,Dark,2195601,0,0.0,0.0,2.0,0.0,0.0,0.0,1.0,0.0,,0.0,0.0,Wellington Region,Nil,2-way,Sealed,0.0,0.0,0,0.0,50.0,0.0,On,0.0,0.0,,47,Wellington City,Nil,0.0,0.0,0.0,0.0,0.0,0.0,Urban,0.0,0.0,0.0,Light rain,Strong wind,1
66468533,,576400,0.0,,0.0,0.0,,Null,2020/2021,ROY STREET,MANSFIELD STREET,,Minor Crash,No,2020,,East,,0,,Flat,,,,,,Overcast,2170901,1,1.0,0.0,2.0,,,0.0,,,,,,Wellington Region,Nil,2-way,Sealed,,0.0,0,,50.0,,Off,0.0,0.0,,47,Wellington City,Give way,,,,,0.0,0.0,Urban,0.0,,,Heavy rain,Null,1
66468536,,576700,0.0,0.0,0.0,0.0,0.0,Null,2019/2020,EVANS BAY PARADE,PAHIA STREET,,Non-Injury Crash,No,2019,0.0,Null,0.0,0,0.0,Null,0.0,,0.0,,0.0,Bright sun,2186100,0,0.0,0.0,2.0,0.0,0.0,0.0,0.0,1.0,,0.0,0.0,Wellington Region,Nil,2-way,Sealed,0.0,0.0,0,0.0,50.0,0.0,Off,0.0,0.0,,47,Wellington City,Nil,0.0,0.0,0.0,0.0,0.0,1.0,Urban,0.0,0.0,0.0,Null,Null,0
66468540,,573300,0.0,,0.0,1.0,,Null,2020/2021,WALLACE STREET,HUTCHISON ROAD,,Minor Crash,No,2020,,East,,0,,Hill Road,,,,,,Overcast,2147300,1,0.0,1.0,2.0,,,0.0,,,,,,Wellington Region,Nil,2-way,Sealed,,0.0,0,,50.0,,Off,0.0,0.0,,47,Wellington City,Nil,,,,,0.0,0.0,Urban,0.0,,,Fine,Null,1
66468558,,575300,0.0,,0.0,1.0,,West,2021/2022,KELBURN PARADE,SALAMANCA ROAD,,Minor Crash,No,2021,,South,,0,,Hill Road,,,,,,Dark,2155300,1,1.0,0.0,2.0,,,0.0,,,,,,Wellington Region,Nil,2-way,Sealed,,0.0,0,,50.0,,On,0.0,0.0,,47,Wellington City,Nil,,,,,0.0,0.0,Urban,0.0,,,Light rain,Null,1
66468568,,577000,0.0,,0.0,2.0,,Null,2019/2020,COBHAM DRIVE,CALABAR ROAD,,Non-Injury Crash,Yes,2020,,West,,0,,Flat,,,,,,Bright sun,2175700,0,0.0,0.0,2.0,,,0.0,,,,,,Wellington Region,Nil,2-way,Sealed,,0.0,0,,70.0,,None,0.0,0.0,,47,Wellington City,Give way,,,,,0.0,0.0,Urban,0.0,,,Fine,Null,1
66468572,,575100,0.0,,0.0,1.0,,Null,2020/2021,KARORI ROAD,PARKVALE ROAD,,Non-Injury Crash,No,2020,,East,,0,,Flat,,,,,,Bright sun,2114200,0,0.0,0.0,2.0,,,0.0,,,,,,Wellington Region,Nil,2-way,Sealed,,0.0,0,,50.0,,Off,0.0,0.0,,47,Wellington City,Traffic Signals,,,,,1.0,0.0,Urban,0.0,,,Fine,Null,1
66468594,,572900,0.0,,0.0,1.0,,North,2020/2021,WATERLOO QUAY,PLATFORM 9 ENTRY,,Non-Injury Crash,No,2021,,North,,0,,Flat,,,,,,Overcast,2122700,0,0.0,0.0,5.0,,,0.0,,,,,,Wellington Region,Nil,2-way,Sealed,,0.0,0,,50.0,,Off,0.0,0.0,,47,Wellington City,Nil,,,,,1.0,0.0,Urban,0.0,,,Fine,Null,1
66468599,,574500,0.0,,0.0,2.0,,North,2020/2021,HUTT ROAD,WESTMINSTER STREET,,Non-Injury Crash,No,2020,,South,,0,,Flat,,,,,,Bright sun,2093300,0,0.0,0.0,3.0,,,0.0,,,,,,Wellington Region,Nil,2-way,Sealed,,0.0,0,,60.0,,Off,0.0,0.0,,47,Wellington City,Unknown,,,,,0.0,0.0,Urban,0.0,,,Fine,Null,1
66468601,,576001,0.0,,0.0,1.0,,East,2020/2021,THE ESPLANADE,SEVERN STREET,,Minor Crash,No,2020,,West,,0,,Flat,,,,,,Overcast,2189200,1,1.0,0.0,2.0,,,0.0,,,,,,Wellington Region,Nil,2-way,Sealed,,0.0,0,,50.0,,Off,0.0,0.0,,47,Wellington City,Nil,,,,,0.0,0.0,Urban,0.0,,,Fine,Null,1
66468640,,574402,0.0,,0.0,0.0,,West,2019/2020,WAIKOWHAI ST,CROFTON ROAD,,Minor Crash,No,2019,,West,,0,,Hill Road,,,,,,Bright sun,2097700,1,0.0,0.0,2.0,,,0.0,,,1.0,,,Wellington Region,Nil,2-way,Sealed,,0.0,0,,50.0,,Off,1.0,0.0,,47,Wellington City,Unknown,,,,,0.0,0.0,Urban,0.0,,,Fine,Null,0
66468646,,574302,0.0,0.0,0.0,1.0,0.0,North,2020/2021,HUTT ROAD,RANGIORA AVENUE,,Non-Injury Crash,No,2020,0.0,North,0.0,0,0.0,Flat,0.0,,0.0,,0.0,Overcast,2090604,0,0.0,0.0,4.0,0.0,0.0,0.0,0.0,0.0,,0.0,0.0,Wellington Region,Nil,2-way,Sealed,0.0,0.0,0,0.0,60.0,0.0,Off,0.0,0.0,,47,Wellington City,Unknown,1.0,0.0,0.0,0.0,0.0,0.0,Urban,0.0,0.0,0.0,Fine,Null,1
66468667,,573700,0.0,,0.0,1.0,,South,2020/2021,JOHNSONVILLE ROAD,DISRAELI STREET,,Minor Crash,No,2021,,South,,0,,Flat,,,,,,Overcast,2083100,1,0.0,1.0,3.0,,,0.0,,,,,,Wellington Region,Nil,2-way,Sealed,,0.0,0,,50.0,,Off,0.0,0.0,,47,Wellington City,Nil,,,,,0.0,0.0,Urban,0.0,,,Fine,Null,1
66468691,,573000,0.0,,0.0,1.0,,Null,2020/2021,JERVOIS QUAY,HUNTER STREET,,Non-Injury Crash,No,2020,,South,,0,,Flat,,,,,,Dark,2124300,0,0.0,0.0,3.0,,,0.0,,,,,,Wellington Region,Nil,2-way,Sealed,,0.0,0,,50.0,,On,0.0,0.0,,47,Wellington City,Traffic Signals,,,,,0.0,0.0,Urban,1.0,,,Fine,Null,1
66468704,,576500,0.0,,0.0,2.0,,Null,2020/2021,ADELAIDE ROAD,JOHN STREET,,Non-Injury Crash,No,2020,,South,,0,,Flat,,,,,,Dark,2148700,0,0.0,0.0,4.0,,,0.0,,,,,,Wellington Region,Nil,2-way,Sealed,,0.0,0,,50.0,,On,0.0,0.0,,47,Wellington City,Traffic Signals,,,,,0.0,0.0,Urban,0.0,,,Fine,Null,1