OBJECTID,advisorySpeed,areaUnitID,bicycle,bridge,bus,carStationWagon,cliffBank,crashDirectionDescription,crashFinancialYear,crashLocation1,crashLocation2,crashRoadSideRoad,crashSeverity,crashSHDescription,crashYear,debris,directionRoleDescription,ditch,fatalCount,fence,flatHill,guardRail,holiday,houseOrBuilding,intersection,kerb,light,meshblockId,minorInjuryCount,moped,motorcycle,NumberOfLanes,objectThrownOrDropped,otherObject,otherVehicleType,overBank,parkedVehicle,pedestrian,phoneBoxEtc,postOrPole,region,roadCharacter,roadLane,roadSurface,roadworks,schoolBus,seriousInjuryCount,slipOrFlood,speedLimit,strayAnimal,streetLight,suv,taxi,temporarySpeedLimit,tlaId,tlaName,trafficControl,trafficIsland,trafficSign,train,tree,truck,unknownVehicleType,urban,vanOrUtility,vehicle,waterRiver,weatherA,weatherB,if_pandemic
66468718,,577700,0.0,0.0,0.0,2.0,0.0,West,2020/2021,MAKARA ROAD,OPAU ROAD,,Minor Crash,No,2020,0.0,North,0.0,0,0.0,Flat,0.0,Christmas New Year,0.0,,0.0,Bright sun,2116500,1,0.0,0.0,2.0,0.0,0.0,0.0,0.0,0.0,,0.0,0.0,Wellington Region,Nil,2-way,Sealed,0.0,0.0,0,0.0,60.0,0.0,None,0.0,0.0,,47,Wellington City,Nil,0.0,0.0,0.0,1.0,0.0,0.0,Urban,0.0,0.0,0.0,Fine,Null,1
66468767,,573101,0.0,,0.0,2.0,,Null,2020/2021,BUCKLE STREET,TARANAKI STREET,,Minor Crash,Yes,2020,,West,,0,,Flat,,Christmas New Year,,,,Bright sun,2134800,1,0.0,0.0,3.0,,,0.0,,,,,,Wellington Region,Nil,2-way,Sealed,,0.0,0,,50.0,,Off,0.0,0.0,,47,Wellington City,Traffic Signals,,,,,0.0,0.0,Urban,0.0,,,Fine,Null,1
66468901,,573511,0.0,0.0,0.0,1.0,1.0,South,2020/2021,JOHNSONVILLE PORIRUA MOTORWAY,TAWA-GRENADA NORTH OFF RAMP,,Non-Injury Crash,Yes,2020,0.0,North,0.0,0,0.0,Flat,0.0,,0.0,,0.0,Dark,2086201,0,0.0,0.0,2.0,0.0,0.0,0.0,0.0,0.0,,0.0,0.0,Wellington Region,Nil,2-way,Sealed,0.0,0.0,0,0.0,100.0,0.0,On,0.0,0.0,,47,Wellington City,Nil,0.0,0.0,0.0,0.0,0.0,0.0,Open,0.0,0.0,0.0,Light rain,Null,1
66468962,,574900,0.0,0.0,0.0,2.0,0.0,Null,2020/2021,KARORI ROAD,TRINGHAM STREET,,Non-Injury Crash,No,2020,0.0,East,0.0,0,0.0,Hill Road,0.0,,0.0,,0.0,Bright sun,2109700,0,0.0,0.0,2.0,0.0,0.0,0.0,0.0,1.0,,0.0,0.0,Wellington Region,Nil,2-way,Sealed,0.0,0.0,0,0.0,50.0,0.0,Off,0.0,0.0,,47,Wellington City,Give way,0.0,0.0,0.0,0.0,0.0,0.0,Urban,0.0,0.0,0.0,Fine,Null,1
66468999,,574002,0.0,,0.0,2.0,,North,2019/2020,WELLINGTON URBAN MOTORWAY,NGAURANGA ON NBD OBR,,Non-Injury Crash,Yes,2020,,South,,0,,Hill Road,,,,,,Bright sun,2078302,0,0.0,0.0,6.0,,,0.0,,,,,,Wellington Region,Nil,2-way,Sealed,,0.0,0,,80.0,,Off,0.0,0.0,,47,Wellington City,Unknown,,,,,0.0,0.0,Open,0.0,,,Fine,Null,1
66469001,,574500,1.0,,0.0,0.0,,Null,2020/2021,KAIWHARAWHARA ROAD,PICKERING STREET,,Minor Crash,No,2020,,South,,0,,Flat,,,,,,Overcast,2093500,1,0.0,0.0,3.0,,,0.0,,,,,,Wellington Region,Nil,2-way,Sealed,,0.0,0,,50.0,,Off,0.0,0.0,,47,Wellington City,Give way,,,,,0.0,0.0,Urban,1.0,,,Light rain,Null,1
66469050,,575902,0.0,0.0,0.0,2.0,0.0,South,2020/2021,HAPPY VALLEY ROAD,BATA PLACE,,Non-Injury Crash,No,2020,0.0,South,0.0,0,0.0,Hill Road,0.0,,0.0,,1.0,Overcast,2187500,0,0.0,0.0,2.0,0.0,0.0,0.0,0.0,1.0,,0.0,0.0,Wellington Region,Nil,2-way,Sealed,0.0,0.0,0,0.0,50.0,0.0,Off,0.0,0.0,,47,Wellington City,Unknown,0.0,0.0,0.0,0.0,0.0,0.0,Urban,0.0,0.0,0.0,Light rain,Null,1
66469147,,577000,1.0,0.0,0.0,2.0,0.0,Null,2020/2021,LYALL PARADE,FREYBERG STREET,,Serious Crash,No,2020,0.0,West,0.0,0,0.0,Flat,0.0,,0.0,,0.0,Bright sun,2174500,0,0.0,0.0,2.0,0.0,0.0,0.0,0.0,1.0,,0.0,0.0,Wellington Region,Nil,2-way,Sealed,0.0,0.0,1,0.0,50.0,0.0,Off,0.0,0.0,,47,Wellington City,Give way,0.0,0.0,0.0,0.0,0.0,0.0,Urban,0.0,0.0,0.0,Fine,Null,1
66469197,,576400,0.0,0.0,0.0,2.0,0.0,Null,2021/2022,CONSTABLE STREET,COROMANDEL STREET,,Minor Crash,No,2022,0.0,West,0.0,0,0.0,Hill Road,0.0,,0.0,,0.0,Bright sun,2168200,1,0.0,0.0,2.0,0.0,0.0,0.0,0.0,0.0,,0.0,1.0,Wellington Region,Nil,2-way,Sealed,0.0,0.0,0,0.0,50.0,0.0,Off,0.0,0.0,,47,Wellington City,Traffic Signals,0.0,0.0,0.0,0.0,0.0,0.0,Urban,0.0,0.0,0.0,Fine,Null,0
66469199,,572900,0.0,0.0,0.0,2.0,0.0,North,2020/2021,WATERLOO QUAY,OLD RLY XING,,Serious Crash,No,2021,0.0,North,0.0,0,0.0,Flat,1.0,,0.0,,0.0,Dark,2118400,1,0.0,0.0,4.0,0.0,0.0,0.0,0.0,0.0,,0.0,0.0,Wellington Region,Nil,2-way,Sealed,0.0,0.0,1,0.0,50.0,0.0,On,0.0,0.0,,47,Wellington City,Nil,0.0,0.0,0.0,0.0,0.0,0.0,Urban,0.0,0.0,0.0,Fine,Null,1
66469210,,573101,0.0,,0.0,2.0,,Null,2019/2020,VICTORIA STREET,DIXON STREET,,Non-Injury Crash,No,2019,,South,,0,,Flat,,,,,,Bright sun,2131300,0,0.0,0.0,4.0,,,0.0,,,,,,Wellington Region,Nil,2-way,Sealed,,0.0,0,,50.0,,Null,0.0,0.0,,47,Wellington City,Traffic Signals,,,,,0.0,0.0,Urban,0.0,,,Fine,Null,0
66469342,,572900,0.0,,0.0,1.0,,Null,2020/2021,AOTEA QUAY ON RAMP,AOTEA QUAY,,Non-Injury Crash,No,2020,,North,,0,,Null,,,,,,Dark,2118400,0,0.0,0.0,1.0,,,0.0,,,,,,Wellington Region,Motorway ramp,1-way,Sealed,,0.0,0,,70.0,,Null,0.0,0.0,,47,Wellington City,Give way,,,,,0.0,0.0,Urban,1.0,,,Fine,Null,1
66469383,,576301,0.0,,0.0,2.0,,Null,2020/2021,ADELAIDE ROAD,STOKE STREET,,Non-Injury Crash,No,2021,,North,,0,,Null,,,,,,Unknown,2164300,0,0.0,0.0,2.0,,,0.0,,,,,,Wellington Region,Nil,2-way,Sealed,,0.0,0,,50.0,,Null,0.0,0.0,,47,Wellington City,Give way,,,,,0.0,0.0,Urban,0.0,,,Null,Null,1
66469386,,573801,0.0,,0.0,1.0,,North,2020/2021,JOHNSONVILLE PORIRUA MOTORWAY,JOHNSONVILLE OFF RAMP,,Non-Injury Crash,Yes,2020,,South,,0,,Flat,,,,,,Overcast,2079000,0,0.0,0.0,2.0,,,0.0,,,,,,Wellington Region,Nil,1-way,Sealed,,0.0,0,,100.0,,Off,0.0,0.0,,47,Wellington City,Nil,,,,,1.0,0.0,Open,0.0,,,Fine,Null,1
66469401,,573000,0.0,,0.0,1.0,,Null,2019/2020,CUSTOMHOUSE QUAY,POST OFFICE SQUARE,,Minor Crash,No,2020,,North,,0,,Flat,,,,,,Dark,2125900,1,1.0,0.0,2.0,,,0.0,,,,,,Wellington Region,Nil,2-way,Sealed,,0.0,0,,50.0,,On,0.0,0.0,,47,Wellington City,Give way,,,,,0.0,0.0,Urban,0.0,,,Fine,Null,1
66469453,,577200,1.0,,0.0,1.0,,Null,2021/2022,HOBART STREET,MIRAMAR AVENUE,,Non-Injury Crash,No,2021,,North,,0,,Flat,,,,,,Overcast,2207201,0,0.0,0.0,2.0,,,0.0,,,,,,Wellington Region,Nil,2-way,Sealed,,0.0,0,,30.0,,On,0.0,0.0,,47,Wellington City,Give way,,,,,0.0,0.0,Urban,0.0,,,Fine,Null,1
66469493,,575000,0.0,0.0,0.0,3.0,0.0,West,2020/2021,BRAITHWAITE STREET,BURN STREET,,Non-Injury Crash,No,2020,0.0,East,0.0,0,0.0,Hill Road,0.0,,0.0,,0.0,Overcast,2110900,0,0.0,0.0,2.0,0.0,0.0,0.0,0.0,2.0,,0.0,0.0,Wellington Region,Nil,2-way,Sealed,0.0,0.0,0,0.0,50.0,0.0,Off,0.0,0.0,,47,Wellington City,Unknown,0.0,0.0,0.0,0.0,0.0,0.0,Urban,0.0,0.0,0.0,Light rain,Strong wind,1
66469498,,573300,0.0,,0.0,0.0,,Null,2020/2021,ADELAIDE ROAD,DOUGLAS STREET,,Non-Injury Crash,No,2020,,North,,0,,Null,,,,,,Bright sun,2146100,0,1.0,0.0,4.0,,,0.0,,,,,,Wellington Region,Nil,2-way,Sealed,,0.0,0,,50.0,,Off,0.0,0.0,,47,Wellington City,Nil,,,,,0.0,0.0,Urban,0.0,,,Fine,Null,1
66469544,,573101,0.0,,0.0,1.0,,Null,2019/2020,TARANAKI STREET,DIXON STREET,,Non-Injury Crash,No,2020,,Null,,0,,Flat,,,,,,Bright sun,2133408,0,0.0,0.0,4.0,,,0.0,,,,,,Wellington Region,Nil,2-way,Sealed,,0.0,0,,30.0,,Null,0.0,0.0,,47,Wellington City,Traffic Signals,,,,,0.0,0.0,Urban,0.0,,,Null,Null,1
66469566,,576903,0.0,0.0,0.0,1.0,0.0,South,2020/2021,OVERTOUN TERRACE,BELVEDERE ROAD,,Non-Injury Crash,No,2020,0.0,South,0.0,0,0.0,Null,0.0,,0.0,,0.0,Overcast,2180001,0,0.0,0.0,2.0,0.0,0.0,0.0,0.0,1.0,,0.0,0.0,Wellington Region,Nil,2-way,Sealed,0.0,0.0,0,0.0,50.0,0.0,Off,0.0,0.0,,47,Wellington City,Unknown,0.0,0.0,0.0,0.0,0.0,0.0,Urban,1.0,0.0,0.0,Null,Null,1
66469580,,574200,0.0,0.0,0.0,2.0,0.0,Null,2020/2021,LUCKNOW TERRACE,SWANSEA STREET,,Non-Injury Crash,No,2020,0.0,South,0.0,0,0.0,Flat,0.0,,0.0,,0.0,Bright sun,2088600,0,0.0,0.0,2.0,0.0,0.0,0.0,0.0,1.0,,0.0,0.0,Wellington Region,Nil,2-way,Sealed,0.0,0.0,0,0.0,50.0,0.0,Off,0.0,0.0,,47,Wellington City,Stop,0.0,0.0,0.0,0.0,0.0,0.0,Urban,0.0,0.0,0.0,Fine,Strong wind,1
66469597,,573700,0.0,0.0,0.0,0.0,0.0,West,2020/2021,WANAKA STREET,MOOREFIELD ROAD,,Non-Injury Crash,No,2020,0.0,Null,0.0,0,0.0,Flat,0.0,,0.0,,0.0,Unknown,2082400,0,0.0,0.0,2.0,0.0,0.0,0.0,0.0,1.0,,0.0,0.0,Wellington Region,Nil,2-way,Sealed,0.0,0.0,0,0.0,50.0,0.0,Null,1.0,0.0,,47,Wellington City,Nil,0.0,0.0,0.0,0.0,0.0,1.0,Urban,0.0,0.0,0.0,Null,Null,1
66469633,,573000,0.0,,0.0,1.0,,Null,2021/2022,STOUT STREET,BUNNY STREET,,Minor Crash,No,2021,,North,,0,,Flat,,,,,,Bright sun,2123800,1,0.0,0.0,2.0,,,0.0,,,1.0,,,Wellington Region,Nil,1-way,Sealed,,0.0,0,,30.0,,Off,0.0,0.0,,47,Wellington City,Traffic Signals,,,,,0.0,0.0,Urban,1.0,,,Fine,Null,1
66469649,,577200,0.0,,0.0,4.0,,Null,2020/2021,BROADWAY,CRAWFORD GREEN,,Non-Injury Crash,No,2020,,West,,0,,Flat,,,,,,Bright sun,2209000,0,0.0,0.0,2.0,,,0.0,,,,,,Wellington Region,Nil,2-way,Sealed,,0.0,0,,50.0,,Off,0.0,0.0,,47,Wellington City,Give way,,,,,0.0,0.0,Urban,0.0,,,Fine,Null,1
66469657,,573000,0.0,,1.0,0.0,,Null,2019/2020,LAMBTON QUAY,WHITMORE STREET,,Minor Crash,No,2020,,North,,0,,Flat,,,,,,Bright sun,2123700,2,0.0,0.0,2.0,,,0.0,,,,,,Wellington Region,Nil,2-way,Sealed,,0.0,0,,30.0,,Off,0.0,0.0,,47,Wellington City,Traffic Signals,,,,,0.0,0.0,Urban,1.0,,,Fine,Null,1
66469685,,575000,1.0,0.0,0.0,1.0,0.0,Null,2020/2021,KARORI ROAD,FLERS STREET,,Minor Crash,No,2020,0.0,East,0.0,0,0.0,Flat,0.0,,0.0,,0.0,Bright sun,2111000,2,0.0,1.0,2.0,0.0,0.0,0.0,0.0,1.0,,0.0,0.0,Wellington Region,Nil,2-way,Sealed,0.0,0.0,0,0.0,50.0,0.0,Off,0.0,0.0,,47,Wellington City,Stop,0.0,0.0,0.0,0.0,0.0,0.0,Urban,0.0,0.0,0.0,Fine,Null,1
66469699,,573101,0.0,0.0,0.0,1.0,0.0,East,2020/2021,COURTENAY PLACE,TARANAKI STREET,,Non-Injury Crash,No,2020,0.0,South,0.0,0,0.0,Flat,0.0,,0.0,,0.0,Dark,2135600,0,0.0,0.0,2.0,0.0,0.0,0.0,0.0,1.0,,0.0,0.0,Wellington Region,Nil,2-way,Sealed,0.0,0.0,0,0.0,30.0,0.0,On,0.0,0.0,,47,Wellington City,Unknown,0.0,0.0,0.0,0.0,0.0,0.0,Urban,1.0,0.0,0.0,Fine,Null,1
66469712,,577102,0.0,,0.0,1.0,,Null,2019/2020,MONORGAN ROAD,BROADWAY,,Non-Injury Crash,No,2019,,North,,0,,Flat,,,,,,Overcast,2215400,0,0.0,0.0,2.0,,,0.0,,,,,,Wellington Region,Nil,2-way,Sealed,,0.0,0,,50.0,,Off,1.0,0.0,,47,Wellington City,Stop,,,,,0.0,0.0,Urban,0.0,,,Fine,Null,0
66469726,,576200,0.0,0.0,0.0,0.0,0.0,West,2020/2021,BRITOMART STREET,ADELAIDE ROAD,,Non-Injury Crash,No,2020,0.0,East,0.0,0,0.0,Hill Road,0.0,Christmas New Year,0.0,,0.0,Twilight,2171200,0,0.0,0.0,2.0,0.0,0.0,0.0,0.0,1.0,,0.0,0.0,Wellington Region,Nil,2-way,Sealed,0.0,0.0,0,0.0,50.0,0.0,On,1.0,0.0,,47,Wellington City,Nil,0.0,0.0,0.0,0.0,0.0,0.0,Urban,1.0,0.0,0.0,Fine,Null,1
66469755,,573300,0.0,0.0,0.0,0.0,0.0,Null,2020/2021,RUGBY STREET,SUSSEX STREET,,Non-Injury Crash,No,2020,0.0,East,0.0,0,0.0,Hill Road,0.0,,0.0,,0.0,Overcast,2145700,0,0.0,0.0,2.0,0.0,0.0,0.0,0.0,0.0,,0.0,2.0,Wellington Region,Nil,2-way,Sealed,0.0,0.0,0,0.0,50.0,0.0,Off,0.0,0.0,,47,Wellington City,Stop,0.0,0.0,0.0,0.0,1.0,0.0,Urban,0.0,0.0,0.0,Fine,Null,1
66469764,,574800,0.0,,0.0,1.0,,North,2020/2021,PARKVALE ROAD,KARORI ROAD,,Non-Injury Crash,No,2020,,North,,0,,Flat,,,,,,Bright sun,2107600,0,0.0,1.0,2.0,,,0.0,,,,,,Wellington Region,Nil,2-way,Sealed,,0.0,0,,50.0,,Off,0.0,0.0,,47,Wellington City,Nil,,,,,0.0,0.0,Urban,0.0,,,Fine,Null,1
66469768,35.0,574703,0.0,0.0,0.0,1.0,0.0,West,2019/2020,CHESHIRE STREET,PEMBROKE ROAD,,Non-Injury Crash,No,2019,0.0,South,0.0,0,0.0,Hill Road,0.0,,0.0,,0.0,Overcast,2102800,0,0.0,0.0,0.0,0.0,0.0,0.0,0.0,1.0,,0.0,0.0,Wellington Region,Nil,2-way,Sealed,0.0,0.0,0,0.0,50.0,0.0,Off,1.0,0.0,,47,Wellington City,Unknown,0.0,0.0,0.0,0.0,0.0,0.0,Urban,0.0,0.0,0.0,Light rain,Null,0
66469811,,573000,0.0,,1.0,1.0,,Null,2020/2021,EVERTON TERRACE,CLIFTON TERRACE,,Non-Injury Crash,No,2021,,East,,0,,Hill Road,,,,,,Twilight,2124900,0,0.0,0.0,2.0,,,0.0,,,,,,Wellington Region,Nil,2-way,Sealed,,0.0,0,,50.0,,Off,0.0,1.0,,47,Wellington City,Traffic Signals,,,,,0.0,0.0,Urban,0.0,,,Fine,Null,1
66469815,,575300,1.0,,0.0,1.0,,South,2020/2021,SALAMANCA ROAD,KELBURN PARADE,,Serious Crash,No,2021,,North,,0,,Hill Road,,,,,,Bright sun,2155300,0,0.0,0.0,2.0,,,0.0,,,,,,Wellington Region,Nil,2-way,Sealed,,0.0,1,,50.0,,Off,0.0,0.0,,47,Wellington City,Nil,,,,,0.0,0.0,Urban,0.0,,,Fine,Null,1
66469821,,572500,0.0,,0.0,1.0,,South,2020/2021,MAIN ROAD,TAWA STREET,,Minor Crash,No,2021,,South,,0,,Flat,,,,,,Dark,1986300,1,1.0,0.0,2.0,,,0.0,,,,,,Wellington Region,Nil,2-way,Sealed,,0.0,0,,50.0,,On,0.0,0.0,,47,Wellington City,Unknown,,,,,0.0,0.0,Urban,0.0,,,Light rain,Null,1
66469842,,573514,0.0,0.0,0.0,2.0,0.0,South,2019/2020,CHURTON DRIVE,HALSWATER DRIVE,,Non-Injury Crash,No,2020,0.0,South,0.0,0,0.0,Null,0.0,,0.0,,0.0,Unknown,2086614,0,0.0,0.0,2.0,0.0,0.0,0.0,0.0,1.0,,0.0,0.0,Wellington Region,Nil,2-way,Sealed,0.0,0.0,0,0.0,50.0,0.0,Off,0.0,0.0,,47,Wellington City,Unknown,0.0,0.0,0.0,0.0,0.0,0.0,Urban,0.0,0.0,0.0,Null,Null,1
66469852,,572900,0.0,0.0,0.0,2.0,0.0,West,2019/2020,HILL STREET,SELWYN TERRACE,,Non-Injury Crash,No,2020,0.0,East,0.0,0,0.0,Hill Road,0.0,,0.0,,1.0,Bright sun,2122400,0,0.0,0.0,2.0,0.0,0.0,0.0,0.0,1.0,,0.0,0.0,Wellington Region,Nil,2-way,Sealed,0.0,0.0,0,0.0,50.0,0.0,Off,0.0,0.0,,47,Wellington City,Nil,0.0,0.0,0.0,1.0,0.0,0.0,Urban,0.0,0.0,0.0,Fine,Null,1
66469853,,572900,0.0,,0.0,0.0,,North,2020/2021,MULGRAVE STREET,AITKEN STREET,,Minor Crash,No,2021,,South,,0,,Hill Road,,,,,,Overcast,2121400,1,1.0,0.0,2.0,,,0.0,,,,,,Wellington Region,Nil,1-way,Sealed,,0.0,0,,50.0,,Off,0.0,0.0,,47,Wellington City,Nil,,,,,0.0,0.0,Urban,0.0,,,Light rain,Null,1
66469856,,573300,0.0,0.0,1.0,1.0,0.0,North,2019/2020,WALLACE ST,ROLLESTON STREET,,Non-Injury Crash,No,2019,0.0,North,0.0,0,0.0,Flat,0.0,,0.0,,0.0,Dark,2145100,0,0.0,0.0,2.0,0.0,0.0,0.0,0.0,0.0,,0.0,0.0,Wellington Region,Nil,2-way,Sealed,0.0,0.0,0,0.0,50.0,0.0,On,0.0,1.0,,47,Wellington City,Unknown,0.0,0.0,0.0,0.0,0.0,0.0,Urban,0.0,1.0,0.0,Null,Null,0
66469873,,572900,0.0,,0.0,1.0,,South,2020/2021,WELLINGTON URBAN MOTORWAY,HILL ST OBR,,Non-Injury Crash,Yes,2021,,North,,0,,Flat,,,,,,Overcast,2122300,0,0.0,0.0,3.0,,,0.0,,,,,,Wellington Region,Nil,1-way,Sealed,,0.0,0,,100.0,,Off,0.0,0.0,,47,Wellington City,Unknown,,,,,1.0,0.0,Open,0.0,,,Light rain,Strong wind,1
66469927,,573523,0.0,,0.0,0.0,,Null,2020/2021,GRENADA DRIVE,CHURTON PARK-GLENSIDE OFF RAMP,,Non-Injury Crash,No,2021,,West,,0,,Flat,,,,,,Bright sun,2086310,0,0.0,0.0,2.0,,,0.0,,,,,,Wellington Region,Bridge,2-way,Sealed,,0.0,0,,50.0,,Off,1.0,0.0,,47,Wellington City,Stop,,,,,0.0,0.0,Urban,1.0,,,Fine,Null,1
66469989,,577000,0.0,,0.0,1.0,,Null,2020/2021,ENDEAVOUR STREET,ROSS STREET,,Non-Injury Crash,No,2020,,East,,0,,Flat,,,,,,Overcast,2174900,0,0.0,0.0,2.0,,,0.0,,,,,,Wellington Region,Nil,2-way,Sealed,,0.0,0,,50.0,,Off,0.0,0.0,,47,Wellington City,Give way,,,,,0.0,0.0,Urban,1.0,,,Light rain,Null,1
66470090,,572900,0.0,,0.0,0.0,,Null,2021/2022,LITTLE PIPITEA STREET,MOLESWORTH STREET,,Minor Crash,No,2021,,East,,0,,Flat,,,,,,Bright sun,2119200,1,0.0,0.0,1.0,,,0.0,,,2.0,,,Wellington Region,Nil,1-way,Sealed,,0.0,0,,50.0,,Off,0.0,0.0,,47,Wellington City,Give way,,,,,0.0,0.0,Urban,1.0,,,Fine,Null,1
66470093,,577102,0.0,0.0,1.0,0.0,0.0,North,2020/2021,MONORGAN ROAD,RAUKAWA STREET,,Non-Injury Crash,No,2020,0.0,West,0.0,0,0.0,Flat,0.0,,0.0,,0.0,Bright sun,2215400,0,0.0,0.0,2.0,0.0,0.0,0.0,0.0,1.0,,0.0,0.0,Wellington Region,Nil,2-way,Sealed,0.0,0.0,0,0.0,50.0,0.0,Off,1.0,0.0,,47,Wellington City,Nil,0.0,0.0,0.0,0.0,0.0,0.0,Urban,0.0,0.0,0.0,Fine,Null,1
66470096,,572701,0.0,0.0,0.0,1.0,0.0,South,2019/2020,COLLINS AVENUE,RANUI TERRACE,,Non-Injury Crash,No,2020,0.0,South,0.0,0,0.0,Flat,0.0,,0.0,,0.0,Overcast,1993701,0,0.0,0.0,2.0,0.0,0.0,0.0,0.0,1.0,,0.0,0.0,Wellington Region,Speed hump,2-way,Sealed,0.0,0.0,0,0.0,50.0,0.0,None,0.0,0.0,,47,Wellington City,Nil,0.0,0.0,0.0,0.0,0.0,0.0,Urban,2.0,0.0,0.0,Fine,Null,1
66470097,,573101,0.0,0.0,0.0,1.0,0.0,Null,2019/2020,COURTENAY PLACE,ALLEN STREET,,Non-Injury Crash,No,2020,0.0,West,0.0,0,0.0,Flat,0.0,,0.0,,0.0,Bright sun,2136000,0,0.0,0.0,1.0,0.0,0.0,0.0,0.0,1.0,,0.0,0.0,Wellington Region,Nil,1-way,Sealed,0.0,0.0,0,0.0,30.0,0.0,Off,0.0,0.0,,47,Wellington City,Nil,0.0,0.0,0.0,0.0,0.0,0.0,Urban,1.0,0.0,0.0,Null,Null,1
66470158,,575600,0.0,0.0,0.0,1.0,0.0,East,2020/2021,CLEVELAND STREET,OHIRO ROAD,,Non-Injury Crash,No,2021,0.0,East,0.0,0,0.0,Flat,0.0,,0.0,,0.0,Bright sun,2162300,0,0.0,0.0,2.0,0.0,0.0,0.0,0.0,1.0,,0.0,0.0,Wellington Region,Nil,2-way,Sealed,0.0,0.0,0,0.0,30.0,0.0,Off,0.0,0.0,,47,Wellington City,Nil,0.0,0.0,0.0,0.0,1.0,0.0,Urban,0.0,0.0,0.0,Fine,Null,1
66470169,,573525,0.0,0.0,0.0,2.0,0.0,South,2020/2021,BING LUCAS DRIVE,WOODMAN DRIVE,,Non-Injury Crash,No,2020,0.0,East,0.0,0,0.0,Flat,0.0,,0.0,,0.0,Twilight,2053831,0,0.0,0.0,2.0,0.0,0.0,0.0,0.0,0.0,,0.0,0.0,Wellington Region,Nil,2-way,Sealed,0.0,0.0,0,0.0,50.0,0.0,None,0.0,0.0,,47,Wellington City,Nil,0.0,0.0,0.0,0.0,0.0,0.0,Urban,0.0,1.0,0.0,Fine,Null,1
66470253,,575600,0.0,,0.0,2.0,,Null,2021/2022,OHIRO ROAD,TODMAN STREET,,Minor Crash,No,2021,,North,,0,,Flat,,,,,,Dark,2161300,1,0.0,0.0,3.0,,,0.0,,,,,,Wellington Region,Nil,2-way,Sealed,,0.0,0,,50.0,,On,0.0,0.0,,47,Wellington City,Traffic Signals,,,,,0.0,0.0,Urban,0.0,,,Fine,Null,1
66470276,,573101,1.0,,0.0,1.0,,East,2020/2021,CABLE STREET,TARANAKI STREET,,Minor Crash,No,2020,,East,,0,,Flat,,Christmas New Year,,,,Bright sun,2135200,1,0.0,0.0,3.0,,,0.0,,,,,,Wellington Region,Nil,1-way,Sealed,,0.0,0,,50.0,,Off,0.0,0.0,,47,Wellington City,Unknown,,,,,0.0,0.0,Urban,0.0,,,Fine,Null,1
66470282,,573000,1.0,,0.0,0.0,,South,2021/2022,THE TERRACE,WOODWARD STREET,,Serious Crash,No,2021,,North,,0,,Hill Road,,,,,,Overcast,2124400,0,0.0,0.0,2.0,,,0.0,,,,,,Wellington Region,Nil,2-way,Sealed,,0.0,1,,30.0,,Off,0.0,0.0,,47,Wellington City,Nil,,,,,0.0,0.0,Urban,1.0,,,Fine,Null,1
66470283,,574100,0.0,,0.0,0.0,,South,2020/2021,CENTENNIAL HIGHWAY,NEWLANDS OBR NBD,,Non-Injury Crash,Yes,2020,,North,,0,,Hill Road,,,,,,Overcast,2084600,0,0.0,0.0,4.0,,,0.0,,,,,,Wellington Region,Motorway ramp,1-way,Sealed,,0.0,0,,80.0,,None,0.0,0.0,,47,Wellington City,Nil,,,,,0.0,0.0,Open,1.0,,,Fine,Strong wind,1
66470293,,575100,0.0,0.0,0.0,1.0,0.0,Null,2020/2021,BEAUCHAMP STREET,KARORI ROAD,,Non-Injury Crash,No,2020,0.0,North,0.0,0,0.0,Hill Road,0.0,,0.0,,0.0,Bright sun,2114200,0,1.0,0.0,2.0,0.0,0.0,0.0,0.0,1.0,,0.0,0.0,Wellington Region,Nil,2-way,Sealed,0.0,0.0,0,0.0,50.0,0.0,Off,0.0,0.0,,47,Wellington City,Give way,0.0,0.0,0.0,0.0,0.0,0.0,Urban,0.0,0.0,0.0,Fine,Null,1
66470308,,575300,0.0,0.0,0.0,2.0,0.0,North,2019/2020,GLENMORE STREET,CRIEFF STREET,,Non-Injury Crash,No,2020,0.0,South,0.0,0,0.0,Flat,0.0,,0.0,,0.0,Dark,2153601,0,0.0,0.0,2.0,0.0,0.0,0.0,0.0,1.0,,0.0,0.0,Wellington Region,Nil,2-way,Sealed,0.0,0.0,0,0.0,50.0,0.0,On,0.0,0.0,,47,Wellington City,Unknown,0.0,0.0,0.0,0.0,0.0,0.0,Urban,0.0,0.0,0.0,Fine,Null,1
66470326,,573511,0.0,0.0,0.0,1.0,1.0,North,2020/2021,MIDDLETON ROAD,ROWELLS ROAD,,Non-Injury Crash,No,2021,0.0,North,0.0,0,0.0,Flat,0.0,,0.0,,0.0,Bright sun,2086203,0,0.0,0.0,2.0,0.0,0.0,0.0,0.0,0.0,,0.0,0.0,Wellington Region,Nil,2-way,Sealed,0.0,0.0,0,0.0,70.0,0.0,None,0.0,0.0,30.0,47,Wellington City,Nil,0.0,0.0,0.0,0.0,0.0,0.0,Urban,0.0,0.0,0.0,Fine,Null,1
66470327,,577302,0.0,0.0,0.0,2.0,0.0,South,2020/2021,PARA STREET,ASHLEIGH CRESCENT,,Minor Crash,No,2021,0.0,North,0.0,0,0.0,Flat,0.0,,0.0,,0.0,Bright sun,2204500,1,0.0,0.0,2.0,0.0,0.0,0.0,0.0,1.0,,0.0,0.0,Wellington Region,Nil,2-way,Sealed,0.0,0.0,0,0.0,50.0,0.0,Off,0.0,0.0,,47,Wellington City,Nil,0.0,0.0,0.0,0.0,0.0,0.0,Urban,0.0,0.0,0.0,Fine,Null,1