OBJECTID,advisorySpeed,areaUnitID,bicycle,bridge,bus,carStationWagon,cliffBank,crashDirectionDescription,crashFinancialYear,crashLocation1,crashLocation2,crashRoadSideRoad,crashSeverity,crashSHDescription,crashYear,debris,directionRoleDescription,ditch,fatalCount,fence,flatHill,guardRail,holiday,houseOrBuilding,intersection,kerb,light,meshblockId,minorInjuryCount,moped,motorcycle,NumberOfLanes,objectThrownOrDropped,otherObject,otherVehicleType,overBank,parkedVehicle,pedestrian,phoneBoxEtc,postOrPole,region,roadCharacter,roadLane,roadSurface,roadworks,schoolBus,seriousInjuryCount,slipOrFlood,speedLimit,strayAnimal,streetLight,suv,taxi,temporarySpeedLimit,tlaId,tlaName,trafficControl,trafficIsland,trafficSign,train,tree,truck,unknownVehicleType,urban,vanOrUtility,vehicle,waterRiver,weatherA,weatherB,if_pandemic
66470332,,577400,0.0,0.0,0.0,0.0,0.0,West,2019/2020,MARINE PARADE,AWA ROAD,,Non-Injury Crash,No,2019,0.0,North,0.0,0,0.0,Null,0.0,,0.0,,0.0,Bright sun,2210000,0,0.0,0.0,2.0,0.0,0.0,0.0,0.0,1.0,,0.0,0.0,Wellington Region,Nil,2-way,Sealed,0.0,0.0,0,0.0,50.0,0.0,None,1.0,0.0,,47,Wellington City,Nil,0.0,0.0,0.0,0.0,0.0,0.0,Urban,1.0,0.0,0.0,Null,Null,0
66470349,,572500,0.0,,0.0,1.0,,Null,2020/2021,REDWOOD AVENUE,MAIN ROAD,,Minor Crash,No,2021,,East,,0,,Flat,,,,,,Bright sun,1988300,1,0.0,0.0,2.0,,,0.0,,,,,,Wellington Region,Nil,2-way,Sealed,,0.0,0,,50.0,,Off,1.0,0.0,,47,Wellington City,Give way,,,,,0.0,0.0,Urban,0.0,,,Fine,Null,1
66470446,,572900,0.0,,0.0,1.0,,Null,2020/2021,TINAKORI ROAD,HARRIETT STREET,,Minor Crash,No,2021,,North,,0,,Flat,,,,,,Dark,2120100,1,1.0,0.0,2.0,,,0.0,,,,,,Wellington Region,Nil,2-way,Sealed,,0.0,0,,50.0,,On,0.0,0.0,,47,Wellington City,Traffic Signals,,,,,0.0,0.0,Urban,0.0,,,Fine,Strong wind,1
66470458,,573200,0.0,,0.0,1.0,,Null,2020/2021,ARO STREET,ADAMS TERRACE,,Minor Crash,No,2021,,South,,0,,Flat,,,,,,Overcast,2157200,1,1.0,0.0,2.0,,,0.0,,,,,,Wellington Region,Nil,2-way,Sealed,,0.0,0,,50.0,,Off,0.0,0.0,,47,Wellington City,Nil,,,,,0.0,0.0,Urban,0.0,,,Fine,Null,1
66470468,,573300,0.0,0.0,0.0,1.0,0.0,North,2019/2020,BUCKLE STREET,SUSSEX STREET,,Non-Injury Crash,No,2020,0.0,North,0.0,0,0.0,Hill Road,0.0,,0.0,,0.0,Overcast,2145602,0,0.0,0.0,2.0,0.0,0.0,0.0,0.0,0.0,,0.0,0.0,Wellington Region,Nil,1-way,Sealed,0.0,0.0,0,0.0,50.0,0.0,Off,0.0,0.0,,47,Wellington City,Nil,0.0,0.0,0.0,1.0,0.0,0.0,Urban,0.0,0.0,0.0,Light rain,Null,1
66470478,,574600,0.0,0.0,0.0,2.0,0.0,North,2020/2021,GRANT ROAD,GOLDIES BRAE,,Non-Injury Crash,No,2021,0.0,North,0.0,0,0.0,Hill Road,0.0,,0.0,,0.0,Overcast,2099600,0,0.0,0.0,2.0,0.0,0.0,0.0,0.0,1.0,,0.0,0.0,Wellington Region,Nil,2-way,Sealed,0.0,0.0,0,0.0,50.0,0.0,Off,0.0,0.0,,47,Wellington City,Nil,0.0,0.0,0.0,0.0,0.0,0.0,Urban,0.0,0.0,0.0,Light rain,Null,1
66470521,,572900,0.0,,0.0,0.0,,Null,2020/2021,AITKEN STREET,MOLESWORTH STREET,,Minor Crash,No,2021,,North,,0,,Flat,,,,,,Dark,2121400,1,0.0,0.0,2.0,,,0.0,,,1.0,,,Wellington Region,Nil,2-way,Sealed,,0.0,0,,50.0,,On,0.0,0.0,,47,Wellington City,Traffic Signals,,,,,0.0,0.0,Urban,1.0,,,Fine,Null,1
66470525,,573400,0.0,1.0,0.0,3.0,0.0,West,2020/2021,MT VICTORIA TUNNEL,EAST PORTAL,,Non-Injury Crash,Yes,2020,0.0,East,0.0,0,0.0,Flat,0.0,,0.0,,0.0,Dark,2143300,0,0.0,0.0,2.0,0.0,0.0,0.0,0.0,0.0,,0.0,0.0,Wellington Region,Tunnel,2-way,Sealed,0.0,0.0,0,0.0,50.0,0.0,On,0.0,1.0,,47,Wellington City,Unknown,0.0,0.0,0.0,0.0,0.0,0.0,Urban,0.0,0.0,0.0,Fine,Null,1
66470567,,576903,0.0,,0.0,2.0,,North,2020/2021,RUAHINE STREET,WELLINGTON ROAD,,Minor Crash,Yes,2021,,South,,0,,Flat,,,,,,Bright sun,2180601,1,0.0,0.0,2.0,,,0.0,,,,,,Wellington Region,Nil,2-way,Sealed,,0.0,0,,70.0,,Off,0.0,0.0,,47,Wellington City,Unknown,,,,,0.0,0.0,Urban,0.0,,,Fine,Null,1
66470572,,573101,0.0,,0.0,1.0,,Null,2020/2021,WAKEFIELD STREET,TORY STREET,,Non-Injury Crash,No,2020,,West,,0,,Flat,,Christmas New Year,,,,Overcast,2135700,0,0.0,0.0,3.0,,,0.0,,,,,,Wellington Region,Nil,1-way,Sealed,,0.0,0,,50.0,,Off,0.0,1.0,,47,Wellington City,Traffic Signals,,,,,0.0,0.0,Urban,1.0,,,Fine,Null,1
66470573,,573522,0.0,0.0,0.0,1.0,1.0,North,2020/2021,JOHNSONVILLE PORIRUA MOTORWAY,TAWA-GRENADA NORTH OFF RAMP,,Non-Injury Crash,Yes,2021,0.0,North,0.0,0,0.0,Flat,1.0,,0.0,,0.0,Dark,2053703,0,0.0,0.0,3.0,0.0,0.0,0.0,0.0,0.0,,0.0,0.0,Wellington Region,Nil,1-way,Sealed,0.0,0.0,0,0.0,100.0,0.0,On,0.0,0.0,,47,Wellington City,Nil,0.0,0.0,0.0,1.0,0.0,0.0,Open,0.0,0.0,0.0,Fine,Null,1
66470586,,573300,0.0,0.0,0.0,1.0,0.0,South,2020/2021,SUSSEX STREET,BUCKLE STREET,,Non-Injury Crash,Yes,2020,0.0,North,0.0,0,0.0,Flat,0.0,,0.0,,0.0,Unknown,2145602,0,0.0,0.0,3.0,0.0,0.0,0.0,0.0,1.0,,0.0,0.0,Wellington Region,Nil,1-way,Null,0.0,0.0,0,0.0,50.0,0.0,Null,0.0,0.0,,47,Wellington City,Nil,0.0,0.0,0.0,0.0,1.0,0.0,Urban,0.0,0.0,0.0,Fine,Null,1
66470604,,572900,0.0,,0.0,2.0,,Null,2019/2020,WATERLOO QUAY,HINEMOA STREET,,Minor Crash,No,2020,,South,,0,,Flat,,,,,,Dark,2118400,2,0.0,0.0,5.0,,,0.0,,,,,,Wellington Region,Nil,2-way,Sealed,,0.0,0,,50.0,,On,0.0,0.0,,47,Wellington City,Traffic Signals,,,,,0.0,0.0,Urban,0.0,,,Fine,Null,1
66470605,,572600,0.0,0.0,0.0,0.0,0.0,Null,2020/2021,MAIN ROAD,LYNDHURST ROAD,,Serious Crash,No,2020,0.0,North,0.0,0,0.0,Flat,0.0,,0.0,,0.0,Dark,1990600,0,0.0,1.0,2.0,0.0,0.0,0.0,0.0,1.0,,0.0,0.0,Wellington Region,Nil,2-way,Sealed,0.0,0.0,1,0.0,50.0,0.0,On,0.0,0.0,,47,Wellington City,Give way,1.0,0.0,0.0,0.0,0.0,1.0,Urban,0.0,0.0,0.0,Fine,Null,1
66470606,,573903,0.0,0.0,0.0,1.0,0.0,North,2020/2021,CENTENNIAL HIGHWAY,NEWLANDS OBR SBD,,Non-Injury Crash,Yes,2021,0.0,South,0.0,0,0.0,Hill Road,1.0,,0.0,,0.0,Twilight,2075103,0,0.0,0.0,3.0,0.0,0.0,0.0,0.0,0.0,,0.0,1.0,Wellington Region,Underpass,1-way,Sealed,0.0,0.0,0,0.0,80.0,0.0,On,0.0,0.0,,47,Wellington City,Nil,0.0,0.0,0.0,0.0,0.0,0.0,Open,0.0,0.0,0.0,Fine,Null,1
66470644,,576200,0.0,0.0,0.0,2.0,1.0,North,2019/2020,ADELAIDE ROAD,DOVER STREET,,Non-Injury Crash,No,2019,0.0,North,0.0,0,0.0,Flat,0.0,,0.0,,0.0,Twilight,2173200,0,0.0,0.0,2.0,0.0,0.0,0.0,0.0,1.0,,0.0,0.0,Wellington Region,Nil,2-way,Sealed,0.0,0.0,0,0.0,50.0,0.0,On,0.0,0.0,,47,Wellington City,Nil,1.0,0.0,0.0,0.0,0.0,0.0,Urban,0.0,0.0,0.0,Fine,Null,0
66470654,,572900,0.0,,0.0,1.0,,West,2021/2022,LAMBTON QUAY,BUNNY STREET,,Non-Injury Crash,No,2021,,East,,0,,Flat,,,,,,Bright sun,2122400,0,0.0,0.0,2.0,,,0.0,,,,,,Wellington Region,Nil,1-way,Sealed,,0.0,0,,30.0,,Off,0.0,1.0,,47,Wellington City,Nil,,,,,0.0,0.0,Urban,0.0,,,Fine,Null,1
66470683,,573903,0.0,,0.0,1.0,,South,2020/2021,NEWLANDS ROAD,STELLA GROVE,,Minor Crash,No,2021,,North,,0,,Hill Road,,,,,,Overcast,2074600,2,0.0,0.0,2.0,,,0.0,,,,,,Wellington Region,Nil,2-way,Sealed,,0.0,0,,50.0,,Off,0.0,0.0,,47,Wellington City,Nil,,,,,0.0,0.0,Urban,1.0,,,Fine,Null,1
66470702,,572701,0.0,,0.0,1.0,,North,2021/2022,BELL STREET,MEXTED TERRACE,,Serious Crash,No,2021,,South,,0,,Hill Road,,,,,,Overcast,1995900,0,0.0,1.0,2.0,,,0.0,,,,,,Wellington Region,Nil,2-way,Sealed,,0.0,1,,50.0,,Off,0.0,0.0,,47,Wellington City,Nil,,,,,0.0,0.0,Urban,0.0,,,Fine,Null,1
66470714,,573902,0.0,0.0,0.0,1.0,0.0,South,2020/2021,WOODRIDGE DRIVE,GLENWOOD GROVE,,Non-Injury Crash,No,2020,0.0,North,0.0,0,1.0,Hill Road,0.0,,0.0,,0.0,Twilight,2086404,0,0.0,0.0,2.0,0.0,0.0,0.0,0.0,0.0,,0.0,0.0,Wellington Region,Nil,2-way,Sealed,0.0,0.0,0,0.0,50.0,0.0,On,0.0,0.0,,47,Wellington City,Nil,0.0,0.0,0.0,1.0,0.0,0.0,Urban,0.0,0.0,0.0,Fine,Null,1
66470744,,577601,0.0,,0.0,0.0,,South,2019/2020,NEVAY ROAD,MAIN ROAD,,Non-Injury Crash,No,2020,,South,,0,,Flat,,,,,,Bright sun,2201000,0,0.0,0.0,2.0,,,0.0,,,,,,Wellington Region,Nil,2-way,Sealed,,0.0,0,,50.0,,Off,1.0,0.0,,47,Wellington City,Nil,,,,,1.0,0.0,Urban,0.0,,,Fine,Null,1
66470755,,572701,0.0,0.0,0.0,1.0,0.0,Null,2019/2020,MAIN ROAD,LINDEN AVENUE,,Non-Injury Crash,No,2020,0.0,North,0.0,0,0.0,Flat,0.0,,0.0,,0.0,Dark,1993902,0,0.0,0.0,2.0,0.0,0.0,0.0,0.0,0.0,,0.0,0.0,Wellington Region,Nil,2-way,Sealed,0.0,0.0,0,0.0,50.0,0.0,On,0.0,0.0,,47,Wellington City,Give way,1.0,0.0,0.0,0.0,0.0,0.0,Urban,0.0,0.0,0.0,Light rain,Null,1
66470757,,577000,0.0,,0.0,1.0,,Null,2020/2021,KINGSFORD SMITH STREET,TIRANGI ROAD,,Non-Injury Crash,No,2020,,East,,0,,Flat,,,,,,Bright sun,2175502,0,0.0,0.0,2.0,,,0.0,,,,,,Wellington Region,Nil,2-way,Sealed,,0.0,0,,50.0,,Off,0.0,0.0,,47,Wellington City,Stop,,,,,0.0,0.0,Urban,1.0,,,Fine,Null,1
66470802,,573101,0.0,,0.0,1.0,,Null,2020/2021,ABEL SMITH STREET,VICTORIA STREET,,Minor Crash,No,2021,,East,,0,,Flat,,,,,,Bright sun,2131900,1,0.0,0.0,2.0,,,0.0,,,1.0,,,Wellington Region,Nil,2-way,Sealed,,0.0,0,,30.0,,Off,0.0,0.0,,47,Wellington City,Traffic Signals,,,,,0.0,0.0,Urban,0.0,,,Fine,Null,1
66470807,,573101,0.0,,0.0,1.0,,Null,2020/2021,KARO DRIVE,WILLIS STREET,,Non-Injury Crash,Yes,2021,,North,,0,,Flat,,Easter,,,,Unknown,2132400,0,0.0,0.0,3.0,,,0.0,,,,,,Wellington Region,Nil,1-way,Sealed,,0.0,0,,50.0,,On,0.0,0.0,,47,Wellington City,Traffic Signals,,,,,0.0,0.0,Urban,1.0,,,Fine,Null,1
66470830,,573101,0.0,,0.0,0.0,,North,2018/2019,BUCKLE STREET,SUSSEX STREET,,Non-Injury Crash,Yes,2019,,West,,0,,Null,,,,,,Dark,2137000,0,0.0,0.0,4.0,,,0.0,,,,,,Wellington Region,Nil,1-way,Sealed,,0.0,0,,50.0,,On,1.0,0.0,,47,Wellington City,Nil,,,,,0.0,0.0,Urban,1.0,,,Null,Null,0
66470846,,576200,0.0,,0.0,2.0,,Null,2019/2020,BRITOMART STREET,ADELAIDE ROAD,,Minor Crash,No,2020,,East,,0,,Hill Road,,,,,,Dark,2172500,1,0.0,0.0,2.0,,,0.0,,,,,,Wellington Region,Nil,2-way,Sealed,,0.0,0,,50.0,,On,0.0,1.0,,47,Wellington City,Traffic Signals,,,,,0.0,0.0,Urban,0.0,,,Light rain,Null,1
66470868,,577500,0.0,,0.0,1.0,,North,2020/2021,TIO TIO ROAD,NETHERLEIGH STREET,,Non-Injury Crash,No,2020,,South,,0,,Hill Road,,,,,,Overcast,2210500,0,0.0,0.0,2.0,,,0.0,,,,,,Wellington Region,Nil,2-way,Sealed,,0.0,0,,50.0,,Off,0.0,0.0,,47,Wellington City,Nil,,,,,1.0,0.0,Urban,0.0,,,Light rain,Null,1
66470891,,576001,0.0,0.0,0.0,4.0,0.0,North,2019/2020,DERWENT ST,RIBBLE ST,,Minor Crash,No,2019,0.0,South,0.0,0,0.0,Flat,0.0,,0.0,,0.0,Dark,2190700,1,0.0,0.0,2.0,0.0,0.0,0.0,0.0,1.0,,0.0,0.0,Wellington Region,Nil,2-way,Sealed,0.0,0.0,0,0.0,50.0,0.0,On,0.0,0.0,,47,Wellington City,Unknown,0.0,0.0,0.0,0.0,0.0,0.0,Urban,0.0,0.0,0.0,Fine,Null,0
66470893,,574302,0.0,0.0,0.0,1.0,0.0,North,2020/2021,ONSLOW ROAD,HUTT ROAD,,Non-Injury Crash,No,2020,0.0,South,0.0,0,0.0,Hill Road,0.0,,0.0,,0.0,Dark,2090500,0,0.0,0.0,2.0,0.0,0.0,0.0,0.0,0.0,,0.0,0.0,Wellington Region,Nil,2-way,Sealed,0.0,0.0,0,0.0,50.0,0.0,On,0.0,0.0,,47,Wellington City,Unknown,0.0,0.0,0.0,0.0,0.0,0.0,Urban,0.0,0.0,0.0,Fine,Null,1
66470898,,575000,1.0,,0.0,1.0,,Null,2020/2021,CHAYTOR STREET,BIRDWOOD STREET,,Non-Injury Crash,No,2021,,South,,0,,Flat,,,,,,Unknown,2111100,0,0.0,0.0,3.0,,,0.0,,,,,,Wellington Region,Nil,2-way,Sealed,,0.0,0,,50.0,,Null,0.0,0.0,,47,Wellington City,Traffic Signals,,,,,0.0,0.0,Urban,0.0,,,Fine,Null,1
66470908,,573101,0.0,0.0,0.0,2.0,0.0,Null,2020/2021,COURTENAY PLACE,ALLEN STREET,,Non-Injury Crash,No,2020,0.0,East,0.0,0,0.0,Flat,0.0,,0.0,,0.0,Dark,2135700,0,0.0,0.0,1.0,0.0,0.0,0.0,0.0,1.0,,0.0,0.0,Wellington Region,Nil,1-way,Sealed,0.0,0.0,0,0.0,30.0,0.0,On,0.0,1.0,,47,Wellington City,Nil,0.0,0.0,0.0,0.0,0.0,0.0,Urban,0.0,0.0,0.0,Light rain,Null,1
66470925,,574402,0.0,,0.0,2.0,,Null,2021/2022,KHANDALLAH ROAD,TARIKAKA STREET,,Minor Crash,No,2021,,East,,0,,Hill Road,,,,,,Bright sun,2096300,1,0.0,0.0,2.0,,,0.0,,,,,,Wellington Region,Nil,2-way,Sealed,,0.0,0,,50.0,,Off,0.0,0.0,,47,Wellington City,Give way,,,,,0.0,0.0,Urban,0.0,,,Fine,Null,1
66470959,,574002,0.0,0.0,0.0,1.0,0.0,West,2020/2021,CENTENNIAL HIGHWAY,HUTT ROAD ON RAMP,,Non-Injury Crash,No,2020,0.0,South,0.0,0,0.0,Flat,0.0,Labour Weekend,0.0,,0.0,Overcast,2078302,0,0.0,0.0,1.0,0.0,0.0,0.0,0.0,0.0,,0.0,0.0,Wellington Region,Nil,1-way,Sealed,0.0,0.0,0,0.0,80.0,0.0,Off,0.0,0.0,,47,Wellington City,Nil,0.0,1.0,0.0,0.0,0.0,0.0,Open,0.0,0.0,0.0,Light rain,Null,1
66470972,,576500,0.0,0.0,0.0,1.0,0.0,West,2019/2020,MEIN STREET,DANIELL STREET,,Non-Injury Crash,No,2020,0.0,East,0.0,0,0.0,Hill Road,0.0,,0.0,,0.0,Bright sun,2149200,0,0.0,0.0,2.0,0.0,0.0,0.0,0.0,1.0,,0.0,0.0,Wellington Region,Nil,2-way,Sealed,0.0,0.0,0,0.0,40.0,0.0,Off,0.0,0.0,,47,Wellington City,Nil,0.0,0.0,0.0,0.0,0.0,0.0,Urban,1.0,0.0,0.0,Fine,Null,1
66470975,,573101,0.0,,0.0,1.0,,Null,2020/2021,TENNYSON STREET,TORY STREET,,Non-Injury Crash,No,2021,,East,,0,,Flat,,,,,,Bright sun,2136000,0,0.0,0.0,2.0,,,0.0,,,1.0,,,Wellington Region,Nil,2-way,Sealed,,0.0,0,,50.0,,Off,0.0,0.0,,47,Wellington City,Give way,,,,,0.0,0.0,Urban,0.0,,,Fine,Null,1
66470977,,574500,1.0,,0.0,1.0,,West,2020/2021,HUTT ROAD,RANGIORA AVENUE,,Minor Crash,No,2020,,South,,0,,Flat,,,,,,Bright sun,2093400,1,0.0,0.0,2.0,,,0.0,,,,,,Wellington Region,Nil,2-way,Sealed,,0.0,0,,60.0,,Off,0.0,0.0,,47,Wellington City,Nil,,,,,0.0,0.0,Urban,0.0,,,Fine,Null,1
66470985,,576800,0.0,0.0,0.0,1.0,0.0,Null,2020/2021,EVANS BAY PARADE,RATA ROAD,,Non-Injury Crash,No,2020,0.0,South,0.0,0,0.0,Flat,1.0,,0.0,,0.0,Dark,2182503,0,0.0,0.0,2.0,0.0,0.0,0.0,0.0,0.0,,0.0,0.0,Wellington Region,Nil,2-way,Sealed,0.0,0.0,0,0.0,50.0,0.0,On,0.0,0.0,,47,Wellington City,Give way,0.0,0.0,0.0,0.0,0.0,0.0,Urban,0.0,0.0,0.0,Fine,Null,1
66471008,,573400,0.0,0.0,0.0,1.0,0.0,East,2019/2020,ORIENTAL PDE,HERD STREET,,Non-Injury Crash,No,2019,0.0,East,0.0,0,0.0,Flat,0.0,,0.0,,0.0,Dark,2138400,0,0.0,0.0,2.0,0.0,0.0,0.0,0.0,1.0,,0.0,0.0,Wellington Region,Nil,2-way,Sealed,0.0,0.0,0,0.0,40.0,0.0,On,0.0,0.0,,47,Wellington City,Unknown,0.0,0.0,0.0,0.0,0.0,0.0,Urban,1.0,0.0,0.0,Fine,Null,0
66471123,,573101,0.0,0.0,0.0,2.0,1.0,South,2019/2020,KENT TERRACE,WAKEFIELD STREET,,Non-Injury Crash,No,2019,0.0,South,0.0,0,0.0,Flat,0.0,,0.0,,0.0,Overcast,2135700,0,0.0,0.0,3.0,0.0,0.0,0.0,0.0,1.0,,0.0,0.0,Wellington Region,Nil,1-way,Sealed,0.0,0.0,0,0.0,50.0,0.0,Off,0.0,0.0,,47,Wellington City,Unknown,0.0,0.0,0.0,0.0,0.0,0.0,Urban,0.0,0.0,0.0,Fine,Null,0
66471136,,572600,0.0,,0.0,2.0,,Null,2019/2020,MAIN ROAD,ESSEX STREET,,Non-Injury Crash,No,2019,,South,,0,,Flat,,,,,,Bright sun,1990500,0,0.0,0.0,2.0,,,0.0,,,,,,Wellington Region,Speed hump,2-way,Sealed,,0.0,0,,50.0,,Off,0.0,0.0,,47,Wellington City,Give way,,,,,0.0,0.0,Urban,0.0,,,Fine,Null,0
66471147,,576600,0.0,,0.0,1.0,,Null,2019/2020,ORIENTAL PARADE,HAY STREET,,Minor Crash,No,2020,,East,,0,,Flat,,,,,,Bright sun,2138200,1,0.0,1.0,2.0,,,0.0,,,,,,Wellington Region,Nil,2-way,Sealed,,0.0,0,,40.0,,None,0.0,0.0,,47,Wellington City,Nil,,,,,0.0,0.0,Urban,0.0,,,Fine,Null,1
66471153,,573000,0.0,,0.0,1.0,,South,2020/2021,WELLINGTON URBAN MOTORWAY,AURORA TERRACE OBR,,Non-Injury Crash,Yes,2021,,South,,0,,Hill Road,,,,,,Dark,2124600,0,0.0,0.0,2.0,,,0.0,,,,,,Wellington Region,Nil,1-way,Sealed,,0.0,0,,100.0,,On,1.0,0.0,60.0,47,Wellington City,Nil,,,,,0.0,0.0,Open,0.0,,,Fine,Null,1
66471166,,577000,0.0,0.0,0.0,1.0,1.0,Null,2019/2020,CALABAR ROAD,COBHAM DRIVE,,Non-Injury Crash,Yes,2019,0.0,South,0.0,0,1.0,Flat,0.0,,0.0,,0.0,Dark,2175700,0,0.0,0.0,2.0,0.0,0.0,0.0,0.0,0.0,,0.0,0.0,Wellington Region,Nil,2-way,Sealed,0.0,0.0,0,0.0,70.0,0.0,On,0.0,0.0,,47,Wellington City,Give way,0.0,0.0,0.0,0.0,0.0,0.0,Urban,0.0,0.0,0.0,Fine,Null,0
66471181,,576301,0.0,,0.0,1.0,,South,2019/2020,ADELAIDE ROAD,COLOMBO STREET,,Non-Injury Crash,No,2019,,Null,,0,,Flat,,,,,,Dark,2164300,0,0.0,1.0,2.0,,,0.0,,,,,,Wellington Region,Nil,2-way,Sealed,,0.0,0,,50.0,,On,0.0,0.0,,47,Wellington City,Nil,,,,,0.0,0.0,Urban,0.0,,,Fine,Null,0
66471188,,573700,0.0,0.0,0.0,1.0,1.0,South,2019/2020,WOODLAND ROAD,BIRCH STREET,,Non-Injury Crash,No,2019,0.0,South,0.0,0,0.0,Hill Road,0.0,,0.0,,0.0,Overcast,2081700,0,0.0,0.0,2.0,0.0,0.0,0.0,0.0,0.0,,0.0,0.0,Wellington Region,Nil,2-way,Sealed,0.0,0.0,0,0.0,50.0,0.0,Off,0.0,1.0,,47,Wellington City,Nil,0.0,0.0,0.0,1.0,0.0,0.0,Urban,0.0,0.0,0.0,Light rain,Frost,0
66471230,,573000,0.0,0.0,0.0,0.0,1.0,West,2019/2020,O'REILY AVENUE,BOULCOTT STREET,,Fatal Crash,No,2020,0.0,East,0.0,1,0.0,Hill Road,0.0,,0.0,,0.0,Overcast,2127900,0,0.0,0.0,1.0,0.0,0.0,0.0,0.0,0.0,1.0,0.0,0.0,Wellington Region,Nil,2-way,Sealed,0.0,0.0,0,0.0,30.0,0.0,Off,0.0,0.0,,47,Wellington City,Nil,0.0,0.0,0.0,0.0,1.0,0.0,Urban,0.0,0.0,0.0,Heavy rain,Null,1
66471242,,577700,0.0,0.0,0.0,1.0,0.0,South,2020/2021,MAKARA ROAD,TAKARAU GORGE ROAD,,Non-Injury Crash,No,2020,0.0,North,0.0,0,1.0,Flat,0.0,,0.0,,0.0,Dark,2116600,0,0.0,0.0,2.0,0.0,0.0,0.0,0.0,0.0,,0.0,0.0,Wellington Region,Nil,2-way,Sealed,0.0,0.0,0,0.0,50.0,0.0,None,0.0,0.0,,47,Wellington City,Nil,0.0,0.0,0.0,1.0,0.0,0.0,Urban,0.0,0.0,0.0,Fine,Null,1
66471245,,576400,0.0,,0.0,1.0,,Null,2020/2021,COROMANDEL STREET,CONSTABLE STREET,,Minor Crash,No,2020,,South,,0,,Flat,,,,,,Bright sun,2168000,1,1.0,0.0,2.0,,,0.0,,,,,,Wellington Region,Nil,2-way,Sealed,,0.0,0,,40.0,,Off,0.0,0.0,,47,Wellington City,Traffic Signals,,,,,0.0,0.0,Urban,0.0,,,Fine,Null,1
66471254,,572500,0.0,0.0,0.0,0.0,1.0,North,2019/2020,JOHNSONVILLE PORIRUA MOTORWAY,TAWA-GRENADA NORTH ON RAMP,,Non-Injury Crash,Yes,2019,0.0,North,0.0,0,0.0,Flat,1.0,,0.0,,0.0,Overcast,1986700,0,0.0,0.0,4.0,0.0,0.0,0.0,0.0,0.0,,0.0,0.0,Wellington Region,Nil,2-way,Sealed,0.0,0.0,0,0.0,100.0,0.0,Off,0.0,0.0,,47,Wellington City,Unknown,0.0,0.0,0.0,0.0,0.0,1.0,Open,2.0,0.0,0.0,Heavy rain,Null,0
66471290,,573101,0.0,,1.0,1.0,,West,2020/2021,GARRETT STREET,CUBA STREET,,Non-Injury Crash,No,2020,,West,,0,,Flat,,Christmas New Year,,,,Bright sun,2131800,0,0.0,0.0,2.0,,,0.0,,,,,,Wellington Region,Nil,2-way,Sealed,,0.0,0,,30.0,,Off,0.0,0.0,,47,Wellington City,Nil,,,,,0.0,0.0,Urban,0.0,,,Fine,Null,1
66471293,,575701,0.0,0.0,0.0,1.0,0.0,North,2020/2021,CONNAUGHT TERRACE,PEARCE STREET,,Non-Injury Crash,No,2020,0.0,North,0.0,0,0.0,Hill Road,0.0,,0.0,,0.0,Bright sun,2200101,0,0.0,0.0,2.0,0.0,0.0,0.0,0.0,0.0,,0.0,0.0,Wellington Region,Nil,2-way,Sealed,0.0,0.0,0,0.0,50.0,0.0,Off,0.0,0.0,,47,Wellington City,Nil,0.0,0.0,0.0,1.0,0.0,0.0,Urban,0.0,0.0,0.0,Fine,Null,1
66471318,,577500,0.0,,0.0,1.0,,Null,2020/2021,MANTELL STREET,BURNHAM STREET,,Non-Injury Crash,No,2020,,South,,0,,Flat,,,,,,Bright sun,2211500,0,0.0,0.0,2.0,,,0.0,,,,,,Wellington Region,Nil,2-way,Sealed,,0.0,0,,50.0,,Off,0.0,0.0,,47,Wellington City,Give way,,,,,0.0,0.0,Urban,1.0,,,Fine,Null,1
66471361,,573000,0.0,,0.0,1.0,,North,2020/2021,WELLINGTON URBAN MOTORWAY,SOUTH PORTAL,,Minor Crash,Yes,2021,,South,,0,,Flat,,,,,,Overcast,2128200,1,0.0,0.0,3.0,,,0.0,,,,,,Wellington Region,Tunnel,2-way,Sealed,,0.0,0,,60.0,,Off,0.0,0.0,,47,Wellington City,Unknown,,,,,0.0,0.0,Urban,1.0,,,Light rain,Null,1
66471382,,575000,0.0,,0.0,1.0,,East,2020/2021,KARORI ROAD,NOTTINGHAM STREET,,Minor Crash,No,2020,,North,,0,,Flat,,,,,,Bright sun,2111000,1,0.0,0.0,2.0,,,0.0,,,1.0,,,Wellington Region,Nil,2-way,Sealed,,0.0,0,,50.0,,Off,0.0,0.0,,47,Wellington City,Unknown,,,,,0.0,0.0,Urban,0.0,,,Fine,Null,1
66471411,,573523,0.0,0.0,0.0,1.0,1.0,North,2019/2020,JOHNSONVILLE PORIRUA MOTORWAY,CHURTON PARK-GLENSIDE OFF RAMP,,Minor Crash,Yes,2020,0.0,South,0.0,0,0.0,Flat,1.0,,0.0,,0.0,Dark,2086312,1,0.0,0.0,2.0,0.0,0.0,0.0,0.0,0.0,,0.0,0.0,Wellington Region,Nil,2-way,Sealed,0.0,0.0,0,0.0,100.0,0.0,None,0.0,0.0,,47,Wellington City,Nil,0.0,0.0,0.0,0.0,0.0,0.0,Open,0.0,0.0,0.0,Light rain,Null,1