OBJECTID,advisorySpeed,areaUnitID,bicycle,bridge,bus,carStationWagon,cliffBank,crashDirectionDescription,crashFinancialYear,crashLocation1,crashLocation2,crashRoadSideRoad,crashSeverity,crashSHDescription,crashYear,debris,directionRoleDescription,ditch,fatalCount,fence,flatHill,guardRail,holiday,houseOrBuilding,intersection,kerb,light,meshblockId,minorInjuryCount,moped,motorcycle,NumberOfLanes,objectThrownOrDropped,otherObject,otherVehicleType,overBank,parkedVehicle,pedestrian,phoneBoxEtc,postOrPole,region,roadCharacter,roadLane,roadSurface,roadworks,schoolBus,seriousInjuryCount,slipOrFlood,speedLimit,strayAnimal,streetLight,suv,taxi,temporarySpeedLimit,tlaId,tlaName,trafficControl,trafficIsland,trafficSign,train,tree,truck,unknownVehicleType,urban,vanOrUtility,vehicle,waterRiver,weatherA,weatherB,if_pandemic
66471414,,574800,0.0,0.0,0.0,1.0,0.0,North,2019/2020,CURTIS STREET,WHITEHEAD ROAD,,Non-Injury Crash,No,2020,0.0,South,0.0,0,0.0,Flat,0.0,,0.0,,1.0,Dark,2106200,0,0.0,0.0,2.0,0.0,0.0,0.0,0.0,0.0,,0.0,0.0,Wellington Region,Nil,2-way,Sealed,0.0,0.0,0,0.0,50.0,0.0,On,0.0,0.0,,47,Wellington City,Unknown,0.0,0.0,0.0,0.0,0.0,0.0,Urban,0.0,0.0,0.0,Fine,Null,1
66471442,,575500,0.0,,1.0,2.0,,West,2020/2021,RAROA ROAD,ENTRANCE STREET,,Non-Injury Crash,No,2020,,North,,0,,Hill Road,,,,,,Bright sun,2156500,0,0.0,0.0,2.0,,,0.0,,,,,,Wellington Region,Nil,2-way,Sealed,,0.0,0,,50.0,,Off,0.0,0.0,,47,Wellington City,Nil,,,,,0.0,0.0,Urban,0.0,,,Fine,Null,1
66471532,,573000,1.0,,0.0,0.0,,Null,2020/2021,THE TERRACE,AURORA TERRACE,,Minor Crash,No,2020,,South,,0,,Flat,,,,,,Overcast,2124000,1,0.0,0.0,2.0,,,0.0,,,,,,Wellington Region,Nil,2-way,Sealed,,0.0,0,,30.0,,Off,0.0,0.0,,47,Wellington City,Give way,,,,,0.0,0.0,Urban,1.0,,,Fine,Null,1
66471615,,576302,0.0,0.0,0.0,1.0,0.0,North,2019/2020,ADELAIDE ROAD,DOVER STREET,,Non-Injury Crash,No,2020,0.0,South,0.0,0,0.0,Null,0.0,,0.0,,0.0,Unknown,2166000,0,0.0,0.0,2.0,1.0,0.0,0.0,0.0,0.0,,0.0,0.0,Wellington Region,Nil,2-way,Sealed,0.0,0.0,0,0.0,50.0,0.0,Null,0.0,0.0,,47,Wellington City,Nil,0.0,0.0,0.0,0.0,0.0,0.0,Urban,0.0,0.0,0.0,Null,Null,1
66471716,,573300,0.0,,0.0,2.0,,Null,2019/2020,RUGBY STREET,ADELAIDE ROAD,,Non-Injury Crash,Yes,2020,,West,,0,,Null,,,,,,Unknown,2145602,0,0.0,0.0,3.0,,,0.0,,,,,,Wellington Region,Nil,1-way,Null,,0.0,0,,50.0,,Null,0.0,0.0,,47,Wellington City,Nil,,,,,0.0,0.0,Urban,0.0,,,Fine,Null,1
66471718,,573101,0.0,,0.0,2.0,,North,2019/2020,KENT TERRACE,ELLICE STREET,,Non-Injury Crash,Yes,2019,,South,,0,,Flat,,,,,,Bright sun,2137000,0,0.0,0.0,3.0,,,0.0,,,,,,Wellington Region,Nil,1-way,Sealed,,0.0,0,,50.0,,Off,0.0,0.0,,47,Wellington City,Traffic Signals,,,,,0.0,0.0,Urban,0.0,,,Fine,Null,0
66471744,,573802,0.0,,0.0,2.0,,Null,2020/2021,HELSTON ROAD,STEWART DRIVE,,Non-Injury Crash,No,2020,,West,,0,,Flat,,,,,,Overcast,2079100,0,0.0,0.0,2.0,,,0.0,,,,,,Wellington Region,Nil,2-way,Sealed,,0.0,0,,50.0,,Off,1.0,0.0,,47,Wellington City,Give way,,,,,0.0,0.0,Urban,0.0,,,Fine,Null,1
66471753,,576800,0.0,,0.0,2.0,,Null,2019/2020,TAURIMA STREET,RUAHINE STREET,,Non-Injury Crash,No,2020,,West,,0,,Hill Road,,,,,,Bright sun,2181900,0,0.0,0.0,2.0,,,0.0,,,,,,Wellington Region,Nil,2-way,Sealed,,0.0,0,,50.0,,None,0.0,1.0,,47,Wellington City,Give way,,,,,0.0,0.0,Urban,0.0,,,Fine,Null,1
66471777,,576901,0.0,,0.0,0.0,,Null,2020/2021,COUTTS STREET,BAY ROAD,,Serious Crash,No,2020,,West,,0,,Flat,,,,,,Overcast,2178500,0,0.0,1.0,2.0,,,0.0,,,,,,Wellington Region,Nil,2-way,Sealed,,0.0,1,,30.0,,Off,1.0,0.0,,47,Wellington City,Give way,,,,,0.0,0.0,Urban,0.0,,,Light rain,Null,1
66471803,,573526,0.0,,0.0,2.0,,South,2020/2021,HUTT ROAD,HOROKIWI ROAD,,Non-Injury Crash,Yes,2020,,East,,0,,Flat,,,,,,Bright sun,2086403,0,0.0,0.0,2.0,,,0.0,,,,,,Wellington Region,Nil,1-way,Sealed,,0.0,0,,100.0,,Off,0.0,0.0,,47,Wellington City,Nil,,,,,0.0,0.0,Open,0.0,,,Fine,Null,1
66471810,,573400,0.0,,0.0,2.0,,North,2020/2021,DUFFERIN STREET,PARTERSON STREET,,Non-Injury Crash,Yes,2020,,South,,0,,Null,,,,,,Dark,2142900,0,0.0,0.0,2.0,,,0.0,,,,,,Wellington Region,Nil,1-way,Sealed,,0.0,0,,50.0,,Null,0.0,0.0,,47,Wellington City,Nil,,,,,0.0,0.0,Urban,0.0,,,Fine,Null,1
66471844,,573101,0.0,,0.0,2.0,,Null,2019/2020,CABLE STREET,CHAFFERS STREET,,Non-Injury Crash,No,2019,,East,,0,,Null,,,,,,Bright sun,2135500,0,0.0,0.0,3.0,,,0.0,,,,,,Wellington Region,Nil,1-way,Sealed,,0.0,0,,50.0,,Off,0.0,0.0,,47,Wellington City,Traffic Signals,,,,,0.0,0.0,Urban,0.0,,,Null,Null,0
66471861,,576400,0.0,,0.0,1.0,,Null,2020/2021,RUSSELL TERRACE,ANGUS AVENUE,,Non-Injury Crash,No,2021,,South,,0,,Hill Road,,,,,,Bright sun,2171006,0,1.0,0.0,2.0,,,0.0,,,,,,Wellington Region,Nil,2-way,Sealed,,0.0,0,,50.0,,Off,0.0,0.0,,47,Wellington City,Nil,,,,,0.0,0.0,Urban,0.0,,,Fine,Null,1
66471886,,576901,0.0,,0.0,2.0,,Null,2019/2020,BAY ROAD,RONGOTAI ROAD,,Non-Injury Crash,No,2020,,Null,,0,,Null,,,,,,Unknown,2178400,0,0.0,0.0,2.0,,,0.0,,,,,,Wellington Region,Nil,2-way,Sealed,,0.0,0,,30.0,,Null,0.0,0.0,,47,Wellington City,Traffic Signals,,,,,0.0,0.0,Urban,0.0,,,Null,Null,1
66471908,,574001,0.0,0.0,0.0,1.0,0.0,South,2020/2021,TURVILLE CRESCENT,GLANMIRE ROAD,,Non-Injury Crash,No,2021,0.0,North,0.0,0,0.0,Flat,0.0,,0.0,,0.0,Twilight,2077000,0,0.0,0.0,2.0,0.0,0.0,0.0,0.0,1.0,,0.0,0.0,Wellington Region,Nil,2-way,Sealed,0.0,0.0,0,0.0,50.0,0.0,Off,1.0,0.0,,47,Wellington City,Unknown,0.0,0.0,0.0,0.0,0.0,0.0,Urban,0.0,0.0,0.0,Fine,Null,1
66471945,,574002,0.0,0.0,0.0,1.0,0.0,Null,2019/2020,MALVERN ROAD,NGAURANGA GORGE ROAD,,Minor Crash,No,2020,0.0,South,0.0,0,1.0,Flat,0.0,,0.0,,0.0,Bright sun,2078302,1,0.0,0.0,2.0,0.0,1.0,0.0,0.0,0.0,,0.0,0.0,Wellington Region,Nil,2-way,Sealed,0.0,0.0,0,0.0,50.0,0.0,Off,0.0,0.0,,47,Wellington City,Nil,0.0,0.0,0.0,0.0,0.0,0.0,Urban,0.0,0.0,0.0,Fine,Null,1
66471959,,573101,0.0,,0.0,1.0,,West,2020/2021,COURTENAY PLACE,TORY STREET,,Minor Crash,No,2020,,East,,0,,Flat,,,,,,Dark,2135600,1,0.0,0.0,2.0,,,0.0,,,1.0,,,Wellington Region,Nil,1-way,Sealed,,0.0,0,,30.0,,On,0.0,1.0,,47,Wellington City,Nil,,,,,0.0,0.0,Urban,0.0,,,Fine,Null,1
66471972,,574703,0.0,0.0,0.0,1.0,0.0,North,2021/2022,WILTON ROAD,ALBEMARLE ROAD,,Non-Injury Crash,No,2021,0.0,South,0.0,0,1.0,Flat,0.0,Christmas New Year,0.0,,0.0,Overcast,2102800,0,0.0,0.0,2.0,0.0,0.0,0.0,0.0,0.0,,1.0,0.0,Wellington Region,Nil,2-way,Sealed,0.0,0.0,0,0.0,50.0,0.0,Off,0.0,0.0,,47,Wellington City,Unknown,0.0,0.0,0.0,1.0,0.0,0.0,Urban,0.0,0.0,0.0,Light rain,Null,1
66472029,,576901,0.0,0.0,0.0,1.0,1.0,Null,2019/2020,COBHAM DRIVE,EVANS BAY PARADE,,Non-Injury Crash,Yes,2019,0.0,South,0.0,0,0.0,Flat,0.0,,0.0,,0.0,Dark,2177800,0,0.0,0.0,3.0,0.0,0.0,0.0,0.0,0.0,,0.0,0.0,Wellington Region,Nil,2-way,Sealed,0.0,0.0,0,0.0,50.0,0.0,On,0.0,0.0,,47,Wellington City,Traffic Signals,0.0,0.0,0.0,0.0,0.0,0.0,Urban,1.0,0.0,0.0,Fine,Null,0
66472077,,575600,0.0,,0.0,0.0,,North,2019/2020,WASHINGTON AVENUE,DORKING ROAD,,Non-Injury Crash,No,2020,,North,,0,,Null,,,,,,Unknown,2162200,0,0.0,0.0,2.0,,,0.0,,,,,,Wellington Region,Nil,2-way,Sealed,,0.0,0,,50.0,,Null,1.0,0.0,,47,Wellington City,Nil,,,,,0.0,0.0,Urban,1.0,,,Null,Null,1
66472138,,576700,0.0,0.0,1.0,1.0,0.0,South,2020/2021,GRAFTON ROAD,PALLISER ROAD,,Non-Injury Crash,No,2020,0.0,South,0.0,0,0.0,Hill Road,0.0,,0.0,,0.0,Overcast,2185800,0,0.0,0.0,2.0,0.0,0.0,0.0,0.0,1.0,,0.0,0.0,Wellington Region,Nil,2-way,Sealed,0.0,0.0,0,0.0,50.0,0.0,Off,0.0,0.0,30.0,47,Wellington City,Nil,0.0,0.0,0.0,0.0,0.0,0.0,Urban,0.0,0.0,0.0,Fine,Null,1
66472169,95.0,573526,0.0,0.0,0.0,1.0,0.0,North,2019/2020,HUTT ROAD,SERVICE STN NTH,,Minor Crash,Yes,2020,0.0,North,0.0,0,0.0,Flat,1.0,,0.0,,0.0,Bright sun,2086403,2,0.0,0.0,2.0,0.0,0.0,0.0,0.0,0.0,,0.0,0.0,Wellington Region,Nil,1-way,Sealed,0.0,0.0,0,0.0,100.0,0.0,Off,0.0,0.0,,47,Wellington City,Unknown,0.0,0.0,0.0,0.0,0.0,0.0,Open,0.0,0.0,0.0,Fine,Null,1
66472170,,575300,0.0,0.0,0.0,2.0,1.0,South,2020/2021,GLENMORE STREET,UPLAND ROAD,,Minor Crash,No,2020,0.0,North,0.0,0,0.0,Hill Road,0.0,,0.0,,0.0,Overcast,2152600,1,0.0,0.0,2.0,0.0,0.0,0.0,0.0,1.0,,0.0,0.0,Wellington Region,Nil,2-way,Sealed,0.0,0.0,0,0.0,50.0,0.0,Off,0.0,0.0,,47,Wellington City,Nil,0.0,0.0,0.0,0.0,0.0,0.0,Urban,0.0,0.0,0.0,Light rain,Null,1
66472188,,576903,0.0,,0.0,1.0,,Null,2021/2022,RUAHINE STREET,WELLINGTON ROAD,,Minor Crash,Yes,2022,,West,,0,,Flat,,,,,,Overcast,2180602,1,0.0,0.0,2.0,,,0.0,,,,,,Wellington Region,Nil,2-way,Sealed,,0.0,0,,50.0,,None,1.0,0.0,,47,Wellington City,Give way,,,,,0.0,0.0,Urban,0.0,,,Fine,Null,0
66472189,35.0,572600,0.0,0.0,0.0,2.0,0.0,North,2019/2020,VICTORY CRESCENT,HAMPTON HILL ROAD,,Non-Injury Crash,No,2020,0.0,North,0.0,0,0.0,Hill Road,0.0,,0.0,,0.0,Dark,1991600,0,0.0,0.0,2.0,0.0,0.0,0.0,0.0,1.0,,0.0,0.0,Wellington Region,Nil,2-way,Sealed,0.0,0.0,0,0.0,50.0,0.0,On,0.0,0.0,,47,Wellington City,Unknown,0.0,0.0,0.0,0.0,0.0,0.0,Urban,0.0,0.0,0.0,Fine,Null,1
66472192,,573101,0.0,0.0,0.0,1.0,0.0,South,2020/2021,WILLIS STREET,MANNERS STREET,,Non-Injury Crash,No,2020,0.0,Null,0.0,0,0.0,Null,0.0,,0.0,,0.0,Unknown,2131300,0,0.0,0.0,2.0,0.0,0.0,0.0,0.0,1.0,,0.0,0.0,Wellington Region,Nil,2-way,Sealed,0.0,0.0,0,0.0,30.0,0.0,Null,0.0,0.0,,47,Wellington City,Unknown,0.0,0.0,0.0,0.0,0.0,0.0,Urban,0.0,0.0,0.0,Null,Null,1
66472210,,574100,0.0,,0.0,3.0,,Null,2020/2021,HAUMIA STREET,FISHER STREET,,Minor Crash,No,2020,,East,,0,,Hill Road,,,,,,Bright sun,2085303,1,0.0,0.0,2.0,,,0.0,,,,,,Wellington Region,Nil,2-way,Sealed,,0.0,0,,50.0,,Off,0.0,0.0,,47,Wellington City,Give way,,,,,0.0,0.0,Urban,0.0,,,Fine,Null,1
66472237,,573522,0.0,,0.0,1.0,,Null,2019/2020,TAWA-GRENADA NORTH OFF RAMP,TAKAPU ROAD,,Non-Injury Crash,No,2020,,South,,0,,Flat,,,,,,Dark,2053703,0,0.0,0.0,1.0,,,0.0,,,,,,Wellington Region,Motorway ramp,1-way,Sealed,,0.0,0,,50.0,,On,0.0,0.0,,47,Wellington City,Stop,,,,,0.0,0.0,Urban,1.0,,,Fine,Null,1
66472298,,575800,0.0,0.0,0.0,2.0,0.0,North,2019/2020,HAPPY VALLEY ROAD,LANDFILL ROAD,,Non-Injury Crash,No,2020,0.0,North,0.0,0,0.0,Flat,0.0,,0.0,,0.0,Overcast,2197101,0,0.0,0.0,2.0,0.0,0.0,0.0,0.0,1.0,,0.0,0.0,Wellington Region,Nil,2-way,Sealed,0.0,0.0,0,0.0,70.0,0.0,Off,0.0,0.0,,47,Wellington City,Unknown,0.0,0.0,0.0,0.0,1.0,0.0,Urban,1.0,0.0,0.0,Fine,Null,1
66472336,,576200,0.0,,0.0,2.0,,East,2020/2021,BRITOMART STREET,STANLEY STREET,,Minor Crash,No,2020,,East,,0,,Hill Road,,,,,,Overcast,2172500,1,0.0,0.0,2.0,,,0.0,,,,,,Wellington Region,Nil,2-way,Sealed,,0.0,0,,50.0,,Off,0.0,0.0,30.0,47,Wellington City,Unknown,,,,,0.0,0.0,Urban,0.0,,,Fine,Null,1
66472383,,573523,0.0,0.0,0.0,1.0,1.0,South,2019/2020,01N-1060-I,WESTCHESTER DRIVE OBR,,Minor Crash,Yes,2019,0.0,South,0.0,0,0.0,Flat,0.0,,0.0,,0.0,Dark,2086310,1,0.0,0.0,4.0,0.0,0.0,0.0,0.0,0.0,,0.0,0.0,Wellington Region,Nil,2-way,Sealed,0.0,0.0,0,0.0,100.0,0.0,On,0.0,0.0,,47,Wellington City,Unknown,0.0,0.0,0.0,0.0,0.0,0.0,Open,0.0,0.0,0.0,Fine,Null,0
66472406,,576002,1.0,,0.0,1.0,,Null,2020/2021,THE PARADE,DEE STREET,,Minor Crash,No,2021,,North,,0,,Flat,,,,,,Bright sun,2192500,1,0.0,0.0,2.0,,,0.0,,,,,,Wellington Region,Nil,2-way,Sealed,,0.0,0,,50.0,,Off,0.0,0.0,,47,Wellington City,Give way,,,,,0.0,0.0,Urban,0.0,,,Fine,Frost,1
66472445,,577500,1.0,,0.0,1.0,,Null,2019/2020,INGLIS STREET,MANTELL STREET,,Non-Injury Crash,No,2019,,Null,,0,,Hill Road,,,,,,Overcast,2212000,0,0.0,0.0,2.0,,,0.0,,,,,,Wellington Region,Nil,2-way,Sealed,,0.0,0,,50.0,,Off,0.0,0.0,,47,Wellington City,Nil,,,,,0.0,0.0,Urban,0.0,,,Fine,Null,0
66472460,,572900,0.0,,0.0,0.0,,Null,2019/2020,MOLESWORTH STREET,PIPITEA STREET,,Non-Injury Crash,No,2020,,North,,0,,Null,,Queens Birthday,,,,Unknown,2121100,0,0.0,0.0,2.0,,,0.0,,,,,,Wellington Region,Nil,1-way,Sealed,,0.0,0,,50.0,,Null,0.0,0.0,,47,Wellington City,Traffic Signals,,,,,0.0,0.0,Urban,0.0,,,Null,Null,1
66472461,,576400,0.0,,0.0,1.0,,Null,2020/2021,DANIELL STREET,CONSTABLE STREET,,Minor Crash,No,2021,,West,,0,,Flat,,Christmas New Year,,,,Overcast,2167300,1,0.0,0.0,2.0,,,0.0,,,1.0,,,Wellington Region,Nil,2-way,Sealed,,0.0,0,,40.0,,Off,0.0,0.0,,47,Wellington City,Traffic Signals,,,,,0.0,0.0,Urban,0.0,,,Light rain,Null,1
66472469,,572900,0.0,0.0,0.0,1.0,0.0,North,2019/2020,WELLINGTON URBAN MOTORWAY,AOTEA OBR,,Non-Injury Crash,Yes,2020,0.0,South,0.0,0,0.0,Flat,1.0,,0.0,,0.0,Dark,2118400,0,0.0,0.0,3.0,0.0,0.0,0.0,0.0,0.0,,0.0,0.0,Wellington Region,Nil,1-way,Sealed,0.0,0.0,0,0.0,100.0,0.0,On,0.0,0.0,,47,Wellington City,Nil,0.0,0.0,0.0,0.0,0.0,0.0,Open,0.0,0.0,0.0,Fine,Strong wind,1
66472480,,573525,0.0,0.0,0.0,1.0,1.0,North,2020/2021,JOHNSONVILLE PORIRUA MOTORWAY,TAWA-GRENADA NORTH OFF RAMP,,Serious Crash,Yes,2020,0.0,South,0.0,0,0.0,Flat,0.0,,0.0,,0.0,Dark,2053830,1,0.0,0.0,2.0,0.0,0.0,0.0,0.0,0.0,,0.0,0.0,Wellington Region,Nil,1-way,Sealed,0.0,0.0,1,0.0,100.0,0.0,None,0.0,0.0,,47,Wellington City,Nil,0.0,0.0,0.0,0.0,0.0,0.0,Open,0.0,0.0,0.0,Light rain,Null,1
66472562,,573200,0.0,,0.0,1.0,,West,2020/2021,PALMER STREET,WILLIS STREET,,Non-Injury Crash,No,2020,,East,,0,,Null,,,,,,Unknown,2158000,0,0.0,0.0,2.0,,,0.0,,,,,,Wellington Region,Nil,2-way,Null,,0.0,0,,50.0,,Null,0.0,0.0,,47,Wellington City,Nil,,,,,0.0,0.0,Urban,0.0,,,Null,Null,1
66472599,,576901,0.0,,0.0,2.0,,Null,2019/2020,CHILDERS TERRACE,RONGOTAI ROAD,,Non-Injury Crash,No,2019,,South,,0,,Null,,,,,,Overcast,2178000,0,0.0,0.0,2.0,,,0.0,,,,,,Wellington Region,Nil,2-way,Sealed,,0.0,0,,50.0,,Off,0.0,0.0,,47,Wellington City,Stop,,,,,0.0,0.0,Urban,0.0,,,Null,Null,0
66472621,,573200,0.0,,0.0,2.0,,South,2020/2021,THOMPSON STREET,WEBB STREET,,Non-Injury Crash,No,2020,,North,,0,,Hill Road,,,,,,Overcast,2159604,0,0.0,0.0,2.0,,,0.0,,,,,,Wellington Region,Nil,2-way,Sealed,,0.0,0,,50.0,,Off,0.0,0.0,,47,Wellington City,Nil,,,,,0.0,0.0,Urban,0.0,,,Fine,Null,1
66472623,,573101,0.0,0.0,0.0,3.0,0.0,North,2018/2019,TORY ST,HOLLAND STREET,,Non-Injury Crash,No,2019,0.0,South,0.0,0,0.0,Flat,0.0,,0.0,,0.0,Twilight,2136000,0,0.0,0.0,2.0,0.0,0.0,0.0,0.0,1.0,,0.0,0.0,Wellington Region,Nil,2-way,Sealed,0.0,0.0,0,0.0,30.0,0.0,Off,0.0,0.0,,47,Wellington City,Unknown,0.0,0.0,0.0,0.0,0.0,0.0,Urban,0.0,0.0,0.0,Fine,Null,0
66472634,,573101,0.0,,0.0,2.0,,South,2020/2021,TARANAKI STREET,GHUZNEE STREET,,Minor Crash,No,2020,,North,,0,,Flat,,,,,,Dark,2136300,1,0.0,0.0,4.0,,,0.0,,,,,,Wellington Region,Nil,2-way,Sealed,,0.0,0,,50.0,,On,0.0,0.0,,47,Wellington City,Nil,,,,,0.0,0.0,Urban,0.0,,,Fine,Null,1
66472648,,572600,0.0,0.0,0.0,2.0,0.0,South,2020/2021,CAMBRIDGE TERRACE,OXFORD STREET,,Non-Injury Crash,No,2020,0.0,North,0.0,0,0.0,Flat,0.0,,0.0,,0.0,Dark,1992200,0,0.0,0.0,2.0,0.0,0.0,0.0,0.0,1.0,,0.0,0.0,Wellington Region,Nil,2-way,Sealed,0.0,0.0,0,0.0,50.0,0.0,Null,0.0,0.0,,47,Wellington City,Nil,0.0,0.0,0.0,0.0,0.0,0.0,Urban,0.0,0.0,0.0,Null,Null,1
66472652,,573101,0.0,,0.0,0.0,,Null,2020/2021,WELLINGTON URBAN MOTORWAY,WILLIS STREET,,Minor Crash,Yes,2021,,East,,0,,Flat,,,,,,Dark,2131900,1,0.0,0.0,3.0,,,0.0,,,,,,Wellington Region,Nil,1-way,Sealed,,0.0,0,,50.0,,On,0.0,0.0,,47,Wellington City,Traffic Signals,,,,,2.0,0.0,Urban,0.0,,,Fine,Null,1
66472657,,573000,1.0,,0.0,1.0,,Null,2019/2020,HUNTER STREET,FEATHERSTON STREET,,Non-Injury Crash,No,2020,,East,,0,,Flat,,,,,,Bright sun,2125800,0,0.0,0.0,3.0,,,0.0,,,,,,Wellington Region,Nil,1-way,Sealed,,0.0,0,,50.0,,Off,0.0,0.0,,47,Wellington City,Nil,,,,,0.0,0.0,Urban,0.0,,,Fine,Null,1
66472693,,573101,0.0,,0.0,2.0,,Null,2020/2021,CAMBRIDGE TERRACE,COURTENAY PLACE,,Non-Injury Crash,No,2020,,North,,0,,Flat,,,,,,Unknown,2136000,0,0.0,0.0,1.0,,,0.0,,,,,,Wellington Region,Nil,1-way,Sealed,,0.0,0,,50.0,,Null,0.0,0.0,,47,Wellington City,Traffic Signals,,,,,0.0,0.0,Urban,0.0,,,Fine,Null,1
66472712,,573522,0.0,,0.0,0.0,,Null,2020/2021,TAKAPU ROAD,TAWA-GRENADA NORTH OFF RAMP,,Minor Crash,No,2021,,South,,0,,Hill Road,,,,,,Bright sun,2053703,1,0.0,0.0,2.0,,,0.0,,,,,,Wellington Region,Motorway ramp,2-way,Sealed,,0.0,0,,50.0,,Off,0.0,0.0,,47,Wellington City,Stop,,,,,1.0,0.0,Urban,1.0,,,Fine,Null,1
66472715,,574302,1.0,0.0,0.0,0.0,0.0,East,2020/2021,ONSLOW ROAD,HUTT ROAD,,Minor Crash,No,2020,0.0,South,0.0,0,0.0,Hill Road,1.0,,0.0,,0.0,Bright sun,2090500,1,0.0,0.0,2.0,0.0,0.0,0.0,0.0,0.0,,0.0,0.0,Wellington Region,Nil,2-way,Sealed,0.0,0.0,0,0.0,50.0,0.0,Off,0.0,0.0,,47,Wellington City,Nil,0.0,0.0,0.0,0.0,0.0,0.0,Urban,0.0,0.0,0.0,Fine,Null,1
66472782,,576301,1.0,,0.0,0.0,,Null,2020/2021,RIDDIFORD STREET,ADELAIDE ROAD,,Non-Injury Crash,No,2021,,North,,0,,Flat,,,,,,Unknown,2163500,0,0.0,1.0,4.0,,,0.0,,,,,,Wellington Region,Nil,2-way,Sealed,,0.0,0,,50.0,,Null,0.0,0.0,,47,Wellington City,Traffic Signals,,,,,0.0,0.0,Urban,0.0,,,Null,Null,1
66472807,,574302,0.0,0.0,0.0,0.0,0.0,East,2018/2019,AGRA CRES,GANGES ROAD,,Non-Injury Crash,No,2018,0.0,East,0.0,0,0.0,Null,0.0,,0.0,,0.0,Bright sun,2091200,0,0.0,0.0,2.0,0.0,0.0,0.0,0.0,1.0,,0.0,0.0,Wellington Region,Nil,2-way,Sealed,0.0,0.0,0,0.0,50.0,0.0,Null,0.0,0.0,,47,Wellington City,Unknown,0.0,0.0,0.0,0.0,0.0,0.0,Urban,2.0,0.0,0.0,Null,Null,0
66472820,,576301,1.0,,1.0,0.0,,North,2021/2022,HUTCHISON ROAD,FINNIMORE TERRACE,,Serious Crash,No,2022,,North,,0,,Hill Road,,,,,,Dark,2164200,0,0.0,0.0,2.0,,,0.0,,,,,,Wellington Region,Nil,2-way,Sealed,,0.0,1,,50.0,,On,0.0,0.0,,47,Wellington City,Nil,,,,,0.0,0.0,Urban,0.0,,,Fine,Null,0
66472831,,572600,0.0,,0.0,2.0,,South,2018/2019,01N-1050/06.30-D,PED SUBWAY,,Non-Injury Crash,Yes,2019,,North,,0,,Flat,,,,,,Dark,1992700,0,0.0,1.0,4.0,,,0.0,,,,,,Wellington Region,Nil,2-way,Sealed,,0.0,0,,100.0,,On,0.0,0.0,,47,Wellington City,Unknown,,,,,0.0,0.0,Open,0.0,,,Light rain,Null,0
66472851,,572600,0.0,0.0,0.0,1.0,0.0,South,2020/2021,JOHNSONVILLE PORIRUA MOTORWAY,PED SUBWAY,,Non-Injury Crash,Yes,2020,0.0,North,0.0,0,0.0,Flat,1.0,,0.0,,0.0,Dark,1992500,0,0.0,0.0,2.0,0.0,0.0,0.0,0.0,0.0,,0.0,0.0,Wellington Region,Nil,1-way,Sealed,0.0,0.0,0,0.0,100.0,0.0,None,0.0,0.0,,47,Wellington City,Nil,0.0,0.0,0.0,0.0,0.0,0.0,Open,0.0,0.0,0.0,Fine,Null,1
66472907,,574600,0.0,,0.0,2.0,,Null,2020/2021,BLACKBRIDGE ROAD,WADESTOWN ROAD,,Non-Injury Crash,No,2020,,South,,0,,Hill Road,,,,,,Bright sun,2100800,0,0.0,0.0,2.0,,,0.0,,,,,,Wellington Region,Nil,2-way,Sealed,,0.0,0,,50.0,,Off,0.0,0.0,,47,Wellington City,Give way,,,,,0.0,0.0,Urban,0.0,,,Fine,Null,1
66472916,,572701,0.0,0.0,0.0,1.0,0.0,Null,2020/2021,HANDYSIDE STREET,COLLINS AVENUE,,Non-Injury Crash,No,2020,0.0,South,0.0,0,0.0,Flat,1.0,,0.0,,0.0,Overcast,1993000,0,0.0,0.0,2.0,0.0,0.0,0.0,0.0,0.0,,0.0,0.0,Wellington Region,Nil,2-way,Sealed,0.0,0.0,0,0.0,50.0,0.0,Off,0.0,0.0,,47,Wellington City,Stop,0.0,0.0,0.0,0.0,0.0,0.0,Urban,0.0,0.0,0.0,Heavy rain,Null,1
66472928,,574600,0.0,0.0,0.0,1.0,0.0,Null,2020/2021,LENNEL ROAD,BARNARD STREET,,Serious Crash,No,2021,0.0,East,0.0,0,1.0,Hill Road,0.0,,0.0,,0.0,Dark,2099300,0,0.0,0.0,2.0,0.0,0.0,0.0,1.0,0.0,,0.0,0.0,Wellington Region,Nil,2-way,Sealed,0.0,0.0,1,0.0,50.0,0.0,On,0.0,0.0,,47,Wellington City,Give way,1.0,1.0,0.0,1.0,0.0,0.0,Urban,0.0,0.0,0.0,Fine,Null,1
66472961,,573400,0.0,0.0,0.0,2.0,0.0,Null,2018/2019,MOELLER STREET,PALLISER ROAD,,Non-Injury Crash,No,2018,0.0,South,0.0,0,0.0,Hill Road,0.0,,0.0,,0.0,Overcast,2139100,0,0.0,0.0,2.0,0.0,0.0,0.0,0.0,1.0,,0.0,0.0,Wellington Region,Nil,2-way,Sealed,0.0,0.0,0,0.0,50.0,0.0,Off,0.0,0.0,,47,Wellington City,Nil,0.0,0.0,0.0,0.0,0.0,0.0,Urban,0.0,0.0,0.0,Light rain,Null,0
66473007,,576901,0.0,,0.0,2.0,,Null,2019/2020,RONGOTAI ROAD,CHILDERS TERRACE,,Non-Injury Crash,No,2019,,West,,0,,Flat,,,,,,Dark,2178000,0,0.0,0.0,2.0,,,0.0,,,,,,Wellington Region,Nil,2-way,Sealed,,0.0,0,,50.0,,On,0.0,1.0,,47,Wellington City,Stop,,,,,0.0,0.0,Urban,0.0,,,Fine,Null,0