OBJECTID,advisorySpeed,areaUnitID,bicycle,bridge,bus,carStationWagon,cliffBank,crashDirectionDescription,crashFinancialYear,crashLocation1,crashLocation2,crashRoadSideRoad,crashSeverity,crashSHDescription,crashYear,debris,directionRoleDescription,ditch,fatalCount,fence,flatHill,guardRail,holiday,houseOrBuilding,intersection,kerb,light,meshblockId,minorInjuryCount,moped,motorcycle,NumberOfLanes,objectThrownOrDropped,otherObject,otherVehicleType,overBank,parkedVehicle,pedestrian,phoneBoxEtc,postOrPole,region,roadCharacter,roadLane,roadSurface,roadworks,schoolBus,seriousInjuryCount,slipOrFlood,speedLimit,strayAnimal,streetLight,suv,taxi,temporarySpeedLimit,tlaId,tlaName,trafficControl,trafficIsland,trafficSign,train,tree,truck,unknownVehicleType,urban,vanOrUtility,vehicle,waterRiver,weatherA,weatherB,if_pandemic
66473039,,575600,0.0,0.0,0.0,0.0,0.0,East,2019/2020,CONNAUGHT TERRACE,WASHINGTON AVENUE,,Non-Injury Crash,No,2020,0.0,East,0.0,0,0.0,Hill Road,0.0,,0.0,,0.0,Bright sun,2163202,0,0.0,0.0,2.0,0.0,0.0,0.0,0.0,1.0,,0.0,0.0,Wellington Region,Nil,2-way,Sealed,0.0,0.0,0,0.0,50.0,0.0,Off,1.0,0.0,,47,Wellington City,Nil,0.0,0.0,0.0,0.0,0.0,0.0,Urban,1.0,0.0,0.0,Fine,Null,1
66473126,,573511,0.0,0.0,0.0,1.0,0.0,East,2019/2020,WESTCHESTER DRIVE,STEBBINGS ROAD,,Minor Crash,No,2020,0.0,North,0.0,0,0.0,Flat,0.0,,0.0,,1.0,Overcast,2086502,1,0.0,0.0,2.0,0.0,0.0,0.0,0.0,0.0,,0.0,1.0,Wellington Region,Nil,2-way,Sealed,0.0,0.0,0,0.0,50.0,0.0,Off,0.0,0.0,,47,Wellington City,Nil,0.0,0.0,0.0,0.0,0.0,0.0,Urban,0.0,0.0,0.0,Light rain,Null,1
66473135,,576200,0.0,,0.0,2.0,,North,2019/2020,ADELAIDE ROAD,DOVER STREET,,Non-Injury Crash,No,2019,,North,,0,,Flat,,,,,,Bright sun,2173200,0,0.0,0.0,2.0,,,0.0,,,,,,Wellington Region,Nil,2-way,Sealed,,0.0,0,,50.0,,Null,0.0,0.0,,47,Wellington City,Unknown,,,,,0.0,0.0,Urban,0.0,,,Fine,Null,0
66473148,,573400,0.0,,0.0,2.0,,Null,2020/2021,DUFFERIN STREET,PATTERSON STREET,,Non-Injury Crash,Yes,2020,,South,,0,,Flat,,,,,,Bright sun,2142900,0,0.0,0.0,3.0,,,0.0,,,,,,Wellington Region,Nil,1-way,Sealed,,0.0,0,,50.0,,Null,0.0,0.0,,47,Wellington City,Give way,,,,,0.0,0.0,Urban,0.0,,,Fine,Null,1
66473152,,574701,0.0,,0.0,2.0,,South,2019/2020,CHURCHILL DRIVE,SILVERSTREAM ROAD,,Non-Injury Crash,No,2020,,North,,0,,Flat,,,,,,Overcast,2097900,0,0.0,0.0,2.0,,,0.0,,,,,,Wellington Region,Nil,2-way,Sealed,,0.0,0,,50.0,,None,0.0,0.0,,47,Wellington City,Unknown,,,,,0.0,0.0,Urban,0.0,,,Fine,Null,1
66473173,,576901,0.0,,0.0,2.0,,Null,2020/2021,SALEK STREET,RONGOTAI ROAD,,Non-Injury Crash,No,2020,,South,,0,,Flat,,,,,,Bright sun,2177400,0,0.0,0.0,2.0,,,0.0,,,,,,Wellington Region,Nil,2-way,Sealed,,0.0,0,,50.0,,Off,0.0,0.0,,47,Wellington City,Stop,,,,,0.0,0.0,Urban,0.0,,,Fine,Null,1
66473216,,572900,0.0,,0.0,0.0,,South,2020/2021,MOLESWORTH STREET,KATE SHEPPARD PLACE,,Non-Injury Crash,No,2020,,North,,0,,Hill Road,,Christmas New Year,,,,Bright sun,2122600,0,0.0,0.0,2.0,,,0.0,,,,,,Wellington Region,Nil,1-way,Sealed,,0.0,0,,30.0,,Off,1.0,0.0,,47,Wellington City,Nil,,,,,0.0,0.0,Urban,1.0,,,Fine,Null,1
66473274,,575000,0.0,0.0,0.0,2.0,0.0,Null,2019/2020,KARORI ROAD,FANCOURT STREET,,Non-Injury Crash,No,2020,0.0,West,0.0,0,0.0,Hill Road,0.0,,0.0,,0.0,Bright sun,2111600,0,0.0,0.0,2.0,0.0,0.0,0.0,0.0,1.0,,0.0,0.0,Wellington Region,Nil,2-way,Sealed,0.0,0.0,0,0.0,50.0,0.0,Off,0.0,0.0,,47,Wellington City,Nil,0.0,0.0,0.0,0.0,0.0,0.0,Urban,0.0,0.0,0.0,Fine,Null,1
66473376,,573200,0.0,0.0,0.0,0.0,0.0,South,2021/2022,ARO STREET,DURHAM STREET,,Minor Crash,No,2022,0.0,West,0.0,0,1.0,Hill Road,0.0,,0.0,,1.0,Twilight,2158200,1,0.0,0.0,2.0,0.0,0.0,0.0,0.0,0.0,,0.0,0.0,Wellington Region,Nil,2-way,Sealed,0.0,0.0,0,0.0,50.0,0.0,On,1.0,0.0,,47,Wellington City,Nil,0.0,1.0,0.0,0.0,0.0,0.0,Urban,0.0,0.0,0.0,Fine,Null,0
66473378,,576901,0.0,,0.0,1.0,,Null,2019/2020,COUTTS STREET,CHILDERS TERRACE,,Non-Injury Crash,No,2020,,West,,0,,Null,,,,,,Unknown,2178500,0,0.0,0.0,2.0,,,0.0,,,,,,Wellington Region,Nil,2-way,Null,,0.0,0,,50.0,,Null,0.0,0.0,,47,Wellington City,Give way,,,,,0.0,0.0,Urban,1.0,,,Null,Null,1
66473474,,574500,1.0,,0.0,1.0,,South,2020/2021,HUTT ROAD,KAIWHARAWHARA ROAD,,Minor Crash,No,2020,,North,,0,,Flat,,,,,,Overcast,2093600,1,0.0,0.0,4.0,,,0.0,,,,,,Wellington Region,Nil,2-way,Sealed,,0.0,0,,60.0,,Off,0.0,0.0,,47,Wellington City,Nil,,,,,0.0,0.0,Urban,0.0,,,Light rain,Null,1
66473476,,573101,0.0,,0.0,1.0,,Null,2020/2021,VIVIAN STREET,WILLIS STREET,,Non-Injury Crash,Yes,2021,,East,,0,,Flat,,,,,,Unknown,2131900,0,0.0,0.0,2.0,,,0.0,,,,,,Wellington Region,Nil,1-way,Sealed,,0.0,0,,50.0,,Null,0.0,0.0,,47,Wellington City,Traffic Signals,,,,,0.0,0.0,Urban,1.0,,,Null,Null,1
66473544,,574200,0.0,0.0,0.0,2.0,0.0,North,2019/2020,JAUNPUR CRESCENT,SIRSI TERRACE,,Non-Injury Crash,No,2020,0.0,North,0.0,0,0.0,Flat,0.0,,0.0,,0.0,Dark,2087605,0,0.0,0.0,2.0,0.0,0.0,0.0,0.0,1.0,,0.0,0.0,Wellington Region,Nil,2-way,Sealed,0.0,0.0,0,0.0,50.0,0.0,On,0.0,0.0,,47,Wellington City,Nil,0.0,0.0,0.0,0.0,0.0,0.0,Urban,0.0,0.0,0.0,Fine,Null,1
66473620,,573101,0.0,0.0,0.0,1.0,0.0,Null,2020/2021,EBOR STREET,TORY STREET,,Non-Injury Crash,No,2020,0.0,East,0.0,0,0.0,Null,0.0,,0.0,,0.0,Unknown,2136400,0,0.0,0.0,2.0,0.0,0.0,0.0,0.0,1.0,,0.0,0.0,Wellington Region,Nil,2-way,Sealed,0.0,0.0,0,0.0,50.0,0.0,Null,0.0,0.0,,47,Wellington City,Give way,0.0,0.0,0.0,0.0,1.0,0.0,Urban,0.0,0.0,0.0,Null,Null,1
66473689,,575800,0.0,0.0,0.0,1.0,0.0,North,2019/2020,THE RIDGEWAY,FARNHAM STREET,,Non-Injury Crash,No,2019,1.0,South,0.0,0,0.0,Hill Road,0.0,,1.0,,0.0,Dark,2196700,0,0.0,0.0,2.0,0.0,0.0,0.0,0.0,0.0,,0.0,0.0,Wellington Region,Nil,2-way,Sealed,0.0,0.0,0,0.0,50.0,0.0,On,0.0,0.0,,47,Wellington City,Nil,1.0,0.0,0.0,0.0,0.0,0.0,Urban,0.0,0.0,0.0,Fine,Null,0
66473746,,574900,0.0,0.0,0.0,1.0,1.0,West,2020/2021,MAKARA ROAD,MAKARA SUM,,Non-Injury Crash,No,2020,0.0,West,0.0,0,0.0,Hill Road,0.0,,0.0,,0.0,Overcast,2110006,0,0.0,0.0,2.0,1.0,0.0,0.0,0.0,0.0,,0.0,0.0,Wellington Region,Nil,2-way,Sealed,0.0,0.0,0,0.0,50.0,0.0,Off,0.0,0.0,,47,Wellington City,Nil,0.0,0.0,0.0,0.0,0.0,0.0,Urban,0.0,0.0,0.0,Fine,Null,1
66473791,,573200,0.0,0.0,0.0,1.0,0.0,South,2018/2019,OHIRO RD,ARO STREET,,Non-Injury Crash,No,2019,0.0,South,0.0,0,0.0,Hill Road,0.0,,0.0,,0.0,Unknown,2159204,0,0.0,0.0,2.0,0.0,0.0,0.0,0.0,1.0,,0.0,0.0,Wellington Region,Nil,2-way,Null,0.0,0.0,0,0.0,50.0,0.0,Null,0.0,0.0,,47,Wellington City,Unknown,0.0,0.0,0.0,0.0,0.0,1.0,Urban,0.0,0.0,0.0,Light rain,Null,0
66473811,,574001,0.0,,0.0,2.0,,North,2020/2021,NEWLANDS ROAD,WAKELY ROAD,,Non-Injury Crash,No,2020,,South,,0,,Flat,,,,,,Overcast,2077700,0,0.0,0.0,2.0,,,0.0,,,,,,Wellington Region,Nil,2-way,Sealed,,0.0,0,,50.0,,Off,0.0,0.0,,47,Wellington City,Nil,,,,,0.0,0.0,Urban,0.0,,,Fine,Strong wind,1
66473847,,573700,0.0,,0.0,2.0,,Null,2019/2020,JOHNSONVILLE ROAD,BILL CUTTING PLACE,,Non-Injury Crash,No,2020,,South,,0,,Null,,,,,,Unknown,2082800,0,0.0,0.0,2.0,,,0.0,,,,,,Wellington Region,Nil,2-way,Sealed,,0.0,0,,50.0,,Null,0.0,0.0,,47,Wellington City,Isolated Pedestrian signal (non-intersection),,,,,0.0,0.0,Urban,0.0,,,Null,Null,1
66473901,,573514,0.0,0.0,0.0,1.0,1.0,South,2020/2021,JOHNSONVILLE PORIRUA MOTORWAY,CHURTON PARK-GLENSIDE OFF RAMP,,Minor Crash,Yes,2020,0.0,North,0.0,0,0.0,Flat,0.0,,0.0,,0.0,Dark,2086204,1,0.0,0.0,2.0,0.0,0.0,0.0,0.0,0.0,,0.0,0.0,Wellington Region,Nil,1-way,Sealed,0.0,0.0,0,0.0,100.0,0.0,None,0.0,0.0,,47,Wellington City,Nil,0.0,0.0,0.0,0.0,0.0,0.0,Open,0.0,0.0,0.0,Fine,Null,1
66473920,,573526,0.0,,0.0,2.0,,West,2020/2021,HUTT ROAD,HOROKIWI ROAD,,Non-Injury Crash,Yes,2020,,East,,0,,Flat,,,,,,Bright sun,2086403,0,0.0,0.0,2.0,,,0.0,,,,,,Wellington Region,Nil,2-way,Sealed,,0.0,0,,100.0,,Off,0.0,0.0,,47,Wellington City,Nil,,,,,0.0,0.0,Open,1.0,,,Fine,Null,1
66473939,,574303,0.0,,0.0,1.0,,Null,2020/2021,CENTENNIAL HIGHWAY,TYERS ROAD,,Non-Injury Crash,Yes,2020,,North,,0,,Null,,,,,,Unknown,2088705,0,0.0,0.0,3.0,,,0.0,,,,,,Wellington Region,Motorway ramp,1-way,Sealed,,0.0,0,,80.0,,Null,0.0,0.0,,47,Wellington City,Nil,,,,,0.0,0.0,Open,1.0,,,Null,Null,1
66473972,,575300,0.0,0.0,0.0,2.0,0.0,South,2020/2021,GLENMORE STREET,GARDEN ROAD,,Non-Injury Crash,No,2021,0.0,North,0.0,0,0.0,Hill Road,0.0,,0.0,,0.0,Unknown,2153501,0,0.0,0.0,2.0,0.0,0.0,0.0,0.0,1.0,,0.0,0.0,Wellington Region,Nil,2-way,Sealed,0.0,0.0,0,0.0,50.0,0.0,Off,0.0,0.0,,47,Wellington City,Nil,0.0,0.0,0.0,0.0,0.0,0.0,Urban,0.0,0.0,0.0,Null,Null,1
66474029,,576002,0.0,,0.0,1.0,,South,2020/2021,THE PARADE,DEE STREET,,Non-Injury Crash,No,2020,,North,,0,,Null,,,,,,Unknown,2192500,0,0.0,0.0,2.0,,,0.0,,,,,,Wellington Region,Nil,2-way,Null,,0.0,0,,50.0,,Null,0.0,0.0,,47,Wellington City,Nil,,,,,0.0,0.0,Urban,1.0,,,Null,Null,1
66474058,,573200,0.0,,0.0,2.0,,Null,2020/2021,ARO STREET,WILLIS STREET,,Non-Injury Crash,No,2020,,East,,0,,Flat,,,,,,Unknown,2157900,0,0.0,0.0,1.0,,,0.0,,,,,,Wellington Region,Nil,1-way,Sealed,,0.0,0,,50.0,,Null,0.0,0.0,,47,Wellington City,Give way,,,,,0.0,0.0,Urban,0.0,,,Null,Null,1
66474078,,576400,0.0,0.0,0.0,1.0,0.0,Null,2020/2021,NEWTOWN AVENUE,RIDDIFORD STREET,,Non-Injury Crash,No,2020,0.0,West,0.0,0,0.0,Null,0.0,,0.0,,0.0,Unknown,2168400,0,0.0,0.0,2.0,0.0,0.0,0.0,0.0,1.0,,0.0,0.0,Wellington Region,Nil,2-way,Sealed,0.0,0.0,0,0.0,40.0,0.0,Null,0.0,1.0,,47,Wellington City,Give way,0.0,0.0,0.0,0.0,0.0,0.0,Urban,1.0,0.0,0.0,Null,Null,1
66474107,,572701,0.0,0.0,0.0,2.0,0.0,Null,2020/2021,MCLELLAN STREET,LUCKIE STREET,,Non-Injury Crash,No,2021,0.0,East,0.0,0,0.0,Flat,0.0,,0.0,,0.0,Bright sun,1994302,0,0.0,0.0,0.0,0.0,0.0,0.0,0.0,1.0,,0.0,0.0,Wellington Region,Nil,2-way,Sealed,0.0,0.0,0,0.0,50.0,0.0,Off,0.0,0.0,,47,Wellington City,Nil,0.0,0.0,0.0,0.0,0.0,0.0,Urban,0.0,0.0,0.0,Fine,Null,1
66474132,,572900,0.0,,0.0,1.0,,Null,2020/2021,FEATHERSTON STREET,MULGRAVE STREET,,Serious Crash,No,2021,,North,,0,,Flat,,,,,,Dark,2122700,0,1.0,0.0,4.0,,,0.0,,,,,,Wellington Region,Nil,2-way,Sealed,,0.0,1,,30.0,,On,0.0,1.0,,47,Wellington City,Traffic Signals,,,,,0.0,0.0,Urban,0.0,,,Fine,Null,1
66474163,,573101,0.0,,0.0,2.0,,Null,2020/2021,CABLE STREET,MARKET LANE,,Non-Injury Crash,No,2020,,South,,0,,Flat,,,,,,Twilight,2133100,0,0.0,0.0,4.0,,,0.0,,,,,,Wellington Region,Nil,1-way,Sealed,,0.0,0,,50.0,,Off,0.0,0.0,,47,Wellington City,Nil,,,,,0.0,0.0,Urban,0.0,,,Fine,Null,1
66474182,,573101,0.0,,0.0,2.0,,Null,2020/2021,ARTHUR STREET,CUBA STREET,,Non-Injury Crash,Yes,2020,,West,,0,,Flat,,,,,,Dark,2134600,0,0.0,0.0,3.0,,,0.0,,,,,,Wellington Region,Nil,1-way,Sealed,,0.0,0,,50.0,,On,0.0,0.0,,47,Wellington City,Traffic Signals,,,,,0.0,0.0,Urban,0.0,,,Fine,Null,1
66474189,,576903,0.0,,0.0,1.0,,Null,2020/2021,WELLINGTON ROAD,CRAWFORD ROAD,,Non-Injury Crash,No,2020,,West,,0,,Hill Road,,,,,,Bright sun,2180500,0,0.0,0.0,1.0,,,0.0,,,,,,Wellington Region,Nil,1-way,Sealed,,0.0,0,,50.0,,Off,1.0,0.0,,47,Wellington City,Give way,,,,,0.0,0.0,Urban,0.0,,,Fine,Null,1
66474196,,573200,0.0,0.0,0.0,3.0,0.0,West,2020/2021,BROOKLYN ROAD,NAIRN STREET,,Non-Injury Crash,No,2021,0.0,South,0.0,0,0.0,Hill Road,0.0,,0.0,,0.0,Dark,2159204,0,0.0,0.0,2.0,0.0,0.0,0.0,0.0,1.0,,0.0,0.0,Wellington Region,Nil,2-way,Sealed,0.0,0.0,0,0.0,50.0,0.0,On,0.0,0.0,,47,Wellington City,Nil,0.0,0.0,0.0,0.0,0.0,0.0,Urban,0.0,0.0,0.0,Fine,Null,1
66474215,,576901,0.0,,0.0,1.0,,Null,2019/2020,BAY ROAD,RONGOTAI ROAD,,Minor Crash,No,2020,,East,,0,,Flat,,,,,,Bright sun,2178400,1,0.0,0.0,2.0,,,0.0,,,1.0,,,Wellington Region,Nil,2-way,Sealed,,0.0,0,,50.0,,On,0.0,0.0,,47,Wellington City,Traffic Signals,,,,,0.0,0.0,Urban,0.0,,,Fine,Null,1
66474424,,573523,0.0,,0.0,0.0,,Null,2020/2021,WESTCHESTER DRIVE EAST,CHURTON PARK-GLENSIDE ON RAMP,,Non-Injury Crash,No,2021,,East,,0,,Flat,,,,,,Dark,2086310,0,0.0,0.0,3.0,,,0.0,,,,,,Wellington Region,Overpass,2-way,Sealed,,0.0,0,,50.0,,Null,1.0,0.0,,47,Wellington City,Nil,,,,,0.0,1.0,Urban,0.0,,,Heavy rain,Null,1
66474453,,573101,0.0,0.0,0.0,0.0,0.0,Null,2019/2020,TORY STREET,HOLLAND STREET,,Non-Injury Crash,No,2020,0.0,South,0.0,0,0.0,Flat,0.0,,0.0,,0.0,Bright sun,2135900,0,0.0,0.0,2.0,0.0,0.0,0.0,0.0,1.0,,0.0,0.0,Wellington Region,Nil,2-way,Sealed,0.0,0.0,0,0.0,50.0,0.0,Off,2.0,0.0,,47,Wellington City,Give way,0.0,0.0,0.0,0.0,0.0,0.0,Urban,0.0,0.0,0.0,Null,Null,1
66474457,,574900,0.0,0.0,0.0,1.0,0.0,North,2020/2021,KARORI ROAD,SOUTH KARORI ROAD,,Non-Injury Crash,No,2020,0.0,South,0.0,0,0.0,Flat,0.0,,0.0,,0.0,Twilight,2109202,0,0.0,0.0,2.0,0.0,0.0,0.0,0.0,1.0,,0.0,1.0,Wellington Region,Nil,2-way,Sealed,0.0,0.0,0,0.0,50.0,0.0,Off,1.0,0.0,,47,Wellington City,Nil,0.0,0.0,0.0,0.0,0.0,0.0,Urban,0.0,0.0,0.0,Fine,Null,1
66474500,45.0,574600,0.0,0.0,0.0,1.0,1.0,West,2020/2021,LENNEL ROAD,SEFTON STREET,,Non-Injury Crash,No,2020,0.0,West,0.0,0,0.0,Hill Road,0.0,,0.0,,0.0,Dark,2099000,0,0.0,0.0,2.0,0.0,0.0,0.0,0.0,0.0,,0.0,0.0,Wellington Region,Nil,2-way,Sealed,0.0,0.0,0,0.0,50.0,0.0,On,0.0,0.0,,47,Wellington City,Nil,0.0,0.0,0.0,0.0,0.0,0.0,Urban,0.0,0.0,0.0,Fine,Null,1
66474511,,574500,0.0,,0.0,2.0,,North,2020/2021,WELLINGTON URBAN MOTORWAY,AOTEA QUAY ON RAMP,,Minor Crash,Yes,2020,,North,,0,,Flat,,,,,,Dark,2093400,1,0.0,0.0,4.0,,,0.0,,,,,,Wellington Region,Nil,1-way,Sealed,,0.0,0,,100.0,,On,0.0,0.0,,47,Wellington City,Unknown,,,,,0.0,0.0,Open,0.0,,,Fine,Strong wind,1
66474516,,573400,0.0,,0.0,2.0,,West,2019/2020,MT VICTORIA TUNNEL,EAST PORTAL,,Non-Injury Crash,Yes,2020,,Null,,0,,Flat,,,,,,Unknown,2143300,0,0.0,0.0,2.0,,,0.0,,,,,,Wellington Region,Nil,2-way,Sealed,,0.0,0,,50.0,,Null,0.0,0.0,,47,Wellington City,Nil,,,,,0.0,0.0,Urban,0.0,,,Null,Null,1
66474563,,576500,0.0,,0.0,1.0,,West,2020/2021,MEIN STREET,DANIELL STREET,,Non-Injury Crash,No,2020,,West,,0,,Hill Road,,,,,,Overcast,2149200,0,0.0,0.0,2.0,,,0.0,,,,,,Wellington Region,Nil,2-way,Sealed,,0.0,0,,50.0,,Off,1.0,0.0,,47,Wellington City,Unknown,,,,,0.0,0.0,Urban,0.0,,,Fine,Null,1
66474573,,576800,0.0,,0.0,1.0,,Null,2020/2021,TAURIMA STREET,RUAHINE STREET,,Minor Crash,Yes,2021,,East,,0,,Flat,,,,,,Bright sun,2181800,1,0.0,1.0,2.0,,,0.0,,,,,,Wellington Region,Nil,2-way,Sealed,,0.0,0,,70.0,,Off,0.0,0.0,,47,Wellington City,Give way,,,,,0.0,0.0,Urban,0.0,,,Fine,Null,1
66474580,,573400,0.0,,0.0,1.0,,West,2020/2021,PATERSON STREET,WEST PORTAL,,Non-Injury Crash,Yes,2020,,East,,0,,Flat,,,,,,Bright sun,2143300,0,0.0,0.0,3.0,,,1.0,,,,,,Wellington Region,Nil,2-way,Sealed,,0.0,0,,50.0,,Off,0.0,0.0,,47,Wellington City,Unknown,,,,,0.0,0.0,Urban,1.0,,,Fine,Null,1
66474644,,575800,0.0,,0.0,0.0,,South,2020/2021,OHIRO ROAD,RUA KAI WAY,,Serious Crash,No,2020,,South,,0,,Flat,,,,,,Overcast,2197101,0,0.0,1.0,2.0,,,0.0,,,,,,Wellington Region,Nil,2-way,Sealed,,0.0,1,,50.0,,Off,0.0,0.0,,47,Wellington City,Nil,,,,,1.0,0.0,Urban,0.0,,,Fine,Null,1
66474709,,576901,1.0,,0.0,1.0,,Null,2020/2021,COUTTS STREET,TIRANGI ROAD,,Minor Crash,No,2020,,West,,0,,Flat,,,,,,Overcast,2176600,1,0.0,0.0,2.0,,,0.0,,,,,,Wellington Region,Nil,2-way,Sealed,,0.0,0,,50.0,,Off,0.0,0.0,,47,Wellington City,Give way,,,,,0.0,0.0,Urban,0.0,,,Fine,Null,1
66474751,35.0,573000,0.0,,0.0,0.0,,Null,2019/2020,FEATHERSTON STREET,HUNTER STREET,,Minor Crash,No,2019,,South,,0,,Flat,,,,,,Overcast,2125800,1,0.0,1.0,2.0,,,0.0,,,,,,Wellington Region,Nil,1-way,Sealed,,0.0,0,,50.0,,Off,0.0,0.0,,47,Wellington City,Traffic Signals,,,,,0.0,0.0,Urban,0.0,,,Fine,Null,0
66474760,,574500,1.0,,0.0,0.0,,West,2020/2021,HUTT ROAD,RANGIORA AVENUE,,Non-Injury Crash,No,2020,,North,,0,,Null,,,,,,Unknown,2093400,0,0.0,0.0,4.0,,,0.0,,,,,,Wellington Region,Nil,2-way,Sealed,,0.0,0,,60.0,,Null,0.0,0.0,,47,Wellington City,Nil,,,,,0.0,0.0,Urban,1.0,,,Null,Null,1
66474786,,573300,0.0,,0.0,0.0,,Null,2020/2021,HUTCHISON ROAD,WALLACE STREET,,Fatal Crash,No,2020,,North,,1,,Hill Road,,,,,,Dark,2147400,0,0.0,1.0,2.0,,,0.0,,,,,,Wellington Region,Nil,2-way,Sealed,,0.0,0,,50.0,,On,1.0,0.0,,47,Wellington City,Give way,,,,,0.0,0.0,Urban,0.0,,,Fine,Null,1
66474794,,573000,0.0,,0.0,4.0,,North,2020/2021,WELLINGTON URBAN MOTORWAY,THE TERRACE,,Non-Injury Crash,Yes,2020,,South,,0,,Flat,,,,,,Bright sun,2129200,0,0.0,0.0,3.0,,,0.0,,,,,,Wellington Region,Tunnel,2-way,Sealed,,0.0,0,,70.0,,On,0.0,0.0,,47,Wellington City,Nil,,,,,0.0,0.0,Urban,0.0,,,Fine,Null,1
66474822,,573511,0.0,,0.0,1.0,,South,2020/2021,JOHNSONVILLE PORIRUA MOTORWAY,TAWA-GRENADA NORTH OFF RAMP,,Non-Injury Crash,Yes,2021,,North,,0,,Flat,,,,,,Dark,2086201,0,0.0,0.0,4.0,,,0.0,,,,,,Wellington Region,Nil,2-way,Sealed,,0.0,0,,100.0,,None,0.0,0.0,,47,Wellington City,Nil,,,,,1.0,0.0,Open,1.0,,,Fine,Null,1
66474831,,573000,0.0,,0.0,1.0,,Null,2019/2020,CUSTOMHOUSE QUAY ,HUNTER STREET,,Non-Injury Crash,No,2019,,North,,0,,Flat,,,,,,Overcast,2125800,0,0.0,0.0,2.0,,,0.0,,,,,,Wellington Region,Nil,2-way,Sealed,,0.0,0,,30.0,,Off,1.0,0.0,,47,Wellington City,Traffic Signals,,,,,0.0,0.0,Urban,0.0,,,Light rain,Null,0
66474832,,575901,0.0,0.0,0.0,1.0,0.0,Null,2020/2021,PHOIENIX WAY,MITCHELL STREET,,Non-Injury Crash,No,2020,0.0,East,0.0,0,1.0,Hill Road,0.0,,0.0,,0.0,Dark,2187203,0,0.0,0.0,2.0,0.0,0.0,0.0,0.0,0.0,,0.0,0.0,Wellington Region,Nil,2-way,Unsealed,0.0,0.0,0,0.0,50.0,0.0,Null,0.0,0.0,,47,Wellington City,Nil,0.0,0.0,0.0,0.0,0.0,0.0,Urban,0.0,0.0,0.0,Fine,Null,1
66474845,,575800,0.0,0.0,0.0,1.0,1.0,North,2020/2021,OHIRO ROAD,LANDFILL ROAD,,Serious Crash,No,2020,0.0,South,0.0,0,0.0,Hill Road,0.0,,0.0,,0.0,Dark,2197101,0,0.0,0.0,2.0,0.0,0.0,0.0,0.0,0.0,,0.0,0.0,Wellington Region,Nil,2-way,Sealed,0.0,0.0,2,0.0,50.0,0.0,On,0.0,0.0,,47,Wellington City,Nil,0.0,0.0,0.0,0.0,0.0,0.0,Urban,0.0,0.0,0.0,Light rain,Strong wind,1
66474860,,576901,0.0,0.0,0.0,2.0,0.0,West,2020/2021,RONGOTAI ROAD,BAY ROAD,,Non-Injury Crash,No,2020,0.0,West,0.0,0,0.0,Flat,0.0,,0.0,,0.0,Overcast,2178400,0,0.0,0.0,2.0,0.0,0.0,0.0,0.0,1.0,,0.0,0.0,Wellington Region,Nil,2-way,Sealed,0.0,0.0,0,0.0,50.0,0.0,Off,0.0,0.0,,47,Wellington City,Nil,0.0,0.0,0.0,0.0,0.0,0.0,Urban,0.0,0.0,0.0,Fine,Null,1
66474882,,573101,0.0,,0.0,1.0,,Null,2019/2020,VIVIAN STREET,TARANAKI STREET,,Minor Crash,Yes,2020,,South,,0,,Flat,,,,,,Overcast,2134200,1,0.0,0.0,5.0,,,0.0,,,,,,Wellington Region,Nil,2-way,Sealed,,0.0,0,,50.0,,Off,1.0,0.0,,47,Wellington City,Traffic Signals,,,,,0.0,0.0,Urban,0.0,,,Heavy rain,Null,1
66474956,,573700,0.0,,0.0,1.0,,Null,2020/2021,MOOREFIELD ROAD,WANAKA STREET,,Minor Crash,No,2020,,North,,0,,Flat,,,,,,Overcast,2082400,1,0.0,0.0,2.0,,,0.0,,,1.0,,,Wellington Region,Nil,2-way,Sealed,,0.0,0,,50.0,,Off,0.0,0.0,,47,Wellington City,Give way,,,,,0.0,0.0,Urban,0.0,,,Light rain,Null,1
66474991,,573101,0.0,0.0,0.0,0.0,0.0,Null,2020/2021,CABLE STREET,TARANAKI STREET,,Non-Injury Crash,No,2020,0.0,South,0.0,0,0.0,Flat,0.0,,0.0,,0.0,Unknown,2133100,0,0.0,0.0,3.0,0.0,0.0,0.0,0.0,0.0,,0.0,0.0,Wellington Region,Nil,1-way,Sealed,0.0,0.0,0,0.0,50.0,0.0,Null,0.0,0.0,,47,Wellington City,Traffic Signals,0.0,1.0,0.0,0.0,0.0,1.0,Urban,0.0,0.0,0.0,Null,Null,1
66474995,,574500,0.0,,0.0,1.0,,Null,2020/2021,HUTT ROAD,SCHOOL ROAD,,Non-Injury Crash,No,2020,,South,,0,,Flat,,,,,,Unknown,2093600,0,0.0,0.0,4.0,,,0.0,,,,,,Wellington Region,Nil,2-way,Null,,0.0,0,,60.0,,Off,0.0,0.0,,47,Wellington City,Give way,,,,,0.0,0.0,Urban,1.0,,,Fine,Null,1
66475005,,572900,0.0,0.0,0.0,1.0,0.0,East,2020/2021,HILL STREET,PARLIAMENT STREET,,Non-Injury Crash,No,2020,0.0,East,0.0,0,0.0,Flat,0.0,,0.0,,0.0,Overcast,2122300,0,0.0,0.0,2.0,0.0,0.0,0.0,0.0,1.0,,0.0,0.0,Wellington Region,Nil,2-way,Sealed,0.0,0.0,0,0.0,50.0,0.0,Off,0.0,0.0,,47,Wellington City,Unknown,0.0,0.0,0.0,0.0,0.0,0.0,Urban,0.0,0.0,0.0,Null,Null,1