OBJECTID,advisorySpeed,areaUnitID,bicycle,bridge,bus,carStationWagon,cliffBank,crashDirectionDescription,crashFinancialYear,crashLocation1,crashLocation2,crashRoadSideRoad,crashSeverity,crashSHDescription,crashYear,debris,directionRoleDescription,ditch,fatalCount,fence,flatHill,guardRail,holiday,houseOrBuilding,intersection,kerb,light,meshblockId,minorInjuryCount,moped,motorcycle,NumberOfLanes,objectThrownOrDropped,otherObject,otherVehicleType,overBank,parkedVehicle,pedestrian,phoneBoxEtc,postOrPole,region,roadCharacter,roadLane,roadSurface,roadworks,schoolBus,seriousInjuryCount,slipOrFlood,speedLimit,strayAnimal,streetLight,suv,taxi,temporarySpeedLimit,tlaId,tlaName,trafficControl,trafficIsland,trafficSign,train,tree,truck,unknownVehicleType,urban,vanOrUtility,vehicle,waterRiver,weatherA,weatherB,if_pandemic
66475040,,573700,0.0,,0.0,2.0,,South,2020/2021,JOHNSONVILLE PORIRUA MOTORWAY,HELSTON OBR,,Non-Injury Crash,Yes,2021,,North,,0,,Flat,,,,,,Overcast,2082800,0,0.0,0.0,2.0,,,0.0,,,,,,Wellington Region,Nil,1-way,Sealed,,0.0,0,,100.0,,Off,0.0,0.0,,47,Wellington City,Nil,,,,,0.0,0.0,Open,0.0,,,Fine,Null,1
66475073,,574402,0.0,0.0,0.0,0.0,0.0,South,2019/2020,ORARI STREET,CROFTON ROAD,,Non-Injury Crash,No,2019,0.0,Null,0.0,0,0.0,Null,0.0,,0.0,,0.0,Unknown,2098200,0,0.0,0.0,2.0,0.0,0.0,0.0,0.0,1.0,,0.0,0.0,Wellington Region,Nil,2-way,Sealed,0.0,0.0,0,0.0,50.0,0.0,Off,1.0,0.0,,47,Wellington City,Unknown,0.0,0.0,0.0,0.0,0.0,0.0,Urban,0.0,0.0,0.0,Null,Null,0
66475082,,573000,0.0,0.0,0.0,1.0,0.0,South,2019/2020,THE TERRACE,THE TERRACE OFF RAMP,,Non-Injury Crash,No,2020,0.0,North,0.0,0,0.0,Null,0.0,,0.0,,0.0,Unknown,2126402,0,0.0,0.0,0.0,0.0,0.0,0.0,0.0,1.0,,0.0,0.0,Wellington Region,Nil,Null,Null,0.0,0.0,0,0.0,,0.0,Null,0.0,0.0,,47,Wellington City,Unknown,0.0,0.0,0.0,0.0,0.0,0.0,Urban,0.0,0.0,0.0,Null,Null,1
66475116,,573526,0.0,,0.0,3.0,,West,2020/2021,HUTT ROAD,HOROKIWI ROAD,,Non-Injury Crash,Yes,2020,,West,,0,,Flat,,,,,,Overcast,2086403,0,0.0,0.0,2.0,,,0.0,,,,,,Wellington Region,Nil,1-way,Sealed,,0.0,0,,100.0,,Off,0.0,0.0,,47,Wellington City,Nil,,,,,0.0,0.0,Open,0.0,,,Fine,Null,1
66475120,,575701,0.0,0.0,0.0,1.0,1.0,South,2021/2022,WASHINGTON AVENUE,CONNAUGHT TERRACE,,Non-Injury Crash,No,2021,0.0,South,0.0,0,0.0,Hill Road,0.0,,0.0,,0.0,Bright sun,2199600,0,0.0,0.0,2.0,0.0,0.0,0.0,0.0,0.0,,0.0,0.0,Wellington Region,Nil,2-way,Sealed,0.0,0.0,0,0.0,50.0,0.0,Off,0.0,0.0,,47,Wellington City,Nil,0.0,0.0,0.0,0.0,0.0,0.0,Urban,0.0,0.0,0.0,Fine,Null,1
66475146,,574100,0.0,,0.0,2.0,,North,2019/2020,FRASER AVENUE,MILK DEPOT,,Non-Injury Crash,No,2020,,North,,0,,Hill Road,,,,,,Dark,2084000,0,0.0,0.0,2.0,,,0.0,,,,,,Wellington Region,Nil,2-way,Sealed,,0.0,0,,50.0,,On,0.0,0.0,,47,Wellington City,Unknown,,,,,0.0,0.0,Urban,0.0,,,Fine,Null,1
66475151,15.0,575600,1.0,,1.0,0.0,,Null,2019/2020,MITCHELL STREET,TODMAN STREET,,Non-Injury Crash,No,2019,,North,,0,,Hill Road,,,,,,Bright sun,2161501,0,0.0,0.0,2.0,,,0.0,,,,,,Wellington Region,Nil,2-way,Sealed,,0.0,0,,50.0,,Off,0.0,0.0,,47,Wellington City,Give way,,,,,0.0,0.0,Urban,0.0,,,Fine,Null,0
66475176,,573101,0.0,,1.0,1.0,,Null,2021/2022,VIVIAN STREET,TARANAKI STREET,,Non-Injury Crash,Yes,2021,,East,,0,,Flat,,,,,,Dark,2133700,0,0.0,0.0,2.0,,,0.0,,,,,,Wellington Region,Nil,1-way,Sealed,,0.0,0,,50.0,,On,0.0,0.0,,47,Wellington City,Traffic Signals,,,,,0.0,0.0,Urban,0.0,,,Heavy rain,Null,1
66475177,,576800,0.0,,0.0,1.0,,South,2020/2021,ALEXANDRA ROAD,LOOKOUT ROAD,,Minor Crash,No,2020,,North,,0,,Hill Road,,,,,,Overcast,2181700,1,0.0,1.0,2.0,,,0.0,,,,,,Wellington Region,Nil,2-way,Sealed,,0.0,0,,50.0,,None,0.0,0.0,,47,Wellington City,Nil,,,,,0.0,0.0,Urban,0.0,,,Fine,Null,1
66475197,,573300,1.0,,0.0,1.0,,Null,2020/2021,RUGBY STREET,BELFAST STREET,,Minor Crash,Yes,2020,,East,,0,,Flat,,,,,,Bright sun,2145602,1,0.0,0.0,3.0,,,0.0,,,,,,Wellington Region,Nil,1-way,Sealed,,0.0,0,,30.0,,Off,0.0,0.0,,47,Wellington City,Give way,,,,,0.0,0.0,Urban,0.0,,,Fine,Null,1
66475201,,573300,0.0,0.0,0.0,3.0,0.0,North,2020/2021,SUSSEX STREET,RUGBY STREET,,Minor Crash,No,2020,0.0,North,0.0,0,0.0,Flat,0.0,,0.0,,0.0,Dark,2145602,2,0.0,0.0,3.0,0.0,0.0,0.0,0.0,1.0,,0.0,0.0,Wellington Region,Nil,1-way,Sealed,0.0,0.0,0,0.0,50.0,0.0,On,1.0,0.0,,47,Wellington City,Unknown,0.0,0.0,0.0,0.0,0.0,0.0,Urban,0.0,0.0,0.0,Light rain,Null,1
66475204,,572702,0.0,0.0,0.0,2.0,0.0,South,2020/2021,BING LUCAS DRIVE,WOODMAN DRIVE,,Non-Injury Crash,No,2021,0.0,North,0.0,0,0.0,Hill Road,0.0,,0.0,,0.0,Bright sun,2053826,0,0.0,0.0,2.0,0.0,0.0,0.0,0.0,1.0,,0.0,0.0,Wellington Region,Speed hump,2-way,Sealed,0.0,0.0,0,0.0,50.0,0.0,Off,0.0,0.0,,47,Wellington City,Nil,0.0,0.0,0.0,0.0,0.0,0.0,Urban,0.0,0.0,0.0,Fine,Null,1
66475216,,573511,0.0,,0.0,2.0,,South,2020/2021,WESTCHESTER DRIVE,STEBBINGS ROAD,,Non-Injury Crash,No,2020,,North,,0,,Hill Road,,,,,,Overcast,2086502,0,0.0,0.0,2.0,,,0.0,,,,,,Wellington Region,Nil,2-way,Sealed,,0.0,0,,50.0,,Off,0.0,0.0,,47,Wellington City,Nil,,,,,0.0,0.0,Urban,0.0,,,Mist or Fog,Strong wind,1
66475220,,577500,0.0,0.0,0.0,1.0,1.0,South,2020/2021,FALKIRK AVENUE,LUDLAM STREET,,Non-Injury Crash,No,2021,0.0,South,0.0,0,1.0,Flat,0.0,,0.0,,0.0,Bright sun,2211700,0,0.0,0.0,2.0,0.0,0.0,0.0,0.0,0.0,,0.0,0.0,Wellington Region,Nil,2-way,Sealed,0.0,0.0,0,0.0,50.0,0.0,Off,0.0,0.0,,47,Wellington City,Nil,0.0,0.0,0.0,0.0,0.0,0.0,Urban,0.0,0.0,0.0,Fine,Null,1
66475226,,573300,1.0,,0.0,0.0,,Null,2020/2021,RUGBY STREET,BELFAST STREET,,Minor Crash,No,2020,,East,,0,,Flat,,,,,,Overcast,2145700,1,0.0,0.0,1.0,,,0.0,,,,,,Wellington Region,Nil,2-way,Sealed,,0.0,0,,30.0,,Off,1.0,0.0,,47,Wellington City,Give way,,,,,0.0,0.0,Urban,0.0,,,Fine,Null,1
66475240,,573000,0.0,,0.0,4.0,,Null,2020/2021,THE TERRACE,MACDONALD CRESCENT,,Minor Crash,No,2020,,South,,0,,Hill Road,,Christmas New Year,,,,Overcast,2128700,1,0.0,0.0,2.0,,,0.0,,,,,,Wellington Region,Nil,2-way,Sealed,,0.0,0,,50.0,,Off,0.0,0.0,,47,Wellington City,Give way,,,,,0.0,0.0,Urban,0.0,,,Fine,Null,1
66475294,,573700,0.0,,0.0,3.0,,Null,2020/2021,CENTENNIAL HIGHWAY,JOHNSONVILLE OFF RAMP,,Minor Crash,Yes,2020,,North,,0,,Flat,,,,,,Bright sun,2083100,1,0.0,0.0,3.0,,,0.0,,,,,,Wellington Region,Motorway ramp,1-way,Sealed,,0.0,0,,80.0,,Off,0.0,0.0,,47,Wellington City,Nil,,,,,0.0,0.0,Open,0.0,,,Fine,Null,1
66475318,,574002,0.0,0.0,0.0,1.0,0.0,West,2019/2020,CENTENNIAL HIGHWAY,CENTENNIAL HIGHWAY OFF RAMP,,Non-Injury Crash,Yes,2020,0.0,South,0.0,0,0.0,Hill Road,1.0,Queens Birthday,0.0,,0.0,Dark,2078302,0,0.0,0.0,3.0,0.0,0.0,0.0,0.0,0.0,,0.0,0.0,Wellington Region,Nil,1-way,Sealed,0.0,0.0,0,0.0,80.0,0.0,On,0.0,0.0,,47,Wellington City,Nil,0.0,0.0,0.0,0.0,0.0,0.0,Open,0.0,0.0,0.0,Fine,Null,1
66475357,,573101,0.0,,0.0,1.0,,West,2020/2021,MARKET LANE,TARANAKI STREET,,Minor Crash,No,2020,,North,,0,,Flat,,,,,,Dark,2133100,1,0.0,0.0,3.0,,,0.0,,,1.0,,,Wellington Region,Nil,1-way,Sealed,,0.0,0,,50.0,,On,0.0,0.0,,47,Wellington City,Nil,,,,,0.0,0.0,Urban,0.0,,,Fine,Strong wind,1
66475360,,573101,0.0,,0.0,1.0,,Null,2021/2022,DIXON STREET,INGLEWOOD PLACE,,Minor Crash,No,2021,,West,,0,,Flat,,,,,,Overcast,2133408,1,0.0,0.0,2.0,,,0.0,,,1.0,,,Wellington Region,Nil,1-way,Sealed,,0.0,0,,30.0,,Off,0.0,0.0,,47,Wellington City,Nil,,,,,0.0,0.0,Urban,0.0,,,Fine,Null,1
66475398,,573000,0.0,,0.0,2.0,,North,2020/2021,BALLANCE STREET,STOUT STREET,,Non-Injury Crash,No,2020,,South,,0,,Flat,,,,,,Bright sun,2124100,0,0.0,0.0,2.0,,,0.0,,,,,,Wellington Region,Nil,2-way,Sealed,,0.0,0,,50.0,,Off,0.0,0.0,,47,Wellington City,Unknown,,,,,0.0,0.0,Urban,0.0,,,Fine,Null,1
66475417,,576002,0.0,0.0,0.0,2.0,0.0,North,2019/2020,THE PARADE,HUMBER STREET,,Non-Injury Crash,No,2020,0.0,North,0.0,0,0.0,Flat,0.0,,0.0,,0.0,Bright sun,2190800,0,0.0,0.0,2.0,0.0,0.0,0.0,0.0,2.0,,0.0,0.0,Wellington Region,Nil,2-way,Sealed,0.0,0.0,0,0.0,50.0,0.0,Off,1.0,0.0,,47,Wellington City,Nil,0.0,0.0,0.0,0.0,0.0,0.0,Urban,0.0,0.0,0.0,Fine,Null,1
66475470,,573300,0.0,0.0,0.0,2.0,0.0,South,2021/2022,WALLACE STREET,CARRINGTON STREET,,Minor Crash,No,2022,0.0,North,0.0,0,0.0,Hill Road,0.0,,0.0,,0.0,Twilight,2147400,1,0.0,0.0,2.0,0.0,0.0,0.0,0.0,1.0,,0.0,0.0,Wellington Region,Nil,2-way,Sealed,0.0,0.0,0,0.0,50.0,0.0,None,0.0,0.0,,47,Wellington City,Nil,0.0,0.0,0.0,0.0,0.0,0.0,Urban,0.0,0.0,0.0,Fine,Null,0
66475516,,573000,0.0,,0.0,1.0,,Null,2020/2021,BOULCOTT STREET,PLIMMERS STEPS,,Non-Injury Crash,No,2020,,North,,0,,Null,,,,,,Unknown,2127200,0,0.0,0.0,2.0,,,0.0,,,,,,Wellington Region,Nil,2-way,Sealed,,0.0,0,,30.0,,Null,0.0,0.0,,47,Wellington City,Nil,,,,,0.0,0.0,Urban,0.0,,,Null,Null,1
66475587,35.0,576100,0.0,0.0,0.0,1.0,0.0,North,2020/2021,BUCKLEY ROAD,MELROSE ROAD,,Non-Injury Crash,No,2020,0.0,North,0.0,0,0.0,Hill Road,0.0,,0.0,,0.0,Dark,2194203,0,0.0,0.0,2.0,0.0,0.0,0.0,1.0,0.0,,0.0,0.0,Wellington Region,Nil,2-way,Sealed,0.0,0.0,0,0.0,50.0,0.0,On,0.0,0.0,,47,Wellington City,Nil,0.0,0.0,0.0,0.0,0.0,0.0,Urban,0.0,0.0,0.0,Heavy rain,Strong wind,1
66475594,,573300,0.0,,0.0,2.0,,Null,2020/2021,RUGBY STREET,ADELAIDE ROAD,,Non-Injury Crash,Yes,2020,,West,,0,,Flat,,,,,,Bright sun,2145602,0,0.0,0.0,3.0,,,0.0,,,,,,Wellington Region,Nil,1-way,Sealed,,0.0,0,,50.0,,Off,0.0,0.0,,47,Wellington City,Traffic Signals,,,,,0.0,0.0,Urban,0.0,,,Fine,Null,1
66475599,,574500,0.0,,0.0,3.0,,Null,2019/2020,HUTT ROAD,KAIWHARAWHARA ROAD,,Non-Injury Crash,No,2019,,North,,0,,Flat,,,,,,Overcast,2093600,0,0.0,0.0,2.0,,,0.0,,,,,,Wellington Region,Nil,2-way,Sealed,,0.0,0,,50.0,,Off,0.0,0.0,,47,Wellington City,Traffic Signals,,,,,0.0,0.0,Urban,0.0,,,Fine,Null,0
66475601,,574304,0.0,,1.0,1.0,,Null,2019/2020,BURMA ROAD,RANGOON STREET,,Non-Injury Crash,No,2019,,North,,0,,Flat,,Christmas New Year,,,,Overcast,2088800,0,0.0,0.0,2.0,,,0.0,,,,,,Wellington Region,Nil,2-way,Sealed,,0.0,0,,50.0,,Off,0.0,0.0,30.0,47,Wellington City,Stop,,,,,0.0,0.0,Urban,0.0,,,Fine,Null,0
66475669,,575902,0.0,0.0,0.0,1.0,0.0,North,2020/2021,HAPPY VALLEY ROAD,BATA PLACE,,Non-Injury Crash,No,2020,0.0,North,0.0,0,0.0,Flat,0.0,,0.0,,0.0,Overcast,2187406,0,0.0,0.0,2.0,0.0,0.0,0.0,0.0,1.0,,0.0,0.0,Wellington Region,Nil,2-way,Sealed,0.0,0.0,0,0.0,50.0,0.0,None,1.0,0.0,,47,Wellington City,Unknown,0.0,0.0,0.0,0.0,0.0,0.0,Urban,0.0,0.0,0.0,Light rain,Null,1
66475680,,573526,0.0,,0.0,3.0,,South,2020/2021,HUTT ROAD,WEIGH PIT,,Non-Injury Crash,Yes,2020,,North,,0,,Flat,,,,,,Overcast,2077503,0,0.0,0.0,2.0,,,0.0,,,,,,Wellington Region,Nil,1-way,Sealed,,0.0,0,,100.0,,Off,1.0,0.0,,47,Wellington City,Unknown,,,,,0.0,0.0,Open,0.0,,,Fine,Null,1
66475691,,573700,0.0,0.0,0.0,1.0,1.0,Null,2020/2021,FRANKMOORE AVENUE,PROSPECT TERRACE,,Non-Injury Crash,No,2021,0.0,West,0.0,0,0.0,Hill Road,0.0,,0.0,,0.0,Dark,2081800,0,0.0,0.0,2.0,0.0,0.0,0.0,0.0,1.0,,0.0,0.0,Wellington Region,Nil,2-way,Sealed,0.0,0.0,0,0.0,50.0,0.0,On,0.0,0.0,,47,Wellington City,Nil,0.0,0.0,0.0,0.0,0.0,0.0,Urban,1.0,0.0,0.0,Fine,Null,1
66475692,,575300,0.0,0.0,0.0,2.0,0.0,North,2020/2021,FAIRVIEW CRESCENT,RAROA ROAD,,Non-Injury Crash,No,2021,0.0,South,0.0,0,0.0,Hill Road,1.0,,0.0,,0.0,Bright sun,2152700,0,0.0,0.0,2.0,0.0,0.0,0.0,0.0,1.0,,0.0,0.0,Wellington Region,Nil,2-way,Sealed,0.0,0.0,0,0.0,50.0,0.0,Off,0.0,0.0,,47,Wellington City,Nil,0.0,0.0,0.0,0.0,0.0,0.0,Urban,0.0,0.0,0.0,Fine,Null,1
66475724,,573000,0.0,0.0,0.0,0.0,0.0,South,2020/2021,FEATHERSTON STREET,WARING TAYLOR STREET,,Non-Injury Crash,No,2020,0.0,South,0.0,0,0.0,Null,0.0,,0.0,,0.0,Unknown,2125400,0,0.0,0.0,2.0,0.0,0.0,0.0,0.0,1.0,,0.0,0.0,Wellington Region,Nil,1-way,Sealed,0.0,0.0,0,0.0,30.0,0.0,Off,2.0,0.0,,47,Wellington City,Unknown,0.0,0.0,0.0,0.0,0.0,0.0,Urban,0.0,0.0,0.0,Null,Null,1
66475787,,574600,0.0,0.0,0.0,1.0,1.0,North,2020/2021,HANOVER STREET,WADESTOWN ROAD,,Non-Injury Crash,No,2020,0.0,North,0.0,0,0.0,Hill Road,0.0,,0.0,,0.0,Dark,2099800,0,0.0,0.0,2.0,0.0,0.0,0.0,0.0,0.0,,0.0,0.0,Wellington Region,Nil,2-way,Sealed,0.0,0.0,0,0.0,50.0,0.0,None,0.0,0.0,,47,Wellington City,Nil,0.0,0.0,0.0,0.0,0.0,0.0,Urban,0.0,0.0,0.0,Fine,Null,1
66475825,,573101,0.0,,0.0,0.0,,South,2020/2021,WILLIS STREET,FLAGSTAFF LANE,,Non-Injury Crash,No,2020,,Null,,0,,Hill Road,,,,,,Overcast,2131300,0,1.0,0.0,2.0,,,0.0,,,,,,Wellington Region,Nil,2-way,Sealed,,0.0,0,,30.0,,Off,0.0,0.0,,47,Wellington City,Unknown,,,,,0.0,0.0,Urban,0.0,,,Fine,Null,1
66475829,,576301,0.0,0.0,0.0,1.0,0.0,Null,2021/2022,RIDDIFORD STREET,WILSON STREET,,Minor Crash,No,2021,0.0,North,0.0,0,0.0,Flat,0.0,,0.0,,0.0,Dark,2165200,1,0.0,0.0,2.0,0.0,0.0,0.0,0.0,0.0,,0.0,0.0,Wellington Region,Nil,2-way,Sealed,0.0,0.0,0,0.0,40.0,0.0,On,0.0,1.0,,47,Wellington City,Nil,0.0,0.0,0.0,1.0,0.0,0.0,Urban,0.0,0.0,0.0,Fine,Null,1
66475834,,572900,0.0,,0.0,1.0,,Null,2020/2021,MAY STREET ON RAMP,WELLINGTON URBAN MOTORWAY,,Minor Crash,No,2020,,North,,0,,Hill Road,,,,,,Overcast,2118500,2,0.0,0.0,1.0,,,0.0,,,,,,Wellington Region,Motorway ramp,1-way,Sealed,,0.0,0,,100.0,,Off,0.0,0.0,,47,Wellington City,Nil,,,,,0.0,0.0,Open,1.0,,,Fine,Null,1
66475853,,576400,0.0,0.0,0.0,2.0,0.0,East,2019/2020,MEIN STREET,COROMANDEL STREET,,Non-Injury Crash,No,2020,0.0,East,0.0,0,0.0,Hill Road,0.0,,0.0,,0.0,Bright sun,2168100,0,0.0,0.0,2.0,0.0,0.0,0.0,0.0,1.0,,0.0,0.0,Wellington Region,Nil,2-way,Sealed,0.0,0.0,0,0.0,40.0,0.0,Null,0.0,0.0,,47,Wellington City,Nil,0.0,0.0,0.0,0.0,0.0,0.0,Urban,0.0,0.0,0.0,Null,Null,1
66475867,,575500,0.0,,0.0,1.0,,Null,2020/2021,RAROA ROAD,ENTRANCE STREET,,Non-Injury Crash,No,2020,,West,,0,,Hill Road,,,,,,Unknown,2156500,0,0.0,0.0,2.0,,,0.0,,,,,,Wellington Region,Nil,2-way,Sealed,,0.0,0,,50.0,,Null,0.0,0.0,,47,Wellington City,Give way,,,,,1.0,0.0,Urban,0.0,,,Null,Null,1
66475868,,577700,0.0,,0.0,1.0,,North,2020/2021,OHARIU VALLEY ROAD,MCLINTOCK STREET NORTH,,Minor Crash,No,2020,,East,,0,,Hill Road,,,,,,Dark,2086713,1,0.0,0.0,2.0,,,0.0,,,,,,Wellington Region,Nil,2-way,Sealed,,0.0,0,,50.0,,None,1.0,0.0,,47,Wellington City,Nil,,,,,0.0,0.0,Urban,0.0,,,Light rain,Null,1
66475880,,573511,0.0,,1.0,1.0,,South,2020/2021,JOHNSONVILLE PORIRUA MOTORWAY,TAWA-GRENADA NORTH OFF RAMP,,Non-Injury Crash,Yes,2021,,North,,0,,Flat,,,,,,Overcast,2086201,0,0.0,0.0,2.0,,,0.0,,,,,,Wellington Region,Nil,1-way,Sealed,,0.0,0,,100.0,,None,0.0,0.0,,47,Wellington City,Nil,,,,,0.0,0.0,Open,0.0,,,Fine,Null,1
66475894,,573300,0.0,,0.0,1.0,,North,2020/2021,TARANAKI STREET,HILL LANE,,Minor Crash,No,2020,,South,,0,,Flat,,,,,,Overcast,2145300,2,0.0,0.0,2.0,,,0.0,,,,,,Wellington Region,Nil,2-way,Sealed,,0.0,0,,50.0,,Off,1.0,0.0,,47,Wellington City,Unknown,,,,,0.0,0.0,Urban,0.0,,,Fine,Null,1
66475904,,576200,0.0,0.0,1.0,2.0,0.0,South,2020/2021,ADELAIDE ROAD,DUPPA STREET,,Non-Injury Crash,No,2021,0.0,North,0.0,0,1.0,Flat,0.0,,0.0,,0.0,Dark,2172700,0,0.0,0.0,2.0,0.0,0.0,0.0,0.0,1.0,,0.0,0.0,Wellington Region,Nil,2-way,Sealed,0.0,0.0,0,0.0,50.0,0.0,On,0.0,0.0,,47,Wellington City,Unknown,0.0,0.0,0.0,0.0,0.0,0.0,Urban,0.0,0.0,0.0,Light rain,Null,1
66475920,,573000,0.0,0.0,0.0,1.0,0.0,Null,2021/2022,CUSTOMHOUSE QUAY,BRANDON STREET,,Serious Crash,No,2021,0.0,North,0.0,0,0.0,Flat,0.0,,0.0,,1.0,Overcast,2124300,0,0.0,1.0,3.0,0.0,0.0,0.0,0.0,0.0,,0.0,0.0,Wellington Region,Nil,1-way,Sealed,0.0,0.0,1,0.0,50.0,0.0,Off,0.0,0.0,,47,Wellington City,Traffic Signals,0.0,0.0,0.0,0.0,0.0,0.0,Urban,0.0,0.0,0.0,Fine,Null,1
66475926,,573300,0.0,0.0,0.0,1.0,0.0,Null,2020/2021,WEBB STREET,THOMPSON STREET,,Non-Injury Crash,No,2020,0.0,East,0.0,0,0.0,Null,0.0,,0.0,,0.0,Unknown,2144101,0,0.0,0.0,2.0,0.0,0.0,0.0,0.0,1.0,,0.0,0.0,Wellington Region,Nil,2-way,Sealed,0.0,0.0,0,0.0,50.0,0.0,Null,0.0,0.0,,47,Wellington City,Stop,0.0,0.0,0.0,0.0,0.0,0.0,Urban,0.0,0.0,0.0,Null,Null,1
66476053,,577102,0.0,0.0,0.0,1.0,0.0,South,2020/2021,MONORGAN ROAD,RAUKAWA STREET,,Non-Injury Crash,No,2020,0.0,South,0.0,0,0.0,Null,0.0,,0.0,,0.0,Unknown,2214700,0,0.0,0.0,2.0,0.0,0.0,0.0,0.0,1.0,,0.0,0.0,Wellington Region,Nil,2-way,Sealed,0.0,0.0,0,0.0,50.0,0.0,Null,0.0,0.0,,47,Wellington City,Nil,0.0,0.0,0.0,0.0,0.0,0.0,Urban,0.0,0.0,0.0,Null,Null,1
66476103,,573101,0.0,,0.0,1.0,,Null,2019/2020,VIVIAN STREET,WILLIS STREET,,Non-Injury Crash,Yes,2019,,Null,,0,,Flat,,,,,,Dark,2131900,0,0.0,0.0,4.0,,,0.0,,,,,,Wellington Region,Motorway ramp,1-way,Sealed,,0.0,0,,50.0,,On,0.0,0.0,,47,Wellington City,Traffic Signals,,,,,0.0,1.0,Urban,0.0,,,Fine,Null,0
66476134,,576302,0.0,0.0,0.0,3.0,0.0,Null,2020/2021,RUSSELL TERRACE,HERALD STREET,,Non-Injury Crash,No,2021,0.0,North,0.0,0,0.0,Hill Road,0.0,,0.0,,0.0,Bright sun,2166700,0,0.0,0.0,2.0,0.0,0.0,0.0,0.0,1.0,,0.0,0.0,Wellington Region,Nil,2-way,Sealed,0.0,0.0,0,0.0,50.0,0.0,Off,0.0,0.0,,47,Wellington City,Stop,0.0,0.0,0.0,0.0,0.0,0.0,Urban,0.0,0.0,0.0,Fine,Null,1
66476136,,575600,0.0,0.0,0.0,1.0,0.0,South,2020/2021,TODMAN STREET,MITCHELL STREET,,Non-Injury Crash,No,2021,0.0,South,0.0,0,0.0,Hill Road,0.0,,0.0,,0.0,Unknown,2161501,0,0.0,0.0,2.0,0.0,0.0,0.0,0.0,1.0,,0.0,0.0,Wellington Region,Nil,2-way,Sealed,0.0,0.0,0,0.0,50.0,0.0,Null,0.0,0.0,,47,Wellington City,Nil,0.0,0.0,0.0,0.0,0.0,0.0,Urban,0.0,0.0,0.0,Null,Null,1
66476145,,573000,1.0,,0.0,0.0,,Null,2019/2020,JERVOIS QUAY,CUSTOMHOUSE QUAY,,Minor Crash,No,2020,,North,,0,,Flat,,,,,,Bright sun,2125900,1,0.0,0.0,3.0,,,0.0,,,,,,Wellington Region,Nil,1-way,Sealed,,0.0,0,,50.0,,Off,0.0,0.0,,47,Wellington City,Give way,,,,,0.0,0.0,Urban,0.0,,,Fine,Null,1
66476183,,573511,0.0,0.0,0.0,0.0,0.0,North,2019/2020,JOHNSONVILLE PORIRUA MOTORWAY,CHURTON PARK-GLENSIDE ON RAMP,,Non-Injury Crash,Yes,2020,0.0,North,0.0,0,0.0,Flat,1.0,,0.0,,0.0,Overcast,2086203,0,0.0,0.0,4.0,0.0,0.0,0.0,0.0,0.0,,0.0,0.0,Wellington Region,Nil,2-way,Sealed,0.0,0.0,0,0.0,100.0,0.0,Off,0.0,0.0,,47,Wellington City,Nil,0.0,0.0,0.0,0.0,0.0,0.0,Open,1.0,0.0,0.0,Fine,Frost,1
66476213,,573511,0.0,,0.0,3.0,,South,2019/2020,JOHNSONVILLE PORIRUA MOTORWAY,CHURTON PARK-GLENSIDE ON RAMP,,Non-Injury Crash,Yes,2020,,North,,0,,Flat,,,,,,Dark,2086203,0,0.0,0.0,4.0,,,0.0,,,,,,Wellington Region,Motorway ramp,2-way,Sealed,,0.0,0,,100.0,,On,0.0,0.0,,47,Wellington City,Nil,,,,,0.0,0.0,Open,0.0,,,Fine,Strong wind,1
66476227,,572900,0.0,0.0,0.0,0.0,0.0,Null,2020/2021,TINAKORI ROAD,UPTON TERRACE,,Non-Injury Crash,No,2020,0.0,North,0.0,0,0.0,Hill Road,0.0,,0.0,,0.0,Unknown,2121700,0,0.0,0.0,2.0,0.0,0.0,0.0,0.0,0.0,,0.0,1.0,Wellington Region,Nil,2-way,Sealed,0.0,0.0,0,0.0,50.0,0.0,Null,0.0,0.0,,47,Wellington City,Give way,0.0,0.0,0.0,0.0,0.0,0.0,Urban,0.0,0.0,0.0,Null,Null,1
66476237,,573300,0.0,,0.0,1.0,,North,2020/2021,TARANAKI STREET,HILL LANE,,Serious Crash,No,2021,,North,,0,,Flat,,,,,,Overcast,2145300,0,0.0,0.0,2.0,,,0.0,,,1.0,,,Wellington Region,Nil,2-way,Sealed,,0.0,1,,50.0,,Off,0.0,1.0,,47,Wellington City,Nil,,,,,0.0,0.0,Urban,0.0,,,Light rain,Null,1
66476317,,576301,0.0,0.0,0.0,2.0,0.0,Null,2020/2021,RUSSELL TERRACE,TE WHAREPOURI STREET,,Non-Injury Crash,No,2020,0.0,South,0.0,0,0.0,Hill Road,0.0,,0.0,,0.0,Bright sun,2165900,0,0.0,0.0,2.0,0.0,0.0,0.0,0.0,1.0,,0.0,0.0,Wellington Region,Nil,2-way,Sealed,0.0,0.0,0,0.0,50.0,0.0,Off,0.0,0.0,,47,Wellington City,Give way,0.0,0.0,0.0,0.0,0.0,0.0,Urban,0.0,0.0,0.0,Fine,Null,1
66476324,,575000,0.0,0.0,0.0,1.0,0.0,Null,2021/2022,OFF ROAD-HUNTLEIGH HOME,,,Minor Crash,No,2021,0.0,South,0.0,0,0.0,Flat,0.0,,1.0,,0.0,Overcast,2112300,1,0.0,0.0,,0.0,0.0,0.0,0.0,0.0,,1.0,0.0,Wellington Region,Nil,Off road,Sealed,0.0,0.0,0,0.0,10.0,0.0,Off,0.0,0.0,,47,Wellington City,Nil,0.0,0.0,0.0,1.0,0.0,0.0,Urban,0.0,0.0,0.0,Light rain,Null,1