OBJECTID,advisorySpeed,areaUnitID,bicycle,bridge,bus,carStationWagon,cliffBank,crashDirectionDescription,crashFinancialYear,crashLocation1,crashLocation2,crashRoadSideRoad,crashSeverity,crashSHDescription,crashYear,debris,directionRoleDescription,ditch,fatalCount,fence,flatHill,guardRail,holiday,houseOrBuilding,intersection,kerb,light,meshblockId,minorInjuryCount,moped,motorcycle,NumberOfLanes,objectThrownOrDropped,otherObject,otherVehicleType,overBank,parkedVehicle,pedestrian,phoneBoxEtc,postOrPole,region,roadCharacter,roadLane,roadSurface,roadworks,schoolBus,seriousInjuryCount,slipOrFlood,speedLimit,strayAnimal,streetLight,suv,taxi,temporarySpeedLimit,tlaId,tlaName,trafficControl,trafficIsland,trafficSign,train,tree,truck,unknownVehicleType,urban,vanOrUtility,vehicle,waterRiver,weatherA,weatherB,if_pandemic
66476356,,573101,1.0,,0.0,1.0,,East,2021/2022,WAKEFIELD STREET,VICTORIA STREET,,Minor Crash,No,2022,,East,,0,,Flat,,,,,,Bright sun,2131200,1,0.0,0.0,2.0,,,0.0,,,,,,Wellington Region,Nil,2-way,Sealed,,0.0,0,,30.0,,Off,0.0,0.0,,47,Wellington City,Nil,,,,,0.0,0.0,Urban,0.0,,,Fine,Null,0
66476402,,573700,0.0,,0.0,2.0,,Null,2019/2020,MOOREFIELD ROAD,BRODERICK ROAD,,Non-Injury Crash,No,2020,,North,,0,,Hill Road,,,,,,Dark,2082700,0,0.0,0.0,3.0,,,0.0,,,,,,Wellington Region,Nil,2-way,Sealed,,0.0,0,,50.0,,On,0.0,0.0,,47,Wellington City,Traffic Signals,,,,,0.0,0.0,Urban,0.0,,,Light rain,Null,1
66476418,,573400,0.0,0.0,0.0,1.0,0.0,Null,2020/2021,BROUGHAM STREET,PIRIE STREET,,Minor Crash,No,2020,0.0,West,0.0,0,0.0,Hill Road,0.0,,0.0,,0.0,Bright sun,2143900,1,0.0,1.0,2.0,0.0,0.0,0.0,0.0,0.0,,0.0,0.0,Wellington Region,Nil,2-way,Sealed,0.0,0.0,0,0.0,50.0,0.0,None,0.0,1.0,,47,Wellington City,Give way,0.0,0.0,0.0,0.0,0.0,0.0,Urban,0.0,1.0,0.0,Fine,Null,1
66476429,,572900,0.0,0.0,0.0,4.0,0.0,North,2019/2020,TINAKORI ROAD,GEORGE STREET,,Non-Injury Crash,No,2020,0.0,North,0.0,0,0.0,Flat,0.0,,0.0,,0.0,Dark,2119500,0,0.0,0.0,2.0,0.0,0.0,0.0,0.0,2.0,,0.0,0.0,Wellington Region,Nil,2-way,Sealed,0.0,0.0,0,0.0,50.0,0.0,On,0.0,1.0,,47,Wellington City,Unknown,0.0,0.0,0.0,0.0,0.0,0.0,Urban,0.0,0.0,0.0,Fine,Null,1
66476432,,576901,0.0,0.0,1.0,0.0,0.0,Null,2020/2021,RONGOTAI ROAD,MAHORA STREET,,Non-Injury Crash,No,2021,0.0,East,0.0,0,0.0,Flat,0.0,,0.0,,0.0,Bright sun,2176900,0,0.0,0.0,2.0,0.0,0.0,0.0,0.0,1.0,,0.0,0.0,Wellington Region,Nil,2-way,Sealed,0.0,0.0,0,0.0,50.0,0.0,Off,1.0,0.0,,47,Wellington City,Give way,0.0,0.0,0.0,0.0,0.0,0.0,Urban,1.0,0.0,0.0,Fine,Null,1
66476475,,576400,0.0,0.0,0.0,3.0,0.0,West,2020/2021,CONSTABLE STREET,COROMANDEL STREET,,Minor Crash,No,2020,0.0,West,0.0,0,0.0,Flat,0.0,,0.0,,0.0,Bright sun,2169800,1,0.0,1.0,2.0,0.0,0.0,0.0,0.0,1.0,1.0,0.0,0.0,Wellington Region,Nil,2-way,Sealed,0.0,0.0,0,0.0,50.0,0.0,Off,0.0,0.0,,47,Wellington City,Nil,0.0,0.0,0.0,0.0,0.0,0.0,Urban,0.0,0.0,0.0,Fine,Null,1
66476493,,574500,0.0,0.0,0.0,1.0,0.0,North,2020/2021,HUTT ROAD,WESTMINSTER STREET,,Serious Crash,No,2020,0.0,South,0.0,0,0.0,Flat,0.0,,0.0,,1.0,Bright sun,2093400,0,0.0,1.0,4.0,0.0,0.0,0.0,0.0,0.0,,0.0,0.0,Wellington Region,Nil,2-way,Sealed,0.0,0.0,1,0.0,60.0,0.0,Off,0.0,0.0,,47,Wellington City,Nil,0.0,0.0,0.0,0.0,0.0,0.0,Urban,0.0,0.0,0.0,Fine,Null,1
66476513,,576100,0.0,0.0,0.0,1.0,1.0,Null,2019/2020,VIEW ROAD,TWOMEY GROVE,,Non-Injury Crash,No,2020,0.0,South,0.0,0,0.0,Hill Road,0.0,,0.0,,0.0,Overcast,2195602,0,0.0,0.0,2.0,0.0,0.0,0.0,0.0,1.0,,0.0,0.0,Wellington Region,Nil,2-way,Sealed,0.0,0.0,0,0.0,50.0,0.0,Off,1.0,0.0,,47,Wellington City,Nil,0.0,0.0,0.0,0.0,0.0,0.0,Urban,0.0,0.0,0.0,Fine,Null,1
66476521,,572500,0.0,,0.0,1.0,,North,2019/2020,JOHNSONVILLE PORIRUA MOTORWAY,TAKAPU RD UPASS NBD,,Non-Injury Crash,Yes,2019,,North,,0,,Flat,,,,,,Overcast,2053702,0,0.0,0.0,3.0,,,0.0,,,,,,Wellington Region,Nil,1-way,Sealed,,0.0,0,,100.0,,On,0.0,0.0,,47,Wellington City,Nil,,,,,0.0,0.0,Open,1.0,,,Fine,Frost,0
66476522,,574302,1.0,,0.0,1.0,,East,2020/2021,HUTT ROAD,RANGIORA AVENUE,,Minor Crash,No,2020,,East,,0,,Flat,,,,,,Overcast,2090700,1,0.0,0.0,2.0,,,0.0,,,,,,Wellington Region,Nil,2-way,Sealed,,0.0,0,,60.0,,Off,0.0,0.0,,47,Wellington City,Nil,,,,,0.0,0.0,Urban,0.0,,,Heavy rain,Null,1
66476608,,573522,0.0,0.0,0.0,1.0,0.0,Null,2020/2021,TAKAPU ROAD,TAWA-GRENADA NORTH OFF RAMP,,Non-Injury Crash,No,2021,0.0,South,0.0,0,0.0,Flat,0.0,,0.0,,0.0,Overcast,2053703,0,0.0,0.0,2.0,0.0,0.0,0.0,0.0,0.0,,0.0,0.0,Wellington Region,Motorway ramp,2-way,Sealed,0.0,0.0,0,0.0,50.0,0.0,On,0.0,0.0,,47,Wellington City,Stop,0.0,1.0,0.0,0.0,0.0,0.0,Urban,0.0,0.0,0.0,Fine,Null,1
66476639,,573000,0.0,,0.0,2.0,,Null,2019/2020,THE TERRACE,BOLTON STREET,,Non-Injury Crash,No,2019,,North,,0,,Flat,,,,,,Bright sun,2123700,0,0.0,0.0,2.0,,,0.0,,,,,,Wellington Region,Nil,2-way,Sealed,,0.0,0,,50.0,,Off,0.0,0.0,,47,Wellington City,Give way,,,,,0.0,0.0,Urban,0.0,,,Fine,Null,0
66476648,,576301,0.0,,0.0,1.0,,Null,2020/2021,ADELAIDE ROAD,MUDGES TERRACE,,Minor Crash,No,2021,,South,,0,,Hill Road,,,,,,Bright sun,2165300,1,1.0,0.0,2.0,,,0.0,,,,,,Wellington Region,Nil,2-way,Sealed,,0.0,0,,50.0,,Off,0.0,0.0,,47,Wellington City,Nil,,,,,0.0,0.0,Urban,0.0,,,Fine,Null,1
66476654,,573000,0.0,,0.0,0.0,,Null,2020/2021,SALAMANCA ROAD,MOUNT STREET,,Minor Crash,No,2020,,West,,0,,Hill Road,,,,,,Dark,2126900,1,0.0,1.0,2.0,,,0.0,,,,,,Wellington Region,Nil,2-way,Sealed,,0.0,0,,50.0,,On,0.0,0.0,,47,Wellington City,Nil,,,,,0.0,0.0,Urban,0.0,,,Fine,Null,1
66476690,,575100,0.0,0.0,0.0,1.0,0.0,Null,2019/2020,KARORI ROAD,BEAUCHAMP STREET,,Non-Injury Crash,No,2020,0.0,North,0.0,0,0.0,Flat,0.0,,0.0,,0.0,Twilight,2114200,0,0.0,0.0,2.0,0.0,0.0,0.0,0.0,0.0,,1.0,0.0,Wellington Region,Nil,2-way,Sealed,0.0,0.0,0,0.0,50.0,0.0,On,0.0,0.0,,47,Wellington City,Give way,0.0,0.0,0.0,0.0,0.0,0.0,Urban,1.0,0.0,0.0,Fine,Null,1
66476708,,575902,0.0,0.0,0.0,1.0,0.0,South,2020/2021,SEVERN STREET,DENNIS WAY,,Non-Injury Crash,No,2021,0.0,South,0.0,0,1.0,Hill Road,0.0,,0.0,,0.0,Dark,2187600,0,0.0,0.0,2.0,0.0,0.0,0.0,0.0,0.0,,0.0,0.0,Wellington Region,Nil,2-way,Sealed,0.0,0.0,0,0.0,50.0,0.0,Off,0.0,0.0,,47,Wellington City,Nil,0.0,0.0,0.0,0.0,0.0,0.0,Urban,0.0,0.0,0.0,Fine,Null,1
66476726,,573101,0.0,,0.0,1.0,,West,2019/2020,GHUZNEE STREET,LEEDS STREET,,Non-Injury Crash,No,2020,,East,,0,,Null,,,,,,Unknown,2133600,0,0.0,0.0,2.0,,,0.0,,,,,,Wellington Region,Nil,2-way,Sealed,,0.0,0,,30.0,,Null,1.0,0.0,,47,Wellington City,Nil,,,,,0.0,0.0,Urban,0.0,,,Null,Null,1
66476757,,573101,0.0,,0.0,1.0,,East,2020/2021,GHUZNEE STREET,VICTORIA STREET,,Serious Crash,No,2021,,West,,0,,Flat,,,,,,Bright sun,2131700,0,0.0,0.0,2.0,,,0.0,,,1.0,,,Wellington Region,Nil,2-way,Sealed,,0.0,1,,30.0,,Off,0.0,0.0,,47,Wellington City,Nil,,,,,0.0,0.0,Urban,0.0,,,Fine,Null,1
66476794,,574600,0.0,0.0,0.0,1.0,0.0,North,2019/2020,BLACKBRIDGE ROAD,WADESTOWN ROAD,,Non-Injury Crash,No,2020,0.0,Null,0.0,0,0.0,Null,0.0,,0.0,,0.0,Unknown,2100800,0,0.0,0.0,2.0,0.0,0.0,0.0,0.0,1.0,,0.0,0.0,Wellington Region,Nil,2-way,Sealed,0.0,0.0,0,0.0,50.0,0.0,Null,0.0,0.0,,47,Wellington City,Nil,0.0,0.0,0.0,0.0,0.0,0.0,Urban,0.0,0.0,0.0,Null,Null,1
66476833,,574302,0.0,0.0,0.0,1.0,0.0,South,2019/2020,HUTT ROAD,HUTT NIMT OBR,,Non-Injury Crash,No,2020,0.0,North,0.0,0,0.0,Flat,0.0,,0.0,,0.0,Overcast,2090500,0,0.0,0.0,4.0,0.0,0.0,0.0,0.0,1.0,,0.0,0.0,Wellington Region,Nil,2-way,Sealed,0.0,0.0,0,0.0,60.0,0.0,None,0.0,0.0,,47,Wellington City,Unknown,0.0,0.0,0.0,0.0,1.0,0.0,Urban,0.0,0.0,0.0,Fine,Null,1
66476842,,573400,0.0,0.0,0.0,1.0,0.0,North,2020/2021,PALLISER ROAD,SOUTHERN WALKWAY,,Non-Injury Crash,No,2021,0.0,North,0.0,0,1.0,Hill Road,0.0,,0.0,,0.0,Dark,2139604,0,0.0,0.0,2.0,0.0,0.0,0.0,1.0,0.0,,0.0,0.0,Wellington Region,Nil,2-way,Sealed,0.0,0.0,0,0.0,50.0,0.0,On,0.0,0.0,,47,Wellington City,Nil,0.0,0.0,0.0,0.0,0.0,0.0,Urban,0.0,0.0,0.0,Fine,Null,1
66476858,,573801,0.0,0.0,0.0,1.0,0.0,North,2020/2021,JOHNSONVILLE PORIRUA MOTORWAY,JOHNSONVILLE OFF RAMP,,Non-Injury Crash,Yes,2020,0.0,South,0.0,0,0.0,Flat,1.0,,0.0,,0.0,Overcast,2079900,0,0.0,0.0,2.0,0.0,0.0,0.0,1.0,0.0,,0.0,0.0,Wellington Region,Nil,1-way,Sealed,0.0,0.0,0,0.0,100.0,0.0,Off,0.0,0.0,,47,Wellington City,Nil,0.0,0.0,0.0,0.0,0.0,0.0,Open,0.0,0.0,0.0,Fine,Null,1
66476873,,573101,0.0,,0.0,1.0,,North,2020/2021,CAMBRIDGE TERRACE,KENT TERRACE,,Non-Injury Crash,No,2020,,South,,0,,Flat,,,,,,Unknown,2135700,0,0.0,0.0,4.0,,,0.0,,,,,,Wellington Region,Nil,2-way,Sealed,,0.0,0,,50.0,,Null,0.0,0.0,,47,Wellington City,Nil,,,,,0.0,0.0,Urban,0.0,,,Fine,Null,1
66476884,,577601,0.0,,0.0,1.0,,North,2021/2022,MASSEY ROAD,FORT BALLANCE ROAD,,Minor Crash,No,2021,,North,,0,,Flat,,,,,,Bright sun,2200700,1,0.0,0.0,2.0,,,0.0,,,,,,Wellington Region,Nil,2-way,Sealed,,0.0,0,,40.0,,None,0.0,0.0,,47,Wellington City,Nil,,,,,0.0,0.0,Urban,0.0,,,Fine,Null,1
66476889,,575600,0.0,,0.0,1.0,,West,2020/2021,BROOKLYN ROAD,CITY TO SEA WALKWAY,,Minor Crash,No,2021,,South,,0,,Hill Road,,,,,,Dark,2162700,1,0.0,1.0,2.0,,,0.0,,,,,,Wellington Region,Nil,2-way,Sealed,,0.0,0,,50.0,,On,0.0,0.0,,47,Wellington City,Nil,,,,,0.0,0.0,Urban,0.0,,,Fine,Null,1
66476890,,576301,0.0,0.0,0.0,3.0,0.0,Null,2020/2021,RIDDIFORD STREET,RHODES STREET,,Non-Injury Crash,No,2021,0.0,South,0.0,0,0.0,Flat,0.0,,0.0,,0.0,Bright sun,2165700,0,0.0,0.0,2.0,0.0,0.0,0.0,0.0,1.0,,0.0,0.0,Wellington Region,Nil,2-way,Sealed,0.0,0.0,0,0.0,50.0,0.0,Off,0.0,0.0,,47,Wellington City,Give way,0.0,0.0,0.0,0.0,0.0,0.0,Urban,0.0,0.0,0.0,Fine,Null,1
66476896,,575100,0.0,0.0,0.0,1.0,0.0,South,2020/2021,RICHMOND AVENUE,ENSORS ROAD,,Non-Injury Crash,No,2020,0.0,North,0.0,0,0.0,Flat,0.0,,0.0,,0.0,Unknown,2115800,0,0.0,0.0,2.0,0.0,0.0,0.0,0.0,1.0,,0.0,0.0,Wellington Region,Nil,2-way,Sealed,0.0,0.0,0,0.0,50.0,0.0,Null,0.0,0.0,,47,Wellington City,Unknown,0.0,0.0,0.0,0.0,0.0,0.0,Urban,0.0,0.0,0.0,Null,Null,1
66476958,,573101,0.0,,0.0,1.0,,Null,2020/2021,TARANAKI STREET,ARTHUR STREET,,Non-Injury Crash,No,2021,,South,,0,,Flat,,,,,,Overcast,2134700,0,0.0,1.0,5.0,,,0.0,,,,,,Wellington Region,Nil,2-way,Sealed,,0.0,0,,50.0,,Off,0.0,0.0,,47,Wellington City,Traffic Signals,,,,,0.0,0.0,Urban,0.0,,,Fine,Null,1
66477046,,573101,0.0,,0.0,2.0,,Null,2021/2022,CABLE STREET,BARNETT STREET,,Minor Crash,No,2021,,East,,0,,Flat,,,,,,Bright sun,2135400,1,0.0,0.0,3.0,,,0.0,,,,,,Wellington Region,Nil,1-way,Sealed,,0.0,0,,50.0,,Off,1.0,0.0,,47,Wellington City,Traffic Signals,,,,,0.0,0.0,Urban,0.0,,,Fine,Null,1
66477180,,573101,0.0,,0.0,1.0,,West,2020/2021,LORNE STREET,CAMBRIDGE TERRACE,,Non-Injury Crash,No,2020,,North,,0,,Flat,,,,,,Bright sun,2136200,0,0.0,0.0,2.0,,,0.0,,,,,,Wellington Region,Nil,2-way,Sealed,,0.0,0,,50.0,,Off,1.0,0.0,,47,Wellington City,Stop,,,,,0.0,0.0,Urban,0.0,,,Fine,Strong wind,1
66477184,,577500,0.0,0.0,0.0,1.0,0.0,North,2020/2021,BREAKER BAY ROAD,WAHINE MEMORIAL,,Non-Injury Crash,No,2021,0.0,North,0.0,0,0.0,Flat,0.0,,0.0,,0.0,Dark,2212600,0,0.0,0.0,2.0,0.0,0.0,0.0,0.0,0.0,,1.0,0.0,Wellington Region,Nil,2-way,Sealed,0.0,0.0,0,0.0,50.0,0.0,On,0.0,0.0,30.0,47,Wellington City,Nil,0.0,0.0,0.0,0.0,0.0,0.0,Urban,0.0,0.0,0.0,Fine,Null,1
66477226,,573101,0.0,,0.0,2.0,,Null,2019/2020,TARANAKI STREET,VIVIAN STREET,,Non-Injury Crash,No,2020,,South,,0,,Flat,,,,,,Dark,2133800,0,0.0,0.0,3.0,,,0.0,,,,,,Wellington Region,Nil,1-way,Sealed,,0.0,0,,50.0,,On,0.0,1.0,,47,Wellington City,Traffic Signals,,,,,0.0,0.0,Urban,0.0,,,Fine,Null,1
66477248,,573101,0.0,,0.0,1.0,,Null,2020/2021,COURTENAY PLACE,TARANAKI STREET,,Non-Injury Crash,No,2021,,West,,0,,Flat,,,,,,Overcast,2135600,0,0.0,0.0,1.0,,,0.0,,,,,,Wellington Region,Nil,1-way,Sealed,,0.0,0,,30.0,,Off,0.0,0.0,,47,Wellington City,Traffic Signals,,,,,0.0,0.0,Urban,1.0,,,Fine,Null,1
66477251,,577200,0.0,0.0,0.0,2.0,0.0,North,2020/2021,IRA STREET,DEVONSHIRE ROAD,,Non-Injury Crash,No,2021,0.0,North,0.0,0,0.0,Flat,0.0,,0.0,,0.0,Overcast,2208000,0,0.0,0.0,2.0,0.0,0.0,0.0,0.0,1.0,,0.0,0.0,Wellington Region,Nil,2-way,Sealed,0.0,0.0,0,0.0,50.0,0.0,Off,0.0,0.0,,47,Wellington City,Nil,0.0,0.0,0.0,0.0,0.0,0.0,Urban,0.0,0.0,0.0,Light rain,Strong wind,1
66477289,,573101,0.0,,0.0,1.0,,Null,2020/2021,KENT TERRACE,MAJORIBANKS STREET,,Non-Injury Crash,No,2020,,South,,0,,Null,,,,,,Bright sun,2135700,0,0.0,0.0,3.0,,,0.0,,,,,,Wellington Region,Nil,1-way,Sealed,,0.0,0,,50.0,,Off,1.0,0.0,,47,Wellington City,Traffic Signals,,,,,0.0,0.0,Urban,0.0,,,Fine,Null,1
66477312,,575300,0.0,0.0,0.0,1.0,0.0,South,2021/2022,GLENMORE STREET,CRIEFF STREET,,Minor Crash,No,2021,0.0,South,0.0,0,0.0,Hill Road,0.0,,0.0,,0.0,Overcast,2152501,1,0.0,0.0,2.0,0.0,0.0,0.0,0.0,1.0,,0.0,0.0,Wellington Region,Nil,2-way,Sealed,0.0,0.0,0,0.0,50.0,0.0,Off,1.0,0.0,,47,Wellington City,Nil,0.0,0.0,0.0,0.0,0.0,0.0,Urban,0.0,0.0,0.0,Fine,Null,1
66477344,,573000,0.0,,0.0,1.0,,North,2020/2021,WELLINGTON URBAN MOTORWAY,EVERTON OBR,,Non-Injury Crash,Yes,2020,,South,,0,,Flat,,,,,,Bright sun,2126100,0,0.0,0.0,2.0,,,0.0,,,,,,Wellington Region,Nil,1-way,Sealed,,0.0,0,,100.0,,Off,0.0,0.0,,47,Wellington City,Nil,,,,,0.0,0.0,Open,1.0,,,Fine,Null,1
66477387,,573526,0.0,,0.0,1.0,,North,2020/2021,HUTT ROAD,RAILYARD ENTRY,,Non-Injury Crash,Yes,2021,,Null,,0,,Flat,,,,,,Bright sun,2077503,0,0.0,0.0,2.0,,,0.0,,,,,,Wellington Region,Nil,1-way,Sealed,,0.0,0,,100.0,,Null,1.0,0.0,,47,Wellington City,Nil,,,,,0.0,0.0,Open,0.0,,,Fine,Null,1
66477443,,573000,1.0,0.0,0.0,1.0,0.0,North,2021/2022,VICTORIA STREET,MERCER STREET,,Minor Crash,No,2021,0.0,South,0.0,0,0.0,Flat,0.0,,0.0,,0.0,Overcast,2127800,1,0.0,0.0,2.0,0.0,0.0,0.0,0.0,1.0,,0.0,0.0,Wellington Region,Nil,1-way,Sealed,0.0,0.0,0,0.0,30.0,0.0,Off,0.0,0.0,,47,Wellington City,Nil,0.0,0.0,0.0,0.0,0.0,0.0,Urban,0.0,0.0,0.0,Fine,Null,1
66477457,,577102,0.0,,0.0,1.0,,South,2020/2021,STRATHMORE AVENUE,TANNADYCE STREET,,Minor Crash,No,2020,,North,,0,,Hill Road,,,,,,Bright sun,2214000,1,0.0,1.0,2.0,,,0.0,,,,,,Wellington Region,Nil,2-way,Sealed,,0.0,0,,50.0,,Off,0.0,0.0,,47,Wellington City,Nil,,,,,0.0,0.0,Urban,0.0,,,Fine,Null,1
66477474,,577200,0.0,,0.0,2.0,,South,2020/2021,HOBART STREET,KEDAH STREET,,Non-Injury Crash,No,2020,,South,,0,,Flat,,,,,,Dark,2208900,0,0.0,0.0,2.0,,,0.0,,,,,,Wellington Region,Nil,2-way,Sealed,,0.0,0,,50.0,,On,0.0,0.0,,47,Wellington City,Nil,,,,,0.0,0.0,Urban,0.0,,,Fine,Null,1
66477512,,575300,0.0,0.0,0.0,2.0,0.0,South,2019/2020,RAROA ROAD,MOANA ROAD,,Non-Injury Crash,No,2020,0.0,South,0.0,0,0.0,Null,0.0,,0.0,,0.0,Unknown,2152600,0,0.0,0.0,2.0,0.0,0.0,0.0,0.0,1.0,,0.0,0.0,Wellington Region,Nil,2-way,Sealed,0.0,0.0,0,0.0,50.0,0.0,Null,0.0,0.0,,47,Wellington City,Nil,0.0,0.0,0.0,0.0,0.0,0.0,Urban,1.0,0.0,0.0,Null,Null,1
66477515,,574001,0.0,0.0,0.0,2.0,0.0,East,2021/2022,GLANMIRE ROAD,ROBERT STREET,,Non-Injury Crash,No,2021,0.0,East,0.0,0,0.0,Hill Road,0.0,,0.0,,0.0,Dark,2076200,0,0.0,0.0,2.0,0.0,0.0,0.0,0.0,1.0,,0.0,0.0,Wellington Region,Nil,2-way,Sealed,0.0,0.0,0,0.0,50.0,0.0,On,0.0,0.0,,47,Wellington City,Nil,0.0,0.0,0.0,0.0,0.0,0.0,Urban,0.0,0.0,0.0,Fine,Null,1
66477557,,572702,0.0,0.0,0.0,1.0,0.0,Null,2020/2021,WOODMAN DRIVE,PIKITANGA CLOSE,,Non-Injury Crash,No,2020,0.0,North,0.0,0,0.0,Null,0.0,,0.0,,0.0,Unknown,2053820,0,0.0,0.0,2.0,0.0,0.0,0.0,0.0,1.0,,0.0,0.0,Wellington Region,Nil,2-way,Sealed,0.0,0.0,0,0.0,50.0,0.0,Null,0.0,0.0,,47,Wellington City,Nil,0.0,0.0,0.0,0.0,0.0,0.0,Urban,0.0,0.0,0.0,Null,Null,1
66477574,,575300,0.0,0.0,0.0,2.0,0.0,South,2020/2021,GLENMORE STREET,UPLAND ROAD,,Non-Injury Crash,No,2020,0.0,South,0.0,0,0.0,Hill Road,0.0,,0.0,,0.0,Dark,2152600,0,0.0,0.0,2.0,0.0,0.0,0.0,0.0,1.0,,0.0,0.0,Wellington Region,Nil,2-way,Sealed,0.0,0.0,0,0.0,50.0,0.0,On,0.0,0.0,,47,Wellington City,Nil,0.0,0.0,0.0,0.0,0.0,0.0,Urban,0.0,0.0,0.0,Fine,Null,1
66477580,,575300,0.0,,0.0,1.0,,South,2021/2022,GLENMORE STREET,KILMISTER AVENUE,,Serious Crash,No,2021,,North,,0,,Hill Road,,,,,,Overcast,2153501,0,0.0,0.0,2.0,,,0.0,,,,,,Wellington Region,Nil,2-way,Sealed,,0.0,1,,50.0,,Off,2.0,0.0,,47,Wellington City,Nil,,,,,0.0,0.0,Urban,0.0,,,Fine,Null,1
66477596,,573513,0.0,,0.0,2.0,,Null,2020/2021,WESTCHESTER DRIVE,HALSWATER DRIVE,,Non-Injury Crash,No,2021,,South,,0,,Hill Road,,,,,,Overcast,2086609,0,0.0,0.0,2.0,,,0.0,,,,,,Wellington Region,Nil,2-way,Sealed,,0.0,0,,50.0,,Off,0.0,0.0,,47,Wellington City,Give way,,,,,0.0,0.0,Urban,0.0,,,Fine,Null,1
66477607,,573101,0.0,,0.0,2.0,,Null,2019/2020,GHUZNEE STREET,MARION STREET,,Non-Injury Crash,No,2020,,South,,0,,Flat,,,,,,Dark,2133600,0,0.0,0.0,2.0,,,0.0,,,,,,Wellington Region,Nil,2-way,Sealed,,0.0,0,,30.0,,On,0.0,0.0,,47,Wellington City,Give way,,,,,0.0,0.0,Urban,0.0,,,Light rain,Null,1
66477623,,573101,0.0,,0.0,2.0,,North,2019/2020,BUCKLE STREET,SUSSEX STREET,,Non-Injury Crash,Yes,2020,,North,,0,,Null,,,,,,Unknown,2137000,0,0.0,0.0,2.0,,,0.0,,,,,,Wellington Region,Nil,2-way,Sealed,,0.0,0,,50.0,,Off,0.0,0.0,,47,Wellington City,Nil,,,,,0.0,0.0,Urban,0.0,,,Null,Null,1
66477648,,576200,0.0,0.0,0.0,1.0,0.0,North,2020/2021,ADELAIDE ROAD,AKATEA STREET,,Non-Injury Crash,No,2020,0.0,North,0.0,0,0.0,Hill Road,0.0,Christmas New Year,0.0,,0.0,Bright sun,2173000,0,0.0,0.0,2.0,0.0,0.0,0.0,0.0,1.0,,0.0,0.0,Wellington Region,Nil,2-way,Sealed,0.0,0.0,0,0.0,50.0,0.0,Off,0.0,0.0,,47,Wellington City,Nil,0.0,0.0,0.0,0.0,1.0,0.0,Urban,0.0,0.0,0.0,Fine,Null,1
66477677,,576500,0.0,0.0,0.0,2.0,0.0,Null,2020/2021,BLUCHER AVENUE,MEIN STREET,,Non-Injury Crash,No,2020,0.0,South,0.0,0,0.0,Null,0.0,,0.0,,0.0,Unknown,2148900,0,0.0,0.0,2.0,0.0,0.0,0.0,0.0,1.0,,0.0,0.0,Wellington Region,Nil,2-way,Sealed,0.0,0.0,0,0.0,40.0,0.0,Off,0.0,0.0,,47,Wellington City,Nil,0.0,0.0,0.0,0.0,0.0,0.0,Urban,0.0,0.0,0.0,Null,Null,1
66477699,,576500,0.0,,0.0,1.0,,Null,2020/2021,ADELAIDE ROAD,KING STREET,,Non-Injury Crash,No,2020,,North,,0,,Flat,,,,,,Overcast,2148202,0,1.0,0.0,3.0,,,0.0,,,,,,Wellington Region,Nil,2-way,Sealed,,0.0,0,,50.0,,Off,0.0,0.0,,47,Wellington City,Give way,,,,,0.0,0.0,Urban,0.0,,,Light rain,Null,1
66477707,,576100,0.0,,0.0,1.0,,South,2020/2021,HUNGERFORD ROAD,VIEW ROAD,,Non-Injury Crash,No,2020,,South,,0,,Hill Road,,,,,,Overcast,2195800,0,0.0,0.0,2.0,,,0.0,,,,,,Wellington Region,Nil,2-way,Sealed,,0.0,0,,50.0,,Off,1.0,0.0,,47,Wellington City,Unknown,,,,,0.0,0.0,Urban,0.0,,,Fine,Null,1
66477715,,576903,0.0,0.0,0.0,2.0,0.0,South,2020/2021,DUNCAN TERRACE,NAUGHTON TERRACE,,Non-Injury Crash,No,2020,0.0,North,0.0,0,0.0,Null,0.0,,0.0,,0.0,Bright sun,2178900,0,0.0,0.0,2.0,0.0,0.0,0.0,0.0,1.0,,0.0,0.0,Wellington Region,Nil,2-way,Sealed,0.0,0.0,0,0.0,50.0,0.0,Off,0.0,0.0,,47,Wellington City,Nil,0.0,0.0,0.0,0.0,0.0,0.0,Urban,0.0,0.0,0.0,Fine,Null,1
66477727,,573101,1.0,,0.0,0.0,,North,2019/2020,TARANAKI STREET,GHUZNEE STREET,,Minor Crash,No,2019,,South,,0,,Flat,,,,,,Overcast,2136300,1,0.0,0.0,4.0,,,0.0,,,,,,Wellington Region,Nil,2-way,Sealed,,0.0,0,,50.0,,Off,0.0,0.0,,47,Wellington City,Nil,,,,,0.0,0.0,Urban,1.0,,,Fine,Null,0
66477742,,573000,0.0,,0.0,1.0,,Null,2020/2021,WILLESTON STREET,VICTORIA STREET,,Non-Injury Crash,No,2020,,East,,0,,Null,,,,,,Unknown,2126000,0,0.0,0.0,2.0,,,0.0,,,1.0,,,Wellington Region,Nil,2-way,Sealed,,0.0,0,,30.0,,Null,0.0,0.0,,47,Wellington City,Traffic Signals,,,,,0.0,0.0,Urban,0.0,,,Null,Null,1
66477747,,574302,0.0,,0.0,1.0,,Null,2020/2021,HUTT ROAD,ONSLOW ROAD,,Minor Crash,No,2020,,East,,0,,Flat,,,,,,Bright sun,2090700,3,0.0,0.0,5.0,,,0.0,,,,,,Wellington Region,Nil,2-way,Sealed,,0.0,0,,60.0,,Off,0.0,0.0,,47,Wellington City,Traffic Signals,,,,,0.0,0.0,Urban,1.0,,,Fine,Null,1