OBJECTID,advisorySpeed,areaUnitID,bicycle,bridge,bus,carStationWagon,cliffBank,crashDirectionDescription,crashFinancialYear,crashLocation1,crashLocation2,crashRoadSideRoad,crashSeverity,crashSHDescription,crashYear,debris,directionRoleDescription,ditch,fatalCount,fence,flatHill,guardRail,holiday,houseOrBuilding,intersection,kerb,light,meshblockId,minorInjuryCount,moped,motorcycle,NumberOfLanes,objectThrownOrDropped,otherObject,otherVehicleType,overBank,parkedVehicle,pedestrian,phoneBoxEtc,postOrPole,region,roadCharacter,roadLane,roadSurface,roadworks,schoolBus,seriousInjuryCount,slipOrFlood,speedLimit,strayAnimal,streetLight,suv,taxi,temporarySpeedLimit,tlaId,tlaName,trafficControl,trafficIsland,trafficSign,train,tree,truck,unknownVehicleType,urban,vanOrUtility,vehicle,waterRiver,weatherA,weatherB,if_pandemic
66477783,,576901,0.0,,0.0,2.0,,East,2019/2020,RONGOTAI ROAD,ROSS STREET,,Minor Crash,No,2019,,East,,0,,Flat,,,,,,Overcast,2176900,1,0.0,0.0,2.0,,,0.0,,,,,,Wellington Region,Nil,2-way,Sealed,,0.0,0,,50.0,,Off,0.0,0.0,,47,Wellington City,Unknown,,,,,0.0,0.0,Urban,0.0,,,Light rain,Null,0
66477807,,572900,0.0,0.0,0.0,1.0,0.0,South,2019/2020,THORNDON QUAY,TINAKORI ROAD,,Non-Injury Crash,No,2020,0.0,South,0.0,0,0.0,Flat,0.0,,0.0,,0.0,Bright sun,2118400,0,0.0,0.0,2.0,0.0,0.0,0.0,0.0,1.0,,0.0,0.0,Wellington Region,Nil,2-way,Sealed,0.0,0.0,0,0.0,50.0,0.0,None,0.0,0.0,,47,Wellington City,Nil,0.0,0.0,0.0,0.0,1.0,0.0,Urban,1.0,0.0,0.0,Fine,Null,1
66477832,,572600,0.0,,0.0,2.0,,Null,2019/2020,LARSEN CRESCENT,THE DRIVE,,Non-Injury Crash,No,2020,,South,,0,,Hill Road,,,,,,Dark,1988700,0,0.0,0.0,2.0,,,0.0,,,,,,Wellington Region,Nil,2-way,Sealed,,0.0,0,,50.0,,On,0.0,0.0,,47,Wellington City,Give way,,,,,0.0,0.0,Urban,0.0,,,Fine,Null,1
66477855,,573000,0.0,0.0,0.0,2.0,0.0,North,2019/2020,THE TERRACE,ALLENBY TERRACE,,Minor Crash,No,2020,0.0,South,0.0,0,0.0,Hill Road,0.0,,0.0,,0.0,Bright sun,2127900,1,0.0,0.0,1.0,0.0,0.0,0.0,0.0,1.0,,0.0,0.0,Wellington Region,Nil,2-way,Sealed,0.0,0.0,0,0.0,50.0,0.0,Off,0.0,0.0,,47,Wellington City,Nil,0.0,0.0,0.0,0.0,0.0,0.0,Urban,0.0,0.0,0.0,Fine,Null,1
66477862,,573101,0.0,0.0,0.0,0.0,0.0,Null,2020/2021,TARANAKI STREET,YORK STREET,,Non-Injury Crash,No,2021,0.0,South,0.0,0,0.0,Flat,0.0,,0.0,,0.0,Unknown,2133408,0,0.0,0.0,4.0,0.0,0.0,0.0,0.0,1.0,,0.0,0.0,Wellington Region,Nil,2-way,Sealed,0.0,0.0,0,0.0,50.0,0.0,Null,2.0,0.0,,47,Wellington City,Nil,0.0,0.0,0.0,0.0,0.0,0.0,Urban,0.0,0.0,0.0,Null,Null,1
66477889,,576200,0.0,,0.0,1.0,,South,2019/2020,RINTOUL STREET,WARIPORI STREET,,Non-Injury Crash,No,2019,,North,,0,,Flat,,,,,,Unknown,2171700,0,0.0,0.0,2.0,,,0.0,,,,,,Wellington Region,Nil,2-way,Sealed,,0.0,0,,50.0,,Null,0.0,0.0,,47,Wellington City,Nil,,,,,0.0,0.0,Urban,1.0,,,Null,Null,0
66477922,,573903,0.0,0.0,0.0,1.0,1.0,East,2019/2020,SALFORD STREET,RUSKIN ROAD,,Minor Crash,No,2020,0.0,South,0.0,0,1.0,Hill Road,0.0,,0.0,,0.0,Overcast,2075000,2,0.0,0.0,2.0,0.0,0.0,0.0,0.0,0.0,,0.0,0.0,Wellington Region,Nil,2-way,Sealed,0.0,0.0,0,0.0,50.0,0.0,Off,0.0,0.0,,47,Wellington City,Nil,0.0,0.0,0.0,1.0,0.0,0.0,Urban,0.0,0.0,0.0,Mist or Fog,Null,1
66477966,,573400,0.0,0.0,0.0,2.0,0.0,Null,2020/2021,BROUGHAM STREET,MOIR STREET,,Non-Injury Crash,No,2020,0.0,South,0.0,0,0.0,Hill Road,0.0,,0.0,,0.0,Unknown,2142600,0,0.0,0.0,2.0,0.0,0.0,0.0,0.0,1.0,,0.0,0.0,Wellington Region,Nil,2-way,Sealed,0.0,0.0,0,0.0,50.0,0.0,Null,0.0,0.0,,47,Wellington City,Nil,0.0,0.0,0.0,0.0,0.0,0.0,Urban,0.0,0.0,0.0,Null,Null,1
66478000,,573000,0.0,,0.0,0.0,,Null,2020/2021,JERVOIS QUAY,POST OFFICE SQUARE,,Non-Injury Crash,No,2021,,South,,0,,Flat,,,,,,Bright sun,2125900,0,0.0,0.0,7.0,,,0.0,,,,,,Wellington Region,Nil,2-way,Sealed,,0.0,0,,50.0,,Off,1.0,0.0,,47,Wellington City,Traffic Signals,,,,,0.0,0.0,Urban,0.0,,,Fine,Null,1
66478044,,574002,1.0,,0.0,0.0,,Null,2021/2022,NGAURANGA GORGE ROAD,GLOVER STREET,,Minor Crash,No,2021,,East,,0,,Flat,,,,,,Overcast,2078302,1,0.0,0.0,1.0,,,0.0,,,,,,Wellington Region,Motorway ramp,1-way,Sealed,,0.0,0,,80.0,,Off,0.0,0.0,,47,Wellington City,Stop,,,,,0.0,0.0,Open,1.0,,,Fine,Null,1
66478052,,573400,0.0,,0.0,1.0,,South,2020/2021,ORIENTAL PARADE,HERD STREET,,Non-Injury Crash,No,2021,,North,,0,,Flat,,,,,,Overcast,2138800,0,0.0,0.0,3.0,,,0.0,,,,,,Wellington Region,Nil,2-way,Sealed,,0.0,0,,40.0,,Off,0.0,0.0,,47,Wellington City,Nil,,,,,0.0,0.0,Urban,1.0,,,Fine,Null,1
66478062,,572701,0.0,,0.0,0.0,,South,2019/2020,MAIN ROAD,FYVIE AVENUE,,Non-Injury Crash,No,2019,,South,,0,,Null,,,,,,Unknown,1994500,0,0.0,0.0,2.0,,,0.0,,,,,,Wellington Region,Nil,2-way,Sealed,,0.0,0,,50.0,,Null,2.0,0.0,,47,Wellington City,Nil,,,,,0.0,0.0,Urban,0.0,,,Null,Null,0
66478080,,574600,0.0,,0.0,0.0,,Null,2020/2021,ANNE STREET,SEFTON STREET,,Non-Injury Crash,No,2021,,West,,0,,Hill Road,,,,,,Bright sun,2099200,0,0.0,0.0,2.0,,,0.0,,,,,,Wellington Region,Nil,2-way,Sealed,,0.0,0,,50.0,,Null,1.0,0.0,,47,Wellington City,Nil,,,,,1.0,0.0,Urban,0.0,,,Fine,Null,1
66478084,,576600,0.0,,0.0,2.0,,Null,2020/2021,ORIENTAL PARADE,BARING STREET,,Non-Injury Crash,No,2021,,East,,0,,Flat,,,,,,Twilight,2137800,0,0.0,0.0,2.0,,,0.0,,,,,,Wellington Region,Nil,2-way,Sealed,,0.0,0,,40.0,,Off,0.0,0.0,,47,Wellington City,Nil,,,,,0.0,0.0,Urban,0.0,,,Fine,Null,1
66478126,,575300,0.0,0.0,0.0,4.0,0.0,South,2021/2022,UPLAND ROAD,GROVE ROAD,,Minor Crash,No,2021,0.0,West,0.0,0,0.0,Flat,0.0,,0.0,,0.0,Bright sun,2154800,1,0.0,0.0,2.0,0.0,0.0,0.0,0.0,3.0,,0.0,0.0,Wellington Region,Nil,2-way,Sealed,0.0,0.0,0,0.0,50.0,0.0,Off,0.0,0.0,,47,Wellington City,Nil,0.0,0.0,0.0,0.0,0.0,0.0,Urban,0.0,0.0,0.0,Fine,Null,1
66478155,,572600,0.0,,0.0,1.0,,North,2021/2022,MAIN ROAD,OXFORD STREET,,Minor Crash,No,2021,,North,,0,,Flat,,,,,,Overcast,1988400,1,0.0,0.0,2.0,,,0.0,,,1.0,,,Wellington Region,Nil,2-way,Sealed,,0.0,0,,50.0,,Off,0.0,0.0,,47,Wellington City,Nil,,,,,0.0,0.0,Urban,0.0,,,Fine,Null,1
66478177,,574100,0.0,0.0,0.0,0.0,0.0,South,2020/2021,FRASER AVENUE,CORLETT STREET,,Non-Injury Crash,No,2020,0.0,South,0.0,0,0.0,Null,0.0,,0.0,,0.0,Unknown,2084600,0,0.0,0.0,2.0,0.0,0.0,0.0,0.0,1.0,,0.0,0.0,Wellington Region,Nil,2-way,Sealed,0.0,0.0,0,0.0,50.0,0.0,Null,1.0,0.0,,47,Wellington City,Nil,0.0,0.0,0.0,0.0,0.0,0.0,Urban,1.0,0.0,0.0,Null,Null,1
66478178,,577200,0.0,0.0,0.0,2.0,0.0,East,2020/2021,MIRAMAR AVENUE,PORTSMOUTH ROAD,,Non-Injury Crash,No,2020,0.0,West,0.0,0,0.0,Flat,0.0,,0.0,,0.0,Overcast,2206200,0,0.0,0.0,2.0,0.0,0.0,0.0,0.0,1.0,,0.0,0.0,Wellington Region,Nil,2-way,Sealed,0.0,0.0,0,0.0,30.0,0.0,Off,0.0,0.0,,47,Wellington City,Nil,0.0,0.0,0.0,0.0,0.0,0.0,Urban,0.0,0.0,0.0,Fine,Null,1
66478179,,574304,0.0,0.0,1.0,0.0,0.0,North,2020/2021,MANDALAY TERRACE,NARBADA CRESCENT,,Non-Injury Crash,No,2021,0.0,South,0.0,0,0.0,Flat,0.0,,0.0,,0.0,Dark,2089801,0,0.0,0.0,2.0,0.0,0.0,0.0,0.0,1.0,,0.0,0.0,Wellington Region,Nil,2-way,Sealed,0.0,0.0,0,0.0,50.0,0.0,On,0.0,0.0,,47,Wellington City,Nil,0.0,0.0,0.0,0.0,0.0,0.0,Urban,1.0,0.0,0.0,Fine,Null,1
66478186,,575800,0.0,0.0,0.0,1.0,0.0,South,2019/2020,VANCOUVER STREET,AMOS WAY,,Non-Injury Crash,No,2020,0.0,Null,0.0,0,0.0,Null,0.0,,0.0,,0.0,Unknown,2197102,0,0.0,0.0,2.0,0.0,0.0,0.0,0.0,1.0,,0.0,0.0,Wellington Region,Nil,2-way,Sealed,0.0,0.0,0,0.0,50.0,0.0,Null,0.0,0.0,,47,Wellington City,Nil,0.0,0.0,0.0,0.0,0.0,1.0,Urban,0.0,0.0,0.0,Null,Null,1
66478188,,573000,0.0,,0.0,0.0,,North,2021/2022,WELLINGTON URBAN MOTORWAY,EVERTON OBR,,Non-Injury Crash,Yes,2021,,South,,0,,Flat,,,,,,Bright sun,2126403,0,0.0,0.0,1.0,,,0.0,,,,,,Wellington Region,Nil,1-way,Sealed,,0.0,0,,100.0,,Off,1.0,0.0,60.0,47,Wellington City,Nil,,,,,0.0,0.0,Open,1.0,,,Fine,Null,1
66478238,,572701,0.0,0.0,0.0,1.0,0.0,North,2019/2020,JOHNSONVILLE PORIRUA MOTORWAY,TRANSMISSION GULLY MOTORWAY,,Non-Injury Crash,Yes,2019,0.0,North,0.0,0,0.0,Flat,0.0,,0.0,,0.0,Dark,1995700,0,0.0,0.0,2.0,0.0,0.0,0.0,0.0,0.0,,0.0,0.0,Wellington Region,Nil,1-way,Sealed,2.0,0.0,0,0.0,100.0,0.0,Null,0.0,0.0,,47,Wellington City,Nil,0.0,0.0,0.0,0.0,1.0,0.0,Open,0.0,0.0,0.0,Fine,Null,0
66478239,,573101,0.0,,0.0,0.0,,East,2020/2021,VIVIAN STREET,KNIGGES AVENUE,,Minor Crash,Yes,2020,,North,,0,,Hill Road,,,,,,Bright sun,2134100,1,0.0,0.0,2.0,,,0.0,,,1.0,,,Wellington Region,Nil,1-way,Sealed,,0.0,0,,50.0,,Off,0.0,0.0,30.0,47,Wellington City,Nil,,,,,0.0,1.0,Urban,0.0,,,Fine,Null,1
66478276,,573400,0.0,,0.0,0.0,,Null,2020/2021,MAJORIBANKS STREET,KENT TERRACE,,Non-Injury Crash,No,2020,,West,,0,,Null,,,,,,Bright sun,2139700,0,0.0,1.0,2.0,,,0.0,,,,,,Wellington Region,Nil,2-way,Sealed,,0.0,0,,50.0,,Off,0.0,0.0,,47,Wellington City,Traffic Signals,,,,,0.0,0.0,Urban,1.0,,,Fine,Null,1
66478293,,576301,0.0,,0.0,1.0,,Null,2020/2021,RUSSELL TERRACE,MANSFIELD STREET,,Serious Crash,No,2020,,South,,0,,Hill Road,,,,,,Bright sun,2165900,0,0.0,1.0,2.0,,,0.0,,,,,,Wellington Region,Nil,2-way,Sealed,,0.0,1,,50.0,,Off,0.0,0.0,,47,Wellington City,Give way,,,,,0.0,0.0,Urban,0.0,,,Fine,Null,1
66478351,,575300,0.0,,0.0,1.0,,South,2020/2021,KELBURN PARADE,CITY TO SEA WALKWAY,,Non-Injury Crash,No,2020,,South,,0,,Null,,,,,,Unknown,2155300,0,0.0,0.0,2.0,,,0.0,,,,,,Wellington Region,Nil,2-way,Sealed,,0.0,0,,50.0,,Null,1.0,0.0,,47,Wellington City,Traffic Signals,,,,,0.0,0.0,Urban,0.0,,,Null,Null,1
66478376,,574302,0.0,0.0,0.0,0.0,0.0,South,2020/2021,LOCHIEL ROAD,AGRA CRESCENT,,Non-Injury Crash,No,2021,0.0,North,0.0,0,0.0,Hill Road,0.0,,0.0,,0.0,Bright sun,2091100,0,0.0,0.0,2.0,0.0,0.0,0.0,0.0,0.0,,0.0,1.0,Wellington Region,Nil,2-way,Sealed,0.0,0.0,0,0.0,50.0,0.0,Off,0.0,0.0,,47,Wellington City,Nil,0.0,0.0,0.0,0.0,1.0,0.0,Urban,0.0,0.0,0.0,Fine,Null,1
66478401,,576903,0.0,,0.0,2.0,,Null,2020/2021,EVANS BAY PARADE,KILBIRNIE CRESCENT,,Non-Injury Crash,No,2020,,South,,0,,Flat,,,,,,Overcast,2177900,0,0.0,0.0,2.0,,,0.0,,,,,,Wellington Region,Nil,2-way,Sealed,,0.0,0,,50.0,,Off,0.0,0.0,,47,Wellington City,Traffic Signals,,,,,0.0,0.0,Urban,0.0,,,Fine,Null,1
66478423,95.0,573600,0.0,,0.0,3.0,,South,2019/2020,01N-1060-D,JOHNSONVILLE ON RAMP,,Minor Crash,Yes,2019,,North,,0,,Flat,,,,,,Dark,2081200,2,0.0,0.0,2.0,,,0.0,,,,,,Wellington Region,Nil,1-way,Sealed,,0.0,0,,100.0,,On,0.0,0.0,,47,Wellington City,Unknown,,,,,0.0,0.0,Open,0.0,,,Light rain,Null,0
66478431,,572900,0.0,0.0,0.0,1.0,0.0,North,2020/2021,AOTEA QUAY,AOTEA QUAY OFF RAMP,,Non-Injury Crash,No,2020,0.0,Null,0.0,0,0.0,Flat,0.0,,0.0,,0.0,Unknown,2118400,0,0.0,0.0,2.0,0.0,0.0,0.0,0.0,0.0,,0.0,0.0,Wellington Region,Nil,2-way,Sealed,0.0,0.0,0,0.0,50.0,0.0,Null,0.0,0.0,,47,Wellington City,Nil,0.0,0.0,0.0,0.0,0.0,1.0,Urban,0.0,1.0,0.0,Null,Null,1
66478439,,573522,0.0,0.0,0.0,1.0,0.0,North,2020/2021,JOHNSONVILLE PORIRUA MOTORWAY,TAKAPU RD UPASS NBD,,Non-Injury Crash,Yes,2020,0.0,North,0.0,0,0.0,Flat,1.0,,0.0,,0.0,Dark,2053703,0,0.0,0.0,4.0,0.0,0.0,0.0,0.0,0.0,,0.0,0.0,Wellington Region,Nil,2-way,Sealed,0.0,0.0,0,0.0,100.0,0.0,On,0.0,0.0,,47,Wellington City,Unknown,0.0,0.0,0.0,0.0,0.0,0.0,Open,0.0,0.0,0.0,Heavy rain,Null,1
66478451,,574200,0.0,,0.0,1.0,,West,2020/2021,KHANDALLAH ROAD,COCKAYNE ROAD,,Minor Crash,No,2021,,North,,0,,Flat,,,,,,Bright sun,2088300,1,0.0,0.0,2.0,,,0.0,,,1.0,,,Wellington Region,Nil,2-way,Sealed,,0.0,0,,50.0,,Off,0.0,0.0,,47,Wellington City,Nil,,,,,0.0,0.0,Urban,0.0,,,Fine,Null,1
66478456,,574002,0.0,,0.0,2.0,,North,2020/2021,HUTT ROAD,RAILYARD ENTRY,,Non-Injury Crash,Yes,2021,,South,,0,,Flat,,,,,,Bright sun,2078302,0,0.0,0.0,2.0,,,0.0,,,,,,Wellington Region,Nil,1-way,Sealed,,0.0,0,,100.0,,Off,0.0,0.0,,47,Wellington City,Nil,,,,,0.0,0.0,Open,0.0,,,Fine,Null,1
66478469,,577102,0.0,,0.0,2.0,,North,2019/2020,GLAMIS AVENUE,KINGHORNE STREET,,Non-Injury Crash,No,2020,,North,,0,,Flat,,,,,,Bright sun,2214500,0,0.0,0.0,2.0,,,0.0,,,,,,Wellington Region,Nil,2-way,Sealed,,0.0,0,,50.0,,Off,0.0,0.0,,47,Wellington City,Nil,,,,,0.0,0.0,Urban,0.0,,,Fine,Null,1
66478541,,576301,0.0,,0.0,0.0,,Null,2020/2021,ADELAIDE ROAD,JOHN STREET,,Minor Crash,No,2021,,North,,0,,Flat,,,,,,Dark,2163400,1,0.0,0.0,2.0,,,0.0,,,1.0,,,Wellington Region,Nil,2-way,Sealed,,0.0,0,,50.0,,On,0.0,0.0,,47,Wellington City,Traffic Signals,,,,,0.0,0.0,Urban,1.0,,,Fine,Null,1
66478542,,574402,0.0,0.0,0.0,2.0,0.0,West,2020/2021,WAIKOWHAI STREET,CROFTON ROAD,,Non-Injury Crash,No,2020,0.0,South,0.0,0,0.0,Hill Road,0.0,Christmas New Year,0.0,,0.0,Bright sun,2098000,0,0.0,0.0,2.0,0.0,0.0,0.0,0.0,0.0,,0.0,0.0,Wellington Region,Nil,2-way,Sealed,0.0,0.0,0,0.0,50.0,0.0,Off,0.0,0.0,,47,Wellington City,Nil,0.0,0.0,0.0,1.0,0.0,0.0,Urban,0.0,0.0,0.0,Fine,Null,1
66478546,,574002,0.0,0.0,0.0,1.0,0.0,West,2019/2020,CENTENNIAL HIGHWAY,NIMT OBR,,Non-Injury Crash,Yes,2020,0.0,South,0.0,0,0.0,Hill Road,1.0,,0.0,,0.0,Bright sun,2078304,0,0.0,0.0,3.0,0.0,0.0,0.0,0.0,0.0,,0.0,0.0,Wellington Region,Nil,1-way,Sealed,0.0,0.0,0,0.0,100.0,0.0,Off,0.0,0.0,,47,Wellington City,Nil,0.0,0.0,0.0,0.0,0.0,0.0,Open,0.0,0.0,0.0,Fine,Null,1
66478554,,573300,0.0,,0.0,2.0,,Null,2020/2021,SH 1,SUSSEX ST,,Non-Injury Crash,Yes,2020,,North,,0,,Flat,,,,,,Bright sun,2145602,0,0.0,0.0,3.0,,,0.0,,,,,,Wellington Region,Nil,1-way,Sealed,,0.0,0,,50.0,,Off,0.0,0.0,,47,Wellington City,Give way,,,,,0.0,0.0,Urban,0.0,,,Fine,Null,1
66478609,,573200,0.0,0.0,0.0,4.0,0.0,Null,2019/2020,ARO STREET,CITY TO SEA WALKWAY,,Non-Injury Crash,No,2020,0.0,West,0.0,0,0.0,Flat,0.0,,0.0,,0.0,Twilight,2158800,0,0.0,0.0,2.0,0.0,0.0,0.0,0.0,3.0,,0.0,0.0,Wellington Region,Nil,2-way,Sealed,0.0,0.0,0,0.0,30.0,0.0,On,0.0,0.0,,47,Wellington City,Nil,0.0,0.0,0.0,0.0,0.0,0.0,Urban,0.0,0.0,0.0,Fine,Null,1
66478613,,577200,0.0,,0.0,1.0,,Null,2019/2020,CALEDONIA STREET,KAURI STREET,,Non-Injury Crash,No,2020,,West,,0,,Flat,,,,,,Dark,2207100,0,0.0,0.0,2.0,,,0.0,,,,,,Wellington Region,Nil,2-way,Sealed,,0.0,0,,50.0,,On,1.0,1.0,,47,Wellington City,Stop,,,,,0.0,0.0,Urban,0.0,,,Fine,Null,1
66478615,,572500,0.0,,0.0,1.0,,Null,2019/2020,MAIN ROAD,BOSCOBEL LANE,,Non-Injury Crash,No,2019,,East,,0,,Flat,,,,,,Dark,2053701,0,0.0,0.0,2.0,,,0.0,,,,,,Wellington Region,Nil,2-way,Sealed,,0.0,0,,50.0,,On,0.0,0.0,,47,Wellington City,Give way,,,,,0.0,0.0,Urban,0.0,,,Fine,Null,0
66478625,,573101,0.0,0.0,1.0,1.0,0.0,West,2020/2021,COURTENAY PLACE,CAMBRIDGE TERRACE,,Non-Injury Crash,No,2020,0.0,North,0.0,0,0.0,Flat,0.0,,0.0,,0.0,Dark,2135700,0,0.0,0.0,2.0,0.0,0.0,0.0,0.0,1.0,,0.0,0.0,Wellington Region,Nil,2-way,Sealed,0.0,0.0,0,0.0,30.0,0.0,On,0.0,0.0,,47,Wellington City,Nil,0.0,0.0,0.0,0.0,0.0,0.0,Urban,0.0,0.0,0.0,Fine,Null,1
66478655,45.0,575300,0.0,,0.0,2.0,,North,2019/2020,RAROA ROAD,THULE STREET,,Non-Injury Crash,No,2019,,South,,0,,Hill Road,,,,,,Bright sun,2152000,0,0.0,0.0,2.0,,,0.0,,,,,,Wellington Region,Nil,2-way,Sealed,,0.0,0,,50.0,,Off,0.0,0.0,,47,Wellington City,Nil,,,,,0.0,0.0,Urban,0.0,,,Fine,Null,0
66478690,,576200,0.0,0.0,0.0,0.0,0.0,Null,2020/2021,ADELAIDE ROAD,HERALD STREET,,Non-Injury Crash,No,2020,0.0,South,0.0,0,0.0,Flat,0.0,,0.0,,0.0,Unknown,2172500,0,0.0,0.0,2.0,0.0,0.0,0.0,0.0,1.0,,0.0,0.0,Wellington Region,Nil,2-way,Sealed,0.0,0.0,0,0.0,50.0,0.0,Null,0.0,0.0,,47,Wellington City,Traffic Signals,0.0,0.0,0.0,0.0,1.0,0.0,Urban,1.0,0.0,0.0,Null,Null,1
66478699,,576500,0.0,0.0,0.0,1.0,0.0,East,2020/2021,HANSON LANE,HANSON STREET,,Non-Injury Crash,No,2021,0.0,West,0.0,0,0.0,Flat,0.0,,0.0,,0.0,Bright sun,2148500,0,0.0,0.0,1.0,0.0,0.0,0.0,0.0,1.0,,1.0,0.0,Wellington Region,Nil,2-way,Sealed,0.0,0.0,0,0.0,50.0,0.0,None,0.0,1.0,,47,Wellington City,Unknown,0.0,0.0,0.0,0.0,0.0,0.0,Urban,1.0,0.0,0.0,Fine,Null,1
66478741,,572900,0.0,,0.0,2.0,,South,2020/2021,WELLINGTON URBAN MOTORWAY,AOTEA OBR,,Fatal Crash,Yes,2021,,South,,2,,Flat,,,,,,Dark,2118400,0,0.0,0.0,3.0,,,0.0,,,,,,Wellington Region,Nil,1-way,Sealed,,0.0,2,,100.0,,On,0.0,0.0,,47,Wellington City,Nil,,,,,0.0,0.0,Open,0.0,,,Fine,Null,1
66478756,,576903,0.0,,0.0,1.0,,Null,2020/2021,WELLINGTON ROAD,RUAHINE STREET,,Non-Injury Crash,Yes,2020,,West,,0,,Flat,,,,,,Unknown,2180400,0,0.0,0.0,2.0,,,0.0,,,,,,Wellington Region,Nil,2-way,Sealed,,0.0,0,,50.0,,Null,1.0,0.0,,47,Wellington City,Give way,,,,,0.0,0.0,Urban,0.0,,,Null,Null,1
66478768,,575600,0.0,0.0,0.0,1.0,0.0,Null,2019/2020,WASHINGTON AVENUE,DORKING ROAD,,Non-Injury Crash,No,2020,0.0,Null,0.0,0,0.0,Null,0.0,,0.0,,0.0,Unknown,2162200,0,0.0,0.0,2.0,0.0,0.0,0.0,0.0,1.0,,0.0,0.0,Wellington Region,Nil,2-way,Sealed,0.0,0.0,0,0.0,50.0,0.0,Null,0.0,0.0,,47,Wellington City,Nil,0.0,0.0,0.0,0.0,0.0,0.0,Urban,0.0,0.0,0.0,Null,Null,1
66478802,,574900,0.0,0.0,0.0,1.0,0.0,West,2020/2021,ALLINGTON ROAD,MAKARA ROAD,,Non-Injury Crash,No,2020,0.0,East,0.0,0,0.0,Flat,0.0,,0.0,,0.0,Bright sun,2110400,0,0.0,0.0,2.0,0.0,0.0,0.0,0.0,0.0,,0.0,0.0,Wellington Region,Nil,2-way,Sealed,0.0,0.0,0,0.0,50.0,0.0,Off,0.0,0.0,,47,Wellington City,Nil,0.0,1.0,0.0,0.0,0.0,0.0,Urban,0.0,0.0,0.0,Fine,Null,1
66478813,,573000,0.0,,0.0,2.0,,South,2020/2021,WELLINGTON URBAN MOTORWAY,NORTH PORTAL SBD,,Non-Injury Crash,Yes,2020,,North,,0,,Flat,,,,,,Overcast,2126700,0,0.0,0.0,3.0,,,0.0,,,,,,Wellington Region,Motorway ramp,2-way,Sealed,,0.0,0,,100.0,,Null,0.0,0.0,,47,Wellington City,Nil,,,,,0.0,0.0,Open,0.0,,,Heavy rain,Null,1
66478833,,574200,0.0,0.0,0.0,1.0,0.0,Null,2019/2020,NALANDA CRESCENT,BANDIPUR TERRACE,,Non-Injury Crash,No,2020,0.0,East,0.0,0,0.0,Hill Road,0.0,,0.0,,0.0,Dark,2087603,0,0.0,0.0,2.0,0.0,0.0,0.0,0.0,0.0,,0.0,0.0,Wellington Region,Nil,2-way,Sealed,0.0,0.0,0,0.0,50.0,0.0,On,0.0,0.0,,47,Wellington City,Nil,0.0,0.0,0.0,1.0,0.0,0.0,Urban,0.0,0.0,0.0,Fine,Null,1
66478862,,576901,0.0,,0.0,0.0,,Null,2020/2021,TROY STREET,COBHAM DRIVE,,Non-Injury Crash,No,2020,,North,,0,,Null,,,,,,Unknown,2176800,0,0.0,0.0,3.0,,,0.0,,,,,,Wellington Region,Nil,1-way,Sealed,,0.0,0,,50.0,,Null,2.0,0.0,,47,Wellington City,Give way,,,,,0.0,0.0,Urban,0.0,,,Null,Null,1
66478943,,576301,1.0,,0.0,1.0,,Null,2019/2020,RIDDIFORD STREET,ARNEY STREET,,Minor Crash,No,2020,,South,,0,,Flat,,,,,,Bright sun,2165700,1,0.0,0.0,2.0,,,0.0,,,,,,Wellington Region,Nil,2-way,Sealed,,0.0,0,,40.0,,Off,0.0,0.0,,47,Wellington City,Nil,,,,,0.0,0.0,Urban,0.0,,,Fine,Null,1
66479039,,574100,0.0,,0.0,2.0,,North,2019/2020,FRASER AVENUE,RLY XING,,Non-Injury Crash,No,2020,,North,,0,,Flat,,,,,,Dark,2084000,0,0.0,0.0,2.0,,,0.0,,,,,,Wellington Region,Nil,2-way,Sealed,,0.0,0,,50.0,,None,0.0,0.0,,47,Wellington City,Nil,,,,,0.0,0.0,Urban,0.0,,,Fine,Null,1
66479108,,574001,0.0,0.0,0.0,3.0,0.0,South,2020/2021,KENMORE STREET,HOROKIWI ROAD WEST,,Non-Injury Crash,No,2020,0.0,South,0.0,0,0.0,Flat,0.0,,0.0,,0.0,Twilight,2075200,0,0.0,0.0,2.0,0.0,0.0,0.0,0.0,1.0,,0.0,0.0,Wellington Region,Nil,2-way,Sealed,0.0,0.0,0,0.0,50.0,0.0,On,0.0,0.0,,47,Wellington City,Nil,0.0,0.0,0.0,0.0,0.0,0.0,Urban,0.0,0.0,0.0,Fine,Null,1
66479139,,573000,0.0,0.0,0.0,1.0,0.0,Null,2020/2021,THE TERRACE,ALLENBY TERRACE,,Non-Injury Crash,No,2020,0.0,South,0.0,0,0.0,Flat,0.0,,0.0,,0.0,Unknown,2126900,0,0.0,0.0,2.0,0.0,0.0,0.0,0.0,1.0,,0.0,0.0,Wellington Region,Nil,2-way,Sealed,0.0,0.0,0,0.0,50.0,0.0,Null,0.0,0.0,,47,Wellington City,Nil,0.0,0.0,0.0,0.0,0.0,0.0,Urban,1.0,0.0,0.0,Light rain,Null,1
66479181,,574002,0.0,,0.0,1.0,,East,2020/2021,CENTENNIAL HIGHWAY,NIMT OBR,,Non-Injury Crash,Yes,2020,,West,,0,,Hill Road,,,,,,Bright sun,2078302,0,0.0,0.0,3.0,,,0.0,,,,,,Wellington Region,Nil,1-way,Sealed,,0.0,0,,80.0,,Off,0.0,0.0,,47,Wellington City,Nil,,,,,1.0,0.0,Open,1.0,,,Fine,Null,1