OBJECTID,advisorySpeed,areaUnitID,bicycle,bridge,bus,carStationWagon,cliffBank,crashDirectionDescription,crashFinancialYear,crashLocation1,crashLocation2,crashRoadSideRoad,crashSeverity,crashSHDescription,crashYear,debris,directionRoleDescription,ditch,fatalCount,fence,flatHill,guardRail,holiday,houseOrBuilding,intersection,kerb,light,meshblockId,minorInjuryCount,moped,motorcycle,NumberOfLanes,objectThrownOrDropped,otherObject,otherVehicleType,overBank,parkedVehicle,pedestrian,phoneBoxEtc,postOrPole,region,roadCharacter,roadLane,roadSurface,roadworks,schoolBus,seriousInjuryCount,slipOrFlood,speedLimit,strayAnimal,streetLight,suv,taxi,temporarySpeedLimit,tlaId,tlaName,trafficControl,trafficIsland,trafficSign,train,tree,truck,unknownVehicleType,urban,vanOrUtility,vehicle,waterRiver,weatherA,weatherB,if_pandemic
66479208,,573802,0.0,0.0,0.0,1.0,0.0,South,2020/2021,JOHNSONVILLE PORIRUA MOTORWAY,HELSTON OBR,,Minor Crash,Yes,2020,0.0,South,0.0,0,0.0,Flat,1.0,,0.0,,0.0,Overcast,2078500,1,0.0,0.0,4.0,0.0,0.0,0.0,0.0,0.0,,0.0,0.0,Wellington Region,Nil,2-way,Sealed,0.0,0.0,0,0.0,100.0,0.0,Off,0.0,0.0,,47,Wellington City,Nil,0.0,0.0,0.0,0.0,0.0,0.0,Open,0.0,0.0,0.0,Fine,Null,1
66479243,,576301,0.0,,0.0,1.0,,South,2020/2021,RIDDIFORD STREET,CONSTABLE STREET,,Non-Injury Crash,No,2021,,North,,0,,Flat,,,,,,Overcast,2165200,0,0.0,0.0,2.0,,,0.0,,,,,,Wellington Region,Nil,2-way,Sealed,,0.0,0,,40.0,,Off,1.0,0.0,,47,Wellington City,Nil,,,,,0.0,0.0,Urban,0.0,,,Fine,Null,1
66479323,,576500,0.0,0.0,0.0,1.0,0.0,North,2020/2021,KING STREET,DRUMMOND STREET,,Non-Injury Crash,No,2021,0.0,South,0.0,0,0.0,Hill Road,0.0,,0.0,,0.0,Unknown,2148201,0,0.0,0.0,2.0,0.0,0.0,0.0,0.0,1.0,,0.0,0.0,Wellington Region,Nil,2-way,Sealed,0.0,0.0,0,0.0,50.0,0.0,Null,0.0,0.0,,47,Wellington City,Nil,0.0,0.0,0.0,0.0,0.0,1.0,Urban,0.0,0.0,0.0,Fine,Null,1
66479405,,572900,0.0,1.0,0.0,1.0,0.0,Null,2020/2021,HAWKESTONE STREET,HAWKESTONE STREET ON RAMP,,Non-Injury Crash,No,2020,0.0,West,0.0,0,0.0,Hill Road,0.0,,0.0,,0.0,Twilight,2119500,0,0.0,0.0,2.0,0.0,0.0,0.0,0.0,0.0,,0.0,0.0,Wellington Region,Bridge,1-way,Sealed,0.0,0.0,0,0.0,50.0,0.0,Off,0.0,0.0,,47,Wellington City,Give way,0.0,0.0,0.0,0.0,0.0,0.0,Urban,0.0,0.0,0.0,Fine,Null,1
66479406,,576500,0.0,,0.0,0.0,,Null,2021/2022,ADELAIDE ROAD,ALFRED STREET,,Minor Crash,No,2021,,North,,0,,Flat,,,,,,Bright sun,2147900,1,0.0,1.0,3.0,,,0.0,,,,,,Wellington Region,Nil,2-way,Sealed,,0.0,0,,50.0,,Off,1.0,0.0,,47,Wellington City,Give way,,,,,0.0,0.0,Urban,0.0,,,Fine,Null,1
66479420,,574002,0.0,,0.0,4.0,,North,2020/2021,HUTT ROAD,HUTT ROAD ON RAMP,,Minor Crash,Yes,2021,,North,,0,,Flat,,,,,,Twilight,2078302,1,0.0,0.0,4.0,,,0.0,,,,,,Wellington Region,Nil,2-way,Sealed,,0.0,0,,100.0,,On,0.0,0.0,,47,Wellington City,Nil,,,,,0.0,0.0,Open,0.0,,,Fine,Null,1
66479432,,575600,0.0,0.0,0.0,1.0,0.0,North,2020/2021,TODMAN STREET,MITCHELL STREET,,Non-Injury Crash,No,2020,0.0,North,0.0,0,0.0,Hill Road,0.0,,0.0,,0.0,Twilight,2161501,0,0.0,0.0,1.0,0.0,0.0,0.0,0.0,1.0,,0.0,0.0,Wellington Region,Nil,2-way,Sealed,0.0,0.0,0,0.0,50.0,0.0,On,0.0,0.0,,47,Wellington City,Nil,0.0,0.0,0.0,0.0,0.0,0.0,Urban,0.0,0.0,0.0,Fine,Null,1
66479466,,576200,0.0,,0.0,2.0,,Null,2020/2021,LIARDET STREET,FARNHAM STREET,,Non-Injury Crash,No,2020,,North,,0,,Null,,,,,,Unknown,2171100,0,0.0,0.0,2.0,,,0.0,,,,,,Wellington Region,Nil,2-way,Sealed,,0.0,0,,50.0,,Null,0.0,0.0,,47,Wellington City,Give way,,,,,0.0,0.0,Urban,0.0,,,Null,Null,1
66479475,,574500,0.0,0.0,0.0,1.0,0.0,North,2020/2021,WELLINGTON URBAN MOTORWAY,AOTEA QUAY ON RAMP,,Non-Injury Crash,Yes,2020,0.0,North,0.0,0,0.0,Flat,1.0,,0.0,,0.0,Bright sun,2093500,0,0.0,0.0,4.0,0.0,0.0,0.0,0.0,0.0,,0.0,0.0,Wellington Region,Nil,2-way,Sealed,0.0,0.0,0,0.0,100.0,0.0,Off,0.0,0.0,,47,Wellington City,Unknown,0.0,0.0,0.0,0.0,0.0,0.0,Open,0.0,0.0,0.0,Fine,Null,1
66479477,,573522,0.0,,0.0,0.0,,South,2020/2021,DRAGON STREET,CASHEW STREET,,Non-Injury Crash,No,2020,,South,,0,,Flat,,,,,,Dark,2086102,0,0.0,0.0,2.0,,,0.0,,,,,,Wellington Region,Nil,2-way,Sealed,,0.0,0,,50.0,,On,0.0,0.0,,47,Wellington City,Nil,,,,,1.0,0.0,Urban,0.0,,,Fine,Null,1
66479483,,573101,0.0,0.0,0.0,0.0,0.0,Null,2020/2021,GHUZNEE STREET,FURNESS LANE,,Non-Injury Crash,No,2020,0.0,East,0.0,0,0.0,Flat,0.0,,0.0,,0.0,Bright sun,2133408,0,0.0,0.0,3.0,0.0,0.0,0.0,0.0,1.0,,0.0,0.0,Wellington Region,Nil,2-way,Sealed,0.0,0.0,0,0.0,30.0,0.0,On,0.0,0.0,,47,Wellington City,Nil,0.0,0.0,0.0,0.0,0.0,0.0,Urban,2.0,0.0,0.0,Fine,Null,1
66479517,,577302,0.0,,0.0,2.0,,Null,2020/2021,PARK ROAD,BRUSSELS STREET,,Minor Crash,No,2020,,East,,0,,Flat,,Christmas New Year,,,,Dark,2205800,2,0.0,0.0,2.0,,,0.0,,,,,,Wellington Region,Nil,2-way,Sealed,,0.0,0,,50.0,,On,0.0,0.0,,47,Wellington City,Give way,,,,,0.0,0.0,Urban,0.0,,,Fine,Null,1
66479522,,576901,0.0,0.0,0.0,1.0,0.0,North,2020/2021,COBHAM DRIVE,TROY STREET,,Non-Injury Crash,Yes,2020,0.0,North,0.0,0,0.0,Flat,1.0,,0.0,,0.0,Dark,2176800,0,0.0,0.0,2.0,0.0,0.0,0.0,0.0,0.0,,0.0,0.0,Wellington Region,Nil,1-way,Sealed,0.0,0.0,0,0.0,70.0,0.0,On,0.0,0.0,,47,Wellington City,Nil,0.0,0.0,0.0,0.0,0.0,0.0,Urban,0.0,0.0,0.0,Light rain,Null,1
66479528,,573400,0.0,0.0,0.0,5.0,0.0,North,2020/2021,ORIENTAL PARADE,CABLE STREET,,Minor Crash,No,2020,0.0,South,0.0,0,0.0,Flat,0.0,,0.0,,0.0,Overcast,2138800,2,0.0,0.0,3.0,0.0,0.0,0.0,0.0,1.0,,0.0,0.0,Wellington Region,Nil,2-way,Sealed,0.0,0.0,0,0.0,40.0,0.0,Off,0.0,0.0,,47,Wellington City,Unknown,0.0,0.0,0.0,0.0,0.0,0.0,Urban,0.0,0.0,0.0,Fine,Null,1
66479598,,575000,0.0,,0.0,2.0,,Null,2020/2021,KARORI ROAD,OLD KARORI ROAD,,Non-Injury Crash,No,2021,,East,,0,,Flat,,,,,,Unknown,2111000,0,0.0,0.0,2.0,,,0.0,,,,,,Wellington Region,Nil,2-way,Sealed,,0.0,0,,50.0,,Null,0.0,0.0,,47,Wellington City,Traffic Signals,,,,,0.0,0.0,Urban,0.0,,,Null,Null,1
66479636,,573000,0.0,1.0,0.0,1.0,0.0,Null,2020/2021,EVERTON TERRACE,THE TERRACE,,Non-Injury Crash,No,2021,0.0,North,0.0,0,0.0,Hill Road,0.0,,0.0,,1.0,Dark,2126700,0,0.0,0.0,3.0,0.0,0.0,0.0,0.0,0.0,,0.0,0.0,Wellington Region,Overpass,2-way,Sealed,0.0,0.0,0,0.0,50.0,0.0,On,0.0,0.0,,47,Wellington City,Traffic Signals,0.0,0.0,0.0,0.0,0.0,0.0,Urban,0.0,0.0,0.0,Fine,Null,1
66479650,,574800,0.0,,0.0,1.0,,Null,2020/2021,CHAYTOR STREET,CURTIS STREET,,Non-Injury Crash,No,2021,,East,,0,,Flat,,,,,,Overcast,2106100,0,1.0,0.0,4.0,,,0.0,,,,,,Wellington Region,Nil,2-way,Sealed,,0.0,0,,50.0,,Off,0.0,0.0,,47,Wellington City,Stop,,,,,0.0,0.0,Urban,0.0,,,Light rain,Strong wind,1
66479661,,573000,0.0,,0.0,1.0,,Null,2020/2021,WILLIS STREET,MANNERS STREET,,Non-Injury Crash,No,2020,,North,,0,,Null,,,,,,Unknown,2128400,0,0.0,0.0,2.0,,,0.0,,,,,,Wellington Region,Nil,2-way,Null,,0.0,0,,30.0,,Null,0.0,0.0,,47,Wellington City,Traffic Signals,,,,,0.0,1.0,Urban,0.0,,,Null,Null,1
66479677,,573511,0.0,,1.0,1.0,,North,2020/2021,MIDDLETON ROAD,RICHMOND HILL,,Non-Injury Crash,No,2020,,South,,0,,Flat,,,,,,Bright sun,2086201,0,0.0,0.0,2.0,,,0.0,,,,,,Wellington Region,Nil,2-way,Sealed,,0.0,0,,50.0,,None,0.0,0.0,,47,Wellington City,Nil,,,,,0.0,0.0,Urban,0.0,,,Fine,Strong wind,1
66479694,,573400,0.0,0.0,0.0,4.0,0.0,Null,2020/2021,HAWKER STREET,DUKE STREET,,Non-Injury Crash,No,2020,0.0,North,0.0,0,0.0,Hill Road,0.0,,0.0,,0.0,Dark,2140100,0,0.0,1.0,2.0,0.0,0.0,0.0,0.0,1.0,,0.0,0.0,Wellington Region,Nil,2-way,Sealed,0.0,0.0,0,0.0,50.0,0.0,On,1.0,0.0,,47,Wellington City,Nil,0.0,0.0,0.0,0.0,0.0,0.0,Urban,0.0,0.0,0.0,Fine,Null,1
66479706,,572900,1.0,,0.0,0.0,,North,2021/2022,THORNDON QUAY,MULGRAVE STREET,,Minor Crash,No,2021,,South,,0,,Flat,,,,,,Overcast,2122700,1,1.0,0.0,3.0,,,0.0,,,,,,Wellington Region,Nil,2-way,Sealed,,0.0,0,,50.0,,Off,0.0,0.0,,47,Wellington City,Nil,,,,,0.0,0.0,Urban,0.0,,,Fine,Null,1
66479714,,574100,0.0,0.0,0.0,0.0,0.0,South,2020/2021,BANNISTER AVENUE,HAUMIA STREET,,Non-Injury Crash,No,2021,0.0,South,0.0,0,1.0,Hill Road,0.0,,0.0,,1.0,Bright sun,2085303,0,0.0,0.0,2.0,0.0,0.0,0.0,0.0,0.0,,0.0,1.0,Wellington Region,Nil,2-way,Sealed,0.0,0.0,0,0.0,50.0,0.0,Off,1.0,0.0,,47,Wellington City,Nil,0.0,0.0,0.0,1.0,0.0,0.0,Urban,0.0,0.0,0.0,Fine,Null,1
66479723,,573101,0.0,,0.0,0.0,,South,2020/2021,TORY STREET,TENNYSON STREET,,Minor Crash,No,2021,,South,,0,,Flat,,,,,,Bright sun,2136000,1,0.0,0.0,2.0,,,0.0,,,1.0,,,Wellington Region,Nil,2-way,Sealed,,0.0,0,,50.0,,Off,0.0,0.0,,47,Wellington City,Nil,,,,,0.0,0.0,Urban,1.0,,,Fine,Null,1
66479739,,577200,1.0,,0.0,0.0,,North,2020/2021,MIRAMAR AVENUE,STONE STREET,,Serious Crash,No,2021,,South,,0,,Flat,,,,,,Bright sun,2206200,0,0.0,0.0,2.0,,,0.0,,,,,,Wellington Region,Nil,2-way,Sealed,,0.0,1,,30.0,,Off,0.0,0.0,,47,Wellington City,Nil,,,,,1.0,0.0,Urban,0.0,,,Fine,Null,1
66479747,,573300,0.0,,0.0,1.0,,Null,2021/2022,RUGBY STREET,ADELAIDE ROAD,,Minor Crash,Yes,2021,,West,,0,,Flat,,,,,,Overcast,2145602,1,1.0,0.0,3.0,,,0.0,,,,,,Wellington Region,Nil,1-way,Sealed,,0.0,0,,50.0,,Off,0.0,0.0,,47,Wellington City,Traffic Signals,,,,,0.0,0.0,Urban,0.0,,,Fine,Null,1
66479765,,575400,0.0,,0.0,1.0,,South,2020/2021,RAROA ROAD,IRVINE STREET,,Minor Crash,No,2020,,South,,0,,Hill Road,,,,,,Overcast,2155700,1,0.0,0.0,2.0,,,0.0,,,,,,Wellington Region,Nil,2-way,Sealed,,0.0,0,,50.0,,Off,0.0,0.0,,47,Wellington City,Nil,,,,,0.0,0.0,Urban,1.0,,,Light rain,Null,1
66479767,,573801,0.0,,0.0,1.0,,North,2019/2020,JOHNSONVILLE PORIRUA MOTORWAY,JOHNSONVILLE OFF RAMP,,Non-Injury Crash,Yes,2020,,South,,0,,Null,,,,,,Overcast,2079000,0,0.0,0.0,2.0,,,0.0,,,,,,Wellington Region,Nil,1-way,Sealed,,0.0,0,,100.0,,Off,1.0,0.0,,47,Wellington City,Nil,,,,,0.0,0.0,Open,0.0,,,Light rain,Null,1
66479768,,573101,0.0,,0.0,1.0,,South,2019/2020,MARION STREET,GHUZNEE STREET,,Non-Injury Crash,No,2020,,West,,0,,Flat,,,,,,Bright sun,2133700,0,0.0,0.0,2.0,,,0.0,,,,,,Wellington Region,Nil,2-way,Sealed,,0.0,0,,50.0,,Off,1.0,0.0,,47,Wellington City,Nil,,,,,0.0,0.0,Urban,0.0,,,Null,Null,1
66479811,,572900,0.0,,0.0,1.0,,Null,2020/2021,FEATHERSTON STREET,BUNNY STREET,,Non-Injury Crash,No,2021,,South,,0,,Flat,,,,,,Overcast,2122700,0,0.0,0.0,2.0,,,0.0,,,,,,Wellington Region,Nil,2-way,Sealed,,0.0,0,,50.0,,Off,0.0,0.0,,47,Wellington City,Traffic Signals,,,,,0.0,0.0,Urban,1.0,,,Fine,Null,1
66479825,,575600,0.0,0.0,0.0,1.0,0.0,North,2020/2021,MCKINLEY CRESCENT,GARFIELD STREET,,Non-Injury Crash,No,2020,0.0,South,0.0,0,0.0,Null,0.0,,0.0,,0.0,Unknown,2162300,0,0.0,0.0,2.0,0.0,0.0,0.0,0.0,1.0,,0.0,0.0,Wellington Region,Nil,2-way,Sealed,0.0,0.0,0,0.0,50.0,0.0,Null,1.0,0.0,,47,Wellington City,Unknown,0.0,0.0,0.0,0.0,0.0,0.0,Urban,0.0,0.0,0.0,Null,Null,1
66479829,,576800,0.0,0.0,0.0,2.0,0.0,North,2019/2020,RATA ROAD,REWA ROAD,,Non-Injury Crash,No,2019,0.0,South,0.0,0,0.0,Hill Road,0.0,,0.0,,0.0,Overcast,2182900,0,0.0,0.0,2.0,0.0,0.0,0.0,0.0,1.0,,0.0,0.0,Wellington Region,Nil,2-way,Sealed,0.0,0.0,0,0.0,50.0,0.0,Off,0.0,0.0,,47,Wellington City,Nil,0.0,0.0,0.0,0.0,0.0,0.0,Urban,0.0,0.0,0.0,Fine,Null,0
66479840,,572701,0.0,,0.0,2.0,,West,2020/2021,FYVIE AVENUE,MAIN ROAD,,Non-Injury Crash,No,2020,,West,,0,,Flat,,,,,,Overcast,1993902,0,0.0,0.0,2.0,,,0.0,,,,,,Wellington Region,Nil,2-way,Sealed,,0.0,0,,50.0,,Off,0.0,0.0,,47,Wellington City,Unknown,,,,,0.0,0.0,Urban,0.0,,,Fine,Null,1
66479990,,572900,0.0,,0.0,1.0,,Null,2019/2020,TINAKORI ROAD,HILL STREET,,Minor Crash,No,2020,,South,,0,,Flat,,,,,,Bright sun,2120100,1,1.0,0.0,2.0,,,0.0,,,,,,Wellington Region,Nil,2-way,Sealed,,0.0,0,,50.0,,Off,0.0,0.0,,47,Wellington City,Give way,,,,,0.0,0.0,Urban,0.0,,,Fine,Null,1
66480027,,575000,0.0,0.0,0.0,1.0,1.0,Null,2020/2021,KARORI ROAD,CHAYTOR STREET,,Non-Injury Crash,No,2020,0.0,North,0.0,0,0.0,Hill Road,0.0,,0.0,,0.0,Dark,2111000,0,0.0,0.0,3.0,0.0,1.0,0.0,0.0,0.0,,0.0,0.0,Wellington Region,Nil,2-way,Sealed,0.0,0.0,0,0.0,50.0,0.0,On,0.0,0.0,,47,Wellington City,Traffic Signals,0.0,0.0,0.0,0.0,0.0,0.0,Urban,0.0,0.0,0.0,Light rain,Null,1
66480030,,576901,0.0,,0.0,2.0,,East,2020/2021,COBHAM DRIVE,EVANS BAY PARADE,,Non-Injury Crash,Yes,2020,,West,,0,,Null,,,,,,Unknown,2177800,0,0.0,0.0,5.0,,,0.0,,,,,,Wellington Region,Nil,2-way,Sealed,,0.0,0,,50.0,,Null,0.0,1.0,,47,Wellington City,Unknown,,,,,0.0,0.0,Urban,0.0,,,Null,Null,1
66480031,,576800,0.0,,0.0,2.0,,West,2020/2021,TAURIMA STREET,EAST PORTAL,,Non-Injury Crash,Yes,2020,,West,,0,,Flat,,,,,,Dark,2181700,0,0.0,0.0,2.0,,,0.0,,,,,,Wellington Region,Tunnel,2-way,Sealed,,0.0,0,,50.0,,On,0.0,0.0,,47,Wellington City,Unknown,,,,,0.0,0.0,Urban,0.0,,,Fine,Null,1
66480033,,573101,0.0,,0.0,2.0,,Null,2019/2020,WAKEFIELD STREET,CAMBRIDGE TERRACE,,Non-Injury Crash,No,2019,,West,,0,,Flat,,Christmas New Year,,,,Dark,2135500,0,0.0,0.0,3.0,,,0.0,,,,,,Wellington Region,Nil,1-way,Sealed,,0.0,0,,50.0,,On,0.0,0.0,,47,Wellington City,Nil,,,,,0.0,0.0,Urban,0.0,,,Fine,Null,0
66480056,,576100,0.0,0.0,0.0,2.0,0.0,West,2020/2021,HOUGHTON BAY ROAD,PARI TAI WAY,,Non-Injury Crash,No,2021,0.0,East,0.0,0,0.0,Hill Road,0.0,,0.0,,0.0,Overcast,2195203,0,0.0,0.0,2.0,0.0,0.0,0.0,0.0,1.0,,0.0,0.0,Wellington Region,Nil,2-way,Sealed,0.0,0.0,0,0.0,50.0,0.0,Off,0.0,0.0,,47,Wellington City,Nil,0.0,0.0,0.0,0.0,0.0,0.0,Urban,1.0,0.0,0.0,Fine,Null,1
66480077,,573700,0.0,0.0,0.0,1.0,1.0,West,2020/2021,IRONSIDE ROAD,EARP STREET,,Non-Injury Crash,No,2020,0.0,West,0.0,0,0.0,Hill Road,0.0,,0.0,,0.0,Dark,2081601,0,0.0,0.0,2.0,0.0,0.0,0.0,0.0,0.0,,0.0,0.0,Wellington Region,Nil,2-way,Sealed,0.0,0.0,0,0.0,50.0,0.0,On,0.0,0.0,,47,Wellington City,Unknown,0.0,0.0,0.0,0.0,0.0,0.0,Urban,0.0,0.0,0.0,Fine,Null,1
66480086,,574303,0.0,,0.0,1.0,,Null,2021/2022,CENTENNIAL HIGHWAY,TYERS ROAD,,Minor Crash,Yes,2021,,North,,0,,Hill Road,,,,,,Overcast,2088705,1,0.0,0.0,3.0,,,0.0,,,,,,Wellington Region,Motorway ramp,1-way,Sealed,,0.0,0,,80.0,,Off,0.0,0.0,,47,Wellington City,Nil,,,,,0.0,0.0,Open,1.0,,,Heavy rain,Null,1
66480137,,574200,0.0,0.0,0.0,5.0,0.0,South,2019/2020,KANPUR ROAD,SITA WAY,,Non-Injury Crash,No,2020,0.0,South,0.0,0,0.0,Hill Road,0.0,,0.0,,0.0,Dark,2087607,0,0.0,0.0,2.0,0.0,0.0,0.0,0.0,3.0,,0.0,0.0,Wellington Region,Nil,2-way,Sealed,0.0,0.0,0,0.0,50.0,0.0,On,0.0,0.0,,47,Wellington City,Nil,0.0,0.0,0.0,0.0,0.0,0.0,Urban,0.0,0.0,0.0,Fine,Null,1
66480173,,576500,0.0,0.0,0.0,1.0,0.0,West,2020/2021,MEIN STREET,DANIELL STREET,,Non-Injury Crash,No,2020,0.0,East,0.0,0,0.0,Hill Road,0.0,,0.0,,0.0,Bright sun,2149200,0,0.0,0.0,2.0,0.0,0.0,0.0,0.0,1.0,,0.0,0.0,Wellington Region,Nil,2-way,Sealed,0.0,0.0,0,0.0,40.0,0.0,Off,0.0,0.0,,47,Wellington City,Nil,0.0,0.0,0.0,0.0,0.0,0.0,Urban,1.0,0.0,0.0,Fine,Null,1
66480192,,574702,0.0,0.0,0.0,0.0,0.0,Null,2020/2021,MAIRANGI ROAD,DORSET WAY,,Non-Injury Crash,No,2020,0.0,South,0.0,0,0.0,Flat,0.0,,0.0,,0.0,Overcast,2104402,0,0.0,0.0,2.0,0.0,0.0,0.0,0.0,1.0,,0.0,0.0,Wellington Region,Nil,2-way,Sealed,0.0,0.0,0,0.0,50.0,0.0,Off,0.0,0.0,,47,Wellington City,Nil,0.0,0.0,0.0,0.0,0.0,0.0,Urban,2.0,0.0,0.0,Fine,Null,1
66480237,,573200,1.0,0.0,0.0,0.0,0.0,South,2019/2020,FAIRLIE TERRACE,KELBURN PARADE,,Minor Crash,No,2020,0.0,South,0.0,0,0.0,Hill Road,0.0,,0.0,,1.0,Bright sun,2157000,1,0.0,0.0,1.0,0.0,0.0,0.0,0.0,0.0,,0.0,0.0,Wellington Region,Nil,2-way,Sealed,0.0,0.0,0,0.0,50.0,0.0,Off,0.0,0.0,,47,Wellington City,Nil,0.0,0.0,0.0,0.0,0.0,0.0,Urban,0.0,0.0,0.0,Fine,Null,1
66480252,,573101,0.0,,0.0,1.0,,West,2020/2021,WAKEFIELD STREET,TORY STREET,,Non-Injury Crash,No,2021,,West,,0,,Flat,,,,,,Bright sun,2135600,0,0.0,0.0,3.0,,,0.0,,,,,,Wellington Region,Nil,1-way,Sealed,,0.0,0,,50.0,,Off,0.0,0.0,30.0,47,Wellington City,Nil,,,,,1.0,0.0,Urban,0.0,,,Fine,Null,1
66480273,,575300,1.0,,0.0,1.0,,Null,2019/2020,GLENMORE STREET,UPLAND ROAD,,Non-Injury Crash,No,2019,,West,,0,,Null,,,,,,Unknown,2152600,0,0.0,0.0,2.0,,,0.0,,,,,,Wellington Region,Nil,2-way,Sealed,,0.0,0,,50.0,,Null,0.0,0.0,,47,Wellington City,Nil,,,,,0.0,0.0,Urban,0.0,,,Null,Null,0
66480298,,573101,1.0,,1.0,0.0,,West,2020/2021,GHUZNEE STREET,VICTORIA STREET,,Minor Crash,No,2021,,East,,0,,Flat,,,,,,Bright sun,2131600,1,0.0,0.0,3.0,,,0.0,,,,,,Wellington Region,Nil,2-way,Sealed,,0.0,0,,30.0,,Off,0.0,0.0,,47,Wellington City,Nil,,,,,0.0,0.0,Urban,0.0,,,Fine,Null,1
66480300,,576903,0.0,0.0,0.0,2.0,0.0,North,2021/2022,RUAHINE STREET,WELLINGTON ROAD,,Non-Injury Crash,Yes,2022,0.0,North,0.0,0,0.0,Hill Road,0.0,Christmas New Year,0.0,,1.0,Bright sun,2180601,0,0.0,0.0,2.0,0.0,0.0,0.0,0.0,0.0,,0.0,0.0,Wellington Region,Nil,2-way,Sealed,0.0,0.0,0,0.0,70.0,0.0,Off,0.0,0.0,,47,Wellington City,Nil,0.0,0.0,0.0,0.0,0.0,0.0,Urban,0.0,0.0,0.0,Fine,Null,0
66480351,,573101,0.0,0.0,0.0,1.0,0.0,Null,2019/2020,COURTENAY PLACE,TORY STREET,,Non-Injury Crash,No,2020,0.0,West,0.0,0,0.0,Null,0.0,Christmas New Year,0.0,,0.0,Unknown,2136000,0,0.0,0.0,0.0,0.0,0.0,0.0,0.0,1.0,,0.0,0.0,Wellington Region,Nil,Null,Null,0.0,0.0,0,0.0,,0.0,Null,0.0,0.0,,47,Wellington City,Traffic Signals,0.0,0.0,0.0,0.0,0.0,1.0,Urban,0.0,0.0,0.0,Null,Null,1
66480407,,573901,0.0,0.0,0.0,1.0,0.0,Null,2019/2020,BEAZLEY AVENUE,BEVERLEY GROVE,,Non-Injury Crash,No,2020,0.0,South,0.0,0,0.0,Hill Road,0.0,,0.0,,0.0,Dark,2072900,0,0.0,0.0,2.0,0.0,0.0,0.0,0.0,1.0,,0.0,0.0,Wellington Region,Nil,2-way,Sealed,0.0,0.0,0,0.0,50.0,0.0,On,1.0,0.0,,47,Wellington City,Nil,0.0,0.0,0.0,0.0,0.0,0.0,Urban,0.0,0.0,0.0,Fine,Null,1
66480421,,576302,0.0,0.0,0.0,1.0,0.0,West,2019/2020,WARIPORI STREET,RUSSELL TERRACE,,Non-Injury Crash,No,2019,0.0,West,0.0,0,0.0,Flat,0.0,,0.0,,0.0,Overcast,2166800,0,0.0,0.0,2.0,0.0,0.0,0.0,0.0,1.0,,0.0,0.0,Wellington Region,Nil,2-way,Sealed,0.0,0.0,0,0.0,50.0,0.0,Off,0.0,0.0,,47,Wellington City,Nil,0.0,0.0,0.0,0.0,0.0,2.0,Urban,0.0,0.0,0.0,Fine,Null,0
66480430,,577302,0.0,0.0,0.0,1.0,0.0,North,2020/2021,TAHI STREET,PARK ROAD,,Non-Injury Crash,No,2020,0.0,Null,0.0,0,0.0,Null,0.0,,0.0,,0.0,Unknown,2206004,0,0.0,0.0,2.0,0.0,0.0,0.0,0.0,1.0,,0.0,0.0,Wellington Region,Nil,2-way,Sealed,0.0,0.0,0,0.0,50.0,0.0,Null,0.0,0.0,,47,Wellington City,Nil,0.0,0.0,0.0,0.0,0.0,1.0,Urban,0.0,0.0,0.0,Null,Null,1
66480436,,575100,0.0,0.0,1.0,0.0,0.0,West,2020/2021,KARORI ROAD,SOUTH KARORI ROAD,,Non-Injury Crash,No,2020,0.0,South,0.0,0,0.0,Flat,0.0,,0.0,,0.0,Twilight,2116100,0,0.0,0.0,2.0,0.0,0.0,0.0,0.0,1.0,,0.0,0.0,Wellington Region,Nil,2-way,Sealed,0.0,0.0,0,0.0,50.0,0.0,Null,0.0,0.0,,47,Wellington City,Unknown,0.0,0.0,0.0,0.0,0.0,0.0,Urban,1.0,0.0,0.0,Fine,Null,1
66480456,,575901,0.0,0.0,0.0,3.0,0.0,South,2021/2022,MITCHELL STREET,VIRGINIA GROVE,,Minor Crash,No,2021,0.0,North,0.0,0,0.0,Hill Road,0.0,Christmas New Year,0.0,,0.0,Overcast,2187304,1,0.0,0.0,2.0,0.0,0.0,0.0,0.0,1.0,,0.0,0.0,Wellington Region,Nil,2-way,Sealed,0.0,0.0,0,0.0,50.0,0.0,Off,0.0,0.0,,47,Wellington City,Nil,0.0,0.0,0.0,0.0,0.0,0.0,Urban,0.0,0.0,0.0,Fine,Null,1
66480457,,574303,0.0,,1.0,1.0,,South,2020/2021,CENTENNIAL HIGHWAY,ABATTOIRS,,Non-Injury Crash,Yes,2020,,North,,0,,Hill Road,,,,,,Overcast,2088705,0,0.0,0.0,3.0,,,0.0,,,,,,Wellington Region,Nil,1-way,Sealed,,0.0,0,,80.0,,Off,0.0,0.0,,47,Wellington City,Nil,,,,,0.0,0.0,Open,0.0,,,Fine,Null,1
66480517,,572900,1.0,,1.0,0.0,,Null,2020/2021,THORNDON QUAY,MULGRAVE STREET,,Serious Crash,No,2021,,North,,0,,Flat,,,,,,Dark,2122800,0,0.0,0.0,2.0,,,0.0,,,,,,Wellington Region,Nil,2-way,Sealed,,0.0,1,,50.0,,On,0.0,0.0,,47,Wellington City,Nil,,,,,0.0,0.0,Urban,0.0,,,Fine,Null,1
66480520,,575800,0.0,,0.0,1.0,,North,2020/2021,HAPPY VALLEY ROAD,LANDFILL ROAD,,Fatal Crash,No,2021,,North,,1,,Flat,,,,,,Bright sun,2197101,1,0.0,0.0,2.0,,,0.0,,,,,,Wellington Region,Nil,2-way,Sealed,,0.0,0,,70.0,,Off,0.0,0.0,,47,Wellington City,Nil,,,,,1.0,0.0,Urban,0.0,,,Fine,Null,1