OBJECTID,advisorySpeed,areaUnitID,bicycle,bridge,bus,carStationWagon,cliffBank,crashDirectionDescription,crashFinancialYear,crashLocation1,crashLocation2,crashRoadSideRoad,crashSeverity,crashSHDescription,crashYear,debris,directionRoleDescription,ditch,fatalCount,fence,flatHill,guardRail,holiday,houseOrBuilding,intersection,kerb,light,meshblockId,minorInjuryCount,moped,motorcycle,NumberOfLanes,objectThrownOrDropped,otherObject,otherVehicleType,overBank,parkedVehicle,pedestrian,phoneBoxEtc,postOrPole,region,roadCharacter,roadLane,roadSurface,roadworks,schoolBus,seriousInjuryCount,slipOrFlood,speedLimit,strayAnimal,streetLight,suv,taxi,temporarySpeedLimit,tlaId,tlaName,trafficControl,trafficIsland,trafficSign,train,tree,truck,unknownVehicleType,urban,vanOrUtility,vehicle,waterRiver,weatherA,weatherB,if_pandemic
66480529,,573101,0.0,,0.0,2.0,,Null,2019/2020,TARANAKI STREET,COURTENAY PLACE,,Non-Injury Crash,No,2020,,South,,0,,Null,,,,,,Unknown,2133200,0,0.0,0.0,4.0,,,0.0,,,,,,Wellington Region,Nil,2-way,Sealed,,0.0,0,,30.0,,Null,0.0,0.0,,47,Wellington City,Traffic Signals,,,,,0.0,0.0,Urban,0.0,,,Null,Null,1
66480535,,574303,0.0,,0.0,0.0,,North,2019/2020,CENTENNIAL HIGHWAY,TYERS ROAD,,Non-Injury Crash,Yes,2019,,North,,0,,Hill Road,,,,,,Bright sun,2088705,0,0.0,0.0,6.0,,,0.0,,,,,,Wellington Region,Nil,2-way,Sealed,,0.0,0,,80.0,,Off,2.0,0.0,,47,Wellington City,Unknown,,,,,0.0,0.0,Open,0.0,,,Fine,Null,0
66480550,,573000,0.0,,0.0,1.0,,Null,2020/2021,HUNTER STREET,CUSTOMHOUSE QUAY,,Non-Injury Crash,No,2020,,East,,0,,Flat,,Labour Weekend,,,,Bright sun,2125800,0,0.0,0.0,3.0,,,0.0,,,,,,Wellington Region,Nil,1-way,Sealed,,0.0,0,,30.0,,Off,0.0,0.0,,47,Wellington City,Traffic Signals,,,,,0.0,0.0,Urban,1.0,,,Fine,Null,1
66480561,,573700,0.0,,0.0,4.0,,North,2020/2021,JOHNSONVILLE PORIRUA MOTORWAY,JVILLE OBR,,Minor Crash,Yes,2020,,North,,0,,Hill Road,,,,,,Overcast,2082800,2,0.0,0.0,2.0,,,0.0,,,,,,Wellington Region,Nil,1-way,Sealed,,0.0,0,,100.0,,Off,0.0,0.0,,47,Wellington City,Nil,,,,,0.0,0.0,Open,0.0,,,Light rain,Null,1
66480570,,572900,0.0,0.0,0.0,2.0,0.0,South,2020/2021,TINAKORI ROAD,MURRAYFIELD DRIVE,,Non-Injury Crash,No,2020,0.0,North,0.0,0,0.0,Null,0.0,,0.0,,0.0,Unknown,2118500,0,0.0,0.0,2.0,0.0,0.0,0.0,0.0,1.0,,0.0,0.0,Wellington Region,Nil,2-way,Sealed,0.0,0.0,0,0.0,50.0,0.0,Null,0.0,0.0,,47,Wellington City,Nil,0.0,0.0,0.0,0.0,0.0,0.0,Urban,0.0,0.0,0.0,Null,Null,1
66480684,,573000,0.0,,0.0,1.0,,Null,2020/2021,BUNNY STREET,FEATHERSTON STREET,,Non-Injury Crash,No,2021,,North,,0,,Flat,,,,,,Twilight,2124300,0,0.0,0.0,1.0,,,0.0,,,1.0,,,Wellington Region,Nil,1-way,Sealed,,0.0,0,,30.0,,On,0.0,0.0,,47,Wellington City,Traffic Signals,,,,,0.0,0.0,Urban,0.0,,,Light rain,Null,1
66480706,,573101,0.0,,0.0,1.0,,Null,2019/2020,VICTORIA STREET,KARO DRIVE,,Non-Injury Crash,No,2020,,North,,0,,Flat,,,,,,Bright sun,2132400,0,0.0,0.0,2.0,,,0.0,,,,,,Wellington Region,Nil,1-way,Sealed,,0.0,0,,30.0,,Null,1.0,0.0,,47,Wellington City,Give way,,,,,0.0,0.0,Urban,0.0,,,Fine,Null,1
66480756,,573101,0.0,,0.0,2.0,,Null,2020/2021,COURTENAY PLACE,TORY STREET,,Non-Injury Crash,No,2021,,West,,0,,Flat,,,,,,Overcast,2136000,0,0.0,0.0,1.0,,,0.0,,,,,,Wellington Region,Nil,1-way,Sealed,,0.0,0,,30.0,,Off,0.0,0.0,,47,Wellington City,Traffic Signals,,,,,0.0,0.0,Urban,0.0,,,Null,Null,1
66480762,,572900,0.0,,0.0,1.0,,South,2019/2020,WELLINGTON URBAN MOTORWAY,HAWKESTONE OBR,,Non-Injury Crash,Yes,2020,,North,,0,,Flat,,,,,,Bright sun,2119800,0,0.0,0.0,3.0,,,0.0,,,,,,Wellington Region,Motorway ramp,1-way,Sealed,,0.0,0,,100.0,,Off,2.0,0.0,,47,Wellington City,Nil,,,,,0.0,0.0,Open,0.0,,,Fine,Null,1
66480795,,574001,0.0,,0.0,1.0,,North,2020/2021,CENTENNIAL HIGHWAY,NEWLANDS ROAD ON RAMP,,Non-Injury Crash,Yes,2021,,South,,0,,Hill Road,,,,,,Overcast,2077600,0,0.0,1.0,3.0,,,0.0,,,,,,Wellington Region,Nil,1-way,Sealed,,0.0,0,,100.0,,Off,0.0,0.0,,47,Wellington City,Nil,,,,,0.0,0.0,Open,0.0,,,Null,Null,1
66480917,,572500,0.0,0.0,0.0,1.0,0.0,North,2020/2021,JOHNSONVILLE PORIRUA MOTORWAY,TAWA-GRENADA NORTH ON RAMP,,Minor Crash,Yes,2021,0.0,North,0.0,0,0.0,Flat,1.0,Queens Birthday,0.0,,0.0,Overcast,1986601,1,0.0,0.0,2.0,0.0,0.0,0.0,0.0,0.0,,0.0,0.0,Wellington Region,Nil,2-way,Sealed,0.0,0.0,0,0.0,100.0,0.0,Off,0.0,0.0,,47,Wellington City,Nil,0.0,0.0,0.0,0.0,0.0,0.0,Open,0.0,0.0,0.0,Fine,Null,1
66480919,,576002,0.0,,0.0,1.0,,North,2019/2020,VOLGA STREET,JACKSON STREET,,Minor Crash,No,2020,,North,,0,,Hill Road,,,,,,Bright sun,2191604,2,0.0,1.0,2.0,,,0.0,,,,,,Wellington Region,Nil,2-way,Sealed,,0.0,0,,50.0,,Off,0.0,0.0,,47,Wellington City,Nil,,,,,0.0,0.0,Urban,0.0,,,Fine,Null,1
66480936,,573101,0.0,,0.0,2.0,,Null,2020/2021,KENT TERRACE,ELLICE STREET,,Non-Injury Crash,Yes,2021,,South,,0,,Null,,,,,,Unknown,2137000,0,0.0,0.0,3.0,,,0.0,,,,,,Wellington Region,Nil,1-way,Sealed,,0.0,0,,50.0,,Null,0.0,0.0,,47,Wellington City,Give way,,,,,0.0,0.0,Urban,0.0,,,Null,Null,1
66480981,,574402,0.0,0.0,0.0,1.0,0.0,North,2020/2021,TARIKAKA STREET,NGATA STREET,,Non-Injury Crash,No,2021,0.0,Null,0.0,0,0.0,Hill Road,0.0,,0.0,,0.0,Unknown,2095500,0,0.0,0.0,2.0,0.0,0.0,0.0,0.0,1.0,,0.0,0.0,Wellington Region,Nil,2-way,Sealed,0.0,0.0,0,0.0,50.0,0.0,Null,0.0,0.0,,47,Wellington City,Nil,0.0,0.0,0.0,0.0,0.0,0.0,Urban,0.0,0.0,0.0,Null,Null,1
66480985,,573101,0.0,0.0,0.0,1.0,0.0,South,2019/2020,INGLEWOOD PLACE,DIXON STREET,,Non-Injury Crash,No,2019,0.0,East,0.0,0,0.0,Flat,0.0,,0.0,,0.0,Bright sun,2133408,0,0.0,0.0,2.0,0.0,0.0,0.0,0.0,1.0,,0.0,0.0,Wellington Region,Nil,2-way,Unsealed,0.0,0.0,0,0.0,30.0,0.0,None,0.0,0.0,,47,Wellington City,Unknown,0.0,0.0,0.0,0.0,0.0,0.0,Urban,0.0,0.0,0.0,Fine,Null,0
66481027,,573400,1.0,,0.0,0.0,,South,2020/2021,ORIENTAL PARADE,FREYBERG POOL CPK ENT,,Minor Crash,No,2021,,North,,0,,Flat,,,,,,Bright sun,2138400,1,0.0,0.0,2.0,,,0.0,,,1.0,,,Wellington Region,Nil,2-way,Sealed,,0.0,0,,40.0,,Off,0.0,0.0,,47,Wellington City,Nil,,,,,0.0,0.0,Urban,0.0,,,Fine,Null,1
66481048,,576500,0.0,,0.0,1.0,,South,2021/2022,ADELAIDE ROAD,ALFRED STREET,,Minor Crash,No,2021,,North,,0,,Flat,,,,,,Bright sun,2147900,1,1.0,0.0,4.0,,,0.0,,,,,,Wellington Region,Nil,2-way,Sealed,,0.0,0,,50.0,,Off,0.0,0.0,,47,Wellington City,Nil,,,,,0.0,0.0,Urban,0.0,,,Fine,Null,1
66481063,,573400,0.0,,0.0,2.0,,West,2020/2021,ORIENTAL PARADE,PRINCE STREET,,Non-Injury Crash,No,2020,,West,,0,,Flat,,,,,,Bright sun,2138800,0,0.0,0.0,2.0,,,0.0,,,,,,Wellington Region,Nil,2-way,Sealed,,0.0,0,,40.0,,Off,1.0,0.0,,47,Wellington City,Nil,,,,,0.0,0.0,Urban,0.0,,,Fine,Null,1
66481104,,573000,0.0,,0.0,0.0,,North,2020/2021,THE TERRACE,AURORA TERRACE,,Minor Crash,No,2020,,North,,0,,Hill Road,,,,,,Dark,2124000,2,1.0,0.0,2.0,,,0.0,,,1.0,,,Wellington Region,Nil,2-way,Sealed,,0.0,0,,30.0,,On,0.0,0.0,,47,Wellington City,Nil,,,,,0.0,0.0,Urban,0.0,,,Heavy rain,Null,1
66481146,,574002,0.0,,0.0,1.0,,South,2020/2021,CENTENNIAL HIGHWAY,NEWLANDS ON RAMP,,Non-Injury Crash,Yes,2020,,South,,0,,Hill Road,,,,,,Overcast,2078304,0,0.0,0.0,3.0,,,0.0,,,,,,Wellington Region,Nil,1-way,Sealed,,0.0,0,,100.0,,Off,0.0,0.0,,47,Wellington City,Nil,,,,,0.0,0.0,Open,1.0,,,Heavy rain,Null,1
66481156,,576302,0.0,,0.0,2.0,,West,2020/2021,TE WHAREPOURI STREET,RUSSELL TERRACE,,Non-Injury Crash,No,2020,,West,,0,,Hill Road,,,,,,Bright sun,2166800,0,0.0,0.0,2.0,,,0.0,,,,,,Wellington Region,Nil,2-way,Sealed,,0.0,0,,50.0,,Off,0.0,1.0,,47,Wellington City,Unknown,,,,,0.0,0.0,Urban,0.0,,,Fine,Null,1
66481199,,576301,0.0,0.0,0.0,1.0,0.0,South,2020/2021,RIDDIFORD STREET,NEWTOWN AVENUE,,Non-Injury Crash,No,2021,0.0,North,0.0,0,0.0,Flat,0.0,,0.0,,0.0,Bright sun,2165500,0,0.0,0.0,2.0,0.0,0.0,0.0,0.0,1.0,,0.0,0.0,Wellington Region,Nil,2-way,Sealed,0.0,0.0,0,0.0,50.0,0.0,Off,0.0,0.0,,47,Wellington City,Nil,0.0,0.0,0.0,0.0,0.0,0.0,Urban,1.0,0.0,0.0,Fine,Null,1
66481216,,573000,0.0,,0.0,2.0,,North,2021/2022,FEATHERSTON STREET,JOHNSTON STREET,,Non-Injury Crash,No,2021,,South,,0,,Flat,,,,,,Bright sun,2125300,0,0.0,0.0,2.0,,,0.0,,,,,,Wellington Region,Nil,1-way,Sealed,,0.0,0,,30.0,,Off,0.0,0.0,,47,Wellington City,Nil,,,,,0.0,0.0,Urban,0.0,,,Fine,Null,1
66481257,,573526,0.0,,0.0,1.0,,South,2020/2021,HUTT ROAD,HOROKIWI ROAD,,Non-Injury Crash,Yes,2020,,North,,0,,Flat,,,,,,Overcast,2086403,0,0.0,0.0,2.0,,,0.0,,,,,,Wellington Region,Nil,1-way,Sealed,,0.0,0,,100.0,,Off,1.0,0.0,,47,Wellington City,Nil,,,,,0.0,0.0,Open,0.0,,,Light rain,Strong wind,1
66481311,,574002,0.0,,0.0,2.0,,West,2020/2021,CENTENNIAL HIGHWAY,NIMT OBR,,Non-Injury Crash,Yes,2021,,South,,0,,Hill Road,,,,,,Bright sun,2078304,0,0.0,0.0,6.0,,,0.0,,,,,,Wellington Region,Nil,2-way,Sealed,,0.0,0,,80.0,,Off,0.0,0.0,60.0,47,Wellington City,Nil,,,,,0.0,0.0,Open,0.0,,,Fine,Null,1
66481339,,576200,0.0,0.0,0.0,2.0,0.0,Null,2021/2022,BLYTHE STREET,DAWSON STREET,,Non-Injury Crash,No,2021,0.0,East,0.0,0,0.0,Hill Road,0.0,,0.0,,0.0,Twilight,2172200,0,0.0,0.0,2.0,0.0,0.0,0.0,0.0,1.0,,0.0,0.0,Wellington Region,Nil,2-way,Sealed,0.0,0.0,0,0.0,50.0,0.0,Off,0.0,0.0,,47,Wellington City,Nil,0.0,0.0,0.0,0.0,0.0,0.0,Urban,0.0,0.0,0.0,Fine,Null,1
66481384,,573101,0.0,,0.0,1.0,,South,2020/2021,COURTENAY PLACE,TARANAKI STREET,,Serious Crash,No,2021,,North,,0,,Flat,,,,,,Dark,2135600,0,1.0,0.0,1.0,,,0.0,,,2.0,,,Wellington Region,Nil,1-way,Sealed,,0.0,1,,30.0,,On,0.0,1.0,,47,Wellington City,Nil,,,,,0.0,0.0,Urban,0.0,,,Fine,Null,1
66481418,,576002,0.0,0.0,0.0,1.0,0.0,East,2019/2020,DOVER STREET,ADELAIDE ROAD,,Non-Injury Crash,No,2020,0.0,North,0.0,0,0.0,Null,0.0,,0.0,,0.0,Unknown,2192400,0,0.0,0.0,2.0,0.0,0.0,0.0,0.0,1.0,,0.0,0.0,Wellington Region,Nil,2-way,Sealed,0.0,0.0,0,0.0,50.0,0.0,Off,0.0,0.0,,47,Wellington City,Nil,0.0,0.0,0.0,0.0,0.0,0.0,Urban,1.0,0.0,0.0,Null,Null,1
66481445,,572900,0.0,0.0,0.0,1.0,1.0,Null,2020/2021,MULGRAVE STREET,FEATHERSTON STREET,,Minor Crash,No,2021,0.0,South,0.0,0,0.0,Flat,0.0,,0.0,,0.0,Bright sun,2122800,1,0.0,0.0,2.0,0.0,0.0,0.0,0.0,0.0,,0.0,0.0,Wellington Region,Nil,2-way,Sealed,0.0,0.0,0,0.0,50.0,0.0,Off,0.0,0.0,,47,Wellington City,Traffic Signals,0.0,0.0,0.0,0.0,0.0,0.0,Urban,0.0,0.0,0.0,Fine,Null,1
66481475,,576301,0.0,0.0,0.0,1.0,0.0,North,2020/2021,ADELAIDE ROAD,NIKAU STREET,,Non-Injury Crash,No,2020,0.0,South,0.0,0,0.0,Null,0.0,,0.0,,0.0,Unknown,2163400,0,0.0,0.0,2.0,0.0,0.0,0.0,0.0,1.0,,0.0,0.0,Wellington Region,Nil,2-way,Sealed,0.0,0.0,0,0.0,50.0,0.0,Null,0.0,0.0,,47,Wellington City,Nil,0.0,0.0,0.0,0.0,0.0,0.0,Urban,0.0,0.0,0.0,Null,Null,1
66481503,,577000,0.0,,0.0,2.0,,Null,2020/2021,FREYBERG STREET,RUA STREET,,Non-Injury Crash,No,2020,,East,,0,,Flat,,,,,,Bright sun,2174600,0,0.0,0.0,2.0,,,0.0,,,,,,Wellington Region,Nil,2-way,Sealed,,0.0,0,,50.0,,Off,0.0,0.0,,47,Wellington City,Nil,,,,,0.0,0.0,Urban,0.0,,,Fine,Null,1
66481578,,573700,0.0,,0.0,1.0,,Null,2020/2021,BRODERICK ROAD,MOOREFIELD ROAD,,Non-Injury Crash,No,2020,,East,,0,,Flat,,,,,,Bright sun,2082400,0,0.0,0.0,2.0,,,0.0,,,,,,Wellington Region,Nil,2-way,Sealed,,0.0,0,,50.0,,Off,0.0,0.0,,47,Wellington City,Traffic Signals,,,,,0.0,0.0,Urban,1.0,,,Fine,Null,1
66481601,,573000,0.0,0.0,0.0,1.0,0.0,North,2020/2021,THE TERRACE,SALAMANCA ROAD,,Non-Injury Crash,No,2021,0.0,South,0.0,0,0.0,Flat,0.0,,0.0,,0.0,Bright sun,2127900,0,0.0,0.0,2.0,0.0,0.0,0.0,0.0,1.0,,0.0,0.0,Wellington Region,Nil,2-way,Sealed,0.0,0.0,0,0.0,50.0,0.0,Off,1.0,0.0,,47,Wellington City,Nil,0.0,0.0,0.0,0.0,0.0,0.0,Urban,0.0,0.0,0.0,Fine,Null,1
66481664,,576500,0.0,0.0,0.0,1.0,0.0,Null,2020/2021,MEIN STREET,MINERVA STREET,,Non-Injury Crash,No,2021,0.0,East,0.0,0,0.0,Hill Road,0.0,,0.0,,0.0,Overcast,2149200,0,0.0,0.0,2.0,0.0,0.0,0.0,0.0,1.0,,0.0,0.0,Wellington Region,Nil,2-way,Sealed,0.0,0.0,0,0.0,40.0,0.0,Off,0.0,0.0,,47,Wellington City,Nil,0.0,0.0,0.0,0.0,0.0,0.0,Urban,0.0,0.0,0.0,Light rain,Null,1
66481687,,573101,0.0,,0.0,2.0,,Null,2019/2020,WEBB STREET,CUBA STREET,,Non-Injury Crash,No,2020,,East,,0,,Flat,,,,,,Unknown,2135100,0,0.0,0.0,2.0,,,0.0,,,,,,Wellington Region,Nil,2-way,Sealed,,0.0,0,,50.0,,Null,0.0,0.0,,47,Wellington City,Traffic Signals,,,,,0.0,0.0,Urban,0.0,,,Fine,Null,1
66481765,,573700,0.0,,0.0,1.0,,South,2020/2021,JOHNSONVILLE PORIRUA MOTORWAY,HELSTON OBR,,Non-Injury Crash,Yes,2021,,North,,0,,Flat,,,,,,Dark,2082800,0,0.0,0.0,4.0,,,0.0,,,1.0,,,Wellington Region,Nil,2-way,Sealed,,0.0,0,,100.0,,None,0.0,0.0,,47,Wellington City,Nil,,,,,0.0,0.0,Open,0.0,,,Fine,Null,1
66481794,,573300,0.0,,0.0,1.0,,North,2020/2021,BROOKLYN ROAD,BIDWILL STREET,,Minor Crash,No,2021,,North,,0,,Hill Road,,,,,,Overcast,2144900,1,1.0,0.0,2.0,,,0.0,,,,,,Wellington Region,Nil,2-way,Sealed,,0.0,0,,50.0,,Off,0.0,0.0,,47,Wellington City,Nil,,,,,0.0,0.0,Urban,0.0,,,Fine,Null,1
66481828,,573101,0.0,,0.0,2.0,,South,2020/2021,WAKEFIELD STREET,TARANAKI STREET,,Non-Injury Crash,No,2020,,North,,0,,Flat,,,,,,Bright sun,2135200,0,0.0,0.0,3.0,,,0.0,,,,,,Wellington Region,Nil,1-way,Sealed,,0.0,0,,50.0,,Off,0.0,2.0,,47,Wellington City,Nil,,,,,0.0,0.0,Urban,0.0,,,Fine,Null,1
66481875,,573000,0.0,0.0,0.0,1.0,0.0,Null,2020/2021,THE TERRACE,ALLENBY TERRACE,,Non-Injury Crash,No,2021,0.0,South,0.0,0,0.0,Hill Road,0.0,,0.0,,0.0,Unknown,2127900,0,0.0,0.0,2.0,0.0,0.0,0.0,0.0,1.0,,0.0,0.0,Wellington Region,Nil,2-way,Sealed,0.0,0.0,0,0.0,50.0,0.0,Null,0.0,0.0,,47,Wellington City,Nil,0.0,0.0,0.0,0.0,0.0,0.0,Urban,0.0,0.0,0.0,Null,Null,1
66481876,,573101,0.0,,0.0,0.0,,Null,2021/2022,DIXON STREET,TARANAKI STREET,,Minor Crash,No,2022,,West,,0,,Flat,,,,,,Dark,2133300,1,0.0,0.0,1.0,,,0.0,,,1.0,,,Wellington Region,Nil,1-way,Sealed,,0.0,0,,30.0,,On,0.0,0.0,,47,Wellington City,Traffic Signals,,,,,0.0,0.0,Urban,1.0,,,Fine,Null,0
66481890,,575300,0.0,0.0,0.0,0.0,0.0,Null,2020/2021,GLENMORE STREET,UPLAND ROAD,,Non-Injury Crash,No,2020,0.0,South,0.0,0,0.0,Null,0.0,,0.0,,0.0,Unknown,2152600,0,0.0,0.0,2.0,0.0,0.0,0.0,0.0,1.0,,0.0,0.0,Wellington Region,Nil,2-way,Sealed,0.0,0.0,0,0.0,50.0,0.0,Null,0.0,0.0,,47,Wellington City,Give way,0.0,0.0,0.0,0.0,0.0,0.0,Urban,1.0,0.0,0.0,Null,Null,1
66481894,,576100,0.0,,1.0,1.0,,Null,2021/2022,BUCKLEY ROAD,BANN STREET,,Minor Crash,No,2021,,North,,0,,Hill Road,,,,,,Bright sun,2194103,1,0.0,0.0,2.0,,,0.0,,,,,,Wellington Region,Nil,2-way,Sealed,,0.0,0,,50.0,,Off,0.0,0.0,,47,Wellington City,Nil,,,,,0.0,0.0,Urban,0.0,,,Fine,Null,1
66481897,,572500,0.0,,0.0,2.0,,Null,2020/2021,MAIN ROAD,THE DRIVE,,Non-Injury Crash,No,2021,,North,,0,,Flat,,,,,,Dark,1986300,0,0.0,0.0,2.0,,,0.0,,,,,,Wellington Region,Nil,2-way,Sealed,,0.0,0,,50.0,,On,0.0,0.0,,47,Wellington City,Give way,,,,,0.0,0.0,Urban,0.0,,,Fine,Null,1
66481902,,573700,0.0,,0.0,2.0,,Null,2020/2021,MOOREFIELD ROAD,JOHNSONVILLE ROAD,,Non-Injury Crash,No,2021,,South,,0,,Flat,,,,,,Overcast,2082300,0,0.0,0.0,2.0,,,0.0,,,,,,Wellington Region,Nil,2-way,Sealed,,0.0,0,,50.0,,Off,0.0,0.0,,47,Wellington City,Give way,,,,,0.0,0.0,Urban,0.0,,,Fine,Null,1
66481932,,575300,0.0,0.0,0.0,2.0,0.0,South,2021/2022,GLASGOW STREET,RAWHITI TERRACE,,Non-Injury Crash,No,2021,0.0,South,0.0,0,0.0,Hill Road,0.0,,0.0,,0.0,Bright sun,2154600,0,0.0,0.0,2.0,0.0,0.0,0.0,0.0,1.0,,0.0,0.0,Wellington Region,Nil,2-way,Sealed,0.0,0.0,0,0.0,50.0,0.0,Off,0.0,0.0,,47,Wellington City,Nil,0.0,0.0,0.0,0.0,0.0,0.0,Urban,0.0,0.0,0.0,Fine,Strong wind,1
66481942,,573101,0.0,0.0,0.0,0.0,0.0,Null,2020/2021,VICTORIA STREET,KARO DRIVE,,Non-Injury Crash,No,2021,0.0,South,0.0,0,0.0,Hill Road,0.0,,0.0,,0.0,Overcast,2132400,0,0.0,0.0,2.0,0.0,0.0,0.0,0.0,0.0,,0.0,0.0,Wellington Region,Nil,1-way,Sealed,0.0,0.0,0,0.0,30.0,0.0,Off,0.0,0.0,,47,Wellington City,Traffic Signals,0.0,1.0,0.0,0.0,1.0,0.0,Urban,0.0,0.0,0.0,Fine,Null,1
66481954,,576301,0.0,,0.0,2.0,,South,2020/2021,HANSON STREET,JOHN STREET,,Non-Injury Crash,No,2021,,North,,0,,Flat,,,,,,Bright sun,2163300,0,0.0,0.0,2.0,,,0.0,,,,,,Wellington Region,Speed hump,2-way,Sealed,,0.0,0,,50.0,,Off,0.0,0.0,,47,Wellington City,Nil,,,,,0.0,0.0,Urban,0.0,,,Fine,Null,1
66482009,,573525,0.0,0.0,0.0,1.0,0.0,North,2020/2021,JOHNSONVILLE PORIRUA MOTORWAY,TAWA-GRENADA NORTH OFF RAMP,,Minor Crash,Yes,2021,0.0,South,0.0,0,0.0,Flat,1.0,,0.0,,0.0,Dark,2053830,1,0.0,0.0,2.0,0.0,0.0,0.0,0.0,0.0,,0.0,0.0,Wellington Region,Nil,1-way,Sealed,0.0,0.0,0,0.0,100.0,0.0,None,0.0,0.0,,47,Wellington City,Pointsman,0.0,0.0,0.0,0.0,0.0,0.0,Open,0.0,0.0,0.0,Light rain,Null,1
66482086,,573101,0.0,0.0,1.0,0.0,0.0,South,2020/2021,TARANAKI STREET,COURTENAY PLACE,,Non-Injury Crash,No,2021,0.0,South,0.0,0,0.0,Flat,0.0,,0.0,,0.0,Dark,2133408,0,0.0,0.0,4.0,0.0,0.0,0.0,0.0,0.0,,0.0,1.0,Wellington Region,Nil,2-way,Sealed,0.0,0.0,0,0.0,30.0,0.0,On,0.0,0.0,,47,Wellington City,Nil,0.0,0.0,0.0,0.0,0.0,0.0,Urban,0.0,0.0,0.0,Fine,Strong wind,1
66482111,,573000,0.0,,0.0,1.0,,North,2020/2021,BOULCOTT STREET,ATHOL CRESCENT,,Non-Injury Crash,No,2020,,South,,0,,Hill Road,,,,,,Bright sun,2127700,0,0.0,0.0,2.0,,,0.0,,,1.0,,,Wellington Region,Nil,2-way,Sealed,,0.0,0,,30.0,,Off,0.0,0.0,,47,Wellington City,Nil,,,,,0.0,0.0,Urban,0.0,,,Fine,Null,1
66482131,,576200,1.0,,0.0,0.0,,Null,2021/2022,RINTOUL STREET,TE WHAREPOURI STREET,,Serious Crash,No,2021,,South,,0,,Hill Road,,,,,,Bright sun,2171500,0,0.0,0.0,2.0,,,0.0,,,,,,Wellington Region,Nil,2-way,Sealed,,0.0,1,,50.0,,Off,0.0,0.0,,47,Wellington City,Traffic Signals,,,,,0.0,0.0,Urban,0.0,,,Fine,Null,1
66482156,,576400,0.0,,0.0,2.0,,Null,2020/2021,OWEN STREET,MEIN STREET,,Non-Injury Crash,No,2021,,North,,0,,Null,,,,,,Unknown,2167700,0,0.0,0.0,2.0,,,0.0,,,,,,Wellington Region,Nil,2-way,Null,,0.0,0,,40.0,,Null,0.0,0.0,,47,Wellington City,Give way,,,,,0.0,0.0,Urban,0.0,,,Null,Null,1
66482237,,576400,0.0,,1.0,1.0,,South,2020/2021,RIDDIFORD STREET,HALL STREET,,Non-Injury Crash,No,2021,,North,,0,,Flat,,,,,,Dark,2166900,0,0.0,0.0,3.0,,,0.0,,,,,,Wellington Region,Nil,2-way,Sealed,,0.0,0,,40.0,,On,0.0,0.0,,47,Wellington City,Unknown,,,,,0.0,0.0,Urban,1.0,,,Light rain,Null,1
66482272,,576901,0.0,0.0,0.0,2.0,0.0,Null,2021/2022,MAHORA STREET,RONGOTAI ROAD,,Non-Injury Crash,No,2021,0.0,West,0.0,0,0.0,Flat,0.0,,0.0,,0.0,Dark,2178200,0,0.0,0.0,2.0,0.0,0.0,0.0,0.0,1.0,,0.0,0.0,Wellington Region,Nil,2-way,Sealed,0.0,0.0,0,0.0,50.0,0.0,On,0.0,0.0,,47,Wellington City,Give way,0.0,0.0,0.0,0.0,0.0,0.0,Urban,0.0,0.0,0.0,Fine,Null,1
66482328,,575000,0.0,,0.0,0.0,,Null,2020/2021,DONALD STREET,FIRTH TERRACE,,Minor Crash,No,2021,,South,,0,,Hill Road,,,,,,Bright sun,2112600,1,0.0,1.0,2.0,,,0.0,,,,,,Wellington Region,Nil,2-way,Sealed,,0.0,0,,50.0,,Off,0.0,0.0,,47,Wellington City,Nil,,,,,0.0,0.0,Urban,1.0,,,Fine,Null,1
66482343,,573300,0.0,,0.0,2.0,,Null,2021/2022,WALLACE STREET,BIDWILL STREET,,Minor Crash,No,2021,,North,,0,,Flat,,,,,,Dark,2145100,2,0.0,0.0,2.0,,,0.0,,,,,,Wellington Region,Nil,2-way,Sealed,,0.0,0,,50.0,,On,0.0,0.0,,47,Wellington City,Traffic Signals,,,,,0.0,0.0,Urban,0.0,,,Fine,Null,1
66482375,,573000,0.0,,0.0,2.0,,North,2020/2021,WELLINGTON URBAN MOTORWAY,NORTH PORTAL SBD,,Non-Injury Crash,Yes,2021,,South,,0,,Flat,,,,,,Unknown,2126700,0,0.0,0.0,1.0,,,0.0,,,,,,Wellington Region,Nil,1-way,Sealed,,0.0,0,,80.0,,Null,0.0,0.0,,47,Wellington City,Nil,,,,,0.0,0.0,Open,0.0,,,Heavy rain,Null,1
66482416,,575200,0.0,0.0,0.0,1.0,0.0,South,2020/2021,GARDEN ROAD,ORANGI KAUPAPA ROAD,,Non-Injury Crash,No,2021,0.0,North,0.0,0,0.0,Hill Road,0.0,Easter,0.0,,0.0,Unknown,2151500,0,0.0,0.0,2.0,0.0,0.0,0.0,0.0,1.0,,0.0,0.0,Wellington Region,Nil,2-way,Sealed,0.0,0.0,0,0.0,50.0,0.0,Null,0.0,0.0,,47,Wellington City,Nil,0.0,0.0,0.0,0.0,0.0,0.0,Urban,0.0,0.0,0.0,Null,Null,1