OBJECTID,advisorySpeed,areaUnitID,bicycle,bridge,bus,carStationWagon,cliffBank,crashDirectionDescription,crashFinancialYear,crashLocation1,crashLocation2,crashRoadSideRoad,crashSeverity,crashSHDescription,crashYear,debris,directionRoleDescription,ditch,fatalCount,fence,flatHill,guardRail,holiday,houseOrBuilding,intersection,kerb,light,meshblockId,minorInjuryCount,moped,motorcycle,NumberOfLanes,objectThrownOrDropped,otherObject,otherVehicleType,overBank,parkedVehicle,pedestrian,phoneBoxEtc,postOrPole,region,roadCharacter,roadLane,roadSurface,roadworks,schoolBus,seriousInjuryCount,slipOrFlood,speedLimit,strayAnimal,streetLight,suv,taxi,temporarySpeedLimit,tlaId,tlaName,trafficControl,trafficIsland,trafficSign,train,tree,truck,unknownVehicleType,urban,vanOrUtility,vehicle,waterRiver,weatherA,weatherB,if_pandemic
66482417,,577500,0.0,0.0,0.0,2.0,0.0,South,2020/2021,FALKIRK AVENUE,DUNDAS STREET,,Non-Injury Crash,No,2021,0.0,Null,0.0,0,0.0,Flat,0.0,,0.0,,0.0,Unknown,2211100,0,0.0,0.0,2.0,0.0,0.0,0.0,0.0,1.0,,0.0,0.0,Wellington Region,Nil,2-way,Sealed,0.0,0.0,0,0.0,50.0,0.0,Null,0.0,0.0,,47,Wellington City,Nil,0.0,0.0,0.0,0.0,0.0,0.0,Urban,0.0,0.0,0.0,Null,Null,1
66482424,,573000,0.0,0.0,0.0,1.0,0.0,West,2020/2021,DIXON STREET,WILLIS STREET,,Non-Injury Crash,No,2021,0.0,West,0.0,0,0.0,Hill Road,0.0,,0.0,,0.0,Overcast,2130700,0,0.0,0.0,2.0,0.0,0.0,0.0,0.0,1.0,,0.0,0.0,Wellington Region,Nil,2-way,Sealed,0.0,0.0,0,0.0,50.0,0.0,Null,1.0,0.0,,47,Wellington City,Nil,0.0,0.0,0.0,0.0,0.0,0.0,Urban,0.0,0.0,0.0,Null,Null,1
66482441,,573300,0.0,0.0,0.0,1.0,0.0,North,2019/2020,SUSSEX STREET,RUGBY STREET,,Non-Injury Crash,Yes,2020,0.0,North,0.0,0,0.0,Flat,0.0,,0.0,,0.0,Overcast,2145602,0,0.0,0.0,3.0,0.0,0.0,0.0,0.0,1.0,,0.0,0.0,Wellington Region,Nil,1-way,Sealed,0.0,0.0,0,0.0,50.0,0.0,Off,1.0,0.0,,47,Wellington City,Nil,0.0,0.0,0.0,0.0,0.0,0.0,Urban,0.0,0.0,0.0,Light rain,Null,1
66482479,,572900,0.0,,0.0,1.0,,North,2021/2022,THORNDON QUAY,DAVIS STREET,,Serious Crash,No,2021,,South,,0,,Flat,,,,,,Overcast,2118400,0,0.0,0.0,2.0,,,0.0,,,1.0,,,Wellington Region,Nil,2-way,Sealed,,0.0,1,,50.0,,Off,0.0,0.0,,47,Wellington City,Nil,,,,,0.0,0.0,Urban,0.0,,,Fine,Null,1
66482496,,573000,0.0,1.0,0.0,1.0,0.0,South,2021/2022,WELLINGTON URBAN MOTORWAY,SOUTH PORTAL,,Non-Injury Crash,Yes,2021,0.0,North,0.0,0,0.0,Hill Road,0.0,,0.0,,0.0,Overcast,2129600,0,0.0,0.0,2.0,0.0,0.0,0.0,0.0,0.0,,0.0,0.0,Wellington Region,Underpass,1-way,Sealed,0.0,0.0,0,0.0,70.0,0.0,Off,0.0,0.0,,47,Wellington City,Nil,0.0,0.0,0.0,0.0,1.0,0.0,Urban,0.0,0.0,0.0,Fine,Null,1
66482522,,574002,0.0,,0.0,1.0,,South,2020/2021,HUTT ROAD,NGAURANGA ON NBD OBR,,Non-Injury Crash,Yes,2020,,North,,0,,Flat,,,,,,Unknown,2078302,0,0.0,0.0,2.0,,,0.0,,,,,,Wellington Region,Nil,1-way,Sealed,,0.0,0,,100.0,,Null,0.0,0.0,,47,Wellington City,Nil,,,,,0.0,0.0,Open,0.0,,,Null,Null,1
66482527,,573400,0.0,0.0,0.0,2.0,0.0,North,2021/2022,BROUGHAM STREET,ELIZABETH STREET,,Non-Injury Crash,No,2021,0.0,South,0.0,0,0.0,Hill Road,0.0,,0.0,,1.0,Unknown,2140400,0,0.0,0.0,2.0,0.0,0.0,0.0,0.0,2.0,,0.0,0.0,Wellington Region,Nil,2-way,Sealed,0.0,0.0,0,0.0,50.0,0.0,Null,0.0,0.0,,47,Wellington City,Nil,0.0,0.0,0.0,0.0,0.0,0.0,Urban,0.0,0.0,0.0,Null,Null,1
66482529,,573522,0.0,,0.0,1.0,,South,2020/2021,JOHNSONVILLE PORIRUA MOTORWAY,TAWA-GRENADA NORTH ON RAMP,,Non-Injury Crash,Yes,2020,,South,,0,,Flat,,,,,,Unknown,2053703,0,0.0,0.0,2.0,,,0.0,,,,,,Wellington Region,Nil,1-way,Sealed,,0.0,0,,100.0,,Null,0.0,0.0,,47,Wellington City,Nil,,,,,1.0,0.0,Open,0.0,,,Null,Null,1
66482561,,574302,1.0,,0.0,0.0,,Null,2021/2022,NICHOLSON ROAD,AGRA CRESCENT,,Serious Crash,No,2021,,West,,0,,Hill Road,,,,,,Overcast,2092700,1,0.0,0.0,2.0,,,0.0,,,1.0,,,Wellington Region,Nil,2-way,Sealed,,0.0,1,,50.0,,Off,0.0,0.0,,47,Wellington City,Give way,,,,,0.0,0.0,Urban,0.0,,,Fine,Null,1
66482566,,574303,0.0,,0.0,2.0,,North,2020/2021,CENTENNIAL HIGHWAY,TYERS ROAD,,Non-Injury Crash,Yes,2021,,North,,0,,Hill Road,,,,,,Bright sun,2088705,0,0.0,0.0,3.0,,,0.0,,,,,,Wellington Region,Nil,1-way,Sealed,,0.0,0,,100.0,,Off,0.0,0.0,,47,Wellington City,Nil,,,,,0.0,0.0,Open,0.0,,,Fine,Frost,1
66482570,,573600,0.0,0.0,0.0,1.0,0.0,Null,2020/2021,CUNLIFFE STREET,OHARIU ROAD,,Non-Injury Crash,No,2020,0.0,North,0.0,0,0.0,Flat,0.0,,1.0,,0.0,Bright sun,2080100,0,0.0,0.0,2.0,0.0,0.0,0.0,0.0,0.0,,0.0,0.0,Wellington Region,Nil,2-way,Sealed,0.0,0.0,0,0.0,50.0,0.0,Off,0.0,0.0,,47,Wellington City,Nil,0.0,0.0,0.0,0.0,0.0,0.0,Urban,0.0,0.0,0.0,Fine,Null,1
66482606,,573903,0.0,0.0,0.0,1.0,0.0,South,2020/2021,EVESHAM PLACE,CHELTENHAM TERRACE,,Non-Injury Crash,No,2021,0.0,North,0.0,0,0.0,Hill Road,0.0,,0.0,,0.0,Unknown,2075101,0,0.0,0.0,2.0,0.0,0.0,0.0,0.0,1.0,,0.0,0.0,Wellington Region,Nil,2-way,Sealed,0.0,0.0,0,0.0,50.0,0.0,Null,0.0,0.0,,47,Wellington City,Nil,0.0,0.0,0.0,0.0,0.0,0.0,Urban,1.0,0.0,0.0,Null,Null,1
66482621,,572900,0.0,,0.0,1.0,,North,2021/2022,WATERLOO QUAY,OLD RLY XING,,Serious Crash,No,2021,,North,,0,,Flat,,,,,,Overcast,2118400,0,0.0,1.0,4.0,,,0.0,,,,,,Wellington Region,Nil,2-way,Sealed,,0.0,1,,50.0,,Off,0.0,0.0,,47,Wellington City,Nil,,,,,0.0,0.0,Urban,0.0,,,Fine,Null,1
66482632,,574304,0.0,,0.0,1.0,,North,2020/2021,BURMA ROAD,RANGOON STREET,,Non-Injury Crash,No,2021,,South,,0,,Hill Road,,,,,,Bright sun,2088800,0,0.0,0.0,2.0,,,0.0,,,,,,Wellington Region,Nil,2-way,Sealed,,0.0,0,,50.0,,Off,1.0,0.0,,47,Wellington City,Nil,,,,,0.0,0.0,Urban,0.0,,,Fine,Null,1
66482642,,573101,0.0,,0.0,1.0,,North,2020/2021,KENT TERRACE,BASIN TURN,,Non-Injury Crash,Yes,2020,,South,,0,,Flat,,,,,,Bright sun,2137000,0,0.0,0.0,3.0,,,0.0,,,,,,Wellington Region,Nil,1-way,Sealed,,0.0,0,,50.0,,Off,0.0,0.0,,47,Wellington City,Unknown,,,,,0.0,0.0,Urban,1.0,,,Fine,Null,1
66482647,,576100,0.0,0.0,0.0,1.0,0.0,North,2020/2021,QUEENS DRIVE,HUNGERFORD ROAD,,Non-Injury Crash,No,2021,0.0,South,0.0,0,0.0,Flat,0.0,,0.0,,0.0,Dark,2195601,0,0.0,0.0,2.0,0.0,0.0,0.0,0.0,0.0,,0.0,1.0,Wellington Region,Nil,2-way,Sealed,0.0,0.0,0,0.0,50.0,0.0,On,0.0,0.0,,47,Wellington City,Nil,0.0,0.0,0.0,0.0,0.0,0.0,Urban,0.0,0.0,0.0,Heavy rain,Strong wind,1
66482648,,573101,0.0,0.0,0.0,0.0,0.0,North,2020/2021,CUBA STREET,ABEL SMITH STREET,,Non-Injury Crash,No,2021,0.0,South,0.0,0,0.0,Flat,0.0,,0.0,,0.0,Unknown,2132300,0,0.0,0.0,2.0,0.0,0.0,0.0,0.0,1.0,,0.0,0.0,Wellington Region,Nil,2-way,Sealed,0.0,0.0,0,0.0,30.0,0.0,Null,1.0,0.0,,47,Wellington City,Nil,0.0,0.0,0.0,0.0,1.0,0.0,Urban,0.0,0.0,0.0,Null,Null,1
66482653,,576500,0.0,0.0,0.0,4.0,0.0,East,2020/2021,MEIN STREET,DANIELL STREET,,Non-Injury Crash,No,2020,0.0,East,0.0,0,0.0,Hill Road,0.0,,0.0,,0.0,Overcast,2149200,0,0.0,0.0,2.0,0.0,0.0,0.0,0.0,2.0,,0.0,0.0,Wellington Region,Nil,2-way,Sealed,0.0,0.0,0,0.0,40.0,0.0,Off,0.0,0.0,,47,Wellington City,Nil,0.0,0.0,0.0,0.0,0.0,0.0,Urban,0.0,0.0,0.0,Light rain,Null,1
66482676,,577102,0.0,0.0,0.0,3.0,0.0,North,2020/2021,GLAMIS AVENUE,KINGHORNE STREET,,Non-Injury Crash,No,2021,0.0,South,0.0,0,0.0,Flat,0.0,,0.0,,0.0,Bright sun,2214600,0,0.0,0.0,2.0,0.0,0.0,0.0,0.0,1.0,,0.0,0.0,Wellington Region,Nil,2-way,Sealed,0.0,0.0,0,0.0,50.0,0.0,None,0.0,0.0,,47,Wellington City,Nil,0.0,0.0,0.0,0.0,0.0,0.0,Urban,0.0,0.0,0.0,Fine,Null,1
66482685,,572900,0.0,0.0,0.0,3.0,0.0,North,2020/2021,WELLINGTON URBAN MOTORWAY,HOBSON ST OBR NBD,,Non-Injury Crash,Yes,2020,0.0,North,0.0,0,1.0,Flat,0.0,,0.0,,0.0,Dark,2118400,0,0.0,0.0,3.0,0.0,0.0,0.0,0.0,0.0,,1.0,0.0,Wellington Region,Nil,1-way,Sealed,0.0,0.0,0,1.0,100.0,0.0,On,0.0,0.0,,47,Wellington City,Nil,0.0,0.0,0.0,0.0,0.0,0.0,Open,0.0,0.0,0.0,Light rain,Null,1
66482704,,574002,0.0,0.0,0.0,0.0,0.0,North,2020/2021,CENTENNIAL HIGHWAY,CENTENNIAL HIGHWAY ON RAMP,,Non-Injury Crash,No,2021,0.0,North,0.0,0,0.0,Flat,0.0,,0.0,,0.0,Overcast,2078302,0,0.0,0.0,1.0,0.0,0.0,0.0,0.0,0.0,,0.0,1.0,Wellington Region,Overpass,1-way,Sealed,0.0,0.0,0,0.0,80.0,0.0,Off,0.0,0.0,,47,Wellington City,Nil,0.0,0.0,0.0,0.0,0.0,0.0,Open,1.0,0.0,0.0,Fine,Null,1
66482722,,576301,0.0,,0.0,2.0,,Null,2020/2021,ADELAIDE ROAD,HALL STREET,,Non-Injury Crash,No,2020,,North,,0,,Hill Road,,,,,,Dark,2164600,0,0.0,0.0,2.0,,,0.0,,,,,,Wellington Region,Nil,2-way,Sealed,,0.0,0,,50.0,,On,0.0,0.0,,47,Wellington City,Traffic Signals,,,,,0.0,0.0,Urban,0.0,,,Light rain,Null,1
66482734,,573526,0.0,,0.0,2.0,,South,2021/2022,HUTT ROAD,WEIGH PIT,,Non-Injury Crash,Yes,2021,,North,,0,,Flat,,,,,,Overcast,2077503,0,0.0,0.0,2.0,,,0.0,,,,,,Wellington Region,Nil,1-way,Sealed,,0.0,0,,100.0,,Off,0.0,0.0,,47,Wellington City,Unknown,,,,,0.0,0.0,Open,0.0,,,Fine,Null,1
66482774,,576800,1.0,,0.0,1.0,,Null,2021/2022,TAURIMA STREET,MOXHAM AVENUE,,Minor Crash,No,2021,,East,,0,,Hill Road,,,,,,Dark,2181900,1,0.0,0.0,2.0,,,0.0,,,,,,Wellington Region,Nil,2-way,Sealed,,0.0,0,,30.0,,On,0.0,1.0,,47,Wellington City,Give way,,,,,0.0,0.0,Urban,0.0,,,Fine,Null,1
66482788,,574402,0.0,0.0,0.0,2.0,0.0,Null,2021/2022,COCKAYNE ROAD,MYSORE STREET,,Non-Injury Crash,No,2022,0.0,West,0.0,0,0.0,Hill Road,0.0,,0.0,,0.0,Dark,2096200,0,0.0,0.0,2.0,0.0,0.0,0.0,1.0,1.0,,0.0,0.0,Wellington Region,Nil,2-way,Sealed,0.0,0.0,0,0.0,50.0,0.0,On,0.0,0.0,,47,Wellington City,Give way,0.0,0.0,0.0,1.0,0.0,0.0,Urban,0.0,0.0,0.0,Fine,Null,0
66482829,,573000,0.0,0.0,0.0,1.0,0.0,North,2020/2021,WELLINGTON URBAN MOTORWAY,EVERTON OBR,,Non-Injury Crash,Yes,2020,0.0,North,0.0,0,0.0,Flat,1.0,,0.0,,0.0,Dark,2126100,0,0.0,0.0,2.0,0.0,0.0,0.0,0.0,0.0,,0.0,0.0,Wellington Region,Nil,1-way,Sealed,0.0,0.0,0,0.0,100.0,0.0,On,0.0,0.0,,47,Wellington City,Nil,0.0,0.0,0.0,0.0,0.0,0.0,Open,0.0,0.0,0.0,Fine,Null,1
66482843,,576903,0.0,,0.0,2.0,,Null,2020/2021,WELLINGTON ROAD,MOXHAM AVENUE,,Non-Injury Crash,Yes,2021,,East,,0,,Hill Road,,,,,,Overcast,2180602,0,0.0,0.0,2.0,,,0.0,,,,,,Wellington Region,Nil,2-way,Sealed,,0.0,0,,50.0,,Off,0.0,0.0,30.0,47,Wellington City,Give way,,,,,0.0,0.0,Urban,0.0,,,Fine,Null,1
66482890,,573101,0.0,,0.0,2.0,,East,2020/2021,WAKEFIELD STREET,VICTORIA STREET,,Non-Injury Crash,No,2020,,East,,0,,Flat,,,,,,Overcast,2130900,0,0.0,0.0,2.0,,,0.0,,,,,,Wellington Region,Nil,2-way,Sealed,,0.0,0,,50.0,,Off,0.0,0.0,,47,Wellington City,Unknown,,,,,0.0,0.0,Urban,0.0,,,Fine,Null,1
66482918,,573000,0.0,,0.0,0.0,,North,2020/2021,WILLIS STREET,GHUZNEE STREET,,Non-Injury Crash,No,2021,,North,,0,,Hill Road,,,,,,Unknown,2130700,0,0.0,0.0,2.0,,,0.0,,,,,,Wellington Region,Nil,2-way,Sealed,,0.0,0,,30.0,,Null,1.0,0.0,,47,Wellington City,Unknown,,,,,0.0,0.0,Urban,0.0,,,Null,Null,1
66482949,,574304,0.0,,0.0,0.0,,North,2020/2021,BURMA ROAD,KOHIMA DRIVE,,Non-Injury Crash,No,2020,,North,,0,,Flat,,,,,,Overcast,2088800,0,0.0,0.0,2.0,,,0.0,,,,,,Wellington Region,Nil,2-way,Sealed,,0.0,0,,50.0,,Off,2.0,0.0,,47,Wellington City,Nil,,,,,0.0,0.0,Urban,0.0,,,Fine,Null,1
66482950,,573000,0.0,,0.0,1.0,,South,2020/2021,WELLINGTON URBAN MOTORWAY,NORTH PORTAL SBD,,Non-Injury Crash,Yes,2020,,South,,0,,Flat,,Labour Weekend,,,,Bright sun,2126900,0,0.0,0.0,1.0,,,0.0,,,,,,Wellington Region,Tunnel,2-way,Sealed,,0.0,0,,70.0,,Off,0.0,0.0,,47,Wellington City,Unknown,,,,,0.0,0.0,Urban,1.0,,,Fine,Null,1
66482976,,573700,0.0,0.0,1.0,1.0,0.0,South,2020/2021,JOHNSONVILLE ROAD,HAWEA STREET,,Non-Injury Crash,No,2020,0.0,North,0.0,0,0.0,Null,0.0,,0.0,,0.0,Unknown,2082800,0,0.0,0.0,2.0,0.0,0.0,0.0,0.0,1.0,,0.0,0.0,Wellington Region,Nil,2-way,Null,0.0,0.0,0,0.0,50.0,0.0,Null,0.0,0.0,,47,Wellington City,Nil,0.0,0.0,0.0,0.0,0.0,0.0,Urban,0.0,0.0,0.0,Null,Null,1
66482981,,576901,0.0,0.0,1.0,1.0,0.0,East,2020/2021,RONGOTAI ROAD,SALEK STREET,,Non-Injury Crash,No,2021,0.0,East,0.0,0,0.0,Flat,0.0,Queens Birthday,0.0,,0.0,Dark,2175800,0,0.0,0.0,2.0,0.0,0.0,0.0,0.0,0.0,,0.0,0.0,Wellington Region,Nil,2-way,Sealed,0.0,0.0,0,0.0,50.0,0.0,On,0.0,1.0,,47,Wellington City,Nil,0.0,0.0,0.0,0.0,0.0,0.0,Urban,0.0,1.0,0.0,Null,Null,1
66482994,,576800,0.0,,0.0,0.0,,North,2020/2021,EVANS BAY PARADE,RATA ROAD,,Minor Crash,No,2021,,West,,0,,Flat,,,,,,Bright sun,2182503,1,0.0,0.0,2.0,,,0.0,,,1.0,,,Wellington Region,Nil,2-way,Sealed,,0.0,0,,50.0,,Off,0.0,0.0,,47,Wellington City,Nil,,,,,0.0,0.0,Urban,1.0,,,Fine,Null,1
66482995,,577700,0.0,,0.0,2.0,,North,2020/2021,TAKARAU GORGE ROAD,MAKARA ROAD,,Non-Injury Crash,No,2021,,South,,0,,Flat,,,,,,Bright sun,2116500,0,0.0,0.0,2.0,,,0.0,,,,,,Wellington Region,Nil,2-way,Sealed,,0.0,0,,60.0,,Off,0.0,0.0,,47,Wellington City,Nil,,,,,0.0,0.0,Urban,0.0,,,Fine,Null,1
66483013,,575702,0.0,0.0,1.0,1.0,0.0,South,2020/2021,MCCOLL STREET,KRULL STREET,,Non-Injury Crash,No,2021,0.0,South,0.0,0,0.0,Hill Road,0.0,,0.0,,0.0,Unknown,2199200,0,0.0,0.0,2.0,0.0,0.0,0.0,0.0,1.0,,0.0,0.0,Wellington Region,Nil,2-way,Sealed,0.0,0.0,0,0.0,50.0,0.0,Null,0.0,0.0,,47,Wellington City,Unknown,0.0,0.0,0.0,0.0,0.0,0.0,Urban,0.0,0.0,0.0,Null,Null,1
66483034,,573101,0.0,,0.0,1.0,,Null,2020/2021,TARANAKI STREET,BUCKLE STREET,,Non-Injury Crash,No,2021,,South,,0,,Flat,,,,,,Unknown,2134700,0,0.0,0.0,5.0,,,0.0,,,,,,Wellington Region,Nil,2-way,Sealed,,0.0,0,,50.0,,Null,0.0,0.0,,47,Wellington City,Traffic Signals,,,,,1.0,0.0,Urban,0.0,,,Null,Null,1
66483046,,574600,0.0,,0.0,1.0,,East,2021/2022,LENNEL ROAD,UPPER WATT STREET,,Minor Crash,No,2021,,West,,0,,Hill Road,,,,,,Overcast,2099400,1,0.0,0.0,2.0,,,0.0,,,,,,Wellington Region,Nil,2-way,Sealed,,0.0,0,,50.0,,Off,1.0,0.0,,47,Wellington City,Nil,,,,,0.0,0.0,Urban,0.0,,,Mist or Fog,Null,1
66483063,,573101,0.0,,0.0,1.0,,Null,2020/2021,WAKEFIELD STREET,CAMBRIDGE TERRACE,,Non-Injury Crash,No,2021,,West,,0,,Flat,,,,,,Bright sun,2135500,0,0.0,0.0,3.0,,,0.0,,,,,,Wellington Region,Nil,1-way,Sealed,,0.0,0,,50.0,,Off,1.0,0.0,,47,Wellington City,Nil,,,,,0.0,0.0,Urban,0.0,,,Fine,Null,1
66483095,,573000,0.0,,0.0,1.0,,South,2020/2021,WELLINGTON URBAN MOTORWAY,EVERTON OBR,,Non-Injury Crash,Yes,2021,,South,,0,,Flat,,,,,,Bright sun,2126700,0,0.0,0.0,1.0,,,0.0,,,,,,Wellington Region,Nil,1-way,Sealed,,0.0,0,,100.0,,Off,0.0,0.0,60.0,47,Wellington City,Nil,,,,,0.0,0.0,Open,1.0,,,Fine,Frost,1
66483097,,577400,1.0,,0.0,0.0,,East,2020/2021,MARINE PARADE,AWA ROAD,,Serious Crash,No,2020,,South,,0,,Flat,,,,,,Bright sun,2209900,0,0.0,0.0,2.0,,,0.0,,,,,,Wellington Region,Nil,2-way,Sealed,,0.0,1,,40.0,,None,1.0,0.0,,47,Wellington City,Nil,,,,,0.0,0.0,Urban,0.0,,,Fine,Null,1
66483127,,573000,0.0,0.0,1.0,0.0,0.0,Null,2020/2021,LAMBTON QUAY,BOWEN STREET,,Non-Injury Crash,No,2020,0.0,North,0.0,0,0.0,Flat,0.0,,0.0,,0.0,Bright sun,2123700,0,0.0,0.0,2.0,0.0,0.0,0.0,0.0,1.0,,0.0,0.0,Wellington Region,Nil,1-way,Sealed,0.0,0.0,0,0.0,30.0,0.0,Off,0.0,0.0,,47,Wellington City,Traffic Signals,0.0,0.0,0.0,0.0,0.0,0.0,Urban,1.0,0.0,0.0,Fine,Null,1
66483135,,573522,0.0,,0.0,2.0,,South,2020/2021,JOHNSONVILLE PORIRUA MOTORWAY,TAWA-GRENADA NORTH ON RAMP,,Minor Crash,Yes,2021,,South,,0,,Flat,,,,,,Overcast,2086311,1,0.0,0.0,2.0,,,0.0,,,,,,Wellington Region,Nil,1-way,Sealed,,0.0,0,,100.0,,On,1.0,0.0,,47,Wellington City,Nil,,,,,0.0,0.0,Open,2.0,,,Fine,Null,1
66483144,,573400,0.0,,0.0,1.0,,South,2021/2022,KENT TERRACE,PIRIE STREET,,Minor Crash,Yes,2021,,South,,0,,Flat,,,,,,Overcast,2143400,1,0.0,0.0,3.0,,,0.0,,,2.0,,,Wellington Region,Nil,1-way,Sealed,,0.0,0,,50.0,,Off,0.0,1.0,,47,Wellington City,Nil,,,,,0.0,0.0,Urban,0.0,,,Fine,Null,1
66483146,,574002,0.0,,0.0,2.0,,South,2020/2021,CENTENNIAL HIGHWAY,NEWLANDS ON RAMP,,Minor Crash,Yes,2021,,South,,0,,Hill Road,,,,,,Overcast,2078304,1,0.0,0.0,3.0,,,0.0,,,,,,Wellington Region,Nil,1-way,Sealed,,0.0,0,,80.0,,Off,0.0,0.0,,47,Wellington City,Nil,,,,,0.0,0.0,Open,1.0,,,Heavy rain,Null,1
66483157,,573200,0.0,,0.0,2.0,,East,2021/2022,BROOKLYN ROAD,OHIRO ROAD,,Minor Crash,No,2021,,West,,0,,Hill Road,,,,,,Bright sun,2159300,1,0.0,0.0,2.0,,,0.0,,,,,,Wellington Region,Nil,2-way,Sealed,,0.0,0,,50.0,,Off,0.0,0.0,30.0,47,Wellington City,Pointsman,,,,,1.0,0.0,Urban,0.0,,,Fine,Null,1
66483196,,573526,0.0,,0.0,4.0,,South,2021/2022,HUTT ROAD,WEIGH PIT,,Non-Injury Crash,Yes,2021,,South,,0,,Flat,,,,,,Overcast,2077503,0,0.0,0.0,2.0,,,0.0,,,,,,Wellington Region,Nil,1-way,Sealed,,0.0,0,,100.0,,Off,1.0,0.0,,47,Wellington City,Nil,,,,,0.0,0.0,Open,0.0,,,Fine,Null,1
66483202,,573700,0.0,,0.0,0.0,,North,2020/2021,JOHNSONVILLE ROAD,NORMAN LANE,,Minor Crash,No,2021,,North,,0,,Flat,,,,,,Bright sun,2082800,1,0.0,0.0,2.0,,,0.0,,,1.0,,,Wellington Region,Nil,2-way,Sealed,,0.0,0,,50.0,,Off,1.0,0.0,,47,Wellington City,Nil,,,,,0.0,0.0,Urban,0.0,,,Fine,Null,1
66483207,,576903,0.0,,0.0,0.0,,South,2020/2021,WELLINGTON ROAD,RUAHINE STREET,,Non-Injury Crash,No,2020,,South,,0,,Hill Road,,,,,,Bright sun,2180400,0,0.0,0.0,2.0,,,0.0,,,,,,Wellington Region,Nil,2-way,Sealed,,0.0,0,,50.0,,Off,1.0,0.0,,47,Wellington City,Nil,,,,,0.0,0.0,Urban,0.0,,,Null,Null,1
66483218,,574900,0.0,,0.0,0.0,,East,2020/2021,KARORI ROAD,RICHMOND AVENUE,,Non-Injury Crash,No,2020,,West,,0,,Flat,,,,,,Bright sun,2109900,0,1.0,0.0,2.0,,,0.0,,,,,,Wellington Region,Nil,2-way,Sealed,,0.0,0,,50.0,,Off,1.0,0.0,,47,Wellington City,Unknown,,,,,0.0,0.0,Urban,0.0,,,Fine,Null,1
66483273,,574500,0.0,0.0,0.0,1.0,0.0,West,2020/2021,HUTT ROAD,RANGIORA AVENUE,,Non-Injury Crash,No,2020,0.0,East,0.0,0,0.0,Flat,0.0,,0.0,,0.0,Dark,2093400,0,0.0,0.0,4.0,0.0,0.0,0.0,0.0,1.0,,0.0,0.0,Wellington Region,Nil,2-way,Sealed,0.0,0.0,0,0.0,60.0,0.0,On,1.0,0.0,,47,Wellington City,Nil,0.0,0.0,0.0,0.0,0.0,0.0,Urban,0.0,0.0,0.0,Light rain,Null,1
66483298,,577102,0.0,0.0,0.0,0.0,0.0,East,2020/2021,AHURIRI STREET,WHAREKAURI STREET,,Non-Injury Crash,No,2020,0.0,East,0.0,0,0.0,Flat,0.0,,0.0,,0.0,Dark,2216100,0,0.0,0.0,2.0,0.0,0.0,0.0,0.0,1.0,,0.0,0.0,Wellington Region,Nil,2-way,Sealed,0.0,0.0,0,0.0,50.0,0.0,On,2.0,0.0,,47,Wellington City,Nil,0.0,0.0,0.0,0.0,0.0,0.0,Urban,0.0,0.0,0.0,Light rain,Strong wind,1
66483301,,573600,0.0,0.0,0.0,1.0,1.0,Null,2020/2021,ANGELL STREET,BASSETT ROAD,,Non-Injury Crash,No,2021,0.0,East,0.0,0,0.0,Flat,0.0,,0.0,,0.0,Dark,2080900,0,0.0,0.0,2.0,0.0,0.0,0.0,0.0,0.0,,0.0,0.0,Wellington Region,Nil,2-way,Sealed,0.0,0.0,0,0.0,50.0,0.0,On,0.0,0.0,,47,Wellington City,Give way,0.0,0.0,0.0,0.0,0.0,0.0,Urban,0.0,0.0,0.0,Fine,Null,1
66483309,,572701,0.0,0.0,0.0,1.0,0.0,North,2021/2022,JOHNSONVILLE PORIRUA MOTORWAY,TRANSMISSION GULLY MOTORWAY,,Non-Injury Crash,Yes,2021,0.0,North,0.0,0,0.0,Hill Road,1.0,,0.0,,0.0,Dark,1995700,0,0.0,0.0,2.0,0.0,0.0,0.0,0.0,0.0,,0.0,0.0,Wellington Region,Nil,1-way,Sealed,0.0,0.0,0,0.0,100.0,0.0,On,0.0,0.0,,47,Wellington City,Nil,0.0,0.0,0.0,0.0,0.0,0.0,Open,0.0,0.0,0.0,Fine,Null,1
66483343,,574302,1.0,,0.0,1.0,,North,2020/2021,HUTT ROAD,RANGIORA AVENUE,,Minor Crash,No,2021,,East,,0,,Flat,,,,,,Bright sun,2090700,1,0.0,0.0,4.0,,,0.0,,,,,,Wellington Region,Nil,2-way,Sealed,,0.0,0,,60.0,,Off,0.0,0.0,,47,Wellington City,Nil,,,,,0.0,0.0,Urban,0.0,,,Fine,Null,1
66483345,,577400,0.0,0.0,0.0,2.0,0.0,South,2020/2021,KARAKA BAY ROAD,FORTIFICATION ROAD,,Non-Injury Crash,No,2021,0.0,East,0.0,0,0.0,Flat,0.0,,0.0,,0.0,Bright sun,2209400,0,0.0,0.0,2.0,0.0,0.0,0.0,0.0,1.0,,0.0,0.0,Wellington Region,Nil,2-way,Sealed,0.0,0.0,0,0.0,50.0,0.0,Off,0.0,0.0,,47,Wellington City,Unknown,0.0,0.0,0.0,0.0,0.0,0.0,Urban,0.0,0.0,0.0,Null,Null,1
66483363,,572900,0.0,,0.0,2.0,,Null,2021/2022,BOWEN STREET,THE TERRACE,,Non-Injury Crash,No,2021,,West,,0,,Hill Road,,,,,,Overcast,2122400,0,0.0,0.0,4.0,,,0.0,,,,,,Wellington Region,Nil,2-way,Sealed,,0.0,0,,50.0,,Off,0.0,1.0,,47,Wellington City,Traffic Signals,,,,,0.0,0.0,Urban,0.0,,,Light rain,Null,1