OBJECTID,advisorySpeed,areaUnitID,bicycle,bridge,bus,carStationWagon,cliffBank,crashDirectionDescription,crashFinancialYear,crashLocation1,crashLocation2,crashRoadSideRoad,crashSeverity,crashSHDescription,crashYear,debris,directionRoleDescription,ditch,fatalCount,fence,flatHill,guardRail,holiday,houseOrBuilding,intersection,kerb,light,meshblockId,minorInjuryCount,moped,motorcycle,NumberOfLanes,objectThrownOrDropped,otherObject,otherVehicleType,overBank,parkedVehicle,pedestrian,phoneBoxEtc,postOrPole,region,roadCharacter,roadLane,roadSurface,roadworks,schoolBus,seriousInjuryCount,slipOrFlood,speedLimit,strayAnimal,streetLight,suv,taxi,temporarySpeedLimit,tlaId,tlaName,trafficControl,trafficIsland,trafficSign,train,tree,truck,unknownVehicleType,urban,vanOrUtility,vehicle,waterRiver,weatherA,weatherB,if_pandemic
66486057,,573511,0.0,0.0,0.0,1.0,0.0,North,2020/2021,MIDDLETON ROAD,ROWELLS ROAD,,Minor Crash,No,2020,0.0,South,0.0,0,0.0,Flat,0.0,,0.0,,0.0,Overcast,2086203,1,0.0,0.0,1.0,0.0,0.0,0.0,0.0,0.0,,0.0,1.0,Wellington Region,Nil,2-way,Sealed,0.0,0.0,0,0.0,70.0,0.0,None,0.0,0.0,,47,Wellington City,Unknown,0.0,0.0,0.0,0.0,0.0,0.0,Urban,0.0,0.0,0.0,Fine,Strong wind,1
66486135,,576700,0.0,0.0,0.0,0.0,0.0,South,2020/2021,EVANS BAY PARADE,RPNYC START BOX,,Non-Injury Crash,No,2020,0.0,North,0.0,0,0.0,Null,0.0,,0.0,,0.0,Dark,2186500,0,0.0,0.0,2.0,0.0,0.0,0.0,0.0,1.0,,0.0,0.0,Wellington Region,Nil,2-way,Sealed,0.0,0.0,0,0.0,50.0,0.0,Null,0.0,0.0,,47,Wellington City,Nil,0.0,0.0,0.0,0.0,0.0,0.0,Urban,1.0,0.0,0.0,Fine,Null,1
66486215,,573523,0.0,,0.0,1.0,,Null,2021/2022,MARK AVENUE,GUADELOUPE CRESCENT,,Minor Crash,No,2021,,East,,0,,Flat,,,,,,Overcast,2086310,2,0.0,1.0,2.0,,,0.0,,,,,,Wellington Region,Nil,2-way,Sealed,,0.0,0,,50.0,,Off,0.0,0.0,,47,Wellington City,Nil,,,,,0.0,0.0,Urban,0.0,,,Fine,Null,1
66486247,,572500,0.0,0.0,0.0,1.0,1.0,East,2020/2021,NUFFIELD STREET,ST CATHERINES TERRACE,,Non-Injury Crash,No,2021,0.0,West,0.0,0,0.0,Hill Road,0.0,,0.0,,0.0,Dark,1987500,0,0.0,0.0,2.0,0.0,0.0,0.0,0.0,0.0,,0.0,0.0,Wellington Region,Nil,2-way,Sealed,0.0,0.0,0,0.0,50.0,0.0,On,0.0,0.0,,47,Wellington City,Nil,0.0,0.0,0.0,0.0,0.0,0.0,Urban,0.0,0.0,0.0,Fine,Null,1
66486289,,573101,1.0,,0.0,0.0,,South,2020/2021,CAMBRIDGE TERRACE,BASIN TURN,,Non-Injury Crash,No,2020,,North,,0,,Null,,,,,,Bright sun,2137000,0,0.0,0.0,3.0,,,0.0,,,,,,Wellington Region,Nil,1-way,Sealed,,0.0,0,,50.0,,Null,0.0,0.0,,47,Wellington City,Isolated Pedestrian signal (non-intersection),,,,,0.0,1.0,Urban,0.0,,,Fine,Null,1
66486324,,573101,0.0,,0.0,2.0,,Null,2020/2021,KENT TERRACE,CAMBRIDGE TERRACE,,Non-Injury Crash,No,2021,,South,,0,,Flat,,,,,,Dark,2135700,0,0.0,0.0,8.0,,,0.0,,,,,,Wellington Region,Nil,2-way,Sealed,,0.0,0,,50.0,,On,0.0,0.0,,47,Wellington City,Traffic Signals,,,,,0.0,0.0,Urban,0.0,,,Fine,Null,1
66486328,,575200,0.0,0.0,0.0,2.0,0.0,Null,2020/2021,GLENMORE STREET,GARDEN ROAD,,Non-Injury Crash,No,2020,0.0,South,0.0,0,0.0,Hill Road,0.0,,0.0,,0.0,Dark,2151500,0,0.0,0.0,2.0,0.0,0.0,0.0,0.0,1.0,,0.0,0.0,Wellington Region,Nil,2-way,Sealed,0.0,0.0,0,0.0,50.0,0.0,On,0.0,0.0,,47,Wellington City,Give way,0.0,0.0,0.0,0.0,0.0,0.0,Urban,0.0,0.0,0.0,Fine,Null,1
66486336,,573000,0.0,0.0,0.0,0.0,0.0,Null,2020/2021,LAMBTON QUAY,WARING TAYLOR STREET,,Non-Injury Crash,No,2020,0.0,North,0.0,0,0.0,Flat,0.0,,0.0,,0.0,Bright sun,2124000,0,0.0,0.0,2.0,0.0,0.0,0.0,0.0,1.0,,0.0,0.0,Wellington Region,Nil,2-way,Sealed,0.0,0.0,0,0.0,30.0,0.0,Off,1.0,0.0,,47,Wellington City,Nil,0.0,0.0,0.0,0.0,0.0,0.0,Urban,0.0,0.0,0.0,Fine,Null,1
66486355,,575000,0.0,,0.0,0.0,,Null,2021/2022,CHAYTOR STREET,RAROA CRESCENT,,Minor Crash,No,2022,,East,,0,,Hill Road,,,,,,Overcast,2111100,1,1.0,0.0,2.0,,,0.0,,,,,,Wellington Region,Nil,2-way,Sealed,,0.0,0,,50.0,,None,1.0,0.0,,47,Wellington City,Stop,,,,,0.0,0.0,Urban,0.0,,,Heavy rain,Null,0
66486360,,573526,0.0,0.0,0.0,0.0,0.0,South,2021/2022,HUTT ROAD,SERVICE STN STH,,Non-Injury Crash,Yes,2021,0.0,South,0.0,0,0.0,Flat,1.0,,0.0,,0.0,Dark,2077503,0,0.0,0.0,4.0,0.0,0.0,0.0,0.0,0.0,,0.0,0.0,Wellington Region,Nil,2-way,Sealed,0.0,0.0,0,0.0,100.0,0.0,On,0.0,0.0,,47,Wellington City,Nil,0.0,0.0,0.0,0.0,0.0,0.0,Open,2.0,0.0,0.0,Fine,Null,1
66486404,,573101,0.0,0.0,0.0,1.0,0.0,East,2021/2022,WILLIS STREET,KARO DRIVE,,Non-Injury Crash,No,2021,0.0,North,0.0,0,0.0,Flat,0.0,,0.0,,0.0,Dark,2131900,0,0.0,0.0,2.0,0.0,0.0,0.0,0.0,1.0,,0.0,0.0,Wellington Region,Nil,1-way,Sealed,0.0,0.0,0,0.0,30.0,0.0,On,2.0,0.0,,47,Wellington City,Nil,0.0,0.0,0.0,0.0,0.0,0.0,Urban,0.0,0.0,0.0,Fine,Null,1
66486465,,576901,0.0,,0.0,2.0,,Null,2020/2021,BAY ROAD,RONGOTAI ROAD,,Non-Injury Crash,No,2020,,North,,0,,Flat,,,,,,Overcast,2178300,0,0.0,0.0,2.0,,,0.0,,,,,,Wellington Region,Nil,2-way,Sealed,,0.0,0,,50.0,,Off,0.0,0.0,,47,Wellington City,Traffic Signals,,,,,0.0,0.0,Urban,0.0,,,Fine,Null,1
66486495,,573000,0.0,,0.0,1.0,,North,2020/2021,WATERLOO QUAY,WHITMORE STREET,,Non-Injury Crash,No,2020,,North,,0,,Flat,,,,,,Unknown,2124300,0,0.0,0.0,3.0,,,0.0,,,,,,Wellington Region,Nil,1-way,Sealed,,0.0,0,,50.0,,Null,0.0,0.0,,47,Wellington City,Nil,,,,,0.0,0.0,Urban,0.0,,,Null,Null,1
66486509,,573000,0.0,,0.0,2.0,,Null,2020/2021,JERVOIS QUAY,WILLESTON STREET,,Non-Injury Crash,No,2021,,North,,0,,Flat,,,,,,Unknown,2127500,0,0.0,0.0,3.0,,,0.0,,,,,,Wellington Region,Nil,1-way,Sealed,,0.0,0,,50.0,,Null,0.0,0.0,,47,Wellington City,Traffic Signals,,,,,0.0,0.0,Urban,0.0,,,Null,Null,1
66486514,,576903,0.0,,0.0,2.0,,Null,2020/2021,KILBIRNIE CRESCENT,DUNCAN TERRACE,,Non-Injury Crash,No,2021,,South,,0,,Flat,,,,,,Overcast,2177900,0,0.0,0.0,2.0,,,0.0,,,,,,Wellington Region,Nil,2-way,Sealed,,0.0,0,,50.0,,Off,0.0,0.0,,47,Wellington City,Give way,,,,,0.0,0.0,Urban,0.0,,,Fine,Null,1
66486520,,576901,0.0,0.0,0.0,3.0,0.0,South,2021/2022,QUEENS DRIVE,COCKBURN STREET,,Non-Injury Crash,No,2022,0.0,South,0.0,0,0.0,Flat,0.0,,0.0,,0.0,Bright sun,2178700,0,0.0,0.0,2.0,0.0,0.0,0.0,0.0,2.0,,0.0,0.0,Wellington Region,Nil,2-way,Sealed,0.0,0.0,0,0.0,50.0,0.0,Off,0.0,0.0,,47,Wellington City,Nil,0.0,0.0,0.0,0.0,0.0,0.0,Urban,0.0,0.0,0.0,Fine,Null,0
66486536,,577000,0.0,,0.0,1.0,,Null,2021/2022,COBHAM DRIVE,CALABAR ROAD,,Non-Injury Crash,Yes,2021,,East,,0,,Flat,,,,,,Bright sun,2175700,0,0.0,0.0,2.0,,,0.0,,,,,,Wellington Region,Nil,2-way,Sealed,,0.0,0,,70.0,,Off,0.0,0.0,,47,Wellington City,Give way,,,,,0.0,0.0,Urban,1.0,,,Fine,Null,1
66486553,,573300,0.0,0.0,0.0,1.0,0.0,West,2020/2021,ROLLESTON STREET,WALLACE STREET,,Non-Injury Crash,No,2020,0.0,North,0.0,0,0.0,Null,0.0,,0.0,,0.0,Unknown,2145200,0,0.0,0.0,2.0,0.0,0.0,0.0,0.0,1.0,,0.0,0.0,Wellington Region,Nil,2-way,Sealed,0.0,0.0,0,0.0,50.0,0.0,Null,0.0,0.0,,47,Wellington City,Unknown,0.0,0.0,0.0,0.0,0.0,0.0,Urban,0.0,0.0,0.0,Null,Null,1
66486557,,572701,0.0,0.0,0.0,1.0,0.0,South,2020/2021,FINDLAY STREET,GEE STREET,,Non-Injury Crash,No,2020,0.0,South,0.0,0,1.0,Flat,0.0,,1.0,,0.0,Bright sun,1994001,0,0.0,0.0,2.0,0.0,0.0,0.0,0.0,0.0,,0.0,0.0,Wellington Region,Nil,2-way,Sealed,0.0,0.0,0,0.0,50.0,0.0,Off,0.0,0.0,,47,Wellington City,Nil,0.0,0.0,0.0,0.0,0.0,0.0,Urban,0.0,0.0,0.0,Fine,Null,1
66486567,,572900,0.0,,0.0,2.0,,Null,2020/2021,MOLESWORTH STREET,PIPITEA STREET,,Non-Injury Crash,No,2021,,South,,0,,Flat,,,,,,Dark,2121100,0,0.0,0.0,2.0,,,0.0,,,,,,Wellington Region,Nil,1-way,Sealed,,0.0,0,,50.0,,On,0.0,0.0,,47,Wellington City,Give way,,,,,0.0,0.0,Urban,0.0,,,Fine,Null,1
66486594,,573526,0.0,0.0,0.0,2.0,0.0,North,2021/2022,HUTT ROAD,SERVICE STN NTH,,Minor Crash,Yes,2021,0.0,North,0.0,0,0.0,Flat,1.0,,0.0,,0.0,Dark,2077503,1,0.0,0.0,2.0,0.0,0.0,0.0,0.0,0.0,,0.0,0.0,Wellington Region,Nil,1-way,Sealed,0.0,0.0,0,0.0,100.0,0.0,On,0.0,0.0,,47,Wellington City,Nil,0.0,0.0,0.0,0.0,0.0,0.0,Open,0.0,0.0,0.0,Fine,Null,1
66486613,,573000,0.0,,0.0,1.0,,Null,2020/2021,LADY ELIZABETH LANE,ARA MOANA,,Minor Crash,No,2021,,South,,0,,Flat,,,,,,Dark,2124300,1,0.0,0.0,2.0,,,0.0,,,1.0,,,Wellington Region,Speed hump,2-way,Sealed,,0.0,0,,50.0,,On,0.0,0.0,,47,Wellington City,Traffic Signals,,,,,0.0,0.0,Urban,0.0,,,Fine,Null,1
66486624,,573700,0.0,,0.0,1.0,,South,2020/2021,MOOREFIELD ROAD,FRANKMOORE AVENUE,,Minor Crash,No,2021,,South,,0,,Flat,,,,,,Bright sun,2082400,2,0.0,0.0,2.0,,,0.0,,,1.0,,,Wellington Region,Nil,2-way,Sealed,,0.0,0,,50.0,,Off,0.0,0.0,,47,Wellington City,Nil,,,,,0.0,0.0,Urban,0.0,,,Fine,Null,1
66486630,,575701,0.0,0.0,0.0,1.0,0.0,South,2020/2021,MILLS ROAD,GOWRIE STREET,,Non-Injury Crash,No,2021,0.0,North,0.0,0,0.0,Null,0.0,,0.0,,0.0,Unknown,2199800,0,0.0,0.0,2.0,0.0,0.0,0.0,0.0,1.0,,0.0,0.0,Wellington Region,Nil,2-way,Sealed,0.0,0.0,0,0.0,50.0,0.0,Null,0.0,0.0,,47,Wellington City,Nil,0.0,0.0,0.0,0.0,0.0,0.0,Urban,0.0,0.0,0.0,Null,Null,1
66486644,,573300,0.0,,1.0,0.0,,North,2020/2021,TASMAN STREET,COOMBE STREET,,Serious Crash,No,2021,,North,,0,,Hill Road,,,,,,Overcast,2146000,0,0.0,1.0,2.0,,,0.0,,,,,,Wellington Region,Speed hump,2-way,Sealed,,0.0,1,,30.0,,Off,0.0,0.0,,47,Wellington City,Nil,,,,,0.0,0.0,Urban,0.0,,,Fine,Null,1
66486668,,573801,0.0,,0.0,0.0,,North,2020/2021,JOHNSONVILLE PORIRUA MOTORWAY,JOHNSONVILLE OFF RAMP,,Non-Injury Crash,Yes,2021,,South,,0,,Flat,,,,,,Dark,2078900,0,0.0,1.0,2.0,,,0.0,,,,,,Wellington Region,Nil,1-way,Sealed,,0.0,0,,100.0,,On,0.0,0.0,,47,Wellington City,Nil,,,,,0.0,0.0,Open,0.0,,,Fine,Null,1
66486699,,573101,0.0,0.0,0.0,1.0,0.0,West,2021/2022,DIXON STREET,VICTORIA STREET,,Non-Injury Crash,No,2021,0.0,West,0.0,0,0.0,Null,0.0,,0.0,,0.0,Unknown,2131400,0,0.0,0.0,2.0,0.0,0.0,0.0,0.0,1.0,,0.0,0.0,Wellington Region,Nil,1-way,Sealed,0.0,0.0,0,0.0,30.0,0.0,Null,0.0,0.0,,47,Wellington City,Unknown,0.0,0.0,0.0,0.0,0.0,0.0,Urban,1.0,0.0,0.0,Null,Null,1
66486742,,573000,0.0,0.0,0.0,3.0,0.0,South,2020/2021,THE TERRACE,BOULCOTT STREET,,Non-Injury Crash,No,2021,0.0,South,0.0,0,0.0,Flat,0.0,,0.0,,0.0,Dark,2128000,0,0.0,0.0,2.0,0.0,0.0,0.0,0.0,3.0,,0.0,0.0,Wellington Region,Nil,2-way,Sealed,0.0,0.0,0,0.0,50.0,0.0,On,0.0,0.0,,47,Wellington City,Nil,0.0,0.0,0.0,0.0,0.0,0.0,Urban,1.0,0.0,0.0,Fine,Null,1
66486770,,573101,0.0,,0.0,1.0,,South,2019/2020,TORY STREET,SAGES LANE,,Non-Injury Crash,No,2020,,Null,,0,,Flat,,,,,,Overcast,2136800,0,0.0,0.0,2.0,,,0.0,,,,,,Wellington Region,Nil,2-way,Sealed,,0.0,0,,50.0,,Off,0.0,0.0,,47,Wellington City,Nil,,,,,0.0,0.0,Urban,0.0,,,Light rain,Null,1
66486773,,573000,0.0,0.0,0.0,0.0,0.0,North,2020/2021,LAMBTON QUAY,STOUT STREET,,Non-Injury Crash,No,2020,0.0,South,0.0,0,0.0,Null,0.0,,0.0,,0.0,Unknown,2124000,0,0.0,0.0,2.0,0.0,0.0,0.0,0.0,1.0,,0.0,0.0,Wellington Region,Nil,1-way,Sealed,0.0,0.0,0,0.0,30.0,0.0,Null,1.0,1.0,,47,Wellington City,Nil,0.0,0.0,0.0,0.0,0.0,0.0,Urban,1.0,0.0,0.0,Null,Null,1
66486774,,576901,0.0,,0.0,2.0,,Null,2020/2021,RONGOTAI ROAD,MAHORA STREET,,Non-Injury Crash,No,2021,,East,,0,,Flat,,,,,,Bright sun,2176900,0,0.0,0.0,1.0,,,0.0,,,,,,Wellington Region,Nil,1-way,Sealed,,0.0,0,,50.0,,Off,0.0,0.0,,47,Wellington City,Give way,,,,,0.0,0.0,Urban,0.0,,,Fine,Null,1
66486834,,573525,0.0,,0.0,1.0,,North,2019/2020,BING LUCAS DRIVE,GLADYS SCOTT PLACE,,Non-Injury Crash,No,2020,,North,,0,,Flat,,,,,,Bright sun,2053827,0,0.0,0.0,2.0,,,0.0,,,,,,Wellington Region,Nil,2-way,Sealed,,0.0,0,,50.0,,Null,1.0,0.0,,47,Wellington City,Nil,,,,,0.0,0.0,Urban,0.0,,,Fine,Null,1
66486846,,573000,0.0,,0.0,2.0,,South,2020/2021,THE TERRACE,MACDONALD CRESCENT,,Non-Injury Crash,No,2021,,South,,0,,Hill Road,,,,,,Bright sun,2130500,0,0.0,0.0,2.0,,,0.0,,,,,,Wellington Region,Nil,2-way,Sealed,,0.0,0,,50.0,,Null,0.0,0.0,,47,Wellington City,Nil,,,,,0.0,0.0,Urban,0.0,,,Fine,Null,1
66486888,,577400,0.0,0.0,0.0,1.0,0.0,North,2020/2021,KARAKA BAY ROAD,PT HOWARD,,Non-Injury Crash,No,2021,0.0,North,0.0,0,0.0,Flat,0.0,,0.0,,0.0,Bright sun,2209700,0,0.0,0.0,2.0,0.0,0.0,0.0,0.0,1.0,,0.0,0.0,Wellington Region,Nil,2-way,Sealed,0.0,0.0,0,0.0,50.0,0.0,Off,0.0,0.0,,47,Wellington City,Nil,0.0,0.0,0.0,0.0,0.0,0.0,Urban,1.0,0.0,0.0,Fine,Null,1
66486893,,576903,0.0,,0.0,1.0,,Null,2020/2021,SH 1,WELLINGTON ROAD,,Non-Injury Crash,Yes,2020,,West,,0,,Null,,,,,,Unknown,2180400,0,0.0,0.0,2.0,,,0.0,,,,,,Wellington Region,Nil,2-way,Null,,0.0,0,,50.0,,Null,0.0,0.0,,47,Wellington City,Give way,,,,,0.0,1.0,Urban,0.0,,,Null,Null,1
66486923,,573000,0.0,,0.0,2.0,,Null,2021/2022,HUNTER STREET,CUSTOMHOUSE QUAY,,Non-Injury Crash,No,2021,,East,,0,,Flat,,Christmas New Year,,,,Overcast,2125800,0,0.0,0.0,3.0,,,0.0,,,,,,Wellington Region,Nil,1-way,Sealed,,0.0,0,,50.0,,Off,0.0,0.0,,47,Wellington City,Traffic Signals,,,,,0.0,0.0,Urban,0.0,,,Fine,Null,1
66486945,,573300,0.0,,0.0,2.0,,Null,2020/2021,WALLACE STREET,HOWARD STREET,,Non-Injury Crash,No,2021,,North,,0,,Flat,,,,,,Overcast,2147500,0,0.0,0.0,2.0,,,0.0,,,,,,Wellington Region,Nil,2-way,Sealed,,0.0,0,,50.0,,Off,0.0,0.0,,47,Wellington City,Stop,,,,,0.0,0.0,Urban,0.0,,,Light rain,Null,1
66486954,,572900,0.0,,0.0,1.0,,South,2020/2021,FEATHERSTON STREET,MULGRAVE STREET,,Non-Injury Crash,No,2021,,South,,0,,Flat,,,,,,Overcast,2122800,0,0.0,0.0,3.0,,,0.0,,,,,,Wellington Region,Nil,2-way,Sealed,,0.0,0,,50.0,,Off,0.0,0.0,,47,Wellington City,Unknown,,,,,0.0,0.0,Urban,0.0,,,Fine,Null,1
66487014,,574002,0.0,,0.0,1.0,,Null,2020/2021,CENTENNIAL HIGHWAY,NEWLANDS ON RAMP,,Non-Injury Crash,Yes,2021,,South,,0,,Hill Road,,,,,,Unknown,2078304,0,0.0,0.0,3.0,,,0.0,,,,,,Wellington Region,Nil,1-way,Sealed,,0.0,0,,80.0,,Null,0.0,0.0,,47,Wellington City,Nil,,,,,1.0,0.0,Open,0.0,,,Null,Null,1
66487055,,573000,0.0,,0.0,2.0,,South,2021/2022,WELLINGTON URBAN MOTORWAY,SOUTH PORTAL,,Non-Injury Crash,Yes,2021,,North,,0,,Flat,,,,,,Overcast,2130600,0,0.0,0.0,1.0,,,0.0,,,,,,Wellington Region,Overpass,1-way,Sealed,,0.0,0,,70.0,,Off,0.0,0.0,60.0,47,Wellington City,Nil,,,,,0.0,0.0,Urban,0.0,,,Fine,Null,1
66487105,,573101,0.0,0.0,0.0,1.0,0.0,North,2020/2021,LEEDS STREET,GHUZNEE STREET,,Non-Injury Crash,No,2021,0.0,North,0.0,0,0.0,Flat,0.0,,0.0,,0.0,Dark,2133500,0,0.0,0.0,2.0,0.0,0.0,0.0,0.0,0.0,,0.0,1.0,Wellington Region,Nil,2-way,Sealed,0.0,0.0,0,0.0,50.0,0.0,On,0.0,0.0,,47,Wellington City,Nil,0.0,0.0,0.0,0.0,0.0,0.0,Urban,0.0,0.0,0.0,Fine,Null,1
66487108,,574500,0.0,,0.0,0.0,,North,2020/2021,KAIWHARAWHARA ROAD,CAMERON STREET,,Non-Injury Crash,No,2021,,North,,0,,Flat,,,,,,Dark,2093600,0,0.0,0.0,2.0,,,0.0,,,,,,Wellington Region,Nil,2-way,Sealed,,0.0,0,,50.0,,On,0.0,0.0,,47,Wellington City,Nil,,,,,0.0,0.0,Urban,2.0,,,Fine,Null,1
66487120,,572600,0.0,0.0,0.0,1.0,0.0,North,2021/2022,MAIN ROAD,THE DRIVE,,Minor Crash,No,2021,0.0,South,0.0,0,0.0,Flat,0.0,,0.0,,0.0,Overcast,1992300,1,0.0,0.0,2.0,0.0,0.0,0.0,0.0,1.0,,0.0,0.0,Wellington Region,Nil,2-way,Sealed,0.0,0.0,0,0.0,50.0,0.0,Off,2.0,0.0,,47,Wellington City,Nil,0.0,0.0,0.0,0.0,0.0,0.0,Urban,0.0,0.0,0.0,Fine,Null,1
66487136,,572600,0.0,,0.0,2.0,,Null,2021/2022,MAIN ROAD,OXFORD STREET,,Minor Crash,No,2022,,North,,0,,Flat,,,,,,Dark,1988400,2,0.0,0.0,2.0,,,0.0,,,,,,Wellington Region,Nil,2-way,Sealed,,0.0,0,,50.0,,On,0.0,0.0,,47,Wellington City,Give way,,,,,0.0,0.0,Urban,0.0,,,Mist or Fog,Null,0
66487151,,576800,0.0,0.0,0.0,2.0,0.0,North,2021/2022,ARAWA ROAD,WAIPAPA ROAD,,Non-Injury Crash,No,2021,0.0,North,0.0,0,0.0,Hill Road,0.0,,0.0,,0.0,Dark,2183500,0,0.0,0.0,2.0,0.0,0.0,0.0,0.0,1.0,,0.0,0.0,Wellington Region,Nil,2-way,Sealed,0.0,0.0,0,0.0,50.0,0.0,On,0.0,0.0,,47,Wellington City,Nil,0.0,0.0,0.0,0.0,0.0,0.0,Urban,0.0,0.0,0.0,Fine,Null,1
66487155,,574500,0.0,0.0,0.0,1.0,0.0,North,2020/2021,WELLINGTON URBAN MOTORWAY,AOTEA QUAY ON RAMP,,Non-Injury Crash,Yes,2021,0.0,North,0.0,0,0.0,Hill Road,1.0,,0.0,,0.0,Overcast,2093500,0,0.0,0.0,7.0,0.0,0.0,0.0,0.0,0.0,,0.0,0.0,Wellington Region,Nil,2-way,Sealed,0.0,0.0,0,0.0,100.0,0.0,Off,0.0,0.0,,47,Wellington City,Unknown,0.0,0.0,0.0,0.0,0.0,0.0,Open,0.0,0.0,0.0,Fine,Null,1
66487223,,573101,0.0,,0.0,2.0,,Null,2020/2021,DIXON STREET,VICTORIA STREET,,Non-Injury Crash,No,2021,,West,,0,,Flat,,,,,,Bright sun,2131500,0,0.0,0.0,2.0,,,0.0,,,,,,Wellington Region,Nil,1-way,Sealed,,0.0,0,,30.0,,Null,0.0,0.0,,47,Wellington City,Traffic Signals,,,,,0.0,0.0,Urban,0.0,,,Fine,Null,1
66487264,,573522,0.0,0.0,0.0,1.0,0.0,South,2021/2022,CARIBBEAN DRIVE,JAMAICA DRIVE,,Minor Crash,No,2022,0.0,South,0.0,0,0.0,Hill Road,0.0,,0.0,,0.0,Bright sun,2086104,4,0.0,0.0,2.0,0.0,0.0,0.0,1.0,0.0,,0.0,0.0,Wellington Region,Nil,2-way,Sealed,0.0,0.0,0,0.0,50.0,0.0,None,0.0,0.0,,47,Wellington City,Nil,0.0,0.0,0.0,2.0,0.0,0.0,Urban,0.0,0.0,0.0,Fine,Null,0
66487276,,573101,0.0,0.0,0.0,2.0,0.0,East,2020/2021,CABLE STREET,CHAFFERS STREET,,Minor Crash,No,2021,0.0,South,0.0,0,0.0,Flat,0.0,,0.0,,0.0,Dark,2135500,1,0.0,0.0,3.0,0.0,0.0,0.0,0.0,1.0,,0.0,0.0,Wellington Region,Nil,1-way,Sealed,0.0,0.0,0,0.0,50.0,0.0,On,0.0,0.0,,47,Wellington City,Unknown,0.0,0.0,0.0,0.0,0.0,0.0,Urban,0.0,0.0,0.0,Fine,Null,1
66487295,,573700,0.0,,0.0,2.0,,Null,2020/2021,JOHNSONVILLE ROAD,BURGESS ROAD,,Non-Injury Crash,No,2020,,North,,0,,Flat,,,,,,Overcast,2082800,0,0.0,0.0,3.0,,,0.0,,,,,,Wellington Region,Nil,2-way,Sealed,,0.0,0,,50.0,,Off,0.0,0.0,,47,Wellington City,Nil,,,,,0.0,0.0,Urban,0.0,,,Light rain,Null,1
66487347,,575200,0.0,0.0,0.0,3.0,0.0,South,2020/2021,GARDEN ROAD,NORTHLAND ROAD,,Non-Injury Crash,No,2021,0.0,East,0.0,0,0.0,Hill Road,0.0,Christmas New Year,0.0,,0.0,Dark,2150300,0,0.0,0.0,1.0,0.0,0.0,0.0,0.0,2.0,,0.0,0.0,Wellington Region,Nil,2-way,Sealed,0.0,0.0,0,0.0,50.0,0.0,On,0.0,0.0,,47,Wellington City,Unknown,0.0,0.0,0.0,0.0,0.0,0.0,Urban,0.0,0.0,0.0,Fine,Null,1
66487370,,574002,0.0,0.0,0.0,1.0,0.0,North,2021/2022,WELLINGTON URBAN MOTORWAY,NGAURANGA ON NBD OBR,,Non-Injury Crash,Yes,2021,0.0,South,0.0,0,0.0,Hill Road,1.0,,0.0,,0.0,Dark,2078302,0,0.0,0.0,2.0,0.0,0.0,0.0,0.0,0.0,,0.0,0.0,Wellington Region,Overpass,1-way,Sealed,0.0,0.0,0,0.0,100.0,0.0,On,0.0,0.0,,47,Wellington City,Unknown,0.0,0.0,0.0,0.0,0.0,0.0,Open,0.0,0.0,0.0,Fine,Null,1
66487377,,572600,0.0,,0.0,0.0,,North,2021/2022,MAIN ROAD,VICTORY CRESCENT,,Serious Crash,No,2021,,North,,0,,Flat,,,,,,Overcast,1991800,0,0.0,0.0,2.0,,,0.0,,,1.0,,,Wellington Region,Nil,2-way,Sealed,,0.0,1,,50.0,,Off,0.0,0.0,,47,Wellington City,Nil,,,,,0.0,0.0,Urban,0.0,,,Light rain,Null,1
66487394,,572500,0.0,,0.0,1.0,,Null,2020/2021,MAIN ROAD,SUNRISE BOULEVARD,,Non-Injury Crash,No,2021,,North,,0,,Flat,,Queens Birthday,,,,Twilight,1987300,0,0.0,0.0,2.0,,,0.0,,,1.0,,,Wellington Region,Nil,2-way,Sealed,,0.0,0,,50.0,,On,0.0,0.0,,47,Wellington City,Give way,,,,,0.0,0.0,Urban,0.0,,,Fine,Null,1
66487413,,576002,0.0,,0.0,1.0,,Null,2020/2021,CLYDE STREET,AVON STREET,,Non-Injury Crash,No,2020,,South,,0,,Hill Road,,,,,,Bright sun,2190300,0,0.0,0.0,2.0,,,0.0,,,,,,Wellington Region,Nil,2-way,Sealed,,0.0,0,,50.0,,Off,0.0,0.0,,47,Wellington City,Give way,,,,,1.0,0.0,Urban,0.0,,,Fine,Null,1
66487444,,576301,0.0,,0.0,1.0,,Null,2021/2022,RIDDIFORD STREET,NEWTOWN AVENUE,,Minor Crash,No,2022,,East,,0,,Flat,,,,,,Overcast,2165500,1,0.0,0.0,2.0,,,0.0,,,1.0,,,Wellington Region,Nil,2-way,Sealed,,0.0,0,,40.0,,Off,0.0,0.0,,47,Wellington City,Nil,,,,,0.0,0.0,Urban,0.0,,,Light rain,Null,0
66487554,,575000,1.0,,0.0,1.0,,Null,2021/2022,KARORI ROAD,DONALD STREET,,Minor Crash,No,2021,,West,,0,,Hill Road,,,,,,Dark,2111700,1,0.0,0.0,2.0,,,0.0,,,,,,Wellington Region,Nil,2-way,Sealed,,0.0,0,,50.0,,On,0.0,0.0,,47,Wellington City,Traffic Signals,,,,,0.0,0.0,Urban,0.0,,,Fine,Null,1