OBJECTID,advisorySpeed,areaUnitID,bicycle,bridge,bus,carStationWagon,cliffBank,crashDirectionDescription,crashFinancialYear,crashLocation1,crashLocation2,crashRoadSideRoad,crashSeverity,crashSHDescription,crashYear,debris,directionRoleDescription,ditch,fatalCount,fence,flatHill,guardRail,holiday,houseOrBuilding,intersection,kerb,light,meshblockId,minorInjuryCount,moped,motorcycle,NumberOfLanes,objectThrownOrDropped,otherObject,otherVehicleType,overBank,parkedVehicle,pedestrian,phoneBoxEtc,postOrPole,region,roadCharacter,roadLane,roadSurface,roadworks,schoolBus,seriousInjuryCount,slipOrFlood,speedLimit,strayAnimal,streetLight,suv,taxi,temporarySpeedLimit,tlaId,tlaName,trafficControl,trafficIsland,trafficSign,train,tree,truck,unknownVehicleType,urban,vanOrUtility,vehicle,waterRiver,weatherA,weatherB,if_pandemic
66487606,,577601,0.0,0.0,0.0,2.0,0.0,East,2020/2021,MAUPUIA ROAD,AKAROA DRIVE,,Non-Injury Crash,No,2021,0.0,West,0.0,0,0.0,Hill Road,0.0,,0.0,,0.0,Unknown,2202201,0,0.0,0.0,2.0,0.0,0.0,0.0,0.0,1.0,,0.0,0.0,Wellington Region,Nil,2-way,Sealed,0.0,0.0,0,0.0,50.0,0.0,Null,0.0,0.0,,47,Wellington City,Nil,0.0,0.0,0.0,0.0,0.0,0.0,Urban,0.0,0.0,0.0,Null,Null,1
66487618,,574100,0.0,0.0,0.0,1.0,0.0,South,2019/2020,BRODERICK ROAD,SAFARI CRESCENT,,Non-Injury Crash,No,2020,0.0,East,0.0,0,0.0,Null,0.0,,0.0,,0.0,Unknown,2085904,0,0.0,0.0,2.0,0.0,0.0,0.0,0.0,1.0,,0.0,0.0,Wellington Region,Nil,2-way,Sealed,0.0,0.0,0,0.0,50.0,0.0,Null,0.0,0.0,,47,Wellington City,Nil,0.0,0.0,0.0,0.0,0.0,0.0,Urban,0.0,0.0,0.0,Null,Null,1
66487621,,572500,0.0,0.0,0.0,1.0,0.0,North,2019/2020,JOHNSONVILLE PORIRUA MOTORWAY,TAWA-GRENADA NORTH ON RAMP,,Non-Injury Crash,Yes,2020,0.0,North,0.0,0,0.0,Flat,1.0,Christmas New Year,0.0,,0.0,Bright sun,1986601,0,0.0,0.0,2.0,0.0,0.0,0.0,0.0,0.0,,0.0,0.0,Wellington Region,Nil,2-way,Sealed,0.0,0.0,0,0.0,100.0,0.0,Off,0.0,0.0,,47,Wellington City,Nil,0.0,0.0,0.0,0.0,0.0,0.0,Open,0.0,0.0,0.0,Fine,Null,1
66487696,,576500,0.0,0.0,0.0,1.0,0.0,South,2020/2021,RIDDIFORD STREET,HOSPITAL PED XING,,Non-Injury Crash,No,2021,0.0,South,0.0,0,0.0,Flat,0.0,,0.0,,0.0,Unknown,2148800,0,0.0,0.0,4.0,0.0,0.0,0.0,0.0,1.0,,0.0,0.0,Wellington Region,Nil,2-way,Sealed,0.0,0.0,0,0.0,50.0,0.0,Null,0.0,0.0,,47,Wellington City,Nil,0.0,0.0,0.0,0.0,0.0,0.0,Urban,0.0,0.0,0.0,Null,Null,1
66487710,,575300,0.0,,0.0,1.0,,Null,2020/2021,CLERMONT TERRACE,SALAMANCA ROAD,,Non-Injury Crash,No,2020,,North,,0,,Null,,,,,,Bright sun,2153100,0,0.0,0.0,2.0,,,0.0,,,,,,Wellington Region,Nil,2-way,Sealed,,0.0,0,,50.0,,Off,1.0,0.0,,47,Wellington City,Nil,,,,,0.0,0.0,Urban,0.0,,,Null,Null,1
66487747,,573000,0.0,,0.0,1.0,,Null,2021/2022,JERVOIS QUAY,WILLESTON STREET,,Non-Injury Crash,No,2021,,West,,0,,Flat,,,,,,Bright sun,2127500,0,0.0,0.0,3.0,,,0.0,,,,,,Wellington Region,Nil,1-way,Sealed,,0.0,0,,50.0,,Off,1.0,0.0,,47,Wellington City,Give way,,,,,0.0,0.0,Urban,0.0,,,Fine,Null,1
66487768,,576500,0.0,,0.0,2.0,,Null,2020/2021,ALFRED STREET,ADELAIDE ROAD,,Non-Injury Crash,No,2020,,West,,0,,Flat,,,,,,Unknown,2148000,0,0.0,0.0,3.0,,,0.0,,,,,,Wellington Region,Nil,2-way,Sealed,,0.0,0,,50.0,,Off,0.0,0.0,,47,Wellington City,Give way,,,,,0.0,0.0,Urban,0.0,,,Null,Null,1
66487814,,576301,0.0,,0.0,0.0,,Null,2020/2021,RIDDIFORD STREET,ADELAIDE ROAD,,Non-Injury Crash,No,2021,,North,,0,,Flat,,,,,,Unknown,2163500,0,0.0,0.0,4.0,,,0.0,,,,,,Wellington Region,Nil,2-way,Sealed,,0.0,0,,50.0,,Null,1.0,0.0,,47,Wellington City,Traffic Signals,,,,,0.0,0.0,Urban,1.0,,,Null,Null,1
66487816,,576500,0.0,0.0,0.0,1.0,0.0,West,2021/2022,MEIN STREET,MINERVA STREET,,Non-Injury Crash,No,2021,0.0,East,0.0,0,0.0,Flat,0.0,,0.0,,0.0,Overcast,2149200,0,0.0,0.0,2.0,0.0,0.0,0.0,0.0,1.0,,0.0,0.0,Wellington Region,Nil,2-way,Sealed,0.0,0.0,0,0.0,40.0,0.0,Off,0.0,0.0,,47,Wellington City,Nil,0.0,0.0,0.0,0.0,0.0,0.0,Urban,1.0,0.0,0.0,Fine,Null,1
66487822,,576901,0.0,0.0,0.0,1.0,0.0,North,2020/2021,BAY ROAD,COUTTS STREET,,Non-Injury Crash,No,2021,0.0,North,0.0,0,0.0,Flat,0.0,,0.0,,0.0,Unknown,2178400,0,0.0,0.0,2.0,0.0,0.0,0.0,0.0,1.0,,0.0,0.0,Wellington Region,Nil,2-way,Sealed,0.0,0.0,0,0.0,30.0,0.0,Null,0.0,0.0,,47,Wellington City,Unknown,0.0,0.0,0.0,0.0,0.0,0.0,Urban,0.0,0.0,0.0,Null,Null,1
66487852,,576100,0.0,0.0,0.0,2.0,0.0,East,2020/2021,SUTHERLAND ROAD,RODRIGO ROAD,,Non-Injury Crash,No,2021,0.0,East,0.0,0,0.0,Hill Road,0.0,,0.0,,0.0,Dark,2196400,0,0.0,0.0,2.0,0.0,0.0,0.0,0.0,1.0,,0.0,0.0,Wellington Region,Nil,2-way,Sealed,0.0,0.0,0,0.0,50.0,0.0,On,0.0,0.0,,47,Wellington City,Nil,0.0,0.0,0.0,0.0,0.0,0.0,Urban,0.0,0.0,0.0,Fine,Null,1
66487859,,573300,0.0,0.0,0.0,2.0,1.0,South,2021/2022,TARANAKI STREET,HILL LANE,,Minor Crash,No,2021,0.0,South,0.0,0,0.0,Flat,0.0,,0.0,,0.0,Dark,2145300,2,0.0,0.0,2.0,0.0,0.0,0.0,0.0,1.0,,0.0,0.0,Wellington Region,Nil,2-way,Sealed,0.0,0.0,0,0.0,50.0,0.0,On,0.0,0.0,,47,Wellington City,Nil,0.0,0.0,0.0,0.0,0.0,0.0,Urban,0.0,0.0,0.0,Fine,Null,1
66487955,,576903,1.0,,0.0,0.0,,North,2020/2021,CRAWFORD ROAD,CHILDERS TERRACE,,Non-Injury Crash,No,2021,,South,,0,,Hill Road,,,,,,Overcast,2179102,0,0.0,0.0,2.0,,,0.0,,,1.0,,,Wellington Region,Nil,2-way,Sealed,,0.0,0,,50.0,,Off,0.0,0.0,,47,Wellington City,Nil,,,,,0.0,1.0,Urban,0.0,,,Fine,Null,1
66488030,,573101,0.0,,0.0,1.0,,Null,2021/2022,VIVIAN STREET,VIVIAN STREET,,Non-Injury Crash,Yes,2021,,East,,0,,Flat,,,,,,Bright sun,2131900,0,0.0,0.0,2.0,,,0.0,,,,,,Wellington Region,Nil,1-way,Sealed,,0.0,0,,50.0,,Off,1.0,0.0,,47,Wellington City,Nil,,,,,0.0,0.0,Urban,0.0,,,Fine,Null,1
66488081,,576100,0.0,0.0,0.0,1.0,0.0,Null,2020/2021,QUEENS DRIVE,HUNGERFORD ROAD,,Serious Crash,No,2020,0.0,South,0.0,0,0.0,Flat,0.0,,0.0,,0.0,Overcast,2195601,3,0.0,0.0,2.0,0.0,0.0,0.0,1.0,0.0,,0.0,1.0,Wellington Region,Nil,2-way,Sealed,0.0,0.0,2,0.0,50.0,0.0,Off,0.0,0.0,,47,Wellington City,Give way,0.0,0.0,0.0,0.0,0.0,0.0,Urban,0.0,0.0,0.0,Fine,Null,1
66488108,,573101,0.0,,1.0,0.0,,Null,2022/2023,TARANAKI STREET,WAKEFIELD STREET,,Minor Crash,No,2022,,North,,0,,Flat,,,,,,Overcast,2133200,1,0.0,0.0,5.0,,,0.0,,,,,,Wellington Region,Nil,2-way,Sealed,,1.0,0,,50.0,,Off,1.0,0.0,,47,Wellington City,Traffic Signals,,,,,0.0,0.0,Urban,0.0,,,Fine,Null,0
66488124,,574002,0.0,,0.0,1.0,,South,2020/2021,HUTT ROAD,HUTT ROAD ON RAMP,,Non-Injury Crash,Yes,2020,,North,,0,,Flat,,,,,,Overcast,2078302,0,0.0,0.0,2.0,,,0.0,,,,,,Wellington Region,Nil,1-way,Sealed,,0.0,0,,100.0,,Off,0.0,0.0,60.0,47,Wellington City,Nil,,,,,1.0,0.0,Open,0.0,,,Fine,Strong wind,1
66488187,,575300,0.0,,0.0,2.0,,Null,2020/2021,GLASGOW STREET,UPLAND ROAD,,Non-Injury Crash,No,2021,,North,,0,,Flat,,,,,,Dark,2154300,0,0.0,0.0,2.0,,,0.0,,,,,,Wellington Region,Nil,2-way,Sealed,,0.0,0,,50.0,,On,0.0,0.0,,47,Wellington City,Give way,,,,,0.0,0.0,Urban,0.0,,,Fine,Null,1
66488217,,573000,0.0,,1.0,0.0,,Null,2019/2020,HUNTER STREET,CUSTOMHOUSE QUAY,,Non-Injury Crash,No,2020,,East,,0,,Flat,,,,,,Unknown,2125800,0,0.0,0.0,3.0,,,0.0,,,,,,Wellington Region,Nil,1-way,Sealed,,0.0,0,,50.0,,Null,0.0,0.0,,47,Wellington City,Traffic Signals,,,,,0.0,1.0,Urban,1.0,,,Fine,Null,1
66488221,,574303,0.0,,0.0,2.0,,South,2021/2022,CENTENNIAL HIGHWAY,TYERS ROAD,,Non-Injury Crash,Yes,2021,,North,,0,,Hill Road,,,,,,Twilight,2088705,0,0.0,0.0,3.0,,,0.0,,,,,,Wellington Region,Nil,1-way,Sealed,,0.0,0,,100.0,,Off,0.0,0.0,,47,Wellington City,Nil,,,,,0.0,0.0,Open,0.0,,,Fine,Null,1
66488222,,576800,0.0,0.0,0.0,0.0,0.0,Null,2021/2022,TAURIMA STREET,RUAHINE STREET,,Non-Injury Crash,Yes,2021,1.0,East,0.0,0,0.0,Flat,0.0,,0.0,,0.0,Dark,2181800,0,0.0,0.0,2.0,0.0,0.0,0.0,0.0,0.0,,0.0,0.0,Wellington Region,Nil,2-way,Sealed,0.0,0.0,0,0.0,50.0,0.0,On,0.0,0.0,,47,Wellington City,Give way,0.0,0.0,0.0,1.0,0.0,0.0,Urban,1.0,0.0,0.0,Fine,Null,1
66488223,,576903,0.0,,0.0,1.0,,Null,2020/2021,WELLINGTON ROAD,EVANS BAY PARADE,,Non-Injury Crash,Yes,2020,,West,,0,,Flat,,,,,,Bright sun,2177900,0,0.0,0.0,4.0,,,0.0,,,,,,Wellington Region,Nil,2-way,Sealed,,0.0,0,,50.0,,None,0.0,0.0,,47,Wellington City,Give way,,,,,0.0,0.0,Urban,1.0,,,Fine,Null,1
66488299,,573200,0.0,,0.0,1.0,,Null,2021/2022,WILLIS STREET,ABEL SMITH STREET,,Minor Crash,No,2021,,North,,0,,Flat,,,,,,Bright sun,2158000,1,0.0,0.0,3.0,,,0.0,,,1.0,,,Wellington Region,Nil,1-way,Sealed,,0.0,0,,50.0,,Off,0.0,0.0,,47,Wellington City,Traffic Signals,,,,,0.0,0.0,Urban,0.0,,,Fine,Null,1
66488301,,573101,0.0,,0.0,0.0,,Null,2021/2022,DIXON STREET,EVA STREET,,Minor Crash,No,2022,,East,,0,,Flat,,Christmas New Year,,,,Bright sun,2133500,1,0.0,0.0,1.0,,,0.0,,,1.0,,,Wellington Region,Nil,1-way,Sealed,,0.0,0,,30.0,,Off,0.0,0.0,,47,Wellington City,Nil,,,,,0.0,0.0,Urban,1.0,,,Fine,Null,0
66488306,,574303,0.0,,0.0,1.0,,North,2020/2021,CENTENNIAL HIGHWAY,TYERS ROAD,,Non-Injury Crash,Yes,2021,,North,,0,,Hill Road,,,,,,Bright sun,2088705,0,0.0,0.0,3.0,,,0.0,,,,,,Wellington Region,Nil,1-way,Sealed,,0.0,0,,100.0,,Off,0.0,0.0,,47,Wellington City,Nil,,,,,1.0,0.0,Open,0.0,,,Fine,Null,1
66488314,,573526,0.0,0.0,0.0,1.0,0.0,North,2020/2021,HUTT ROAD,SERVICE STN NTH,,Non-Injury Crash,Yes,2021,0.0,South,0.0,0,0.0,Flat,1.0,,0.0,,0.0,Dark,2086403,0,0.0,0.0,2.0,0.0,0.0,0.0,0.0,0.0,,0.0,1.0,Wellington Region,Nil,1-way,Sealed,0.0,0.0,0,0.0,100.0,0.0,On,0.0,0.0,,47,Wellington City,Nil,0.0,0.0,0.0,0.0,0.0,0.0,Open,0.0,0.0,0.0,Light rain,Null,1
66488346,,573000,0.0,,0.0,1.0,,North,2020/2021,WELLINGTON URBAN MOTORWAY,AURORA TERRACE OBR,,Non-Injury Crash,Yes,2021,,North,,0,,Flat,,,,,,Unknown,2123902,0,0.0,0.0,2.0,,,0.0,,,,,,Wellington Region,Nil,1-way,Sealed,,0.0,0,,100.0,,Null,0.0,0.0,,47,Wellington City,Nil,,,,,0.0,0.0,Open,1.0,,,Null,Null,1
66488350,,574900,0.0,0.0,1.0,1.0,0.0,North,2021/2022,KARORI ROAD,SOUTH KARORI ROAD,,Minor Crash,No,2021,0.0,North,0.0,0,0.0,Hill Road,0.0,,0.0,,0.0,Bright sun,2109202,1,0.0,0.0,2.0,0.0,0.0,0.0,0.0,1.0,,0.0,0.0,Wellington Region,Nil,2-way,Sealed,0.0,0.0,0,0.0,50.0,0.0,None,0.0,0.0,,47,Wellington City,Nil,0.0,0.0,0.0,0.0,0.0,0.0,Urban,0.0,0.0,0.0,Fine,Null,1
66488407,,572701,0.0,,0.0,0.0,,North,2020/2021,TREMEWAN STREET,NORTH STREET,,Non-Injury Crash,No,2020,,South,,0,,Flat,,,,,,Bright sun,1995600,0,0.0,0.0,2.0,,,0.0,,,,,,Wellington Region,Nil,2-way,Sealed,,0.0,0,,50.0,,Off,0.0,0.0,,47,Wellington City,Nil,,,,,1.0,0.0,Urban,1.0,,,Fine,Null,1
66488425,,573000,0.0,,0.0,2.0,,Null,2020/2021,WATERLOO QUAY,WHITMORE STREET,,Non-Injury Crash,No,2020,,South,,0,,Flat,,,,,,Bright sun,2124300,0,0.0,0.0,2.0,,,0.0,,,,,,Wellington Region,Nil,1-way,Sealed,,0.0,0,,50.0,,Off,0.0,0.0,,47,Wellington City,Traffic Signals,,,,,0.0,0.0,Urban,0.0,,,Fine,Null,1
66488428,,573600,0.0,0.0,0.0,1.0,0.0,South,2021/2022,MIDDLETON ROAD,BURDENDALE GROVE,,Non-Injury Crash,No,2021,0.0,North,0.0,0,0.0,Hill Road,0.0,,0.0,,0.0,Twilight,2081000,0,0.0,0.0,2.0,0.0,0.0,0.0,0.0,1.0,,0.0,0.0,Wellington Region,Nil,2-way,Sealed,0.0,0.0,0,0.0,50.0,0.0,Off,0.0,0.0,,47,Wellington City,Nil,0.0,0.0,0.0,0.0,1.0,0.0,Urban,0.0,0.0,0.0,Fine,Null,1
66488526,,574402,0.0,0.0,0.0,2.0,0.0,South,2020/2021,KENYA STREET,CROFTON ROAD,,Non-Injury Crash,No,2020,0.0,North,0.0,0,0.0,Flat,0.0,,0.0,,0.0,Dark,2098000,0,0.0,0.0,2.0,0.0,0.0,0.0,0.0,1.0,,0.0,0.0,Wellington Region,Nil,2-way,Sealed,0.0,0.0,0,0.0,50.0,0.0,On,0.0,0.0,,47,Wellington City,Unknown,0.0,0.0,0.0,0.0,0.0,0.0,Urban,0.0,0.0,0.0,Light rain,Null,1
66488530,,576903,1.0,,0.0,1.0,,North,2020/2021,MOXHAM AVENUE,RAUPO STREET,,Minor Crash,No,2020,,South,,0,,Flat,,,,,,Overcast,2180700,1,0.0,0.0,2.0,,,0.0,,,,,,Wellington Region,Nil,2-way,Sealed,,0.0,0,,50.0,,Off,0.0,0.0,,47,Wellington City,Nil,,,,,0.0,0.0,Urban,0.0,,,Fine,Null,1
66488617,,576903,0.0,,1.0,1.0,,Null,2020/2021,WELLINGTON ROAD,HAMILTON ROAD,,Non-Injury Crash,Yes,2021,,West,,0,,Flat,,,,,,Unknown,2177900,0,0.0,0.0,5.0,,,0.0,,,,,,Wellington Region,Nil,2-way,Sealed,,0.0,0,,50.0,,Null,0.0,0.0,,47,Wellington City,Traffic Signals,,,,,0.0,0.0,Urban,0.0,,,Fine,Null,1
66488627,,577601,0.0,0.0,0.0,1.0,0.0,North,2020/2021,AKAROA DRIVE,MAUPUIA ROAD,,Non-Injury Crash,No,2021,0.0,North,0.0,0,0.0,Hill Road,0.0,,0.0,,1.0,Bright sun,2202201,0,0.0,0.0,2.0,0.0,0.0,0.0,0.0,0.0,,0.0,0.0,Wellington Region,Nil,2-way,Sealed,0.0,0.0,0,0.0,50.0,0.0,Off,0.0,0.0,,47,Wellington City,Nil,0.0,0.0,0.0,2.0,0.0,0.0,Urban,0.0,0.0,0.0,Fine,Null,1
66488642,,573101,0.0,,0.0,2.0,,Null,2020/2021,VIVIAN STREET,TARANAKI STREET,,Non-Injury Crash,Yes,2021,,East,,0,,Flat,,,,,,Unknown,2133700,0,0.0,0.0,2.0,,,0.0,,,,,,Wellington Region,Nil,1-way,Sealed,,0.0,0,,50.0,,Null,0.0,0.0,,47,Wellington City,Traffic Signals,,,,,0.0,0.0,Urban,0.0,,,Null,Null,1
66488681,,575100,0.0,0.0,0.0,0.0,0.0,North,2021/2022,BEAUCHAMP STREET,COOK STREET,,Minor Crash,No,2021,0.0,North,0.0,0,0.0,Flat,0.0,,0.0,,0.0,Bright sun,2114200,1,0.0,0.0,2.0,0.0,0.0,0.0,0.0,0.0,,1.0,0.0,Wellington Region,Nil,2-way,Sealed,0.0,0.0,0,0.0,50.0,0.0,Off,0.0,0.0,,47,Wellington City,Nil,1.0,0.0,0.0,1.0,1.0,0.0,Urban,0.0,0.0,0.0,Fine,Null,1
66488739,,574303,0.0,,0.0,2.0,,North,2021/2022,CENTENNIAL HIGHWAY,TYERS ROAD,,Minor Crash,Yes,2021,,North,,0,,Hill Road,,,,,,Bright sun,2088705,1,0.0,0.0,3.0,,,0.0,,,,,,Wellington Region,Nil,1-way,Sealed,,0.0,0,,80.0,,Off,1.0,0.0,,47,Wellington City,Nil,,,,,0.0,0.0,Open,0.0,,,Fine,Null,1
66488767,,573903,0.0,,0.0,1.0,,Null,2020/2021,BRACKEN ROAD,MCMILLAN COURT,,Minor Crash,No,2020,,North,,0,,Flat,,,,,,Overcast,2073202,1,0.0,0.0,2.0,,,0.0,,,1.0,,,Wellington Region,Nil,2-way,Sealed,,0.0,0,,50.0,,Off,0.0,0.0,,47,Wellington City,Stop,,,,,0.0,0.0,Urban,0.0,,,Fine,Null,1
66488769,,573101,0.0,,0.0,1.0,,North,2020/2021,VIVIAN STREET,CUBA STREET,,Non-Injury Crash,Yes,2020,,South,,0,,Flat,,,,,,Overcast,2131800,0,0.0,0.0,2.0,,,0.0,,,,,,Wellington Region,Nil,1-way,Sealed,,0.0,0,,50.0,,Off,0.0,0.0,,47,Wellington City,Nil,,,,,0.0,0.0,Urban,0.0,,,Fine,Null,1
66488817,,577200,0.0,,0.0,1.0,,Null,2020/2021,CALABAR ROAD,CALEDONIA STREET,,Minor Crash,Yes,2021,,South,,0,,Hill Road,,Easter,,,,Twilight,2206400,2,0.0,0.0,2.0,,,0.0,,,,,,Wellington Region,Nil,2-way,Sealed,,0.0,0,,70.0,,Off,0.0,0.0,,47,Wellington City,Give way,,,,,0.0,0.0,Urban,1.0,,,Fine,Null,1
66488944,,574302,0.0,,0.0,2.0,,East,2021/2022,CLUTHA AVENUE,COCKAYNE ROAD,,Minor Crash,No,2021,,North,,0,,Hill Road,,,,,,Overcast,2092800,1,0.0,0.0,2.0,,,0.0,,,,,,Wellington Region,Nil,2-way,Sealed,,0.0,0,,50.0,,Off,0.0,0.0,,47,Wellington City,Nil,,,,,0.0,0.0,Urban,0.0,,,Fine,Null,1
66488973,,572701,0.0,0.0,0.0,1.0,1.0,South,2020/2021,COLLINS AVENUE,HANDYSIDE STREET,,Non-Injury Crash,No,2020,0.0,West,0.0,0,0.0,Flat,0.0,,0.0,,0.0,Dark,1993100,0,0.0,0.0,2.0,0.0,0.0,0.0,0.0,0.0,,0.0,0.0,Wellington Region,Nil,2-way,Sealed,0.0,0.0,0,0.0,50.0,0.0,On,0.0,0.0,,47,Wellington City,Nil,0.0,0.0,0.0,0.0,0.0,0.0,Urban,0.0,0.0,0.0,Fine,Null,1
66488974,,574303,0.0,,0.0,1.0,,South,2020/2021,WELLINGTON URBAN MOTORWAY,ONSLOW RAIL OBR,,Non-Injury Crash,Yes,2020,,South,,0,,Flat,,,,,,Bright sun,2090402,0,0.0,0.0,3.0,,,0.0,,,,,,Wellington Region,Nil,1-way,Sealed,,0.0,0,,100.0,,Off,0.0,0.0,,47,Wellington City,Nil,,,,,1.0,0.0,Open,0.0,,,Fine,Null,1
66489021,,576901,0.0,0.0,0.0,0.0,0.0,North,2020/2021,BAY ROAD,COUTTS STREET,,Non-Injury Crash,No,2021,0.0,North,0.0,0,0.0,Flat,0.0,,0.0,,0.0,Bright sun,2178400,0,0.0,0.0,2.0,0.0,0.0,0.0,0.0,1.0,,0.0,0.0,Wellington Region,Nil,2-way,Sealed,0.0,0.0,0,0.0,50.0,0.0,Null,1.0,0.0,,47,Wellington City,Unknown,0.0,0.0,0.0,0.0,0.0,0.0,Urban,0.0,0.0,0.0,Null,Null,1
66489029,,576002,0.0,0.0,0.0,1.0,0.0,Null,2020/2021,CLYDE STREET,TAMAR STREET,,Non-Injury Crash,No,2021,0.0,South,0.0,0,0.0,Hill Road,0.0,,0.0,,0.0,Dark,2192600,0,0.0,0.0,2.0,0.0,0.0,0.0,0.0,1.0,,0.0,0.0,Wellington Region,Nil,2-way,Sealed,0.0,0.0,0,0.0,50.0,0.0,On,1.0,0.0,,47,Wellington City,Nil,0.0,0.0,0.0,0.0,0.0,0.0,Urban,0.0,0.0,0.0,Light rain,Null,1
66489051,,576700,1.0,,0.0,1.0,,Null,2021/2022,ALEXANDRA ROAD,LOOKOUT ROAD,,Serious Crash,No,2022,,North,,0,,Hill Road,,Christmas New Year,,,,Bright sun,2185700,0,0.0,0.0,2.0,,,0.0,,,,,,Wellington Region,Nil,2-way,Sealed,,0.0,1,,50.0,,Off,0.0,0.0,,47,Wellington City,Give way,,,,,0.0,0.0,Urban,0.0,,,Fine,Null,0
66489061,,575100,0.0,,0.0,1.0,,South,2020/2021,BEAUCHAMP STREET,KARORI ROAD,,Minor Crash,No,2021,,South,,0,,Flat,,,,,,Bright sun,2114200,1,0.0,0.0,2.0,,,0.0,,,1.0,,,Wellington Region,Nil,2-way,Sealed,,0.0,0,,50.0,,Off,0.0,0.0,,47,Wellington City,Nil,,,,,0.0,0.0,Urban,0.0,,,Fine,Null,1
66489138,,573903,0.0,,0.0,2.0,,North,2019/2020,RUSKIN ROAD,SALFORD STREET,,Non-Injury Crash,No,2019,,North,,0,,Hill Road,,,,,,Bright sun,2074700,0,0.0,0.0,2.0,,,0.0,,,,,,Wellington Region,Nil,2-way,Sealed,,0.0,0,,50.0,,Off,0.0,0.0,,47,Wellington City,Nil,,,,,0.0,0.0,Urban,0.0,,,Fine,Null,0
66489164,,573801,0.0,0.0,0.0,1.0,0.0,South,2021/2022,HELSTON ROAD,CYRIL WAY,,Non-Injury Crash,No,2022,0.0,North,0.0,0,0.0,Flat,0.0,,0.0,,0.0,Overcast,2078800,0,0.0,0.0,2.0,0.0,0.0,0.0,0.0,0.0,,0.0,0.0,Wellington Region,Nil,2-way,Sealed,0.0,0.0,0,0.0,50.0,0.0,Off,0.0,0.0,,47,Wellington City,Nil,0.0,0.0,0.0,0.0,0.0,0.0,Urban,0.0,0.0,0.0,Fine,Null,0
66489204,,572600,0.0,0.0,0.0,0.0,0.0,South,2020/2021,JOHNSONVILLE PORIRUA MOTORWAY,PED SUBWAY,,Non-Injury Crash,Yes,2020,0.0,North,0.0,0,0.0,Hill Road,1.0,,0.0,,0.0,Bright sun,1992600,0,0.0,0.0,4.0,0.0,0.0,0.0,0.0,0.0,,0.0,0.0,Wellington Region,Nil,2-way,Sealed,0.0,0.0,0,0.0,100.0,0.0,Off,0.0,0.0,,47,Wellington City,Nil,0.0,0.0,0.0,0.0,0.0,0.0,Open,1.0,0.0,0.0,Light rain,Null,1
66489207,,572900,0.0,,0.0,2.0,,Null,2019/2020,TINAKORI ROAD,HAWKESTONE STREET,,Non-Injury Crash,No,2020,,North,,0,,Flat,,,,,,Dark,2119500,0,0.0,0.0,2.0,,,0.0,,,,,,Wellington Region,Nil,2-way,Sealed,,0.0,0,,50.0,,On,0.0,1.0,,47,Wellington City,Nil,,,,,0.0,0.0,Urban,0.0,,,Light rain,Null,1
66489257,,572900,0.0,,0.0,0.0,,Null,2021/2022,BOWEN STREET,THE TERRACE,,Minor Crash,No,2021,,West,,0,,Flat,,,,,,Overcast,2122200,1,0.0,1.0,4.0,,,0.0,,,1.0,,,Wellington Region,Nil,2-way,Sealed,,0.0,0,,30.0,,Off,0.0,0.0,,47,Wellington City,Give way,,,,,0.0,0.0,Urban,0.0,,,Fine,Null,1
66489280,,576901,0.0,,0.0,1.0,,Null,2020/2021,COBHAM DRIVE,TROY STREET,,Non-Injury Crash,Yes,2021,,South,,0,,Flat,,,,,,Bright sun,2176800,0,0.0,0.0,2.0,,,0.0,,,,,,Wellington Region,Nil,1-way,Sealed,,0.0,0,,70.0,,None,1.0,0.0,,47,Wellington City,Give way,,,,,0.0,0.0,Urban,0.0,,,Fine,Null,1
66489281,,574500,0.0,,0.0,2.0,,North,2020/2021,WELLINGTON URBAN MOTORWAY,AOTEA OBR,,Non-Injury Crash,Yes,2020,,South,,0,,Flat,,,,,,Dark,2093400,0,0.0,0.0,3.0,,,0.0,,,,,,Wellington Region,Nil,1-way,Sealed,,0.0,0,,100.0,,On,0.0,0.0,70.0,47,Wellington City,Nil,,,,,0.0,0.0,Open,0.0,,,Light rain,Null,1
66489309,,572900,0.0,,0.0,2.0,,South,2020/2021,MOLESWORTH STREET,PIPITEA STREET,,Non-Injury Crash,No,2020,,North,,0,,Flat,,,,,,Overcast,2121200,0,0.0,0.0,2.0,,,0.0,,,,,,Wellington Region,Nil,1-way,Sealed,,0.0,0,,50.0,,Off,0.0,0.0,,47,Wellington City,Nil,,,,,0.0,0.0,Urban,0.0,,,Null,Null,1
66489356,,573000,0.0,,0.0,1.0,,South,2020/2021,WELLINGTON URBAN MOTORWAY,AURORA TERRACE OBR,,Non-Injury Crash,Yes,2021,,South,,0,,Flat,,,,,,Bright sun,2124803,0,0.0,0.0,1.0,,,0.0,,,,,,Wellington Region,Nil,1-way,Sealed,,0.0,0,,100.0,,On,0.0,0.0,80.0,47,Wellington City,Nil,,,,,0.0,0.0,Open,1.0,,,Fine,Null,1
66489410,,576901,0.0,0.0,0.0,1.0,0.0,South,2020/2021,ONEPU ROAD,COCKBURN STREET,,Non-Injury Crash,No,2021,0.0,North,0.0,0,0.0,Flat,0.0,,0.0,,0.0,Twilight,2178802,0,0.0,0.0,2.0,0.0,0.0,0.0,0.0,0.0,,0.0,0.0,Wellington Region,Nil,2-way,Sealed,0.0,0.0,0,0.0,50.0,0.0,On,0.0,0.0,,47,Wellington City,Nil,1.0,0.0,0.0,0.0,0.0,0.0,Urban,0.0,0.0,0.0,Fine,Null,1