OBJECTID,advisorySpeed,areaUnitID,bicycle,bridge,bus,carStationWagon,cliffBank,crashDirectionDescription,crashFinancialYear,crashLocation1,crashLocation2,crashRoadSideRoad,crashSeverity,crashSHDescription,crashYear,debris,directionRoleDescription,ditch,fatalCount,fence,flatHill,guardRail,holiday,houseOrBuilding,intersection,kerb,light,meshblockId,minorInjuryCount,moped,motorcycle,NumberOfLanes,objectThrownOrDropped,otherObject,otherVehicleType,overBank,parkedVehicle,pedestrian,phoneBoxEtc,postOrPole,region,roadCharacter,roadLane,roadSurface,roadworks,schoolBus,seriousInjuryCount,slipOrFlood,speedLimit,strayAnimal,streetLight,suv,taxi,temporarySpeedLimit,tlaId,tlaName,trafficControl,trafficIsland,trafficSign,train,tree,truck,unknownVehicleType,urban,vanOrUtility,vehicle,waterRiver,weatherA,weatherB,if_pandemic
66489442,,575300,0.0,,0.0,1.0,,North,2020/2021,GLENMORE STREET,GARDEN ROAD,,Non-Injury Crash,No,2021,,North,,0,,Hill Road,,,,,,Bright sun,2153501,0,0.0,0.0,2.0,,,0.0,,,,,,Wellington Region,Nil,2-way,Sealed,,0.0,0,,50.0,,Off,1.0,0.0,,47,Wellington City,Nil,,,,,0.0,0.0,Urban,0.0,,,Null,Null,1
66489457,,574002,0.0,0.0,0.0,1.0,1.0,Null,2020/2021,HUTT ROAD OFF RAMP,CENTENNIAL HIGHWAY,,Non-Injury Crash,No,2020,0.0,North,0.0,0,0.0,Flat,0.0,,0.0,,0.0,Overcast,2078302,0,0.0,0.0,4.0,0.0,0.0,0.0,0.0,0.0,,0.0,0.0,Wellington Region,Underpass,2-way,Sealed,0.0,0.0,0,0.0,80.0,0.0,Off,0.0,0.0,,47,Wellington City,Traffic Signals,0.0,0.0,0.0,0.0,0.0,0.0,Open,0.0,0.0,0.0,Fine,Null,1
66489548,,572900,0.0,0.0,0.0,1.0,0.0,West,2020/2021,AITKEN STREET,MULGRAVE STREET,,Non-Injury Crash,No,2021,0.0,South,0.0,0,0.0,Flat,0.0,,0.0,,0.0,Unknown,2121400,0,0.0,0.0,2.0,0.0,0.0,0.0,0.0,1.0,,0.0,0.0,Wellington Region,Nil,2-way,Sealed,0.0,0.0,0,0.0,50.0,0.0,Null,0.0,0.0,,47,Wellington City,Nil,0.0,0.0,0.0,0.0,1.0,0.0,Urban,0.0,0.0,0.0,Null,Null,1
66489551,,576200,0.0,,0.0,0.0,,Null,2020/2021,ADELAIDE ROAD,HERALD STREET,,Serious Crash,No,2021,,North,,0,,Flat,,,,,,Overcast,2172500,0,0.0,1.0,2.0,,,0.0,,,,,,Wellington Region,Nil,2-way,Sealed,,0.0,1,,50.0,,Off,0.0,0.0,,47,Wellington City,Traffic Signals,,,,,0.0,0.0,Urban,1.0,,,Fine,Null,1
66489600,,573400,0.0,0.0,0.0,1.0,0.0,Null,2021/2022,PATERSON STREET,DUFFERIN STREET,,Minor Crash,Yes,2021,0.0,West,0.0,0,1.0,Hill Road,0.0,,0.0,,0.0,Dark,2143300,1,0.0,0.0,2.0,0.0,0.0,0.0,0.0,0.0,,0.0,0.0,Wellington Region,Nil,2-way,Sealed,0.0,0.0,0,0.0,50.0,0.0,On,0.0,0.0,,47,Wellington City,Traffic Signals,0.0,0.0,0.0,0.0,0.0,0.0,Urban,0.0,0.0,0.0,Fine,Null,1
66489618,,573700,0.0,,0.0,2.0,,North,2020/2021,FRASER AVENUE,POLLEN STREET,,Non-Injury Crash,No,2020,,South,,0,,Hill Road,,,,,,Dark,2083400,0,0.0,0.0,2.0,,,0.0,,,,,,Wellington Region,Nil,2-way,Sealed,,0.0,0,,50.0,,On,0.0,0.0,,47,Wellington City,Nil,,,,,0.0,0.0,Urban,0.0,,,Light rain,Strong wind,1
66489627,,574001,0.0,,0.0,1.0,,North,2020/2021,CENTENNIAL HIGHWAY,NEWLANDS ON RAMP,,Non-Injury Crash,Yes,2021,,South,,0,,Hill Road,,,,,,Overcast,2077600,0,0.0,0.0,3.0,,,0.0,,,,,,Wellington Region,Nil,1-way,Sealed,,0.0,0,,80.0,,Off,1.0,0.0,,47,Wellington City,Nil,,,,,0.0,0.0,Open,0.0,,,Null,Null,1
66489631,,573000,0.0,0.0,0.0,1.0,0.0,North,2020/2021,WELLINGTON URBAN MOTORWAY,AURORA TERRACE OBR,,Non-Injury Crash,Yes,2020,0.0,North,0.0,0,0.0,Flat,1.0,,0.0,,0.0,Bright sun,2124500,0,0.0,0.0,3.0,0.0,0.0,0.0,0.0,0.0,,0.0,0.0,Wellington Region,Nil,1-way,Sealed,0.0,0.0,0,0.0,60.0,0.0,Off,0.0,0.0,,47,Wellington City,Nil,0.0,0.0,0.0,0.0,0.0,0.0,Urban,1.0,0.0,0.0,Fine,Null,1
66489673,,573200,0.0,,0.0,1.0,,Null,2020/2021,ARO STREET,DEVON STREET,,Non-Injury Crash,No,2021,,West,,0,,Flat,,,,,,Unknown,2158800,0,0.0,0.0,2.0,,,0.0,,,,,,Wellington Region,Nil,2-way,Sealed,,0.0,0,,30.0,,Null,0.0,0.0,,47,Wellington City,Stop,,,,,0.0,0.0,Urban,1.0,,,Null,Null,1
66489683,,573000,0.0,,0.0,2.0,,Null,2020/2021,HUNTER STREET,VICTORIA STREET,,Non-Injury Crash,No,2021,,East,,0,,Flat,,,,,,Overcast,2125900,0,0.0,0.0,2.0,,,0.0,,,,,,Wellington Region,Nil,1-way,Sealed,,0.0,0,,30.0,,Off,0.0,0.0,,47,Wellington City,Traffic Signals,,,,,0.0,0.0,Urban,0.0,,,Fine,Null,1
66489713,,573101,0.0,0.0,0.0,0.0,0.0,South,2020/2021,INGLEWOOD PLACE,DIXON STREET,,Non-Injury Crash,No,2020,0.0,North,0.0,0,0.0,Null,0.0,,0.0,,0.0,Unknown,2133408,0,0.0,0.0,2.0,0.0,0.0,0.0,0.0,1.0,,0.0,0.0,Wellington Region,Nil,2-way,Sealed,0.0,0.0,0,0.0,30.0,0.0,Null,1.0,0.0,,47,Wellington City,Nil,0.0,0.0,0.0,0.0,0.0,0.0,Urban,0.0,0.0,0.0,Null,Null,1
66489725,,573000,0.0,,0.0,2.0,,Null,2020/2021,CUSTOMHOUSE QUAY,POST OFFICE SQUARE,,Non-Injury Crash,No,2021,,South,,0,,Flat,,,,,,Bright sun,2125900,0,0.0,0.0,2.0,,,0.0,,,,,,Wellington Region,Nil,2-way,Sealed,,0.0,0,,30.0,,Off,0.0,0.0,,47,Wellington City,Give way,,,,,0.0,0.0,Urban,0.0,,,Fine,Null,1
66489777,,572900,0.0,0.0,0.0,2.0,0.0,South,2020/2021,MULGRAVE STREET,PIPITEA STREET,,Non-Injury Crash,No,2020,0.0,South,0.0,0,0.0,Flat,0.0,,0.0,,0.0,Unknown,2121200,0,0.0,0.0,2.0,0.0,0.0,0.0,0.0,1.0,,0.0,0.0,Wellington Region,Nil,1-way,Sealed,0.0,0.0,0,0.0,50.0,0.0,Off,0.0,1.0,,47,Wellington City,Nil,0.0,0.0,0.0,0.0,0.0,0.0,Urban,0.0,0.0,0.0,Fine,Null,1
66489790,,573000,0.0,0.0,0.0,1.0,1.0,North,2020/2021,KARO DRIVE,ABEL SMITH STREET,,Non-Injury Crash,Yes,2020,0.0,North,0.0,0,0.0,Hill Road,0.0,Christmas New Year,0.0,,0.0,Bright sun,2130200,0,0.0,0.0,2.0,0.0,0.0,0.0,0.0,0.0,,0.0,0.0,Wellington Region,Motorway ramp,1-way,Sealed,0.0,0.0,0,0.0,50.0,0.0,Off,0.0,0.0,,47,Wellington City,Nil,0.0,0.0,0.0,0.0,0.0,0.0,Urban,0.0,0.0,0.0,Fine,Null,1
66489825,,577000,0.0,,0.0,1.0,,East,2020/2021,WHA STREET,PALM AVENUE,,Minor Crash,No,2021,,West,,0,,Flat,,,,,,Bright sun,2174800,1,1.0,0.0,2.0,,,0.0,,,,,,Wellington Region,Nil,2-way,Sealed,,0.0,0,,50.0,,Off,0.0,0.0,,47,Wellington City,Unknown,,,,,0.0,0.0,Urban,0.0,,,Fine,Null,1
66489829,,574500,0.0,,0.0,2.0,,Null,2021/2022,HUTT ROAD,SCHOOL ROAD,,Minor Crash,No,2021,,North,,0,,Flat,,,,,,Bright sun,2093600,1,0.0,0.0,4.0,,,0.0,,,,,,Wellington Region,Nil,2-way,Sealed,,0.0,0,,60.0,,Off,0.0,0.0,,47,Wellington City,Give way,,,,,0.0,0.0,Urban,1.0,,,Fine,Null,1
66489845,,573101,0.0,,0.0,1.0,,West,2020/2021,VIVIAN STREET,TARANAKI STREET,,Non-Injury Crash,Yes,2021,,East,,0,,Flat,,,,,,Dark,2133700,0,0.0,0.0,3.0,,,0.0,,,,,,Wellington Region,Nil,1-way,Sealed,,0.0,0,,50.0,,On,0.0,0.0,,47,Wellington City,Nil,,,,,0.0,0.0,Urban,1.0,,,Fine,Null,1
66489910,,573200,0.0,,0.0,1.0,,Null,2020/2021,ARO STREET,OHIRO ROAD,,Non-Injury Crash,No,2021,,East,,0,,Hill Road,,Queens Birthday,,,,Dark,2159201,0,0.0,0.0,2.0,,,0.0,,,1.0,,,Wellington Region,Nil,2-way,Sealed,,0.0,0,,50.0,,On,0.0,0.0,,47,Wellington City,Give way,,,,,0.0,0.0,Urban,0.0,,,Fine,Null,1
66489921,,574800,0.0,0.0,0.0,1.0,0.0,West,2020/2021,WHITEHEAD ROAD,CURTIS STREET,,Non-Injury Crash,No,2020,0.0,West,0.0,0,1.0,Hill Road,0.0,,0.0,,0.0,Dark,2106200,0,0.0,0.0,2.0,0.0,0.0,0.0,0.0,0.0,,0.0,0.0,Wellington Region,Nil,2-way,Sealed,0.0,0.0,0,0.0,50.0,0.0,On,0.0,0.0,,47,Wellington City,Nil,0.0,0.0,0.0,0.0,0.0,0.0,Urban,0.0,0.0,0.0,Fine,Null,1
66489935,,576700,0.0,,1.0,1.0,,South,2020/2021,GRAFTON ROAD,PALLISER ROAD,,Minor Crash,No,2021,,South,,0,,Flat,,,,,,Overcast,2186000,1,0.0,0.0,2.0,,,0.0,,,,,,Wellington Region,Nil,2-way,Sealed,,0.0,0,,50.0,,Off,0.0,0.0,,47,Wellington City,Nil,,,,,0.0,0.0,Urban,0.0,,,Fine,Null,1
66489962,25.0,577700,0.0,0.0,0.0,1.0,1.0,South,2020/2021,MAKARA ROAD,MAKARA CEMETERY,,Non-Injury Crash,No,2020,0.0,West,0.0,0,0.0,Hill Road,0.0,,0.0,,0.0,Dark,2116801,0,0.0,0.0,1.0,0.0,0.0,0.0,0.0,0.0,,0.0,0.0,Wellington Region,Nil,2-way,Sealed,0.0,0.0,0,0.0,50.0,0.0,None,0.0,0.0,,47,Wellington City,Nil,0.0,0.0,0.0,0.0,0.0,0.0,Urban,0.0,0.0,0.0,Fine,Null,1
66490006,,573400,0.0,,0.0,2.0,,North,2020/2021,PATERSON STREET,WEST PORTAL,,Non-Injury Crash,Yes,2021,,North,,0,,Hill Road,,,,,,Bright sun,2143300,0,0.0,0.0,3.0,,,0.0,,,,,,Wellington Region,Tunnel,2-way,Sealed,,0.0,0,,50.0,,Off,0.0,0.0,,47,Wellington City,Nil,,,,,0.0,0.0,Urban,0.0,,,Fine,Null,1
66490010,,573000,0.0,,0.0,1.0,,North,2020/2021,WELLINGTON URBAN MOTORWAY,KARO DRIVE,,Non-Injury Crash,Yes,2020,,North,,0,,Flat,,,,,,Overcast,2129600,0,0.0,0.0,2.0,,,0.0,,,,,,Wellington Region,Nil,1-way,Sealed,,0.0,0,,70.0,,Off,2.0,0.0,50.0,47,Wellington City,Nil,,,,,0.0,0.0,Urban,0.0,,,Fine,Null,1
66490070,,574002,0.0,0.0,0.0,1.0,0.0,North,2020/2021,CENTENNIAL HIGHWAY,NIMT OBR,,Non-Injury Crash,Yes,2021,0.0,South,0.0,0,0.0,Hill Road,0.0,,0.0,,1.0,Dark,2078304,0,0.0,0.0,3.0,0.0,0.0,0.0,0.0,0.0,,0.0,0.0,Wellington Region,Motorway ramp,1-way,Sealed,0.0,0.0,0,0.0,100.0,0.0,On,0.0,0.0,,47,Wellington City,Nil,1.0,0.0,0.0,0.0,0.0,0.0,Open,0.0,0.0,0.0,Light rain,Null,1
66490074,,572500,0.0,0.0,1.0,0.0,0.0,West,2020/2021,REDWOOD AVENUE,MAIN ROAD,,Non-Injury Crash,No,2020,0.0,West,0.0,0,0.0,Null,0.0,,0.0,,0.0,Unknown,1988300,0,0.0,0.0,2.0,0.0,0.0,0.0,0.0,1.0,,0.0,0.0,Wellington Region,Nil,2-way,Sealed,0.0,0.0,0,0.0,50.0,0.0,Null,1.0,0.0,,47,Wellington City,Unknown,0.0,0.0,0.0,0.0,0.0,0.0,Urban,0.0,0.0,0.0,Null,Null,1
66490076,,573525,0.0,,0.0,2.0,,Null,2021/2022,TAKAPU ROAD,JAMAICA DRIVE,,Minor Crash,No,2022,,South,,0,,Flat,,,,,,Overcast,2053829,2,0.0,0.0,3.0,,,0.0,,,,,,Wellington Region,Nil,2-way,Sealed,,0.0,0,,70.0,,Off,0.0,0.0,,47,Wellington City,Give way,,,,,0.0,0.0,Urban,0.0,,,Fine,Null,0
66490098,,572900,0.0,0.0,1.0,1.0,0.0,Null,2019/2020,THORNDON QUAY,MULGRAVE STREET,,Non-Injury Crash,No,2020,0.0,North,0.0,0,0.0,Flat,0.0,,0.0,,0.0,Overcast,2122800,0,0.0,0.0,3.0,0.0,0.0,0.0,0.0,0.0,,0.0,0.0,Wellington Region,Nil,2-way,Sealed,0.0,0.0,0,0.0,50.0,0.0,Off,0.0,0.0,,47,Wellington City,Traffic Signals,0.0,0.0,0.0,0.0,0.0,0.0,Urban,0.0,1.0,0.0,Light rain,Null,1
66490110,,572702,0.0,0.0,0.0,1.0,0.0,South,2020/2021,WOODMAN DRIVE,PIKITANGA CLOSE,,Non-Injury Crash,No,2020,0.0,North,0.0,0,0.0,Flat,0.0,,0.0,,0.0,Bright sun,2053817,0,0.0,0.0,2.0,0.0,0.0,0.0,0.0,1.0,,0.0,0.0,Wellington Region,Nil,2-way,Sealed,0.0,0.0,0,0.0,50.0,0.0,Off,1.0,0.0,,47,Wellington City,Unknown,0.0,0.0,0.0,0.0,0.0,0.0,Urban,0.0,0.0,0.0,Fine,Null,1
66490131,,572600,0.0,,0.0,1.0,,Null,2020/2021,LYNDHURST ROAD,MAIN ROAD,,Non-Injury Crash,No,2021,,East,,0,,Null,,,,,,Bright sun,1990600,0,0.0,0.0,1.0,,,0.0,,,,,,Wellington Region,Nil,1-way,Sealed,,0.0,0,,50.0,,Off,1.0,0.0,,47,Wellington City,Give way,,,,,0.0,0.0,Urban,0.0,,,Fine,Null,1
66490163,,573400,0.0,,0.0,2.0,,Null,2021/2022,HAWKER STREET,DUKE STREET,,Minor Crash,No,2021,,North,,0,,Hill Road,,,,,,Dark,2139400,2,0.0,0.0,2.0,,,0.0,,,,,,Wellington Region,Nil,2-way,Sealed,,0.0,0,,50.0,,On,0.0,0.0,,47,Wellington City,Nil,,,,,0.0,0.0,Urban,0.0,,,Fine,Null,1
66490174,,573511,0.0,0.0,0.0,1.0,0.0,North,2020/2021,WESTCHESTER DRIVE,MIDDLETON ROAD,,Non-Injury Crash,No,2021,0.0,East,0.0,0,0.0,Hill Road,1.0,,0.0,,0.0,Bright sun,2086502,0,0.0,0.0,2.0,0.0,0.0,0.0,0.0,0.0,,0.0,0.0,Wellington Region,Nil,2-way,Sealed,0.0,0.0,0,0.0,50.0,0.0,Off,0.0,0.0,,47,Wellington City,Nil,0.0,0.0,0.0,0.0,0.0,0.0,Urban,0.0,0.0,0.0,Fine,Null,1
66490284,,574304,1.0,,0.0,0.0,,South,2021/2022,BURMA ROAD,KIM STREET,,Minor Crash,No,2022,,North,,0,,Flat,,,,,,Bright sun,2088800,1,0.0,0.0,2.0,,,0.0,,,1.0,,,Wellington Region,Nil,2-way,Sealed,,0.0,0,,50.0,,Off,0.0,0.0,,47,Wellington City,Unknown,,,,,1.0,0.0,Urban,0.0,,,Fine,Null,0
66490293,,574303,0.0,0.0,0.0,1.0,0.0,North,2020/2021,WELLINGTON URBAN MOTORWAY,ONSLOW RAIL OBR,,Non-Injury Crash,Yes,2021,0.0,South,0.0,0,0.0,Flat,1.0,,0.0,,0.0,Dark,2090402,0,0.0,0.0,3.0,0.0,0.0,0.0,0.0,0.0,,0.0,0.0,Wellington Region,Nil,1-way,Sealed,0.0,0.0,0,0.0,100.0,0.0,On,0.0,0.0,,47,Wellington City,Nil,0.0,0.0,0.0,0.0,0.0,0.0,Open,0.0,0.0,0.0,Fine,Null,1
66490307,,576800,0.0,,0.0,2.0,,North,2021/2022,ALEXANDRA ROAD,UPOKO ROAD,,Non-Injury Crash,No,2021,,South,,0,,Flat,,,,,,Unknown,2184700,0,0.0,0.0,2.0,,,0.0,,,,,,Wellington Region,Nil,2-way,Sealed,,0.0,0,,50.0,,Null,0.0,0.0,,47,Wellington City,Nil,,,,,0.0,0.0,Urban,0.0,,,Null,Null,1
66490314,,573903,0.0,,0.0,1.0,,Null,2020/2021,NEWLANDS ROAD,NEWLANDS ON RAMP,,Non-Injury Crash,No,2020,,West,,0,,Hill Road,,,,,,Overcast,2075103,0,0.0,0.0,2.0,,,0.0,,,,,,Wellington Region,Nil,2-way,Sealed,,0.0,0,,50.0,,Off,1.0,0.0,,47,Wellington City,Nil,,,,,0.0,0.0,Urban,0.0,,,Heavy rain,Null,1
66490368,,573101,0.0,0.0,0.0,2.0,0.0,Null,2020/2021,COURTENAY PLACE,ALLEN STREET,,Non-Injury Crash,No,2021,0.0,North,0.0,0,0.0,Flat,0.0,,0.0,,0.0,Dark,2136000,0,0.0,0.0,1.0,0.0,0.0,0.0,0.0,1.0,,0.0,0.0,Wellington Region,Nil,1-way,Sealed,0.0,0.0,0,0.0,30.0,0.0,On,0.0,0.0,,47,Wellington City,Nil,0.0,0.0,0.0,0.0,0.0,0.0,Urban,0.0,0.0,0.0,Light rain,Null,1
66490389,,573101,0.0,0.0,0.0,1.0,0.0,South,2020/2021,COURTENAY PLACE,COURTENAY PLACE,,Non-Injury Crash,No,2021,0.0,East,0.0,0,0.0,Flat,0.0,,0.0,,0.0,Dark,2136000,0,0.0,0.0,1.0,0.0,0.0,0.0,0.0,1.0,,0.0,0.0,Wellington Region,Nil,1-way,Sealed,0.0,0.0,0,0.0,30.0,0.0,On,1.0,0.0,,47,Wellington City,Nil,0.0,0.0,0.0,0.0,0.0,0.0,Urban,0.0,0.0,0.0,Fine,Null,1
66490397,,572900,0.0,,0.0,0.0,,Null,2021/2022,MOLESWORTH STREET,AITKEN STREET,,Non-Injury Crash,No,2021,,North,,0,,Hill Road,,,,,,Dark,2122400,0,0.0,0.0,2.0,,,0.0,,,,,,Wellington Region,Nil,1-way,Sealed,,0.0,0,,50.0,,On,0.0,0.0,,47,Wellington City,Traffic Signals,,,,,0.0,0.0,Urban,2.0,,,Light rain,Null,1
66490520,,574200,0.0,0.0,0.0,2.0,1.0,North,2020/2021,KIMBERLEY WAY,KIM STREET,,Non-Injury Crash,No,2021,0.0,East,0.0,0,0.0,Hill Road,0.0,,0.0,,0.0,Twilight,2088000,0,0.0,0.0,2.0,0.0,0.0,0.0,0.0,1.0,,1.0,0.0,Wellington Region,Nil,2-way,Sealed,0.0,0.0,0,0.0,50.0,0.0,Off,0.0,0.0,,47,Wellington City,Nil,0.0,0.0,0.0,0.0,0.0,0.0,Urban,0.0,0.0,0.0,Fine,Null,1
66490526,,576600,0.0,,0.0,2.0,,East,2021/2022,ORIENTAL PARADE,FREYBERG POOL CPK ENT,,Non-Injury Crash,No,2021,,East,,0,,Flat,,Labour Weekend,,,,Bright sun,2137900,0,0.0,0.0,2.0,,,0.0,,,,,,Wellington Region,Nil,2-way,Sealed,,0.0,0,,40.0,,Off,0.0,0.0,,47,Wellington City,Nil,,,,,0.0,0.0,Urban,0.0,,,Fine,Null,1
66490527,,576002,0.0,0.0,0.0,1.0,0.0,North,2020/2021,BRIGHTON STREET,LINWOOD WAY,,Non-Injury Crash,No,2021,0.0,North,0.0,0,0.0,Null,0.0,,0.0,,0.0,Unknown,2189800,0,0.0,0.0,2.0,0.0,0.0,0.0,0.0,1.0,,0.0,0.0,Wellington Region,Nil,2-way,Sealed,0.0,0.0,0,0.0,50.0,0.0,Null,1.0,0.0,,47,Wellington City,Unknown,0.0,0.0,0.0,0.0,0.0,0.0,Urban,0.0,0.0,0.0,Null,Null,1
66490531,,573101,0.0,0.0,0.0,2.0,0.0,Null,2021/2022,CABLE STREET,ORIENTAL PARADE,,Non-Injury Crash,No,2021,0.0,South,0.0,0,0.0,Flat,0.0,,0.0,,0.0,Dark,2135500,0,0.0,0.0,3.0,0.0,0.0,0.0,0.0,0.0,,0.0,0.0,Wellington Region,Nil,1-way,Sealed,0.0,0.0,0,0.0,50.0,0.0,On,0.0,0.0,,47,Wellington City,Traffic Signals,0.0,1.0,0.0,0.0,0.0,0.0,Urban,0.0,0.0,0.0,Heavy rain,Null,1
66490576,,573000,0.0,,0.0,2.0,,Null,2020/2021,BOULCOTT STREET,WILLIS STREET,,Non-Injury Crash,No,2020,,South,,0,,Null,,,,,,Overcast,2128100,0,0.0,0.0,2.0,,,0.0,,,,,,Wellington Region,Nil,2-way,Sealed,,0.0,0,,30.0,,Null,0.0,0.0,,47,Wellington City,Traffic Signals,,,,,0.0,0.0,Urban,0.0,,,Null,Null,1
66490582,,574702,0.0,,0.0,2.0,,East,2021/2022,CECIL ROAD,EUSTON ROAD,,Non-Injury Crash,No,2021,,North,,0,,Hill Road,,,,,,Unknown,2102002,0,0.0,0.0,2.0,,,0.0,,,,,,Wellington Region,Nil,2-way,Sealed,,0.0,0,,50.0,,Null,0.0,0.0,,47,Wellington City,Nil,,,,,0.0,0.0,Urban,0.0,,,Null,Null,1
66490586,35.0,576903,0.0,,1.0,1.0,,Null,2020/2021,MOXHAM AVENUE,KUPE STREET,,Minor Crash,No,2021,,North,,0,,Flat,,Queens Birthday,,,,Twilight,2181500,1,0.0,0.0,2.0,,,0.0,,,,,,Wellington Region,Nil,2-way,Sealed,,0.0,0,,50.0,,On,0.0,1.0,,47,Wellington City,Give way,,,,,0.0,0.0,Urban,0.0,,,Fine,Null,1
66490604,,576901,0.0,,0.0,2.0,,Null,2020/2021,COBHAM DRIVE,TROY STREET,,Non-Injury Crash,Yes,2021,,West,,0,,Flat,,,,,,Dark,2176800,0,0.0,0.0,2.0,,,0.0,,,,,,Wellington Region,Nil,1-way,Sealed,,0.0,0,,70.0,,On,0.0,0.0,,47,Wellington City,Give way,,,,,0.0,0.0,Urban,0.0,,,Fine,Null,1
66490611,,576903,0.0,0.0,0.0,2.0,0.0,South,2020/2021,CRAWFORD ROAD,WELLINGTON ROAD,,Non-Injury Crash,No,2021,0.0,South,0.0,0,0.0,Hill Road,0.0,,0.0,,0.0,Unknown,2180500,0,0.0,0.0,2.0,0.0,0.0,0.0,0.0,1.0,,0.0,0.0,Wellington Region,Nil,2-way,Sealed,0.0,0.0,0,0.0,50.0,0.0,Null,0.0,0.0,,47,Wellington City,Nil,0.0,0.0,0.0,0.0,0.0,0.0,Urban,0.0,0.0,0.0,Null,Null,1
66490626,,573200,0.0,,0.0,1.0,,Null,2021/2022,ARO STREET,DEVON STREET,,Non-Injury Crash,No,2021,,East,,0,,Flat,,,,,,Overcast,2157600,0,0.0,0.0,2.0,,,0.0,,,,,,Wellington Region,Nil,2-way,Sealed,,0.0,0,,30.0,,None,0.0,0.0,,47,Wellington City,Stop,,,,,0.0,0.0,Urban,1.0,,,Fine,Null,1
66490694,,572600,0.0,,0.0,0.0,,South,2021/2022,MAIN ROAD,OXFORD STREET,,Non-Injury Crash,No,2021,,North,,0,,Flat,,,,,,Bright sun,1992300,0,0.0,0.0,2.0,,,0.0,,,,,,Wellington Region,Nil,2-way,Sealed,,0.0,0,,50.0,,Off,2.0,0.0,,47,Wellington City,Nil,,,,,0.0,0.0,Urban,0.0,,,Fine,Null,1
66490695,,574002,0.0,,0.0,1.0,,North,2020/2021,HUTT ROAD,RAILYARD ENTRY,,Non-Injury Crash,Yes,2021,,North,,0,,Flat,,,,,,Unknown,2078302,0,0.0,0.0,2.0,,,0.0,,,,,,Wellington Region,Nil,1-way,Sealed,,0.0,0,,100.0,,Null,1.0,0.0,,47,Wellington City,Nil,,,,,0.0,0.0,Open,0.0,,,Null,Null,1
66490735,,576001,0.0,,0.0,2.0,,Null,2021/2022,EDEN STREET,DEE STREET,,Non-Injury Crash,No,2021,,West,,0,,Hill Road,,,,,,Overcast,2193400,0,0.0,0.0,2.0,,,0.0,,,,,,Wellington Region,Nil,2-way,Sealed,,0.0,0,,50.0,,Off,0.0,0.0,,47,Wellington City,Nil,,,,,0.0,0.0,Urban,0.0,,,Light rain,Null,1
66490778,,574800,0.0,,0.0,1.0,,Null,2020/2021,PARKVALE ROAD,KARORI ROAD,,Non-Injury Crash,No,2020,,South,,0,,Flat,,,,,,Overcast,2107600,0,0.0,0.0,2.0,,,0.0,,,,,,Wellington Region,Nil,2-way,Sealed,,0.0,0,,50.0,,Off,0.0,0.0,,47,Wellington City,Traffic Signals,,,,,1.0,0.0,Urban,0.0,,,Fine,Null,1
66490801,,574900,0.0,0.0,0.0,1.0,0.0,North,2020/2021,MONTGOMERY AVENUE,VICTORY AVENUE,,Non-Injury Crash,No,2021,0.0,North,0.0,0,0.0,Flat,0.0,,0.0,,0.0,Overcast,2108303,0,0.0,0.0,2.0,0.0,0.0,0.0,0.0,1.0,,0.0,0.0,Wellington Region,Nil,2-way,Sealed,0.0,0.0,0,0.0,50.0,0.0,Off,1.0,0.0,,47,Wellington City,Nil,0.0,0.0,0.0,0.0,0.0,0.0,Urban,0.0,0.0,0.0,Fine,Null,1
66490856,,572701,0.0,0.0,0.0,1.0,0.0,West,2021/2022,ROBERTS STREET,TREMEWAN STREET,,Non-Injury Crash,No,2021,0.0,South,0.0,0,0.0,Flat,0.0,,0.0,,0.0,Dark,1995500,0,0.0,0.0,2.0,0.0,1.0,0.0,0.0,0.0,,0.0,0.0,Wellington Region,Nil,2-way,Sealed,0.0,0.0,0,0.0,50.0,0.0,On,0.0,0.0,,47,Wellington City,Nil,0.0,0.0,0.0,0.0,0.0,0.0,Urban,0.0,0.0,0.0,Fine,Null,1
66490863,,575200,0.0,0.0,0.0,1.0,0.0,North,2021/2022,CURTIS STREET,CHAYTOR STREET,,Non-Injury Crash,No,2022,0.0,North,0.0,0,1.0,Hill Road,0.0,,0.0,,0.0,Dark,2149700,0,0.0,0.0,2.0,0.0,0.0,0.0,0.0,0.0,,0.0,0.0,Wellington Region,Nil,2-way,Sealed,0.0,0.0,0,0.0,50.0,0.0,On,0.0,0.0,,47,Wellington City,Nil,0.0,0.0,0.0,0.0,0.0,0.0,Urban,0.0,0.0,0.0,Fine,Null,0
66490894,,572701,0.0,0.0,0.0,1.0,0.0,South,2022/2023,BELL STREET,MASSEY STREET,,Minor Crash,No,2022,0.0,North,0.0,0,0.0,Hill Road,0.0,,0.0,,0.0,Bright sun,1995900,1,0.0,0.0,2.0,0.0,0.0,0.0,0.0,0.0,,0.0,1.0,Wellington Region,Nil,2-way,Sealed,0.0,0.0,0,0.0,50.0,0.0,Off,0.0,0.0,,47,Wellington City,Nil,0.0,0.0,0.0,0.0,0.0,0.0,Urban,0.0,0.0,0.0,Fine,Null,0
66490917,,576901,0.0,0.0,0.0,1.0,0.0,South,2020/2021,BAY ROAD,RONGOTAI ROAD,,Non-Injury Crash,No,2020,0.0,North,0.0,0,0.0,Flat,0.0,,0.0,,0.0,Unknown,2178400,0,0.0,0.0,2.0,0.0,0.0,0.0,0.0,1.0,,0.0,0.0,Wellington Region,Nil,2-way,Sealed,0.0,0.0,0,0.0,,0.0,Null,1.0,0.0,,47,Wellington City,Unknown,0.0,0.0,0.0,0.0,0.0,0.0,Urban,0.0,0.0,0.0,Null,Null,1