OBJECTID,advisorySpeed,areaUnitID,bicycle,bridge,bus,carStationWagon,cliffBank,crashDirectionDescription,crashFinancialYear,crashLocation1,crashLocation2,crashRoadSideRoad,crashSeverity,crashSHDescription,crashYear,debris,directionRoleDescription,ditch,fatalCount,fence,flatHill,guardRail,holiday,houseOrBuilding,intersection,kerb,light,meshblockId,minorInjuryCount,moped,motorcycle,NumberOfLanes,objectThrownOrDropped,otherObject,otherVehicleType,overBank,parkedVehicle,pedestrian,phoneBoxEtc,postOrPole,region,roadCharacter,roadLane,roadSurface,roadworks,schoolBus,seriousInjuryCount,slipOrFlood,speedLimit,strayAnimal,streetLight,suv,taxi,temporarySpeedLimit,tlaId,tlaName,trafficControl,trafficIsland,trafficSign,train,tree,truck,unknownVehicleType,urban,vanOrUtility,vehicle,waterRiver,weatherA,weatherB,if_pandemic
66490920,,573526,0.0,,0.0,2.0,,West,2021/2022,HUTT ROAD,HOROKIWI ROAD,,Minor Crash,Yes,2022,,South,,0,,Flat,,,,,,Overcast,2086403,1,0.0,1.0,4.0,,,0.0,,,,,,Wellington Region,Nil,2-way,Sealed,,0.0,0,,100.0,,Off,0.0,0.0,,47,Wellington City,Nil,,,,,0.0,0.0,Open,0.0,,,Fine,Null,0
66490975,,573000,0.0,0.0,0.0,1.0,0.0,Null,2020/2021,FEATHERSTON STREET,BALLANCE STREET,,Non-Injury Crash,No,2020,0.0,South,0.0,0,0.0,Flat,0.0,,0.0,,0.0,Twilight,2125000,0,0.0,0.0,2.0,0.0,0.0,0.0,0.0,1.0,,0.0,0.0,Wellington Region,Nil,1-way,Sealed,0.0,0.0,0,0.0,30.0,0.0,Off,0.0,0.0,,47,Wellington City,Give way,0.0,0.0,0.0,0.0,0.0,0.0,Urban,0.0,0.0,0.0,Fine,Null,1
66490976,,577700,0.0,0.0,0.0,1.0,1.0,East,2021/2022,OHARIU VALLEY ROAD,RIFLE RANGE ROAD,,Non-Injury Crash,No,2021,0.0,West,0.0,0,1.0,Flat,0.0,Christmas New Year,0.0,,0.0,Dark,2117003,0,0.0,0.0,2.0,0.0,0.0,0.0,0.0,0.0,,0.0,0.0,Wellington Region,Nil,2-way,Sealed,0.0,0.0,0,0.0,50.0,0.0,None,0.0,0.0,,47,Wellington City,Nil,0.0,0.0,0.0,0.0,0.0,0.0,Urban,0.0,0.0,0.0,Heavy rain,Null,1
66491003,,574100,0.0,,0.0,2.0,,South,2021/2022,CENTENNIAL HIGHWAY,NEWLANDS ON RAMP,,Non-Injury Crash,Yes,2021,,North,,0,,Hill Road,,,,,,Overcast,2084600,0,0.0,0.0,3.0,,,0.0,,,,,,Wellington Region,Nil,1-way,Sealed,,0.0,0,,100.0,,Off,0.0,0.0,,47,Wellington City,Nil,,,,,1.0,0.0,Open,0.0,,,Light rain,Null,1
66491007,,573000,0.0,,0.0,2.0,,South,2021/2022,WATERLOO QUAY,BUNNY STREET,,Minor Crash,No,2021,,North,,0,,Flat,,,,,,Bright sun,2124300,1,0.0,0.0,3.0,,,0.0,,,,,,Wellington Region,Nil,1-way,Sealed,,0.0,0,,50.0,,Off,0.0,0.0,,47,Wellington City,Nil,,,,,0.0,0.0,Urban,0.0,,,Fine,Strong wind,1
66491048,,575300,0.0,0.0,0.0,1.0,0.0,East,2020/2021,UPLAND ROAD,ST MICHAELS CRESCENT,,Minor Crash,No,2021,0.0,East,0.0,0,0.0,Flat,0.0,,0.0,,0.0,Overcast,2154800,3,0.0,0.0,2.0,0.0,0.0,0.0,0.0,1.0,,0.0,0.0,Wellington Region,Nil,2-way,Sealed,0.0,0.0,0,0.0,50.0,0.0,Off,1.0,0.0,,47,Wellington City,Nil,0.0,0.0,0.0,0.0,1.0,0.0,Urban,1.0,0.0,0.0,Light rain,Strong wind,1
66491057,,572900,0.0,0.0,0.0,0.0,0.0,Null,2020/2021,WELLINGTON URBAN MOTORWAY,MURPHY STREET OFF RAMP,,Non-Injury Crash,Yes,2021,0.0,South,0.0,0,0.0,Flat,1.0,,0.0,,1.0,Dark,2118500,0,0.0,0.0,4.0,0.0,0.0,0.0,0.0,0.0,,0.0,0.0,Wellington Region,Motorway ramp,1-way,Sealed,0.0,0.0,0,0.0,100.0,0.0,On,1.0,0.0,,47,Wellington City,Nil,0.0,0.0,0.0,0.0,0.0,0.0,Open,0.0,0.0,0.0,Light rain,Null,1
66491086,,573101,0.0,,0.0,1.0,,Null,2021/2022,BUCKLE STREET,TARANAKI STREET,,Non-Injury Crash,Yes,2021,,Null,,0,,Flat,,,,,,Bright sun,2134800,0,0.0,0.0,3.0,,,0.0,,,,,,Wellington Region,Nil,1-way,Sealed,,0.0,0,,50.0,,Off,0.0,0.0,,47,Wellington City,Traffic Signals,,,,,0.0,0.0,Urban,0.0,,,Fine,Null,1
66491147,,576901,0.0,,0.0,1.0,,Null,2020/2021,BAY ROAD,RONGOTAI ROAD,,Non-Injury Crash,No,2020,,South,,0,,Flat,,,,,,Unknown,2178400,0,0.0,0.0,2.0,,,0.0,,,,,,Wellington Region,Nil,2-way,Sealed,,0.0,0,,30.0,,Null,0.0,0.0,,47,Wellington City,Traffic Signals,,,,,0.0,0.0,Urban,1.0,,,Null,Null,1
66491149,,573700,0.0,,0.0,1.0,,Null,2020/2021,JOHNSONVILLE ROAD,BILL CUTTING PLACE,,Minor Crash,No,2021,,North,,0,,Flat,,,,,,Dark,2082800,2,0.0,0.0,2.0,,,0.0,,,1.0,,,Wellington Region,Nil,2-way,Sealed,,0.0,0,,50.0,,On,0.0,0.0,,47,Wellington City,Traffic Signals,,,,,0.0,0.0,Urban,0.0,,,Fine,Null,1
66491157,,574303,0.0,,0.0,1.0,,South,2020/2021,WELLINGTON URBAN MOTORWAY,ONSLOW RAIL OBR,,Non-Injury Crash,Yes,2021,,South,,0,,Flat,,,,,,Bright sun,2090402,0,0.0,0.0,4.0,,,0.0,,,,,,Wellington Region,Nil,1-way,Sealed,,0.0,0,,100.0,,Off,0.0,0.0,,47,Wellington City,Nil,,,,,0.0,0.0,Open,1.0,,,Fine,Null,1
66491164,,574001,0.0,0.0,0.0,4.0,0.0,East,2021/2022,NEWLANDS ROAD,HURRING PLACE,,Minor Crash,No,2022,0.0,West,0.0,0,1.0,Hill Road,0.0,,0.0,,0.0,Overcast,2077600,1,0.0,0.0,2.0,0.0,0.0,0.0,0.0,1.0,,0.0,0.0,Wellington Region,Nil,2-way,Sealed,0.0,0.0,0,0.0,50.0,0.0,Off,0.0,0.0,,47,Wellington City,Nil,0.0,0.0,0.0,0.0,0.0,0.0,Urban,1.0,0.0,0.0,Fine,Null,0
66491170,,574500,0.0,,0.0,2.0,,North,2021/2022,WELLINGTON URBAN MOTORWAY,AOTEA QUAY OFF RAMP,,Minor Crash,Yes,2021,,South,,0,,Flat,,,,,,Overcast,2093400,2,0.0,0.0,7.0,,,0.0,,,,,,Wellington Region,Nil,2-way,Sealed,,0.0,0,,100.0,,Off,0.0,0.0,60.0,47,Wellington City,Nil,,,,,0.0,0.0,Open,0.0,,,Light rain,Null,1
66491175,,574402,0.0,,0.0,2.0,,West,2020/2021,KHANDALLAH ROAD,TARIKAKA STREET,,Serious Crash,No,2021,,East,,0,,Flat,,,,,,Bright sun,2095800,1,0.0,0.0,2.0,,,0.0,,,,,,Wellington Region,Nil,2-way,Sealed,,0.0,1,,50.0,,Off,0.0,0.0,,47,Wellington City,Nil,,,,,0.0,0.0,Urban,0.0,,,Fine,Null,1
66491178,,573000,0.0,,0.0,1.0,,Null,2020/2021,WATERLOO QUAY,WHITMORE STREET,,Non-Injury Crash,No,2020,,South,,0,,Flat,,,,,,Overcast,2124300,0,0.0,0.0,2.0,,,0.0,,,,,,Wellington Region,Nil,1-way,Sealed,,0.0,0,,50.0,,Off,0.0,0.0,,47,Wellington City,Traffic Signals,,,,,0.0,0.0,Urban,1.0,,,Fine,Null,1
66491179,,574002,0.0,,0.0,0.0,,South,2020/2021,HUTT ROAD ON RAMP,HUTT ROAD,,Non-Injury Crash,No,2021,,North,,0,,Flat,,,,,,Overcast,2078302,0,0.0,0.0,1.0,,,0.0,,,,,,Wellington Region,Nil,1-way,Sealed,,0.0,0,,80.0,,Null,0.0,0.0,,47,Wellington City,Nil,,,,,2.0,0.0,Open,0.0,,,Null,Null,1
66491189,,573000,0.0,,0.0,2.0,,Null,2021/2022,WHITMORE STREET,FEATHERSTON STREET,,Non-Injury Crash,No,2021,,South,,0,,Flat,,,,,,Overcast,2123800,0,0.0,0.0,3.0,,,0.0,,,,,,Wellington Region,Nil,1-way,Sealed,,0.0,0,,30.0,,Off,0.0,0.0,,47,Wellington City,Traffic Signals,,,,,0.0,0.0,Urban,0.0,,,Light rain,Null,1
66491193,,573526,0.0,,0.0,2.0,,West,2021/2022,HUTT ROAD,HOROKIWI ROAD,,Non-Injury Crash,Yes,2021,,West,,0,,Flat,,,,,,Bright sun,2086403,0,0.0,0.0,2.0,,,0.0,,,,,,Wellington Region,Nil,1-way,Sealed,,0.0,0,,100.0,,Off,0.0,0.0,,47,Wellington City,Nil,,,,,0.0,0.0,Open,1.0,,,Fine,Null,1
66491196,,573300,0.0,0.0,0.0,1.0,0.0,Null,2021/2022,TASMAN STREET,COOMBE STREET,,Non-Injury Crash,No,2021,0.0,South,0.0,0,0.0,Flat,0.0,,0.0,,0.0,Unknown,2146900,0,0.0,0.0,2.0,0.0,0.0,0.0,0.0,1.0,,0.0,0.0,Wellington Region,Nil,2-way,Sealed,0.0,0.0,0,0.0,50.0,0.0,Null,0.0,0.0,,47,Wellington City,Nil,0.0,0.0,0.0,0.0,0.0,0.0,Urban,1.0,0.0,0.0,Light rain,Null,1
66491220,,576700,0.0,0.0,0.0,1.0,0.0,North,2020/2021,ALEXANDRA ROAD,HEPARA STREET,,Non-Injury Crash,No,2021,0.0,North,0.0,0,0.0,Hill Road,0.0,,0.0,,0.0,Unknown,2183901,0,0.0,0.0,2.0,0.0,0.0,0.0,0.0,1.0,,0.0,0.0,Wellington Region,Nil,2-way,Sealed,0.0,0.0,0,0.0,50.0,0.0,Null,0.0,0.0,,47,Wellington City,Nil,0.0,0.0,0.0,0.0,0.0,0.0,Urban,0.0,0.0,0.0,Null,Null,1
66491226,,573101,0.0,,0.0,2.0,,Null,2020/2021,VICTORIA STREET,GHUZNEE STREET,,Non-Injury Crash,No,2021,,South,,0,,Flat,,,,,,Dark,2131500,0,0.0,0.0,4.0,,,0.0,,,,,,Wellington Region,Nil,2-way,Sealed,,0.0,0,,50.0,,Null,0.0,0.0,,47,Wellington City,Traffic Signals,,,,,0.0,0.0,Urban,0.0,,,Fine,Null,1
66491235,35.0,577301,0.0,0.0,0.0,2.0,0.0,Null,2021/2022,CAMPERDOWN ROAD,PARK ROAD,,Non-Injury Crash,No,2021,0.0,North,0.0,0,0.0,Flat,0.0,,0.0,,0.0,Dark,2203600,0,0.0,0.0,2.0,0.0,0.0,0.0,0.0,1.0,,0.0,0.0,Wellington Region,Nil,2-way,Sealed,0.0,0.0,0,0.0,50.0,0.0,On,0.0,0.0,,47,Wellington City,Nil,0.0,0.0,0.0,0.0,0.0,0.0,Urban,0.0,0.0,0.0,Mist or Fog,Null,1
66491241,,574002,0.0,0.0,0.0,1.0,0.0,South,2020/2021,HUTT ROAD,NGAURANGA ON NBD OBR,,Non-Injury Crash,Yes,2021,0.0,South,0.0,0,0.0,Flat,1.0,,0.0,,0.0,Bright sun,2078302,0,0.0,0.0,4.0,0.0,0.0,0.0,0.0,0.0,,0.0,0.0,Wellington Region,Nil,2-way,Sealed,0.0,0.0,0,0.0,100.0,0.0,Off,1.0,0.0,,47,Wellington City,Unknown,0.0,0.0,0.0,0.0,0.0,0.0,Open,0.0,0.0,0.0,Fine,Null,1
66491273,,573700,0.0,0.0,0.0,1.0,1.0,North,2020/2021,FRANKMOORE AVENUE,PROSPECT TERRACE,,Non-Injury Crash,No,2021,0.0,West,0.0,0,0.0,Hill Road,0.0,,0.0,,0.0,Dark,2081800,0,0.0,0.0,2.0,0.0,1.0,0.0,0.0,0.0,,0.0,0.0,Wellington Region,Nil,2-way,Sealed,0.0,0.0,0,0.0,50.0,0.0,On,0.0,0.0,,47,Wellington City,Nil,0.0,0.0,0.0,0.0,0.0,0.0,Urban,0.0,0.0,0.0,Fine,Null,1
66491279,,573101,0.0,,0.0,0.0,,Null,2020/2021,TARANAKI STREET,FREDERICK STREET,,Non-Injury Crash,No,2021,,South,,0,,Flat,,,,,,Overcast,2134200,0,0.0,0.0,2.0,,,0.0,,,1.0,,,Wellington Region,Nil,2-way,Sealed,,0.0,0,,30.0,,Off,0.0,0.0,,47,Wellington City,Nil,,,,,0.0,0.0,Urban,1.0,,,Light rain,Null,1
66491305,,576400,0.0,0.0,1.0,0.0,0.0,East,2021/2022,CONSTABLE STREET,DANIELL STREET,,Non-Injury Crash,No,2021,0.0,East,0.0,0,0.0,Hill Road,0.0,,0.0,,0.0,Dark,2167600,0,0.0,0.0,2.0,0.0,0.0,0.0,0.0,1.0,,0.0,0.0,Wellington Region,Nil,2-way,Sealed,0.0,0.0,0,0.0,50.0,0.0,On,0.0,0.0,,47,Wellington City,Nil,0.0,0.0,0.0,0.0,0.0,0.0,Urban,0.0,0.0,0.0,Fine,Null,1
66491318,,572900,0.0,,0.0,1.0,,North,2020/2021,WATERLOO QUAY,PLATFORM 9 ENTRY,,Non-Injury Crash,No,2021,,Null,,0,,Flat,,,,,,Bright sun,2122700,0,0.0,0.0,4.0,,,0.0,,,,,,Wellington Region,Nil,2-way,Sealed,,0.0,0,,50.0,,Off,0.0,0.0,,47,Wellington City,Nil,,,,,0.0,1.0,Urban,0.0,,,Fine,Null,1
66491332,,574303,0.0,0.0,0.0,0.0,0.0,South,2021/2022,CENTENNIAL HIGHWAY,NEWLANDS OBR NBD,,Non-Injury Crash,Yes,2021,0.0,North,0.0,0,0.0,Hill Road,0.0,,0.0,,0.0,Dark,2084302,0,0.0,0.0,3.0,0.0,0.0,0.0,0.0,0.0,,0.0,1.0,Wellington Region,Nil,1-way,Sealed,0.0,0.0,0,0.0,80.0,0.0,On,0.0,0.0,,47,Wellington City,Nil,0.0,1.0,0.0,0.0,0.0,0.0,Open,1.0,0.0,0.0,Fine,Null,1
66491378,,573700,0.0,,0.0,2.0,,West,2021/2022,BRODERICK ROAD,JOHNSONVILLE ROAD,,Non-Injury Crash,No,2021,,East,,0,,Flat,,,,,,Twilight,2082900,0,0.0,0.0,2.0,,,0.0,,,,,,Wellington Region,Nil,2-way,Sealed,,0.0,0,,50.0,,Off,0.0,0.0,,47,Wellington City,Nil,,,,,0.0,0.0,Urban,0.0,,,Light rain,Strong wind,1
66491432,,573000,0.0,,0.0,0.0,,Null,2020/2021,CUSTOMHOUSE QUAY,JOHNSTON STREET,,Non-Injury Crash,No,2020,,North,,0,,Flat,,,,,,Overcast,2125500,0,0.0,0.0,3.0,,,0.0,,,,,,Wellington Region,Nil,1-way,Sealed,,0.0,0,,50.0,,Off,2.0,0.0,,47,Wellington City,Traffic Signals,,,,,0.0,0.0,Urban,0.0,,,Fine,Null,1
66491434,,576500,0.0,,0.0,1.0,,Null,2021/2022,ADELAIDE ROAD,BROOMHEDGE STREET,,Minor Crash,No,2022,,South,,0,,Flat,,,,,,Dark,2148201,1,1.0,0.0,4.0,,,0.0,,,,,,Wellington Region,Nil,2-way,Sealed,,0.0,0,,50.0,,On,0.0,0.0,,47,Wellington City,Nil,,,,,0.0,0.0,Urban,0.0,,,Fine,Null,0
66491492,,577200,0.0,,0.0,1.0,,Null,2020/2021,BROADWAY,MONORGAN ROAD,,Non-Injury Crash,No,2021,,East,,0,,Flat,,,,,,Overcast,2209000,0,0.0,0.0,2.0,,,0.0,,,,,,Wellington Region,Nil,2-way,Sealed,,0.0,0,,50.0,,Off,1.0,0.0,,47,Wellington City,Stop,,,,,0.0,0.0,Urban,0.0,,,Light rain,Strong wind,1
66491513,,573200,0.0,0.0,0.0,2.0,0.0,East,2020/2021,DEVON STREET,FAIRLIE TERRACE,,Non-Injury Crash,No,2021,0.0,West,0.0,0,0.0,Hill Road,0.0,,0.0,,0.0,Unknown,2157500,0,0.0,0.0,2.0,0.0,0.0,0.0,0.0,1.0,,0.0,0.0,Wellington Region,Nil,2-way,Sealed,0.0,0.0,0,0.0,50.0,0.0,Null,0.0,0.0,,47,Wellington City,Nil,0.0,0.0,0.0,0.0,0.0,0.0,Urban,0.0,0.0,0.0,Null,Null,1
66491521,25.0,576700,0.0,,1.0,0.0,,Null,2020/2021,CARLTON GORE ROAD,ORIENTAL PARADE,,Non-Injury Crash,No,2021,,East,,0,,Hill Road,,,,,,Bright sun,2186701,0,0.0,0.0,2.0,,,0.0,,,,,,Wellington Region,Nil,2-way,Sealed,,0.0,0,,50.0,,Off,1.0,0.0,,47,Wellington City,Give way,,,,,0.0,0.0,Urban,0.0,,,Fine,Null,1
66491608,,576200,0.0,0.0,0.0,2.0,0.0,Null,2020/2021,LUXFORD STREET,COWAN PLACE,,Non-Injury Crash,No,2020,0.0,West,0.0,0,0.0,Flat,0.0,Christmas New Year,1.0,,0.0,Bright sun,2171600,0,0.0,0.0,2.0,0.0,0.0,0.0,0.0,0.0,,0.0,0.0,Wellington Region,Nil,2-way,Sealed,0.0,0.0,0,0.0,50.0,0.0,None,0.0,0.0,,47,Wellington City,Nil,0.0,0.0,0.0,0.0,0.0,0.0,Urban,0.0,0.0,0.0,Fine,Null,1
66491617,,573526,0.0,,0.0,3.0,,North,2022/2023,HUTT ROAD,RAILYARD ENTRY,,Serious Crash,Yes,2022,,South,,0,,Flat,,,,,,Bright sun,2077503,0,0.0,0.0,2.0,,,0.0,,,,,,Wellington Region,Nil,1-way,Sealed,,0.0,1,,100.0,,Off,0.0,0.0,,47,Wellington City,Nil,,,,,0.0,0.0,Open,0.0,,,Fine,Null,0
66491681,,573200,0.0,,0.0,1.0,,Null,2020/2021,WILLIS STREET,WEBB STREET,,Non-Injury Crash,No,2021,,South,,0,,Flat,,,,,,Overcast,2159202,0,0.0,0.0,4.0,,,0.0,,,,,,Wellington Region,Nil,2-way,Sealed,,0.0,0,,50.0,,Off,1.0,0.0,,47,Wellington City,Traffic Signals,,,,,1.0,0.0,Urban,0.0,,,Fine,Null,1
66491682,,576903,0.0,,0.0,1.0,,Null,2020/2021,CRAWFORD ROAD,WELLINGTON ROAD,,Non-Injury Crash,No,2020,,South,,0,,Hill Road,,,,,,Overcast,2181600,0,0.0,0.0,2.0,,,0.0,,,,,,Wellington Region,Nil,2-way,Sealed,,0.0,0,,50.0,,Off,1.0,0.0,,47,Wellington City,Give way,,,,,0.0,0.0,Urban,0.0,,,Fine,Null,1
66491728,,573700,0.0,0.0,0.0,1.0,0.0,East,2020/2021,DISRAELI STREET,JOHNSONVILLE ROAD,,Non-Injury Crash,No,2021,0.0,East,0.0,0,0.0,Flat,0.0,,0.0,,0.0,Dark,2083100,0,0.0,0.0,2.0,0.0,0.0,0.0,0.0,1.0,,0.0,0.0,Wellington Region,Nil,2-way,Sealed,0.0,0.0,0,0.0,50.0,0.0,On,1.0,0.0,,47,Wellington City,Unknown,0.0,0.0,0.0,0.0,0.0,0.0,Urban,0.0,0.0,0.0,Fine,Null,1
66491729,,573101,0.0,,0.0,1.0,,Null,2021/2022,WAKEFIELD STREET,TARANAKI STREET,,Minor Crash,No,2021,,North,,0,,Flat,,,,,,Dark,2135200,1,0.0,0.0,3.0,,,0.0,,,,,,Wellington Region,Nil,1-way,Sealed,,0.0,0,,50.0,,On,0.0,0.0,,47,Wellington City,Traffic Signals,,,,,0.0,0.0,Urban,1.0,,,Fine,Null,1
66491732,,573101,0.0,0.0,0.0,1.0,0.0,West,2020/2021,TENNYSON STREET,CAMBRIDGE TERRACE,,Non-Injury Crash,No,2021,0.0,North,0.0,0,0.0,Flat,0.0,,0.0,,0.0,Bright sun,2136200,0,0.0,0.0,2.0,0.0,0.0,0.0,0.0,1.0,,0.0,0.0,Wellington Region,Nil,2-way,Sealed,0.0,0.0,0,0.0,50.0,0.0,Null,1.0,0.0,,47,Wellington City,Unknown,0.0,0.0,0.0,0.0,0.0,0.0,Urban,0.0,0.0,0.0,Fine,Null,1
66491753,,576901,1.0,,0.0,1.0,,Null,2021/2022,COUTTS STREET,SALEK STREET,,Serious Crash,No,2021,,East,,0,,Flat,,,,,,Dark,2177500,0,0.0,0.0,2.0,,,0.0,,,,,,Wellington Region,Nil,2-way,Sealed,,0.0,1,,50.0,,On,0.0,0.0,,47,Wellington City,Stop,,,,,0.0,0.0,Urban,0.0,,,Fine,Null,1
66491759,,574302,0.0,,0.0,2.0,,South,2021/2022,HUTT ROAD,ONSLOW ROAD,,Non-Injury Crash,No,2021,,North,,0,,Flat,,,,,,Bright sun,2090700,0,0.0,0.0,2.0,,,0.0,,,,,,Wellington Region,Nil,1-way,Sealed,,0.0,0,,60.0,,Off,1.0,0.0,,47,Wellington City,Nil,,,,,0.0,0.0,Urban,0.0,,,Fine,Null,1
66491764,,573400,0.0,0.0,0.0,3.0,0.0,North,2021/2022,HAWKER STREET,KENNEDY STREET,,Non-Injury Crash,No,2021,0.0,East,0.0,0,0.0,Hill Road,0.0,,0.0,,0.0,Bright sun,2139200,0,0.0,0.0,2.0,0.0,0.0,0.0,0.0,3.0,,0.0,0.0,Wellington Region,Nil,2-way,Sealed,0.0,0.0,0,0.0,50.0,0.0,Off,1.0,0.0,,47,Wellington City,Nil,0.0,0.0,0.0,0.0,0.0,0.0,Urban,0.0,0.0,0.0,Fine,Strong wind,1
66491773,,573514,0.0,0.0,0.0,2.0,0.0,North,2020/2021,CUNLIFFE STREET,SALEM COURT,,Non-Injury Crash,No,2021,0.0,South,0.0,0,0.0,Hill Road,0.0,,0.0,,0.0,Dark,2086739,0,0.0,0.0,2.0,0.0,0.0,0.0,0.0,1.0,,0.0,0.0,Wellington Region,Nil,2-way,Sealed,0.0,0.0,0,0.0,50.0,0.0,On,0.0,0.0,,47,Wellington City,Nil,0.0,0.0,0.0,0.0,0.0,0.0,Urban,0.0,0.0,0.0,Fine,Null,1
66491779,,576901,0.0,0.0,0.0,1.0,0.0,Null,2020/2021,RONGOTAI ROAD,CAIRNS STREET,,Non-Injury Crash,No,2020,0.0,South,0.0,0,0.0,Flat,0.0,,1.0,,0.0,Bright sun,2176200,0,0.0,0.0,2.0,0.0,0.0,0.0,0.0,0.0,,1.0,0.0,Wellington Region,Nil,2-way,Sealed,0.0,0.0,0,0.0,50.0,0.0,Off,0.0,0.0,,47,Wellington City,Nil,0.0,0.0,0.0,0.0,0.0,0.0,Urban,0.0,0.0,0.0,Fine,Null,1
66491783,,573101,0.0,,0.0,2.0,,Null,2020/2021,WAKEFIELD STREET,TARANAKI STREET,,Non-Injury Crash,No,2021,,North,,0,,Flat,,,,,,Overcast,2135200,0,0.0,0.0,3.0,,,0.0,,,,,,Wellington Region,Nil,1-way,Sealed,,0.0,0,,50.0,,Off,0.0,0.0,,47,Wellington City,Traffic Signals,,,,,0.0,0.0,Urban,0.0,,,Fine,Null,1
66491810,,573300,0.0,0.0,0.0,2.0,0.0,South,2021/2022,HOPPER STREET,WEBB STREET,,Non-Injury Crash,No,2021,0.0,North,0.0,0,0.0,Flat,0.0,,0.0,,0.0,Dark,2144500,0,0.0,0.0,2.0,0.0,0.0,0.0,0.0,1.0,,0.0,0.0,Wellington Region,Nil,2-way,Sealed,0.0,0.0,0,0.0,50.0,0.0,On,0.0,0.0,30.0,47,Wellington City,Nil,0.0,0.0,0.0,0.0,0.0,0.0,Urban,0.0,0.0,0.0,Fine,Null,1
66491832,,577000,0.0,0.0,0.0,2.0,0.0,Null,2020/2021,COBHAM DRIVE,CALABAR ROAD,,Non-Injury Crash,Yes,2021,0.0,East,0.0,0,0.0,Flat,0.0,,0.0,,0.0,Dark,2175700,0,0.0,0.0,2.0,0.0,0.0,0.0,0.0,0.0,,0.0,0.0,Wellington Region,Nil,1-way,Sealed,0.0,0.0,0,0.0,70.0,0.0,On,0.0,0.0,,47,Wellington City,Give way,0.0,0.0,0.0,1.0,0.0,0.0,Urban,0.0,0.0,0.0,Fine,Null,1
66491866,,576301,0.0,0.0,0.0,1.0,0.0,South,2020/2021,RIDDIFORD STREET,NEWTOWN AVENUE,,Non-Injury Crash,No,2020,0.0,South,0.0,0,0.0,Flat,0.0,,1.0,,0.0,Dark,2165500,0,0.0,0.0,2.0,0.0,0.0,0.0,0.0,0.0,,0.0,0.0,Wellington Region,Nil,2-way,Sealed,0.0,0.0,0,0.0,40.0,0.0,On,0.0,0.0,,47,Wellington City,Unknown,0.0,0.0,0.0,0.0,0.0,0.0,Urban,0.0,0.0,0.0,Fine,Null,1
66491867,,572500,0.0,0.0,0.0,1.0,0.0,North,2020/2021,REDWOOD AVENUE,ORIEL AVENUE,,Non-Injury Crash,No,2021,0.0,Null,0.0,0,0.0,Hill Road,0.0,,0.0,,0.0,Overcast,1986000,0,0.0,0.0,2.0,0.0,0.0,0.0,0.0,1.0,,0.0,0.0,Wellington Region,Nil,2-way,Sealed,0.0,0.0,0,0.0,50.0,0.0,Off,1.0,0.0,,47,Wellington City,Nil,0.0,0.0,0.0,0.0,0.0,0.0,Urban,0.0,0.0,0.0,Heavy rain,Null,1
66491901,,572701,0.0,0.0,0.0,2.0,0.0,North,2021/2022,MAIN ROAD,LINDEN AVENUE,,Non-Injury Crash,No,2021,0.0,North,0.0,0,0.0,Flat,0.0,,0.0,,0.0,Dark,1993902,0,0.0,0.0,2.0,0.0,0.0,0.0,0.0,1.0,,0.0,0.0,Wellington Region,Nil,2-way,Sealed,0.0,0.0,0,0.0,50.0,0.0,On,0.0,0.0,,47,Wellington City,Nil,0.0,0.0,0.0,0.0,0.0,0.0,Urban,0.0,0.0,0.0,Fine,Null,1
66491923,,572701,0.0,,0.0,1.0,,South,2021/2022,JOHNSONVILLE PORIRUA MOTORWAY,COLLINS OBR,,Non-Injury Crash,Yes,2021,,North,,0,,Hill Road,,,,,,Unknown,1993701,0,0.0,0.0,2.0,,,0.0,,,,,,Wellington Region,Nil,1-way,Sealed,,0.0,0,,100.0,,Null,1.0,0.0,50.0,47,Wellington City,Nil,,,,,0.0,0.0,Open,0.0,,,Null,Null,1
66491970,,577700,0.0,0.0,0.0,1.0,2.0,West,2020/2021,MAKARA ROAD,TAKARAU GORGE ROAD,,Non-Injury Crash,No,2021,0.0,East,0.0,0,0.0,Flat,0.0,Queens Birthday,0.0,,0.0,Dark,2116500,0,0.0,0.0,2.0,0.0,0.0,0.0,0.0,0.0,,0.0,0.0,Wellington Region,Nil,2-way,Sealed,0.0,0.0,0,0.0,60.0,0.0,None,0.0,0.0,,47,Wellington City,Nil,0.0,0.0,0.0,0.0,0.0,0.0,Urban,0.0,0.0,0.0,Fine,Null,1
66491986,,573000,0.0,,0.0,2.0,,Null,2020/2021,FEATHERSTON STREET,WHITMORE STREET,,Non-Injury Crash,No,2021,,South,,0,,Flat,,,,,,Unknown,2124300,0,0.0,0.0,3.0,,,0.0,,,,,,Wellington Region,Nil,1-way,Sealed,,0.0,0,,30.0,,Null,0.0,0.0,,47,Wellington City,Give way,,,,,0.0,0.0,Urban,0.0,,,Null,Null,1
66491989,,576800,0.0,0.0,0.0,2.0,0.0,South,2020/2021,WAITOA ROAD,EAST PORTAL,,Non-Injury Crash,No,2021,0.0,North,0.0,0,0.0,Hill Road,0.0,,0.0,,0.0,Twilight,2184800,0,0.0,0.0,2.0,0.0,0.0,0.0,0.0,1.0,,0.0,0.0,Wellington Region,Nil,2-way,Sealed,0.0,0.0,0,0.0,50.0,0.0,Off,1.0,0.0,,47,Wellington City,Unknown,0.0,0.0,0.0,0.0,0.0,0.0,Urban,0.0,0.0,0.0,Fine,Null,1