OBJECTID,advisorySpeed,areaUnitID,bicycle,bridge,bus,carStationWagon,cliffBank,crashDirectionDescription,crashFinancialYear,crashLocation1,crashLocation2,crashRoadSideRoad,crashSeverity,crashSHDescription,crashYear,debris,directionRoleDescription,ditch,fatalCount,fence,flatHill,guardRail,holiday,houseOrBuilding,intersection,kerb,light,meshblockId,minorInjuryCount,moped,motorcycle,NumberOfLanes,objectThrownOrDropped,otherObject,otherVehicleType,overBank,parkedVehicle,pedestrian,phoneBoxEtc,postOrPole,region,roadCharacter,roadLane,roadSurface,roadworks,schoolBus,seriousInjuryCount,slipOrFlood,speedLimit,strayAnimal,streetLight,suv,taxi,temporarySpeedLimit,tlaId,tlaName,trafficControl,trafficIsland,trafficSign,train,tree,truck,unknownVehicleType,urban,vanOrUtility,vehicle,waterRiver,weatherA,weatherB,if_pandemic
66492007,,573101,0.0,,0.0,1.0,,South,2020/2021,COURTENAY PLACE,ALLEN STREET,,Non-Injury Crash,No,2021,,East,,0,,Flat,,,,,,Unknown,2136000,0,0.0,0.0,1.0,,,0.0,,,,,,Wellington Region,Nil,1-way,Sealed,,0.0,0,,30.0,,Null,1.0,0.0,,47,Wellington City,Nil,,,,,0.0,0.0,Urban,0.0,,,Null,Null,1
66492026,,573000,0.0,,0.0,2.0,,North,2020/2021,WELLINGTON URBAN MOTORWAY,NORTH PORTAL SBD,,Non-Injury Crash,Yes,2021,,South,,0,,Flat,,,,,,Unknown,2126700,0,0.0,0.0,1.0,,,0.0,,,,,,Wellington Region,Nil,1-way,Sealed,,0.0,0,,80.0,,Null,0.0,0.0,,47,Wellington City,Nil,,,,,0.0,0.0,Open,1.0,,,Null,Null,1
66492031,,573101,0.0,,0.0,0.0,,Null,2019/2020,KENT TERRACE,ELLICE STREET,,Non-Injury Crash,Yes,2020,,South,,0,,Null,,,,,,Unknown,2137000,0,0.0,0.0,3.0,,,0.0,,,,,,Wellington Region,Nil,1-way,Sealed,,0.0,0,,50.0,,Null,1.0,0.0,,47,Wellington City,Give way,,,,,0.0,0.0,Urban,0.0,,,Null,Null,1
66492033,,573801,0.0,0.0,0.0,2.0,0.0,North,2020/2021,HELSTON ROAD,PETHERICK CRESCENT,,Non-Injury Crash,No,2021,0.0,East,0.0,0,0.0,Hill Road,0.0,,0.0,,0.0,Unknown,2079000,0,0.0,0.0,2.0,0.0,0.0,0.0,0.0,1.0,,0.0,0.0,Wellington Region,Nil,2-way,Sealed,0.0,0.0,0,0.0,50.0,0.0,Null,0.0,0.0,,47,Wellington City,Nil,0.0,0.0,0.0,0.0,0.0,0.0,Urban,0.0,0.0,0.0,Null,Null,1
66492086,,574001,0.0,0.0,0.0,2.0,0.0,East,2021/2022,GLANMIRE ROAD,ROBERT STREET,,Non-Injury Crash,No,2021,0.0,East,0.0,0,0.0,Hill Road,0.0,,0.0,,0.0,Bright sun,2076200,0,0.0,0.0,2.0,0.0,0.0,0.0,0.0,1.0,,0.0,0.0,Wellington Region,Nil,2-way,Sealed,0.0,0.0,0,0.0,50.0,0.0,Off,0.0,0.0,,47,Wellington City,Nil,0.0,0.0,0.0,0.0,0.0,0.0,Urban,0.0,0.0,0.0,Fine,Null,1
66492109,,576903,0.0,,0.0,2.0,,Null,2021/2022,KILBIRNIE CRESCENT,VALLANCE STREET,,Non-Injury Crash,No,2021,,North,,0,,Null,,,,,,Unknown,2177900,0,0.0,0.0,2.0,,,0.0,,,,,,Wellington Region,Nil,2-way,Sealed,,0.0,0,,50.0,,Null,0.0,0.0,,47,Wellington City,Nil,,,,,0.0,0.0,Urban,0.0,,,Null,Null,1
66492122,,573000,1.0,,0.0,1.0,,South,2020/2021,FEATHERSTON STREET,PANAMA STREET,,Minor Crash,No,2021,,South,,0,,Flat,,,,,,Bright sun,2125800,1,0.0,0.0,2.0,,,0.0,,,,,,Wellington Region,Nil,1-way,Sealed,,0.0,0,,30.0,,Off,0.0,1.0,,47,Wellington City,Nil,,,,,0.0,0.0,Urban,0.0,,,Fine,Null,1
66492140,,575000,0.0,,0.0,2.0,,East,2021/2022,KARORI ROAD,FANCOURT STREET,,Non-Injury Crash,No,2021,,West,,0,,Hill Road,,,,,,Overcast,2111600,0,0.0,0.0,2.0,,,0.0,,,,,,Wellington Region,Nil,2-way,Sealed,,0.0,0,,50.0,,Off,0.0,0.0,,47,Wellington City,Nil,,,,,0.0,0.0,Urban,0.0,,,Fine,Null,1
66492145,,573101,0.0,0.0,0.0,1.0,0.0,Null,2020/2021,TARANAKI STREET,YORK STREET,,Non-Injury Crash,No,2021,0.0,South,0.0,0,0.0,Flat,0.0,,0.0,,0.0,Unknown,2133408,0,0.0,0.0,4.0,0.0,0.0,0.0,0.0,1.0,,0.0,0.0,Wellington Region,Nil,2-way,Sealed,0.0,0.0,0,0.0,30.0,0.0,Null,0.0,0.0,,47,Wellington City,Nil,0.0,0.0,0.0,0.0,0.0,0.0,Urban,0.0,0.0,0.0,Null,Null,1
66492176,,572900,0.0,,1.0,0.0,,Null,2021/2022,BOWEN STREET,LAMBTON QUAY,,Non-Injury Crash,No,2022,,South,,0,,Hill Road,,,,,,Overcast,2122400,0,0.0,0.0,4.0,,,0.0,,,,,,Wellington Region,Nil,2-way,Sealed,,0.0,0,,50.0,,Off,1.0,0.0,,47,Wellington City,Traffic Signals,,,,,0.0,0.0,Urban,0.0,,,Fine,Null,0
66492180,,573101,0.0,0.0,0.0,1.0,0.0,South,2020/2021,INGLEWOOD PLACE,DIXON STREET,,Non-Injury Crash,No,2021,0.0,South,0.0,0,0.0,Flat,0.0,,0.0,,0.0,Unknown,2133408,0,0.0,1.0,2.0,0.0,0.0,0.0,0.0,1.0,,0.0,0.0,Wellington Region,Nil,2-way,Sealed,0.0,0.0,0,0.0,30.0,0.0,Null,0.0,0.0,,47,Wellington City,Nil,0.0,0.0,0.0,0.0,0.0,0.0,Urban,0.0,0.0,0.0,Null,Null,1
66492212,,573000,0.0,0.0,0.0,1.0,0.0,South,2021/2022,WILLIS STREET,WILLESTON STREET,,Non-Injury Crash,No,2021,0.0,North,0.0,0,0.0,Flat,0.0,,0.0,,0.0,Bright sun,2127300,0,0.0,0.0,2.0,0.0,0.0,0.0,0.0,0.0,,0.0,0.0,Wellington Region,Nil,2-way,Sealed,0.0,0.0,0,0.0,30.0,0.0,Off,0.0,0.0,,47,Wellington City,Nil,0.0,0.0,0.0,0.0,0.0,0.0,Urban,1.0,1.0,0.0,Fine,Null,1
66492216,,574303,0.0,,0.0,1.0,,North,2020/2021,CENTENNIAL HIGHWAY,TYERS ROAD,,Non-Injury Crash,Yes,2021,,North,,0,,Hill Road,,Queens Birthday,,,,Dark,2088705,0,0.0,0.0,3.0,,,0.0,,,,,,Wellington Region,Nil,2-way,Sealed,,0.0,0,,80.0,,On,0.0,0.0,,47,Wellington City,Unknown,,,,,1.0,0.0,Open,0.0,,,Fine,Null,1
66492218,,575600,0.0,,0.0,1.0,,South,2020/2021,TODMAN STREET,MITCHELL STREET,,Non-Injury Crash,No,2021,,South,,0,,Hill Road,,,,,,Dark,2161501,0,0.0,0.0,2.0,,,0.0,,,,,,Wellington Region,Nil,2-way,Sealed,,0.0,0,,50.0,,On,0.0,0.0,,47,Wellington City,Unknown,,,,,1.0,0.0,Urban,0.0,,,Light rain,Null,1
66492234,,572500,0.0,,0.0,1.0,,Null,2020/2021,MAIN ROAD,WILLOWBANK ROAD,,Non-Injury Crash,No,2021,,East,,0,,Null,,,,,,Unknown,2053701,0,0.0,0.0,3.0,,,0.0,,,,,,Wellington Region,Nil,2-way,Sealed,,0.0,0,,50.0,,Null,0.0,0.0,,47,Wellington City,Give way,,,,,1.0,0.0,Urban,0.0,,,Null,Null,1
66492242,,576901,0.0,,0.0,2.0,,Null,2020/2021,COBHAM DRIVE,TROY STREET,,Non-Injury Crash,Yes,2021,,West,,0,,Flat,,,,,,Bright sun,2176800,0,0.0,0.0,4.0,,,0.0,,,,,,Wellington Region,Nil,2-way,Sealed,,0.0,0,,70.0,,Off,0.0,0.0,,47,Wellington City,Give way,,,,,0.0,0.0,Urban,0.0,,,Fine,Null,1
66492290,,576002,0.0,0.0,0.0,1.0,0.0,South,2021/2022,THE PARADE,DEE STREET,,Non-Injury Crash,No,2021,0.0,South,0.0,0,0.0,Flat,0.0,,0.0,,0.0,Dark,2192500,0,0.0,0.0,2.0,0.0,0.0,0.0,0.0,0.0,,0.0,0.0,Wellington Region,Nil,2-way,Sealed,1.0,0.0,0,0.0,50.0,0.0,On,0.0,0.0,,47,Wellington City,Nil,0.0,0.0,0.0,0.0,0.0,0.0,Urban,0.0,0.0,0.0,Fine,Null,1
66492323,,573700,0.0,,0.0,1.0,,North,2022/2023,MOOREFIELD ROAD,FRANKMOORE AVENUE,,Minor Crash,No,2022,,South,,0,,Flat,,,,,,Twilight,2082800,1,0.0,0.0,2.0,,,0.0,,,1.0,,,Wellington Region,Nil,2-way,Sealed,,0.0,0,,50.0,,On,0.0,0.0,,47,Wellington City,Nil,,,,,0.0,0.0,Urban,0.0,,,Fine,Null,0
66492325,,574800,1.0,,0.0,1.0,,Null,2020/2021,KARORI ROAD,LANCASTER STREET,,Minor Crash,No,2021,,West,,0,,Hill Road,,,,,,Dark,2107004,1,0.0,0.0,2.0,,,0.0,,,,,,Wellington Region,Nil,2-way,Sealed,,0.0,0,,50.0,,On,0.0,0.0,,47,Wellington City,Give way,,,,,0.0,0.0,Urban,0.0,,,Light rain,Null,1
66492353,,573000,0.0,,0.0,0.0,,South,2021/2022,WELLINGTON URBAN MOTORWAY,AURORA TERRACE OBR,,Non-Injury Crash,Yes,2021,,South,,0,,Flat,,,,,,Overcast,2124700,0,0.0,0.0,1.0,,,0.0,,,,,,Wellington Region,Motorway ramp,1-way,Sealed,,0.0,0,,100.0,,Off,0.0,0.0,60.0,47,Wellington City,Nil,,,,,0.0,0.0,Open,2.0,,,Fine,Null,1
66492366,,574600,0.0,0.0,0.0,1.0,0.0,West,2021/2022,GRANT ROAD,ORCHARD STREET,,Minor Crash,No,2022,0.0,South,0.0,0,0.0,Hill Road,0.0,,0.0,,0.0,Bright sun,2099600,1,0.0,1.0,2.0,0.0,0.0,0.0,0.0,1.0,,0.0,0.0,Wellington Region,Nil,2-way,Sealed,0.0,0.0,0,0.0,50.0,0.0,Off,0.0,0.0,,47,Wellington City,Unknown,0.0,0.0,0.0,0.0,0.0,0.0,Urban,0.0,0.0,0.0,Fine,Null,0
66492382,,574600,0.0,0.0,0.0,1.0,0.0,East,2020/2021,LENNEL ROAD,PITT STREET,,Non-Injury Crash,No,2021,0.0,East,0.0,0,1.0,Hill Road,0.0,,0.0,,0.0,Overcast,2100200,0,0.0,0.0,1.0,0.0,0.0,0.0,0.0,0.0,,0.0,0.0,Wellington Region,Nil,2-way,Sealed,0.0,0.0,0,0.0,30.0,0.0,Off,0.0,0.0,,47,Wellington City,Nil,0.0,1.0,0.0,0.0,0.0,0.0,Urban,0.0,0.0,0.0,Fine,Null,1
66492402,,572500,0.0,0.0,0.0,1.0,0.0,Null,2020/2021,WILLOWBANK ROAD,MAIN ROAD,,Non-Injury Crash,No,2021,0.0,North,0.0,0,0.0,Flat,0.0,Christmas New Year,0.0,,0.0,Dark,2053701,0,0.0,0.0,2.0,0.0,0.0,0.0,0.0,0.0,,0.0,1.0,Wellington Region,Nil,2-way,Sealed,0.0,0.0,0,0.0,50.0,0.0,On,0.0,0.0,,47,Wellington City,Give way,0.0,0.0,0.0,0.0,0.0,0.0,Urban,0.0,0.0,0.0,Fine,Null,1
66492470,,576001,0.0,0.0,0.0,1.0,0.0,South,2020/2021,THE ESPLANADE,DERWENT STREET,,Non-Injury Crash,No,2021,1.0,North,0.0,0,0.0,Flat,0.0,,0.0,,0.0,Twilight,2189000,0,0.0,0.0,2.0,0.0,0.0,0.0,1.0,0.0,,0.0,0.0,Wellington Region,Nil,2-way,Sealed,0.0,0.0,0,0.0,50.0,0.0,On,0.0,1.0,,47,Wellington City,Nil,0.0,0.0,0.0,0.0,0.0,0.0,Urban,0.0,0.0,0.0,Fine,Null,1
66492491,,577302,0.0,0.0,0.0,1.0,0.0,Null,2020/2021,ROTHERHAM TERRACE,DARLINGTON ROAD,,Non-Injury Crash,No,2021,0.0,East,0.0,0,0.0,Flat,0.0,,0.0,,0.0,Overcast,2205600,0,0.0,0.0,2.0,0.0,0.0,0.0,0.0,0.0,,0.0,0.0,Wellington Region,Nil,2-way,Sealed,0.0,0.0,0,0.0,50.0,0.0,Off,0.0,0.0,30.0,47,Wellington City,Give way,0.0,1.0,0.0,0.0,0.0,0.0,Urban,0.0,0.0,0.0,Fine,Null,1
66492542,,574402,1.0,,0.0,0.0,,South,2021/2022,KAIWHARAWHARA ROAD,NGAIO GORGE ROAD,,Serious Crash,No,2021,,East,,0,,Hill Road,,,,,,Bright sun,2097602,0,0.0,0.0,1.0,,,0.0,,,,,,Wellington Region,Nil,1-way,Sealed,,0.0,1,,50.0,,Off,0.0,0.0,30.0,47,Wellington City,Traffic Signals,,,,,0.0,0.0,Urban,1.0,,,Fine,Null,1
66492563,,576500,0.0,,0.0,2.0,,South,2021/2022,ADELAIDE ROAD,HOSPITAL ROAD,,Non-Injury Crash,No,2021,,North,,0,,Flat,,,,,,Unknown,2148602,0,0.0,0.0,4.0,,,0.0,,,,,,Wellington Region,Nil,2-way,Sealed,,0.0,0,,50.0,,Null,0.0,0.0,,47,Wellington City,Nil,,,,,0.0,0.0,Urban,0.0,,,Null,Null,1
66492572,,576903,0.0,0.0,0.0,2.0,0.0,South,2021/2022,MOXHAM AVENUE,GOA STREET,,Non-Injury Crash,No,2022,0.0,North,0.0,0,0.0,Flat,0.0,,0.0,,0.0,Bright sun,2181500,0,0.0,0.0,2.0,0.0,0.0,0.0,0.0,1.0,,0.0,0.0,Wellington Region,Nil,2-way,Sealed,0.0,0.0,0,0.0,50.0,0.0,Off,0.0,0.0,,47,Wellington City,Nil,0.0,0.0,0.0,0.0,0.0,0.0,Urban,0.0,0.0,0.0,Fine,Null,0
66492633,,573400,0.0,,0.0,1.0,,West,2021/2022,ALEXANDRA ROAD,UPOKO ROAD,,Minor Crash,No,2021,,North,,0,,Hill Road,,,,,,Dark,2139604,1,0.0,0.0,2.0,,,0.0,,,,,,Wellington Region,Nil,2-way,Sealed,,0.0,0,,50.0,,On,0.0,0.0,,47,Wellington City,Nil,,,,,0.0,0.0,Urban,0.0,,,Fine,Null,1
66492670,,576200,0.0,0.0,0.0,3.0,0.0,South,2020/2021,ADELAIDE ROAD,DUPPA STREET,,Minor Crash,No,2021,0.0,North,0.0,0,0.0,Flat,0.0,,0.0,,0.0,Bright sun,2172700,1,0.0,0.0,2.0,0.0,0.0,0.0,0.0,2.0,,0.0,0.0,Wellington Region,Nil,2-way,Sealed,0.0,0.0,0,0.0,50.0,0.0,Off,0.0,0.0,,47,Wellington City,Nil,0.0,0.0,0.0,0.0,0.0,0.0,Urban,0.0,0.0,0.0,Fine,Null,1
66492671,,576301,0.0,,0.0,2.0,,South,2020/2021,ADELAIDE ROAD,JOHN STREET,,Non-Injury Crash,No,2020,,North,,0,,Flat,,,,,,Unknown,2163400,0,0.0,0.0,2.0,,,0.0,,,,,,Wellington Region,Nil,2-way,Sealed,,0.0,0,,50.0,,Null,0.0,0.0,,47,Wellington City,Nil,,,,,0.0,0.0,Urban,0.0,,,Fine,Null,1
66492691,,573400,0.0,0.0,0.0,4.0,0.0,Null,2020/2021,ORIENTAL PARADE,HERD STREET,,Non-Injury Crash,No,2021,0.0,South,0.0,0,0.0,Flat,0.0,Queens Birthday,0.0,,0.0,Dark,2138800,0,0.0,0.0,3.0,0.0,0.0,0.0,0.0,3.0,,0.0,0.0,Wellington Region,Nil,2-way,Sealed,0.0,0.0,0,0.0,40.0,0.0,On,0.0,0.0,,47,Wellington City,Nil,0.0,0.0,0.0,0.0,0.0,0.0,Urban,0.0,0.0,0.0,Fine,Null,1
66492692,,573000,0.0,,0.0,1.0,,Null,2021/2022,CUSTOMHOUSE QUAY,BALLANCE STREET,,Non-Injury Crash,No,2021,,North,,0,,Flat,,,,,,Unknown,2125100,0,0.0,0.0,3.0,,,0.0,,,,,,Wellington Region,Nil,1-way,Sealed,,0.0,0,,50.0,,Null,0.0,0.0,,47,Wellington City,Nil,,,,,0.0,0.0,Urban,0.0,,,Null,Null,1
66492721,,577200,0.0,,0.0,2.0,,Null,2021/2022,STRATHAVON ROAD,ELLESMERE AVENUE,,Minor Crash,No,2022,,West,,0,,Flat,,,,,,Bright sun,2208400,1,0.0,0.0,2.0,,,0.0,,,,,,Wellington Region,Nil,2-way,Sealed,,0.0,0,,50.0,,Off,0.0,0.0,,47,Wellington City,Give way,,,,,0.0,0.0,Urban,0.0,,,Fine,Null,0
66492758,,574002,0.0,,0.0,2.0,,North,2020/2021,HUTT ROAD,HUTT ROAD ON RAMP,,Non-Injury Crash,Yes,2021,,North,,0,,Flat,,,,,,Bright sun,2078302,0,0.0,0.0,4.0,,,0.0,,,,,,Wellington Region,Nil,2-way,Sealed,,0.0,0,,100.0,,Off,0.0,0.0,,47,Wellington City,Nil,,,,,0.0,0.0,Open,1.0,,,Fine,Null,1
66492784,,575600,0.0,0.0,0.0,2.0,0.0,North,2020/2021,APUKA STREET,SUGARLOAF ROAD,,Non-Injury Crash,No,2020,0.0,South,0.0,0,1.0,Hill Road,0.0,,0.0,,0.0,Bright sun,2161000,0,0.0,0.0,2.0,0.0,0.0,0.0,0.0,1.0,,0.0,0.0,Wellington Region,Nil,2-way,Sealed,0.0,0.0,0,0.0,50.0,0.0,Off,0.0,0.0,,47,Wellington City,Nil,0.0,0.0,0.0,0.0,0.0,0.0,Urban,0.0,0.0,0.0,Fine,Null,1
66492790,,573101,0.0,,0.0,1.0,,Null,2020/2021,COURTENAY PLACE,TORY STREET,,Minor Crash,No,2021,,East,,0,,Flat,,,,,,Dark,2135600,1,0.0,0.0,3.0,,,0.0,,,1.0,,,Wellington Region,Nil,2-way,Sealed,,0.0,0,,30.0,,On,0.0,0.0,,47,Wellington City,Traffic Signals,,,,,0.0,0.0,Urban,0.0,,,Fine,Null,1
66492830,,576903,0.0,,0.0,1.0,,Null,2020/2021,WELLINGTON ROAD,RUAHINE STREET,,Minor Crash,Yes,2021,,South,,0,,Hill Road,,Christmas New Year,,,,Overcast,2180400,1,0.0,1.0,2.0,,,0.0,,,,,,Wellington Region,Nil,2-way,Sealed,,0.0,0,,50.0,,Off,0.0,0.0,,47,Wellington City,Give way,,,,,0.0,0.0,Urban,0.0,,,Light rain,Null,1
66492866,,573300,0.0,0.0,0.0,3.0,0.0,South,2020/2021,THOMPSON STREET,WEBB STREET,,Non-Injury Crash,No,2021,0.0,North,0.0,0,0.0,Hill Road,0.0,,0.0,,0.0,Overcast,2144200,0,0.0,0.0,2.0,0.0,0.0,0.0,0.0,1.0,,0.0,0.0,Wellington Region,Nil,2-way,Sealed,0.0,0.0,0,0.0,50.0,0.0,Off,0.0,0.0,,47,Wellington City,Nil,0.0,0.0,0.0,0.0,0.0,0.0,Urban,0.0,0.0,0.0,Fine,Null,1
66492873,,575000,0.0,,1.0,1.0,,Null,2021/2022,CHAYTOR STREET,RAROA CRESCENT,,Non-Injury Crash,No,2021,,East,,0,,Flat,,,,,,Overcast,2111100,0,0.0,0.0,3.0,,,0.0,,,,,,Wellington Region,Nil,2-way,Sealed,,1.0,0,,50.0,,Off,0.0,0.0,,47,Wellington City,Stop,,,,,0.0,0.0,Urban,0.0,,,Fine,Strong wind,1
66492875,,576600,0.0,,0.0,3.0,,East,2021/2022,ORIENTAL PARADE,BARING STREET,,Non-Injury Crash,No,2021,,East,,0,,Flat,,,,,,Bright sun,2137700,0,0.0,0.0,2.0,,,0.0,,,,,,Wellington Region,Nil,2-way,Sealed,,0.0,0,,40.0,,On,0.0,0.0,,47,Wellington City,Unknown,,,,,0.0,0.0,Urban,0.0,,,Fine,Null,1
66492941,,575000,0.0,0.0,0.0,2.0,0.0,Null,2021/2022,KARORI ROAD,STANDEN STREET,,Non-Injury Crash,No,2022,0.0,North,0.0,0,0.0,Flat,0.0,,0.0,,0.0,Bright sun,2111000,0,0.0,0.0,2.0,0.0,0.0,0.0,0.0,0.0,,0.0,1.0,Wellington Region,Nil,2-way,Sealed,0.0,0.0,0,0.0,50.0,0.0,Off,0.0,0.0,,47,Wellington City,Nil,0.0,0.0,0.0,0.0,0.0,0.0,Urban,0.0,0.0,0.0,Fine,Null,0
66492946,,574001,0.0,0.0,0.0,0.0,0.0,South,2021/2022,NEWLANDS ROAD,SALFORD STREET,,Non-Injury Crash,No,2021,0.0,North,0.0,0,1.0,Flat,0.0,,0.0,,0.0,Dark,2077700,0,0.0,0.0,2.0,0.0,0.0,0.0,0.0,0.0,,0.0,0.0,Wellington Region,Nil,2-way,Sealed,0.0,0.0,0,0.0,50.0,0.0,Null,0.0,0.0,,47,Wellington City,Nil,0.0,0.0,0.0,0.0,1.0,0.0,Urban,0.0,0.0,0.0,Null,Null,1
66493032,,573000,0.0,0.0,0.0,1.0,0.0,North,2020/2021,THE TERRACE,EVERTON TERRACE,,Non-Injury Crash,No,2021,0.0,North,0.0,0,0.0,Hill Road,0.0,,0.0,,0.0,Unknown,2126403,0,0.0,0.0,1.0,0.0,1.0,0.0,0.0,0.0,,0.0,0.0,Wellington Region,Nil,1-way,Sealed,0.0,0.0,0,0.0,30.0,0.0,Null,0.0,0.0,,47,Wellington City,Nil,0.0,0.0,0.0,0.0,1.0,0.0,Urban,0.0,0.0,0.0,Null,Null,1
66493103,,575600,0.0,0.0,1.0,1.0,0.0,Null,2020/2021,MITCHELL STREET,TODMAN STREET,,Non-Injury Crash,No,2021,0.0,North,0.0,0,0.0,Hill Road,0.0,,0.0,,0.0,Unknown,2161501,0,0.0,0.0,2.0,0.0,0.0,0.0,0.0,1.0,,0.0,0.0,Wellington Region,Nil,2-way,Sealed,0.0,0.0,0,0.0,50.0,0.0,Null,0.0,0.0,,47,Wellington City,Stop,0.0,0.0,0.0,0.0,0.0,0.0,Urban,0.0,0.0,0.0,Null,Null,1
66493118,,572900,2.0,,0.0,0.0,,North,2020/2021,HUTT ROAD,SAR STREET,,Non-Injury Crash,No,2021,,South,,0,,Flat,,,,,,Unknown,2117102,0,0.0,0.0,3.0,,,0.0,,,,,,Wellington Region,Nil,2-way,Sealed,,0.0,0,,50.0,,Null,0.0,0.0,,47,Wellington City,Nil,,,,,0.0,0.0,Urban,1.0,,,Null,Null,1
66493133,,577000,0.0,,0.0,0.0,,Null,2021/2022,ONEPU ROAD,WHA STREET,,Minor Crash,No,2021,,North,,0,,Flat,,,,,,Dark,2173900,1,0.0,0.0,2.0,,,0.0,,,1.0,,,Wellington Region,Nil,2-way,Sealed,,0.0,0,,50.0,,On,0.0,0.0,,47,Wellington City,Give way,,,,,0.0,0.0,Urban,1.0,,,Heavy rain,Strong wind,1
66493165,,574303,0.0,,0.0,3.0,,South,2020/2021,CENTENNIAL HIGHWAY,ABATTOIRS,,Non-Injury Crash,Yes,2020,,North,,0,,Hill Road,,,,,,Overcast,2088705,0,0.0,0.0,3.0,,,0.0,,,,,,Wellington Region,Nil,1-way,Sealed,,0.0,0,,100.0,,Off,0.0,0.0,,47,Wellington City,Nil,,,,,0.0,0.0,Open,0.0,,,Fine,Null,1
66493166,,572900,0.0,,0.0,2.0,,Null,2021/2022,TINAKORI ROAD,TINAKORI ROAD ON RAMP,,Non-Injury Crash,No,2021,,South,,0,,Flat,,,,,,Bright sun,2120100,0,0.0,0.0,2.0,,,0.0,,,,,,Wellington Region,Nil,2-way,Sealed,,0.0,0,,50.0,,Off,0.0,0.0,,47,Wellington City,Traffic Signals,,,,,0.0,0.0,Urban,0.0,,,Fine,Null,1
66493181,,573101,0.0,0.0,0.0,2.0,0.0,Null,2020/2021,CAMBRIDGE TERRACE,ELIZABETH STREET,,Non-Injury Crash,No,2020,0.0,North,0.0,0,0.0,Null,0.0,,0.0,,0.0,Unknown,2136200,0,0.0,0.0,3.0,0.0,0.0,0.0,0.0,1.0,,0.0,0.0,Wellington Region,Nil,1-way,Sealed,0.0,0.0,0,0.0,50.0,0.0,Null,0.0,0.0,,47,Wellington City,Nil,0.0,0.0,0.0,0.0,0.0,0.0,Urban,0.0,0.0,0.0,Null,Null,1
66493201,,577200,0.0,,0.0,1.0,,North,2021/2022,MIRAMAR AVENUE,CHELSEA STREET,,Serious Crash,No,2022,,South,,0,,Flat,,,,,,Bright sun,2207301,0,0.0,0.0,2.0,,,0.0,,,,,,Wellington Region,Nil,2-way,Sealed,,0.0,1,,50.0,,Off,1.0,0.0,,47,Wellington City,Nil,,,,,0.0,0.0,Urban,0.0,,,Fine,Null,0
66493240,15.0,576700,0.0,,1.0,1.0,,North,2021/2022,CARLTON GORE ROAD,LINDUM TERRACE,,Non-Injury Crash,No,2021,,North,,0,,Hill Road,,,,,,Bright sun,2186500,0,0.0,0.0,2.0,,,0.0,,,,,,Wellington Region,Nil,2-way,Sealed,,0.0,0,,50.0,,Off,0.0,0.0,,47,Wellington City,Nil,,,,,0.0,0.0,Urban,0.0,,,Fine,Null,1
66493371,,577301,0.0,0.0,1.0,0.0,0.0,North,2020/2021,DARLINGTON ROAD,CAMPERDOWN ROAD,,Non-Injury Crash,No,2021,0.0,South,0.0,0,0.0,Hill Road,0.0,,0.0,,0.0,Unknown,2202703,0,0.0,0.0,2.0,0.0,0.0,0.0,0.0,1.0,,0.0,0.0,Wellington Region,Nil,2-way,Sealed,0.0,0.0,0,0.0,50.0,0.0,Null,1.0,0.0,,47,Wellington City,Nil,0.0,0.0,0.0,0.0,0.0,0.0,Urban,0.0,0.0,0.0,Null,Null,1
66493390,,577101,0.0,0.0,0.0,2.0,0.0,South,2021/2022,WILBERFORCE STREET,DALLAS COURT,,Non-Injury Crash,No,2021,0.0,South,0.0,0,0.0,Hill Road,0.0,,0.0,,0.0,Dark,2212700,0,0.0,0.0,2.0,0.0,0.0,0.0,0.0,1.0,,0.0,0.0,Wellington Region,Nil,2-way,Sealed,0.0,0.0,0,0.0,50.0,0.0,Null,0.0,0.0,,47,Wellington City,Nil,0.0,0.0,0.0,0.0,0.0,0.0,Urban,0.0,0.0,0.0,Null,Null,1
66493583,,574001,0.0,0.0,0.0,1.0,0.0,East,2020/2021,SOMES CRESCENT,DRESS CIRCLE,,Non-Injury Crash,No,2021,0.0,North,0.0,0,0.0,Flat,0.0,,0.0,,0.0,Bright sun,2075800,0,0.0,0.0,2.0,0.0,0.0,0.0,0.0,1.0,,0.0,0.0,Wellington Region,Nil,2-way,Sealed,0.0,0.0,0,0.0,50.0,0.0,Off,1.0,0.0,,47,Wellington City,Nil,0.0,0.0,0.0,0.0,0.0,0.0,Urban,0.0,0.0,0.0,Fine,Null,1
66493603,,573522,0.0,0.0,0.0,1.0,0.0,North,2020/2021,JOHNSONVILLE PORIRUA MOTORWAY,TAKAPU RD UPASS NBD,,Non-Injury Crash,Yes,2021,0.0,North,0.0,0,0.0,Flat,1.0,,0.0,,0.0,Overcast,2053703,0,0.0,0.0,2.0,0.0,0.0,0.0,0.0,0.0,,0.0,0.0,Wellington Region,Nil,1-way,Sealed,0.0,0.0,0,0.0,100.0,0.0,Off,0.0,0.0,,47,Wellington City,Nil,0.0,0.0,0.0,0.0,0.0,0.0,Open,0.0,0.0,0.0,Heavy rain,Null,1
66493645,,574600,0.0,0.0,0.0,2.0,0.0,East,2021/2022,BLACKRIDGE ROAD,CHURCHILL DRIVE,,Non-Injury Crash,No,2021,0.0,North,0.0,0,0.0,Hill Road,0.0,,0.0,,0.0,Overcast,2103700,0,0.0,0.0,2.0,0.0,0.0,0.0,0.0,1.0,,0.0,0.0,Wellington Region,Nil,2-way,Sealed,0.0,0.0,0,0.0,50.0,0.0,Null,0.0,0.0,,47,Wellington City,Nil,0.0,0.0,0.0,0.0,0.0,0.0,Urban,0.0,0.0,0.0,Fine,Null,1