OBJECTID,advisorySpeed,areaUnitID,bicycle,bridge,bus,carStationWagon,cliffBank,crashDirectionDescription,crashFinancialYear,crashLocation1,crashLocation2,crashRoadSideRoad,crashSeverity,crashSHDescription,crashYear,debris,directionRoleDescription,ditch,fatalCount,fence,flatHill,guardRail,holiday,houseOrBuilding,intersection,kerb,light,meshblockId,minorInjuryCount,moped,motorcycle,NumberOfLanes,objectThrownOrDropped,otherObject,otherVehicleType,overBank,parkedVehicle,pedestrian,phoneBoxEtc,postOrPole,region,roadCharacter,roadLane,roadSurface,roadworks,schoolBus,seriousInjuryCount,slipOrFlood,speedLimit,strayAnimal,streetLight,suv,taxi,temporarySpeedLimit,tlaId,tlaName,trafficControl,trafficIsland,trafficSign,train,tree,truck,unknownVehicleType,urban,vanOrUtility,vehicle,waterRiver,weatherA,weatherB,if_pandemic
66493689,,573700,0.0,,0.0,0.0,,North,2020/2021,JOHNSONVILLE OFF RAMP,JOHNSONVILLE PORIRUA MOTORWAY,,Non-Injury Crash,No,2020,,North,,0,,Hill Road,,,,,,Bright sun,2083100,0,0.0,0.0,2.0,,,0.0,,,,,,Wellington Region,Motorway ramp,1-way,Sealed,,0.0,0,,100.0,,Off,0.0,0.0,,47,Wellington City,Nil,,,,,0.0,0.0,Open,0.0,,,Fine,Null,1
66493706,,573101,0.0,,0.0,1.0,,North,2021/2022,TARANAKI STREET,INGLEWOOD PLACE,,Serious Crash,No,2021,,North,,0,,Flat,,,,,,Dark,2133408,0,0.0,0.0,4.0,,,0.0,,,1.0,,,Wellington Region,Nil,2-way,Sealed,,0.0,1,,30.0,,On,0.0,0.0,,47,Wellington City,Nil,,,,,0.0,0.0,Urban,0.0,,,Fine,Null,1
66493733,,574402,0.0,0.0,0.0,1.0,0.0,South,2021/2022,KAIWHARAWHARA ROAD,NGAIO GORGE ROAD,,Non-Injury Crash,No,2021,0.0,South,0.0,0,0.0,Hill Road,0.0,,0.0,,1.0,Dark,2097602,0,0.0,0.0,2.0,0.0,0.0,0.0,0.0,0.0,,0.0,0.0,Wellington Region,Nil,2-way,Sealed,0.0,0.0,0,0.0,50.0,0.0,On,0.0,0.0,,47,Wellington City,Nil,0.0,0.0,0.0,0.0,0.0,0.0,Urban,0.0,0.0,0.0,Fine,Null,1
66493743,,573101,0.0,0.0,0.0,2.0,0.0,North,2021/2022,WILLIS STREET,DIXON STREET,,Non-Injury Crash,No,2021,0.0,North,0.0,0,0.0,Hill Road,0.0,,0.0,,0.0,Bright sun,2131300,0,0.0,0.0,2.0,0.0,0.0,0.0,0.0,1.0,,0.0,0.0,Wellington Region,Nil,2-way,Sealed,0.0,0.0,0,0.0,30.0,0.0,Off,0.0,0.0,,47,Wellington City,Nil,0.0,0.0,0.0,0.0,0.0,0.0,Urban,0.0,0.0,0.0,Fine,Null,1
66493763,,573101,0.0,,0.0,2.0,,Null,2021/2022,TARANAKI STREET,HALLEYS LANE,,Minor Crash,No,2021,,North,,0,,Flat,,,,,,Bright sun,2133200,1,0.0,0.0,5.0,,,0.0,,,,,,Wellington Region,Nil,2-way,Sealed,,0.0,0,,50.0,,Off,0.0,0.0,,47,Wellington City,Nil,,,,,0.0,0.0,Urban,0.0,,,Fine,Null,1
66493784,,576500,0.0,0.0,0.0,1.0,0.0,Null,2020/2021,JOHN STREET,ADELAIDE ROAD,,Minor Crash,No,2021,0.0,South,0.0,0,1.0,Hill Road,0.0,,0.0,,0.0,Dark,2148500,1,0.0,0.0,3.0,0.0,0.0,0.0,0.0,0.0,,1.0,0.0,Wellington Region,Nil,2-way,Sealed,0.0,0.0,0,0.0,50.0,0.0,On,0.0,0.0,,47,Wellington City,Traffic Signals,0.0,0.0,0.0,0.0,0.0,0.0,Urban,0.0,0.0,0.0,Fine,Null,1
66493794,,572702,0.0,0.0,0.0,1.0,0.0,North,2020/2021,WOODMAN DRIVE,WILMSHURST PLACE,,Non-Injury Crash,No,2021,0.0,South,0.0,0,0.0,Null,0.0,,0.0,,0.0,Unknown,1996802,0,0.0,0.0,2.0,0.0,0.0,0.0,0.0,1.0,,0.0,0.0,Wellington Region,Nil,2-way,Sealed,0.0,0.0,0,0.0,50.0,0.0,Null,0.0,0.0,,47,Wellington City,Nil,0.0,0.0,0.0,0.0,1.0,0.0,Urban,0.0,0.0,0.0,Fine,Null,1
66493867,45.0,573522,0.0,,0.0,2.0,,Null,2020/2021,MAIN ROAD,TAWA-GRENADA NORTH OFF RAMP,,Non-Injury Crash,No,2021,,North,,0,,Flat,,,,,,Twilight,2053703,0,0.0,0.0,2.0,,,0.0,,,,,,Wellington Region,Nil,1-way,Sealed,,0.0,0,,100.0,,On,0.0,0.0,50.0,47,Wellington City,Give way,,,,,0.0,0.0,Open,0.0,,,Fine,Null,1
66493918,,575600,1.0,,0.0,1.0,,West,2021/2022,TODMAN STREET,OHIRO ROAD,,Non-Injury Crash,No,2021,,North,,0,,Hill Road,,,,,,Unknown,2161700,0,0.0,0.0,2.0,,,0.0,,,,,,Wellington Region,Nil,2-way,Sealed,,0.0,0,,30.0,,Null,0.0,0.0,,47,Wellington City,Nil,,,,,0.0,0.0,Urban,0.0,,,Null,Null,1
66493935,45.0,577500,0.0,,0.0,2.0,,Null,2020/2021,FERRY STREET,DUNDAS STREET,,Minor Crash,No,2021,,North,,0,,Hill Road,,,,,,Overcast,2211100,1,0.0,0.0,2.0,,,0.0,,,,,,Wellington Region,Nil,2-way,Sealed,,0.0,0,,50.0,,Off,0.0,0.0,,47,Wellington City,Give way,,,,,0.0,0.0,Urban,0.0,,,Fine,Strong wind,1
66493945,,576903,0.0,,0.0,1.0,,Null,2020/2021,KILBIRNIE CRESCENT,WELLINGTON ROAD,,Non-Injury Crash,No,2020,,North,,0,,Null,,Christmas New Year,,,,Overcast,2180400,0,0.0,1.0,2.0,,,0.0,,,,,,Wellington Region,Nil,2-way,Sealed,,0.0,0,,50.0,,Null,0.0,0.0,,47,Wellington City,Traffic Signals,,,,,0.0,0.0,Urban,0.0,,,Fine,Null,1
66493955,,577102,0.0,0.0,0.0,1.0,0.0,Null,2020/2021,KEKERENGA STREET,AHURIRI STREET,,Non-Injury Crash,No,2021,0.0,South,0.0,0,1.0,Flat,0.0,,0.0,,0.0,Dark,2216100,0,0.0,0.0,2.0,0.0,0.0,0.0,0.0,0.0,,1.0,0.0,Wellington Region,Nil,2-way,Sealed,0.0,0.0,0,0.0,50.0,0.0,On,0.0,0.0,,47,Wellington City,Nil,0.0,0.0,0.0,0.0,0.0,0.0,Urban,0.0,0.0,0.0,Fine,Null,1
66494010,,573700,0.0,,0.0,1.0,,South,2021/2022,JOHNSONVILLE ROAD,DISRAELI STREET,,Serious Crash,No,2021,,West,,0,,Flat,,,,,,Bright sun,2083100,0,0.0,0.0,3.0,,,0.0,,,1.0,,,Wellington Region,Nil,2-way,Sealed,,0.0,1,,50.0,,Off,0.0,0.0,,47,Wellington City,Nil,,,,,0.0,0.0,Urban,0.0,,,Fine,Null,1
66494067,,573700,1.0,,0.0,1.0,,Null,2020/2021,BRODERICK ROAD,GOTHIC STREET,,Non-Injury Crash,No,2021,,East,,0,,Flat,,,,,,Overcast,2082800,0,0.0,0.0,2.0,,,0.0,,,,,,Wellington Region,Nil,2-way,Sealed,,0.0,0,,50.0,,Off,0.0,0.0,,47,Wellington City,Traffic Signals,,,,,0.0,0.0,Urban,0.0,,,Fine,Null,1
66494081,,572900,0.0,,0.0,2.0,,South,2020/2021,TINAKORI ROAD OFF RAMP,TINAKORI ROAD,,Minor Crash,No,2021,,North,,0,,Flat,,,,,,Bright sun,2120100,1,0.0,0.0,3.0,,,0.0,,,,,,Wellington Region,Motorway ramp,2-way,Sealed,,0.0,0,,100.0,,Off,0.0,0.0,,47,Wellington City,Unknown,,,,,0.0,0.0,Open,0.0,,,Fine,Null,1
66494102,,576400,0.0,0.0,0.0,2.0,0.0,East,2021/2022,CONSTABLE STREET,DANIELL STREET,,Non-Injury Crash,No,2021,0.0,East,0.0,0,0.0,Hill Road,0.0,,0.0,,0.0,Twilight,2169101,0,0.0,0.0,2.0,0.0,0.0,0.0,0.0,1.0,,0.0,0.0,Wellington Region,Nil,2-way,Sealed,0.0,0.0,0,0.0,50.0,0.0,On,0.0,0.0,,47,Wellington City,Nil,0.0,0.0,0.0,0.0,0.0,0.0,Urban,0.0,0.0,0.0,Fine,Null,1
66494106,,573101,0.0,,0.0,1.0,,East,2020/2021,BUCKLE STREET,TARANAKI STREET,,Non-Injury Crash,Yes,2021,,West,,0,,Flat,,,,,,Dark,2135000,0,0.0,0.0,3.0,,,0.0,,,,,,Wellington Region,Tunnel,1-way,Sealed,,0.0,0,,50.0,,On,1.0,0.0,,47,Wellington City,Nil,,,,,0.0,0.0,Urban,0.0,,,Fine,Null,1
66494118,,573000,0.0,,0.0,2.0,,Null,2020/2021,THE TERRACE,BOWEN STREET,,Non-Injury Crash,No,2021,,North,,0,,Flat,,,,,,Unknown,2123700,0,0.0,0.0,3.0,,,0.0,,,,,,Wellington Region,Nil,2-way,Sealed,,0.0,0,,30.0,,Null,0.0,0.0,,47,Wellington City,Traffic Signals,,,,,0.0,0.0,Urban,0.0,,,Fine,Null,1
66494154,,577302,0.0,0.0,0.0,0.0,0.0,East,2022/2023,ASHLEIGH CRESCENT,PARA STREET,,Minor Crash,No,2022,0.0,South,0.0,0,0.0,Hill Road,0.0,,0.0,,0.0,Bright sun,2204500,1,0.0,0.0,2.0,0.0,0.0,1.0,0.0,1.0,,0.0,0.0,Wellington Region,Nil,2-way,Sealed,0.0,0.0,0,0.0,50.0,0.0,Off,0.0,0.0,,47,Wellington City,Nil,0.0,0.0,0.0,0.0,0.0,0.0,Urban,1.0,0.0,0.0,Fine,Null,0
66494201,,574302,0.0,0.0,0.0,1.0,0.0,South,2021/2022,WELLINGTON URBAN MOTORWAY,ONSLOW RAIL OBR,,Non-Injury Crash,Yes,2021,0.0,North,0.0,0,0.0,Flat,1.0,,0.0,,0.0,Dark,2090500,0,0.0,0.0,4.0,0.0,0.0,0.0,0.0,0.0,,0.0,0.0,Wellington Region,Nil,1-way,Sealed,0.0,0.0,0,0.0,100.0,0.0,On,0.0,0.0,,47,Wellington City,Nil,0.0,0.0,0.0,0.0,0.0,0.0,Open,0.0,0.0,0.0,Fine,Null,1
66494206,,575300,0.0,0.0,1.0,1.0,0.0,North,2021/2022,UPLAND ROAD,BOUNDARY ROAD,,Non-Injury Crash,No,2021,0.0,North,0.0,0,0.0,Flat,0.0,,0.0,,0.0,Unknown,2152402,0,0.0,0.0,2.0,0.0,0.0,0.0,0.0,1.0,,0.0,0.0,Wellington Region,Nil,2-way,Sealed,0.0,0.0,0,0.0,50.0,0.0,Null,0.0,0.0,,47,Wellington City,Nil,0.0,0.0,0.0,0.0,0.0,0.0,Urban,0.0,0.0,0.0,Null,Null,1
66494208,,576901,0.0,,0.0,2.0,,Null,2021/2022,RONGOTAI ROAD,ROSS STREET,,Minor Crash,No,2022,,West,,0,,Flat,,,,,,Bright sun,2177200,1,0.0,0.0,2.0,,,0.0,,,,,,Wellington Region,Nil,2-way,Sealed,,0.0,0,,50.0,,Off,0.0,0.0,,47,Wellington City,Give way,,,,,0.0,0.0,Urban,0.0,,,Fine,Null,0
66494280,,577200,0.0,0.0,0.0,1.0,0.0,Null,2021/2022,HOBART STREET,WEXFORD ROAD,,Non-Injury Crash,No,2022,0.0,South,0.0,0,0.0,Flat,0.0,,0.0,,0.0,Dark,2207100,0,0.0,0.0,2.0,0.0,0.0,0.0,0.0,0.0,,1.0,1.0,Wellington Region,Nil,2-way,Sealed,0.0,0.0,0,0.0,50.0,0.0,On,0.0,0.0,,47,Wellington City,Nil,0.0,0.0,0.0,0.0,0.0,0.0,Urban,0.0,0.0,0.0,Fine,Null,0
66494289,,573300,0.0,,0.0,1.0,,Null,2021/2022,RUGBY STREET,ADELAIDE ROAD,,Non-Injury Crash,Yes,2021,,West,,0,,Flat,,,,,,Overcast,2145602,0,0.0,0.0,4.0,,,0.0,,,,,,Wellington Region,Nil,1-way,Sealed,,0.0,0,,50.0,,Off,0.0,0.0,,47,Wellington City,Traffic Signals,,,,,0.0,0.0,Urban,1.0,,,Light rain,Strong wind,1
66494306,,573000,0.0,,1.0,0.0,,Null,2021/2022,HUNTER STREET,CUSTOMHOUSE QUAY,,Minor Crash,No,2022,,East,,0,,Flat,,,,,,Overcast,2125800,1,0.0,0.0,2.0,,,0.0,,,1.0,,,Wellington Region,Nil,1-way,Sealed,,0.0,0,,30.0,,Off,0.0,0.0,,47,Wellington City,Traffic Signals,,,,,0.0,0.0,Urban,0.0,,,Light rain,Null,0
66494324,85.0,573522,0.0,0.0,0.0,0.0,0.0,North,2022/2023,JOHNSONVILLE PORIRUA MOTORWAY,TAKAPU RD UPASS NBD,,Minor Crash,Yes,2022,0.0,North,0.0,0,0.0,Flat,1.0,,0.0,,0.0,Overcast,2053703,1,0.0,0.0,2.0,0.0,0.0,0.0,0.0,0.0,,0.0,0.0,Wellington Region,Nil,1-way,Sealed,0.0,0.0,0,0.0,100.0,0.0,Off,0.0,0.0,,47,Wellington City,Nil,0.0,0.0,0.0,0.0,0.0,0.0,Open,1.0,0.0,0.0,Light rain,Null,0
66494370,,576400,0.0,0.0,0.0,3.0,0.0,Null,2020/2021,DANIELL STREET,WINGATE TERRACE,,Non-Injury Crash,No,2020,0.0,North,0.0,0,0.0,Hill Road,0.0,Christmas New Year,0.0,,0.0,Bright sun,2170400,0,0.0,0.0,2.0,0.0,0.0,0.0,0.0,1.0,,0.0,0.0,Wellington Region,Nil,2-way,Sealed,0.0,0.0,0,0.0,40.0,0.0,Off,0.0,0.0,,47,Wellington City,Nil,0.0,0.0,0.0,0.0,0.0,0.0,Urban,0.0,0.0,0.0,Fine,Null,1
66494377,,573000,0.0,0.0,0.0,2.0,0.0,West,2020/2021,DIXON STREET,WILLIS STREET,,Non-Injury Crash,No,2020,0.0,West,0.0,0,0.0,Hill Road,0.0,,0.0,,0.0,Bright sun,2130700,0,0.0,0.0,2.0,0.0,0.0,0.0,0.0,1.0,,0.0,0.0,Wellington Region,Nil,2-way,Sealed,0.0,0.0,0,0.0,50.0,0.0,Off,0.0,0.0,,47,Wellington City,Unknown,0.0,0.0,0.0,0.0,0.0,0.0,Urban,0.0,0.0,0.0,Fine,Null,1
66494404,,574002,0.0,,0.0,0.0,,West,2021/2022,CENTENNIAL HIGHWAY,CENTENNIAL HIGHWAY OFF RAMP,,Minor Crash,Yes,2021,,South,,0,,Hill Road,,,,,,Overcast,2078304,1,0.0,0.0,4.0,,,0.0,,,,,,Wellington Region,Nil,2-way,Sealed,,0.0,0,,80.0,,Off,0.0,0.0,,47,Wellington City,Nil,,,,,0.0,1.0,Open,1.0,,,Heavy rain,Null,1
66494413,,573101,0.0,,0.0,2.0,,Null,2021/2022,DIXON STREET,EVA STREET,,Non-Injury Crash,No,2021,,West,,0,,Flat,,,,,,Overcast,2133300,0,0.0,0.0,2.0,,,0.0,,,,,,Wellington Region,Speed hump,1-way,Sealed,,0.0,0,,30.0,,Off,0.0,1.0,,47,Wellington City,Nil,,,,,0.0,0.0,Urban,0.0,,,Heavy rain,Null,1
66494423,,573801,0.0,,0.0,1.0,,North,2021/2022,JOHNSONVILLE PORIRUA MOTORWAY,JOHNSONVILLE OFF RAMP,,Non-Injury Crash,Yes,2021,,South,,0,,Flat,,,,,,Bright sun,2078900,0,0.0,0.0,2.0,,,0.0,,,,,,Wellington Region,Nil,1-way,Sealed,,0.0,0,,100.0,,Off,1.0,0.0,,47,Wellington City,Nil,,,,,0.0,0.0,Open,1.0,,,Fine,Null,1
66494508,,573700,0.0,,0.0,1.0,,Null,2021/2022,FRANKMOORE AVENUE,ROTOITI STREET,,Serious Crash,No,2022,,East,,0,,Flat,,,,,,Overcast,2082400,0,0.0,1.0,2.0,,,0.0,,,,,,Wellington Region,Nil,2-way,Sealed,,0.0,1,,50.0,,Off,0.0,0.0,,47,Wellington City,Nil,,,,,0.0,0.0,Urban,0.0,,,Fine,Null,0
66494531,,573525,0.0,0.0,0.0,5.0,1.0,North,2020/2021,JOHNSONVILLE PORIRUA MOTORWAY,TAWA-GRENADA NORTH OFF RAMP,,Non-Injury Crash,Yes,2021,0.0,South,0.0,0,0.0,Hill Road,1.0,,0.0,,0.0,Dark,2053830,0,0.0,0.0,2.0,0.0,0.0,0.0,0.0,0.0,,0.0,0.0,Wellington Region,Nil,1-way,Sealed,0.0,0.0,0,0.0,100.0,0.0,None,0.0,0.0,,47,Wellington City,Nil,0.0,0.0,0.0,0.0,0.0,0.0,Open,0.0,0.0,0.0,Fine,Null,1
66494535,,576500,0.0,,1.0,1.0,,Null,2021/2022,ADELAIDE ROAD,RUGBY STREET,,Non-Injury Crash,No,2021,,North,,0,,Flat,,,,,,Overcast,2147900,0,0.0,0.0,2.0,,,0.0,,,,,,Wellington Region,Nil,1-way,Sealed,,0.0,0,,50.0,,Off,0.0,0.0,,47,Wellington City,Traffic Signals,,,,,0.0,0.0,Urban,0.0,,,Fine,Null,1
66494561,,575701,1.0,,0.0,0.0,,North,2020/2021,OHIRO ROAD,RUA KAI WAY,,Minor Crash,No,2021,,South,,0,,Flat,,,,,,Overcast,2198901,1,0.0,0.0,2.0,,,0.0,,,,,,Wellington Region,Nil,2-way,Sealed,,0.0,0,,50.0,,Off,1.0,0.0,,47,Wellington City,Unknown,,,,,0.0,0.0,Urban,0.0,,,Light rain,Null,1
66494577,,576301,0.0,,0.0,2.0,,Null,2020/2021,RIDDIFORD STREET,HOWELL AVENUE,,Minor Crash,No,2021,,North,,0,,Flat,,,,,,Bright sun,2163500,1,0.0,0.0,4.0,,,0.0,,,,,,Wellington Region,Nil,2-way,Sealed,,0.0,0,,50.0,,Off,0.0,0.0,,47,Wellington City,Traffic Signals,,,,,0.0,0.0,Urban,0.0,,,Fine,Null,1
66494584,,577301,1.0,,0.0,1.0,,North,2021/2022,PARK ROAD,REVANS STREET,,Minor Crash,No,2021,,South,,0,,Flat,,,,,,Bright sun,2203400,1,0.0,0.0,2.0,,,0.0,,,,,,Wellington Region,Nil,2-way,Sealed,,0.0,0,,50.0,,Off,0.0,0.0,,47,Wellington City,Nil,,,,,0.0,0.0,Urban,0.0,,,Fine,Null,1
66494587,,574302,0.0,0.0,0.0,2.0,0.0,Null,2020/2021,ONSLOW ROAD,SHALIMAR CRESCENT,,Non-Injury Crash,No,2020,0.0,South,0.0,0,0.0,Hill Road,0.0,Christmas New Year,0.0,,0.0,Dark,2090101,0,0.0,0.0,2.0,0.0,0.0,0.0,0.0,2.0,,0.0,0.0,Wellington Region,Nil,2-way,Sealed,0.0,0.0,0,0.0,50.0,0.0,On,1.0,0.0,,47,Wellington City,Nil,0.0,0.0,0.0,0.0,0.0,0.0,Urban,0.0,0.0,0.0,Fine,Null,1
66494623,,575200,0.0,,0.0,1.0,,South,2020/2021,GARDEN ROAD,NORTHLAND ROAD,,Non-Injury Crash,No,2021,,South,,0,,Hill Road,,,,,,Unknown,2151000,0,0.0,0.0,2.0,,,0.0,,,,,,Wellington Region,Nil,2-way,Sealed,,0.0,0,,50.0,,Null,0.0,0.0,,47,Wellington City,Nil,,,,,0.0,0.0,Urban,1.0,,,Null,Null,1
66494648,,573101,0.0,,0.0,2.0,,Null,2020/2021,GHUZNEE STREET,VICTORIA STREET,,Non-Injury Crash,No,2020,,East,,0,,Flat,,,,,,Overcast,2131600,0,0.0,0.0,3.0,,,0.0,,,,,,Wellington Region,Nil,2-way,Sealed,,0.0,0,,50.0,,On,0.0,0.0,,47,Wellington City,Traffic Signals,,,,,0.0,0.0,Urban,0.0,,,Light rain,Null,1
66494671,,575300,0.0,0.0,0.0,1.0,0.0,South,2020/2021,GLENMORE STREET,THE RIGI,,Non-Injury Crash,No,2020,0.0,South,0.0,0,0.0,Null,0.0,,0.0,,0.0,Unknown,2152501,0,0.0,0.0,2.0,0.0,0.0,0.0,0.0,1.0,,0.0,0.0,Wellington Region,Nil,2-way,Sealed,0.0,0.0,0,0.0,50.0,0.0,Null,1.0,0.0,,47,Wellington City,Nil,0.0,0.0,0.0,0.0,0.0,0.0,Urban,0.0,0.0,0.0,Null,Null,1
66494704,,574303,0.0,,0.0,1.0,,South,2021/2022,WELLINGTON URBAN MOTORWAY,ONSLOW RAIL OBR,,Non-Injury Crash,Yes,2021,,North,,0,,Flat,,,,,,Bright sun,2090402,0,0.0,0.0,4.0,,,0.0,,,,,,Wellington Region,Nil,1-way,Sealed,,0.0,0,,100.0,,Off,0.0,0.0,60.0,47,Wellington City,Nil,,,,,0.0,0.0,Open,1.0,,,Fine,Null,1
66494711,,573101,0.0,,0.0,0.0,,Null,2020/2021,WILLIS STREET,PALMER STREET,,Non-Injury Crash,No,2021,,North,,0,,Flat,,,,,,Bright sun,2132400,0,0.0,0.0,4.0,,,0.0,,,,,,Wellington Region,Nil,1-way,Sealed,,0.0,0,,50.0,,Off,1.0,0.0,,47,Wellington City,Nil,,,,,1.0,0.0,Urban,0.0,,,Fine,Null,1
66494756,,573101,0.0,,2.0,0.0,,Null,2021/2022,COURTENAY PLACE,COURTENAY PLACE,,Non-Injury Crash,No,2021,,West,,0,,Flat,,,,,,Overcast,2136000,0,0.0,0.0,2.0,,,0.0,,,,,,Wellington Region,Nil,1-way,Sealed,,0.0,0,,30.0,,Off,0.0,0.0,,47,Wellington City,Nil,,,,,0.0,0.0,Urban,0.0,,,Fine,Null,1
66494774,,573400,0.0,,0.0,1.0,,Null,2020/2021,PATERSON STREET,DUFFERIN STREET,,Non-Injury Crash,Yes,2020,,West,,0,,Null,,,,,,Unknown,2143300,0,0.0,0.0,4.0,,,0.0,,,,,,Wellington Region,Nil,2-way,Sealed,,0.0,0,,50.0,,Null,1.0,0.0,,47,Wellington City,Traffic Signals,,,,,0.0,0.0,Urban,0.0,,,Null,Null,1
66494775,,573700,0.0,0.0,0.0,3.0,1.0,Null,2020/2021,WOODLAND ROAD,BIRCH STREET,,Non-Injury Crash,No,2020,0.0,South,0.0,0,1.0,Hill Road,0.0,,0.0,,0.0,Overcast,2081700,0,0.0,0.0,2.0,0.0,0.0,0.0,0.0,1.0,,0.0,0.0,Wellington Region,Nil,2-way,Sealed,0.0,0.0,0,0.0,50.0,0.0,None,0.0,0.0,,47,Wellington City,Nil,0.0,0.0,0.0,0.0,0.0,0.0,Urban,0.0,0.0,0.0,Fine,Null,1
66494776,,572900,0.0,,0.0,2.0,,North,2021/2022,HUTT ROAD,SAR STREET,,Minor Crash,No,2022,,South,,0,,Flat,,,,,,Bright sun,2117102,1,0.0,0.0,3.0,,,0.0,,,,,,Wellington Region,Nil,2-way,Sealed,,0.0,0,,50.0,,Off,0.0,0.0,,47,Wellington City,Nil,,,,,0.0,0.0,Urban,0.0,,,Fine,Null,0
66494778,,574303,0.0,,0.0,1.0,,South,2020/2021,WELLINGTON URBAN MOTORWAY,HUTT ROAD,,Non-Injury Crash,Yes,2021,,North,,0,,Hill Road,,,,,,Twilight,2090402,0,0.0,1.0,4.0,,,0.0,,,,,,Wellington Region,Nil,1-way,Sealed,,0.0,0,,100.0,,Off,0.0,0.0,,47,Wellington City,Nil,,,,,0.0,0.0,Open,0.0,,,Fine,Null,1
66494817,,573101,0.0,,0.0,2.0,,Null,2020/2021,TARANAKI STREET,INGLEWOOD PLACE,,Non-Injury Crash,No,2021,,North,,0,,Flat,,,,,,Bright sun,2133408,0,0.0,0.0,4.0,,,0.0,,,,,,Wellington Region,Nil,2-way,Sealed,,0.0,0,,30.0,,Off,0.0,0.0,,47,Wellington City,Nil,,,,,0.0,0.0,Urban,0.0,,,Fine,Null,1
66494844,,576901,0.0,,0.0,2.0,,Null,2020/2021,COUTTS STREET,ONEPU ROAD,,Non-Injury Crash,No,2020,,East,,0,,Null,,,,,,Unknown,2178300,0,0.0,0.0,2.0,,,0.0,,,,,,Wellington Region,Nil,2-way,Null,,0.0,0,,30.0,,Null,0.0,0.0,,47,Wellington City,Give way,,,,,0.0,0.0,Urban,0.0,,,Null,Null,1
66494869,,574800,0.0,0.0,0.0,1.0,0.0,West,2020/2021,OLD KARORI ROAD,PAISLEY TERRACE,,Non-Injury Crash,No,2020,0.0,North,0.0,0,0.0,Hill Road,0.0,,0.0,,0.0,Overcast,2106000,0,0.0,0.0,2.0,0.0,0.0,0.0,0.0,0.0,,0.0,1.0,Wellington Region,Nil,2-way,Sealed,0.0,0.0,0,0.0,50.0,0.0,Off,0.0,0.0,,47,Wellington City,Nil,0.0,0.0,0.0,0.0,0.0,0.0,Urban,0.0,0.0,0.0,Light rain,Null,1
66494876,,574402,0.0,0.0,0.0,2.0,0.0,North,2020/2021,BANKOT CRESCENT,COCKAYNE ROAD,,Non-Injury Crash,No,2020,0.0,South,0.0,0,0.0,Flat,0.0,Christmas New Year,0.0,,0.0,Dark,2096200,0,0.0,0.0,2.0,0.0,0.0,0.0,0.0,2.0,,0.0,0.0,Wellington Region,Nil,2-way,Sealed,0.0,0.0,0,0.0,50.0,0.0,Null,1.0,0.0,,47,Wellington City,Nil,0.0,0.0,0.0,0.0,0.0,0.0,Urban,0.0,0.0,0.0,Null,Null,1
66494917,,576200,0.0,0.0,1.0,2.0,0.0,Null,2020/2021,RINTOUL STREET,TE WHAREPOURI STREET,,Non-Injury Crash,No,2021,0.0,South,0.0,0,0.0,Flat,0.0,,0.0,,0.0,Bright sun,2171700,0,0.0,0.0,2.0,0.0,0.0,0.0,0.0,1.0,,0.0,0.0,Wellington Region,Nil,2-way,Sealed,0.0,0.0,0,0.0,50.0,0.0,Off,0.0,0.0,,47,Wellington City,Traffic Signals,0.0,0.0,0.0,0.0,0.0,0.0,Urban,0.0,0.0,0.0,Fine,Null,1
66494921,,572900,1.0,,0.0,0.0,,North,2020/2021,HUTT ROAD,SAR STREET,,Non-Injury Crash,No,2020,,South,,0,,Flat,,,,,,Overcast,2117102,0,0.0,0.0,3.0,,,0.0,,,,,,Wellington Region,Nil,2-way,Sealed,,0.0,0,,50.0,,Off,1.0,0.0,,47,Wellington City,Nil,,,,,0.0,0.0,Urban,0.0,,,Fine,Null,1
66494940,,573802,0.0,,0.0,1.0,,South,2021/2022,STEWART DRIVE,TED GILBERD PLACE,,Non-Injury Crash,No,2022,,East,,0,,Hill Road,,,,,,Bright sun,2079200,0,0.0,0.0,2.0,,,0.0,,,,,,Wellington Region,Nil,2-way,Sealed,,0.0,0,,50.0,,Off,0.0,0.0,,47,Wellington City,Unknown,,,,,0.0,0.0,Urban,1.0,,,Fine,Null,0
66494944,,577301,0.0,0.0,0.0,2.0,0.0,North,2020/2021,DARLINGTON ROAD,GREENVIEW WAY,,Non-Injury Crash,No,2021,0.0,South,0.0,0,0.0,Flat,0.0,,0.0,,0.0,Dark,2202601,0,0.0,0.0,2.0,0.0,0.0,0.0,0.0,1.0,,0.0,0.0,Wellington Region,Nil,2-way,Sealed,0.0,0.0,0,0.0,50.0,0.0,On,0.0,0.0,,47,Wellington City,Nil,0.0,0.0,0.0,0.0,0.0,0.0,Urban,0.0,0.0,0.0,Fine,Null,1
66494981,,576200,0.0,0.0,0.0,3.0,0.0,South,2020/2021,ADELAIDE ROAD,DUPPA STREET,,Non-Injury Crash,No,2020,0.0,North,0.0,0,0.0,Flat,0.0,,0.0,,0.0,Bright sun,2172700,0,0.0,0.0,2.0,0.0,0.0,0.0,0.0,1.0,,0.0,0.0,Wellington Region,Nil,2-way,Sealed,0.0,0.0,0,0.0,50.0,0.0,Off,0.0,0.0,,47,Wellington City,Nil,0.0,0.0,0.0,0.0,0.0,0.0,Urban,0.0,0.0,0.0,Fine,Null,1