OBJECTID,advisorySpeed,areaUnitID,bicycle,bridge,bus,carStationWagon,cliffBank,crashDirectionDescription,crashFinancialYear,crashLocation1,crashLocation2,crashRoadSideRoad,crashSeverity,crashSHDescription,crashYear,debris,directionRoleDescription,ditch,fatalCount,fence,flatHill,guardRail,holiday,houseOrBuilding,intersection,kerb,light,meshblockId,minorInjuryCount,moped,motorcycle,NumberOfLanes,objectThrownOrDropped,otherObject,otherVehicleType,overBank,parkedVehicle,pedestrian,phoneBoxEtc,postOrPole,region,roadCharacter,roadLane,roadSurface,roadworks,schoolBus,seriousInjuryCount,slipOrFlood,speedLimit,strayAnimal,streetLight,suv,taxi,temporarySpeedLimit,tlaId,tlaName,trafficControl,trafficIsland,trafficSign,train,tree,truck,unknownVehicleType,urban,vanOrUtility,vehicle,waterRiver,weatherA,weatherB,if_pandemic
66494992,,572500,0.0,,0.0,2.0,,Null,2020/2021,MAIN ROAD,TAWA STREET,,Non-Injury Crash,No,2021,,South,,0,,Flat,,,,,,Dark,1986300,0,0.0,0.0,1.0,,,0.0,,,,,,Wellington Region,Nil,1-way,Sealed,,0.0,0,,50.0,,On,0.0,0.0,,47,Wellington City,Give way,,,,,0.0,0.0,Urban,0.0,,,Fine,Null,1
66495022,,574002,0.0,,0.0,2.0,,North,2021/2022,HUTT ROAD,NGAURANGA ON NBD OBR,,Non-Injury Crash,Yes,2021,,North,,0,,Hill Road,,,,,,Overcast,2078302,0,0.0,0.0,4.0,,,0.0,,,,,,Wellington Region,Nil,2-way,Sealed,,0.0,0,,80.0,,Off,1.0,0.0,,47,Wellington City,Nil,,,,,0.0,0.0,Open,0.0,,,Heavy rain,Strong wind,1
66495031,,576500,0.0,0.0,0.0,0.0,0.0,Null,2020/2021,ADELAIDE ROAD,RUGBY STREET,,Non-Injury Crash,No,2021,0.0,North,0.0,0,0.0,Flat,0.0,,0.0,,0.0,Bright sun,2147900,0,0.0,0.0,2.0,0.0,0.0,0.0,0.0,0.0,,0.0,0.0,Wellington Region,Nil,1-way,Sealed,0.0,0.0,0,0.0,50.0,0.0,Off,0.0,0.0,,47,Wellington City,Traffic Signals,0.0,1.0,0.0,0.0,1.0,0.0,Urban,0.0,0.0,0.0,Fine,Null,1
66495033,,574402,0.0,0.0,0.0,1.0,1.0,East,2021/2022,OLD PORIRUA ROAD,CAPTAIN EDWARD DANIELL DRIVE,,Minor Crash,No,2021,0.0,East,0.0,0,0.0,Hill Road,0.0,,0.0,,0.0,Dark,2097601,1,0.0,0.0,2.0,0.0,0.0,0.0,0.0,0.0,,0.0,0.0,Wellington Region,Nil,2-way,Sealed,0.0,0.0,0,0.0,50.0,0.0,Off,0.0,0.0,,47,Wellington City,Nil,0.0,0.0,0.0,0.0,0.0,0.0,Urban,0.0,0.0,0.0,Fine,Null,1
66495080,,573400,0.0,0.0,0.0,2.0,0.0,Null,2021/2022,AUSTIN STREET,QUEEN STREET,,Non-Injury Crash,No,2021,0.0,South,0.0,0,0.0,Flat,0.0,,0.0,,0.0,Dark,2141600,0,0.0,0.0,2.0,0.0,0.0,0.0,0.0,1.0,,0.0,0.0,Wellington Region,Nil,2-way,Sealed,0.0,0.0,0,0.0,50.0,0.0,Off,0.0,0.0,,47,Wellington City,Nil,0.0,0.0,0.0,0.0,0.0,0.0,Urban,0.0,0.0,0.0,Fine,Null,1
66495090,,573901,0.0,0.0,0.0,1.0,1.0,Null,2021/2022,BRACKEN ROAD,BEAZLEY AVENUE,,Non-Injury Crash,No,2021,0.0,West,0.0,0,1.0,Hill Road,0.0,,0.0,,1.0,Dark,2074000,0,0.0,0.0,2.0,0.0,0.0,0.0,0.0,0.0,,0.0,0.0,Wellington Region,Nil,2-way,Sealed,0.0,0.0,0,0.0,50.0,0.0,On,0.0,0.0,,47,Wellington City,Give way,0.0,0.0,0.0,0.0,0.0,0.0,Urban,0.0,0.0,0.0,Fine,Null,1
66495148,,573101,0.0,,0.0,1.0,,Null,2021/2022,COURTENAY PLACE,BLAIR STREET,,Non-Injury Crash,No,2021,,East,,0,,Flat,,,,,,Overcast,2135700,0,0.0,0.0,3.0,,,0.0,,,,,,Wellington Region,Nil,2-way,Sealed,,0.0,0,,50.0,,On,1.0,0.0,,47,Wellington City,Isolated Pedestrian signal (non-intersection),,,,,0.0,0.0,Urban,0.0,,,Fine,Null,1
66495149,,573000,0.0,0.0,1.0,1.0,0.0,North,2020/2021,LAMBTON QUAY,HUNTER STREET,,Non-Injury Crash,No,2020,0.0,North,0.0,0,0.0,Null,0.0,Christmas New Year,0.0,,0.0,Overcast,2125700,0,0.0,0.0,2.0,0.0,0.0,0.0,0.0,1.0,,0.0,0.0,Wellington Region,Nil,2-way,Sealed,0.0,0.0,0,0.0,30.0,0.0,Off,0.0,0.0,,47,Wellington City,Nil,0.0,0.0,0.0,0.0,0.0,0.0,Urban,0.0,0.0,0.0,Light rain,Null,1
66495178,,574303,0.0,,0.0,1.0,,North,2020/2021,CENTENNIAL HIGHWAY,NIMT OBR,,Non-Injury Crash,Yes,2021,,North,,0,,Hill Road,,,,,,Bright sun,2088705,0,0.0,0.0,3.0,,,0.0,,,,,,Wellington Region,Nil,1-way,Sealed,,0.0,0,,80.0,,Null,1.0,0.0,,47,Wellington City,Nil,,,,,0.0,0.0,Open,0.0,,,Fine,Null,1
66495224,,576200,0.0,0.0,1.0,1.0,0.0,Null,2021/2022,CHILKA STREET,STANLEY STREET,,Non-Injury Crash,No,2021,0.0,West,0.0,0,0.0,Hill Road,0.0,,0.0,,0.0,Unknown,2173000,0,0.0,0.0,2.0,0.0,0.0,0.0,0.0,1.0,,0.0,0.0,Wellington Region,Nil,2-way,Sealed,0.0,0.0,0,0.0,50.0,0.0,Null,0.0,0.0,,47,Wellington City,Nil,0.0,0.0,0.0,0.0,0.0,0.0,Urban,0.0,0.0,0.0,Null,Null,1
66495225,,572701,0.0,,0.0,2.0,,Null,2021/2022,MAIN ROAD,LINDEN AVENUE,,Minor Crash,No,2022,,North,,0,,Flat,,,,,,Dark,1994500,1,0.0,0.0,2.0,,,0.0,,,,,,Wellington Region,Nil,2-way,Sealed,,0.0,0,,50.0,,On,0.0,0.0,,47,Wellington City,Give way,,,,,0.0,0.0,Urban,0.0,,,Light rain,Null,0
66495241,,572900,0.0,,0.0,0.0,,North,2020/2021,THORNDON QUAY,DAVIS STREET,,Minor Crash,No,2021,,North,,0,,Flat,,,,,,Overcast,2118400,1,0.0,0.0,2.0,,,0.0,,,1.0,,,Wellington Region,Nil,2-way,Sealed,,0.0,0,,50.0,,Off,1.0,0.0,,47,Wellington City,Nil,,,,,0.0,0.0,Urban,0.0,,,Light rain,Null,1
66495254,,576002,0.0,0.0,0.0,1.0,0.0,East,2021/2022,MERSEY STREET,THE PARADE,,Non-Injury Crash,No,2022,0.0,East,0.0,0,0.0,Flat,0.0,,0.0,,0.0,Overcast,2190800,0,0.0,0.0,2.0,0.0,0.0,0.0,0.0,1.0,,0.0,0.0,Wellington Region,Nil,2-way,Sealed,0.0,0.0,0,0.0,50.0,0.0,Off,1.0,0.0,,47,Wellington City,Nil,0.0,0.0,0.0,0.0,0.0,0.0,Urban,0.0,0.0,0.0,Fine,Null,0
66495260,,573700,0.0,,0.0,0.0,,Null,2021/2022,JOHNSONVILLE ROAD,BURGESS ROAD,,Minor Crash,No,2021,,North,,0,,Flat,,Labour Weekend,,,,Bright sun,2082800,1,0.0,0.0,3.0,,,0.0,,,1.0,,,Wellington Region,Nil,2-way,Sealed,,0.0,0,,50.0,,None,0.0,0.0,,47,Wellington City,Nil,,,,,0.0,0.0,Urban,0.0,,,Fine,Null,1
66495276,,574002,0.0,,0.0,1.0,,South,2021/2022,HUTT ROAD,HUTT ROAD ON RAMP,,Non-Injury Crash,Yes,2021,,North,,0,,Null,,,,,,Unknown,2078302,0,0.0,0.0,2.0,,,0.0,,,,,,Wellington Region,Nil,1-way,Sealed,,0.0,0,,100.0,,Null,0.0,0.0,,47,Wellington City,Nil,,,,,0.0,0.0,Open,1.0,,,Null,Null,1
66495297,,572701,0.0,,0.0,2.0,,Null,2020/2021,LINDEN AVENUE,BEAUCHAMP STREET,,Non-Injury Crash,No,2021,,East,,0,,Flat,,,,,,Bright sun,1994200,0,0.0,0.0,2.0,,,0.0,,,,,,Wellington Region,Nil,2-way,Sealed,,0.0,0,,50.0,,Off,0.0,0.0,,47,Wellington City,Give way,,,,,0.0,0.0,Urban,0.0,,,Fine,Null,1
66495351,,573000,0.0,0.0,0.0,2.0,0.0,North,2021/2022,WILLIS STREET,DIXON STREET,,Non-Injury Crash,No,2021,0.0,South,0.0,0,0.0,Hill Road,0.0,,0.0,,0.0,Unknown,2129100,0,0.0,0.0,2.0,0.0,0.0,0.0,0.0,1.0,,0.0,0.0,Wellington Region,Nil,2-way,Sealed,0.0,0.0,0,0.0,30.0,0.0,Null,0.0,0.0,,47,Wellington City,Unknown,0.0,0.0,0.0,0.0,0.0,0.0,Urban,0.0,0.0,0.0,Null,Null,1
66495397,,577200,0.0,,0.0,2.0,,Null,2020/2021,MIRAMAR AVENUE,STONE STREET,,Non-Injury Crash,No,2020,,North,,0,,Flat,,,,,,Overcast,2207201,0,0.0,0.0,2.0,,,0.0,,,,,,Wellington Region,Nil,2-way,Sealed,,0.0,0,,30.0,,Null,0.0,0.0,,47,Wellington City,Give way,,,,,0.0,0.0,Urban,0.0,,,Fine,Null,1
66495470,,576002,0.0,0.0,0.0,1.0,1.0,South,2020/2021,MELBOURNE ROAD,AVON STREET,,Non-Injury Crash,No,2021,0.0,South,0.0,0,1.0,Flat,0.0,,0.0,,0.0,Dark,2192000,0,0.0,0.0,2.0,0.0,0.0,0.0,0.0,0.0,,0.0,0.0,Wellington Region,Nil,2-way,Sealed,0.0,0.0,0,0.0,50.0,0.0,On,0.0,0.0,,47,Wellington City,Nil,0.0,0.0,0.0,0.0,0.0,0.0,Urban,0.0,0.0,0.0,Fine,Null,1
66495483,,577302,0.0,0.0,0.0,1.0,0.0,North,2020/2021,PARA STREET,ATHENS STREET,,Non-Injury Crash,No,2020,0.0,North,0.0,0,0.0,Flat,0.0,Christmas New Year,0.0,,0.0,Overcast,2204500,0,0.0,0.0,2.0,0.0,0.0,0.0,0.0,0.0,,0.0,0.0,Wellington Region,Nil,2-way,Sealed,0.0,0.0,0,0.0,50.0,0.0,None,0.0,0.0,,47,Wellington City,Nil,0.0,1.0,0.0,0.0,0.0,0.0,Urban,0.0,0.0,0.0,Light rain,Null,1
66495509,,574100,0.0,,0.0,1.0,,North,2020/2021,BURMA ROAD,JOHN SIMS DRIVE,,Minor Crash,No,2021,,South,,0,,Flat,,,,,,Overcast,2083900,1,0.0,1.0,2.0,,,0.0,,,,,,Wellington Region,Nil,2-way,Sealed,,0.0,0,,50.0,,Off,0.0,0.0,,47,Wellington City,Nil,,,,,0.0,0.0,Urban,0.0,,,Heavy rain,Null,1
66495515,,576200,0.0,0.0,0.0,3.0,0.0,West,2020/2021,BRITOMART STREET,ADELAIDE ROAD,,Non-Injury Crash,No,2021,0.0,East,0.0,0,0.0,Flat,0.0,,0.0,,0.0,Twilight,2171200,0,0.0,0.0,1.0,0.0,0.0,0.0,0.0,1.0,,0.0,0.0,Wellington Region,Nil,2-way,Sealed,0.0,0.0,0,0.0,50.0,0.0,On,0.0,0.0,,47,Wellington City,Nil,0.0,0.0,0.0,0.0,0.0,0.0,Urban,0.0,0.0,0.0,Fine,Null,1
66495543,,575300,0.0,,0.0,1.0,,North,2020/2021,GLENMORE STREET,THE RIGI,,Non-Injury Crash,No,2021,,North,,0,,Hill Road,,,,,,Unknown,2152501,0,0.0,0.0,2.0,,,0.0,,,1.0,,,Wellington Region,Nil,2-way,Sealed,,0.0,0,,50.0,,Null,0.0,0.0,,47,Wellington City,Nil,,,,,0.0,0.0,Urban,0.0,,,Null,Null,1
66495559,,576301,0.0,,0.0,0.0,,South,2020/2021,ADELAIDE ROAD,JOHN STREET,,Non-Injury Crash,No,2020,,North,,0,,Hill Road,,,,,,Bright sun,2163400,0,0.0,1.0,2.0,,,0.0,,,,,,Wellington Region,Nil,2-way,Sealed,,0.0,0,,50.0,,Null,0.0,0.0,,47,Wellington City,Nil,,,,,0.0,0.0,Urban,1.0,,,Fine,Null,1
66495563,,577601,0.0,0.0,0.0,2.0,0.0,Null,2020/2021,AKAROA DRIVE,RANGITANE STREET,,Non-Injury Crash,No,2021,0.0,South,0.0,0,0.0,Hill Road,0.0,,0.0,,0.0,Bright sun,2201902,0,0.0,0.0,2.0,0.0,0.0,0.0,0.0,1.0,,0.0,0.0,Wellington Region,Nil,2-way,Sealed,0.0,0.0,0,0.0,50.0,0.0,Off,0.0,0.0,,47,Wellington City,Give way,0.0,0.0,0.0,0.0,0.0,0.0,Urban,0.0,0.0,0.0,Fine,Null,1
66495599,,576500,0.0,0.0,0.0,2.0,0.0,Null,2020/2021,HANSON STREET,HANSON LANE,,Non-Injury Crash,No,2021,0.0,North,0.0,0,0.0,Hill Road,0.0,,0.0,,0.0,Unknown,2148400,0,0.0,0.0,2.0,0.0,0.0,0.0,0.0,1.0,,0.0,0.0,Wellington Region,Nil,2-way,Sealed,0.0,0.0,0,0.0,50.0,0.0,Null,0.0,0.0,,47,Wellington City,Nil,0.0,0.0,0.0,0.0,0.0,0.0,Urban,0.0,0.0,0.0,Null,Null,1
66495633,,573525,0.0,0.0,0.0,1.0,0.0,East,2020/2021,BING LUCAS DRIVE,WOODMAN DRIVE,,Non-Injury Crash,No,2021,0.0,West,0.0,0,1.0,Flat,0.0,,0.0,,0.0,Dark,2053831,0,0.0,0.0,2.0,0.0,0.0,0.0,0.0,0.0,,0.0,0.0,Wellington Region,Nil,2-way,Sealed,0.0,0.0,0,0.0,50.0,0.0,None,0.0,0.0,,47,Wellington City,Nil,0.0,0.0,0.0,0.0,0.0,0.0,Urban,0.0,0.0,0.0,Fine,Null,1
66495638,,576301,0.0,,0.0,1.0,,South,2021/2022,RINTOUL STREET,RIDDIFORD STREET,,Non-Injury Crash,No,2021,,North,,0,,Hill Road,,,,,,Overcast,2165200,0,0.0,0.0,2.0,,,0.0,,,,,,Wellington Region,Nil,2-way,Sealed,,0.0,0,,50.0,,Null,1.0,0.0,,47,Wellington City,Nil,,,,,0.0,0.0,Urban,0.0,,,Null,Null,1
66495642,,576800,0.0,,0.0,1.0,,Null,2021/2022,RUAHINE STREET,TAURIMA STREET,,Minor Crash,Yes,2022,,East,,0,,Hill Road,,,,,,Dark,2181700,1,0.0,0.0,3.0,,,0.0,,,,,,Wellington Region,Nil,2-way,Sealed,,0.0,0,,50.0,,On,1.0,0.0,,47,Wellington City,Give way,,,,,0.0,0.0,Urban,0.0,,,Heavy rain,Null,0
66495653,,572500,0.0,,0.0,3.0,,North,2020/2021,JOHNSONVILLE PORIRUA MOTORWAY,TAWA-GRENADA NORTH ON RAMP,,Non-Injury Crash,Yes,2021,,North,,0,,Flat,,,,,,Dark,1986700,0,0.0,0.0,4.0,,,0.0,,,,,,Wellington Region,Nil,2-way,Sealed,,0.0,0,,100.0,,None,0.0,0.0,,47,Wellington City,Nil,,,,,1.0,0.0,Open,0.0,,,Light rain,Null,1
66495666,,577400,1.0,0.0,0.0,1.0,0.0,North,2021/2022,KARAKA BAY ROAD,PRETORIA ROAD,,Minor Crash,No,2022,0.0,North,0.0,0,0.0,Flat,0.0,,0.0,,0.0,Overcast,2209500,1,0.0,0.0,2.0,0.0,0.0,0.0,0.0,1.0,,0.0,0.0,Wellington Region,Nil,2-way,Sealed,0.0,0.0,0,0.0,40.0,0.0,Off,0.0,0.0,,47,Wellington City,Nil,0.0,0.0,0.0,0.0,0.0,0.0,Urban,0.0,0.0,0.0,Fine,Strong wind,0
66495672,,573522,0.0,,0.0,2.0,,Null,2021/2022,TAWA-GRENADA NORTH OFF RAMP,TAKAPU ROAD,,Non-Injury Crash,No,2021,,East,,0,,Hill Road,,,,,,Bright sun,2053703,0,0.0,0.0,1.0,,,0.0,,,,,,Wellington Region,Motorway ramp,1-way,Sealed,,0.0,0,,50.0,,Off,0.0,0.0,,47,Wellington City,Give way,,,,,0.0,0.0,Urban,0.0,,,Fine,Null,1
66495690,,576400,0.0,0.0,0.0,1.0,0.0,East,2020/2021,BALMORAL TERRACE,OWEN STREET,,Non-Injury Crash,No,2021,0.0,Null,0.0,0,0.0,Null,0.0,Queens Birthday,0.0,,0.0,Unknown,2170101,0,0.0,0.0,2.0,0.0,0.0,0.0,0.0,1.0,,0.0,0.0,Wellington Region,Nil,2-way,Null,0.0,0.0,0,0.0,40.0,0.0,Null,0.0,0.0,,47,Wellington City,Nil,0.0,0.0,0.0,0.0,0.0,0.0,Urban,0.0,0.0,0.0,Null,Null,1
66495700,,573000,0.0,,0.0,3.0,,Null,2021/2022,KARO DRIVE,WILLIS STREET,,Non-Injury Crash,Yes,2021,,North,,0,,Flat,,,,,,Overcast,2130200,0,0.0,0.0,2.0,,,0.0,,,,,,Wellington Region,Nil,1-way,Sealed,,0.0,0,,50.0,,Off,0.0,0.0,,47,Wellington City,Traffic Signals,,,,,0.0,0.0,Urban,0.0,,,Fine,Null,1
66495725,,573400,0.0,0.0,0.0,1.0,0.0,West,2020/2021,PIRIE STREET,PORRITT AVENUE,,Non-Injury Crash,No,2021,0.0,West,0.0,0,0.0,Flat,0.0,Easter,0.0,,0.0,Unknown,2141500,0,0.0,0.0,2.0,0.0,0.0,0.0,0.0,1.0,,0.0,0.0,Wellington Region,Nil,2-way,Sealed,0.0,0.0,0,0.0,50.0,0.0,Null,0.0,0.0,,47,Wellington City,Nil,0.0,0.0,0.0,0.0,0.0,0.0,Urban,1.0,0.0,0.0,Null,Null,1
66495838,,574002,0.0,,0.0,1.0,,North,2021/2022,HUTT ROAD,RAILYARD ENTRY,,Non-Injury Crash,Yes,2021,,North,,0,,Flat,,,,,,Overcast,2078302,0,0.0,0.0,2.0,,,0.0,,,,,,Wellington Region,Nil,1-way,Sealed,,0.0,0,,100.0,,Off,0.0,0.0,,47,Wellington City,Nil,,,,,0.0,0.0,Open,1.0,,,Light rain,Null,1
66495870,,576901,0.0,,0.0,1.0,,Null,2021/2022,COUTTS STREET,TIRANGI ROAD,,Minor Crash,No,2021,,West,,0,,Flat,,,,,,Overcast,2176701,1,0.0,0.0,2.0,,,0.0,,,,,,Wellington Region,Nil,2-way,Sealed,,0.0,0,,50.0,,Off,0.0,0.0,,47,Wellington City,Give way,,,,,0.0,0.0,Urban,1.0,,,Light rain,Null,1
66495901,,574002,0.0,,0.0,2.0,,West,2020/2021,CENTENNIAL HIGHWAY,CENTENNIAL HIGHWAY OFF RAMP,,Non-Injury Crash,Yes,2020,,South,,0,,Hill Road,,,,,,Bright sun,2078304,0,0.0,0.0,3.0,,,0.0,,,,,,Wellington Region,Nil,1-way,Sealed,,0.0,0,,80.0,,Off,0.0,0.0,,47,Wellington City,Nil,,,,,0.0,0.0,Open,0.0,,,Fine,Null,1
66495910,,574002,0.0,,0.0,3.0,,Null,2021/2022,CENTENNIAL HIGHWAY,CENTENNIAL HIGHWAY ON RAMP,,Non-Injury Crash,Yes,2021,,West,,0,,Hill Road,,,,,,Overcast,2078302,0,0.0,0.0,4.0,,,0.0,,,,,,Wellington Region,Motorway ramp,2-way,Sealed,,0.0,0,,80.0,,Off,0.0,0.0,60.0,47,Wellington City,Nil,,,,,0.0,0.0,Open,0.0,,,Light rain,Null,1
66495989,,577500,0.0,0.0,0.0,1.0,0.0,South,2020/2021,INGLIS STREET,BURNHAM STREET,,Non-Injury Crash,No,2020,0.0,North,0.0,0,0.0,Null,0.0,,0.0,,0.0,Unknown,2211800,0,0.0,0.0,2.0,0.0,0.0,0.0,0.0,1.0,,0.0,0.0,Wellington Region,Nil,2-way,Sealed,0.0,0.0,0,0.0,50.0,0.0,Null,1.0,0.0,,47,Wellington City,Unknown,0.0,0.0,0.0,0.0,0.0,0.0,Urban,0.0,0.0,0.0,Null,Null,1
66496035,,573000,0.0,,0.0,1.0,,Null,2021/2022,BALLANCE STREET,STOUT STREET,,Minor Crash,No,2021,,Null,,0,,Flat,,,,,,Dark,2124100,1,0.0,0.0,2.0,,,0.0,,,,,,Wellington Region,Nil,1-way,Sealed,,0.0,0,,50.0,,On,0.0,0.0,,47,Wellington City,Give way,,,,,0.0,0.0,Urban,0.0,,,Fine,Null,1
66496040,,573300,0.0,0.0,0.0,1.0,0.0,North,2020/2021,TARANAKI STREET,HANKEY STREET,,Minor Crash,No,2021,0.0,South,0.0,0,0.0,Flat,0.0,,0.0,,0.0,Dark,2145300,1,0.0,0.0,2.0,0.0,0.0,0.0,0.0,1.0,,0.0,0.0,Wellington Region,Nil,2-way,Sealed,0.0,0.0,0,0.0,50.0,0.0,On,1.0,0.0,,47,Wellington City,Unknown,0.0,0.0,0.0,0.0,0.0,0.0,Urban,0.0,0.0,0.0,Fine,Null,1
66496043,,573101,0.0,,0.0,0.0,,Null,2021/2022,CUBA STREET,GARRETT STREET,,Serious Crash,No,2022,,North,,0,,Flat,,Christmas New Year,,,,Dark,2133600,0,0.0,0.0,2.0,,,0.0,,,1.0,,,Wellington Region,Nil,1-way,Sealed,,0.0,1,,30.0,,On,0.0,0.0,,47,Wellington City,Nil,,,,,0.0,0.0,Urban,0.0,,,Fine,Null,0
66496080,,574600,0.0,0.0,0.0,1.0,0.0,North,2020/2021,HANOVER STREET,WADESTOWN ROAD,,Non-Injury Crash,No,2021,0.0,North,0.0,0,0.0,Hill Road,0.0,,0.0,,0.0,Dark,2099800,0,1.0,0.0,2.0,0.0,0.0,0.0,0.0,2.0,,0.0,0.0,Wellington Region,Nil,2-way,Sealed,0.0,0.0,0,0.0,50.0,0.0,On,0.0,0.0,,47,Wellington City,Nil,0.0,0.0,0.0,0.0,0.0,0.0,Urban,1.0,0.0,0.0,Fine,Null,1
66496082,,573801,0.0,0.0,0.0,1.0,0.0,South,2021/2022,JOHNSONVILLE PORIRUA MOTORWAY,JOHNSONVILLE OFF RAMP,,Non-Injury Crash,Yes,2021,0.0,South,0.0,0,0.0,Flat,1.0,,0.0,,0.0,Twilight,2079000,0,0.0,0.0,2.0,0.0,0.0,0.0,0.0,0.0,,0.0,0.0,Wellington Region,Nil,1-way,Sealed,0.0,0.0,0,0.0,100.0,0.0,On,0.0,0.0,,47,Wellington City,Unknown,0.0,0.0,0.0,0.0,0.0,0.0,Open,1.0,0.0,0.0,Fine,Strong wind,1
66496094,,573000,0.0,,0.0,1.0,,Null,2022/2023,GHUZNEE STREET,BULLER STREET,,Minor Crash,No,2022,,West,,0,,Hill Road,,,,,,Overcast,2129400,1,0.0,0.0,2.0,,,0.0,,,1.0,,,Wellington Region,Nil,2-way,Sealed,,0.0,0,,50.0,,Off,0.0,0.0,,47,Wellington City,Give way,,,,,0.0,0.0,Urban,0.0,,,Light rain,Null,0
66496096,,575600,0.0,0.0,0.0,2.0,0.0,South,2020/2021,WASHINGTON AVENUE,CLEVELAND STREET,,Non-Injury Crash,No,2021,0.0,East,0.0,0,0.0,Hill Road,0.0,,0.0,,0.0,Unknown,2162200,0,0.0,0.0,2.0,0.0,0.0,0.0,0.0,1.0,,0.0,0.0,Wellington Region,Nil,2-way,Sealed,0.0,0.0,0,0.0,50.0,0.0,Null,0.0,0.0,,47,Wellington City,Nil,0.0,0.0,0.0,0.0,0.0,0.0,Urban,0.0,0.0,0.0,Null,Null,1
66496133,,572900,0.0,,0.0,3.0,,South,2020/2021,WATERLOO QUAY,OLD RLY XING,,Minor Crash,No,2021,,North,,0,,Flat,,,,,,Overcast,2118400,1,0.0,0.0,4.0,,,0.0,,,,,,Wellington Region,Nil,2-way,Sealed,,0.0,0,,50.0,,Off,0.0,0.0,,47,Wellington City,Unknown,,,,,0.0,0.0,Urban,0.0,,,Fine,Null,1
66496142,,574302,0.0,0.0,0.0,2.0,1.0,North,2022/2023,COCKAYNE ROAD,BANKOT CRESCENT,,Minor Crash,No,2022,0.0,North,0.0,0,0.0,Hill Road,0.0,,0.0,,1.0,Dark,2092200,1,0.0,0.0,2.0,0.0,0.0,0.0,0.0,0.0,,0.0,0.0,Wellington Region,Nil,2-way,Sealed,0.0,0.0,0,0.0,50.0,0.0,On,0.0,0.0,,47,Wellington City,Nil,0.0,0.0,0.0,0.0,0.0,0.0,Urban,0.0,0.0,0.0,Fine,Null,0
66496160,,572900,0.0,,0.0,2.0,,North,2020/2021,MOLESWORTH STREET,HAWKESTONE STREET,,Non-Injury Crash,No,2021,,North,,0,,Flat,,,,,,Twilight,2119600,0,0.0,0.0,2.0,,,0.0,,,,,,Wellington Region,Nil,1-way,Sealed,,0.0,0,,50.0,,Null,0.0,0.0,,47,Wellington City,Nil,,,,,0.0,0.0,Urban,0.0,,,Fine,Null,1
66496199,,575200,0.0,,0.0,2.0,,Null,2021/2022,GLENMORE STREET,UPLAND ROAD,,Non-Injury Crash,No,2021,,West,,0,,Flat,,,,,,Unknown,2150100,0,0.0,0.0,2.0,,,0.0,,,,,,Wellington Region,Nil,2-way,Sealed,,0.0,0,,50.0,,Null,0.0,0.0,,47,Wellington City,Give way,,,,,0.0,0.0,Urban,0.0,,,Null,Null,1
66496201,,576400,0.0,0.0,0.0,2.0,0.0,South,2020/2021,DANIELL STREET,MEIN STREET,,Non-Injury Crash,No,2020,0.0,South,0.0,0,0.0,Null,0.0,,0.0,,0.0,Unknown,2167100,0,0.0,0.0,2.0,0.0,0.0,0.0,0.0,1.0,,0.0,0.0,Wellington Region,Nil,2-way,Sealed,0.0,0.0,0,0.0,40.0,0.0,Null,0.0,0.0,,47,Wellington City,Unknown,0.0,0.0,0.0,0.0,0.0,0.0,Urban,0.0,0.0,0.0,Null,Null,1
66496223,,575600,0.0,0.0,0.0,0.0,0.0,East,2022/2023,BROOKLYN ROAD,WASHINGTON AVENUE,,Minor Crash,No,2022,0.0,South,0.0,0,1.0,Hill Road,1.0,,0.0,,0.0,Overcast,2162700,1,0.0,0.0,2.0,0.0,0.0,0.0,0.0,0.0,,0.0,0.0,Wellington Region,Nil,2-way,Sealed,0.0,0.0,0,0.0,50.0,0.0,Off,0.0,0.0,,47,Wellington City,Nil,0.0,0.0,0.0,0.0,0.0,0.0,Urban,1.0,0.0,0.0,Fine,Null,0
66496332,,576500,0.0,,0.0,1.0,,North,2021/2022,RIDDIFORD STREET,MEIN STREET,,Minor Crash,No,2022,,South,,0,,Flat,,,,,,Bright sun,2148800,1,1.0,0.0,4.0,,,0.0,,,,,,Wellington Region,Nil,2-way,Sealed,,0.0,0,,50.0,,Off,0.0,0.0,,47,Wellington City,Nil,,,,,0.0,0.0,Urban,0.0,,,Fine,Null,0
66496361,,572600,1.0,,0.0,1.0,,Null,2021/2022,MAIN ROAD,LYNDHURST ROAD,,Non-Injury Crash,No,2021,,South,,0,,Flat,,,,,,Twilight,1990600,0,0.0,0.0,2.0,,,0.0,,,,,,Wellington Region,Nil,2-way,Sealed,,0.0,0,,50.0,,On,0.0,0.0,,47,Wellington City,Give way,,,,,0.0,0.0,Urban,0.0,,,Null,Null,1
66496397,,573400,0.0,,0.0,2.0,,West,2020/2021,PIRIE STREET,HOME STREET,,Non-Injury Crash,No,2021,,East,,0,,Flat,,,,,,Overcast,2141200,0,0.0,0.0,2.0,,,0.0,,,,,,Wellington Region,Nil,2-way,Sealed,,0.0,0,,50.0,,Off,0.0,0.0,,47,Wellington City,Nil,,,,,0.0,0.0,Urban,0.0,,,Null,Null,1
66496419,,573514,0.0,,0.0,2.0,,North,2021/2022,JOHNSONVILLE PORIRUA MOTORWAY,JOHNSONVILLE ON RAMP,,Non-Injury Crash,Yes,2021,,North,,0,,Flat,,,,,,Dark,2081100,0,0.0,0.0,4.0,,,0.0,,,,,,Wellington Region,Nil,2-way,Sealed,,0.0,0,,100.0,,On,1.0,0.0,,47,Wellington City,Unknown,,,,,0.0,0.0,Open,0.0,,,Fine,Null,1