OBJECTID,advisorySpeed,areaUnitID,bicycle,bridge,bus,carStationWagon,cliffBank,crashDirectionDescription,crashFinancialYear,crashLocation1,crashLocation2,crashRoadSideRoad,crashSeverity,crashSHDescription,crashYear,debris,directionRoleDescription,ditch,fatalCount,fence,flatHill,guardRail,holiday,houseOrBuilding,intersection,kerb,light,meshblockId,minorInjuryCount,moped,motorcycle,NumberOfLanes,objectThrownOrDropped,otherObject,otherVehicleType,overBank,parkedVehicle,pedestrian,phoneBoxEtc,postOrPole,region,roadCharacter,roadLane,roadSurface,roadworks,schoolBus,seriousInjuryCount,slipOrFlood,speedLimit,strayAnimal,streetLight,suv,taxi,temporarySpeedLimit,tlaId,tlaName,trafficControl,trafficIsland,trafficSign,train,tree,truck,unknownVehicleType,urban,vanOrUtility,vehicle,waterRiver,weatherA,weatherB,if_pandemic
66496466,,573101,0.0,,0.0,1.0,,South,2021/2022,TORY STREET,WAKEFIELD STREET,,Minor Crash,No,2021,,North,,0,,Flat,,,,,,Bright sun,2135600,1,0.0,0.0,2.0,,,0.0,,,1.0,,,Wellington Region,Nil,2-way,Sealed,,0.0,0,,30.0,,Off,0.0,0.0,,47,Wellington City,Nil,,,,,0.0,0.0,Urban,0.0,,,Fine,Null,1
66496475,,574100,0.0,,1.0,0.0,,South,2020/2021,BURMA ROAD,HAUMIA STREET,,Non-Injury Crash,No,2021,,North,,0,,Flat,,,,,,Bright sun,2085303,0,0.0,0.0,2.0,,,0.0,,,,,,Wellington Region,Nil,2-way,Sealed,,0.0,0,,50.0,,Null,1.0,0.0,,47,Wellington City,Nil,,,,,0.0,0.0,Urban,0.0,,,Fine,Null,1
66496476,,573000,0.0,,0.0,1.0,,North,2020/2021,VICTORIA STREET,WILLESTON STREET,,Non-Injury Crash,No,2021,,South,,0,,Null,,,,,,Unknown,2126000,0,0.0,0.0,2.0,,,0.0,,,,,,Wellington Region,Nil,1-way,Sealed,,0.0,0,,30.0,,Null,1.0,0.0,,47,Wellington City,Nil,,,,,0.0,0.0,Urban,0.0,,,Null,Null,1
66496511,,572701,0.0,0.0,0.0,1.0,0.0,North,2021/2022,HINAU STREET,KOWHAI STREET,,Non-Injury Crash,No,2021,0.0,South,0.0,0,0.0,Flat,0.0,,0.0,,0.0,Unknown,1993301,0,0.0,0.0,2.0,0.0,0.0,0.0,0.0,1.0,,0.0,0.0,Wellington Region,Nil,2-way,Sealed,0.0,0.0,0,0.0,50.0,0.0,Null,1.0,0.0,,47,Wellington City,Nil,0.0,0.0,0.0,0.0,0.0,0.0,Urban,0.0,0.0,0.0,Null,Null,1
66496531,,573400,0.0,0.0,0.0,5.0,0.0,West,2020/2021,PIRIE STREET,BROUGHAM STREET,,Non-Injury Crash,No,2021,0.0,West,0.0,0,0.0,Flat,0.0,,0.0,,0.0,Dark,2141300,0,0.0,0.0,2.0,0.0,0.0,0.0,0.0,2.0,,0.0,0.0,Wellington Region,Speed hump,2-way,Sealed,0.0,0.0,0,0.0,50.0,0.0,On,0.0,0.0,,47,Wellington City,Unknown,0.0,0.0,0.0,0.0,0.0,0.0,Urban,0.0,0.0,0.0,Fine,Null,1
66496539,,576002,0.0,0.0,0.0,1.0,0.0,Null,2021/2022,CARLISLE STREET,VOLGA STREET,,Non-Injury Crash,No,2021,0.0,North,0.0,0,0.0,Hill Road,0.0,,0.0,,0.0,Overcast,2191800,0,0.0,0.0,2.0,0.0,0.0,0.0,1.0,0.0,,0.0,0.0,Wellington Region,Nil,2-way,Sealed,0.0,0.0,0,0.0,50.0,0.0,Off,0.0,0.0,,47,Wellington City,Nil,0.0,1.0,0.0,1.0,0.0,0.0,Urban,0.0,0.0,0.0,Light rain,Null,1
66496550,,572900,1.0,,0.0,1.0,,North,2020/2021,WATERLOO QUAY,LADY ELIZABETH LANE,,Non-Injury Crash,No,2021,,North,,0,,Flat,,,,,,Bright sun,2122700,0,0.0,0.0,5.0,,,0.0,,,,,,Wellington Region,Nil,2-way,Sealed,,0.0,0,,50.0,,Off,0.0,0.0,,47,Wellington City,Nil,,,,,0.0,0.0,Urban,0.0,,,Fine,Null,1
66496599,,573526,0.0,0.0,0.0,1.0,0.0,North,2021/2022,HUTT ROAD,SERVICE STN NTH,,Serious Crash,Yes,2021,0.0,North,0.0,0,0.0,Flat,0.0,,0.0,,0.0,Overcast,2086403,0,0.0,0.0,2.0,0.0,0.0,0.0,0.0,0.0,,0.0,1.0,Wellington Region,Nil,1-way,Sealed,0.0,0.0,1,0.0,100.0,0.0,Off,0.0,0.0,,47,Wellington City,Nil,0.0,0.0,0.0,0.0,0.0,0.0,Open,0.0,0.0,0.0,Fine,Null,1
66496677,,572701,0.0,0.0,0.0,2.0,0.0,East,2021/2022,COLLINS AVENUE,FINDLAY STREET,,Non-Injury Crash,No,2022,0.0,West,0.0,0,0.0,Flat,0.0,,0.0,,0.0,Unknown,1994200,0,0.0,0.0,2.0,0.0,0.0,0.0,0.0,1.0,,0.0,0.0,Wellington Region,Nil,2-way,Sealed,0.0,0.0,0,0.0,50.0,0.0,Off,0.0,0.0,,47,Wellington City,Nil,0.0,0.0,0.0,0.0,0.0,0.0,Urban,0.0,0.0,0.0,Null,Null,0
66496748,,575600,0.0,0.0,0.0,1.0,0.0,North,2020/2021,KAREPA STREET,ASHTON FITCHETT DRIVE,,Non-Injury Crash,No,2021,0.0,North,0.0,0,0.0,Hill Road,0.0,,0.0,,0.0,Unknown,2160900,0,0.0,0.0,2.0,0.0,0.0,0.0,0.0,1.0,,0.0,0.0,Wellington Region,Nil,2-way,Sealed,0.0,0.0,0,0.0,50.0,0.0,Null,0.0,0.0,,47,Wellington City,Nil,0.0,0.0,0.0,0.0,0.0,0.0,Urban,0.0,0.0,0.0,Null,Null,1
66496780,,573000,0.0,,0.0,1.0,,Null,2022/2023,VICTORIA STREET,WILLESTON STREET,,Serious Crash,No,2022,,South,,0,,Flat,,,,,,Overcast,2126000,0,0.0,0.0,1.0,,,0.0,,,1.0,,,Wellington Region,Nil,1-way,Sealed,,0.0,1,,30.0,,Off,0.0,0.0,,47,Wellington City,Traffic Signals,,,,,0.0,0.0,Urban,0.0,,,Heavy rain,Null,0
66496794,,574302,0.0,0.0,0.0,2.0,1.0,West,2021/2022,HUTT ROAD,HUTT NIMT OBR,,Minor Crash,No,2022,0.0,East,0.0,0,0.0,Flat,0.0,,0.0,,0.0,Dark,2090500,2,0.0,0.0,4.0,0.0,0.0,0.0,0.0,0.0,,0.0,0.0,Wellington Region,Nil,2-way,Sealed,0.0,0.0,0,0.0,80.0,0.0,On,0.0,0.0,,47,Wellington City,Nil,0.0,0.0,0.0,0.0,0.0,0.0,Open,0.0,0.0,0.0,Fine,Null,0
66496799,,573000,0.0,,0.0,2.0,,Null,2021/2022,THE TERRACE OFF RAMP,THE TERRACE,,Non-Injury Crash,No,2021,,East,,0,,Flat,,,,,,Dark,2124803,0,0.0,0.0,3.0,,,0.0,,,,,,Wellington Region,Nil,1-way,Sealed,,0.0,0,,50.0,,On,0.0,0.0,,47,Wellington City,Traffic Signals,,,,,0.0,0.0,Urban,0.0,,,Heavy rain,Null,1
66496852,,573300,0.0,,0.0,1.0,,West,2020/2021,BIDWILL STREET,ANDERSON TERRACE,,Non-Injury Crash,No,2021,,East,,0,,Hill Road,,,,,,Unknown,2145100,0,0.0,0.0,2.0,,,0.0,,,,,,Wellington Region,Nil,2-way,Sealed,,0.0,0,,50.0,,Null,0.0,0.0,,47,Wellington City,Nil,,,,,0.0,0.0,Urban,1.0,,,Null,Null,1
66496863,,576901,0.0,0.0,0.0,2.0,0.0,South,2021/2022,TIRANGI ROAD,RONGOTAI ROAD,,Non-Injury Crash,No,2021,0.0,East,0.0,0,0.0,Hill Road,0.0,,0.0,,0.0,Dark,2176100,0,0.0,0.0,2.0,0.0,0.0,0.0,0.0,1.0,,0.0,0.0,Wellington Region,Nil,2-way,Sealed,0.0,0.0,0,0.0,50.0,0.0,On,0.0,0.0,,47,Wellington City,Nil,0.0,0.0,0.0,0.0,0.0,0.0,Urban,0.0,0.0,0.0,Light rain,Null,1
66496868,,575600,0.0,0.0,0.0,1.0,0.0,Null,2021/2022,HELEN STREET,SUGARLOAF ROAD,,Non-Injury Crash,No,2021,0.0,West,0.0,0,0.0,Hill Road,0.0,,1.0,,0.0,Twilight,2161201,0,0.0,0.0,2.0,0.0,0.0,0.0,0.0,0.0,,0.0,0.0,Wellington Region,Nil,2-way,Sealed,0.0,0.0,0,0.0,50.0,0.0,Off,0.0,0.0,,47,Wellington City,Nil,0.0,0.0,0.0,0.0,0.0,0.0,Urban,0.0,0.0,0.0,Fine,Null,1
66496889,,575100,0.0,0.0,0.0,2.0,0.0,East,2020/2021,KARORI ROAD,PARKVALE ROAD,,Non-Injury Crash,No,2021,0.0,East,0.0,0,0.0,Flat,0.0,Easter,0.0,,0.0,Overcast,2114200,0,0.0,0.0,2.0,0.0,0.0,0.0,0.0,1.0,,0.0,0.0,Wellington Region,Nil,2-way,Sealed,0.0,0.0,0,0.0,50.0,0.0,Null,0.0,0.0,,47,Wellington City,Nil,0.0,0.0,0.0,0.0,0.0,0.0,Urban,0.0,0.0,0.0,Light rain,Null,1
66496942,,574100,0.0,0.0,0.0,1.0,1.0,Null,2021/2022,KIPLING STREET,BANNISTER AVENUE,,Non-Injury Crash,No,2021,0.0,East,0.0,0,0.0,Flat,0.0,,0.0,,1.0,Bright sun,2084700,0,0.0,0.0,2.0,0.0,0.0,0.0,0.0,0.0,,0.0,0.0,Wellington Region,Nil,2-way,Sealed,0.0,0.0,0,0.0,50.0,0.0,Off,0.0,0.0,,47,Wellington City,Nil,0.0,0.0,0.0,0.0,0.0,0.0,Urban,0.0,0.0,0.0,Fine,Null,1
66496944,,572900,0.0,,0.0,3.0,,South,2021/2022,AOTEA QUAY,RLY YARD ENT S,,Non-Injury Crash,No,2021,,North,,0,,Flat,,,,,,Dark,2118400,0,0.0,0.0,5.0,,,0.0,,,,,,Wellington Region,Nil,2-way,Sealed,,0.0,0,,70.0,,On,0.0,0.0,,47,Wellington City,Traffic Signals,,,,,0.0,0.0,Urban,0.0,,,Fine,Null,1
66496971,,573000,0.0,,0.0,1.0,,Null,2021/2022,BRANDON STREET,CUSTOMHOUSE QUAY,,Non-Injury Crash,No,2021,,South,,0,,Flat,,,,,,Unknown,2124300,0,0.0,0.0,4.0,,,1.0,,,1.0,,,Wellington Region,Nil,2-way,Sealed,,0.0,0,,,,Null,0.0,0.0,,47,Wellington City,Traffic Signals,,,,,0.0,0.0,Urban,0.0,,,Null,Null,1
66496981,,576600,0.0,0.0,0.0,1.0,0.0,North,2020/2021,ORIENTAL PARADE,GRASS STREET,,Non-Injury Crash,No,2021,0.0,East,0.0,0,0.0,Flat,0.0,,0.0,,0.0,Unknown,2137500,0,0.0,0.0,2.0,0.0,0.0,0.0,0.0,1.0,,0.0,0.0,Wellington Region,Nil,2-way,Sealed,0.0,0.0,0,0.0,40.0,0.0,Null,0.0,0.0,,47,Wellington City,Nil,0.0,0.0,0.0,0.0,0.0,0.0,Urban,1.0,0.0,0.0,Null,Null,1
66496985,,576903,0.0,,0.0,1.0,,Null,2020/2021,WELLINGTON ROAD,RUAHINE STREET,,Non-Injury Crash,No,2021,,North,,0,,Flat,,Easter,,,,Overcast,2180400,0,0.0,0.0,2.0,,,0.0,,,,,,Wellington Region,Nil,2-way,Sealed,,0.0,0,,50.0,,Off,1.0,0.0,,47,Wellington City,Give way,,,,,0.0,0.0,Urban,0.0,,,Fine,Null,1
66496992,,575600,0.0,,0.0,2.0,,South,2020/2021,HAWKINS HILL ROAD,ASHTON FITCHETT DRIVE,,Minor Crash,No,2021,,South,,0,,Hill Road,,,,,,Dark,2160000,1,0.0,0.0,2.0,,,0.0,,,1.0,,,Wellington Region,Nil,2-way,Sealed,,0.0,0,,50.0,,None,0.0,0.0,,47,Wellington City,Nil,,,,,0.0,0.0,Urban,0.0,,,Fine,Strong wind,1
66497031,,573101,0.0,,0.0,1.0,,Null,2021/2022,KENT TERRACE,ELIZABETH STREET,,Non-Injury Crash,No,2022,,South,,0,,Flat,,,,,,Unknown,2136200,0,0.0,0.0,3.0,,,0.0,,,,,,Wellington Region,Nil,1-way,Sealed,,0.0,0,,50.0,,Null,0.0,0.0,,47,Wellington City,Traffic Signals,,,,,0.0,0.0,Urban,1.0,,,Null,Null,0
66497082,,576002,0.0,,0.0,0.0,,Null,2020/2021,HUMBER STREET,THE PARADE,,Non-Injury Crash,No,2021,,West,,0,,Flat,,,,,,Overcast,2190800,0,0.0,1.0,2.0,,,0.0,,,,,,Wellington Region,Nil,2-way,Sealed,,0.0,0,,50.0,,Off,1.0,0.0,,47,Wellington City,Stop,,,,,0.0,0.0,Urban,0.0,,,Fine,Null,1
66497090,,574302,0.0,,0.0,0.0,,North,2020/2021,RAMA CRESCENT,BUTAVAS STREET,,Serious Crash,No,2021,,East,,0,,Hill Road,,,,,,Overcast,2092500,0,0.0,0.0,2.0,,,0.0,,,1.0,,,Wellington Region,Nil,2-way,Sealed,,0.0,1,,50.0,,Off,0.0,0.0,,47,Wellington City,Nil,,,,,0.0,0.0,Urban,0.0,,,Light rain,Strong wind,1
66497118,,573200,0.0,,0.0,1.0,,Null,2020/2021,ARO STREET,ALAMEDA TERRACE,,Non-Injury Crash,No,2021,,West,,0,,Flat,,,,,,Bright sun,2158800,0,0.0,0.0,2.0,,,0.0,,,,,,Wellington Region,Nil,2-way,Sealed,,0.0,0,,30.0,,Off,1.0,0.0,,47,Wellington City,Nil,,,,,0.0,0.0,Urban,0.0,,,Fine,Null,1
66497165,,573400,0.0,,0.0,0.0,,Null,2020/2021,ORIENTAL PARADE,PRINCE STREET,,Non-Injury Crash,No,2021,,East,,0,,Null,,,,,,Unknown,2138800,0,0.0,0.0,2.0,,,0.0,,,,,,Wellington Region,Nil,2-way,Sealed,,0.0,0,,40.0,,Null,1.0,0.0,,47,Wellington City,Nil,,,,,0.0,0.0,Urban,1.0,,,Null,Null,1
66497180,,572600,0.0,0.0,0.0,2.0,0.0,West,2021/2022,LYNDHURST ROAD,TAINUI TERRACE,,Non-Injury Crash,No,2021,0.0,West,0.0,0,0.0,Hill Road,0.0,,0.0,,0.0,Overcast,1989000,0,0.0,0.0,2.0,0.0,0.0,0.0,0.0,1.0,,0.0,0.0,Wellington Region,Nil,2-way,Sealed,0.0,0.0,0,0.0,50.0,0.0,Off,0.0,0.0,,47,Wellington City,Nil,0.0,0.0,0.0,0.0,1.0,0.0,Urban,0.0,0.0,0.0,Fine,Null,1
66497188,,573400,0.0,0.0,0.0,1.0,0.0,North,2021/2022,ORIENTAL PARADE,CABLE STREET,,Non-Injury Crash,No,2021,0.0,South,0.0,0,0.0,Flat,0.0,,0.0,,0.0,Dark,2138800,0,0.0,0.0,3.0,0.0,0.0,0.0,0.0,1.0,,0.0,0.0,Wellington Region,Nil,2-way,Sealed,0.0,0.0,0,0.0,50.0,0.0,On,1.0,0.0,,47,Wellington City,Nil,0.0,0.0,0.0,0.0,0.0,0.0,Urban,0.0,0.0,0.0,Fine,Null,1
66497209,,573300,0.0,,0.0,1.0,,Null,2021/2022,TASMAN STREET,DOUGLAS STREET,,Non-Injury Crash,No,2021,,South,,0,,Hill Road,,,,,,Dark,2145700,0,0.0,1.0,2.0,,,0.0,,,,,,Wellington Region,Nil,2-way,Sealed,,0.0,0,,50.0,,On,0.0,0.0,,47,Wellington City,Nil,,,,,0.0,0.0,Urban,0.0,,,Light rain,Null,1
66497244,,576500,1.0,,0.0,1.0,,North,2022/2023,RIDDIFORD STREET,HOSPITAL PED XING,,Minor Crash,No,2022,,North,,0,,Flat,,,,,,Bright sun,2149200,1,0.0,0.0,4.0,,,0.0,,,,,,Wellington Region,Nil,2-way,Sealed,,0.0,0,,50.0,,Off,0.0,0.0,,47,Wellington City,Nil,,,,,0.0,0.0,Urban,0.0,,,Fine,Null,0
66497324,,573522,0.0,0.0,0.0,1.0,0.0,North,2021/2022,TAWA-GRENADA NORTH OFF RAMP,JOHNSONVILLE PORIRUA MOTORWAY,,Non-Injury Crash,No,2021,0.0,North,0.0,0,0.0,Flat,0.0,,0.0,,0.0,Dark,2053703,0,0.0,0.0,1.0,0.0,0.0,0.0,0.0,0.0,,0.0,0.0,Wellington Region,Motorway ramp,1-way,Sealed,0.0,0.0,0,0.0,50.0,0.0,On,0.0,0.0,,47,Wellington City,Nil,0.0,1.0,0.0,0.0,0.0,0.0,Urban,0.0,0.0,0.0,Light rain,Null,1
66497364,,573101,0.0,,0.0,0.0,,Null,2021/2022,CAMBRIDGE TERRACE,FIFESHIRE AVENUE,,Non-Injury Crash,No,2021,,North,,0,,Flat,,,,,,Dark,2136700,0,1.0,0.0,3.0,,,0.0,,,,,,Wellington Region,Nil,1-way,Sealed,,0.0,0,,50.0,,On,0.0,0.0,,47,Wellington City,Nil,,,,,0.0,0.0,Urban,0.0,,,Fine,Null,1
66497381,,573101,0.0,,0.0,2.0,,Null,2021/2022,VICTORIA STREET,FELTEX LANE,,Non-Injury Crash,No,2021,,South,,0,,Flat,,Christmas New Year,,,,Overcast,2131500,0,0.0,0.0,3.0,,,0.0,,,,,,Wellington Region,Nil,2-way,Sealed,,0.0,0,,30.0,,Off,0.0,0.0,,47,Wellington City,Nil,,,,,0.0,0.0,Urban,0.0,,,Fine,Null,1
66497423,,573000,0.0,,1.0,0.0,,Null,2020/2021,SALAMANCA ROAD,THE TERRACE,,Non-Injury Crash,No,2020,,East,,0,,Null,,,,,,Unknown,2126900,0,0.0,0.0,2.0,,,0.0,,,,,,Wellington Region,Nil,2-way,Sealed,,0.0,0,,50.0,,Null,1.0,0.0,,47,Wellington City,Traffic Signals,,,,,0.0,0.0,Urban,0.0,,,Fine,Null,1
66497448,,573400,0.0,0.0,1.0,1.0,0.0,South,2020/2021,MOELLER STREET,SHANNON STREET,,Non-Injury Crash,No,2021,0.0,South,0.0,0,0.0,Hill Road,0.0,,0.0,,0.0,Bright sun,2139100,0,0.0,0.0,2.0,0.0,0.0,0.0,0.0,1.0,,0.0,0.0,Wellington Region,Nil,2-way,Sealed,0.0,0.0,0,0.0,50.0,0.0,Null,0.0,0.0,,47,Wellington City,Nil,0.0,0.0,0.0,0.0,0.0,0.0,Urban,0.0,0.0,0.0,Fine,Null,1
66497489,,573802,0.0,0.0,0.0,0.0,0.0,North,2020/2021,CHAPMAN STREET,CHESTERTON STREET,,Non-Injury Crash,No,2021,0.0,West,0.0,0,0.0,Null,0.0,,0.0,,0.0,Unknown,2078600,0,0.0,0.0,2.0,0.0,0.0,0.0,0.0,1.0,,0.0,0.0,Wellington Region,Nil,2-way,Sealed,0.0,0.0,0,0.0,50.0,0.0,Null,1.0,0.0,,47,Wellington City,Nil,0.0,0.0,0.0,0.0,0.0,0.0,Urban,1.0,0.0,0.0,Null,Null,1
66497523,,576800,1.0,,0.0,0.0,,North,2021/2022,EVANS BAY PARADE,BELVEDERE ROAD,,Minor Crash,No,2022,,North,,0,,Flat,,,,,,Overcast,2183100,1,0.0,0.0,2.0,,,0.0,,,,,,Wellington Region,Nil,2-way,Sealed,,0.0,0,,50.0,,Off,1.0,0.0,,47,Wellington City,Nil,,,,,0.0,0.0,Urban,0.0,,,Fine,Null,0
66497541,,576500,0.0,,0.0,2.0,,North,2021/2022,RIDDIFORD STREET,HOSPITAL PED XING,,Non-Injury Crash,No,2021,,North,,0,,Flat,,,,,,Bright sun,2149200,0,0.0,0.0,2.0,,,0.0,,,,,,Wellington Region,Nil,2-way,Sealed,,0.0,0,,50.0,,Off,0.0,0.0,,47,Wellington City,Nil,,,,,0.0,0.0,Urban,0.0,,,Fine,Null,1
66497555,,576800,0.0,0.0,0.0,1.0,0.0,South,2020/2021,MOXHAM AVENUE,TAURIMA STREET,,Non-Injury Crash,No,2021,0.0,North,0.0,0,0.0,Flat,0.0,,0.0,,0.0,Unknown,2181900,0,0.0,0.0,2.0,0.0,0.0,0.0,0.0,1.0,,0.0,0.0,Wellington Region,Nil,2-way,Sealed,0.0,0.0,0,0.0,30.0,0.0,Null,0.0,0.0,,47,Wellington City,Nil,0.0,0.0,0.0,0.0,0.0,0.0,Urban,1.0,0.0,0.0,Null,Null,1
66497577,,572900,0.0,0.0,0.0,2.0,0.0,North,2020/2021,TINAKORI ROAD,ASCOT STREET,,Non-Injury Crash,No,2021,0.0,South,0.0,0,0.0,Flat,0.0,,0.0,,0.0,Overcast,2121700,0,0.0,0.0,2.0,0.0,0.0,0.0,0.0,1.0,,0.0,0.0,Wellington Region,Nil,2-way,Sealed,0.0,0.0,0,0.0,50.0,0.0,Off,0.0,1.0,,47,Wellington City,Nil,0.0,0.0,0.0,0.0,0.0,0.0,Urban,0.0,0.0,0.0,Light rain,Null,1
66497583,,575000,1.0,,0.0,0.0,,Null,2020/2021,CHAYTOR STREET,BIRDWOOD STREET,,Non-Injury Crash,No,2021,,South,,0,,Flat,,,,,,Overcast,2111100,0,0.0,0.0,2.0,,,0.0,,,,,,Wellington Region,Nil,2-way,Sealed,,0.0,0,,50.0,,Off,0.0,0.0,,47,Wellington City,Traffic Signals,,,,,0.0,0.0,Urban,1.0,,,Fine,Null,1
66497589,,577102,0.0,0.0,0.0,2.0,1.0,Null,2020/2021,BEACON HILL ROAD,TANNADYCE STREET,,Non-Injury Crash,No,2020,0.0,North,0.0,0,0.0,Null,0.0,,0.0,,0.0,Unknown,2213400,0,0.0,0.0,2.0,0.0,0.0,0.0,0.0,1.0,,0.0,1.0,Wellington Region,Nil,2-way,Sealed,0.0,0.0,0,0.0,50.0,0.0,Null,0.0,0.0,,47,Wellington City,Nil,0.0,0.0,0.0,0.0,0.0,0.0,Urban,0.0,0.0,0.0,Null,Null,1
66497591,,573600,0.0,,0.0,2.0,,Null,2020/2021,MIDDLETON ROAD,BASSETT ROAD,,Non-Injury Crash,No,2021,,South,,0,,Flat,,,,,,Dark,2081200,0,0.0,0.0,2.0,,,0.0,,,,,,Wellington Region,Nil,2-way,Sealed,,0.0,0,,50.0,,On,0.0,0.0,,47,Wellington City,Give way,,,,,0.0,0.0,Urban,0.0,,,Fine,Null,1
66497604,,573525,0.0,0.0,0.0,1.0,0.0,North,2021/2022,JOHNSONVILLE PORIRUA MOTORWAY,TAWA-GRENADA NORTH OFF RAMP,,Non-Injury Crash,Yes,2021,0.0,South,0.0,0,0.0,Flat,1.0,,0.0,,0.0,Overcast,2053830,0,0.0,0.0,2.0,0.0,0.0,0.0,0.0,0.0,,0.0,0.0,Wellington Region,Nil,1-way,Sealed,0.0,0.0,0,0.0,100.0,0.0,None,0.0,0.0,,47,Wellington City,Unknown,0.0,0.0,0.0,0.0,0.0,0.0,Open,0.0,0.0,0.0,Light rain,Null,1
66497633,,576301,0.0,0.0,0.0,2.0,0.0,Null,2020/2021,ADELAIDE ROAD,STOKE STREET,,Non-Injury Crash,No,2021,0.0,South,0.0,0,0.0,Hill Road,0.0,,0.0,,1.0,Bright sun,2164500,0,0.0,0.0,2.0,0.0,0.0,0.0,0.0,0.0,,0.0,0.0,Wellington Region,Nil,2-way,Sealed,0.0,0.0,0,0.0,50.0,0.0,Off,0.0,0.0,,47,Wellington City,Give way,0.0,0.0,0.0,0.0,0.0,0.0,Urban,0.0,0.0,0.0,Fine,Null,1
66497657,,573200,0.0,0.0,0.0,1.0,0.0,North,2020/2021,DEVON STREET,ESSEX STREET,,Non-Injury Crash,No,2020,0.0,South,0.0,0,0.0,Hill Road,0.0,,0.0,,0.0,Unknown,2157400,0,0.0,0.0,2.0,0.0,0.0,0.0,0.0,1.0,,0.0,0.0,Wellington Region,Nil,2-way,Sealed,0.0,0.0,0,0.0,50.0,0.0,Null,0.0,0.0,,47,Wellington City,Nil,0.0,0.0,0.0,0.0,0.0,0.0,Urban,0.0,0.0,0.0,Null,Null,1
66497681,45.0,574304,0.0,0.0,0.0,2.0,1.0,North,2021/2022,BURMA ROAD,RANGOON STREET,,Minor Crash,No,2021,0.0,South,0.0,0,0.0,Hill Road,0.0,,0.0,,0.0,Dark,2088800,2,0.0,0.0,2.0,0.0,0.0,0.0,0.0,0.0,,0.0,0.0,Wellington Region,Nil,2-way,Sealed,0.0,0.0,0,0.0,50.0,0.0,On,0.0,0.0,,47,Wellington City,Nil,0.0,0.0,0.0,0.0,0.0,0.0,Urban,0.0,0.0,0.0,Light rain,Strong wind,1
66497682,,574900,0.0,,0.0,2.0,,East,2021/2022,MONTGOMERY AVENUE,VICTORY AVENUE,,Non-Injury Crash,No,2021,,South,,0,,Hill Road,,,,,,Overcast,2108602,0,0.0,0.0,2.0,,,0.0,,,,,,Wellington Region,Nil,2-way,Sealed,,0.0,0,,50.0,,Off,0.0,0.0,,47,Wellington City,Nil,,,,,0.0,0.0,Urban,0.0,,,Fine,Null,1
66497705,,573101,0.0,,0.0,1.0,,Null,2020/2021,TORY STREET,FREDERICK STREET,,Non-Injury Crash,No,2021,,North,,0,,Flat,,,,,,Overcast,2134900,0,0.0,0.0,2.0,,,0.0,,,,,,Wellington Region,Nil,2-way,Sealed,,0.0,0,,50.0,,Off,0.0,1.0,,47,Wellington City,Nil,,,,,0.0,0.0,Urban,1.0,,,Heavy rain,Null,1
66497711,,577000,0.0,0.0,0.0,1.0,0.0,Null,2021/2022,STEWART DUFF DRIVE,CALABAR ROAD,,Non-Injury Crash,No,2021,0.0,West,0.0,0,0.0,Flat,0.0,,0.0,,0.0,Dark,2175700,0,0.0,0.0,2.0,0.0,0.0,0.0,0.0,0.0,,0.0,1.0,Wellington Region,Nil,1-way,Sealed,0.0,0.0,0,0.0,50.0,0.0,On,0.0,0.0,,47,Wellington City,Give way,0.0,0.0,0.0,0.0,0.0,0.0,Urban,0.0,0.0,0.0,Light rain,Strong wind,1
66497776,,573101,0.0,,0.0,1.0,,Null,2020/2021,GHUZNEE STREET,LEEDS STREET,,Non-Injury Crash,No,2020,,West,,0,,Null,,,,,,Overcast,2133600,0,0.0,0.0,2.0,,,0.0,,,,,,Wellington Region,Nil,2-way,Sealed,,0.0,0,,30.0,,Off,0.0,0.0,,47,Wellington City,Give way,,,,,0.0,0.0,Urban,1.0,,,Light rain,Null,1
66497784,,572900,1.0,,0.0,1.0,,Null,2020/2021,FEATHERSTON STREET,MULGRAVE STREET,,Minor Crash,No,2021,,North,,0,,Flat,,,,,,Bright sun,2122800,1,0.0,0.0,4.0,,,0.0,,,,,,Wellington Region,Nil,2-way,Sealed,,0.0,0,,50.0,,Off,0.0,0.0,,47,Wellington City,Traffic Signals,,,,,0.0,0.0,Urban,0.0,,,Fine,Null,1
66497798,,574002,0.0,,0.0,3.0,,North,2021/2022,HUTT ROAD,NGAURANGA ON NBD OBR,,Non-Injury Crash,Yes,2021,,North,,0,,Flat,,,,,,Bright sun,2078302,0,0.0,0.0,2.0,,,0.0,,,,,,Wellington Region,Nil,1-way,Sealed,,0.0,0,,100.0,,Off,0.0,0.0,60.0,47,Wellington City,Nil,,,,,0.0,0.0,Open,1.0,,,Fine,Null,1
66497802,,574001,0.0,0.0,0.0,3.0,0.0,North,2020/2021,NEWLANDS ROAD,HURRING PLACE,,Non-Injury Crash,No,2021,0.0,North,0.0,0,0.0,Hill Road,0.0,,0.0,,0.0,Overcast,2077600,0,0.0,0.0,2.0,0.0,0.0,0.0,0.0,2.0,,0.0,0.0,Wellington Region,Nil,2-way,Sealed,0.0,0.0,0,0.0,50.0,0.0,Off,0.0,0.0,,47,Wellington City,Nil,0.0,0.0,0.0,0.0,0.0,0.0,Urban,0.0,0.0,0.0,Light rain,Null,1
66497823,,577700,0.0,,0.0,1.0,,East,2021/2022,OHARIU VALLEY ROAD,RIFLE RANGE ROAD,,Non-Injury Crash,No,2021,,North,,0,,Flat,,Labour Weekend,,,,Bright sun,2117003,0,0.0,0.0,2.0,,,0.0,,,,,,Wellington Region,Nil,2-way,Sealed,,0.0,0,,50.0,,Off,0.0,0.0,,47,Wellington City,Nil,,,,,0.0,0.0,Urban,1.0,,,Fine,Null,1