OBJECTID,advisorySpeed,areaUnitID,bicycle,bridge,bus,carStationWagon,cliffBank,crashDirectionDescription,crashFinancialYear,crashLocation1,crashLocation2,crashRoadSideRoad,crashSeverity,crashSHDescription,crashYear,debris,directionRoleDescription,ditch,fatalCount,fence,flatHill,guardRail,holiday,houseOrBuilding,intersection,kerb,light,meshblockId,minorInjuryCount,moped,motorcycle,NumberOfLanes,objectThrownOrDropped,otherObject,otherVehicleType,overBank,parkedVehicle,pedestrian,phoneBoxEtc,postOrPole,region,roadCharacter,roadLane,roadSurface,roadworks,schoolBus,seriousInjuryCount,slipOrFlood,speedLimit,strayAnimal,streetLight,suv,taxi,temporarySpeedLimit,tlaId,tlaName,trafficControl,trafficIsland,trafficSign,train,tree,truck,unknownVehicleType,urban,vanOrUtility,vehicle,waterRiver,weatherA,weatherB,if_pandemic
66497836,,577200,0.0,0.0,0.0,0.0,0.0,Null,2020/2021,BROADWAY,CALABAR ROAD,,Non-Injury Crash,No,2021,0.0,North,0.0,0,0.0,Flat,0.0,,0.0,,0.0,Overcast,2209200,0,0.0,0.0,1.0,1.0,0.0,0.0,0.0,0.0,,0.0,0.0,Wellington Region,Nil,1-way,Sealed,0.0,0.0,0,0.0,50.0,0.0,Off,1.0,0.0,,47,Wellington City,Give way,0.0,0.0,0.0,0.0,0.0,0.0,Urban,0.0,0.0,0.0,Fine,Strong wind,1
66497846,,573101,0.0,,0.0,2.0,,Null,2020/2021,CHAFFERS STREET,WAKEFIELD STREET,,Non-Injury Crash,No,2021,,South,,0,,Flat,,,,,,Dark,2135400,0,0.0,0.0,2.0,,,0.0,,,,,,Wellington Region,Nil,2-way,Sealed,,0.0,0,,50.0,,On,0.0,0.0,,47,Wellington City,Stop,,,,,0.0,0.0,Urban,0.0,,,Null,Null,1
66497856,,573526,0.0,,1.0,1.0,,South,2020/2021,HUTT ROAD,SERVICE STN STH,,Non-Injury Crash,Yes,2020,,North,,0,,Flat,,,,,,Overcast,2077503,0,0.0,0.0,2.0,,,0.0,,,,,,Wellington Region,Nil,1-way,Sealed,,0.0,0,,100.0,,Off,0.0,1.0,,47,Wellington City,Nil,,,,,0.0,0.0,Open,0.0,,,Fine,Null,1
66497877,,573514,0.0,0.0,0.0,0.0,1.0,North,2021/2022,OHARIU VALLEY ROAD,MCLINTOCK STREET NORTH,,Minor Crash,No,2021,0.0,North,0.0,0,0.0,Hill Road,0.0,,0.0,,0.0,Overcast,2086737,1,0.0,0.0,2.0,0.0,0.0,0.0,0.0,0.0,,0.0,0.0,Wellington Region,Nil,2-way,Sealed,0.0,0.0,0,0.0,50.0,0.0,None,0.0,0.0,,47,Wellington City,Nil,0.0,0.0,0.0,0.0,1.0,0.0,Urban,0.0,0.0,0.0,Light rain,Null,1
66497904,,573101,0.0,,0.0,2.0,,South,2020/2021,COURTENAY PLACE,TARANAKI STREET,,Non-Injury Crash,No,2021,,North,,0,,Flat,,,,,,Unknown,2135600,0,0.0,0.0,1.0,,,0.0,,,,,,Wellington Region,Nil,1-way,Sealed,,0.0,0,,30.0,,On,0.0,0.0,,47,Wellington City,Nil,,,,,0.0,0.0,Urban,0.0,,,Null,Null,1
66497909,,574303,0.0,,0.0,2.0,,North,2021/2022,CENTENNIAL HIGHWAY,KIWI POINT QUARRY ENT,,Non-Injury Crash,Yes,2021,,North,,0,,Hill Road,,,,,,Overcast,2084302,0,0.0,0.0,4.0,,,0.0,,,,,,Wellington Region,Nil,1-way,Sealed,,0.0,0,,80.0,,Off,0.0,0.0,,47,Wellington City,Nil,,,,,0.0,0.0,Open,1.0,,,Fine,Null,1
66497925,,573101,0.0,,0.0,1.0,,Null,2021/2022,TORY STREET,VIVIAN STREET,,Non-Injury Crash,No,2021,,South,,0,,Flat,,,,,,Dark,2136500,0,0.0,0.0,2.0,,,0.0,,,,,,Wellington Region,Nil,2-way,Sealed,,0.0,0,,50.0,,On,0.0,0.0,,47,Wellington City,Traffic Signals,,,,,0.0,0.0,Urban,1.0,,,Light rain,Null,1
66497950,,573526,0.0,,0.0,2.0,,East,2020/2021,HUTT ROAD,HOROKIWI ROAD,,Non-Injury Crash,Yes,2021,,North,,0,,Flat,,,,,,Overcast,2086403,0,0.0,0.0,4.0,,,0.0,,,,,,Wellington Region,Nil,2-way,Sealed,,0.0,0,,100.0,,Off,0.0,0.0,,47,Wellington City,Nil,,,,,0.0,0.0,Open,0.0,,,Fine,Null,1
66497981,,573101,0.0,,0.0,1.0,,Null,2020/2021,VIVIAN STREET,DUNLOP TERRACE,,Non-Injury Crash,Yes,2020,,East,,0,,Flat,,,,,,Unknown,2133600,0,0.0,0.0,2.0,,,0.0,,,,,,Wellington Region,Nil,1-way,Sealed,,0.0,0,,50.0,,Null,0.0,0.0,,47,Wellington City,Give way,,,,,0.0,1.0,Urban,0.0,,,Null,Null,1
66497991,,576002,0.0,,0.0,1.0,,East,2020/2021,MERSEY STREET,TIBER STREET,,Non-Injury Crash,No,2021,,East,,0,,Flat,,,,,,Twilight,2192200,0,0.0,0.0,2.0,,,0.0,,,,,,Wellington Region,Nil,2-way,Sealed,,0.0,0,,50.0,,On,0.0,0.0,,47,Wellington City,Nil,,,,,0.0,0.0,Urban,1.0,,,Fine,Null,1
66497999,,572701,0.0,,0.0,0.0,,South,2021/2022,JOHNSONVILLE PORIRUA MOTORWAY,COLLINS OBR,,Non-Injury Crash,Yes,2021,,North,,0,,Flat,,,,,,Bright sun,1993701,0,0.0,0.0,2.0,,,0.0,,,,,,Wellington Region,Nil,1-way,Sealed,,0.0,0,,100.0,,Off,1.0,0.0,70.0,47,Wellington City,Nil,,,,,0.0,0.0,Open,2.0,,,Fine,Null,1
66498023,,572600,0.0,,0.0,1.0,,North,2021/2022,DUNCAN STREET,TAWA TERRACE,,Minor Crash,No,2022,,South,,0,,Flat,,,,,,Bright sun,1992800,1,0.0,0.0,2.0,,,0.0,,,1.0,,,Wellington Region,Nil,2-way,Sealed,,0.0,0,,50.0,,Off,0.0,0.0,,47,Wellington City,Nil,,,,,0.0,0.0,Urban,0.0,,,Fine,Null,0
66498024,,577301,0.0,0.0,0.0,2.0,0.0,South,2021/2022,DARLINGTON ROAD,CAMPERDOWN ROAD,,Non-Injury Crash,No,2022,0.0,South,0.0,0,0.0,Flat,0.0,,0.0,,0.0,Bright sun,2203900,0,0.0,0.0,2.0,0.0,0.0,0.0,0.0,1.0,,0.0,0.0,Wellington Region,Nil,2-way,Sealed,0.0,0.0,0,0.0,50.0,0.0,Off,0.0,0.0,,47,Wellington City,Nil,0.0,0.0,0.0,0.0,0.0,0.0,Urban,0.0,0.0,0.0,Fine,Null,0
66498025,,577302,0.0,0.0,0.0,1.0,0.0,North,2021/2022,PARK ROAD,BRUSSELS STREET,,Non-Injury Crash,No,2021,0.0,North,0.0,0,0.0,Flat,0.0,,0.0,,0.0,Unknown,2205800,0,0.0,0.0,2.0,0.0,0.0,0.0,0.0,1.0,,0.0,0.0,Wellington Region,Nil,2-way,Sealed,0.0,0.0,0,0.0,50.0,0.0,Null,0.0,0.0,,47,Wellington City,Nil,0.0,0.0,0.0,0.0,0.0,0.0,Urban,0.0,0.0,0.0,Null,Null,1
66498027,,573700,0.0,0.0,0.0,2.0,0.0,South,2021/2022,MCLINTOCK STREET NORTH,CORTINA AVENUE,,Non-Injury Crash,No,2022,0.0,North,0.0,0,0.0,Hill Road,0.0,,0.0,,0.0,Unknown,2086709,0,0.0,0.0,2.0,0.0,0.0,0.0,0.0,1.0,,0.0,0.0,Wellington Region,Nil,2-way,Sealed,0.0,0.0,0,0.0,50.0,0.0,Null,0.0,0.0,,47,Wellington City,Nil,0.0,0.0,0.0,0.0,0.0,0.0,Urban,0.0,0.0,0.0,Null,Null,0
66498035,,573513,0.0,0.0,0.0,2.0,0.0,North,2021/2022,AMESBURY DRIVE,ERLESTOKE CRESCENT,,Non-Injury Crash,No,2022,0.0,South,0.0,0,0.0,Flat,0.0,,0.0,,0.0,Overcast,2086722,0,0.0,0.0,2.0,0.0,0.0,0.0,0.0,1.0,,0.0,0.0,Wellington Region,Nil,2-way,Sealed,0.0,0.0,0,0.0,50.0,0.0,Off,0.0,0.0,,47,Wellington City,Nil,0.0,0.0,0.0,0.0,0.0,0.0,Urban,1.0,0.0,0.0,Light rain,Null,0
66498049,,573000,0.0,,0.0,2.0,,North,2021/2022,BUNNY STREET,WATERLOO QUAY,,Non-Injury Crash,No,2021,,North,,0,,Flat,,,,,,Twilight,2124300,0,0.0,0.0,2.0,,,0.0,,,,,,Wellington Region,Nil,2-way,Sealed,,0.0,0,,50.0,,Off,0.0,0.0,,47,Wellington City,Nil,,,,,0.0,0.0,Urban,0.0,,,Light rain,Null,1
66498105,,573300,0.0,,0.0,2.0,,Null,2021/2022,RUGBY STREET,ADELAIDE ROAD,,Non-Injury Crash,Yes,2021,,West,,0,,Flat,,,,,,Unknown,2145602,0,0.0,0.0,4.0,,,0.0,,,,,,Wellington Region,Nil,1-way,Sealed,,0.0,0,,50.0,,Off,0.0,0.0,,47,Wellington City,Traffic Signals,,,,,0.0,0.0,Urban,0.0,,,Null,Null,1
66498143,,573200,0.0,0.0,0.0,1.0,0.0,East,2020/2021,ARO STREET,ALAMEDA TERRACE,,Non-Injury Crash,No,2021,0.0,West,0.0,0,0.0,Flat,0.0,,0.0,,0.0,Unknown,2157701,0,0.0,0.0,2.0,0.0,0.0,0.0,0.0,1.0,,0.0,0.0,Wellington Region,Nil,2-way,Sealed,0.0,0.0,0,0.0,30.0,0.0,Null,0.0,0.0,,47,Wellington City,Nil,0.0,0.0,0.0,0.0,1.0,0.0,Urban,0.0,0.0,0.0,Null,Null,1
66498174,,574302,0.0,0.0,0.0,1.0,0.0,South,2020/2021,AMRITSAR STREET,JUBILEE ROAD,,Non-Injury Crash,No,2021,0.0,South,0.0,0,0.0,Flat,0.0,,0.0,,0.0,Unknown,2090603,0,0.0,0.0,2.0,0.0,0.0,0.0,0.0,1.0,,0.0,0.0,Wellington Region,Nil,2-way,Sealed,0.0,0.0,0,0.0,50.0,0.0,Null,0.0,0.0,,47,Wellington City,Nil,0.0,0.0,0.0,0.0,0.0,1.0,Urban,0.0,0.0,0.0,Null,Null,1
66498215,,576302,0.0,0.0,0.0,1.0,0.0,West,2020/2021,ANGUS AVENUE,RUSSELL TERRACE,,Non-Injury Crash,No,2020,0.0,West,0.0,0,0.0,Null,0.0,,0.0,,0.0,Unknown,2166700,0,0.0,0.0,2.0,0.0,0.0,0.0,0.0,1.0,,0.0,0.0,Wellington Region,Nil,2-way,Sealed,0.0,0.0,0,0.0,50.0,0.0,Null,1.0,0.0,,47,Wellington City,Unknown,0.0,0.0,0.0,0.0,0.0,0.0,Urban,0.0,0.0,0.0,Null,Null,1
66498229,,572702,0.0,,0.0,1.0,,South,2020/2021,JOHNSONVILLE PORIRUA MOTORWAY,PED SUBWAY,,Non-Injury Crash,Yes,2021,,South,,0,,Flat,,,,,,Bright sun,2053817,0,0.0,0.0,2.0,,,0.0,,,,,,Wellington Region,Nil,1-way,Sealed,,0.0,0,,100.0,,Off,1.0,0.0,,47,Wellington City,Nil,,,,,0.0,0.0,Open,0.0,,,Fine,Null,1
66498253,,573525,0.0,,0.0,1.0,,North,2020/2021,JOHNSONVILLE PORIRUA MOTORWAY,TAWA-GRENADA NORTH OFF RAMP,,Minor Crash,Yes,2021,,South,,0,,Flat,,,,,,Bright sun,2053827,1,0.0,0.0,2.0,,,0.0,,,,,,Wellington Region,Nil,1-way,Sealed,,0.0,0,,100.0,,None,1.0,0.0,,47,Wellington City,Nil,,,,,0.0,0.0,Open,0.0,,,Fine,Null,1
66498255,,573000,0.0,,1.0,1.0,,North,2020/2021,WELLINGTON URBAN MOTORWAY,EVERTON OBR,,Non-Injury Crash,Yes,2020,,South,,0,,Flat,,,,,,Overcast,2126403,0,0.0,0.0,2.0,,,0.0,,,,,,Wellington Region,Nil,2-way,Sealed,,0.0,0,,80.0,,Off,0.0,0.0,60.0,47,Wellington City,Unknown,,,,,0.0,0.0,Open,0.0,,,Fine,Null,1
66498281,,573101,0.0,0.0,0.0,1.0,0.0,Null,2020/2021,KARO DRIVE,VICTORIA STREET,,Non-Injury Crash,Yes,2021,0.0,West,0.0,0,1.0,Flat,0.0,,0.0,,0.0,Dark,2132400,0,0.0,0.0,2.0,0.0,0.0,0.0,0.0,0.0,,0.0,0.0,Wellington Region,Nil,1-way,Sealed,0.0,0.0,0,0.0,50.0,0.0,On,0.0,0.0,,47,Wellington City,Stop,0.0,0.0,0.0,0.0,0.0,0.0,Urban,0.0,0.0,0.0,Light rain,Null,1
66498423,,576800,0.0,0.0,0.0,2.0,0.0,North,2021/2022,UPOKO ROAD,MAREWA ROAD,,Non-Injury Crash,No,2021,0.0,South,0.0,0,0.0,Hill Road,0.0,,0.0,,0.0,Unknown,2184800,0,0.0,0.0,2.0,0.0,0.0,0.0,0.0,1.0,,0.0,0.0,Wellington Region,Nil,2-way,Sealed,0.0,0.0,0,0.0,50.0,0.0,Null,0.0,0.0,,47,Wellington City,Nil,0.0,0.0,0.0,0.0,0.0,0.0,Urban,0.0,0.0,0.0,Null,Null,1
66498433,,572900,0.0,,0.0,1.0,,Null,2021/2022,TINAKORI ROAD,ST MARY STREET,,Minor Crash,No,2022,,North,,0,,Hill Road,,,,,,Bright sun,2123500,1,0.0,1.0,2.0,,,0.0,,,,,,Wellington Region,Nil,2-way,Sealed,,0.0,0,,50.0,,Off,0.0,0.0,,47,Wellington City,Nil,,,,,0.0,0.0,Urban,0.0,,,Fine,Null,0
66498483,,576301,0.0,0.0,1.0,1.0,0.0,North,2020/2021,ADELAIDE ROAD,NIKAU STREET,,Non-Injury Crash,No,2021,0.0,North,0.0,0,0.0,Hill Road,0.0,,0.0,,0.0,Bright sun,2163500,0,0.0,0.0,2.0,0.0,0.0,0.0,0.0,1.0,,0.0,0.0,Wellington Region,Nil,2-way,Sealed,0.0,0.0,0,0.0,50.0,0.0,Off,0.0,0.0,,47,Wellington City,Unknown,0.0,0.0,0.0,0.0,0.0,0.0,Urban,0.0,0.0,0.0,Fine,Null,1
66498499,,574900,1.0,0.0,0.0,1.0,0.0,Null,2021/2022,TRINGHAM STREET,RANELAGH STREET,,Non-Injury Crash,No,2022,0.0,South,0.0,0,0.0,Hill Road,0.0,,0.0,,0.0,Overcast,2109700,0,0.0,0.0,2.0,0.0,0.0,0.0,0.0,1.0,,0.0,0.0,Wellington Region,Nil,2-way,Sealed,0.0,0.0,0,0.0,50.0,0.0,Off,0.0,0.0,,47,Wellington City,Give way,0.0,0.0,0.0,0.0,0.0,0.0,Urban,0.0,0.0,0.0,Fine,Null,0
66498507,,573514,0.0,0.0,0.0,1.0,0.0,South,2021/2022,JOHNSONVILLE PORIRUA MOTORWAY,CHURTON PARK-GLENSIDE OFF RAMP,,Non-Injury Crash,Yes,2021,1.0,North,0.0,0,0.0,Flat,0.0,,0.0,,0.0,Unknown,2086204,0,0.0,0.0,2.0,0.0,0.0,0.0,0.0,0.0,,0.0,0.0,Wellington Region,Nil,1-way,Sealed,0.0,0.0,0,0.0,100.0,0.0,Null,0.0,0.0,,47,Wellington City,Nil,0.0,0.0,0.0,0.0,0.0,0.0,Open,0.0,0.0,0.0,Null,Null,1
66498545,,573522,0.0,0.0,0.0,1.0,0.0,South,2021/2022,JOHNSONVILLE PORIRUA MOTORWAY,TAWA-GRENADA NORTH ON RAMP,,Non-Injury Crash,Yes,2021,0.0,South,0.0,0,0.0,Flat,1.0,Labour Weekend,0.0,,0.0,Overcast,2086311,0,0.0,0.0,2.0,0.0,0.0,0.0,0.0,0.0,,0.0,0.0,Wellington Region,Nil,1-way,Sealed,0.0,0.0,0,0.0,100.0,0.0,None,0.0,0.0,,47,Wellington City,Nil,0.0,0.0,0.0,0.0,0.0,0.0,Open,0.0,0.0,0.0,Light rain,Null,1
66498555,,572900,1.0,,0.0,1.0,,North,2021/2022,THORNDON QUAY,DAVIS STREET,,Serious Crash,No,2022,,South,,0,,Flat,,,,,,Overcast,2117901,0,0.0,0.0,2.0,,,0.0,,,,,,Wellington Region,Nil,2-way,Sealed,,0.0,1,,50.0,,Off,0.0,0.0,,47,Wellington City,Nil,,,,,0.0,0.0,Urban,0.0,,,Fine,Null,0
66498562,,575600,0.0,0.0,0.0,1.0,0.0,South,2020/2021,HARRISON STREET,CLEVELAND STREET,,Non-Injury Crash,No,2021,0.0,East,0.0,0,0.0,Flat,0.0,,0.0,,0.0,Unknown,2162200,0,0.0,0.0,2.0,0.0,0.0,0.0,0.0,1.0,,0.0,0.0,Wellington Region,Nil,2-way,Sealed,0.0,0.0,0,0.0,30.0,0.0,Null,0.0,0.0,,47,Wellington City,Nil,0.0,0.0,0.0,0.0,0.0,0.0,Urban,1.0,0.0,0.0,Null,Null,1
66498619,,576200,0.0,,0.0,2.0,,Null,2021/2022,RINTOUL STREET,TE WHAREPOURI STREET,,Non-Injury Crash,No,2021,,North,,0,,Flat,,,,,,Bright sun,2171700,0,0.0,0.0,3.0,,,0.0,,,,,,Wellington Region,Nil,2-way,Sealed,,0.0,0,,50.0,,Off,0.0,0.0,,47,Wellington City,Traffic Signals,,,,,0.0,0.0,Urban,0.0,,,Fine,Null,1
66498638,,572900,0.0,,0.0,0.0,,Null,2021/2022,MULGRAVE STREET,LAMBTON QUAY,,Non-Injury Crash,No,2022,,South,,0,,Hill Road,,,,,,Overcast,2122800,0,0.0,0.0,2.0,,,0.0,,,,,,Wellington Region,Nil,1-way,Sealed,,0.0,0,,50.0,,Null,2.0,0.0,,47,Wellington City,Traffic Signals,,,,,0.0,0.0,Urban,0.0,,,Heavy rain,Null,0
66498671,25.0,574402,0.0,0.0,0.0,1.0,0.0,North,2021/2022,OLD PORIRUA ROAD,KAIWHARAWHARA ROAD,,Minor Crash,No,2021,0.0,East,0.0,0,0.0,Hill Road,0.0,,0.0,,0.0,Bright sun,2097602,1,0.0,0.0,2.0,0.0,0.0,0.0,0.0,0.0,,0.0,0.0,Wellington Region,Nil,2-way,Sealed,0.0,0.0,0,0.0,50.0,0.0,Off,0.0,0.0,,47,Wellington City,Nil,0.0,0.0,0.0,1.0,0.0,0.0,Urban,0.0,0.0,0.0,Fine,Null,1
66498683,,573000,0.0,0.0,0.0,2.0,0.0,South,2020/2021,WILLIS STREET,GHUZNEE STREET,,Non-Injury Crash,No,2021,0.0,North,0.0,0,0.0,Hill Road,0.0,,0.0,,0.0,Overcast,2129700,0,0.0,0.0,2.0,0.0,0.0,0.0,0.0,1.0,,0.0,0.0,Wellington Region,Nil,1-way,Sealed,0.0,0.0,0,0.0,30.0,0.0,Null,0.0,0.0,,47,Wellington City,Nil,0.0,0.0,0.0,0.0,0.0,0.0,Urban,0.0,0.0,0.0,Light rain,Null,1
66498685,,572701,0.0,,0.0,1.0,,North,2020/2021,JOHNSONVILLE PORIRUA MOTORWAY,TRANSMISSION GULLY MOTORWAY,,Non-Injury Crash,Yes,2021,,Null,,0,,Flat,,,,,,Overcast,1995600,0,0.0,0.0,4.0,,,0.0,,,,,,Wellington Region,Nil,2-way,Sealed,,0.0,0,,80.0,,None,0.0,0.0,,47,Wellington City,Nil,,,,,0.0,1.0,Open,0.0,,,Fine,Null,1
66498726,,574500,0.0,,0.0,2.0,,South,2021/2022,HUTT ROAD,KAIWHARAWHARA ROAD,,Non-Injury Crash,No,2021,,South,,0,,Flat,,Christmas New Year,,,,Overcast,2093600,0,0.0,0.0,4.0,,,0.0,,,,,,Wellington Region,Nil,2-way,Sealed,,0.0,0,,60.0,,Off,1.0,0.0,,47,Wellington City,Nil,,,,,0.0,0.0,Urban,0.0,,,Light rain,Null,1
66498778,,572702,0.0,,0.0,1.0,,South,2020/2021,JOHNSONVILLE PORIRUA MOTORWAY,PED SUBWAY,,Minor Crash,Yes,2021,,South,,0,,Flat,,,,,,Dark,1996400,2,0.0,0.0,2.0,,,0.0,,,,,,Wellington Region,Nil,1-way,Sealed,,0.0,0,,70.0,,On,0.0,0.0,,47,Wellington City,Nil,,,,,0.0,0.0,Urban,0.0,,,Fine,Null,1
66498801,,572701,0.0,,0.0,1.0,,Null,2020/2021,FINDLAY STREET,COLLINS AVENUE,,Non-Injury Crash,No,2020,,South,,0,,Flat,,,,,,Bright sun,1994100,0,0.0,0.0,2.0,,,0.0,,,,,,Wellington Region,Bridge,2-way,Sealed,,0.0,0,,50.0,,Off,1.0,0.0,,47,Wellington City,Give way,,,,,0.0,0.0,Urban,0.0,,,Fine,Null,1
66498804,,574002,0.0,,0.0,1.0,,Null,2020/2021,HUTT ROAD,HUTT ROAD ON RAMP,,Non-Injury Crash,Yes,2021,,North,,0,,Flat,,,,,,Overcast,2078302,0,0.0,0.0,2.0,,,0.0,,,,,,Wellington Region,Motorway ramp,1-way,Sealed,,0.0,0,,100.0,,Off,0.0,0.0,,47,Wellington City,Nil,,,,,1.0,0.0,Open,0.0,,,Fine,Null,1
66498861,,573101,0.0,0.0,0.0,1.0,0.0,South,2020/2021,WILLIS STREET,MANNERS STREET,,Non-Injury Crash,No,2021,0.0,South,0.0,0,0.0,Hill Road,0.0,,0.0,,0.0,Unknown,2131300,0,0.0,0.0,2.0,0.0,0.0,0.0,0.0,1.0,,0.0,0.0,Wellington Region,Nil,2-way,Sealed,0.0,0.0,0,0.0,30.0,0.0,Null,0.0,0.0,,47,Wellington City,Nil,0.0,0.0,0.0,0.0,0.0,0.0,Urban,0.0,0.0,0.0,Light rain,Null,1
66498892,,577000,1.0,0.0,0.0,3.0,0.0,Null,2021/2022,OFF ROAD - CAR PARK,,,Serious Crash,No,2022,0.0,South,0.0,0,1.0,Flat,0.0,,1.0,,0.0,Bright sun,2175700,0,0.0,0.0,,0.0,0.0,0.0,0.0,1.0,1.0,0.0,0.0,Wellington Region,Nil,Off road,Sealed,0.0,0.0,2,0.0,30.0,0.0,Off,0.0,0.0,,47,Wellington City,Nil,0.0,1.0,0.0,0.0,0.0,0.0,Urban,0.0,0.0,0.0,Fine,Null,0
66498981,,572500,0.0,0.0,0.0,1.0,0.0,North,2020/2021,ST HILDAS GLADE,BALLIOL DRIVE,,Non-Injury Crash,No,2020,0.0,East,0.0,0,0.0,Hill Road,0.0,,0.0,,0.0,Dark,1987400,0,0.0,0.0,2.0,0.0,0.0,0.0,0.0,1.0,,0.0,0.0,Wellington Region,Nil,2-way,Sealed,0.0,0.0,0,0.0,50.0,0.0,On,0.0,0.0,,47,Wellington City,Nil,0.0,0.0,0.0,0.0,0.0,0.0,Urban,1.0,0.0,0.0,Fine,Null,1
66498990,,576903,0.0,,0.0,0.0,,Null,2021/2022,KILBIRNIE CRESCENT,VALLANCE STREET,,Minor Crash,No,2022,,North,,0,,Flat,,,,,,Overcast,2177900,1,0.0,0.0,2.0,,,0.0,,,1.0,,,Wellington Region,Nil,2-way,Sealed,,0.0,0,,50.0,,Off,0.0,0.0,,47,Wellington City,Nil,,,,,0.0,0.0,Urban,0.0,,,Fine,Null,0
66499003,,576901,0.0,,0.0,1.0,,Null,2021/2022,MAHORA STREET,RONGOTAI ROAD,,Non-Injury Crash,No,2021,,North,,0,,Flat,,,,,,Overcast,2178200,0,0.0,0.0,2.0,,,0.0,,,,,,Wellington Region,Nil,2-way,Sealed,,0.0,0,,50.0,,Off,0.0,0.0,,47,Wellington City,Give way,,,,,1.0,0.0,Urban,0.0,,,Light rain,Null,1
66499005,,573600,0.0,,0.0,2.0,,North,2020/2021,JOHNSONVILLE PORIRUA MOTORWAY,JOHNSONVILLE ON RAMP,,Minor Crash,Yes,2021,,North,,0,,Flat,,,,,,Dark,2081200,1,0.0,0.0,2.0,,,0.0,,,,,,Wellington Region,Nil,1-way,Sealed,,0.0,0,,100.0,,On,0.0,0.0,,47,Wellington City,Nil,,,,,0.0,0.0,Open,0.0,,,Light rain,Null,1
66499102,,574600,0.0,,0.0,2.0,,East,2021/2022,WADE STREET,CECIL ROAD,,Non-Injury Crash,No,2021,,West,,0,,Hill Road,,,,,,Dark,2101000,0,0.0,0.0,2.0,,,0.0,,,,,,Wellington Region,Nil,2-way,Sealed,,0.0,0,,50.0,,On,0.0,0.0,,47,Wellington City,Nil,,,,,0.0,0.0,Urban,0.0,,,Fine,Null,1
66499113,,572900,0.0,,0.0,2.0,,Null,2020/2021,TINAKORI ROAD,HAWKESTONE STREET,,Non-Injury Crash,No,2020,,North,,0,,Flat,,,,,,Bright sun,2119500,0,0.0,0.0,2.0,,,0.0,,,,,,Wellington Region,Nil,2-way,Sealed,,0.0,0,,50.0,,None,1.0,1.0,,47,Wellington City,Give way,,,,,1.0,0.0,Urban,0.0,,,Fine,Strong wind,1
66499142,,575600,0.0,0.0,0.0,1.0,0.0,South,2021/2022,SUGARLOAF ROAD,HELEN STREET,,Non-Injury Crash,No,2021,0.0,South,0.0,0,0.0,Null,0.0,,0.0,,0.0,Dark,2161201,0,0.0,0.0,2.0,0.0,0.0,0.0,0.0,1.0,,0.0,0.0,Wellington Region,Nil,2-way,Sealed,0.0,0.0,0,0.0,50.0,0.0,None,0.0,0.0,,47,Wellington City,Nil,0.0,0.0,0.0,0.0,0.0,0.0,Urban,1.0,0.0,0.0,Null,Null,1
66499156,,573101,0.0,0.0,0.0,1.0,0.0,South,2020/2021,COURTENAY PLACE,ALLEN STREET,,Non-Injury Crash,No,2021,0.0,West,0.0,0,0.0,Flat,0.0,,0.0,,0.0,Unknown,2136000,0,0.0,0.0,1.0,0.0,0.0,0.0,0.0,1.0,,0.0,0.0,Wellington Region,Nil,1-way,Sealed,0.0,0.0,0,0.0,30.0,0.0,Null,0.0,0.0,,47,Wellington City,Nil,0.0,0.0,0.0,0.0,0.0,1.0,Urban,0.0,0.0,0.0,Null,Null,1
66499178,,573101,0.0,,0.0,1.0,,Null,2020/2021,COURTENAY PLACE,TARANAKI STREET,,Non-Injury Crash,No,2020,,North,,0,,Flat,,,,,,Unknown,2135600,0,0.0,0.0,3.0,,,0.0,,,,,,Wellington Region,Nil,1-way,Sealed,,0.0,0,,30.0,,Null,0.0,0.0,,47,Wellington City,Traffic Signals,,,,,0.0,0.0,Urban,0.0,,,Null,Null,1
66499215,,573000,0.0,,0.0,0.0,,Null,2021/2022,CUSTOMHOUSE QUAY,WARING TAYLOR STREET,,Minor Crash,No,2022,,North,,0,,Flat,,,,,,Overcast,2125400,1,1.0,0.0,3.0,,,0.0,,,,,,Wellington Region,Nil,2-way,Sealed,,0.0,0,,50.0,,Off,0.0,0.0,,47,Wellington City,Traffic Signals,,,,,0.0,0.0,Urban,0.0,,,Fine,Strong wind,0
66499216,,573801,0.0,,0.0,1.0,,South,2020/2021,JOHNSONVILLE PORIRUA MOTORWAY,CHURTON PARK-GLENSIDE ON RAMP,,Non-Injury Crash,Yes,2021,,South,,0,,Flat,,,,,,Bright sun,2079401,0,0.0,0.0,2.0,,,0.0,,,,,,Wellington Region,Nil,1-way,Sealed,,0.0,0,,100.0,,Off,1.0,0.0,,47,Wellington City,Nil,,,,,0.0,0.0,Open,0.0,,,Fine,Frost,1
66499229,,572900,0.0,,0.0,2.0,,Null,2021/2022,FEATHERSTON STREET,MULGRAVE STREET,,Serious Crash,No,2022,,North,,0,,Flat,,,,,,Bright sun,2122700,2,0.0,0.0,4.0,,,0.0,,,,,,Wellington Region,Nil,2-way,Sealed,,0.0,2,,50.0,,Off,0.0,0.0,,47,Wellington City,Traffic Signals,,,,,0.0,0.0,Urban,0.0,,,Fine,Null,0