OBJECTID,advisorySpeed,areaUnitID,bicycle,bridge,bus,carStationWagon,cliffBank,crashDirectionDescription,crashFinancialYear,crashLocation1,crashLocation2,crashRoadSideRoad,crashSeverity,crashSHDescription,crashYear,debris,directionRoleDescription,ditch,fatalCount,fence,flatHill,guardRail,holiday,houseOrBuilding,intersection,kerb,light,meshblockId,minorInjuryCount,moped,motorcycle,NumberOfLanes,objectThrownOrDropped,otherObject,otherVehicleType,overBank,parkedVehicle,pedestrian,phoneBoxEtc,postOrPole,region,roadCharacter,roadLane,roadSurface,roadworks,schoolBus,seriousInjuryCount,slipOrFlood,speedLimit,strayAnimal,streetLight,suv,taxi,temporarySpeedLimit,tlaId,tlaName,trafficControl,trafficIsland,trafficSign,train,tree,truck,unknownVehicleType,urban,vanOrUtility,vehicle,waterRiver,weatherA,weatherB,if_pandemic
66499269,,573526,0.0,,0.0,0.0,,West,2020/2021,HUTT ROAD,HOROKIWI ROAD,,Non-Injury Crash,Yes,2021,,West,,0,,Flat,,,,,,Twilight,2086403,0,0.0,0.0,2.0,,,0.0,,,,,,Wellington Region,Nil,1-way,Sealed,,0.0,0,,100.0,,On,2.0,0.0,,47,Wellington City,Nil,,,,,0.0,0.0,Open,1.0,,,Fine,Frost,1
66499274,,577102,0.0,0.0,0.0,2.0,0.0,Null,2020/2021,STRATHMORE AVENUE,SIDLAW STREET,,Non-Injury Crash,No,2021,0.0,South,0.0,0,1.0,Hill Road,0.0,,0.0,,0.0,Dark,2215200,0,0.0,0.0,2.0,0.0,0.0,0.0,0.0,1.0,,0.0,0.0,Wellington Region,Nil,2-way,Sealed,0.0,0.0,0,0.0,50.0,0.0,On,0.0,0.0,,47,Wellington City,Give way,0.0,0.0,0.0,0.0,0.0,0.0,Urban,0.0,0.0,0.0,Heavy rain,Strong wind,1
66499299,,576400,0.0,0.0,1.0,1.0,0.0,East,2020/2021,CONSTABLE STREET,RIDDIFORD STREET,,Non-Injury Crash,No,2021,0.0,West,0.0,0,0.0,Flat,0.0,,0.0,,0.0,Dark,2167300,0,0.0,0.0,2.0,0.0,0.0,0.0,0.0,1.0,,0.0,0.0,Wellington Region,Nil,2-way,Sealed,0.0,0.0,0,0.0,50.0,0.0,On,0.0,0.0,,47,Wellington City,Nil,0.0,0.0,0.0,0.0,0.0,0.0,Urban,0.0,0.0,0.0,Fine,Null,1
66499307,,572702,0.0,0.0,0.0,2.0,0.0,South,2020/2021,RAROA TERRACE,MAHOE STREET,,Non-Injury Crash,No,2021,0.0,South,0.0,0,0.0,Hill Road,0.0,,0.0,,0.0,Twilight,1996500,0,0.0,0.0,2.0,0.0,0.0,0.0,0.0,1.0,,0.0,0.0,Wellington Region,Nil,2-way,Sealed,0.0,0.0,0,0.0,50.0,0.0,On,0.0,0.0,,47,Wellington City,Nil,0.0,0.0,0.0,0.0,0.0,0.0,Urban,0.0,0.0,0.0,Fine,Null,1
66499351,,573101,0.0,0.0,1.0,1.0,0.0,West,2020/2021,COURTENAY PLACE,TORY STREET,,Non-Injury Crash,No,2020,0.0,West,0.0,0,0.0,Null,0.0,,0.0,,0.0,Unknown,2135900,0,0.0,0.0,1.0,0.0,0.0,0.0,0.0,1.0,,0.0,0.0,Wellington Region,Nil,1-way,Sealed,0.0,0.0,0,0.0,30.0,0.0,Null,0.0,0.0,,47,Wellington City,Nil,0.0,0.0,0.0,0.0,0.0,0.0,Urban,0.0,0.0,0.0,Null,Null,1
66499363,,577102,0.0,0.0,0.0,2.0,0.0,North,2020/2021,MONORGAN ROAD,WALDEN STREET,,Non-Injury Crash,No,2021,0.0,North,0.0,0,0.0,Hill Road,0.0,,0.0,,0.0,Twilight,2215000,0,0.0,0.0,2.0,0.0,0.0,0.0,0.0,1.0,,0.0,0.0,Wellington Region,Nil,2-way,Sealed,0.0,0.0,0,0.0,50.0,0.0,Off,0.0,0.0,,47,Wellington City,Unknown,0.0,0.0,0.0,0.0,0.0,0.0,Urban,0.0,0.0,0.0,Fine,Null,1
66499384,,573526,0.0,0.0,0.0,0.0,1.0,North,2020/2021,HUTT ROAD,WEIGH PIT,,Non-Injury Crash,Yes,2021,0.0,North,0.0,0,0.0,Flat,0.0,,0.0,,0.0,Overcast,2077503,0,0.0,0.0,2.0,0.0,0.0,0.0,0.0,0.0,,0.0,0.0,Wellington Region,Nil,1-way,Sealed,0.0,0.0,0,0.0,100.0,0.0,Off,0.0,0.0,,47,Wellington City,Nil,0.0,0.0,0.0,0.0,0.0,0.0,Open,1.0,0.0,0.0,Fine,Null,1
66499432,,575400,0.0,,0.0,2.0,,East,2020/2021,RAROA ROAD,RAROA ROAD,,Non-Injury Crash,No,2021,,North,,0,,Hill Road,,,,,,Unknown,2155600,0,0.0,0.0,2.0,,,0.0,,,,,,Wellington Region,Nil,2-way,Sealed,,0.0,0,,50.0,,Off,0.0,0.0,,47,Wellington City,Nil,,,,,0.0,0.0,Urban,0.0,,,Null,Null,1
66499458,,574302,0.0,,0.0,0.0,,Null,2020/2021,ONSLOW ROAD,HUTT ROAD,,Minor Crash,No,2021,,Null,,0,,Hill Road,,,,,,Dark,2090700,1,0.0,1.0,2.0,,,0.0,,,,,,Wellington Region,Nil,2-way,Sealed,,0.0,0,,50.0,,On,0.0,0.0,,47,Wellington City,Traffic Signals,,,,,0.0,0.0,Urban,0.0,,,Fine,Null,1
66499522,,572900,0.0,0.0,0.0,1.0,0.0,South,2020/2021,GRANT ROAD,NEWMAN TERRACE,,Non-Injury Crash,No,2020,0.0,South,0.0,0,0.0,Flat,0.0,,0.0,,0.0,Bright sun,2120300,0,0.0,0.0,2.0,0.0,0.0,0.0,0.0,1.0,,0.0,0.0,Wellington Region,Nil,2-way,Sealed,0.0,0.0,0,0.0,50.0,0.0,Off,0.0,0.0,,47,Wellington City,Unknown,0.0,0.0,0.0,0.0,0.0,0.0,Urban,0.0,0.0,0.0,Fine,Null,1
66499537,,576002,0.0,,0.0,2.0,,South,2020/2021,THE PARADE,MERSEY STREET,,Non-Injury Crash,No,2020,,North,,0,,Flat,,,,,,Overcast,2190800,0,0.0,0.0,2.0,,,0.0,,,,,,Wellington Region,Nil,2-way,Sealed,,0.0,0,,50.0,,Null,0.0,0.0,,47,Wellington City,Nil,,,,,0.0,0.0,Urban,0.0,,,Light rain,Null,1
66499542,,577102,0.0,0.0,0.0,2.0,0.0,South,2021/2022,MONORGAN ROAD,BROADWAY,,Non-Injury Crash,No,2022,0.0,North,0.0,0,0.0,Flat,0.0,,0.0,,0.0,Bright sun,2215400,0,0.0,0.0,2.0,0.0,0.0,0.0,0.0,1.0,,0.0,0.0,Wellington Region,Nil,2-way,Sealed,0.0,0.0,0,0.0,50.0,0.0,Off,0.0,0.0,,47,Wellington City,Nil,0.0,0.0,0.0,0.0,0.0,0.0,Urban,0.0,0.0,0.0,Fine,Null,0
66499556,,573903,0.0,0.0,0.0,2.0,0.0,Null,2020/2021,NEWLANDS ROAD,WAKELY ROAD,,Non-Injury Crash,No,2021,0.0,North,0.0,0,0.0,Flat,0.0,,0.0,,0.0,Unknown,2075103,0,0.0,0.0,2.0,0.0,0.0,0.0,0.0,1.0,,0.0,0.0,Wellington Region,Nil,2-way,Sealed,0.0,0.0,0,0.0,50.0,0.0,Null,0.0,0.0,,47,Wellington City,Nil,0.0,0.0,0.0,0.0,0.0,0.0,Urban,0.0,0.0,0.0,Null,Null,1
66499569,,573101,0.0,,0.0,2.0,,Null,2021/2022,VICTORIA STREET,GHUZNEE STREET,,Non-Injury Crash,No,2021,,South,,0,,Flat,,,,,,Dark,2131500,0,0.0,0.0,5.0,,,0.0,,,,,,Wellington Region,Nil,2-way,Sealed,,0.0,0,,50.0,,On,0.0,2.0,,47,Wellington City,Traffic Signals,,,,,0.0,0.0,Urban,0.0,,,Fine,Null,1
66499577,,575000,1.0,,0.0,1.0,,Null,2021/2022,KARORI ROAD,HATTON STREET,,Non-Injury Crash,No,2021,,West,,0,,Flat,,,,,,Unknown,2111500,0,0.0,0.0,2.0,,,0.0,,,,,,Wellington Region,Nil,2-way,Sealed,,0.0,0,,30.0,,Null,0.0,0.0,,47,Wellington City,Give way,,,,,0.0,0.0,Urban,0.0,,,Null,Null,1
66499590,,576301,0.0,0.0,0.0,1.0,0.0,Null,2020/2021,ADELAIDE ROAD,MUDGES TERRACE,,Non-Injury Crash,No,2021,0.0,South,0.0,0,0.0,Hill Road,0.0,,0.0,,0.0,Unknown,2164500,0,0.0,0.0,2.0,0.0,0.0,0.0,0.0,1.0,,0.0,0.0,Wellington Region,Nil,2-way,Sealed,0.0,0.0,0,0.0,50.0,0.0,Null,0.0,0.0,,47,Wellington City,Nil,0.0,0.0,0.0,0.0,1.0,0.0,Urban,0.0,0.0,0.0,Null,Null,1
66499614,,573511,0.0,0.0,0.0,1.0,0.0,South,2022/2023,JOHNSONVILLE PORIRUA MOTORWAY,TAWA-GRENADA NORTH OFF RAMP,,Serious Crash,Yes,2022,0.0,North,0.0,0,0.0,Flat,0.0,,0.0,,0.0,Dark,2086201,0,0.0,0.0,2.0,0.0,0.0,0.0,1.0,0.0,,0.0,0.0,Wellington Region,Nil,1-way,Sealed,0.0,0.0,1,0.0,100.0,0.0,None,0.0,0.0,,47,Wellington City,Nil,0.0,0.0,0.0,0.0,0.0,0.0,Open,0.0,0.0,0.0,Heavy rain,Null,0
66499628,,573000,0.0,0.0,1.0,4.0,0.0,North,2020/2021,WILLIS STREET,KARO DRIVE,,Non-Injury Crash,No,2021,0.0,North,0.0,0,0.0,Flat,0.0,,0.0,,0.0,Dark,2130200,0,0.0,0.0,2.0,0.0,0.0,0.0,0.0,1.0,,0.0,0.0,Wellington Region,Nil,1-way,Sealed,0.0,0.0,0,0.0,50.0,0.0,On,0.0,0.0,,47,Wellington City,Unknown,0.0,0.0,0.0,0.0,0.0,0.0,Urban,0.0,0.0,0.0,Fine,Null,1
66499668,,573101,0.0,,0.0,1.0,,East,2021/2022,DIXON STREET,CHRISTESON LANE,,Minor Crash,No,2022,,West,,0,,Flat,,,,,,Dark,2131500,1,0.0,0.0,1.0,,,1.0,,,1.0,,,Wellington Region,Nil,1-way,Sealed,,0.0,0,,30.0,,On,0.0,0.0,,47,Wellington City,Nil,,,,,0.0,0.0,Urban,0.0,,,Fine,Null,0
66499681,,576002,0.0,0.0,0.0,0.0,0.0,East,2020/2021,TRENT STREET,THE PARADE,,Non-Injury Crash,No,2021,0.0,East,0.0,0,0.0,Flat,0.0,,0.0,,0.0,Dark,2189500,0,0.0,0.0,2.0,0.0,0.0,0.0,0.0,1.0,,0.0,0.0,Wellington Region,Nil,2-way,Sealed,0.0,0.0,0,0.0,50.0,0.0,None,1.0,0.0,,47,Wellington City,Nil,0.0,0.0,0.0,0.0,0.0,0.0,Urban,1.0,0.0,0.0,Fine,Null,1
66499686,,573101,0.0,,1.0,1.0,,East,2021/2022,COURTENAY PLACE,TORY STREET,,Non-Injury Crash,No,2022,,East,,0,,Flat,,Easter,,,,Dark,2135700,0,0.0,0.0,2.0,,,0.0,,,,,,Wellington Region,Nil,2-way,Sealed,,0.0,0,,30.0,,On,0.0,1.0,,47,Wellington City,Unknown,,,,,0.0,0.0,Urban,0.0,,,Light rain,Null,0
66499751,,573101,0.0,,0.0,2.0,,Null,2021/2022,TORY STREET,JESSIE STREET,,Non-Injury Crash,No,2021,,North,,0,,Hill Road,,,,,,Unknown,2136500,0,0.0,0.0,2.0,,,0.0,,,,,,Wellington Region,Nil,2-way,Sealed,,0.0,0,,30.0,,Null,0.0,0.0,,47,Wellington City,Nil,,,,,0.0,0.0,Urban,0.0,,,Null,Null,1
66499758,,573300,0.0,0.0,0.0,1.0,0.0,Null,2020/2021,TASMAN STREET,TAINUI TERRACE,,Non-Injury Crash,No,2021,0.0,North,0.0,0,0.0,Null,0.0,,0.0,,0.0,Unknown,2146000,0,0.0,0.0,2.0,0.0,0.0,0.0,0.0,1.0,,0.0,0.0,Wellington Region,Nil,2-way,Sealed,0.0,0.0,0,0.0,50.0,0.0,Null,0.0,0.0,,47,Wellington City,Nil,0.0,0.0,0.0,0.0,0.0,0.0,Urban,0.0,0.0,0.0,Null,Null,1
66499792,,573000,0.0,,0.0,1.0,,Null,2022/2023,JOHNSTON STREET,CUSTOMHOUSE QUAY,,Non-Injury Crash,No,2022,,East,,0,,Flat,,,,,,Bright sun,2125500,0,0.0,0.0,2.0,,,0.0,,,,,,Wellington Region,Nil,1-way,Sealed,,0.0,0,,30.0,,Off,0.0,1.0,,47,Wellington City,Traffic Signals,,,,,0.0,0.0,Urban,1.0,,,Fine,Null,0
66499793,,574500,0.0,,0.0,1.0,,North,2020/2021,HUTT ROAD,AOTEA QUAY,,Non-Injury Crash,No,2020,,North,,0,,Flat,,,,,,Overcast,2093600,0,0.0,0.0,4.0,,,0.0,,,,,,Wellington Region,Nil,2-way,Sealed,,0.0,0,,60.0,,Off,1.0,0.0,,47,Wellington City,Nil,,,,,0.0,0.0,Urban,0.0,,,Fine,Null,1
66499804,,572500,0.0,,0.0,2.0,,Null,2020/2021,MAIN ROAD,WILLOWBANK ROAD,,Minor Crash,No,2021,,West,,0,,Flat,,,,,,Bright sun,2053701,2,0.0,0.0,2.0,,,0.0,,,,,,Wellington Region,Bridge,2-way,Sealed,,0.0,0,,50.0,,Off,0.0,0.0,,47,Wellington City,Give way,,,,,0.0,0.0,Urban,0.0,,,Fine,Null,1
66499861,,573101,0.0,,0.0,2.0,,West,2022/2023,VIVIAN STREET,CAMBRIDGE TERRACE,,Minor Crash,Yes,2022,,East,,0,,Flat,,,,,,Bright sun,2136500,2,0.0,0.0,2.0,,,0.0,,,,,,Wellington Region,Nil,1-way,Sealed,,0.0,0,,50.0,,Off,1.0,0.0,,47,Wellington City,Nil,,,,,0.0,0.0,Urban,0.0,,,Fine,Null,0
66499878,,574500,0.0,0.0,0.0,1.0,0.0,North,2021/2022,WELLINGTON URBAN MOTORWAY,AOTEA QUAY ON RAMP,,Minor Crash,Yes,2021,0.0,North,0.0,0,0.0,Flat,1.0,,0.0,,0.0,Dark,2093500,1,0.0,0.0,3.0,0.0,0.0,0.0,0.0,0.0,,0.0,0.0,Wellington Region,Nil,1-way,Sealed,0.0,0.0,0,0.0,100.0,0.0,On,0.0,0.0,,47,Wellington City,Nil,0.0,0.0,0.0,0.0,0.0,0.0,Open,0.0,0.0,0.0,Fine,Null,1
66499992,,576400,0.0,0.0,0.0,1.0,0.0,Null,2022/2023,RHODES STREET,FERGUSON STREET,,Non-Injury Crash,No,2022,0.0,West,0.0,0,0.0,Null,0.0,,0.0,,0.0,Unknown,2168700,0,0.0,0.0,2.0,0.0,0.0,0.0,0.0,1.0,,0.0,0.0,Wellington Region,Speed hump,2-way,Null,0.0,0.0,0,0.0,40.0,0.0,Null,0.0,0.0,,47,Wellington City,Nil,0.0,0.0,0.0,0.0,0.0,0.0,Urban,0.0,0.0,0.0,Null,Null,0
66500009,,572701,0.0,0.0,0.0,1.0,0.0,North,2021/2022,COATES STREET,COLLINS AVENUE,,Serious Crash,No,2021,0.0,North,0.0,0,0.0,Hill Road,0.0,,0.0,,0.0,Dark,1993200,0,0.0,0.0,2.0,0.0,0.0,0.0,0.0,1.0,,0.0,0.0,Wellington Region,Nil,2-way,Sealed,0.0,0.0,1,0.0,50.0,0.0,On,1.0,0.0,,47,Wellington City,Nil,0.0,0.0,0.0,0.0,0.0,0.0,Urban,0.0,0.0,0.0,Fine,Null,1
66500011,,573300,0.0,0.0,0.0,2.0,0.0,Null,2020/2021,SUSSEX STREET,SUSSEX STREET,,Non-Injury Crash,Yes,2021,0.0,North,0.0,0,0.0,Hill Road,0.0,,0.0,,0.0,Bright sun,2145602,0,0.0,0.0,3.0,0.0,0.0,0.0,0.0,2.0,,0.0,0.0,Wellington Region,Nil,1-way,Sealed,0.0,0.0,0,0.0,50.0,0.0,Off,1.0,0.0,,47,Wellington City,Give way,0.0,0.0,0.0,0.0,0.0,0.0,Urban,0.0,0.0,0.0,Fine,Null,1
66500019,,576500,0.0,0.0,0.0,1.0,0.0,Null,2020/2021,MEIN STREET,MINERVA STREET,,Non-Injury Crash,No,2021,0.0,Null,0.0,0,0.0,Hill Road,0.0,,0.0,,0.0,Overcast,2149200,0,0.0,0.0,2.0,0.0,0.0,0.0,0.0,1.0,,0.0,0.0,Wellington Region,Nil,2-way,Sealed,0.0,0.0,0,0.0,40.0,0.0,Off,0.0,0.0,,47,Wellington City,Nil,0.0,0.0,0.0,0.0,0.0,0.0,Urban,0.0,0.0,0.0,Fine,Null,1
66500062,,574304,0.0,0.0,1.0,1.0,0.0,South,2021/2022,HOMEBUSH ROAD,NANDA WAY,,Non-Injury Crash,No,2021,0.0,West,0.0,0,0.0,Hill Road,0.0,,0.0,,0.0,Unknown,2090404,0,0.0,0.0,2.0,0.0,0.0,0.0,0.0,1.0,,0.0,0.0,Wellington Region,Nil,2-way,Sealed,0.0,0.0,0,0.0,50.0,0.0,Null,0.0,0.0,,47,Wellington City,Nil,0.0,0.0,0.0,0.0,0.0,0.0,Urban,0.0,0.0,0.0,Null,Null,1
66500073,,572702,0.0,0.0,0.0,0.0,0.0,South,2020/2021,WOODMAN DRIVE,COLONIAL GROVE,,Non-Injury Crash,No,2021,0.0,North,0.0,0,0.0,Hill Road,0.0,,0.0,,0.0,Bright sun,2053819,0,0.0,0.0,2.0,0.0,0.0,0.0,0.0,1.0,,0.0,0.0,Wellington Region,Nil,2-way,Unsealed,0.0,0.0,0,0.0,50.0,0.0,Off,1.0,0.0,,47,Wellington City,Nil,0.0,0.0,0.0,0.0,1.0,0.0,Urban,0.0,0.0,0.0,Fine,Null,1
66500075,,574303,0.0,,0.0,1.0,,North,2021/2022,CENTENNIAL HIGHWAY,TYERS ROAD,,Non-Injury Crash,Yes,2021,,North,,0,,Hill Road,,,,,,Overcast,2088705,0,0.0,0.0,6.0,,,0.0,,,,,,Wellington Region,Nil,2-way,Sealed,,0.0,0,,80.0,,Off,0.0,0.0,,47,Wellington City,Nil,,,,,0.0,0.0,Open,1.0,,,Light rain,Null,1
66500092,,577101,0.0,0.0,0.0,2.0,0.0,North,2020/2021,TIO TIO ROAD,BROADWAY,,Non-Injury Crash,No,2020,0.0,North,0.0,0,0.0,Hill Road,0.0,,0.0,,0.0,Dark,2213000,0,0.0,0.0,2.0,0.0,0.0,0.0,0.0,1.0,,0.0,0.0,Wellington Region,Nil,2-way,Sealed,0.0,0.0,0,0.0,50.0,0.0,On,0.0,0.0,,47,Wellington City,Nil,0.0,0.0,0.0,0.0,0.0,0.0,Urban,0.0,0.0,0.0,Fine,Null,1
66500171,,574100,0.0,0.0,0.0,1.0,0.0,North,2021/2022,CENTENNIAL HIGHWAY,NEWLANDS OBR NBD,,Minor Crash,Yes,2022,0.0,North,0.0,0,0.0,Flat,0.0,,0.0,,0.0,Dark,2084600,1,0.0,0.0,3.0,0.0,0.0,0.0,0.0,0.0,,0.0,1.0,Wellington Region,Motorway ramp,1-way,Sealed,0.0,0.0,0,0.0,80.0,0.0,On,0.0,0.0,,47,Wellington City,Nil,0.0,0.0,0.0,0.0,0.0,0.0,Open,0.0,0.0,0.0,Light rain,Null,0
66500215,,575400,0.0,,0.0,2.0,,Null,2021/2022,RAROA ROAD,IRVINE STREET,,Minor Crash,No,2021,,South,,0,,Hill Road,,,,,,Overcast,2155700,1,0.0,0.0,2.0,,,0.0,,,,,,Wellington Region,Nil,2-way,Sealed,,0.0,0,,50.0,,Off,0.0,0.0,,47,Wellington City,Give way,,,,,0.0,0.0,Urban,0.0,,,Light rain,Null,1
66500244,,573000,0.0,,0.0,2.0,,North,2021/2022,THE TERRACE,JAMES COOK HOTEL,,Non-Injury Crash,No,2022,,North,,0,,Hill Road,,,,,,Overcast,2124803,0,0.0,0.0,2.0,,,0.0,,,,,,Wellington Region,Nil,2-way,Sealed,,0.0,0,,50.0,,Off,0.0,0.0,,47,Wellington City,Nil,,,,,0.0,0.0,Urban,0.0,,,Fine,Null,0
66500247,,574302,0.0,0.0,0.0,1.0,0.0,North,2021/2022,ONSLOW ROAD,HUTT ROAD,,Non-Injury Crash,No,2021,0.0,South,0.0,0,0.0,Hill Road,1.0,,0.0,,0.0,Overcast,2090500,0,0.0,0.0,2.0,0.0,0.0,0.0,1.0,0.0,,0.0,0.0,Wellington Region,Nil,2-way,Sealed,0.0,0.0,0,0.0,50.0,0.0,Off,0.0,0.0,,47,Wellington City,Nil,0.0,0.0,0.0,1.0,0.0,0.0,Urban,0.0,0.0,0.0,Light rain,Null,1
66500298,,573700,0.0,,0.0,0.0,,East,2021/2022,DISRAELI STREET,JOHNSONVILLE ROAD,,Non-Injury Crash,No,2022,,East,,0,,Flat,,,,,,Bright sun,2083100,0,0.0,0.0,2.0,,,0.0,,,,,,Wellington Region,Nil,2-way,Sealed,,0.0,0,,50.0,,Null,1.0,0.0,,47,Wellington City,Nil,,,,,0.0,0.0,Urban,1.0,,,Fine,Null,0
66500301,,573801,0.0,,0.0,1.0,,North,2020/2021,JOHNSONVILLE PORIRUA MOTORWAY,JOHNSONVILLE OFF RAMP,,Non-Injury Crash,Yes,2021,,South,,0,,Flat,,,,,,Bright sun,2079000,0,0.0,0.0,2.0,,,0.0,,,,,,Wellington Region,Nil,1-way,Sealed,,0.0,0,,100.0,,Off,1.0,0.0,,47,Wellington City,Nil,,,,,0.0,0.0,Open,0.0,,,Fine,Null,1
66500305,,572900,0.0,1.0,0.0,0.0,0.0,North,2020/2021,AOTEA QUAY ON RAMP,AOTEA QUAY OBR,,Non-Injury Crash,No,2021,0.0,North,0.0,0,0.0,Hill Road,0.0,,0.0,,0.0,Bright sun,2118400,0,0.0,0.0,1.0,0.0,0.0,0.0,0.0,0.0,,0.0,0.0,Wellington Region,Motorway ramp,1-way,Sealed,0.0,0.0,0,0.0,70.0,0.0,Off,0.0,0.0,,47,Wellington City,Nil,0.0,0.0,0.0,0.0,1.0,0.0,Urban,0.0,0.0,0.0,Fine,Null,1
66500316,,573000,0.0,,0.0,1.0,,South,2020/2021,WELLINGTON URBAN MOTORWAY,BOULCOTT OBR,,Non-Injury Crash,Yes,2021,,South,,0,,Flat,,,,,,Twilight,2126700,0,0.0,0.0,1.0,,,0.0,,,,,,Wellington Region,Nil,1-way,Sealed,,0.0,0,,70.0,,On,0.0,0.0,60.0,47,Wellington City,Nil,,,,,0.0,0.0,Urban,1.0,,,Fine,Null,1
66500356,,576901,0.0,0.0,0.0,0.0,0.0,North,2021/2022,TIRANGI ROAD,LONSDALE CRESCENT,,Non-Injury Crash,No,2021,0.0,Null,0.0,0,0.0,Hill Road,0.0,,1.0,,0.0,Overcast,2176000,0,0.0,0.0,1.0,0.0,0.0,0.0,0.0,0.0,,0.0,0.0,Wellington Region,Nil,2-way,Sealed,0.0,0.0,0,0.0,50.0,0.0,Off,0.0,0.0,,47,Wellington City,Nil,0.0,0.0,0.0,0.0,0.0,0.0,Urban,0.0,0.0,0.0,Fine,Null,1
66500359,,573000,0.0,,0.0,1.0,,North,2020/2021,WELLINGTON URBAN MOTORWAY,EVERTON OBR,,Non-Injury Crash,Yes,2021,,South,,0,,Flat,,,,,,Bright sun,2126403,0,0.0,0.0,1.0,,,0.0,,,,,,Wellington Region,Nil,1-way,Sealed,,0.0,0,,80.0,,Off,0.0,0.0,,47,Wellington City,Nil,,,,,0.0,0.0,Open,1.0,,,Fine,Null,1
66500383,,573101,0.0,0.0,0.0,1.0,0.0,North,2021/2022,VICTORIA STREET,DIXON STREET,,Non-Injury Crash,No,2021,0.0,South,0.0,0,0.0,Flat,0.0,,0.0,,0.0,Unknown,2131300,0,0.0,0.0,4.0,0.0,0.0,0.0,0.0,1.0,,0.0,0.0,Wellington Region,Nil,2-way,Sealed,0.0,0.0,0,0.0,30.0,0.0,Off,0.0,0.0,,47,Wellington City,Nil,0.0,0.0,0.0,0.0,0.0,1.0,Urban,0.0,0.0,0.0,Fine,Null,1
66500389,,573101,0.0,,0.0,2.0,,Null,2020/2021,VICTORIA STREET,DIXON STREET,,Non-Injury Crash,No,2021,,South,,0,,Flat,,,,,,Bright sun,2131500,0,0.0,0.0,3.0,,,0.0,,,,,,Wellington Region,Nil,2-way,Sealed,,0.0,0,,30.0,,Off,1.0,0.0,,47,Wellington City,Traffic Signals,,,,,0.0,0.0,Urban,0.0,,,Fine,Null,1
66500408,,573300,0.0,,0.0,0.0,,North,2021/2022,TARANAKI STREET,HILL LANE,,Non-Injury Crash,No,2022,,South,,0,,Flat,,,,,,Dark,2145300,0,0.0,0.0,2.0,,,0.0,,,,,,Wellington Region,Nil,2-way,Sealed,,0.0,0,,50.0,,On,1.0,0.0,,47,Wellington City,Nil,,,,,0.0,0.0,Urban,1.0,,,Light rain,Null,0
66500497,,575200,1.0,,0.0,1.0,,Null,2022/2023,NORTHLAND ROAD,PEMBROKE ROAD,,Minor Crash,No,2022,,East,,0,,Hill Road,,,,,,Bright sun,2151400,1,0.0,0.0,2.0,,,0.0,,,,,,Wellington Region,Nil,2-way,Sealed,,0.0,0,,50.0,,Off,0.0,0.0,,47,Wellington City,Nil,,,,,0.0,0.0,Urban,0.0,,,Fine,Frost,0
66500568,,573700,0.0,,0.0,2.0,,Null,2021/2022,JOHNSONVILLE ROAD,DISRAELI STREET,,Non-Injury Crash,No,2022,,North,,0,,Flat,,,,,,Dark,2082800,0,0.0,0.0,3.0,,,0.0,,,,,,Wellington Region,Nil,2-way,Sealed,,0.0,0,,50.0,,On,0.0,0.0,,47,Wellington City,Nil,,,,,0.0,0.0,Urban,0.0,,,Fine,Null,0
66500582,,573903,0.0,,0.0,1.0,,Null,2021/2022,BRACKEN ROAD,STEWART DRIVE,,Serious Crash,No,2022,,North,,0,,Flat,,Queens Birthday,,,,Twilight,2073202,1,0.0,1.0,2.0,,,0.0,,,,,,Wellington Region,Nil,2-way,Sealed,,0.0,1,,50.0,,On,0.0,0.0,,47,Wellington City,Give way,,,,,0.0,0.0,Urban,0.0,,,Mist or Fog,Null,0
66500650,,573300,0.0,,0.0,0.0,,South,2021/2022,DUFFERIN STREET,ELLICE STREET,,Non-Injury Crash,Yes,2021,,North,,0,,Flat,,,,,,Unknown,2145602,0,0.0,0.0,4.0,,,0.0,,,,,,Wellington Region,Nil,1-way,Sealed,,0.0,0,,50.0,,Null,1.0,0.0,,47,Wellington City,Nil,,,,,0.0,0.0,Urban,1.0,,,Fine,Null,1
66500671,,573101,0.0,0.0,0.0,1.0,0.0,North,2020/2021,LEEDS STREET,GHUZNEE STREET,,Non-Injury Crash,No,2021,0.0,East,0.0,0,0.0,Flat,0.0,,0.0,,0.0,Twilight,2133405,0,0.0,0.0,2.0,0.0,0.0,0.0,0.0,1.0,,0.0,0.0,Wellington Region,Nil,2-way,Sealed,0.0,0.0,0,0.0,30.0,0.0,On,0.0,0.0,,47,Wellington City,Nil,0.0,0.0,0.0,0.0,0.0,0.0,Urban,1.0,0.0,0.0,Fine,Null,1
66500687,,577301,0.0,,0.0,0.0,,North,2020/2021,PARK ROAD,MIRAMAR NORTH ROAD,,Non-Injury Crash,No,2021,,West,,0,,Flat,,,,,,Bright sun,2203800,0,0.0,0.0,2.0,,,0.0,,,,,,Wellington Region,Nil,2-way,Sealed,,0.0,0,,50.0,,Off,1.0,0.0,,47,Wellington City,Nil,,,,,1.0,0.0,Urban,0.0,,,Fine,Null,1
66500750,,573700,0.0,,0.0,1.0,,Null,2021/2022,MOOREFIELD ROAD,BRODERICK ROAD,,Non-Injury Crash,No,2021,,North,,0,,Flat,,Christmas New Year,,,,Bright sun,2082700,0,0.0,0.0,2.0,,,0.0,,,,,,Wellington Region,Nil,2-way,Sealed,,0.0,0,,100.0,,Off,0.0,0.0,,47,Wellington City,Traffic Signals,,,,,0.0,0.0,Open,1.0,,,Fine,Null,1
66500811,,572900,0.0,0.0,0.0,1.0,0.0,North,2020/2021,BUNNY STREET,WATERLOO QUAY,,Non-Injury Crash,No,2021,0.0,South,0.0,0,0.0,Flat,0.0,,0.0,,0.0,Dark,2122700,0,0.0,0.0,3.0,0.0,0.0,0.0,0.0,0.0,,0.0,1.0,Wellington Region,Nil,1-way,Sealed,0.0,0.0,0,0.0,30.0,0.0,On,0.0,0.0,,47,Wellington City,Nil,0.0,0.0,0.0,0.0,0.0,0.0,Urban,0.0,0.0,0.0,Light rain,Null,1