OBJECTID,advisorySpeed,areaUnitID,bicycle,bridge,bus,carStationWagon,cliffBank,crashDirectionDescription,crashFinancialYear,crashLocation1,crashLocation2,crashRoadSideRoad,crashSeverity,crashSHDescription,crashYear,debris,directionRoleDescription,ditch,fatalCount,fence,flatHill,guardRail,holiday,houseOrBuilding,intersection,kerb,light,meshblockId,minorInjuryCount,moped,motorcycle,NumberOfLanes,objectThrownOrDropped,otherObject,otherVehicleType,overBank,parkedVehicle,pedestrian,phoneBoxEtc,postOrPole,region,roadCharacter,roadLane,roadSurface,roadworks,schoolBus,seriousInjuryCount,slipOrFlood,speedLimit,strayAnimal,streetLight,suv,taxi,temporarySpeedLimit,tlaId,tlaName,trafficControl,trafficIsland,trafficSign,train,tree,truck,unknownVehicleType,urban,vanOrUtility,vehicle,waterRiver,weatherA,weatherB,if_pandemic
66500839,,573101,0.0,,0.0,2.0,,Null,2020/2021,TARANAKI STREET,VIVIAN STREET ,,Non-Injury Crash,No,2021,,South,,0,,Flat,,,,,,Bright sun,2133800,0,0.0,0.0,3.0,,,0.0,,,,,,Wellington Region,Nil,2-way,Sealed,,0.0,0,,50.0,,Off,0.0,0.0,,47,Wellington City,Traffic Signals,,,,,0.0,0.0,Urban,0.0,,,Null,Null,1
66500843,,574001,0.0,,0.0,1.0,,North,2021/2022,CENTENNIAL HIGHWAY,NEWLANDS ROAD ON RAMP,,Non-Injury Crash,Yes,2021,,South,,0,,Hill Road,,,,,,Overcast,2077600,0,0.0,0.0,3.0,,,0.0,,,,,,Wellington Region,Nil,1-way,Sealed,,0.0,0,,80.0,,Off,0.0,0.0,,47,Wellington City,Nil,,,,,1.0,0.0,Open,0.0,,,Null,Null,1
66500874,,573000,0.0,0.0,0.0,1.0,0.0,East,2021/2022,BOULCOTT STREET,GILMER TERRACE,,Minor Crash,No,2021,0.0,South,0.0,0,0.0,Hill Road,0.0,Christmas New Year,0.0,,0.0,Bright sun,2127200,1,0.0,0.0,2.0,0.0,0.0,0.0,0.0,0.0,,0.0,0.0,Wellington Region,Nil,2-way,Sealed,0.0,0.0,0,0.0,30.0,0.0,Off,0.0,0.0,,47,Wellington City,Nil,0.0,1.0,0.0,0.0,0.0,0.0,Urban,0.0,0.0,0.0,Fine,Null,1
66500885,,576901,0.0,0.0,0.0,2.0,0.0,Null,2021/2022,OFFROAD CARPARK,,,Serious Crash,No,2021,0.0,North,0.0,0,0.0,Flat,0.0,,0.0,,0.0,Bright sun,2178200,0,0.0,0.0,,0.0,0.0,0.0,0.0,1.0,1.0,0.0,0.0,Wellington Region,Nil,Off road,Sealed,0.0,0.0,1,0.0,,0.0,None,0.0,0.0,,47,Wellington City,Nil,0.0,0.0,0.0,0.0,0.0,0.0,Urban,0.0,0.0,0.0,Fine,Null,1
66500917,,575300,0.0,0.0,0.0,1.0,0.0,North,2021/2022,GLENMORE STREET,GARDEN ROAD,,Non-Injury Crash,No,2021,1.0,North,0.0,0,0.0,Null,0.0,,0.0,,0.0,Unknown,2153501,0,0.0,0.0,2.0,0.0,0.0,0.0,0.0,0.0,,0.0,0.0,Wellington Region,Nil,2-way,Sealed,0.0,0.0,0,0.0,50.0,0.0,Null,0.0,0.0,,47,Wellington City,Nil,0.0,0.0,0.0,0.0,0.0,0.0,Urban,0.0,0.0,0.0,Null,Null,1
66500934,,572600,1.0,0.0,0.0,1.0,0.0,Null,2021/2022,FREDERICK STREET,LINCOLN AVENUE,,Serious Crash,No,2021,0.0,South,0.0,0,0.0,Hill Road,0.0,,0.0,,0.0,Overcast,1989800,0,0.0,0.0,2.0,0.0,0.0,0.0,0.0,1.0,,0.0,0.0,Wellington Region,Nil,2-way,Sealed,0.0,0.0,1,0.0,50.0,0.0,Off,0.0,0.0,,47,Wellington City,Nil,0.0,0.0,0.0,0.0,0.0,0.0,Urban,0.0,0.0,0.0,Fine,Null,1
66500989,,573101,0.0,0.0,0.0,1.0,0.0,East,2021/2022,TENNYSON STREET,TORY STREET,,Non-Injury Crash,No,2021,0.0,West,0.0,0,0.0,Flat,0.0,,0.0,,0.0,Unknown,2136000,0,0.0,0.0,2.0,0.0,0.0,0.0,0.0,1.0,,0.0,0.0,Wellington Region,Nil,2-way,Sealed,0.0,0.0,0,0.0,30.0,0.0,Null,1.0,0.0,,47,Wellington City,Nil,0.0,0.0,0.0,0.0,0.0,0.0,Urban,0.0,0.0,0.0,Null,Null,1
66501006,,573101,0.0,,0.0,1.0,,Null,2021/2022,TARANAKI STREET,GHUZNEE STREET,,Serious Crash,No,2021,,East,,0,,Flat,,,,,,Bright sun,2133700,0,0.0,0.0,4.0,,,0.0,,,1.0,,,Wellington Region,Nil,2-way,Sealed,,0.0,1,,30.0,,Off,0.0,0.0,,47,Wellington City,Traffic Signals,,,,,0.0,0.0,Urban,0.0,,,Fine,Null,1
66501025,,573400,0.0,0.0,0.0,1.0,0.0,Null,2021/2022,ROXBURGH STREET,HAWKER STREET,,Non-Injury Crash,No,2022,0.0,North,0.0,0,0.0,Hill Road,0.0,,1.0,,0.0,Unknown,2138600,0,0.0,0.0,2.0,0.0,0.0,0.0,0.0,1.0,,0.0,0.0,Wellington Region,Nil,2-way,Sealed,0.0,0.0,0,0.0,50.0,0.0,Null,0.0,0.0,,47,Wellington City,Nil,0.0,0.0,0.0,0.0,1.0,0.0,Urban,0.0,0.0,0.0,Null,Null,0
66501047,,573101,0.0,,0.0,1.0,,Null,2021/2022,TORY STREET,LORNE STREET,,Minor Crash,No,2021,,South,,0,,Hill Road,,,,,,Overcast,2136000,1,0.0,0.0,2.0,,,0.0,,,1.0,,,Wellington Region,Nil,2-way,Sealed,,0.0,0,,30.0,,Off,0.0,0.0,,47,Wellington City,Give way,,,,,0.0,0.0,Urban,0.0,,,Light rain,Null,1
66501140,,573000,0.0,,0.0,1.0,,Null,2020/2021,WELLINGTON URBAN MOTORWAY,WILLIS STREET,,Minor Crash,Yes,2021,,East,,0,,Flat,,,,,,Overcast,2129700,1,0.0,0.0,2.0,,,0.0,,,,,,Wellington Region,Nil,1-way,Sealed,,0.0,0,,50.0,,Off,1.0,0.0,,47,Wellington City,Traffic Signals,,,,,0.0,0.0,Urban,1.0,,,Fine,Null,1
66501144,,573300,0.0,,0.0,2.0,,Null,2022/2023,ADELAIDE ROAD,DOUGLAS STREET,,Non-Injury Crash,No,2023,,North,,0,,Flat,,,,,,Dark,2146100,0,0.0,0.0,3.0,,,0.0,,,,,,Wellington Region,Nil,2-way,Sealed,,0.0,0,,50.0,,On,0.0,0.0,,47,Wellington City,Give way,,,,,0.0,0.0,Urban,0.0,,,Fine,Null,0
66501159,,573000,0.0,,0.0,2.0,,North,2020/2021,WELLINGTON URBAN MOTORWAY,AURORA TERRACE OBR,,Non-Injury Crash,Yes,2021,,North,,0,,Flat,,,,,,Overcast,2124500,0,0.0,0.0,6.0,,,0.0,,,,,,Wellington Region,Nil,2-way,Sealed,,0.0,0,,100.0,,Off,0.0,0.0,,47,Wellington City,Unknown,,,,,0.0,0.0,Open,0.0,,,Fine,Null,1
66501195,,573101,0.0,,0.0,1.0,,West,2021/2022,COURTENAY PLACE,TORY STREET,,Non-Injury Crash,No,2021,,West,,0,,Flat,,,,,,Dark,2135900,0,0.0,0.0,1.0,,,0.0,,,,,,Wellington Region,Nil,1-way,Sealed,,0.0,0,,30.0,,On,1.0,0.0,,47,Wellington City,Nil,,,,,0.0,0.0,Urban,0.0,,,Fine,Null,1
66501208,,573000,0.0,,0.0,1.0,,Null,2022/2023,KARO DRIVE,WILLIS STREET,,Non-Injury Crash,Yes,2022,,North,,0,,Flat,,,,,,Bright sun,2130200,0,0.0,0.0,2.0,,,0.0,,,,,,Wellington Region,Nil,1-way,Sealed,,0.0,0,,50.0,,Off,0.0,0.0,,47,Wellington City,Traffic Signals,,,,,0.0,0.0,Urban,0.0,,,Fine,Null,0
66501219,,576200,0.0,0.0,0.0,3.0,0.0,South,2020/2021,ADELAIDE ROAD,DUPPA STREET,,Non-Injury Crash,No,2021,0.0,North,0.0,0,0.0,Hill Road,0.0,,0.0,,0.0,Overcast,2172700,0,0.0,0.0,2.0,0.0,0.0,0.0,0.0,1.0,,0.0,0.0,Wellington Region,Nil,2-way,Sealed,0.0,0.0,0,0.0,50.0,0.0,Off,0.0,0.0,,47,Wellington City,Nil,0.0,0.0,0.0,0.0,0.0,0.0,Urban,1.0,0.0,0.0,Fine,Null,1
66501223,,574200,0.0,,0.0,2.0,,Null,2020/2021,COCKAYNE ROAD,BOX HILL,,Non-Injury Crash,No,2021,,South,,0,,Flat,,,,,,Unknown,2088400,0,0.0,0.0,2.0,,,0.0,,,,,,Wellington Region,Nil,2-way,Sealed,,0.0,0,,50.0,,Null,0.0,0.0,,47,Wellington City,Give way,,,,,0.0,0.0,Urban,0.0,,,Null,Null,1
66501254,,577500,0.0,0.0,0.0,1.0,0.0,Null,2020/2021,MANTELL STREET,INGLIS STREET,,Non-Injury Crash,No,2021,0.0,West,0.0,0,0.0,Hill Road,0.0,,0.0,,1.0,Dark,2212100,0,0.0,0.0,2.0,0.0,0.0,0.0,0.0,0.0,,0.0,0.0,Wellington Region,Nil,2-way,Sealed,0.0,0.0,0,0.0,50.0,0.0,On,0.0,0.0,,47,Wellington City,Give way,0.0,0.0,0.0,0.0,0.0,0.0,Urban,0.0,0.0,0.0,Fine,Null,1
66501261,,573101,0.0,,0.0,1.0,,East,2021/2022,ARTHUR STREET,CUBA STREET,,Non-Injury Crash,Yes,2021,,West,,0,,Flat,,,,,,Dark,2134600,0,1.0,0.0,3.0,,,0.0,,,,,,Wellington Region,Nil,1-way,Sealed,,0.0,0,,50.0,,On,0.0,0.0,,47,Wellington City,Nil,,,,,0.0,0.0,Urban,0.0,,,Light rain,Null,1
66501266,,574402,0.0,0.0,0.0,2.0,0.0,Null,2021/2022,CROFTON ROAD,ARMITAGE STREET,,Non-Injury Crash,No,2022,0.0,East,0.0,0,0.0,Hill Road,0.0,,0.0,,0.0,Bright sun,2097601,0,0.0,0.0,2.0,0.0,0.0,0.0,0.0,1.0,,0.0,0.0,Wellington Region,Nil,2-way,Sealed,0.0,0.0,0,0.0,50.0,0.0,Off,0.0,0.0,,47,Wellington City,Nil,0.0,0.0,0.0,0.0,0.0,0.0,Urban,0.0,0.0,0.0,Fine,Null,0
66501298,,573000,0.0,0.0,0.0,1.0,0.0,North,2021/2022,JERVOIS QUAY,HUNTER STREET,,Minor Crash,No,2022,0.0,North,0.0,0,0.0,Flat,0.0,,1.0,,0.0,Overcast,2125900,1,0.0,0.0,3.0,0.0,0.0,0.0,0.0,0.0,,0.0,0.0,Wellington Region,Nil,1-way,Sealed,0.0,0.0,0,0.0,50.0,0.0,Off,0.0,0.0,,47,Wellington City,Nil,0.0,0.0,0.0,0.0,0.0,0.0,Urban,0.0,0.0,0.0,Fine,Null,0
66501320,,573523,0.0,0.0,0.0,0.0,1.0,South,2022/2023,JOHNSONVILLE PORIRUA MOTORWAY,TAWA-GRENADA NORTH ON RAMP,,Minor Crash,Yes,2022,0.0,South,0.0,0,0.0,Flat,1.0,,0.0,,0.0,Dark,2086312,2,0.0,0.0,2.0,0.0,0.0,0.0,0.0,0.0,,0.0,0.0,Wellington Region,Nil,2-way,Sealed,0.0,0.0,0,0.0,100.0,0.0,On,1.0,0.0,,47,Wellington City,Unknown,0.0,0.0,0.0,0.0,1.0,0.0,Open,0.0,1.0,0.0,Hail or Sleet,Null,0
66501350,,574001,0.0,0.0,0.0,2.0,0.0,East,2021/2022,NEWLANDS ROAD,HURRING PLACE,,Non-Injury Crash,No,2021,0.0,North,0.0,0,0.0,Hill Road,0.0,,0.0,,0.0,Overcast,2077600,0,0.0,0.0,2.0,0.0,0.0,0.0,0.0,1.0,,0.0,0.0,Wellington Region,Nil,2-way,Sealed,0.0,0.0,0,0.0,50.0,0.0,Off,0.0,0.0,,47,Wellington City,Nil,0.0,0.0,0.0,0.0,0.0,0.0,Urban,0.0,0.0,0.0,Light rain,Null,1
66501477,,574600,0.0,0.0,0.0,1.0,0.0,South,2020/2021,NORWICH STREET,WILTON ROAD,,Non-Injury Crash,No,2021,0.0,North,0.0,0,0.0,Hill Road,0.0,,0.0,,0.0,Unknown,2100400,0,0.0,0.0,2.0,0.0,0.0,0.0,0.0,1.0,,0.0,0.0,Wellington Region,Nil,2-way,Sealed,0.0,0.0,0,0.0,50.0,0.0,Null,0.0,0.0,,47,Wellington City,Nil,0.0,0.0,0.0,0.0,0.0,0.0,Urban,0.0,0.0,0.0,Null,Null,1
66501544,,573000,0.0,,0.0,4.0,,South,2022/2023,WELLINGTON URBAN MOTORWAY,BOULCOTT OBR,,Non-Injury Crash,Yes,2022,,South,,0,,Flat,,,,,,Overcast,2126700,0,0.0,0.0,1.0,,,0.0,,,,,,Wellington Region,Motorway ramp,1-way,Sealed,,0.0,0,,60.0,,Off,0.0,0.0,,47,Wellington City,Nil,,,,,0.0,0.0,Urban,0.0,,,Light rain,Null,0
66501546,,577301,0.0,0.0,0.0,1.0,0.0,South,2021/2022,PARK ROAD,WHANGANUI STREET,,Non-Injury Crash,No,2022,0.0,North,0.0,0,0.0,Flat,0.0,,0.0,,0.0,Bright sun,2203800,0,0.0,0.0,2.0,0.0,0.0,0.0,0.0,1.0,,0.0,1.0,Wellington Region,Nil,2-way,Sealed,0.0,0.0,0,0.0,50.0,0.0,Off,0.0,0.0,,47,Wellington City,Unknown,0.0,0.0,0.0,0.0,0.0,0.0,Urban,1.0,0.0,0.0,Fine,Null,0
66501584,,573101,0.0,0.0,0.0,1.0,0.0,Null,2022/2023,EGMONT STREET,DIXON STREET,,Non-Injury Crash,No,2022,0.0,North,0.0,0,0.0,Flat,0.0,,0.0,,0.0,Dark,2133401,0,0.0,0.0,1.0,0.0,1.0,0.0,0.0,1.0,,0.0,0.0,Wellington Region,Nil,1-way,Sealed,0.0,0.0,0,0.0,30.0,0.0,On,0.0,0.0,,47,Wellington City,Nil,0.0,1.0,0.0,0.0,1.0,0.0,Urban,0.0,0.0,0.0,Fine,Null,0
66501589,,577302,0.0,,0.0,2.0,,Null,2022/2023,BRUSSELS STREET,PARK ROAD,,Minor Crash,No,2022,,East,,0,,Flat,,,,,,Dark,2205903,1,0.0,0.0,2.0,,,0.0,,,,,,Wellington Region,Nil,2-way,Sealed,,0.0,0,,50.0,,On,0.0,0.0,,47,Wellington City,Give way,,,,,0.0,0.0,Urban,0.0,,,Fine,Null,0
66501594,,572900,0.0,0.0,0.0,2.0,0.0,Null,2020/2021,TINAKORI ROAD,ASCOT STREET,,Non-Injury Crash,No,2021,0.0,South,0.0,0,0.0,Null,0.0,Queens Birthday,0.0,,0.0,Unknown,2121700,0,0.0,0.0,2.0,0.0,0.0,0.0,0.0,1.0,,0.0,0.0,Wellington Region,Nil,2-way,Sealed,0.0,0.0,0,0.0,50.0,0.0,Null,0.0,0.0,,47,Wellington City,Nil,0.0,0.0,0.0,0.0,0.0,0.0,Urban,0.0,0.0,0.0,Null,Null,1
66501664,,573000,0.0,0.0,0.0,2.0,0.0,North,2021/2022,BOULCOTT STREET,CHURCH STREET,,Non-Injury Crash,No,2022,0.0,North,0.0,0,0.0,Hill Road,0.0,,0.0,,0.0,Overcast,2127600,0,0.0,0.0,2.0,0.0,0.0,0.0,0.0,0.0,,0.0,0.0,Wellington Region,Nil,2-way,Sealed,0.0,0.0,0,0.0,30.0,0.0,Off,0.0,0.0,,47,Wellington City,Nil,0.0,0.0,0.0,0.0,0.0,0.0,Urban,0.0,1.0,0.0,Light rain,Null,0
66501670,,573101,0.0,0.0,0.0,1.0,1.0,West,2021/2022,VIVIAN STREET,CUBA STREET,,Non-Injury Crash,Yes,2021,0.0,East,0.0,0,0.0,Flat,0.0,,1.0,,0.0,Bright sun,2131800,0,0.0,0.0,2.0,0.0,0.0,0.0,0.0,0.0,,0.0,0.0,Wellington Region,Nil,1-way,Sealed,0.0,0.0,0,0.0,30.0,0.0,Off,0.0,0.0,,47,Wellington City,Nil,0.0,0.0,0.0,0.0,0.0,0.0,Urban,0.0,0.0,0.0,Fine,Null,1
66501680,,575300,0.0,0.0,0.0,1.0,1.0,South,2022/2023,GLENMORE STREET,UPLAND ROAD,,Minor Crash,No,2023,0.0,West,0.0,0,0.0,Hill Road,0.0,,0.0,,0.0,Dark,2152600,2,0.0,0.0,2.0,0.0,0.0,0.0,0.0,0.0,,0.0,0.0,Wellington Region,Nil,2-way,Sealed,0.0,0.0,0,0.0,50.0,0.0,On,0.0,0.0,,47,Wellington City,Nil,0.0,0.0,0.0,0.0,0.0,0.0,Urban,0.0,0.0,0.0,Fine,Null,0
66501712,,577200,0.0,,0.0,1.0,,South,2022/2023,STONE STREET,MIRAMAR AVENUE,,Non-Injury Crash,No,2022,,East,,0,,Flat,,,,,,Bright sun,2207202,0,0.0,0.0,2.0,,,0.0,,,,,,Wellington Region,Nil,2-way,Sealed,,0.0,0,,30.0,,Off,0.0,0.0,,47,Wellington City,Nil,,,,,0.0,0.0,Urban,0.0,,,Fine,Null,0
66501720,,575902,1.0,,0.0,1.0,,Null,2022/2023,HAPPY VALLEY ROAD,ROBERTSON STREET,,Minor Crash,No,2023,,West,,0,,Hill Road,,,,,,Dark,2187500,1,0.0,0.0,1.0,,,0.0,,,,,,Wellington Region,Nil,2-way,Sealed,,0.0,0,,50.0,,On,0.0,0.0,,47,Wellington City,Give way,,,,,0.0,0.0,Urban,0.0,,,Light rain,Null,0
66501736,,576301,0.0,,0.0,1.0,,Null,2022/2023,ADELAIDE ROAD,HALL STREET,,Non-Injury Crash,No,2022,,South,,0,,Flat,,,,,,Overcast,2163900,0,0.0,0.0,2.0,,,0.0,,,,,,Wellington Region,Nil,2-way,Sealed,,0.0,0,,50.0,,Off,0.0,0.0,,47,Wellington City,Traffic Signals,,,,,0.0,0.0,Urban,2.0,,,Light rain,Strong wind,0
66501794,,574001,0.0,,0.0,2.0,,Null,2020/2021,NEWLANDS ROAD,HURRING PLACE,,Non-Injury Crash,No,2021,,West,,0,,Hill Road,,,,,,Dark,2077600,0,0.0,0.0,2.0,,,0.0,,,,,,Wellington Region,Motorway ramp,2-way,Sealed,,0.0,0,,50.0,,On,0.0,0.0,,47,Wellington City,Give way,,,,,0.0,0.0,Urban,0.0,,,Light rain,Null,1
66501831,,575000,0.0,,0.0,2.0,,West,2020/2021,KARORI ROAD,READING STREET,,Non-Injury Crash,No,2021,,East,,0,,Hill Road,,,,,,Bright sun,2112300,0,0.0,0.0,2.0,,,0.0,,,,,,Wellington Region,Nil,2-way,Sealed,,0.0,0,,50.0,,None,0.0,0.0,,47,Wellington City,Nil,,,,,0.0,0.0,Urban,0.0,,,Fine,Null,1
66501842,,574302,1.0,,0.0,0.0,,West,2021/2022,HUTT ROAD,ONSLOW ROAD,,Serious Crash,No,2021,,West,,0,,Flat,,,,,,Bright sun,2090700,0,0.0,0.0,4.0,,,0.0,,,,,,Wellington Region,Nil,2-way,Sealed,,0.0,1,,60.0,,Off,0.0,0.0,,47,Wellington City,Nil,,,,,0.0,0.0,Urban,1.0,,,Fine,Null,1
66501851,,573101,0.0,,0.0,3.0,,Null,2021/2022,DIXON STREET,VICTORIA STREET,,Non-Injury Crash,No,2022,,West,,0,,Flat,,,,,,Bright sun,2131400,0,0.0,0.0,2.0,,,0.0,,,,,,Wellington Region,Nil,1-way,Sealed,,0.0,0,,30.0,,Off,0.0,0.0,,47,Wellington City,Traffic Signals,,,,,0.0,0.0,Urban,0.0,,,Fine,Null,0
66501865,,576002,0.0,,0.0,1.0,,Null,2020/2021,MELROSE ROAD,SOUTHGATE ROAD,,Non-Injury Crash,No,2020,,South,,0,,Hill Road,,,,,,Overcast,2194102,0,0.0,0.0,2.0,,,0.0,,,,,,Wellington Region,Nil,2-way,Sealed,,0.0,0,,50.0,,Off,1.0,0.0,,47,Wellington City,Stop,,,,,0.0,0.0,Urban,0.0,,,Fine,Null,1
66501927,,574500,0.0,,0.0,3.0,,North,2021/2022,WELLINGTON URBAN MOTORWAY,AOTEA QUAY OFF RAMP,,Non-Injury Crash,Yes,2021,,South,,0,,Flat,,,,,,Overcast,2093500,0,0.0,0.0,3.0,,,0.0,,,,,,Wellington Region,Nil,1-way,Sealed,,0.0,0,,100.0,,Off,0.0,0.0,,47,Wellington City,Nil,,,,,0.0,0.0,Open,0.0,,,Mist or Fog,Null,1
66501973,,573000,0.0,,0.0,3.0,,North,2020/2021,WELLINGTON URBAN MOTORWAY,SOUTH PORTAL,,Non-Injury Crash,Yes,2021,,South,,0,,Flat,,,,,,Dark,2130600,0,0.0,0.0,3.0,,,0.0,,,,,,Wellington Region,Tunnel,2-way,Sealed,,0.0,0,,70.0,,On,0.0,1.0,,47,Wellington City,Nil,,,,,0.0,0.0,Urban,0.0,,,Light rain,Null,1
66501982,,574500,0.0,,0.0,1.0,,East,2021/2022,HUTT ROAD,RANGIORA AVENUE,,Non-Injury Crash,No,2022,,East,,0,,Flat,,Easter,,,,Bright sun,2093400,0,0.0,0.0,4.0,,,0.0,,,,,,Wellington Region,Nil,2-way,Sealed,,0.0,0,,60.0,,Off,0.0,0.0,,47,Wellington City,Nil,,,,,1.0,0.0,Urban,0.0,,,Fine,Null,0
66501992,,574303,0.0,0.0,1.0,0.0,0.0,South,2023/2024,WELLINGTON URBAN MOTORWAY,HUTT ROAD,,Minor Crash,Yes,2024,0.0,East,0.0,0,0.0,Flat,2.0,,0.0,,0.0,Overcast,2090402,1,0.0,0.0,4.0,0.0,0.0,0.0,0.0,0.0,,0.0,0.0,Wellington Region,Nil,1-way,Sealed,0.0,0.0,0,0.0,100.0,0.0,Off,0.0,0.0,,47,Wellington City,Nil,0.0,0.0,0.0,0.0,0.0,0.0,Open,0.0,0.0,0.0,Fine,Null,0
66501995,,574303,0.0,0.0,0.0,3.0,0.0,South,2021/2022,CENTENNIAL HIGHWAY,NEWLANDS ON RAMP,,Minor Crash,Yes,2022,0.0,North,0.0,0,0.0,Hill Road,1.0,,0.0,,0.0,Dark,2084302,1,0.0,0.0,3.0,0.0,0.0,0.0,0.0,0.0,,0.0,0.0,Wellington Region,Nil,1-way,Sealed,0.0,0.0,0,0.0,80.0,0.0,On,0.0,0.0,60.0,47,Wellington City,Nil,0.0,0.0,0.0,0.0,0.0,0.0,Open,0.0,0.0,0.0,Fine,Null,0
66502044,,574302,0.0,0.0,0.0,2.0,0.0,Null,2021/2022,CASHMERE AVENUE,KAMLA WAY,,Minor Crash,No,2022,0.0,South,0.0,0,0.0,Flat,0.0,,0.0,,0.0,Dark,2091300,1,0.0,0.0,2.0,0.0,0.0,0.0,0.0,1.0,,0.0,0.0,Wellington Region,Nil,2-way,Sealed,0.0,0.0,0,0.0,50.0,0.0,On,0.0,0.0,,47,Wellington City,Nil,0.0,0.0,0.0,0.0,0.0,0.0,Urban,0.0,0.0,0.0,Fine,Null,0
66502076,,573000,0.0,,0.0,2.0,,Null,2021/2022,WELLINGTON URBAN MOTORWAY,WILLIS STREET,,Non-Injury Crash,Yes,2022,,East,,0,,Flat,,,,,,Dark,2129700,0,0.0,0.0,2.0,,,0.0,,,,,,Wellington Region,Nil,1-way,Sealed,,0.0,0,,50.0,,On,0.0,0.0,,47,Wellington City,Traffic Signals,,,,,0.0,0.0,Urban,0.0,,,Fine,Null,0
66502082,,573801,0.0,,0.0,0.0,,South,2020/2021,JOHNSONVILLE PORIRUA MOTORWAY,CHURTON PARK-GLENSIDE ON RAMP,,Non-Injury Crash,Yes,2021,,South,,0,,Flat,,,,,,Dark,2079401,0,0.0,0.0,2.0,,,0.0,,,,,,Wellington Region,Nil,1-way,Sealed,,0.0,0,,100.0,,Null,1.0,0.0,,47,Wellington City,Nil,,,,,0.0,0.0,Open,1.0,,,Null,Null,1
66502091,,572701,0.0,0.0,0.0,1.0,0.0,South,2020/2021,BEAUCHAMP STREET,COLLINS AVENUE,,Non-Injury Crash,No,2021,0.0,North,0.0,0,0.0,Flat,0.0,,0.0,,0.0,Unknown,1994200,0,0.0,0.0,2.0,0.0,0.0,0.0,0.0,1.0,,0.0,0.0,Wellington Region,Nil,2-way,Sealed,0.0,0.0,0,0.0,50.0,0.0,Null,0.0,0.0,,47,Wellington City,Nil,0.0,0.0,0.0,0.0,0.0,0.0,Urban,1.0,0.0,0.0,Null,Null,1
66502095,,573101,0.0,0.0,0.0,1.0,0.0,Null,2021/2022,KARO DRIVE,VICTORIA STREET,,Non-Injury Crash,Yes,2021,0.0,North,0.0,0,0.0,Flat,0.0,,0.0,,0.0,Dark,2132400,0,0.0,0.0,3.0,0.0,0.0,0.0,0.0,0.0,,0.0,1.0,Wellington Region,Nil,1-way,Sealed,1.0,0.0,0,0.0,50.0,0.0,On,0.0,0.0,,47,Wellington City,Traffic Signals,0.0,0.0,0.0,0.0,0.0,0.0,Urban,0.0,0.0,0.0,Fine,Null,1
66502098,,572900,0.0,,0.0,2.0,,North,2021/2022,THORNDON QUAY,DAVIS STREET,,Non-Injury Crash,No,2021,,North,,0,,Flat,,,,,,Bright sun,2118101,0,0.0,0.0,4.0,,,0.0,,,,,,Wellington Region,Nil,2-way,Sealed,,0.0,0,,50.0,,Off,0.0,0.0,,47,Wellington City,Nil,,,,,0.0,0.0,Urban,0.0,,,Fine,Null,1
66502142,,573000,1.0,,0.0,0.0,,Null,2022/2023,WATERLOO QUAY,BUNNY STREET,,Serious Crash,No,2022,,North,,0,,Flat,,,,,,Twilight,2124300,0,0.0,0.0,4.0,,,0.0,,,,,,Wellington Region,Nil,2-way,Sealed,,0.0,1,,50.0,,On,0.0,0.0,,47,Wellington City,Traffic Signals,,,,,0.0,0.0,Urban,0.0,,,Fine,Null,0
66502166,,574500,0.0,,0.0,1.0,,Null,2021/2022,HUTT ROAD,KAIWHARAWHARA ROAD,,Non-Injury Crash,No,2021,,South,,0,,Null,,,,,,Unknown,2093500,0,0.0,0.0,4.0,,,0.0,,,,,,Wellington Region,Nil,2-way,Sealed,,0.0,0,,60.0,,Null,0.0,0.0,,47,Wellington City,Traffic Signals,,,,,0.0,0.0,Urban,0.0,,,Null,Null,1
66502171,,574303,0.0,,0.0,0.0,,South,2020/2021,CENTENNIAL HIGHWAY ON RAMP,NIMT OBR,,Non-Injury Crash,No,2021,,North,,0,,Hill Road,,,,,,Overcast,2088705,0,0.0,0.0,1.0,,,0.0,,,,,,Wellington Region,Motorway ramp,1-way,Sealed,,0.0,0,,80.0,,Off,1.0,0.0,,47,Wellington City,Nil,,,,,1.0,0.0,Open,0.0,,,Light rain,Null,1
66502221,,577500,0.0,0.0,0.0,0.0,0.0,North,2021/2022,FERRY STREET,LUDLAM STREET,,Non-Injury Crash,No,2021,0.0,North,0.0,0,0.0,Hill Road,0.0,,0.0,,0.0,Dark,2211000,0,0.0,0.0,2.0,0.0,0.0,0.0,0.0,1.0,,0.0,0.0,Wellington Region,Nil,2-way,Sealed,0.0,0.0,0,0.0,50.0,0.0,On,1.0,0.0,,47,Wellington City,Nil,0.0,0.0,0.0,0.0,0.0,0.0,Urban,0.0,0.0,0.0,Null,Null,1
66502226,,573700,0.0,,0.0,2.0,,South,2021/2022,MOOREFIELD ROAD,JOHNSONVILLE ROAD,,Non-Injury Crash,No,2021,,North,,0,,Null,,,,,,Unknown,2082800,0,0.0,0.0,2.0,,,0.0,,,,,,Wellington Region,Nil,2-way,Sealed,,0.0,0,,50.0,,Null,0.0,0.0,,47,Wellington City,Nil,,,,,0.0,0.0,Urban,0.0,,,Null,Null,1