OBJECTID,advisorySpeed,areaUnitID,bicycle,bridge,bus,carStationWagon,cliffBank,crashDirectionDescription,crashFinancialYear,crashLocation1,crashLocation2,crashRoadSideRoad,crashSeverity,crashSHDescription,crashYear,debris,directionRoleDescription,ditch,fatalCount,fence,flatHill,guardRail,holiday,houseOrBuilding,intersection,kerb,light,meshblockId,minorInjuryCount,moped,motorcycle,NumberOfLanes,objectThrownOrDropped,otherObject,otherVehicleType,overBank,parkedVehicle,pedestrian,phoneBoxEtc,postOrPole,region,roadCharacter,roadLane,roadSurface,roadworks,schoolBus,seriousInjuryCount,slipOrFlood,speedLimit,strayAnimal,streetLight,suv,taxi,temporarySpeedLimit,tlaId,tlaName,trafficControl,trafficIsland,trafficSign,train,tree,truck,unknownVehicleType,urban,vanOrUtility,vehicle,waterRiver,weatherA,weatherB,if_pandemic
66502271,,574002,0.0,,0.0,1.0,,South,2021/2022,CENTENNIAL HIGHWAY,NGAURANGA GORGE ROAD,,Non-Injury Crash,No,2022,,South,,0,,Flat,,,,,,Bright sun,2078302,0,0.0,0.0,2.0,,,0.0,,,,,,Wellington Region,Nil,1-way,Sealed,,0.0,0,,80.0,,Off,0.0,0.0,,47,Wellington City,Nil,,,,,1.0,0.0,Open,0.0,,,Fine,Null,0
66502276,,573523,0.0,,0.0,2.0,,North,2021/2022,JOHNSONVILLE PORIRUA MOTORWAY,CHURTON PARK-GLENSIDE ON RAMP,,Minor Crash,Yes,2021,,South,,0,,Flat,,,,,,Overcast,2086310,1,0.0,0.0,2.0,,,0.0,,,,,,Wellington Region,Motorway ramp,1-way,Sealed,,0.0,0,,100.0,,On,0.0,0.0,,47,Wellington City,Nil,,,,,0.0,0.0,Open,0.0,,,Heavy rain,Null,1
66502293,,576200,0.0,0.0,0.0,2.0,0.0,North,2021/2022,RINTOUL STREET,LUXFORD STREET,,Non-Injury Crash,No,2021,0.0,North,0.0,0,0.0,Null,0.0,,0.0,,0.0,Dark,2171700,0,0.0,0.0,2.0,0.0,0.0,0.0,0.0,1.0,,0.0,0.0,Wellington Region,Nil,2-way,Sealed,0.0,0.0,0,0.0,50.0,0.0,Null,0.0,0.0,,47,Wellington City,Nil,0.0,0.0,0.0,0.0,0.0,0.0,Urban,0.0,0.0,0.0,Null,Null,1
66502318,,572701,0.0,0.0,0.0,1.0,0.0,North,2021/2022,JOHNSONVILLE PORIRUA MOTORWAY,TRANSMISSION GULLY MOTORWAY,,Non-Injury Crash,Yes,2021,0.0,North,0.0,0,0.0,Flat,1.0,,0.0,,0.0,Dark,1995700,0,0.0,0.0,4.0,0.0,0.0,0.0,0.0,0.0,,0.0,0.0,Wellington Region,Underpass,2-way,Sealed,0.0,0.0,0,0.0,100.0,0.0,None,0.0,0.0,70.0,47,Wellington City,Nil,0.0,0.0,0.0,0.0,0.0,0.0,Open,0.0,0.0,0.0,Light rain,Null,1
66502329,,573000,0.0,,0.0,1.0,,North,2021/2022,WELLINGTON URBAN MOTORWAY,SOUTH PORTAL,,Non-Injury Crash,Yes,2021,,South,,0,,Flat,,,,,,Bright sun,2129200,0,0.0,0.0,3.0,,,0.0,,,,,,Wellington Region,Tunnel,2-way,Sealed,,0.0,0,,60.0,,On,1.0,0.0,,47,Wellington City,Nil,,,,,1.0,0.0,Urban,0.0,,,Fine,Null,1
66502331,,572600,0.0,0.0,0.0,0.0,1.0,East,2021/2022,LYNDHURST ROAD,TAINUI TERRACE,,Fatal Crash,No,2021,0.0,East,0.0,1,0.0,Hill Road,0.0,Christmas New Year,0.0,,1.0,Bright sun,1990000,0,0.0,0.0,2.0,0.0,0.0,0.0,0.0,0.0,,0.0,0.0,Wellington Region,Nil,2-way,Sealed,0.0,0.0,0,0.0,50.0,0.0,Off,0.0,0.0,,47,Wellington City,Nil,0.0,0.0,0.0,0.0,0.0,0.0,Urban,1.0,0.0,0.0,Fine,Null,1
66502412,,574800,0.0,,0.0,2.0,,Null,2020/2021,CURTIS STREET,CHAYTOR STREET,,Non-Injury Crash,No,2021,,South,,0,,Hill Road,,,,,,Bright sun,2106100,0,0.0,0.0,2.0,,,0.0,,,,,,Wellington Region,Nil,2-way,Sealed,,0.0,0,,50.0,,Off,0.0,0.0,,47,Wellington City,Stop,,,,,0.0,0.0,Urban,0.0,,,Null,Null,1
66502438,,572600,0.0,0.0,0.0,1.0,0.0,Null,2021/2022,MAIN ROAD,ESSEX STREET,,Non-Injury Crash,No,2021,0.0,South,0.0,0,0.0,Flat,0.0,Labour Weekend,0.0,,0.0,Overcast,1990500,0,0.0,0.0,2.0,0.0,0.0,0.0,0.0,0.0,,0.0,0.0,Wellington Region,Nil,2-way,Sealed,0.0,0.0,0,0.0,50.0,0.0,None,0.0,0.0,,47,Wellington City,Give way,0.0,1.0,0.0,0.0,0.0,0.0,Urban,0.0,0.0,0.0,Mist or Fog,Null,1
66502454,,573101,0.0,0.0,1.0,1.0,0.0,West,2021/2022,COURTENAY PLACE,TORY STREET,,Non-Injury Crash,No,2021,0.0,West,0.0,0,0.0,Flat,0.0,,0.0,,0.0,Bright sun,2135900,0,0.0,0.0,2.0,0.0,0.0,0.0,0.0,1.0,,0.0,0.0,Wellington Region,Nil,1-way,Sealed,0.0,0.0,0,0.0,30.0,0.0,None,0.0,0.0,,47,Wellington City,Nil,0.0,0.0,0.0,0.0,0.0,0.0,Urban,0.0,0.0,0.0,Fine,Null,1
66502463,,573101,1.0,,0.0,1.0,,Null,2021/2022,ABEL SMITH STREET,VICTORIA STREET,,Non-Injury Crash,No,2021,,West,,0,,Null,,,,,,Unknown,2132400,0,0.0,0.0,2.0,,,0.0,,,,,,Wellington Region,Nil,2-way,Sealed,,0.0,0,,30.0,,Null,0.0,0.0,,47,Wellington City,Traffic Signals,,,,,0.0,0.0,Urban,0.0,,,Null,Null,1
66502470,,573400,0.0,0.0,0.0,2.0,0.0,East,2021/2022,ORIENTAL PARADE,HERD STREET,,Non-Injury Crash,No,2022,0.0,West,0.0,0,0.0,Flat,0.0,,0.0,,0.0,Unknown,2138800,0,0.0,0.0,2.0,0.0,0.0,0.0,0.0,1.0,,0.0,0.0,Wellington Region,Nil,2-way,Sealed,0.0,0.0,0,0.0,40.0,0.0,Null,0.0,0.0,,47,Wellington City,Nil,0.0,0.0,0.0,0.0,0.0,0.0,Urban,0.0,0.0,0.0,Null,Null,0
66502480,,573101,0.0,,0.0,2.0,,Null,2022/2023,CHAFFERS STREET,WAKEFIELD STREET,,Non-Injury Crash,No,2022,,North,,0,,Flat,,Christmas New Year,,,,Dark,2135400,0,0.0,0.0,2.0,,,0.0,,,,,,Wellington Region,Nil,2-way,Sealed,,0.0,0,,30.0,,On,0.0,0.0,,47,Wellington City,Stop,,,,,0.0,0.0,Urban,0.0,,,Fine,Null,0
66502512,,573300,0.0,0.0,0.0,1.0,0.0,Null,2022/2023,BUCKLE STREET,SUSSEX STREE,,Non-Injury Crash,No,2023,0.0,North,0.0,0,1.0,Hill Road,0.0,,0.0,,0.0,Twilight,2145602,0,0.0,0.0,3.0,0.0,0.0,0.0,0.0,0.0,,0.0,0.0,Wellington Region,Nil,1-way,Sealed,0.0,0.0,0,0.0,50.0,0.0,Off,0.0,0.0,,47,Wellington City,Nil,0.0,0.0,0.0,0.0,0.0,0.0,Urban,0.0,0.0,0.0,Light rain,Null,0
66502566,,573000,0.0,,0.0,2.0,,Null,2021/2022,CUSTOMHOUSE QUAY,LADY ELIZABETH LANE,,Non-Injury Crash,No,2021,,South,,0,,Flat,,,,,,Dark,2124300,0,0.0,0.0,6.0,,,0.0,,,,,,Wellington Region,Nil,2-way,Sealed,,0.0,0,,50.0,,On,0.0,0.0,,47,Wellington City,Traffic Signals,,,,,0.0,0.0,Urban,0.0,,,Fine,Null,1
66502582,,576903,0.0,0.0,0.0,1.0,0.0,Null,2021/2022,OFF ROAD-EVANS BAY MARINA CARPARK ,,,Serious Crash,No,2021,0.0,South,0.0,0,0.0,Flat,0.0,,0.0,,0.0,Bright sun,2137104,1,0.0,0.0,,0.0,0.0,1.0,0.0,1.0,2.0,0.0,0.0,Wellington Region,Speed hump,Off road,Sealed,0.0,0.0,1,0.0,20.0,0.0,Off,0.0,0.0,,47,Wellington City,Nil,0.0,0.0,0.0,0.0,0.0,0.0,Urban,0.0,0.0,0.0,Fine,Null,1
66502612,,576200,0.0,0.0,0.0,2.0,0.0,Null,2021/2022,ADELAIDE ROAD,PALM GROVE,,Minor Crash,No,2022,0.0,South,0.0,0,0.0,Flat,0.0,,0.0,,0.0,Bright sun,2171600,1,0.0,0.0,2.0,0.0,0.0,0.0,0.0,1.0,1.0,0.0,0.0,Wellington Region,Nil,2-way,Sealed,0.0,0.0,0,0.0,50.0,0.0,Off,0.0,0.0,,47,Wellington City,Nil,0.0,0.0,0.0,0.0,0.0,0.0,Urban,0.0,0.0,0.0,Fine,Null,0
66502626,,576302,0.0,,0.0,1.0,,Null,2020/2021,HERALD STREET,RUSSELL TERRACE,,Non-Injury Crash,No,2021,,East,,0,,Flat,,,,,,Unknown,2166700,0,0.0,0.0,2.0,,,0.0,,,,,,Wellington Region,Nil,2-way,Sealed,,0.0,0,,50.0,,Null,1.0,0.0,,47,Wellington City,Stop,,,,,0.0,0.0,Urban,0.0,,,Null,Null,1
66502692,,573101,0.0,,0.0,1.0,,Null,2021/2022,VICTORIA STREET,GHUZNEE STREET,,Minor Crash,No,2022,,North,,0,,Flat,,,,,,Overcast,2131700,1,0.0,0.0,3.0,,,0.0,,,1.0,,,Wellington Region,Nil,2-way,Sealed,,0.0,0,,30.0,,Off,0.0,0.0,,47,Wellington City,Traffic Signals,,,,,0.0,0.0,Urban,0.0,,,Light rain,Null,0
66502720,,573523,0.0,,0.0,2.0,,North,2022/2023,JOHNSONVILLE PORIRUA MOTORWAY,CHURTON PARK-GLENSIDE ON RAMP,,Non-Injury Crash,Yes,2022,,South,,0,,Flat,,,,,,Bright sun,2086310,0,0.0,0.0,2.0,,,0.0,,,,,,Wellington Region,Nil,1-way,Sealed,,0.0,0,,100.0,,Off,0.0,0.0,,47,Wellington City,Nil,,,,,0.0,0.0,Open,0.0,,,Null,Null,0
66502722,,576901,0.0,,0.0,2.0,,Null,2021/2022,COBHAM DRIVE,TROY STREET,,Minor Crash,Yes,2022,,South,,0,,Flat,,,,,,Overcast,2176800,1,0.0,0.0,2.0,,,0.0,,,,,,Wellington Region,Nil,1-way,Sealed,,0.0,0,,70.0,,Off,0.0,0.0,,47,Wellington City,Give way,,,,,0.0,0.0,Urban,0.0,,,Fine,Null,0
66502767,,576301,0.0,,0.0,2.0,,Null,2021/2022,ADELAIDE ROAD,HALL STREET,,Non-Injury Crash,No,2021,,South,,0,,Flat,,,,,,Dark,2163900,0,0.0,0.0,2.0,,,0.0,,,,,,Wellington Region,Nil,2-way,Sealed,,0.0,0,,50.0,,On,0.0,0.0,,47,Wellington City,Traffic Signals,,,,,0.0,0.0,Urban,0.0,,,Fine,Null,1
66502779,,573526,0.0,,0.0,3.0,,South,2020/2021,HUTT ROAD,HOROKIWI ROAD,,Non-Injury Crash,Yes,2021,,West,,0,,Flat,,,,,,Bright sun,2086403,0,0.0,0.0,2.0,,,0.0,,,,,,Wellington Region,Nil,1-way,Sealed,,0.0,0,,100.0,,Off,0.0,0.0,,47,Wellington City,Nil,,,,,0.0,0.0,Open,0.0,,,Fine,Null,1
66502808,,573522,0.0,,0.0,1.0,,Null,2022/2023,TAKAPU ROAD,TAWA-GRENADA NORTH OFF RAMP,,Minor Crash,No,2023,,South,,0,,Flat,,,,,,Overcast,2053703,1,0.0,0.0,2.0,,,0.0,,,,,,Wellington Region,Motorway ramp,2-way,Sealed,,0.0,0,,50.0,,Off,0.0,0.0,,47,Wellington City,Stop,,,,,0.0,0.0,Urban,1.0,,,Light rain,Null,0
66502879,,573101,0.0,,0.0,2.0,,Null,2020/2021,GHUZNEE STREET,TARANAKI STREET,,Non-Injury Crash,No,2021,,South,,0,,Flat,,,,,,Dark,2133408,0,0.0,0.0,3.0,,,0.0,,,,,,Wellington Region,Nil,2-way,Sealed,,0.0,0,,50.0,,On,0.0,0.0,,47,Wellington City,Traffic Signals,,,,,0.0,0.0,Urban,0.0,,,Fine,Null,1
66502889,,573000,0.0,,0.0,2.0,,North,2020/2021,BALLANCE STREET,STOUT STREET,,Non-Injury Crash,No,2021,,North,,0,,Flat,,,,,,Overcast,2124100,0,0.0,0.0,2.0,,,0.0,,,,,,Wellington Region,Nil,2-way,Sealed,,0.0,0,,30.0,,Off,0.0,0.0,,47,Wellington City,Nil,,,,,0.0,0.0,Urban,0.0,,,Heavy rain,Null,1
66502905,,572900,0.0,0.0,0.0,1.0,0.0,Null,2020/2021,AORANGI TERRACE,GRANT ROAD,,Non-Injury Crash,No,2021,0.0,North,0.0,0,0.0,Flat,0.0,,0.0,,0.0,Dark,2121000,0,0.0,0.0,2.0,0.0,0.0,0.0,0.0,1.0,,0.0,0.0,Wellington Region,Nil,2-way,Sealed,0.0,0.0,0,0.0,50.0,0.0,On,0.0,0.0,,47,Wellington City,Nil,0.0,0.0,0.0,0.0,0.0,0.0,Urban,0.0,0.0,0.0,Fine,Null,1
66502911,,573101,0.0,0.0,0.0,2.0,0.0,West,2020/2021,GHUZNEE STREET,CUBA STREET,,Non-Injury Crash,No,2021,0.0,West,0.0,0,0.0,Null,0.0,,0.0,,0.0,Bright sun,2131800,0,0.0,0.0,2.0,0.0,0.0,0.0,0.0,1.0,,0.0,0.0,Wellington Region,Nil,2-way,Sealed,0.0,0.0,0,0.0,30.0,0.0,Off,0.0,0.0,,47,Wellington City,Nil,0.0,0.0,0.0,0.0,0.0,0.0,Urban,0.0,0.0,0.0,Null,Null,1
66502916,,573101,0.0,,0.0,1.0,,Null,2019/2020,VICTORIA STREET,VIVIAN STREET,,Non-Injury Crash,No,2020,,South,,0,,Flat,,,,,,Dark,2131600,0,0.0,0.0,3.0,,,0.0,,,,,,Wellington Region,Nil,1-way,Sealed,,0.0,0,,30.0,,On,0.0,0.0,,47,Wellington City,Traffic Signals,,,,,0.0,0.0,Urban,1.0,,,Fine,Null,1
66502923,,577301,1.0,,0.0,0.0,,Null,2020/2021,PARK ROAD,REVANS STREET,,Non-Injury Crash,No,2021,,North,,0,,Flat,,,,,,Unknown,2203400,0,0.0,0.0,2.0,,,0.0,,,,,,Wellington Region,Nil,2-way,Sealed,,0.0,0,,50.0,,Null,0.0,0.0,,47,Wellington City,Nil,,,,,0.0,0.0,Urban,1.0,,,Null,Null,1
66502939,,573700,0.0,,1.0,0.0,,Null,2021/2022,MOOREFIELD ROAD,FRANKMOORE AVENUE,,Non-Injury Crash,No,2022,,North,,0,,Flat,,,,,,Overcast,2082800,0,0.0,0.0,2.0,,,0.0,,,,,,Wellington Region,Nil,2-way,Sealed,,0.0,0,,50.0,,Off,1.0,0.0,,47,Wellington City,Give way,,,,,0.0,0.0,Urban,0.0,,,Fine,Null,0
66502940,,572900,0.0,,0.0,0.0,,Null,2021/2022,TINAKORI ROAD OFF RAMP,TINAKORI ROAD,,Minor Crash,No,2021,,North,,0,,Flat,,,,,,Dark,2120100,1,0.0,0.0,2.0,,,0.0,,,1.0,,,Wellington Region,Motorway ramp,2-way,Sealed,,0.0,0,,50.0,,On,1.0,0.0,,47,Wellington City,Traffic Signals,,,,,0.0,0.0,Urban,0.0,,,Heavy rain,Strong wind,1
66502953,,574002,0.0,0.0,0.0,1.0,0.0,North,2021/2022,HUTT ROAD,NGAURANGA ON NBD OBR,,Non-Injury Crash,Yes,2022,0.0,South,0.0,0,0.0,Hill Road,1.0,,0.0,,0.0,Overcast,2078302,0,0.0,0.0,2.0,0.0,0.0,0.0,0.0,0.0,,0.0,0.0,Wellington Region,Nil,1-way,Sealed,0.0,0.0,0,0.0,100.0,0.0,Off,0.0,0.0,,47,Wellington City,Nil,0.0,0.0,0.0,0.0,0.0,0.0,Open,0.0,0.0,0.0,Heavy rain,Null,0
66502978,,573101,0.0,,0.0,1.0,,North,2021/2022,CABLE STREET,ORIENTAL PARADE,,Non-Injury Crash,No,2021,,East,,0,,Flat,,,,,,Bright sun,2135500,0,0.0,1.0,3.0,,,0.0,,,,,,Wellington Region,Nil,1-way,Sealed,,0.0,0,,50.0,,Off,0.0,0.0,,47,Wellington City,Nil,,,,,0.0,0.0,Urban,0.0,,,Fine,Null,1
66502984,,573514,0.0,0.0,0.0,1.0,0.0,Null,2022/2023,WESTCHESTER DRIVE,ABILENE CRESCENT,,Minor Crash,No,2023,0.0,South,0.0,0,1.0,Hill Road,0.0,,0.0,,0.0,Overcast,2086610,1,0.0,0.0,2.0,0.0,0.0,0.0,0.0,0.0,,0.0,0.0,Wellington Region,Nil,2-way,Sealed,0.0,0.0,0,0.0,50.0,0.0,Off,0.0,0.0,,47,Wellington City,Nil,0.0,0.0,0.0,0.0,0.0,0.0,Urban,0.0,0.0,0.0,Fine,Null,0
66503011,,576400,0.0,,0.0,2.0,,Null,2021/2022,CONSTABLE STREET,COROMANDEL STREET,,Non-Injury Crash,No,2021,,South,,0,,Flat,,,,,,Dark,2169800,0,0.0,0.0,2.0,,,0.0,,,,,,Wellington Region,Nil,2-way,Sealed,,0.0,0,,40.0,,Null,0.0,0.0,,47,Wellington City,Traffic Signals,,,,,0.0,0.0,Urban,0.0,,,Null,Null,1
66503029,,577301,0.0,,0.0,2.0,,South,2021/2022,PARK ROAD,WHANGANUI STREET,,Non-Injury Crash,No,2021,,North,,0,,Flat,,,,,,Twilight,2203800,0,0.0,0.0,2.0,,,0.0,,,,,,Wellington Region,Nil,2-way,Sealed,,0.0,0,,50.0,,Off,0.0,0.0,,47,Wellington City,Nil,,,,,0.0,0.0,Urban,0.0,,,Fine,Null,1
66503040,,573400,0.0,,0.0,2.0,,East,2021/2022,MT VICTORIA TUNNEL,WEST PORTAL,,Non-Injury Crash,Yes,2022,,West,,0,,Flat,,,,,,Dark,2143300,0,0.0,0.0,2.0,,,0.0,,,,,,Wellington Region,Tunnel,2-way,Sealed,,0.0,0,,50.0,,On,0.0,0.0,,47,Wellington City,Nil,,,,,0.0,0.0,Urban,0.0,,,Fine,Null,0
66503051,,573526,0.0,,0.0,1.0,,West,2021/2022,HUTT ROAD,HOROKIWI ROAD,,Minor Crash,Yes,2022,,North,,0,,Flat,,,,,,Bright sun,2086403,1,0.0,0.0,2.0,,,0.0,,,,,,Wellington Region,Nil,1-way,Sealed,,0.0,0,,100.0,,Off,0.0,0.0,,47,Wellington City,Nil,,,,,0.0,0.0,Open,1.0,,,Fine,Null,0
66503116,,576901,0.0,,0.0,2.0,,East,2021/2022,COUTTS STREET,BAY ROAD,,Non-Injury Crash,No,2022,,East,,0,,Flat,,,,,,Bright sun,2178500,0,0.0,0.0,2.0,,,0.0,,,,,,Wellington Region,Nil,2-way,Sealed,,0.0,0,,50.0,,Off,0.0,0.0,,47,Wellington City,Nil,,,,,0.0,0.0,Urban,0.0,,,Fine,Null,0
66503135,,573523,0.0,,0.0,2.0,,South,2021/2022,JOHNSONVILLE PORIRUA MOTORWAY,WESTCHESTER DRIVE OBR SBD,,Non-Injury Crash,Yes,2021,,South,,0,,Flat,,,,,,Bright sun,2086310,0,0.0,0.0,4.0,,,0.0,,,,,,Wellington Region,Motorway ramp,2-way,Sealed,,0.0,0,,100.0,,Off,0.0,0.0,,47,Wellington City,Nil,,,,,0.0,0.0,Open,0.0,,,Fine,Null,1
66503138,,573101,0.0,,0.0,1.0,,Null,2021/2022,GHUZNEE STREET,VICTORIA STREET,,Non-Injury Crash,No,2021,,West,,0,,Flat,,,,,,Dark,2131700,0,0.0,1.0,3.0,,,0.0,,,,,,Wellington Region,Nil,1-way,Sealed,,0.0,0,,30.0,,On,0.0,0.0,,47,Wellington City,Traffic Signals,,,,,0.0,0.0,Urban,0.0,,,Fine,Null,1
66503194,,573000,0.0,,0.0,3.0,,South,2021/2022,WELLINGTON URBAN MOTORWAY,EVERTON OBR,,Minor Crash,Yes,2022,,South,,0,,Flat,,,,,,Twilight,2126700,1,0.0,0.0,1.0,,,0.0,,,,,,Wellington Region,Nil,1-way,Sealed,,0.0,0,,60.0,,Off,0.0,0.0,,47,Wellington City,Nil,,,,,0.0,0.0,Urban,0.0,,,Fine,Null,0
66503200,,573000,0.0,,0.0,1.0,,North,2021/2022,WILLIS STREET,GHUZNEE STREET,,Non-Injury Crash,No,2021,,South,,0,,Flat,,,,,,Bright sun,2130700,0,0.0,0.0,2.0,,,0.0,,,,,,Wellington Region,Nil,2-way,Sealed,,0.0,0,,30.0,,Off,0.0,0.0,,47,Wellington City,Nil,,,,,0.0,0.0,Urban,1.0,,,Fine,Null,1
66503236,,573400,0.0,0.0,0.0,1.0,0.0,South,2020/2021,PIRIE STREET,BROUGHAM STREET,,Non-Injury Crash,No,2021,0.0,East,0.0,0,0.0,Flat,0.0,,0.0,,0.0,Unknown,2141500,0,0.0,0.0,2.0,0.0,0.0,0.0,0.0,1.0,,0.0,0.0,Wellington Region,Nil,2-way,Sealed,0.0,0.0,0,0.0,50.0,0.0,Null,0.0,0.0,,47,Wellington City,Unknown,0.0,0.0,0.0,0.0,0.0,0.0,Urban,0.0,0.0,0.0,Null,Null,1
66503253,,573300,0.0,0.0,0.0,1.0,0.0,South,2020/2021,BROOKLYN ROAD,NAIRN STREET,,Non-Injury Crash,No,2020,0.0,South,0.0,0,0.0,Hill Road,0.0,,0.0,,1.0,Dark,2144900,0,0.0,0.0,3.0,0.0,0.0,0.0,0.0,0.0,,0.0,0.0,Wellington Region,Nil,2-way,Sealed,0.0,0.0,0,0.0,50.0,0.0,On,0.0,0.0,,47,Wellington City,Nil,0.0,0.0,0.0,0.0,0.0,0.0,Urban,0.0,0.0,0.0,Fine,Null,1
66503273,,577102,0.0,0.0,0.0,1.0,0.0,North,2021/2022,MONTEITH ROAD,KEKERENGA STREET,,Non-Injury Crash,No,2021,0.0,North,0.0,0,0.0,Null,0.0,,0.0,,0.0,Unknown,2216200,0,0.0,0.0,2.0,0.0,0.0,0.0,0.0,1.0,,0.0,0.0,Wellington Region,Nil,2-way,Sealed,0.0,0.0,0,0.0,50.0,0.0,Null,0.0,0.0,,47,Wellington City,Nil,0.0,0.0,0.0,0.0,0.0,0.0,Urban,0.0,0.0,0.0,Null,Null,1
66503280,,576002,0.0,,0.0,0.0,,South,2022/2023,HUDSON STREET,VOLGA STREET,,Serious Crash,No,2023,,South,,0,,Hill Road,,,,,,Bright sun,2191800,0,0.0,0.0,2.0,,,0.0,,,1.0,,,Wellington Region,Nil,2-way,Sealed,,0.0,1,,50.0,,Off,1.0,0.0,,47,Wellington City,Nil,,,,,0.0,0.0,Urban,0.0,,,Fine,Strong wind,0
66503296,,576901,0.0,,0.0,1.0,,East,2022/2023,RONGOTAI ROAD,BAY ROAD,,Non-Injury Crash,No,2022,,East,,0,,Null,,,,,,Unknown,2178300,0,0.0,0.0,2.0,,,0.0,,,,,,Wellington Region,Nil,2-way,Sealed,,0.0,0,,50.0,,Null,1.0,0.0,,47,Wellington City,Nil,,,,,0.0,0.0,Urban,0.0,,,Null,Null,0
66503306,,576400,0.0,,0.0,1.0,,South,2021/2022,DANIELL STREET,DONALD MCLEAN STREET,,Minor Crash,No,2021,,South,,0,,Hill Road,,,,,,Bright sun,2169200,1,0.0,0.0,2.0,,,0.0,,,,,,Wellington Region,Nil,2-way,Sealed,,0.0,0,,40.0,,Off,1.0,0.0,,47,Wellington City,Nil,,,,,0.0,0.0,Urban,0.0,,,Fine,Null,1
66503307,,572500,0.0,0.0,0.0,1.0,0.0,South,2020/2021,MAIN ROAD,TAWA STREET,,Non-Injury Crash,No,2021,0.0,South,0.0,0,0.0,Flat,0.0,,0.0,,0.0,Bright sun,1986300,0,0.0,0.0,2.0,0.0,0.0,0.0,0.0,0.0,,0.0,1.0,Wellington Region,Nil,2-way,Sealed,0.0,0.0,0,0.0,50.0,0.0,Off,0.0,0.0,,47,Wellington City,Nil,0.0,0.0,0.0,0.0,0.0,0.0,Urban,0.0,0.0,0.0,Fine,Null,1
66503324,,572701,0.0,0.0,0.0,1.0,0.0,North,2021/2022,JOHNSONVILLE PORIRUA MOTORWAY,PED SUBWAY,,Non-Injury Crash,Yes,2022,0.0,North,0.0,0,0.0,Flat,1.0,,0.0,,0.0,Twilight,1993704,0,0.0,0.0,2.0,0.0,0.0,0.0,0.0,0.0,,0.0,0.0,Wellington Region,Nil,1-way,Sealed,0.0,0.0,0,0.0,100.0,0.0,Off,0.0,0.0,,47,Wellington City,Nil,0.0,0.0,0.0,0.0,0.0,0.0,Open,0.0,0.0,0.0,Fine,Null,0
66503355,,573101,0.0,0.0,0.0,0.0,0.0,East,2021/2022,COURTENAY PLACE,ALLEN STREET,,Non-Injury Crash,No,2021,0.0,West,0.0,0,0.0,Flat,0.0,,0.0,,0.0,Bright sun,2136000,0,0.0,0.0,1.0,0.0,0.0,0.0,0.0,1.0,,0.0,0.0,Wellington Region,Nil,1-way,Sealed,0.0,0.0,0,0.0,30.0,0.0,None,1.0,0.0,,47,Wellington City,Nil,0.0,0.0,0.0,0.0,1.0,0.0,Urban,0.0,0.0,0.0,Null,Null,1
66503397,,574303,0.0,0.0,0.0,2.0,0.0,Null,2020/2021,CENTENNIAL HIGHWAY,TYERS ROAD,,Non-Injury Crash,Yes,2021,0.0,West,0.0,0,0.0,Hill Road,0.0,,0.0,,1.0,Overcast,2088705,0,0.0,0.0,2.0,0.0,0.0,0.0,0.0,0.0,,0.0,0.0,Wellington Region,Nil,1-way,Sealed,0.0,0.0,0,0.0,100.0,0.0,Null,0.0,0.0,,47,Wellington City,Nil,0.0,0.0,0.0,0.0,0.0,0.0,Open,0.0,0.0,0.0,Fine,Null,1
66503442,,573400,0.0,,0.0,1.0,,Null,2020/2021,PATERSON STREET,DUFFERIN STREET,,Non-Injury Crash,Yes,2021,,South,,0,,Hill Road,,,,,,Dark,2142900,0,0.0,0.0,2.0,,,0.0,,,,,,Wellington Region,Nil,1-way,Sealed,,0.0,0,,50.0,,On,0.0,0.0,,47,Wellington City,Traffic Signals,,,,,0.0,0.0,Urban,1.0,,,Fine,Null,1
66503448,,576500,0.0,0.0,0.0,1.0,0.0,West,2020/2021,MEIN STREET,DANIELL STREET,,Non-Injury Crash,No,2021,0.0,East,0.0,0,0.0,Hill Road,0.0,,0.0,,0.0,Unknown,2149200,0,0.0,0.0,2.0,0.0,0.0,0.0,0.0,1.0,,0.0,0.0,Wellington Region,Nil,2-way,Sealed,0.0,0.0,0,0.0,40.0,0.0,Null,0.0,0.0,,47,Wellington City,Nil,0.0,0.0,0.0,0.0,1.0,0.0,Urban,0.0,0.0,0.0,Null,Null,1
66503461,,577500,0.0,,0.0,1.0,,Null,2020/2021,FERRY STREET,DUNDAS STREET,,Non-Injury Crash,No,2021,,North,,0,,Hill Road,,,,,,Overcast,2211100,0,0.0,0.0,2.0,,,0.0,,,,,,Wellington Region,Nil,2-way,Sealed,,0.0,0,,50.0,,Off,1.0,0.0,,47,Wellington City,Give way,,,,,0.0,0.0,Urban,0.0,,,Fine,Null,1
66503473,,576400,0.0,0.0,0.0,1.0,0.0,East,2020/2021,CONSTABLE STREET,RIDDIFORD STREET,,Non-Injury Crash,No,2020,0.0,Null,0.0,0,0.0,Flat,0.0,,0.0,,0.0,Unknown,2168400,0,0.0,0.0,2.0,0.0,0.0,0.0,0.0,1.0,,0.0,0.0,Wellington Region,Nil,2-way,Sealed,0.0,0.0,0,0.0,50.0,0.0,Off,0.0,0.0,,47,Wellington City,Nil,0.0,0.0,0.0,0.0,0.0,1.0,Urban,0.0,0.0,0.0,Fine,Null,1
66503475,,575300,0.0,,0.0,1.0,,North,2021/2022,GROVE ROAD,KELBURN PARADE,,Non-Injury Crash,No,2021,,South,,0,,Flat,,,,,,Bright sun,2154701,0,0.0,0.0,2.0,,,0.0,,,,,,Wellington Region,Nil,2-way,Sealed,,0.0,0,,50.0,,Off,1.0,0.0,,47,Wellington City,Nil,,,,,0.0,0.0,Urban,0.0,,,Fine,Null,1