OBJECTID,advisorySpeed,areaUnitID,bicycle,bridge,bus,carStationWagon,cliffBank,crashDirectionDescription,crashFinancialYear,crashLocation1,crashLocation2,crashRoadSideRoad,crashSeverity,crashSHDescription,crashYear,debris,directionRoleDescription,ditch,fatalCount,fence,flatHill,guardRail,holiday,houseOrBuilding,intersection,kerb,light,meshblockId,minorInjuryCount,moped,motorcycle,NumberOfLanes,objectThrownOrDropped,otherObject,otherVehicleType,overBank,parkedVehicle,pedestrian,phoneBoxEtc,postOrPole,region,roadCharacter,roadLane,roadSurface,roadworks,schoolBus,seriousInjuryCount,slipOrFlood,speedLimit,strayAnimal,streetLight,suv,taxi,temporarySpeedLimit,tlaId,tlaName,trafficControl,trafficIsland,trafficSign,train,tree,truck,unknownVehicleType,urban,vanOrUtility,vehicle,waterRiver,weatherA,weatherB,if_pandemic
66503510,,573511,0.0,,0.0,1.0,,North,2022/2023,MIDDLETON ROAD,ROWELLS ROAD,,Minor Crash,No,2022,,South,,0,,Flat,,,,,,Overcast,2086502,1,0.0,0.0,2.0,,,0.0,,,,,,Wellington Region,Nil,2-way,Sealed,,0.0,0,,70.0,,None,0.0,0.0,,47,Wellington City,Nil,,,,,1.0,0.0,Urban,0.0,,,Fine,Null,0
66503514,,576200,0.0,,0.0,0.0,,West,2021/2022,LUXFORD STREET,RINTOUL STREET,,Minor Crash,No,2021,,South,,0,,Flat,,,,,,Bright sun,2171700,1,0.0,0.0,2.0,,,0.0,,,1.0,,,Wellington Region,Nil,2-way,Sealed,,0.0,0,,50.0,,Off,0.0,0.0,,47,Wellington City,Nil,,,,,0.0,0.0,Urban,1.0,,,Fine,Null,1
66503525,,572600,0.0,0.0,0.0,1.0,0.0,North,2021/2022,DAVIDSON CRESCENT,LEADLEY LANE,,Non-Injury Crash,No,2021,0.0,North,0.0,0,1.0,Flat,0.0,,0.0,,0.0,Overcast,1990700,0,0.0,0.0,2.0,0.0,0.0,0.0,0.0,0.0,,0.0,0.0,Wellington Region,Nil,2-way,Sealed,0.0,0.0,0,0.0,50.0,0.0,Off,0.0,0.0,,47,Wellington City,Nil,0.0,0.0,0.0,0.0,0.0,0.0,Urban,0.0,0.0,0.0,Fine,Null,1
66503532,,573000,0.0,0.0,0.0,2.0,0.0,North,2021/2022,THE TERRACE,CHURCH STREET,,Non-Injury Crash,No,2021,0.0,South,0.0,0,0.0,Hill Road,0.0,,0.0,,0.0,Overcast,2127600,0,0.0,0.0,2.0,0.0,0.0,0.0,0.0,1.0,,0.0,0.0,Wellington Region,Nil,2-way,Sealed,0.0,0.0,0,0.0,30.0,0.0,Off,0.0,0.0,,47,Wellington City,Nil,0.0,0.0,0.0,0.0,0.0,0.0,Urban,1.0,0.0,0.0,Light rain,Null,1
66503566,,576301,0.0,0.0,0.0,1.0,0.0,Null,2021/2022,RUSSELL TERRACE,MANSFIELD STREET,,Non-Injury Crash,No,2021,0.0,South,0.0,0,0.0,Hill Road,0.0,,0.0,,0.0,Dark,2165900,0,0.0,0.0,2.0,0.0,0.0,0.0,0.0,1.0,,0.0,0.0,Wellington Region,Nil,1-way,Sealed,0.0,0.0,0,0.0,50.0,0.0,On,0.0,0.0,,47,Wellington City,Give way,0.0,0.0,0.0,0.0,0.0,0.0,Urban,1.0,0.0,0.0,Light rain,Strong wind,1
66503596,,576500,0.0,,0.0,2.0,,Null,2020/2021,DRUMMOND STREET,ADELAIDE ROAD,,Non-Injury Crash,No,2021,,South,,0,,Flat,,,,,,Bright sun,2148400,0,0.0,0.0,4.0,,,0.0,,,,,,Wellington Region,Nil,2-way,Sealed,,0.0,0,,50.0,,Off,0.0,1.0,,47,Wellington City,Stop,,,,,0.0,0.0,Urban,0.0,,,Fine,Null,1
66503610,,572900,0.0,0.0,0.0,1.0,0.0,South,2021/2022,TINAKORI ROAD,UPTON TERRACE,,Non-Injury Crash,No,2022,0.0,North,0.0,0,0.0,Flat,0.0,,0.0,,0.0,Unknown,2121700,0,0.0,0.0,2.0,0.0,0.0,0.0,0.0,1.0,,0.0,0.0,Wellington Region,Nil,2-way,Sealed,0.0,0.0,0,0.0,30.0,0.0,Null,0.0,0.0,,47,Wellington City,Nil,0.0,0.0,0.0,0.0,1.0,0.0,Urban,0.0,0.0,0.0,Null,Null,0
66503619,45.0,576400,0.0,,0.0,1.0,,North,2020/2021,CRAWFORD ROAD,DUNCAN TERRACE,,Non-Injury Crash,No,2021,,South,,0,,Hill Road,,,,,,Overcast,2169500,0,0.0,0.0,2.0,,,0.0,,,,,,Wellington Region,Nil,2-way,Sealed,,0.0,0,,50.0,,Off,0.0,0.0,,47,Wellington City,Nil,,,,,0.0,0.0,Urban,1.0,,,Fine,Null,1
66503624,,576600,0.0,0.0,0.0,1.0,0.0,West,2021/2022,ORIENTAL PARADE,ORIENTAL TERRACE,,Non-Injury Crash,No,2022,0.0,North,0.0,0,0.0,Hill Road,0.0,,0.0,,0.0,Bright sun,2137900,0,0.0,0.0,1.0,0.0,0.0,0.0,0.0,1.0,,0.0,0.0,Wellington Region,Nil,1-way,Sealed,0.0,0.0,0,0.0,40.0,0.0,Off,1.0,0.0,,47,Wellington City,Nil,0.0,0.0,0.0,0.0,1.0,0.0,Urban,0.0,0.0,0.0,Fine,Null,0
66503629,,574100,0.0,,0.0,1.0,,South,2020/2021,BURMA ROAD,HAUMIA STREET,,Non-Injury Crash,No,2021,,North,,0,,Flat,,,,,,Overcast,2085303,0,0.0,0.0,2.0,,,0.0,,,,,,Wellington Region,Nil,2-way,Sealed,,0.0,0,,50.0,,Off,0.0,0.0,,47,Wellington City,Isolated Pedestrian signal (non-intersection),,,,,0.0,0.0,Urban,1.0,,,Fine,Null,1
66503644,,573101,0.0,,0.0,1.0,,Null,2021/2022,TARANAKI STREET,DIXON STREET,,Non-Injury Crash,No,2021,,North,,0,,Flat,,,,,,Dark,2133408,0,0.0,0.0,4.0,,,0.0,,,,,,Wellington Region,Nil,1-way,Sealed,,0.0,0,,50.0,,On,1.0,0.0,,47,Wellington City,Traffic Signals,,,,,0.0,0.0,Urban,0.0,,,Fine,Null,1
66503691,,576903,0.0,,0.0,1.0,,West,2021/2022,WELLINGTON ROAD,EVANS BAY PARADE,,Non-Injury Crash,Yes,2022,,West,,0,,Flat,,,,,,Bright sun,2177900,0,0.0,0.0,2.0,,,0.0,,,,,,Wellington Region,Nil,1-way,Sealed,,0.0,0,,50.0,,Off,1.0,1.0,,47,Wellington City,Nil,,,,,0.0,0.0,Urban,0.0,,,Fine,Null,0
66503698,,574200,0.0,0.0,0.0,3.0,0.0,South,2021/2022,JOHN SIMS DRIVE,RAJKOT TERRACE,,Minor Crash,No,2021,0.0,West,0.0,0,0.0,Hill Road,0.0,,0.0,,0.0,Twilight,2085304,1,0.0,0.0,2.0,0.0,0.0,0.0,0.0,2.0,,0.0,0.0,Wellington Region,Nil,2-way,Sealed,0.0,0.0,0,0.0,50.0,0.0,On,0.0,0.0,,47,Wellington City,Nil,0.0,0.0,0.0,0.0,0.0,0.0,Urban,0.0,0.0,0.0,Fine,Null,1
66503701,,573101,0.0,,0.0,1.0,,Null,2021/2022,WAKEFIELD STREET,TORY STREET,,Serious Crash,No,2022,,West,,0,,Flat,,,,,,Bright sun,2135700,0,0.0,0.0,3.0,,,0.0,,,1.0,,,Wellington Region,Nil,1-way,Sealed,,0.0,1,,50.0,,Off,0.0,0.0,,47,Wellington City,Traffic Signals,,,,,0.0,0.0,Urban,0.0,,,Fine,Null,0
66503703,,573101,0.0,,0.0,0.0,,Null,2021/2022,CAMBRIDGE TERRACE,FIFESHIRE AVENUE,,Non-Injury Crash,No,2021,,North,,0,,Flat,,,,,,Bright sun,2136700,0,0.0,0.0,3.0,,,0.0,,,,,,Wellington Region,Nil,1-way,Sealed,,0.0,0,,50.0,,Null,0.0,0.0,,47,Wellington City,Nil,,,,,0.0,0.0,Urban,2.0,,,Fine,Null,1
66503746,,573101,0.0,0.0,0.0,0.0,0.0,Null,2021/2022,FRANCIS PLACE,TORY STREET,,Non-Injury Crash,No,2021,0.0,West,0.0,0,0.0,Hill Road,0.0,,1.0,,0.0,Overcast,2136800,0,0.0,0.0,2.0,0.0,0.0,0.0,0.0,0.0,,0.0,0.0,Wellington Region,Nil,2-way,Sealed,0.0,0.0,0,0.0,50.0,0.0,Off,0.0,0.0,,47,Wellington City,Nil,0.0,0.0,0.0,0.0,1.0,0.0,Urban,0.0,0.0,0.0,Fine,Null,1
66503749,,573101,0.0,,0.0,2.0,,Null,2020/2021,TARANAKI STREET,VIVIAN STREET,,Non-Injury Crash,No,2021,,South,,0,,Flat,,,,,,Overcast,2133800,0,0.0,0.0,5.0,,,0.0,,,,,,Wellington Region,Nil,2-way,Sealed,,0.0,0,,50.0,,Off,0.0,0.0,,47,Wellington City,Traffic Signals,,,,,0.0,0.0,Urban,0.0,,,Fine,Null,1
66503767,,573700,0.0,,0.0,0.0,,South,2021/2022,JOHNSONVILLE PORIRUA MOTORWAY,HELSTON OBR,,Non-Injury Crash,Yes,2021,,North,,0,,Flat,,,,,,Bright sun,2082800,0,0.0,0.0,2.0,,,0.0,,,,,,Wellington Region,Nil,1-way,Sealed,,0.0,0,,100.0,,Off,1.0,0.0,,47,Wellington City,Nil,,,,,1.0,0.0,Open,0.0,,,Fine,Null,1
66503784,,573300,0.0,,1.0,1.0,,North,2022/2023,ELLICE STREET,DUFFERIN STREET,,Non-Injury Crash,Yes,2023,,South,,0,,Flat,,,,,,Bright sun,2145602,0,0.0,0.0,4.0,,,0.0,,,,,,Wellington Region,Nil,1-way,Sealed,,0.0,0,,50.0,,Off,0.0,0.0,,47,Wellington City,Nil,,,,,0.0,0.0,Urban,0.0,,,Fine,Null,0
66503787,,577200,0.0,,0.0,2.0,,Null,2022/2023,CALABAR ROAD,CALEDONIA STREET,,Minor Crash,Yes,2022,,North,,0,,Flat,,,,,,Dark,2206500,1,0.0,0.0,3.0,,,0.0,,,,,,Wellington Region,Nil,2-way,Sealed,,0.0,0,,60.0,,On,0.0,0.0,,47,Wellington City,Give way,,,,,0.0,0.0,Urban,0.0,,,Fine,Null,0
66503819,,577102,0.0,0.0,0.0,2.0,0.0,South,2021/2022,SIDLAW STREET,SIDLAW STREET,,Non-Injury Crash,No,2022,0.0,South,0.0,0,0.0,Null,0.0,,0.0,,0.0,Unknown,2215000,0,0.0,0.0,2.0,0.0,0.0,0.0,0.0,1.0,,0.0,0.0,Wellington Region,Nil,2-way,Sealed,0.0,0.0,0,0.0,50.0,0.0,Null,0.0,0.0,,47,Wellington City,Nil,0.0,0.0,0.0,0.0,0.0,0.0,Urban,0.0,0.0,0.0,Null,Null,0
66503831,,576301,0.0,0.0,0.0,1.0,0.0,North,2020/2021,RIDDIFORD STREET,WILSON STREET,,Non-Injury Crash,No,2021,0.0,South,0.0,0,0.0,Flat,0.0,,0.0,,0.0,Twilight,2165200,0,0.0,0.0,2.0,0.0,0.0,0.0,0.0,1.0,,0.0,0.0,Wellington Region,Nil,2-way,Sealed,0.0,0.0,0,0.0,40.0,0.0,Off,0.0,0.0,,47,Wellington City,Nil,0.0,0.0,0.0,0.0,0.0,0.0,Urban,1.0,0.0,0.0,Fine,Null,1
66503874,,573101,1.0,,0.0,0.0,,Null,2021/2022,TARANAKI STREET,COURTENAY PLACE,,Non-Injury Crash,No,2022,,South,,0,,Flat,,,,,,Overcast,2133200,0,0.0,0.0,5.0,,,0.0,,,,,,Wellington Region,Nil,2-way,Sealed,,0.0,0,,30.0,,Off,0.0,0.0,,47,Wellington City,Traffic Signals,,,,,0.0,0.0,Urban,1.0,,,Fine,Null,0
66503884,,576901,0.0,0.0,0.0,1.0,0.0,North,2020/2021,LONSDALE CRESCENT,TIRANGI ROAD,,Non-Injury Crash,No,2021,0.0,North,0.0,0,0.0,Hill Road,0.0,,0.0,,0.0,Dark,2175900,0,0.0,0.0,2.0,0.0,0.0,0.0,0.0,1.0,,0.0,0.0,Wellington Region,Nil,2-way,Sealed,0.0,0.0,0,0.0,50.0,0.0,Null,0.0,0.0,,47,Wellington City,Unknown,0.0,0.0,0.0,0.0,0.0,0.0,Urban,1.0,0.0,0.0,Null,Null,1
66503899,,572900,0.0,0.0,0.0,2.0,0.0,South,2021/2022,WELLINGTON URBAN MOTORWAY,THE TERRACE OFF RAMP,,Non-Injury Crash,Yes,2021,0.0,South,0.0,0,0.0,Flat,0.0,,0.0,,0.0,Bright sun,2122100,0,0.0,0.0,4.0,0.0,0.0,0.0,0.0,0.0,,0.0,0.0,Wellington Region,Nil,2-way,Sealed,2.0,0.0,0,0.0,80.0,0.0,Off,0.0,1.0,,47,Wellington City,Nil,0.0,0.0,0.0,0.0,0.0,0.0,Open,0.0,0.0,0.0,Fine,Null,1
66503901,,573101,0.0,,0.0,0.0,,Null,2021/2022,TARANAKI STREET,ARTHUR STREET,,Non-Injury Crash,No,2021,,South,,0,,Flat,,,,,,Overcast,2134700,0,0.0,1.0,4.0,,,0.0,,,,,,Wellington Region,Nil,2-way,Sealed,,0.0,0,,50.0,,Null,1.0,0.0,,47,Wellington City,Traffic Signals,,,,,0.0,0.0,Urban,0.0,,,Fine,Null,1
66503911,,573000,0.0,,0.0,1.0,,Null,2020/2021,THE TERRACE OFF RAMP,THE TERRACE,,Non-Injury Crash,No,2021,,East,,0,,Flat,,,,,,Unknown,2124803,0,0.0,0.0,3.0,,,0.0,,,,,,Wellington Region,Motorway ramp,1-way,Sealed,,0.0,0,,50.0,,Off,0.0,0.0,,47,Wellington City,Traffic Signals,,,,,0.0,0.0,Urban,1.0,,,Fine,Null,1
66503948,,577301,0.0,,0.0,1.0,,Null,2021/2022,DARLINGTON ROAD,DARLINGTON TERRACE,,Non-Injury Crash,No,2021,,Null,,0,,Flat,,,,,,Overcast,2203900,0,0.0,0.0,2.0,,,0.0,,,,,,Wellington Region,Nil,2-way,Sealed,,0.0,0,,50.0,,Off,0.0,0.0,,47,Wellington City,Nil,,,,,0.0,0.0,Urban,0.0,,,Null,Null,1
66503999,,573901,0.0,,0.0,2.0,,South,2021/2022,STEWART DRIVE,TED GILBERD PLACE,,Minor Crash,No,2021,,South,,0,,Hill Road,,,,,,Overcast,2074202,1,0.0,0.0,2.0,,,0.0,,,,,,Wellington Region,Nil,2-way,Sealed,,0.0,0,,50.0,,Off,0.0,0.0,,47,Wellington City,Unknown,,,,,0.0,0.0,Urban,0.0,,,Fine,Null,1
66504008,,574302,0.0,,0.0,2.0,,South,2021/2022,WELLINGTON URBAN MOTORWAY,ONSLOW RAIL OBR,,Non-Injury Crash,Yes,2022,,South,,0,,Flat,,,,,,Bright sun,2090604,0,0.0,0.0,3.0,,,0.0,,,,,,Wellington Region,Nil,1-way,Sealed,,0.0,0,,100.0,,Off,0.0,0.0,,47,Wellington City,Nil,,,,,0.0,0.0,Open,0.0,,,Fine,Null,0
66504013,,573101,0.0,0.0,0.0,2.0,0.0,South,2021/2022,COURTENAY PLACE,TARANAKI STREET,,Non-Injury Crash,No,2022,0.0,South,0.0,0,0.0,Flat,0.0,,0.0,,0.0,Dark,2135600,0,0.0,0.0,1.0,0.0,0.0,0.0,0.0,1.0,,0.0,0.0,Wellington Region,Nil,1-way,Sealed,0.0,0.0,0,0.0,30.0,0.0,On,0.0,0.0,,47,Wellington City,Nil,0.0,0.0,0.0,0.0,0.0,0.0,Urban,0.0,0.0,0.0,Light rain,Null,0
66504018,,573101,0.0,,0.0,2.0,,Null,2021/2022,MARION STREET,VIVIAN STREET,,Non-Injury Crash,No,2021,,South,,0,,Flat,,,,,,Unknown,2133700,0,0.0,0.0,2.0,,,0.0,,,,,,Wellington Region,Nil,2-way,Sealed,,0.0,0,,50.0,,Null,0.0,0.0,,47,Wellington City,Give way,,,,,0.0,0.0,Urban,0.0,,,Null,Null,1
66504037,,573101,0.0,,0.0,2.0,,East,2020/2021,GHUZNEE STREET,VICTORIA STREET,,Non-Injury Crash,No,2021,,East,,0,,Flat,,,,,,Bright sun,2131700,0,0.0,0.0,2.0,,,0.0,,,,,,Wellington Region,Nil,2-way,Sealed,,0.0,0,,50.0,,Off,0.0,0.0,,47,Wellington City,Unknown,,,,,0.0,0.0,Urban,0.0,,,Fine,Null,1
66504081,,576301,0.0,0.0,0.0,2.0,0.0,South,2021/2022,RIDDIFORD STREET,NEWTOWN AVENUE,,Non-Injury Crash,No,2021,0.0,South,0.0,0,0.0,Flat,0.0,,0.0,,0.0,Unknown,2165500,0,0.0,0.0,2.0,0.0,0.0,0.0,0.0,1.0,,0.0,0.0,Wellington Region,Nil,2-way,Sealed,0.0,0.0,0,0.0,50.0,0.0,Null,0.0,0.0,,47,Wellington City,Nil,0.0,0.0,0.0,0.0,0.0,0.0,Urban,0.0,0.0,0.0,Null,Null,1
66504110,,572900,0.0,0.0,0.0,1.0,0.0,South,2020/2021,BOLTON STREET,MOWBRAY STREET,,Non-Injury Crash,No,2021,0.0,North,0.0,0,0.0,Hill Road,0.0,Queens Birthday,0.0,,0.0,Unknown,2122100,0,0.0,0.0,2.0,0.0,0.0,0.0,0.0,1.0,,0.0,0.0,Wellington Region,Nil,2-way,Sealed,0.0,0.0,0,0.0,50.0,0.0,Null,0.0,0.0,,47,Wellington City,Unknown,0.0,0.0,0.0,0.0,0.0,0.0,Urban,0.0,0.0,0.0,Null,Null,1
66504148,,572900,0.0,,0.0,2.0,,North,2022/2023,HUTT ROAD,SAR STREET,,Minor Crash,No,2022,,South,,0,,Flat,,,,,,Overcast,2117102,2,0.0,0.0,3.0,,,0.0,,,,,,Wellington Region,Nil,2-way,Sealed,,0.0,0,,50.0,,Off,0.0,0.0,,47,Wellington City,Nil,,,,,0.0,0.0,Urban,0.0,,,Fine,Null,0
66504154,,573101,0.0,0.0,0.0,1.0,0.0,North,2021/2022,KENT TERRACE,FIFESHIRE TURN,,Non-Injury Crash,Yes,2021,0.0,South,0.0,0,0.0,Flat,0.0,,0.0,,0.0,Dark,2136700,0,0.0,0.0,3.0,0.0,0.0,0.0,0.0,2.0,,0.0,0.0,Wellington Region,Nil,1-way,Sealed,0.0,0.0,0,0.0,50.0,0.0,On,1.0,0.0,,47,Wellington City,Nil,0.0,0.0,0.0,0.0,0.0,0.0,Urban,1.0,0.0,0.0,Fine,Null,1
66504161,,573700,0.0,,0.0,1.0,,North,2021/2022,JOHNSONVILLE PORIRUA MOTORWAY,JVILLE OBR,,Non-Injury Crash,Yes,2021,,North,,0,,Flat,,,,,,Overcast,2083100,0,0.0,0.0,2.0,,,0.0,,,,,,Wellington Region,Nil,1-way,Sealed,,0.0,0,,100.0,,Off,0.0,0.0,,47,Wellington City,Nil,,,,,0.0,0.0,Open,2.0,,,Fine,Null,1
66504169,,573300,0.0,0.0,0.0,1.0,0.0,Null,2021/2022,ARLINGTON STREET,TORRENS TERRACE,,Non-Injury Crash,No,2022,0.0,East,0.0,0,0.0,Flat,0.0,,0.0,,0.0,Bright sun,2144300,0,0.0,0.0,2.0,0.0,0.0,0.0,0.0,1.0,,0.0,0.0,Wellington Region,Nil,2-way,Sealed,0.0,0.0,0,0.0,50.0,0.0,Off,1.0,1.0,,47,Wellington City,Nil,0.0,0.0,0.0,0.0,0.0,0.0,Urban,0.0,0.0,0.0,Fine,Null,0
66504190,,576400,0.0,0.0,0.0,1.0,0.0,West,2021/2022,CONSTABLE STREET,ALEXANDRA ROAD,,Non-Injury Crash,No,2021,0.0,West,0.0,0,0.0,Hill Road,0.0,,0.0,,0.0,Bright sun,2168300,0,0.0,0.0,2.0,0.0,0.0,0.0,0.0,2.0,,0.0,0.0,Wellington Region,Nil,2-way,Sealed,0.0,0.0,0,0.0,50.0,0.0,Off,0.0,0.0,,47,Wellington City,Nil,0.0,0.0,0.0,0.0,0.0,0.0,Urban,1.0,0.0,0.0,Fine,Null,1
66504199,,573101,0.0,,0.0,1.0,,Null,2021/2022,VICTORIA STREET,ABEL SMITH STREET,,Non-Injury Crash,No,2022,,South,,0,,Flat,,,,,,Overcast,2132200,0,0.0,0.0,3.0,,,0.0,,,,,,Wellington Region,Nil,1-way,Sealed,,0.0,0,,30.0,,Off,0.0,0.0,,47,Wellington City,Traffic Signals,,,,,1.0,0.0,Urban,0.0,,,Fine,Null,0
66504230,,573300,0.0,0.0,0.0,1.0,1.0,Null,2020/2021,HUTCHISON ROAD,WALLACE STREET,,Non-Injury Crash,No,2021,0.0,North,0.0,0,0.0,Hill Road,0.0,,0.0,,0.0,Overcast,2147400,0,0.0,0.0,2.0,0.0,0.0,0.0,0.0,0.0,,0.0,0.0,Wellington Region,Nil,2-way,Sealed,0.0,0.0,0,0.0,50.0,0.0,Off,0.0,0.0,,47,Wellington City,Give way,0.0,0.0,0.0,0.0,0.0,0.0,Urban,0.0,0.0,0.0,Fine,Null,1
66504261,,576903,0.0,,0.0,1.0,,North,2020/2021,RUAHINE STREET,WELLINGTON ROAD,,Non-Injury Crash,Yes,2021,,South,,0,,Hill Road,,,,,,Bright sun,2180601,0,0.0,0.0,2.0,,,0.0,,,,,,Wellington Region,Nil,2-way,Sealed,,0.0,0,,70.0,,Off,1.0,1.0,30.0,47,Wellington City,Nil,,,,,0.0,0.0,Urban,0.0,,,Fine,Null,1
66504264,,575800,0.0,0.0,0.0,0.0,1.0,East,2022/2023,FARNHAM STREET,THE RIDGEWAY,,Non-Injury Crash,No,2023,0.0,East,0.0,0,0.0,Flat,0.0,,0.0,,0.0,Overcast,2196700,0,0.0,0.0,2.0,0.0,0.0,0.0,0.0,0.0,,0.0,0.0,Wellington Region,Nil,2-way,Sealed,0.0,0.0,0,0.0,50.0,0.0,None,0.0,0.0,,47,Wellington City,Nil,0.0,0.0,0.0,0.0,0.0,0.0,Urban,1.0,0.0,0.0,Fine,Null,0
66504300,,576903,0.0,0.0,0.0,1.0,0.0,East,2021/2022,CRAWFORD ROAD,ALEXANDRA ROAD,,Non-Injury Crash,No,2021,0.0,East,0.0,0,0.0,Hill Road,0.0,,0.0,,0.0,Overcast,2181600,0,0.0,0.0,2.0,0.0,0.0,0.0,0.0,1.0,,0.0,1.0,Wellington Region,Nil,2-way,Sealed,0.0,0.0,0,0.0,50.0,0.0,Off,0.0,0.0,,47,Wellington City,Nil,0.0,0.0,0.0,0.0,1.0,0.0,Urban,0.0,0.0,0.0,Light rain,Null,1
66504308,,573101,0.0,,0.0,2.0,,Null,2021/2022,WAKEFIELD STREET,TARANAKI STREET,,Non-Injury Crash,No,2021,,North,,0,,Flat,,,,,,Unknown,2135200,0,0.0,0.0,3.0,,,0.0,,,,,,Wellington Region,Nil,1-way,Sealed,,0.0,0,,50.0,,Off,0.0,0.0,,47,Wellington City,Traffic Signals,,,,,0.0,0.0,Urban,0.0,,,Null,Null,1
66504351,,573101,0.0,,0.0,1.0,,South,2021/2022,TARANAKI STREET,DIXON STREET,,Non-Injury Crash,No,2022,,North,,0,,Flat,,,,,,Overcast,2133408,0,0.0,0.0,6.0,,,0.0,,,,,,Wellington Region,Nil,2-way,Sealed,,0.0,0,,30.0,,Off,0.0,0.0,,47,Wellington City,Nil,,,,,0.0,0.0,Urban,1.0,,,Fine,Null,0
66504362,,573526,0.0,,0.0,2.0,,South,2021/2022,HUTT ROAD,WEIGH PIT,,Non-Injury Crash,Yes,2021,,South,,0,,Flat,,,,,,Overcast,2077503,0,0.0,0.0,2.0,,,0.0,,,,,,Wellington Region,Nil,1-way,Sealed,,0.0,0,,100.0,,Off,0.0,0.0,,47,Wellington City,Nil,,,,,0.0,0.0,Open,0.0,,,Fine,Null,1
66504434,,575600,0.0,0.0,0.0,4.0,0.0,Null,2021/2022,WASHINGTON AVENUE,TAFT STREET,,Non-Injury Crash,No,2022,0.0,South,0.0,0,0.0,Hill Road,0.0,,0.0,,0.0,Bright sun,2162903,0,0.0,0.0,2.0,0.0,0.0,0.0,0.0,1.0,,0.0,0.0,Wellington Region,Nil,2-way,Sealed,0.0,0.0,0,0.0,50.0,0.0,Off,0.0,0.0,,47,Wellington City,Nil,0.0,0.0,0.0,0.0,0.0,0.0,Urban,0.0,0.0,0.0,Fine,Null,0
66504451,,576903,0.0,,0.0,2.0,,Null,2020/2021,RUAHINE STREET,WELLINGTON ROAD,,Non-Injury Crash,Yes,2021,,North,,0,,Hill Road,,,,,,Unknown,2180400,0,0.0,0.0,2.0,,,0.0,,,,,,Wellington Region,Nil,2-way,Sealed,,0.0,0,,50.0,,Null,0.0,0.0,,47,Wellington City,Give way,,,,,0.0,0.0,Urban,0.0,,,Fine,Null,1
66504455,,576200,1.0,,0.0,1.0,,Null,2020/2021,ADELAIDE ROAD,DAWSON STREET,,Non-Injury Crash,No,2021,,South,,0,,Hill Road,,,,,,Dark,2173100,0,0.0,0.0,2.0,,,0.0,,,,,,Wellington Region,Nil,2-way,Sealed,,0.0,0,,50.0,,On,0.0,0.0,,47,Wellington City,Nil,,,,,0.0,0.0,Urban,0.0,,,Fine,Null,1
66504494,,573526,0.0,0.0,0.0,2.0,0.0,West,2021/2022,HUTT ROAD,HOROKIWI ROAD,,Non-Injury Crash,Yes,2021,0.0,East,0.0,0,0.0,Flat,0.0,,0.0,,0.0,Bright sun,2086403,0,0.0,0.0,2.0,0.0,0.0,0.0,0.0,0.0,,0.0,1.0,Wellington Region,Nil,1-way,Sealed,0.0,0.0,0,0.0,100.0,0.0,Off,0.0,0.0,,47,Wellington City,Nil,0.0,0.0,0.0,0.0,0.0,0.0,Open,0.0,0.0,0.0,Fine,Null,1
66504541,,575300,0.0,,0.0,0.0,,South,2021/2022,GLENMORE STREET,COLLINS TERRACE,,Minor Crash,No,2021,,South,,0,,Hill Road,,,,,,Overcast,2153501,1,0.0,1.0,2.0,,,0.0,,,,,,Wellington Region,Nil,2-way,Sealed,,0.0,0,,50.0,,Off,0.0,0.0,,47,Wellington City,Nil,,,,,0.0,0.0,Urban,0.0,,,Fine,Null,1
66504552,,573101,0.0,,0.0,2.0,,East,2022/2023,GHUZNEE STREET,WILLIS STREET,,Non-Injury Crash,No,2022,,East,,0,,Flat,,,,,,Bright sun,2131600,0,0.0,0.0,3.0,,,0.0,,,,,,Wellington Region,Nil,2-way,Sealed,,0.0,0,,50.0,,Off,0.0,1.0,,47,Wellington City,Nil,,,,,0.0,0.0,Urban,0.0,,,Fine,Null,0
66504562,,577102,0.0,,0.0,1.0,,Null,2021/2022,MONORGAN ROAD,BROADWAY,,Non-Injury Crash,No,2021,,North,,0,,Flat,,,,,,Bright sun,2215500,0,0.0,0.0,2.0,,,0.0,,,,,,Wellington Region,Nil,2-way,Sealed,,0.0,0,,50.0,,Off,0.0,0.0,,47,Wellington City,Stop,,,,,0.0,0.0,Urban,1.0,,,Fine,Null,1
66504591,,576903,0.0,,0.0,1.0,,Null,2020/2021,HAMILTON ROAD,WELLINGTON ROAD,,Non-Injury Crash,No,2021,,South,,0,,Flat,,,,,,Unknown,2180300,0,0.0,0.0,2.0,,,0.0,,,,,,Wellington Region,Nil,2-way,Sealed,,0.0,0,,50.0,,Null,0.0,0.0,,47,Wellington City,Traffic Signals,,,,,0.0,0.0,Urban,1.0,,,Null,Null,1
66504667,,577000,0.0,0.0,0.0,1.0,0.0,South,2020/2021,KINGSFORD SMITH STREET,MCGREGOR STREET ,,Non-Injury Crash,No,2021,0.0,South,0.0,0,0.0,Null,0.0,,0.0,,0.0,Bright sun,2175502,0,0.0,0.0,2.0,0.0,0.0,0.0,0.0,1.0,,0.0,0.0,Wellington Region,Nil,2-way,Sealed,0.0,0.0,0,0.0,50.0,0.0,Off,1.0,0.0,,47,Wellington City,Nil,0.0,0.0,0.0,0.0,0.0,0.0,Urban,0.0,0.0,0.0,Fine,Null,1