OBJECTID,advisorySpeed,areaUnitID,bicycle,bridge,bus,carStationWagon,cliffBank,crashDirectionDescription,crashFinancialYear,crashLocation1,crashLocation2,crashRoadSideRoad,crashSeverity,crashSHDescription,crashYear,debris,directionRoleDescription,ditch,fatalCount,fence,flatHill,guardRail,holiday,houseOrBuilding,intersection,kerb,light,meshblockId,minorInjuryCount,moped,motorcycle,NumberOfLanes,objectThrownOrDropped,otherObject,otherVehicleType,overBank,parkedVehicle,pedestrian,phoneBoxEtc,postOrPole,region,roadCharacter,roadLane,roadSurface,roadworks,schoolBus,seriousInjuryCount,slipOrFlood,speedLimit,strayAnimal,streetLight,suv,taxi,temporarySpeedLimit,tlaId,tlaName,trafficControl,trafficIsland,trafficSign,train,tree,truck,unknownVehicleType,urban,vanOrUtility,vehicle,waterRiver,weatherA,weatherB,if_pandemic
66504742,,574303,0.0,0.0,0.0,1.0,0.0,North,2021/2022,NEWLANDS OFF RAMP,CENTENNIAL HIGHWAY,,Non-Injury Crash,No,2022,0.0,North,0.0,0,0.0,Hill Road,1.0,,0.0,,0.0,Dark,2084302,0,0.0,0.0,1.0,0.0,0.0,0.0,0.0,0.0,,0.0,0.0,Wellington Region,Motorway ramp,1-way,Sealed,0.0,0.0,0,0.0,80.0,0.0,On,0.0,0.0,,47,Wellington City,Nil,0.0,0.0,0.0,1.0,0.0,0.0,Open,0.0,0.0,0.0,Fine,Null,0
66504769,,576002,0.0,0.0,0.0,1.0,0.0,South,2021/2022,THE PARADE,MEDWAY STREET,,Non-Injury Crash,No,2021,0.0,South,0.0,0,0.0,Flat,0.0,,0.0,,0.0,Overcast,2190600,0,0.0,0.0,2.0,0.0,0.0,0.0,0.0,1.0,,0.0,0.0,Wellington Region,Nil,2-way,Sealed,0.0,0.0,0,0.0,30.0,0.0,Off,1.0,0.0,,47,Wellington City,Unknown,0.0,0.0,0.0,0.0,0.0,0.0,Urban,0.0,0.0,0.0,Light rain,Null,1
66504797,,574001,0.0,,0.0,1.0,,North,2020/2021,CENTENNIAL HIGHWAY,NEWLANDS ON RAMP,,Non-Injury Crash,Yes,2021,,South,,0,,Hill Road,,,,,,Bright sun,2077600,0,0.0,0.0,3.0,,,0.0,,,,,,Wellington Region,Nil,1-way,Sealed,,0.0,0,,80.0,,Off,0.0,0.0,60.0,47,Wellington City,Unknown,,,,,0.0,0.0,Open,1.0,,,Fine,Strong wind,1
66504815,,576400,0.0,0.0,0.0,0.0,0.0,Null,2020/2021,CONSTABLE STREET,RIDDIFORD STREET,,Non-Injury Crash,No,2021,0.0,West,0.0,0,0.0,Flat,0.0,,0.0,,0.0,Bright sun,2167300,0,0.0,0.0,3.0,0.0,0.0,0.0,0.0,0.0,,0.0,1.0,Wellington Region,Nil,2-way,Sealed,0.0,0.0,0,0.0,40.0,0.0,Off,1.0,0.0,,47,Wellington City,Traffic Signals,0.0,0.0,0.0,0.0,1.0,0.0,Urban,0.0,0.0,0.0,Fine,Null,1
66504890,,574001,0.0,0.0,0.0,1.0,0.0,West,2020/2021,HOROKIWI ROAD WEST,KINAPORI TERRACE,,Non-Injury Crash,No,2021,0.0,East,0.0,0,1.0,Hill Road,0.0,,0.0,,0.0,Dark,2075301,0,0.0,0.0,2.0,0.0,0.0,0.0,0.0,1.0,,0.0,0.0,Wellington Region,Nil,2-way,Sealed,0.0,0.0,0,0.0,50.0,0.0,On,0.0,0.0,,47,Wellington City,Nil,0.0,0.0,0.0,0.0,0.0,0.0,Urban,0.0,0.0,0.0,Fine,Null,1
66504911,,575000,0.0,0.0,0.0,1.0,0.0,Null,2020/2021,KARORI ROAD,OLD KARORI ROAD,,Non-Injury Crash,No,2021,0.0,South,0.0,0,0.0,Hill Road,0.0,,0.0,,0.0,Dark,2111000,0,0.0,0.0,3.0,0.0,0.0,0.0,0.0,0.0,,0.0,0.0,Wellington Region,Nil,2-way,Sealed,0.0,0.0,0,0.0,50.0,0.0,On,0.0,0.0,,47,Wellington City,Traffic Signals,0.0,1.0,0.0,0.0,0.0,0.0,Urban,0.0,0.0,0.0,Fine,Strong wind,1
66504935,,575300,0.0,0.0,0.0,2.0,0.0,North,2021/2022,UPLAND ROAD,BOUNDARY ROAD,,Non-Injury Crash,No,2021,0.0,East,0.0,0,0.0,Flat,0.0,,0.0,,0.0,Unknown,2152800,0,0.0,0.0,2.0,0.0,0.0,0.0,0.0,1.0,,0.0,0.0,Wellington Region,Nil,2-way,Sealed,0.0,0.0,0,0.0,50.0,0.0,Null,0.0,0.0,,47,Wellington City,Nil,0.0,0.0,0.0,0.0,0.0,0.0,Urban,0.0,0.0,0.0,Null,Null,1
66504944,,572900,0.0,0.0,0.0,1.0,0.0,West,2021/2022,HAWKESTONE STREET,PORTLAND CRESCENT,,Non-Injury Crash,No,2021,0.0,East,0.0,0,0.0,Flat,0.0,,0.0,,0.0,Unknown,2119400,0,0.0,0.0,2.0,0.0,0.0,0.0,0.0,1.0,,0.0,0.0,Wellington Region,Nil,2-way,Sealed,0.0,0.0,0,0.0,50.0,0.0,Null,1.0,0.0,,47,Wellington City,Unknown,0.0,0.0,0.0,0.0,0.0,0.0,Urban,0.0,0.0,0.0,Null,Null,1
66504955,,572900,0.0,,0.0,2.0,,South,2021/2022,AOTEA QUAY,RLY YARD ENT S,,Non-Injury Crash,No,2021,,South,,0,,Flat,,,,,,Overcast,2118400,0,0.0,0.0,4.0,,,0.0,,,,,,Wellington Region,Nil,2-way,Sealed,,0.0,0,,50.0,,Off,0.0,0.0,,47,Wellington City,Traffic Signals,,,,,0.0,0.0,Urban,0.0,,,Light rain,Null,1
66504985,,576903,0.0,,0.0,2.0,,East,2020/2021,WELLINGTON ROAD,WALMER STREET,,Non-Injury Crash,Yes,2021,,West,,0,,Flat,,,,,,Dark,2180400,0,0.0,0.0,2.0,,,0.0,,,,,,Wellington Region,Nil,2-way,Sealed,,0.0,0,,50.0,,On,0.0,0.0,,47,Wellington City,Nil,,,,,0.0,0.0,Urban,0.0,,,Fine,Null,1
66505040,,573000,0.0,0.0,0.0,2.0,0.0,Null,2022/2023,MACDONALD CRESCENT,THE TERRACE,,Non-Injury Crash,No,2022,0.0,West,0.0,0,0.0,Hill Road,0.0,,0.0,,0.0,Dark,2130500,0,0.0,0.0,2.0,0.0,0.0,0.0,0.0,1.0,,0.0,0.0,Wellington Region,Nil,2-way,Sealed,0.0,0.0,0,0.0,50.0,0.0,On,0.0,0.0,,47,Wellington City,Stop,0.0,0.0,0.0,0.0,0.0,0.0,Urban,0.0,0.0,0.0,Fine,Null,0
66505082,,575600,0.0,0.0,0.0,1.0,0.0,South,2021/2022,WASHINGTON AVENUE,DORKING ROAD,,Non-Injury Crash,No,2021,0.0,South,0.0,0,1.0,Flat,0.0,,0.0,,0.0,Dark,2162500,0,0.0,0.0,2.0,0.0,0.0,0.0,0.0,0.0,,0.0,0.0,Wellington Region,Nil,2-way,Sealed,0.0,0.0,0,0.0,50.0,0.0,On,0.0,0.0,,47,Wellington City,Nil,0.0,0.0,0.0,0.0,0.0,0.0,Urban,0.0,0.0,0.0,Fine,Null,1
66505088,,574600,0.0,0.0,0.0,1.0,1.0,West,2022/2023,WADESTOWN ROAD,LYTTON STREET,,Minor Crash,No,2023,0.0,East,0.0,0,0.0,Flat,0.0,,0.0,,0.0,Bright sun,2100800,1,0.0,0.0,2.0,0.0,0.0,0.0,0.0,0.0,,0.0,0.0,Wellington Region,Nil,2-way,Sealed,0.0,0.0,0,0.0,50.0,0.0,Off,0.0,0.0,,47,Wellington City,Nil,0.0,0.0,0.0,0.0,0.0,0.0,Urban,0.0,0.0,0.0,Fine,Null,0
66505188,,575701,0.0,0.0,0.0,1.0,0.0,Null,2021/2022,MORNINGTON ROAD,VENNELL STREET,,Minor Crash,No,2022,0.0,North,0.0,0,0.0,Hill Road,0.0,Easter,0.0,,0.0,Bright sun,2199900,1,0.0,0.0,2.0,0.0,0.0,0.0,0.0,2.0,,0.0,1.0,Wellington Region,Nil,2-way,Sealed,0.0,0.0,0,0.0,50.0,0.0,Off,1.0,0.0,,47,Wellington City,Nil,0.0,0.0,0.0,0.0,0.0,0.0,Urban,1.0,0.0,0.0,Fine,Null,0
66505198,,574800,1.0,,0.0,1.0,,West,2020/2021,KARORI ROAD,RAINE STREET,,Non-Injury Crash,No,2021,,West,,0,,Flat,,,,,,Unknown,2107600,0,0.0,0.0,2.0,,,0.0,,,,,,Wellington Region,Nil,2-way,Sealed,,0.0,0,,50.0,,Null,0.0,0.0,,47,Wellington City,Nil,,,,,0.0,0.0,Urban,0.0,,,Null,Null,1
66505212,,576800,0.0,,0.0,2.0,,Null,2021/2022,RUAHINE STREET,TAURIMA STREET,,Non-Injury Crash,Yes,2022,,South,,0,,Hill Road,,,,,,Dark,2181700,0,0.0,0.0,2.0,,,0.0,,,,,,Wellington Region,Nil,2-way,Sealed,,0.0,0,,50.0,,On,0.0,0.0,,47,Wellington City,Give way,,,,,0.0,0.0,Urban,0.0,,,Fine,Null,0
66505217,,573200,0.0,,0.0,2.0,,North,2021/2022,DURHAM CRESCENT,MORTIMER TERRACE,,Minor Crash,No,2021,,North,,0,,Hill Road,,,,,,Overcast,2158300,1,0.0,0.0,2.0,,,0.0,,,,,,Wellington Region,Nil,2-way,Sealed,,0.0,0,,50.0,,Off,0.0,0.0,,47,Wellington City,Nil,,,,,0.0,0.0,Urban,0.0,,,Fine,Null,1
66505241,,576901,0.0,0.0,0.0,4.0,0.0,North,2020/2021,ONEPU ROAD,ENDEAVOUR STREET,,Non-Injury Crash,No,2021,0.0,North,0.0,0,0.0,Flat,0.0,,0.0,,0.0,Bright sun,2178700,0,0.0,0.0,2.0,0.0,0.0,0.0,0.0,1.0,,0.0,0.0,Wellington Region,Nil,2-way,Sealed,0.0,0.0,0,0.0,50.0,0.0,Off,0.0,0.0,,47,Wellington City,Nil,0.0,0.0,0.0,0.0,0.0,0.0,Urban,0.0,0.0,0.0,Fine,Null,1
66505262,,576500,0.0,0.0,0.0,1.0,0.0,North,2021/2022,RIDDIFORD STREET,HOSPITAL MAIN DRIVE,,Non-Injury Crash,No,2021,0.0,South,0.0,0,0.0,Flat,0.0,,0.0,,0.0,Bright sun,2148700,0,0.0,0.0,4.0,0.0,0.0,0.0,0.0,1.0,,0.0,0.0,Wellington Region,Nil,2-way,Sealed,0.0,0.0,0,0.0,50.0,0.0,Off,0.0,0.0,,47,Wellington City,Nil,0.0,0.0,0.0,0.0,0.0,0.0,Urban,1.0,0.0,0.0,Fine,Null,1
66505263,,574001,0.0,0.0,0.0,1.0,0.0,Null,2021/2022,NEWLANDS ROAD,WAKELY ROAD,,Non-Injury Crash,No,2021,0.0,South,0.0,0,0.0,Flat,1.0,,0.0,,0.0,Dark,2077700,0,0.0,0.0,2.0,0.0,0.0,0.0,0.0,0.0,,0.0,0.0,Wellington Region,Nil,2-way,Sealed,0.0,0.0,0,0.0,50.0,0.0,On,0.0,0.0,,47,Wellington City,Give way,0.0,1.0,0.0,0.0,0.0,0.0,Urban,0.0,0.0,0.0,Fine,Null,1
66505318,,572900,0.0,,0.0,0.0,,West,2021/2022,MOTUROA STREET,HOBSON STREET,,Minor Crash,No,2021,,South,,0,,Hill Road,,,,,,Overcast,2119100,1,0.0,0.0,2.0,,,0.0,,,1.0,,,Wellington Region,Nil,2-way,Sealed,,0.0,0,,50.0,,Off,1.0,0.0,,47,Wellington City,Nil,,,,,0.0,0.0,Urban,0.0,,,Fine,Null,1
66505342,,574303,0.0,,0.0,2.0,,North,2021/2022,CENTENNIAL HIGHWAY,NEWLANDS OFF RAMP,,Non-Injury Crash,Yes,2021,,North,,0,,Hill Road,,,,,,Overcast,2084302,0,0.0,0.0,3.0,,,0.0,,,,,,Wellington Region,Nil,1-way,Sealed,,0.0,0,,80.0,,Off,1.0,0.0,,47,Wellington City,Nil,,,,,0.0,0.0,Open,0.0,,,Fine,Strong wind,1
66505363,,576901,0.0,,0.0,2.0,,Null,2020/2021,COBHAM DRIVE,COBHAM DRIVE,,Non-Injury Crash,Yes,2021,,West,,0,,Flat,,,,,,Unknown,2177800,0,0.0,0.0,3.0,,,0.0,,,,,,Wellington Region,Nil,1-way,Sealed,,0.0,0,,50.0,,Null,0.0,0.0,,47,Wellington City,Nil,,,,,0.0,0.0,Urban,0.0,,,Null,Null,1
66505364,,574303,0.0,,0.0,2.0,,North,2021/2022,CENTENNIAL HIGHWAY,TYERS ROAD,,Minor Crash,Yes,2021,,North,,0,,Hill Road,,,,,,Bright sun,2088705,2,0.0,0.0,3.0,,,0.0,,,,,,Wellington Region,Nil,1-way,Sealed,,0.0,0,,80.0,,Off,1.0,0.0,,47,Wellington City,Unknown,,,,,0.0,0.0,Open,0.0,,,Fine,Null,1
66505368,,573101,0.0,0.0,0.0,1.0,0.0,Null,2022/2023,WAKEFIELD STREET,TARANAKI STREET,,Non-Injury Crash,No,2022,0.0,South,0.0,0,0.0,Flat,0.0,,0.0,,0.0,Overcast,2133100,0,0.0,0.0,4.0,0.0,0.0,0.0,0.0,0.0,,0.0,1.0,Wellington Region,Nil,2-way,Sealed,0.0,0.0,0,0.0,50.0,0.0,Off,0.0,0.0,,47,Wellington City,Traffic Signals,1.0,0.0,0.0,0.0,0.0,0.0,Urban,0.0,0.0,0.0,Fine,Null,0
66505412,,573513,0.0,0.0,0.0,1.0,0.0,Null,2022/2023,WAVERTON TERRACE,GRESFORD PLACE,,Minor Crash,No,2022,0.0,East,0.0,0,0.0,Hill Road,0.0,,0.0,,0.0,Overcast,2086716,1,0.0,0.0,2.0,0.0,0.0,0.0,0.0,1.0,,0.0,0.0,Wellington Region,Nil,2-way,Sealed,0.0,0.0,0,0.0,50.0,0.0,Off,0.0,0.0,,47,Wellington City,Nil,0.0,0.0,0.0,0.0,0.0,0.0,Urban,0.0,0.0,0.0,Fine,Strong wind,0
66505418,,575300,0.0,,0.0,1.0,,South,2021/2022,GLENMORE STREET,UPLAND ROAD,,Non-Injury Crash,No,2021,,South,,0,,Flat,,,,,,Bright sun,2152600,0,0.0,0.0,2.0,,,0.0,,,,,,Wellington Region,Nil,2-way,Sealed,,0.0,0,,50.0,,Off,1.0,0.0,,47,Wellington City,Nil,,,,,0.0,0.0,Urban,0.0,,,Fine,Null,1
66505433,,574800,0.0,,0.0,1.0,,West,2020/2021,WHITEHEAD ROAD,CURTIS STREET,,Non-Injury Crash,No,2021,,East,,0,,Hill Road,,,,,,Twilight,2106200,0,0.0,0.0,2.0,,,0.0,,,,,,Wellington Region,Nil,2-way,Sealed,,0.0,0,,50.0,,On,0.0,0.0,,47,Wellington City,Nil,,,,,1.0,0.0,Urban,0.0,,,Fine,Null,1
66505460,,573400,0.0,,0.0,0.0,,Null,2021/2022,MOELLER STREET,SHANNON STREET,,Serious Crash,No,2022,,North,,0,,Hill Road,,,,,,Overcast,2139100,0,0.0,1.0,2.0,,,0.0,,,,,,Wellington Region,Nil,2-way,Sealed,,0.0,1,,50.0,,Off,0.0,0.0,,47,Wellington City,Nil,,,,,0.0,0.0,Urban,1.0,,,Light rain,Null,0
66505477,,575000,0.0,0.0,0.0,1.0,0.0,Null,2021/2022,BIRDWOOD STREET,CHAYTOR STREET,,Minor Crash,No,2021,0.0,North,0.0,0,1.0,Hill Road,0.0,,0.0,,0.0,Overcast,2111100,1,0.0,0.0,2.0,0.0,0.0,0.0,1.0,0.0,,0.0,0.0,Wellington Region,Nil,2-way,Sealed,0.0,0.0,0,0.0,50.0,0.0,Off,0.0,0.0,,47,Wellington City,Nil,0.0,0.0,0.0,0.0,0.0,0.0,Urban,0.0,0.0,0.0,Fine,Null,1
66505535,,576700,0.0,,0.0,1.0,,Null,2021/2022,THANE ROAD,LOOKOUT ROAD,,Minor Crash,No,2021,,South,,0,,Hill Road,,,,,,Bright sun,2185700,1,0.0,1.0,2.0,,,0.0,,,,,,Wellington Region,Nil,2-way,Sealed,,0.0,0,,50.0,,Off,0.0,0.0,,47,Wellington City,Nil,,,,,0.0,0.0,Urban,0.0,,,Fine,Null,1
66505566,,573200,0.0,,0.0,1.0,,Null,2020/2021,OHIRO ROAD,ARO STREET,,Non-Injury Crash,No,2021,,South,,0,,Hill Road,,,,,,Unknown,2159400,0,0.0,0.0,2.0,,,0.0,,,,,,Wellington Region,Nil,2-way,Sealed,,0.0,0,,50.0,,Off,0.0,0.0,,47,Wellington City,Give way,,,,,0.0,0.0,Urban,1.0,,,Light rain,Null,1
66505695,25.0,573802,0.0,0.0,0.0,1.0,0.0,Null,2021/2022,CHESTERTON STREET,BURGESS ROAD,,Non-Injury Crash,No,2022,0.0,South,0.0,0,1.0,Hill Road,0.0,Christmas New Year,0.0,,1.0,Dark,2078500,0,0.0,0.0,2.0,0.0,0.0,0.0,0.0,0.0,,0.0,0.0,Wellington Region,Nil,2-way,Sealed,0.0,0.0,0,0.0,50.0,0.0,On,0.0,0.0,,47,Wellington City,Stop,0.0,0.0,0.0,0.0,0.0,0.0,Urban,0.0,0.0,0.0,Fine,Null,0
66505699,,575300,0.0,0.0,0.0,1.0,0.0,South,2021/2022,GLASGOW STREET,RAWHITI TERRACE,,Non-Injury Crash,No,2021,0.0,South,0.0,0,0.0,Hill Road,0.0,,0.0,,0.0,Unknown,2154600,0,0.0,0.0,2.0,0.0,0.0,0.0,0.0,1.0,,0.0,0.0,Wellington Region,Nil,2-way,Sealed,0.0,0.0,0,0.0,50.0,0.0,Off,0.0,0.0,,47,Wellington City,Nil,0.0,0.0,0.0,0.0,0.0,0.0,Urban,0.0,0.0,0.0,Null,Null,1
66505727,,573101,0.0,0.0,0.0,1.0,0.0,South,2021/2022,CUBA STREET,VIVIAN STREET,,Non-Injury Crash,No,2021,0.0,South,0.0,0,0.0,Flat,0.0,,0.0,,0.0,Unknown,2134300,0,0.0,0.0,2.0,0.0,0.0,0.0,0.0,1.0,,0.0,0.0,Wellington Region,Nil,2-way,Sealed,0.0,0.0,0,0.0,30.0,0.0,Null,1.0,0.0,,47,Wellington City,Nil,0.0,0.0,0.0,0.0,0.0,0.0,Urban,0.0,0.0,0.0,Null,Null,1
66505744,,572500,0.0,,0.0,1.0,,North,2022/2023,MAIN ROAD,REDWOOD AVENUE,,Minor Crash,No,2022,,South,,0,,Flat,,,,,,Overcast,1986100,1,0.0,0.0,2.0,,,0.0,,,,,,Wellington Region,Nil,2-way,Sealed,,0.0,0,,50.0,,Off,0.0,0.0,,47,Wellington City,Nil,,,,,0.0,0.0,Urban,1.0,,,Light rain,Null,0
66505788,,572900,0.0,0.0,0.0,2.0,0.0,North,2020/2021,WELLINGTON URBAN MOTORWAY,THE TERRACE OFF RAMP,,Non-Injury Crash,Yes,2021,0.0,South,0.0,0,0.0,Flat,1.0,,0.0,,0.0,Overcast,2122100,0,0.0,0.0,3.0,0.0,0.0,0.0,0.0,0.0,,0.0,0.0,Wellington Region,Nil,1-way,Sealed,0.0,0.0,0,0.0,100.0,0.0,On,0.0,0.0,,47,Wellington City,Nil,0.0,0.0,0.0,0.0,0.0,0.0,Open,0.0,0.0,0.0,Fine,Null,1
66505855,,573000,0.0,,0.0,3.0,,North,2021/2022,WELLINGTON URBAN MOTORWAY,EVERTON OBR,,Non-Injury Crash,Yes,2022,,South,,0,,Flat,,,,,,Overcast,2126403,0,0.0,0.0,1.0,,,0.0,,,,,,Wellington Region,Nil,1-way,Sealed,,0.0,0,,100.0,,Off,0.0,0.0,60.0,47,Wellington City,Nil,,,,,0.0,0.0,Open,0.0,,,Fine,Null,0
66505867,,573000,0.0,,0.0,2.0,,North,2021/2022,THE TERRACE,CHURCH STREET,,Non-Injury Crash,No,2021,,South,,0,,Hill Road,,,,,,Overcast,2127600,0,0.0,0.0,2.0,,,0.0,,,,,,Wellington Region,Nil,2-way,Sealed,,0.0,0,,50.0,,Off,0.0,0.0,,47,Wellington City,Nil,,,,,0.0,0.0,Urban,0.0,,,Fine,Null,1
66505884,,576901,0.0,0.0,0.0,6.0,0.0,North,2021/2022,TIRANGI ROAD,LONSDALE CRESCENT,,Non-Injury Crash,No,2022,0.0,North,0.0,0,0.0,Hill Road,0.0,,0.0,,0.0,Dark,2176500,0,0.0,0.0,2.0,0.0,0.0,0.0,0.0,3.0,,0.0,0.0,Wellington Region,Nil,2-way,Sealed,0.0,0.0,0,0.0,50.0,0.0,On,0.0,0.0,,47,Wellington City,Nil,0.0,0.0,0.0,0.0,0.0,0.0,Urban,0.0,0.0,0.0,Fine,Null,0
66505898,,573101,0.0,0.0,0.0,1.0,0.0,Null,2020/2021,HAINING STREET,TARANAKI STREET,,Non-Injury Crash,No,2020,0.0,West,0.0,0,0.0,Null,0.0,,0.0,,0.0,Overcast,2134900,0,0.0,0.0,1.0,0.0,0.0,0.0,0.0,1.0,,0.0,0.0,Wellington Region,Nil,1-way,Sealed,0.0,0.0,0,0.0,50.0,0.0,Null,1.0,0.0,,47,Wellington City,Nil,0.0,0.0,0.0,0.0,0.0,0.0,Urban,0.0,0.0,0.0,Fine,Null,1
66505924,,573300,0.0,,0.0,0.0,,North,2021/2022,BROOKLYN ROAD,BIDWILL STREET,,Serious Crash,No,2022,,North,,0,,Hill Road,,,,,,Bright sun,2144900,0,0.0,0.0,3.0,,,0.0,,,,,,Wellington Region,Nil,2-way,Sealed,,0.0,1,,50.0,,Off,1.0,0.0,,47,Wellington City,Nil,,,,,1.0,0.0,Urban,0.0,,,Fine,Null,0
66505997,,573200,0.0,0.0,0.0,1.0,0.0,East,2020/2021,DEVON STREET,FAIRLIE TERRACE,,Non-Injury Crash,No,2020,0.0,North,0.0,0,0.0,Hill Road,0.0,,0.0,,0.0,Overcast,2157600,0,0.0,0.0,2.0,0.0,0.0,0.0,0.0,1.0,,0.0,0.0,Wellington Region,Nil,2-way,Sealed,0.0,0.0,0,0.0,50.0,0.0,Off,0.0,0.0,,47,Wellington City,Nil,0.0,0.0,0.0,0.0,1.0,0.0,Urban,0.0,0.0,0.0,Fine,Null,1
66506016,,576400,0.0,,0.0,2.0,,South,2022/2023,HIROPI STREET,CONSTABLE STREET,,Non-Injury Crash,No,2023,,South,,0,,Hill Road,,,,,,Dark,2170000,0,0.0,0.0,2.0,,,0.0,,,,,,Wellington Region,Nil,2-way,Sealed,,0.0,0,,50.0,,On,0.0,0.0,,47,Wellington City,Nil,,,,,0.0,0.0,Urban,0.0,,,Fine,Null,0
66506074,,575200,0.0,0.0,0.0,1.0,0.0,South,2021/2022,GARDEN ROAD,MILITARY ROAD,,Non-Injury Crash,No,2021,0.0,North,0.0,0,0.0,Hill Road,0.0,,0.0,,0.0,Bright sun,2151500,0,0.0,0.0,2.0,0.0,0.0,0.0,0.0,1.0,,0.0,0.0,Wellington Region,Nil,2-way,Sealed,0.0,0.0,0,0.0,50.0,0.0,Off,1.0,0.0,,47,Wellington City,Nil,0.0,0.0,0.0,0.0,0.0,0.0,Urban,0.0,0.0,0.0,Null,Null,1
66506103,,573000,0.0,,0.0,1.0,,Null,2021/2022,BOULCOTT STREET,GILMER TERRACE,,Minor Crash,No,2021,,West,,0,,Hill Road,,,,,,Bright sun,2126502,1,0.0,0.0,2.0,,,0.0,,,1.0,,,Wellington Region,Nil,2-way,Sealed,,0.0,0,,30.0,,Off,0.0,0.0,,47,Wellington City,Give way,,,,,0.0,0.0,Urban,0.0,,,Fine,Null,1
66506111,,574302,0.0,,0.0,0.0,,Null,2020/2021,HUTT ROAD,ONSLOW ROAD,,Minor Crash,No,2021,,North,,0,,Flat,,,,,,Bright sun,2090700,1,0.0,1.0,2.0,,,0.0,,,,,,Wellington Region,Nil,1-way,Sealed,,0.0,0,,60.0,,Off,0.0,0.0,,47,Wellington City,Traffic Signals,,,,,1.0,0.0,Urban,0.0,,,Fine,Null,1
66506113,,575902,0.0,,0.0,1.0,,North,2020/2021,HAPPY VALLEY ROAD,OWHIRO BAY PARADE,,Non-Injury Crash,No,2021,,South,,0,,Flat,,,,,,Bright sun,2187600,0,0.0,0.0,2.0,,,0.0,,,,,,Wellington Region,Nil,2-way,Sealed,,0.0,0,,50.0,,Off,1.0,0.0,,47,Wellington City,Nil,,,,,0.0,0.0,Urban,0.0,,,Fine,Null,1
66506161,,573300,0.0,0.0,0.0,1.0,0.0,Null,2020/2021,BUCKLE STREET,SUSSEX STREET,,Non-Injury Crash,No,2020,0.0,North,0.0,0,0.0,Hill Road,0.0,,0.0,,0.0,Dark,2145602,0,0.0,0.0,2.0,0.0,0.0,0.0,0.0,0.0,,0.0,1.0,Wellington Region,Nil,1-way,Sealed,0.0,0.0,0,0.0,50.0,0.0,On,0.0,0.0,,47,Wellington City,Traffic Signals,0.0,0.0,0.0,0.0,0.0,0.0,Urban,0.0,0.0,0.0,Fine,Null,1
66506197,,573101,0.0,,0.0,1.0,,Null,2020/2021,TARANAKI STREET,MARTIN SQUARE,,Non-Injury Crash,No,2021,,South,,0,,Flat,,,,,,Overcast,2134800,0,0.0,0.0,4.0,,,0.0,,,,,,Wellington Region,Nil,2-way,Sealed,,0.0,0,,50.0,,Off,1.0,0.0,,47,Wellington City,Nil,,,,,0.0,0.0,Urban,0.0,,,Light rain,Null,1
66506256,,576400,1.0,0.0,0.0,1.0,0.0,South,2023/2024,RIDDIFORD STREET,MEIN STREET,,Minor Crash,No,2023,0.0,Null,0.0,0,0.0,Flat,0.0,,0.0,,0.0,Bright sun,2166900,1,0.0,0.0,2.0,0.0,0.0,0.0,0.0,1.0,1.0,0.0,0.0,Wellington Region,Nil,2-way,Sealed,0.0,0.0,0,0.0,40.0,0.0,Off,0.0,0.0,,47,Wellington City,Nil,0.0,0.0,0.0,0.0,0.0,0.0,Urban,0.0,0.0,0.0,Fine,Null,0
66506280,,573700,0.0,,0.0,2.0,,West,2022/2023,BRODERICK ROAD,BANNISTER AVENUE,,Non-Injury Crash,No,2023,,East,,0,,Flat,,,,,,Overcast,2081800,0,0.0,0.0,2.0,,,0.0,,,,,,Wellington Region,Nil,2-way,Sealed,,0.0,0,,50.0,,Off,0.0,0.0,,47,Wellington City,Nil,,,,,0.0,0.0,Urban,0.0,,,Light rain,Null,0
66506285,,574302,0.0,0.0,0.0,1.0,0.0,South,2021/2022,WELLINGTON URBAN MOTORWAY,HUTT ROAD,,Minor Crash,Yes,2022,0.0,North,0.0,0,0.0,Flat,1.0,,0.0,,0.0,Bright sun,2090604,1,0.0,0.0,6.0,0.0,0.0,0.0,0.0,0.0,,0.0,0.0,Wellington Region,Nil,2-way,Sealed,0.0,0.0,0,0.0,100.0,0.0,Off,0.0,0.0,,47,Wellington City,Nil,0.0,0.0,0.0,0.0,0.0,0.0,Open,0.0,0.0,0.0,Fine,Null,0
66506300,45.0,573522,0.0,0.0,0.0,0.0,0.0,South,2021/2022,NASSAU AVENUE,TOBAGO CRESCENT,,Non-Injury Crash,No,2021,0.0,North,0.0,0,1.0,Hill Road,0.0,,0.0,,0.0,Overcast,2086104,0,0.0,0.0,2.0,0.0,0.0,0.0,0.0,0.0,,0.0,0.0,Wellington Region,Nil,2-way,Sealed,0.0,0.0,0,0.0,50.0,0.0,Off,0.0,0.0,,47,Wellington City,Nil,0.0,0.0,0.0,0.0,0.0,0.0,Urban,1.0,0.0,0.0,Light rain,Null,1
66506353,,572900,0.0,,0.0,1.0,,South,2021/2022,WATERLOO QUAY,PLATFORM 9 EXIT,,Serious Crash,No,2022,,North,,0,,Flat,,,,,,Bright sun,2122700,0,0.0,1.0,2.0,,,0.0,,,,,,Wellington Region,Nil,2-way,Sealed,,0.0,1,,50.0,,Off,0.0,0.0,,47,Wellington City,Nil,,,,,0.0,0.0,Urban,0.0,,,Fine,Null,0
66506393,,574002,0.0,,0.0,2.0,,East,2021/2022,CENTENNIAL HIGHWAY,CENTENNIAL HIGHWAY ON RAMP,,Non-Injury Crash,Yes,2021,,South,,0,,Flat,,,,,,Overcast,2078302,0,0.0,0.0,4.0,,,0.0,,,,,,Wellington Region,Bridge,2-way,Sealed,,0.0,0,,80.0,,Off,0.0,0.0,,47,Wellington City,Nil,,,,,0.0,0.0,Open,0.0,,,Fine,Null,1