OBJECTID,advisorySpeed,areaUnitID,bicycle,bridge,bus,carStationWagon,cliffBank,crashDirectionDescription,crashFinancialYear,crashLocation1,crashLocation2,crashRoadSideRoad,crashSeverity,crashSHDescription,crashYear,debris,directionRoleDescription,ditch,fatalCount,fence,flatHill,guardRail,holiday,houseOrBuilding,intersection,kerb,light,meshblockId,minorInjuryCount,moped,motorcycle,NumberOfLanes,objectThrownOrDropped,otherObject,otherVehicleType,overBank,parkedVehicle,pedestrian,phoneBoxEtc,postOrPole,region,roadCharacter,roadLane,roadSurface,roadworks,schoolBus,seriousInjuryCount,slipOrFlood,speedLimit,strayAnimal,streetLight,suv,taxi,temporarySpeedLimit,tlaId,tlaName,trafficControl,trafficIsland,trafficSign,train,tree,truck,unknownVehicleType,urban,vanOrUtility,vehicle,waterRiver,weatherA,weatherB,if_pandemic
66506474,,576301,0.0,0.0,0.0,1.0,0.0,South,2021/2022,RIDDIFORD STREET,NEWTOWN AVENUE,,Non-Injury Crash,No,2022,0.0,Null,0.0,0,0.0,Flat,0.0,,0.0,,0.0,Unknown,2165500,0,0.0,0.0,2.0,0.0,0.0,0.0,0.0,1.0,,0.0,0.0,Wellington Region,Nil,2-way,Sealed,0.0,0.0,0,0.0,50.0,0.0,Off,1.0,0.0,,47,Wellington City,Nil,0.0,0.0,0.0,0.0,0.0,0.0,Urban,0.0,0.0,0.0,Null,Null,0
66506489,,576001,0.0,0.0,0.0,1.0,0.0,Null,2020/2021,EDEN STREET,FREELING STREET,,Non-Injury Crash,No,2021,0.0,South,0.0,0,0.0,Hill Road,0.0,,0.0,,0.0,Unknown,2193900,0,0.0,0.0,2.0,0.0,0.0,0.0,0.0,1.0,,0.0,0.0,Wellington Region,Nil,2-way,Sealed,0.0,0.0,0,0.0,50.0,0.0,Null,0.0,0.0,,47,Wellington City,Nil,0.0,0.0,0.0,0.0,0.0,0.0,Urban,0.0,0.0,0.0,Null,Null,1
66506518,,576500,1.0,,0.0,1.0,,East,2021/2022,HOSPITAL ROAD,HUGH STREET,,Serious Crash,No,2022,,North,,0,,Hill Road,,,,,,Bright sun,2149100,0,0.0,0.0,2.0,,,0.0,,,,,,Wellington Region,Nil,2-way,Sealed,,0.0,1,,50.0,,None,0.0,0.0,,47,Wellington City,Nil,,,,,0.0,0.0,Urban,0.0,,,Fine,Null,0
66506519,,576700,0.0,0.0,0.0,0.0,0.0,North,2020/2021,EVANS BAY PARADE,BALAENA BAY,,Non-Injury Crash,No,2020,0.0,South,0.0,0,1.0,Flat,0.0,,0.0,,1.0,Dark,2186900,0,0.0,0.0,2.0,0.0,0.0,0.0,0.0,0.0,,0.0,0.0,Wellington Region,Nil,2-way,Sealed,0.0,0.0,0,0.0,50.0,0.0,On,0.0,0.0,,47,Wellington City,Nil,0.0,0.0,0.0,0.0,0.0,0.0,Urban,1.0,0.0,0.0,Light rain,Null,1
66506630,,576901,0.0,,0.0,1.0,,Null,2020/2021,COBHAM DRIVE,TROY STREET,,Non-Injury Crash,Yes,2021,,West,,0,,Flat,,,,,,Unknown,2176800,0,0.0,0.0,2.0,,,0.0,,,,,,Wellington Region,Nil,1-way,Sealed,,0.0,0,,70.0,,Null,1.0,1.0,,47,Wellington City,Give way,,,,,0.0,0.0,Urban,0.0,,,Null,Null,1
66506667,,574303,0.0,,0.0,2.0,,North,2021/2022,CENTENNIAL HIGHWAY,TYERS ROAD,,Non-Injury Crash,Yes,2021,,North,,0,,Hill Road,,,,,,Overcast,2088705,0,0.0,0.0,3.0,,,0.0,,,,,,Wellington Region,Nil,2-way,Sealed,,0.0,0,,80.0,,Off,0.0,0.0,50.0,47,Wellington City,Nil,,,,,1.0,0.0,Open,0.0,,,Light rain,Null,1
66506678,,572500,0.0,,0.0,2.0,,Null,2020/2021,MAIN ROAD,WILLIAM EARP PLACE,,Non-Injury Crash,No,2021,,West,,0,,Flat,,,,,,Overcast,2053702,0,0.0,0.0,2.0,,,0.0,,,,,,Wellington Region,Nil,2-way,Sealed,,0.0,0,,50.0,,Off,0.0,0.0,,47,Wellington City,Give way,,,,,0.0,0.0,Urban,0.0,,,Light rain,Null,1
66506709,,577102,0.0,0.0,0.0,3.0,0.0,South,2021/2022,SIDLAW STREET,SIDLAW STREET,,Non-Injury Crash,No,2022,0.0,North,0.0,0,0.0,Hill Road,0.0,,0.0,,0.0,Overcast,2215000,0,0.0,0.0,2.0,0.0,0.0,0.0,0.0,2.0,,0.0,0.0,Wellington Region,Nil,2-way,Sealed,0.0,0.0,0,0.0,50.0,0.0,Off,0.0,0.0,,47,Wellington City,Nil,0.0,0.0,0.0,0.0,0.0,0.0,Urban,1.0,0.0,0.0,Fine,Null,0
66506720,,572900,0.0,,0.0,1.0,,North,2020/2021,WELLINGTON URBAN MOTORWAY,HOBSON ST OBR SBD,,Non-Injury Crash,Yes,2021,,South,,0,,Flat,,Queens Birthday,,,,Dark,2117902,0,0.0,0.0,3.0,,,0.0,,,,,,Wellington Region,Nil,1-way,Sealed,,0.0,0,,100.0,,Null,0.0,0.0,,47,Wellington City,Nil,,,,,0.0,1.0,Open,0.0,,,Null,Null,1
66506755,,576903,0.0,0.0,0.0,1.0,0.0,East,2021/2022,WELLINGTON ROAD,HAMILTON ROAD,,Non-Injury Crash,Yes,2021,0.0,East,0.0,0,0.0,Flat,0.0,,0.0,,0.0,Unknown,2180200,0,0.0,0.0,2.0,0.0,0.0,0.0,0.0,1.0,,0.0,0.0,Wellington Region,Nil,1-way,Sealed,0.0,0.0,0,0.0,50.0,0.0,Null,0.0,0.0,,47,Wellington City,Nil,0.0,0.0,0.0,0.0,0.0,0.0,Urban,0.0,0.0,0.0,Null,Null,1
66506791,,576100,0.0,,0.0,1.0,,North,2020/2021,HUNGERFORD ROAD,VIEW ROAD,,Non-Injury Crash,No,2021,,East,,0,,Hill Road,,,,,,Unknown,2194600,0,0.0,0.0,2.0,,,0.0,,,,,,Wellington Region,Nil,2-way,Sealed,,0.0,0,,50.0,,Null,0.0,0.0,,47,Wellington City,Nil,,,,,0.0,0.0,Urban,1.0,,,Null,Null,1
66506825,,573101,0.0,,0.0,1.0,,Null,2021/2022,CABLE STREET,TARANAKI STREET,,Non-Injury Crash,No,2022,,East,,0,,Flat,,,,,,Overcast,2135200,0,0.0,0.0,3.0,,,0.0,,,,,,Wellington Region,Nil,1-way,Sealed,,0.0,0,,50.0,,Off,0.0,0.0,,47,Wellington City,Nil,,,,,0.0,0.0,Urban,1.0,,,Heavy rain,Strong wind,0
66506838,,573101,0.0,,0.0,1.0,,Null,2021/2022,WILLIS STREET,VIVIAN STREET,,Non-Injury Crash,No,2021,,North,,0,,Flat,,,,,,Dark,2131900,0,0.0,0.0,2.0,,,0.0,,,,,,Wellington Region,Nil,1-way,Sealed,,0.0,0,,30.0,,On,0.0,0.0,,47,Wellington City,Traffic Signals,,,,,1.0,0.0,Urban,0.0,,,Fine,Null,1
66506840,,576800,0.0,,0.0,1.0,,Null,2021/2022,RUAHINE STREET,TAURIMA STREET,,Non-Injury Crash,Yes,2021,,North,,0,,Hill Road,,,,,,Unknown,2181700,0,0.0,0.0,2.0,,,0.0,,,,,,Wellington Region,Nil,2-way,Sealed,,0.0,0,,50.0,,Null,0.0,0.0,,47,Wellington City,Nil,,,,,0.0,0.0,Urban,0.0,,,Null,Null,1
66506908,,573802,0.0,0.0,0.0,1.0,0.0,North,2020/2021,JOHNSONVILLE PORIRUA MOTORWAY,JVILLE OBR,,Non-Injury Crash,Yes,2021,0.0,South,0.0,0,0.0,Flat,1.0,,0.0,,0.0,Bright sun,2078701,0,0.0,0.0,2.0,0.0,0.0,0.0,0.0,0.0,,0.0,0.0,Wellington Region,Nil,1-way,Sealed,0.0,0.0,0,0.0,80.0,0.0,Off,0.0,0.0,,47,Wellington City,Nil,0.0,0.0,0.0,0.0,0.0,0.0,Open,2.0,0.0,0.0,Fine,Null,1
66506919,,573200,1.0,,0.0,0.0,,Null,2021/2022,NAIRN STREET,BROOKLYN ROAD,,Minor Crash,No,2021,,North,,0,,Hill Road,,Christmas New Year,,,,Bright sun,2159500,2,0.0,0.0,2.0,,,0.0,,,1.0,,,Wellington Region,Nil,2-way,Sealed,,0.0,0,,50.0,,Off,0.0,0.0,,47,Wellington City,Give way,,,,,0.0,0.0,Urban,0.0,,,Fine,Null,1
66506942,,573101,0.0,0.0,0.0,2.0,0.0,Null,2021/2022,TORY STREET,HAINING STREET,,Non-Injury Crash,No,2021,0.0,North,0.0,0,0.0,Flat,0.0,,0.0,,0.0,Dark,2136800,0,0.0,0.0,2.0,0.0,0.0,0.0,0.0,0.0,,0.0,0.0,Wellington Region,Speed hump,2-way,Sealed,0.0,0.0,0,0.0,30.0,0.0,On,0.0,0.0,,47,Wellington City,Nil,0.0,0.0,0.0,0.0,0.0,0.0,Urban,0.0,1.0,0.0,Fine,Null,1
66506960,,576400,0.0,0.0,0.0,1.0,0.0,North,2022/2023,ALEXANDRA ROAD,CRAWFORD ROAD,,Minor Crash,No,2023,0.0,South,0.0,0,0.0,Hill Road,0.0,,0.0,,0.0,Overcast,2168300,1,0.0,0.0,2.0,0.0,0.0,0.0,0.0,0.0,,0.0,0.0,Wellington Region,Nil,2-way,Sealed,0.0,0.0,0,0.0,50.0,0.0,Off,0.0,0.0,,47,Wellington City,Nil,0.0,0.0,0.0,1.0,0.0,0.0,Urban,0.0,0.0,0.0,Light rain,Null,0
66506981,,573300,0.0,0.0,0.0,2.0,0.0,Null,2020/2021,BELL ROAD,BIDWILL STREET,,Non-Injury Crash,No,2021,0.0,North,0.0,0,0.0,Hill Road,0.0,,0.0,,0.0,Bright sun,2145200,0,0.0,0.0,2.0,0.0,0.0,0.0,0.0,1.0,,0.0,0.0,Wellington Region,Nil,2-way,Sealed,0.0,0.0,0,0.0,50.0,0.0,Off,0.0,0.0,,47,Wellington City,Stop,0.0,0.0,0.0,0.0,0.0,0.0,Urban,0.0,0.0,0.0,Fine,Null,1
66507024,,572900,1.0,,0.0,0.0,,South,2023/2024,GROSVENOR TERRACE,LOWER WATT STREET,,Serious Crash,No,2024,,South,,0,,Hill Road,,,,,,Bright sun,2117300,0,0.0,0.0,2.0,,,0.0,,,,,,Wellington Region,Nil,2-way,Sealed,,0.0,1,,50.0,,Off,0.0,0.0,,47,Wellington City,Nil,,,,,0.0,0.0,Urban,0.0,,,Fine,Null,0
66507040,,576400,0.0,0.0,0.0,1.0,1.0,Null,2022/2023,COROMANDEL STREET,COLVILLE STREET,,Minor Crash,No,2022,0.0,South,0.0,0,0.0,Hill Road,0.0,,0.0,,0.0,Bright sun,2169700,1,0.0,0.0,2.0,0.0,0.0,0.0,0.0,0.0,,0.0,0.0,Wellington Region,Nil,2-way,Sealed,0.0,0.0,0,0.0,40.0,0.0,Off,0.0,0.0,,47,Wellington City,Give way,0.0,0.0,0.0,0.0,0.0,0.0,Urban,0.0,0.0,0.0,Fine,Null,0
66507092,,572900,0.0,,0.0,0.0,,Null,2021/2022,TINAKORI ROAD,PARK STREET,,Non-Injury Crash,No,2022,,South,,0,,Flat,,,,,,Overcast,2120500,0,0.0,0.0,2.0,,,0.0,,,,,,Wellington Region,Nil,2-way,Sealed,,0.0,0,,50.0,,Off,0.0,0.0,,47,Wellington City,Traffic Signals,,,,,0.0,0.0,Urban,2.0,,,Fine,Null,0
66507097,,573101,0.0,,0.0,1.0,,Null,2021/2022,WILLIS STREET,PALMER STREET,,Non-Injury Crash,No,2021,,North,,0,,Flat,,,,,,Overcast,2132400,0,0.0,0.0,2.0,,,0.0,,,,,,Wellington Region,Nil,1-way,Sealed,,0.0,0,,50.0,,Off,0.0,0.0,,47,Wellington City,Traffic Signals,,,,,0.0,0.0,Urban,1.0,,,Heavy rain,Null,1
66507117,,573526,0.0,0.0,0.0,1.0,1.0,South,2022/2023,HUTT ROAD,WEIGH PIT,,Minor Crash,Yes,2022,0.0,North,0.0,0,0.0,Flat,1.0,,0.0,,0.0,Overcast,2077503,1,0.0,0.0,2.0,0.0,0.0,0.0,0.0,0.0,,0.0,0.0,Wellington Region,Nil,1-way,Sealed,0.0,0.0,0,0.0,100.0,0.0,Off,0.0,0.0,,47,Wellington City,Nil,0.0,0.0,0.0,0.0,1.0,0.0,Open,0.0,0.0,0.0,Light rain,Null,0
66507133,,573101,0.0,,0.0,1.0,,Null,2020/2021,TORY STREET,FORRESTERS LANE,,Non-Injury Crash,No,2020,,North,,0,,Flat,,,,,,Bright sun,2136000,0,0.0,0.0,2.0,,,0.0,,,,,,Wellington Region,Nil,2-way,Sealed,,0.0,0,,30.0,,Null,1.0,0.0,,47,Wellington City,Nil,,,,,0.0,0.0,Urban,0.0,,,Null,Null,1
66507151,,573801,0.0,0.0,0.0,1.0,0.0,Null,2021/2022,BEAZLEY AVENUE,LYNDA AVENUE,,Non-Injury Crash,No,2021,0.0,North,0.0,0,0.0,Hill Road,0.0,,0.0,,0.0,Dark,2079800,0,0.0,0.0,2.0,0.0,0.0,0.0,0.0,0.0,,0.0,1.0,Wellington Region,Nil,2-way,Sealed,0.0,0.0,0,0.0,50.0,0.0,On,0.0,0.0,,47,Wellington City,Nil,0.0,0.0,0.0,0.0,0.0,0.0,Urban,0.0,0.0,0.0,Heavy rain,Strong wind,1
66507160,,573101,0.0,,0.0,2.0,,Null,2022/2023,VICTORIA STREET,BOND STREET,,Non-Injury Crash,No,2023,,South,,0,,Flat,,,,,,Overcast,2130800,0,0.0,0.0,2.0,,,0.0,,,,,,Wellington Region,Nil,1-way,Sealed,,0.0,0,,30.0,,Off,0.0,0.0,,47,Wellington City,Give way,,,,,0.0,0.0,Urban,0.0,,,Fine,Null,0
66507236,,574002,0.0,0.0,0.0,1.0,0.0,North,2022/2023,WELLINGTON URBAN MOTORWAY,NGAURANGA ON NBD OBR,,Non-Injury Crash,Yes,2022,0.0,North,0.0,0,0.0,Flat,1.0,,0.0,,0.0,Overcast,2078302,0,0.0,0.0,2.0,0.0,0.0,0.0,0.0,0.0,,0.0,0.0,Wellington Region,Nil,1-way,Sealed,0.0,0.0,0,0.0,100.0,0.0,Off,0.0,0.0,,47,Wellington City,Nil,0.0,0.0,0.0,0.0,0.0,0.0,Open,0.0,0.0,0.0,Fine,Null,0
66507238,,573200,0.0,,0.0,1.0,,West,2020/2021,ARO STREET,OHIRO ROAD,,Non-Injury Crash,No,2021,,East,,0,,Flat,,,,,,Overcast,2157900,0,0.0,0.0,2.0,,,0.0,,,,,,Wellington Region,Nil,2-way,Sealed,,0.0,0,,30.0,,Off,0.0,1.0,,47,Wellington City,Nil,,,,,0.0,0.0,Urban,1.0,,,Fine,Null,1
66507244,,573101,0.0,,0.0,1.0,,Null,2022/2023,CHAFFERS STREET,WAKEFIELD STREET,,Serious Crash,No,2023,,West,,0,,Flat,,,,,,Dark,2135400,0,0.0,0.0,2.0,,,0.0,,,1.0,,,Wellington Region,Nil,2-way,Sealed,,0.0,1,,50.0,,On,0.0,0.0,,47,Wellington City,Give way,,,,,0.0,0.0,Urban,0.0,,,Fine,Null,0
66507276,,574900,0.0,0.0,0.0,1.0,0.0,North,2020/2021,VICTORY AVENUE,VICTORY AVENUE,,Non-Injury Crash,No,2021,0.0,Null,0.0,0,0.0,Hill Road,0.0,,0.0,,0.0,Unknown,2109503,0,0.0,0.0,2.0,0.0,0.0,0.0,0.0,1.0,,0.0,0.0,Wellington Region,Nil,2-way,Sealed,0.0,0.0,0,0.0,50.0,0.0,Null,0.0,0.0,,47,Wellington City,Nil,0.0,0.0,0.0,0.0,0.0,0.0,Urban,0.0,0.0,0.0,Null,Null,1
66507281,,574303,0.0,0.0,0.0,1.0,0.0,South,2021/2022,CENTENNIAL HIGHWAY,ABATTOIRS,,Non-Injury Crash,Yes,2021,0.0,North,0.0,0,0.0,Hill Road,1.0,,0.0,,0.0,Dark,2088705,0,0.0,0.0,3.0,0.0,0.0,0.0,0.0,0.0,,0.0,0.0,Wellington Region,Nil,1-way,Sealed,0.0,0.0,0,0.0,80.0,0.0,On,0.0,0.0,,47,Wellington City,Nil,0.0,0.0,0.0,0.0,0.0,0.0,Open,0.0,0.0,0.0,Mist or Fog,Null,1
66507345,,576002,1.0,,0.0,1.0,,Null,2021/2022,THE PARADE,MEDWAY STREET,,Minor Crash,No,2022,,South,,0,,Flat,,,,,,Bright sun,2190400,1,0.0,0.0,2.0,,,0.0,,,,,,Wellington Region,Nil,2-way,Sealed,,0.0,0,,50.0,,Off,0.0,1.0,,47,Wellington City,Give way,,,,,0.0,0.0,Urban,0.0,,,Fine,Null,0
66507354,,574002,0.0,,0.0,0.0,,South,2021/2022,HUTT ROAD ON RAMP,HUTT ROAD,,Non-Injury Crash,No,2021,,North,,0,,Flat,,,,,,Dark,2078302,0,0.0,0.0,2.0,,,0.0,,,,,,Wellington Region,Motorway ramp,1-way,Sealed,,0.0,0,,80.0,,On,0.0,0.0,,47,Wellington City,Nil,,,,,0.0,0.0,Open,2.0,,,Fine,Null,1
66507412,,576400,0.0,,0.0,1.0,,Null,2022/2023,EMMETT STREET,RIDDIFORD STREET,,Minor Crash,No,2023,,West,,0,,Flat,,,,,,Bright sun,2166900,1,0.0,0.0,2.0,,,0.0,,,1.0,,,Wellington Region,Nil,2-way,Sealed,,0.0,0,,40.0,,Off,0.0,0.0,,47,Wellington City,Traffic Signals,,,,,0.0,0.0,Urban,0.0,,,Fine,Null,0
66507439,,573511,0.0,,0.0,0.0,,North,2020/2021,JOHNSONVILLE PORIRUA MOTORWAY,WESTCHESTER OBR NBD,,Non-Injury Crash,Yes,2021,,North,,0,,Hill Road,,,,,,Bright sun,2086203,0,0.0,0.0,2.0,,,0.0,,,,,,Wellington Region,Nil,1-way,Sealed,,0.0,0,,100.0,,Off,1.0,0.0,,47,Wellington City,Nil,,,,,1.0,0.0,Open,0.0,,,Fine,Null,1
66507460,,573400,0.0,,1.0,0.0,,East,2020/2021,MT VICTORIA TUNNEL,WEST PORTAL,,Non-Injury Crash,Yes,2021,,East,,0,,Flat,,,,,,Unknown,2143300,0,0.0,0.0,2.0,,,0.0,,,,,,Wellington Region,Tunnel,2-way,Sealed,,0.0,0,,50.0,,Null,0.0,0.0,,47,Wellington City,Nil,,,,,0.0,0.0,Urban,1.0,,,Null,Null,1
66507485,,573101,0.0,,0.0,1.0,,Null,2021/2022,GHUZNEE STREET,WILLIS STREET,,Minor Crash,No,2022,,South,,0,,Flat,,,,,,Bright sun,2131600,2,0.0,0.0,3.0,,,0.0,,,1.0,,,Wellington Region,Nil,2-way,Sealed,,0.0,0,,50.0,,Off,0.0,0.0,10.0,47,Wellington City,Nil,,,,,0.0,0.0,Urban,0.0,,,Fine,Null,0
66507498,,573200,0.0,0.0,0.0,3.0,0.0,West,2021/2022,BROOKLYN ROAD,NAIRN STREET,,Non-Injury Crash,No,2022,0.0,North,0.0,0,0.0,Hill Road,0.0,Christmas New Year,0.0,,0.0,Dark,2159300,0,0.0,0.0,2.0,0.0,0.0,0.0,0.0,1.0,,0.0,0.0,Wellington Region,Nil,2-way,Sealed,0.0,0.0,0,0.0,50.0,0.0,On,0.0,1.0,,47,Wellington City,Nil,0.0,0.0,0.0,0.0,0.0,0.0,Urban,0.0,0.0,0.0,Fine,Null,0
66507531,,573000,0.0,0.0,0.0,0.0,0.0,South,2020/2021,THE TERRACE,GHUZNEE STREET,,Non-Injury Crash,No,2021,0.0,South,0.0,0,0.0,Hill Road,0.0,,0.0,,0.0,Unknown,2129400,0,0.0,0.0,2.0,0.0,0.0,0.0,0.0,1.0,,0.0,0.0,Wellington Region,Nil,2-way,Sealed,0.0,0.0,0,0.0,50.0,0.0,Null,1.0,0.0,,47,Wellington City,Nil,0.0,0.0,0.0,0.0,1.0,0.0,Urban,0.0,0.0,0.0,Null,Null,1
66507601,,573000,0.0,,0.0,1.0,,South,2020/2021,WELLINGTON URBAN MOTORWAY,NORTH PORTAL NBD,,Non-Injury Crash,Yes,2021,,North,,0,,Flat,,,,,,Dark,2126900,0,0.0,0.0,3.0,,,0.0,,,,,,Wellington Region,Tunnel,2-way,Sealed,,0.0,0,,80.0,,On,1.0,0.0,,47,Wellington City,Unknown,,,,,0.0,0.0,Open,0.0,,,Fine,Null,1
66507630,,573526,0.0,0.0,0.0,1.0,1.0,West,2021/2022,HUTT ROAD,SERVICE STN NTH,,Serious Crash,Yes,2022,0.0,North,0.0,0,0.0,Flat,0.0,,0.0,,0.0,Dark,2077503,0,0.0,0.0,2.0,0.0,0.0,0.0,0.0,0.0,,0.0,1.0,Wellington Region,Nil,2-way,Sealed,0.0,0.0,3,0.0,100.0,0.0,On,0.0,0.0,,47,Wellington City,Nil,0.0,0.0,0.0,0.0,0.0,0.0,Open,0.0,0.0,0.0,Fine,Null,0
66507696,,573101,0.0,,0.0,0.0,,West,2020/2021,VIVIAN STREET,TARANAKI STREET,,Non-Injury Crash,Yes,2021,,East,,0,,Flat,,,,,,Bright sun,2133700,0,0.0,0.0,2.0,,,0.0,,,,,,Wellington Region,Nil,1-way,Sealed,,0.0,0,,50.0,,Off,2.0,0.0,,47,Wellington City,Nil,,,,,0.0,0.0,Urban,0.0,,,Fine,Null,1
66507774,,573400,0.0,,0.0,2.0,,South,2021/2022,PATERSON STREET,AUSTIN STREET,,Non-Injury Crash,No,2021,,East,,0,,Flat,,,,,,Bright sun,2143000,0,0.0,0.0,2.0,,,0.0,,,,,,Wellington Region,Tunnel,2-way,Sealed,,0.0,0,,50.0,,Off,0.0,0.0,,47,Wellington City,Nil,,,,,0.0,0.0,Urban,0.0,,,Light rain,Strong wind,1
66507790,,573514,0.0,,0.0,1.0,,North,2020/2021,CUNLIFFE STREET,SALEM COURT,,Non-Injury Crash,No,2021,,North,,0,,Hill Road,,,,,,Dark,2086739,0,0.0,0.0,2.0,,,0.0,,,,,,Wellington Region,Nil,2-way,Sealed,,0.0,0,,50.0,,On,0.0,0.0,,47,Wellington City,Nil,,,,,0.0,0.0,Urban,0.0,,,Fine,Null,1
66507791,,576400,0.0,0.0,0.0,1.0,0.0,South,2021/2022,MT ALBERT ROAD,LAVAUD STREET,,Non-Injury Crash,No,2021,0.0,North,0.0,0,0.0,Hill Road,0.0,,0.0,,0.0,Overcast,2170901,0,0.0,0.0,2.0,0.0,0.0,0.0,0.0,0.0,,0.0,0.0,Wellington Region,Nil,2-way,Sealed,0.0,0.0,0,0.0,50.0,0.0,Off,0.0,0.0,,47,Wellington City,Nil,0.0,0.0,0.0,0.0,0.0,0.0,Urban,0.0,0.0,0.0,Light rain,Null,1
66507808,,574002,0.0,0.0,0.0,0.0,0.0,North,2022/2023,HUTT ROAD,RAILYARD ENTRY,,Non-Injury Crash,Yes,2022,0.0,South,0.0,0,1.0,Flat,1.0,,0.0,,0.0,Overcast,2078302,0,0.0,0.0,2.0,0.0,1.0,0.0,0.0,0.0,,0.0,0.0,Wellington Region,Nil,1-way,Sealed,0.0,0.0,0,0.0,100.0,0.0,Off,1.0,0.0,,47,Wellington City,Nil,0.0,0.0,0.0,0.0,0.0,0.0,Open,0.0,0.0,0.0,Light rain,Null,0
66507867,,573600,0.0,0.0,0.0,1.0,0.0,East,2020/2021,IRONSIDE ROAD,MORGAN STREET,,Non-Injury Crash,No,2021,0.0,Null,0.0,0,0.0,Hill Road,0.0,,0.0,,0.0,Bright sun,2080800,0,0.0,0.0,2.0,0.0,0.0,0.0,0.0,1.0,,0.0,0.0,Wellington Region,Nil,2-way,Sealed,0.0,0.0,0,0.0,50.0,0.0,Null,0.0,0.0,,47,Wellington City,Nil,0.0,0.0,0.0,0.0,0.0,0.0,Urban,0.0,0.0,0.0,Fine,Null,1
66507872,,573101,0.0,0.0,0.0,0.0,0.0,North,2022/2023,CAMBRIDGE TERRACE,COLLEGE STREET,,Non-Injury Crash,No,2022,0.0,North,0.0,0,0.0,Flat,0.0,,1.0,,0.0,Bright sun,2136500,0,0.0,0.0,3.0,0.0,0.0,0.0,0.0,0.0,,0.0,0.0,Wellington Region,Nil,1-way,Sealed,0.0,0.0,0,0.0,50.0,0.0,Off,0.0,0.0,,47,Wellington City,Nil,0.0,0.0,0.0,0.0,1.0,0.0,Urban,0.0,0.0,0.0,Fine,Null,0
66507877,,573000,0.0,,0.0,2.0,,Null,2021/2022,WELLINGTON URBAN MOTORWAY,WILLIS STREET,,Minor Crash,Yes,2022,,North,,0,,Flat,,,,,,Overcast,2129700,1,0.0,0.0,4.0,,,0.0,,,,,,Wellington Region,Nil,2-way,Sealed,,0.0,0,,50.0,,Off,0.0,0.0,,47,Wellington City,Traffic Signals,,,,,0.0,0.0,Urban,0.0,,,Fine,Null,0
66507894,,573802,0.0,0.0,0.0,3.0,0.0,Null,2021/2022,HELSTON ROAD,STEWART DRIVE,,Minor Crash,No,2022,0.0,West,0.0,0,0.0,Flat,0.0,,0.0,,0.0,Overcast,2079100,1,0.0,0.0,2.0,0.0,0.0,0.0,0.0,2.0,,0.0,0.0,Wellington Region,Nil,2-way,Sealed,0.0,0.0,0,0.0,50.0,0.0,Off,0.0,0.0,,47,Wellington City,Give way,0.0,0.0,0.0,0.0,0.0,0.0,Urban,0.0,0.0,0.0,Light rain,Null,0
66507908,,574303,0.0,,0.0,1.0,,North,2022/2023,CENTENNIAL HIGHWAY,KIWI POINT QUARRY ENT,,Minor Crash,Yes,2022,,North,,0,,Hill Road,,,,,,Dark,2084302,1,0.0,0.0,3.0,,,0.0,,,,,,Wellington Region,Nil,1-way,Sealed,,0.0,0,,80.0,,On,0.0,0.0,,47,Wellington City,Nil,,,,,1.0,0.0,Open,0.0,,,Fine,Null,0
66507943,,576400,0.0,,0.0,0.0,,West,2021/2022,ROY STREET,DANIELL STREET,,Serious Crash,No,2022,,West,,0,,Flat,,,,,,Bright sun,2170901,0,0.0,0.0,2.0,,,0.0,,,1.0,,,Wellington Region,Nil,2-way,Sealed,,0.0,1,,50.0,,Off,0.0,0.0,,47,Wellington City,Nil,,,,,0.0,0.0,Urban,0.0,,,Fine,Null,0
66507957,,573400,0.0,,0.0,0.0,,Null,2021/2022,ORIENTAL PARADE,PRINCE STREET,,Non-Injury Crash,No,2021,,West,,0,,Flat,,,,,,Overcast,2138800,0,0.0,0.0,2.0,,,1.0,,,1.0,,,Wellington Region,Nil,2-way,Sealed,,0.0,0,,40.0,,Off,0.0,0.0,,47,Wellington City,Nil,,,,,0.0,0.0,Urban,0.0,,,Heavy rain,Null,1
66507995,,573101,0.0,0.0,0.0,2.0,0.0,South,2020/2021,TORY STREET,FORRESTERS LANE,,Non-Injury Crash,No,2021,0.0,South,0.0,0,0.0,Flat,0.0,,0.0,,0.0,Overcast,2136000,0,0.0,0.0,2.0,0.0,0.0,0.0,0.0,1.0,,0.0,0.0,Wellington Region,Nil,2-way,Sealed,0.0,0.0,0,0.0,30.0,0.0,Off,0.0,0.0,,47,Wellington City,Nil,0.0,0.0,0.0,0.0,0.0,0.0,Urban,0.0,0.0,0.0,Fine,Null,1
66508006,,574302,0.0,0.0,0.0,2.0,0.0,South,2021/2022,WELLINGTON URBAN MOTORWAY,ONSLOW RAIL OBR,,Non-Injury Crash,Yes,2021,0.0,South,0.0,0,0.0,Flat,1.0,,0.0,,0.0,Overcast,2090604,0,0.0,0.0,3.0,0.0,0.0,0.0,0.0,0.0,,0.0,0.0,Wellington Region,Nil,1-way,Sealed,0.0,0.0,0,0.0,100.0,0.0,Off,0.0,0.0,,47,Wellington City,Nil,0.0,0.0,0.0,0.0,0.0,0.0,Open,0.0,0.0,0.0,Fine,Null,1
66508018,,574002,0.0,0.0,0.0,0.0,0.0,North,2021/2022,CENTENNIAL HIGHWAY,WAKELY ROAD,,Non-Injury Crash,Yes,2022,0.0,South,0.0,0,0.0,Hill Road,1.0,,0.0,,0.0,Overcast,2078304,0,0.0,0.0,3.0,0.0,0.0,0.0,0.0,0.0,,0.0,0.0,Wellington Region,Nil,2-way,Sealed,0.0,0.0,0,0.0,80.0,0.0,Off,1.0,0.0,,47,Wellington City,Unknown,0.0,0.0,0.0,0.0,0.0,0.0,Open,1.0,0.0,0.0,Fine,Null,0