OBJECTID,advisorySpeed,areaUnitID,bicycle,bridge,bus,carStationWagon,cliffBank,crashDirectionDescription,crashFinancialYear,crashLocation1,crashLocation2,crashRoadSideRoad,crashSeverity,crashSHDescription,crashYear,debris,directionRoleDescription,ditch,fatalCount,fence,flatHill,guardRail,holiday,houseOrBuilding,intersection,kerb,light,meshblockId,minorInjuryCount,moped,motorcycle,NumberOfLanes,objectThrownOrDropped,otherObject,otherVehicleType,overBank,parkedVehicle,pedestrian,phoneBoxEtc,postOrPole,region,roadCharacter,roadLane,roadSurface,roadworks,schoolBus,seriousInjuryCount,slipOrFlood,speedLimit,strayAnimal,streetLight,suv,taxi,temporarySpeedLimit,tlaId,tlaName,trafficControl,trafficIsland,trafficSign,train,tree,truck,unknownVehicleType,urban,vanOrUtility,vehicle,waterRiver,weatherA,weatherB,if_pandemic
66508050,,573000,0.0,0.0,0.0,1.0,0.0,Null,2021/2022,DIXON STREET,WILLIS STREET,,Non-Injury Crash,No,2021,0.0,East,0.0,0,0.0,Hill Road,0.0,,0.0,,0.0,Overcast,2130700,0,0.0,0.0,2.0,0.0,0.0,0.0,0.0,0.0,,0.0,0.0,Wellington Region,Nil,2-way,Sealed,0.0,0.0,0,0.0,50.0,0.0,On,0.0,1.0,,47,Wellington City,Traffic Signals,0.0,1.0,0.0,0.0,0.0,1.0,Urban,0.0,0.0,0.0,Light rain,Null,1
66508084,,577302,0.0,,0.0,2.0,,Null,2021/2022,TAUHINU ROAD,MIRAMAR AVENUE,,Non-Injury Crash,No,2022,,South,,0,,Flat,,,,,,Dark,2206004,0,0.0,0.0,2.0,,,0.0,,,,,,Wellington Region,Nil,2-way,Sealed,,0.0,0,,50.0,,On,0.0,0.0,,47,Wellington City,Give way,,,,,0.0,0.0,Urban,0.0,,,Fine,Null,0
66508093,,573525,0.0,0.0,0.0,1.0,0.0,North,2021/2022,JOHNSONVILLE PORIRUA MOTORWAY,TAWA-GRENADA NORTH OFF RAMP,,Non-Injury Crash,Yes,2021,0.0,South,0.0,0,0.0,Flat,1.0,,0.0,,0.0,Overcast,2053830,0,0.0,0.0,4.0,0.0,0.0,0.0,0.0,0.0,,0.0,0.0,Wellington Region,Nil,2-way,Sealed,0.0,0.0,0,0.0,100.0,0.0,Off,0.0,0.0,,47,Wellington City,Nil,0.0,0.0,0.0,0.0,0.0,0.0,Open,0.0,0.0,0.0,Light rain,Null,1
66508103,,573000,0.0,,0.0,1.0,,Null,2020/2021,WELLINGTON URBAN MOTORWAY,WILLIS STREET,,Non-Injury Crash,Yes,2021,,East,,0,,Flat,,,,,,Unknown,2129700,0,0.0,0.0,2.0,,,0.0,,,,,,Wellington Region,Nil,1-way,Sealed,,0.0,0,,50.0,,Null,1.0,0.0,,47,Wellington City,Traffic Signals,,,,,0.0,0.0,Urban,0.0,,,Null,Null,1
66508116,,573101,0.0,,0.0,2.0,,South,2020/2021,TARANAKI STREET,CABLE STREET,,Non-Injury Crash,No,2021,,North,,0,,Flat,,,,,,Dark,2135200,0,0.0,0.0,4.0,,,0.0,,,,,,Wellington Region,Nil,2-way,Sealed,,0.0,0,,50.0,,On,0.0,0.0,,47,Wellington City,Nil,,,,,0.0,0.0,Urban,0.0,,,Null,Null,1
66508147,,574002,0.0,,0.0,2.0,,North,2020/2021,CENTENNIAL HIGHWAY,WAKELY ROAD,,Non-Injury Crash,Yes,2021,,North,,0,,Hill Road,,,,,,Dark,2078304,0,0.0,0.0,3.0,,,0.0,,,,,,Wellington Region,Nil,1-way,Sealed,,0.0,0,,80.0,,On,0.0,0.0,,47,Wellington City,Nil,,,,,0.0,0.0,Open,0.0,,,Fine,Null,1
66508178,,573903,0.0,0.0,0.0,1.0,0.0,South,2021/2022,JOHNSONVILLE ON RAMP,NEWLANDS OFF RAMP,,Non-Injury Crash,No,2021,0.0,South,0.0,0,0.0,Flat,1.0,,0.0,,0.0,Overcast,2075103,0,0.0,0.0,3.0,0.0,0.0,0.0,0.0,0.0,,0.0,0.0,Wellington Region,Motorway ramp,1-way,Sealed,0.0,0.0,0,0.0,80.0,0.0,Off,0.0,0.0,,47,Wellington City,Nil,0.0,0.0,0.0,0.0,0.0,0.0,Open,0.0,0.0,0.0,Mist or Fog,Null,1
66508183,,572701,0.0,,1.0,1.0,,Null,2021/2022,MAIN ROAD,THOMAS HOOK STREET,,Non-Injury Crash,No,2021,,South,,0,,Flat,,Christmas New Year,,,,Overcast,1994001,0,0.0,0.0,2.0,,,0.0,,,,,,Wellington Region,Nil,2-way,Sealed,,0.0,0,,50.0,,Off,0.0,0.0,,47,Wellington City,Nil,,,,,0.0,0.0,Urban,0.0,,,Fine,Null,1
66508211,,576500,0.0,0.0,0.0,1.0,0.0,West,2020/2021,MEIN STREET,BLUCHER AVENUE,,Non-Injury Crash,No,2021,0.0,East,0.0,0,0.0,Hill Road,0.0,,0.0,,0.0,Unknown,2148900,0,0.0,0.0,2.0,0.0,0.0,0.0,0.0,1.0,,0.0,0.0,Wellington Region,Speed hump,2-way,Sealed,0.0,0.0,0,0.0,40.0,0.0,Null,1.0,0.0,,47,Wellington City,Nil,0.0,0.0,0.0,0.0,0.0,0.0,Urban,0.0,0.0,0.0,Null,Null,1
66508212,,577102,0.0,0.0,0.0,1.0,0.0,East,2021/2022,AHURIRI STREET,KEKERENGA STREET,,Non-Injury Crash,No,2022,0.0,East,0.0,0,0.0,Hill Road,0.0,,0.0,,0.0,Bright sun,2216000,0,0.0,0.0,2.0,0.0,0.0,0.0,0.0,0.0,,1.0,0.0,Wellington Region,Nil,2-way,Sealed,0.0,0.0,0,0.0,50.0,0.0,Off,0.0,0.0,,47,Wellington City,Nil,0.0,0.0,0.0,0.0,0.0,0.0,Urban,0.0,0.0,0.0,Fine,Null,0
66508220,,573523,0.0,,0.0,1.0,,Null,2022/2023,GRENADA DRIVE,CHURTON PARK-GLENSIDE OFF RAMP,,Minor Crash,No,2022,,West,,0,,Hill Road,,,,,,Bright sun,2086310,1,1.0,0.0,2.0,,,0.0,,,,,,Wellington Region,Overpass,2-way,Sealed,,0.0,0,,50.0,,Off,0.0,0.0,,47,Wellington City,Stop,,,,,0.0,0.0,Urban,0.0,,,Fine,Null,0
66508228,,577500,0.0,0.0,0.0,1.0,0.0,South,2021/2022,BREAKER BAY ROAD,PASS OF BRANDA,,Non-Injury Crash,No,2022,0.0,South,0.0,0,0.0,Flat,0.0,,0.0,,0.0,Dark,2212400,0,0.0,0.0,1.0,0.0,0.0,0.0,0.0,0.0,,0.0,0.0,Wellington Region,Nil,2-way,Sealed,0.0,0.0,0,0.0,50.0,0.0,None,0.0,0.0,,47,Wellington City,Nil,0.0,1.0,0.0,0.0,0.0,0.0,Urban,0.0,0.0,0.0,Fine,Null,0
66508230,,574900,0.0,,0.0,1.0,,Null,2022/2023,ALLINGTON ROAD,SOUTH KARORI ROAD,,Minor Crash,No,2023,,East,,0,,Flat,,,,,,Bright sun,2110400,1,1.0,0.0,2.0,,,0.0,,,,,,Wellington Region,Nil,2-way,Sealed,,0.0,0,,50.0,,None,0.0,0.0,,47,Wellington City,Give way,,,,,0.0,0.0,Urban,0.0,,,Fine,Null,0
66508262,,572900,0.0,,0.0,1.0,,Null,2022/2023,TINAKORI ROAD,HAWKESTONE STREET,,Minor Crash,No,2022,,South,,0,,Flat,,,,,,Overcast,2119500,1,0.0,0.0,2.0,,,0.0,,,1.0,,,Wellington Region,Nil,2-way,Sealed,,0.0,0,,50.0,,Off,0.0,0.0,,47,Wellington City,Isolated Pedestrian signal (non-intersection),,,,,0.0,0.0,Urban,1.0,,,Light rain,Null,0
66508286,,575300,1.0,,1.0,0.0,,North,2020/2021,GLENMORE STREET,ORANGI KAUPAPA ROAD,,Non-Injury Crash,No,2021,,North,,0,,Null,,,,,,Unknown,2153501,0,0.0,0.0,2.0,,,0.0,,,,,,Wellington Region,Nil,2-way,Sealed,,0.0,0,,50.0,,Off,0.0,0.0,,47,Wellington City,Unknown,,,,,0.0,0.0,Urban,0.0,,,Null,Null,1
66508306,,572900,0.0,0.0,0.0,1.0,0.0,South,2021/2022,MOTUROA STREET,HOBSON STREET,,Non-Injury Crash,No,2021,0.0,South,0.0,0,0.0,Hill Road,0.0,,0.0,,0.0,Overcast,2119100,0,0.0,0.0,2.0,0.0,0.0,0.0,0.0,2.0,,0.0,0.0,Wellington Region,Nil,2-way,Sealed,0.0,0.0,0,0.0,50.0,0.0,Off,2.0,0.0,,47,Wellington City,Nil,0.0,0.0,0.0,0.0,0.0,0.0,Urban,0.0,0.0,0.0,Fine,Null,1
66508308,,573700,0.0,0.0,0.0,1.0,0.0,North,2021/2022,WOODLAND ROAD,HILTON WAY,,Non-Injury Crash,No,2022,0.0,North,0.0,0,0.0,Hill Road,0.0,,0.0,,0.0,Unknown,2081700,0,0.0,0.0,2.0,0.0,0.0,0.0,0.0,1.0,,0.0,0.0,Wellington Region,Nil,2-way,Sealed,0.0,0.0,0,0.0,50.0,0.0,Null,0.0,0.0,,47,Wellington City,Nil,0.0,0.0,0.0,0.0,0.0,0.0,Urban,0.0,0.0,0.0,Null,Null,0
66508322,,573101,0.0,,0.0,2.0,,South,2020/2021,JERVOIS QUAY,HARRIS STREET,,Non-Injury Crash,No,2021,,South,,0,,Flat,,,,,,Bright sun,2133000,0,0.0,0.0,2.0,,,0.0,,,,,,Wellington Region,Underpass,2-way,Sealed,,0.0,0,,50.0,,Off,0.0,0.0,,47,Wellington City,Nil,,,,,0.0,0.0,Urban,0.0,,,Fine,Null,1
66508379,,575200,0.0,0.0,0.0,1.0,1.0,Null,2021/2022,RAROA CRESCENT,NORTHLAND TUNNEL ROAD,,Non-Injury Crash,No,2021,0.0,South,0.0,0,0.0,Hill Road,0.0,,0.0,,0.0,Dark,2149800,0,0.0,0.0,2.0,0.0,0.0,0.0,0.0,0.0,,0.0,1.0,Wellington Region,Nil,2-way,Sealed,0.0,0.0,0,0.0,50.0,0.0,On,0.0,0.0,,47,Wellington City,Stop,0.0,0.0,0.0,0.0,0.0,0.0,Urban,0.0,0.0,0.0,Light rain,Null,1
66508404,,573523,0.0,,0.0,1.0,,South,2020/2021,JOHNSONVILLE PORIRUA MOTORWAY,CHURTON PARK-GLENSIDE ON RAMP,,Non-Injury Crash,Yes,2021,,South,,0,,Flat,,,,,,Overcast,2086310,0,0.0,1.0,2.0,,,0.0,,,,,,Wellington Region,Nil,1-way,Sealed,,0.0,0,,100.0,,Off,0.0,0.0,,47,Wellington City,Nil,,,,,0.0,0.0,Open,0.0,,,Heavy rain,Null,1
66508413,,576800,0.0,,0.0,1.0,,Null,2021/2022,TAURIMA STREET,RUAHINE STREET,,Non-Injury Crash,No,2021,,West,,0,,Hill Road,,,,,,Bright sun,2181900,0,0.0,0.0,2.0,,,0.0,,,,,,Wellington Region,Nil,2-way,Sealed,,0.0,0,,50.0,,Off,1.0,0.0,,47,Wellington City,Give way,,,,,0.0,0.0,Urban,0.0,,,Null,Null,1
66508415,,574303,0.0,,0.0,2.0,,North,2020/2021,CENTENNIAL HIGHWAY,NEWLANDS OFF RAMP,,Non-Injury Crash,Yes,2021,,North,,0,,Hill Road,,,,,,Unknown,2084302,0,0.0,0.0,3.0,,,0.0,,,,,,Wellington Region,Nil,1-way,Sealed,,0.0,0,,80.0,,Null,0.0,0.0,,47,Wellington City,Nil,,,,,0.0,0.0,Open,0.0,,,Null,Null,1
66508460,,574402,0.0,0.0,0.0,2.0,0.0,East,2021/2022,OLD PORIRUA ROAD,CAPTAIN EDWARD DANIELL DRIVE,,Non-Injury Crash,No,2021,0.0,West,0.0,0,0.0,Flat,0.0,,0.0,,0.0,Unknown,2097602,0,0.0,0.0,2.0,0.0,0.0,0.0,0.0,1.0,,0.0,0.0,Wellington Region,Nil,2-way,Sealed,0.0,0.0,0,0.0,50.0,0.0,Null,0.0,0.0,,47,Wellington City,Nil,0.0,0.0,0.0,0.0,0.0,0.0,Urban,0.0,0.0,0.0,Null,Null,1
66508489,,572600,0.0,,0.0,2.0,,Null,2020/2021,LARSEN CRESCENT,JULIA PLACE,,Non-Injury Crash,No,2020,,East,,0,,Hill Road,,,,,,Dark,1989301,0,0.0,0.0,2.0,,,0.0,,,,,,Wellington Region,Nil,2-way,Sealed,,0.0,0,,50.0,,On,0.0,0.0,,47,Wellington City,Nil,,,,,0.0,0.0,Urban,0.0,,,Null,Null,1
66508501,,573700,0.0,0.0,0.0,2.0,0.0,South,2021/2022,FRASER AVENUE,POLLEN STREET,,Non-Injury Crash,No,2021,0.0,South,0.0,0,0.0,Hill Road,0.0,,0.0,,0.0,Dark,2083400,0,0.0,0.0,2.0,0.0,0.0,0.0,0.0,1.0,,0.0,0.0,Wellington Region,Nil,2-way,Sealed,0.0,0.0,0,0.0,50.0,0.0,On,0.0,0.0,,47,Wellington City,Nil,0.0,0.0,0.0,0.0,0.0,0.0,Urban,0.0,0.0,0.0,Fine,Null,1
66508534,,573101,0.0,0.0,0.0,0.0,0.0,Null,2021/2022,TORY STREET,JESSIE STREET,,Non-Injury Crash,No,2021,0.0,North,0.0,0,0.0,Hill Road,0.0,,0.0,,0.0,Bright sun,2136500,0,0.0,0.0,2.0,0.0,0.0,0.0,0.0,1.0,,0.0,0.0,Wellington Region,Nil,2-way,Sealed,0.0,0.0,0,0.0,30.0,0.0,Off,1.0,0.0,,47,Wellington City,Give way,0.0,0.0,0.0,0.0,1.0,0.0,Urban,0.0,0.0,0.0,Fine,Null,1
66508560,,573101,0.0,0.0,0.0,1.0,0.0,West,2022/2023,COURTENAY PLACE,ALLEN STREET,,Non-Injury Crash,No,2022,0.0,West,0.0,0,0.0,Flat,0.0,,0.0,,0.0,Dark,2135700,0,0.0,0.0,1.0,0.0,0.0,0.0,0.0,1.0,,0.0,0.0,Wellington Region,Nil,1-way,Sealed,0.0,0.0,0,0.0,30.0,0.0,On,0.0,1.0,,47,Wellington City,Nil,0.0,0.0,0.0,0.0,0.0,0.0,Urban,1.0,0.0,0.0,Fine,Null,0
66508562,,573101,0.0,,0.0,2.0,,South,2021/2022,BLAIR STREET,WAKEFIELD STREET,,Minor Crash,No,2021,,West,,0,,Flat,,,,,,Overcast,2135700,1,0.0,0.0,2.0,,,0.0,,,1.0,,,Wellington Region,Nil,2-way,Sealed,,0.0,0,,30.0,,Off,0.0,0.0,,47,Wellington City,Nil,,,,,0.0,0.0,Urban,0.0,,,Fine,Null,1
66508622,,576800,0.0,,0.0,1.0,,West,2021/2022,TAURIMA STREET,RUAHINE STREET,,Non-Injury Crash,Yes,2021,,West,,0,,Null,,,,,,Unknown,2181800,0,0.0,0.0,2.0,,,0.0,,,,,,Wellington Region,Nil,2-way,Sealed,,0.0,0,,50.0,,Null,0.0,0.0,,47,Wellington City,Nil,,,,,0.0,0.0,Urban,1.0,,,Null,Null,1
66508629,,572900,0.0,,0.0,1.0,,Null,2021/2022,THORNDON QUAY,MOORE STREET,,Non-Injury Crash,No,2022,,West,,0,,Flat,,,,,,Overcast,2121500,0,1.0,0.0,2.0,,,0.0,,,,,,Wellington Region,Nil,2-way,Sealed,,0.0,0,,50.0,,None,0.0,0.0,,47,Wellington City,Nil,,,,,0.0,0.0,Urban,0.0,,,Light rain,Null,0
66508652,,573000,0.0,,0.0,0.0,,Null,2022/2023,GHUZNEE STREET,WILLIS STREET,,Minor Crash,No,2022,,East,,0,,Hill Road,,,,,,Overcast,2130700,1,1.0,0.0,3.0,,,0.0,,,,,,Wellington Region,Nil,2-way,Sealed,,0.0,0,,30.0,,On,1.0,0.0,,47,Wellington City,Traffic Signals,,,,,0.0,0.0,Urban,0.0,,,Fine,Null,0
66508665,,574302,0.0,,0.0,1.0,,Null,2021/2022,RANGIORA AVENUE,SOVEREIGN POINT,,Non-Injury Crash,No,2021,,East,,0,,Hill Road,,,,,,Unknown,2091602,0,0.0,0.0,2.0,,,0.0,,,,,,Wellington Region,Nil,2-way,Sealed,,0.0,0,,50.0,,Null,0.0,0.0,,47,Wellington City,Nil,,,,,0.0,0.0,Urban,1.0,,,Null,Null,1
66508751,,573300,0.0,,1.0,0.0,,Null,2020/2021,WALLACE STREET,BIDWILL STREET,,Fatal Crash,No,2021,,North,,1,,Flat,,Easter,,,,Dark,2145100,0,0.0,0.0,2.0,,,0.0,,,1.0,,,Wellington Region,Nil,2-way,Sealed,,0.0,0,,50.0,,On,0.0,0.0,,47,Wellington City,Traffic Signals,,,,,0.0,0.0,Urban,0.0,,,Fine,Null,1
66508755,,576301,0.0,0.0,0.0,1.0,0.0,North,2020/2021,HANSON STREET,STOKE STREET,,Non-Injury Crash,No,2021,0.0,South,0.0,0,0.0,Hill Road,0.0,,0.0,,0.0,Bright sun,2164300,0,0.0,0.0,1.0,0.0,0.0,0.0,0.0,1.0,,0.0,0.0,Wellington Region,Nil,2-way,Sealed,0.0,0.0,0,0.0,50.0,0.0,Off,1.0,0.0,,47,Wellington City,Unknown,0.0,0.0,0.0,0.0,0.0,0.0,Urban,0.0,0.0,0.0,Fine,Null,1
66508763,,573000,0.0,0.0,0.0,0.0,0.0,Null,2021/2022,VICTORIA STREET,HARRIS STREET,,Non-Injury Crash,No,2022,0.0,South,0.0,0,0.0,Null,0.0,,0.0,,0.0,Unknown,2127500,0,0.0,0.0,2.0,0.0,0.0,0.0,0.0,1.0,,0.0,0.0,Wellington Region,Nil,1-way,Sealed,0.0,0.0,0,0.0,30.0,0.0,Null,1.0,0.0,,47,Wellington City,Traffic Signals,0.0,0.0,0.0,0.0,0.0,1.0,Urban,0.0,0.0,0.0,Null,Null,0
66508806,,576901,0.0,0.0,0.0,1.0,0.0,Null,2020/2021,QUEENS DRIVE,CRUICKSHANK STREET,,Non-Injury Crash,No,2020,0.0,North,0.0,0,0.0,Flat,0.0,Christmas New Year,0.0,,0.0,Unknown,2178500,0,0.0,0.0,2.0,0.0,0.0,0.0,0.0,1.0,,0.0,0.0,Wellington Region,Nil,2-way,Sealed,0.0,0.0,0,0.0,50.0,0.0,Null,0.0,0.0,,47,Wellington City,Give way,0.0,0.0,0.0,0.0,0.0,0.0,Urban,0.0,0.0,0.0,Null,Null,1
66508822,,573000,0.0,,0.0,1.0,,North,2021/2022,WELLINGTON URBAN MOTORWAY,SOUTH PORTAL,,Non-Injury Crash,Yes,2022,,North,,0,,Flat,,,,,,Bright sun,2129200,0,0.0,0.0,3.0,,,0.0,,,,,,Wellington Region,Tunnel,2-way,Sealed,,0.0,0,,70.0,,On,1.0,0.0,,47,Wellington City,Nil,,,,,0.0,0.0,Urban,0.0,,,Fine,Null,0
66508831,,573101,0.0,,0.0,1.0,,Null,2021/2022,TARANAKI STREET,DIXON STREET,,Non-Injury Crash,No,2022,,South,,0,,Flat,,,,,,Unknown,2133408,0,0.0,0.0,4.0,,,0.0,,,,,,Wellington Region,Nil,2-way,Sealed,,0.0,0,,30.0,,Null,1.0,0.0,,47,Wellington City,Traffic Signals,,,,,0.0,0.0,Urban,0.0,,,Null,Null,0
66508864,,575600,0.0,0.0,0.0,2.0,0.0,South,2021/2022,MITCHELL STREET,TODMAN STREET,,Non-Injury Crash,No,2021,0.0,South,0.0,0,0.0,Hill Road,0.0,,0.0,,0.0,Unknown,2161100,0,0.0,0.0,2.0,0.0,0.0,0.0,0.0,1.0,,0.0,0.0,Wellington Region,Nil,2-way,Sealed,0.0,0.0,0,0.0,50.0,0.0,Off,0.0,0.0,,47,Wellington City,Nil,0.0,0.0,0.0,0.0,0.0,0.0,Urban,0.0,0.0,0.0,Null,Null,1
66508890,,573300,0.0,,0.0,1.0,,Null,2022/2023,OFFROAD - WELLINGTON HIGH SCHOOL  CARPARK,,,Minor Crash,No,2023,,South,,0,,Flat,,,,,,Bright sun,2145400,1,0.0,0.0,,,,0.0,,,1.0,,,Wellington Region,Nil,Off road,Sealed,,0.0,0,,5.0,,Off,0.0,0.0,,47,Wellington City,Nil,,,,,0.0,0.0,Urban,0.0,,,Fine,Null,0
66508921,,573000,0.0,,0.0,2.0,,Null,2021/2022,STOUT STREET,WHITMORE STREET,,Minor Crash,No,2022,,North,,0,,Flat,,,,,,Bright sun,2124200,1,0.0,0.0,2.0,,,0.0,,,,,,Wellington Region,Nil,1-way,Sealed,,0.0,0,,30.0,,Off,0.0,0.0,,47,Wellington City,Traffic Signals,,,,,0.0,0.0,Urban,0.0,,,Fine,Null,0
66508946,,573526,0.0,,0.0,1.0,,North,2022/2023,HUTT ROAD,RAILYARD ENTRY,,Non-Injury Crash,Yes,2022,,South,,0,,Flat,,,,,,Bright sun,2077503,0,0.0,0.0,2.0,,,0.0,,,,,,Wellington Region,Nil,1-way,Sealed,,0.0,0,,100.0,,Off,0.0,0.0,,47,Wellington City,Nil,,,,,0.0,0.0,Open,2.0,,,Fine,Null,0
66508950,,572701,0.0,0.0,0.0,2.0,0.0,East,2021/2022,MEXTED TERRACE,BELL STREET,,Non-Injury Crash,No,2021,0.0,East,0.0,0,0.0,Flat,0.0,,0.0,,0.0,Bright sun,1993100,0,0.0,0.0,2.0,0.0,0.0,0.0,0.0,1.0,,0.0,0.0,Wellington Region,Nil,2-way,Sealed,0.0,0.0,0,0.0,50.0,0.0,Off,0.0,0.0,,47,Wellington City,Nil,0.0,0.0,0.0,0.0,0.0,0.0,Urban,0.0,0.0,0.0,Fine,Null,1
66508976,,573200,0.0,0.0,0.0,1.0,0.0,North,2021/2022,BROOKLYN ROAD,NAIRN STREET,,Non-Injury Crash,No,2022,0.0,South,0.0,0,0.0,Hill Road,0.0,,1.0,,0.0,Twilight,2159801,0,0.0,0.0,2.0,0.0,0.0,0.0,0.0,0.0,,0.0,0.0,Wellington Region,Nil,2-way,Sealed,0.0,0.0,0,0.0,50.0,0.0,On,0.0,0.0,,47,Wellington City,Nil,0.0,0.0,0.0,0.0,0.0,0.0,Urban,0.0,0.0,0.0,Light rain,Null,0
66509035,,576301,0.0,0.0,1.0,1.0,0.0,Null,2021/2022,HANSON STREET,HALL STREET,,Non-Injury Crash,No,2021,0.0,South,0.0,0,0.0,Flat,0.0,,0.0,,0.0,Dark,2163600,0,0.0,0.0,2.0,0.0,0.0,0.0,0.0,1.0,,0.0,0.0,Wellington Region,Nil,2-way,Sealed,0.0,0.0,0,0.0,50.0,0.0,On,0.0,0.0,,47,Wellington City,Stop,0.0,0.0,0.0,0.0,0.0,0.0,Urban,0.0,0.0,0.0,Fine,Null,1
66509102,,575902,0.0,0.0,0.0,1.0,0.0,South,2021/2022,HAPPY VALLEY ROAD,MURCHISON STREET,,Minor Crash,No,2022,0.0,South,0.0,0,0.0,Hill Road,0.0,,0.0,,0.0,Overcast,2187303,1,0.0,0.0,2.0,0.0,0.0,0.0,0.0,1.0,,0.0,1.0,Wellington Region,Nil,2-way,Sealed,0.0,0.0,0,0.0,50.0,0.0,Off,1.0,0.0,,47,Wellington City,Unknown,0.0,0.0,0.0,0.0,0.0,0.0,Urban,0.0,0.0,0.0,Fine,Null,0
66509238,,573300,0.0,,0.0,2.0,,Null,2021/2022,WALLACE STREET,BIDWILL STREET,,Minor Crash,No,2022,,North,,0,,Hill Road,,,,,,Overcast,2145100,2,0.0,0.0,3.0,,,0.0,,,,,,Wellington Region,Nil,2-way,Sealed,,0.0,0,,50.0,,Off,0.0,0.0,,47,Wellington City,Traffic Signals,,,,,0.0,0.0,Urban,0.0,,,Light rain,Strong wind,0
66509291,,577000,0.0,0.0,0.0,2.0,0.0,South,2021/2022,QUEENS DRIVE,TORU STREET,,Non-Injury Crash,No,2022,0.0,North,0.0,0,0.0,Flat,0.0,,0.0,,0.0,Bright sun,2174600,0,0.0,0.0,2.0,0.0,0.0,0.0,0.0,2.0,,0.0,0.0,Wellington Region,Nil,2-way,Sealed,0.0,0.0,0,0.0,50.0,0.0,Off,0.0,0.0,,47,Wellington City,Nil,0.0,0.0,0.0,0.0,0.0,0.0,Urban,1.0,0.0,0.0,Fine,Null,0
66509300,,576901,0.0,,0.0,3.0,,Null,2022/2023,RONGOTAI ROAD,MAHORA STREET,,Minor Crash,No,2023,,West,,0,,Flat,,,,,,Bright sun,2177100,1,0.0,0.0,2.0,,,0.0,,,,,,Wellington Region,Nil,1-way,Sealed,,0.0,0,,50.0,,Off,0.0,0.0,,47,Wellington City,Give way,,,,,0.0,0.0,Urban,0.0,,,Fine,Null,0
66509361,,572900,0.0,0.0,0.0,1.0,0.0,South,2021/2022,AOTEA QUAY OFF RAMP,WELLINGTON URBAN MOTORWAY,,Non-Injury Crash,No,2022,0.0,South,0.0,0,0.0,Hill Road,1.0,,0.0,,0.0,Overcast,2118400,0,0.0,0.0,1.0,0.0,0.0,0.0,0.0,0.0,,0.0,0.0,Wellington Region,Motorway ramp,1-way,Sealed,0.0,0.0,0,0.0,70.0,0.0,Off,0.0,0.0,,47,Wellington City,Nil,0.0,0.0,0.0,0.0,0.0,0.0,Urban,0.0,0.0,0.0,Light rain,Null,0
66509383,,573526,0.0,,0.0,3.0,,West,2020/2021,HUTT ROAD,HOROKIWI ROAD,,Non-Injury Crash,Yes,2020,,West,,0,,Flat,,,,,,Bright sun,2086403,0,0.0,0.0,2.0,,,0.0,,,,,,Wellington Region,Nil,1-way,Sealed,,0.0,0,,100.0,,Off,1.0,0.0,,47,Wellington City,Nil,,,,,0.0,0.0,Open,0.0,,,Fine,Null,1
66509393,,573400,0.0,0.0,0.0,1.0,0.0,North,2021/2022,ROXBURGH STREET,FALLOWFIELD AVENUE,,Non-Injury Crash,No,2022,0.0,West,0.0,0,0.0,Hill Road,0.0,,0.0,,0.0,Bright sun,2139000,0,0.0,0.0,2.0,0.0,0.0,0.0,0.0,1.0,,0.0,0.0,Wellington Region,Nil,2-way,Sealed,0.0,0.0,0,0.0,50.0,0.0,Off,0.0,0.0,,47,Wellington City,Nil,0.0,0.0,0.0,0.0,0.0,0.0,Urban,1.0,0.0,0.0,Fine,Null,0
66509414,,573101,0.0,,0.0,1.0,,Null,2021/2022,TORY STREET,HOLLAND STREET,,Non-Injury Crash,No,2021,,North,,0,,Hill Road,,,,,,Bright sun,2136000,0,0.0,0.0,2.0,,,0.0,,,,,,Wellington Region,Nil,2-way,Sealed,,0.0,0,,30.0,,Off,0.0,0.0,,47,Wellington City,Nil,,,,,0.0,0.0,Urban,1.0,,,Fine,Frost,1
66509420,,577302,0.0,,0.0,2.0,,Null,2022/2023,PARK ROAD,REX STREET,,Minor Crash,No,2023,,South,,0,,Flat,,,,,,Bright sun,2205600,1,0.0,0.0,2.0,,,0.0,,,,,,Wellington Region,Nil,2-way,Sealed,,0.0,0,,50.0,,Off,0.0,0.0,,47,Wellington City,Give way,,,,,0.0,0.0,Urban,0.0,,,Fine,Null,0
66509542,,573513,0.0,0.0,0.0,0.0,0.0,Null,2020/2021,AMESBURY DRIVE,MAULDETH TERRACE,,Non-Injury Crash,No,2021,0.0,North,0.0,0,1.0,Flat,0.0,,0.0,,1.0,Bright sun,2086722,0,0.0,0.0,2.0,0.0,0.0,0.0,0.0,0.0,,0.0,0.0,Wellington Region,Nil,2-way,Sealed,0.0,0.0,0,0.0,50.0,0.0,Off,0.0,0.0,,47,Wellington City,Give way,0.0,0.0,0.0,0.0,0.0,0.0,Urban,1.0,0.0,0.0,Fine,Null,1
66509555,,573522,0.0,0.0,0.0,0.0,0.0,North,2021/2022,JOHNSONVILLE PORIRUA MOTORWAY,TAKAPU RD UPASS NBD,,Non-Injury Crash,Yes,2021,0.0,North,0.0,0,0.0,Flat,1.0,,0.0,,0.0,Dark,2053703,0,0.0,0.0,2.0,0.0,0.0,0.0,0.0,0.0,,0.0,0.0,Wellington Region,Nil,1-way,Sealed,0.0,0.0,0,0.0,100.0,0.0,On,0.0,0.0,,47,Wellington City,Nil,0.0,0.0,0.0,0.0,0.0,0.0,Open,1.0,0.0,0.0,Light rain,Null,1