OBJECTID,advisorySpeed,areaUnitID,bicycle,bridge,bus,carStationWagon,cliffBank,crashDirectionDescription,crashFinancialYear,crashLocation1,crashLocation2,crashRoadSideRoad,crashSeverity,crashSHDescription,crashYear,debris,directionRoleDescription,ditch,fatalCount,fence,flatHill,guardRail,holiday,houseOrBuilding,intersection,kerb,light,meshblockId,minorInjuryCount,moped,motorcycle,NumberOfLanes,objectThrownOrDropped,otherObject,otherVehicleType,overBank,parkedVehicle,pedestrian,phoneBoxEtc,postOrPole,region,roadCharacter,roadLane,roadSurface,roadworks,schoolBus,seriousInjuryCount,slipOrFlood,speedLimit,strayAnimal,streetLight,suv,taxi,temporarySpeedLimit,tlaId,tlaName,trafficControl,trafficIsland,trafficSign,train,tree,truck,unknownVehicleType,urban,vanOrUtility,vehicle,waterRiver,weatherA,weatherB,if_pandemic
66509590,,573400,0.0,0.0,0.0,1.0,0.0,North,2020/2021,PIRIE STREET,WEST PORTAL,,Non-Injury Crash,No,2021,0.0,North,0.0,0,1.0,Hill Road,1.0,,1.0,,0.0,Dark,2141900,0,0.0,0.0,2.0,0.0,0.0,0.0,0.0,0.0,,1.0,2.0,Wellington Region,Tunnel,2-way,Sealed,0.0,0.0,0,0.0,50.0,0.0,On,0.0,0.0,,47,Wellington City,Nil,0.0,0.0,0.0,0.0,0.0,0.0,Urban,0.0,0.0,0.0,Light rain,Null,1
66509608,,572600,0.0,,0.0,2.0,,South,2021/2022,MAIN ROAD,ESSEX STREET,,Non-Injury Crash,No,2022,,North,,0,,Null,,,,,,Bright sun,1990600,0,0.0,0.0,2.0,,,0.0,,,,,,Wellington Region,Nil,2-way,Sealed,,0.0,0,,50.0,,Off,0.0,0.0,,47,Wellington City,Nil,,,,,0.0,0.0,Urban,0.0,,,Null,Null,0
66509629,,572500,0.0,,0.0,2.0,,Null,2021/2022,MAIN ROAD,TAWA STREET,,Non-Injury Crash,No,2021,,West,,0,,Null,,,,,,Unknown,1986300,0,0.0,0.0,2.0,,,0.0,,,,,,Wellington Region,Nil,2-way,Sealed,,0.0,0,,50.0,,Null,0.0,0.0,,47,Wellington City,Give way,,,,,0.0,0.0,Urban,0.0,,,Null,Null,1
66509664,,577302,0.0,,0.0,2.0,,Null,2022/2023,REX STREET,PARK ROAD,,Non-Injury Crash,No,2022,,West,,0,,Flat,,,,,,Overcast,2205600,0,0.0,0.0,2.0,,,0.0,,,,,,Wellington Region,Nil,2-way,Sealed,,0.0,0,,50.0,,Off,0.0,0.0,,47,Wellington City,Give way,,,,,0.0,0.0,Urban,0.0,,,Light rain,Null,0
66509744,35.0,576903,1.0,,0.0,1.0,,Null,2022/2023,HAMILTON ROAD,TAPIRI STREET,,Minor Crash,No,2023,,South,,0,,Hill Road,,,,,,Bright sun,2181000,1,0.0,0.0,2.0,,,0.0,,,,,,Wellington Region,Nil,2-way,Sealed,,0.0,0,,50.0,,Off,0.0,0.0,,47,Wellington City,Nil,,,,,0.0,0.0,Urban,0.0,,,Fine,Null,0
66509752,,573300,0.0,,0.0,1.0,,North,2022/2023,BUCKLE STREET,SUSSEX STREET,,Non-Injury Crash,Yes,2023,,North,,0,,Flat,,,,,,Dark,2145601,0,0.0,0.0,2.0,,,0.0,,,,,,Wellington Region,Nil,1-way,Sealed,,0.0,0,,50.0,,On,0.0,0.0,,47,Wellington City,Nil,,,,,0.0,0.0,Urban,1.0,,,Light rain,Null,0
66509785,,574302,2.0,,0.0,0.0,,North,2021/2022,HUTT ROAD,RANGIORA AVENUE,,Serious Crash,No,2022,,North,,0,,Flat,,,,,,Overcast,2090700,1,0.0,0.0,4.0,,,0.0,,,,,,Wellington Region,Nil,2-way,Sealed,,0.0,1,,60.0,,Off,0.0,0.0,,47,Wellington City,Nil,,,,,0.0,0.0,Urban,1.0,,,Fine,Strong wind,0
66509797,,576001,0.0,0.0,0.0,0.0,0.0,Null,2020/2021,DERWENT STREET,BEACH STREET,,Non-Injury Crash,No,2021,0.0,North,0.0,0,0.0,Flat,0.0,,0.0,,0.0,Unknown,2188800,0,0.0,0.0,1.0,0.0,0.0,0.0,0.0,1.0,,0.0,0.0,Wellington Region,Nil,1-way,Sealed,0.0,0.0,0,0.0,50.0,0.0,Null,1.0,0.0,,47,Wellington City,Stop,0.0,0.0,0.0,0.0,0.0,0.0,Urban,1.0,0.0,0.0,Null,Null,1
66509806,,573513,0.0,0.0,0.0,2.0,0.0,North,2020/2021,LONGMONT TERRACE,ASHFIELD GROVE,,Non-Injury Crash,No,2021,0.0,Null,0.0,0,0.0,Hill Road,0.0,,0.0,,0.0,Dark,2086605,0,0.0,0.0,2.0,0.0,0.0,0.0,0.0,1.0,,0.0,0.0,Wellington Region,Nil,2-way,Sealed,0.0,0.0,0,0.0,50.0,0.0,On,0.0,0.0,,47,Wellington City,Nil,0.0,0.0,0.0,0.0,0.0,0.0,Urban,0.0,0.0,0.0,Null,Null,1
66509822,,572900,0.0,0.0,0.0,1.0,0.0,West,2020/2021,MAY STREET,MURPHY STREET,,Non-Injury Crash,No,2021,0.0,North,0.0,0,0.0,Hill Road,0.0,,0.0,,0.0,Bright sun,2119200,0,0.0,0.0,1.0,0.0,0.0,0.0,0.0,1.0,,0.0,0.0,Wellington Region,Nil,1-way,Sealed,0.0,0.0,0,0.0,50.0,0.0,Off,0.0,0.0,,47,Wellington City,Nil,0.0,0.0,0.0,0.0,1.0,0.0,Urban,0.0,0.0,0.0,Fine,Null,1
66509867,,572900,0.0,,0.0,1.0,,Null,2021/2022,BUNNY STREET,WATERLOO QUAY,,Non-Injury Crash,No,2021,,East,,0,,Flat,,,,,,Unknown,2122700,0,0.0,0.0,3.0,,,0.0,,,,,,Wellington Region,Nil,1-way,Sealed,,0.0,0,,30.0,,Null,1.0,0.0,,47,Wellington City,Traffic Signals,,,,,0.0,0.0,Urban,0.0,,,Null,Null,1
66509889,,573101,0.0,,0.0,1.0,,Null,2021/2022,KENT TERRACE,VIVIAN STREET,,Minor Crash,No,2022,,South,,0,,Flat,,,,,,Dark,2136500,1,0.0,0.0,3.0,,,0.0,,,,,,Wellington Region,Nil,1-way,Sealed,,0.0,0,,50.0,,On,0.0,0.0,,47,Wellington City,Traffic Signals,,,,,1.0,0.0,Urban,0.0,,,Fine,Null,0
66509910,,572900,0.0,,0.0,1.0,,North,2020/2021,WELLINGTON URBAN MOTORWAY,HOBSON ST OBR SBD,,Non-Injury Crash,Yes,2021,,South,,0,,Flat,,,,,,Overcast,2117902,0,0.0,0.0,3.0,,,0.0,,,,,,Wellington Region,Nil,1-way,Sealed,,0.0,0,,100.0,,Off,0.0,0.0,,47,Wellington City,Nil,,,,,0.0,0.0,Open,1.0,,,Fine,Null,1
66509936,,574303,0.0,,0.0,0.0,,South,2021/2022,CENTENNIAL HIGHWAY,NEWLANDS OFF RAMP,,Non-Injury Crash,Yes,2022,,North,,0,,Hill Road,,,,,,Overcast,2084302,0,0.0,0.0,4.0,,,0.0,,,,,,Wellington Region,Nil,1-way,Sealed,,0.0,0,,80.0,,Off,1.0,0.0,,47,Wellington City,Nil,,,,,0.0,0.0,Open,1.0,,,Null,Null,0
66509939,,574402,0.0,0.0,0.0,2.0,0.0,North,2022/2023,OTTAWA ROAD,CROFTON ROAD,,Minor Crash,No,2023,0.0,South,0.0,0,0.0,Hill Road,0.0,,0.0,,0.0,Bright sun,2096300,1,0.0,0.0,2.0,0.0,0.0,0.0,0.0,1.0,,0.0,0.0,Wellington Region,Nil,2-way,Sealed,0.0,0.0,0,0.0,50.0,0.0,Off,0.0,0.0,,47,Wellington City,Nil,0.0,0.0,0.0,0.0,0.0,0.0,Urban,0.0,0.0,0.0,Fine,Null,0
66509945,,573101,0.0,0.0,0.0,2.0,0.0,South,2020/2021,CUBA STREET,VIVIAN STREET,,Non-Injury Crash,No,2021,0.0,South,0.0,0,0.0,Flat,0.0,,0.0,,0.0,Bright sun,2132100,0,0.0,0.0,2.0,0.0,0.0,0.0,0.0,1.0,,0.0,0.0,Wellington Region,Nil,2-way,Sealed,0.0,0.0,0,0.0,50.0,0.0,Null,0.0,0.0,,47,Wellington City,Unknown,0.0,0.0,0.0,0.0,0.0,0.0,Urban,0.0,0.0,0.0,Fine,Null,1
66509949,,573526,0.0,,0.0,0.0,,North,2020/2021,HUTT ROAD,HUTT ROAD ON RAMP,,Non-Injury Crash,Yes,2020,,North,,0,,Flat,,,,,,Overcast,2077503,0,0.0,0.0,2.0,,,0.0,,,,,,Wellington Region,Nil,1-way,Sealed,,0.0,0,,100.0,,Off,2.0,0.0,60.0,47,Wellington City,Unknown,,,,,0.0,0.0,Open,0.0,,,Fine,Null,1
66509961,,575100,0.0,0.0,0.0,2.0,1.0,South,2021/2022,CAMPBELL STREET,WRIGHTS HILL ROAD,,Serious Crash,No,2021,0.0,North,0.0,0,0.0,Hill Road,0.0,,0.0,,0.0,Dark,2114900,0,0.0,0.0,2.0,0.0,0.0,0.0,0.0,1.0,,0.0,0.0,Wellington Region,Nil,2-way,Sealed,0.0,0.0,1,0.0,50.0,0.0,On,0.0,0.0,,47,Wellington City,Nil,0.0,0.0,0.0,0.0,0.0,0.0,Urban,0.0,0.0,0.0,Fine,Null,1
66509985,,573000,0.0,,0.0,2.0,,Null,2022/2023,JERVOIS QUAY,WILLESTON STREET,,Minor Crash,No,2022,,South,,0,,Flat,,,,,,Dark,2124300,2,0.0,0.0,3.0,,,0.0,,,,,,Wellington Region,Nil,1-way,Sealed,,0.0,0,,50.0,,On,0.0,0.0,,47,Wellington City,Traffic Signals,,,,,0.0,0.0,Urban,0.0,,,Fine,Null,0
66510026,,576200,1.0,,0.0,0.0,,Null,2022/2023,ADELAIDE ROAD,CHILKA STREET,,Non-Injury Crash,No,2022,,South,,0,,Hill Road,,,,,,Overcast,2173000,0,0.0,0.0,2.0,,,0.0,,,,,,Wellington Region,Nil,2-way,Sealed,,0.0,0,,50.0,,Off,0.0,0.0,,47,Wellington City,Give way,,,,,1.0,0.0,Urban,0.0,,,Fine,Null,0
66510045,,573200,0.0,,0.0,1.0,,West,2020/2021,ARO STREET,BOSTON TERRACE,,Minor Crash,No,2021,,East,,0,,Flat,,,,,,Overcast,2159000,1,2.0,0.0,2.0,,,0.0,,,,,,Wellington Region,Nil,2-way,Sealed,,0.0,0,,30.0,,Off,0.0,0.0,,47,Wellington City,Nil,,,,,0.0,0.0,Urban,0.0,,,Fine,Null,1
66510082,,573101,0.0,0.0,0.0,0.0,0.0,Null,2021/2022,VICTORIA STREET,KARO DRIVE,,Non-Injury Crash,No,2021,0.0,South,0.0,0,0.0,Flat,0.0,,0.0,,0.0,Dark,2132400,0,0.0,0.0,3.0,0.0,0.0,0.0,0.0,0.0,,0.0,1.0,Wellington Region,Nil,1-way,Sealed,0.0,0.0,0,0.0,50.0,0.0,On,1.0,0.0,,47,Wellington City,Give way,1.0,0.0,0.0,0.0,0.0,0.0,Urban,0.0,0.0,0.0,Fine,Null,1
66510105,,572600,0.0,0.0,0.0,2.0,0.0,West,2021/2022,CHESTER ROAD,HAMPTON HILL ROAD,,Non-Injury Crash,No,2022,0.0,East,0.0,0,0.0,Hill Road,0.0,,0.0,,1.0,Unknown,1989500,0,0.0,0.0,2.0,0.0,0.0,0.0,0.0,1.0,,0.0,0.0,Wellington Region,Nil,2-way,Sealed,0.0,0.0,0,0.0,50.0,0.0,Null,0.0,0.0,,47,Wellington City,Nil,0.0,0.0,0.0,0.0,0.0,0.0,Urban,0.0,0.0,0.0,Null,Null,0
66510107,,573300,0.0,0.0,0.0,1.0,0.0,Null,2021/2022,HOPPER STREET,WEBB STREET,,Non-Injury Crash,No,2022,0.0,West,0.0,0,0.0,Flat,0.0,,0.0,,0.0,Dark,2144500,0,0.0,0.0,2.0,0.0,0.0,0.0,0.0,0.0,,1.0,0.0,Wellington Region,Nil,2-way,Sealed,0.0,0.0,0,0.0,50.0,0.0,On,0.0,0.0,,47,Wellington City,Give way,0.0,0.0,0.0,0.0,0.0,0.0,Urban,0.0,0.0,0.0,Fine,Null,0
66510121,,576700,0.0,0.0,0.0,1.0,0.0,South,2021/2022,EVANS BAY PARADE,RPNYC START BOX,,Non-Injury Crash,No,2022,0.0,North,0.0,0,0.0,Flat,0.0,,0.0,,0.0,Unknown,2186500,0,0.0,0.0,2.0,0.0,0.0,0.0,0.0,1.0,,0.0,0.0,Wellington Region,Nil,2-way,Sealed,0.0,0.0,0,0.0,50.0,0.0,Null,0.0,0.0,,47,Wellington City,Nil,0.0,0.0,0.0,0.0,0.0,0.0,Urban,0.0,0.0,0.0,Fine,Null,0
66510128,,576500,0.0,0.0,0.0,1.0,0.0,East,2021/2022,MEIN STREET,RIDDIFORD STREET,,Non-Injury Crash,No,2021,0.0,West,0.0,0,0.0,Null,0.0,,0.0,,0.0,Unknown,2148800,0,0.0,0.0,2.0,0.0,0.0,0.0,0.0,1.0,,0.0,0.0,Wellington Region,Nil,2-way,Null,0.0,0.0,0,0.0,40.0,0.0,Null,0.0,0.0,,47,Wellington City,Nil,0.0,0.0,0.0,0.0,1.0,0.0,Urban,0.0,0.0,0.0,Null,Null,1
66510133,,576002,0.0,0.0,0.0,2.0,0.0,South,2020/2021,THE PARADE,MERSEY STREET,,Non-Injury Crash,No,2020,0.0,North,0.0,0,0.0,Flat,0.0,,0.0,,0.0,Bright sun,2190800,0,0.0,0.0,2.0,0.0,0.0,0.0,0.0,1.0,,0.0,0.0,Wellington Region,Nil,2-way,Sealed,0.0,0.0,0,0.0,50.0,0.0,Off,0.0,0.0,,47,Wellington City,Nil,0.0,0.0,0.0,0.0,0.0,0.0,Urban,1.0,0.0,0.0,Fine,Null,1
66510156,45.0,574001,0.0,0.0,0.0,4.0,0.0,West,2021/2022,NEWLANDS ROAD,WAKELY ROAD,,Non-Injury Crash,No,2022,0.0,West,0.0,0,0.0,Hill Road,0.0,,0.0,,0.0,Dark,2077600,0,0.0,0.0,2.0,0.0,0.0,0.0,0.0,3.0,,0.0,0.0,Wellington Region,Nil,2-way,Sealed,0.0,0.0,0,0.0,50.0,0.0,On,0.0,0.0,,47,Wellington City,Nil,0.0,0.0,0.0,0.0,0.0,0.0,Urban,0.0,0.0,0.0,Fine,Null,0
66510157,,574800,0.0,0.0,0.0,2.0,0.0,North,2020/2021,NOTTINGHAM STREET,KARORI ROAD,,Non-Injury Crash,No,2021,0.0,South,0.0,0,0.0,Flat,0.0,,0.0,,0.0,Bright sun,2107202,0,0.0,0.0,2.0,0.0,0.0,0.0,0.0,1.0,,0.0,0.0,Wellington Region,Nil,2-way,Sealed,0.0,0.0,0,0.0,50.0,0.0,Off,0.0,0.0,,47,Wellington City,Nil,0.0,0.0,0.0,0.0,0.0,0.0,Urban,0.0,0.0,0.0,Fine,Null,1
66510184,,575800,0.0,,0.0,0.0,,South,2021/2022,OHIRO ROAD,RUA KAI WAY,,Serious Crash,No,2022,,South,,0,,Flat,,,,,,Dark,2196801,0,0.0,1.0,2.0,,,0.0,,,,,,Wellington Region,Nil,2-way,Sealed,,0.0,1,,50.0,,On,0.0,0.0,,47,Wellington City,Nil,,,,,0.0,0.0,Urban,0.0,,,Fine,Null,0
66510196,,573526,0.0,,0.0,1.0,,South,2022/2023,HUTT ROAD,HOROKIWI ROAD,,Minor Crash,Yes,2023,,South,,0,,Flat,,,,,,Overcast,2086403,1,0.0,0.0,2.0,,,0.0,,,,,,Wellington Region,Nil,1-way,Sealed,,0.0,0,,100.0,,Off,0.0,0.0,,47,Wellington City,Nil,,,,,0.0,0.0,Open,1.0,,,Fine,Null,0
66510235,,574500,0.0,0.0,0.0,2.0,0.0,West,2020/2021,KAIWHARAWHARA ROAD,OLD PORIRUA ROAD,,Non-Injury Crash,No,2021,0.0,East,0.0,0,0.0,Hill Road,0.0,,0.0,,0.0,Overcast,2093600,0,0.0,0.0,2.0,0.0,0.0,0.0,0.0,2.0,,0.0,0.0,Wellington Region,Nil,2-way,Sealed,0.0,0.0,0,0.0,50.0,0.0,Off,0.0,0.0,,47,Wellington City,Nil,0.0,0.0,0.0,0.0,1.0,0.0,Urban,1.0,0.0,0.0,Fine,Null,1
66510257,,576903,0.0,,0.0,2.0,,Null,2021/2022,RUAHINE STREET,WELLINGTON ROAD,,Non-Injury Crash,Yes,2021,,North,,0,,Hill Road,,,,,,Dark,2180400,0,0.0,0.0,2.0,,,0.0,,,,,,Wellington Region,Nil,2-way,Sealed,,0.0,0,,50.0,,On,0.0,0.0,,47,Wellington City,Give way,,,,,0.0,0.0,Urban,0.0,,,Fine,Null,1
66510351,,573000,0.0,,0.0,2.0,,Null,2021/2022,FEATHERSTON STREET,PANAMA STREET,,Non-Injury Crash,No,2022,,South,,0,,Flat,,,,,,Bright sun,2125800,0,0.0,0.0,2.0,,,0.0,,,,,,Wellington Region,Nil,1-way,Sealed,,0.0,0,,30.0,,Off,0.0,0.0,,47,Wellington City,Traffic Signals,,,,,0.0,0.0,Urban,0.0,,,Fine,Null,0
66510365,,573200,0.0,,0.0,1.0,,East,2021/2022,ARO STREET,DEVON STREET,,Minor Crash,No,2021,,West,,0,,Flat,,,,,,Dark,2158800,1,0.0,0.0,2.0,,,0.0,,,1.0,,,Wellington Region,Nil,2-way,Sealed,,0.0,0,,30.0,,On,0.0,1.0,,47,Wellington City,Nil,,,,,0.0,0.0,Urban,0.0,,,Fine,Null,1
66510402,,576901,0.0,,0.0,1.0,,Null,2021/2022,COBHAM DRIVE,TORY STREET,,Non-Injury Crash,Yes,2021,,South,,0,,Flat,,,,,,Dark,2176800,0,0.0,0.0,2.0,,,0.0,,,,,,Wellington Region,Nil,2-way,Sealed,,0.0,0,,50.0,,On,1.0,0.0,,47,Wellington City,Give way,,,,,0.0,0.0,Urban,0.0,,,Fine,Null,1
66510410,,577500,0.0,,0.0,2.0,,Null,2021/2022,FERRY STREET,PINELANDS AVENUE,,Non-Injury Crash,No,2022,,North,,0,,Flat,,,,,,Bright sun,2210600,0,0.0,0.0,2.0,,,0.0,,,,,,Wellington Region,Nil,2-way,Sealed,,0.0,0,,50.0,,Off,0.0,0.0,,47,Wellington City,Give way,,,,,0.0,0.0,Urban,0.0,,,Fine,Null,0
66510420,,576901,0.0,,0.0,2.0,,North,2023/2024,COBHAM DRIVE,TROY STREET,,Minor Crash,Yes,2023,,North,,0,,Flat,,,,,,Overcast,2176800,1,0.0,0.0,2.0,,,0.0,,,,,,Wellington Region,Nil,1-way,Sealed,,0.0,0,,70.0,,Off,0.0,1.0,,47,Wellington City,Nil,,,,,1.0,0.0,Urban,0.0,,,Fine,Null,0
66510421,,573400,0.0,0.0,0.0,1.0,0.0,South,2021/2022,ORIENTAL PARADE,HERD STREET,,Non-Injury Crash,No,2021,0.0,North,0.0,0,0.0,Flat,0.0,,0.0,,0.0,Unknown,2138800,0,0.0,0.0,3.0,0.0,0.0,0.0,0.0,1.0,,0.0,0.0,Wellington Region,Nil,2-way,Sealed,0.0,0.0,0,0.0,50.0,0.0,Null,0.0,0.0,,47,Wellington City,Nil,0.0,0.0,0.0,0.0,0.0,0.0,Urban,0.0,0.0,0.0,Null,Null,1
66510445,,574001,0.0,0.0,0.0,2.0,0.0,East,2021/2022,NEWLANDS ROAD,HURRING PLACE,,Minor Crash,No,2022,0.0,West,0.0,0,1.0,Hill Road,0.0,Easter,0.0,,0.0,Dark,2077600,1,0.0,0.0,2.0,0.0,0.0,0.0,0.0,1.0,,0.0,0.0,Wellington Region,Nil,2-way,Sealed,0.0,0.0,0,0.0,50.0,0.0,On,0.0,0.0,,47,Wellington City,Nil,0.0,0.0,0.0,0.0,0.0,0.0,Urban,0.0,0.0,0.0,Fine,Null,0
66510508,,572900,0.0,0.0,0.0,2.0,0.0,West,2022/2023,TINAKORI ROAD,THORNDON QUAY,,Non-Injury Crash,No,2022,0.0,South,0.0,0,0.0,Hill Road,0.0,,0.0,,0.0,Dark,2117500,0,0.0,0.0,2.0,0.0,0.0,0.0,0.0,1.0,,0.0,0.0,Wellington Region,Nil,2-way,Sealed,0.0,0.0,0,0.0,50.0,0.0,On,0.0,0.0,,47,Wellington City,Nil,0.0,0.0,0.0,0.0,0.0,0.0,Urban,0.0,0.0,0.0,Light rain,Null,0
66510519,,573525,0.0,0.0,0.0,0.0,0.0,North,2021/2022,BING LUCAS DRIVE,TAKAPU ROAD,,Non-Injury Crash,No,2021,0.0,South,0.0,0,1.0,Hill Road,0.0,,0.0,,0.0,Dark,2053830,0,0.0,0.0,2.0,0.0,0.0,0.0,0.0,0.0,,0.0,0.0,Wellington Region,Nil,2-way,Sealed,0.0,0.0,0,0.0,50.0,0.0,On,0.0,0.0,,47,Wellington City,Nil,0.0,0.0,0.0,0.0,0.0,1.0,Urban,0.0,0.0,0.0,Fine,Null,1
66510533,,576100,0.0,0.0,0.0,2.0,0.0,South,2020/2021,BUCKLEY ROAD,SOUTHGATE ROAD,,Non-Injury Crash,No,2021,0.0,South,0.0,0,0.0,Hill Road,0.0,,0.0,,0.0,Unknown,2194301,0,0.0,0.0,2.0,0.0,0.0,0.0,0.0,1.0,,0.0,0.0,Wellington Region,Nil,2-way,Sealed,0.0,0.0,0,0.0,50.0,0.0,Null,0.0,0.0,,47,Wellington City,Nil,0.0,0.0,0.0,0.0,0.0,0.0,Urban,0.0,0.0,0.0,Null,Null,1
66510560,,577102,0.0,,0.0,2.0,,North,2021/2022,RAUKAWA STREET,NUKU STREET,,Non-Injury Crash,No,2022,,South,,0,,Hill Road,,,,,,Overcast,2215700,0,0.0,0.0,2.0,,,0.0,,,,,,Wellington Region,Nil,2-way,Sealed,,0.0,0,,50.0,,Off,0.0,0.0,,47,Wellington City,Nil,,,,,0.0,0.0,Urban,0.0,,,Fine,Null,0
66510578,,574500,1.0,,0.0,1.0,,Null,2022/2023,HUTT ROAD,KAIWHARAWHARA ROAD,,Non-Injury Crash,No,2022,,South,,0,,Flat,,,,,,Bright sun,2093500,0,0.0,0.0,4.0,,,0.0,,,,,,Wellington Region,Nil,2-way,Sealed,,0.0,0,,60.0,,Off,0.0,0.0,,47,Wellington City,Nil,,,,,0.0,0.0,Urban,0.0,,,Fine,Null,0
66510621,,573101,0.0,,0.0,2.0,,Null,2020/2021,GHUZNEE STREET,MARION STREET,,Minor Crash,No,2021,,West,,0,,Flat,,,,,,Dark,2133600,1,0.0,0.0,2.0,,,0.0,,,,,,Wellington Region,Nil,2-way,Sealed,,0.0,0,,30.0,,On,0.0,0.0,,47,Wellington City,Give way,,,,,0.0,0.0,Urban,0.0,,,Fine,Null,1
66510703,,573101,0.0,,0.0,1.0,,South,2021/2022,TARANAKI STREET,CABLE STREET,,Non-Injury Crash,No,2021,,North,,0,,Flat,,,,,,Unknown,2135200,0,0.0,0.0,4.0,,,0.0,,,,,,Wellington Region,Nil,2-way,Sealed,,0.0,0,,50.0,,Null,0.0,0.0,,47,Wellington City,Nil,,,,,0.0,0.0,Urban,1.0,,,Null,Null,1
66510710,,575300,0.0,,0.0,1.0,,West,2020/2021,KELBURN PARADE,SALAMANCA ROAD,,Minor Crash,No,2021,,North,,0,,Hill Road,,,,,,Dark,2155300,1,1.0,0.0,2.0,,,0.0,,,,,,Wellington Region,Nil,2-way,Sealed,,0.0,0,,50.0,,On,0.0,0.0,,47,Wellington City,Nil,,,,,0.0,0.0,Urban,0.0,,,Fine,Null,1
66510716,,577102,0.0,0.0,0.0,1.0,0.0,Null,2022/2023,AHURIRI STREET,TUKANAE STREET,,Non-Injury Crash,No,2022,0.0,South,0.0,0,0.0,Flat,0.0,,0.0,,0.0,Overcast,2215000,0,0.0,0.0,2.0,0.0,0.0,0.0,0.0,0.0,,1.0,0.0,Wellington Region,Nil,2-way,Sealed,0.0,0.0,0,0.0,50.0,0.0,Off,0.0,0.0,,47,Wellington City,Nil,0.0,0.0,0.0,0.0,0.0,0.0,Urban,0.0,0.0,0.0,Fine,Null,0
66510727,,577302,0.0,,0.0,0.0,,Null,2021/2022,PARK ROAD,BRUSSELS STREET,,Non-Injury Crash,No,2022,,North,,0,,Flat,,Easter,,,,Dark,2205903,0,0.0,0.0,2.0,,,0.0,,,,,,Wellington Region,Nil,2-way,Sealed,,0.0,0,,50.0,,On,2.0,0.0,,47,Wellington City,Give way,,,,,0.0,0.0,Urban,0.0,,,Fine,Null,0
66510743,,574002,0.0,,0.0,2.0,,North,2021/2022,CENTENNIAL HIGHWAY ON RAMP,CENTENNIAL HIGHWAY,,Non-Injury Crash,No,2021,,North,,0,,Flat,,,,,,Overcast,2078302,0,0.0,0.0,2.0,,,0.0,,,,,,Wellington Region,Nil,1-way,Sealed,,0.0,0,,80.0,,Null,0.0,0.0,,47,Wellington City,Nil,,,,,0.0,0.0,Open,0.0,,,Fine,Null,1
66510807,,575200,0.0,,0.0,1.0,,Null,2021/2022,NORTHLAND ROAD,FARM ROAD,,Serious Crash,No,2022,,North,,0,,Flat,,,,,,Dark,2150000,0,1.0,0.0,2.0,,,0.0,,,,,,Wellington Region,Nil,2-way,Sealed,,0.0,1,,30.0,,On,0.0,0.0,,47,Wellington City,Give way,,,,,0.0,0.0,Urban,0.0,,,Fine,Null,0
66510823,,572900,0.0,0.0,0.0,2.0,0.0,North,2021/2022,BURNELL AVENUE,PARK STREET,,Minor Crash,No,2022,0.0,South,0.0,0,0.0,Flat,0.0,,0.0,,0.0,Dark,2120500,2,0.0,0.0,2.0,0.0,0.0,0.0,0.0,1.0,,0.0,0.0,Wellington Region,Nil,2-way,Sealed,0.0,0.0,0,0.0,50.0,0.0,On,0.0,0.0,,47,Wellington City,Nil,0.0,0.0,0.0,0.0,0.0,0.0,Urban,1.0,0.0,0.0,Fine,Null,0
66510845,,573511,0.0,0.0,0.0,1.0,2.0,South,2021/2022,JOHNSONVILLE PORIRUA MOTORWAY,TAWA-GRENADA NORTH OFF RAMP,,Minor Crash,Yes,2022,0.0,North,0.0,0,0.0,Flat,0.0,,0.0,,0.0,Dark,2086201,1,0.0,0.0,2.0,0.0,0.0,0.0,0.0,0.0,,0.0,0.0,Wellington Region,Nil,1-way,Sealed,0.0,0.0,0,0.0,100.0,0.0,On,1.0,0.0,,47,Wellington City,Nil,0.0,0.0,0.0,0.0,0.0,0.0,Open,0.0,0.0,0.0,Mist or Fog,Null,0
66510852,,572900,0.0,0.0,0.0,0.0,0.0,South,2023/2024,GATEWAY LANE,THORNDON QUAY,,Non-Injury Crash,No,2023,0.0,South,0.0,0,0.0,Flat,0.0,,1.0,,0.0,Overcast,2122700,0,0.0,0.0,1.0,0.0,0.0,0.0,0.0,0.0,,0.0,0.0,Wellington Region,Nil,1-way,Sealed,0.0,0.0,0,0.0,20.0,0.0,None,1.0,0.0,,47,Wellington City,Nil,0.0,0.0,0.0,0.0,0.0,0.0,Urban,0.0,0.0,0.0,Fine,Null,0
66510881,,574002,0.0,,0.0,1.0,,North,2020/2021,WELLINGTON URBAN MOTORWAY,NGAURANGA ON NBD OBR,,Non-Injury Crash,Yes,2021,,North,,0,,Hill Road,,,,,,Unknown,2078302,0,0.0,0.0,2.0,,,0.0,,,,,,Wellington Region,Overpass,1-way,Sealed,,0.0,0,,100.0,,Null,0.0,0.0,,47,Wellington City,Nil,,,,,0.0,0.0,Open,0.0,,,Null,Null,1
66510886,,573101,0.0,,0.0,0.0,,Null,2021/2022,KENT TERRACE,ELLICE STREET,,Minor Crash,Yes,2021,,South,,0,,Flat,,,,,,Bright sun,2137000,1,0.0,1.0,3.0,,,0.0,,,,,,Wellington Region,Nil,1-way,Sealed,,0.0,0,,50.0,,Off,0.0,0.0,,47,Wellington City,Give way,,,,,0.0,0.0,Urban,0.0,,,Fine,Null,1