OBJECTID,advisorySpeed,areaUnitID,bicycle,bridge,bus,carStationWagon,cliffBank,crashDirectionDescription,crashFinancialYear,crashLocation1,crashLocation2,crashRoadSideRoad,crashSeverity,crashSHDescription,crashYear,debris,directionRoleDescription,ditch,fatalCount,fence,flatHill,guardRail,holiday,houseOrBuilding,intersection,kerb,light,meshblockId,minorInjuryCount,moped,motorcycle,NumberOfLanes,objectThrownOrDropped,otherObject,otherVehicleType,overBank,parkedVehicle,pedestrian,phoneBoxEtc,postOrPole,region,roadCharacter,roadLane,roadSurface,roadworks,schoolBus,seriousInjuryCount,slipOrFlood,speedLimit,strayAnimal,streetLight,suv,taxi,temporarySpeedLimit,tlaId,tlaName,trafficControl,trafficIsland,trafficSign,train,tree,truck,unknownVehicleType,urban,vanOrUtility,vehicle,waterRiver,weatherA,weatherB,if_pandemic
66510929,,576301,0.0,0.0,0.0,2.0,0.0,Null,2020/2021,ADELAIDE ROAD,STOKE STREET,,Non-Injury Crash,No,2021,0.0,South,0.0,0,0.0,Flat,0.0,,0.0,,0.0,Dark,2164500,0,0.0,0.0,1.0,0.0,1.0,0.0,0.0,0.0,,0.0,0.0,Wellington Region,Nil,2-way,Sealed,0.0,0.0,0,0.0,50.0,0.0,On,0.0,0.0,,47,Wellington City,Give way,0.0,0.0,0.0,0.0,0.0,0.0,Urban,0.0,0.0,0.0,Fine,Null,1
66510936,,573101,0.0,,0.0,2.0,,Null,2022/2023,KENT TERRACE,VIVIAN STREET,,Non-Injury Crash,No,2022,,South,,0,,Flat,,,,,,Dark,2136500,0,0.0,0.0,3.0,,,0.0,,,,,,Wellington Region,Nil,1-way,Sealed,,0.0,0,,50.0,,On,0.0,0.0,,47,Wellington City,Traffic Signals,,,,,0.0,0.0,Urban,0.0,,,Fine,Null,0
66510946,,573101,0.0,,0.0,1.0,,East,2021/2022,VIVIAN STREET,KNIGGES AVENUE,,Non-Injury Crash,Yes,2022,,East,,0,,Flat,,,,,,Bright sun,2134100,0,0.0,0.0,2.0,,,0.0,,,,,,Wellington Region,Nil,1-way,Sealed,,0.0,0,,50.0,,Off,0.0,0.0,,47,Wellington City,Nil,,,,,1.0,0.0,Urban,0.0,,,Fine,Null,0
66511034,,572900,0.0,,0.0,1.0,,Null,2022/2023,WELLINGTON URBAN MOTORWAY,MURPHY STREET OFF RAMP,,Serious Crash,Yes,2023,,South,,0,,Flat,,,,,,Bright sun,2118500,0,0.0,1.0,3.0,,,0.0,,,,,,Wellington Region,Motorway ramp,1-way,Sealed,,0.0,1,,100.0,,Off,0.0,0.0,,47,Wellington City,Nil,,,,,0.0,0.0,Open,0.0,,,Fine,Null,0
66511039,,573300,0.0,0.0,0.0,1.0,0.0,East,2021/2022,DOUGLAS STREET,TASMAN STREET,,Non-Injury Crash,No,2021,0.0,East,0.0,0,1.0,Hill Road,0.0,,0.0,,0.0,Dark,2145700,0,0.0,0.0,2.0,0.0,0.0,0.0,0.0,1.0,,0.0,0.0,Wellington Region,Nil,2-way,Sealed,0.0,0.0,0,0.0,50.0,0.0,On,2.0,0.0,,47,Wellington City,Nil,0.0,0.0,0.0,0.0,0.0,0.0,Urban,0.0,0.0,0.0,Fine,Strong wind,1
66511042,,573514,0.0,,0.0,2.0,,North,2022/2023,JOHNSONVILLE PORIRUA MOTORWAY,JOHNSONVILLE ON RAMP,,Non-Injury Crash,Yes,2022,,North,,0,,Flat,,,,,,Overcast,2081100,0,0.0,0.0,2.0,,,0.0,,,,,,Wellington Region,Nil,1-way,Sealed,,0.0,0,,100.0,,Off,0.0,0.0,,47,Wellington City,Nil,,,,,0.0,0.0,Open,0.0,,,Light rain,Null,0
66511076,,574500,0.0,,0.0,2.0,,Null,2021/2022,KAIWHARAWHARA ROAD,PICKERING STREET,,Non-Injury Crash,No,2022,,South,,0,,Flat,,Easter,,,,Overcast,2093500,0,0.0,0.0,3.0,,,0.0,,,,,,Wellington Region,Nil,2-way,Sealed,,0.0,0,,50.0,,Off,0.0,0.0,,47,Wellington City,Nil,,,,,0.0,0.0,Urban,0.0,,,Fine,Null,0
66511084,,573101,0.0,0.0,0.0,1.0,0.0,North,2021/2022,KENT TERRACE,MAJORIBANKS STREET,,Non-Injury Crash,No,2021,0.0,South,0.0,0,0.0,Flat,0.0,,0.0,,0.0,Unknown,2135700,0,0.0,0.0,3.0,0.0,0.0,0.0,0.0,1.0,,0.0,0.0,Wellington Region,Nil,1-way,Sealed,0.0,0.0,0,0.0,50.0,0.0,Null,0.0,0.0,,47,Wellington City,Nil,0.0,0.0,0.0,0.0,0.0,0.0,Urban,0.0,0.0,0.0,Null,Null,1
66511106,,572701,0.0,,0.0,0.0,,Null,2021/2022,VICTORY CRESCENT,FORGLEN PLACE,,Minor Crash,No,2022,,North,,0,,Hill Road,,Queens Birthday,,,,Overcast,1994705,1,0.0,1.0,2.0,,,0.0,,,,,,Wellington Region,Nil,2-way,Sealed,,0.0,0,,50.0,,Off,0.0,0.0,,47,Wellington City,Nil,,,,,0.0,0.0,Urban,1.0,,,Fine,Null,0
66511120,,573101,1.0,,0.0,0.0,,Null,2022/2023,TORY STREET,COURTENAY PLACE,,Serious Crash,No,2023,,North,,0,,Flat,,,,,,Dark,2136000,0,0.0,0.0,2.0,,,0.0,,,,,,Wellington Region,Nil,2-way,Sealed,,0.0,1,,30.0,,On,0.0,0.0,,47,Wellington City,Traffic Signals,,,,,0.0,0.0,Urban,1.0,,,Fine,Null,0
66511170,,576100,0.0,0.0,0.0,1.0,0.0,South,2022/2023,BUCKLEY ROAD,SOUTHGATE ROAD,,Non-Injury Crash,No,2022,0.0,North,0.0,0,0.0,Hill Road,0.0,,0.0,,0.0,Dark,2194301,0,0.0,0.0,2.0,0.0,0.0,0.0,0.0,0.0,,0.0,2.0,Wellington Region,Nil,2-way,Sealed,0.0,0.0,0,0.0,50.0,0.0,On,0.0,0.0,,47,Wellington City,Nil,0.0,0.0,0.0,0.0,1.0,0.0,Urban,0.0,0.0,0.0,Light rain,Null,0
66511209,,575300,0.0,,0.0,1.0,,North,2021/2022,UPLAND ROAD,BOUNDARY ROAD,,Minor Crash,No,2022,,South,,0,,Flat,,,,,,Bright sun,2152800,1,0.0,0.0,2.0,,,0.0,,,,,,Wellington Region,Nil,2-way,Sealed,,0.0,0,,50.0,,Off,1.0,0.0,,47,Wellington City,Nil,,,,,1.0,0.0,Urban,1.0,,,Fine,Null,0
66511228,,574304,0.0,,0.0,1.0,,West,2022/2023,STATION ROAD,CASHMERE AVENUE,,Fatal Crash,No,2022,,East,,1,,Hill Road,,,,,,Bright sun,2088800,0,0.0,1.0,2.0,,,0.0,,,,,,Wellington Region,Nil,2-way,Sealed,,0.0,0,,50.0,,Off,0.0,0.0,,47,Wellington City,Nil,,,,,0.0,0.0,Urban,0.0,,,Fine,Null,0
66511293,,572900,0.0,0.0,0.0,1.0,0.0,South,2021/2022,AOTEA QUAY OFF RAMP,WELLINGTON URBAN MOTORWAY,,Minor Crash,No,2022,0.0,South,0.0,0,0.0,Hill Road,1.0,,0.0,,0.0,Twilight,2118400,1,0.0,0.0,1.0,0.0,0.0,0.0,0.0,0.0,,0.0,0.0,Wellington Region,Nil,1-way,Sealed,0.0,0.0,0,0.0,100.0,0.0,On,0.0,0.0,,47,Wellington City,Nil,0.0,0.0,0.0,0.0,0.0,0.0,Open,0.0,0.0,0.0,Light rain,Strong wind,0
66511296,,574800,0.0,0.0,0.0,1.0,1.0,Null,2021/2022,KARORI ROAD,HOMEWOOD AVENUE,,Minor Crash,No,2022,0.0,East,0.0,0,0.0,Hill Road,0.0,,0.0,,0.0,Twilight,2107002,1,0.0,0.0,2.0,0.0,0.0,0.0,0.0,0.0,,0.0,0.0,Wellington Region,Nil,2-way,Sealed,0.0,0.0,0,0.0,50.0,0.0,Off,0.0,0.0,,47,Wellington City,Nil,0.0,0.0,0.0,0.0,0.0,0.0,Urban,0.0,0.0,0.0,Fine,Null,0
66511305,,573101,0.0,0.0,0.0,0.0,0.0,West,2020/2021,COURTENAY PLACE,TORY STREET,,Non-Injury Crash,No,2020,0.0,South,0.0,0,0.0,Flat,0.0,Christmas New Year,1.0,,0.0,Bright sun,2135900,0,0.0,0.0,2.0,0.0,0.0,0.0,0.0,0.0,,0.0,0.0,Wellington Region,Nil,1-way,Sealed,0.0,0.0,0,0.0,30.0,0.0,Off,0.0,0.0,,47,Wellington City,Nil,0.0,0.0,0.0,0.0,0.0,0.0,Urban,1.0,0.0,0.0,Fine,Null,1
66511330,,577601,0.0,0.0,0.0,1.0,0.0,West,2022/2023,AKAROA DRIVE,WAIWERA CRESCENT,,Non-Injury Crash,No,2022,0.0,North,0.0,0,1.0,Hill Road,0.0,,0.0,,0.0,Twilight,2202201,0,0.0,0.0,2.0,0.0,0.0,0.0,0.0,0.0,,0.0,0.0,Wellington Region,Nil,2-way,Sealed,0.0,0.0,0,0.0,50.0,0.0,None,0.0,0.0,,47,Wellington City,Nil,0.0,0.0,0.0,1.0,0.0,0.0,Urban,0.0,0.0,0.0,Fine,Null,0
66511332,,577200,0.0,,0.0,2.0,,Null,2023/2024,BROADWAY,HOBART STREET,,Non-Injury Crash,No,2023,,West,,0,,Flat,,,,,,Overcast,2206800,0,0.0,0.0,2.0,,,0.0,,,,,,Wellington Region,Nil,2-way,Sealed,,0.0,0,,50.0,,Off,0.0,0.0,,47,Wellington City,Give way,,,,,0.0,0.0,Urban,0.0,,,Fine,Null,0
66511377,,573000,0.0,0.0,0.0,1.0,0.0,South,2021/2022,WELLINGTON URBAN MOTORWAY,AURORA TERRACE OBR,,Non-Injury Crash,Yes,2021,0.0,North,0.0,0,0.0,Flat,1.0,,0.0,,0.0,Overcast,2124900,0,0.0,0.0,3.0,0.0,0.0,0.0,0.0,0.0,,0.0,0.0,Wellington Region,Nil,1-way,Sealed,0.0,0.0,0,0.0,80.0,0.0,Off,0.0,0.0,,47,Wellington City,Nil,0.0,0.0,0.0,0.0,1.0,0.0,Open,0.0,0.0,0.0,Fine,Null,1
66511387,,575300,0.0,,0.0,2.0,,Null,2021/2022,GLENMORE STREET,GARDEN ROAD,,Non-Injury Crash,No,2021,,South,,0,,Hill Road,,,,,,Unknown,2153501,0,0.0,0.0,2.0,,,0.0,,,,,,Wellington Region,Nil,2-way,Sealed,,0.0,0,,50.0,,Null,0.0,0.0,,47,Wellington City,Nil,,,,,0.0,0.0,Urban,0.0,,,Fine,Null,1
66511393,,573200,0.0,,0.0,2.0,,Null,2020/2021,BROOKLYN ROAD,WEBB STREET,,Non-Injury Crash,No,2021,,South,,0,,Hill Road,,Christmas New Year,,,,Overcast,2159203,0,0.0,0.0,2.0,,,0.0,,,,,,Wellington Region,Nil,2-way,Sealed,,0.0,0,,50.0,,Off,0.0,0.0,,47,Wellington City,Traffic Signals,,,,,0.0,0.0,Urban,0.0,,,Light rain,Null,1
66511396,,572900,0.0,,0.0,2.0,,Null,2022/2023,GRANT ROAD,NEWMAN TERRACE,,Non-Injury Crash,No,2023,,South,,0,,Hill Road,,,,,,Overcast,2120200,0,0.0,0.0,2.0,,,0.0,,,,,,Wellington Region,Nil,2-way,Sealed,,0.0,0,,50.0,,Off,0.0,0.0,,47,Wellington City,Nil,,,,,0.0,0.0,Urban,0.0,,,Fine,Null,0
66511406,,574401,0.0,0.0,0.0,4.0,0.0,South,2021/2022,MOTUEKA STREET,ORLEANS STREET,,Minor Crash,No,2021,0.0,East,0.0,0,0.0,Hill Road,0.0,,0.0,,0.0,Overcast,2095102,1,0.0,0.0,2.0,0.0,0.0,0.0,0.0,1.0,,0.0,0.0,Wellington Region,Nil,2-way,Sealed,0.0,0.0,0,0.0,50.0,0.0,Off,0.0,0.0,,47,Wellington City,Nil,0.0,0.0,0.0,0.0,0.0,0.0,Urban,0.0,0.0,0.0,Heavy rain,Null,1
66511412,,572900,0.0,,0.0,2.0,,Null,2022/2023,TINAKORI ROAD,BOWEN STREET,,Non-Injury Crash,No,2022,,South,,0,,Flat,,Labour Weekend,,,,Dark,2123400,0,0.0,0.0,2.0,,,0.0,,,,,,Wellington Region,Nil,2-way,Sealed,,0.0,0,,50.0,,On,0.0,0.0,,47,Wellington City,Traffic Signals,,,,,0.0,0.0,Urban,0.0,,,Fine,Null,0
66511432,,575000,0.0,0.0,0.0,1.0,0.0,Null,2023/2024,CHAYTOR STREET,BIRDWOOD STREET,,Minor Crash,No,2023,0.0,North,0.0,0,0.0,Flat,0.0,,0.0,,0.0,Dark,2111100,1,0.0,0.0,3.0,0.0,0.0,0.0,0.0,0.0,,0.0,0.0,Wellington Region,Nil,2-way,Sealed,0.0,0.0,0,0.0,50.0,0.0,On,0.0,0.0,,47,Wellington City,Traffic Signals,0.0,1.0,0.0,0.0,0.0,0.0,Urban,0.0,0.0,0.0,Fine,Null,0
66511469,,576301,0.0,,0.0,2.0,,North,2020/2021,ADELAIDE ROAD,NIKAU STREET,,Non-Injury Crash,No,2021,,South,,0,,Flat,,,,,,Overcast,2163400,0,0.0,0.0,2.0,,,0.0,,,,,,Wellington Region,Nil,2-way,Sealed,,0.0,0,,50.0,,Off,0.0,0.0,,47,Wellington City,Nil,,,,,0.0,0.0,Urban,0.0,,,Fine,Null,1
66511485,,573000,0.0,,0.0,1.0,,Null,2022/2023,WATERLOO QUAY,BUNNY STREET,,Minor Crash,No,2022,,North,,0,,Flat,,,,,,Bright sun,2124300,1,0.0,0.0,3.0,,,0.0,,,,,,Wellington Region,Nil,1-way,Sealed,,0.0,0,,50.0,,Off,0.0,0.0,,47,Wellington City,Traffic Signals,,,,,0.0,0.0,Urban,1.0,,,Fine,Null,0
66511488,,573901,0.0,0.0,0.0,2.0,0.0,Null,2021/2022,BEAZLEY AVENUE,PAULINE WAY,,Minor Crash,No,2022,0.0,North,0.0,0,1.0,Flat,0.0,,1.0,,0.0,Dark,2072800,1,0.0,0.0,1.0,0.0,0.0,0.0,0.0,1.0,,0.0,0.0,Wellington Region,Nil,2-way,Sealed,0.0,0.0,0,0.0,50.0,0.0,On,0.0,0.0,,47,Wellington City,Nil,0.0,0.0,0.0,0.0,0.0,0.0,Urban,0.0,0.0,0.0,Fine,Null,0
66511539,,574303,0.0,,0.0,1.0,,South,2022/2023,HUTT ROAD,JARDEN MILE,,Minor Crash,No,2022,,North,,0,,Flat,,,,,,Overcast,2090402,1,0.0,0.0,2.0,,,0.0,,,,,,Wellington Region,Nil,1-way,Sealed,,0.0,0,,80.0,,On,0.0,0.0,,47,Wellington City,Nil,,,,,1.0,0.0,Open,0.0,,,Fine,Null,0
66511550,,573522,0.0,0.0,0.0,1.0,0.0,Null,2020/2021,JAMAICA DRIVE,TAKAPU ROAD,,Non-Injury Crash,No,2021,0.0,North,0.0,0,0.0,Flat,0.0,,0.0,,0.0,Dark,2086103,0,0.0,0.0,1.0,0.0,0.0,0.0,0.0,0.0,2.0,0.0,0.0,Wellington Region,Nil,1-way,Sealed,0.0,0.0,0,0.0,50.0,0.0,On,0.0,0.0,,47,Wellington City,Give way,0.0,0.0,0.0,0.0,0.0,0.0,Urban,0.0,0.0,1.0,Light rain,Null,1
66511562,,573802,0.0,0.0,0.0,1.0,0.0,South,2022/2023,JOHNSONVILLE PORIRUA MOTORWAY,JVILLE OBR,,Serious Crash,Yes,2022,0.0,South,0.0,0,0.0,Flat,0.0,,0.0,,1.0,Dark,2078701,2,0.0,0.0,4.0,0.0,0.0,0.0,0.0,0.0,,0.0,1.0,Wellington Region,Nil,2-way,Sealed,0.0,0.0,1,0.0,100.0,0.0,On,0.0,0.0,,47,Wellington City,Nil,0.0,0.0,0.0,0.0,0.0,0.0,Open,0.0,0.0,0.0,Light rain,Null,0
66511620,,574500,0.0,,0.0,1.0,,North,2022/2023,WELLINGTON URBAN MOTORWAY,AOTEA QUAY ON RAMP,,Non-Injury Crash,Yes,2022,,North,,0,,Hill Road,,,,,,Bright sun,2093500,0,0.0,0.0,4.0,,,0.0,,,,,,Wellington Region,Nil,1-way,Sealed,,0.0,0,,100.0,,Off,0.0,0.0,,47,Wellington City,Nil,,,,,0.0,0.0,Open,0.0,,,Fine,Null,0
66511656,,572900,0.0,,0.0,1.0,,North,2022/2023,WATERLOO QUAY,PLATFORM 9 ENTRY,,Minor Crash,No,2022,,North,,0,,Flat,,,,,,Overcast,2122700,1,0.0,0.0,4.0,,,0.0,,,,,,Wellington Region,Nil,2-way,Sealed,,0.0,0,,50.0,,Off,0.0,0.0,,47,Wellington City,Traffic Signals,,,,,0.0,0.0,Urban,1.0,,,Fine,Null,0
66511711,,572600,0.0,0.0,0.0,1.0,0.0,South,2020/2021,JOHNSONVILLE PORIRUA MOTORWAY,PED SUBWAY,,Non-Injury Crash,Yes,2021,0.0,North,0.0,0,0.0,Flat,1.0,,0.0,,0.0,Overcast,1992900,0,0.0,0.0,2.0,0.0,0.0,0.0,0.0,0.0,,0.0,0.0,Wellington Region,Nil,1-way,Sealed,0.0,0.0,0,0.0,100.0,0.0,None,0.0,0.0,,47,Wellington City,Nil,0.0,0.0,0.0,0.0,0.0,0.0,Open,0.0,0.0,0.0,Heavy rain,Null,1
66511735,,576100,0.0,0.0,0.0,0.0,0.0,South,2020/2021,VIEW ROAD,TWOMEY GROVE,,Non-Injury Crash,No,2021,0.0,South,0.0,0,0.0,Hill Road,0.0,,0.0,,0.0,Unknown,2195602,0,0.0,0.0,2.0,0.0,0.0,0.0,0.0,1.0,,0.0,0.0,Wellington Region,Nil,2-way,Sealed,0.0,0.0,0,0.0,50.0,0.0,Null,1.0,0.0,,47,Wellington City,Nil,0.0,0.0,0.0,0.0,0.0,0.0,Urban,0.0,0.0,0.0,Null,Null,1
66511749,,573101,0.0,,0.0,2.0,,West,2020/2021,WAKEFIELD STREET,ALLEN STREET,,Non-Injury Crash,No,2021,,West,,0,,Flat,,,,,,Dark,2135700,0,0.0,0.0,3.0,,,0.0,,,,,,Wellington Region,Nil,1-way,Sealed,,0.0,0,,50.0,,On,0.0,0.0,,47,Wellington City,Nil,,,,,0.0,0.0,Urban,0.0,,,Fine,Null,1
66511804,,573101,0.0,,0.0,2.0,,Null,2022/2023,CAMBRIDGE TERRACE,COURTENAY PLACE,,Non-Injury Crash,No,2023,,North,,0,,Flat,,,,,,Dark,2136000,0,0.0,0.0,1.0,,,0.0,,,,,,Wellington Region,Nil,1-way,Sealed,,0.0,0,,50.0,,On,0.0,0.0,,47,Wellington City,Traffic Signals,,,,,0.0,0.0,Urban,0.0,,,Fine,Null,0
66511816,,576800,0.0,0.0,0.0,2.0,0.0,East,2022/2023,ALEXANDRA ROAD,UPOKO ROAD,,Minor Crash,No,2023,0.0,South,0.0,0,0.0,Hill Road,0.0,,0.0,,0.0,Dark,2184700,1,0.0,0.0,2.0,0.0,0.0,0.0,0.0,1.0,,0.0,0.0,Wellington Region,Nil,2-way,Sealed,0.0,0.0,0,0.0,50.0,0.0,None,0.0,0.0,,47,Wellington City,Unknown,0.0,0.0,0.0,0.0,0.0,0.0,Urban,0.0,0.0,0.0,Fine,Null,0
66511827,,573400,0.0,0.0,0.0,2.0,0.0,West,2022/2023,ORIENTAL PARADE,PRINCE STREET,,Minor Crash,No,2023,0.0,East,0.0,0,0.0,Flat,0.0,,0.0,,0.0,Dark,2138800,1,0.0,0.0,2.0,0.0,0.0,0.0,0.0,0.0,,0.0,0.0,Wellington Region,Nil,2-way,Sealed,0.0,0.0,0,0.0,40.0,0.0,On,0.0,0.0,,47,Wellington City,Nil,1.0,1.0,0.0,0.0,0.0,0.0,Urban,0.0,0.0,0.0,Fine,Null,0
66511890,,573300,0.0,0.0,0.0,1.0,0.0,South,2021/2022,WALLACE STREET,CARRINGTON STREET,,Non-Injury Crash,No,2022,0.0,South,0.0,0,0.0,Hill Road,0.0,,0.0,,0.0,Overcast,2147400,0,0.0,0.0,2.0,0.0,0.0,0.0,0.0,1.0,,0.0,0.0,Wellington Region,Nil,2-way,Sealed,0.0,0.0,0,0.0,50.0,0.0,Off,0.0,0.0,,47,Wellington City,Nil,0.0,0.0,0.0,0.0,0.0,0.0,Urban,1.0,0.0,0.0,Fine,Null,0
66511897,,573700,1.0,,0.0,1.0,,Null,2021/2022,JOHNSONVILLE ROAD,DISRAELI STREET,,Minor Crash,No,2022,,South,,0,,Flat,,,,,,Dark,2082800,1,0.0,0.0,3.0,,,0.0,,,,,,Wellington Region,Nil,2-way,Sealed,,0.0,0,,50.0,,On,0.0,0.0,,47,Wellington City,Give way,,,,,0.0,0.0,Urban,0.0,,,Fine,Null,0
66511911,,574800,0.0,,0.0,1.0,,Null,2020/2021,RAINE STREET,KARORI ROAD,,Non-Injury Crash,No,2021,,North,,0,,Hill Road,,,,,,Unknown,2107600,0,0.0,0.0,2.0,,,0.0,,,,,,Wellington Region,Nil,2-way,Sealed,,0.0,0,,50.0,,Null,1.0,0.0,,47,Wellington City,Give way,,,,,0.0,0.0,Urban,0.0,,,Null,Null,1
66511941,,577000,0.0,0.0,0.0,2.0,0.0,Null,2021/2022,ONEPU ROAD,LYALL PARADE,,Minor Crash,No,2022,0.0,South,0.0,0,0.0,Flat,0.0,,0.0,,0.0,Bright sun,2175300,2,0.0,0.0,2.0,0.0,0.0,0.0,0.0,1.0,,0.0,0.0,Wellington Region,Nil,2-way,Sealed,0.0,0.0,0,0.0,50.0,0.0,Off,0.0,0.0,,47,Wellington City,Give way,0.0,0.0,0.0,0.0,0.0,0.0,Urban,0.0,0.0,0.0,Fine,Null,0
66511986,,573000,0.0,,0.0,2.0,,Null,2021/2022,THE TERRACE,DIXON STREET,,Non-Injury Crash,No,2022,,North,,0,,Hill Road,,,,,,Overcast,2128700,0,0.0,0.0,2.0,,,0.0,,,,,,Wellington Region,Nil,2-way,Sealed,,0.0,0,,50.0,,Off,0.0,0.0,,47,Wellington City,Nil,,,,,0.0,0.0,Urban,0.0,,,Fine,Null,0
66512009,,573000,0.0,,0.0,2.0,,Null,2021/2022,THE TERRACE,CHURCH STREET,,Non-Injury Crash,No,2021,,North,,0,,Flat,,,,,,Dark,2128000,0,0.0,0.0,2.0,,,0.0,,,,,,Wellington Region,Nil,2-way,Sealed,,0.0,0,,50.0,,On,0.0,0.0,,47,Wellington City,Nil,,,,,0.0,0.0,Urban,0.0,,,Fine,Null,1
66512028,,573101,0.0,,0.0,2.0,,Null,2022/2023,TORY STREET,EBOR STREET,,Non-Injury Crash,No,2022,,South,,0,,Flat,,,,,,Dark,2136400,0,0.0,0.0,2.0,,,0.0,,,,,,Wellington Region,Nil,2-way,Sealed,,0.0,0,,30.0,,On,0.0,0.0,,47,Wellington City,Nil,,,,,0.0,0.0,Urban,0.0,,,Light rain,Null,0
66512041,,573300,0.0,0.0,0.0,1.0,0.0,South,2020/2021,THOMPSON STREET,WEBB STREET,,Non-Injury Crash,No,2021,0.0,North,0.0,0,0.0,Hill Road,0.0,,0.0,,0.0,Bright sun,2144101,0,0.0,0.0,2.0,0.0,0.0,0.0,0.0,1.0,,0.0,0.0,Wellington Region,Nil,2-way,Sealed,0.0,0.0,0,0.0,50.0,0.0,Null,1.0,0.0,,47,Wellington City,Nil,0.0,0.0,0.0,0.0,0.0,0.0,Urban,0.0,0.0,0.0,Fine,Null,1
66512054,,573511,0.0,,0.0,2.0,,Null,2021/2022,WESTCHESTER DRIVE EAST,CHURTON PARK-GLENSIDE ON RAMP,,Non-Injury Crash,No,2021,,East,,0,,Hill Road,,,,,,Dark,2086203,0,0.0,0.0,2.0,,,0.0,,,,,,Wellington Region,Nil,2-way,Sealed,,0.0,0,,50.0,,Null,0.0,0.0,,47,Wellington City,Give way,,,,,0.0,0.0,Urban,0.0,,,Fine,Null,1
66512061,,572900,0.0,,0.0,1.0,,Null,2021/2022,HOBSON STREET,TINAKORI ROAD,,Minor Crash,No,2021,,South,,0,,Flat,,,,,,Bright sun,2117800,1,0.0,0.0,2.0,,,0.0,,,1.0,,,Wellington Region,Nil,2-way,Sealed,,0.0,0,,50.0,,Off,0.0,0.0,,47,Wellington City,Give way,,,,,0.0,0.0,Urban,0.0,,,Fine,Null,1
66512135,,573000,0.0,,0.0,2.0,,Null,2020/2021,WATERLOO QUAY,BUNNY STREET,,Non-Injury Crash,No,2021,,North,,0,,Flat,,,,,,Dark,2124300,0,0.0,0.0,2.0,,,0.0,,,,,,Wellington Region,Nil,1-way,Sealed,,0.0,0,,50.0,,On,0.0,0.0,,47,Wellington City,Traffic Signals,,,,,0.0,0.0,Urban,0.0,,,Heavy rain,Null,1
66512144,,572500,0.0,0.0,0.0,2.0,0.0,North,2022/2023,MAIN ROAD,REDWOOD AVENUE,,Non-Injury Crash,No,2022,0.0,South,0.0,0,0.0,Flat,0.0,,0.0,,0.0,Overcast,1986100,0,0.0,0.0,2.0,0.0,0.0,0.0,0.0,1.0,,0.0,0.0,Wellington Region,Nil,2-way,Sealed,0.0,0.0,0,0.0,50.0,0.0,Off,0.0,0.0,,47,Wellington City,Nil,0.0,0.0,0.0,0.0,0.0,0.0,Urban,0.0,0.0,0.0,Light rain,Strong wind,0
66512255,,572600,0.0,,0.0,0.0,,Null,2021/2022,MAIN ROAD,OXFORD STREET,,Non-Injury Crash,No,2021,,North,,0,,Flat,,,,,,Bright sun,1988400,0,0.0,0.0,2.0,,,0.0,,,1.0,,,Wellington Region,Nil,2-way,Sealed,,0.0,0,,50.0,,Off,1.0,0.0,,47,Wellington City,Give way,,,,,0.0,0.0,Urban,0.0,,,Fine,Null,1
66512297,,573700,0.0,,0.0,0.0,,Null,2020/2021,JOHNSONVILLE ROAD,DISRAELI STREET,,Non-Injury Crash,No,2021,,North,,0,,Flat,,,,,,Unknown,2083100,0,0.0,0.0,2.0,,,0.0,,,,,,Wellington Region,Nil,2-way,Sealed,,0.0,0,,50.0,,Null,1.0,0.0,,47,Wellington City,Give way,,,,,0.0,0.0,Urban,0.0,,,Null,Null,1
66512311,,573300,0.0,0.0,0.0,4.0,0.0,Null,2021/2022,SUSSEX STREET,RUGBY STREET,,Non-Injury Crash,No,2021,0.0,North,0.0,0,0.0,Hill Road,0.0,,0.0,,0.0,Dark,2145602,0,0.0,0.0,3.0,0.0,0.0,0.0,0.0,1.0,,0.0,0.0,Wellington Region,Nil,1-way,Sealed,0.0,0.0,0,0.0,50.0,0.0,On,0.0,0.0,,47,Wellington City,Give way,0.0,0.0,0.0,0.0,0.0,0.0,Urban,0.0,0.0,0.0,Fine,Frost,1
66512336,,573000,0.0,0.0,0.0,1.0,0.0,South,2021/2022,WELLINGTON URBAN MOTORWAY,SOUTH PORTAL,,Non-Injury Crash,Yes,2022,0.0,North,0.0,0,0.0,Flat,1.0,,0.0,,0.0,Bright sun,2130600,0,0.0,0.0,3.0,0.0,0.0,0.0,0.0,0.0,,0.0,0.0,Wellington Region,Nil,2-way,Sealed,0.0,0.0,0,0.0,70.0,0.0,On,0.0,0.0,,47,Wellington City,Nil,0.0,0.0,0.0,0.0,0.0,0.0,Urban,0.0,0.0,0.0,Fine,Strong wind,0
66512385,,576700,0.0,0.0,0.0,2.0,0.0,South,2020/2021,EVANS BAY PARADE,MAIDA VALE ROAD,,Minor Crash,No,2021,0.0,North,0.0,0,0.0,Flat,0.0,,0.0,,0.0,Dark,2186100,1,0.0,0.0,2.0,0.0,0.0,0.0,0.0,0.0,,0.0,0.0,Wellington Region,Nil,2-way,Sealed,0.0,0.0,0,0.0,50.0,0.0,On,0.0,0.0,,47,Wellington City,Nil,0.0,0.0,0.0,0.0,0.0,0.0,Urban,0.0,0.0,0.0,Fine,Null,1
66512428,,572900,0.0,0.0,0.0,2.0,0.0,Null,2022/2023,TINAKORI ROAD,CALGARRY AVENUE,,Non-Injury Crash,No,2023,0.0,North,0.0,0,0.0,Flat,0.0,,0.0,,0.0,Dark,2119800,0,0.0,0.0,2.0,0.0,0.0,0.0,0.0,1.0,,0.0,0.0,Wellington Region,Nil,2-way,Sealed,0.0,0.0,0,0.0,50.0,0.0,On,0.0,0.0,,47,Wellington City,Nil,0.0,0.0,0.0,0.0,0.0,0.0,Urban,0.0,0.0,0.0,Fine,Null,0