OBJECTID,advisorySpeed,areaUnitID,bicycle,bridge,bus,carStationWagon,cliffBank,crashDirectionDescription,crashFinancialYear,crashLocation1,crashLocation2,crashRoadSideRoad,crashSeverity,crashSHDescription,crashYear,debris,directionRoleDescription,ditch,fatalCount,fence,flatHill,guardRail,holiday,houseOrBuilding,intersection,kerb,light,meshblockId,minorInjuryCount,moped,motorcycle,NumberOfLanes,objectThrownOrDropped,otherObject,otherVehicleType,overBank,parkedVehicle,pedestrian,phoneBoxEtc,postOrPole,region,roadCharacter,roadLane,roadSurface,roadworks,schoolBus,seriousInjuryCount,slipOrFlood,speedLimit,strayAnimal,streetLight,suv,taxi,temporarySpeedLimit,tlaId,tlaName,trafficControl,trafficIsland,trafficSign,train,tree,truck,unknownVehicleType,urban,vanOrUtility,vehicle,waterRiver,weatherA,weatherB,if_pandemic
66512530,,573400,0.0,0.0,1.0,1.0,0.0,Null,2021/2022,HAWKER STREET,DUKE STREET,,Non-Injury Crash,No,2021,0.0,South,0.0,0,0.0,Hill Road,0.0,,0.0,,0.0,Overcast,2140100,0,0.0,0.0,2.0,0.0,0.0,0.0,0.0,1.0,,0.0,0.0,Wellington Region,Nil,2-way,Sealed,0.0,0.0,0,0.0,50.0,0.0,Off,1.0,0.0,,47,Wellington City,Nil,0.0,0.0,0.0,0.0,0.0,0.0,Urban,0.0,0.0,0.0,Light rain,Null,1
66512539,,572500,0.0,0.0,0.0,1.0,0.0,East,2021/2022,MCKEEFRY GROVE,REDWOOD AVENUE,,Non-Injury Crash,No,2021,0.0,East,0.0,0,0.0,Hill Road,0.0,,0.0,,0.0,Overcast,1986100,0,0.0,0.0,2.0,0.0,0.0,0.0,0.0,1.0,,0.0,0.0,Wellington Region,Nil,2-way,Sealed,0.0,0.0,0,0.0,50.0,0.0,Off,1.0,0.0,,47,Wellington City,Nil,0.0,0.0,0.0,0.0,0.0,0.0,Urban,0.0,0.0,0.0,Fine,Null,1
66512562,,576903,0.0,,0.0,1.0,,West,2021/2022,WELLINGTON ROAD,HAMILTON ROAD,,Non-Injury Crash,Yes,2021,,East,,0,,Hill Road,,,,,,Unknown,2180300,0,0.0,0.0,2.0,,,0.0,,,,,,Wellington Region,Nil,2-way,Sealed,,0.0,0,,50.0,,Null,0.0,0.0,,47,Wellington City,Nil,,,,,0.0,0.0,Urban,1.0,,,Null,Null,1
66512728,,573400,1.0,,0.0,0.0,,East,2022/2023,ORIENTAL PARADE,HERD STREET,,Minor Crash,No,2023,,East,,0,,Flat,,,,,,Bright sun,2138400,1,0.0,0.0,2.0,,,0.0,,,,,,Wellington Region,Nil,2-way,Sealed,,0.0,0,,40.0,,Off,1.0,0.0,,47,Wellington City,Nil,,,,,0.0,0.0,Urban,0.0,,,Fine,Null,0
66512734,,574304,0.0,0.0,0.0,1.0,1.0,West,2021/2022,ONSLOW ROAD,BENARES STREET,,Non-Injury Crash,No,2021,0.0,East,0.0,0,0.0,Hill Road,0.0,,0.0,,0.0,Bright sun,2089803,0,0.0,0.0,2.0,0.0,0.0,0.0,0.0,0.0,,0.0,0.0,Wellington Region,Nil,2-way,Sealed,1.0,0.0,0,0.0,50.0,0.0,Off,0.0,0.0,30.0,47,Wellington City,Nil,0.0,0.0,0.0,0.0,0.0,0.0,Urban,0.0,0.0,0.0,Fine,Null,1
66512782,,569800,0.0,0.0,0.0,2.0,1.0,Null,2021/2022,HOROKIWI ROAD,HUTT ROAD,,Non-Injury Crash,No,2021,0.0,North,0.0,0,0.0,Flat,0.0,,0.0,,0.0,Twilight,1922202,0,0.0,0.0,2.0,0.0,0.0,0.0,0.0,0.0,,0.0,0.0,Wellington Region,Nil,2-way,Sealed,0.0,0.0,0,0.0,50.0,0.0,On,0.0,0.0,,46,Lower Hutt City,Give way,0.0,0.0,0.0,0.0,0.0,0.0,Urban,0.0,0.0,0.0,Fine,Null,1
66512783,,574100,0.0,,0.0,1.0,,South,2021/2022,BURMA ROAD,HAUMIA STREET,,Non-Injury Crash,No,2022,,South,,0,,Flat,,,,,,Dark,2085303,0,0.0,0.0,2.0,,,0.0,,,,,,Wellington Region,Nil,2-way,Sealed,,0.0,0,,50.0,,On,1.0,0.0,,47,Wellington City,Nil,,,,,0.0,0.0,Urban,0.0,,,Light rain,Null,0
66512794,,573400,0.0,,0.0,2.0,,Null,2021/2022,DUFFERIN STREET,PATERSON STREET,,Non-Injury Crash,Yes,2021,,South,,0,,Flat,,,,,,Unknown,2142900,0,0.0,0.0,2.0,,,0.0,,,,,,Wellington Region,Nil,1-way,Sealed,,0.0,0,,50.0,,Null,0.0,0.0,,47,Wellington City,Give way,,,,,0.0,0.0,Urban,0.0,,,Null,Null,1
66512810,,573101,0.0,,0.0,2.0,,Null,2021/2022,TORY STREET,HOLLAND STREET,,Non-Injury Crash,No,2021,,South,,0,,Null,,,,,,Bright sun,2135900,0,0.0,0.0,2.0,,,0.0,,,,,,Wellington Region,Nil,2-way,Sealed,,0.0,0,,30.0,,Off,0.0,0.0,,47,Wellington City,Nil,,,,,0.0,0.0,Urban,0.0,,,Null,Null,1
66512934,,573000,0.0,0.0,0.0,3.0,0.0,South,2020/2021,STOUT STREET,BUNNY STREET,,Non-Injury Crash,No,2020,0.0,North,0.0,0,0.0,Flat,0.0,,0.0,,0.0,Bright sun,2123800,0,0.0,0.0,1.0,0.0,0.0,0.0,0.0,1.0,,0.0,0.0,Wellington Region,Nil,1-way,Sealed,0.0,0.0,0,0.0,30.0,0.0,Off,0.0,0.0,,47,Wellington City,Unknown,0.0,0.0,0.0,0.0,0.0,0.0,Urban,0.0,0.0,0.0,Fine,Null,1
66512935,,572600,0.0,,0.0,1.0,,Null,2020/2021,MAIN ROAD,ESSEX STREET,,Non-Injury Crash,No,2021,,South,,0,,Flat,,,,,,Unknown,1992100,0,0.0,0.0,2.0,,,0.0,,,,,,Wellington Region,Nil,2-way,Sealed,,0.0,0,,50.0,,Null,1.0,0.0,,47,Wellington City,Give way,,,,,0.0,0.0,Urban,0.0,,,Null,Null,1
66512944,,574701,1.0,,0.0,0.0,,North,2022/2023,CHURCHILL DRIVE,BLACKBRIDGE ROAD,,Minor Crash,No,2022,,North,,0,,Hill Road,,,,,,Dark,2105100,1,0.0,0.0,2.0,,,0.0,,,,,,Wellington Region,Nil,2-way,Sealed,,0.0,0,,50.0,,On,0.0,0.0,,47,Wellington City,Nil,,,,,0.0,0.0,Urban,1.0,,,Heavy rain,Null,0
66512980,,574002,0.0,,0.0,0.0,,South,2021/2022,CENTENNIAL HIGHWAY,NEWLANDS ON RAMP,,Non-Injury Crash,Yes,2022,,South,,0,,Hill Road,,,,,,Twilight,2078304,0,0.0,0.0,3.0,,,0.0,,,,,,Wellington Region,Nil,1-way,Sealed,,0.0,0,,80.0,,Off,0.0,0.0,,47,Wellington City,Nil,,,,,0.0,0.0,Open,3.0,,,Fine,Null,0
66512985,,574002,0.0,0.0,0.0,0.0,0.0,South,2021/2022,CENTENNIAL HIGHWAY,NEWLANDS ON RAMP,,Non-Injury Crash,Yes,2021,0.0,South,0.0,0,0.0,Hill Road,0.0,,0.0,,0.0,Dark,2078304,0,0.0,0.0,3.0,0.0,0.0,0.0,0.0,0.0,,0.0,0.0,Wellington Region,Nil,1-way,Sealed,0.0,0.0,0,0.0,80.0,0.0,On,0.0,0.0,50.0,47,Wellington City,Nil,0.0,0.0,0.0,0.0,2.0,0.0,Open,0.0,1.0,0.0,Light rain,Null,1
66513035,,574200,0.0,0.0,0.0,1.0,0.0,East,2022/2023,RAJKOT TERRACE,ORISSA CRESCENT,,Minor Crash,No,2022,0.0,East,0.0,0,0.0,Hill Road,0.0,,0.0,,0.0,Twilight,2087900,1,0.0,0.0,2.0,0.0,0.0,0.0,0.0,0.0,,0.0,0.0,Wellington Region,Nil,2-way,Sealed,0.0,0.0,0,0.0,50.0,0.0,Off,0.0,0.0,,47,Wellington City,Nil,0.0,0.0,0.0,1.0,0.0,0.0,Urban,0.0,0.0,0.0,Fine,Null,0
66513045,,574002,0.0,,0.0,1.0,,East,2020/2021,CENTENNIAL HIGHWAY,NIMT OBR,,Non-Injury Crash,Yes,2021,,South,,0,,Hill Road,,,,,,Overcast,2078302,0,0.0,0.0,2.0,,,0.0,,,,,,Wellington Region,Overpass,1-way,Sealed,,0.0,0,,100.0,,On,1.0,0.0,,47,Wellington City,Nil,,,,,0.0,0.0,Open,0.0,,,Heavy rain,Null,1
66513106,,572600,0.0,,0.0,2.0,,Null,2022/2023,MAIN ROAD,LYNDHURST ROAD,,Non-Injury Crash,No,2022,,North,,0,,Flat,,,,,,Overcast,1992200,0,0.0,0.0,2.0,,,0.0,,,,,,Wellington Region,Nil,2-way,Sealed,,0.0,0,,50.0,,Off,0.0,0.0,,47,Wellington City,Give way,,,,,0.0,0.0,Urban,0.0,,,Fine,Null,0
66513114,,573101,0.0,0.0,0.0,1.0,0.0,West,2022/2023,WAKEFIELD STREET,TORY STREET,,Non-Injury Crash,No,2022,0.0,West,0.0,0,0.0,Flat,0.0,,0.0,,0.0,Overcast,2135600,0,0.0,0.0,3.0,0.0,0.0,0.0,0.0,1.0,,0.0,0.0,Wellington Region,Nil,1-way,Sealed,0.0,0.0,0,0.0,50.0,0.0,On,0.0,0.0,,47,Wellington City,Nil,0.0,0.0,0.0,0.0,0.0,0.0,Urban,0.0,0.0,0.0,Fine,Null,0
66513140,,573000,0.0,,0.0,2.0,,Null,2021/2022,VICTORIA STREET,HUNTER STREET,,Non-Injury Crash,No,2022,,South,,0,,Flat,,,,,,Dark,2126000,0,0.0,0.0,2.0,,,0.0,,,,,,Wellington Region,Nil,1-way,Sealed,,0.0,0,,50.0,,On,0.0,0.0,,47,Wellington City,Nil,,,,,0.0,0.0,Urban,0.0,,,Fine,Null,0
66513175,,575600,0.0,,0.0,2.0,,North,2021/2022,OHIRO ROAD,CLEVELAND STREET,,Non-Injury Crash,No,2022,,South,,0,,Hill Road,,,,,,Unknown,2161900,0,0.0,0.0,2.0,,,0.0,,,,,,Wellington Region,Nil,2-way,Sealed,,0.0,0,,30.0,,Null,0.0,0.0,,47,Wellington City,Nil,,,,,0.0,0.0,Urban,1.0,,,Fine,Null,0
66513193,,573525,0.0,0.0,0.0,1.0,1.0,North,2021/2022,JOHNSONVILLE PORIRUA MOTORWAY,TAWA-GRENADA NORTH OFF RAMP,,Non-Injury Crash,Yes,2021,0.0,South,0.0,0,0.0,Flat,0.0,,0.0,,0.0,Dark,2053830,0,0.0,0.0,2.0,0.0,0.0,0.0,0.0,0.0,,0.0,0.0,Wellington Region,Nil,1-way,Sealed,0.0,0.0,0,0.0,100.0,0.0,Off,0.0,0.0,,47,Wellington City,Nil,0.0,0.0,0.0,0.0,0.0,0.0,Open,1.0,0.0,0.0,Fine,Null,1
66513272,,576002,0.0,0.0,0.0,1.0,1.0,Null,2022/2023,VOLGA STREET,MELBOURNE ROAD,,Non-Injury Crash,No,2022,0.0,South,0.0,0,0.0,Hill Road,0.0,,0.0,,0.0,Dark,2191800,0,0.0,0.0,2.0,0.0,0.0,0.0,0.0,0.0,,0.0,0.0,Wellington Region,Nil,2-way,Sealed,0.0,0.0,0,0.0,50.0,0.0,On,0.0,0.0,,47,Wellington City,Nil,0.0,0.0,0.0,0.0,0.0,0.0,Urban,0.0,0.0,0.0,Fine,Null,0
66513274,,573101,0.0,,0.0,2.0,,Null,2021/2022,ARTHUR STREET,CUBA STREET,,Non-Injury Crash,Yes,2022,,North,,0,,Flat,,,,,,Bright sun,2134600,0,0.0,0.0,3.0,,,0.0,,,,,,Wellington Region,Nil,1-way,Sealed,,0.0,0,,50.0,,Off,0.0,0.0,,47,Wellington City,Traffic Signals,,,,,0.0,0.0,Urban,0.0,,,Null,Null,0
66513288,,573101,0.0,,0.0,1.0,,North,2022/2023,TORY STREET,WAKEFIELD STREET,,Non-Injury Crash,No,2022,,West,,0,,Flat,,,,,,Bright sun,2135200,0,0.0,0.0,2.0,,,0.0,,,,,,Wellington Region,Nil,2-way,Sealed,,0.0,0,,30.0,,Off,1.0,0.0,,47,Wellington City,Nil,,,,,0.0,0.0,Urban,0.0,,,Fine,Null,0
66513289,,573101,0.0,,0.0,0.0,,Null,2021/2022,VIVIAN STREET,CUBA STREET,,Minor Crash,Yes,2021,,East,,0,,Flat,,,,,,Dark,2134300,1,0.0,0.0,2.0,,,0.0,,,1.0,,,Wellington Region,Nil,1-way,Sealed,,0.0,0,,50.0,,On,0.0,0.0,,47,Wellington City,Traffic Signals,,,,,0.0,0.0,Urban,0.0,,,Fine,Null,1
66513306,,576903,0.0,,0.0,1.0,,Null,2022/2023,WELLINGTON ROAD,RUAHINE STREET,,Non-Injury Crash,No,2022,,North,,0,,Flat,,,,,,Overcast,2180400,0,0.0,0.0,2.0,,,0.0,,,,,,Wellington Region,Nil,1-way,Sealed,,0.0,0,,50.0,,Off,1.0,0.0,,47,Wellington City,Give way,,,,,0.0,0.0,Urban,0.0,,,Fine,Null,0
66513324,,573101,0.0,,0.0,1.0,,Null,2022/2023,DIXON STREET,MANNERS STREET,,Non-Injury Crash,No,2022,,East,,0,,Flat,,,,,,Bright sun,2133300,0,0.0,0.0,2.0,,,0.0,,,,,,Wellington Region,Nil,1-way,Sealed,,0.0,0,,30.0,,Null,0.0,0.0,,47,Wellington City,Traffic Signals,,,,,0.0,0.0,Urban,1.0,,,Fine,Null,0
66513331,,573101,0.0,0.0,0.0,2.0,0.0,Null,2022/2023,VICTORIA STREET,EDWARD STREET,,Non-Injury Crash,No,2022,0.0,South,0.0,0,0.0,Flat,0.0,,0.0,,0.0,Dark,2131300,0,0.0,0.0,2.0,0.0,0.0,0.0,0.0,1.0,,0.0,0.0,Wellington Region,Nil,1-way,Sealed,0.0,0.0,0,0.0,30.0,0.0,On,0.0,0.0,,47,Wellington City,Nil,0.0,0.0,0.0,0.0,0.0,0.0,Urban,0.0,0.0,0.0,Heavy rain,Null,0
66513362,,576500,0.0,,0.0,1.0,,Null,2022/2023,ADELAIDE ROAD,HOSPITAL ROAD,,Non-Injury Crash,No,2022,,North,,0,,Flat,,,,,,Overcast,2148602,0,0.0,1.0,4.0,,,0.0,,,,,,Wellington Region,Nil,2-way,Sealed,,0.0,0,,50.0,,Off,0.0,1.0,,47,Wellington City,Traffic Signals,,,,,0.0,0.0,Urban,0.0,,,Fine,Null,0
66513398,,573511,0.0,,0.0,1.0,,Null,2021/2022,WESTCHESTER DRIVE EAST,MIDDLETON ROAD,,Non-Injury Crash,No,2021,,North,,0,,Flat,,,,,,Bright sun,2086203,0,0.0,0.0,2.0,,,0.0,,,,,,Wellington Region,Nil,2-way,Sealed,,0.0,0,,50.0,,Off,1.0,0.0,,47,Wellington City,Give way,,,,,0.0,0.0,Urban,0.0,,,Fine,Null,1
66513404,,572500,0.0,,0.0,1.0,,Null,2022/2023,THE DRIVE,MAIN ROAD,,Non-Injury Crash,No,2023,,East,,0,,Flat,,,,,,Bright sun,1988300,0,0.0,0.0,2.0,,,0.0,,,,,,Wellington Region,Nil,2-way,Sealed,,0.0,0,,50.0,,Null,0.0,0.0,,47,Wellington City,Give way,,,,,0.0,1.0,Urban,0.0,,,Light rain,Null,0
66513460,,577500,1.0,,0.0,1.0,,South,2023/2024,BREAKER BAY ROAD,TE ARA O KUPE,,Minor Crash,No,2024,,South,,0,,Flat,,,,,,Bright sun,2212400,1,0.0,0.0,2.0,,,0.0,,,,,,Wellington Region,Nil,2-way,Sealed,,0.0,0,,50.0,,Off,0.0,0.0,,47,Wellington City,Nil,,,,,0.0,0.0,Urban,0.0,,,Fine,Null,0
66513480,,574500,0.0,,0.0,2.0,,West,2022/2023,HUTT ROAD,RANGIORA AVENUE,,Minor Crash,No,2023,,South,,0,,Flat,,,,,,Overcast,2093400,1,0.0,0.0,4.0,,,0.0,,,,,,Wellington Region,Nil,2-way,Sealed,,0.0,0,,60.0,,Off,0.0,0.0,,47,Wellington City,Nil,,,,,0.0,0.0,Urban,0.0,,,Light rain,Null,0
66513489,,577000,0.0,0.0,0.0,1.0,0.0,South,2020/2021,MOA POINT ROAD,STEWART DUFF DRIVE,,Non-Injury Crash,No,2021,0.0,South,0.0,0,0.0,Flat,0.0,,0.0,,0.0,Unknown,2175700,0,0.0,0.0,2.0,0.0,0.0,0.0,0.0,1.0,,0.0,0.0,Wellington Region,Nil,2-way,Sealed,0.0,0.0,0,0.0,50.0,0.0,Null,0.0,0.0,,47,Wellington City,Nil,0.0,0.0,0.0,0.0,0.0,0.0,Urban,0.0,0.0,0.0,Null,Null,1
66513557,,576600,0.0,,0.0,1.0,,East,2021/2022,ORIENTAL PARADE,BARING STREET,,Minor Crash,No,2021,,West,,0,,Flat,,Christmas New Year,,,,Bright sun,2137700,1,0.0,0.0,2.0,,,0.0,,,1.0,,,Wellington Region,Nil,2-way,Sealed,,0.0,0,,40.0,,Off,0.0,0.0,,47,Wellington City,Isolated Pedestrian signal (non-intersection),,,,,0.0,0.0,Urban,0.0,,,Fine,Null,1
66513564,,572600,0.0,0.0,0.0,1.0,0.0,South,2023/2024,JOHNSONVILLE PORIRUA MOTORWAY,PED SUBWAY,,Minor Crash,Yes,2023,0.0,North,0.0,0,0.0,Flat,1.0,,0.0,,0.0,Overcast,1992700,1,0.0,0.0,2.0,0.0,0.0,0.0,0.0,0.0,,0.0,0.0,Wellington Region,Nil,1-way,Sealed,0.0,0.0,0,0.0,100.0,0.0,Off,0.0,0.0,,47,Wellington City,Nil,0.0,0.0,0.0,0.0,0.0,0.0,Open,0.0,0.0,0.0,Fine,Null,0
66513575,,574001,0.0,,0.0,1.0,,South,2020/2021,NEWLANDS ROAD,HOROKIWI ROAD WEST,,Non-Injury Crash,No,2020,,South,,0,,Hill Road,,,,,,Dark,2076300,0,0.0,0.0,2.0,,,0.0,,,,,,Wellington Region,Nil,2-way,Sealed,,0.0,0,,50.0,,On,1.0,0.0,,47,Wellington City,Nil,,,,,0.0,0.0,Urban,0.0,,,Fine,Null,1
66513643,,574302,0.0,,0.0,2.0,,East,2022/2023,HUTT ROAD,RANGIORA AVENUE,,Non-Injury Crash,No,2022,,West,,0,,Flat,,,,,,Overcast,2090700,0,0.0,0.0,4.0,,,0.0,,,,,,Wellington Region,Nil,2-way,Sealed,,0.0,0,,60.0,,Off,0.0,0.0,,47,Wellington City,Nil,,,,,0.0,0.0,Urban,0.0,,,Fine,Null,0
66513723,,573514,0.0,0.0,0.0,1.0,0.0,Null,2021/2022,ABILENE CRESCENT,ORANGE GROVE,,Non-Injury Crash,No,2022,0.0,North,0.0,0,0.0,Hill Road,0.0,,0.0,,0.0,Dark,2086610,0,0.0,0.0,2.0,0.0,0.0,0.0,0.0,1.0,,0.0,0.0,Wellington Region,Nil,2-way,Unsealed,0.0,0.0,0,0.0,50.0,0.0,On,1.0,0.0,,47,Wellington City,Nil,0.0,0.0,0.0,0.0,0.0,0.0,Urban,0.0,0.0,0.0,Fine,Null,0
66513763,,576500,0.0,,0.0,3.0,,Null,2022/2023,MEIN STREET,RIDDIFORD STREET,,Minor Crash,No,2022,,West,,0,,Flat,,,,,,Bright sun,2148800,1,0.0,0.0,2.0,,,0.0,,,,,,Wellington Region,Nil,2-way,Sealed,,0.0,0,,40.0,,Off,0.0,0.0,,47,Wellington City,Traffic Signals,,,,,0.0,0.0,Urban,0.0,,,Fine,Null,0
66513767,,573200,0.0,0.0,0.0,2.0,0.0,South,2020/2021,OHIRO ROAD,ARO STREET,,Non-Injury Crash,No,2021,0.0,North,0.0,0,0.0,Flat,0.0,,0.0,,0.0,Bright sun,2159400,0,0.0,0.0,2.0,0.0,0.0,0.0,0.0,1.0,,0.0,0.0,Wellington Region,Nil,2-way,Sealed,0.0,0.0,0,0.0,50.0,0.0,Off,0.0,0.0,,47,Wellington City,Nil,0.0,0.0,0.0,0.0,0.0,0.0,Urban,0.0,0.0,0.0,Fine,Null,1
66513913,,573101,0.0,0.0,0.0,2.0,0.0,West,2020/2021,COURTENAY PLACE,CAMBRIDGE TERRACE,,Non-Injury Crash,No,2021,0.0,West,0.0,0,0.0,Flat,0.0,,0.0,,0.0,Dark,2136000,0,0.0,0.0,1.0,0.0,0.0,0.0,0.0,1.0,,0.0,0.0,Wellington Region,Nil,1-way,Sealed,0.0,0.0,0,0.0,30.0,0.0,On,0.0,0.0,,47,Wellington City,Nil,0.0,0.0,0.0,0.0,0.0,0.0,Urban,0.0,0.0,0.0,Fine,Null,1
66513916,,576800,0.0,0.0,0.0,1.0,0.0,Null,2022/2023,EVANS BAY PARADE,RATA ROAD,,Non-Injury Crash,No,2023,0.0,South,0.0,0,1.0,Hill Road,0.0,,0.0,,1.0,Dark,2182503,0,0.0,0.0,2.0,0.0,0.0,0.0,0.0,0.0,,0.0,0.0,Wellington Region,Nil,2-way,Sealed,0.0,0.0,0,0.0,50.0,0.0,On,0.0,0.0,,47,Wellington City,Stop,0.0,0.0,0.0,0.0,0.0,0.0,Urban,0.0,0.0,0.0,Fine,Null,0
66513978,,573000,0.0,,0.0,3.0,,North,2021/2022,WELLINGTON URBAN MOTORWAY,EVERTON OBR,,Non-Injury Crash,Yes,2022,,South,,0,,Flat,,,,,,Bright sun,2124803,0,0.0,0.0,3.0,,,0.0,,,,,,Wellington Region,Tunnel,2-way,Sealed,,0.0,0,,100.0,,Off,0.0,0.0,60.0,47,Wellington City,Nil,,,,,0.0,0.0,Open,0.0,,,Fine,Null,0
66514002,,573000,0.0,0.0,0.0,1.0,0.0,Null,2021/2022,THE TERRACE OFF RAMP,THE TERRACE,,Non-Injury Crash,No,2022,0.0,South,0.0,0,0.0,Flat,0.0,,0.0,,0.0,Overcast,2124803,0,0.0,0.0,2.0,0.0,0.0,0.0,0.0,0.0,,0.0,0.0,Wellington Region,Motorway ramp,1-way,Sealed,0.0,0.0,0,0.0,30.0,0.0,Off,0.0,0.0,,47,Wellington City,Traffic Signals,0.0,1.0,0.0,0.0,0.0,0.0,Urban,0.0,0.0,0.0,Light rain,Null,0
66514005,,576400,0.0,0.0,0.0,1.0,0.0,Null,2020/2021,RIDDIFORD STREET,GREEN STREET,,Non-Injury Crash,No,2021,0.0,North,0.0,0,0.0,Flat,0.0,,0.0,,0.0,Unknown,2167000,0,0.0,0.0,2.0,0.0,0.0,0.0,0.0,1.0,,0.0,0.0,Wellington Region,Nil,2-way,Sealed,0.0,0.0,0,0.0,40.0,0.0,Null,0.0,0.0,,47,Wellington City,Give way,0.0,0.0,0.0,0.0,0.0,0.0,Urban,0.0,0.0,0.0,Null,Null,1
66514027,,573200,0.0,,0.0,1.0,,West,2022/2023,BROOKLYN ROAD,NAIRN STREET,,Non-Injury Crash,No,2023,,South,,0,,Hill Road,,,,,,Bright sun,2159500,0,0.0,0.0,2.0,,,0.0,,,,,,Wellington Region,Nil,2-way,Sealed,,0.0,0,,50.0,,Off,0.0,0.0,,47,Wellington City,Nil,,,,,1.0,0.0,Urban,0.0,,,Fine,Null,0
66514070,,576901,0.0,0.0,0.0,1.0,0.0,West,2021/2022,COUTTS STREET,TE WHITI STREET,,Non-Injury Crash,No,2021,0.0,North,0.0,0,0.0,Flat,0.0,,0.0,,0.0,Overcast,2177500,0,0.0,0.0,2.0,0.0,0.0,0.0,0.0,1.0,,0.0,0.0,Wellington Region,Nil,2-way,Sealed,0.0,0.0,0,0.0,50.0,0.0,Off,0.0,0.0,,47,Wellington City,Nil,0.0,0.0,0.0,0.0,0.0,0.0,Urban,1.0,0.0,0.0,Fine,Null,1
66514079,,573101,0.0,,0.0,1.0,,Null,2020/2021,KENT TERRACE,ELLICE STREET,,Non-Injury Crash,Yes,2021,,South,,0,,Flat,,,,,,Unknown,2137000,0,0.0,0.0,3.0,,,0.0,,,,,,Wellington Region,Nil,1-way,Sealed,,0.0,0,,50.0,,Null,1.0,0.0,,47,Wellington City,Give way,,,,,0.0,0.0,Urban,0.0,,,Null,Null,1
66514080,,573000,0.0,0.0,0.0,0.0,0.0,South,2021/2022,WATSON STREET,BULLER STREET,,Non-Injury Crash,No,2022,0.0,North,0.0,0,0.0,Flat,0.0,,0.0,,0.0,Overcast,2129900,0,0.0,0.0,2.0,0.0,0.0,0.0,0.0,1.0,,0.0,0.0,Wellington Region,Nil,2-way,Sealed,0.0,0.0,0,0.0,50.0,0.0,Off,0.0,0.0,,47,Wellington City,Nil,0.0,0.0,0.0,0.0,1.0,0.0,Urban,1.0,0.0,0.0,Mist or Fog,Null,0
66514094,,573101,0.0,0.0,0.0,1.0,0.0,North,2021/2022,KENT TERRACE,ELLICE STREET,,Non-Injury Crash,Yes,2021,0.0,South,0.0,0,0.0,Flat,0.0,,0.0,,1.0,Dark,2137000,0,0.0,0.0,3.0,0.0,0.0,0.0,0.0,0.0,,0.0,0.0,Wellington Region,Nil,1-way,Sealed,0.0,0.0,0,0.0,50.0,0.0,On,0.0,0.0,,47,Wellington City,Nil,0.0,0.0,0.0,1.0,0.0,0.0,Urban,0.0,0.0,0.0,Heavy rain,Null,1
66514126,,573300,0.0,,0.0,2.0,,Null,2020/2021,RUGBY STREET,ADELAIDE ROAD,,Non-Injury Crash,Yes,2021,,West,,0,,Flat,,,,,,Unknown,2145602,0,0.0,0.0,3.0,,,0.0,,,,,,Wellington Region,Nil,1-way,Sealed,,0.0,0,,50.0,,Null,0.0,0.0,,47,Wellington City,Traffic Signals,,,,,0.0,0.0,Urban,0.0,,,Null,Null,1
66514146,,573400,0.0,,0.0,1.0,,Null,2021/2022,MAJORIBANKS STREET,ROXBURGH STREET,,Minor Crash,No,2022,,West,,0,,Hill Road,,,,,,Dark,2139700,1,0.0,1.0,2.0,,,0.0,,,,,,Wellington Region,Nil,2-way,Sealed,,0.0,0,,50.0,,On,0.0,0.0,,47,Wellington City,Give way,,,,,0.0,0.0,Urban,0.0,,,Fine,Null,0
66514207,,575300,0.0,,0.0,1.0,,North,2020/2021,KELBURN PARADE,GLASGOW STREET,,Non-Injury Crash,No,2021,,North,,0,,Hill Road,,,,,,Unknown,2155300,0,1.0,0.0,2.0,,,0.0,,,,,,Wellington Region,Nil,2-way,Sealed,,0.0,0,,50.0,,Null,0.0,0.0,,47,Wellington City,Isolated Pedestrian signal (non-intersection),,,,,0.0,0.0,Urban,0.0,,,Null,Null,1
66514247,,573511,0.0,0.0,0.0,1.0,0.0,North,2020/2021,JOHNSONVILLE PORIRUA MOTORWAY,CHURTON PARK-GLENSIDE ON RAMP,,Non-Injury Crash,Yes,2021,0.0,North,0.0,0,0.0,Flat,1.0,,0.0,,0.0,Overcast,2086203,0,0.0,0.0,2.0,0.0,0.0,0.0,0.0,0.0,,0.0,0.0,Wellington Region,Nil,1-way,Sealed,0.0,0.0,0,0.0,100.0,0.0,Off,0.0,0.0,,47,Wellington City,Nil,0.0,0.0,0.0,0.0,1.0,0.0,Open,0.0,0.0,0.0,Fine,Null,1
66514272,,573101,0.0,,0.0,2.0,,Null,2021/2022,KARO DRIVE,VICTORIA STREET,,Non-Injury Crash,Yes,2022,,North,,0,,Flat,,,,,,Dark,2132400,0,0.0,0.0,3.0,,,0.0,,,,,,Wellington Region,Nil,1-way,Sealed,,0.0,0,,50.0,,On,0.0,0.0,,47,Wellington City,Traffic Signals,,,,,0.0,0.0,Urban,0.0,,,Light rain,Null,0
66514303,,574100,0.0,,0.0,0.0,,South,2020/2021,BURMA ROAD,HAUMIA STREET,,Non-Injury Crash,No,2020,,North,,0,,Null,,,,,,Unknown,2085303,0,1.0,0.0,2.0,,,0.0,,,,,,Wellington Region,Nil,2-way,Sealed,,0.0,0,,50.0,,Null,1.0,0.0,,47,Wellington City,Unknown,,,,,0.0,0.0,Urban,0.0,,,Null,Null,1