OBJECTID,advisorySpeed,areaUnitID,bicycle,bridge,bus,carStationWagon,cliffBank,crashDirectionDescription,crashFinancialYear,crashLocation1,crashLocation2,crashRoadSideRoad,crashSeverity,crashSHDescription,crashYear,debris,directionRoleDescription,ditch,fatalCount,fence,flatHill,guardRail,holiday,houseOrBuilding,intersection,kerb,light,meshblockId,minorInjuryCount,moped,motorcycle,NumberOfLanes,objectThrownOrDropped,otherObject,otherVehicleType,overBank,parkedVehicle,pedestrian,phoneBoxEtc,postOrPole,region,roadCharacter,roadLane,roadSurface,roadworks,schoolBus,seriousInjuryCount,slipOrFlood,speedLimit,strayAnimal,streetLight,suv,taxi,temporarySpeedLimit,tlaId,tlaName,trafficControl,trafficIsland,trafficSign,train,tree,truck,unknownVehicleType,urban,vanOrUtility,vehicle,waterRiver,weatherA,weatherB,if_pandemic
66514320,,575800,0.0,,0.0,1.0,,East,2021/2022,STORMONT PLACE,CARIBOU PLACE,,Non-Injury Crash,No,2022,,East,,0,,Flat,,,,,,Bright sun,2198201,0,0.0,0.0,2.0,,,0.0,,,1.0,,,Wellington Region,Nil,2-way,Sealed,,0.0,0,,50.0,,Off,0.0,0.0,,47,Wellington City,Unknown,,,,,0.0,0.0,Urban,0.0,,,Fine,Null,0
66514366,,574900,0.0,0.0,0.0,2.0,0.0,East,2021/2022,RANELAGH STREET,RANELAGH TERRACE,,Non-Injury Crash,No,2022,0.0,South,0.0,0,0.0,Flat,0.0,,0.0,,0.0,Overcast,2108900,0,0.0,0.0,2.0,0.0,0.0,0.0,0.0,1.0,,0.0,0.0,Wellington Region,Nil,2-way,Sealed,0.0,0.0,0,0.0,50.0,0.0,Off,0.0,0.0,,47,Wellington City,Unknown,0.0,0.0,0.0,0.0,0.0,0.0,Urban,1.0,0.0,0.0,Fine,Null,0
66514369,,573522,0.0,0.0,0.0,0.0,0.0,South,2021/2022,JOHNSONVILLE PORIRUA MOTORWAY,TAKAPU RD UPASS NBD,,Minor Crash,Yes,2022,0.0,North,0.0,0,0.0,Flat,2.0,,0.0,,0.0,Bright sun,2053703,2,0.0,2.0,2.0,0.0,0.0,0.0,0.0,0.0,,0.0,0.0,Wellington Region,Bridge,1-way,Sealed,0.0,0.0,0,0.0,100.0,0.0,Off,0.0,0.0,,47,Wellington City,Nil,0.0,0.0,0.0,0.0,0.0,0.0,Open,0.0,0.0,0.0,Fine,Null,0
66514371,,575300,0.0,,0.0,0.0,,South,2022/2023,GLENMORE STREET,COLLINS TERRACE,,Minor Crash,No,2022,,North,,0,,Hill Road,,,,,,Overcast,2153501,1,1.0,0.0,2.0,,,0.0,,,,,,Wellington Region,Nil,2-way,Sealed,,0.0,0,,50.0,,Off,0.0,0.0,,47,Wellington City,Nil,,,,,0.0,0.0,Urban,0.0,,,Heavy rain,Null,0
66514382,,572900,1.0,,0.0,0.0,,Null,2021/2022,FEATHERSTON STREET,BUNNY STREET,,Minor Crash,No,2021,,South,,0,,Flat,,,,,,Bright sun,2122700,1,0.0,0.0,3.0,,,0.0,,,,,,Wellington Region,Nil,1-way,Sealed,,0.0,0,,30.0,,Null,0.0,0.0,,47,Wellington City,Traffic Signals,,,,,0.0,0.0,Urban,1.0,,,Fine,Null,1
66514423,,577301,0.0,,0.0,1.0,,Null,2022/2023,PARK ROAD,REVANS STREET,,Serious Crash,No,2022,,South,,0,,Flat,,Christmas New Year,,,,Bright sun,2203600,0,0.0,0.0,2.0,,,0.0,,,1.0,,,Wellington Region,Nil,2-way,Sealed,,0.0,1,,50.0,,Off,0.0,0.0,,47,Wellington City,Give way,,,,,0.0,0.0,Urban,0.0,,,Fine,Null,0
66514541,,573101,0.0,,0.0,2.0,,West,2021/2022,VIVIAN STREET,CAMBRIDGE TERRACE,,Non-Injury Crash,Yes,2022,,East,,0,,Flat,,,,,,Bright sun,2136700,0,0.0,0.0,2.0,,,0.0,,,,,,Wellington Region,Nil,1-way,Sealed,,0.0,0,,50.0,,Null,0.0,0.0,,47,Wellington City,Nil,,,,,0.0,0.0,Urban,0.0,,,Fine,Null,0
66514556,,576400,0.0,0.0,0.0,3.0,0.0,West,2023/2024,NEWTOWN AVENUE,DANIELL STREET,,Non-Injury Crash,No,2023,0.0,East,0.0,0,0.0,Hill Road,0.0,,0.0,,0.0,Dark,2168400,0,0.0,0.0,2.0,0.0,0.0,0.0,0.0,1.0,,0.0,0.0,Wellington Region,Nil,2-way,Sealed,0.0,0.0,0,0.0,50.0,0.0,On,0.0,0.0,,47,Wellington City,Nil,0.0,0.0,0.0,0.0,0.0,0.0,Urban,0.0,0.0,0.0,Fine,Null,0
66514561,,574002,0.0,,0.0,2.0,,South,2020/2021,HUTT ROAD,NGAURANGA ON NBD OBR,,Non-Injury Crash,Yes,2021,,South,,0,,Flat,,,,,,Unknown,2078302,0,0.0,0.0,2.0,,,0.0,,,,,,Wellington Region,Nil,1-way,Sealed,,0.0,0,,100.0,,Null,0.0,0.0,,47,Wellington City,Nil,,,,,0.0,0.0,Open,0.0,,,Null,Null,1
66514581,,576800,0.0,0.0,0.0,1.0,0.0,South,2021/2022,RAKAU ROAD,ARIKI ROAD,,Non-Injury Crash,No,2022,0.0,South,0.0,0,0.0,Hill Road,0.0,,0.0,,0.0,Overcast,2185100,0,0.0,0.0,2.0,0.0,0.0,0.0,0.0,1.0,,0.0,0.0,Wellington Region,Nil,2-way,Sealed,0.0,0.0,0,0.0,50.0,0.0,Off,1.0,0.0,,47,Wellington City,Nil,0.0,0.0,0.0,0.0,0.0,0.0,Urban,0.0,0.0,0.0,Fine,Null,0
66514611,,573101,0.0,,0.0,1.0,,West,2021/2022,VIVIAN STREET,CAMBRIDGE TERRACE,,Non-Injury Crash,Yes,2022,,East,,0,,Flat,,,,,,Bright sun,2136700,0,0.0,1.0,2.0,,,0.0,,,,,,Wellington Region,Nil,1-way,Sealed,,0.0,0,,50.0,,Off,0.0,0.0,,47,Wellington City,Nil,,,,,0.0,0.0,Urban,0.0,,,Fine,Null,0
66514639,,573700,0.0,,0.0,1.0,,Null,2021/2022,HELSTON ROAD,MOOREFIELD STREET,,Non-Injury Crash,No,2021,,West,,0,,Null,,,,,,Unknown,2082300,0,0.0,0.0,2.0,,,0.0,,,,,,Wellington Region,Nil,1-way,Sealed,,0.0,0,,50.0,,Null,0.0,0.0,,47,Wellington City,Give way,,,,,0.0,0.0,Urban,0.0,,,Null,Null,1
66514642,,573101,0.0,,0.0,0.0,,South,2022/2023,CABLE STREET,TARANAKI STREET,,Minor Crash,No,2023,,South,,0,,Flat,,Christmas New Year,,,,Twilight,2135200,1,0.0,0.0,3.0,,,0.0,,,1.0,,,Wellington Region,Nil,1-way,Sealed,,0.0,0,,50.0,,Off,0.0,0.0,,47,Wellington City,Nil,,,,,0.0,1.0,Urban,0.0,,,Fine,Null,0
66514807,,573000,0.0,,0.0,1.0,,Null,2021/2022,WATERLOO QUAY,BUNNY STREET,,Non-Injury Crash,No,2021,,North,,0,,Null,,,,,,Unknown,2124300,0,0.0,1.0,5.0,,,0.0,,,,,,Wellington Region,Nil,2-way,Sealed,,0.0,0,,50.0,,Null,0.0,0.0,,47,Wellington City,Traffic Signals,,,,,0.0,0.0,Urban,0.0,,,Null,Null,1
66514811,,573101,0.0,0.0,0.0,1.0,0.0,Null,2022/2023,TARANAKI STREET,GHUZNEE STREET,,Minor Crash,No,2022,0.0,South,0.0,0,0.0,Flat,0.0,,0.0,,0.0,Dark,2136300,1,0.0,0.0,4.0,0.0,0.0,0.0,0.0,0.0,,0.0,0.0,Wellington Region,Nil,2-way,Sealed,0.0,0.0,0,0.0,30.0,0.0,On,0.0,0.0,,47,Wellington City,Traffic Signals,0.0,1.0,0.0,0.0,0.0,0.0,Urban,0.0,0.0,0.0,Fine,Null,0
66514856,,573000,0.0,,0.0,3.0,,North,2021/2022,WELLINGTON URBAN MOTORWAY,EVERTON OBR,,Non-Injury Crash,Yes,2022,,South,,0,,Flat,,,,,,Bright sun,2126403,0,0.0,0.0,1.0,,,0.0,,,,,,Wellington Region,Nil,1-way,Sealed,,0.0,0,,100.0,,Off,0.0,0.0,60.0,47,Wellington City,Nil,,,,,0.0,0.0,Open,0.0,,,Fine,Null,0
66514886,,577500,0.0,0.0,0.0,2.0,0.0,Null,2021/2022,MARINE PARADE,INGLIS STREET,,Non-Injury Crash,No,2021,0.0,East,0.0,0,0.0,Flat,0.0,,0.0,,0.0,Bright sun,2210800,0,0.0,0.0,2.0,0.0,0.0,0.0,0.0,1.0,,0.0,0.0,Wellington Region,Nil,2-way,Sealed,0.0,0.0,0,0.0,50.0,0.0,Off,0.0,0.0,,47,Wellington City,Nil,0.0,0.0,0.0,0.0,0.0,0.0,Urban,0.0,0.0,0.0,Null,Null,1
66514932,,573000,0.0,,0.0,1.0,,Null,2022/2023,FEATHERSTON STREET,STOUT STREET,,Non-Injury Crash,No,2023,,South,,0,,Flat,,,,,,Overcast,2124300,0,0.0,0.0,3.0,,,0.0,,,,,,Wellington Region,Nil,1-way,Sealed,,0.0,0,,30.0,,Off,0.0,0.0,,47,Wellington City,Nil,,,,,0.0,0.0,Urban,1.0,,,Light rain,Null,0
66514933,,575300,0.0,0.0,0.0,2.0,0.0,West,2021/2022,NGAIO ROAD,GLEN ROAD,,Non-Injury Crash,No,2021,0.0,West,0.0,0,0.0,Hill Road,0.0,,1.0,,0.0,Overcast,2153604,0,0.0,0.0,2.0,0.0,0.0,0.0,0.0,1.0,,0.0,0.0,Wellington Region,Nil,2-way,Sealed,0.0,0.0,0,0.0,50.0,0.0,None,0.0,0.0,,47,Wellington City,Nil,0.0,0.0,0.0,0.0,0.0,0.0,Urban,0.0,0.0,0.0,Light rain,Null,1
66514939,,572900,0.0,,0.0,2.0,,Null,2022/2023,WELLINGTON URBAN MOTORWAY,HAWKESTONE STREET ON RAMP,,Non-Injury Crash,Yes,2022,,South,,0,,Null,,,,,,Bright sun,2120000,0,0.0,0.0,3.0,,,0.0,,,,,,Wellington Region,Nil,1-way,Sealed,,0.0,0,,100.0,,Off,0.0,0.0,,47,Wellington City,Nil,,,,,0.0,0.0,Open,0.0,,,Fine,Null,0
66515013,,575400,0.0,0.0,1.0,0.0,0.0,Null,2020/2021,RAROA ROAD,THULE STREET,,Non-Injury Crash,No,2021,0.0,South,0.0,0,0.0,Hill Road,0.0,,0.0,,0.0,Bright sun,2155800,0,0.0,0.0,2.0,0.0,0.0,0.0,0.0,1.0,,0.0,0.0,Wellington Region,Nil,2-way,Sealed,0.0,0.0,0,0.0,50.0,0.0,Off,0.0,0.0,,47,Wellington City,Nil,0.0,0.0,0.0,0.0,0.0,0.0,Urban,1.0,0.0,0.0,Fine,Null,1
66515039,,573101,0.0,0.0,0.0,1.0,0.0,North,2021/2022,WILLIS STREET,GHUZNEE STREET,,Non-Injury Crash,No,2021,0.0,North,0.0,0,0.0,Flat,0.0,,0.0,,0.0,Dark,2131400,0,0.0,0.0,2.0,0.0,0.0,0.0,0.0,1.0,,0.0,0.0,Wellington Region,Nil,2-way,Sealed,0.0,0.0,0,0.0,30.0,0.0,On,1.0,0.0,,47,Wellington City,Nil,0.0,0.0,0.0,0.0,0.0,0.0,Urban,0.0,0.0,0.0,Fine,Null,1
66515050,,572900,0.0,0.0,0.0,1.0,0.0,East,2022/2023,TINAKORI ROAD,HILL STREET,,Non-Injury Crash,No,2022,0.0,East,0.0,0,0.0,Flat,0.0,,0.0,,0.0,Dark,2120100,0,0.0,0.0,2.0,0.0,0.0,0.0,0.0,1.0,,0.0,0.0,Wellington Region,Nil,2-way,Sealed,0.0,0.0,0,0.0,50.0,0.0,On,0.0,0.0,,47,Wellington City,Nil,0.0,0.0,0.0,0.0,0.0,1.0,Urban,0.0,0.0,0.0,Null,Null,0
66515121,,572900,0.0,,0.0,1.0,,South,2021/2022,AOTEA QUAY,RLY YARD ENT S,,Non-Injury Crash,No,2022,,South,,0,,Flat,,,,,,Bright sun,2118400,0,0.0,0.0,4.0,,,0.0,,,,,,Wellington Region,Nil,2-way,Sealed,,0.0,0,,70.0,,Off,0.0,0.0,,47,Wellington City,Nil,,,,,1.0,0.0,Urban,0.0,,,Fine,Null,0
66515130,,575600,0.0,0.0,0.0,1.0,0.0,Null,2022/2023,TANERA CRESCENT,HELEN STREET,,Minor Crash,No,2022,0.0,East,0.0,0,1.0,Hill Road,0.0,,0.0,,0.0,Dark,2161900,1,0.0,0.0,2.0,0.0,0.0,0.0,0.0,0.0,,0.0,0.0,Wellington Region,Nil,2-way,Sealed,0.0,0.0,0,0.0,50.0,0.0,On,0.0,0.0,,47,Wellington City,Give way,0.0,0.0,0.0,0.0,0.0,0.0,Urban,0.0,0.0,0.0,Fine,Null,0
66515162,,573700,0.0,0.0,0.0,2.0,0.0,East,2022/2023,IRONSIDE ROAD,ROTOITI STREET,,Minor Crash,No,2022,0.0,West,0.0,0,0.0,Hill Road,0.0,,0.0,,0.0,Dark,2082200,1,0.0,0.0,2.0,0.0,0.0,0.0,0.0,1.0,,0.0,0.0,Wellington Region,Nil,2-way,Sealed,0.0,0.0,0,0.0,50.0,0.0,On,0.0,0.0,,47,Wellington City,Nil,0.0,0.0,0.0,0.0,0.0,0.0,Urban,0.0,0.0,0.0,Light rain,Null,0
66515167,,575600,1.0,,0.0,1.0,,North,2022/2023,OHIRO ROAD,CLEVELAND STREET,,Minor Crash,No,2022,,North,,0,,Hill Road,,,,,,Overcast,2161900,1,0.0,0.0,2.0,,,0.0,,,,,,Wellington Region,Nil,2-way,Sealed,,0.0,0,,50.0,,Off,0.0,0.0,,47,Wellington City,Nil,,,,,0.0,0.0,Urban,0.0,,,Fine,Null,0
66515198,,576903,0.0,,0.0,0.0,,Null,2020/2021,EVANS BAY PARADE,COBHAM DRIVE,,Non-Injury Crash,No,2020,,South,,0,,Null,,,,,,Unknown,2180200,0,0.0,0.0,2.0,,,0.0,,,,,,Wellington Region,Nil,2-way,Sealed,,0.0,0,,50.0,,Off,1.0,0.0,,47,Wellington City,Traffic Signals,,,,,0.0,0.0,Urban,1.0,,,Null,Null,1
66515212,,576001,0.0,0.0,0.0,2.0,0.0,West,2021/2022,KELLSMERE CRESCENT,DERWENT STREET,,Non-Injury Crash,No,2022,0.0,South,0.0,0,0.0,Flat,0.0,,0.0,,0.0,Twilight,2188500,0,0.0,0.0,2.0,0.0,0.0,0.0,0.0,1.0,,0.0,0.0,Wellington Region,Nil,2-way,Sealed,0.0,0.0,0,0.0,50.0,0.0,Off,0.0,1.0,,47,Wellington City,Unknown,0.0,0.0,0.0,0.0,0.0,1.0,Urban,0.0,0.0,0.0,Fine,Null,0
66515235,,577200,0.0,,0.0,2.0,,Null,2023/2024,CALABAR ROAD,COBHAM DRIVE,,Non-Injury Crash,Yes,2023,,North,,0,,Flat,,,,,,Overcast,2206200,0,0.0,0.0,4.0,,,0.0,,,,,,Wellington Region,Nil,2-way,Sealed,,0.0,0,,60.0,,Off,0.0,0.0,,47,Wellington City,Give way,,,,,0.0,0.0,Urban,0.0,,,Light rain,Null,0
66515251,,573600,0.0,0.0,0.0,2.0,0.0,North,2022/2023,MIDDLETON ROAD,HELSTON ROAD,,Non-Injury Crash,No,2023,0.0,South,0.0,0,0.0,Hill Road,0.0,,0.0,,0.0,Bright sun,2081200,0,0.0,0.0,2.0,0.0,0.0,0.0,0.0,1.0,,0.0,0.0,Wellington Region,Nil,2-way,Sealed,0.0,0.0,0,0.0,50.0,0.0,Off,0.0,0.0,,47,Wellington City,Nil,0.0,0.0,0.0,0.0,0.0,0.0,Urban,0.0,0.0,0.0,Fine,Null,0
66515252,,572900,1.0,,0.0,0.0,,South,2021/2022,THORNDON QUAY,DAVIS STREET,,Serious Crash,No,2021,,South,,0,,Flat,,,,,,Bright sun,2118300,1,0.0,0.0,2.0,,,0.0,,,1.0,,,Wellington Region,Nil,2-way,Sealed,,0.0,1,,50.0,,Off,0.0,0.0,,47,Wellington City,Nil,,,,,0.0,0.0,Urban,0.0,,,Fine,Null,1
66515265,,577102,0.0,0.0,0.0,4.0,1.0,South,2021/2022,SIDLAW STREET,KASTOS WAY,,Non-Injury Crash,No,2022,0.0,South,0.0,0,0.0,Hill Road,0.0,,0.0,,0.0,Dark,2214000,0,0.0,0.0,2.0,0.0,0.0,0.0,0.0,3.0,,0.0,0.0,Wellington Region,Nil,2-way,Unsealed,0.0,0.0,0,0.0,50.0,0.0,On,0.0,0.0,,47,Wellington City,Nil,0.0,0.0,0.0,0.0,0.0,0.0,Urban,0.0,0.0,0.0,Light rain,Null,0
66515269,,573000,0.0,0.0,0.0,1.0,0.0,South,2021/2022,WELLINGTON URBAN MOTORWAY,TINAKORI ROAD OFF RAMP,,Minor Crash,Yes,2021,0.0,North,0.0,0,0.0,Flat,1.0,,0.0,,0.0,Bright sun,2123901,2,0.0,0.0,3.0,0.0,0.0,0.0,0.0,0.0,,0.0,0.0,Wellington Region,Nil,1-way,Sealed,0.0,0.0,0,0.0,100.0,0.0,Off,0.0,0.0,,47,Wellington City,Nil,0.0,0.0,0.0,0.0,1.0,0.0,Open,0.0,0.0,0.0,Fine,Null,1
66515325,,572600,0.0,0.0,0.0,0.0,0.0,Null,2021/2022,STEPHEN STREET,CECIL ROAD,,Non-Injury Crash,No,2022,0.0,East,0.0,0,0.0,Flat,0.0,,0.0,,0.0,Overcast,1992600,0,0.0,0.0,2.0,0.0,0.0,0.0,0.0,0.0,,0.0,1.0,Wellington Region,Nil,2-way,Sealed,0.0,0.0,0,0.0,50.0,0.0,Off,0.0,0.0,,47,Wellington City,Nil,0.0,0.0,0.0,0.0,0.0,0.0,Urban,1.0,0.0,0.0,Fine,Null,0
66515326,,573000,0.0,,0.0,1.0,,Null,2021/2022,WELLINGTON URBAN MOTORWAY,WILLIS STREET,,Non-Injury Crash,Yes,2021,,East,,0,,Flat,,,,,,Bright sun,2129700,0,0.0,0.0,2.0,,,0.0,,,,,,Wellington Region,Nil,1-way,Sealed,,0.0,0,,50.0,,Off,0.0,0.0,,47,Wellington City,Traffic Signals,,,,,0.0,0.0,Urban,1.0,,,Fine,Null,1
66515346,,573903,0.0,,0.0,2.0,,Null,2023/2024,CHESTERTON STREET,COTSWOLD CRESCENT,,Minor Crash,No,2023,,West,,0,,Hill Road,,,,,,Bright sun,2074301,1,0.0,0.0,2.0,,,0.0,,,,,,Wellington Region,Nil,2-way,Sealed,,0.0,0,,50.0,,Off,0.0,0.0,,47,Wellington City,Nil,,,,,0.0,0.0,Urban,0.0,,,Fine,Null,0
66515365,,573300,0.0,0.0,0.0,1.0,0.0,West,2021/2022,BUCKLE STREET,CAMBRIDGE TERRACE,,Minor Crash,No,2022,0.0,East,0.0,0,0.0,Hill Road,0.0,,0.0,,1.0,Overcast,2145602,1,1.0,0.0,2.0,0.0,0.0,0.0,0.0,0.0,,0.0,0.0,Wellington Region,Nil,1-way,Unsealed,0.0,0.0,0,0.0,50.0,0.0,Off,0.0,0.0,,47,Wellington City,Unknown,0.0,0.0,0.0,0.0,0.0,0.0,Urban,0.0,0.0,0.0,Fine,Null,0
66515414,,576500,0.0,,0.0,0.0,,South,2020/2021,ADELAIDE ROAD,HOSPITAL ROAD,,Minor Crash,No,2021,,North,,0,,Flat,,,,,,Bright sun,2148602,1,0.0,1.0,4.0,,,0.0,,,,,,Wellington Region,Nil,2-way,Sealed,,0.0,0,,50.0,,Off,1.0,0.0,,47,Wellington City,Nil,,,,,0.0,0.0,Urban,0.0,,,Light rain,Null,1
66515450,,576901,0.0,0.0,0.0,3.0,0.0,North,2021/2022,ROSS STREET,ENDEAVOUR STREET,,Non-Injury Crash,No,2022,0.0,North,0.0,0,0.0,Flat,0.0,,0.0,,0.0,Unknown,2178802,0,0.0,0.0,2.0,0.0,0.0,0.0,0.0,1.0,,0.0,0.0,Wellington Region,Nil,2-way,Sealed,0.0,0.0,0,0.0,50.0,0.0,Null,0.0,0.0,,47,Wellington City,Nil,0.0,0.0,0.0,0.0,0.0,0.0,Urban,1.0,0.0,0.0,Null,Null,0
66515469,,573101,0.0,,0.0,2.0,,Null,2020/2021,WAKEFIELD STREET,CHAFFERS STREET,,Non-Injury Crash,No,2021,,West,,0,,Flat,,Christmas New Year,,,,Bright sun,2135700,0,0.0,0.0,3.0,,,0.0,,,,,,Wellington Region,Nil,1-way,Sealed,,0.0,0,,50.0,,Off,0.0,0.0,,47,Wellington City,Stop,,,,,0.0,0.0,Urban,0.0,,,Fine,Null,1
66515539,,577500,0.0,,0.0,1.0,,Null,2023/2024,DUNDAS STREET,INGLIS STREET,,Minor Crash,No,2023,,North,,0,,Flat,,,,,,Overcast,2210800,1,0.0,1.0,2.0,,,0.0,,,,,,Wellington Region,Nil,2-way,Sealed,,0.0,0,,50.0,,Off,0.0,0.0,,47,Wellington City,Stop,,,,,0.0,0.0,Urban,0.0,,,Fine,Null,0
66515669,,572600,0.0,0.0,0.0,1.0,0.0,South,2021/2022,HAMPTON HILL ROAD,OLIVIA CRESCENT,,Minor Crash,No,2021,0.0,South,0.0,0,0.0,Hill Road,0.0,,0.0,,0.0,Overcast,1991500,2,0.0,0.0,2.0,0.0,0.0,0.0,0.0,1.0,,0.0,0.0,Wellington Region,Nil,2-way,Sealed,0.0,0.0,0,0.0,50.0,0.0,Off,0.0,0.0,,47,Wellington City,Nil,0.0,0.0,0.0,0.0,0.0,0.0,Urban,1.0,0.0,0.0,Light rain,Null,1
66515717,,573000,0.0,,0.0,1.0,,South,2020/2021,VICTORIA STREET,HARRIS STREET,,Non-Injury Crash,No,2021,,South,,0,,Flat,,,,,,Overcast,2127400,0,0.0,0.0,2.0,,,0.0,,,,,,Wellington Region,Nil,1-way,Sealed,,0.0,0,,30.0,,Off,0.0,0.0,,47,Wellington City,Nil,,,,,1.0,0.0,Urban,0.0,,,Fine,Null,1
66515742,,573101,0.0,0.0,0.0,2.0,0.0,Null,2021/2022,COURTENAY PLACE,TARANAKI STREET,,Non-Injury Crash,No,2022,0.0,North,0.0,0,0.0,Flat,0.0,,1.0,,0.0,Overcast,2135600,0,0.0,0.0,1.0,0.0,0.0,0.0,0.0,1.0,,0.0,0.0,Wellington Region,Nil,1-way,Sealed,0.0,0.0,0,0.0,30.0,0.0,Off,0.0,0.0,,47,Wellington City,Traffic Signals,0.0,1.0,0.0,0.0,0.0,0.0,Urban,0.0,0.0,0.0,Light rain,Null,0
66515840,,576400,0.0,0.0,0.0,0.0,0.0,East,2021/2022,ARNEY STREET,RIDDIFORD SREET,,Non-Injury Crash,No,2021,0.0,East,0.0,0,0.0,Null,0.0,,0.0,,0.0,Unknown,2168700,0,0.0,0.0,2.0,0.0,0.0,0.0,0.0,1.0,,0.0,0.0,Wellington Region,Nil,2-way,Sealed,0.0,0.0,0,0.0,50.0,0.0,Null,2.0,0.0,,47,Wellington City,Nil,0.0,0.0,0.0,0.0,0.0,0.0,Urban,0.0,0.0,0.0,Null,Null,1
66515850,,573101,0.0,0.0,0.0,2.0,0.0,Null,2022/2023,VIVIAN STREET,DUNLOP TERRACE,,Non-Injury Crash,Yes,2023,0.0,East,0.0,0,0.0,Flat,0.0,,0.0,,0.0,Bright sun,2133600,0,0.0,0.0,2.0,0.0,0.0,0.0,0.0,1.0,,0.0,0.0,Wellington Region,Nil,1-way,Sealed,0.0,0.0,0,0.0,50.0,0.0,Off,0.0,0.0,,47,Wellington City,Give way,0.0,0.0,0.0,0.0,0.0,0.0,Urban,1.0,0.0,0.0,Fine,Null,0
66515868,,572701,0.0,0.0,0.0,1.0,0.0,South,2020/2021,RANUI TERRACE,COLLINS AVENUE,,Non-Injury Crash,No,2021,0.0,North,0.0,0,0.0,Null,0.0,Christmas New Year,0.0,,0.0,Unknown,1993701,0,0.0,0.0,2.0,0.0,0.0,0.0,0.0,1.0,,0.0,0.0,Wellington Region,Nil,2-way,Sealed,0.0,0.0,0,0.0,50.0,0.0,Null,0.0,0.0,,47,Wellington City,Nil,0.0,0.0,0.0,0.0,0.0,0.0,Urban,0.0,0.0,0.0,Null,Null,1
66515872,,574002,0.0,0.0,0.0,1.0,0.0,North,2020/2021,CENTENNIAL HIGHWAY,WAKELY ROAD,,Non-Injury Crash,Yes,2021,0.0,South,0.0,0,0.0,Flat,1.0,,0.0,,0.0,Unknown,2078304,0,0.0,0.0,2.0,0.0,0.0,0.0,0.0,0.0,,0.0,0.0,Wellington Region,Nil,1-way,Sealed,0.0,0.0,0,0.0,80.0,0.0,Null,0.0,0.0,,47,Wellington City,Nil,0.0,0.0,0.0,0.0,1.0,0.0,Open,0.0,0.0,0.0,Null,Null,1
66515886,,577302,0.0,,0.0,2.0,,Null,2021/2022,PARK ROAD,REX STREET,,Non-Injury Crash,No,2022,,South,,0,,Flat,,,,,,Bright sun,2205600,0,0.0,0.0,2.0,,,0.0,,,,,,Wellington Region,Nil,2-way,Sealed,,0.0,0,,50.0,,Off,0.0,0.0,,47,Wellington City,Give way,,,,,0.0,0.0,Urban,0.0,,,Fine,Null,0
66515948,,575600,0.0,,0.0,2.0,,South,2021/2022,TODMAN STREET,OHIRO ROAD,,Minor Crash,No,2021,,South,,0,,Hill Road,,,,,,Twilight,2161300,1,0.0,0.0,2.0,,,0.0,,,,,,Wellington Region,Nil,2-way,Sealed,,0.0,0,,30.0,,Off,0.0,1.0,,47,Wellington City,Nil,,,,,0.0,0.0,Urban,0.0,,,Fine,Null,1
66515973,,572900,0.0,,0.0,1.0,,South,2021/2022,MURPHY STREET,TURNBULL STREET,,Minor Crash,No,2022,,East,,0,,Flat,,,,,,Bright sun,2119000,1,0.0,0.0,2.0,,,0.0,,,1.0,,,Wellington Region,Nil,1-way,Sealed,,0.0,0,,50.0,,Off,0.0,0.0,,47,Wellington City,Stop,,,,,0.0,0.0,Urban,0.0,,,Fine,Null,0
66515992,,572900,0.0,,0.0,1.0,,North,2021/2022,WELLINGTON URBAN MOTORWAY,THE TERRACE OFF RAMP,,Minor Crash,Yes,2021,,South,,0,,Flat,,,,,,Bright sun,2122100,1,0.0,0.0,3.0,,,0.0,,,,,,Wellington Region,Nil,1-way,Sealed,,0.0,0,,100.0,,Off,0.0,0.0,,47,Wellington City,Nil,,,,,0.0,0.0,Open,1.0,,,Fine,Null,1
66516016,,576400,0.0,0.0,0.0,1.0,0.0,Null,2020/2021,COROMANDEL STREET,SOUTHERN WALKWAY,,Non-Injury Crash,No,2021,0.0,South,0.0,0,0.0,Null,0.0,,0.0,,0.0,Unknown,2169902,0,0.0,0.0,2.0,0.0,0.0,0.0,0.0,1.0,,0.0,0.0,Wellington Region,Nil,2-way,Sealed,0.0,0.0,0,0.0,40.0,0.0,Null,0.0,0.0,,47,Wellington City,Nil,0.0,0.0,0.0,0.0,0.0,0.0,Urban,0.0,0.0,0.0,Null,Null,1
66516060,,576500,0.0,,0.0,2.0,,Null,2020/2021,ADELAIDE ROAD,RUGBY STREET,,Non-Injury Crash,No,2021,,North,,0,,Flat,,,,,,Unknown,2147900,0,0.0,0.0,2.0,,,0.0,,,,,,Wellington Region,Nil,1-way,Sealed,,0.0,0,,50.0,,Null,0.0,0.0,,47,Wellington City,Traffic Signals,,,,,0.0,0.0,Urban,0.0,,,Null,Null,1
66516097,,575300,0.0,,0.0,1.0,,West,2022/2023,RAROA ROAD,FAIRVIEW CRESCENT,,Non-Injury Crash,No,2023,,East,,0,,Flat,,,,,,Dark,2151900,0,0.0,0.0,2.0,,,0.0,,,,,,Wellington Region,Nil,2-way,Sealed,,0.0,0,,50.0,,On,1.0,0.0,,47,Wellington City,Nil,,,,,0.0,0.0,Urban,0.0,,,Fine,Null,0
66516144,,573101,0.0,,0.0,2.0,,South,2020/2021,WILLIS STREET,DIXON STREET,,Non-Injury Crash,No,2021,,North,,0,,Flat,,,,,,Overcast,2131400,0,0.0,0.0,2.0,,,0.0,,,,,,Wellington Region,Nil,2-way,Sealed,,0.0,0,,50.0,,Null,0.0,0.0,,47,Wellington City,Nil,,,,,0.0,0.0,Urban,0.0,,,Light rain,Null,1