OBJECTID,advisorySpeed,areaUnitID,bicycle,bridge,bus,carStationWagon,cliffBank,crashDirectionDescription,crashFinancialYear,crashLocation1,crashLocation2,crashRoadSideRoad,crashSeverity,crashSHDescription,crashYear,debris,directionRoleDescription,ditch,fatalCount,fence,flatHill,guardRail,holiday,houseOrBuilding,intersection,kerb,light,meshblockId,minorInjuryCount,moped,motorcycle,NumberOfLanes,objectThrownOrDropped,otherObject,otherVehicleType,overBank,parkedVehicle,pedestrian,phoneBoxEtc,postOrPole,region,roadCharacter,roadLane,roadSurface,roadworks,schoolBus,seriousInjuryCount,slipOrFlood,speedLimit,strayAnimal,streetLight,suv,taxi,temporarySpeedLimit,tlaId,tlaName,trafficControl,trafficIsland,trafficSign,train,tree,truck,unknownVehicleType,urban,vanOrUtility,vehicle,waterRiver,weatherA,weatherB,if_pandemic
66516150,,573526,0.0,0.0,0.0,3.0,0.0,South,2021/2022,HUTT ROAD,WEIGH PIT,,Minor Crash,Yes,2021,0.0,South,0.0,0,0.0,Flat,1.0,,0.0,,0.0,Bright sun,2077503,1,0.0,0.0,2.0,0.0,0.0,0.0,0.0,0.0,,0.0,0.0,Wellington Region,Nil,1-way,Sealed,0.0,0.0,0,0.0,100.0,0.0,Off,0.0,0.0,,47,Wellington City,Nil,0.0,0.0,0.0,0.0,0.0,0.0,Open,0.0,0.0,0.0,Fine,Null,1
66516154,,574402,0.0,0.0,0.0,1.0,0.0,South,2022/2023,TRELISSICK CRESCENT,HEWETT WAY,,Minor Crash,No,2023,0.0,West,0.0,0,0.0,Flat,0.0,,0.0,,0.0,Overcast,2098300,1,0.0,0.0,2.0,0.0,0.0,0.0,0.0,0.0,,0.0,1.0,Wellington Region,Nil,2-way,Sealed,0.0,0.0,0,0.0,50.0,0.0,Off,0.0,0.0,,47,Wellington City,Nil,0.0,0.0,0.0,0.0,0.0,0.0,Urban,0.0,0.0,0.0,Fine,Null,0
66516160,,573300,0.0,,0.0,2.0,,Null,2020/2021,RUGBY STREET,ADELAIDE ROAD,,Non-Injury Crash,Yes,2021,,North,,0,,Flat,,,,,,Bright sun,2145602,0,0.0,0.0,3.0,,,0.0,,,,,,Wellington Region,Nil,1-way,Sealed,,0.0,0,,50.0,,None,0.0,0.0,,47,Wellington City,Traffic Signals,,,,,0.0,0.0,Urban,0.0,,,Fine,Null,1
66516209,,574001,0.0,0.0,0.0,1.0,0.0,East,2021/2022,NEWLANDS ROAD,HURRING PLACE,,Non-Injury Crash,No,2021,0.0,East,0.0,0,0.0,Flat,0.0,,0.0,,0.0,Dark,2077600,0,0.0,0.0,2.0,0.0,0.0,0.0,0.0,1.0,,0.0,0.0,Wellington Region,Nil,2-way,Sealed,0.0,0.0,0,0.0,50.0,0.0,On,0.0,0.0,,47,Wellington City,Nil,0.0,0.0,0.0,0.0,0.0,0.0,Urban,1.0,0.0,0.0,Fine,Null,1
66516263,,576901,0.0,0.0,0.0,1.0,0.0,South,2021/2022,TROY STREET,COBHAM DRIVE,,Non-Injury Crash,No,2021,0.0,South,0.0,0,0.0,Flat,0.0,Christmas New Year,0.0,,0.0,Overcast,2176800,0,0.0,0.0,1.0,0.0,0.0,0.0,0.0,0.0,,0.0,1.0,Wellington Region,Nil,1-way,Sealed,0.0,0.0,0,0.0,50.0,0.0,Off,0.0,0.0,,47,Wellington City,Nil,0.0,0.0,0.0,1.0,0.0,0.0,Urban,0.0,0.0,0.0,Light rain,Null,1
66516285,,573101,0.0,0.0,0.0,0.0,0.0,West,2021/2022,TENNYSON STREET,CAMBRIDGE TERRACE,,Non-Injury Crash,No,2022,0.0,East,0.0,0,0.0,Flat,0.0,,0.0,,0.0,Bright sun,2136200,0,0.0,0.0,2.0,0.0,0.0,0.0,0.0,1.0,,0.0,0.0,Wellington Region,Nil,2-way,Sealed,0.0,0.0,0,0.0,30.0,0.0,Off,0.0,0.0,,47,Wellington City,Nil,0.0,0.0,0.0,0.0,0.0,0.0,Urban,2.0,0.0,0.0,Fine,Frost,0
66516288,,574600,0.0,0.0,0.0,1.0,0.0,West,2020/2021,WADESTOWN ROAD,LESLIE STREET,,Non-Injury Crash,No,2021,0.0,East,0.0,0,0.0,Hill Road,0.0,,0.0,,0.0,Bright sun,2100900,0,0.0,0.0,2.0,0.0,0.0,0.0,0.0,1.0,,0.0,0.0,Wellington Region,Nil,2-way,Sealed,0.0,0.0,0,0.0,50.0,0.0,Null,0.0,0.0,,47,Wellington City,Unknown,0.0,0.0,0.0,0.0,1.0,0.0,Urban,0.0,0.0,0.0,Fine,Null,1
66516334,,573000,0.0,,0.0,1.0,,Null,2021/2022,VICTORIA STREET,HUNTER STREET,,Non-Injury Crash,No,2022,,South,,0,,Flat,,,,,,Bright sun,2126000,0,0.0,0.0,2.0,,,0.0,,,,,,Wellington Region,Nil,1-way,Sealed,,0.0,0,,30.0,,Off,0.0,0.0,,47,Wellington City,Traffic Signals,,,,,0.0,0.0,Urban,1.0,,,Fine,Null,0
66516343,,572600,0.0,0.0,0.0,2.0,0.0,South,2022/2023,TURKINGTON STREET,VICTORY CRESCENT,,Non-Injury Crash,No,2022,0.0,East,0.0,0,0.0,Flat,0.0,,0.0,,0.0,Dark,1990800,0,0.0,0.0,2.0,0.0,0.0,0.0,0.0,1.0,,0.0,0.0,Wellington Region,Nil,2-way,Sealed,0.0,0.0,0,0.0,50.0,0.0,On,0.0,0.0,,47,Wellington City,Nil,0.0,0.0,0.0,0.0,0.0,0.0,Urban,0.0,0.0,0.0,Light rain,Null,0
66516349,,573300,0.0,0.0,0.0,1.0,0.0,Null,2021/2022,JOHN STREET,HANSON STREET,,Non-Injury Crash,No,2022,0.0,South,0.0,0,0.0,Hill Road,0.0,,0.0,,0.0,Overcast,2146300,0,0.0,0.0,4.0,0.0,0.0,0.0,0.0,0.0,,0.0,0.0,Wellington Region,Nil,2-way,Sealed,0.0,0.0,0,0.0,50.0,0.0,Off,0.0,0.0,,47,Wellington City,Traffic Signals,0.0,1.0,0.0,0.0,0.0,0.0,Urban,0.0,0.0,0.0,Heavy rain,Null,0
66516356,,574500,1.0,,0.0,0.0,,South,2021/2022,KAIWHARAWHARA ROAD,OLD PORIRUA ROAD,,Serious Crash,No,2022,,South,,0,,Flat,,,,,,Overcast,2093200,0,0.0,0.0,2.0,,,0.0,,,,,,Wellington Region,Nil,2-way,Sealed,,0.0,1,,50.0,,Off,0.0,0.0,,47,Wellington City,Nil,,,,,0.0,0.0,Urban,1.0,,,Fine,Null,0
66516420,,576903,0.0,0.0,0.0,0.0,0.0,South,2021/2022,RODRIGO ROAD,BOURKE STREET,,Non-Injury Crash,No,2022,0.0,North,0.0,0,0.0,Hill Road,0.0,,0.0,,0.0,Unknown,2179400,0,0.0,0.0,2.0,0.0,0.0,0.0,0.0,1.0,,0.0,0.0,Wellington Region,Nil,2-way,Sealed,0.0,0.0,0,0.0,50.0,0.0,Null,1.0,0.0,,47,Wellington City,Nil,0.0,0.0,0.0,0.0,0.0,0.0,Urban,0.0,0.0,0.0,Null,Null,0
66516426,,573000,0.0,0.0,0.0,1.0,0.0,Null,2021/2022,FEATHERSTON STREET,BRANDON STREET,,Non-Injury Crash,No,2021,0.0,North,0.0,0,0.0,Flat,0.0,,0.0,,0.0,Bright sun,2125800,0,0.0,0.0,2.0,0.0,0.0,0.0,0.0,1.0,,0.0,0.0,Wellington Region,Nil,1-way,Sealed,0.0,0.0,0,0.0,30.0,0.0,Off,1.0,0.0,,47,Wellington City,Traffic Signals,0.0,0.0,0.0,0.0,0.0,0.0,Urban,0.0,0.0,0.0,Fine,Null,1
66516442,,573101,0.0,,0.0,0.0,,Null,2022/2023,TORY STREET,VIVIAN STREET,,Serious Crash,No,2022,,East,,0,,Flat,,,,,,Overcast,2134200,0,0.0,0.0,2.0,,,0.0,,,1.0,,,Wellington Region,Nil,2-way,Sealed,,0.0,1,,50.0,,Off,0.0,0.0,,47,Wellington City,Traffic Signals,,,,,1.0,0.0,Urban,0.0,,,Light rain,Null,0
66516474,,573000,0.0,,0.0,1.0,,Null,2022/2023,WATERLOO QUAY,BUNNY STREET,,Non-Injury Crash,No,2022,,North,,0,,Flat,,,,,,Bright sun,2124300,0,0.0,0.0,3.0,,,0.0,,,,,,Wellington Region,Nil,1-way,Sealed,,0.0,0,,50.0,,Off,1.0,0.0,,47,Wellington City,Traffic Signals,,,,,0.0,0.0,Urban,0.0,,,Fine,Null,0
66516485,,573511,0.0,0.0,0.0,0.0,0.0,South,2020/2021,JOHNSONVILLE PORIRUA MOTORWAY,WESTCHESTER OBR NBD,,Non-Injury Crash,Yes,2020,0.0,North,0.0,0,0.0,Flat,1.0,,0.0,,0.0,Overcast,2086203,0,0.0,0.0,4.0,0.0,0.0,0.0,0.0,0.0,,0.0,0.0,Wellington Region,Motorway ramp,2-way,Sealed,0.0,0.0,0,0.0,100.0,0.0,Off,0.0,0.0,,47,Wellington City,Unknown,0.0,0.0,0.0,0.0,1.0,0.0,Open,0.0,0.0,0.0,Fine,Null,1
66516487,,576400,0.0,0.0,0.0,1.0,0.0,East,2021/2022,CONSTABLE STREET,DANIELL STREET,,Non-Injury Crash,No,2021,0.0,East,0.0,0,0.0,Hill Road,0.0,,0.0,,0.0,Bright sun,2167600,0,0.0,0.0,2.0,0.0,0.0,0.0,0.0,1.0,,0.0,0.0,Wellington Region,Nil,2-way,Sealed,0.0,0.0,0,0.0,50.0,0.0,Off,0.0,0.0,,47,Wellington City,Nil,0.0,0.0,0.0,0.0,0.0,0.0,Urban,2.0,0.0,0.0,Fine,Null,1
66516490,,573802,0.0,,0.0,1.0,,North,2022/2023,CHESTERTON STREET,BARRIE STREET,,Minor Crash,No,2022,,North,,0,,Hill Road,,,,,,Bright sun,2078600,1,0.0,0.0,2.0,,,0.0,,,,,,Wellington Region,Nil,2-way,Sealed,,0.0,0,,50.0,,Off,0.0,1.0,,47,Wellington City,Nil,,,,,0.0,0.0,Urban,0.0,,,Fine,Null,0
66516518,,577000,1.0,0.0,0.0,1.0,0.0,South,2021/2022,ONEPU ROAD,ENDEAVOUR STREET,,Minor Crash,No,2021,0.0,North,0.0,0,0.0,Flat,0.0,,0.0,,0.0,Bright sun,2173900,1,0.0,0.0,2.0,0.0,0.0,0.0,0.0,1.0,,0.0,0.0,Wellington Region,Nil,2-way,Sealed,0.0,0.0,0,0.0,50.0,0.0,Off,0.0,0.0,,47,Wellington City,Nil,0.0,0.0,0.0,0.0,0.0,0.0,Urban,0.0,0.0,0.0,Fine,Null,1
66516549,,574900,0.0,0.0,0.0,1.0,0.0,West,2020/2021,KARORI ROAD,BEAUCHAMP STREET,,Non-Injury Crash,No,2020,0.0,East,0.0,0,0.0,Null,0.0,,0.0,,0.0,Unknown,2109100,0,0.0,0.0,2.0,0.0,0.0,0.0,0.0,0.0,,0.0,0.0,Wellington Region,Nil,2-way,Sealed,0.0,0.0,0,0.0,50.0,0.0,Null,0.0,0.0,,47,Wellington City,Nil,0.0,0.0,0.0,0.0,0.0,0.0,Urban,0.0,0.0,0.0,Null,Null,1
66516559,,576002,0.0,0.0,0.0,2.0,0.0,West,2021/2022,MERSEY STREET,TIBER STREET,,Non-Injury Crash,No,2022,0.0,East,0.0,0,0.0,Hill Road,0.0,Queens Birthday,0.0,,0.0,Dark,2192100,0,0.0,0.0,2.0,0.0,0.0,0.0,0.0,1.0,,0.0,0.0,Wellington Region,Nil,2-way,Sealed,0.0,0.0,0,0.0,50.0,0.0,On,0.0,0.0,,47,Wellington City,Nil,0.0,0.0,0.0,0.0,0.0,0.0,Urban,0.0,0.0,0.0,Fine,Null,0
66516570,,573802,0.0,0.0,0.0,1.0,0.0,Null,2022/2023,MACAULAY STREET,BURGESS ROAD,,Minor Crash,No,2022,0.0,West,0.0,0,0.0,Flat,0.0,,0.0,,0.0,Dark,2078500,2,0.0,0.0,2.0,0.0,0.0,0.0,0.0,0.0,,0.0,0.0,Wellington Region,Nil,2-way,Sealed,0.0,0.0,0,0.0,50.0,0.0,On,0.0,0.0,,47,Wellington City,Nil,0.0,0.0,0.0,1.0,0.0,0.0,Urban,0.0,0.0,0.0,Fine,Null,0
66516610,35.0,574100,0.0,0.0,0.0,1.0,0.0,South,2021/2022,NEWLANDS ON RAMP,CENTENNIAL HIGHWAY,,Non-Injury Crash,No,2022,0.0,South,0.0,0,0.0,Hill Road,0.0,,0.0,,0.0,Overcast,2084600,0,0.0,0.0,1.0,0.0,0.0,0.0,0.0,0.0,,0.0,0.0,Wellington Region,Motorway ramp,1-way,Sealed,0.0,0.0,0,0.0,50.0,0.0,Off,0.0,0.0,,47,Wellington City,Unknown,0.0,1.0,0.0,0.0,0.0,0.0,Urban,0.0,0.0,0.0,Fine,Null,0
66516618,,573400,0.0,0.0,0.0,4.0,0.0,Null,2021/2022,PIRIE STREET,AUSTIN STREET,,Non-Injury Crash,No,2022,0.0,West,0.0,0,0.0,Hill Road,0.0,,0.0,,0.0,Bright sun,2141900,0,0.0,0.0,2.0,0.0,0.0,0.0,0.0,1.0,,0.0,0.0,Wellington Region,Nil,2-way,Sealed,0.0,0.0,0,0.0,50.0,0.0,Off,0.0,0.0,,47,Wellington City,Stop,0.0,0.0,0.0,0.0,0.0,0.0,Urban,0.0,0.0,0.0,Fine,Null,0
66516632,,576400,0.0,0.0,0.0,1.0,0.0,North,2020/2021,OWEN STREET,CARDALL STREET,,Non-Injury Crash,No,2021,0.0,North,0.0,0,0.0,Flat,0.0,,0.0,,0.0,Overcast,2169101,0,0.0,0.0,2.0,0.0,0.0,0.0,0.0,1.0,,0.0,0.0,Wellington Region,Nil,2-way,Sealed,0.0,0.0,0,0.0,40.0,0.0,Off,0.0,0.0,,47,Wellington City,Nil,0.0,0.0,0.0,0.0,0.0,1.0,Urban,0.0,0.0,0.0,Fine,Null,1
66516635,,573101,1.0,,0.0,0.0,,West,2023/2024,ARTHUR STREET,TARANAKI STREET,,Non-Injury Crash,Yes,2023,,West,,0,,Flat,,,,,,Twilight,2134600,0,0.0,0.0,3.0,,,0.0,,,,,,Wellington Region,Nil,1-way,Sealed,,0.0,0,,50.0,,On,0.0,0.0,,47,Wellington City,Nil,,,,,0.0,0.0,Urban,1.0,,,Fine,Null,0
66516702,,572900,1.0,,0.0,1.0,,South,2020/2021,BUNNY STREET,FEATHERSTON STREET,,Non-Injury Crash,No,2021,,South,,0,,Flat,,,,,,Bright sun,2122700,0,0.0,0.0,1.0,,,0.0,,,,,,Wellington Region,Nil,1-way,Sealed,,0.0,0,,30.0,,Null,0.0,0.0,,47,Wellington City,Nil,,,,,0.0,0.0,Urban,0.0,,,Fine,Null,1
66516717,,572600,0.0,,0.0,2.0,,Null,2021/2022,MAIN ROAD,THE DRIVE,,Minor Crash,No,2022,,South,,0,,Flat,,,,,,Dark,1992300,1,0.0,0.0,1.0,,,0.0,,,,,,Wellington Region,Nil,1-way,Sealed,,0.0,0,,50.0,,On,0.0,0.0,,47,Wellington City,Give way,,,,,0.0,0.0,Urban,0.0,,,Fine,Null,0
66516773,,573523,0.0,0.0,0.0,1.0,0.0,South,2020/2021,JOHNSONVILLE PORIRUA MOTORWAY,CHURTON PARK-GLENSIDE OFF RAMP,,Non-Injury Crash,Yes,2021,0.0,South,0.0,0,0.0,Flat,1.0,,0.0,,1.0,Dark,2086312,0,0.0,0.0,2.0,0.0,0.0,0.0,0.0,0.0,,0.0,0.0,Wellington Region,Nil,1-way,Sealed,0.0,0.0,0,0.0,100.0,0.0,On,0.0,0.0,,47,Wellington City,Nil,0.0,0.0,0.0,0.0,0.0,0.0,Open,0.0,0.0,0.0,Fine,Null,1
66516786,,573513,0.0,0.0,0.0,0.0,0.0,North,2022/2023,AMESBURY DRIVE,CLAVERTON GROVE,,Non-Injury Crash,No,2022,0.0,South,0.0,0,0.0,Hill Road,0.0,,0.0,,0.0,Overcast,2086725,0,0.0,0.0,2.0,0.0,0.0,0.0,0.0,1.0,,0.0,0.0,Wellington Region,Nil,2-way,Sealed,0.0,0.0,0,0.0,50.0,0.0,Off,1.0,0.0,,47,Wellington City,Nil,0.0,0.0,0.0,0.0,0.0,0.0,Urban,1.0,0.0,0.0,Fine,Null,0
66516796,,576901,0.0,,0.0,2.0,,Null,2021/2022,COUTTS STREET,SALEK STREET,,Non-Injury Crash,No,2022,,West,,0,,Flat,,,,,,Bright sun,2177500,0,0.0,0.0,2.0,,,0.0,,,,,,Wellington Region,Nil,2-way,Sealed,,0.0,0,,50.0,,Off,0.0,0.0,,47,Wellington City,Stop,,,,,0.0,0.0,Urban,0.0,,,Light rain,Null,0
66516823,,575600,0.0,0.0,0.0,2.0,0.0,North,2021/2022,TANERA CRESCENT,HELEN STREET,,Non-Injury Crash,No,2022,0.0,North,0.0,0,0.0,Null,0.0,,0.0,,0.0,Dark,2160700,0,0.0,0.0,2.0,0.0,0.0,0.0,0.0,1.0,,0.0,0.0,Wellington Region,Nil,2-way,Sealed,0.0,0.0,0,0.0,50.0,0.0,On,0.0,0.0,,47,Wellington City,Nil,0.0,0.0,0.0,0.0,0.0,0.0,Urban,0.0,0.0,0.0,Null,Null,0
66516910,,573101,1.0,,0.0,0.0,,Null,2020/2021,COURTENAY PLACE,TORY STREET,,Non-Injury Crash,No,2020,,West,,0,,Flat,,,,,,Bright sun,2136000,0,0.0,0.0,2.0,,,0.0,,,,,,Wellington Region,Nil,2-way,Sealed,,0.0,0,,30.0,,Off,0.0,0.0,,47,Wellington City,Traffic Signals,,,,,0.0,0.0,Urban,1.0,,,Fine,Null,1
66516963,,573523,0.0,0.0,0.0,2.0,0.0,Null,2021/2022,MARK AVENUE,GUADELOUPE CRESCENT,,Non-Injury Crash,No,2021,0.0,East,0.0,0,0.0,Hill Road,0.0,,0.0,,0.0,Unknown,2086310,0,0.0,0.0,2.0,0.0,0.0,0.0,0.0,1.0,,0.0,0.0,Wellington Region,Nil,2-way,Sealed,0.0,0.0,0,0.0,50.0,0.0,Null,0.0,0.0,,47,Wellington City,Nil,0.0,0.0,0.0,0.0,0.0,0.0,Urban,0.0,0.0,0.0,Null,Null,1
66516969,,576301,0.0,,0.0,1.0,,East,2021/2022,HALL STREET,ADELAIDE ROAD,,Non-Injury Crash,No,2022,,East,,0,,Hill Road,,,,,,Bright sun,2164600,0,0.0,0.0,2.0,,,0.0,,,,,,Wellington Region,Nil,2-way,Sealed,,0.0,0,,50.0,,Null,0.0,0.0,,47,Wellington City,Nil,,,,,1.0,0.0,Urban,0.0,,,Fine,Null,0
66516970,,573101,0.0,,0.0,1.0,,Null,2023/2024,KARO DRIVE,VICTORIA STREET,,Minor Crash,Yes,2024,,North,,0,,Flat,,,,,,Bright sun,2132400,1,0.0,0.0,3.0,,,0.0,,,,,,Wellington Region,Nil,1-way,Sealed,,0.0,0,,50.0,,Off,0.0,0.0,,47,Wellington City,Traffic Signals,,,,,0.0,0.0,Urban,1.0,,,Fine,Null,0
66516971,,572900,1.0,,1.0,0.0,,Null,2021/2022,MUSEUM STREET,BOWEN STREET,,Non-Injury Crash,No,2022,,South,,0,,Hill Road,,,,,,Bright sun,2122400,0,0.0,0.0,4.0,,,0.0,,,,,,Wellington Region,Nil,2-way,Sealed,,0.0,0,,50.0,,Off,0.0,0.0,,47,Wellington City,Traffic Signals,,,,,0.0,0.0,Urban,0.0,,,Fine,Null,0
66516990,,574303,0.0,,0.0,1.0,,North,2020/2021,CENTENNIAL HIGHWAY,KIWI POINT QUARRY ENT,,Non-Injury Crash,Yes,2020,,North,,0,,Hill Road,,,,,,Bright sun,2084302,0,0.0,0.0,4.0,,,0.0,,,,,,Wellington Region,Nil,1-way,Sealed,,0.0,0,,80.0,,Off,1.0,0.0,,47,Wellington City,Nil,,,,,0.0,0.0,Open,0.0,,,Fine,Null,1
66517000,,573400,0.0,,0.0,2.0,,North,2020/2021,ROXBURGH STREET,CAROLINE STREET,,Non-Injury Crash,No,2021,,South,,0,,Hill Road,,,,,,Twilight,2138900,0,0.0,0.0,2.0,,,0.0,,,,,,Wellington Region,Nil,2-way,Sealed,,0.0,0,,50.0,,Off,0.0,0.0,,47,Wellington City,Nil,,,,,0.0,0.0,Urban,0.0,,,Fine,Null,1
66517011,,574100,0.0,,0.0,0.0,,Null,2021/2022,MOOREFIELD ROAD,STEPHEN STREET,,Fatal Crash,No,2021,,North,,1,,Hill Road,,,,,,Dark,2083800,0,0.0,2.0,2.0,,,0.0,,,,,,Wellington Region,Nil,2-way,Sealed,,0.0,0,,50.0,,On,1.0,0.0,,47,Wellington City,Give way,,,,,0.0,0.0,Urban,0.0,,,Light rain,Null,1
66517018,,573101,0.0,,0.0,0.0,,Null,2022/2023,TARANAKI STREET,COURTENAY PLACE,,Non-Injury Crash,No,2022,,North,,0,,Flat,,,,,,Dark,2133408,0,0.0,0.0,4.0,,,0.0,,,1.0,,,Wellington Region,Nil,2-way,Sealed,,0.0,0,,30.0,,On,1.0,0.0,,47,Wellington City,Traffic Signals,,,,,0.0,0.0,Urban,0.0,,,Fine,Null,0
66517023,,573700,0.0,0.0,0.0,2.0,0.0,West,2022/2023,IRONSIDE ROAD,ROTOITI STREET,,Minor Crash,No,2022,0.0,East,0.0,0,0.0,Hill Road,0.0,,0.0,,0.0,Overcast,2082100,1,0.0,0.0,2.0,0.0,0.0,0.0,0.0,1.0,,0.0,0.0,Wellington Region,Nil,2-way,Sealed,0.0,0.0,0,0.0,50.0,0.0,None,0.0,0.0,,47,Wellington City,Nil,0.0,0.0,0.0,0.0,0.0,0.0,Urban,0.0,0.0,0.0,Light rain,Null,0
66517025,,576001,0.0,,0.0,1.0,,West,2022/2023,MEDWAY STREET,THE PARADE,,Minor Crash,No,2023,,East,,0,,Flat,,,,,,Bright sun,2193900,1,0.0,0.0,2.0,,,0.0,,,1.0,,,Wellington Region,Nil,2-way,Sealed,,0.0,0,,20.0,,Off,0.0,0.0,,47,Wellington City,Nil,,,,,0.0,0.0,Urban,0.0,,,Fine,Null,0
66517028,,573526,0.0,0.0,0.0,1.0,0.0,North,2020/2021,HUTT ROAD,RAILYARD ENTRY,,Non-Injury Crash,Yes,2021,1.0,South,0.0,0,0.0,Flat,0.0,,0.0,,0.0,Bright sun,2077503,0,0.0,0.0,4.0,0.0,0.0,0.0,0.0,0.0,,0.0,0.0,Wellington Region,Nil,2-way,Sealed,0.0,0.0,0,0.0,100.0,0.0,Off,0.0,0.0,,47,Wellington City,Unknown,0.0,0.0,0.0,0.0,0.0,0.0,Open,1.0,0.0,0.0,Fine,Null,1
66517038,,575300,0.0,0.0,0.0,2.0,0.0,East,2020/2021,PLUNKET STREET,FAIRVIEW CRESCENT,,Minor Crash,No,2020,0.0,West,0.0,0,0.0,Hill Road,0.0,,0.0,,0.0,Dark,2152900,1,0.0,0.0,2.0,0.0,0.0,0.0,0.0,1.0,,0.0,0.0,Wellington Region,Nil,2-way,Sealed,0.0,0.0,0,0.0,50.0,0.0,None,0.0,0.0,,47,Wellington City,Nil,0.0,0.0,0.0,0.0,0.0,0.0,Urban,1.0,0.0,0.0,Fine,Null,1
66517118,,573000,0.0,,0.0,1.0,,Null,2020/2021,STOUT STREET,WHITMORE STREET,,Minor Crash,No,2021,,West,,0,,Flat,,,,,,Bright sun,2123800,1,1.0,0.0,2.0,,,0.0,,,,,,Wellington Region,Nil,1-way,Sealed,,0.0,0,,30.0,,Off,0.0,0.0,,47,Wellington City,Traffic Signals,,,,,0.0,0.0,Urban,0.0,,,Fine,Null,1
66517129,,574001,0.0,0.0,0.0,1.0,0.0,East,2022/2023,HOROKIWI ROAD WEST,KINAPORI TERRACE,,Minor Crash,No,2022,0.0,West,0.0,0,1.0,Flat,0.0,,1.0,,0.0,Dark,2075500,1,0.0,0.0,2.0,0.0,0.0,0.0,0.0,0.0,,1.0,1.0,Wellington Region,Nil,2-way,Sealed,0.0,0.0,0,0.0,50.0,0.0,On,0.0,0.0,,47,Wellington City,Nil,0.0,0.0,0.0,1.0,0.0,0.0,Urban,0.0,0.0,0.0,Light rain,Null,0
66517147,,576500,0.0,,0.0,2.0,,South,2021/2022,ADELAIDE ROAD,RUGBY STREET,,Non-Injury Crash,No,2022,,North,,0,,Flat,,,,,,Bright sun,2147900,0,0.0,0.0,4.0,,,0.0,,,,,,Wellington Region,Nil,2-way,Sealed,,0.0,0,,50.0,,Off,0.0,0.0,,47,Wellington City,Nil,,,,,0.0,0.0,Urban,0.0,,,Fine,Null,0
66517184,,576500,0.0,,0.0,2.0,,Null,2021/2022,RIDDIFORD STREET,MEIN STREET,,Minor Crash,No,2022,,South,,0,,Flat,,,,,,Dark,2148800,1,0.0,0.0,4.0,,,0.0,,,,,,Wellington Region,Nil,2-way,Sealed,,0.0,0,,50.0,,On,0.0,0.0,,47,Wellington City,Traffic Signals,,,,,0.0,0.0,Urban,0.0,,,Fine,Null,0
66517209,,574100,0.0,,0.0,3.0,,South,2021/2022,CENTENNIAL HIGHWAY,JOHNSONVILLE OFF RAMP,,Non-Injury Crash,Yes,2021,,North,,0,,Flat,,,,,,Dark,2084600,0,0.0,0.0,3.0,,,0.0,,,,,,Wellington Region,Nil,1-way,Sealed,,0.0,0,,80.0,,On,0.0,0.0,,47,Wellington City,Nil,,,,,0.0,0.0,Open,0.0,,,Fine,Null,1
66517225,,573522,0.0,0.0,0.0,1.0,0.0,North,2021/2022,JOHNSONVILLE PORIRUA MOTORWAY,TAKAPU RD UPASS NBD,,Minor Crash,Yes,2022,0.0,North,0.0,0,0.0,Flat,1.0,,0.0,,0.0,Overcast,2053703,1,0.0,0.0,2.0,0.0,0.0,0.0,0.0,0.0,,0.0,0.0,Wellington Region,Nil,1-way,Sealed,0.0,0.0,0,0.0,100.0,0.0,Off,0.0,0.0,,47,Wellington City,Nil,0.0,0.0,0.0,0.0,0.0,0.0,Open,0.0,0.0,0.0,Heavy rain,Null,0
66517228,,576200,1.0,0.0,0.0,0.0,0.0,South,2021/2022,RINTOUL STREET,TE WHAREPOURI STREET,,Minor Crash,No,2021,0.0,South,0.0,0,0.0,Hill Road,0.0,,0.0,,0.0,Dark,2171700,1,0.0,0.0,2.0,0.0,0.0,0.0,0.0,1.0,,0.0,0.0,Wellington Region,Nil,2-way,Sealed,0.0,0.0,0,0.0,50.0,0.0,On,0.0,0.0,,47,Wellington City,Nil,0.0,0.0,0.0,0.0,0.0,0.0,Urban,1.0,0.0,0.0,Fine,Null,1
66517235,,573200,0.0,,0.0,1.0,,Null,2021/2022,ARO STREET,EPUNI STREET,,Minor Crash,No,2022,,West,,0,,Flat,,,,,,Dark,2158800,1,0.0,1.0,2.0,,,0.0,,,,,,Wellington Region,Nil,2-way,Sealed,,0.0,0,,30.0,,On,0.0,0.0,,47,Wellington City,Give way,,,,,0.0,0.0,Urban,0.0,,,Fine,Strong wind,0
66517301,,575200,0.0,0.0,0.0,1.0,0.0,South,2020/2021,GLENMORE STREET,NORTHLAND ROAD,,Non-Injury Crash,No,2021,0.0,North,0.0,0,0.0,Null,0.0,Queens Birthday,0.0,,0.0,Unknown,2149900,0,0.0,0.0,2.0,0.0,0.0,0.0,0.0,1.0,,0.0,0.0,Wellington Region,Nil,2-way,Sealed,0.0,0.0,0,0.0,50.0,0.0,Null,0.0,0.0,,47,Wellington City,Nil,0.0,0.0,0.0,0.0,0.0,0.0,Urban,0.0,0.0,0.0,Null,Null,1
66517305,,573511,0.0,0.0,0.0,0.0,0.0,Null,2022/2023,CHURTON PARK-GLENSIDE OFF RAMP,WESTCHESTER DRIVE EAST,,Non-Injury Crash,No,2022,0.0,North,0.0,0,0.0,Flat,0.0,,0.0,,0.0,Dark,2086203,0,0.0,0.0,2.0,0.0,0.0,0.0,0.0,0.0,,0.0,1.0,Wellington Region,Motorway ramp,2-way,Sealed,0.0,0.0,0,0.0,100.0,0.0,On,0.0,0.0,,47,Wellington City,Give way,1.0,0.0,0.0,0.0,0.0,1.0,Open,0.0,0.0,0.0,Light rain,Null,0