OBJECTID,advisorySpeed,areaUnitID,bicycle,bridge,bus,carStationWagon,cliffBank,crashDirectionDescription,crashFinancialYear,crashLocation1,crashLocation2,crashRoadSideRoad,crashSeverity,crashSHDescription,crashYear,debris,directionRoleDescription,ditch,fatalCount,fence,flatHill,guardRail,holiday,houseOrBuilding,intersection,kerb,light,meshblockId,minorInjuryCount,moped,motorcycle,NumberOfLanes,objectThrownOrDropped,otherObject,otherVehicleType,overBank,parkedVehicle,pedestrian,phoneBoxEtc,postOrPole,region,roadCharacter,roadLane,roadSurface,roadworks,schoolBus,seriousInjuryCount,slipOrFlood,speedLimit,strayAnimal,streetLight,suv,taxi,temporarySpeedLimit,tlaId,tlaName,trafficControl,trafficIsland,trafficSign,train,tree,truck,unknownVehicleType,urban,vanOrUtility,vehicle,waterRiver,weatherA,weatherB,if_pandemic
66517335,35.0,576002,0.0,0.0,0.0,1.0,1.0,Null,2021/2022,MT ALBERT ROAD,VOLGA STREET,,Non-Injury Crash,No,2022,0.0,North,0.0,0,0.0,Hill Road,1.0,,0.0,,0.0,Overcast,2191604,0,0.0,0.0,2.0,0.0,0.0,0.0,0.0,0.0,,0.0,0.0,Wellington Region,Nil,2-way,Sealed,0.0,0.0,0,0.0,50.0,0.0,Off,0.0,0.0,,47,Wellington City,Give way,0.0,0.0,0.0,1.0,0.0,1.0,Urban,0.0,0.0,0.0,Fine,Strong wind,0
66517379,,573101,0.0,,0.0,1.0,,Null,2021/2022,KARO DRIVE,VICTORIA STREET,,Non-Injury Crash,Yes,2022,,North,,0,,Flat,,,,,,Bright sun,2132400,0,0.0,0.0,3.0,,,0.0,,,,,,Wellington Region,Nil,1-way,Sealed,,0.0,0,,50.0,,Off,0.0,0.0,,47,Wellington City,Traffic Signals,,,,,0.0,0.0,Urban,1.0,,,Fine,Null,0
66517392,,572900,0.0,0.0,0.0,2.0,0.0,North,2020/2021,GRANT ROAD,AORANGI TERRACE,,Non-Injury Crash,No,2021,0.0,South,0.0,0,0.0,Flat,0.0,,0.0,,0.0,Dark,2121000,0,0.0,0.0,2.0,0.0,0.0,0.0,0.0,1.0,,0.0,0.0,Wellington Region,Nil,2-way,Sealed,0.0,0.0,0,0.0,50.0,0.0,On,0.0,0.0,,47,Wellington City,Nil,0.0,0.0,0.0,0.0,0.0,0.0,Urban,0.0,0.0,0.0,Null,Null,1
66517397,,577000,0.0,0.0,0.0,2.0,0.0,North,2020/2021,QUEENS DRIVE,SUTHERLAND ROAD,,Non-Injury Crash,No,2021,0.0,South,0.0,0,0.0,Flat,0.0,,0.0,,0.0,Unknown,2174400,0,0.0,0.0,2.0,0.0,0.0,0.0,0.0,1.0,,0.0,0.0,Wellington Region,Nil,2-way,Sealed,0.0,0.0,0,0.0,50.0,0.0,Null,0.0,0.0,,47,Wellington City,Nil,0.0,0.0,0.0,0.0,0.0,0.0,Urban,0.0,0.0,0.0,Null,Null,1
66517408,,575300,1.0,,0.0,1.0,,East,2020/2021,KARORI TUNNEL,WAIAPU ROAD,,Non-Injury Crash,No,2021,,West,,0,,Flat,,,,,,Unknown,2152600,0,0.0,0.0,2.0,,,0.0,,,,,,Wellington Region,Tunnel,2-way,Sealed,,0.0,0,,50.0,,Null,0.0,0.0,,47,Wellington City,Nil,,,,,0.0,0.0,Urban,0.0,,,Null,Null,1
66517446,,573101,0.0,,0.0,1.0,,East,2021/2022,WAKEFIELD STREET,VICTORIA STREET,,Minor Crash,No,2021,,South,,0,,Flat,,,,,,Bright sun,2131200,1,1.0,0.0,2.0,,,0.0,,,,,,Wellington Region,Nil,2-way,Sealed,,0.0,0,,30.0,,Off,0.0,0.0,,47,Wellington City,Nil,,,,,0.0,0.0,Urban,0.0,,,Fine,Frost,1
66517449,,577200,0.0,0.0,1.0,1.0,0.0,Null,2022/2023,BROADWAY,HOBART STREET,,Minor Crash,No,2022,0.0,East,0.0,0,0.0,Flat,0.0,,0.0,,0.0,Dark,2206800,1,0.0,0.0,2.0,0.0,0.0,0.0,0.0,0.0,,0.0,0.0,Wellington Region,Nil,2-way,Sealed,0.0,0.0,0,0.0,50.0,0.0,On,0.0,0.0,,47,Wellington City,Give way,1.0,0.0,0.0,0.0,0.0,0.0,Urban,0.0,0.0,0.0,Light rain,Null,0
66517488,,573400,0.0,0.0,0.0,1.0,0.0,West,2020/2021,MAJORIBANKS STREET,HAWKER STREET,,Non-Injury Crash,No,2021,0.0,North,0.0,0,0.0,Hill Road,0.0,,0.0,,0.0,Dark,2140002,0,0.0,0.0,2.0,0.0,0.0,0.0,0.0,1.0,,0.0,0.0,Wellington Region,Nil,2-way,Sealed,0.0,0.0,0,0.0,50.0,0.0,Null,1.0,0.0,,47,Wellington City,Nil,0.0,0.0,0.0,0.0,0.0,0.0,Urban,0.0,0.0,0.0,Fine,Null,1
66517554,,572500,0.0,,0.0,0.0,,Null,2022/2023,REDWOOD AVENUE,MAIN ROAD,,Minor Crash,No,2023,,East,,0,,Flat,,,,,,Overcast,1988300,1,0.0,0.0,2.0,,,0.0,,,,,,Wellington Region,Nil,2-way,Sealed,,0.0,0,,50.0,,Off,0.0,0.0,,47,Wellington City,Give way,,,,,2.0,0.0,Urban,0.0,,,Fine,Null,0
66517567,,576600,0.0,,0.0,3.0,,West,2022/2023,ORIENTAL PARADE,FREYBERG POOL CPK ENT,,Non-Injury Crash,No,2022,,East,,0,,Flat,,,,,,Bright sun,2137900,0,0.0,0.0,2.0,,,0.0,,,,,,Wellington Region,Nil,2-way,Sealed,,0.0,0,,40.0,,Off,0.0,1.0,,47,Wellington City,Nil,,,,,0.0,0.0,Urban,0.0,,,Fine,Null,0
66517570,,573000,0.0,,0.0,2.0,,Null,2022/2023,WHITMORE STREET,STOUT STREET,,Non-Injury Crash,No,2022,,South,,0,,Flat,,,,,,Dark,2124200,0,0.0,0.0,5.0,,,0.0,,,,,,Wellington Region,Nil,2-way,Sealed,,0.0,0,,30.0,,On,0.0,0.0,,47,Wellington City,Traffic Signals,,,,,0.0,0.0,Urban,0.0,,,Light rain,Null,0
66517606,,573101,0.0,,0.0,1.0,,Null,2021/2022,TARANAKI STREET,HAINING STREET,,Minor Crash,No,2021,,West,,0,,Flat,,,,,,Overcast,2134900,1,0.0,0.0,4.0,,,0.0,,,1.0,,,Wellington Region,Nil,2-way,Sealed,,0.0,0,,50.0,,Off,0.0,1.0,,47,Wellington City,Give way,,,,,0.0,0.0,Urban,0.0,,,Fine,Null,1
66517628,,573200,0.0,,0.0,2.0,,South,2021/2022,MORTIMER TERRACE,DURHAM CRESCENT,,Serious Crash,No,2022,,West,,0,,Hill Road,,,,,,Bright sun,2158300,1,0.0,0.0,2.0,,,0.0,,,,,,Wellington Region,Nil,2-way,Sealed,,0.0,1,,50.0,,Off,0.0,0.0,,47,Wellington City,Unknown,,,,,0.0,0.0,Urban,0.0,,,Fine,Null,0
66517656,,575400,0.0,0.0,0.0,1.0,0.0,Null,2021/2022,RAROA ROAD,IRVINE STREET,,Non-Injury Crash,No,2022,0.0,South,0.0,0,1.0,Hill Road,0.0,,0.0,,0.0,Twilight,2155700,0,0.0,0.0,2.0,0.0,0.0,0.0,0.0,0.0,,0.0,0.0,Wellington Region,Nil,2-way,Sealed,0.0,0.0,0,0.0,50.0,0.0,Off,0.0,0.0,,47,Wellington City,Nil,0.0,0.0,0.0,0.0,0.0,0.0,Urban,0.0,0.0,0.0,Fine,Null,0
66517760,,573200,0.0,0.0,0.0,1.0,0.0,West,2021/2022,ARO STREET,EPUNI STREET,,Non-Injury Crash,No,2022,0.0,West,0.0,0,0.0,Flat,0.0,,0.0,,0.0,Overcast,2158200,0,0.0,0.0,2.0,0.0,0.0,0.0,0.0,1.0,,0.0,0.0,Wellington Region,Nil,2-way,Sealed,0.0,0.0,0,0.0,50.0,0.0,Off,0.0,0.0,,47,Wellington City,Nil,0.0,0.0,0.0,0.0,0.0,0.0,Urban,1.0,0.0,0.0,Fine,Null,0
66517789,,572900,0.0,,0.0,2.0,,Null,2021/2022,TINAKORI ROAD,HAWKESTONE STREET,,Minor Crash,No,2022,,South,,0,,Flat,,,,,,Overcast,2119500,1,0.0,0.0,2.0,,,0.0,,,,,,Wellington Region,Nil,2-way,Sealed,,0.0,0,,50.0,,Off,0.0,0.0,,47,Wellington City,Give way,,,,,0.0,0.0,Urban,0.0,,,Fine,Null,0
66517864,,573000,0.0,,0.0,1.0,,Null,2020/2021,JERVOIS QUAY,HUNTER STREET,,Non-Injury Crash,No,2021,,North,,0,,Flat,,,,,,Unknown,2125900,0,0.0,0.0,3.0,,,0.0,,,,,,Wellington Region,Nil,1-way,Sealed,,0.0,0,,50.0,,Off,1.0,0.0,,47,Wellington City,Traffic Signals,,,,,0.0,0.0,Urban,0.0,,,Fine,Null,1
66517880,,573700,0.0,0.0,0.0,1.0,0.0,North,2020/2021,CORTINA AVENUE,ERRIS STREET,,Non-Injury Crash,No,2021,0.0,North,0.0,0,0.0,Flat,0.0,,1.0,,0.0,Bright sun,2086709,0,0.0,0.0,2.0,0.0,0.0,0.0,0.0,0.0,,0.0,0.0,Wellington Region,Nil,2-way,Sealed,0.0,0.0,0,0.0,50.0,0.0,Off,0.0,0.0,,47,Wellington City,Nil,0.0,0.0,0.0,0.0,0.0,0.0,Urban,0.0,0.0,0.0,Fine,Null,1
66517900,,573700,0.0,0.0,1.0,1.0,0.0,South,2020/2021,JOHNSONVILLE ROAD,NORMAN LANE,,Non-Injury Crash,No,2020,0.0,North,0.0,0,0.0,Flat,0.0,,0.0,,0.0,Overcast,2082800,0,0.0,0.0,2.0,0.0,0.0,0.0,0.0,1.0,,0.0,0.0,Wellington Region,Nil,2-way,Sealed,0.0,0.0,0,0.0,50.0,0.0,Off,0.0,0.0,,47,Wellington City,Nil,0.0,0.0,0.0,0.0,0.0,0.0,Urban,0.0,0.0,0.0,Light rain,Null,1
66517914,,573101,0.0,0.0,0.0,0.0,0.0,East,2022/2023,BUCKLE STREET,TORY STREET,,Minor Crash,Yes,2023,0.0,West,0.0,0,0.0,Hill Road,1.0,,0.0,,0.0,Bright sun,2137000,1,0.0,0.0,2.0,0.0,0.0,0.0,0.0,0.0,,0.0,0.0,Wellington Region,Nil,1-way,Sealed,0.0,0.0,0,0.0,50.0,0.0,Off,0.0,0.0,,47,Wellington City,Nil,0.0,0.0,0.0,0.0,0.0,0.0,Urban,1.0,0.0,0.0,Fine,Null,0
66517960,,575600,0.0,0.0,0.0,2.0,0.0,North,2021/2022,OHIRO ROAD,CLEVELAND STREET,,Non-Injury Crash,No,2021,0.0,South,0.0,0,0.0,Flat,0.0,,0.0,,0.0,Unknown,2161900,0,0.0,0.0,2.0,0.0,0.0,0.0,0.0,1.0,,0.0,0.0,Wellington Region,Nil,2-way,Sealed,0.0,0.0,0,0.0,50.0,0.0,Null,1.0,0.0,,47,Wellington City,Nil,0.0,0.0,0.0,0.0,0.0,0.0,Urban,0.0,0.0,0.0,Null,Null,1
66517969,,577200,0.0,,0.0,0.0,,North,2022/2023,MIRAMAR AVENUE,STONE STREET,,Non-Injury Crash,No,2022,,North,,0,,Null,,,,,,Unknown,2206200,0,0.0,0.0,2.0,,,0.0,,,1.0,,,Wellington Region,Nil,2-way,Sealed,,0.0,0,,30.0,,Null,1.0,0.0,,47,Wellington City,Nil,,,,,0.0,0.0,Urban,0.0,,,Null,Null,0
66517976,,575200,0.0,,0.0,0.0,,South,2021/2022,GLENMORE STREET,COLLINS TERRACE,,Minor Crash,No,2021,,North,,0,,Hill Road,,,,,,Dark,2151300,1,0.0,1.0,2.0,,,0.0,,,,,,Wellington Region,Nil,2-way,Sealed,,0.0,0,,50.0,,On,0.0,0.0,,47,Wellington City,Nil,,,,,0.0,0.0,Urban,0.0,,,Fine,Strong wind,1
66517980,,574001,0.0,,0.0,1.0,,North,2020/2021,BLACK ROCK ROAD,LYNDFIELD LANE,,Non-Injury Crash,No,2021,,South,,0,,Hill Road,,,,,,Bright sun,2077800,0,0.0,0.0,2.0,,,0.0,,,,,,Wellington Region,Nil,2-way,Sealed,,0.0,0,,50.0,,Null,1.0,0.0,,47,Wellington City,Nil,,,,,0.0,0.0,Urban,0.0,,,Fine,Null,1
66517988,,572500,0.0,0.0,0.0,0.0,1.0,North,2021/2022,MAIN ROAD,REDWOOD AVENUE,,Non-Injury Crash,No,2021,0.0,North,0.0,0,0.0,Flat,0.0,,0.0,,0.0,Dark,1986300,0,0.0,0.0,2.0,0.0,0.0,0.0,0.0,0.0,,0.0,0.0,Wellington Region,Nil,2-way,Sealed,0.0,0.0,0,0.0,50.0,0.0,On,1.0,0.0,30.0,47,Wellington City,Nil,0.0,0.0,0.0,0.0,0.0,0.0,Urban,0.0,0.0,0.0,Fine,Null,1
66518003,,573526,0.0,0.0,0.0,2.0,0.0,North,2021/2022,HUTT ROAD,SERVICE STN NTH,,Non-Injury Crash,Yes,2021,0.0,North,0.0,0,0.0,Flat,1.0,,0.0,,0.0,Bright sun,2086403,0,0.0,0.0,2.0,0.0,0.0,0.0,0.0,0.0,,0.0,0.0,Wellington Region,Nil,1-way,Sealed,0.0,0.0,0,0.0,100.0,0.0,None,0.0,0.0,,47,Wellington City,Nil,0.0,0.0,0.0,0.0,0.0,0.0,Open,0.0,0.0,0.0,Fine,Null,1
66518063,,573000,0.0,0.0,0.0,1.0,0.0,Null,2022/2023,WILLIS STREET,MERCER STREET,,Non-Injury Crash,No,2022,0.0,North,0.0,0,0.0,Flat,0.0,,0.0,,0.0,Dark,2128100,0,0.0,0.0,2.0,0.0,0.0,0.0,0.0,0.0,,0.0,1.0,Wellington Region,Nil,2-way,Sealed,0.0,0.0,0,0.0,30.0,0.0,On,0.0,0.0,,47,Wellington City,Traffic Signals,0.0,0.0,0.0,0.0,0.0,0.0,Urban,0.0,0.0,0.0,Fine,Null,0
66518072,,574302,0.0,0.0,0.0,1.0,0.0,South,2020/2021,ONSLOW ROAD,HOMEBUSH ROAD,,Non-Injury Crash,No,2020,0.0,North,0.0,0,1.0,Hill Road,0.0,,0.0,,0.0,Overcast,2090500,0,0.0,0.0,2.0,0.0,0.0,0.0,0.0,0.0,,0.0,0.0,Wellington Region,Nil,2-way,Sealed,0.0,0.0,0,0.0,50.0,0.0,Off,0.0,0.0,,47,Wellington City,Nil,0.0,0.0,0.0,0.0,0.0,0.0,Urban,0.0,0.0,0.0,Heavy rain,Strong wind,1
66518097,,573400,0.0,0.0,0.0,2.0,0.0,Null,2021/2022,KENT TERRACE,VIVIAN STREET,,Non-Injury Crash,No,2022,0.0,South,0.0,0,0.0,Flat,1.0,,0.0,,1.0,Dark,2141200,0,0.0,0.0,4.0,0.0,0.0,0.0,0.0,0.0,,0.0,0.0,Wellington Region,Nil,2-way,Sealed,0.0,0.0,0,0.0,50.0,0.0,On,0.0,0.0,,47,Wellington City,Traffic Signals,0.0,0.0,0.0,0.0,0.0,0.0,Urban,0.0,0.0,0.0,Light rain,Null,0
66518111,,573101,0.0,,0.0,1.0,,Null,2021/2022,VIVIAN STREET,VICTORIA STREET,,Non-Injury Crash,Yes,2022,,East,,0,,Null,,,,,,Dark,2131600,0,0.0,0.0,2.0,,,0.0,,,,,,Wellington Region,Nil,2-way,Sealed,,0.0,0,,30.0,,On,0.0,0.0,,47,Wellington City,Traffic Signals,,,,,0.0,0.0,Urban,0.0,,,Fine,Null,0
66518143,,576800,0.0,,0.0,2.0,,Null,2022/2023,SH 1,TAURIMA STREET,,Minor Crash,Yes,2022,,East,,0,,Flat,,,,,,Dark,2181800,2,0.0,0.0,2.0,,,0.0,,,,,,Wellington Region,Nil,2-way,Sealed,,0.0,0,,50.0,,On,0.0,0.0,,47,Wellington City,Give way,,,,,0.0,0.0,Urban,0.0,,,Fine,Null,0
66518167,,573101,0.0,,0.0,2.0,,Null,2022/2023,TARANAKI STREET,COURTENAY PLACE,,Non-Injury Crash,No,2022,,North,,0,,Flat,,,,,,Dark,2133408,0,0.0,0.0,4.0,,,0.0,,,,,,Wellington Region,Nil,2-way,Sealed,,0.0,0,,30.0,,On,0.0,1.0,,47,Wellington City,Traffic Signals,,,,,0.0,0.0,Urban,0.0,,,Fine,Null,0
66518183,,575300,0.0,,0.0,2.0,,South,2021/2022,RAROA ROAD,NORNA CRESCENT,,Non-Injury Crash,No,2022,,South,,0,,Hill Road,,,,,,Overcast,2152000,0,0.0,0.0,2.0,,,0.0,,,,,,Wellington Region,Nil,2-way,Sealed,,0.0,0,,50.0,,Off,0.0,0.0,,47,Wellington City,Nil,,,,,0.0,0.0,Urban,0.0,,,Light rain,Null,0
66518190,,574500,0.0,,0.0,2.0,,North,2022/2023,WELLINGTON URBAN MOTORWAY,AOTEA QUAY ON RAMP,,Minor Crash,Yes,2023,,North,,0,,Flat,,,,,,Twilight,2093600,2,0.0,0.0,4.0,,,0.0,,,,,,Wellington Region,Nil,1-way,Sealed,,0.0,0,,100.0,,Off,1.0,0.0,80.0,47,Wellington City,Nil,,,,,0.0,0.0,Open,0.0,,,Fine,Null,0
66518209,,573901,0.0,0.0,1.0,1.0,0.0,West,2021/2022,TREBANN STREET,BRACKEN ROAD,,Non-Injury Crash,No,2021,0.0,East,0.0,0,0.0,Hill Road,0.0,,0.0,,0.0,Unknown,2074100,0,0.0,0.0,2.0,0.0,0.0,0.0,0.0,1.0,,0.0,0.0,Wellington Region,Nil,2-way,Sealed,0.0,0.0,0,0.0,50.0,0.0,Null,0.0,0.0,,47,Wellington City,Nil,0.0,0.0,0.0,0.0,0.0,0.0,Urban,0.0,0.0,0.0,Null,Null,1
66518216,,573700,0.0,,0.0,2.0,,North,2020/2021,MOOREFIELD ROAD,WANAKA STREET,,Minor Crash,No,2021,,North,,0,,Hill Road,,,,,,Bright sun,2082400,1,0.0,0.0,2.0,,,0.0,,,,,,Wellington Region,Nil,2-way,Sealed,,0.0,0,,50.0,,Off,1.0,0.0,,47,Wellington City,Nil,,,,,0.0,0.0,Urban,0.0,,,Fine,Null,1
66518242,,576700,0.0,0.0,0.0,2.0,0.0,South,2021/2022,GRAFTON ROAD,THE CRESCENT,,Non-Injury Crash,No,2022,0.0,North,0.0,0,0.0,Hill Road,0.0,,0.0,,0.0,Dark,2186800,0,0.0,0.0,1.0,0.0,0.0,0.0,0.0,1.0,,0.0,0.0,Wellington Region,Nil,1-way,Sealed,0.0,0.0,0,0.0,50.0,0.0,On,0.0,0.0,,47,Wellington City,Nil,0.0,0.0,0.0,0.0,0.0,0.0,Urban,0.0,0.0,0.0,Fine,Null,0
66518250,,574002,0.0,,0.0,2.0,,South,2021/2022,HUTT ROAD,RAILYARD ENTRY,,Non-Injury Crash,Yes,2022,,South,,0,,Flat,,,,,,Bright sun,2078302,0,0.0,0.0,2.0,,,0.0,,,,,,Wellington Region,Nil,1-way,Sealed,,0.0,0,,100.0,,Null,0.0,0.0,,47,Wellington City,Nil,,,,,0.0,0.0,Open,0.0,,,Fine,Null,0
66518273,,573000,0.0,,0.0,2.0,,South,2022/2023,FEATHERSTON STREET,BRANDON STREET,,Non-Injury Crash,No,2022,,South,,0,,Flat,,,,,,Bright sun,2125700,0,0.0,0.0,2.0,,,0.0,,,,,,Wellington Region,Nil,1-way,Sealed,,0.0,0,,30.0,,Off,0.0,1.0,,47,Wellington City,Nil,,,,,0.0,0.0,Urban,0.0,,,Fine,Null,0
66518274,,573200,0.0,,0.0,0.0,,Null,2022/2023,BROOKLYN ROAD,NAIRN STREET,,Minor Crash,No,2022,,North,,0,,Hill Road,,,,,,Overcast,2159900,1,0.0,2.0,2.0,,,0.0,,,,,,Wellington Region,Nil,2-way,Sealed,,0.0,0,,50.0,,Off,0.0,0.0,,47,Wellington City,Give way,,,,,0.0,0.0,Urban,0.0,,,Fine,Null,0
66518285,,576901,0.0,0.0,0.0,1.0,0.0,South,2021/2022,BAY ROAD,RONGOTAI ROAD,,Non-Injury Crash,No,2022,0.0,North,0.0,0,0.0,Flat,0.0,,0.0,,0.0,Bright sun,2178400,0,0.0,0.0,2.0,0.0,0.0,0.0,0.0,1.0,,0.0,0.0,Wellington Region,Nil,2-way,Sealed,0.0,0.0,0,0.0,,0.0,Null,0.0,0.0,,47,Wellington City,Nil,0.0,0.0,0.0,0.0,1.0,0.0,Urban,0.0,0.0,0.0,Light rain,Null,0
66518293,,575600,0.0,,0.0,1.0,,North,2021/2022,APUKA STREET,HELEN STREET,,Non-Injury Crash,No,2022,,South,,0,,Hill Road,,,,,,Bright sun,2161000,0,0.0,0.0,2.0,,,0.0,,,,,,Wellington Region,Nil,2-way,Sealed,,0.0,0,,50.0,,Null,0.0,0.0,,47,Wellington City,Unknown,,,,,0.0,0.0,Urban,1.0,,,Fine,Null,0
66518297,,576903,0.0,,0.0,1.0,,Null,2022/2023,KILBIRNIE CRESCENT,CHILDERS TERRACE,,Minor Crash,No,2022,,South,,0,,Flat,,,,,,Dark,2179102,1,0.0,0.0,2.0,,,0.0,,,1.0,,,Wellington Region,Speed hump,2-way,Sealed,,0.0,0,,50.0,,On,0.0,0.0,,47,Wellington City,Give way,,,,,0.0,0.0,Urban,0.0,,,Light rain,Null,0
66518331,,576901,0.0,,0.0,2.0,,East,2022/2023,COBHAM DRIVE,TROY STREET,,Non-Injury Crash,Yes,2023,,West,,0,,Flat,,,,,,Bright sun,2176800,0,0.0,0.0,2.0,,,0.0,,,,,,Wellington Region,Nil,1-way,Sealed,,0.0,0,,60.0,,Off,0.0,0.0,,47,Wellington City,Nil,,,,,0.0,0.0,Urban,0.0,,,Fine,Null,0
66518352,,572500,0.0,0.0,0.0,1.0,0.0,West,2020/2021,REDWOOD AVENUE,MAIN ROAD,,Non-Injury Crash,No,2021,0.0,South,0.0,0,0.0,Flat,0.0,,0.0,,0.0,Unknown,1988300,0,0.0,0.0,2.0,0.0,0.0,0.0,0.0,1.0,,0.0,0.0,Wellington Region,Nil,2-way,Sealed,0.0,0.0,0,0.0,50.0,0.0,Null,0.0,0.0,,47,Wellington City,Nil,0.0,0.0,0.0,0.0,0.0,0.0,Urban,0.0,0.0,0.0,Null,Null,1
66518371,,576301,0.0,,0.0,2.0,,Null,2022/2023,RIDDIFORD STREET,CONSTABLE STREET,,Minor Crash,No,2022,,South,,0,,Flat,,,,,,Dark,2165200,1,0.0,0.0,2.0,,,0.0,,,,,,Wellington Region,Nil,2-way,Sealed,,0.0,0,,30.0,,On,0.0,0.0,,47,Wellington City,Traffic Signals,,,,,0.0,0.0,Urban,0.0,,,Fine,Null,0
66518415,,572900,1.0,,0.0,1.0,,Null,2021/2022,MULGRAVE STREET,MULGRAVE STREET,,Non-Injury Crash,No,2022,,South,,0,,Hill Road,,,,,,Bright sun,2121500,0,0.0,0.0,2.0,,,0.0,,,,,,Wellington Region,Nil,2-way,Sealed,,0.0,0,,50.0,,Off,0.0,0.0,,47,Wellington City,Traffic Signals,,,,,0.0,0.0,Urban,0.0,,,Fine,Null,0
66518451,,576301,0.0,0.0,0.0,2.0,0.0,South,2020/2021,ADELAIDE ROAD,TORQUAY TERRACE,,Non-Injury Crash,No,2021,0.0,South,0.0,0,0.0,Hill Road,0.0,,0.0,,0.0,Dark,2164400,0,0.0,0.0,2.0,0.0,0.0,0.0,0.0,1.0,,0.0,0.0,Wellington Region,Nil,2-way,Sealed,0.0,0.0,0,0.0,50.0,0.0,Null,0.0,0.0,,47,Wellington City,Nil,0.0,0.0,0.0,0.0,0.0,0.0,Urban,0.0,0.0,0.0,Fine,Null,1
66518498,,573000,0.0,0.0,0.0,3.0,0.0,South,2021/2022,AURORA TERRACE,CLIFTON TERRACE,,Non-Injury Crash,No,2021,0.0,West,0.0,0,0.0,Hill Road,0.0,,0.0,,0.0,Overcast,2124500,0,0.0,0.0,2.0,0.0,0.0,0.0,0.0,2.0,,0.0,0.0,Wellington Region,Nil,2-way,Sealed,0.0,0.0,0,0.0,50.0,0.0,Off,0.0,0.0,,47,Wellington City,Nil,0.0,0.0,0.0,0.0,0.0,0.0,Urban,0.0,0.0,0.0,Fine,Null,1
66518501,,577700,0.0,0.0,0.0,1.0,0.0,South,2022/2023,MAKARA ROAD,TAKARAU GORGE ROAD,,Non-Injury Crash,No,2022,0.0,South,0.0,0,0.0,Flat,1.0,,0.0,,0.0,Bright sun,2116500,0,0.0,0.0,2.0,0.0,0.0,0.0,0.0,0.0,,0.0,0.0,Wellington Region,Nil,2-way,Sealed,0.0,0.0,0,0.0,50.0,0.0,Off,0.0,0.0,,47,Wellington City,Nil,0.0,0.0,0.0,0.0,0.0,0.0,Urban,0.0,0.0,0.0,Fine,Null,0
66518541,,573700,0.0,0.0,0.0,1.0,0.0,North,2021/2022,JOHNSONVILLE PORIRUA MOTORWAY,JOHNSONVILLE OFF RAMP,,Non-Injury Crash,Yes,2022,0.0,North,0.0,0,0.0,Hill Road,2.0,,0.0,,0.0,Dark,2083100,0,0.0,0.0,2.0,0.0,0.0,0.0,0.0,0.0,,0.0,0.0,Wellington Region,Nil,1-way,Sealed,0.0,0.0,0,0.0,100.0,0.0,On,0.0,0.0,,47,Wellington City,Nil,0.0,0.0,0.0,0.0,0.0,0.0,Open,0.0,0.0,0.0,Fine,Null,0
66518634,,573101,0.0,,0.0,2.0,,Null,2021/2022,KENT TERRACE,VIVIAN STREET,,Non-Injury Crash,No,2022,,South,,0,,Flat,,,,,,Dark,2136500,0,0.0,0.0,3.0,,,0.0,,,,,,Wellington Region,Nil,1-way,Sealed,,0.0,0,,50.0,,On,0.0,1.0,,47,Wellington City,Traffic Signals,,,,,0.0,0.0,Urban,0.0,,,Fine,Null,0
66518640,,574002,0.0,,0.0,1.0,,North,2021/2022,HUTT ROAD,RAILYARD ENTRY,,Non-Injury Crash,Yes,2022,,South,,0,,Flat,,,,,,Overcast,2078302,0,0.0,0.0,2.0,,,0.0,,,,,,Wellington Region,Nil,1-way,Sealed,,0.0,0,,100.0,,Off,0.0,0.0,,47,Wellington City,Unknown,,,,,0.0,0.0,Open,1.0,,,Light rain,Null,0
66518668,,573400,1.0,,0.0,1.0,,Null,2020/2021,ELLICE STREET,BROUGHAM STREET,,Serious Crash,No,2021,,East,,0,,Hill Road,,,,,,Bright sun,2143000,0,0.0,0.0,2.0,,,0.0,,,,,,Wellington Region,Nil,2-way,Sealed,,0.0,1,,50.0,,Off,0.0,0.0,,47,Wellington City,Stop,,,,,0.0,0.0,Urban,0.0,,,Fine,Null,1
66518718,,576600,1.0,,0.0,0.0,,Null,2023/2024,ORIENTAL PARADE,ORIENTAL PARADE,,Minor Crash,No,2023,,East,,0,,Flat,,,,,,Bright sun,2137900,1,0.0,0.0,2.0,,,0.0,,,,,,Wellington Region,Nil,2-way,Sealed,,0.0,0,,40.0,,Off,0.0,0.0,,47,Wellington City,Give way,,,,,0.0,0.0,Urban,1.0,,,Fine,Null,0
66518855,,574100,0.0,0.0,0.0,1.0,0.0,Null,2023/2024,MOOREFIELD ROAD,BURMA ROAD,,Minor Crash,No,2023,0.0,South,0.0,0,0.0,Hill Road,0.0,,0.0,,1.0,Bright sun,2083800,2,0.0,0.0,2.0,0.0,0.0,0.0,0.0,0.0,,0.0,0.0,Wellington Region,Nil,2-way,Sealed,0.0,0.0,0,0.0,50.0,0.0,Off,1.0,0.0,,47,Wellington City,Give way,0.0,0.0,0.0,0.0,0.0,0.0,Urban,0.0,0.0,0.0,Fine,Null,0
66518867,,572600,0.0,,0.0,1.0,,South,2021/2022,MAIN ROAD,ESSEX STREET,,Non-Injury Crash,No,2022,,North,,0,,Flat,,,,,,Twilight,1990600,0,0.0,0.0,2.0,,,0.0,,,,,,Wellington Region,Nil,2-way,Sealed,,0.0,0,,50.0,,On,0.0,0.0,,47,Wellington City,Nil,,,,,0.0,0.0,Urban,0.0,,,Light rain,Null,0