OBJECTID,advisorySpeed,areaUnitID,bicycle,bridge,bus,carStationWagon,cliffBank,crashDirectionDescription,crashFinancialYear,crashLocation1,crashLocation2,crashRoadSideRoad,crashSeverity,crashSHDescription,crashYear,debris,directionRoleDescription,ditch,fatalCount,fence,flatHill,guardRail,holiday,houseOrBuilding,intersection,kerb,light,meshblockId,minorInjuryCount,moped,motorcycle,NumberOfLanes,objectThrownOrDropped,otherObject,otherVehicleType,overBank,parkedVehicle,pedestrian,phoneBoxEtc,postOrPole,region,roadCharacter,roadLane,roadSurface,roadworks,schoolBus,seriousInjuryCount,slipOrFlood,speedLimit,strayAnimal,streetLight,suv,taxi,temporarySpeedLimit,tlaId,tlaName,trafficControl,trafficIsland,trafficSign,train,tree,truck,unknownVehicleType,urban,vanOrUtility,vehicle,waterRiver,weatherA,weatherB,if_pandemic
66518903,,575702,0.0,0.0,0.0,2.0,0.0,Null,2022/2023,DRANSFIELD STREET,LIARDET STREET,,Non-Injury Crash,No,2023,0.0,North,0.0,0,0.0,Hill Road,0.0,,0.0,,0.0,Bright sun,2200500,0,0.0,0.0,2.0,0.0,0.0,0.0,0.0,1.0,,0.0,0.0,Wellington Region,Nil,2-way,Sealed,0.0,0.0,0,0.0,50.0,0.0,Off,0.0,0.0,,47,Wellington City,Nil,0.0,0.0,0.0,0.0,0.0,0.0,Urban,0.0,0.0,0.0,Fine,Null,0
66518943,,573000,0.0,,1.0,1.0,,Null,2022/2023,BOLTON STREET,THE TERRACE,,Non-Injury Crash,No,2023,,East,,0,,Hill Road,,,,,,Overcast,2123700,0,0.0,0.0,2.0,,,0.0,,,,,,Wellington Region,Nil,2-way,Sealed,,0.0,0,,30.0,,Off,0.0,1.0,,47,Wellington City,Nil,,,,,0.0,0.0,Urban,0.0,,,Fine,Null,0
66518946,,575800,0.0,0.0,0.0,1.0,0.0,North,2021/2022,HAPPY VALLEY ROAD,LANDFILL ROAD,,Fatal Crash,No,2022,0.0,South,0.0,1,1.0,Hill Road,0.0,,0.0,,0.0,Dark,2197101,3,0.0,0.0,2.0,0.0,0.0,0.0,0.0,0.0,,0.0,0.0,Wellington Region,Nil,2-way,Sealed,0.0,0.0,0,0.0,70.0,0.0,On,0.0,0.0,,47,Wellington City,Nil,0.0,0.0,0.0,0.0,0.0,0.0,Urban,0.0,0.0,0.0,Heavy rain,Null,0
66518955,,576901,0.0,,0.0,1.0,,Null,2022/2023,COUTTS STREET,ONEPU ROAD,,Minor Crash,No,2022,,West,,0,,Flat,,,,,,Bright sun,2178500,1,0.0,0.0,2.0,,,0.0,,,1.0,,,Wellington Region,Nil,2-way,Sealed,,0.0,0,,30.0,,Off,0.0,0.0,,47,Wellington City,Give way,,,,,0.0,0.0,Urban,0.0,,,Fine,Null,0
66518998,,573300,0.0,,0.0,2.0,,Null,2022/2023,WALLACE STREET,BIDWILL STREET,,Non-Injury Crash,No,2022,,North,,0,,Flat,,,,,,Twilight,2145100,0,0.0,0.0,2.0,,,0.0,,,,,,Wellington Region,Nil,2-way,Sealed,,0.0,0,,50.0,,On,0.0,0.0,,47,Wellington City,Traffic Signals,,,,,0.0,0.0,Urban,0.0,,,Light rain,Null,0
66519047,,573700,0.0,,0.0,2.0,,Null,2022/2023,JOHNSONVILLE ROAD,FRASER AVENUE,,Non-Injury Crash,No,2022,,North,,0,,Flat,,,,,,Dark,2083400,0,0.0,0.0,3.0,,,0.0,,,,,,Wellington Region,Motorway ramp,2-way,Sealed,,0.0,0,,50.0,,On,0.0,0.0,,47,Wellington City,Traffic Signals,,,,,0.0,0.0,Urban,0.0,,,Light rain,Null,0
66519108,,574900,0.0,0.0,0.0,2.0,0.0,North,2020/2021,KARORI ROAD,SOUTH KARORI ROAD,,Non-Injury Crash,No,2020,0.0,North,0.0,0,0.0,Flat,0.0,,0.0,,0.0,Unknown,2109202,0,0.0,0.0,2.0,0.0,0.0,0.0,0.0,1.0,,0.0,0.0,Wellington Region,Nil,2-way,Sealed,0.0,0.0,0,0.0,50.0,0.0,Null,0.0,0.0,,47,Wellington City,Nil,0.0,0.0,0.0,0.0,0.0,0.0,Urban,0.0,0.0,0.0,Null,Null,1
66519114,,573101,0.0,,0.0,2.0,,Null,2022/2023,ARTHUR STREET,TARANAKI STREET,,Non-Injury Crash,Yes,2022,,North,,0,,Flat,,,,,,Bright sun,2134700,0,0.0,0.0,3.0,,,0.0,,,,,,Wellington Region,Nil,1-way,Sealed,,0.0,0,,50.0,,Off,0.0,0.0,,47,Wellington City,Traffic Signals,,,,,0.0,0.0,Urban,0.0,,,Fine,Null,0
66519123,,576002,0.0,0.0,0.0,3.0,0.0,South,2022/2023,CLYDE STREET,MERSEY STREET,,Minor Crash,No,2023,0.0,South,0.0,0,0.0,Flat,0.0,,0.0,,0.0,Bright sun,2191000,1,0.0,0.0,2.0,0.0,0.0,0.0,0.0,2.0,,0.0,0.0,Wellington Region,Nil,2-way,Sealed,0.0,0.0,0,0.0,50.0,0.0,Off,0.0,0.0,,47,Wellington City,Nil,0.0,0.0,0.0,0.0,0.0,0.0,Urban,0.0,0.0,0.0,Fine,Null,0
66519124,,573511,0.0,,0.0,2.0,,Null,2021/2022,WESTCHESTER DRIVE EAST,CHURTON PARK-GLENSIDE OFF RAMP,,Non-Injury Crash,No,2021,,West,,0,,Flat,,,,,,Dark,2086203,0,0.0,0.0,2.0,,,0.0,,,,,,Wellington Region,Motorway ramp,2-way,Sealed,,0.0,0,,50.0,,On,0.0,0.0,,47,Wellington City,Stop,,,,,0.0,0.0,Urban,0.0,,,Light rain,Null,1
66519151,,574600,0.0,0.0,0.0,2.0,0.0,Null,2022/2023,MAIRANGI ROAD,LYTTON STREET,,Non-Injury Crash,No,2022,0.0,South,0.0,0,0.0,Flat,0.0,,0.0,,0.0,Dark,2100300,0,0.0,0.0,2.0,0.0,0.0,0.0,0.0,1.0,,0.0,0.0,Wellington Region,Nil,2-way,Sealed,0.0,0.0,0,0.0,50.0,0.0,Off,0.0,0.0,,47,Wellington City,Give way,0.0,0.0,0.0,0.0,0.0,0.0,Urban,0.0,0.0,0.0,Fine,Null,0
66519154,,573101,0.0,,0.0,2.0,,Null,2022/2023,DIXON STREET,VICTORIA STREET,,Non-Injury Crash,No,2022,,West,,0,,Flat,,,,,,Dark,2131500,0,0.0,0.0,2.0,,,0.0,,,,,,Wellington Region,Nil,1-way,Sealed,,0.0,0,,30.0,,On,0.0,1.0,,47,Wellington City,Traffic Signals,,,,,0.0,0.0,Urban,0.0,,,Fine,Null,0
66519202,,577102,0.0,,0.0,2.0,,Null,2021/2022,BEACON HILL ROAD,KINGHORNE STREET,,Non-Injury Crash,No,2021,,Null,,0,,Hill Road,,,,,,Overcast,2213400,0,0.0,0.0,2.0,,,0.0,,,,,,Wellington Region,Nil,2-way,Sealed,,0.0,0,,50.0,,Off,0.0,0.0,,47,Wellington City,Nil,,,,,0.0,0.0,Urban,0.0,,,Fine,Null,1
66519205,,574200,0.0,0.0,0.0,2.0,0.0,Null,2021/2022,KHANDALLAH ROAD,LUCKNOW TERRACE,,Non-Injury Crash,No,2021,0.0,East,0.0,0,0.0,Flat,0.0,,0.0,,0.0,Bright sun,2088300,0,0.0,0.0,2.0,0.0,0.0,0.0,0.0,1.0,,0.0,0.0,Wellington Region,Nil,2-way,Sealed,0.0,0.0,0,0.0,50.0,0.0,Off,0.0,0.0,,47,Wellington City,Give way,0.0,0.0,0.0,0.0,0.0,0.0,Urban,0.0,0.0,0.0,Fine,Null,1
66519208,,573000,0.0,0.0,1.0,0.0,0.0,South,2020/2021,WILLIS STREET,MANNERS STREET,,Non-Injury Crash,No,2020,0.0,North,0.0,0,0.0,Flat,0.0,,0.0,,0.0,Overcast,2128500,0,0.0,0.0,2.0,0.0,0.0,0.0,0.0,0.0,,0.0,0.0,Wellington Region,Nil,2-way,Sealed,0.0,0.0,0,0.0,30.0,0.0,Off,0.0,0.0,,47,Wellington City,Nil,0.0,0.0,0.0,0.0,0.0,0.0,Urban,1.0,1.0,0.0,Fine,Strong wind,1
66519234,,573101,0.0,0.0,0.0,0.0,1.0,North,2021/2022,ALLEN STREET,COURTENAY PLACE,,Non-Injury Crash,No,2021,0.0,West,0.0,0,0.0,Flat,0.0,,0.0,,0.0,Dark,2135700,0,0.0,0.0,2.0,0.0,0.0,0.0,0.0,0.0,,0.0,0.0,Wellington Region,Nil,2-way,Sealed,0.0,0.0,0,0.0,30.0,0.0,On,1.0,0.0,,47,Wellington City,Nil,0.0,0.0,0.0,0.0,0.0,1.0,Urban,0.0,0.0,0.0,Fine,Null,1
66519243,,573525,0.0,,0.0,0.0,,North,2022/2023,JOHNSONVILLE PORIRUA MOTORWAY,TAWA-GRENADA NORTH OFF RAMP,,Minor Crash,Yes,2023,,South,,0,,Flat,,,,,,Overcast,2053827,1,0.0,1.0,2.0,,,0.0,,,,,,Wellington Region,Nil,1-way,Sealed,,0.0,0,,100.0,,Off,0.0,0.0,,47,Wellington City,Nil,,,,,0.0,0.0,Open,1.0,,,Fine,Null,0
66519260,25.0,574002,0.0,0.0,0.0,1.0,1.0,South,2021/2022,HUTT ROAD OFF RAMP,NGAURANGA ON NBD OBR,,Non-Injury Crash,No,2021,0.0,South,0.0,0,0.0,Flat,0.0,,0.0,,0.0,Dark,2078302,0,0.0,0.0,3.0,0.0,0.0,0.0,0.0,0.0,,0.0,0.0,Wellington Region,Motorway ramp,1-way,Sealed,0.0,0.0,0,0.0,80.0,0.0,On,0.0,0.0,,47,Wellington City,Unknown,0.0,0.0,0.0,0.0,0.0,0.0,Open,0.0,0.0,0.0,Fine,Null,1
66519330,,573525,0.0,0.0,0.0,1.0,1.0,North,2021/2022,JOHNSONVILLE PORIRUA MOTORWAY,TAWA-GRENADA NORTH OFF RAMP,,Non-Injury Crash,Yes,2022,0.0,South,0.0,0,0.0,Flat,0.0,,0.0,,0.0,Dark,2053827,0,0.0,0.0,2.0,0.0,0.0,0.0,0.0,0.0,,0.0,0.0,Wellington Region,Nil,1-way,Sealed,0.0,0.0,0,0.0,100.0,0.0,Off,0.0,0.0,,47,Wellington City,Nil,0.0,0.0,0.0,0.0,0.0,0.0,Open,0.0,0.0,0.0,Fine,Null,0
66519463,,576100,0.0,0.0,0.0,2.0,0.0,Null,2022/2023,MELROSE ROAD,SOUTHGATE ROAD,,Minor Crash,No,2023,0.0,South,0.0,0,0.0,Hill Road,0.0,,0.0,,0.0,Dark,2194203,1,0.0,0.0,2.0,0.0,0.0,0.0,0.0,1.0,,0.0,0.0,Wellington Region,Nil,2-way,Sealed,0.0,0.0,0,0.0,50.0,0.0,On,0.0,0.0,,47,Wellington City,Stop,0.0,0.0,0.0,0.0,0.0,0.0,Urban,0.0,0.0,0.0,Fine,Null,0
66519486,,573526,0.0,,0.0,2.0,,East,2021/2022,HUTT ROAD,SERVICE STN NTH,,Non-Injury Crash,Yes,2022,,West,,0,,Flat,,,,,,Overcast,2077503,0,0.0,0.0,2.0,,,0.0,,,,,,Wellington Region,Nil,1-way,Sealed,,0.0,0,,100.0,,On,0.0,0.0,,47,Wellington City,Nil,,,,,0.0,0.0,Open,0.0,,,Light rain,Null,0
66519498,,573511,0.0,0.0,0.0,0.0,1.0,North,2022/2023,MIDDLETON ROAD,ROWELLS ROAD,,Non-Injury Crash,No,2022,0.0,South,0.0,0,0.0,Flat,0.0,,0.0,,0.0,Twilight,2086203,0,0.0,0.0,2.0,0.0,0.0,0.0,0.0,0.0,,0.0,0.0,Wellington Region,Nil,2-way,Sealed,0.0,0.0,0,0.0,50.0,0.0,None,0.0,0.0,,47,Wellington City,Nil,0.0,1.0,0.0,0.0,0.0,0.0,Urban,1.0,0.0,0.0,Fine,Null,0
66519544,,576901,0.0,,0.0,0.0,,Null,2020/2021,COUTTS STREET,SALEK STREET,,Minor Crash,No,2021,,East,,0,,Flat,,,,,,Bright sun,2177500,1,0.0,0.0,2.0,,,0.0,,,,,,Wellington Region,Nil,2-way,Sealed,,0.0,0,,50.0,,Off,1.0,0.0,,47,Wellington City,Stop,,,,,1.0,0.0,Urban,0.0,,,Fine,Null,1
66519550,,573000,1.0,,0.0,0.0,,South,2023/2024,THE TERRACE,DALMUIR LANE,,Serious Crash,No,2024,,South,,0,,Hill Road,,,,,,Bright sun,2124400,0,0.0,0.0,2.0,,,0.0,,,1.0,,,Wellington Region,Nil,2-way,Sealed,,0.0,1,,30.0,,Off,0.0,0.0,,47,Wellington City,Nil,,,,,0.0,0.0,Urban,0.0,,,Fine,Null,0
66519567,,576500,0.0,,1.0,0.0,,Null,2022/2023,ADELAIDE ROAD,ALFRED STREET,,Non-Injury Crash,No,2023,,South,,0,,Flat,,,,,,Bright sun,2147900,0,0.0,0.0,3.0,,,0.0,,,,,,Wellington Region,Nil,2-way,Sealed,,0.0,0,,50.0,,Off,0.0,0.0,,47,Wellington City,Give way,,,,,0.0,0.0,Urban,1.0,,,Fine,Null,0
66519577,,574002,0.0,0.0,0.0,2.0,0.0,South,2021/2022,CENTENNIAL HIGHWAY,NIMT OBR,,Minor Crash,Yes,2022,0.0,North,0.0,0,0.0,Flat,0.0,,0.0,,0.0,Dark,2078302,1,0.0,0.0,2.0,0.0,0.0,0.0,0.0,0.0,,0.0,0.0,Wellington Region,Nil,1-way,Sealed,0.0,0.0,0,0.0,100.0,0.0,On,0.0,0.0,,47,Wellington City,Nil,0.0,0.0,0.0,0.0,0.0,0.0,Open,0.0,1.0,0.0,Fine,Null,0
66519594,,573526,0.0,,0.0,1.0,,South,2022/2023,HUTT ROAD,WEIGH PIT,,Serious Crash,Yes,2023,,North,,0,,Flat,,,,,,Bright sun,2077503,0,0.0,1.0,2.0,,,0.0,,,,,,Wellington Region,Nil,1-way,Sealed,,0.0,1,,100.0,,Off,0.0,0.0,,47,Wellington City,Nil,,,,,0.0,0.0,Open,0.0,,,Fine,Null,0
66519604,,573101,0.0,,1.0,1.0,,South,2020/2021,TARANAKI STREET,DIXON STREET,,Non-Injury Crash,No,2020,,North,,0,,Flat,,,,,,Dark,2133408,0,0.0,0.0,4.0,,,0.0,,,,,,Wellington Region,Nil,2-way,Sealed,,0.0,0,,30.0,,On,0.0,0.0,,47,Wellington City,Nil,,,,,0.0,0.0,Urban,0.0,,,Fine,Null,1
66519607,,576903,0.0,0.0,0.0,3.0,0.0,East,2022/2023,CRAWFORD ROAD,ALEXANDRA ROAD,,Minor Crash,No,2023,0.0,East,0.0,0,0.0,Hill Road,0.0,,0.0,,0.0,Dark,2181600,2,0.0,0.0,2.0,0.0,0.0,0.0,0.0,1.0,,0.0,0.0,Wellington Region,Nil,2-way,Sealed,0.0,0.0,0,0.0,50.0,0.0,On,0.0,0.0,,47,Wellington City,Nil,0.0,0.0,0.0,0.0,0.0,0.0,Urban,0.0,0.0,0.0,Fine,Null,0
66519652,,573513,0.0,0.0,0.0,1.0,0.0,North,2020/2021,MARFORD GROVE,DERRY HILL,,Non-Injury Crash,No,2020,0.0,North,0.0,0,0.0,Flat,0.0,Christmas New Year,0.0,,0.0,Dark,2086714,0,0.0,0.0,2.0,0.0,0.0,0.0,0.0,1.0,,0.0,0.0,Wellington Region,Nil,2-way,Sealed,0.0,0.0,0,0.0,50.0,0.0,On,0.0,0.0,,47,Wellington City,Nil,0.0,0.0,0.0,0.0,0.0,0.0,Urban,0.0,0.0,0.0,Null,Null,1
66519666,,576903,0.0,0.0,0.0,3.0,0.0,East,2021/2022,RAUPO STREET,MOXHAM AVENUE,,Non-Injury Crash,No,2022,0.0,West,0.0,0,0.0,Flat,0.0,,0.0,,0.0,Dark,2180800,0,0.0,0.0,2.0,0.0,0.0,0.0,0.0,1.0,,0.0,0.0,Wellington Region,Nil,2-way,Sealed,0.0,0.0,0,0.0,50.0,0.0,On,0.0,0.0,,47,Wellington City,Nil,0.0,0.0,0.0,0.0,0.0,0.0,Urban,1.0,0.0,0.0,Fine,Null,0
66519675,,573000,0.0,0.0,0.0,2.0,0.0,South,2021/2022,WATERLOO QUAY,BUNNY STREET,,Non-Injury Crash,No,2022,0.0,North,0.0,0,0.0,Flat,0.0,,0.0,,0.0,Bright sun,2124300,0,0.0,0.0,4.0,0.0,0.0,0.0,0.0,1.0,,0.0,0.0,Wellington Region,Nil,2-way,Sealed,0.0,0.0,0,0.0,50.0,0.0,Off,0.0,0.0,,47,Wellington City,Nil,0.0,0.0,0.0,0.0,0.0,0.0,Urban,0.0,0.0,0.0,Fine,Null,0
66519716,,573101,0.0,,0.0,2.0,,South,2021/2022,JERVOIS QUAY,HARRIS STREET,,Non-Injury Crash,No,2021,,South,,0,,Flat,,,,,,Bright sun,2133000,0,0.0,0.0,6.0,,,0.0,,,,,,Wellington Region,Nil,2-way,Sealed,,0.0,0,,50.0,,Off,0.0,0.0,,47,Wellington City,Nil,,,,,0.0,0.0,Urban,0.0,,,Fine,Null,1
66519717,,573000,0.0,,0.0,2.0,,Null,2021/2022,FEATHERSTON STREET,WHITMORE STREET,,Non-Injury Crash,No,2022,,South,,0,,Flat,,,,,,Bright sun,2124300,0,0.0,0.0,3.0,,,0.0,,,,,,Wellington Region,Nil,1-way,Sealed,,0.0,0,,50.0,,Off,0.0,0.0,,47,Wellington City,Traffic Signals,,,,,0.0,0.0,Urban,0.0,,,Fine,Null,0
66519728,,574302,0.0,,0.0,1.0,,South,2020/2021,WELLINGTON URBAN MOTORWAY,ONSLOW RAIL OBR,,Non-Injury Crash,Yes,2020,,East,,0,,Flat,,,,,,Bright sun,2090604,0,0.0,0.0,4.0,,,0.0,,,,,,Wellington Region,Nil,1-way,Sealed,,0.0,0,,100.0,,Off,0.0,0.0,,47,Wellington City,Nil,,,,,1.0,0.0,Open,0.0,,,Fine,Null,1
66519765,,573000,0.0,0.0,0.0,1.0,1.0,North,2021/2022,WELLINGTON URBAN MOTORWAY,SOUTH PORTAL,,Non-Injury Crash,Yes,2021,0.0,South,0.0,0,0.0,Hill Road,1.0,,0.0,,0.0,Bright sun,2130600,0,0.0,0.0,3.0,0.0,0.0,0.0,0.0,0.0,,0.0,0.0,Wellington Region,Tunnel,2-way,Sealed,0.0,0.0,0,0.0,70.0,0.0,On,0.0,0.0,,47,Wellington City,Nil,0.0,0.0,0.0,0.0,0.0,0.0,Urban,1.0,0.0,0.0,Fine,Null,1
66519788,,573101,0.0,,0.0,1.0,,West,2020/2021,VIVIAN STREET,VICTORIA STREET,,Non-Injury Crash,Yes,2021,,Null,,0,,Flat,,,,,,Unknown,2131600,0,0.0,0.0,3.0,,,0.0,,,,,,Wellington Region,Nil,1-way,Sealed,,0.0,0,,50.0,,Null,0.0,0.0,,47,Wellington City,Nil,,,,,1.0,0.0,Urban,0.0,,,Null,Null,1
66519831,,575000,0.0,0.0,0.0,2.0,0.0,South,2023/2024,CAMPBELL STREET,WRIGHTS HILL ROAD,,Serious Crash,No,2023,0.0,South,0.0,0,0.0,Flat,0.0,,0.0,,1.0,Dark,2113400,0,0.0,0.0,2.0,0.0,0.0,0.0,0.0,1.0,,0.0,0.0,Wellington Region,Nil,2-way,Sealed,0.0,0.0,1,0.0,50.0,0.0,On,0.0,0.0,,47,Wellington City,Nil,0.0,0.0,0.0,1.0,0.0,0.0,Urban,0.0,0.0,0.0,Fine,Strong wind,0
66519844,,573101,0.0,,0.0,1.0,,West,2020/2021,COURTENAY PLACE,TORY STREET,,Non-Injury Crash,No,2021,,West,,0,,Flat,,,,,,Dark,2135900,0,0.0,0.0,2.0,,,0.0,,,,,,Wellington Region,Nil,2-way,Sealed,,0.0,0,,50.0,,On,0.0,0.0,,47,Wellington City,Isolated Pedestrian signal (non-intersection),,,,,0.0,0.0,Urban,1.0,,,Fine,Null,1
66519848,,574402,0.0,0.0,0.0,1.0,0.0,East,2020/2021,NGAIO GORGE ROAD,PERTH STREET,,Minor Crash,No,2020,0.0,South,0.0,0,1.0,Hill Road,0.0,,0.0,,0.0,Dark,2097601,1,0.0,0.0,2.0,0.0,0.0,0.0,0.0,0.0,,0.0,1.0,Wellington Region,Nil,2-way,Sealed,0.0,0.0,0,0.0,50.0,0.0,On,0.0,0.0,,47,Wellington City,Nil,0.0,0.0,0.0,0.0,0.0,0.0,Urban,0.0,0.0,0.0,Fine,Null,1
66519873,,573511,0.0,0.0,0.0,1.0,1.0,North,2021/2022,JOHNSONVILLE PORIRUA MOTORWAY,CHURTON PARK-GLENSIDE ON RAMP,,Non-Injury Crash,Yes,2021,0.0,North,0.0,0,0.0,Flat,0.0,Christmas New Year,0.0,,0.0,Overcast,2086203,0,0.0,0.0,2.0,0.0,0.0,0.0,0.0,0.0,,0.0,0.0,Wellington Region,Nil,2-way,Sealed,0.0,0.0,0,0.0,100.0,0.0,Off,0.0,0.0,,47,Wellington City,Nil,0.0,0.0,0.0,0.0,0.0,0.0,Open,0.0,0.0,0.0,Fine,Null,1
66519889,,572900,0.0,,0.0,2.0,,Null,2021/2022,MOLESWORTH STREET,MAY STREET ON RAMP,,Non-Injury Crash,No,2021,,North,,0,,Null,,,,,,Unknown,2119600,0,0.0,0.0,2.0,,,0.0,,,,,,Wellington Region,Nil,1-way,Sealed,,0.0,0,,50.0,,Null,0.0,0.0,,47,Wellington City,Nil,,,,,0.0,0.0,Urban,0.0,,,Null,Null,1
66519926,,576600,0.0,0.0,0.0,2.0,0.0,West,2022/2023,ORIENTAL PARADE,HAY STREET,,Non-Injury Crash,No,2022,0.0,East,0.0,0,0.0,Flat,0.0,,0.0,,0.0,Overcast,2137900,0,0.0,0.0,2.0,0.0,0.0,0.0,0.0,1.0,,0.0,0.0,Wellington Region,Nil,2-way,Sealed,0.0,0.0,0,0.0,40.0,0.0,None,1.0,1.0,,47,Wellington City,Nil,0.0,0.0,0.0,0.0,0.0,0.0,Urban,0.0,0.0,0.0,Fine,Null,0
66519929,,573000,0.0,0.0,0.0,1.0,0.0,Null,2021/2022,THE TERRACE,ALLENBY TERRACE,,Non-Injury Crash,No,2021,0.0,North,0.0,0,0.0,Null,0.0,,0.0,,0.0,Unknown,2126900,0,0.0,0.0,2.0,0.0,0.0,0.0,0.0,1.0,,0.0,0.0,Wellington Region,Nil,2-way,Sealed,0.0,0.0,0,0.0,50.0,0.0,Null,0.0,0.0,,47,Wellington City,Nil,0.0,0.0,0.0,0.0,0.0,0.0,Urban,0.0,0.0,0.0,Null,Null,1
66519937,,572900,0.0,,0.0,2.0,,North,2021/2022,WELLINGTON URBAN MOTORWAY,AOTEA OBR,,Non-Injury Crash,Yes,2022,,Null,,0,,Flat,,,,,,Dark,2118400,0,0.0,0.0,3.0,,,0.0,,,,,,Wellington Region,Nil,1-way,Sealed,,0.0,0,,100.0,,On,0.0,0.0,,47,Wellington City,Unknown,,,,,0.0,0.0,Open,0.0,,,Fine,Null,0
66519966,,572900,0.0,,0.0,1.0,,North,2022/2023,TINAKORI ROAD,ASCOT STREET,,Minor Crash,No,2023,,South,,0,,Hill Road,,,,,,Bright sun,2121700,1,0.0,1.0,2.0,,,0.0,,,,,,Wellington Region,Nil,2-way,Sealed,,0.0,0,,30.0,,Off,0.0,0.0,,47,Wellington City,Nil,,,,,0.0,0.0,Urban,0.0,,,Fine,Null,0
66520012,,573101,0.0,0.0,0.0,2.0,0.0,West,2020/2021,COURTENAY PLACE,ALLEN STREET,,Non-Injury Crash,No,2021,0.0,West,0.0,0,0.0,Flat,0.0,,0.0,,0.0,Dark,2136000,0,0.0,0.0,1.0,0.0,0.0,0.0,0.0,1.0,,0.0,0.0,Wellington Region,Nil,1-way,Sealed,0.0,0.0,0,0.0,30.0,0.0,On,0.0,0.0,,47,Wellington City,Isolated Pedestrian signal (non-intersection),0.0,0.0,0.0,0.0,0.0,0.0,Urban,0.0,0.0,0.0,Fine,Null,1
66520050,,574500,0.0,,0.0,2.0,,Null,2022/2023,HUTT ROAD,RANGIORA AVENUE,,Minor Crash,No,2023,,East,,0,,Flat,,,,,,Twilight,2093400,1,0.0,0.0,4.0,,,0.0,,,1.0,,,Wellington Region,Nil,2-way,Sealed,,0.0,0,,60.0,,On,0.0,0.0,,47,Wellington City,Nil,,,,,0.0,0.0,Urban,0.0,,,Fine,Null,0
66520057,,575300,0.0,0.0,0.0,1.0,0.0,North,2021/2022,PLUNKET STREET,RAROA ROAD,,Non-Injury Crash,No,2021,0.0,South,0.0,0,0.0,Flat,0.0,,0.0,,0.0,Dark,2152700,0,0.0,0.0,2.0,0.0,0.0,0.0,0.0,1.0,,0.0,0.0,Wellington Region,Nil,2-way,Sealed,0.0,0.0,0,0.0,50.0,0.0,On,0.0,0.0,,47,Wellington City,Nil,0.0,0.0,0.0,0.0,1.0,0.0,Urban,0.0,0.0,0.0,Light rain,Null,1
66520101,,573802,0.0,,0.0,2.0,,Null,2022/2023,STEWART DRIVE,HELSTON ROAD,,Non-Injury Crash,No,2022,,West,,0,,Flat,,,,,,Bright sun,2079200,0,0.0,0.0,1.0,,,0.0,,,,,,Wellington Region,Nil,1-way,Sealed,,0.0,0,,50.0,,Off,0.0,0.0,,47,Wellington City,Give way,,,,,0.0,0.0,Urban,0.0,,,Null,Null,0
66520119,,574401,0.0,0.0,0.0,2.0,0.0,West,2022/2023,SATARA CRESCENT,ANDAMAN GROVE,,Non-Injury Crash,No,2023,0.0,South,0.0,0,0.0,Hill Road,0.0,,0.0,,0.0,Bright sun,2094400,0,0.0,0.0,2.0,0.0,0.0,1.0,0.0,2.0,,0.0,0.0,Wellington Region,Nil,2-way,Sealed,0.0,0.0,0,0.0,50.0,0.0,Off,0.0,0.0,,47,Wellington City,Nil,0.0,0.0,0.0,0.0,0.0,0.0,Urban,0.0,0.0,0.0,Fine,Null,0
66520123,,574500,0.0,,0.0,1.0,,North,2022/2023,WELLINGTON URBAN MOTORWAY,AOTEA QUAY ON RAMP,,Non-Injury Crash,Yes,2022,,North,,0,,Flat,,,,,,Dark,2093500,0,0.0,0.0,3.0,,,0.0,,,,,,Wellington Region,Nil,1-way,Sealed,,0.0,0,,100.0,,On,0.0,0.0,,47,Wellington City,Nil,,,,,0.0,0.0,Open,2.0,,,Fine,Null,0
66520124,,574702,0.0,,0.0,1.0,,Null,2021/2022,WILTON BUSH ROAD,CHURCHILL DRIVE,,Minor Crash,No,2022,,North,,0,,Hill Road,,,,,,Bright sun,2103800,1,1.0,0.0,2.0,,,0.0,,,,,,Wellington Region,Nil,2-way,Sealed,,0.0,0,,50.0,,Off,0.0,0.0,,47,Wellington City,Nil,,,,,0.0,0.0,Urban,0.0,,,Fine,Null,0
66520150,,574002,0.0,,0.0,2.0,,North,2021/2022,HUTT ROAD,HUTT ROAD ON RAMP,,Non-Injury Crash,Yes,2022,,North,,0,,Flat,,,,,,Bright sun,2078302,0,0.0,0.0,2.0,,,0.0,,,,,,Wellington Region,Nil,1-way,Sealed,,0.0,0,,100.0,,Off,0.0,0.0,,47,Wellington City,Nil,,,,,0.0,0.0,Open,0.0,,,Fine,Null,0
66520214,,572701,0.0,0.0,0.0,2.0,0.0,South,2022/2023,TREMEWAN STREET,NORTH STREET,,Minor Crash,No,2023,0.0,North,0.0,0,0.0,Hill Road,0.0,,0.0,,0.0,Overcast,1995800,2,0.0,0.0,2.0,0.0,0.0,0.0,0.0,1.0,,0.0,0.0,Wellington Region,Nil,2-way,Unsealed,0.0,0.0,0,0.0,50.0,0.0,Off,0.0,0.0,,47,Wellington City,Nil,0.0,0.0,0.0,0.0,0.0,0.0,Urban,0.0,0.0,0.0,Light rain,Null,0
66520248,,573101,0.0,,0.0,1.0,,West,2020/2021,BUCKLE STREET,TORY STREET,,Non-Injury Crash,Yes,2020,,West,,0,,Null,,,,,,Unknown,2135000,0,0.0,0.0,3.0,,,0.0,,,,,,Wellington Region,Nil,1-way,Null,,0.0,0,,50.0,,Null,1.0,0.0,,47,Wellington City,Nil,,,,,0.0,0.0,Urban,0.0,,,Null,Null,1
66520273,,572900,0.0,0.0,0.0,1.0,0.0,South,2021/2022,BUNNY STREET,WATERLOO QUAY,,Non-Injury Crash,No,2021,0.0,South,0.0,0,0.0,Flat,0.0,,0.0,,0.0,Dark,2122700,0,0.0,0.0,1.0,0.0,0.0,0.0,0.0,0.0,,0.0,1.0,Wellington Region,Nil,1-way,Sealed,0.0,0.0,0,0.0,30.0,0.0,On,0.0,0.0,,47,Wellington City,Nil,1.0,0.0,0.0,0.0,0.0,0.0,Urban,0.0,0.0,0.0,Light rain,Null,1