OBJECTID,advisorySpeed,areaUnitID,bicycle,bridge,bus,carStationWagon,cliffBank,crashDirectionDescription,crashFinancialYear,crashLocation1,crashLocation2,crashRoadSideRoad,crashSeverity,crashSHDescription,crashYear,debris,directionRoleDescription,ditch,fatalCount,fence,flatHill,guardRail,holiday,houseOrBuilding,intersection,kerb,light,meshblockId,minorInjuryCount,moped,motorcycle,NumberOfLanes,objectThrownOrDropped,otherObject,otherVehicleType,overBank,parkedVehicle,pedestrian,phoneBoxEtc,postOrPole,region,roadCharacter,roadLane,roadSurface,roadworks,schoolBus,seriousInjuryCount,slipOrFlood,speedLimit,strayAnimal,streetLight,suv,taxi,temporarySpeedLimit,tlaId,tlaName,trafficControl,trafficIsland,trafficSign,train,tree,truck,unknownVehicleType,urban,vanOrUtility,vehicle,waterRiver,weatherA,weatherB,if_pandemic
66520294,,576800,0.0,0.0,0.0,1.0,1.0,South,2022/2023,ALEXANDRA ROAD,LOOKOUT ROAD,,Non-Injury Crash,No,2022,0.0,North,0.0,0,0.0,Flat,0.0,,0.0,,0.0,Twilight,2184800,0,0.0,0.0,2.0,0.0,0.0,0.0,0.0,0.0,,0.0,0.0,Wellington Region,Nil,2-way,Sealed,0.0,0.0,0,0.0,50.0,0.0,None,0.0,0.0,,47,Wellington City,Nil,0.0,0.0,0.0,1.0,0.0,0.0,Urban,0.0,0.0,0.0,Fine,Null,0
66520297,,575400,0.0,0.0,0.0,2.0,0.0,East,2022/2023,RAROA ROAD,MERTOUN TERRACE,,Non-Injury Crash,No,2022,0.0,East,0.0,0,0.0,Hill Road,0.0,,0.0,,0.0,Dark,2155600,0,0.0,0.0,2.0,0.0,0.0,0.0,0.0,1.0,,0.0,0.0,Wellington Region,Nil,2-way,Sealed,0.0,0.0,0,0.0,50.0,0.0,On,0.0,0.0,,47,Wellington City,Nil,0.0,0.0,0.0,0.0,0.0,0.0,Urban,0.0,0.0,0.0,Fine,Null,0
66520353,,573700,0.0,0.0,0.0,1.0,0.0,Null,2022/2023,JOHNSONVILLE ROAD,MOOREFIELD ROAD,,Non-Injury Crash,No,2022,0.0,North,0.0,0,0.0,Flat,0.0,,0.0,,0.0,Dark,2082800,0,0.0,0.0,2.0,0.0,0.0,0.0,0.0,0.0,,0.0,0.0,Wellington Region,Nil,1-way,Sealed,0.0,0.0,0,0.0,50.0,0.0,On,0.0,0.0,,47,Wellington City,Give way,0.0,1.0,0.0,0.0,0.0,0.0,Urban,1.0,0.0,0.0,Fine,Null,0
66520364,,573400,0.0,,0.0,1.0,,East,2021/2022,ORIENTAL PARADE,PRINCE STREET,,Minor Crash,No,2022,,East,,0,,Flat,,,,,,Bright sun,2138400,1,0.0,1.0,2.0,,,0.0,,,,,,Wellington Region,Nil,2-way,Sealed,,0.0,0,,40.0,,None,0.0,0.0,,47,Wellington City,Nil,,,,,0.0,0.0,Urban,0.0,,,Fine,Null,0
66520368,,573101,0.0,,0.0,0.0,,East,2020/2021,WAKEFIELD STREET,ALLEN STREET,,Non-Injury Crash,No,2020,,West,,0,,Flat,,,,,,Overcast,2135700,0,0.0,0.0,3.0,,,0.0,,,,,,Wellington Region,Nil,1-way,Sealed,,0.0,0,,50.0,,Off,0.0,0.0,,47,Wellington City,Nil,,,,,0.0,0.0,Urban,1.0,,,Fine,Null,1
66520369,,573101,0.0,0.0,0.0,3.0,0.0,South,2021/2022,MARION STREET,GHUZNEE STREET,,Non-Injury Crash,No,2022,0.0,North,0.0,0,0.0,Hill Road,0.0,,0.0,,0.0,Dark,2133600,0,0.0,0.0,2.0,0.0,0.0,0.0,0.0,2.0,,0.0,0.0,Wellington Region,Nil,2-way,Sealed,0.0,0.0,0,0.0,30.0,0.0,On,0.0,0.0,,47,Wellington City,Nil,0.0,0.0,0.0,0.0,0.0,0.0,Urban,0.0,0.0,0.0,Light rain,Null,0
66520443,,573000,0.0,0.0,0.0,1.0,1.0,East,2022/2023,BOLTON STREET,WESLEY ROAD,,Non-Injury Crash,No,2022,0.0,East,0.0,0,0.0,Hill Road,0.0,,0.0,,1.0,Bright sun,2124500,0,0.0,0.0,2.0,0.0,0.0,0.0,0.0,1.0,,0.0,0.0,Wellington Region,Nil,2-way,Sealed,0.0,0.0,0,0.0,50.0,0.0,Off,1.0,0.0,,47,Wellington City,Nil,0.0,0.0,0.0,0.0,0.0,0.0,Urban,0.0,0.0,0.0,Fine,Null,0
66520463,,577000,0.0,0.0,0.0,1.0,1.0,South,2022/2023,MOA POINT ROAD,DOG POUND,,Minor Crash,No,2023,0.0,North,0.0,0,0.0,Flat,0.0,,0.0,,0.0,Bright sun,2175700,1,0.0,0.0,2.0,0.0,0.0,0.0,0.0,0.0,,0.0,0.0,Wellington Region,Nil,2-way,Sealed,0.0,0.0,0,0.0,50.0,0.0,Off,0.0,0.0,,47,Wellington City,Nil,0.0,0.0,0.0,0.0,0.0,0.0,Urban,0.0,0.0,0.0,Fine,Null,0
66520466,,573101,0.0,,0.0,0.0,,Null,2021/2022,TARANAKI STREET,VIVIAN STREET,,Non-Injury Crash,No,2022,,North,,0,,Flat,,,,,,Bright sun,2133800,0,0.0,0.0,5.0,,,0.0,,,,,,Wellington Region,Nil,2-way,Sealed,,0.0,0,,50.0,,Off,1.0,0.0,,47,Wellington City,Traffic Signals,,,,,0.0,0.0,Urban,1.0,,,Null,Null,0
66520485,,576901,0.0,0.0,0.0,1.0,0.0,West,2021/2022,RONGOTAI ROAD,BAY ROAD,,Non-Injury Crash,No,2021,0.0,East,0.0,0,0.0,Flat,0.0,,0.0,,0.0,Unknown,2178000,0,0.0,0.0,2.0,0.0,0.0,0.0,0.0,1.0,,0.0,0.0,Wellington Region,Nil,2-way,Sealed,0.0,0.0,0,0.0,30.0,0.0,Null,1.0,0.0,,47,Wellington City,Nil,0.0,0.0,0.0,0.0,0.0,0.0,Urban,0.0,0.0,0.0,Null,Null,1
66520545,,573000,0.0,,0.0,2.0,,South,2021/2022,WELLINGTON URBAN MOTORWAY,BOULCOTT OBR,,Non-Injury Crash,Yes,2022,,North,,0,,Flat,,,,,,Bright sun,2126700,0,0.0,0.0,2.0,,,0.0,,,,,,Wellington Region,Nil,1-way,Sealed,,0.0,0,,100.0,,Off,0.0,0.0,,47,Wellington City,Nil,,,,,0.0,0.0,Open,0.0,,,Fine,Null,0
66520581,,573000,0.0,,0.0,1.0,,Null,2022/2023,JERVOIS QUAY,HUNTER STREET,,Minor Crash,No,2022,,North,,0,,Flat,,,,,,Bright sun,2125900,1,0.0,1.0,6.0,,,0.0,,,,,,Wellington Region,Nil,2-way,Sealed,,0.0,0,,50.0,,Off,0.0,0.0,,47,Wellington City,Traffic Signals,,,,,0.0,0.0,Urban,0.0,,,Fine,Null,0
66520602,,573300,0.0,0.0,0.0,1.0,1.0,Null,2022/2023,WALLACE STREET,HANKEY STREET,,Serious Crash,No,2022,0.0,South,0.0,0,0.0,Hill Road,0.0,,0.0,,0.0,Dark,2146800,0,0.0,0.0,2.0,0.0,0.0,0.0,0.0,0.0,,0.0,0.0,Wellington Region,Nil,2-way,Sealed,0.0,0.0,1,0.0,50.0,0.0,On,0.0,0.0,,47,Wellington City,Traffic Signals,1.0,1.0,0.0,0.0,0.0,0.0,Urban,0.0,0.0,0.0,Fine,Null,0
66520627,,573526,0.0,,0.0,2.0,,South,2021/2022,HUTT ROAD,HOROKIWI ROAD,,Non-Injury Crash,Yes,2022,,West,,0,,Flat,,,,,,Bright sun,2086403,0,0.0,0.0,2.0,,,0.0,,,,,,Wellington Region,Nil,1-way,Sealed,,0.0,0,,100.0,,Off,0.0,0.0,,47,Wellington City,Nil,,,,,0.0,0.0,Open,1.0,,,Fine,Null,0
66520635,,574401,0.0,0.0,0.0,2.0,0.0,Null,2021/2022,AMAPUR DRIVE,NADIA GROVE,,Minor Crash,No,2022,0.0,North,0.0,0,0.0,Hill Road,0.0,,0.0,,0.0,Overcast,2094500,1,0.0,0.0,2.0,0.0,0.0,0.0,0.0,1.0,,0.0,0.0,Wellington Region,Nil,2-way,Sealed,0.0,0.0,0,0.0,50.0,0.0,None,0.0,0.0,,47,Wellington City,Nil,0.0,0.0,0.0,0.0,0.0,0.0,Urban,0.0,0.0,0.0,Fine,Null,0
66520685,,573101,0.0,,0.0,1.0,,Null,2022/2023,TORY STREET,COLLEGE STREET,,Serious Crash,No,2022,,North,,0,,Flat,,,,,,Bright sun,2136500,0,0.0,0.0,2.0,,,0.0,,,1.0,,,Wellington Region,Nil,2-way,Sealed,,0.0,1,,30.0,,Off,0.0,0.0,,47,Wellington City,Nil,,,,,0.0,0.0,Urban,0.0,,,Fine,Null,0
66520713,,573400,0.0,,0.0,3.0,,East,2021/2022,ORIENTAL PARADE,HERD STREET,,Non-Injury Crash,No,2021,,East,,0,,Flat,,,,,,Overcast,2138800,0,0.0,0.0,2.0,,,0.0,,,,,,Wellington Region,Nil,2-way,Sealed,,0.0,0,,40.0,,Off,0.0,0.0,,47,Wellington City,Nil,,,,,0.0,0.0,Urban,0.0,,,Fine,Null,1
66520760,,573101,0.0,0.0,0.0,2.0,0.0,Null,2020/2021,WAKEFIELD STREET,BLAIR STREET,,Non-Injury Crash,No,2021,0.0,North,0.0,0,0.0,Flat,0.0,,0.0,,0.0,Bright sun,2135700,0,0.0,0.0,4.0,0.0,1.0,0.0,0.0,0.0,,0.0,0.0,Wellington Region,Nil,1-way,Sealed,0.0,0.0,0,0.0,50.0,0.0,Off,0.0,0.0,,47,Wellington City,Nil,0.0,0.0,0.0,0.0,0.0,0.0,Urban,0.0,0.0,0.0,Fine,Null,1
66520790,,573101,0.0,,0.0,1.0,,South,2022/2023,KENT TERRACE,EDGE HILL,,Non-Injury Crash,No,2023,,South,,0,,Flat,,,,,,Bright sun,2136100,0,0.0,0.0,3.0,,,0.0,,,,,,Wellington Region,Nil,1-way,Sealed,,0.0,0,,50.0,,Off,1.0,1.0,,47,Wellington City,Nil,,,,,0.0,0.0,Urban,0.0,,,Fine,Null,0
66520795,,575702,0.0,0.0,0.0,1.0,0.0,Null,2021/2022,SHORT STREET,MOFFITT STREET,,Non-Injury Crash,No,2022,0.0,South,0.0,0,1.0,Hill Road,0.0,,0.0,,0.0,Dark,2199300,0,0.0,0.0,2.0,0.0,0.0,0.0,0.0,0.0,,0.0,0.0,Wellington Region,Nil,2-way,Sealed,0.0,0.0,0,0.0,50.0,0.0,On,0.0,0.0,,47,Wellington City,Nil,0.0,0.0,0.0,0.0,0.0,0.0,Urban,0.0,0.0,0.0,Fine,Null,0
66520813,,577400,1.0,,1.0,0.0,,North,2022/2023,NEVAY ROAD,GLENVILLE ROAD,,Minor Crash,No,2023,,South,,0,,Hill Road,,,,,,Bright sun,2209300,1,0.0,0.0,1.0,,,0.0,,,,,,Wellington Region,Nil,2-way,Sealed,,0.0,0,,50.0,,Off,0.0,0.0,,47,Wellington City,Nil,,,,,0.0,0.0,Urban,0.0,,,Fine,Null,0
66520838,,573101,0.0,,0.0,2.0,,Null,2022/2023,TORY STREET,CABLE STREET,,Non-Injury Crash,No,2023,,North,,0,,Flat,,,,,,Bright sun,2135200,0,0.0,0.0,2.0,,,0.0,,,,,,Wellington Region,Nil,2-way,Sealed,,0.0,0,,30.0,,Off,0.0,0.0,,47,Wellington City,Nil,,,,,0.0,0.0,Urban,0.0,,,Fine,Null,0
66520879,,573526,0.0,,0.0,4.0,,West,2022/2023,HUTT ROAD,HOROKIWI ROAD,,Minor Crash,Yes,2023,,South,,0,,Flat,,,,,,Bright sun,2077503,1,0.0,0.0,2.0,,,0.0,,,,,,Wellington Region,Nil,2-way,Sealed,,0.0,0,,100.0,,Off,0.0,0.0,,47,Wellington City,Nil,,,,,0.0,1.0,Open,0.0,,,Fine,Null,0
66520885,,573700,0.0,,0.0,2.0,,West,2022/2023,BRODERICK ROAD,JOHNSONVILLE ROAD,,Minor Crash,No,2023,,West,,0,,Flat,,,,,,Dark,2082900,2,0.0,0.0,2.0,,,0.0,,,,,,Wellington Region,Nil,2-way,Sealed,,0.0,0,,50.0,,On,0.0,0.0,,47,Wellington City,Nil,,,,,0.0,0.0,Urban,0.0,,,Fine,Null,0
66520890,,572500,0.0,,0.0,1.0,,Null,2021/2022,MAIN ROAD,BOSCOBEL LANE,,Non-Injury Crash,No,2021,,North,,0,,Hill Road,,,,,,Bright sun,1986300,0,0.0,0.0,2.0,,,0.0,,,,,,Wellington Region,Nil,2-way,Sealed,,0.0,0,,50.0,,Null,0.0,0.0,,47,Wellington City,Stop,,,,,0.0,0.0,Urban,1.0,,,Fine,Null,1
66520918,,576301,0.0,0.0,0.0,1.0,0.0,North,2022/2023,ADELAIDE ROAD,NIKAU STREET,,Non-Injury Crash,No,2022,0.0,South,0.0,0,0.0,Flat,0.0,,0.0,,0.0,Unknown,2163400,0,0.0,0.0,2.0,0.0,0.0,0.0,0.0,1.0,,0.0,0.0,Wellington Region,Nil,2-way,Sealed,0.0,0.0,0,0.0,50.0,0.0,Null,0.0,0.0,,47,Wellington City,Nil,0.0,0.0,0.0,0.0,0.0,1.0,Urban,0.0,0.0,0.0,Null,Null,0
66520985,,576301,0.0,,0.0,1.0,,South,2021/2022,RIDDIFORD STREET,HOSPITAL MAIN DRIVE,,Minor Crash,No,2022,,North,,0,,Flat,,Easter,,,,Bright sun,2163500,1,0.0,0.0,4.0,,,0.0,,,1.0,,,Wellington Region,Nil,2-way,Sealed,,0.0,0,,50.0,,Off,0.0,0.0,,47,Wellington City,Traffic Signals,,,,,0.0,0.0,Urban,0.0,,,Fine,Null,0
66521025,,573700,1.0,,0.0,1.0,,Null,2021/2022,MOOREFIELD ROAD,JOHNSONVILLE ROAD,,Minor Crash,No,2022,,East,,0,,Flat,,,,,,Dark,2082300,1,0.0,0.0,2.0,,,0.0,,,,,,Wellington Region,Nil,1-way,Sealed,,0.0,0,,50.0,,On,0.0,0.0,,47,Wellington City,Give way,,,,,0.0,0.0,Urban,0.0,,,Fine,Null,0
66521028,,575701,0.0,,0.0,1.0,,Null,2021/2022,OHIRO ROAD,HOOVER STREET,,Non-Injury Crash,No,2021,,North,,0,,Hill Road,,,,,,Dark,2199500,0,0.0,0.0,2.0,,,0.0,,,,,,Wellington Region,Nil,2-way,Sealed,,0.0,0,,50.0,,On,0.0,0.0,,47,Wellington City,Nil,,,,,0.0,0.0,Urban,0.0,,,Fine,Null,1
66521041,,574002,0.0,0.0,0.0,1.0,1.0,Null,2021/2022,HUTT ROAD OFF RAMP,CENTENNIAL HIGHWAY,,Non-Injury Crash,No,2021,0.0,North,0.0,0,0.0,Flat,0.0,,0.0,,0.0,Overcast,2078302,0,0.0,0.0,5.0,0.0,0.0,0.0,0.0,0.0,,0.0,0.0,Wellington Region,Nil,2-way,Sealed,0.0,0.0,0,0.0,80.0,0.0,Off,0.0,0.0,,47,Wellington City,Traffic Signals,0.0,0.0,0.0,0.0,0.0,0.0,Open,0.0,0.0,0.0,Light rain,Strong wind,1
66521064,,576301,0.0,0.0,1.0,1.0,0.0,West,2020/2021,JOHN STREET,ADELAIDE ROAD,,Non-Injury Crash,No,2020,0.0,West,0.0,0,0.0,Hill Road,0.0,,0.0,,0.0,Unknown,2163400,0,0.0,0.0,4.0,0.0,0.0,0.0,0.0,1.0,,0.0,0.0,Wellington Region,Nil,2-way,Sealed,0.0,0.0,0,0.0,50.0,0.0,Off,0.0,0.0,,47,Wellington City,Unknown,0.0,0.0,0.0,0.0,0.0,0.0,Urban,0.0,0.0,0.0,Fine,Null,1
66521070,,575300,0.0,,0.0,1.0,,Null,2022/2023,GLASGOW STREET,KELBURN PARADE,,Non-Injury Crash,No,2022,,South,,0,,Flat,,,,,,Bright sun,2155200,0,0.0,0.0,2.0,,,0.0,,,,,,Wellington Region,Nil,2-way,Sealed,,0.0,0,,50.0,,Off,1.0,0.0,,47,Wellington City,Give way,,,,,0.0,0.0,Urban,0.0,,,Fine,Null,0
66521149,,574001,0.0,0.0,0.0,1.0,0.0,North,2021/2022,LYNDFIELD LANE,LYNDFIELD LANE,,Non-Injury Crash,No,2021,0.0,North,0.0,0,0.0,Hill Road,0.0,,0.0,,0.0,Bright sun,2078000,0,0.0,0.0,2.0,0.0,0.0,0.0,0.0,1.0,,0.0,0.0,Wellington Region,Nil,2-way,Sealed,0.0,0.0,0,0.0,50.0,0.0,Off,0.0,0.0,,47,Wellington City,Nil,0.0,0.0,0.0,0.0,0.0,0.0,Urban,0.0,0.0,0.0,Null,Null,1
66521181,,573101,0.0,,0.0,1.0,,Null,2021/2022,ARTHUR STREET,CUBA STREET,,Non-Injury Crash,Yes,2021,,West,,0,,Flat,,,,,,Unknown,2134600,0,1.0,0.0,3.0,,,0.0,,,,,,Wellington Region,Nil,1-way,Sealed,,0.0,0,,50.0,,Null,0.0,0.0,,47,Wellington City,Traffic Signals,,,,,0.0,0.0,Urban,0.0,,,Null,Null,1
66521185,,576001,0.0,,0.0,1.0,,North,2021/2022,WYE STREET,SEVERN STREET,,Non-Injury Crash,No,2022,,South,,0,,Flat,,,,,,Bright sun,2188300,0,0.0,0.0,2.0,,,0.0,,,1.0,,,Wellington Region,Nil,2-way,Sealed,,0.0,0,,50.0,,Off,0.0,0.0,30.0,47,Wellington City,Nil,,,,,0.0,0.0,Urban,0.0,,,Fine,Null,0
66521203,,573400,0.0,0.0,0.0,1.0,0.0,East,2022/2023,STAFFORD STREET,PORT STREET,,Minor Crash,No,2022,0.0,West,0.0,0,1.0,Hill Road,0.0,,0.0,,0.0,Bright sun,2139603,1,0.0,0.0,2.0,0.0,0.0,0.0,1.0,0.0,,0.0,0.0,Wellington Region,Nil,2-way,Sealed,0.0,0.0,0,0.0,50.0,0.0,Off,0.0,0.0,,47,Wellington City,Nil,0.0,0.0,0.0,0.0,0.0,0.0,Urban,0.0,0.0,0.0,Fine,Null,0
66521237,,573903,0.0,0.0,0.0,1.0,0.0,Null,2021/2022,NEWLANDS ROAD,WAKELY ROAD,,Non-Injury Crash,No,2021,0.0,East,0.0,0,1.0,Flat,0.0,,0.0,,0.0,Dark,2075103,0,0.0,0.0,2.0,0.0,0.0,0.0,0.0,0.0,,0.0,0.0,Wellington Region,Nil,2-way,Sealed,0.0,0.0,0,0.0,50.0,0.0,On,0.0,0.0,,47,Wellington City,Give way,0.0,0.0,0.0,0.0,0.0,0.0,Urban,0.0,0.0,0.0,Light rain,Null,1
66521243,,576002,0.0,,0.0,2.0,,Null,2022/2023,CLYDE STREET,AVON STREET,,Non-Injury Crash,No,2022,,North,,0,,Flat,,,,,,Dark,2192000,0,0.0,0.0,2.0,,,0.0,,,,,,Wellington Region,Nil,2-way,Sealed,,0.0,0,,50.0,,Null,0.0,0.0,,47,Wellington City,Give way,,,,,0.0,0.0,Urban,0.0,,,Light rain,Null,0
66521256,,574303,0.0,,0.0,3.0,,South,2021/2022,HUTT ROAD,NGAURANGA ON NBD OBR,,Minor Crash,Yes,2021,,South,,0,,Flat,,,,,,Overcast,2090402,1,0.0,0.0,4.0,,,0.0,,,,,,Wellington Region,Motorway ramp,1-way,Sealed,,0.0,0,,100.0,,Off,0.0,0.0,,47,Wellington City,Nil,,,,,0.0,0.0,Open,0.0,,,Fine,Null,1
66521299,,576901,0.0,,0.0,1.0,,Null,2021/2022,COUTTS STREET,TE WHITI STREET,,Non-Injury Crash,No,2021,,East,,0,,Flat,,,,,,Bright sun,2177500,0,0.0,0.0,2.0,,,0.0,,,,,,Wellington Region,Nil,2-way,Sealed,,0.0,0,,50.0,,Null,1.0,0.0,,47,Wellington City,Give way,,,,,0.0,0.0,Urban,0.0,,,Fine,Null,1
66521347,,575300,0.0,0.0,0.0,1.0,0.0,North,2021/2022,GLEN ROAD,RIMU ROAD,,Non-Injury Crash,No,2021,0.0,North,0.0,0,0.0,Hill Road,0.0,,0.0,,0.0,Unknown,2153800,0,0.0,0.0,2.0,0.0,0.0,0.0,0.0,1.0,,0.0,0.0,Wellington Region,Nil,2-way,Sealed,0.0,0.0,0,0.0,50.0,0.0,Null,1.0,0.0,,47,Wellington City,Nil,0.0,0.0,0.0,0.0,0.0,0.0,Urban,0.0,0.0,0.0,Null,Null,1
66521359,,576301,0.0,,0.0,1.0,,South,2022/2023,RIDDIFORD STREET,HALL STREET,,Non-Injury Crash,No,2022,,North,,0,,Flat,,,,,,Dark,2164600,0,0.0,0.0,4.0,,,0.0,,,,,,Wellington Region,Nil,2-way,Sealed,,0.0,0,,40.0,,On,0.0,0.0,,47,Wellington City,Nil,,,,,0.0,0.0,Urban,1.0,,,Light rain,Null,0
66521401,,577500,0.0,0.0,0.0,0.0,0.0,South,2021/2022,FERRY STREET,FORRES STREET,,Non-Injury Crash,No,2021,0.0,North,0.0,0,0.0,Hill Road,0.0,,0.0,,0.0,Dark,2210500,0,0.0,0.0,2.0,0.0,0.0,0.0,0.0,1.0,,0.0,0.0,Wellington Region,Nil,2-way,Sealed,0.0,0.0,0,0.0,50.0,0.0,On,1.0,0.0,,47,Wellington City,Nil,0.0,0.0,0.0,0.0,0.0,0.0,Urban,0.0,0.0,0.0,Fine,Null,1
66521461,,577200,0.0,,0.0,2.0,,Null,2022/2023,CALABAR ROAD,CALEDONIA STREET,,Minor Crash,Yes,2022,,South,,0,,Flat,,,,,,Dark,2206400,1,0.0,0.0,2.0,,,0.0,,,,,,Wellington Region,Nil,2-way,Sealed,,0.0,0,,60.0,,On,0.0,0.0,,47,Wellington City,Give way,,,,,0.0,0.0,Urban,0.0,,,Heavy rain,Strong wind,0
66521521,,573000,0.0,,0.0,1.0,,Null,2021/2022,THE TERRACE,GHUZNEE STREET,,Non-Injury Crash,No,2021,,North,,0,,Hill Road,,,,,,Overcast,2129400,0,0.0,0.0,2.0,,,0.0,,,1.0,,,Wellington Region,Nil,2-way,Sealed,,0.0,0,,50.0,,Off,0.0,0.0,,47,Wellington City,Stop,,,,,0.0,0.0,Urban,0.0,,,Fine,Null,1
66521627,,575100,0.0,,0.0,2.0,,South,2021/2022,SOUTH KARORI ROAD,WOODHOUSE AVENUE,,Non-Injury Crash,No,2022,,South,,0,,Flat,,,,,,Bright sun,2116309,0,0.0,0.0,2.0,,,0.0,,,,,,Wellington Region,Nil,2-way,Sealed,,0.0,0,,50.0,,Off,0.0,0.0,,47,Wellington City,Nil,,,,,0.0,0.0,Urban,0.0,,,Fine,Null,0
66521665,,573101,0.0,,0.0,0.0,,Null,2022/2023,TARANAKI STREET,COURTENAY PLACE,,Minor Crash,No,2022,,North,,0,,Flat,,,,,,Dark,2133408,1,0.0,0.0,5.0,,,0.0,,,,,,Wellington Region,Nil,2-way,Sealed,,0.0,0,,50.0,,On,2.0,0.0,,47,Wellington City,Traffic Signals,,,,,0.0,0.0,Urban,0.0,,,Light rain,Null,0
66521683,,573101,0.0,,0.0,3.0,,East,2021/2022,VIVIAN STREET,KNIGGES AVENUE,,Non-Injury Crash,Yes,2022,,East,,0,,Flat,,,,,,Bright sun,2134100,0,0.0,0.0,3.0,,,0.0,,,,,,Wellington Region,Nil,1-way,Sealed,,0.0,0,,50.0,,Off,1.0,0.0,,47,Wellington City,Nil,,,,,0.0,0.0,Urban,0.0,,,Fine,Null,0
66521742,,576400,1.0,,0.0,1.0,,West,2022/2023,WILSON STREET,DANIELL STREET,,Non-Injury Crash,No,2022,,East,,0,,Flat,,,,,,Bright sun,2167300,0,0.0,0.0,1.0,,,0.0,,,,,,Wellington Region,Nil,1-way,Sealed,,0.0,0,,50.0,,Off,0.0,0.0,,47,Wellington City,Nil,,,,,0.0,0.0,Urban,0.0,,,Fine,Null,0
66521774,,575600,0.0,0.0,0.0,1.0,0.0,East,2021/2022,MCKINLEY CRESCENT,OHIRO ROAD,,Non-Injury Crash,No,2022,0.0,West,0.0,0,0.0,Flat,0.0,,0.0,,0.0,Dark,2162300,0,0.0,0.0,2.0,0.0,0.0,0.0,0.0,2.0,,0.0,0.0,Wellington Region,Nil,2-way,Sealed,0.0,0.0,0,0.0,50.0,0.0,On,0.0,0.0,,47,Wellington City,Nil,0.0,0.0,0.0,0.0,0.0,0.0,Urban,2.0,0.0,0.0,Fine,Null,0
66521783,,573523,0.0,0.0,0.0,1.0,0.0,East,2021/2022,ANTILLES PLACE,ARUBA GROVE,,Non-Injury Crash,No,2022,0.0,North,0.0,0,0.0,Flat,0.0,,0.0,,0.0,Bright sun,2086312,0,0.0,0.0,2.0,0.0,0.0,0.0,0.0,1.0,,0.0,0.0,Wellington Region,Nil,2-way,Sealed,0.0,0.0,0,0.0,50.0,0.0,None,0.0,0.0,,47,Wellington City,Nil,0.0,0.0,0.0,0.0,0.0,0.0,Urban,0.0,0.0,0.0,Fine,Null,0
66521788,,572900,0.0,,0.0,1.0,,Null,2020/2021,TINAKORI ROAD,TINAKORI ROAD ON RAMP,,Non-Injury Crash,No,2021,,South,,0,,Flat,,,,,,Overcast,2120100,0,0.0,0.0,3.0,,,0.0,,,,,,Wellington Region,Nil,2-way,Sealed,,0.0,0,,50.0,,Off,1.0,0.0,,47,Wellington City,Traffic Signals,,,,,0.0,0.0,Urban,0.0,,,Fine,Null,1
66521799,,573300,1.0,,0.0,1.0,,Null,2022/2023,RUGBY STREET,BELFAST STREET,,Minor Crash,No,2022,,East,,0,,Hill Road,,,,,,Dark,2145700,1,0.0,0.0,3.0,,,0.0,,,,,,Wellington Region,Nil,1-way,Sealed,,0.0,0,,50.0,,On,0.0,0.0,,47,Wellington City,Give way,,,,,0.0,0.0,Urban,0.0,,,Fine,Null,0
66521845,,573903,0.0,,0.0,1.0,,Null,2021/2022,NEWLANDS ROAD,NEWLANDS OFF RAMP,,Non-Injury Crash,No,2022,,East,,0,,Hill Road,,,,,,Bright sun,2075103,0,0.0,0.0,2.0,,,0.0,,,,,,Wellington Region,Nil,2-way,Sealed,,0.0,0,,50.0,,Off,1.0,0.0,,47,Wellington City,Nil,,,,,0.0,0.0,Urban,0.0,,,Fine,Null,0
66521896,,576901,0.0,,0.0,1.0,,Null,2020/2021,COBHAM DRIVE,TROY STREET,,Non-Injury Crash,Yes,2020,,West,,0,,Flat,,,,,,Overcast,2176800,0,0.0,0.0,2.0,,,0.0,,,,,,Wellington Region,Nil,1-way,Sealed,,0.0,0,,70.0,,On,0.0,0.0,,47,Wellington City,Give way,,,,,0.0,0.0,Urban,1.0,,,Light rain,Strong wind,1
66521926,,573000,0.0,0.0,0.0,1.0,0.0,Null,2022/2023,JERVOIS QUAY,WILLESTON STREET,,Serious Crash,No,2023,0.0,North,0.0,0,0.0,Flat,0.0,,0.0,,0.0,Dark,2127500,0,0.0,0.0,3.0,0.0,0.0,0.0,0.0,0.0,,0.0,0.0,Wellington Region,Nil,1-way,Sealed,0.0,0.0,1,0.0,50.0,0.0,On,0.0,0.0,,47,Wellington City,Traffic Signals,0.0,1.0,0.0,0.0,0.0,0.0,Urban,0.0,0.0,0.0,Fine,Null,0
66521936,,577302,0.0,,0.0,2.0,,Null,2020/2021,PARK ROAD,BRUSSELS STREET,,Minor Crash,No,2021,,North,,0,,Flat,,,,,,Bright sun,2206102,1,0.0,0.0,2.0,,,0.0,,,,,,Wellington Region,Nil,2-way,Sealed,,0.0,0,,50.0,,Off,0.0,0.0,,47,Wellington City,Give way,,,,,0.0,0.0,Urban,0.0,,,Fine,Null,1
66521993,,575800,0.0,,0.0,1.0,,South,2021/2022,FARNHAM STREET,HAVELOCK STREET,,Non-Injury Crash,No,2022,,South,,0,,Hill Road,,,,,,Dark,2197900,0,0.0,0.0,2.0,,,0.0,,,,,,Wellington Region,Nil,2-way,Sealed,,0.0,0,,50.0,,On,0.0,0.0,,47,Wellington City,Nil,,,,,0.0,0.0,Urban,1.0,,,Fine,Null,0