OBJECTID,advisorySpeed,areaUnitID,bicycle,bridge,bus,carStationWagon,cliffBank,crashDirectionDescription,crashFinancialYear,crashLocation1,crashLocation2,crashRoadSideRoad,crashSeverity,crashSHDescription,crashYear,debris,directionRoleDescription,ditch,fatalCount,fence,flatHill,guardRail,holiday,houseOrBuilding,intersection,kerb,light,meshblockId,minorInjuryCount,moped,motorcycle,NumberOfLanes,objectThrownOrDropped,otherObject,otherVehicleType,overBank,parkedVehicle,pedestrian,phoneBoxEtc,postOrPole,region,roadCharacter,roadLane,roadSurface,roadworks,schoolBus,seriousInjuryCount,slipOrFlood,speedLimit,strayAnimal,streetLight,suv,taxi,temporarySpeedLimit,tlaId,tlaName,trafficControl,trafficIsland,trafficSign,train,tree,truck,unknownVehicleType,urban,vanOrUtility,vehicle,waterRiver,weatherA,weatherB,if_pandemic
66521995,,572600,0.0,0.0,0.0,1.0,0.0,East,2022/2023,MELVILLE STREET,OXFORD STREET,,Serious Crash,No,2022,0.0,South,0.0,0,0.0,Flat,0.0,,0.0,,0.0,Dark,1992300,0,0.0,0.0,2.0,0.0,0.0,0.0,0.0,0.0,,0.0,1.0,Wellington Region,Nil,2-way,Sealed,0.0,0.0,1,0.0,50.0,0.0,On,0.0,0.0,,47,Wellington City,Nil,0.0,0.0,0.0,0.0,0.0,0.0,Urban,0.0,0.0,0.0,Heavy rain,Null,0
66522011,,577000,0.0,,0.0,1.0,,West,2021/2022,COBHAM DRIVE,CALABAR ROAD,,Non-Injury Crash,Yes,2022,,East,,0,,Null,,,,,,Twilight,2175700,0,0.0,0.0,2.0,,,0.0,,,,,,Wellington Region,Nil,1-way,Sealed,,0.0,0,,70.0,,Null,0.0,0.0,,47,Wellington City,Nil,,,,,0.0,0.0,Urban,0.0,,,Fine,Null,0
66522046,,573400,0.0,0.0,0.0,1.0,0.0,East,2021/2022,PIRIE STREET,BROUGHAM STREET,,Non-Injury Crash,No,2022,0.0,East,0.0,0,0.0,Null,0.0,,0.0,,0.0,Unknown,2141500,0,0.0,0.0,2.0,0.0,0.0,0.0,0.0,1.0,,0.0,0.0,Wellington Region,Nil,2-way,Sealed,0.0,0.0,0,0.0,50.0,0.0,Null,0.0,0.0,,47,Wellington City,Nil,0.0,0.0,0.0,0.0,0.0,0.0,Urban,0.0,0.0,0.0,Fine,Null,0
66522079,,573000,0.0,,1.0,0.0,,South,2022/2023,LAMBTON QUAY,BUNNY STREET,,Minor Crash,No,2023,,East,,0,,Flat,,,,,,Bright sun,2123800,1,0.0,0.0,1.0,,,0.0,,,1.0,,,Wellington Region,Nil,1-way,Sealed,,0.0,0,,20.0,,Off,0.0,0.0,,47,Wellington City,Nil,,,,,0.0,0.0,Urban,0.0,,,Fine,Null,0
66522106,,573000,0.0,,0.0,1.0,,South,2021/2022,JERVOIS QUAY,QUEENS WHARF,,Non-Injury Crash,No,2021,,South,,0,,Flat,,,,,,Unknown,2124300,0,0.0,0.0,6.0,,,0.0,,,,,,Wellington Region,Nil,2-way,Sealed,,0.0,0,,50.0,,Null,1.0,0.0,,47,Wellington City,Nil,,,,,0.0,0.0,Urban,0.0,,,Null,Null,1
66522110,,574500,0.0,0.0,0.0,1.0,0.0,North,2023/2024,WELLINGTON URBAN MOTORWAY,AOTEA QUAY OFF RAMP,,Minor Crash,Yes,2023,0.0,South,0.0,0,0.0,Flat,1.0,,0.0,,0.0,Dark,2093600,1,0.0,0.0,3.0,0.0,0.0,0.0,0.0,0.0,,0.0,0.0,Wellington Region,Nil,1-way,Sealed,0.0,0.0,0,0.0,100.0,0.0,On,0.0,0.0,,47,Wellington City,Nil,0.0,0.0,0.0,0.0,0.0,0.0,Open,0.0,0.0,0.0,Light rain,Null,0
66522130,,572701,0.0,0.0,0.0,0.0,0.0,North,2021/2022,BELL STREET,MASSEY STREET,,Non-Injury Crash,No,2022,0.0,North,0.0,0,2.0,Hill Road,0.0,,0.0,,0.0,Twilight,1994900,0,0.0,0.0,2.0,0.0,0.0,0.0,0.0,0.0,,0.0,0.0,Wellington Region,Nil,2-way,Sealed,0.0,0.0,0,0.0,50.0,0.0,Off,0.0,0.0,,47,Wellington City,Nil,0.0,0.0,0.0,0.0,0.0,1.0,Urban,0.0,0.0,0.0,Fine,Null,0
66522136,,573000,0.0,0.0,0.0,2.0,0.0,Null,2020/2021,THE TERRACE,BOLTON STREET,,Non-Injury Crash,No,2021,0.0,North,0.0,0,0.0,Hill Road,0.0,,0.0,,0.0,Overcast,2123700,0,0.0,0.0,2.0,0.0,0.0,0.0,0.0,1.0,,0.0,0.0,Wellington Region,Nil,2-way,Sealed,0.0,0.0,0,0.0,50.0,0.0,Off,0.0,1.0,,47,Wellington City,Nil,0.0,0.0,0.0,0.0,0.0,0.0,Urban,1.0,0.0,0.0,Fine,Null,1
66522159,,574001,0.0,0.0,0.0,2.0,0.0,West,2021/2022,NEWLANDS ROAD,WAKELY ROAD,,Non-Injury Crash,No,2022,0.0,West,0.0,0,0.0,Hill Road,0.0,Easter,0.0,,0.0,Dark,2077600,0,0.0,0.0,2.0,0.0,0.0,0.0,0.0,1.0,,0.0,0.0,Wellington Region,Nil,2-way,Sealed,0.0,0.0,0,0.0,50.0,0.0,On,0.0,0.0,,47,Wellington City,Nil,0.0,0.0,0.0,0.0,0.0,0.0,Urban,0.0,0.0,0.0,Fine,Null,0
66522206,,577500,0.0,0.0,0.0,0.0,0.0,North,2022/2023,TIO TIO ROAD,FETTES CRESCENT,,Non-Injury Crash,No,2023,0.0,Null,0.0,0,0.0,Hill Road,0.0,,1.0,,0.0,Dark,2210500,0,0.0,0.0,2.0,0.0,0.0,0.0,0.0,0.0,,0.0,0.0,Wellington Region,Nil,2-way,Sealed,0.0,0.0,0,0.0,50.0,0.0,None,0.0,0.0,,47,Wellington City,Nil,0.0,0.0,0.0,0.0,0.0,0.0,Urban,0.0,0.0,0.0,Fine,Null,0
66522219,,572900,0.0,0.0,0.0,1.0,0.0,Null,2021/2022,AOTEA QUAY OFF RAMP,WELLINGTON URBAN MOTORWAY,,Non-Injury Crash,No,2022,0.0,South,0.0,0,0.0,Flat,1.0,,0.0,,0.0,Bright sun,2118400,0,0.0,0.0,3.0,0.0,0.0,0.0,0.0,0.0,,0.0,0.0,Wellington Region,Overpass,1-way,Sealed,0.0,0.0,0,0.0,100.0,0.0,Off,0.0,0.0,,47,Wellington City,Nil,0.0,0.0,0.0,0.0,0.0,0.0,Open,0.0,0.0,0.0,Fine,Null,0
66522222,,576002,0.0,,0.0,1.0,,West,2023/2024,REEF STREET,THE ESPLANADE,,Minor Crash,No,2023,,North,,0,,Flat,,,,,,Bright sun,2189700,1,0.0,0.0,2.0,,,0.0,,,,,,Wellington Region,Nil,2-way,Sealed,,0.0,0,,50.0,,Off,0.0,0.0,,47,Wellington City,Nil,,,,,0.0,0.0,Urban,0.0,,,Fine,Null,0
66522239,,573101,0.0,0.0,0.0,0.0,0.0,Null,2021/2022,VICTORIA STREET,VIVIAN STREET,,Non-Injury Crash,No,2021,0.0,South,0.0,0,0.0,Hill Road,0.0,,0.0,,0.0,Overcast,2132000,0,0.0,0.0,2.0,0.0,1.0,0.0,0.0,0.0,,0.0,0.0,Wellington Region,Nil,1-way,Sealed,0.0,0.0,0,0.0,50.0,0.0,On,1.0,0.0,,47,Wellington City,Traffic Signals,0.0,0.0,0.0,0.0,0.0,0.0,Urban,0.0,0.0,0.0,Fine,Null,1
66522248,,573300,0.0,,0.0,2.0,,South,2020/2021,WALLACE STREET,ROLLESTON STREET,,Minor Crash,No,2020,,South,,0,,Flat,,,,,,Bright sun,2146500,1,0.0,0.0,2.0,,,0.0,,,,,,Wellington Region,Nil,2-way,Sealed,,0.0,0,,50.0,,Off,0.0,0.0,30.0,47,Wellington City,Unknown,,,,,0.0,0.0,Urban,0.0,,,Fine,Null,1
66522263,,572701,0.0,,0.0,0.0,,Null,2021/2022,MAIN ROAD,MCLELLAN STREET,,Non-Injury Crash,No,2022,,South,,0,,Flat,,,,,,Overcast,1994707,0,0.0,0.0,2.0,,,0.0,,,,,,Wellington Region,Nil,2-way,Sealed,,0.0,0,,50.0,,Off,1.0,0.0,,47,Wellington City,Give way,,,,,1.0,0.0,Urban,0.0,,,Fine,Null,0
66522266,,573523,0.0,0.0,0.0,1.0,0.0,East,2022/2023,GRENADA DRIVE,CHURTON PARK-GLENSIDE OFF RAMP,,Minor Crash,No,2023,0.0,South,0.0,0,0.0,Hill Road,1.0,,0.0,,0.0,Dark,2086312,1,0.0,0.0,3.0,0.0,0.0,0.0,0.0,0.0,,0.0,0.0,Wellington Region,Nil,2-way,Sealed,0.0,0.0,0,0.0,50.0,0.0,On,0.0,0.0,,47,Wellington City,Nil,0.0,0.0,0.0,0.0,0.0,0.0,Urban,0.0,0.0,0.0,Fine,Null,0
66522302,,572900,0.0,,0.0,2.0,,South,2021/2022,AOTEA QUAY,AOTEA QUAY ON RAMP,,Non-Injury Crash,No,2022,,North,,0,,Flat,,,,,,Unknown,2118400,0,0.0,0.0,2.0,,,0.0,,,,,,Wellington Region,Nil,1-way,Sealed,,0.0,0,,70.0,,Off,0.0,0.0,,47,Wellington City,Nil,,,,,0.0,0.0,Urban,0.0,,,Null,Null,0
66522304,,573000,1.0,,0.0,0.0,,North,2020/2021,THE TERRACE,SHELL LANE,,Minor Crash,No,2021,,North,,0,,Hill Road,,,,,,Bright sun,2124400,1,0.0,0.0,2.0,,,0.0,,,,,,Wellington Region,Nil,2-way,Sealed,,0.0,0,,50.0,,Off,1.0,0.0,,47,Wellington City,Unknown,,,,,0.0,0.0,Urban,0.0,,,Fine,Null,1
66522308,,573200,0.0,,0.0,1.0,,North,2020/2021,DEVON STREET,FAIRLIE TERRACE,,Non-Injury Crash,No,2021,,South,,0,,Hill Road,,,,,,Unknown,2157400,0,0.0,0.0,2.0,,,0.0,,,,,,Wellington Region,Nil,2-way,Sealed,,0.0,0,,50.0,,Null,0.0,0.0,,47,Wellington City,Nil,,,,,0.0,1.0,Urban,0.0,,,Null,Null,1
66522344,,574500,0.0,0.0,0.0,0.0,0.0,South,2019/2020,WELLINGTON URBAN MOTORWAY,ONSLOW RAIL OBR,,Non-Injury Crash,Yes,2020,0.0,North,0.0,0,0.0,Flat,1.0,,0.0,,0.0,Overcast,2093400,0,0.0,0.0,4.0,0.0,0.0,0.0,0.0,0.0,,0.0,0.0,Wellington Region,Nil,1-way,Sealed,0.0,0.0,0,0.0,100.0,0.0,Off,0.0,0.0,,47,Wellington City,Nil,0.0,0.0,0.0,0.0,0.0,0.0,Open,1.0,0.0,0.0,Fine,Null,1
66522346,,577101,0.0,0.0,0.0,1.0,0.0,Null,2022/2023,BROADWAY,THE QUADRANT,,Minor Crash,No,2022,0.0,East,0.0,0,0.0,Flat,0.0,Christmas New Year,0.0,,0.0,Twilight,2215600,1,0.0,0.0,2.0,0.0,0.0,0.0,0.0,0.0,,0.0,1.0,Wellington Region,Nil,2-way,Sealed,0.0,0.0,0,0.0,50.0,0.0,On,0.0,0.0,,47,Wellington City,Stop,0.0,0.0,0.0,0.0,0.0,0.0,Urban,0.0,0.0,0.0,Fine,Null,0
66522368,,574302,0.0,0.0,0.0,1.0,0.0,East,2021/2022,DEKKA STREET,NICHOLSON ROAD,,Non-Injury Crash,No,2021,0.0,East,0.0,0,0.0,Flat,0.0,,0.0,,0.0,Dark,2092700,0,0.0,0.0,2.0,0.0,1.0,0.0,0.0,0.0,,0.0,0.0,Wellington Region,Nil,2-way,Sealed,0.0,0.0,0,0.0,50.0,0.0,Off,0.0,0.0,,47,Wellington City,Nil,0.0,0.0,0.0,0.0,0.0,0.0,Urban,0.0,0.0,0.0,Fine,Null,1
66522370,,572900,0.0,0.0,0.0,0.0,0.0,South,2022/2023,MOLESWORTH STREET,MAY STREET ON RAMP,,Non-Injury Crash,No,2022,0.0,North,0.0,0,0.0,Null,0.0,,0.0,,0.0,Overcast,2119600,0,0.0,0.0,2.0,0.0,0.0,0.0,0.0,1.0,,0.0,0.0,Wellington Region,Nil,1-way,Sealed,0.0,0.0,0,0.0,50.0,0.0,Off,0.0,0.0,,47,Wellington City,Nil,0.0,0.0,0.0,0.0,0.0,0.0,Urban,2.0,0.0,0.0,Light rain,Null,0
66522406,,573600,0.0,,0.0,1.0,,Null,2021/2022,MIDDLETON ROAD,HELSTON ROAD,,Non-Injury Crash,No,2022,,North,,0,,Flat,,,,,,Overcast,2080900,0,0.0,0.0,2.0,,,0.0,,,,,,Wellington Region,Nil,2-way,Sealed,,0.0,0,,50.0,,Off,0.0,0.0,,47,Wellington City,Give way,,,,,0.0,0.0,Urban,1.0,,,Fine,Null,0
66522410,,573101,0.0,,0.0,2.0,,Null,2022/2023,VICTORIA STREET,VIVIAN STREET,,Non-Injury Crash,No,2022,,South,,0,,Flat,,,,,,Dark,2131600,0,0.0,0.0,4.0,,,0.0,,,,,,Wellington Region,Nil,1-way,Sealed,,0.0,0,,30.0,,On,0.0,0.0,,47,Wellington City,Traffic Signals,,,,,0.0,0.0,Urban,0.0,,,Fine,Null,0
66522412,,575300,0.0,,0.0,1.0,,North,2020/2021,KELBURN PARADE,GLASGOW STREET,,Non-Injury Crash,No,2021,,South,,0,,Hill Road,,,,,,Unknown,2155300,0,0.0,0.0,2.0,,,0.0,,,,,,Wellington Region,Nil,2-way,Sealed,,0.0,0,,50.0,,Null,2.0,0.0,,47,Wellington City,Nil,,,,,0.0,0.0,Urban,0.0,,,Null,Null,1
66522466,,573101,0.0,,0.0,1.0,,Null,2021/2022,WAKEFIELD STREET,COURAGE LANE,,Non-Injury Crash,No,2022,,Null,,0,,Flat,,,,,,Dark,2135600,0,0.0,0.0,2.0,,,0.0,,,,,,Wellington Region,Nil,2-way,Sealed,,0.0,0,,50.0,,On,0.0,0.0,,47,Wellington City,Give way,,,,,0.0,0.0,Urban,0.0,,,Fine,Null,0
66522502,,577400,0.0,0.0,0.0,3.0,0.0,North,2022/2023,KARAKA BAY ROAD,PRETORIA ROAD,,Non-Injury Crash,No,2023,0.0,North,0.0,0,0.0,Flat,0.0,Easter,0.0,,0.0,Dark,2209400,0,0.0,0.0,2.0,0.0,0.0,0.0,0.0,2.0,,0.0,0.0,Wellington Region,Nil,2-way,Sealed,0.0,0.0,0,0.0,40.0,0.0,On,0.0,0.0,,47,Wellington City,Nil,0.0,0.0,0.0,0.0,0.0,0.0,Urban,0.0,0.0,0.0,Fine,Null,0
66522518,,575100,0.0,0.0,0.0,1.0,0.0,Null,2022/2023,VERVIERS STREET,BEAUCHAMP STREET,,Non-Injury Crash,No,2023,0.0,North,0.0,0,1.0,Flat,0.0,,0.0,,0.0,Overcast,2115200,0,0.0,0.0,2.0,0.0,0.0,0.0,0.0,0.0,,0.0,0.0,Wellington Region,Nil,2-way,Sealed,0.0,0.0,0,0.0,50.0,0.0,Off,0.0,0.0,,47,Wellington City,Give way,0.0,0.0,0.0,0.0,0.0,0.0,Urban,0.0,0.0,0.0,Fine,Null,0
66522522,,574900,0.0,0.0,1.0,1.0,0.0,North,2022/2023,KARORI ROAD,SOUTH KARORI ROAD,,Non-Injury Crash,No,2022,0.0,South,0.0,0,0.0,Hill Road,0.0,,0.0,,0.0,Dark,2109202,0,0.0,0.0,2.0,0.0,0.0,0.0,0.0,1.0,,0.0,0.0,Wellington Region,Nil,2-way,Sealed,0.0,0.0,0,0.0,50.0,0.0,On,0.0,0.0,,47,Wellington City,Nil,0.0,0.0,0.0,0.0,0.0,0.0,Urban,0.0,0.0,0.0,Fine,Null,0
66522524,,572900,0.0,0.0,0.0,1.0,0.0,Null,2021/2022,WATERLOO QUAY,LADY ELIZABETH LANE,,Non-Injury Crash,No,2021,0.0,North,0.0,0,0.0,Flat,0.0,,0.0,,0.0,Dark,2122700,0,0.0,0.0,5.0,0.0,0.0,0.0,0.0,0.0,,0.0,0.0,Wellington Region,Nil,2-way,Sealed,0.0,0.0,0,0.0,50.0,0.0,On,0.0,0.0,,47,Wellington City,Traffic Signals,1.0,1.0,0.0,0.0,0.0,0.0,Urban,0.0,0.0,0.0,Fine,Null,1
66522536,,573400,0.0,0.0,0.0,2.0,0.0,East,2019/2020,RIXON GROVE,AUSTIN STREET,,Non-Injury Crash,No,2020,0.0,West,0.0,0,0.0,Hill Road,0.0,,0.0,,0.0,Unknown,2141800,0,0.0,0.0,1.0,0.0,0.0,0.0,0.0,1.0,,0.0,0.0,Wellington Region,Nil,2-way,Sealed,0.0,0.0,0,0.0,,0.0,Null,0.0,0.0,,47,Wellington City,Unknown,0.0,0.0,0.0,0.0,0.0,0.0,Urban,0.0,0.0,0.0,Null,Null,1
66522546,,573200,0.0,,0.0,1.0,,West,2022/2023,BROOKLYN ROAD,NAIRN STREET,,Minor Crash,No,2022,,East,,0,,Hill Road,,,,,,Twilight,2159300,1,0.0,0.0,2.0,,,0.0,,,1.0,,,Wellington Region,Nil,2-way,Sealed,,0.0,0,,50.0,,On,0.0,0.0,,47,Wellington City,Nil,,,,,0.0,0.0,Urban,0.0,,,Fine,Null,0
66522562,,574303,0.0,,0.0,2.0,,South,2021/2022,WELLINGTON URBAN MOTORWAY,HUTT ROAD,,Non-Injury Crash,Yes,2022,,South,,0,,Flat,,,,,,Bright sun,2090402,0,0.0,0.0,3.0,,,0.0,,,,,,Wellington Region,Nil,1-way,Sealed,,0.0,0,,100.0,,Off,0.0,0.0,,47,Wellington City,Nil,,,,,0.0,0.0,Open,0.0,,,Fine,Null,0
66522610,,573101,0.0,,0.0,2.0,,Null,2021/2022,WILLIS STREET,BOULCOTT STREET,,Non-Injury Crash,No,2022,,North,,0,,Hill Road,,,,,,Bright sun,2131300,0,0.0,0.0,3.0,,,0.0,,,,,,Wellington Region,Nil,2-way,Sealed,,0.0,0,,30.0,,Off,0.0,0.0,,47,Wellington City,Traffic Signals,,,,,0.0,0.0,Urban,0.0,,,Fine,Null,0
66522615,,573200,0.0,,0.0,1.0,,Null,2022/2023,WILLIS STREET,WEBB STREET,,Non-Injury Crash,No,2023,,North,,0,,Flat,,,,,,Bright sun,2159202,0,0.0,1.0,4.0,,,0.0,,,,,,Wellington Region,Nil,2-way,Sealed,,0.0,0,,50.0,,Off,0.0,0.0,,47,Wellington City,Traffic Signals,,,,,0.0,0.0,Urban,0.0,,,Fine,Null,0
66522655,,573000,0.0,,0.0,4.0,,North,2022/2023,WELLINGTON URBAN MOTORWAY,EVERTON OBR,,Minor Crash,Yes,2022,,South,,0,,Flat,,,,,,Overcast,2126403,1,0.0,0.0,3.0,,,0.0,,,,,,Wellington Region,Motorway ramp,2-way,Sealed,,0.0,0,,100.0,,Off,0.0,0.0,,47,Wellington City,Nil,,,,,0.0,0.0,Open,0.0,,,Fine,Null,0
66522676,,575000,0.0,0.0,0.0,2.0,0.0,South,2021/2022,BIRDWOOD STREET,BRAITHWAITE STREET,,Minor Crash,No,2021,0.0,North,0.0,0,0.0,Hill Road,0.0,,0.0,,0.0,Bright sun,2111100,2,0.0,0.0,2.0,0.0,0.0,0.0,0.0,1.0,,0.0,0.0,Wellington Region,Nil,2-way,Sealed,0.0,0.0,0,0.0,50.0,0.0,Off,0.0,0.0,,47,Wellington City,Unknown,0.0,0.0,0.0,0.0,0.0,0.0,Urban,0.0,0.0,0.0,Fine,Null,1
66522782,,576800,0.0,0.0,0.0,1.0,0.0,North,2022/2023,ARAWA ROAD,WAIPAPA ROAD,,Non-Injury Crash,No,2022,0.0,North,0.0,0,0.0,Hill Road,0.0,,1.0,,1.0,Bright sun,2183500,0,0.0,0.0,2.0,0.0,0.0,0.0,0.0,1.0,,0.0,0.0,Wellington Region,Nil,2-way,Sealed,0.0,0.0,0,0.0,50.0,0.0,Off,0.0,0.0,,47,Wellington City,Nil,0.0,0.0,0.0,0.0,0.0,0.0,Urban,1.0,0.0,0.0,Fine,Null,0
66522814,,576400,0.0,,0.0,1.0,,Null,2023/2024,DANIELL STREET,DONALD MCLEAN STREET,,Non-Injury Crash,No,2023,,East,,0,,Hill Road,,,,,,Bright sun,2169200,0,0.0,0.0,2.0,,,0.0,,,,,,Wellington Region,Nil,2-way,Sealed,,0.0,0,,50.0,,Off,0.0,1.0,,47,Wellington City,Give way,,,,,0.0,0.0,Urban,1.0,,,Fine,Null,0
66522865,,576800,0.0,,0.0,2.0,,Null,2021/2022,TAURIMA STREET,RUAHINE STREET,,Non-Injury Crash,No,2022,,West,,0,,Hill Road,,,,,,Bright sun,2181900,0,0.0,0.0,2.0,,,0.0,,,,,,Wellington Region,Nil,2-way,Sealed,,0.0,0,,50.0,,Off,0.0,0.0,,47,Wellington City,Give way,,,,,0.0,0.0,Urban,0.0,,,Fine,Null,0
66522877,,572701,0.0,,0.0,2.0,,South,2023/2024,MAIN ROAD,FYVIE AVENUE,,Minor Crash,No,2023,,North,,0,,Flat,,,,,,Twilight,1994500,1,0.0,0.0,2.0,,,0.0,,,,,,Wellington Region,Nil,2-way,Sealed,,0.0,0,,50.0,,On,0.0,0.0,,47,Wellington City,Nil,,,,,0.0,0.0,Urban,0.0,,,Fine,Null,0
66522950,,572900,1.0,,0.0,1.0,,East,2023/2024,HAWKESTONE STREET,HAWKESTONE STREET OFF RAMP,,Minor Crash,No,2023,,East,,0,,Flat,,,,,,Overcast,2119400,1,0.0,0.0,2.0,,,0.0,,,,,,Wellington Region,Nil,2-way,Sealed,,0.0,0,,50.0,,Off,0.0,0.0,,47,Wellington City,Nil,,,,,0.0,0.0,Urban,0.0,,,Light rain,Null,0
66523014,,574001,0.0,,0.0,1.0,,West,2023/2024,NEWLANDS ROAD,WAKELY ROAD,,Minor Crash,No,2023,,West,,0,,Flat,,,,,,Overcast,2077600,1,0.0,1.0,2.0,,,0.0,,,,,,Wellington Region,Nil,2-way,Sealed,,0.0,0,,50.0,,Off,0.0,0.0,,47,Wellington City,Nil,,,,,0.0,0.0,Urban,0.0,,,Light rain,Null,0
66523016,,574304,0.0,,0.0,1.0,,East,2020/2021,CASHMERE AVENUE,RAUMATI TERRACE,,Non-Injury Crash,No,2021,,West,,0,,Hill Road,,,,,,Bright sun,2089700,0,0.0,0.0,2.0,,,0.0,,,,,,Wellington Region,Nil,2-way,Sealed,,0.0,0,,50.0,,Off,1.0,0.0,,47,Wellington City,Nil,,,,,0.0,0.0,Urban,0.0,,,Fine,Null,1
66523030,,576400,0.0,0.0,0.0,1.0,0.0,South,2023/2024,DANIELL STREET,NEWTOWN AVENUE,,Minor Crash,No,2023,0.0,North,0.0,0,0.0,Flat,0.0,,0.0,,0.0,Bright sun,2168500,1,0.0,0.0,2.0,0.0,0.0,0.0,0.0,0.0,,0.0,0.0,Wellington Region,Nil,2-way,Sealed,0.0,0.0,0,0.0,50.0,0.0,Off,1.0,0.0,,47,Wellington City,Nil,0.0,0.0,0.0,0.0,0.0,0.0,Urban,0.0,1.0,0.0,Fine,Null,0
66523123,,573525,0.0,0.0,0.0,1.0,1.0,North,2022/2023,JOHNSONVILLE PORIRUA MOTORWAY,TAWA-GRENADA NORTH OFF RAMP,,Serious Crash,Yes,2022,0.0,South,0.0,0,0.0,Flat,0.0,,0.0,,0.0,Dark,2053830,1,0.0,0.0,4.0,0.0,0.0,0.0,0.0,0.0,,0.0,0.0,Wellington Region,Nil,2-way,Sealed,0.0,0.0,1,0.0,100.0,0.0,On,0.0,0.0,,47,Wellington City,Nil,0.0,0.0,0.0,0.0,0.0,0.0,Open,0.0,0.0,0.0,Light rain,Null,0
66523386,,573700,0.0,,0.0,1.0,,Null,2020/2021,MOOREFIELD ROAD,BRODERICK ROAD,,Non-Injury Crash,No,2020,,South,,0,,Flat,,,,,,Bright sun,2082400,0,0.0,0.0,4.0,,,0.0,,,1.0,,,Wellington Region,Nil,2-way,Sealed,,0.0,0,,50.0,,Off,0.0,0.0,,47,Wellington City,Traffic Signals,,,,,0.0,0.0,Urban,0.0,,,Fine,Null,1
66523404,,573101,0.0,,1.0,0.0,,North,2020/2021,MANNERS STREET,LUKES LANE,,Non-Injury Crash,No,2021,,North,,0,,Flat,,,,,,Unknown,2133300,0,0.0,0.0,2.0,,,0.0,,,,,,Wellington Region,Nil,2-way,Sealed,,0.0,0,,30.0,,Null,0.0,0.0,,47,Wellington City,Nil,,,,,1.0,0.0,Urban,0.0,,,Fine,Null,1
66523406,,573000,0.0,,0.0,1.0,,South,2022/2023,WELLINGTON URBAN MOTORWAY,NORTH PORTAL SBD,,Non-Injury Crash,Yes,2023,,South,,0,,Flat,,,,,,Dark,2126900,0,0.0,0.0,2.0,,,0.0,,,,,,Wellington Region,Nil,2-way,Sealed,,0.0,0,,50.0,,Null,2.0,0.0,,47,Wellington City,Nil,,,,,0.0,0.0,Urban,0.0,,,Light rain,Null,0
66523430,,575902,1.0,0.0,0.0,0.0,0.0,North,2022/2023,HAPPY VALLEY ROAD,BATA PLACE,,Serious Crash,No,2023,0.0,North,0.0,0,0.0,Flat,0.0,,0.0,,0.0,Dark,2187500,0,0.0,0.0,2.0,0.0,0.0,0.0,0.0,1.0,,0.0,0.0,Wellington Region,Nil,2-way,Sealed,0.0,0.0,1,0.0,50.0,0.0,On,1.0,0.0,,47,Wellington City,Nil,0.0,0.0,0.0,0.0,0.0,0.0,Urban,0.0,0.0,0.0,Fine,Null,0
66523439,,572900,0.0,,1.0,1.0,,North,2022/2023,HUTT ROAD,TINAKORI ROAD,,Non-Injury Crash,No,2023,,North,,0,,Flat,,,,,,Bright sun,2117203,0,0.0,0.0,2.0,,,0.0,,,3.0,,,Wellington Region,Nil,2-way,Sealed,,0.0,0,,50.0,,None,0.0,1.0,,47,Wellington City,Nil,,,,,0.0,0.0,Urban,0.0,,,Fine,Null,0
66523474,,576301,0.0,0.0,0.0,2.0,0.0,North,2022/2023,HANSON STREET,STOKE STREET,,Minor Crash,No,2022,0.0,North,0.0,0,0.0,Flat,0.0,,0.0,,0.0,Overcast,2164300,1,0.0,0.0,2.0,0.0,0.0,0.0,0.0,1.0,,0.0,0.0,Wellington Region,Nil,2-way,Sealed,0.0,0.0,0,0.0,50.0,0.0,Off,0.0,0.0,,47,Wellington City,Nil,0.0,0.0,0.0,0.0,0.0,0.0,Urban,0.0,0.0,0.0,Fine,Null,0
66523605,,576301,0.0,0.0,0.0,2.0,0.0,Null,2021/2022,RIDDIFORD STREET,CONSTABLE STREET,,Non-Injury Crash,No,2022,0.0,South,0.0,0,0.0,Flat,0.0,,0.0,,0.0,Dark,2165200,0,0.0,0.0,2.0,0.0,0.0,0.0,0.0,0.0,,0.0,0.0,Wellington Region,Nil,2-way,Sealed,0.0,0.0,0,0.0,50.0,0.0,On,0.0,0.0,,47,Wellington City,Traffic Signals,0.0,0.0,0.0,1.0,0.0,0.0,Urban,0.0,0.0,0.0,Fine,Null,0
66523628,,573200,0.0,0.0,0.0,1.0,0.0,South,2021/2022,OHIRO ROAD,ARO STREET,,Non-Injury Crash,No,2021,0.0,North,0.0,0,0.0,Hill Road,0.0,,0.0,,0.0,Unknown,2159400,0,0.0,0.0,2.0,0.0,0.0,0.0,0.0,1.0,,0.0,0.0,Wellington Region,Nil,2-way,Sealed,0.0,0.0,0,0.0,50.0,0.0,Null,0.0,0.0,,47,Wellington City,Nil,0.0,0.0,0.0,0.0,0.0,0.0,Urban,1.0,0.0,0.0,Null,Null,1
66523644,,573513,0.0,0.0,0.0,1.0,0.0,North,2020/2021,MARFORD GROVE,DERRY HILL,,Non-Injury Crash,No,2020,0.0,North,0.0,0,0.0,Flat,0.0,Christmas New Year,0.0,,0.0,Dark,2086714,0,0.0,0.0,2.0,0.0,0.0,0.0,0.0,1.0,,0.0,0.0,Wellington Region,Nil,2-way,Sealed,0.0,0.0,0,0.0,50.0,0.0,Off,0.0,0.0,,47,Wellington City,Unknown,0.0,0.0,0.0,0.0,0.0,0.0,Urban,0.0,0.0,0.0,Null,Null,1