OBJECTID,advisorySpeed,areaUnitID,bicycle,bridge,bus,carStationWagon,cliffBank,crashDirectionDescription,crashFinancialYear,crashLocation1,crashLocation2,crashRoadSideRoad,crashSeverity,crashSHDescription,crashYear,debris,directionRoleDescription,ditch,fatalCount,fence,flatHill,guardRail,holiday,houseOrBuilding,intersection,kerb,light,meshblockId,minorInjuryCount,moped,motorcycle,NumberOfLanes,objectThrownOrDropped,otherObject,otherVehicleType,overBank,parkedVehicle,pedestrian,phoneBoxEtc,postOrPole,region,roadCharacter,roadLane,roadSurface,roadworks,schoolBus,seriousInjuryCount,slipOrFlood,speedLimit,strayAnimal,streetLight,suv,taxi,temporarySpeedLimit,tlaId,tlaName,trafficControl,trafficIsland,trafficSign,train,tree,truck,unknownVehicleType,urban,vanOrUtility,vehicle,waterRiver,weatherA,weatherB,if_pandemic
66523650,,573101,0.0,0.0,0.0,1.0,0.0,Null,2021/2022,KENT TERRACE,COURTENAY PLACE,,Non-Injury Crash,No,2022,0.0,South,0.0,0,0.0,Flat,0.0,,0.0,,0.0,Overcast,2135700,0,0.0,0.0,3.0,0.0,0.0,0.0,0.0,0.0,,0.0,0.0,Wellington Region,Nil,1-way,Sealed,0.0,0.0,0,0.0,50.0,0.0,On,0.0,0.0,,47,Wellington City,Traffic Signals,0.0,1.0,0.0,0.0,0.0,0.0,Urban,0.0,0.0,0.0,Fine,Null,0
66523655,,576200,1.0,,0.0,1.0,,Null,2022/2023,RINTOUL STREET,TE WHAREPOURI STREET,,Minor Crash,No,2022,,South,,0,,Flat,,,,,,Dark,2171500,1,0.0,0.0,2.0,,,0.0,,,,,,Wellington Region,Nil,2-way,Sealed,,0.0,0,,30.0,,On,0.0,0.0,,47,Wellington City,Traffic Signals,,,,,0.0,0.0,Urban,0.0,,,Light rain,Null,0
66523698,,573600,0.0,,0.0,2.0,,North,2021/2022,JOHNSONVILLE ON RAMP,MOOREFIELD ROAD,,Non-Injury Crash,No,2022,,North,,0,,Flat,,,,,,Bright sun,2081200,0,0.0,0.0,1.0,,,0.0,,,,,,Wellington Region,Motorway ramp,1-way,Sealed,,0.0,0,,50.0,,Off,0.0,0.0,,47,Wellington City,Nil,,,,,0.0,0.0,Urban,0.0,,,Fine,Null,0
66523711,,573901,0.0,0.0,0.0,1.0,0.0,North,2021/2022,STEWART DRIVE,TED GILBERD PLACE,,Non-Injury Crash,No,2021,0.0,North,0.0,0,0.0,Hill Road,0.0,,0.0,,0.0,Overcast,2074202,0,0.0,0.0,2.0,0.0,0.0,0.0,0.0,1.0,,0.0,0.0,Wellington Region,Nil,2-way,Sealed,0.0,0.0,0,0.0,50.0,0.0,Off,0.0,0.0,,47,Wellington City,Nil,0.0,0.0,0.0,0.0,0.0,0.0,Urban,1.0,0.0,0.0,Heavy rain,Null,1
66523716,,576301,1.0,,0.0,1.0,,Null,2021/2022,RUSSELL TERRACE,RIDDIFORD STREET,,Minor Crash,No,2021,,North,,0,,Hill Road,,,,,,Bright sun,2165900,1,0.0,0.0,2.0,,,0.0,,,,,,Wellington Region,Nil,2-way,Sealed,,0.0,0,,50.0,,Off,0.0,0.0,,47,Wellington City,Give way,,,,,0.0,0.0,Urban,0.0,,,Fine,Null,1
66523719,,573101,0.0,0.0,0.0,1.0,0.0,South,2021/2022,KENT TERRACE,CAMBRIDGE TERRACE,,Non-Injury Crash,Yes,2021,0.0,South,0.0,0,0.0,Flat,0.0,Labour Weekend,0.0,,0.0,Dark,2137000,0,0.0,0.0,3.0,0.0,0.0,0.0,0.0,0.0,,0.0,1.0,Wellington Region,Nil,1-way,Sealed,0.0,0.0,0,0.0,50.0,0.0,On,0.0,0.0,,47,Wellington City,Isolated Pedestrian signal (non-intersection),0.0,0.0,0.0,0.0,0.0,0.0,Urban,0.0,0.0,0.0,Fine,Null,1
66523732,,573101,0.0,0.0,0.0,0.0,0.0,South,2020/2021,TORY STREET,TENNYSON STREET,,Non-Injury Crash,No,2021,0.0,North,0.0,0,0.0,Flat,0.0,,0.0,,0.0,Dark,2136000,0,0.0,0.0,2.0,0.0,0.0,0.0,0.0,1.0,,0.0,0.0,Wellington Region,Nil,2-way,Sealed,0.0,0.0,0,0.0,50.0,0.0,On,1.0,0.0,,47,Wellington City,Unknown,0.0,0.0,0.0,0.0,0.0,0.0,Urban,1.0,0.0,0.0,Fine,Null,1
66523759,,574500,0.0,0.0,0.0,1.0,0.0,North,2022/2023,WELLINGTON URBAN MOTORWAY,AOTEA QUAY ON RAMP,,Non-Injury Crash,Yes,2022,0.0,North,0.0,0,0.0,Flat,1.0,,0.0,,0.0,Overcast,2093600,0,0.0,0.0,4.0,0.0,0.0,0.0,0.0,0.0,,0.0,0.0,Wellington Region,Motorway ramp,1-way,Sealed,0.0,0.0,0,0.0,100.0,0.0,Off,0.0,0.0,,47,Wellington City,Nil,0.0,0.0,0.0,0.0,0.0,0.0,Open,0.0,0.0,0.0,Fine,Null,0
66523760,,574302,0.0,,0.0,1.0,,Null,2020/2021,DEKKA STREET,GANGES ROAD,,Serious Crash,No,2021,,South,,0,,Flat,,,,,,Dark,2092700,0,0.0,0.0,2.0,,,0.0,,,1.0,,,Wellington Region,Speed hump,2-way,Sealed,,0.0,1,,50.0,,On,0.0,0.0,,47,Wellington City,Give way,,,,,0.0,0.0,Urban,0.0,,,Fine,Null,1
66523763,,576001,0.0,0.0,0.0,1.0,0.0,South,2021/2022,OKU STREET,MILNE TERRACE,,Non-Injury Crash,No,2021,0.0,West,0.0,0,0.0,Hill Road,0.0,,0.0,,0.0,Twilight,2188800,0,0.0,0.0,2.0,0.0,0.0,0.0,0.0,1.0,,0.0,0.0,Wellington Region,Nil,2-way,Sealed,0.0,0.0,0,0.0,50.0,0.0,Null,0.0,0.0,,47,Wellington City,Nil,0.0,0.0,0.0,0.0,0.0,0.0,Urban,0.0,0.0,0.0,Null,Null,1
66523775,,572701,0.0,0.0,0.0,2.0,0.0,South,2021/2022,ANTHONY STREET,BELL STREET,,Non-Injury Crash,No,2022,0.0,North,0.0,0,0.0,Flat,0.0,,0.0,,0.0,Twilight,1995200,0,0.0,0.0,2.0,0.0,0.0,0.0,0.0,1.0,,0.0,0.0,Wellington Region,Nil,2-way,Sealed,0.0,0.0,0,0.0,50.0,0.0,On,0.0,0.0,,47,Wellington City,Unknown,0.0,0.0,0.0,0.0,0.0,0.0,Urban,0.0,0.0,0.0,Fine,Null,0
66523811,,574002,0.0,,0.0,1.0,,North,2021/2022,CENTENNIAL HIGHWAY,NGAURANGA GORGE ROAD,,Non-Injury Crash,No,2021,,South,,0,,Hill Road,,,,,,Dark,2078302,0,0.0,0.0,2.0,,,0.0,,,,,,Wellington Region,Nil,1-way,Sealed,,0.0,0,,80.0,,On,0.0,0.0,,47,Wellington City,Unknown,,,,,1.0,0.0,Open,0.0,,,Fine,Null,1
66523848,,573101,0.0,,0.0,2.0,,Null,2020/2021,VICTORIA STREET,VIVIAN STREET,,Non-Injury Crash,No,2021,,North,,0,,Flat,,,,,,Overcast,2131600,0,0.0,0.0,3.0,,,0.0,,,,,,Wellington Region,Nil,2-way,Sealed,,0.0,0,,30.0,,Off,0.0,0.0,,47,Wellington City,Nil,,,,,0.0,0.0,Urban,0.0,,,Fine,Frost,1
66523894,,573700,1.0,,0.0,1.0,,South,2022/2023,JOHNSONVILLE ROAD,DISRAELI STREET,,Minor Crash,No,2023,,South,,0,,Flat,,,,,,Bright sun,2083100,1,0.0,0.0,3.0,,,0.0,,,,,,Wellington Region,Nil,2-way,Sealed,,0.0,0,,50.0,,Off,0.0,0.0,,47,Wellington City,Nil,,,,,0.0,0.0,Urban,0.0,,,Fine,Null,0
66523895,,573511,0.0,0.0,0.0,1.0,1.0,South,2022/2023,JOHNSONVILLE PORIRUA MOTORWAY,TAWA-GRENADA NORTH OFF RAMP,,Non-Injury Crash,Yes,2022,0.0,North,0.0,0,0.0,Flat,1.0,,0.0,,0.0,Overcast,2086201,0,0.0,0.0,2.0,0.0,0.0,0.0,0.0,0.0,,0.0,0.0,Wellington Region,Nil,1-way,Sealed,0.0,0.0,0,0.0,100.0,0.0,None,0.0,0.0,,47,Wellington City,Nil,0.0,0.0,0.0,0.0,0.0,0.0,Open,0.0,0.0,0.0,Light rain,Null,0
66523902,,572900,0.0,0.0,0.0,2.0,0.0,South,2022/2023,WELLINGTON URBAN MOTORWAY,HAWKESTONE OBR,,Minor Crash,Yes,2023,0.0,North,0.0,0,0.0,Hill Road,0.0,,0.0,,1.0,Bright sun,2119800,1,0.0,0.0,3.0,0.0,0.0,0.0,0.0,0.0,,0.0,0.0,Wellington Region,Motorway ramp,1-way,Sealed,0.0,0.0,0,0.0,100.0,0.0,Off,0.0,0.0,,47,Wellington City,Nil,0.0,0.0,0.0,0.0,0.0,0.0,Open,1.0,0.0,0.0,Fine,Null,0
66523908,,573101,0.0,,0.0,1.0,,North,2021/2022,KENT TERRACE,KENT TERRACE,,Non-Injury Crash,No,2021,,South,,0,,Flat,,,,,,Bright sun,2135700,0,0.0,0.0,3.0,,,0.0,,,,,,Wellington Region,Nil,1-way,Sealed,,0.0,0,,50.0,,Off,0.0,0.0,,47,Wellington City,Nil,,,,,0.0,0.0,Urban,1.0,,,Fine,Null,1
66523926,,574002,0.0,0.0,0.0,1.0,0.0,South,2022/2023,HUTT ROAD ON RAMP,HUTT ROAD,,Minor Crash,No,2023,0.0,North,0.0,0,0.0,Flat,1.0,,0.0,,0.0,Dark,2078302,1,0.0,0.0,1.0,0.0,0.0,0.0,0.0,0.0,,0.0,0.0,Wellington Region,Motorway ramp,1-way,Sealed,0.0,0.0,0,0.0,80.0,0.0,On,0.0,0.0,,47,Wellington City,Nil,0.0,0.0,0.0,0.0,0.0,0.0,Open,0.0,0.0,0.0,Fine,Null,0
66523928,,573901,0.0,0.0,0.0,1.0,0.0,East,2020/2021,STEWART DRIVE,PRITCHARD STREET,,Non-Injury Crash,No,2021,0.0,East,0.0,0,0.0,Hill Road,0.0,,0.0,,0.0,Overcast,2073400,0,0.0,0.0,2.0,0.0,0.0,0.0,0.0,1.0,,0.0,0.0,Wellington Region,Nil,2-way,Sealed,0.0,0.0,0,0.0,50.0,0.0,Off,1.0,0.0,,47,Wellington City,Nil,0.0,0.0,0.0,0.0,0.0,0.0,Urban,0.0,0.0,0.0,Light rain,Null,1
66523962,,572900,1.0,,0.0,1.0,,Null,2021/2022,PARK STREET,TINAKORI ROAD,,Non-Injury Crash,No,2021,,South,,0,,Flat,,,,,,Overcast,2120500,0,0.0,0.0,3.0,,,0.0,,,,,,Wellington Region,Nil,2-way,Sealed,,0.0,0,,50.0,,Off,0.0,0.0,,47,Wellington City,Traffic Signals,,,,,0.0,0.0,Urban,0.0,,,Fine,Null,1
66524060,,574702,0.0,0.0,0.0,1.0,0.0,North,2020/2021,WILTON ROAD,HAMPSHIRE AVENUE,,Non-Injury Crash,No,2020,0.0,North,0.0,0,1.0,Flat,0.0,,0.0,,0.0,Bright sun,2104000,0,0.0,0.0,2.0,0.0,0.0,0.0,1.0,1.0,,0.0,0.0,Wellington Region,Nil,2-way,Sealed,0.0,0.0,0,0.0,50.0,0.0,Off,0.0,0.0,,47,Wellington City,Nil,0.0,0.0,0.0,1.0,0.0,0.0,Urban,1.0,0.0,0.0,Fine,Strong wind,1
66524084,,573522,0.0,,0.0,2.0,,Null,2020/2021,TAKAPU ROAD,TAWA-GRENADA NORTH OFF RAMP,,Non-Injury Crash,No,2020,,South,,0,,Flat,,,,,,Overcast,2053703,0,0.0,0.0,1.0,,,0.0,,,,,,Wellington Region,Motorway ramp,1-way,Sealed,,0.0,0,,50.0,,Off,0.0,0.0,,47,Wellington City,Stop,,,,,0.0,0.0,Urban,0.0,,,Fine,Null,1
66524108,,572900,0.0,0.0,0.0,0.0,0.0,North,2020/2021,WELLINGTON URBAN MOTORWAY,HOBSON ST OBR NBD,,Non-Injury Crash,Yes,2020,0.0,North,0.0,0,0.0,Flat,1.0,,0.0,,0.0,Overcast,2117901,0,0.0,0.0,6.0,0.0,0.0,0.0,0.0,0.0,,0.0,0.0,Wellington Region,Bridge,2-way,Sealed,0.0,0.0,0,0.0,100.0,0.0,Off,1.0,0.0,,47,Wellington City,Nil,0.0,0.0,0.0,0.0,0.0,0.0,Open,0.0,0.0,0.0,Light rain,Null,1
66524153,,573300,0.0,0.0,0.0,2.0,0.0,South,2021/2022,WALLACE STREET,HOWARD STREET,,Minor Crash,No,2022,0.0,South,0.0,0,0.0,Flat,0.0,,0.0,,0.0,Twilight,2147500,1,0.0,0.0,2.0,0.0,0.0,0.0,0.0,2.0,,0.0,0.0,Wellington Region,Nil,2-way,Sealed,0.0,0.0,0,0.0,50.0,0.0,Off,1.0,0.0,,47,Wellington City,Nil,0.0,0.0,0.0,0.0,0.0,0.0,Urban,0.0,0.0,0.0,Fine,Null,0
66524162,,575100,0.0,,0.0,2.0,,Null,2021/2022,KARORI ROAD,CAMPBELL STREET,,Non-Injury Crash,No,2021,,East,,0,,Null,,,,,,Unknown,2114200,0,0.0,0.0,2.0,,,0.0,,,,,,Wellington Region,Nil,2-way,Sealed,,0.0,0,,50.0,,Null,0.0,0.0,,47,Wellington City,Give way,,,,,0.0,0.0,Urban,0.0,,,Null,Null,1
66524177,,572900,0.0,0.0,0.0,1.0,0.0,Null,2021/2022,HAWKESTONE STREET,MOLESWORTH STREET,,Non-Injury Crash,No,2021,0.0,East,0.0,0,0.0,Flat,0.0,,0.0,,0.0,Bright sun,2119600,0,0.0,0.0,2.0,0.0,1.0,0.0,0.0,0.0,1.0,0.0,0.0,Wellington Region,Nil,1-way,Sealed,0.0,0.0,0,0.0,50.0,0.0,Off,0.0,0.0,,47,Wellington City,Give way,0.0,1.0,0.0,0.0,0.0,0.0,Urban,0.0,0.0,0.0,Fine,Null,1
66524197,,577601,0.0,,0.0,0.0,,North,2022/2023,AKAROA DRIVE,MAUPUIA ROAD,,Non-Injury Crash,No,2022,,North,,0,,Hill Road,,,,,,Dark,2201300,0,0.0,0.0,2.0,,,0.0,,,,,,Wellington Region,Nil,2-way,Sealed,,0.0,0,,50.0,,On,0.0,0.0,,47,Wellington City,Nil,,,,,0.0,0.0,Urban,2.0,,,Fine,Null,0
66524231,,573522,0.0,0.0,0.0,1.0,0.0,South,2021/2022,JOHNSONVILLE PORIRUA MOTORWAY,TAWA-GRENADA NORTH ON RAMP,,Non-Injury Crash,Yes,2022,0.0,North,0.0,0,0.0,Hill Road,1.0,,0.0,,0.0,Dark,2053703,0,0.0,0.0,2.0,0.0,0.0,0.0,0.0,0.0,,0.0,0.0,Wellington Region,Motorway ramp,1-way,Sealed,0.0,0.0,0,0.0,100.0,0.0,On,0.0,0.0,,47,Wellington City,Nil,0.0,0.0,0.0,0.0,0.0,0.0,Open,0.0,0.0,0.0,Light rain,Null,0
66524271,,576301,0.0,0.0,0.0,0.0,0.0,West,2022/2023,HALL STREET,RIDDIFORD STREET,,Minor Crash,No,2023,0.0,West,0.0,0,0.0,Hill Road,0.0,,0.0,,0.0,Overcast,2163900,1,0.0,0.0,2.0,0.0,0.0,0.0,0.0,1.0,,0.0,0.0,Wellington Region,Nil,2-way,Sealed,0.0,0.0,0,0.0,50.0,0.0,Off,1.0,0.0,,47,Wellington City,Nil,0.0,0.0,0.0,0.0,0.0,0.0,Urban,1.0,0.0,0.0,Fine,Null,0
66524293,,575800,0.0,0.0,0.0,3.0,0.0,North,2022/2023,THE RIDGEWAY,BAFFIN GROVE,,Non-Injury Crash,No,2022,0.0,North,0.0,0,0.0,Flat,0.0,,0.0,,0.0,Dark,2196902,0,0.0,0.0,2.0,0.0,0.0,0.0,0.0,1.0,,0.0,0.0,Wellington Region,Nil,2-way,Sealed,0.0,0.0,0,0.0,50.0,0.0,On,0.0,0.0,,47,Wellington City,Nil,0.0,0.0,0.0,0.0,0.0,0.0,Urban,0.0,0.0,0.0,Heavy rain,Null,0
66524295,,573000,0.0,0.0,0.0,0.0,0.0,South,2022/2023,THE TERRACE,MOUNT STREET,,Non-Injury Crash,No,2022,0.0,North,0.0,0,0.0,Hill Road,0.0,,0.0,,0.0,Bright sun,2128200,0,0.0,0.0,2.0,0.0,0.0,0.0,0.0,1.0,,0.0,0.0,Wellington Region,Nil,2-way,Sealed,0.0,0.0,0,0.0,50.0,0.0,Off,2.0,0.0,,47,Wellington City,Nil,0.0,0.0,0.0,0.0,0.0,0.0,Urban,0.0,0.0,0.0,Fine,Null,0
66524357,,576903,0.0,,0.0,1.0,,Null,2022/2023,KILBIRNIE CRESCENT,DUNCAN TERRACE,,Non-Injury Crash,No,2022,,North,,0,,Flat,,,,,,Bright sun,2179700,0,0.0,0.0,2.0,,,0.0,,,,,,Wellington Region,Nil,2-way,Sealed,,0.0,0,,50.0,,Null,1.0,0.0,,47,Wellington City,Give way,,,,,0.0,0.0,Urban,0.0,,,Fine,Null,0
66524387,,573514,0.0,,0.0,1.0,,South,2021/2022,JOHNSONVILLE PORIRUA MOTORWAY,CHURTON PARK-GLENSIDE OFF RAMP,,Non-Injury Crash,Yes,2022,,Null,,0,,Flat,,,,,,Dark,2086204,0,0.0,0.0,2.0,,,0.0,,,,,,Wellington Region,Nil,1-way,Sealed,,0.0,0,,100.0,,None,0.0,0.0,,47,Wellington City,Nil,,,,,0.0,0.0,Open,1.0,,,Fine,Null,0
66524433,,573802,0.0,1.0,0.0,1.0,0.0,West,2021/2022,CRESSWELL PLACE,SHERIDAN TERRACE,,Non-Injury Crash,No,2022,0.0,North,0.0,0,0.0,Flat,0.0,,0.0,,0.0,Unknown,2078701,0,0.0,0.0,2.0,0.0,0.0,0.0,0.0,0.0,,0.0,0.0,Wellington Region,Nil,2-way,Sealed,0.0,0.0,0,0.0,50.0,0.0,Null,0.0,0.0,,47,Wellington City,Nil,0.0,0.0,0.0,0.0,0.0,0.0,Urban,0.0,0.0,0.0,Null,Null,0
66524463,,576800,0.0,0.0,0.0,3.0,0.0,Null,2023/2024,TAURIMA STREET,RUAHINE STREET,,Minor Crash,Yes,2023,0.0,East,0.0,0,0.0,Flat,0.0,,0.0,,0.0,Overcast,2181800,3,0.0,0.0,2.0,0.0,0.0,0.0,0.0,0.0,,0.0,0.0,Wellington Region,Nil,2-way,Sealed,0.0,0.0,0,0.0,50.0,0.0,Off,0.0,0.0,,47,Wellington City,Give way,1.0,0.0,0.0,0.0,0.0,0.0,Urban,0.0,0.0,0.0,Fine,Null,0
66524490,,572900,0.0,,0.0,0.0,,Null,2022/2023,MOLESWORTH STREET,KATE SHEPPARD PLACE,,Serious Crash,No,2022,,North,,0,,Hill Road,,,,,,Dark,2122600,0,0.0,1.0,2.0,,,0.0,,,1.0,,,Wellington Region,Nil,1-way,Sealed,,0.0,1,,50.0,,On,0.0,0.0,,47,Wellington City,Give way,,,,,0.0,0.0,Urban,0.0,,,Light rain,Null,0
66524530,,573000,0.0,,0.0,1.0,,Null,2022/2023,WILLIS STREET,DIXON STREET,,Minor Crash,No,2022,,North,,0,,Flat,,,,,,Overcast,2130700,1,0.0,1.0,2.0,,,0.0,,,,,,Wellington Region,Nil,2-way,Sealed,,0.0,0,,30.0,,Off,0.0,0.0,,47,Wellington City,Traffic Signals,,,,,0.0,0.0,Urban,0.0,,,Fine,Null,0
66524534,,576901,0.0,,0.0,2.0,,East,2021/2022,COBHAM DRIVE,EVANS BAY PARADE,,Non-Injury Crash,Yes,2022,,West,,0,,Flat,,,,,,Bright sun,2177800,0,0.0,0.0,6.0,,,0.0,,,,,,Wellington Region,Nil,2-way,Sealed,,0.0,0,,50.0,,Off,0.0,0.0,,47,Wellington City,Nil,,,,,0.0,0.0,Urban,1.0,,,Fine,Null,0
66524543,,572900,0.0,0.0,0.0,1.0,0.0,Null,2021/2022,DAVIS STREET,THORNDON QUAY,,Non-Injury Crash,No,2022,0.0,East,0.0,0,0.0,Flat,0.0,,0.0,,0.0,Bright sun,2118200,0,0.0,0.0,2.0,0.0,1.0,0.0,0.0,0.0,,0.0,0.0,Wellington Region,Nil,2-way,Sealed,0.0,0.0,0,0.0,50.0,0.0,Off,0.0,0.0,,47,Wellington City,Give way,0.0,0.0,0.0,0.0,0.0,0.0,Urban,1.0,0.0,0.0,Fine,Null,0
66524630,,573522,0.0,0.0,0.0,2.0,0.0,South,2022/2023,JOHNSONVILLE PORIRUA MOTORWAY,TAWA-GRENADA NORTH ON RAMP,,Non-Injury Crash,Yes,2023,0.0,North,1.0,0,0.0,Flat,1.0,,0.0,,0.0,Dark,2053703,0,0.0,0.0,2.0,0.0,0.0,0.0,0.0,0.0,,0.0,0.0,Wellington Region,Motorway ramp,1-way,Sealed,0.0,0.0,0,0.0,100.0,0.0,On,0.0,0.0,,47,Wellington City,Nil,0.0,0.0,0.0,0.0,0.0,0.0,Open,1.0,0.0,0.0,Fine,Null,0
66524646,45.0,572701,0.0,,0.0,2.0,,Null,2023/2024,COLLINS AVENUE,HANDYSIDE STREET,,Minor Crash,No,2023,,South,,0,,Hill Road,,,,,,Bright sun,1993400,1,0.0,0.0,2.0,,,0.0,,,,,,Wellington Region,Nil,2-way,Sealed,,0.0,0,,50.0,,Off,0.0,0.0,,47,Wellington City,Stop,,,,,0.0,0.0,Urban,0.0,,,Fine,Null,0
66524651,,573600,0.0,,0.0,1.0,,North,2022/2023,JOHNSONVILLE PORIRUA MOTORWAY,HELSTON OBR,,Non-Injury Crash,Yes,2022,,North,,0,,Flat,,,,,,Dark,2081200,0,0.0,0.0,4.0,,,0.0,,,,,,Wellington Region,Nil,2-way,Sealed,,0.0,0,,100.0,,On,0.0,0.0,,47,Wellington City,Nil,,,,,0.0,0.0,Open,0.0,,,Heavy rain,Null,0
66524661,,574002,0.0,,0.0,2.0,,North,2022/2023,HUTT ROAD,RAILYARD ENTRY,,Minor Crash,Yes,2023,,South,,0,,Flat,,,,,,Dark,2078302,1,0.0,0.0,2.0,,,0.0,,,,,,Wellington Region,Nil,2-way,Sealed,,0.0,0,,100.0,,Off,0.0,0.0,,47,Wellington City,Nil,,,,,0.0,0.0,Open,0.0,,,Fine,Null,0
66524695,,575100,0.0,0.0,0.0,1.0,0.0,Null,2021/2022,HAZLEWOOD AVENUE,SADDLEBACK GROVE,,Non-Injury Crash,No,2022,0.0,West,0.0,0,0.0,Hill Road,0.0,,1.0,,0.0,Dark,2116310,0,0.0,0.0,4.0,0.0,0.0,0.0,0.0,0.0,,0.0,0.0,Wellington Region,Nil,2-way,Sealed,0.0,0.0,0,0.0,50.0,0.0,On,0.0,0.0,,47,Wellington City,Give way,0.0,0.0,0.0,0.0,0.0,0.0,Urban,0.0,0.0,0.0,Fine,Null,0
66524716,,573000,0.0,,0.0,0.0,,North,2021/2022,WELLINGTON URBAN MOTORWAY,NORTH PORTAL SBD,,Non-Injury Crash,Yes,2021,,South,,0,,Flat,,,,,,Bright sun,2126700,0,0.0,0.0,1.0,,,0.0,,,,,,Wellington Region,Nil,1-way,Sealed,,0.0,0,,100.0,,Off,1.0,0.0,,47,Wellington City,Nil,,,,,0.0,0.0,Open,1.0,,,Fine,Null,1
66524731,,577101,0.0,,0.0,2.0,,North,2021/2022,TIO TIO ROAD,BROADWAY,,Non-Injury Crash,No,2021,,North,,0,,Hill Road,,,,,,Dark,2212800,0,0.0,0.0,2.0,,,0.0,,,,,,Wellington Region,Nil,2-way,Sealed,,0.0,0,,50.0,,On,0.0,0.0,,47,Wellington City,Nil,,,,,0.0,0.0,Urban,0.0,,,Fine,Null,1
66524754,,573522,0.0,0.0,0.0,2.0,0.0,South,2022/2023,JOHNSONVILLE PORIRUA MOTORWAY,TAWA-GRENADA NORTH ON RAMP,,Minor Crash,Yes,2022,0.0,North,0.0,0,0.0,Flat,1.0,,0.0,,0.0,Overcast,2053703,2,0.0,0.0,2.0,0.0,0.0,0.0,0.0,0.0,,0.0,0.0,Wellington Region,Nil,1-way,Sealed,0.0,0.0,0,0.0,100.0,0.0,Off,0.0,0.0,,47,Wellington City,Nil,0.0,0.0,0.0,0.0,0.0,0.0,Open,0.0,0.0,0.0,Fine,Null,0
66524756,,576600,0.0,,0.0,1.0,,West,2020/2021,ORIENTAL PARADE,HAY STREET,,Non-Injury Crash,No,2020,,East,,0,,Flat,,Labour Weekend,,,,Unknown,2137900,0,0.0,0.0,2.0,,,0.0,,,,,,Wellington Region,Nil,2-way,Sealed,,0.0,0,,40.0,,Null,1.0,0.0,,47,Wellington City,Nil,,,,,0.0,0.0,Urban,0.0,,,Null,Null,1
66524782,,574303,0.0,0.0,0.0,1.0,1.0,Null,2021/2022,HUTT ROAD,JARDEN MILE,,Non-Injury Crash,No,2021,0.0,North,0.0,0,0.0,Flat,0.0,,0.0,,0.0,Dark,2090402,0,0.0,0.0,2.0,0.0,0.0,0.0,0.0,0.0,,0.0,1.0,Wellington Region,Motorway ramp,1-way,Sealed,0.0,0.0,0,0.0,80.0,0.0,On,0.0,0.0,,47,Wellington City,Traffic Signals,1.0,1.0,0.0,0.0,0.0,0.0,Open,0.0,0.0,0.0,Light rain,Null,1
66524801,,573000,0.0,,0.0,2.0,,North,2021/2022,WELLINGTON URBAN MOTORWAY,NORTH PORTAL SBD,,Non-Injury Crash,Yes,2022,,South,,0,,Flat,,,,,,Bright sun,2126700,0,0.0,0.0,3.0,,,0.0,,,,,,Wellington Region,Tunnel,1-way,Sealed,,0.0,0,,100.0,,Off,1.0,0.0,60.0,47,Wellington City,Nil,,,,,0.0,0.0,Open,0.0,,,Fine,Null,0
66524842,,576100,0.0,0.0,0.0,2.0,0.0,North,2021/2022,HUNGERFORD ROAD,VIEW ROAD,,Non-Injury Crash,No,2022,0.0,East,0.0,0,0.0,Hill Road,0.0,,0.0,,1.0,Bright sun,2194600,0,0.0,0.0,2.0,0.0,0.0,0.0,0.0,1.0,,0.0,0.0,Wellington Region,Nil,2-way,Sealed,0.0,0.0,0,0.0,50.0,0.0,None,0.0,0.0,,47,Wellington City,Nil,0.0,0.0,0.0,0.0,0.0,0.0,Urban,0.0,0.0,0.0,Fine,Frost,0
66524855,,572701,0.0,,0.0,1.0,,South,2023/2024,JOHNSONVILLE PORIRUA MOTORWAY,COLLINS OBR,,Non-Injury Crash,Yes,2023,,North,,0,,Flat,,,,,,Overcast,1993701,0,0.0,1.0,5.0,,,0.0,,,,,,Wellington Region,Nil,2-way,Sealed,,0.0,0,,100.0,,Off,0.0,0.0,,47,Wellington City,Nil,,,,,0.0,0.0,Open,0.0,,,Hail or Sleet,Null,0
66524856,,576903,0.0,,0.0,1.0,,Null,2020/2021,EVANS BAY PARADE,COBHAM DRIVE,,Non-Injury Crash,No,2020,,South,,0,,Flat,,,,,,Overcast,2180200,0,0.0,0.0,1.0,,,0.0,,,,,,Wellington Region,Nil,1-way,Sealed,,0.0,0,,50.0,,None,0.0,0.0,,47,Wellington City,Give way,,,,,0.0,0.0,Urban,1.0,,,Fine,Null,1
66524897,,576400,0.0,,0.0,1.0,,Null,2022/2023,CONSTABLE STREET,OWEN STREET,,Minor Crash,No,2022,,West,,0,,Hill Road,,,,,,Overcast,2167600,1,0.0,0.0,2.0,,,0.0,,,1.0,,,Wellington Region,Nil,2-way,Sealed,,0.0,0,,50.0,,Off,0.0,0.0,,47,Wellington City,Traffic Signals,,,,,0.0,0.0,Urban,0.0,,,Fine,Strong wind,0
66525005,,572900,0.0,,0.0,0.0,,Null,2021/2022,FEATHERSTON STREET,MULGRAVE STREET,,Non-Injury Crash,No,2022,,North,,0,,Flat,,,,,,Bright sun,2122800,0,0.0,0.0,4.0,,,0.0,,,,,,Wellington Region,Nil,2-way,Sealed,,0.0,0,,30.0,,Off,1.0,0.0,,47,Wellington City,Traffic Signals,,,,,0.0,0.0,Urban,1.0,,,Fine,Null,0
66525008,,573101,0.0,0.0,0.0,1.0,0.0,Null,2021/2022,DIXON STREET,INGLEWOOD PLACE,,Non-Injury Crash,No,2021,0.0,West,0.0,0,0.0,Flat,0.0,,0.0,,0.0,Dark,2133408,0,0.0,0.0,2.0,0.0,0.0,0.0,0.0,0.0,,0.0,0.0,Wellington Region,Nil,1-way,Sealed,0.0,0.0,0,0.0,30.0,0.0,On,0.0,0.0,,47,Wellington City,Nil,0.0,1.0,0.0,0.0,0.0,0.0,Urban,0.0,0.0,0.0,Light rain,Null,1