OBJECTID,advisorySpeed,areaUnitID,bicycle,bridge,bus,carStationWagon,cliffBank,crashDirectionDescription,crashFinancialYear,crashLocation1,crashLocation2,crashRoadSideRoad,crashSeverity,crashSHDescription,crashYear,debris,directionRoleDescription,ditch,fatalCount,fence,flatHill,guardRail,holiday,houseOrBuilding,intersection,kerb,light,meshblockId,minorInjuryCount,moped,motorcycle,NumberOfLanes,objectThrownOrDropped,otherObject,otherVehicleType,overBank,parkedVehicle,pedestrian,phoneBoxEtc,postOrPole,region,roadCharacter,roadLane,roadSurface,roadworks,schoolBus,seriousInjuryCount,slipOrFlood,speedLimit,strayAnimal,streetLight,suv,taxi,temporarySpeedLimit,tlaId,tlaName,trafficControl,trafficIsland,trafficSign,train,tree,truck,unknownVehicleType,urban,vanOrUtility,vehicle,waterRiver,weatherA,weatherB,if_pandemic
66525071,,574001,0.0,0.0,0.0,2.0,0.0,West,2021/2022,HOROKIWI ROAD WEST,BLOOMSBURY GROVE,,Non-Injury Crash,No,2022,0.0,West,0.0,0,0.0,Hill Road,0.0,,0.0,,0.0,Dark,2075500,0,0.0,0.0,2.0,0.0,0.0,0.0,0.0,1.0,,0.0,0.0,Wellington Region,Nil,2-way,Sealed,0.0,0.0,0,0.0,50.0,0.0,Null,0.0,0.0,,47,Wellington City,Nil,0.0,0.0,0.0,0.0,0.0,0.0,Urban,0.0,0.0,0.0,Fine,Null,0
66525077,,574100,0.0,,0.0,1.0,,South,2021/2022,TRUSCOTT AVENUE,FAIRBURN GROVE,,Non-Injury Crash,No,2022,,North,,0,,Flat,,,,,,Bright sun,2085905,0,0.0,0.0,2.0,,,0.0,,,,,,Wellington Region,Nil,2-way,Sealed,,0.0,0,,50.0,,Off,0.0,0.0,,47,Wellington City,Nil,,,,,0.0,0.0,Urban,1.0,,,Fine,Null,0
66525078,,577700,0.0,0.0,0.0,1.0,0.0,North,2022/2023,OHARIU VALLEY ROAD,MCLINTOCK STREET NORTH,,Non-Injury Crash,No,2022,0.0,North,0.0,0,1.0,Hill Road,0.0,,0.0,,0.0,Overcast,2117003,0,0.0,0.0,2.0,0.0,0.0,0.0,0.0,0.0,,0.0,0.0,Wellington Region,Nil,2-way,Sealed,0.0,0.0,0,0.0,50.0,0.0,None,0.0,0.0,,47,Wellington City,Nil,0.0,0.0,0.0,0.0,0.0,0.0,Urban,0.0,0.0,0.0,Fine,Strong wind,0
66525106,,574500,0.0,,0.0,2.0,,Null,2021/2022,HUTT ROAD,HUTT ROAD,,Non-Injury Crash,No,2021,,North,,0,,Flat,,,,,,Overcast,2093600,0,0.0,0.0,4.0,,,0.0,,,,,,Wellington Region,Nil,2-way,Sealed,,0.0,0,,60.0,,Off,0.0,0.0,,47,Wellington City,Nil,,,,,0.0,0.0,Urban,0.0,,,Light rain,Null,1
66525114,,575000,0.0,0.0,0.0,1.0,0.0,Null,2021/2022,CHAYTOR STREET,NORTHLAND TUNNEL ROAD,,Minor Crash,No,2021,0.0,North,0.0,0,0.0,Flat,0.0,,0.0,,0.0,Dark,2111100,1,0.0,0.0,3.0,0.0,0.0,0.0,0.0,0.0,,0.0,0.0,Wellington Region,Nil,2-way,Sealed,0.0,0.0,0,0.0,50.0,0.0,On,0.0,0.0,,47,Wellington City,Traffic Signals,0.0,1.0,0.0,0.0,0.0,0.0,Urban,0.0,0.0,0.0,Light rain,Null,1
66525136,,577301,0.0,0.0,0.0,3.0,0.0,South,2020/2021,PARK ROAD,CAMPERDOWN ROAD,,Non-Injury Crash,No,2020,0.0,South,0.0,0,0.0,Flat,0.0,,0.0,,0.0,Bright sun,2203600,0,0.0,0.0,2.0,0.0,0.0,0.0,0.0,2.0,,0.0,0.0,Wellington Region,Nil,2-way,Sealed,0.0,0.0,0,0.0,50.0,0.0,Off,0.0,0.0,,47,Wellington City,Nil,0.0,0.0,0.0,0.0,0.0,0.0,Urban,1.0,0.0,0.0,Fine,Null,1
66525163,,573101,0.0,,0.0,2.0,,Null,2021/2022,VIVIAN STREET,CAMBRIDGE TERRACE,,Non-Injury Crash,Yes,2022,,East,,0,,Null,,,,,,Dark,2136500,0,0.0,0.0,2.0,,,0.0,,,,,,Wellington Region,Nil,2-way,Sealed,,0.0,0,,50.0,,On,0.0,0.0,,47,Wellington City,Traffic Signals,,,,,0.0,0.0,Urban,0.0,,,Fine,Null,0
66525205,,574402,0.0,0.0,0.0,1.0,1.0,North,2022/2023,NGAIO GORGE ROAD,KAIWHARAWHARA ROAD,,Minor Crash,No,2023,0.0,West,0.0,0,0.0,Hill Road,0.0,,0.0,,0.0,Overcast,2098400,3,0.0,0.0,2.0,0.0,0.0,0.0,0.0,0.0,,0.0,0.0,Wellington Region,Nil,2-way,Sealed,0.0,0.0,0,0.0,50.0,0.0,Off,0.0,0.0,30.0,47,Wellington City,Nil,0.0,0.0,0.0,0.0,0.0,0.0,Urban,0.0,0.0,0.0,Fine,Null,0
66525208,,573101,0.0,0.0,0.0,1.0,0.0,North,2020/2021,CUBA STREET,ABEL SMITH STREET,,Non-Injury Crash,No,2020,0.0,North,0.0,0,0.0,Flat,0.0,,0.0,,0.0,Unknown,2132300,0,0.0,0.0,2.0,0.0,0.0,0.0,0.0,1.0,,0.0,0.0,Wellington Region,Nil,2-way,Sealed,0.0,0.0,0,0.0,30.0,0.0,Null,0.0,0.0,,47,Wellington City,Nil,0.0,0.0,0.0,0.0,0.0,0.0,Urban,1.0,0.0,0.0,Null,Null,1
66525225,,574100,0.0,0.0,0.0,1.0,0.0,South,2021/2022,CENTENNIAL HIGHWAY,JOHNSONVILLE OFF RAMP,,Non-Injury Crash,Yes,2022,0.0,North,0.0,0,0.0,Hill Road,0.0,,0.0,,0.0,Dark,2084600,0,0.0,0.0,7.0,0.0,0.0,0.0,0.0,0.0,,0.0,1.0,Wellington Region,Motorway ramp,2-way,Sealed,0.0,0.0,0,0.0,80.0,0.0,On,0.0,0.0,,47,Wellington City,Nil,0.0,0.0,0.0,0.0,0.0,0.0,Open,0.0,0.0,0.0,Fine,Null,0
66525231,,576400,0.0,,0.0,0.0,,Null,2021/2022,RIDDIFORD STREET,GREEN STREET,,Non-Injury Crash,No,2021,,North,,0,,Null,,,,,,Unknown,2166900,0,0.0,0.0,3.0,,,0.0,,,,,,Wellington Region,Nil,2-way,Sealed,,0.0,0,,40.0,,Null,2.0,0.0,,47,Wellington City,Give way,,,,,0.0,0.0,Urban,0.0,,,Null,Null,1
66525249,,576903,0.0,0.0,0.0,2.0,0.0,Null,2021/2022,WELLINGTON ROAD,KILBIRNIE CRESCENT,,Non-Injury Crash,Yes,2022,0.0,West,0.0,0,0.0,Flat,0.0,,0.0,,0.0,Dark,2177900,0,0.0,0.0,4.0,0.0,0.0,0.0,0.0,0.0,,0.0,0.0,Wellington Region,Nil,2-way,Sealed,0.0,0.0,0,0.0,50.0,0.0,On,0.0,0.0,,47,Wellington City,Traffic Signals,0.0,1.0,0.0,0.0,0.0,0.0,Urban,0.0,0.0,0.0,Fine,Null,0
66525253,,576903,0.0,,0.0,2.0,,Null,2023/2024,EVANS BAY PARADE,COBHAM DRIVE,,Minor Crash,No,2023,,South,,0,,Flat,,,,,,Dark,2180200,2,0.0,0.0,1.0,,,0.0,,,,,,Wellington Region,Nil,1-way,Sealed,,0.0,0,,50.0,,On,0.0,0.0,,47,Wellington City,Give way,,,,,0.0,0.0,Urban,0.0,,,Heavy rain,Null,0
66525351,,576903,0.0,,0.0,2.0,,North,2022/2023,EVANS BAY PARADE,COBHAM DRIVE,,Non-Injury Crash,No,2022,,South,,0,,Flat,,,,,,Bright sun,2179800,0,0.0,0.0,2.0,,,0.0,,,,,,Wellington Region,Nil,2-way,Sealed,,0.0,0,,50.0,,Off,0.0,0.0,,47,Wellington City,Nil,,,,,0.0,0.0,Urban,0.0,,,Fine,Null,0
66525383,,572900,0.0,0.0,0.0,1.0,1.0,North,2021/2022,AOTEA QUAY,RLY YARD ENT S,,Non-Injury Crash,No,2022,0.0,South,0.0,0,0.0,Flat,0.0,,0.0,,0.0,Overcast,2118400,0,0.0,0.0,5.0,0.0,0.0,0.0,0.0,0.0,,0.0,0.0,Wellington Region,Nil,2-way,Sealed,0.0,0.0,0,0.0,70.0,0.0,Off,0.0,0.0,,47,Wellington City,Nil,0.0,0.0,0.0,0.0,0.0,0.0,Urban,0.0,0.0,0.0,Fine,Null,0
66525390,,573101,0.0,,0.0,2.0,,Null,2022/2023,TARANAKI STREET,MARTIN SQUARE,,Non-Injury Crash,No,2022,,South,,0,,Flat,,,,,,Overcast,2134800,0,0.0,0.0,3.0,,,0.0,,,,,,Wellington Region,Nil,2-way,Sealed,,0.0,0,,50.0,,Off,0.0,0.0,,47,Wellington City,Nil,,,,,0.0,0.0,Urban,0.0,,,Fine,Null,0
66525393,,573700,0.0,,0.0,1.0,,North,2022/2023,JOHNSONVILLE ROAD,HAWEA STREET,,Minor Crash,No,2022,,North,,0,,Flat,,,,,,Dark,2082800,1,0.0,0.0,2.0,,,0.0,,,,,,Wellington Region,Nil,2-way,Sealed,,0.0,0,,50.0,,On,0.0,0.0,,47,Wellington City,Traffic Signals,,,,,0.0,0.0,Urban,0.0,,,Fine,Null,0
66525405,,573700,0.0,,0.0,2.0,,Null,2022/2023,JOHNSONVILLE ROAD,MOOREFIELD ROAD,,Minor Crash,No,2023,,North,,0,,Flat,,,,,,Overcast,2082800,1,0.0,0.0,2.0,,,0.0,,,,,,Wellington Region,Nil,2-way,Sealed,,0.0,0,,50.0,,Off,0.0,0.0,,47,Wellington City,Give way,,,,,0.0,0.0,Urban,0.0,,,Light rain,Null,0
66525433,65.0,572900,0.0,0.0,0.0,1.0,0.0,South,2021/2022,AOTEA QUAY OFF RAMP,WELLINGTON URBAN MOTORWAY,,Minor Crash,No,2022,0.0,South,0.0,0,0.0,Hill Road,1.0,,0.0,,0.0,Dark,2118400,1,0.0,0.0,1.0,0.0,0.0,0.0,0.0,0.0,,0.0,0.0,Wellington Region,Motorway ramp,1-way,Unsealed,0.0,0.0,0,0.0,100.0,0.0,On,0.0,0.0,,47,Wellington City,Nil,0.0,0.0,0.0,0.0,0.0,0.0,Open,0.0,0.0,0.0,Light rain,Null,0
66525434,,574302,0.0,0.0,0.0,1.0,1.0,South,2021/2022,ONSLOW ROAD,LOHIA STREET,,Non-Injury Crash,No,2022,0.0,West,0.0,0,1.0,Hill Road,0.0,,0.0,,0.0,Dark,2090102,0,0.0,0.0,2.0,0.0,0.0,0.0,0.0,0.0,,0.0,0.0,Wellington Region,Nil,2-way,Sealed,0.0,0.0,0,0.0,50.0,0.0,None,0.0,0.0,,47,Wellington City,Nil,0.0,0.0,0.0,1.0,0.0,0.0,Urban,0.0,0.0,0.0,Fine,Null,0
66525458,,576500,0.0,,0.0,1.0,,South,2022/2023,ADELAIDE ROAD,KING STREET,,Serious Crash,No,2022,,South,,0,,Flat,,,,,,Bright sun,2148201,0,1.0,0.0,3.0,,,0.0,,,,,,Wellington Region,Nil,2-way,Sealed,,0.0,1,,40.0,,Off,0.0,0.0,,47,Wellington City,Nil,,,,,0.0,0.0,Urban,0.0,,,Fine,Null,0
66525509,,574303,0.0,,0.0,1.0,,North,2023/2024,WELLINGTON URBAN MOTORWAY,ONSLOW RAIL OBR,,Minor Crash,Yes,2024,,South,,0,,Flat,,,,,,Overcast,2090402,1,0.0,0.0,3.0,,,0.0,,,,,,Wellington Region,Motorway ramp,1-way,Sealed,,0.0,0,,100.0,,Off,0.0,0.0,,47,Wellington City,Nil,,,,,1.0,0.0,Open,0.0,,,Light rain,Null,0
66525619,,574500,0.0,0.0,0.0,1.0,0.0,North,2021/2022,WELLINGTON URBAN MOTORWAY,AOTEA QUAY OFF RAMP,,Non-Injury Crash,Yes,2021,0.0,South,0.0,0,0.0,Flat,1.0,,0.0,,0.0,Overcast,2093600,0,0.0,0.0,3.0,0.0,0.0,0.0,0.0,0.0,,0.0,0.0,Wellington Region,Nil,1-way,Sealed,0.0,0.0,0,0.0,100.0,0.0,Off,0.0,0.0,,47,Wellington City,Nil,0.0,0.0,0.0,0.0,0.0,0.0,Open,0.0,0.0,0.0,Light rain,Null,1
66525639,,574303,0.0,0.0,0.0,1.0,0.0,South,2022/2023,WELLINGTON URBAN MOTORWAY,NGAURANGA ON NBD OBR,,Non-Injury Crash,Yes,2023,0.0,North,0.0,0,0.0,Flat,2.0,,0.0,,0.0,Dark,2090402,0,0.0,0.0,4.0,0.0,0.0,0.0,0.0,0.0,,0.0,0.0,Wellington Region,Nil,1-way,Sealed,0.0,0.0,0,0.0,100.0,0.0,On,0.0,0.0,,47,Wellington City,Nil,0.0,0.0,0.0,0.0,0.0,0.0,Open,0.0,0.0,0.0,Light rain,Strong wind,0
66525650,,573525,0.0,0.0,0.0,0.0,1.0,North,2021/2022,JOHNSONVILLE PORIRUA MOTORWAY,TAWA-GRENADA NORTH OFF RAMP,,Non-Injury Crash,Yes,2022,0.0,South,0.0,0,0.0,Flat,1.0,,0.0,,0.0,Overcast,2053830,0,0.0,0.0,4.0,0.0,0.0,0.0,0.0,0.0,,0.0,0.0,Wellington Region,Nil,2-way,Sealed,0.0,0.0,0,0.0,100.0,0.0,Off,0.0,0.0,,47,Wellington City,Nil,0.0,0.0,0.0,0.0,0.0,0.0,Open,1.0,0.0,0.0,Light rain,Null,0
66525654,,574702,0.0,0.0,0.0,1.0,1.0,Null,2022/2023,WILTON ROAD,WARWICK STREET,,Non-Injury Crash,No,2023,0.0,East,0.0,0,0.0,Flat,0.0,,0.0,,0.0,Twilight,2103900,0,0.0,0.0,2.0,0.0,0.0,0.0,0.0,0.0,,0.0,0.0,Wellington Region,Nil,2-way,Sealed,0.0,0.0,0,0.0,50.0,0.0,On,0.0,0.0,,47,Wellington City,Give way,0.0,0.0,0.0,0.0,0.0,0.0,Urban,0.0,0.0,0.0,Fine,Null,0
66525664,,572900,0.0,0.0,0.0,0.0,0.0,South,2021/2022,WATERLOO QUAY,PLATFORM 9 ENTRY,,Serious Crash,No,2022,0.0,North,0.0,0,0.0,Flat,0.0,,0.0,,0.0,Dark,2122700,0,0.0,1.0,2.0,0.0,0.0,0.0,0.0,0.0,,0.0,0.0,Wellington Region,Nil,1-way,Sealed,0.0,0.0,1,0.0,50.0,0.0,On,0.0,0.0,,47,Wellington City,Nil,1.0,0.0,0.0,0.0,0.0,0.0,Urban,0.0,0.0,0.0,Fine,Null,0
66525680,,574302,0.0,0.0,0.0,0.0,0.0,North,2021/2022,BOX HILL,WOODMANCOTE ROAD,,Minor Crash,No,2021,0.0,South,0.0,0,0.0,Hill Road,0.0,,0.0,,0.0,Overcast,2090800,1,1.0,0.0,2.0,0.0,0.0,0.0,0.0,1.0,,0.0,0.0,Wellington Region,Nil,2-way,Sealed,0.0,0.0,0,0.0,50.0,0.0,Off,0.0,0.0,,47,Wellington City,Nil,0.0,0.0,0.0,0.0,0.0,0.0,Urban,1.0,0.0,0.0,Fine,Null,1
66525685,,573000,0.0,,0.0,1.0,,East,2022/2023,HARRIS STREET,VICTORIA STREET,,Non-Injury Crash,No,2022,,East,,0,,Flat,,,,,,Overcast,2127500,0,0.0,0.0,2.0,,,0.0,,,,,,Wellington Region,Nil,2-way,Sealed,,0.0,0,,30.0,,Off,1.0,0.0,,47,Wellington City,Nil,,,,,0.0,0.0,Urban,0.0,,,Fine,Null,0
66525694,,575300,0.0,,0.0,2.0,,South,2022/2023,SALAMANCA ROAD,KELBURN PARADE,,Non-Injury Crash,No,2023,,South,,0,,Hill Road,,,,,,Bright sun,2155300,0,0.0,0.0,2.0,,,0.0,,,,,,Wellington Region,Nil,2-way,Sealed,,0.0,0,,50.0,,Off,0.0,0.0,,47,Wellington City,Nil,,,,,0.0,0.0,Urban,0.0,,,Fine,Null,0
66525727,,576903,0.0,,0.0,1.0,,Null,2022/2023,WELLINGTON ROAD,HAMILTON ROAD,,Non-Injury Crash,Yes,2023,,East,,0,,Hill Road,,,,,,Dark,2180300,0,0.0,1.0,3.0,,,0.0,,,,,,Wellington Region,Nil,2-way,Sealed,,0.0,0,,50.0,,On,0.0,1.0,,47,Wellington City,Traffic Signals,,,,,0.0,0.0,Urban,0.0,,,Fine,Null,0
66525744,,573000,0.0,,0.0,2.0,,Null,2021/2022,WHITMORE STREET,FEATHERSTON STREET,,Minor Crash,No,2021,,North,,0,,Flat,,,,,,Bright sun,2124300,1,0.0,0.0,5.0,,,0.0,,,,,,Wellington Region,Nil,2-way,Sealed,,0.0,0,,30.0,,Off,0.0,0.0,,47,Wellington City,Traffic Signals,,,,,0.0,0.0,Urban,0.0,,,Fine,Null,1
66525806,,573526,0.0,0.0,0.0,1.0,0.0,North,2022/2023,HUTT ROAD,SERVICE STN NTH,,Minor Crash,Yes,2023,1.0,North,0.0,0,0.0,Flat,2.0,,0.0,,0.0,Dark,2086403,1,0.0,0.0,2.0,0.0,0.0,0.0,0.0,0.0,,0.0,0.0,Wellington Region,Nil,1-way,Sealed,0.0,0.0,0,0.0,100.0,0.0,On,1.0,0.0,,47,Wellington City,Nil,0.0,0.0,0.0,0.0,0.0,0.0,Open,0.0,0.0,0.0,Fine,Null,0
66525834,,573514,0.0,,0.0,1.0,,North,2022/2023,JOHNSONVILLE PORIRUA MOTORWAY,JOHNSONVILLE ON RAMP,,Non-Injury Crash,Yes,2022,,North,,0,,Flat,,,,,,Overcast,2081100,0,0.0,0.0,4.0,,,0.0,,,,,,Wellington Region,Nil,2-way,Sealed,,0.0,0,,100.0,,Off,0.0,0.0,,47,Wellington City,Nil,,,,,1.0,0.0,Open,1.0,,,Light rain,Null,0
66525973,,575000,0.0,,0.0,1.0,,North,2021/2022,CHAYTOR STREET,BIRDWOOD STREET,,Non-Injury Crash,No,2022,,South,,0,,Flat,,,,,,Overcast,2111100,0,0.0,0.0,2.0,,,0.0,,,,,,Wellington Region,Nil,2-way,Sealed,,0.0,0,,50.0,,None,0.0,0.0,,47,Wellington City,Unknown,,,,,1.0,0.0,Urban,0.0,,,Light rain,Null,0
66525987,,573300,0.0,0.0,0.0,1.0,0.0,Null,2021/2022,ADELAIDE ROAD,BROWN STREET,,Non-Injury Crash,No,2021,0.0,North,0.0,0,0.0,Flat,0.0,,0.0,,0.0,Unknown,2146100,0,0.0,0.0,3.0,0.0,0.0,0.0,0.0,1.0,,0.0,0.0,Wellington Region,Nil,2-way,Sealed,0.0,0.0,0,0.0,50.0,0.0,Null,1.0,0.0,,47,Wellington City,Give way,0.0,0.0,0.0,0.0,0.0,0.0,Urban,0.0,0.0,0.0,Null,Null,1
66525992,,573700,0.0,,0.0,1.0,,Null,2020/2021,JOHNSONVILLE ROAD,MOOREFIELD ROAD,,Minor Crash,No,2021,,North,,0,,Flat,,,,,,Dark,2082800,1,0.0,0.0,1.0,,,0.0,,,1.0,,,Wellington Region,Nil,1-way,Sealed,,0.0,0,,50.0,,On,0.0,0.0,,47,Wellington City,Give way,,,,,0.0,0.0,Urban,0.0,,,Light rain,Strong wind,1
66525994,,573400,0.0,,0.0,2.0,,North,2021/2022,ORIENTAL PARADE,WAKEFIELD STREET,,Non-Injury Crash,No,2021,,South,,0,,Flat,,,,,,Unknown,2139000,0,0.0,0.0,3.0,,,0.0,,,,,,Wellington Region,Nil,1-way,Sealed,,0.0,0,,50.0,,Null,0.0,0.0,,47,Wellington City,Nil,,,,,0.0,0.0,Urban,0.0,,,Null,Null,1
66526024,,573101,0.0,0.0,0.0,0.0,0.0,East,2020/2021,VIVIAN STREET,KNIGGES AVENUE,,Non-Injury Crash,Yes,2021,0.0,East,0.0,0,0.0,Flat,0.0,,0.0,,0.0,Bright sun,2134100,0,0.0,0.0,2.0,0.0,0.0,0.0,0.0,0.0,,0.0,1.0,Wellington Region,Nil,1-way,Sealed,0.0,0.0,0,0.0,50.0,0.0,Off,0.0,0.0,,47,Wellington City,Nil,0.0,0.0,0.0,0.0,0.0,0.0,Urban,2.0,0.0,0.0,Fine,Null,1
66526032,,572702,0.0,,0.0,1.0,,South,2020/2021,JOHNSONVILLE PORIRUA MOTORWAY,TRANSMISSION GULLY MOTORWAY,,Non-Injury Crash,Yes,2020,,South,,0,,Flat,,,,,,Overcast,1996202,0,0.0,0.0,2.0,,,0.0,,,,,,Wellington Region,Nil,2-way,Sealed,,0.0,0,,100.0,,Null,0.0,0.0,70.0,47,Wellington City,Unknown,,,,,0.0,0.0,Open,1.0,,,Fine,Null,1
66526036,,573700,0.0,0.0,0.0,1.0,0.0,South,2020/2021,CORTINA AVENUE,MCLINTOCK STREET NORTH,,Non-Injury Crash,No,2021,0.0,South,0.0,0,0.0,Hill Road,0.0,,0.0,,0.0,Bright sun,2086709,0,0.0,0.0,2.0,0.0,0.0,0.0,0.0,0.0,,0.0,0.0,Wellington Region,Nil,2-way,Sealed,0.0,0.0,0,0.0,50.0,0.0,Null,0.0,0.0,,47,Wellington City,Nil,0.0,0.0,0.0,0.0,0.0,0.0,Urban,0.0,0.0,0.0,Fine,Null,1
66526069,,572900,0.0,,0.0,2.0,,Null,2023/2024,TINAKORI ROAD,BOWEN STREET,,Non-Injury Crash,No,2023,,North,,0,,Flat,,,,,,Dark,2123400,0,0.0,0.0,2.0,,,0.0,,,,,,Wellington Region,Nil,2-way,Sealed,,0.0,0,,50.0,,On,0.0,1.0,,47,Wellington City,Give way,,,,,0.0,0.0,Urban,0.0,,,Fine,Null,0
66526087,,573000,0.0,,0.0,2.0,,Null,2021/2022,CUSTOMHOUSE QUAY,HUNTER STREET,,Non-Injury Crash,No,2021,,North,,0,,Flat,,,,,,Unknown,2125800,0,0.0,0.0,2.0,,,0.0,,,,,,Wellington Region,Nil,2-way,Sealed,,0.0,0,,30.0,,Null,0.0,0.0,,47,Wellington City,Traffic Signals,,,,,0.0,0.0,Urban,0.0,,,Null,Null,1
66526105,45.0,577700,0.0,,0.0,2.0,,South,2022/2023,MAKARA ROAD,TAKARAU GORGE ROAD,,Minor Crash,No,2022,,North,,0,,Flat,,,,,,Overcast,2116600,1,0.0,0.0,2.0,,,0.0,,,,,,Wellington Region,Nil,2-way,Sealed,,0.0,0,,50.0,,Null,0.0,0.0,,47,Wellington City,Nil,,,,,0.0,0.0,Urban,0.0,,,Fine,Null,0
66526116,,574600,0.0,0.0,0.0,1.0,0.0,South,2020/2021,OBAN STREET,HIGHLAND CRESCENT,,Non-Injury Crash,No,2020,0.0,South,0.0,0,0.0,Null,0.0,,0.0,,0.0,Unknown,2100000,0,0.0,0.0,2.0,0.0,0.0,0.0,0.0,0.0,,0.0,0.0,Wellington Region,Speed hump,2-way,Sealed,0.0,0.0,0,0.0,50.0,0.0,Null,0.0,0.0,,47,Wellington City,Nil,0.0,0.0,0.0,0.0,0.0,0.0,Urban,0.0,1.0,0.0,Null,Null,1
66526128,,574002,0.0,,0.0,2.0,,North,2021/2022,HUTT ROAD,NGAURANGA ON NBD OBR,,Non-Injury Crash,Yes,2021,,North,,0,,Hill Road,,,,,,Overcast,2078302,0,0.0,0.0,2.0,,,0.0,,,,,,Wellington Region,Nil,1-way,Sealed,,0.0,0,,100.0,,Off,0.0,0.0,,47,Wellington City,Nil,,,,,0.0,0.0,Open,0.0,,,Heavy rain,Null,1
66526159,,577000,0.0,,0.0,1.0,,Null,2020/2021,LYALL PARADE,COCHRANE STREET,,Minor Crash,No,2021,,West,,0,,Flat,,,,,,Bright sun,2175600,1,0.0,0.0,2.0,,,0.0,,,1.0,,,Wellington Region,Nil,2-way,Sealed,,0.0,0,,50.0,,Off,0.0,0.0,,47,Wellington City,Give way,,,,,0.0,0.0,Urban,0.0,,,Fine,Null,1
66526193,,572900,0.0,0.0,0.0,4.0,0.0,Null,2021/2022,TINAKORI ROAD,PATANGA CRESCENT,,Non-Injury Crash,No,2021,0.0,South,0.0,0,0.0,Flat,0.0,,0.0,,0.0,Overcast,2121900,0,0.0,0.0,2.0,0.0,0.0,0.0,0.0,3.0,,0.0,0.0,Wellington Region,Nil,2-way,Sealed,0.0,0.0,0,0.0,50.0,0.0,Off,0.0,0.0,,47,Wellington City,Give way,0.0,0.0,0.0,0.0,0.0,0.0,Urban,1.0,0.0,0.0,Fine,Null,1
66526208,,573101,0.0,,0.0,2.0,,East,2021/2022,VIVIAN STREET,DUNLOP TERRACE,,Minor Crash,Yes,2021,,East,,0,,Hill Road,,,,,,Dark,2134000,1,0.0,0.0,2.0,,,0.0,,,,,,Wellington Region,Nil,1-way,Sealed,,0.0,0,,50.0,,On,1.0,0.0,,47,Wellington City,Unknown,,,,,0.0,0.0,Urban,0.0,,,Light rain,Null,1
66526234,,572600,0.0,,0.0,1.0,,South,2021/2022,JOHNSONVILLE PORIRUA MOTORWAY,PED SUBWAY,,Non-Injury Crash,Yes,2021,,North,,0,,Flat,,,,,,Dark,1992400,0,0.0,0.0,2.0,,,0.0,,,,,,Wellington Region,Nil,1-way,Sealed,,0.0,0,,100.0,,None,0.0,0.0,70.0,47,Wellington City,Nil,,,,,0.0,0.0,Open,1.0,,,Fine,Null,1
66526268,,576901,0.0,,0.0,2.0,,Null,2021/2022,MAHORA STREET,RONGOTAI ROAD,,Minor Crash,No,2021,,West,,0,,Flat,,,,,,Bright sun,2178200,1,0.0,0.0,1.0,,,0.0,,,,,,Wellington Region,Nil,1-way,Sealed,,0.0,0,,50.0,,Off,0.0,0.0,,47,Wellington City,Give way,,,,,0.0,0.0,Urban,0.0,,,Fine,Null,1
66526291,,576500,0.0,0.0,0.0,1.0,0.0,West,2021/2022,MEIN STREET,MINERVA STREET,,Non-Injury Crash,No,2022,0.0,East,0.0,0,0.0,Flat,0.0,,0.0,,0.0,Bright sun,2148800,0,0.0,0.0,2.0,0.0,0.0,0.0,0.0,1.0,,0.0,0.0,Wellington Region,Nil,2-way,Sealed,0.0,0.0,0,0.0,40.0,0.0,Off,0.0,0.0,,47,Wellington City,Nil,0.0,0.0,0.0,0.0,1.0,0.0,Urban,0.0,0.0,0.0,Fine,Null,0
66526378,,576903,0.0,0.0,0.0,1.0,0.0,East,2021/2022,HENRY STREET,SAMOA STREET,,Non-Injury Crash,No,2021,0.0,East,0.0,0,0.0,Hill Road,0.0,Labour Weekend,0.0,,0.0,Unknown,2180400,0,0.0,0.0,2.0,0.0,0.0,0.0,0.0,1.0,,0.0,0.0,Wellington Region,Nil,2-way,Sealed,0.0,0.0,0,0.0,50.0,0.0,Null,0.0,0.0,,47,Wellington City,Unknown,0.0,0.0,0.0,0.0,0.0,0.0,Urban,0.0,0.0,0.0,Null,Null,1
66526410,,575800,0.0,0.0,0.0,1.0,0.0,South,2020/2021,MONTREAL GROVE,VANCOUVER STREET,,Non-Injury Crash,No,2021,0.0,North,0.0,0,0.0,Null,0.0,,0.0,,0.0,Unknown,2197400,0,0.0,0.0,2.0,0.0,0.0,0.0,0.0,1.0,,0.0,0.0,Wellington Region,Nil,2-way,Sealed,0.0,0.0,0,0.0,50.0,0.0,Null,0.0,0.0,,47,Wellington City,Unknown,0.0,0.0,0.0,0.0,0.0,0.0,Urban,0.0,0.0,0.0,Null,Null,1
66526440,,575200,0.0,,0.0,1.0,,South,2021/2022,GLENMORE STREET,COLLINS TERRACE,,Non-Injury Crash,No,2021,,North,,0,,Flat,,,,,,Overcast,2151600,0,0.0,0.0,2.0,,,0.0,,,,,,Wellington Region,Nil,2-way,Sealed,,0.0,0,,50.0,,Off,0.0,0.0,,47,Wellington City,Nil,,,,,0.0,0.0,Urban,0.0,,,Fine,Null,1
66526450,,573522,0.0,0.0,0.0,0.0,0.0,South,2021/2022,JAMAICA DRIVE,DRAGON STREET,,Non-Injury Crash,No,2022,0.0,North,0.0,0,0.0,Hill Road,0.0,,0.0,,0.0,Overcast,2086103,0,0.0,0.0,2.0,0.0,0.0,0.0,0.0,0.0,,0.0,0.0,Wellington Region,Nil,2-way,Sealed,0.0,0.0,0,0.0,50.0,0.0,Off,0.0,0.0,,47,Wellington City,Unknown,0.0,0.0,0.0,1.0,0.0,0.0,Urban,1.0,0.0,0.0,Fine,Null,0