OBJECTID,advisorySpeed,areaUnitID,bicycle,bridge,bus,carStationWagon,cliffBank,crashDirectionDescription,crashFinancialYear,crashLocation1,crashLocation2,crashRoadSideRoad,crashSeverity,crashSHDescription,crashYear,debris,directionRoleDescription,ditch,fatalCount,fence,flatHill,guardRail,holiday,houseOrBuilding,intersection,kerb,light,meshblockId,minorInjuryCount,moped,motorcycle,NumberOfLanes,objectThrownOrDropped,otherObject,otherVehicleType,overBank,parkedVehicle,pedestrian,phoneBoxEtc,postOrPole,region,roadCharacter,roadLane,roadSurface,roadworks,schoolBus,seriousInjuryCount,slipOrFlood,speedLimit,strayAnimal,streetLight,suv,taxi,temporarySpeedLimit,tlaId,tlaName,trafficControl,trafficIsland,trafficSign,train,tree,truck,unknownVehicleType,urban,vanOrUtility,vehicle,waterRiver,weatherA,weatherB,if_pandemic
66526467,,573101,0.0,,0.0,0.0,,Null,2022/2023,WEBB STREET,TORRENS TERRACE,,Minor Crash,No,2022,,East,,0,,Flat,,Labour Weekend,,,,Bright sun,2135100,1,0.0,0.0,2.0,,,0.0,,,1.0,,,Wellington Region,Nil,2-way,Sealed,,0.0,0,,50.0,,Off,0.0,0.0,,47,Wellington City,Nil,,,,,0.0,1.0,Urban,0.0,,,Fine,Null,0
66526481,,573101,0.0,,0.0,0.0,,Null,2022/2023,COURTENAY PLACE,TORY STREET,,Serious Crash,No,2023,,West,,0,,Flat,,,,,,Bright sun,2136000,0,0.0,1.0,3.0,,,0.0,,,,,,Wellington Region,Nil,2-way,Sealed,,0.0,1,,30.0,,Off,0.0,0.0,,47,Wellington City,Traffic Signals,,,,,1.0,0.0,Urban,0.0,,,Fine,Null,0
66526545,,576500,0.0,,0.0,2.0,,Null,2022/2023,ADELAIDE ROAD,HOSPITAL ROAD,,Non-Injury Crash,No,2022,,North,,0,,Flat,,,,,,Bright sun,2148400,0,0.0,0.0,3.0,,,0.0,,,,,,Wellington Region,Nil,2-way,Sealed,,0.0,0,,50.0,,Off,0.0,0.0,,47,Wellington City,Traffic Signals,,,,,0.0,0.0,Urban,1.0,,,Fine,Null,0
66526560,,573101,0.0,0.0,0.0,2.0,0.0,Null,2021/2022,DIXON STREET,EGMONT STREET,,Fatal Crash,No,2022,0.0,West,0.0,1,0.0,Flat,0.0,,0.0,,0.0,Dark,2133300,0,0.0,0.0,2.0,0.0,0.0,0.0,0.0,1.0,1.0,0.0,0.0,Wellington Region,Nil,1-way,Sealed,0.0,0.0,0,0.0,30.0,0.0,On,0.0,0.0,,47,Wellington City,Nil,0.0,0.0,0.0,0.0,0.0,0.0,Urban,0.0,0.0,0.0,Light rain,Null,0
66526650,,574001,0.0,0.0,0.0,2.0,0.0,West,2021/2022,NEWLANDS ROAD,WAKELY ROAD,,Non-Injury Crash,No,2022,0.0,East,0.0,0,0.0,Hill Road,0.0,,0.0,,0.0,Overcast,2077600,0,0.0,0.0,2.0,0.0,0.0,0.0,0.0,1.0,,0.0,0.0,Wellington Region,Nil,2-way,Sealed,0.0,0.0,0,0.0,50.0,0.0,Off,0.0,0.0,,47,Wellington City,Unknown,0.0,0.0,0.0,0.0,0.0,0.0,Urban,0.0,0.0,0.0,Fine,Null,0
66526657,,575400,0.0,0.0,0.0,3.0,0.0,East,2022/2023,RAROA ROAD,MERTOUN TERRACE,,Non-Injury Crash,No,2022,0.0,South,0.0,0,0.0,Hill Road,0.0,,0.0,,0.0,Overcast,2155600,0,0.0,0.0,2.0,0.0,0.0,0.0,0.0,2.0,,0.0,0.0,Wellington Region,Nil,2-way,Sealed,0.0,0.0,0,0.0,50.0,0.0,Off,0.0,0.0,,47,Wellington City,Nil,0.0,0.0,0.0,0.0,0.0,0.0,Urban,0.0,0.0,0.0,Fine,Null,0
66526675,,576400,0.0,,0.0,2.0,,Null,2022/2023,CONSTABLE STREET,DANIELL STREET,,Non-Injury Crash,No,2022,,East,,0,,Flat,,,,,,Dark,2167300,0,0.0,0.0,2.0,,,0.0,,,,,,Wellington Region,Nil,2-way,Sealed,,0.0,0,,50.0,,On,0.0,0.0,,47,Wellington City,Traffic Signals,,,,,0.0,0.0,Urban,0.0,,,Light rain,Null,0
66526695,,576800,0.0,0.0,0.0,1.0,0.0,West,2021/2022,WAIPAPA ROAD,KAINUI ROAD,,Non-Injury Crash,No,2021,0.0,East,0.0,0,0.0,Hill Road,0.0,,1.0,,0.0,Bright sun,2183800,0,0.0,0.0,2.0,0.0,0.0,0.0,0.0,0.0,,0.0,0.0,Wellington Region,Nil,2-way,Sealed,0.0,0.0,0,0.0,50.0,0.0,Off,0.0,0.0,,47,Wellington City,Nil,0.0,0.0,0.0,0.0,0.0,0.0,Urban,0.0,0.0,0.0,Fine,Null,1
66526705,,576700,0.0,,0.0,1.0,,North,2021/2022,ROSENEATH TERRACE,THANE ROAD,,Non-Injury Crash,No,2021,,North,,0,,Flat,,,,,,Overcast,2186300,0,0.0,0.0,2.0,,,0.0,,,,,,Wellington Region,Nil,2-way,Sealed,,0.0,0,,50.0,,Off,1.0,0.0,,47,Wellington City,Nil,,,,,0.0,0.0,Urban,0.0,,,Fine,Null,1
66526726,,573101,0.0,,0.0,2.0,,Null,2022/2023,KARO DRIVE,VICTORIA STREET,,Non-Injury Crash,Yes,2023,,South,,0,,Flat,,,,,,Overcast,2132400,0,0.0,0.0,3.0,,,0.0,,,,,,Wellington Region,Nil,2-way,Sealed,,0.0,0,,50.0,,Off,0.0,0.0,,47,Wellington City,Traffic Signals,,,,,0.0,0.0,Urban,0.0,,,Fine,Null,0
66526758,,576901,0.0,,0.0,2.0,,Null,2022/2023,COUTTS STREET,MAMARI STREET,,Non-Injury Crash,No,2023,,North,,0,,Flat,,,,,,Bright sun,2177500,0,0.0,0.0,2.0,,,0.0,,,,,,Wellington Region,Nil,2-way,Sealed,,0.0,0,,50.0,,Off,0.0,0.0,,47,Wellington City,Give way,,,,,0.0,0.0,Urban,0.0,,,Fine,Null,0
66526776,,573400,0.0,0.0,0.0,1.0,0.0,Null,2020/2021,BROUGHAM STREET,BATHAM DRIVE,,Non-Injury Crash,No,2021,0.0,South,0.0,0,0.0,Hill Road,0.0,,0.0,,0.0,Unknown,2140400,0,0.0,0.0,2.0,0.0,0.0,0.0,0.0,1.0,,0.0,0.0,Wellington Region,Nil,2-way,Sealed,0.0,0.0,0,0.0,50.0,0.0,Null,0.0,0.0,,47,Wellington City,Nil,0.0,0.0,0.0,0.0,0.0,0.0,Urban,1.0,0.0,0.0,Null,Null,1
66526782,,576200,0.0,0.0,0.0,0.0,0.0,North,2021/2022,ADELAIDE ROAD,DOVER STREET,,Non-Injury Crash,No,2022,0.0,North,0.0,0,0.0,Hill Road,0.0,,0.0,,0.0,Twilight,2173200,0,0.0,0.0,2.0,0.0,0.0,0.0,0.0,0.0,,0.0,1.0,Wellington Region,Nil,2-way,Sealed,0.0,0.0,0,0.0,50.0,0.0,On,1.0,0.0,,47,Wellington City,Nil,0.0,0.0,0.0,0.0,0.0,0.0,Urban,0.0,0.0,0.0,Fine,Null,0
66526819,,572900,0.0,,0.0,4.0,,Null,2023/2024,TINAKORI ROAD,MOLESWORTH STREET,,Minor Crash,No,2023,,North,,0,,Flat,,,,,,Dark,2120500,1,0.0,0.0,3.0,,,0.0,,,,,,Wellington Region,Nil,2-way,Sealed,,0.0,0,,50.0,,Off,0.0,0.0,,47,Wellington City,Traffic Signals,,,,,0.0,0.0,Urban,0.0,,,Fine,Frost,0
66526828,,576001,0.0,0.0,0.0,1.0,0.0,Null,2022/2023,OFF ROAD NEW WORLD CARPARK,,,Minor Crash,No,2022,0.0,East,0.0,0,1.0,Flat,0.0,,0.0,,0.0,Bright sun,2193900,1,0.0,0.0,,0.0,0.0,0.0,0.0,0.0,,0.0,0.0,Wellington Region,Nil,Off road,Sealed,0.0,0.0,0,0.0,50.0,0.0,None,0.0,0.0,,47,Wellington City,Nil,0.0,0.0,0.0,0.0,0.0,0.0,Urban,0.0,0.0,0.0,Fine,Null,0
66526845,,573101,0.0,,1.0,1.0,,Null,2022/2023,COURTENAY PLACE,TARANAKI STREET,,Non-Injury Crash,No,2022,,North,,0,,Flat,,,,,,Bright sun,2135600,0,0.0,0.0,3.0,,,0.0,,,,,,Wellington Region,Nil,1-way,Sealed,,0.0,0,,30.0,,Off,0.0,0.0,,47,Wellington City,Traffic Signals,,,,,0.0,0.0,Urban,0.0,,,Fine,Null,0
66526910,,576901,0.0,,0.0,2.0,,Null,2022/2023,COUTTS STREET,CHILDERS TERRACE,,Minor Crash,No,2023,,East,,0,,Hill Road,,,,,,Overcast,2178500,1,0.0,0.0,2.0,,,0.0,,,,,,Wellington Region,Nil,2-way,Sealed,,0.0,0,,30.0,,Off,0.0,0.0,,47,Wellington City,Give way,,,,,0.0,0.0,Urban,0.0,,,Fine,Null,0
66526924,,573101,0.0,,0.0,2.0,,Null,2021/2022,VIVIAN STREET,TARANAKI STREET,,Non-Injury Crash,Yes,2021,,North,,0,,Null,,,,,,Unknown,2134200,0,0.0,0.0,2.0,,,0.0,,,,,,Wellington Region,Nil,1-way,Sealed,,0.0,0,,50.0,,Off,0.0,0.0,,47,Wellington City,Traffic Signals,,,,,0.0,0.0,Urban,0.0,,,Null,Null,1
66526945,,577200,0.0,0.0,0.0,2.0,0.0,Null,2022/2023,DEVONSHIRE ROAD,IRA STREET,,Non-Injury Crash,No,2022,0.0,East,0.0,0,0.0,Flat,0.0,,0.0,,0.0,Dark,2208500,0,0.0,0.0,2.0,0.0,0.0,0.0,0.0,0.0,,0.0,0.0,Wellington Region,Nil,2-way,Sealed,0.0,0.0,0,0.0,50.0,0.0,On,1.0,0.0,,47,Wellington City,Give way,0.0,0.0,0.0,0.0,0.0,0.0,Urban,0.0,1.0,0.0,Fine,Null,0
66526954,,573000,0.0,,0.0,1.0,,North,2020/2021,LAMBTON QUAY,HUNTER STREET,,Non-Injury Crash,No,2021,,South,,0,,Flat,,,,,,Unknown,2125700,0,0.0,0.0,2.0,,,0.0,,,,,,Wellington Region,Nil,2-way,Sealed,,0.0,0,,30.0,,Null,0.0,0.0,,47,Wellington City,Nil,,,,,0.0,0.0,Urban,0.0,,,Null,Null,1
66526967,,576400,0.0,,0.0,2.0,,Null,2022/2023,DANIELL STREET,NEWTOWN AVENUE,,Non-Injury Crash,No,2023,,South,,0,,Flat,,,,,,Overcast,2169101,0,0.0,0.0,2.0,,,0.0,,,,,,Wellington Region,Nil,2-way,Sealed,,0.0,0,,40.0,,Off,0.0,0.0,,47,Wellington City,Give way,,,,,0.0,0.0,Urban,0.0,,,Light rain,Strong wind,0
66526976,,574701,0.0,0.0,0.0,1.0,0.0,West,2020/2021,SPENCER STREET,WINSTON STREET,,Non-Injury Crash,No,2020,0.0,West,0.0,0,0.0,Hill Road,0.0,,0.0,,0.0,Dark,2104800,0,0.0,0.0,2.0,0.0,0.0,0.0,0.0,1.0,1.0,0.0,0.0,Wellington Region,Nil,2-way,Sealed,0.0,0.0,0,0.0,50.0,0.0,On,1.0,0.0,,47,Wellington City,Nil,0.0,0.0,0.0,0.0,0.0,0.0,Urban,0.0,0.0,0.0,Fine,Null,1
66527049,,573526,0.0,0.0,0.0,2.0,0.0,South,2022/2023,HUTT ROAD,HOROKIWI ROAD,,Minor Crash,Yes,2022,0.0,South,0.0,0,1.0,Flat,2.0,,0.0,,0.0,Bright sun,2077503,3,0.0,0.0,2.0,0.0,0.0,0.0,0.0,0.0,,0.0,0.0,Wellington Region,Nil,1-way,Sealed,0.0,0.0,0,0.0,100.0,0.0,None,0.0,0.0,,47,Wellington City,Nil,0.0,0.0,0.0,0.0,0.0,1.0,Open,0.0,0.0,0.0,Fine,Null,0
66527062,,576901,0.0,,1.0,0.0,,Null,2022/2023,BAY ROAD,RONGOTAI ROAD,,Non-Injury Crash,No,2023,,South,,0,,Flat,,Easter,,,,Dark,2178000,0,0.0,0.0,2.0,,,0.0,,,,,,Wellington Region,Nil,2-way,Sealed,,0.0,0,,30.0,,On,1.0,0.0,,47,Wellington City,Traffic Signals,,,,,0.0,0.0,Urban,0.0,,,Fine,Null,0
66527085,,573300,0.0,,0.0,1.0,,Null,2022/2023,DUFFERIN STREET,PATERSON STREET,,Serious Crash,Yes,2022,,South,,0,,Flat,,Labour Weekend,,,,Dark,2145602,0,0.0,0.0,2.0,,,0.0,,,1.0,,,Wellington Region,Nil,1-way,Sealed,,0.0,1,,50.0,,On,0.0,0.0,,47,Wellington City,Traffic Signals,,,,,0.0,0.0,Urban,0.0,,,Fine,Strong wind,0
66527093,,574500,1.0,,0.0,1.0,,South,2022/2023,HUTT ROAD,SCHOOL ROAD,,Non-Injury Crash,No,2023,,South,,0,,Hill Road,,,,,,Overcast,2093600,0,0.0,0.0,4.0,,,0.0,,,,,,Wellington Region,Nil,2-way,Sealed,,0.0,0,,60.0,,Off,0.0,0.0,,47,Wellington City,Nil,,,,,0.0,0.0,Urban,0.0,,,Fine,Null,0
66527115,35.0,574303,0.0,0.0,0.0,1.0,0.0,South,2022/2023,NEWLANDS ON RAMP,CENTENNIAL HIGHWAY,,Non-Injury Crash,No,2022,0.0,South,0.0,0,0.0,Flat,1.0,,0.0,,0.0,Dark,2084302,0,0.0,0.0,1.0,0.0,0.0,0.0,0.0,0.0,,0.0,0.0,Wellington Region,Motorway ramp,1-way,Sealed,0.0,0.0,0,0.0,80.0,0.0,On,0.0,0.0,,47,Wellington City,Unknown,0.0,0.0,0.0,0.0,0.0,0.0,Open,0.0,0.0,0.0,Light rain,Null,0
66527116,,573101,0.0,0.0,0.0,2.0,0.0,North,2020/2021,LEEDS STREET,GHUZNEE STREET,,Non-Injury Crash,No,2021,0.0,South,0.0,0,0.0,Flat,0.0,,0.0,,0.0,Unknown,2133405,0,0.0,0.0,2.0,0.0,0.0,0.0,0.0,1.0,,0.0,0.0,Wellington Region,Nil,2-way,Sealed,0.0,0.0,0,0.0,50.0,0.0,Null,0.0,0.0,,47,Wellington City,Nil,0.0,0.0,0.0,0.0,0.0,0.0,Urban,0.0,0.0,0.0,Null,Null,1
66527166,,573000,0.0,,0.0,2.0,,North,2022/2023,BOULCOTT STREET,ATHOL CRESCENT,,Minor Crash,No,2023,,South,,0,,Hill Road,,Queens Birthday,,,,Bright sun,2127600,1,0.0,0.0,2.0,,,0.0,,,,,,Wellington Region,Nil,2-way,Sealed,,0.0,0,,30.0,,Off,0.0,0.0,,47,Wellington City,Nil,,,,,0.0,0.0,Urban,0.0,,,Fine,Null,0
66527170,,573400,0.0,,0.0,2.0,,East,2022/2023,PATERSON STREET,DUFFERIN STREET,,Non-Injury Crash,Yes,2022,,West,,0,,Hill Road,,,,,,Overcast,2143300,0,0.0,0.0,2.0,,,0.0,,,,,,Wellington Region,Nil,1-way,Sealed,,0.0,0,,50.0,,Off,0.0,0.0,,47,Wellington City,Nil,,,,,0.0,0.0,Urban,0.0,,,Light rain,Null,0
66527183,,573101,0.0,,0.0,1.0,,Null,2022/2023,VICTORIA STREET,GHUZNEE STREET,,Serious Crash,No,2022,,South,,0,,Flat,,,,,,Dark,2131700,0,0.0,0.0,3.0,,,0.0,,,1.0,,,Wellington Region,Nil,2-way,Sealed,,0.0,1,,30.0,,On,0.0,0.0,,47,Wellington City,Traffic Signals,,,,,0.0,0.0,Urban,0.0,,,Fine,Null,0
66527208,,573101,0.0,,0.0,0.0,,Null,2021/2022,VICTORIA STREET,VIVIAN STREET,,Non-Injury Crash,No,2022,,South,,0,,Flat,,,,,,Overcast,2131600,0,0.0,0.0,3.0,,,0.0,,,1.0,,,Wellington Region,Nil,1-way,Sealed,,0.0,0,,30.0,,Off,0.0,0.0,,47,Wellington City,Traffic Signals,,,,,0.0,0.0,Urban,1.0,,,Null,Null,0
66527230,,575500,0.0,0.0,1.0,1.0,0.0,North,2021/2022,HIGHBURY ROAD,HIGHBURY CRESCENT,,Non-Injury Crash,No,2021,0.0,South,0.0,0,0.0,Hill Road,0.0,,0.0,,0.0,Unknown,2156000,0,0.0,0.0,1.0,0.0,0.0,0.0,0.0,1.0,,0.0,0.0,Wellington Region,Nil,2-way,Sealed,0.0,0.0,0,0.0,50.0,0.0,Null,1.0,0.0,,47,Wellington City,Nil,0.0,0.0,0.0,0.0,0.0,0.0,Urban,0.0,0.0,0.0,Null,Null,1
66527269,,576200,0.0,0.0,0.0,1.0,0.0,West,2021/2022,PALM GROVE,ADELAIDE ROAD,,Non-Injury Crash,No,2021,0.0,East,0.0,0,0.0,Null,0.0,,0.0,,0.0,Unknown,2171400,0,0.0,0.0,2.0,0.0,0.0,0.0,0.0,1.0,,0.0,0.0,Wellington Region,Nil,2-way,Sealed,0.0,0.0,0,0.0,50.0,0.0,Null,0.0,0.0,,47,Wellington City,Nil,0.0,0.0,0.0,0.0,0.0,0.0,Urban,0.0,0.0,0.0,Null,Null,1
66527289,,572900,0.0,,0.0,1.0,,Null,2022/2023,MURPHY STREET,PIPITEA STREET,,Non-Injury Crash,No,2022,,South,,0,,Flat,,,,,,Overcast,2119100,0,0.0,0.0,2.0,,,0.0,,,,,,Wellington Region,Nil,1-way,Sealed,,0.0,0,,50.0,,Off,1.0,1.0,,47,Wellington City,Traffic Signals,,,,,0.0,0.0,Urban,0.0,,,Fine,Null,0
66527336,,573000,0.0,0.0,0.0,0.0,0.0,South,2022/2023,WATERLOO QUAY,BUNNY STREET,,Non-Injury Crash,No,2023,0.0,North,0.0,0,0.0,Null,0.0,,0.0,,0.0,Unknown,2124300,0,0.0,0.0,3.0,0.0,0.0,0.0,0.0,1.0,,0.0,0.0,Wellington Region,Nil,1-way,Sealed,0.0,0.0,0,0.0,50.0,0.0,Null,2.0,0.0,,47,Wellington City,Nil,0.0,0.0,0.0,0.0,0.0,0.0,Urban,0.0,0.0,0.0,Null,Null,0
66527352,,573901,0.0,,0.0,3.0,,East,2022/2023,STEWART DRIVE,BATCHELOR STREET,,Non-Injury Crash,No,2023,,East,,0,,Flat,,,,,,Bright sun,2073400,0,0.0,0.0,2.0,,,0.0,,,,,,Wellington Region,Speed hump,2-way,Sealed,,0.0,0,,50.0,,Off,0.0,0.0,,47,Wellington City,Nil,,,,,0.0,0.0,Urban,0.0,,,Fine,Null,0
66527384,,574100,0.0,0.0,0.0,1.0,0.0,South,2023/2024,CENTENNIAL HIGHWAY,JOHNSONVILLE OFF RAMP,,Minor Crash,Yes,2023,0.0,North,0.0,0,0.0,Flat,0.0,,0.0,,0.0,Overcast,2084600,1,0.0,0.0,3.0,0.0,0.0,0.0,0.0,0.0,,0.0,1.0,Wellington Region,Nil,1-way,Sealed,0.0,0.0,0,0.0,60.0,0.0,Off,0.0,0.0,,47,Wellington City,Nil,0.0,0.0,0.0,0.0,0.0,0.0,Urban,0.0,0.0,0.0,Light rain,Strong wind,0
66527438,,573000,0.0,,0.0,0.0,,North,2022/2023,WELLINGTON URBAN MOTORWAY,EVERTON OBR,,Minor Crash,Yes,2023,,South,,0,,Flat,,,,,,Bright sun,2126403,1,0.0,0.0,3.0,,,0.0,,,,,,Wellington Region,Nil,2-way,Sealed,,0.0,0,,80.0,,Off,0.0,0.0,60.0,47,Wellington City,Nil,,,,,0.0,0.0,Open,2.0,,,Fine,Null,0
66527458,,574001,0.0,,0.0,1.0,,East,2022/2023,NEWLANDS ROAD,NEWLANDS OFF RAMP,,Minor Crash,No,2022,,West,,0,,Hill Road,,,,,,Dark,2077600,1,0.0,0.0,2.0,,,0.0,,,,,,Wellington Region,Nil,2-way,Sealed,,0.0,0,,50.0,,On,1.0,0.0,,47,Wellington City,Nil,,,,,0.0,0.0,Urban,0.0,,,Fine,Null,0
66527601,,573400,1.0,,0.0,1.0,,South,2022/2023,HAWKER STREET,ROXBURGH STREET,,Minor Crash,No,2022,,South,,0,,Hill Road,,,,,,Bright sun,2140100,1,0.0,0.0,2.0,,,0.0,,,,,,Wellington Region,Nil,2-way,Sealed,,0.0,0,,50.0,,Off,0.0,0.0,,47,Wellington City,Nil,,,,,0.0,0.0,Urban,0.0,,,Fine,Null,0
66527637,,573400,1.0,,0.0,1.0,,South,2021/2022,KENT TERRACE,HOME STREET,,Non-Injury Crash,No,2021,,South,,0,,Flat,,Christmas New Year,,,,Unknown,2141200,0,0.0,0.0,3.0,,,0.0,,,,,,Wellington Region,Nil,1-way,Sealed,,0.0,0,,50.0,,Null,0.0,0.0,,47,Wellington City,Nil,,,,,0.0,0.0,Urban,0.0,,,Null,Null,1
66527656,,572900,0.0,,0.0,0.0,,Null,2023/2024,WELLINGTON URBAN MOTORWAY,THE TERRACE OFF RAMP,,Minor Crash,Yes,2023,,South,,0,,Flat,,,,,,Bright sun,2122100,1,0.0,0.0,3.0,,,0.0,,,,,,Wellington Region,Nil,1-way,Sealed,,0.0,0,,100.0,,Off,0.0,0.0,60.0,47,Wellington City,Nil,,,,,1.0,0.0,Open,1.0,,,Fine,Null,0
66527677,,573700,0.0,,0.0,3.0,,Null,2021/2022,JOHNSONVILLE ROAD,HAWEA STREET,,Non-Injury Crash,No,2021,,North,,0,,Flat,,,,,,Dark,2082800,0,0.0,0.0,2.0,,,0.0,,,,,,Wellington Region,Nil,2-way,Sealed,,0.0,0,,50.0,,On,0.0,0.0,,47,Wellington City,Isolated Pedestrian signal (non-intersection),,,,,0.0,0.0,Urban,0.0,,,Fine,Null,1
66527689,,574002,0.0,,0.0,2.0,,North,2022/2023,CENTENNIAL HIGHWAY,HUTT ROAD ON RAMP,,Non-Injury Crash,No,2022,,South,,0,,Flat,,,,,,Overcast,2078302,0,0.0,0.0,2.0,,,0.0,,,,,,Wellington Region,Motorway ramp,1-way,Sealed,,0.0,0,,80.0,,Off,0.0,0.0,,47,Wellington City,Nil,,,,,0.0,0.0,Open,0.0,,,Light rain,Null,0
66527696,,576901,0.0,0.0,0.0,2.0,0.0,Null,2022/2023,CHILDERS TERRACE,RONGOTAI ROAD,,Non-Injury Crash,No,2023,0.0,South,0.0,0,0.0,Flat,0.0,,0.0,,0.0,Bright sun,2178000,0,0.0,0.0,2.0,0.0,0.0,0.0,0.0,0.0,,0.0,1.0,Wellington Region,Nil,2-way,Sealed,0.0,0.0,0,0.0,50.0,0.0,Off,0.0,0.0,,47,Wellington City,Stop,0.0,0.0,0.0,0.0,0.0,0.0,Urban,0.0,0.0,0.0,Fine,Null,0
66527713,,573000,0.0,0.0,0.0,1.0,0.0,North,2021/2022,BOULCOTT STREET,PLIMMERS STEPS,,Non-Injury Crash,No,2022,0.0,North,0.0,0,0.0,Hill Road,0.0,,0.0,,0.0,Unknown,2127300,0,0.0,0.0,2.0,0.0,0.0,0.0,0.0,1.0,,0.0,0.0,Wellington Region,Nil,2-way,Sealed,0.0,0.0,0,0.0,30.0,0.0,Null,0.0,0.0,,47,Wellington City,Nil,0.0,0.0,0.0,0.0,0.0,1.0,Urban,0.0,0.0,0.0,Null,Null,0
66527730,,573000,0.0,0.0,0.0,2.0,0.0,Null,2021/2022,WELLINGTON URBAN MOTORWAY,WILLIS STREET,,Non-Injury Crash,Yes,2022,0.0,East,0.0,0,0.0,Flat,0.0,,0.0,,0.0,Bright sun,2129700,0,0.0,0.0,2.0,0.0,0.0,0.0,0.0,0.0,,0.0,1.0,Wellington Region,Nil,1-way,Sealed,0.0,0.0,0,0.0,50.0,0.0,Off,0.0,0.0,,47,Wellington City,Traffic Signals,0.0,0.0,0.0,0.0,0.0,0.0,Urban,0.0,0.0,0.0,Fine,Null,0
66527745,,572900,0.0,0.0,0.0,2.0,0.0,South,2022/2023,AORANGI TERRACE,GRANT ROAD,,Non-Injury Crash,No,2022,0.0,South,0.0,0,0.0,Flat,0.0,,0.0,,0.0,Dark,2121000,0,0.0,0.0,2.0,0.0,0.0,0.0,0.0,1.0,,0.0,0.0,Wellington Region,Nil,2-way,Sealed,0.0,0.0,0,0.0,50.0,0.0,On,0.0,0.0,,47,Wellington City,Nil,0.0,0.0,0.0,0.0,0.0,0.0,Urban,0.0,0.0,0.0,Heavy rain,Null,0
66527753,,572900,0.0,,0.0,2.0,,North,2021/2022,MOLESWORTH STREET,HAWKESTONE STREET,,Non-Injury Crash,No,2022,,North,,0,,Flat,,,,,,Bright sun,2119600,0,0.0,0.0,2.0,,,0.0,,,,,,Wellington Region,Nil,1-way,Sealed,,0.0,0,,50.0,,Off,0.0,0.0,,47,Wellington City,Nil,,,,,0.0,0.0,Urban,0.0,,,Fine,Null,0
66527772,,572900,0.0,,1.0,1.0,,Null,2021/2022,BALLANTRAE PLACE,BOWEN STREET,,Non-Injury Crash,No,2022,,North,,0,,Hill Road,,,,,,Bright sun,2122300,0,0.0,0.0,2.0,,,0.0,,,,,,Wellington Region,Nil,2-way,Sealed,,0.0,0,,50.0,,Off,0.0,0.0,,47,Wellington City,Give way,,,,,0.0,0.0,Urban,0.0,,,Fine,Null,0
66527780,,573903,0.0,0.0,0.0,2.0,0.0,South,2021/2022,SALFORD STREET,COTSWOLD CRESCENT,,Non-Injury Crash,No,2021,0.0,South,0.0,0,0.0,Hill Road,0.0,,0.0,,0.0,Unknown,2075103,0,0.0,0.0,2.0,0.0,0.0,0.0,0.0,1.0,,0.0,0.0,Wellington Region,Nil,2-way,Sealed,0.0,0.0,0,0.0,50.0,0.0,Null,0.0,0.0,,47,Wellington City,Nil,0.0,0.0,0.0,0.0,0.0,1.0,Urban,0.0,0.0,0.0,Null,Null,1
66527792,,572500,0.0,0.0,0.0,1.0,0.0,South,2022/2023,WILLOWBANK ROAD,MAIN ROAD,,Non-Injury Crash,No,2022,0.0,South,0.0,0,0.0,Flat,0.0,Christmas New Year,0.0,,0.0,Dark,2053701,0,0.0,0.0,2.0,0.0,0.0,0.0,0.0,0.0,,0.0,1.0,Wellington Region,Nil,2-way,Sealed,0.0,0.0,0,0.0,50.0,0.0,None,0.0,0.0,,47,Wellington City,Nil,0.0,1.0,0.0,0.0,0.0,0.0,Urban,0.0,0.0,0.0,Fine,Null,0
66527814,,576800,0.0,,0.0,3.0,,West,2022/2023,TAURIMA STREET,EAST PORTAL,,Minor Crash,Yes,2022,,West,,0,,Flat,,,,,,Overcast,2181700,1,0.0,0.0,2.0,,,0.0,,,,,,Wellington Region,Tunnel,2-way,Sealed,,0.0,0,,50.0,,On,0.0,0.0,,47,Wellington City,Nil,,,,,0.0,0.0,Urban,0.0,,,Light rain,Null,0
66527910,,576800,0.0,,0.0,2.0,,Null,2021/2022,TAURIMA STREET,TAURIMA STREET,,Non-Injury Crash,Yes,2022,,South,,0,,Flat,,,,,,Dark,2181700,0,0.0,0.0,2.0,,,0.0,,,,,,Wellington Region,Nil,2-way,Sealed,,0.0,0,,50.0,,On,0.0,0.0,,47,Wellington City,Give way,,,,,0.0,0.0,Urban,0.0,,,Fine,Null,0
66527918,,576400,0.0,0.0,0.0,2.0,0.0,West,2022/2023,CONSTABLE STREET,COROMANDEL STREET,,Non-Injury Crash,No,2022,0.0,East,0.0,0,0.0,Flat,0.0,,0.0,,0.0,Overcast,2168000,0,0.0,0.0,2.0,0.0,0.0,0.0,0.0,1.0,,0.0,0.0,Wellington Region,Nil,2-way,Sealed,0.0,0.0,0,0.0,50.0,0.0,Off,0.0,0.0,,47,Wellington City,Nil,0.0,0.0,0.0,0.0,0.0,0.0,Urban,0.0,0.0,0.0,Fine,Null,0
66527948,,573101,0.0,,0.0,1.0,,Null,2020/2021,KARO DRIVE,VICTORIA STREET,,Non-Injury Crash,Yes,2021,,North,,0,,Flat,,,,,,Unknown,2132400,0,0.0,0.0,3.0,,,0.0,,,,,,Wellington Region,Nil,1-way,Sealed,,0.0,0,,50.0,,Null,0.0,0.0,,47,Wellington City,Traffic Signals,,,,,0.0,1.0,Urban,0.0,,,Fine,Null,1