OBJECTID,advisorySpeed,areaUnitID,bicycle,bridge,bus,carStationWagon,cliffBank,crashDirectionDescription,crashFinancialYear,crashLocation1,crashLocation2,crashRoadSideRoad,crashSeverity,crashSHDescription,crashYear,debris,directionRoleDescription,ditch,fatalCount,fence,flatHill,guardRail,holiday,houseOrBuilding,intersection,kerb,light,meshblockId,minorInjuryCount,moped,motorcycle,NumberOfLanes,objectThrownOrDropped,otherObject,otherVehicleType,overBank,parkedVehicle,pedestrian,phoneBoxEtc,postOrPole,region,roadCharacter,roadLane,roadSurface,roadworks,schoolBus,seriousInjuryCount,slipOrFlood,speedLimit,strayAnimal,streetLight,suv,taxi,temporarySpeedLimit,tlaId,tlaName,trafficControl,trafficIsland,trafficSign,train,tree,truck,unknownVehicleType,urban,vanOrUtility,vehicle,waterRiver,weatherA,weatherB,if_pandemic
66527989,,574500,0.0,,0.0,0.0,,North,2021/2022,HUTT ROAD,SCHOOL ROAD,,Minor Crash,No,2022,,South,,0,,Flat,,,,,,Bright sun,2093600,1,0.0,0.0,4.0,,,0.0,,,,,,Wellington Region,Nil,2-way,Sealed,,0.0,0,,50.0,,Off,0.0,0.0,,47,Wellington City,Nil,,,,,0.0,0.0,Urban,2.0,,,Fine,Null,0
66528001,,573101,0.0,0.0,0.0,2.0,0.0,Null,2022/2023,KARO DRIVE,WILLIS STREET,,Non-Injury Crash,Yes,2023,0.0,North,0.0,0,0.0,Flat,0.0,,0.0,,1.0,Bright sun,2132400,0,0.0,0.0,4.0,0.0,0.0,0.0,0.0,0.0,,0.0,0.0,Wellington Region,Nil,1-way,Sealed,0.0,0.0,0,0.0,50.0,0.0,Off,0.0,0.0,,47,Wellington City,Traffic Signals,0.0,0.0,0.0,0.0,0.0,0.0,Urban,0.0,0.0,0.0,Fine,Null,0
66528070,,574600,0.0,0.0,0.0,1.0,1.0,East,2021/2022,CECIL ROAD,RANKIN STREET,,Serious Crash,No,2022,0.0,South,0.0,0,0.0,Hill Road,0.0,,0.0,,0.0,Bright sun,2101100,0,0.0,0.0,2.0,0.0,0.0,0.0,0.0,0.0,1.0,0.0,0.0,Wellington Region,Nil,2-way,Sealed,0.0,0.0,1,0.0,50.0,0.0,Off,0.0,0.0,,47,Wellington City,Nil,0.0,0.0,0.0,0.0,0.0,0.0,Urban,0.0,0.0,0.0,Fine,Null,0
66528075,,574002,0.0,,0.0,1.0,,West,2021/2022,CENTENNIAL HIGHWAY,CENTENNIAL HIGHWAY OFF RAMP,,Non-Injury Crash,Yes,2022,,South,,0,,Hill Road,,,,,,Bright sun,2078304,0,0.0,0.0,6.0,,,0.0,,,,,,Wellington Region,Nil,2-way,Sealed,,0.0,0,,80.0,,None,0.0,0.0,,47,Wellington City,Nil,,,,,1.0,0.0,Open,0.0,,,Fine,Null,0
66528084,,573513,0.0,0.0,0.0,2.0,0.0,West,2021/2022,WESTCHESTER DRIVE,MELKSHAM DRIVE,,Minor Crash,No,2022,0.0,East,0.0,0,0.0,Hill Road,0.0,,0.0,,0.0,Bright sun,2086609,1,0.0,0.0,2.0,0.0,0.0,0.0,0.0,1.0,,0.0,0.0,Wellington Region,Nil,2-way,Sealed,0.0,0.0,0,0.0,50.0,0.0,Off,0.0,0.0,,47,Wellington City,Nil,0.0,0.0,0.0,0.0,0.0,0.0,Urban,0.0,0.0,0.0,Fine,Null,0
66528098,,573600,0.0,0.0,0.0,1.0,0.0,West,2022/2023,OHARIU ROAD,CUNLIFFE STREET,,Non-Injury Crash,No,2023,0.0,East,0.0,0,0.0,Flat,0.0,Christmas New Year,0.0,,0.0,Dark,2086706,0,0.0,0.0,2.0,0.0,0.0,0.0,0.0,0.0,,0.0,0.0,Wellington Region,Nil,2-way,Sealed,0.0,0.0,0,0.0,50.0,0.0,None,0.0,0.0,,47,Wellington City,Nil,0.0,0.0,0.0,0.0,0.0,0.0,Urban,0.0,0.0,0.0,Fine,Null,0
66528104,,575600,0.0,,0.0,1.0,,Null,2022/2023,OHIRO ROAD,BROOKLYN ROAD,,Minor Crash,No,2023,,North,,0,,Flat,,,,,,Bright sun,2161900,1,1.0,0.0,2.0,,,0.0,,,,,,Wellington Region,Nil,2-way,Sealed,,0.0,0,,50.0,,Null,0.0,0.0,,47,Wellington City,Give way,,,,,0.0,0.0,Urban,0.0,,,Fine,Null,0
66528203,,573101,0.0,,0.0,1.0,,West,2021/2022,VIVIAN STREET,TORY STREET,,Non-Injury Crash,Yes,2022,,East,,0,,Flat,,,,,,Dark,2133900,0,0.0,0.0,2.0,,,0.0,,,,,,Wellington Region,Nil,1-way,Sealed,,0.0,0,,50.0,,On,0.0,1.0,30.0,47,Wellington City,Nil,,,,,0.0,0.0,Urban,1.0,,,Fine,Null,0
66528222,,573101,0.0,,0.0,1.0,,North,2021/2022,CUBA STREET,ABEL SMITH STREET,,Non-Injury Crash,No,2022,,North,,0,,Flat,,,,,,Twilight,2134400,0,0.0,0.0,2.0,,,0.0,,,,,,Wellington Region,Nil,2-way,Sealed,,0.0,0,,50.0,,Off,1.0,0.0,,47,Wellington City,Nil,,,,,0.0,0.0,Urban,0.0,,,Fine,Null,0
66528240,,576901,0.0,0.0,0.0,0.0,0.0,North,2022/2023,SALEK STREET,COUTTS STREET,,Non-Injury Crash,No,2022,0.0,North,0.0,0,0.0,Flat,0.0,,0.0,,0.0,Dark,2175800,0,0.0,0.0,2.0,0.0,0.0,0.0,0.0,1.0,,0.0,0.0,Wellington Region,Nil,2-way,Sealed,0.0,0.0,0,0.0,50.0,0.0,Off,0.0,0.0,,47,Wellington City,Nil,0.0,0.0,0.0,0.0,1.0,0.0,Urban,0.0,0.0,0.0,Fine,Null,0
66528245,,573101,0.0,,0.0,2.0,,Null,2022/2023,VICTORIA STREET,VIVIAN STREET,,Minor Crash,No,2022,,South,,0,,Flat,,,,,,Dark,2131600,2,0.0,0.0,3.0,,,0.0,,,,,,Wellington Region,Nil,1-way,Sealed,,0.0,0,,30.0,,On,0.0,0.0,,47,Wellington City,Traffic Signals,,,,,0.0,0.0,Urban,0.0,,,Fine,Null,0
66528268,,574002,0.0,0.0,0.0,0.0,0.0,South,2021/2022,HUTT ROAD,HUTT ROAD ON RAMP,,Non-Injury Crash,Yes,2022,0.0,North,0.0,0,0.0,Flat,1.0,,0.0,,0.0,Bright sun,2078302,0,0.0,0.0,4.0,0.0,0.0,0.0,0.0,0.0,,0.0,0.0,Wellington Region,Motorway ramp,2-way,Sealed,0.0,0.0,0,0.0,100.0,0.0,Off,0.0,0.0,,47,Wellington City,Nil,0.0,0.0,0.0,0.0,0.0,0.0,Open,1.0,0.0,0.0,Fine,Null,0
66528270,,573526,0.0,,0.0,2.0,,West,2022/2023,HUTT ROAD,HOROKIWI ROAD,,Minor Crash,Yes,2022,,North,,0,,Flat,,,,,,Overcast,2086403,1,0.0,0.0,2.0,,,0.0,,,,,,Wellington Region,Nil,2-way,Sealed,,0.0,0,,100.0,,Off,0.0,0.0,,47,Wellington City,Nil,,,,,0.0,0.0,Open,0.0,,,Light rain,Null,0
66528272,,576901,0.0,0.0,0.0,1.0,0.0,Null,2022/2023,COBHAM DRIVE,TROY STREET,,Non-Injury Crash,Yes,2023,0.0,East,0.0,0,0.0,Flat,0.0,,0.0,,0.0,Dark,2176800,0,0.0,0.0,2.0,0.0,0.0,0.0,0.0,0.0,,0.0,0.0,Wellington Region,Nil,1-way,Sealed,0.0,0.0,0,0.0,70.0,0.0,On,0.0,1.0,,47,Wellington City,Give way,2.0,0.0,0.0,0.0,0.0,0.0,Urban,1.0,0.0,0.0,Fine,Null,0
66528296,,573300,0.0,,0.0,1.0,,Null,2022/2023,BROOKLYN ROAD,BIDWILL STREET,,Serious Crash,No,2023,,South,,0,,Hill Road,,Queens Birthday,,,,Dark,2144900,0,0.0,1.0,3.0,,,0.0,,,,,,Wellington Region,Nil,2-way,Sealed,,0.0,1,,50.0,,On,0.0,0.0,,47,Wellington City,Give way,,,,,0.0,0.0,Urban,0.0,,,Fine,Null,0
66528306,,575300,0.0,0.0,0.0,4.0,0.0,South,2022/2023,KELBURN PARADE,GROVE ROAD,,Non-Injury Crash,No,2023,0.0,South,0.0,0,0.0,Hill Road,0.0,,0.0,,0.0,Dark,2155000,0,0.0,0.0,2.0,0.0,0.0,0.0,0.0,1.0,,0.0,0.0,Wellington Region,Nil,2-way,Sealed,0.0,0.0,0,0.0,50.0,0.0,On,0.0,0.0,,47,Wellington City,Nil,0.0,0.0,0.0,0.0,0.0,0.0,Urban,0.0,0.0,0.0,Fine,Null,0
66528352,,576400,0.0,0.0,0.0,3.0,0.0,West,2022/2023,RHODES STREET,FERGUSON STREET,,Non-Injury Crash,No,2022,0.0,East,0.0,0,0.0,Flat,0.0,,0.0,,0.0,Dark,2168700,0,0.0,0.0,2.0,0.0,0.0,0.0,0.0,1.0,,0.0,0.0,Wellington Region,Nil,2-way,Sealed,0.0,0.0,0,0.0,50.0,0.0,On,0.0,0.0,,47,Wellington City,Nil,0.0,0.0,0.0,0.0,0.0,0.0,Urban,0.0,0.0,0.0,Light rain,Null,0
66528397,,573101,0.0,,0.0,1.0,,Null,2021/2022,WAKEFIELD STREET,TARANAKI STREET,,Minor Crash,No,2022,,West,,0,,Flat,,,,,,Dark,2135200,1,0.0,0.0,4.0,,,0.0,,,1.0,,,Wellington Region,Nil,1-way,Sealed,,0.0,0,,50.0,,On,0.0,1.0,,47,Wellington City,Traffic Signals,,,,,0.0,0.0,Urban,0.0,,,Light rain,Null,0
66528403,,574200,0.0,0.0,0.0,3.0,0.0,North,2022/2023,JOHN SIMS DRIVE,RAJKOT TERRACE,,Minor Crash,No,2023,0.0,North,0.0,0,0.0,Hill Road,0.0,,0.0,,0.0,Dark,2087700,1,0.0,0.0,2.0,0.0,0.0,0.0,0.0,2.0,,0.0,0.0,Wellington Region,Nil,2-way,Sealed,0.0,0.0,0,0.0,50.0,0.0,Off,0.0,0.0,,47,Wellington City,Nil,0.0,0.0,0.0,0.0,0.0,0.0,Urban,0.0,0.0,0.0,Light rain,Null,0
66528430,,575600,0.0,,0.0,1.0,,Null,2022/2023,WASHINGTON AVENUE,HEATON TERRACE,,Non-Injury Crash,No,2022,,North,,0,,Flat,,,,,,Bright sun,2162100,0,0.0,0.0,2.0,,,0.0,,,,,,Wellington Region,Nil,2-way,Sealed,,0.0,0,,50.0,,None,0.0,0.0,,47,Wellington City,Give way,,,,,0.0,1.0,Urban,0.0,,,Fine,Null,0
66528488,,574800,0.0,0.0,0.0,1.0,0.0,South,2021/2022,FANCOURT STREET,FRIEND STREET,,Non-Injury Crash,No,2021,0.0,South,0.0,0,0.0,Hill Road,0.0,,0.0,,0.0,Unknown,2106700,0,0.0,0.0,2.0,0.0,0.0,0.0,0.0,1.0,,0.0,0.0,Wellington Region,Nil,2-way,Sealed,0.0,0.0,0,0.0,50.0,0.0,Null,1.0,0.0,,47,Wellington City,Nil,0.0,0.0,0.0,0.0,0.0,0.0,Urban,0.0,0.0,0.0,Null,Null,1
66528494,,574900,0.0,0.0,0.0,3.0,0.0,West,2022/2023,KARORI ROAD,RICHMOND AVENUE,,Minor Crash,No,2022,0.0,West,0.0,0,0.0,Flat,0.0,,0.0,,0.0,Bright sun,2109900,1,0.0,0.0,2.0,0.0,0.0,0.0,0.0,1.0,,0.0,0.0,Wellington Region,Nil,2-way,Sealed,0.0,0.0,0,0.0,50.0,0.0,Off,0.0,0.0,,47,Wellington City,Nil,0.0,0.0,0.0,0.0,0.0,0.0,Urban,0.0,0.0,0.0,Fine,Null,0
66528586,,572900,0.0,,0.0,2.0,,Null,2020/2021,MOLESWORTH STREET,AITKEN STREET,,Non-Injury Crash,No,2021,,North,,0,,Flat,,,,,,Overcast,2122500,0,0.0,0.0,2.0,,,0.0,,,,,,Wellington Region,Nil,1-way,Sealed,,0.0,0,,50.0,,Off,0.0,0.0,,47,Wellington City,Traffic Signals,,,,,0.0,0.0,Urban,0.0,,,Fine,Null,1
66528593,,572900,0.0,0.0,0.0,0.0,0.0,East,2021/2022,HAWKESTONE STREET,PORTLAND CRESCENT,,Non-Injury Crash,No,2021,0.0,East,0.0,0,0.0,Flat,0.0,,0.0,,0.0,Unknown,2119600,0,0.0,0.0,2.0,0.0,0.0,0.0,0.0,1.0,,0.0,0.0,Wellington Region,Nil,2-way,Sealed,0.0,0.0,0,0.0,50.0,0.0,Null,1.0,0.0,,47,Wellington City,Nil,0.0,0.0,0.0,0.0,0.0,0.0,Urban,0.0,0.0,0.0,Null,Null,1
66528629,,573801,0.0,0.0,0.0,2.0,0.0,North,2022/2023,HELSTON ROAD,CYRIL WAY,,Minor Crash,No,2022,0.0,South,0.0,0,0.0,Hill Road,0.0,,0.0,,0.0,Overcast,2078900,1,0.0,0.0,2.0,0.0,0.0,0.0,0.0,1.0,,0.0,0.0,Wellington Region,Nil,2-way,Sealed,0.0,0.0,0,0.0,50.0,0.0,Off,0.0,0.0,,47,Wellington City,Nil,0.0,0.0,0.0,0.0,0.0,0.0,Urban,0.0,0.0,0.0,Fine,Null,0
66528667,,574303,0.0,,0.0,2.0,,North,2023/2024,CENTENNIAL HIGHWAY,TYERS ROAD,,Minor Crash,Yes,2023,,North,,0,,Hill Road,,,,,,Bright sun,2088705,1,0.0,0.0,3.0,,,0.0,,,,,,Wellington Region,Tram lines,1-way,Sealed,,0.0,0,,100.0,,Off,0.0,0.0,,47,Wellington City,Nil,,,,,0.0,0.0,Open,0.0,,,Fine,Null,0
66528706,,573000,0.0,,0.0,2.0,,North,2021/2022,WELLINGTON URBAN MOTORWAY,NORTH PORTAL NBD,,Non-Injury Crash,Yes,2022,,North,,0,,Flat,,,,,,Bright sun,2126700,0,0.0,0.0,2.0,,,0.0,,,,,,Wellington Region,Nil,1-way,Sealed,,0.0,0,,70.0,,Off,0.0,0.0,,47,Wellington City,Nil,,,,,0.0,0.0,Urban,0.0,,,Fine,Null,0
66528707,,576500,0.0,,0.0,3.0,,North,2022/2023,RIDDIFORD STREET,HOSPITAL PED XING,,Non-Injury Crash,No,2022,,South,,0,,Flat,,,,,,Overcast,2149200,0,0.0,0.0,4.0,,,0.0,,,,,,Wellington Region,Nil,2-way,Sealed,,0.0,0,,50.0,,Off,0.0,0.0,,47,Wellington City,Nil,,,,,0.0,0.0,Urban,0.0,,,Fine,Null,0
66528722,,574002,0.0,,0.0,1.0,,North,2022/2023,HUTT ROAD,RAILYARD ENTRY,,Minor Crash,Yes,2022,,South,,0,,Flat,,,,,,Overcast,2078302,1,0.0,0.0,4.0,,,0.0,,,,,,Wellington Region,Nil,2-way,Sealed,,0.0,0,,100.0,,Off,0.0,0.0,,47,Wellington City,Nil,,,,,0.0,0.0,Open,1.0,,,Fine,Null,0
66528825,,576903,0.0,0.0,0.0,2.0,0.0,Null,2021/2022,MOXHAM AVENUE,GOA STREET,,Non-Injury Crash,No,2022,0.0,South,0.0,0,0.0,Flat,0.0,,0.0,,0.0,Overcast,2181100,0,0.0,0.0,2.0,0.0,0.0,0.0,0.0,0.0,,0.0,0.0,Wellington Region,Nil,2-way,Sealed,0.0,0.0,0,0.0,50.0,0.0,On,0.0,0.0,,47,Wellington City,Stop,1.0,0.0,0.0,0.0,0.0,0.0,Urban,0.0,0.0,0.0,Fine,Null,0
66528893,,576700,0.0,,0.0,0.0,,North,2022/2023,EVANS BAY PARADE,PAHIA STREET,,Minor Crash,No,2023,,North,,0,,Flat,,,,,,Overcast,2186100,1,0.0,1.0,2.0,,,0.0,,,,,,Wellington Region,Nil,2-way,Sealed,,0.0,0,,50.0,,Off,0.0,0.0,,47,Wellington City,Nil,,,,,0.0,0.0,Urban,0.0,,,Heavy rain,Strong wind,0
66528973,,573511,0.0,0.0,0.0,1.0,1.0,North,2022/2023,JOHNSONVILLE PORIRUA MOTORWAY,CHURTON PARK-GLENSIDE ON RAMP,,Minor Crash,Yes,2023,0.0,North,0.0,0,0.0,Flat,0.0,,0.0,,0.0,Overcast,2086203,1,0.0,0.0,2.0,0.0,0.0,0.0,0.0,0.0,,0.0,0.0,Wellington Region,Nil,1-way,Sealed,0.0,0.0,0,0.0,100.0,0.0,None,0.0,0.0,,47,Wellington City,Nil,0.0,0.0,0.0,0.0,0.0,0.0,Open,0.0,0.0,0.0,Light rain,Null,0
66529005,,572600,0.0,,0.0,2.0,,Null,2021/2022,MAIN ROAD,CAMBRIDGE STREET,,Non-Injury Crash,No,2021,,East,,0,,Flat,,,,,,Bright sun,1992100,0,0.0,0.0,2.0,,,0.0,,,,,,Wellington Region,Nil,2-way,Sealed,,0.0,0,,50.0,,Off,0.0,0.0,,47,Wellington City,Give way,,,,,0.0,0.0,Urban,0.0,,,Fine,Null,1
66529006,,573000,0.0,0.0,0.0,2.0,0.0,Null,2021/2022,WILLIS STREET,DIXON STREET,,Non-Injury Crash,No,2022,0.0,North,0.0,0,0.0,Flat,0.0,,0.0,,0.0,Dark,2130700,0,0.0,0.0,2.0,0.0,0.0,0.0,0.0,0.0,,0.0,0.0,Wellington Region,Nil,2-way,Sealed,0.0,0.0,0,0.0,30.0,0.0,On,0.0,0.0,,47,Wellington City,Traffic Signals,0.0,1.0,0.0,0.0,0.0,0.0,Urban,0.0,0.0,0.0,Heavy rain,Null,0
66529048,,573514,0.0,,0.0,2.0,,South,2021/2022,CHURTON DRIVE,HALSWATER DRIVE,,Minor Crash,No,2022,,North,,0,,Hill Road,,,,,,Bright sun,2086801,1,0.0,0.0,2.0,,,0.0,,,1.0,,,Wellington Region,Nil,2-way,Sealed,,0.0,0,,50.0,,Off,0.0,0.0,40.0,47,Wellington City,Unknown,,,,,0.0,0.0,Urban,0.0,,,Fine,Null,0
66529052,,574701,0.0,,0.0,0.0,,South,2021/2022,CHURCHILL DRIVE,CHARTWELL DRIVE,,Serious Crash,No,2022,,South,,0,,Hill Road,,,,,,Bright sun,2097900,0,1.0,0.0,2.0,,,0.0,,,,,,Wellington Region,Nil,2-way,Sealed,,0.0,1,,50.0,,Off,0.0,0.0,,47,Wellington City,Nil,,,,,0.0,0.0,Urban,0.0,,,Fine,Null,0
66529086,,576903,0.0,,0.0,2.0,,North,2021/2022,RUAHINE STREET,GOA STREET,,Non-Injury Crash,Yes,2022,,North,,0,,Hill Road,,,,,,Bright sun,2180700,0,0.0,0.0,2.0,,,0.0,,,,,,Wellington Region,Nil,2-way,Sealed,,0.0,0,,70.0,,Off,0.0,0.0,,47,Wellington City,Nil,,,,,0.0,0.0,Urban,0.0,,,Fine,Null,0
66529090,,575200,0.0,0.0,0.0,2.0,0.0,South,2020/2021,GARDEN ROAD,MILITARY ROAD,,Non-Injury Crash,No,2021,0.0,North,0.0,0,0.0,Flat,0.0,,0.0,,0.0,Unknown,2150300,0,0.0,0.0,2.0,0.0,0.0,0.0,0.0,1.0,,0.0,0.0,Wellington Region,Nil,2-way,Sealed,0.0,0.0,0,0.0,50.0,0.0,Null,0.0,0.0,,47,Wellington City,Nil,0.0,0.0,0.0,0.0,0.0,0.0,Urban,0.0,0.0,0.0,Null,Null,1
66529094,,576100,0.0,,0.0,2.0,,Null,2021/2022,HUNGERFORD ROAD,WAITAHA WAY,,Non-Injury Crash,No,2022,,South,,0,,Hill Road,,,,,,Unknown,2195603,0,0.0,0.0,2.0,,,0.0,,,,,,Wellington Region,Nil,2-way,Sealed,,0.0,0,,50.0,,Null,0.0,0.0,,47,Wellington City,Nil,,,,,0.0,0.0,Urban,0.0,,,Null,Null,0
66529100,,573522,0.0,0.0,0.0,1.0,0.0,North,2022/2023,JOHNSONVILLE PORIRUA MOTORWAY,TAKAPU RD UPASS NBD,,Non-Injury Crash,Yes,2022,0.0,North,0.0,0,0.0,Flat,1.0,,0.0,,0.0,Overcast,2053703,0,0.0,0.0,2.0,0.0,0.0,0.0,0.0,0.0,,0.0,0.0,Wellington Region,Nil,1-way,Sealed,0.0,0.0,0,0.0,100.0,0.0,Null,0.0,0.0,,47,Wellington City,Nil,0.0,0.0,0.0,0.0,0.0,0.0,Open,0.0,0.0,0.0,Light rain,Null,0
66529106,,576800,1.0,,0.0,1.0,,South,2022/2023,EVANS BAY PARADE,RATA ROAD,,Serious Crash,No,2022,,West,,0,,Flat,,,,,,Bright sun,2182503,0,0.0,0.0,2.0,,,0.0,,,,,,Wellington Region,Nil,2-way,Sealed,,0.0,1,,50.0,,Off,0.0,0.0,,47,Wellington City,Nil,,,,,0.0,0.0,Urban,0.0,,,Fine,Null,0
66529173,,573511,0.0,,0.0,2.0,,Null,2022/2023,MIDDLETON ROAD,WESTCHESTER DRIVE EAST,,Minor Crash,No,2023,,North,,0,,Flat,,,,,,Bright sun,2086203,1,0.0,0.0,2.0,,,0.0,,,,,,Wellington Region,Nil,2-way,Sealed,,0.0,0,,50.0,,Off,0.0,0.0,,47,Wellington City,Give way,,,,,0.0,0.0,Urban,0.0,,,Fine,Null,0
66529233,,572900,0.0,0.0,0.0,0.0,0.0,North,2021/2022,WADESTOWN ROAD,GRANT ROAD,,Non-Injury Crash,No,2022,0.0,North,0.0,0,0.0,Flat,0.0,,0.0,,0.0,Bright sun,2117700,0,0.0,0.0,2.0,0.0,0.0,0.0,0.0,0.0,,0.0,0.0,Wellington Region,Nil,2-way,Sealed,0.0,0.0,0,0.0,50.0,0.0,Off,1.0,0.0,,47,Wellington City,Nil,0.0,0.0,0.0,0.0,0.0,0.0,Urban,0.0,0.0,0.0,Fine,Null,0
66529238,,572600,0.0,,0.0,1.0,,Null,2021/2022,MAIN ROAD,VICTORY CRESCENT,,Non-Injury Crash,No,2022,,North,,0,,Flat,,,,,,Twilight,1991800,0,0.0,0.0,2.0,,,0.0,,,,,,Wellington Region,Nil,2-way,Sealed,,0.0,0,,50.0,,Off,0.0,0.0,,47,Wellington City,Give way,,,,,0.0,0.0,Urban,1.0,,,Fine,Null,0
66529258,,577301,0.0,0.0,0.0,1.0,0.0,Null,2022/2023,PARK ROAD,WHANGANUI STREET,,Non-Injury Crash,No,2022,0.0,North,0.0,0,0.0,Flat,0.0,,0.0,,0.0,Bright sun,2203500,0,0.0,0.0,2.0,0.0,0.0,0.0,0.0,1.0,,0.0,0.0,Wellington Region,Nil,2-way,Sealed,0.0,0.0,0,0.0,50.0,0.0,Off,0.0,0.0,,47,Wellington City,Give way,0.0,0.0,0.0,0.0,1.0,0.0,Urban,0.0,0.0,0.0,Fine,Null,0
66529267,,573101,0.0,,0.0,1.0,,West,2022/2023,VIVIAN STREET,CUBA STREET,,Non-Injury Crash,Yes,2022,,East,,0,,Flat,,,,,,Dark,2132100,0,0.0,0.0,2.0,,,0.0,,,,,,Wellington Region,Nil,1-way,Sealed,,0.0,0,,50.0,,On,0.0,0.0,,47,Wellington City,Nil,,,,,1.0,0.0,Urban,0.0,,,Light rain,Null,0
66529274,,572900,0.0,,0.0,2.0,,Null,2021/2022,THORNDON QUAY,MOORE STREET,,Non-Injury Crash,No,2022,,North,,0,,Flat,,,,,,Overcast,2121500,0,0.0,0.0,2.0,,,0.0,,,,,,Wellington Region,Nil,2-way,Sealed,,0.0,0,,50.0,,Off,0.0,0.0,,47,Wellington City,Nil,,,,,0.0,0.0,Urban,0.0,,,Light rain,Null,0
66529286,,573101,0.0,,1.0,1.0,,West,2021/2022,COURTENAY PLACE,TORY STREET,,Non-Injury Crash,No,2022,,East,,0,,Flat,,,,,,Bright sun,2135600,0,0.0,0.0,3.0,,,0.0,,,,,,Wellington Region,Nil,2-way,Sealed,,0.0,0,,30.0,,Off,0.0,0.0,,47,Wellington City,Nil,,,,,0.0,0.0,Urban,0.0,,,Fine,Null,0
66529420,,577200,0.0,,0.0,2.0,,South,2022/2023,CALABAR ROAD,CALEDONIA STREET,,Non-Injury Crash,Yes,2022,,North,,0,,Flat,,,,,,Overcast,2206500,0,0.0,0.0,3.0,,,0.0,,,,,,Wellington Region,Nil,2-way,Sealed,,0.0,0,,70.0,,Off,0.0,0.0,,47,Wellington City,Nil,,,,,0.0,0.0,Urban,0.0,,,Fine,Null,0
66529442,,575902,0.0,0.0,0.0,0.0,0.0,North,2022/2023,HAPPY VALLEY ROAD,ROBERTSON STREET,,Minor Crash,No,2022,0.0,North,0.0,0,0.0,Flat,0.0,,0.0,,0.0,Overcast,2187406,1,0.0,1.0,2.0,0.0,0.0,0.0,0.0,1.0,,0.0,0.0,Wellington Region,Nil,2-way,Sealed,0.0,0.0,0,0.0,50.0,0.0,Off,0.0,0.0,,47,Wellington City,Nil,0.0,0.0,0.0,0.0,1.0,0.0,Urban,0.0,0.0,0.0,Fine,Null,0
66529445,,573101,0.0,,0.0,1.0,,Null,2022/2023,WILLIS STREET,ARO STREET,,Minor Crash,No,2022,,North,,0,,Flat,,,,,,Bright sun,2132900,1,0.0,1.0,4.0,,,0.0,,,,,,Wellington Region,Nil,1-way,Sealed,,0.0,0,,50.0,,Off,0.0,0.0,,47,Wellington City,Give way,,,,,0.0,0.0,Urban,0.0,,,Fine,Null,0
66529460,,575100,0.0,0.0,0.0,1.0,0.0,Null,2021/2022,BEAUCHAMP STREET,VERVIERS STREET,,Non-Injury Crash,No,2021,0.0,Null,0.0,0,0.0,Null,0.0,,0.0,,0.0,Unknown,2115200,0,0.0,0.0,2.0,0.0,0.0,0.0,0.0,1.0,,0.0,0.0,Wellington Region,Nil,2-way,Sealed,0.0,0.0,0,0.0,50.0,0.0,On,0.0,0.0,,47,Wellington City,Nil,0.0,0.0,0.0,0.0,0.0,0.0,Urban,0.0,0.0,0.0,Null,Null,1
66529520,,572701,0.0,0.0,0.0,2.0,0.0,North,2022/2023,MAIN ROAD,LINDEN AVENUE,,Minor Crash,No,2022,0.0,South,0.0,0,0.0,Flat,0.0,,0.0,,0.0,Dark,1993902,1,0.0,0.0,2.0,0.0,0.0,0.0,0.0,1.0,,0.0,0.0,Wellington Region,Nil,2-way,Sealed,0.0,0.0,0,0.0,50.0,0.0,On,0.0,0.0,,47,Wellington City,Nil,0.0,0.0,0.0,0.0,0.0,0.0,Urban,0.0,0.0,0.0,Heavy rain,Strong wind,0
66529598,,573200,0.0,0.0,0.0,2.0,0.0,Null,2022/2023,OHIRO ROAD,MAARAMA CRESCENT,,Non-Injury Crash,No,2022,0.0,North,0.0,0,0.0,Hill Road,0.0,,0.0,,0.0,Overcast,2158700,0,0.0,0.0,2.0,0.0,0.0,0.0,0.0,1.0,,0.0,0.0,Wellington Region,Nil,2-way,Sealed,0.0,0.0,0,0.0,50.0,0.0,Off,0.0,0.0,,47,Wellington City,Nil,0.0,0.0,0.0,0.0,0.0,0.0,Urban,0.0,0.0,0.0,Fine,Null,0
66529629,,572702,0.0,,0.0,1.0,,North,2022/2023,JOHNSONVILLE PORIRUA MOTORWAY,PED SUBWAY,,Minor Crash,Yes,2023,,South,,0,,Flat,,,,,,Overcast,1996202,1,0.0,1.0,4.0,,,0.0,,,,,,Wellington Region,Nil,2-way,Sealed,,0.0,0,,80.0,,Off,0.0,0.0,,47,Wellington City,Nil,,,,,0.0,0.0,Open,0.0,,,Light rain,Null,0
66529701,,574304,0.0,,0.0,2.0,,North,2022/2023,HOMEBUSH ROAD,BENARES STREET,,Non-Injury Crash,No,2022,,North,,0,,Flat,,,,,,Dark,2090403,0,0.0,0.0,2.0,,,0.0,,,,,,Wellington Region,Nil,2-way,Sealed,,0.0,0,,50.0,,On,0.0,0.0,,47,Wellington City,Nil,,,,,0.0,0.0,Urban,0.0,,,Heavy rain,Strong wind,0
66529730,,572701,0.0,,0.0,2.0,,South,2022/2023,MAIN ROAD,FYVIE AVENUE,,Non-Injury Crash,No,2022,,South,,0,,Flat,,,,,,Bright sun,1994500,0,0.0,0.0,2.0,,,0.0,,,,,,Wellington Region,Nil,2-way,Sealed,,0.0,0,,50.0,,Off,0.0,0.0,,47,Wellington City,Nil,,,,,0.0,0.0,Urban,0.0,,,Fine,Null,0