OBJECTID,advisorySpeed,areaUnitID,bicycle,bridge,bus,carStationWagon,cliffBank,crashDirectionDescription,crashFinancialYear,crashLocation1,crashLocation2,crashRoadSideRoad,crashSeverity,crashSHDescription,crashYear,debris,directionRoleDescription,ditch,fatalCount,fence,flatHill,guardRail,holiday,houseOrBuilding,intersection,kerb,light,meshblockId,minorInjuryCount,moped,motorcycle,NumberOfLanes,objectThrownOrDropped,otherObject,otherVehicleType,overBank,parkedVehicle,pedestrian,phoneBoxEtc,postOrPole,region,roadCharacter,roadLane,roadSurface,roadworks,schoolBus,seriousInjuryCount,slipOrFlood,speedLimit,strayAnimal,streetLight,suv,taxi,temporarySpeedLimit,tlaId,tlaName,trafficControl,trafficIsland,trafficSign,train,tree,truck,unknownVehicleType,urban,vanOrUtility,vehicle,waterRiver,weatherA,weatherB,if_pandemic
66529740,,572900,0.0,0.0,0.0,1.0,0.0,North,2021/2022,WELLINGTON URBAN MOTORWAY,AURORA TERRACE OBR,,Non-Injury Crash,Yes,2022,0.0,South,0.0,0,0.0,Flat,1.0,,0.0,,0.0,Bright sun,2122100,0,0.0,0.0,2.0,0.0,0.0,0.0,0.0,0.0,,0.0,0.0,Wellington Region,Nil,1-way,Sealed,0.0,0.0,0,0.0,100.0,0.0,Off,0.0,0.0,,47,Wellington City,Nil,0.0,0.0,0.0,0.0,0.0,0.0,Open,1.0,0.0,0.0,Fine,Null,0
66529753,,576200,1.0,,0.0,1.0,,South,2020/2021,ADELAIDE ROAD,CHILKA STREET,,Non-Injury Crash,No,2021,,North,,0,,Flat,,,,,,Bright sun,2173000,0,0.0,0.0,2.0,,,0.0,,,,,,Wellington Region,Nil,2-way,Sealed,,0.0,0,,50.0,,Off,0.0,0.0,,47,Wellington City,Nil,,,,,0.0,0.0,Urban,0.0,,,Fine,Null,1
66529781,,573522,0.0,0.0,0.0,1.0,0.0,South,2022/2023,JOHNSONVILLE PORIRUA MOTORWAY,TAWA-GRENADA NORTH ON RAMP,,Minor Crash,Yes,2023,0.0,North,0.0,0,0.0,Flat,1.0,Queens Birthday,0.0,,0.0,Dark,2053703,1,0.0,0.0,2.0,0.0,0.0,0.0,0.0,0.0,,0.0,0.0,Wellington Region,Nil,1-way,Sealed,0.0,0.0,0,0.0,100.0,0.0,On,0.0,0.0,,47,Wellington City,Nil,0.0,0.0,0.0,0.0,0.0,0.0,Open,0.0,0.0,0.0,Light rain,Null,0
66529818,,576903,0.0,0.0,0.0,1.0,0.0,Null,2020/2021,MOXHAM AVENUE,KUPE STREET,,Non-Injury Crash,No,2021,0.0,Null,0.0,0,0.0,Null,0.0,,0.0,,0.0,Unknown,2180300,0,0.0,0.0,2.0,0.0,0.0,0.0,0.0,1.0,,0.0,0.0,Wellington Region,Nil,2-way,Sealed,0.0,0.0,0,0.0,50.0,0.0,Null,0.0,0.0,,47,Wellington City,Stop,0.0,0.0,0.0,0.0,0.0,0.0,Urban,0.0,0.0,0.0,Null,Null,1
66529827,,574302,0.0,,0.0,2.0,,Null,2022/2023,NICHOLSON ROAD,AGRA CRESCENT,,Non-Injury Crash,No,2022,,South,,0,,Flat,,,,,,Dark,2092700,0,0.0,0.0,2.0,,,0.0,,,,,,Wellington Region,Nil,2-way,Sealed,,0.0,0,,50.0,,On,0.0,0.0,,47,Wellington City,Give way,,,,,0.0,0.0,Urban,0.0,,,Fine,Null,0
66529841,,572600,0.0,0.0,0.0,4.0,0.0,North,2022/2023,CHESTER ROAD,WESTHAVEN DRIVE,,Non-Injury Crash,No,2022,0.0,North,0.0,0,0.0,Hill Road,0.0,,0.0,,0.0,Bright sun,1989600,0,0.0,0.0,2.0,0.0,0.0,0.0,0.0,2.0,,0.0,0.0,Wellington Region,Nil,2-way,Sealed,0.0,0.0,0,0.0,50.0,0.0,Off,0.0,0.0,,47,Wellington City,Nil,0.0,0.0,0.0,0.0,0.0,0.0,Urban,0.0,0.0,0.0,Fine,Null,0
66529848,,577700,0.0,0.0,0.0,1.0,0.0,West,2022/2023,MAKARA ROAD,OPAU ROAD,,Non-Injury Crash,No,2023,0.0,North,0.0,0,0.0,Hill Road,0.0,,0.0,,0.0,Dark,2116500,0,0.0,0.0,2.0,0.0,0.0,0.0,0.0,0.0,,0.0,0.0,Wellington Region,Nil,2-way,Sealed,0.0,0.0,0,0.0,60.0,0.0,None,0.0,0.0,,47,Wellington City,Nil,0.0,0.0,0.0,0.0,0.0,0.0,Urban,0.0,0.0,1.0,Heavy rain,Null,0
66529891,,576500,0.0,,0.0,4.0,,Null,2022/2023,RIDDIFORD STREET,HOWELL AVENUE,,Minor Crash,No,2023,,North,,0,,Flat,,,,,,Bright sun,2148700,2,0.0,0.0,4.0,,,0.0,,,,,,Wellington Region,Nil,2-way,Sealed,,0.0,0,,50.0,,Off,0.0,0.0,,47,Wellington City,Nil,,,,,0.0,0.0,Urban,1.0,,,Fine,Null,0
66529923,,574302,0.0,,0.0,2.0,,North,2022/2023,WELLINGTON URBAN MOTORWAY,AOTEA QUAY ON RAMP,,Non-Injury Crash,Yes,2023,,East,,0,,Flat,,,,,,Dark,2090604,0,0.0,0.0,4.0,,,0.0,,,,,,Wellington Region,Nil,1-way,Sealed,,0.0,0,,100.0,,On,0.0,0.0,,47,Wellington City,Nil,,,,,0.0,0.0,Open,0.0,,,Fine,Null,0
66529957,,572900,0.0,,0.0,0.0,,North,2021/2022,MOLESWORTH STREET,KATE SHEPPARD PLACE,,Serious Crash,No,2022,,North,,0,,Hill Road,,,,,,Dark,2122500,0,0.0,0.0,2.0,,,0.0,,,1.0,,,Wellington Region,Nil,1-way,Sealed,,0.0,1,,50.0,,On,1.0,0.0,,47,Wellington City,Nil,,,,,0.0,0.0,Urban,0.0,,,Fine,Null,0
66529997,,573300,0.0,,0.0,3.0,,South,2022/2023,ADELAIDE ROAD,DOUGLAS STREET,,Non-Injury Crash,No,2022,,North,,0,,Flat,,,,,,Dark,2146100,0,0.0,0.0,4.0,,,0.0,,,,,,Wellington Region,Nil,2-way,Sealed,,0.0,0,,50.0,,On,0.0,0.0,,47,Wellington City,Nil,,,,,0.0,0.0,Urban,0.0,,,Heavy rain,Strong wind,0
66530000,,573526,0.0,,0.0,2.0,,West,2022/2023,HUTT ROAD,HOROKIWI ROAD,,Non-Injury Crash,Yes,2022,,East,,0,,Flat,,,,,,Bright sun,2086403,0,0.0,0.0,2.0,,,0.0,,,,,,Wellington Region,Nil,1-way,Sealed,,0.0,0,,100.0,,Off,0.0,0.0,,47,Wellington City,Nil,,,,,0.0,0.0,Open,0.0,,,Fine,Null,0
66530009,,573000,0.0,,0.0,1.0,,Null,2022/2023,HUNTER STREET,CUSTOMHOUSE QUAY,,Minor Crash,No,2023,,North,,0,,Flat,,,,,,Overcast,2125900,1,0.0,0.0,3.0,,,0.0,,,1.0,,,Wellington Region,Nil,2-way,Sealed,,0.0,0,,30.0,,Off,0.0,0.0,,47,Wellington City,Traffic Signals,,,,,0.0,0.0,Urban,0.0,,,Fine,Null,0
66530038,,574800,0.0,0.0,1.0,1.0,0.0,Null,2022/2023,KARORI ROAD,PARKVALE ROAD,,Minor Crash,No,2023,0.0,South,0.0,0,0.0,Flat,0.0,,0.0,,0.0,Overcast,2107600,1,0.0,0.0,2.0,0.0,0.0,0.0,0.0,1.0,,0.0,0.0,Wellington Region,Nil,2-way,Sealed,0.0,0.0,0,0.0,30.0,0.0,Off,0.0,0.0,,47,Wellington City,Traffic Signals,0.0,0.0,0.0,0.0,0.0,0.0,Urban,0.0,0.0,0.0,Fine,Null,0
66530084,,572500,0.0,0.0,0.0,1.0,0.0,North,2023/2024,JOHNSONVILLE PORIRUA MOTORWAY,TAWA-GRENADA NORTH ON RAMP,,Minor Crash,Yes,2023,0.0,North,0.0,0,0.0,Hill Road,1.0,,0.0,,0.0,Overcast,1986601,1,0.0,0.0,2.0,0.0,0.0,0.0,0.0,0.0,,0.0,0.0,Wellington Region,Nil,1-way,Sealed,0.0,0.0,0,0.0,100.0,0.0,None,0.0,0.0,,47,Wellington City,Nil,0.0,0.0,0.0,0.0,0.0,0.0,Open,0.0,0.0,0.0,Light rain,Null,0
66530131,,572701,0.0,0.0,0.0,2.0,0.0,North,2021/2022,HANDYSIDE STREET,COLLINS AVENUE,,Non-Injury Crash,No,2022,0.0,North,0.0,0,0.0,Hill Road,0.0,Easter,0.0,,0.0,Dark,1993000,0,0.0,0.0,2.0,0.0,0.0,0.0,0.0,1.0,,0.0,0.0,Wellington Region,Nil,2-way,Sealed,0.0,0.0,0,0.0,50.0,0.0,Off,0.0,0.0,,47,Wellington City,Nil,0.0,0.0,0.0,0.0,0.0,0.0,Urban,0.0,0.0,0.0,Fine,Null,0
66530134,,574303,0.0,,0.0,1.0,,South,2021/2022,HUTT ROAD,NGAURANGA ON NBD OBR,,Non-Injury Crash,Yes,2022,,South,,0,,Hill Road,,,,,,Dark,2090402,0,0.0,0.0,2.0,,,0.0,,,,,,Wellington Region,Nil,1-way,Sealed,,0.0,0,,100.0,,On,2.0,0.0,,47,Wellington City,Nil,,,,,0.0,0.0,Open,0.0,,,Fine,Null,0
66530212,,572900,0.0,,0.0,0.0,,North,2022/2023,WELLINGTON URBAN MOTORWAY,MOLESWORTH OBR,,Minor Crash,Yes,2023,,North,,0,,Flat,,,,,,Bright sun,2118500,1,0.0,1.0,3.0,,,0.0,,,,,,Wellington Region,Motorway ramp,1-way,Sealed,,0.0,0,,100.0,,Off,1.0,0.0,,47,Wellington City,Nil,,,,,0.0,0.0,Open,0.0,,,Fine,Null,0
66530272,,577000,0.0,0.0,0.0,1.0,0.0,West,2023/2024,COBHAM DRIVE,CALABAR ROAD,,Non-Injury Crash,Yes,2023,0.0,West,0.0,0,1.0,Flat,0.0,,0.0,,0.0,Overcast,2175700,0,0.0,0.0,2.0,0.0,0.0,0.0,0.0,0.0,,0.0,0.0,Wellington Region,Nil,1-way,Sealed,0.0,0.0,0,0.0,50.0,0.0,Off,0.0,0.0,,47,Wellington City,Nil,0.0,0.0,0.0,0.0,0.0,0.0,Urban,0.0,0.0,0.0,Mist or Fog,Null,0
66530305,,572900,0.0,,0.0,1.0,,North,2021/2022,WELLINGTON URBAN MOTORWAY,AOTEA QUAY OFF RAMP,,Non-Injury Crash,Yes,2022,,South,,0,,Flat,,,,,,Twilight,2118400,0,0.0,0.0,3.0,,,0.0,,,,,,Wellington Region,Nil,1-way,Sealed,,0.0,0,,80.0,,On,0.0,0.0,60.0,47,Wellington City,Nil,,,,,0.0,0.0,Open,0.0,,,Light rain,Null,0
66530541,,573522,0.0,0.0,0.0,1.0,0.0,South,2021/2022,JOHNSONVILLE PORIRUA MOTORWAY,TAWA-GRENADA NORTH ON RAMP,,Non-Injury Crash,Yes,2021,0.0,South,0.0,0,0.0,Flat,0.0,,0.0,,0.0,Dark,2086311,0,0.0,0.0,2.0,0.0,0.0,0.0,0.0,0.0,,0.0,0.0,Wellington Region,Nil,1-way,Sealed,1.0,0.0,0,0.0,100.0,0.0,On,0.0,0.0,30.0,47,Wellington City,Nil,0.0,0.0,0.0,0.0,0.0,0.0,Open,0.0,0.0,0.0,Fine,Null,1
66530568,,576301,0.0,,0.0,3.0,,Null,2023/2024,ADELAIDE ROAD,JOHN STREET,,Minor Crash,No,2023,,North,,0,,Flat,,,,,,Overcast,2163500,1,0.0,0.0,2.0,,,0.0,,,,,,Wellington Region,Nil,2-way,Sealed,,0.0,0,,50.0,,Off,0.0,0.0,,47,Wellington City,Traffic Signals,,,,,0.0,0.0,Urban,0.0,,,Light rain,Null,0
66530581,,573300,0.0,,0.0,0.0,,South,2020/2021,WALLACE STREET,BIDWILL STREET,,Non-Injury Crash,No,2021,,North,,0,,Hill Road,,,,,,Bright sun,2145100,0,0.0,0.0,2.0,,,0.0,,,,,,Wellington Region,Nil,2-way,Sealed,,0.0,0,,50.0,,Off,2.0,0.0,,47,Wellington City,Nil,,,,,0.0,0.0,Urban,0.0,,,Fine,Null,1
66530587,,572900,0.0,,0.0,2.0,,North,2021/2022,WELLINGTON URBAN MOTORWAY,AOTEA OBR,,Non-Injury Crash,Yes,2022,,North,,0,,Flat,,,,,,Dark,2118400,0,0.0,0.0,3.0,,,0.0,,,,,,Wellington Region,Overpass,1-way,Sealed,,0.0,0,,100.0,,On,0.0,0.0,,47,Wellington City,Nil,,,,,0.0,0.0,Open,0.0,,,Fine,Null,0
66530610,,577302,0.0,,0.0,2.0,,South,2022/2023,PARK ROAD,TAHI STREET,,Non-Injury Crash,No,2023,,South,,0,,Flat,,,,,,Overcast,2206102,0,0.0,0.0,2.0,,,0.0,,,,,,Wellington Region,Nil,2-way,Sealed,,0.0,0,,30.0,,Off,0.0,0.0,,47,Wellington City,Nil,,,,,0.0,0.0,Urban,0.0,,,Fine,Null,0
66530611,,576100,0.0,,0.0,1.0,,Null,2022/2023,QUEENS DRIVE,HUNGERFORD ROAD,,Non-Injury Crash,No,2022,,North,,0,,Flat,,,,,,Overcast,2195800,0,0.0,0.0,2.0,,,0.0,,,,,,Wellington Region,Nil,2-way,Sealed,,0.0,0,,50.0,,Off,0.0,0.0,,47,Wellington City,Nil,,,,,1.0,0.0,Urban,0.0,,,Fine,Null,0
66530636,,576901,0.0,,0.0,2.0,,Null,2022/2023,COUTTS STREET,YULE STREET,,Non-Injury Crash,No,2022,,East,,0,,Flat,,,,,,Overcast,2177600,0,0.0,0.0,2.0,,,0.0,,,,,,Wellington Region,Nil,2-way,Sealed,,0.0,0,,50.0,,Off,0.0,0.0,,47,Wellington City,Give way,,,,,0.0,0.0,Urban,0.0,,,Fine,Null,0
66530709,,573000,1.0,,0.0,0.0,,South,2022/2023,FEATHERSTON STREET,BALLANCE STREET,,Minor Crash,No,2022,,South,,0,,Flat,,,,,,Bright sun,2125200,1,0.0,0.0,2.0,,,0.0,,,,,,Wellington Region,Nil,1-way,Sealed,,0.0,0,,30.0,,Off,0.0,0.0,,47,Wellington City,Nil,,,,,0.0,0.0,Urban,1.0,,,Fine,Null,0
66530717,,572701,0.0,0.0,0.0,1.0,0.0,North,2021/2022,COLLINS AVENUE,RANUI TERRACE,,Non-Injury Crash,No,2022,0.0,North,0.0,0,1.0,Hill Road,0.0,,0.0,,1.0,Dark,1993400,0,0.0,0.0,2.0,0.0,0.0,0.0,0.0,0.0,,0.0,1.0,Wellington Region,Nil,2-way,Sealed,0.0,0.0,0,0.0,50.0,0.0,On,0.0,0.0,,47,Wellington City,Nil,0.0,0.0,0.0,0.0,0.0,0.0,Urban,0.0,0.0,0.0,Fine,Null,0
66530794,,575200,0.0,,0.0,1.0,,North,2022/2023,GARDEN ROAD,ORANGI KAUPAPA ROAD,,Non-Injury Crash,No,2023,,North,,0,,Hill Road,,,,,,Bright sun,2151300,0,0.0,0.0,2.0,,,0.0,,,,,,Wellington Region,Nil,2-way,Sealed,,0.0,0,,50.0,,Off,0.0,0.0,,47,Wellington City,Nil,,,,,0.0,0.0,Urban,1.0,,,Fine,Null,0
66530802,,573101,0.0,,0.0,1.0,,Null,2022/2023,DIXON STREET,WILLIS STREET,,Minor Crash,No,2023,,West,,0,,Hill Road,,,,,,Bright sun,2131400,1,0.0,0.0,2.0,,,0.0,,,,,,Wellington Region,Nil,1-way,Sealed,,0.0,0,,30.0,,Off,0.0,0.0,,47,Wellington City,Traffic Signals,,,,,0.0,1.0,Urban,0.0,,,Fine,Null,0
66530808,,577602,0.0,0.0,0.0,3.0,0.0,South,2023/2024,MAUPUIA ROAD,ARANUI STREET,,Minor Crash,No,2023,0.0,South,0.0,0,0.0,Hill Road,0.0,,0.0,,0.0,Overcast,2201400,1,0.0,0.0,2.0,0.0,0.0,0.0,0.0,2.0,,0.0,0.0,Wellington Region,Nil,2-way,Sealed,0.0,0.0,0,0.0,50.0,0.0,Off,0.0,1.0,,47,Wellington City,Nil,0.0,0.0,0.0,0.0,0.0,0.0,Urban,0.0,0.0,0.0,Fine,Null,0
66530822,,575200,1.0,,0.0,1.0,,Null,2022/2023,NORTHLAND ROAD,RANDWICK ROAD,,Serious Crash,No,2022,,South,,0,,Hill Road,,,,,,Bright sun,2151000,0,0.0,0.0,2.0,,,0.0,,,,,,Wellington Region,Nil,2-way,Sealed,,0.0,1,,30.0,,Off,0.0,0.0,,47,Wellington City,Stop,,,,,0.0,0.0,Urban,0.0,,,Fine,Frost,0
66530843,,573101,0.0,,0.0,1.0,,Null,2022/2023,TARANAKI STREET,ARTHUR STREET,,Non-Injury Crash,No,2022,,South,,0,,Flat,,,,,,Bright sun,2134700,0,0.0,0.0,5.0,,,0.0,,,,,,Wellington Region,Nil,2-way,Sealed,,0.0,0,,50.0,,Off,0.0,0.0,,47,Wellington City,Traffic Signals,,,,,0.0,0.0,Urban,1.0,,,Fine,Null,0
66530873,,574701,1.0,,0.0,1.0,,North,2021/2022,CHURCHILL DRIVE,CHARTWELL DRIVE,,Non-Injury Crash,No,2022,,South,,0,,Flat,,,,,,Dark,2097900,0,0.0,0.0,2.0,,,0.0,,,,,,Wellington Region,Nil,2-way,Sealed,,0.0,0,,50.0,,On,0.0,0.0,,47,Wellington City,Give way,,,,,0.0,0.0,Urban,0.0,,,Light rain,Null,0
66530882,,575800,0.0,0.0,0.0,1.0,1.0,North,2021/2022,PRISCILLA CRESCENT,HURON PLACE,,Minor Crash,No,2022,0.0,North,0.0,0,0.0,Hill Road,0.0,,0.0,,1.0,Dark,2198400,1,0.0,0.0,2.0,0.0,0.0,0.0,0.0,0.0,,0.0,0.0,Wellington Region,Nil,2-way,Sealed,0.0,0.0,0,0.0,50.0,0.0,On,0.0,0.0,,47,Wellington City,Nil,0.0,0.0,0.0,0.0,0.0,0.0,Urban,0.0,0.0,0.0,Fine,Null,0
66530972,,573000,0.0,,0.0,1.0,,Null,2020/2021,WELLINGTON URBAN MOTORWAY,CLIFTON TERRACE ON RAMP,,Non-Injury Crash,Yes,2021,,North,,0,,Hill Road,,,,,,Bright sun,2124801,0,0.0,0.0,3.0,,,0.0,,,,,,Wellington Region,Motorway ramp,1-way,Sealed,,0.0,0,,100.0,,Off,0.0,0.0,,47,Wellington City,Nil,,,,,1.0,0.0,Open,0.0,,,Fine,Null,1
66531005,,576001,0.0,0.0,0.0,2.0,0.0,South,2021/2022,SEVERN STREET,MOSELLE STREET,,Non-Injury Crash,No,2022,0.0,North,0.0,0,0.0,Hill Road,0.0,,0.0,,0.0,Dark,2188400,0,0.0,0.0,2.0,0.0,0.0,0.0,0.0,1.0,,0.0,0.0,Wellington Region,Nil,2-way,Sealed,0.0,0.0,0,0.0,50.0,0.0,On,0.0,0.0,,47,Wellington City,Nil,0.0,0.0,0.0,0.0,0.0,0.0,Urban,0.0,0.0,0.0,Fine,Null,0
66531026,,577302,0.0,0.0,0.0,0.0,0.0,Null,2021/2022,ROTHERHAM TERRACE,DARLINGTON ROAD,,Non-Injury Crash,No,2022,0.0,East,0.0,0,0.0,Flat,0.0,,0.0,,0.0,Bright sun,2205600,0,0.0,0.0,2.0,0.0,0.0,0.0,0.0,0.0,,0.0,0.0,Wellington Region,Nil,2-way,Sealed,0.0,0.0,0,0.0,50.0,0.0,Off,0.0,0.0,,47,Wellington City,Give way,1.0,1.0,0.0,0.0,0.0,0.0,Urban,1.0,0.0,0.0,Fine,Null,0
66531027,,573200,0.0,,0.0,2.0,,Null,2022/2023,ARO STREET,EPUNI STREET,,Non-Injury Crash,No,2022,,West,,0,,Flat,,,,,,Overcast,2157300,0,0.0,0.0,2.0,,,0.0,,,,,,Wellington Region,Nil,2-way,Sealed,,0.0,0,,30.0,,None,0.0,1.0,,47,Wellington City,Give way,,,,,0.0,0.0,Urban,0.0,,,Fine,Null,0
66531053,,573901,0.0,0.0,0.0,2.0,0.0,Null,2021/2022,CATHERINE CRESCENT,BEAZLEY AVENUE,,Minor Crash,No,2022,0.0,North,0.0,0,0.0,Hill Road,0.0,,0.0,,0.0,Bright sun,2072900,3,0.0,0.0,2.0,0.0,0.0,0.0,0.0,1.0,3.0,0.0,0.0,Wellington Region,Nil,2-way,Sealed,0.0,0.0,0,0.0,50.0,0.0,Off,0.0,0.0,40.0,47,Wellington City,Nil,0.0,0.0,0.0,0.0,0.0,0.0,Urban,0.0,0.0,0.0,Fine,Null,0
66531068,,573101,0.0,,0.0,1.0,,Null,2021/2022,CABLE STREET,CHAFFERS STREET,,Non-Injury Crash,No,2021,,East,,0,,Flat,,,,,,Bright sun,2135500,0,0.0,0.0,3.0,,,0.0,,,,,,Wellington Region,Nil,1-way,Sealed,,0.0,0,,50.0,,Off,0.0,1.0,,47,Wellington City,Traffic Signals,,,,,0.0,0.0,Urban,1.0,,,Fine,Null,1
66531110,,572701,0.0,,0.0,2.0,,Null,2021/2022,LINDEN AVENUE,ROSSITER STREET,,Non-Injury Crash,No,2021,,East,,0,,Flat,,Christmas New Year,,,,Bright sun,1994500,0,0.0,0.0,2.0,,,0.0,,,,,,Wellington Region,Nil,2-way,Sealed,,0.0,0,,50.0,,Off,0.0,0.0,,47,Wellington City,Nil,,,,,0.0,0.0,Urban,0.0,,,Fine,Null,1
66531138,,573526,0.0,,0.0,2.0,,South,2021/2022,HUTT ROAD,WEIGH PIT,,Non-Injury Crash,Yes,2021,,North,,0,,Flat,,,,,,Dark,2077503,0,0.0,0.0,2.0,,,0.0,,,,,,Wellington Region,Nil,1-way,Sealed,,0.0,0,,100.0,,On,0.0,0.0,50.0,47,Wellington City,Nil,,,,,0.0,0.0,Open,0.0,,,Heavy rain,Null,1
66531278,,576901,0.0,0.0,0.0,3.0,0.0,Null,2022/2023,ROSS STREET,RONGOTAI ROAD,,Minor Crash,No,2022,0.0,North,0.0,0,0.0,Flat,0.0,,0.0,,0.0,Bright sun,2177100,1,0.0,0.0,1.0,0.0,0.0,0.0,0.0,1.0,,0.0,0.0,Wellington Region,Nil,1-way,Sealed,0.0,0.0,0,0.0,50.0,0.0,Off,0.0,1.0,,47,Wellington City,Give way,0.0,0.0,0.0,0.0,1.0,0.0,Urban,0.0,0.0,0.0,Fine,Null,0
66531328,,573000,0.0,,0.0,2.0,,Null,2022/2023,WILLIS STREET,WILLESTON STREET,,Non-Injury Crash,No,2023,,North,,0,,Flat,,,,,,Dark,2127100,0,0.0,0.0,2.0,,,0.0,,,,,,Wellington Region,Nil,1-way,Sealed,,0.0,0,,30.0,,On,0.0,0.0,,47,Wellington City,Traffic Signals,,,,,0.0,0.0,Urban,0.0,,,Fine,Null,0
66531348,,573200,0.0,0.0,0.0,1.0,0.0,South,2021/2022,NAIRN STREET,STAUNTON AVENUE,,Non-Injury Crash,No,2022,0.0,South,0.0,0,0.0,Hill Road,0.0,,0.0,,0.0,Unknown,2159603,0,0.0,0.0,2.0,0.0,0.0,0.0,0.0,1.0,,0.0,0.0,Wellington Region,Nil,2-way,Sealed,0.0,0.0,0,0.0,50.0,0.0,Null,1.0,0.0,,47,Wellington City,Nil,0.0,0.0,0.0,0.0,0.0,0.0,Urban,0.0,0.0,0.0,Null,Null,0
66531366,,576002,0.0,,0.0,2.0,,West,2021/2022,MERSEY STREET,TIBER STREET,,Non-Injury Crash,No,2021,,West,,0,,Hill Road,,,,,,Bright sun,2191000,0,0.0,0.0,2.0,,,0.0,,,,,,Wellington Region,Nil,2-way,Sealed,,0.0,0,,50.0,,Off,0.0,0.0,,47,Wellington City,Nil,,,,,0.0,0.0,Urban,0.0,,,Fine,Null,1
66531419,,573101,0.0,0.0,0.0,1.0,0.0,Null,2022/2023,DIXON STREET,EVA STREET,,Non-Injury Crash,No,2022,0.0,East,0.0,0,0.0,Flat,0.0,,0.0,,0.0,Bright sun,2133300,0,0.0,0.0,2.0,0.0,0.0,0.0,0.0,1.0,,0.0,0.0,Wellington Region,Nil,1-way,Sealed,0.0,0.0,0,0.0,30.0,0.0,Off,0.0,0.0,,47,Wellington City,Nil,0.0,0.0,0.0,0.0,0.0,0.0,Urban,1.0,0.0,0.0,Fine,Null,0
66531429,,573700,0.0,0.0,0.0,1.0,0.0,Null,2022/2023,OFF ROAD - CAR PARK,,,Minor Crash,No,2023,0.0,West,0.0,0,0.0,Flat,0.0,,1.0,,0.0,Bright sun,2082800,1,0.0,0.0,,0.0,0.0,0.0,0.0,0.0,,0.0,0.0,Wellington Region,Nil,Off road,Sealed,0.0,0.0,0,0.0,,0.0,Off,0.0,0.0,,47,Wellington City,Nil,0.0,0.0,0.0,0.0,0.0,0.0,Urban,0.0,0.0,0.0,Fine,Null,0
66531473,,572701,0.0,0.0,0.0,1.0,0.0,Null,2022/2023,COLLINS AVENUE,FINDLAY STREET,,Non-Injury Crash,No,2023,0.0,West,0.0,0,1.0,Flat,0.0,Easter,0.0,,0.0,Bright sun,1994200,0,0.0,0.0,2.0,0.0,0.0,0.0,0.0,0.0,,1.0,0.0,Wellington Region,Nil,2-way,Sealed,0.0,0.0,0,0.0,50.0,0.0,Off,0.0,0.0,,47,Wellington City,Give way,0.0,1.0,0.0,0.0,0.0,0.0,Urban,0.0,0.0,0.0,Fine,Null,0
66531476,,572701,0.0,,0.0,2.0,,North,2021/2022,JOHNSONVILLE PORIRUA MOTORWAY,TRANSMISSION GULLY MOTORWAY,,Non-Injury Crash,Yes,2022,,North,,0,,Hill Road,,,,,,Dark,1995700,0,0.0,0.0,2.0,,,0.0,,,,,,Wellington Region,Nil,1-way,Sealed,,0.0,0,,100.0,,On,0.0,0.0,70.0,47,Wellington City,Nil,,,,,0.0,0.0,Open,0.0,,,Fine,Null,0
66531513,,572900,0.0,0.0,0.0,2.0,0.0,Null,2022/2023,MOLESWORTH STREET,MAY STREET ON RAMP,,Non-Injury Crash,No,2022,0.0,North,0.0,0,0.0,Flat,0.0,,0.0,,0.0,Bright sun,2119600,0,0.0,0.0,2.0,0.0,0.0,0.0,0.0,1.0,,0.0,0.0,Wellington Region,Nil,1-way,Sealed,0.0,0.0,0,0.0,50.0,0.0,Off,0.0,0.0,,47,Wellington City,Nil,0.0,0.0,0.0,0.0,0.0,0.0,Urban,0.0,0.0,0.0,Fine,Null,0
66531528,,573000,0.0,0.0,0.0,2.0,0.0,Null,2022/2023,THE TERRACE,DALMUIR LANE,,Non-Injury Crash,No,2022,0.0,North,0.0,0,0.0,Hill Road,0.0,,0.0,,0.0,Bright sun,2124802,0,0.0,1.0,2.0,0.0,0.0,0.0,0.0,1.0,,0.0,0.0,Wellington Region,Nil,2-way,Sealed,0.0,0.0,0,0.0,30.0,0.0,Off,0.0,0.0,,47,Wellington City,Give way,0.0,0.0,0.0,0.0,0.0,0.0,Urban,0.0,0.0,0.0,Fine,Null,0
66531539,,572900,0.0,0.0,0.0,2.0,0.0,Null,2022/2023,TINAKORI ROAD,HARRIETT STREET,,Minor Crash,No,2023,0.0,North,0.0,0,0.0,Flat,0.0,,0.0,,0.0,Bright sun,2120100,2,0.0,0.0,2.0,0.0,0.0,0.0,0.0,0.0,,0.0,1.0,Wellington Region,Nil,2-way,Sealed,0.0,0.0,0,0.0,50.0,0.0,Off,0.0,0.0,,47,Wellington City,Traffic Signals,0.0,0.0,0.0,0.0,0.0,0.0,Urban,0.0,0.0,0.0,Fine,Null,0
66531553,,574500,0.0,,0.0,0.0,,East,2022/2023,WELLINGTON URBAN MOTORWAY,AOTEA QUAY ON RAMP,,Non-Injury Crash,Yes,2022,,North,,0,,Flat,,,,,,Overcast,2093500,0,0.0,0.0,4.0,,,1.0,,,,,,Wellington Region,Motorway ramp,1-way,Sealed,,0.0,0,,100.0,,Off,0.0,0.0,,47,Wellington City,Nil,,,,,0.0,0.0,Open,1.0,,,Fine,Null,0
66531574,,573700,0.0,,0.0,1.0,,Null,2021/2022,JOHNSONVILLE ROAD,NORMAN LANE,,Non-Injury Crash,No,2021,,South,,0,,Flat,,,,,,Unknown,2082800,0,0.0,0.0,2.0,,,0.0,,,,,,Wellington Region,Nil,2-way,Sealed,,0.0,0,,50.0,,Null,0.0,0.0,,47,Wellington City,Traffic Signals,,,,,0.0,0.0,Urban,1.0,,,Null,Null,1