OBJECTID,advisorySpeed,areaUnitID,bicycle,bridge,bus,carStationWagon,cliffBank,crashDirectionDescription,crashFinancialYear,crashLocation1,crashLocation2,crashRoadSideRoad,crashSeverity,crashSHDescription,crashYear,debris,directionRoleDescription,ditch,fatalCount,fence,flatHill,guardRail,holiday,houseOrBuilding,intersection,kerb,light,meshblockId,minorInjuryCount,moped,motorcycle,NumberOfLanes,objectThrownOrDropped,otherObject,otherVehicleType,overBank,parkedVehicle,pedestrian,phoneBoxEtc,postOrPole,region,roadCharacter,roadLane,roadSurface,roadworks,schoolBus,seriousInjuryCount,slipOrFlood,speedLimit,strayAnimal,streetLight,suv,taxi,temporarySpeedLimit,tlaId,tlaName,trafficControl,trafficIsland,trafficSign,train,tree,truck,unknownVehicleType,urban,vanOrUtility,vehicle,waterRiver,weatherA,weatherB,if_pandemic
66531593,,573101,0.0,,1.0,1.0,,East,2022/2023,GHUZNEE STREET,CUBA STREET,,Non-Injury Crash,No,2022,,East,,0,,Flat,,,,,,Bright sun,2133600,0,0.0,0.0,2.0,,,0.0,,,,,,Wellington Region,Nil,2-way,Sealed,,0.0,0,,50.0,,Off,0.0,0.0,,47,Wellington City,Nil,,,,,0.0,0.0,Urban,0.0,,,Fine,Null,0
66531598,,573300,0.0,0.0,0.0,1.0,0.0,Null,2021/2022,HOPPER STREET,ARLINGTON STREET,,Non-Injury Crash,No,2021,0.0,East,0.0,0,0.0,Null,0.0,,0.0,,0.0,Unknown,2144600,0,0.0,0.0,2.0,0.0,0.0,0.0,0.0,1.0,,0.0,0.0,Wellington Region,Nil,2-way,Sealed,0.0,0.0,0,0.0,50.0,0.0,Null,0.0,0.0,,47,Wellington City,Nil,0.0,0.0,0.0,0.0,0.0,0.0,Urban,1.0,0.0,0.0,Null,Null,1
66531645,,577200,1.0,,0.0,1.0,,Null,2022/2023,MIRAMAR AVENUE,HOBART STREET,,Non-Injury Crash,No,2022,,East,,0,,Flat,,,,,,Overcast,2207201,0,0.0,0.0,2.0,,,0.0,,,,,,Wellington Region,Nil,2-way,Sealed,,0.0,0,,30.0,,Off,0.0,0.0,,47,Wellington City,Give way,,,,,0.0,0.0,Urban,0.0,,,Fine,Null,0
66531681,,573101,0.0,0.0,0.0,3.0,0.0,South,2022/2023,WILLIS STREET,MANNERS STREET,,Non-Injury Crash,No,2022,0.0,South,0.0,0,0.0,Hill Road,0.0,,0.0,,0.0,Overcast,2131300,0,0.0,0.0,2.0,0.0,0.0,0.0,0.0,2.0,,0.0,0.0,Wellington Region,Nil,2-way,Sealed,0.0,0.0,0,0.0,30.0,0.0,Off,0.0,0.0,,47,Wellington City,Nil,0.0,0.0,0.0,0.0,0.0,0.0,Urban,0.0,0.0,0.0,Heavy rain,Null,0
66531772,,575500,0.0,,0.0,2.0,,South,2022/2023,RAROA ROAD,MT PLEASANT ROAD,,Minor Crash,No,2023,,East,,0,,Hill Road,,Queens Birthday,,,,Dark,2156400,1,0.0,0.0,2.0,,,0.0,,,,,,Wellington Region,Nil,2-way,Sealed,,0.0,0,,50.0,,On,0.0,0.0,,47,Wellington City,Nil,,,,,0.0,0.0,Urban,0.0,,,Light rain,Strong wind,0
66531774,,575300,1.0,,0.0,1.0,,Null,2022/2023,GLENMORE STREET,UPLAND ROAD,,Minor Crash,No,2022,,North,,0,,Hill Road,,,,,,Overcast,2152600,1,0.0,0.0,2.0,,,0.0,,,,,,Wellington Region,Nil,2-way,Sealed,,0.0,0,,50.0,,Off,0.0,0.0,,47,Wellington City,Give way,,,,,0.0,0.0,Urban,0.0,,,Fine,Null,0
66531784,,573101,0.0,0.0,0.0,1.0,0.0,West,2022/2023,FIFESHIRE AVENUE,CAMBRIDGE TERRACE,,Non-Injury Crash,No,2022,0.0,West,0.0,0,0.0,Flat,0.0,,0.0,,0.0,Bright sun,2136900,0,0.0,0.0,2.0,0.0,0.0,0.0,0.0,1.0,,0.0,0.0,Wellington Region,Nil,2-way,Sealed,0.0,0.0,0,0.0,30.0,0.0,Null,0.0,0.0,,47,Wellington City,Nil,0.0,0.0,0.0,0.0,0.0,0.0,Urban,1.0,0.0,0.0,Fine,Null,0
66531835,,576301,0.0,0.0,0.0,1.0,0.0,Null,2022/2023,RINTOUL STREET,RIDDIFORD STREET,,Non-Injury Crash,No,2023,0.0,North,0.0,0,0.0,Hill Road,0.0,,0.0,,0.0,Dark,2165200,0,0.0,0.0,2.0,0.0,0.0,0.0,0.0,0.0,,1.0,0.0,Wellington Region,Nil,2-way,Sealed,0.0,0.0,0,0.0,50.0,0.0,On,0.0,0.0,,47,Wellington City,Traffic Signals,0.0,0.0,0.0,0.0,0.0,0.0,Urban,0.0,0.0,0.0,Fine,Null,0
66531865,,573000,0.0,0.0,0.0,3.0,0.0,South,2021/2022,THE TERRACE,SALAMANCA ROAD,,Non-Injury Crash,No,2022,0.0,North,0.0,0,0.0,Hill Road,0.0,,0.0,,0.0,Dark,2129200,0,0.0,0.0,2.0,0.0,0.0,0.0,0.0,2.0,,0.0,0.0,Wellington Region,Nil,2-way,Sealed,0.0,0.0,0,0.0,50.0,0.0,On,0.0,0.0,,47,Wellington City,Nil,0.0,0.0,0.0,0.0,0.0,0.0,Urban,0.0,0.0,0.0,Fine,Null,0
66531969,,573903,0.0,,0.0,2.0,,Null,2022/2023,STEWART DRIVE,PADNELL CRESCENT,,Minor Crash,No,2023,,East,,0,,Hill Road,,Easter,,,,Overcast,2074302,1,0.0,0.0,2.0,,,0.0,,,,,,Wellington Region,Nil,2-way,Sealed,,0.0,0,,50.0,,Off,0.0,0.0,,47,Wellington City,Give way,,,,,0.0,0.0,Urban,0.0,,,Fine,Null,0
66531984,,573300,0.0,0.0,0.0,3.0,0.0,Null,2022/2023,WALLACE STREET,HUTCHISON ROAD,,Non-Injury Crash,No,2023,0.0,North,0.0,0,0.0,Hill Road,0.0,,0.0,,0.0,Overcast,2147300,0,0.0,0.0,2.0,0.0,0.0,0.0,0.0,1.0,,0.0,0.0,Wellington Region,Nil,2-way,Sealed,0.0,0.0,0,0.0,50.0,0.0,None,0.0,0.0,,47,Wellington City,Give way,0.0,0.0,0.0,0.0,0.0,0.0,Urban,0.0,0.0,0.0,Light rain,Null,0
66531985,,573000,0.0,,0.0,2.0,,North,2022/2023,WELLINGTON URBAN MOTORWAY,WILLIS STREET,,Non-Injury Crash,Yes,2022,,South,,0,,Flat,,,,,,Dark,2129700,0,0.0,0.0,2.0,,,0.0,,,,,,Wellington Region,Nil,1-way,Sealed,,0.0,0,,50.0,,On,0.0,0.0,,47,Wellington City,Nil,,,,,0.0,0.0,Urban,0.0,,,Fine,Null,0
66531995,,573101,0.0,,1.0,0.0,,South,2022/2023,CAMBRIDGE TERRACE,VIVIAN STREET,,Non-Injury Crash,No,2023,,North,,0,,Flat,,,,,,Overcast,2136700,0,0.0,0.0,3.0,,,1.0,,,,,,Wellington Region,Nil,1-way,Sealed,,0.0,0,,50.0,,Off,0.0,0.0,,47,Wellington City,Nil,,,,,0.0,0.0,Urban,0.0,,,Fine,Null,0
66532094,,573300,0.0,0.0,0.0,1.0,0.0,North,2021/2022,HANSON STREET,JOHN STREET,,Non-Injury Crash,No,2022,0.0,North,0.0,0,0.0,Null,0.0,,0.0,,0.0,Unknown,2146300,0,0.0,0.0,2.0,0.0,0.0,0.0,0.0,2.0,,0.0,0.0,Wellington Region,Nil,2-way,Sealed,0.0,0.0,0,0.0,50.0,0.0,Null,1.0,0.0,,47,Wellington City,Nil,0.0,0.0,0.0,0.0,0.0,0.0,Urban,0.0,0.0,0.0,Null,Null,0
66532132,,576700,0.0,0.0,0.0,1.0,0.0,Null,2021/2022,THE CRESCENT,GRAFTON ROAD,,Non-Injury Crash,No,2022,0.0,East,0.0,0,0.0,Hill Road,0.0,,0.0,,0.0,Overcast,2186600,0,0.0,0.0,1.0,0.0,0.0,0.0,0.0,1.0,,0.0,0.0,Wellington Region,Nil,1-way,Sealed,0.0,0.0,0,0.0,50.0,0.0,Off,1.0,0.0,,47,Wellington City,Nil,0.0,0.0,0.0,0.0,0.0,0.0,Urban,0.0,0.0,0.0,Light rain,Null,0
66532149,,573901,0.0,0.0,0.0,1.0,0.0,Null,2021/2022,STEWART DRIVE,LOASBY CRESCENT,,Non-Injury Crash,No,2021,0.0,West,0.0,0,0.0,Hill Road,0.0,Christmas New Year,0.0,,0.0,Dark,2073500,0,0.0,0.0,2.0,0.0,0.0,0.0,0.0,1.0,,0.0,0.0,Wellington Region,Nil,2-way,Sealed,0.0,0.0,0,0.0,50.0,0.0,On,0.0,0.0,,47,Wellington City,Nil,0.0,0.0,0.0,0.0,0.0,0.0,Urban,0.0,0.0,0.0,Null,Null,1
66532187,,573000,0.0,,0.0,2.0,,Null,2022/2023,JERVOIS QUAY,WILLESTON STREET,,Non-Injury Crash,No,2023,,North,,0,,Flat,,,,,,Dark,2127500,0,0.0,0.0,6.0,,,0.0,,,,,,Wellington Region,Nil,2-way,Sealed,,0.0,0,,50.0,,On,0.0,1.0,,47,Wellington City,Traffic Signals,,,,,0.0,0.0,Urban,0.0,,,Fine,Null,0
66532210,,573700,0.0,,0.0,3.0,,West,2021/2022,BRODERICK ROAD,JOHNSONVILLE ROAD,,Non-Injury Crash,No,2021,,East,,0,,Flat,,,,,,Bright sun,2082900,0,0.0,0.0,2.0,,,0.0,,,,,,Wellington Region,Nil,2-way,Sealed,,0.0,0,,50.0,,Off,0.0,0.0,,47,Wellington City,Nil,,,,,0.0,0.0,Urban,1.0,,,Fine,Null,1
66532242,,576301,0.0,,0.0,2.0,,Null,2020/2021,RIDDIFORD STREET,NEWTOWN AVENUE,,Non-Injury Crash,No,2021,,North,,0,,Flat,,,,,,Unknown,2165500,0,0.0,0.0,2.0,,,0.0,,,,,,Wellington Region,Nil,2-way,Sealed,,0.0,0,,40.0,,Null,0.0,0.0,,47,Wellington City,Nil,,,,,0.0,0.0,Urban,0.0,,,Null,Null,1
66532253,,576800,1.0,,1.0,0.0,,South,2022/2023,EVANS BAY PARADE,KIO ROAD,,Minor Crash,No,2022,,North,,0,,Flat,,,,,,Bright sun,2137102,1,0.0,0.0,2.0,,,0.0,,,,,,Wellington Region,Nil,2-way,Sealed,,0.0,0,,50.0,,Off,0.0,0.0,,47,Wellington City,Nil,,,,,0.0,0.0,Urban,0.0,,,Fine,Strong wind,0
66532316,,573513,0.0,0.0,0.0,1.0,0.0,East,2021/2022,MALLARD GROVE,LAKEWOOD AVENUE,,Non-Injury Crash,No,2021,0.0,East,0.0,0,0.0,Hill Road,0.0,,0.0,,0.0,Bright sun,2086607,0,0.0,0.0,2.0,0.0,0.0,0.0,0.0,1.0,,0.0,0.0,Wellington Region,Nil,2-way,Sealed,0.0,0.0,0,0.0,50.0,0.0,Off,0.0,0.0,,47,Wellington City,Nil,0.0,0.0,0.0,0.0,0.0,0.0,Urban,0.0,0.0,0.0,Fine,Null,1
66532333,,573101,0.0,,0.0,0.0,,Null,2022/2023,VICTORIA STREET,GHUZNEE STREET,,Minor Crash,No,2022,,East,,0,,Flat,,,,,,Dark,2131700,1,0.0,0.0,4.0,,,0.0,,,1.0,,,Wellington Region,Nil,2-way,Sealed,,0.0,0,,30.0,,On,0.0,0.0,,47,Wellington City,Traffic Signals,,,,,0.0,0.0,Urban,0.0,,,Fine,Null,0
66532424,,572701,0.0,,0.0,1.0,,South,2023/2024,MAIN ROAD,MCLELLAN STREET,,Serious Crash,No,2024,,North,,0,,Flat,,,,,,Bright sun,1994707,0,0.0,0.0,2.0,,,0.0,,,1.0,,,Wellington Region,Nil,2-way,Sealed,,0.0,1,,50.0,,Off,0.0,0.0,,47,Wellington City,Nil,,,,,0.0,0.0,Urban,0.0,,,Fine,Null,0
66532468,,573400,0.0,,0.0,2.0,,East,2021/2022,PATERSON STREET,DUFFERIN STREET,,Non-Injury Crash,Yes,2021,,North,,0,,Flat,,,,,,Bright sun,2142900,0,0.0,0.0,4.0,,,0.0,,,,,,Wellington Region,Nil,2-way,Sealed,,0.0,0,,50.0,,Off,0.0,0.0,,47,Wellington City,Nil,,,,,0.0,0.0,Urban,0.0,,,Fine,Null,1
66532517,,575000,1.0,,0.0,1.0,,West,2022/2023,KARORI ROAD,LANCASTER STREET,,Serious Crash,No,2022,,West,,0,,Flat,,,,,,Bright sun,2111500,0,0.0,0.0,2.0,,,0.0,,,,,,Wellington Region,Nil,2-way,Sealed,,0.0,1,,50.0,,Off,0.0,0.0,,47,Wellington City,Nil,,,,,0.0,0.0,Urban,0.0,,,Fine,Null,0
66532537,,577700,0.0,,0.0,0.0,,North,2022/2023,MAKARA ROAD,SOUTH MAKARA ROAD,,Minor Crash,No,2022,,North,,0,,Hill Road,,,,,,Overcast,2116600,1,0.0,1.0,2.0,,,0.0,,,,,,Wellington Region,Nil,2-way,Sealed,,0.0,0,,50.0,,None,0.0,0.0,,47,Wellington City,Nil,,,,,0.0,0.0,Urban,0.0,,,Fine,Null,0
66532538,,576301,0.0,0.0,0.0,2.0,0.0,East,2021/2022,HALL STREET,HANSON STREET,,Non-Injury Crash,No,2022,0.0,North,0.0,0,0.0,Hill Road,0.0,Easter,0.0,,0.0,Unknown,2164100,0,0.0,0.0,2.0,0.0,0.0,0.0,0.0,1.0,,0.0,0.0,Wellington Region,Nil,2-way,Sealed,0.0,0.0,0,0.0,50.0,0.0,Null,0.0,0.0,,47,Wellington City,Nil,0.0,0.0,0.0,0.0,0.0,0.0,Urban,0.0,0.0,0.0,Null,Null,0
66532557,,572600,0.0,,0.0,1.0,,Null,2022/2023,CAMBRIDGE STREET,OXFORD STREET,,Minor Crash,No,2022,,South,,0,,Flat,,,,,,Bright sun,1992200,1,0.0,0.0,2.0,,,0.0,,,1.0,,,Wellington Region,Nil,2-way,Sealed,,0.0,0,,50.0,,Null,0.0,0.0,,47,Wellington City,Give way,,,,,0.0,0.0,Urban,0.0,,,Fine,Null,0
66532642,,573101,0.0,,0.0,3.0,,East,2022/2023,VIVIAN STREET,TARANAKI STREET,,Minor Crash,Yes,2023,,East,,0,,Flat,,,,,,Overcast,2134200,1,0.0,0.0,2.0,,,0.0,,,,,,Wellington Region,Nil,1-way,Sealed,,0.0,0,,50.0,,Off,0.0,0.0,,47,Wellington City,Nil,,,,,0.0,0.0,Urban,0.0,,,Fine,Null,0
66532684,,572701,0.0,,0.0,3.0,,North,2022/2023,JOHNSONVILLE PORIRUA MOTORWAY,COLLINS OBR,,Minor Crash,Yes,2023,,North,,0,,Flat,,,,,,Overcast,1993200,1,0.0,0.0,4.0,,,0.0,,,,,,Wellington Region,Nil,1-way,Sealed,,0.0,0,,100.0,,Off,0.0,0.0,,47,Wellington City,Nil,,,,,0.0,0.0,Open,3.0,,,Fine,Null,0
66532747,,576800,0.0,0.0,0.0,6.0,0.0,North,2022/2023,WAIPAPA ROAD,KAINUI ROAD,,Serious Crash,No,2023,1.0,North,0.0,0,1.0,Hill Road,0.0,,1.0,,0.0,Bright sun,2183600,0,0.0,0.0,2.0,0.0,0.0,0.0,0.0,2.0,,0.0,0.0,Wellington Region,Nil,2-way,Sealed,0.0,0.0,1,0.0,50.0,0.0,Off,0.0,0.0,,47,Wellington City,Nil,0.0,0.0,0.0,0.0,0.0,0.0,Urban,0.0,0.0,0.0,Fine,Null,0
66532753,,576800,0.0,0.0,0.0,1.0,0.0,East,2022/2023,KONINI ROAD,WAITOA ROAD,,Non-Injury Crash,No,2023,0.0,North,0.0,0,0.0,Hill Road,0.0,,0.0,,0.0,Dark,2185500,0,0.0,0.0,2.0,0.0,0.0,0.0,0.0,1.0,,0.0,0.0,Wellington Region,Nil,2-way,Sealed,0.0,0.0,0,0.0,50.0,0.0,On,0.0,0.0,,47,Wellington City,Nil,0.0,0.0,0.0,0.0,0.0,0.0,Urban,1.0,0.0,0.0,Fine,Null,0
66532778,,574002,0.0,0.0,0.0,0.0,0.0,West,2022/2023,CENTENNIAL HIGHWAY,CENTENNIAL HIGHWAY OFF RAMP,,Minor Crash,Yes,2023,0.0,South,0.0,0,0.0,Hill Road,1.0,,0.0,,0.0,Overcast,2078304,1,0.0,0.0,3.0,0.0,0.0,0.0,0.0,0.0,,0.0,0.0,Wellington Region,Motorway ramp,1-way,Sealed,0.0,0.0,0,0.0,80.0,0.0,Off,0.0,0.0,,47,Wellington City,Nil,0.0,0.0,0.0,0.0,0.0,0.0,Open,1.0,0.0,0.0,Fine,Null,0
66532809,,573300,0.0,,0.0,1.0,,Null,2022/2023,DUFFERIN STREET,ELLICE STREET,,Minor Crash,Yes,2023,,South,,0,,Flat,,,,,,Bright sun,2145602,1,1.0,0.0,4.0,,,0.0,,,,,,Wellington Region,Nil,1-way,Sealed,,0.0,0,,50.0,,Off,0.0,0.0,,47,Wellington City,Give way,,,,,0.0,0.0,Urban,0.0,,,Fine,Null,0
66532841,,575300,1.0,,1.0,0.0,,South,2021/2022,GLENMORE STREET,UPLAND ROAD,,Non-Injury Crash,No,2022,,South,,0,,Hill Road,,,,,,Unknown,2152600,0,0.0,0.0,2.0,,,0.0,,,,,,Wellington Region,Nil,2-way,Sealed,,0.0,0,,50.0,,Null,0.0,0.0,,47,Wellington City,Unknown,,,,,0.0,0.0,Urban,0.0,,,Null,Null,0
66532851,,576301,0.0,,0.0,2.0,,Null,2022/2023,JOHN STREET,HANSON STREET,,Non-Injury Crash,No,2022,,West,,0,,Flat,,,,,,Overcast,2163300,0,0.0,0.0,4.0,,,0.0,,,,,,Wellington Region,Nil,2-way,Sealed,,0.0,0,,50.0,,Off,0.0,0.0,,47,Wellington City,Traffic Signals,,,,,0.0,0.0,Urban,0.0,,,Fine,Strong wind,0
66532885,,577000,0.0,,0.0,1.0,,Null,2021/2022,TAVISTOCK ROAD,SUTHERLAND ROAD,,Non-Injury Crash,No,2022,,North,,0,,Hill Road,,,,,,Bright sun,2174100,0,0.0,0.0,2.0,,,0.0,,,,,,Wellington Region,Nil,2-way,Sealed,,0.0,0,,50.0,,Off,0.0,0.0,,47,Wellington City,Give way,,,,,1.0,0.0,Urban,0.0,,,Fine,Null,0
66532982,,576903,0.0,,0.0,1.0,,Null,2021/2022,WELLINGTON ROAD,RUAHINE STREET,,Non-Injury Crash,Yes,2021,,North,,0,,Hill Road,,,,,,Unknown,2180400,0,0.0,0.0,2.0,,,0.0,,,,,,Wellington Region,Nil,2-way,Sealed,,0.0,0,,50.0,,Null,0.0,0.0,,47,Wellington City,Give way,,,,,0.0,1.0,Urban,0.0,,,Null,Null,1
66532994,,576001,0.0,0.0,0.0,1.0,0.0,South,2021/2022,HIGH STREET,VALLEY STREET,,Non-Injury Crash,No,2022,0.0,Null,0.0,0,0.0,Flat,0.0,,0.0,,0.0,Unknown,2188900,0,0.0,0.0,2.0,0.0,0.0,0.0,0.0,1.0,,0.0,0.0,Wellington Region,Nil,2-way,Sealed,0.0,0.0,0,0.0,50.0,0.0,Null,0.0,0.0,,47,Wellington City,Nil,0.0,0.0,0.0,0.0,1.0,0.0,Urban,0.0,0.0,0.0,Null,Null,0
66533076,,574002,0.0,0.0,0.0,1.0,0.0,East,2021/2022,CENTENNIAL HIGHWAY,CENTENNIAL HIGHWAY OFF RAMP,,Non-Injury Crash,Yes,2022,0.0,East,0.0,0,0.0,Flat,1.0,,0.0,,0.0,Unknown,2078302,0,0.0,0.0,2.0,0.0,0.0,0.0,0.0,0.0,,0.0,0.0,Wellington Region,Nil,1-way,Sealed,0.0,0.0,0,0.0,100.0,0.0,Null,0.0,0.0,,47,Wellington City,Nil,0.0,0.0,0.0,0.0,1.0,0.0,Open,0.0,0.0,0.0,Light rain,Null,0
66533172,,574303,0.0,0.0,0.0,1.0,0.0,South,2021/2022,CENTENNIAL HIGHWAY ON RAMP,CENTENNIAL HIGHWAY,,Non-Injury Crash,No,2022,0.0,North,0.0,0,0.0,Hill Road,1.0,,0.0,,0.0,Dark,2088705,0,0.0,0.0,1.0,0.0,0.0,0.0,0.0,0.0,,0.0,0.0,Wellington Region,Motorway ramp,1-way,Sealed,0.0,0.0,0,0.0,80.0,0.0,On,0.0,0.0,,47,Wellington City,Nil,0.0,0.0,0.0,0.0,0.0,0.0,Open,0.0,0.0,0.0,Light rain,Null,0
66533240,,574001,0.0,0.0,0.0,3.0,0.0,West,2022/2023,NEWLANDS ROAD,WAKELY ROAD,,Non-Injury Crash,No,2022,0.0,West,0.0,0,0.0,Hill Road,0.0,,0.0,,0.0,Bright sun,2077600,0,0.0,0.0,2.0,0.0,0.0,0.0,0.0,1.0,,0.0,0.0,Wellington Region,Nil,2-way,Sealed,0.0,0.0,0,0.0,50.0,0.0,Off,0.0,0.0,,47,Wellington City,Nil,0.0,0.0,0.0,0.0,0.0,0.0,Urban,0.0,0.0,0.0,Fine,Null,0
66533401,,573300,0.0,0.0,0.0,1.0,0.0,Null,2021/2022,WRIGHT STREET,HARGREAVES STREET,,Non-Injury Crash,No,2022,0.0,North,0.0,0,0.0,Flat,0.0,,0.0,,0.0,Bright sun,2146600,0,0.0,0.0,2.0,0.0,0.0,0.0,0.0,1.0,,0.0,0.0,Wellington Region,Nil,2-way,Sealed,0.0,0.0,0,0.0,50.0,0.0,Off,0.0,0.0,,47,Wellington City,Give way,0.0,0.0,0.0,0.0,0.0,0.0,Urban,1.0,0.0,0.0,Fine,Null,0
66533430,,577200,0.0,0.0,0.0,1.0,0.0,Null,2021/2022,MIRAMAR AVENUE,HOBART STREET,,Non-Injury Crash,No,2021,0.0,South,0.0,0,0.0,Flat,0.0,,0.0,,0.0,Bright sun,2207201,0,0.0,0.0,2.0,0.0,0.0,0.0,0.0,0.0,,0.0,0.0,Wellington Region,Nil,2-way,Sealed,0.0,0.0,0,0.0,30.0,0.0,Off,0.0,0.0,,47,Wellington City,Give way,1.0,0.0,0.0,1.0,0.0,0.0,Urban,0.0,0.0,0.0,Fine,Null,1
66533446,,575800,0.0,,0.0,1.0,,South,2021/2022,OHIRO ROAD,RUA KAI WAY,,Non-Injury Crash,No,2021,,South,,0,,Flat,,,,,,Dark,2197101,0,0.0,0.0,2.0,,,0.0,,,,,,Wellington Region,Nil,2-way,Sealed,,0.0,0,,50.0,,On,0.0,0.0,,47,Wellington City,Nil,,,,,1.0,0.0,Urban,0.0,,,Fine,Null,1
66533475,,573511,0.0,0.0,0.0,1.0,0.0,South,2022/2023,WESTCHESTER DRIVE EAST,MIDDLETON ROAD,,Non-Injury Crash,No,2023,0.0,South,0.0,0,0.0,Hill Road,0.0,,0.0,,1.0,Dark,2086203,0,0.0,0.0,2.0,0.0,0.0,0.0,0.0,0.0,,0.0,0.0,Wellington Region,Nil,2-way,Sealed,0.0,0.0,0,0.0,50.0,0.0,On,0.0,0.0,,47,Wellington City,Nil,0.0,0.0,0.0,0.0,0.0,0.0,Urban,0.0,0.0,0.0,Light rain,Null,0
66533515,,574500,0.0,0.0,0.0,1.0,0.0,North,2022/2023,WELLINGTON URBAN MOTORWAY,AOTEA QUAY ON RAMP,,Non-Injury Crash,Yes,2023,1.0,North,0.0,0,0.0,Flat,0.0,,0.0,,0.0,Bright sun,2093600,0,0.0,0.0,4.0,0.0,0.0,0.0,0.0,0.0,,0.0,0.0,Wellington Region,Nil,1-way,Sealed,0.0,0.0,0,0.0,100.0,0.0,Off,0.0,0.0,,47,Wellington City,Nil,0.0,0.0,0.0,0.0,1.0,0.0,Open,0.0,0.0,0.0,Fine,Null,0
66533549,,574001,0.0,0.0,0.0,2.0,0.0,South,2021/2022,DOMETT STREET,DRESS CIRCLE,,Non-Injury Crash,No,2022,0.0,North,0.0,0,0.0,Hill Road,0.0,,0.0,,1.0,Twilight,2077501,0,0.0,0.0,2.0,0.0,0.0,0.0,0.0,1.0,,0.0,0.0,Wellington Region,Nil,2-way,Sealed,0.0,0.0,0,0.0,50.0,0.0,Off,0.0,0.0,,47,Wellington City,Nil,0.0,0.0,0.0,0.0,0.0,0.0,Urban,0.0,0.0,0.0,Fine,Strong wind,0
66533553,,576301,0.0,0.0,0.0,4.0,0.0,North,2022/2023,ADELAIDE ROAD,NIKAU STREET,,Minor Crash,No,2023,0.0,South,0.0,0,0.0,Hill Road,0.0,,0.0,,0.0,Dark,2163400,1,0.0,0.0,2.0,0.0,0.0,0.0,0.0,2.0,,0.0,0.0,Wellington Region,Nil,2-way,Sealed,0.0,0.0,0,0.0,50.0,0.0,On,0.0,0.0,,47,Wellington City,Nil,0.0,0.0,0.0,0.0,0.0,0.0,Urban,0.0,0.0,0.0,Fine,Null,0
66533592,,576903,0.0,,0.0,1.0,,Null,2021/2022,WELLINGTON ROAD,CRAWFORD ROAD,,Non-Injury Crash,No,2022,,West,,0,,Hill Road,,Easter,,,,Dark,2180500,0,0.0,0.0,1.0,,,0.0,,,,,,Wellington Region,Nil,1-way,Sealed,,0.0,0,,50.0,,On,1.0,0.0,,47,Wellington City,Give way,,,,,0.0,0.0,Urban,0.0,,,Fine,Null,0
66533603,,577200,0.0,0.0,0.0,2.0,0.0,North,2022/2023,WEXFORD ROAD,CALABAR ROAD,,Non-Injury Crash,No,2022,0.0,West,0.0,0,0.0,Hill Road,0.0,,0.0,,1.0,Bright sun,2206300,0,0.0,0.0,2.0,0.0,0.0,0.0,0.0,1.0,,0.0,0.0,Wellington Region,Nil,2-way,Sealed,0.0,0.0,0,0.0,50.0,0.0,Off,0.0,0.0,,47,Wellington City,Nil,0.0,0.0,0.0,0.0,0.0,0.0,Urban,0.0,0.0,0.0,Fine,Strong wind,0
66533605,,573101,0.0,0.0,0.0,2.0,0.0,Null,2022/2023,DIXON STREET,WILLIS STREET,,Minor Crash,No,2023,0.0,South,0.0,0,0.0,Hill Road,0.0,,0.0,,0.0,Dark,2131300,1,0.0,0.0,2.0,0.0,0.0,0.0,0.0,1.0,,0.0,0.0,Wellington Region,Nil,1-way,Sealed,0.0,0.0,0,0.0,30.0,0.0,On,1.0,0.0,,47,Wellington City,Nil,0.0,0.0,0.0,0.0,0.0,0.0,Urban,0.0,0.0,0.0,Fine,Null,0
66533628,,573101,0.0,,1.0,0.0,,South,2022/2023,MANNERS STREET,LOMBARD STREET,,Minor Crash,No,2022,,West,,0,,Flat,,,,,,Bright sun,2131100,1,0.0,0.0,2.0,,,0.0,,,1.0,,,Wellington Region,Nil,2-way,Sealed,,0.0,0,,30.0,,Off,0.0,0.0,,47,Wellington City,Nil,,,,,0.0,0.0,Urban,0.0,,,Fine,Null,0
66533629,,572600,0.0,0.0,0.0,1.0,1.0,North,2021/2022,THE DRIVE,MAIN ROAD,,Non-Injury Crash,No,2021,0.0,South,0.0,0,1.0,Hill Road,0.0,,1.0,,0.0,Dark,1988400,0,0.0,0.0,2.0,0.0,0.0,0.0,0.0,0.0,,0.0,0.0,Wellington Region,Nil,2-way,Sealed,0.0,0.0,0,0.0,50.0,0.0,None,0.0,0.0,30.0,47,Wellington City,Nil,0.0,0.0,0.0,0.0,0.0,0.0,Urban,0.0,0.0,0.0,Fine,Null,1
66533643,,573514,0.0,,1.0,1.0,,Null,2022/2023,ABILENE CRESCENT,JARVIE GROVE,,Non-Injury Crash,No,2022,,South,,0,,Flat,,,,,,Dark,2086613,0,0.0,0.0,2.0,,,0.0,,,,,,Wellington Region,Nil,2-way,Sealed,,0.0,0,,50.0,,On,0.0,0.0,,47,Wellington City,Nil,,,,,0.0,0.0,Urban,0.0,,,Fine,Null,0
66533656,95.0,574303,0.0,0.0,0.0,2.0,0.0,North,2022/2023,WELLINGTON URBAN MOTORWAY,HUTT ROAD,,Non-Injury Crash,Yes,2022,0.0,South,0.0,0,0.0,Flat,1.0,,0.0,,0.0,Bright sun,2090402,0,0.0,0.0,2.0,0.0,0.0,0.0,0.0,0.0,,0.0,0.0,Wellington Region,Nil,1-way,Sealed,0.0,0.0,0,0.0,100.0,0.0,Off,0.0,0.0,,47,Wellington City,Nil,0.0,0.0,0.0,0.0,0.0,1.0,Open,0.0,0.0,0.0,Fine,Null,0