OBJECTID,advisorySpeed,areaUnitID,bicycle,bridge,bus,carStationWagon,cliffBank,crashDirectionDescription,crashFinancialYear,crashLocation1,crashLocation2,crashRoadSideRoad,crashSeverity,crashSHDescription,crashYear,debris,directionRoleDescription,ditch,fatalCount,fence,flatHill,guardRail,holiday,houseOrBuilding,intersection,kerb,light,meshblockId,minorInjuryCount,moped,motorcycle,NumberOfLanes,objectThrownOrDropped,otherObject,otherVehicleType,overBank,parkedVehicle,pedestrian,phoneBoxEtc,postOrPole,region,roadCharacter,roadLane,roadSurface,roadworks,schoolBus,seriousInjuryCount,slipOrFlood,speedLimit,strayAnimal,streetLight,suv,taxi,temporarySpeedLimit,tlaId,tlaName,trafficControl,trafficIsland,trafficSign,train,tree,truck,unknownVehicleType,urban,vanOrUtility,vehicle,waterRiver,weatherA,weatherB,if_pandemic
66533677,,573522,0.0,,0.0,1.0,,North,2022/2023,JOHNSONVILLE PORIRUA MOTORWAY,TAWA-GRENADA NORTH OFF RAMP,,Non-Injury Crash,Yes,2022,,North,,0,,Flat,,,,,,Dark,2053703,0,0.0,0.0,2.0,,,0.0,,,,,,Wellington Region,Nil,1-way,Sealed,,0.0,0,,100.0,,On,0.0,0.0,,47,Wellington City,Nil,,,,,2.0,0.0,Open,0.0,,,Light rain,Null,0
66533694,,573000,0.0,,0.0,2.0,,Null,2022/2023,WHITMORE STREET,FEATHERSTON STREET,,Non-Injury Crash,No,2022,,North,,0,,Flat,,,,,,Dark,2125100,0,0.0,0.0,5.0,,,0.0,,,,,,Wellington Region,Nil,2-way,Sealed,,0.0,0,,30.0,,On,0.0,0.0,,47,Wellington City,Traffic Signals,,,,,0.0,0.0,Urban,0.0,,,Light rain,Null,0
66533705,,574600,0.0,0.0,0.0,3.0,0.0,South,2022/2023,GROSVENOR TERRACE,LOWER WATT STREET,,Non-Injury Crash,No,2022,0.0,South,0.0,0,0.0,Hill Road,0.0,,0.0,,0.0,Overcast,2099500,0,0.0,0.0,2.0,0.0,0.0,0.0,0.0,2.0,,0.0,0.0,Wellington Region,Nil,2-way,Sealed,0.0,0.0,0,0.0,50.0,0.0,Off,0.0,0.0,,47,Wellington City,Nil,0.0,0.0,0.0,0.0,0.0,0.0,Urban,0.0,0.0,0.0,Fine,Null,0
66533753,,577700,1.0,,0.0,0.0,,North,2020/2021,MAKARA ROAD,SOUTH MAKARA ROAD,,Minor Crash,No,2021,,North,,0,,Flat,,,,,,Unknown,2116500,1,0.0,0.0,2.0,,,0.0,,,,,,Wellington Region,Nil,2-way,Sealed,,0.0,0,,50.0,,Null,0.0,0.0,,47,Wellington City,Nil,,,,,0.0,0.0,Urban,1.0,,,Null,Null,1
66533796,,574100,0.0,,0.0,1.0,,North,2021/2022,HAUMIA STREET,TUAPAPA STREET,,Non-Injury Crash,No,2021,,South,,0,,Flat,,,,,,Bright sun,2083900,0,0.0,0.0,2.0,,,0.0,,,1.0,,,Wellington Region,Nil,2-way,Sealed,,0.0,0,,50.0,,None,0.0,0.0,,47,Wellington City,Nil,,,,,0.0,0.0,Urban,0.0,,,Fine,Null,1
66533816,,573300,0.0,,0.0,1.0,,Null,2023/2024,RUGBY STREET,ADELAIDE ROAD,,Minor Crash,Yes,2023,,West,,0,,Hill Road,,,,,,Bright sun,2145602,1,1.0,0.0,3.0,,,0.0,,,,,,Wellington Region,Nil,1-way,Sealed,,0.0,0,,50.0,,Null,0.0,0.0,,47,Wellington City,Traffic Signals,,,,,0.0,0.0,Urban,0.0,,,Fine,Null,0
66533844,,572900,0.0,,0.0,1.0,,Null,2021/2022,GRANT ROAD,HARRIETT STREET,,Non-Injury Crash,No,2021,,North,,0,,Flat,,,,,,Overcast,2123000,0,0.0,0.0,2.0,,,0.0,,,,,,Wellington Region,Nil,2-way,Sealed,,0.0,0,,50.0,,Off,0.0,0.0,,47,Wellington City,Nil,,,,,1.0,0.0,Urban,0.0,,,Light rain,Null,1
66533894,,573101,0.0,,1.0,0.0,,Null,2022/2023,TARANAKI STREET,DIXON STREET,,Minor Crash,No,2023,,North,,0,,Flat,,,,,,Bright sun,2133408,1,0.0,0.0,4.0,,,0.0,,,,,,Wellington Region,Nil,2-way,Sealed,,0.0,0,,30.0,,Off,0.0,0.0,,47,Wellington City,Traffic Signals,,,,,0.0,0.0,Urban,1.0,,,Fine,Null,0
66533909,,573000,0.0,,0.0,2.0,,West,2021/2022,GREY STREET,FEATHERSTON STREET,,Minor Crash,No,2022,,East,,0,,Flat,,,,,,Dark,2125700,1,0.0,0.0,2.0,,,0.0,,,,,,Wellington Region,Nil,2-way,Sealed,,0.0,0,,30.0,,On,0.0,0.0,,47,Wellington City,Nil,,,,,0.0,0.0,Urban,0.0,,,Fine,Null,0
66533976,,573101,0.0,,0.0,2.0,,Null,2022/2023,COURTENAY PLACE,ALLEN STREET,,Non-Injury Crash,No,2023,,East,,0,,Flat,,,,,,Dark,2135700,0,0.0,0.0,1.0,,,0.0,,,,,,Wellington Region,Nil,1-way,Sealed,,0.0,0,,30.0,,On,0.0,2.0,,47,Wellington City,Nil,,,,,0.0,0.0,Urban,0.0,,,Fine,Null,0
66533994,,577302,0.0,,0.0,2.0,,Null,2022/2023,PARK ROAD,REX STREET,,Non-Injury Crash,No,2022,,South,,0,,Flat,,,,,,Bright sun,2205600,0,0.0,0.0,2.0,,,0.0,,,,,,Wellington Region,Nil,2-way,Sealed,,0.0,0,,50.0,,Off,0.0,0.0,,47,Wellington City,Give way,,,,,0.0,0.0,Urban,0.0,,,Fine,Null,0
66534001,,575300,0.0,,0.0,1.0,,North,2022/2023,RAROA ROAD,THULE STREET,,Minor Crash,No,2022,,North,,0,,Hill Road,,,,,,Overcast,2152000,1,0.0,0.0,2.0,,,0.0,,,,,,Wellington Region,Nil,2-way,Sealed,,0.0,0,,50.0,,Off,0.0,0.0,,47,Wellington City,Nil,,,,,0.0,0.0,Urban,2.0,,,Light rain,Null,0
66534034,,576800,0.0,0.0,0.0,1.0,1.0,Null,2021/2022,ALEXANDRA ROAD,LOOKOUT ROAD,,Non-Injury Crash,No,2021,0.0,South,0.0,0,0.0,Hill Road,0.0,Christmas New Year,0.0,,0.0,Dark,2184800,0,0.0,0.0,2.0,0.0,0.0,0.0,0.0,0.0,,0.0,0.0,Wellington Region,Nil,2-way,Sealed,0.0,0.0,0,0.0,50.0,0.0,None,0.0,0.0,,47,Wellington City,Give way,0.0,1.0,0.0,1.0,0.0,0.0,Urban,0.0,0.0,0.0,Mist or Fog,Null,1
66534043,,576500,0.0,,0.0,0.0,,South,2021/2022,RIDDIFORD STREET,HOSPITAL MAIN DRIVE,,Non-Injury Crash,No,2021,,South,,0,,Null,,,,,,Unknown,2149200,0,0.0,0.0,4.0,,,0.0,,,,,,Wellington Region,Nil,2-way,Sealed,,0.0,0,,50.0,,Null,0.0,0.0,,47,Wellington City,Isolated Pedestrian signal (non-intersection),,,,,0.0,0.0,Urban,2.0,,,Null,Null,1
66534048,,575600,0.0,,0.0,1.0,,East,2023/2024,APUKA STREET,MITCHELL STREET,,Minor Crash,No,2023,,West,,0,,Hill Road,,,,,,Overcast,2160700,1,0.0,0.0,2.0,,,0.0,,,,,,Wellington Region,Nil,2-way,Sealed,,0.0,0,,50.0,,Off,0.0,0.0,,47,Wellington City,Nil,,,,,0.0,0.0,Urban,1.0,,,Fine,Null,0
66534051,,576800,0.0,1.0,0.0,2.0,0.0,West,2022/2023,TAURIMA STREET,RUAHINE STREET,,Non-Injury Crash,Yes,2022,0.0,West,0.0,0,0.0,Flat,0.0,,0.0,,0.0,Overcast,2181700,0,0.0,0.0,2.0,0.0,0.0,0.0,0.0,0.0,,0.0,0.0,Wellington Region,Tunnel,2-way,Sealed,0.0,0.0,0,0.0,50.0,0.0,On,0.0,0.0,,47,Wellington City,Nil,0.0,0.0,0.0,0.0,0.0,0.0,Urban,1.0,0.0,0.0,Fine,Null,0
66534089,,575200,0.0,0.0,0.0,2.0,0.0,Null,2022/2023,PEMBROKE ROAD,ALBEMARLE ROAD,,Minor Crash,No,2022,0.0,South,0.0,0,0.0,Flat,0.0,,0.0,,0.0,Dark,2151100,1,0.0,0.0,2.0,0.0,0.0,0.0,0.0,1.0,,0.0,0.0,Wellington Region,Nil,2-way,Sealed,0.0,0.0,0,0.0,50.0,0.0,On,0.0,0.0,,47,Wellington City,Give way,0.0,0.0,0.0,0.0,0.0,0.0,Urban,0.0,0.0,0.0,Fine,Null,0
66534114,,573000,0.0,0.0,0.0,2.0,0.0,North,2022/2023,THE TERRACE,SALAMANCA ROAD,,Non-Injury Crash,No,2022,0.0,South,0.0,0,0.0,Flat,0.0,,0.0,,0.0,Bright sun,2127900,0,0.0,0.0,2.0,0.0,0.0,0.0,0.0,1.0,,0.0,0.0,Wellington Region,Nil,2-way,Sealed,0.0,0.0,0,0.0,30.0,0.0,Off,0.0,0.0,,47,Wellington City,Nil,0.0,1.0,0.0,0.0,0.0,0.0,Urban,0.0,0.0,0.0,Fine,Null,0
66534123,,574100,0.0,0.0,0.0,1.0,0.0,South,2022/2023,CENTENNIAL HIGHWAY,JOHNSONVILLE OFF RAMP,,Non-Injury Crash,Yes,2022,0.0,North,0.0,0,0.0,Flat,1.0,,0.0,,0.0,Overcast,2084600,0,0.0,0.0,7.0,0.0,0.0,0.0,0.0,0.0,,0.0,0.0,Wellington Region,Nil,2-way,Sealed,0.0,0.0,0,0.0,80.0,0.0,Off,0.0,0.0,,47,Wellington City,Nil,0.0,0.0,0.0,0.0,0.0,0.0,Open,0.0,0.0,0.0,Fine,Null,0
66534153,,573700,0.0,,1.0,1.0,,Null,2022/2023,MOOREFIELD ROAD,JOHNSONVILLE ROAD,,Non-Injury Crash,No,2022,,East,,0,,Flat,,,,,,Overcast,2082300,0,0.0,0.0,2.0,,,0.0,,,,,,Wellington Region,Nil,2-way,Sealed,,0.0,0,,50.0,,Off,0.0,0.0,,47,Wellington City,Give way,,,,,0.0,0.0,Urban,0.0,,,Fine,Null,0
66534200,,573101,1.0,,0.0,0.0,,Null,2022/2023,TARANAKI STREET,ABEL SMITH STREET,,Minor Crash,No,2022,,South,,0,,Flat,,Labour Weekend,,,,Dark,2134800,1,0.0,0.0,2.0,,,0.0,,,1.0,,,Wellington Region,Nil,2-way,Sealed,,0.0,0,,50.0,,On,0.0,0.0,,47,Wellington City,Traffic Signals,,,,,0.0,0.0,Urban,0.0,,,Fine,Null,0
66534259,,573000,0.0,,0.0,2.0,,South,2022/2023,WELLINGTON URBAN MOTORWAY,NORTH PORTAL SBD,,Non-Injury Crash,Yes,2022,,South,,0,,Flat,,,,,,Overcast,2126900,0,0.0,0.0,3.0,,,0.0,,,,,,Wellington Region,Tunnel,2-way,Sealed,,0.0,0,,100.0,,On,0.0,0.0,,47,Wellington City,Nil,,,,,0.0,0.0,Open,0.0,,,Light rain,Null,0
66534276,,576200,0.0,,0.0,2.0,,South,2022/2023,ADELAIDE ROAD,POST OFFICE AVENUE,,Non-Injury Crash,No,2022,,North,,0,,Flat,,,,,,Dark,2171200,0,0.0,0.0,2.0,,,0.0,,,,,,Wellington Region,Nil,2-way,Sealed,,0.0,0,,50.0,,On,0.0,0.0,,47,Wellington City,Nil,,,,,0.0,0.0,Urban,0.0,,,Null,Null,0
66534380,,574800,0.0,0.0,0.0,1.0,1.0,Null,2022/2023,CURTIS STREET,RANDWICK ROAD,,Non-Injury Crash,No,2023,0.0,South,0.0,0,0.0,Flat,0.0,,0.0,,0.0,Dark,2106200,0,0.0,0.0,2.0,0.0,0.0,0.0,0.0,0.0,,0.0,0.0,Wellington Region,Nil,2-way,Sealed,0.0,0.0,0,0.0,50.0,0.0,On,1.0,0.0,,47,Wellington City,Give way,0.0,0.0,0.0,0.0,0.0,0.0,Urban,0.0,0.0,0.0,Fine,Null,0
66534413,,574100,0.0,,0.0,3.0,,Null,2022/2023,NEWLANDS ON RAMP,CENTENNIAL HIGHWAY,,Minor Crash,No,2022,,North,,0,,Flat,,,,,,Overcast,2084600,1,0.0,0.0,4.0,,,0.0,,,,,,Wellington Region,Nil,1-way,Sealed,,0.0,0,,80.0,,Off,0.0,0.0,,47,Wellington City,Nil,,,,,0.0,0.0,Open,0.0,,,Fine,Null,0
66534457,,573000,0.0,0.0,0.0,3.0,0.0,South,2022/2023,WILLIS STREET,DIXON STREET,,Non-Injury Crash,No,2022,0.0,South,0.0,0,0.0,Flat,0.0,,0.0,,0.0,Dark,2130700,0,0.0,0.0,2.0,0.0,0.0,0.0,0.0,1.0,1.0,0.0,0.0,Wellington Region,Nil,2-way,Sealed,0.0,0.0,0,0.0,30.0,0.0,On,0.0,0.0,,47,Wellington City,Nil,0.0,0.0,0.0,0.0,0.0,0.0,Urban,0.0,1.0,0.0,Fine,Null,0
66534468,,572600,0.0,0.0,0.0,2.0,0.0,East,2021/2022,LYNDHURST ROAD,CHESTER ROAD,,Non-Injury Crash,No,2022,0.0,North,0.0,0,0.0,Hill Road,0.0,,0.0,,0.0,Bright sun,1989000,0,0.0,0.0,2.0,0.0,0.0,0.0,0.0,1.0,,0.0,0.0,Wellington Region,Nil,2-way,Sealed,0.0,0.0,0,0.0,50.0,0.0,None,0.0,0.0,,47,Wellington City,Nil,0.0,0.0,0.0,0.0,0.0,0.0,Urban,0.0,0.0,0.0,Fine,Null,0
66534472,,576901,1.0,,0.0,0.0,,Null,2022/2023,COUTTS STREET,QUEENS DRIVE,,Non-Injury Crash,No,2022,,West,,0,,Hill Road,,,,,,Overcast,2178500,0,0.0,0.0,2.0,,,0.0,,,,,,Wellington Region,Nil,2-way,Sealed,,0.0,0,,40.0,,Off,0.0,0.0,,47,Wellington City,Give way,,,,,0.0,0.0,Urban,0.0,,,Fine,Null,0
66534580,,576500,0.0,,0.0,2.0,,South,2022/2023,RIDDIFORD STREET,HOSPITAL MAIN DRIVE,,Non-Injury Crash,No,2022,,North,,0,,Flat,,,,,,Bright sun,2149200,0,0.0,0.0,4.0,,,0.0,,,,,,Wellington Region,Nil,2-way,Sealed,,0.0,0,,50.0,,Off,0.0,1.0,,47,Wellington City,Nil,,,,,0.0,0.0,Urban,0.0,,,Fine,Null,0
66534600,,577200,1.0,,0.0,1.0,,Null,2022/2023,THE QUADRANT,BROADWAY,,Minor Crash,No,2023,,North,,0,,Flat,,,,,,Overcast,2209000,1,0.0,0.0,2.0,,,0.0,,,,,,Wellington Region,Nil,2-way,Sealed,,0.0,0,,50.0,,Off,0.0,0.0,,47,Wellington City,Stop,,,,,0.0,0.0,Urban,0.0,,,Fine,Null,0
66534603,,575200,0.0,0.0,0.0,1.0,0.0,South,2023/2024,THE RIGI,GOVERNOR ROAD,,Non-Injury Crash,No,2023,0.0,North,0.0,0,0.0,Hill Road,0.0,,0.0,,0.0,Overcast,2150000,0,0.0,0.0,1.0,0.0,0.0,0.0,0.0,0.0,,0.0,0.0,Wellington Region,Nil,1-way,Sealed,0.0,0.0,0,0.0,50.0,0.0,None,0.0,0.0,,47,Wellington City,Nil,0.0,0.0,0.0,0.0,0.0,0.0,Urban,0.0,0.0,0.0,Fine,Null,0
66534622,,572900,0.0,,0.0,0.0,,Null,2022/2023,ST MARY STREET,TINAKORI ROAD,,Fatal Crash,No,2022,,South,,1,,Hill Road,,,,,,Dark,2123500,0,0.0,0.0,2.0,,,0.0,,,2.0,,,Wellington Region,Nil,2-way,Sealed,,0.0,1,,50.0,,On,0.0,0.0,,47,Wellington City,Nil,,,,,0.0,0.0,Urban,1.0,,,Fine,Null,0
66534628,,573000,0.0,,0.0,2.0,,Null,2022/2023,JERVOIS QUAY,HARRIS STREET,,Minor Crash,No,2023,,North,,0,,Flat,,,,,,Bright sun,2127800,1,0.0,0.0,6.0,,,0.0,,,,,,Wellington Region,Nil,2-way,Sealed,,0.0,0,,50.0,,Off,0.0,0.0,,47,Wellington City,Traffic Signals,,,,,0.0,0.0,Urban,0.0,,,Fine,Null,0
66534633,,573526,0.0,,0.0,2.0,,North,2022/2023,HUTT ROAD,HUTT ROAD OFF RAMP,,Non-Injury Crash,Yes,2023,,South,,0,,Flat,,,,,,Dark,2077503,0,0.0,0.0,2.0,,,0.0,,,,,,Wellington Region,Nil,1-way,Sealed,,0.0,0,,100.0,,On,0.0,0.0,,47,Wellington City,Nil,,,,,0.0,0.0,Open,0.0,,,Light rain,Null,0
66534646,,572600,0.0,,0.0,1.0,,Null,2022/2023,MAIN ROAD,LINCOLN AVENUE,,Serious Crash,No,2022,,North,,0,,Flat,,,,,,Dark,1992000,0,0.0,1.0,2.0,,,0.0,,,,,,Wellington Region,Nil,2-way,Sealed,,0.0,1,,50.0,,On,0.0,0.0,,47,Wellington City,Nil,,,,,0.0,0.0,Urban,0.0,,,Fine,Null,0
66534658,,574500,0.0,,0.0,1.0,,North,2021/2022,OLD PORIRUA ROAD,KAIWHARAWHARA ROAD,,Minor Crash,No,2022,,West,,0,,Hill Road,,,,,,Overcast,2093200,1,0.0,1.0,2.0,,,0.0,,,,,,Wellington Region,Nil,2-way,Sealed,,0.0,0,,50.0,,None,0.0,0.0,,47,Wellington City,Nil,,,,,0.0,0.0,Urban,0.0,,,Fine,Null,0
66534712,,573511,0.0,0.0,0.0,1.0,1.0,North,2022/2023,CHURTON PARK-GLENSIDE ON RAMP,WESTCHESTER DRIVE EAST,,Minor Crash,No,2022,0.0,North,0.0,0,0.0,Flat,1.0,,0.0,,0.0,Dark,2086203,1,0.0,0.0,4.0,0.0,0.0,0.0,0.0,0.0,,0.0,0.0,Wellington Region,Motorway ramp,2-way,Sealed,0.0,0.0,0,0.0,100.0,0.0,On,0.0,0.0,,47,Wellington City,Nil,0.0,0.0,0.0,0.0,0.0,0.0,Open,0.0,0.0,0.0,Fine,Null,0
66534717,,573700,0.0,,0.0,0.0,,North,2022/2023,JOHNSONVILLE ROAD,DISRAELI STREET,,Minor Crash,No,2022,,North,,0,,Flat,,,,,,Dark,2082800,2,0.0,0.0,5.0,,,0.0,,,,,,Wellington Region,Nil,2-way,Sealed,,0.0,0,,50.0,,On,3.0,0.0,,47,Wellington City,Unknown,,,,,0.0,0.0,Urban,0.0,,,Light rain,Null,0
66534732,,573300,0.0,,0.0,0.0,,Null,2022/2023,TASMAN STREET,RANFURLY TERRACE,,Serious Crash,No,2022,,South,,0,,Hill Road,,,,,,Twilight,2145700,0,1.0,0.0,2.0,,,0.0,,,,,,Wellington Region,Nil,2-way,Sealed,,0.0,1,,50.0,,On,0.0,0.0,,47,Wellington City,Nil,,,,,0.0,0.0,Urban,0.0,,,Fine,Null,0
66534787,,573200,0.0,,0.0,1.0,,Null,2022/2023,WEBB STREET,WILLIS STREET,,Non-Injury Crash,No,2023,,North,,0,,Flat,,,,,,Bright sun,2159601,0,0.0,0.0,2.0,,,0.0,,,,,,Wellington Region,Nil,1-way,Sealed,,0.0,0,,50.0,,None,0.0,0.0,,47,Wellington City,Traffic Signals,,,,,1.0,0.0,Urban,0.0,,,Fine,Null,0
66534794,,576901,0.0,0.0,0.0,1.0,0.0,South,2022/2023,TROY STREET,KEMP STREET,,Non-Injury Crash,No,2022,0.0,North,0.0,0,0.0,Flat,0.0,,0.0,,0.0,Twilight,2177000,0,0.0,0.0,2.0,0.0,0.0,0.0,0.0,0.0,,0.0,0.0,Wellington Region,Nil,1-way,Sealed,0.0,0.0,0,0.0,50.0,0.0,Off,0.0,0.0,,47,Wellington City,Nil,0.0,0.0,0.0,1.0,0.0,0.0,Urban,0.0,0.0,0.0,Light rain,Strong wind,0
66534808,,573000,0.0,,0.0,1.0,,Null,2023/2024,WATERLOO QUAY,WHITMORE STREET,,Minor Crash,No,2023,,North,,0,,Flat,,,,,,Dark,2124300,1,0.0,0.0,2.0,,,0.0,,,1.0,,,Wellington Region,Nil,1-way,Sealed,,0.0,0,,50.0,,On,0.0,0.0,,47,Wellington City,Traffic Signals,,,,,0.0,0.0,Urban,0.0,,,Fine,Null,0
66534873,,573101,0.0,,0.0,1.0,,Null,2021/2022,TORY STREET,WAKEFIELD STREET,,Minor Crash,No,2022,,South,,0,,Flat,,Queens Birthday,,,,Bright sun,2135200,1,0.0,0.0,3.0,,,0.0,,,1.0,,,Wellington Region,Nil,2-way,Sealed,,0.0,0,,30.0,,Off,0.0,0.0,,47,Wellington City,Traffic Signals,,,,,0.0,0.0,Urban,0.0,,,Fine,Null,0
66534877,,576901,0.0,,0.0,2.0,,Null,2021/2022,RONGOTAI ROAD,BAY ROAD,,Non-Injury Crash,No,2022,,West,,0,,Flat,,,,,,Bright sun,2178300,0,0.0,0.0,2.0,,,0.0,,,,,,Wellington Region,Nil,2-way,Sealed,,0.0,0,,50.0,,Off,0.0,0.0,,47,Wellington City,Traffic Signals,,,,,0.0,0.0,Urban,0.0,,,Fine,Null,0
66534878,,576301,0.0,,0.0,1.0,,Null,2022/2023,ADELAIDE ROAD,COLOMBO STREET,,Non-Injury Crash,No,2022,,North,,0,,Flat,,,,,,Bright sun,2164300,0,0.0,0.0,2.0,,,0.0,,,,,,Wellington Region,Nil,2-way,Sealed,,0.0,0,,50.0,,Off,1.0,0.0,,47,Wellington City,Nil,,,,,0.0,0.0,Urban,0.0,,,Fine,Null,0
66534921,,573300,0.0,,0.0,2.0,,East,2022/2023,RUGBY STREET,ADELAIDE ROAD,,Minor Crash,Yes,2023,,West,,0,,Flat,,,,,,Bright sun,2145602,1,0.0,0.0,4.0,,,0.0,,,,,,Wellington Region,Nil,1-way,Sealed,,0.0,0,,50.0,,Off,0.0,0.0,,47,Wellington City,Nil,,,,,0.0,0.0,Urban,0.0,,,Fine,Null,0
66534932,,576901,1.0,0.0,0.0,0.0,0.0,South,2022/2023,EVANS BAY PARADE,COBHAM DRIVE,,Serious Crash,No,2023,0.0,South,0.0,0,0.0,Flat,0.0,,0.0,,0.0,Overcast,2177800,0,0.0,0.0,2.0,0.0,1.0,0.0,0.0,0.0,,0.0,0.0,Wellington Region,Nil,2-way,Sealed,0.0,0.0,1,0.0,50.0,0.0,Off,0.0,0.0,,47,Wellington City,Nil,0.0,0.0,0.0,0.0,0.0,0.0,Urban,0.0,0.0,0.0,Fine,Null,0
66534970,,574702,0.0,0.0,0.0,1.0,0.0,Null,2022/2023,CHURCHILL DRIVE,WILTON ROAD,,Non-Injury Crash,No,2022,0.0,South,0.0,0,0.0,Flat,0.0,,0.0,,0.0,Overcast,2103800,0,0.0,0.0,2.0,0.0,0.0,0.0,0.0,0.0,,0.0,0.0,Wellington Region,Nil,2-way,Sealed,0.0,0.0,0,0.0,50.0,0.0,Off,0.0,0.0,,47,Wellington City,Give way,1.0,0.0,0.0,0.0,0.0,0.0,Urban,0.0,0.0,0.0,Light rain,Null,0
66534986,,577601,0.0,0.0,0.0,1.0,0.0,North,2022/2023,MASSEY ROAD,RNZAF BASE GATE N,,Minor Crash,No,2023,1.0,South,0.0,0,0.0,Flat,0.0,,0.0,,0.0,Overcast,2200700,2,0.0,0.0,2.0,0.0,0.0,0.0,1.0,0.0,,0.0,0.0,Wellington Region,Nil,2-way,Sealed,0.0,0.0,0,0.0,40.0,0.0,None,0.0,0.0,,47,Wellington City,Nil,0.0,0.0,0.0,0.0,0.0,0.0,Urban,0.0,0.0,0.0,Fine,Strong wind,0
66534998,,574900,0.0,0.0,0.0,2.0,0.0,North,2021/2022,MONTGOMERY AVENUE,PENLINGTON PLACE,,Non-Injury Crash,No,2021,0.0,South,0.0,0,0.0,Hill Road,0.0,,0.0,,0.0,Overcast,2109305,0,0.0,0.0,5.0,0.0,0.0,0.0,0.0,1.0,,0.0,0.0,Wellington Region,Nil,2-way,Sealed,0.0,0.0,0,0.0,50.0,0.0,Off,0.0,0.0,,47,Wellington City,Nil,0.0,0.0,0.0,0.0,0.0,0.0,Urban,0.0,0.0,0.0,Light rain,Null,1
66535025,,574303,0.0,,0.0,2.0,,North,2021/2022,CENTENNIAL HIGHWAY ON RAMP,CENTENNIAL HIGHWAY,,Non-Injury Crash,No,2022,,North,,0,,Null,,,,,,Bright sun,2088705,0,0.0,0.0,1.0,,,0.0,,,,,,Wellington Region,Motorway ramp,1-way,Sealed,,0.0,0,,80.0,,None,0.0,0.0,,47,Wellington City,Nil,,,,,0.0,0.0,Open,0.0,,,Fine,Null,0
66535038,,577000,0.0,0.0,0.0,5.0,0.0,South,2021/2022,MOA POINT ROAD,STEWART DUFF DRIVE,,Minor Crash,No,2022,0.0,South,0.0,0,0.0,Flat,0.0,,0.0,,0.0,Dark,2175700,1,0.0,0.0,2.0,0.0,0.0,0.0,0.0,1.0,1.0,0.0,0.0,Wellington Region,Nil,2-way,Sealed,0.0,0.0,0,0.0,50.0,0.0,On,0.0,0.0,,47,Wellington City,Nil,0.0,0.0,0.0,0.0,0.0,0.0,Urban,0.0,0.0,0.0,Light rain,Null,0
66535065,,574800,0.0,0.0,0.0,0.0,0.0,North,2021/2022,HATTON STREET,KARORI ROAD,,Non-Injury Crash,No,2022,0.0,East,0.0,0,0.0,Flat,0.0,,1.0,,0.0,Twilight,2107003,0,0.0,0.0,2.0,0.0,0.0,0.0,0.0,0.0,,0.0,0.0,Wellington Region,Nil,2-way,Sealed,0.0,0.0,0,0.0,50.0,0.0,On,0.0,0.0,,47,Wellington City,Nil,0.0,0.0,0.0,0.0,1.0,0.0,Urban,0.0,0.0,0.0,Fine,Frost,0
66535137,,573101,0.0,0.0,0.0,1.0,0.0,Null,2022/2023,WAKEFIELD STREET,TARANAKI STREET,,Minor Crash,No,2023,0.0,East,0.0,0,0.0,Flat,0.0,,0.0,,0.0,Dark,2133100,1,0.0,0.0,3.0,0.0,0.0,0.0,0.0,0.0,,0.0,1.0,Wellington Region,Nil,2-way,Sealed,0.0,0.0,0,0.0,50.0,0.0,On,0.0,1.0,,47,Wellington City,Traffic Signals,0.0,0.0,0.0,0.0,0.0,0.0,Urban,0.0,0.0,0.0,Light rain,Null,0
66535140,,576901,0.0,,0.0,2.0,,Null,2022/2023,COUTTS STREET,ONEPU ROAD,,Minor Crash,No,2023,,East,,0,,Flat,,,,,,Bright sun,2178500,1,0.0,0.0,2.0,,,0.0,,,,,,Wellington Region,Nil,2-way,Sealed,,0.0,0,,30.0,,Off,0.0,0.0,,47,Wellington City,Traffic Signals,,,,,0.0,0.0,Urban,0.0,,,Fine,Null,0
66535181,,576800,0.0,0.0,1.0,0.0,0.0,South,2022/2023,RAKAU ROAD,ARIKI ROAD,,Non-Injury Crash,No,2022,0.0,North,0.0,0,0.0,Hill Road,0.0,,0.0,,0.0,Dark,2185100,0,0.0,0.0,2.0,0.0,0.0,0.0,0.0,1.0,,0.0,0.0,Wellington Region,Nil,2-way,Sealed,0.0,0.0,0,0.0,50.0,0.0,On,0.0,0.0,,47,Wellington City,Nil,0.0,0.0,0.0,0.0,0.0,1.0,Urban,0.0,0.0,0.0,Fine,Null,0
66535242,,573101,0.0,,0.0,2.0,,East,2021/2022,DIXON STREET,EGMONT STREET,,Non-Injury Crash,No,2022,,West,,0,,Flat,,,,,,Bright sun,2133408,0,0.0,0.0,2.0,,,0.0,,,,,,Wellington Region,Nil,1-way,Sealed,,0.0,0,,30.0,,Null,0.0,0.0,,47,Wellington City,Unknown,,,,,0.0,0.0,Urban,0.0,,,Fine,Null,0
66535266,,574200,1.0,,0.0,0.0,,East,2022/2023,KHANDALLAH ROAD,LUCKNOW TERRACE,,Serious Crash,No,2022,,East,,0,,Hill Road,,,,,,Twilight,2088300,0,0.0,0.0,2.0,,,0.0,,,,,,Wellington Region,Nil,2-way,Sealed,,0.0,1,,50.0,,Off,0.0,0.0,,47,Wellington City,Nil,,,,,1.0,0.0,Urban,0.0,,,Fine,Null,0