OBJECTID,advisorySpeed,areaUnitID,bicycle,bridge,bus,carStationWagon,cliffBank,crashDirectionDescription,crashFinancialYear,crashLocation1,crashLocation2,crashRoadSideRoad,crashSeverity,crashSHDescription,crashYear,debris,directionRoleDescription,ditch,fatalCount,fence,flatHill,guardRail,holiday,houseOrBuilding,intersection,kerb,light,meshblockId,minorInjuryCount,moped,motorcycle,NumberOfLanes,objectThrownOrDropped,otherObject,otherVehicleType,overBank,parkedVehicle,pedestrian,phoneBoxEtc,postOrPole,region,roadCharacter,roadLane,roadSurface,roadworks,schoolBus,seriousInjuryCount,slipOrFlood,speedLimit,strayAnimal,streetLight,suv,taxi,temporarySpeedLimit,tlaId,tlaName,trafficControl,trafficIsland,trafficSign,train,tree,truck,unknownVehicleType,urban,vanOrUtility,vehicle,waterRiver,weatherA,weatherB,if_pandemic
66535361,,572900,1.0,,0.0,1.0,,Null,2022/2023,TINAKORI ROAD,BOWEN STREET,,Non-Injury Crash,No,2023,,South,,0,,Flat,,,,,,Bright sun,2123400,0,0.0,0.0,2.0,,,0.0,,,,,,Wellington Region,Nil,2-way,Sealed,,0.0,0,,50.0,,Off,0.0,0.0,,47,Wellington City,Traffic Signals,,,,,0.0,0.0,Urban,0.0,,,Fine,Null,0
66535426,,576800,0.0,,0.0,2.0,,South,2021/2022,RUAHINE STREET,TAURIMA STREET,,Non-Injury Crash,Yes,2022,,North,,0,,Flat,,,,,,Bright sun,2181900,0,0.0,0.0,2.0,,,0.0,,,,,,Wellington Region,Nil,2-way,Sealed,,0.0,0,,50.0,,Null,0.0,0.0,,47,Wellington City,Nil,,,,,0.0,0.0,Urban,0.0,,,Fine,Null,0
66535506,,573000,0.0,0.0,0.0,0.0,0.0,North,2022/2023,WELLINGTON URBAN MOTORWAY,NORTH PORTAL SBD,,Non-Injury Crash,Yes,2022,0.0,South,0.0,0,0.0,Flat,1.0,,0.0,,0.0,Overcast,2126700,0,0.0,0.0,1.0,0.0,0.0,0.0,0.0,0.0,,0.0,0.0,Wellington Region,Nil,1-way,Sealed,0.0,0.0,0,0.0,100.0,0.0,Off,0.0,0.0,,47,Wellington City,Nil,0.0,0.0,0.0,0.0,0.0,0.0,Open,1.0,0.0,0.0,Fine,Frost,0
66535516,,573300,0.0,,0.0,2.0,,South,2021/2022,THOMPSON STREET,WEBB STREET,,Non-Injury Crash,No,2021,,North,,0,,Hill Road,,,,,,Bright sun,2144101,0,0.0,0.0,2.0,,,0.0,,,,,,Wellington Region,Nil,2-way,Sealed,,0.0,0,,50.0,,Off,0.0,0.0,,47,Wellington City,Nil,,,,,0.0,0.0,Urban,0.0,,,Fine,Null,1
66535554,,576901,0.0,,0.0,2.0,,Null,2022/2023,COBHAM DRIVE,TROY STREET,,Serious Crash,Yes,2023,,East,,0,,Flat,,,,,,Bright sun,2176800,0,0.0,0.0,4.0,,,0.0,,,,,,Wellington Region,Nil,2-way,Sealed,,0.0,1,,60.0,,None,0.0,0.0,,47,Wellington City,Give way,,,,,0.0,0.0,Urban,0.0,,,Fine,Null,0
66535587,,572701,0.0,,1.0,0.0,,Null,2022/2023,HINAU STREET,COLLINS AVENUE,,Non-Injury Crash,No,2023,,North,,0,,Flat,,,,,,Bright sun,1993301,0,0.0,0.0,2.0,,,0.0,,,,,,Wellington Region,Nil,2-way,Sealed,,0.0,0,,50.0,,Off,1.0,0.0,,47,Wellington City,Give way,,,,,0.0,0.0,Urban,0.0,,,Fine,Null,0
66535651,,573802,0.0,,0.0,1.0,,Null,2023/2024,HELSTON ROAD,PETHERICK CRESCENT,,Non-Injury Crash,No,2023,,East,,0,,Flat,,,,,,Overcast,2079100,0,0.0,0.0,2.0,,,0.0,,,,,,Wellington Region,Overpass,2-way,Sealed,,0.0,0,,50.0,,Off,0.0,0.0,,47,Wellington City,Give way,,,,,0.0,0.0,Urban,1.0,,,Heavy rain,Null,0
66535654,,574304,0.0,0.0,1.0,1.0,0.0,North,2021/2022,HOMEBUSH ROAD,ONSLOW ROAD,,Non-Injury Crash,No,2021,0.0,North,0.0,0,0.0,Hill Road,0.0,,0.0,,0.0,Unknown,2090404,0,0.0,0.0,2.0,0.0,0.0,0.0,0.0,1.0,,0.0,0.0,Wellington Region,Nil,2-way,Sealed,0.0,0.0,0,0.0,50.0,0.0,Null,0.0,0.0,,47,Wellington City,Nil,0.0,0.0,0.0,0.0,0.0,0.0,Urban,0.0,0.0,0.0,Fine,Null,1
66535672,,573000,0.0,0.0,0.0,0.0,0.0,South,2021/2022,BUNNY STREET,FEATHERSTON STREET,,Non-Injury Crash,No,2021,0.0,South,0.0,0,0.0,Flat,0.0,,0.0,,0.0,Bright sun,2124300,0,0.0,0.0,1.0,0.0,0.0,0.0,0.0,1.0,,0.0,0.0,Wellington Region,Nil,1-way,Sealed,0.0,0.0,0,0.0,30.0,0.0,Null,2.0,0.0,,47,Wellington City,Nil,0.0,0.0,0.0,0.0,0.0,0.0,Urban,0.0,0.0,0.0,Fine,Null,1
66535694,,573700,0.0,,0.0,2.0,,Null,2021/2022,MOOREFIELD ROAD,HELSTON ROAD,,Non-Injury Crash,No,2022,,South,,0,,Hill Road,,,,,,Overcast,2082300,0,0.0,0.0,2.0,,,0.0,,,,,,Wellington Region,Nil,1-way,Sealed,,0.0,0,,50.0,,Null,0.0,0.0,,47,Wellington City,Give way,,,,,0.0,0.0,Urban,0.0,,,Light rain,Null,0
66535744,,577700,0.0,0.0,0.0,1.0,0.0,North,2022/2023,MAKARA ROAD,SOUTH MAKARA ROAD,,Non-Injury Crash,No,2022,0.0,North,0.0,0,1.0,Flat,0.0,,0.0,,0.0,Dark,2116500,0,0.0,0.0,2.0,0.0,0.0,0.0,0.0,0.0,,0.0,0.0,Wellington Region,Nil,2-way,Sealed,0.0,0.0,0,0.0,50.0,0.0,On,0.0,0.0,,47,Wellington City,Nil,0.0,0.0,0.0,0.0,0.0,0.0,Urban,0.0,0.0,0.0,Fine,Null,0
66535745,,577700,0.0,0.0,0.0,1.0,1.0,East,2022/2023,OHARIU VALLEY ROAD,RIFLE RANGE ROAD,,Non-Injury Crash,No,2022,0.0,North,0.0,0,0.0,Flat,0.0,,0.0,,0.0,Dark,2117003,0,0.0,0.0,2.0,0.0,0.0,0.0,0.0,0.0,,0.0,0.0,Wellington Region,Nil,2-way,Sealed,0.0,0.0,0,0.0,60.0,0.0,None,0.0,0.0,,47,Wellington City,Nil,0.0,0.0,0.0,0.0,0.0,0.0,Urban,0.0,0.0,0.0,Fine,Null,0
66535806,,573200,0.0,0.0,0.0,2.0,0.0,Null,2021/2022,OHIRO ROAD,MAARAMA CRESCENT,,Non-Injury Crash,No,2021,0.0,West,0.0,0,0.0,Hill Road,0.0,,0.0,,0.0,Dark,2159100,0,0.0,0.0,2.0,0.0,0.0,0.0,0.0,1.0,,0.0,0.0,Wellington Region,Nil,2-way,Sealed,0.0,0.0,0,0.0,50.0,0.0,On,0.0,0.0,,47,Wellington City,Nil,0.0,0.0,0.0,0.0,0.0,0.0,Urban,0.0,0.0,0.0,Fine,Null,1
66535825,,573000,0.0,,0.0,1.0,,North,2021/2022,WELLINGTON URBAN MOTORWAY,SOUTH PORTAL,,Non-Injury Crash,Yes,2021,,North,,0,,Flat,,,,,,Unknown,2129200,0,0.0,0.0,3.0,,,0.0,,,,,,Wellington Region,Tunnel,2-way,Sealed,,0.0,0,,100.0,,Null,0.0,0.0,,47,Wellington City,Nil,,,,,0.0,0.0,Open,1.0,,,Null,Null,1
66535832,25.0,574002,0.0,0.0,0.0,1.0,0.0,South,2021/2022,HUTT ROAD OFF RAMP,RLY YARD ENT,,Non-Injury Crash,No,2022,0.0,South,0.0,0,0.0,Flat,1.0,,0.0,,0.0,Dark,2078302,0,0.0,0.0,3.0,0.0,0.0,0.0,0.0,0.0,,0.0,0.0,Wellington Region,Motorway ramp,1-way,Sealed,0.0,0.0,0,0.0,100.0,0.0,On,0.0,0.0,,47,Wellington City,Nil,0.0,0.0,0.0,0.0,0.0,0.0,Open,0.0,0.0,0.0,Light rain,Null,0
66535886,,572900,0.0,,0.0,1.0,,Null,2022/2023,BOWEN STREET,LAMBTON QUAY,,Non-Injury Crash,No,2022,,South,,0,,Flat,,,,,,Dark,2122400,0,0.0,0.0,4.0,,,0.0,,,,,,Wellington Region,Nil,2-way,Sealed,,0.0,0,,30.0,,On,0.0,0.0,,47,Wellington City,Traffic Signals,,,,,0.0,0.0,Urban,1.0,,,Fine,Null,0
66535933,,574500,0.0,0.0,0.0,1.0,0.0,North,2021/2022,WELLINGTON URBAN MOTORWAY,AOTEA QUAY ON RAMP,,Non-Injury Crash,Yes,2022,0.0,North,0.0,0,0.0,Flat,1.0,,0.0,,0.0,Bright sun,2093400,0,0.0,0.0,3.0,0.0,0.0,0.0,0.0,0.0,,0.0,0.0,Wellington Region,Nil,1-way,Sealed,0.0,0.0,0,0.0,100.0,0.0,Off,0.0,0.0,,47,Wellington City,Nil,0.0,0.0,0.0,0.0,0.0,0.0,Open,0.0,0.0,0.0,Fine,Null,0
66535934,,574500,0.0,,0.0,1.0,,Null,2022/2023,HUTT ROAD,KAIWHARAWHARA ROAD,,Minor Crash,No,2022,,North,,0,,Flat,,,,,,Bright sun,2093600,1,0.0,0.0,1.0,,,0.0,,,,,,Wellington Region,Nil,1-way,Sealed,,0.0,0,,60.0,,Off,0.0,0.0,,47,Wellington City,Traffic Signals,,,,,0.0,0.0,Urban,1.0,,,Fine,Null,0
66535956,,576100,0.0,,0.0,2.0,,West,2022/2023,TAVISTOCK ROAD,BUCKINGHAM STREET,,Non-Injury Crash,No,2022,,East,,0,,Hill Road,,,,,,Overcast,2196500,0,0.0,0.0,2.0,,,0.0,,,,,,Wellington Region,Nil,2-way,Sealed,,0.0,0,,50.0,,Off,0.0,0.0,,47,Wellington City,Nil,,,,,0.0,0.0,Urban,0.0,,,Fine,Null,0
66535973,,573200,0.0,0.0,0.0,2.0,0.0,North,2021/2022,NAIRN STREET,THOMPSON STREET,,Non-Injury Crash,No,2022,0.0,South,0.0,0,0.0,Hill Road,0.0,,0.0,,0.0,Unknown,2159900,0,0.0,0.0,2.0,0.0,0.0,0.0,0.0,1.0,,0.0,0.0,Wellington Region,Nil,2-way,Sealed,0.0,0.0,0,0.0,50.0,0.0,Null,0.0,0.0,,47,Wellington City,Nil,0.0,0.0,0.0,0.0,0.0,0.0,Urban,0.0,0.0,0.0,Null,Null,0
66535977,,575300,0.0,0.0,0.0,2.0,0.0,Null,2022/2023,UPLAND ROAD,GLEN ROAD,,Minor Crash,No,2023,0.0,South,0.0,0,0.0,Flat,0.0,,0.0,,0.0,Overcast,2154500,1,0.0,0.0,2.0,0.0,0.0,0.0,0.0,1.0,,0.0,0.0,Wellington Region,Nil,2-way,Sealed,0.0,0.0,0,0.0,50.0,0.0,Off,0.0,0.0,,47,Wellington City,Give way,0.0,0.0,0.0,0.0,0.0,0.0,Urban,0.0,0.0,0.0,Fine,Null,0
66536019,,572900,0.0,0.0,0.0,1.0,0.0,North,2022/2023,WELLINGTON URBAN MOTORWAY,HAWKESTONE OBR,,Serious Crash,Yes,2023,0.0,North,0.0,0,0.0,Flat,1.0,,0.0,,0.0,Bright sun,2119500,0,0.0,1.0,3.0,0.0,0.0,0.0,0.0,0.0,,0.0,0.0,Wellington Region,Nil,1-way,Sealed,0.0,0.0,1,0.0,100.0,0.0,Off,0.0,0.0,,47,Wellington City,Nil,0.0,0.0,0.0,0.0,0.0,0.0,Open,0.0,0.0,0.0,Fine,Null,0
66536038,,575200,0.0,,0.0,0.0,,North,2021/2022,NORTHLAND ROAD,GLENMORE STREET,,Non-Injury Crash,No,2021,,South,,0,,Null,,,,,,Unknown,2149800,0,0.0,0.0,2.0,,,0.0,,,,,,Wellington Region,Nil,2-way,Sealed,,0.0,0,,50.0,,Null,1.0,0.0,,47,Wellington City,Nil,,,,,0.0,0.0,Urban,1.0,,,Null,Null,1
66536042,,573523,0.0,,0.0,0.0,,North,2021/2022,JOHNSONVILLE PORIRUA MOTORWAY,CHURTON PARK-GLENSIDE ON RAMP,,Non-Injury Crash,Yes,2022,,South,,0,,Flat,,,,,,Dark,2086310,0,0.0,1.0,4.0,,,0.0,,,,,,Wellington Region,Nil,2-way,Sealed,,0.0,0,,100.0,,Off,0.0,0.0,,47,Wellington City,Nil,,,,,0.0,0.0,Open,1.0,,,Fine,Null,0
66536118,,576100,0.0,0.0,0.0,2.0,0.0,North,2021/2022,RODRIGO ROAD,SUTHERLAND ROAD,,Non-Injury Crash,No,2021,0.0,South,0.0,0,0.0,Flat,0.0,,0.0,,0.0,Bright sun,2196100,0,0.0,0.0,2.0,0.0,0.0,0.0,0.0,1.0,,0.0,0.0,Wellington Region,Nil,2-way,Sealed,0.0,0.0,0,0.0,50.0,0.0,Null,0.0,0.0,,47,Wellington City,Nil,0.0,0.0,0.0,0.0,0.0,0.0,Urban,0.0,0.0,0.0,Null,Null,1
66536120,,572900,0.0,,0.0,0.0,,North,2022/2023,AOTEA QUAY OFF RAMP,AOTEA QUAY,,Serious Crash,No,2022,,South,,0,,Flat,,,,,,Bright sun,2118400,0,0.0,1.0,4.0,,,0.0,,,,,,Wellington Region,Motorway ramp,2-way,Sealed,,0.0,1,,70.0,,Off,1.0,0.0,,47,Wellington City,Nil,,,,,0.0,0.0,Urban,0.0,,,Fine,Null,0
66536139,,573700,0.0,0.0,0.0,2.0,0.0,South,2021/2022,CORTINA AVENUE,SAFARI CRESCENT,,Non-Injury Crash,No,2022,0.0,North,0.0,0,0.0,Hill Road,0.0,,0.0,,0.0,Bright sun,2082002,0,0.0,0.0,2.0,0.0,0.0,0.0,0.0,1.0,,0.0,0.0,Wellington Region,Nil,2-way,Sealed,0.0,0.0,0,0.0,50.0,0.0,Off,0.0,0.0,,47,Wellington City,Nil,0.0,0.0,0.0,0.0,0.0,0.0,Urban,1.0,1.0,0.0,Fine,Null,0
66536196,,575100,0.0,0.0,0.0,1.0,0.0,Null,2021/2022,SHOTTER STREET,BEAVIS LANE,,Non-Injury Crash,No,2022,0.0,South,0.0,0,0.0,Hill Road,0.0,,0.0,,0.0,Dark,2115602,0,0.0,0.0,2.0,0.0,0.0,0.0,0.0,0.0,,0.0,0.0,Wellington Region,Nil,2-way,Sealed,0.0,0.0,0,0.0,50.0,0.0,On,0.0,0.0,,47,Wellington City,Nil,0.0,0.0,0.0,1.0,0.0,0.0,Urban,0.0,0.0,0.0,Fine,Null,0
66536205,,572900,0.0,,0.0,1.0,,Null,2022/2023,THORNDON QUAY,MOORE STREET,,Minor Crash,No,2022,,North,,0,,Flat,,,,,,Bright sun,2121500,1,1.0,0.0,3.0,,,0.0,,,,,,Wellington Region,Nil,2-way,Sealed,,0.0,0,,50.0,,Off,0.0,0.0,,47,Wellington City,Nil,,,,,0.0,0.0,Urban,0.0,,,Fine,Null,0
66536228,,576903,0.0,0.0,0.0,0.0,0.0,South,2022/2023,CRAWFORD ROAD,NAUGHTON TERRACE,,Minor Crash,No,2022,0.0,North,0.0,0,0.0,Hill Road,0.0,,0.0,,0.0,Bright sun,2179200,1,1.0,0.0,2.0,0.0,1.0,0.0,0.0,0.0,,0.0,0.0,Wellington Region,Nil,2-way,Sealed,0.0,0.0,0,0.0,50.0,0.0,Off,0.0,0.0,,47,Wellington City,Unknown,1.0,0.0,0.0,0.0,0.0,0.0,Urban,0.0,0.0,0.0,Fine,Frost,0
66536283,,573101,0.0,0.0,0.0,2.0,0.0,Null,2021/2022,ALLEN STREET,COURTENAY PLACE,,Non-Injury Crash,No,2022,0.0,East,0.0,0,0.0,Flat,0.0,,0.0,,0.0,Dark,2135700,0,0.0,0.0,2.0,0.0,0.0,0.0,0.0,1.0,,0.0,0.0,Wellington Region,Nil,2-way,Sealed,0.0,0.0,0,0.0,30.0,0.0,On,0.0,0.0,,47,Wellington City,Nil,0.0,0.0,0.0,0.0,0.0,0.0,Urban,0.0,0.0,0.0,Null,Null,0
66536286,,574001,0.0,0.0,1.0,1.0,0.0,Null,2021/2022,KENMORE STREET,LINK ROAD,,Non-Injury Crash,No,2021,0.0,South,0.0,0,0.0,Hill Road,0.0,,0.0,,0.0,Unknown,2075700,0,0.0,0.0,2.0,0.0,0.0,0.0,0.0,1.0,,0.0,0.0,Wellington Region,Nil,2-way,Sealed,0.0,0.0,0,0.0,50.0,0.0,Null,0.0,0.0,,47,Wellington City,Nil,0.0,0.0,0.0,0.0,0.0,0.0,Urban,0.0,0.0,0.0,Null,Null,1
66536304,,577000,0.0,,0.0,1.0,,Null,2022/2023,QUEENS DRIVE,RUA STREET,,Minor Crash,No,2022,,North,,0,,Flat,,,,,,Bright sun,2174400,1,1.0,0.0,2.0,,,0.0,,,,,,Wellington Region,Nil,2-way,Sealed,,0.0,0,,50.0,,Off,0.0,0.0,,47,Wellington City,Give way,,,,,0.0,0.0,Urban,0.0,,,Fine,Null,0
66536350,,572900,0.0,,0.0,0.0,,Null,2020/2021,WELLINGTON URBAN MOTORWAY,THE TERRACE OFF RAMP,,Non-Injury Crash,Yes,2020,,South,,0,,Hill Road,,,,,,Bright sun,2122100,0,0.0,1.0,3.0,,,0.0,,,,,,Wellington Region,Nil,1-way,Sealed,,0.0,0,,100.0,,Off,0.0,0.0,,47,Wellington City,Nil,,,,,0.0,0.0,Open,1.0,,,Fine,Null,1
66536368,,573000,0.0,0.0,0.0,1.0,0.0,North,2022/2023,THE TERRACE,SALAMANCA ROAD,,Non-Injury Crash,No,2022,0.0,North,0.0,0,0.0,Hill Road,0.0,,0.0,,0.0,Dark,2128200,0,0.0,0.0,2.0,0.0,1.0,0.0,0.0,0.0,,0.0,1.0,Wellington Region,Nil,2-way,Sealed,0.0,0.0,0,0.0,50.0,0.0,On,0.0,0.0,,47,Wellington City,Nil,0.0,0.0,0.0,0.0,0.0,0.0,Urban,0.0,0.0,0.0,Light rain,Null,0
66536393,,574100,0.0,,0.0,1.0,,Null,2022/2023,STEPHEN STREET,MOOREFIELD ROAD,,Non-Injury Crash,No,2023,,East,,0,,Hill Road,,,,,,Bright sun,2083800,0,0.0,0.0,2.0,,,0.0,,,,,,Wellington Region,Nil,2-way,Sealed,,0.0,0,,50.0,,Off,0.0,0.0,,47,Wellington City,Give way,,,,,0.0,0.0,Urban,0.0,,,Null,Null,0
66536458,,576901,0.0,,0.0,2.0,,Null,2023/2024,TROY STREET,COBHAM DRIVE,,Minor Crash,No,2023,,North,,0,,Flat,,,,,,Bright sun,2176800,1,0.0,0.0,3.0,,,0.0,,,,,,Wellington Region,Nil,1-way,Sealed,,0.0,0,,50.0,,Off,0.0,0.0,,47,Wellington City,Give way,,,,,0.0,0.0,Urban,0.0,,,Fine,Null,0
66536491,,573101,0.0,,0.0,1.0,,Null,2023/2024,MARION STREET,GHUZNEE STREET,,Minor Crash,No,2023,,East,,0,,Flat,,,,,,Dark,2133600,1,0.0,0.0,2.0,,,0.0,,,1.0,,,Wellington Region,Nil,2-way,Sealed,,0.0,0,,30.0,,On,0.0,0.0,,47,Wellington City,Give way,,,,,0.0,0.0,Urban,0.0,,,Heavy rain,Null,0
66536501,,576301,0.0,0.0,0.0,1.0,0.0,East,2022/2023,STOKE STREET,TREVOR TERRACE,,Non-Injury Crash,No,2022,0.0,East,0.0,0,0.0,Hill Road,0.0,,0.0,,0.0,Unknown,2164902,0,0.0,0.0,2.0,0.0,0.0,0.0,0.0,1.0,,0.0,0.0,Wellington Region,Nil,2-way,Sealed,0.0,0.0,0,0.0,50.0,0.0,Null,0.0,0.0,,47,Wellington City,Nil,0.0,0.0,0.0,0.0,0.0,1.0,Urban,0.0,0.0,0.0,Light rain,Null,0
66536541,,574302,0.0,0.0,0.0,1.0,0.0,North,2022/2023,WELLINGTON URBAN MOTORWAY,AOTEA QUAY ON RAMP,,Non-Injury Crash,Yes,2022,0.0,North,0.0,0,0.0,Flat,1.0,,0.0,,0.0,Bright sun,2090604,0,0.0,0.0,4.0,0.0,0.0,0.0,0.0,0.0,,0.0,0.0,Wellington Region,Nil,1-way,Sealed,0.0,0.0,0,0.0,100.0,0.0,Off,0.0,0.0,,47,Wellington City,Nil,0.0,0.0,0.0,0.0,0.0,0.0,Open,0.0,0.0,0.0,Fine,Null,0
66536565,,574500,1.0,0.0,1.0,0.0,0.0,North,2022/2023,HUTT ROAD,WESTMINSTER STREET,,Minor Crash,No,2023,0.0,South,0.0,0,0.0,Flat,0.0,,0.0,,1.0,Overcast,2093400,1,0.0,0.0,4.0,0.0,0.0,0.0,0.0,0.0,,0.0,0.0,Wellington Region,Nil,2-way,Sealed,0.0,0.0,0,0.0,60.0,0.0,Off,0.0,0.0,,47,Wellington City,Nil,0.0,0.0,0.0,0.0,0.0,0.0,Urban,0.0,0.0,0.0,Fine,Null,0
66536572,,574002,0.0,,0.0,1.0,,West,2021/2022,CENTENNIAL HIGHWAY,CENTENNIAL HIGHWAY OFF RAMP,,Non-Injury Crash,Yes,2022,,East,,0,,Flat,,,,,,Overcast,2078302,0,0.0,0.0,2.0,,,0.0,,,,,,Wellington Region,Nil,2-way,Sealed,,0.0,0,,100.0,,Null,1.0,0.0,,47,Wellington City,Nil,,,,,0.0,0.0,Open,0.0,,,Heavy rain,Null,0
66536584,,572900,0.0,,0.0,1.0,,Null,2021/2022,AOTEA QUAY,AOTEA QUAY OFF RAMP,,Non-Injury Crash,No,2022,,South,,0,,Flat,,,,,,Overcast,2118400,0,0.0,0.0,4.0,,,0.0,,,,,,Wellington Region,Motorway ramp,2-way,Sealed,,0.0,0,,70.0,,Off,1.0,0.0,,47,Wellington City,Nil,,,,,0.0,0.0,Urban,0.0,,,Fine,Null,0
66536598,,572900,0.0,,0.0,0.0,,South,2022/2023,TINAKORI ROAD ON RAMP,WELLINGTON URBAN MOTORWAY,,Serious Crash,No,2023,,North,,0,,Flat,,,,,,Dark,2119800,0,0.0,1.0,1.0,,,0.0,,,,,,Wellington Region,Motorway ramp,1-way,Sealed,,0.0,1,,50.0,,On,0.0,0.0,,47,Wellington City,Nil,,,,,0.0,0.0,Urban,0.0,,,Fine,Null,0
66536610,,573000,0.0,0.0,0.0,2.0,0.0,North,2022/2023,THE TERRACE,ALLENBY TERRACE,,Non-Injury Crash,No,2023,0.0,South,0.0,0,0.0,Hill Road,0.0,,0.0,,0.0,Dark,2127900,0,0.0,0.0,2.0,0.0,0.0,0.0,0.0,1.0,,0.0,0.0,Wellington Region,Nil,2-way,Sealed,0.0,0.0,0,0.0,50.0,0.0,On,0.0,0.0,,47,Wellington City,Nil,0.0,0.0,0.0,0.0,0.0,0.0,Urban,0.0,0.0,0.0,Fine,Null,0
66536628,,577200,0.0,0.0,1.0,0.0,0.0,North,2021/2022,CALABAR ROAD,OLD BROADWAY,,Non-Injury Crash,Yes,2022,0.0,North,0.0,0,2.0,Flat,0.0,,0.0,,0.0,Dark,2206600,0,0.0,0.0,4.0,0.0,0.0,0.0,0.0,0.0,,0.0,0.0,Wellington Region,Nil,2-way,Sealed,0.0,0.0,0,0.0,70.0,0.0,On,0.0,0.0,,47,Wellington City,Nil,0.0,0.0,0.0,0.0,0.0,0.0,Urban,1.0,0.0,0.0,Fine,Null,0
66536633,,576400,1.0,0.0,0.0,1.0,0.0,North,2022/2023,RIDDIFORD STREET,WILSON STREET,,Minor Crash,No,2023,0.0,South,0.0,0,0.0,Flat,0.0,,0.0,,0.0,Twilight,2167000,1,0.0,0.0,2.0,0.0,0.0,0.0,0.0,1.0,,0.0,0.0,Wellington Region,Nil,2-way,Sealed,0.0,0.0,0,0.0,50.0,0.0,On,0.0,0.0,,47,Wellington City,Unknown,0.0,0.0,0.0,0.0,0.0,0.0,Urban,0.0,0.0,0.0,Light rain,Null,0
66536674,25.0,575600,0.0,0.0,0.0,1.0,0.0,South,2023/2024,KAREPA STREET,MAKOMAKO ROAD,,Minor Crash,No,2023,0.0,North,0.0,0,1.0,Hill Road,0.0,,0.0,,0.0,Overcast,2160101,1,0.0,0.0,2.0,0.0,1.0,0.0,1.0,0.0,,0.0,0.0,Wellington Region,Nil,2-way,Sealed,0.0,0.0,0,0.0,50.0,0.0,Null,0.0,0.0,,47,Wellington City,Nil,0.0,0.0,0.0,1.0,0.0,0.0,Urban,0.0,0.0,0.0,Light rain,Null,0
66536675,,576500,0.0,,0.0,2.0,,South,2022/2023,RIDDIFORD STREET,HOSPITAL MAIN DRIVE,,Non-Injury Crash,No,2022,,South,,0,,Flat,,,,,,Dark,2149200,0,0.0,0.0,4.0,,,0.0,,,,,,Wellington Region,Nil,2-way,Sealed,,0.0,0,,40.0,,On,0.0,1.0,,47,Wellington City,Nil,,,,,0.0,0.0,Urban,0.0,,,Fine,Null,0
66536731,,573000,0.0,,0.0,3.0,,North,2021/2022,WELLINGTON URBAN MOTORWAY,EVERTON OBR,,Non-Injury Crash,Yes,2022,,South,,0,,Flat,,,,,,Bright sun,2126403,0,0.0,0.0,1.0,,,0.0,,,,,,Wellington Region,Tunnel,1-way,Sealed,,0.0,0,,70.0,,Off,0.0,0.0,,47,Wellington City,Nil,,,,,0.0,0.0,Urban,0.0,,,Fine,Null,0
66536741,,574500,1.0,,0.0,0.0,,Null,2023/2024,HUTT ROAD,RANGIORA AVENUE,,Minor Crash,No,2023,,North,,0,,Flat,,,,,,Overcast,2093400,1,0.0,0.0,4.0,,,0.0,,,,,,Wellington Region,Nil,2-way,Sealed,,0.0,0,,60.0,,None,0.0,0.0,,47,Wellington City,Nil,,,,,0.0,0.0,Urban,1.0,,,Fine,Null,0
66536756,,573300,1.0,,0.0,1.0,,West,2022/2023,HANKEY STREET,WALLACE STREET,,Serious Crash,No,2022,,West,,0,,Hill Road,,,,,,Overcast,2144600,0,0.0,0.0,2.0,,,0.0,,,,,,Wellington Region,Nil,2-way,Sealed,,0.0,1,,50.0,,Off,0.0,0.0,,47,Wellington City,Nil,,,,,0.0,0.0,Urban,0.0,,,Fine,Null,0
66536770,,577500,0.0,0.0,0.0,2.0,0.0,Null,2022/2023,INGLIS STREET,FORRES STREET,,Non-Injury Crash,No,2023,0.0,North,0.0,0,0.0,Flat,0.0,,0.0,,0.0,Dark,2210800,0,0.0,0.0,2.0,0.0,0.0,0.0,0.0,1.0,,0.0,0.0,Wellington Region,Nil,2-way,Sealed,0.0,0.0,0,0.0,50.0,0.0,On,0.0,0.0,,47,Wellington City,Give way,0.0,0.0,0.0,0.0,0.0,0.0,Urban,0.0,0.0,0.0,Fine,Null,0
66536771,,576100,0.0,0.0,0.0,1.0,0.0,North,2021/2022,QUEENS DRIVE,HUNGERFORD ROAD,,Non-Injury Crash,No,2022,0.0,North,0.0,0,0.0,Flat,0.0,,0.0,,0.0,Bright sun,2195601,0,0.0,0.0,2.0,0.0,0.0,0.0,0.0,1.0,,0.0,0.0,Wellington Region,Nil,2-way,Sealed,0.0,0.0,0,0.0,50.0,0.0,Off,0.0,0.0,,47,Wellington City,Nil,0.0,0.0,0.0,0.0,0.0,0.0,Urban,1.0,0.0,0.0,Fine,Null,0
66536773,,573101,0.0,,0.0,2.0,,Null,2022/2023,TARANAKI STREET,ABEL SMITH STREET,,Non-Injury Crash,No,2023,,North,,0,,Flat,,,,,,Overcast,2134800,0,0.0,0.0,3.0,,,0.0,,,,,,Wellington Region,Nil,2-way,Sealed,,0.0,0,,50.0,,Off,0.0,0.0,,47,Wellington City,Nil,,,,,0.0,0.0,Urban,0.0,,,Fine,Null,0
66536853,,574703,0.0,0.0,0.0,3.0,0.0,South,2022/2023,PEMBROKE ROAD,CHESHIRE STREET,,Non-Injury Crash,No,2022,0.0,South,0.0,0,0.0,Hill Road,0.0,,0.0,,0.0,Twilight,2103002,0,0.0,0.0,2.0,0.0,0.0,0.0,0.0,2.0,,0.0,0.0,Wellington Region,Nil,2-way,Sealed,0.0,0.0,0,0.0,50.0,0.0,Off,0.0,0.0,,47,Wellington City,Nil,0.0,0.0,0.0,0.0,0.0,0.0,Urban,0.0,0.0,0.0,Light rain,Null,0