OBJECTID,advisorySpeed,areaUnitID,bicycle,bridge,bus,carStationWagon,cliffBank,crashDirectionDescription,crashFinancialYear,crashLocation1,crashLocation2,crashRoadSideRoad,crashSeverity,crashSHDescription,crashYear,debris,directionRoleDescription,ditch,fatalCount,fence,flatHill,guardRail,holiday,houseOrBuilding,intersection,kerb,light,meshblockId,minorInjuryCount,moped,motorcycle,NumberOfLanes,objectThrownOrDropped,otherObject,otherVehicleType,overBank,parkedVehicle,pedestrian,phoneBoxEtc,postOrPole,region,roadCharacter,roadLane,roadSurface,roadworks,schoolBus,seriousInjuryCount,slipOrFlood,speedLimit,strayAnimal,streetLight,suv,taxi,temporarySpeedLimit,tlaId,tlaName,trafficControl,trafficIsland,trafficSign,train,tree,truck,unknownVehicleType,urban,vanOrUtility,vehicle,waterRiver,weatherA,weatherB,if_pandemic
66536904,,573200,0.0,0.0,0.0,1.0,0.0,North,2020/2021,FAIRLIE TERRACE,DEVON STREET,,Non-Injury Crash,No,2021,0.0,South,0.0,0,0.0,Hill Road,0.0,,0.0,,0.0,Overcast,2157500,0,0.0,0.0,2.0,0.0,0.0,0.0,0.0,1.0,,0.0,0.0,Wellington Region,Nil,2-way,Sealed,0.0,0.0,0,0.0,50.0,0.0,Null,0.0,0.0,,47,Wellington City,Nil,0.0,0.0,0.0,0.0,0.0,0.0,Urban,0.0,0.0,0.0,Fine,Null,1
66536933,,574500,1.0,,0.0,1.0,,Null,2023/2024,KAIWHARAWHARA ROAD,CAMERON STREET,,Minor Crash,No,2024,,South,,0,,Flat,,,,,,Bright sun,2093600,1,0.0,0.0,3.0,,,0.0,,,,,,Wellington Region,Nil,2-way,Sealed,,0.0,0,,50.0,,Off,0.0,0.0,,47,Wellington City,Give way,,,,,0.0,0.0,Urban,0.0,,,Fine,Null,0
66536973,,573101,0.0,,0.0,1.0,,Null,2022/2023,WEBB STREET,TORRENS TERRACE,,Minor Crash,No,2023,,West,,0,,Flat,,,,,,Bright sun,2135100,1,0.0,0.0,2.0,,,0.0,,,1.0,,,Wellington Region,Nil,2-way,Sealed,,0.0,0,,50.0,,Off,0.0,0.0,,47,Wellington City,Nil,,,,,0.0,0.0,Urban,0.0,,,Fine,Null,0
66537020,,575000,0.0,,0.0,1.0,,West,2021/2022,KARORI ROAD,HATTON STREET,,Non-Injury Crash,No,2022,,West,,0,,Flat,,,,,,Dark,2111600,0,0.0,0.0,2.0,,,0.0,,,,,,Wellington Region,Nil,2-way,Sealed,,0.0,0,,50.0,,On,0.0,0.0,,47,Wellington City,Nil,,,,,0.0,0.0,Urban,1.0,,,Fine,Null,0
66537050,,576901,0.0,,0.0,1.0,,Null,2021/2022,EVANS BAY PARADE,KILBIRNIE CRESCENT,,Non-Injury Crash,No,2022,,South,,0,,Flat,,,,,,Dark,2178000,0,0.0,0.0,2.0,,,0.0,,,,,,Wellington Region,Nil,2-way,Sealed,,0.0,0,,50.0,,On,1.0,0.0,,47,Wellington City,Traffic Signals,,,,,0.0,0.0,Urban,0.0,,,Light rain,Null,0
66537099,,577102,0.0,0.0,0.0,3.0,0.0,South,2022/2023,STRATHMORE AVENUE,BROADWAY,,Non-Injury Crash,No,2023,0.0,South,0.0,0,0.0,Flat,0.0,,0.0,,0.0,Bright sun,2215300,0,0.0,0.0,2.0,0.0,0.0,0.0,0.0,2.0,,0.0,0.0,Wellington Region,Nil,2-way,Sealed,0.0,0.0,0,0.0,30.0,0.0,Off,0.0,0.0,,47,Wellington City,Nil,0.0,0.0,0.0,0.0,0.0,0.0,Urban,0.0,0.0,0.0,Fine,Null,0
66537121,,574200,0.0,0.0,0.0,1.0,0.0,South,2022/2023,KHANDALLAH ROAD,COCKAYNE ROAD,,Non-Injury Crash,No,2023,0.0,West,0.0,0,1.0,Flat,0.0,,0.0,,1.0,Overcast,2088300,0,0.0,0.0,2.0,0.0,0.0,0.0,0.0,0.0,,0.0,0.0,Wellington Region,Nil,2-way,Sealed,0.0,0.0,0,0.0,50.0,0.0,Off,0.0,0.0,,47,Wellington City,Nil,0.0,0.0,0.0,0.0,0.0,0.0,Urban,0.0,0.0,0.0,Fine,Null,0
66537147,,574001,0.0,0.0,0.0,2.0,0.0,South,2021/2022,KENMORE STREET,HOROKIWI ROAD WEST,,Non-Injury Crash,No,2021,0.0,South,0.0,0,0.0,Hill Road,0.0,,0.0,,0.0,Overcast,2076300,0,0.0,0.0,1.0,0.0,0.0,0.0,0.0,1.0,,0.0,0.0,Wellington Region,Nil,2-way,Sealed,0.0,0.0,0,0.0,50.0,0.0,None,0.0,0.0,,47,Wellington City,Nil,0.0,0.0,0.0,0.0,0.0,0.0,Urban,1.0,0.0,0.0,Fine,Null,1
66537193,,572900,0.0,0.0,0.0,1.0,0.0,South,2022/2023,TINAKORI ROAD,PARK STREET,,Non-Injury Crash,No,2023,0.0,North,0.0,0,0.0,Flat,0.0,,0.0,,0.0,Dark,2119300,0,0.0,0.0,2.0,0.0,0.0,0.0,0.0,0.0,,0.0,1.0,Wellington Region,Nil,2-way,Sealed,0.0,0.0,0,0.0,50.0,0.0,On,0.0,0.0,,47,Wellington City,Nil,0.0,0.0,0.0,0.0,0.0,0.0,Urban,0.0,0.0,0.0,Light rain,Null,0
66537242,,573000,0.0,,0.0,2.0,,West,2021/2022,HARRIS STREET,JERVOIS QUAY,,Non-Injury Crash,No,2022,,West,,0,,Flat,,,,,,Bright sun,2127800,0,0.0,0.0,2.0,,,0.0,,,,,,Wellington Region,Nil,2-way,Sealed,,0.0,0,,30.0,,Off,0.0,1.0,,47,Wellington City,Unknown,,,,,0.0,0.0,Urban,0.0,,,Fine,Null,0
66537243,,576800,0.0,0.0,0.0,1.0,1.0,North,2022/2023,ALEXANDRA ROAD,SOUTHERN WALKWAY,,Minor Crash,No,2022,0.0,South,0.0,0,0.0,Hill Road,0.0,,0.0,,0.0,Dark,2184800,3,0.0,0.0,2.0,0.0,0.0,0.0,0.0,0.0,,0.0,0.0,Wellington Region,Nil,2-way,Sealed,0.0,0.0,0,0.0,50.0,0.0,None,0.0,0.0,,47,Wellington City,Nil,0.0,0.0,0.0,0.0,0.0,0.0,Urban,0.0,0.0,0.0,Light rain,Null,0
66537246,,575600,0.0,0.0,0.0,1.0,0.0,South,2022/2023,MITCHELL STREET,TODMAN STREET,,Non-Injury Crash,No,2023,0.0,North,0.0,0,0.0,Hill Road,0.0,,0.0,,0.0,Bright sun,2161501,0,0.0,0.0,2.0,0.0,0.0,0.0,0.0,1.0,,0.0,0.0,Wellington Region,Nil,2-way,Sealed,0.0,0.0,0,0.0,50.0,0.0,Off,0.0,0.0,,47,Wellington City,Nil,0.0,0.0,0.0,0.0,0.0,0.0,Urban,1.0,0.0,0.0,Fine,Null,0
66537258,,574303,0.0,0.0,0.0,1.0,0.0,West,2021/2022,NEWLANDS OFF RAMP,NEWLANDS OBR NBD,,Non-Injury Crash,No,2022,0.0,North,0.0,0,0.0,Hill Road,0.0,,0.0,,0.0,Dark,2084302,0,0.0,0.0,1.0,0.0,0.0,0.0,0.0,0.0,,0.0,0.0,Wellington Region,Motorway ramp,1-way,Sealed,0.0,0.0,0,0.0,100.0,0.0,On,0.0,0.0,,47,Wellington City,Nil,0.0,0.0,0.0,1.0,0.0,0.0,Open,0.0,0.0,0.0,Heavy rain,Null,0
66537292,,574303,0.0,0.0,0.0,1.0,1.0,North,2022/2023,HUTT ROAD,HUTT NIMT OBR,,Non-Injury Crash,No,2023,0.0,South,0.0,0,0.0,Flat,0.0,,0.0,,0.0,Overcast,2090402,0,0.0,0.0,2.0,0.0,0.0,0.0,0.0,0.0,,0.0,0.0,Wellington Region,Nil,1-way,Sealed,0.0,0.0,0,0.0,80.0,0.0,Off,0.0,0.0,,47,Wellington City,Nil,0.0,0.0,0.0,1.0,0.0,0.0,Open,1.0,0.0,0.0,Fine,Null,0
66537301,,572900,0.0,0.0,0.0,1.0,0.0,North,2022/2023,HUTT ROAD,SAR STREET,,Non-Injury Crash,No,2023,0.0,North,0.0,0,0.0,Flat,0.0,,0.0,,0.0,Dark,2117102,0,0.0,0.0,3.0,0.0,0.0,0.0,0.0,1.0,,0.0,0.0,Wellington Region,Nil,2-way,Sealed,0.0,0.0,0,0.0,50.0,0.0,On,0.0,0.0,,47,Wellington City,Nil,0.0,0.0,0.0,0.0,1.0,0.0,Urban,0.0,0.0,0.0,Fine,Strong wind,0
66537313,,574302,0.0,,1.0,1.0,,South,2023/2024,ONSLOW ROAD,HOMEBUSH ROAD,,Non-Injury Crash,No,2023,,North,,0,,Hill Road,,,,,,Dark,2090102,0,0.0,0.0,2.0,,,0.0,,,,,,Wellington Region,Nil,2-way,Sealed,,0.0,0,,50.0,,On,0.0,0.0,,47,Wellington City,Nil,,,,,0.0,0.0,Urban,0.0,,,Light rain,Null,0
66537354,,574002,0.0,,0.0,2.0,,North,2022/2023,CENTENNIAL HIGHWAY,KIWI POINT QUARRY ENT,,Non-Injury Crash,Yes,2022,,South,,0,,Hill Road,,,,,,Overcast,2078304,0,0.0,0.0,3.0,,,0.0,,,,,,Wellington Region,Nil,1-way,Sealed,,0.0,0,,80.0,,Off,0.0,0.0,,47,Wellington City,Nil,,,,,0.0,1.0,Open,2.0,,,Heavy rain,Null,0
66537355,,573300,0.0,,0.0,2.0,,North,2022/2023,RUGBY STREET,BELFAST STREET,,Non-Injury Crash,Yes,2023,,North,,0,,Hill Road,,,,,,Overcast,2145602,0,0.0,0.0,3.0,,,0.0,,,,,,Wellington Region,Nil,1-way,Sealed,,0.0,0,,50.0,,Off,0.0,0.0,,47,Wellington City,Nil,,,,,0.0,0.0,Urban,0.0,,,Fine,Null,0
66537370,,576800,0.0,0.0,0.0,2.0,0.0,South,2020/2021,WAITOA ROAD,EAST PORTAL,,Non-Injury Crash,No,2021,0.0,South,0.0,0,0.0,Flat,0.0,,0.0,,1.0,Unknown,2184800,0,0.0,0.0,2.0,0.0,0.0,0.0,0.0,1.0,,0.0,0.0,Wellington Region,Nil,2-way,Sealed,0.0,0.0,0,0.0,50.0,0.0,On,0.0,0.0,,47,Wellington City,Nil,0.0,0.0,0.0,0.0,0.0,0.0,Urban,0.0,0.0,0.0,Fine,Null,1
66537379,,573000,0.0,,0.0,2.0,,Null,2021/2022,CLIFTON TERRACE,CLIFTON TERRACE ON RAMP,,Non-Injury Crash,No,2021,,Null,,0,,Flat,,,,,,Unknown,2126100,0,0.0,0.0,2.0,,,0.0,,,,,,Wellington Region,Nil,2-way,Sealed,,0.0,0,,50.0,,Null,0.0,0.0,,47,Wellington City,Give way,,,,,0.0,0.0,Urban,0.0,,,Fine,Null,1
66537382,,574100,0.0,,0.0,1.0,,Null,2022/2023,MOOREFIELD ROAD,HAUMIA STREET,,Minor Crash,No,2023,,South,,0,,Flat,,,,,,Bright sun,2085500,1,0.0,0.0,2.0,,,0.0,,,,,,Wellington Region,Nil,2-way,Sealed,,0.0,0,,50.0,,Off,0.0,0.0,,47,Wellington City,Give way,,,,,0.0,0.0,Urban,1.0,,,Fine,Null,0
66537394,,574302,0.0,,0.0,2.0,,South,2021/2022,WELLINGTON URBAN MOTORWAY,HUTT ROAD OFF RAMP,,Non-Injury Crash,Yes,2022,,North,,0,,Flat,,,,,,Dark,2090500,0,0.0,0.0,4.0,,,0.0,,,,,,Wellington Region,Nil,1-way,Sealed,,0.0,0,,100.0,,On,0.0,0.0,,47,Wellington City,Nil,,,,,0.0,0.0,Open,0.0,,,Light rain,Null,0
66537569,,573101,0.0,,0.0,2.0,,Null,2021/2022,TARANAKI STREET,BUCKLE STREET,,Non-Injury Crash,No,2022,,North,,0,,Flat,,,,,,Dark,2134700,0,0.0,0.0,4.0,,,0.0,,,,,,Wellington Region,Nil,2-way,Sealed,,0.0,0,,50.0,,On,0.0,1.0,,47,Wellington City,Traffic Signals,,,,,0.0,0.0,Urban,0.0,,,Fine,Strong wind,0
66537617,,574302,0.0,,0.0,2.0,,Null,2022/2023,HUTT ROAD,ONSLOW ROAD,,Serious Crash,No,2023,,North,,0,,Flat,,,,,,Overcast,2090700,2,0.0,0.0,5.0,,,0.0,,,,,,Wellington Region,Nil,2-way,Sealed,,0.0,1,,60.0,,Off,0.0,0.0,,47,Wellington City,Traffic Signals,,,,,0.0,0.0,Urban,0.0,,,Heavy rain,Strong wind,0
66537636,,573801,0.0,0.0,0.0,1.0,0.0,Null,2022/2023,MARK AVENUE,TANIA WAY,,Minor Crash,No,2023,0.0,South,0.0,0,0.0,Hill Road,0.0,,1.0,,0.0,Dark,2079300,4,0.0,0.0,2.0,0.0,0.0,0.0,0.0,0.0,4.0,0.0,0.0,Wellington Region,Nil,2-way,Sealed,0.0,0.0,0,0.0,50.0,0.0,On,0.0,0.0,,47,Wellington City,Nil,0.0,0.0,0.0,0.0,0.0,0.0,Urban,0.0,0.0,0.0,Fine,Null,0
66537653,,573511,0.0,0.0,0.0,1.0,0.0,South,2023/2024,JOHNSONVILLE PORIRUA MOTORWAY,TAWA-GRENADA NORTH OFF RAMP,,Minor Crash,Yes,2023,0.0,South,0.0,0,0.0,Flat,1.0,,0.0,,0.0,Dark,2086201,1,0.0,0.0,2.0,0.0,0.0,0.0,1.0,0.0,,0.0,0.0,Wellington Region,Nil,1-way,Sealed,0.0,0.0,0,0.0,100.0,0.0,On,0.0,0.0,,47,Wellington City,Nil,0.0,0.0,0.0,0.0,0.0,0.0,Open,0.0,0.0,0.0,Light rain,Null,0
66537809,,573400,0.0,,1.0,1.0,,Null,2022/2023,PIRIE STREET,AUSTIN STREET,,Minor Crash,No,2023,,East,,0,,Hill Road,,,,,,Bright sun,2142000,1,0.0,0.0,2.0,,,0.0,,,,,,Wellington Region,Nil,2-way,Sealed,,0.0,0,,50.0,,Off,0.0,0.0,,47,Wellington City,Stop,,,,,0.0,0.0,Urban,0.0,,,Fine,Null,0
66537857,,573700,0.0,,0.0,4.0,,South,2023/2024,MOOREFIELD ROAD,WANAKA STREET,,Minor Crash,No,2023,,North,,0,,Flat,,,,,,Overcast,2082400,1,0.0,0.0,2.0,,,0.0,,,,,,Wellington Region,Nil,2-way,Sealed,,0.0,0,,50.0,,Off,0.0,0.0,,47,Wellington City,Nil,,,,,0.0,0.0,Urban,0.0,,,Fine,Strong wind,0
66537888,,576301,0.0,,0.0,1.0,,South,2022/2023,RINTOUL STREET,RIDDIFORD STREET,,Minor Crash,No,2023,,South,,0,,Flat,,,,,,Bright sun,2164700,1,0.0,0.0,2.0,,,0.0,,,1.0,,,Wellington Region,Nil,2-way,Sealed,,0.0,0,,50.0,,Off,0.0,0.0,,47,Wellington City,Nil,,,,,0.0,0.0,Urban,0.0,,,Fine,Null,0
66537912,,576500,0.0,0.0,0.0,1.0,0.0,West,2022/2023,MEIN STREET,MINERVA STREET,,Non-Injury Crash,No,2023,0.0,South,0.0,0,0.0,Hill Road,0.0,,0.0,,0.0,Bright sun,2148800,0,0.0,0.0,2.0,0.0,0.0,0.0,0.0,1.0,,0.0,0.0,Wellington Region,Nil,2-way,Sealed,0.0,0.0,0,0.0,40.0,0.0,None,2.0,0.0,,47,Wellington City,Nil,0.0,0.0,0.0,0.0,0.0,0.0,Urban,0.0,0.0,0.0,Fine,Null,0
66537932,,573101,0.0,,0.0,1.0,,North,2022/2023,CUBA STREET,ABEL SMITH STREET,,Non-Injury Crash,No,2022,,North,,0,,Flat,,,,,,Overcast,2132300,0,0.0,0.0,2.0,,,0.0,,,,,,Wellington Region,Nil,2-way,Sealed,,0.0,0,,30.0,,None,1.0,0.0,,47,Wellington City,Nil,,,,,0.0,0.0,Urban,0.0,,,Null,Null,0
66537938,,574701,0.0,0.0,0.0,1.0,0.0,North,2023/2024,CHURCHILL DRIVE,BLACKBRIDGE ROAD,,Minor Crash,No,2024,0.0,South,0.0,0,0.0,Hill Road,0.0,,0.0,,0.0,Overcast,2105100,1,0.0,0.0,2.0,0.0,0.0,0.0,0.0,0.0,,0.0,1.0,Wellington Region,Nil,2-way,Sealed,0.0,0.0,0,0.0,50.0,0.0,Off,0.0,0.0,,47,Wellington City,Nil,0.0,0.0,0.0,0.0,0.0,0.0,Urban,0.0,0.0,0.0,Fine,Null,0
66537940,,572900,0.0,,0.0,1.0,,Null,2022/2023,WELLINGTON URBAN MOTORWAY,THE TERRACE OFF RAMP,,Non-Injury Crash,Yes,2022,,South,,0,,Flat,,,,,,Overcast,2122100,0,0.0,0.0,3.0,,,0.0,,,,,,Wellington Region,Motorway ramp,1-way,Sealed,,0.0,0,,100.0,,Off,0.0,0.0,,47,Wellington City,Nil,,,,,1.0,0.0,Open,0.0,,,Fine,Null,0
66537947,,573526,0.0,,0.0,2.0,,South,2022/2023,HUTT ROAD,HOROKIWI ROAD,,Non-Injury Crash,Yes,2022,,South,,0,,Flat,,,,,,Overcast,2077503,0,0.0,0.0,2.0,,,0.0,,,,,,Wellington Region,Nil,1-way,Sealed,,0.0,0,,100.0,,Off,0.0,0.0,,47,Wellington City,Nil,,,,,0.0,0.0,Open,0.0,,,Fine,Null,0
66537963,,574304,0.0,,0.0,2.0,,Null,2022/2023,BURMA ROAD,KOHIMA DRIVE,,Non-Injury Crash,No,2022,,South,,0,,Flat,,,,,,Overcast,2088800,0,0.0,0.0,2.0,,,0.0,,,,,,Wellington Region,Nil,2-way,Sealed,,0.0,0,,50.0,,Off,0.0,0.0,,47,Wellington City,Nil,,,,,0.0,0.0,Urban,0.0,,,Fine,Null,0
66538048,,573522,0.0,,0.0,2.0,,South,2022/2023,JOHNSONVILLE PORIRUA MOTORWAY,TAWA-GRENADA NORTH OFF RAMP,,Non-Injury Crash,Yes,2022,,South,,0,,Flat,,,,,,Dark,2053703,0,0.0,0.0,2.0,,,0.0,,,,,,Wellington Region,Motorway ramp,1-way,Sealed,,0.0,0,,100.0,,On,0.0,0.0,,47,Wellington City,Nil,,,,,0.0,0.0,Open,0.0,,,Fine,Null,0
66538082,,574100,0.0,0.0,0.0,1.0,0.0,North,2022/2023,CENTENNIAL HIGHWAY,NEWLANDS OBR NBD,,Non-Injury Crash,Yes,2022,0.0,North,0.0,0,0.0,Hill Road,1.0,,0.0,,0.0,Dark,2084600,0,0.0,0.0,3.0,0.0,0.0,0.0,0.0,0.0,,0.0,0.0,Wellington Region,Nil,1-way,Sealed,0.0,0.0,0,0.0,80.0,0.0,On,0.0,0.0,,47,Wellington City,Nil,0.0,0.0,0.0,0.0,0.0,0.0,Open,0.0,0.0,0.0,Heavy rain,Null,0
66538088,,573526,0.0,,0.0,2.0,,West,2022/2023,HUTT ROAD,HOROKIWI ROAD,,Non-Injury Crash,Yes,2023,,East,,0,,Flat,,,,,,Bright sun,2086403,0,0.0,0.0,2.0,,,0.0,,,,,,Wellington Region,Nil,1-way,Sealed,,0.0,0,,100.0,,Null,0.0,0.0,,47,Wellington City,Nil,,,,,0.0,0.0,Open,0.0,,,Fine,Null,0
66538160,,577200,0.0,,0.0,0.0,,North,2022/2023,CALABAR ROAD,OLD BROADWAY,,Minor Crash,Yes,2023,,North,,0,,Flat,,,,,,Twilight,2206600,1,1.0,0.0,4.0,,,0.0,,,,,,Wellington Region,Nil,2-way,Sealed,,0.0,0,,60.0,,Off,0.0,0.0,,47,Wellington City,Nil,,,,,0.0,0.0,Urban,0.0,,,Fine,Strong wind,0
66538182,,572500,0.0,0.0,0.0,1.0,0.0,North,2022/2023,JOHNSONVILLE PORIRUA MOTORWAY,TAWA-GRENADA NORTH ON RAMP,,Non-Injury Crash,Yes,2023,0.0,North,0.0,0,0.0,Flat,1.0,,0.0,,0.0,Overcast,1986601,0,0.0,0.0,2.0,0.0,0.0,0.0,0.0,0.0,,0.0,0.0,Wellington Region,Nil,1-way,Sealed,0.0,0.0,0,0.0,100.0,0.0,None,0.0,0.0,,47,Wellington City,Nil,0.0,0.0,0.0,0.0,0.0,0.0,Open,0.0,0.0,0.0,Light rain,Strong wind,0
66538210,,572701,0.0,,0.0,2.0,,Null,2023/2024,MAIN ROAD,LINDEN AVENUE,,Non-Injury Crash,No,2023,,South,,0,,Flat,,,,,,Overcast,1993902,0,0.0,0.0,1.0,,,0.0,,,,,,Wellington Region,Nil,1-way,Sealed,,0.0,0,,50.0,,Off,0.0,0.0,,47,Wellington City,Give way,,,,,0.0,0.0,Urban,0.0,,,Fine,Null,0
66538211,,576100,0.0,,0.0,2.0,,Null,2022/2023,HUNGERFORD ROAD,WAITAHA WAY,,Non-Injury Crash,No,2023,,East,,0,,Hill Road,,,,,,Bright sun,2195800,0,0.0,0.0,2.0,,,0.0,,,,,,Wellington Region,Nil,2-way,Sealed,,0.0,0,,50.0,,Off,0.0,0.0,,47,Wellington City,Nil,,,,,0.0,0.0,Urban,0.0,,,Light rain,Null,0
66538228,,576901,0.0,0.0,0.0,2.0,0.0,East,2022/2023,KEMP STREET,EVANS BAY PARADE,,Non-Injury Crash,No,2022,0.0,North,0.0,0,1.0,Flat,0.0,,1.0,,0.0,Dark,2177800,0,0.0,0.0,2.0,0.0,0.0,0.0,0.0,1.0,,0.0,0.0,Wellington Region,Nil,2-way,Sealed,0.0,0.0,0,0.0,50.0,0.0,On,0.0,0.0,,47,Wellington City,Nil,0.0,0.0,0.0,0.0,0.0,0.0,Urban,0.0,0.0,0.0,Light rain,Null,0
66538258,,574500,0.0,,0.0,1.0,,North,2022/2023,HUTT ROAD,AOTEA QUAY,,Non-Injury Crash,No,2022,,North,,0,,Flat,,,,,,Overcast,2093600,0,0.0,0.0,4.0,,,0.0,,,,,,Wellington Region,Nil,2-way,Sealed,,0.0,0,,60.0,,Off,0.0,0.0,,47,Wellington City,Nil,,,,,1.0,0.0,Urban,0.0,,,Fine,Null,0
66538314,,572600,1.0,,0.0,1.0,,Null,2023/2024,LYNDHURST ROAD,MAIN ROAD,,Minor Crash,No,2023,,East,,0,,Flat,,,,,,Bright sun,1990600,1,0.0,0.0,2.0,,,0.0,,,,,,Wellington Region,Nil,2-way,Sealed,,0.0,0,,50.0,,None,0.0,0.0,,47,Wellington City,Give way,,,,,0.0,0.0,Urban,0.0,,,Fine,Null,0
66538318,,576100,0.0,0.0,0.0,6.0,0.0,West,2022/2023,ARUN CRESCENT,SOUTHGATE ROAD,,Minor Crash,No,2023,0.0,South,0.0,0,0.0,Hill Road,0.0,,0.0,,0.0,Dark,2191603,1,0.0,0.0,2.0,0.0,0.0,0.0,0.0,1.0,,0.0,0.0,Wellington Region,Nil,2-way,Sealed,0.0,0.0,0,0.0,50.0,0.0,On,0.0,0.0,,47,Wellington City,Nil,0.0,0.0,0.0,0.0,0.0,0.0,Urban,0.0,0.0,0.0,Fine,Null,0
66538393,,576400,0.0,,0.0,1.0,,Null,2022/2023,DANIELL STREET,CONSTABLE STREET,,Serious Crash,No,2023,,North,,0,,Hill Road,,,,,,Dark,2168400,0,1.0,0.0,2.0,,,0.0,,,,,,Wellington Region,Nil,2-way,Sealed,,0.0,1,,50.0,,On,0.0,0.0,,47,Wellington City,Traffic Signals,,,,,0.0,0.0,Urban,0.0,,,Fine,Null,0
66538438,,576903,0.0,,0.0,2.0,,Null,2021/2022,CRAWFORD ROAD,WELLINGTON ROAD,,Non-Injury Crash,No,2022,,North,,0,,Flat,,Easter,,,,Bright sun,2180500,0,0.0,0.0,2.0,,,0.0,,,,,,Wellington Region,Nil,2-way,Sealed,,0.0,0,,50.0,,Off,0.0,0.0,,47,Wellington City,Give way,,,,,0.0,0.0,Urban,0.0,,,Fine,Null,0
66538572,,573101,0.0,,0.0,1.0,,Null,2022/2023,CABLE STREET,TARANAKI STREET,,Fatal Crash,No,2023,,South,,1,,Flat,,,,,,Dark,2133100,0,0.0,0.0,3.0,,,0.0,,,2.0,,,Wellington Region,Nil,1-way,Sealed,,0.0,1,,50.0,,On,0.0,0.0,,47,Wellington City,Traffic Signals,,,,,0.0,0.0,Urban,0.0,,,Fine,Null,0
66538641,,576301,1.0,,0.0,1.0,,South,2022/2023,RIDDIFORD STREET,KARAKA OBR,,Non-Injury Crash,No,2023,,North,,0,,Flat,,,,,,Dark,2163500,0,0.0,0.0,4.0,,,0.0,,,,,,Wellington Region,Nil,2-way,Sealed,,0.0,0,,50.0,,On,0.0,0.0,,47,Wellington City,Nil,,,,,0.0,0.0,Urban,0.0,,,Fine,Null,0
66538724,,577102,0.0,,0.0,2.0,,Null,2022/2023,BROADWAY,IRA STREET,,Minor Crash,No,2022,,West,,0,,Flat,,,,,,Bright sun,2214600,1,0.0,0.0,2.0,,,0.0,,,,,,Wellington Region,Nil,2-way,Sealed,,0.0,0,,50.0,,Off,0.0,0.0,,47,Wellington City,Give way,,,,,0.0,0.0,Urban,0.0,,,Fine,Null,0
66538760,,575600,0.0,0.0,0.0,1.0,0.0,South,2022/2023,TODMAN STREET,CHARLOTTE AVENUE,,Minor Crash,No,2022,0.0,East,0.0,0,0.0,Hill Road,0.0,,0.0,,0.0,Overcast,2161601,1,0.0,0.0,2.0,0.0,0.0,0.0,0.0,1.0,,0.0,0.0,Wellington Region,Nil,2-way,Sealed,0.0,0.0,0,0.0,50.0,0.0,Off,0.0,0.0,,47,Wellington City,Nil,0.0,0.0,0.0,0.0,1.0,0.0,Urban,0.0,0.0,0.0,Fine,Null,0
66538779,,573700,0.0,0.0,0.0,1.0,0.0,North,2022/2023,MOOREFIELD ROAD,HAWEA STREET,,Minor Crash,No,2023,0.0,North,0.0,0,0.0,Flat,0.0,,0.0,,1.0,Dark,2082400,1,0.0,0.0,2.0,0.0,0.0,0.0,0.0,0.0,,0.0,1.0,Wellington Region,Nil,2-way,Sealed,0.0,0.0,0,0.0,30.0,0.0,On,0.0,0.0,,47,Wellington City,Nil,0.0,0.0,0.0,0.0,0.0,0.0,Urban,0.0,0.0,0.0,Light rain,Strong wind,0
66538784,,574002,0.0,,0.0,0.0,,South,2023/2024,CENTENNIAL HIGHWAY,NEWLANDS ON RAMP,,Minor Crash,Yes,2023,,South,,0,,Hill Road,,,,,,Overcast,2078304,2,0.0,0.0,3.0,,,0.0,,,,,,Wellington Region,Nil,1-way,Sealed,,0.0,0,,100.0,,Off,3.0,0.0,60.0,47,Wellington City,Nil,,,,,0.0,0.0,Open,0.0,,,Fine,Null,0
66538940,,574800,0.0,0.0,0.0,2.0,0.0,North,2021/2022,KARORI ROAD,ENGLAND LANE,,Non-Injury Crash,No,2022,0.0,East,0.0,0,0.0,Flat,0.0,,0.0,,0.0,Bright sun,2107600,0,0.0,0.0,1.0,0.0,0.0,0.0,0.0,1.0,,0.0,0.0,Wellington Region,Nil,2-way,Sealed,0.0,0.0,0,0.0,30.0,0.0,Off,0.0,0.0,,47,Wellington City,Unknown,0.0,0.0,0.0,0.0,0.0,0.0,Urban,0.0,0.0,0.0,Fine,Null,0
66539021,,573101,0.0,,0.0,2.0,,Null,2021/2022,ARTHUR STREET,CUBA STREET,,Non-Injury Crash,Yes,2022,,West,,0,,Flat,,Easter,,,,Bright sun,2134600,0,0.0,0.0,3.0,,,0.0,,,,,,Wellington Region,Nil,1-way,Sealed,,0.0,0,,50.0,,Off,0.0,0.0,,47,Wellington City,Traffic Signals,,,,,0.0,0.0,Urban,0.0,,,Fine,Null,0
66539068,,576200,0.0,,0.0,2.0,,Null,2022/2023,ADELAIDE ROAD,TE WHAREPOURI STREET,,Minor Crash,No,2022,,North,,0,,Hill Road,,,,,,Bright sun,2171400,1,0.0,0.0,2.0,,,0.0,,,,,,Wellington Region,Nil,2-way,Sealed,,0.0,0,,50.0,,Off,1.0,0.0,,47,Wellington City,Nil,,,,,0.0,0.0,Urban,0.0,,,Fine,Null,0
66539080,,573101,0.0,0.0,0.0,2.0,0.0,North,2022/2023,JERVOIS QUAY,MARKET LANE,,Fatal Crash,No,2023,0.0,South,0.0,2,0.0,Flat,0.0,,1.0,,1.0,Dark,2133000,2,0.0,0.0,3.0,0.0,0.0,0.0,0.0,0.0,,0.0,0.0,Wellington Region,Nil,1-way,Sealed,0.0,0.0,1,0.0,50.0,0.0,On,0.0,0.0,,47,Wellington City,Traffic Signals,0.0,1.0,0.0,0.0,0.0,0.0,Urban,0.0,0.0,0.0,Fine,Null,0