OBJECTID,advisorySpeed,areaUnitID,bicycle,bridge,bus,carStationWagon,cliffBank,crashDirectionDescription,crashFinancialYear,crashLocation1,crashLocation2,crashRoadSideRoad,crashSeverity,crashSHDescription,crashYear,debris,directionRoleDescription,ditch,fatalCount,fence,flatHill,guardRail,holiday,houseOrBuilding,intersection,kerb,light,meshblockId,minorInjuryCount,moped,motorcycle,NumberOfLanes,objectThrownOrDropped,otherObject,otherVehicleType,overBank,parkedVehicle,pedestrian,phoneBoxEtc,postOrPole,region,roadCharacter,roadLane,roadSurface,roadworks,schoolBus,seriousInjuryCount,slipOrFlood,speedLimit,strayAnimal,streetLight,suv,taxi,temporarySpeedLimit,tlaId,tlaName,trafficControl,trafficIsland,trafficSign,train,tree,truck,unknownVehicleType,urban,vanOrUtility,vehicle,waterRiver,weatherA,weatherB,if_pandemic
66539106,,573700,0.0,0.0,0.0,0.0,0.0,Null,2021/2022,JOHNSONVILLE PORIRUA MOTORWAY,JOHNSONVILLE OFF RAMP,,Non-Injury Crash,Yes,2022,0.0,North,0.0,0,0.0,Flat,2.0,,0.0,,0.0,Overcast,2083100,0,0.0,0.0,3.0,0.0,0.0,0.0,0.0,0.0,,0.0,0.0,Wellington Region,Motorway ramp,1-way,Sealed,0.0,0.0,0,0.0,80.0,0.0,On,1.0,0.0,,47,Wellington City,Nil,0.0,0.0,0.0,0.0,1.0,0.0,Open,1.0,0.0,0.0,Light rain,Null,0
66539139,,572900,0.0,0.0,0.0,2.0,0.0,Null,2022/2023,HAWKESTONE STREET,PORTLAND CRESCENT,,Non-Injury Crash,No,2022,0.0,West,0.0,0,0.0,Flat,0.0,,0.0,,0.0,Bright sun,2119600,0,0.0,0.0,2.0,0.0,0.0,0.0,0.0,1.0,,0.0,0.0,Wellington Region,Nil,2-way,Sealed,0.0,0.0,0,0.0,50.0,0.0,Off,0.0,0.0,,47,Wellington City,Give way,0.0,0.0,0.0,0.0,0.0,0.0,Urban,0.0,0.0,0.0,Fine,Null,0
66539165,,572900,0.0,,0.0,0.0,,North,2022/2023,WELLINGTON URBAN MOTORWAY,THORNDON QUAY,,Non-Injury Crash,Yes,2023,,South,,0,,Flat,,,,,,Twilight,2118400,0,0.0,1.0,3.0,,,0.0,,,,,,Wellington Region,Bridge,1-way,Sealed,,0.0,0,,100.0,,Off,0.0,0.0,,47,Wellington City,Nil,,,,,0.0,1.0,Open,1.0,,,Fine,Null,0
66539186,,573000,1.0,,0.0,0.0,,Null,2021/2022,CUSTOMHOUSE QUAY,WARING TAYLOR STREET,,Minor Crash,No,2021,,North,,0,,Flat,,,,,,Overcast,2125400,1,0.0,0.0,3.0,,,0.0,,,1.0,,,Wellington Region,Nil,1-way,Sealed,,0.0,0,,50.0,,Off,0.0,0.0,,47,Wellington City,Traffic Signals,,,,,0.0,0.0,Urban,1.0,,,Light rain,Null,1
66539233,,572500,0.0,0.0,0.0,1.0,0.0,Null,2022/2023,MAIN ROAD,WILLIAM EARP PLACE,,Non-Injury Crash,No,2023,0.0,West,0.0,0,0.0,Hill Road,1.0,,0.0,,0.0,Overcast,2053702,0,0.0,0.0,2.0,0.0,0.0,0.0,0.0,0.0,,0.0,0.0,Wellington Region,Nil,2-way,Sealed,0.0,0.0,0,0.0,50.0,0.0,Off,0.0,0.0,,47,Wellington City,Give way,1.0,0.0,0.0,0.0,0.0,0.0,Urban,0.0,0.0,0.0,Fine,Null,0
66539304,,575100,0.0,0.0,0.0,2.0,0.0,South,2022/2023,HAZLEWOOD AVENUE,FITZGERALD PLACE,,Non-Injury Crash,No,2022,0.0,East,0.0,0,0.0,Flat,0.0,,0.0,,0.0,Dark,2116310,0,0.0,0.0,1.0,0.0,0.0,0.0,0.0,1.0,,0.0,0.0,Wellington Region,Nil,2-way,Sealed,0.0,0.0,0,0.0,50.0,0.0,On,0.0,0.0,,47,Wellington City,Nil,0.0,0.0,0.0,0.0,0.0,0.0,Urban,0.0,0.0,0.0,Fine,Strong wind,0
66539328,,573000,0.0,0.0,0.0,2.0,0.0,South,2022/2023,THE TERRACE,AURORA TERRACE,,Non-Injury Crash,No,2022,0.0,North,0.0,0,0.0,Flat,0.0,,0.0,,0.0,Bright sun,2124000,0,0.0,0.0,2.0,0.0,0.0,0.0,0.0,0.0,,0.0,0.0,Wellington Region,Nil,2-way,Sealed,0.0,0.0,0,0.0,30.0,0.0,Off,0.0,1.0,,47,Wellington City,Nil,0.0,0.0,0.0,0.0,0.0,0.0,Urban,0.0,1.0,0.0,Fine,Null,0
66539377,,576903,0.0,,0.0,1.0,,Null,2023/2024,CRAWFORD ROAD,WELLINGTON ROAD,,Minor Crash,No,2023,,South,,0,,Flat,,,,,,Bright sun,2181600,1,0.0,0.0,2.0,,,0.0,,,,,,Wellington Region,Nil,2-way,Sealed,,0.0,0,,50.0,,Off,0.0,0.0,,47,Wellington City,Give way,,,,,0.0,0.0,Urban,1.0,,,Fine,Null,0
66539389,,573522,0.0,,0.0,1.0,,Null,2021/2022,TAWA-GRENADA NORTH OFF RAMP,TAKAPU ROAD,,Non-Injury Crash,No,2021,,North,,0,,Hill Road,,,,,,Bright sun,2053703,0,0.0,0.0,2.0,,,0.0,,,,,,Wellington Region,Motorway ramp,1-way,Sealed,,0.0,0,,50.0,,Null,0.0,0.0,,47,Wellington City,Give way,,,,,0.0,0.0,Urban,1.0,,,Fine,Null,1
66539422,,573101,0.0,0.0,0.0,1.0,0.0,Null,2023/2024,TARANAKI STREET,WEBB STREET,,Serious Crash,No,2023,0.0,North,0.0,0,0.0,Flat,0.0,,1.0,,0.0,Dark,2135100,1,0.0,0.0,4.0,0.0,0.0,0.0,0.0,0.0,,0.0,0.0,Wellington Region,Nil,2-way,Sealed,0.0,0.0,1,0.0,50.0,0.0,On,0.0,0.0,,47,Wellington City,Traffic Signals,0.0,1.0,0.0,0.0,0.0,0.0,Urban,0.0,0.0,0.0,Fine,Null,0
66539451,,573101,1.0,,0.0,0.0,,Null,2023/2024,TARANAKI STREET,WEBB STREET,,Minor Crash,No,2023,,South,,0,,Flat,,,,,,Overcast,2135100,1,0.0,0.0,5.0,,,0.0,,,,,,Wellington Region,Nil,2-way,Sealed,,0.0,0,,50.0,,Null,0.0,0.0,,47,Wellington City,Traffic Signals,,,,,0.0,0.0,Urban,0.0,,,Fine,Null,0
66539467,,573000,0.0,,0.0,2.0,,Null,2022/2023,VICTORIA STREET,WILLESTON STREET,,Non-Injury Crash,No,2023,,North,,0,,Flat,,,,,,Overcast,2127500,0,0.0,0.0,2.0,,,0.0,,,,,,Wellington Region,Nil,1-way,Unsealed,,0.0,0,,30.0,,Off,0.0,1.0,,47,Wellington City,Traffic Signals,,,,,0.0,0.0,Urban,0.0,,,Fine,Null,0
66539470,,577000,0.0,0.0,0.0,2.0,0.0,Null,2022/2023,QUEENS DRIVE,LERWICK TERRACE,,Non-Injury Crash,No,2022,0.0,North,0.0,0,0.0,Flat,0.0,,0.0,,0.0,Twilight,2173600,0,0.0,0.0,2.0,0.0,0.0,0.0,0.0,1.0,,0.0,0.0,Wellington Region,Nil,2-way,Sealed,0.0,0.0,0,0.0,50.0,0.0,On,0.0,0.0,,47,Wellington City,Nil,0.0,0.0,0.0,0.0,0.0,0.0,Urban,0.0,0.0,0.0,Fine,Null,0
66539493,,573101,0.0,,0.0,2.0,,Null,2021/2022,KENT TERRACE,VIVIAN STREET,,Non-Injury Crash,No,2022,,South,,0,,Flat,,,,,,Bright sun,2136500,0,0.0,0.0,3.0,,,0.0,,,,,,Wellington Region,Nil,1-way,Sealed,,0.0,0,,50.0,,Off,0.0,0.0,,47,Wellington City,Traffic Signals,,,,,0.0,0.0,Urban,0.0,,,Fine,Null,0
66539508,,573000,0.0,,0.0,2.0,,North,2022/2023,WELLINGTON URBAN MOTORWAY,EVERTON OBR,,Non-Injury Crash,Yes,2022,,South,,0,,Flat,,,,,,Dark,2126403,0,0.0,0.0,1.0,,,0.0,,,,,,Wellington Region,Motorway ramp,1-way,Sealed,,0.0,0,,60.0,,On,0.0,0.0,,47,Wellington City,Nil,,,,,0.0,0.0,Urban,0.0,,,Heavy rain,Strong wind,0
66539547,,574401,0.0,0.0,0.0,2.0,0.0,West,2022/2023,COLLINGWOOD STREET,WAIKOWHAI STREET,,Non-Injury Crash,No,2022,0.0,North,0.0,0,0.0,Hill Road,0.0,Christmas New Year,0.0,,0.0,Overcast,2094300,0,0.0,0.0,2.0,0.0,0.0,0.0,0.0,1.0,,0.0,0.0,Wellington Region,Nil,2-way,Sealed,0.0,0.0,0,0.0,50.0,0.0,None,0.0,0.0,,47,Wellington City,Nil,0.0,0.0,0.0,0.0,0.0,0.0,Urban,0.0,0.0,0.0,Fine,Null,0
66539556,,573522,0.0,0.0,0.0,3.0,0.0,East,2022/2023,JAMAICA DRIVE,TAKAPU ROAD,,Non-Injury Crash,No,2022,0.0,North,0.0,0,0.0,Hill Road,0.0,,0.0,,0.0,Bright sun,2086103,0,0.0,0.0,2.0,0.0,0.0,0.0,0.0,1.0,,0.0,0.0,Wellington Region,Nil,2-way,Sealed,0.0,0.0,0,0.0,50.0,0.0,Off,1.0,0.0,,47,Wellington City,Nil,0.0,0.0,0.0,0.0,0.0,0.0,Urban,0.0,0.0,0.0,Fine,Null,0
66539564,,574500,0.0,0.0,0.0,4.0,0.0,North,2022/2023,WELLINGTON URBAN MOTORWAY,AOTEA QUAY ON RAMP,,Non-Injury Crash,Yes,2022,0.0,North,0.0,0,0.0,Flat,2.0,,0.0,,0.0,Dark,2093600,0,0.0,0.0,4.0,0.0,0.0,0.0,0.0,0.0,,0.0,0.0,Wellington Region,Nil,1-way,Sealed,0.0,0.0,0,0.0,100.0,0.0,On,1.0,0.0,,47,Wellington City,Nil,0.0,0.0,0.0,0.0,0.0,0.0,Open,0.0,0.0,0.0,Fine,Null,0
66539644,,573801,0.0,0.0,0.0,0.0,0.0,East,2021/2022,HELSTON ROAD,HELSTON ROAD,,Non-Injury Crash,No,2021,0.0,West,0.0,0,1.0,Hill Road,0.0,,0.0,,0.0,Twilight,2078800,0,0.0,0.0,2.0,0.0,0.0,0.0,0.0,0.0,,0.0,0.0,Wellington Region,Nil,2-way,Sealed,0.0,0.0,0,0.0,50.0,0.0,On,1.0,0.0,,47,Wellington City,Nil,0.0,0.0,0.0,0.0,0.0,0.0,Urban,0.0,0.0,0.0,Heavy rain,Null,1
66539653,,573101,0.0,0.0,0.0,2.0,0.0,North,2022/2023,CHAFFERS STREET,WAKEFIELD STREET,,Non-Injury Crash,No,2022,0.0,North,0.0,0,0.0,Flat,0.0,,0.0,,0.0,Bright sun,2135500,0,0.0,0.0,2.0,0.0,0.0,0.0,0.0,1.0,,1.0,0.0,Wellington Region,Nil,2-way,Sealed,0.0,0.0,0,0.0,30.0,0.0,Null,0.0,0.0,,47,Wellington City,Nil,0.0,1.0,0.0,0.0,0.0,0.0,Urban,0.0,0.0,0.0,Fine,Null,0
66539674,,573000,0.0,,0.0,1.0,,Null,2022/2023,BOULCOTT STREET,CHURCH STREET,,Non-Injury Crash,No,2023,,North,,0,,Flat,,,,,,Dark,2128100,0,0.0,0.0,2.0,,,0.0,,,1.0,,,Wellington Region,Nil,2-way,Sealed,,0.0,0,,30.0,,On,0.0,0.0,,47,Wellington City,Nil,,,,,0.0,0.0,Urban,0.0,,,Fine,Null,0
66539761,,572701,0.0,0.0,0.0,1.0,0.0,North,2023/2024,JOHNSONVILLE PORIRUA MOTORWAY,PED SUBWAY,,Non-Injury Crash,Yes,2023,0.0,North,0.0,0,0.0,Flat,1.0,,0.0,,0.0,Dark,1993704,0,0.0,0.0,6.0,0.0,0.0,0.0,0.0,0.0,,0.0,0.0,Wellington Region,Nil,2-way,Sealed,0.0,0.0,0,0.0,100.0,0.0,On,0.0,0.0,,47,Wellington City,Nil,0.0,0.0,0.0,0.0,0.0,0.0,Open,0.0,0.0,0.0,Fine,Null,0
66539763,,574100,0.0,0.0,0.0,0.0,0.0,North,2022/2023,CENTENNIAL HIGHWAY,NEWLANDS OBR NBD,,Minor Crash,Yes,2023,0.0,North,0.0,0,0.0,Flat,1.0,,0.0,,0.0,Overcast,2084600,2,0.0,2.0,3.0,0.0,0.0,0.0,0.0,0.0,,0.0,0.0,Wellington Region,Nil,1-way,Sealed,0.0,0.0,0,0.0,80.0,0.0,Off,0.0,0.0,,47,Wellington City,Nil,0.0,0.0,0.0,0.0,0.0,0.0,Open,0.0,0.0,0.0,Fine,Null,0
66539777,,574303,0.0,0.0,0.0,1.0,0.0,Null,2022/2023,CENTENNIAL HIGHWAY,TYERS ROAD,,Non-Injury Crash,Yes,2023,0.0,West,0.0,0,0.0,Hill Road,0.0,,0.0,,0.0,Twilight,2088705,0,0.0,0.0,6.0,0.0,0.0,0.0,0.0,0.0,,0.0,1.0,Wellington Region,Nil,2-way,Sealed,0.0,0.0,0,0.0,80.0,0.0,Off,0.0,0.0,,47,Wellington City,Nil,0.0,0.0,0.0,0.0,0.0,0.0,Open,0.0,0.0,0.0,Light rain,Null,0
66539823,,573525,0.0,0.0,0.0,0.0,0.0,East,2022/2023,TAKAPU ROAD,WOODBURN DRIVE,,Non-Injury Crash,No,2022,0.0,North,0.0,0,1.0,Flat,0.0,,0.0,,0.0,Bright sun,2053832,0,0.0,0.0,1.0,0.0,0.0,0.0,0.0,0.0,,0.0,0.0,Wellington Region,Nil,1-way,Sealed,0.0,0.0,0,0.0,50.0,0.0,None,1.0,0.0,,47,Wellington City,Nil,0.0,0.0,0.0,0.0,0.0,0.0,Urban,0.0,0.0,0.0,Fine,Null,0
66539852,,573101,0.0,,0.0,2.0,,Null,2023/2024,KARO DRIVE,WILLIS STREET,,Non-Injury Crash,Yes,2023,,North,,0,,Flat,,,,,,Dark,2132400,0,0.0,0.0,3.0,,,0.0,,,,,,Wellington Region,Nil,1-way,Sealed,,0.0,0,,50.0,,On,0.0,1.0,,47,Wellington City,Traffic Signals,,,,,0.0,0.0,Urban,0.0,,,Light rain,Null,0
66539874,,572900,0.0,,0.0,2.0,,North,2022/2023,MOLESWORTH STREET,LITTLE PIPITEA STREET,,Non-Injury Crash,No,2023,,North,,0,,Flat,,,,,,Overcast,2119600,0,0.0,0.0,2.0,,,0.0,,,,,,Wellington Region,Nil,1-way,Sealed,,0.0,0,,50.0,,Off,0.0,0.0,,47,Wellington City,Nil,,,,,0.0,0.0,Urban,0.0,,,Light rain,Null,0
66539884,,572900,0.0,,0.0,0.0,,South,2022/2023,WATERLOO QUAY,PLATFORM 9 ENTRY,,Serious Crash,No,2023,,Null,,0,,Flat,,,,,,Dark,2122700,0,0.0,0.0,2.0,,,0.0,,,1.0,,,Wellington Region,Nil,2-way,Sealed,,0.0,1,,50.0,,On,0.0,0.0,,47,Wellington City,Nil,,,,,0.0,0.0,Urban,0.0,,,Fine,Null,0
66539893,,573000,0.0,0.0,0.0,0.0,0.0,Null,2023/2024,BOULCOTT STREET,CHURCH STREET,,Non-Injury Crash,No,2023,0.0,North,0.0,0,0.0,Hill Road,1.0,,0.0,,0.0,Dark,2128100,0,0.0,0.0,2.0,0.0,0.0,0.0,0.0,0.0,,0.0,0.0,Wellington Region,Nil,2-way,Sealed,0.0,0.0,0,0.0,30.0,0.0,On,0.0,0.0,,47,Wellington City,Nil,0.0,0.0,0.0,0.0,0.0,0.0,Urban,1.0,0.0,0.0,Light rain,Null,0
66539899,,573101,0.0,0.0,0.0,0.0,0.0,North,2022/2023,BUCKLE STREET,SUSSEX STREET,,Non-Injury Crash,Yes,2022,0.0,West,0.0,0,0.0,Hill Road,1.0,,0.0,,0.0,Overcast,2137000,0,0.0,0.0,2.0,0.0,0.0,0.0,0.0,0.0,,0.0,0.0,Wellington Region,Tunnel,1-way,Sealed,0.0,0.0,0,0.0,50.0,0.0,Off,0.0,0.0,,47,Wellington City,Nil,0.0,0.0,0.0,0.0,0.0,0.0,Urban,1.0,0.0,0.0,Light rain,Null,0
66539904,,572900,0.0,,0.0,3.0,,North,2023/2024,WELLINGTON URBAN MOTORWAY,AOTEA QUAY OFF RAMP,,Non-Injury Crash,Yes,2023,,South,,0,,Flat,,,,,,Dark,2118400,0,0.0,0.0,7.0,,,0.0,,,,,,Wellington Region,Nil,2-way,Sealed,,0.0,0,,100.0,,On,0.0,0.0,,47,Wellington City,Nil,,,,,0.0,0.0,Open,0.0,,,Fine,Null,0
66539939,,574002,0.0,,0.0,2.0,,South,2022/2023,CENTENNIAL HIGHWAY,NEWLANDS ON RAMP,,Non-Injury Crash,Yes,2022,,South,,0,,Hill Road,,,,,,Overcast,2078304,0,0.0,0.0,3.0,,,0.0,,,,,,Wellington Region,Nil,1-way,Sealed,,0.0,0,,60.0,,Off,0.0,0.0,,47,Wellington City,Nil,,,,,0.0,0.0,Urban,0.0,,,Fine,Null,0
66539962,,575300,0.0,,0.0,2.0,,West,2022/2023,PLUNKET STREET,UPLAND ROAD,,Non-Injury Crash,No,2022,,East,,0,,Null,,,,,,Unknown,2152201,0,0.0,0.0,2.0,,,0.0,,,,,,Wellington Region,Nil,2-way,Sealed,,0.0,0,,50.0,,Null,0.0,0.0,,47,Wellington City,Nil,,,,,0.0,0.0,Urban,0.0,,,Null,Null,0
66539985,,573000,0.0,,0.0,2.0,,South,2022/2023,WELLINGTON URBAN MOTORWAY,EVERTON OBR,,Minor Crash,Yes,2022,,North,,0,,Hill Road,,,,,,Bright sun,2126700,1,0.0,0.0,3.0,,,0.0,,,,,,Wellington Region,Motorway ramp,2-way,Sealed,,0.0,0,,60.0,,Off,0.0,0.0,,47,Wellington City,Nil,,,,,0.0,0.0,Urban,0.0,,,Fine,Null,0
66540041,,576800,0.0,,0.0,4.0,,West,2021/2022,TAURIMA STREET,RUAHINE STREET,,Minor Crash,Yes,2022,,West,,0,,Hill Road,,,,,,Overcast,2181800,1,0.0,0.0,2.0,,,0.0,,,,,,Wellington Region,Nil,2-way,Sealed,,0.0,0,,50.0,,Off,0.0,0.0,,47,Wellington City,Nil,,,,,0.0,0.0,Urban,0.0,,,Fine,Null,0
66540082,,575600,0.0,0.0,0.0,2.0,0.0,Null,2022/2023,WASHINGTON AVENUE,CLEVELAND STREET,,Minor Crash,No,2022,0.0,South,0.0,0,0.0,Hill Road,0.0,,0.0,,0.0,Bright sun,2162100,1,0.0,0.0,2.0,0.0,0.0,0.0,0.0,1.0,,0.0,0.0,Wellington Region,Nil,2-way,Sealed,0.0,0.0,0,0.0,50.0,0.0,None,1.0,0.0,,47,Wellington City,Stop,0.0,0.0,0.0,0.0,0.0,0.0,Urban,0.0,0.0,0.0,Fine,Null,0
66540093,35.0,572900,0.0,0.0,0.0,1.0,0.0,North,2022/2023,AOTEA QUAY ON RAMP,AOTEA OBR,,Non-Injury Crash,No,2022,0.0,North,0.0,0,0.0,Flat,1.0,,0.0,,0.0,Overcast,2118400,0,0.0,0.0,1.0,0.0,0.0,0.0,0.0,0.0,,0.0,0.0,Wellington Region,Motorway ramp,1-way,Sealed,0.0,0.0,0,0.0,70.0,0.0,On,0.0,0.0,,47,Wellington City,Nil,0.0,1.0,0.0,0.0,0.0,0.0,Urban,0.0,0.0,0.0,Fine,Null,0
66540147,,573522,0.0,,1.0,1.0,,Null,2023/2024,TAWA-GRENADA NORTH OFF RAMP,TAKAPU ROAD,,Minor Crash,No,2024,,East,,0,,Hill Road,,,,,,Twilight,2053703,3,0.0,0.0,2.0,,,0.0,,,,,,Wellington Region,Motorway ramp,2-way,Sealed,,0.0,0,,50.0,,None,0.0,0.0,,47,Wellington City,Give way,,,,,0.0,0.0,Urban,0.0,,,Fine,Null,0
66540172,,573511,0.0,0.0,0.0,2.0,0.0,Null,2022/2023,MIDDLETON ROAD,WESTCHESTER DRIVE EAST,,Non-Injury Crash,No,2023,0.0,East,0.0,0,0.0,Flat,0.0,,0.0,,0.0,Overcast,2086203,0,0.0,0.0,2.0,0.0,0.0,0.0,0.0,0.0,,0.0,0.0,Wellington Region,Nil,2-way,Sealed,0.0,0.0,0,0.0,50.0,0.0,Off,0.0,0.0,30.0,47,Wellington City,Give way,0.0,0.0,0.0,1.0,0.0,0.0,Urban,0.0,0.0,0.0,Light rain,Null,0
66540179,,572500,0.0,0.0,0.0,1.0,0.0,West,2022/2023,MAIN ROAD,BOSCOBEL LANE,,Non-Injury Crash,No,2022,0.0,East,0.0,0,0.0,Hill Road,0.0,,0.0,,0.0,Twilight,1986300,0,0.0,0.0,2.0,0.0,1.0,0.0,0.0,0.0,,0.0,0.0,Wellington Region,Nil,2-way,Sealed,0.0,0.0,0,0.0,50.0,0.0,Off,0.0,0.0,,47,Wellington City,Nil,0.0,0.0,0.0,1.0,0.0,0.0,Urban,0.0,0.0,0.0,Fine,Null,0
66540227,,573101,0.0,,0.0,1.0,,Null,2022/2023,TORY STREET,FREDERICK STREET,,Serious Crash,No,2023,,North,,0,,Hill Road,,,,,,Overcast,2136800,0,0.0,0.0,2.0,,,0.0,,,1.0,,,Wellington Region,Nil,2-way,Sealed,,0.0,1,,30.0,,Off,0.0,0.0,,47,Wellington City,Nil,,,,,0.0,0.0,Urban,0.0,,,Fine,Null,0
66540353,,574200,0.0,0.0,0.0,2.0,0.0,West,2023/2024,KHANDALLAH ROAD,COCKAYNE ROAD,,Non-Injury Crash,No,2023,0.0,West,0.0,0,0.0,Flat,0.0,,1.0,,0.0,Dark,2088300,0,0.0,0.0,2.0,0.0,0.0,0.0,0.0,0.0,,0.0,1.0,Wellington Region,Nil,2-way,Sealed,0.0,0.0,0,0.0,50.0,0.0,On,0.0,0.0,,47,Wellington City,Nil,0.0,0.0,0.0,0.0,0.0,0.0,Urban,0.0,0.0,0.0,Fine,Null,0
66540365,,574001,0.0,,0.0,1.0,,East,2022/2023,SOMES CRESCENT,BAYLANDS DRIVE,,Non-Injury Crash,No,2023,,East,,0,,Hill Road,,,,,,Twilight,2075900,0,0.0,0.0,2.0,,,0.0,,,,,,Wellington Region,Nil,2-way,Sealed,,0.0,0,,50.0,,On,0.0,0.0,,47,Wellington City,Nil,,,,,0.0,0.0,Urban,1.0,,,Fine,Null,0
66540397,,577102,0.0,,0.0,0.0,,Null,2023/2024,SIDLAW STREET,SIDLAW STREET,,Minor Crash,No,2023,,North,,0,,Hill Road,,,,,,Dark,2214000,1,0.0,0.0,2.0,,,0.0,,,,,,Wellington Region,Nil,2-way,Sealed,,0.0,0,,50.0,,On,2.0,0.0,,47,Wellington City,Give way,,,,,0.0,0.0,Urban,0.0,,,Fine,Null,0
66540418,,576901,0.0,,1.0,1.0,,Null,2022/2023,EVANS BAY PARADE,RONGOTAI ROAD,,Minor Crash,No,2023,,South,,0,,Flat,,,,,,Overcast,2178000,2,0.0,0.0,2.0,,,0.0,,,,,,Wellington Region,Nil,2-way,Sealed,,0.0,0,,50.0,,Off,0.0,0.0,,47,Wellington City,Traffic Signals,,,,,0.0,0.0,Urban,0.0,,,Heavy rain,Strong wind,0
66540431,,573000,0.0,0.0,0.0,2.0,0.0,Null,2021/2022,FEATHERSTON STREET,JOHNSTON STREET,,Non-Injury Crash,No,2022,0.0,South,0.0,0,1.0,Flat,0.0,,0.0,,0.0,Dark,2125400,0,0.0,0.0,2.0,0.0,0.0,0.0,0.0,0.0,,0.0,0.0,Wellington Region,Nil,1-way,Sealed,0.0,0.0,0,0.0,30.0,0.0,On,0.0,1.0,,47,Wellington City,Traffic Signals,0.0,0.0,0.0,0.0,0.0,0.0,Urban,0.0,0.0,0.0,Fine,Null,0
66540465,,574702,1.0,,0.0,1.0,,West,2022/2023,CHESHIRE STREET,PEMBROKE ROAD,,Non-Injury Crash,No,2022,,North,,0,,Hill Road,,,,,,Bright sun,2102700,0,0.0,0.0,2.0,,,0.0,,,,,,Wellington Region,Nil,2-way,Sealed,,0.0,0,,50.0,,Off,0.0,0.0,,47,Wellington City,Nil,,,,,0.0,0.0,Urban,0.0,,,Fine,Null,0
66540505,,576301,0.0,,0.0,2.0,,Null,2022/2023,ADELAIDE ROAD,HALL STREET,,Non-Injury Crash,No,2023,,North,,0,,Flat,,,,,,Dark,2164600,0,0.0,0.0,2.0,,,0.0,,,,,,Wellington Region,Nil,2-way,Sealed,,0.0,0,,50.0,,On,0.0,0.0,,47,Wellington City,Traffic Signals,,,,,0.0,0.0,Urban,0.0,,,Light rain,Null,0
66540521,,574402,0.0,0.0,0.0,2.0,0.0,North,2022/2023,KENYA STREET,TRELISSICK CRESCENT,,Non-Injury Crash,No,2023,0.0,South,0.0,0,0.0,Flat,0.0,,0.0,,0.0,Overcast,2098200,0,0.0,0.0,2.0,0.0,0.0,0.0,0.0,1.0,,0.0,0.0,Wellington Region,Nil,2-way,Sealed,0.0,0.0,0,0.0,50.0,0.0,Off,0.0,0.0,,47,Wellington City,Nil,0.0,0.0,0.0,0.0,0.0,0.0,Urban,0.0,0.0,0.0,Light rain,Null,0
66540532,,575902,0.0,0.0,0.0,3.0,0.0,South,2022/2023,FROBISHER STREET,TEME WAY,,Non-Injury Crash,No,2023,0.0,West,0.0,0,0.0,Flat,0.0,,0.0,,0.0,Bright sun,2187406,0,0.0,0.0,2.0,0.0,0.0,0.0,0.0,2.0,,0.0,0.0,Wellington Region,Nil,2-way,Sealed,0.0,0.0,0,0.0,50.0,0.0,Off,0.0,0.0,,47,Wellington City,Nil,0.0,0.0,0.0,0.0,0.0,0.0,Urban,0.0,0.0,0.0,Fine,Null,0
66540541,,573300,0.0,0.0,0.0,0.0,0.0,East,2022/2023,DUFFERIN STREET,ADELAIDE ROAD,,Non-Injury Crash,Yes,2023,0.0,South,0.0,0,1.0,Flat,0.0,,0.0,,0.0,Overcast,2145602,0,0.0,0.0,2.0,0.0,0.0,0.0,0.0,0.0,,0.0,1.0,Wellington Region,Nil,1-way,Sealed,0.0,0.0,0,0.0,50.0,0.0,Off,1.0,0.0,,47,Wellington City,Nil,0.0,0.0,0.0,0.0,0.0,0.0,Urban,0.0,0.0,0.0,Light rain,Null,0
66540564,,574200,0.0,0.0,0.0,1.0,1.0,Null,2022/2023,BURMA ROAD,MALDIVE STREET,,Minor Crash,No,2023,0.0,South,0.0,0,0.0,Hill Road,0.0,,0.0,,0.0,Bright sun,2087900,1,0.0,0.0,2.0,0.0,0.0,0.0,0.0,0.0,,0.0,0.0,Wellington Region,Nil,2-way,Sealed,0.0,0.0,0,0.0,50.0,0.0,Off,0.0,0.0,,47,Wellington City,Give way,0.0,0.0,0.0,0.0,0.0,0.0,Urban,0.0,0.0,0.0,Fine,Null,0
66540608,,576800,0.0,0.0,0.0,3.0,0.0,East,2022/2023,EVANS BAY PARADE,PATENT SLIP,,Non-Injury Crash,No,2023,0.0,North,0.0,0,0.0,Flat,0.0,,0.0,,0.0,Bright sun,2182504,0,0.0,0.0,2.0,0.0,0.0,0.0,0.0,1.0,,0.0,0.0,Wellington Region,Nil,2-way,Sealed,0.0,0.0,0,0.0,50.0,0.0,Off,0.0,0.0,,47,Wellington City,Nil,0.0,0.0,0.0,0.0,0.0,0.0,Urban,1.0,0.0,0.0,Fine,Null,0
66540613,,574303,0.0,,0.0,2.0,,South,2022/2023,CENTENNIAL HIGHWAY,NEWLANDS OFF RAMP,,Non-Injury Crash,Yes,2022,,North,,0,,Hill Road,,,,,,Dark,2084302,0,0.0,0.0,4.0,,,0.0,,,,,,Wellington Region,Nil,1-way,Sealed,,0.0,0,,100.0,,On,0.0,0.0,,47,Wellington City,Nil,,,,,0.0,0.0,Open,0.0,,,Light rain,Null,0
66540671,,577102,1.0,,0.0,1.0,,Null,2022/2023,BROADWAY,IRA STREET,,Serious Crash,No,2023,,West,,0,,Flat,,,,,,Dark,2215300,0,0.0,0.0,2.0,,,0.0,,,,,,Wellington Region,Nil,2-way,Sealed,,0.0,1,,30.0,,On,0.0,0.0,,47,Wellington City,Give way,,,,,0.0,0.0,Urban,0.0,,,Fine,Null,0