OBJECTID,advisorySpeed,areaUnitID,bicycle,bridge,bus,carStationWagon,cliffBank,crashDirectionDescription,crashFinancialYear,crashLocation1,crashLocation2,crashRoadSideRoad,crashSeverity,crashSHDescription,crashYear,debris,directionRoleDescription,ditch,fatalCount,fence,flatHill,guardRail,holiday,houseOrBuilding,intersection,kerb,light,meshblockId,minorInjuryCount,moped,motorcycle,NumberOfLanes,objectThrownOrDropped,otherObject,otherVehicleType,overBank,parkedVehicle,pedestrian,phoneBoxEtc,postOrPole,region,roadCharacter,roadLane,roadSurface,roadworks,schoolBus,seriousInjuryCount,slipOrFlood,speedLimit,strayAnimal,streetLight,suv,taxi,temporarySpeedLimit,tlaId,tlaName,trafficControl,trafficIsland,trafficSign,train,tree,truck,unknownVehicleType,urban,vanOrUtility,vehicle,waterRiver,weatherA,weatherB,if_pandemic
66540723,,574304,0.0,0.0,0.0,1.0,0.0,North,2021/2022,HOMEBUSH ROAD,ONSLOW ROAD,,Non-Injury Crash,No,2022,0.0,South,0.0,0,0.0,Hill Road,0.0,,0.0,,0.0,Unknown,2090404,0,0.0,0.0,2.0,0.0,0.0,0.0,0.0,1.0,,0.0,0.0,Wellington Region,Nil,2-way,Sealed,0.0,0.0,0,0.0,50.0,0.0,Null,0.0,0.0,,47,Wellington City,Nil,0.0,0.0,0.0,0.0,0.0,0.0,Urban,0.0,0.0,0.0,Null,Null,0
66540741,,575300,0.0,0.0,0.0,1.0,1.0,Null,2022/2023,SALAMANCA ROAD,SALAMANCA ROAD,,Non-Injury Crash,No,2022,0.0,South,0.0,0,0.0,Hill Road,0.0,,0.0,,0.0,Overcast,2155300,0,0.0,0.0,2.0,0.0,0.0,0.0,0.0,0.0,1.0,0.0,0.0,Wellington Region,Nil,2-way,Sealed,0.0,0.0,0,0.0,50.0,0.0,Off,0.0,0.0,,47,Wellington City,Give way,0.0,0.0,0.0,0.0,0.0,0.0,Urban,0.0,0.0,0.0,Light rain,Null,0
66540749,,577200,0.0,0.0,0.0,1.0,1.0,North,2022/2023,CALABAR ROAD,BROADWAY,,Minor Crash,Yes,2023,0.0,North,0.0,0,1.0,Flat,0.0,,0.0,,0.0,Dark,2206600,1,0.0,0.0,4.0,0.0,0.0,0.0,0.0,0.0,,0.0,0.0,Wellington Region,Nil,2-way,Sealed,0.0,0.0,0,0.0,60.0,0.0,On,0.0,0.0,,47,Wellington City,Nil,0.0,0.0,0.0,0.0,0.0,0.0,Urban,0.0,0.0,0.0,Fine,Null,0
66540751,,573903,0.0,,0.0,2.0,,West,2022/2023,NEWLANDS ROAD,BRACKEN ROAD,,Minor Crash,No,2023,,East,,0,,Flat,,,,,,Dark,2073900,1,0.0,0.0,2.0,,,0.0,,,,,,Wellington Region,Nil,2-way,Sealed,,0.0,0,,50.0,,On,0.0,0.0,,47,Wellington City,Nil,,,,,0.0,0.0,Urban,0.0,,,Fine,Null,0
66540855,,574500,0.0,0.0,0.0,1.0,0.0,North,2023/2024,WELLINGTON URBAN MOTORWAY,AOTEA QUAY ON RAMP,,Minor Crash,Yes,2023,0.0,North,0.0,0,0.0,Flat,1.0,,0.0,,0.0,Dark,2093600,1,0.0,0.0,4.0,0.0,0.0,0.0,0.0,0.0,,0.0,0.0,Wellington Region,Nil,1-way,Sealed,0.0,0.0,0,0.0,100.0,0.0,On,0.0,0.0,,47,Wellington City,Nil,0.0,0.0,0.0,0.0,0.0,0.0,Open,0.0,0.0,0.0,Fine,Null,0
66540865,,572702,0.0,0.0,0.0,0.0,0.0,South,2022/2023,JOHNSONVILLE PORIRUA MOTORWAY,COLLINS OBR,,Non-Injury Crash,Yes,2022,0.0,South,0.0,0,0.0,Flat,1.0,,0.0,,0.0,Dark,1996201,0,0.0,0.0,2.0,0.0,0.0,0.0,0.0,0.0,,0.0,0.0,Wellington Region,Nil,1-way,Sealed,0.0,0.0,0,0.0,100.0,0.0,On,1.0,0.0,80.0,47,Wellington City,Nil,0.0,0.0,0.0,0.0,0.0,0.0,Open,0.0,0.0,0.0,Fine,Null,0
66540895,,573300,0.0,0.0,0.0,0.0,0.0,Null,2021/2022,KING STREET,KING ST T,,Non-Injury Crash,No,2022,0.0,North,0.0,0,1.0,Flat,0.0,,0.0,,0.0,Dark,2146100,0,0.0,0.0,2.0,0.0,0.0,0.0,0.0,0.0,,0.0,0.0,Wellington Region,Nil,2-way,Sealed,0.0,0.0,0,0.0,50.0,0.0,On,1.0,0.0,,47,Wellington City,Nil,0.0,0.0,0.0,0.0,0.0,0.0,Urban,0.0,0.0,0.0,Fine,Null,0
66540899,,574001,1.0,,0.0,1.0,,West,2022/2023,NEWLANDS ROAD,BRACKEN ROAD,,Minor Crash,No,2023,,East,,0,,Hill Road,,,,,,Bright sun,2076300,1,0.0,0.0,2.0,,,0.0,,,,,,Wellington Region,Nil,2-way,Sealed,,0.0,0,,50.0,,Off,0.0,0.0,,47,Wellington City,Nil,,,,,0.0,0.0,Urban,0.0,,,Fine,Null,0
66540922,,573101,0.0,,0.0,2.0,,Null,2021/2022,BUCKLE STREET,TARANAKI STREET,,Non-Injury Crash,Yes,2022,,West,,0,,Flat,,Easter,,,,Bright sun,2134800,0,0.0,0.0,5.0,,,0.0,,,,,,Wellington Region,Nil,2-way,Sealed,,0.0,0,,50.0,,Off,0.0,0.0,,47,Wellington City,Traffic Signals,,,,,0.0,0.0,Urban,0.0,,,Fine,Null,0
66540962,,577602,0.0,0.0,0.0,1.0,0.0,South,2022/2023,MAUPUIA ROAD,ARANUI STREET,,Non-Injury Crash,No,2022,0.0,North,0.0,0,1.0,Hill Road,0.0,,0.0,,0.0,Overcast,2201400,0,0.0,0.0,2.0,0.0,0.0,0.0,0.0,0.0,,1.0,0.0,Wellington Region,Nil,2-way,Sealed,0.0,0.0,0,0.0,50.0,0.0,Off,0.0,0.0,,47,Wellington City,Nil,0.0,0.0,0.0,0.0,0.0,0.0,Urban,0.0,0.0,0.0,Fine,Null,0
66541074,,575600,0.0,,0.0,1.0,,Null,2022/2023,OHIRO ROAD,BROOKLYN ROAD,,Minor Crash,No,2023,,North,,0,,Hill Road,,,,,,Overcast,2161900,1,0.0,0.0,2.0,,,0.0,,,1.0,,,Wellington Region,Nil,2-way,Sealed,,0.0,0,,50.0,,Off,0.0,0.0,,47,Wellington City,Give way,,,,,0.0,0.0,Urban,0.0,,,Fine,Null,0
66541101,,573526,0.0,0.0,0.0,1.0,0.0,North,2022/2023,HUTT ROAD,WEIGH PIT,,Non-Injury Crash,Yes,2022,0.0,South,0.0,0,0.0,Flat,1.0,,0.0,,0.0,Dark,2077503,0,0.0,0.0,2.0,0.0,0.0,0.0,0.0,0.0,,0.0,0.0,Wellington Region,Nil,1-way,Sealed,0.0,0.0,0,0.0,100.0,0.0,On,0.0,0.0,,47,Wellington City,Nil,0.0,0.0,0.0,0.0,0.0,0.0,Open,0.0,0.0,0.0,Light rain,Null,0
66541108,,576500,0.0,0.0,0.0,1.0,0.0,South,2022/2023,ADELAIDE ROAD,HOSPITAL ROAD,,Non-Injury Crash,No,2023,0.0,North,0.0,0,1.0,Flat,0.0,,0.0,,0.0,Bright sun,2148602,0,0.0,0.0,4.0,0.0,0.0,0.0,0.0,0.0,,0.0,0.0,Wellington Region,Nil,2-way,Sealed,0.0,0.0,0,0.0,50.0,0.0,Off,0.0,0.0,30.0,47,Wellington City,Nil,0.0,0.0,0.0,0.0,0.0,0.0,Urban,0.0,0.0,0.0,Fine,Strong wind,0
66541121,,573200,0.0,,0.0,1.0,,South,2022/2023,ARO STREET,DURHAM STREET,,Non-Injury Crash,No,2023,,West,,0,,Flat,,,,,,Overcast,2157200,0,0.0,0.0,2.0,,,0.0,,,,,,Wellington Region,Nil,2-way,Sealed,,0.0,0,,30.0,,Off,0.0,0.0,,47,Wellington City,Nil,,,,,0.0,0.0,Urban,1.0,,,Fine,Null,0
66541138,,573000,0.0,0.0,0.0,2.0,0.0,South,2022/2023,BALLANCE STREET,LAMBTON QUAY,,Non-Injury Crash,No,2022,0.0,West,0.0,0,0.0,Flat,0.0,,0.0,,0.0,Overcast,2124100,0,0.0,0.0,2.0,0.0,0.0,0.0,0.0,1.0,,0.0,0.0,Wellington Region,Nil,2-way,Sealed,0.0,0.0,0,0.0,30.0,0.0,Off,0.0,0.0,,47,Wellington City,Nil,0.0,0.0,0.0,0.0,0.0,0.0,Urban,0.0,0.0,0.0,Fine,Null,0
66541156,,573400,0.0,0.0,0.0,2.0,0.0,Null,2022/2023,MAJORIBANKS STREET,HAWKER STREET,,Minor Crash,No,2023,0.0,East,0.0,0,0.0,Hill Road,0.0,,0.0,,0.0,Dark,2140002,1,0.0,1.0,2.0,0.0,0.0,0.0,0.0,1.0,,0.0,0.0,Wellington Region,Nil,2-way,Sealed,0.0,0.0,0,0.0,50.0,0.0,On,0.0,0.0,,47,Wellington City,Give way,0.0,0.0,0.0,0.0,0.0,0.0,Urban,0.0,0.0,0.0,Fine,Null,0
66541221,,574303,0.0,,0.0,2.0,,East,2022/2023,CENTENNIAL HIGHWAY,TYERS ROAD,,Non-Injury Crash,Yes,2023,,North,,0,,Hill Road,,,,,,Dark,2088705,0,0.0,0.0,3.0,,,0.0,,,,,,Wellington Region,Nil,1-way,Sealed,,0.0,0,,100.0,,On,0.0,0.0,,47,Wellington City,Nil,,,,,0.0,0.0,Open,0.0,,,Fine,Null,0
66541250,,574800,0.0,0.0,0.0,2.0,0.0,North,2022/2023,PARKVALE ROAD,KARORI ROAD,,Non-Injury Crash,No,2023,0.0,South,0.0,0,0.0,Hill Road,0.0,,0.0,,0.0,Overcast,2107600,0,0.0,0.0,2.0,0.0,0.0,0.0,0.0,1.0,,0.0,0.0,Wellington Region,Nil,2-way,Sealed,0.0,0.0,0,0.0,30.0,0.0,Off,0.0,0.0,,47,Wellington City,Nil,0.0,0.0,0.0,0.0,0.0,0.0,Urban,0.0,0.0,0.0,Heavy rain,Null,0
66541306,,574002,0.0,,0.0,1.0,,North,2022/2023,HUTT ROAD,RAILYARD ENTRY,,Non-Injury Crash,Yes,2023,,South,,0,,Flat,,,,,,Overcast,2078302,0,0.0,0.0,2.0,,,0.0,,,,,,Wellington Region,Nil,2-way,Sealed,,0.0,0,,60.0,,Null,0.0,0.0,,47,Wellington City,Nil,,,,,0.0,0.0,Urban,1.0,,,Light rain,Null,0
66541396,,573700,0.0,0.0,0.0,3.0,0.0,North,2023/2024,EARP STREET,WOODLAND ROAD,,Minor Crash,No,2023,0.0,North,0.0,0,0.0,Hill Road,0.0,,0.0,,0.0,Overcast,2081601,1,0.0,0.0,2.0,0.0,0.0,0.0,0.0,1.0,,0.0,0.0,Wellington Region,Nil,2-way,Sealed,0.0,0.0,0,0.0,50.0,0.0,Off,0.0,0.0,30.0,47,Wellington City,Nil,0.0,0.0,0.0,0.0,0.0,0.0,Urban,0.0,0.0,0.0,Fine,Null,0
66541474,,575200,0.0,0.0,0.0,2.0,0.0,South,2022/2023,GARDEN ROAD,MILITARY ROAD,,Non-Injury Crash,No,2022,0.0,West,0.0,0,0.0,Hill Road,0.0,,0.0,,0.0,Dark,2151000,0,0.0,0.0,2.0,0.0,0.0,0.0,0.0,1.0,,0.0,0.0,Wellington Region,Nil,2-way,Sealed,0.0,0.0,0,0.0,50.0,0.0,None,0.0,0.0,,47,Wellington City,Nil,0.0,0.0,0.0,0.0,0.0,0.0,Urban,0.0,0.0,0.0,Light rain,Null,0
66541545,,573000,0.0,,0.0,2.0,,North,2022/2023,WATERLOO QUAY,WHITMORE STREET,,Non-Injury Crash,No,2023,,Null,,0,,Flat,,,,,,Overcast,2124300,0,0.0,0.0,3.0,,,0.0,,,,,,Wellington Region,Nil,1-way,Sealed,,0.0,0,,50.0,,Off,0.0,0.0,,47,Wellington City,Nil,,,,,0.0,0.0,Urban,0.0,,,Fine,Null,0
66541561,,574002,1.0,,0.0,1.0,,Null,2022/2023,CENTENNIAL HIGHWAY,HUTT ROAD ON RAMP,,Minor Crash,No,2023,,South,,0,,Flat,,,,,,Bright sun,2078302,1,0.0,0.0,5.0,,,0.0,,,,,,Wellington Region,Nil,2-way,Sealed,,0.0,0,,80.0,,Off,0.0,0.0,,47,Wellington City,Traffic Signals,,,,,0.0,0.0,Open,0.0,,,Fine,Null,0
66541575,,574701,0.0,0.0,0.0,1.0,0.0,Null,2022/2023,OFF ROAD - CAR PARK,,,Serious Crash,No,2023,0.0,North,0.0,0,0.0,Flat,0.0,,0.0,,0.0,Dark,2097900,0,0.0,0.0,,0.0,1.0,0.0,0.0,0.0,,0.0,0.0,Wellington Region,Nil,Off road,Sealed,0.0,0.0,1,0.0,,0.0,On,0.0,0.0,,47,Wellington City,Nil,0.0,0.0,0.0,0.0,0.0,0.0,Urban,0.0,0.0,0.0,Fine,Null,0
66541593,,574302,0.0,0.0,0.0,2.0,0.0,South,2022/2023,ONSLOW ROAD,HOMEBUSH ROAD,,Non-Injury Crash,No,2023,0.0,South,0.0,0,1.0,Hill Road,0.0,,0.0,,0.0,Dark,2090500,0,0.0,0.0,2.0,0.0,0.0,0.0,0.0,1.0,,0.0,0.0,Wellington Region,Nil,2-way,Sealed,0.0,0.0,0,0.0,50.0,0.0,On,0.0,0.0,,47,Wellington City,Nil,0.0,0.0,0.0,0.0,0.0,0.0,Urban,0.0,0.0,0.0,Fine,Null,0
66541609,,574100,0.0,0.0,0.0,2.0,0.0,North,2022/2023,BURMA ROAD,JOHN SIMS DRIVE,,Non-Injury Crash,No,2023,0.0,North,0.0,0,0.0,Flat,0.0,,0.0,,0.0,Dark,2083900,0,0.0,0.0,2.0,0.0,0.0,0.0,0.0,1.0,,0.0,0.0,Wellington Region,Nil,2-way,Sealed,0.0,0.0,0,0.0,50.0,0.0,On,0.0,0.0,,47,Wellington City,Nil,0.0,0.0,0.0,0.0,0.0,0.0,Urban,0.0,0.0,0.0,Heavy rain,Null,0
66541634,,573400,0.0,0.0,0.0,1.0,0.0,Null,2023/2024,HANIA STREET,PIRIE STREET,,Serious Crash,No,2023,0.0,North,0.0,0,0.0,Flat,0.0,,0.0,,0.0,Bright sun,2143400,0,0.0,0.0,2.0,0.0,0.0,0.0,0.0,1.0,1.0,0.0,0.0,Wellington Region,Nil,2-way,Sealed,0.0,0.0,1,0.0,50.0,0.0,Off,1.0,0.0,,47,Wellington City,Stop,0.0,0.0,0.0,0.0,0.0,0.0,Urban,0.0,0.0,0.0,Fine,Null,0
66541660,,573700,0.0,,0.0,1.0,,North,2021/2022,JOHNSONVILLE ROAD,CORLETT STREET,,Non-Injury Crash,No,2021,,South,,0,,Flat,,,,,,Overcast,2083100,0,0.0,0.0,4.0,,,0.0,,,,,,Wellington Region,Nil,2-way,Sealed,,0.0,0,,50.0,,Off,0.0,1.0,,47,Wellington City,Nil,,,,,0.0,0.0,Urban,1.0,,,Fine,Null,1
66541661,,577700,0.0,0.0,0.0,0.0,0.0,East,2022/2023,OHARIU VALLEY ROAD,RIFLE RANGE ROAD,,Non-Injury Crash,No,2022,0.0,South,0.0,0,1.0,Flat,0.0,,0.0,,0.0,Overcast,2117003,0,0.0,0.0,2.0,0.0,0.0,0.0,1.0,0.0,,0.0,0.0,Wellington Region,Nil,2-way,Sealed,0.0,0.0,0,0.0,50.0,0.0,Off,0.0,0.0,,47,Wellington City,Nil,0.0,0.0,0.0,1.0,2.0,0.0,Urban,0.0,0.0,0.0,Light rain,Null,0
66541667,,576500,1.0,,0.0,1.0,,Null,2023/2024,ADELAIDE ROAD,DRUMMOND STREET,,Minor Crash,No,2023,,North,,0,,Hill Road,,,,,,Bright sun,2148400,1,0.0,0.0,3.0,,,0.0,,,,,,Wellington Region,Nil,2-way,Sealed,,0.0,0,,50.0,,Off,0.0,0.0,,47,Wellington City,Stop,,,,,0.0,0.0,Urban,0.0,,,Fine,Frost,0
66541692,,576700,0.0,0.0,0.0,3.0,0.0,Null,2022/2023,THE CRESCENT,GRAFTON ROAD,,Non-Injury Crash,No,2023,0.0,North,0.0,0,0.0,Hill Road,0.0,,0.0,,0.0,Dark,2186800,0,0.0,0.0,2.0,0.0,0.0,0.0,0.0,1.0,,0.0,0.0,Wellington Region,Nil,2-way,Sealed,0.0,0.0,0,0.0,50.0,0.0,On,0.0,0.0,,47,Wellington City,Give way,0.0,0.0,0.0,0.0,0.0,0.0,Urban,0.0,0.0,0.0,Fine,Null,0
66541706,,572900,0.0,,0.0,2.0,,Null,2022/2023,FEATHERSTON STREET,MULGRAVE STREET,,Non-Injury Crash,No,2022,,North,,0,,Flat,,,,,,Bright sun,2122800,0,0.0,0.0,4.0,,,0.0,,,,,,Wellington Region,Nil,2-way,Sealed,,0.0,0,,30.0,,Off,0.0,0.0,,47,Wellington City,Traffic Signals,,,,,0.0,0.0,Urban,0.0,,,Fine,Null,0
66541712,,573000,0.0,0.0,0.0,1.0,0.0,North,2023/2024,WELLINGTON URBAN MOTORWAY,AURORA TERRACE OBR,,Minor Crash,Yes,2023,0.0,North,0.0,0,0.0,Flat,1.0,,0.0,,0.0,Overcast,2123901,1,0.0,0.0,3.0,0.0,0.0,0.0,0.0,0.0,,0.0,0.0,Wellington Region,Overpass,1-way,Sealed,0.0,0.0,0,0.0,100.0,0.0,Off,0.0,0.0,80.0,47,Wellington City,Nil,0.0,0.0,0.0,0.0,0.0,0.0,Open,1.0,0.0,0.0,Light rain,Null,0
66541762,,577200,0.0,,0.0,2.0,,South,2022/2023,ARGENTINE AVENUE,CHELSEA STREET,,Serious Crash,No,2022,,North,,0,,Flat,,,,,,Dark,2207800,0,0.0,0.0,2.0,,,0.0,,,1.0,,,Wellington Region,Nil,2-way,Sealed,,0.0,1,,50.0,,On,0.0,0.0,,47,Wellington City,Nil,,,,,0.0,0.0,Urban,1.0,,,Fine,Null,0
66541819,,574001,0.0,,0.0,2.0,,Null,2022/2023,NEWLANDS ROAD,SALFORD STREET,,Non-Injury Crash,No,2023,,North,,0,,Flat,,,,,,Overcast,2077700,0,0.0,0.0,2.0,,,0.0,,,,,,Wellington Region,Nil,2-way,Sealed,,0.0,0,,50.0,,Off,0.0,0.0,,47,Wellington City,Give way,,,,,0.0,0.0,Urban,0.0,,,Fine,Null,0
66541850,,573000,0.0,0.0,0.0,1.0,0.0,South,2023/2024,THE TERRACE,AURORA TERRACE,,Serious Crash,No,2023,0.0,North,0.0,0,0.0,Hill Road,0.0,,0.0,,0.0,Overcast,2124000,0,0.0,0.0,2.0,0.0,0.0,0.0,0.0,1.0,,0.0,0.0,Wellington Region,Nil,2-way,Sealed,0.0,0.0,1,0.0,30.0,0.0,Off,0.0,0.0,,47,Wellington City,Nil,0.0,0.0,0.0,0.0,0.0,0.0,Urban,1.0,0.0,0.0,Fine,Null,0
66541907,,576901,0.0,,0.0,2.0,,Null,2022/2023,EVANS BAY PARADE,BAY ROAD,,Minor Crash,No,2023,,West,,0,,Flat,,,,,,Bright sun,2178000,1,0.0,0.0,2.0,,,0.0,,,,,,Wellington Region,Nil,2-way,Sealed,,0.0,0,,50.0,,Off,0.0,0.0,,47,Wellington City,Traffic Signals,,,,,0.0,0.0,Urban,0.0,,,Fine,Null,0
66541909,,576301,0.0,0.0,0.0,1.0,0.0,North,2022/2023,ADELAIDE ROAD,HALL STREET,,Non-Injury Crash,No,2023,0.0,North,0.0,0,0.0,Flat,0.0,,0.0,,0.0,Bright sun,2164100,0,0.0,0.0,2.0,0.0,0.0,0.0,0.0,1.0,,0.0,0.0,Wellington Region,Nil,2-way,Sealed,0.0,0.0,0,0.0,50.0,0.0,Off,1.0,0.0,,47,Wellington City,Nil,0.0,0.0,0.0,0.0,0.0,0.0,Urban,0.0,0.0,0.0,Fine,Null,0
66541916,,572900,0.0,0.0,1.0,0.0,0.0,South,2023/2024,MULGRAVE STREET,PIPITEA STREET,,Non-Injury Crash,No,2023,0.0,South,0.0,0,0.0,Hill Road,0.0,,0.0,,0.0,Overcast,2121200,0,0.0,0.0,2.0,0.0,0.0,0.0,0.0,1.0,,0.0,0.0,Wellington Region,Nil,1-way,Sealed,0.0,0.0,0,0.0,50.0,0.0,Off,0.0,1.0,,47,Wellington City,Nil,0.0,0.0,0.0,0.0,0.0,0.0,Urban,1.0,0.0,0.0,Fine,Null,0
66541924,,576800,0.0,,0.0,3.0,,East,2022/2023,TAURIMA STREET,EAST PORTAL,,Non-Injury Crash,Yes,2023,,East,,0,,Flat,,,,,,Overcast,2181700,0,0.0,0.0,2.0,,,0.0,,,,,,Wellington Region,Tunnel,2-way,Sealed,,0.0,0,,50.0,,Off,0.0,3.0,,47,Wellington City,Nil,,,,,0.0,0.0,Urban,0.0,,,Light rain,Null,0
66541945,,573200,0.0,0.0,0.0,2.0,1.0,Null,2021/2022,DURHAM STREET,ARO STREET,,Serious Crash,No,2022,0.0,North,0.0,0,0.0,Hill Road,0.0,,0.0,,0.0,Bright sun,2158100,0,0.0,0.0,2.0,0.0,0.0,0.0,0.0,0.0,,0.0,0.0,Wellington Region,Nil,2-way,Sealed,0.0,0.0,1,0.0,50.0,0.0,Off,0.0,0.0,,47,Wellington City,Give way,0.0,0.0,0.0,0.0,0.0,0.0,Urban,0.0,0.0,0.0,Fine,Null,0
66541983,,572702,0.0,,0.0,2.0,,South,2023/2024,JOHNSONVILLE PORIRUA MOTORWAY,PED SUBWAY,,Minor Crash,Yes,2024,,South,,0,,Flat,,,,,,Overcast,1996400,1,0.0,0.0,2.0,,,0.0,,,,,,Wellington Region,Nil,1-way,Sealed,,0.0,0,,100.0,,None,0.0,0.0,,47,Wellington City,Nil,,,,,0.0,0.0,Open,2.0,,,Fine,Null,0
66541997,,574500,0.0,0.0,0.0,0.0,0.0,North,2022/2023,WELLINGTON URBAN MOTORWAY,AOTEA QUAY OFF RAMP,,Minor Crash,Yes,2023,0.0,South,0.0,0,0.0,Flat,1.0,,0.0,,0.0,Bright sun,2093500,1,0.0,0.0,3.0,0.0,0.0,0.0,0.0,0.0,,0.0,0.0,Wellington Region,Nil,1-way,Sealed,0.0,0.0,0,0.0,100.0,0.0,Off,1.0,0.0,60.0,47,Wellington City,Nil,0.0,0.0,0.0,0.0,0.0,0.0,Open,0.0,0.0,0.0,Light rain,Null,0
66542015,,577200,0.0,0.0,0.0,1.0,0.0,Null,2023/2024,COBHAM DRIVE,CALABAR ROAD,,Minor Crash,Yes,2023,0.0,South,0.0,0,0.0,Flat,0.0,,0.0,,0.0,Twilight,2206200,2,0.0,0.0,3.0,0.0,0.0,0.0,0.0,0.0,,0.0,1.0,Wellington Region,Nil,2-way,Sealed,0.0,0.0,0,0.0,50.0,0.0,Off,0.0,0.0,,47,Wellington City,Give way,0.0,0.0,0.0,0.0,0.0,0.0,Urban,0.0,0.0,0.0,Fine,Null,0
66542048,,573400,0.0,0.0,1.0,1.0,0.0,East,2021/2022,LOOKOUT ROAD,MT VIC LOOKOUT,,Non-Injury Crash,No,2022,0.0,East,0.0,0,0.0,Flat,0.0,,0.0,,0.0,Dark,2139604,0,0.0,0.0,2.0,0.0,0.0,0.0,0.0,1.0,,0.0,0.0,Wellington Region,Nil,2-way,Sealed,0.0,0.0,0,0.0,50.0,0.0,Off,0.0,0.0,,47,Wellington City,Nil,0.0,0.0,0.0,0.0,0.0,0.0,Urban,0.0,0.0,0.0,Fine,Null,0
66542086,,574401,0.0,0.0,0.0,2.0,0.0,South,2022/2023,AWARUA STREET,IWI STREET,,Non-Injury Crash,No,2023,0.0,South,0.0,0,0.0,Hill Road,0.0,,0.0,,0.0,Twilight,2094001,0,0.0,0.0,2.0,0.0,0.0,0.0,0.0,1.0,,0.0,0.0,Wellington Region,Nil,2-way,Sealed,0.0,0.0,0,0.0,50.0,0.0,On,1.0,0.0,,47,Wellington City,Nil,0.0,0.0,0.0,0.0,0.0,0.0,Urban,0.0,0.0,0.0,Fine,Null,0
66542108,,573101,1.0,,0.0,1.0,,South,2022/2023,TORY STREET,FORRESTERS LANE,,Serious Crash,No,2022,,North,,0,,Flat,,,,,,Overcast,2136000,0,0.0,0.0,2.0,,,0.0,,,,,,Wellington Region,Nil,2-way,Sealed,,0.0,1,,30.0,,Off,0.0,0.0,,47,Wellington City,Nil,,,,,0.0,0.0,Urban,0.0,,,Light rain,Null,0
66542116,,572600,0.0,0.0,0.0,1.0,0.0,West,2021/2022,WESTHAVEN DRIVE,WESTWOOD ROAD,,Non-Injury Crash,No,2022,0.0,North,0.0,0,1.0,Flat,0.0,,1.0,,0.0,Overcast,2053601,0,0.0,0.0,1.0,0.0,0.0,0.0,0.0,0.0,,0.0,0.0,Wellington Region,Nil,2-way,Sealed,0.0,0.0,0,0.0,50.0,0.0,Off,0.0,0.0,,47,Wellington City,Nil,0.0,0.0,0.0,0.0,0.0,0.0,Urban,0.0,0.0,0.0,Fine,Null,0
66542151,,572600,0.0,,0.0,0.0,,Null,2021/2022,OXFORD STREET,SURREY STREET,,Non-Injury Crash,No,2022,,South,,0,,Null,,,,,,Dark,1991800,0,0.0,0.0,2.0,,,0.0,,,,,,Wellington Region,Nil,2-way,Sealed,,0.0,0,,50.0,,On,0.0,0.0,,47,Wellington City,Give way,,,,,0.0,0.0,Urban,1.0,,,Fine,Null,0
66542172,,573000,0.0,,0.0,2.0,,North,2022/2023,THE TERRACE,DIXON STREET,,Minor Crash,No,2023,,North,,0,,Hill Road,,,,,,Dark,2129200,2,0.0,0.0,2.0,,,0.0,,,,,,Wellington Region,Nil,2-way,Sealed,,0.0,0,,50.0,,On,0.0,0.0,,47,Wellington City,Nil,,,,,0.0,0.0,Urban,0.0,,,Fine,Null,0
66542188,,573101,0.0,,0.0,2.0,,Null,2022/2023,DIXON STREET,EVA STREET,,Non-Injury Crash,No,2022,,West,,0,,Flat,,,,,,Dark,2133401,0,0.0,0.0,2.0,,,0.0,,,,,,Wellington Region,Nil,1-way,Sealed,,0.0,0,,30.0,,On,0.0,0.0,,47,Wellington City,Nil,,,,,0.0,0.0,Urban,0.0,,,Light rain,Null,0
66542265,,573523,0.0,0.0,0.0,0.0,0.0,Null,2023/2024,CHURTON PARK-GLENSIDE OFF RAMP,GRENADA DRIVE,,Minor Crash,No,2024,0.0,South,0.0,0,0.0,Hill Road,0.0,,0.0,,0.0,Overcast,2086312,1,0.0,0.0,1.0,0.0,0.0,1.0,0.0,0.0,,0.0,0.0,Wellington Region,Motorway ramp,1-way,Sealed,0.0,0.0,0,0.0,50.0,0.0,Off,0.0,0.0,,47,Wellington City,Stop,1.0,0.0,0.0,0.0,1.0,0.0,Urban,0.0,0.0,0.0,Fine,Null,0
66542366,,573101,0.0,0.0,0.0,3.0,0.0,West,2022/2023,GHUZNEE STREET,CUBA STREET,,Non-Injury Crash,No,2022,0.0,East,0.0,0,0.0,Flat,0.0,,0.0,,0.0,Dark,2131800,0,0.0,0.0,2.0,0.0,0.0,0.0,0.0,1.0,,0.0,1.0,Wellington Region,Nil,2-way,Sealed,0.0,0.0,0,0.0,30.0,0.0,On,0.0,0.0,,47,Wellington City,Nil,0.0,0.0,0.0,0.0,0.0,0.0,Urban,0.0,0.0,0.0,Fine,Null,0
66542374,,574500,0.0,0.0,0.0,1.0,0.0,North,2022/2023,WELLINGTON URBAN MOTORWAY,AOTEA QUAY ON RAMP,,Minor Crash,Yes,2022,0.0,North,0.0,0,0.0,Flat,1.0,,0.0,,0.0,Overcast,2093600,1,0.0,0.0,7.0,0.0,0.0,0.0,0.0,0.0,,0.0,0.0,Wellington Region,Nil,2-way,Sealed,0.0,0.0,0,0.0,100.0,0.0,Off,0.0,0.0,,47,Wellington City,Nil,0.0,0.0,0.0,0.0,0.0,0.0,Open,0.0,0.0,0.0,Light rain,Null,0
66542432,,576500,1.0,,0.0,0.0,,Null,2023/2024,DRUMMOND STREET,ADELAIDE ROAD,,Minor Crash,No,2023,,North,,0,,Flat,,,,,,Overcast,2148400,1,0.0,0.0,2.0,,,0.0,,,,,,Wellington Region,Nil,2-way,Sealed,,0.0,0,,50.0,,Off,0.0,0.0,,47,Wellington City,Stop,,,,,0.0,0.0,Urban,1.0,,,Fine,Null,0
66542448,,573101,1.0,,0.0,1.0,,Null,2023/2024,COURTENAY PLACE,TARANAKI STREET,,Minor Crash,No,2023,,North,,0,,Flat,,,,,,Dark,2135600,1,0.0,0.0,5.0,,,0.0,,,1.0,,,Wellington Region,Nil,2-way,Sealed,,0.0,0,,30.0,,On,0.0,0.0,,47,Wellington City,Traffic Signals,,,,,0.0,0.0,Urban,0.0,,,Light rain,Null,0