OBJECTID,advisorySpeed,areaUnitID,bicycle,bridge,bus,carStationWagon,cliffBank,crashDirectionDescription,crashFinancialYear,crashLocation1,crashLocation2,crashRoadSideRoad,crashSeverity,crashSHDescription,crashYear,debris,directionRoleDescription,ditch,fatalCount,fence,flatHill,guardRail,holiday,houseOrBuilding,intersection,kerb,light,meshblockId,minorInjuryCount,moped,motorcycle,NumberOfLanes,objectThrownOrDropped,otherObject,otherVehicleType,overBank,parkedVehicle,pedestrian,phoneBoxEtc,postOrPole,region,roadCharacter,roadLane,roadSurface,roadworks,schoolBus,seriousInjuryCount,slipOrFlood,speedLimit,strayAnimal,streetLight,suv,taxi,temporarySpeedLimit,tlaId,tlaName,trafficControl,trafficIsland,trafficSign,train,tree,truck,unknownVehicleType,urban,vanOrUtility,vehicle,waterRiver,weatherA,weatherB,if_pandemic
66542458,,573700,0.0,,0.0,1.0,,North,2021/2022,JOHNSONVILLE ROAD,BRODERICK ROAD,,Non-Injury Crash,No,2022,,South,,0,,Flat,,,,,,Twilight,2082800,0,0.0,0.0,2.0,,,0.0,,,,,,Wellington Region,Nil,2-way,Sealed,,0.0,0,,50.0,,On,1.0,0.0,,47,Wellington City,Nil,,,,,0.0,0.0,Urban,0.0,,,Fine,Null,0
66542469,,573101,0.0,0.0,0.0,1.0,0.0,West,2022/2023,GHUZNEE STREET,LEEDS STREET,,Minor Crash,No,2023,0.0,East,0.0,0,0.0,Flat,0.0,,0.0,,0.0,Twilight,2133600,1,0.0,0.0,2.0,0.0,0.0,0.0,0.0,0.0,2.0,0.0,0.0,Wellington Region,Nil,2-way,Sealed,0.0,0.0,0,0.0,30.0,0.0,On,0.0,1.0,,47,Wellington City,Nil,0.0,0.0,0.0,0.0,0.0,0.0,Urban,1.0,1.0,0.0,Fine,Null,0
66542490,,573522,0.0,,0.0,0.0,,Null,2022/2023,MAIN ROAD,TAWA-GRENADA NORTH ON RAMP,,Non-Injury Crash,No,2023,,East,,0,,Hill Road,,,,,,Overcast,2053703,0,0.0,0.0,1.0,,,0.0,,,,,,Wellington Region,Motorway ramp,1-way,Sealed,,0.0,0,,50.0,,Off,1.0,0.0,,47,Wellington City,Give way,,,,,0.0,0.0,Urban,0.0,,,Light rain,Null,0
66542534,,574302,0.0,,0.0,2.0,,South,2022/2023,WELLINGTON URBAN MOTORWAY,ONSLOW RAIL OBR,,Non-Injury Crash,Yes,2023,,North,,0,,Flat,,,,,,Bright sun,2090601,0,0.0,0.0,3.0,,,0.0,,,,,,Wellington Region,Nil,1-way,Sealed,,0.0,0,,100.0,,Off,0.0,0.0,,47,Wellington City,Nil,,,,,0.0,0.0,Open,0.0,,,Fine,Null,0
66542606,,574900,0.0,0.0,0.0,1.0,0.0,North,2023/2024,VICTORY AVENUE,MONTGOMERY AVENUE,,Minor Crash,No,2023,0.0,North,0.0,0,0.0,Hill Road,0.0,,0.0,,0.0,Bright sun,2108304,1,0.0,0.0,2.0,0.0,0.0,0.0,0.0,1.0,,0.0,0.0,Wellington Region,Nil,2-way,Sealed,0.0,0.0,0,0.0,50.0,0.0,Off,1.0,0.0,,47,Wellington City,Nil,0.0,0.0,0.0,0.0,0.0,0.0,Urban,0.0,0.0,0.0,Fine,Null,0
66542616,,574302,0.0,0.0,0.0,3.0,0.0,North,2022/2023,CASHMERE AVENUE,IZARD ROAD,,Minor Crash,No,2023,0.0,North,0.0,0,0.0,Hill Road,0.0,,0.0,,0.0,Overcast,2091100,1,0.0,0.0,2.0,0.0,0.0,0.0,0.0,2.0,,0.0,0.0,Wellington Region,Nil,2-way,Sealed,0.0,0.0,0,0.0,50.0,0.0,Off,0.0,0.0,,47,Wellington City,Nil,0.0,0.0,0.0,0.0,0.0,0.0,Urban,0.0,0.0,0.0,Fine,Null,0
66542733,,573526,0.0,,0.0,3.0,,South,2023/2024,HUTT ROAD,HOROKIWI ROAD,,Serious Crash,Yes,2024,,East,,0,,Flat,,,,,,Bright sun,2086403,1,0.0,0.0,2.0,,,0.0,,,,,,Wellington Region,Nil,1-way,Sealed,,0.0,1,,100.0,,None,0.0,0.0,,47,Wellington City,Nil,,,,,0.0,0.0,Open,0.0,,,Fine,Null,0
66542737,,573000,0.0,,0.0,3.0,,North,2022/2023,WATERLOO QUAY,WHITMORE STREET,,Non-Injury Crash,No,2023,,North,,0,,Flat,,,,,,Bright sun,2124300,0,0.0,0.0,3.0,,,0.0,,,,,,Wellington Region,Nil,1-way,Sealed,,0.0,0,,50.0,,Off,0.0,0.0,,47,Wellington City,Nil,,,,,0.0,0.0,Urban,0.0,,,Fine,Null,0
66542761,,576901,0.0,,0.0,1.0,,Null,2023/2024,COBHAM DRIVE,TROY STREET,,Non-Injury Crash,Yes,2023,,South,,0,,Flat,,,,,,Dark,2176800,0,0.0,0.0,2.0,,,0.0,,,,,,Wellington Region,Nil,1-way,Sealed,,0.0,0,,70.0,,On,0.0,0.0,,47,Wellington City,Give way,,,,,0.0,0.0,Urban,1.0,,,Fine,Null,0
66542840,,575000,1.0,0.0,0.0,1.0,0.0,Null,2022/2023,KARORI ROAD,NOTTINGHAM STREET,,Minor Crash,No,2023,0.0,West,0.0,0,0.0,Hill Road,0.0,,0.0,,0.0,Twilight,2111000,1,0.0,0.0,2.0,0.0,0.0,0.0,0.0,1.0,,0.0,0.0,Wellington Region,Nil,2-way,Sealed,0.0,0.0,0,0.0,50.0,0.0,Off,0.0,0.0,,47,Wellington City,Give way,0.0,0.0,0.0,0.0,0.0,0.0,Urban,0.0,0.0,0.0,Fine,Null,0
66542844,,574002,0.0,,0.0,1.0,,South,2022/2023,CENTENNIAL HIGHWAY,NEWLANDS ON RAMP,,Non-Injury Crash,Yes,2022,,South,,0,,Hill Road,,,,,,Overcast,2078304,0,0.0,0.0,3.0,,,0.0,,,,,,Wellington Region,Nil,1-way,Sealed,,0.0,0,,60.0,,Off,0.0,0.0,,47,Wellington City,Nil,,,,,1.0,0.0,Urban,0.0,,,Fine,Null,0
66542861,,573101,0.0,0.0,0.0,1.0,0.0,South,2021/2022,ST HILL STREET,BOND STREET,,Non-Injury Crash,No,2021,0.0,Null,0.0,0,0.0,Flat,0.0,,0.0,,0.0,Unknown,2131000,0,0.0,0.0,1.0,0.0,0.0,0.0,0.0,0.0,,0.0,0.0,Wellington Region,Nil,2-way,Sealed,0.0,0.0,0,0.0,30.0,0.0,Null,0.0,0.0,,47,Wellington City,Nil,0.0,0.0,0.0,0.0,0.0,0.0,Urban,1.0,1.0,0.0,Null,Null,1
66542862,,572900,0.0,,0.0,0.0,,Null,2022/2023,HAWKESTONE STREET,HAWKESTONE STREET ON RAMP,,Non-Injury Crash,No,2022,,West,,0,,Flat,,,,,,Overcast,2119500,0,0.0,0.0,2.0,,,0.0,,,,,,Wellington Region,Motorway ramp,2-way,Sealed,,0.0,0,,50.0,,Off,1.0,0.0,,47,Wellington City,Nil,,,,,0.0,0.0,Urban,0.0,,,Fine,Null,0
66542882,,576903,0.0,,0.0,2.0,,Null,2022/2023,CRAWFORD ROAD,WELLINGTON ROAD,,Non-Injury Crash,No,2022,,South,,0,,Hill Road,,,,,,Bright sun,2180500,0,0.0,0.0,3.0,,,0.0,,,,,,Wellington Region,Nil,2-way,Sealed,,0.0,0,,50.0,,Off,0.0,0.0,,47,Wellington City,Give way,,,,,0.0,0.0,Urban,0.0,,,Fine,Null,0
66542911,,573000,0.0,0.0,0.0,0.0,0.0,West,2021/2022,THE TERRACE OFF RAMP,THE TERRACE,,Non-Injury Crash,No,2022,0.0,South,0.0,0,0.0,Flat,1.0,,0.0,,0.0,Bright sun,2124803,0,0.0,0.0,3.0,0.0,0.0,0.0,0.0,0.0,,0.0,0.0,Wellington Region,Motorway ramp,1-way,Sealed,0.0,0.0,0,0.0,50.0,0.0,Off,0.0,0.0,,47,Wellington City,Nil,0.0,0.0,0.0,0.0,0.0,0.0,Urban,1.0,0.0,0.0,Fine,Null,0
66542916,,573523,0.0,0.0,0.0,0.0,0.0,Null,2023/2024,MARK AVENUE,TRINIDAD CRESCENT,,Minor Crash,No,2023,0.0,North,0.0,0,1.0,Hill Road,0.0,,0.0,,0.0,Bright sun,2086304,1,0.0,0.0,2.0,0.0,0.0,0.0,0.0,0.0,,0.0,0.0,Wellington Region,Nil,2-way,Sealed,0.0,0.0,0,0.0,50.0,0.0,Off,0.0,0.0,,47,Wellington City,Give way,0.0,0.0,0.0,0.0,0.0,0.0,Urban,1.0,0.0,0.0,Fine,Null,0
66543044,,573101,0.0,,0.0,1.0,,Null,2022/2023,TARANAKI STREET,GHUZNEE STREET,,Non-Injury Crash,No,2022,,North,,0,,Flat,,,,,,Overcast,2136300,0,0.0,0.0,4.0,,,0.0,,,,,,Wellington Region,Nil,2-way,Sealed,,0.0,0,,50.0,,None,0.0,0.0,,47,Wellington City,Traffic Signals,,,,,0.0,0.0,Urban,1.0,,,Fine,Null,0
66543053,,574002,0.0,1.0,0.0,1.0,0.0,West,2022/2023,CENTENNIAL HIGHWAY OFF RAMP,NIMT OBR,,Non-Injury Crash,No,2022,0.0,East,0.0,0,0.0,Hill Road,0.0,,0.0,,0.0,Overcast,2078302,0,0.0,0.0,6.0,0.0,0.0,1.0,0.0,0.0,,0.0,0.0,Wellington Region,Bridge,2-way,Sealed,0.0,0.0,0,0.0,80.0,0.0,Off,0.0,0.0,,47,Wellington City,Nil,0.0,0.0,0.0,0.0,1.0,0.0,Open,0.0,0.0,0.0,Fine,Null,0
66543078,,576700,0.0,,0.0,2.0,,Null,2021/2022,MAIDA VALE ROAD,LINDUM TERRACE,,Non-Injury Crash,No,2021,,East,,0,,Hill Road,,,,,,Unknown,2186500,0,0.0,0.0,2.0,,,0.0,,,,,,Wellington Region,Nil,2-way,Sealed,,0.0,0,,50.0,,Null,0.0,0.0,,47,Wellington City,Nil,,,,,0.0,0.0,Urban,0.0,,,Null,Null,1
66543080,,572900,0.0,0.0,0.0,1.0,0.0,Null,2021/2022,WELLINGTON URBAN MOTORWAY,TINAKORI ROAD ON RAMP,,Non-Injury Crash,Yes,2022,0.0,North,0.0,0,0.0,Flat,0.0,,0.0,,0.0,Dark,2119500,0,0.0,0.0,7.0,0.0,0.0,0.0,0.0,0.0,,0.0,1.0,Wellington Region,Nil,2-way,Sealed,0.0,0.0,0,0.0,100.0,0.0,On,0.0,0.0,,47,Wellington City,Give way,0.0,0.0,0.0,0.0,0.0,0.0,Open,0.0,0.0,0.0,Heavy rain,Null,0
66543093,,572900,0.0,,0.0,1.0,,North,2022/2023,AOTEA QUAY OFF RAMP,AOTEA QUAY,,Non-Injury Crash,No,2023,,South,,0,,Flat,,,,,,Bright sun,2118400,0,0.0,0.0,3.0,,,0.0,,,,,,Wellington Region,Motorway ramp,1-way,Sealed,,0.0,0,,70.0,,Off,0.0,0.0,,47,Wellington City,Nil,,,,,1.0,0.0,Urban,0.0,,,Fine,Null,0
66543130,,573101,0.0,0.0,0.0,2.0,0.0,Null,2022/2023,TARANAKI STREET,GHUZNEE STREET,,Non-Injury Crash,No,2022,0.0,North,0.0,0,0.0,Flat,0.0,,0.0,,0.0,Dark,2136300,0,0.0,0.0,4.0,0.0,0.0,0.0,0.0,0.0,,0.0,0.0,Wellington Region,Nil,2-way,Sealed,0.0,0.0,0,0.0,30.0,0.0,On,0.0,0.0,,47,Wellington City,Traffic Signals,0.0,1.0,0.0,0.0,0.0,0.0,Urban,0.0,0.0,0.0,Light rain,Null,0
66543186,,577302,0.0,,0.0,2.0,,Null,2022/2023,PARK ROAD,REX STREET,,Minor Crash,No,2023,,South,,0,,Flat,,,,,,Dark,2205600,1,0.0,0.0,2.0,,,0.0,,,,,,Wellington Region,Nil,2-way,Sealed,,0.0,0,,50.0,,On,0.0,0.0,,47,Wellington City,Give way,,,,,0.0,0.0,Urban,0.0,,,Fine,Null,0
66543214,,572900,0.0,0.0,0.0,3.0,0.0,East,2022/2023,HILL STREET,SELWYN TERRACE,,Non-Injury Crash,No,2022,0.0,East,0.0,0,0.0,Hill Road,0.0,,0.0,,0.0,Bright sun,2120000,0,0.0,0.0,2.0,0.0,0.0,0.0,0.0,1.0,,0.0,0.0,Wellington Region,Nil,2-way,Sealed,0.0,0.0,0,0.0,50.0,0.0,Off,0.0,1.0,,47,Wellington City,Nil,0.0,0.0,0.0,0.0,0.0,0.0,Urban,0.0,0.0,0.0,Fine,Null,0
66543265,,576600,0.0,,0.0,1.0,,North,2022/2023,ORIENTAL PARADE,FREYBERG POOL CPK ENT,,Non-Injury Crash,No,2022,,South,,0,,Flat,,,,,,Bright sun,2137900,0,0.0,0.0,2.0,,,0.0,,,,,,Wellington Region,Nil,2-way,Sealed,,0.0,0,,40.0,,None,0.0,0.0,,47,Wellington City,Nil,,,,,1.0,0.0,Urban,0.0,,,Fine,Null,0
66543287,,576901,0.0,,0.0,1.0,,Null,2023/2024,OFF ROAD - CAR PARK,,,Minor Crash,No,2024,,East,,0,,Flat,,,,,,Overcast,2177800,1,0.0,0.0,,,,0.0,,,1.0,,,Wellington Region,Nil,Off road,Sealed,,0.0,0,,,,None,0.0,0.0,,47,Wellington City,Nil,,,,,0.0,0.0,Urban,0.0,,,Fine,Strong wind,0
66543309,,573400,0.0,0.0,0.0,4.0,0.0,Null,2021/2022,PIRIE STREET,BROUGHAM STREET,,Non-Injury Crash,No,2022,0.0,West,0.0,0,0.0,Hill Road,0.0,,0.0,,0.0,Dark,2141500,0,0.0,0.0,2.0,0.0,0.0,0.0,0.0,1.0,,0.0,0.0,Wellington Region,Nil,2-way,Sealed,0.0,0.0,0,0.0,50.0,0.0,On,0.0,0.0,,47,Wellington City,Nil,0.0,0.0,0.0,0.0,0.0,0.0,Urban,0.0,0.0,0.0,Fine,Null,0
66543330,,572900,0.0,,0.0,1.0,,South,2023/2024,THORNDON QUAY,DAVIS STREET,,Serious Crash,No,2023,,South,,0,,Flat,,,,,,Dark,2118300,0,0.0,0.0,2.0,,,0.0,,,1.0,,,Wellington Region,Nil,2-way,Sealed,,0.0,1,,50.0,,On,0.0,0.0,,47,Wellington City,Nil,,,,,0.0,0.0,Urban,0.0,,,Fine,Null,0
66543336,,576200,0.0,,0.0,3.0,,North,2022/2023,ADELAIDE ROAD,DOVER STREET,,Minor Crash,No,2023,,South,,0,,Flat,,,,,,Overcast,2173200,1,0.0,0.0,2.0,,,0.0,,,,,,Wellington Region,Nil,2-way,Sealed,,0.0,0,,50.0,,None,0.0,0.0,,47,Wellington City,Nil,,,,,0.0,0.0,Urban,0.0,,,Fine,Null,0
66543378,,576500,0.0,0.0,0.0,1.0,0.0,East,2022/2023,MEIN STREET,DANIELL STREET,,Non-Injury Crash,No,2023,0.0,East,0.0,0,0.0,Hill Road,0.0,,0.0,,0.0,Bright sun,2149200,0,0.0,0.0,2.0,0.0,0.0,0.0,0.0,1.0,,0.0,0.0,Wellington Region,Nil,2-way,Sealed,0.0,0.0,0,0.0,40.0,0.0,Off,1.0,0.0,,47,Wellington City,Nil,0.0,0.0,0.0,0.0,0.0,0.0,Urban,0.0,0.0,0.0,Fine,Null,0
66543397,,573101,0.0,,0.0,1.0,,Null,2021/2022,DIXON STREET,VICTORIA STREET,,Non-Injury Crash,No,2022,,West,,0,,Flat,,,,,,Overcast,2131300,0,0.0,0.0,2.0,,,0.0,,,,,,Wellington Region,Nil,1-way,Sealed,,0.0,0,,30.0,,Off,1.0,0.0,,47,Wellington City,Traffic Signals,,,,,0.0,0.0,Urban,0.0,,,Fine,Null,0
66543417,,576800,0.0,,0.0,0.0,,South,2022/2023,ALEXANDRA ROAD,LOOKOUT ROAD,,Minor Crash,No,2023,,South,,0,,Hill Road,,,,,,Bright sun,2181700,1,0.0,0.0,2.0,,,0.0,,,2.0,,,Wellington Region,Nil,2-way,Sealed,,0.0,0,,50.0,,None,0.0,0.0,,47,Wellington City,Nil,,,,,0.0,0.0,Urban,1.0,,,Fine,Null,0
66543456,,573000,0.0,,0.0,1.0,,South,2022/2023,WELLINGTON URBAN MOTORWAY,BOULCOTT OBR,,Non-Injury Crash,Yes,2022,,South,,0,,Flat,,,,,,Bright sun,2126700,0,0.0,0.0,1.0,,,0.0,,,,,,Wellington Region,Tunnel,1-way,Sealed,,0.0,0,,100.0,,Off,0.0,0.0,80.0,47,Wellington City,Nil,,,,,0.0,0.0,Open,1.0,,,Fine,Null,0
66543511,,576001,0.0,0.0,0.0,2.0,0.0,South,2022/2023,EDEN STREET,TAMAR STREET,,Non-Injury Crash,No,2022,0.0,South,0.0,0,0.0,Hill Road,0.0,,0.0,,0.0,Dark,2193600,0,0.0,0.0,2.0,0.0,0.0,0.0,0.0,1.0,,0.0,0.0,Wellington Region,Nil,2-way,Sealed,0.0,0.0,0,0.0,50.0,0.0,On,0.0,0.0,,47,Wellington City,Nil,0.0,0.0,0.0,0.0,0.0,0.0,Urban,0.0,0.0,0.0,Fine,Null,0
66543540,,574002,0.0,0.0,0.0,1.0,1.0,Null,2021/2022,HUTT ROAD OFF RAMP,CENTENNIAL HIGHWAY,,Non-Injury Crash,No,2021,0.0,North,0.0,0,0.0,Flat,0.0,,0.0,,0.0,Overcast,2078302,0,0.0,0.0,2.0,0.0,0.0,0.0,0.0,0.0,,0.0,0.0,Wellington Region,Nil,2-way,Sealed,0.0,0.0,0,0.0,80.0,0.0,Off,0.0,0.0,,47,Wellington City,Traffic Signals,0.0,0.0,0.0,0.0,0.0,0.0,Open,0.0,0.0,0.0,Light rain,Null,1
66543550,,576301,0.0,,0.0,1.0,,Null,2022/2023,OFFROAD CARPARK,,,Minor Crash,No,2022,,North,,0,,Flat,,,,,,Bright sun,2165500,2,0.0,0.0,,,,0.0,,,1.0,,,Wellington Region,Nil,Off road,Sealed,,0.0,0,,,,Off,0.0,0.0,,47,Wellington City,Nil,,,,,0.0,0.0,Urban,0.0,,,Fine,Null,0
66543736,,576500,0.0,,0.0,1.0,,Null,2021/2022,ADELAIDE ROAD,RUGBY STREET,,Non-Injury Crash,No,2022,,North,,0,,Flat,,,,,,Overcast,2147900,0,0.0,0.0,2.0,,,0.0,,,,,,Wellington Region,Nil,1-way,Sealed,,0.0,0,,50.0,,Off,0.0,0.0,,47,Wellington City,Traffic Signals,,,,,1.0,0.0,Urban,0.0,,,Fine,Null,0
66543744,,573101,0.0,,0.0,1.0,,Null,2021/2022,COURTENAY PLACE,TORY STREET,,Non-Injury Crash,No,2021,,East,,0,,Flat,,,,,,Unknown,2135600,0,0.0,0.0,2.0,,,0.0,,,,,,Wellington Region,Nil,2-way,Sealed,,0.0,0,,30.0,,Null,0.0,0.0,,47,Wellington City,Traffic Signals,,,,,0.0,0.0,Urban,0.0,,,Null,Null,1
66543769,75.0,574002,0.0,0.0,0.0,2.0,0.0,North,2022/2023,WELLINGTON URBAN MOTORWAY,NGAURANGA ON NBD OBR,,Minor Crash,Yes,2022,0.0,South,0.0,0,0.0,Hill Road,1.0,,0.0,,0.0,Dark,2078302,1,0.0,0.0,2.0,0.0,0.0,0.0,0.0,0.0,,0.0,0.0,Wellington Region,Motorway ramp,1-way,Sealed,0.0,0.0,0,0.0,80.0,0.0,On,0.0,1.0,,47,Wellington City,Nil,0.0,0.0,0.0,0.0,0.0,0.0,Open,0.0,0.0,0.0,Fine,Null,0
66543878,,573200,0.0,,0.0,1.0,,South,2022/2023,OHIRO ROAD,ARO STREET,,Non-Injury Crash,No,2022,,North,,0,,Hill Road,,,,,,Unknown,2159400,0,0.0,0.0,2.0,,,0.0,,,,,,Wellington Region,Nil,2-way,Sealed,,0.0,0,,50.0,,Null,0.0,0.0,,47,Wellington City,Nil,,,,,0.0,0.0,Urban,1.0,,,Null,Null,0
66543880,,576800,0.0,,0.0,1.0,,East,2022/2023,ALEXANDRA ROAD,UPOKO ROAD,,Non-Injury Crash,No,2023,,East,,0,,Hill Road,,,,,,Overcast,2184700,0,0.0,0.0,2.0,,,0.0,,,,,,Wellington Region,Nil,2-way,Sealed,,0.0,0,,50.0,,Off,0.0,0.0,,47,Wellington City,Nil,,,,,0.0,0.0,Urban,1.0,,,Fine,Null,0
66543920,,572702,0.0,,0.0,4.0,,South,2022/2023,JOHNSONVILLE PORIRUA MOTORWAY,PED SUBWAY,,Non-Injury Crash,Yes,2022,,South,,0,,Flat,,,,,,Overcast,2053826,0,0.0,0.0,2.0,,,0.0,,,,,,Wellington Region,Nil,1-way,Sealed,,0.0,0,,100.0,,None,0.0,0.0,80.0,47,Wellington City,Nil,,,,,0.0,0.0,Open,0.0,,,Fine,Null,0
66543922,,573513,0.0,0.0,0.0,1.0,0.0,North,2022/2023,MELKSHAM DRIVE,ROCHDALE DRIVE,,Non-Injury Crash,No,2022,0.0,North,0.0,0,0.0,Flat,0.0,,0.0,,0.0,Dark,2086722,0,0.0,0.0,2.0,0.0,0.0,0.0,0.0,1.0,,0.0,0.0,Wellington Region,Nil,2-way,Sealed,0.0,0.0,0,0.0,50.0,0.0,On,1.0,0.0,,47,Wellington City,Nil,0.0,0.0,0.0,0.0,0.0,0.0,Urban,0.0,0.0,0.0,Fine,Null,0
66544002,,573000,0.0,,0.0,1.0,,North,2023/2024,JERVOIS QUAY,HARRIS STREET,,Minor Crash,No,2023,,South,,0,,Flat,,,,,,Bright sun,2124300,1,0.0,0.0,3.0,,,0.0,,,1.0,,,Wellington Region,Nil,1-way,Sealed,,0.0,0,,50.0,,Off,0.0,0.0,,47,Wellington City,Nil,,,,,0.0,0.0,Urban,0.0,,,Fine,Null,0
66544069,,573801,0.0,0.0,0.0,1.0,1.0,North,2022/2023,JOHNSONVILLE PORIRUA MOTORWAY,JOHNSONVILLE OFF RAMP,,Minor Crash,Yes,2022,0.0,South,0.0,0,0.0,Hill Road,0.0,,0.0,,0.0,Dark,2079900,1,0.0,0.0,2.0,0.0,0.0,0.0,0.0,0.0,,0.0,0.0,Wellington Region,Nil,2-way,Sealed,0.0,0.0,0,0.0,100.0,0.0,Off,0.0,0.0,80.0,47,Wellington City,Nil,0.0,0.0,0.0,1.0,0.0,0.0,Open,0.0,0.0,0.0,Fine,Null,0
66544120,,576700,0.0,,0.0,2.0,,North,2023/2024,EVANS BAY PARADE,BALAENA BAY,,Minor Crash,No,2023,,South,,0,,Flat,,,,,,Dark,2186900,2,0.0,0.0,2.0,,,0.0,,,,,,Wellington Region,Nil,2-way,Sealed,,0.0,0,,50.0,,On,0.0,0.0,,47,Wellington City,Nil,,,,,0.0,0.0,Urban,0.0,,,Fine,Strong wind,0
66544211,45.0,573903,0.0,,0.0,2.0,,Null,2022/2023,NEWLANDS ROAD,BRACKEN ROAD,,Non-Injury Crash,No,2023,,East,,0,,Flat,,,,,,Bright sun,2073900,0,0.0,0.0,2.0,,,0.0,,,,,,Wellington Region,Nil,2-way,Sealed,,0.0,0,,50.0,,Off,0.0,0.0,,47,Wellington City,Give way,,,,,0.0,0.0,Urban,0.0,,,Fine,Null,0
66544216,,575400,0.0,0.0,0.0,1.0,0.0,East,2022/2023,RAROA ROAD,MT PLEASANT ROAD,,Non-Injury Crash,No,2022,0.0,East,0.0,0,0.0,Flat,0.0,,0.0,,0.0,Dark,2155800,0,0.0,0.0,2.0,0.0,0.0,0.0,0.0,0.0,,0.0,0.0,Wellington Region,Nil,2-way,Sealed,0.0,0.0,0,0.0,50.0,0.0,On,0.0,0.0,,47,Wellington City,Nil,1.0,0.0,0.0,0.0,0.0,0.0,Urban,0.0,0.0,0.0,Fine,Null,0
66544219,,573300,0.0,0.0,0.0,2.0,0.0,North,2022/2023,TASMAN STREET,RUGBY STREET,,Non-Injury Crash,No,2023,0.0,North,0.0,0,0.0,Flat,0.0,,0.0,,0.0,Overcast,2145602,0,0.0,0.0,2.0,0.0,0.0,0.0,0.0,1.0,,0.0,0.0,Wellington Region,Nil,2-way,Sealed,0.0,0.0,0,0.0,50.0,0.0,Off,0.0,0.0,,47,Wellington City,Nil,0.0,0.0,0.0,0.0,1.0,0.0,Urban,0.0,0.0,0.0,Fine,Null,0
66544259,,573511,0.0,,0.0,1.0,,North,2022/2023,JOHNSONVILLE PORIRUA MOTORWAY,CHURTON PARK-GLENSIDE ON RAMP,,Non-Injury Crash,Yes,2023,,North,,0,,Flat,,,,,,Overcast,2086203,0,0.0,0.0,2.0,,,0.0,,,,,,Wellington Region,Nil,1-way,Sealed,,0.0,0,,100.0,,Off,1.0,0.0,,47,Wellington City,Nil,,,,,0.0,0.0,Open,0.0,,,Fine,Null,0
66544267,,573700,0.0,0.0,0.0,1.0,0.0,Null,2023/2024,JOHNSONVILLE OFF RAMP,CENTENNIAL HIGHWAY,,Minor Crash,No,2024,0.0,North,0.0,0,0.0,Hill Road,1.0,,0.0,,0.0,Overcast,2083100,1,0.0,0.0,3.0,0.0,0.0,0.0,0.0,0.0,,0.0,0.0,Wellington Region,Motorway ramp,1-way,Sealed,0.0,0.0,0,0.0,80.0,0.0,Off,0.0,0.0,,47,Wellington City,Nil,0.0,0.0,0.0,0.0,0.0,0.0,Open,0.0,0.0,0.0,Fine,Null,0
66544351,,574002,0.0,,0.0,0.0,,North,2023/2024,HUTT ROAD,NGAURANGA ON NBD OBR,,Minor Crash,Yes,2024,,North,,0,,Flat,,,,,,Bright sun,2078302,1,0.0,1.0,2.0,,,0.0,,,,,,Wellington Region,Nil,1-way,Sealed,,0.0,0,,100.0,,Off,0.0,0.0,,47,Wellington City,Nil,,,,,0.0,0.0,Open,1.0,,,Fine,Null,0
66544380,,573000,0.0,,0.0,0.0,,Null,2020/2021,WELLINGTON URBAN MOTORWAY,VIVIAN STREET,,Non-Injury Crash,Yes,2021,,East,,0,,Null,,,,,,Unknown,2129700,0,0.0,0.0,2.0,,,0.0,,,,,,Wellington Region,Nil,1-way,Sealed,,0.0,0,,50.0,,Null,1.0,0.0,,47,Wellington City,Traffic Signals,,,,,0.0,0.0,Urban,0.0,,,Null,Null,1
66544386,,573101,0.0,0.0,0.0,0.0,1.0,Null,2022/2023,CAMBRIDGE TERRACE,WAKEFIELD STREET,,Non-Injury Crash,No,2023,0.0,North,0.0,0,0.0,Flat,0.0,,1.0,,1.0,Overcast,2135700,0,0.0,0.0,3.0,0.0,0.0,0.0,0.0,0.0,,0.0,0.0,Wellington Region,Nil,1-way,Sealed,0.0,0.0,0,0.0,50.0,0.0,Off,0.0,0.0,,47,Wellington City,Give way,0.0,0.0,0.0,0.0,0.0,0.0,Urban,1.0,0.0,0.0,Light rain,Null,0
66544400,,576903,0.0,,0.0,2.0,,Null,2021/2022,WELLINGTON ROAD,EVANS BAY PARADE,,Non-Injury Crash,Yes,2022,,East,,0,,Flat,,,,,,Overcast,2180200,0,0.0,0.0,4.0,,,0.0,,,,,,Wellington Region,Nil,2-way,Sealed,,0.0,0,,50.0,,Off,0.0,0.0,,47,Wellington City,Traffic Signals,,,,,0.0,0.0,Urban,0.0,,,Fine,Strong wind,0
66544422,,576600,0.0,0.0,0.0,4.0,0.0,Null,2022/2023,ORIENTAL PARADE,ORIENTAL PARADE,,Non-Injury Crash,No,2022,0.0,East,0.0,0,0.0,Flat,0.0,,0.0,,0.0,Bright sun,2137900,0,0.0,0.0,2.0,0.0,0.0,0.0,0.0,4.0,,0.0,0.0,Wellington Region,Nil,2-way,Sealed,0.0,0.0,0,0.0,40.0,0.0,Off,0.0,0.0,,47,Wellington City,Nil,0.0,0.0,0.0,0.0,0.0,0.0,Urban,1.0,0.0,0.0,Fine,Null,0
66544472,,573400,0.0,0.0,0.0,2.0,0.0,East,2021/2022,PIRIE STREET,PORRITT AVENUE,,Non-Injury Crash,No,2022,0.0,East,0.0,0,0.0,Hill Road,0.0,,0.0,,0.0,Dark,2141700,0,0.0,0.0,2.0,0.0,0.0,0.0,0.0,1.0,,0.0,0.0,Wellington Region,Nil,2-way,Sealed,0.0,0.0,0,0.0,50.0,0.0,On,2.0,0.0,,47,Wellington City,Unknown,0.0,0.0,0.0,0.0,0.0,0.0,Urban,0.0,0.0,0.0,Light rain,Strong wind,0