OBJECTID,advisorySpeed,areaUnitID,bicycle,bridge,bus,carStationWagon,cliffBank,crashDirectionDescription,crashFinancialYear,crashLocation1,crashLocation2,crashRoadSideRoad,crashSeverity,crashSHDescription,crashYear,debris,directionRoleDescription,ditch,fatalCount,fence,flatHill,guardRail,holiday,houseOrBuilding,intersection,kerb,light,meshblockId,minorInjuryCount,moped,motorcycle,NumberOfLanes,objectThrownOrDropped,otherObject,otherVehicleType,overBank,parkedVehicle,pedestrian,phoneBoxEtc,postOrPole,region,roadCharacter,roadLane,roadSurface,roadworks,schoolBus,seriousInjuryCount,slipOrFlood,speedLimit,strayAnimal,streetLight,suv,taxi,temporarySpeedLimit,tlaId,tlaName,trafficControl,trafficIsland,trafficSign,train,tree,truck,unknownVehicleType,urban,vanOrUtility,vehicle,waterRiver,weatherA,weatherB,if_pandemic
66544541,,573400,0.0,0.0,0.0,1.0,0.0,East,2022/2023,MCFARLANE STREET,ROXBURGH STREET,,Non-Injury Crash,No,2022,0.0,East,0.0,0,0.0,Hill Road,0.0,,1.0,,0.0,Dark,2138600,0,0.0,0.0,2.0,0.0,0.0,0.0,0.0,0.0,,0.0,0.0,Wellington Region,Nil,2-way,Sealed,0.0,0.0,0,0.0,50.0,0.0,On,0.0,0.0,,47,Wellington City,Nil,0.0,0.0,0.0,0.0,0.0,0.0,Urban,0.0,0.0,0.0,Fine,Null,0
66544638,,573700,0.0,,0.0,3.0,,Null,2022/2023,BRODERICK ROAD,MOOREFIELD ROAD,,Minor Crash,No,2023,,East,,0,,Flat,,,,,,Bright sun,2082400,1,0.0,0.0,3.0,,,0.0,,,,,,Wellington Region,Nil,2-way,Sealed,,0.0,0,,50.0,,Off,0.0,0.0,,47,Wellington City,Traffic Signals,,,,,0.0,0.0,Urban,0.0,,,Fine,Null,0
66544644,,573101,0.0,,0.0,1.0,,Null,2022/2023,COURTENAY PLACE,ALLEN STREET,,Non-Injury Crash,No,2023,,East,,0,,Hill Road,,,,,,Dark,2135700,0,0.0,0.0,1.0,,,0.0,,,,,,Wellington Region,Nil,1-way,Sealed,,0.0,0,,30.0,,On,0.0,0.0,,47,Wellington City,Nil,,,,,0.0,0.0,Urban,1.0,,,Light rain,Null,0
66544663,,574500,1.0,,0.0,1.0,,Null,2022/2023,HUTT ROAD,WESTMINSTER STREET,,Minor Crash,No,2022,,North,,0,,Flat,,,,,,Bright sun,2093500,1,0.0,0.0,4.0,,,0.0,,,,,,Wellington Region,Nil,2-way,Sealed,,0.0,0,,60.0,,Off,0.0,0.0,,47,Wellington City,Stop,,,,,0.0,0.0,Urban,0.0,,,Fine,Null,0
66544675,,574002,0.0,0.0,0.0,1.0,0.0,South,2021/2022,CENTENNIAL HIGHWAY,ABATTOIRS,,Non-Injury Crash,Yes,2022,0.0,South,0.0,0,0.0,Hill Road,1.0,,0.0,,0.0,Dark,2078304,0,0.0,0.0,3.0,0.0,0.0,0.0,0.0,0.0,,0.0,0.0,Wellington Region,Nil,1-way,Sealed,0.0,0.0,0,0.0,80.0,0.0,On,0.0,0.0,,47,Wellington City,Nil,0.0,0.0,0.0,0.0,0.0,0.0,Open,0.0,0.0,0.0,Light rain,Null,0
66544773,,572701,0.0,0.0,0.0,2.0,0.0,South,2022/2023,HANDYSIDE STREET,MEXTED TERRACE,,Non-Injury Crash,No,2023,0.0,North,0.0,0,0.0,Hill Road,0.0,,0.0,,0.0,Dark,1993000,0,0.0,0.0,2.0,0.0,0.0,0.0,0.0,1.0,,0.0,0.0,Wellington Region,Nil,2-way,Sealed,0.0,0.0,0,0.0,50.0,0.0,On,0.0,0.0,,47,Wellington City,Nil,0.0,0.0,0.0,0.0,0.0,0.0,Urban,0.0,0.0,0.0,Light rain,Strong wind,0
66544822,,575600,0.0,0.0,1.0,1.0,0.0,North,2021/2022,OHIRO ROAD,CLEVELAND STREET,,Non-Injury Crash,No,2021,0.0,South,0.0,0,0.0,Flat,0.0,,0.0,,0.0,Unknown,2161900,0,0.0,0.0,2.0,0.0,0.0,0.0,0.0,1.0,,0.0,0.0,Wellington Region,Nil,2-way,Sealed,0.0,0.0,0,0.0,30.0,0.0,Null,0.0,0.0,,47,Wellington City,Nil,0.0,0.0,0.0,0.0,0.0,0.0,Urban,0.0,0.0,0.0,Null,Null,1
66544868,,573801,0.0,,0.0,1.0,,North,2021/2022,JOHNSONVILLE PORIRUA MOTORWAY,JOHNSONVILLE OFF RAMP,,Non-Injury Crash,Yes,2022,,South,,0,,Flat,,,,,,Bright sun,2078900,0,0.0,0.0,2.0,,,0.0,,,,,,Wellington Region,Nil,2-way,Sealed,,0.0,0,,100.0,,Off,1.0,0.0,,47,Wellington City,Unknown,,,,,0.0,0.0,Open,1.0,,,Fine,Null,0
66544922,,574303,0.0,,0.0,1.0,,North,2021/2022,HUTT ROAD,HUTT NIMT OBR,,Non-Injury Crash,No,2021,,South,,0,,Flat,,,,,,Bright sun,2090402,0,0.0,0.0,2.0,,,0.0,,,,,,Wellington Region,Nil,1-way,Sealed,,0.0,0,,80.0,,Off,1.0,0.0,,47,Wellington City,Nil,,,,,0.0,0.0,Open,0.0,,,Fine,Null,1
66544934,,573902,0.0,0.0,0.0,1.0,0.0,North,2022/2023,WOODRIDGE DRIVE,TEA TREE LANE,,Non-Injury Crash,No,2023,0.0,North,0.0,0,0.0,Hill Road,1.0,,0.0,,0.0,Dark,2086404,0,0.0,0.0,2.0,0.0,0.0,0.0,0.0,0.0,,0.0,0.0,Wellington Region,Nil,2-way,Sealed,0.0,0.0,0,0.0,50.0,0.0,On,0.0,0.0,,47,Wellington City,Nil,0.0,0.0,0.0,1.0,0.0,0.0,Urban,0.0,0.0,0.0,Light rain,Null,0
66545018,,576800,0.0,0.0,0.0,1.0,0.0,Null,2021/2022,MAREWA ROAD,UPOKO ROAD,,Minor Crash,No,2022,0.0,South,0.0,0,0.0,Hill Road,0.0,,0.0,,0.0,Bright sun,2185000,1,0.0,0.0,2.0,0.0,0.0,0.0,0.0,1.0,,0.0,0.0,Wellington Region,Nil,2-way,Sealed,0.0,0.0,0,0.0,50.0,0.0,Off,0.0,0.0,,47,Wellington City,Stop,0.0,0.0,0.0,0.0,0.0,0.0,Urban,1.0,0.0,0.0,Fine,Null,0
66545050,,574402,0.0,0.0,1.0,0.0,0.0,East,2021/2022,NGAIO GORGE ROAD,PERTH STREET,,Non-Injury Crash,No,2022,0.0,East,0.0,0,0.0,Hill Road,0.0,,0.0,,0.0,Overcast,2098400,0,0.0,0.0,2.0,0.0,0.0,0.0,0.0,1.0,,0.0,0.0,Wellington Region,Nil,2-way,Sealed,0.0,0.0,0,0.0,50.0,0.0,Off,0.0,0.0,,47,Wellington City,Nil,0.0,1.0,0.0,1.0,0.0,0.0,Urban,1.0,0.0,0.0,Heavy rain,Null,0
66545080,,574402,0.0,0.0,0.0,0.0,0.0,East,2022/2023,NGAIO GORGE ROAD,PERTH STREET,,Non-Injury Crash,No,2022,0.0,South,0.0,0,1.0,Hill Road,0.0,,0.0,,0.0,Overcast,2098400,0,0.0,0.0,2.0,0.0,0.0,0.0,0.0,0.0,,0.0,0.0,Wellington Region,Nil,2-way,Sealed,0.0,0.0,0,0.0,50.0,0.0,Off,0.0,0.0,,47,Wellington City,Nil,0.0,0.0,0.0,0.0,0.0,0.0,Urban,1.0,0.0,0.0,Fine,Null,0
66545156,,573700,0.0,0.0,0.0,2.0,0.0,Null,2022/2023,BIRCH STREET,WOODLAND ROAD,,Non-Injury Crash,No,2022,0.0,South,0.0,0,0.0,Hill Road,0.0,,0.0,,0.0,Overcast,2081403,0,0.0,0.0,2.0,0.0,0.0,0.0,0.0,1.0,,0.0,0.0,Wellington Region,Nil,2-way,Sealed,0.0,0.0,0,0.0,50.0,0.0,Null,0.0,0.0,,47,Wellington City,Nil,0.0,0.0,0.0,0.0,0.0,0.0,Urban,0.0,0.0,0.0,Fine,Null,0
66545163,,577500,0.0,0.0,0.0,1.0,1.0,South,2022/2023,BREAKER BAY ROAD,PASS OF BRANDA,,Non-Injury Crash,No,2022,0.0,South,0.0,0,0.0,Hill Road,1.0,,0.0,,0.0,Dark,2212400,0,0.0,0.0,2.0,0.0,0.0,0.0,0.0,0.0,,0.0,0.0,Wellington Region,Nil,2-way,Sealed,0.0,0.0,0,0.0,50.0,0.0,On,0.0,0.0,,47,Wellington City,Nil,0.0,0.0,0.0,0.0,0.0,0.0,Urban,0.0,0.0,0.0,Fine,Null,0
66545179,,574702,0.0,0.0,0.0,1.0,1.0,South,2022/2023,CHURCHILL DRIVE,WILTON BUSH ROAD,,Non-Injury Crash,No,2023,0.0,North,0.0,0,0.0,Hill Road,0.0,,0.0,,0.0,Dark,2103800,0,0.0,0.0,2.0,0.0,0.0,0.0,0.0,0.0,,0.0,0.0,Wellington Region,Nil,2-way,Sealed,0.0,0.0,0,0.0,50.0,0.0,On,0.0,0.0,,47,Wellington City,Nil,0.0,0.0,0.0,0.0,0.0,0.0,Urban,0.0,0.0,0.0,Fine,Null,0
66545194,,573101,0.0,,0.0,1.0,,Null,2022/2023,CAMBRIDGE TERRACE,COURTENAY PLACE,,Minor Crash,No,2023,,North,,0,,Flat,,,,,,Bright sun,2135700,1,0.0,0.0,3.0,,,0.0,,,1.0,,,Wellington Region,Nil,2-way,Sealed,,0.0,0,,50.0,,Off,0.0,1.0,,47,Wellington City,Traffic Signals,,,,,0.0,0.0,Urban,0.0,,,Fine,Null,0
66545214,,574500,0.0,0.0,0.0,2.0,0.0,North,2022/2023,WELLINGTON URBAN MOTORWAY,AOTEA QUAY OFF RAMP,,Non-Injury Crash,Yes,2023,0.0,South,0.0,0,0.0,Flat,1.0,,0.0,,0.0,Dark,2093600,0,0.0,0.0,3.0,0.0,0.0,0.0,0.0,0.0,,0.0,0.0,Wellington Region,Bridge,1-way,Sealed,0.0,0.0,0,0.0,100.0,0.0,On,0.0,1.0,,47,Wellington City,Nil,0.0,0.0,0.0,0.0,0.0,0.0,Open,0.0,0.0,0.0,Fine,Null,0
66545279,,574200,0.0,,0.0,2.0,,Null,2023/2024,BOX HILL,STATION ROAD,,Non-Injury Crash,No,2023,,East,,0,,Flat,,,,,,Overcast,2088100,0,0.0,0.0,2.0,,,0.0,,,,,,Wellington Region,Nil,2-way,Sealed,,0.0,0,,50.0,,Off,0.0,0.0,,47,Wellington City,Nil,,,,,0.0,0.0,Urban,0.0,,,Fine,Null,0
66545283,,575100,0.0,0.0,0.0,1.0,1.0,South,2023/2024,SOUTH KARORI ROAD,WOODHOUSE AVENUE,,Minor Crash,No,2023,0.0,South,0.0,0,0.0,Hill Road,0.0,,0.0,,0.0,Overcast,2116200,1,0.0,0.0,2.0,0.0,0.0,0.0,0.0,0.0,,0.0,0.0,Wellington Region,Nil,2-way,Sealed,0.0,0.0,0,0.0,50.0,0.0,Off,0.0,0.0,,47,Wellington City,Nil,0.0,0.0,0.0,0.0,0.0,0.0,Urban,0.0,0.0,0.0,Light rain,Null,0
66545296,,573700,0.0,,0.0,1.0,,Null,2023/2024,DISRAELI STREET,JOHNSONVILLE ROAD,,Minor Crash,No,2023,,North,,0,,Flat,,,,,,Overcast,2082800,1,0.0,0.0,1.0,,,0.0,,,1.0,,,Wellington Region,Nil,2-way,Sealed,,0.0,0,,50.0,,Off,0.0,0.0,,47,Wellington City,Give way,,,,,0.0,0.0,Urban,0.0,,,Fine,Null,0
66545340,,573000,0.0,0.0,0.0,0.0,0.0,West,2022/2023,WELLINGTON URBAN MOTORWAY,WILLIS STREET,,Non-Injury Crash,Yes,2022,0.0,East,0.0,0,0.0,Flat,1.0,,0.0,,1.0,Dark,2129700,0,0.0,0.0,2.0,0.0,0.0,0.0,0.0,0.0,,0.0,0.0,Wellington Region,Nil,1-way,Sealed,0.0,0.0,0,0.0,50.0,0.0,On,0.0,0.0,,47,Wellington City,Nil,0.0,0.0,0.0,0.0,0.0,0.0,Urban,1.0,0.0,0.0,Fine,Null,0
66545342,,573522,0.0,0.0,0.0,0.0,0.0,North,2022/2023,JOHNSONVILLE PORIRUA MOTORWAY,TAWA-GRENADA NORTH OFF RAMP,,Non-Injury Crash,Yes,2022,0.0,North,0.0,0,0.0,Flat,0.0,,0.0,,0.0,Dark,2053703,0,0.0,0.0,2.0,0.0,0.0,0.0,0.0,0.0,,0.0,0.0,Wellington Region,Motorway ramp,1-way,Sealed,0.0,0.0,0,0.0,100.0,0.0,On,0.0,0.0,,47,Wellington City,Nil,0.0,0.0,0.0,0.0,0.0,0.0,Open,1.0,0.0,0.0,Fine,Null,0
66545380,,573000,0.0,0.0,0.0,1.0,0.0,Null,2022/2023,LAMBTON QUAY,BRANDON STREET,,Non-Injury Crash,No,2022,0.0,South,0.0,0,0.0,Flat,0.0,,0.0,,0.0,Dark,2125600,0,0.0,0.0,3.0,0.0,0.0,0.0,0.0,0.0,,0.0,0.0,Wellington Region,Nil,2-way,Sealed,0.0,0.0,0,0.0,30.0,0.0,On,0.0,0.0,,47,Wellington City,Traffic Signals,0.0,1.0,0.0,0.0,0.0,0.0,Urban,0.0,0.0,0.0,Fine,Null,0
66545501,45.0,573600,0.0,0.0,0.0,1.0,1.0,North,2022/2023,JOHNSONVILLE OFF RAMP,MOOREFIELD ROAD,,Non-Injury Crash,No,2023,0.0,South,0.0,0,0.0,Flat,0.0,,0.0,,0.0,Dark,2081200,0,0.0,0.0,1.0,0.0,0.0,0.0,0.0,0.0,,0.0,0.0,Wellington Region,Underpass,1-way,Sealed,0.0,0.0,0,0.0,100.0,0.0,On,0.0,0.0,,47,Wellington City,Nil,0.0,0.0,0.0,0.0,0.0,0.0,Open,0.0,0.0,0.0,Heavy rain,Strong wind,0
66545524,,573000,0.0,,0.0,0.0,,North,2022/2023,WELLINGTON URBAN MOTORWAY,NORTH PORTAL SBD,,Non-Injury Crash,Yes,2023,,South,,0,,Flat,,,,,,Bright sun,2126700,0,0.0,0.0,1.0,,,0.0,,,,,,Wellington Region,Tunnel,1-way,Sealed,,0.0,0,,70.0,,Off,0.0,0.0,,47,Wellington City,Nil,,,,,0.0,0.0,Urban,2.0,,,Fine,Null,0
66545543,,575300,0.0,0.0,0.0,0.0,0.0,North,2021/2022,ST MICHAELS CRESCENT,HADFIELD TERRACE,,Non-Injury Crash,No,2021,0.0,North,0.0,0,0.0,Hill Road,0.0,,0.0,,0.0,Bright sun,2154800,0,0.0,0.0,2.0,0.0,0.0,0.0,0.0,1.0,,0.0,0.0,Wellington Region,Nil,2-way,Sealed,0.0,0.0,0,0.0,50.0,0.0,Off,1.0,0.0,,47,Wellington City,Nil,0.0,0.0,0.0,0.0,1.0,0.0,Urban,0.0,0.0,0.0,Fine,Null,1
66545608,,573600,0.0,0.0,0.0,1.0,1.0,Null,2022/2023,OHARIU ROAD,MORGAN STREET,,Non-Injury Crash,No,2022,0.0,East,0.0,0,1.0,Hill Road,0.0,,1.0,,0.0,Overcast,2080700,0,0.0,0.0,2.0,0.0,0.0,0.0,0.0,0.0,,0.0,0.0,Wellington Region,Nil,2-way,Sealed,0.0,0.0,0,0.0,50.0,0.0,Off,0.0,0.0,,47,Wellington City,Give way,0.0,0.0,0.0,0.0,0.0,0.0,Urban,0.0,0.0,0.0,Light rain,Null,0
66545619,35.0,576100,0.0,0.0,0.0,1.0,1.0,South,2022/2023,THE ESPLANADE,HOUGHTON BAY ROAD,,Minor Crash,No,2022,0.0,North,0.0,0,0.0,Flat,0.0,,0.0,,0.0,Dark,2195800,1,0.0,0.0,2.0,0.0,0.0,0.0,0.0,0.0,,0.0,0.0,Wellington Region,Nil,2-way,Sealed,0.0,0.0,0,0.0,50.0,0.0,None,0.0,0.0,,47,Wellington City,Nil,0.0,0.0,0.0,0.0,0.0,0.0,Urban,0.0,0.0,0.0,Light rain,Null,0
66545646,,574303,0.0,0.0,0.0,0.0,1.0,South,2022/2023,CENTENNIAL HIGHWAY,NEWLANDS OFF RAMP,,Non-Injury Crash,Yes,2023,0.0,North,0.0,0,0.0,Hill Road,0.0,,0.0,,0.0,Dark,2084302,0,0.0,0.0,6.0,0.0,0.0,1.0,0.0,0.0,,0.0,0.0,Wellington Region,Nil,2-way,Sealed,0.0,0.0,0,0.0,80.0,0.0,On,0.0,0.0,,47,Wellington City,Nil,0.0,0.0,0.0,0.0,1.0,0.0,Open,3.0,0.0,0.0,Fine,Null,0
66545662,,573300,0.0,0.0,0.0,1.0,0.0,North,2023/2024,SUSSEX STREET,RUGBY STREET,,Non-Injury Crash,Yes,2023,0.0,North,0.0,0,0.0,Hill Road,0.0,,0.0,,0.0,Dark,2145602,0,0.0,0.0,3.0,0.0,0.0,0.0,0.0,1.0,,0.0,0.0,Wellington Region,Nil,1-way,Sealed,0.0,0.0,0,0.0,50.0,0.0,On,0.0,0.0,,47,Wellington City,Nil,0.0,0.0,0.0,0.0,0.0,1.0,Urban,0.0,0.0,0.0,Light rain,Null,0
66545747,,572900,0.0,0.0,0.0,2.0,0.0,North,2020/2021,TINAKORI ROAD,HILL STREET,,Non-Injury Crash,No,2021,0.0,West,0.0,0,0.0,Flat,0.0,,0.0,,0.0,Overcast,2123100,0,0.0,0.0,2.0,0.0,0.0,0.0,0.0,1.0,,0.0,0.0,Wellington Region,Nil,2-way,Sealed,0.0,0.0,0,0.0,50.0,0.0,Off,0.0,0.0,,47,Wellington City,Nil,0.0,0.0,0.0,0.0,0.0,0.0,Urban,0.0,0.0,0.0,Fine,Null,1
66545788,,576301,0.0,0.0,0.0,2.0,0.0,North,2022/2023,RIDDIFORD STREET,NEWTOWN AVENUE,,Non-Injury Crash,No,2023,0.0,South,0.0,0,0.0,Flat,0.0,,0.0,,0.0,Bright sun,2165200,0,0.0,0.0,2.0,0.0,0.0,0.0,0.0,1.0,,0.0,0.0,Wellington Region,Nil,2-way,Sealed,0.0,0.0,0,0.0,40.0,0.0,Off,1.0,0.0,,47,Wellington City,Nil,0.0,0.0,0.0,0.0,0.0,0.0,Urban,0.0,0.0,0.0,Fine,Null,0
66545887,,573300,0.0,,0.0,2.0,,South,2022/2023,TARANAKI STREET,WEBB STREET,,Non-Injury Crash,No,2022,,North,,0,,Hill Road,,,,,,Bright sun,2144500,0,0.0,0.0,3.0,,,0.0,,,,,,Wellington Region,Nil,2-way,Sealed,,0.0,0,,50.0,,Off,0.0,0.0,,47,Wellington City,Nil,,,,,0.0,0.0,Urban,0.0,,,Fine,Null,0
66545900,,574001,0.0,,0.0,1.0,,Null,2023/2024,BAYLANDS DRIVE,SOMES CRESCENT,,Minor Crash,No,2023,,South,,0,,Flat,,,,,,Dark,2075600,1,0.0,0.0,2.0,,,0.0,,,1.0,,,Wellington Region,Nil,2-way,Sealed,,0.0,0,,50.0,,On,0.0,0.0,,47,Wellington City,Nil,,,,,0.0,0.0,Urban,0.0,,,Fine,Null,0
66545937,,574303,0.0,,0.0,1.0,,North,2021/2022,CENTENNIAL HIGHWAY,KIWI POINT QUARRY ENT,,Non-Injury Crash,Yes,2022,,North,,0,,Hill Road,,,,,,Bright sun,2084302,0,0.0,0.0,3.0,,,0.0,,,,,,Wellington Region,Nil,1-way,Sealed,,0.0,0,,80.0,,Null,1.0,0.0,,47,Wellington City,Nil,,,,,0.0,0.0,Open,0.0,,,Fine,Null,0
66545951,,576500,0.0,,0.0,1.0,,Null,2021/2022,ADELAIDE ROAD,RIDDIFORD ROAD ,,Minor Crash,No,2022,,South,,0,,Flat,,,,,,Dark,2148700,1,0.0,0.0,4.0,,,0.0,,,,,,Wellington Region,Nil,2-way,Sealed,,0.0,0,,50.0,,On,1.0,0.0,,47,Wellington City,Traffic Signals,,,,,0.0,0.0,Urban,0.0,,,Fine,Null,0
66545991,,577102,0.0,0.0,0.0,1.0,0.0,North,2022/2023,RAUKAWA STREET,NUKU STREET,,Non-Injury Crash,No,2022,0.0,South,0.0,0,0.0,Hill Road,1.0,,0.0,,0.0,Overcast,2215700,0,0.0,0.0,2.0,0.0,0.0,0.0,0.0,0.0,,0.0,0.0,Wellington Region,Nil,2-way,Sealed,0.0,0.0,0,0.0,50.0,0.0,None,0.0,0.0,,47,Wellington City,Nil,0.0,0.0,0.0,0.0,0.0,0.0,Urban,0.0,0.0,0.0,Light rain,Null,0
66546055,,574200,0.0,0.0,0.0,2.0,0.0,North,2021/2022,JOHN SIMS DRIVE,RAJKOT TERRACE,,Minor Crash,No,2022,0.0,North,0.0,0,0.0,Hill Road,0.0,,0.0,,0.0,Bright sun,2085202,1,0.0,0.0,2.0,0.0,0.0,0.0,0.0,2.0,,0.0,0.0,Wellington Region,Nil,2-way,Sealed,0.0,0.0,0,0.0,50.0,0.0,Off,0.0,0.0,,47,Wellington City,Nil,0.0,0.0,0.0,0.0,0.0,0.0,Urban,1.0,0.0,0.0,Mist or Fog,Null,0
66546060,,572900,0.0,0.0,0.0,1.0,0.0,North,2023/2024,AOTEA QUAY,OLD RLY XING,,Minor Crash,No,2023,0.0,North,0.0,0,0.0,Flat,1.0,,0.0,,0.0,Dark,2118400,1,0.0,0.0,4.0,0.0,0.0,0.0,0.0,0.0,,0.0,0.0,Wellington Region,Nil,2-way,Sealed,0.0,0.0,0,0.0,50.0,0.0,On,0.0,0.0,,47,Wellington City,Nil,0.0,0.0,0.0,0.0,0.0,0.0,Urban,0.0,0.0,0.0,Fine,Null,0
66546067,,573802,0.0,0.0,0.0,1.0,0.0,North,2023/2024,JOHNSONVILLE PORIRUA MOTORWAY,JVILLE OBR,,Non-Injury Crash,Yes,2023,0.0,South,0.0,0,0.0,Flat,1.0,,0.0,,0.0,Dark,2078701,0,0.0,0.0,2.0,0.0,0.0,0.0,0.0,0.0,,0.0,0.0,Wellington Region,Nil,1-way,Sealed,0.0,0.0,0,0.0,100.0,0.0,On,0.0,0.0,,47,Wellington City,Nil,0.0,0.0,0.0,0.0,0.0,0.0,Open,0.0,0.0,0.0,Light rain,Null,0
66546075,,573101,0.0,,0.0,1.0,,Null,2023/2024,GHUZNEE STREET,CUBA STREET,,Minor Crash,No,2024,,West,,0,,Flat,,,,,,Overcast,2131800,1,0.0,0.0,1.0,,,0.0,,,1.0,,,Wellington Region,Nil,1-way,Sealed,,0.0,0,,30.0,,Off,0.0,0.0,,47,Wellington City,Traffic Signals,,,,,0.0,0.0,Urban,0.0,,,Fine,Null,0
66546112,,576400,0.0,,0.0,1.0,,East,2021/2022,MEIN STREET,RIDDIFORD STREET,,Non-Injury Crash,No,2021,,West,,0,,Flat,,,,,,Dark,2166900,0,0.0,0.0,2.0,,,0.0,,,,,,Wellington Region,Nil,2-way,Sealed,,0.0,0,,40.0,,Null,0.0,0.0,,47,Wellington City,Nil,,,,,0.0,1.0,Urban,0.0,,,Light rain,Null,1
66546147,,573101,0.0,,0.0,0.0,,Null,2023/2024,COURTENAY PLACE,CAMBRIDGE TERRACE,,Minor Crash,No,2023,,West,,0,,Flat,,,,,,Overcast,2136000,1,0.0,0.0,1.0,,,0.0,,,1.0,,,Wellington Region,Nil,1-way,Sealed,,0.0,0,,30.0,,Null,0.0,0.0,,47,Wellington City,Nil,,,,,0.0,0.0,Urban,1.0,,,Fine,Null,0
66546203,,573101,0.0,,0.0,2.0,,Null,2022/2023,TORY STREET,COLLEGE STREET,,Non-Injury Crash,No,2023,,South,,0,,Null,,,,,,Dark,2136500,0,0.0,0.0,2.0,,,0.0,,,,,,Wellington Region,Nil,2-way,Sealed,,0.0,0,,30.0,,Null,0.0,0.0,,47,Wellington City,Nil,,,,,0.0,0.0,Urban,0.0,,,Fine,None,0
66546226,,574100,0.0,,0.0,1.0,,South,2023/2024,MOOREFIELD ROAD,STEPHEN STREET,,Minor Crash,No,2023,,South,,0,,Flat,,,,,,Dark,2085500,1,0.0,0.0,2.0,,,0.0,,,1.0,,,Wellington Region,Nil,2-way,Sealed,,0.0,0,,50.0,,On,0.0,0.0,,47,Wellington City,Nil,,,,,0.0,0.0,Urban,0.0,,,Light rain,Null,0
66546231,,574100,0.0,0.0,0.0,2.0,0.0,North,2023/2024,TRUSCOTT AVENUE,FAIRBURN GROVE,,Minor Crash,No,2023,0.0,South,0.0,0,0.0,Hill Road,0.0,,0.0,,0.0,Dark,2085800,1,0.0,0.0,2.0,0.0,0.0,0.0,0.0,1.0,,0.0,0.0,Wellington Region,Nil,2-way,Sealed,0.0,0.0,0,0.0,50.0,0.0,On,0.0,0.0,,47,Wellington City,Nil,0.0,0.0,0.0,0.0,0.0,0.0,Urban,0.0,0.0,0.0,Fine,Null,0
66546298,,572500,0.0,0.0,0.0,1.0,1.0,North,2023/2024,TAYLOR TERRACE,ZANDE TERRACE,,Non-Injury Crash,No,2023,0.0,South,0.0,0,0.0,Hill Road,0.0,,0.0,,1.0,Overcast,2053702,0,0.0,0.0,2.0,0.0,0.0,0.0,0.0,0.0,,0.0,0.0,Wellington Region,Nil,2-way,Sealed,0.0,0.0,0,0.0,50.0,0.0,Off,0.0,0.0,,47,Wellington City,Nil,0.0,0.0,0.0,0.0,0.0,0.0,Urban,0.0,0.0,0.0,Fine,Null,0
66546320,,572600,0.0,0.0,0.0,0.0,0.0,South,2021/2022,JOHNSONVILLE PORIRUA MOTORWAY,PED SUBWAY,,Non-Injury Crash,Yes,2022,0.0,North,0.0,0,0.0,Flat,1.0,,0.0,,0.0,Overcast,1992700,0,0.0,0.0,4.0,0.0,0.0,0.0,0.0,0.0,,0.0,0.0,Wellington Region,Nil,2-way,Sealed,0.0,0.0,0,0.0,100.0,0.0,Off,0.0,0.0,,47,Wellington City,Nil,0.0,0.0,0.0,0.0,0.0,0.0,Open,1.0,0.0,0.0,Fine,Null,0
66546371,,572702,0.0,0.0,0.0,1.0,0.0,Null,2022/2023,COLLINS AVENUE,MAHOE STREET ,,Non-Injury Crash,No,2023,0.0,South,0.0,0,1.0,Hill Road,0.0,,0.0,,1.0,Dark,2053813,0,0.0,0.0,2.0,0.0,0.0,0.0,0.0,0.0,,0.0,0.0,Wellington Region,Nil,2-way,Sealed,0.0,0.0,0,0.0,50.0,0.0,On,0.0,0.0,,47,Wellington City,Give way,0.0,0.0,0.0,0.0,0.0,0.0,Urban,0.0,0.0,0.0,Fine,Null,0
66546457,,576002,0.0,0.0,0.0,2.0,0.0,South,2022/2023,THE PARADE,TAMAR STREET,,Minor Crash,No,2022,0.0,South,0.0,0,0.0,Flat,0.0,,0.0,,0.0,Bright sun,2190300,1,0.0,0.0,2.0,0.0,0.0,0.0,0.0,1.0,,0.0,0.0,Wellington Region,Nil,2-way,Sealed,0.0,0.0,0,0.0,50.0,0.0,Off,0.0,0.0,,47,Wellington City,Nil,0.0,0.0,0.0,0.0,0.0,0.0,Urban,0.0,0.0,0.0,Fine,Null,0
66546488,,573101,1.0,,0.0,1.0,,Null,2022/2023,CABLE STREET,MARKET LANE,,Serious Crash,No,2022,,South,,0,,Flat,,,,,,Bright sun,2133100,0,0.0,0.0,3.0,,,0.0,,,,,,Wellington Region,Nil,1-way,Sealed,,0.0,1,,50.0,,Off,0.0,0.0,,47,Wellington City,Give way,,,,,0.0,0.0,Urban,0.0,,,Fine,Null,0
66546489,,573101,0.0,0.0,0.0,1.0,0.0,Null,2021/2022,CUBA STREET,ABEL SMITH STREET,,Non-Injury Crash,No,2021,0.0,East,0.0,0,0.0,Flat,0.0,,0.0,,0.0,Bright sun,2134400,0,0.0,0.0,2.0,0.0,0.0,0.0,0.0,1.0,,0.0,0.0,Wellington Region,Nil,2-way,Sealed,0.0,0.0,0,0.0,30.0,0.0,Null,1.0,0.0,,47,Wellington City,Stop,0.0,0.0,0.0,0.0,0.0,0.0,Urban,0.0,0.0,0.0,Fine,Null,1
66546648,,576200,0.0,,0.0,1.0,,Null,2021/2022,ADELAIDE ROAD,BRITOMART STREET,,Non-Injury Crash,No,2021,,South,,0,,Flat,,,,,,Unknown,2171200,0,0.0,0.0,2.0,,,0.0,,,,,,Wellington Region,Nil,2-way,Sealed,,0.0,0,,50.0,,Null,0.0,0.0,,47,Wellington City,Traffic Signals,,,,,1.0,0.0,Urban,0.0,,,Null,Null,1