OBJECTID,advisorySpeed,areaUnitID,bicycle,bridge,bus,carStationWagon,cliffBank,crashDirectionDescription,crashFinancialYear,crashLocation1,crashLocation2,crashRoadSideRoad,crashSeverity,crashSHDescription,crashYear,debris,directionRoleDescription,ditch,fatalCount,fence,flatHill,guardRail,holiday,houseOrBuilding,intersection,kerb,light,meshblockId,minorInjuryCount,moped,motorcycle,NumberOfLanes,objectThrownOrDropped,otherObject,otherVehicleType,overBank,parkedVehicle,pedestrian,phoneBoxEtc,postOrPole,region,roadCharacter,roadLane,roadSurface,roadworks,schoolBus,seriousInjuryCount,slipOrFlood,speedLimit,strayAnimal,streetLight,suv,taxi,temporarySpeedLimit,tlaId,tlaName,trafficControl,trafficIsland,trafficSign,train,tree,truck,unknownVehicleType,urban,vanOrUtility,vehicle,waterRiver,weatherA,weatherB,if_pandemic
66546665,,573101,0.0,,0.0,2.0,,Null,2022/2023,TARANAKI STREET,LUKES LANE,,Non-Injury Crash,No,2022,,South,,0,,Flat,,,,,,Overcast,2133200,0,0.0,0.0,5.0,,,0.0,,,,,,Wellington Region,Nil,2-way,Sealed,,0.0,0,,30.0,,Null,0.0,0.0,,47,Wellington City,Nil,,,,,0.0,0.0,Urban,0.0,,,Light rain,Null,0
66546679,,573000,0.0,,0.0,0.0,,Null,2023/2024,HUNTER STREET,JERVOIS QUAY,,Serious Crash,No,2023,,East,,0,,Flat,,,,,,Bright sun,2124300,0,0.0,0.0,2.0,,,0.0,,,1.0,,,Wellington Region,Nil,1-way,Sealed,,0.0,1,,50.0,,Off,0.0,0.0,,47,Wellington City,Traffic Signals,,,,,0.0,0.0,Urban,1.0,,,Fine,Null,0
66546680,,577601,0.0,0.0,0.0,1.0,0.0,Null,2022/2023,MAUPUIA ROAD,AKAROA DRIVE,,Minor Crash,No,2022,0.0,North,0.0,0,0.0,Flat,0.0,Christmas New Year,0.0,,0.0,Bright sun,2201300,1,0.0,0.0,2.0,0.0,0.0,0.0,0.0,0.0,,1.0,0.0,Wellington Region,Nil,2-way,Sealed,0.0,0.0,0,0.0,50.0,0.0,Off,0.0,0.0,,47,Wellington City,Give way,0.0,0.0,0.0,0.0,0.0,0.0,Urban,0.0,0.0,0.0,Fine,Null,0
66546853,,576903,0.0,,0.0,2.0,,South,2021/2022,EVANS BAY PARADE,BELVEDERE ROAD,,Non-Injury Crash,No,2021,,North,,0,,Flat,,,,,,Twilight,2179800,0,0.0,0.0,2.0,,,0.0,,,,,,Wellington Region,Nil,2-way,Sealed,,0.0,0,,50.0,,Off,0.0,0.0,,47,Wellington City,Nil,,,,,0.0,0.0,Urban,0.0,,,Fine,Null,1
66546869,,573000,0.0,,1.0,1.0,,Null,2021/2022,JERVOIS QUAY,HARRIS STREET,,Non-Injury Crash,No,2022,,South,,0,,Flat,,,,,,Overcast,2124300,0,0.0,0.0,3.0,,,0.0,,,,,,Wellington Region,Nil,1-way,Sealed,,0.0,0,,50.0,,Off,0.0,0.0,,47,Wellington City,Traffic Signals,,,,,0.0,0.0,Urban,1.0,,,Fine,Null,0
66546879,,576301,0.0,,0.0,1.0,,South,2021/2022,RIDDIFORD STREET,NEWTOWN AVENUE,,Non-Injury Crash,No,2022,,South,,0,,Flat,,,,,,Bright sun,2165500,0,0.0,0.0,2.0,,,0.0,,,1.0,,,Wellington Region,Nil,2-way,Sealed,,0.0,0,,40.0,,Off,0.0,1.0,,47,Wellington City,Nil,,,,,0.0,0.0,Urban,0.0,,,Fine,Null,0
66546885,,573000,0.0,1.0,0.0,0.0,0.0,North,2021/2022,WILLIS STREET,ABEL SMITH STREET,,Non-Injury Crash,No,2022,0.0,North,0.0,0,0.0,Flat,0.0,,0.0,,0.0,Unknown,2130200,0,0.0,0.0,2.0,0.0,0.0,0.0,0.0,1.0,,0.0,0.0,Wellington Region,Nil,1-way,Sealed,0.0,0.0,0,0.0,30.0,0.0,Null,0.0,0.0,,47,Wellington City,Nil,0.0,0.0,0.0,0.0,1.0,0.0,Urban,1.0,0.0,0.0,Null,Null,0
66546952,,573000,0.0,,0.0,2.0,,South,2022/2023,WELLINGTON URBAN MOTORWAY,NORTH PORTAL NBD,,Non-Injury Crash,Yes,2022,,North,,0,,Flat,,,,,,Dark,2126900,0,0.0,0.0,3.0,,,0.0,,,,,,Wellington Region,Tunnel,2-way,Sealed,,0.0,0,,100.0,,On,0.0,0.0,,47,Wellington City,Nil,,,,,0.0,0.0,Open,0.0,,,Light rain,Null,0
66546960,,574002,0.0,0.0,0.0,1.0,0.0,North,2022/2023,WELLINGTON URBAN MOTORWAY,NGAURANGA ON NBD OBR,,Minor Crash,Yes,2023,0.0,North,0.0,0,0.0,Flat,0.0,,0.0,,0.0,Dark,2078302,2,0.0,0.0,2.0,0.0,0.0,0.0,0.0,0.0,,0.0,0.0,Wellington Region,Motorway ramp,1-way,Sealed,0.0,0.0,0,0.0,100.0,0.0,On,0.0,0.0,50.0,47,Wellington City,Nil,0.0,0.0,0.0,0.0,1.0,0.0,Open,1.0,1.0,0.0,Fine,Null,0
66546983,,576600,1.0,,0.0,1.0,,West,2022/2023,ORIENTAL PARADE,FREYBERG POOL CPK ENT,,Minor Crash,No,2023,,West,,0,,Flat,,,,,,Bright sun,2137900,1,0.0,0.0,2.0,,,0.0,,,,,,Wellington Region,Nil,2-way,Sealed,,0.0,0,,50.0,,Off,0.0,0.0,,47,Wellington City,Nil,,,,,0.0,0.0,Urban,0.0,,,Fine,Null,0
66547039,,576400,0.0,,0.0,2.0,,East,2022/2023,NORMANBY STREET,RIDDIFORD STREET,,Non-Injury Crash,No,2022,,West,,0,,Flat,,,,,,Bright sun,2168600,0,0.0,0.0,2.0,,,0.0,,,,,,Wellington Region,Nil,2-way,Sealed,,0.0,0,,40.0,,Off,0.0,0.0,,47,Wellington City,Nil,,,,,0.0,0.0,Urban,0.0,,,Fine,Null,0
66547072,,573511,0.0,0.0,0.0,1.0,0.0,South,2022/2023,JOHNSONVILLE PORIRUA MOTORWAY,WESTCHESTER OBR NBD,,Non-Injury Crash,Yes,2022,0.0,North,0.0,0,0.0,Flat,1.0,,0.0,,0.0,Overcast,2086203,0,0.0,0.0,2.0,0.0,0.0,0.0,0.0,0.0,,0.0,0.0,Wellington Region,Nil,1-way,Sealed,0.0,0.0,0,0.0,100.0,0.0,None,0.0,0.0,,47,Wellington City,Nil,0.0,0.0,0.0,0.0,0.0,0.0,Open,0.0,0.0,0.0,Light rain,Null,0
66547093,,572701,0.0,0.0,0.0,2.0,0.0,North,2021/2022,BEAUCHAMP STREET,MCLELLAN STREET,,Non-Injury Crash,No,2021,0.0,South,0.0,0,0.0,Flat,0.0,,0.0,,0.0,Dark,1994302,0,0.0,0.0,2.0,0.0,1.0,0.0,0.0,1.0,,0.0,0.0,Wellington Region,Nil,2-way,Sealed,0.0,0.0,0,0.0,50.0,0.0,On,0.0,0.0,,47,Wellington City,Nil,0.0,0.0,0.0,0.0,0.0,0.0,Urban,0.0,0.0,0.0,Fine,Null,1
66547107,,576002,0.0,,0.0,3.0,,East,2022/2023,THE ESPLANADE,REEF STREET,,Minor Crash,No,2023,,East,,0,,Flat,,,,,,Bright sun,2189600,2,0.0,0.0,2.0,,,0.0,,,,,,Wellington Region,Nil,2-way,Sealed,,0.0,0,,30.0,,None,0.0,0.0,,47,Wellington City,Nil,,,,,0.0,0.0,Urban,1.0,,,Fine,Null,0
66547219,,574303,0.0,,0.0,2.0,,North,2021/2022,CENTENNIAL HIGHWAY,TYERS ROAD,,Non-Injury Crash,Yes,2022,,North,,0,,Hill Road,,,,,,Bright sun,2088705,0,0.0,0.0,3.0,,,0.0,,,,,,Wellington Region,Nil,1-way,Sealed,,0.0,0,,80.0,,Null,0.0,0.0,,47,Wellington City,Nil,,,,,0.0,0.0,Open,0.0,,,Fine,Null,0
66547241,,573526,0.0,,0.0,3.0,,South,2021/2022,HUTT ROAD,HOROKIWI ROAD,,Non-Injury Crash,Yes,2022,,North,,0,,Flat,,Easter,,,,Dark,2086403,0,0.0,0.0,2.0,,,0.0,,,,,,Wellington Region,Nil,1-way,Sealed,,0.0,0,,100.0,,On,0.0,0.0,,47,Wellington City,Nil,,,,,0.0,0.0,Open,1.0,,,Fine,Null,0
66547247,,573101,0.0,,0.0,2.0,,Null,2021/2022,TARANAKI STREET,MANNERS STREET,,Non-Injury Crash,No,2022,,South,,0,,Flat,,,,,,Overcast,2135600,0,0.0,0.0,4.0,,,0.0,,,,,,Wellington Region,Nil,2-way,Sealed,,0.0,0,,50.0,,Off,0.0,0.0,,47,Wellington City,Nil,,,,,0.0,0.0,Urban,0.0,,,Fine,Null,0
66547269,,573101,0.0,,0.0,2.0,,Null,2021/2022,TARANAKI STREET,HAINING STREET,,Non-Injury Crash,No,2022,,West,,0,,Flat,,,,,,Bright sun,2134900,0,0.0,0.0,2.0,,,0.0,,,,,,Wellington Region,Nil,2-way,Sealed,,0.0,0,,50.0,,Off,0.0,0.0,,47,Wellington City,Nil,,,,,0.0,0.0,Urban,0.0,,,Fine,Null,0
66547287,,573101,0.0,,0.0,1.0,,Null,2022/2023,WAKEFIELD STREET,TORY STREET,,Non-Injury Crash,No,2022,,West,,0,,Null,,,,,,Bright sun,2135700,0,1.0,0.0,3.0,,,0.0,,,,,,Wellington Region,Nil,1-way,Sealed,,0.0,0,,50.0,,Off,0.0,0.0,,47,Wellington City,Traffic Signals,,,,,0.0,0.0,Urban,0.0,,,Null,Null,0
66547406,,574002,0.0,,0.0,2.0,,South,2022/2023,CENTENNIAL HIGHWAY,NEWLANDS ON RAMP,,Non-Injury Crash,Yes,2022,,South,,0,,Hill Road,,,,,,Overcast,2078304,0,0.0,0.0,3.0,,,0.0,,,,,,Wellington Region,Nil,1-way,Sealed,,0.0,0,,100.0,,None,0.0,0.0,,47,Wellington City,Nil,,,,,0.0,0.0,Open,0.0,,,Light rain,Null,0
66547413,,574702,0.0,,0.0,2.0,,Null,2022/2023,PEMBROKE ROAD,HEREFORD STREET,,Minor Crash,No,2023,,North,,0,,Hill Road,,,,,,Overcast,2103500,2,0.0,0.0,2.0,,,0.0,,,,,,Wellington Region,Nil,2-way,Sealed,,0.0,0,,50.0,,On,0.0,1.0,,47,Wellington City,Give way,,,,,0.0,0.0,Urban,0.0,,,Fine,Null,0
66547421,95.0,574500,0.0,0.0,0.0,1.0,0.0,South,2021/2022,WELLINGTON URBAN MOTORWAY,ONSLOW RAIL OBR,,Non-Injury Crash,Yes,2022,0.0,North,0.0,0,0.0,Flat,1.0,Easter,0.0,,0.0,Dark,2093400,0,0.0,0.0,4.0,0.0,0.0,0.0,0.0,0.0,,0.0,0.0,Wellington Region,Nil,1-way,Sealed,0.0,0.0,0,0.0,100.0,0.0,On,0.0,0.0,,47,Wellington City,Nil,0.0,0.0,0.0,0.0,0.0,0.0,Open,0.0,0.0,0.0,Fine,Null,0
66547422,,573101,0.0,,0.0,1.0,,North,2023/2024,TARANAKI STREET,BUCKLE STREET,,Non-Injury Crash,No,2023,,South,,0,,Flat,,,,,,Dark,2134700,0,0.0,0.0,5.0,,,0.0,,,,,,Wellington Region,Nil,2-way,Sealed,,0.0,0,,50.0,,On,1.0,0.0,,47,Wellington City,Nil,,,,,0.0,0.0,Urban,0.0,,,Fine,Null,0
66547449,,573700,0.0,,0.0,2.0,,North,2022/2023,JOHNSONVILLE PORIRUA MOTORWAY,JVILLE OBR,,Non-Injury Crash,Yes,2022,,North,,0,,Hill Road,,,,,,Dark,2083100,0,0.0,0.0,2.0,,,0.0,,,,,,Wellington Region,Nil,1-way,Sealed,,0.0,0,,100.0,,On,0.0,1.0,,47,Wellington City,Nil,,,,,0.0,0.0,Open,1.0,,,Fine,Null,0
66547527,,576200,0.0,,0.0,1.0,,South,2022/2023,ADELAIDE ROAD,HERALD STREET,,Minor Crash,No,2023,,South,,0,,Hill Road,,,,,,Overcast,2172500,1,0.0,0.0,2.0,,,0.0,,,1.0,,,Wellington Region,Nil,2-way,Sealed,,0.0,0,,30.0,,Off,0.0,0.0,,47,Wellington City,Nil,,,,,0.0,0.0,Urban,0.0,,,Fine,Null,0
66547531,,574100,0.0,0.0,0.0,1.0,0.0,North,2022/2023,MOOREFIELD ROAD,HAUMIA STREET,,Minor Crash,No,2023,0.0,South,0.0,0,0.0,Hill Road,0.0,,0.0,,1.0,Bright sun,2085500,1,0.0,0.0,2.0,0.0,0.0,0.0,0.0,0.0,,0.0,0.0,Wellington Region,Nil,2-way,Sealed,0.0,0.0,0,0.0,50.0,0.0,Off,0.0,0.0,,47,Wellington City,Nil,0.0,0.0,0.0,1.0,0.0,0.0,Urban,0.0,0.0,0.0,Fine,Null,0
66547539,,573101,0.0,,0.0,1.0,,Null,2022/2023,TARANAKI STREET,VIVIAN STREET,,Non-Injury Crash,No,2022,,South,,0,,Flat,,Labour Weekend,,,,Bright sun,2133800,0,0.0,0.0,5.0,,,0.0,,,,,,Wellington Region,Nil,2-way,Sealed,,0.0,0,,50.0,,Off,0.0,0.0,,47,Wellington City,Traffic Signals,,,,,1.0,0.0,Urban,0.0,,,Fine,Null,0
66547573,,573526,0.0,,0.0,1.0,,North,2021/2022,HUTT ROAD,SERVICE STN STH,,Non-Injury Crash,Yes,2021,,North,,0,,Flat,,,,,,Overcast,2077503,0,0.0,0.0,2.0,,,0.0,,,,,,Wellington Region,Nil,1-way,Sealed,,0.0,0,,100.0,,On,1.0,0.0,,47,Wellington City,Nil,,,,,0.0,0.0,Open,0.0,,,Fine,Null,1
66547582,,574304,0.0,0.0,0.0,2.0,0.0,East,2022/2023,HOMEBUSH ROAD,ONSLOW ROAD,,Non-Injury Crash,No,2023,0.0,South,0.0,0,0.0,Hill Road,0.0,,0.0,,0.0,Overcast,2090404,0,0.0,0.0,2.0,0.0,0.0,0.0,0.0,3.0,,0.0,0.0,Wellington Region,Nil,2-way,Sealed,0.0,0.0,0,0.0,50.0,0.0,Off,1.0,0.0,,47,Wellington City,Nil,0.0,0.0,0.0,0.0,0.0,0.0,Urban,1.0,0.0,0.0,Fine,Null,0
66547649,,572701,0.0,0.0,0.0,2.0,0.0,South,2022/2023,HINAU STREET,COLLINS AVENUE,,Non-Injury Crash,No,2022,0.0,South,0.0,0,0.0,Flat,0.0,,0.0,,0.0,Bright sun,1993301,0,0.0,0.0,2.0,0.0,0.0,0.0,0.0,1.0,,0.0,0.0,Wellington Region,Nil,2-way,Sealed,0.0,0.0,0,0.0,50.0,0.0,Off,0.0,0.0,,47,Wellington City,Nil,0.0,0.0,0.0,0.0,0.0,0.0,Urban,0.0,0.0,0.0,Fine,Null,0
66547701,,573700,0.0,0.0,0.0,3.0,0.0,East,2022/2023,HINDMARSH STREET,BOULD STREET,,Minor Crash,No,2022,0.0,West,0.0,0,0.0,Flat,0.0,,0.0,,0.0,Overcast,2083100,1,0.0,0.0,2.0,0.0,0.0,0.0,0.0,1.0,,0.0,0.0,Wellington Region,Nil,2-way,Sealed,0.0,0.0,0,0.0,50.0,0.0,Off,0.0,0.0,,47,Wellington City,Nil,0.0,0.0,0.0,0.0,0.0,0.0,Urban,0.0,0.0,0.0,Fine,Null,0
66547755,,573101,0.0,,0.0,2.0,,Null,2021/2022,DIXON STREET,WILLIS STREET,,Non-Injury Crash,No,2022,,West,,0,,Hill Road,,,,,,Overcast,2131400,0,0.0,0.0,2.0,,,0.0,,,,,,Wellington Region,Nil,1-way,Sealed,,0.0,0,,30.0,,Null,0.0,0.0,,47,Wellington City,Traffic Signals,,,,,0.0,0.0,Urban,0.0,,,Null,Null,0
66547756,,576400,0.0,,0.0,0.0,,South,2021/2022,DANIELL STREET,WINGATE TERRACE,,Non-Injury Crash,No,2021,,North,,0,,Hill Road,,,,,,Bright sun,2170400,0,0.0,0.0,2.0,,,0.0,,,,,,Wellington Region,Nil,2-way,Sealed,,0.0,0,,50.0,,Null,2.0,0.0,,47,Wellington City,Nil,,,,,0.0,0.0,Urban,0.0,,,Fine,Null,1
66547779,,573000,0.0,,0.0,1.0,,South,2021/2022,WELLINGTON URBAN MOTORWAY,NORTH PORTAL NBD,,Non-Injury Crash,Yes,2021,,North,,0,,Flat,,,,,,Bright sun,2126700,0,0.0,0.0,3.0,,,0.0,,,,,,Wellington Region,Tunnel,2-way,Sealed,,0.0,0,,100.0,,Null,0.0,0.0,,47,Wellington City,Nil,,,,,0.0,0.0,Open,1.0,,,Fine,Null,1
66547809,,576301,0.0,0.0,0.0,2.0,0.0,South,2021/2022,ADELAIDE ROAD,MUDGES TERRACE,,Non-Injury Crash,No,2022,0.0,South,0.0,0,0.0,Flat,0.0,,0.0,,0.0,Dark,2164500,0,0.0,0.0,2.0,0.0,0.0,0.0,0.0,1.0,,0.0,0.0,Wellington Region,Nil,2-way,Sealed,0.0,0.0,0,0.0,50.0,0.0,On,0.0,0.0,,47,Wellington City,Nil,0.0,0.0,0.0,0.0,0.0,0.0,Urban,0.0,0.0,0.0,Fine,Null,0
66547821,25.0,573000,0.0,,0.0,0.0,,West,2021/2022,SALAMANCA ROAD,MOUNT STREET,,Minor Crash,No,2022,,East,,0,,Hill Road,,,,,,Overcast,2126900,1,0.0,0.0,2.0,,,0.0,,,,,,Wellington Region,Nil,2-way,Sealed,,0.0,0,,50.0,,Off,0.0,0.0,30.0,47,Wellington City,Nil,,,,,1.0,0.0,Urban,1.0,,,Fine,Null,0
66547876,,575600,0.0,,0.0,2.0,,Null,2021/2022,OHIRO ROAD,BROOKLYN ROAD,,Non-Injury Crash,No,2021,,South,,0,,Hill Road,,,,,,Bright sun,2161900,0,0.0,0.0,2.0,,,0.0,,,,,,Wellington Region,Nil,2-way,Sealed,,0.0,0,,50.0,,Off,0.0,0.0,,47,Wellington City,Give way,,,,,0.0,0.0,Urban,0.0,,,Fine,Null,1
66547974,,574303,0.0,1.0,0.0,1.0,0.0,East,2022/2023,HUTT ROAD,HUTT NIMT OBR,,Non-Injury Crash,No,2022,0.0,North,0.0,0,0.0,Flat,0.0,,0.0,,0.0,Dark,2090402,0,0.0,0.0,4.0,0.0,0.0,0.0,0.0,0.0,,0.0,0.0,Wellington Region,Underpass,2-way,Sealed,0.0,0.0,0,0.0,80.0,0.0,On,0.0,0.0,,47,Wellington City,Nil,0.0,0.0,0.0,0.0,0.0,0.0,Open,0.0,0.0,0.0,Fine,Null,0
66548002,,573300,0.0,0.0,0.0,2.0,0.0,South,2022/2023,RUGBY STREET,SUSSEX STREET,,Non-Injury Crash,Yes,2023,0.0,North,0.0,0,0.0,Hill Road,1.0,,0.0,,0.0,Dark,2145602,0,0.0,0.0,3.0,0.0,0.0,0.0,0.0,1.0,,0.0,0.0,Wellington Region,Nil,1-way,Sealed,0.0,0.0,0,0.0,50.0,0.0,On,0.0,0.0,,47,Wellington City,Nil,0.0,0.0,0.0,0.0,0.0,0.0,Urban,0.0,0.0,0.0,Fine,Null,0
66548033,,573700,0.0,0.0,0.0,2.0,0.0,West,2022/2023,FRANKMOORE AVENUE,MOOREFIELD ROAD,,Non-Injury Crash,No,2022,0.0,North,0.0,0,0.0,Flat,0.0,,0.0,,0.0,Dark,2082400,0,0.0,0.0,2.0,0.0,0.0,0.0,0.0,1.0,,0.0,0.0,Wellington Region,Nil,2-way,Sealed,0.0,0.0,0,0.0,50.0,0.0,On,0.0,0.0,,47,Wellington City,Nil,0.0,0.0,0.0,0.0,0.0,0.0,Urban,1.0,0.0,0.0,Fine,Null,0
66548035,,573101,0.0,,0.0,2.0,,South,2021/2022,ARTHUR STREET,CUBA STREET,,Non-Injury Crash,Yes,2022,,North,,0,,Flat,,,,,,Overcast,2134600,0,0.0,0.0,3.0,,,0.0,,,,,,Wellington Region,Nil,1-way,Sealed,,0.0,0,,50.0,,Off,0.0,0.0,,47,Wellington City,Nil,,,,,0.0,0.0,Urban,0.0,,,Fine,Null,0
66548057,,572500,0.0,,0.0,2.0,,East,2022/2023,MAIN ROAD,WILLIAM EARP PLACE,,Non-Injury Crash,No,2022,,East,,0,,Flat,,,,,,Bright sun,2053702,0,0.0,0.0,1.0,,,0.0,,,,,,Wellington Region,Nil,1-way,Sealed,,0.0,0,,50.0,,Off,0.0,0.0,,47,Wellington City,Nil,,,,,0.0,0.0,Urban,0.0,,,Fine,Null,0
66548108,,574702,0.0,0.0,0.0,1.0,0.0,South,2021/2022,WILTON ROAD,BERKSHIRE AVENUE,,Non-Injury Crash,No,2022,0.0,North,0.0,0,0.0,Flat,0.0,,0.0,,0.0,Dark,2103600,0,0.0,0.0,2.0,0.0,0.0,0.0,1.0,0.0,,0.0,0.0,Wellington Region,Nil,2-way,Sealed,0.0,0.0,0,0.0,50.0,0.0,On,0.0,0.0,,47,Wellington City,Nil,0.0,0.0,0.0,1.0,0.0,0.0,Urban,0.0,0.0,0.0,Fine,Null,0
66548145,,577301,0.0,,0.0,1.0,,Null,2023/2024,AWA ROAD,SEATOUN HEIGHTS ROAD,,Serious Crash,No,2023,,West,,0,,Hill Road,,,,,,Overcast,2204300,0,0.0,1.0,2.0,,,0.0,,,,,,Wellington Region,Nil,2-way,Sealed,,0.0,1,,50.0,,Null,0.0,0.0,,47,Wellington City,Nil,,,,,0.0,0.0,Urban,0.0,,,Fine,Null,0
66548147,,576400,0.0,0.0,0.0,1.0,0.0,North,2021/2022,MANCHESTER STREET,CAPRERA STREET,,Non-Injury Crash,No,2022,0.0,North,0.0,0,1.0,Hill Road,0.0,,0.0,,1.0,Overcast,2170901,0,0.0,0.0,2.0,0.0,0.0,0.0,0.0,0.0,,0.0,0.0,Wellington Region,Nil,2-way,Unsealed,0.0,0.0,0,0.0,50.0,0.0,Off,0.0,0.0,,47,Wellington City,Nil,0.0,0.0,0.0,1.0,0.0,0.0,Urban,0.0,0.0,0.0,Light rain,Null,0
66548178,,573101,0.0,,0.0,1.0,,Null,2022/2023,TARANAKI STREET,HALLEYS LANE,,Serious Crash,No,2023,,South,,0,,Flat,,,,,,Overcast,2133200,0,0.0,1.0,4.0,,,0.0,,,,,,Wellington Region,Nil,2-way,Sealed,,0.0,1,,50.0,,Off,0.0,0.0,,47,Wellington City,Nil,,,,,0.0,0.0,Urban,0.0,,,Fine,Null,0
66548197,,577102,0.0,,0.0,2.0,,Null,2022/2023,MONORGAN ROAD,RAUKAWA STREET,,Minor Crash,No,2022,,North,,0,,Hill Road,,,,,,Overcast,2214700,2,0.0,0.0,2.0,,,0.0,,,,,,Wellington Region,Nil,2-way,Sealed,,0.0,0,,50.0,,Null,0.0,0.0,,47,Wellington City,Give way,,,,,0.0,0.0,Urban,0.0,,,Fine,Null,0
66548203,,577302,0.0,,0.0,3.0,,Null,2022/2023,PARK ROAD,BRUSSELS STREET,,Minor Crash,No,2023,,North,,0,,Flat,,,,,,Bright sun,2206102,3,0.0,0.0,2.0,,,0.0,,,,,,Wellington Region,Nil,2-way,Sealed,,0.0,0,,50.0,,Off,0.0,0.0,,47,Wellington City,Give way,,,,,0.0,0.0,Urban,0.0,,,Fine,Null,0
66548226,,573101,1.0,,0.0,1.0,,Null,2022/2023,DIXON STREET,CUBA STREET,,Non-Injury Crash,No,2022,,West,,0,,Flat,,,,,,Bright sun,2131500,0,0.0,0.0,2.0,,,0.0,,,,,,Wellington Region,Nil,1-way,Sealed,,0.0,0,,30.0,,Off,0.0,0.0,,47,Wellington City,Traffic Signals,,,,,0.0,0.0,Urban,0.0,,,Fine,Null,0
66548268,,577200,0.0,,0.0,2.0,,North,2021/2022,COBHAM DRIVE,CALABAR ROAD,,Non-Injury Crash,No,2022,,South,,0,,Flat,,,,,,Dark,2206200,0,0.0,0.0,2.0,,,0.0,,,,,,Wellington Region,Nil,2-way,Sealed,,0.0,0,,50.0,,On,0.0,0.0,,47,Wellington City,Nil,,,,,0.0,0.0,Urban,0.0,,,Fine,Null,0
66548338,,573523,0.0,0.0,0.0,1.0,0.0,South,2022/2023,JOHNSONVILLE PORIRUA MOTORWAY,WESTCHESTER DRIVE OBR SBD,,Non-Injury Crash,Yes,2022,0.0,South,0.0,0,0.0,Flat,1.0,,0.0,,0.0,Dark,2086310,0,0.0,0.0,2.0,0.0,0.0,0.0,0.0,0.0,,0.0,0.0,Wellington Region,Underpass,1-way,Sealed,0.0,0.0,0,0.0,100.0,0.0,On,0.0,0.0,,47,Wellington City,Nil,0.0,0.0,0.0,0.0,0.0,0.0,Open,0.0,0.0,0.0,Fine,Null,0
66548441,,573101,0.0,,0.0,2.0,,Null,2022/2023,VIVIAN STREET,CAMBRIDGE TERRACE,,Non-Injury Crash,Yes,2023,,North,,0,,Flat,,,,,,Dark,2136700,0,0.0,0.0,3.0,,,0.0,,,,,,Wellington Region,Nil,1-way,Sealed,,0.0,0,,50.0,,On,0.0,0.0,,47,Wellington City,Traffic Signals,,,,,0.0,0.0,Urban,0.0,,,Fine,Null,0
66548455,,573903,0.0,0.0,0.0,2.0,0.0,West,2021/2022,NEWLANDS ROAD,WAKELY ROAD,,Minor Crash,No,2022,0.0,West,0.0,0,0.0,Hill Road,0.0,,0.0,,0.0,Dark,2075103,2,0.0,0.0,2.0,0.0,0.0,0.0,0.0,1.0,,0.0,0.0,Wellington Region,Nil,2-way,Sealed,0.0,0.0,0,0.0,50.0,0.0,On,0.0,0.0,,47,Wellington City,Nil,0.0,0.0,0.0,0.0,0.0,0.0,Urban,0.0,0.0,0.0,Fine,Null,0
66548474,,574702,0.0,0.0,0.0,2.0,0.0,North,2022/2023,WILTON ROAD,NORWICH STREET,,Minor Crash,No,2022,0.0,South,0.0,0,0.0,Flat,0.0,,0.0,,0.0,Bright sun,2103800,1,0.0,0.0,2.0,0.0,0.0,0.0,0.0,1.0,,0.0,0.0,Wellington Region,Nil,2-way,Sealed,0.0,0.0,0,0.0,50.0,0.0,Off,1.0,0.0,,47,Wellington City,Unknown,0.0,0.0,0.0,0.0,0.0,0.0,Urban,0.0,0.0,0.0,Fine,Null,0
66548499,,573101,0.0,0.0,0.0,1.0,0.0,East,2021/2022,DIXON STREET,WILLIS STREET,,Non-Injury Crash,No,2021,0.0,West,0.0,0,0.0,Hill Road,0.0,,0.0,,0.0,Unknown,2131300,0,0.0,0.0,2.0,0.0,0.0,0.0,0.0,1.0,,0.0,0.0,Wellington Region,Nil,1-way,Sealed,0.0,0.0,0,0.0,30.0,0.0,Null,0.0,0.0,,47,Wellington City,Nil,0.0,0.0,0.0,0.0,0.0,0.0,Urban,1.0,0.0,0.0,Null,Null,1
66548521,,573000,0.0,,0.0,1.0,,Null,2022/2023,JERVOIS QUAY,HUNTER STREET,,Minor Crash,No,2022,,South,,0,,Flat,,,,,,Bright sun,2124300,3,0.0,0.0,3.0,,,0.0,,,,,,Wellington Region,Nil,1-way,Sealed,,0.0,0,,50.0,,Off,0.0,0.0,,47,Wellington City,Traffic Signals,,,,,0.0,0.0,Urban,1.0,,,Fine,Null,0
66548532,,574303,0.0,0.0,0.0,1.0,1.0,West,2023/2024,NEWLANDS OFF RAMP,NEWLANDS OBR NBD,,Minor Crash,No,2023,0.0,North,0.0,0,0.0,Flat,0.0,,0.0,,0.0,Dark,2084302,1,0.0,0.0,1.0,0.0,0.0,0.0,0.0,0.0,,0.0,1.0,Wellington Region,Overpass,1-way,Sealed,0.0,0.0,0,0.0,100.0,0.0,On,0.0,0.0,,47,Wellington City,Nil,0.0,0.0,0.0,0.0,0.0,0.0,Open,0.0,0.0,0.0,Fine,Null,0
66548569,,576301,0.0,,0.0,2.0,,South,2022/2023,ADELAIDE ROAD,JOHN STREET,,Non-Injury Crash,No,2022,,Null,,0,,Flat,,,,,,Dark,2163400,0,0.0,0.0,2.0,,,0.0,,,,,,Wellington Region,Nil,2-way,Sealed,,0.0,0,,50.0,,On,0.0,0.0,,47,Wellington City,Nil,,,,,0.0,0.0,Urban,0.0,,,Fine,Null,0