OBJECTID,advisorySpeed,areaUnitID,bicycle,bridge,bus,carStationWagon,cliffBank,crashDirectionDescription,crashFinancialYear,crashLocation1,crashLocation2,crashRoadSideRoad,crashSeverity,crashSHDescription,crashYear,debris,directionRoleDescription,ditch,fatalCount,fence,flatHill,guardRail,holiday,houseOrBuilding,intersection,kerb,light,meshblockId,minorInjuryCount,moped,motorcycle,NumberOfLanes,objectThrownOrDropped,otherObject,otherVehicleType,overBank,parkedVehicle,pedestrian,phoneBoxEtc,postOrPole,region,roadCharacter,roadLane,roadSurface,roadworks,schoolBus,seriousInjuryCount,slipOrFlood,speedLimit,strayAnimal,streetLight,suv,taxi,temporarySpeedLimit,tlaId,tlaName,trafficControl,trafficIsland,trafficSign,train,tree,truck,unknownVehicleType,urban,vanOrUtility,vehicle,waterRiver,weatherA,weatherB,if_pandemic
66548604,,577700,0.0,,0.0,0.0,,South,2023/2024,MAKARA ROAD,TAKARAU GORGE ROAD,,Serious Crash,No,2024,,North,,0,,Flat,,,,,,Bright sun,2116500,0,0.0,1.0,2.0,,,0.0,,,,,,Wellington Region,Nil,2-way,Sealed,,0.0,1,,60.0,,None,1.0,0.0,,47,Wellington City,Nil,,,,,0.0,0.0,Urban,0.0,,,Fine,Null,0
66548612,,572900,0.0,0.0,0.0,1.0,0.0,Null,2022/2023,WATERLOO QUAY,HINEMOA STREET,,Non-Injury Crash,No,2023,0.0,North,0.0,0,0.0,Flat,0.0,,0.0,,0.0,Dark,2118400,0,0.0,0.0,5.0,0.0,0.0,0.0,0.0,0.0,,0.0,0.0,Wellington Region,Nil,2-way,Sealed,0.0,0.0,0,0.0,50.0,0.0,On,0.0,0.0,,47,Wellington City,Traffic Signals,0.0,1.0,0.0,0.0,0.0,0.0,Urban,0.0,0.0,0.0,Fine,Null,0
66548643,,574800,0.0,0.0,0.0,2.0,0.0,West,2021/2022,HATTON STREET,HAURAKI STREET,,Non-Injury Crash,No,2022,0.0,South,0.0,0,0.0,Hill Road,0.0,,0.0,,0.0,Dark,2106500,0,0.0,0.0,2.0,0.0,0.0,0.0,0.0,0.0,,0.0,0.0,Wellington Region,Nil,2-way,Sealed,0.0,0.0,0,0.0,50.0,0.0,None,0.0,0.0,,47,Wellington City,Nil,0.0,0.0,0.0,0.0,0.0,0.0,Urban,0.0,1.0,0.0,Fine,Null,0
66548647,,576901,0.0,,0.0,2.0,,Null,2022/2023,COBHAM DRIVE,TROY STREET,,Non-Injury Crash,Yes,2022,,West,,0,,Flat,,,,,,Bright sun,2176800,0,0.0,0.0,2.0,,,0.0,,,,,,Wellington Region,Nil,1-way,Sealed,,0.0,0,,60.0,,Off,0.0,0.0,,47,Wellington City,Give way,,,,,0.0,0.0,Urban,0.0,,,Fine,Null,0
66548692,,573300,0.0,,0.0,1.0,,South,2023/2024,TARANAKI STREET,WEBB STREET,,Minor Crash,No,2023,,South,,0,,Flat,,,,,,Bright sun,2144500,1,0.0,0.0,2.0,,,0.0,,,,,,Wellington Region,Nil,2-way,Sealed,,0.0,0,,50.0,,Null,1.0,0.0,,47,Wellington City,Nil,,,,,0.0,0.0,Urban,0.0,,,Fine,Null,0
66548709,,574303,0.0,0.0,0.0,1.0,0.0,Null,2021/2022,HUTT ROAD,WELLINGTON URBAN MOTORWAY,,Non-Injury Crash,Yes,2022,0.0,North,0.0,0,0.0,Hill Road,1.0,,0.0,,0.0,Unknown,2090402,0,0.0,0.0,2.0,0.0,0.0,0.0,0.0,0.0,,0.0,0.0,Wellington Region,Nil,1-way,Sealed,0.0,0.0,0,0.0,100.0,0.0,Null,0.0,0.0,,47,Wellington City,Nil,0.0,0.0,0.0,0.0,1.0,0.0,Open,0.0,0.0,0.0,Null,Null,0
66548778,,573526,0.0,0.0,0.0,1.0,0.0,North,2022/2023,HOROKIWI ROAD,QUARRY ENT,,Non-Injury Crash,No,2023,0.0,South,0.0,0,0.0,Hill Road,0.0,,0.0,,0.0,Dark,2086403,0,0.0,0.0,2.0,0.0,0.0,0.0,1.0,0.0,,0.0,0.0,Wellington Region,Nil,2-way,Sealed,0.0,0.0,0,0.0,50.0,0.0,None,0.0,0.0,,47,Wellington City,Nil,0.0,0.0,0.0,0.0,0.0,0.0,Urban,0.0,0.0,0.0,Light rain,Strong wind,0
66548796,,573101,0.0,0.0,0.0,1.0,0.0,South,2021/2022,CUBA STREET,VIVIAN STREET,,Non-Injury Crash,No,2021,0.0,South,0.0,0,0.0,Flat,0.0,,0.0,,0.0,Bright sun,2132100,0,0.0,0.0,2.0,0.0,0.0,0.0,0.0,1.0,,0.0,0.0,Wellington Region,Nil,2-way,Sealed,0.0,0.0,0,0.0,30.0,0.0,Null,0.0,0.0,,47,Wellington City,Nil,0.0,0.0,0.0,0.0,1.0,0.0,Urban,0.0,0.0,0.0,Null,Null,1
66548807,,574500,0.0,,0.0,0.0,,North,2021/2022,WELLINGTON URBAN MOTORWAY,AOTEA QUAY OFF RAMP,,Non-Injury Crash,Yes,2022,,South,,0,,Flat,,,,,,Bright sun,2093400,0,0.0,0.0,3.0,,,0.0,,,,,,Wellington Region,Nil,1-way,Sealed,,0.0,0,,100.0,,Off,1.0,0.0,,47,Wellington City,Nil,,,,,1.0,0.0,Open,0.0,,,Fine,Null,0
66548853,,573000,0.0,,0.0,2.0,,Null,2022/2023,GHUZNEE STREET,WILLIS STREET,,Non-Injury Crash,No,2023,,East,,0,,Flat,,,,,,Dark,2130700,0,0.0,0.0,3.0,,,0.0,,,,,,Wellington Region,Nil,2-way,Sealed,,0.0,0,,50.0,,On,0.0,1.0,,47,Wellington City,Traffic Signals,,,,,0.0,0.0,Urban,0.0,,,Light rain,Null,0
66548873,,575600,0.0,0.0,0.0,1.0,1.0,Null,2022/2023,TODMAN STREET,MITCHELL STREET,,Minor Crash,No,2022,0.0,North,0.0,0,0.0,Hill Road,0.0,,0.0,,0.0,Bright sun,2161501,1,0.0,0.0,2.0,0.0,0.0,0.0,0.0,0.0,,0.0,0.0,Wellington Region,Nil,2-way,Sealed,0.0,0.0,0,0.0,50.0,0.0,Off,0.0,0.0,,47,Wellington City,Give way,0.0,0.0,0.0,0.0,0.0,0.0,Urban,0.0,0.0,0.0,Fine,Null,0
66548952,,572900,0.0,0.0,0.0,2.0,0.0,North,2021/2022,WELLINGTON URBAN MOTORWAY,HOBSON ST OBR SBD,,Non-Injury Crash,Yes,2022,0.0,South,0.0,0,0.0,Flat,1.0,,0.0,,0.0,Overcast,2118400,0,0.0,0.0,6.0,0.0,0.0,0.0,0.0,0.0,,0.0,0.0,Wellington Region,Nil,2-way,Sealed,0.0,0.0,0,0.0,100.0,0.0,Off,0.0,0.0,80.0,47,Wellington City,Unknown,0.0,0.0,0.0,0.0,0.0,0.0,Open,0.0,0.0,0.0,Fine,Null,0
66549019,,573101,0.0,,0.0,1.0,,Null,2022/2023,GHUZNEE STREET,EGMONT STREET,,Non-Injury Crash,No,2023,,West,,0,,Flat,,,,,,Bright sun,2133408,0,0.0,0.0,3.0,,,0.0,,,,,,Wellington Region,Nil,2-way,Sealed,,0.0,0,,30.0,,Off,0.0,0.0,,47,Wellington City,Nil,,,,,0.0,0.0,Urban,1.0,,,Fine,Null,0
66549076,,576903,0.0,,0.0,0.0,,West,2021/2022,WELLINGTON ROAD,KILBIRNIE CRESCENT,,Non-Injury Crash,Yes,2022,,West,,0,,Hill Road,,,,,,Unknown,2180300,0,0.0,0.0,4.0,,,0.0,,,,,,Wellington Region,Nil,2-way,Sealed,,0.0,0,,50.0,,Null,0.0,0.0,,47,Wellington City,Nil,,,,,1.0,0.0,Urban,1.0,,,Null,Null,0
66549148,,573101,0.0,,0.0,1.0,,South,2022/2023,TARANAKI STREET,WAKEFIELD STREET,,Non-Injury Crash,No,2022,,North,,0,,Flat,,,,,,Unknown,2133200,0,0.0,0.0,5.0,,,0.0,,,,,,Wellington Region,Nil,2-way,Sealed,,0.0,0,,50.0,,Null,1.0,0.0,,47,Wellington City,Nil,,,,,0.0,0.0,Urban,0.0,,,Null,Null,0
66549203,,574001,0.0,0.0,0.0,2.0,0.0,West,2023/2024,HOROKIWI ROAD WEST,PINKERTON GROVE,,Non-Injury Crash,No,2023,0.0,West,0.0,0,0.0,Hill Road,0.0,,0.0,,0.0,Dark,2075301,0,0.0,0.0,2.0,0.0,0.0,0.0,0.0,2.0,,0.0,0.0,Wellington Region,Nil,2-way,Sealed,0.0,0.0,0,0.0,50.0,0.0,On,0.0,0.0,,47,Wellington City,Nil,0.0,0.0,0.0,0.0,0.0,0.0,Urban,1.0,0.0,0.0,Light rain,Null,0
66549217,,576100,0.0,0.0,0.0,3.0,0.0,North,2022/2023,HOUGHTON BAY ROAD,VIEW ROAD,,Non-Injury Crash,No,2022,0.0,South,0.0,0,0.0,Hill Road,0.0,,0.0,,0.0,Twilight,2195204,0,0.0,0.0,2.0,0.0,0.0,0.0,0.0,1.0,,0.0,0.0,Wellington Region,Nil,2-way,Sealed,0.0,0.0,0,0.0,50.0,0.0,Off,1.0,0.0,,47,Wellington City,Nil,0.0,0.0,0.0,0.0,0.0,0.0,Urban,1.0,0.0,0.0,Light rain,Null,0
66549235,,574304,0.0,,0.0,2.0,,West,2023/2024,ONSLOW ROAD,BENARES STREET,,Non-Injury Crash,No,2023,,West,,0,,Hill Road,,,,,,Bright sun,2089803,0,0.0,0.0,2.0,,,0.0,,,,,,Wellington Region,Nil,2-way,Sealed,,0.0,0,,50.0,,Off,0.0,0.0,,47,Wellington City,Nil,,,,,0.0,0.0,Urban,0.0,,,Fine,Null,0
66549298,,574302,0.0,,0.0,2.0,,Null,2021/2022,HUTT ROAD,ONSLOW ROAD,,Non-Injury Crash,No,2022,,East,,0,,Flat,,,,,,Overcast,2090700,0,0.0,0.0,6.0,,,0.0,,,,,,Wellington Region,Nil,2-way,Sealed,,0.0,0,,60.0,,Off,0.0,0.0,,47,Wellington City,Traffic Signals,,,,,0.0,0.0,Urban,0.0,,,Fine,Null,0
66549346,,576700,0.0,0.0,0.0,0.0,0.0,Null,2021/2022,ORIENTAL PARADE,CARLTON GORE ROAD,,Non-Injury Crash,No,2022,0.0,South,0.0,0,0.0,Flat,0.0,,0.0,,0.0,Bright sun,2186701,0,0.0,0.0,2.0,0.0,0.0,0.0,0.0,1.0,,0.0,0.0,Wellington Region,Nil,2-way,Sealed,0.0,0.0,0,0.0,50.0,0.0,On,1.0,0.0,,47,Wellington City,Nil,0.0,0.0,0.0,0.0,0.0,0.0,Urban,0.0,0.0,0.0,Fine,Null,0
66549415,,573101,0.0,0.0,0.0,1.0,0.0,Null,2021/2022,HOLLAND STREET,TORY STREET,,Non-Injury Crash,No,2022,0.0,East,0.0,0,0.0,Flat,0.0,Queens Birthday,0.0,,0.0,Dark,2135900,0,0.0,0.0,2.0,0.0,0.0,0.0,0.0,1.0,,0.0,0.0,Wellington Region,Nil,2-way,Sealed,0.0,0.0,0,0.0,30.0,0.0,On,0.0,0.0,,47,Wellington City,Give way,0.0,0.0,0.0,0.0,0.0,0.0,Urban,1.0,0.0,0.0,Fine,Null,0
66549480,,573000,0.0,,0.0,1.0,,North,2022/2023,WELLINGTON URBAN MOTORWAY,EVERTON OBR,,Minor Crash,Yes,2023,,South,,0,,Flat,,,,,,Bright sun,2124803,1,0.0,0.0,1.0,,,0.0,,,,,,Wellington Region,Nil,1-way,Sealed,,0.0,0,,100.0,,Off,0.0,0.0,,47,Wellington City,Nil,,,,,0.0,0.0,Open,2.0,,,Fine,Null,0
66549511,,576100,0.0,0.0,1.0,0.0,0.0,North,2022/2023,HORNSEY ROAD,HOUGHTON BAY ROAD,,Non-Injury Crash,No,2023,0.0,South,0.0,0,1.0,Hill Road,0.0,,0.0,,0.0,Overcast,2170902,0,0.0,0.0,2.0,0.0,0.0,0.0,0.0,0.0,,0.0,0.0,Wellington Region,Nil,2-way,Sealed,0.0,0.0,0,0.0,50.0,0.0,Off,0.0,0.0,,47,Wellington City,Nil,0.0,0.0,0.0,0.0,0.0,0.0,Urban,0.0,0.0,0.0,Fine,Null,0
66549513,,575300,0.0,0.0,0.0,1.0,0.0,West,2022/2023,ST MICHAELS CRESCENT,HADFIELD TERRACE,,Non-Injury Crash,No,2022,0.0,East,0.0,0,0.0,Hill Road,0.0,,0.0,,0.0,Overcast,2154800,0,0.0,0.0,2.0,0.0,0.0,0.0,0.0,1.0,,0.0,0.0,Wellington Region,Nil,2-way,Sealed,0.0,0.0,0,0.0,50.0,0.0,Off,0.0,0.0,,47,Wellington City,Nil,0.0,0.0,0.0,0.0,1.0,0.0,Urban,0.0,0.0,0.0,Fine,Null,0
66549552,,573514,0.0,,0.0,0.0,,South,2022/2023,WINSLEY TERRACE,FURLONG CRESCENT,,Non-Injury Crash,No,2023,,North,,0,,Hill Road,,,,,,Bright sun,2086732,0,0.0,0.0,2.0,,,0.0,,,,,,Wellington Region,Nil,2-way,Sealed,,0.0,0,,50.0,,Off,0.0,0.0,,47,Wellington City,Nil,,,,,1.0,0.0,Urban,1.0,,,Fine,Null,0
66549555,,573526,0.0,0.0,0.0,1.0,0.0,South,2023/2024,HUTT ROAD,HOROKIWI ROAD,,Non-Injury Crash,Yes,2023,0.0,East,0.0,0,0.0,Flat,1.0,,0.0,,0.0,Dark,2086403,0,0.0,0.0,2.0,0.0,0.0,0.0,0.0,0.0,,0.0,0.0,Wellington Region,Nil,2-way,Sealed,0.0,0.0,0,0.0,100.0,0.0,On,0.0,0.0,,47,Wellington City,Nil,0.0,0.0,0.0,0.0,0.0,0.0,Open,0.0,0.0,0.0,Fine,Frost,0
66549560,,573101,0.0,,0.0,1.0,,Null,2022/2023,WAKEFIELD STREET,TORY STREET,,Non-Injury Crash,No,2022,,East,,0,,Flat,,,,,,Dark,2135600,0,0.0,0.0,3.0,,,0.0,,,,,,Wellington Region,Nil,1-way,Sealed,,0.0,0,,50.0,,On,0.0,0.0,,47,Wellington City,Traffic Signals,,,,,0.0,0.0,Urban,0.0,,,Fine,Null,0
66549657,,573511,0.0,0.0,0.0,2.0,1.0,South,2022/2023,JOHNSONVILLE PORIRUA MOTORWAY,TAWA-GRENADA NORTH OFF RAMP,,Minor Crash,Yes,2023,0.0,North,0.0,0,0.0,Flat,0.0,,0.0,,0.0,Twilight,2086201,1,0.0,0.0,4.0,0.0,0.0,0.0,0.0,0.0,,0.0,0.0,Wellington Region,Nil,2-way,Sealed,0.0,0.0,0,0.0,100.0,0.0,On,0.0,0.0,,47,Wellington City,Nil,0.0,0.0,0.0,0.0,0.0,0.0,Open,0.0,0.0,0.0,Fine,Null,0
66549673,,576800,0.0,0.0,0.0,3.0,0.0,North,2023/2024,EVANS BAY PARADE,BELVEDERE ROAD,,Non-Injury Crash,No,2023,0.0,South,0.0,0,0.0,Flat,0.0,,0.0,,0.0,Dark,2183100,0,0.0,0.0,2.0,0.0,0.0,0.0,0.0,2.0,,0.0,0.0,Wellington Region,Nil,2-way,Sealed,0.0,0.0,0,0.0,50.0,0.0,On,0.0,0.0,,47,Wellington City,Nil,0.0,0.0,0.0,0.0,0.0,0.0,Urban,0.0,0.0,0.0,Fine,Null,0
66549694,,575600,0.0,,0.0,1.0,,Null,2022/2023,BROOKLYN ROAD,OHIRO ROAD,,Non-Injury Crash,No,2023,,East,,0,,Hill Road,,,,,,Bright sun,2161900,0,0.0,0.0,2.0,,,0.0,,,,,,Wellington Region,Nil,2-way,Sealed,,0.0,0,,50.0,,Off,1.0,0.0,,47,Wellington City,Give way,,,,,0.0,0.0,Urban,0.0,,,Fine,Null,0
66549718,,575800,0.0,,0.0,1.0,,Null,2021/2022,OHIRO ROAD,RUA KAI WAY,,Non-Injury Crash,No,2022,,North,,0,,Flat,,,,,,Overcast,2196801,0,0.0,0.0,2.0,,,0.0,,,,,,Wellington Region,Nil,2-way,Sealed,,0.0,0,,50.0,,Null,1.0,0.0,,47,Wellington City,Nil,,,,,0.0,0.0,Urban,0.0,,,Light rain,Null,0
66549790,,576301,0.0,0.0,0.0,0.0,0.0,North,2021/2022,RIDDIFORD STREET,HOWELL AVENUE,,Non-Injury Crash,No,2022,0.0,North,0.0,0,0.0,Flat,0.0,,0.0,,0.0,Overcast,2163500,0,0.0,0.0,4.0,0.0,0.0,0.0,0.0,0.0,,0.0,1.0,Wellington Region,Nil,2-way,Sealed,0.0,0.0,0,0.0,50.0,0.0,Off,0.0,0.0,,47,Wellington City,Nil,0.0,0.0,0.0,0.0,0.0,0.0,Urban,1.0,0.0,0.0,Fine,Null,0
66549798,,576903,0.0,,0.0,0.0,,Null,2021/2022,KILBIRNIE CRESCENT,WELLINGTON ROAD,,Non-Injury Crash,Yes,2021,,North,,0,,Hill Road,,,,,,Unknown,2180400,0,0.0,0.0,1.0,,,0.0,,,,,,Wellington Region,Nil,1-way,Sealed,,0.0,0,,50.0,,Null,1.0,0.0,,47,Wellington City,Give way,,,,,0.0,0.0,Urban,1.0,,,Null,Null,1
66549879,,572900,0.0,,0.0,2.0,,Null,2022/2023,TINAKORI ROAD,GEORGE STREET,,Non-Injury Crash,No,2022,,North,,0,,Flat,,,,,,Overcast,2119500,0,0.0,0.0,2.0,,,0.0,,,,,,Wellington Region,Nil,2-way,Sealed,,0.0,0,,50.0,,Off,0.0,0.0,,47,Wellington City,Give way,,,,,0.0,0.0,Urban,0.0,,,Heavy rain,Null,0
66549913,,576600,0.0,,0.0,1.0,,West,2022/2023,ORIENTAL PARADE,ORIENTAL PARADE,,Non-Injury Crash,No,2022,,East,,0,,Flat,,,,,,Dark,2137900,0,0.0,0.0,2.0,,,0.0,,,,,,Wellington Region,Nil,2-way,Sealed,,0.0,0,,40.0,,On,0.0,0.0,,47,Wellington City,Nil,,,,,0.0,0.0,Urban,1.0,,,Fine,Null,0
66549937,,576901,0.0,0.0,0.0,0.0,0.0,Null,2021/2022,COUTTS STREET,BAY ROAD,,Non-Injury Crash,No,2022,0.0,East,0.0,0,0.0,Flat,0.0,,0.0,,0.0,Dark,2178500,0,0.0,0.0,2.0,0.0,0.0,0.0,0.0,2.0,,0.0,0.0,Wellington Region,Nil,2-way,Sealed,0.0,0.0,0,0.0,50.0,0.0,On,1.0,0.0,,47,Wellington City,Give way,0.0,0.0,0.0,0.0,0.0,0.0,Urban,2.0,0.0,0.0,Fine,Null,0
66549943,,573514,0.0,,0.0,2.0,,South,2022/2023,MIDDLETON ROAD,HALSWATER DRIVE,,Non-Injury Crash,No,2022,,South,,0,,Flat,,,,,,Bright sun,2086900,0,0.0,0.0,2.0,,,0.0,,,,,,Wellington Region,Nil,2-way,Sealed,,0.0,0,,50.0,,Off,0.0,0.0,,47,Wellington City,Nil,,,,,0.0,0.0,Urban,1.0,,,Fine,Null,0
66549951,,573200,0.0,,0.0,1.0,,Null,2022/2023,ARO STREET,ADAMS TERRACE,,Non-Injury Crash,No,2022,,North,,0,,Flat,,Christmas New Year,,,,Overcast,2157200,0,0.0,0.0,2.0,,,0.0,,,,,,Wellington Region,Nil,2-way,Sealed,,0.0,0,,50.0,,Off,1.0,0.0,,47,Wellington City,Nil,,,,,0.0,0.0,Urban,0.0,,,Light rain,Null,0
66549966,,573700,0.0,0.0,0.0,1.0,0.0,Null,2022/2023,JOHNSONVILLE OFF RAMP,JOHNSONVILLE ROAD,,Minor Crash,No,2023,0.0,South,0.0,0,0.0,Flat,0.0,,0.0,,0.0,Dark,2082800,1,0.0,0.0,2.0,0.0,0.0,0.0,0.0,0.0,,0.0,1.0,Wellington Region,Motorway ramp,2-way,Sealed,0.0,0.0,0,0.0,50.0,0.0,On,0.0,0.0,,47,Wellington City,Give way,1.0,1.0,0.0,0.0,0.0,0.0,Urban,0.0,0.0,0.0,Light rain,Null,0
66550053,,573101,0.0,,0.0,2.0,,Null,2021/2022,CABLE STREET,BARNETT STREET,,Non-Injury Crash,No,2021,,East,,0,,Flat,,,,,,Unknown,2135400,0,0.0,0.0,3.0,,,0.0,,,,,,Wellington Region,Nil,1-way,Sealed,,0.0,0,,50.0,,Null,0.0,0.0,,47,Wellington City,Nil,,,,,0.0,0.0,Urban,0.0,,,Null,Null,1
66550110,,574500,0.0,0.0,0.0,2.0,0.0,North,2022/2023,WELLINGTON URBAN MOTORWAY,AOTEA QUAY ON RAMP,,Minor Crash,Yes,2023,0.0,North,0.0,0,0.0,Flat,1.0,,0.0,,0.0,Overcast,2093600,1,0.0,0.0,4.0,0.0,0.0,0.0,0.0,0.0,,0.0,0.0,Wellington Region,Nil,1-way,Sealed,0.0,0.0,0,0.0,100.0,0.0,Off,0.0,0.0,,47,Wellington City,Nil,0.0,0.0,0.0,0.0,0.0,0.0,Open,0.0,0.0,0.0,Light rain,Null,0
66550123,,572900,1.0,,0.0,0.0,,Null,2021/2022,FEATHERSTON STREET,BUNNY STREET,,Non-Injury Crash,No,2021,,South,,0,,Flat,,,,,,Dark,2122700,0,0.0,0.0,4.0,,,0.0,,,,,,Wellington Region,Nil,2-way,Sealed,,0.0,0,,30.0,,On,1.0,0.0,,47,Wellington City,Traffic Signals,,,,,0.0,0.0,Urban,0.0,,,Fine,Null,1
66550165,,576800,0.0,,0.0,2.0,,East,2022/2023,TAURIMA STREET,EAST PORTAL,,Non-Injury Crash,Yes,2022,,East,,0,,Flat,,,,,,Bright sun,2181700,0,0.0,0.0,2.0,,,0.0,,,,,,Wellington Region,Tunnel,2-way,Sealed,,0.0,0,,50.0,,Off,0.0,0.0,,47,Wellington City,Nil,,,,,0.0,0.0,Urban,0.0,,,Fine,Null,0
66550176,,573101,0.0,,0.0,2.0,,Null,2022/2023,TARANAKI STREET,DIXON STREET,,Non-Injury Crash,No,2023,,North,,0,,Flat,,,,,,Overcast,2133408,0,0.0,0.0,4.0,,,0.0,,,,,,Wellington Region,Nil,2-way,Sealed,,0.0,0,,30.0,,Off,0.0,0.0,,47,Wellington City,Traffic Signals,,,,,0.0,0.0,Urban,0.0,,,Fine,Null,0
66550266,,575902,0.0,0.0,0.0,2.0,0.0,North,2021/2022,HAPPY VALLEY ROAD,ROBERTSON STREET,,Non-Injury Crash,No,2021,0.0,North,0.0,0,0.0,Hill Road,0.0,,0.0,,0.0,Unknown,2187406,0,0.0,0.0,2.0,0.0,0.0,0.0,0.0,1.0,,0.0,0.0,Wellington Region,Nil,2-way,Sealed,0.0,0.0,0,0.0,50.0,0.0,Null,0.0,0.0,,47,Wellington City,Unknown,0.0,0.0,0.0,0.0,0.0,0.0,Urban,0.0,0.0,0.0,Null,Null,1
66550278,,576700,0.0,0.0,0.0,0.0,0.0,North,2021/2022,PALLISER ROAD,ROSENEATH TERRACE,,Non-Injury Crash,No,2022,0.0,West,0.0,0,0.0,Hill Road,0.0,Christmas New Year,0.0,,0.0,Unknown,2187000,0,0.0,0.0,2.0,0.0,0.0,0.0,0.0,1.0,,0.0,0.0,Wellington Region,Nil,2-way,Sealed,0.0,0.0,0,0.0,50.0,0.0,Null,2.0,0.0,,47,Wellington City,Nil,0.0,0.0,0.0,0.0,0.0,0.0,Urban,0.0,0.0,0.0,Null,Null,0
66550279,,573513,0.0,0.0,0.0,1.0,0.0,Null,2023/2024,AMESBURY DRIVE,ERLESTOKE CRESCENT,,Minor Crash,No,2023,0.0,North,0.0,0,1.0,Hill Road,0.0,,0.0,,0.0,Overcast,2086725,1,0.0,0.0,2.0,0.0,0.0,0.0,0.0,0.0,,0.0,0.0,Wellington Region,Nil,2-way,Sealed,0.0,0.0,0,0.0,50.0,0.0,Off,0.0,0.0,,47,Wellington City,Nil,0.0,0.0,0.0,0.0,0.0,0.0,Urban,0.0,0.0,0.0,Light rain,Null,0
66550371,,573101,0.0,,0.0,2.0,,Null,2022/2023,TARANAKI STREET,VIVIAN STREET,,Non-Injury Crash,No,2023,,South,,0,,Flat,,,,,,Dark,2133800,0,0.0,0.0,5.0,,,0.0,,,,,,Wellington Region,Nil,2-way,Sealed,,0.0,0,,50.0,,On,0.0,0.0,,47,Wellington City,Traffic Signals,,,,,0.0,0.0,Urban,0.0,,,Light rain,Null,0
66550429,,573000,0.0,,0.0,2.0,,North,2022/2023,WELLINGTON URBAN MOTORWAY,NORTH PORTAL SBD,,Minor Crash,Yes,2022,,South,,0,,Flat,,,,,,Overcast,2126700,1,0.0,0.0,1.0,,,0.0,,,,,,Wellington Region,Motorway ramp,1-way,Sealed,,0.0,0,,100.0,,Off,0.0,0.0,,47,Wellington City,Nil,,,,,1.0,0.0,Open,1.0,,,Fine,Null,0
66550487,,573000,0.0,,0.0,2.0,,Null,2023/2024,GHUZNEE STREET,WILLIS STREET,,Minor Crash,No,2023,,East,,0,,Hill Road,,,,,,Dark,2130700,1,0.0,0.0,3.0,,,0.0,,,,,,Wellington Region,Nil,2-way,Sealed,,0.0,0,,50.0,,On,0.0,1.0,,47,Wellington City,Traffic Signals,,,,,0.0,0.0,Urban,0.0,,,Fine,Null,0
66550590,,573801,0.0,,0.0,1.0,,North,2023/2024,JOHNSONVILLE PORIRUA MOTORWAY,JOHNSONVILLE OFF RAMP,,Non-Injury Crash,Yes,2023,,South,,0,,Hill Road,,,,,,Bright sun,2078900,0,0.0,0.0,2.0,,,0.0,,,,,,Wellington Region,Nil,2-way,Sealed,,0.0,0,,60.0,,Off,1.0,0.0,,47,Wellington City,Nil,,,,,0.0,0.0,Urban,1.0,,,Fine,Null,0
66550661,,576800,0.0,,1.0,2.0,,East,2022/2023,TAURIMA STREET,EAST PORTAL,,Minor Crash,Yes,2022,,West,,0,,Flat,,,,,,Overcast,2181700,1,0.0,0.0,2.0,,,0.0,,,,,,Wellington Region,Tunnel,2-way,Sealed,,1.0,0,,50.0,,On,0.0,0.0,,47,Wellington City,Nil,,,,,0.0,0.0,Urban,1.0,,,Light rain,Null,0
66550667,,573000,0.0,0.0,1.0,1.0,0.0,North,2022/2023,THE TERRACE,SALAMANCA ROAD,,Non-Injury Crash,No,2022,0.0,South,0.0,0,0.0,Hill Road,0.0,,0.0,,0.0,Overcast,2126900,0,0.0,0.0,2.0,0.0,0.0,0.0,0.0,1.0,,0.0,0.0,Wellington Region,Nil,2-way,Sealed,0.0,0.0,0,0.0,30.0,0.0,Off,0.0,0.0,,47,Wellington City,Nil,0.0,0.0,0.0,0.0,0.0,0.0,Urban,0.0,0.0,0.0,Fine,Null,0
66550692,,576800,1.0,,0.0,0.0,,North,2022/2023,EVANS BAY PARADE,GRETA PT,,Minor Crash,No,2022,,North,,0,,Flat,,,,,,Overcast,2182504,1,0.0,0.0,2.0,,,0.0,,,,,,Wellington Region,Nil,2-way,Sealed,,0.0,0,,50.0,,None,0.0,0.0,,47,Wellington City,Nil,,,,,0.0,0.0,Urban,1.0,,,Fine,Null,0
66550703,,572900,1.0,,0.0,1.0,,Null,2023/2024,GLENMORE STREET,PATANGA CRESCENT,,Minor Crash,No,2023,,North,,0,,Flat,,,,,,Overcast,2121900,1,0.0,0.0,2.0,,,0.0,,,,,,Wellington Region,Nil,2-way,Sealed,,0.0,0,,50.0,,Off,0.0,0.0,,47,Wellington City,Give way,,,,,0.0,0.0,Urban,0.0,,,Fine,Null,0
66550726,,573400,0.0,,1.0,0.0,,Null,2023/2024,PATERSON STREET,DUFFERIN STREET,,Non-Injury Crash,Yes,2023,,East,,0,,Flat,,,,,,Overcast,2143300,0,0.0,0.0,2.0,,,0.0,,,,,,Wellington Region,Nil,2-way,Sealed,,1.0,0,,50.0,,Off,0.0,0.0,,47,Wellington City,Traffic Signals,,,,,1.0,0.0,Urban,0.0,,,Fine,Null,0
66550769,,576400,0.0,0.0,0.0,1.0,0.0,North,2022/2023,ROY STREET,DANIELL STREET,,Serious Crash,No,2023,0.0,East,0.0,0,0.0,Flat,0.0,,0.0,,0.0,Twilight,2170600,0,0.0,1.0,2.0,0.0,0.0,0.0,0.0,1.0,,0.0,0.0,Wellington Region,Nil,2-way,Sealed,1.0,0.0,1,0.0,50.0,0.0,Off,0.0,0.0,,47,Wellington City,Nil,0.0,0.0,0.0,0.0,0.0,0.0,Urban,0.0,0.0,0.0,Fine,Null,0