OBJECTID,advisorySpeed,areaUnitID,bicycle,bridge,bus,carStationWagon,cliffBank,crashDirectionDescription,crashFinancialYear,crashLocation1,crashLocation2,crashRoadSideRoad,crashSeverity,crashSHDescription,crashYear,debris,directionRoleDescription,ditch,fatalCount,fence,flatHill,guardRail,holiday,houseOrBuilding,intersection,kerb,light,meshblockId,minorInjuryCount,moped,motorcycle,NumberOfLanes,objectThrownOrDropped,otherObject,otherVehicleType,overBank,parkedVehicle,pedestrian,phoneBoxEtc,postOrPole,region,roadCharacter,roadLane,roadSurface,roadworks,schoolBus,seriousInjuryCount,slipOrFlood,speedLimit,strayAnimal,streetLight,suv,taxi,temporarySpeedLimit,tlaId,tlaName,trafficControl,trafficIsland,trafficSign,train,tree,truck,unknownVehicleType,urban,vanOrUtility,vehicle,waterRiver,weatherA,weatherB,if_pandemic
66550805,,574800,0.0,0.0,0.0,1.0,0.0,South,2021/2022,PARKVALE ROAD,SAMUEL PARNELL ROAD,,Non-Injury Crash,No,2022,0.0,South,0.0,0,0.0,Flat,0.0,Easter,0.0,,0.0,Bright sun,2107600,0,0.0,0.0,2.0,0.0,0.0,0.0,0.0,0.0,,0.0,0.0,Wellington Region,Nil,2-way,Sealed,0.0,0.0,0,0.0,50.0,0.0,Off,0.0,0.0,,47,Wellington City,Nil,0.0,1.0,0.0,0.0,0.0,0.0,Urban,0.0,0.0,0.0,Fine,Null,0
66550809,,573300,0.0,,0.0,1.0,,South,2022/2023,WALLACE STREET,BIDWILL STREET,,Non-Injury Crash,No,2022,,South,,0,,Flat,,,,,,Bright sun,2145100,0,0.0,0.0,2.0,,,0.0,,,,,,Wellington Region,Nil,2-way,Sealed,,0.0,0,,50.0,,None,0.0,0.0,,47,Wellington City,Nil,,,,,0.0,0.0,Urban,0.0,,,Fine,Null,0
66550812,,573000,0.0,0.0,0.0,2.0,0.0,North,2022/2023,THE TERRACE,SALAMANCA ROAD,,Non-Injury Crash,No,2022,0.0,North,0.0,0,0.0,Hill Road,0.0,,0.0,,0.0,Dark,2126900,0,0.0,0.0,2.0,0.0,0.0,0.0,0.0,1.0,,0.0,0.0,Wellington Region,Nil,2-way,Sealed,0.0,0.0,0,0.0,50.0,0.0,On,0.0,0.0,,47,Wellington City,Unknown,0.0,0.0,0.0,0.0,0.0,0.0,Urban,0.0,0.0,0.0,Fine,Null,0
66550839,,576600,0.0,0.0,0.0,1.0,0.0,North,2022/2023,ORIENTAL PARADE,GRASS STREET,,Non-Injury Crash,No,2022,0.0,North,0.0,0,0.0,Flat,0.0,,0.0,,0.0,Dark,2137500,0,0.0,0.0,2.0,0.0,0.0,0.0,0.0,1.0,,0.0,0.0,Wellington Region,Nil,2-way,Sealed,0.0,0.0,0,0.0,40.0,0.0,On,0.0,0.0,,47,Wellington City,Nil,0.0,0.0,0.0,0.0,0.0,0.0,Urban,1.0,0.0,0.0,Fine,Null,0
66550862,,573700,0.0,,0.0,1.0,,North,2023/2024,JOHNSONVILLE PORIRUA MOTORWAY,JVILLE OBR,,Non-Injury Crash,Yes,2023,,North,,0,,Flat,,,,,,Twilight,2083100,0,0.0,0.0,2.0,,,0.0,,,,,,Wellington Region,Nil,1-way,Sealed,,0.0,0,,100.0,,None,0.0,0.0,,47,Wellington City,Nil,,,,,1.0,0.0,Open,0.0,,,Fine,Null,0
66550907,,576901,0.0,0.0,0.0,2.0,0.0,North,2021/2022,CAIRNS STREET,BRIDGE STREET,,Non-Injury Crash,No,2021,0.0,East,0.0,0,0.0,Null,0.0,,0.0,,0.0,Unknown,2176100,0,0.0,0.0,2.0,0.0,0.0,0.0,0.0,1.0,,0.0,0.0,Wellington Region,Nil,2-way,Null,0.0,0.0,0,0.0,50.0,0.0,Null,0.0,0.0,,47,Wellington City,Nil,0.0,0.0,0.0,0.0,0.0,0.0,Urban,0.0,0.0,0.0,Null,Null,1
66550953,,573801,0.0,,0.0,2.0,,South,2022/2023,JOHNSONVILLE OFF RAMP,JOHNSONVILLE PORIRUA MOTORWAY,,Minor Crash,No,2023,,South,,0,,Flat,,,,,,Overcast,2079000,1,0.0,0.0,1.0,,,0.0,,,,,,Wellington Region,Motorway ramp,1-way,Sealed,,0.0,0,,80.0,,Off,0.0,0.0,,47,Wellington City,Nil,,,,,0.0,0.0,Open,0.0,,,Fine,Null,0
66551014,,576200,0.0,0.0,0.0,1.0,0.0,East,2021/2022,BRITOMART STREET,STANLEY STREET,,Non-Injury Crash,No,2021,0.0,East,0.0,0,0.0,Hill Road,0.0,,0.0,,0.0,Dark,2171200,0,0.0,0.0,2.0,0.0,0.0,0.0,0.0,1.0,,0.0,0.0,Wellington Region,Nil,2-way,Sealed,0.0,0.0,0,0.0,50.0,0.0,On,3.0,1.0,,47,Wellington City,Nil,0.0,0.0,0.0,0.0,0.0,0.0,Urban,0.0,0.0,0.0,Fine,Null,1
66551119,,574303,0.0,0.0,0.0,0.0,1.0,West,2023/2024,NEWLANDS OFF RAMP,NEWLANDS OBR NBD,,Non-Injury Crash,No,2023,0.0,North,0.0,0,0.0,Hill Road,0.0,,0.0,,0.0,Dark,2084302,0,0.0,0.0,1.0,0.0,0.0,0.0,0.0,0.0,,0.0,0.0,Wellington Region,Motorway ramp,1-way,Sealed,0.0,0.0,0,0.0,100.0,0.0,On,0.0,0.0,,47,Wellington City,Nil,0.0,0.0,0.0,0.0,0.0,0.0,Open,1.0,0.0,0.0,Light rain,Null,0
66551169,,574302,0.0,,0.0,1.0,,Null,2022/2023,DEKKA STREET,NICHOLSON ROAD,,Non-Injury Crash,No,2022,,West,,0,,Flat,,,,,,Overcast,2092800,0,0.0,0.0,2.0,,,0.0,,,,,,Wellington Region,Nil,2-way,Sealed,,0.0,0,,50.0,,Off,0.0,0.0,,47,Wellington City,Give way,,,,,0.0,0.0,Urban,1.0,,,Fine,Null,0
66551270,,574402,0.0,0.0,0.0,4.0,0.0,South,2022/2023,COCKAYNE ROAD,AMBALA WAY,,Non-Injury Crash,No,2022,0.0,South,0.0,0,0.0,Hill Road,0.0,,0.0,,0.0,Overcast,2097100,0,0.0,0.0,2.0,0.0,0.0,0.0,0.0,1.0,,0.0,0.0,Wellington Region,Nil,2-way,Sealed,0.0,0.0,0,0.0,50.0,0.0,Off,0.0,0.0,,47,Wellington City,Nil,0.0,0.0,0.0,0.0,0.0,0.0,Urban,0.0,0.0,0.0,Fine,Null,0
66551289,,577200,0.0,,0.0,1.0,,Null,2022/2023,MIRAMAR AVENUE,TAUHINU ROAD,,Minor Crash,No,2023,,West,,0,,Flat,,,,,,Overcast,2206200,1,1.0,0.0,2.0,,,0.0,,,,,,Wellington Region,Nil,2-way,Sealed,,0.0,0,,50.0,,Off,0.0,0.0,,47,Wellington City,Give way,,,,,0.0,0.0,Urban,0.0,,,Light rain,Null,0
66551309,,575400,0.0,0.0,0.0,1.0,1.0,North,2021/2022,RAROA ROAD,IRVINE STREET,,Non-Injury Crash,No,2021,0.0,South,0.0,0,1.0,Flat,0.0,,0.0,,0.0,Dark,2155700,0,0.0,0.0,2.0,0.0,0.0,0.0,0.0,0.0,,0.0,0.0,Wellington Region,Nil,2-way,Sealed,0.0,0.0,0,0.0,50.0,0.0,On,0.0,0.0,,47,Wellington City,Nil,0.0,0.0,0.0,1.0,0.0,0.0,Urban,0.0,0.0,0.0,Fine,Null,1
66551326,,573101,0.0,,0.0,2.0,,Null,2021/2022,KENT TERRACE,ELIZABETH STREET,,Non-Injury Crash,No,2022,,South,,0,,Flat,,,,,,Dark,2136200,0,0.0,0.0,4.0,,,0.0,,,,,,Wellington Region,Nil,1-way,Sealed,,0.0,0,,50.0,,On,0.0,1.0,,47,Wellington City,Traffic Signals,,,,,0.0,0.0,Urban,0.0,,,Fine,Null,0
66551367,,577700,0.0,0.0,0.0,1.0,0.0,South,2022/2023,MAKARA ROAD,ESTUARY STREET,,Non-Injury Crash,No,2023,0.0,South,1.0,0,0.0,Flat,0.0,,0.0,,0.0,Dark,2116500,0,0.0,0.0,2.0,0.0,0.0,0.0,0.0,0.0,,0.0,0.0,Wellington Region,Nil,2-way,Sealed,0.0,0.0,0,0.0,60.0,0.0,None,0.0,0.0,,47,Wellington City,Nil,0.0,0.0,0.0,0.0,0.0,0.0,Urban,0.0,0.0,0.0,Fine,Null,0
66551404,,573300,0.0,,0.0,1.0,,West,2022/2023,SUSSEX STREET,BELFAST STREET,,Non-Injury Crash,Yes,2022,,North,,0,,Flat,,,,,,Overcast,2145602,0,0.0,0.0,3.0,,,0.0,,,,,,Wellington Region,Nil,1-way,Sealed,,0.0,0,,50.0,,Off,0.0,0.0,,47,Wellington City,Nil,,,,,0.0,0.0,Urban,0.0,,,Light rain,Null,0
66551423,,572900,0.0,0.0,0.0,1.0,1.0,Null,2023/2024,WELLINGTON URBAN MOTORWAY,HAWKESTONE STREET OFF RAMP,,Non-Injury Crash,Yes,2023,0.0,South,0.0,0,0.0,Flat,0.0,,0.0,,0.0,Overcast,2119300,0,0.0,0.0,3.0,0.0,0.0,0.0,0.0,0.0,,0.0,1.0,Wellington Region,Motorway ramp,1-way,Sealed,0.0,0.0,0,0.0,100.0,0.0,None,0.0,0.0,,47,Wellington City,Nil,0.0,0.0,0.0,0.0,0.0,0.0,Open,0.0,0.0,0.0,Heavy rain,Strong wind,0
66551475,,573511,0.0,0.0,0.0,0.0,0.0,North,2022/2023,WESTCHESTER DRIVE,STEBBINGS ROAD,,Non-Injury Crash,No,2022,0.0,North,0.0,0,0.0,Flat,1.0,,0.0,,0.0,Twilight,2086502,0,0.0,0.0,2.0,0.0,0.0,0.0,0.0,0.0,,0.0,0.0,Wellington Region,Bridge,2-way,Sealed,0.0,0.0,0,0.0,50.0,0.0,On,0.0,0.0,,47,Wellington City,Nil,0.0,0.0,0.0,0.0,0.0,0.0,Urban,1.0,0.0,0.0,Fine,Null,0
66551572,,574304,0.0,0.0,0.0,0.0,0.0,South,2021/2022,MADRAS STREET,GURKHA CRESCENT,,Non-Injury Crash,No,2022,0.0,South,0.0,0,0.0,Flat,0.0,,0.0,,0.0,Unknown,2089300,0,0.0,0.0,2.0,0.0,0.0,0.0,0.0,1.0,,0.0,0.0,Wellington Region,Nil,2-way,Sealed,0.0,0.0,0,0.0,50.0,0.0,Null,2.0,0.0,,47,Wellington City,Nil,0.0,0.0,0.0,0.0,0.0,0.0,Urban,0.0,0.0,0.0,Null,Null,0
66551583,,573300,0.0,0.0,0.0,1.0,0.0,Null,2022/2023,RUGBY STREET,ADELAIDE ROAD,,Non-Injury Crash,Yes,2023,0.0,West,0.0,0,0.0,Flat,0.0,,0.0,,0.0,Bright sun,2145602,0,0.0,0.0,4.0,0.0,0.0,0.0,0.0,1.0,,0.0,0.0,Wellington Region,Nil,1-way,Sealed,0.0,0.0,0,0.0,50.0,0.0,None,1.0,0.0,,47,Wellington City,Traffic Signals,0.0,0.0,0.0,0.0,1.0,0.0,Urban,0.0,0.0,0.0,Fine,Null,0
66551620,,572701,0.0,,0.0,1.0,,Null,2021/2022,FYVIE AVENUE,MAIN ROAD,,Non-Injury Crash,No,2022,,East,,0,,Flat,,,,,,Bright sun,1993902,0,0.0,0.0,2.0,,,0.0,,,,,,Wellington Region,Nil,2-way,Sealed,,0.0,0,,50.0,,Off,0.0,0.0,,47,Wellington City,Give way,,,,,0.0,0.0,Urban,1.0,,,Fine,Null,0
66551651,,573000,0.0,0.0,0.0,1.0,0.0,North,2022/2023,WELLINGTON URBAN MOTORWAY,NORTH PORTAL NBD,,Non-Injury Crash,Yes,2022,0.0,North,0.0,0,0.0,Flat,1.0,,0.0,,0.0,Overcast,2126700,0,0.0,0.0,2.0,0.0,0.0,0.0,0.0,0.0,,0.0,0.0,Wellington Region,Nil,1-way,Sealed,0.0,0.0,0,0.0,100.0,0.0,Off,0.0,0.0,,47,Wellington City,Nil,0.0,0.0,0.0,0.0,0.0,0.0,Open,0.0,0.0,0.0,Fine,Null,0
66551673,,576301,0.0,0.0,0.0,1.0,0.0,Null,2022/2023,RINTOUL STREET,STOKE STREET,,Non-Injury Crash,No,2023,0.0,Null,0.0,0,0.0,Hill Road,0.0,,0.0,,0.0,Bright sun,2165400,0,0.0,0.0,2.0,0.0,0.0,0.0,0.0,1.0,,0.0,0.0,Wellington Region,Nil,2-way,Sealed,0.0,0.0,0,0.0,50.0,0.0,Off,0.0,0.0,,47,Wellington City,Give way,0.0,0.0,0.0,0.0,1.0,0.0,Urban,0.0,0.0,0.0,Fine,Null,0
66551736,,577400,1.0,,1.0,0.0,,South,2022/2023,NEVAY ROAD,TOTARA ROAD,,Serious Crash,No,2023,,South,,0,,Hill Road,,,,,,Bright sun,2209600,0,0.0,0.0,2.0,,,0.0,,,,,,Wellington Region,Nil,2-way,Sealed,,0.0,1,,50.0,,Off,0.0,0.0,,47,Wellington City,Nil,,,,,0.0,0.0,Urban,0.0,,,Fine,Null,0
66551875,,573000,0.0,,1.0,1.0,,Null,2022/2023,HUNTER STREET,FEATHERSON STREET,,Non-Injury Crash,No,2022,,East,,0,,Flat,,,,,,Bright sun,2125800,0,0.0,0.0,3.0,,,0.0,,,,,,Wellington Region,Nil,1-way,Sealed,,0.0,0,,30.0,,Off,0.0,0.0,,47,Wellington City,Traffic Signals,,,,,0.0,0.0,Urban,0.0,,,Null,Null,0
66551895,,573000,0.0,,0.0,2.0,,North,2022/2023,WELLINGTON URBAN MOTORWAY,WILLIS STREET,,Non-Injury Crash,Yes,2023,,South,,0,,Hill Road,,,,,,Dark,2129600,0,0.0,0.0,2.0,,,0.0,,,,,,Wellington Region,Tunnel,1-way,Sealed,,0.0,0,,100.0,,On,0.0,0.0,,47,Wellington City,Nil,,,,,0.0,0.0,Open,0.0,,,Light rain,Null,0
66551946,,573522,0.0,0.0,0.0,1.0,1.0,South,2023/2024,JOHNSONVILLE PORIRUA MOTORWAY,TAWA-GRENADA NORTH ON RAMP,,Minor Crash,Yes,2024,0.0,North,0.0,0,0.0,Flat,0.0,,0.0,,0.0,Bright sun,2086311,1,0.0,0.0,2.0,0.0,0.0,0.0,0.0,0.0,,0.0,0.0,Wellington Region,Nil,1-way,Sealed,0.0,0.0,0,0.0,100.0,0.0,None,0.0,0.0,,47,Wellington City,Nil,0.0,0.0,0.0,0.0,0.0,0.0,Open,0.0,0.0,0.0,Fine,Null,0
66551994,,576301,0.0,,0.0,1.0,,Null,2023/2024,RIDDIFORD STREET,JOHN STREET,,Non-Injury Crash,No,2023,,South,,0,,Flat,,,,,,Overcast,2163500,0,0.0,0.0,2.0,,,0.0,,,,,,Wellington Region,Nil,2-way,Sealed,,0.0,0,,50.0,,Off,0.0,0.0,,47,Wellington City,Traffic Signals,,,,,0.0,0.0,Urban,1.0,,,Fine,Null,0
66552033,,576400,0.0,,0.0,1.0,,Null,2021/2022,CONSTABLE STREET,DANIELL STREET,,Non-Injury Crash,No,2022,,West,,0,,Flat,,,,,,Bright sun,2167600,0,0.0,0.0,2.0,,,0.0,,,,,,Wellington Region,Nil,2-way,Sealed,,0.0,0,,50.0,,Off,1.0,0.0,,47,Wellington City,Traffic Signals,,,,,0.0,0.0,Urban,0.0,,,Fine,Null,0
66552039,,576200,0.0,0.0,0.0,0.0,0.0,Null,2022/2023,RINTOUL STREET,LUXFORD STREET,,Minor Crash,No,2023,0.0,South,0.0,0,0.0,Flat,0.0,,0.0,,0.0,Twilight,2171700,1,0.0,0.0,2.0,0.0,0.0,0.0,0.0,0.0,,0.0,1.0,Wellington Region,Nil,2-way,Sealed,0.0,0.0,0,0.0,50.0,0.0,Off,0.0,0.0,,47,Wellington City,Give way,0.0,0.0,0.0,0.0,0.0,0.0,Urban,1.0,0.0,0.0,Fine,Null,0
66552079,,572500,0.0,0.0,0.0,1.0,0.0,North,2022/2023,REDWOOD AVENUE,ORIEL AVENUE,,Non-Injury Crash,No,2022,0.0,North,0.0,0,1.0,Flat,0.0,,0.0,,0.0,Dark,1986200,0,0.0,0.0,2.0,0.0,0.0,0.0,0.0,1.0,,0.0,0.0,Wellington Region,Nil,2-way,Sealed,0.0,0.0,0,0.0,50.0,0.0,On,0.0,0.0,,47,Wellington City,Nil,0.0,0.0,0.0,0.0,0.0,0.0,Urban,1.0,0.0,0.0,Fine,Null,0
66552087,,576901,0.0,0.0,0.0,1.0,0.0,East,2022/2023,COBHAM DRIVE,EVANS BAY PARADE,,Non-Injury Crash,Yes,2023,0.0,South,0.0,0,0.0,Flat,1.0,,0.0,,0.0,Dark,2177800,0,0.0,0.0,2.0,0.0,0.0,0.0,0.0,0.0,,0.0,0.0,Wellington Region,Nil,1-way,Sealed,0.0,0.0,0,0.0,70.0,0.0,On,0.0,0.0,,47,Wellington City,Nil,0.0,0.0,0.0,1.0,0.0,0.0,Urban,0.0,0.0,0.0,Fine,Null,0
66552123,,573801,0.0,0.0,0.0,1.0,0.0,North,2023/2024,JOHNSONVILLE PORIRUA MOTORWAY,JOHNSONVILLE OFF RAMP,,Minor Crash,Yes,2024,0.0,South,0.0,0,0.0,Flat,1.0,,0.0,,0.0,Dark,2079000,1,0.0,0.0,2.0,0.0,0.0,0.0,0.0,0.0,,0.0,0.0,Wellington Region,Nil,1-way,Sealed,0.0,0.0,0,0.0,100.0,0.0,None,0.0,0.0,,47,Wellington City,Nil,0.0,0.0,0.0,0.0,0.0,0.0,Open,0.0,0.0,0.0,Fine,Null,0
66552200,,575800,0.0,0.0,0.0,2.0,0.0,West,2022/2023,FARNHAM STREET,PRISCILLA CRESCENT,,Non-Injury Crash,No,2022,0.0,North,0.0,0,0.0,Hill Road,0.0,,0.0,,0.0,Dark,2197900,0,0.0,0.0,2.0,0.0,0.0,0.0,0.0,1.0,,0.0,0.0,Wellington Region,Nil,2-way,Sealed,0.0,0.0,0,0.0,50.0,0.0,On,0.0,0.0,,47,Wellington City,Nil,0.0,0.0,0.0,0.0,0.0,0.0,Urban,0.0,0.0,0.0,Fine,Null,0
66552287,,573101,0.0,,0.0,2.0,,Null,2023/2024,KARO DRIVE,VICTORIA STREET,,Minor Crash,Yes,2023,,West,,0,,Flat,,,,,,Dark,2132400,1,0.0,0.0,3.0,,,0.0,,,,,,Wellington Region,Nil,1-way,Sealed,,0.0,0,,50.0,,On,0.0,0.0,,47,Wellington City,Traffic Signals,,,,,0.0,0.0,Urban,0.0,,,Fine,Null,0
66552397,,574303,0.0,0.0,0.0,1.0,0.0,North,2022/2023,CENTENNIAL HIGHWAY,NEWLANDS OFF RAMP,,Serious Crash,Yes,2023,0.0,North,0.0,0,0.0,Hill Road,0.0,,0.0,,1.0,Dark,2084302,0,0.0,0.0,3.0,0.0,0.0,0.0,0.0,0.0,,0.0,1.0,Wellington Region,Nil,1-way,Sealed,0.0,0.0,1,0.0,80.0,0.0,On,0.0,0.0,,47,Wellington City,Nil,0.0,0.0,0.0,0.0,0.0,0.0,Open,0.0,0.0,0.0,Fine,Null,0
66552433,,576002,0.0,0.0,0.0,3.0,0.0,South,2023/2024,THE PARADE,AVON STREET,,Non-Injury Crash,No,2023,0.0,South,0.0,0,0.0,Flat,0.0,,0.0,,0.0,Overcast,2190400,0,0.0,0.0,2.0,0.0,0.0,0.0,0.0,1.0,,0.0,0.0,Wellington Region,Speed hump,2-way,Sealed,0.0,0.0,0,0.0,50.0,0.0,Off,0.0,0.0,,47,Wellington City,Nil,0.0,1.0,0.0,0.0,0.0,0.0,Urban,0.0,0.0,0.0,Fine,Null,0
66552455,,572900,0.0,0.0,0.0,1.0,0.0,South,2021/2022,MOLESWORTH STREET,MAY STREET ON RAMP,,Non-Injury Crash,No,2022,0.0,North,0.0,0,0.0,Flat,0.0,Easter,0.0,,0.0,Dark,2119600,0,0.0,0.0,2.0,0.0,0.0,0.0,0.0,1.0,,0.0,0.0,Wellington Region,Nil,1-way,Sealed,0.0,0.0,0,0.0,50.0,0.0,On,0.0,0.0,,47,Wellington City,Nil,0.0,0.0,0.0,0.0,0.0,0.0,Urban,0.0,0.0,0.0,Fine,Null,0
66552461,,574303,0.0,,0.0,1.0,,South,2022/2023,CENTENNIAL HIGHWAY,ABATTOIRS,,Minor Crash,Yes,2023,,North,,0,,Hill Road,,,,,,Overcast,2088705,1,0.0,0.0,3.0,,,0.0,,,,,,Wellington Region,Nil,1-way,Sealed,,0.0,0,,100.0,,Off,0.0,0.0,,47,Wellington City,Nil,,,,,0.0,0.0,Open,1.0,,,Light rain,Null,0
66552463,,576800,0.0,0.0,0.0,2.0,0.0,North,2021/2022,EVANS BAY PARADE,GRETA PT,,Non-Injury Crash,No,2022,0.0,South,0.0,0,0.0,Flat,0.0,,0.0,,0.0,Dark,2182503,0,0.0,0.0,2.0,0.0,0.0,0.0,0.0,1.0,,0.0,0.0,Wellington Region,Nil,2-way,Sealed,0.0,0.0,0,0.0,40.0,0.0,On,0.0,0.0,,47,Wellington City,Unknown,0.0,0.0,0.0,0.0,0.0,0.0,Urban,0.0,0.0,0.0,Fine,Null,0
66552512,,573700,0.0,,0.0,2.0,,South,2023/2024,MOOREFIELD ROAD,HELSTON ROAD,,Non-Injury Crash,No,2023,,South,,0,,Hill Road,,,,,,Bright sun,2082300,0,0.0,0.0,4.0,,,0.0,,,,,,Wellington Region,Nil,2-way,Sealed,,0.0,0,,50.0,,Off,0.0,0.0,,47,Wellington City,Nil,,,,,0.0,0.0,Urban,0.0,,,Fine,Null,0
66552551,,572500,0.0,0.0,0.0,3.0,0.0,North,2022/2023,REDWOOD AVENUE,ORIEL AVENUE,,Minor Crash,No,2023,0.0,North,0.0,0,0.0,Flat,0.0,,0.0,,0.0,Dark,1986200,1,0.0,0.0,2.0,0.0,0.0,0.0,0.0,2.0,,0.0,0.0,Wellington Region,Nil,2-way,Sealed,0.0,0.0,0,0.0,50.0,0.0,On,0.0,0.0,,47,Wellington City,Nil,0.0,0.0,0.0,0.0,0.0,0.0,Urban,0.0,0.0,0.0,Fine,Null,0
66552645,,573000,0.0,,0.0,1.0,,Null,2022/2023,CUSTOMHOUSE QUAY,JERVOIS QUAY,,Non-Injury Crash,No,2022,,North,,0,,Flat,,,,,,Unknown,2125900,0,0.0,0.0,1.0,,,0.0,,,,,,Wellington Region,Nil,1-way,Sealed,,0.0,0,,30.0,,Null,0.0,0.0,,47,Wellington City,Give way,,,,,0.0,0.0,Urban,1.0,,,Null,Null,0
66552671,,574303,0.0,0.0,0.0,2.0,0.0,South,2023/2024,WELLINGTON URBAN MOTORWAY,NGAURANGA ON NBD OBR,,Non-Injury Crash,Yes,2023,0.0,North,0.0,0,0.0,Flat,0.0,,0.0,,1.0,Dark,2090402,0,0.0,0.0,4.0,0.0,0.0,0.0,0.0,0.0,,0.0,0.0,Wellington Region,Nil,1-way,Sealed,0.0,0.0,0,0.0,100.0,0.0,On,0.0,0.0,,47,Wellington City,Nil,1.0,0.0,0.0,0.0,0.0,0.0,Open,0.0,0.0,0.0,Fine,Null,0
66552763,,574303,0.0,0.0,0.0,1.0,0.0,South,2023/2024,WELLINGTON URBAN MOTORWAY,ONSLOW RAIL OBR,,Minor Crash,Yes,2023,0.0,South,0.0,0,0.0,Flat,1.0,,0.0,,0.0,Bright sun,2090402,1,0.0,0.0,3.0,0.0,0.0,0.0,0.0,0.0,,0.0,0.0,Wellington Region,Nil,1-way,Sealed,0.0,0.0,0,0.0,100.0,0.0,Off,0.0,0.0,,47,Wellington City,Nil,0.0,0.0,0.0,0.0,1.0,0.0,Open,0.0,0.0,0.0,Fine,Null,0
66552804,35.0,576903,0.0,0.0,0.0,2.0,0.0,South,2021/2022,DUNCAN TERRACE,NAUGHTON TERRACE,,Non-Injury Crash,No,2021,0.0,South,0.0,0,0.0,Hill Road,0.0,,0.0,,0.0,Dark,2178900,0,0.0,0.0,2.0,0.0,0.0,0.0,0.0,1.0,,0.0,0.0,Wellington Region,Nil,2-way,Sealed,0.0,0.0,0,0.0,50.0,0.0,On,0.0,0.0,,47,Wellington City,Nil,0.0,0.0,0.0,0.0,0.0,0.0,Urban,0.0,0.0,0.0,Fine,Null,1
66552902,,577102,0.0,0.0,0.0,2.0,0.0,East,2023/2024,AHURIRI STREET,KEKERENGA STREET,,Minor Crash,No,2023,0.0,East,0.0,0,0.0,Hill Road,0.0,,0.0,,0.0,Bright sun,2216000,1,0.0,0.0,2.0,0.0,0.0,0.0,0.0,1.0,,0.0,0.0,Wellington Region,Nil,2-way,Sealed,0.0,0.0,0,0.0,50.0,0.0,Off,0.0,0.0,,47,Wellington City,Nil,0.0,0.0,0.0,0.0,0.0,0.0,Urban,0.0,0.0,0.0,Fine,Null,0
66552956,,573523,0.0,0.0,0.0,1.0,0.0,South,2021/2022,JOHNSONVILLE PORIRUA MOTORWAY,CHURTON PARK-GLENSIDE ON RAMP,,Minor Crash,Yes,2022,0.0,South,0.0,0,1.0,Flat,0.0,Easter,0.0,,0.0,Bright sun,2086310,1,0.0,0.0,2.0,0.0,0.0,0.0,1.0,0.0,,0.0,0.0,Wellington Region,Nil,1-way,Sealed,0.0,0.0,0,0.0,100.0,0.0,Off,0.0,0.0,,47,Wellington City,Nil,0.0,0.0,0.0,1.0,0.0,0.0,Open,0.0,0.0,0.0,Fine,Null,0
66553069,,573000,0.0,0.0,0.0,2.0,0.0,South,2022/2023,THE TERRACE,BOULCOTT STREET,,Non-Injury Crash,No,2023,0.0,North,0.0,0,0.0,Flat,0.0,,0.0,,0.0,Dark,2126700,0,0.0,0.0,2.0,0.0,0.0,0.0,0.0,1.0,,0.0,0.0,Wellington Region,Nil,2-way,Sealed,0.0,0.0,0,0.0,50.0,0.0,Null,0.0,0.0,,47,Wellington City,Nil,0.0,0.0,0.0,0.0,0.0,0.0,Urban,0.0,0.0,0.0,Null,Null,0
66553232,,574900,0.0,0.0,0.0,1.0,0.0,West,2021/2022,SUNSHINE AVENUE,WAVELL STREET,,Non-Injury Crash,No,2022,0.0,East,0.0,0,0.0,Flat,0.0,,0.0,,0.0,Dark,2109400,0,0.0,0.0,2.0,0.0,0.0,0.0,0.0,1.0,,0.0,0.0,Wellington Region,Nil,2-way,Sealed,0.0,0.0,0,0.0,50.0,0.0,On,1.0,0.0,,47,Wellington City,Nil,0.0,0.0,0.0,0.0,0.0,0.0,Urban,0.0,0.0,0.0,Light rain,Null,0
66553283,,574302,0.0,0.0,0.0,1.0,0.0,South,2022/2023,ONSLOW ROAD,HOMEBUSH ROAD,,Non-Injury Crash,No,2022,0.0,East,0.0,0,1.0,Hill Road,0.0,,0.0,,0.0,Overcast,2090500,0,0.0,0.0,2.0,0.0,0.0,0.0,1.0,0.0,,0.0,0.0,Wellington Region,Nil,2-way,Sealed,0.0,0.0,0,0.0,50.0,0.0,Null,0.0,0.0,,47,Wellington City,Nil,0.0,0.0,0.0,1.0,0.0,0.0,Urban,0.0,0.0,0.0,Fine,Null,0
66553306,,573101,0.0,0.0,0.0,1.0,0.0,South,2021/2022,CABLE STREET,MARKET LANE,,Non-Injury Crash,No,2022,0.0,South,0.0,0,0.0,Flat,0.0,,1.0,,0.0,Dark,2133100,0,0.0,0.0,3.0,0.0,0.0,0.0,0.0,1.0,,0.0,0.0,Wellington Region,Nil,1-way,Sealed,0.0,0.0,0,0.0,50.0,0.0,On,1.0,0.0,,47,Wellington City,Nil,0.0,0.0,0.0,0.0,0.0,0.0,Urban,0.0,0.0,0.0,Fine,Null,0
66553326,,573300,0.0,0.0,0.0,0.0,0.0,East,2023/2024,BUCKLE STREET,TORY STREET,,Minor Crash,Yes,2023,0.0,North,0.0,0,0.0,Flat,0.0,,0.0,,0.0,Bright sun,2145602,1,0.0,1.0,2.0,0.0,1.0,0.0,0.0,0.0,,0.0,0.0,Wellington Region,Nil,1-way,Sealed,0.0,0.0,0,0.0,50.0,0.0,Off,0.0,0.0,,47,Wellington City,Nil,0.0,1.0,0.0,0.0,0.0,0.0,Urban,0.0,0.0,0.0,Fine,Null,0
66553374,,572900,1.0,,0.0,1.0,,Null,2023/2024,THORNDON QUAY,DAVIS STREET,,Minor Crash,No,2024,,North,,0,,Flat,,,,,,Twilight,2118300,1,0.0,0.0,2.0,,,0.0,,,,,,Wellington Region,Nil,2-way,Sealed,,0.0,0,,50.0,,Off,0.0,0.0,30.0,47,Wellington City,Give way,,,,,0.0,0.0,Urban,0.0,,,Fine,Null,0