OBJECTID,advisorySpeed,areaUnitID,bicycle,bridge,bus,carStationWagon,cliffBank,crashDirectionDescription,crashFinancialYear,crashLocation1,crashLocation2,crashRoadSideRoad,crashSeverity,crashSHDescription,crashYear,debris,directionRoleDescription,ditch,fatalCount,fence,flatHill,guardRail,holiday,houseOrBuilding,intersection,kerb,light,meshblockId,minorInjuryCount,moped,motorcycle,NumberOfLanes,objectThrownOrDropped,otherObject,otherVehicleType,overBank,parkedVehicle,pedestrian,phoneBoxEtc,postOrPole,region,roadCharacter,roadLane,roadSurface,roadworks,schoolBus,seriousInjuryCount,slipOrFlood,speedLimit,strayAnimal,streetLight,suv,taxi,temporarySpeedLimit,tlaId,tlaName,trafficControl,trafficIsland,trafficSign,train,tree,truck,unknownVehicleType,urban,vanOrUtility,vehicle,waterRiver,weatherA,weatherB,if_pandemic
66553420,,572900,0.0,,0.0,0.0,,Null,2022/2023,HUTT ROAD,SAR STREET,,Minor Crash,No,2022,,North,,0,,Flat,,,,,,Overcast,2117203,1,0.0,1.0,2.0,,,0.0,,,,,,Wellington Region,Nil,2-way,Sealed,,0.0,0,,50.0,,None,0.0,0.0,,47,Wellington City,Give way,,,,,0.0,0.0,Urban,1.0,,,Light rain,Null,0
66553421,,572900,0.0,,0.0,1.0,,Null,2022/2023,MOLESWORTH STREET,AITKEN STREET,,Minor Crash,No,2023,,North,,0,,Flat,,,,,,Dark,2121400,2,0.0,0.0,2.0,,,0.0,,,1.0,,,Wellington Region,Nil,1-way,Sealed,,0.0,0,,30.0,,On,0.0,0.0,,47,Wellington City,Traffic Signals,,,,,0.0,0.0,Urban,0.0,,,Mist or Fog,Null,0
66553446,,572900,0.0,0.0,1.0,1.0,0.0,East,2021/2022,HAWKESTONE STREET,PORTLAND CRESCENT,,Non-Injury Crash,No,2021,0.0,West,0.0,0,0.0,Hill Road,0.0,,0.0,,0.0,Unknown,2119600,0,0.0,0.0,2.0,0.0,0.0,0.0,0.0,1.0,,0.0,0.0,Wellington Region,Nil,2-way,Sealed,0.0,0.0,0,0.0,50.0,0.0,Null,0.0,0.0,,47,Wellington City,Unknown,0.0,0.0,0.0,0.0,0.0,0.0,Urban,0.0,0.0,0.0,Null,Null,1
66553539,,573300,0.0,,0.0,1.0,,Null,2022/2023,SUSSEX STREET,BUCKLE STREET,,Non-Injury Crash,Yes,2022,,North,,0,,Hill Road,,,,,,Overcast,2145602,0,1.0,0.0,3.0,,,0.0,,,,,,Wellington Region,Nil,1-way,Sealed,,0.0,0,,50.0,,Null,0.0,0.0,,47,Wellington City,Nil,,,,,0.0,0.0,Urban,0.0,,,Light rain,Null,0
66553574,,573101,0.0,0.0,0.0,0.0,0.0,North,2021/2022,CUBA STREET,ABEL SMITH STREET,,Non-Injury Crash,No,2021,0.0,North,0.0,0,0.0,Flat,0.0,,0.0,,0.0,Overcast,2132300,0,0.0,0.0,2.0,0.0,0.0,0.0,0.0,1.0,,0.0,0.0,Wellington Region,Nil,2-way,Sealed,0.0,0.0,0,0.0,30.0,0.0,Off,0.0,0.0,,47,Wellington City,Nil,0.0,0.0,0.0,0.0,0.0,0.0,Urban,2.0,0.0,0.0,Fine,Null,1
66553659,,572900,0.0,0.0,0.0,2.0,0.0,East,2022/2023,HILL STREET,GUILDFORD TERRACE,,Non-Injury Crash,No,2022,0.0,East,0.0,0,0.0,Hill Road,0.0,,0.0,,0.0,Bright sun,2119700,0,0.0,0.0,2.0,0.0,0.0,0.0,0.0,1.0,,0.0,0.0,Wellington Region,Nil,2-way,Sealed,0.0,0.0,0,0.0,50.0,0.0,Off,0.0,0.0,,47,Wellington City,Nil,0.0,0.0,0.0,0.0,0.0,0.0,Urban,0.0,0.0,0.0,Fine,Null,0
66553677,,573101,0.0,,0.0,2.0,,North,2023/2024,TARANAKI STREET,JESSIE STREET,,Non-Injury Crash,No,2023,,North,,0,,Flat,,,,,,Overcast,2133700,0,0.0,0.0,4.0,,,0.0,,,,,,Wellington Region,Nil,2-way,Sealed,,0.0,0,,50.0,,Off,0.0,0.0,,47,Wellington City,Nil,,,,,0.0,0.0,Urban,0.0,,,Light rain,Frost,0
66553698,,576903,0.0,0.0,0.0,1.0,0.0,Null,2021/2022,RAUPO STREET,HAMILTON ROAD,,Non-Injury Crash,No,2022,0.0,North,0.0,0,0.0,Hill Road,0.0,,0.0,,1.0,Dark,2180900,0,0.0,0.0,2.0,0.0,0.0,0.0,0.0,0.0,,0.0,0.0,Wellington Region,Nil,2-way,Sealed,0.0,0.0,0,0.0,50.0,0.0,On,0.0,0.0,,47,Wellington City,Nil,0.0,0.0,0.0,0.0,0.0,0.0,Urban,0.0,0.0,0.0,Fine,Null,0
66553716,,575600,0.0,,0.0,1.0,,Null,2022/2023,OHIRO ROAD,CLEVELAND STREET,,Minor Crash,No,2022,,North,,0,,Hill Road,,,,,,Dark,2161700,3,0.0,0.0,2.0,,,0.0,,,,,,Wellington Region,Nil,2-way,Sealed,,0.0,0,,30.0,,On,0.0,0.0,,47,Wellington City,Traffic Signals,,,,,0.0,0.0,Urban,1.0,,,Fine,Null,0
66553744,,576301,0.0,,0.0,2.0,,North,2022/2023,RINTOUL STREET,COLOMBO STREET,,Non-Injury Crash,No,2022,,North,,0,,Flat,,,,,,Overcast,2164700,0,0.0,0.0,2.0,,,0.0,,,,,,Wellington Region,Nil,2-way,Sealed,,0.0,0,,50.0,,Off,0.0,0.0,,47,Wellington City,Nil,,,,,0.0,0.0,Urban,0.0,,,Fine,Null,0
66553781,,576002,0.0,0.0,0.0,1.0,0.0,North,2021/2022,THE PARADE,REEF STREET,,Non-Injury Crash,No,2021,0.0,North,0.0,0,0.0,Flat,0.0,,0.0,,0.0,Unknown,2189600,0,0.0,0.0,2.0,0.0,0.0,0.0,0.0,1.0,,0.0,0.0,Wellington Region,Nil,2-way,Sealed,0.0,0.0,0,0.0,50.0,0.0,Null,0.0,0.0,,47,Wellington City,Nil,0.0,0.0,0.0,0.0,0.0,0.0,Urban,1.0,0.0,0.0,Null,Null,1
66553815,,573101,0.0,,1.0,1.0,,Null,2022/2023,VIVIAN STREET,TORY STREET,,Non-Injury Crash,Yes,2022,,East,,0,,Flat,,,,,,Bright sun,2133900,0,0.0,0.0,2.0,,,0.0,,,,,,Wellington Region,Nil,1-way,Sealed,,0.0,0,,50.0,,Off,0.0,0.0,,47,Wellington City,Traffic Signals,,,,,0.0,0.0,Urban,0.0,,,Fine,Null,0
66553826,,574303,0.0,,0.0,2.0,,South,2022/2023,CENTENNIAL HIGHWAY,NEWLANDS OFF RAMP,,Non-Injury Crash,Yes,2022,,North,,0,,Hill Road,,,,,,Overcast,2088705,0,0.0,0.0,3.0,,,0.0,,,,,,Wellington Region,Nil,1-way,Sealed,,0.0,0,,100.0,,Off,0.0,0.0,,47,Wellington City,Nil,,,,,0.0,0.0,Open,0.0,,,Fine,Null,0
66553831,,573101,0.0,,0.0,0.0,,Null,2020/2021,KENT TERRACE,PIRIE STREET,,Non-Injury Crash,Yes,2021,,South,,0,,Flat,,,,,,Unknown,2136700,0,1.0,0.0,3.0,,,0.0,,,,,,Wellington Region,Nil,1-way,Sealed,,0.0,0,,50.0,,Null,0.0,0.0,,47,Wellington City,Traffic Signals,,,,,0.0,0.0,Urban,1.0,,,Null,Null,1
66553833,,575600,0.0,,0.0,1.0,,Null,2022/2023,OHIRO ROAD,BROOKLYN ROAD,,Non-Injury Crash,No,2023,,West,,0,,Hill Road,,,,,,Dark,2161900,0,0.0,0.0,2.0,,,0.0,,,,,,Wellington Region,Nil,2-way,Sealed,,0.0,0,,50.0,,On,1.0,0.0,,47,Wellington City,Give way,,,,,0.0,0.0,Urban,0.0,,,Fine,Null,0
66553834,,574001,0.0,0.0,0.0,1.0,0.0,South,2022/2023,EDGECOMBE STREET,CHETWODE GROVE,,Non-Injury Crash,No,2023,0.0,South,0.0,0,1.0,Hill Road,0.0,,0.0,,0.0,Dark,2077300,0,0.0,0.0,2.0,0.0,0.0,0.0,0.0,0.0,,0.0,0.0,Wellington Region,Nil,2-way,Sealed,0.0,0.0,0,0.0,50.0,0.0,On,0.0,0.0,,47,Wellington City,Nil,0.0,0.0,0.0,0.0,0.0,0.0,Urban,0.0,0.0,0.0,Fine,Null,0
66553844,,573514,0.0,0.0,1.0,1.0,0.0,East,2021/2022,FURLONG CRESCENT,HANDLY GROVE,,Non-Injury Crash,No,2021,0.0,East,0.0,0,0.0,Flat,0.0,,0.0,,0.0,Bright sun,2086733,0,0.0,0.0,2.0,0.0,0.0,0.0,0.0,1.0,,0.0,0.0,Wellington Region,Nil,2-way,Sealed,0.0,0.0,0,0.0,50.0,0.0,Null,0.0,0.0,,47,Wellington City,Nil,0.0,0.0,0.0,0.0,0.0,0.0,Urban,0.0,0.0,0.0,Fine,Null,1
66553978,,574701,0.0,,0.0,1.0,,North,2021/2022,CHARTWELL DRIVE,SANDHURST WAY,,Non-Injury Crash,No,2022,,North,,0,,Hill Road,,,,,,Bright sun,2105100,0,0.0,0.0,2.0,,,0.0,,,,,,Wellington Region,Nil,2-way,Sealed,,0.0,0,,50.0,,Off,0.0,0.0,,47,Wellington City,Nil,,,,,1.0,0.0,Urban,0.0,,,Fine,Null,0
66554041,,573101,0.0,,0.0,2.0,,Null,2021/2022,KARO DRIVE,VICTORIA STREET,,Non-Injury Crash,Yes,2022,,North,,0,,Flat,,,,,,Bright sun,2132400,0,0.0,0.0,3.0,,,0.0,,,,,,Wellington Region,Nil,1-way,Sealed,,0.0,0,,50.0,,Off,0.0,0.0,,47,Wellington City,Traffic Signals,,,,,0.0,0.0,Urban,0.0,,,Fine,Null,0
66554045,,573526,0.0,,0.0,2.0,,South,2022/2023,HUTT ROAD,WEIGH PIT,,Non-Injury Crash,Yes,2022,,South,,0,,Flat,,,,,,Overcast,2077503,0,0.0,0.0,2.0,,,0.0,,,,,,Wellington Region,Nil,1-way,Sealed,,0.0,0,,100.0,,Off,1.0,0.0,,47,Wellington City,Nil,,,,,0.0,0.0,Open,0.0,,,Fine,Null,0
66554064,,577102,0.0,0.0,0.0,1.0,0.0,North,2022/2023,GLAMIS AVENUE,KINGHORNE STREET,,Serious Crash,No,2023,0.0,South,0.0,0,0.0,Flat,0.0,,0.0,,0.0,Overcast,2214500,0,1.0,0.0,2.0,0.0,0.0,0.0,0.0,1.0,,0.0,0.0,Wellington Region,Nil,2-way,Sealed,0.0,0.0,1,0.0,50.0,0.0,Off,0.0,0.0,,47,Wellington City,Nil,0.0,0.0,0.0,0.0,0.0,0.0,Urban,0.0,0.0,0.0,Fine,Null,0
66554085,,574302,0.0,0.0,0.0,1.0,1.0,South,2022/2023,ONSLOW ROAD,HOMEBUSH ROAD,,Non-Injury Crash,No,2022,0.0,North,0.0,0,0.0,Hill Road,0.0,,0.0,,0.0,Overcast,2090500,0,0.0,0.0,2.0,0.0,0.0,0.0,0.0,0.0,,0.0,0.0,Wellington Region,Nil,2-way,Sealed,0.0,0.0,0,0.0,50.0,0.0,Off,0.0,0.0,,47,Wellington City,Nil,0.0,0.0,0.0,0.0,0.0,0.0,Urban,0.0,0.0,0.0,Light rain,Null,0
66554087,,575300,0.0,0.0,0.0,2.0,0.0,South,2022/2023,GLENMORE STREET,GARDEN ROAD,,Non-Injury Crash,No,2023,0.0,North,0.0,0,0.0,Hill Road,0.0,,0.0,,0.0,Dark,2153501,0,0.0,0.0,2.0,0.0,0.0,0.0,0.0,1.0,,0.0,0.0,Wellington Region,Nil,2-way,Sealed,0.0,0.0,0,0.0,50.0,0.0,On,0.0,0.0,,47,Wellington City,Nil,0.0,0.0,0.0,0.0,0.0,0.0,Urban,0.0,0.0,0.0,Fine,Null,0
66554093,,576700,1.0,,0.0,0.0,,South,2022/2023,GRAFTON ROAD,MAIDA VALE ROAD,,Serious Crash,No,2023,,North,,0,,Hill Road,,,,,,Bright sun,2186600,0,0.0,0.0,2.0,,,0.0,,,,,,Wellington Region,Nil,2-way,Sealed,,0.0,1,,50.0,,Off,0.0,0.0,,47,Wellington City,Nil,,,,,0.0,0.0,Urban,1.0,,,Fine,Null,0
66554158,,574002,0.0,,0.0,2.0,,Null,2023/2024,CENTENNIAL HIGHWAY,HUTT ROAD ON RAMP,,Minor Crash,No,2024,,South,,0,,Flat,,,,,,Bright sun,2078302,1,0.0,0.0,4.0,,,0.0,,,,,,Wellington Region,Nil,2-way,Sealed,,0.0,0,,80.0,,Off,0.0,0.0,,47,Wellington City,Traffic Signals,,,,,0.0,0.0,Open,0.0,,,Fine,Null,0
66554162,,573101,0.0,,0.0,2.0,,Null,2019/2020,DIXON STREET,WILLIS STREET,,Non-Injury Crash,No,2020,,West,,0,,Hill Road,,,,,,Dark,2131300,0,0.0,0.0,3.0,,,0.0,,,,,,Wellington Region,Nil,1-way,Sealed,,0.0,0,,30.0,,On,0.0,0.0,,47,Wellington City,Traffic Signals,,,,,0.0,0.0,Urban,0.0,,,Fine,Null,1
66554180,,573300,0.0,0.0,0.0,3.0,0.0,Null,2021/2022,BIDWILL STREET,WALLACE STREET,,Non-Injury Crash,No,2022,0.0,North,0.0,0,0.0,Hill Road,0.0,,0.0,,0.0,Dark,2145100,0,0.0,0.0,2.0,0.0,0.0,0.0,0.0,1.0,,0.0,0.0,Wellington Region,Nil,2-way,Sealed,0.0,0.0,0,0.0,50.0,0.0,On,0.0,0.0,,47,Wellington City,Nil,0.0,0.0,0.0,0.0,0.0,0.0,Urban,0.0,0.0,0.0,Light rain,Null,0
66554266,,576200,0.0,0.0,0.0,2.0,0.0,West,2021/2022,BRITOMART STREET,STANLEY STREET,,Non-Injury Crash,No,2021,0.0,East,0.0,0,0.0,Null,0.0,,0.0,,0.0,Unknown,2171100,0,0.0,0.0,2.0,0.0,0.0,0.0,0.0,1.0,,0.0,0.0,Wellington Region,Nil,2-way,Null,0.0,0.0,0,0.0,50.0,0.0,Null,0.0,0.0,,47,Wellington City,Nil,0.0,0.0,0.0,0.0,0.0,0.0,Urban,0.0,0.0,0.0,Null,Null,1
66554271,,573300,0.0,0.0,0.0,1.0,0.0,North,2023/2024,WALLACE STREET,HUTCHISON ROAD,,Minor Crash,No,2023,0.0,South,0.0,0,0.0,Hill Road,1.0,,0.0,,0.0,Dark,2147400,1,0.0,0.0,2.0,0.0,0.0,0.0,0.0,0.0,,0.0,0.0,Wellington Region,Nil,2-way,Sealed,0.0,0.0,0,0.0,50.0,0.0,On,0.0,0.0,,47,Wellington City,Nil,0.0,0.0,0.0,0.0,0.0,0.0,Urban,0.0,0.0,0.0,Fine,Null,0
66554327,,572500,0.0,0.0,0.0,2.0,0.0,South,2022/2023,ORIEL AVENUE,GREYFRIARS CRESCENT,,Minor Crash,No,2023,0.0,North,0.0,0,0.0,Hill Road,0.0,,0.0,,0.0,Bright sun,1986902,1,0.0,0.0,2.0,0.0,0.0,0.0,0.0,1.0,,0.0,0.0,Wellington Region,Nil,2-way,Sealed,0.0,0.0,0,0.0,50.0,0.0,Off,0.0,0.0,,47,Wellington City,Nil,0.0,0.0,0.0,0.0,0.0,0.0,Urban,0.0,0.0,0.0,Fine,Null,0
66554428,,573400,0.0,,0.0,1.0,,West,2022/2023,ORIENTAL PARADE,CABLE STREET,,Minor Crash,No,2022,,South,,0,,Flat,,,,,,Bright sun,2138900,1,0.0,1.0,2.0,,,0.0,,,,,,Wellington Region,Nil,1-way,Sealed,,0.0,0,,50.0,,Off,0.0,0.0,,47,Wellington City,Nil,,,,,0.0,0.0,Urban,0.0,,,Fine,Null,0
66554502,,575000,0.0,,0.0,2.0,,Null,2022/2023,CAMPBELL STREET,FIRTH TERRACE,,Non-Injury Crash,No,2022,,South,,0,,Flat,,,,,,Bright sun,2112500,0,0.0,0.0,2.0,,,0.0,,,,,,Wellington Region,Nil,2-way,Sealed,,0.0,0,,50.0,,Off,0.0,0.0,,47,Wellington City,Give way,,,,,0.0,0.0,Urban,0.0,,,Fine,Null,0
66554508,,576400,1.0,,0.0,1.0,,Null,2022/2023,CRAWFORD ROAD,DUNCAN TERRACE,,Serious Crash,No,2023,,South,,0,,Hill Road,,,,,,Overcast,2169500,0,0.0,0.0,2.0,,,0.0,,,,,,Wellington Region,Nil,2-way,Sealed,,0.0,1,,50.0,,Off,0.0,0.0,,47,Wellington City,Nil,,,,,0.0,0.0,Urban,0.0,,,Fine,Null,0
66554608,,576500,0.0,,0.0,1.0,,Null,2022/2023,ADELAIDE ROAD,ALFRED STREET,,Minor Crash,No,2022,,South,,0,,Flat,,,,,,Overcast,2147900,1,0.0,0.0,2.0,,,0.0,,,1.0,,,Wellington Region,Nil,2-way,Sealed,,0.0,0,,50.0,,Off,0.0,0.0,,47,Wellington City,Give way,,,,,0.0,0.0,Urban,0.0,,,Fine,Null,0
66554646,,572900,0.0,,0.0,2.0,,Null,2022/2023,HOBSON STREET,HOBSON CRESCENT,,Non-Injury Crash,No,2023,,South,,0,,Flat,,,,,,Overcast,2118700,0,0.0,0.0,2.0,,,0.0,,,,,,Wellington Region,Nil,2-way,Sealed,,0.0,0,,50.0,,Off,0.0,0.0,,47,Wellington City,Nil,,,,,0.0,0.0,Urban,0.0,,,Fine,Null,0
66554671,,572900,0.0,0.0,0.0,0.0,1.0,North,2022/2023,MAY STREET ON RAMP,MOLESWORTH STREET,,Non-Injury Crash,No,2023,0.0,North,0.0,0,0.0,Hill Road,0.0,,0.0,,0.0,Overcast,2119500,0,0.0,0.0,1.0,0.0,0.0,0.0,0.0,0.0,,0.0,0.0,Wellington Region,Motorway ramp,1-way,Sealed,0.0,0.0,0,0.0,50.0,0.0,Off,0.0,0.0,,47,Wellington City,Nil,0.0,0.0,0.0,0.0,1.0,0.0,Urban,0.0,0.0,0.0,Heavy rain,Strong wind,0
66554679,,576301,0.0,,0.0,2.0,,Null,2022/2023,JOHN STREET,HANSON STREET,,Non-Injury Crash,No,2023,,West,,0,,Hill Road,,,,,,Unknown,2163400,0,0.0,0.0,3.0,,,0.0,,,,,,Wellington Region,Nil,2-way,Sealed,,0.0,0,,50.0,,Null,0.0,0.0,,47,Wellington City,Traffic Signals,,,,,0.0,0.0,Urban,0.0,,,Null,Null,0
66554716,,576301,0.0,0.0,0.0,1.0,0.0,Null,2023/2024,RIDDIFORD STREET,RHODES STREET,,Minor Crash,No,2023,0.0,South,0.0,0,0.0,Flat,0.0,,0.0,,0.0,Dark,2165900,1,0.0,0.0,2.0,0.0,0.0,0.0,0.0,0.0,,0.0,1.0,Wellington Region,Nil,2-way,Sealed,0.0,0.0,0,0.0,40.0,0.0,On,0.0,0.0,,47,Wellington City,Give way,1.0,0.0,0.0,0.0,0.0,0.0,Urban,0.0,0.0,0.0,Fine,Null,0
66554759,,572500,0.0,,0.0,2.0,,Null,2022/2023,MAIN ROAD,BOSCOBEL LANE,,Non-Injury Crash,No,2022,,North,,0,,Flat,,,,,,Dark,1986300,0,0.0,0.0,2.0,,,0.0,,,,,,Wellington Region,Nil,2-way,Sealed,,0.0,0,,50.0,,On,0.0,0.0,,47,Wellington City,Stop,,,,,0.0,0.0,Urban,0.0,,,Fine,Null,0
66554855,,574500,0.0,0.0,0.0,1.0,0.0,North,2022/2023,WELLINGTON URBAN MOTORWAY,AOTEA QUAY OFF RAMP,,Non-Injury Crash,Yes,2022,0.0,South,0.0,0,0.0,Flat,1.0,,0.0,,0.0,Dark,2093500,0,0.0,0.0,3.0,0.0,0.0,0.0,0.0,0.0,,0.0,0.0,Wellington Region,Nil,1-way,Sealed,0.0,0.0,0,0.0,100.0,0.0,On,0.0,0.0,,47,Wellington City,Nil,0.0,0.0,0.0,0.0,0.0,0.0,Open,0.0,0.0,0.0,Fine,Null,0
66554870,,577302,0.0,0.0,0.0,1.0,1.0,Null,2022/2023,OTAKI STREET,ATHENS STREET,,Minor Crash,No,2023,0.0,South,0.0,0,0.0,Hill Road,0.0,,0.0,,0.0,Overcast,2204600,1,0.0,0.0,2.0,0.0,0.0,0.0,0.0,0.0,,0.0,0.0,Wellington Region,Nil,2-way,Sealed,0.0,0.0,0,0.0,50.0,0.0,None,0.0,0.0,,47,Wellington City,Nil,0.0,0.0,0.0,0.0,0.0,0.0,Urban,0.0,0.0,0.0,Light rain,Null,0
66554977,,575400,0.0,0.0,0.0,1.0,1.0,East,2023/2024,RAROA ROAD,MT PLEASANT ROAD,,Minor Crash,No,2023,0.0,East,0.0,0,0.0,Hill Road,0.0,,0.0,,0.0,Dark,2155800,1,0.0,0.0,2.0,0.0,0.0,0.0,0.0,0.0,,0.0,0.0,Wellington Region,Nil,2-way,Sealed,0.0,0.0,0,0.0,50.0,0.0,On,0.0,0.0,,47,Wellington City,Nil,0.0,0.0,0.0,0.0,0.0,0.0,Urban,0.0,0.0,0.0,Light rain,Strong wind,0
66555035,,574702,0.0,0.0,0.0,2.0,0.0,North,2023/2024,CHURCHILL DRIVE,WILTON ROAD,,Minor Crash,No,2023,0.0,North,0.0,0,0.0,Hill Road,0.0,,0.0,,0.0,Dark,2103800,1,0.0,0.0,2.0,0.0,0.0,0.0,0.0,1.0,,0.0,0.0,Wellington Region,Nil,2-way,Sealed,0.0,0.0,0,0.0,50.0,0.0,On,0.0,0.0,,47,Wellington City,Nil,0.0,0.0,0.0,0.0,0.0,0.0,Urban,0.0,0.0,0.0,Fine,Null,0
66555079,,577000,0.0,,0.0,2.0,,West,2022/2023,KINGSFORD SMITH STREET,TIRANGI ROAD,,Non-Injury Crash,No,2023,,South,,0,,Flat,,,,,,Overcast,2175502,0,0.0,0.0,2.0,,,0.0,,,,,,Wellington Region,Nil,2-way,Sealed,,0.0,0,,50.0,,Off,0.0,0.0,,47,Wellington City,Nil,,,,,0.0,0.0,Urban,0.0,,,Fine,Null,0
66555139,,574200,0.0,,0.0,2.0,,Null,2023/2024,BOX HILL,COCKAYNE ROAD,,Non-Injury Crash,No,2023,,South,,0,,Flat,,,,,,Bright sun,2088400,0,0.0,0.0,2.0,,,0.0,,,,,,Wellington Region,Nil,2-way,Sealed,,0.0,0,,50.0,,Off,0.0,0.0,,47,Wellington City,Give way,,,,,0.0,0.0,Urban,0.0,,,Fine,Null,0
66555147,,573200,0.0,0.0,0.0,1.0,0.0,Null,2023/2024,EPUNI STREET,MORTIMER TERRACE,,Non-Injury Crash,Unknown,2023,0.0,South,0.0,0,0.0,Hill Road,0.0,,1.0,,0.0,Dark,2158300,0,0.0,0.0,2.0,0.0,0.0,0.0,0.0,0.0,,0.0,0.0,Wellington Region,Nil,2-way,Sealed,0.0,0.0,0,0.0,50.0,0.0,On,0.0,0.0,,47,Wellington City,Nil,0.0,0.0,0.0,0.0,0.0,0.0,Urban,0.0,0.0,0.0,Fine,Null,0
66555150,,573400,0.0,0.0,0.0,1.0,0.0,East,2023/2024,PATERSON STREET,DUFFERIN STREET,,Minor Crash,Yes,2024,0.0,West,0.0,0,0.0,Hill Road,0.0,,0.0,,0.0,Bright sun,2143300,1,0.0,0.0,4.0,0.0,0.0,0.0,0.0,0.0,,0.0,2.0,Wellington Region,Nil,2-way,Sealed,0.0,0.0,0,0.0,50.0,0.0,Off,0.0,0.0,,47,Wellington City,Nil,0.0,0.0,0.0,0.0,0.0,0.0,Urban,0.0,0.0,0.0,Fine,Frost,0
66555243,,574002,0.0,0.0,0.0,1.0,0.0,South,2022/2023,HUTT ROAD ON RAMP,HUTT ROAD,,Non-Injury Crash,No,2023,0.0,East,0.0,0,0.0,Flat,1.0,,0.0,,0.0,Dark,2078302,0,0.0,0.0,1.0,0.0,0.0,0.0,0.0,0.0,,0.0,0.0,Wellington Region,Nil,1-way,Unsealed,0.0,0.0,0,0.0,100.0,0.0,On,0.0,0.0,,47,Wellington City,Nil,0.0,0.0,0.0,0.0,0.0,0.0,Open,0.0,0.0,0.0,Fine,Null,0
66555275,,572900,0.0,0.0,0.0,1.0,0.0,South,2022/2023,THORNDON QUAY,TINAKORI ROAD,,Non-Injury Crash,No,2022,0.0,South,0.0,0,0.0,Null,0.0,,0.0,,0.0,Bright sun,2118400,0,0.0,0.0,2.0,0.0,0.0,0.0,0.0,1.0,,0.0,0.0,Wellington Region,Nil,2-way,Sealed,0.0,0.0,0,0.0,50.0,0.0,Off,0.0,0.0,,47,Wellington City,Nil,0.0,0.0,0.0,0.0,0.0,1.0,Urban,0.0,0.0,0.0,Null,Null,0
66555391,,573200,0.0,0.0,0.0,2.0,0.0,West,2022/2023,BROOKLYN ROAD,NAIRN STREET,,Non-Injury Crash,No,2023,0.0,South,0.0,0,0.0,Hill Road,0.0,,0.0,,0.0,Dark,2159801,0,0.0,0.0,2.0,0.0,0.0,0.0,0.0,1.0,,0.0,0.0,Wellington Region,Nil,2-way,Sealed,0.0,0.0,0,0.0,50.0,0.0,On,0.0,0.0,,47,Wellington City,Nil,0.0,0.0,0.0,0.0,0.0,0.0,Urban,0.0,0.0,0.0,Fine,Null,0
66555398,,574001,0.0,,0.0,1.0,,West,2023/2024,NEWLANDS ROAD,BRACKEN ROAD,,Non-Injury Crash,No,2023,,East,,0,,Flat,,,,,,Dark,2076300,0,0.0,0.0,2.0,,,0.0,,,,,,Wellington Region,Nil,2-way,Sealed,,0.0,0,,50.0,,On,0.0,0.0,,47,Wellington City,Nil,,,,,0.0,0.0,Urban,0.0,,,Heavy rain,Strong wind,0
66555438,,573000,0.0,0.0,0.0,2.0,0.0,North,2022/2023,THE TERRACE,CHURCH STREET,,Non-Injury Crash,No,2022,0.0,North,0.0,0,0.0,Hill Road,0.0,,0.0,,0.0,Overcast,2127600,0,0.0,0.0,2.0,0.0,0.0,0.0,0.0,1.0,,0.0,0.0,Wellington Region,Nil,2-way,Sealed,0.0,0.0,0,0.0,50.0,0.0,Off,0.0,0.0,,47,Wellington City,Nil,0.0,0.0,0.0,0.0,0.0,0.0,Urban,0.0,0.0,0.0,Fine,Null,0
66555453,,572701,0.0,0.0,0.0,1.0,0.0,Null,2023/2024,COLLINS AVENUE,COATES STREET,,Non-Injury Crash,No,2023,0.0,East,0.0,0,0.0,Flat,0.0,,0.0,,0.0,Overcast,1993200,0,0.0,0.0,2.0,0.0,0.0,0.0,0.0,0.0,,0.0,1.0,Wellington Region,Nil,2-way,Sealed,0.0,0.0,0,0.0,50.0,0.0,None,0.0,0.0,,47,Wellington City,Give way,0.0,0.0,0.0,0.0,0.0,0.0,Urban,0.0,0.0,0.0,Fine,Frost,0
66555466,,574302,0.0,0.0,0.0,1.0,0.0,North,2023/2024,WELLINGTON URBAN MOTORWAY,AOTEA QUAY ON RAMP,,Non-Injury Crash,Yes,2023,0.0,North,0.0,0,0.0,Flat,1.0,,0.0,,0.0,Bright sun,2090604,0,0.0,0.0,3.0,0.0,0.0,0.0,0.0,0.0,,0.0,0.0,Wellington Region,Nil,1-way,Sealed,0.0,0.0,0,0.0,100.0,0.0,None,0.0,0.0,,47,Wellington City,Nil,0.0,0.0,0.0,0.0,0.0,1.0,Open,0.0,0.0,0.0,Fine,Null,0
66555517,,572900,0.0,0.0,0.0,2.0,0.0,South,2023/2024,WELLINGTON URBAN MOTORWAY,AOTEA QUAY ON RAMP,,Non-Injury Crash,Yes,2023,0.0,North,0.0,0,0.0,Flat,1.0,,0.0,,0.0,Bright sun,2118400,0,0.0,0.0,3.0,0.0,0.0,0.0,0.0,0.0,,0.0,0.0,Wellington Region,Motorway ramp,1-way,Sealed,0.0,0.0,0,0.0,100.0,0.0,None,0.0,0.0,,47,Wellington City,Nil,0.0,0.0,0.0,0.0,0.0,0.0,Open,0.0,0.0,0.0,Fine,Null,0
66555669,,573901,0.0,0.0,0.0,3.0,0.0,South,2022/2023,BRACKEN ROAD,TREBANN STREET,,Non-Injury Crash,No,2022,0.0,South,0.0,0,0.0,Hill Road,0.0,,0.0,,0.0,Twilight,2073300,0,0.0,0.0,2.0,0.0,0.0,0.0,0.0,1.0,,0.0,0.0,Wellington Region,Nil,2-way,Sealed,0.0,0.0,0,0.0,50.0,0.0,On,0.0,0.0,,47,Wellington City,Nil,0.0,0.0,0.0,0.0,0.0,0.0,Urban,0.0,0.0,0.0,Light rain,Strong wind,0