OBJECTID,advisorySpeed,areaUnitID,bicycle,bridge,bus,carStationWagon,cliffBank,crashDirectionDescription,crashFinancialYear,crashLocation1,crashLocation2,crashRoadSideRoad,crashSeverity,crashSHDescription,crashYear,debris,directionRoleDescription,ditch,fatalCount,fence,flatHill,guardRail,holiday,houseOrBuilding,intersection,kerb,light,meshblockId,minorInjuryCount,moped,motorcycle,NumberOfLanes,objectThrownOrDropped,otherObject,otherVehicleType,overBank,parkedVehicle,pedestrian,phoneBoxEtc,postOrPole,region,roadCharacter,roadLane,roadSurface,roadworks,schoolBus,seriousInjuryCount,slipOrFlood,speedLimit,strayAnimal,streetLight,suv,taxi,temporarySpeedLimit,tlaId,tlaName,trafficControl,trafficIsland,trafficSign,train,tree,truck,unknownVehicleType,urban,vanOrUtility,vehicle,waterRiver,weatherA,weatherB,if_pandemic
66555685,,576500,0.0,,0.0,2.0,,Null,2022/2023,MEIN STREET,HALL STREET,,Non-Injury Crash,No,2023,,West,,0,,Hill Road,,,,,,Dark,2148800,0,0.0,0.0,2.0,,,0.0,,,,,,Wellington Region,Nil,2-way,Sealed,,0.0,0,,40.0,,On,0.0,0.0,,47,Wellington City,Traffic Signals,,,,,0.0,0.0,Urban,0.0,,,Fine,Frost,0
66555777,,573513,0.0,0.0,1.0,2.0,0.0,North,2023/2024,MELKSHAM DRIVE,ROCHDALE DRIVE,,Non-Injury Crash,No,2023,0.0,North,0.0,0,0.0,Flat,0.0,,0.0,,0.0,Overcast,2086722,0,0.0,0.0,2.0,0.0,0.0,0.0,0.0,1.0,,0.0,0.0,Wellington Region,Nil,2-way,Sealed,0.0,0.0,0,0.0,50.0,0.0,Off,0.0,0.0,,47,Wellington City,Nil,0.0,0.0,0.0,0.0,0.0,0.0,Urban,0.0,0.0,0.0,Fine,Strong wind,0
66555818,,573700,0.0,0.0,0.0,2.0,0.0,South,2023/2024,JOHNSONVILLE PORIRUA MOTORWAY,HELSTON OBR,,Non-Injury Crash,Yes,2023,0.0,North,0.0,0,0.0,Flat,1.0,,0.0,,0.0,Dark,2082800,0,0.0,0.0,2.0,0.0,0.0,0.0,0.0,0.0,,0.0,0.0,Wellington Region,Nil,1-way,Sealed,0.0,0.0,0,0.0,100.0,0.0,On,0.0,0.0,,47,Wellington City,Nil,0.0,0.0,0.0,0.0,0.0,0.0,Open,0.0,0.0,0.0,Fine,Null,0
66555856,,573400,0.0,1.0,0.0,2.0,0.0,West,2022/2023,MT VICTORIA TUNNEL,WEST PORTAL,,Non-Injury Crash,Yes,2023,0.0,East,0.0,0,0.0,Flat,0.0,,0.0,,0.0,Overcast,2143300,0,0.0,0.0,2.0,0.0,0.0,0.0,0.0,0.0,,0.0,0.0,Wellington Region,Tunnel,2-way,Sealed,0.0,0.0,0,0.0,50.0,0.0,On,0.0,0.0,,47,Wellington City,Nil,0.0,0.0,0.0,0.0,0.0,0.0,Urban,0.0,0.0,0.0,Heavy rain,Null,0
66555876,,576700,0.0,0.0,1.0,1.0,0.0,North,2022/2023,GRAFTON ROAD,TE ANAU ROAD,,Non-Injury Crash,No,2022,0.0,North,0.0,0,0.0,Flat,0.0,,0.0,,0.0,Overcast,2186300,0,0.0,0.0,2.0,0.0,0.0,0.0,0.0,1.0,,0.0,0.0,Wellington Region,Nil,2-way,Sealed,0.0,0.0,0,0.0,50.0,0.0,Off,0.0,0.0,,47,Wellington City,Nil,0.0,0.0,0.0,0.0,0.0,0.0,Urban,0.0,0.0,0.0,Fine,Null,0
66555907,,577200,0.0,0.0,0.0,1.0,0.0,West,2022/2023,DEVONSHIRE ROAD,ELLESMERE AVENUE,,Non-Injury Crash,No,2023,0.0,East,0.0,0,0.0,Flat,0.0,Easter,0.0,,0.0,Overcast,2208300,0,0.0,0.0,2.0,0.0,0.0,0.0,0.0,0.0,,0.0,1.0,Wellington Region,Nil,2-way,Sealed,0.0,0.0,0,0.0,50.0,0.0,Off,0.0,0.0,,47,Wellington City,Nil,0.0,0.0,0.0,0.0,0.0,0.0,Urban,0.0,0.0,0.0,Fine,Null,0
66555913,,576800,0.0,0.0,0.0,3.0,0.0,South,2023/2024,HATAITAI ROAD,KONINI ROAD,,Non-Injury Crash,No,2023,0.0,South,0.0,0,0.0,Hill Road,0.0,,0.0,,0.0,Dark,2182000,0,0.0,0.0,2.0,0.0,0.0,0.0,0.0,1.0,,0.0,0.0,Wellington Region,Nil,2-way,Sealed,0.0,0.0,0,0.0,50.0,0.0,On,0.0,0.0,,47,Wellington City,Nil,0.0,0.0,0.0,0.0,0.0,0.0,Urban,0.0,0.0,0.0,Fine,Null,0
66556025,,573000,0.0,0.0,0.0,0.0,0.0,North,2022/2023,WATERLOO QUAY,WHITMORE STREET,,Non-Injury Crash,No,2022,0.0,North,0.0,0,0.0,Null,0.0,,0.0,,0.0,Unknown,2124300,0,0.0,0.0,3.0,0.0,0.0,0.0,0.0,1.0,,0.0,0.0,Wellington Region,Nil,1-way,Null,0.0,0.0,0,0.0,50.0,0.0,Null,2.0,0.0,,47,Wellington City,Nil,0.0,0.0,0.0,0.0,0.0,0.0,Urban,0.0,0.0,0.0,Null,Null,0
66556100,,577301,0.0,0.0,0.0,1.0,0.0,North,2022/2023,DARLINGTON ROAD,GREENVIEW WAY,,Non-Injury Crash,No,2023,0.0,North,0.0,0,0.0,Hill Road,0.0,,0.0,,0.0,Overcast,2203000,0,0.0,0.0,1.0,0.0,0.0,0.0,0.0,1.0,,0.0,0.0,Wellington Region,Nil,2-way,Sealed,0.0,0.0,0,0.0,50.0,0.0,Null,0.0,0.0,,47,Wellington City,Nil,0.0,0.0,0.0,0.0,0.0,0.0,Urban,0.0,0.0,0.0,Fine,Null,0
66556141,,576903,0.0,,0.0,2.0,,Null,2022/2023,WELLINGTON ROAD,KILBIRNIE CRESCENT,,Non-Injury Crash,Yes,2023,,West,,0,,Flat,,,,,,Overcast,2177900,0,0.0,0.0,4.0,,,0.0,,,,,,Wellington Region,Nil,2-way,Sealed,,0.0,0,,50.0,,On,0.0,0.0,,47,Wellington City,Traffic Signals,,,,,0.0,0.0,Urban,0.0,,,Fine,Strong wind,0
66556162,,576901,0.0,0.0,0.0,2.0,0.0,West,2023/2024,COUTTS STREET,TE WHITI STREET,,Non-Injury Crash,No,2023,0.0,East,0.0,0,0.0,Flat,0.0,,0.0,,0.0,Dark,2177500,0,0.0,0.0,2.0,0.0,0.0,0.0,0.0,1.0,,0.0,0.0,Wellington Region,Nil,2-way,Sealed,0.0,0.0,0,0.0,50.0,0.0,On,0.0,0.0,,47,Wellington City,Nil,0.0,0.0,0.0,0.0,0.0,0.0,Urban,0.0,0.0,0.0,Fine,Null,0
66556310,,576903,0.0,,0.0,2.0,,North,2023/2024,RUAHINE STREET,WELLINGTON ROAD,,Non-Injury Crash,Yes,2023,,South,,0,,Hill Road,,,,,,Bright sun,2180601,0,0.0,0.0,2.0,,,0.0,,,,,,Wellington Region,Nil,2-way,Sealed,,0.0,0,,50.0,,Off,0.0,0.0,30.0,47,Wellington City,Nil,,,,,0.0,0.0,Urban,1.0,,,Fine,Null,0
66556338,,576400,0.0,,0.0,1.0,,East,2023/2024,GREEN STREET,RIDDIFORD STREET,,Minor Crash,No,2023,,North,,0,,Flat,,,,,,Bright sun,2167000,1,0.0,0.0,1.0,,,0.0,,,1.0,,,Wellington Region,Nil,1-way,Sealed,,0.0,0,,40.0,,Off,0.0,0.0,,47,Wellington City,Nil,,,,,0.0,0.0,Urban,0.0,,,Fine,Null,0
66556375,25.0,577601,0.0,0.0,0.0,0.0,0.0,West,2022/2023,DUCHESS PLACE,RANGITANE STREET,,Non-Injury Crash,No,2023,0.0,South,0.0,0,0.0,Hill Road,0.0,,1.0,,0.0,Overcast,2202101,0,0.0,0.0,2.0,0.0,0.0,0.0,0.0,0.0,,0.0,0.0,Wellington Region,Nil,2-way,Sealed,0.0,0.0,0,0.0,50.0,0.0,Null,0.0,0.0,,47,Wellington City,Nil,0.0,0.0,0.0,0.0,0.0,0.0,Urban,1.0,0.0,0.0,Fine,Null,0
66556595,,573801,0.0,0.0,0.0,2.0,0.0,South,2023/2024,HELSTON ROAD,GLEN ALTON AVENUE,,Non-Injury Crash,No,2023,0.0,South,0.0,0,0.0,Hill Road,0.0,,0.0,,0.0,Dark,2079000,0,0.0,0.0,2.0,0.0,0.0,0.0,0.0,1.0,,0.0,0.0,Wellington Region,Nil,2-way,Sealed,0.0,0.0,0,0.0,50.0,0.0,Off,0.0,0.0,,47,Wellington City,Nil,0.0,0.0,0.0,0.0,0.0,0.0,Urban,0.0,0.0,0.0,Light rain,Null,0
66556660,,577601,0.0,0.0,0.0,1.0,0.0,South,2023/2024,PRISON ROAD,AKAROA DRIVE,,Non-Injury Crash,No,2023,0.0,South,0.0,0,0.0,Flat,0.0,,0.0,,0.0,Overcast,2201200,0,0.0,0.0,2.0,0.0,0.0,0.0,1.0,0.0,,0.0,0.0,Wellington Region,Nil,2-way,Sealed,0.0,0.0,0,0.0,50.0,0.0,Off,0.0,0.0,,47,Wellington City,Nil,0.0,0.0,0.0,1.0,0.0,0.0,Urban,0.0,0.0,0.0,Fine,Null,0
66556664,,573101,0.0,,0.0,1.0,,West,2023/2024,ARTHUR STREET,TARANAKI STREET,,Serious Crash,Yes,2024,,West,,0,,Flat,,,,,,Twilight,2134700,0,0.0,0.0,3.0,,,0.0,,,1.0,,,Wellington Region,Nil,1-way,Sealed,,0.0,1,,50.0,,On,0.0,0.0,,47,Wellington City,Nil,,,,,0.0,0.0,Urban,0.0,,,Light rain,Null,0
66556738,25.0,576700,0.0,0.0,0.0,2.0,0.0,North,2023/2024,CARLTON GORE ROAD,LINDUM TERRACE,,Non-Injury Crash,No,2023,0.0,South,0.0,0,1.0,Hill Road,0.0,,0.0,,0.0,Dark,2186500,0,0.0,0.0,2.0,0.0,0.0,0.0,0.0,1.0,,0.0,0.0,Wellington Region,Nil,2-way,Sealed,0.0,0.0,0,0.0,50.0,0.0,On,0.0,0.0,,47,Wellington City,Nil,0.0,0.0,0.0,0.0,0.0,0.0,Urban,0.0,0.0,0.0,Light rain,Null,0
66556825,,572900,0.0,,0.0,3.0,,South,2023/2024,TINAKORI ROAD,HARRIETT STREET,,Non-Injury Crash,No,2023,,North,,0,,Flat,,,,,,Bright sun,2120100,0,0.0,0.0,2.0,,,0.0,,,,,,Wellington Region,Nil,2-way,Sealed,,0.0,0,,50.0,,Off,0.0,0.0,,47,Wellington City,Nil,,,,,0.0,0.0,Urban,0.0,,,Fine,Null,0
66556833,,575200,0.0,,0.0,2.0,,Null,2023/2024,NORTHLAND ROAD,FARM ROAD,,Non-Injury Crash,No,2023,,North,,0,,Flat,,,,,,Bright sun,2150200,0,0.0,0.0,2.0,,,0.0,,,,,,Wellington Region,Nil,2-way,Sealed,,0.0,0,,30.0,,Off,0.0,0.0,,47,Wellington City,Give way,,,,,0.0,0.0,Urban,0.0,,,Fine,Null,0
66556860,,572702,0.0,,0.0,2.0,,South,2022/2023,JOHNSONVILLE PORIRUA MOTORWAY,PED SUBWAY,,Non-Injury Crash,Yes,2022,,South,,0,,Flat,,,,,,Bright sun,2053826,0,0.0,0.0,2.0,,,0.0,,,,,,Wellington Region,Nil,1-way,Sealed,,0.0,0,,100.0,,Off,0.0,0.0,,47,Wellington City,Nil,,,,,0.0,1.0,Open,0.0,,,Fine,Null,0
66556872,,573101,0.0,0.0,1.0,2.0,0.0,Null,2022/2023,ABEL SMITH STREET,CUBA STREET,,Non-Injury Crash,No,2023,0.0,West,0.0,0,0.0,Flat,0.0,,0.0,,0.0,Dark,2134400,0,0.0,0.0,2.0,0.0,0.0,0.0,0.0,1.0,,0.0,0.0,Wellington Region,Nil,2-way,Sealed,0.0,0.0,0,0.0,30.0,0.0,On,0.0,0.0,,47,Wellington City,Stop,0.0,0.0,0.0,0.0,0.0,0.0,Urban,0.0,0.0,0.0,Fine,Null,0
66556876,,574701,0.0,0.0,0.0,1.0,0.0,North,2023/2024,CHURCHILL DRIVE,CHARTWELL DRIVE,,Fatal Crash,No,2023,0.0,South,0.0,1,0.0,Hill Road,0.0,,0.0,,0.0,Bright sun,2097900,1,0.0,0.0,2.0,0.0,0.0,0.0,0.0,0.0,1.0,1.0,1.0,Wellington Region,Nil,2-way,Sealed,0.0,0.0,0,0.0,50.0,0.0,Off,0.0,0.0,,47,Wellington City,Nil,0.0,0.0,0.0,0.0,0.0,0.0,Urban,0.0,0.0,0.0,Fine,Null,0
66556882,,574500,0.0,0.0,0.0,1.0,0.0,North,2022/2023,WELLINGTON URBAN MOTORWAY,AOTEA QUAY ON RAMP,,Non-Injury Crash,Yes,2023,0.0,North,0.0,0,0.0,Flat,1.0,,0.0,,0.0,Overcast,2093600,0,0.0,0.0,4.0,0.0,0.0,0.0,0.0,0.0,,0.0,0.0,Wellington Region,Nil,1-way,Sealed,0.0,0.0,0,0.0,100.0,0.0,Off,0.0,0.0,,47,Wellington City,Nil,0.0,0.0,0.0,0.0,0.0,0.0,Open,0.0,0.0,0.0,Light rain,Strong wind,0
66556918,,577200,0.0,,0.0,1.0,,Null,2023/2024,MIRAMAR AVENUE,STONE STREET,,Minor Crash,No,2024,,West,,0,,Flat,,,,,,Bright sun,2206200,1,0.0,0.0,2.0,,,0.0,,,,,,Wellington Region,Nil,2-way,Sealed,,0.0,0,,30.0,,Off,1.0,0.0,,47,Wellington City,Give way,,,,,0.0,0.0,Urban,0.0,,,Fine,Null,0
66556991,,576500,0.0,0.0,0.0,1.0,0.0,Null,2023/2024,OFF ROAD MACDONALDS CARPARK,,,Minor Crash,No,2024,0.0,North,0.0,0,1.0,Flat,0.0,,0.0,,0.0,Dark,2147900,1,0.0,0.0,1.0,0.0,0.0,0.0,0.0,0.0,,0.0,0.0,Wellington Region,Nil,Off road,Sealed,0.0,0.0,0,0.0,10.0,0.0,On,0.0,0.0,,47,Wellington City,Nil,0.0,0.0,0.0,0.0,0.0,0.0,Urban,0.0,1.0,0.0,Light rain,Null,0
66557031,,573511,0.0,0.0,0.0,1.0,0.0,North,2022/2023,JOHNSONVILLE PORIRUA MOTORWAY,WESTCHESTER OBR NBD,,Non-Injury Crash,Yes,2022,0.0,North,0.0,0,0.0,Flat,2.0,,0.0,,0.0,Dark,2086203,0,0.0,0.0,2.0,0.0,0.0,0.0,0.0,0.0,,0.0,1.0,Wellington Region,Nil,1-way,Sealed,0.0,0.0,0,1.0,100.0,0.0,On,0.0,0.0,,47,Wellington City,Nil,0.0,0.0,0.0,0.0,0.0,0.0,Open,2.0,0.0,0.0,Heavy rain,Null,0
66557055,,574002,0.0,,0.0,2.0,,West,2022/2023,CENTENNIAL HIGHWAY,CENTENNIAL HIGHWAY OFF RAMP,,Non-Injury Crash,Yes,2023,,South,,0,,Hill Road,,,,,,Overcast,2078304,0,0.0,0.0,6.0,,,0.0,,,,,,Wellington Region,Nil,2-way,Sealed,,0.0,0,,80.0,,On,0.0,0.0,60.0,47,Wellington City,Nil,,,,,0.0,0.0,Open,0.0,,,Heavy rain,Strong wind,0
66557057,,576500,0.0,,0.0,2.0,,East,2022/2023,BROOMHEDGE STREET,ADELAIDE ROAD,,Non-Injury Crash,No,2022,,East,,0,,Flat,,,,,,Overcast,2148202,0,0.0,0.0,2.0,,,0.0,,,,,,Wellington Region,Nil,2-way,Sealed,,0.0,0,,50.0,,Off,0.0,0.0,,47,Wellington City,Nil,,,,,0.0,0.0,Urban,0.0,,,Fine,Null,0
66557094,,573300,0.0,0.0,0.0,1.0,0.0,West,2022/2023,SUSSEX STREET,RUGBY STREET,,Non-Injury Crash,Yes,2023,0.0,South,0.0,0,0.0,Flat,0.0,,0.0,,0.0,Twilight,2145602,0,0.0,0.0,3.0,0.0,0.0,0.0,0.0,0.0,,0.0,0.0,Wellington Region,Nil,1-way,Sealed,0.0,0.0,0,0.0,50.0,0.0,On,0.0,0.0,,47,Wellington City,Nil,0.0,1.0,0.0,0.0,0.0,0.0,Urban,0.0,0.0,0.0,Light rain,Null,0
66557211,,572900,0.0,,0.0,1.0,,Null,2023/2024,TINAKORI ROAD,GEORGE STREET,,Serious Crash,No,2024,,North,,0,,Flat,,,,,,Dark,2119500,0,0.0,1.0,2.0,,,0.0,,,,,,Wellington Region,Nil,2-way,Sealed,,0.0,1,,50.0,,On,0.0,0.0,,47,Wellington City,Give way,,,,,0.0,0.0,Urban,0.0,,,Fine,Null,0
66557247,,576600,0.0,0.0,0.0,1.0,1.0,North,2022/2023,ORIENTAL PARADE,FREYBERG POOL CPK ENT,,Non-Injury Crash,No,2023,0.0,East,0.0,0,0.0,Flat,0.0,,0.0,,0.0,Bright sun,2137900,0,0.0,0.0,2.0,0.0,0.0,0.0,0.0,0.0,,0.0,0.0,Wellington Region,Nil,2-way,Sealed,0.0,0.0,0,0.0,40.0,0.0,Off,0.0,0.0,,47,Wellington City,Nil,0.0,0.0,0.0,0.0,0.0,0.0,Urban,0.0,0.0,0.0,Fine,Null,0
66557335,,572600,0.0,,0.0,1.0,,South,2023/2024,JOHNSONVILLE PORIRUA MOTORWAY,PED SUBWAY,,Non-Injury Crash,Yes,2023,,North,,0,,Hill Road,,,,,,Overcast,1992500,0,0.0,0.0,2.0,,,0.0,,,,,,Wellington Region,Nil,1-way,Sealed,,0.0,0,,100.0,,None,0.0,0.0,,47,Wellington City,Nil,,,,,0.0,0.0,Open,1.0,,,Fine,Null,0
66557363,,573514,0.0,,0.0,2.0,,North,2023/2024,JOHNSONVILLE PORIRUA MOTORWAY,JOHNSONVILLE ON RAMP,,Minor Crash,Yes,2024,,North,,0,,Flat,,,,,,Bright sun,2081100,1,0.0,0.0,4.0,,,0.0,,,,,,Wellington Region,Nil,2-way,Sealed,,0.0,0,,100.0,,None,0.0,0.0,,47,Wellington City,Nil,,,,,0.0,0.0,Open,0.0,,,Fine,Null,0
66557393,,574800,0.0,0.0,0.0,2.0,0.0,East,2023/2024,CHAYTOR STREET,OLD KARORI ROAD,,Minor Crash,No,2023,0.0,North,0.0,0,0.0,Hill Road,0.0,,0.0,,0.0,Dark,2106100,2,0.0,0.0,2.0,0.0,0.0,0.0,0.0,1.0,,0.0,0.0,Wellington Region,Nil,2-way,Sealed,0.0,0.0,0,0.0,50.0,0.0,On,1.0,0.0,,47,Wellington City,Nil,0.0,0.0,0.0,0.0,0.0,0.0,Urban,0.0,0.0,0.0,Fine,Null,0
66557449,,572900,0.0,0.0,0.0,1.0,0.0,Null,2021/2022,TINAKORI ROAD,LEWISVILLE TERRACE,,Non-Injury Crash,No,2022,0.0,North,0.0,0,0.0,Hill Road,0.0,,0.0,,0.0,Dark,2123300,0,0.0,0.0,2.0,0.0,0.0,0.0,0.0,0.0,,0.0,0.0,Wellington Region,Nil,2-way,Sealed,0.0,0.0,0,0.0,50.0,0.0,On,0.0,1.0,,47,Wellington City,Nil,0.0,0.0,0.0,0.0,0.0,0.0,Urban,0.0,0.0,0.0,Heavy rain,Null,0
66557481,,572701,0.0,0.0,0.0,1.0,0.0,Null,2023/2024,TREMEWAN STREET,NORTH STREET,,Non-Injury Crash,No,2023,0.0,North,0.0,0,2.0,Hill Road,0.0,,0.0,,0.0,Dark,1995700,0,0.0,0.0,2.0,0.0,0.0,0.0,0.0,0.0,,0.0,0.0,Wellington Region,Nil,2-way,Sealed,0.0,0.0,0,0.0,50.0,0.0,On,0.0,0.0,,47,Wellington City,Nil,0.0,0.0,0.0,1.0,0.0,0.0,Urban,0.0,0.0,0.0,Fine,Null,0
66557545,,576200,0.0,0.0,0.0,1.0,1.0,North,2023/2024,ADELAIDE ROAD,DOVER STREET,,Minor Crash,No,2023,0.0,South,0.0,0,0.0,Hill Road,0.0,,0.0,,0.0,Dark,2173200,1,0.0,0.0,2.0,0.0,0.0,0.0,0.0,0.0,,0.0,0.0,Wellington Region,Nil,2-way,Sealed,0.0,0.0,0,0.0,50.0,0.0,On,0.0,0.0,30.0,47,Wellington City,Nil,0.0,0.0,0.0,0.0,0.0,0.0,Urban,0.0,0.0,0.0,Fine,Null,0
66557585,,573000,0.0,0.0,0.0,1.0,0.0,North,2023/2024,THE TERRACE,DIXON STREET,,Minor Crash,No,2024,0.0,North,0.0,0,0.0,Hill Road,1.0,,0.0,,0.0,Overcast,2128200,1,0.0,1.0,2.0,0.0,0.0,0.0,0.0,0.0,,0.0,0.0,Wellington Region,Nil,2-way,Sealed,0.0,0.0,0,0.0,50.0,0.0,Off,0.0,0.0,,47,Wellington City,Nil,0.0,0.0,0.0,0.0,0.0,0.0,Urban,0.0,0.0,0.0,Fine,Null,0
66557633,,573522,0.0,,0.0,1.0,,Null,2023/2024,TAWA-GRENADA NORTH OFF RAMP,MAIN ROAD,,Minor Crash,No,2023,,North,,0,,Hill Road,,,,,,Twilight,2053703,1,0.0,0.0,2.0,,,0.0,,,,,,Wellington Region,Nil,1-way,Sealed,,0.0,0,,50.0,,On,0.0,1.0,,47,Wellington City,Give way,,,,,0.0,0.0,Urban,1.0,,,Light rain,Null,0
66557681,,574200,0.0,,0.0,1.0,,North,2022/2023,WOODMANCOTE ROAD,BOX HILL,,Non-Injury Crash,No,2023,,South,,0,,Flat,,,,,,Dark,2087200,0,0.0,0.0,2.0,,,0.0,,,,,,Wellington Region,Nil,2-way,Sealed,,0.0,0,,50.0,,On,0.0,0.0,,47,Wellington City,Nil,,,,,0.0,0.0,Urban,1.0,,,Fine,Null,0
66557702,,573101,0.0,,0.0,1.0,,Null,2022/2023,TORY STREET,LORNE STREET,,Non-Injury Crash,No,2022,,North,,0,,Flat,,,,,,Unknown,2136500,0,0.0,0.0,2.0,,,0.0,,,,,,Wellington Region,Nil,2-way,Sealed,,0.0,0,,30.0,,Null,0.0,0.0,,47,Wellington City,Give way,,,,,0.0,0.0,Urban,0.0,,,Null,Null,0
66557716,,572900,1.0,,0.0,1.0,,Null,2022/2023,THORNDON QUAY,DAVIS STREET,,Serious Crash,No,2023,,North,,0,,Flat,,,,,,Bright sun,2118300,0,0.0,0.0,2.0,,,0.0,,,,,,Wellington Region,Nil,2-way,Sealed,,0.0,1,,50.0,,Off,0.0,0.0,,47,Wellington City,Give way,,,,,0.0,0.0,Urban,0.0,,,Fine,Frost,0
66557720,,574303,0.0,,0.0,2.0,,Null,2021/2022,CENTENNIAL HIGHWAY,JARDEN MILE,,Non-Injury Crash,No,2022,,North,,0,,Flat,,,,,,Dark,2088705,0,0.0,0.0,2.0,,,0.0,,,,,,Wellington Region,Nil,1-way,Sealed,,0.0,0,,80.0,,On,0.0,0.0,,47,Wellington City,Traffic Signals,,,,,0.0,0.0,Open,0.0,,,Fine,Null,0
66557758,,572900,0.0,0.0,0.0,1.0,0.0,South,2022/2023,TINAKORI ROAD,MOLESWORTH OBR,,Non-Injury Crash,No,2023,0.0,South,0.0,0,0.0,Flat,1.0,,0.0,,0.0,Bright sun,2118500,0,0.0,0.0,3.0,0.0,0.0,0.0,0.0,0.0,,0.0,0.0,Wellington Region,Bridge,2-way,Sealed,0.0,0.0,0,0.0,30.0,0.0,Off,0.0,0.0,,47,Wellington City,Nil,0.0,0.0,0.0,0.0,0.0,0.0,Urban,0.0,0.0,0.0,Fine,Null,0
66557790,,576500,0.0,0.0,0.0,1.0,0.0,Null,2021/2022,RIDDIFORD STREET,MEIN STREET,,Serious Crash,No,2022,0.0,South,0.0,0,0.0,Flat,0.0,,0.0,,0.0,Dark,2148800,0,0.0,0.0,4.0,0.0,0.0,0.0,0.0,0.0,,0.0,0.0,Wellington Region,Nil,2-way,Sealed,0.0,0.0,1,0.0,50.0,0.0,On,0.0,0.0,,47,Wellington City,Traffic Signals,0.0,1.0,0.0,0.0,0.0,0.0,Urban,0.0,0.0,0.0,Fine,Null,0
66557917,,577000,0.0,,0.0,2.0,,Null,2022/2023,TAVISTOCK ROAD,QUEENS DRIVE,,Non-Injury Crash,No,2022,,East,,0,,Hill Road,,Christmas New Year,,,,Overcast,2173502,0,0.0,0.0,2.0,,,0.0,,,,,,Wellington Region,Nil,2-way,Sealed,,0.0,0,,50.0,,Off,0.0,0.0,,47,Wellington City,Stop,,,,,0.0,0.0,Urban,0.0,,,Fine,Null,0
66557985,,572702,0.0,,0.0,1.0,,South,2022/2023,JOHNSONVILLE PORIRUA MOTORWAY,TRANSMISSION GULLY MOTORWAY,,Minor Crash,Yes,2023,,South,,0,,Flat,,,,,,Bright sun,2053813,1,0.0,0.0,2.0,,,0.0,,,,,,Wellington Region,Nil,1-way,Sealed,,0.0,0,,80.0,,On,1.0,0.0,,47,Wellington City,Nil,,,,,0.0,0.0,Open,1.0,,,Fine,Null,0
66558010,,576500,0.0,,0.0,2.0,,North,2022/2023,ADELAIDE ROAD,HOSPITAL ROAD,,Non-Injury Crash,No,2022,,South,,0,,Flat,,,,,,Bright sun,2148400,0,0.0,0.0,3.0,,,0.0,,,,,,Wellington Region,Nil,2-way,Sealed,,0.0,0,,50.0,,Off,0.0,0.0,,47,Wellington City,Nil,,,,,0.0,0.0,Urban,0.0,,,Fine,Null,0
66558013,,572900,0.0,,0.0,2.0,,North,2023/2024,WELLINGTON URBAN MOTORWAY,TINAKORI ROAD OFF RAMP,,Non-Injury Crash,Yes,2023,,North,,0,,Flat,,Christmas New Year,,,,Overcast,2122000,0,0.0,0.0,3.0,,,0.0,,,,,,Wellington Region,Nil,1-way,Sealed,,0.0,0,,100.0,,Off,0.0,0.0,,47,Wellington City,Nil,,,,,0.0,0.0,Open,0.0,,,Light rain,Null,0
66558040,,576903,0.0,0.0,0.0,1.0,0.0,Null,2021/2022,OVERTOUN TERRACE,HAMILTON ROAD,,Non-Injury Crash,No,2022,0.0,South,0.0,0,0.0,Hill Road,0.0,Easter,0.0,,0.0,Dark,2181000,0,0.0,0.0,2.0,0.0,0.0,0.0,0.0,2.0,,0.0,0.0,Wellington Region,Nil,2-way,Sealed,0.0,0.0,0,0.0,50.0,0.0,On,1.0,0.0,,47,Wellington City,Give way,0.0,0.0,0.0,0.0,0.0,0.0,Urban,0.0,0.0,0.0,Fine,Null,0
66558066,,573400,0.0,0.0,0.0,3.0,0.0,Null,2022/2023,MAJORIBANKS STREET,BROUGHAM STREET,,Non-Injury Crash,No,2022,0.0,West,0.0,0,0.0,Flat,0.0,,0.0,,0.0,Dark,2140002,0,0.0,0.0,2.0,0.0,0.0,0.0,0.0,1.0,,0.0,0.0,Wellington Region,Nil,2-way,Sealed,0.0,0.0,0,0.0,50.0,0.0,On,0.0,0.0,,47,Wellington City,Give way,0.0,0.0,0.0,0.0,0.0,0.0,Urban,1.0,0.0,0.0,Fine,Null,0
66558116,,573300,0.0,,0.0,0.0,,Null,2023/2024,RUGBY STREET,ADELAIDE ROAD,,Non-Injury Crash,Yes,2023,,West,,0,,Flat,,,,,,Bright sun,2145602,0,0.0,0.0,3.0,,,0.0,,,,,,Wellington Region,Nil,1-way,Sealed,,0.0,0,,50.0,,Off,0.0,0.0,,47,Wellington City,Traffic Signals,,,,,0.0,0.0,Urban,2.0,,,Fine,Null,0
66558170,,572500,0.0,0.0,0.0,1.0,1.0,Null,2022/2023,LARSEN CRESCENT,ST JOHNS TERRACE,,Non-Injury Crash,No,2022,0.0,South,0.0,0,0.0,Hill Road,0.0,,0.0,,0.0,Dark,1987800,0,0.0,0.0,2.0,0.0,0.0,0.0,0.0,0.0,,0.0,0.0,Wellington Region,Nil,2-way,Sealed,0.0,0.0,0,0.0,50.0,0.0,None,0.0,0.0,,47,Wellington City,Nil,0.0,0.0,0.0,0.0,0.0,0.0,Urban,0.0,0.0,0.0,Fine,Null,0
66558171,,573400,0.0,0.0,0.0,1.0,0.0,North,2022/2023,PALLISER ROAD,SOUTHERN WALKWAY,,Non-Injury Crash,No,2023,0.0,North,0.0,0,1.0,Hill Road,0.0,,0.0,,0.0,Overcast,2139604,0,0.0,0.0,2.0,0.0,0.0,0.0,0.0,0.0,,0.0,0.0,Wellington Region,Nil,2-way,Sealed,0.0,0.0,0,0.0,50.0,0.0,Off,0.0,0.0,,47,Wellington City,Nil,0.0,0.0,0.0,0.0,0.0,0.0,Urban,0.0,0.0,0.0,Heavy rain,Strong wind,0