OBJECTID,advisorySpeed,areaUnitID,bicycle,bridge,bus,carStationWagon,cliffBank,crashDirectionDescription,crashFinancialYear,crashLocation1,crashLocation2,crashRoadSideRoad,crashSeverity,crashSHDescription,crashYear,debris,directionRoleDescription,ditch,fatalCount,fence,flatHill,guardRail,holiday,houseOrBuilding,intersection,kerb,light,meshblockId,minorInjuryCount,moped,motorcycle,NumberOfLanes,objectThrownOrDropped,otherObject,otherVehicleType,overBank,parkedVehicle,pedestrian,phoneBoxEtc,postOrPole,region,roadCharacter,roadLane,roadSurface,roadworks,schoolBus,seriousInjuryCount,slipOrFlood,speedLimit,strayAnimal,streetLight,suv,taxi,temporarySpeedLimit,tlaId,tlaName,trafficControl,trafficIsland,trafficSign,train,tree,truck,unknownVehicleType,urban,vanOrUtility,vehicle,waterRiver,weatherA,weatherB,if_pandemic
66558180,,576700,0.0,0.0,0.0,1.0,0.0,South,2023/2024,EVANS BAY PARADE,RPNYC START BOX,,Non-Injury Crash,No,2023,0.0,North,0.0,0,0.0,Flat,0.0,,0.0,,0.0,Dark,2186500,0,0.0,0.0,2.0,0.0,0.0,0.0,0.0,1.0,,0.0,0.0,Wellington Region,Nil,2-way,Sealed,0.0,0.0,0,0.0,50.0,0.0,On,0.0,0.0,,47,Wellington City,Nil,0.0,0.0,0.0,0.0,0.0,0.0,Urban,1.0,0.0,0.0,Light rain,Null,0
66558248,,575600,0.0,,0.0,2.0,,East,2022/2023,BROOKLYN ROAD,OHIRO ROAD,,Non-Injury Crash,No,2023,,West,,0,,Hill Road,,,,,,Overcast,2161900,0,0.0,0.0,2.0,,,0.0,,,,,,Wellington Region,Nil,2-way,Sealed,,0.0,0,,50.0,,Off,0.0,0.0,,47,Wellington City,Nil,,,,,0.0,0.0,Urban,0.0,,,Fine,Null,0
66558259,,573000,0.0,0.0,0.0,2.0,0.0,Null,2023/2024,LAMBTON QUAY,BALLANCE STREET,,Minor Crash,No,2024,0.0,North,0.0,0,0.0,Flat,0.0,,0.0,,0.0,Twilight,2123700,1,0.0,0.0,3.0,0.0,0.0,0.0,0.0,2.0,,0.0,0.0,Wellington Region,Nil,2-way,Sealed,0.0,0.0,0,0.0,30.0,0.0,On,0.0,1.0,,47,Wellington City,Give way,0.0,1.0,0.0,0.0,0.0,0.0,Urban,1.0,0.0,0.0,Fine,Null,0
66558347,,577302,0.0,,0.0,2.0,,North,2023/2024,PARA STREET,ATHENS STREET,,Minor Crash,No,2023,,South,,0,,Hill Road,,,,,,Bright sun,2206102,1,0.0,0.0,2.0,,,0.0,,,,,,Wellington Region,Nil,2-way,Sealed,,0.0,0,,50.0,,Off,0.0,1.0,,47,Wellington City,Nil,,,,,0.0,0.0,Urban,0.0,,,Fine,Null,0
66558370,,575300,0.0,0.0,0.0,3.0,0.0,North,2022/2023,GLENMORE STREET,THE RIGI,,Non-Injury Crash,No,2022,0.0,South,0.0,0,0.0,Hill Road,0.0,,0.0,,0.0,Dark,2152501,0,0.0,0.0,2.0,0.0,0.0,0.0,0.0,1.0,,0.0,0.0,Wellington Region,Nil,2-way,Sealed,0.0,0.0,0,0.0,50.0,0.0,On,0.0,0.0,,47,Wellington City,Nil,0.0,0.0,0.0,0.0,0.0,0.0,Urban,0.0,0.0,0.0,Fine,Null,0
66558379,,572900,0.0,,0.0,2.0,,Null,2023/2024,TINAKORI ROAD,GEORGE STREET,,Minor Crash,No,2024,,North,,0,,Flat,,,,,,Overcast,2119500,2,0.0,0.0,2.0,,,0.0,,,,,,Wellington Region,Nil,2-way,Sealed,,0.0,0,,50.0,,Off,0.0,0.0,,47,Wellington City,Give way,,,,,0.0,0.0,Urban,0.0,,,Light rain,Null,0
66558382,,574500,0.0,0.0,0.0,3.0,0.0,North,2021/2022,KAIWHARAWHARA ROAD,CAMERON STREET,,Minor Crash,No,2022,0.0,North,0.0,0,0.0,Flat,0.0,,0.0,,0.0,Overcast,2093600,1,0.0,0.0,2.0,0.0,0.0,0.0,0.0,4.0,,0.0,0.0,Wellington Region,Nil,2-way,Sealed,0.0,0.0,0,0.0,50.0,0.0,Off,1.0,0.0,,47,Wellington City,Nil,0.0,0.0,0.0,0.0,1.0,0.0,Urban,0.0,0.0,0.0,Fine,Null,0
66558523,,572500,0.0,,0.0,1.0,,Null,2023/2024,MAIN ROAD,SUNRISE BOULEVARD,,Minor Crash,No,2024,,South,,0,,Flat,,,,,,Bright sun,1986300,1,0.0,0.0,2.0,,,0.0,,,1.0,,,Wellington Region,Nil,2-way,Sealed,,0.0,0,,50.0,,Off,0.0,0.0,,47,Wellington City,Give way,,,,,0.0,0.0,Urban,0.0,,,Fine,Strong wind,0
66558570,,573101,0.0,,0.0,1.0,,North,2021/2022,JERVOIS QUAY,CABLE STREET,,Non-Injury Crash,No,2022,,South,,0,,Flat,,,,,,Bright sun,2133000,0,0.0,0.0,3.0,,,0.0,,,,,,Wellington Region,Nil,1-way,Sealed,,0.0,0,,50.0,,Off,1.0,0.0,,47,Wellington City,Nil,,,,,0.0,0.0,Urban,0.0,,,Fine,Null,0
66558633,,573000,0.0,0.0,0.0,1.0,0.0,North,2022/2023,MERCER STREET,VICTORIA STREET,,Non-Injury Crash,No,2023,0.0,East,0.0,0,0.0,Flat,0.0,,0.0,,0.0,Bright sun,2127400,0,0.0,0.0,1.0,0.0,0.0,0.0,0.0,0.0,,0.0,0.0,Wellington Region,Nil,1-way,Sealed,0.0,0.0,0,0.0,30.0,0.0,Off,0.0,0.0,,47,Wellington City,Nil,0.0,0.0,0.0,0.0,1.0,0.0,Urban,0.0,1.0,0.0,Fine,Null,0
66558644,,574600,1.0,,0.0,1.0,,Null,2022/2023,CECIL ROAD,WELD STREET,,Minor Crash,No,2023,,East,,0,,Hill Road,,,,,,Overcast,2100500,1,0.0,0.0,2.0,,,0.0,,,,,,Wellington Region,Nil,2-way,Sealed,,0.0,0,,50.0,,Off,0.0,1.0,,47,Wellington City,Give way,,,,,0.0,0.0,Urban,0.0,,,Fine,Null,0
66558684,,573101,0.0,,0.0,1.0,,Null,2022/2023,KENT TERRACE,EDGE HILL,,Non-Injury Crash,No,2023,,South,,0,,Flat,,,,,,Overcast,2136100,0,0.0,1.0,4.0,,,0.0,,,,,,Wellington Region,Nil,1-way,Sealed,,0.0,0,,50.0,,Off,0.0,1.0,,47,Wellington City,Nil,,,,,0.0,0.0,Urban,0.0,,,Fine,Null,0
66558726,,572701,0.0,0.0,1.0,2.0,0.0,South,2023/2024,DUNCAN STREET,MCLELLAN STREET,,Non-Injury Crash,No,2023,0.0,North,0.0,0,0.0,Flat,0.0,Labour Weekend,0.0,,0.0,Bright sun,1993600,0,0.0,0.0,2.0,0.0,0.0,0.0,0.0,3.0,,0.0,0.0,Wellington Region,Nil,2-way,Sealed,0.0,0.0,0,0.0,50.0,0.0,Off,0.0,0.0,,47,Wellington City,Nil,0.0,0.0,0.0,0.0,0.0,0.0,Urban,1.0,0.0,0.0,Fine,Null,0
66558754,,576301,1.0,,0.0,1.0,,Null,2022/2023,RIDDIFORD STREET,ADELAIDE ROAD,,Minor Crash,No,2023,,North,,0,,Flat,,,,,,Bright sun,2163500,1,0.0,0.0,4.0,,,0.0,,,,,,Wellington Region,Nil,2-way,Sealed,,0.0,0,,50.0,,Off,0.0,1.0,,47,Wellington City,Traffic Signals,,,,,0.0,0.0,Urban,0.0,,,Fine,Null,0
66558774,,573514,0.0,0.0,0.0,0.0,0.0,South,2022/2023,FURLONG CRESCENT,EASTCOTT GROVE,,Non-Injury Crash,No,2022,0.0,West,0.0,0,0.0,Flat,0.0,,0.0,,0.0,Dark,2086733,0,0.0,0.0,2.0,0.0,0.0,0.0,0.0,1.0,,0.0,0.0,Wellington Region,Nil,2-way,Sealed,0.0,0.0,0,0.0,50.0,0.0,On,0.0,0.0,,47,Wellington City,Nil,0.0,0.0,0.0,0.0,0.0,0.0,Urban,2.0,0.0,0.0,Fine,Null,0
66558810,,576903,0.0,,0.0,2.0,,Null,2022/2023,KILBIRNIE CRESCENT,HAMILTON ROAD,,Minor Crash,No,2023,,North,,0,,Flat,,,,,,Dark,2180400,2,0.0,0.0,2.0,,,0.0,,,,,,Wellington Region,Nil,2-way,Sealed,,0.0,0,,50.0,,On,0.0,0.0,,47,Wellington City,Traffic Signals,,,,,0.0,0.0,Urban,0.0,,,Fine,Null,0
66558822,,577101,0.0,0.0,0.0,2.0,0.0,East,2022/2023,BROADWAY,TIO TIO ROAD,,Non-Injury Crash,No,2022,0.0,East,0.0,0,0.0,Flat,0.0,,0.0,,0.0,Dark,2213000,0,0.0,0.0,2.0,0.0,0.0,0.0,0.0,1.0,,0.0,0.0,Wellington Region,Nil,2-way,Sealed,0.0,0.0,0,0.0,50.0,0.0,On,0.0,0.0,,47,Wellington City,Nil,0.0,0.0,0.0,0.0,0.0,0.0,Urban,1.0,0.0,0.0,Fine,Null,0
66558868,,573000,0.0,0.0,0.0,0.0,0.0,Null,2023/2024,BOULCOTT STREET,CHURCH STREET,,Minor Crash,No,2024,0.0,North,0.0,0,0.0,Hill Road,1.0,,0.0,,0.0,Dark,2128100,1,0.0,1.0,2.0,0.0,0.0,0.0,0.0,0.0,,0.0,0.0,Wellington Region,Nil,2-way,Sealed,0.0,0.0,0,0.0,30.0,0.0,On,0.0,0.0,,47,Wellington City,Nil,0.0,0.0,0.0,0.0,0.0,0.0,Urban,0.0,0.0,0.0,Fine,Null,0
66558887,,573700,0.0,,0.0,2.0,,Null,2023/2024,MOOREFIELD ROAD,JOHNSONVILLE ON RAMP,,Minor Crash,No,2024,,South,,0,,Flat,,,,,,Bright sun,2082300,1,0.0,0.0,4.0,,,0.0,,,,,,Wellington Region,Nil,2-way,Sealed,,0.0,0,,50.0,,Off,0.0,0.0,,47,Wellington City,Give way,,,,,0.0,0.0,Urban,0.0,,,Fine,Null,0
66559124,,572900,0.0,0.0,0.0,1.0,0.0,North,2022/2023,WELLINGTON URBAN MOTORWAY,TINAKORI ROAD ON RAMP,,Non-Injury Crash,Yes,2022,0.0,North,0.0,0,0.0,Flat,1.0,,0.0,,0.0,Overcast,2119500,0,0.0,0.0,3.0,0.0,0.0,0.0,0.0,0.0,,0.0,0.0,Wellington Region,Motorway ramp,1-way,Sealed,0.0,0.0,0,0.0,100.0,0.0,Off,1.0,0.0,,47,Wellington City,Nil,0.0,0.0,0.0,0.0,0.0,0.0,Open,0.0,0.0,0.0,Light rain,Null,0
66559151,,573000,0.0,0.0,0.0,2.0,0.0,Null,2022/2023,KARO DRIVE,WILLIS STREET,,Minor Crash,Yes,2023,0.0,North,0.0,0,0.0,Flat,0.0,,0.0,,0.0,Overcast,2130200,1,0.0,0.0,4.0,0.0,0.0,0.0,0.0,0.0,,0.0,0.0,Wellington Region,Motorway ramp,1-way,Sealed,0.0,0.0,0,0.0,50.0,0.0,Off,0.0,0.0,,47,Wellington City,Traffic Signals,0.0,1.0,0.0,0.0,0.0,0.0,Urban,1.0,0.0,0.0,Fine,Strong wind,0
66559156,,572900,0.0,0.0,0.0,3.0,0.0,North,2022/2023,HUTT ROAD,SAR STREET,,Non-Injury Crash,No,2022,0.0,South,0.0,0,1.0,Flat,0.0,,0.0,,0.0,Bright sun,2117102,0,0.0,0.0,3.0,0.0,0.0,0.0,0.0,1.0,,0.0,0.0,Wellington Region,Nil,2-way,Sealed,0.0,0.0,0,0.0,50.0,0.0,Off,0.0,0.0,,47,Wellington City,Nil,0.0,0.0,0.0,0.0,0.0,0.0,Urban,0.0,0.0,0.0,Fine,Null,0
66559186,,573801,0.0,,0.0,1.0,,North,2022/2023,JOHNSONVILLE PORIRUA MOTORWAY,JOHNSONVILLE OFF RAMP,,Non-Injury Crash,Yes,2023,,South,,0,,Flat,,,,,,Dark,2078900,0,0.0,0.0,2.0,,,0.0,,,,,,Wellington Region,Nil,1-way,Sealed,,0.0,0,,100.0,,On,2.0,0.0,,47,Wellington City,Nil,,,,,0.0,0.0,Open,0.0,,,Fine,Null,0
66559200,,573000,0.0,,0.0,2.0,,Null,2022/2023,JERVOIS QUAY,WILLESTON STREET,,Non-Injury Crash,No,2023,,South,,0,,Flat,,,,,,Bright sun,2124300,0,0.0,0.0,6.0,,,0.0,,,,,,Wellington Region,Nil,2-way,Sealed,,0.0,0,,50.0,,Off,0.0,0.0,,47,Wellington City,Traffic Signals,,,,,0.0,0.0,Urban,0.0,,,Fine,Null,0
66559244,,576200,0.0,0.0,0.0,1.0,0.0,North,2023/2024,ADELAIDE ROAD,TE WHAREPOURI STREET,,Minor Crash,No,2023,0.0,North,0.0,0,1.0,Hill Road,0.0,,0.0,,0.0,Dark,2171300,1,0.0,0.0,2.0,0.0,0.0,0.0,0.0,0.0,,0.0,0.0,Wellington Region,Nil,2-way,Sealed,0.0,0.0,0,0.0,50.0,0.0,On,0.0,0.0,,47,Wellington City,Nil,0.0,0.0,0.0,0.0,0.0,0.0,Urban,0.0,0.0,0.0,Fine,Null,0
66559408,,576901,0.0,,0.0,2.0,,Null,2022/2023,RONGOTAI ROAD,ONEPU ROAD,,Non-Injury Crash,No,2023,,West,,0,,Flat,,,,,,Bright sun,2178200,0,0.0,0.0,2.0,,,0.0,,,,,,Wellington Region,Nil,1-way,Sealed,,0.0,0,,50.0,,Off,0.0,1.0,,47,Wellington City,Traffic Signals,,,,,0.0,0.0,Urban,0.0,,,Fine,Null,0
66559451,,572900,0.0,,0.0,0.0,,Null,2022/2023,TINAKORI ROAD,THORNDON QUAY,,Non-Injury Crash,No,2023,,North,,0,,Flat,,,,,,Bright sun,2117203,0,0.0,0.0,2.0,,,0.0,,,,,,Wellington Region,Nil,2-way,Sealed,,0.0,0,,50.0,,Off,0.0,0.0,,47,Wellington City,Give way,,,,,1.0,0.0,Urban,1.0,,,Fine,Null,0
66559596,,573101,0.0,0.0,0.0,2.0,0.0,Null,2023/2024,VIVIAN STREET,DUNLOP TERRACE,,Non-Injury Crash,Yes,2023,0.0,East,0.0,0,0.0,Flat,0.0,,0.0,,0.0,Dark,2133600,0,0.0,0.0,2.0,0.0,0.0,0.0,0.0,1.0,,0.0,0.0,Wellington Region,Nil,1-way,Sealed,0.0,0.0,0,0.0,50.0,0.0,On,0.0,0.0,,47,Wellington City,Give way,0.0,0.0,0.0,0.0,0.0,0.0,Urban,0.0,0.0,0.0,Fine,Null,0
66559624,,574500,0.0,0.0,0.0,1.0,0.0,North,2022/2023,WELLINGTON URBAN MOTORWAY,AOTEA QUAY ON RAMP,,Non-Injury Crash,Yes,2023,0.0,North,0.0,0,0.0,Flat,1.0,,0.0,,0.0,Dark,2093600,0,0.0,0.0,4.0,0.0,0.0,0.0,0.0,0.0,,0.0,0.0,Wellington Region,Nil,1-way,Sealed,0.0,0.0,0,0.0,100.0,0.0,On,0.0,0.0,,47,Wellington City,Nil,0.0,0.0,0.0,0.0,0.0,0.0,Open,0.0,0.0,0.0,Light rain,Null,0
66559630,,574500,1.0,,0.0,1.0,,North,2022/2023,HUTT ROAD,WESTMINSTER STREET,,Minor Crash,No,2023,,South,,0,,Hill Road,,,,,,Overcast,2093400,1,0.0,0.0,2.0,,,0.0,,,,,,Wellington Region,Nil,2-way,Sealed,,0.0,0,,60.0,,Off,0.0,0.0,,47,Wellington City,Nil,,,,,0.0,0.0,Urban,0.0,,,Fine,Null,0
66559659,,573903,0.0,0.0,0.0,3.0,0.0,North,2022/2023,FITZPATRICK STREET,SLOANE TERRACE,,Non-Injury Crash,No,2023,0.0,North,0.0,0,0.0,Flat,0.0,,0.0,,0.0,Overcast,2074302,0,0.0,0.0,2.0,0.0,0.0,0.0,0.0,1.0,,0.0,0.0,Wellington Region,Nil,2-way,Sealed,0.0,0.0,0,0.0,50.0,0.0,Off,0.0,0.0,,47,Wellington City,Nil,0.0,0.0,0.0,0.0,0.0,0.0,Urban,0.0,0.0,0.0,Fine,Null,0
66559685,,573000,0.0,0.0,0.0,2.0,0.0,Null,2022/2023,BALLANCE STREET,MAGINNITY STREET,,Non-Injury Crash,No,2023,0.0,South,0.0,0,0.0,Flat,0.0,,0.0,,0.0,Bright sun,2125200,0,0.0,0.0,2.0,0.0,0.0,0.0,0.0,1.0,,0.0,0.0,Wellington Region,Nil,2-way,Sealed,0.0,0.0,0,0.0,30.0,0.0,Off,0.0,0.0,,47,Wellington City,Give way,0.0,0.0,0.0,0.0,0.0,0.0,Urban,0.0,0.0,0.0,Fine,Null,0
66559746,,574800,0.0,0.0,0.0,1.0,0.0,Null,2022/2023,CHAYTOR STREET,OLD KARORI ROAD,,Non-Injury Crash,No,2023,0.0,North,0.0,0,0.0,Flat,0.0,,0.0,,0.0,Dark,2106000,0,0.0,0.0,2.0,0.0,0.0,0.0,0.0,0.0,,0.0,0.0,Wellington Region,Nil,2-way,Sealed,0.0,0.0,0,0.0,50.0,0.0,On,0.0,0.0,,47,Wellington City,Traffic Signals,0.0,1.0,0.0,0.0,0.0,0.0,Urban,0.0,0.0,0.0,Fine,Null,0
66559759,,576400,0.0,0.0,0.0,2.0,0.0,Null,2022/2023,CONSTABLE STREET,HIROPI STREET,,Non-Injury Crash,No,2022,0.0,West,0.0,0,0.0,Hill Road,0.0,Christmas New Year,0.0,,0.0,Dark,2168000,0,0.0,0.0,2.0,0.0,0.0,0.0,0.0,1.0,,0.0,0.0,Wellington Region,Nil,2-way,Sealed,0.0,0.0,0,0.0,50.0,0.0,On,0.0,0.0,,47,Wellington City,Give way,0.0,0.0,0.0,0.0,0.0,0.0,Urban,0.0,0.0,0.0,Fine,Null,0
66559779,,573000,0.0,,0.0,3.0,,North,2023/2024,WELLINGTON URBAN MOTORWAY,EVERTON OBR,,Minor Crash,Yes,2023,,South,,0,,Flat,,,,,,Bright sun,2126403,1,0.0,0.0,3.0,,,0.0,,,,,,Wellington Region,Underpass,2-way,Sealed,,0.0,0,,100.0,,Off,0.0,0.0,60.0,47,Wellington City,Nil,,,,,0.0,0.0,Open,0.0,,,Fine,Null,0
66559819,,573700,0.0,,0.0,0.0,,Null,2022/2023,MOOREFIELD ROAD,JOHNSONVILLE ON RAMP,,Non-Injury Crash,No,2023,,South,,0,,Flat,,,,,,Bright sun,2082300,0,0.0,0.0,3.0,,,0.0,,,,,,Wellington Region,Nil,2-way,Sealed,,0.0,0,,50.0,,Off,0.0,0.0,,47,Wellington City,Give way,,,,,0.0,0.0,Urban,2.0,,,Fine,Null,0
66559883,,573801,0.0,,0.0,2.0,,North,2022/2023,JOHNSONVILLE PORIRUA MOTORWAY,JOHNSONVILLE OFF RAMP,,Non-Injury Crash,Yes,2023,,South,,0,,Flat,,,,,,Dark,2079900,0,0.0,0.0,4.0,,,0.0,,,,,,Wellington Region,Nil,2-way,Sealed,,0.0,0,,100.0,,On,0.0,0.0,,47,Wellington City,Nil,,,,,0.0,0.0,Open,0.0,,,Fine,Null,0
66559891,,573200,1.0,,0.0,2.0,,Null,2023/2024,ARO STREET,EPUNI STREET,,Minor Crash,No,2024,,East,,0,,Flat,,,,,,Bright sun,2157300,1,0.0,0.0,2.0,,,0.0,,,,,,Wellington Region,Nil,2-way,Sealed,,0.0,0,,30.0,,Off,0.0,0.0,,47,Wellington City,Give way,,,,,0.0,0.0,Urban,0.0,,,Fine,Null,0
66559933,35.0,574303,0.0,0.0,0.0,1.0,0.0,West,2022/2023,NEWLANDS ON RAMP,NEWLANDS OBR NBD,,Non-Injury Crash,No,2022,0.0,South,0.0,0,0.0,Hill Road,1.0,,0.0,,0.0,Bright sun,2084302,0,0.0,0.0,1.0,0.0,0.0,0.0,0.0,0.0,,0.0,0.0,Wellington Region,Motorway ramp,1-way,Sealed,0.0,0.0,0,0.0,50.0,0.0,Off,0.0,0.0,,47,Wellington City,Nil,0.0,0.0,0.0,0.0,0.0,0.0,Urban,0.0,0.0,0.0,Fine,Null,0
66559954,,576901,0.0,0.0,1.0,1.0,0.0,Null,2023/2024,COBHAM DRIVE,TROY STREET,,Minor Crash,Yes,2024,0.0,West,0.0,0,0.0,Flat,1.0,,0.0,,0.0,Bright sun,2176800,1,0.0,0.0,4.0,0.0,0.0,0.0,0.0,0.0,,0.0,0.0,Wellington Region,Nil,2-way,Sealed,0.0,0.0,0,0.0,60.0,0.0,Off,0.0,0.0,,47,Wellington City,Give way,0.0,0.0,0.0,0.0,0.0,0.0,Urban,0.0,0.0,0.0,Fine,Null,0
66559965,,575100,0.0,0.0,0.0,2.0,0.0,South,2022/2023,BEAUCHAMP STREET,KARORI ROAD,,Non-Injury Crash,No,2023,0.0,North,0.0,0,0.0,Flat,0.0,,0.0,,0.0,Dark,2114200,0,0.0,0.0,2.0,0.0,0.0,0.0,0.0,1.0,,0.0,0.0,Wellington Region,Nil,2-way,Sealed,0.0,0.0,0,0.0,50.0,0.0,On,0.0,0.0,,47,Wellington City,Nil,0.0,0.0,0.0,0.0,0.0,0.0,Urban,0.0,0.0,0.0,Fine,Null,0
66560187,,573513,0.0,,0.0,2.0,,Null,2023/2024,HALSWATER DRIVE,LAKEWOOD AVENUE,,Non-Injury Crash,No,2023,,East,,0,,Flat,,,,,,Bright sun,2086609,0,0.0,0.0,2.0,,,0.0,,,,,,Wellington Region,Nil,2-way,Sealed,,0.0,0,,50.0,,Off,0.0,0.0,,47,Wellington City,Give way,,,,,0.0,0.0,Urban,0.0,,,Fine,Null,0
66560230,,573000,1.0,,0.0,1.0,,Null,2023/2024,THE TERRACE,EVERTON TERRACE,,Non-Injury Crash,No,2023,,South,,0,,Flat,,,,,,Bright sun,2126403,0,0.0,0.0,1.0,,,0.0,,,,,,Wellington Region,Nil,1-way,Sealed,,0.0,0,,50.0,,Off,0.0,0.0,,47,Wellington City,Traffic Signals,,,,,0.0,0.0,Urban,0.0,,,Fine,Null,0
66560305,45.0,572900,0.0,,0.0,6.0,,South,2023/2024,THORNDON QUAY,DAVIS STREET,,Non-Injury Crash,No,2023,,South,,0,,Flat,,,,,,Dark,2118400,0,0.0,0.0,2.0,,,0.0,,,,,,Wellington Region,Nil,2-way,Sealed,,0.0,0,,50.0,,On,0.0,2.0,,47,Wellington City,Nil,,,,,0.0,0.0,Urban,0.0,,,Fine,Null,0
66560312,,573300,0.0,,1.0,1.0,,Null,2023/2024,ADELAIDE ROAD,BROWN STREET,,Non-Injury Crash,No,2023,,North,,0,,Flat,,,,,,Overcast,2146100,0,0.0,0.0,3.0,,,0.0,,,,,,Wellington Region,Nil,2-way,Sealed,,0.0,0,,50.0,,Off,0.0,0.0,,47,Wellington City,Give way,,,,,0.0,0.0,Urban,0.0,,,Fine,Null,0
66560327,,574302,0.0,,0.0,2.0,,South,2022/2023,ONSLOW ROAD,LOHIA STREET,,Non-Injury Crash,No,2022,,South,,0,,Hill Road,,,,,,Dark,2090102,0,0.0,0.0,2.0,,,0.0,,,,,,Wellington Region,Nil,2-way,Sealed,,0.0,0,,50.0,,On,0.0,0.0,,47,Wellington City,Nil,,,,,0.0,0.0,Urban,0.0,,,Light rain,Null,0
66560437,,576901,0.0,0.0,1.0,2.0,0.0,South,2023/2024,ROSS STREET,RONGOTAI ROAD,,Non-Injury Crash,No,2023,0.0,North,0.0,0,0.0,Flat,0.0,,0.0,,0.0,Overcast,2177100,0,0.0,0.0,2.0,0.0,0.0,0.0,0.0,1.0,,0.0,0.0,Wellington Region,Nil,2-way,Sealed,0.0,0.0,0,0.0,50.0,0.0,Off,0.0,0.0,,47,Wellington City,Nil,0.0,0.0,0.0,0.0,0.0,0.0,Urban,1.0,0.0,0.0,Fine,Strong wind,0
66560518,,574500,0.0,,0.0,1.0,,North,2023/2024,HUTT ROAD,AOTEA QUAY,,Minor Crash,No,2024,,North,,0,,Flat,,,,,,Bright sun,2093600,1,0.0,0.0,4.0,,,0.0,,,,,,Wellington Region,Nil,2-way,Sealed,,0.0,0,,60.0,,Off,0.0,0.0,,47,Wellington City,Nil,,,,,0.0,0.0,Urban,1.0,,,Fine,Null,0
66560609,,573000,0.0,0.0,0.0,0.0,0.0,South,2022/2023,BOLTON STREET,MOWBRAY STREET,,Minor Crash,No,2023,0.0,West,0.0,0,0.0,Hill Road,0.0,,0.0,,1.0,Bright sun,2123902,1,0.0,1.0,2.0,0.0,0.0,0.0,0.0,0.0,,0.0,0.0,Wellington Region,Nil,2-way,Sealed,0.0,0.0,0,0.0,50.0,0.0,Off,0.0,0.0,,47,Wellington City,Nil,0.0,0.0,0.0,0.0,0.0,0.0,Urban,0.0,0.0,0.0,Fine,Null,0
66560668,,576901,0.0,,0.0,1.0,,South,2022/2023,ONEPU ROAD,RONGOTAI ROAD,,Serious Crash,No,2023,,North,,0,,Flat,,,,,,Bright sun,2178300,0,0.0,0.0,2.0,,,0.0,,,1.0,,,Wellington Region,Nil,2-way,Sealed,,0.0,1,,50.0,,Off,0.0,0.0,,47,Wellington City,Nil,,,,,0.0,0.0,Urban,0.0,,,Fine,Null,0
66560819,,574001,0.0,,0.0,1.0,,East,2022/2023,BLACK ROCK ROAD,NEWLANDS ROAD,,Minor Crash,No,2023,,East,,0,,Flat,,,,,,Bright sun,2077700,1,0.0,0.0,2.0,,,0.0,,,,,,Wellington Region,Nil,2-way,Sealed,,0.0,0,,50.0,,Off,0.0,0.0,,47,Wellington City,Nil,,,,,0.0,0.0,Urban,1.0,,,Fine,Null,0
66560842,,572500,0.0,,0.0,1.0,,Null,2023/2024,MAIN ROAD,SUNRISE BOULEVARD,,Minor Crash,No,2023,,South,,0,,Flat,,,,,,Dark,1986300,1,0.0,0.0,2.0,,,0.0,,,1.0,,,Wellington Region,Nil,2-way,Sealed,,0.0,0,,50.0,,On,0.0,0.0,,47,Wellington City,Give way,,,,,0.0,0.0,Urban,0.0,,,Fine,Null,0
66560919,,573101,0.0,,0.0,0.0,,North,2023/2024,VICTORIA STREET,ABEL SMITH STREET,,Minor Crash,No,2024,,West,,0,,Flat,,,,,,Bright sun,2132200,1,0.0,0.0,3.0,,,0.0,,,1.0,,,Wellington Region,Nil,1-way,Sealed,,0.0,0,,30.0,,Off,1.0,0.0,,47,Wellington City,Nil,,,,,0.0,0.0,Urban,0.0,,,Fine,Null,0
66560931,,573700,0.0,0.0,0.0,2.0,0.0,Null,2022/2023,CORTINA AVENUE,TRALEE PLACE,,Non-Injury Crash,No,2023,0.0,South,0.0,0,0.0,Hill Road,0.0,,0.0,,0.0,Dark,2082001,0,0.0,0.0,2.0,0.0,0.0,0.0,0.0,2.0,,0.0,0.0,Wellington Region,Nil,2-way,Sealed,0.0,0.0,0,0.0,50.0,0.0,On,0.0,0.0,,47,Wellington City,Nil,0.0,0.0,0.0,0.0,0.0,0.0,Urban,1.0,0.0,0.0,Light rain,Null,0
66560987,,577601,0.0,0.0,0.0,1.0,1.0,North,2023/2024,MASSEY ROAD,FORT BALLANCE ROAD,,Non-Injury Crash,No,2023,0.0,North,0.0,0,0.0,Flat,0.0,,0.0,,0.0,Dark,2200700,0,0.0,0.0,2.0,0.0,0.0,0.0,0.0,0.0,,0.0,0.0,Wellington Region,Nil,2-way,Sealed,0.0,0.0,0,0.0,40.0,0.0,None,0.0,0.0,,47,Wellington City,Nil,0.0,0.0,0.0,0.0,0.0,0.0,Urban,0.0,0.0,0.0,Fine,Null,0
66560990,,574200,0.0,,0.0,2.0,,Null,2023/2024,BURMA ROAD,STATION ROAD,,Minor Crash,No,2024,,South,,0,,Flat,,,,,,Overcast,2088100,2,0.0,0.0,2.0,,,0.0,,,,,,Wellington Region,Nil,2-way,Sealed,,0.0,0,,50.0,,Off,0.0,0.0,,47,Wellington City,Stop,,,,,0.0,0.0,Urban,0.0,,,Fine,Null,0
66561079,,577302,0.0,,0.0,1.0,,Null,2022/2023,PARK ROAD,REX STREET,,Non-Injury Crash,No,2023,,North,,0,,Flat,,,,,,Bright sun,2205800,0,0.0,0.0,2.0,,,0.0,,,,,,Wellington Region,Nil,2-way,Sealed,,0.0,0,,50.0,,Off,1.0,0.0,,47,Wellington City,Give way,,,,,0.0,0.0,Urban,0.0,,,Fine,Null,0