OBJECTID,advisorySpeed,areaUnitID,bicycle,bridge,bus,carStationWagon,cliffBank,crashDirectionDescription,crashFinancialYear,crashLocation1,crashLocation2,crashRoadSideRoad,crashSeverity,crashSHDescription,crashYear,debris,directionRoleDescription,ditch,fatalCount,fence,flatHill,guardRail,holiday,houseOrBuilding,intersection,kerb,light,meshblockId,minorInjuryCount,moped,motorcycle,NumberOfLanes,objectThrownOrDropped,otherObject,otherVehicleType,overBank,parkedVehicle,pedestrian,phoneBoxEtc,postOrPole,region,roadCharacter,roadLane,roadSurface,roadworks,schoolBus,seriousInjuryCount,slipOrFlood,speedLimit,strayAnimal,streetLight,suv,taxi,temporarySpeedLimit,tlaId,tlaName,trafficControl,trafficIsland,trafficSign,train,tree,truck,unknownVehicleType,urban,vanOrUtility,vehicle,waterRiver,weatherA,weatherB,if_pandemic
66561098,,574500,0.0,,0.0,2.0,,North,2023/2024,SH 1,AOTEA QUAY ON RAMP,,Minor Crash,Yes,2023,,North,,0,,Flat,,,,,,Overcast,2093500,1,0.0,0.0,4.0,,,0.0,,,,,,Wellington Region,Nil,1-way,Sealed,,0.0,0,,100.0,,Off,0.0,0.0,,47,Wellington City,Nil,,,,,0.0,0.0,Open,0.0,,,Light rain,Strong wind,0
66561099,,572600,0.0,0.0,0.0,2.0,0.0,South,2023/2024,JOHNSONVILLE PORIRUA MOTORWAY,PED SUBWAY,,Non-Injury Crash,Yes,2023,0.0,North,0.0,0,0.0,Hill Road,1.0,,0.0,,0.0,Overcast,1992900,0,0.0,0.0,2.0,0.0,0.0,0.0,0.0,0.0,,0.0,0.0,Wellington Region,Nil,1-way,Sealed,0.0,0.0,0,0.0,100.0,0.0,Off,0.0,0.0,,47,Wellington City,Nil,0.0,0.0,0.0,0.0,0.0,0.0,Open,0.0,0.0,0.0,Light rain,Null,0
66561154,,572900,0.0,,0.0,1.0,,North,2023/2024,AOTEA QUAY,OLD RLY XING,,Non-Injury Crash,No,2023,,North,,0,,Flat,,,,,,Bright sun,2118400,0,0.0,0.0,4.0,,,0.0,,,,,,Wellington Region,Nil,2-way,Sealed,,0.0,0,,50.0,,Off,0.0,0.0,,47,Wellington City,Nil,,,,,1.0,0.0,Urban,0.0,,,Fine,Null,0
66561201,,573000,0.0,,0.0,2.0,,Null,2022/2023,WATERLOO QUAY,BUNNY STREET,,Non-Injury Crash,No,2023,,North,,0,,Flat,,,,,,Twilight,2124300,0,0.0,0.0,2.0,,,0.0,,,,,,Wellington Region,Nil,2-way,Sealed,,0.0,0,,50.0,,Off,0.0,0.0,,47,Wellington City,Traffic Signals,,,,,0.0,0.0,Urban,0.0,,,Fine,Null,0
66561253,,576800,0.0,,0.0,2.0,,Null,2023/2024,RUAHINE STREET,TAURIMA STREET,,Non-Injury Crash,Yes,2023,,West,,0,,Flat,,,,,,Dark,2181700,0,0.0,0.0,2.0,,,0.0,,,,,,Wellington Region,Tunnel,2-way,Sealed,,0.0,0,,50.0,,On,0.0,1.0,,47,Wellington City,Give way,,,,,0.0,0.0,Urban,0.0,,,Fine,Null,0
66561265,,573101,0.0,,0.0,0.0,,Null,2022/2023,TARANAKI STREET,CABLE STREET,,Non-Injury Crash,No,2023,,North,,0,,Null,,,,,,Twilight,2133100,0,0.0,0.0,4.0,,,0.0,,,,,,Wellington Region,Nil,2-way,Null,,0.0,0,,50.0,,Null,1.0,0.0,,47,Wellington City,Traffic Signals,,,,,0.0,0.0,Urban,1.0,,,Fine,Null,0
66561295,,573000,0.0,,0.0,1.0,,East,2022/2023,HARRIS STREET,VICTORIA STREET,,Minor Crash,No,2023,,South,,0,,Flat,,,,,,Overcast,2127500,1,0.0,0.0,2.0,,,0.0,,,1.0,,,Wellington Region,Nil,2-way,Sealed,,0.0,0,,30.0,,Off,0.0,0.0,,47,Wellington City,Nil,,,,,0.0,0.0,Urban,0.0,,,Fine,Null,0
66561315,,573000,1.0,,0.0,1.0,,Null,2023/2024,THE TERRACE,MACDONALD CRESCENT,,Minor Crash,No,2023,,South,,0,,Hill Road,,,,,,Dark,2128700,1,0.0,0.0,2.0,,,0.0,,,,,,Wellington Region,Nil,2-way,Sealed,,0.0,0,,50.0,,On,0.0,0.0,,47,Wellington City,Stop,,,,,0.0,0.0,Urban,0.0,,,Fine,Null,0
66561395,,573000,0.0,,0.0,2.0,,North,2022/2023,WELLINGTON URBAN MOTORWAY,SOUTH PORTAL,,Non-Injury Crash,Yes,2023,,South,,0,,Flat,,,,,,Overcast,2128700,0,0.0,0.0,3.0,,,0.0,,,,,,Wellington Region,Tunnel,2-way,Sealed,,0.0,0,,100.0,,On,1.0,0.0,60.0,47,Wellington City,Nil,,,,,0.0,0.0,Open,0.0,,,Fine,Null,0
66561451,,574302,0.0,0.0,0.0,1.0,0.0,South,2022/2023,WELLINGTON URBAN MOTORWAY,HUTT ROAD,,Non-Injury Crash,Yes,2023,0.0,East,0.0,0,0.0,Flat,2.0,,0.0,,0.0,Overcast,2090604,0,0.0,0.0,4.0,0.0,0.0,0.0,0.0,0.0,,0.0,0.0,Wellington Region,Nil,1-way,Sealed,0.0,0.0,0,0.0,100.0,0.0,Off,0.0,0.0,,47,Wellington City,Nil,0.0,0.0,0.0,0.0,0.0,0.0,Open,0.0,0.0,0.0,Fine,Null,0
66561463,,572900,0.0,0.0,0.0,1.0,0.0,Null,2022/2023,WATERLOO QUAY,HINEMOA STREET,,Non-Injury Crash,No,2022,0.0,North,0.0,0,0.0,Flat,0.0,,0.0,,0.0,Dark,2118400,0,0.0,0.0,5.0,0.0,0.0,0.0,0.0,0.0,,0.0,0.0,Wellington Region,Nil,2-way,Sealed,0.0,0.0,0,0.0,50.0,0.0,On,0.0,0.0,,47,Wellington City,Traffic Signals,1.0,1.0,0.0,0.0,0.0,0.0,Urban,0.0,0.0,0.0,Fine,Null,0
66561489,,577700,0.0,0.0,0.0,0.0,1.0,West,2023/2024,MAKARA ROAD,MAKARA SUM,,Serious Crash,No,2024,0.0,South,0.0,0,0.0,Hill Road,0.0,,0.0,,0.0,Overcast,2116500,0,0.0,1.0,2.0,0.0,0.0,0.0,0.0,0.0,,0.0,0.0,Wellington Region,Nil,2-way,Sealed,0.0,0.0,1,0.0,50.0,0.0,None,0.0,0.0,,47,Wellington City,Nil,0.0,0.0,0.0,0.0,0.0,0.0,Urban,0.0,0.0,0.0,Fine,Null,0
66561588,,573523,0.0,0.0,0.0,1.0,0.0,North,2023/2024,MARK AVENUE,ARIMA PLACE,,Non-Injury Crash,No,2023,0.0,North,0.0,0,0.0,Hill Road,0.0,,0.0,,0.0,Dark,2086306,0,0.0,0.0,2.0,0.0,0.0,0.0,0.0,1.0,,0.0,0.0,Wellington Region,Nil,2-way,Sealed,0.0,0.0,0,0.0,50.0,0.0,On,1.0,0.0,,47,Wellington City,Nil,0.0,0.0,0.0,0.0,0.0,0.0,Urban,0.0,0.0,0.0,Fine,Null,0
66561695,,574702,0.0,0.0,0.0,3.0,0.0,South,2023/2024,PEMBROKE ROAD,HUNTINGDON STREET,,Non-Injury Crash,No,2023,0.0,South,0.0,0,0.0,Flat,0.0,,0.0,,0.0,Bright sun,2102700,0,0.0,0.0,2.0,0.0,0.0,0.0,0.0,1.0,,0.0,0.0,Wellington Region,Nil,2-way,Sealed,0.0,0.0,0,0.0,50.0,0.0,Off,0.0,0.0,,47,Wellington City,Nil,0.0,0.0,0.0,0.0,0.0,0.0,Urban,0.0,0.0,0.0,Fine,Null,0
66561735,,573511,0.0,0.0,0.0,1.0,0.0,South,2022/2023,MIDDLETON ROAD,RICHMOND HILL,,Non-Injury Crash,No,2023,0.0,North,0.0,0,0.0,Flat,0.0,Queens Birthday,0.0,,0.0,Dark,2086203,0,0.0,0.0,2.0,0.0,0.0,0.0,0.0,0.0,,0.0,0.0,Wellington Region,Nil,2-way,Sealed,0.0,0.0,0,0.0,70.0,0.0,None,0.0,0.0,,47,Wellington City,Nil,0.0,0.0,0.0,0.0,0.0,0.0,Urban,0.0,0.0,0.0,Heavy rain,Null,0
66561755,55.0,577700,0.0,0.0,0.0,1.0,0.0,North,2023/2024,OHARIU VALLEY ROAD,MCLINTOCK STREET NORTH,,Non-Injury Crash,No,2023,0.0,North,0.0,0,1.0,Flat,0.0,,0.0,,0.0,Dark,2117003,0,0.0,0.0,2.0,0.0,0.0,0.0,0.0,0.0,,0.0,0.0,Wellington Region,Nil,2-way,Sealed,0.0,0.0,0,0.0,50.0,0.0,Off,0.0,0.0,,47,Wellington City,Nil,0.0,0.0,0.0,1.0,0.0,0.0,Urban,0.0,0.0,0.0,Light rain,Null,0
66561811,,575200,0.0,0.0,0.0,4.0,0.0,North,2022/2023,GLENMORE STREET,UPLAND ROAD,,Non-Injury Crash,No,2023,0.0,South,0.0,0,0.0,Hill Road,0.0,,0.0,,0.0,Dark,2150100,0,0.0,0.0,2.0,0.0,0.0,0.0,0.0,2.0,,0.0,0.0,Wellington Region,Nil,2-way,Sealed,0.0,0.0,0,0.0,50.0,0.0,On,0.0,0.0,,47,Wellington City,Nil,0.0,0.0,0.0,0.0,0.0,0.0,Urban,1.0,0.0,0.0,Light rain,Null,0
66561874,,573526,0.0,0.0,0.0,1.0,0.0,South,2023/2024,HUTT ROAD,SERVICE STN NTH,,Non-Injury Crash,Yes,2023,0.0,North,0.0,0,0.0,Flat,1.0,,0.0,,0.0,Dark,2077503,0,0.0,0.0,2.0,0.0,0.0,0.0,0.0,0.0,,0.0,0.0,Wellington Region,Nil,1-way,Sealed,0.0,0.0,0,0.0,100.0,0.0,On,0.0,0.0,,47,Wellington City,Nil,0.0,0.0,0.0,0.0,0.0,0.0,Open,0.0,0.0,0.0,Light rain,Null,0
66561880,,572701,0.0,0.0,0.0,1.0,0.0,North,2022/2023,MAIN ROAD,MCLELLAN STREET,,Non-Injury Crash,No,2023,0.0,North,0.0,0,0.0,Flat,0.0,Queens Birthday,0.0,,0.0,Dark,1994500,0,0.0,0.0,2.0,0.0,0.0,0.0,0.0,1.0,,0.0,0.0,Wellington Region,Nil,2-way,Sealed,0.0,0.0,0,0.0,50.0,0.0,On,1.0,0.0,,47,Wellington City,Nil,0.0,0.0,0.0,0.0,0.0,0.0,Urban,1.0,0.0,0.0,Fine,Null,0
66561890,,572900,1.0,,0.0,1.0,,Null,2023/2024,MOLESWORTH STREET,AITKEN STREET,,Non-Injury Crash,No,2023,,North,,0,,Hill Road,,,,,,Bright sun,2121400,0,0.0,0.0,2.0,,,0.0,,,,,,Wellington Region,Nil,1-way,Sealed,,0.0,0,,30.0,,Off,0.0,0.0,,47,Wellington City,Traffic Signals,,,,,0.0,0.0,Urban,0.0,,,Fine,Null,0
66561905,,573700,0.0,0.0,0.0,1.0,0.0,South,2022/2023,JOHNSONVILLE PORIRUA MOTORWAY,HELSTON OBR,,Minor Crash,Yes,2023,0.0,North,0.0,0,0.0,Hill Road,1.0,,0.0,,0.0,Bright sun,2082800,1,0.0,0.0,2.0,0.0,0.0,0.0,0.0,0.0,,0.0,0.0,Wellington Region,Nil,1-way,Sealed,0.0,0.0,0,0.0,100.0,0.0,Off,0.0,0.0,,47,Wellington City,Nil,0.0,0.0,0.0,0.0,0.0,0.0,Open,0.0,0.0,0.0,Fine,Null,0
66561919,,573400,0.0,0.0,0.0,1.0,0.0,North,2023/2024,CLAREMONT GROVE,AUSTIN STREET,,Minor Crash,No,2024,0.0,North,0.0,0,1.0,Flat,0.0,,0.0,,0.0,Bright sun,2140700,1,0.0,0.0,2.0,0.0,0.0,0.0,0.0,0.0,,0.0,0.0,Wellington Region,Nil,2-way,Sealed,0.0,0.0,0,0.0,50.0,0.0,Off,0.0,0.0,,47,Wellington City,Nil,0.0,0.0,0.0,0.0,0.0,0.0,Urban,0.0,0.0,0.0,Fine,Null,0
66561932,,573700,0.0,0.0,0.0,3.0,0.0,South,2023/2024,CORTINA AVENUE,SAFARI CRESCENT,,Minor Crash,No,2023,0.0,South,0.0,0,0.0,Hill Road,0.0,,0.0,,0.0,Dark,2082002,3,0.0,0.0,2.0,0.0,0.0,0.0,0.0,1.0,,0.0,0.0,Wellington Region,Nil,2-way,Sealed,0.0,0.0,0,0.0,50.0,0.0,On,0.0,0.0,,47,Wellington City,Nil,0.0,0.0,0.0,0.0,0.0,0.0,Urban,0.0,0.0,0.0,Light rain,Null,0
66561966,,573700,0.0,0.0,0.0,3.0,0.0,North,2023/2024,CORTINA AVENUE,NEVILLE STREET,,Non-Injury Crash,No,2023,0.0,South,0.0,0,0.0,Hill Road,0.0,,0.0,,0.0,Bright sun,2082002,0,0.0,0.0,2.0,0.0,0.0,0.0,0.0,1.0,,0.0,0.0,Wellington Region,Nil,2-way,Sealed,0.0,0.0,0,0.0,50.0,0.0,Off,0.0,0.0,,47,Wellington City,Nil,0.0,0.0,0.0,0.0,0.0,0.0,Urban,0.0,0.0,0.0,Fine,Null,0
66562141,,573802,0.0,,0.0,2.0,,South,2022/2023,JOHNSONVILLE PORIRUA MOTORWAY,HELSTON OBR,,Non-Injury Crash,Yes,2023,,South,,0,,Flat,,,,,,Bright sun,2079100,0,0.0,0.0,2.0,,,0.0,,,,,,Wellington Region,Nil,1-way,Sealed,,0.0,0,,100.0,,Off,1.0,0.0,,47,Wellington City,Nil,,,,,0.0,0.0,Open,0.0,,,Fine,Null,0
66562144,,577102,0.0,0.0,0.0,2.0,0.0,North,2021/2022,KINGHORNE STREET,ELPHINSTONE AVENUE,,Non-Injury Crash,No,2022,0.0,East,0.0,0,0.0,Hill Road,0.0,,0.0,,0.0,Unknown,2214400,0,0.0,0.0,2.0,0.0,0.0,0.0,0.0,1.0,,0.0,0.0,Wellington Region,Nil,2-way,Sealed,0.0,0.0,0,0.0,50.0,0.0,Null,0.0,0.0,,47,Wellington City,Nil,0.0,0.0,0.0,0.0,0.0,0.0,Urban,0.0,0.0,0.0,Fine,Null,0
66562190,,573000,0.0,,0.0,1.0,,Null,2022/2023,VICTORIA STREET,VICTORIA LINK,,Non-Injury Crash,No,2023,,South,,0,,Flat,,,,,,Overcast,2127400,0,0.0,0.0,3.0,,,0.0,,,,,,Wellington Region,Nil,1-way,Sealed,,0.0,0,,30.0,,Off,0.0,0.0,,47,Wellington City,Nil,,,,,0.0,0.0,Urban,1.0,,,Heavy rain,Strong wind,0
66562197,,573300,0.0,0.0,0.0,3.0,0.0,North,2023/2024,TASMAN STREET,RUGBY STREET,,Non-Injury Crash,No,2023,0.0,South,0.0,0,0.0,Flat,0.0,,0.0,,0.0,Dark,2145602,0,0.0,0.0,2.0,0.0,0.0,0.0,0.0,1.0,,0.0,0.0,Wellington Region,Nil,2-way,Sealed,0.0,0.0,0,0.0,50.0,0.0,On,0.0,0.0,,47,Wellington City,Nil,0.0,0.0,0.0,0.0,0.0,0.0,Urban,0.0,0.0,0.0,Fine,Null,0
66562213,,572701,0.0,,0.0,2.0,,North,2022/2023,JOHNSONVILLE PORIRUA MOTORWAY,TRANSMISSION GULLY MOTORWAY,,Non-Injury Crash,Yes,2023,,North,,0,,Hill Road,,,,,,Overcast,1995600,0,0.0,0.0,2.0,,,0.0,,,,,,Wellington Region,Nil,1-way,Sealed,,0.0,0,,100.0,,Off,0.0,0.0,50.0,47,Wellington City,Nil,,,,,0.0,0.0,Open,0.0,,,Light rain,Null,0
66562250,,573802,0.0,,0.0,2.0,,Null,2023/2024,HELSTON ROAD,STEWART DRIVE,,Minor Crash,No,2023,,West,,0,,Hill Road,,,,,,Bright sun,2079100,1,0.0,0.0,2.0,,,0.0,,,,,,Wellington Region,Nil,2-way,Sealed,,0.0,0,,50.0,,Null,0.0,0.0,,47,Wellington City,Give way,,,,,0.0,0.0,Urban,0.0,,,Fine,Null,0
66562269,,576002,1.0,,0.0,1.0,,Null,2023/2024,THE PARADE,MERSEY STREET,,Non-Injury Crash,No,2023,,South,,0,,Flat,,,,,,Bright sun,2190600,0,0.0,0.0,4.0,,,0.0,,,,,,Wellington Region,Nil,2-way,Sealed,,0.0,0,,50.0,,Off,0.0,0.0,,47,Wellington City,Stop,,,,,0.0,0.0,Urban,0.0,,,Fine,Null,0
66562270,,573200,0.0,,0.0,2.0,,North,2020/2021,DURHAM CRESCENT,MORTIMER TERRACE,,Non-Injury Crash,No,2021,,South,,0,,Hill Road,,,,,,Overcast,2158300,0,0.0,0.0,2.0,,,0.0,,,,,,Wellington Region,Nil,2-way,Sealed,,0.0,0,,50.0,,Off,0.0,0.0,,47,Wellington City,Nil,,,,,0.0,0.0,Urban,1.0,,,Fine,Null,1
66562288,,577400,0.0,0.0,0.0,1.0,0.0,North,2021/2022,AWA ROAD,MARINE PARADE,,Non-Injury Crash,No,2021,0.0,North,0.0,0,0.0,Hill Road,0.0,,0.0,,0.0,Dark,2209900,0,0.0,0.0,2.0,0.0,0.0,1.0,0.0,1.0,,0.0,0.0,Wellington Region,Nil,2-way,Sealed,0.0,0.0,0,0.0,50.0,0.0,On,0.0,0.0,,47,Wellington City,Nil,0.0,0.0,0.0,0.0,1.0,0.0,Urban,0.0,0.0,0.0,Fine,Null,1
66562322,,576700,0.0,0.0,0.0,2.0,0.0,East,2022/2023,ROSENEATH TERRACE,THANE ROAD,,Non-Injury Crash,No,2022,0.0,South,0.0,0,0.0,Hill Road,0.0,,0.0,,0.0,Dark,2185800,0,0.0,0.0,2.0,0.0,0.0,0.0,0.0,1.0,,0.0,0.0,Wellington Region,Nil,2-way,Sealed,0.0,0.0,0,0.0,50.0,0.0,On,1.0,0.0,,47,Wellington City,Nil,0.0,0.0,0.0,0.0,0.0,0.0,Urban,0.0,0.0,0.0,Fine,Null,0
66562459,,573000,0.0,0.0,0.0,1.0,0.0,Null,2023/2024,THE TERRACE,ALLENBY TERRACE,,Non-Injury Crash,No,2023,0.0,South,0.0,0,0.0,Hill Road,0.0,,0.0,,0.0,Dark,2127900,0,0.0,0.0,2.0,0.0,0.0,0.0,0.0,0.0,,0.0,1.0,Wellington Region,Nil,2-way,Sealed,0.0,0.0,0,0.0,30.0,0.0,On,0.0,0.0,,47,Wellington City,Nil,0.0,0.0,0.0,0.0,0.0,0.0,Urban,0.0,0.0,0.0,Fine,Null,0
66562530,,574402,0.0,0.0,0.0,3.0,0.0,North,2023/2024,OTTAWA ROAD,COLLINGWOOD STREET,,Non-Injury Crash,No,2023,0.0,South,0.0,0,1.0,Flat,0.0,,0.0,,0.0,Dark,2096300,0,0.0,0.0,2.0,0.0,1.0,0.0,0.0,1.0,,0.0,0.0,Wellington Region,Nil,2-way,Sealed,0.0,0.0,0,0.0,30.0,0.0,On,0.0,0.0,,47,Wellington City,Nil,0.0,0.0,0.0,0.0,0.0,0.0,Urban,0.0,0.0,0.0,Fine,Null,0
66562554,,573101,0.0,,0.0,2.0,,Null,2023/2024,WILLIS STREET,ARO STREET,,Non-Injury Crash,No,2023,,North,,0,,Flat,,,,,,Dark,2132900,0,0.0,0.0,3.0,,,0.0,,,,,,Wellington Region,Nil,1-way,Sealed,,0.0,0,,50.0,,On,0.0,0.0,,47,Wellington City,Give way,,,,,0.0,0.0,Urban,0.0,,,Fine,Null,0
66562585,,572701,0.0,0.0,0.0,2.0,0.0,South,2023/2024,HANDYSIDE STREET,MEXTED TERRACE,,Minor Crash,No,2024,0.0,North,0.0,0,0.0,Hill Road,0.0,,0.0,,0.0,Overcast,1993000,2,0.0,0.0,2.0,0.0,0.0,0.0,0.0,1.0,,0.0,0.0,Wellington Region,Nil,2-way,Sealed,0.0,0.0,0,0.0,50.0,0.0,Off,0.0,0.0,,47,Wellington City,Nil,0.0,0.0,0.0,0.0,0.0,0.0,Urban,0.0,0.0,0.0,Fine,Null,0
66562653,,573526,0.0,,0.0,3.0,,North,2022/2023,HUTT ROAD,RAILYARD ENTRY,,Serious Crash,Yes,2023,,South,,0,,Flat,,,,,,Overcast,2077503,0,0.0,0.0,2.0,,,0.0,,,,,,Wellington Region,Nil,2-way,Sealed,,0.0,1,,100.0,,Off,0.0,0.0,60.0,47,Wellington City,Unknown,,,,,0.0,0.0,Open,0.0,,,Heavy rain,Null,0
66562797,,576301,1.0,,0.0,1.0,,Null,2023/2024,ADELAIDE ROAD,STOKE STREET,,Minor Crash,No,2024,,North,,0,,Hill Road,,,,,,Bright sun,2164500,1,0.0,0.0,2.0,,,0.0,,,,,,Wellington Region,Nil,2-way,Sealed,,0.0,0,,50.0,,Off,0.0,0.0,,47,Wellington City,Give way,,,,,0.0,0.0,Urban,0.0,,,Fine,Null,0
66562813,,576600,0.0,0.0,0.0,1.0,0.0,West,2023/2024,ORIENTAL PARADE,GRASS STREET,,Non-Injury Crash,No,2023,0.0,East,0.0,0,0.0,Flat,0.0,,0.0,,0.0,Dark,2137600,0,0.0,0.0,2.0,0.0,0.0,0.0,0.0,1.0,,0.0,0.0,Wellington Region,Nil,2-way,Sealed,0.0,0.0,0,0.0,40.0,0.0,On,0.0,0.0,,47,Wellington City,Nil,0.0,0.0,0.0,0.0,0.0,0.0,Urban,0.0,0.0,0.0,Light rain,Strong wind,0
66562865,,574303,0.0,,0.0,2.0,,North,2023/2024,CENTENNIAL HIGHWAY,NEWLANDS OFF RAMP,,Non-Injury Crash,Yes,2023,,South,,0,,Hill Road,,,,,,Overcast,2084302,0,0.0,0.0,3.0,,,0.0,,,,,,Wellington Region,Nil,1-way,Sealed,,0.0,0,,100.0,,Off,0.0,0.0,,47,Wellington City,Nil,,,,,0.0,0.0,Open,0.0,,,Light rain,Null,0
66562934,,573101,0.0,,0.0,1.0,,Null,2022/2023,TORY STREET,CABLE STREET,,Non-Injury Crash,No,2023,,West,,0,,Flat,,,,,,Bright sun,2135200,0,0.0,0.0,2.0,,,0.0,,,,,,Wellington Region,Nil,2-way,Sealed,,0.0,0,,30.0,,Off,0.0,0.0,40.0,47,Wellington City,Traffic Signals,,,,,0.0,0.0,Urban,1.0,,,Fine,Null,0
66562966,,573101,0.0,0.0,0.0,1.0,0.0,North,2021/2022,CUBA STREET,ABEL SMITH STREET,,Non-Injury Crash,No,2021,0.0,South,0.0,0,0.0,Flat,0.0,,0.0,,0.0,Unknown,2132300,0,0.0,0.0,2.0,0.0,0.0,0.0,0.0,1.0,,0.0,0.0,Wellington Region,Nil,2-way,Sealed,0.0,0.0,0,0.0,30.0,0.0,Null,1.0,0.0,,47,Wellington City,Nil,0.0,0.0,0.0,0.0,0.0,0.0,Urban,0.0,0.0,0.0,Null,Null,1
66562988,,576301,1.0,,0.0,1.0,,Null,2023/2024,RIDDIFORD STREET,RINTOUL STREET,,Non-Injury Crash,No,2023,,North,,0,,Flat,,,,,,Dark,2165200,0,0.0,0.0,3.0,,,0.0,,,,,,Wellington Region,Nil,2-way,Sealed,,0.0,0,,40.0,,On,0.0,1.0,,47,Wellington City,Traffic Signals,,,,,0.0,0.0,Urban,0.0,,,Fine,Null,0
66563044,,575100,0.0,,0.0,1.0,,Null,2022/2023,KARORI ROAD,CHAMBERLAIN ROAD,,Minor Crash,No,2023,,West,,0,,Flat,,,,,,Dark,2114300,2,0.0,0.0,2.0,,,0.0,,,2.0,,,Wellington Region,Nil,2-way,Sealed,,0.0,0,,50.0,,On,0.0,0.0,,47,Wellington City,Give way,,,,,0.0,0.0,Urban,0.0,,,Fine,Null,0
66563080,,575200,0.0,,0.0,1.0,,Null,2023/2024,RAROA CRESCENT,NORTHLAND TUNNEL ROAD,,Non-Injury Crash,No,2023,,North,,0,,Hill Road,,,,,,Twilight,2149800,0,0.0,0.0,2.0,,,0.0,,,,,,Wellington Region,Nil,2-way,Sealed,,0.0,0,,50.0,,Off,0.0,0.0,,47,Wellington City,Stop,,,,,0.0,0.0,Urban,1.0,,,Fine,Null,0
66563248,,573300,0.0,,0.0,2.0,,Null,2020/2021,DUFFERIN STREET,DUFFERIN STREET,,Non-Injury Crash,Yes,2021,,South,,0,,Flat,,,,,,Unknown,2145602,0,0.0,0.0,3.0,,,0.0,,,,,,Wellington Region,Nil,1-way,Sealed,,0.0,0,,50.0,,Null,0.0,0.0,,47,Wellington City,Nil,,,,,0.0,0.0,Urban,0.0,,,Null,Null,1
66563252,,573000,0.0,0.0,0.0,0.0,0.0,West,2023/2024,THE TERRACE OFF RAMP,THE TERRACE,,Minor Crash,No,2023,0.0,South,0.0,0,0.0,Flat,1.0,,0.0,,0.0,Overcast,2124803,1,0.0,1.0,3.0,0.0,0.0,0.0,0.0,0.0,,0.0,0.0,Wellington Region,Motorway ramp,1-way,Sealed,0.0,0.0,0,0.0,80.0,0.0,Off,0.0,0.0,,47,Wellington City,Nil,0.0,1.0,0.0,0.0,0.0,0.0,Open,0.0,0.0,0.0,Light rain,Strong wind,0
66563306,,574600,1.0,,0.0,1.0,,Null,2023/2024,WADESTOWN ROAD,ORCHARD STREET,,Minor Crash,No,2023,,South,,0,,Hill Road,,,,,,Bright sun,2101700,1,0.0,0.0,2.0,,,0.0,,,,,,Wellington Region,Nil,2-way,Sealed,,0.0,0,,50.0,,Off,0.0,0.0,,47,Wellington City,Give way,,,,,0.0,0.0,Urban,0.0,,,Fine,Null,0
66563406,,574100,0.0,,0.0,2.0,,Null,2023/2024,MOOREFIELD ROAD,HAUMIA STREET,,Non-Injury Crash,No,2023,,South,,0,,Hill Road,,,,,,Twilight,2085500,0,0.0,0.0,2.0,,,0.0,,,,,,Wellington Region,Nil,2-way,Sealed,,0.0,0,,50.0,,On,0.0,0.0,,47,Wellington City,Give way,,,,,0.0,0.0,Urban,0.0,,,Fine,Null,0
66563410,,577601,0.0,,0.0,1.0,,North,2023/2024,ARAHANGA GROVE,AKAROA DRIVE,,Non-Injury Crash,No,2023,,South,,0,,Hill Road,,,,,,Dark,2201800,0,0.0,0.0,2.0,,,0.0,,,,,,Wellington Region,Nil,2-way,Sealed,,0.0,0,,50.0,,On,0.0,0.0,,47,Wellington City,Nil,,,,,0.0,0.0,Urban,1.0,,,Fine,Null,0
66563441,,577102,0.0,,0.0,2.0,,South,2023/2024,TANNADYCE STREET,BEACON HILL ROAD,,Non-Injury Crash,No,2023,,West,,0,,Hill Road,,,,,,Dark,2213600,0,0.0,0.0,2.0,,,0.0,,,,,,Wellington Region,Nil,2-way,Sealed,,0.0,0,,50.0,,On,0.0,0.0,,47,Wellington City,Nil,,,,,0.0,0.0,Urban,0.0,,,Fine,Null,0
66563460,,572900,0.0,0.0,0.0,1.0,0.0,South,2022/2023,GROSVENOR TERRACE,LOWER WATT STREET,,Non-Injury Crash,No,2023,0.0,West,0.0,0,0.0,Hill Road,0.0,,0.0,,1.0,Overcast,2117202,0,0.0,0.0,2.0,0.0,0.0,0.0,0.0,0.0,,0.0,0.0,Wellington Region,Nil,2-way,Sealed,0.0,0.0,0,0.0,50.0,0.0,Off,0.0,0.0,,47,Wellington City,Nil,0.0,0.0,0.0,0.0,0.0,0.0,Urban,0.0,0.0,0.0,Heavy rain,Null,0
66563468,,573400,0.0,0.0,0.0,2.0,0.0,Null,2022/2023,MOELLER STREET,BAYVIEW TERRACE,,Non-Injury Crash,No,2023,0.0,North,0.0,0,0.0,Hill Road,0.0,,0.0,,0.0,Overcast,2139100,0,0.0,0.0,2.0,0.0,0.0,0.0,0.0,1.0,,0.0,0.0,Wellington Region,Nil,2-way,Sealed,0.0,0.0,0,0.0,50.0,0.0,Off,1.0,0.0,,47,Wellington City,Nil,0.0,0.0,0.0,0.0,0.0,0.0,Urban,0.0,0.0,0.0,Light rain,Null,0
66563492,,573514,0.0,,0.0,2.0,,North,2023/2024,JOHNSONVILLE PORIRUA MOTORWAY,CHURTON PARK-GLENSIDE OFF RAMP,,Minor Crash,Yes,2024,,North,,0,,Flat,,,,,,Bright sun,2086204,1,0.0,0.0,2.0,,,0.0,,,,,,Wellington Region,Nil,1-way,Sealed,,0.0,0,,100.0,,Off,1.0,0.0,,47,Wellington City,Nil,,,,,0.0,0.0,Open,0.0,,,Fine,Null,0
66563574,,572701,0.0,1.0,0.0,1.0,0.0,North,2022/2023,MAIN ROAD,MCLELLAN STREET,,Minor Crash,No,2023,0.0,South,0.0,0,0.0,Flat,0.0,,0.0,,0.0,Overcast,1994500,1,0.0,0.0,2.0,0.0,0.0,0.0,0.0,1.0,,0.0,0.0,Wellington Region,Nil,2-way,Sealed,0.0,0.0,0,0.0,50.0,0.0,None,0.0,0.0,,47,Wellington City,Nil,0.0,0.0,0.0,0.0,0.0,0.0,Urban,1.0,0.0,0.0,Fine,Null,0