OBJECTID,advisorySpeed,areaUnitID,bicycle,bridge,bus,carStationWagon,cliffBank,crashDirectionDescription,crashFinancialYear,crashLocation1,crashLocation2,crashRoadSideRoad,crashSeverity,crashSHDescription,crashYear,debris,directionRoleDescription,ditch,fatalCount,fence,flatHill,guardRail,holiday,houseOrBuilding,intersection,kerb,light,meshblockId,minorInjuryCount,moped,motorcycle,NumberOfLanes,objectThrownOrDropped,otherObject,otherVehicleType,overBank,parkedVehicle,pedestrian,phoneBoxEtc,postOrPole,region,roadCharacter,roadLane,roadSurface,roadworks,schoolBus,seriousInjuryCount,slipOrFlood,speedLimit,strayAnimal,streetLight,suv,taxi,temporarySpeedLimit,tlaId,tlaName,trafficControl,trafficIsland,trafficSign,train,tree,truck,unknownVehicleType,urban,vanOrUtility,vehicle,waterRiver,weatherA,weatherB,if_pandemic
66563587,,573700,0.0,,0.0,2.0,,Null,2023/2024,FRANKMOORE AVENUE,ROTOITI STREET,,Non-Injury Crash,No,2023,,East,,0,,Hill Road,,,,,,Overcast,2082400,0,0.0,0.0,2.0,,,0.0,,,,,,Wellington Region,Nil,2-way,Sealed,,0.0,0,,50.0,,Null,0.0,0.0,,47,Wellington City,Nil,,,,,0.0,0.0,Urban,0.0,,,Light rain,Null,0
66563693,,573400,0.0,0.0,0.0,1.0,0.0,South,2022/2023,ALEXANDRA ROAD,TAURIMA STREET,,Non-Injury Crash,No,2023,0.0,South,1.0,0,0.0,Hill Road,0.0,,0.0,,0.0,Overcast,2143300,0,0.0,0.0,2.0,0.0,0.0,0.0,0.0,0.0,,0.0,0.0,Wellington Region,Nil,2-way,Sealed,0.0,0.0,0,0.0,50.0,0.0,None,0.0,0.0,,47,Wellington City,Nil,0.0,0.0,0.0,1.0,0.0,0.0,Urban,0.0,0.0,0.0,Light rain,Null,0
66563737,,573000,0.0,0.0,0.0,1.0,0.0,North,2020/2021,VICTORIA STREET,WILLESTON STREET,,Non-Injury Crash,No,2021,0.0,South,0.0,0,0.0,Null,0.0,,0.0,,0.0,Dark,2126000,0,0.0,0.0,2.0,0.0,0.0,0.0,0.0,1.0,,0.0,0.0,Wellington Region,Nil,1-way,Null,0.0,0.0,0,0.0,30.0,0.0,On,0.0,0.0,,47,Wellington City,Nil,0.0,0.0,0.0,0.0,0.0,0.0,Urban,0.0,0.0,0.0,Null,Null,1
66563822,,573700,0.0,0.0,0.0,2.0,0.0,Null,2020/2021,FRANKMOORE AVENUE,PHILLIP STREET,,Non-Injury Crash,No,2021,0.0,West,0.0,0,0.0,Hill Road,0.0,,0.0,,0.0,Unknown,2081700,0,0.0,0.0,2.0,0.0,0.0,0.0,0.0,1.0,,0.0,0.0,Wellington Region,Nil,2-way,Sealed,0.0,0.0,0,0.0,50.0,0.0,Null,0.0,0.0,,47,Wellington City,Give way,0.0,0.0,0.0,0.0,0.0,0.0,Urban,0.0,0.0,0.0,Null,Null,1
66563828,,573200,0.0,0.0,0.0,3.0,0.0,West,2022/2023,ARO STREET,BOSTON TERRACE,,Non-Injury Crash,No,2022,0.0,West,0.0,0,0.0,Hill Road,0.0,,0.0,,0.0,Overcast,2159000,0,0.0,0.0,2.0,0.0,0.0,0.0,0.0,1.0,,0.0,0.0,Wellington Region,Nil,2-way,Sealed,0.0,0.0,0,0.0,30.0,0.0,Off,0.0,0.0,,47,Wellington City,Nil,0.0,0.0,0.0,0.0,0.0,0.0,Urban,0.0,0.0,0.0,Fine,Null,0
66563838,85.0,574303,0.0,0.0,0.0,1.0,0.0,North,2023/2024,WELLINGTON URBAN MOTORWAY,ONSLOW RAIL OBR,,Non-Injury Crash,Yes,2023,0.0,South,0.0,0,0.0,Flat,1.0,,0.0,,0.0,Dark,2090402,0,0.0,0.0,2.0,0.0,0.0,0.0,0.0,0.0,,0.0,0.0,Wellington Region,Overpass,1-way,Sealed,0.0,0.0,0,0.0,100.0,0.0,On,0.0,0.0,,47,Wellington City,Nil,0.0,0.0,0.0,0.0,0.0,0.0,Open,0.0,0.0,0.0,Light rain,Null,0
66563866,,576901,0.0,,0.0,2.0,,North,2023/2024,COBHAM DRIVE,TROY STREET,,Non-Injury Crash,Yes,2023,,South,,0,,Flat,,,,,,Overcast,2176800,0,0.0,0.0,2.0,,,0.0,,,,,,Wellington Region,Nil,1-way,Sealed,,0.0,0,,70.0,,None,0.0,0.0,,47,Wellington City,Nil,,,,,0.0,0.0,Urban,0.0,,,Fine,Null,0
66563880,,574302,0.0,0.0,0.0,3.0,0.0,South,2021/2022,BOX HILL,WOODMANCOTE ROAD,,Non-Injury Crash,No,2021,0.0,North,0.0,0,0.0,Hill Road,0.0,Christmas New Year,0.0,,0.0,Bright sun,2090800,0,0.0,0.0,2.0,0.0,0.0,0.0,0.0,1.0,,0.0,0.0,Wellington Region,Nil,2-way,Sealed,0.0,0.0,0,0.0,50.0,0.0,Off,0.0,0.0,,47,Wellington City,Nil,0.0,0.0,0.0,0.0,0.0,0.0,Urban,0.0,0.0,0.0,Fine,Null,1
66564034,,574500,0.0,,1.0,0.0,,Null,2023/2024,HUTT ROAD,KAIWHARAWHARA ROAD,,Non-Injury Crash,No,2023,,North,,0,,Flat,,,,,,Overcast,2093600,0,0.0,0.0,4.0,,,0.0,,,,,,Wellington Region,Nil,2-way,Sealed,,0.0,0,,60.0,,Off,0.0,0.0,,47,Wellington City,Traffic Signals,,,,,2.0,0.0,Urban,0.0,,,Fine,Null,0
66564061,,573101,0.0,,0.0,2.0,,Null,2023/2024,CABLE STREET,TARANAKI STREET,,Non-Injury Crash,No,2023,,South,,0,,Flat,,,,,,Dark,2133000,0,0.0,0.0,3.0,,,0.0,,,,,,Wellington Region,Nil,1-way,Sealed,,0.0,0,,50.0,,On,0.0,0.0,,47,Wellington City,Traffic Signals,,,,,0.0,0.0,Urban,0.0,,,Fine,Null,0
66564125,,573000,0.0,,0.0,0.0,,South,2023/2024,WELLINGTON URBAN MOTORWAY,NORTH PORTAL SBD,,Non-Injury Crash,Yes,2023,,South,,0,,Flat,,,,,,Overcast,2126900,0,0.0,0.0,3.0,,,0.0,,,,,,Wellington Region,Tunnel,2-way,Sealed,,0.0,0,,100.0,,On,1.0,0.0,,47,Wellington City,Nil,,,,,1.0,0.0,Open,2.0,,,Light rain,Null,0
66564529,,574002,0.0,,0.0,2.0,,North,2021/2022,HUTT ROAD,RAILYARD ENTRY,,Non-Injury Crash,Yes,2022,,South,,0,,Flat,,,,,,Bright sun,2078302,0,0.0,0.0,2.0,,,0.0,,,,,,Wellington Region,Nil,1-way,Sealed,,0.0,0,,100.0,,None,0.0,0.0,,47,Wellington City,Nil,,,,,0.0,0.0,Open,0.0,,,Fine,Null,0
66564632,,573901,0.0,0.0,0.0,2.0,1.0,East,2023/2024,STEWART DRIVE,BATCHELOR STREET,,Non-Injury Crash,No,2023,0.0,West,0.0,0,1.0,Flat,0.0,,0.0,,0.0,Bright sun,2073400,0,0.0,0.0,2.0,0.0,0.0,0.0,0.0,1.0,,0.0,0.0,Wellington Region,Nil,2-way,Sealed,0.0,0.0,0,0.0,50.0,0.0,Off,0.0,0.0,,47,Wellington City,Nil,0.0,0.0,0.0,0.0,0.0,0.0,Urban,0.0,0.0,0.0,Fine,Null,0
66565069,,576200,0.0,0.0,0.0,1.0,0.0,Null,2022/2023,CHILKA STREET,BURWAH STREET,,Non-Injury Crash,No,2023,0.0,East,0.0,0,0.0,Hill Road,0.0,,0.0,,0.0,Dark,2173000,0,0.0,0.0,2.0,0.0,0.0,0.0,0.0,0.0,,0.0,0.0,Wellington Region,Nil,2-way,Sealed,0.0,0.0,0,0.0,50.0,0.0,On,0.0,0.0,,47,Wellington City,Nil,0.0,0.0,0.0,1.0,0.0,0.0,Urban,0.0,0.0,0.0,Fine,Null,0
66565088,,577000,0.0,,1.0,1.0,,Null,2023/2024,LYALL PARADE,ONEPU ROAD,,Non-Injury Crash,No,2023,,East,,0,,Flat,,,,,,Overcast,2174800,0,0.0,0.0,2.0,,,0.0,,,,,,Wellington Region,Nil,2-way,Sealed,,0.0,0,,50.0,,Off,0.0,0.0,,47,Wellington City,Give way,,,,,0.0,0.0,Urban,0.0,,,Light rain,Null,0
66565119,,573000,1.0,,0.0,1.0,,Null,2023/2024,BALLANCE STREET,LAMBTON QUAY,,Minor Crash,No,2024,,North,,0,,Flat,,,,,,Overcast,2124100,1,0.0,0.0,1.0,,,0.0,,,,,,Wellington Region,Nil,2-way,Sealed,,0.0,0,,30.0,,Off,0.0,0.0,,47,Wellington City,Give way,,,,,0.0,0.0,Urban,0.0,,,Fine,Null,0
66565139,,576600,0.0,,0.0,1.0,,East,2023/2024,ORIENTAL PARADE,FREYBERG POOL CPK ENT,,Minor Crash,No,2023,,West,,0,,Hill Road,,,,,,Bright sun,2137900,1,0.0,0.0,2.0,,,0.0,,,,,,Wellington Region,Nil,2-way,Sealed,,0.0,0,,40.0,,Off,0.0,0.0,,47,Wellington City,Nil,,,,,0.0,0.0,Urban,1.0,,,Fine,Strong wind,0
66565202,,573522,0.0,,0.0,0.0,,Null,2023/2024,JAMAICA DRIVE,DRAGON STREET,,Serious Crash,No,2023,,South,,0,,Hill Road,,,,,,Overcast,2086102,0,0.0,1.0,2.0,,,0.0,,,,,,Wellington Region,Nil,2-way,Sealed,,0.0,1,,50.0,,Off,0.0,0.0,,47,Wellington City,Give way,,,,,0.0,0.0,Urban,1.0,,,Fine,Strong wind,0
66565206,,573700,1.0,,0.0,0.0,,Null,2023/2024,FRASER AVENUE,CORLETT STREET,,Minor Crash,No,2024,,North,,0,,Hill Road,,,,,,Bright sun,2083400,1,0.0,0.0,2.0,,,0.0,,,,,,Wellington Region,Nil,1-way,Sealed,,0.0,0,,50.0,,Off,0.0,0.0,,47,Wellington City,Traffic Signals,,,,,0.0,0.0,Urban,1.0,,,Fine,Null,0
66565495,,574002,0.0,,0.0,2.0,,North,2022/2023,HUTT ROAD,WELLINGTON URBAN MOTORWAY,,Non-Injury Crash,Yes,2023,,North,,0,,Flat,,,,,,Overcast,2078302,0,0.0,0.0,2.0,,,0.0,,,,,,Wellington Region,Nil,1-way,Sealed,,0.0,0,,100.0,,Off,0.0,0.0,60.0,47,Wellington City,Nil,,,,,0.0,0.0,Open,0.0,,,Light rain,Null,0
66565519,,573400,0.0,,0.0,2.0,,East,2023/2024,MT VICTORIA TUNNEL,WEST PORTAL,,Minor Crash,Yes,2024,,East,,0,,Hill Road,,,,,,Bright sun,2143300,1,0.0,0.0,2.0,,,0.0,,,,,,Wellington Region,Nil,2-way,Sealed,,0.0,0,,50.0,,On,0.0,0.0,,47,Wellington City,Nil,,,,,0.0,0.0,Urban,0.0,,,Fine,Null,0
66565961,,572900,0.0,,0.0,0.0,,South,2023/2024,AOTEA QUAY ON RAMP,AOTEA QUAY OBR,,Non-Injury Crash,No,2023,,North,,0,,Hill Road,,,,,,Bright sun,2118400,0,0.0,0.0,2.0,,,0.0,,,,,,Wellington Region,Motorway ramp,1-way,Sealed,,0.0,0,,70.0,,Off,1.0,0.0,,47,Wellington City,Nil,,,,,0.0,0.0,Urban,1.0,,,Fine,Null,0
66565969,,574800,0.0,0.0,0.0,2.0,0.0,Null,2022/2023,WILTON ROAD,WORCESTER STREET,,Non-Injury Crash,No,2023,0.0,South,0.0,0,1.0,Flat,0.0,,0.0,,1.0,Bright sun,2104100,0,0.0,0.0,2.0,0.0,0.0,0.0,0.0,0.0,,0.0,0.0,Wellington Region,Nil,2-way,Sealed,0.0,0.0,0,0.0,50.0,0.0,Off,0.0,0.0,,47,Wellington City,Give way,0.0,0.0,0.0,0.0,0.0,0.0,Urban,0.0,0.0,0.0,Fine,Null,0
66565973,,577601,0.0,0.0,0.0,1.0,0.0,South,2023/2024,SHELLY BAY ROAD,RNZAF BASE GATE N,,Non-Injury Crash,No,2023,0.0,North,0.0,0,1.0,Flat,1.0,Christmas New Year,0.0,,1.0,Twilight,2200700,0,0.0,0.0,2.0,0.0,0.0,0.0,0.0,0.0,,0.0,0.0,Wellington Region,Nil,2-way,Sealed,0.0,0.0,0,0.0,40.0,0.0,Off,0.0,0.0,,47,Wellington City,Nil,0.0,0.0,0.0,0.0,0.0,0.0,Urban,0.0,0.0,0.0,Light rain,Null,0
66566017,,576002,0.0,0.0,0.0,3.0,0.0,North,2023/2024,THE PARADE,TAMAR STREET,,Minor Crash,No,2024,0.0,South,0.0,0,0.0,Flat,0.0,,0.0,,0.0,Bright sun,2192500,2,0.0,0.0,1.0,0.0,0.0,0.0,0.0,2.0,,0.0,0.0,Wellington Region,Nil,2-way,Sealed,0.0,0.0,0,0.0,50.0,0.0,Off,0.0,0.0,,47,Wellington City,Nil,0.0,0.0,0.0,0.0,0.0,0.0,Urban,0.0,0.0,0.0,Fine,Null,0
66566220,,573101,0.0,0.0,0.0,2.0,0.0,South,2023/2024,CUBA STREET,GARRETT STREET,,Non-Injury Crash,No,2023,0.0,North,0.0,0,0.0,Flat,0.0,,0.0,,0.0,Bright sun,2131800,0,0.0,0.0,1.0,0.0,0.0,0.0,0.0,1.0,,0.0,0.0,Wellington Region,Nil,1-way,Sealed,0.0,0.0,0,0.0,30.0,0.0,Off,0.0,0.0,,47,Wellington City,Nil,0.0,0.0,0.0,0.0,0.0,0.0,Urban,0.0,0.0,0.0,Fine,Null,0
66567691,,573300,0.0,,0.0,0.0,,Null,2023/2024,DUFFERIN STREET,PATERSON STREET,,Non-Injury Crash,Unknown,2024,,South,,0,,Flat,,,,,,Bright sun,2145602,0,0.0,0.0,2.0,,,0.0,,,,,,Wellington Region,Nil,1-way,Sealed,,0.0,0,,50.0,,Off,2.0,0.0,,47,Wellington City,Traffic Signals,,,,,0.0,0.0,Urban,0.0,,,Fine,Null,0
66568014,,573101,0.0,,0.0,2.0,,Null,2023/2024,VIVIAN STREET,DUNLOP TERRACE,,Non-Injury Crash,Yes,2023,,East,,0,,Flat,,,,,,Overcast,2133600,0,0.0,0.0,2.0,,,0.0,,,,,,Wellington Region,Nil,1-way,Sealed,,0.0,0,,50.0,,Off,0.0,0.0,,47,Wellington City,Give way,,,,,0.0,0.0,Urban,0.0,,,Fine,Null,0
66568030,,573000,0.0,,0.0,2.0,,South,2022/2023,WILLIS STREET,DIXON STREET,,Non-Injury Crash,No,2023,,North,,0,,Hill Road,,,,,,Overcast,2130700,0,0.0,0.0,2.0,,,0.0,,,,,,Wellington Region,Nil,2-way,Sealed,,0.0,0,,50.0,,Null,0.0,0.0,,47,Wellington City,Nil,,,,,0.0,0.0,Urban,0.0,,,Heavy rain,Null,0
66568426,,575800,0.0,,0.0,1.0,,South,2023/2024,OHIRO ROAD,RUA KAI WAY,,Non-Injury Crash,No,2023,,South,,0,,Flat,,,,,,Overcast,2197101,0,0.0,0.0,2.0,,,0.0,,,,,,Wellington Region,Nil,2-way,Sealed,,0.0,0,,50.0,,Null,0.0,0.0,,47,Wellington City,Nil,,,,,1.0,0.0,Urban,0.0,,,Fine,Null,0
66569252,,573101,0.0,,0.0,1.0,,Null,2022/2023,VICTORIA STREET,KARO DRIVE,,Non-Injury Crash,No,2023,,South,,0,,Flat,,,,,,Dark,2132400,0,0.0,0.0,2.0,,,0.0,,,,,,Wellington Region,Nil,1-way,Sealed,,0.0,0,,50.0,,On,0.0,0.0,,47,Wellington City,Give way,,,,,0.0,0.0,Urban,1.0,,,Fine,Null,0
66569436,,577102,0.0,0.0,0.0,1.0,0.0,East,2023/2024,BEACON HILL ROAD,SEATOUN TUNNEL,,Non-Injury Crash,No,2023,0.0,South,0.0,0,0.0,Hill Road,0.0,,0.0,,0.0,Twilight,2213400,0,0.0,0.0,2.0,0.0,0.0,0.0,0.0,2.0,,0.0,0.0,Wellington Region,Nil,2-way,Sealed,0.0,0.0,0,0.0,50.0,0.0,None,0.0,0.0,,47,Wellington City,Nil,0.0,0.0,0.0,0.0,1.0,0.0,Urban,1.0,0.0,0.0,Light rain,Null,0
66569667,,573101,0.0,,0.0,2.0,,Null,2021/2022,COURTENAY PLACE,BLAIR STREET,,Non-Injury Crash,No,2021,,East,,0,,Flat,,,,,,Dark,2135700,0,0.0,0.0,2.0,,,0.0,,,,,,Wellington Region,Nil,1-way,Sealed,,0.0,0,,30.0,,On,0.0,0.0,,47,Wellington City,Nil,,,,,0.0,0.0,Urban,0.0,,,Light rain,Null,1
66569691,,573101,0.0,0.0,0.0,0.0,0.0,Null,2022/2023,WAKEFIELD STREET,TORY STREET,,Non-Injury Crash,No,2023,0.0,South,0.0,0,0.0,Flat,0.0,,0.0,,0.0,Dark,2135600,0,0.0,0.0,3.0,0.0,0.0,0.0,0.0,1.0,,0.0,0.0,Wellington Region,Nil,1-way,Sealed,0.0,0.0,0,0.0,50.0,0.0,On,1.0,0.0,,47,Wellington City,Traffic Signals,0.0,0.0,0.0,0.0,0.0,0.0,Urban,0.0,0.0,0.0,Fine,Null,0
66569771,,575800,0.0,0.0,0.0,1.0,0.0,South,2022/2023,HALIFAX STREET,QUEBEC STREET,,Non-Injury Crash,No,2022,0.0,West,0.0,0,0.0,Null,0.0,Christmas New Year,0.0,,0.0,Unknown,2198100,0,0.0,0.0,2.0,0.0,0.0,0.0,0.0,1.0,,0.0,0.0,Wellington Region,Nil,2-way,Sealed,0.0,0.0,0,0.0,50.0,0.0,Null,0.0,0.0,,47,Wellington City,Nil,0.0,0.0,0.0,0.0,0.0,1.0,Urban,0.0,0.0,0.0,Null,Null,0
66569779,,573525,0.0,0.0,0.0,1.0,0.0,South,2023/2024,JOHNSONVILLE PORIRUA MOTORWAY,PED SUBWAY,,Non-Injury Crash,Yes,2023,0.0,South,0.0,0,0.0,Hill Road,1.0,,0.0,,0.0,Overcast,2053827,0,0.0,0.0,4.0,0.0,0.0,0.0,0.0,0.0,,0.0,0.0,Wellington Region,Nil,2-way,Sealed,0.0,0.0,0,0.0,100.0,0.0,None,0.0,0.0,,47,Wellington City,Nil,0.0,0.0,0.0,0.0,0.0,0.0,Open,0.0,0.0,0.0,Fine,Null,0
66569907,,572900,0.0,,0.0,0.0,,Null,2022/2023,WATERLOO QUAY,BUNNY STREET,,Non-Injury Crash,No,2023,,South,,0,,Flat,,,,,,Bright sun,2122700,0,0.0,0.0,3.0,,,0.0,,,,,,Wellington Region,Nil,1-way,Sealed,,0.0,0,,50.0,,On,1.0,0.0,,47,Wellington City,Traffic Signals,,,,,0.0,0.0,Urban,0.0,,,Fine,Null,0
66570163,,573903,0.0,0.0,0.0,2.0,0.0,North,2023/2024,STEWART DRIVE,LOASBY CRESCENT,,Minor Crash,No,2023,0.0,West,0.0,0,0.0,Hill Road,0.0,,0.0,,0.0,Twilight,2073600,1,0.0,0.0,2.0,0.0,0.0,0.0,0.0,1.0,,0.0,0.0,Wellington Region,Nil,2-way,Sealed,0.0,0.0,0,0.0,50.0,0.0,Off,0.0,0.0,,47,Wellington City,Nil,0.0,0.0,0.0,0.0,0.0,0.0,Urban,0.0,0.0,0.0,Fine,Null,0
66570795,,574001,0.0,0.0,0.0,1.0,0.0,Null,2022/2023,OMEGA STREET,BLACK ROCK ROAD,,Non-Injury Crash,No,2023,0.0,East,0.0,0,0.0,Hill Road,0.0,,0.0,,1.0,Bright sun,2077700,0,0.0,0.0,2.0,0.0,0.0,0.0,0.0,0.0,,0.0,0.0,Wellington Region,Nil,2-way,Sealed,0.0,0.0,0,0.0,50.0,0.0,On,0.0,0.0,,47,Wellington City,Nil,0.0,0.0,0.0,0.0,0.0,0.0,Urban,0.0,0.0,0.0,Fine,Null,0
66570931,,572701,0.0,0.0,0.0,3.0,0.0,Null,2023/2024,OFF ROAD - SHARED DRIVEWAY,,,Minor Crash,No,2024,0.0,North,0.0,0,0.0,Flat,0.0,,0.0,,0.0,Bright sun,1993000,1,0.0,0.0,,0.0,0.0,0.0,0.0,2.0,,0.0,0.0,Wellington Region,Nil,Off road,Sealed,0.0,0.0,0,0.0,,0.0,Off,0.0,0.0,,47,Wellington City,Nil,0.0,0.0,0.0,0.0,0.0,0.0,Urban,0.0,0.0,0.0,Fine,Null,0
66571170,,574002,0.0,,0.0,0.0,,South,2022/2023,CENTENNIAL HIGHWAY,NEWLANDS ON RAMP,,Non-Injury Crash,Yes,2022,,Null,,0,,Hill Road,,,,,,Dark,2078304,0,0.0,0.0,3.0,,,0.0,,,,,,Wellington Region,Nil,1-way,Sealed,,0.0,0,,100.0,,On,0.0,0.0,,47,Wellington City,Nil,,,,,2.0,0.0,Open,0.0,,,Fine,Null,0
66571266,,572900,0.0,,0.0,1.0,,South,2023/2024,WATERLOO QUAY,PLATFORM 9 ENTRY,,Minor Crash,No,2023,,North,,0,,Flat,,,,,,Twilight,2122700,1,0.0,1.0,5.0,,,0.0,,,,,,Wellington Region,Nil,2-way,Sealed,,0.0,0,,50.0,,On,0.0,0.0,,47,Wellington City,Nil,,,,,0.0,0.0,Urban,0.0,,,Fine,Null,0
66571410,,576500,0.0,0.0,0.0,3.0,0.0,Null,2022/2023,RIDDIFORD STREET,MEIN STREET,,Non-Injury Crash,No,2022,0.0,South,0.0,0,0.0,Flat,0.0,,0.0,,0.0,Dark,2148800,0,0.0,0.0,4.0,0.0,0.0,0.0,0.0,1.0,,0.0,0.0,Wellington Region,Nil,2-way,Sealed,0.0,0.0,0,0.0,50.0,0.0,On,0.0,0.0,,47,Wellington City,Traffic Signals,0.0,0.0,0.0,0.0,0.0,0.0,Urban,0.0,0.0,0.0,Fine,Null,0
66571914,,575600,0.0,0.0,0.0,0.0,0.0,South,2023/2024,MITCHELL STREET,KAREPA STREET,,Minor Crash,No,2024,0.0,North,0.0,0,0.0,Hill Road,0.0,,0.0,,1.0,Bright sun,2160101,1,0.0,1.0,2.0,0.0,0.0,0.0,0.0,0.0,,0.0,0.0,Wellington Region,Nil,2-way,Sealed,0.0,0.0,0,0.0,50.0,0.0,Off,0.0,0.0,,47,Wellington City,Nil,0.0,0.0,0.0,0.0,0.0,0.0,Urban,0.0,0.0,0.0,Fine,Null,0
66572018,,573513,0.0,0.0,0.0,0.0,0.0,Null,2022/2023,WESTCHESTER DRIVE,LAKEWOOD AVENUE,,Non-Injury Crash,No,2022,0.0,West,0.0,0,0.0,Hill Road,0.0,,0.0,,0.0,Overcast,2086608,0,0.0,0.0,2.0,0.0,0.0,0.0,0.0,0.0,,0.0,0.0,Wellington Region,Nil,2-way,Sealed,0.0,0.0,0,0.0,50.0,0.0,Off,0.0,0.0,,47,Wellington City,Give way,1.0,1.0,0.0,0.0,0.0,0.0,Urban,1.0,0.0,0.0,Fine,Null,0
66572034,,573700,0.0,,0.0,2.0,,Null,2022/2023,GOTHIC STREET,BRODERICK ROAD,,Non-Injury Crash,No,2022,,South,,0,,Hill Road,,Christmas New Year,,,,Bright sun,2082800,0,0.0,0.0,2.0,,,0.0,,,,,,Wellington Region,Nil,2-way,Sealed,,0.0,0,,50.0,,Off,0.0,0.0,,47,Wellington City,Traffic Signals,,,,,0.0,0.0,Urban,0.0,,,Fine,Null,0
66572313,75.0,574303,0.0,0.0,0.0,1.0,0.0,Null,2021/2022,CENTENNIAL HIGHWAY,TYERS ROAD,,Non-Injury Crash,Yes,2022,0.0,North,0.0,0,0.0,Hill Road,0.0,,0.0,,0.0,Dark,2088705,0,0.0,0.0,3.0,0.0,0.0,0.0,0.0,0.0,,0.0,0.0,Wellington Region,Nil,1-way,Sealed,0.0,0.0,0,0.0,80.0,0.0,On,0.0,0.0,,47,Wellington City,Nil,1.0,0.0,0.0,0.0,0.0,0.0,Open,0.0,0.0,0.0,Light rain,Null,0
66572337,,573300,0.0,0.0,0.0,1.0,0.0,North,2021/2022,TASMAN STREET,RUGBY STREET,,Minor Crash,No,2022,0.0,North,0.0,0,0.0,Hill Road,0.0,,0.0,,0.0,Dark,2145602,1,0.0,0.0,2.0,0.0,0.0,0.0,0.0,1.0,,0.0,0.0,Wellington Region,Nil,2-way,Unsealed,0.0,0.0,0,0.0,50.0,0.0,On,1.0,0.0,,47,Wellington City,Nil,0.0,0.0,0.0,0.0,0.0,0.0,Urban,0.0,0.0,0.0,Fine,Null,0
66572393,,576500,1.0,,0.0,1.0,,Null,2022/2023,RIDDIFORD STREET,CHURCH AVENUE,,Serious Crash,No,2022,,South,,0,,Flat,,,,,,Bright sun,2148800,0,0.0,0.0,4.0,,,0.0,,,,,,Wellington Region,Nil,2-way,Sealed,,0.0,1,,50.0,,Off,0.0,0.0,,47,Wellington City,Give way,,,,,0.0,0.0,Urban,0.0,,,Fine,Null,0
66572608,,574401,0.0,0.0,0.0,1.0,0.0,North,2022/2023,VASANTA AVENUE,FOX STREET,,Non-Injury Crash,No,2023,0.0,North,0.0,0,0.0,Hill Road,0.0,,0.0,,0.0,Dark,2093707,0,0.0,0.0,2.0,0.0,0.0,0.0,0.0,1.0,,0.0,0.0,Wellington Region,Nil,2-way,Sealed,0.0,0.0,0,0.0,50.0,0.0,On,0.0,0.0,,47,Wellington City,Nil,0.0,0.0,0.0,0.0,0.0,0.0,Urban,1.0,0.0,0.0,Light rain,Null,0
66572688,,573101,0.0,,0.0,2.0,,South,2022/2023,TARANAKI STREET,CABLE STREET,,Non-Injury Crash,No,2022,,South,,0,,Flat,,,,,,Dark,2135200,0,0.0,0.0,3.0,,,0.0,,,,,,Wellington Region,Nil,2-way,Sealed,,0.0,0,,50.0,,On,0.0,1.0,,47,Wellington City,Nil,,,,,0.0,0.0,Urban,0.0,,,Light rain,Null,0
66572712,,572900,0.0,,0.0,2.0,,North,2022/2023,TINAKORI ROAD,CALGARRY AVENUE,,Non-Injury Crash,No,2022,,South,,0,,Flat,,,,,,Bright sun,2119800,0,0.0,0.0,2.0,,,0.0,,,,,,Wellington Region,Nil,2-way,Sealed,,0.0,0,,50.0,,Off,0.0,0.0,,47,Wellington City,Nil,,,,,0.0,0.0,Urban,0.0,,,Fine,Null,0
66572736,,572600,1.0,,0.0,1.0,,Null,2023/2024,SURREY STREET,OXFORD STREET,,Minor Crash,No,2023,,East,,0,,Flat,,,,,,Dark,1992000,1,0.0,0.0,2.0,,,0.0,,,1.0,,,Wellington Region,Nil,2-way,Sealed,,0.0,0,,50.0,,On,0.0,0.0,,47,Wellington City,Give way,,,,,0.0,0.0,Urban,0.0,,,Light rain,Strong wind,0
66572792,,573000,0.0,,0.0,2.0,,East,2022/2023,MACDONALD CRESCENT,THE TERRACE,,Non-Injury Crash,No,2022,,West,,0,,Hill Road,,,,,,Bright sun,2130600,0,0.0,0.0,2.0,,,0.0,,,,,,Wellington Region,Nil,2-way,Sealed,,0.0,0,,50.0,,Off,0.0,0.0,,47,Wellington City,Nil,,,,,0.0,0.0,Urban,0.0,,,Fine,Null,0
66573016,,572701,0.0,0.0,0.0,1.0,0.0,Null,2023/2024,KOWHAI STREET,HINAU STREET,,Non-Injury Crash,No,2023,0.0,West,0.0,0,0.0,Flat,0.0,,0.0,,0.0,Dark,1993501,0,0.0,0.0,2.0,0.0,0.0,0.0,0.0,0.0,,0.0,1.0,Wellington Region,Nil,2-way,Sealed,0.0,0.0,0,0.0,50.0,0.0,On,0.0,0.0,,47,Wellington City,Give way,0.0,0.0,0.0,0.0,0.0,0.0,Urban,0.0,0.0,0.0,Light rain,Null,0
67411600,,573101,0.0,0.0,0.0,1.0,0.0,West,2016/2017,INGLEWOOD PLACE,TARANAKI ST,,Non-Injury Crash,No,2016,0.0,North,0.0,0,0.0,Flat,0.0,,0.0,,0.0,Dark,2133408,0,0.0,0.0,2.0,0.0,0.0,0.0,0.0,1.0,,0.0,0.0,Wellington Region,Nil,2-way,Sealed,0.0,0.0,0,0.0,30.0,0.0,On,2.0,0.0,,47,Wellington City,Unknown,0.0,0.0,0.0,0.0,0.0,0.0,Urban,0.0,0.0,0.0,Fine,Null,0