OBJECTID,advisorySpeed,areaUnitID,bicycle,bridge,bus,carStationWagon,cliffBank,crashDirectionDescription,crashFinancialYear,crashLocation1,crashLocation2,crashRoadSideRoad,crashSeverity,crashSHDescription,crashYear,debris,directionRoleDescription,ditch,fatalCount,fence,flatHill,guardRail,holiday,houseOrBuilding,intersection,kerb,light,meshblockId,minorInjuryCount,moped,motorcycle,NumberOfLanes,objectThrownOrDropped,otherObject,otherVehicleType,overBank,parkedVehicle,pedestrian,phoneBoxEtc,postOrPole,region,roadCharacter,roadLane,roadSurface,roadworks,schoolBus,seriousInjuryCount,slipOrFlood,speedLimit,strayAnimal,streetLight,suv,taxi,temporarySpeedLimit,tlaId,tlaName,trafficControl,trafficIsland,trafficSign,train,tree,truck,unknownVehicleType,urban,vanOrUtility,vehicle,waterRiver,weatherA,weatherB,if_pandemic
67420727,,573101,0.0,,0.0,1.0,,Null,2015/2016,CHAFFERS ST,WAKEFIELD ST,,Minor Crash,No,2016,,West,,0,,Flat,,,,,,Bright sun,2135500,1,0.0,1.0,2.0,,,0.0,,,,,,Wellington Region,Nil,2-way,Sealed,,0.0,0,,50.0,,Null,0.0,0.0,,47,Wellington City,Stop,,,,,0.0,0.0,Urban,0.0,,,Fine,Null,0
67420783,,572702,0.0,,0.0,2.0,,North,2015/2016,SH 1N,COLLINS OBR,,Non-Injury Crash,Yes,2016,,South,,0,,Hill Road,,,,,,Overcast,2053813,0,0.0,0.0,2.0,,,0.0,,,,,,Wellington Region,Nil,1-way,Sealed,,0.0,0,,100.0,,None,0.0,0.0,,47,Wellington City,Unknown,,,,,0.0,0.0,Open,0.0,,,Light rain,Null,0
67421295,,573700,0.0,0.0,0.0,2.0,0.0,North,2016/2017,TRAFALGAR ST,MOOREFIELD ROAD,,Non-Injury Crash,No,2016,0.0,North,0.0,0,0.0,Flat,0.0,,0.0,,0.0,Bright sun,2082300,0,0.0,0.0,2.0,0.0,0.0,0.0,0.0,1.0,,0.0,0.0,Wellington Region,Nil,2-way,Sealed,0.0,0.0,0,0.0,50.0,0.0,Null,0.0,0.0,,47,Wellington City,Unknown,0.0,0.0,0.0,0.0,0.0,0.0,Urban,0.0,0.0,0.0,Null,Null,0
67421375,,577601,0.0,0.0,0.0,1.0,1.0,North,2016/2017,SHELLY BAY ROAD,ARANUI ST,,Non-Injury Crash,No,2016,0.0,North,0.0,0,0.0,Flat,0.0,,0.0,,0.0,Dark,2201200,0,0.0,0.0,2.0,0.0,0.0,0.0,0.0,0.0,,0.0,0.0,Wellington Region,Nil,2-way,Sealed,0.0,0.0,0,0.0,40.0,0.0,None,1.0,0.0,,47,Wellington City,Unknown,0.0,0.0,0.0,0.0,0.0,0.0,Urban,0.0,0.0,0.0,Fine,Null,0
67421383,,573000,0.0,,0.0,3.0,,Null,2016/2017,DIXON ST,WILLIS ST,,Non-Injury Crash,No,2016,,East,,0,,Flat,,,,,,Bright sun,2130700,0,0.0,0.0,2.0,,,0.0,,,,,,Wellington Region,Nil,2-way,Sealed,,0.0,0,,50.0,,Null,0.0,1.0,,47,Wellington City,Traffic Signals,,,,,0.0,0.0,Urban,0.0,,,Fine,Null,0
67421607,,573801,0.0,0.0,0.0,0.0,0.0,South,2016/2017,BEAZLEY AVENUE,MARK AVENUE,,Non-Injury Crash,No,2016,0.0,North,0.0,0,0.0,Flat,0.0,,0.0,,0.0,Bright sun,2079700,0,0.0,0.0,2.0,0.0,0.0,0.0,0.0,1.0,,0.0,0.0,Wellington Region,Nil,2-way,Sealed,0.0,0.0,0,0.0,50.0,0.0,Null,1.0,0.0,,47,Wellington City,Give way,0.0,0.0,0.0,0.0,0.0,0.0,Urban,1.0,0.0,0.0,Fine,Null,0
67422031,,573901,0.0,,0.0,0.0,,Null,2016/2017,BRACKEN ROAD,KAHIKATEA GROVE,,Minor Crash,No,2017,,North,,0,,Hill Road,,,,,,Bright sun,2074100,1,0.0,0.0,2.0,,,0.0,,,,,,Wellington Region,Nil,2-way,Sealed,,0.0,0,,50.0,,Null,0.0,0.0,,47,Wellington City,Give way,,,,,0.0,0.0,Urban,2.0,,,Fine,Null,0
67422039,,573300,0.0,0.0,0.0,0.0,0.0,South,2017/2018,Z WALKWAY,DOUGLAS ST,,Minor Crash,No,2017,0.0,North,0.0,0,0.0,Null,0.0,,0.0,,0.0,Overcast,2146100,1,1.0,0.0,,0.0,1.0,0.0,0.0,0.0,,0.0,0.0,Wellington Region,Nil,Off road,Sealed,0.0,0.0,0,0.0,50.0,0.0,Null,0.0,0.0,,47,Wellington City,Unknown,0.0,0.0,0.0,0.0,0.0,0.0,Urban,0.0,0.0,0.0,Heavy rain,Null,0
67422223,,573700,0.0,,0.0,2.0,,Null,2015/2016,MOOREFIELD ROAD,JOHNSONVILLE ROAD,,Minor Crash,No,2016,,South,,0,,Flat,,,,,,Bright sun,2082300,1,0.0,0.0,2.0,,,0.0,,,,,,Wellington Region,Nil,2-way,Sealed,,0.0,0,,50.0,,Null,0.0,0.0,,47,Wellington City,Give way,,,,,0.0,0.0,Urban,0.0,,,Fine,Null,0
67423047,,576903,0.0,,0.0,2.0,,North,2016/2017,SH 1N,WELLINGTON ROAD,,Minor Crash,Yes,2016,,South,,0,,Flat,,,,,,Bright sun,2180601,1,0.0,0.0,2.0,,,0.0,,,,,,Wellington Region,Nil,2-way,Sealed,,0.0,0,,70.0,,Null,0.0,0.0,,47,Wellington City,Unknown,,,,,0.0,0.0,Urban,0.0,,,Fine,Null,0
67423431,,576301,0.0,,0.0,0.0,,Null,2016/2017,HUTCHISON ROAD,WALLACE ST,,Non-Injury Crash,No,2016,,East,,0,,Hill Road,,,,,,Dark,2163300,0,0.0,0.0,2.0,,,0.0,,,,,,Wellington Region,Nil,2-way,Sealed,,0.0,0,,50.0,,On,2.0,0.0,,47,Wellington City,Give way,,,,,0.0,0.0,Urban,0.0,,,Fine,Null,0
67423575,,576901,0.0,0.0,0.0,1.0,0.0,East,2016/2017,SH 1N,EVANS BAY PARADE,,Non-Injury Crash,Yes,2016,0.0,East,0.0,0,0.0,Flat,0.0,,0.0,,1.0,Dark,2177800,0,0.0,0.0,4.0,0.0,0.0,0.0,0.0,0.0,,0.0,0.0,Wellington Region,Nil,2-way,Sealed,0.0,0.0,0,0.0,50.0,0.0,On,0.0,0.0,,47,Wellington City,Unknown,0.0,0.0,0.0,0.0,0.0,0.0,Urban,0.0,0.0,0.0,Light rain,Null,0
67423887,,576100,0.0,0.0,0.0,1.0,0.0,North,2016/2017,HOUGHTON BAY ROAD,CAVE ROAD,,Minor Crash,No,2016,0.0,North,0.0,0,0.0,Hill Road,0.0,,0.0,,0.0,Bright sun,2194400,1,0.0,0.0,2.0,0.0,0.0,0.0,0.0,1.0,,0.0,0.0,Wellington Region,Nil,2-way,Sealed,0.0,0.0,0,0.0,50.0,0.0,Null,1.0,0.0,,47,Wellington City,Unknown,0.0,0.0,0.0,0.0,0.0,0.0,Urban,0.0,0.0,0.0,Fine,Null,0
67424207,,572900,0.0,,0.0,2.0,,Null,2016/2017,FEATHERSTON ST,BUNNY ST,,Non-Injury Crash,No,2016,,South,,0,,Flat,,,,,,Bright sun,2122800,0,0.0,0.0,4.0,,,0.0,,,,,,Wellington Region,Nil,2-way,Sealed,,0.0,0,,50.0,,Null,0.0,1.0,,47,Wellington City,Traffic Signals,,,,,0.0,0.0,Urban,0.0,,,Fine,Null,0
67424695,,573101,0.0,,1.0,1.0,,East,2015/2016,COURTENAY PLACE,TARANAKI ST,,Non-Injury Crash,No,2016,,West,,0,,Flat,,,,,,Overcast,2135600,0,0.0,0.0,1.0,,,0.0,,,,,,Wellington Region,Nil,1-way,Sealed,,0.0,0,,30.0,,Null,0.0,0.0,,47,Wellington City,Unknown,,,,,0.0,0.0,Urban,0.0,,,Null,Null,0
67424799,,573000,0.0,,0.0,2.0,,South,2016/2017,SH 1N,BOULCOTT OBR,,Non-Injury Crash,Yes,2017,,South,,0,,Flat,,,,,,Bright sun,2126700,0,0.0,0.0,1.0,,,0.0,,,,,,Wellington Region,Nil,1-way,Sealed,,0.0,0,,60.0,,Null,0.0,0.0,,47,Wellington City,Unknown,,,,,0.0,0.0,Urban,0.0,,,Fine,Null,0
67424895,,575100,1.0,0.0,0.0,1.0,0.0,North,2016/2017,KARORI ROAD,SOUTH KARORI ROAD,,Serious Crash,No,2017,0.0,North,0.0,0,0.0,Flat,0.0,,0.0,,0.0,Bright sun,2116100,0,0.0,0.0,2.0,0.0,0.0,0.0,0.0,1.0,,0.0,0.0,Wellington Region,Nil,2-way,Sealed,0.0,0.0,1,0.0,50.0,0.0,Null,0.0,0.0,,47,Wellington City,Unknown,0.0,0.0,0.0,0.0,0.0,0.0,Urban,0.0,0.0,0.0,Fine,Null,0
67425079,,573600,0.0,0.0,0.0,2.0,0.0,North,2016/2017,MORGAN ST,IRONSIDE ROAD,,Non-Injury Crash,No,2016,0.0,West,0.0,0,0.0,Hill Road,0.0,,0.0,,0.0,Overcast,2080400,0,0.0,0.0,2.0,0.0,0.0,0.0,0.0,0.0,,0.0,0.0,Wellington Region,Nil,2-way,Sealed,0.0,0.0,0,0.0,50.0,0.0,Null,0.0,0.0,,47,Wellington City,Unknown,0.0,0.0,0.0,0.0,0.0,0.0,Urban,0.0,1.0,0.0,Fine,Null,0
67425207,,573300,0.0,,0.0,2.0,,Null,2016/2017,WEBB ST,THOMPSON ST,,Non-Injury Crash,No,2016,,West,,0,,Hill Road,,,,,,Bright sun,2144101,0,0.0,0.0,2.0,,,0.0,,,,,,Wellington Region,Nil,2-way,Sealed,,0.0,0,,50.0,,Null,0.0,1.0,,47,Wellington City,Nil,,,,,0.0,0.0,Urban,0.0,,,Fine,Null,0
67425303,,574002,0.0,,0.0,1.0,,Null,2015/2016,HUTT ROAD,JARDEN MILE,,Non-Injury Crash,No,2016,,South,,0,,Flat,,,,,,Bright sun,2078302,0,0.0,0.0,5.0,,,0.0,,,,,,Wellington Region,Nil,2-way,Sealed,,0.0,0,,80.0,,Null,1.0,0.0,,47,Wellington City,Traffic Signals,,,,,0.0,0.0,Open,0.0,,,Fine,Null,0
67426623,,575600,0.0,,0.0,2.0,,South,2015/2016,TODMAN ST,MITCHELL ST,,Non-Injury Crash,No,2016,,South,,0,,Hill Road,,,,,,Bright sun,2161400,0,0.0,0.0,2.0,,,0.0,,,,,,Wellington Region,Nil,2-way,Sealed,,0.0,0,,50.0,,Null,0.0,0.0,,47,Wellington City,Unknown,,,,,0.0,0.0,Urban,0.0,,,Fine,Null,0
67426767,,573526,0.0,,0.0,2.0,,West,2015/2016,SH 2,HOROKIWI ROAD,,Non-Injury Crash,Yes,2016,,South,,0,,Flat,,,,,,Dark,2077503,0,0.0,0.0,2.0,,,0.0,,,,,,Wellington Region,Nil,1-way,Sealed,,0.0,0,,100.0,,On,0.0,0.0,,47,Wellington City,Unknown,,,,,0.0,0.0,Open,0.0,,,Light rain,Null,0
67426959,,573101,0.0,,0.0,1.0,,East,2016/2017,SH 1N ARTHUR ST,CUBA ST,,Minor Crash,Yes,2016,,West,,0,,Flat,,,,,,Overcast,2134600,1,0.0,0.0,3.0,,,0.0,,,1.0,,,Wellington Region,Nil,1-way,Sealed,,0.0,0,,50.0,,None,0.0,0.0,,47,Wellington City,Traffic Signals,,,,,0.0,0.0,Urban,0.0,,,Fine,Null,0
67427111,,572900,0.0,,0.0,2.0,,Null,2016/2017,PARK ST,TINAKORI ROAD,,Non-Injury Crash,No,2016,,South,,0,,Flat,,,,,,Bright sun,2119300,0,0.0,0.0,2.0,,,0.0,,,,,,Wellington Region,Nil,2-way,Sealed,,0.0,0,,50.0,,Null,0.0,0.0,,47,Wellington City,Traffic Signals,,,,,0.0,0.0,Urban,0.0,,,Fine,Null,0
67427559,,574303,0.0,,0.0,2.0,,South,2016/2017,SH 1N,TYERS ROAD,,Non-Injury Crash,Yes,2016,,North,,0,,Hill Road,,,,,,Bright sun,2088705,0,0.0,0.0,3.0,,,0.0,,,,,,Wellington Region,Nil,1-way,Sealed,,0.0,0,,80.0,,Null,0.0,0.0,,47,Wellington City,Unknown,,,,,0.0,0.0,Open,1.0,,,Null,Null,0
67427703,,573400,0.0,,0.0,2.0,,West,2016/2017,ORIENTAL PARADE,HERD ST,,Non-Injury Crash,No,2016,,West,,0,,Flat,,,,,,Bright sun,2139000,0,0.0,0.0,2.0,,,0.0,,,,,,Wellington Region,Nil,2-way,Sealed,,0.0,0,,40.0,,Null,0.0,0.0,,47,Wellington City,Unknown,,,,,0.0,0.0,Urban,0.0,,,Fine,Null,0
67427863,,572900,0.0,0.0,0.0,2.0,0.0,North,2016/2017,THORNDON QUAY,DAVIS ST,,Non-Injury Crash,No,2016,0.0,West,0.0,0,0.0,Flat,0.0,,0.0,,0.0,Bright sun,2118001,0,0.0,0.0,2.0,0.0,0.0,0.0,0.0,1.0,,0.0,0.0,Wellington Region,Nil,2-way,Sealed,0.0,0.0,0,0.0,50.0,0.0,Null,0.0,0.0,,47,Wellington City,Unknown,0.0,0.0,0.0,0.0,0.0,0.0,Urban,0.0,0.0,0.0,Fine,Null,0
67428151,,573903,0.0,,1.0,1.0,,Null,2016/2017,NEWLANDS ROAD,BLACK ROCK ROAD,,Non-Injury Crash,No,2017,,North,,0,,Hill Road,,,,,,Overcast,2074600,0,0.0,0.0,2.0,,,0.0,,,,,,Wellington Region,Nil,2-way,Sealed,,0.0,0,,50.0,,Null,0.0,0.0,30.0,47,Wellington City,Give way,,,,,0.0,0.0,Urban,0.0,,,Light rain,Null,0
67428215,,576903,0.0,,0.0,0.0,,Null,2016/2017,CRAWFORD ROAD,WELLINGTON ROAD,,Minor Crash,No,2017,,East,,0,,Hill Road,,,,,,Bright sun,2181600,1,0.0,1.0,2.0,,,0.0,,,,,,Wellington Region,Nil,2-way,Sealed,,0.0,0,,50.0,,Null,0.0,0.0,,47,Wellington City,Give way,,,,,0.0,0.0,Urban,1.0,,,Fine,Null,0
67428455,,573700,0.0,,0.0,1.0,,Null,2016/2017,DISRAELI ST,JOHNSONVILLE ROAD,,Minor Crash,No,2016,,West,,0,,Flat,,,,,,Bright sun,2082900,1,0.0,0.0,2.0,,,0.0,,,1.0,,,Wellington Region,Nil,2-way,Sealed,,0.0,0,,50.0,,Null,0.0,0.0,,47,Wellington City,Give way,,,,,0.0,0.0,Urban,0.0,,,Fine,Null,0
67428671,,573000,0.0,,0.0,3.0,,North,2015/2016,JERVOIS QUAY,HARRIS ST,,Non-Injury Crash,No,2016,,South,,0,,Flat,,,,,,Dark,2124300,0,0.0,0.0,3.0,,,0.0,,,,,,Wellington Region,Nil,1-way,Sealed,,0.0,0,,50.0,,On,0.0,1.0,,47,Wellington City,Unknown,,,,,0.0,0.0,Urban,0.0,,,Fine,Null,0
67429414,,573000,0.0,,0.0,2.0,,South,2016/2017,SH 1N,TINAKORI OFF NBD,,Non-Injury Crash,Yes,2016,,North,,0,,Hill Road,,,,,,Overcast,2123901,0,0.0,0.0,3.0,,,0.0,,,,,,Wellington Region,Nil,1-way,Sealed,,0.0,0,,100.0,,Null,0.0,0.0,,47,Wellington City,Unknown,,,,,1.0,0.0,Open,1.0,,,Light rain,Strong wind,0
67429710,,574500,1.0,0.0,0.0,0.0,1.0,West,2016/2017,KAIWHARAWHARA ROAD,OLD PORIRUA ROAD,,Minor Crash,No,2017,0.0,East,0.0,0,0.0,Hill Road,0.0,,0.0,,0.0,Dark,2093600,1,0.0,0.0,3.0,0.0,0.0,0.0,0.0,0.0,,0.0,0.0,Wellington Region,Nil,2-way,Sealed,0.0,0.0,0,0.0,50.0,0.0,On,0.0,0.0,,47,Wellington City,Unknown,0.0,0.0,0.0,0.0,0.0,0.0,Urban,0.0,0.0,0.0,Fine,Null,0
67429870,,573200,1.0,,0.0,1.0,,North,2015/2016,DEVON ST,ESSEX ST,,Non-Injury Crash,No,2016,,South,,0,,Hill Road,,,,,,Bright sun,2157400,0,0.0,0.0,2.0,,,0.0,,,,,,Wellington Region,Nil,2-way,Sealed,,0.0,0,,50.0,,Null,0.0,0.0,,47,Wellington City,Unknown,,,,,0.0,0.0,Urban,0.0,,,Fine,Null,0
67430046,,573200,0.0,0.0,0.0,0.0,0.0,West,2016/2017,ARO ST,EPUNI ST,,Non-Injury Crash,No,2016,0.0,East,0.0,0,0.0,Flat,0.0,,0.0,,0.0,Overcast,2158200,0,0.0,0.0,2.0,0.0,0.0,0.0,0.0,1.0,,0.0,0.0,Wellington Region,Nil,2-way,Sealed,0.0,0.0,0,0.0,30.0,0.0,Null,1.0,0.0,,47,Wellington City,Unknown,0.0,0.0,0.0,0.0,0.0,0.0,Urban,1.0,0.0,0.0,Null,Null,0
67430238,,575300,0.0,,0.0,1.0,,West,2015/2016,WAITEATA ROAD,MCKENZIE TERRACE,,Non-Injury Crash,No,2016,,East,,0,,Hill Road,,,,,,Unknown,2155300,0,0.0,0.0,2.0,,,0.0,,,,,,Wellington Region,Nil,2-way,Sealed,,0.0,0,,50.0,,Null,1.0,0.0,,47,Wellington City,Unknown,,,,,0.0,0.0,Urban,0.0,,,Null,Null,0
67430270,,577000,0.0,0.0,0.0,1.0,0.0,Null,2016/2017,COBHAM DRIVE,SH 1N,,Minor Crash,No,2017,1.0,South,0.0,0,0.0,Flat,0.0,Christmas New Year,0.0,,0.0,Overcast,2175700,1,0.0,0.0,3.0,0.0,0.0,0.0,0.0,0.0,,0.0,1.0,Wellington Region,Nil,1-way,Sealed,0.0,0.0,0,0.0,70.0,0.0,Null,0.0,0.0,,47,Wellington City,Give way,0.0,0.0,0.0,0.0,0.0,0.0,Urban,0.0,0.0,0.0,Light rain,Strong wind,0
67430702,,572900,0.0,0.0,0.0,0.0,0.0,West,2016/2017,BUNNY ST,WATERLOO QUAY,,Non-Injury Crash,No,2016,0.0,West,0.0,0,0.0,Flat,0.0,,0.0,,0.0,Unknown,2122700,0,0.0,0.0,2.0,0.0,0.0,0.0,0.0,1.0,,0.0,0.0,Wellington Region,Nil,2-way,Sealed,0.0,0.0,0,0.0,50.0,0.0,Null,0.0,0.0,,47,Wellington City,Unknown,0.0,0.0,0.0,0.0,1.0,0.0,Urban,1.0,0.0,0.0,Null,Null,0
67430830,,573000,0.0,,0.0,2.0,,North,2015/2016,SH 1N,SOUTH PORTAL,,Non-Injury Crash,Yes,2016,,South,,0,,Flat,,,,,,Dark,2128700,0,0.0,0.0,3.0,,,0.0,,,,,,Wellington Region,Nil,2-way,Sealed,,0.0,0,,60.0,,On,0.0,0.0,,47,Wellington City,Unknown,,,,,0.0,0.0,Urban,0.0,,,Fine,Null,0
67430926,,576500,0.0,0.0,0.0,1.0,0.0,North,2016/2017,HANSON ST,JOHN ST,,Non-Injury Crash,No,2016,0.0,South,0.0,0,0.0,Flat,0.0,,0.0,,0.0,Dark,2148500,0,0.0,0.0,2.0,0.0,0.0,0.0,0.0,1.0,,0.0,0.0,Wellington Region,Nil,2-way,Sealed,0.0,0.0,0,0.0,50.0,0.0,On,1.0,0.0,,47,Wellington City,Unknown,0.0,0.0,0.0,0.0,0.0,0.0,Urban,0.0,0.0,0.0,Fine,Null,0
67431326,,573511,0.0,,0.0,2.0,,South,2015/2016,SH 1N,TAWA OFF NBD,,Non-Injury Crash,Yes,2016,,North,,0,,Flat,,,,,,Bright sun,2086203,0,0.0,0.0,2.0,,,0.0,,,,,,Wellington Region,Nil,1-way,Sealed,,0.0,0,,100.0,,Null,0.0,0.0,,47,Wellington City,Unknown,,,,,0.0,0.0,Open,0.0,,,Fine,Null,0
67431454,,573000,0.0,,0.0,2.0,,Null,2015/2016,GHUZNEE ST,BULLER ST,,Non-Injury Crash,No,2016,,West,,0,,Hill Road,,,,,,Bright sun,2129600,0,0.0,0.0,2.0,,,0.0,,,,,,Wellington Region,Nil,2-way,Sealed,,0.0,0,,50.0,,Null,0.0,0.0,,47,Wellington City,Stop,,,,,0.0,0.0,Urban,0.0,,,Fine,Null,0
67431462,,573522,0.0,0.0,0.0,1.0,0.0,South,2015/2016,SH 1N,TAWA ON NBD,,Non-Injury Crash,Yes,2016,0.0,North,0.0,0,0.0,Hill Road,1.0,,0.0,,0.0,Overcast,2053703,0,0.0,0.0,2.0,0.0,0.0,0.0,0.0,0.0,,0.0,0.0,Wellington Region,Nil,1-way,Sealed,0.0,0.0,0,0.0,100.0,0.0,Null,0.0,0.0,,47,Wellington City,Unknown,0.0,0.0,0.0,0.0,0.0,0.0,Open,0.0,0.0,0.0,Light rain,Null,0
67431614,,573101,0.0,,0.0,0.0,,North,2016/2017,BLAIR ST,COURTENAY PLACE,,Minor Crash,No,2017,,North,,0,,Flat,,,,,,Dark,2135700,1,0.0,0.0,2.0,,,0.0,,,1.0,,,Wellington Region,Nil,2-way,Sealed,,0.0,0,,50.0,,On,0.0,0.0,,47,Wellington City,Unknown,,,,,0.0,0.0,Urban,1.0,,,Fine,Null,0
67431798,,573101,0.0,0.0,0.0,1.0,0.0,East,2015/2016,DIXON ST,EVA ST,,Non-Injury Crash,No,2016,0.0,East,0.0,0,0.0,Flat,0.0,,1.0,,0.0,Dark,2133300,0,0.0,0.0,2.0,0.0,0.0,0.0,0.0,0.0,,0.0,0.0,Wellington Region,Nil,1-way,Sealed,0.0,0.0,0,0.0,50.0,0.0,On,0.0,0.0,,47,Wellington City,Nil,0.0,0.0,0.0,0.0,0.0,0.0,Urban,0.0,0.0,0.0,Fine,Null,0
67432046,,577500,0.0,0.0,0.0,2.0,0.0,East,2015/2016,MARINE PARADE,FERRY ST,,Non-Injury Crash,No,2016,0.0,East,0.0,0,0.0,Flat,0.0,,0.0,,0.0,Dark,2210600,0,0.0,0.0,2.0,0.0,0.0,0.0,0.0,1.0,,0.0,0.0,Wellington Region,Nil,2-way,Sealed,0.0,0.0,0,0.0,50.0,0.0,On,0.0,0.0,,47,Wellington City,Give way,0.0,0.0,0.0,0.0,0.0,0.0,Urban,0.0,0.0,0.0,Fine,Null,0
67432174,,573903,0.0,0.0,0.0,2.0,0.0,East,2016/2017,BATCHELOR ST,SHRIMPTON WAY,,Non-Injury Crash,No,2016,0.0,West,0.0,0,0.0,Hill Road,0.0,,0.0,,0.0,Dark,2073700,0,0.0,0.0,2.0,0.0,0.0,0.0,0.0,1.0,,0.0,0.0,Wellington Region,Nil,2-way,Sealed,0.0,0.0,0,0.0,50.0,0.0,On,0.0,0.0,,47,Wellington City,Give way,0.0,0.0,0.0,0.0,0.0,0.0,Urban,0.0,0.0,0.0,Fine,Null,0
67432238,,573300,1.0,,0.0,1.0,,North,2017/2018,HOPPER ST,ARLINGTON ST,,Serious Crash,No,2017,,North,,0,,Hill Road,,Christmas New Year,,,,Bright sun,2144300,0,0.0,0.0,2.0,,,0.0,,,,,,Wellington Region,Nil,2-way,Sealed,,0.0,1,,50.0,,Null,0.0,0.0,,47,Wellington City,Unknown,,,,,0.0,0.0,Urban,0.0,,,Fine,Null,0
67432422,,576001,0.0,,0.0,1.0,,Null,2015/2016,THE PARADE,TAMAR ST,,Non-Injury Crash,No,2016,,North,,0,,Null,,,,,,Bright sun,2193400,0,0.0,0.0,2.0,,,0.0,,,,,,Wellington Region,Nil,2-way,Sealed,,0.0,0,,50.0,,None,0.0,0.0,,47,Wellington City,Give way,,,,,0.0,0.0,Urban,1.0,,,Fine,Null,0
67432518,,572900,1.0,,0.0,1.0,,South,2016/2017,THORNDON QUAY,MOORE ST,,Minor Crash,No,2017,,South,,0,,Flat,,,,,,Overcast,2121500,1,0.0,0.0,3.0,,,0.0,,,,,,Wellington Region,Nil,2-way,Sealed,,0.0,0,,50.0,,Null,0.0,0.0,,47,Wellington City,Unknown,,,,,0.0,0.0,Urban,0.0,,,Light rain,Null,0
67433174,,574002,0.0,0.0,0.0,1.0,0.0,Null,2016/2017,CENTENNIAL SBD,JARDEN MILE,,Minor Crash,Yes,2017,0.0,West,0.0,0,0.0,Flat,1.0,Queens Birthday,0.0,,0.0,Overcast,2078302,1,0.0,0.0,2.0,0.0,0.0,0.0,0.0,0.0,,0.0,0.0,Wellington Region,Nil,1-way,Sealed,0.0,0.0,0,0.0,80.0,0.0,Null,0.0,0.0,,47,Wellington City,Traffic Signals,0.0,0.0,0.0,0.0,0.0,0.0,Open,0.0,0.0,0.0,Light rain,Null,0
67433366,,576400,0.0,,0.0,0.0,,East,2016/2017,MEIN ST,RIDDIFORD ST,,Non-Injury Crash,No,2016,,West,,0,,Hill Road,,,,,,Overcast,2166900,0,0.0,0.0,2.0,,,0.0,,,1.0,,,Wellington Region,Nil,2-way,Sealed,,0.0,0,,40.0,,Null,0.0,0.0,,47,Wellington City,Unknown,,,,,0.0,0.0,Urban,1.0,,,Fine,Null,0
67433414,,576600,0.0,,0.0,2.0,,East,2015/2016,ORIENTAL TERRACE,MOELLER ST,,Non-Injury Crash,No,2016,,East,,0,,Hill Road,,,,,,Bright sun,2138000,0,0.0,0.0,2.0,,,0.0,,,,,,Wellington Region,Nil,2-way,Sealed,,0.0,0,,50.0,,Null,0.0,0.0,,47,Wellington City,Unknown,,,,,0.0,0.0,Urban,0.0,,,Fine,Null,0
67433670,,573903,0.0,,0.0,2.0,,North,2015/2016,NEWLANDS ROAD,BLACK ROCK ROAD,,Non-Injury Crash,No,2016,,South,,0,,Hill Road,,,,,,Dark,2074600,0,0.0,0.0,2.0,,,0.0,,,,,,Wellington Region,Nil,2-way,Sealed,,0.0,0,,50.0,,On,0.0,0.0,,47,Wellington City,Unknown,,,,,1.0,0.0,Urban,0.0,,,Fine,Null,0
67433710,,575300,0.0,,1.0,0.0,,North,2016/2017,KELBURN PARADE,GLASGOW ST,,Non-Injury Crash,No,2016,,North,,0,,Hill Road,,,,,,Dark,2155300,0,0.0,0.0,2.0,,,0.0,,,,,,Wellington Region,Nil,2-way,Sealed,,0.0,0,,50.0,,On,1.0,0.0,,47,Wellington City,Unknown,,,,,0.0,0.0,Urban,0.0,,,Fine,Null,0
67433910,,573300,0.0,0.0,0.0,1.0,0.0,South,2016/2017,TARANAKI ST,HILL LANE,,Non-Injury Crash,No,2016,0.0,South,0.0,0,0.0,Hill Road,0.0,,0.0,,0.0,Overcast,2145300,0,0.0,0.0,2.0,0.0,0.0,0.0,0.0,1.0,,0.0,0.0,Wellington Region,Nil,2-way,Sealed,0.0,0.0,0,0.0,50.0,0.0,Null,1.0,0.0,,47,Wellington City,Unknown,0.0,0.0,0.0,0.0,0.0,0.0,Urban,0.0,0.0,0.0,Heavy rain,Strong wind,0
67434118,,574002,0.0,,0.0,2.0,,East,2016/2017,SH 1N,SH 2,,Non-Injury Crash,Yes,2016,,South,,0,,Hill Road,,,,,,Overcast,2078302,0,0.0,0.0,2.0,,,0.0,,,,,,Wellington Region,Motorway ramp,1-way,Sealed,,0.0,0,,80.0,,Null,0.0,0.0,,47,Wellington City,Unknown,,,,,0.0,0.0,Open,0.0,,,Light rain,Null,0
67434206,,577601,0.0,0.0,0.0,1.0,0.0,South,2016/2017,MASSEY ROAD,PT GORDON,,Minor Crash,No,2017,0.0,West,0.0,0,0.0,Flat,1.0,,0.0,,0.0,Dark,2200800,2,0.0,0.0,2.0,0.0,0.0,0.0,0.0,0.0,,0.0,0.0,Wellington Region,Nil,2-way,Sealed,0.0,0.0,0,0.0,40.0,0.0,None,0.0,0.0,,47,Wellington City,Unknown,0.0,0.0,0.0,0.0,0.0,0.0,Urban,0.0,0.0,0.0,Fine,Null,0