OBJECTID,advisorySpeed,areaUnitID,bicycle,bridge,bus,carStationWagon,cliffBank,crashDirectionDescription,crashFinancialYear,crashLocation1,crashLocation2,crashRoadSideRoad,crashSeverity,crashSHDescription,crashYear,debris,directionRoleDescription,ditch,fatalCount,fence,flatHill,guardRail,holiday,houseOrBuilding,intersection,kerb,light,meshblockId,minorInjuryCount,moped,motorcycle,NumberOfLanes,objectThrownOrDropped,otherObject,otherVehicleType,overBank,parkedVehicle,pedestrian,phoneBoxEtc,postOrPole,region,roadCharacter,roadLane,roadSurface,roadworks,schoolBus,seriousInjuryCount,slipOrFlood,speedLimit,strayAnimal,streetLight,suv,taxi,temporarySpeedLimit,tlaId,tlaName,trafficControl,trafficIsland,trafficSign,train,tree,truck,unknownVehicleType,urban,vanOrUtility,vehicle,waterRiver,weatherA,weatherB,if_pandemic
67434454,,573802,0.0,,0.0,4.0,,South,2016/2017,SH 1N,NEWLANDS OFF SBD,,Non-Injury Crash,Yes,2016,,North,,0,,Hill Road,,,,,,Dark,2078701,0,0.0,0.0,3.0,,,0.0,,,,,,Wellington Region,Nil,1-way,Sealed,,0.0,0,,60.0,,On,0.0,0.0,,47,Wellington City,Unknown,,,,,0.0,0.0,Urban,0.0,,,Fine,Null,0
67434574,,577302,0.0,,0.0,1.0,,North,2016/2017,PARK ROAD,MIRAMAR AVENUE,,Non-Injury Crash,No,2017,,West,,0,,Flat,,,,,,Bright sun,2206102,0,0.0,0.0,1.0,,,0.0,,,,,,Wellington Region,Nil,1-way,Sealed,,0.0,0,,10.0,,Off,0.0,0.0,,47,Wellington City,Unknown,,,,,0.0,0.0,Urban,1.0,,,Fine,Null,0
67434830,,575300,0.0,,0.0,1.0,,West,2015/2016,SALAMANCA ROAD,MOUNT ST,,Non-Injury Crash,No,2016,,South,,0,,Flat,,,,,,Overcast,2155300,0,0.0,0.0,2.0,,,0.0,,,,,,Wellington Region,Nil,2-way,Sealed,,0.0,0,,50.0,,Null,0.0,0.0,,47,Wellington City,Unknown,,,,,0.0,0.0,Urban,1.0,,,Light rain,Null,0
67435862,,573101,0.0,,0.0,1.0,,West,2016/2017,DIXON ST,EVA ST,,Non-Injury Crash,No,2016,,West,,0,,Flat,,,,,,Overcast,2133300,0,0.0,0.0,2.0,,,0.0,,,,,,Wellington Region,Nil,1-way,Sealed,,0.0,0,,50.0,,Null,0.0,0.0,,47,Wellington City,Unknown,,,,,0.0,0.0,Urban,1.0,,,Fine,Null,0
67436174,,573901,0.0,0.0,0.0,1.0,0.0,North,2015/2016,BRACKEN ROAD,TREBANN ST,,Non-Injury Crash,No,2016,0.0,North,0.0,0,0.0,Flat,0.0,,0.0,,0.0,Overcast,2073300,0,0.0,0.0,2.0,0.0,0.0,0.0,0.0,1.0,,0.0,0.0,Wellington Region,Nil,2-way,Sealed,0.0,0.0,0,0.0,50.0,0.0,Null,0.0,0.0,,47,Wellington City,Unknown,0.0,0.0,0.0,0.0,1.0,0.0,Urban,0.0,0.0,0.0,Fine,Null,0
67436430,,573101,0.0,,0.0,1.0,,South,2016/2017,JERVOIS QUAY,HARRIS ST,,Non-Injury Crash,No,2016,,North,,0,,Flat,,,,,,Bright sun,2133000,0,0.0,0.0,6.0,,,0.0,,,,,,Wellington Region,Nil,2-way,Sealed,,0.0,0,,50.0,,Null,0.0,0.0,,47,Wellington City,Unknown,,,,,1.0,0.0,Urban,0.0,,,Fine,Frost,0
67436454,,573000,0.0,,0.0,1.0,,North,2017/2018,THE TERRACE,VIVIAN ST,,Minor Crash,No,2017,,North,,0,,Hill Road,,,,,,Bright sun,2129800,1,0.0,0.0,2.0,,,0.0,,,1.0,,,Wellington Region,Nil,2-way,Sealed,,0.0,0,,50.0,,Null,0.0,0.0,,47,Wellington City,Unknown,,,,,0.0,0.0,Urban,0.0,,,Fine,Null,0
67436734,,574402,0.0,,0.0,2.0,,North,2015/2016,KENYA ST,MELBA AVENUE,,Non-Injury Crash,No,2016,,South,,0,,Flat,,,,,,Bright sun,2098100,0,0.0,0.0,2.0,,,0.0,,,,,,Wellington Region,Nil,2-way,Sealed,,0.0,0,,50.0,,Null,0.0,1.0,,47,Wellington City,Unknown,,,,,0.0,0.0,Urban,0.0,,,Fine,Null,0
67436750,,574500,0.0,,0.0,1.0,,North,2016/2017,SH 1N,AOTEA OFF SBD,,Non-Injury Crash,Yes,2016,,South,,0,,Flat,,,,,,Dark,2093400,0,0.0,0.0,4.0,,,0.0,,,,,,Wellington Region,Nil,1-way,Sealed,,0.0,0,,80.0,,On,0.0,0.0,,47,Wellington City,Unknown,,,,,1.0,0.0,Open,0.0,,,Fine,Null,0
67436822,,573300,0.0,,0.0,3.0,,North,2015/2016,WALLACE ST,HARGREAVES ST,,Non-Injury Crash,No,2016,,North,,0,,Flat,,,,,,Bright sun,2146500,0,0.0,0.0,2.0,,,0.0,,,,,,Wellington Region,Nil,2-way,Sealed,,0.0,0,,50.0,,Off,0.0,0.0,,47,Wellington City,Give way,,,,,0.0,0.0,Urban,0.0,,,Fine,Null,0
67436854,,576500,0.0,,0.0,1.0,,Null,2015/2016,SH 1N,ADELAIDE ROAD,,Non-Injury Crash,Yes,2016,,North,,0,,Hill Road,,,,,,Bright sun,2147900,0,0.0,0.0,3.0,,,0.0,,,,,,Wellington Region,Nil,1-way,Sealed,,0.0,0,,50.0,,Null,1.0,0.0,,47,Wellington City,Traffic Signals,,,,,0.0,0.0,Urban,0.0,,,Null,Null,0
67436910,,573101,0.0,0.0,0.0,0.0,0.0,South,2015/2016,TORY ST,CABLE ST,,Non-Injury Crash,No,2016,0.0,North,0.0,0,0.0,Flat,0.0,,1.0,,0.0,Bright sun,2135400,0,0.0,0.0,2.0,0.0,0.0,0.0,0.0,0.0,,0.0,0.0,Wellington Region,Nil,2-way,Sealed,0.0,0.0,0,0.0,50.0,0.0,Null,0.0,0.0,,47,Wellington City,Unknown,0.0,0.0,0.0,0.0,1.0,0.0,Urban,0.0,0.0,0.0,Fine,Null,0
67437094,,573700,0.0,,0.0,2.0,,Null,2016/2017,MOOREFIELD ROAD,BRODERICK ROAD,,Non-Injury Crash,No,2016,,North,,0,,Flat,,,,,,Overcast,2082700,0,0.0,0.0,3.0,,,0.0,,,,,,Wellington Region,Nil,2-way,Sealed,,0.0,0,,50.0,,Off,0.0,0.0,,47,Wellington City,Traffic Signals,,,,,0.0,0.0,Urban,0.0,,,Fine,Null,0
67437270,,573101,0.0,,0.0,2.0,,Null,2016/2017,TARANAKI ST,WAKEFIELD ST,,Non-Injury Crash,No,2016,,West,,0,,Null,,Labour Weekend,,,,Overcast,2133200,0,0.0,0.0,5.0,,,0.0,,,,,,Wellington Region,Nil,2-way,Sealed,,0.0,0,,50.0,,Null,0.0,0.0,,47,Wellington City,Traffic Signals,,,,,0.0,0.0,Urban,0.0,,,Fine,Null,0
67437310,,573101,0.0,0.0,1.0,1.0,0.0,West,2016/2017,COURTENAY PLACE,TORY ST,,Non-Injury Crash,No,2016,0.0,East,0.0,0,0.0,Flat,0.0,,0.0,,0.0,Bright sun,2135600,0,0.0,0.0,2.0,0.0,0.0,0.0,0.0,1.0,,0.0,0.0,Wellington Region,Nil,1-way,Sealed,0.0,0.0,0,0.0,30.0,0.0,Null,0.0,0.0,,47,Wellington City,Unknown,0.0,0.0,0.0,0.0,0.0,0.0,Urban,0.0,0.0,0.0,Fine,Null,0
67437838,,573802,0.0,0.0,0.0,2.0,0.0,West,2016/2017,BURGESS ROAD,ARTHUR CARMAN ST,,Non-Injury Crash,No,2016,0.0,West,0.0,0,0.0,Hill Road,0.0,,0.0,,0.0,Bright sun,2079100,0,0.0,0.0,2.0,0.0,0.0,0.0,0.0,1.0,,0.0,0.0,Wellington Region,Nil,2-way,Sealed,0.0,0.0,0,0.0,50.0,0.0,Null,0.0,0.0,,47,Wellington City,Nil,0.0,0.0,0.0,0.0,0.0,0.0,Urban,0.0,0.0,0.0,Fine,Null,0
67438381,,573600,0.0,,0.0,2.0,,Null,2015/2016,OHARIU ROAD,CLIFFORD ROAD,,Non-Injury Crash,No,2016,,South,,0,,Flat,,,,,,Dark,2080400,0,0.0,0.0,2.0,,,0.0,,,,,,Wellington Region,Nil,2-way,Sealed,,0.0,0,,50.0,,On,0.0,0.0,,47,Wellington City,Nil,,,,,0.0,0.0,Urban,0.0,,,Light rain,Null,0
67438653,,576901,0.0,,0.0,2.0,,East,2017/2018,SH 1N,EVANS BAY PARADE,,Minor Crash,Yes,2017,,North,,0,,Flat,,,,,,Bright sun,2176800,1,0.0,0.0,4.0,,,0.0,,,,,,Wellington Region,Nil,2-way,Sealed,,0.0,0,,70.0,,Null,0.0,0.0,,47,Wellington City,Unknown,,,,,0.0,0.0,Urban,1.0,,,Fine,Null,0
67439037,,576901,0.0,,0.0,2.0,,West,2015/2016,SH 1N,TROY ST,,Non-Injury Crash,Yes,2016,,West,,0,,Flat,,,,,,Twilight,2176800,0,0.0,0.0,2.0,,,0.0,,,,,,Wellington Region,Nil,1-way,Sealed,,0.0,0,,70.0,,Off,0.0,0.0,,47,Wellington City,Unknown,,,,,0.0,0.0,Urban,0.0,,,Fine,Null,0
67439229,,576301,0.0,0.0,0.0,0.0,0.0,South,2016/2017,RIDDIFORD ST,GORDON ST,,Non-Injury Crash,No,2016,0.0,South,0.0,0,0.0,Flat,0.0,,1.0,,0.0,Overcast,2165700,0,0.0,0.0,2.0,0.0,0.0,0.0,0.0,0.0,,0.0,0.0,Wellington Region,Nil,2-way,Sealed,0.0,0.0,0,0.0,40.0,0.0,Null,0.0,0.0,,47,Wellington City,Nil,0.0,0.0,0.0,0.0,1.0,0.0,Urban,0.0,0.0,0.0,Fine,Null,0
67439277,,576903,0.0,0.0,0.0,3.0,0.0,North,2015/2016,KUPE ST,HAMILTON ROAD,,Non-Injury Crash,No,2016,0.0,South,0.0,0,0.0,Flat,0.0,,0.0,,0.0,Dark,2181500,0,0.0,0.0,2.0,0.0,0.0,0.0,0.0,1.0,,0.0,0.0,Wellington Region,Nil,2-way,Sealed,0.0,0.0,0,0.0,50.0,0.0,On,0.0,0.0,,47,Wellington City,Unknown,0.0,0.0,0.0,0.0,0.0,0.0,Urban,0.0,0.0,0.0,Fine,Null,0
67439717,,572900,0.0,,0.0,2.0,,North,2015/2016,SH 1N,AOTEA OFF SBD,,Non-Injury Crash,Yes,2016,,South,,0,,Flat,,,,,,Bright sun,2118400,0,0.0,0.0,3.0,,,0.0,,,,,,Wellington Region,Nil,1-way,Sealed,,0.0,0,,100.0,,Null,0.0,0.0,,47,Wellington City,Unknown,,,,,0.0,0.0,Open,0.0,,,Fine,Null,0
67439885,,573700,0.0,0.0,0.0,1.0,0.0,South,2015/2016,SH 1N,JOHNSONVILLE OFF NBD,,Non-Injury Crash,Yes,2016,0.0,North,0.0,0,0.0,Hill Road,1.0,,0.0,,0.0,Bright sun,2083100,0,0.0,0.0,3.0,0.0,0.0,0.0,0.0,0.0,,0.0,0.0,Wellington Region,Nil,1-way,Sealed,0.0,0.0,0,0.0,80.0,0.0,Null,0.0,0.0,,47,Wellington City,Unknown,0.0,0.0,0.0,0.0,0.0,0.0,Open,0.0,0.0,0.0,Fine,Null,0
67439901,,573400,0.0,,0.0,1.0,,Null,2015/2016,SH 1N,WEST PORTAL,,Non-Injury Crash,Yes,2016,,East,,0,,Flat,,,,,,Bright sun,2143300,0,0.0,0.0,3.0,,,0.0,,,,,,Wellington Region,Nil,2-way,Sealed,,0.0,0,,50.0,,Null,0.0,0.0,,47,Wellington City,Unknown,,,,,0.0,0.0,Urban,1.0,,,Fine,Null,0
67440189,,576901,0.0,0.0,1.0,0.0,0.0,East,2016/2017,RONGOTAI ROAD,CHILDERS TERRACE,,Non-Injury Crash,No,2016,0.0,West,0.0,0,0.0,Flat,0.0,,0.0,,0.0,Bright sun,2178400,0,0.0,0.0,2.0,0.0,0.0,0.0,0.0,1.0,,0.0,0.0,Wellington Region,Nil,2-way,Sealed,0.0,0.0,0,0.0,30.0,0.0,Null,1.0,0.0,,47,Wellington City,Unknown,0.0,0.0,0.0,0.0,0.0,0.0,Urban,0.0,0.0,0.0,Fine,Null,0
67440765,,577102,0.0,0.0,0.0,2.0,0.0,East,2015/2016,TUKANAE ST,RAUKAWA ST,,Non-Injury Crash,No,2016,0.0,West,0.0,0,0.0,Hill Road,0.0,Queens Birthday,0.0,,0.0,Overcast,2216000,0,0.0,0.0,2.0,0.0,0.0,0.0,0.0,1.0,,0.0,0.0,Wellington Region,Nil,2-way,Sealed,0.0,0.0,0,0.0,50.0,0.0,Null,0.0,0.0,,47,Wellington City,Unknown,0.0,0.0,0.0,0.0,0.0,0.0,Urban,0.0,0.0,0.0,Fine,Null,0
67440829,,576301,0.0,,0.0,2.0,,Null,2015/2016,WARIPORI ST,RINTOUL ST,,Non-Injury Crash,No,2016,,East,,0,,Flat,,,,,,Bright sun,2165800,0,0.0,0.0,2.0,,,0.0,,,,,,Wellington Region,Nil,2-way,Sealed,,0.0,0,,40.0,,Null,0.0,0.0,,47,Wellington City,Traffic Signals,,,,,0.0,0.0,Urban,0.0,,,Fine,Null,0
67440869,,576600,0.0,,0.0,0.0,,Null,2017/2018,MOELLER ST,SHANNON ST,,Serious Crash,No,2017,,North,,0,,Hill Road,,,,,,Bright sun,2138000,0,1.0,0.0,2.0,,,0.0,,,,,,Wellington Region,Nil,2-way,Sealed,,0.0,1,,50.0,,Null,0.0,0.0,,47,Wellington City,Nil,,,,,0.0,0.0,Urban,1.0,,,Fine,Null,0
67441165,,576903,0.0,,0.0,1.0,,Null,2015/2016,CHILDERS TERRACE,CRAWFORD ROAD,,Non-Injury Crash,No,2016,,North,,0,,Hill Road,,,,,,Bright sun,2179200,0,0.0,1.0,2.0,,,0.0,,,,,,Wellington Region,Nil,2-way,Sealed,,0.0,0,,50.0,,Null,0.0,0.0,,47,Wellington City,Stop,,,,,0.0,0.0,Urban,0.0,,,Fine,Null,0
67441189,,576200,0.0,,0.0,1.0,,Null,2016/2017,ADELAIDE ROAD,LUXFORD ST,,Non-Injury Crash,No,2016,,South,,0,,Flat,,,,,,Overcast,2171200,0,0.0,0.0,3.0,,,0.0,,,,,,Wellington Region,Nil,2-way,Sealed,,0.0,0,,50.0,,Null,0.0,0.0,,47,Wellington City,Give way,,,,,0.0,0.0,Urban,1.0,,,Fine,Null,0
67441301,,573000,0.0,,0.0,2.0,,South,2016/2017,SH 1N,SOUTH PORTAL,,Non-Injury Crash,Yes,2017,,North,,0,,Hill Road,,,,,,Bright sun,2129600,0,0.0,0.0,2.0,,,0.0,,,,,,Wellington Region,Nil,1-way,Sealed,,0.0,0,,70.0,,Null,0.0,0.0,,47,Wellington City,Unknown,,,,,0.0,0.0,Urban,0.0,,,Fine,Null,0
67441437,,573101,0.0,,0.0,2.0,,North,2015/2016,SLIP,SH 1N,,Non-Injury Crash,No,2016,,South,,0,,Flat,,Queens Birthday,,,,Dark,2131700,0,0.0,0.0,3.0,,,0.0,,,,,,Wellington Region,Nil,1-way,Sealed,,0.0,0,,50.0,,On,0.0,0.0,,47,Wellington City,Traffic Signals,,,,,0.0,0.0,Urban,0.0,,,Null,Null,0
67441749,,573000,0.0,,0.0,2.0,,East,2015/2016,BRANDON ST,FEATHERSTON ST,,Non-Injury Crash,No,2015,,West,,0,,Flat,,,,,,Bright sun,2125500,0,0.0,0.0,2.0,,,0.0,,,,,,Wellington Region,Nil,2-way,Sealed,,0.0,0,,50.0,,Null,0.0,1.0,,47,Wellington City,Traffic Signals,,,,,0.0,0.0,Urban,0.0,,,Fine,Null,0
67442141,,573300,0.0,,0.0,2.0,,Null,2014/2015,SH 1N,ELLICE ST,,Non-Injury Crash,Yes,2015,,East,,0,,Flat,,,,,,Dark,2145602,0,0.0,0.0,3.0,,,0.0,,,,,,Wellington Region,Nil,1-way,Sealed,,0.0,0,,50.0,,On,0.0,0.0,,47,Wellington City,Give way,,,,,0.0,0.0,Urban,0.0,,,Fine,Null,0
67442421,,574303,0.0,,0.0,2.0,,East,2015/2016,FRASER AVENUE,BURMA ROAD,,Non-Injury Crash,No,2015,,West,,0,,Flat,,,,,,Overcast,2088704,0,0.0,0.0,2.0,,,0.0,,,,,,Wellington Region,Nil,2-way,Sealed,,0.0,0,,50.0,,Null,0.0,0.0,,47,Wellington City,Give way,,,,,0.0,0.0,Urban,0.0,,,Light rain,Null,0
67442597,,574303,0.0,,0.0,4.0,,North,2015/2016,SH 1N,AOTEA ON NBD,,Minor Crash,Yes,2015,,North,,0,,Flat,,,,,,Dark,2090402,1,0.0,0.0,3.0,,,0.0,,,,,,Wellington Region,Nil,1-way,Sealed,,0.0,0,,100.0,,On,0.0,0.0,70.0,47,Wellington City,Unknown,,,,,0.0,0.0,Open,0.0,,,Fine,Null,0
67442645,,573000,0.0,0.0,0.0,2.0,0.0,North,2014/2015,THE TERRACE,DIXON ST,,Non-Injury Crash,No,2015,0.0,North,0.0,0,0.0,Flat,0.0,,0.0,,0.0,Dark,2128200,0,0.0,0.0,2.0,0.0,0.0,0.0,0.0,1.0,,0.0,0.0,Wellington Region,Nil,2-way,Sealed,0.0,0.0,0,0.0,50.0,0.0,On,0.0,0.0,,47,Wellington City,Unknown,0.0,0.0,0.0,0.0,0.0,0.0,Urban,0.0,0.0,0.0,Fine,Null,0
67443093,,572701,0.0,0.0,0.0,1.0,0.0,South,2014/2015,BEAUCHAMP ST,LINDEN AVENUE,,Non-Injury Crash,No,2015,0.0,North,0.0,0,1.0,Flat,0.0,,0.0,,0.0,Bright sun,1994200,0,0.0,0.0,0.0,0.0,0.0,0.0,0.0,0.0,,0.0,0.0,Wellington Region,Nil,2-way,Sealed,0.0,0.0,0,0.0,50.0,0.0,Null,0.0,0.0,,47,Wellington City,Give way,0.0,0.0,0.0,1.0,0.0,0.0,Urban,0.0,0.0,0.0,Fine,Null,0
67443324,,573101,0.0,,0.0,2.0,,Null,2014/2015,TARANAKI ST,MARTIN SQUARE S,,Non-Injury Crash,No,2015,,South,,0,,Flat,,Easter,,,,Overcast,2134700,0,0.0,0.0,2.0,,,0.0,,,,,,Wellington Region,Nil,2-way,Sealed,,0.0,0,,50.0,,Off,0.0,0.0,,47,Wellington City,Give way,,,,,0.0,0.0,Urban,0.0,,,Fine,Null,0
67444060,,573101,0.0,,0.0,2.0,,West,2014/2015,GHUZNEE ST,VICTORIA ST,,Non-Injury Crash,No,2015,,East,,0,,Flat,,,,,,Bright sun,2131400,0,0.0,0.0,3.0,,,0.0,,,,,,Wellington Region,Nil,2-way,Sealed,,0.0,0,,50.0,,Null,0.0,0.0,,47,Wellington City,Unknown,,,,,0.0,0.0,Urban,0.0,,,Fine,Null,0
67444380,,573000,0.0,,0.0,0.0,,Null,2015/2016,CUSTOMHOUSE QUAY,JOHNSTON ST,,Serious Crash,No,2016,,North,,0,,Flat,,,,,,Twilight,2124300,0,0.0,1.0,6.0,,,0.0,,,,,,Wellington Region,Nil,2-way,Sealed,,0.0,1,,50.0,,Off,0.0,0.0,,47,Wellington City,Traffic Signals,,,,,0.0,0.0,Urban,1.0,,,Fine,Null,0
67444620,,576903,0.0,,0.0,2.0,,West,2015/2016,BELVEDERE ROAD,EVANS BAY PARADE,,Non-Injury Crash,No,2015,,South,,0,,Flat,,,,,,Bright sun,2179800,0,0.0,0.0,2.0,,,0.0,,,,,,Wellington Region,Nil,1-way,Sealed,,0.0,0,,50.0,,Null,0.0,0.0,,47,Wellington City,Nil,,,,,0.0,0.0,Urban,0.0,,,Fine,Null,0
67444684,,575200,0.0,,0.0,3.0,,East,2015/2016,GARDEN ROAD,CRIEFF ST,,Non-Injury Crash,No,2015,,South,,0,,Hill Road,,,,,,Dark,2150300,0,0.0,0.0,2.0,,,0.0,,,,,,Wellington Region,Nil,2-way,Sealed,,0.0,0,,50.0,,On,0.0,0.0,,47,Wellington City,Nil,,,,,0.0,0.0,Urban,0.0,,,Fine,Null,0
67444708,,574100,0.0,,0.0,2.0,,East,2014/2015,BRODERICK ROAD,CORTINA AVENUE,,Non-Injury Crash,No,2015,,East,,0,,Flat,,,,,,Bright sun,2085600,0,0.0,0.0,2.0,,,0.0,,,,,,Wellington Region,Nil,2-way,Sealed,,0.0,0,,50.0,,Null,0.0,0.0,,47,Wellington City,Nil,,,,,0.0,0.0,Urban,0.0,,,Fine,Null,0
67444756,,576600,1.0,,0.0,1.0,,West,2014/2015,ORIENTAL PARADE,ORIENTAL TERRACE,,Non-Injury Crash,No,2015,,East,,0,,Flat,,,,,,Bright sun,2137900,0,0.0,0.0,2.0,,,0.0,,,,,,Wellington Region,Nil,2-way,Sealed,,0.0,0,,40.0,,Null,0.0,0.0,,47,Wellington City,Unknown,,,,,0.0,0.0,Urban,0.0,,,Fine,Null,0
67444916,,573300,0.0,0.0,0.0,2.0,0.0,Null,2015/2016,THOMPSON ST,WEBB ST,,Non-Injury Crash,No,2016,0.0,South,0.0,0,0.0,Flat,0.0,,0.0,,0.0,Bright sun,2144101,0,0.0,0.0,2.0,0.0,0.0,0.0,0.0,1.0,,0.0,0.0,Wellington Region,Nil,2-way,Sealed,0.0,0.0,0,0.0,50.0,0.0,Null,0.0,0.0,,47,Wellington City,Stop,0.0,0.0,0.0,0.0,0.0,0.0,Urban,0.0,0.0,0.0,Fine,Null,0
67445012,,573000,0.0,,0.0,0.0,,Null,2015/2016,JERVOIS QUAY,WILLESTON ST,,Minor Crash,No,2015,,South,,0,,Flat,,,,,,Overcast,2124300,1,0.0,0.0,7.0,,,0.0,,,1.0,,,Wellington Region,Nil,2-way,Sealed,,0.0,0,,50.0,,Null,1.0,0.0,,47,Wellington City,Traffic Signals,,,,,0.0,0.0,Urban,0.0,,,Fine,Null,0
67445052,,572900,0.0,,0.0,1.0,,South,2015/2016,MURPHY ST,TURNBULL ST,,Minor Crash,No,2016,,East,,0,,Flat,,,,,,Bright sun,2119000,1,0.0,0.0,2.0,,,0.0,,,1.0,,,Wellington Region,Nil,1-way,Sealed,,0.0,0,,50.0,,Null,0.0,0.0,,47,Wellington City,Stop,,,,,0.0,0.0,Urban,0.0,,,Fine,Null,0
67445060,,574402,1.0,,0.0,0.0,,Null,2016/2017,COLLINGWOOD ST,OTTAWA ROAD,,Minor Crash,No,2016,,West,,0,,Flat,,,,,,Bright sun,2097700,1,0.0,0.0,1.0,,,0.0,,,,,,Wellington Region,Nil,1-way,Sealed,,0.0,0,,50.0,,Null,1.0,0.0,,47,Wellington City,Give way,,,,,0.0,0.0,Urban,0.0,,,Fine,Null,0
67446028,,574100,0.0,0.0,0.0,0.0,0.0,Null,2016/2017,MOOREFIELD ROAD,HAUMIA ST,,Serious Crash,No,2016,0.0,North,0.0,0,0.0,Hill Road,0.0,,0.0,,0.0,Bright sun,2085500,0,0.0,0.0,2.0,0.0,0.0,0.0,0.0,1.0,,0.0,0.0,Wellington Region,Nil,2-way,Sealed,0.0,0.0,2,0.0,50.0,0.0,Null,4.0,0.0,,47,Wellington City,Give way,1.0,1.0,0.0,0.0,0.0,0.0,Urban,0.0,0.0,0.0,Fine,Null,0
67446108,,573101,0.0,,0.0,2.0,,Null,2015/2016,WAKEFIELD ST,TORY ST,,Non-Injury Crash,No,2016,,North,,0,,Flat,,,,,,Dark,2135700,0,0.0,0.0,3.0,,,0.0,,,,,,Wellington Region,Nil,1-way,Sealed,,0.0,0,,50.0,,On,1.0,0.0,,47,Wellington City,Traffic Signals,,,,,0.0,0.0,Urban,0.0,,,Fine,Null,0
67446268,,573101,0.0,,0.0,2.0,,Null,2015/2016,KARO DRIVE,WILLIS ST,,Non-Injury Crash,No,2016,,North,,0,,Flat,,,,,,Dark,2131900,0,0.0,0.0,3.0,,,0.0,,,,,,Wellington Region,Nil,1-way,Sealed,,0.0,0,,50.0,,On,0.0,0.0,,47,Wellington City,Traffic Signals,,,,,0.0,0.0,Urban,0.0,,,Fine,Null,0
67446628,,573101,0.0,,0.0,2.0,,Null,2016/2017,WEBB ST,TORRENS TERRACE,,Non-Injury Crash,No,2016,,East,,0,,Flat,,,,,,Overcast,2135100,0,0.0,0.0,2.0,,,0.0,,,,,,Wellington Region,Nil,2-way,Sealed,,0.0,0,,50.0,,Null,0.0,0.0,,47,Wellington City,Nil,,,,,0.0,0.0,Urban,0.0,,,Fine,Null,0
67446660,,573101,0.0,,0.0,2.0,,East,2015/2016,WAKEFIELD ST,TORY ST,,Non-Injury Crash,No,2016,,West,,0,,Flat,,,,,,Dark,2135700,0,0.0,0.0,3.0,,,0.0,,,,,,Wellington Region,Nil,1-way,Sealed,,0.0,0,,50.0,,On,0.0,1.0,,47,Wellington City,Traffic Signals,,,,,0.0,0.0,Urban,0.0,,,Fine,Null,0
67446700,,574002,0.0,0.0,0.0,0.0,0.0,North,2016/2017,SH 2,HUTT ON NBD,,Minor Crash,Yes,2016,0.0,North,0.0,0,0.0,Flat,1.0,,0.0,,0.0,Bright sun,2078302,1,0.0,0.0,2.0,0.0,0.0,0.0,0.0,0.0,,0.0,0.0,Wellington Region,Nil,1-way,Sealed,0.0,0.0,0,0.0,100.0,0.0,Null,0.0,0.0,,47,Wellington City,Unknown,0.0,0.0,0.0,0.0,0.0,0.0,Open,1.0,0.0,0.0,Fine,Null,0
67446763,,574002,0.0,,0.0,2.0,,South,2015/2016,SH 2,SERVICE STN STH,,Non-Injury Crash,Yes,2015,,North,,0,,Flat,,,,,,Dark,2078302,0,0.0,0.0,4.0,,,0.0,,,,,,Wellington Region,Nil,2-way,Sealed,,0.0,0,,100.0,,On,0.0,0.0,70.0,47,Wellington City,Nil,,,,,0.0,0.0,Open,1.0,,,Fine,Strong wind,0
67446771,,573300,0.0,,0.0,2.0,,North,2015/2016,WALLACE ST,ROLLESTON ST,,Non-Injury Crash,No,2015,,South,,0,,Hill Road,,,,,,Twilight,2145100,0,0.0,0.0,2.0,,,0.0,,,,,,Wellington Region,Nil,2-way,Sealed,,0.0,0,,50.0,,On,0.0,0.0,,47,Wellington City,Unknown,,,,,0.0,0.0,Urban,0.0,,,Fine,Null,0
67446835,,574302,0.0,0.0,0.0,0.0,0.0,North,2015/2016,ONSLOW ROAD,HUTT ROAD,,Minor Crash,No,2016,0.0,North,0.0,0,0.0,Hill Road,0.0,,0.0,,0.0,Overcast,2090500,1,0.0,1.0,2.0,0.0,0.0,0.0,0.0,0.0,,0.0,0.0,Wellington Region,Nil,2-way,Sealed,0.0,0.0,0,1.0,50.0,0.0,Null,0.0,0.0,,47,Wellington City,Unknown,0.0,0.0,0.0,0.0,0.0,0.0,Urban,0.0,0.0,0.0,Heavy rain,Null,0
67446843,,573000,0.0,,0.0,1.0,,North,2016/2017,THE TERRACE,WOODWARD ST,,Minor Crash,No,2016,,South,,0,,Hill Road,,,,,,Bright sun,2124600,1,0.0,0.0,2.0,,,0.0,,,,,,Wellington Region,Nil,2-way,Sealed,,0.0,0,,50.0,,Null,1.0,0.0,,47,Wellington City,Nil,,,,,0.0,0.0,Urban,0.0,,,Fine,Null,0
67446907,,573101,0.0,0.0,0.0,0.0,0.0,Null,2015/2016,WEBB ST,WILLIS ST,,Non-Injury Crash,No,2015,0.0,West,0.0,0,0.0,Flat,0.0,,0.0,,0.0,Dark,2132900,0,0.0,0.0,4.0,0.0,0.0,0.0,0.0,0.0,,0.0,1.0,Wellington Region,Nil,2-way,Sealed,0.0,0.0,0,0.0,50.0,0.0,On,0.0,0.0,,47,Wellington City,Traffic Signals,0.0,0.0,0.0,0.0,1.0,0.0,Urban,0.0,0.0,0.0,Fine,Null,0