OBJECTID,advisorySpeed,areaUnitID,bicycle,bridge,bus,carStationWagon,cliffBank,crashDirectionDescription,crashFinancialYear,crashLocation1,crashLocation2,crashRoadSideRoad,crashSeverity,crashSHDescription,crashYear,debris,directionRoleDescription,ditch,fatalCount,fence,flatHill,guardRail,holiday,houseOrBuilding,intersection,kerb,light,meshblockId,minorInjuryCount,moped,motorcycle,NumberOfLanes,objectThrownOrDropped,otherObject,otherVehicleType,overBank,parkedVehicle,pedestrian,phoneBoxEtc,postOrPole,region,roadCharacter,roadLane,roadSurface,roadworks,schoolBus,seriousInjuryCount,slipOrFlood,speedLimit,strayAnimal,streetLight,suv,taxi,temporarySpeedLimit,tlaId,tlaName,trafficControl,trafficIsland,trafficSign,train,tree,truck,unknownVehicleType,urban,vanOrUtility,vehicle,waterRiver,weatherA,weatherB,if_pandemic
67447211,,573101,0.0,,0.0,1.0,,Null,2015/2016,SH 1N,WILLIS ST,,Non-Injury Crash,Yes,2015,,North,,0,,Flat,,,,,,Bright sun,2131900,0,0.0,0.0,4.0,,,0.0,,,,,,Wellington Region,Nil,1-way,Sealed,,0.0,0,,50.0,,Off,0.0,0.0,,47,Wellington City,Traffic Signals,,,,,1.0,0.0,Urban,0.0,,,Fine,Null,0
67447219,,576400,0.0,,0.0,2.0,,Null,2014/2015,HALL ST,RIDDIFORD ST,,Non-Injury Crash,No,2015,,North,,0,,Flat,,,,,,Overcast,2166900,0,0.0,0.0,3.0,,,0.0,,,,,,Wellington Region,Nil,2-way,Sealed,,0.0,0,,50.0,,Off,0.0,0.0,,47,Wellington City,Traffic Signals,,,,,0.0,0.0,Urban,0.0,,,Light rain,Null,0
67447459,,573903,0.0,,0.0,1.0,,Null,2016/2017,STEWART DRIVE,QUIGLEY ST,,Non-Injury Crash,No,2016,,West,,0,,Hill Road,,,,,,Twilight,2073600,0,0.0,0.0,2.0,,,0.0,,,,,,Wellington Region,Nil,2-way,Sealed,,0.0,0,,50.0,,Off,0.0,0.0,,47,Wellington City,Give way,,,,,0.0,0.0,Urban,1.0,,,Fine,Null,0
67447579,,572900,0.0,0.0,0.0,2.0,0.0,East,2015/2016,HILL ST,PARLIAMENT ST,,Non-Injury Crash,No,2016,0.0,West,0.0,0,0.0,Null,0.0,,0.0,,0.0,Unknown,2120100,0,0.0,0.0,2.0,0.0,0.0,0.0,0.0,1.0,,0.0,0.0,Wellington Region,Bridge,2-way,Sealed,0.0,0.0,0,0.0,50.0,0.0,Null,0.0,0.0,,47,Wellington City,Unknown,0.0,0.0,0.0,0.0,0.0,0.0,Urban,0.0,0.0,0.0,Null,Null,0
67447779,,573101,0.0,,0.0,2.0,,West,2016/2017,WILLIS ST,BOULCOTT ST,,Non-Injury Crash,No,2016,,North,,0,,Hill Road,,,,,,Twilight,2131300,0,0.0,0.0,3.0,,,0.0,,,,,,Wellington Region,Nil,2-way,Sealed,,0.0,0,,30.0,,On,0.0,0.0,,47,Wellington City,Unknown,,,,,0.0,0.0,Urban,0.0,,,Fine,Null,0
67447955,,575600,0.0,0.0,0.0,0.0,0.0,Null,2016/2017,WASHINGTON AVENUE,TAFT ST,,Minor Crash,No,2016,0.0,South,0.0,0,1.0,Hill Road,0.0,,0.0,,0.0,Dark,2162500,1,0.0,0.0,2.0,0.0,0.0,0.0,1.0,0.0,,0.0,0.0,Wellington Region,Nil,2-way,Sealed,0.0,0.0,0,0.0,50.0,0.0,On,1.0,0.0,,47,Wellington City,Unknown,0.0,0.0,0.0,1.0,0.0,0.0,Urban,0.0,0.0,0.0,Fine,Null,0
67448211,,576700,0.0,0.0,0.0,0.0,0.0,Null,2016/2017,THANE ROAD,ROSENEATH TERRACE,,Serious Crash,No,2016,0.0,North,0.0,0,1.0,Hill Road,0.0,,0.0,,0.0,Bright sun,2185800,4,0.0,0.0,2.0,0.0,0.0,1.0,0.0,0.0,,0.0,0.0,Wellington Region,Nil,2-way,Sealed,0.0,0.0,3,0.0,50.0,0.0,Null,0.0,0.0,,47,Wellington City,Give way,0.0,0.0,0.0,0.0,0.0,0.0,Urban,0.0,0.0,0.0,Fine,Strong wind,0
67448323,,576301,0.0,,0.0,2.0,,South,2017/2018,ADELAIDE ROAD,JOHN ST,,Non-Injury Crash,No,2017,,North,,0,,Flat,,,,,,Overcast,2163500,0,0.0,0.0,2.0,,,0.0,,,,,,Wellington Region,Nil,2-way,Sealed,,0.0,0,,50.0,,Off,0.0,0.0,,47,Wellington City,Unknown,,,,,0.0,0.0,Urban,0.0,,,Light rain,Null,0
67448579,,573000,0.0,,0.0,2.0,,East,2017/2018,BRANDON ST,FEATHERSTON ST,,Non-Injury Crash,No,2018,,West,,0,,Flat,,,,,,Bright sun,2125500,0,0.0,0.0,1.0,,,0.0,,,,,,Wellington Region,Nil,1-way,Sealed,,0.0,0,,50.0,,Null,0.0,0.0,,47,Wellington City,Traffic Signals,,,,,0.0,0.0,Urban,0.0,,,Fine,Null,0
67448755,,576800,0.0,0.0,0.0,1.0,1.0,South,2017/2018,SH 1N,TAURIMA ST,,Non-Injury Crash,Yes,2017,0.0,North,0.0,0,1.0,Flat,0.0,Christmas New Year,0.0,,0.0,Twilight,2181700,0,0.0,0.0,2.0,0.0,0.0,0.0,0.0,0.0,,0.0,0.0,Wellington Region,Nil,2-way,Sealed,0.0,0.0,0,0.0,50.0,0.0,On,0.0,0.0,,47,Wellington City,Unknown,0.0,1.0,0.0,0.0,0.0,0.0,Urban,0.0,0.0,0.0,Fine,Null,0
67449107,,573101,0.0,0.0,0.0,0.0,0.0,Null,2017/2018,SH 1N,KNIGGES AVENUE,,Non-Injury Crash,Yes,2017,0.0,East,0.0,0,0.0,Flat,0.0,,1.0,,0.0,Bright sun,2133700,0,0.0,0.0,2.0,0.0,0.0,0.0,0.0,0.0,,0.0,0.0,Wellington Region,Nil,1-way,Sealed,0.0,0.0,0,0.0,50.0,0.0,Null,0.0,0.0,,47,Wellington City,Give way,0.0,0.0,0.0,0.0,1.0,0.0,Urban,0.0,0.0,0.0,Fine,Null,0
67449475,,576400,0.0,,1.0,1.0,,Null,2017/2018,RIDDIFORD ST,NEWTOWN AVENUE,,Non-Injury Crash,No,2018,,South,,0,,Flat,,,,,,Bright sun,2168400,0,0.0,0.0,2.0,,,0.0,,,,,,Wellington Region,Nil,2-way,Sealed,,0.0,0,,40.0,,Null,0.0,0.0,,47,Wellington City,Give way,,,,,0.0,0.0,Urban,0.0,,,Fine,Null,0
67449602,,573200,0.0,,0.0,0.0,,East,2017/2018,FAIRLIE TERRACE,KELBURN PARADE,,Minor Crash,No,2018,,South,,0,,Hill Road,,,,,,Overcast,2157000,1,0.0,1.0,2.0,,,0.0,,,,,,Wellington Region,Nil,2-way,Sealed,,0.0,0,,50.0,,Null,0.0,0.0,,47,Wellington City,Unknown,,,,,0.0,0.0,Urban,0.0,,,Fine,Null,0
67449618,,572702,0.0,,0.0,0.0,,North,2018/2019,SH 1N,PED SUBWAY,,Minor Crash,Yes,2018,,South,,0,,Flat,,,,,,Bright sun,1996202,1,0.0,1.0,4.0,,,0.0,,,,,,Wellington Region,Nil,2-way,Sealed,,0.0,0,,100.0,,Null,0.0,0.0,70.0,47,Wellington City,Unknown,,,,,0.0,0.0,Open,0.0,,,Fine,Strong wind,0
67449698,,573523,0.0,0.0,0.0,2.0,0.0,East,2016/2017,MARK AVENUE,BUCCANEER PLACE,,Non-Injury Crash,No,2017,0.0,East,0.0,0,0.0,Hill Road,0.0,,0.0,,0.0,Overcast,2086304,0,0.0,0.0,2.0,0.0,0.0,0.0,0.0,2.0,,0.0,0.0,Wellington Region,Nil,2-way,Sealed,0.0,0.0,0,0.0,50.0,0.0,Null,1.0,0.0,,47,Wellington City,Unknown,0.0,0.0,0.0,0.0,0.0,0.0,Urban,0.0,0.0,0.0,Mist or Fog,Null,0
67449746,,574900,0.0,,0.0,1.0,,Null,2017/2018,KARORI ROAD,BEAUCHAMP ST,,Minor Crash,No,2018,,North,,0,,Flat,,,,,,Bright sun,2109000,1,0.0,0.0,2.0,,,0.0,,,1.0,,,Wellington Region,Nil,2-way,Sealed,,0.0,0,,50.0,,Null,0.0,0.0,,47,Wellington City,Give way,,,,,0.0,0.0,Urban,0.0,,,Fine,Null,0
67449778,,573300,0.0,,0.0,2.0,,South,2016/2017,SH 1N,BUCKLE ST,,Non-Injury Crash,Yes,2017,,North,,0,,Flat,,,,,,Twilight,2145602,0,0.0,0.0,3.0,,,0.0,,,,,,Wellington Region,Nil,1-way,Sealed,,0.0,0,,50.0,,Off,0.0,0.0,,47,Wellington City,Unknown,,,,,0.0,0.0,Urban,0.0,,,Light rain,Strong wind,0
67449906,,577000,0.0,0.0,0.0,1.0,0.0,East,2017/2018,LYALL PARADE,ONEPU ROAD,,Non-Injury Crash,No,2018,0.0,West,0.0,0,0.0,Flat,0.0,,0.0,,0.0,Bright sun,2175300,0,0.0,0.0,2.0,0.0,0.0,0.0,0.0,0.0,,0.0,0.0,Wellington Region,Nil,2-way,Sealed,0.0,0.0,0,0.0,50.0,0.0,Null,0.0,0.0,,47,Wellington City,Unknown,1.0,0.0,0.0,0.0,0.0,0.0,Urban,0.0,0.0,0.0,Fine,Null,0
67450106,,577102,0.0,0.0,0.0,1.0,1.0,East,2017/2018,BROADWAY,CAVENDISH SQUARE,,Non-Injury Crash,No,2018,0.0,West,0.0,0,1.0,Flat,0.0,,0.0,,0.0,Overcast,2213600,0,0.0,0.0,2.0,0.0,0.0,0.0,0.0,0.0,,0.0,0.0,Wellington Region,Nil,2-way,Sealed,0.0,0.0,0,0.0,50.0,0.0,Null,0.0,0.0,,47,Wellington City,Unknown,0.0,0.0,0.0,0.0,0.0,0.0,Urban,0.0,0.0,0.0,Fine,Null,0
67450162,,577000,0.0,,0.0,2.0,,West,2017/2018,STEWART DUFF DRIVE,FREIGHT DRIVE,,Non-Injury Crash,No,2017,,West,,0,,Flat,,,,,,Bright sun,2175700,0,0.0,0.0,4.0,,,0.0,,,,,,Wellington Region,Nil,2-way,Sealed,,0.0,0,,50.0,,Null,0.0,0.0,,47,Wellington City,Give way,,,,,0.0,0.0,Urban,0.0,,,Null,Null,0
67450458,,573101,0.0,0.0,0.0,2.0,0.0,West,2017/2018,TARANAKI ST,INGLEWOOD PLACE,,Non-Injury Crash,No,2017,0.0,East,0.0,0,0.0,Flat,0.0,,0.0,,0.0,Dark,2135800,0,0.0,0.0,2.0,0.0,0.0,0.0,0.0,1.0,,0.0,0.0,Wellington Region,Nil,2-way,Sealed,0.0,0.0,0,0.0,30.0,0.0,On,0.0,0.0,,47,Wellington City,Unknown,0.0,0.0,0.0,0.0,0.0,0.0,Urban,0.0,0.0,0.0,Fine,Null,0
67450522,,574900,0.0,0.0,0.0,2.0,0.0,Null,2017/2018,KARORI ROAD,NATALIE WAY,,Non-Injury Crash,No,2017,0.0,East,0.0,0,0.0,Flat,0.0,,0.0,,0.0,Bright sun,2109700,0,0.0,0.0,2.0,0.0,0.0,0.0,0.0,1.0,,0.0,0.0,Wellington Region,Nil,2-way,Sealed,0.0,0.0,0,0.0,50.0,0.0,Null,0.0,0.0,,47,Wellington City,Nil,0.0,0.0,0.0,0.0,0.0,0.0,Urban,0.0,0.0,0.0,Fine,Null,0
67450570,,573101,0.0,,0.0,1.0,,East,2017/2018,CABLE ST,TARANAKI ST,,Non-Injury Crash,No,2017,,East,,0,,Flat,,,,,,Bright sun,2135200,0,0.0,0.0,3.0,,,0.0,,,,,,Wellington Region,Nil,1-way,Sealed,,0.0,0,,50.0,,Null,0.0,0.0,,47,Wellington City,Unknown,,,,,0.0,0.0,Urban,1.0,,,Fine,Null,0
67450626,,572900,0.0,,0.0,2.0,,South,2017/2018,WATERLOO QUAY,RLY XING,,Non-Injury Crash,No,2018,,North,,0,,Flat,,,,,,Overcast,2118400,0,0.0,0.0,4.0,,,0.0,,,,,,Wellington Region,Nil,2-way,Sealed,,0.0,0,,50.0,,Null,0.0,0.0,,47,Wellington City,Unknown,,,,,0.0,0.0,Urban,0.0,,,Fine,Null,0
67450658,,572900,0.0,0.0,0.0,2.0,0.0,North,2017/2018,TINAKORI ROAD,PATANGA CRESCENT,,Non-Injury Crash,No,2017,0.0,South,0.0,0,0.0,Flat,0.0,,0.0,,0.0,Bright sun,2121900,0,0.0,0.0,2.0,0.0,0.0,0.0,0.0,1.0,,0.0,0.0,Wellington Region,Nil,2-way,Sealed,0.0,0.0,0,0.0,50.0,0.0,Null,0.0,0.0,,47,Wellington City,Unknown,0.0,0.0,0.0,0.0,0.0,0.0,Urban,0.0,0.0,0.0,Fine,Null,0
67450706,,573000,0.0,,1.0,0.0,,Null,2018/2019,WILLIS ST,MANNERS ST,,Minor Crash,No,2018,,South,,0,,Hill Road,,,,,,Overcast,2128400,1,0.0,0.0,2.0,,,0.0,,,1.0,,,Wellington Region,Nil,2-way,Sealed,,0.0,0,,50.0,,Null,0.0,0.0,,47,Wellington City,Traffic Signals,,,,,0.0,0.0,Urban,0.0,,,Fine,Null,0
67450738,,575200,0.0,,0.0,1.0,,East,2018/2019,GARDEN ROAD,ORANGI KAUPAPA ROAD,,Minor Crash,No,2018,,East,,0,,Hill Road,,,,,,Overcast,2151300,1,0.0,1.0,2.0,,,0.0,,,,,,Wellington Region,Nil,2-way,Sealed,,0.0,0,,50.0,,Null,0.0,0.0,,47,Wellington City,Unknown,,,,,0.0,0.0,Urban,0.0,,,Fine,Null,0
67451081,,576700,0.0,,0.0,1.0,,Null,2017/2018,THANE ROAD,ROSENEATH TERRACE,,Non-Injury Crash,No,2017,,North,,0,,Hill Road,,Christmas New Year,,,,Bright sun,2185800,0,0.0,0.0,2.0,,,0.0,,,,,,Wellington Region,Nil,2-way,Sealed,,0.0,0,,50.0,,Null,1.0,0.0,,47,Wellington City,Give way,,,,,0.0,0.0,Urban,0.0,,,Fine,Null,0
67451177,,577601,0.0,0.0,0.0,1.0,1.0,South,2017/2018,SHELLY BAY ROAD,RNZAF BASE GATE S,,Non-Injury Crash,No,2017,0.0,West,0.0,0,0.0,Flat,0.0,,0.0,,0.0,Overcast,2201200,0,0.0,0.0,2.0,0.0,0.0,0.0,0.0,0.0,,0.0,0.0,Wellington Region,Nil,2-way,Sealed,0.0,0.0,0,0.0,50.0,0.0,Null,0.0,0.0,,47,Wellington City,Unknown,0.0,0.0,0.0,0.0,0.0,0.0,Urban,0.0,0.0,0.0,Fine,Null,0
67451488,,573000,0.0,,0.0,2.0,,South,2017/2018,SH 1N,SOUTH PORTAL,,Non-Injury Crash,Yes,2018,,South,,0,,Hill Road,,,,,,Overcast,2130600,0,0.0,0.0,3.0,,,0.0,,,,,,Wellington Region,Nil,2-way,Sealed,,0.0,0,,60.0,,Null,1.0,0.0,,47,Wellington City,Unknown,,,,,0.0,0.0,Urban,0.0,,,Heavy rain,Null,0
67451504,,573901,0.0,0.0,0.0,2.0,0.0,South,2017/2018,BRACKEN ROAD,TREBANN ST,,Non-Injury Crash,No,2018,0.0,South,0.0,0,0.0,Flat,0.0,,0.0,,0.0,Bright sun,2073300,0,0.0,0.0,2.0,0.0,0.0,0.0,0.0,0.0,,0.0,0.0,Wellington Region,Nil,2-way,Sealed,0.0,0.0,0,0.0,50.0,0.0,Null,0.0,0.0,,47,Wellington City,Nil,0.0,0.0,0.0,0.0,0.0,0.0,Urban,0.0,1.0,0.0,Fine,Null,0
67451512,,574500,1.0,,0.0,0.0,,West,2017/2018,HUTT ROAD,RANGIORA AVENUE,,Non-Injury Crash,No,2018,,West,,0,,Flat,,,,,,Unknown,2093400,0,0.0,0.0,4.0,,,0.0,,,,,,Wellington Region,Nil,2-way,Sealed,,0.0,0,,60.0,,Null,0.0,0.0,,47,Wellington City,Nil,,,,,0.0,0.0,Urban,1.0,,,Fine,Null,0
67451632,,573101,0.0,,0.0,2.0,,North,2017/2018,TARANAKI ST,SH 1N,,Non-Injury Crash,No,2017,,South,,0,,Flat,,,,,,Bright sun,2133700,0,0.0,0.0,5.0,,,0.0,,,,,,Wellington Region,Nil,2-way,Sealed,,0.0,0,,50.0,,Null,0.0,0.0,,47,Wellington City,Traffic Signals,,,,,0.0,0.0,Urban,0.0,,,Fine,Null,0
67451776,,576200,0.0,0.0,0.0,2.0,0.0,West,2017/2018,LUXFORD ST,RINTOUL ST,,Non-Injury Crash,No,2017,0.0,East,0.0,0,0.0,Flat,0.0,,0.0,,0.0,Overcast,2171800,0,0.0,0.0,2.0,0.0,0.0,0.0,0.0,1.0,,0.0,0.0,Wellington Region,Nil,2-way,Sealed,0.0,0.0,0,0.0,50.0,0.0,Null,0.0,0.0,,47,Wellington City,Unknown,0.0,0.0,0.0,0.0,0.0,0.0,Urban,0.0,0.0,0.0,Null,Null,0
67451944,,572900,0.0,,0.0,2.0,,Null,2017/2018,BUNNY ST,ACCESS ROAD S,,Minor Crash,No,2018,,South,,0,,Flat,,,,,,Twilight,2122700,1,0.0,0.0,4.0,,,0.0,,,,,,Wellington Region,Nil,2-way,Sealed,,0.0,0,,30.0,,On,0.0,0.0,,47,Wellington City,Nil,,,,,0.0,0.0,Urban,0.0,,,Fine,Null,0
67452032,,575800,0.0,0.0,0.0,2.0,0.0,South,2017/2018,HURON PLACE,PRISCILLA CRESCENT,,Non-Injury Crash,No,2017,0.0,South,0.0,0,0.0,Flat,0.0,,0.0,,0.0,Dark,2198400,0,0.0,0.0,1.0,0.0,0.0,0.0,0.0,1.0,,0.0,0.0,Wellington Region,Nil,2-way,Sealed,0.0,0.0,0,0.0,50.0,0.0,None,0.0,0.0,,47,Wellington City,Unknown,0.0,0.0,0.0,0.0,0.0,0.0,Urban,0.0,0.0,0.0,Fine,Null,0
67452040,,573801,0.0,,0.0,1.0,,North,2017/2018,SH 1N,JOHNSONVILLE OFF SBD,,Non-Injury Crash,Yes,2018,,South,,0,,Flat,,,,,,Overcast,2078900,0,0.0,0.0,4.0,,,0.0,,,,,,Wellington Region,Nil,2-way,Sealed,,0.0,0,,100.0,,Null,0.0,0.0,,47,Wellington City,Unknown,,,,,0.0,0.0,Open,1.0,,,Heavy rain,Null,0
67452184,,574303,0.0,,0.0,2.0,,North,2016/2017,SH 1N,TYERS ROAD,,Non-Injury Crash,Yes,2017,,North,,0,,Hill Road,,,,,,Bright sun,2088705,0,0.0,0.0,2.0,,,0.0,,,,,,Wellington Region,Nil,1-way,Sealed,,0.0,0,,100.0,,Null,0.0,0.0,,47,Wellington City,Unknown,,,,,0.0,0.0,Open,0.0,,,Fine,Null,0
67452432,,573000,0.0,0.0,0.0,2.0,0.0,South,2017/2018,THE TERRACE,DALMUIR LANE,,Non-Injury Crash,No,2017,0.0,South,0.0,0,0.0,Hill Road,0.0,,0.0,,0.0,Overcast,2124802,0,0.0,0.0,2.0,0.0,0.0,0.0,0.0,1.0,,0.0,0.0,Wellington Region,Nil,2-way,Sealed,0.0,0.0,0,0.0,50.0,0.0,Null,0.0,2.0,,47,Wellington City,Unknown,0.0,0.0,0.0,0.0,0.0,0.0,Urban,0.0,0.0,0.0,Fine,Null,0
67452520,,572900,0.0,,0.0,0.0,,South,2017/2018,MOLESWORTH ST,PIPITEA ST,,Non-Injury Crash,No,2017,,North,,0,,Hill Road,,,,,,Bright sun,2121100,0,0.0,0.0,2.0,,,0.0,,,,,,Wellington Region,Nil,1-way,Sealed,,0.0,0,,50.0,,Null,2.0,0.0,,47,Wellington City,Unknown,,,,,0.0,0.0,Urban,0.0,,,Fine,Null,0
67452592,,576001,0.0,,0.0,2.0,,Null,2018/2019,THE PARADE,MERSEY ST,,Serious Crash,No,2018,,South,,0,,Flat,,,,,,Bright sun,2190500,1,0.0,1.0,3.0,,,0.0,,,,,,Wellington Region,Nil,2-way,Sealed,,0.0,1,,50.0,,Null,0.0,0.0,,47,Wellington City,Stop,,,,,0.0,0.0,Urban,0.0,,,Fine,Null,0
67452920,,574303,0.0,,0.0,3.0,,South,2016/2017,SH 1N,NEWLANDS ON NBD,,Non-Injury Crash,Yes,2017,,North,,0,,Hill Road,,,,,,Dark,2084302,0,0.0,0.0,3.0,,,0.0,,,,,,Wellington Region,Nil,1-way,Sealed,,0.0,0,,80.0,,On,0.0,0.0,,47,Wellington City,Unknown,,,,,0.0,0.0,Open,0.0,,,Fine,Null,0
67453016,,576500,0.0,0.0,0.0,1.0,0.0,North,2016/2017,RIDDIFORD ST,REGINA TERRACE,,Non-Injury Crash,No,2017,0.0,North,0.0,0,0.0,Flat,0.0,,1.0,,0.0,Overcast,2149200,0,0.0,0.0,4.0,0.0,0.0,0.0,0.0,0.0,,0.0,0.0,Wellington Region,Nil,2-way,Sealed,0.0,0.0,0,0.0,50.0,0.0,Null,0.0,0.0,,47,Wellington City,Unknown,0.0,0.0,0.0,0.0,0.0,0.0,Urban,0.0,0.0,0.0,Light rain,Null,0
67453184,,573101,0.0,,0.0,1.0,,South,2017/2018,TARANAKI ST,INGLEWOOD PLACE,,Minor Crash,No,2018,,South,,0,,Flat,,,,,,Bright sun,2133408,1,0.0,0.0,4.0,,,0.0,,,1.0,,,Wellington Region,Nil,2-way,Sealed,,0.0,0,,50.0,,Null,0.0,0.0,,47,Wellington City,Nil,,,,,0.0,0.0,Urban,0.0,,,Fine,Null,0
67453808,,573000,0.0,0.0,0.0,1.0,0.0,Null,2016/2017,THE TERRACE,TERRACE OFF SBD,,Non-Injury Crash,No,2017,0.0,South,0.0,0,0.0,Flat,0.0,,0.0,,0.0,Dark,2124803,0,0.0,0.0,2.0,0.0,0.0,0.0,0.0,0.0,,0.0,1.0,Wellington Region,Nil,2-way,Sealed,0.0,0.0,0,0.0,50.0,0.0,On,0.0,0.0,,47,Wellington City,Traffic Signals,0.0,0.0,0.0,0.0,0.0,0.0,Urban,0.0,0.0,0.0,Fine,Strong wind,0
67454128,,576100,0.0,0.0,0.0,1.0,1.0,North,2017/2018,WAITAHA WAY,HUNGERFORD ROAD,,Non-Injury Crash,No,2018,0.0,North,0.0,0,0.0,Hill Road,0.0,,0.0,,0.0,Bright sun,2195603,0,0.0,0.0,2.0,0.0,0.0,0.0,0.0,0.0,,0.0,0.0,Wellington Region,Nil,2-way,Sealed,0.0,0.0,0,0.0,50.0,0.0,Null,0.0,0.0,,47,Wellington City,Unknown,0.0,0.0,0.0,0.0,0.0,0.0,Urban,0.0,0.0,0.0,Fine,Null,0
67454232,,573000,0.0,,0.0,1.0,,East,2017/2018,BOULCOTT ST,GILMER TERRACE,,Minor Crash,No,2018,,West,,0,,Hill Road,,,,,,Dark,2126600,1,0.0,0.0,2.0,,,0.0,,,,,,Wellington Region,Nil,2-way,Sealed,,0.0,0,,50.0,,On,0.0,0.0,,47,Wellington City,Give way,,,,,0.0,0.0,Urban,0.0,,,Fine,Null,0
67454448,,573400,0.0,0.0,0.0,2.0,0.0,East,2016/2017,LEVY ST,LIPMAN ST,,Non-Injury Crash,No,2017,0.0,West,0.0,0,0.0,Flat,0.0,,0.0,,0.0,Bright sun,2139800,0,0.0,0.0,2.0,0.0,0.0,0.0,0.0,1.0,,0.0,0.0,Wellington Region,Nil,2-way,Sealed,0.0,0.0,0,0.0,50.0,0.0,Null,0.0,0.0,,47,Wellington City,Unknown,0.0,0.0,0.0,0.0,0.0,0.0,Urban,0.0,0.0,0.0,Fine,Null,0
67454624,,576400,0.0,0.0,0.0,1.0,0.0,South,2016/2017,COROMANDEL ST,COLVILLE ST,,Non-Injury Crash,No,2017,0.0,South,0.0,0,0.0,Hill Road,0.0,,0.0,,0.0,Dark,2169902,0,0.0,0.0,2.0,0.0,0.0,0.0,0.0,1.0,,0.0,0.0,Wellington Region,Nil,2-way,Sealed,0.0,0.0,0,0.0,40.0,0.0,On,0.0,0.0,,47,Wellington City,Unknown,0.0,0.0,0.0,0.0,0.0,0.0,Urban,1.0,0.0,0.0,Light rain,Null,0
67454688,,576800,0.0,0.0,0.0,1.0,0.0,South,2017/2018,WAITOA ROAD,HAPUA ST,,Non-Injury Crash,No,2018,0.0,South,0.0,0,0.0,Hill Road,0.0,,0.0,,0.0,Overcast,2185300,0,0.0,0.0,2.0,0.0,0.0,0.0,0.0,1.0,,0.0,0.0,Wellington Region,Nil,2-way,Sealed,0.0,0.0,0,0.0,50.0,0.0,Null,0.0,0.0,,47,Wellington City,Unknown,0.0,0.0,0.0,0.0,0.0,0.0,Urban,1.0,0.0,0.0,Heavy rain,Null,0
67454816,,576400,0.0,,0.0,1.0,,Null,2018/2019,CONSTABLE ST,DANIELL ST,,Minor Crash,No,2018,,East,,0,,Flat,,,,,,Bright sun,2169101,1,0.0,0.0,2.0,,,0.0,,,1.0,,,Wellington Region,Nil,2-way,Sealed,,0.0,0,,50.0,,Null,0.0,0.0,,47,Wellington City,Traffic Signals,,,,,0.0,0.0,Urban,0.0,,,Fine,Null,0
67454896,,574703,0.0,0.0,0.0,1.0,0.0,South,2016/2017,ORANGI KAUPAPA ROAD,FLINT WAY,,Non-Injury Crash,No,2017,0.0,North,0.0,0,1.0,Hill Road,0.0,,0.0,,0.0,Overcast,2102501,0,0.0,0.0,2.0,0.0,0.0,0.0,0.0,0.0,,0.0,0.0,Wellington Region,Nil,2-way,Sealed,0.0,0.0,0,0.0,50.0,0.0,Null,0.0,0.0,,47,Wellington City,Unknown,0.0,0.0,0.0,0.0,0.0,0.0,Urban,0.0,0.0,0.0,Fine,Strong wind,0
67455616,,573000,0.0,,0.0,3.0,,North,2017/2018,FEATHERSTON ST,HUNTER ST,,Minor Crash,No,2018,,North,,0,,Flat,,,,,,Overcast,2125800,1,0.0,0.0,2.0,,,0.0,,,,,,Wellington Region,Nil,1-way,Sealed,,0.0,0,,50.0,,Null,0.0,1.0,,47,Wellington City,Unknown,,,,,0.0,0.0,Urban,0.0,,,Light rain,Null,0
67456408,,577200,0.0,,0.0,1.0,,Null,2017/2018,CALEDONIA ST,SH 1N,,Non-Injury Crash,Yes,2017,,South,,0,,Flat,,,,,,Overcast,2206500,0,0.0,0.0,2.0,,,0.0,,,,,,Wellington Region,Nil,2-way,Sealed,,0.0,0,,50.0,,Null,0.0,0.0,,47,Wellington City,Give way,,,,,0.0,0.0,Urban,1.0,,,Fine,Null,0
67457096,,577000,0.0,,0.0,2.0,,Null,2018/2019,YULE ST,ENDEAVOUR ST,,Minor Crash,No,2018,,South,,0,,Flat,,Labour Weekend,,,,Bright sun,2175501,1,0.0,0.0,2.0,,,0.0,,,,,,Wellington Region,Nil,2-way,Sealed,,0.0,0,,50.0,,Null,0.0,0.0,,47,Wellington City,Give way,,,,,0.0,0.0,Urban,0.0,,,Fine,Strong wind,0
67457224,,572500,0.0,0.0,0.0,1.0,0.0,South,2017/2018,WILLIAM EARP PLACE,TAKAPU ROAD,,Minor Crash,No,2018,0.0,South,0.0,0,0.0,Hill Road,0.0,,0.0,,0.0,Dark,2053701,1,0.0,0.0,2.0,0.0,0.0,0.0,0.0,0.0,,0.0,1.0,Wellington Region,Nil,2-way,Sealed,0.0,0.0,0,0.0,50.0,0.0,On,0.0,0.0,,47,Wellington City,Unknown,0.0,0.0,0.0,0.0,0.0,0.0,Urban,0.0,0.0,0.0,Fine,Null,0
67457304,,573101,0.0,0.0,0.0,0.0,0.0,Null,2018/2019,JERVOIS QUAY,CABLE ST,,Serious Crash,No,2018,0.0,South,0.0,0,0.0,Flat,0.0,,0.0,,0.0,Dark,2133100,0,0.0,0.0,3.0,0.0,1.0,0.0,0.0,0.0,,0.0,0.0,Wellington Region,Nil,1-way,Sealed,0.0,0.0,1,0.0,50.0,0.0,On,0.0,0.0,,47,Wellington City,Traffic Signals,0.0,1.0,0.0,0.0,0.0,0.0,Urban,1.0,0.0,0.0,Light rain,Null,0