OBJECTID,advisorySpeed,areaUnitID,bicycle,bridge,bus,carStationWagon,cliffBank,crashDirectionDescription,crashFinancialYear,crashLocation1,crashLocation2,crashRoadSideRoad,crashSeverity,crashSHDescription,crashYear,debris,directionRoleDescription,ditch,fatalCount,fence,flatHill,guardRail,holiday,houseOrBuilding,intersection,kerb,light,meshblockId,minorInjuryCount,moped,motorcycle,NumberOfLanes,objectThrownOrDropped,otherObject,otherVehicleType,overBank,parkedVehicle,pedestrian,phoneBoxEtc,postOrPole,region,roadCharacter,roadLane,roadSurface,roadworks,schoolBus,seriousInjuryCount,slipOrFlood,speedLimit,strayAnimal,streetLight,suv,taxi,temporarySpeedLimit,tlaId,tlaName,trafficControl,trafficIsland,trafficSign,train,tree,truck,unknownVehicleType,urban,vanOrUtility,vehicle,waterRiver,weatherA,weatherB,if_pandemic
67457312,,573524,0.0,0.0,0.0,2.0,0.0,West,2017/2018,SUNHAVEN DRIVE,FERNHAVEN GROVE,,Non-Injury Crash,No,2017,0.0,North,0.0,0,0.0,Hill Road,0.0,,0.0,,0.0,Dark,2086408,0,0.0,0.0,2.0,0.0,0.0,0.0,0.0,1.0,,0.0,0.0,Wellington Region,Nil,2-way,Sealed,0.0,0.0,0,0.0,50.0,0.0,On,0.0,0.0,,47,Wellington City,Unknown,0.0,0.0,0.0,0.0,0.0,0.0,Urban,0.0,0.0,0.0,Fine,Null,0
67457384,,577000,0.0,,0.0,2.0,,Null,2016/2017,ACCESS ROAD,WELLINGTON AIR TERMINAL,,Non-Injury Crash,No,2017,,North,,0,,Flat,,,,,,Bright sun,2175700,0,0.0,0.0,1.0,,,0.0,,,,,,Wellington Region,Nil,1-way,Sealed,,0.0,0,,50.0,,Null,0.0,2.0,,47,Wellington City,Unknown,,,,,0.0,0.0,Urban,0.0,,,Fine,Null,0
67457520,,573101,0.0,,0.0,1.0,,Null,2016/2017,TARANAKI ST,ARTHUR ST,,Non-Injury Crash,Yes,2017,,South,,0,,Flat,,,,,,Bright sun,2134800,0,0.0,0.0,5.0,,,0.0,,,,,,Wellington Region,Nil,2-way,Sealed,,0.0,0,,50.0,,Null,1.0,0.0,,47,Wellington City,Traffic Signals,,,,,0.0,0.0,Urban,0.0,,,Fine,Null,0
67457992,,573000,0.0,,0.0,1.0,,Null,2017/2018,VICTORIA ST,MERCER ST,,Non-Injury Crash,No,2017,,South,,0,,Flat,,,,,,Overcast,2127800,0,0.0,0.0,2.0,,,0.0,,,,,,Wellington Region,Nil,1-way,Sealed,,0.0,0,,50.0,,Null,0.0,0.0,,47,Wellington City,Traffic Signals,,,,,0.0,0.0,Urban,1.0,,,Fine,Null,0
67458008,,576400,0.0,,0.0,2.0,,South,2016/2017,RIDDIFORD ST,HALL ST,,Non-Injury Crash,No,2017,,North,,0,,Flat,,,,,,Overcast,2166900,0,0.0,0.0,2.0,,,0.0,,,,,,Wellington Region,Nil,2-way,Sealed,,0.0,0,,50.0,,Null,0.0,0.0,,47,Wellington City,Traffic Signals,,,,,0.0,0.0,Urban,0.0,,,Fine,Null,0
67458512,,577700,0.0,0.0,0.0,0.0,0.0,North,2017/2018,MAKARA ROAD,MAKARA CEMETERY,,Serious Crash,No,2018,0.0,South,1.0,0,0.0,Flat,0.0,,0.0,,0.0,Overcast,2116801,0,0.0,1.0,2.0,0.0,0.0,0.0,0.0,0.0,,0.0,0.0,Wellington Region,Nil,2-way,Sealed,0.0,0.0,1,0.0,50.0,0.0,Null,0.0,0.0,,47,Wellington City,Unknown,0.0,0.0,0.0,0.0,0.0,0.0,Urban,0.0,0.0,0.0,Fine,Null,0
67458728,45.0,573802,0.0,,0.0,1.0,,East,2018/2019,JOHNSONVILLE OFF SBD,FRANK JOHNSON ST,,Minor Crash,Yes,2018,,West,,0,,Flat,,Christmas New Year,,,,Overcast,2079100,1,0.0,0.0,1.0,,,0.0,,,,,,Wellington Region,Nil,1-way,Sealed,,0.0,0,,100.0,,Null,0.0,0.0,,47,Wellington City,Unknown,,,,,0.0,0.0,Open,0.0,,,Fine,Null,0
67458784,,576901,0.0,0.0,0.0,2.0,0.0,North,2017/2018,BAY ROAD,COUTTS ST,,Non-Injury Crash,No,2018,0.0,South,0.0,0,0.0,Flat,0.0,,0.0,,0.0,Bright sun,2178400,0,0.0,0.0,2.0,0.0,0.0,0.0,0.0,1.0,,0.0,0.0,Wellington Region,Nil,2-way,Sealed,0.0,0.0,0,0.0,30.0,0.0,Null,0.0,0.0,,47,Wellington City,Unknown,0.0,0.0,0.0,0.0,0.0,0.0,Urban,0.0,0.0,0.0,Fine,Null,0
67458848,,573101,0.0,,0.0,2.0,,Null,2017/2018,WAKEFIELD ST,TARANAKI ST,,Non-Injury Crash,No,2017,,North,,0,,Flat,,,,,,Dark,2133200,0,0.0,0.0,5.0,,,0.0,,,,,,Wellington Region,Nil,1-way,Sealed,,0.0,0,,50.0,,On,0.0,0.0,,47,Wellington City,Traffic Signals,,,,,0.0,0.0,Urban,0.0,,,Null,Null,0
67458864,,576903,0.0,0.0,0.0,2.0,0.0,North,2017/2018,OVERTOUN TERRACE,BUSACO ROAD,,Non-Injury Crash,No,2017,0.0,South,0.0,0,0.0,Hill Road,0.0,,0.0,,0.0,Bright sun,2181400,0,0.0,0.0,2.0,0.0,0.0,0.0,0.0,1.0,,0.0,0.0,Wellington Region,Nil,2-way,Sealed,0.0,0.0,0,0.0,50.0,0.0,Null,0.0,0.0,,47,Wellington City,Unknown,0.0,0.0,0.0,0.0,0.0,0.0,Urban,0.0,0.0,0.0,Fine,Null,0
67459008,,574100,0.0,0.0,0.0,1.0,0.0,East,2016/2017,BRODERICK ROAD,CORTINA AVENUE,,Non-Injury Crash,No,2017,0.0,West,0.0,0,0.0,Flat,0.0,,0.0,,0.0,Dark,2085600,0,0.0,0.0,2.0,0.0,0.0,0.0,0.0,1.0,,0.0,0.0,Wellington Region,Nil,2-way,Sealed,0.0,0.0,0,0.0,50.0,0.0,On,0.0,0.0,,47,Wellington City,Unknown,0.0,0.0,0.0,0.0,0.0,0.0,Urban,1.0,0.0,0.0,Null,Null,0
67459096,,573600,0.0,,0.0,1.0,,South,2016/2017,SH 1N,JOHNSONVILLE ON NBD,,Non-Injury Crash,Yes,2017,,North,,0,,Flat,,,,,,Overcast,2081200,0,0.0,0.0,4.0,,,0.0,,,,,,Wellington Region,Nil,2-way,Sealed,,0.0,0,,100.0,,Null,0.0,0.0,,47,Wellington City,Unknown,,,,,0.0,0.0,Open,1.0,,,Fine,Null,0
67459104,,572900,0.0,,0.0,2.0,,Null,2016/2017,BUNNY ST,ACCESS ROAD,,Non-Injury Crash,No,2017,,South,,0,,Flat,,,,,,Overcast,2122700,0,0.0,0.0,3.0,,,0.0,,,,,,Wellington Region,Nil,1-way,Sealed,,0.0,0,,50.0,,Null,0.0,0.0,,47,Wellington City,Nil,,,,,0.0,0.0,Urban,0.0,,,Fine,Null,0
67459336,,573101,0.0,,1.0,0.0,,East,2018/2019,COURTENAY PLACE,ALLEN ST,,Serious Crash,No,2018,,West,,0,,Flat,,,,,,Overcast,2136000,0,0.0,0.0,4.0,,,0.0,,,1.0,,,Wellington Region,Nil,2-way,Sealed,,0.0,1,,30.0,,Null,0.0,0.0,,47,Wellington City,Unknown,,,,,0.0,0.0,Urban,0.0,,,Fine,Null,0
67459688,,572702,0.0,0.0,0.0,1.0,0.0,South,2017/2018,WOODMAN DRIVE,COLONIAL GROVE,,Non-Injury Crash,No,2017,0.0,South,0.0,0,0.0,Hill Road,0.0,,0.0,,0.0,Dark,2053819,0,0.0,0.0,2.0,0.0,0.0,0.0,0.0,0.0,,1.0,1.0,Wellington Region,Nil,2-way,Sealed,0.0,0.0,0,0.0,50.0,0.0,On,0.0,0.0,,47,Wellington City,Unknown,0.0,0.0,0.0,0.0,0.0,0.0,Urban,0.0,0.0,0.0,Fine,Null,0
67459720,,573101,0.0,,0.0,1.0,,South,2017/2018,TORY ST,TENNYSON ST,,Minor Crash,No,2018,,North,,0,,Flat,,,,,,Bright sun,2136000,1,0.0,0.0,2.0,,,0.0,,,1.0,,,Wellington Region,Nil,2-way,Sealed,,0.0,0,,50.0,,Null,0.0,0.0,,47,Wellington City,Unknown,,,,,0.0,0.0,Urban,0.0,,,Fine,Null,0
67459752,,574800,1.0,,0.0,1.0,,Null,2018/2019,KARORI ROAD,PARKVALE ROAD,,Minor Crash,No,2018,,East,,0,,Flat,,,,,,Dark,2107600,1,0.0,0.0,1.0,,,0.0,,,,,,Wellington Region,Nil,2-way,Sealed,,0.0,0,,50.0,,On,0.0,0.0,,47,Wellington City,Traffic Signals,,,,,0.0,0.0,Urban,0.0,,,Fine,Null,0
67459776,,573000,0.0,,0.0,1.0,,Null,2017/2018,BRANDON ST,FEATHERSTON ST,,Non-Injury Crash,No,2017,,West,,0,,Flat,,,,,,Overcast,2125500,0,0.0,0.0,2.0,,,0.0,,,,,,Wellington Region,Nil,1-way,Sealed,,0.0,0,,50.0,,Null,0.0,0.0,,47,Wellington City,Traffic Signals,,,,,0.0,0.0,Urban,1.0,,,Fine,Null,0
67459904,,577700,0.0,,0.0,1.0,,West,2017/2018,TAKARAU GORGE ROAD,MAKARA ROAD,,Non-Injury Crash,No,2017,,South,,0,,Hill Road,,,,,,Bright sun,2116500,0,0.0,1.0,2.0,,,0.0,,,,,,Wellington Region,Nil,2-way,Sealed,,0.0,0,,60.0,,Null,0.0,0.0,,47,Wellington City,Unknown,,,,,0.0,0.0,Urban,0.0,,,Fine,Null,0
67460231,,575800,0.0,,0.0,0.0,,South,2017/2018,HAPPY VALLEY ROAD,OHIRO ROAD,,Minor Crash,No,2018,,North,,0,,Hill Road,,,,,,Overcast,2197101,2,0.0,0.0,2.0,,,0.0,,,,,,Wellington Region,Nil,2-way,Sealed,,0.0,0,,50.0,,Null,0.0,0.0,,47,Wellington City,Unknown,,,,,2.0,0.0,Urban,0.0,,,Heavy rain,Null,0
67460343,,573000,0.0,0.0,0.0,1.0,0.0,East,2017/2018,BOLTON ST,MOWBRAY ST,,Non-Injury Crash,No,2018,0.0,East,0.0,0,0.0,Hill Road,0.0,,1.0,,0.0,Dark,2123902,0,0.0,0.0,2.0,0.0,0.0,0.0,0.0,0.0,,0.0,0.0,Wellington Region,Nil,2-way,Sealed,0.0,0.0,0,0.0,50.0,0.0,On,0.0,0.0,,47,Wellington City,Unknown,0.0,0.0,0.0,0.0,0.0,0.0,Urban,0.0,0.0,0.0,Fine,Null,0
67460551,,573101,0.0,,0.0,1.0,,North,2018/2019,VICTORIA ST,MANNERS ST,,Minor Crash,No,2018,,South,,0,,Flat,,,,,,Overcast,2131100,1,0.0,1.0,2.0,,,0.0,,,,,,Wellington Region,Nil,1-way,Sealed,,0.0,0,,30.0,,Null,0.0,0.0,,47,Wellington City,Unknown,,,,,0.0,0.0,Urban,1.0,,,Fine,Null,0
67460575,,572900,0.0,,0.0,0.0,,South,2018/2019,MURPHY ST,TURNBULL ST,,Minor Crash,No,2018,,East,,0,,Hill Road,,,,,,Bright sun,2119200,1,0.0,0.0,2.0,,,0.0,,,1.0,,,Wellington Region,Nil,1-way,Sealed,,0.0,0,,50.0,,Null,1.0,0.0,,47,Wellington City,Nil,,,,,0.0,0.0,Urban,0.0,,,Fine,Null,0
67460607,,573200,0.0,0.0,0.0,2.0,0.0,North,2016/2017,MAARAMA CRESCENT,OHIRO ROAD,,Non-Injury Crash,No,2017,0.0,South,0.0,0,0.0,Hill Road,0.0,,0.0,,0.0,Bright sun,2159100,0,0.0,0.0,2.0,0.0,0.0,0.0,0.0,1.0,,0.0,0.0,Wellington Region,Nil,2-way,Sealed,0.0,0.0,0,0.0,50.0,0.0,Null,0.0,0.0,,47,Wellington City,Unknown,0.0,0.0,0.0,0.0,0.0,0.0,Urban,0.0,0.0,0.0,Fine,Null,0
67460671,,575300,1.0,,0.0,1.0,,South,2017/2018,GLENMORE ST,KELBURN VIADUCT,,Minor Crash,No,2018,,South,,0,,Hill Road,,,,,,Bright sun,2152600,1,0.0,0.0,3.0,,,0.0,,,,,,Wellington Region,Nil,2-way,Sealed,,0.0,0,,50.0,,Null,0.0,0.0,,47,Wellington City,Unknown,,,,,0.0,0.0,Urban,0.0,,,Fine,Null,0
67460719,,573511,0.0,,0.0,1.0,,Null,2018/2019,CHURTON PARK OFF NBD,WESTCHESTER DRIVE,,Minor Crash,Yes,2018,,North,,0,,Hill Road,,,,,,Overcast,2086203,1,0.0,0.0,2.0,,,0.0,,,,,,Wellington Region,Motorway ramp,2-way,Sealed,,0.0,0,,50.0,,Null,0.0,0.0,,47,Wellington City,Give way,,,,,0.0,0.0,Urban,1.0,,,Fine,Null,0
67460855,,573400,0.0,,0.0,3.0,,West,2017/2018,SH 1N,ACCESS ROAD,,Non-Injury Crash,Yes,2017,,West,,0,,Hill Road,,,,,,Bright sun,2143300,0,0.0,0.0,4.0,,,0.0,,,,,,Wellington Region,Nil,2-way,Sealed,,0.0,0,,50.0,,Null,0.0,0.0,,47,Wellington City,Unknown,,,,,0.0,0.0,Urban,0.0,,,Fine,Null,0
67460983,,572900,0.0,0.0,0.0,2.0,0.0,North,2017/2018,SH 1N,AOTEA OBR,,Non-Injury Crash,Yes,2017,0.0,South,0.0,0,0.0,Flat,1.0,,0.0,,0.0,Overcast,2118400,0,0.0,0.0,6.0,0.0,0.0,0.0,0.0,0.0,,0.0,0.0,Wellington Region,Nil,2-way,Sealed,0.0,0.0,0,0.0,100.0,0.0,Off,0.0,0.0,,47,Wellington City,Unknown,0.0,0.0,0.0,0.0,0.0,0.0,Open,0.0,0.0,0.0,Fine,Null,0
67461207,,574100,0.0,,0.0,1.0,,Null,2017/2018,HAUMIA ST,FISHER ST,,Minor Crash,No,2018,,South,,0,,Hill Road,,,,,,Bright sun,2085303,4,0.0,0.0,2.0,,,0.0,,,,,,Wellington Region,Nil,2-way,Sealed,,0.0,0,,50.0,,Null,0.0,0.0,,47,Wellington City,Nil,,,,,0.0,0.0,Urban,1.0,,,Fine,Null,0
67461399,,573101,0.0,,0.0,1.0,,South,2017/2018,WILLIS ST,GHUZNEE ST,,Non-Injury Crash,No,2018,,North,,0,,Flat,,,,,,Dark,2131600,0,0.0,0.0,3.0,,,0.0,,,,,,Wellington Region,Nil,1-way,Sealed,,0.0,0,,50.0,,On,0.0,0.0,,47,Wellington City,Traffic Signals,,,,,0.0,0.0,Urban,1.0,,,Light rain,Null,0
67461463,,573000,0.0,,0.0,2.0,,Null,2017/2018,MACDONALD CRESCENT,THE TERRACE,,Minor Crash,No,2018,,West,,0,,Hill Road,,,,,,Bright sun,2130500,1,0.0,1.0,2.0,,,0.0,,,,,,Wellington Region,Nil,2-way,Sealed,,0.0,0,,50.0,,Null,0.0,0.0,,47,Wellington City,Stop,,,,,0.0,0.0,Urban,0.0,,,Fine,Null,0
67461623,,573400,0.0,0.0,0.0,2.0,0.0,East,2016/2017,EDGE HILL,KENT TERRACE,,Non-Injury Crash,No,2017,0.0,South,0.0,0,0.0,Flat,0.0,,0.0,,0.0,Bright sun,2140300,0,0.0,0.0,2.0,0.0,0.0,0.0,0.0,1.0,,0.0,0.0,Wellington Region,Nil,2-way,Sealed,0.0,0.0,0,0.0,50.0,0.0,Null,0.0,0.0,,47,Wellington City,Unknown,0.0,0.0,0.0,0.0,0.0,0.0,Urban,0.0,0.0,0.0,Null,Null,0
67461847,,574302,0.0,0.0,0.0,2.0,0.0,South,2016/2017,CASHMERE AVENUE,RANUI CRESCENT,,Non-Injury Crash,No,2017,0.0,South,0.0,0,1.0,Hill Road,0.0,,0.0,,0.0,Bright sun,2090001,0,0.0,0.0,2.0,0.0,0.0,0.0,0.0,0.0,,0.0,0.0,Wellington Region,Nil,2-way,Sealed,0.0,0.0,0,0.0,50.0,0.0,Null,0.0,0.0,,47,Wellington City,Nil,0.0,1.0,0.0,0.0,0.0,0.0,Urban,0.0,0.0,0.0,Fine,Null,0
67462039,,574701,0.0,0.0,0.0,2.0,0.0,West,2017/2018,SILVERSTREAM ROAD,SPENCER ST E,,Non-Injury Crash,No,2017,0.0,West,0.0,0,0.0,Hill Road,0.0,,0.0,,0.0,Bright sun,2104800,0,0.0,0.0,2.0,0.0,0.0,0.0,0.0,1.0,,0.0,0.0,Wellington Region,Nil,2-way,Sealed,0.0,0.0,0,0.0,50.0,0.0,Null,0.0,0.0,,47,Wellington City,Unknown,0.0,0.0,0.0,0.0,0.0,0.0,Urban,0.0,0.0,0.0,Fine,Null,0
67462279,,576901,0.0,,0.0,1.0,,Null,2017/2018,SH 1N,TROY ST,,Serious Crash,Yes,2018,,East,,0,,Flat,,,,,,Overcast,2176800,0,0.0,1.0,2.0,,,0.0,,,,,,Wellington Region,Nil,1-way,Sealed,,0.0,1,,70.0,,Null,0.0,0.0,,47,Wellington City,Give way,,,,,0.0,0.0,Urban,0.0,,,Fine,Null,0
67462287,,573522,0.0,,0.0,2.0,,Null,2017/2018,TAKAPU ROAD,TAWA OFF SBD,,Non-Injury Crash,No,2017,,South,,0,,Hill Road,,,,,,Bright sun,2053703,0,0.0,0.0,2.0,,,0.0,,,,,,Wellington Region,Motorway ramp,2-way,Sealed,,0.0,0,,50.0,,Null,0.0,0.0,,47,Wellington City,Stop,,,,,0.0,0.0,Urban,0.0,,,Fine,Null,0
67462351,,573802,0.0,0.0,0.0,2.0,0.0,East,2017/2018,HELSTON ROAD,STEWART DRIVE,,Non-Injury Crash,No,2017,0.0,North,0.0,0,0.0,Hill Road,0.0,,0.0,,0.0,Bright sun,2079100,0,0.0,0.0,2.0,0.0,0.0,0.0,0.0,1.0,,0.0,0.0,Wellington Region,Nil,2-way,Sealed,0.0,0.0,0,0.0,50.0,0.0,Null,0.0,0.0,,47,Wellington City,Unknown,0.0,0.0,0.0,0.0,0.0,0.0,Urban,0.0,0.0,0.0,Fine,Null,0
67462878,,573101,0.0,,0.0,1.0,,West,2016/2017,TORY ST,JESSIE ST,,Non-Injury Crash,No,2017,,East,,0,,Flat,,,,,,Dark,2136500,0,0.0,0.0,2.0,,,0.0,,,,,,Wellington Region,Nil,2-way,Sealed,,0.0,0,,50.0,,On,1.0,0.0,,47,Wellington City,Unknown,,,,,0.0,0.0,Urban,0.0,,,Fine,Null,0
67462966,,572900,0.0,,0.0,1.0,,Null,2017/2018,TINAKORI ROAD,HARRIETT ST,,Minor Crash,No,2018,,North,,0,,Flat,,,,,,Dark,2123100,1,0.0,0.0,3.0,,,0.0,,,,,,Wellington Region,Nil,2-way,Sealed,,0.0,0,,50.0,,On,1.0,0.0,,47,Wellington City,Traffic Signals,,,,,0.0,0.0,Urban,0.0,,,Fine,Null,0
67463062,,572900,0.0,,0.0,2.0,,Null,2017/2018,LITTLE PIPITEA ST,MURPHY ST,,Non-Injury Crash,No,2018,,East,,0,,Flat,,,,,,Bright sun,2119200,0,0.0,0.0,2.0,,,0.0,,,,,,Wellington Region,Nil,2-way,Sealed,,0.0,0,,30.0,,Null,0.0,0.0,,47,Wellington City,Traffic Signals,,,,,0.0,0.0,Urban,0.0,,,Fine,Null,0
67463318,,576301,0.0,,0.0,1.0,,North,2016/2017,ADELAIDE ROAD,NIKAU ST,,Non-Injury Crash,No,2017,,North,,0,,Hill Road,,,,,,Overcast,2163500,0,0.0,0.0,2.0,,,0.0,,,,,,Wellington Region,Nil,Null,Sealed,,0.0,0,,50.0,,Null,0.0,0.0,,47,Wellington City,Unknown,,,,,1.0,0.0,Urban,0.0,,,Light rain,Null,0
67463326,,573000,0.0,0.0,1.0,1.0,0.0,South,2016/2017,THE TERRACE,GLENCOE LANE,,Non-Injury Crash,No,2017,0.0,North,0.0,0,0.0,Hill Road,0.0,,0.0,,0.0,Bright sun,2124803,0,0.0,0.0,2.0,0.0,0.0,0.0,0.0,1.0,,0.0,0.0,Wellington Region,Nil,2-way,Sealed,0.0,0.0,0,0.0,50.0,0.0,Null,0.0,0.0,,47,Wellington City,Nil,0.0,0.0,0.0,0.0,0.0,0.0,Urban,0.0,0.0,0.0,Null,Null,0
67464630,,576500,0.0,,0.0,1.0,,North,2017/2018,RIDDIFORD ST,HOSPITAL PED XING,,Non-Injury Crash,No,2017,,South,,0,,Flat,,,,,,Bright sun,2149200,0,0.0,0.0,4.0,,,0.0,,,,,,Wellington Region,Nil,2-way,Sealed,,0.0,0,,50.0,,Null,0.0,0.0,,47,Wellington City,Unknown,,,,,0.0,0.0,Urban,1.0,,,Fine,Null,0
67464646,,573400,1.0,,0.0,1.0,,Null,2017/2018,PIRIE ST,HANIA ST,,Minor Crash,No,2018,,West,,0,,Hill Road,,,,,,Bright sun,2143900,1,0.0,0.0,2.0,,,0.0,,,,,,Wellington Region,Nil,2-way,Sealed,,0.0,0,,50.0,,Null,0.0,1.0,,47,Wellington City,Stop,,,,,0.0,0.0,Urban,0.0,,,Fine,Null,0
67464686,,572900,0.0,0.0,0.0,2.0,0.0,East,2017/2018,TINAKORI ROAD,ST MARY ST,,Non-Injury Crash,No,2017,0.0,East,0.0,0,0.0,Null,0.0,,0.0,,0.0,Bright sun,2123400,0,0.0,0.0,2.0,0.0,0.0,0.0,0.0,1.0,,0.0,0.0,Wellington Region,Nil,2-way,Sealed,0.0,0.0,0,0.0,50.0,0.0,Off,0.0,0.0,,47,Wellington City,Nil,0.0,0.0,0.0,0.0,0.0,0.0,Urban,0.0,0.0,0.0,Fine,Null,0
67465142,,573101,0.0,,0.0,2.0,,Null,2017/2018,CAMBRIDGE TERRACE,ALPHA ST,,Non-Injury Crash,No,2018,,North,,0,,Flat,,,,,,Dark,2136100,0,0.0,0.0,3.0,,,0.0,,,,,,Wellington Region,Nil,1-way,Sealed,,0.0,0,,50.0,,On,0.0,0.0,,47,Wellington City,Unknown,,,,,0.0,0.0,Urban,0.0,,,Null,Null,0
67465150,,575000,0.0,0.0,0.0,2.0,0.0,West,2017/2018,BIRDWOOD ST,CHAYTOR ST,,Non-Injury Crash,No,2017,0.0,North,0.0,0,0.0,Hill Road,0.0,,0.0,,0.0,Dark,2111100,0,0.0,0.0,2.0,0.0,0.0,0.0,0.0,1.0,,0.0,0.0,Wellington Region,Nil,2-way,Sealed,0.0,0.0,0,0.0,50.0,0.0,On,0.0,0.0,,47,Wellington City,Unknown,0.0,0.0,0.0,0.0,0.0,0.0,Urban,0.0,0.0,0.0,Fine,Null,0
67465246,,574702,0.0,,0.0,1.0,,South,2017/2018,WILTON ROAD,BERKSHIRE AVENUE,,Serious Crash,No,2018,,South,,0,,Hill Road,,,,,,Overcast,2104000,0,0.0,1.0,2.0,,,0.0,,,,,,Wellington Region,Nil,2-way,Sealed,,0.0,1,,50.0,,Null,0.0,0.0,,47,Wellington City,Unknown,,,,,0.0,0.0,Urban,0.0,,,Fine,Null,0
67465366,,574001,0.0,0.0,0.0,2.0,0.0,West,2017/2018,KENMORE ST,BANCROFT TERRACE,,Non-Injury Crash,No,2017,0.0,South,0.0,0,0.0,Flat,0.0,,0.0,,0.0,Dark,2075200,0,0.0,0.0,2.0,0.0,0.0,0.0,0.0,1.0,,0.0,0.0,Wellington Region,Nil,2-way,Sealed,0.0,0.0,0,0.0,50.0,0.0,On,0.0,0.0,,47,Wellington City,Unknown,0.0,0.0,0.0,0.0,0.0,0.0,Urban,0.0,0.0,0.0,Fine,Null,0
67465414,,573101,0.0,,0.0,2.0,,Null,2017/2018,VICTORIA ST,GHUZNEE ST,,Minor Crash,No,2018,,South,,0,,Flat,,,,,,Dark,2131700,1,0.0,0.0,4.0,,,0.0,,,,,,Wellington Region,Nil,2-way,Sealed,,0.0,0,,50.0,,On,0.0,0.0,,47,Wellington City,Traffic Signals,,,,,0.0,0.0,Urban,0.0,,,Light rain,Null,0
67465470,,573511,0.0,0.0,0.0,0.0,1.0,North,2018/2019,WESTCHESTER DRIVE,MIDDLETON ROAD,,Non-Injury Crash,No,2018,0.0,East,0.0,0,0.0,Hill Road,0.0,,0.0,,0.0,Overcast,2086502,0,0.0,0.0,2.0,0.0,0.0,0.0,0.0,0.0,,0.0,1.0,Wellington Region,Nil,2-way,Sealed,0.0,0.0,0,0.0,50.0,0.0,Null,0.0,0.0,,47,Wellington City,Unknown,0.0,0.0,0.0,0.0,0.0,0.0,Urban,1.0,0.0,0.0,Fine,Null,0
67465878,,574900,0.0,,0.0,1.0,,Null,2017/2018,MORLEY ST,KARORI ROAD,,Non-Injury Crash,No,2017,,West,,0,,Flat,,,,,,Bright sun,2108900,0,0.0,1.0,2.0,,,0.0,,,,,,Wellington Region,Nil,2-way,Sealed,,0.0,0,,50.0,,Null,0.0,0.0,,47,Wellington City,Give way,,,,,0.0,0.0,Urban,0.0,,,Fine,Null,0
67465926,,577200,0.0,,0.0,1.0,,Null,2017/2018,SH 1N,COBHAM DRIVE,,Non-Injury Crash,Yes,2017,,North,,0,,Flat,,,,,,Overcast,2206200,0,0.0,0.0,2.0,,,0.0,,,,,,Wellington Region,Nil,2-way,Sealed,,0.0,0,,50.0,,Null,1.0,0.0,,47,Wellington City,Give way,,,,,0.0,0.0,Urban,0.0,,,Heavy rain,Null,0
67465990,,576901,0.0,,0.0,2.0,,Null,2017/2018,SH 1N,TROY ST,,Non-Injury Crash,Yes,2018,,East,,0,,Flat,,,,,,Bright sun,2176800,0,0.0,0.0,4.0,,,0.0,,,,,,Wellington Region,Nil,2-way,Sealed,,0.0,0,,70.0,,Null,0.0,0.0,,47,Wellington City,Give way,,,,,0.0,0.0,Urban,0.0,,,Fine,Strong wind,0
67466238,,572900,0.0,,0.0,1.0,,South,2017/2018,AOTEA QUAY,RLY YARD ENT S,,Minor Crash,No,2017,,North,,0,,Flat,,,,,,Twilight,2118400,1,0.0,0.0,4.0,,,0.0,,,,,,Wellington Region,Nil,2-way,Sealed,,0.0,0,,70.0,,On,0.0,0.0,,47,Wellington City,Unknown,,,,,0.0,0.0,Urban,1.0,,,Fine,Null,0
67466606,,573513,0.0,,0.0,1.0,,Null,2016/2017,HALSWATER DRIVE,MIDDLETON ROAD,,Non-Injury Crash,No,2017,,East,,0,,Hill Road,,,,,,Overcast,2086605,0,0.0,0.0,2.0,,,0.0,,,,,,Wellington Region,Nil,2-way,Sealed,,0.0,0,,50.0,,Null,0.0,0.0,,47,Wellington City,Stop,,,,,0.0,0.0,Urban,1.0,,,Fine,Null,0
67466694,,576500,0.0,0.0,0.0,1.0,0.0,South,2016/2017,ADELAIDE ROAD,ALFRED ST,,Non-Injury Crash,No,2017,0.0,South,0.0,0,0.0,Flat,0.0,,0.0,,0.0,Overcast,2148000,0,0.0,0.0,2.0,0.0,0.0,0.0,0.0,1.0,,0.0,0.0,Wellington Region,Nil,2-way,Sealed,0.0,0.0,0,0.0,50.0,0.0,Null,0.0,0.0,,47,Wellington City,Give way,0.0,0.0,0.0,0.0,1.0,0.0,Urban,0.0,0.0,0.0,Null,Strong wind,0
67467062,,573000,0.0,,1.0,0.0,,East,2017/2018,LAMBTON QUAY,ACCESS ROAD,,Minor Crash,No,2018,,East,,0,,Flat,,,,,,Dark,2123800,1,0.0,0.0,1.0,,,0.0,,,1.0,,,Wellington Region,Nil,1-way,Sealed,,0.0,0,,30.0,,On,0.0,0.0,,47,Wellington City,Nil,,,,,0.0,0.0,Urban,0.0,,,Fine,Null,0
67467606,,576901,0.0,,0.0,2.0,,West,2017/2018,RONGOTAI ROAD,TROY ST,,Non-Injury Crash,No,2017,,East,,0,,Flat,,,,,,Dark,2177000,0,0.0,0.0,1.0,,,0.0,,,,,,Wellington Region,Nil,1-way,Sealed,,0.0,0,,50.0,,On,0.0,0.0,,47,Wellington City,Unknown,,,,,0.0,0.0,Urban,0.0,,,Fine,Null,0
67467894,,573101,0.0,,0.0,2.0,,Null,2017/2018,VICTORIA ST,SH 1N,,Non-Injury Crash,Yes,2017,,North,,0,,Flat,,,,,,Bright sun,2131600,0,0.0,0.0,3.0,,,0.0,,,,,,Wellington Region,Nil,1-way,Sealed,,0.0,0,,50.0,,Null,0.0,0.0,,47,Wellington City,Traffic Signals,,,,,0.0,0.0,Urban,0.0,,,Fine,Null,0