OBJECTID,advisorySpeed,areaUnitID,bicycle,bridge,bus,carStationWagon,cliffBank,crashDirectionDescription,crashFinancialYear,crashLocation1,crashLocation2,crashRoadSideRoad,crashSeverity,crashSHDescription,crashYear,debris,directionRoleDescription,ditch,fatalCount,fence,flatHill,guardRail,holiday,houseOrBuilding,intersection,kerb,light,meshblockId,minorInjuryCount,moped,motorcycle,NumberOfLanes,objectThrownOrDropped,otherObject,otherVehicleType,overBank,parkedVehicle,pedestrian,phoneBoxEtc,postOrPole,region,roadCharacter,roadLane,roadSurface,roadworks,schoolBus,seriousInjuryCount,slipOrFlood,speedLimit,strayAnimal,streetLight,suv,taxi,temporarySpeedLimit,tlaId,tlaName,trafficControl,trafficIsland,trafficSign,train,tree,truck,unknownVehicleType,urban,vanOrUtility,vehicle,waterRiver,weatherA,weatherB,if_pandemic
67467966,45.0,574001,0.0,0.0,0.0,0.0,0.0,West,2017/2018,HOROKIWI ROAD WEST,PINKERTON GROVE,,Non-Injury Crash,No,2017,0.0,East,0.0,0,1.0,Hill Road,0.0,,0.0,,0.0,Dark,2075301,0,0.0,0.0,2.0,0.0,0.0,0.0,0.0,0.0,,0.0,0.0,Wellington Region,Nil,2-way,Sealed,0.0,0.0,0,0.0,50.0,0.0,On,1.0,0.0,,47,Wellington City,Unknown,0.0,0.0,0.0,0.0,0.0,0.0,Urban,0.0,0.0,0.0,Light rain,Strong wind,0
67468030,,573400,1.0,,0.0,1.0,,West,2017/2018,ORIENTAL PARADE,FREYBERG POOL CPK ENT,,Serious Crash,No,2018,,West,,0,,Flat,,,,,,Dark,2138400,0,0.0,0.0,2.0,,,0.0,,,,,,Wellington Region,Nil,2-way,Sealed,,0.0,1,,40.0,,On,0.0,0.0,,47,Wellington City,Unknown,,,,,0.0,0.0,Urban,0.0,,,Fine,Null,0
67468110,,573200,0.0,,0.0,1.0,,West,2018/2019,BROOKLYN ROAD,NAIRN ST,,Minor Crash,No,2018,,North,,0,,Hill Road,,,,,,Dark,2159500,2,0.0,0.0,2.0,,,0.0,,,,,,Wellington Region,Nil,2-way,Sealed,,0.0,0,,50.0,,On,1.0,0.0,,47,Wellington City,Unknown,,,,,0.0,0.0,Urban,0.0,,,Light rain,Strong wind,0
67468302,,573300,0.0,,0.0,1.0,,North,2017/2018,TARANAKI ST,HILL LANE,,Non-Injury Crash,No,2017,,South,,0,,Hill Road,,,,,,Unknown,2144500,0,0.0,0.0,2.0,,,0.0,,,,,,Wellington Region,Nil,2-way,Sealed,,0.0,0,,50.0,,Null,0.0,0.0,,47,Wellington City,Unknown,,,,,0.0,0.0,Urban,1.0,,,Null,Null,0
67468342,,576600,0.0,0.0,0.0,1.0,0.0,North,2017/2018,ORIENTAL PARADE,GRASS ST,,Non-Injury Crash,No,2017,0.0,North,0.0,0,0.0,Flat,0.0,,0.0,,0.0,Bright sun,2137500,0,0.0,0.0,2.0,0.0,0.0,0.0,0.0,1.0,,0.0,0.0,Wellington Region,Nil,2-way,Sealed,0.0,0.0,0,0.0,40.0,0.0,Null,1.0,0.0,,47,Wellington City,Unknown,0.0,0.0,0.0,0.0,0.0,0.0,Urban,0.0,0.0,0.0,Fine,Null,0
67468486,,572600,0.0,,0.0,1.0,,South,2017/2018,MAIN ROAD,ESSEX ST,,Non-Injury Crash,No,2017,,South,,0,,Flat,,,,,,Bright sun,1992100,0,0.0,0.0,2.0,,,0.0,,,,,,Wellington Region,Nil,2-way,Sealed,,0.0,0,,50.0,,Null,0.0,0.0,,47,Wellington City,Unknown,,,,,1.0,0.0,Urban,0.0,,,Fine,Null,0
67468662,,573000,0.0,0.0,0.0,2.0,0.0,North,2017/2018,THE TERRACE,MASONS LANE,,Non-Injury Crash,No,2017,0.0,South,0.0,0,0.0,Flat,0.0,,0.0,,0.0,Dark,2123902,0,0.0,0.0,2.0,0.0,0.0,0.0,0.0,0.0,,0.0,0.0,Wellington Region,Nil,2-way,Sealed,0.0,0.0,0,0.0,50.0,0.0,On,0.0,0.0,,47,Wellington City,Unknown,0.0,0.0,0.0,0.0,0.0,0.0,Urban,0.0,1.0,0.0,Heavy rain,Strong wind,0
67468710,,574303,0.0,,0.0,2.0,,South,2017/2018,SH 1N,ABATTOIRS,,Non-Injury Crash,Yes,2018,,North,,0,,Hill Road,,,,,,Bright sun,2088705,0,0.0,0.0,6.0,,,0.0,,,,,,Wellington Region,Nil,2-way,Sealed,,0.0,0,,80.0,,Null,0.0,0.0,,47,Wellington City,Unknown,,,,,0.0,0.0,Open,0.0,,,Fine,Null,0
67468805,,576700,0.0,0.0,0.0,1.0,0.0,South,2018/2019,EVANS BAY PARADE,RPNYC START BOX,,Minor Crash,No,2018,0.0,South,0.0,0,0.0,Flat,1.0,Labour Weekend,0.0,,0.0,Bright sun,2186500,1,0.0,0.0,2.0,0.0,0.0,0.0,0.0,0.0,,0.0,0.0,Wellington Region,Nil,2-way,Sealed,0.0,0.0,0,0.0,50.0,0.0,Null,0.0,0.0,,47,Wellington City,Unknown,0.0,0.0,0.0,0.0,0.0,0.0,Urban,0.0,0.0,0.0,Fine,Null,0
67468957,,572900,0.0,0.0,0.0,2.0,0.0,West,2017/2018,PIPITEA ST,MURPHY ST,,Non-Injury Crash,No,2018,0.0,West,0.0,0,0.0,Flat,0.0,,0.0,,0.0,Dark,2119200,0,0.0,0.0,2.0,0.0,0.0,0.0,0.0,1.0,,0.0,0.0,Wellington Region,Nil,2-way,Sealed,0.0,0.0,0,0.0,50.0,0.0,On,0.0,0.0,,47,Wellington City,Nil,0.0,0.0,0.0,0.0,0.0,0.0,Urban,0.0,0.0,0.0,Fine,Null,0
67469285,,572900,0.0,,0.0,0.0,,East,2017/2018,BOWEN ST,SYDNEY ST WEST,,Non-Injury Crash,No,2017,,North,,0,,Flat,,,,,,Bright sun,2121900,0,0.0,0.0,4.0,,,0.0,,,,,,Wellington Region,Nil,2-way,Sealed,,0.0,0,,50.0,,Null,1.0,0.0,,47,Wellington City,Unknown,,,,,0.0,0.0,Urban,1.0,,,Fine,Null,0
67469341,,573700,0.0,,0.0,0.0,,North,2018/2019,JOHNSONVILLE ROAD,NORMAN LANE,,Serious Crash,No,2018,,North,,0,,Flat,,,,,,Dark,2082800,0,0.0,1.0,2.0,,,0.0,,,,,,Wellington Region,Nil,2-way,Sealed,,0.0,1,,50.0,,On,1.0,0.0,,47,Wellington City,Nil,,,,,0.0,0.0,Urban,0.0,,,Fine,Null,0
67469413,,573000,0.0,0.0,0.0,2.0,0.0,West,2017/2018,DIXON ST,WILLIS ST,,Non-Injury Crash,No,2017,0.0,East,0.0,0,0.0,Null,0.0,,0.0,,0.0,Twilight,2130700,0,0.0,0.0,2.0,0.0,0.0,0.0,0.0,1.0,,0.0,0.0,Wellington Region,Nil,2-way,Sealed,0.0,0.0,0,0.0,50.0,0.0,Off,0.0,0.0,,47,Wellington City,Unknown,0.0,0.0,0.0,0.0,0.0,0.0,Urban,0.0,0.0,0.0,Fine,Null,0
67469477,,573000,0.0,,0.0,2.0,,Null,2017/2018,SH 1N,SOUTH PORTAL,,Non-Injury Crash,Yes,2017,,North,,0,,Flat,,,,,,Overcast,2130600,0,0.0,0.0,3.0,,,0.0,,,,,,Wellington Region,Nil,2-way,Sealed,,0.0,0,,100.0,,Null,0.0,0.0,,47,Wellington City,Unknown,,,,,0.0,0.0,Open,0.0,,,Null,Null,0
67469749,,573000,0.0,,0.0,2.0,,Null,2017/2018,BOULCOTT ST,WILLIS ST,,Non-Injury Crash,No,2017,,East,,0,,Hill Road,,,,,,Overcast,2128400,0,0.0,0.0,2.0,,,0.0,,,,,,Wellington Region,Nil,2-way,Sealed,,0.0,0,,50.0,,Null,0.0,0.0,,47,Wellington City,Traffic Signals,,,,,0.0,0.0,Urban,0.0,,,Null,Null,0
67470485,45.0,574100,0.0,0.0,0.0,1.0,0.0,West,2017/2018,NEWLANDS OFF NBD,NEWLANDS ON NBD,,Minor Crash,Yes,2018,0.0,North,0.0,0,0.0,Hill Road,1.0,,0.0,,0.0,Overcast,2084600,1,0.0,0.0,1.0,0.0,0.0,0.0,0.0,0.0,,0.0,0.0,Wellington Region,Nil,1-way,Sealed,0.0,0.0,0,0.0,80.0,0.0,Null,0.0,0.0,,47,Wellington City,Unknown,0.0,0.0,0.0,0.0,0.0,0.0,Open,0.0,0.0,0.0,Light rain,Strong wind,0
67470773,,573400,0.0,,0.0,3.0,,East,2016/2017,SH 1N,WEST PORTAL,,Non-Injury Crash,Yes,2017,,West,,0,,Flat,,,,,,Overcast,2143300,0,0.0,0.0,2.0,,,0.0,,,,,,Wellington Region,Nil,2-way,Sealed,,0.0,0,,50.0,,On,0.0,0.0,,47,Wellington City,Unknown,,,,,0.0,0.0,Urban,0.0,,,Fine,Null,0
67471037,,573000,0.0,,0.0,1.0,,South,2017/2018,SH 1N,SOUTH PORTAL,,Non-Injury Crash,Yes,2017,,North,,0,,Flat,,,,,,Twilight,2129600,0,0.0,0.0,2.0,,,0.0,,,,,,Wellington Region,Nil,1-way,Sealed,,0.0,0,,50.0,,Off,0.0,0.0,,47,Wellington City,Unknown,,,,,0.0,0.0,Urban,0.0,,,Fine,Null,0
67471181,,572900,0.0,,0.0,2.0,,Null,2018/2019,TINAKORI ROAD,HARRIETT ST,,Minor Crash,No,2018,,South,,0,,Flat,,,,,,Dark,2123100,1,0.0,0.0,2.0,,,0.0,,,,,,Wellington Region,Nil,2-way,Sealed,,0.0,0,,50.0,,On,0.0,0.0,,47,Wellington City,Traffic Signals,,,,,0.0,0.0,Urban,0.0,,,Fine,Null,0
67471445,,573101,0.0,,0.0,1.0,,Null,2018/2019,GHUZNEE ST,VICTORIA ST,,Non-Injury Crash,No,2018,,West,,0,,Flat,,,,,,Dark,2131700,0,0.0,0.0,3.0,,,0.0,,,,,,Wellington Region,Nil,2-way,Sealed,,0.0,0,,50.0,,On,1.0,0.0,,47,Wellington City,Traffic Signals,,,,,0.0,0.0,Urban,0.0,,,Fine,Null,0
67471829,,573300,0.0,,0.0,2.0,,West,2017/2018,WEBB ST,TARANAKI ST,,Non-Injury Crash,No,2017,,East,,0,,Hill Road,,,,,,Bright sun,2144500,0,0.0,0.0,2.0,,,0.0,,,,,,Wellington Region,Nil,2-way,Sealed,,0.0,0,,50.0,,Null,0.0,0.0,,47,Wellington City,Traffic Signals,,,,,0.0,0.0,Urban,0.0,,,Fine,Null,0
67472117,,575600,0.0,,0.0,1.0,,North,2017/2018,TODMAN ST,CHARLOTTE AVENUE,,Non-Injury Crash,No,2017,,North,,0,,Flat,,,,,,Dark,2161700,0,1.0,0.0,2.0,,,0.0,,,,,,Wellington Region,Nil,2-way,Sealed,,0.0,0,,50.0,,On,0.0,0.0,,47,Wellington City,Nil,,,,,0.0,0.0,Urban,0.0,,,Heavy rain,Null,0
67472805,,576800,0.0,0.0,0.0,3.0,0.0,Null,2016/2017,WAIPAPA ROAD,ARAWA ROAD,,Non-Injury Crash,No,2017,0.0,East,0.0,0,0.0,Hill Road,0.0,,0.0,,0.0,Dark,2183600,0,0.0,0.0,2.0,0.0,0.0,0.0,0.0,2.0,,0.0,0.0,Wellington Region,Nil,2-way,Sealed,0.0,0.0,0,0.0,50.0,0.0,On,0.0,0.0,,47,Wellington City,Give way,0.0,0.0,0.0,0.0,0.0,0.0,Urban,0.0,0.0,0.0,Fine,Null,0
67473021,,573801,0.0,0.0,0.0,1.0,1.0,East,2017/2018,HELSTON ROAD,BEAZLEY AVENUE,,Non-Injury Crash,No,2017,0.0,East,0.0,0,0.0,Hill Road,0.0,,0.0,,0.0,Overcast,2079800,0,0.0,0.0,2.0,0.0,0.0,0.0,0.0,0.0,,0.0,0.0,Wellington Region,Nil,2-way,Sealed,0.0,0.0,0,0.0,50.0,0.0,Null,0.0,0.0,,47,Wellington City,Unknown,0.0,0.0,0.0,0.0,0.0,0.0,Urban,0.0,0.0,0.0,Light rain,Null,0
67473237,,573525,0.0,0.0,0.0,1.0,0.0,North,2017/2018,SH 1N,TAWA OFF SBD,,Minor Crash,Yes,2017,0.0,South,0.0,0,0.0,Hill Road,0.0,Christmas New Year,0.0,,0.0,Bright sun,2053830,1,0.0,0.0,4.0,0.0,0.0,0.0,1.0,0.0,,0.0,0.0,Wellington Region,Nil,2-way,Sealed,0.0,0.0,0,0.0,100.0,0.0,Null,0.0,0.0,,47,Wellington City,Unknown,0.0,0.0,0.0,0.0,0.0,0.0,Open,0.0,0.0,0.0,Fine,Null,0
67473509,,573101,0.0,,0.0,2.0,,North,2017/2018,TORY ST,TENNYSON ST,,Non-Injury Crash,No,2018,,North,,0,,Flat,,,,,,Overcast,2136000,0,0.0,0.0,2.0,,,0.0,,,,,,Wellington Region,Nil,2-way,Sealed,,0.0,0,,50.0,,Null,0.0,0.0,,47,Wellington City,Unknown,,,,,0.0,0.0,Urban,0.0,,,Fine,Strong wind,0
67473589,,573523,0.0,,0.0,0.0,,Null,2017/2018,SH 1N,CHURTON PARK ON SBD,,Non-Injury Crash,Yes,2018,,South,,0,,Flat,,,,,,Overcast,2086310,0,0.0,0.0,4.0,,,0.0,,,,,,Wellington Region,Motorway ramp,2-way,Sealed,,0.0,0,,100.0,,Null,1.0,0.0,,47,Wellington City,Nil,,,,,0.0,0.0,Open,1.0,,,Fine,Null,0
67473868,,573903,0.0,0.0,0.0,1.0,0.0,East,2017/2018,SALFORD ST,RUSKIN ROAD,,Minor Crash,No,2018,0.0,South,0.0,0,1.0,Hill Road,0.0,,0.0,,0.0,Dark,2075000,2,0.0,0.0,2.0,0.0,0.0,0.0,0.0,0.0,,0.0,0.0,Wellington Region,Nil,2-way,Sealed,0.0,0.0,0,0.0,50.0,0.0,On,0.0,0.0,,47,Wellington City,Unknown,0.0,1.0,0.0,0.0,0.0,0.0,Urban,0.0,0.0,0.0,Fine,Null,0
67473972,,573000,0.0,0.0,0.0,1.0,0.0,West,2017/2018,PANAMA ST,FEATHERSTON ST,,Non-Injury Crash,No,2017,0.0,West,0.0,0,0.0,Flat,0.0,,0.0,,0.0,Dark,2125700,0,0.0,1.0,2.0,0.0,0.0,0.0,0.0,1.0,,0.0,0.0,Wellington Region,Nil,2-way,Sealed,0.0,0.0,0,0.0,50.0,0.0,On,0.0,0.0,,47,Wellington City,Unknown,0.0,0.0,0.0,0.0,0.0,0.0,Urban,0.0,0.0,0.0,Null,Null,0
67473980,,576903,0.0,,0.0,1.0,,Null,2017/2018,SH 1N,EVANS BAY PARADE,,Non-Injury Crash,Yes,2017,,East,,0,,Flat,,,,,,Bright sun,2180200,0,0.0,0.0,2.0,,,0.0,,,,,,Wellington Region,Nil,1-way,Sealed,,0.0,0,,50.0,,Null,0.0,0.0,,47,Wellington City,Traffic Signals,,,,,1.0,0.0,Urban,0.0,,,Fine,Null,0
67474044,,573700,0.0,,0.0,2.0,,Null,2016/2017,JOHNSONVILLE OFF SBD,FRANK JOHNSON ST,,Non-Injury Crash,Yes,2017,,West,,0,,Flat,,,,,,Overcast,2082800,0,0.0,0.0,2.0,,,0.0,,,,,,Wellington Region,Nil,1-way,Sealed,,0.0,0,,50.0,,Off,0.0,0.0,,47,Wellington City,Give way,,,,,0.0,0.0,Urban,0.0,,,Fine,Null,0
67474403,,574302,0.0,0.0,0.0,2.0,0.0,North,2017/2018,NICHOLSON ROAD,CLUTHA AVENUE,,Minor Crash,No,2018,0.0,North,0.0,0,0.0,Hill Road,0.0,,0.0,,0.0,Overcast,2092600,1,0.0,0.0,2.0,0.0,0.0,0.0,0.0,1.0,,0.0,0.0,Wellington Region,Nil,2-way,Sealed,0.0,0.0,0,0.0,50.0,0.0,Null,0.0,0.0,,47,Wellington City,Unknown,0.0,0.0,0.0,0.0,0.0,0.0,Urban,0.0,0.0,0.0,Light rain,Strong wind,0
67474579,,577000,0.0,,0.0,1.0,,Null,2017/2018,COCHRANE ST,GEORGE BOLT ST,,Non-Injury Crash,No,2017,,North,,0,,Flat,,Christmas New Year,,,,Bright sun,2175600,0,0.0,0.0,2.0,,,0.0,,,,,,Wellington Region,Nil,2-way,Sealed,,0.0,0,,10.0,,Null,0.0,0.0,,47,Wellington City,Nil,,,,,1.0,0.0,Urban,0.0,,,Fine,Null,0
67474691,,576301,0.0,,0.0,2.0,,Null,2017/2018,RIDDIFORD ST,HOSPITAL MAIN DRIVE,,Non-Injury Crash,No,2018,,South,,0,,Flat,,,,,,Bright sun,2163500,0,0.0,0.0,4.0,,,0.0,,,,,,Wellington Region,Nil,2-way,Sealed,,0.0,0,,50.0,,Null,0.0,0.0,,47,Wellington City,Nil,,,,,0.0,0.0,Urban,0.0,,,Fine,Null,0
67475099,,572900,0.0,0.0,0.0,1.0,0.0,North,2016/2017,SH 1N,AOTEA OBR,,Non-Injury Crash,Yes,2017,0.0,North,0.0,0,0.0,Flat,1.0,Queens Birthday,0.0,,0.0,Dark,2118400,0,0.0,0.0,3.0,0.0,0.0,0.0,0.0,0.0,,0.0,0.0,Wellington Region,Nil,1-way,Sealed,0.0,0.0,0,0.0,100.0,0.0,On,0.0,0.0,,47,Wellington City,Unknown,0.0,0.0,0.0,0.0,0.0,0.0,Open,0.0,0.0,0.0,Fine,Null,0
67475259,,573400,0.0,0.0,0.0,1.0,0.0,North,2017/2018,ROXBURGH ST,HAWKER ST,,Non-Injury Crash,No,2017,0.0,South,0.0,0,0.0,Hill Road,0.0,,0.0,,0.0,Twilight,2140100,0,0.0,0.0,2.0,0.0,0.0,0.0,0.0,1.0,,0.0,0.0,Wellington Region,Nil,2-way,Sealed,0.0,0.0,0,0.0,50.0,0.0,Null,0.0,0.0,,47,Wellington City,Nil,0.0,0.0,0.0,0.0,0.0,0.0,Urban,1.0,0.0,0.0,Fine,Null,0
67475683,,573000,0.0,0.0,0.0,1.0,0.0,North,2017/2018,THE TERRACE,GLENCOE LANE,,Non-Injury Crash,No,2018,0.0,North,0.0,0,0.0,Hill Road,0.0,,0.0,,0.0,Bright sun,2124803,0,0.0,0.0,2.0,0.0,0.0,0.0,0.0,1.0,,0.0,0.0,Wellington Region,Nil,2-way,Sealed,0.0,0.0,0,0.0,50.0,0.0,Null,0.0,0.0,,47,Wellington City,Nil,0.0,0.0,0.0,0.0,0.0,0.0,Urban,1.0,0.0,0.0,Null,Null,0
67475843,,573101,0.0,,1.0,1.0,,West,2017/2018,COURTENAY PLACE,TORY ST,,Non-Injury Crash,No,2017,,West,,0,,Flat,,Christmas New Year,,,,Twilight,2135900,0,0.0,0.0,4.0,,,0.0,,,,,,Wellington Region,Nil,2-way,Sealed,,0.0,0,,50.0,,On,0.0,0.0,,47,Wellington City,Unknown,,,,,0.0,0.0,Urban,0.0,,,Fine,Null,0
67476051,,574500,0.0,,0.0,2.0,,East,2017/2018,SH 1N,AOTEA ON NBD,,Non-Injury Crash,Yes,2017,,East,,0,,Flat,,,,,,Dark,2093600,0,0.0,0.0,4.0,,,0.0,,,,,,Wellington Region,Nil,1-way,Sealed,,0.0,0,,100.0,,On,0.0,0.0,,47,Wellington City,Unknown,,,,,0.0,0.0,Open,0.0,,,Light rain,Null,0
67476139,25.0,575600,0.0,0.0,0.0,1.0,0.0,Null,2017/2018,MITCHELL ST,TODMAN ST,,Non-Injury Crash,No,2018,0.0,North,0.0,0,1.0,Hill Road,0.0,,0.0,,0.0,Bright sun,2161501,0,0.0,0.0,2.0,0.0,0.0,0.0,0.0,0.0,,0.0,0.0,Wellington Region,Nil,2-way,Sealed,0.0,0.0,0,0.0,50.0,0.0,Null,0.0,0.0,,47,Wellington City,Give way,0.0,1.0,0.0,0.0,0.0,0.0,Urban,0.0,0.0,0.0,Fine,Null,0
67476435,,572701,0.0,,0.0,2.0,,South,2016/2017,SH 1N,COLLINS OBR,,Non-Injury Crash,Yes,2017,,North,,0,,Hill Road,,,,,,Overcast,1993701,0,0.0,0.0,2.0,,,0.0,,,,,,Wellington Region,Nil,1-way,Sealed,,0.0,0,,100.0,,Null,0.0,0.0,80.0,47,Wellington City,Unknown,,,,,0.0,0.0,Open,1.0,,,Fine,Strong wind,0
67476563,,573000,0.0,,0.0,2.0,,West,2017/2018,PANAMA ST,FEATHERSTON ST,,Non-Injury Crash,No,2017,,East,,0,,Flat,,,,,,Bright sun,2125700,0,0.0,0.0,1.0,,,0.0,,,,,,Wellington Region,Nil,1-way,Sealed,,0.0,0,,50.0,,Null,0.0,0.0,,47,Wellington City,Traffic Signals,,,,,0.0,0.0,Urban,0.0,,,Fine,Null,0
67476659,,576600,0.0,0.0,0.0,1.0,0.0,Null,2016/2017,MOELLER ST,SHANNON ST,,Non-Injury Crash,No,2017,0.0,South,0.0,0,0.0,Flat,0.0,,0.0,,0.0,Overcast,2138000,0,0.0,0.0,2.0,0.0,0.0,0.0,0.0,1.0,,0.0,0.0,Wellington Region,Nil,2-way,Sealed,0.0,0.0,0,0.0,50.0,0.0,Null,0.0,0.0,,47,Wellington City,Nil,0.0,0.0,0.0,0.0,1.0,0.0,Urban,0.0,0.0,0.0,Fine,Null,0
67476811,,576901,0.0,,1.0,1.0,,Null,2017/2018,ONEPU ROAD,CRUICKSHANK ST,,Non-Injury Crash,No,2017,,South,,0,,Flat,,,,,,Bright sun,2178600,0,0.0,0.0,2.0,,,0.0,,,,,,Wellington Region,Nil,2-way,Sealed,,0.0,0,,50.0,,Null,0.0,0.0,,47,Wellington City,Nil,,,,,0.0,0.0,Urban,0.0,,,Fine,Null,0
67477059,,573000,0.0,,0.0,2.0,,North,2017/2018,SH 1N,EVERTON OBR,,Serious Crash,Yes,2018,,North,,0,,Hill Road,,,,,,Bright sun,2126100,5,0.0,0.0,4.0,,,0.0,,,,,,Wellington Region,Nil,2-way,Sealed,,0.0,1,,100.0,,Null,0.0,0.0,,47,Wellington City,Unknown,,,,,0.0,0.0,Open,1.0,,,Fine,Strong wind,0
67477259,,573200,0.0,,0.0,2.0,,South,2017/2018,WILLIS ST,BROOKLYN ROAD,,Non-Injury Crash,No,2017,,North,,0,,Hill Road,,,,,,Bright sun,2159601,0,0.0,0.0,4.0,,,0.0,,,,,,Wellington Region,Nil,2-way,Sealed,,0.0,0,,50.0,,Null,0.0,0.0,,47,Wellington City,Traffic Signals,,,,,0.0,0.0,Urban,0.0,,,Fine,Null,0
67477275,,576400,0.0,,0.0,2.0,,Null,2018/2019,CONSTABLE ST,OWEN ST,,Minor Crash,No,2018,,East,,0,,Hill Road,,,,,,Overcast,2169101,1,0.0,0.0,2.0,,,0.0,,,,,,Wellington Region,Nil,2-way,Sealed,,0.0,0,,50.0,,Null,0.0,0.0,,47,Wellington City,Traffic Signals,,,,,0.0,0.0,Urban,0.0,,,Heavy rain,Null,0
67477563,,575600,0.0,0.0,0.0,2.0,0.0,South,2016/2017,WASHINGTON AVENUE,GARFIELD ST,,Non-Injury Crash,No,2017,0.0,South,0.0,0,0.0,Flat,0.0,,0.0,,0.0,Overcast,2162500,0,0.0,0.0,2.0,0.0,0.0,0.0,0.0,1.0,,0.0,0.0,Wellington Region,Nil,2-way,Sealed,0.0,0.0,0,0.0,50.0,0.0,Null,0.0,0.0,,47,Wellington City,Unknown,0.0,0.0,0.0,0.0,0.0,0.0,Urban,0.0,0.0,0.0,Fine,Null,0
67477674,,573101,0.0,,0.0,1.0,,West,2017/2018,WAKEFIELD ST,ALLEN ST,,Non-Injury Crash,No,2018,,West,,0,,Flat,,,,,,Dark,2135400,0,0.0,0.0,3.0,,,0.0,,,,,,Wellington Region,Nil,1-way,Sealed,,0.0,0,,50.0,,On,1.0,0.0,,47,Wellington City,Nil,,,,,0.0,0.0,Urban,0.0,,,Fine,Null,0
67477690,,573400,0.0,,0.0,1.0,,East,2017/2018,SH 1N,WEST PORTAL,,Non-Injury Crash,Yes,2018,,West,,0,,Flat,,,,,,Overcast,2143300,0,0.0,0.0,2.0,,,0.0,,,,,,Wellington Region,Nil,2-way,Sealed,,0.0,0,,50.0,,Null,1.0,0.0,,47,Wellington City,Unknown,,,,,0.0,0.0,Urban,0.0,,,Light rain,Null,0
67478058,,573522,0.0,0.0,0.0,2.0,0.0,South,2017/2018,SH 1N,TAWA ON SBD,,Minor Crash,Yes,2018,0.0,South,0.0,0,0.0,Flat,1.0,Queens Birthday,0.0,,0.0,Twilight,2086311,2,0.0,0.0,2.0,0.0,0.0,0.0,0.0,0.0,,0.0,0.0,Wellington Region,Nil,1-way,Sealed,0.0,0.0,0,0.0,100.0,0.0,On,1.0,0.0,,47,Wellington City,Unknown,0.0,0.0,0.0,0.0,0.0,0.0,Open,0.0,0.0,0.0,Light rain,Null,0
67478833,,576903,0.0,,0.0,2.0,,West,2016/2017,WELLINGTON ROAD,SH 1N,,Minor Crash,No,2017,,South,,0,,Hill Road,,,,,,Bright sun,2180400,1,0.0,0.0,2.0,,,0.0,,,,,,Wellington Region,Nil,2-way,Sealed,,0.0,0,,50.0,,Null,0.0,0.0,,47,Wellington City,Unknown,,,,,0.0,0.0,Urban,0.0,,,Fine,Null,0
67478841,,576100,0.0,0.0,1.0,1.0,0.0,North,2016/2017,SUTHERLAND ROAD,HORNSEY ROAD,,Non-Injury Crash,No,2016,0.0,North,0.0,0,0.0,Hill Road,0.0,,0.0,,0.0,Dark,2196300,0,0.0,0.0,2.0,0.0,0.0,0.0,0.0,1.0,,0.0,0.0,Wellington Region,Nil,2-way,Sealed,0.0,0.0,0,0.0,50.0,0.0,On,0.0,0.0,,47,Wellington City,Unknown,0.0,0.0,0.0,0.0,0.0,0.0,Urban,0.0,0.0,0.0,Fine,Null,0
67479097,,576400,0.0,0.0,0.0,1.0,0.0,North,2015/2016,MANCHESTER ST,OWEN ST,,Non-Injury Crash,No,2016,0.0,North,0.0,0,1.0,Hill Road,0.0,,0.0,,0.0,Dark,2170700,0,0.0,0.0,2.0,0.0,0.0,0.0,1.0,0.0,,0.0,0.0,Wellington Region,Nil,2-way,Sealed,0.0,0.0,0,0.0,50.0,0.0,On,0.0,0.0,,47,Wellington City,Give way,0.0,0.0,0.0,1.0,0.0,0.0,Urban,0.0,0.0,0.0,Fine,Null,0
67479273,,573523,0.0,,0.0,2.0,,South,2016/2017,SH 1N,CHURTON PARK ON SBD,,Non-Injury Crash,Yes,2016,,South,,0,,Flat,,,,,,Bright sun,2086310,0,0.0,0.0,2.0,,,0.0,,,,,,Wellington Region,Nil,1-way,Sealed,,0.0,0,,100.0,,Null,0.0,0.0,,47,Wellington City,Unknown,,,,,0.0,0.0,Open,0.0,,,Fine,Strong wind,0
67479449,,576901,0.0,0.0,0.0,0.0,0.0,East,2016/2017,SH 1N,TROY ST,,Non-Injury Crash,Yes,2016,0.0,East,0.0,0,0.0,Flat,1.0,Labour Weekend,0.0,,0.0,Bright sun,2176800,0,0.0,0.0,2.0,0.0,0.0,0.0,0.0,0.0,,0.0,0.0,Wellington Region,Nil,1-way,Sealed,0.0,0.0,0,0.0,70.0,0.0,Null,0.0,0.0,,47,Wellington City,Unknown,0.0,0.0,0.0,0.0,0.0,0.0,Urban,1.0,0.0,0.0,Fine,Null,0
67479649,,573901,0.0,0.0,0.0,2.0,0.0,South,2016/2017,BRACKEN ROAD,KAHIKATEA GROVE,,Non-Injury Crash,No,2017,0.0,South,0.0,0,0.0,Null,0.0,,0.0,,0.0,Overcast,2072800,0,0.0,0.0,2.0,0.0,0.0,0.0,0.0,1.0,,0.0,0.0,Wellington Region,Nil,2-way,Sealed,0.0,0.0,0,0.0,50.0,0.0,Null,0.0,0.0,,47,Wellington City,Unknown,0.0,0.0,0.0,0.0,0.0,0.0,Urban,0.0,0.0,0.0,Heavy rain,Null,0