OBJECTID,advisorySpeed,areaUnitID,bicycle,bridge,bus,carStationWagon,cliffBank,crashDirectionDescription,crashFinancialYear,crashLocation1,crashLocation2,crashRoadSideRoad,crashSeverity,crashSHDescription,crashYear,debris,directionRoleDescription,ditch,fatalCount,fence,flatHill,guardRail,holiday,houseOrBuilding,intersection,kerb,light,meshblockId,minorInjuryCount,moped,motorcycle,NumberOfLanes,objectThrownOrDropped,otherObject,otherVehicleType,overBank,parkedVehicle,pedestrian,phoneBoxEtc,postOrPole,region,roadCharacter,roadLane,roadSurface,roadworks,schoolBus,seriousInjuryCount,slipOrFlood,speedLimit,strayAnimal,streetLight,suv,taxi,temporarySpeedLimit,tlaId,tlaName,trafficControl,trafficIsland,trafficSign,train,tree,truck,unknownVehicleType,urban,vanOrUtility,vehicle,waterRiver,weatherA,weatherB,if_pandemic
67479953,,572600,0.0,0.0,0.0,1.0,0.0,North,2016/2017,MAIN ROAD,THE DRIVE,,Minor Crash,No,2017,0.0,North,0.0,0,0.0,Flat,0.0,,0.0,,0.0,Overcast,1992300,3,0.0,0.0,2.0,0.0,0.0,0.0,0.0,1.0,,0.0,0.0,Wellington Region,Nil,2-way,Sealed,0.0,0.0,0,0.0,50.0,0.0,Off,0.0,0.0,,47,Wellington City,Unknown,0.0,0.0,0.0,0.0,1.0,0.0,Urban,0.0,0.0,0.0,Fine,Null,0
67480009,,573526,0.0,,0.0,1.0,,East,2015/2016,SH 2,HUTT ON NBD,,Non-Injury Crash,Yes,2016,,East,,0,,Null,,,,,,Twilight,2077503,0,0.0,0.0,2.0,,,0.0,,,,,,Wellington Region,Motorway ramp,2-way,Sealed,,0.0,0,,100.0,,On,0.0,0.0,,47,Wellington City,Unknown,,,,,0.0,0.0,Open,1.0,,,Light rain,Null,0
67480369,,577601,0.0,0.0,0.0,1.0,0.0,North,2017/2018,KAIKOURA ST,AKAROA DRIVE,,Minor Crash,No,2017,0.0,North,0.0,0,0.0,Hill Road,0.0,,0.0,,0.0,Twilight,2201902,1,0.0,0.0,2.0,0.0,0.0,0.0,0.0,1.0,,0.0,0.0,Wellington Region,Nil,2-way,Sealed,0.0,0.0,0,0.0,50.0,0.0,Off,1.0,0.0,,47,Wellington City,Unknown,0.0,0.0,0.0,0.0,0.0,0.0,Urban,0.0,0.0,0.0,Fine,Null,0
67480705,,574900,0.0,0.0,0.0,2.0,0.0,North,2015/2016,MONTGOMERY AVENUE,ALANBROOKE PLACE,,Non-Injury Crash,No,2016,0.0,South,0.0,0,0.0,Hill Road,0.0,,0.0,,0.0,Bright sun,2108303,0,0.0,0.0,2.0,0.0,0.0,0.0,0.0,1.0,,0.0,0.0,Wellington Region,Nil,2-way,Sealed,0.0,0.0,0,0.0,50.0,0.0,Null,0.0,0.0,,47,Wellington City,Unknown,0.0,0.0,0.0,0.0,0.0,0.0,Urban,0.0,0.0,0.0,Fine,Null,0
67480729,,577000,0.0,,0.0,1.0,,North,2016/2017,TIRANGI ROAD,GEORGE BOLT ST,,Non-Injury Crash,No,2016,,South,,0,,Flat,,,,,,Bright sun,2175502,0,0.0,0.0,2.0,,,0.0,,,,,,Wellington Region,Nil,2-way,Sealed,,0.0,0,,50.0,,Off,0.0,0.0,,47,Wellington City,Nil,,,,,0.0,0.0,Urban,1.0,,,Fine,Null,0
67480833,,573101,0.0,0.0,0.0,0.0,0.0,West,2016/2017,COURTENAY PLACE,ALLEN ST,,Non-Injury Crash,No,2016,0.0,West,0.0,0,0.0,Flat,0.0,,1.0,,0.0,Unknown,2135700,0,0.0,0.0,2.0,0.0,0.0,0.0,0.0,0.0,,0.0,0.0,Wellington Region,Nil,2-way,Sealed,0.0,0.0,0,0.0,30.0,0.0,Null,0.0,0.0,,47,Wellington City,Unknown,0.0,0.0,0.0,0.0,1.0,0.0,Urban,0.0,0.0,0.0,Fine,Null,0
67480897,,576903,0.0,,0.0,4.0,,Null,2016/2017,SH 1N,GOA ST,,Minor Crash,Yes,2017,,North,,0,,Hill Road,,,,,,Bright sun,2180601,2,0.0,0.0,2.0,,,0.0,,,,,,Wellington Region,Nil,2-way,Sealed,,0.0,0,,50.0,,Null,0.0,0.0,,47,Wellington City,Give way,,,,,0.0,0.0,Urban,0.0,,,Fine,Null,0
67481009,,572600,0.0,,0.0,1.0,,South,2016/2017,SH 1N,PED SUBWAY,,Non-Injury Crash,Yes,2016,,North,,0,,Flat,,,,,,Overcast,1992400,0,0.0,0.0,4.0,,,0.0,,,,,,Wellington Region,Nil,2-way,Sealed,,0.0,0,,100.0,,Null,1.0,0.0,,47,Wellington City,Unknown,,,,,0.0,0.0,Open,0.0,,,Fine,Null,0
67481185,,573101,0.0,0.0,0.0,1.0,0.0,East,2016/2017,WAKEFIELD ST,TORY ST,,Non-Injury Crash,No,2016,0.0,West,0.0,0,0.0,Flat,0.0,,0.0,,0.0,Bright sun,2135400,0,1.0,0.0,3.0,0.0,0.0,0.0,0.0,1.0,,0.0,0.0,Wellington Region,Nil,1-way,Sealed,0.0,0.0,0,0.0,50.0,0.0,Null,0.0,0.0,,47,Wellington City,Traffic Signals,0.0,0.0,0.0,0.0,0.0,0.0,Urban,0.0,0.0,0.0,Fine,Null,0
67481264,,576901,0.0,0.0,0.0,3.0,0.0,Null,2015/2016,COUTTS ST,SALEK ST,,Non-Injury Crash,No,2016,0.0,South,0.0,0,0.0,Flat,0.0,,0.0,,0.0,Bright sun,2177500,0,0.0,0.0,2.0,0.0,0.0,0.0,0.0,2.0,,0.0,0.0,Wellington Region,Nil,2-way,Sealed,0.0,0.0,0,0.0,50.0,0.0,Null,0.0,0.0,,47,Wellington City,Stop,0.0,0.0,0.0,0.0,0.0,0.0,Urban,0.0,0.0,0.0,Fine,Null,0
67481512,,576301,0.0,,0.0,2.0,,South,2017/2018,ADELAIDE ROAD,TORQUAY TERRACE,,Minor Crash,No,2017,,North,,0,,Hill Road,,,,,,Twilight,2164400,1,0.0,0.0,2.0,,,0.0,,,,,,Wellington Region,Nil,2-way,Sealed,,0.0,0,,50.0,,Off,0.0,0.0,,47,Wellington City,Unknown,,,,,0.0,0.0,Urban,1.0,,,Fine,Null,0
67481584,,576301,0.0,,0.0,1.0,,West,2017/2018,JOHN ST,WALLACE ST,,Minor Crash,No,2017,,East,,0,,Hill Road,,,,,,Overcast,2163300,1,0.0,1.0,2.0,,,0.0,,,,,,Wellington Region,Nil,2-way,Sealed,,0.0,0,,50.0,,Null,0.0,0.0,,47,Wellington City,Unknown,,,,,0.0,0.0,Urban,0.0,,,Fine,Null,0
67481592,,572900,0.0,,1.0,0.0,,West,2017/2018,THORNDON QUAY,MOORE ST,,Minor Crash,No,2017,,East,,0,,Flat,,,,,,Overcast,2121500,1,0.0,0.0,2.0,,,0.0,,,1.0,,,Wellington Region,Nil,2-way,Sealed,,0.0,0,,50.0,,Null,0.0,0.0,,47,Wellington City,Nil,,,,,0.0,0.0,Urban,0.0,,,Light rain,Strong wind,0
67481864,,572600,0.0,,0.0,0.0,,North,2017/2018,MAIN ROAD,PARALLEL ACCESS,,Non-Injury Crash,No,2017,,South,,0,,Flat,,,,,,Bright sun,1991102,0,0.0,0.0,2.0,,,0.0,,,,,,Wellington Region,Nil,2-way,Sealed,,0.0,0,,50.0,,Null,2.0,0.0,,47,Wellington City,Unknown,,,,,1.0,0.0,Urban,0.0,,,Light rain,Null,0
67482216,,574100,0.0,,0.0,2.0,,North,2016/2017,MOOREFIELD ROAD,HAUMIA ST,,Non-Injury Crash,No,2016,,South,,0,,Flat,,,,,,Bright sun,2085500,0,0.0,0.0,2.0,,,0.0,,,,,,Wellington Region,Nil,2-way,Sealed,,0.0,0,,50.0,,Null,0.0,0.0,,47,Wellington City,Unknown,,,,,0.0,0.0,Urban,0.0,,,Fine,Null,0
67482504,,574002,0.0,,0.0,1.0,,South,2015/2016,SH 1N,NEWLANDS ON SBD,,Non-Injury Crash,Yes,2016,,South,,0,,Hill Road,,,,,,Overcast,2078304,0,0.0,0.0,6.0,,,0.0,,,,,,Wellington Region,Nil,2-way,Sealed,,0.0,0,,80.0,,Null,0.0,0.0,,47,Wellington City,Unknown,,,,,0.0,0.0,Open,1.0,,,Fine,Null,0
67482647,,573000,0.0,0.0,0.0,2.0,0.0,North,2016/2017,THE TERRACE,ALLENBY TERRACE,,Serious Crash,No,2017,0.0,South,0.0,0,0.0,Flat,0.0,,0.0,,0.0,Twilight,2127900,0,0.0,0.0,2.0,0.0,0.0,0.0,0.0,1.0,,0.0,0.0,Wellington Region,Nil,2-way,Sealed,0.0,0.0,1,0.0,50.0,0.0,On,0.0,0.0,,47,Wellington City,Nil,0.0,0.0,0.0,0.0,0.0,0.0,Urban,0.0,0.0,0.0,Fine,Null,0
67483550,,576800,0.0,0.0,0.0,2.0,0.0,North,2016/2017,HATAITAI ROAD,HUIA ROAD,,Non-Injury Crash,No,2016,0.0,North,0.0,0,0.0,Hill Road,0.0,,0.0,,0.0,Overcast,2184300,0,0.0,0.0,2.0,0.0,0.0,0.0,0.0,1.0,,0.0,0.0,Wellington Region,Nil,2-way,Sealed,0.0,0.0,0,0.0,50.0,0.0,Null,0.0,0.0,,47,Wellington City,Unknown,0.0,0.0,0.0,0.0,0.0,0.0,Urban,0.0,0.0,0.0,Null,Null,0
67483854,,573000,0.0,,0.0,2.0,,Null,2016/2017,SH 1N,EVERTON OBR,,Non-Injury Crash,Yes,2016,,South,,0,,Flat,,,,,,Overcast,2126403,0,0.0,0.0,1.0,,,0.0,,,,,,Wellington Region,Nil,1-way,Sealed,,0.0,0,,80.0,,Null,0.0,0.0,,47,Wellington City,Unknown,,,,,0.0,0.0,Open,0.0,,,Light rain,Null,0
67483894,,572900,0.0,0.0,0.0,1.0,0.0,West,2016/2017,MURPHY OFF SBD,SH 1N,,Non-Injury Crash,Yes,2017,0.0,West,0.0,0,0.0,Hill Road,1.0,,0.0,,0.0,Dark,2118500,0,0.0,0.0,1.0,0.0,0.0,0.0,0.0,0.0,,0.0,1.0,Wellington Region,Motorway ramp,1-way,Sealed,0.0,0.0,0,0.0,100.0,0.0,On,0.0,0.0,,47,Wellington City,Unknown,0.0,0.0,0.0,0.0,0.0,0.0,Open,0.0,0.0,0.0,Light rain,Null,0
67484046,,573300,0.0,,0.0,1.0,,Null,2016/2017,WALLACE ST,TASMAN ST,,Minor Crash,No,2017,,East,,0,,Hill Road,,,,,,Overcast,2146300,1,0.0,1.0,2.0,,,0.0,,,,,,Wellington Region,Nil,2-way,Sealed,,0.0,0,,50.0,,Null,0.0,0.0,,47,Wellington City,Give way,,,,,0.0,0.0,Urban,0.0,,,Light rain,Null,0
67484190,,573000,0.0,,0.0,2.0,,South,2017/2018,WILLIS ST,DIXON ST,,Non-Injury Crash,No,2017,,North,,0,,Flat,,,,,,Overcast,2130700,0,0.0,0.0,2.0,,,0.0,,,,,,Wellington Region,Nil,2-way,Sealed,,0.0,0,,50.0,,Null,0.0,0.0,,47,Wellington City,Unknown,,,,,0.0,0.0,Urban,1.0,,,Fine,Strong wind,0
67484230,,573400,0.0,,0.0,1.0,,West,2016/2017,ORIENTAL PARADE,HERD ST,,Non-Injury Crash,No,2016,,West,,0,,Flat,,,,,,Bright sun,2138800,0,0.0,0.0,3.0,,,0.0,,,,,,Wellington Region,Nil,2-way,Sealed,,0.0,0,,40.0,,Null,1.0,0.0,,47,Wellington City,Unknown,,,,,0.0,0.0,Urban,0.0,,,Fine,Null,0
67484702,,573300,0.0,,0.0,2.0,,South,2017/2018,SH 1N,ELLICE ST,,Non-Injury Crash,Yes,2017,,East,,0,,Flat,,,,,,Overcast,2145602,0,0.0,0.0,4.0,,,0.0,,,,,,Wellington Region,Nil,1-way,Sealed,,0.0,0,,50.0,,Null,0.0,0.0,,47,Wellington City,Unknown,,,,,0.0,0.0,Urban,0.0,,,Light rain,Null,0
67485006,,574500,0.0,0.0,0.0,1.0,0.0,North,2016/2017,SH 1N,AOTEA ON NBD,,Non-Injury Crash,Yes,2017,0.0,North,0.0,0,0.0,Flat,1.0,,0.0,,0.0,Dark,2093600,0,0.0,0.0,4.0,0.0,0.0,0.0,0.0,0.0,,0.0,0.0,Wellington Region,Nil,2-way,Sealed,0.0,0.0,0,0.0,100.0,0.0,On,0.0,0.0,80.0,47,Wellington City,Unknown,0.0,0.0,0.0,0.0,0.0,0.0,Open,0.0,0.0,0.0,Heavy rain,Null,0
67485126,,573000,0.0,0.0,1.0,1.0,0.0,West,2017/2018,SALAMANCA ROAD,THE TERRACE,,Non-Injury Crash,No,2017,0.0,West,0.0,0,0.0,Hill Road,0.0,,0.0,,0.0,Overcast,2126900,0,0.0,0.0,2.0,0.0,0.0,0.0,0.0,0.0,,0.0,0.0,Wellington Region,Nil,2-way,Sealed,1.0,0.0,0,0.0,50.0,0.0,Null,0.0,0.0,,47,Wellington City,Unknown,0.0,0.0,0.0,0.0,0.0,0.0,Urban,0.0,0.0,0.0,Null,Null,0
67494445,,573522,0.0,,0.0,2.0,,Null,2016/2017,TAKAPU ROAD,TAWA OFF SBD,,Minor Crash,No,2016,,South,,0,,Flat,,,,,,Overcast,2053703,1,0.0,0.0,2.0,,,0.0,,,,,,Wellington Region,Motorway ramp,2-way,Sealed,,0.0,0,,50.0,,Off,0.0,0.0,,47,Wellington City,Stop,,,,,0.0,0.0,Urban,0.0,,,Fine,Strong wind,0
67494449,,573526,0.0,,0.0,3.0,,North,2015/2016,SH 2,WEIGH PIT,,Non-Injury Crash,Yes,2015,,North,,0,,Flat,,,,,,Bright sun,2077503,0,0.0,0.0,4.0,,,0.0,,,,,,Wellington Region,Nil,2-way,Sealed,,0.0,0,,100.0,,Null,0.0,0.0,,47,Wellington City,Unknown,,,,,0.0,0.0,Open,1.0,,,Fine,Null,0
67494501,,576500,0.0,0.0,0.0,0.0,0.0,Null,2015/2016,ADELAIDE ROAD,SH 1N,,Minor Crash,Yes,2015,0.0,North,0.0,0,0.0,Flat,0.0,,0.0,,0.0,Bright sun,2147900,1,0.0,0.0,3.0,0.0,0.0,0.0,0.0,0.0,1.0,0.0,1.0,Wellington Region,Nil,2-way,Sealed,0.0,0.0,0,0.0,50.0,0.0,Null,0.0,0.0,,47,Wellington City,Traffic Signals,0.0,0.0,0.0,0.0,1.0,0.0,Urban,0.0,0.0,0.0,Fine,Null,0
67494565,,572900,0.0,0.0,0.0,1.0,0.0,North,2015/2016,MOLESWORTH ST,HAWKESTONE ST,,Minor Crash,No,2016,0.0,East,0.0,0,0.0,Flat,0.0,,0.0,,0.0,Overcast,2119200,1,2.0,2.0,2.0,0.0,0.0,0.0,0.0,1.0,,0.0,0.0,Wellington Region,Nil,1-way,Sealed,0.0,0.0,0,0.0,50.0,0.0,Null,0.0,0.0,,47,Wellington City,Nil,0.0,0.0,0.0,0.0,0.0,0.0,Urban,0.0,0.0,0.0,Fine,Null,0
67494829,,576700,0.0,0.0,0.0,2.0,0.0,West,2015/2016,LOOKOUT ROAD,THANE ROAD,,Non-Injury Crash,No,2015,0.0,East,0.0,0,0.0,Hill Road,0.0,,0.0,,0.0,Dark,2185700,0,0.0,0.0,2.0,0.0,0.0,0.0,0.0,1.0,,0.0,0.0,Wellington Region,Nil,2-way,Sealed,0.0,0.0,0,0.0,50.0,0.0,On,0.0,0.0,,47,Wellington City,Unknown,0.0,0.0,0.0,1.0,0.0,0.0,Urban,0.0,0.0,0.0,Light rain,Null,0
67495073,,575701,0.0,0.0,0.0,1.0,1.0,North,2015/2016,FORTUNATUS ST,MANA ST,,Non-Injury Crash,No,2015,0.0,North,0.0,0,0.0,Hill Road,0.0,,0.0,,0.0,Overcast,2200000,0,0.0,0.0,1.0,0.0,0.0,0.0,0.0,0.0,,0.0,0.0,Wellington Region,Nil,2-way,Sealed,0.0,0.0,0,0.0,50.0,0.0,Null,0.0,0.0,,47,Wellington City,Unknown,0.0,0.0,0.0,0.0,0.0,0.0,Urban,0.0,0.0,0.0,Fine,Null,0
67495305,,573101,1.0,,0.0,1.0,,South,2015/2016,TORY ST,EBOR ST,,Minor Crash,No,2015,,North,,0,,Flat,,,,,,Bright sun,2136500,1,0.0,0.0,2.0,,,0.0,,,,,,Wellington Region,Nil,2-way,Sealed,,0.0,0,,50.0,,Null,0.0,0.0,,47,Wellington City,Give way,,,,,0.0,0.0,Urban,0.0,,,Fine,Null,0
67495477,,572900,1.0,,0.0,1.0,,Null,2015/2016,HUTT ROAD,SAR ST,,Minor Crash,No,2016,,North,,0,,Flat,,,,,,Bright sun,2118400,1,0.0,0.0,4.0,,,0.0,,,,,,Wellington Region,Nil,2-way,Sealed,,0.0,0,,50.0,,Null,0.0,0.0,,47,Wellington City,Give way,,,,,0.0,0.0,Urban,0.0,,,Fine,Null,0
67495505,,572500,0.0,0.0,0.0,1.0,0.0,North,2014/2015,MAIN ROAD,REDWOOD AVENUE S,,Non-Injury Crash,No,2015,0.0,South,0.0,0,0.0,Flat,0.0,,0.0,,0.0,Overcast,1986200,0,0.0,0.0,2.0,0.0,0.0,0.0,0.0,1.0,,0.0,0.0,Wellington Region,Nil,2-way,Sealed,0.0,0.0,0,0.0,50.0,0.0,Null,0.0,0.0,,47,Wellington City,Nil,0.0,0.0,0.0,0.0,1.0,0.0,Urban,0.0,0.0,0.0,Fine,Null,0
67495541,,572900,0.0,,0.0,1.0,,Null,2015/2016,SH 1N,HOBSON ST OBR NBD,,Minor Crash,Yes,2016,,North,,0,,Flat,,,,,,Overcast,2117902,1,0.0,1.0,3.0,,,0.0,,,,,,Wellington Region,Nil,1-way,Sealed,,0.0,0,,100.0,,Null,0.0,0.0,,47,Wellington City,Unknown,,,,,0.0,0.0,Open,1.0,,,Fine,Null,0
67495717,,573522,0.0,,0.0,1.0,,North,2014/2015,TAWA OFF NBD,SH 1N,,Minor Crash,Yes,2015,,North,,0,,Hill Road,,,,,,Overcast,2053703,1,0.0,1.0,5.0,,,0.0,,,,,,Wellington Region,Motorway ramp,2-way,Sealed,,0.0,0,,100.0,,Null,0.0,0.0,,47,Wellington City,Unknown,,,,,0.0,0.0,Open,0.0,,,Heavy rain,Null,0
67495821,,575701,0.0,0.0,0.0,2.0,0.0,North,2015/2016,CONNAUGHT TERRACE,PEARCE ST,,Non-Injury Crash,No,2016,0.0,West,0.0,0,0.0,Hill Road,0.0,,0.0,,0.0,Unknown,2200101,0,0.0,0.0,2.0,0.0,0.0,0.0,0.0,1.0,,0.0,0.0,Wellington Region,Nil,2-way,Sealed,0.0,0.0,0,0.0,50.0,0.0,Null,0.0,0.0,,47,Wellington City,Unknown,0.0,0.0,0.0,0.0,0.0,0.0,Urban,0.0,0.0,0.0,Null,Null,0
67495825,,573801,0.0,,0.0,3.0,,North,2015/2016,SH 1N,JOHNSONVILLE OFF SBD,,Non-Injury Crash,Yes,2016,,South,,0,,Flat,,,,,,Bright sun,2078900,0,0.0,0.0,4.0,,,0.0,,,,,,Wellington Region,Nil,2-way,Sealed,,0.0,0,,100.0,,Null,0.0,0.0,,47,Wellington City,Unknown,,,,,0.0,0.0,Open,0.0,,,Fine,Null,0
67496037,,572900,0.0,,1.0,1.0,,Null,2015/2016,SLIP ROAD,THORNDON QUAY,,Minor Crash,No,2015,,North,,0,,Flat,,,,,,Bright sun,2121500,1,0.0,0.0,2.0,,,0.0,,,,,,Wellington Region,Nil,2-way,Sealed,,0.0,0,,50.0,,Off,0.0,0.0,,47,Wellington City,Give way,,,,,0.0,0.0,Urban,0.0,,,Fine,Null,0
67496105,,576301,0.0,,0.0,1.0,,South,2014/2015,RIDDIFORD ST,JOHN ST,,Non-Injury Crash,No,2015,,South,,0,,Flat,,,,,,Dark,2163500,0,0.0,1.0,4.0,,,0.0,,,,,,Wellington Region,Nil,2-way,Sealed,,0.0,0,,50.0,,On,0.0,0.0,,47,Wellington City,Nil,,,,,0.0,0.0,Urban,0.0,,,Fine,Null,0
67496209,,573700,0.0,0.0,0.0,0.0,0.0,West,2015/2016,IRONSIDE ROAD,EARP ST,,Fatal Crash,No,2015,0.0,West,0.0,1,1.0,Hill Road,0.0,,0.0,,0.0,Dark,2081601,0,0.0,1.0,2.0,0.0,0.0,0.0,0.0,0.0,,0.0,1.0,Wellington Region,Nil,2-way,Sealed,0.0,0.0,0,0.0,50.0,0.0,On,0.0,0.0,,47,Wellington City,Nil,0.0,0.0,0.0,0.0,0.0,0.0,Urban,0.0,0.0,0.0,Fine,Null,0
67496277,,572900,0.0,0.0,0.0,1.0,0.0,North,2014/2015,SH 1N,AOTEA QUAY,,Non-Injury Crash,Yes,2015,0.0,North,0.0,0,0.0,Flat,1.0,,0.0,,0.0,Dark,2118400,0,0.0,0.0,6.0,0.0,0.0,0.0,0.0,0.0,,0.0,0.0,Wellington Region,Nil,2-way,Sealed,0.0,0.0,0,0.0,100.0,0.0,On,0.0,0.0,,47,Wellington City,Nil,0.0,0.0,0.0,0.0,0.0,0.0,Open,0.0,0.0,0.0,Light rain,Null,0
67496369,,574600,0.0,,0.0,1.0,,South,2014/2015,CECIL ROAD,WADESTOWN ROAD,,Non-Injury Crash,No,2015,,South,,0,,Hill Road,,,,,,Bright sun,2101100,0,0.0,0.0,2.0,,,0.0,,,,,,Wellington Region,Nil,2-way,Sealed,,0.0,0,,50.0,,Null,0.0,0.0,,47,Wellington City,Nil,,,,,1.0,0.0,Urban,0.0,,,Fine,Null,0
67496797,,576800,0.0,,1.0,1.0,,South,2014/2015,HATAITAI ROAD,RAKAU ROAD,,Non-Injury Crash,No,2015,,North,,0,,Hill Road,,,,,,Overcast,2184400,0,0.0,0.0,2.0,,,0.0,,,,,,Wellington Region,Nil,2-way,Sealed,,0.0,0,,50.0,,Off,0.0,0.0,,47,Wellington City,Nil,,,,,0.0,0.0,Urban,0.0,,,Fine,Null,0
67497161,,576901,0.0,,0.0,2.0,,Null,2014/2015,SH 1N,TROY ST,,Non-Injury Crash,Yes,2015,,South,,0,,Flat,,,,,,Dark,2176800,0,0.0,0.0,2.0,,,0.0,,,,,,Wellington Region,Nil,1-way,Sealed,,0.0,0,,70.0,,On,0.0,0.0,,47,Wellington City,Give way,,,,,0.0,0.0,Urban,0.0,,,Fine,Null,0
67497225,,576600,0.0,,0.0,1.0,,West,2015/2016,ORIENTAL PARADE,ORIENTAL TERRACE,,Minor Crash,No,2015,,West,,0,,Flat,,,,,,Bright sun,2137900,1,0.0,0.0,2.0,,,0.0,,,1.0,,,Wellington Region,Nil,2-way,Sealed,,0.0,0,,40.0,,Null,0.0,0.0,,47,Wellington City,Unknown,,,,,0.0,0.0,Urban,0.0,,,Fine,Null,0
67497273,,575902,1.0,0.0,0.0,0.0,0.0,North,2015/2016,FROBISHER ST,SEVERN ST,,Serious Crash,No,2015,0.0,South,0.0,0,0.0,Hill Road,0.0,,0.0,,0.0,Bright sun,2187402,0,0.0,0.0,2.0,0.0,0.0,0.0,0.0,1.0,,0.0,0.0,Wellington Region,Nil,2-way,Sealed,0.0,0.0,1,0.0,50.0,0.0,Null,1.0,0.0,,47,Wellington City,Unknown,0.0,0.0,0.0,0.0,0.0,0.0,Urban,0.0,0.0,0.0,Fine,Null,0
67497293,,572701,0.0,0.0,0.0,2.0,0.0,South,2015/2016,DUNCAN ST,MCLELLAN ST,,Minor Crash,No,2015,0.0,North,0.0,0,0.0,Flat,0.0,,0.0,,0.0,Bright sun,1993600,1,0.0,0.0,2.0,0.0,0.0,0.0,0.0,1.0,,0.0,0.0,Wellington Region,Nil,2-way,Sealed,0.0,0.0,0,0.0,50.0,0.0,Null,0.0,0.0,,47,Wellington City,Unknown,0.0,0.0,0.0,0.0,0.0,0.0,Urban,0.0,0.0,0.0,Fine,Null,0
67497589,,574303,0.0,,0.0,2.0,,South,2014/2015,SH 1N,NEWLANDS ON NBD,,Non-Injury Crash,Yes,2015,,South,,0,,Hill Road,,,,,,Bright sun,2084302,0,0.0,0.0,2.0,,,0.0,,,,,,Wellington Region,Nil,2-way,Sealed,,0.0,0,,80.0,,Null,0.0,0.0,,47,Wellington City,Nil,,,,,0.0,0.0,Open,0.0,,,Fine,Null,0
67497865,,573101,0.0,,0.0,1.0,,Null,2015/2016,TARANAKI ST,INGLEWOOD PLACE,,Non-Injury Crash,No,2015,,North,,0,,Flat,,,,,,Overcast,2135800,0,0.0,0.0,4.0,,,0.0,,,,,,Wellington Region,Nil,2-way,Sealed,,0.0,0,,50.0,,Null,1.0,0.0,,47,Wellington City,Nil,,,,,0.0,0.0,Urban,0.0,,,Fine,Null,0
67498129,,573901,0.0,0.0,0.0,2.0,0.0,North,2015/2016,BEAZLEY AVENUE,BRACKEN ROAD,,Non-Injury Crash,No,2015,0.0,South,0.0,0,0.0,Hill Road,0.0,Christmas New Year,0.0,,0.0,Bright sun,2072800,0,0.0,0.0,2.0,0.0,0.0,0.0,0.0,1.0,,0.0,0.0,Wellington Region,Nil,2-way,Sealed,0.0,0.0,0,0.0,50.0,0.0,Null,0.0,0.0,,47,Wellington City,Unknown,0.0,0.0,0.0,0.0,0.0,0.0,Urban,0.0,0.0,0.0,Fine,Null,0
67498221,,576901,1.0,,0.0,1.0,,South,2015/2016,ONEPU ROAD,RONGOTAI ROAD,,Non-Injury Crash,No,2015,,South,,0,,Flat,,,,,,Bright sun,2178200,0,0.0,0.0,2.0,,,0.0,,,,,,Wellington Region,Nil,2-way,Sealed,,0.0,0,,50.0,,Off,0.0,0.0,,47,Wellington City,Nil,,,,,0.0,0.0,Urban,0.0,,,Fine,Null,0
67498225,,573101,0.0,,1.0,1.0,,West,2015/2016,COURTENAY PLACE,ALLEN ST,,Non-Injury Crash,No,2015,,East,,0,,Flat,,,,,,Overcast,2135700,0,0.0,0.0,2.0,,,0.0,,,,,,Wellington Region,Nil,1-way,Sealed,,0.0,0,,40.0,,Null,0.0,1.0,,47,Wellington City,Nil,,,,,0.0,0.0,Urban,0.0,,,Light rain,Null,0
67498501,,573000,0.0,,0.0,1.0,,Null,2015/2016,SH 1N,SOUTH PORTAL,,Non-Injury Crash,Yes,2015,,South,,0,,Flat,,,,,,Bright sun,2130600,0,0.0,0.0,3.0,,,0.0,,,,,,Wellington Region,Nil,2-way,Sealed,,0.0,0,,70.0,,Null,0.0,0.0,,47,Wellington City,Nil,,,,,0.0,0.0,Urban,1.0,,,Fine,Null,0
67498557,,576500,0.0,,0.0,1.0,,South,2015/2016,ADELAIDE ROAD,RUGBY ST,,Non-Injury Crash,No,2015,,North,,0,,Flat,,,,,,Overcast,2148000,0,0.0,1.0,4.0,,,0.0,,,,,,Wellington Region,Nil,2-way,Sealed,,0.0,0,,50.0,,Null,0.0,0.0,,47,Wellington City,Unknown,,,,,0.0,0.0,Urban,0.0,,,Fine,Strong wind,0
67498637,,576200,0.0,0.0,0.0,2.0,0.0,North,2014/2015,RINTOUL ST,LUXFORD ST,,Non-Injury Crash,No,2015,0.0,South,0.0,0,0.0,Flat,0.0,,0.0,,0.0,Bright sun,2171700,0,0.0,0.0,2.0,0.0,0.0,0.0,0.0,1.0,,0.0,0.0,Wellington Region,Nil,2-way,Sealed,0.0,0.0,0,0.0,50.0,0.0,Null,0.0,0.0,,47,Wellington City,Nil,0.0,0.0,0.0,0.0,0.0,0.0,Urban,0.0,0.0,0.0,Fine,Null,0
67498757,,573000,0.0,,1.0,0.0,,Null,2014/2015,WILLIS ST,LAMBTON QUAY,,Non-Injury Crash,No,2015,,North,,0,,Flat,,,,,,Bright sun,2127100,0,0.0,0.0,2.0,,,0.0,,,,,,Wellington Region,Nil,2-way,Sealed,,0.0,0,,50.0,,Null,0.0,0.0,,47,Wellington City,Traffic Signals,,,,,0.0,0.0,Urban,1.0,,,Fine,Null,0
67498793,,573000,0.0,,0.0,2.0,,Null,2014/2015,SH 1N VIVIAN ST,WILLIS ST,,Non-Injury Crash,Yes,2015,,South,,0,,Flat,,,,,,Bright sun,2129700,0,0.0,0.0,2.0,,,0.0,,,,,,Wellington Region,Nil,1-way,Sealed,,0.0,0,,50.0,,Null,0.0,0.0,,47,Wellington City,Traffic Signals,,,,,0.0,0.0,Urban,0.0,,,Fine,Null,0