OBJECTID,advisorySpeed,areaUnitID,bicycle,bridge,bus,carStationWagon,cliffBank,crashDirectionDescription,crashFinancialYear,crashLocation1,crashLocation2,crashRoadSideRoad,crashSeverity,crashSHDescription,crashYear,debris,directionRoleDescription,ditch,fatalCount,fence,flatHill,guardRail,holiday,houseOrBuilding,intersection,kerb,light,meshblockId,minorInjuryCount,moped,motorcycle,NumberOfLanes,objectThrownOrDropped,otherObject,otherVehicleType,overBank,parkedVehicle,pedestrian,phoneBoxEtc,postOrPole,region,roadCharacter,roadLane,roadSurface,roadworks,schoolBus,seriousInjuryCount,slipOrFlood,speedLimit,strayAnimal,streetLight,suv,taxi,temporarySpeedLimit,tlaId,tlaName,trafficControl,trafficIsland,trafficSign,train,tree,truck,unknownVehicleType,urban,vanOrUtility,vehicle,waterRiver,weatherA,weatherB,if_pandemic
67498833,,573101,0.0,,0.0,2.0,,South,2014/2015,WILLIS ST,GHUZNEE ST,,Non-Injury Crash,No,2015,,North,,0,,Flat,,,,,,Bright sun,2131600,0,0.0,0.0,5.0,,,0.0,,,,,,Wellington Region,Nil,2-way,Sealed,,0.0,0,,50.0,,Off,0.0,0.0,,47,Wellington City,Nil,,,,,0.0,0.0,Urban,0.0,,,Fine,Null,0
67498857,,573523,0.0,,0.0,2.0,,Null,2015/2016,MARK AVENUE,TRINIDAD CRESCENT,,Non-Injury Crash,No,2015,,South,,0,,Hill Road,,,,,,Dark,2086310,0,0.0,0.0,2.0,,,0.0,,,,,,Wellington Region,Nil,2-way,Sealed,,0.0,0,,50.0,,On,0.0,0.0,,47,Wellington City,Nil,,,,,0.0,0.0,Urban,0.0,,,Fine,Null,0
67499009,,576600,0.0,,0.0,3.0,,East,2014/2015,ORIENTAL PARADE,HERD ST,,Non-Injury Crash,No,2015,,East,,0,,Flat,,,,,,Bright sun,2137900,0,0.0,0.0,2.0,,,0.0,,,,,,Wellington Region,Nil,2-way,Sealed,,0.0,0,,50.0,,Off,0.0,0.0,,47,Wellington City,Nil,,,,,0.0,0.0,Urban,0.0,,,Fine,Null,0
67499081,,574500,0.0,0.0,0.0,1.0,0.0,Null,2014/2015,SH 1N,AOTEA ON NBD,,Non-Injury Crash,Yes,2015,0.0,North,0.0,0,0.0,Hill Road,1.0,,0.0,,0.0,Dark,2093600,0,0.0,0.0,3.0,0.0,0.0,0.0,0.0,0.0,,0.0,0.0,Wellington Region,Nil,1-way,Sealed,0.0,0.0,0,0.0,100.0,0.0,On,0.0,0.0,,47,Wellington City,Nil,0.0,0.0,0.0,0.0,0.0,0.0,Open,0.0,0.0,0.0,Fine,Null,0
67499105,,576901,0.0,0.0,0.0,1.0,0.0,South,2014/2015,COUTTS ST,MAMARI ST,,Non-Injury Crash,No,2015,0.0,South,0.0,0,0.0,Flat,0.0,,0.0,,0.0,Dark,2176701,0,0.0,0.0,2.0,0.0,0.0,0.0,0.0,1.0,,0.0,0.0,Wellington Region,Nil,2-way,Sealed,0.0,0.0,0,0.0,50.0,0.0,Off,1.0,0.0,,47,Wellington City,Nil,0.0,0.0,0.0,0.0,0.0,0.0,Urban,0.0,0.0,0.0,Heavy rain,Null,0
67499113,,572900,0.0,,0.0,2.0,,South,2014/2015,MAY ON NBD,SH 1N,,Non-Injury Crash,Yes,2015,,North,,0,,Flat,,,,,,Overcast,2118500,0,0.0,0.0,3.0,,,0.0,,,,,,Wellington Region,Motorway ramp,1-way,Sealed,,0.0,0,,100.0,,Off,0.0,0.0,,47,Wellington City,Nil,,,,,0.0,0.0,Open,1.0,,,Fine,Null,0
67499201,,573101,0.0,0.0,0.0,1.0,0.0,East,2014/2015,DIXON ST,WILLIS ST,,Non-Injury Crash,No,2015,0.0,West,0.0,0,0.0,Hill Road,0.0,,0.0,,0.0,Bright sun,2131300,0,0.0,0.0,2.0,0.0,0.0,0.0,0.0,1.0,,0.0,0.0,Wellington Region,Nil,1-way,Sealed,0.0,0.0,0,0.0,50.0,0.0,Off,1.0,0.0,,47,Wellington City,Nil,0.0,0.0,0.0,0.0,0.0,0.0,Urban,0.0,0.0,0.0,Fine,Null,0
67499281,,572701,0.0,,0.0,2.0,,Null,2015/2016,COLLINS AVENUE,HINAU ST,,Non-Injury Crash,No,2015,,West,,0,,Flat,,,,,,Bright sun,1993000,0,0.0,0.0,2.0,,,0.0,,,,,,Wellington Region,Nil,2-way,Sealed,,0.0,0,,50.0,,None,0.0,0.0,,47,Wellington City,Give way,,,,,0.0,0.0,Urban,0.0,,,Fine,Null,0
67499397,,573400,0.0,,0.0,2.0,,East,2014/2015,SH 1N,DUFFERIN ST,,Non-Injury Crash,Yes,2015,,West,,0,,Hill Road,,,,,,Bright sun,2143300,0,0.0,0.0,4.0,,,0.0,,,,,,Wellington Region,Nil,2-way,Sealed,,0.0,0,,50.0,,Null,0.0,1.0,,47,Wellington City,Unknown,,,,,0.0,0.0,Urban,0.0,,,Fine,Null,0
67499553,,576800,0.0,,0.0,3.0,,West,2014/2015,SH 1N,EAST PORTAL,,Non-Injury Crash,Yes,2015,,West,,0,,Flat,,Queens Birthday,,,,Dark,2181700,0,0.0,0.0,2.0,,,0.0,,,,,,Wellington Region,Nil,2-way,Sealed,,0.0,0,,50.0,,On,0.0,0.0,,47,Wellington City,Nil,,,,,0.0,0.0,Urban,0.0,,,Fine,Null,0
67499573,,577200,0.0,,0.0,3.0,,North,2014/2015,COBHAM DRIVE,SH 1N,,Non-Injury Crash,No,2015,,South,,0,,Hill Road,,,,,,Bright sun,2206200,0,0.0,0.0,2.0,,,0.0,,,,,,Wellington Region,Nil,2-way,Sealed,,0.0,0,,50.0,,Null,0.0,0.0,,47,Wellington City,Give way,,,,,0.0,0.0,Urban,0.0,,,Fine,Null,0
67499625,,572900,0.0,,0.0,2.0,,Null,2014/2015,TINAKORI ROAD,HARRIETT ST,,Non-Injury Crash,No,2015,,South,,0,,Flat,,,,,,Dark,2123100,0,0.0,0.0,3.0,,,0.0,,,,,,Wellington Region,Nil,2-way,Sealed,,0.0,0,,50.0,,On,0.0,0.0,,47,Wellington City,Traffic Signals,,,,,0.0,0.0,Urban,0.0,,,Fine,Null,0
67499773,,576200,0.0,,1.0,1.0,,Null,2014/2015,BRITOMART ST,ADELAIDE ROAD,,Non-Injury Crash,No,2015,,East,,0,,Flat,,,,,,Bright sun,2171900,0,0.0,0.0,2.0,,,0.0,,,,,,Wellington Region,Nil,2-way,Sealed,,0.0,0,,70.0,,Null,0.0,1.0,,47,Wellington City,Traffic Signals,,,,,0.0,0.0,Urban,0.0,,,Fine,Null,0
67499845,,573700,0.0,,0.0,3.0,,South,2015/2016,SH 1N,JOHNSONVILLE OFF NBD,,Non-Injury Crash,Yes,2015,,South,,0,,Hill Road,,,,,,Bright sun,2083100,0,0.0,0.0,4.0,,,0.0,,,,,,Wellington Region,Nil,2-way,Sealed,,0.0,0,,100.0,,Null,0.0,0.0,,47,Wellington City,Unknown,,,,,0.0,0.0,Open,0.0,,,Fine,Null,0
67500365,,572900,0.0,,0.0,0.0,,North,2015/2016,WATERLOO QUAY,BUNNY ST,,Serious Crash,No,2015,,South,,0,,Flat,,,,,,Overcast,2122700,1,0.0,1.0,5.0,,,0.0,,,1.0,,,Wellington Region,Nil,2-way,Sealed,,0.0,1,,50.0,,Off,0.0,0.0,,47,Wellington City,Nil,,,,,0.0,0.0,Urban,0.0,,,Heavy rain,Strong wind,0
67500449,,574303,0.0,,0.0,2.0,,South,2015/2016,SH 1N,SH 2,,Non-Injury Crash,Yes,2015,,North,,0,,Flat,,,,,,Bright sun,2090402,0,0.0,0.0,3.0,,,0.0,,,,,,Wellington Region,Nil,1-way,Sealed,,0.0,0,,80.0,,Null,0.0,0.0,,47,Wellington City,Nil,,,,,0.0,0.0,Open,0.0,,,Fine,Null,0
67500605,,576301,0.0,,0.0,2.0,,South,2014/2015,RINTOUL ST,BRIXHAM WAY,,Non-Injury Crash,No,2015,,South,,0,,Flat,,,,,,Bright sun,2165400,0,0.0,0.0,2.0,,,0.0,,,,,,Wellington Region,Nil,2-way,Sealed,,0.0,0,,50.0,,Null,0.0,0.0,,47,Wellington City,Nil,,,,,0.0,0.0,Urban,0.0,,,Fine,Null,0
67500693,,573522,0.0,0.0,0.0,2.0,0.0,South,2014/2015,SH 1N,TAWA ON NBD,,Non-Injury Crash,Yes,2015,0.0,North,0.0,0,0.0,Null,1.0,Queens Birthday,0.0,,0.0,Dark,2053703,0,0.0,0.0,4.0,0.0,0.0,0.0,0.0,0.0,,0.0,0.0,Wellington Region,Motorway ramp,2-way,Sealed,0.0,0.0,0,0.0,100.0,0.0,On,0.0,0.0,,47,Wellington City,Unknown,0.0,0.0,0.0,0.0,0.0,0.0,Open,0.0,0.0,0.0,Light rain,Null,0
67500697,,572900,0.0,0.0,0.0,0.0,0.0,North,2015/2016,TINAKORI ON NBD,TINAKORI ROAD,,Non-Injury Crash,Yes,2015,0.0,North,0.0,0,0.0,Flat,0.0,,0.0,,0.0,Overcast,2120100,0,0.0,0.0,2.0,0.0,1.0,0.0,0.0,0.0,,0.0,0.0,Wellington Region,Motorway ramp,1-way,Sealed,0.0,0.0,0,0.0,50.0,0.0,Null,1.0,0.0,,47,Wellington City,Nil,0.0,0.0,0.0,0.0,0.0,0.0,Urban,0.0,0.0,0.0,Light rain,Null,0
67500773,,573101,0.0,,0.0,2.0,,Null,2014/2015,CAMBRIDGE TERRACE,MAJORIBANKS ST,,Non-Injury Crash,No,2015,,North,,0,,Flat,,,,,,Twilight,2135700,0,0.0,0.0,2.0,,,0.0,,,,,,Wellington Region,Nil,2-way,Sealed,,0.0,0,,50.0,,On,0.0,0.0,,47,Wellington City,Traffic Signals,,,,,0.0,0.0,Urban,0.0,,,Fine,Null,0
67500905,,573000,0.0,,0.0,2.0,,South,2015/2016,JERVOIS QUAY,WILLESTON ST,,Non-Injury Crash,No,2016,,North,,0,,Flat,,,,,,Bright sun,2124300,0,0.0,0.0,4.0,,,0.0,,,,,,Wellington Region,Nil,2-way,Sealed,,0.0,0,,50.0,,Null,0.0,1.0,,47,Wellington City,Traffic Signals,,,,,1.0,0.0,Urban,0.0,,,Null,Null,0
67500997,,574002,0.0,,0.0,2.0,,South,2015/2016,SH 2,NGAURANGA ON NBD OBR,,Non-Injury Crash,Yes,2015,,South,,0,,Flat,,,,,,Overcast,2078302,0,0.0,0.0,4.0,,,0.0,,,,,,Wellington Region,Nil,2-way,Sealed,,0.0,0,,100.0,,Null,0.0,0.0,70.0,47,Wellington City,Unknown,,,,,0.0,0.0,Open,0.0,,,Fine,Null,0
67501009,,574001,0.0,,0.0,2.0,,South,2014/2015,BAYLANDS DRIVE,HOROKIWI ROAD WEST,,Non-Injury Crash,No,2015,,North,,0,,Hill Road,,,,,,Overcast,2075500,0,0.0,0.0,2.0,,,0.0,,,,,,Wellington Region,Nil,2-way,Sealed,,0.0,0,,50.0,,Off,0.0,0.0,,47,Wellington City,Nil,,,,,0.0,0.0,Urban,0.0,,,Fine,Null,0
67501041,,573801,0.0,0.0,0.0,1.0,0.0,North,2015/2016,HELSTON ROAD,MCMAHON WAY,,Non-Injury Crash,No,2015,0.0,East,0.0,0,0.0,Flat,0.0,,0.0,,0.0,Dark,2078800,0,0.0,0.0,2.0,0.0,0.0,0.0,0.0,0.0,,0.0,1.0,Wellington Region,Nil,2-way,Sealed,0.0,0.0,0,0.0,50.0,0.0,On,0.0,0.0,,47,Wellington City,Unknown,0.0,1.0,0.0,1.0,0.0,0.0,Urban,0.0,0.0,0.0,Fine,Null,0
67501097,,576901,0.0,,0.0,2.0,,Null,2015/2016,SH 1N,TROY ST,,Minor Crash,Yes,2015,,South,,0,,Flat,,,,,,Dark,2176800,1,0.0,0.0,2.0,,,0.0,,,,,,Wellington Region,Nil,1-way,Sealed,,0.0,0,,70.0,,On,0.0,0.0,,47,Wellington City,Give way,,,,,0.0,0.0,Urban,0.0,,,Light rain,Null,0
67501173,,574002,0.0,,0.0,2.0,,North,2014/2015,SH 2,SH 1N,,Non-Injury Crash,Yes,2015,,North,,0,,Flat,,,,,,Overcast,2078302,0,0.0,0.0,2.0,,,0.0,,,,,,Wellington Region,Nil,1-way,Sealed,,0.0,0,,100.0,,Off,0.0,0.0,70.0,47,Wellington City,Nil,,,,,0.0,0.0,Open,0.0,,,Light rain,Strong wind,0
67501585,,573000,0.0,,0.0,0.0,,Null,2014/2015,WHITMORE ST,FEATHERSTON ST,,Minor Crash,No,2015,,West,,0,,Flat,,,,,,Overcast,2123800,1,0.0,0.0,4.0,,,0.0,,,1.0,,,Wellington Region,Nil,2-way,Sealed,,0.0,0,,50.0,,Null,1.0,0.0,,47,Wellington City,Traffic Signals,,,,,0.0,0.0,Urban,0.0,,,Fine,Null,0
67501885,,577000,0.0,0.0,0.0,1.0,0.0,Null,2014/2015,LYALL PARADE,ONEPU ROAD,,Non-Injury Crash,No,2015,0.0,South,0.0,0,0.0,Flat,0.0,Easter,0.0,,0.0,Dark,2175300,0,0.0,0.0,2.0,0.0,1.0,0.0,0.0,0.0,,0.0,1.0,Wellington Region,Nil,2-way,Sealed,0.0,0.0,0,0.0,50.0,0.0,On,0.0,0.0,,47,Wellington City,Give way,1.0,0.0,0.0,0.0,0.0,0.0,Urban,0.0,0.0,0.0,Fine,Null,0
67502065,,573000,0.0,0.0,0.0,2.0,0.0,North,2015/2016,WILLIS ST,SH 1N VIVIAN ST,,Non-Injury Crash,No,2015,0.0,North,0.0,0,0.0,Flat,0.0,,0.0,,0.0,Bright sun,2129700,0,0.0,0.0,2.0,0.0,0.0,0.0,0.0,1.0,,0.0,0.0,Wellington Region,Nil,1-way,Sealed,0.0,0.0,0,0.0,50.0,0.0,Null,0.0,1.0,,47,Wellington City,Unknown,0.0,0.0,0.0,0.0,0.0,0.0,Urban,0.0,0.0,0.0,Fine,Null,0
67502085,,573300,0.0,0.0,0.0,1.0,0.0,North,2014/2015,TASMAN ST,CARRINGTON ST,,Non-Injury Crash,No,2015,0.0,North,0.0,0,0.0,Flat,0.0,,1.0,,0.0,Dark,2147000,0,0.0,0.0,1.0,0.0,0.0,0.0,0.0,0.0,,0.0,0.0,Wellington Region,Nil,2-way,Sealed,0.0,0.0,0,0.0,50.0,0.0,On,0.0,0.0,,47,Wellington City,Nil,0.0,0.0,0.0,0.0,0.0,0.0,Urban,0.0,0.0,0.0,Fine,Null,0
67502093,,573801,0.0,0.0,0.0,2.0,0.0,South,2015/2016,HELSTON ROAD,GLEN ALTON AVENUE,,Non-Injury Crash,No,2015,0.0,North,0.0,0,0.0,Flat,0.0,,0.0,,0.0,Dark,2078800,0,0.0,0.0,2.0,0.0,0.0,0.0,0.0,1.0,,0.0,0.0,Wellington Region,Nil,2-way,Sealed,0.0,0.0,0,0.0,50.0,0.0,On,0.0,0.0,,47,Wellington City,Unknown,0.0,0.0,0.0,0.0,0.0,0.0,Urban,0.0,0.0,0.0,Heavy rain,Null,0
67502157,,577700,0.0,,0.0,2.0,,North,2015/2016,OHARIU VALLEY ROAD,CORTINA AVENUE,,Non-Injury Crash,No,2016,,North,,0,,Hill Road,,,,,,Bright sun,2086713,0,0.0,0.0,2.0,,,0.0,,,,,,Wellington Region,Nil,2-way,Sealed,,0.0,0,,50.0,,Null,0.0,0.0,,47,Wellington City,Unknown,,,,,0.0,0.0,Urban,0.0,,,Fine,Null,0
67502217,,576301,0.0,,0.0,1.0,,Null,2015/2016,RIDDIFORD ST,RINTOUL ST,,Serious Crash,No,2016,,North,,0,,Flat,,,,,,Dark,2164600,0,1.0,0.0,3.0,,,0.0,,,,,,Wellington Region,Nil,2-way,Sealed,,0.0,1,,40.0,,On,0.0,0.0,,47,Wellington City,Traffic Signals,,,,,0.0,0.0,Urban,0.0,,,Light rain,Null,0
67502257,,573000,0.0,,0.0,2.0,,South,2015/2016,THE TERRACE,BOULCOTT ST,,Non-Injury Crash,No,2015,,North,,0,,Flat,,,,,,Dark,2127200,0,0.0,0.0,2.0,,,0.0,,,,,,Wellington Region,Nil,2-way,Sealed,,0.0,0,,50.0,,On,0.0,0.0,,47,Wellington City,Nil,,,,,0.0,0.0,Urban,0.0,,,Light rain,Null,0
67502333,,573400,0.0,,0.0,1.0,,East,2015/2016,SH 1N,WEST PORTAL,,Non-Injury Crash,Yes,2015,,West,,0,,Hill Road,,,,,,Dark,2143300,0,0.0,0.0,2.0,,,0.0,,,,,,Wellington Region,Nil,2-way,Sealed,,0.0,0,,50.0,,On,0.0,0.0,,47,Wellington City,Nil,,,,,0.0,0.0,Urban,1.0,,,Fine,Null,0
67502485,,573801,0.0,0.0,0.0,1.0,1.0,North,2016/2017,MARK AVENUE,CARA CRESCENT,,Fatal Crash,No,2016,0.0,East,0.0,1,0.0,Hill Road,0.0,,1.0,,0.0,Overcast,2079300,0,0.0,0.0,2.0,0.0,0.0,0.0,0.0,0.0,,0.0,0.0,Wellington Region,Nil,2-way,Sealed,0.0,0.0,0,0.0,50.0,0.0,Off,0.0,0.0,,47,Wellington City,Unknown,0.0,0.0,0.0,0.0,0.0,0.0,Urban,0.0,0.0,0.0,Fine,Null,0
67502637,,572900,0.0,,0.0,0.0,,Null,2016/2017,HILL ST,MOLESWORTH ST,,Serious Crash,No,2016,,East,,0,,Hill Road,,,,,,Dark,2121400,0,0.0,1.0,2.0,,,0.0,,,,,,Wellington Region,Nil,2-way,Sealed,,0.0,1,,50.0,,On,1.0,0.0,,47,Wellington City,Traffic Signals,,,,,0.0,0.0,Urban,0.0,,,Light rain,Null,0
67502793,,573300,0.0,0.0,0.0,1.0,0.0,Null,2014/2015,HUTCHISON ROAD,WALLACE ST SLIP,,Non-Injury Crash,No,2015,0.0,South,0.0,0,0.0,Hill Road,0.0,,0.0,,1.0,Dark,2147400,0,0.0,0.0,2.0,0.0,1.0,0.0,0.0,0.0,,0.0,0.0,Wellington Region,Nil,2-way,Sealed,0.0,0.0,0,0.0,50.0,0.0,On,0.0,0.0,,47,Wellington City,Give way,0.0,0.0,0.0,0.0,0.0,0.0,Urban,0.0,0.0,0.0,Fine,Null,0
67502924,,572600,0.0,0.0,0.0,2.0,0.0,North,2015/2016,PROPERTY ACCESS,PROPERTY ACCESS,,Non-Injury Crash,No,2015,0.0,South,0.0,0,0.0,Flat,0.0,,0.0,,0.0,Dark,2053601,0,0.0,0.0,1.0,0.0,0.0,0.0,0.0,1.0,,0.0,0.0,Wellington Region,Nil,2-way,Sealed,0.0,0.0,0,0.0,50.0,0.0,On,0.0,0.0,,47,Wellington City,Unknown,0.0,0.0,0.0,0.0,0.0,0.0,Urban,0.0,0.0,0.0,Fine,Null,0
67502944,,574500,0.0,,0.0,3.0,,North,2015/2016,SH 1N,AOTEA OFF SBD,,Non-Injury Crash,Yes,2015,,South,,0,,Flat,,,,,,Bright sun,2093400,0,0.0,0.0,6.0,,,0.0,,,,,,Wellington Region,Nil,2-way,Sealed,,0.0,0,,80.0,,Null,0.0,0.0,,47,Wellington City,Unknown,,,,,0.0,0.0,Open,0.0,,,Fine,Null,0
67502952,,576301,0.0,,0.0,2.0,,Null,2015/2016,JOHN ST,HANSON ST,,Non-Injury Crash,No,2015,,West,,0,,Hill Road,,,,,,Twilight,2163300,0,0.0,0.0,3.0,,,0.0,,,,,,Wellington Region,Nil,2-way,Sealed,,0.0,0,,50.0,,On,0.0,0.0,,47,Wellington City,Traffic Signals,,,,,0.0,0.0,Urban,0.0,,,Light rain,Null,0
67503244,,574800,0.0,,0.0,3.0,,Null,2015/2016,KARORI ROAD,LANCASTER ST,,Non-Injury Crash,No,2015,,West,,0,,Flat,,,,,,Bright sun,2107004,0,0.0,0.0,2.0,,,0.0,,,,,,Wellington Region,Nil,2-way,Sealed,,0.0,0,,50.0,,Null,0.0,1.0,,47,Wellington City,Give way,,,,,0.0,0.0,Urban,0.0,,,Fine,Null,0
67503596,,573600,0.0,,0.0,2.0,,North,2014/2015,SH 1N,HELSTON OBR,,Non-Injury Crash,Yes,2015,,North,,0,,Flat,,,,,,Twilight,2081200,0,0.0,0.0,2.0,,,0.0,,,,,,Wellington Region,Nil,1-way,Sealed,,0.0,0,,100.0,,On,0.0,0.0,,47,Wellington City,Unknown,,,,,0.0,0.0,Open,1.0,,,Light rain,Null,0
67503660,,573526,0.0,0.0,0.0,2.0,0.0,North,2015/2016,SH 2,SERVICE STN STH,,Minor Crash,Yes,2015,0.0,South,0.0,0,0.0,Flat,1.0,,0.0,,0.0,Dark,2077503,2,0.0,0.0,4.0,0.0,0.0,0.0,0.0,0.0,,0.0,0.0,Wellington Region,Nil,2-way,Sealed,0.0,0.0,0,0.0,100.0,0.0,On,0.0,0.0,,47,Wellington City,Unknown,0.0,0.0,0.0,0.0,0.0,0.0,Open,0.0,0.0,0.0,Light rain,Null,0
67503680,,576301,0.0,0.0,0.0,0.0,0.0,South,2015/2016,MANLEY TERRACE,COLOMBO ST,,Non-Injury Crash,No,2015,0.0,North,0.0,0,0.0,Flat,0.0,,0.0,,0.0,Bright sun,2164901,0,0.0,0.0,2.0,0.0,0.0,0.0,0.0,1.0,,0.0,0.0,Wellington Region,Nil,2-way,Sealed,0.0,0.0,0,0.0,50.0,0.0,Null,0.0,0.0,,47,Wellington City,Unknown,0.0,0.0,0.0,0.0,1.0,0.0,Urban,1.0,0.0,0.0,Fine,Null,0
67503700,,573101,0.0,0.0,0.0,2.0,0.0,South,2015/2016,VICTORIA ST,MANNERS ST,,Non-Injury Crash,No,2015,0.0,South,0.0,0,0.0,Flat,0.0,,0.0,,0.0,Dark,2131300,0,0.0,0.0,1.0,0.0,0.0,0.0,0.0,1.0,,0.0,0.0,Wellington Region,Nil,1-way,Sealed,0.0,0.0,0,0.0,50.0,0.0,On,0.0,1.0,,47,Wellington City,Traffic Signals,0.0,0.0,0.0,0.0,0.0,0.0,Urban,0.0,0.0,0.0,Fine,Null,0
67504108,,572900,0.0,,0.0,2.0,,South,2014/2015,AOTEA QUAY,SH 1N,,Non-Injury Crash,No,2015,,North,,0,,Flat,,,,,,Bright sun,2118400,0,0.0,0.0,3.0,,,0.0,,,,,,Wellington Region,Motorway ramp,2-way,Sealed,,0.0,0,,70.0,,Null,0.0,0.0,,47,Wellington City,Give way,,,,,0.0,0.0,Urban,0.0,,,Fine,Null,0
67504172,,572701,0.0,0.0,0.0,2.0,0.0,Null,2014/2015,FERGUSSON DRIVE,LINDEN AVENUE,,Non-Injury Crash,No,2015,0.0,West,0.0,0,0.0,Flat,0.0,,0.0,,0.0,Bright sun,1994002,0,0.0,0.0,2.0,0.0,0.0,0.0,0.0,0.0,,0.0,0.0,Wellington Region,Nil,2-way,Sealed,0.0,0.0,0,0.0,50.0,0.0,Null,0.0,0.0,,47,Wellington City,Give way,1.0,1.0,0.0,0.0,0.0,0.0,Urban,0.0,0.0,0.0,Fine,Null,0
67504216,,573101,0.0,0.0,0.0,4.0,0.0,South,2015/2016,TORY ST,COURTENAY PLACE,,Minor Crash,No,2015,0.0,North,0.0,0,0.0,Flat,0.0,,0.0,,0.0,Dark,2136000,2,0.0,0.0,2.0,0.0,0.0,0.0,0.0,1.0,,0.0,0.0,Wellington Region,Nil,2-way,Sealed,0.0,0.0,0,0.0,50.0,0.0,On,0.0,0.0,,47,Wellington City,Nil,0.0,0.0,0.0,0.0,0.0,0.0,Urban,0.0,0.0,0.0,Fine,Null,0
67504356,,573901,0.0,,0.0,2.0,,West,2016/2017,STEWART DRIVE,BRACKEN ROAD,,Minor Crash,No,2016,,East,,0,,Hill Road,,,,,,Bright sun,2073400,1,0.0,0.0,2.0,,,0.0,,,1.0,,,Wellington Region,Nil,2-way,Sealed,,0.0,0,,50.0,,Off,0.0,0.0,,47,Wellington City,Unknown,,,,,0.0,0.0,Urban,0.0,,,Fine,Null,0
67504480,,577200,1.0,,0.0,1.0,,Null,2016/2017,MIRAMAR AVENUE,TAUHINU ROAD,,Minor Crash,No,2016,,East,,0,,Flat,,,,,,Bright sun,2206200,1,0.0,0.0,2.0,,,0.0,,,,,,Wellington Region,Nil,2-way,Sealed,,0.0,0,,50.0,,Off,0.0,0.0,,47,Wellington City,Give way,,,,,0.0,0.0,Urban,0.0,,,Fine,Null,0
67504608,,573903,0.0,0.0,0.0,2.0,0.0,West,2015/2016,NEWLANDS ROAD,WAKELY ROAD,,Minor Crash,No,2015,0.0,West,0.0,0,0.0,Hill Road,0.0,,1.0,,0.0,Bright sun,2075103,1,0.0,0.0,2.0,0.0,0.0,0.0,0.0,1.0,,0.0,0.0,Wellington Region,Nil,2-way,Sealed,0.0,0.0,0,0.0,50.0,0.0,Null,0.0,0.0,,47,Wellington City,Nil,0.0,0.0,0.0,0.0,0.0,0.0,Urban,0.0,0.0,0.0,Fine,Null,0
67504672,,576301,1.0,,0.0,1.0,,Null,2016/2017,RIDDIFORD ST,RINTOUL ST,,Minor Crash,No,2016,,South,,0,,Flat,,,,,,Bright sun,2164600,1,0.0,0.0,4.0,,,0.0,,,,,,Wellington Region,Nil,2-way,Sealed,,0.0,0,,50.0,,Null,0.0,0.0,,47,Wellington City,Traffic Signals,,,,,0.0,0.0,Urban,0.0,,,Fine,Null,0
67504684,,575600,0.0,0.0,0.0,2.0,0.0,North,2015/2016,OHIRO ROAD,CLEVELAND ST,,Non-Injury Crash,No,2015,0.0,North,0.0,0,0.0,Hill Road,0.0,,0.0,,0.0,Overcast,2161700,0,0.0,0.0,2.0,0.0,0.0,0.0,0.0,1.0,,0.0,0.0,Wellington Region,Nil,2-way,Sealed,0.0,0.0,0,0.0,50.0,0.0,Null,0.0,0.0,,47,Wellington City,Unknown,0.0,0.0,0.0,0.0,0.0,0.0,Urban,0.0,0.0,0.0,Null,Null,0
67504756,,573101,0.0,,1.0,1.0,,Null,2015/2016,KENT TERRACE,ELIZABETH ST,,Non-Injury Crash,No,2015,,North,,0,,Null,,,,,,Bright sun,2136200,0,0.0,0.0,2.0,,,0.0,,,,,,Wellington Region,Nil,1-way,Sealed,,0.0,0,,50.0,,Null,0.0,0.0,,47,Wellington City,Traffic Signals,,,,,0.0,0.0,Urban,0.0,,,Fine,Null,0
67504960,,572900,0.0,0.0,0.0,1.0,1.0,Null,2014/2015,SH 1N,HAWKESTONE OFF SBD,,Non-Injury Crash,Yes,2015,0.0,South,0.0,0,0.0,Flat,0.0,,0.0,,0.0,Dark,2119300,0,0.0,0.0,3.0,0.0,0.0,0.0,0.0,0.0,,0.0,0.0,Wellington Region,Nil,1-way,Sealed,0.0,0.0,0,0.0,100.0,0.0,On,0.0,0.0,,47,Wellington City,Nil,0.0,1.0,0.0,0.0,0.0,0.0,Open,0.0,0.0,0.0,Light rain,Null,0
67505156,,574402,0.0,0.0,0.0,1.0,0.0,South,2014/2015,OTTAWA ROAD,AWARUA ST,,Non-Injury Crash,No,2015,0.0,South,0.0,0,0.0,Flat,0.0,,0.0,,0.0,Bright sun,2096400,0,0.0,0.0,2.0,0.0,0.0,0.0,0.0,0.0,,0.0,0.0,Wellington Region,Nil,2-way,Sealed,0.0,0.0,0,0.0,50.0,0.0,Off,0.0,0.0,,47,Wellington City,Nil,0.0,0.0,0.0,0.0,1.0,0.0,Urban,0.0,1.0,0.0,Fine,Null,0
67505360,,573200,0.0,,0.0,1.0,,South,2015/2016,BROOKLYN ROAD,FRANKLIN AVENUE,,Non-Injury Crash,No,2015,,North,,0,,Hill Road,,Christmas New Year,,,,Dark,2159300,0,0.0,0.0,3.0,,,0.0,,,,,,Wellington Region,Nil,2-way,Sealed,,0.0,0,,50.0,,On,1.0,0.0,,47,Wellington City,Nil,,,,,0.0,0.0,Urban,0.0,,,Fine,Null,0