OBJECTID,advisorySpeed,areaUnitID,bicycle,bridge,bus,carStationWagon,cliffBank,crashDirectionDescription,crashFinancialYear,crashLocation1,crashLocation2,crashRoadSideRoad,crashSeverity,crashSHDescription,crashYear,debris,directionRoleDescription,ditch,fatalCount,fence,flatHill,guardRail,holiday,houseOrBuilding,intersection,kerb,light,meshblockId,minorInjuryCount,moped,motorcycle,NumberOfLanes,objectThrownOrDropped,otherObject,otherVehicleType,overBank,parkedVehicle,pedestrian,phoneBoxEtc,postOrPole,region,roadCharacter,roadLane,roadSurface,roadworks,schoolBus,seriousInjuryCount,slipOrFlood,speedLimit,strayAnimal,streetLight,suv,taxi,temporarySpeedLimit,tlaId,tlaName,trafficControl,trafficIsland,trafficSign,train,tree,truck,unknownVehicleType,urban,vanOrUtility,vehicle,waterRiver,weatherA,weatherB,if_pandemic
67505368,,576800,1.0,,0.0,1.0,,West,2015/2016,TAURIMA ST,MOXHAM AVENUE,,Serious Crash,No,2016,,West,,0,,Hill Road,,,,,,Overcast,2181800,0,0.0,0.0,2.0,,,0.0,,,,,,Wellington Region,Nil,2-way,Sealed,,0.0,1,,50.0,,Null,0.0,0.0,,47,Wellington City,Nil,,,,,0.0,0.0,Urban,0.0,,,Fine,Null,0
67505384,,575300,0.0,,0.0,1.0,,South,2016/2017,UPLAND ROAD,PLUNKET ST,,Minor Crash,No,2016,,North,,0,,Flat,,,,,,Overcast,2152201,1,0.0,0.0,2.0,,,0.0,,,1.0,,,Wellington Region,Nil,2-way,Sealed,,0.0,0,,30.0,,Null,0.0,0.0,,47,Wellington City,Unknown,,,,,0.0,0.0,Urban,0.0,,,Heavy rain,Strong wind,0
67505440,,572900,0.0,,0.0,1.0,,North,2016/2017,ACCESS ROAD,BUNNY ST E,,Minor Crash,No,2016,,South,,0,,Flat,,,,,,Dark,2122700,1,0.0,0.0,1.0,,,0.0,,,1.0,,,Wellington Region,Nil,1-way,Sealed,,0.0,0,,10.0,,On,0.0,0.0,,47,Wellington City,Unknown,,,,,0.0,0.0,Urban,0.0,,,Fine,Null,0
67505636,,573902,0.0,0.0,0.0,1.0,0.0,Null,2014/2015,KENTWOOD DRIVE,PEPPERTREE LANE,,Non-Injury Crash,No,2015,0.0,East,0.0,0,0.0,Flat,0.0,,0.0,,0.0,Dark,2086316,0,0.0,0.0,2.0,0.0,1.0,0.0,0.0,0.0,,0.0,0.0,Wellington Region,Nil,2-way,Sealed,0.0,0.0,0,0.0,50.0,0.0,None,0.0,0.0,,47,Wellington City,Nil,0.0,0.0,0.0,0.0,0.0,0.0,Urban,0.0,0.0,0.0,Fine,Null,0
67505656,,577200,0.0,0.0,0.0,1.0,0.0,Null,2015/2016,FIFE LANE,CRAWFORD GREEN,,Non-Injury Crash,No,2015,0.0,North,0.0,0,0.0,Flat,0.0,,0.0,,0.0,Bright sun,2209000,0,0.0,0.0,2.0,0.0,0.0,0.0,0.0,0.0,,0.0,1.0,Wellington Region,Nil,2-way,Sealed,0.0,0.0,0,0.0,50.0,0.0,Null,0.0,0.0,,47,Wellington City,Nil,0.0,0.0,0.0,0.0,0.0,0.0,Urban,0.0,0.0,0.0,Fine,Null,0
67505672,,576400,0.0,0.0,0.0,1.0,0.0,West,2015/2016,CONSTABLE ST,DANIELL ST,,Minor Crash,No,2015,0.0,East,0.0,0,0.0,Flat,0.0,Christmas New Year,0.0,,0.0,Dark,2168400,1,0.0,0.0,2.0,0.0,0.0,0.0,0.0,0.0,,0.0,1.0,Wellington Region,Nil,2-way,Sealed,0.0,0.0,0,0.0,50.0,0.0,On,0.0,0.0,,47,Wellington City,Traffic Signals,0.0,0.0,0.0,0.0,0.0,0.0,Urban,0.0,0.0,0.0,Fine,Null,0
67505696,,577102,0.0,0.0,0.0,1.0,0.0,South,2015/2016,STRATHMORE AVENUE,BROADWAY,,Non-Injury Crash,No,2016,0.0,North,0.0,0,0.0,Flat,0.0,,0.0,,0.0,Twilight,2214600,0,0.0,0.0,2.0,0.0,0.0,0.0,0.0,1.0,,0.0,0.0,Wellington Region,Nil,2-way,Sealed,0.0,0.0,0,0.0,50.0,0.0,Off,0.0,0.0,,47,Wellington City,Unknown,0.0,0.0,0.0,0.0,0.0,0.0,Urban,1.0,0.0,0.0,Fine,Null,0
67505836,,573101,1.0,,0.0,1.0,,Null,2014/2015,JERVOIS QUAY,HARRIS ST,,Minor Crash,No,2015,,South,,0,,Flat,,,,,,Bright sun,2133000,1,0.0,0.0,6.0,,,0.0,,,,,,Wellington Region,Nil,2-way,Sealed,,0.0,0,,50.0,,Off,0.0,0.0,,47,Wellington City,Traffic Signals,,,,,0.0,0.0,Urban,0.0,,,Fine,Null,0
67505844,,576903,0.0,,0.0,1.0,,West,2015/2016,SH 1N,WALMER ST,,Minor Crash,Yes,2015,,West,,0,,Hill Road,,,,,,Bright sun,2180300,1,1.0,0.0,2.0,,,0.0,,,,,,Wellington Region,Nil,2-way,Sealed,,0.0,0,,50.0,,Null,0.0,0.0,,47,Wellington City,Nil,,,,,0.0,0.0,Urban,0.0,,,Fine,Null,0
67505904,,573101,0.0,,0.0,1.0,,Null,2014/2015,TORY ST,WAKEFIELD,,Minor Crash,No,2015,,West,,0,,Flat,,,,,,Dark,2135700,1,0.0,0.0,3.0,,,0.0,,,,,,Wellington Region,Nil,2-way,Sealed,,0.0,0,,50.0,,On,0.0,1.0,,47,Wellington City,Traffic Signals,,,,,1.0,0.0,Urban,0.0,,,Fine,Null,0
67506000,,573000,1.0,0.0,0.0,1.0,0.0,South,2015/2016,CUSTOMHOUSE QUAY,PANAMA ST,,Minor Crash,No,2016,0.0,North,0.0,0,0.0,Flat,0.0,,0.0,,0.0,Bright sun,2125900,1,0.0,0.0,2.0,0.0,0.0,0.0,0.0,1.0,,0.0,0.0,Wellington Region,Nil,2-way,Sealed,0.0,0.0,0,0.0,50.0,0.0,Null,0.0,0.0,,47,Wellington City,Unknown,0.0,0.0,0.0,0.0,0.0,0.0,Urban,0.0,0.0,0.0,Fine,Null,0
67506156,,576302,0.0,,0.0,1.0,,West,2016/2017,EDINBURGH TERRACE,RUSSELL TERRACE,,Minor Crash,No,2016,,South,,0,,Hill Road,,,,,,Bright sun,2166400,1,0.0,0.0,2.0,,,0.0,,,1.0,,,Wellington Region,Nil,2-way,Sealed,,0.0,0,,50.0,,Null,0.0,0.0,,47,Wellington City,Unknown,,,,,0.0,0.0,Urban,0.0,,,Fine,Null,0
67506160,,576901,0.0,,0.0,1.0,,Null,2015/2016,COUTTS ST,ONEPU ROAD,,Non-Injury Crash,No,2015,,East,,0,,Flat,,,,,,Bright sun,2178200,0,0.0,0.0,2.0,,,0.0,,,,,,Wellington Region,Nil,2-way,Sealed,,0.0,0,,50.0,,Null,0.0,0.0,,47,Wellington City,Traffic Signals,,,,,0.0,0.0,Urban,1.0,,,Fine,Null,0
67506184,,572900,0.0,,0.0,0.0,,Null,2014/2015,BOWEN ST,TINAKORI OFF NBD,,Non-Injury Crash,No,2015,,North,,0,,Hill Road,,,,,,Bright sun,2122000,0,0.0,0.0,2.0,,,0.0,,,,,,Wellington Region,Nil,2-way,Sealed,,0.0,0,,50.0,,Null,1.0,0.0,,47,Wellington City,Traffic Signals,,,,,0.0,0.0,Urban,1.0,,,Fine,Null,0
67506228,,576901,0.0,,0.0,2.0,,South,2014/2015,SH 1N,TROY ST,,Non-Injury Crash,Yes,2015,,North,,0,,Flat,,,,,,Dark,2176800,0,0.0,0.0,3.0,,,0.0,,,,,,Wellington Region,Nil,1-way,Sealed,,0.0,0,,50.0,,On,0.0,0.0,,47,Wellington City,Give way,,,,,0.0,0.0,Urban,0.0,,,Fine,Null,0
67506532,,574500,0.0,,0.0,2.0,,North,2015/2016,SH 1N,AOTEA ON NBD,,Non-Injury Crash,Yes,2015,,North,,0,,Flat,,,,,,Dark,2093600,0,0.0,0.0,6.0,,,0.0,,,,,,Wellington Region,Nil,2-way,Sealed,,0.0,0,,100.0,,On,0.0,0.0,,47,Wellington City,Nil,,,,,0.0,0.0,Open,0.0,,,Fine,Null,0
67506560,,574800,0.0,,0.0,1.0,,North,2015/2016,WILTON ROAD,WORCESTER ST,,Non-Injury Crash,No,2015,,North,,0,,Hill Road,,,,,,Bright sun,2104100,0,0.0,0.0,2.0,,,0.0,,,,,,Wellington Region,Nil,2-way,Sealed,,0.0,0,,50.0,,Null,0.0,0.0,,47,Wellington City,Unknown,,,,,0.0,0.0,Urban,1.0,,,Fine,Null,0
67506700,,574800,0.0,,0.0,1.0,,Null,2014/2015,CHAYTOR ST,CURTIS STREET,,Non-Injury Crash,No,2015,,South,,0,,Flat,,,,,,Bright sun,2106100,0,0.0,0.0,2.0,,,0.0,,,,,,Wellington Region,Nil,2-way,Sealed,,0.0,0,,50.0,,Off,0.0,0.0,,47,Wellington City,Stop,,,,,1.0,0.0,Urban,0.0,,,Fine,Null,0
67506712,,573700,0.0,,0.0,1.0,,Null,2015/2016,MOOREFIELD ROAD,HELSTON ROAD,,Non-Injury Crash,No,2015,,South,,0,,Hill Road,,,,,,Overcast,2082300,0,0.0,0.0,2.0,,,0.0,,,,,,Wellington Region,Nil,2-way,Sealed,,0.0,0,,50.0,,Off,0.0,0.0,,47,Wellington City,Give way,,,,,0.0,0.0,Urban,1.0,,,Null,Null,0
67506800,,574800,0.0,0.0,0.0,2.0,0.0,East,2015/2016,KARORI ROAD,CAMPBELL ST,,Minor Crash,No,2016,0.0,West,0.0,0,0.0,Hill Road,0.0,,0.0,,0.0,Overcast,2107700,1,0.0,0.0,2.0,0.0,0.0,0.0,0.0,1.0,,0.0,0.0,Wellington Region,Nil,2-way,Sealed,0.0,0.0,0,0.0,50.0,0.0,Null,0.0,0.0,,47,Wellington City,Unknown,0.0,0.0,0.0,0.0,0.0,0.0,Urban,0.0,0.0,0.0,Fine,Null,0
67506884,,576400,0.0,0.0,1.0,1.0,0.0,North,2014/2015,RIDDIFORD ST,CONSTABLE ST,,Non-Injury Crash,No,2015,0.0,South,0.0,0,0.0,Flat,0.0,,0.0,,0.0,Bright sun,2167300,0,0.0,0.0,2.0,0.0,0.0,0.0,0.0,1.0,,0.0,0.0,Wellington Region,Nil,2-way,Sealed,0.0,0.0,0,0.0,50.0,0.0,Null,0.0,0.0,,47,Wellington City,Traffic Signals,0.0,0.0,0.0,0.0,0.0,0.0,Urban,0.0,0.0,0.0,Fine,Null,0
67506955,,576600,1.0,0.0,0.0,1.0,0.0,East,2014/2015,ORIENTAL PARADE,SLIP ROAD,,Non-Injury Crash,No,2015,0.0,West,0.0,0,0.0,Flat,0.0,,0.0,,0.0,Bright sun,2137600,0,0.0,0.0,2.0,0.0,0.0,0.0,0.0,1.0,,0.0,0.0,Wellington Region,Nil,2-way,Sealed,0.0,0.0,0,0.0,40.0,0.0,Null,0.0,0.0,,47,Wellington City,Nil,0.0,0.0,0.0,0.0,0.0,0.0,Urban,0.0,0.0,0.0,Fine,Null,0
67507047,,573000,0.0,,0.0,2.0,,South,2015/2016,SH 1N,TERRACE OFF SBD,,Non-Injury Crash,Yes,2015,,South,,0,,Flat,,,,,,Bright sun,2126403,0,0.0,0.0,3.0,,,0.0,,,,,,Wellington Region,Nil,2-way,Sealed,,0.0,0,,70.0,,Null,1.0,0.0,,47,Wellington City,Unknown,,,,,0.0,0.0,Urban,0.0,,,Fine,Null,0
67507423,,573522,0.0,,0.0,1.0,,South,2015/2016,SH 1N,TAWA ON NBD,,Minor Crash,Yes,2016,,North,,0,,Hill Road,,,,,,Bright sun,2053703,1,0.0,0.0,2.0,,,0.0,,,,,,Wellington Region,Nil,1-way,Sealed,,0.0,0,,100.0,,Null,0.0,0.0,,47,Wellington City,Unknown,,,,,0.0,0.0,Open,0.0,,,Fine,Null,0
67507443,,573523,0.0,0.0,0.0,1.0,0.0,East,2015/2016,HAVANA RISE,MONTEGO PLACE,,Minor Crash,No,2016,0.0,West,0.0,0,0.0,Hill Road,0.0,,0.0,,0.0,Bright sun,2086312,1,0.0,0.0,2.0,0.0,1.0,0.0,0.0,0.0,,0.0,1.0,Wellington Region,Nil,2-way,Sealed,0.0,0.0,0,0.0,50.0,0.0,Null,0.0,0.0,,47,Wellington City,Unknown,0.0,0.0,0.0,0.0,0.0,0.0,Urban,0.0,0.0,0.0,Fine,Null,0
67507751,,573000,0.0,,0.0,1.0,,North,2015/2016,SH 1N,NORTH PORTAL SBD,,Minor Crash,Yes,2016,,South,,0,,Flat,,,,,,Twilight,2126700,1,0.0,0.0,1.0,,,0.0,,,,,,Wellington Region,Nil,1-way,Sealed,,0.0,0,,80.0,,On,1.0,0.0,,47,Wellington City,Unknown,,,,,0.0,0.0,Open,0.0,,,Fine,Null,0
67507815,,573400,0.0,0.0,0.0,2.0,0.0,East,2015/2016,PATERSON ST,BROUGHAM ST,,Non-Injury Crash,No,2015,0.0,West,0.0,0,0.0,Flat,0.0,,0.0,,0.0,Bright sun,2143000,0,0.0,0.0,2.0,0.0,0.0,0.0,0.0,1.0,,0.0,0.0,Wellington Region,Nil,2-way,Sealed,0.0,0.0,0,0.0,50.0,0.0,Null,0.0,0.0,,47,Wellington City,Nil,0.0,0.0,0.0,0.0,0.0,0.0,Urban,0.0,0.0,0.0,Fine,Null,0
67507823,,576800,0.0,,0.0,5.0,,North,2014/2015,SH 1N,GOA ST,,Non-Injury Crash,Yes,2015,,North,,0,,Flat,,,,,,Bright sun,2181700,0,0.0,0.0,2.0,,,0.0,,,,,,Wellington Region,Nil,2-way,Sealed,,0.0,0,,70.0,,Null,0.0,2.0,,47,Wellington City,Unknown,,,,,2.0,0.0,Urban,0.0,,,Fine,Null,0
67507855,,573101,0.0,,0.0,1.0,,South,2015/2016,CABLE ST,JERVOIS QUAY,,Non-Injury Crash,No,2015,,South,,0,,Flat,,,,,,Dark,2133100,0,0.0,0.0,4.0,,,0.0,,,,,,Wellington Region,Nil,1-way,Sealed,,0.0,0,,50.0,,On,0.0,0.0,,47,Wellington City,Nil,,,,,1.0,0.0,Urban,0.0,,,Fine,Null,0
67507871,,573526,0.0,,0.0,1.0,,East,2015/2016,SH 2,RAILYARD ENTRY,,Minor Crash,Yes,2016,,South,,0,,Flat,,,,,,Bright sun,2077503,1,0.0,1.0,2.0,,,0.0,,,,,,Wellington Region,Nil,1-way,Sealed,,0.0,0,,100.0,,Null,0.0,0.0,,47,Wellington City,Unknown,,,,,0.0,0.0,Open,0.0,,,Fine,Null,0
67507975,,574002,0.0,,0.0,0.0,,Null,2014/2015,SH 1N,CENTENNIAL SBD,,Non-Injury Crash,Yes,2015,,South,,0,,Null,,,,,,Dark,2078302,0,0.0,0.0,3.0,,,0.0,,,,,,Wellington Region,Motorway ramp,Null,Sealed,,0.0,0,,80.0,,On,0.0,0.0,,47,Wellington City,Nil,,,,,0.0,0.0,Open,2.0,,,Light rain,Null,0
67508263,,572900,0.0,,0.0,2.0,,North,2015/2016,SH 1N,AOTEA OFF SBD,,Non-Injury Crash,Yes,2015,,South,,0,,Flat,,,,,,Bright sun,2118400,0,0.0,0.0,3.0,,,0.0,,,,,,Wellington Region,Nil,1-way,Sealed,,0.0,0,,100.0,,Null,0.0,0.0,,47,Wellington City,Nil,,,,,0.0,0.0,Open,0.0,,,Fine,Null,0
67508451,,575000,0.0,0.0,0.0,2.0,0.0,Null,2014/2015,FIRTH TERRACE,DONALD ST,,Non-Injury Crash,No,2015,0.0,North,0.0,0,0.0,Hill Road,0.0,,0.0,,0.0,Dark,2112600,0,0.0,0.0,2.0,0.0,0.0,0.0,0.0,0.0,,0.0,0.0,Wellington Region,Nil,2-way,Sealed,0.0,0.0,0,0.0,50.0,0.0,On,0.0,0.0,,47,Wellington City,Give way,0.0,0.0,0.0,0.0,0.0,0.0,Urban,0.0,1.0,0.0,Fine,Null,0
67508487,,574500,1.0,,0.0,1.0,,Null,2015/2016,KAIWHARAWHARA ROAD,CAMERON ST,,Non-Injury Crash,No,2015,,South,,0,,Flat,,,,,,Overcast,2093500,0,0.0,0.0,2.0,,,0.0,,,,,,Wellington Region,Nil,2-way,Sealed,,0.0,0,,50.0,,None,0.0,0.0,,47,Wellington City,Give way,,,,,0.0,0.0,Urban,0.0,,,Fine,Null,0
67508615,,575800,0.0,0.0,0.0,2.0,0.0,West,2014/2015,FARNHAM ST,PRISCILLA CRESCENT,,Non-Injury Crash,No,2015,0.0,West,0.0,0,0.0,Hill Road,0.0,,0.0,,0.0,Bright sun,2197900,0,0.0,0.0,2.0,0.0,0.0,0.0,0.0,1.0,,0.0,0.0,Wellington Region,Nil,2-way,Sealed,0.0,0.0,0,0.0,50.0,0.0,Off,0.0,0.0,,47,Wellington City,Nil,0.0,0.0,0.0,0.0,0.0,0.0,Urban,0.0,0.0,0.0,Fine,Null,0
67508639,,573300,0.0,,0.0,1.0,,North,2014/2015,WALLACE ST,HARGREAVES ST,,Non-Injury Crash,No,2015,,North,,0,,Hill Road,,,,,,Dark,2146800,0,0.0,0.0,2.0,,,0.0,,,,,,Wellington Region,Nil,2-way,Sealed,,0.0,0,,50.0,,On,1.0,0.0,,47,Wellington City,Nil,,,,,0.0,0.0,Urban,0.0,,,Fine,Null,0
67508755,,572900,0.0,,0.0,2.0,,South,2015/2016,AOTEA QUAY,AOTEA OFF SBD,,Non-Injury Crash,No,2015,,East,,0,,Flat,,,,,,Bright sun,2118400,0,0.0,0.0,2.0,,,0.0,,,,,,Wellington Region,Nil,2-way,Sealed,,0.0,0,,70.0,,Null,0.0,0.0,,47,Wellington City,Nil,,,,,0.0,0.0,Urban,0.0,,,Fine,Null,0
67508815,,576903,0.0,,0.0,1.0,,West,2014/2015,SH 1N,HAMILTON ROAD,,Non-Injury Crash,Yes,2015,,East,,0,,Flat,,,,,,Twilight,2180400,0,0.0,0.0,2.0,,,0.0,,,,,,Wellington Region,Nil,2-way,Sealed,,0.0,0,,50.0,,On,1.0,0.0,,47,Wellington City,Unknown,,,,,0.0,0.0,Urban,0.0,,,Fine,Null,0
67508943,,573522,0.0,,0.0,1.0,,Null,2015/2016,TAKAPU ROAD,TAWA OFF SBD,,Minor Crash,No,2016,,South,,0,,Hill Road,,,,,,Dark,2053703,1,0.0,0.0,2.0,,,0.0,,,,,,Wellington Region,Nil,1-way,Sealed,,0.0,0,,50.0,,On,1.0,0.0,,47,Wellington City,Stop,,,,,0.0,0.0,Urban,0.0,,,Null,Null,0
67509071,,573700,0.0,,0.0,1.0,,Null,2014/2015,MOOREFIELD ROAD,JOHNSONVILLE ON NBD,,Non-Injury Crash,No,2015,,South,,0,,Flat,,,,,,Overcast,2082800,0,0.0,0.0,2.0,,,0.0,,,,,,Wellington Region,Nil,2-way,Sealed,,0.0,0,,50.0,,Null,0.0,0.0,,47,Wellington City,Give way,,,,,1.0,0.0,Urban,0.0,,,Heavy rain,Null,0
67509095,,573000,0.0,,0.0,3.0,,North,2014/2015,SH 1N,CLIFTON ON NBD,,Non-Injury Crash,Yes,2015,,South,,0,,Hill Road,,,,,,Bright sun,2124900,0,0.0,0.0,2.0,,,0.0,,,,,,Wellington Region,Nil,2-way,Sealed,,0.0,0,,100.0,,Null,0.0,0.0,,47,Wellington City,Nil,,,,,0.0,0.0,Open,0.0,,,Fine,Null,0
67509322,,573000,0.0,,0.0,1.0,,North,2014/2015,SH 1N,EVERTON OBR,,Non-Injury Crash,Yes,2015,,South,,0,,Hill Road,,,,,,Bright sun,2126403,0,0.0,0.0,3.0,,,0.0,,,,,,Wellington Region,Nil,2-way,Sealed,,0.0,0,,60.0,,Off,2.0,0.0,,47,Wellington City,Nil,,,,,0.0,0.0,Urban,0.0,,,Fine,Null,0
67509450,,576302,0.0,0.0,0.0,2.0,0.0,North,2014/2015,RUSSELL TERRACE,LAVAUD ST,,Non-Injury Crash,No,2015,0.0,North,0.0,0,0.0,Null,0.0,,0.0,,0.0,Bright sun,2166303,0,0.0,0.0,2.0,0.0,0.0,0.0,0.0,1.0,,0.0,0.0,Wellington Region,Nil,2-way,Sealed,0.0,0.0,0,0.0,50.0,0.0,Null,0.0,0.0,,47,Wellington City,Give way,0.0,0.0,0.0,0.0,0.0,0.0,Urban,0.0,0.0,0.0,Fine,Null,0
67509522,,573101,0.0,0.0,0.0,2.0,0.0,East,2014/2015,CABLE ST,CHAFFERS ST,,Non-Injury Crash,No,2015,0.0,East,0.0,0,0.0,Flat,0.0,,0.0,,0.0,Bright sun,2135500,0,0.0,0.0,3.0,0.0,0.0,0.0,0.0,1.0,,0.0,0.0,Wellington Region,Nil,1-way,Sealed,0.0,0.0,0,0.0,50.0,0.0,Null,0.0,0.0,,47,Wellington City,Unknown,0.0,0.0,0.0,0.0,0.0,0.0,Urban,0.0,0.0,0.0,Fine,Null,0
67509622,25.0,576901,0.0,,0.0,2.0,,North,2015/2016,CHILDERS TERRACE,RONGOTAI ROAD E,,Non-Injury Crash,No,2015,,South,,0,,Flat,,,,,,Bright sun,2178000,0,0.0,0.0,2.0,,,0.0,,,,,,Wellington Region,Nil,2-way,Sealed,,0.0,0,,30.0,,Null,0.0,0.0,,47,Wellington City,Give way,,,,,0.0,0.0,Urban,0.0,,,Fine,Null,0
67509646,,572900,0.0,,0.0,1.0,,West,2014/2015,HILL ST,MOLESWORTH ST,,Minor Crash,No,2015,,West,,0,,Flat,,,,,,Bright sun,2121300,1,0.0,0.0,2.0,,,0.0,,,1.0,,,Wellington Region,Nil,2-way,Sealed,,0.0,0,,50.0,,Null,0.0,0.0,,47,Wellington City,Traffic Signals,,,,,0.0,0.0,Urban,0.0,,,Fine,Null,0
67509730,,573101,0.0,0.0,0.0,2.0,0.0,Null,2014/2015,DIXON ST,CUBA ST,,Non-Injury Crash,No,2015,0.0,West,0.0,0,0.0,Flat,0.0,,0.0,,0.0,Dark,2133500,0,0.0,0.0,1.0,0.0,0.0,0.0,0.0,0.0,,0.0,0.0,Wellington Region,Nil,1-way,Sealed,0.0,0.0,0,0.0,50.0,0.0,On,0.0,1.0,,47,Wellington City,Traffic Signals,0.0,0.0,0.0,0.0,0.0,0.0,Urban,0.0,1.0,0.0,Fine,Null,0
67509774,,572900,0.0,,0.0,2.0,,Null,2014/2015,HUTT ROAD,SAR ROAD,,Non-Injury Crash,No,2015,,East,,0,,Flat,,,,,,Overcast,2118400,0,0.0,0.0,2.0,,,0.0,,,,,,Wellington Region,Nil,2-way,Sealed,,0.0,0,,50.0,,Off,0.0,0.0,,47,Wellington City,Give way,,,,,0.0,0.0,Urban,0.0,,,Fine,Null,0
67509946,,573000,0.0,,0.0,1.0,,Null,2015/2016,WILLIS ST,GHUZNEE ST,,Non-Injury Crash,No,2016,,East,,0,,Flat,,,,,,Bright sun,2130700,0,0.0,0.0,3.0,,,0.0,,,,,,Wellington Region,Nil,2-way,Sealed,,0.0,0,,50.0,,Null,1.0,0.0,,47,Wellington City,Traffic Signals,,,,,0.0,0.0,Urban,0.0,,,Fine,Null,0
67509950,,576500,0.0,,0.0,1.0,,Null,2015/2016,SH 1N,ADELAIDE ROAD,,Non-Injury Crash,Yes,2016,,West,,0,,Flat,,,,,,Bright sun,2147900,0,0.0,0.0,2.0,,,0.0,,,,,,Wellington Region,Nil,1-way,Sealed,,0.0,0,,50.0,,Null,0.0,0.0,,47,Wellington City,Give way,,,,,1.0,0.0,Urban,0.0,,,Fine,Null,0
67510110,,573526,0.0,0.0,0.0,5.0,0.0,West,2014/2015,SH 2,PETONE ON SBD,,Non-Injury Crash,Yes,2015,0.0,West,0.0,0,0.0,Flat,1.0,,0.0,,0.0,Bright sun,2077503,0,0.0,0.0,4.0,0.0,0.0,0.0,0.0,0.0,,0.0,0.0,Wellington Region,Nil,2-way,Sealed,0.0,0.0,0,0.0,100.0,0.0,Off,0.0,0.0,,47,Wellington City,Nil,0.0,0.0,0.0,0.0,0.0,0.0,Open,0.0,0.0,0.0,Fine,Null,0
67510138,,574002,0.0,,0.0,2.0,,South,2014/2015,HUTT ON NBD,SH 2,,Minor Crash,Yes,2015,,North,,0,,Flat,,,,,,Bright sun,2078302,1,0.0,0.0,2.0,,,0.0,,,,,,Wellington Region,Nil,1-way,Sealed,,0.0,0,,80.0,,Null,0.0,0.0,,47,Wellington City,Unknown,,,,,0.0,0.0,Open,0.0,,,Fine,Null,0
67510366,,573902,0.0,,0.0,1.0,,South,2015/2016,WOODRIDGE DRIVE,KENTWOOD DRIVE S,,Minor Crash,No,2015,,South,,0,,Hill Road,,,,,,Overcast,2086317,2,0.0,0.0,2.0,,,0.0,,,,,,Wellington Region,Nil,2-way,Sealed,,0.0,0,,50.0,,Null,0.0,0.0,,47,Wellington City,Unknown,,,,,0.0,0.0,Urban,1.0,,,Fine,Null,0
67510414,,573903,0.0,0.0,0.0,2.0,0.0,North,2014/2015,NEWLANDS ROAD,BLACK ROCK ROAD,,Minor Crash,No,2015,0.0,North,0.0,0,0.0,Hill Road,0.0,,0.0,,0.0,Overcast,2074600,1,0.0,0.0,2.0,0.0,0.0,0.0,0.0,1.0,,0.0,0.0,Wellington Region,Nil,2-way,Sealed,0.0,0.0,0,0.0,50.0,0.0,Off,1.0,0.0,,47,Wellington City,Nil,0.0,0.0,0.0,0.0,0.0,0.0,Urban,0.0,0.0,0.0,Fine,Null,0
67510766,,573526,0.0,,0.0,1.0,,South,2014/2015,SH 2,HOROKIWI ROAD,,Minor Crash,Yes,2015,,South,,0,,Flat,,,,,,Bright sun,2086403,1,0.0,1.0,2.0,,,0.0,,,,,,Wellington Region,Nil,2-way,Sealed,,0.0,0,,100.0,,Null,0.0,0.0,,47,Wellington City,Nil,,,,,0.0,0.0,Open,0.0,,,Fine,Null,0
67510942,,573000,0.0,,0.0,1.0,,East,2014/2015,WILLESTON ST,VICTORIA ST,,Non-Injury Crash,No,2015,,East,,0,,Flat,,,,,,Bright sun,2126000,0,0.0,0.0,2.0,,,0.0,,,,,,Wellington Region,Nil,2-way,Sealed,,0.0,0,,50.0,,Null,0.0,1.0,,47,Wellington City,Nil,,,,,0.0,0.0,Urban,1.0,,,Fine,Null,0
67511306,,574303,0.0,0.0,0.0,1.0,1.0,South,2015/2016,SH 1N,SH 2,,Non-Injury Crash,Yes,2015,0.0,South,0.0,0,0.0,Flat,0.0,,0.0,,0.0,Dark,2090402,0,0.0,0.0,2.0,0.0,0.0,0.0,0.0,0.0,,0.0,0.0,Wellington Region,Motorway ramp,1-way,Sealed,0.0,0.0,0,0.0,80.0,0.0,On,0.0,0.0,,47,Wellington City,Traffic Signals,0.0,0.0,0.0,0.0,0.0,0.0,Open,0.0,0.0,0.0,Fine,Null,0
67511326,,576200,0.0,,0.0,1.0,,East,2015/2016,BRITOMART ST,STANLEY ST,,Minor Crash,No,2015,,East,,0,,Hill Road,,,,,,Overcast,2172500,1,0.0,0.0,2.0,,,0.0,,,1.0,,,Wellington Region,Nil,2-way,Sealed,,0.0,0,,50.0,,Null,0.0,0.0,,47,Wellington City,Unknown,,,,,0.0,0.0,Urban,0.0,,,Light rain,Null,0
67511514,,574002,0.0,0.0,0.0,1.0,0.0,East,2015/2016,CENTENNIAL SBD,SLIP ROAD N,,Non-Injury Crash,Yes,2015,0.0,East,0.0,0,0.0,Flat,0.0,,1.0,,0.0,Dark,2078302,0,0.0,0.0,2.0,0.0,0.0,0.0,0.0,0.0,,0.0,0.0,Wellington Region,Nil,2-way,Sealed,0.0,0.0,0,0.0,50.0,0.0,On,0.0,0.0,,47,Wellington City,Nil,0.0,0.0,0.0,0.0,0.0,0.0,Urban,0.0,0.0,0.0,Fine,Null,0
67511658,,573000,0.0,,1.0,1.0,,Null,2015/2016,WILLESTON ST,WILLIS ST,,Non-Injury Crash,No,2016,,West,,0,,Flat,,,,,,Bright sun,2127100,0,0.0,0.0,2.0,,,0.0,,,,,,Wellington Region,Nil,1-way,Sealed,,0.0,0,,30.0,,Null,0.0,0.0,,47,Wellington City,Traffic Signals,,,,,0.0,0.0,Urban,0.0,,,Fine,Null,0