OBJECTID,advisorySpeed,areaUnitID,bicycle,bridge,bus,carStationWagon,cliffBank,crashDirectionDescription,crashFinancialYear,crashLocation1,crashLocation2,crashRoadSideRoad,crashSeverity,crashSHDescription,crashYear,debris,directionRoleDescription,ditch,fatalCount,fence,flatHill,guardRail,holiday,houseOrBuilding,intersection,kerb,light,meshblockId,minorInjuryCount,moped,motorcycle,NumberOfLanes,objectThrownOrDropped,otherObject,otherVehicleType,overBank,parkedVehicle,pedestrian,phoneBoxEtc,postOrPole,region,roadCharacter,roadLane,roadSurface,roadworks,schoolBus,seriousInjuryCount,slipOrFlood,speedLimit,strayAnimal,streetLight,suv,taxi,temporarySpeedLimit,tlaId,tlaName,trafficControl,trafficIsland,trafficSign,train,tree,truck,unknownVehicleType,urban,vanOrUtility,vehicle,waterRiver,weatherA,weatherB,if_pandemic
67511822,,576500,0.0,,0.0,3.0,,South,2015/2016,ADELAIDE ROAD,DRUMMOND ST,,Non-Injury Crash,No,2015,,North,,0,,Flat,,,,,,Bright sun,2148400,0,0.0,0.0,4.0,,,0.0,,,,,,Wellington Region,Nil,2-way,Sealed,,0.0,0,,50.0,,Null,1.0,0.0,,47,Wellington City,Nil,,,,,0.0,0.0,Urban,0.0,,,Fine,Null,0
67512034,,574600,0.0,0.0,0.0,1.0,1.0,East,2015/2016,WADESTOWN ROAD,LYTTON ST,,Minor Crash,No,2015,0.0,West,0.0,0,0.0,Hill Road,0.0,,0.0,,0.0,Dark,2100900,1,0.0,0.0,2.0,0.0,0.0,0.0,0.0,0.0,,0.0,0.0,Wellington Region,Nil,2-way,Sealed,0.0,0.0,0,0.0,50.0,0.0,On,0.0,0.0,,47,Wellington City,Unknown,0.0,0.0,0.0,0.0,0.0,0.0,Urban,0.0,0.0,0.0,Fine,Null,0
67512074,,572900,0.0,,1.0,1.0,,Null,2015/2016,MOLESWORTH ST,HILL ST,,Non-Injury Crash,No,2015,,North,,0,,Hill Road,,,,,,Dark,2121400,0,0.0,0.0,,,,0.0,,,,,,Wellington Region,Nil,1-way,Sealed,,0.0,0,,50.0,,On,0.0,0.0,,47,Wellington City,Traffic Signals,,,,,0.0,0.0,Urban,0.0,,,Fine,Frost,0
67512142,,573000,0.0,0.0,0.0,2.0,0.0,South,2015/2016,THE TERRACE,FARMERS LANE,,Non-Injury Crash,No,2015,0.0,South,0.0,0,0.0,Flat,0.0,,0.0,,0.0,Bright sun,2124600,0,0.0,0.0,2.0,0.0,0.0,0.0,0.0,1.0,,0.0,0.0,Wellington Region,Nil,2-way,Sealed,0.0,0.0,0,0.0,50.0,0.0,Null,0.0,0.0,,47,Wellington City,Nil,0.0,0.0,0.0,0.0,0.0,0.0,Urban,0.0,0.0,0.0,Fine,Null,0
67512258,,573101,0.0,,0.0,0.0,,Null,2014/2015,SH 1N KARO DRIVE,WILLIS ST,,Minor Crash,Yes,2015,,North,,0,,Flat,,,,,,Dark,2131900,1,0.0,1.0,5.0,,,0.0,,,,,,Wellington Region,Nil,1-way,Sealed,,0.0,0,,50.0,,On,0.0,0.0,,47,Wellington City,Traffic Signals,,,,,0.0,0.0,Urban,0.0,,,Fine,Null,0
67512418,,573700,0.0,,0.0,1.0,,Null,2015/2016,CORTINA AVENUE,FLINDERS PLACE,,Serious Crash,No,2015,,East,,0,,Hill Road,,,,,,Dark,2086709,0,0.0,0.0,2.0,,,0.0,,,,,,Wellington Region,Nil,2-way,Sealed,,0.0,1,,50.0,,On,1.0,0.0,,47,Wellington City,Give way,,,,,0.0,0.0,Urban,0.0,,,Fine,Null,0
67512542,,573000,1.0,0.0,0.0,1.0,0.0,South,2015/2016,CUSTOMHOUSE QUAY,HUNTER ST,,Minor Crash,No,2015,0.0,North,0.0,0,0.0,Flat,0.0,,0.0,,0.0,Bright sun,2125800,1,0.0,0.0,2.0,0.0,0.0,0.0,0.0,1.0,,0.0,0.0,Wellington Region,Nil,2-way,Sealed,0.0,0.0,0,0.0,30.0,0.0,Null,0.0,1.0,,47,Wellington City,Unknown,0.0,0.0,0.0,0.0,0.0,0.0,Urban,0.0,0.0,0.0,Fine,Null,0
67512558,,574500,1.0,,0.0,1.0,,South,2014/2015,HUTT ROAD,KAIWHARAWHARA ROAD,,Serious Crash,No,2015,,South,,0,,Flat,,,,,,Bright sun,2093500,0,0.0,0.0,2.0,,,0.0,,,,,,Wellington Region,Nil,2-way,Sealed,,0.0,1,,50.0,,Null,0.0,0.0,,47,Wellington City,Nil,,,,,0.0,0.0,Urban,0.0,,,Fine,Null,0
67512570,,573000,0.0,,0.0,1.0,,South,2015/2016,THE TERRACE,BOLTON ST,,Minor Crash,No,2015,,South,,0,,Flat,,,,,,Overcast,2123902,1,0.0,0.0,2.0,,,0.0,,,1.0,,,Wellington Region,Nil,2-way,Sealed,,0.0,0,,50.0,,Null,0.0,0.0,,47,Wellington City,Unknown,,,,,0.0,0.0,Urban,0.0,,,Fine,Null,0
67512598,,573400,0.0,,0.0,2.0,,East,2014/2015,ORIENTAL PARADE,HERD ST,,Non-Injury Crash,No,2015,,West,,0,,Flat,,,,,,Overcast,2138400,0,0.0,0.0,2.0,,,0.0,,,,,,Wellington Region,Nil,2-way,Sealed,,0.0,0,,50.0,,Null,0.0,0.0,,47,Wellington City,Nil,,,,,0.0,0.0,Urban,0.0,,,Fine,Null,0
67512702,25.0,574002,0.0,1.0,0.0,1.0,0.0,Null,2015/2016,NGAURANGA ON NBD,NGAURANGA ON NBD OBR,,Minor Crash,No,2016,0.0,South,0.0,0,0.0,Flat,0.0,,0.0,,0.0,Dark,2078302,1,0.0,0.0,2.0,0.0,0.0,0.0,0.0,0.0,,1.0,0.0,Wellington Region,Nil,1-way,Sealed,0.0,0.0,0,0.0,100.0,0.0,On,0.0,0.0,70.0,47,Wellington City,Unknown,0.0,0.0,0.0,0.0,0.0,0.0,Open,0.0,0.0,0.0,Fine,Null,0
67512750,,572900,0.0,0.0,0.0,1.0,0.0,Null,2016/2017,MOLESWORTH ST,PIPITEA ST,,Minor Crash,No,2016,0.0,North,0.0,0,0.0,Flat,0.0,,0.0,,0.0,Dark,2119200,1,0.0,0.0,2.0,0.0,0.0,0.0,0.0,0.0,,0.0,0.0,Wellington Region,Nil,2-way,Sealed,0.0,0.0,0,0.0,50.0,0.0,On,0.0,0.0,30.0,47,Wellington City,Nil,0.0,1.0,0.0,0.0,0.0,0.0,Urban,0.0,0.0,0.0,Light rain,Strong wind,0
67512878,,576901,0.0,,0.0,2.0,,Null,2015/2016,SH 1N,TROY ST,,Non-Injury Crash,Yes,2015,,West,,0,,Flat,,,,,,Overcast,2176800,0,0.0,0.0,4.0,,,0.0,,,,,,Wellington Region,Nil,2-way,Sealed,,0.0,0,,50.0,,Null,0.0,1.0,,47,Wellington City,Give way,,,,,0.0,0.0,Urban,0.0,,,Heavy rain,Null,0
67513130,,572702,0.0,,0.0,2.0,,South,2014/2015,SH 1N,COLLINS OBR,,Non-Injury Crash,Yes,2015,,South,,0,,Flat,,,,,,Bright sun,1996100,0,0.0,0.0,2.0,,,0.0,,,,,,Wellington Region,Nil,1-way,Sealed,,0.0,0,,100.0,,Off,0.0,0.0,,47,Wellington City,Nil,,,,,0.0,0.0,Open,1.0,,,Fine,Null,0
67513142,,576903,0.0,,0.0,1.0,,West,2015/2016,SH 1N,KILBIRNIE CRESCENT,,Non-Injury Crash,Yes,2016,,West,,0,,Hill Road,,,,,,Bright sun,2180400,0,0.0,0.0,3.0,,,0.0,,,,,,Wellington Region,Nil,2-way,Sealed,,0.0,0,,50.0,,Null,0.0,0.0,,47,Wellington City,Traffic Signals,,,,,1.0,0.0,Urban,0.0,,,Fine,Null,0
67513182,,576800,0.0,,0.0,2.0,,South,2015/2016,MOXHAM AVENUE,WAITOA ROAD,,Non-Injury Crash,No,2016,,North,,0,,Hill Road,,,,,,Bright sun,2181900,0,0.0,0.0,2.0,,,0.0,,,,,,Wellington Region,Nil,2-way,Sealed,,0.0,0,,30.0,,Null,0.0,0.0,,47,Wellington City,Give way,,,,,0.0,0.0,Urban,0.0,,,Fine,Null,0
67513226,,575100,0.0,,0.0,1.0,,Null,2016/2017,KARORI ROAD,MONAGHAN AVENUE,,Minor Crash,No,2016,,West,,0,,Flat,,,,,,Overcast,2115302,1,1.0,0.0,2.0,,,0.0,,,,,,Wellington Region,Nil,2-way,Sealed,,0.0,0,,50.0,,Null,0.0,0.0,,47,Wellington City,Give way,,,,,0.0,0.0,Urban,0.0,,,Fine,Null,0
67513230,,573000,0.0,,0.0,2.0,,Null,2015/2016,CUSTOMHOUSE QUAY,JOHNSTON ST,,Non-Injury Crash,No,2016,,North,,0,,Flat,,,,,,Bright sun,2124300,0,0.0,0.0,3.0,,,0.0,,,,,,Wellington Region,Nil,1-way,Sealed,,0.0,0,,50.0,,Null,0.0,0.0,,47,Wellington City,Traffic Signals,,,,,0.0,0.0,Urban,0.0,,,Fine,Null,0
67513458,,577200,0.0,0.0,0.0,2.0,0.0,West,2015/2016,BROADWAY,MONORGAN ROAD,,Non-Injury Crash,No,2015,0.0,West,0.0,0,0.0,Flat,0.0,,0.0,,0.0,Dark,2209100,0,0.0,0.0,,0.0,0.0,0.0,0.0,1.0,,0.0,0.0,Wellington Region,Nil,2-way,Sealed,0.0,0.0,0,0.0,50.0,0.0,Off,0.0,0.0,,47,Wellington City,Unknown,0.0,0.0,0.0,0.0,0.0,0.0,Urban,0.0,0.0,0.0,Fine,Null,0
67513586,,574100,0.0,0.0,0.0,2.0,0.0,East,2015/2016,TRUSCOTT AVENUE,ELLIOTT ST,,Non-Injury Crash,No,2015,0.0,East,0.0,0,0.0,Hill Road,0.0,,0.0,,0.0,Bright sun,2085905,0,0.0,0.0,1.0,0.0,0.0,0.0,0.0,1.0,,0.0,0.0,Wellington Region,Nil,2-way,Sealed,0.0,0.0,0,0.0,50.0,0.0,Null,0.0,0.0,,47,Wellington City,Nil,0.0,0.0,0.0,0.0,0.0,0.0,Urban,0.0,0.0,0.0,Fine,Null,0
67513658,,574002,0.0,,0.0,2.0,,North,2015/2016,SH 1N,CENTENNIAL SBD,,Non-Injury Crash,Yes,2015,,South,,0,,Hill Road,,,,,,Overcast,2078304,0,0.0,0.0,3.0,,,0.0,,,,,,Wellington Region,Nil,1-way,Sealed,,0.0,0,,60.0,,Null,0.0,0.0,,47,Wellington City,Unknown,,,,,0.0,0.0,Urban,0.0,,,Heavy rain,Null,0
67513694,,572900,0.0,0.0,0.0,1.0,0.0,South,2014/2015,SH 1N,MOLESWORTH OBR,,Non-Injury Crash,Yes,2015,1.0,North,0.0,0,0.0,Flat,0.0,,0.0,,0.0,Overcast,2119300,0,0.0,0.0,6.0,0.0,0.0,0.0,0.0,0.0,,0.0,0.0,Wellington Region,Nil,2-way,Sealed,0.0,0.0,0,0.0,100.0,0.0,Null,1.0,0.0,,47,Wellington City,Unknown,0.0,0.0,0.0,0.0,0.0,0.0,Open,0.0,0.0,0.0,Fine,Null,0
67513926,,574900,1.0,,0.0,1.0,,West,2016/2017,KARORI ROAD,TRINGHAM ST,,Minor Crash,No,2017,,West,,0,,Flat,,Christmas New Year,,,,Overcast,2109202,1,0.0,0.0,2.0,,,0.0,,,,,,Wellington Region,Nil,2-way,Sealed,,0.0,0,,50.0,,Null,0.0,0.0,,47,Wellington City,Nil,,,,,0.0,0.0,Urban,0.0,,,Light rain,Null,0
67513978,,573000,0.0,0.0,0.0,2.0,0.0,North,2016/2017,MACDONALD CRESCENT,DIXON ST,,Non-Injury Crash,No,2016,0.0,South,0.0,0,0.0,Hill Road,0.0,,0.0,,0.0,Bright sun,2128700,0,0.0,0.0,2.0,0.0,0.0,0.0,0.0,1.0,,0.0,0.0,Wellington Region,Nil,2-way,Sealed,0.0,0.0,0,0.0,50.0,0.0,Null,0.0,0.0,,47,Wellington City,Unknown,0.0,0.0,0.0,0.0,0.0,0.0,Urban,1.0,0.0,0.0,Fine,Null,0
67513998,,576800,0.0,,0.0,1.0,,Null,2016/2017,RATA ROAD,EVANS BAY PARADE,,Non-Injury Crash,No,2016,,East,,0,,Hill Road,,,,,,Overcast,2182503,0,0.0,0.0,2.0,,,0.0,,,,,,Wellington Region,Nil,2-way,Sealed,,0.0,0,,50.0,,Null,0.0,0.0,,47,Wellington City,Give way,,,,,0.0,0.0,Urban,1.0,,,Fine,Null,0
67514134,,572900,0.0,,1.0,0.0,,East,2016/2017,LAMBTON QUAY,BUNNY ST,,Minor Crash,No,2016,,East,,0,,Flat,,,,,,Bright sun,2122600,1,0.0,0.0,2.0,,,0.0,,,1.0,,,Wellington Region,Nil,2-way,Sealed,,0.0,0,,30.0,,Off,0.0,0.0,,47,Wellington City,Unknown,,,,,0.0,0.0,Urban,0.0,,,Fine,Null,0
67514298,,573101,0.0,0.0,0.0,2.0,0.0,South,2015/2016,TARANAKI ST,YORK ST,,Non-Injury Crash,No,2015,0.0,North,0.0,0,0.0,Flat,0.0,,0.0,,0.0,Overcast,2135800,0,0.0,0.0,4.0,0.0,0.0,0.0,0.0,0.0,,0.0,0.0,Wellington Region,Nil,2-way,Sealed,0.0,0.0,0,0.0,50.0,0.0,Null,0.0,1.0,,47,Wellington City,Unknown,0.0,0.0,0.0,0.0,0.0,0.0,Urban,0.0,1.0,0.0,Light rain,Null,0
67514302,,573101,0.0,0.0,0.0,2.0,0.0,East,2015/2016,WAKEFIELD ST,COURAGE LANE,,Non-Injury Crash,No,2016,0.0,West,0.0,0,0.0,Flat,0.0,,0.0,,0.0,Unknown,2135600,0,0.0,0.0,3.0,0.0,0.0,0.0,0.0,1.0,,0.0,0.0,Wellington Region,Nil,1-way,Sealed,0.0,0.0,0,0.0,50.0,0.0,On,0.0,0.0,,47,Wellington City,Unknown,0.0,0.0,0.0,0.0,0.0,0.0,Urban,0.0,0.0,0.0,Null,Null,0
67514550,,574001,0.0,,0.0,1.0,,North,2014/2015,SH 1N,NEWLANDS ON SBD,,Non-Injury Crash,Yes,2015,,South,,0,,Hill Road,,,,,,Overcast,2077600,0,0.0,0.0,6.0,,,0.0,,,,,,Wellington Region,Motorway ramp,2-way,Sealed,,0.0,0,,80.0,,On,1.0,0.0,60.0,47,Wellington City,Unknown,,,,,0.0,0.0,Open,0.0,,,Fine,Null,0
67514578,,577200,0.0,,0.0,1.0,,East,2014/2015,MIRAMAR AVENUE,TAUHINU ROAD,,Non-Injury Crash,No,2015,,East,,0,,Flat,,,,,,Bright sun,2206200,0,0.0,0.0,2.0,,,0.0,,,,,,Wellington Region,Nil,2-way,Sealed,,0.0,0,,50.0,,Null,0.0,0.0,,47,Wellington City,Nil,,,,,0.0,0.0,Urban,1.0,,,Fine,Null,0
67514666,,573700,0.0,0.0,0.0,1.0,1.0,Null,2014/2015,FRANKMOORE AVENUE,PROSPECT TERRACE,,Non-Injury Crash,No,2015,0.0,West,0.0,0,0.0,Hill Road,0.0,,0.0,,0.0,Dark,2081700,0,0.0,0.0,2.0,0.0,0.0,0.0,0.0,0.0,,0.0,0.0,Wellington Region,Nil,2-way,Sealed,0.0,0.0,0,0.0,50.0,0.0,On,0.0,0.0,,47,Wellington City,Nil,0.0,0.0,0.0,0.0,0.0,0.0,Urban,0.0,0.0,0.0,Fine,Null,0
67514674,,574701,0.0,,0.0,1.0,,Null,2015/2016,BLACKBRIDGE ROAD,CHURCHILL DRIVE,,Minor Crash,No,2016,,South,,0,,Hill Road,,,,,,Twilight,2105100,2,0.0,0.0,2.0,,,0.0,,,,,,Wellington Region,Nil,2-way,Sealed,,0.0,0,,50.0,,Off,1.0,0.0,,47,Wellington City,Give way,,,,,0.0,0.0,Urban,0.0,,,Fine,Null,0
67514725,,574001,0.0,0.0,0.0,2.0,0.0,East,2014/2015,NEWLANDS ROAD,HURRING PLACE,,Non-Injury Crash,No,2015,0.0,West,0.0,0,0.0,Hill Road,0.0,,0.0,,0.0,Dark,2077600,0,0.0,0.0,2.0,0.0,0.0,0.0,0.0,1.0,,0.0,0.0,Wellington Region,Nil,2-way,Sealed,0.0,0.0,0,0.0,50.0,0.0,On,0.0,0.0,,47,Wellington City,Give way,0.0,0.0,0.0,0.0,0.0,0.0,Urban,0.0,0.0,0.0,Fine,Null,0
67514733,,577000,0.0,,0.0,2.0,,North,2015/2016,Z D WAY,MOA POINT DRIVE,,Minor Crash,No,2015,,West,,0,,Flat,,,,,,Overcast,2175700,1,0.0,0.0,0.0,,,0.0,,,,,,Wellington Region,Nil,Off road,Sealed,,0.0,0,,50.0,,Null,0.0,0.0,,47,Wellington City,Nil,,,,,0.0,0.0,Urban,0.0,,,Fine,Null,0
67514833,,573700,0.0,0.0,0.0,1.0,1.0,Null,2016/2017,JOHNSONVILLE ROAD,MOOREFIELD ROAD,,Minor Crash,No,2016,0.0,North,0.0,0,0.0,Flat,0.0,,0.0,,0.0,Bright sun,2082800,1,0.0,0.0,2.0,0.0,0.0,0.0,0.0,0.0,,0.0,0.0,Wellington Region,Nil,1-way,Sealed,0.0,0.0,0,0.0,50.0,0.0,Null,0.0,0.0,,47,Wellington City,Give way,0.0,0.0,0.0,0.0,0.0,0.0,Urban,1.0,0.0,0.0,Fine,Null,0
67514913,,575701,0.0,,0.0,1.0,,Null,2016/2017,MILLS ROAD,FORTUNATUS ST,,Minor Crash,No,2016,,South,,0,,Hill Road,,,,,,Twilight,2199101,1,1.0,0.0,2.0,,,0.0,,,,,,Wellington Region,Nil,2-way,Sealed,,0.0,0,,50.0,,On,0.0,0.0,,47,Wellington City,Give way,,,,,0.0,0.0,Urban,0.0,,,Light rain,Strong wind,0
67514969,,574002,0.0,,0.0,1.0,,Null,2015/2016,CENTENNIAL SBD,SH 1N,,Non-Injury Crash,Yes,2016,,East,,0,,Flat,,,,,,Bright sun,2078302,0,0.0,0.0,1.0,,,0.0,,,,,,Wellington Region,Nil,1-way,Sealed,,0.0,0,,50.0,,Null,0.0,0.0,,47,Wellington City,Nil,,,,,1.0,0.0,Urban,0.0,,,Null,Null,0
67515073,,576301,0.0,,0.0,3.0,,Null,2015/2016,ADELAIDE ROAD,HALL ST,,Serious Crash,No,2016,,North,,0,,Hill Road,,,,,,Bright sun,2163900,1,0.0,0.0,2.0,,,0.0,,,,,,Wellington Region,Nil,2-way,Sealed,,0.0,1,,50.0,,Null,0.0,0.0,,47,Wellington City,Traffic Signals,,,,,0.0,0.0,Urban,0.0,,,Fine,Null,0
67515137,,576200,0.0,,0.0,2.0,,North,2015/2016,ADELAIDE ROAD,DOVER ST,,Non-Injury Crash,No,2015,,South,,0,,Flat,,,,,,Bright sun,2173200,0,0.0,0.0,2.0,,,0.0,,,,,,Wellington Region,Nil,2-way,Sealed,,0.0,0,,50.0,,Null,0.0,0.0,,47,Wellington City,Unknown,,,,,0.0,0.0,Urban,0.0,,,Fine,Null,0
67515145,,576400,0.0,0.0,0.0,1.0,0.0,East,2014/2015,MEIN ST,RIDDIFORD ST,,Non-Injury Crash,No,2015,0.0,East,0.0,0,0.0,Flat,0.0,,0.0,,0.0,Bright sun,2166900,0,0.0,0.0,2.0,0.0,0.0,0.0,0.0,1.0,,0.0,0.0,Wellington Region,Nil,2-way,Sealed,0.0,0.0,0,0.0,50.0,0.0,Null,0.0,0.0,,47,Wellington City,Traffic Signals,0.0,0.0,0.0,0.0,1.0,0.0,Urban,0.0,0.0,0.0,Fine,Null,0
67515465,,576903,0.0,,0.0,2.0,,Null,2015/2016,01N-1076,HAMILTON ROAD,,Non-Injury Crash,Yes,2015,,West,,0,,Flat,,,,,,Overcast,2180300,0,0.0,0.0,5.0,,,0.0,,,,,,Wellington Region,Nil,2-way,Sealed,,0.0,0,,50.0,,Null,0.0,0.0,,47,Wellington City,Traffic Signals,,,,,0.0,0.0,Urban,0.0,,,Fine,Null,0
67515625,,573101,0.0,,0.0,1.0,,Null,2015/2016,SH 1N,CAMBRIDGE TERRACE,,Non-Injury Crash,Yes,2015,,East,,0,,Flat,,,,,,Twilight,2136700,0,0.0,0.0,4.0,,,0.0,,,,,,Wellington Region,Nil,2-way,Sealed,,0.0,0,,50.0,,On,0.0,0.0,,47,Wellington City,Traffic Signals,,,,,0.0,0.0,Urban,1.0,,,Fine,Null,0
67515733,,573000,0.0,,0.0,2.0,,North,2015/2016,SH 1N,NORTH PORTAL NBD,,Minor Crash,Yes,2016,,North,,0,,Flat,,,,,,Unknown,2126700,1,0.0,0.0,3.0,,,0.0,,,,,,Wellington Region,Nil,1-way,Sealed,,0.0,0,,100.0,,Null,0.0,0.0,,47,Wellington City,Unknown,,,,,0.0,0.0,Open,0.0,,,Null,Null,0
67515829,,576301,0.0,,0.0,1.0,,Null,2015/2016,RIDDIFORD ST,CONSTABLE ST,,Minor Crash,No,2015,,North,,0,,Flat,,,,,,Overcast,2165200,1,0.0,0.0,2.0,,,0.0,,,1.0,,,Wellington Region,Nil,2-way,Sealed,,0.0,0,,40.0,,Off,0.0,0.0,,47,Wellington City,Traffic Signals,,,,,0.0,0.0,Urban,0.0,,,Fine,Strong wind,0
67516008,,574800,0.0,0.0,0.0,0.0,1.0,West,2015/2016,KARORI ROAD,FANCOURT ST,,Non-Injury Crash,No,2015,0.0,East,0.0,0,0.0,Hill Road,0.0,,0.0,,0.0,Dark,2107900,0,0.0,0.0,2.0,0.0,0.0,0.0,0.0,0.0,,0.0,0.0,Wellington Region,Nil,2-way,Sealed,0.0,0.0,0,0.0,50.0,0.0,On,0.0,0.0,,47,Wellington City,Unknown,0.0,0.0,0.0,0.0,0.0,0.0,Urban,1.0,0.0,0.0,Snow,Null,0
67516108,,573600,0.0,,0.0,1.0,,North,2015/2016,SH 1N,JOHNSONVILLE ON NBD,,Non-Injury Crash,Yes,2016,,North,,0,,Flat,,,,,,Bright sun,2081200,0,0.0,1.0,2.0,,,0.0,,,,,,Wellington Region,Nil,1-way,Sealed,,0.0,0,,100.0,,Null,0.0,0.0,,47,Wellington City,Unknown,,,,,0.0,0.0,Open,0.0,,,Fine,Null,0
67516120,,574303,0.0,,0.0,0.0,,West,2015/2016,SH 1N,ONSLOW RAIL OBR,,Minor Crash,Yes,2016,,East,,0,,Flat,,,,,,Twilight,2090402,1,0.0,0.0,4.0,,,0.0,,,,,,Wellington Region,Nil,1-way,Sealed,,0.0,0,,100.0,,On,2.0,0.0,,47,Wellington City,Unknown,,,,,0.0,0.0,Open,0.0,,,Fine,Null,0
67516317,,577200,0.0,,0.0,1.0,,Null,2014/2015,PARK ROAD,MIRAMAR AVENUE,,Minor Crash,No,2015,,East,,0,,Flat,,,,,,Bright sun,2207201,1,0.0,0.0,2.0,,,0.0,,,1.0,,,Wellington Region,Nil,2-way,Sealed,,0.0,0,,50.0,,Null,0.0,0.0,,47,Wellington City,Give way,,,,,0.0,0.0,Urban,0.0,,,Fine,Null,0
67516460,,576400,0.0,,0.0,2.0,,West,2014/2015,CONSTABLE ST,HIROPI ST,,Non-Injury Crash,No,2015,,West,,0,,Hill Road,,,,,,Overcast,2168000,0,0.0,0.0,2.0,,,0.0,,,,,,Wellington Region,Nil,2-way,Sealed,,0.0,0,,50.0,,Null,0.0,0.0,,47,Wellington City,Give way,,,,,0.0,0.0,Urban,0.0,,,Fine,Null,0
67516520,,572900,0.0,,0.0,1.0,,Null,2015/2016,SH 1N,HILL ST OBR,,Non-Injury Crash,Yes,2015,,North,,0,,Flat,,,,,,Twilight,2122300,0,0.0,0.0,3.0,,,0.0,,,,,,Wellington Region,Nil,1-way,Sealed,,0.0,0,,80.0,,On,1.0,0.0,,47,Wellington City,Unknown,,,,,0.0,0.0,Open,0.0,,,Fine,Strong wind,0
67516612,,573101,0.0,,0.0,1.0,,Null,2015/2016,VICTORIA ST,GHUZNEE ST,,Non-Injury Crash,No,2016,,North,,0,,Flat,,,,,,Bright sun,2131700,0,0.0,0.0,3.0,,,0.0,,,,,,Wellington Region,Nil,2-way,Sealed,,0.0,0,,50.0,,Null,1.0,0.0,,47,Wellington City,Traffic Signals,,,,,0.0,0.0,Urban,0.0,,,Fine,Null,0
67516808,,573300,0.0,0.0,0.0,1.0,0.0,Null,2016/2017,SH 1N,BUCKLE ST,,Minor Crash,Yes,2016,0.0,South,0.0,0,0.0,Flat,0.0,,0.0,,0.0,Dark,2145602,1,0.0,0.0,3.0,0.0,0.0,0.0,0.0,0.0,,0.0,0.0,Wellington Region,Nil,1-way,Sealed,0.0,0.0,0,0.0,50.0,0.0,On,0.0,0.0,,47,Wellington City,Give way,0.0,0.0,0.0,1.0,0.0,0.0,Urban,0.0,0.0,0.0,Light rain,Strong wind,0
67516878,,572701,0.0,0.0,0.0,2.0,1.0,South,2014/2015,MAIN ROAD,FYVIE AVENUE,,Minor Crash,No,2015,0.0,North,0.0,0,0.0,Flat,0.0,,0.0,,0.0,Bright sun,1994707,1,0.0,0.0,2.0,0.0,0.0,0.0,0.0,0.0,,0.0,2.0,Wellington Region,Nil,2-way,Sealed,0.0,0.0,0,0.0,50.0,0.0,Off,0.0,0.0,,47,Wellington City,Nil,0.0,0.0,0.0,0.0,0.0,0.0,Urban,0.0,0.0,0.0,Fine,Null,0
67516904,,573000,0.0,,0.0,2.0,,North,2015/2016,JERVOIS QUAY,HARRIS ST,,Non-Injury Crash,No,2015,,North,,0,,Flat,,,,,,Dark,2124300,0,0.0,0.0,3.0,,,0.0,,,,,,Wellington Region,Nil,1-way,Sealed,,0.0,0,,50.0,,On,0.0,1.0,,47,Wellington City,Unknown,,,,,0.0,0.0,Urban,0.0,,,Light rain,Null,0
67517088,,574303,0.0,0.0,0.0,1.0,0.0,South,2015/2016,NEWLANDS ON NBD,SH 1N,,Non-Injury Crash,No,2015,0.0,North,0.0,0,0.0,Hill Road,0.0,,0.0,,0.0,Overcast,2084302,0,0.0,0.0,1.0,0.0,0.0,0.0,0.0,0.0,,0.0,1.0,Wellington Region,Motorway ramp,1-way,Sealed,0.0,0.0,0,0.0,80.0,0.0,Off,0.0,0.0,,47,Wellington City,Give way,0.0,0.0,0.0,0.0,0.0,0.0,Open,0.0,0.0,0.0,Light rain,Null,0
67517264,,573700,0.0,0.0,0.0,3.0,0.0,East,2015/2016,BRODERICK ROAD,TRUSCOTT AVENUE,,Non-Injury Crash,No,2016,0.0,East,0.0,0,0.0,Hill Road,0.0,,0.0,,0.0,Bright sun,2082002,0,0.0,0.0,2.0,0.0,0.0,0.0,0.0,1.0,,0.0,0.0,Wellington Region,Nil,2-way,Sealed,0.0,0.0,0,0.0,50.0,0.0,Null,0.0,0.0,,47,Wellington City,Unknown,0.0,0.0,0.0,0.0,0.0,0.0,Urban,0.0,1.0,0.0,Fine,Null,0
67517348,,572900,0.0,0.0,0.0,2.0,0.0,North,2015/2016,MOTUROA ST,PIPITEA ST,,Non-Injury Crash,No,2016,0.0,South,0.0,0,0.0,Hill Road,0.0,,0.0,,0.0,Bright sun,2119100,0,0.0,0.0,2.0,0.0,0.0,0.0,0.0,0.0,,0.0,0.0,Wellington Region,Nil,2-way,Sealed,0.0,0.0,0,0.0,50.0,0.0,Off,0.0,0.0,,47,Wellington City,Nil,0.0,0.0,0.0,0.0,0.0,0.0,Urban,0.0,1.0,0.0,Fine,Null,0
67517440,,574303,0.0,,0.0,1.0,,Null,2015/2016,SH 1N,NEWLANDS OFF NBD,,Non-Injury Crash,Yes,2016,,North,,0,,Hill Road,,,,,,Overcast,2084302,0,0.0,0.0,4.0,,,0.0,,,,,,Wellington Region,Motorway ramp,1-way,Sealed,,0.0,0,,80.0,,Null,1.0,0.0,,47,Wellington City,Nil,,,,,0.0,0.0,Open,0.0,,,Null,Strong wind,0