OBJECTID,advisorySpeed,areaUnitID,bicycle,bridge,bus,carStationWagon,cliffBank,crashDirectionDescription,crashFinancialYear,crashLocation1,crashLocation2,crashRoadSideRoad,crashSeverity,crashSHDescription,crashYear,debris,directionRoleDescription,ditch,fatalCount,fence,flatHill,guardRail,holiday,houseOrBuilding,intersection,kerb,light,meshblockId,minorInjuryCount,moped,motorcycle,NumberOfLanes,objectThrownOrDropped,otherObject,otherVehicleType,overBank,parkedVehicle,pedestrian,phoneBoxEtc,postOrPole,region,roadCharacter,roadLane,roadSurface,roadworks,schoolBus,seriousInjuryCount,slipOrFlood,speedLimit,strayAnimal,streetLight,suv,taxi,temporarySpeedLimit,tlaId,tlaName,trafficControl,trafficIsland,trafficSign,train,tree,truck,unknownVehicleType,urban,vanOrUtility,vehicle,waterRiver,weatherA,weatherB,if_pandemic
67517517,,573400,1.0,,0.0,0.0,,Null,2014/2015,ELLICE ST,HANIA ST,,Serious Crash,No,2015,,West,,0,,Flat,,,,,,Bright sun,2143600,0,0.0,1.0,2.0,,,0.0,,,,,,Wellington Region,Nil,2-way,Sealed,,0.0,1,,50.0,,Null,0.0,0.0,,47,Wellington City,Give way,,,,,0.0,0.0,Urban,0.0,,,Fine,Null,0
67517540,,576301,0.0,,0.0,2.0,,South,2015/2016,ADELAIDE ROAD,JOHN ST,,Non-Injury Crash,No,2016,,North,,0,,Hill Road,,,,,,Dark,2163400,0,0.0,0.0,2.0,,,0.0,,,,,,Wellington Region,Nil,2-way,Sealed,,0.0,0,,50.0,,On,0.0,1.0,,47,Wellington City,Unknown,,,,,0.0,0.0,Urban,0.0,,,Fine,Null,0
67517588,,573300,0.0,,0.0,2.0,,North,2015/2016,ADELAIDE ROAD,DOUGLAS ST,,Non-Injury Crash,No,2016,,North,,0,,Flat,,,,,,Dark,2145700,0,0.0,0.0,3.0,,,0.0,,,,,,Wellington Region,Nil,2-way,Sealed,,0.0,0,,50.0,,On,0.0,0.0,,47,Wellington City,Unknown,,,,,0.0,0.0,Urban,0.0,,,Fine,Null,0
67517592,,573101,0.0,,0.0,2.0,,West,2016/2017,WAKEFIELD ST,TARANAKI ST,,Non-Injury Crash,No,2016,,South,,0,,Flat,,,,,,Bright sun,2133200,0,0.0,0.0,2.0,,,0.0,,,,,,Wellington Region,Nil,2-way,Sealed,,0.0,0,,50.0,,Null,0.0,0.0,,47,Wellington City,Unknown,,,,,0.0,0.0,Urban,0.0,,,Fine,Null,0
67517644,,576901,1.0,,0.0,0.0,,East,2014/2015,KEMP ST,EVANS BAY PARADE,,Non-Injury Crash,No,2015,,West,,0,,Flat,,,,,,Overcast,2177800,0,0.0,0.0,2.0,,,0.0,,,,,,Wellington Region,Nil,2-way,Sealed,,0.0,0,,50.0,,Off,0.0,0.0,,47,Wellington City,Nil,,,,,0.0,0.0,Urban,1.0,,,Fine,Null,0
67517740,,572900,0.0,,0.0,2.0,,Null,2015/2016,TINAKORI ROAD,TINAKORI ON NBD,,Non-Injury Crash,No,2016,,South,,0,,Flat,,,,,,Dark,2123100,0,0.0,0.0,2.0,,,0.0,,,,,,Wellington Region,Nil,2-way,Sealed,,0.0,0,,50.0,,On,0.0,0.0,,47,Wellington City,Traffic Signals,,,,,0.0,0.0,Urban,0.0,,,Fine,Null,0
67517960,,576500,0.0,,0.0,2.0,,South,2014/2015,RIDDIFORD ST,HOWELL AVENUE,,Non-Injury Crash,No,2015,,North,,0,,Flat,,,,,,Bright sun,2149200,0,0.0,0.0,2.0,,,0.0,,,,,,Wellington Region,Nil,2-way,Sealed,,0.0,0,,50.0,,Off,0.0,0.0,,47,Wellington City,Nil,,,,,0.0,0.0,Urban,0.0,,,Fine,Null,0
67518104,,573000,0.0,,0.0,1.0,,Null,2016/2017,FEATHERSTON ST,GREY ST,,Minor Crash,No,2016,,West,,0,,Flat,,,,,,Overcast,2125800,1,0.0,0.0,2.0,,,0.0,,,1.0,,,Wellington Region,Nil,1-way,Sealed,,0.0,0,,30.0,,Null,0.0,0.0,,47,Wellington City,Give way,,,,,0.0,0.0,Urban,0.0,,,Fine,Null,0
67518208,,572900,0.0,,0.0,0.0,,South,2016/2017,AOTEA QUAY,RLY YARD ENT S,,Minor Crash,No,2016,,North,,0,,Flat,,,,,,Overcast,2118400,1,0.0,1.0,4.0,,,0.0,,,,,,Wellington Region,Nil,2-way,Sealed,,0.0,0,,50.0,,Null,0.0,0.0,,47,Wellington City,Unknown,,,,,0.0,0.0,Urban,0.0,,,Fine,Null,0
67518271,,573700,0.0,,0.0,2.0,,North,2015/2016,SH 1N,JVILLE OBR,,Non-Injury Crash,Yes,2016,,North,,0,,Flat,,,,,,Dark,2083100,0,0.0,0.0,2.0,,,0.0,,,,,,Wellington Region,Nil,1-way,Sealed,,0.0,0,,100.0,,None,0.0,0.0,,47,Wellington City,Unknown,,,,,0.0,0.0,Open,0.0,,,Fine,Null,0
67518387,,576800,0.0,,0.0,2.0,,Null,2015/2016,UPOKO ROAD,MAREWA ROAD,,Non-Injury Crash,No,2016,,North,,0,,Hill Road,,,,,,Bright sun,2184900,0,0.0,0.0,2.0,,,0.0,,,,,,Wellington Region,Nil,2-way,Sealed,,0.0,0,,50.0,,Null,0.0,0.0,,47,Wellington City,Stop,,,,,0.0,0.0,Urban,0.0,,,Null,Null,0
67518943,,573101,0.0,,0.0,5.0,,South,2015/2016,JERVOIS QUAY,HARRIS ST,,Non-Injury Crash,No,2015,,North,,0,,Flat,,,,,,Bright sun,2133000,0,0.0,0.0,6.0,,,0.0,,,,,,Wellington Region,Nil,2-way,Sealed,,0.0,0,,50.0,,Off,0.0,0.0,,47,Wellington City,Traffic Signals,,,,,0.0,0.0,Urban,0.0,,,Fine,Null,0
67518967,,573901,0.0,0.0,0.0,2.0,0.0,North,2015/2016,BRACKEN ROAD,KAHIKATEA GROVE,,Non-Injury Crash,No,2016,0.0,South,0.0,0,0.0,Flat,0.0,,0.0,,0.0,Bright sun,2074000,0,0.0,0.0,2.0,0.0,0.0,0.0,0.0,1.0,,0.0,0.0,Wellington Region,Nil,2-way,Sealed,0.0,0.0,0,0.0,50.0,0.0,Null,0.0,0.0,,47,Wellington City,Unknown,0.0,0.0,0.0,0.0,0.0,0.0,Urban,0.0,0.0,0.0,Fine,Null,0
67518988,,574402,1.0,,0.0,1.0,,North,2014/2015,NGAIO GORGE ROAD,KAIWHARAWHARA ROAD,,Minor Crash,No,2015,,East,,0,,Hill Road,,,,,,Overcast,2098400,1,0.0,0.0,2.0,,,0.0,,,,,,Wellington Region,Nil,2-way,Sealed,,0.0,0,,50.0,,Off,0.0,0.0,,47,Wellington City,Nil,,,,,0.0,0.0,Urban,0.0,,,Fine,Null,0
67519135,,575300,0.0,,1.0,0.0,,West,2015/2016,KARORI TUNNEL,GLENMORE ST,,Non-Injury Crash,No,2015,,West,,0,,Flat,,,,,,Overcast,2152600,0,0.0,0.0,2.0,,,0.0,,,,,,Wellington Region,Nil,2-way,Sealed,,0.0,0,,50.0,,Null,0.0,0.0,,47,Wellington City,Nil,,,,,1.0,0.0,Urban,0.0,,,Fine,Null,0
67519231,,573000,0.0,,0.0,2.0,,East,2016/2017,HUNTER ST,CUSTOMHOUSE QUAY,,Non-Injury Crash,No,2016,,East,,0,,Flat,,,,,,Overcast,2125900,0,0.0,0.0,2.0,,,0.0,,,,,,Wellington Region,Nil,2-way,Sealed,,0.0,0,,50.0,,Null,0.0,0.0,,47,Wellington City,Traffic Signals,,,,,0.0,0.0,Urban,1.0,,,Heavy rain,Null,0
67519355,,574002,0.0,,0.0,2.0,,South,2014/2015,SH 1N,CENTENNIAL SBD,,Non-Injury Crash,Yes,2015,,South,,0,,Flat,,,,,,Bright sun,2078302,0,0.0,0.0,2.0,,,0.0,,,,,,Wellington Region,Nil,2-way,Sealed,,0.0,0,,100.0,,Null,0.0,0.0,,47,Wellington City,Nil,,,,,0.0,0.0,Open,0.0,,,Fine,Null,0
67519387,,573101,0.0,,0.0,1.0,,East,2015/2016,WAKEFIELD ST,TORY ST,,Non-Injury Crash,No,2016,,West,,0,,Flat,,,,,,Bright sun,2135700,0,0.0,0.0,3.0,,,0.0,,,,,,Wellington Region,Nil,1-way,Sealed,,0.0,0,,50.0,,Null,1.0,0.0,,47,Wellington City,Unknown,,,,,0.0,0.0,Urban,0.0,,,Fine,Null,0
67519423,,574303,0.0,,0.0,2.0,,Null,2014/2015,SH 2,SH 1N,,Non-Injury Crash,Yes,2015,,North,,0,,Hill Road,,,,,,Dark,2090402,0,0.0,0.0,2.0,,,0.0,,,,,,Wellington Region,Nil,1-way,Sealed,,0.0,0,,80.0,,On,0.0,0.0,,47,Wellington City,Nil,,,,,0.0,0.0,Open,1.0,,,Light rain,Null,0
67519463,,573200,0.0,0.0,0.0,2.0,0.0,East,2015/2016,BROOKLYN ROAD,WASHINGTON AVENUE,,Non-Injury Crash,No,2015,0.0,West,0.0,0,0.0,Hill Road,0.0,,0.0,,0.0,Dark,2159300,0,0.0,0.0,2.0,0.0,0.0,0.0,0.0,1.0,,0.0,0.0,Wellington Region,Nil,2-way,Sealed,0.0,0.0,0,0.0,50.0,0.0,On,0.0,0.0,,47,Wellington City,Unknown,0.0,0.0,0.0,0.0,0.0,0.0,Urban,0.0,0.0,0.0,Fine,Null,0
67519556,,573903,0.0,0.0,0.0,1.0,0.0,West,2014/2015,CHAPMAN ST,RICE CRESCENT,,Non-Injury Crash,No,2015,0.0,East,0.0,0,0.0,Hill Road,0.0,,0.0,,0.0,Bright sun,2074302,0,0.0,0.0,2.0,0.0,0.0,0.0,0.0,1.0,,0.0,0.0,Wellington Region,Nil,2-way,Sealed,0.0,0.0,0,0.0,50.0,0.0,Null,0.0,0.0,,47,Wellington City,Nil,0.0,0.0,0.0,0.0,1.0,0.0,Urban,0.0,0.0,0.0,Fine,Null,0
67519587,,574702,0.0,0.0,0.0,2.0,0.0,South,2015/2016,PEMBROKE ROAD,HUNTINGDON ST,,Non-Injury Crash,No,2016,0.0,North,0.0,0,0.0,Hill Road,0.0,,0.0,,0.0,Overcast,2102700,0,0.0,0.0,2.0,0.0,0.0,0.0,0.0,1.0,,0.0,0.0,Wellington Region,Nil,2-way,Sealed,0.0,0.0,0,0.0,50.0,0.0,Null,0.0,0.0,,47,Wellington City,Unknown,0.0,0.0,0.0,0.0,0.0,0.0,Urban,0.0,0.0,0.0,Fine,Null,0
67519895,,573101,0.0,0.0,0.0,0.0,0.0,Null,2015/2016,JERVOIS QUAY,HARRIS ST,,Non-Injury Crash,No,2016,0.0,South,0.0,0,0.0,Flat,0.0,,0.0,,0.0,Bright sun,2133000,0,0.0,0.0,3.0,0.0,0.0,0.0,0.0,0.0,,0.0,1.0,Wellington Region,Nil,1-way,Sealed,0.0,0.0,0,0.0,50.0,0.0,Null,0.0,0.0,,47,Wellington City,Traffic Signals,0.0,0.0,0.0,0.0,0.0,0.0,Urban,1.0,0.0,0.0,Fine,Null,0
67519907,,576903,0.0,,0.0,1.0,,Null,2015/2016,SH 1N,RUAHINE ST,,Non-Injury Crash,Yes,2016,,North,,0,,Hill Road,,,,,,Overcast,2180400,0,0.0,0.0,2.0,,,0.0,,,,,,Wellington Region,Nil,2-way,Sealed,,0.0,0,,50.0,,Null,1.0,0.0,,47,Wellington City,Give way,,,,,0.0,0.0,Urban,0.0,,,Fine,Null,0
67519951,,573400,0.0,0.0,0.0,0.0,0.0,West,2015/2016,PIRIE ST,HOME ST,,Non-Injury Crash,No,2015,0.0,West,0.0,0,0.0,Flat,0.0,,0.0,,0.0,Bright sun,2143400,0,0.0,0.0,2.0,0.0,0.0,0.0,0.0,1.0,,0.0,0.0,Wellington Region,Nil,2-way,Sealed,0.0,0.0,0,0.0,50.0,0.0,Null,2.0,0.0,,47,Wellington City,Unknown,0.0,0.0,0.0,0.0,0.0,0.0,Urban,0.0,0.0,0.0,Fine,Null,0
67519995,,576901,0.0,0.0,0.0,4.0,0.0,West,2014/2015,COUTTS ST,TE WHITI ST,,Non-Injury Crash,No,2015,0.0,East,0.0,0,0.0,Flat,0.0,,0.0,,0.0,Bright sun,2177500,0,0.0,0.0,1.0,0.0,0.0,0.0,0.0,1.0,,0.0,0.0,Wellington Region,Nil,2-way,Sealed,0.0,0.0,0,0.0,50.0,0.0,Null,0.0,0.0,,47,Wellington City,Give way,0.0,0.0,0.0,0.0,0.0,0.0,Urban,0.0,0.0,0.0,Fine,Null,0
67520403,,576800,0.0,0.0,0.0,2.0,0.0,Null,2015/2016,WAITOA ROAD,WAIPAPA ROAD,,Non-Injury Crash,No,2016,0.0,South,0.0,0,0.0,Hill Road,0.0,,0.0,,0.0,Bright sun,2182200,0,0.0,0.0,2.0,0.0,0.0,0.0,0.0,1.0,,0.0,0.0,Wellington Region,Nil,2-way,Sealed,0.0,0.0,0,0.0,50.0,0.0,Null,0.0,0.0,,47,Wellington City,Give way,0.0,0.0,0.0,0.0,0.0,0.0,Urban,0.0,0.0,0.0,Fine,Null,0
67520735,,573300,0.0,,1.0,1.0,,Null,2015/2016,SH 1N,ELLICE ST,,Non-Injury Crash,Yes,2015,,South,,0,,Null,,,,,,Overcast,2145602,0,0.0,0.0,,,,0.0,,,,,,Wellington Region,Nil,2-way,Sealed,,0.0,0,,50.0,,Off,0.0,0.0,,47,Wellington City,Traffic Signals,,,,,0.0,0.0,Urban,0.0,,,Fine,Null,0
67521115,,572900,0.0,,0.0,1.0,,South,2014/2015,WATERLOO QUAY,HINEMOA ST W,,Non-Injury Crash,No,2015,,South,,0,,Flat,,,,,,Bright sun,2118400,0,0.0,0.0,2.0,,,0.0,,,,,,Wellington Region,Nil,2-way,Sealed,,0.0,0,,50.0,,Null,1.0,0.0,,47,Wellington City,Nil,,,,,0.0,0.0,Urban,0.0,,,Fine,Null,0
67521151,,573000,0.0,,0.0,2.0,,North,2015/2016,SH 1N,AURORA TERRACE OBR,,Non-Injury Crash,Yes,2016,,South,,0,,Flat,,,,,,Bright sun,2124500,0,0.0,0.0,2.0,,,0.0,,,,,,Wellington Region,Nil,1-way,Sealed,,0.0,0,,100.0,,Null,1.0,0.0,60.0,47,Wellington City,Unknown,,,,,0.0,0.0,Open,0.0,,,Fine,Null,0
67521180,,574304,0.0,,0.0,1.0,,South,2014/2015,ONSLOW ROAD,LOHIA ST,,Minor Crash,No,2015,,South,,0,,Hill Road,,,,,,Bright sun,2090201,1,0.0,0.0,2.0,,,0.0,,,,,,Wellington Region,Nil,2-way,Sealed,,0.0,0,,50.0,,Off,0.0,0.0,,47,Wellington City,Nil,,,,,1.0,0.0,Urban,0.0,,,Fine,Null,0
67521183,,576100,0.0,0.0,0.0,1.0,1.0,Null,2015/2016,HORNSEY ROAD,SUNGLOW AVENUE,,Minor Crash,No,2015,0.0,South,0.0,0,0.0,Hill Road,0.0,,0.0,,0.0,Dark,2195000,1,0.0,0.0,2.0,0.0,0.0,0.0,0.0,0.0,,0.0,0.0,Wellington Region,Nil,2-way,Sealed,0.0,0.0,0,0.0,50.0,0.0,On,0.0,0.0,,47,Wellington City,Nil,0.0,0.0,0.0,0.0,0.0,0.0,Urban,0.0,0.0,0.0,Fine,Null,0
67521331,,573511,0.0,,0.0,1.0,,Null,2016/2017,WESTCHESTER DRIVE,CHURTON PARK OFF NBD,,Non-Injury Crash,No,2016,,East,,0,,Hill Road,,,,,,Bright sun,2086203,0,0.0,0.0,3.0,,,0.0,,,,,,Wellington Region,Motorway ramp,2-way,Sealed,,0.0,0,,50.0,,Null,1.0,0.0,,47,Wellington City,Give way,,,,,0.0,0.0,Urban,0.0,,,Fine,Null,0
67521355,,573101,0.0,0.0,0.0,1.0,0.0,West,2015/2016,SH 1N,TORY ST,,Non-Injury Crash,Yes,2016,0.0,East,0.0,0,0.0,Null,0.0,,0.0,,0.0,Bright sun,2134200,0,0.0,0.0,2.0,0.0,0.0,0.0,0.0,1.0,,0.0,0.0,Wellington Region,Nil,1-way,Sealed,0.0,0.0,0,0.0,50.0,0.0,Off,0.0,0.0,,47,Wellington City,Unknown,0.0,0.0,0.0,0.0,0.0,0.0,Urban,1.0,0.0,0.0,Fine,Null,0
67521391,,573526,0.0,,0.0,1.0,,Null,2014/2015,SH 2,SERVICE STN STH,,Non-Injury Crash,Yes,2015,,South,,0,,Flat,,,,,,Bright sun,2077503,0,0.0,0.0,2.0,,,0.0,,,,,,Wellington Region,Nil,2-way,Sealed,,0.0,0,,100.0,,Null,0.0,0.0,,47,Wellington City,Nil,,,,,1.0,0.0,Open,0.0,,,Fine,Null,0
67521475,,573300,0.0,,0.0,2.0,,Null,2015/2016,WEBB ST,TARANAKI ST,,Non-Injury Crash,No,2015,,East,,0,,Flat,,,,,,Dark,2145300,0,0.0,0.0,4.0,,,0.0,,,,,,Wellington Region,Nil,2-way,Sealed,,0.0,0,,50.0,,On,0.0,0.0,,47,Wellington City,Traffic Signals,,,,,0.0,0.0,Urban,0.0,,,Fine,Null,0
67521587,,573700,0.0,0.0,0.0,1.0,0.0,West,2015/2016,BOULD ST,HINDMARSH ST,,Non-Injury Crash,No,2016,0.0,North,0.0,0,0.0,Hill Road,0.0,,0.0,,0.0,Bright sun,2083000,0,0.0,0.0,2.0,0.0,0.0,0.0,0.0,1.0,,0.0,0.0,Wellington Region,Nil,2-way,Sealed,0.0,0.0,0,0.0,50.0,0.0,Null,0.0,0.0,,47,Wellington City,Unknown,0.0,0.0,0.0,0.0,1.0,0.0,Urban,0.0,0.0,0.0,Fine,Null,0
67521611,,573101,0.0,,0.0,0.0,,North,2015/2016,VICTORIA ST,SH 1N VIVIAN ST,,Minor Crash,No,2016,,South,,0,,Flat,,,,,,Bright sun,2131600,1,0.0,0.0,4.0,,,0.0,,,1.0,,,Wellington Region,Nil,2-way,Sealed,,0.0,0,,50.0,,Null,0.0,0.0,,47,Wellington City,Unknown,,,,,0.0,0.0,Urban,1.0,,,Fine,Null,0
67521659,,573513,0.0,0.0,0.0,0.0,0.0,East,2015/2016,Z DRIVEWAY,AMESBURY DRIVE,,Serious Crash,No,2016,0.0,East,0.0,0,0.0,Null,0.0,,0.0,,0.0,Bright sun,2086722,0,0.0,0.0,,0.0,0.0,0.0,0.0,1.0,1.0,0.0,0.0,Wellington Region,Nil,Off road,Sealed,0.0,0.0,1,0.0,50.0,0.0,Null,0.0,0.0,,47,Wellington City,Unknown,0.0,0.0,0.0,0.0,0.0,0.0,Urban,2.0,0.0,0.0,Null,Null,0
67521679,,572500,0.0,,0.0,2.0,,Null,2015/2016,MAIN ROAD,SUNRISE BOULEVARD,,Non-Injury Crash,No,2016,,South,,0,,Flat,,,,,,Dark,1986300,0,0.0,0.0,2.0,,,0.0,,,,,,Wellington Region,Nil,2-way,Sealed,,0.0,0,,50.0,,On,0.0,0.0,,47,Wellington City,Give way,,,,,0.0,0.0,Urban,0.0,,,Light rain,Null,0
67522051,,573000,0.0,0.0,1.0,1.0,0.0,North,2015/2016,CUSTOMHOUSE QUAY,LAMBTON QUAY,,Non-Injury Crash,No,2015,0.0,North,0.0,0,0.0,Flat,0.0,,0.0,,0.0,Bright sun,2125800,0,0.0,0.0,2.0,0.0,0.0,0.0,0.0,1.0,,0.0,0.0,Wellington Region,Nil,2-way,Sealed,0.0,0.0,0,0.0,50.0,0.0,Null,0.0,0.0,,47,Wellington City,Traffic Signals,0.0,0.0,0.0,0.0,0.0,0.0,Urban,0.0,0.0,0.0,Fine,Null,0
67522119,,573600,0.0,,0.0,2.0,,Null,2014/2015,SH 1N,JOHNSONVILLE ON NBD,,Non-Injury Crash,Yes,2015,,North,,0,,Flat,,,,,,Bright sun,2081200,0,0.0,0.0,3.0,,,0.0,,,,,,Wellington Region,Motorway ramp,1-way,Sealed,,0.0,0,,80.0,,Null,0.0,0.0,,47,Wellington City,Nil,,,,,0.0,0.0,Open,0.0,,,Fine,Null,0
67522259,,574303,0.0,,0.0,1.0,,North,2015/2016,SH 1N,ONSLOW RAIL OBR,,Non-Injury Crash,Yes,2016,,South,,0,,Flat,,,,,,Unknown,2090402,0,0.0,0.0,3.0,,,0.0,,,,,,Wellington Region,Nil,1-way,Sealed,,0.0,0,,100.0,,Off,0.0,0.0,,47,Wellington City,Nil,,,,,1.0,0.0,Open,0.0,,,Fine,Null,0
67522395,,577700,0.0,,0.0,1.0,,South,2015/2016,OHARIU VALLEY ROAD,BOOM ROCK ROAD,,Non-Injury Crash,No,2016,,North,,0,,Flat,,,,,,Overcast,2116900,0,0.0,0.0,2.0,,,0.0,,,,,,Wellington Region,Nil,2-way,Sealed,,0.0,0,,60.0,,Null,0.0,0.0,,47,Wellington City,Nil,,,,,1.0,0.0,Urban,0.0,,,Fine,Null,0
67522431,,573400,0.0,0.0,0.0,2.0,0.0,North,2015/2016,ELIZABETH ST,AUSTIN ST,,Non-Injury Crash,No,2016,0.0,North,0.0,0,0.0,Hill Road,0.0,,0.0,,0.0,Bright sun,2140800,0,0.0,0.0,1.0,0.0,0.0,0.0,0.0,1.0,,0.0,0.0,Wellington Region,Nil,1-way,Sealed,0.0,0.0,0,0.0,50.0,0.0,Null,0.0,0.0,,47,Wellington City,Unknown,0.0,0.0,0.0,0.0,0.0,0.0,Urban,0.0,0.0,0.0,Fine,Null,0
67522467,,576400,1.0,,0.0,0.0,,West,2015/2016,MEIN ST,DANIELL ST,,Non-Injury Crash,No,2016,,East,,0,,Flat,,,,,,Overcast,2167100,0,0.0,0.0,2.0,,,0.0,,,,,,Wellington Region,Nil,2-way,Sealed,,0.0,0,,50.0,,Null,0.0,0.0,,47,Wellington City,Unknown,,,,,0.0,0.0,Urban,1.0,,,Null,Null,0
67522535,,573514,0.0,0.0,0.0,1.0,0.0,North,2015/2016,MIDDLETON ROAD,WINGFIELD PLACE,,Non-Injury Crash,No,2016,0.0,North,0.0,0,0.0,Flat,0.0,,0.0,,0.0,Twilight,2086900,0,0.0,0.0,2.0,0.0,0.0,0.0,0.0,0.0,,0.0,1.0,Wellington Region,Nil,2-way,Sealed,0.0,0.0,0,0.0,50.0,0.0,On,0.0,0.0,,47,Wellington City,Unknown,0.0,0.0,0.0,0.0,0.0,0.0,Urban,0.0,0.0,0.0,Fine,Null,0
67522571,,572900,0.0,,0.0,2.0,,Null,2014/2015,TINAKORI ROAD,HARRIETT ST,,Non-Injury Crash,No,2015,,West,,0,,Flat,,,,,,Dark,2123100,0,0.0,0.0,2.0,,,0.0,,,,,,Wellington Region,Motorway ramp,2-way,Sealed,,0.0,0,,50.0,,On,0.0,0.0,,47,Wellington City,Traffic Signals,,,,,0.0,0.0,Urban,0.0,,,Fine,Null,0
67522631,,573300,0.0,,0.0,2.0,,North,2016/2017,ADELAIDE ROAD,OXFORD ST,,Non-Injury Crash,No,2016,,South,,0,,Flat,,,,,,Bright sun,2146100,0,0.0,0.0,3.0,,,0.0,,,,,,Wellington Region,Nil,2-way,Sealed,,0.0,0,,50.0,,Null,0.0,0.0,,47,Wellington City,Nil,,,,,0.0,0.0,Urban,0.0,,,Fine,Null,0
67522651,,573513,0.0,,0.0,1.0,,Null,2016/2017,WESTCHESTER DRIVE,AMESBURY DRIVE,,Non-Injury Crash,No,2016,,East,,0,,Hill Road,,,,,,Overcast,2086609,0,0.0,0.0,2.0,,,0.0,,,,,,Wellington Region,Nil,2-way,Sealed,,0.0,0,,50.0,,Null,1.0,0.0,,47,Wellington City,Give way,,,,,0.0,0.0,Urban,0.0,,,Light rain,Strong wind,0
67522847,,576400,1.0,,0.0,1.0,,South,2015/2016,RIDDIFORD ST,NEWTOWN AVENUE,,Non-Injury Crash,No,2015,,North,,0,,Flat,,,,,,Bright sun,2168500,0,0.0,0.0,2.0,,,0.0,,,,,,Wellington Region,Nil,2-way,Sealed,,0.0,0,,50.0,,Null,0.0,1.0,,47,Wellington City,Nil,,,,,0.0,0.0,Urban,0.0,,,Fine,Null,0
67522863,,573101,1.0,,0.0,0.0,,North,2016/2017,WALKWAY,CABLE ST,,Minor Crash,No,2016,,North,,0,,Flat,,,,,,Overcast,2135300,1,0.0,0.0,1.0,,,0.0,,,1.0,,,Wellington Region,Nil,Off road,Sealed,,0.0,0,,10.0,,Off,0.0,0.0,,47,Wellington City,Unknown,,,,,0.0,0.0,Urban,0.0,,,Light rain,Null,0
67522931,,573600,0.0,0.0,0.0,1.0,0.0,South,2015/2016,SH 1N,JOHNSONVILLE ON NBD,,Non-Injury Crash,Yes,2015,0.0,South,0.0,0,0.0,Flat,1.0,,0.0,,0.0,Dark,2081200,0,0.0,0.0,2.0,0.0,0.0,0.0,0.0,0.0,,0.0,0.0,Wellington Region,Nil,1-way,Sealed,0.0,0.0,0,0.0,100.0,0.0,On,0.0,0.0,,47,Wellington City,Nil,0.0,0.0,0.0,0.0,0.0,0.0,Open,0.0,0.0,0.0,Fine,Null,0
67523035,,573101,0.0,,1.0,0.0,,Null,2015/2016,WAKEFIELD ST,TARANAKI ST,,Non-Injury Crash,No,2015,,West,,0,,Flat,,,,,,Bright sun,2133200,0,0.0,0.0,3.0,,,0.0,,,,,,Wellington Region,Nil,1-way,Sealed,,0.0,0,,50.0,,Null,0.0,0.0,,47,Wellington City,Traffic Signals,,,,,1.0,0.0,Urban,0.0,,,Fine,Null,0
67523100,,573101,0.0,,0.0,2.0,,Null,2014/2015,SH 1N,TARANAKI ST S,,Non-Injury Crash,Yes,2015,,West,,0,,Flat,,,,,,Bright sun,2134800,0,0.0,0.0,4.0,,,0.0,,,,,,Wellington Region,Nil,2-way,Sealed,,0.0,0,,50.0,,Null,0.0,0.0,,47,Wellington City,Traffic Signals,,,,,0.0,0.0,Urban,0.0,,,Fine,Null,0
67523283,,573101,0.0,,0.0,1.0,,North,2016/2017,TARANAKI ST,YORK ST,,Minor Crash,No,2016,,North,,0,,Flat,,,,,,Overcast,2135800,1,0.0,0.0,6.0,,,0.0,,,1.0,,,Wellington Region,Nil,2-way,Sealed,,0.0,0,,50.0,,Null,0.0,0.0,,47,Wellington City,Unknown,,,,,0.0,0.0,Urban,0.0,,,Fine,Null,0
67523451,,572900,0.0,,0.0,2.0,,Null,2015/2016,MOLESWORTH ST,PIPITEA ST,,Non-Injury Crash,No,2016,,North,,0,,Flat,,,,,,Overcast,2119200,0,0.0,0.0,2.0,,,0.0,,,,,,Wellington Region,Nil,1-way,Sealed,,0.0,0,,50.0,,Null,0.0,0.0,,47,Wellington City,Traffic Signals,,,,,0.0,0.0,Urban,0.0,,,Fine,Null,0
67523471,,573000,1.0,,0.0,1.0,,Null,2015/2016,THE TERRACE,GHUZNEE ST,,Minor Crash,No,2016,,South,,0,,Hill Road,,,,,,Overcast,2129400,1,0.0,0.0,2.0,,,0.0,,,,,,Wellington Region,Nil,2-way,Sealed,,0.0,0,,50.0,,Off,0.0,0.0,,47,Wellington City,Give way,,,,,0.0,0.0,Urban,0.0,,,Fine,Null,0
67523495,,573526,0.0,0.0,0.0,1.0,0.0,North,2016/2017,SH 2,SERVICE STN NTH,,Non-Injury Crash,Yes,2016,0.0,North,0.0,0,0.0,Flat,1.0,,0.0,,0.0,Overcast,2077503,0,0.0,0.0,2.0,0.0,0.0,0.0,0.0,0.0,,0.0,0.0,Wellington Region,Nil,1-way,Sealed,0.0,0.0,0,0.0,100.0,0.0,Null,0.0,0.0,,47,Wellington City,Unknown,0.0,0.0,0.0,0.0,0.0,0.0,Open,0.0,0.0,0.0,Fine,Null,0
67523580,,574303,0.0,,0.0,1.0,,South,2014/2015,HUTT ROAD,JARDEN MILE,,Minor Crash,No,2015,,North,,0,,Flat,,,,,,Bright sun,2090402,2,0.0,0.0,4.0,,,0.0,,,,,,Wellington Region,Nil,2-way,Sealed,,0.0,0,,80.0,,Null,1.0,0.0,,47,Wellington City,Nil,,,,,0.0,0.0,Open,0.0,,,Fine,Null,0