OBJECTID,advisorySpeed,areaUnitID,bicycle,bridge,bus,carStationWagon,cliffBank,crashDirectionDescription,crashFinancialYear,crashLocation1,crashLocation2,crashRoadSideRoad,crashSeverity,crashSHDescription,crashYear,debris,directionRoleDescription,ditch,fatalCount,fence,flatHill,guardRail,holiday,houseOrBuilding,intersection,kerb,light,meshblockId,minorInjuryCount,moped,motorcycle,NumberOfLanes,objectThrownOrDropped,otherObject,otherVehicleType,overBank,parkedVehicle,pedestrian,phoneBoxEtc,postOrPole,region,roadCharacter,roadLane,roadSurface,roadworks,schoolBus,seriousInjuryCount,slipOrFlood,speedLimit,strayAnimal,streetLight,suv,taxi,temporarySpeedLimit,tlaId,tlaName,trafficControl,trafficIsland,trafficSign,train,tree,truck,unknownVehicleType,urban,vanOrUtility,vehicle,waterRiver,weatherA,weatherB,if_pandemic
67523603,,577302,0.0,,0.0,0.0,,North,2016/2017,SEATOUN HEIGHTS ROAD,BARRETTS WAY,,Non-Injury Crash,No,2016,,South,,0,,Hill Road,,,,,,Bright sun,2205100,0,0.0,0.0,2.0,,,0.0,,,,,,Wellington Region,Nil,2-way,Sealed,,0.0,0,,50.0,,Null,1.0,0.0,,47,Wellington City,Unknown,,,,,0.0,0.0,Urban,1.0,,,Fine,Null,0
67523803,,574002,0.0,0.0,0.0,1.0,0.0,South,2016/2017,SH 1N,NEWLANDS ON SBD,,Non-Injury Crash,Yes,2016,0.0,South,0.0,0,0.0,Hill Road,0.0,,0.0,,0.0,Dark,2078304,0,0.0,0.0,4.0,0.0,0.0,0.0,0.0,0.0,,0.0,1.0,Wellington Region,Nil,2-way,Sealed,0.0,0.0,0,0.0,80.0,0.0,On,0.0,0.0,,47,Wellington City,Unknown,0.0,0.0,0.0,0.0,0.0,0.0,Open,0.0,0.0,0.0,Light rain,Null,0
67523811,,576903,0.0,,1.0,0.0,,Null,2016/2017,CRAWFORD ROAD,WELLINGTON ROAD,,Non-Injury Crash,No,2016,,South,,0,,Hill Road,,,,,,Dark,2181600,0,0.0,0.0,2.0,,,0.0,,,,,,Wellington Region,Nil,2-way,Sealed,,0.0,0,,50.0,,On,0.0,0.0,,47,Wellington City,Give way,,,,,0.0,0.0,Urban,1.0,,,Fine,Null,0
67523823,,573000,0.0,0.0,0.0,0.0,0.0,East,2016/2017,WARING TAYLOR ST,MAGINNITY ST,,Non-Injury Crash,No,2016,0.0,East,0.0,0,0.0,Flat,0.0,,0.0,,0.0,Twilight,2125300,0,1.0,0.0,1.0,0.0,0.0,0.0,0.0,1.0,,0.0,0.0,Wellington Region,Nil,1-way,Sealed,0.0,0.0,0,0.0,50.0,0.0,On,1.0,0.0,,47,Wellington City,Unknown,0.0,0.0,0.0,0.0,0.0,0.0,Urban,0.0,0.0,0.0,Null,Null,0
67524018,,574500,0.0,,0.0,1.0,,North,2016/2017,OLD PORIRUA ROAD,KAIWHARAWHARA ROAD,,Minor Crash,No,2017,,West,,0,,Hill Road,,,,,,Twilight,2093200,1,1.0,0.0,2.0,,,0.0,,,,,,Wellington Region,Nil,2-way,Sealed,,0.0,0,,50.0,,None,0.0,0.0,,47,Wellington City,Unknown,,,,,0.0,0.0,Urban,0.0,,,Fine,Null,0
67524094,,576901,0.0,,0.0,1.0,,Null,2015/2016,SH 1N,TROY ST,,Non-Injury Crash,Yes,2016,,East,,0,,Flat,,,,,,Overcast,2176800,0,0.0,0.0,2.0,,,0.0,,,,,,Wellington Region,Nil,1-way,Sealed,,0.0,0,,70.0,,Null,0.0,0.0,,47,Wellington City,Give way,,,,,0.0,0.0,Urban,1.0,,,Fine,Null,0
67524163,,573300,0.0,,0.0,1.0,,North,2015/2016,HOPPER ST,HANKEY ST,,Serious Crash,No,2015,,North,,0,,Flat,,,,,,Overcast,2144800,0,0.0,0.0,1.0,,,0.0,,,1.0,,,Wellington Region,Nil,2-way,Sealed,,0.0,1,,50.0,,Null,0.0,0.0,,47,Wellington City,Unknown,,,,,0.0,0.0,Urban,0.0,,,Fine,Null,0
67524338,,574302,0.0,0.0,0.0,1.0,0.0,West,2015/2016,CALCUTTA ST,BENGAL ST,,Non-Injury Crash,No,2016,0.0,South,0.0,0,0.0,Hill Road,0.0,,0.0,,1.0,Bright sun,2091900,0,0.0,0.0,2.0,0.0,0.0,0.0,0.0,0.0,,0.0,0.0,Wellington Region,Nil,2-way,Sealed,0.0,0.0,0,0.0,50.0,0.0,Null,0.0,0.0,,47,Wellington City,Unknown,0.0,0.0,0.0,0.0,0.0,0.0,Urban,0.0,0.0,0.0,Fine,Null,0
67524410,,574303,0.0,,0.0,1.0,,South,2015/2016,SH 1N,NGAURANGA ON NBD OBR,,Non-Injury Crash,Yes,2015,,South,,0,,Flat,,,,,,Overcast,2090402,0,0.0,0.0,3.0,,,0.0,,,,,,Wellington Region,Nil,2-way,Sealed,,0.0,0,,100.0,,Null,0.0,0.0,,47,Wellington City,Nil,,,,,1.0,0.0,Open,0.0,,,Fine,Null,0
67524470,,573101,0.0,0.0,0.0,1.0,0.0,East,2016/2017,DIXON ST,WILLIS ST,,Non-Injury Crash,No,2016,0.0,West,0.0,0,0.0,Hill Road,0.0,,0.0,,0.0,Overcast,2131400,0,0.0,0.0,2.0,0.0,0.0,0.0,0.0,1.0,,0.0,0.0,Wellington Region,Nil,1-way,Sealed,0.0,0.0,0,0.0,50.0,0.0,Null,1.0,0.0,,47,Wellington City,Unknown,0.0,0.0,0.0,0.0,0.0,0.0,Urban,0.0,0.0,0.0,Fine,Null,0
67524550,,573101,0.0,,0.0,2.0,,East,2015/2016,COURTENAY PLACE,TORY ST,,Non-Injury Crash,No,2016,,West,,0,,Flat,,,,,,Bright sun,2135700,0,0.0,0.0,1.0,,,0.0,,,,,,Wellington Region,Nil,1-way,Sealed,,0.0,0,,30.0,,Null,0.0,1.0,,47,Wellington City,Unknown,,,,,0.0,0.0,Urban,0.0,,,Fine,Null,0
67524634,,573101,0.0,,0.0,2.0,,West,2016/2017,COURTENAY PLACE,ALLEN ST,,Non-Injury Crash,No,2016,,West,,0,,Flat,,,,,,Dark,2135700,0,0.0,0.0,1.0,,,0.0,,,,,,Wellington Region,Nil,1-way,Sealed,,0.0,0,,30.0,,On,0.0,0.0,,47,Wellington City,Unknown,,,,,0.0,0.0,Urban,0.0,,,Null,Null,0
67524667,,572900,0.0,,1.0,0.0,,South,2015/2016,LAMBTON QUAY,BUNNY ST,,Minor Crash,No,2015,,North,,0,,Flat,,,,,,Bright sun,2122400,1,0.0,0.0,3.0,,,0.0,,,1.0,,,Wellington Region,Nil,2-way,Sealed,,0.0,0,,30.0,,Null,0.0,0.0,,47,Wellington City,Give way,,,,,0.0,0.0,Urban,0.0,,,Fine,Null,0
67524714,,576400,0.0,0.0,0.0,2.0,0.0,West,2016/2017,MEIN ST,DANIELL ST,,Minor Crash,No,2016,0.0,West,0.0,0,0.0,Hill Road,0.0,,0.0,,0.0,Overcast,2167100,1,0.0,0.0,2.0,0.0,0.0,0.0,0.0,1.0,,0.0,0.0,Wellington Region,Nil,2-way,Sealed,0.0,0.0,0,0.0,50.0,0.0,Null,0.0,0.0,,47,Wellington City,Nil,0.0,0.0,0.0,0.0,0.0,0.0,Urban,1.0,0.0,0.0,Fine,Null,0
67524738,,572701,0.0,0.0,0.0,2.0,1.0,South,2014/2015,MAIN ROAD,MCLELLAN ST,,Non-Injury Crash,No,2015,0.0,South,0.0,0,0.0,Flat,0.0,,0.0,,0.0,Bright sun,1994707,0,0.0,0.0,2.0,0.0,0.0,0.0,0.0,0.0,,0.0,0.0,Wellington Region,Nil,2-way,Sealed,0.0,0.0,0,0.0,50.0,0.0,Null,0.0,0.0,,47,Wellington City,Nil,0.0,0.0,0.0,0.0,0.0,0.0,Urban,0.0,0.0,0.0,Fine,Null,0
67524782,,573000,0.0,,0.0,2.0,,South,2016/2017,SH 1N,BOULCOTT OBR,,Minor Crash,Yes,2016,,South,,0,,Flat,,,,,,Bright sun,2126700,1,0.0,0.0,1.0,,,0.0,,,,,,Wellington Region,Nil,1-way,Sealed,,0.0,0,,80.0,,Null,0.0,0.0,,47,Wellington City,Unknown,,,,,0.0,0.0,Open,0.0,,,Fine,Null,0
67524826,,574002,0.0,,0.0,2.0,,North,2015/2016,SH 2,NGAURANGA ON NBD OBR,,Non-Injury Crash,Yes,2016,,North,,0,,Flat,,,,,,Bright sun,2078302,0,0.0,0.0,2.0,,,0.0,,,,,,Wellington Region,Nil,1-way,Sealed,,0.0,0,,100.0,,Null,0.0,0.0,70.0,47,Wellington City,Unknown,,,,,0.0,0.0,Open,0.0,,,Fine,Null,0
67524902,,576400,0.0,0.0,0.0,2.0,0.0,North,2014/2015,RIDDIFORD ST,NEWTOWN AVENUE,,Non-Injury Crash,No,2015,0.0,North,0.0,0,0.0,Flat,0.0,,0.0,,0.0,Dark,2168400,0,0.0,0.0,1.0,0.0,0.0,0.0,0.0,1.0,,0.0,0.0,Wellington Region,Nil,2-way,Sealed,0.0,0.0,0,0.0,40.0,0.0,On,0.0,0.0,,47,Wellington City,Unknown,0.0,0.0,0.0,0.0,0.0,0.0,Urban,0.0,0.0,0.0,Heavy rain,Null,0
67524918,,573700,0.0,0.0,0.0,1.0,1.0,North,2016/2017,CORTINA AVENUE,NEVILLE ST,,Serious Crash,No,2016,0.0,South,0.0,0,1.0,Hill Road,0.0,,0.0,,0.0,Dark,2082002,0,0.0,0.0,2.0,0.0,0.0,0.0,0.0,0.0,,0.0,0.0,Wellington Region,Nil,2-way,Sealed,0.0,0.0,1,0.0,50.0,0.0,On,0.0,0.0,,47,Wellington City,Unknown,0.0,0.0,0.0,0.0,0.0,0.0,Urban,0.0,0.0,0.0,Light rain,Null,0
67524950,,573101,0.0,,0.0,3.0,,North,2016/2017,VICTORIA ST,SH 1N,,Minor Crash,No,2016,,South,,0,,Flat,,,,,,Overcast,2131700,1,0.0,0.0,3.0,,,0.0,,,,,,Wellington Region,Nil,2-way,Sealed,,0.0,0,,50.0,,Null,0.0,0.0,,47,Wellington City,Unknown,,,,,0.0,0.0,Urban,0.0,,,Fine,Null,0
67525070,,574500,0.0,,0.0,1.0,,Null,2014/2015,KAIWHARAWHARA ROAD,CAMERON ST,,Non-Injury Crash,No,2015,,South,,0,,Flat,,,,,,Bright sun,2093500,0,1.0,0.0,3.0,,,0.0,,,,,,Wellington Region,Nil,2-way,Sealed,,0.0,0,,50.0,,Off,0.0,0.0,,47,Wellington City,Give way,,,,,0.0,0.0,Urban,0.0,,,Fine,Null,0
67525630,,575300,0.0,,0.0,1.0,,East,2015/2016,UPLAND ROAD,ST MICHAELS CRESCENT,,Non-Injury Crash,No,2015,,East,,0,,Flat,,,,,,Bright sun,2154800,0,1.0,0.0,2.0,,,0.0,,,,,,Wellington Region,Nil,2-way,Sealed,,0.0,0,,50.0,,Null,0.0,0.0,,47,Wellington City,Give way,,,,,0.0,0.0,Urban,0.0,,,Fine,Null,0
67525822,,576901,0.0,,0.0,2.0,,Null,2015/2016,SH 1N,TROY ST,,Non-Injury Crash,Yes,2016,,East,,0,,Flat,,,,,,Bright sun,2176800,0,0.0,0.0,2.0,,,0.0,,,,,,Wellington Region,Nil,2-way,Sealed,,0.0,0,,50.0,,Null,0.0,0.0,,47,Wellington City,Give way,,,,,0.0,0.0,Urban,0.0,,,Fine,Null,0
67525938,,573400,0.0,,0.0,1.0,,East,2015/2016,ORIENTAL PARADE,HERD ST,,Non-Injury Crash,No,2016,,East,,0,,Flat,,,,,,Overcast,2138800,0,0.0,0.0,2.0,,,0.0,,,,,,Wellington Region,Nil,2-way,Sealed,,0.0,0,,40.0,,Null,0.0,0.0,,47,Wellington City,Unknown,,,,,0.0,0.0,Urban,1.0,,,Null,Null,0
67526170,,576301,1.0,,0.0,0.0,,Null,2015/2016,RIDDIFORD ST,RUSSELL TERRACE,,Minor Crash,No,2016,,North,,0,,Hill Road,,,,,,Bright sun,2165900,1,0.0,0.0,2.0,,,0.0,,,,,,Wellington Region,Nil,2-way,Sealed,,0.0,0,,40.0,,Null,0.0,0.0,,47,Wellington City,Give way,,,,,0.0,0.0,Urban,1.0,,,Null,Null,0
67526362,,576903,0.0,,0.0,1.0,,Null,2015/2016,SH 1N,GOA ST,,Non-Injury Crash,Yes,2016,,South,,0,,Flat,,,,,,Overcast,2180601,0,0.0,0.0,2.0,,,0.0,,,,,,Wellington Region,Nil,2-way,Sealed,,0.0,0,,70.0,,Null,0.0,0.0,,47,Wellington City,Give way,,,,,0.0,0.0,Urban,1.0,,,Light rain,Null,0
67526422,,573101,0.0,,0.0,1.0,,Null,2016/2017,CAMBRIDGE TERRACE,COURTENAY PLACE,,Minor Crash,No,2016,,North,,0,,Flat,,,,,,Dark,2135700,1,0.0,0.0,1.0,,,0.0,,,1.0,,,Wellington Region,Nil,1-way,Sealed,,0.0,0,,30.0,,On,0.0,0.0,,47,Wellington City,Give way,,,,,0.0,0.0,Urban,0.0,,,Fine,Null,0
67526746,,574302,0.0,,0.0,2.0,,Null,2015/2016,BENGAL ST,RAMA CRESCENT,,Non-Injury Crash,No,2016,,South,,0,,Hill Road,,,,,,Bright sun,2092100,0,0.0,0.0,2.0,,,0.0,,,,,,Wellington Region,Nil,2-way,Sealed,,0.0,0,,50.0,,Null,0.0,0.0,,47,Wellington City,Give way,,,,,0.0,0.0,Urban,0.0,,,Fine,Null,0
67526798,,573000,0.0,0.0,0.0,1.0,0.0,North,2016/2017,THE TERRACE,EVERTON TERRACE,,Non-Injury Crash,No,2016,0.0,North,0.0,0,0.0,Hill Road,0.0,,0.0,,0.0,Overcast,2126402,0,0.0,0.0,1.0,0.0,0.0,0.0,0.0,1.0,,0.0,0.0,Wellington Region,Nil,1-way,Sealed,0.0,0.0,0,0.0,50.0,0.0,Null,0.0,0.0,,47,Wellington City,Unknown,0.0,0.0,0.0,0.0,1.0,0.0,Urban,0.0,0.0,0.0,Null,Null,0
67526914,,572900,0.0,,0.0,2.0,,North,2015/2016,SH 1N,AOTEA OFF SBD,,Non-Injury Crash,Yes,2015,,South,,0,,Flat,,,,,,Dark,2118400,0,0.0,0.0,6.0,,,0.0,,,,,,Wellington Region,Nil,1-way,Sealed,,0.0,0,,70.0,,On,0.0,2.0,,47,Wellington City,Nil,,,,,0.0,0.0,Urban,0.0,,,Fine,Null,0
67527094,,573526,0.0,0.0,0.0,1.0,0.0,West,2015/2016,SH 2,HOROKIWI ROAD,,Non-Injury Crash,Yes,2016,0.0,South,0.0,0,0.0,Flat,1.0,,0.0,,0.0,Dark,2086403,0,0.0,0.0,2.0,0.0,0.0,0.0,0.0,0.0,,0.0,1.0,Wellington Region,Nil,1-way,Sealed,0.0,0.0,0,0.0,100.0,0.0,On,0.0,0.0,,47,Wellington City,Unknown,0.0,0.0,0.0,0.0,0.0,0.0,Open,0.0,0.0,0.0,Heavy rain,Null,0
67527134,,577302,0.0,0.0,0.0,2.0,0.0,West,2016/2017,SEATOUN HEIGHTS ROAD,KHYBER ROAD,,Non-Injury Crash,No,2016,0.0,South,0.0,0,0.0,Hill Road,0.0,,0.0,,0.0,Bright sun,2205100,0,0.0,0.0,2.0,0.0,0.0,0.0,0.0,1.0,,0.0,0.0,Wellington Region,Nil,2-way,Sealed,0.0,0.0,0,0.0,50.0,0.0,Null,0.0,0.0,,47,Wellington City,Unknown,0.0,0.0,0.0,0.0,0.0,0.0,Urban,0.0,0.0,0.0,Fine,Null,0
67527243,,576600,0.0,,0.0,1.0,,East,2014/2015,ORIENTAL PARADE,BARING ST,,Minor Crash,No,2015,,West,,0,,Flat,,,,,,Bright sun,2137700,2,0.0,1.0,2.0,,,0.0,,,,,,Wellington Region,Nil,2-way,Sealed,,0.0,0,,50.0,,Null,0.0,0.0,,47,Wellington City,Unknown,,,,,0.0,0.0,Urban,0.0,,,Fine,Null,0
67527286,,572900,0.0,0.0,0.0,2.0,0.0,East,2015/2016,HALSWELL ST,MURPHY ST,,Non-Injury Crash,No,2016,0.0,West,0.0,0,0.0,Flat,0.0,,0.0,,0.0,Unknown,2118600,0,0.0,0.0,2.0,0.0,0.0,0.0,0.0,1.0,,0.0,0.0,Wellington Region,Nil,2-way,Sealed,0.0,0.0,0,0.0,50.0,0.0,Null,0.0,0.0,,47,Wellington City,Unknown,0.0,0.0,0.0,0.0,0.0,0.0,Urban,0.0,0.0,0.0,Null,Null,0
67527290,,573000,0.0,,0.0,4.0,,North,2015/2016,SH 1N,EVERTON OBR,,Non-Injury Crash,Yes,2016,,South,,0,,Flat,,,,,,Bright sun,2124803,0,0.0,0.0,1.0,,,0.0,,,,,,Wellington Region,Nil,1-way,Sealed,,0.0,0,,100.0,,Null,0.0,0.0,,47,Wellington City,Unknown,,,,,0.0,0.0,Open,0.0,,,Fine,Null,0
67527302,,572900,0.0,,0.0,1.0,,Null,2016/2017,SH 1N,MAY ON NBD,,Non-Injury Crash,Yes,2016,,East,,0,,Hill Road,,,,,,Bright sun,2118500,0,0.0,0.0,3.0,,,0.0,,,,,,Wellington Region,Motorway ramp,1-way,Sealed,,0.0,0,,70.0,,Null,1.0,0.0,,47,Wellington City,Nil,,,,,0.0,0.0,Urban,0.0,,,Fine,Null,0
67527350,,573000,0.0,,0.0,2.0,,Null,2016/2017,BRANDON ST,FEATHERSTON ST,,Non-Injury Crash,No,2016,,West,,0,,Flat,,,,,,Dark,2125500,0,0.0,0.0,1.0,,,0.0,,,,,,Wellington Region,Nil,1-way,Sealed,,0.0,0,,50.0,,On,0.0,0.0,,47,Wellington City,Traffic Signals,,,,,0.0,0.0,Urban,0.0,,,Fine,Null,0
67527406,,577200,0.0,0.0,0.0,2.0,0.0,East,2016/2017,BROADWAY,CRAWFORD GREEN,,Non-Injury Crash,No,2016,0.0,West,0.0,0,0.0,Flat,0.0,,0.0,,0.0,Dark,2209000,0,0.0,0.0,2.0,0.0,0.0,0.0,0.0,1.0,,0.0,0.0,Wellington Region,Nil,2-way,Sealed,0.0,0.0,0,0.0,50.0,0.0,On,0.0,0.0,,47,Wellington City,Unknown,0.0,0.0,0.0,0.0,0.0,0.0,Urban,0.0,0.0,0.0,Fine,Null,0
67527411,,575300,0.0,,0.0,1.0,,Null,2014/2015,KELBURN PARADE,GLASGOW ST,,Minor Crash,No,2015,,North,,0,,Hill Road,,,,,,Overcast,2155200,1,1.0,0.0,1.0,,,0.0,,,,,,Wellington Region,Nil,1-way,Sealed,,0.0,0,,50.0,,Off,0.0,0.0,,47,Wellington City,Give way,,,,,0.0,0.0,Urban,0.0,,,Heavy rain,Null,0
67527474,,573700,0.0,0.0,0.0,1.0,0.0,South,2016/2017,SH 1N,JOHNSONVILLE OFF NBD,,Non-Injury Crash,Yes,2016,0.0,North,0.0,0,0.0,Flat,1.0,,0.0,,0.0,Dark,2083100,0,0.0,0.0,2.0,0.0,0.0,0.0,0.0,0.0,,0.0,0.0,Wellington Region,Motorway ramp,1-way,Sealed,0.0,0.0,0,0.0,80.0,0.0,On,0.0,0.0,,47,Wellington City,Unknown,0.0,0.0,0.0,0.0,0.0,0.0,Open,0.0,0.0,0.0,Heavy rain,Null,0
67527670,,573514,0.0,0.0,0.0,2.0,0.0,North,2016/2017,MIDDLETON ROAD,HALSWATER DRIVE,,Non-Injury Crash,No,2016,0.0,North,0.0,0,0.0,Hill Road,0.0,Labour Weekend,0.0,,0.0,Bright sun,2086204,0,0.0,0.0,2.0,0.0,0.0,0.0,0.0,0.0,,0.0,1.0,Wellington Region,Nil,2-way,Sealed,0.0,0.0,0,0.0,50.0,0.0,Null,0.0,0.0,,47,Wellington City,Unknown,0.0,0.0,0.0,0.0,0.0,0.0,Urban,0.0,0.0,0.0,Fine,Null,0
67527774,,572900,0.0,,0.0,2.0,,Null,2016/2017,WHITMORE ST,BOWEN ST,,Non-Injury Crash,No,2016,,South,,0,,Flat,,,,,,Dark,2122400,0,0.0,0.0,5.0,,,0.0,,,,,,Wellington Region,Nil,2-way,Sealed,,0.0,0,,50.0,,On,0.0,1.0,,47,Wellington City,Traffic Signals,,,,,0.0,0.0,Urban,0.0,,,Null,Null,0
67527938,,573700,0.0,0.0,0.0,4.0,0.0,North,2016/2017,30 M W GOTHIC ST,BRODERICK ROAD,,Minor Crash,No,2016,0.0,East,0.0,0,0.0,Flat,0.0,,0.0,,0.0,Overcast,2082800,1,0.0,0.0,2.0,0.0,0.0,0.0,0.0,2.0,,0.0,0.0,Wellington Region,Nil,2-way,Sealed,0.0,0.0,0,0.0,10.0,0.0,Off,0.0,0.0,,47,Wellington City,Unknown,0.0,0.0,0.0,0.0,0.0,0.0,Urban,0.0,0.0,0.0,Fine,Null,0
67528002,,574800,0.0,0.0,0.0,1.0,0.0,Null,2016/2017,KARORI ROAD,DONALD ST,,Minor Crash,No,2016,0.0,East,0.0,0,0.0,Hill Road,0.0,,0.0,,0.0,Overcast,2107900,1,0.0,0.0,2.0,0.0,0.0,0.0,0.0,0.0,,0.0,1.0,Wellington Region,Nil,2-way,Sealed,0.0,0.0,0,0.0,50.0,0.0,Null,0.0,0.0,,47,Wellington City,Traffic Signals,0.0,0.0,0.0,0.0,0.0,0.0,Urban,0.0,0.0,0.0,Light rain,Null,0
67528146,,574303,0.0,,0.0,1.0,,South,2016/2017,SH 1N,SH 2,,Non-Injury Crash,Yes,2016,,South,,0,,Hill Road,,,,,,Dark,2090402,0,0.0,0.0,7.0,,,0.0,,,,,,Wellington Region,Nil,2-way,Sealed,,0.0,0,,60.0,,On,0.0,0.0,,47,Wellington City,Unknown,,,,,1.0,0.0,Urban,0.0,,,Fine,Null,0
67528234,,573801,0.0,0.0,0.0,1.0,0.0,North,2014/2015,SH 1N,JOHNSONVILLE OFF SBD,,Non-Injury Crash,Yes,2015,0.0,South,0.0,0,0.0,Flat,1.0,,0.0,,0.0,Bright sun,2078900,0,0.0,0.0,4.0,0.0,0.0,0.0,0.0,0.0,,0.0,0.0,Wellington Region,Nil,2-way,Sealed,0.0,0.0,0,0.0,100.0,0.0,Off,0.0,0.0,,47,Wellington City,Nil,0.0,0.0,0.0,0.0,0.0,0.0,Open,0.0,0.0,0.0,Fine,Null,0
67528374,,573523,0.0,,0.0,2.0,,South,2015/2016,SH 1N,CHURTON PARK OFF SBD,,Non-Injury Crash,Yes,2016,,South,,0,,Flat,,,,,,Overcast,2086312,0,0.0,0.0,2.0,,,0.0,,,,,,Wellington Region,Nil,1-way,Sealed,,0.0,0,,100.0,,Null,0.0,0.0,,47,Wellington City,Unknown,,,,,0.0,0.0,Open,0.0,,,Light rain,Null,0
67528430,,577000,0.0,0.0,0.0,2.0,0.0,Null,2015/2016,QUEENS DRIVE,RUA ST,,Non-Injury Crash,No,2016,0.0,South,0.0,0,1.0,Flat,0.0,,0.0,,0.0,Bright sun,2174300,0,0.0,0.0,2.0,0.0,0.0,0.0,0.0,0.0,,0.0,0.0,Wellington Region,Nil,2-way,Sealed,0.0,0.0,0,0.0,50.0,0.0,Null,0.0,1.0,,47,Wellington City,Give way,1.0,2.0,0.0,0.0,0.0,0.0,Urban,0.0,0.0,0.0,Fine,Null,0
67528558,,573000,0.0,0.0,0.0,2.0,0.0,North,2016/2017,THE TERRACE,ACCESSWAY,,Non-Injury Crash,No,2016,0.0,North,0.0,0,0.0,Flat,0.0,,0.0,,0.0,Twilight,2124600,0,0.0,0.0,2.0,0.0,0.0,0.0,0.0,1.0,,0.0,0.0,Wellington Region,Nil,2-way,Sealed,0.0,0.0,0,0.0,50.0,0.0,Off,0.0,0.0,,47,Wellington City,Unknown,0.0,0.0,0.0,0.0,0.0,0.0,Urban,0.0,0.0,0.0,Fine,Null,0
67528746,,574402,0.0,0.0,0.0,1.0,0.0,East,2015/2016,NGAIO GORGE ROAD,PERTH ST,,Non-Injury Crash,No,2016,0.0,West,0.0,0,1.0,Hill Road,0.0,,0.0,,0.0,Dark,2098400,0,0.0,0.0,2.0,0.0,0.0,0.0,1.0,0.0,,0.0,0.0,Wellington Region,Nil,2-way,Sealed,0.0,0.0,0,0.0,50.0,0.0,On,0.0,0.0,,47,Wellington City,Unknown,0.0,0.0,0.0,0.0,0.0,0.0,Urban,0.0,0.0,0.0,Fine,Null,0
67528834,,576901,0.0,,0.0,1.0,,South,2015/2016,ONEPU ROAD,RONGOTAI ROAD,,Non-Injury Crash,No,2016,,South,,0,,Flat,,,,,,Bright sun,2178300,0,1.0,0.0,2.0,,,0.0,,,,,,Wellington Region,Nil,2-way,Sealed,,0.0,0,,50.0,,Null,0.0,0.0,,47,Wellington City,Nil,,,,,0.0,0.0,Urban,0.0,,,Fine,Null,0
67529221,,576500,0.0,,0.0,1.0,,South,2016/2017,ADELAIDE ROAD,ALFRED ST,,Minor Crash,No,2016,,North,,0,,Flat,,,,,,Bright sun,2147900,1,1.0,0.0,4.0,,,0.0,,,,,,Wellington Region,Nil,2-way,Sealed,,0.0,0,,50.0,,Null,0.0,0.0,,47,Wellington City,Nil,,,,,0.0,0.0,Urban,0.0,,,Fine,Null,0
67529241,,574500,0.0,,0.0,2.0,,North,2016/2017,SH 1N,AOTEA ON NBD,,Non-Injury Crash,Yes,2016,,North,,0,,Flat,,,,,,Dark,2093600,0,0.0,0.0,4.0,,,0.0,,,,,,Wellington Region,Nil,1-way,Sealed,,0.0,0,,100.0,,On,0.0,0.0,60.0,47,Wellington City,Unknown,,,,,0.0,0.0,Open,1.0,,,Light rain,Null,0
67529273,,574100,0.0,,0.0,2.0,,South,2016/2017,FRASER AVENUE,HAUMIA ST,,Non-Injury Crash,No,2016,,South,,0,,Hill Road,,,,,,Dark,2084101,0,0.0,0.0,2.0,,,0.0,,,,,,Wellington Region,Nil,2-way,Sealed,,0.0,0,,50.0,,On,0.0,0.0,,47,Wellington City,Unknown,,,,,0.0,0.0,Urban,0.0,,,Fine,Null,0
67529577,,573300,0.0,,0.0,1.0,,South,2015/2016,TARANAKI ST,HILL LANE,,Non-Injury Crash,No,2016,,South,,0,,Flat,,Easter,,,,Bright sun,2145300,0,0.0,0.0,2.0,,,0.0,,,,,,Wellington Region,Nil,2-way,Sealed,,0.0,0,,50.0,,Null,1.0,0.0,,47,Wellington City,Unknown,,,,,0.0,0.0,Urban,0.0,,,Fine,Null,0
67529613,,573101,0.0,,0.0,1.0,,West,2015/2016,WAKEFIELD ST,CAMBRIDGE TERRACE,,Non-Injury Crash,No,2015,,West,,0,,Flat,,,,,,Dark,2135500,0,0.0,0.0,3.0,,,0.0,,,,,,Wellington Region,Nil,1-way,Sealed,,0.0,0,,50.0,,On,0.0,0.0,,47,Wellington City,Traffic Signals,,,,,0.0,0.0,Urban,1.0,,,Fine,Null,0
67529641,,576301,0.0,0.0,0.0,2.0,0.0,Null,2016/2017,HANSON ST,HALL ST,,Non-Injury Crash,No,2016,0.0,North,0.0,0,0.0,Flat,0.0,,0.0,,0.0,Bright sun,2163800,0,0.0,0.0,2.0,0.0,0.0,0.0,0.0,1.0,,0.0,0.0,Wellington Region,Nil,2-way,Sealed,0.0,0.0,0,0.0,50.0,0.0,Null,0.0,0.0,,47,Wellington City,Stop,0.0,0.0,0.0,0.0,0.0,0.0,Urban,0.0,0.0,0.0,Fine,Strong wind,0
67529689,,576903,0.0,0.0,0.0,2.0,0.0,North,2015/2016,CRAWFORD ROAD,RONGOTAI ROAD,,Non-Injury Crash,No,2016,0.0,South,0.0,0,0.0,Hill Road,0.0,,0.0,,0.0,Overcast,2179200,0,0.0,0.0,2.0,0.0,0.0,0.0,0.0,1.0,,0.0,0.0,Wellington Region,Nil,2-way,Sealed,0.0,0.0,0,0.0,50.0,0.0,Null,0.0,0.0,,47,Wellington City,Unknown,0.0,0.0,0.0,0.0,0.0,0.0,Urban,0.0,0.0,0.0,Fine,Null,0
67529693,,573700,0.0,,0.0,2.0,,South,2015/2016,JOHNSONVILLE ROAD,DISRAELI ST,,Non-Injury Crash,No,2016,,North,,0,,Flat,,,,,,Bright sun,2082900,0,0.0,0.0,2.0,,,0.0,,,,,,Wellington Region,Nil,2-way,Sealed,,0.0,0,,50.0,,Null,0.0,0.0,,47,Wellington City,Nil,,,,,0.0,0.0,Urban,0.0,,,Fine,Strong wind,0