OBJECTID,advisorySpeed,areaUnitID,bicycle,bridge,bus,carStationWagon,cliffBank,crashDirectionDescription,crashFinancialYear,crashLocation1,crashLocation2,crashRoadSideRoad,crashSeverity,crashSHDescription,crashYear,debris,directionRoleDescription,ditch,fatalCount,fence,flatHill,guardRail,holiday,houseOrBuilding,intersection,kerb,light,meshblockId,minorInjuryCount,moped,motorcycle,NumberOfLanes,objectThrownOrDropped,otherObject,otherVehicleType,overBank,parkedVehicle,pedestrian,phoneBoxEtc,postOrPole,region,roadCharacter,roadLane,roadSurface,roadworks,schoolBus,seriousInjuryCount,slipOrFlood,speedLimit,strayAnimal,streetLight,suv,taxi,temporarySpeedLimit,tlaId,tlaName,trafficControl,trafficIsland,trafficSign,train,tree,truck,unknownVehicleType,urban,vanOrUtility,vehicle,waterRiver,weatherA,weatherB,if_pandemic
67529725,,574001,0.0,,0.0,2.0,,South,2015/2016,KENMORE ST,BAYLANDS DRIVE,,Non-Injury Crash,No,2016,,North,,0,,Flat,,,,,,Bright sun,2076800,0,0.0,0.0,2.0,,,0.0,,,,,,Wellington Region,Nil,2-way,Sealed,,0.0,0,,50.0,,Null,0.0,0.0,,47,Wellington City,Nil,,,,,0.0,0.0,Urban,0.0,,,Fine,Null,0
67529877,,573700,0.0,,0.0,1.0,,North,2015/2016,MOOREFIELD ROAD,BRODERICK ROAD,,Non-Injury Crash,No,2016,,South,,0,,Hill Road,,,,,,Bright sun,2082400,0,0.0,0.0,2.0,,,0.0,,,,,,Wellington Region,Nil,2-way,Sealed,,0.0,0,,50.0,,Null,0.0,0.0,,47,Wellington City,Unknown,,,,,0.0,0.0,Urban,1.0,,,Fine,Null,0
67529906,,577700,0.0,,0.0,1.0,,North,2015/2016,OHARIU VALLEY ROAD,CORTINA AVENUE,,Minor Crash,No,2015,,North,,0,,Hill Road,,,,,,Dark,2086713,1,0.0,0.0,2.0,,,0.0,,,,,,Wellington Region,Nil,2-way,Sealed,,0.0,0,,50.0,,None,0.0,0.0,,47,Wellington City,Nil,,,,,0.0,0.0,Urban,0.0,,,Fine,Null,0
67529962,,573101,0.0,,0.0,1.0,,Null,2014/2015,TARANAKI ST,ABEL SMITH ST,,Minor Crash,No,2015,,South,,0,,Flat,,,,,,Bright sun,2134800,1,0.0,0.0,3.0,,,0.0,,,1.0,,,Wellington Region,Nil,2-way,Sealed,,0.0,0,,50.0,,Null,0.0,0.0,,47,Wellington City,Nil,,,,,0.0,0.0,Urban,0.0,,,Light rain,Null,0
67529985,,572900,0.0,,0.0,1.0,,North,2016/2017,BUNNY ST,WATERLOO QUAY,,Non-Injury Crash,No,2016,,North,,0,,Flat,,,,,,Overcast,2122700,0,0.0,0.0,1.0,,,0.0,,,,,,Wellington Region,Nil,1-way,Sealed,,0.0,0,,50.0,,Null,0.0,0.0,,47,Wellington City,Unknown,,,,,0.0,0.0,Urban,1.0,,,Heavy rain,Null,0
67530061,,573526,0.0,,0.0,2.0,,West,2015/2016,SH 2,WEIGH PIT,,Non-Injury Crash,Yes,2016,,North,,0,,Flat,,Easter,,,,Dark,2077503,0,0.0,0.0,2.0,,,0.0,,,,,,Wellington Region,Nil,1-way,Sealed,,0.0,0,,100.0,,On,0.0,0.0,,47,Wellington City,Unknown,,,,,0.0,0.0,Open,0.0,,,Fine,Null,0
67530117,,572900,0.0,0.0,0.0,1.0,0.0,South,2015/2016,WELD ST,WADE ST,,Non-Injury Crash,No,2016,0.0,North,0.0,0,1.0,Hill Road,0.0,,0.0,,0.0,Dark,2101900,0,0.0,0.0,1.0,0.0,0.0,0.0,0.0,0.0,,0.0,1.0,Wellington Region,Nil,1-way,Sealed,0.0,0.0,0,0.0,50.0,0.0,None,0.0,0.0,,47,Wellington City,Unknown,0.0,0.0,0.0,0.0,0.0,0.0,Urban,0.0,0.0,0.0,Fine,Null,0
67530221,,576901,0.0,,0.0,1.0,,West,2016/2017,COUTTS ST,BAY ROAD,,Non-Injury Crash,No,2016,,West,,0,,Hill Road,,,,,,Overcast,2178500,0,0.0,0.0,2.0,,,0.0,,,,,,Wellington Region,Nil,2-way,Sealed,,0.0,0,,50.0,,Null,1.0,0.0,,47,Wellington City,Nil,,,,,0.0,0.0,Urban,0.0,,,Fine,Null,0
67530410,,577500,1.0,,0.0,1.0,,Null,2014/2015,DUNDAS ST,INGLIS ST,,Serious Crash,No,2015,,East,,0,,Flat,,,,,,Bright sun,2210900,0,0.0,0.0,2.0,,,0.0,,,,,,Wellington Region,Nil,2-way,Sealed,,0.0,1,,50.0,,Null,0.0,0.0,,47,Wellington City,Give way,,,,,0.0,0.0,Urban,0.0,,,Fine,Null,0
67530505,,572900,1.0,,0.0,0.0,,North,2015/2016,THORNDON QUAY,DAVIS ST,,Minor Crash,No,2016,,South,,0,,Flat,,,,,,Bright sun,2117901,1,0.0,0.0,2.0,,,0.0,,,,,,Wellington Region,Nil,2-way,Sealed,,0.0,0,,50.0,,Null,0.0,0.0,,47,Wellington City,Unknown,,,,,0.0,0.0,Urban,1.0,,,Fine,Strong wind,0
67530533,,576400,0.0,,0.0,1.0,,Null,2016/2017,NEWTOWN AVENUE,RIDDIFORD ST,,Minor Crash,No,2017,,North,,0,,Flat,,,,,,Overcast,2168400,1,0.0,0.0,2.0,,,0.0,,,1.0,,,Wellington Region,Nil,2-way,Sealed,,0.0,0,,40.0,,Null,0.0,0.0,,47,Wellington City,Give way,,,,,0.0,0.0,Urban,0.0,,,Heavy rain,Null,0
67530601,,572900,0.0,0.0,0.0,1.0,0.0,South,2016/2017,TINAKORI ROAD,COTTLEVILLE TERRACE,,Non-Injury Crash,No,2016,0.0,South,0.0,0,0.0,Hill Road,0.0,,0.0,,0.0,Dark,2117600,0,0.0,0.0,2.0,0.0,0.0,0.0,0.0,1.0,,0.0,0.0,Wellington Region,Nil,2-way,Sealed,0.0,0.0,0,0.0,50.0,0.0,On,0.0,0.0,,47,Wellington City,Unknown,0.0,0.0,0.0,0.0,1.0,0.0,Urban,0.0,0.0,0.0,Fine,Null,0
67530666,,573101,1.0,,0.0,1.0,,Null,2015/2016,TARANAKI ST,SH 1N,,Minor Crash,Yes,2015,,North,,0,,Flat,,Labour Weekend,,,,Bright sun,2134800,1,0.0,0.0,5.0,,,0.0,,,,,,Wellington Region,Nil,2-way,Sealed,,0.0,0,,50.0,,Null,0.0,0.0,,47,Wellington City,Traffic Signals,,,,,0.0,0.0,Urban,0.0,,,Fine,Null,0
67530725,,572900,1.0,,0.0,1.0,,Null,2015/2016,FEATHERSTON ST,BUNNY ST,,Minor Crash,No,2016,,South,,0,,Flat,,,,,,Bright sun,2122800,1,0.0,0.0,4.0,,,0.0,,,,,,Wellington Region,Nil,2-way,Sealed,,0.0,0,,50.0,,Null,0.0,0.0,,47,Wellington City,Traffic Signals,,,,,0.0,0.0,Urban,0.0,,,Fine,Null,0
67530729,,574402,0.0,0.0,0.0,1.0,0.0,South,2015/2016,WAIKOWHAI ST,CROFTON ROAD,,Non-Injury Crash,No,2016,0.0,North,0.0,0,0.0,Hill Road,0.0,,0.0,,0.0,Bright sun,2098000,0,0.0,0.0,2.0,0.0,0.0,0.0,1.0,0.0,,0.0,0.0,Wellington Region,Nil,2-way,Sealed,0.0,0.0,0,0.0,50.0,0.0,Null,0.0,0.0,,47,Wellington City,Unknown,0.0,0.0,0.0,1.0,0.0,0.0,Urban,0.0,0.0,0.0,Fine,Null,0
67530809,,573101,0.0,0.0,0.0,1.0,0.0,West,2016/2017,Z DRIVEWAY 43 M S VICTORI,LEFT BANK,,Minor Crash,No,2016,0.0,West,0.0,0,0.0,Hill Road,0.0,,0.0,,0.0,Bright sun,2131500,1,0.0,0.0,0.0,0.0,0.0,0.0,0.0,1.0,1.0,0.0,0.0,Wellington Region,Nil,Off road,Sealed,0.0,0.0,0,0.0,10.0,0.0,Null,1.0,0.0,,47,Wellington City,Unknown,0.0,0.0,0.0,0.0,0.0,0.0,Urban,0.0,0.0,0.0,Fine,Null,0
67530969,,573101,0.0,,0.0,1.0,,Null,2016/2017,SH 1N ARTHUR ST,CUBA ST,,Serious Crash,Yes,2016,,West,,0,,Flat,,,,,,Overcast,2132600,0,0.0,0.0,3.0,,,0.0,,,1.0,,,Wellington Region,Nil,1-way,Sealed,,0.0,1,,50.0,,Off,0.0,0.0,,47,Wellington City,Traffic Signals,,,,,0.0,0.0,Urban,0.0,,,Heavy rain,Strong wind,0
67530997,,573101,0.0,0.0,0.0,2.0,0.0,Null,2015/2016,DIXON ST,EGMONT ST,,Non-Injury Crash,No,2016,0.0,North,0.0,0,0.0,Flat,0.0,,0.0,,0.0,Bright sun,2133300,0,0.0,0.0,1.0,0.0,0.0,0.0,0.0,1.0,,0.0,0.0,Wellington Region,Nil,1-way,Sealed,0.0,0.0,0,0.0,50.0,0.0,Null,0.0,0.0,,47,Wellington City,Nil,0.0,0.0,0.0,0.0,1.0,0.0,Urban,0.0,0.0,0.0,Fine,Null,0
67531093,,573101,0.0,,0.0,1.0,,Null,2015/2016,WEBB ST,HOPPER ST,,Minor Crash,No,2016,,South,,0,,Flat,,,,,,Bright sun,2135100,1,0.0,0.0,2.0,,,0.0,,,1.0,,,Wellington Region,Nil,2-way,Sealed,,0.0,0,,50.0,,Null,0.0,0.0,,47,Wellington City,Give way,,,,,0.0,0.0,Urban,0.0,,,Fine,Null,0
67531153,,574200,0.0,0.0,0.0,2.0,0.0,North,2016/2017,JOHN SIMS DRIVE,RAJKOT TERRACE,,Non-Injury Crash,No,2016,0.0,South,0.0,0,0.0,Hill Road,0.0,Christmas New Year,0.0,,0.0,Bright sun,2087700,0,0.0,0.0,2.0,0.0,0.0,0.0,0.0,1.0,,0.0,0.0,Wellington Region,Nil,2-way,Sealed,0.0,0.0,0,0.0,50.0,0.0,Null,0.0,0.0,,47,Wellington City,Unknown,0.0,0.0,0.0,0.0,0.0,0.0,Urban,0.0,0.0,0.0,Fine,Null,0
67531305,,573400,0.0,,0.0,2.0,,Null,2016/2017,BROUGHAM ST,ELLICE ST,,Non-Injury Crash,No,2017,,East,,0,,Hill Road,,,,,,Bright sun,2143600,0,0.0,0.0,2.0,,,0.0,,,,,,Wellington Region,Nil,2-way,Sealed,,0.0,0,,50.0,,Null,0.0,0.0,,47,Wellington City,Stop,,,,,0.0,0.0,Urban,0.0,,,Fine,Null,0
67531417,,575400,0.0,0.0,0.0,2.0,0.0,South,2017/2018,ZETLAND ST,HARROLD ST,,Non-Injury Crash,No,2017,0.0,South,0.0,0,0.0,Hill Road,0.0,,0.0,,0.0,Unknown,2155800,0,0.0,0.0,2.0,0.0,0.0,0.0,0.0,1.0,,0.0,0.0,Wellington Region,Nil,2-way,Sealed,0.0,0.0,0,0.0,50.0,0.0,Null,0.0,0.0,,47,Wellington City,Unknown,0.0,0.0,0.0,0.0,0.0,0.0,Urban,0.0,0.0,0.0,Fine,Null,0
67531505,,573300,0.0,,0.0,1.0,,Null,2017/2018,SH 1N,RUGBY ST,,Non-Injury Crash,Yes,2017,,North,,0,,Hill Road,,,,,,Overcast,2145700,0,0.0,0.0,3.0,,,0.0,,,,,,Wellington Region,Nil,1-way,Sealed,,0.0,0,,50.0,,Null,1.0,0.0,,47,Wellington City,Nil,,,,,0.0,0.0,Urban,0.0,,,Light rain,Null,0
67531521,,576903,0.0,,0.0,2.0,,Null,2016/2017,CRAWFORD ROAD,WELLINGTON ROAD,,Non-Injury Crash,No,2016,,South,,0,,Hill Road,,,,,,Dark,2181600,0,0.0,0.0,2.0,,,0.0,,,,,,Wellington Region,Nil,2-way,Sealed,,0.0,0,,50.0,,On,0.0,0.0,,47,Wellington City,Give way,,,,,0.0,0.0,Urban,0.0,,,Light rain,Null,0
67531562,,576400,0.0,0.0,0.0,3.0,0.0,East,2014/2015,MEIN ST,RIDDIFORD ST,,Minor Crash,No,2015,0.0,East,0.0,0,0.0,Hill Road,0.0,,0.0,,0.0,Dark,2166900,2,0.0,0.0,2.0,0.0,0.0,0.0,0.0,1.0,,0.0,0.0,Wellington Region,Nil,2-way,Sealed,0.0,0.0,0,0.0,50.0,0.0,On,0.0,0.0,,47,Wellington City,Nil,0.0,0.0,0.0,0.0,0.0,0.0,Urban,0.0,0.0,0.0,Light rain,Null,0
67531637,,574500,0.0,,0.0,2.0,,North,2016/2017,SH 1N,AOTEA ON NBD,,Non-Injury Crash,Yes,2016,,North,,0,,Flat,,,,,,Bright sun,2093600,0,0.0,0.0,4.0,,,0.0,,,,,,Wellington Region,Nil,1-way,Sealed,,0.0,0,,100.0,,Null,0.0,0.0,,47,Wellington City,Unknown,,,,,1.0,0.0,Open,0.0,,,Fine,Null,0
67531641,,574600,0.0,0.0,0.0,0.0,0.0,West,2016/2017,LENNEL ROAD,BARNARD ST,,Non-Injury Crash,No,2016,0.0,West,0.0,0,0.0,Hill Road,0.0,,0.0,,0.0,Overcast,2099300,0,0.0,0.0,2.0,0.0,0.0,0.0,0.0,0.0,,0.0,1.0,Wellington Region,Nil,2-way,Sealed,0.0,0.0,0,0.0,50.0,0.0,Null,0.0,0.0,,47,Wellington City,Unknown,0.0,0.0,0.0,0.0,0.0,0.0,Urban,1.0,0.0,0.0,Fine,Null,0
67531848,,574500,0.0,,0.0,2.0,,North,2016/2017,SH 1N,AOTEA ON NBD,,Non-Injury Crash,Yes,2017,,East,,0,,Flat,,,,,,Overcast,2093600,0,0.0,0.0,4.0,,,0.0,,,,,,Wellington Region,Nil,1-way,Sealed,,0.0,0,,100.0,,Null,0.0,0.0,,47,Wellington City,Unknown,,,,,0.0,0.0,Open,1.0,,,Fine,Null,0
67531860,,573522,0.0,,0.0,2.0,,Null,2016/2017,TAWA OFF SBD,TAKAPU ROAD,,Non-Injury Crash,No,2017,,South,,0,,Hill Road,,,,,,Bright sun,2053703,0,0.0,0.0,2.0,,,0.0,,,,,,Wellington Region,Motorway ramp,2-way,Sealed,,0.0,0,,50.0,,Off,0.0,0.0,,47,Wellington City,Stop,,,,,0.0,0.0,Urban,0.0,,,Fine,Null,0
67532008,,572900,0.0,,0.0,2.0,,North,2017/2018,MOTUROA ST,PIPITEA ST,,Non-Injury Crash,No,2017,,South,,0,,Flat,,,,,,Bright sun,2119100,0,0.0,0.0,2.0,,,0.0,,,,,,Wellington Region,Nil,2-way,Sealed,,0.0,0,,50.0,,Null,0.0,0.0,,47,Wellington City,Unknown,,,,,0.0,0.0,Urban,0.0,,,Fine,Null,0
67532060,,574900,0.0,0.0,0.0,1.0,0.0,West,2016/2017,KARORI ROAD,NATALIE WAY,,Non-Injury Crash,No,2017,0.0,North,0.0,0,0.0,Flat,0.0,,0.0,,0.0,Bright sun,2109202,0,0.0,0.0,2.0,0.0,0.0,0.0,0.0,1.0,,0.0,0.0,Wellington Region,Nil,2-way,Sealed,0.0,0.0,0,0.0,50.0,0.0,Null,0.0,0.0,,47,Wellington City,Unknown,0.0,0.0,0.0,0.0,1.0,0.0,Urban,0.0,0.0,0.0,Fine,Null,0
67532068,35.0,572900,0.0,0.0,0.0,1.0,0.0,North,2016/2017,AOTEA ON NBD,SLIP ROAD,,Non-Injury Crash,Yes,2017,0.0,North,0.0,0,0.0,Flat,0.0,,0.0,,0.0,Dark,2118400,0,0.0,0.0,1.0,0.0,0.0,0.0,0.0,0.0,,0.0,1.0,Wellington Region,Nil,1-way,Sealed,0.0,0.0,0,0.0,70.0,0.0,On,0.0,0.0,,47,Wellington City,Unknown,0.0,0.0,0.0,0.0,0.0,0.0,Urban,0.0,0.0,0.0,Fine,Null,0
67532076,,573700,0.0,0.0,0.0,2.0,0.0,East,2017/2018,CORLETT ST,HINDMARSH ST,,Non-Injury Crash,No,2017,0.0,East,0.0,0,0.0,Hill Road,0.0,,0.0,,0.0,Overcast,2083100,0,0.0,0.0,2.0,0.0,0.0,0.0,0.0,1.0,,0.0,0.0,Wellington Region,Nil,2-way,Sealed,0.0,0.0,0,0.0,50.0,0.0,Null,0.0,0.0,,47,Wellington City,Unknown,0.0,0.0,0.0,0.0,0.0,0.0,Urban,0.0,0.0,0.0,Light rain,Null,0
67532193,,572900,0.0,,0.0,2.0,,North,2015/2016,WATERLOO QUAY,OLD RLY XING,,Minor Crash,No,2015,,North,,0,,Flat,,,,,,Dark,2118400,2,0.0,0.0,4.0,,,0.0,,,,,,Wellington Region,Nil,2-way,Sealed,,0.0,0,,50.0,,On,0.0,1.0,,47,Wellington City,Unknown,,,,,0.0,0.0,Urban,0.0,,,Light rain,Null,0
67532276,,572900,0.0,,0.0,2.0,,Null,2016/2017,WATERLOO QUAY,BUNNY ST,,Non-Injury Crash,No,2017,,North,,0,,Flat,,,,,,Dark,2122700,0,0.0,0.0,6.0,,,0.0,,,,,,Wellington Region,Nil,2-way,Sealed,,0.0,0,,50.0,,On,0.0,1.0,,47,Wellington City,Traffic Signals,,,,,0.0,0.0,Urban,0.0,,,Null,Null,0
67532284,,576903,0.0,0.0,0.0,2.0,0.0,West,2017/2018,DUNCAN TERRACE,KILBIRNIE CRESCENT,,Non-Injury Crash,No,2017,0.0,East,0.0,0,0.0,Flat,0.0,,0.0,,0.0,Dark,2179700,0,0.0,0.0,2.0,0.0,0.0,0.0,0.0,1.0,,0.0,0.0,Wellington Region,Nil,2-way,Sealed,0.0,0.0,0,0.0,50.0,0.0,On,0.0,0.0,,47,Wellington City,Unknown,0.0,0.0,0.0,0.0,0.0,0.0,Urban,0.0,0.0,0.0,Fine,Null,0
67532380,,573101,0.0,0.0,0.0,1.0,0.0,North,2017/2018,KENT TERRACE,EDGE HILL,,Non-Injury Crash,No,2017,0.0,South,0.0,0,0.0,Flat,0.0,,0.0,,0.0,Bright sun,2136000,0,0.0,0.0,3.0,0.0,0.0,0.0,0.0,1.0,,0.0,0.0,Wellington Region,Nil,1-way,Sealed,0.0,0.0,0,0.0,50.0,0.0,Null,0.0,0.0,,47,Wellington City,Unknown,0.0,0.0,0.0,0.0,0.0,0.0,Urban,1.0,0.0,0.0,Fine,Null,0
67532416,,573000,0.0,,0.0,2.0,,North,2016/2017,WILLIS ST,ABEL SMITH ST,,Non-Injury Crash,No,2016,,North,,0,,Flat,,,,,,Overcast,2130200,0,0.0,0.0,2.0,,,0.0,,,,,,Wellington Region,Nil,1-way,Sealed,,0.0,0,,50.0,,Null,0.0,0.0,,47,Wellington City,Unknown,,,,,0.0,0.0,Urban,0.0,,,Fine,Null,0
67532456,,576800,0.0,,0.0,2.0,,West,2016/2017,EVANS BAY PARADE,RATA ROAD,,Non-Injury Crash,No,2017,,North,,0,,Flat,,,,,,Dark,2183100,0,0.0,0.0,2.0,,,0.0,,,,,,Wellington Region,Nil,2-way,Sealed,,0.0,0,,50.0,,On,0.0,0.0,,47,Wellington City,Unknown,,,,,0.0,0.0,Urban,0.0,,,Mist or Fog,Null,0
67532484,,576001,0.0,0.0,0.0,2.0,0.0,South,2016/2017,THE PARADE,DEE ST,,Non-Injury Crash,No,2017,0.0,South,0.0,0,0.0,Flat,0.0,,0.0,,0.0,Bright sun,2193400,0,0.0,0.0,2.0,0.0,0.0,0.0,0.0,1.0,,0.0,0.0,Wellington Region,Nil,2-way,Sealed,0.0,0.0,0,0.0,50.0,0.0,Null,0.0,0.0,,47,Wellington City,Unknown,0.0,0.0,0.0,0.0,0.0,0.0,Urban,0.0,0.0,0.0,Fine,Null,0
67532612,,573000,0.0,1.0,0.0,0.0,0.0,North,2016/2017,JERVOIS QUAY,HARRIS ST,,Non-Injury Crash,No,2016,0.0,North,0.0,0,0.0,Flat,0.0,,0.0,,0.0,Overcast,2124300,0,0.0,0.0,3.0,0.0,0.0,0.0,0.0,0.0,,0.0,0.0,Wellington Region,Bridge,1-way,Sealed,0.0,0.0,0,0.0,50.0,0.0,Null,0.0,0.0,,47,Wellington City,Unknown,0.0,0.0,0.0,0.0,1.0,0.0,Urban,0.0,0.0,0.0,Fine,Null,0
67532892,,575300,0.0,,0.0,1.0,,North,2017/2018,SALAMANCA ROAD,GLADSTONE TERRACE,,Minor Crash,No,2017,,South,,0,,Hill Road,,Christmas New Year,,,,Bright sun,2153100,1,1.0,0.0,2.0,,,0.0,,,,,,Wellington Region,Nil,2-way,Sealed,,0.0,0,,50.0,,Null,0.0,0.0,,47,Wellington City,Nil,,,,,0.0,0.0,Urban,0.0,,,Fine,Null,0
67532916,,573101,0.0,0.0,1.0,0.0,0.0,West,2016/2017,COURTENAY PLACE,TORY ST,,Non-Injury Crash,No,2017,0.0,West,0.0,0,0.0,Flat,0.0,,0.0,,0.0,Overcast,2135900,0,0.0,0.0,2.0,0.0,0.0,0.0,0.0,1.0,,0.0,0.0,Wellington Region,Nil,2-way,Sealed,0.0,0.0,0,0.0,30.0,0.0,Null,1.0,0.0,,47,Wellington City,Unknown,0.0,0.0,0.0,0.0,0.0,0.0,Urban,0.0,0.0,0.0,Fine,Null,0
67532954,,576903,2.0,,0.0,0.0,,Null,2015/2016,EVANS BAY PARADE,COBHAM DRIVE,,Minor Crash,Yes,2015,,South,,0,,Flat,,,,,,Bright sun,2180200,1,0.0,0.0,2.0,,,0.0,,,,,,Wellington Region,Nil,2-way,Sealed,,0.0,0,,50.0,,Null,0.0,0.0,,47,Wellington City,Traffic Signals,,,,,0.0,0.0,Urban,0.0,,,Fine,Null,0
67533136,,575200,0.0,0.0,0.0,1.0,0.0,South,2016/2017,CURTIS ST,CRESWICK TERRACE,,Minor Crash,No,2017,0.0,South,0.0,0,1.0,Hill Road,0.0,,0.0,,0.0,Dark,2149500,1,0.0,0.0,2.0,0.0,0.0,0.0,0.0,0.0,,0.0,0.0,Wellington Region,Nil,2-way,Sealed,0.0,0.0,0,0.0,50.0,0.0,On,0.0,0.0,,47,Wellington City,Give way,0.0,0.0,0.0,0.0,0.0,0.0,Urban,0.0,0.0,0.0,Fine,Null,0
67533164,,573101,0.0,,0.0,1.0,,Null,2016/2017,WAKEFIELD ST,TORY ST,,Non-Injury Crash,No,2016,,West,,0,,Flat,,,,,,Overcast,2135700,0,0.0,0.0,3.0,,,0.0,,,,,,Wellington Region,Nil,1-way,Sealed,,0.0,0,,50.0,,Null,0.0,0.0,,47,Wellington City,Traffic Signals,,,,,1.0,0.0,Urban,0.0,,,Light rain,Strong wind,0
67533248,,574002,0.0,,0.0,1.0,,East,2016/2017,SH 2,HUTT ON NBD,,Non-Injury Crash,Yes,2016,,North,,0,,Flat,,,,,,Bright sun,2078302,0,0.0,0.0,4.0,,,0.0,,,,,,Wellington Region,Nil,2-way,Sealed,,0.0,0,,100.0,,Null,0.0,0.0,60.0,47,Wellington City,Unknown,,,,,0.0,0.0,Open,1.0,,,Fine,Null,0
67533296,,573101,0.0,0.0,0.0,1.0,0.0,West,2017/2018,GHUZNEE ST,CUBA ST,,Non-Injury Crash,No,2017,0.0,West,0.0,0,0.0,Flat,0.0,,0.0,,0.0,Bright sun,2131800,0,0.0,0.0,2.0,0.0,0.0,0.0,0.0,1.0,,0.0,0.0,Wellington Region,Nil,2-way,Sealed,0.0,0.0,0,0.0,50.0,0.0,Null,1.0,1.0,,47,Wellington City,Unknown,0.0,0.0,0.0,0.0,0.0,0.0,Urban,0.0,0.0,0.0,Fine,Null,0
67533300,35.0,574304,0.0,0.0,0.0,0.0,0.0,East,2016/2017,CASHMERE AVENUE,RAUMATI TERRACE,,Non-Injury Crash,No,2016,0.0,West,0.0,0,0.0,Hill Road,0.0,,0.0,,0.0,Dark,2089700,0,0.0,0.0,2.0,0.0,0.0,0.0,0.0,1.0,,0.0,1.0,Wellington Region,Nil,2-way,Sealed,0.0,0.0,0,0.0,50.0,0.0,On,1.0,0.0,,47,Wellington City,Unknown,0.0,0.0,0.0,0.0,0.0,0.0,Urban,0.0,0.0,0.0,Mist or Fog,Strong wind,0
67533332,,576400,0.0,,0.0,1.0,,West,2016/2017,CONSTABLE ST,DANIELL ST,,Non-Injury Crash,No,2016,,West,,0,,Flat,,,,,,Overcast,2167300,0,0.0,0.0,2.0,,,0.0,,,,,,Wellington Region,Nil,2-way,Sealed,,0.0,0,,50.0,,Null,0.0,0.0,,47,Wellington City,Nil,,,,,0.0,0.0,Urban,1.0,,,Fine,Strong wind,0
67533460,,576700,0.0,,0.0,1.0,,North,2016/2017,GRAFTON ROAD,THE CRESCENT,,Non-Injury Crash,No,2017,,North,,0,,Hill Road,,,,,,Bright sun,2185900,0,1.0,0.0,2.0,,,0.0,,,,,,Wellington Region,Nil,2-way,Sealed,,0.0,0,,50.0,,Null,0.0,0.0,,47,Wellington City,Unknown,,,,,0.0,0.0,Urban,0.0,,,Null,Null,0
67533540,,577000,0.0,,0.0,1.0,,North,2017/2018,STEWART DUFF DRIVE,MOA POINT ROAD,,Minor Crash,No,2017,,South,,0,,Flat,,,,,,Bright sun,2175700,1,0.0,1.0,2.0,,,0.0,,,,,,Wellington Region,Nil,1-way,Sealed,,0.0,0,,20.0,,Null,0.0,0.0,,47,Wellington City,Unknown,,,,,0.0,0.0,Urban,0.0,,,Fine,Null,0
67533548,,572900,0.0,0.0,0.0,1.0,0.0,Null,2016/2017,WATERLOO QUAY,BUNNY ST,,Minor Crash,No,2017,0.0,South,0.0,0,0.0,Flat,0.0,,1.0,,0.0,Overcast,2122700,1,0.0,0.0,6.0,0.0,0.0,0.0,0.0,0.0,,0.0,0.0,Wellington Region,Nil,2-way,Sealed,0.0,0.0,0,0.0,50.0,0.0,Null,0.0,0.0,,47,Wellington City,Traffic Signals,0.0,0.0,0.0,0.0,0.0,0.0,Urban,0.0,0.0,0.0,Light rain,Null,0
67533612,,573700,0.0,,0.0,1.0,,South,2017/2018,MOOREFIELD ROAD,FRANKMOORE AVENUE,,Minor Crash,No,2017,,North,,0,,Flat,,,,,,Bright sun,2082400,1,1.0,0.0,2.0,,,0.0,,,,,,Wellington Region,Nil,2-way,Sealed,,0.0,0,,50.0,,Null,0.0,0.0,,47,Wellington City,Unknown,,,,,0.0,0.0,Urban,0.0,,,Fine,Null,0
67533689,,574500,0.0,,0.0,2.0,,North,2015/2016,SH 1N,AOTEA ON NBD,,Serious Crash,Yes,2015,,North,,0,,Null,,,,,,Overcast,2093500,1,0.0,0.0,6.0,,,0.0,,,,,,Wellington Region,Nil,2-way,Sealed,,0.0,1,,100.0,,Null,0.0,0.0,70.0,47,Wellington City,Nil,,,,,0.0,0.0,Open,0.0,,,Light rain,Null,0
67533700,,572900,0.0,0.0,0.0,1.0,0.0,North,2016/2017,WADESTOWN ROAD,GRANT ROAD,,Non-Injury Crash,No,2017,0.0,South,0.0,0,0.0,Flat,0.0,,0.0,,0.0,Overcast,2120200,0,0.0,0.0,2.0,0.0,0.0,0.0,0.0,1.0,,0.0,0.0,Wellington Region,Nil,2-way,Sealed,0.0,0.0,0,0.0,50.0,0.0,Null,0.0,0.0,,47,Wellington City,Unknown,0.0,0.0,0.0,0.0,0.0,0.0,Urban,1.0,0.0,0.0,Null,Null,0
67533864,,574002,0.0,,0.0,2.0,,East,2016/2017,SH 2,SH 1N,,Non-Injury Crash,Yes,2017,,East,,0,,Flat,,,,,,Overcast,2078302,0,0.0,0.0,2.0,,,0.0,,,,,,Wellington Region,Nil,1-way,Sealed,,0.0,0,,100.0,,Off,0.0,0.0,,47,Wellington City,Unknown,,,,,0.0,0.0,Open,0.0,,,Fine,Null,0
67533868,,572900,0.0,,0.0,2.0,,Null,2016/2017,HUTT ROAD,TINAKORI ROAD,,Minor Crash,No,2017,,North,,0,,Flat,,,,,,Overcast,2118400,1,0.0,0.0,2.0,,,0.0,,,,,,Wellington Region,Nil,2-way,Sealed,,0.0,0,,50.0,,Off,0.0,0.0,,47,Wellington City,Give way,,,,,0.0,0.0,Urban,0.0,,,Fine,Null,0