OBJECTID,advisorySpeed,areaUnitID,bicycle,bridge,bus,carStationWagon,cliffBank,crashDirectionDescription,crashFinancialYear,crashLocation1,crashLocation2,crashRoadSideRoad,crashSeverity,crashSHDescription,crashYear,debris,directionRoleDescription,ditch,fatalCount,fence,flatHill,guardRail,holiday,houseOrBuilding,intersection,kerb,light,meshblockId,minorInjuryCount,moped,motorcycle,NumberOfLanes,objectThrownOrDropped,otherObject,otherVehicleType,overBank,parkedVehicle,pedestrian,phoneBoxEtc,postOrPole,region,roadCharacter,roadLane,roadSurface,roadworks,schoolBus,seriousInjuryCount,slipOrFlood,speedLimit,strayAnimal,streetLight,suv,taxi,temporarySpeedLimit,tlaId,tlaName,trafficControl,trafficIsland,trafficSign,train,tree,truck,unknownVehicleType,urban,vanOrUtility,vehicle,waterRiver,weatherA,weatherB,if_pandemic
67533996,,572701,0.0,,0.0,2.0,,Null,2016/2017,COLLINS AVENUE,FINDLAY ST,,Non-Injury Crash,No,2017,,West,,0,,Flat,,,,,,Overcast,1994001,0,0.0,0.0,2.0,,,0.0,,,,,,Wellington Region,Nil,2-way,Sealed,,0.0,0,,50.0,,Off,0.0,0.0,,47,Wellington City,Give way,,,,,0.0,0.0,Urban,0.0,,,Fine,Null,0
67534152,,575100,0.0,0.0,0.0,1.0,1.0,West,2016/2017,COLLIER AVENUE,RICHMOND AVENUE,,Non-Injury Crash,No,2017,0.0,West,0.0,0,0.0,Hill Road,0.0,,0.0,,0.0,Overcast,2115800,0,0.0,0.0,2.0,0.0,0.0,0.0,0.0,0.0,,0.0,0.0,Wellington Region,Nil,2-way,Sealed,0.0,0.0,0,0.0,50.0,0.0,Null,0.0,0.0,,47,Wellington City,Unknown,0.0,0.0,0.0,0.0,0.0,0.0,Urban,0.0,0.0,0.0,Fine,Null,0
67534184,,576400,0.0,,0.0,2.0,,East,2016/2017,MEIN ST,MEIN ST,,Non-Injury Crash,No,2016,,East,,0,,Hill Road,,,,,,Bright sun,2167500,0,0.0,0.0,2.0,,,0.0,,,,,,Wellington Region,Nil,2-way,Sealed,,0.0,0,,40.0,,Null,0.0,0.0,,47,Wellington City,Nil,,,,,0.0,0.0,Urban,0.0,,,Fine,Null,0
67534200,,574303,0.0,,0.0,1.0,,North,2016/2017,SH 1N,ONSLOW RAIL OBR,,Non-Injury Crash,Yes,2016,,South,,0,,Flat,,,,,,Bright sun,2090402,0,0.0,0.0,7.0,,,0.0,,,,,,Wellington Region,Nil,2-way,Sealed,,0.0,0,,100.0,,Null,0.0,0.0,,47,Wellington City,Unknown,,,,,1.0,0.0,Open,0.0,,,Fine,Null,0
67534232,,573300,0.0,,1.0,0.0,,South,2016/2017,TARANAKI ST,HILL LANE,,Non-Injury Crash,No,2017,,North,,0,,Flat,,,,,,Overcast,2144600,0,0.0,0.0,2.0,,,0.0,,,,,,Wellington Region,Nil,2-way,Sealed,,0.0,0,,50.0,,Null,0.0,0.0,,47,Wellington City,Nil,,,,,0.0,0.0,Urban,1.0,,,Fine,Null,0
67534274,,576302,0.0,,0.0,0.0,,Null,2014/2015,LAVAUD ST,MOUNT ALBERT ROAD,,Minor Crash,No,2015,,North,,0,,Hill Road,,,,,,Overcast,2166303,1,1.0,0.0,2.0,,,0.0,,,,,,Wellington Region,Nil,2-way,Sealed,,0.0,0,,50.0,,Null,0.0,0.0,,47,Wellington City,Give way,,,,,0.0,0.0,Urban,0.0,,,Fine,Null,0
67534392,,572900,0.0,,0.0,1.0,,East,2016/2017,BOWEN ST,BALLANTRAE PLACE,,Non-Injury Crash,No,2016,,South,,0,,Hill Road,,,,,,Bright sun,2122200,0,0.0,0.0,4.0,,,0.0,,,,,,Wellington Region,Nil,2-way,Sealed,,0.0,0,,50.0,,Null,1.0,0.0,,47,Wellington City,Unknown,,,,,0.0,0.0,Urban,0.0,,,Fine,Null,0
67534624,,573101,0.0,,1.0,1.0,,East,2016/2017,COURTENAY PLACE,TORY ST,,Non-Injury Crash,No,2017,,East,,0,,Flat,,,,,,Overcast,2135700,0,0.0,0.0,1.0,,,0.0,,,,,,Wellington Region,Nil,1-way,Sealed,,0.0,0,,30.0,,Null,0.0,0.0,,47,Wellington City,Unknown,,,,,0.0,0.0,Urban,0.0,,,Fine,Null,0
67534792,,573514,1.0,,0.0,1.0,,Null,2016/2017,MIDDLETON ROAD,WINGFIELD PLACE,,Minor Crash,No,2017,,South,,0,,Hill Road,,,,,,Bright sun,2086204,1,0.0,0.0,2.0,,,0.0,,,,,,Wellington Region,Nil,2-way,Sealed,,0.0,0,,50.0,,Null,0.0,0.0,,47,Wellington City,Give way,,,,,0.0,0.0,Urban,0.0,,,Fine,Null,0
67535000,,573000,0.0,,0.0,2.0,,North,2017/2018,SH 1N,EVERTON OBR,,Non-Injury Crash,Yes,2017,,South,,0,,Flat,,,,,,Bright sun,2126403,0,0.0,0.0,3.0,,,0.0,,,,,,Wellington Region,Bridge,2-way,Sealed,,0.0,0,,60.0,,Null,0.0,0.0,,47,Wellington City,Unknown,,,,,0.0,0.0,Urban,1.0,,,Fine,Null,0
67535028,,576901,0.0,,1.0,0.0,,Null,2017/2018,RONGOTAI ROAD,ROSS ST,,Non-Injury Crash,No,2017,,West,,0,,Flat,,,,,,Overcast,2177200,0,0.0,0.0,2.0,,,0.0,,,,,,Wellington Region,Nil,2-way,Sealed,,0.0,0,,50.0,,Off,0.0,0.0,,47,Wellington City,Give way,,,,,0.0,0.0,Urban,1.0,,,Light rain,Null,0
67535097,,573300,0.0,,0.0,3.0,,South,2014/2015,WALLACE ST,ROLLESTON ST,,Minor Crash,No,2015,,South,,0,,Flat,,,,,,Bright sun,2146800,1,0.0,0.0,2.0,,,0.0,,,,,,Wellington Region,Nil,2-way,Sealed,,0.0,0,,50.0,,Null,0.0,0.0,,47,Wellington City,Unknown,,,,,0.0,0.0,Urban,0.0,,,Fine,Null,0
67535104,,573101,0.0,,0.0,1.0,,East,2016/2017,COURTENAY PLACE,TARANAKI ST,,Non-Injury Crash,No,2017,,West,,0,,Flat,,,,,,Dark,2135600,0,0.0,0.0,1.0,,,0.0,,,,,,Wellington Region,Nil,1-way,Sealed,,0.0,0,,30.0,,On,0.0,0.0,,47,Wellington City,Unknown,,,,,0.0,0.0,Urban,1.0,,,Null,Null,0
67535168,,573511,0.0,0.0,0.0,0.0,0.0,South,2017/2018,SH 1N,TAWA OFF NBD,,Minor Crash,Yes,2017,0.0,North,0.0,0,0.0,Flat,2.0,,0.0,,0.0,Overcast,2086201,1,0.0,0.0,4.0,0.0,0.0,0.0,0.0,0.0,,0.0,0.0,Wellington Region,Nil,2-way,Sealed,0.0,0.0,0,0.0,100.0,0.0,Null,0.0,0.0,,47,Wellington City,Unknown,0.0,0.0,0.0,0.0,1.0,0.0,Open,2.0,0.0,0.0,Fine,Null,0
67535200,,575600,0.0,,0.0,1.0,,East,2016/2017,CLEVELAND ST,OHIRO ROAD,,Non-Injury Crash,No,2016,,West,,0,,Flat,,,,,,Dark,2162300,0,0.0,0.0,2.0,,,0.0,,,,,,Wellington Region,Nil,2-way,Sealed,,0.0,0,,50.0,,On,1.0,0.0,,47,Wellington City,Unknown,,,,,0.0,0.0,Urban,0.0,,,Fine,Null,0
67535233,,572900,0.0,,0.0,1.0,,South,2015/2016,AOTEA QUAY,AOTEA OFF SBD,,Minor Crash,No,2015,,South,,0,,Flat,,,,,,Bright sun,2118400,1,0.0,0.0,4.0,,,0.0,,,,,,Wellington Region,Nil,2-way,Sealed,,0.0,0,,70.0,,Off,0.0,0.0,,47,Wellington City,Nil,,,,,1.0,0.0,Urban,0.0,,,Fine,Null,0
67535240,,574002,0.0,0.0,0.0,1.0,0.0,East,2016/2017,SH 2,RAILYARD ENTRY,,Non-Injury Crash,Yes,2017,0.0,South,0.0,0,0.0,Flat,1.0,,0.0,,0.0,Overcast,2078302,0,0.0,0.0,2.0,0.0,0.0,0.0,0.0,0.0,,0.0,0.0,Wellington Region,Nil,1-way,Sealed,0.0,0.0,0,0.0,100.0,0.0,Null,1.0,0.0,,47,Wellington City,Unknown,0.0,0.0,0.0,0.0,0.0,0.0,Open,0.0,0.0,0.0,Fine,Null,0
67535316,,573000,0.0,,0.0,1.0,,North,2016/2017,THE TERRACE,DIXON ST,,Serious Crash,No,2017,,South,,0,,Hill Road,,,,,,Dark,2128200,0,0.0,0.0,2.0,,,0.0,,,1.0,,,Wellington Region,Nil,2-way,Sealed,,0.0,1,,50.0,,On,0.0,0.0,,47,Wellington City,Unknown,,,,,0.0,0.0,Urban,0.0,,,Fine,Null,0
67535344,,574900,0.0,,0.0,1.0,,West,2017/2018,KARORI ROAD,NATALIE WAY,,Minor Crash,No,2017,,West,,0,,Hill Road,,,,,,Overcast,2109202,1,0.0,0.0,2.0,,,0.0,,,,,,Wellington Region,Nil,2-way,Sealed,,0.0,0,,50.0,,Null,1.0,0.0,,47,Wellington City,Unknown,,,,,0.0,0.0,Urban,0.0,,,Fine,Null,0
67535544,,573300,0.0,0.0,0.0,3.0,0.0,North,2017/2018,TARANAKI ST,WALLACE ST,,Non-Injury Crash,No,2017,0.0,South,0.0,0,0.0,Hill Road,0.0,,0.0,,0.0,Twilight,2145300,0,0.0,0.0,2.0,0.0,0.0,0.0,0.0,1.0,,0.0,0.0,Wellington Region,Nil,2-way,Sealed,0.0,0.0,0,0.0,50.0,0.0,Off,0.0,0.0,,47,Wellington City,Unknown,0.0,0.0,0.0,0.0,0.0,0.0,Urban,0.0,0.0,0.0,Fine,Null,0
67535548,,573525,0.0,0.0,0.0,1.0,0.0,South,2017/2018,TAWA OFF SBD,SH 1N,,Serious Crash,Yes,2018,0.0,South,0.0,0,0.0,Flat,1.0,,0.0,,0.0,Dark,2053830,1,0.0,0.0,2.0,0.0,0.0,0.0,0.0,0.0,,0.0,0.0,Wellington Region,Motorway ramp,2-way,Sealed,0.0,0.0,1,0.0,100.0,0.0,On,0.0,0.0,,47,Wellington City,Nil,0.0,0.0,0.0,0.0,0.0,0.0,Open,0.0,0.0,0.0,Fine,Null,0
67535612,,573300,0.0,,0.0,2.0,,West,2016/2017,BUCKLE ST,CAMBRIDGE TERRACE,,Non-Injury Crash,No,2017,,West,,0,,Hill Road,,,,,,Dark,2145602,0,0.0,0.0,2.0,,,0.0,,,,,,Wellington Region,Nil,1-way,Sealed,,0.0,0,,50.0,,On,0.0,0.0,,47,Wellington City,Unknown,,,,,0.0,0.0,Urban,0.0,,,Fine,Null,0
67535713,,572701,0.0,0.0,0.0,2.0,0.0,West,2014/2015,ROBERTS ST,TREMEWAN ST,,Non-Injury Crash,No,2015,0.0,West,0.0,0,0.0,Flat,0.0,,0.0,,0.0,Bright sun,1995200,0,0.0,0.0,2.0,0.0,0.0,0.0,0.0,1.0,,0.0,0.0,Wellington Region,Nil,2-way,Sealed,0.0,0.0,0,0.0,50.0,0.0,Null,0.0,0.0,,47,Wellington City,Nil,0.0,0.0,0.0,0.0,0.0,0.0,Urban,0.0,0.0,0.0,Fine,Null,0
67535760,,574303,0.0,,0.0,1.0,,South,2017/2018,SH 1N,NEWLANDS ON NBD,,Non-Injury Crash,Yes,2017,,North,,0,,Hill Road,,,,,,Overcast,2084302,0,0.0,0.0,3.0,,,0.0,,,,,,Wellington Region,Nil,1-way,Sealed,,0.0,0,,100.0,,Null,1.0,0.0,,47,Wellington City,Unknown,,,,,0.0,0.0,Open,0.0,,,Fine,Null,0
67535928,,576903,0.0,,0.0,2.0,,North,2016/2017,KILBIRNIE CRESCENT,DUNCAN TERRACE,,Non-Injury Crash,No,2017,,North,,0,,Flat,,Easter,,,,Bright sun,2177900,0,0.0,0.0,2.0,,,0.0,,,,,,Wellington Region,Nil,2-way,Sealed,,0.0,0,,50.0,,Null,0.0,0.0,,47,Wellington City,Nil,,,,,0.0,0.0,Urban,0.0,,,Null,Null,0
67536164,,576400,0.0,,0.0,2.0,,Null,2017/2018,CONSTABLE ST,OWEN ST,,Serious Crash,No,2017,,East,,0,,Flat,,,,,,Bright sun,2169101,0,0.0,0.0,2.0,,,0.0,,,,,,Wellington Region,Nil,2-way,Sealed,,0.0,1,,50.0,,Null,0.0,0.0,,47,Wellington City,Traffic Signals,,,,,0.0,0.0,Urban,0.0,,,Fine,Null,0
67536312,,574500,0.0,,0.0,4.0,,North,2016/2017,SH 1N,AOTEA OFF SBD,,Serious Crash,Yes,2017,,South,,0,,Hill Road,,,,,,Overcast,2093600,2,0.0,0.0,6.0,,,0.0,,,,,,Wellington Region,Nil,2-way,Sealed,,0.0,1,,100.0,,Off,0.0,0.0,,47,Wellington City,Unknown,,,,,0.0,0.0,Open,0.0,,,Fine,Strong wind,0
67536356,,573101,0.0,,0.0,2.0,,Null,2016/2017,TARANAKI ST,SH 1N,,Non-Injury Crash,No,2016,,South,,0,,Flat,,Christmas New Year,,,,Dark,2133800,0,0.0,0.0,5.0,,,0.0,,,,,,Wellington Region,Nil,2-way,Sealed,,0.0,0,,50.0,,On,0.0,0.0,,47,Wellington City,Traffic Signals,,,,,0.0,0.0,Urban,0.0,,,Null,Null,0
67536468,,576302,0.0,0.0,0.0,1.0,0.0,West,2017/2018,LAVAUD ST,RUSSELL TERRACE,,Non-Injury Crash,No,2017,0.0,West,0.0,0,0.0,Flat,1.0,,0.0,,0.0,Dark,2166303,0,0.0,0.0,2.0,0.0,0.0,0.0,0.0,0.0,,0.0,0.0,Wellington Region,Nil,2-way,Sealed,0.0,0.0,0,0.0,50.0,0.0,On,0.0,0.0,,47,Wellington City,Unknown,0.0,0.0,0.0,0.0,0.0,0.0,Urban,0.0,0.0,0.0,Light rain,Null,0
67536476,,573000,1.0,,1.0,0.0,,South,2017/2018,LAMBTON QUAY,BALLANCE ST,,Minor Crash,No,2017,,North,,0,,Flat,,,,,,Overcast,2124100,1,0.0,0.0,4.0,,,0.0,,,,,,Wellington Region,Nil,2-way,Sealed,,0.0,0,,30.0,,Null,0.0,0.0,,47,Wellington City,Unknown,,,,,0.0,0.0,Urban,0.0,,,Fine,Null,0
67536561,,573000,0.0,,0.0,2.0,,North,2015/2016,SH 1N,NORTH PORTAL NBD,,Minor Crash,Yes,2015,,South,,0,,Flat,,,,,,Bright sun,2126700,1,0.0,0.0,2.0,,,0.0,,,,,,Wellington Region,Nil,2-way,Sealed,,0.0,0,,50.0,,Null,0.0,0.0,,47,Wellington City,Unknown,,,,,0.0,0.0,Urban,0.0,,,Fine,Null,0
67536601,,572900,0.0,,0.0,1.0,,North,2014/2015,THORNDON QUAY,DAVIS ST,,Minor Crash,No,2015,,South,,0,,Flat,,,,,,Overcast,2118400,1,1.0,0.0,2.0,,,0.0,,,,,,Wellington Region,Nil,2-way,Sealed,,0.0,0,,50.0,,Off,0.0,0.0,,47,Wellington City,Nil,,,,,0.0,0.0,Urban,0.0,,,Fine,Null,0
67536681,,573101,0.0,,0.0,2.0,,Null,2014/2015,TARANAKI ST,SH 1N BUCKLE,,Minor Crash,Yes,2015,,West,,0,,Flat,,,,,,Dark,2134800,1,0.0,0.0,2.0,,,0.0,,,,,,Wellington Region,Nil,2-way,Sealed,,0.0,0,,50.0,,On,0.0,0.0,,47,Wellington City,Traffic Signals,,,,,0.0,0.0,Urban,0.0,,,Light rain,Null,0
67536688,,576500,0.0,,0.0,2.0,,South,2017/2018,ADELAIDE ROAD,HOSPITAL ROAD,,Non-Injury Crash,No,2017,,South,,0,,Flat,,,,,,Bright sun,2148500,0,0.0,0.0,4.0,,,0.0,,,,,,Wellington Region,Nil,2-way,Sealed,,0.0,0,,50.0,,Null,0.0,0.0,,47,Wellington City,Nil,,,,,0.0,0.0,Urban,0.0,,,Fine,Null,0
67536792,,573101,0.0,0.0,0.0,0.0,0.0,East,2016/2017,COURTENAY PLACE,TORY ST,,Non-Injury Crash,No,2017,0.0,East,0.0,0,0.0,Flat,0.0,,0.0,,0.0,Bright sun,2135700,0,0.0,0.0,4.0,0.0,1.0,0.0,0.0,0.0,,0.0,0.0,Wellington Region,Nil,2-way,Sealed,0.0,0.0,0,0.0,30.0,0.0,Null,0.0,0.0,,47,Wellington City,Unknown,0.0,0.0,0.0,0.0,1.0,0.0,Urban,0.0,0.0,0.0,Fine,Null,0
67536908,,574303,0.0,,0.0,2.0,,North,2016/2017,SH 1N,TYERS ROAD,,Non-Injury Crash,Yes,2017,,North,,0,,Hill Road,,,,,,Overcast,2088705,0,0.0,0.0,6.0,,,0.0,,,,,,Wellington Region,Nil,2-way,Sealed,,0.0,0,,100.0,,Null,0.0,0.0,,47,Wellington City,Unknown,,,,,2.0,0.0,Open,0.0,,,Fine,Null,0
67536952,,572701,0.0,,0.0,2.0,,Null,2016/2017,COLLINS AVENUE,COATES ST,,Non-Injury Crash,No,2016,,East,,0,,Flat,,,,,,Overcast,1993200,0,0.0,0.0,2.0,,,0.0,,,,,,Wellington Region,Nil,2-way,Sealed,,0.0,0,,50.0,,Off,0.0,0.0,,47,Wellington City,Stop,,,,,0.0,0.0,Urban,0.0,,,Fine,Null,0
67536972,,577500,0.0,0.0,0.0,2.0,0.0,West,2016/2017,BURNHAM ST,INGLIS ST,,Non-Injury Crash,No,2017,0.0,West,0.0,0,0.0,Flat,0.0,,0.0,,0.0,Overcast,2211400,0,0.0,0.0,2.0,0.0,0.0,0.0,0.0,1.0,,0.0,0.0,Wellington Region,Nil,2-way,Sealed,0.0,0.0,0,0.0,50.0,0.0,Null,0.0,0.0,,47,Wellington City,Unknown,0.0,0.0,0.0,0.0,0.0,0.0,Urban,0.0,0.0,0.0,Null,Strong wind,0
67537200,,576301,0.0,,0.0,1.0,,Null,2016/2017,RIDDIFORD ST,CONSTABLE ST,,Non-Injury Crash,No,2017,,North,,0,,Flat,,,,,,Bright sun,2165200,0,0.0,0.0,3.0,,,0.0,,,,,,Wellington Region,Nil,2-way,Sealed,,0.0,0,,50.0,,Null,1.0,0.0,,47,Wellington City,Traffic Signals,,,,,0.0,0.0,Urban,0.0,,,Null,Null,0
67537248,,573101,0.0,0.0,0.0,2.0,0.0,South,2016/2017,WILLIS ST,SH 1N,,Non-Injury Crash,No,2017,0.0,North,0.0,0,0.0,Flat,0.0,,0.0,,0.0,Overcast,2132400,0,0.0,0.0,2.0,0.0,0.0,0.0,0.0,1.0,,0.0,0.0,Wellington Region,Nil,2-way,Sealed,0.0,0.0,0,0.0,50.0,0.0,Off,0.0,0.0,,47,Wellington City,Unknown,0.0,0.0,0.0,0.0,0.0,0.0,Urban,0.0,0.0,0.0,Fine,Null,0
67537313,,577200,0.0,,0.0,1.0,,West,2014/2015,Z CPK NEW WORLD,STONE ST,,Minor Crash,No,2015,,North,,0,,Flat,,,,,,Bright sun,2207202,2,0.0,0.0,1.0,,,0.0,,,2.0,,,Wellington Region,Nil,Off road,Sealed,,0.0,0,,20.0,,Off,0.0,0.0,,47,Wellington City,Nil,,,,,0.0,0.0,Urban,0.0,,,Fine,Null,0
67537372,,575902,0.0,0.0,0.0,2.0,0.0,North,2016/2017,HAPPY VALLEY ROAD,BATA PLACE,,Non-Injury Crash,No,2017,0.0,South,0.0,0,1.0,Flat,0.0,,0.0,,0.0,Bright sun,2187404,0,0.0,0.0,2.0,0.0,0.0,0.0,0.0,1.0,,0.0,0.0,Wellington Region,Nil,2-way,Sealed,0.0,0.0,0,0.0,50.0,0.0,Null,0.0,0.0,,47,Wellington City,Unknown,0.0,0.0,0.0,0.0,0.0,0.0,Urban,0.0,0.0,0.0,Null,Null,0
67537536,,573200,0.0,0.0,0.0,2.0,0.0,North,2016/2017,OHIRO ROAD,MAARAMA CRESCENT,,Minor Crash,No,2017,0.0,South,0.0,0,0.0,Null,0.0,,0.0,,0.0,Bright sun,2159204,1,0.0,0.0,2.0,0.0,0.0,0.0,0.0,1.0,,0.0,0.0,Wellington Region,Nil,2-way,Sealed,0.0,0.0,0,0.0,50.0,0.0,Null,0.0,0.0,,47,Wellington City,Unknown,0.0,0.0,0.0,0.0,0.0,0.0,Urban,0.0,0.0,0.0,Fine,Null,0
67537548,,573101,0.0,,0.0,1.0,,South,2016/2017,JERVOIS QUAY,HARRIS ST,,Non-Injury Crash,No,2017,,North,,0,,Flat,,,,,,Overcast,2133000,0,0.0,0.0,3.0,,,0.0,,,,,,Wellington Region,Nil,1-way,Sealed,,0.0,0,,50.0,,Null,1.0,0.0,,47,Wellington City,Unknown,,,,,0.0,0.0,Urban,0.0,,,Fine,Null,0
67537644,,577200,0.0,0.0,0.0,1.0,0.0,North,2016/2017,HOBART ST,CALEDONIA ST,,Non-Injury Crash,No,2017,0.0,North,0.0,0,0.0,Flat,0.0,,0.0,,0.0,Overcast,2207100,0,0.0,0.0,2.0,0.0,0.0,0.0,0.0,1.0,,0.0,0.0,Wellington Region,Nil,2-way,Sealed,0.0,0.0,0,0.0,50.0,0.0,Null,0.0,0.0,,47,Wellington City,Unknown,0.0,0.0,0.0,0.0,0.0,0.0,Urban,1.0,0.0,0.0,Light rain,Null,0
67537716,,576500,0.0,0.0,0.0,1.0,0.0,North,2016/2017,COROMANDEL ST,MEIN ST,,Non-Injury Crash,No,2017,0.0,North,0.0,0,0.0,Flat,0.0,,0.0,,0.0,Dark,2148900,0,0.0,0.0,2.0,0.0,0.0,0.0,0.0,1.0,,0.0,0.0,Wellington Region,Nil,2-way,Sealed,0.0,0.0,0,0.0,40.0,0.0,Null,1.0,0.0,,47,Wellington City,Unknown,0.0,0.0,0.0,0.0,0.0,0.0,Urban,0.0,0.0,0.0,Fine,Null,0
67537753,,577700,0.0,,0.0,1.0,,South,2015/2016,MAKARA ROAD,OPAU ROAD,,Minor Crash,No,2015,,South,,0,,Flat,,,,,,Bright sun,2116500,1,0.0,1.0,2.0,,,0.0,,,,,,Wellington Region,Nil,2-way,Sealed,,0.0,0,,50.0,,None,0.0,0.0,,47,Wellington City,Unknown,,,,,0.0,0.0,Urban,0.0,,,Fine,Null,0
67537960,,574001,1.0,,0.0,1.0,,Null,2016/2017,HOROKIWI ROAD WEST,KENMORE ST,,Minor Crash,No,2017,,West,,0,,Hill Road,,,,,,Bright sun,2075301,1,0.0,0.0,2.0,,,0.0,,,,,,Wellington Region,Nil,2-way,Sealed,,0.0,0,,50.0,,Null,0.0,0.0,,47,Wellington City,Give way,,,,,0.0,0.0,Urban,0.0,,,Fine,Null,0
67538024,,573000,0.0,0.0,0.0,1.0,0.0,East,2017/2018,HARRIS ST,VICTORIA ST,,Non-Injury Crash,No,2017,0.0,East,0.0,0,0.0,Flat,0.0,,0.0,,0.0,Bright sun,2127500,0,0.0,0.0,2.0,0.0,0.0,0.0,0.0,1.0,,0.0,0.0,Wellington Region,Nil,2-way,Sealed,0.0,0.0,0,0.0,50.0,0.0,Null,0.0,0.0,,47,Wellington City,Unknown,0.0,0.0,0.0,0.0,0.0,0.0,Urban,1.0,0.0,0.0,Fine,Null,0
67538156,,575100,0.0,0.0,0.0,1.0,1.0,West,2017/2018,DASENT ST,BEAUCHAMP ST,,Minor Crash,No,2017,0.0,West,0.0,0,0.0,Flat,0.0,,0.0,,0.0,Overcast,2114500,1,0.0,0.0,2.0,0.0,0.0,0.0,0.0,0.0,,0.0,0.0,Wellington Region,Nil,2-way,Sealed,0.0,0.0,0,0.0,50.0,0.0,Null,0.0,0.0,,47,Wellington City,Unknown,0.0,0.0,0.0,0.0,0.0,0.0,Urban,0.0,0.0,0.0,Fine,Null,0
67538172,,573101,0.0,,0.0,1.0,,East,2016/2017,SH 1N,CUBA ST,,Minor Crash,Yes,2017,,West,,0,,Flat,,,,,,Bright sun,2134600,1,0.0,1.0,3.0,,,0.0,,,,,,Wellington Region,Nil,1-way,Sealed,,0.0,0,,50.0,,Null,0.0,0.0,,47,Wellington City,Give way,,,,,0.0,0.0,Urban,0.0,,,Fine,Strong wind,0
67538184,,573101,1.0,,0.0,1.0,,Null,2016/2017,TARANAKI ST,JESSIE ST,,Non-Injury Crash,No,2017,,South,,0,,Flat,,,,,,Bright sun,2133700,0,0.0,0.0,4.0,,,0.0,,,,,,Wellington Region,Nil,2-way,Sealed,,0.0,0,,50.0,,Null,0.0,0.0,,47,Wellington City,Nil,,,,,0.0,0.0,Urban,0.0,,,Fine,Null,0
67538248,,574303,0.0,,0.0,2.0,,South,2016/2017,HUTT ROAD,JARDEN MILE,,Non-Injury Crash,No,2016,,North,,0,,Hill Road,,,,,,Bright sun,2090402,0,0.0,0.0,2.0,,,0.0,,,,,,Wellington Region,Nil,1-way,Sealed,,0.0,0,,80.0,,Null,0.0,0.0,,47,Wellington City,Unknown,,,,,0.0,0.0,Open,0.0,,,Null,Null,0
67538252,,573000,0.0,,0.0,1.0,,Null,2016/2017,THE TERRACE,AURORA TERRACE,,Serious Crash,No,2017,,South,,0,,Flat,,,,,,Dark,2124000,0,0.0,0.0,2.0,,,0.0,,,1.0,,,Wellington Region,Nil,2-way,Sealed,,0.0,1,,50.0,,On,0.0,0.0,,47,Wellington City,Give way,,,,,0.0,0.0,Urban,0.0,,,Light rain,Null,0
67538308,,572600,0.0,0.0,0.0,1.0,0.0,West,2017/2018,VICTORY CRESCENT,HAMPTON HILL ROAD,,Non-Injury Crash,No,2017,0.0,South,0.0,0,0.0,Hill Road,0.0,,0.0,,0.0,Overcast,1991600,0,0.0,0.0,2.0,0.0,0.0,0.0,0.0,1.0,,0.0,0.0,Wellington Region,Nil,2-way,Sealed,0.0,0.0,0,0.0,50.0,0.0,Null,0.0,0.0,,47,Wellington City,Unknown,0.0,0.0,0.0,0.0,0.0,0.0,Urban,1.0,0.0,0.0,Fine,Null,0
67538332,,573101,0.0,,0.0,1.0,,East,2018/2019,Z CARPARK,CHAFFERS ST,,Minor Crash,No,2018,,North,,0,,Null,,,,,,Overcast,2135500,1,0.0,0.0,,,,0.0,,,1.0,,,Wellington Region,Nil,Off road,Sealed,,0.0,0,,50.0,,Null,0.0,0.0,,47,Wellington City,Unknown,,,,,0.0,0.0,Urban,0.0,,,Null,Null,0
67538436,,575902,0.0,0.0,0.0,1.0,0.0,South,2017/2018,FROBISHER ST,TEME WAY,,Non-Injury Crash,No,2017,0.0,South,0.0,0,1.0,Hill Road,0.0,,1.0,,0.0,Overcast,2187406,0,0.0,0.0,2.0,0.0,0.0,0.0,0.0,0.0,,0.0,0.0,Wellington Region,Nil,2-way,Sealed,0.0,0.0,0,0.0,50.0,0.0,Null,0.0,0.0,,47,Wellington City,Nil,0.0,0.0,0.0,0.0,0.0,0.0,Urban,0.0,0.0,0.0,Light rain,Null,0
67538484,,573400,0.0,,0.0,2.0,,Null,2016/2017,HERD ST,ORIENTAL PARADE,,Minor Crash,No,2017,,East,,0,,Flat,,,,,,Overcast,2138800,1,0.0,0.0,2.0,,,0.0,,,,,,Wellington Region,Nil,2-way,Sealed,,0.0,0,,40.0,,Null,0.0,0.0,,47,Wellington City,Give way,,,,,0.0,0.0,Urban,0.0,,,Fine,Null,0
67538513,,573400,0.0,,0.0,1.0,,East,2014/2015,SH 1N,DUFFERIN ST,,Non-Injury Crash,Yes,2015,,East,,0,,Hill Road,,,,,,Bright sun,2143300,0,0.0,0.0,2.0,,,0.0,,,,,,Wellington Region,Nil,2-way,Sealed,,0.0,0,,50.0,,Null,0.0,1.0,,47,Wellington City,Nil,,,,,1.0,0.0,Urban,0.0,,,Fine,Null,0
67538528,,573101,0.0,,2.0,0.0,,Null,2016/2017,MANNERS ST,TARANAKI ST,,Non-Injury Crash,No,2017,,East,,0,,Flat,,,,,,Overcast,2135600,0,0.0,0.0,3.0,,,0.0,,,,,,Wellington Region,Nil,2-way,Sealed,,0.0,0,,30.0,,Null,0.0,0.0,,47,Wellington City,Traffic Signals,,,,,0.0,0.0,Urban,0.0,,,Fine,Null,0