OBJECTID,advisorySpeed,areaUnitID,bicycle,bridge,bus,carStationWagon,cliffBank,crashDirectionDescription,crashFinancialYear,crashLocation1,crashLocation2,crashRoadSideRoad,crashSeverity,crashSHDescription,crashYear,debris,directionRoleDescription,ditch,fatalCount,fence,flatHill,guardRail,holiday,houseOrBuilding,intersection,kerb,light,meshblockId,minorInjuryCount,moped,motorcycle,NumberOfLanes,objectThrownOrDropped,otherObject,otherVehicleType,overBank,parkedVehicle,pedestrian,phoneBoxEtc,postOrPole,region,roadCharacter,roadLane,roadSurface,roadworks,schoolBus,seriousInjuryCount,slipOrFlood,speedLimit,strayAnimal,streetLight,suv,taxi,temporarySpeedLimit,tlaId,tlaName,trafficControl,trafficIsland,trafficSign,train,tree,truck,unknownVehicleType,urban,vanOrUtility,vehicle,waterRiver,weatherA,weatherB,if_pandemic
67538540,,576400,0.0,0.0,0.0,2.0,0.0,East,2016/2017,MEIN ST,RIDDIFORD ST,,Non-Injury Crash,No,2017,0.0,West,0.0,0,0.0,Flat,0.0,,0.0,,0.0,Twilight,2166900,0,0.0,0.0,2.0,0.0,0.0,0.0,0.0,1.0,,0.0,0.0,Wellington Region,Nil,2-way,Sealed,0.0,0.0,0,0.0,40.0,0.0,On,0.0,0.0,,47,Wellington City,Unknown,0.0,0.0,0.0,0.0,0.0,0.0,Urban,0.0,0.0,0.0,Null,Null,0
67538596,,574303,0.0,,0.0,1.0,,South,2016/2017,HUTT ROAD,JARDEN MILE,,Non-Injury Crash,No,2017,,North,,0,,Flat,,,,,,Bright sun,2090402,0,0.0,0.0,3.0,,,0.0,,,,,,Wellington Region,Nil,1-way,Sealed,,0.0,0,,80.0,,Null,1.0,0.0,,47,Wellington City,Unknown,,,,,0.0,0.0,Open,0.0,,,Fine,Null,0
67538616,,573513,0.0,0.0,0.0,2.0,0.0,East,2016/2017,HALSWATER DRIVE,PONY GROVE,,Non-Injury Crash,No,2017,0.0,East,0.0,0,1.0,Flat,0.0,,0.0,,0.0,Dark,2086606,0,0.0,0.0,2.0,0.0,0.0,0.0,0.0,1.0,,0.0,1.0,Wellington Region,Nil,2-way,Sealed,0.0,0.0,0,0.0,50.0,0.0,On,0.0,0.0,,47,Wellington City,Unknown,0.0,0.0,0.0,0.0,0.0,0.0,Urban,0.0,0.0,0.0,Fine,Null,0
67538632,,576301,0.0,,0.0,2.0,,Null,2017/2018,RIDDIFORD ST,HOSPITAL MAIN DRIVE,,Non-Injury Crash,No,2017,,South,,0,,Flat,,,,,,Overcast,2163500,0,0.0,0.0,4.0,,,0.0,,,,,,Wellington Region,Nil,2-way,Sealed,,0.0,0,,50.0,,Null,0.0,0.0,,47,Wellington City,Traffic Signals,,,,,0.0,0.0,Urban,0.0,,,Fine,Null,0
67538684,,576400,1.0,,0.0,1.0,,Null,2017/2018,RIDDIFORD ST,DONALD MCLEAN ST,,Minor Crash,No,2017,,South,,0,,Flat,,,,,,Bright sun,2168600,1,0.0,0.0,2.0,,,0.0,,,,,,Wellington Region,Nil,2-way,Sealed,,0.0,0,,50.0,,Null,0.0,0.0,,47,Wellington City,Give way,,,,,0.0,0.0,Urban,0.0,,,Fine,Null,0
67538753,,577000,0.0,0.0,0.0,1.0,0.0,North,2014/2015,COCHRANE ST,MOA POINT ROAD,,Non-Injury Crash,No,2015,0.0,South,0.0,0,1.0,Flat,0.0,,0.0,,1.0,Bright sun,2175600,0,0.0,0.0,2.0,0.0,0.0,0.0,0.0,0.0,,0.0,0.0,Wellington Region,Nil,2-way,Sealed,0.0,0.0,0,0.0,50.0,0.0,Off,0.0,0.0,,47,Wellington City,Nil,0.0,0.0,0.0,0.0,0.0,0.0,Urban,0.0,0.0,0.0,Fine,Null,0
67539232,,574702,0.0,,0.0,2.0,,Null,2017/2018,WILTON ROAD,SURREY ST,,Minor Crash,No,2017,,North,,0,,Hill Road,,,,,,Overcast,2103600,2,0.0,0.0,2.0,,,0.0,,,,,,Wellington Region,Nil,2-way,Sealed,,0.0,0,,50.0,,Null,0.0,0.0,,47,Wellington City,Give way,,,,,0.0,0.0,Urban,0.0,,,Fine,Null,0
67539240,,573101,0.0,,0.0,2.0,,Null,2016/2017,GHUZNEE ST,TARANAKI ST,,Non-Injury Crash,No,2017,,West,,0,,Flat,,,,,,Dark,2133408,0,0.0,0.0,2.0,,,0.0,,,,,,Wellington Region,Nil,2-way,Sealed,,0.0,0,,50.0,,On,0.0,1.0,,47,Wellington City,Traffic Signals,,,,,0.0,0.0,Urban,0.0,,,Fine,Null,0
67539252,,576901,0.0,0.0,0.0,1.0,0.0,Null,2016/2017,RONGOTAI ROAD,TE WHITI ST,,Minor Crash,No,2017,0.0,West,0.0,0,0.0,Flat,1.0,,0.0,,0.0,Dark,2177300,1,0.0,0.0,1.0,0.0,1.0,0.0,0.0,0.0,,0.0,0.0,Wellington Region,Nil,1-way,Sealed,0.0,0.0,0,0.0,50.0,0.0,On,0.0,0.0,,47,Wellington City,Nil,0.0,0.0,0.0,0.0,0.0,0.0,Urban,0.0,0.0,0.0,Fine,Null,0
67539321,,573000,0.0,,0.0,2.0,,South,2014/2015,SH 1N,NORTH PORTAL SBD,,Non-Injury Crash,Yes,2015,,South,,0,,Flat,,,,,,Unknown,2126900,0,0.0,0.0,3.0,,,0.0,,,,,,Wellington Region,Nil,2-way,Sealed,,0.0,0,,70.0,,On,0.0,0.0,,47,Wellington City,Unknown,,,,,0.0,0.0,Urban,0.0,,,Fine,Null,0
67539400,,573000,0.0,,0.0,1.0,,North,2016/2017,VICTORIA ST,MERCER ST,,Non-Injury Crash,No,2017,,South,,0,,Flat,,,,,,Bright sun,2127800,0,0.0,0.0,3.0,,,0.0,,,,,,Wellington Region,Nil,1-way,Sealed,,0.0,0,,50.0,,Null,0.0,0.0,,47,Wellington City,Unknown,,,,,1.0,0.0,Urban,0.0,,,Fine,Null,0
67539420,,572900,0.0,,0.0,1.0,,Null,2016/2017,HAWKESTONE OFF SBD,HAWKESTONE ST,,Serious Crash,Yes,2017,,East,,0,,Hill Road,,,,,,Twilight,2119500,0,0.0,1.0,2.0,,,0.0,,,,,,Wellington Region,Bridge,2-way,Sealed,,0.0,1,,50.0,,On,0.0,0.0,,47,Wellington City,Give way,,,,,0.0,0.0,Urban,0.0,,,Fine,Null,0
67539556,,575200,0.0,,1.0,1.0,,East,2017/2018,GLENMORE ST,GARDEN ROAD,,Non-Injury Crash,No,2017,,East,,0,,Hill Road,,,,,,Overcast,2151600,0,0.0,0.0,2.0,,,0.0,,,,,,Wellington Region,Nil,2-way,Sealed,,0.0,0,,50.0,,Off,0.0,0.0,,47,Wellington City,Unknown,,,,,0.0,0.0,Urban,1.0,,,Light rain,Null,0
67539744,,576301,0.0,0.0,0.0,1.0,0.0,East,2016/2017,COLOMBO ST,MANLEY TERRACE,,Non-Injury Crash,No,2017,0.0,South,0.0,0,0.0,Flat,0.0,,0.0,,0.0,Overcast,2164901,0,0.0,0.0,2.0,0.0,0.0,0.0,0.0,1.0,,0.0,0.0,Wellington Region,Nil,2-way,Sealed,0.0,0.0,0,0.0,50.0,0.0,Null,0.0,0.0,,47,Wellington City,Unknown,0.0,0.0,0.0,0.0,0.0,0.0,Urban,1.0,0.0,0.0,Fine,Null,0
67539809,,573300,0.0,,0.0,2.0,,South,2014/2015,WALLACE ST,ROLLESTON ST,,Non-Injury Crash,No,2015,,South,,0,,Hill Road,,,,,,Bright sun,2146500,0,0.0,0.0,2.0,,,0.0,,,,,,Wellington Region,Nil,2-way,Sealed,,0.0,0,,50.0,,Null,0.0,0.0,,47,Wellington City,Nil,,,,,0.0,0.0,Urban,0.0,,,Fine,Null,0
67539820,,573200,0.0,,0.0,0.0,,South,2016/2017,WILLIS ST,SH 1N,,Non-Injury Crash,No,2017,,North,,0,,Flat,,,,,,Overcast,2158000,0,0.0,0.0,3.0,,,0.0,,,,,,Wellington Region,Nil,1-way,Sealed,,0.0,0,,50.0,,Null,0.0,0.0,,47,Wellington City,Traffic Signals,,,,,2.0,0.0,Urban,0.0,,,Fine,Null,0
67539874,,573300,0.0,,0.0,1.0,,South,2014/2015,TARANAKI ST,WEBB ST,,Serious Crash,No,2015,,South,,0,,Flat,,,,,,Overcast,2144500,0,0.0,1.0,2.0,,,0.0,,,,,,Wellington Region,Nil,2-way,Sealed,,0.0,1,,50.0,,Null,0.0,0.0,,47,Wellington City,Unknown,,,,,0.0,0.0,Urban,0.0,,,Fine,Null,0
67539968,,573903,0.0,0.0,0.0,2.0,0.0,North,2017/2018,STEWART DRIVE,TED GILBERD PLACE,,Non-Injury Crash,No,2017,0.0,North,0.0,0,0.0,Hill Road,0.0,,0.0,,0.0,Bright sun,2074302,0,0.0,0.0,2.0,0.0,0.0,0.0,0.0,1.0,,0.0,0.0,Wellington Region,Nil,2-way,Sealed,0.0,0.0,0,0.0,50.0,0.0,Null,0.0,0.0,,47,Wellington City,Unknown,0.0,0.0,0.0,0.0,0.0,0.0,Urban,0.0,0.0,0.0,Fine,Null,0
67540100,,573101,0.0,0.0,0.0,0.0,0.0,Null,2017/2018,TARANAKI ST,CABLE ST,,Non-Injury Crash,No,2017,0.0,South,0.0,0,0.0,Flat,0.0,,0.0,,0.0,Bright sun,2133100,0,0.0,0.0,4.0,0.0,0.0,0.0,0.0,0.0,,1.0,0.0,Wellington Region,Nil,2-way,Sealed,0.0,0.0,0,0.0,50.0,0.0,Null,0.0,0.0,,47,Wellington City,Traffic Signals,0.0,0.0,0.0,0.0,1.0,0.0,Urban,0.0,0.0,0.0,Fine,Null,0
67540148,,574600,1.0,,0.0,0.0,,South,2016/2017,WADESTOWN ROAD,ORCHARD ST,,Minor Crash,No,2017,,South,,0,,Hill Road,,,,,,Twilight,2101700,1,0.0,0.0,2.0,,,0.0,,,,,,Wellington Region,Nil,2-way,Sealed,,0.0,0,,50.0,,On,1.0,0.0,,47,Wellington City,Nil,,,,,0.0,0.0,Urban,0.0,,,Fine,Null,0
67540172,,573000,0.0,,0.0,1.0,,North,2017/2018,CUSTOMHOUSE QUAY,LAMBTON QUAY,,Minor Crash,No,2017,,North,,0,,Flat,,,,,,Overcast,2126000,1,0.0,0.0,2.0,,,0.0,,,1.0,,,Wellington Region,Nil,2-way,Sealed,,0.0,0,,30.0,,Null,0.0,0.0,,47,Wellington City,Unknown,,,,,0.0,0.0,Urban,0.0,,,Fine,Null,0
67540177,,576400,0.0,0.0,0.0,0.0,0.0,North,2015/2016,Z GRASS AREA,MANCHESTER ST,,Minor Crash,No,2016,0.0,North,0.0,0,1.0,Hill Road,0.0,Easter,0.0,,0.0,Bright sun,2170700,2,0.0,0.0,0.0,0.0,0.0,0.0,0.0,0.0,1.0,0.0,0.0,Wellington Region,Nil,Off road,Unsealed,0.0,0.0,0,0.0,50.0,0.0,Null,0.0,0.0,,47,Wellington City,Unknown,0.0,0.0,0.0,0.0,1.0,0.0,Urban,0.0,0.0,0.0,Fine,Null,0
67540200,,573000,0.0,,0.0,3.0,,South,2016/2017,THE TERRACE,MACDONALD CRESCENT,,Non-Injury Crash,No,2017,,South,,0,,Hill Road,,,,,,Bright sun,2130400,0,0.0,0.0,2.0,,,0.0,,,,,,Wellington Region,Nil,2-way,Sealed,,0.0,0,,50.0,,Null,0.0,0.0,,47,Wellington City,Unknown,,,,,0.0,0.0,Urban,0.0,,,Fine,Null,0
67540337,,573101,0.0,,1.0,0.0,,Null,2015/2016,KENT TERRACE,MAJORIBANKS ST,,Serious Crash,No,2015,,East,,0,,Flat,,,,,,Bright sun,2135700,0,0.0,0.0,3.0,,,0.0,,,1.0,,,Wellington Region,Nil,1-way,Sealed,,0.0,1,,50.0,,Null,0.0,0.0,,47,Wellington City,Traffic Signals,,,,,0.0,0.0,Urban,0.0,,,Fine,Null,0
67540360,,576301,0.0,,0.0,1.0,,South,2016/2017,ADELAIDE ROAD,HALL ST,,Minor Crash,No,2017,,South,,0,,Flat,,,,,,Dark,2164600,1,1.0,0.0,2.0,,,0.0,,,,,,Wellington Region,Nil,2-way,Sealed,,0.0,0,,50.0,,On,0.0,0.0,,47,Wellington City,Give way,,,,,0.0,0.0,Urban,0.0,,,Fine,Null,0
67540376,,577102,0.0,0.0,0.0,4.0,0.0,South,2016/2017,AHURIRI ST,TUKANAE ST,,Non-Injury Crash,No,2016,0.0,North,0.0,0,0.0,Flat,0.0,,0.0,,0.0,Dark,2216000,0,0.0,0.0,2.0,0.0,0.0,0.0,0.0,1.0,,0.0,0.0,Wellington Region,Nil,2-way,Sealed,0.0,0.0,0,0.0,50.0,0.0,On,0.0,0.0,,47,Wellington City,Unknown,0.0,0.0,0.0,0.0,0.0,0.0,Urban,0.0,0.0,0.0,Fine,Null,0
67540380,,572900,0.0,,0.0,2.0,,North,2017/2018,SH 1N,HOBSON ST OBR NBD,,Minor Crash,Yes,2017,,North,,0,,Flat,,,,,,Overcast,2118400,3,0.0,0.0,3.0,,,0.0,,,,,,Wellington Region,Nil,1-way,Sealed,,0.0,0,,100.0,,Null,0.0,0.0,60.0,47,Wellington City,Unknown,,,,,0.0,0.0,Open,0.0,,,Light rain,Null,0
67540401,,573101,0.0,0.0,0.0,3.0,0.0,North,2014/2015,TORY ST,WAKEFIELD ST,,Non-Injury Crash,No,2015,0.0,North,0.0,0,0.0,Flat,0.0,,0.0,,0.0,Bright sun,2135200,0,0.0,0.0,2.0,0.0,0.0,0.0,0.0,0.0,,0.0,0.0,Wellington Region,Nil,2-way,Sealed,0.0,0.0,0,0.0,50.0,0.0,Off,0.0,1.0,,47,Wellington City,Traffic Signals,0.0,0.0,0.0,0.0,0.0,0.0,Urban,0.0,1.0,0.0,Fine,Null,0
67540412,,573300,0.0,0.0,0.0,2.0,0.0,South,2017/2018,ADELAIDE ROAD,BROWN ST,,Non-Injury Crash,No,2017,0.0,North,0.0,0,0.0,Flat,0.0,,0.0,,0.0,Overcast,2146100,0,0.0,0.0,4.0,0.0,0.0,0.0,0.0,1.0,,0.0,0.0,Wellington Region,Nil,2-way,Sealed,0.0,0.0,0,0.0,50.0,0.0,Null,0.0,0.0,,47,Wellington City,Unknown,0.0,0.0,0.0,0.0,0.0,0.0,Urban,0.0,0.0,0.0,Fine,Null,0
67540424,,574600,0.0,,1.0,0.0,,South,2016/2017,CECIL ROAD,MARGARET ST,,Non-Injury Crash,No,2017,,North,,0,,Hill Road,,,,,,Bright sun,2101000,0,0.0,0.0,2.0,,,0.0,,,,,,Wellington Region,Nil,2-way,Sealed,,0.0,0,,50.0,,Null,1.0,0.0,,47,Wellington City,Unknown,,,,,0.0,0.0,Urban,0.0,,,Null,Null,0
67540440,,575600,0.0,0.0,0.0,2.0,0.0,South,2017/2018,MITCHELL ST,KAREPA ST,,Non-Injury Crash,No,2017,0.0,South,0.0,0,0.0,Flat,0.0,,0.0,,0.0,Bright sun,2161502,0,0.0,0.0,2.0,0.0,0.0,0.0,0.0,1.0,,0.0,0.0,Wellington Region,Nil,2-way,Sealed,0.0,0.0,0,0.0,50.0,0.0,Null,0.0,0.0,,47,Wellington City,Nil,0.0,0.0,0.0,0.0,0.0,0.0,Urban,0.0,0.0,0.0,Fine,Null,0
67540480,95.0,573522,0.0,0.0,0.0,1.0,0.0,South,2017/2018,SH 1N,TAWA ON NBD,,Minor Crash,Yes,2018,0.0,North,0.0,0,0.0,Flat,1.0,,0.0,,0.0,Dark,2053703,1,0.0,0.0,4.0,0.0,0.0,0.0,0.0,0.0,,0.0,0.0,Wellington Region,Nil,2-way,Sealed,0.0,0.0,0,0.0,100.0,0.0,On,0.0,0.0,,47,Wellington City,Unknown,0.0,0.0,0.0,0.0,0.0,0.0,Open,0.0,0.0,0.0,Fine,Null,0
67540516,,576001,0.0,,0.0,1.0,,Null,2017/2018,THE PARADE,TRENT ST,,Minor Crash,No,2017,,South,,0,,Flat,,,,,,Overcast,2189300,1,1.0,0.0,2.0,,,0.0,,,,,,Wellington Region,Nil,2-way,Sealed,,0.0,0,,50.0,,Null,0.0,0.0,,47,Wellington City,Give way,,,,,0.0,0.0,Urban,0.0,,,Light rain,Null,0
67540561,,573101,0.0,,0.0,1.0,,Null,2015/2016,VICTORIA ST,SH 1N,,Minor Crash,Yes,2015,,South,,0,,Flat,,,,,,Dark,2131600,2,0.0,0.0,3.0,,,0.0,,,,,,Wellington Region,Nil,2-way,Sealed,,0.0,0,,50.0,,On,0.0,0.0,,47,Wellington City,Traffic Signals,,,,,0.0,0.0,Urban,1.0,,,Fine,Null,0
67540948,,575300,0.0,0.0,0.0,2.0,0.0,North,2016/2017,UPLAND ROAD,KOWHAI ROAD,,Non-Injury Crash,No,2017,0.0,South,0.0,0,0.0,Flat,0.0,,0.0,,0.0,Overcast,2152900,0,0.0,0.0,2.0,0.0,0.0,0.0,0.0,1.0,,0.0,0.0,Wellington Region,Nil,2-way,Sealed,0.0,0.0,0,0.0,30.0,0.0,Null,0.0,0.0,,47,Wellington City,Unknown,0.0,0.0,0.0,0.0,0.0,0.0,Urban,0.0,0.0,0.0,Null,Null,0
67540964,,573101,0.0,0.0,0.0,2.0,0.0,West,2016/2017,SH 1N,KENT TERRACE,,Non-Injury Crash,Yes,2017,0.0,West,0.0,0,0.0,Flat,0.0,,0.0,,0.0,Overcast,2136700,0,0.0,0.0,3.0,0.0,0.0,0.0,0.0,1.0,,0.0,0.0,Wellington Region,Nil,1-way,Sealed,0.0,0.0,0,0.0,50.0,0.0,Null,0.0,0.0,,47,Wellington City,Unknown,0.0,0.0,0.0,0.0,0.0,0.0,Urban,0.0,0.0,0.0,Null,Null,0
67541017,,576302,0.0,,0.0,2.0,,Null,2015/2016,MOUNT ALBERT ROAD,LAVAUD ST,,Non-Injury Crash,No,2015,,North,,0,,Hill Road,,,,,,Overcast,2166303,0,0.0,0.0,2.0,,,0.0,,,,,,Wellington Region,Nil,2-way,Sealed,,0.0,0,,50.0,,Null,0.0,0.0,,47,Wellington City,Give way,,,,,0.0,0.0,Urban,0.0,,,Fine,Null,0
67541068,,577200,0.0,,0.0,1.0,,Null,2017/2018,CALEDONIA ST,CALABAR ROAD,,Minor Crash,Yes,2018,,South,,0,,Flat,,,,,,Dark,2206500,2,0.0,0.0,3.0,,,0.0,,,,,,Wellington Region,Nil,2-way,Sealed,,0.0,0,,70.0,,On,1.0,0.0,,47,Wellington City,Give way,,,,,0.0,0.0,Urban,0.0,,,Fine,Null,0
67541116,,573101,0.0,0.0,1.0,1.0,0.0,Null,2016/2017,JESSIE ST,TORY ST,,Non-Injury Crash,No,2017,0.0,East,0.0,0,0.0,Flat,0.0,,0.0,,0.0,Overcast,2136500,0,0.0,0.0,2.0,0.0,0.0,0.0,0.0,1.0,,0.0,0.0,Wellington Region,Nil,2-way,Sealed,0.0,0.0,0,0.0,50.0,0.0,Null,0.0,0.0,,47,Wellington City,Give way,0.0,0.0,0.0,0.0,0.0,0.0,Urban,0.0,0.0,0.0,Fine,Strong wind,0
67541228,,574002,0.0,,0.0,2.0,,Null,2017/2018,SH 2,HUTT ON NBD,,Non-Injury Crash,Yes,2017,,East,,0,,Flat,,,,,,Dark,2078302,0,0.0,0.0,2.0,,,0.0,,,,,,Wellington Region,Nil,1-way,Sealed,,0.0,0,,80.0,,On,0.0,0.0,,47,Wellington City,Nil,,,,,0.0,0.0,Open,0.0,,,Light rain,Null,0
67541312,,577000,0.0,,0.0,1.0,,Null,2016/2017,TIRANGI ROAD,GEORGE BOLT ST,,Non-Injury Crash,No,2017,,North,,0,,Flat,,,,,,Bright sun,2175502,0,0.0,0.0,2.0,,,0.0,,,,,,Wellington Region,Nil,2-way,Sealed,,0.0,0,,50.0,,Null,1.0,0.0,,47,Wellington City,Give way,,,,,0.0,0.0,Urban,0.0,,,Null,Null,0
67541359,,574702,0.0,,0.0,2.0,,North,2017/2018,WARWICK ST,STRATFORD WAY,,Non-Injury Crash,No,2017,,North,,0,,Hill Road,,,,,,Overcast,2104302,0,0.0,0.0,2.0,,,0.0,,,,,,Wellington Region,Nil,2-way,Sealed,,0.0,0,,50.0,,Null,0.0,0.0,,47,Wellington City,Unknown,,,,,0.0,0.0,Urban,0.0,,,Fine,Null,0
67541415,45.0,573903,0.0,0.0,0.0,1.0,0.0,West,2017/2018,BATCHELOR ST,SHRIMPTON WAY,,Serious Crash,No,2017,0.0,West,0.0,0,1.0,Hill Road,0.0,,0.0,,0.0,Dark,2073700,0,0.0,0.0,2.0,0.0,0.0,0.0,0.0,0.0,,0.0,0.0,Wellington Region,Nil,2-way,Sealed,0.0,0.0,1,0.0,50.0,0.0,On,0.0,0.0,,47,Wellington City,Nil,0.0,0.0,0.0,0.0,0.0,0.0,Urban,0.0,0.0,0.0,Fine,Null,0
67541480,,573400,0.0,,0.0,1.0,,West,2014/2015,MAJORIBANKS ST,BROUGHAM ST,,Minor Crash,No,2015,,West,,0,,Hill Road,,,,,,Dark,2139900,1,0.0,0.0,2.0,,,0.0,,,1.0,,,Wellington Region,Nil,2-way,Sealed,,0.0,0,,50.0,,On,0.0,0.0,,47,Wellington City,Nil,,,,,0.0,0.0,Urban,0.0,,,Fine,Null,0
67541487,,576400,0.0,0.0,0.0,3.0,0.0,South,2017/2018,CRAWFORD ROAD,WELLINGTON ROAD,,Minor Crash,No,2017,0.0,East,0.0,0,0.0,Hill Road,0.0,,0.0,,0.0,Twilight,2169402,1,0.0,0.0,2.0,0.0,0.0,0.0,0.0,1.0,,0.0,0.0,Wellington Region,Nil,2-way,Sealed,0.0,0.0,0,0.0,50.0,0.0,On,0.0,0.0,,47,Wellington City,Unknown,0.0,0.0,0.0,0.0,0.0,0.0,Urban,0.0,0.0,0.0,Fine,Null,0
67541531,,572900,0.0,0.0,0.0,1.0,0.0,North,2017/2018,AOTEA QUAY,RLY YARD ENT S,,Minor Crash,No,2017,0.0,South,0.0,0,1.0,Flat,0.0,,0.0,,0.0,Bright sun,2118400,1,0.0,0.0,4.0,0.0,0.0,0.0,0.0,0.0,,0.0,0.0,Wellington Region,Nil,2-way,Sealed,0.0,0.0,0,0.0,70.0,0.0,Null,0.0,0.0,,47,Wellington City,Unknown,0.0,0.0,0.0,0.0,1.0,0.0,Urban,0.0,0.0,0.0,Fine,Null,0
67541642,,576400,0.0,0.0,0.0,3.0,0.0,West,2016/2017,WILSON ST,COROMANDEL ST,,Non-Injury Crash,No,2017,0.0,East,0.0,0,0.0,Flat,0.0,,0.0,,0.0,Bright sun,2167900,0,0.0,0.0,1.0,0.0,0.0,0.0,0.0,1.0,,0.0,0.0,Wellington Region,Nil,1-way,Sealed,0.0,0.0,0,0.0,40.0,0.0,Null,0.0,0.0,,47,Wellington City,Unknown,0.0,0.0,0.0,0.0,0.0,0.0,Urban,0.0,0.0,0.0,Fine,Null,0
67541646,,572900,0.0,,0.0,1.0,,Null,2016/2017,BUNNY ST,ACCESS ROAD S,,Non-Injury Crash,No,2017,,South,,0,,Flat,,,,,,Bright sun,2122700,0,0.0,1.0,4.0,,,0.0,,,,,,Wellington Region,Nil,2-way,Sealed,,0.0,0,,50.0,,Null,0.0,0.0,,47,Wellington City,Nil,,,,,0.0,0.0,Urban,0.0,,,Fine,Null,0
67541647,,574002,0.0,0.0,0.0,1.0,0.0,South,2015/2016,SH 1N,NGAURANGA ON NBD OBR,,Non-Injury Crash,Yes,2015,0.0,South,0.0,0,0.0,Flat,1.0,,0.0,,0.0,Dark,2078302,0,0.0,0.0,4.0,0.0,0.0,0.0,0.0,0.0,,0.0,0.0,Wellington Region,Nil,1-way,Sealed,0.0,0.0,0,0.0,100.0,0.0,On,0.0,0.0,,47,Wellington City,Unknown,0.0,0.0,0.0,0.0,0.0,0.0,Open,0.0,0.0,0.0,Fine,Null,0
67541687,,572900,0.0,,0.0,3.0,,North,2014/2015,SH 1N,TINAKORI OFF NBD,,Non-Injury Crash,Yes,2015,,North,,0,,Flat,,,,,,Dark,2122000,0,0.0,0.0,6.0,,,0.0,,,,,,Wellington Region,Nil,2-way,Sealed,,0.0,0,,100.0,,On,0.0,0.0,,47,Wellington City,Nil,,,,,0.0,0.0,Open,0.0,,,Fine,Null,0
67541946,,573400,0.0,0.0,0.0,2.0,0.0,North,2016/2017,KENT TERRACE,MAJORIBANKS ST,,Non-Injury Crash,No,2017,0.0,South,0.0,0,0.0,Flat,0.0,,0.0,,0.0,Bright sun,2139000,0,0.0,0.0,3.0,0.0,0.0,0.0,0.0,1.0,,0.0,0.0,Wellington Region,Nil,2-way,Sealed,0.0,0.0,0,0.0,50.0,0.0,Null,0.0,0.0,,47,Wellington City,Unknown,0.0,0.0,0.0,0.0,0.0,0.0,Urban,0.0,0.0,0.0,Fine,Null,0
67542008,,576302,1.0,,0.0,1.0,,North,2015/2016,ADELAIDE ROAD,DOVER ST,,Minor Crash,No,2015,,South,,0,,Hill Road,,,,,,Bright sun,2166000,1,0.0,0.0,2.0,,,0.0,,,,,,Wellington Region,Nil,2-way,Sealed,,0.0,0,,50.0,,Null,0.0,0.0,,47,Wellington City,Nil,,,,,0.0,0.0,Urban,0.0,,,Fine,Null,0
67542034,,576901,0.0,0.0,0.0,2.0,0.0,East,2016/2017,KEMP ST,EVANS BAY PARADE,,Non-Injury Crash,No,2017,0.0,North,0.0,0,0.0,Flat,0.0,,0.0,,0.0,Dark,2178102,0,0.0,0.0,2.0,0.0,0.0,0.0,0.0,1.0,,0.0,0.0,Wellington Region,Nil,2-way,Sealed,0.0,0.0,0,0.0,50.0,0.0,On,0.0,0.0,,47,Wellington City,Unknown,0.0,0.0,0.0,0.0,0.0,0.0,Urban,0.0,0.0,0.0,Fine,Null,0
67542302,,573000,0.0,,0.0,2.0,,Null,2017/2018,SH 1N,SOUTH PORTAL,,Non-Injury Crash,Yes,2017,,South,,0,,Flat,,,,,,Bright sun,2130600,0,0.0,0.0,3.0,,,0.0,,,,,,Wellington Region,Nil,2-way,Sealed,,0.0,0,,50.0,,Null,0.0,0.0,,47,Wellington City,Unknown,,,,,0.0,0.0,Urban,0.0,,,Null,Null,0
67542320,,573000,0.0,,0.0,2.0,,South,2014/2015,SH 1N,BOULCOTT OBR,,Minor Crash,Yes,2015,,South,,0,,Flat,,,,,,Bright sun,2126700,1,0.0,0.0,1.0,,,0.0,,,,,,Wellington Region,Nil,2-way,Sealed,,0.0,0,,70.0,,Off,0.0,0.0,,47,Wellington City,Nil,,,,,0.0,0.0,Urban,0.0,,,Fine,Null,0
67542354,,574002,0.0,,0.0,1.0,,East,2018/2019,SH 2,SH 1N,,Minor Crash,Yes,2018,,West,,0,,Flat,,,,,,Bright sun,2078302,1,0.0,1.0,2.0,,,0.0,,,,,,Wellington Region,Motorway ramp,1-way,Sealed,,0.0,0,,100.0,,Null,0.0,0.0,,47,Wellington City,Unknown,,,,,0.0,0.0,Open,0.0,,,Fine,Null,0
67542390,,574500,0.0,0.0,0.0,1.0,0.0,North,2016/2017,SH 1N,AOTEA ON NBD,,Non-Injury Crash,Yes,2017,0.0,South,0.0,0,0.0,Flat,0.0,,0.0,,0.0,Dark,2093400,0,0.0,0.0,6.0,0.0,1.0,0.0,0.0,0.0,,0.0,0.0,Wellington Region,Bridge,2-way,Sealed,0.0,0.0,0,0.0,100.0,0.0,On,0.0,0.0,,47,Wellington City,Unknown,0.0,0.0,0.0,0.0,0.0,0.0,Open,0.0,0.0,0.0,Fine,Null,0
67542506,,573101,0.0,0.0,0.0,2.0,0.0,North,2016/2017,MARION ST,SWAN LANE,,Non-Injury Crash,No,2017,0.0,North,0.0,0,0.0,Flat,0.0,,0.0,,0.0,Overcast,2133600,0,0.0,0.0,2.0,0.0,0.0,0.0,0.0,1.0,,0.0,0.0,Wellington Region,Nil,2-way,Sealed,0.0,0.0,0,0.0,50.0,0.0,Null,0.0,0.0,,47,Wellington City,Unknown,0.0,0.0,0.0,0.0,0.0,0.0,Urban,0.0,0.0,0.0,Null,Null,0