OBJECTID,advisorySpeed,areaUnitID,bicycle,bridge,bus,carStationWagon,cliffBank,crashDirectionDescription,crashFinancialYear,crashLocation1,crashLocation2,crashRoadSideRoad,crashSeverity,crashSHDescription,crashYear,debris,directionRoleDescription,ditch,fatalCount,fence,flatHill,guardRail,holiday,houseOrBuilding,intersection,kerb,light,meshblockId,minorInjuryCount,moped,motorcycle,NumberOfLanes,objectThrownOrDropped,otherObject,otherVehicleType,overBank,parkedVehicle,pedestrian,phoneBoxEtc,postOrPole,region,roadCharacter,roadLane,roadSurface,roadworks,schoolBus,seriousInjuryCount,slipOrFlood,speedLimit,strayAnimal,streetLight,suv,taxi,temporarySpeedLimit,tlaId,tlaName,trafficControl,trafficIsland,trafficSign,train,tree,truck,unknownVehicleType,urban,vanOrUtility,vehicle,waterRiver,weatherA,weatherB,if_pandemic
67542578,,573400,0.0,0.0,0.0,2.0,0.0,East,2016/2017,ELLICE ST,PORRITT AVENUE,,Non-Injury Crash,No,2017,0.0,West,0.0,0,0.0,Hill Road,0.0,,0.0,,0.0,Dark,2142100,0,0.0,0.0,2.0,0.0,0.0,0.0,0.0,1.0,,0.0,0.0,Wellington Region,Nil,2-way,Sealed,0.0,0.0,0,0.0,50.0,0.0,On,0.0,0.0,,47,Wellington City,Unknown,0.0,0.0,0.0,0.0,0.0,0.0,Urban,0.0,0.0,0.0,Light rain,Null,0
67542586,,573600,0.0,0.0,0.0,2.0,0.0,North,2017/2018,MIDDLETON ROAD,HELSTON ROAD,,Non-Injury Crash,No,2017,0.0,South,0.0,0,0.0,Flat,0.0,,0.0,,0.0,Bright sun,2080900,0,0.0,0.0,2.0,0.0,0.0,0.0,0.0,1.0,,0.0,0.0,Wellington Region,Nil,2-way,Sealed,0.0,0.0,0,0.0,50.0,0.0,Null,0.0,0.0,,47,Wellington City,Unknown,0.0,0.0,0.0,0.0,0.0,0.0,Urban,0.0,0.0,0.0,Fine,Null,0
67542602,,576600,0.0,0.0,0.0,2.0,0.0,West,2017/2018,SLIP,ORIENTAL TERRACE,,Non-Injury Crash,No,2017,0.0,West,0.0,0,0.0,Flat,0.0,,0.0,,0.0,Bright sun,2137900,0,0.0,0.0,1.0,0.0,0.0,0.0,0.0,1.0,,0.0,0.0,Wellington Region,Nil,1-way,Sealed,0.0,0.0,0,0.0,40.0,0.0,Null,0.0,0.0,,47,Wellington City,Unknown,0.0,0.0,0.0,0.0,0.0,0.0,Urban,0.0,0.0,0.0,Fine,Null,0
67542642,,573101,0.0,,0.0,2.0,,Null,2017/2018,SH 1N,VICTORIA ST,,Minor Crash,Yes,2017,,North,,0,,Flat,,,,,,Dark,2132400,2,0.0,0.0,3.0,,,0.0,,,,,,Wellington Region,Nil,1-way,Sealed,,0.0,0,,50.0,,On,0.0,0.0,,47,Wellington City,Traffic Signals,,,,,0.0,0.0,Urban,0.0,,,Fine,Null,0
67542678,,573700,0.0,,0.0,1.0,,Null,2016/2017,JOHNSONVILLE ROAD,JOHNSONVILLE ON SBD,,Non-Injury Crash,No,2017,,South,,0,,Flat,,,,,,Overcast,2083100,0,0.0,0.0,2.0,,,0.0,,,,,,Wellington Region,Motorway ramp,2-way,Sealed,,0.0,0,,50.0,,Null,0.0,0.0,,47,Wellington City,Traffic Signals,,,,,0.0,0.0,Urban,1.0,,,Fine,Null,0
67542754,,572900,0.0,0.0,0.0,3.0,0.0,East,2017/2018,GRANT ROAD,HARRIETT ST,,Non-Injury Crash,No,2017,0.0,East,0.0,0,0.0,Flat,0.0,,0.0,,0.0,Overcast,2123000,0,0.0,0.0,2.0,0.0,0.0,0.0,0.0,1.0,,0.0,0.0,Wellington Region,Nil,2-way,Sealed,0.0,0.0,0,0.0,50.0,0.0,Null,0.0,0.0,,47,Wellington City,Unknown,0.0,0.0,0.0,0.0,0.0,0.0,Urban,0.0,0.0,0.0,Light rain,Null,0
67542783,,574002,0.0,,0.0,1.0,,North,2015/2016,SH 2,HUTT ON NBD,,Minor Crash,Yes,2015,,North,,0,,Flat,,,,,,Bright sun,2078302,1,0.0,1.0,4.0,,,0.0,,,,,,Wellington Region,Nil,2-way,Sealed,,0.0,0,,100.0,,Off,0.0,0.0,,47,Wellington City,Nil,,,,,0.0,0.0,Open,0.0,,,Fine,Null,0
67542807,,573400,1.0,,0.0,1.0,,North,2014/2015,PALLISER ROAD,BAYVIEW TERRACE,,Minor Crash,No,2015,,North,,0,,Hill Road,,,,,,Bright sun,2139601,1,0.0,0.0,2.0,,,0.0,,,,,,Wellington Region,Nil,2-way,Sealed,,0.0,0,,50.0,,Null,0.0,0.0,,47,Wellington City,Unknown,,,,,0.0,0.0,Urban,0.0,,,Fine,Null,0
67542810,,573526,0.0,0.0,0.0,2.0,0.0,South,2016/2017,SH 2,SERVICE STN NTH,,Non-Injury Crash,Yes,2017,0.0,South,0.0,0,0.0,Flat,0.0,,0.0,,0.0,Dark,2077503,0,0.0,0.0,4.0,0.0,0.0,0.0,0.0,1.0,,0.0,0.0,Wellington Region,Nil,2-way,Sealed,0.0,0.0,0,0.0,100.0,0.0,On,0.0,0.0,,47,Wellington City,Unknown,0.0,0.0,0.0,0.0,0.0,0.0,Open,0.0,0.0,0.0,Light rain,Null,0
67542911,,572900,0.0,,0.0,0.0,,Null,2014/2015,HARRIETT ST,TINAKORI ON NBD,,Non-Injury Crash,No,2015,,East,,0,,Flat,,,,,,Bright sun,2123100,0,0.0,1.0,1.0,,,0.0,,,,,,Wellington Region,Nil,1-way,Sealed,,0.0,0,,50.0,,Null,0.0,0.0,,47,Wellington City,Nil,,,,,0.0,0.0,Urban,0.0,,,Fine,Null,0
67543206,,573513,0.0,0.0,0.0,2.0,0.0,East,2016/2017,MALLARD GROVE,LAKEWOOD AVENUE,,Non-Injury Crash,No,2017,0.0,South,0.0,0,0.0,Flat,0.0,,0.0,,0.0,Overcast,2086607,0,0.0,0.0,2.0,0.0,0.0,0.0,0.0,1.0,,0.0,0.0,Wellington Region,Nil,2-way,Sealed,0.0,0.0,0,0.0,50.0,0.0,Null,0.0,0.0,,47,Wellington City,Unknown,0.0,0.0,0.0,0.0,0.0,0.0,Urban,0.0,0.0,0.0,Fine,Null,0
67543234,,573526,0.0,0.0,0.0,0.0,0.0,North,2017/2018,SH 2,SERVICE STN NTH,,Non-Injury Crash,Yes,2017,0.0,North,0.0,0,0.0,Flat,1.0,,0.0,,0.0,Dark,2077503,0,0.0,0.0,4.0,0.0,0.0,0.0,0.0,0.0,,0.0,1.0,Wellington Region,Nil,2-way,Sealed,0.0,0.0,0,0.0,100.0,0.0,On,1.0,0.0,,47,Wellington City,Unknown,0.0,0.0,0.0,0.0,0.0,0.0,Open,0.0,0.0,0.0,Light rain,Null,0
67543254,,573200,0.0,,0.0,1.0,,Null,2017/2018,ARO ST,DURHAM ST,,Non-Injury Crash,No,2017,,West,,0,,Hill Road,,,,,,Overcast,2157200,0,0.0,1.0,2.0,,,0.0,,,,,,Wellington Region,Nil,2-way,Sealed,,0.0,0,,50.0,,Null,0.0,0.0,,47,Wellington City,Give way,,,,,0.0,0.0,Urban,0.0,,,Heavy rain,Strong wind,0
67543255,,572500,0.0,0.0,0.0,3.0,0.0,North,2014/2015,REDWOOD AVENUE,ORIEL AVENUE,,Non-Injury Crash,No,2015,0.0,North,0.0,0,0.0,Hill Road,0.0,,0.0,,1.0,Dark,1986100,0,0.0,0.0,2.0,0.0,0.0,0.0,0.0,1.0,,0.0,0.0,Wellington Region,Nil,2-way,Sealed,0.0,0.0,0,0.0,50.0,0.0,On,0.0,0.0,,47,Wellington City,Nil,0.0,0.0,0.0,0.0,0.0,0.0,Urban,0.0,0.0,0.0,Fine,Null,0
67543370,,573101,0.0,,1.0,1.0,,East,2017/2018,COURTENAY PLACE,TARANAKI ST,,Non-Injury Crash,No,2017,,East,,0,,Flat,,,,,,Dark,2135600,0,0.0,0.0,2.0,,,0.0,,,,,,Wellington Region,Nil,2-way,Sealed,,0.0,0,,50.0,,On,0.0,0.0,,47,Wellington City,Unknown,,,,,0.0,0.0,Urban,0.0,,,Null,Null,0
67543410,,573200,0.0,,0.0,1.0,,North,2017/2018,BROOKLYN ROAD,NAIRN ST,,Minor Crash,No,2017,,South,,0,,Hill Road,,,,,,Bright sun,2159300,1,0.0,0.0,2.0,,,0.0,,,,,,Wellington Region,Nil,2-way,Sealed,,0.0,0,,50.0,,Null,0.0,0.0,,47,Wellington City,Unknown,,,,,1.0,0.0,Urban,1.0,,,Fine,Null,0
67543430,,573000,0.0,,0.0,2.0,,North,2016/2017,JERVOIS QUAY,WILLESTON ST,,Non-Injury Crash,No,2017,,South,,0,,Flat,,,,,,Bright sun,2124300,0,0.0,0.0,4.0,,,0.0,,,,,,Wellington Region,Nil,1-way,Sealed,,0.0,0,,50.0,,Null,0.0,0.0,,47,Wellington City,Traffic Signals,,,,,0.0,0.0,Urban,0.0,,,Fine,Null,0
67543743,,576002,0.0,,0.0,2.0,,Null,2015/2016,MERSEY ST,CLYDE ST,,Non-Injury Crash,No,2015,,East,,0,,Flat,,,,,,Overcast,2190600,0,0.0,0.0,2.0,,,0.0,,,,,,Wellington Region,Nil,2-way,Sealed,,0.0,0,,50.0,,Null,0.0,0.0,,47,Wellington City,Stop,,,,,0.0,0.0,Urban,0.0,,,Fine,Null,0
67543910,,574303,0.0,,0.0,0.0,,South,2017/2018,HUTT ROAD,JARDEN MILE,,Serious Crash,No,2017,,North,,0,,Flat,,,,,,Twilight,2090402,0,0.0,1.0,5.0,,,0.0,,,,,,Wellington Region,Nil,2-way,Sealed,,0.0,1,,80.0,,Off,0.0,0.0,,47,Wellington City,Unknown,,,,,0.0,0.0,Open,1.0,,,Fine,Null,0
67543991,,574500,1.0,,0.0,0.0,,West,2015/2016,HUTT ROAD,RANGIORA AVENUE,,Serious Crash,No,2016,,West,,0,,Flat,,,,,,Bright sun,2093400,0,0.0,0.0,4.0,,,0.0,,,,,,Wellington Region,Nil,2-way,Sealed,,0.0,1,,60.0,,Null,1.0,0.0,,47,Wellington City,Unknown,,,,,0.0,0.0,Urban,0.0,,,Fine,Null,0
67544054,,574002,0.0,,0.0,0.0,,North,2017/2018,SH 2,NGAURANGA ON NBD OBR,,Non-Injury Crash,Yes,2017,,East,,0,,Hill Road,,Labour Weekend,,,,Bright sun,2078302,0,0.0,0.0,4.0,,,0.0,,,,,,Wellington Region,Nil,2-way,Sealed,,0.0,0,,60.0,,Null,0.0,0.0,,47,Wellington City,Unknown,,,,,0.0,0.0,Urban,2.0,,,Fine,Null,0
67544074,,575500,0.0,0.0,0.0,2.0,0.0,West,2017/2018,HOLLOWAY ROAD,OLD BULLOCK ROAD,,Non-Injury Crash,No,2017,0.0,East,0.0,0,0.0,Flat,0.0,,0.0,,0.0,Bright sun,2156700,0,0.0,0.0,2.0,0.0,0.0,0.0,0.0,1.0,,0.0,0.0,Wellington Region,Nil,2-way,Sealed,0.0,0.0,0,0.0,50.0,0.0,Null,0.0,0.0,,47,Wellington City,Unknown,0.0,0.0,0.0,0.0,0.0,0.0,Urban,0.0,0.0,0.0,Light rain,Null,0
67544218,,573200,0.0,0.0,0.0,1.0,0.0,East,2016/2017,ARO ST,ST JOHN ST,,Non-Injury Crash,No,2017,0.0,West,0.0,0,0.0,Flat,0.0,,0.0,,0.0,Overcast,2159000,0,0.0,0.0,2.0,0.0,0.0,0.0,0.0,1.0,,0.0,0.0,Wellington Region,Nil,2-way,Sealed,0.0,0.0,0,0.0,30.0,0.0,Null,0.0,0.0,,47,Wellington City,Nil,0.0,0.0,0.0,0.0,2.0,0.0,Urban,0.0,0.0,0.0,Fine,Null,0
67544286,,573300,0.0,,0.0,2.0,,West,2017/2018,BIDWILL ST,WALLACE ST,,Non-Injury Crash,No,2017,,East,,0,,Hill Road,,,,,,Overcast,2145005,0,0.0,0.0,2.0,,,0.0,,,,,,Wellington Region,Nil,2-way,Sealed,,0.0,0,,50.0,,Null,0.0,1.0,,47,Wellington City,Unknown,,,,,0.0,0.0,Urban,0.0,,,Null,Null,0
67544391,,576500,0.0,,0.0,1.0,,Null,2015/2016,ADELAIDE ROAD,DRUMMOND ST,,Minor Crash,No,2016,,North,,0,,Flat,,,,,,Dark,2148400,1,0.0,1.0,3.0,,,0.0,,,,,,Wellington Region,Nil,2-way,Sealed,,0.0,0,,50.0,,On,0.0,0.0,,47,Wellington City,Stop,,,,,0.0,0.0,Urban,0.0,,,Fine,Null,0
67544442,,577200,0.0,,0.0,2.0,,Null,2016/2017,MIRAMAR AVENUE,TAUHINU ROAD,,Non-Injury Crash,No,2017,,West,,0,,Flat,,,,,,Dark,2206200,0,0.0,0.0,2.0,,,0.0,,,,,,Wellington Region,Nil,2-way,Sealed,,0.0,0,,50.0,,Null,0.0,0.0,,47,Wellington City,Give way,,,,,0.0,0.0,Urban,0.0,,,Fine,Null,0
67544466,,576901,0.0,,0.0,2.0,,North,2016/2017,BAY ROAD,COUTTS ST,,Non-Injury Crash,No,2017,,North,,0,,Flat,,,,,,Bright sun,2178400,0,0.0,0.0,2.0,,,0.0,,,,,,Wellington Region,Nil,2-way,Sealed,,0.0,0,,50.0,,Null,0.0,0.0,,47,Wellington City,Unknown,,,,,0.0,0.0,Urban,0.0,,,Fine,Null,0
67544482,,576800,0.0,,0.0,1.0,,North,2018/2019,ALEXANDRA ROAD,UPOKO ROAD,,Minor Crash,No,2018,,East,,0,,Flat,,,,,,Bright sun,2183902,1,0.0,1.0,2.0,,,0.0,,,,,,Wellington Region,Nil,2-way,Sealed,,0.0,0,,50.0,,Null,0.0,0.0,,47,Wellington City,Unknown,,,,,0.0,0.0,Urban,0.0,,,Fine,Null,0
67544526,,573400,0.0,,0.0,1.0,,Null,2017/2018,MAJORIBANKS ST,BROUGHAM ST,,Minor Crash,No,2017,,West,,0,,Hill Road,,,,,,Overcast,2139900,1,1.0,0.0,2.0,,,0.0,,,,,,Wellington Region,Nil,2-way,Sealed,,0.0,0,,50.0,,Off,0.0,0.0,,47,Wellington City,Give way,,,,,0.0,0.0,Urban,0.0,,,Fine,Null,0
67544550,,573000,0.0,,0.0,2.0,,North,2017/2018,THE TERRACE,DALMUIR LANE,,Non-Injury Crash,No,2017,,North,,0,,Hill Road,,,,,,Dark,2124802,0,0.0,0.0,2.0,,,0.0,,,,,,Wellington Region,Nil,2-way,Sealed,,0.0,0,,50.0,,On,0.0,1.0,,47,Wellington City,Unknown,,,,,0.0,0.0,Urban,0.0,,,Fine,Null,0
67544558,,573901,0.0,,0.0,1.0,,West,2018/2019,STEWART DRIVE,BRACKEN ROAD,,Minor Crash,No,2018,,West,,0,,Hill Road,,,,,,Dark,2073400,1,0.0,0.0,2.0,,,0.0,,,1.0,,,Wellington Region,Nil,2-way,Sealed,,0.0,0,,50.0,,On,0.0,0.0,,47,Wellington City,Unknown,,,,,0.0,0.0,Urban,0.0,,,Fine,Null,0
67544578,,573101,0.0,,0.0,2.0,,Null,2016/2017,VICTORIA ST,SH 1N,,Non-Injury Crash,Yes,2017,,West,,0,,Flat,,,,,,Dark,2132400,0,0.0,0.0,2.0,,,0.0,,,,,,Wellington Region,Nil,1-way,Sealed,,0.0,0,,50.0,,On,0.0,0.0,,47,Wellington City,Traffic Signals,,,,,0.0,0.0,Urban,0.0,,,Heavy rain,Strong wind,0
67544590,,572900,0.0,0.0,0.0,1.0,0.0,South,2016/2017,SH 1N,HILL ST OBR,,Non-Injury Crash,Yes,2017,0.0,South,0.0,0,0.0,Flat,1.0,,0.0,,0.0,Overcast,2122400,0,0.0,0.0,4.0,0.0,0.0,0.0,0.0,0.0,,0.0,0.0,Wellington Region,Nil,1-way,Sealed,0.0,0.0,0,0.0,100.0,0.0,Null,0.0,0.0,,47,Wellington City,Unknown,0.0,0.0,0.0,0.0,0.0,0.0,Open,1.0,0.0,0.0,Fine,Null,0
67544630,,574002,0.0,,0.0,3.0,,South,2016/2017,SH 1N,NEWLANDS ON SBD,,Non-Injury Crash,Yes,2017,,South,,0,,Hill Road,,,,,,Overcast,2078304,0,0.0,0.0,3.0,,,0.0,,,,,,Wellington Region,Nil,1-way,Sealed,,0.0,0,,60.0,,Null,0.0,0.0,,47,Wellington City,Unknown,,,,,0.0,0.0,Urban,0.0,,,Fine,Null,0
67544638,,574302,0.0,0.0,0.0,2.0,0.0,North,2016/2017,NICHOLSON ROAD,DEKKA ST,,Non-Injury Crash,No,2017,0.0,North,0.0,0,0.0,Flat,0.0,,0.0,,0.0,Bright sun,2092600,0,0.0,0.0,2.0,0.0,0.0,0.0,0.0,1.0,,0.0,0.0,Wellington Region,Nil,2-way,Sealed,0.0,0.0,0,0.0,50.0,0.0,Null,0.0,0.0,,47,Wellington City,Unknown,0.0,0.0,0.0,0.0,0.0,0.0,Urban,0.0,0.0,0.0,Fine,Null,0
67544654,,576903,0.0,,0.0,1.0,,Null,2016/2017,SH 1N,WELLINGTON ROAD,,Non-Injury Crash,Yes,2017,,North,,0,,Hill Road,,,,,,Overcast,2180400,0,0.0,0.0,2.0,,,0.0,,,,,,Wellington Region,Nil,2-way,Sealed,,0.0,0,,50.0,,Null,0.0,0.0,,47,Wellington City,Give way,,,,,0.0,0.0,Urban,1.0,,,Null,Null,0
67544666,,575300,0.0,0.0,0.0,2.0,0.0,South,2017/2018,UPLAND ROAD,KOWHAI ROAD,,Non-Injury Crash,No,2017,0.0,North,0.0,0,0.0,Flat,0.0,,0.0,,0.0,Overcast,2154100,0,0.0,0.0,2.0,0.0,0.0,0.0,0.0,1.0,,0.0,0.0,Wellington Region,Nil,2-way,Sealed,0.0,0.0,0,0.0,30.0,0.0,Null,0.0,0.0,,47,Wellington City,Unknown,0.0,0.0,0.0,0.0,0.0,0.0,Urban,0.0,0.0,0.0,Fine,Null,0
67544734,,574600,0.0,,0.0,1.0,,South,2016/2017,ANNE ST,SEFTON ST,,Non-Injury Crash,No,2017,,East,,0,,Hill Road,,,,,,Overcast,2099300,0,0.0,0.0,2.0,,,0.0,,,,,,Wellington Region,Nil,2-way,Sealed,,0.0,0,,50.0,,Null,1.0,0.0,,47,Wellington City,Nil,,,,,0.0,0.0,Urban,0.0,,,Fine,Null,0
67544751,,572600,0.0,0.0,0.0,2.0,0.0,South,2014/2015,VICTORY CRESCENT,WAKEFIELD TERRACE,,Non-Injury Crash,No,2015,0.0,North,0.0,0,0.0,Hill Road,0.0,,0.0,,0.0,Bright sun,1991400,0,0.0,0.0,1.0,0.0,0.0,0.0,0.0,1.0,,0.0,0.0,Wellington Region,Nil,2-way,Sealed,0.0,0.0,0,0.0,50.0,0.0,Null,0.0,0.0,,47,Wellington City,Nil,0.0,0.0,0.0,0.0,0.0,0.0,Urban,0.0,0.0,0.0,Fine,Null,0
67544767,,573700,0.0,0.0,0.0,2.0,0.0,East,2014/2015,FRANKMOORE AVENUE,ROTOITI ST,,Non-Injury Crash,No,2015,0.0,East,0.0,0,0.0,Flat,0.0,,0.0,,0.0,Bright sun,2082400,0,0.0,0.0,2.0,0.0,0.0,0.0,0.0,1.0,,0.0,0.0,Wellington Region,Nil,2-way,Sealed,0.0,0.0,0,0.0,50.0,0.0,Off,0.0,0.0,,47,Wellington City,Nil,0.0,0.0,0.0,0.0,0.0,0.0,Urban,0.0,0.0,0.0,Fine,Null,0
67544854,,573300,1.0,,0.0,1.0,,South,2016/2017,TASMAN ST,COOMBE ST,,Non-Injury Crash,No,2017,,North,,0,,Flat,,,,,,Overcast,2146200,0,0.0,0.0,2.0,,,0.0,,,,,,Wellington Region,Nil,2-way,Sealed,,0.0,0,,50.0,,Null,0.0,0.0,,47,Wellington City,Unknown,,,,,0.0,0.0,Urban,0.0,,,Fine,Null,0
67544882,,576901,0.0,,0.0,2.0,,Null,2017/2018,SH 1N,TROY ST,,Minor Crash,Yes,2017,,East,,0,,Flat,,,,,,Dark,2176800,1,0.0,0.0,1.0,,,0.0,,,,,,Wellington Region,Nil,2-way,Sealed,,0.0,0,,70.0,,On,0.0,0.0,,47,Wellington City,Give way,,,,,0.0,0.0,Urban,0.0,,,Fine,Null,0
67544911,,575902,0.0,,0.0,0.0,,South,2015/2016,FROBISHER ST,MURCHISON ST,,Minor Crash,No,2015,,South,,0,,Hill Road,,,,,,Bright sun,2187403,1,0.0,1.0,2.0,,,0.0,,,,,,Wellington Region,Nil,2-way,Sealed,,0.0,0,,50.0,,Null,0.0,0.0,,47,Wellington City,Unknown,,,,,0.0,0.0,Urban,0.0,,,Fine,Null,0
67544938,,573700,0.0,0.0,0.0,2.0,0.0,West,2016/2017,ERRIS ST,TATUM WAY,,Non-Injury Crash,No,2017,0.0,South,0.0,0,0.0,Flat,0.0,,0.0,,0.0,Bright sun,2081401,0,0.0,0.0,2.0,0.0,0.0,0.0,0.0,1.0,,0.0,0.0,Wellington Region,Nil,2-way,Sealed,0.0,0.0,0,0.0,50.0,0.0,Null,0.0,0.0,,47,Wellington City,Unknown,0.0,0.0,0.0,0.0,0.0,0.0,Urban,0.0,0.0,0.0,Fine,Null,0
67545050,,573101,0.0,0.0,0.0,2.0,0.0,South,2017/2018,TORY ST,FRANKVILLE TERRACE,,Non-Injury Crash,No,2017,0.0,North,0.0,0,0.0,Hill Road,0.0,,0.0,,0.0,Overcast,2135000,0,0.0,0.0,2.0,0.0,0.0,0.0,0.0,0.0,,0.0,1.0,Wellington Region,Nil,2-way,Sealed,0.0,0.0,0,0.0,50.0,0.0,Null,0.0,0.0,,47,Wellington City,Nil,0.0,0.0,0.0,0.0,0.0,0.0,Urban,0.0,0.0,0.0,Light rain,Null,0
67545054,,574702,0.0,0.0,0.0,1.0,1.0,Null,2017/2018,CHURCHILL DRIVE,WILTON ROAD,,Minor Crash,No,2017,0.0,South,0.0,0,0.0,Flat,0.0,,0.0,,0.0,Dark,2104200,1,0.0,0.0,2.0,0.0,0.0,0.0,0.0,0.0,,0.0,0.0,Wellington Region,Nil,2-way,Sealed,0.0,0.0,0,0.0,50.0,0.0,On,0.0,0.0,,47,Wellington City,Nil,0.0,0.0,0.0,0.0,0.0,0.0,Urban,0.0,0.0,0.0,Fine,Null,0
67545143,,573513,0.0,,0.0,3.0,,South,2014/2015,ERLESTOKE CRESCENT,WAVERTON TERRACE,,Non-Injury Crash,No,2015,,North,,0,,Hill Road,,,,,,Bright sun,2086724,0,0.0,0.0,1.0,,,0.0,,,,,,Wellington Region,Nil,2-way,Sealed,,0.0,0,,50.0,,Null,0.0,0.0,,47,Wellington City,Nil,,,,,0.0,0.0,Urban,0.0,,,Fine,Null,0
67545175,,572500,0.0,,0.0,1.0,,Null,2015/2016,TAKAPU ROAD,WILLIAM EARP PLACE,,Non-Injury Crash,No,2015,,West,,0,,Flat,,,,,,Bright sun,2053702,0,0.0,0.0,2.0,,,0.0,,,,,,Wellington Region,Nil,2-way,Sealed,,0.0,0,,50.0,,Null,0.0,0.0,,47,Wellington City,Give way,,,,,0.0,0.0,Urban,1.0,,,Fine,Null,0
67545194,,573522,0.0,,0.0,1.0,,South,2017/2018,SH 1N,TAWA OFF NBD,,Non-Injury Crash,Yes,2017,,North,,0,,Hill Road,,,,,,Dark,2053703,0,0.0,0.0,2.0,,,0.0,,,,,,Wellington Region,Nil,2-way,Sealed,,0.0,0,,100.0,,On,0.0,0.0,,47,Wellington City,Unknown,,,,,0.0,0.0,Open,1.0,,,Fine,Null,0
67545238,,574002,0.0,,0.0,1.0,,North,2017/2018,SH 2,NGAURANGA ON NBD OBR,,Minor Crash,Yes,2017,,North,,0,,Flat,,,,,,Overcast,2078302,1,0.0,1.0,2.0,,,0.0,,,,,,Wellington Region,Nil,1-way,Sealed,,0.0,0,,60.0,,Null,0.0,0.0,,47,Wellington City,Unknown,,,,,0.0,0.0,Urban,0.0,,,Fine,Null,0
67545278,,573101,0.0,,0.0,1.0,,Null,2017/2018,TARANAKI ST,JESSIE ST,,Non-Injury Crash,No,2017,,South,,0,,Flat,,,,,,Overcast,2133700,0,0.0,0.0,4.0,,,0.0,,,,,,Wellington Region,Nil,2-way,Sealed,,0.0,0,,50.0,,Null,0.0,0.0,,47,Wellington City,Traffic Signals,,,,,0.0,0.0,Urban,1.0,,,Light rain,Null,0
67545279,,572900,0.0,,0.0,1.0,,Null,2015/2016,MURPHY ST,TURNBULL ST,,Non-Injury Crash,No,2015,,South,,0,,Flat,,,,,,Dark,2119200,0,0.0,0.0,2.0,,,0.0,,,,,,Wellington Region,Nil,1-way,Sealed,,0.0,0,,50.0,,On,0.0,0.0,,47,Wellington City,Give way,,,,,1.0,0.0,Urban,0.0,,,Fine,Null,0
67545423,,574002,0.0,,0.0,2.0,,North,2015/2016,SH 2,HUTT ON NBD,,Non-Injury Crash,Yes,2015,,North,,0,,Flat,,,,,,Dark,2078302,0,0.0,0.0,4.0,,,0.0,,,,,,Wellington Region,Nil,2-way,Sealed,,0.0,0,,100.0,,On,0.0,0.0,,47,Wellington City,Nil,,,,,0.0,0.0,Open,0.0,,,Fine,Null,0
67545610,,574303,0.0,,0.0,3.0,,West,2017/2018,SH 1N,SH 2,,Non-Injury Crash,Yes,2017,,East,,0,,Flat,,,,,,Bright sun,2090402,0,0.0,0.0,4.0,,,0.0,,,,,,Wellington Region,Nil,1-way,Sealed,,0.0,0,,100.0,,Null,1.0,0.0,,47,Wellington City,Unknown,,,,,0.0,0.0,Open,0.0,,,Fine,Null,0
67545663,,574002,0.0,,0.0,2.0,,Null,2015/2016,SH 1N,NGAURANGA ON NBD OBR,,Non-Injury Crash,Yes,2015,,North,,0,,Flat,,,,,,Bright sun,2078302,0,0.0,0.0,3.0,,,0.0,,,,,,Wellington Region,Nil,1-way,Sealed,,0.0,0,,100.0,,Null,0.0,0.0,,47,Wellington City,Nil,,,,,0.0,0.0,Open,0.0,,,Fine,Null,0
67545697,,576301,0.0,,0.0,0.0,,Null,2016/2017,HANSON ST,JOHN ST,,Non-Injury Crash,No,2017,,North,,0,,Flat,,,,,,Overcast,2163300,0,0.0,0.0,2.0,,,0.0,,,,,,Wellington Region,Nil,2-way,Sealed,,0.0,0,,50.0,,Null,0.0,0.0,,47,Wellington City,Give way,,,,,0.0,0.0,Urban,2.0,,,Fine,Null,0
67545846,,572500,0.0,,0.0,2.0,,South,2014/2015,MAIN ROAD,REDWOOD AVENUE N,,Non-Injury Crash,No,2015,,North,,0,,Flat,,,,,,Overcast,1986100,0,0.0,0.0,2.0,,,0.0,,,,,,Wellington Region,Nil,2-way,Sealed,,0.0,0,,50.0,,Off,0.0,0.0,,47,Wellington City,Nil,,,,,0.0,0.0,Urban,0.0,,,Fine,Null,0
67545889,,573101,0.0,,1.0,1.0,,North,2016/2017,JERVOIS QUAY,CABLE ST,,Non-Injury Crash,No,2017,,South,,0,,Flat,,,,,,Overcast,2133000,0,0.0,0.0,3.0,,,0.0,,,,,,Wellington Region,Nil,1-way,Sealed,,0.0,0,,50.0,,Off,1.0,0.0,,47,Wellington City,Unknown,,,,,0.0,0.0,Urban,0.0,,,Fine,Null,0
67545918,,573400,0.0,0.0,0.0,2.0,0.0,South,2015/2016,AUSTIN ST,QUEEN ST,,Non-Injury Crash,No,2015,0.0,South,0.0,0,0.0,Hill Road,0.0,,0.0,,0.0,Overcast,2141700,0,0.0,0.0,2.0,0.0,0.0,0.0,0.0,1.0,,0.0,0.0,Wellington Region,Nil,2-way,Sealed,0.0,0.0,0,0.0,50.0,0.0,Null,0.0,0.0,,47,Wellington City,Nil,0.0,0.0,0.0,0.0,0.0,0.0,Urban,0.0,0.0,0.0,Fine,Null,0