OBJECTID,advisorySpeed,areaUnitID,bicycle,bridge,bus,carStationWagon,cliffBank,crashDirectionDescription,crashFinancialYear,crashLocation1,crashLocation2,crashRoadSideRoad,crashSeverity,crashSHDescription,crashYear,debris,directionRoleDescription,ditch,fatalCount,fence,flatHill,guardRail,holiday,houseOrBuilding,intersection,kerb,light,meshblockId,minorInjuryCount,moped,motorcycle,NumberOfLanes,objectThrownOrDropped,otherObject,otherVehicleType,overBank,parkedVehicle,pedestrian,phoneBoxEtc,postOrPole,region,roadCharacter,roadLane,roadSurface,roadworks,schoolBus,seriousInjuryCount,slipOrFlood,speedLimit,strayAnimal,streetLight,suv,taxi,temporarySpeedLimit,tlaId,tlaName,trafficControl,trafficIsland,trafficSign,train,tree,truck,unknownVehicleType,urban,vanOrUtility,vehicle,waterRiver,weatherA,weatherB,if_pandemic
67545926,,573700,0.0,,1.0,1.0,,Null,2015/2016,BRODERICK ROAD,GOTHIC ST,,Non-Injury Crash,No,2015,,West,,0,,Flat,,,,,,Overcast,2082900,0,0.0,0.0,,,,0.0,,,,,,Wellington Region,Nil,2-way,Sealed,,0.0,0,,50.0,,Null,0.0,0.0,,47,Wellington City,Traffic Signals,,,,,0.0,0.0,Urban,0.0,,,Fine,Null,0
67546009,,573700,0.0,0.0,0.0,1.0,0.0,East,2017/2018,BRODERICK ROAD,TRUSCOTT AVENUE,,Non-Injury Crash,No,2017,0.0,East,0.0,0,1.0,Hill Road,0.0,,0.0,,0.0,Dark,2082002,0,0.0,0.0,2.0,0.0,0.0,0.0,0.0,0.0,,0.0,0.0,Wellington Region,Nil,2-way,Sealed,0.0,0.0,0,0.0,50.0,0.0,On,0.0,0.0,,47,Wellington City,Unknown,0.0,0.0,0.0,0.0,0.0,0.0,Urban,0.0,0.0,0.0,Fine,Null,0
67546205,,577301,0.0,0.0,0.0,1.0,0.0,South,2017/2018,DARLINGTON ROAD,CAMPERDOWN ROAD,,Non-Injury Crash,No,2017,0.0,South,0.0,0,0.0,Flat,0.0,Labour Weekend,0.0,,0.0,Bright sun,2203800,0,0.0,0.0,2.0,0.0,0.0,0.0,0.0,1.0,,0.0,0.0,Wellington Region,Nil,2-way,Sealed,0.0,0.0,0,0.0,50.0,0.0,Null,1.0,0.0,,47,Wellington City,Nil,0.0,0.0,0.0,0.0,0.0,0.0,Urban,0.0,0.0,0.0,Fine,Null,0
67546230,,573000,0.0,,0.0,2.0,,South,2014/2015,SH 1N,BOULCOTT OBR,,Non-Injury Crash,Yes,2015,,South,,0,,Flat,,,,,,Overcast,2126700,0,0.0,0.0,3.0,,,0.0,,,,,,Wellington Region,Nil,2-way,Sealed,,0.0,0,,70.0,,Off,0.0,0.0,,47,Wellington City,Nil,,,,,0.0,0.0,Urban,2.0,,,Light rain,Null,0
67546261,,576400,0.0,0.0,0.0,2.0,0.0,West,2016/2017,CONSTABLE ST,OWEN ST,,Non-Injury Crash,No,2017,0.0,West,0.0,0,0.0,Flat,0.0,,0.0,,0.0,Overcast,2169101,0,0.0,0.0,2.0,0.0,0.0,0.0,0.0,1.0,,0.0,0.0,Wellington Region,Nil,2-way,Sealed,0.0,0.0,0,0.0,50.0,0.0,Null,0.0,0.0,,47,Wellington City,Unknown,0.0,0.0,0.0,0.0,0.0,0.0,Urban,0.0,0.0,0.0,Fine,Null,0
67546406,,574002,0.0,,0.0,3.0,,North,2015/2016,SH 2,SH 1N,,Non-Injury Crash,Yes,2015,,North,,0,,Flat,,,,,,Bright sun,2078302,0,0.0,0.0,2.0,,,0.0,,,,,,Wellington Region,Nil,2-way,Sealed,,0.0,0,,60.0,,Null,0.0,0.0,,47,Wellington City,Nil,,,,,0.0,0.0,Urban,0.0,,,Fine,Null,0
67546422,,576400,0.0,0.0,0.0,2.0,0.0,East,2015/2016,WILSON ST,RIDDIFORD ST,,Non-Injury Crash,No,2015,0.0,East,0.0,0,0.0,Flat,0.0,,0.0,,0.0,Overcast,2167300,0,0.0,0.0,2.0,0.0,0.0,0.0,0.0,1.0,,0.0,0.0,Wellington Region,Nil,2-way,Sealed,0.0,0.0,0,0.0,40.0,0.0,Null,0.0,0.0,,47,Wellington City,Nil,0.0,0.0,0.0,0.0,0.0,0.0,Urban,0.0,0.0,0.0,Fine,Null,0
67546462,,576800,0.0,0.0,0.0,2.0,0.0,South,2014/2015,HATAITAI ROAD,RAKAU ROAD,,Non-Injury Crash,No,2015,0.0,North,0.0,0,0.0,Flat,0.0,,0.0,,0.0,Overcast,2184400,0,0.0,0.0,2.0,0.0,0.0,0.0,0.0,1.0,,0.0,0.0,Wellington Region,Nil,2-way,Sealed,0.0,0.0,0,0.0,50.0,0.0,Off,0.0,0.0,,47,Wellington City,Nil,0.0,0.0,0.0,0.0,0.0,0.0,Urban,0.0,0.0,0.0,Light rain,Null,0
67546481,,577200,0.0,0.0,0.0,2.0,0.0,South,2017/2018,IRA ST,MIRAMAR AVENUE,,Non-Injury Crash,No,2017,0.0,North,0.0,0,0.0,Flat,0.0,,0.0,,0.0,Bright sun,2208000,0,0.0,0.0,2.0,0.0,0.0,0.0,0.0,1.0,,0.0,0.0,Wellington Region,Nil,2-way,Sealed,0.0,0.0,0,0.0,50.0,0.0,Null,0.0,0.0,,47,Wellington City,Unknown,0.0,0.0,0.0,0.0,0.0,0.0,Urban,0.0,0.0,0.0,Fine,Null,0
67546633,,576500,0.0,,0.0,1.0,,South,2017/2018,ADELAIDE ROAD,HOSPITAL ROAD,,Non-Injury Crash,No,2017,,North,,0,,Flat,,,,,,Bright sun,2148602,0,0.0,0.0,4.0,,,0.0,,,,,,Wellington Region,Nil,2-way,Sealed,,0.0,0,,50.0,,Null,0.0,0.0,,47,Wellington City,Unknown,,,,,0.0,0.0,Urban,1.0,,,Fine,Null,0
67546897,,576301,0.0,0.0,0.0,2.0,0.0,North,2017/2018,ADELAIDE ROAD,NIKAU ST,,Non-Injury Crash,No,2017,0.0,North,0.0,0,0.0,Flat,0.0,,0.0,,0.0,Dark,2163400,0,0.0,0.0,2.0,0.0,0.0,0.0,0.0,1.0,,0.0,0.0,Wellington Region,Nil,2-way,Sealed,0.0,0.0,0,0.0,50.0,0.0,On,0.0,0.0,,47,Wellington City,Unknown,0.0,0.0,0.0,0.0,0.0,0.0,Urban,0.0,0.0,0.0,Light rain,Null,0
67546910,,572900,0.0,,0.0,1.0,,Null,2014/2015,AOTEA QUAY,AOTEA ON NBD,,Non-Injury Crash,No,2015,,North,,0,,Flat,,,,,,Dark,2118400,0,0.0,0.0,4.0,,,0.0,,,,,,Wellington Region,Nil,2-way,Sealed,,0.0,0,,70.0,,On,0.0,0.0,,47,Wellington City,Traffic Signals,,,,,0.0,0.0,Urban,1.0,,,Light rain,Strong wind,0
67547021,,576903,0.0,,0.0,1.0,,Null,2017/2018,CRAWFORD ROAD,NAUGHTON TERRACE,,Non-Injury Crash,No,2017,,North,,0,,Hill Road,,,,,,Overcast,2179200,0,0.0,0.0,2.0,,,0.0,,,,,,Wellington Region,Nil,2-way,Sealed,,0.0,0,,50.0,,Null,0.0,0.0,,47,Wellington City,Nil,,,,,0.0,0.0,Urban,1.0,,,Fine,Null,0
67547041,,573101,0.0,,0.0,1.0,,East,2017/2018,GHUZNEE ST,MARION ST,,Non-Injury Crash,No,2017,,West,,0,,Flat,,,,,,Twilight,2133700,0,0.0,0.0,2.0,,,0.0,,,,,,Wellington Region,Nil,2-way,Sealed,,0.0,0,,50.0,,On,1.0,0.0,,47,Wellington City,Unknown,,,,,0.0,0.0,Urban,0.0,,,Fine,Null,0
67547053,,573700,0.0,,0.0,2.0,,Null,2017/2018,MOOREFIELD ROAD,JOHNSONVILLE ON NBD,,Non-Injury Crash,No,2017,,South,,0,,Flat,,,,,,Bright sun,2082800,0,0.0,0.0,2.0,,,0.0,,,,,,Wellington Region,Nil,1-way,Sealed,,0.0,0,,50.0,,Null,0.0,0.0,,47,Wellington City,Give way,,,,,0.0,0.0,Urban,0.0,,,Fine,Null,0
67547089,,573000,0.0,,0.0,2.0,,North,2018/2019,SH 1N,NORTH PORTAL SBD,,Minor Crash,Yes,2018,,South,,0,,Flat,,,,,,Overcast,2126700,1,0.0,0.0,3.0,,,0.0,,,,,,Wellington Region,Nil,2-way,Sealed,,0.0,0,,80.0,,Null,0.0,0.0,60.0,47,Wellington City,Unknown,,,,,0.0,0.0,Open,1.0,,,Heavy rain,Strong wind,0
67547233,,573000,0.0,,0.0,2.0,,Null,2016/2017,SH 1N,WILLIS ST,,Non-Injury Crash,Yes,2017,,East,,0,,Flat,,,,,,Twilight,2129700,0,0.0,0.0,2.0,,,0.0,,,,,,Wellington Region,Nil,1-way,Sealed,,0.0,0,,50.0,,On,0.0,0.0,,47,Wellington City,Traffic Signals,,,,,0.0,0.0,Urban,0.0,,,Light rain,Null,0
67547369,,576903,0.0,,0.0,2.0,,Null,2017/2018,MOXHAM AVENUE,GOA ST,,Minor Crash,No,2018,,East,,0,,Flat,,,,,,Twilight,2180700,1,0.0,0.0,2.0,,,0.0,,,,,,Wellington Region,Nil,2-way,Sealed,,0.0,0,,50.0,,Off,0.0,0.0,,47,Wellington City,Stop,,,,,0.0,0.0,Urban,0.0,,,Light rain,Null,0
67547401,,574200,0.0,,0.0,1.0,,West,2017/2018,KHANDALLAH ROAD,LUCKNOW TERRACE,,Serious Crash,No,2017,,West,,0,,Flat,,,,,,Dark,2088300,0,0.0,0.0,2.0,,,0.0,,,1.0,,,Wellington Region,Nil,2-way,Sealed,,0.0,1,,50.0,,On,0.0,0.0,,47,Wellington City,Unknown,,,,,0.0,0.0,Urban,0.0,,,Fine,Null,0
67547409,,573101,0.0,0.0,0.0,0.0,0.0,West,2016/2017,CABLE ST,TORY ST,,Non-Injury Crash,No,2017,0.0,East,0.0,0,0.0,Flat,0.0,,0.0,,0.0,Overcast,2135200,0,0.0,0.0,3.0,0.0,0.0,0.0,0.0,0.0,,0.0,1.0,Wellington Region,Nil,1-way,Sealed,0.0,0.0,0,0.0,50.0,0.0,On,0.0,0.0,,47,Wellington City,Traffic Signals,0.0,0.0,0.0,0.0,0.0,0.0,Urban,1.0,0.0,0.0,Fine,Null,0
67547417,,575200,0.0,,0.0,1.0,,West,2017/2018,GARDEN ROAD,ORANGI KAUPAPA ROAD,,Non-Injury Crash,No,2017,,East,,0,,Hill Road,,,,,,Overcast,2151000,0,0.0,0.0,2.0,,,0.0,,,,,,Wellington Region,Nil,2-way,Sealed,,0.0,0,,50.0,,Off,0.0,0.0,,47,Wellington City,Unknown,,,,,0.0,0.0,Urban,1.0,,,Fine,Null,0
67547517,,573000,1.0,,0.0,1.0,,Null,2018/2019,THE TERRACE,MACDONALD CRESCENT,,Minor Crash,No,2018,,South,,0,,Hill Road,,,,,,Overcast,2130400,1,0.0,0.0,2.0,,,0.0,,,,,,Wellington Region,Nil,2-way,Sealed,,0.0,0,,50.0,,Null,0.0,0.0,,47,Wellington City,Stop,,,,,0.0,0.0,Urban,0.0,,,Heavy rain,Null,0
67547533,,573802,0.0,0.0,0.0,1.0,0.0,South,2017/2018,SH 1N,JVILLE OBR,,Non-Injury Crash,Yes,2018,0.0,South,0.0,0,0.0,Hill Road,1.0,,0.0,,0.0,Dark,2078701,0,0.0,0.0,4.0,0.0,0.0,0.0,0.0,0.0,,0.0,0.0,Wellington Region,Nil,2-way,Sealed,0.0,0.0,0,0.0,100.0,0.0,On,0.0,0.0,,47,Wellington City,Unknown,0.0,0.0,0.0,0.0,0.0,0.0,Open,0.0,0.0,0.0,Light rain,Null,0
67547694,,576903,0.0,,0.0,2.0,,Null,2015/2016,SH 1N,RUAHINE ST,,Non-Injury Crash,Yes,2015,,North,,0,,Flat,,,,,,Dark,2180400,0,0.0,0.0,2.0,,,0.0,,,,,,Wellington Region,Nil,2-way,Sealed,,0.0,0,,50.0,,On,0.0,1.0,,47,Wellington City,Give way,,,,,0.0,0.0,Urban,0.0,,,Fine,Null,0
67547741,,576500,0.0,,0.0,1.0,,Null,2016/2017,SH 1N,ADELAIDE ROAD,,Non-Injury Crash,Yes,2017,,West,,0,,Flat,,,,,,Overcast,2147900,0,0.0,0.0,3.0,,,0.0,,,,,,Wellington Region,Nil,1-way,Sealed,,0.0,0,,50.0,,Off,1.0,0.0,,47,Wellington City,Traffic Signals,,,,,0.0,0.0,Urban,0.0,,,Fine,Null,0
67548181,,573700,0.0,,0.0,1.0,,East,2016/2017,IRONSIDE ROAD,TRAFALGAR ST,,Minor Crash,No,2017,,East,,0,,Flat,,,,,,Dark,2082300,1,0.0,0.0,2.0,,,0.0,,,1.0,,,Wellington Region,Nil,2-way,Sealed,,0.0,0,,50.0,,On,0.0,0.0,,47,Wellington City,Unknown,,,,,0.0,0.0,Urban,0.0,,,Heavy rain,Null,0
67548197,,573000,0.0,,0.0,1.0,,Null,2016/2017,DIXON ST,WILLIS ST,,Non-Injury Crash,No,2017,,West,,0,,Hill Road,,,,,,Bright sun,2130700,0,0.0,0.0,2.0,,,0.0,,,,,,Wellington Region,Nil,1-way,Sealed,,0.0,0,,50.0,,Null,1.0,0.0,,47,Wellington City,Traffic Signals,,,,,0.0,0.0,Urban,0.0,,,Fine,Null,0
67548222,,575300,0.0,,2.0,0.0,,South,2014/2015,GLENMORE ST,KILMISTER AVENUE,,Minor Crash,No,2015,,South,,0,,Flat,,,,,,Bright sun,2153501,4,0.0,0.0,2.0,,,0.0,,,,,,Wellington Region,Nil,2-way,Sealed,,0.0,0,,50.0,,Null,0.0,0.0,,47,Wellington City,Nil,,,,,0.0,0.0,Urban,0.0,,,Fine,Null,0
67548301,,576301,0.0,,0.0,2.0,,West,2017/2018,WALLACE ST,HUTCHISON ROAD,,Non-Injury Crash,No,2017,,West,,0,,Hill Road,,,,,,Dark,2163300,0,0.0,0.0,2.0,,,0.0,,,,,,Wellington Region,Nil,2-way,Sealed,,0.0,0,,50.0,,On,0.0,0.0,,47,Wellington City,Give way,,,,,0.0,0.0,Urban,0.0,,,Fine,Null,0
67548381,,575902,0.0,0.0,0.0,1.0,0.0,North,2017/2018,HAPPY VALLEY ROAD,LANDFILL ROAD,,Non-Injury Crash,No,2017,0.0,South,0.0,0,0.0,Hill Road,0.0,,0.0,,0.0,Dark,2187303,0,0.0,0.0,2.0,0.0,0.0,0.0,0.0,0.0,,0.0,1.0,Wellington Region,Nil,2-way,Sealed,0.0,0.0,0,0.0,50.0,0.0,On,0.0,0.0,,47,Wellington City,Unknown,0.0,0.0,0.0,0.0,0.0,0.0,Urban,0.0,0.0,0.0,Fine,Null,0
67548405,,576903,0.0,,0.0,2.0,,Null,2016/2017,CRAWFORD ROAD,WELLINGTON ROAD,,Non-Injury Crash,No,2017,,South,,0,,Hill Road,,,,,,Overcast,2181600,0,0.0,0.0,6.0,,,0.0,,,,,,Wellington Region,Nil,1-way,Sealed,,0.0,0,,50.0,,Null,0.0,0.0,,47,Wellington City,Give way,,,,,0.0,0.0,Urban,0.0,,,Fine,Strong wind,0
67548425,,576400,0.0,,0.0,2.0,,Null,2018/2019,RIDDIFORD ST,HALL ST,,Minor Crash,No,2018,,North,,0,,Flat,,,,,,Dark,2166900,1,0.0,0.0,5.0,,,0.0,,,,,,Wellington Region,Nil,2-way,Sealed,,0.0,0,,40.0,,On,0.0,0.0,,47,Wellington City,Traffic Signals,,,,,0.0,0.0,Urban,0.0,,,Fine,Null,0
67548557,,573101,0.0,,0.0,1.0,,South,2017/2018,SH 1N,PIRIE ST,,Non-Injury Crash,Yes,2017,,South,,0,,Flat,,,,,,Overcast,2136700,0,0.0,1.0,3.0,,,0.0,,,,,,Wellington Region,Nil,1-way,Sealed,,0.0,0,,50.0,,Null,0.0,0.0,,47,Wellington City,Unknown,,,,,0.0,0.0,Urban,0.0,,,Fine,Null,0
67548585,,573101,0.0,,0.0,1.0,,South,2017/2018,WAKEFIELD ST,TARANAKI ST,,Non-Injury Crash,No,2017,,North,,0,,Flat,,,,,,Bright sun,2135600,0,1.0,0.0,3.0,,,0.0,,,,,,Wellington Region,Nil,1-way,Sealed,,0.0,0,,50.0,,Null,0.0,0.0,,47,Wellington City,Unknown,,,,,0.0,0.0,Urban,0.0,,,Fine,Null,0
67548653,,572900,0.0,,0.0,1.0,,North,2016/2017,SLIP,BUNNY ST,,Non-Injury Crash,No,2017,,North,,0,,Null,,,,,,Overcast,2122700,0,0.0,1.0,2.0,,,0.0,,,,,,Wellington Region,Nil,1-way,Sealed,,0.0,0,,50.0,,Null,0.0,0.0,,47,Wellington City,Unknown,,,,,0.0,0.0,Urban,0.0,,,Null,Null,0
67548761,,573000,0.0,0.0,0.0,1.0,0.0,South,2018/2019,SH 1N,SOUTH PORTAL,,Fatal Crash,Yes,2018,0.0,North,0.0,1,0.0,Flat,1.0,,0.0,,0.0,Overcast,2130600,2,0.0,0.0,3.0,0.0,0.0,0.0,0.0,0.0,,0.0,0.0,Wellington Region,Nil,2-way,Sealed,0.0,0.0,0,0.0,70.0,0.0,Null,0.0,0.0,,47,Wellington City,Unknown,0.0,0.0,0.0,0.0,0.0,0.0,Urban,1.0,0.0,0.0,Fine,Null,0
67548901,,572900,0.0,,0.0,2.0,,North,2016/2017,SH 1N,AOTEA OFF SBD,,Minor Crash,Yes,2017,,South,,0,,Flat,,,,,,Overcast,2118400,2,0.0,0.0,3.0,,,0.0,,,,,,Wellington Region,Nil,2-way,Sealed,,0.0,0,,100.0,,Null,0.0,0.0,,47,Wellington City,Unknown,,,,,0.0,0.0,Open,0.0,,,Fine,Null,0
67548913,,573000,0.0,,0.0,0.0,,Null,2016/2017,SALAMANCA ROAD,THE TERRACE,,Minor Crash,No,2017,,North,,0,,Flat,,,,,,Overcast,2128200,1,0.0,0.0,2.0,,,0.0,,,1.0,,,Wellington Region,Nil,2-way,Sealed,,0.0,0,,50.0,,Null,0.0,0.0,,47,Wellington City,Traffic Signals,,,,,1.0,0.0,Urban,0.0,,,Fine,Null,0
67548917,25.0,574002,0.0,0.0,0.0,1.0,0.0,South,2016/2017,NGAURANGA ON NBD,RLY YARD ENT,,Non-Injury Crash,Yes,2017,0.0,South,0.0,0,0.0,Flat,1.0,,0.0,,0.0,Dark,2078302,0,0.0,0.0,2.0,0.0,0.0,0.0,0.0,0.0,,0.0,0.0,Wellington Region,Nil,1-way,Sealed,0.0,0.0,0,0.0,50.0,0.0,On,0.0,0.0,,47,Wellington City,Unknown,0.0,0.0,0.0,0.0,0.0,0.0,Urban,0.0,0.0,0.0,Fine,Null,0
67548942,,576200,0.0,,0.0,2.0,,Null,2015/2016,BRITOMART ST,ADELAIDE ROAD,,Non-Injury Crash,No,2015,,East,,0,,Flat,,,,,,Overcast,2171900,0,0.0,0.0,2.0,,,0.0,,,,,,Wellington Region,Nil,2-way,Sealed,,0.0,0,,50.0,,Null,0.0,0.0,,47,Wellington City,Traffic Signals,,,,,0.0,0.0,Urban,0.0,,,Fine,Null,0
67548982,,573101,0.0,,0.0,2.0,,Null,2015/2016,KENT TERRACE,PIRIE ST,,Non-Injury Crash,No,2015,,South,,0,,Flat,,,,,,Dark,2136700,0,0.0,0.0,6.0,,,0.0,,,,,,Wellington Region,Nil,2-way,Sealed,,0.0,0,,50.0,,On,0.0,0.0,,47,Wellington City,Traffic Signals,,,,,0.0,0.0,Urban,0.0,,,Fine,Null,0
67549161,,572900,0.0,0.0,1.0,1.0,0.0,West,2017/2018,PIPITEA ST,MURPHY ST,,Non-Injury Crash,No,2017,0.0,East,0.0,0,0.0,Flat,0.0,,0.0,,0.0,Dark,2119200,0,0.0,0.0,2.0,0.0,0.0,0.0,0.0,1.0,,0.0,0.0,Wellington Region,Nil,2-way,Sealed,0.0,0.0,0,0.0,50.0,0.0,On,0.0,0.0,,47,Wellington City,Unknown,0.0,0.0,0.0,0.0,0.0,0.0,Urban,0.0,0.0,0.0,Heavy rain,Null,0
67549169,,574303,0.0,,0.0,2.0,,West,2016/2017,SH 1N,SH 2,,Non-Injury Crash,Yes,2017,,East,,0,,Flat,,,,,,Dark,2090402,0,0.0,0.0,3.0,,,0.0,,,,,,Wellington Region,Nil,1-way,Sealed,,0.0,0,,100.0,,On,1.0,0.0,60.0,47,Wellington City,Unknown,,,,,0.0,0.0,Open,0.0,,,Fine,Null,0
67549301,,573000,0.0,,0.0,1.0,,South,2016/2017,SH 1N,KARO DRIVE,,Non-Injury Crash,Yes,2017,,South,,0,,Flat,,,,,,Overcast,2130600,0,0.0,0.0,2.0,,,0.0,,,,,,Wellington Region,Nil,1-way,Sealed,,0.0,0,,70.0,,Null,0.0,0.0,,47,Wellington City,Unknown,,,,,0.0,0.0,Urban,1.0,,,Light rain,Null,0
67549317,,573101,0.0,0.0,0.0,1.0,0.0,Null,2017/2018,SH 1N,TARANAKI ST,,Non-Injury Crash,Yes,2017,0.0,West,0.0,0,0.0,Flat,0.0,,0.0,,0.0,Bright sun,2134800,0,0.0,0.0,5.0,0.0,0.0,0.0,0.0,0.0,,1.0,0.0,Wellington Region,Nil,2-way,Sealed,0.0,0.0,0,0.0,50.0,0.0,Null,0.0,0.0,,47,Wellington City,Traffic Signals,0.0,0.0,0.0,0.0,0.0,0.0,Urban,1.0,0.0,0.0,Fine,Null,0
67549398,,573101,0.0,0.0,0.0,2.0,0.0,East,2014/2015,DIXON ST,WILLIS ST,,Non-Injury Crash,No,2015,0.0,West,0.0,0,0.0,Flat,0.0,,0.0,,0.0,Overcast,2131400,0,0.0,0.0,,0.0,0.0,0.0,0.0,1.0,,0.0,0.0,Wellington Region,Nil,1-way,Sealed,0.0,0.0,0,0.0,50.0,0.0,Null,0.0,0.0,,47,Wellington City,Traffic Signals,0.0,0.0,0.0,0.0,0.0,0.0,Urban,0.0,0.0,0.0,Fine,Null,0
67549541,,577000,0.0,,0.0,2.0,,East,2016/2017,LYALL PARADE,ONEPU ROAD,,Non-Injury Crash,No,2017,,East,,0,,Flat,,,,,,Bright sun,2175300,0,0.0,0.0,2.0,,,0.0,,,,,,Wellington Region,Nil,2-way,Sealed,,0.0,0,,50.0,,Null,0.0,0.0,,47,Wellington City,Nil,,,,,0.0,0.0,Urban,0.0,,,Fine,Null,0
67549593,,576100,0.0,0.0,0.0,2.0,0.0,North,2017/2018,HORNSEY ROAD,AUCKLAND TERRACE,,Non-Injury Crash,No,2017,0.0,South,0.0,0,0.0,Hill Road,0.0,,0.0,,0.0,Bright sun,2196400,0,0.0,0.0,2.0,0.0,0.0,0.0,0.0,1.0,,0.0,0.0,Wellington Region,Nil,2-way,Sealed,0.0,0.0,0,0.0,50.0,0.0,Null,0.0,0.0,,47,Wellington City,Unknown,0.0,0.0,0.0,0.0,0.0,0.0,Urban,0.0,0.0,0.0,Fine,Null,0
67549597,,573300,0.0,0.0,0.0,0.0,0.0,East,2017/2018,WEBB ST,HOPPER ST,,Non-Injury Crash,No,2018,0.0,East,0.0,0,1.0,Hill Road,0.0,,0.0,,0.0,Bright sun,2144500,0,0.0,0.0,2.0,0.0,0.0,0.0,0.0,0.0,,0.0,0.0,Wellington Region,Nil,2-way,Sealed,0.0,0.0,0,0.0,50.0,0.0,Null,0.0,0.0,,47,Wellington City,Unknown,0.0,0.0,0.0,0.0,0.0,0.0,Urban,1.0,0.0,0.0,Fine,Null,0
67549661,,573000,0.0,,0.0,1.0,,West,2017/2018,WHITMORE ST,CUSTOMHOUSE QUAY,,Non-Injury Crash,No,2018,,North,,0,,Flat,,,,,,Overcast,2125100,0,1.0,0.0,5.0,,,0.0,,,,,,Wellington Region,Nil,2-way,Sealed,,0.0,0,,50.0,,Null,0.0,0.0,,47,Wellington City,Nil,,,,,0.0,0.0,Urban,0.0,,,Light rain,Null,0
67549678,,576903,0.0,0.0,0.0,4.0,0.0,Null,2014/2015,GOA ST,MOXHAM AVENUE,,Non-Injury Crash,No,2015,0.0,South,0.0,0,0.0,Flat,0.0,,0.0,,0.0,Bright sun,2180700,0,0.0,0.0,2.0,0.0,0.0,0.0,0.0,2.0,,0.0,0.0,Wellington Region,Nil,2-way,Sealed,0.0,0.0,0,0.0,50.0,0.0,Off,0.0,0.0,,47,Wellington City,Stop,0.0,0.0,0.0,0.0,0.0,0.0,Urban,0.0,0.0,0.0,Fine,Null,0
67549733,,573700,0.0,,0.0,1.0,,North,2017/2018,SH 1N,JVILLE OBR,,Non-Injury Crash,Yes,2018,,North,,0,,Flat,,,,,,Bright sun,2082800,0,0.0,0.0,2.0,,,0.0,,,,,,Wellington Region,Nil,1-way,Sealed,,0.0,0,,100.0,,Null,1.0,0.0,,47,Wellington City,Unknown,,,,,0.0,0.0,Open,0.0,,,Fine,Null,0
67549821,,576200,0.0,,0.0,1.0,,Null,2018/2019,BRITOMART STREET,,,Minor Crash,No,2019,,North,,0,,Flat,,,,,,Overcast,2172500,1,0.0,0.0,2.0,,,0.0,,,1.0,,,Wellington Region,Nil,2-way,Sealed,,0.0,0,,50.0,,None,0.0,0.0,,47,Wellington City,Unknown,,,,,0.0,0.0,Urban,0.0,,,Fine,Null,0
67549869,,576002,0.0,0.0,0.0,1.0,0.0,North,2018/2019,THE PARADE,TAMAR STREET,,Minor Crash,No,2019,0.0,South,0.0,0,1.0,Flat,0.0,,0.0,,0.0,Bright sun,2192500,1,0.0,0.0,2.0,0.0,1.0,0.0,0.0,1.0,,0.0,0.0,Wellington Region,Nil,2-way,Sealed,0.0,0.0,0,0.0,50.0,0.0,Off,0.0,0.0,,47,Wellington City,Unknown,0.0,0.0,0.0,0.0,0.0,0.0,Urban,1.0,0.0,0.0,Fine,Null,0
67549974,,576901,0.0,0.0,0.0,2.0,0.0,South,2014/2015,QUEENS DRIVE,COUTTS ST,,Non-Injury Crash,No,2015,0.0,North,0.0,0,0.0,Hill Road,0.0,,0.0,,0.0,Dark,2178500,0,0.0,0.0,1.0,0.0,0.0,0.0,0.0,1.0,,0.0,0.0,Wellington Region,Nil,2-way,Sealed,0.0,0.0,0,0.0,50.0,0.0,On,0.0,0.0,,47,Wellington City,Nil,0.0,0.0,0.0,0.0,0.0,0.0,Urban,0.0,0.0,0.0,Fine,Null,0
67550030,,573511,0.0,,0.0,2.0,,Null,2014/2015,MIDDLETON ROAD,WESTCHESTER DRIVE,,Non-Injury Crash,No,2015,,West,,0,,Flat,,,,,,Bright sun,2086203,0,0.0,0.0,2.0,,,0.0,,,,,,Wellington Region,Nil,2-way,Sealed,,0.0,0,,50.0,,Null,0.0,0.0,,47,Wellington City,Give way,,,,,0.0,0.0,Urban,0.0,,,Fine,Null,0
67550061,,572900,0.0,,0.0,2.0,,South,2017/2018,FEATHERSTON ST,MULGRAVE ST,,Non-Injury Crash,No,2018,,South,,0,,Flat,,,,,,Overcast,2122800,0,0.0,0.0,3.0,,,0.0,,,,,,Wellington Region,Nil,2-way,Sealed,,0.0,0,,50.0,,Null,0.0,0.0,,47,Wellington City,Unknown,,,,,0.0,0.0,Urban,0.0,,,Light rain,Null,0
67550113,,574302,0.0,0.0,0.0,1.0,0.0,South,2017/2018,IZARD ROAD,CASHMERE AVENUE,,Non-Injury Crash,No,2018,0.0,South,0.0,0,0.0,Flat,0.0,,0.0,,0.0,Bright sun,2091300,0,0.0,0.0,2.0,0.0,0.0,0.0,0.0,1.0,,0.0,0.0,Wellington Region,Nil,2-way,Sealed,0.0,0.0,0,0.0,50.0,0.0,Null,0.0,0.0,,47,Wellington City,Unknown,0.0,0.0,0.0,0.0,0.0,0.0,Urban,1.0,0.0,0.0,Fine,Null,0
67550265,,573000,0.0,,0.0,4.0,,South,2017/2018,SH 1N,SOUTH PORTAL,,Non-Injury Crash,Yes,2017,,South,,0,,Flat,,,,,,Overcast,2130600,0,0.0,0.0,3.0,,,0.0,,,,,,Wellington Region,Nil,2-way,Sealed,,0.0,0,,70.0,,Null,0.0,0.0,,47,Wellington City,Unknown,,,,,0.0,0.0,Urban,0.0,,,Fine,Null,0