OBJECTID,advisorySpeed,areaUnitID,bicycle,bridge,bus,carStationWagon,cliffBank,crashDirectionDescription,crashFinancialYear,crashLocation1,crashLocation2,crashRoadSideRoad,crashSeverity,crashSHDescription,crashYear,debris,directionRoleDescription,ditch,fatalCount,fence,flatHill,guardRail,holiday,houseOrBuilding,intersection,kerb,light,meshblockId,minorInjuryCount,moped,motorcycle,NumberOfLanes,objectThrownOrDropped,otherObject,otherVehicleType,overBank,parkedVehicle,pedestrian,phoneBoxEtc,postOrPole,region,roadCharacter,roadLane,roadSurface,roadworks,schoolBus,seriousInjuryCount,slipOrFlood,speedLimit,strayAnimal,streetLight,suv,taxi,temporarySpeedLimit,tlaId,tlaName,trafficControl,trafficIsland,trafficSign,train,tree,truck,unknownVehicleType,urban,vanOrUtility,vehicle,waterRiver,weatherA,weatherB,if_pandemic
67550502,,573101,0.0,,0.0,2.0,,North,2015/2016,CAMBRIDGE TERRACE,BUCKLE ST,,Non-Injury Crash,No,2015,,North,,0,,Flat,,,,,,Dark,2137000,0,0.0,0.0,2.0,,,0.0,,,,,,Wellington Region,Nil,2-way,Sealed,,0.0,0,,50.0,,On,0.0,1.0,,47,Wellington City,Traffic Signals,,,,,0.0,0.0,Urban,0.0,,,Fine,Null,0
67550505,,573101,0.0,,0.0,1.0,,Null,2018/2019,TARANAKI STREET,DIXON STREET,,Non-Injury Crash,No,2018,,North,,0,,Flat,,,,,,Bright sun,2133408,0,0.0,0.0,4.0,,,0.0,,,,,,Wellington Region,Nil,2-way,Sealed,,0.0,0,,30.0,,Null,1.0,0.0,,47,Wellington City,Traffic Signals,,,,,0.0,0.0,Urban,0.0,,,Fine,Null,0
67550510,,576700,0.0,,1.0,1.0,,North,2015/2016,GRAFTON ROAD,ACCESSWAY S,,Non-Injury Crash,No,2015,,North,,0,,Hill Road,,,,,,Bright sun,2186300,0,0.0,0.0,2.0,,,0.0,,,,,,Wellington Region,Nil,2-way,Sealed,,0.0,0,,50.0,,Off,0.0,0.0,,47,Wellington City,Unknown,,,,,0.0,0.0,Urban,0.0,,,Fine,Null,0
67550543,,572600,0.0,0.0,0.0,2.0,0.0,South,2015/2016,MAIN ROAD,ESSEX ST,,Non-Injury Crash,No,2015,0.0,South,0.0,0,0.0,Flat,0.0,,0.0,,0.0,Bright sun,1992100,0,0.0,0.0,2.0,0.0,0.0,0.0,0.0,1.0,,0.0,0.0,Wellington Region,Nil,2-way,Sealed,0.0,0.0,0,0.0,50.0,0.0,Null,0.0,0.0,,47,Wellington City,Nil,0.0,0.0,0.0,0.0,0.0,0.0,Urban,0.0,0.0,0.0,Fine,Null,0
67550567,,573000,0.0,,0.0,1.0,,Null,2014/2015,WILLESTON ST,VICTORIA ST,,Non-Injury Crash,No,2015,,West,,0,,Flat,,,,,,Overcast,2126000,0,0.0,0.0,3.0,,,0.0,,,,,,Wellington Region,Nil,2-way,Sealed,,0.0,0,,50.0,,Null,0.0,0.0,,47,Wellington City,Traffic Signals,,,,,0.0,0.0,Urban,1.0,,,Fine,Null,0
67550605,,575800,0.0,0.0,0.0,4.0,0.0,South,2018/2019,FARNHAM STREET,HAVELOCK ST,,Non-Injury Crash,No,2019,0.0,North,0.0,0,0.0,Hill Road,0.0,,0.0,,0.0,Dark,2197900,0,0.0,0.0,2.0,0.0,0.0,0.0,0.0,3.0,,0.0,0.0,Wellington Region,Nil,2-way,Sealed,0.0,0.0,0,0.0,50.0,0.0,On,0.0,0.0,,47,Wellington City,Nil,0.0,0.0,0.0,0.0,0.0,0.0,Urban,0.0,0.0,0.0,Fine,Null,0
67550623,,573000,1.0,,0.0,0.0,,North,2015/2016,WILLIS ST,DIXON ST,,Minor Crash,No,2015,,North,,0,,Flat,,,,,,Bright sun,2128500,1,0.0,0.0,2.0,,,0.0,,,,,,Wellington Region,Nil,2-way,Sealed,,0.0,0,,50.0,,Null,0.0,0.0,,47,Wellington City,Unknown,,,,,0.0,0.0,Urban,1.0,,,Fine,Null,0
67550661,,572900,0.0,,0.0,2.0,,Null,2017/2018,AOTEA QUAY,AOTEA ON NBD,,Minor Crash,No,2018,,North,,0,,Hill Road,,,,,,Bright sun,2118400,1,0.0,0.0,3.0,,,0.0,,,,,,Wellington Region,Nil,2-way,Sealed,,0.0,0,,70.0,,Null,0.0,0.0,,47,Wellington City,Give way,,,,,0.0,0.0,Urban,0.0,,,Fine,Null,0
67550663,,573700,0.0,,0.0,2.0,,Null,2014/2015,MOOREFIELD ROAD,JOHNSONVILLE ROAD,,Non-Injury Crash,No,2015,,South,,0,,Flat,,,,,,Dark,2082300,0,0.0,0.0,2.0,,,0.0,,,,,,Wellington Region,Nil,2-way,Sealed,,0.0,0,,50.0,,On,0.0,0.0,,47,Wellington City,Give way,,,,,0.0,0.0,Urban,0.0,,,Light rain,Null,0
67550721,,576903,0.0,,0.0,2.0,,Null,2017/2018,EVANS BAY PARADE,BELVEDERE ROAD,,Non-Injury Crash,No,2017,,North,,0,,Flat,,Christmas New Year,,,,Bright sun,2179800,0,0.0,0.0,2.0,,,0.0,,,,,,Wellington Region,Nil,2-way,Sealed,,0.0,0,,50.0,,Null,0.0,0.0,,47,Wellington City,Stop,,,,,0.0,0.0,Urban,0.0,,,Fine,Null,0
67550757,,573700,0.0,,0.0,1.0,,Null,2017/2018,FRANKMOORE AVENUE,MOOREFIELD ROAD,,Minor Crash,No,2018,,South,,0,,Flat,,,,,,Dark,2082300,1,0.0,0.0,2.0,,,0.0,,,1.0,,,Wellington Region,Nil,2-way,Sealed,,0.0,0,,50.0,,On,0.0,0.0,30.0,47,Wellington City,Give way,,,,,0.0,0.0,Urban,0.0,,,Heavy rain,Null,0
67550767,,572900,0.0,0.0,0.0,2.0,0.0,North,2014/2015,TINAKORI ROAD,HILL ST,,Non-Injury Crash,No,2015,0.0,North,0.0,0,0.0,Flat,0.0,,0.0,,0.0,Bright sun,2123100,0,0.0,0.0,2.0,0.0,0.0,0.0,0.0,1.0,,0.0,0.0,Wellington Region,Nil,2-way,Sealed,0.0,0.0,0,0.0,50.0,0.0,Null,0.0,0.0,,47,Wellington City,Nil,0.0,0.0,0.0,0.0,0.0,0.0,Urban,0.0,0.0,0.0,Fine,Null,0
67550941,,572900,0.0,,0.0,1.0,,North,2018/2019,BUNNY ST,WATERLOO QUAY,,Non-Injury Crash,No,2018,,South,,0,,Flat,,,,,,Overcast,2122700,0,0.0,0.0,1.0,,,0.0,,,,,,Wellington Region,Nil,1-way,Sealed,,0.0,0,,50.0,,Null,0.0,1.0,,47,Wellington City,Unknown,,,,,0.0,0.0,Urban,1.0,,,Fine,Null,0
67551070,,573700,0.0,,0.0,2.0,,North,2015/2016,JOHNSONVILLE ROAD,BRODERICK ROAD,,Non-Injury Crash,No,2015,,South,,0,,Flat,,,,,,Bright sun,2082800,0,0.0,0.0,2.0,,,0.0,,,,,,Wellington Region,Nil,2-way,Sealed,,0.0,0,,50.0,,Null,0.0,0.0,,47,Wellington City,Unknown,,,,,0.0,0.0,Urban,0.0,,,Fine,Null,0
67551157,,572600,0.0,0.0,0.0,1.0,0.0,Null,2018/2019,TAWA STREET,MAIN ROAD,,Non-Injury Crash,No,2019,0.0,North,0.0,0,0.0,Flat,0.0,,0.0,,1.0,Bright sun,1992300,0,0.0,0.0,2.0,0.0,0.0,0.0,0.0,0.0,,0.0,0.0,Wellington Region,Nil,2-way,Sealed,0.0,0.0,0,0.0,50.0,0.0,Off,0.0,0.0,,47,Wellington City,Give way,0.0,0.0,0.0,0.0,0.0,0.0,Urban,0.0,0.0,0.0,Fine,Null,0
67551193,,573901,0.0,,0.0,2.0,,Null,2018/2019,STEWART DRIVE,PADNELL CRESCENT,,Minor Crash,No,2018,,East,,0,,Hill Road,,,,,,Bright sun,2074202,1,0.0,0.0,2.0,,,0.0,,,,,,Wellington Region,Nil,2-way,Sealed,,0.0,0,,50.0,,Null,0.0,0.0,,47,Wellington City,Give way,,,,,0.0,0.0,Urban,0.0,,,Fine,Null,0
67551205,,576400,0.0,0.0,0.0,2.0,0.0,North,2017/2018,RIDDIFORD ST,CONSTABLE ST,,Non-Injury Crash,No,2018,0.0,South,0.0,0,0.0,Flat,0.0,,0.0,,0.0,Overcast,2167300,0,0.0,0.0,2.0,0.0,0.0,0.0,0.0,1.0,,0.0,0.0,Wellington Region,Nil,2-way,Sealed,0.0,0.0,0,0.0,40.0,0.0,Null,0.0,0.0,,47,Wellington City,Unknown,0.0,0.0,0.0,0.0,0.0,0.0,Urban,0.0,0.0,0.0,Null,Null,0
67551213,,576903,0.0,,0.0,3.0,,West,2018/2019,SH 1N,EVANS BAY PARADE,,Non-Injury Crash,Yes,2018,,West,,0,,Flat,,,,,,Overcast,2177900,0,0.0,0.0,2.0,,,0.0,,,,,,Wellington Region,Nil,1-way,Sealed,,0.0,0,,50.0,,Null,0.0,0.0,,47,Wellington City,Unknown,,,,,0.0,0.0,Urban,0.0,,,Fine,Null,0
67551293,,576301,0.0,0.0,0.0,2.0,0.0,North,2017/2018,RIDDIFORD ST,RHODES ST,,Non-Injury Crash,No,2018,0.0,North,0.0,0,0.0,Flat,0.0,,0.0,,0.0,Bright sun,2165700,0,0.0,0.0,2.0,0.0,0.0,0.0,0.0,1.0,,0.0,0.0,Wellington Region,Nil,2-way,Sealed,0.0,0.0,0,0.0,40.0,0.0,Null,0.0,0.0,,47,Wellington City,Unknown,0.0,0.0,0.0,0.0,0.0,0.0,Urban,0.0,0.0,0.0,Fine,Null,0
67551313,,576901,0.0,,0.0,2.0,,West,2018/2019,SH 1N,TROY ST,,Non-Injury Crash,Yes,2018,,West,,0,,Flat,,,,,,Bright sun,2176800,0,0.0,0.0,2.0,,,0.0,,,,,,Wellington Region,Nil,1-way,Sealed,,0.0,0,,70.0,,Null,0.0,0.0,,47,Wellington City,Unknown,,,,,0.0,0.0,Urban,0.0,,,Fine,Strong wind,0
67551337,,573101,0.0,,0.0,1.0,,West,2018/2019,SH 1N,TORY ST,,Non-Injury Crash,Yes,2018,,East,,0,,Flat,,,,,,Bright sun,2134200,0,0.0,0.0,2.0,,,0.0,,,,,,Wellington Region,Nil,1-way,Sealed,,0.0,0,,50.0,,Null,0.0,0.0,,47,Wellington City,Traffic Signals,,,,,0.0,0.0,Urban,1.0,,,Fine,Null,0
67551509,,574402,0.0,0.0,0.0,1.0,0.0,South,2017/2018,KAIWHARAWHARA ROAD,NGAIO GORGE ROAD,,Minor Crash,No,2018,0.0,South,0.0,0,0.0,Hill Road,0.0,,0.0,,0.0,Twilight,2097602,1,0.0,0.0,2.0,0.0,1.0,0.0,0.0,0.0,,0.0,0.0,Wellington Region,Nil,2-way,Sealed,0.0,0.0,0,0.0,50.0,0.0,On,0.0,0.0,30.0,47,Wellington City,Unknown,0.0,0.0,0.0,0.0,0.0,0.0,Urban,0.0,0.0,0.0,Fine,Null,0
67551624,,573300,1.0,0.0,0.0,1.0,0.0,Null,2018/2019,SUSSEX STREET,BUCKLE STREET,,Minor Crash,Yes,2019,0.0,South,0.0,0,0.0,Flat,0.0,,0.0,,0.0,Dark,2145602,1,0.0,0.0,3.0,0.0,0.0,0.0,0.0,1.0,,0.0,0.0,Wellington Region,Nil,1-way,Sealed,0.0,0.0,0,0.0,50.0,0.0,None,0.0,0.0,,47,Wellington City,Nil,0.0,0.0,0.0,0.0,0.0,0.0,Urban,0.0,0.0,0.0,Fine,Null,0
67551688,,574002,0.0,,0.0,2.0,,East,2017/2018,SH 2,RAILYARD ENTRY,,Minor Crash,Yes,2018,,South,,0,,Flat,,,,,,Dark,2078302,1,0.0,0.0,2.0,,,0.0,,,,,,Wellington Region,Nil,1-way,Sealed,,0.0,0,,100.0,,On,0.0,0.0,,47,Wellington City,Unknown,,,,,0.0,0.0,Open,0.0,,,Light rain,Null,0
67551750,,573522,0.0,,0.0,1.0,,Null,2014/2015,TAKAPU ROAD,TAWA OFF SBD,,Non-Injury Crash,No,2015,,South,,0,,Flat,,,,,,Bright sun,2053703,0,0.0,0.0,2.0,,,0.0,,,,,,Wellington Region,Nil,2-way,Sealed,,0.0,0,,50.0,,Null,0.0,0.0,,47,Wellington City,Stop,,,,,0.0,0.0,Urban,1.0,,,Fine,Null,0
67551838,,576400,0.0,,0.0,1.0,,Null,2015/2016,CONSTABLE ST,OWEN ST,,Minor Crash,No,2015,,West,,0,,Flat,,,,,,Dark,2169101,1,0.0,0.0,2.0,,,0.0,,,,,,Wellington Region,Nil,2-way,Sealed,,0.0,0,,50.0,,On,0.0,0.0,,47,Wellington City,Traffic Signals,,,,,1.0,0.0,Urban,0.0,,,Light rain,Null,0
67551884,,573700,1.0,,0.0,1.0,,North,2017/2018,MOOREFIELD ROAD,TRAFALGAR ST,,Minor Crash,No,2018,,South,,0,,Flat,,,,,,Overcast,2082800,1,0.0,0.0,2.0,,,0.0,,,,,,Wellington Region,Nil,2-way,Sealed,,0.0,0,,50.0,,Null,0.0,0.0,,47,Wellington City,Unknown,,,,,0.0,0.0,Urban,0.0,,,Light rain,Null,0
67552006,,576901,0.0,,0.0,1.0,,South,2014/2015,ONEPU ROAD,RONGOTAI ROAD,,Non-Injury Crash,No,2015,,North,,0,,Null,,,,,,Overcast,2178200,0,0.0,0.0,2.0,,,0.0,,,,,,Wellington Region,Nil,2-way,Sealed,,0.0,0,,50.0,,Off,1.0,0.0,,47,Wellington City,Nil,,,,,0.0,0.0,Urban,0.0,,,Fine,Null,0
67552021,,573101,0.0,,0.0,2.0,,Null,2014/2015,JERVOIS QUAY,HARRIS ST,,Non-Injury Crash,No,2015,,North,,0,,Flat,,,,,,Dark,2133000,0,0.0,0.0,6.0,,,0.0,,,,,,Wellington Region,Nil,2-way,Sealed,,0.0,0,,50.0,,On,0.0,1.0,,47,Wellington City,Traffic Signals,,,,,0.0,0.0,Urban,0.0,,,Fine,Null,0
67552092,,572500,0.0,,0.0,2.0,,North,2017/2018,SH 1N,TAWA ON NBD,,Non-Injury Crash,Yes,2018,,South,,0,,Flat,,,,,,Dark,2053702,0,0.0,0.0,2.0,,,0.0,,,,,,Wellington Region,Motorway ramp,1-way,Sealed,,0.0,0,,100.0,,On,0.0,0.0,,47,Wellington City,Unknown,,,,,0.0,0.0,Open,0.0,,,Fine,Frost,0
67552094,,573101,0.0,,0.0,1.0,,South,2014/2015,VICTORIA ST,DIXON ST,,Non-Injury Crash,No,2015,,East,,0,,Flat,,,,,,Bright sun,2131500,0,0.0,0.0,2.0,,,0.0,,,,,,Wellington Region,Nil,2-way,Sealed,,0.0,0,,50.0,,Null,0.0,0.0,,47,Wellington City,Traffic Signals,,,,,1.0,0.0,Urban,0.0,,,Light rain,Null,0
67552158,,573700,0.0,,0.0,2.0,,Null,2014/2015,BASSETT ROAD,IRONSIDE ROAD,,Non-Injury Crash,No,2015,,South,,0,,Hill Road,,,,,,Bright sun,2082300,0,0.0,0.0,2.0,,,0.0,,,,,,Wellington Region,Nil,2-way,Sealed,,0.0,0,,50.0,,Null,0.0,0.0,,47,Wellington City,Give way,,,,,0.0,0.0,Urban,0.0,,,Fine,Null,0
67552236,,573101,0.0,,0.0,1.0,,Null,2018/2019,SH 1N,TARANAKI ST,,Non-Injury Crash,Yes,2018,,West,,0,,Flat,,,,,,Dark,2134800,0,0.0,0.0,3.0,,,0.0,,,,,,Wellington Region,Nil,2-way,Sealed,,0.0,0,,50.0,,On,1.0,0.0,,47,Wellington City,Traffic Signals,,,,,0.0,0.0,Urban,0.0,,,Light rain,Null,0
67552248,,576200,0.0,0.0,0.0,2.0,0.0,East,2017/2018,BRITOMART ST,STANLEY ST,,Non-Injury Crash,No,2017,0.0,East,0.0,0,0.0,Flat,0.0,,0.0,,0.0,Overcast,2172500,0,0.0,0.0,2.0,0.0,0.0,0.0,0.0,1.0,,0.0,0.0,Wellington Region,Nil,2-way,Sealed,0.0,0.0,0,0.0,50.0,0.0,Null,0.0,0.0,,47,Wellington City,Unknown,0.0,0.0,0.0,0.0,0.0,0.0,Urban,0.0,0.0,0.0,Null,Null,0
67552444,,573511,0.0,0.0,0.0,2.0,0.0,South,2017/2018,SH 1N,TAWA OFF NBD,,Non-Injury Crash,Yes,2018,1.0,North,0.0,0,0.0,Flat,0.0,,0.0,,0.0,Bright sun,2086201,0,0.0,0.0,2.0,0.0,0.0,0.0,0.0,0.0,,0.0,0.0,Wellington Region,Nil,1-way,Sealed,0.0,0.0,0,0.0,100.0,0.0,Null,0.0,0.0,,47,Wellington City,Unknown,0.0,0.0,0.0,0.0,0.0,0.0,Open,0.0,0.0,0.0,Fine,Null,0
67552445,,573101,1.0,,0.0,0.0,,Null,2014/2015,KENT TERRACE,MAJORIBANKS ST,,Non-Injury Crash,No,2015,,South,,0,,Flat,,,,,,Bright sun,2135700,0,0.0,0.0,3.0,,,0.0,,,,,,Wellington Region,Nil,2-way,Sealed,,0.0,0,,50.0,,Off,0.0,0.0,,47,Wellington City,Traffic Signals,,,,,1.0,0.0,Urban,0.0,,,Fine,Null,0
67552456,,573400,0.0,,0.0,2.0,,North,2017/2018,EARLS TERRACE,MAJORIBANKS ST,,Non-Injury Crash,No,2018,,South,,0,,Flat,,,,,,Dark,2139500,0,0.0,0.0,2.0,,,0.0,,,,,,Wellington Region,Nil,2-way,Sealed,,0.0,0,,50.0,,On,0.0,0.0,,47,Wellington City,Unknown,,,,,0.0,0.0,Urban,0.0,,,Fine,Null,0
67552462,,573101,1.0,,0.0,1.0,,Null,2015/2016,VICTORIA ST,WAKEFIELD ST,,Non-Injury Crash,No,2015,,South,,0,,Flat,,,,,,Overcast,2130900,0,0.0,0.0,2.0,,,0.0,,,,,,Wellington Region,Nil,1-way,Sealed,,0.0,0,,50.0,,Null,0.0,0.0,,47,Wellington City,Traffic Signals,,,,,0.0,0.0,Urban,0.0,,,Fine,Null,0
67552470,,577500,0.0,,0.0,2.0,,Null,2014/2015,DUNDAS ST,INGLIS ST,,Non-Injury Crash,No,2015,,North,,0,,Flat,,,,,,Bright sun,2210900,0,0.0,0.0,2.0,,,0.0,,,,,,Wellington Region,Nil,2-way,Sealed,,0.0,0,,50.0,,Null,0.0,0.0,,47,Wellington City,Give way,,,,,0.0,0.0,Urban,0.0,,,Fine,Null,0
67552494,,577200,0.0,0.0,0.0,1.0,0.0,West,2015/2016,CALEDONIA ST,KAURI ST,,Non-Injury Crash,No,2015,0.0,East,0.0,0,0.0,Flat,0.0,,0.0,,0.0,Overcast,2206900,0,0.0,0.0,2.0,0.0,0.0,0.0,0.0,1.0,,0.0,0.0,Wellington Region,Nil,2-way,Sealed,0.0,0.0,0,0.0,50.0,0.0,Off,1.0,0.0,,47,Wellington City,Nil,0.0,0.0,0.0,0.0,0.0,0.0,Urban,0.0,0.0,0.0,Fine,Null,0
67552516,,576700,0.0,0.0,0.0,1.0,1.0,Null,2018/2019,ROSENEATH TCE,THANE ROAD,,Non-Injury Crash,No,2019,0.0,South,0.0,0,0.0,Flat,0.0,,0.0,,0.0,Bright sun,2184000,0,0.0,0.0,2.0,0.0,0.0,0.0,0.0,0.0,,0.0,0.0,Wellington Region,Nil,2-way,Sealed,0.0,0.0,0,0.0,50.0,0.0,Off,0.0,0.0,,47,Wellington City,Unknown,0.0,0.0,0.0,1.0,0.0,0.0,Urban,0.0,0.0,0.0,Fine,Null,0
67552556,,576700,0.0,,0.0,2.0,,North,2014/2015,MAIDA VALE ROAD,EVANS BAY PARADE,,Minor Crash,No,2015,,South,,0,,Hill Road,,,,,,Bright sun,2186500,1,0.0,0.0,2.0,,,0.0,,,,,,Wellington Region,Nil,2-way,Sealed,,0.0,0,,50.0,,Null,0.0,0.0,,47,Wellington City,Unknown,,,,,0.0,0.0,Urban,0.0,,,Fine,Null,0
67552613,,577000,0.0,0.0,0.0,1.0,0.0,North,2014/2015,SUTHERLAND ROAD,CARLTON ST,,Non-Injury Crash,No,2015,0.0,North,0.0,0,0.0,Flat,0.0,,0.0,,0.0,Bright sun,2174100,0,0.0,0.0,2.0,0.0,0.0,0.0,0.0,1.0,,0.0,0.0,Wellington Region,Nil,2-way,Sealed,0.0,0.0,0,0.0,50.0,0.0,Off,0.0,0.0,,47,Wellington City,Nil,0.0,0.0,0.0,0.0,0.0,0.0,Urban,1.0,0.0,0.0,Fine,Null,0
67552699,,573300,0.0,,0.0,2.0,,Null,2018/2019,WEBB ST,TARANAKI ST,,Minor Crash,No,2018,,North,,0,,Flat,,,,,,Bright sun,2145300,1,0.0,0.0,2.0,,,0.0,,,,,,Wellington Region,Nil,2-way,Sealed,,0.0,0,,50.0,,Null,0.0,0.0,,47,Wellington City,Traffic Signals,,,,,0.0,0.0,Urban,0.0,,,Fine,Null,0
67552707,,576500,0.0,,0.0,1.0,,Null,2018/2019,ADELAIDE ROAD,KING STREET,,Minor Crash,No,2019,,North,,0,,Flat,,,,,,Twilight,2148202,1,1.0,0.0,2.0,,,0.0,,,,,,Wellington Region,Nil,2-way,Sealed,,0.0,0,,50.0,,On,0.0,0.0,,47,Wellington City,Give way,,,,,0.0,0.0,Urban,0.0,,,Fine,Null,0
67552783,,575702,0.0,,1.0,1.0,,North,2018/2019,MCCOLL ST,BALFOUR ST,,Non-Injury Crash,No,2018,,South,,0,,Hill Road,,,,,,Bright sun,2199200,0,0.0,0.0,2.0,,,0.0,,,,,,Wellington Region,Nil,2-way,Sealed,,0.0,0,,50.0,,Null,0.0,0.0,,47,Wellington City,Unknown,,,,,0.0,0.0,Urban,0.0,,,Fine,Null,0
67552853,,574900,0.0,0.0,0.0,2.0,0.0,North,2014/2015,KARORI ROAD,ALLINGTON ROAD,,Non-Injury Crash,No,2015,0.0,South,0.0,0,0.0,Flat,0.0,,0.0,,0.0,Dark,2109202,0,0.0,0.0,2.0,0.0,0.0,0.0,0.0,1.0,,0.0,0.0,Wellington Region,Nil,2-way,Sealed,0.0,0.0,0,0.0,50.0,0.0,On,0.0,0.0,,47,Wellington City,Unknown,0.0,0.0,0.0,0.0,0.0,0.0,Urban,0.0,0.0,0.0,Fine,Null,0
67552876,,574002,0.0,,0.0,2.0,,South,2014/2015,SH 2,SERVICE STN STH,,Non-Injury Crash,Yes,2015,,North,,0,,Flat,,,,,,Dark,2078302,0,0.0,0.0,4.0,,,0.0,,,,,,Wellington Region,Nil,2-way,Sealed,,0.0,0,,100.0,,On,0.0,0.0,,47,Wellington City,Nil,,,,,0.0,0.0,Open,0.0,,,Light rain,Null,0
67552956,,575901,0.0,0.0,0.0,1.0,0.0,South,2014/2015,OHIRO ROAD,BORLASE ST,,Non-Injury Crash,No,2015,0.0,South,0.0,0,1.0,Hill Road,0.0,,1.0,,0.0,Bright sun,2187306,0,0.0,0.0,2.0,0.0,0.0,0.0,0.0,0.0,,0.0,0.0,Wellington Region,Nil,2-way,Sealed,0.0,0.0,0,0.0,50.0,0.0,Null,0.0,0.0,,47,Wellington City,Unknown,0.0,0.0,0.0,0.0,0.0,0.0,Urban,0.0,0.0,0.0,Fine,Null,0
67552959,,574002,0.0,,1.0,1.0,,North,2018/2019,CENTENNIAL HIGHWAY,HUTT ROAD ON RAMP,,Non-Injury Crash,No,2018,,South,,0,,Flat,,,,,,Bright sun,2078302,0,0.0,0.0,4.0,,,0.0,,,,,,Wellington Region,Nil,2-way,Sealed,,0.0,0,,80.0,,Off,0.0,0.0,,47,Wellington City,Unknown,,,,,0.0,0.0,Open,0.0,,,Fine,Null,0
67553004,,573901,0.0,0.0,0.0,1.0,0.0,South,2015/2016,BRACKEN ROAD,KAHIKATEA GROVE,,Non-Injury Crash,No,2015,0.0,South,0.0,0,1.0,Flat,0.0,,0.0,,0.0,Bright sun,2074100,0,0.0,0.0,2.0,0.0,0.0,0.0,0.0,0.0,,0.0,0.0,Wellington Region,Nil,2-way,Sealed,0.0,0.0,0,0.0,50.0,0.0,Off,0.0,0.0,,47,Wellington City,Unknown,0.0,0.0,0.0,1.0,0.0,0.0,Urban,0.0,0.0,0.0,Fine,Null,0
67553031,,572600,0.0,,0.0,0.0,,Null,2018/2019,DUNCAN STREET,STEPHEN STREET,,Minor Crash,No,2019,,North,,0,,Flat,,,,,,Dark,1992500,1,0.0,1.0,2.0,,,0.0,,,,,,Wellington Region,Nil,2-way,Sealed,,0.0,0,,50.0,,On,0.0,0.0,,47,Wellington City,Give way,,,,,0.0,0.0,Urban,0.0,,,Fine,Null,0
67553045,,575902,0.0,0.0,0.0,0.0,0.0,South,2015/2016,OHIRO ROAD,STOCK ST,,Serious Crash,No,2015,0.0,South,0.0,0,0.0,Flat,0.0,,0.0,,0.0,Dark,2187307,0,0.0,0.0,2.0,0.0,1.0,0.0,0.0,0.0,,0.0,0.0,Wellington Region,Nil,2-way,Sealed,0.0,0.0,1,0.0,70.0,0.0,On,0.0,0.0,,47,Wellington City,Unknown,0.0,0.0,0.0,0.0,0.0,0.0,Urban,1.0,0.0,0.0,Fine,Null,0
67553047,,577200,1.0,,0.0,1.0,,Null,2017/2018,MIRAMAR AVENUE,PORTSMOUTH ROAD,,Non-Injury Crash,No,2018,,West,,0,,Flat,,,,,,Twilight,2206200,0,0.0,0.0,2.0,,,0.0,,,,,,Wellington Region,Nil,2-way,Sealed,,0.0,0,,30.0,,Null,0.0,0.0,,47,Wellington City,Give way,,,,,0.0,0.0,Urban,0.0,,,Fine,Null,0
67553055,,573000,0.0,0.0,0.0,1.0,0.0,North,2018/2019,WILLIS STREET,DIXON STREET,,Non-Injury Crash,No,2018,0.0,North,0.0,0,0.0,Hill Road,0.0,,0.0,,0.0,Overcast,2129100,0,0.0,1.0,2.0,0.0,0.0,0.0,0.0,1.0,,0.0,0.0,Wellington Region,Nil,2-way,Sealed,0.0,0.0,0,0.0,50.0,0.0,Off,0.0,0.0,,47,Wellington City,Unknown,0.0,0.0,0.0,0.0,0.0,0.0,Urban,0.0,0.0,0.0,Light rain,Null,0
67553085,,576400,0.0,,0.0,2.0,,South,2014/2015,MANSFIELD ST,ROY ST,,Non-Injury Crash,No,2015,,South,,0,,Flat,,,,,,Overcast,2170901,0,0.0,0.0,2.0,,,0.0,,,,,,Wellington Region,Nil,2-way,Sealed,,0.0,0,,50.0,,Off,0.0,0.0,,47,Wellington City,Nil,,,,,0.0,0.0,Urban,0.0,,,Light rain,Null,0
67553171,,575200,0.0,0.0,0.0,2.0,0.0,North,2018/2019,CRIEFF ST,GLENMORE ST,,Minor Crash,No,2018,0.0,East,0.0,0,0.0,Hill Road,0.0,,0.0,,0.0,Dark,2150200,1,0.0,0.0,1.0,0.0,0.0,0.0,1.0,1.0,,0.0,0.0,Wellington Region,Nil,2-way,Sealed,0.0,0.0,0,0.0,50.0,0.0,On,0.0,0.0,,47,Wellington City,Unknown,0.0,0.0,0.0,0.0,0.0,0.0,Urban,0.0,0.0,0.0,Fine,Null,0
67553284,,576700,0.0,0.0,0.0,1.0,0.0,South,2015/2016,GRAFTON ROAD,PALLISER ROAD,,Non-Injury Crash,No,2015,0.0,North,0.0,0,0.0,Hill Road,0.0,,0.0,,0.0,Bright sun,2186300,0,0.0,0.0,2.0,0.0,0.0,0.0,0.0,1.0,,0.0,0.0,Wellington Region,Nil,2-way,Sealed,0.0,0.0,0,0.0,70.0,0.0,Null,1.0,0.0,,47,Wellington City,Nil,0.0,0.0,0.0,0.0,0.0,0.0,Urban,0.0,0.0,0.0,Fine,Null,0
67553299,,573400,0.0,0.0,0.0,2.0,0.0,West,2018/2019,ELLICE ST,PORRITT AVENUE,,Minor Crash,No,2018,0.0,West,0.0,0,0.0,Flat,0.0,,0.0,,0.0,Twilight,2142700,1,0.0,0.0,2.0,0.0,0.0,0.0,0.0,0.0,,0.0,0.0,Wellington Region,Nil,2-way,Sealed,0.0,0.0,0,0.0,50.0,0.0,On,0.0,0.0,,47,Wellington City,Unknown,0.0,0.0,0.0,0.0,0.0,0.0,Urban,0.0,1.0,0.0,Fine,Null,0