OBJECTID,advisorySpeed,areaUnitID,bicycle,bridge,bus,carStationWagon,cliffBank,crashDirectionDescription,crashFinancialYear,crashLocation1,crashLocation2,crashRoadSideRoad,crashSeverity,crashSHDescription,crashYear,debris,directionRoleDescription,ditch,fatalCount,fence,flatHill,guardRail,holiday,houseOrBuilding,intersection,kerb,light,meshblockId,minorInjuryCount,moped,motorcycle,NumberOfLanes,objectThrownOrDropped,otherObject,otherVehicleType,overBank,parkedVehicle,pedestrian,phoneBoxEtc,postOrPole,region,roadCharacter,roadLane,roadSurface,roadworks,schoolBus,seriousInjuryCount,slipOrFlood,speedLimit,strayAnimal,streetLight,suv,taxi,temporarySpeedLimit,tlaId,tlaName,trafficControl,trafficIsland,trafficSign,train,tree,truck,unknownVehicleType,urban,vanOrUtility,vehicle,waterRiver,weatherA,weatherB,if_pandemic
67553383,,575800,0.0,,0.0,2.0,,South,2018/2019,HALIFAX ST,BRETON GROVE,,Non-Injury Crash,No,2018,,West,,0,,Hill Road,,,,,,Dark,2197301,0,0.0,0.0,2.0,,,0.0,,,,,,Wellington Region,Nil,2-way,Sealed,,0.0,0,,50.0,,On,0.0,0.0,,47,Wellington City,Unknown,,,,,0.0,0.0,Urban,0.0,,,Light rain,Null,0
67553436,,577200,0.0,0.0,0.0,0.0,0.0,North,2015/2016,ARGENTINE AVENUE,DEVONSHIRE ROAD,,Serious Crash,No,2015,0.0,West,0.0,0,0.0,Flat,0.0,,0.0,,0.0,Bright sun,2207800,0,0.0,1.0,1.0,0.0,0.0,0.0,0.0,0.0,,0.0,1.0,Wellington Region,Nil,2-way,Sealed,0.0,0.0,1,0.0,50.0,0.0,Null,0.0,0.0,,47,Wellington City,Unknown,0.0,0.0,0.0,0.0,0.0,0.0,Urban,0.0,0.0,0.0,Fine,Null,0
67553557,,574402,1.0,,0.0,1.0,,West,2015/2016,KAIWHARAWHARA ROAD,OLD PORIRUA ROAD,,Serious Crash,No,2015,,East,,0,,Hill Road,,,,,,Bright sun,2097602,0,0.0,0.0,2.0,,,0.0,,,,,,Wellington Region,Nil,2-way,Sealed,,0.0,1,,50.0,,Null,0.0,0.0,,47,Wellington City,Unknown,,,,,0.0,0.0,Urban,0.0,,,Fine,Null,0
67553627,,573000,0.0,,1.0,0.0,,South,2018/2019,LAMBTON QUAY,GREY ST,,Minor Crash,No,2018,,South,,0,,Flat,,,,,,Bright sun,2125700,1,0.0,0.0,2.0,,,0.0,,,1.0,,,Wellington Region,Nil,2-way,Sealed,,0.0,0,,30.0,,Null,0.0,0.0,,47,Wellington City,Give way,,,,,0.0,0.0,Urban,0.0,,,Fine,Null,0
67553639,,574402,0.0,,0.0,2.0,,Null,2017/2018,CROFTON ROAD,OTTAWA ROAD,,Non-Injury Crash,No,2018,,North,,0,,Hill Road,,,,,,Bright sun,2098000,0,0.0,0.0,2.0,,,0.0,,,,,,Wellington Region,Nil,2-way,Sealed,,0.0,0,,50.0,,None,0.0,0.0,,47,Wellington City,Give way,,,,,0.0,0.0,Urban,0.0,,,Fine,Null,0
67553677,,573101,1.0,,0.0,1.0,,Null,2014/2015,CABLE ST,BARNETT ST,,Minor Crash,No,2015,,East,,0,,Flat,,,,,,Bright sun,2135200,1,0.0,0.0,2.0,,,0.0,,,,,,Wellington Region,Nil,2-way,Sealed,,0.0,0,,50.0,,Null,0.0,0.0,,47,Wellington City,Nil,,,,,0.0,0.0,Urban,0.0,,,Fine,Null,0
67553723,,576903,0.0,,0.0,2.0,,Null,2017/2018,CRAWFORD ROAD,CHILDERS TERRACE,,Non-Injury Crash,No,2018,,South,,0,,Hill Road,,,,,,Twilight,2179200,0,0.0,0.0,2.0,,,0.0,,,,,,Wellington Region,Nil,2-way,Sealed,,0.0,0,,50.0,,None,0.0,0.0,,47,Wellington City,Give way,,,,,0.0,0.0,Urban,0.0,,,Fine,Null,0
67553807,,573600,0.0,0.0,0.0,1.0,0.0,Null,2018/2019,OHARIU ROAD,BASSETT ROAD,,Non-Injury Crash,No,2018,0.0,North,0.0,0,0.0,Flat,0.0,,0.0,,0.0,Dark,2080700,0,0.0,0.0,2.0,0.0,0.0,0.0,0.0,0.0,,0.0,0.0,Wellington Region,Nil,2-way,Sealed,0.0,0.0,0,0.0,50.0,0.0,On,0.0,0.0,,47,Wellington City,Give way,1.0,0.0,0.0,0.0,0.0,0.0,Urban,0.0,0.0,0.0,Fine,Null,0
67553867,,576903,0.0,,0.0,2.0,,Null,2017/2018,EVANS BAY PARADE,BELVEDERE ROAD,,Non-Injury Crash,No,2017,,North,,0,,Flat,,,,,,Bright sun,2179800,0,0.0,0.0,2.0,,,0.0,,,,,,Wellington Region,Nil,2-way,Sealed,,0.0,0,,50.0,,Null,0.0,0.0,,47,Wellington City,Stop,,,,,0.0,0.0,Urban,0.0,,,Fine,Null,0
67554005,,577400,0.0,0.0,0.0,3.0,0.0,North,2015/2016,MASSEY ROAD,FORTIFICATION ROAD,,Minor Crash,No,2016,0.0,South,0.0,0,0.0,Flat,0.0,,0.0,,0.0,Bright sun,2200600,1,0.0,0.0,2.0,0.0,0.0,0.0,0.0,1.0,,0.0,0.0,Wellington Region,Nil,2-way,Sealed,0.0,0.0,0,0.0,40.0,0.0,Null,1.0,0.0,,47,Wellington City,Unknown,0.0,0.0,0.0,0.0,0.0,0.0,Urban,0.0,0.0,0.0,Fine,Null,0
67554211,,572900,0.0,,1.0,1.0,,North,2014/2015,THORNDON QUAY,MULGRAVE ST,,Non-Injury Crash,No,2015,,South,,0,,Flat,,,,,,Overcast,2122700,0,0.0,0.0,3.0,,,0.0,,,,,,Wellington Region,Nil,2-way,Sealed,,0.0,0,,50.0,,Off,1.0,0.0,,47,Wellington City,Nil,,,,,0.0,0.0,Urban,0.0,,,Fine,Null,0
67554251,,576301,0.0,0.0,0.0,1.0,0.0,South,2014/2015,MANLEY TERRACE,COLOMBO ST,,Non-Injury Crash,No,2015,0.0,North,0.0,0,0.0,Flat,0.0,,0.0,,0.0,Dark,2164800,0,0.0,0.0,2.0,0.0,0.0,0.0,0.0,1.0,,0.0,0.0,Wellington Region,Nil,2-way,Sealed,0.0,0.0,0,0.0,50.0,0.0,On,1.0,0.0,,47,Wellington City,Unknown,0.0,0.0,0.0,0.0,0.0,0.0,Urban,0.0,0.0,0.0,Fine,Null,0
67554252,,573101,0.0,0.0,0.0,2.0,0.0,North,2014/2015,TORY ST,COURTENAY PLACE,,Non-Injury Crash,No,2015,0.0,North,0.0,0,0.0,Flat,0.0,,0.0,,0.0,Dark,2135600,0,0.0,0.0,2.0,0.0,0.0,0.0,0.0,1.0,,0.0,0.0,Wellington Region,Nil,2-way,Sealed,0.0,0.0,0,0.0,50.0,0.0,On,0.0,0.0,,47,Wellington City,Nil,0.0,0.0,0.0,0.0,0.0,0.0,Urban,0.0,0.0,0.0,Fine,Null,0
67554270,,573513,0.0,,0.0,2.0,,Null,2018/2019,ERLESTOKE CRESCENT,AMESBURY DRIVE,,Non-Injury Crash,No,2018,,South,,0,,Hill Road,,,,,,Dark,2086722,0,0.0,0.0,2.0,,,0.0,,,,,,Wellington Region,Nil,2-way,Sealed,,0.0,0,,50.0,,On,0.0,0.0,,47,Wellington City,Nil,,,,,0.0,0.0,Urban,0.0,,,Heavy rain,Null,0
67554290,,574702,1.0,,0.0,0.0,,Null,2018/2019,WILTON ROAD,GLOUCESTER ST,,Serious Crash,No,2018,,East,,0,,Hill Road,,,,,,Dark,2103100,0,0.0,0.0,2.0,,,0.0,,,,,,Wellington Region,Nil,2-way,Sealed,,0.0,1,,50.0,,On,0.0,0.0,,47,Wellington City,Nil,,,,,1.0,0.0,Urban,0.0,,,Fine,Strong wind,0
67554396,,573000,0.0,,0.0,2.0,,South,2014/2015,SH 1N,BOULCOTT OBR,,Non-Injury Crash,Yes,2015,,South,,0,,Flat,,,,,,Dark,2126700,0,0.0,0.0,3.0,,,0.0,,,,,,Wellington Region,Nil,1-way,Sealed,,0.0,0,,100.0,,On,0.0,0.0,80.0,47,Wellington City,Nil,,,,,0.0,0.0,Open,0.0,,,Fine,Null,0
67554467,,576002,0.0,,0.0,1.0,,South,2016/2017,WITHAM ST,MELROSE ROAD,,Minor Crash,No,2016,,North,,0,,Flat,,Christmas New Year,,,,Overcast,2194101,1,0.0,1.0,2.0,,,0.0,,,,,,Wellington Region,Nil,2-way,Sealed,,0.0,0,,50.0,,Null,0.0,0.0,,47,Wellington City,Unknown,,,,,0.0,0.0,Urban,0.0,,,Fine,Null,0
67554586,,573101,0.0,0.0,1.0,1.0,0.0,East,2017/2018,COURTENAY PLACE,TARANAKI ST,,Non-Injury Crash,No,2018,0.0,East,0.0,0,0.0,Flat,0.0,,0.0,,0.0,Overcast,2135600,0,0.0,0.0,1.0,0.0,0.0,0.0,0.0,1.0,,0.0,0.0,Wellington Region,Nil,1-way,Sealed,0.0,0.0,0,0.0,30.0,0.0,Null,0.0,0.0,,47,Wellington City,Unknown,0.0,0.0,0.0,0.0,0.0,0.0,Urban,0.0,0.0,0.0,Fine,Null,0
67554652,,573101,0.0,,0.0,1.0,,Null,2014/2015,SH 1N VIVIAN ST,TARANAKI ST,,Non-Injury Crash,Yes,2015,,East,,0,,Hill Road,,,,,,Overcast,2133800,0,0.0,0.0,2.0,,,0.0,,,,,,Wellington Region,Nil,1-way,Sealed,,0.0,0,,50.0,,Null,0.0,0.0,,47,Wellington City,Traffic Signals,,,,,1.0,0.0,Urban,0.0,,,Fine,Null,0
67554678,,572701,0.0,,0.0,2.0,,North,2017/2018,TREMEWAN ST,Roberts Street,,Non-Injury Crash,No,2018,,South,,0,,Hill Road,,,,,,Unknown,1995500,0,0.0,0.0,2.0,,,0.0,,,,,,Wellington Region,Nil,2-way,Sealed,,0.0,0,,50.0,,Null,0.0,0.0,,47,Wellington City,Nil,,,,,0.0,0.0,Urban,0.0,,,Null,Null,0
67554722,,573700,0.0,0.0,0.0,1.0,0.0,Null,2017/2018,WOODLAND ROAD,PROSPECT TERRACE,,Non-Injury Crash,No,2018,0.0,South,0.0,0,1.0,Flat,0.0,,0.0,,1.0,Bright sun,2081800,0,0.0,0.0,2.0,0.0,0.0,0.0,0.0,0.0,,0.0,0.0,Wellington Region,Nil,2-way,Sealed,0.0,0.0,0,0.0,50.0,0.0,Null,0.0,0.0,,47,Wellington City,Give way,0.0,0.0,0.0,0.0,0.0,0.0,Urban,0.0,0.0,0.0,Fine,Null,0
67554940,,574303,0.0,,0.0,2.0,,West,2014/2015,SH 1N,SH 2,,Non-Injury Crash,Yes,2015,,West,,0,,Flat,,,,,,Bright sun,2090402,0,0.0,0.0,5.0,,,0.0,,,,,,Wellington Region,Nil,2-way,Sealed,,0.0,0,,100.0,,Off,0.0,0.0,,47,Wellington City,Nil,,,,,0.0,0.0,Open,0.0,,,Fine,Null,0
67554972,,573101,0.0,,0.0,0.0,,Null,2015/2016,GHUZNEE ST,TARANAKI ST,,Minor Crash,No,2015,,East,,0,,Null,,,,,,Overcast,2133408,1,0.0,1.0,2.0,,,0.0,,,1.0,,,Wellington Region,Nil,2-way,Sealed,,0.0,0,,50.0,,Null,0.0,0.0,,47,Wellington City,Traffic Signals,,,,,0.0,0.0,Urban,0.0,,,Fine,Null,0
67554979,,574900,0.0,0.0,0.0,1.0,0.0,West,2015/2016,KARORI ROAD,NATALIE WAY,,Non-Injury Crash,No,2015,0.0,East,0.0,0,1.0,Flat,0.0,,0.0,,0.0,Dark,2109202,0,0.0,0.0,2.0,0.0,0.0,0.0,0.0,0.0,,0.0,0.0,Wellington Region,Nil,2-way,Sealed,0.0,0.0,0,0.0,50.0,0.0,On,0.0,0.0,,47,Wellington City,Unknown,0.0,0.0,0.0,0.0,0.0,0.0,Urban,0.0,0.0,0.0,Fine,Null,0
67554995,,572900,0.0,0.0,0.0,0.0,0.0,East,2014/2015,BUNNY ST,FEATHERSTON ST,,Non-Injury Crash,No,2015,0.0,West,0.0,0,0.0,Flat,0.0,,0.0,,1.0,Bright sun,2122700,0,0.0,0.0,2.0,0.0,0.0,1.0,0.0,0.0,,0.0,0.0,Wellington Region,Nil,2-way,Sealed,0.0,0.0,0,0.0,50.0,0.0,Null,0.0,0.0,,47,Wellington City,Unknown,0.0,0.0,0.0,0.0,0.0,0.0,Urban,1.0,0.0,0.0,Fine,Null,0
67555006,,574302,0.0,0.0,0.0,0.0,0.0,East,2017/2018,NICHOLSON ROAD,TORWOOD ROAD,,Non-Injury Crash,No,2017,0.0,East,0.0,0,0.0,Hill Road,0.0,,0.0,,0.0,Bright sun,2092700,0,0.0,0.0,2.0,0.0,0.0,0.0,0.0,1.0,,0.0,0.0,Wellington Region,Nil,2-way,Sealed,0.0,0.0,0,0.0,50.0,0.0,Null,1.0,0.0,,47,Wellington City,Unknown,0.0,0.0,0.0,0.0,1.0,0.0,Urban,0.0,0.0,0.0,Fine,Null,0
67555035,,574001,0.0,0.0,0.0,1.0,0.0,South,2014/2015,BLACK ROCK ROAD,GLANMIRE ROAD,,Non-Injury Crash,No,2015,0.0,South,0.0,0,0.0,Hill Road,0.0,,0.0,,0.0,Bright sun,2077700,0,0.0,0.0,2.0,0.0,0.0,0.0,0.0,1.0,,0.0,0.0,Wellington Region,Nil,2-way,Sealed,0.0,0.0,0,0.0,50.0,0.0,Null,1.0,0.0,,47,Wellington City,Nil,0.0,0.0,0.0,0.0,0.0,0.0,Urban,0.0,0.0,0.0,Fine,Null,0
67555162,45.0,575300,0.0,,0.0,2.0,,South,2017/2018,GLENMORE ST,KELBURN VIADUCT,,Non-Injury Crash,No,2018,,West,,0,,Hill Road,,,,,,Bright sun,2152600,0,0.0,0.0,2.0,,,0.0,,,,,,Wellington Region,Nil,2-way,Sealed,,0.0,0,,50.0,,Null,0.0,0.0,,47,Wellington City,Unknown,,,,,0.0,0.0,Urban,0.0,,,Fine,Null,0
67555190,,574100,1.0,,0.0,0.0,,North,2018/2019,BURMA ROAD,JOHN SIMS DRIVE,,Serious Crash,No,2018,,South,,0,,Flat,,,,,,Bright sun,2085303,0,0.0,0.0,2.0,,,0.0,,,,,,Wellington Region,Nil,2-way,Sealed,,0.0,1,,50.0,,Null,0.0,0.0,,47,Wellington City,Unknown,,,,,0.0,0.0,Urban,1.0,,,Fine,Null,0
67555219,,572500,0.0,,0.0,2.0,,Null,2015/2016,MAIN ROAD,REDWOOD AVENUE N,,Non-Injury Crash,No,2015,,North,,0,,Flat,,,,,,Bright sun,1986300,0,0.0,0.0,2.0,,,0.0,,,,,,Wellington Region,Nil,2-way,Sealed,,0.0,0,,50.0,,Null,0.0,0.0,,47,Wellington City,Give way,,,,,0.0,0.0,Urban,0.0,,,Fine,Null,0
67555246,,573000,0.0,,0.0,2.0,,North,2017/2018,WILLIS ST,ABEL SMITH ST,,Non-Injury Crash,No,2018,,North,,0,,Flat,,,,,,Overcast,2130200,0,0.0,0.0,2.0,,,0.0,,,,,,Wellington Region,Nil,1-way,Sealed,,0.0,0,,50.0,,Null,0.0,0.0,,47,Wellington City,Unknown,,,,,0.0,0.0,Urban,0.0,,,Light rain,Strong wind,0
67555332,,573101,0.0,,0.0,2.0,,Null,2014/2015,SH 1N VIVIAN ST,VICTORIA ST,,Non-Injury Crash,Yes,2015,,East,,0,,Flat,,,,,,Overcast,2131600,0,0.0,0.0,2.0,,,0.0,,,,,,Wellington Region,Nil,1-way,Sealed,,0.0,0,,50.0,,Off,0.0,0.0,,47,Wellington City,Traffic Signals,,,,,0.0,0.0,Urban,0.0,,,Fine,Null,0
67555390,,574002,0.0,,0.0,0.0,,North,2017/2018,SH 1N,CENTENNIAL SBD,,Minor Crash,Yes,2018,,South,,0,,Hill Road,,,,,,Overcast,2078304,2,0.0,0.0,6.0,,,0.0,,,,,,Wellington Region,Nil,2-way,Sealed,,0.0,0,,80.0,,Null,1.0,0.0,,47,Wellington City,Unknown,,,,,0.0,0.0,Open,2.0,,,Fine,Null,0
67555402,,576400,0.0,,0.0,2.0,,West,2017/2018,CONSTABLE ST,ALEXANDRA ROAD,,Non-Injury Crash,No,2018,,West,,0,,Hill Road,,,,,,Dark,2169600,0,0.0,0.0,2.0,,,0.0,,,,,,Wellington Region,Nil,2-way,Sealed,,0.0,0,,50.0,,On,0.0,0.0,,47,Wellington City,Unknown,,,,,0.0,0.0,Urban,0.0,,,Fine,Null,0
67555418,,576400,0.0,0.0,0.0,2.0,0.0,South,2017/2018,COROMANDEL ST,CONSTABLE ST,,Non-Injury Crash,No,2018,0.0,North,0.0,0,0.0,Flat,0.0,,0.0,,0.0,Overcast,2169800,0,0.0,0.0,2.0,0.0,0.0,0.0,0.0,1.0,,0.0,0.0,Wellington Region,Nil,2-way,Sealed,0.0,0.0,0,0.0,50.0,0.0,Null,0.0,0.0,,47,Wellington City,Traffic Signals,0.0,0.0,0.0,0.0,0.0,0.0,Urban,0.0,0.0,0.0,Fine,Null,0
67555419,,573700,0.0,,0.0,2.0,,South,2014/2015,JOHNSONVILLE ROAD,MOOREFIELD ROAD,,Minor Crash,No,2015,,South,,0,,Hill Road,,,,,,Dark,2082800,1,0.0,0.0,2.0,,,0.0,,,,,,Wellington Region,Nil,2-way,Sealed,,0.0,0,,50.0,,On,0.0,0.0,,47,Wellington City,Give way,,,,,0.0,0.0,Urban,0.0,,,Fine,Null,0
67555420,,572500,0.0,0.0,0.0,2.0,0.0,North,2015/2016,MAIN ROAD,REDWOOD AVENUE S,,Non-Injury Crash,No,2015,0.0,South,0.0,0,0.0,Flat,0.0,,0.0,,0.0,Bright sun,1986300,0,0.0,0.0,2.0,0.0,0.0,0.0,0.0,1.0,,0.0,0.0,Wellington Region,Nil,2-way,Sealed,0.0,0.0,0,0.0,50.0,0.0,Null,0.0,0.0,,47,Wellington City,Nil,0.0,0.0,0.0,0.0,0.0,0.0,Urban,0.0,0.0,0.0,Fine,Null,0
67555442,,573101,0.0,,0.0,1.0,,Null,2017/2018,SH 1N,VICTORIA ST,,Non-Injury Crash,Yes,2018,,North,,0,,Flat,,,,,,Bright sun,2132400,0,0.0,0.0,3.0,,,0.0,,,,,,Wellington Region,Nil,1-way,Sealed,,0.0,0,,50.0,,Null,1.0,0.0,,47,Wellington City,Traffic Signals,,,,,0.0,0.0,Urban,0.0,,,Fine,Null,0
67555563,,573101,0.0,,0.0,2.0,,Null,2014/2015,COURTENAY PLACE,CAMBRIDGE TERRACE,,Non-Injury Crash,No,2015,,West,,0,,Flat,,,,,,Dark,2135700,0,0.0,0.0,3.0,,,0.0,,,,,,Wellington Region,Nil,2-way,Sealed,,0.0,0,,50.0,,On,0.0,0.0,,47,Wellington City,Traffic Signals,,,,,0.0,0.0,Urban,0.0,,,Heavy rain,Null,0
67555630,,574302,0.0,,0.0,0.0,,East,2018/2019,HUTT RD,RANGIORA AVENUE,,Minor Crash,No,2019,,North,,0,,Flat,,,,,,Bright sun,2090604,1,0.0,1.0,5.0,,,0.0,,,,,,Wellington Region,Nil,2-way,Sealed,,0.0,0,,60.0,,Off,0.0,0.0,,47,Wellington City,Unknown,,,,,0.0,0.0,Urban,1.0,,,Fine,Null,0
67555643,,573513,0.0,0.0,0.0,2.0,0.0,Null,2015/2016,HALSWATER DRIVE,DORMAR PLACE,,Non-Injury Crash,No,2015,0.0,East,0.0,0,0.0,Flat,0.0,,0.0,,0.0,Bright sun,2086605,0,0.0,0.0,2.0,0.0,0.0,0.0,0.0,1.0,,0.0,0.0,Wellington Region,Nil,2-way,Sealed,0.0,0.0,0,0.0,50.0,0.0,Off,0.0,0.0,,47,Wellington City,Nil,0.0,0.0,0.0,0.0,0.0,0.0,Urban,0.0,0.0,0.0,Fine,Null,0
67555691,,573101,0.0,,0.0,1.0,,North,2015/2016,SH 1N,BUCKLE ST,,Non-Injury Crash,Yes,2015,,South,,0,,Flat,,,,,,Overcast,2137000,0,0.0,0.0,3.0,,,0.0,,,,,,Wellington Region,Nil,1-way,Sealed,,0.0,0,,50.0,,Null,0.0,0.0,,47,Wellington City,Unknown,,,,,1.0,0.0,Urban,0.0,,,Fine,Null,0
67555734,,574402,0.0,,0.0,2.0,,Null,2018/2019,OTTAWA ROAD,CROFTON ROAD,,Non-Injury Crash,No,2018,,South,,0,,Flat,,,,,,Overcast,2097700,0,0.0,0.0,2.0,,,0.0,,,,,,Wellington Region,Nil,2-way,Sealed,,0.0,0,,50.0,,Null,0.0,0.0,,47,Wellington City,Give way,,,,,0.0,0.0,Urban,0.0,,,Fine,Null,0
67555786,,575000,0.0,0.0,0.0,2.0,0.0,South,2018/2019,LANCASTER ST,KARORI ROAD,,Non-Injury Crash,No,2018,0.0,North,0.0,0,0.0,Flat,0.0,,0.0,,0.0,Dark,2111500,0,0.0,0.0,2.0,0.0,0.0,0.0,0.0,1.0,,0.0,0.0,Wellington Region,Nil,2-way,Sealed,0.0,0.0,0,0.0,50.0,0.0,On,0.0,0.0,,47,Wellington City,Unknown,0.0,0.0,0.0,0.0,0.0,0.0,Urban,0.0,0.0,0.0,Fine,Null,0
67555867,,573525,0.0,,0.0,1.0,,South,2015/2016,TAWA OFF SBD,SH 1N,,Minor Crash,No,2015,,East,,0,,Flat,,,,,,Dark,2053830,1,0.0,0.0,2.0,,,0.0,,,,,,Wellington Region,Motorway ramp,2-way,Sealed,,0.0,0,,100.0,,On,0.0,0.0,,47,Wellington City,Unknown,,,,,0.0,0.0,Open,0.0,,,Fine,Null,0
67555876,,576800,0.0,,0.0,0.0,,Null,2015/2016,WAITOA ROAD,MOXHAM AVENUE,,Minor Crash,No,2016,,North,,0,,Flat,,,,,,Bright sun,2182100,1,0.0,0.0,2.0,,,0.0,,,1.0,,,Wellington Region,Nil,2-way,Sealed,,0.0,0,,50.0,,Off,0.0,0.0,,47,Wellington City,Give way,,,,,0.0,0.0,Urban,1.0,,,Fine,Null,0
67555910,,573101,0.0,,0.0,0.0,,Null,2017/2018,CAMBRIDGE TERRACE,SH 1N,,Minor Crash,Yes,2018,,North,,0,,Flat,,,,,,Dark,2136700,1,0.0,1.0,3.0,,,0.0,,,,,,Wellington Region,Nil,1-way,Sealed,,0.0,0,,50.0,,On,0.0,0.0,,47,Wellington City,Traffic Signals,,,,,0.0,0.0,Urban,0.0,,,Fine,Null,0
67555946,,576001,0.0,,0.0,1.0,,East,2017/2018,THE ESPLANADE,SEVERN ST,,Non-Injury Crash,No,2017,,West,,0,,Flat,,,,,,Bright sun,2189200,0,0.0,0.0,2.0,,,0.0,,,,,,Wellington Region,Nil,2-way,Sealed,,0.0,0,,50.0,,Null,1.0,0.0,,47,Wellington City,Nil,,,,,0.0,0.0,Urban,0.0,,,Fine,Null,0
67555980,,573300,0.0,0.0,0.0,2.0,0.0,West,2014/2015,ROLLESTON ST,WALLACE ST,,Non-Injury Crash,No,2015,0.0,East,0.0,0,0.0,Hill Road,0.0,,0.0,,0.0,Bright sun,2146500,0,0.0,0.0,2.0,0.0,0.0,0.0,0.0,1.0,,0.0,0.0,Wellington Region,Nil,2-way,Sealed,0.0,0.0,0,0.0,50.0,0.0,Off,0.0,0.0,,47,Wellington City,Nil,0.0,0.0,0.0,0.0,0.0,0.0,Urban,0.0,0.0,0.0,Fine,Null,0
67556139,,576001,1.0,,0.0,1.0,,Null,2015/2016,THE PARADE,MERSEY ST,,Minor Crash,No,2016,,West,,0,,Flat,,,,,,Bright sun,2190500,1,0.0,0.0,2.0,,,0.0,,,,,,Wellington Region,Nil,2-way,Sealed,,0.0,0,,50.0,,Null,0.0,0.0,,47,Wellington City,Stop,,,,,0.0,0.0,Urban,0.0,,,Fine,Null,0
67556142,,577102,0.0,,0.0,0.0,,Null,2017/2018,BEACON HILL ROAD,TANNADYCE ST,,Minor Crash,No,2018,,North,,0,,Hill Road,,,,,,Overcast,2213400,1,0.0,1.0,2.0,,,0.0,,,,,,Wellington Region,Nil,2-way,Sealed,,0.0,0,,50.0,,Null,1.0,0.0,,47,Wellington City,Give way,,,,,0.0,0.0,Urban,0.0,,,Fine,Null,0
67556150,,574303,0.0,,0.0,1.0,,Null,2017/2018,SH 1N,TYERS ROAD,,Non-Injury Crash,Yes,2017,,West,,0,,Hill Road,,,,,,Overcast,2088705,0,0.0,0.0,3.0,,,0.0,,,,,,Wellington Region,Nil,1-way,Sealed,,0.0,0,,100.0,,Null,0.0,0.0,,47,Wellington City,Nil,,,,,0.0,0.0,Open,1.0,,,Light rain,Null,0
67556236,,573101,0.0,0.0,0.0,2.0,0.0,Null,2015/2016,CUBA ST,SH 1N VIVAN ST,,Non-Injury Crash,Yes,2015,0.0,East,0.0,0,0.0,Flat,0.0,,0.0,,0.0,Overcast,2132100,0,0.0,0.0,2.0,0.0,0.0,0.0,0.0,1.0,,0.0,0.0,Wellington Region,Nil,2-way,Sealed,0.0,0.0,0,0.0,50.0,0.0,Off,0.0,0.0,,47,Wellington City,Traffic Signals,0.0,0.0,0.0,0.0,0.0,0.0,Urban,0.0,0.0,0.0,Fine,Null,0
67556291,,573400,1.0,,0.0,0.0,,West,2015/2016,MAJORIBANKS ST,EARLS TERRACE,,Serious Crash,No,2016,,West,,0,,Hill Road,,,,,,Bright sun,2139400,0,0.0,0.0,2.0,,,0.0,,,,,,Wellington Region,Nil,2-way,Sealed,,0.0,1,,50.0,,Null,0.0,0.0,,47,Wellington City,Nil,,,,,0.0,0.0,Urban,0.0,,,Fine,Null,0
67556356,,576400,0.0,,0.0,2.0,,Null,2014/2015,MANSFIELD ST,ROY ST,,Non-Injury Crash,No,2015,,North,,0,,Flat,,,,,,Bright sun,2170600,0,0.0,0.0,2.0,,,0.0,,,,,,Wellington Region,Nil,2-way,Sealed,,0.0,0,,50.0,,Null,0.0,0.0,,47,Wellington City,Give way,,,,,0.0,0.0,Urban,0.0,,,Fine,Null,0
67556362,,572500,0.0,,0.0,2.0,,Null,2017/2018,BOSCOBEL LANE,MAIN ROAD,,Non-Injury Crash,No,2018,,South,,0,,Flat,,,,,,Bright sun,2053701,0,0.0,0.0,2.0,,,0.0,,,,,,Wellington Region,Nil,2-way,Sealed,,0.0,0,,50.0,,Null,0.0,0.0,,47,Wellington City,Give way,,,,,0.0,0.0,Urban,0.0,,,Fine,Null,0
67556427,,576901,0.0,0.0,0.0,2.0,0.0,West,2014/2015,COUTTS ST,ONEPU ROAD,,Non-Injury Crash,No,2015,0.0,West,0.0,0,0.0,Flat,0.0,,0.0,,0.0,Overcast,2178500,0,0.0,0.0,,0.0,0.0,0.0,0.0,1.0,,0.0,0.0,Wellington Region,Nil,Null,Sealed,0.0,0.0,0,0.0,50.0,0.0,Null,0.0,0.0,,47,Wellington City,Unknown,0.0,0.0,0.0,0.0,0.0,0.0,Urban,0.0,0.0,0.0,Fine,Null,0
67556435,,572701,0.0,0.0,0.0,1.0,0.0,South,2015/2016,HINAU ST,COLLINS AVENUE,,Non-Injury Crash,No,2015,0.0,North,0.0,0,0.0,Flat,0.0,,0.0,,0.0,Bright sun,1993400,0,0.0,0.0,2.0,0.0,0.0,0.0,0.0,0.0,,0.0,1.0,Wellington Region,Nil,2-way,Sealed,0.0,0.0,0,0.0,50.0,0.0,Null,0.0,0.0,,47,Wellington City,Give way,0.0,1.0,0.0,0.0,0.0,0.0,Urban,0.0,0.0,0.0,Fine,Null,0
67556490,,573400,0.0,0.0,0.0,2.0,0.0,Null,2017/2018,MAJORIBANKS ST,BROUGHAM ST,,Non-Injury Crash,No,2018,0.0,East,0.0,0,0.0,Hill Road,0.0,,0.0,,0.0,Bright sun,2139900,0,0.0,0.0,2.0,0.0,0.0,0.0,0.0,1.0,,0.0,0.0,Wellington Region,Nil,2-way,Sealed,0.0,0.0,0,0.0,50.0,0.0,Null,0.0,0.0,,47,Wellington City,Give way,0.0,0.0,0.0,0.0,0.0,0.0,Urban,0.0,0.0,0.0,Fine,Null,0