OBJECTID,advisorySpeed,areaUnitID,bicycle,bridge,bus,carStationWagon,cliffBank,crashDirectionDescription,crashFinancialYear,crashLocation1,crashLocation2,crashRoadSideRoad,crashSeverity,crashSHDescription,crashYear,debris,directionRoleDescription,ditch,fatalCount,fence,flatHill,guardRail,holiday,houseOrBuilding,intersection,kerb,light,meshblockId,minorInjuryCount,moped,motorcycle,NumberOfLanes,objectThrownOrDropped,otherObject,otherVehicleType,overBank,parkedVehicle,pedestrian,phoneBoxEtc,postOrPole,region,roadCharacter,roadLane,roadSurface,roadworks,schoolBus,seriousInjuryCount,slipOrFlood,speedLimit,strayAnimal,streetLight,suv,taxi,temporarySpeedLimit,tlaId,tlaName,trafficControl,trafficIsland,trafficSign,train,tree,truck,unknownVehicleType,urban,vanOrUtility,vehicle,waterRiver,weatherA,weatherB,if_pandemic
67556491,,573101,0.0,,0.0,2.0,,South,2015/2016,CUBA ST,GHUZNEE ST,,Non-Injury Crash,No,2015,,North,,0,,Flat,,,,,,Dark,2133600,0,0.0,0.0,2.0,,,0.0,,,,,,Wellington Region,Nil,1-way,Sealed,,0.0,0,,50.0,,On,0.0,0.0,,47,Wellington City,Traffic Signals,,,,,0.0,0.0,Urban,0.0,,,Fine,Null,0
67556492,,574800,0.0,0.0,0.0,3.0,0.0,East,2015/2016,KARORI ROAD,DONALD ST,,Non-Injury Crash,No,2015,0.0,West,0.0,0,0.0,Hill Road,0.0,,0.0,,0.0,Overcast,2107900,0,0.0,0.0,2.0,0.0,0.0,0.0,0.0,1.0,,0.0,0.0,Wellington Region,Nil,2-way,Sealed,0.0,0.0,0,0.0,50.0,0.0,Null,0.0,0.0,,47,Wellington City,Unknown,0.0,0.0,0.0,0.0,0.0,0.0,Urban,0.0,0.0,0.0,Fine,Null,0
67556506,,572900,0.0,0.0,0.0,2.0,0.0,South,2017/2018,TINAKORI ROAD,UPTON TERRACE,,Non-Injury Crash,No,2018,0.0,North,0.0,0,0.0,Flat,0.0,,0.0,,0.0,Bright sun,2123200,0,0.0,0.0,2.0,0.0,0.0,0.0,0.0,1.0,,0.0,0.0,Wellington Region,Nil,2-way,Sealed,0.0,0.0,0,0.0,30.0,0.0,Null,0.0,0.0,,47,Wellington City,Unknown,0.0,0.0,0.0,0.0,0.0,0.0,Urban,0.0,0.0,0.0,Fine,Null,0
67556578,,574402,0.0,0.0,0.0,1.0,0.0,North,2017/2018,KHANDALLAH ROAD,COLWAY ST,,Non-Injury Crash,No,2018,0.0,North,0.0,0,0.0,Flat,0.0,,0.0,,0.0,Overcast,2095800,0,0.0,0.0,2.0,0.0,0.0,0.0,0.0,1.0,,0.0,0.0,Wellington Region,Nil,2-way,Sealed,0.0,0.0,0,0.0,50.0,0.0,Null,0.0,0.0,,47,Wellington City,Unknown,0.0,0.0,0.0,0.0,0.0,0.0,Urban,1.0,0.0,0.0,Fine,Null,0
67556614,,573101,0.0,,0.0,0.0,,Null,2018/2019,WAKEFIELD STREET,BLAIR STREET,,Minor Crash,No,2019,,West,,0,,Flat,,,,,,Bright sun,2135700,1,0.0,1.0,4.0,,,0.0,,,1.0,,,Wellington Region,Nil,1-way,Sealed,,0.0,0,,50.0,,Off,0.0,0.0,,47,Wellington City,Traffic Signals,,,,,0.0,0.0,Urban,0.0,,,Fine,Null,0
67556658,,576400,0.0,0.0,0.0,2.0,0.0,East,2018/2019,MEIN ST,RIDDIFORD ST,,Non-Injury Crash,No,2018,0.0,East,0.0,0,0.0,Hill Road,0.0,,0.0,,0.0,Twilight,2166900,0,0.0,0.0,2.0,0.0,0.0,0.0,0.0,1.0,,0.0,0.0,Wellington Region,Nil,2-way,Sealed,0.0,0.0,0,0.0,40.0,0.0,On,0.0,0.0,,47,Wellington City,Unknown,0.0,0.0,0.0,0.0,0.0,0.0,Urban,0.0,0.0,0.0,Fine,Null,0
67556724,,574500,1.0,0.0,0.0,1.0,0.0,North,2015/2016,CAMERON ST,KAIWHARAWHARA ROAD,,Serious Crash,No,2016,0.0,West,0.0,0,0.0,Hill Road,0.0,,0.0,,0.0,Bright sun,2093500,0,0.0,0.0,2.0,0.0,0.0,0.0,0.0,1.0,,0.0,0.0,Wellington Region,Nil,2-way,Sealed,0.0,0.0,1,0.0,50.0,0.0,Null,0.0,0.0,,47,Wellington City,Unknown,0.0,0.0,0.0,0.0,0.0,0.0,Urban,0.0,0.0,0.0,Fine,Null,0
67556726,,573300,0.0,0.0,0.0,1.0,0.0,North,2017/2018,HOPPER ST,ARLINGTON ST,,Non-Injury Crash,No,2018,0.0,North,0.0,0,0.0,Flat,0.0,,0.0,,0.0,Bright sun,2144300,0,0.0,0.0,2.0,0.0,0.0,0.0,0.0,1.0,,0.0,0.0,Wellington Region,Nil,2-way,Sealed,0.0,0.0,0,0.0,50.0,0.0,Null,1.0,0.0,,47,Wellington City,Unknown,0.0,0.0,0.0,0.0,0.0,0.0,Urban,0.0,0.0,0.0,Fine,Null,0
67556827,,573300,0.0,,0.0,1.0,,North,2016/2017,TARANAKI ST,HILL LANE,,Minor Crash,No,2016,,North,,0,,Flat,,,,,,Dark,2145300,1,0.0,0.0,2.0,,,0.0,,,1.0,,,Wellington Region,Nil,2-way,Sealed,,0.0,0,,50.0,,On,0.0,0.0,,47,Wellington City,Unknown,,,,,0.0,0.0,Urban,0.0,,,Null,Null,0
67556910,,577301,0.0,0.0,0.0,2.0,0.0,Null,2017/2018,CAMPERDOWN ROAD,DARLINGTON ROAD,,Non-Injury Crash,No,2018,0.0,North,0.0,0,0.0,Flat,0.0,,0.0,,0.0,Bright sun,2203800,0,0.0,0.0,2.0,0.0,0.0,0.0,0.0,1.0,,0.0,0.0,Wellington Region,Nil,2-way,Sealed,0.0,0.0,0,0.0,50.0,0.0,Null,0.0,0.0,,47,Wellington City,Give way,0.0,0.0,0.0,0.0,0.0,0.0,Urban,0.0,0.0,0.0,Fine,Null,0
67556947,,573400,0.0,,0.0,0.0,,East,2015/2016,ELLICE ST,AUSTIN ST,,Serious Crash,No,2016,,West,,0,,Hill Road,,,,,,Bright sun,2142400,0,0.0,0.0,2.0,,,0.0,,,1.0,,,Wellington Region,Nil,2-way,Sealed,,0.0,1,,50.0,,Off,0.0,0.0,,47,Wellington City,Unknown,,,,,2.0,0.0,Urban,0.0,,,Fine,Null,0
67557003,,576500,1.0,,0.0,0.0,,Null,2014/2015,ADELAIDE ROAD,DRUMMOND ST,,Minor Crash,No,2015,,North,,0,,Flat,,,,,,Bright sun,2148400,1,0.0,0.0,5.0,,,0.0,,,,,,Wellington Region,Nil,2-way,Sealed,,0.0,0,,50.0,,Off,0.0,0.0,,47,Wellington City,Give way,,,,,0.0,0.0,Urban,1.0,,,Fine,Null,0
67557116,,576100,0.0,0.0,0.0,2.0,2.0,North,2014/2015,SUTHERLAND ROAD,HORNSEY ROAD,,Minor Crash,No,2015,0.0,North,0.0,0,0.0,Hill Road,0.0,,0.0,,0.0,Bright sun,2196400,1,0.0,0.0,2.0,0.0,0.0,0.0,0.0,0.0,,0.0,0.0,Wellington Region,Nil,2-way,Sealed,0.0,0.0,0,0.0,50.0,0.0,Null,0.0,0.0,,47,Wellington City,Nil,0.0,0.0,0.0,2.0,0.0,0.0,Urban,0.0,0.0,0.0,Fine,Null,0
67557196,,573000,0.0,,0.0,2.0,,Null,2014/2015,GHUZNEE ST,WILLIS ST,,Non-Injury Crash,No,2015,,East,,0,,Hill Road,,,,,,Overcast,2130700,0,0.0,0.0,3.0,,,0.0,,,,,,Wellington Region,Nil,2-way,Sealed,,0.0,0,,50.0,,Off,0.0,0.0,,47,Wellington City,Traffic Signals,,,,,0.0,0.0,Urban,0.0,,,Light rain,Null,0
67557214,,573300,0.0,,0.0,0.0,,South,2018/2019,ADELAIDE ROAD,GIRTON TERRACE,,Non-Injury Crash,No,2018,,North,,0,,Flat,,,,,,Overcast,2146100,0,1.0,0.0,3.0,,,0.0,,,,,,Wellington Region,Nil,1-way,Sealed,,0.0,0,,50.0,,Null,0.0,0.0,,47,Wellington City,Nil,,,,,0.0,0.0,Urban,1.0,,,Light rain,Null,0
67557238,,573101,0.0,,0.0,2.0,,West,2018/2019,SH 1N,TARANAKI ST,,Non-Injury Crash,Yes,2018,,West,,0,,Hill Road,,,,,,Bright sun,2134700,0,0.0,0.0,3.0,,,0.0,,,,,,Wellington Region,Nil,1-way,Sealed,,0.0,0,,50.0,,Null,0.0,0.0,,47,Wellington City,Unknown,,,,,0.0,0.0,Urban,0.0,,,Fine,Null,0
67557260,,574002,0.0,,0.0,2.0,,Null,2015/2016,SH 1N,CENTENNIAL SBD,,Non-Injury Crash,Yes,2015,,East,,0,,Hill Road,,,,,,Overcast,2078302,0,0.0,0.0,3.0,,,0.0,,,,,,Wellington Region,Motorway ramp,1-way,Sealed,,0.0,0,,80.0,,Off,0.0,0.0,,47,Wellington City,Nil,,,,,0.0,0.0,Open,0.0,,,Light rain,Null,0
67557291,,573200,0.0,,0.0,1.0,,Null,2015/2016,BROOKLYN ROAD,OHIRO ROAD,,Non-Injury Crash,No,2015,,South,,0,,Hill Road,,,,,,Overcast,2159300,0,0.0,0.0,2.0,,,0.0,,,,,,Wellington Region,Nil,2-way,Sealed,,0.0,0,,50.0,,Null,0.0,0.0,,47,Wellington City,Give way,,,,,0.0,0.0,Urban,1.0,,,Fine,Null,0
67557342,,576200,0.0,0.0,0.0,2.0,0.0,West,2017/2018,BRITOMART ST,ADELAIDE ROAD,,Non-Injury Crash,No,2018,0.0,East,0.0,0,0.0,Hill Road,0.0,,0.0,,0.0,Overcast,2172500,0,0.0,0.0,2.0,0.0,0.0,0.0,0.0,1.0,,0.0,0.0,Wellington Region,Nil,2-way,Sealed,0.0,0.0,0,0.0,50.0,0.0,Null,0.0,0.0,,47,Wellington City,Unknown,0.0,0.0,0.0,0.0,0.0,0.0,Urban,0.0,0.0,0.0,Fine,Null,0
67557372,,575300,0.0,1.0,0.0,1.0,0.0,Null,2015/2016,UPLAND ROAD,KELBURN VIADUCT,,Non-Injury Crash,No,2015,0.0,West,0.0,0,0.0,Flat,0.0,,0.0,,0.0,Dark,2152800,0,0.0,0.0,1.0,0.0,0.0,0.0,0.0,0.0,,0.0,0.0,Wellington Region,Nil,2-way,Sealed,0.0,0.0,0,0.0,50.0,0.0,On,0.0,0.0,,47,Wellington City,Unknown,0.0,0.0,0.0,0.0,0.0,0.0,Urban,0.0,0.0,0.0,Fine,Null,0
67557430,,573101,0.0,0.0,0.0,0.0,0.0,Null,2017/2018,GHUZNEE ST,CUBA ST,,Non-Injury Crash,No,2018,0.0,North,0.0,0,0.0,Flat,0.0,,0.0,,0.0,Bright sun,2133500,0,0.0,0.0,2.0,0.0,0.0,0.0,0.0,1.0,,0.0,0.0,Wellington Region,Nil,2-way,Sealed,0.0,0.0,0,0.0,50.0,0.0,Null,0.0,0.0,,47,Wellington City,Traffic Signals,0.0,0.0,0.0,0.0,1.0,0.0,Urban,1.0,0.0,0.0,Fine,Null,0
67557555,,572500,0.0,,0.0,2.0,,Null,2014/2015,MAIN ROAD,TAKAPU ROAD,,Non-Injury Crash,No,2015,,East,,0,,Flat,,,,,,Overcast,2053701,0,0.0,0.0,2.0,,,0.0,,,,,,Wellington Region,Nil,1-way,Sealed,,0.0,0,,50.0,,Off,0.0,0.0,,47,Wellington City,Give way,,,,,0.0,0.0,Urban,0.0,,,Fine,Null,0
67557714,,573101,1.0,,0.0,1.0,,Null,2018/2019,TARANAKI ST,INGLEWOOD PLACE,,Minor Crash,No,2018,,North,,0,,Flat,,,,,,Bright sun,2135800,1,0.0,0.0,4.0,,,0.0,,,,,,Wellington Region,Nil,2-way,Sealed,,0.0,0,,30.0,,Null,0.0,0.0,,47,Wellington City,Nil,,,,,0.0,0.0,Urban,0.0,,,Null,Null,0
67557788,,576903,0.0,,0.0,2.0,,South,2014/2015,CRAWFORD ROAD,WELLINGTON ROAD,,Non-Injury Crash,No,2015,,North,,0,,Flat,,,,,,Dark,2180500,0,0.0,0.0,2.0,,,0.0,,,,,,Wellington Region,Nil,2-way,Sealed,,0.0,0,,50.0,,On,0.0,0.0,,47,Wellington City,Give way,,,,,0.0,0.0,Urban,0.0,,,Fine,Null,0
67557811,,576901,0.0,,0.0,2.0,,Null,2016/2017,COUTTS ST,ROSS ST,,Minor Crash,No,2016,,East,,0,,Flat,,,,,,Overcast,2178801,1,0.0,0.0,2.0,,,0.0,,,,,,Wellington Region,Nil,2-way,Sealed,,0.0,0,,50.0,,Null,0.0,0.0,,47,Wellington City,Give way,,,,,0.0,0.0,Urban,0.0,,,Fine,Null,0
67557834,,573522,0.0,,0.0,1.0,,Null,2017/2018,TAKAPU ROAD,TAWA OFF SBD,,Non-Injury Crash,No,2018,,South,,0,,Hill Road,,,,,,Dark,2053703,0,0.0,0.0,3.0,,,0.0,,,,,,Wellington Region,Nil,2-way,Sealed,,0.0,0,,50.0,,On,0.0,0.0,,47,Wellington City,Stop,,,,,1.0,0.0,Urban,0.0,,,Fine,Null,0
67557891,,573101,0.0,,0.0,2.0,,West,2014/2015,CABLE ST,TORY ST,,Non-Injury Crash,No,2015,,East,,0,,Flat,,,,,,Bright sun,2135200,0,0.0,0.0,3.0,,,0.0,,,,,,Wellington Region,Nil,1-way,Sealed,,0.0,0,,50.0,,Off,0.0,1.0,,47,Wellington City,Nil,,,,,0.0,0.0,Urban,0.0,,,Fine,Null,0
67557955,,573700,0.0,,0.0,2.0,,Null,2014/2015,OHARIU VALLEY ROAD,MCLINTOCK ST NORTH,,Non-Injury Crash,No,2015,,West,,0,,Hill Road,,,,,,Overcast,2086709,0,0.0,0.0,2.0,,,0.0,,,,,,Wellington Region,Nil,2-way,Sealed,,0.0,0,,50.0,,Null,0.0,0.0,,47,Wellington City,Give way,,,,,0.0,0.0,Urban,0.0,,,Fine,Null,0
67557966,,576800,0.0,0.0,0.0,0.0,0.0,Null,2018/2019,ARIKI ROAD,HEPARA ST,,Non-Injury Crash,No,2018,0.0,South,0.0,0,1.0,Hill Road,0.0,,1.0,,0.0,Overcast,2184200,0,0.0,0.0,2.0,0.0,0.0,0.0,1.0,0.0,,0.0,0.0,Wellington Region,Nil,2-way,Sealed,0.0,0.0,0,0.0,50.0,0.0,Null,0.0,0.0,,47,Wellington City,Nil,0.0,0.0,0.0,0.0,0.0,0.0,Urban,1.0,0.0,0.0,Fine,Null,0
67558090,,574302,0.0,0.0,0.0,1.0,1.0,East,2018/2019,HUTT RD,ONSLOW ROAD,,Non-Injury Crash,No,2019,0.0,East,0.0,0,0.0,Flat,1.0,,0.0,,0.0,Bright sun,2090601,0,0.0,0.0,5.0,0.0,0.0,0.0,0.0,0.0,,0.0,1.0,Wellington Region,Nil,2-way,Sealed,0.0,0.0,0,0.0,60.0,0.0,Off,0.0,0.0,,47,Wellington City,Unknown,0.0,0.0,0.0,0.0,0.0,0.0,Urban,0.0,0.0,0.0,Fine,Null,0
67558091,,573000,0.0,0.0,0.0,1.0,0.0,North,2014/2015,WILLIS ST,SH 1N,,Non-Injury Crash,No,2015,0.0,North,0.0,0,0.0,Flat,0.0,,0.0,,0.0,Bright sun,2129700,0,0.0,0.0,2.0,0.0,0.0,0.0,0.0,1.0,,0.0,0.0,Wellington Region,Nil,1-way,Sealed,0.0,0.0,0,0.0,50.0,0.0,Off,0.0,0.0,,47,Wellington City,Nil,0.0,0.0,0.0,0.0,1.0,0.0,Urban,0.0,0.0,0.0,Fine,Null,0
67558124,,574402,0.0,0.0,0.0,2.0,0.0,South,2015/2016,OTTAWA ROAD,AWARUA ST,,Serious Crash,No,2015,0.0,South,0.0,0,0.0,Hill Road,0.0,,0.0,,0.0,Twilight,2096300,1,0.0,0.0,2.0,0.0,0.0,0.0,0.0,1.0,,0.0,0.0,Wellington Region,Nil,2-way,Sealed,0.0,0.0,2,0.0,50.0,0.0,On,0.0,0.0,,47,Wellington City,Nil,0.0,0.0,0.0,1.0,0.0,0.0,Urban,0.0,0.0,0.0,Fine,Null,0
67558126,,573000,0.0,,1.0,0.0,,North,2018/2019,THE TERRACE,JAMES COOK HOTEL,,Non-Injury Crash,No,2018,,North,,0,,Flat,,,,,,Bright sun,2124803,0,0.0,0.0,2.0,,,0.0,,,,,,Wellington Region,Nil,2-way,Sealed,,0.0,0,,50.0,,Null,0.0,0.0,,47,Wellington City,Unknown,,,,,0.0,0.0,Urban,1.0,,,Fine,Null,0
67558194,,573101,0.0,,0.0,1.0,,West,2017/2018,MANNERS ST,LUKES LANE,,Minor Crash,No,2018,,West,,0,,Flat,,,,,,Bright sun,2133300,1,0.0,0.0,2.0,,,0.0,,,1.0,,,Wellington Region,Nil,2-way,Sealed,,0.0,0,,50.0,,Null,0.0,0.0,,47,Wellington City,Unknown,,,,,0.0,0.0,Urban,0.0,,,Fine,Null,0
67558268,,573200,0.0,0.0,0.0,1.0,0.0,Null,2016/2017,ARO ST,ADAMS TERRACE,,Minor Crash,No,2016,0.0,West,0.0,0,0.0,Flat,0.0,,0.0,,0.0,Bright sun,2158100,1,1.0,0.0,2.0,0.0,0.0,0.0,0.0,1.0,,0.0,0.0,Wellington Region,Nil,2-way,Sealed,0.0,0.0,0,0.0,50.0,0.0,Null,0.0,0.0,,47,Wellington City,Nil,0.0,0.0,0.0,0.0,0.0,0.0,Urban,0.0,0.0,0.0,Fine,Null,0
67558414,,575200,0.0,,0.0,1.0,,North,2018/2019,CRIEFF ST,Glenmore Street,,Non-Injury Crash,No,2018,,Null,,0,,Null,,,,,,Unknown,2150300,0,0.0,0.0,0.0,,,0.0,,,,,,Wellington Region,Nil,Null,Null,,0.0,0,,,,Null,0.0,0.0,,47,Wellington City,Unknown,,,,,0.0,1.0,Urban,0.0,,,Null,Null,0
67558430,,577200,0.0,,0.0,2.0,,Null,2018/2019,BROADWAY,HOBART ST,,Minor Crash,No,2018,,East,,0,,Flat,,,,,,Bright sun,2209200,1,0.0,0.0,2.0,,,0.0,,,,,,Wellington Region,Nil,2-way,Sealed,,0.0,0,,50.0,,Null,0.0,0.0,,47,Wellington City,Give way,,,,,0.0,0.0,Urban,0.0,,,Fine,Null,0
67558446,,573300,0.0,0.0,0.0,2.0,0.0,North,2017/2018,SH 1N,RUGBY ST,,Non-Injury Crash,Yes,2018,0.0,North,0.0,0,0.0,Flat,0.0,,0.0,,0.0,Dark,2145602,0,0.0,0.0,3.0,0.0,0.0,0.0,0.0,2.0,,0.0,0.0,Wellington Region,Nil,1-way,Sealed,0.0,0.0,0,0.0,50.0,0.0,On,0.0,0.0,,47,Wellington City,Unknown,0.0,0.0,0.0,0.0,1.0,0.0,Urban,0.0,0.0,0.0,Light rain,Null,0
67558468,,573101,1.0,,0.0,0.0,,North,2015/2016,VICTORIA ST,ABEL SMITH ST,,Minor Crash,No,2016,,South,,0,,Flat,,,,,,Bright sun,2132200,1,0.0,0.0,4.0,,,0.0,,,,,,Wellington Region,Nil,1-way,Sealed,,0.0,0,,50.0,,Null,0.0,0.0,,47,Wellington City,Nil,,,,,0.0,0.0,Urban,1.0,,,Fine,Null,0
67558502,,574303,0.0,,0.0,2.0,,South,2017/2018,SH 1N,ABATTOIRS,,Non-Injury Crash,Yes,2017,,North,,0,,Hill Road,,,,,,Twilight,2088705,0,0.0,0.0,3.0,,,0.0,,,,,,Wellington Region,Nil,1-way,Sealed,,0.0,0,,80.0,,On,0.0,0.0,,47,Wellington City,Unknown,,,,,0.0,0.0,Open,0.0,,,Null,Null,0
67558562,,577200,0.0,,0.0,2.0,,Null,2017/2018,MIRAMAR AVENUE,SHELLY BAY ROAD,,Minor Crash,No,2018,,East,,0,,Flat,,,,,,Overcast,2206200,2,0.0,0.0,2.0,,,0.0,,,,,,Wellington Region,Nil,2-way,Sealed,,0.0,0,,50.0,,Null,0.0,0.0,,47,Wellington City,Stop,,,,,0.0,0.0,Urban,0.0,,,Light rain,Null,0
67558595,,574900,0.0,,0.0,2.0,,North,2015/2016,MAKARA ROAD,TERAWHITI TERRACE,,Minor Crash,No,2016,,North,,0,,Hill Road,,,,,,Bright sun,2109202,1,0.0,0.0,2.0,,,0.0,,,,,,Wellington Region,Nil,2-way,Sealed,,0.0,0,,50.0,,Null,0.0,0.0,,47,Wellington City,Nil,,,,,0.0,0.0,Urban,0.0,,,Fine,Null,0
67558755,,572900,0.0,,0.0,1.0,,Null,2015/2016,WATERLOO QUAY,BUNNY ST,,Non-Injury Crash,No,2015,,North,,0,,Flat,,,,,,Overcast,2122700,0,0.0,0.0,4.0,,,0.0,,,1.0,,,Wellington Region,Nil,2-way,Sealed,,0.0,0,,50.0,,Null,0.0,0.0,,47,Wellington City,Traffic Signals,,,,,0.0,0.0,Urban,0.0,,,Light rain,Null,0
67558838,,573000,0.0,0.0,0.0,0.0,0.0,Null,2018/2019,LAMBTON QUAY,WARING TAYLOR ST,,Serious Crash,No,2018,0.0,South,0.0,0,0.0,Flat,0.0,,0.0,,1.0,Overcast,2125200,0,0.0,0.0,2.0,0.0,0.0,0.0,0.0,0.0,1.0,0.0,0.0,Wellington Region,Nil,1-way,Sealed,0.0,0.0,1,0.0,30.0,0.0,Null,0.0,0.0,,47,Wellington City,Nil,0.0,0.0,0.0,0.0,0.0,0.0,Urban,1.0,0.0,0.0,Fine,Null,0
67558859,,573200,0.0,0.0,0.0,2.0,0.0,East,2014/2015,OHIRO ROAD,MAARAMA CRESCENT,,Non-Injury Crash,No,2015,0.0,West,0.0,0,0.0,Hill Road,0.0,,0.0,,0.0,Bright sun,2159100,0,0.0,0.0,2.0,0.0,0.0,0.0,0.0,1.0,,0.0,0.0,Wellington Region,Nil,2-way,Sealed,0.0,0.0,0,0.0,50.0,0.0,Null,0.0,1.0,,47,Wellington City,Nil,0.0,0.0,0.0,0.0,0.0,0.0,Urban,0.0,0.0,0.0,Fine,Null,0
67559114,,574500,1.0,,0.0,0.0,,West,2018/2019,HUTT RD,RANGIORA AVENUE,,Serious Crash,No,2019,,West,,0,,Flat,,,,,,Bright sun,2093400,0,0.0,0.0,4.0,,,0.0,,,,,,Wellington Region,Nil,2-way,Sealed,,0.0,1,,60.0,,Off,0.0,0.0,,47,Wellington City,Nil,,,,,1.0,0.0,Urban,0.0,,,Fine,Null,0
67559126,,576600,0.0,,0.0,0.0,,North,2018/2019,ORIENTAL PARADE,GRASS ST,,Minor Crash,No,2018,,East,,0,,Flat,,,,,,Overcast,2137400,1,0.0,1.0,2.0,,,0.0,,,,,,Wellington Region,Nil,2-way,Sealed,,0.0,0,,40.0,,Null,0.0,0.0,,47,Wellington City,Nil,,,,,0.0,0.0,Urban,1.0,,,Fine,Null,0
67559174,,573400,0.0,,0.0,2.0,,Null,2018/2019,ELIZABETH STREET,MONCRIEFF STREET,,Non-Injury Crash,No,2018,,North,,0,,Flat,,,,,,Dark,2140400,0,0.0,0.0,2.0,,,0.0,,,,,,Wellington Region,Nil,2-way,Sealed,,0.0,0,,50.0,,On,0.0,0.0,,47,Wellington City,Nil,,,,,0.0,0.0,Urban,0.0,,,Light rain,Null,0
67559178,,574702,0.0,0.0,1.0,0.0,0.0,South,2018/2019,WILTON ROAD,SURREY ST,,Non-Injury Crash,No,2018,0.0,West,0.0,0,0.0,Hill Road,0.0,,0.0,,0.0,Overcast,2103600,0,0.0,0.0,2.0,0.0,0.0,0.0,0.0,0.0,,0.0,1.0,Wellington Region,Nil,2-way,Sealed,0.0,0.0,0,0.0,50.0,0.0,Null,0.0,0.0,,47,Wellington City,Nil,0.0,0.0,0.0,0.0,0.0,0.0,Urban,0.0,0.0,0.0,Heavy rain,Null,0
67559227,,576800,0.0,0.0,0.0,2.0,0.0,West,2016/2017,EVANS BAY PARADE,GRETA PT,,Minor Crash,No,2016,0.0,West,0.0,0,0.0,Flat,0.0,,0.0,,0.0,Dark,2182503,2,0.0,0.0,2.0,0.0,0.0,0.0,0.0,1.0,,0.0,0.0,Wellington Region,Nil,2-way,Sealed,0.0,0.0,0,0.0,50.0,0.0,On,0.0,0.0,,47,Wellington City,Unknown,0.0,0.0,0.0,0.0,0.0,0.0,Urban,0.0,0.0,0.0,Light rain,Strong wind,0
67559254,,572900,0.0,0.0,0.0,0.0,0.0,East,2017/2018,TINAKORI ROAD,HOBSON ST,,Non-Injury Crash,No,2018,0.0,East,0.0,0,0.0,Hill Road,0.0,,0.0,,0.0,Overcast,2117600,0,0.0,0.0,2.0,0.0,0.0,0.0,0.0,1.0,,0.0,0.0,Wellington Region,Nil,2-way,Sealed,0.0,0.0,0,0.0,50.0,0.0,Null,1.0,0.0,,47,Wellington City,Unknown,0.0,0.0,0.0,0.0,0.0,0.0,Urban,1.0,0.0,0.0,Fine,Null,0
67559267,,573101,0.0,,0.0,1.0,,South,2015/2016,TARANAKI ST,DIXON ST,,Non-Injury Crash,No,2016,,North,,0,,Flat,,,,,,Bright sun,2135800,0,0.0,0.0,4.0,,,0.0,,,,,,Wellington Region,Nil,2-way,Sealed,,0.0,0,,30.0,,Null,0.0,1.0,,47,Wellington City,Unknown,,,,,0.0,0.0,Urban,1.0,,,Fine,Null,0
67559363,,573802,0.0,0.0,0.0,1.0,1.0,North,2015/2016,SH 1N,JVILLE OBR,,Non-Injury Crash,Yes,2015,0.0,South,0.0,0,0.0,Hill Road,0.0,,0.0,,0.0,Dark,2078400,0,0.0,0.0,2.0,0.0,0.0,0.0,0.0,0.0,,0.0,0.0,Wellington Region,Nil,1-way,Sealed,0.0,0.0,0,0.0,80.0,0.0,On,0.0,0.0,,47,Wellington City,Unknown,0.0,0.0,0.0,0.0,1.0,0.0,Open,0.0,0.0,0.0,Fine,Null,0
67559371,,573101,0.0,,1.0,0.0,,Null,2015/2016,MANNERS ST,CUBA ST,,Serious Crash,No,2015,,South,,0,,Flat,,,,,,Bright sun,2133300,1,0.0,0.0,2.0,,,0.0,,,2.0,,,Wellington Region,Nil,2-way,Sealed,,0.0,1,,30.0,,Null,0.0,0.0,,47,Wellington City,Traffic Signals,,,,,0.0,0.0,Urban,0.0,,,Fine,Null,0
67559531,,574304,0.0,,0.0,1.0,,Null,2015/2016,ONSLOW ROAD,HOMEBUSH ROAD,,Non-Injury Crash,No,2015,,South,,0,,Flat,,,,,,Twilight,2090203,0,0.0,1.0,2.0,,,0.0,,,,,,Wellington Region,Nil,2-way,Sealed,,0.0,0,,50.0,,Off,0.0,0.0,,47,Wellington City,Give way,,,,,0.0,0.0,Urban,0.0,,,Fine,Null,0
67559634,,573101,0.0,,0.0,1.0,,East,2018/2019,WAKEFIELD ST,COURAGE LANE,,Non-Injury Crash,No,2018,,West,,0,,Flat,,,,,,Overcast,2135600,0,0.0,0.0,3.0,,,0.0,,,,,,Wellington Region,Nil,1-way,Sealed,,0.0,0,,50.0,,Null,0.0,0.0,,47,Wellington City,Unknown,,,,,1.0,0.0,Urban,0.0,,,Light rain,Null,0
67559659,,577200,0.0,,0.0,2.0,,Null,2014/2015,SH 1N,COBHAM DRIVE,,Non-Injury Crash,Yes,2015,,North,,0,,Flat,,,,,,Overcast,2206200,0,0.0,0.0,2.0,,,0.0,,,,,,Wellington Region,Nil,2-way,Sealed,,0.0,0,,50.0,,Null,0.0,0.0,,47,Wellington City,Give way,,,,,0.0,0.0,Urban,0.0,,,Mist or Fog,Null,0
67559675,,576301,0.0,0.0,0.0,2.0,0.0,South,2015/2016,ADELAIDE ROAD,HALL ST,,Non-Injury Crash,No,2015,0.0,North,0.0,0,0.0,Hill Road,0.0,Christmas New Year,0.0,,0.0,Dark,2164700,0,0.0,0.0,2.0,0.0,0.0,0.0,0.0,1.0,,0.0,0.0,Wellington Region,Nil,2-way,Sealed,0.0,0.0,0,0.0,50.0,0.0,On,0.0,0.0,,47,Wellington City,Unknown,0.0,0.0,0.0,0.0,0.0,0.0,Urban,0.0,0.0,0.0,Fine,Null,0