OBJECTID,advisorySpeed,areaUnitID,bicycle,bridge,bus,carStationWagon,cliffBank,crashDirectionDescription,crashFinancialYear,crashLocation1,crashLocation2,crashRoadSideRoad,crashSeverity,crashSHDescription,crashYear,debris,directionRoleDescription,ditch,fatalCount,fence,flatHill,guardRail,holiday,houseOrBuilding,intersection,kerb,light,meshblockId,minorInjuryCount,moped,motorcycle,NumberOfLanes,objectThrownOrDropped,otherObject,otherVehicleType,overBank,parkedVehicle,pedestrian,phoneBoxEtc,postOrPole,region,roadCharacter,roadLane,roadSurface,roadworks,schoolBus,seriousInjuryCount,slipOrFlood,speedLimit,strayAnimal,streetLight,suv,taxi,temporarySpeedLimit,tlaId,tlaName,trafficControl,trafficIsland,trafficSign,train,tree,truck,unknownVehicleType,urban,vanOrUtility,vehicle,waterRiver,weatherA,weatherB,if_pandemic
67559699,,573522,0.0,,0.0,1.0,,North,2015/2016,CASHEW ST,DRAGON ST,,Non-Injury Crash,No,2015,,South,,0,,Flat,,,,,,Overcast,2086102,0,0.0,0.0,2.0,,,0.0,,,,,,Wellington Region,Nil,2-way,Sealed,,0.0,0,,50.0,,None,0.0,0.0,,47,Wellington City,Nil,,,,,1.0,0.0,Urban,1.0,,,Fine,Null,0
67559708,,573700,0.0,,0.0,1.0,,North,2015/2016,JOHNSONVILLE ROAD,BRODERICK ROAD,,Minor Crash,No,2016,,South,,0,,Flat,,,,,,Bright sun,2082800,1,0.0,0.0,1.0,,,0.0,,,1.0,,,Wellington Region,Nil,2-way,Sealed,,0.0,0,,50.0,,Null,0.0,0.0,,47,Wellington City,Traffic Signals,,,,,0.0,0.0,Urban,0.0,,,Fine,Null,0
67559710,,573000,0.0,,0.0,2.0,,Null,2017/2018,THE TERRACE,MACDONALD CRESCENT,,Minor Crash,No,2018,,South,,0,,Hill Road,,,,,,Overcast,2130400,2,0.0,0.0,2.0,,,0.0,,,,,,Wellington Region,Nil,2-way,Sealed,,0.0,0,,50.0,,Null,0.0,0.0,,47,Wellington City,Stop,,,,,0.0,0.0,Urban,0.0,,,Fine,Null,0
67559715,,574001,0.0,,0.0,2.0,,North,2015/2016,NEWLANDS ON SBD,SH 1N,,Non-Injury Crash,Yes,2015,,South,,0,,Hill Road,,,,,,Overcast,2077600,0,0.0,0.0,3.0,,,0.0,,,,,,Wellington Region,Motorway ramp,1-way,Sealed,,0.0,0,,80.0,,Null,0.0,0.0,,47,Wellington City,Nil,,,,,0.0,0.0,Open,0.0,,,Fine,Null,0
67559762,,573000,0.0,,0.0,1.0,,Null,2017/2018,WILLIS ST,LAMBTON QUAY,,Non-Injury Crash,No,2018,,North,,0,,Flat,,,,,,Overcast,2127100,0,1.0,0.0,3.0,,,0.0,,,,,,Wellington Region,Nil,2-way,Sealed,,0.0,0,,30.0,,Null,0.0,0.0,,47,Wellington City,Traffic Signals,,,,,0.0,0.0,Urban,0.0,,,Null,Null,0
67559790,,572701,0.0,0.0,0.0,1.0,0.0,North,2017/2018,CHASTUDON PLACE,ORDLEY GROVE,,Non-Injury Crash,No,2017,0.0,West,0.0,0,0.0,Hill Road,0.0,,0.0,,0.0,Bright sun,1994704,0,0.0,0.0,2.0,0.0,0.0,0.0,0.0,0.0,,0.0,1.0,Wellington Region,Nil,2-way,Sealed,0.0,0.0,0,0.0,50.0,0.0,Null,0.0,0.0,,47,Wellington City,Unknown,0.0,0.0,0.0,0.0,0.0,0.0,Urban,0.0,0.0,0.0,Fine,Null,0
67559814,,573700,0.0,0.0,0.0,1.0,0.0,South,2018/2019,CORTINA AVENUE,STONEFIELD PLACE,,Serious Crash,No,2019,0.0,North,0.0,0,0.0,Hill Road,0.0,,0.0,,0.0,Dark,2082001,0,0.0,1.0,2.0,0.0,0.0,0.0,0.0,1.0,,0.0,0.0,Wellington Region,Nil,2-way,Sealed,0.0,0.0,1,0.0,50.0,0.0,On,0.0,0.0,,47,Wellington City,Unknown,0.0,0.0,0.0,0.0,0.0,0.0,Urban,0.0,0.0,0.0,Fine,Null,0
67559838,,577700,0.0,,0.0,0.0,,South,2018/2019,MAKARA ROAD,MAKARA CEMETERY,,Minor Crash,No,2018,,East,,0,,Hill Road,,,,,,Bright sun,2116801,1,0.0,1.0,2.0,,,0.0,,,,,,Wellington Region,Nil,2-way,Sealed,,0.0,0,,50.0,,Null,0.0,0.0,,47,Wellington City,Unknown,,,,,0.0,0.0,Urban,0.0,,,Fine,Null,0
67559860,,575600,0.0,,0.0,2.0,,South,2014/2015,TODMAN ST,MITCHELL ST,,Non-Injury Crash,No,2015,,South,,0,,Hill Road,,,,,,Bright sun,2161400,0,0.0,0.0,2.0,,,0.0,,,,,,Wellington Region,Nil,2-way,Sealed,,0.0,0,,50.0,,Off,0.0,0.0,,47,Wellington City,Nil,,,,,0.0,0.0,Urban,0.0,,,Fine,Null,0
67559971,,576100,0.0,,0.0,0.0,,South,2015/2016,HORNSEY ROAD,AUCKLAND TERRACE,,Minor Crash,No,2016,,North,,0,,Hill Road,,,,,,Overcast,2196600,1,0.0,1.0,2.0,,,0.0,,,,,,Wellington Region,Nil,2-way,Sealed,,0.0,0,,50.0,,Off,0.0,0.0,,47,Wellington City,Unknown,,,,,0.0,0.0,Urban,0.0,,,Heavy rain,Null,0
67559987,,575000,0.0,0.0,0.0,2.0,0.0,West,2014/2015,FIRTH TERRACE,DONALD ST,,Non-Injury Crash,No,2015,0.0,East,0.0,0,0.0,Flat,0.0,,0.0,,0.0,Bright sun,2112600,0,0.0,0.0,2.0,0.0,0.0,0.0,0.0,1.0,,0.0,0.0,Wellington Region,Nil,1-way,Sealed,0.0,0.0,0,0.0,50.0,0.0,Off,0.0,0.0,,47,Wellington City,Nil,0.0,0.0,0.0,0.0,0.0,0.0,Urban,0.0,0.0,0.0,Fine,Null,0
67559990,,573101,0.0,,2.0,0.0,,Null,2017/2018,CAMBRIDGE TERRACE,COURTENAY PLACE,,Non-Injury Crash,No,2018,,West,,0,,Flat,,,,,,Bright sun,2135700,0,0.0,0.0,2.0,,,0.0,,,,,,Wellington Region,Nil,1-way,Sealed,,0.0,0,,50.0,,Null,0.0,0.0,,47,Wellington City,Give way,,,,,0.0,0.0,Urban,0.0,,,Fine,Null,0
67560042,,573000,0.0,,0.0,0.0,,Null,2018/2019,CUSTOMHOUSE QUAY,BRANDON ST,,Minor Crash,No,2018,,South,,0,,Flat,,,,,,Overcast,2124300,1,1.0,0.0,6.0,,,0.0,,,,,,Wellington Region,Nil,2-way,Sealed,,0.0,0,,50.0,,Null,0.0,0.0,,47,Wellington City,Traffic Signals,,,,,0.0,0.0,Urban,0.0,,,Heavy rain,Strong wind,0
67560124,,576200,0.0,0.0,0.0,3.0,0.0,West,2015/2016,BRITOMART ST,ADELAIDE ROAD,,Non-Injury Crash,No,2015,0.0,East,0.0,0,0.0,Hill Road,0.0,,0.0,,0.0,Dark,2171200,0,0.0,0.0,2.0,0.0,0.0,0.0,0.0,1.0,,0.0,0.0,Wellington Region,Nil,2-way,Sealed,0.0,0.0,0,0.0,50.0,0.0,On,0.0,0.0,,47,Wellington City,Traffic Signals,0.0,0.0,0.0,0.0,0.0,0.0,Urban,0.0,0.0,0.0,Fine,Null,0
67560150,,575500,0.0,,0.0,2.0,,West,2018/2019,HOLLOWAY RD,RAROA ROAD,,Non-Injury Crash,No,2019,,West,,0,,Flat,,,,,,Dark,2156700,0,0.0,0.0,2.0,,,0.0,,,,,,Wellington Region,Nil,2-way,Sealed,,0.0,0,,50.0,,On,0.0,0.0,,47,Wellington City,Unknown,,,,,0.0,0.0,Urban,0.0,,,Fine,Null,0
67560162,,577301,0.0,0.0,0.0,2.0,0.0,East,2018/2019,DARLINGTON RD,MIRAMAR NORTH ROAD,,Non-Injury Crash,No,2018,0.0,South,0.0,0,0.0,Hill Road,0.0,,0.0,,0.0,Bright sun,2202702,0,0.0,0.0,2.0,0.0,0.0,0.0,0.0,0.0,,0.0,1.0,Wellington Region,Nil,2-way,Sealed,0.0,0.0,0,0.0,50.0,0.0,Off,0.0,0.0,,47,Wellington City,Unknown,0.0,0.0,0.0,0.0,0.0,0.0,Urban,0.0,0.0,0.0,Fine,Null,0
67560164,,576500,0.0,,1.0,2.0,,North,2014/2015,ADELAIDE ROAD,DRUMMOND ST,,Non-Injury Crash,No,2015,,North,,0,,Flat,,,,,,Dark,2148201,0,0.0,0.0,4.0,,,0.0,,,,,,Wellington Region,Nil,2-way,Sealed,,0.0,0,,50.0,,On,0.0,0.0,,47,Wellington City,Nil,,,,,0.0,0.0,Urban,0.0,,,Fine,Null,0
67560166,,576400,0.0,,0.0,1.0,,West,2018/2019,CONSTABLE ST,ALEXANDRA ROAD,,Non-Injury Crash,No,2018,,East,,0,,Null,,Christmas New Year,,,,Bright sun,2168200,0,0.0,0.0,2.0,,,0.0,,,,,,Wellington Region,Nil,2-way,Sealed,,0.0,0,,50.0,,Off,1.0,0.0,,47,Wellington City,Unknown,,,,,0.0,0.0,Urban,0.0,,,Fine,Null,0
67560284,,573000,0.0,,0.0,2.0,,Null,2015/2016,FEATHERSTON ST,PANAMA ST,,Non-Injury Crash,No,2015,,South,,0,,Flat,,Labour Weekend,,,,Overcast,2125800,0,0.0,0.0,2.0,,,0.0,,,,,,Wellington Region,Nil,1-way,Sealed,,0.0,0,,50.0,,Null,0.0,1.0,,47,Wellington City,Traffic Signals,,,,,0.0,0.0,Urban,0.0,,,Light rain,Null,0
67560331,,572900,1.0,0.0,0.0,1.0,0.0,West,2015/2016,HAWKESTONE ST,PORTLAND CRESCENT,,Non-Injury Crash,No,2015,0.0,West,0.0,0,0.0,Flat,0.0,,0.0,,0.0,Bright sun,2121100,0,0.0,0.0,2.0,0.0,0.0,0.0,0.0,0.0,,0.0,0.0,Wellington Region,Nil,2-way,Sealed,0.0,0.0,0,0.0,80.0,0.0,Null,0.0,0.0,,47,Wellington City,Give way,0.0,0.0,0.0,0.0,0.0,0.0,Open,0.0,1.0,0.0,Fine,Null,0
67560435,,573600,0.0,,0.0,2.0,,Null,2015/2016,BASSETT ROAD,OHARIU ROAD,,Non-Injury Crash,No,2015,,North,,0,,Hill Road,,,,,,Bright sun,2081000,0,0.0,0.0,2.0,,,0.0,,,,,,Wellington Region,Nil,2-way,Sealed,,0.0,0,,50.0,,Null,0.0,0.0,,47,Wellington City,Give way,,,,,0.0,0.0,Urban,0.0,,,Fine,Null,0
67560476,,573901,0.0,0.0,0.0,2.0,0.0,East,2015/2016,OSWALD CRESCENT,BRACKEN ROAD,,Non-Injury Crash,No,2015,0.0,East,0.0,0,0.0,Flat,0.0,,0.0,,0.0,Dark,2073300,0,0.0,0.0,2.0,0.0,0.0,0.0,0.0,1.0,,0.0,0.0,Wellington Region,Nil,2-way,Sealed,0.0,0.0,0,0.0,50.0,0.0,On,0.0,0.0,,47,Wellington City,Nil,0.0,0.0,0.0,0.0,0.0,0.0,Urban,0.0,0.0,0.0,Fine,Null,0
67560507,,573700,0.0,,0.0,2.0,,Null,2015/2016,JOHNSONVILLE ROAD,MOOREFIELD ROAD,,Non-Injury Crash,No,2015,,North,,0,,Flat,,,,,,Bright sun,2082800,0,0.0,0.0,2.0,,,0.0,,,,,,Wellington Region,Nil,2-way,Sealed,,0.0,0,,50.0,,Null,0.0,0.0,,47,Wellington City,Give way,,,,,0.0,0.0,Urban,0.0,,,Fine,Null,0
67560518,,573700,0.0,0.0,0.0,2.0,0.0,East,2017/2018,STONEFIELD PLACE,CORTINA AVENUE,,Non-Injury Crash,No,2017,0.0,West,0.0,0,0.0,Hill Road,0.0,,0.0,,0.0,Dark,2081402,0,0.0,0.0,2.0,0.0,0.0,0.0,0.0,1.0,,0.0,0.0,Wellington Region,Nil,2-way,Sealed,0.0,0.0,0,0.0,50.0,0.0,On,0.0,0.0,,47,Wellington City,Nil,0.0,0.0,0.0,0.0,0.0,0.0,Urban,0.0,0.0,0.0,Fine,Null,0
67560523,,572701,0.0,0.0,0.0,1.0,0.0,Null,2015/2016,COLLINS AVENUE,HINAU ST,,Non-Injury Crash,No,2015,0.0,East,0.0,0,0.0,Flat,0.0,,0.0,,0.0,Dark,1993000,0,0.0,0.0,2.0,0.0,0.0,0.0,0.0,0.0,,0.0,1.0,Wellington Region,Nil,2-way,Sealed,0.0,0.0,0,0.0,50.0,0.0,On,0.0,0.0,,47,Wellington City,Give way,0.0,0.0,0.0,0.0,0.0,0.0,Urban,0.0,0.0,0.0,Light rain,Null,0
67560547,,574401,0.0,,0.0,0.0,,West,2014/2015,AWARUA ST,OTTAWA ROAD,,Minor Crash,No,2015,,South,,0,,Hill Road,,,,,,Bright sun,2094001,1,0.0,1.0,2.0,,,0.0,,,,,,Wellington Region,Nil,2-way,Sealed,,0.0,0,,50.0,,Off,0.0,0.0,,47,Wellington City,Nil,,,,,0.0,0.0,Urban,0.0,,,Fine,Null,0
67560548,,577000,0.0,,0.0,2.0,,Null,2015/2016,KINGSFORD SMITH ST,TIRANGI ROAD,,Non-Injury Crash,No,2015,,East,,0,,Flat,,,,,,Bright sun,2175502,0,0.0,0.0,2.0,,,0.0,,,,,,Wellington Region,Nil,2-way,Sealed,,0.0,0,,50.0,,Null,0.0,0.0,,47,Wellington City,Stop,,,,,0.0,0.0,Urban,0.0,,,Fine,Null,0
67560586,,575702,0.0,,0.0,2.0,,Null,2018/2019,SHORT ST,LIARDET ST,,Non-Injury Crash,No,2018,,West,,0,,Hill Road,,,,,,Bright sun,2199400,0,0.0,0.0,2.0,,,0.0,,,,,,Wellington Region,Nil,2-way,Sealed,,0.0,0,,50.0,,Null,0.0,0.0,,47,Wellington City,Give way,,,,,0.0,0.0,Urban,0.0,,,Fine,Null,0
67560646,,577000,0.0,0.0,0.0,1.0,0.0,Null,2017/2018,SH 1N,CALABAR ROAD,,Non-Injury Crash,Yes,2017,0.0,South,0.0,0,0.0,Flat,0.0,,0.0,,0.0,Unknown,2175700,0,0.0,0.0,2.0,0.0,0.0,0.0,0.0,0.0,,0.0,1.0,Wellington Region,Nil,1-way,Sealed,0.0,0.0,0,0.0,70.0,0.0,Null,0.0,0.0,,47,Wellington City,Give way,0.0,0.0,0.0,0.0,0.0,0.0,Urban,0.0,0.0,0.0,Null,Null,0
67560690,,573000,0.0,0.0,0.0,2.0,0.0,South,2017/2018,WILLIS ST,ELLERS AVENUE,,Non-Injury Crash,No,2018,0.0,South,0.0,0,0.0,Flat,0.0,,0.0,,0.0,Bright sun,2129100,0,0.0,0.0,2.0,0.0,0.0,0.0,0.0,1.0,,0.0,0.0,Wellington Region,Nil,2-way,Sealed,0.0,0.0,0,0.0,50.0,0.0,Null,0.0,0.0,,47,Wellington City,Unknown,0.0,0.0,0.0,0.0,0.0,0.0,Urban,0.0,0.0,0.0,Null,Null,0
67560750,,575300,0.0,0.0,0.0,1.0,0.0,North,2017/2018,UPLAND ROAD,BOUNDARY ROAD,,Non-Injury Crash,No,2018,0.0,South,0.0,0,0.0,Hill Road,0.0,,0.0,,0.0,Overcast,2152502,0,0.0,0.0,2.0,0.0,0.0,0.0,0.0,1.0,,0.0,0.0,Wellington Region,Nil,2-way,Sealed,0.0,0.0,0,0.0,50.0,0.0,Null,1.0,0.0,,47,Wellington City,Unknown,0.0,0.0,0.0,0.0,0.0,0.0,Urban,0.0,0.0,0.0,Light rain,Null,0
67560794,,573101,0.0,0.0,0.0,2.0,0.0,North,2018/2019,WILLIS ST,FLAGSTAFF LANE,,Non-Injury Crash,No,2018,0.0,North,0.0,0,0.0,Hill Road,0.0,,0.0,,0.0,Bright sun,2131300,0,0.0,0.0,2.0,0.0,0.0,0.0,0.0,1.0,,0.0,0.0,Wellington Region,Nil,2-way,Sealed,0.0,0.0,0,0.0,30.0,0.0,Null,0.0,0.0,,47,Wellington City,Unknown,0.0,0.0,0.0,0.0,0.0,0.0,Urban,0.0,0.0,0.0,Fine,Null,0
67560803,,573600,0.0,,0.0,2.0,,Null,2015/2016,BASSETT ROAD,OHARIU ROAD,,Non-Injury Crash,No,2015,,North,,0,,Flat,,,,,,Dark,2081000,0,0.0,0.0,2.0,,,0.0,,,,,,Wellington Region,Nil,2-way,Sealed,,0.0,0,,40.0,,On,0.0,0.0,,47,Wellington City,Give way,,,,,0.0,0.0,Urban,0.0,,,Light rain,Strong wind,0
67560914,,574702,0.0,0.0,0.0,1.0,1.0,Null,2018/2019,CHURCHILL DRIVE,WILTON BUSH ROAD,,Minor Crash,No,2019,0.0,South,0.0,0,0.0,Hill Road,0.0,,0.0,,0.0,Bright sun,2103800,1,0.0,0.0,2.0,0.0,0.0,0.0,0.0,0.0,,0.0,0.0,Wellington Region,Nil,2-way,Sealed,0.0,0.0,0,0.0,50.0,0.0,Off,1.0,0.0,,47,Wellington City,Nil,0.0,0.0,0.0,0.0,0.0,0.0,Urban,0.0,0.0,0.0,Fine,Null,0
67560970,,574500,0.0,,0.0,2.0,,Null,2017/2018,HUTT ROAD,KAIWHARAWHARA ROAD,,Non-Injury Crash,No,2018,,North,,0,,Flat,,,,,,Overcast,2093500,0,0.0,0.0,1.0,,,0.0,,,,,,Wellington Region,Nil,2-way,Sealed,,0.0,0,,50.0,,Null,0.0,0.0,,47,Wellington City,Traffic Signals,,,,,0.0,0.0,Urban,0.0,,,Light rain,Null,0
67560982,,574500,0.0,0.0,1.0,0.0,0.0,North,2018/2019,HUTT ROAD,WESTMINSTER ST,,Non-Injury Crash,No,2018,0.0,South,0.0,0,0.0,Flat,0.0,,0.0,,0.0,Overcast,2093300,0,0.0,0.0,4.0,0.0,1.0,0.0,0.0,0.0,,0.0,0.0,Wellington Region,Nil,2-way,Sealed,0.0,0.0,0,0.0,50.0,0.0,Null,0.0,0.0,,47,Wellington City,Unknown,0.0,0.0,0.0,0.0,0.0,0.0,Urban,0.0,0.0,0.0,Fine,Null,0
67560990,,577000,0.0,0.0,0.0,1.0,0.0,Null,2018/2019,CALABAR ROAD,COBHAM DRIVE,,Non-Injury Crash,Yes,2018,0.0,West,0.0,0,0.0,Flat,0.0,,0.0,,1.0,Dark,2175700,0,0.0,0.0,4.0,0.0,0.0,0.0,0.0,0.0,,0.0,0.0,Wellington Region,Nil,2-way,Sealed,0.0,0.0,0,0.0,70.0,0.0,On,0.0,0.0,,47,Wellington City,Give way,0.0,0.0,0.0,0.0,0.0,0.0,Urban,0.0,0.0,0.0,Light rain,Null,0
67561006,,576200,0.0,0.0,0.0,1.0,0.0,North,2018/2019,Z CARPARK,WARIPORI ST,,Serious Crash,No,2019,0.0,South,0.0,0,0.0,Flat,0.0,,1.0,,0.0,Bright sun,2171300,1,0.0,0.0,1.0,0.0,0.0,0.0,0.0,0.0,1.0,0.0,0.0,Wellington Region,Nil,Off road,Sealed,0.0,0.0,1,0.0,10.0,0.0,Null,0.0,0.0,,47,Wellington City,Unknown,0.0,0.0,0.0,0.0,0.0,0.0,Urban,0.0,0.0,0.0,Fine,Null,0
67561027,,576903,0.0,,0.0,1.0,,Null,2014/2015,SH 1N,RUAHINE ST,,Non-Injury Crash,Yes,2015,,North,,0,,Hill Road,,,,,,Dark,2180400,0,0.0,0.0,2.0,,,0.0,,,,,,Wellington Region,Nil,2-way,Sealed,,0.0,0,,50.0,,On,0.0,0.0,,47,Wellington City,Give way,,,,,0.0,0.0,Urban,0.0,,,Light rain,Null,0
67561034,,573400,0.0,0.0,0.0,1.0,0.0,South,2018/2019,PIRIE ST,BROUGHAM STREET,,Non-Injury Crash,No,2018,0.0,East,0.0,0,0.0,Hill Road,0.0,,0.0,,0.0,Dark,2141500,0,0.0,0.0,2.0,0.0,0.0,0.0,0.0,1.0,,0.0,0.0,Wellington Region,Nil,2-way,Sealed,0.0,0.0,0,0.0,50.0,0.0,On,1.0,0.0,,47,Wellington City,Unknown,0.0,0.0,0.0,0.0,0.0,0.0,Urban,1.0,0.0,0.0,Fine,Null,0
67561035,,573300,0.0,,0.0,1.0,,Null,2015/2016,SH 1N,RUGBY ST,,Non-Injury Crash,Yes,2015,,West,,0,,Flat,,,,,,Overcast,2145700,0,0.0,1.0,3.0,,,0.0,,,,,,Wellington Region,Nil,1-way,Sealed,,0.0,0,,50.0,,Null,0.0,0.0,,47,Wellington City,Nil,,,,,0.0,0.0,Urban,0.0,,,Fine,Null,0
67561050,,574200,0.0,0.0,0.0,2.0,0.0,South,2018/2019,SIMLA CRESCENT,CLARK ST,,Non-Injury Crash,No,2018,0.0,West,0.0,0,0.0,Flat,0.0,,0.0,,0.0,Dark,2088200,0,0.0,0.0,2.0,0.0,0.0,0.0,0.0,1.0,,0.0,0.0,Wellington Region,Nil,2-way,Sealed,0.0,0.0,0,0.0,50.0,0.0,Off,0.0,0.0,,47,Wellington City,Unknown,0.0,0.0,0.0,0.0,0.0,0.0,Urban,0.0,0.0,0.0,Fine,Null,0
67561068,,576600,0.0,0.0,0.0,2.0,0.0,North,2015/2016,ORIENTAL PARADE,GRASS ST,,Non-Injury Crash,No,2015,0.0,North,0.0,0,0.0,Flat,0.0,Christmas New Year,0.0,,0.0,Bright sun,2137500,0,0.0,0.0,2.0,0.0,0.0,0.0,0.0,1.0,,0.0,0.0,Wellington Region,Nil,2-way,Sealed,0.0,0.0,0,0.0,50.0,0.0,Null,0.0,0.0,,47,Wellington City,Unknown,0.0,0.0,0.0,0.0,0.0,0.0,Urban,0.0,0.0,0.0,Fine,Null,0
67561142,,575902,0.0,,0.0,2.0,,South,2017/2018,JORDAN ST,MURCHISON ST,,Non-Injury Crash,No,2018,,East,,0,,Hill Road,,,,,,Dark,2187404,0,0.0,0.0,2.0,,,0.0,,,,,,Wellington Region,Nil,2-way,Sealed,,0.0,0,,50.0,,On,0.0,0.0,,47,Wellington City,Unknown,,,,,0.0,0.0,Urban,0.0,,,Fine,Null,0
67561219,,572600,0.0,,0.0,2.0,,North,2015/2016,SH 1N,PED SUBWAY,,Non-Injury Crash,Yes,2015,,North,,0,,Flat,,,,,,Bright sun,1992400,0,0.0,0.0,4.0,,,0.0,,,,,,Wellington Region,Nil,2-way,Sealed,,0.0,0,,100.0,,Null,0.0,0.0,,47,Wellington City,Unknown,,,,,0.0,0.0,Open,0.0,,,Fine,Null,0
67561244,,576901,0.0,0.0,0.0,3.0,0.0,South,2015/2016,BAY ROAD,RONGOTAI ROAD,,Non-Injury Crash,No,2015,0.0,South,0.0,0,0.0,Flat,0.0,,0.0,,0.0,Overcast,2178300,0,0.0,0.0,1.0,0.0,0.0,0.0,0.0,1.0,,0.0,0.0,Wellington Region,Nil,1-way,Sealed,0.0,0.0,0,0.0,50.0,0.0,Null,0.0,0.0,,47,Wellington City,Unknown,0.0,0.0,0.0,0.0,0.0,0.0,Urban,0.0,0.0,0.0,Fine,Null,0
67561268,,576301,0.0,0.0,0.0,2.0,0.0,South,2014/2015,HANSON ST,JOHN ST,,Non-Injury Crash,No,2015,0.0,South,0.0,0,0.0,Flat,0.0,,0.0,,0.0,Dark,2163400,0,0.0,0.0,1.0,0.0,0.0,0.0,0.0,1.0,,0.0,0.0,Wellington Region,Nil,2-way,Sealed,0.0,0.0,0,0.0,50.0,0.0,On,0.0,0.0,,47,Wellington City,Nil,0.0,0.0,0.0,0.0,0.0,0.0,Urban,0.0,0.0,0.0,Fine,Null,0
67561274,,575500,0.0,0.0,0.0,1.0,0.0,South,2018/2019,HIGHBURY CRES,BROOMHILL ROAD,,Non-Injury Crash,No,2018,0.0,Null,0.0,0,0.0,Null,0.0,,0.0,,0.0,Unknown,2156200,0,0.0,0.0,2.0,0.0,0.0,0.0,0.0,1.0,,0.0,0.0,Wellington Region,Nil,2-way,Sealed,0.0,0.0,0,0.0,,0.0,On,0.0,0.0,,47,Wellington City,Unknown,0.0,0.0,0.0,0.0,0.0,1.0,Urban,0.0,0.0,0.0,Null,Null,0
67561355,,573101,0.0,,0.0,2.0,,South,2015/2016,KENT TERRACE,MAJORIBANKS ST,,Non-Injury Crash,No,2015,,South,,0,,Flat,,,,,,Dark,2136000,0,0.0,0.0,3.0,,,0.0,,,,,,Wellington Region,Nil,1-way,Sealed,,0.0,0,,50.0,,On,0.0,0.0,,47,Wellington City,Unknown,,,,,0.0,0.0,Urban,0.0,,,Light rain,Null,0
67561378,,572701,0.0,,0.0,2.0,,North,2017/2018,SH 1N,COLLINS OBR,,Minor Crash,Yes,2018,,North,,0,,Flat,,,,,,Overcast,1993200,1,0.0,0.0,4.0,,,0.0,,,,,,Wellington Region,Nil,2-way,Sealed,,0.0,0,,100.0,,Null,0.0,0.0,,47,Wellington City,Unknown,,,,,0.0,0.0,Open,0.0,,,Fine,Null,0
67561404,,573400,0.0,0.0,0.0,4.0,0.0,West,2015/2016,HAWKER ST,VOGEL ST,,Minor Crash,No,2015,0.0,South,0.0,0,0.0,Hill Road,0.0,,0.0,,0.0,Dark,2140100,1,0.0,0.0,2.0,0.0,0.0,0.0,0.0,1.0,,0.0,0.0,Wellington Region,Nil,2-way,Sealed,0.0,0.0,0,0.0,50.0,0.0,On,1.0,0.0,,47,Wellington City,Unknown,0.0,0.0,0.0,0.0,0.0,0.0,Urban,0.0,0.0,0.0,Fine,Null,0
67561443,,573200,0.0,,0.0,1.0,,East,2015/2016,BROOKLYN ROAD,OHIRO ROAD,,Non-Injury Crash,No,2015,,East,,0,,Flat,,,,,,Bright sun,2159300,0,0.0,0.0,2.0,,,0.0,,,,,,Wellington Region,Nil,2-way,Sealed,,0.0,0,,50.0,,Null,0.0,0.0,,47,Wellington City,Nil,,,,,0.0,0.0,Urban,1.0,,,Fine,Null,0
67561459,,573200,0.0,0.0,0.0,2.0,0.0,North,2015/2016,FAIRLIE TERRACE,LANDCROSS ST,,Non-Injury Crash,No,2015,0.0,South,0.0,0,0.0,Hill Road,0.0,,0.0,,0.0,Dark,2157102,0,0.0,0.0,2.0,0.0,0.0,0.0,0.0,1.0,,0.0,0.0,Wellington Region,Nil,2-way,Sealed,0.0,0.0,0,0.0,50.0,0.0,On,0.0,0.0,,47,Wellington City,Unknown,0.0,0.0,0.0,0.0,0.0,0.0,Urban,0.0,0.0,0.0,Light rain,Null,0
67561508,,573000,0.0,,0.0,2.0,,Null,2014/2015,JERVOIS QUAY,HUNTER ST,,Non-Injury Crash,No,2015,,North,,0,,Flat,,,,,,Bright sun,2125900,0,0.0,0.0,3.0,,,0.0,,,,,,Wellington Region,Nil,1-way,Sealed,,0.0,0,,50.0,,Off,0.0,0.0,,47,Wellington City,Traffic Signals,,,,,0.0,0.0,Urban,0.0,,,Fine,Null,0
67561706,,572900,0.0,,0.0,2.0,,Null,2017/2018,BUNNY ST,FEATHERSTON ST,,Non-Injury Crash,No,2018,,North,,0,,Flat,,,,,,Bright sun,2122800,0,0.0,0.0,1.0,,,0.0,,,,,,Wellington Region,Nil,1-way,Sealed,,0.0,0,,50.0,,Null,0.0,0.0,,47,Wellington City,Traffic Signals,,,,,0.0,0.0,Urban,0.0,,,Fine,Null,0
67561723,,572900,0.0,,0.0,2.0,,North,2015/2016,SH 1N,HILL ST OBR,,Non-Injury Crash,Yes,2015,,South,,0,,Flat,,,,,,Bright sun,2120000,0,0.0,0.0,3.0,,,0.0,,,,,,Wellington Region,Nil,1-way,Sealed,,0.0,0,,100.0,,Null,0.0,0.0,70.0,47,Wellington City,Unknown,,,,,0.0,0.0,Open,0.0,,,Fine,Null,0
67561771,,573526,0.0,0.0,0.0,1.0,0.0,North,2014/2015,SH 2,SERVICE STN NTH,,Minor Crash,Yes,2015,0.0,North,0.0,0,0.0,Flat,1.0,,0.0,,0.0,Dark,2077503,1,0.0,0.0,4.0,0.0,0.0,0.0,0.0,0.0,,0.0,0.0,Wellington Region,Nil,2-way,Sealed,0.0,0.0,0,0.0,100.0,0.0,On,0.0,0.0,,47,Wellington City,Unknown,0.0,0.0,0.0,0.0,0.0,0.0,Open,0.0,0.0,0.0,Fine,Strong wind,0