OBJECTID,advisorySpeed,areaUnitID,bicycle,bridge,bus,carStationWagon,cliffBank,crashDirectionDescription,crashFinancialYear,crashLocation1,crashLocation2,crashRoadSideRoad,crashSeverity,crashSHDescription,crashYear,debris,directionRoleDescription,ditch,fatalCount,fence,flatHill,guardRail,holiday,houseOrBuilding,intersection,kerb,light,meshblockId,minorInjuryCount,moped,motorcycle,NumberOfLanes,objectThrownOrDropped,otherObject,otherVehicleType,overBank,parkedVehicle,pedestrian,phoneBoxEtc,postOrPole,region,roadCharacter,roadLane,roadSurface,roadworks,schoolBus,seriousInjuryCount,slipOrFlood,speedLimit,strayAnimal,streetLight,suv,taxi,temporarySpeedLimit,tlaId,tlaName,trafficControl,trafficIsland,trafficSign,train,tree,truck,unknownVehicleType,urban,vanOrUtility,vehicle,waterRiver,weatherA,weatherB,if_pandemic
67561788,,577200,0.0,0.0,0.0,0.0,0.0,East,2014/2015,DEVONSHIRE ROAD,HOBART ST,,Non-Injury Crash,No,2015,0.0,East,0.0,0,0.0,Flat,0.0,,0.0,,0.0,Dark,2207400,0,0.0,0.0,2.0,0.0,1.0,0.0,0.0,0.0,,0.0,0.0,Wellington Region,Nil,2-way,Sealed,0.0,0.0,0,0.0,50.0,0.0,On,1.0,0.0,,47,Wellington City,Nil,0.0,0.0,0.0,0.0,0.0,0.0,Urban,0.0,0.0,0.0,Heavy rain,Null,0
67561867,,572600,1.0,,0.0,0.0,,Null,2015/2016,MAIN ROAD,CAMBRIDGE ST,,Minor Crash,No,2015,,South,,0,,Flat,,,,,,Overcast,1988500,1,0.0,0.0,1.0,,,0.0,,,,,,Wellington Region,Nil,2-way,Sealed,,0.0,0,,50.0,,Null,0.0,0.0,,47,Wellington City,Give way,,,,,1.0,0.0,Urban,0.0,,,Fine,Null,0
67561882,,577200,0.0,,0.0,1.0,,East,2018/2019,MIRAMAR AVENUE,PORTSMOUTH ROAD,,Minor Crash,No,2018,,North,,0,,Flat,,Christmas New Year,,,,Bright sun,2206200,1,0.0,0.0,2.0,,,0.0,,,1.0,,,Wellington Region,Nil,2-way,Sealed,,0.0,0,,50.0,,Null,0.0,0.0,,47,Wellington City,Unknown,,,,,0.0,0.0,Urban,0.0,,,Fine,Null,0
67561886,,577000,0.0,0.0,0.0,1.0,0.0,South,2017/2018,STEWART DUFF DRIVE,FREIGHT DRIVE,,Non-Injury Crash,No,2018,0.0,North,0.0,0,0.0,Flat,0.0,,0.0,,0.0,Bright sun,2175700,0,0.0,0.0,1.0,0.0,0.0,0.0,0.0,0.0,,0.0,0.0,Wellington Region,Nil,1-way,Sealed,0.0,0.0,0,0.0,20.0,0.0,Null,0.0,1.0,,47,Wellington City,Unknown,0.0,0.0,0.0,0.0,0.0,0.0,Urban,1.0,1.0,0.0,Fine,Null,0
67561926,,577200,0.0,,0.0,2.0,,South,2018/2019,HOBART ST,MIRAMAR AVENUE,,Non-Injury Crash,No,2018,,North,,0,,Flat,,,,,,Bright sun,2207201,0,0.0,0.0,2.0,,,0.0,,,,,,Wellington Region,Nil,2-way,Sealed,,0.0,0,,50.0,,Null,0.0,0.0,,47,Wellington City,Unknown,,,,,0.0,0.0,Urban,0.0,,,Fine,Null,0
67562014,,573200,0.0,,0.0,2.0,,Null,2017/2018,TANERA CRESCENT,OHIRO ROAD,,Non-Injury Crash,No,2018,,South,,0,,Flat,,,,,,Bright sun,2158700,0,0.0,0.0,2.0,,,0.0,,,,,,Wellington Region,Nil,2-way,Sealed,,0.0,0,,50.0,,Null,0.0,0.0,,47,Wellington City,Nil,,,,,0.0,0.0,Urban,0.0,,,Fine,Null,0
67562020,,573101,0.0,0.0,0.0,2.0,0.0,South,2014/2015,CUBA ST,ABEL SMITH ST,,Non-Injury Crash,No,2015,0.0,North,0.0,0,0.0,Flat,0.0,,0.0,,0.0,Bright sun,2134600,0,0.0,0.0,2.0,0.0,0.0,0.0,0.0,0.0,,0.0,0.0,Wellington Region,Nil,2-way,Sealed,0.0,0.0,0,0.0,50.0,0.0,Null,0.0,0.0,,47,Wellington City,Nil,0.0,0.0,0.0,0.0,0.0,0.0,Urban,0.0,1.0,0.0,Fine,Null,0
67562043,,573600,0.0,,0.0,1.0,,West,2014/2015,IRONSIDE ROAD,EARP ST,,Non-Injury Crash,No,2015,,West,,0,,Hill Road,,Easter,,,,Overcast,2080400,0,0.0,0.0,2.0,,,0.0,,,1.0,,,Wellington Region,Nil,2-way,Sealed,,0.0,0,,50.0,,Off,0.0,0.0,,47,Wellington City,Nil,,,,,0.0,0.0,Urban,0.0,,,Fine,Null,0
67562115,,573101,0.0,,0.0,3.0,,East,2015/2016,WAKEFIELD ST,COURAGE LANE,,Non-Injury Crash,No,2015,,West,,0,,Flat,,,,,,Overcast,2135600,0,0.0,0.0,3.0,,,0.0,,,,,,Wellington Region,Nil,1-way,Sealed,,0.0,0,,50.0,,Off,0.0,0.0,,47,Wellington City,Unknown,,,,,0.0,0.0,Urban,0.0,,,Light rain,Null,0
67562178,,573400,0.0,0.0,0.0,4.0,0.0,Null,2018/2019,AUSTIN ST,ELIZABETH ST,,Non-Injury Crash,No,2018,0.0,South,0.0,0,0.0,Hill Road,0.0,,0.0,,0.0,Dark,2140800,0,0.0,0.0,2.0,0.0,0.0,0.0,0.0,3.0,,0.0,0.0,Wellington Region,Nil,2-way,Sealed,0.0,0.0,0,0.0,50.0,0.0,On,0.0,0.0,,47,Wellington City,Stop,0.0,0.0,0.0,0.0,0.0,0.0,Urban,0.0,0.0,0.0,Heavy rain,Null,0
67562204,,574002,0.0,,0.0,1.0,,South,2014/2015,SH 1N,NEWLANDS ON SBD,,Non-Injury Crash,Yes,2015,,South,,0,,Hill Road,,,,,,Dark,2078304,0,0.0,0.0,3.0,,,0.0,,,,,,Wellington Region,Motorway ramp,1-way,Sealed,,0.0,0,,80.0,,On,0.0,0.0,,47,Wellington City,Nil,,,,,0.0,0.0,Open,0.0,,,Fine,Null,0
67562390,,573200,0.0,0.0,0.0,4.0,0.0,South,2017/2018,OHIRO ROAD,MAARAMA CRESCENT,,Non-Injury Crash,No,2018,0.0,North,0.0,0,0.0,Hill Road,0.0,,0.0,,0.0,Overcast,2158700,0,0.0,0.0,2.0,0.0,0.0,0.0,0.0,3.0,,0.0,0.0,Wellington Region,Nil,2-way,Sealed,0.0,0.0,0,0.0,50.0,0.0,Null,0.0,0.0,,47,Wellington City,Unknown,0.0,0.0,0.0,0.0,0.0,0.0,Urban,0.0,0.0,0.0,Null,Null,0
67562404,,573000,0.0,,0.0,1.0,,West,2016/2017,BOULCOTT ST,ATHOL CRESCENT,,Minor Crash,No,2016,,North,,0,,Hill Road,,,,,,Dark,2128000,1,0.0,0.0,2.0,,,0.0,,,1.0,,,Wellington Region,Nil,2-way,Sealed,,0.0,0,,50.0,,On,0.0,0.0,,47,Wellington City,Nil,,,,,0.0,0.0,Urban,0.0,,,Fine,Null,0
67562443,,573511,0.0,0.0,0.0,1.0,1.0,North,2015/2016,MIDDLETON ROAD,ROWELLS ROAD,,Minor Crash,No,2015,0.0,North,0.0,0,0.0,Hill Road,0.0,,0.0,,0.0,Overcast,2086502,1,0.0,0.0,2.0,0.0,0.0,0.0,0.0,0.0,,0.0,0.0,Wellington Region,Nil,2-way,Sealed,0.0,0.0,0,0.0,70.0,0.0,Null,0.0,0.0,,47,Wellington City,Unknown,0.0,0.0,0.0,0.0,0.0,0.0,Urban,0.0,0.0,0.0,Light rain,Null,0
67562550,,573700,0.0,0.0,0.0,0.0,0.0,South,2018/2019,SH 1N,HELSTON OBR,,Non-Injury Crash,Yes,2018,0.0,North,0.0,0,0.0,Flat,1.0,,0.0,,0.0,Twilight,2082800,0,0.0,0.0,4.0,0.0,0.0,0.0,0.0,0.0,,0.0,0.0,Wellington Region,Nil,2-way,Sealed,0.0,0.0,0,0.0,100.0,0.0,On,0.0,0.0,,47,Wellington City,Unknown,0.0,0.0,0.0,0.0,1.0,0.0,Open,0.0,0.0,0.0,Fine,Null,0
67562690,,573101,0.0,,0.0,2.0,,South,2018/2019,CUBA ST,TONKS GROVE,,Non-Injury Crash,No,2018,,South,,0,,Flat,,,,,,Overcast,2134600,0,0.0,0.0,2.0,,,0.0,,,,,,Wellington Region,Nil,2-way,Sealed,,0.0,0,,50.0,,Null,0.0,0.0,,47,Wellington City,Nil,,,,,0.0,0.0,Urban,0.0,,,Light rain,Null,0
67562722,,574900,0.0,0.0,0.0,1.0,0.0,West,2016/2017,KARORI RD,EAGLE ST,,Minor Crash,No,2016,0.0,East,0.0,0,0.0,Flat,0.0,,0.0,,0.0,Bright sun,2108804,1,0.0,0.0,2.0,0.0,0.0,0.0,0.0,2.0,,0.0,0.0,Wellington Region,Nil,2-way,Sealed,0.0,0.0,0,0.0,50.0,0.0,Off,2.0,0.0,,47,Wellington City,Unknown,0.0,0.0,0.0,0.0,0.0,0.0,Urban,0.0,0.0,0.0,Fine,Null,0
67562726,,575200,0.0,0.0,0.0,3.0,0.0,Null,2018/2019,NORTHLAND ROAD,GARDEN ROAD,,Minor Crash,No,2019,0.0,South,0.0,0,0.0,Hill Road,0.0,,0.0,,0.0,Overcast,2150900,1,0.0,0.0,2.0,0.0,0.0,0.0,0.0,0.0,,0.0,0.0,Wellington Region,Nil,2-way,Sealed,0.0,0.0,0,0.0,30.0,0.0,Off,0.0,0.0,,47,Wellington City,Give way,1.0,0.0,0.0,0.0,0.0,0.0,Urban,0.0,0.0,0.0,Fine,Null,0
67562758,,575000,0.0,,0.0,2.0,,Null,2017/2018,RAROA CRESCENT,CHAYTOR ST,,Non-Injury Crash,No,2018,,North,,0,,Hill Road,,,,,,Dark,2111100,0,0.0,0.0,2.0,,,0.0,,,,,,Wellington Region,Nil,2-way,Sealed,,0.0,0,,50.0,,On,0.0,0.0,,47,Wellington City,Give way,,,,,0.0,0.0,Urban,0.0,,,Fine,Null,0
67562836,,572900,0.0,,0.0,2.0,,North,2014/2015,TINAKORI ROAD,ASCOT ST,,Non-Injury Crash,No,2015,,North,,0,,Flat,,,,,,Bright sun,2121700,0,0.0,0.0,2.0,,,0.0,,,,,,Wellington Region,Nil,2-way,Sealed,,0.0,0,,30.0,,Null,0.0,0.0,,47,Wellington City,Nil,,,,,0.0,0.0,Urban,0.0,,,Fine,Null,0
67562858,,572702,0.0,,0.0,2.0,,North,2018/2019,WOODMAN DRIVE,KILKELLY CLOSE,,Serious Crash,No,2018,,North,,0,,Hill Road,,,,,,Dark,2053817,0,0.0,0.0,2.0,,,0.0,,,,,,Wellington Region,Nil,2-way,Sealed,,0.0,1,,50.0,,On,0.0,0.0,,47,Wellington City,Unknown,,,,,0.0,0.0,Urban,0.0,,,Fine,Null,0
67562859,,573000,0.0,,0.0,2.0,,South,2015/2016,SH 1N,SOUTH PORTAL,,Non-Injury Crash,Yes,2015,,South,,0,,Flat,,,,,,Twilight,2130600,0,0.0,0.0,3.0,,,0.0,,,,,,Wellington Region,Nil,2-way,Sealed,,0.0,0,,70.0,,On,0.0,0.0,,47,Wellington City,Nil,,,,,0.0,0.0,Urban,0.0,,,Light rain,Null,0
67562974,,573700,0.0,,0.0,1.0,,West,2018/2019,BRODERICK ROAD,JOHNSONVILLE ROAD,,Non-Injury Crash,No,2018,,Null,,0,,Null,,,,,,Unknown,2082900,0,0.0,0.0,2.0,,,0.0,,,,,,Wellington Region,Nil,2-way,Null,,0.0,0,,50.0,,Off,0.0,0.0,,47,Wellington City,Unknown,,,,,0.0,0.0,Urban,1.0,,,Heavy rain,Null,0
67562978,,573000,0.0,,0.0,2.0,,Null,2017/2018,THE TERRACE,MACDONALD CRESCENT,,Non-Injury Crash,No,2018,,South,,0,,Hill Road,,,,,,Dark,2130400,0,0.0,0.0,2.0,,,0.0,,,,,,Wellington Region,Nil,2-way,Sealed,,0.0,0,,50.0,,On,0.0,0.0,,47,Wellington City,Stop,,,,,0.0,0.0,Urban,0.0,,,Light rain,Null,0
67563076,,576903,0.0,,0.0,1.0,,Null,2015/2016,SH 1N,RUAHINE ST,,Non-Injury Crash,Yes,2015,,North,,0,,Hill Road,,,,,,Dark,2180400,0,1.0,0.0,,,,0.0,,,,,,Wellington Region,Nil,2-way,Sealed,,0.0,0,,50.0,,On,0.0,0.0,,47,Wellington City,Give way,,,,,0.0,0.0,Urban,0.0,,,Fine,Null,0
67563078,,573000,0.0,,0.0,0.0,,East,2018/2019,MERCER ST,WILLIS ST,,Non-Injury Crash,No,2018,,Null,,0,,Flat,,,,,,Bright sun,2127400,0,0.0,0.0,1.0,,,0.0,,,,,,Wellington Region,Nil,1-way,Sealed,,0.0,0,,50.0,,Off,0.0,0.0,,47,Wellington City,Unknown,,,,,0.0,1.0,Urban,1.0,,,Fine,Null,0
67563082,,573300,0.0,,0.0,2.0,,West,2018/2019,HUTCHISON ROAD,WESTLAND ROAD,,Non-Injury Crash,No,2018,,West,,0,,Hill Road,,,,,,Dark,2147700,0,0.0,0.0,2.0,,,0.0,,,,,,Wellington Region,Nil,2-way,Sealed,,0.0,0,,50.0,,On,0.0,0.0,,47,Wellington City,Give way,,,,,0.0,0.0,Urban,0.0,,,Fine,Null,0
67563195,,573101,0.0,,0.0,1.0,,North,2015/2016,CABLE ST,ORIENTAL PARADE,,Non-Injury Crash,No,2016,,South,,0,,Flat,,,,,,Overcast,2135500,0,1.0,0.0,3.0,,,0.0,,,,,,Wellington Region,Nil,1-way,Sealed,,0.0,0,,50.0,,Null,0.0,0.0,,47,Wellington City,Unknown,,,,,0.0,0.0,Urban,0.0,,,Fine,Null,0
67563210,,572900,1.0,,0.0,0.0,,South,2017/2018,TINAKORI ROAD,GLENBERVIE TERRACE,,Minor Crash,No,2018,,North,,0,,Flat,,,,,,Dark,2121600,2,0.0,0.0,2.0,,,0.0,,,1.0,,,Wellington Region,Nil,2-way,Sealed,,0.0,0,,50.0,,On,0.0,0.0,,47,Wellington City,Nil,,,,,0.0,0.0,Urban,0.0,,,Fine,Null,0
67563286,,573000,0.0,0.0,0.0,2.0,0.0,North,2018/2019,THE TERRACE,CHURCH ST,,Non-Injury Crash,No,2018,0.0,South,0.0,0,0.0,Hill Road,0.0,,0.0,,0.0,Dark,2127600,0,0.0,0.0,2.0,0.0,0.0,0.0,0.0,1.0,,0.0,0.0,Wellington Region,Nil,2-way,Sealed,0.0,0.0,0,0.0,50.0,0.0,On,0.0,0.0,,47,Wellington City,Unknown,0.0,0.0,0.0,0.0,0.0,0.0,Urban,0.0,0.0,0.0,Fine,Null,0
67563331,,575600,0.0,0.0,0.0,1.0,0.0,North,2014/2015,ASHTON FITCHETT DRIVE,WATERHOUSE DRIVE,,Non-Injury Crash,No,2015,0.0,North,0.0,0,0.0,Hill Road,0.0,,0.0,,0.0,Bright sun,2160101,0,0.0,0.0,0.0,0.0,0.0,0.0,0.0,0.0,,0.0,1.0,Wellington Region,Nil,2-way,Sealed,0.0,0.0,0,0.0,50.0,0.0,Null,0.0,0.0,,47,Wellington City,Nil,0.0,0.0,0.0,0.0,0.0,0.0,Urban,0.0,0.0,0.0,Fine,Null,0
67563406,,574600,0.0,0.0,0.0,2.0,0.0,East,2018/2019,BLACKBRIDGE ROAD,CHURCHILL DRIVE,,Non-Injury Crash,No,2018,0.0,West,0.0,0,0.0,Hill Road,0.0,Labour Weekend,0.0,,0.0,Overcast,2103700,0,0.0,0.0,2.0,0.0,0.0,0.0,0.0,1.0,,0.0,0.0,Wellington Region,Nil,2-way,Sealed,0.0,0.0,0,0.0,50.0,0.0,Null,0.0,0.0,,47,Wellington City,Unknown,0.0,0.0,0.0,0.0,0.0,0.0,Urban,0.0,0.0,0.0,Fine,Null,0
67563418,,576800,0.0,,0.0,1.0,,West,2018/2019,EVANS BAY PARADE,PATENT SLIP,,Non-Injury Crash,No,2018,,East,,0,,Flat,,,,,,Overcast,2182503,0,0.0,1.0,2.0,,,0.0,,,,,,Wellington Region,Nil,2-way,Sealed,,0.0,0,,50.0,,Null,0.0,0.0,,47,Wellington City,Unknown,,,,,0.0,0.0,Urban,0.0,,,Fine,Null,0
67563482,,573101,0.0,0.0,0.0,2.0,0.0,East,2017/2018,GHUZNEE ST,CUBA ST,,Non-Injury Crash,No,2017,0.0,West,0.0,0,0.0,Flat,0.0,,0.0,,0.0,Dark,2133600,0,0.0,0.0,2.0,0.0,0.0,0.0,0.0,0.0,,0.0,0.0,Wellington Region,Nil,2-way,Sealed,0.0,0.0,0,0.0,50.0,0.0,On,0.0,0.0,,47,Wellington City,Unknown,0.0,0.0,0.0,0.0,0.0,0.0,Urban,0.0,1.0,0.0,Fine,Null,0
67563499,,573000,0.0,,0.0,3.0,,North,2015/2016,SH 1N,NORTH PORTAL SBD,,Non-Injury Crash,Yes,2015,,South,,0,,Flat,,,,,,Bright sun,2126700,0,0.0,0.0,3.0,,,0.0,,,,,,Wellington Region,Nil,2-way,Sealed,,0.0,0,,70.0,,Null,0.0,0.0,,47,Wellington City,Unknown,,,,,0.0,0.0,Urban,0.0,,,Fine,Null,0
67563554,,574100,0.0,0.0,0.0,2.0,0.0,Null,2018/2019,SH 1N,NEWLANDS ON NBD,,Non-Injury Crash,Yes,2018,0.0,North,0.0,0,0.0,Hill Road,0.0,,0.0,,0.0,Dark,2084600,0,0.0,0.0,3.0,0.0,0.0,0.0,0.0,1.0,,0.0,0.0,Wellington Region,Motorway ramp,1-way,Sealed,0.0,0.0,0,0.0,80.0,0.0,On,0.0,0.0,,47,Wellington City,Nil,0.0,0.0,0.0,0.0,0.0,0.0,Open,0.0,0.0,0.0,Light rain,Null,0
67563618,,573101,0.0,,0.0,1.0,,Null,2018/2019,TARANAKI ST,WAKEFIELD ST,,Non-Injury Crash,No,2018,,North,,0,,Flat,,,,,,Overcast,2133200,0,0.0,0.0,5.0,,,0.0,,,,,,Wellington Region,Nil,2-way,Sealed,,0.0,0,,50.0,,Null,0.0,0.0,,47,Wellington City,Traffic Signals,,,,,0.0,0.0,Urban,1.0,,,Null,Null,0
67563674,,577000,0.0,,0.0,1.0,,North,2017/2018,QUEENS DRIVE,TORU ST,,Non-Injury Crash,No,2017,,South,,0,,Hill Road,,,,,,Overcast,2174000,0,0.0,0.0,2.0,,,0.0,,,,,,Wellington Region,Nil,2-way,Sealed,,0.0,0,,50.0,,Null,0.0,0.0,,47,Wellington City,Nil,,,,,0.0,0.0,Urban,1.0,,,Light rain,Null,0
67563787,,576500,0.0,0.0,0.0,2.0,0.0,Null,2015/2016,MEIN ST,DANIELL ST,,Non-Injury Crash,No,2015,0.0,West,0.0,0,0.0,Hill Road,0.0,,0.0,,0.0,Overcast,2149200,0,0.0,0.0,2.0,0.0,0.0,0.0,0.0,1.0,,0.0,0.0,Wellington Region,Nil,2-way,Sealed,0.0,0.0,0,0.0,50.0,0.0,Null,0.0,0.0,,47,Wellington City,Give way,0.0,0.0,0.0,0.0,0.0,0.0,Urban,0.0,0.0,0.0,Fine,Null,0
67563798,,573000,0.0,,0.0,2.0,,Null,2017/2018,FEATHERSTON ST,BALLANCE ST,,Non-Injury Crash,No,2018,,West,,0,,Flat,,,,,,Bright sun,2125200,0,0.0,0.0,2.0,,,0.0,,,,,,Wellington Region,Nil,2-way,Sealed,,0.0,0,,50.0,,Null,0.0,0.0,,47,Wellington City,Give way,,,,,0.0,0.0,Urban,0.0,,,Fine,Null,0
67563802,,573801,0.0,,0.0,2.0,,North,2018/2019,SH 1N,HELSTON OBR,,Non-Injury Crash,Yes,2018,,South,,0,,Flat,,,,,,Dark,2079900,0,0.0,0.0,4.0,,,0.0,,,,,,Wellington Region,Nil,2-way,Sealed,,0.0,0,,100.0,,On,0.0,0.0,,47,Wellington City,Unknown,,,,,0.0,0.0,Open,0.0,,,Fine,Null,0
67563822,,573101,0.0,,1.0,1.0,,Null,2017/2018,COURTENAY PLACE,TORY ST,,Non-Injury Crash,No,2018,,East,,0,,Flat,,,,,,Dark,2135600,0,0.0,0.0,2.0,,,0.0,,,,,,Wellington Region,Nil,2-way,Sealed,,0.0,0,,30.0,,On,0.0,0.0,,47,Wellington City,Traffic Signals,,,,,0.0,0.0,Urban,0.0,,,Fine,Null,0
67563926,,573000,0.0,,0.0,1.0,,Null,2018/2019,THE TERRACE,MAURICE TERRACE,,Minor Crash,No,2019,,North,,0,,Hill Road,,,,,,Overcast,2128700,1,0.0,1.0,2.0,,,0.0,,,,,,Wellington Region,Nil,2-way,Sealed,,0.0,0,,50.0,,Off,0.0,0.0,,47,Wellington City,Nil,,,,,0.0,0.0,Urban,0.0,,,Light rain,Null,0
67563964,,576400,0.0,,0.0,1.0,,Null,2014/2015,CONSTABLE ST,DANIELL ST,,Minor Crash,No,2015,,North,,0,,Flat,,,,,,Bright sun,2169101,1,0.0,0.0,2.0,,,0.0,,,1.0,,,Wellington Region,Nil,2-way,Sealed,,0.0,0,,50.0,,Off,0.0,1.0,,47,Wellington City,Traffic Signals,,,,,0.0,0.0,Urban,0.0,,,Fine,Null,0
67564004,,573101,0.0,,0.0,3.0,,South,2015/2016,JERVOIS QUAY,HARRIS ST,,Non-Injury Crash,No,2015,,North,,0,,Flat,,,,,,Dark,2133000,0,0.0,0.0,3.0,,,0.0,,,,,,Wellington Region,Nil,1-way,Sealed,,0.0,0,,50.0,,On,0.0,0.0,,47,Wellington City,Unknown,,,,,0.0,0.0,Urban,0.0,,,Fine,Null,0
67564038,,573300,0.0,,0.0,2.0,,Null,2018/2019,RUGBY STREET,ADELAIDE ROAD,,Non-Injury Crash,Yes,2018,,West,,0,,Flat,,,,,,Dark,2145602,0,0.0,0.0,3.0,,,0.0,,,,,,Wellington Region,Nil,1-way,Sealed,,0.0,0,,50.0,,On,0.0,0.0,,47,Wellington City,Traffic Signals,,,,,0.0,0.0,Urban,0.0,,,Fine,Null,0
67564178,,577102,0.0,,0.0,2.0,,Null,2017/2018,MONORGAN ROAD,BROADWAY,,Non-Injury Crash,No,2018,,North,,0,,Flat,,,,,,Bright sun,2215500,0,0.0,0.0,2.0,,,0.0,,,,,,Wellington Region,Nil,2-way,Sealed,,0.0,0,,50.0,,Null,0.0,1.0,,47,Wellington City,Stop,,,,,0.0,0.0,Urban,0.0,,,Fine,Null,0
67564219,,574302,0.0,0.0,0.0,1.0,0.0,South,2014/2015,GANGES ROAD,AGRA CRESCENT,,Non-Injury Crash,No,2015,0.0,South,0.0,0,0.0,Flat,0.0,,0.0,,0.0,Bright sun,2092700,0,0.0,0.0,1.0,0.0,1.0,0.0,0.0,0.0,,0.0,0.0,Wellington Region,Nil,1-way,Sealed,0.0,0.0,0,0.0,50.0,0.0,Off,0.0,0.0,,47,Wellington City,Nil,0.0,0.0,0.0,0.0,0.0,0.0,Urban,0.0,0.0,0.0,Fine,Null,0
67564291,,573901,0.0,0.0,0.0,2.0,0.0,North,2015/2016,BRACKEN ROAD,TREBANN ST,,Non-Injury Crash,No,2015,0.0,North,0.0,0,0.0,Hill Road,0.0,,0.0,,0.0,Overcast,2073300,0,0.0,0.0,2.0,0.0,0.0,0.0,0.0,1.0,,0.0,0.0,Wellington Region,Nil,2-way,Sealed,0.0,0.0,0,0.0,50.0,0.0,Null,0.0,0.0,,47,Wellington City,Unknown,0.0,0.0,0.0,0.0,0.0,0.0,Urban,0.0,0.0,0.0,Light rain,Null,0
67564350,,573300,1.0,,0.0,1.0,,Null,2017/2018,ADELAIDE ROAD,KING ST,,Minor Crash,No,2018,,North,,0,,Flat,,,,,,Overcast,2146100,1,0.0,0.0,4.0,,,0.0,,,,,,Wellington Region,Nil,2-way,Sealed,,0.0,0,,50.0,,Null,0.0,0.0,,47,Wellington City,Give way,,,,,0.0,0.0,Urban,0.0,,,Light rain,Null,0
67564382,,575300,0.0,0.0,0.0,2.0,0.0,Null,2018/2019,UPLAND RD,KOWHAI ROAD,,Non-Injury Crash,No,2018,0.0,Null,0.0,0,0.0,Null,0.0,,0.0,,0.0,Unknown,2153702,0,0.0,0.0,2.0,0.0,0.0,0.0,0.0,1.0,,0.0,0.0,Wellington Region,Nil,2-way,Sealed,0.0,0.0,0,0.0,30.0,0.0,Null,0.0,0.0,,47,Wellington City,Give way,0.0,0.0,0.0,0.0,0.0,0.0,Urban,0.0,0.0,0.0,Null,Null,0
67564494,,573300,0.0,0.0,0.0,2.0,0.0,North,2017/2018,SH 1N,RUGBY ST,,Non-Injury Crash,Yes,2018,0.0,North,0.0,0,0.0,Hill Road,0.0,,0.0,,0.0,Bright sun,2145602,0,0.0,0.0,3.0,0.0,0.0,0.0,0.0,1.0,,0.0,0.0,Wellington Region,Nil,1-way,Sealed,0.0,0.0,0,0.0,50.0,0.0,Null,0.0,0.0,,47,Wellington City,Unknown,0.0,0.0,0.0,0.0,0.0,0.0,Urban,0.0,0.0,0.0,Fine,Null,0
67564502,,573525,0.0,0.0,0.0,1.0,0.0,North,2018/2019,SH 1N,TAWA OFF SBD,,Non-Injury Crash,Yes,2018,0.0,South,0.0,0,0.0,Hill Road,1.0,,0.0,,0.0,Bright sun,2053827,0,0.0,0.0,2.0,0.0,0.0,0.0,0.0,0.0,,0.0,0.0,Wellington Region,Nil,1-way,Sealed,0.0,0.0,0,0.0,100.0,0.0,Null,0.0,0.0,,47,Wellington City,Unknown,0.0,0.0,0.0,0.0,0.0,0.0,Open,0.0,0.0,0.0,Fine,Null,0
67564694,,576302,0.0,,0.0,1.0,,Null,2017/2018,RUSSELL TERRACE,HERALD ST,,Minor Crash,No,2018,,North,,0,,Hill Road,,,,,,Dark,2166700,1,0.0,1.0,2.0,,,0.0,,,,,,Wellington Region,Nil,2-way,Sealed,,0.0,0,,50.0,,On,0.0,0.0,,47,Wellington City,Stop,,,,,0.0,0.0,Urban,0.0,,,Fine,Null,0
67564790,,573101,0.0,0.0,0.0,2.0,0.0,North,2018/2019,TORY ST,FORRESTERS LANE,,Non-Injury Crash,No,2018,0.0,Null,0.0,0,0.0,Flat,0.0,,0.0,,0.0,Overcast,2136000,0,0.0,0.0,2.0,0.0,0.0,0.0,0.0,1.0,,0.0,0.0,Wellington Region,Nil,2-way,Sealed,0.0,0.0,0,0.0,30.0,0.0,Off,0.0,0.0,,47,Wellington City,Unknown,0.0,0.0,0.0,0.0,0.0,0.0,Urban,0.0,0.0,0.0,Fine,Null,0
67564923,,577000,0.0,0.0,0.0,3.0,0.0,Null,2014/2015,ONEPU ROAD,WHA ST,,Non-Injury Crash,No,2015,0.0,North,0.0,0,0.0,Flat,0.0,,0.0,,0.0,Bright sun,2174800,0,0.0,0.0,2.0,0.0,0.0,0.0,0.0,1.0,,0.0,0.0,Wellington Region,Nil,2-way,Sealed,0.0,0.0,0,0.0,50.0,0.0,Null,0.0,0.0,,47,Wellington City,Give way,0.0,0.0,0.0,0.0,0.0,0.0,Urban,0.0,0.0,0.0,Fine,Null,0
67565005,,577301,0.0,,0.0,2.0,,South,2017/2018,DARLINGTON ROAD,TOTARA TERRACE,,Minor Crash,No,2018,,South,,0,,Flat,,,,,,Overcast,2204000,2,0.0,0.0,2.0,,,0.0,,,,,,Wellington Region,Nil,2-way,Sealed,,0.0,0,,50.0,,Null,0.0,0.0,,47,Wellington City,Unknown,,,,,0.0,0.0,Urban,0.0,,,Fine,Null,0
67565033,,573300,1.0,0.0,0.0,0.0,0.0,North,2018/2019,WALLACE ST,HOWARD ST,,Non-Injury Crash,No,2018,0.0,South,0.0,0,0.0,Hill Road,0.0,,0.0,,0.0,Overcast,2147100,0,0.0,0.0,2.0,0.0,0.0,0.0,0.0,1.0,,0.0,0.0,Wellington Region,Nil,2-way,Sealed,0.0,0.0,0,0.0,50.0,0.0,Null,1.0,0.0,,47,Wellington City,Unknown,0.0,0.0,0.0,0.0,0.0,0.0,Urban,0.0,0.0,0.0,Fine,Null,0
67565035,,577000,0.0,,0.0,2.0,,Null,2015/2016,QUEENS DRIVE,RUA ST,,Non-Injury Crash,No,2016,,North,,0,,Flat,,Christmas New Year,,,,Overcast,2174300,0,0.0,0.0,2.0,,,0.0,,,,,,Wellington Region,Nil,2-way,Sealed,,0.0,0,,50.0,,Null,0.0,0.0,,47,Wellington City,Give way,,,,,0.0,0.0,Urban,0.0,,,Mist or Fog,Null,0