OBJECTID,advisorySpeed,areaUnitID,bicycle,bridge,bus,carStationWagon,cliffBank,crashDirectionDescription,crashFinancialYear,crashLocation1,crashLocation2,crashRoadSideRoad,crashSeverity,crashSHDescription,crashYear,debris,directionRoleDescription,ditch,fatalCount,fence,flatHill,guardRail,holiday,houseOrBuilding,intersection,kerb,light,meshblockId,minorInjuryCount,moped,motorcycle,NumberOfLanes,objectThrownOrDropped,otherObject,otherVehicleType,overBank,parkedVehicle,pedestrian,phoneBoxEtc,postOrPole,region,roadCharacter,roadLane,roadSurface,roadworks,schoolBus,seriousInjuryCount,slipOrFlood,speedLimit,strayAnimal,streetLight,suv,taxi,temporarySpeedLimit,tlaId,tlaName,trafficControl,trafficIsland,trafficSign,train,tree,truck,unknownVehicleType,urban,vanOrUtility,vehicle,waterRiver,weatherA,weatherB,if_pandemic
67565059,,574500,0.0,,0.0,4.0,,North,2015/2016,SH 1N,AOTEA ON NBD,,Non-Injury Crash,Yes,2016,,North,,0,,Flat,,,,,,Bright sun,2093600,0,0.0,0.0,3.0,,,0.0,,,,,,Wellington Region,Nil,1-way,Sealed,,0.0,0,,100.0,,Null,0.0,0.0,70.0,47,Wellington City,Unknown,,,,,0.0,0.0,Open,0.0,,,Fine,Null,0
67565075,,575200,0.0,,1.0,0.0,,Null,2015/2016,NORTHLAND ROAD,WOBURN ROAD,,Non-Injury Crash,No,2015,,East,,0,,Hill Road,,,,,,Bright sun,2150500,0,0.0,0.0,2.0,,,0.0,,,,,,Wellington Region,Nil,2-way,Sealed,,0.0,0,,50.0,,Null,0.0,0.0,,47,Wellington City,Nil,,,,,0.0,0.0,Urban,1.0,,,Fine,Null,0
67565139,,572900,0.0,,0.0,2.0,,South,2014/2015,SH 1N,TERRACE OFF SBD,,Non-Injury Crash,Yes,2015,,South,,0,,Hill Road,,,,,,Bright sun,2122100,0,0.0,0.0,2.0,,,0.0,,,,,,Wellington Region,Nil,2-way,Sealed,,0.0,0,,50.0,,Null,0.0,0.0,,47,Wellington City,Nil,,,,,0.0,0.0,Urban,0.0,,,Fine,Null,0
67565185,,573000,0.0,,0.0,1.0,,Null,2017/2018,WHITMORE STREET,STOUT STREET,,Serious Crash,No,2018,,West,,0,,Flat,,,,,,Twilight,2125000,0,0.0,0.0,5.0,,,0.0,,,1.0,,,Wellington Region,Nil,2-way,Sealed,,0.0,1,,50.0,,On,0.0,0.0,,47,Wellington City,Traffic Signals,,,,,0.0,0.0,Urban,0.0,,,Fine,Strong wind,0
67565341,,574001,0.0,0.0,0.0,1.0,0.0,West,2018/2019,NEWLANDS ROAD,BRACKEN ROAD,,Non-Injury Crash,No,2018,0.0,West,0.0,0,0.0,Flat,0.0,,0.0,,0.0,Dark,2076300,0,0.0,0.0,2.0,0.0,0.0,0.0,0.0,1.0,,0.0,0.0,Wellington Region,Nil,2-way,Sealed,0.0,0.0,0,0.0,50.0,0.0,On,0.0,0.0,,47,Wellington City,Unknown,0.0,0.0,0.0,0.0,0.0,0.0,Urban,1.0,0.0,0.0,Fine,Null,0
67565409,,573400,0.0,0.0,0.0,2.0,0.0,North,2018/2019,BROUGHAM ST,ARMOUR AVENUE,,Non-Injury Crash,No,2018,0.0,Null,0.0,0,0.0,Flat,0.0,,0.0,,0.0,Bright sun,2143900,0,0.0,0.0,2.0,0.0,0.0,0.0,0.0,1.0,,0.0,0.0,Wellington Region,Nil,2-way,Sealed,0.0,0.0,0,0.0,50.0,0.0,Off,0.0,0.0,,47,Wellington City,Unknown,0.0,0.0,0.0,0.0,0.0,0.0,Urban,0.0,0.0,0.0,Fine,Null,0
67565469,,576600,0.0,0.0,0.0,1.0,0.0,Null,2017/2018,MOELLER ST,HAWKER ST,,Non-Injury Crash,No,2018,0.0,East,0.0,0,0.0,Hill Road,0.0,,0.0,,1.0,Dark,2137900,0,0.0,0.0,2.0,0.0,0.0,0.0,0.0,0.0,,0.0,0.0,Wellington Region,Nil,2-way,Sealed,0.0,0.0,0,0.0,50.0,0.0,On,0.0,0.0,,47,Wellington City,Nil,0.0,0.0,0.0,0.0,0.0,0.0,Urban,0.0,0.0,0.0,Fine,Null,0
67565501,,576400,0.0,,0.0,3.0,,East,2017/2018,CONSTABLE ST,RIDDIFORD ST,,Non-Injury Crash,No,2018,,West,,0,,Flat,,,,,,Bright sun,2168400,0,0.0,0.0,2.0,,,0.0,,,,,,Wellington Region,Nil,2-way,Sealed,,0.0,0,,50.0,,Null,0.0,0.0,,47,Wellington City,Unknown,,,,,0.0,0.0,Urban,0.0,,,Fine,Null,0
67565521,,572900,0.0,,0.0,0.0,,South,2017/2018,SH 1N,AOTEA ON NBD,,Minor Crash,Yes,2018,,North,,0,,Flat,,,,,,Overcast,2118400,1,0.0,0.0,7.0,,,0.0,,,,,,Wellington Region,Nil,2-way,Sealed,,0.0,0,,100.0,,Null,2.0,0.0,,47,Wellington City,Unknown,,,,,0.0,0.0,Open,1.0,,,Fine,Strong wind,0
67565627,,573400,1.0,,0.0,0.0,,East,2016/2017,ORIENTAL PARADE,HERD ST,,Minor Crash,No,2016,,East,,0,,Flat,,,,,,Bright sun,2138800,1,0.0,0.0,2.0,,,0.0,,,,,,Wellington Region,Nil,2-way,Sealed,,0.0,0,,50.0,,Null,1.0,0.0,,47,Wellington City,Nil,,,,,0.0,0.0,Urban,0.0,,,Fine,Null,0
67565650,,575702,0.0,0.0,0.0,1.0,0.0,South,2014/2015,MOFFITT ST,PEARCE ST,,Non-Injury Crash,No,2015,0.0,North,0.0,0,1.0,Hill Road,0.0,Easter,0.0,,0.0,Overcast,2200300,0,0.0,0.0,2.0,0.0,0.0,0.0,0.0,0.0,,0.0,0.0,Wellington Region,Nil,2-way,Sealed,0.0,0.0,0,0.0,50.0,0.0,Null,0.0,0.0,,47,Wellington City,Unknown,0.0,0.0,0.0,1.0,0.0,0.0,Urban,0.0,0.0,0.0,Fine,Null,0
67565677,,573000,0.0,,0.0,0.0,,North,2017/2018,THE TERRACE,SALAMANCA ROAD,,Non-Injury Crash,No,2018,,North,,0,,Hill Road,,,,,,Bright sun,2128200,0,1.0,0.0,2.0,,,0.0,,,1.0,,,Wellington Region,Nil,2-way,Sealed,,0.0,0,,50.0,,Null,0.0,0.0,,47,Wellington City,Unknown,,,,,0.0,0.0,Urban,0.0,,,Light rain,Null,0
67565701,,573000,0.0,,0.0,0.0,,North,2018/2019,THE TERRACE,DIXON ST,,Serious Crash,No,2018,,North,,0,,Hill Road,,,,,,Dark,2128200,0,0.0,0.0,2.0,,,0.0,,,1.0,,,Wellington Region,Nil,2-way,Sealed,,0.0,1,,50.0,,On,0.0,0.0,,47,Wellington City,Nil,,,,,0.0,0.0,Urban,1.0,,,Fine,Null,0
67565755,,576301,0.0,,0.0,2.0,,North,2015/2016,RIDDIFORD ST,ARNEY ST,,Non-Injury Crash,No,2015,,South,,0,,Flat,,,,,,Overcast,2165700,0,0.0,0.0,2.0,,,0.0,,,,,,Wellington Region,Nil,2-way,Sealed,,0.0,0,,50.0,,Off,0.0,0.0,,47,Wellington City,Nil,,,,,0.0,0.0,Urban,0.0,,,Fine,Null,0
67565761,,573801,0.0,,0.0,2.0,,North,2017/2018,HELSTON ROAD,PETHERICK CRESCENT,,Non-Injury Crash,No,2018,,South,,0,,Hill Road,,,,,,Dark,2078800,0,0.0,0.0,2.0,,,0.0,,,,,,Wellington Region,Nil,2-way,Sealed,,0.0,0,,50.0,,On,0.0,0.0,,47,Wellington City,Unknown,,,,,0.0,0.0,Urban,0.0,,,Fine,Null,0
67565873,,576002,0.0,0.0,0.0,1.0,0.0,East,2017/2018,THAMES ST,CLYDE ST,,Non-Injury Crash,No,2018,0.0,West,0.0,0,0.0,Flat,0.0,,0.0,,0.0,Bright sun,2192100,0,0.0,0.0,2.0,0.0,0.0,0.0,0.0,1.0,,0.0,0.0,Wellington Region,Nil,2-way,Sealed,0.0,0.0,0,0.0,50.0,0.0,Null,0.0,0.0,,47,Wellington City,Unknown,0.0,0.0,0.0,0.0,0.0,0.0,Urban,1.0,0.0,0.0,Fine,Null,0
67565955,,573802,0.0,,0.0,2.0,,East,2015/2016,STEWART DRIVE,HELSTON ROAD,,Minor Crash,No,2015,,West,,0,,Null,,,,,,Bright sun,2079200,2,0.0,0.0,2.0,,,0.0,,,,,,Wellington Region,Nil,2-way,Sealed,,0.0,0,,50.0,,Null,0.0,0.0,,47,Wellington City,Unknown,,,,,0.0,0.0,Urban,0.0,,,Fine,Null,0
67566025,,574002,0.0,0.0,0.0,2.0,0.0,South,2018/2019,SH 1N,NEWLANDS ON SBD,,Non-Injury Crash,Yes,2018,0.0,South,0.0,0,0.0,Hill Road,1.0,,0.0,,0.0,Dark,2078304,0,0.0,0.0,3.0,0.0,0.0,0.0,0.0,0.0,,0.0,1.0,Wellington Region,Nil,1-way,Sealed,0.0,0.0,0,0.0,80.0,0.0,On,0.0,0.0,,47,Wellington City,Unknown,0.0,1.0,0.0,0.0,0.0,0.0,Open,0.0,0.0,0.0,Fine,Null,0
67566153,,572900,0.0,,0.0,3.0,,North,2018/2019,SH 1N,MAY ON NBD,,Non-Injury Crash,Yes,2018,,North,,0,,Flat,,,,,,Dark,2118500,0,0.0,0.0,3.0,,,0.0,,,,,,Wellington Region,Nil,1-way,Sealed,,0.0,0,,100.0,,On,0.0,0.0,,47,Wellington City,Unknown,,,,,0.0,0.0,Open,0.0,,,Fine,Null,0
67566345,,575200,0.0,,0.0,1.0,,North,2017/2018,RAROA CRESCENT,MOANA ROAD,,Minor Crash,No,2018,,South,,0,,Hill Road,,,,,,Bright sun,2149900,1,1.0,0.0,2.0,,,0.0,,,,,,Wellington Region,Nil,2-way,Sealed,,0.0,0,,50.0,,Null,0.0,0.0,,47,Wellington City,Unknown,,,,,0.0,0.0,Urban,0.0,,,Fine,Null,0
67566377,,576200,0.0,0.0,0.0,1.0,0.0,West,2018/2019,BRITOMART ST,STANLEY ST,,Non-Injury Crash,No,2018,0.0,West,0.0,0,0.0,Hill Road,0.0,,0.0,,0.0,Overcast,2172400,0,0.0,0.0,2.0,0.0,0.0,0.0,0.0,1.0,,0.0,0.0,Wellington Region,Nil,2-way,Sealed,0.0,0.0,0,0.0,50.0,0.0,Null,0.0,0.0,,47,Wellington City,Unknown,0.0,0.0,0.0,0.0,1.0,0.0,Urban,0.0,0.0,0.0,Fine,Null,0
67566397,,573000,0.0,0.0,0.0,2.0,0.0,North,2018/2019,THE TERRACE,SHELL LANE,,Non-Injury Crash,No,2019,0.0,North,0.0,0,0.0,Hill Road,0.0,,0.0,,0.0,Overcast,2124400,0,0.0,0.0,2.0,0.0,0.0,0.0,0.0,1.0,,0.0,0.0,Wellington Region,Nil,2-way,Sealed,0.0,0.0,0,0.0,50.0,0.0,Off,0.0,0.0,,47,Wellington City,Unknown,0.0,0.0,0.0,0.0,0.0,0.0,Urban,0.0,0.0,0.0,Fine,Null,0
67566434,,573000,0.0,0.0,0.0,2.0,0.0,North,2014/2015,SH 1N,EVERTON OBR,,Non-Injury Crash,Yes,2015,1.0,North,0.0,0,0.0,Hill Road,0.0,,0.0,,0.0,Dark,2126100,0,0.0,0.0,2.0,0.0,0.0,0.0,0.0,0.0,,0.0,0.0,Wellington Region,Nil,1-way,Sealed,0.0,0.0,0,0.0,100.0,0.0,On,0.0,1.0,,47,Wellington City,Nil,0.0,0.0,0.0,0.0,0.0,0.0,Open,0.0,0.0,0.0,Fine,Null,0
67566466,,572500,0.0,,0.0,2.0,,North,2015/2016,BOSCOBEL LANE,TAKAPU ROAD,,Minor Crash,No,2015,,South,,0,,Hill Road,,,,,,Overcast,1986300,2,0.0,0.0,0.0,,,0.0,,,,,,Wellington Region,Nil,2-way,Sealed,,0.0,0,,50.0,,Null,0.0,0.0,,47,Wellington City,Nil,,,,,0.0,0.0,Urban,0.0,,,Light rain,Null,0
67566562,,576700,0.0,0.0,0.0,3.0,0.0,North,2015/2016,EVANS BAY PARADE,MAIDA VALE ROAD,,Non-Injury Crash,No,2015,0.0,North,0.0,0,0.0,Flat,0.0,Labour Weekend,0.0,,0.0,Bright sun,2186900,0,0.0,0.0,2.0,0.0,0.0,0.0,0.0,1.0,,0.0,0.0,Wellington Region,Nil,2-way,Sealed,0.0,0.0,0,0.0,50.0,0.0,Null,0.0,0.0,,47,Wellington City,Nil,0.0,0.0,0.0,0.0,0.0,0.0,Urban,0.0,0.0,0.0,Fine,Null,0
67566617,,573101,0.0,,0.0,0.0,,Null,2017/2018,WAKEFIELD ST,TARANAKI ST,,Non-Injury Crash,No,2017,,East,,0,,Flat,,,,,,Overcast,2133200,0,0.0,1.0,2.0,,,0.0,,,,,,Wellington Region,Nil,2-way,Sealed,,0.0,0,,50.0,,Null,0.0,0.0,,47,Wellington City,Traffic Signals,,,,,1.0,0.0,Urban,0.0,,,Fine,Null,0
67566637,,576301,1.0,,0.0,0.0,,Null,2018/2019,RIDDIFORD ST,HOWELL AVENUE,,Minor Crash,No,2019,,North,,0,,Flat,,,,,,Bright sun,2163500,1,0.0,0.0,2.0,,,0.0,,,,,,Wellington Region,Nil,2-way,Sealed,,0.0,0,,50.0,,Off,0.0,0.0,,47,Wellington City,Nil,,,,,0.0,0.0,Urban,0.0,,,Fine,Null,0
67566665,,577101,0.0,0.0,0.0,2.0,0.0,East,2018/2019,BROADWAY,THE QUADRANT,,Minor Crash,No,2019,0.0,East,0.0,0,0.0,Flat,0.0,,0.0,,0.0,Bright sun,2215600,2,0.0,0.0,2.0,0.0,0.0,0.0,0.0,1.0,,0.0,0.0,Wellington Region,Nil,2-way,Sealed,0.0,0.0,0,0.0,30.0,0.0,None,0.0,1.0,,47,Wellington City,Unknown,0.0,0.0,0.0,0.0,0.0,0.0,Urban,0.0,0.0,0.0,Fine,Null,0
67566741,,573000,0.0,0.0,0.0,1.0,0.0,West,2018/2019,TERRACE OFF SBD,THE TERRACE,,Serious Crash,Yes,2018,0.0,South,0.0,0,0.0,Flat,1.0,,0.0,,0.0,Dark,2124600,0,0.0,0.0,2.0,0.0,0.0,0.0,0.0,0.0,,0.0,0.0,Wellington Region,Motorway ramp,1-way,Sealed,0.0,0.0,1,0.0,80.0,0.0,On,0.0,0.0,,47,Wellington City,Unknown,0.0,0.0,0.0,0.0,0.0,0.0,Open,0.0,0.0,0.0,Fine,Null,0
67566917,,573000,0.0,,0.0,1.0,,Null,2018/2019,WARING TAYLOR STREET,FEATHERSTON STREET,,Minor Crash,No,2018,,West,,0,,Flat,,,,,,Bright sun,2125300,1,0.0,0.0,1.0,,,0.0,,,1.0,,,Wellington Region,Nil,1-way,Sealed,,0.0,0,,50.0,,Off,0.0,0.0,,47,Wellington City,Traffic Signals,,,,,0.0,0.0,Urban,0.0,,,Fine,Null,0
67566978,,573101,0.0,,0.0,1.0,,Null,2015/2016,TARANAKI ST,WIGAN ST,,Minor Crash,No,2015,,East,,0,,Hill Road,,,,,,Bright sun,2134900,1,0.0,0.0,3.0,,,0.0,,,1.0,,,Wellington Region,Nil,2-way,Sealed,,0.0,0,,50.0,,Null,0.0,0.0,,47,Wellington City,Give way,,,,,0.0,0.0,Urban,0.0,,,Fine,Null,0
67567053,,576100,0.0,0.0,0.0,2.0,0.0,South,2017/2018,SUTHERLAND ROAD,CARLTON ST,,Non-Injury Crash,No,2018,0.0,North,0.0,0,0.0,Hill Road,0.0,,0.0,,0.0,Bright sun,2195100,0,0.0,0.0,2.0,0.0,0.0,0.0,0.0,1.0,,0.0,0.0,Wellington Region,Nil,2-way,Sealed,0.0,0.0,0,0.0,50.0,0.0,Null,0.0,0.0,,47,Wellington City,Unknown,0.0,0.0,0.0,0.0,0.0,0.0,Urban,0.0,0.0,0.0,Fine,Null,0
67567117,,573101,0.0,0.0,1.0,0.0,0.0,South,2018/2019,CAMBRIDGE TERRACE,WAKEFIELD ST,,Non-Injury Crash,No,2018,0.0,North,0.0,0,0.0,Flat,0.0,,0.0,,0.0,Dark,2135700,0,0.0,0.0,2.0,0.0,0.0,0.0,0.0,1.0,,0.0,0.0,Wellington Region,Nil,1-way,Sealed,0.0,0.0,0,0.0,50.0,0.0,On,1.0,0.0,,47,Wellington City,Unknown,0.0,0.0,0.0,0.0,0.0,0.0,Urban,0.0,0.0,0.0,Light rain,Null,0
67567141,,576901,0.0,0.0,1.0,0.0,0.0,Null,2017/2018,RONGOTAI ROAD,ONEPU ROAD,,Non-Injury Crash,No,2017,0.0,East,0.0,0,0.0,Flat,0.0,,0.0,,0.0,Overcast,2178300,0,0.0,0.0,2.0,0.0,0.0,0.0,0.0,0.0,,0.0,0.0,Wellington Region,Nil,2-way,Sealed,0.0,0.0,0,0.0,30.0,0.0,Null,0.0,0.0,,47,Wellington City,Traffic Signals,0.0,1.0,0.0,0.0,0.0,0.0,Urban,0.0,0.0,0.0,Fine,Null,0
67567162,,576800,0.0,0.0,0.0,3.0,0.0,North,2014/2015,HATAITAI ROAD,HUIA ROAD,,Non-Injury Crash,No,2015,0.0,North,0.0,0,0.0,Hill Road,0.0,,0.0,,0.0,Dark,2184300,0,0.0,0.0,2.0,0.0,0.0,0.0,0.0,1.0,,0.0,0.0,Wellington Region,Nil,2-way,Sealed,0.0,0.0,0,0.0,50.0,0.0,On,0.0,0.0,,47,Wellington City,Nil,0.0,0.0,0.0,0.0,0.0,0.0,Urban,0.0,0.0,0.0,Fine,Null,0
67567229,,573300,0.0,0.0,0.0,1.0,0.0,South,2018/2019,WALLACE ST,FINLAY TERRACE,,Minor Crash,No,2018,0.0,South,0.0,0,0.0,Hill Road,0.0,,1.0,,0.0,Bright sun,2147100,2,0.0,0.0,2.0,0.0,0.0,0.0,0.0,0.0,,0.0,0.0,Wellington Region,Nil,2-way,Sealed,0.0,0.0,0,0.0,50.0,0.0,Null,0.0,0.0,,47,Wellington City,Nil,0.0,0.0,0.0,0.0,0.0,0.0,Urban,0.0,0.0,0.0,Fine,Null,0
67567339,,574200,0.0,,0.0,2.0,,North,2014/2015,BURMA ROAD,KIM ST,,Non-Injury Crash,No,2015,,South,,0,,Hill Road,,,,,,Bright sun,2088000,0,0.0,0.0,2.0,,,0.0,,,,,,Wellington Region,Nil,2-way,Sealed,,0.0,0,,50.0,,Off,0.0,0.0,,47,Wellington City,Nil,,,,,0.0,0.0,Urban,0.0,,,Fine,Null,0
67567346,,573000,0.0,,0.0,2.0,,Null,2015/2016,CUSTOMHOUSE QUAY,JOHNSTON ST,,Non-Injury Crash,No,2015,,South,,0,,Flat,,,,,,Dark,2124300,0,0.0,0.0,3.0,,,0.0,,,,,,Wellington Region,Nil,2-way,Sealed,,0.0,0,,50.0,,On,0.0,0.0,,47,Wellington City,Traffic Signals,,,,,0.0,0.0,Urban,0.0,,,Light rain,Null,0
67567441,,577500,0.0,0.0,0.0,1.0,0.0,Null,2017/2018,HECTOR ST,DUNDAS ST,,Non-Injury Crash,No,2018,0.0,East,0.0,0,0.0,Flat,0.0,,0.0,,0.0,Dark,2210900,0,0.0,0.0,2.0,0.0,0.0,0.0,0.0,1.0,,0.0,0.0,Wellington Region,Nil,2-way,Sealed,0.0,0.0,0,0.0,50.0,0.0,On,1.0,0.0,,47,Wellington City,Nil,0.0,0.0,0.0,0.0,0.0,0.0,Urban,0.0,0.0,0.0,Fine,Null,0
67567458,,576500,0.0,,0.0,2.0,,Null,2015/2016,ADELAIDE ROAD,ALFRED ST,,Non-Injury Crash,No,2016,,North,,0,,Flat,,,,,,Overcast,2148000,0,0.0,0.0,4.0,,,0.0,,,,,,Wellington Region,Nil,2-way,Sealed,,0.0,0,,50.0,,On,0.0,0.0,,47,Wellington City,Give way,,,,,0.0,0.0,Urban,0.0,,,Fine,Null,0
67567555,,576301,1.0,0.0,0.0,2.0,0.0,Null,2015/2016,RIDDIFORD ST,CONSTABLE ST,,Minor Crash,No,2015,0.0,South,0.0,0,0.0,Flat,0.0,,0.0,,0.0,Overcast,2165200,1,0.0,0.0,2.0,0.0,0.0,0.0,0.0,1.0,,0.0,0.0,Wellington Region,Nil,2-way,Sealed,0.0,0.0,0,0.0,40.0,0.0,Off,0.0,0.0,,47,Wellington City,Traffic Signals,0.0,0.0,0.0,0.0,0.0,0.0,Urban,0.0,0.0,0.0,Fine,Null,0
67567562,,576400,0.0,0.0,0.0,1.0,0.0,East,2015/2016,MEIN ST,MINERVA ST,,Non-Injury Crash,No,2015,0.0,West,0.0,0,0.0,Hill Road,0.0,,0.0,,0.0,Bright sun,2167100,0,0.0,0.0,2.0,0.0,0.0,0.0,0.0,1.0,,0.0,0.0,Wellington Region,Nil,2-way,Sealed,0.0,0.0,0,0.0,50.0,0.0,Null,0.0,0.0,,47,Wellington City,Unknown,0.0,0.0,0.0,0.0,1.0,0.0,Urban,0.0,0.0,0.0,Fine,Null,0
67567573,,573700,0.0,,0.0,1.0,,Null,2018/2019,IRONSIDE ROAD,BASSETT ROAD,,Minor Crash,No,2018,,South,,0,,Flat,,,,,,Dark,2082300,1,0.0,0.0,2.0,,,0.0,,,1.0,,,Wellington Region,Nil,2-way,Sealed,,0.0,0,,50.0,,On,0.0,0.0,,47,Wellington City,Give way,,,,,0.0,0.0,Urban,0.0,,,Fine,Null,0
67567645,,574303,0.0,,0.0,1.0,,Null,2017/2018,SH 1N,NEWLANDS OFF NBD,,Non-Injury Crash,Yes,2018,,South,,0,,Hill Road,,,,,,Twilight,2084302,0,0.0,0.0,4.0,,,0.0,,,,,,Wellington Region,Motorway ramp,1-way,Sealed,,0.0,0,,80.0,,On,0.0,0.0,,47,Wellington City,Nil,,,,,1.0,0.0,Open,0.0,,,Light rain,Null,0
67567713,,573101,0.0,,0.0,1.0,,Null,2017/2018,VICTORIA ST,GHUZNEE ST,,Non-Injury Crash,No,2018,,South,,0,,Flat,,,,,,Dark,2131700,0,0.0,0.0,4.0,,,0.0,,,,,,Wellington Region,Nil,2-way,Sealed,,0.0,0,,50.0,,On,0.0,0.0,,47,Wellington City,Traffic Signals,,,,,0.0,0.0,Urban,1.0,,,Fine,Null,0
67567840,,574002,0.0,0.0,0.0,0.0,0.0,South,2018/2019,SH 1N,NEWLANDS ON SBD,,Minor Crash,Yes,2018,0.0,South,0.0,0,0.0,Hill Road,1.0,,0.0,,0.0,Overcast,2078304,1,0.0,0.0,7.0,0.0,0.0,0.0,0.0,0.0,,0.0,0.0,Wellington Region,Nil,2-way,Sealed,0.0,0.0,0,0.0,80.0,0.0,Null,0.0,0.0,,47,Wellington City,Unknown,0.0,0.0,0.0,0.0,0.0,0.0,Open,1.0,0.0,0.0,Light rain,Null,0
67568018,,576903,0.0,,0.0,2.0,,South,2015/2016,SH 1N,GOA ST,,Minor Crash,Yes,2016,,South,,0,,Flat,,,,,,Bright sun,2180601,1,0.0,0.0,2.0,,,0.0,,,,,,Wellington Region,Nil,2-way,Sealed,,0.0,0,,50.0,,Null,0.0,0.0,,47,Wellington City,Unknown,,,,,0.0,0.0,Urban,0.0,,,Fine,Null,0
67568052,,576800,0.0,,0.0,1.0,,North,2018/2019,EVANS BAY PDE,GRETA PT,,Non-Injury Crash,No,2018,,North,,0,,Hill Road,,,,,,Unknown,2182503,0,0.0,0.0,2.0,,,0.0,,,,,,Wellington Region,Nil,2-way,Sealed,,0.0,0,,50.0,,Null,0.0,0.0,,47,Wellington City,Unknown,,,,,0.0,0.0,Urban,1.0,,,Null,Null,0
67568064,,572900,0.0,0.0,0.0,0.0,0.0,North,2018/2019,AOTEA QUAY,WATERLOO QUAY,,Non-Injury Crash,No,2018,0.0,North,0.0,0,1.0,Flat,0.0,,0.0,,1.0,Dark,2118400,0,0.0,0.0,4.0,0.0,0.0,0.0,0.0,0.0,,0.0,0.0,Wellington Region,Nil,2-way,Sealed,0.0,0.0,0,0.0,50.0,0.0,On,0.0,0.0,,47,Wellington City,Unknown,0.0,0.0,0.0,0.0,0.0,0.0,Urban,1.0,0.0,0.0,Light rain,Null,0
67568121,,574600,0.0,,0.0,1.0,,South,2015/2016,MAIRANGI ROAD,MARGARET ST,,Serious Crash,No,2016,,North,,0,,Hill Road,,,,,,Bright sun,2101000,0,0.0,0.0,2.0,,,0.0,,,1.0,,,Wellington Region,Nil,2-way,Sealed,,0.0,1,,50.0,,Null,0.0,0.0,,47,Wellington City,Unknown,,,,,0.0,0.0,Urban,0.0,,,Fine,Null,0
67568250,,573700,0.0,,0.0,1.0,,South,2015/2016,JOHNSONVILLE ROAD,FRASER AVENUE,,Minor Crash,No,2015,,West,,0,,Flat,,,,,,Bright sun,2083100,1,0.0,0.0,1.0,,,0.0,,,1.0,,,Wellington Region,Nil,1-way,Sealed,,0.0,0,,50.0,,Null,0.0,0.0,,47,Wellington City,Give way,,,,,0.0,0.0,Urban,0.0,,,Fine,Null,0
67568254,,574002,0.0,,0.0,2.0,,North,2014/2015,SH 2,SH 1N,,Non-Injury Crash,Yes,2015,,North,,0,,Flat,,,,,,Bright sun,2078302,0,0.0,0.0,2.0,,,0.0,,,,,,Wellington Region,Nil,2-way,Sealed,,0.0,0,,80.0,,Null,0.0,0.0,,47,Wellington City,Nil,,,,,0.0,0.0,Open,0.0,,,Fine,Null,0
67568310,,574800,0.0,0.0,0.0,1.0,0.0,East,2014/2015,CHAYTOR ST,KARORI ROAD,,Non-Injury Crash,No,2015,0.0,East,0.0,0,1.0,Hill Road,0.0,,0.0,,0.0,Overcast,2106000,0,0.0,0.0,2.0,0.0,0.0,0.0,0.0,0.0,,0.0,0.0,Wellington Region,Nil,2-way,Sealed,0.0,0.0,0,0.0,50.0,0.0,Null,0.0,0.0,,47,Wellington City,Unknown,0.0,0.0,0.0,0.0,0.0,0.0,Urban,0.0,0.0,0.0,Light rain,Null,0
67568353,,576400,0.0,,0.0,1.0,,East,2014/2015,CONSTABLE ST,COROMANDEL ST,,Non-Injury Crash,No,2015,,West,,0,,Hill Road,,,,,,Bright sun,2169600,0,0.0,1.0,2.0,,,0.0,,,,,,Wellington Region,Nil,2-way,Sealed,,0.0,0,,50.0,,Null,0.0,0.0,,47,Wellington City,Unknown,,,,,0.0,0.0,Urban,0.0,,,Fine,Null,0
67568513,,577602,0.0,0.0,0.0,2.0,0.0,North,2015/2016,MAUPUIA ROAD,MIRAMAR AVENUE,,Non-Injury Crash,No,2015,0.0,South,0.0,0,0.0,Hill Road,0.0,,0.0,,0.0,Dark,2201400,0,0.0,0.0,2.0,0.0,0.0,0.0,0.0,1.0,,0.0,0.0,Wellington Region,Nil,2-way,Sealed,0.0,0.0,0,0.0,50.0,0.0,On,0.0,0.0,,47,Wellington City,Unknown,0.0,0.0,0.0,0.0,0.0,0.0,Urban,0.0,0.0,0.0,Light rain,Null,0
67568562,,576901,0.0,,0.0,1.0,,Null,2014/2015,SALEK ST,COUTTS ST,,Non-Injury Crash,No,2015,,South,,0,,Flat,,,,,,Bright sun,2177500,0,0.0,0.0,2.0,,,0.0,,,,,,Wellington Region,Nil,2-way,Sealed,,0.0,0,,50.0,,Null,0.0,0.0,,47,Wellington City,Give way,,,,,0.0,0.0,Urban,1.0,,,Fine,Null,0
67568657,,575702,0.0,,0.0,2.0,,Null,2015/2016,MANA ST,KRULL ST,,Non-Injury Crash,No,2015,,South,,0,,Hill Road,,,,,,Twilight,2199200,0,0.0,0.0,2.0,,,0.0,,,,,,Wellington Region,Nil,2-way,Sealed,,0.0,0,,50.0,,None,0.0,0.0,,47,Wellington City,Nil,,,,,0.0,0.0,Urban,0.0,,,Fine,Null,0
67568674,,573300,0.0,0.0,0.0,1.0,0.0,Null,2015/2016,CAMBRIDGE TERRACE,BUCKLE ST,,Non-Injury Crash,No,2015,0.0,East,0.0,0,0.0,Hill Road,0.0,,0.0,,1.0,Dark,2145602,0,0.0,0.0,2.0,0.0,1.0,0.0,0.0,0.0,,0.0,0.0,Wellington Region,Nil,1-way,Sealed,0.0,0.0,0,0.0,50.0,0.0,On,0.0,0.0,,47,Wellington City,Nil,0.0,0.0,0.0,0.0,0.0,0.0,Urban,0.0,0.0,0.0,Fine,Null,0