OBJECTID,advisorySpeed,areaUnitID,bicycle,bridge,bus,carStationWagon,cliffBank,crashDirectionDescription,crashFinancialYear,crashLocation1,crashLocation2,crashRoadSideRoad,crashSeverity,crashSHDescription,crashYear,debris,directionRoleDescription,ditch,fatalCount,fence,flatHill,guardRail,holiday,houseOrBuilding,intersection,kerb,light,meshblockId,minorInjuryCount,moped,motorcycle,NumberOfLanes,objectThrownOrDropped,otherObject,otherVehicleType,overBank,parkedVehicle,pedestrian,phoneBoxEtc,postOrPole,region,roadCharacter,roadLane,roadSurface,roadworks,schoolBus,seriousInjuryCount,slipOrFlood,speedLimit,strayAnimal,streetLight,suv,taxi,temporarySpeedLimit,tlaId,tlaName,trafficControl,trafficIsland,trafficSign,train,tree,truck,unknownVehicleType,urban,vanOrUtility,vehicle,waterRiver,weatherA,weatherB,if_pandemic
67580037,,573700,0.0,,0.0,2.0,,North,2017/2018,SH 1N,JVILLE OBR,,Minor Crash,Yes,2017,,North,,0,,Flat,,,,,,Overcast,2082800,1,0.0,2.0,4.0,,,0.0,,,,,,Wellington Region,Nil,2-way,Sealed,,0.0,0,,100.0,,Null,0.0,0.0,,47,Wellington City,Unknown,,,,,0.0,0.0,Open,0.0,,,Fine,Null,0
67580061,,573101,0.0,0.0,0.0,2.0,0.0,West,2016/2017,EBOR ST,TORY ST,,Non-Injury Crash,No,2016,0.0,West,0.0,0,0.0,Flat,0.0,,0.0,,0.0,Dark,2136400,0,0.0,0.0,2.0,0.0,0.0,0.0,0.0,1.0,,0.0,0.0,Wellington Region,Nil,2-way,Sealed,0.0,0.0,0,0.0,50.0,0.0,On,0.0,0.0,,47,Wellington City,Unknown,0.0,0.0,0.0,0.0,0.0,0.0,Urban,0.0,0.0,0.0,Null,Null,0
67580098,,576400,0.0,0.0,0.0,3.0,0.0,South,2016/2017,DANIELL ST,CONSTABLE ST,,Non-Injury Crash,No,2016,0.0,South,0.0,0,0.0,Flat,0.0,,0.0,,0.0,Bright sun,2169101,0,0.0,0.0,2.0,0.0,0.0,0.0,0.0,1.0,,0.0,0.0,Wellington Region,Nil,2-way,Sealed,0.0,0.0,0,0.0,50.0,0.0,Null,0.0,0.0,,47,Wellington City,Traffic Signals,0.0,0.0,0.0,0.0,0.0,0.0,Urban,0.0,0.0,0.0,Fine,Null,0
67580109,,573101,0.0,0.0,0.0,0.0,0.0,West,2016/2017,HOLLAND ST,TORY ST,,Non-Injury Crash,No,2017,0.0,West,0.0,0,0.0,Flat,0.0,,1.0,,0.0,Dark,2135900,0,0.0,0.0,2.0,0.0,0.0,0.0,0.0,0.0,,0.0,0.0,Wellington Region,Nil,2-way,Sealed,0.0,0.0,0,0.0,50.0,0.0,On,0.0,0.0,,47,Wellington City,Unknown,0.0,0.0,0.0,0.0,1.0,0.0,Urban,0.0,0.0,0.0,Light rain,Null,0
67580158,,572900,0.0,0.0,0.0,1.0,0.0,West,2016/2017,MAY ON NBD,MOLESWORTH ST,,Minor Crash,No,2016,0.0,North,0.0,0,0.0,Hill Road,1.0,,0.0,,0.0,Overcast,2119500,1,0.0,0.0,1.0,0.0,0.0,0.0,0.0,0.0,,0.0,0.0,Wellington Region,Motorway ramp,1-way,Sealed,0.0,0.0,0,0.0,50.0,0.0,Off,0.0,0.0,,47,Wellington City,Unknown,0.0,0.0,0.0,0.0,0.0,0.0,Urban,0.0,0.0,0.0,Light rain,Null,0
67580254,,574002,0.0,,0.0,1.0,,South,2015/2016,SH 2,NGAURANGA ON NBD OBR,,Minor Crash,Yes,2016,,South,,0,,Flat,,,,,,Overcast,2078302,1,0.0,1.0,2.0,,,0.0,,,,,,Wellington Region,Nil,1-way,Sealed,,0.0,0,,70.0,,Null,0.0,0.0,,47,Wellington City,Unknown,,,,,0.0,0.0,Urban,0.0,,,Light rain,Null,0
67580262,,573000,0.0,,0.0,1.0,,North,2016/2017,CUSTOMHOUSE QUAY,BRANDON ST,,Minor Crash,No,2016,,North,,0,,Flat,,,,,,Bright sun,2124300,1,0.0,1.0,2.0,,,0.0,,,,,,Wellington Region,Nil,1-way,Sealed,,0.0,0,,50.0,,Null,0.0,0.0,,47,Wellington City,Traffic Signals,,,,,0.0,0.0,Urban,0.0,,,Fine,Null,0
67580317,,572600,0.0,,0.0,2.0,,South,2016/2017,MAIN ROAD,OXFORD ST,,Non-Injury Crash,No,2016,,North,,0,,Flat,,,,,,Overcast,1992300,0,0.0,0.0,2.0,,,0.0,,,,,,Wellington Region,Nil,2-way,Sealed,,0.0,0,,50.0,,Null,0.0,0.0,,47,Wellington City,Give way,,,,,0.0,0.0,Urban,0.0,,,Fine,Null,0
67580342,,572900,0.0,,0.0,2.0,,Null,2015/2016,BUNNY ST,WATERLOO QUAY,,Minor Crash,No,2016,,West,,0,,Flat,,,,,,Bright sun,2122700,1,0.0,0.0,1.0,,,0.0,,,,,,Wellington Region,Nil,1-way,Sealed,,0.0,0,,50.0,,Null,0.0,0.0,,47,Wellington City,Traffic Signals,,,,,0.0,0.0,Urban,0.0,,,Fine,Null,0
67580426,,573400,0.0,,0.0,1.0,,West,2015/2016,SH 1N,WEST PORTAL,,Non-Injury Crash,Yes,2015,,East,,0,,Flat,,,,,,Overcast,2143300,0,0.0,0.0,4.0,,,0.0,,,,,,Wellington Region,Nil,2-way,Sealed,,0.0,0,,50.0,,Off,0.0,0.0,,47,Wellington City,Unknown,,,,,0.0,0.0,Urban,1.0,,,Fine,Null,0
67580490,,573000,0.0,0.0,0.0,1.0,0.0,South,2015/2016,THE TERRACE,GLENCOE LANE,,Non-Injury Crash,No,2016,0.0,North,0.0,0,0.0,Hill Road,0.0,Easter,0.0,,0.0,Dark,2124400,0,0.0,0.0,2.0,0.0,0.0,1.0,0.0,1.0,,0.0,0.0,Wellington Region,Nil,2-way,Sealed,0.0,0.0,0,0.0,50.0,0.0,On,0.0,0.0,,47,Wellington City,Unknown,0.0,0.0,0.0,0.0,0.0,0.0,Urban,0.0,0.0,0.0,Fine,Null,0
67580494,,573000,0.0,0.0,0.0,2.0,0.0,North,2015/2016,FEATHERSTON ST,WARING TAYLOR ST,,Non-Injury Crash,No,2016,0.0,South,0.0,0,0.0,Flat,0.0,,0.0,,0.0,Bright sun,2125200,0,0.0,0.0,2.0,0.0,0.0,0.0,0.0,1.0,,0.0,0.0,Wellington Region,Nil,1-way,Sealed,0.0,0.0,0,0.0,50.0,0.0,None,0.0,0.0,,47,Wellington City,Unknown,0.0,0.0,0.0,0.0,0.0,0.0,Urban,0.0,0.0,0.0,Fine,Null,0
67580506,,576100,0.0,,0.0,1.0,,Null,2016/2017,WITHAM ST,MELROSE ROAD,,Non-Injury Crash,No,2016,,North,,0,,Flat,,Christmas New Year,,,,Twilight,2194003,0,0.0,1.0,2.0,,,0.0,,,,,,Wellington Region,Nil,2-way,Sealed,,0.0,0,,50.0,,On,0.0,0.0,,47,Wellington City,Give way,,,,,0.0,0.0,Urban,0.0,,,Fine,Null,0
67580557,,573101,0.0,,0.0,1.0,,Null,2015/2016,WILLIS ST,WEBB ST,,Non-Injury Crash,No,2016,,North,,0,,Flat,,,,,,Bright sun,2132900,0,0.0,0.0,4.0,,,0.0,,,,,,Wellington Region,Nil,2-way,Sealed,,0.0,0,,50.0,,Null,0.0,0.0,,47,Wellington City,Traffic Signals,,,,,1.0,0.0,Urban,0.0,,,Fine,Null,0
67580562,,573101,0.0,,0.0,1.0,,West,2016/2017,SERVICE LANE,VICTORIA ST,,Minor Crash,No,2017,,North,,0,,Flat,,,,,,Overcast,2131900,1,0.0,0.0,1.0,,,0.0,,,1.0,,,Wellington Region,Nil,2-way,Sealed,,0.0,0,,50.0,,Null,0.0,0.0,,47,Wellington City,Nil,,,,,0.0,0.0,Urban,0.0,,,Fine,Null,0
67580566,,573101,0.0,,0.0,0.0,,East,2016/2017,WAKEFIELD ST,CUBA ST,,Non-Injury Crash,No,2016,,West,,0,,Flat,,,,,,Overcast,2133100,0,0.0,0.0,2.0,,,0.0,,,,,,Wellington Region,Nil,2-way,Sealed,,0.0,0,,50.0,,Null,0.0,0.0,,47,Wellington City,Unknown,,,,,1.0,0.0,Urban,1.0,,,Null,Null,0
67580818,,573000,0.0,,0.0,4.0,,North,2015/2016,SH 1N,NORTH PORTAL SBD,,Non-Injury Crash,Yes,2016,,South,,0,,Flat,,,,,,Dark,2126700,0,0.0,0.0,2.0,,,0.0,,,,,,Wellington Region,Bridge,2-way,Sealed,,0.0,0,,70.0,,On,0.0,0.0,,47,Wellington City,Unknown,,,,,0.0,0.0,Urban,0.0,,,Light rain,Null,0
67580861,,573300,0.0,,0.0,3.0,,South,2015/2016,WALLACE ST,ROLLESTON ST,,Non-Injury Crash,No,2016,,North,,0,,Flat,,,,,,Dark,2146500,0,0.0,0.0,2.0,,,0.0,,,,,,Wellington Region,Nil,2-way,Sealed,,0.0,0,,50.0,,On,0.0,0.0,,47,Wellington City,Unknown,,,,,0.0,0.0,Urban,0.0,,,Mist or Fog,Null,0
67580866,,577000,0.0,,0.0,2.0,,Null,2016/2017,FREYBERG ST,WHA ST,,Minor Crash,No,2016,,North,,0,,Flat,,,,,,Bright sun,2174000,2,0.0,0.0,2.0,,,0.0,,,,,,Wellington Region,Nil,2-way,Sealed,,0.0,0,,50.0,,Null,0.0,0.0,,47,Wellington City,Stop,,,,,0.0,0.0,Urban,0.0,,,Fine,Null,0
67580893,,574002,0.0,0.0,0.0,1.0,0.0,North,2015/2016,SH 2,NGAURANGA ON NBD OBR,,Non-Injury Crash,Yes,2016,1.0,North,0.0,0,0.0,Flat,0.0,,0.0,,0.0,Overcast,2078302,0,0.0,0.0,2.0,0.0,0.0,0.0,0.0,0.0,,0.0,0.0,Wellington Region,Nil,1-way,Sealed,0.0,0.0,0,0.0,100.0,0.0,Null,0.0,0.0,,47,Wellington City,Unknown,0.0,0.0,0.0,0.0,0.0,0.0,Open,0.0,0.0,0.0,Null,Null,0
67580954,,573000,0.0,0.0,0.0,1.0,0.0,Null,2015/2016,BOULCOTT ST,OREILY AVENUE,,Non-Injury Crash,No,2016,0.0,South,0.0,0,0.0,Hill Road,0.0,,0.0,,0.0,Bright sun,2127900,0,0.0,0.0,2.0,0.0,1.0,0.0,0.0,0.0,,0.0,0.0,Wellington Region,Nil,2-way,Sealed,0.0,0.0,0,0.0,30.0,0.0,Null,0.0,0.0,,47,Wellington City,Nil,0.0,0.0,0.0,0.0,0.0,0.0,Urban,0.0,0.0,0.0,Light rain,Null,0
67580962,,577200,0.0,0.0,0.0,1.0,0.0,North,2016/2017,IRA ST,DEVONSHIRE ROAD,,Non-Injury Crash,No,2016,0.0,North,0.0,0,0.0,Flat,0.0,,0.0,,0.0,Overcast,2208100,0,0.0,0.0,2.0,0.0,0.0,0.0,0.0,1.0,,0.0,0.0,Wellington Region,Nil,2-way,Sealed,0.0,0.0,0,0.0,50.0,0.0,Null,1.0,0.0,,47,Wellington City,Unknown,0.0,0.0,0.0,0.0,0.0,0.0,Urban,0.0,0.0,0.0,Fine,Null,0
67580990,,573300,0.0,0.0,0.0,3.0,0.0,North,2015/2016,TASMAN ST,COOMBE ST,,Non-Injury Crash,No,2016,0.0,South,0.0,0,0.0,Hill Road,0.0,,0.0,,0.0,Dark,2146900,0,0.0,0.0,2.0,0.0,0.0,0.0,0.0,1.0,,0.0,0.0,Wellington Region,Nil,2-way,Sealed,0.0,0.0,0,0.0,50.0,0.0,On,0.0,0.0,,47,Wellington City,Unknown,0.0,0.0,0.0,0.0,0.0,0.0,Urban,0.0,0.0,0.0,Light rain,Null,0
67581026,,573802,0.0,,0.0,2.0,,South,2016/2017,SH 1N,HELSTON OBR,,Non-Injury Crash,Yes,2016,,South,,0,,Flat,,,,,,Bright sun,2079100,0,0.0,0.0,2.0,,,0.0,,,,,,Wellington Region,Nil,1-way,Sealed,,0.0,0,,100.0,,Null,0.0,0.0,,47,Wellington City,Unknown,,,,,0.0,0.0,Open,1.0,,,Fine,Null,0
67581069,,573700,0.0,,0.0,1.0,,East,2017/2018,MOOREFIELD ROAD,TRAFALGAR ST,,Minor Crash,No,2017,,West,,0,,Hill Road,,,,,,Dark,2082800,1,0.0,0.0,2.0,,,0.0,,,1.0,,,Wellington Region,Nil,2-way,Sealed,,0.0,0,,50.0,,On,0.0,0.0,,47,Wellington City,Nil,,,,,0.0,0.0,Urban,0.0,,,Heavy rain,Null,0
67581086,,573522,0.0,0.0,0.0,1.0,0.0,South,2016/2017,SH 1N,TAWA ON SBD,,Serious Crash,Yes,2017,0.0,South,0.0,0,0.0,Flat,1.0,,0.0,,0.0,Overcast,2086311,0,0.0,0.0,4.0,0.0,0.0,0.0,0.0,0.0,,0.0,0.0,Wellington Region,Nil,2-way,Sealed,0.0,0.0,1,0.0,100.0,0.0,Null,0.0,0.0,,47,Wellington City,Unknown,0.0,0.0,0.0,0.0,0.0,0.0,Open,0.0,0.0,0.0,Fine,Null,0
67581212,,576200,0.0,0.0,0.0,2.0,0.0,North,2016/2017,ADELAIDE ROAD,AKATEA ST,,Serious Crash,No,2017,0.0,South,0.0,0,0.0,Flat,0.0,,0.0,,0.0,Bright sun,2173000,0,0.0,0.0,2.0,0.0,0.0,0.0,0.0,1.0,,0.0,0.0,Wellington Region,Nil,2-way,Sealed,0.0,0.0,1,0.0,50.0,0.0,Null,0.0,0.0,,47,Wellington City,Unknown,0.0,0.0,0.0,0.0,0.0,0.0,Urban,0.0,0.0,0.0,Fine,Null,0
67581241,,573000,0.0,,0.0,1.0,,Null,2016/2017,HUNTER ST,JERVOIS QUAY,,Non-Injury Crash,No,2016,,East,,0,,Flat,,,,,,Bright sun,2125900,0,0.0,0.0,2.0,,,0.0,,,,,,Wellington Region,Nil,1-way,Sealed,,0.0,0,,50.0,,Null,0.0,1.0,,47,Wellington City,Traffic Signals,,,,,0.0,0.0,Urban,1.0,,,Fine,Null,0
67581300,,573700,0.0,,0.0,2.0,,Null,2016/2017,MOOREFIELD ROAD,JOHNSONVILLE ON NBD,,Non-Injury Crash,No,2017,,South,,0,,Flat,,,,,,Overcast,2082300,0,0.0,0.0,1.0,,,0.0,,,,,,Wellington Region,Nil,1-way,Sealed,,0.0,0,,50.0,,Null,0.0,0.0,,47,Wellington City,Give way,,,,,0.0,0.0,Urban,0.0,,,Fine,Null,0
67581333,,573000,0.0,0.0,0.0,1.0,0.0,North,2016/2017,THE TERRACE,ALLENBY TERRACE,,Non-Injury Crash,No,2017,0.0,North,0.0,0,0.0,Hill Road,0.0,,0.0,,0.0,Dark,2126900,0,0.0,0.0,2.0,0.0,0.0,0.0,0.0,1.0,,0.0,0.0,Wellington Region,Nil,2-way,Sealed,0.0,0.0,0,0.0,50.0,0.0,On,1.0,0.0,,47,Wellington City,Nil,0.0,0.0,0.0,0.0,0.0,0.0,Urban,0.0,0.0,0.0,Fine,Null,0
67581345,,573101,0.0,,0.0,2.0,,Null,2016/2017,SH 1N,CAMBRIDGE TERRACE,,Non-Injury Crash,Yes,2016,,East,,0,,Flat,,,,,,Overcast,2136700,0,0.0,0.0,3.0,,,0.0,,,,,,Wellington Region,Nil,1-way,Sealed,,0.0,0,,50.0,,Null,0.0,0.0,,47,Wellington City,Traffic Signals,,,,,0.0,0.0,Urban,0.0,,,Fine,Null,0
67581349,,573101,0.0,,0.0,2.0,,Null,2016/2017,SH 1N,CAMBRIDGE TERRACE,,Non-Injury Crash,Yes,2016,,East,,0,,Flat,,,,,,Dark,2136700,0,0.0,0.0,3.0,,,0.0,,,,,,Wellington Region,Nil,1-way,Sealed,,0.0,0,,50.0,,On,0.0,0.0,,47,Wellington City,Traffic Signals,,,,,0.0,0.0,Urban,0.0,,,Fine,Null,0
67581484,,576800,0.0,0.0,1.0,0.0,0.0,North,2015/2016,WAIPAPA ROAD,PERANGA TERRACE,,Non-Injury Crash,No,2016,0.0,South,0.0,0,0.0,Hill Road,0.0,,0.0,,0.0,Overcast,2183700,0,0.0,0.0,2.0,0.0,0.0,0.0,0.0,1.0,,0.0,0.0,Wellington Region,Nil,2-way,Sealed,0.0,0.0,0,0.0,50.0,0.0,Null,1.0,0.0,,47,Wellington City,Unknown,0.0,0.0,0.0,0.0,0.0,0.0,Urban,0.0,0.0,0.0,Fine,Null,0
67581501,,573400,0.0,,0.0,2.0,,East,2015/2016,ORIENTAL PARADE,HERD ST,,Non-Injury Crash,No,2016,,West,,0,,Flat,,,,,,Bright sun,2138800,0,0.0,0.0,2.0,,,0.0,,,,,,Wellington Region,Nil,2-way,Sealed,,0.0,0,,40.0,,Null,0.0,0.0,,47,Wellington City,Unknown,,,,,0.0,0.0,Urban,0.0,,,Null,Null,0
67581533,,573000,0.0,,0.0,2.0,,North,2015/2016,SH 1N,SOUTH PORTAL,,Non-Injury Crash,Yes,2015,,South,,0,,Flat,,,,,,Bright sun,2130600,0,0.0,0.0,3.0,,,0.0,,,,,,Wellington Region,Nil,2-way,Sealed,,0.0,0,,70.0,,Null,0.0,0.0,,47,Wellington City,Nil,,,,,0.0,0.0,Urban,0.0,,,Fine,Null,0
67581556,,574500,0.0,,0.0,1.0,,North,2015/2016,SH 1N,AOTEA OFF SBD,,Non-Injury Crash,Yes,2016,,South,,0,,Flat,,,,,,Bright sun,2093400,0,0.0,0.0,6.0,,,0.0,,,,,,Wellington Region,Nil,2-way,Sealed,,0.0,0,,70.0,,Null,0.0,0.0,,47,Wellington City,Unknown,,,,,1.0,0.0,Urban,0.0,,,Fine,Null,0
67581601,,573000,0.0,,0.0,2.0,,Null,2016/2017,CUSTOMHOUSE QUAY,JERVOIS QUAY,,Non-Injury Crash,No,2016,,North,,0,,Flat,,,,,,Overcast,2124300,0,0.0,0.0,1.0,,,0.0,,,,,,Wellington Region,Nil,1-way,Sealed,,0.0,0,,50.0,,Null,0.0,0.0,,47,Wellington City,Give way,,,,,0.0,0.0,Urban,0.0,,,Fine,Null,0
67581613,,576500,0.0,,1.0,1.0,,Null,2015/2016,SH 1N RUGBY ST,ADELAIDE ROAD,,Non-Injury Crash,Yes,2016,,North,,0,,Flat,,,,,,Bright sun,2147900,0,0.0,0.0,3.0,,,0.0,,,,,,Wellington Region,Nil,1-way,Sealed,,0.0,0,,50.0,,Null,0.0,0.0,,47,Wellington City,Traffic Signals,,,,,0.0,0.0,Urban,0.0,,,Fine,Null,0
67581620,,573000,0.0,,0.0,1.0,,West,2016/2017,SALAMANCA ROAD,THE TERRACE,,Non-Injury Crash,No,2016,,West,,0,,Hill Road,,,,,,Bright sun,2126900,0,0.0,0.0,2.0,,,0.0,,,,,,Wellington Region,Nil,2-way,Sealed,,0.0,0,,50.0,,Null,1.0,0.0,,47,Wellington City,Unknown,,,,,0.0,0.0,Urban,0.0,,,Light rain,Null,0
67581633,,577200,0.0,,0.0,2.0,,West,2015/2016,MIRAMAR AVENUE,STONE ST,,Non-Injury Crash,No,2016,,East,,0,,Flat,,,,,,Bright sun,2206200,0,0.0,0.0,2.0,,,0.0,,,,,,Wellington Region,Nil,2-way,Sealed,,0.0,0,,50.0,,Null,0.0,0.0,,47,Wellington City,Nil,,,,,0.0,0.0,Urban,0.0,,,Fine,Null,0
67581713,,574302,0.0,0.0,0.0,2.0,0.0,South,2016/2017,BOX HILL,CLARK ST,,Non-Injury Crash,No,2016,0.0,North,0.0,0,0.0,Hill Road,0.0,,0.0,,0.0,Dark,2090800,0,0.0,0.0,2.0,0.0,0.0,0.0,0.0,1.0,,0.0,0.0,Wellington Region,Nil,2-way,Sealed,0.0,0.0,0,0.0,50.0,0.0,On,0.0,0.0,,47,Wellington City,Unknown,0.0,0.0,0.0,0.0,0.0,0.0,Urban,0.0,0.0,0.0,Fine,Null,0
67581804,,576800,0.0,0.0,0.0,3.0,0.0,South,2016/2017,HATAITAI ROAD,RAKAU ROAD,,Minor Crash,No,2017,0.0,South,0.0,0,0.0,Hill Road,0.0,,0.0,,0.0,Overcast,2184300,1,0.0,0.0,1.0,0.0,0.0,0.0,0.0,1.0,,0.0,0.0,Wellington Region,Nil,2-way,Sealed,0.0,0.0,0,0.0,50.0,0.0,Null,0.0,0.0,,47,Wellington City,Unknown,0.0,0.0,0.0,0.0,0.0,0.0,Urban,0.0,0.0,0.0,Light rain,Null,0
67581829,,576600,0.0,,0.0,2.0,,North,2016/2017,ORIENTAL PARADE,GRASS ST,,Non-Injury Crash,No,2016,,North,,0,,Flat,,,,,,Bright sun,2137500,0,0.0,0.0,2.0,,,0.0,,,,,,Wellington Region,Nil,2-way,Sealed,,0.0,0,,50.0,,Null,0.0,0.0,,47,Wellington City,Unknown,,,,,0.0,0.0,Urban,0.0,,,Null,Null,0
67582036,,573101,0.0,,0.0,2.0,,East,2016/2017,COURTENAY PLACE,BLAIR ST,,Non-Injury Crash,No,2016,,East,,0,,Flat,,,,,,Dark,2135700,0,0.0,0.0,1.0,,,0.0,,,,,,Wellington Region,Nil,1-way,Sealed,,0.0,0,,30.0,,On,0.0,0.0,,47,Wellington City,Unknown,,,,,0.0,0.0,Urban,0.0,,,Fine,Null,0
67582145,,574401,0.0,0.0,0.0,0.0,0.0,East,2016/2017,CHELMSFORD ST,ROTHSAY ROAD,,Serious Crash,No,2016,0.0,West,0.0,0,0.0,Hill Road,0.0,,0.0,,0.0,Dark,2094602,0,0.0,0.0,2.0,0.0,0.0,0.0,0.0,1.0,,0.0,0.0,Wellington Region,Nil,2-way,Sealed,0.0,0.0,1,0.0,50.0,0.0,On,2.0,0.0,,47,Wellington City,Unknown,0.0,0.0,0.0,0.0,0.0,0.0,Urban,0.0,0.0,0.0,Fine,Null,0
67582193,,573000,0.0,0.0,0.0,1.0,1.0,South,2015/2016,SH 1N,SOUTH PORTAL,,Non-Injury Crash,Yes,2016,0.0,North,0.0,0,0.0,Hill Road,0.0,,0.0,,0.0,Bright sun,2129600,0,0.0,0.0,2.0,0.0,0.0,0.0,0.0,0.0,,0.0,0.0,Wellington Region,Nil,1-way,Sealed,0.0,0.0,0,0.0,50.0,0.0,Null,0.0,0.0,,47,Wellington City,Unknown,0.0,0.0,0.0,0.0,1.0,0.0,Urban,0.0,0.0,0.0,Fine,Null,0
67582197,,575200,0.0,0.0,0.0,2.0,0.0,East,2015/2016,GARDEN ROAD,ORANGI KAUPAPA ROAD,,Non-Injury Crash,No,2016,0.0,East,0.0,0,0.0,Hill Road,0.0,,0.0,,0.0,Bright sun,2151300,0,0.0,0.0,2.0,0.0,0.0,0.0,0.0,1.0,,0.0,0.0,Wellington Region,Nil,2-way,Sealed,0.0,0.0,0,0.0,50.0,0.0,Null,0.0,0.0,,47,Wellington City,Unknown,0.0,0.0,0.0,0.0,1.0,0.0,Urban,0.0,0.0,0.0,Fine,Null,0
67582209,,576800,0.0,0.0,0.0,2.0,0.0,Null,2015/2016,HATAITAI ROAD,KONINI ROAD,,Non-Injury Crash,No,2016,0.0,East,0.0,0,0.0,Hill Road,0.0,,0.0,,0.0,Overcast,2182100,0,0.0,0.0,2.0,0.0,0.0,0.0,0.0,1.0,,0.0,0.0,Wellington Region,Nil,2-way,Sealed,0.0,0.0,0,0.0,50.0,0.0,Null,0.0,0.0,,47,Wellington City,Nil,0.0,0.0,0.0,0.0,0.0,0.0,Urban,0.0,0.0,0.0,Fine,Null,0
67582228,,574001,0.0,0.0,0.0,1.0,1.0,North,2016/2017,GLANMIRE ROAD,LINK ROAD,,Minor Crash,No,2016,0.0,North,0.0,0,0.0,Hill Road,0.0,,0.0,,0.0,Bright sun,2076200,3,0.0,0.0,2.0,0.0,0.0,0.0,0.0,1.0,,0.0,0.0,Wellington Region,Nil,2-way,Sealed,0.0,0.0,0,0.0,50.0,0.0,Null,1.0,0.0,,47,Wellington City,Unknown,0.0,0.0,0.0,0.0,0.0,0.0,Urban,0.0,0.0,0.0,Fine,Null,0
67582244,,572900,0.0,,1.0,1.0,,South,2015/2016,MULGRAVE ST,PIPITEA ST,,Non-Injury Crash,No,2016,,South,,0,,Hill Road,,,,,,Overcast,2121400,0,0.0,0.0,2.0,,,0.0,,,,,,Wellington Region,Nil,1-way,Sealed,,0.0,0,,50.0,,Null,0.0,0.0,,47,Wellington City,Unknown,,,,,0.0,0.0,Urban,0.0,,,Fine,Null,0
67582340,,573101,0.0,,1.0,0.0,,East,2015/2016,COURTENAY PLACE,TORY ST,,Non-Injury Crash,No,2016,,West,,0,,Flat,,Easter,,,,Bright sun,2135700,0,0.0,0.0,4.0,,,0.0,,,,,,Wellington Region,Nil,2-way,Sealed,,0.0,0,,30.0,,Null,0.0,0.0,,47,Wellington City,Traffic Signals,,,,,0.0,0.0,Urban,1.0,,,Fine,Null,0
67582369,,577200,0.0,,0.0,1.0,,Null,2015/2016,CALEDONIA ST,KAURI ST,,Non-Injury Crash,No,2016,,West,,0,,Flat,,,,,,Bright sun,2207000,0,0.0,0.0,2.0,,,0.0,,,,,,Wellington Region,Nil,2-way,Sealed,,0.0,0,,50.0,,Null,0.0,0.0,,47,Wellington City,Stop,,,,,0.0,0.0,Urban,1.0,,,Fine,Strong wind,0
67582556,,573522,0.0,,0.0,2.0,,Null,2016/2017,TAWA OFF NBD,TAKAPU ROAD,,Non-Injury Crash,Yes,2017,,North,,0,,Hill Road,,,,,,Bright sun,2053703,0,0.0,0.0,2.0,,,0.0,,,,,,Wellington Region,Nil,1-way,Sealed,,0.0,0,,50.0,,Null,0.0,0.0,,47,Wellington City,Give way,,,,,0.0,0.0,Urban,0.0,,,Fine,Null,0
67582633,,573101,0.0,,0.0,1.0,,Null,2016/2017,DIXON ST,VICTORIA ST,,Non-Injury Crash,No,2016,,West,,0,,Flat,,,,,,Bright sun,2131300,0,0.0,0.0,2.0,,,0.0,,,,,,Wellington Region,Nil,1-way,Sealed,,0.0,0,,50.0,,Null,1.0,0.0,,47,Wellington City,Traffic Signals,,,,,0.0,0.0,Urban,0.0,,,Null,Null,0
67582657,,573101,0.0,0.0,0.0,0.0,0.0,South,2016/2017,TORY ST,WAKEFIELD ST,,Non-Injury Crash,No,2016,0.0,North,0.0,0,0.0,Flat,0.0,,0.0,,0.0,Bright sun,2135700,0,0.0,0.0,2.0,0.0,0.0,0.0,0.0,1.0,,0.0,0.0,Wellington Region,Nil,2-way,Sealed,0.0,0.0,0,0.0,30.0,0.0,Null,1.0,0.0,,47,Wellington City,Unknown,0.0,0.0,0.0,0.0,1.0,0.0,Urban,0.0,0.0,0.0,Fine,Null,0
67582676,,577000,0.0,0.0,0.0,2.0,0.0,West,2016/2017,LERWICK TERRACE,BUCKINGHAM ST,,Non-Injury Crash,No,2016,0.0,South,0.0,0,0.0,Hill Road,0.0,,0.0,,0.0,Bright sun,2173501,0,0.0,0.0,2.0,0.0,0.0,0.0,0.0,1.0,,0.0,0.0,Wellington Region,Nil,2-way,Sealed,0.0,0.0,0,0.0,50.0,0.0,Null,0.0,0.0,,47,Wellington City,Nil,0.0,0.0,0.0,0.0,0.0,0.0,Urban,0.0,0.0,0.0,Fine,Null,0
67582737,,574002,0.0,0.0,0.0,2.0,0.0,West,2015/2016,SH 1N,CENTENNIAL SBD,,Non-Injury Crash,Yes,2016,0.0,South,0.0,0,0.0,Hill Road,0.0,,0.0,,0.0,Dark,2078302,0,0.0,0.0,6.0,0.0,0.0,0.0,0.0,1.0,,0.0,0.0,Wellington Region,Nil,2-way,Sealed,0.0,0.0,0,0.0,80.0,0.0,On,0.0,0.0,,47,Wellington City,Unknown,0.0,0.0,0.0,0.0,0.0,0.0,Open,0.0,0.0,0.0,Fine,Null,0
67582773,,575300,0.0,,1.0,1.0,,Null,2015/2016,GLENMORE ST,NORTHLAND ROAD,,Non-Injury Crash,No,2016,,East,,0,,Flat,,,,,,Bright sun,2152600,0,0.0,0.0,2.0,,,0.0,,,,,,Wellington Region,Nil,2-way,Sealed,,0.0,0,,50.0,,Null,0.0,0.0,,47,Wellington City,Give way,,,,,0.0,0.0,Urban,0.0,,,Fine,Null,0