OBJECTID,advisorySpeed,areaUnitID,bicycle,bridge,bus,carStationWagon,cliffBank,crashDirectionDescription,crashFinancialYear,crashLocation1,crashLocation2,crashRoadSideRoad,crashSeverity,crashSHDescription,crashYear,debris,directionRoleDescription,ditch,fatalCount,fence,flatHill,guardRail,holiday,houseOrBuilding,intersection,kerb,light,meshblockId,minorInjuryCount,moped,motorcycle,NumberOfLanes,objectThrownOrDropped,otherObject,otherVehicleType,overBank,parkedVehicle,pedestrian,phoneBoxEtc,postOrPole,region,roadCharacter,roadLane,roadSurface,roadworks,schoolBus,seriousInjuryCount,slipOrFlood,speedLimit,strayAnimal,streetLight,suv,taxi,temporarySpeedLimit,tlaId,tlaName,trafficControl,trafficIsland,trafficSign,train,tree,truck,unknownVehicleType,urban,vanOrUtility,vehicle,waterRiver,weatherA,weatherB,if_pandemic
67582841,,572701,0.0,,0.0,1.0,,Null,2015/2016,COLLINS AVENUE,HINAU ST,,Minor Crash,No,2016,,West,,0,,Flat,,,,,,Bright sun,1993000,1,0.0,0.0,2.0,,,0.0,,,,,,Wellington Region,Nil,2-way,Sealed,,0.0,0,,50.0,,Null,1.0,0.0,,47,Wellington City,Give way,,,,,0.0,0.0,Urban,0.0,,,Fine,Null,0
67582901,,572900,0.0,0.0,0.0,1.0,0.0,East,2016/2017,BUNNY ST,FEATHERSTON ST,,Non-Injury Crash,No,2016,0.0,East,0.0,0,0.0,Flat,0.0,,0.0,,0.0,Bright sun,2122700,0,0.0,0.0,5.0,0.0,0.0,0.0,0.0,1.0,,0.0,0.0,Wellington Region,Nil,2-way,Sealed,0.0,0.0,0,0.0,50.0,0.0,Null,1.0,0.0,,47,Wellington City,Unknown,0.0,0.0,0.0,0.0,0.0,0.0,Urban,0.0,0.0,0.0,Null,Null,0
67582933,,573522,0.0,,0.0,1.0,,Null,2015/2016,TAKAPU ROAD,TAWA OFF SBD,,Non-Injury Crash,No,2016,,South,,0,,Flat,,,,,,Bright sun,2053703,0,0.0,0.0,3.0,,,0.0,,,,,,Wellington Region,Motorway ramp,2-way,Sealed,,0.0,0,,50.0,,Null,0.0,0.0,,47,Wellington City,Stop,,,,,0.0,0.0,Urban,1.0,,,Fine,Null,0
67583061,,572701,0.0,0.0,0.0,1.0,1.0,South,2016/2017,VICTORY CRESCENT,FORGLEN PLACE,,Non-Injury Crash,No,2017,0.0,South,0.0,0,1.0,Hill Road,0.0,,0.0,,0.0,Dark,1994705,0,0.0,0.0,2.0,0.0,0.0,0.0,0.0,1.0,,0.0,0.0,Wellington Region,Nil,2-way,Sealed,0.0,0.0,0,0.0,50.0,0.0,On,0.0,0.0,30.0,47,Wellington City,Unknown,0.0,1.0,0.0,0.0,0.0,0.0,Urban,1.0,0.0,0.0,Fine,Null,0
67583180,,576901,0.0,,0.0,1.0,,Null,2016/2017,COBHAM DRIVE,TROY ST,,Minor Crash,Yes,2017,,West,,0,,Flat,,,,,,Overcast,2176800,1,1.0,0.0,2.0,,,0.0,,,,,,Wellington Region,Nil,1-way,Sealed,,0.0,0,,70.0,,Null,0.0,0.0,,47,Wellington City,Give way,,,,,0.0,0.0,Urban,0.0,,,Fine,Null,0
67583193,,574500,0.0,,0.0,2.0,,North,2016/2017,KAIWHARAWHARA ROAD,CAMERON ST,,Non-Injury Crash,No,2016,,North,,0,,Flat,,,,,,Bright sun,2093200,0,0.0,0.0,2.0,,,0.0,,,,,,Wellington Region,Nil,2-way,Sealed,,0.0,0,,50.0,,Null,0.0,0.0,,47,Wellington City,Unknown,,,,,0.0,0.0,Urban,0.0,,,Fine,Null,0
67583292,,573000,0.0,,0.0,2.0,,South,2016/2017,JERVOIS QUAY,WILLESTON ST,,Non-Injury Crash,No,2016,,North,,0,,Flat,,,,,,Bright sun,2124300,0,0.0,0.0,6.0,,,0.0,,,,,,Wellington Region,Nil,2-way,Sealed,,0.0,0,,50.0,,Null,0.0,0.0,,47,Wellington City,Traffic Signals,,,,,0.0,0.0,Urban,0.0,,,Fine,Null,0
67583429,,573101,0.0,,0.0,2.0,,Null,2016/2017,VICTORIA ST,SH 1N,,Non-Injury Crash,No,2016,,South,,0,,Flat,,Labour Weekend,,,,Bright sun,2132400,0,0.0,0.0,2.0,,,0.0,,,,,,Wellington Region,Nil,1-way,Sealed,,0.0,0,,50.0,,Null,0.0,0.0,,47,Wellington City,Traffic Signals,,,,,0.0,0.0,Urban,0.0,,,Fine,Null,0
67583433,,576901,0.0,,0.0,2.0,,Null,2016/2017,SH 1N,TROY ST,,Non-Injury Crash,Yes,2016,,North,,0,,Flat,,,,,,Bright sun,2176800,0,0.0,0.0,2.0,,,0.0,,,,,,Wellington Region,Nil,1-way,Sealed,,0.0,0,,70.0,,Null,0.0,0.0,,47,Wellington City,Give way,,,,,0.0,0.0,Urban,0.0,,,Fine,Null,0
67583492,,576901,0.0,0.0,0.0,2.0,0.0,North,2016/2017,BAY ROAD,COUTTS ST,,Non-Injury Crash,No,2017,0.0,North,0.0,0,0.0,Flat,0.0,,0.0,,0.0,Overcast,2178300,0,0.0,0.0,2.0,0.0,0.0,0.0,0.0,1.0,,0.0,0.0,Wellington Region,Nil,2-way,Sealed,0.0,0.0,0,0.0,50.0,0.0,Null,0.0,0.0,,47,Wellington City,Unknown,0.0,0.0,0.0,0.0,0.0,0.0,Urban,0.0,0.0,0.0,Light rain,Null,0
67583497,,572900,0.0,,0.0,1.0,,South,2016/2017,THORNDON QUAY,TINAKORI ROAD,,Serious Crash,No,2016,,South,,0,,Flat,,,,,,Overcast,2118400,0,0.0,1.0,2.0,,,0.0,,,,,,Wellington Region,Nil,2-way,Sealed,,0.0,1,,50.0,,Off,0.0,0.0,,47,Wellington City,Unknown,,,,,0.0,0.0,Urban,0.0,,,Fine,Null,0
67583652,,576700,0.0,,0.0,2.0,,South,2017/2018,EVANS BAY PARADE,RPNYC START BOX,,Serious Crash,No,2017,,South,,0,,Flat,,,,,,Bright sun,2186500,1,0.0,0.0,2.0,,,0.0,,,,,,Wellington Region,Nil,2-way,Sealed,,0.0,1,,50.0,,Null,0.0,0.0,,47,Wellington City,Unknown,,,,,0.0,0.0,Urban,0.0,,,Fine,Null,0
67583685,25.0,573300,0.0,,0.0,2.0,,Null,2015/2016,TARANAKI ST,WEBB ST,,Non-Injury Crash,No,2016,,East,,0,,Flat,,,,,,Dark,2145300,0,0.0,0.0,2.0,,,0.0,,,,,,Wellington Region,Nil,2-way,Sealed,,0.0,0,,50.0,,On,0.0,1.0,40.0,47,Wellington City,Traffic Signals,,,,,0.0,0.0,Urban,0.0,,,Heavy rain,Null,0
67583725,,573522,0.0,0.0,0.0,1.0,0.0,West,2016/2017,TAKAPU ROAD,BING LUCAS DRIVE,,Serious Crash,No,2017,0.0,North,0.0,0,0.0,Flat,0.0,,0.0,,0.0,Dark,2086103,1,0.0,0.0,2.0,0.0,0.0,0.0,0.0,0.0,,0.0,1.0,Wellington Region,Nil,2-way,Sealed,0.0,0.0,1,0.0,70.0,0.0,On,0.0,0.0,,47,Wellington City,Unknown,0.0,0.0,0.0,0.0,0.0,0.0,Urban,0.0,0.0,0.0,Light rain,Null,0
67583745,,576200,0.0,0.0,0.0,0.0,0.0,North,2016/2017,ADELAIDE ROAD,DOVER ST,,Non-Injury Crash,No,2016,0.0,South,0.0,0,0.0,Flat,0.0,,0.0,,0.0,Dark,2173200,0,0.0,0.0,2.0,0.0,0.0,0.0,0.0,0.0,,0.0,1.0,Wellington Region,Nil,2-way,Sealed,0.0,0.0,0,0.0,50.0,0.0,On,1.0,0.0,,47,Wellington City,Unknown,0.0,0.0,0.0,0.0,0.0,0.0,Urban,0.0,0.0,0.0,Fine,Null,0
67583748,,574600,0.0,0.0,0.0,2.0,0.0,North,2016/2017,LOWER WATT ST,GROSVENOR TERRACE,,Non-Injury Crash,No,2016,0.0,North,0.0,0,0.0,Hill Road,0.0,,0.0,,0.0,Bright sun,2099400,0,0.0,0.0,2.0,0.0,0.0,0.0,0.0,1.0,,0.0,0.0,Wellington Region,Nil,2-way,Sealed,0.0,0.0,0,0.0,50.0,0.0,Null,0.0,0.0,,47,Wellington City,Unknown,0.0,0.0,0.0,0.0,0.0,0.0,Urban,0.0,0.0,0.0,Fine,Null,0
67583757,,576903,0.0,,0.0,2.0,,Null,2016/2017,MOXHAM AVENUE,GOA ST,,Minor Crash,No,2017,,East,,0,,Flat,,,,,,Bright sun,2180700,1,0.0,0.0,2.0,,,0.0,,,,,,Wellington Region,Nil,2-way,Sealed,,0.0,0,,50.0,,Null,0.0,0.0,,47,Wellington City,Stop,,,,,0.0,0.0,Urban,0.0,,,Fine,Null,0
67583801,,573101,0.0,,0.0,2.0,,Null,2015/2016,SH 1N VIVIAN ST,VICTORIA ST,,Non-Injury Crash,Yes,2016,,East,,0,,Flat,,,,,,Unknown,2131600,0,0.0,0.0,1.0,,,0.0,,,,,,Wellington Region,Nil,1-way,Sealed,,0.0,0,,50.0,,Null,0.0,0.0,,47,Wellington City,Give way,,,,,0.0,0.0,Urban,0.0,,,Null,Null,0
67583836,,575600,0.0,,0.0,2.0,,Null,2016/2017,OHIRO ROAD,MCKINLEY CRESCENT,,Non-Injury Crash,No,2016,,West,,0,,Flat,,,,,,Bright sun,2162300,0,0.0,0.0,2.0,,,0.0,,,,,,Wellington Region,Nil,2-way,Sealed,,0.0,0,,50.0,,Null,0.0,0.0,,47,Wellington City,Give way,,,,,0.0,0.0,Urban,0.0,,,Fine,Null,0
67583837,,573400,1.0,,0.0,1.0,,South,2016/2017,PALLISER ROAD,BAYVIEW TERRACE,,Minor Crash,No,2017,,West,,0,,Hill Road,,,,,,Bright sun,2139604,1,0.0,0.0,2.0,,,0.0,,,,,,Wellington Region,Nil,2-way,Sealed,,0.0,0,,50.0,,Null,0.0,0.0,,47,Wellington City,Unknown,,,,,0.0,0.0,Urban,0.0,,,Fine,Null,0
67583940,,573101,0.0,,0.0,2.0,,Null,2016/2017,CABLE ST,TARANAKI ST,,Non-Injury Crash,No,2016,,South,,0,,Flat,,,,,,Bright sun,2133100,0,0.0,0.0,4.0,,,0.0,,,,,,Wellington Region,Nil,1-way,Sealed,,0.0,0,,50.0,,Null,0.0,0.0,,47,Wellington City,Traffic Signals,,,,,0.0,0.0,Urban,0.0,,,Fine,Null,0
67583961,,577302,0.0,,0.0,2.0,,South,2016/2017,TAHI ST,PARK ROAD,,Non-Injury Crash,No,2016,,North,,0,,Flat,,,,,,Bright sun,2206002,0,0.0,0.0,2.0,,,0.0,,,,,,Wellington Region,Nil,2-way,Sealed,,0.0,0,,50.0,,Null,0.0,0.0,,47,Wellington City,Unknown,,,,,0.0,0.0,Urban,0.0,,,Fine,Null,0
67583988,,573903,0.0,,0.0,1.0,,Null,2016/2017,NEWLANDS OFF SBD,NEWLANDS ROAD,,Non-Injury Crash,No,2017,,East,,0,,Flat,,,,,,Bright sun,2075103,0,0.0,1.0,2.0,,,0.0,,,,,,Wellington Region,Motorway ramp,2-way,Sealed,,0.0,0,,50.0,,Null,0.0,0.0,,47,Wellington City,Give way,,,,,0.0,0.0,Urban,0.0,,,Fine,Null,0
67583993,,573101,0.0,0.0,0.0,0.0,0.0,North,2016/2017,CUBA ST,MANNERS ST,,Non-Injury Crash,No,2016,0.0,North,0.0,0,0.0,Flat,0.0,,0.0,,0.0,Dark,2133300,0,0.0,0.0,1.0,0.0,0.0,0.0,0.0,0.0,,0.0,1.0,Wellington Region,Nil,1-way,Sealed,0.0,0.0,0,0.0,30.0,0.0,On,1.0,0.0,,47,Wellington City,Unknown,0.0,0.0,0.0,0.0,0.0,0.0,Urban,0.0,0.0,0.0,Light rain,Null,0
67584108,,573903,0.0,,0.0,2.0,,East,2016/2017,NEWLANDS ROAD,HURRING PLACE,,Non-Injury Crash,No,2016,,East,,0,,Flat,,,,,,Overcast,2075103,0,0.0,0.0,2.0,,,0.0,,,,,,Wellington Region,Nil,2-way,Sealed,,0.0,0,,50.0,,Null,0.0,0.0,,47,Wellington City,Nil,,,,,0.0,0.0,Urban,0.0,,,Fine,Null,0
67584132,,574002,0.0,,0.0,1.0,,North,2017/2018,SH 2,NGAURANGA ON NBD OBR,,Minor Crash,Yes,2017,,South,,0,,Flat,,,,,,Overcast,2078302,1,0.0,1.0,4.0,,,0.0,,,,,,Wellington Region,Bridge,2-way,Sealed,,0.0,0,,100.0,,Null,0.0,0.0,80.0,47,Wellington City,Unknown,,,,,0.0,0.0,Open,0.0,,,Heavy rain,Null,0
67584156,,575200,0.0,,1.0,1.0,,Null,2016/2017,RAROA CRESCENT,MOANA ROAD,,Minor Crash,No,2017,,North,,0,,Flat,,,,,,Bright sun,2149900,1,0.0,0.0,2.0,,,0.0,,,,,,Wellington Region,Nil,2-way,Sealed,,0.0,0,,50.0,,Null,0.0,0.0,,47,Wellington City,Give way,,,,,0.0,0.0,Urban,0.0,,,Fine,Null,0
67584169,,573000,0.0,,0.0,0.0,,Null,2015/2016,CUSTOMHOUSE QUAY,BRANDON ST,,Minor Crash,No,2016,,North,,0,,Flat,,,,,,Bright sun,2124300,1,1.0,0.0,6.0,,,1.0,,,,,,Wellington Region,Nil,2-way,Sealed,,0.0,0,,50.0,,Null,0.0,0.0,,47,Wellington City,Traffic Signals,,,,,0.0,0.0,Urban,0.0,,,Fine,Null,0
67584269,,576500,0.0,,0.0,1.0,,North,2015/2016,ADELAIDE ROAD,OXFORD ST,,Minor Crash,No,2016,,South,,0,,Flat,,,,,,Bright sun,2148100,1,0.0,1.0,4.0,,,0.0,,,,,,Wellington Region,Nil,2-way,Sealed,,0.0,0,,50.0,,Null,0.0,0.0,,47,Wellington City,Nil,,,,,0.0,0.0,Urban,0.0,,,Fine,Null,0
67584349,,577700,0.0,0.0,0.0,1.0,0.0,East,2016/2017,TAKARAU GORGE ROAD,MAKARA ROAD,,Non-Injury Crash,No,2016,0.0,North,0.0,0,1.0,Flat,0.0,,0.0,,0.0,Dark,2116500,0,0.0,0.0,2.0,0.0,0.0,0.0,0.0,0.0,,0.0,0.0,Wellington Region,Nil,2-way,Sealed,0.0,0.0,0,0.0,60.0,0.0,None,0.0,0.0,,47,Wellington City,Unknown,0.0,0.0,0.0,0.0,0.0,0.0,Urban,0.0,0.0,0.0,Fine,Null,0
67584380,,573000,0.0,,0.0,0.0,,East,2015/2016,MERCER ST,WILLIS ST,,Non-Injury Crash,No,2016,,East,,0,,Flat,,,,,,Unknown,2127400,0,0.0,0.0,2.0,,,0.0,,,,,,Wellington Region,Nil,1-way,Sealed,,0.0,0,,30.0,,Null,1.0,0.0,,47,Wellington City,Unknown,,,,,0.0,0.0,Urban,1.0,,,Null,Null,0
67584412,,576301,0.0,,0.0,1.0,,West,2015/2016,WARIPORI ST,RUSSELL TERRACE,,Non-Injury Crash,No,2016,,East,,0,,Hill Road,,,,,,Dark,2165800,0,0.0,0.0,2.0,,,0.0,,,,,,Wellington Region,Nil,2-way,Sealed,,0.0,0,,50.0,,On,0.0,0.0,,47,Wellington City,Unknown,,,,,0.0,0.0,Urban,1.0,,,Fine,Null,0
67584413,,577500,0.0,1.0,0.0,0.0,0.0,South,2016/2017,FERRY ST,LUDLAM ST,,Non-Injury Crash,No,2017,0.0,South,0.0,0,0.0,Hill Road,0.0,,0.0,,0.0,Bright sun,2211000,0,0.0,0.0,2.0,0.0,0.0,0.0,0.0,0.0,,0.0,0.0,Wellington Region,Nil,2-way,Sealed,0.0,0.0,0,0.0,50.0,0.0,Null,0.0,0.0,,47,Wellington City,Unknown,0.0,0.0,0.0,0.0,1.0,0.0,Urban,0.0,0.0,0.0,Fine,Null,0
67584477,,573600,0.0,0.0,0.0,3.0,0.0,Null,2015/2016,SH 1N,JOHNSONVILLE ON NBD,,Non-Injury Crash,Yes,2016,0.0,North,0.0,0,0.0,Flat,1.0,,0.0,,0.0,Dark,2081200,0,0.0,0.0,3.0,0.0,0.0,0.0,0.0,0.0,,0.0,0.0,Wellington Region,Motorway ramp,1-way,Sealed,0.0,0.0,0,0.0,100.0,0.0,On,0.0,0.0,,47,Wellington City,Nil,0.0,0.0,0.0,0.0,0.0,0.0,Open,0.0,0.0,0.0,Fine,Null,0
67584493,,572900,0.0,0.0,0.0,1.0,0.0,North,2015/2016,MOLESWORTH ST,MAY ON NBD,,Non-Injury Crash,No,2016,0.0,North,0.0,0,0.0,Flat,0.0,,0.0,,0.0,Bright sun,2119300,0,0.0,0.0,1.0,0.0,0.0,0.0,0.0,1.0,,0.0,0.0,Wellington Region,Nil,1-way,Sealed,0.0,0.0,0,0.0,50.0,0.0,Null,0.0,0.0,,47,Wellington City,Unknown,0.0,0.0,0.0,0.0,0.0,0.0,Urban,1.0,0.0,0.0,Fine,Null,0
67584529,,574302,0.0,,0.0,1.0,,West,2016/2017,ONSLOW ROAD,BENARES ST,,Non-Injury Crash,No,2016,,West,,0,,Hill Road,,,,,,Overcast,2090101,0,0.0,1.0,2.0,,,0.0,,,,,,Wellington Region,Nil,2-way,Sealed,,0.0,0,,50.0,,Null,0.0,0.0,,47,Wellington City,Nil,,,,,0.0,0.0,Urban,0.0,,,Fine,Strong wind,0
67584612,,572900,0.0,0.0,0.0,0.0,0.0,Null,2016/2017,WATERLOO QUAY,RLY XING,,Non-Injury Crash,No,2016,0.0,South,0.0,0,0.0,Flat,0.0,,0.0,,0.0,Bright sun,2118400,0,0.0,0.0,4.0,0.0,0.0,0.0,0.0,0.0,,0.0,0.0,Wellington Region,Nil,2-way,Sealed,0.0,0.0,0,0.0,50.0,0.0,Null,0.0,0.0,,47,Wellington City,Unknown,1.0,1.0,0.0,0.0,0.0,0.0,Urban,1.0,0.0,0.0,Fine,Null,0
67584641,,572900,0.0,,0.0,2.0,,South,2016/2017,HAWKESTONE OFF SBD,HAWKESTONE ST,,Non-Injury Crash,No,2016,,South,,0,,Hill Road,,,,,,Bright sun,2119500,0,0.0,0.0,1.0,,,0.0,,,,,,Wellington Region,Motorway ramp,1-way,Sealed,,0.0,0,,100.0,,Off,0.0,0.0,,47,Wellington City,Unknown,,,,,0.0,0.0,Open,0.0,,,Fine,Null,0
67584801,,576903,0.0,,0.0,2.0,,North,2015/2016,SH 1N,GOA ST,,Non-Injury Crash,Yes,2016,,South,,0,,Null,,,,,,Dark,2180700,0,0.0,0.0,2.0,,,0.0,,,,,,Wellington Region,Nil,2-way,Sealed,,0.0,0,,70.0,,On,0.0,0.0,,47,Wellington City,Unknown,,,,,0.0,0.0,Urban,0.0,,,Mist or Fog,Null,0
67584961,,574100,0.0,0.0,0.0,2.0,0.0,East,2016/2017,BRODERICK ROAD,TRUSCOTT AVENUE,,Non-Injury Crash,No,2016,0.0,East,0.0,0,0.0,Hill Road,0.0,,0.0,,0.0,Bright sun,2085700,0,0.0,0.0,2.0,0.0,0.0,0.0,0.0,1.0,,0.0,0.0,Wellington Region,Nil,2-way,Sealed,0.0,0.0,0,0.0,50.0,0.0,Null,0.0,0.0,,47,Wellington City,Unknown,0.0,0.0,0.0,0.0,0.0,0.0,Urban,0.0,0.0,0.0,Fine,Null,0
67585121,,574002,0.0,,0.0,1.0,,North,2015/2016,SH 2,HUTT ON NBD,,Minor Crash,Yes,2016,,North,,0,,Flat,,,,,,Dark,2078302,1,0.0,1.0,2.0,,,0.0,,,,,,Wellington Region,Nil,1-way,Sealed,,0.0,0,,100.0,,On,0.0,0.0,,47,Wellington City,Unknown,,,,,0.0,0.0,Open,0.0,,,Light rain,Null,0
67585148,,573400,0.0,,0.0,1.0,,Null,2015/2016,MAJORIBANKS ST,HAWKER ST,,Non-Injury Crash,No,2016,,East,,0,,Flat,,,,,,Bright sun,2140002,0,0.0,0.0,2.0,,,0.0,,,,,,Wellington Region,Nil,2-way,Sealed,,0.0,0,,50.0,,Null,1.0,0.0,,47,Wellington City,Nil,,,,,0.0,0.0,Urban,0.0,,,Fine,Null,0
67585156,,572900,0.0,0.0,0.0,2.0,0.0,South,2015/2016,HOBSON ST,FITZHERBERT TERRACE,,Non-Injury Crash,No,2016,0.0,North,0.0,0,0.0,Flat,0.0,,0.0,,0.0,Overcast,2118600,0,0.0,0.0,2.0,0.0,0.0,0.0,0.0,1.0,,0.0,0.0,Wellington Region,Nil,2-way,Sealed,0.0,0.0,0,0.0,50.0,0.0,Null,0.0,0.0,,47,Wellington City,Unknown,0.0,0.0,0.0,0.0,0.0,0.0,Urban,0.0,0.0,0.0,Fine,Null,0
67585449,,573400,0.0,0.0,0.0,1.0,0.0,South,2015/2016,BROUGHAM ST,QUEEN ST,,Non-Injury Crash,No,2016,0.0,South,0.0,0,0.0,Hill Road,0.0,,0.0,,0.0,Bright sun,2141300,0,0.0,0.0,2.0,0.0,0.0,0.0,0.0,1.0,,0.0,0.0,Wellington Region,Nil,2-way,Sealed,0.0,0.0,0,0.0,50.0,0.0,Null,0.0,0.0,,47,Wellington City,Nil,0.0,0.0,0.0,0.0,1.0,0.0,Urban,0.0,0.0,0.0,Null,Null,0
67585669,,576903,0.0,,0.0,2.0,,West,2016/2017,SH 1N,EVANS BAY PARADE,,Non-Injury Crash,Yes,2016,,West,,0,,Flat,,,,,,Bright sun,2177900,0,0.0,0.0,2.0,,,0.0,,,,,,Wellington Region,Nil,1-way,Sealed,,0.0,0,,50.0,,Null,0.0,0.0,,47,Wellington City,Unknown,,,,,0.0,0.0,Urban,0.0,,,Null,Null,0
67585681,,573101,0.0,0.0,0.0,1.0,0.0,South,2016/2017,TORY ST,FRANKVILLE TERRACE,,Non-Injury Crash,No,2016,0.0,North,0.0,0,0.0,Flat,0.0,,0.0,,0.0,Bright sun,2135000,0,0.0,0.0,2.0,0.0,0.0,0.0,0.0,1.0,,0.0,0.0,Wellington Region,Nil,1-way,Sealed,0.0,0.0,0,0.0,50.0,0.0,None,1.0,0.0,,47,Wellington City,Nil,0.0,0.0,0.0,0.0,0.0,0.0,Urban,0.0,0.0,0.0,Fine,Null,0
67585701,,573700,0.0,0.0,0.0,3.0,0.0,East,2016/2017,Z CARPARK,GOTHIC ST,,Minor Crash,No,2017,0.0,North,0.0,0,0.0,Flat,0.0,,0.0,,0.0,Bright sun,2082800,1,0.0,0.0,1.0,0.0,0.0,0.0,0.0,0.0,,0.0,1.0,Wellington Region,Nil,Off road,Sealed,0.0,0.0,0,0.0,20.0,0.0,Null,0.0,0.0,,47,Wellington City,Unknown,0.0,0.0,0.0,0.0,0.0,0.0,Urban,0.0,0.0,0.0,Fine,Null,0
67585709,,575600,0.0,,0.0,0.0,,North,2016/2017,KAREPA ST,APUKA ST,,Non-Injury Crash,No,2016,,East,,0,,Hill Road,,,,,,Overcast,2160000,0,0.0,0.0,2.0,,,0.0,,,,,,Wellington Region,Nil,2-way,Sealed,,0.0,0,,50.0,,Null,0.0,0.0,,47,Wellington City,Unknown,,,,,1.0,0.0,Urban,1.0,,,Fine,Null,0
67585830,,575300,0.0,0.0,0.0,1.0,0.0,North,2014/2015,KELBURN PARADE,GLASGOW ST,,Minor Crash,No,2015,0.0,North,0.0,0,0.0,Hill Road,0.0,,0.0,,1.0,Bright sun,2155300,1,0.0,0.0,2.0,0.0,0.0,0.0,0.0,0.0,,0.0,1.0,Wellington Region,Nil,2-way,Sealed,0.0,0.0,0,0.0,50.0,0.0,Null,0.0,0.0,,47,Wellington City,Unknown,0.0,0.0,0.0,0.0,0.0,0.0,Urban,0.0,0.0,0.0,Fine,Null,0
67585841,,573101,0.0,,0.0,1.0,,West,2015/2016,DIXON ST,INGLEWOOD PLACE,,Non-Injury Crash,No,2016,,West,,0,,Flat,,,,,,Unknown,2133300,0,0.0,0.0,1.0,,,0.0,,,,,,Wellington Region,Nil,1-way,Sealed,,0.0,0,,50.0,,Null,0.0,0.0,,47,Wellington City,Unknown,,,,,0.0,0.0,Urban,0.0,,,Null,Null,0
67585868,,573400,0.0,,0.0,2.0,,West,2016/2017,SH 1N,SH 1N DUFFERIN ST,,Non-Injury Crash,Yes,2017,,West,,0,,Hill Road,,,,,,Twilight,2143300,0,0.0,0.0,2.0,,,0.0,,,,,,Wellington Region,Nil,1-way,Sealed,,0.0,0,,50.0,,On,0.0,0.0,,47,Wellington City,Traffic Signals,,,,,0.0,0.0,Urban,0.0,,,Null,Null,0
67585892,,572900,0.0,0.0,0.0,2.0,0.0,East,2016/2017,PIPITEA ST,MULGRAVE ST,,Non-Injury Crash,No,2017,0.0,West,0.0,0,0.0,Hill Road,0.0,,0.0,,0.0,Bright sun,2121500,0,0.0,0.0,2.0,0.0,0.0,0.0,0.0,1.0,,0.0,0.0,Wellington Region,Nil,2-way,Sealed,0.0,0.0,0,0.0,50.0,0.0,Null,0.0,0.0,,47,Wellington City,Unknown,0.0,0.0,0.0,0.0,0.0,0.0,Urban,0.0,0.0,0.0,Fine,Null,0
67585932,,576200,0.0,,0.0,1.0,,Null,2016/2017,LUXFORD ST,RINTOUL ST,,Non-Injury Crash,No,2016,,North,,0,,Flat,,,,,,Overcast,2171800,0,0.0,0.0,2.0,,,0.0,,,,,,Wellington Region,Nil,2-way,Sealed,,0.0,0,,50.0,,Null,1.0,1.0,,47,Wellington City,Stop,,,,,0.0,0.0,Urban,0.0,,,Null,Null,0
67585957,,576301,0.0,,0.0,1.0,,Null,2017/2018,JOHN ST,HANSON ST,,Minor Crash,No,2017,,East,,0,,Flat,,,,,,Dark,2163300,1,1.0,0.0,2.0,,,0.0,,,,,,Wellington Region,Nil,2-way,Sealed,,0.0,0,,50.0,,On,0.0,0.0,,47,Wellington City,Traffic Signals,,,,,0.0,0.0,Urban,0.0,,,Fine,Strong wind,0
67585964,,576903,0.0,,0.0,0.0,,South,2017/2018,SH 1N,WELLINGTON ROAD,,Minor Crash,Yes,2017,,South,,0,,Hill Road,,,,,,Overcast,2180400,1,0.0,1.0,1.0,,,0.0,,,,,,Wellington Region,Nil,2-way,Sealed,,0.0,0,,50.0,,Null,0.0,0.0,,47,Wellington City,Unknown,,,,,0.0,0.0,Urban,0.0,,,Fine,Null,0
67586012,25.0,573903,0.0,0.0,0.0,0.0,0.0,West,2015/2016,NEWLANDS OFF SBD,NEWLANDS ROAD,,Non-Injury Crash,Yes,2016,0.0,East,0.0,0,0.0,Hill Road,0.0,,0.0,,0.0,Dark,2075103,0,0.0,0.0,1.0,0.0,0.0,0.0,0.0,0.0,,0.0,0.0,Wellington Region,Motorway ramp,1-way,Sealed,0.0,0.0,0,0.0,80.0,0.0,On,0.0,0.0,,47,Wellington City,Unknown,0.0,1.0,0.0,0.0,0.0,0.0,Open,1.0,0.0,0.0,Fine,Null,0
67586036,,576903,0.0,0.0,0.0,2.0,0.0,Null,2015/2016,HAMILTON ROAD,KUPE ST,,Non-Injury Crash,No,2016,0.0,North,0.0,0,0.0,Flat,0.0,,0.0,,0.0,Dark,2181500,0,0.0,0.0,2.0,0.0,0.0,0.0,0.0,1.0,,0.0,0.0,Wellington Region,Nil,2-way,Sealed,0.0,0.0,0,0.0,50.0,0.0,None,0.0,0.0,,47,Wellington City,Nil,0.0,0.0,0.0,0.0,0.0,0.0,Urban,0.0,0.0,0.0,Fine,Null,0
67586245,,573101,0.0,,0.0,2.0,,Null,2016/2017,TARANAKI ST,SH 1N,,Non-Injury Crash,No,2016,,West,,0,,Flat,,,,,,Twilight,2134800,0,0.0,0.0,5.0,,,0.0,,,,,,Wellington Region,Nil,2-way,Sealed,,0.0,0,,50.0,,Null,0.0,0.0,,47,Wellington City,Traffic Signals,,,,,0.0,0.0,Urban,0.0,,,Fine,Null,0
67586444,,577200,0.0,,0.0,2.0,,West,2016/2017,MIRAMAR AVENUE,STONE ST,,Non-Injury Crash,No,2016,,West,,0,,Flat,,,,,,Bright sun,2206200,0,0.0,0.0,2.0,,,0.0,,,,,,Wellington Region,Nil,2-way,Sealed,,0.0,0,,30.0,,Null,0.0,0.0,,47,Wellington City,Unknown,,,,,0.0,0.0,Urban,0.0,,,Fine,Null,0