OBJECTID,advisorySpeed,areaUnitID,bicycle,bridge,bus,carStationWagon,cliffBank,crashDirectionDescription,crashFinancialYear,crashLocation1,crashLocation2,crashRoadSideRoad,crashSeverity,crashSHDescription,crashYear,debris,directionRoleDescription,ditch,fatalCount,fence,flatHill,guardRail,holiday,houseOrBuilding,intersection,kerb,light,meshblockId,minorInjuryCount,moped,motorcycle,NumberOfLanes,objectThrownOrDropped,otherObject,otherVehicleType,overBank,parkedVehicle,pedestrian,phoneBoxEtc,postOrPole,region,roadCharacter,roadLane,roadSurface,roadworks,schoolBus,seriousInjuryCount,slipOrFlood,speedLimit,strayAnimal,streetLight,suv,taxi,temporarySpeedLimit,tlaId,tlaName,trafficControl,trafficIsland,trafficSign,train,tree,truck,unknownVehicleType,urban,vanOrUtility,vehicle,waterRiver,weatherA,weatherB,if_pandemic
67586452,,573801,0.0,0.0,0.0,1.0,0.0,North,2016/2017,SH 1N,JOHNSONVILLE OFF SBD,,Non-Injury Crash,Yes,2016,0.0,South,0.0,0,0.0,Flat,1.0,,0.0,,0.0,Overcast,2079000,0,0.0,0.0,2.0,0.0,0.0,0.0,0.0,0.0,,0.0,0.0,Wellington Region,Nil,1-way,Sealed,0.0,0.0,0,0.0,100.0,0.0,Null,0.0,0.0,,47,Wellington City,Unknown,0.0,0.0,0.0,0.0,0.0,0.0,Open,1.0,0.0,0.0,Light rain,Null,0
67586473,,573400,0.0,0.0,0.0,2.0,0.0,North,2016/2017,ROXBURGH ST,HAWKER ST,,Non-Injury Crash,No,2016,0.0,North,0.0,0,0.0,Flat,0.0,,0.0,,0.0,Dark,2140100,0,0.0,0.0,2.0,0.0,0.0,0.0,0.0,2.0,,0.0,0.0,Wellington Region,Nil,2-way,Sealed,0.0,0.0,0,0.0,50.0,0.0,On,1.0,0.0,,47,Wellington City,Nil,0.0,0.0,0.0,0.0,0.0,0.0,Urban,0.0,0.0,0.0,Null,Null,0
67586553,,573903,0.0,0.0,0.0,2.0,0.0,West,2015/2016,NEWLANDS ROAD,ACCESSWAY,,Non-Injury Crash,No,2016,0.0,East,0.0,0,0.0,Hill Road,0.0,,0.0,,0.0,Bright sun,2073900,0,0.0,0.0,2.0,0.0,0.0,0.0,0.0,1.0,,0.0,0.0,Wellington Region,Nil,2-way,Sealed,0.0,0.0,0,0.0,50.0,0.0,Null,0.0,0.0,,47,Wellington City,Unknown,0.0,0.0,0.0,0.0,0.0,0.0,Urban,0.0,0.0,0.0,Null,Null,0
67586613,,573101,0.0,,0.0,2.0,,North,2015/2016,COURTENAY PLACE,CAMBRIDGE TERRACE,,Non-Injury Crash,No,2016,,West,,0,,Flat,,,,,,Dark,2135700,0,0.0,0.0,2.0,,,0.0,,,,,,Wellington Region,Nil,2-way,Sealed,,0.0,0,,50.0,,On,0.0,0.0,,47,Wellington City,Nil,,,,,0.0,0.0,Urban,0.0,,,Heavy rain,Null,0
67586620,,574001,0.0,,0.0,1.0,,Null,2016/2017,GLANMIRE ROAD,ROBERT ST,,Non-Injury Crash,No,2016,,East,,0,,Hill Road,,,,,,Bright sun,2076900,0,0.0,0.0,2.0,,,0.0,,,,,,Wellington Region,Nil,2-way,Sealed,,0.0,0,,50.0,,Null,0.0,0.0,,47,Wellington City,Nil,,,,,0.0,0.0,Urban,1.0,,,Fine,Null,0
67586676,,573000,0.0,0.0,0.0,1.0,0.0,South,2016/2017,LAMBTON QUAY,MASONS LANE,,Non-Injury Crash,No,2016,0.0,North,0.0,0,0.0,Flat,0.0,,0.0,,0.0,Dark,2124100,0,0.0,0.0,2.0,0.0,0.0,0.0,0.0,0.0,,0.0,0.0,Wellington Region,Nil,1-way,Sealed,0.0,0.0,0,0.0,30.0,0.0,On,0.0,0.0,,47,Wellington City,Nil,1.0,0.0,0.0,1.0,0.0,0.0,Urban,0.0,0.0,0.0,Fine,Null,0
67586917,,574500,0.0,,0.0,1.0,,North,2016/2017,SH 1N,AOTEA OFF SBD,,Non-Injury Crash,Yes,2016,,South,,0,,Flat,,,,,,Overcast,2093600,0,0.0,0.0,4.0,,,0.0,,,,,,Wellington Region,Nil,1-way,Sealed,,0.0,0,,100.0,,Null,1.0,0.0,,47,Wellington City,Unknown,,,,,0.0,0.0,Open,0.0,,,Heavy rain,Strong wind,0
67586933,,574002,0.0,,0.0,2.0,,South,2016/2017,NGAURANGA ON NBD,SH 2,,Minor Crash,No,2016,,South,,0,,Flat,,,,,,Overcast,2078302,1,0.0,0.0,2.0,,,0.0,,,,,,Wellington Region,Motorway ramp,1-way,Sealed,,0.0,0,,100.0,,None,0.0,0.0,,47,Wellington City,Unknown,,,,,0.0,0.0,Open,0.0,,,Heavy rain,Null,0
67586984,,576500,0.0,,0.0,1.0,,North,2015/2016,RIDDIFORD ST,REGINA TERRACE,,Minor Crash,No,2015,,South,,0,,Flat,,,,,,Dark,2149200,1,0.0,1.0,4.0,,,0.0,,,,,,Wellington Region,Nil,2-way,Sealed,,0.0,0,,50.0,,On,0.0,0.0,,47,Wellington City,Nil,,,,,0.0,0.0,Urban,0.0,,,Heavy rain,Null,0
67587037,,573000,1.0,,0.0,0.0,,South,2016/2017,JERVOIS QUAY,QUEENS WHARF,,Minor Crash,No,2016,,North,,0,,Flat,,,,,,Bright sun,2125900,1,0.0,0.0,3.0,,,0.0,,,,,,Wellington Region,Nil,1-way,Sealed,,0.0,0,,50.0,,Null,0.0,0.0,,47,Wellington City,Unknown,,,,,0.0,0.0,Urban,0.0,,,Fine,Null,0
67587145,,573903,0.0,0.0,0.0,1.0,0.0,North,2016/2017,NEWLANDS OFF SBD,JOHNSONVILLE ON SBD,,Non-Injury Crash,Yes,2016,0.0,South,0.0,0,0.0,Flat,1.0,,0.0,,0.0,Overcast,2075103,0,0.0,0.0,1.0,0.0,0.0,0.0,0.0,0.0,,0.0,0.0,Wellington Region,Motorway ramp,1-way,Sealed,0.0,0.0,0,0.0,80.0,0.0,Null,0.0,0.0,,47,Wellington City,Unknown,0.0,0.0,0.0,0.0,0.0,0.0,Open,0.0,0.0,0.0,Fine,Null,0
67587252,,573600,0.0,,0.0,2.0,,East,2016/2017,OHARIU ROAD,IRONSIDE ROAD,,Non-Injury Crash,No,2016,,West,,0,,Hill Road,,,,,,Bright sun,2086706,0,0.0,0.0,2.0,,,0.0,,,,,,Wellington Region,Nil,2-way,Sealed,,0.0,0,,50.0,,Null,0.0,0.0,,47,Wellington City,Unknown,,,,,0.0,0.0,Urban,0.0,,,Fine,Null,0
67587297,,573000,0.0,0.0,0.0,1.0,0.0,South,2016/2017,SH 1N,SOUTH PORTAL,,Non-Injury Crash,Yes,2017,0.0,North,0.0,0,0.0,Flat,1.0,,0.0,,0.0,Bright sun,2129600,0,0.0,0.0,2.0,0.0,0.0,0.0,0.0,0.0,,0.0,0.0,Wellington Region,Nil,1-way,Sealed,0.0,0.0,0,0.0,70.0,0.0,Null,0.0,0.0,,47,Wellington City,Unknown,0.0,0.0,0.0,0.0,1.0,0.0,Urban,0.0,0.0,0.0,Fine,Null,0
67587309,,574303,0.0,,0.0,2.0,,South,2016/2017,SH 1N,NGAURANGA ON NBD OBR,,Minor Crash,Yes,2016,,North,,0,,Flat,,,,,,Overcast,2090402,1,0.0,0.0,4.0,,,0.0,,,,,,Wellington Region,Nil,1-way,Sealed,,0.0,0,,100.0,,Null,0.0,0.0,,47,Wellington City,Unknown,,,,,1.0,0.0,Open,1.0,,,Fine,Null,0
67587417,,573802,0.0,0.0,0.0,1.0,0.0,North,2016/2017,SH 1N,JVILLE OBR,,Non-Injury Crash,Yes,2016,0.0,South,0.0,0,0.0,Flat,1.0,Labour Weekend,0.0,,0.0,Dark,2078400,0,0.0,0.0,4.0,0.0,0.0,0.0,0.0,0.0,,0.0,0.0,Wellington Region,Nil,2-way,Sealed,0.0,0.0,0,0.0,80.0,0.0,On,0.0,0.0,,47,Wellington City,Unknown,0.0,0.0,0.0,0.0,0.0,0.0,Open,0.0,0.0,0.0,Heavy rain,Null,0
67587444,,573101,0.0,,0.0,2.0,,Null,2015/2016,EDWARD ST,VICTORIA ST,,Non-Injury Crash,No,2016,,West,,0,,Flat,,,,,,Dark,2131300,0,0.0,0.0,2.0,,,0.0,,,,,,Wellington Region,Nil,2-way,Sealed,,0.0,0,,50.0,,On,0.0,0.0,,47,Wellington City,Nil,,,,,0.0,0.0,Urban,0.0,,,Fine,Null,0
67587517,,576500,0.0,,0.0,1.0,,Null,2016/2017,SH 1N,ADELAIDE ROAD,,Non-Injury Crash,Yes,2017,,West,,0,,Flat,,,,,,Overcast,2147900,0,0.0,0.0,4.0,,,0.0,,,,,,Wellington Region,Nil,1-way,Sealed,,0.0,0,,50.0,,Null,0.0,0.0,,47,Wellington City,Traffic Signals,,,,,1.0,0.0,Urban,0.0,,,Fine,Null,0
67587556,,573903,0.0,0.0,0.0,1.0,0.0,West,2015/2016,RUSKIN ROAD,FITZPATRICK ST,,Non-Injury Crash,No,2016,0.0,East,0.0,0,0.0,Hill Road,0.0,,0.0,,0.0,Bright sun,2074301,0,0.0,0.0,2.0,0.0,0.0,0.0,0.0,1.0,,0.0,0.0,Wellington Region,Nil,2-way,Sealed,0.0,0.0,0,0.0,50.0,0.0,Null,0.0,0.0,,47,Wellington City,Unknown,0.0,0.0,0.0,0.0,0.0,0.0,Urban,1.0,0.0,0.0,Null,Null,0
67587628,,574500,0.0,,0.0,1.0,,East,2016/2017,SH 1N,AOTEA ON NBD,,Minor Crash,Yes,2016,,North,,0,,Flat,,,,,,Overcast,2093400,1,0.0,1.0,8.0,,,0.0,,,,,,Wellington Region,Nil,2-way,Sealed,,0.0,0,,100.0,,Null,0.0,0.0,,47,Wellington City,Unknown,,,,,0.0,0.0,Open,0.0,,,Fine,Null,0
67587673,,572900,0.0,,0.0,2.0,,South,2015/2016,AOTEA QUAY,AOTEA OFF SBD,,Non-Injury Crash,No,2016,,North,,0,,Flat,,,,,,Overcast,2118400,0,0.0,0.0,4.0,,,0.0,,,,,,Wellington Region,Nil,2-way,Sealed,,0.0,0,,70.0,,Null,0.0,0.0,,47,Wellington City,Nil,,,,,0.0,0.0,Urban,0.0,,,Heavy rain,Null,0
67587820,,576800,0.0,0.0,0.0,2.0,0.0,Null,2016/2017,WAITOA ROAD,HINAU ROAD,,Non-Injury Crash,No,2016,0.0,South,0.0,0,0.0,Hill Road,0.0,,0.0,,0.0,Bright sun,2185300,0,0.0,0.0,2.0,0.0,0.0,0.0,0.0,1.0,,0.0,0.0,Wellington Region,Nil,2-way,Sealed,0.0,0.0,0,0.0,50.0,0.0,Null,0.0,0.0,,47,Wellington City,Nil,0.0,0.0,0.0,0.0,0.0,0.0,Urban,0.0,0.0,0.0,Fine,Null,0
67587849,,577102,0.0,0.0,0.0,2.0,0.0,North,2015/2016,RAUKAWA ST,TUKANAE ST,,Non-Injury Crash,No,2016,0.0,South,0.0,0,0.0,Flat,0.0,,0.0,,0.0,Bright sun,2215900,0,0.0,0.0,2.0,0.0,0.0,0.0,0.0,1.0,,0.0,0.0,Wellington Region,Nil,2-way,Sealed,0.0,0.0,0,0.0,50.0,0.0,Null,0.0,0.0,,47,Wellington City,Unknown,0.0,1.0,0.0,0.0,0.0,0.0,Urban,0.0,0.0,0.0,Fine,Null,0
67587921,,573000,0.0,,0.0,1.0,,North,2016/2017,SH 1N,NORTH PORTAL NBD,,Non-Injury Crash,Yes,2017,,North,,0,,Flat,,Easter,,,,Bright sun,2126700,0,0.0,0.0,2.0,,,0.0,,,,,,Wellington Region,Nil,1-way,Sealed,,0.0,0,,100.0,,Null,0.0,0.0,,47,Wellington City,Unknown,,,,,1.0,0.0,Open,0.0,,,Fine,Null,0
67587945,,572900,0.0,0.0,0.0,1.0,0.0,North,2016/2017,HUTT ROAD,SAR ST,,Non-Injury Crash,No,2017,0.0,South,0.0,0,0.0,Flat,0.0,,0.0,,0.0,Dark,2118400,0,0.0,0.0,2.0,0.0,0.0,0.0,0.0,1.0,,0.0,1.0,Wellington Region,Nil,2-way,Sealed,0.0,0.0,0,0.0,50.0,0.0,On,0.0,0.0,,47,Wellington City,Unknown,0.0,0.0,0.0,0.0,0.0,0.0,Urban,1.0,0.0,0.0,Fine,Null,0
67588325,,573000,0.0,,0.0,1.0,,Null,2016/2017,THE TERRACE,BOLTON ST,,Minor Crash,No,2017,,North,,0,,Flat,,,,,,Overcast,2123700,1,0.0,1.0,2.0,,,0.0,,,,,,Wellington Region,Nil,2-way,Sealed,,0.0,0,,50.0,,Null,0.0,0.0,,47,Wellington City,Give way,,,,,0.0,0.0,Urban,0.0,,,Heavy rain,Null,0
67588353,,577200,0.0,0.0,1.0,1.0,0.0,Null,2016/2017,DEVONSHIRE ROAD,TORRIDON ROAD,,Minor Crash,No,2017,0.0,North,0.0,0,1.0,Flat,0.0,,0.0,,0.0,Bright sun,2207800,1,0.0,0.0,2.0,0.0,0.0,0.0,0.0,0.0,,0.0,0.0,Wellington Region,Nil,2-way,Sealed,0.0,0.0,0,0.0,50.0,0.0,Null,0.0,0.0,,47,Wellington City,Give way,0.0,0.0,0.0,1.0,0.0,0.0,Urban,0.0,0.0,0.0,Fine,Null,0
67588388,,577200,0.0,,0.0,0.0,,North,2016/2017,SH 1N,CALEDONIA ST,,Non-Injury Crash,Yes,2016,,North,,0,,Hill Road,,,,,,Overcast,2206300,0,0.0,0.0,4.0,,,0.0,,,,,,Wellington Region,Nil,2-way,Sealed,,0.0,0,,70.0,,Null,1.0,0.0,,47,Wellington City,Unknown,,,,,0.0,0.0,Urban,1.0,,,Fine,Null,0
67588425,,574100,0.0,,0.0,1.0,,South,2016/2017,BURMA ROAD,HAUMIA ST,,Non-Injury Crash,No,2016,,North,,0,,Flat,,Christmas New Year,,,,Bright sun,2085303,0,0.0,0.0,2.0,,,0.0,,,,,,Wellington Region,Nil,2-way,Sealed,,0.0,0,,50.0,,Null,0.0,0.0,,47,Wellington City,Unknown,,,,,0.0,0.0,Urban,1.0,,,Fine,Null,0
67588465,,573000,0.0,,0.0,3.0,,Null,2016/2017,SH 1N,SOUTH PORTAL,,Non-Injury Crash,Yes,2016,,North,,0,,Flat,,,,,,Overcast,2130600,0,0.0,0.0,2.0,,,0.0,,,,,,Wellington Region,Nil,1-way,Sealed,,0.0,0,,60.0,,Null,0.0,0.0,,47,Wellington City,Unknown,,,,,0.0,0.0,Urban,1.0,,,Heavy rain,Null,0
67588513,,574900,0.0,,0.0,2.0,,Null,2015/2016,ALLINGTON ROAD,MAKARA ROAD,,Non-Injury Crash,No,2016,,West,,0,,Flat,,,,,,Bright sun,2110200,0,0.0,0.0,2.0,,,0.0,,,,,,Wellington Region,Nil,2-way,Sealed,,0.0,0,,50.0,,Null,0.0,0.0,,47,Wellington City,Give way,,,,,0.0,0.0,Urban,0.0,,,Null,Null,0
67588540,,574900,0.0,,0.0,2.0,,East,2017/2018,KARORI ROAD,RICHMOND AVENUE,,Serious Crash,No,2017,,West,,0,,Flat,,,,,,Bright sun,2109900,1,0.0,0.0,2.0,,,0.0,,,,,,Wellington Region,Nil,2-way,Sealed,,0.0,1,,50.0,,Null,0.0,0.0,,47,Wellington City,Nil,,,,,0.0,0.0,Urban,0.0,,,Fine,Null,0
67588612,25.0,573101,0.0,,1.0,1.0,,Null,2015/2016,COURTENAY PLACE,TORY ST,,Non-Injury Crash,No,2016,,West,,0,,Flat,,,,,,Dark,2135600,0,0.0,0.0,2.0,,,0.0,,,,,,Wellington Region,Nil,2-way,Sealed,,0.0,0,,30.0,,On,0.0,1.0,,47,Wellington City,Traffic Signals,,,,,0.0,0.0,Urban,0.0,,,Null,Null,0
67588652,,577102,0.0,0.0,0.0,2.0,0.0,Null,2016/2017,BROADWAY,MONORGAN ROAD,,Non-Injury Crash,No,2016,0.0,North,0.0,0,1.0,Flat,0.0,,0.0,,0.0,Overcast,2215500,0,0.0,0.0,2.0,0.0,0.0,0.0,0.0,0.0,,0.0,0.0,Wellington Region,Nil,2-way,Sealed,0.0,0.0,0,0.0,50.0,0.0,Null,0.0,0.0,,47,Wellington City,Stop,0.0,0.0,0.0,0.0,0.0,0.0,Urban,0.0,0.0,0.0,Fine,Null,0
67588685,,572900,0.0,0.0,0.0,1.0,0.0,South,2016/2017,TINAKORI ON NBD,TINAKORI ROAD,,Non-Injury Crash,Yes,2016,0.0,North,0.0,0,0.0,Hill Road,1.0,,0.0,,0.0,Overcast,2120100,0,0.0,0.0,2.0,0.0,0.0,0.0,0.0,0.0,,0.0,0.0,Wellington Region,Motorway ramp,1-way,Sealed,0.0,0.0,0,0.0,50.0,0.0,Null,0.0,0.0,,47,Wellington City,Unknown,0.0,1.0,0.0,0.0,0.0,0.0,Urban,0.0,0.0,0.0,Light rain,Null,0
67588809,,577301,0.0,0.0,0.0,2.0,0.0,West,2015/2016,CAMPERDOWN ROAD,WEKA ST,,Non-Injury Crash,No,2016,0.0,North,0.0,0,0.0,Null,0.0,,0.0,,0.0,Overcast,2202900,0,0.0,0.0,2.0,0.0,0.0,0.0,0.0,1.0,,0.0,0.0,Wellington Region,Nil,Null,Sealed,0.0,0.0,0,0.0,50.0,0.0,Null,0.0,0.0,,47,Wellington City,Give way,0.0,0.0,0.0,0.0,0.0,0.0,Urban,0.0,0.0,0.0,Null,Null,0
67588853,,574500,1.0,,0.0,0.0,,Null,2015/2016,HUTT ROAD,KAIWHARAWHARA ROAD,,Non-Injury Crash,No,2016,,South,,0,,Flat,,,,,,Bright sun,2093500,0,0.0,0.0,4.0,,,0.0,,,,,,Wellington Region,Nil,2-way,Sealed,,0.0,0,,50.0,,Null,0.0,0.0,,47,Wellington City,Traffic Signals,,,,,0.0,0.0,Urban,1.0,,,Fine,Null,0
67588876,,575200,0.0,,0.0,2.0,,West,2016/2017,GLENMORE ST,COLLINS TERRACE,,Non-Injury Crash,No,2016,,West,,0,,Hill Road,,,,,,Bright sun,2151300,0,0.0,0.0,2.0,,,0.0,,,,,,Wellington Region,Nil,2-way,Sealed,,0.0,0,,50.0,,Null,0.0,0.0,,47,Wellington City,Unknown,,,,,0.0,0.0,Urban,0.0,,,Fine,Null,0
67588889,,574002,0.0,,0.0,2.0,,North,2016/2017,SH 2,SH 1N,,Non-Injury Crash,Yes,2016,,North,,0,,Flat,,,,,,Overcast,2078302,0,0.0,0.0,2.0,,,0.0,,,,,,Wellington Region,Nil,1-way,Sealed,,0.0,0,,100.0,,Off,3.0,0.0,,47,Wellington City,Unknown,,,,,0.0,0.0,Open,0.0,,,Fine,Null,0
67589065,,576002,0.0,,0.0,0.0,,Null,2016/2017,CLYDE ST,AVON ST,,Minor Crash,No,2017,,South,,0,,Hill Road,,,,,,Dark,2190400,1,1.0,0.0,2.0,,,0.0,,,,,,Wellington Region,Nil,2-way,Sealed,,0.0,0,,50.0,,On,0.0,0.0,,47,Wellington City,Give way,,,,,0.0,0.0,Urban,0.0,,,Fine,Null,0
67589097,,577200,0.0,,0.0,1.0,,North,2016/2017,MIRAMAR AVENUE,STONE ST,,Minor Crash,No,2017,,South,,0,,Flat,,,,,,Bright sun,2206200,1,0.0,1.0,2.0,,,0.0,,,,,,Wellington Region,Nil,2-way,Sealed,,0.0,0,,30.0,,Null,0.0,0.0,,47,Wellington City,Unknown,,,,,0.0,0.0,Urban,0.0,,,Fine,Null,0
67589116,,573300,0.0,,0.0,1.0,,North,2016/2017,WALLACE ST,HUTCHISON ROAD,,Non-Injury Crash,No,2016,,North,,0,,Hill Road,,,,,,Overcast,2147300,0,0.0,0.0,2.0,,,0.0,,,,,,Wellington Region,Nil,2-way,Sealed,,0.0,0,,50.0,,Null,1.0,0.0,,47,Wellington City,Unknown,,,,,0.0,0.0,Urban,0.0,,,Null,Null,0
67589221,,573101,0.0,,0.0,1.0,,East,2016/2017,SH 1N,TARANAKI ST,,Non-Injury Crash,Yes,2016,,West,,0,,Hill Road,,,,,,Overcast,2134800,0,0.0,0.0,3.0,,,0.0,,,,,,Wellington Region,Nil,1-way,Sealed,,0.0,0,,50.0,,Null,1.0,0.0,,47,Wellington City,Unknown,,,,,0.0,0.0,Urban,0.0,,,Fine,Null,0
67589269,,572900,0.0,,0.0,2.0,,South,2016/2017,SH 1N,HAWKESTONE ON SBD,,Non-Injury Crash,Yes,2016,,North,,0,,Flat,,,,,,Twilight,2122400,0,0.0,0.0,3.0,,,0.0,,,,,,Wellington Region,Motorway ramp,2-way,Sealed,,0.0,0,,50.0,,Null,0.0,0.0,,47,Wellington City,Unknown,,,,,0.0,0.0,Urban,0.0,,,Fine,Null,0
67589379,,577000,0.0,0.0,0.0,2.0,0.0,South,2016/2017,SUTHERLAND ROAD,TAVISTOCK ROAD,,Non-Injury Crash,No,2016,0.0,South,0.0,0,0.0,Hill Road,0.0,,0.0,,0.0,Bright sun,2174100,0,0.0,0.0,2.0,0.0,0.0,0.0,0.0,1.0,,0.0,0.0,Wellington Region,Nil,2-way,Sealed,0.0,0.0,0,0.0,50.0,0.0,Null,0.0,0.0,,47,Wellington City,Nil,0.0,0.0,0.0,0.0,0.0,0.0,Urban,0.0,0.0,0.0,Fine,Null,0
67589387,,577102,0.0,,0.0,2.0,,East,2015/2016,BROADWAY,CAVENDISH SQUARE,,Non-Injury Crash,No,2016,,West,,0,,Hill Road,,,,,,Bright sun,2213600,0,0.0,0.0,2.0,,,0.0,,,,,,Wellington Region,Nil,2-way,Sealed,,0.0,0,,50.0,,Null,0.0,0.0,,47,Wellington City,Unknown,,,,,0.0,0.0,Urban,0.0,,,Fine,Null,0
67589975,,572500,0.0,,0.0,2.0,,Null,2016/2017,TAKAPU ROAD,WILLOWBANK ROAD,,Non-Injury Crash,No,2017,,West,,0,,Flat,,,,,,Dark,2053701,0,0.0,0.0,2.0,,,0.0,,,,,,Wellington Region,Nil,2-way,Sealed,,0.0,0,,50.0,,On,0.0,0.0,,47,Wellington City,Give way,,,,,0.0,0.0,Urban,0.0,,,Fine,Null,0
67589987,,577000,0.0,,0.0,2.0,,Null,2016/2017,ONEPU ROAD,ENDEAVOUR ST,,Minor Crash,No,2016,,South,,0,,Flat,,,,,,Overcast,2173900,1,0.0,0.0,2.0,,,0.0,,,,,,Wellington Region,Nil,2-way,Sealed,,0.0,0,,50.0,,Null,0.0,0.0,,47,Wellington City,Stop,,,,,0.0,0.0,Urban,0.0,,,Fine,Null,0
67590098,,575901,0.0,0.0,0.0,1.0,0.0,North,2016/2017,OHIRO ROAD,STOCK ST,,Non-Injury Crash,No,2017,0.0,East,0.0,0,1.0,Flat,0.0,,0.0,,0.0,Dark,2187306,0,0.0,0.0,2.0,0.0,0.0,0.0,0.0,0.0,,0.0,0.0,Wellington Region,Nil,2-way,Sealed,0.0,0.0,0,0.0,50.0,0.0,On,0.0,0.0,,47,Wellington City,Unknown,0.0,0.0,0.0,0.0,0.0,0.0,Urban,0.0,0.0,0.0,Fine,Null,0
67590131,,577302,0.0,,0.0,1.0,,Null,2017/2018,PARK ROAD,PARK ROAD,,Minor Crash,No,2017,,East,,0,,Flat,,,,,,Bright sun,2206102,1,0.0,0.0,2.0,,,0.0,,,1.0,,,Wellington Region,Nil,2-way,Sealed,,0.0,0,,30.0,,Null,0.0,0.0,,47,Wellington City,Give way,,,,,0.0,0.0,Urban,0.0,,,Fine,Null,0
67590138,,576100,0.0,,0.0,1.0,,West,2015/2016,THE ESPLANADE,HOUGHTON BAY ROAD,,Non-Injury Crash,No,2016,,South,,0,,Flat,,,,,,Bright sun,2194806,0,0.0,0.0,2.0,,,0.0,,,,,,Wellington Region,Nil,2-way,Sealed,,0.0,0,,50.0,,Null,0.0,0.0,,47,Wellington City,Unknown,,,,,1.0,0.0,Urban,0.0,,,Fine,Null,0
67590215,,574303,0.0,,0.0,2.0,,North,2015/2016,SH 1N,NEWLANDS OFF NBD,,Non-Injury Crash,Yes,2016,,North,,0,,Hill Road,,,,,,Overcast,2084302,0,0.0,0.0,3.0,,,0.0,,,,,,Wellington Region,Nil,1-way,Sealed,,0.0,0,,80.0,,Null,0.0,0.0,,47,Wellington City,Unknown,,,,,0.0,0.0,Open,0.0,,,Fine,Null,0
67590218,,575200,0.0,,0.0,1.0,,North,2016/2017,GLENMORE ST,THE RIGI,,Non-Injury Crash,No,2016,,East,,0,,Hill Road,,,,,,Overcast,2150200,0,0.0,0.0,2.0,,,0.0,,,,,,Wellington Region,Nil,2-way,Sealed,,0.0,0,,50.0,,Null,0.0,0.0,,47,Wellington City,Unknown,,,,,1.0,0.0,Urban,0.0,,,Heavy rain,Null,0
67590235,,573300,0.0,0.0,0.0,2.0,0.0,North,2015/2016,WRIGHT ST,PAPAWAI TERRACE,,Non-Injury Crash,No,2016,0.0,South,0.0,0,0.0,Flat,0.0,,0.0,,0.0,Bright sun,2146600,0,0.0,0.0,2.0,0.0,0.0,0.0,0.0,1.0,,0.0,0.0,Wellington Region,Nil,2-way,Sealed,0.0,0.0,0,0.0,50.0,0.0,Null,0.0,0.0,,47,Wellington City,Nil,0.0,0.0,0.0,0.0,0.0,0.0,Urban,0.0,0.0,0.0,Fine,Null,0
67590255,,573101,1.0,,1.0,0.0,,East,2015/2016,COURTENAY PLACE,TARANAKI ST,,Minor Crash,No,2016,,East,,0,,Flat,,,,,,Bright sun,2135600,1,0.0,0.0,5.0,,,0.0,,,,,,Wellington Region,Nil,2-way,Sealed,,0.0,0,,30.0,,Null,0.0,0.0,,47,Wellington City,Unknown,,,,,0.0,0.0,Urban,0.0,,,Fine,Null,0
67590378,,573700,0.0,,0.0,2.0,,Null,2016/2017,JOHNSONVILLE ROAD,MOOREFIELD ROAD,,Non-Injury Crash,No,2016,,North,,0,,Flat,,,,,,Dark,2082800,0,0.0,0.0,2.0,,,0.0,,,,,,Wellington Region,Nil,1-way,Sealed,,0.0,0,,50.0,,On,0.0,0.0,,47,Wellington City,Give way,,,,,0.0,0.0,Urban,0.0,,,Fine,Null,0
67590739,,577000,0.0,,0.0,2.0,,Null,2017/2018,YULE ST,ENDEAVOUR ST,,Minor Crash,No,2017,,South,,0,,Flat,,,,,,Twilight,2175501,2,0.0,0.0,2.0,,,0.0,,,,,,Wellington Region,Nil,2-way,Sealed,,0.0,0,,50.0,,Off,0.0,0.0,,47,Wellington City,Give way,,,,,0.0,0.0,Urban,0.0,,,Fine,Null,0
67590815,,572900,0.0,,0.0,1.0,,South,2015/2016,AOTEA OFF SBD,SH 1N,,Non-Injury Crash,Yes,2016,,South,,0,,Hill Road,,,,,,Twilight,2118400,0,0.0,0.0,1.0,,,0.0,,,,,,Wellington Region,Motorway ramp,1-way,Sealed,,0.0,0,,50.0,,On,1.0,0.0,,47,Wellington City,Unknown,,,,,0.0,0.0,Urban,0.0,,,Fine,Null,0
67591099,,574303,0.0,0.0,0.0,0.0,0.0,South,2016/2017,SH 1N,ABATTOIRS,,Non-Injury Crash,Yes,2016,0.0,North,0.0,0,0.0,Hill Road,1.0,,0.0,,0.0,Overcast,2088705,0,0.0,0.0,3.0,0.0,0.0,0.0,0.0,0.0,,0.0,0.0,Wellington Region,Nil,1-way,Sealed,0.0,0.0,0,0.0,80.0,0.0,Null,2.0,0.0,,47,Wellington City,Unknown,0.0,0.0,0.0,0.0,0.0,0.0,Open,0.0,0.0,0.0,Fine,Null,0
67591135,,576903,0.0,,0.0,2.0,,Null,2016/2017,RUAHINE ST,WELLINGTON ROAD,,Non-Injury Crash,No,2016,,North,,0,,Hill Road,,,,,,Overcast,2180400,0,0.0,0.0,2.0,,,0.0,,,,,,Wellington Region,Nil,2-way,Sealed,,0.0,0,,50.0,,Null,0.0,0.0,,47,Wellington City,Give way,,,,,0.0,0.0,Urban,0.0,,,Light rain,Null,0