OBJECTID,advisorySpeed,areaUnitID,bicycle,bridge,bus,carStationWagon,cliffBank,crashDirectionDescription,crashFinancialYear,crashLocation1,crashLocation2,crashRoadSideRoad,crashSeverity,crashSHDescription,crashYear,debris,directionRoleDescription,ditch,fatalCount,fence,flatHill,guardRail,holiday,houseOrBuilding,intersection,kerb,light,meshblockId,minorInjuryCount,moped,motorcycle,NumberOfLanes,objectThrownOrDropped,otherObject,otherVehicleType,overBank,parkedVehicle,pedestrian,phoneBoxEtc,postOrPole,region,roadCharacter,roadLane,roadSurface,roadworks,schoolBus,seriousInjuryCount,slipOrFlood,speedLimit,strayAnimal,streetLight,suv,taxi,temporarySpeedLimit,tlaId,tlaName,trafficControl,trafficIsland,trafficSign,train,tree,truck,unknownVehicleType,urban,vanOrUtility,vehicle,waterRiver,weatherA,weatherB,if_pandemic
67591186,,576800,0.0,0.0,0.0,2.0,0.0,North,2016/2017,HAPUA ST,WAITOA ROAD,,Non-Injury Crash,No,2017,0.0,South,0.0,0,0.0,Flat,0.0,,0.0,,0.0,Dark,2184800,0,0.0,0.0,2.0,0.0,0.0,0.0,0.0,1.0,,0.0,0.0,Wellington Region,Nil,2-way,Sealed,0.0,0.0,0,0.0,50.0,0.0,Null,0.0,0.0,,47,Wellington City,Unknown,0.0,0.0,0.0,0.0,0.0,0.0,Urban,0.0,0.0,0.0,Fine,Null,0
67591202,35.0,574303,0.0,0.0,0.0,1.0,0.0,South,2015/2016,NEWLANDS ON NBD,NEWLANDS OFF NBD,,Non-Injury Crash,Yes,2016,0.0,South,0.0,0,0.0,Hill Road,1.0,,0.0,,0.0,Overcast,2084302,0,0.0,0.0,1.0,0.0,0.0,0.0,0.0,0.0,,0.0,0.0,Wellington Region,Motorway ramp,1-way,Sealed,0.0,0.0,0,0.0,50.0,0.0,Null,0.0,0.0,,47,Wellington City,Unknown,0.0,0.0,0.0,0.0,0.0,0.0,Urban,0.0,0.0,0.0,Light rain,Null,0
67591207,,576901,0.0,,0.0,2.0,,Null,2016/2017,SH 1N,TROY ST,,Non-Injury Crash,Yes,2016,,West,,0,,Flat,,,,,,Bright sun,2176800,0,0.0,0.0,4.0,,,0.0,,,,,,Wellington Region,Nil,2-way,Sealed,,0.0,0,,70.0,,Null,0.0,0.0,,47,Wellington City,Give way,,,,,0.0,0.0,Urban,0.0,,,Fine,Strong wind,0
67591210,,572900,0.0,,0.0,0.0,,North,2016/2017,SH 1N,TERRACE OFF SBD,,Non-Injury Crash,Yes,2016,,South,,0,,Flat,,,,,,Twilight,2122200,0,0.0,0.0,6.0,,,0.0,,,,,,Wellington Region,Motorway ramp,2-way,Unsealed,,0.0,0,,80.0,,On,1.0,0.0,,47,Wellington City,Unknown,,,,,0.0,0.0,Open,1.0,,,Fine,Null,0
67591362,25.0,574002,0.0,,0.0,1.0,,South,2016/2017,NGAURANGA ON NBD,RLY YARD ENT,,Non-Injury Crash,Yes,2017,,North,,0,,Flat,,,,,,Dark,2078302,0,0.0,0.0,3.0,,,0.0,,,,,,Wellington Region,Motorway ramp,1-way,Sealed,,0.0,0,,100.0,,On,0.0,0.0,,47,Wellington City,Unknown,,,,,0.0,0.0,Open,0.0,,,Light rain,Null,0
67591427,,573300,0.0,,0.0,1.0,,South,2016/2017,Z WORKSHOP,WEBB ST,,Minor Crash,No,2017,,East,,0,,Flat,,,,,,Overcast,2144300,1,0.0,0.0,0.0,,,0.0,,,1.0,,,Wellington Region,Nil,Off road,Sealed,,0.0,0,,10.0,,Null,0.0,0.0,,47,Wellington City,Unknown,,,,,0.0,0.0,Urban,0.0,,,Light rain,Null,0
67591447,,573101,0.0,0.0,0.0,1.0,0.0,West,2016/2017,ABEL SMITH ST,TARANAKI ST,,Non-Injury Crash,No,2016,0.0,East,0.0,0,0.0,Flat,0.0,,0.0,,0.0,Bright sun,2134700,0,0.0,0.0,2.0,0.0,0.0,0.0,0.0,1.0,,0.0,0.0,Wellington Region,Nil,2-way,Sealed,0.0,0.0,0,0.0,70.0,0.0,Null,0.0,0.0,,47,Wellington City,Unknown,0.0,0.0,0.0,0.0,1.0,0.0,Urban,0.0,0.0,0.0,Fine,Null,0
67591511,,576903,0.0,,0.0,0.0,,West,2016/2017,SH 1N,EVANS BAY PARADE,,Non-Injury Crash,Yes,2016,,East,,0,,Flat,,,,,,Bright sun,2180200,0,0.0,0.0,4.0,,,0.0,,,,,,Wellington Region,Nil,2-way,Sealed,,0.0,0,,50.0,,Null,0.0,0.0,,47,Wellington City,Unknown,,,,,0.0,0.0,Urban,2.0,,,Fine,Null,0
67591527,25.0,573802,0.0,,0.0,2.0,,Null,2016/2017,CHESTERTON ST,BURGESS ROAD,,Non-Injury Crash,No,2016,,South,,0,,Hill Road,,,,,,Overcast,2079200,0,0.0,0.0,2.0,,,0.0,,,,,,Wellington Region,Nil,2-way,Sealed,,0.0,0,,50.0,,Null,0.0,0.0,,47,Wellington City,Stop,,,,,0.0,0.0,Urban,0.0,,,Light rain,Null,0
67591703,,573000,1.0,,0.0,1.0,,Null,2017/2018,CUSTOMHOUSE QUAY,BRANDON ST,,Minor Crash,No,2017,,North,,0,,Flat,,,,,,Bright sun,2124300,1,0.0,0.0,6.0,,,0.0,,,,,,Wellington Region,Nil,2-way,Sealed,,0.0,0,,50.0,,Null,0.0,0.0,,47,Wellington City,Traffic Signals,,,,,0.0,0.0,Urban,0.0,,,Fine,Null,0
67591731,,574500,0.0,,0.0,2.0,,North,2015/2016,SH 1N,AOTEA ON NBD,,Non-Injury Crash,Yes,2016,,North,,0,,Flat,,,,,,Dark,2093600,0,0.0,0.0,4.0,,,0.0,,,,,,Wellington Region,Nil,1-way,Sealed,,0.0,0,,100.0,,On,0.0,0.0,70.0,47,Wellington City,Unknown,,,,,0.0,0.0,Open,0.0,,,Light rain,Null,0
67591851,,573300,0.0,0.0,0.0,2.0,0.0,South,2016/2017,SH 1N,BUCKLE ST,,Non-Injury Crash,Yes,2016,0.0,North,0.0,0,0.0,Hill Road,0.0,,0.0,,0.0,Dark,2145602,0,0.0,0.0,3.0,0.0,0.0,0.0,0.0,1.0,,0.0,0.0,Wellington Region,Nil,1-way,Sealed,0.0,0.0,0,0.0,50.0,0.0,On,0.0,0.0,,47,Wellington City,Unknown,0.0,1.0,0.0,0.0,0.0,0.0,Urban,0.0,0.0,0.0,Light rain,Strong wind,0
67591946,,576901,0.0,,0.0,2.0,,Null,2016/2017,SH 1N,TROY ST,,Non-Injury Crash,Yes,2016,,East,,0,,Flat,,,,,,Dark,2176800,0,0.0,0.0,2.0,,,0.0,,,,,,Wellington Region,Nil,1-way,Sealed,,0.0,0,,70.0,,On,0.0,0.0,,47,Wellington City,Give way,,,,,0.0,0.0,Urban,0.0,,,Fine,Null,0
67591954,,573522,0.0,,0.0,0.0,,North,2016/2017,SH 1N,TAWA OFF NBD,,Non-Injury Crash,Yes,2016,,North,,0,,Flat,,,,,,Overcast,2053703,0,0.0,0.0,3.0,,,0.0,,,,,,Wellington Region,Motorway ramp,1-way,Sealed,,0.0,0,,100.0,,Null,0.0,0.0,,47,Wellington City,Unknown,,,,,1.0,0.0,Open,1.0,,,Fine,Null,0
67591978,,575100,0.0,0.0,0.0,2.0,0.0,Null,2015/2016,HAZLEWOOD AVENUE,FIONA GROVE,,Non-Injury Crash,No,2016,0.0,South,0.0,0,1.0,Hill Road,0.0,,0.0,,0.0,Bright sun,2116309,0,0.0,0.0,2.0,0.0,0.0,0.0,0.0,0.0,,0.0,0.0,Wellington Region,Nil,2-way,Sealed,0.0,0.0,0,0.0,50.0,0.0,Null,0.0,0.0,,47,Wellington City,Nil,0.0,0.0,0.0,1.0,0.0,0.0,Urban,0.0,0.0,0.0,Fine,Null,0
67591979,,573101,1.0,,0.0,1.0,,Null,2016/2017,COURTENAY PLACE,TORY ST,,Minor Crash,No,2017,,North,,0,,Flat,,,,,,Bright sun,2135600,1,0.0,0.0,1.0,,,0.0,,,,,,Wellington Region,Nil,1-way,Sealed,,0.0,0,,30.0,,Null,0.0,0.0,,47,Wellington City,Traffic Signals,,,,,0.0,0.0,Urban,0.0,,,Fine,Null,0
67592058,,574304,0.0,0.0,0.0,1.0,0.0,East,2016/2017,BURMA ROAD,KOHIMA DRIVE,,Non-Injury Crash,No,2016,0.0,East,0.0,0,0.0,Flat,0.0,,0.0,,1.0,Overcast,2088800,0,0.0,0.0,2.0,0.0,0.0,0.0,0.0,0.0,,0.0,1.0,Wellington Region,Nil,2-way,Sealed,0.0,0.0,0,0.0,50.0,0.0,Null,0.0,0.0,,47,Wellington City,Unknown,0.0,0.0,0.0,0.0,0.0,0.0,Urban,0.0,0.0,0.0,Light rain,Null,0
67592111,,573700,0.0,,0.0,3.0,,Null,2017/2018,JOHNSONVILLE ROAD,HAWEA ST,,Minor Crash,No,2017,,North,,0,,Flat,,,,,,Dark,2082800,1,0.0,0.0,2.0,,,0.0,,,,,,Wellington Region,Nil,2-way,Sealed,,0.0,0,,50.0,,On,0.0,0.0,,47,Wellington City,Traffic Signals,,,,,0.0,0.0,Urban,1.0,,,Heavy rain,Null,0
67592186,,573101,0.0,,0.0,2.0,,North,2016/2017,KENT TERRACE,PIRIE ST,,Non-Injury Crash,No,2016,,South,,0,,Flat,,,,,,Bright sun,2136500,0,0.0,0.0,3.0,,,0.0,,,,,,Wellington Region,Nil,1-way,Sealed,,0.0,0,,50.0,,Null,0.0,0.0,,47,Wellington City,Unknown,,,,,0.0,0.0,Urban,0.0,,,Fine,Null,0
67592194,,573000,0.0,,0.0,1.0,,Null,2015/2016,GHUZNEE ST,WILLIS ST,,Non-Injury Crash,No,2016,,West,,0,,Flat,,,,,,Overcast,2130700,0,1.0,0.0,3.0,,,0.0,,,,,,Wellington Region,Nil,2-way,Sealed,,0.0,0,,50.0,,Null,0.0,0.0,,47,Wellington City,Traffic Signals,,,,,0.0,0.0,Urban,0.0,,,Light rain,Null,0
67592263,,574702,0.0,0.0,0.0,1.0,0.0,West,2015/2016,PEMBROKE ROAD,HEREFORD ST,,Non-Injury Crash,No,2016,0.0,East,0.0,0,0.0,Flat,0.0,,0.0,,0.0,Bright sun,2102300,0,0.0,0.0,2.0,0.0,0.0,0.0,0.0,1.0,,0.0,0.0,Wellington Region,Nil,2-way,Sealed,0.0,0.0,0,0.0,50.0,0.0,Null,0.0,0.0,,47,Wellington City,Unknown,0.0,0.0,0.0,0.0,0.0,0.0,Urban,1.0,0.0,0.0,Fine,Null,0
67592319,,573700,0.0,,0.0,0.0,,East,2015/2016,Z JOHNSONVILLE ROAD,HAWEA ST,,Minor Crash,No,2016,,West,,0,,Flat,,,,,,Bright sun,2082800,1,0.0,0.0,0.0,,,0.0,,,1.0,,,Wellington Region,Nil,Off road,Sealed,,0.0,0,,10.0,,Null,1.0,0.0,,47,Wellington City,Unknown,,,,,0.0,0.0,Urban,0.0,,,Fine,Null,0
67592418,,574303,0.0,,0.0,1.0,,North,2016/2017,SH 1N,KIWI POINT QUARRY ENT,,Non-Injury Crash,Yes,2016,,North,,0,,Hill Road,,,,,,Overcast,2088705,0,0.0,0.0,4.0,,,0.0,,,,,,Wellington Region,Nil,1-way,Sealed,,0.0,0,,100.0,,Off,0.0,0.0,,47,Wellington City,Unknown,,,,,0.0,0.0,Open,1.0,,,Fine,Null,0
67592615,,573000,0.0,,0.0,2.0,,Null,2014/2015,SH 1N,EVERTON OBR,,Minor Crash,Yes,2015,,South,,0,,Flat,,,,,,Overcast,2126403,1,0.0,0.0,1.0,,,0.0,,,,,,Wellington Region,Nil,1-way,Sealed,,0.0,0,,60.0,,None,0.0,0.0,,47,Wellington City,Nil,,,,,0.0,0.0,Urban,0.0,,,Light rain,Strong wind,0
67592755,,577000,0.0,,0.0,1.0,,West,2014/2015,MOA POINT ROAD,BREAKER BAY ROAD,,Minor Crash,No,2015,,East,,0,,Flat,,,,,,Bright sun,2175700,1,0.0,1.0,2.0,,,0.0,,,,,,Wellington Region,Nil,2-way,Sealed,,0.0,0,,50.0,,Null,0.0,0.0,,47,Wellington City,Nil,,,,,0.0,0.0,Urban,0.0,,,Fine,Null,0
67592803,,573200,0.0,,0.0,2.0,,Null,2015/2016,BROOKLYN ROAD,WILLIS ST,,Non-Injury Crash,No,2015,,East,,0,,Flat,,,,,,Bright sun,2159203,0,0.0,0.0,2.0,,,0.0,,,,,,Wellington Region,Nil,2-way,Sealed,,0.0,0,,50.0,,Null,0.0,0.0,,47,Wellington City,Give way,,,,,0.0,0.0,Urban,0.0,,,Fine,Null,0
67592819,,573400,0.0,,0.0,2.0,,South,2015/2016,SH 1N,PIRIE ST,,Non-Injury Crash,Yes,2015,,South,,0,,Flat,,,,,,Dark,2143500,0,0.0,0.0,3.0,,,0.0,,,,,,Wellington Region,Nil,1-way,Sealed,,0.0,0,,50.0,,On,0.0,0.0,,47,Wellington City,Unknown,,,,,0.0,0.0,Urban,0.0,,,Light rain,Null,0
67592867,,573000,0.0,,0.0,2.0,,Null,2014/2015,WILLIS ST,DIXON ST,,Non-Injury Crash,No,2015,,North,,0,,Hill Road,,,,,,Dark,2130700,0,0.0,0.0,2.0,,,0.0,,,,,,Wellington Region,Nil,1-way,Sealed,,0.0,0,,50.0,,On,0.0,0.0,,47,Wellington City,Traffic Signals,,,,,0.0,0.0,Urban,0.0,,,Fine,Null,0
67592874,,575702,0.0,0.0,0.0,2.0,0.0,North,2016/2017,LIARDET ST,TRAVERS ST,,Non-Injury Crash,No,2016,0.0,South,0.0,0,0.0,Hill Road,0.0,,0.0,,0.0,Dark,2199300,0,0.0,0.0,2.0,0.0,0.0,0.0,0.0,1.0,,0.0,0.0,Wellington Region,Nil,2-way,Sealed,0.0,0.0,0,0.0,50.0,0.0,On,0.0,0.0,,47,Wellington City,Unknown,0.0,0.0,0.0,0.0,0.0,0.0,Urban,0.0,0.0,0.0,Light rain,Null,0
67592930,,576500,0.0,0.0,0.0,2.0,0.0,South,2016/2017,RIDDIFORD ST,CHURCH AVENUE,,Non-Injury Crash,No,2016,0.0,North,0.0,0,0.0,Flat,0.0,,0.0,,0.0,Overcast,2148800,0,0.0,0.0,4.0,0.0,0.0,0.0,0.0,1.0,,0.0,0.0,Wellington Region,Nil,2-way,Sealed,0.0,0.0,0,0.0,50.0,0.0,Null,0.0,0.0,,47,Wellington City,Nil,0.0,0.0,0.0,0.0,0.0,0.0,Urban,0.0,0.0,0.0,Null,Null,0
67592995,,573526,0.0,,0.0,3.0,,West,2014/2015,SH 2,HOROKIWI ROAD,,Non-Injury Crash,Yes,2015,,West,,0,,Flat,,,,,,Overcast,2086403,0,0.0,0.0,4.0,,,0.0,,,,,,Wellington Region,Nil,2-way,Sealed,,0.0,0,,100.0,,Null,0.0,0.0,,47,Wellington City,Unknown,,,,,0.0,0.0,Open,0.0,,,Fine,Null,0
67593026,,575200,0.0,0.0,0.0,2.0,0.0,North,2015/2016,GLENMORE ST,THE RIGI,,Non-Injury Crash,No,2016,0.0,South,0.0,0,0.0,Hill Road,0.0,,0.0,,0.0,Dark,2150200,0,0.0,0.0,2.0,0.0,0.0,0.0,0.0,2.0,,0.0,0.0,Wellington Region,Nil,2-way,Sealed,0.0,0.0,0,0.0,50.0,0.0,On,1.0,0.0,,47,Wellington City,Unknown,0.0,0.0,0.0,0.0,0.0,0.0,Urban,0.0,0.0,0.0,Fine,Null,0
67593066,,574900,0.0,0.0,0.0,5.0,0.0,East,2016/2017,KARORI ROAD,MORLEY ST,,Serious Crash,No,2017,0.0,West,0.0,0,0.0,Flat,0.0,,0.0,,0.0,Bright sun,2108900,0,0.0,0.0,2.0,0.0,0.0,0.0,0.0,5.0,,0.0,0.0,Wellington Region,Nil,2-way,Sealed,0.0,0.0,1,0.0,50.0,0.0,Null,0.0,0.0,,47,Wellington City,Give way,0.0,0.0,0.0,0.0,0.0,0.0,Urban,1.0,0.0,0.0,Fine,Null,0
67593099,,576700,0.0,0.0,0.0,2.0,1.0,South,2014/2015,GRAFTON ROAD,PALLISER ROAD,,Non-Injury Crash,No,2015,0.0,South,0.0,0,0.0,Hill Road,0.0,,0.0,,0.0,Bright sun,2185800,0,0.0,0.0,2.0,0.0,0.0,0.0,0.0,0.0,,0.0,0.0,Wellington Region,Nil,2-way,Sealed,0.0,0.0,0,0.0,50.0,0.0,Null,0.0,0.0,,47,Wellington City,Nil,0.0,0.0,0.0,0.0,0.0,0.0,Urban,0.0,0.0,0.0,Fine,Null,0
67593103,,573300,0.0,,0.0,2.0,,North,2014/2015,TARANAKI ST,HILL LANE,,Non-Injury Crash,No,2015,,South,,0,,Flat,,,,,,Bright sun,2144500,0,0.0,0.0,2.0,,,0.0,,,,,,Wellington Region,Nil,2-way,Sealed,,0.0,0,,50.0,,Null,0.0,0.0,,47,Wellington City,Nil,,,,,0.0,0.0,Urban,0.0,,,Fine,Null,0
67593143,,573700,0.0,,0.0,1.0,,Null,2016/2017,BRODERICK ROAD,BOULD ST,,Minor Crash,No,2016,,West,,0,,Hill Road,,,,,,Bright sun,2083000,1,0.0,1.0,2.0,,,0.0,,,,,,Wellington Region,Nil,2-way,Sealed,,0.0,0,,50.0,,Null,0.0,0.0,,47,Wellington City,Nil,,,,,0.0,0.0,Urban,0.0,,,Fine,Null,0
67593146,,573522,0.0,,0.0,1.0,,South,2015/2016,SH 1N,TAWA ON SBD,,Non-Injury Crash,Yes,2016,,South,,0,,Flat,,,,,,Bright sun,2053703,0,0.0,1.0,2.0,,,0.0,,,,,,Wellington Region,Nil,1-way,Sealed,,0.0,0,,100.0,,Null,0.0,0.0,,47,Wellington City,Unknown,,,,,0.0,0.0,Open,0.0,,,Fine,Null,0
67593159,,572900,0.0,0.0,0.0,2.0,0.0,South,2014/2015,WADESTOWN ROAD,SEFTON ST,,Non-Injury Crash,No,2015,0.0,South,0.0,0,0.0,Hill Road,0.0,,0.0,,0.0,Overcast,2101900,0,0.0,0.0,2.0,0.0,0.0,0.0,0.0,1.0,,0.0,0.0,Wellington Region,Nil,2-way,Sealed,0.0,0.0,0,0.0,50.0,0.0,Null,0.0,0.0,,47,Wellington City,Unknown,0.0,0.0,0.0,0.0,0.0,0.0,Urban,0.0,0.0,0.0,Fine,Null,0
67593191,,573101,0.0,,0.0,1.0,,East,2014/2015,DIXON ST,WILLIS ST,,Non-Injury Crash,No,2015,,West,,0,,Hill Road,,,,,,Overcast,2131400,0,0.0,0.0,2.0,,,0.0,,,,,,Wellington Region,Nil,1-way,Sealed,,0.0,0,,50.0,,Off,1.0,0.0,,47,Wellington City,Traffic Signals,,,,,0.0,0.0,Urban,0.0,,,Fine,Null,0
67593402,,575500,1.0,,0.0,1.0,,North,2015/2016,MOUNT PLEASANT ROAD,OLD BULLOCK ROAD,,Non-Injury Crash,No,2016,,North,,0,,Hill Road,,,,,,Dark,2156300,0,0.0,0.0,2.0,,,0.0,,,,,,Wellington Region,Nil,2-way,Sealed,,0.0,0,,50.0,,On,0.0,0.0,,47,Wellington City,Unknown,,,,,0.0,0.0,Urban,0.0,,,Fine,Null,0
67593415,,573101,0.0,,0.0,1.0,,Null,2014/2015,SH 1N,TARANAKI ST,,Minor Crash,Yes,2015,,North,,0,,Flat,,,,,,Bright sun,2134800,1,0.0,0.0,4.0,,,0.0,,,1.0,,,Wellington Region,Nil,1-way,Sealed,,0.0,0,,50.0,,Null,0.0,0.0,,47,Wellington City,Traffic Signals,,,,,0.0,0.0,Urban,0.0,,,Fine,Null,0
67593447,,576500,0.0,0.0,0.0,1.0,0.0,Null,2016/2017,ADELAIDE ROAD,DRUMMOND ST,,Minor Crash,No,2016,0.0,South,0.0,0,0.0,Flat,0.0,,0.0,,0.0,Bright sun,2148400,1,0.0,1.0,4.0,0.0,0.0,0.0,0.0,1.0,,0.0,0.0,Wellington Region,Nil,2-way,Sealed,0.0,0.0,0,0.0,50.0,0.0,Off,0.0,0.0,,47,Wellington City,Stop,0.0,0.0,0.0,0.0,0.0,0.0,Urban,1.0,0.0,0.0,Fine,Null,0
67593507,,573400,0.0,0.0,0.0,2.0,0.0,Null,2015/2016,PIRIE ST,HOME ST,,Non-Injury Crash,No,2016,0.0,East,0.0,0,0.0,Flat,0.0,,0.0,,0.0,Bright sun,2143900,0,0.0,0.0,2.0,0.0,0.0,0.0,0.0,1.0,,0.0,0.0,Wellington Region,Nil,2-way,Sealed,0.0,0.0,0,0.0,50.0,0.0,Null,0.0,0.0,,47,Wellington City,Stop,0.0,0.0,0.0,0.0,0.0,0.0,Urban,0.0,0.0,0.0,Fine,Null,0
67593563,,573101,0.0,0.0,1.0,1.0,0.0,East,2015/2016,COURTENAY PLACE,BLAIR ST,,Non-Injury Crash,No,2016,0.0,West,0.0,0,0.0,Flat,0.0,,0.0,,0.0,Dark,2135700,0,0.0,0.0,2.0,0.0,0.0,0.0,0.0,0.0,,0.0,0.0,Wellington Region,Nil,2-way,Sealed,0.0,0.0,0,0.0,50.0,0.0,On,0.0,1.0,,47,Wellington City,Unknown,0.0,0.0,0.0,0.0,0.0,0.0,Urban,0.0,1.0,0.0,Fine,Null,0
67593691,,573101,0.0,,0.0,1.0,,East,2014/2015,SH 1N,WILLIS ST,,Non-Injury Crash,Yes,2015,,East,,0,,Flat,,Christmas New Year,,,,Bright sun,2131900,0,0.0,0.0,2.0,,,0.0,,,,,,Wellington Region,Nil,1-way,Sealed,,0.0,0,,50.0,,Off,1.0,0.0,,47,Wellington City,Traffic Signals,,,,,0.0,0.0,Urban,0.0,,,Fine,Null,0
67593786,,573000,0.0,,0.0,2.0,,South,2016/2017,THE TERRACE,EVERTON TERRACE,,Minor Crash,No,2017,,North,,0,,Flat,,,,,,Overcast,2126700,1,0.0,0.0,2.0,,,0.0,,,1.0,,,Wellington Region,Bridge,2-way,Sealed,,0.0,0,,50.0,,Null,0.0,0.0,,47,Wellington City,Unknown,,,,,0.0,0.0,Urban,0.0,,,Fine,Null,0
67593875,,574001,0.0,,0.0,1.0,,South,2015/2016,MILES CRESCENT,LYNDFIELD LANE,,Minor Crash,No,2015,,North,,0,,Hill Road,,,,,,Overcast,2078100,1,0.0,0.0,1.0,,,0.0,,,1.0,,,Wellington Region,Nil,2-way,Sealed,,0.0,0,,50.0,,Off,0.0,0.0,,47,Wellington City,Nil,,,,,0.0,0.0,Urban,0.0,,,Fine,Null,0
67593895,,576600,1.0,,0.0,1.0,,North,2016/2017,ORIENTAL PARADE,GRASS ST,,Minor Crash,No,2016,,North,,0,,Flat,,,,,,Bright sun,2137500,1,0.0,0.0,2.0,,,0.0,,,,,,Wellington Region,Nil,2-way,Sealed,,0.0,0,,40.0,,Null,0.0,0.0,,47,Wellington City,Nil,,,,,0.0,0.0,Urban,0.0,,,Fine,Null,0
67593898,45.0,576400,0.0,0.0,0.0,1.0,0.0,South,2016/2017,MOUNT ALBERT ROAD,LAVAUD ST,,Non-Injury Crash,No,2016,0.0,North,0.0,0,0.0,Hill Road,1.0,,0.0,,0.0,Overcast,2170901,0,0.0,0.0,2.0,0.0,0.0,0.0,0.0,0.0,,0.0,0.0,Wellington Region,Nil,2-way,Sealed,0.0,0.0,0,0.0,50.0,0.0,Null,0.0,0.0,40.0,47,Wellington City,Unknown,0.0,0.0,0.0,0.0,0.0,0.0,Urban,0.0,0.0,0.0,Light rain,Null,0
67593999,,573101,0.0,,0.0,1.0,,Null,2015/2016,GHUZNEE ST,VICTORIA ST,,Minor Crash,No,2016,,West,,0,,Flat,,,,,,Bright sun,2131700,2,0.0,0.0,3.0,,,0.0,,,,,,Wellington Region,Nil,2-way,Sealed,,0.0,0,,50.0,,Null,0.0,0.0,,47,Wellington City,Traffic Signals,,,,,1.0,0.0,Urban,0.0,,,Fine,Null,0
67594010,,573000,0.0,,0.0,2.0,,Null,2015/2016,THE TERRACE,GHUZNEE ST,,Non-Injury Crash,No,2016,,South,,0,,Flat,,,,,,Bright sun,2129400,0,0.0,0.0,2.0,,,0.0,,,,,,Wellington Region,Nil,2-way,Sealed,,0.0,0,,50.0,,Null,0.0,0.0,,47,Wellington City,Give way,,,,,0.0,0.0,Urban,0.0,,,Null,Null,0
67594079,,573200,0.0,,0.0,1.0,,North,2016/2017,WILLIS ST,WEBB ST,,Non-Injury Crash,No,2016,,North,,0,,Flat,,,,,,Overcast,2159202,0,1.0,0.0,2.0,,,0.0,,,,,,Wellington Region,Nil,2-way,Sealed,,0.0,0,,50.0,,Null,0.0,0.0,,47,Wellington City,Traffic Signals,,,,,0.0,0.0,Urban,0.0,,,Fine,Null,0
67594154,,573101,0.0,,0.0,2.0,,West,2015/2016,FREDERICK ST,TORY ST,,Non-Injury Crash,No,2016,,East,,0,,Flat,,,,,,Overcast,2134900,0,0.0,0.0,1.0,,,0.0,,,,,,Wellington Region,Nil,1-way,Sealed,,0.0,0,,50.0,,Null,0.0,0.0,,47,Wellington City,Unknown,,,,,0.0,0.0,Urban,0.0,,,Heavy rain,Null,0
67594167,,576901,0.0,,0.0,2.0,,Null,2014/2015,YULE ST,COUTTS ST,,Non-Injury Crash,No,2015,,North,,0,,Flat,,,,,,Bright sun,2177500,0,0.0,0.0,2.0,,,0.0,,,,,,Wellington Region,Nil,2-way,Sealed,,0.0,0,,50.0,,Null,0.0,0.0,,47,Wellington City,Give way,,,,,0.0,0.0,Urban,0.0,,,Null,Null,0
67594255,,574500,1.0,,0.0,1.0,,North,2014/2015,HUTT ROAD,SCHOOL ROAD,,Minor Crash,No,2015,,North,,0,,Flat,,,,,,Bright sun,2093500,1,0.0,0.0,5.0,,,0.0,,,,,,Wellington Region,Nil,2-way,Sealed,,0.0,0,,50.0,,Null,0.0,0.0,,47,Wellington City,Traffic Signals,,,,,0.0,0.0,Urban,0.0,,,Fine,Null,0
67594315,,573000,0.0,,1.0,1.0,,South,2015/2016,LAMBTON QUAY,MASONS LANE,,Non-Injury Crash,No,2016,,South,,0,,Flat,,,,,,Bright sun,2124100,0,0.0,0.0,2.0,,,0.0,,,,,,Wellington Region,Nil,1-way,Sealed,,0.0,0,,50.0,,Null,0.0,0.0,,47,Wellington City,Unknown,,,,,0.0,0.0,Urban,0.0,,,Fine,Null,0
67594463,,574500,0.0,,0.0,1.0,,Null,2016/2017,HUTT ROAD,SCHOOL ROAD,,Minor Crash,No,2016,,North,,0,,Flat,,,,,,Bright sun,2093600,1,0.0,1.0,5.0,,,0.0,,,,,,Wellington Region,Nil,2-way,Sealed,,0.0,0,,60.0,,Null,0.0,0.0,,47,Wellington City,Give way,,,,,0.0,0.0,Urban,0.0,,,Fine,Null,0
67594487,,575300,0.0,,0.0,1.0,,Null,2015/2016,KELBURN PARADE,GLASGOW ST,,Non-Injury Crash,No,2016,,South,,0,,Hill Road,,,,,,Bright sun,2154400,0,0.0,0.0,2.0,,,0.0,,,,,,Wellington Region,Nil,2-way,Sealed,,0.0,0,,50.0,,None,1.0,0.0,,47,Wellington City,Give way,,,,,0.0,0.0,Urban,0.0,,,Fine,Null,0
67594626,,573700,0.0,,0.0,1.0,,Null,2015/2016,BRODERICK ROAD,BOULD ST,,Non-Injury Crash,No,2016,,East,,0,,Hill Road,,,,,,Overcast,2083000,0,0.0,0.0,2.0,,,0.0,,,1.0,,,Wellington Region,Nil,2-way,Sealed,,0.0,0,,50.0,,Null,0.0,0.0,,47,Wellington City,Give way,,,,,0.0,0.0,Urban,0.0,,,Fine,Null,0