OBJECTID,advisorySpeed,areaUnitID,bicycle,bridge,bus,carStationWagon,cliffBank,crashDirectionDescription,crashFinancialYear,crashLocation1,crashLocation2,crashRoadSideRoad,crashSeverity,crashSHDescription,crashYear,debris,directionRoleDescription,ditch,fatalCount,fence,flatHill,guardRail,holiday,houseOrBuilding,intersection,kerb,light,meshblockId,minorInjuryCount,moped,motorcycle,NumberOfLanes,objectThrownOrDropped,otherObject,otherVehicleType,overBank,parkedVehicle,pedestrian,phoneBoxEtc,postOrPole,region,roadCharacter,roadLane,roadSurface,roadworks,schoolBus,seriousInjuryCount,slipOrFlood,speedLimit,strayAnimal,streetLight,suv,taxi,temporarySpeedLimit,tlaId,tlaName,trafficControl,trafficIsland,trafficSign,train,tree,truck,unknownVehicleType,urban,vanOrUtility,vehicle,waterRiver,weatherA,weatherB,if_pandemic
67594711,,573522,0.0,,0.0,2.0,,South,2014/2015,TAWA OFF NBD,TAKAPU ROAD,,Non-Injury Crash,Yes,2015,,North,,0,,Flat,,,,,,Overcast,2053703,0,0.0,0.0,2.0,,,0.0,,,,,,Wellington Region,Nil,2-way,Sealed,,0.0,0,,50.0,,Null,0.0,0.0,,47,Wellington City,Unknown,,,,,0.0,0.0,Urban,0.0,,,Fine,Null,0
67594722,,576301,0.0,,0.0,2.0,,South,2015/2016,ADELAIDE ROAD,TORQUAY TERRACE,,Non-Injury Crash,No,2016,,South,,0,,Flat,,,,,,Bright sun,2164400,0,0.0,0.0,2.0,,,0.0,,,,,,Wellington Region,Nil,2-way,Sealed,,0.0,0,,50.0,,Null,0.0,0.0,,47,Wellington City,Unknown,,,,,0.0,0.0,Urban,0.0,,,Fine,Null,0
67594779,,572900,0.0,,0.0,1.0,,South,2016/2017,MURPHY ST,HALSWELL ST,,Non-Injury Crash,No,2016,,South,,0,,Flat,,,,,,Bright sun,2118700,0,1.0,0.0,2.0,,,0.0,,,,,,Wellington Region,Nil,1-way,Sealed,,0.0,0,,50.0,,Null,0.0,0.0,,47,Wellington City,Unknown,,,,,0.0,0.0,Urban,0.0,,,Fine,Null,0
67594786,,574302,0.0,0.0,0.0,1.0,0.0,North,2016/2017,SH 1N,AOTEA ON NBD,,Non-Injury Crash,Yes,2017,0.0,North,0.0,0,0.0,Flat,0.0,,0.0,,0.0,Bright sun,2090604,0,0.0,0.0,4.0,1.0,0.0,0.0,0.0,0.0,,0.0,0.0,Wellington Region,Nil,1-way,Sealed,0.0,0.0,0,0.0,100.0,0.0,Null,0.0,0.0,70.0,47,Wellington City,Unknown,0.0,0.0,0.0,0.0,1.0,0.0,Open,0.0,0.0,0.0,Fine,Null,0
67594811,,573000,0.0,0.0,0.0,2.0,0.0,Null,2015/2016,LAMBTON QUAY,BALLANCE ST,,Non-Injury Crash,No,2016,0.0,East,0.0,0,0.0,Flat,0.0,,0.0,,0.0,Dark,2123700,0,0.0,0.0,2.0,0.0,0.0,0.0,0.0,1.0,,0.0,0.0,Wellington Region,Nil,1-way,Sealed,0.0,0.0,0,0.0,50.0,0.0,On,0.0,0.0,,47,Wellington City,Nil,0.0,0.0,0.0,0.0,0.0,0.0,Urban,0.0,0.0,0.0,Fine,Null,0
67594818,,573101,0.0,0.0,0.0,2.0,0.0,North,2016/2017,WILLIS ST,DIXON ST,,Non-Injury Crash,No,2017,0.0,South,0.0,0,0.0,Flat,0.0,,0.0,,0.0,Bright sun,2131300,0,0.0,0.0,2.0,0.0,0.0,0.0,0.0,1.0,,0.0,0.0,Wellington Region,Nil,2-way,Sealed,0.0,0.0,0,0.0,50.0,0.0,Null,0.0,0.0,,47,Wellington City,Nil,0.0,0.0,0.0,0.0,0.0,0.0,Urban,0.0,0.0,0.0,Fine,Null,0
67594995,,576500,0.0,,0.0,2.0,,Null,2014/2015,JOHN ST,ADELAIDE ROAD,,Non-Injury Crash,No,2015,,East,,0,,Flat,,,,,,Bright sun,2148700,0,0.0,0.0,4.0,,,0.0,,,,,,Wellington Region,Nil,2-way,Sealed,,0.0,0,,50.0,,Null,0.0,1.0,,47,Wellington City,Traffic Signals,,,,,0.0,0.0,Urban,0.0,,,Fine,Null,0
67595031,,576600,1.0,,0.0,0.0,,Null,2014/2015,ORIENTAL PARADE,GRASS ST,,Minor Crash,No,2015,,South,,0,,Flat,,,,,,Overcast,2137600,1,0.0,0.0,2.0,,,0.0,,,,,,Wellington Region,Nil,2-way,Sealed,,0.0,0,,30.0,,Off,1.0,0.0,,47,Wellington City,Nil,,,,,0.0,0.0,Urban,0.0,,,Fine,Null,0
67595058,,573101,0.0,,0.0,0.0,,North,2016/2017,WILLIS ST,SH 1N,,Non-Injury Crash,No,2016,,North,,0,,Flat,,,,,,Bright sun,2131600,0,1.0,0.0,2.0,,,0.0,,,,,,Wellington Region,Nil,1-way,Sealed,,0.0,0,,50.0,,Null,0.0,0.0,,47,Wellington City,Unknown,,,,,1.0,0.0,Urban,0.0,,,Fine,Null,0
67595067,,574002,0.0,,0.0,1.0,,North,2015/2016,SH 1N,CENTENNIAL SBD,,Non-Injury Crash,Yes,2016,,South,,0,,Hill Road,,,,,,Dark,2078302,0,0.0,0.0,3.0,,,0.0,,,,,,Wellington Region,Nil,1-way,Sealed,,0.0,0,,80.0,,On,0.0,0.0,,47,Wellington City,Nil,,,,,1.0,0.0,Open,0.0,,,Fine,Null,0
67595082,,576100,0.0,0.0,0.0,4.0,0.0,West,2015/2016,MANCHESTER ST,MANCHESTER TERRACE,,Non-Injury Crash,No,2016,0.0,West,0.0,0,0.0,Hill Road,0.0,,0.0,,0.0,Dark,2196200,0,0.0,0.0,2.0,0.0,0.0,0.0,0.0,1.0,,0.0,0.0,Wellington Region,Nil,2-way,Sealed,0.0,0.0,0,0.0,50.0,0.0,On,0.0,0.0,,47,Wellington City,Unknown,0.0,0.0,0.0,0.0,0.0,0.0,Urban,0.0,0.0,0.0,Fine,Null,0
67595090,,574600,0.0,0.0,0.0,0.0,0.0,North,2015/2016,MOORHOUSE ST,WADE ST,,Non-Injury Crash,No,2016,0.0,North,0.0,0,1.0,Hill Road,0.0,,0.0,,0.0,Dark,2101300,0,0.0,0.0,1.0,0.0,0.0,0.0,0.0,0.0,,0.0,0.0,Wellington Region,Nil,1-way,Sealed,0.0,0.0,0,0.0,50.0,0.0,On,0.0,0.0,,47,Wellington City,Unknown,0.0,0.0,0.0,0.0,0.0,0.0,Urban,1.0,0.0,0.0,Fine,Null,0
67595098,,574002,0.0,,0.0,2.0,,North,2015/2016,SH 1N,SH 2,,Non-Injury Crash,Yes,2016,,South,,0,,Flat,,,,,,Bright sun,2078302,0,0.0,0.0,2.0,,,0.0,,,,,,Wellington Region,Nil,1-way,Sealed,,0.0,0,,100.0,,Null,0.0,0.0,70.0,47,Wellington City,Unknown,,,,,0.0,0.0,Open,0.0,,,Fine,Strong wind,0
67595199,,573522,0.0,0.0,0.0,1.0,0.0,South,2015/2016,SH 1N,TAWA ON SBD,,Non-Injury Crash,Yes,2015,0.0,South,0.0,0,0.0,Flat,0.0,,0.0,,0.0,Bright sun,2086311,0,0.0,0.0,4.0,0.0,1.0,0.0,0.0,0.0,,0.0,0.0,Wellington Region,Nil,2-way,Sealed,0.0,0.0,0,0.0,100.0,0.0,Null,0.0,0.0,,47,Wellington City,Unknown,0.0,0.0,0.0,0.0,0.0,0.0,Open,0.0,0.0,0.0,Fine,Null,0
67595275,,575300,0.0,,0.0,1.0,,South,2015/2016,UPLAND ROAD,KOWHAI ROAD,,Non-Injury Crash,No,2016,,South,,0,,Flat,,,,,,Overcast,2154100,0,1.0,0.0,2.0,,,0.0,,,,,,Wellington Region,Nil,2-way,Sealed,,0.0,0,,30.0,,Null,0.0,0.0,,47,Wellington City,Nil,,,,,0.0,0.0,Urban,0.0,,,Fine,Null,0
67595291,,573511,0.0,0.0,0.0,1.0,0.0,South,2016/2017,MIDDLETON ROAD,ROWELLS ROAD,,Non-Injury Crash,No,2016,0.0,North,1.0,0,0.0,Flat,0.0,,0.0,,0.0,Dark,2086502,0,0.0,0.0,2.0,0.0,0.0,0.0,0.0,0.0,,0.0,0.0,Wellington Region,Nil,2-way,Sealed,0.0,0.0,0,0.0,50.0,0.0,On,0.0,0.0,,47,Wellington City,Unknown,0.0,0.0,0.0,0.0,0.0,0.0,Urban,0.0,0.0,0.0,Fine,Null,0
67595315,,573000,0.0,,0.0,1.0,,Null,2016/2017,CUSTOMHOUSE QUAY,BRANDON ST,,Minor Crash,No,2016,,North,,0,,Flat,,,,,,Bright sun,2124300,2,0.0,0.0,6.0,,,0.0,,,,,,Wellington Region,Nil,2-way,Sealed,,0.0,0,,50.0,,Null,0.0,0.0,,47,Wellington City,Traffic Signals,,,,,0.0,0.0,Urban,1.0,,,Fine,Null,0
67595362,,573513,0.0,0.0,0.0,1.0,1.0,West,2015/2016,GLENSIDE ROAD,MIDDLETON ROAD,,Non-Injury Crash,No,2016,0.0,North,0.0,0,0.0,Hill Road,0.0,Easter,0.0,,0.0,Overcast,2086605,0,0.0,0.0,2.0,0.0,0.0,0.0,0.0,0.0,,0.0,0.0,Wellington Region,Nil,2-way,Sealed,0.0,0.0,0,0.0,50.0,0.0,Null,0.0,0.0,,47,Wellington City,Unknown,0.0,0.0,0.0,0.0,0.0,0.0,Urban,0.0,0.0,0.0,Fine,Null,0
67595434,,573514,0.0,0.0,0.0,1.0,0.0,East,2015/2016,SILVERBIRCH GROVE,MIDDLETON ROAD,,Non-Injury Crash,No,2016,0.0,East,0.0,0,0.0,Flat,0.0,,0.0,,0.0,Bright sun,2081100,0,0.0,0.0,2.0,0.0,0.0,0.0,0.0,0.0,,1.0,0.0,Wellington Region,Nil,2-way,Sealed,0.0,0.0,0,0.0,50.0,0.0,Null,0.0,0.0,,47,Wellington City,Unknown,0.0,0.0,0.0,0.0,0.0,0.0,Urban,0.0,0.0,0.0,Fine,Null,0
67595458,,574200,0.0,,0.0,3.0,,Null,2017/2018,BURMA ROAD,FRASER AVENUE,,Minor Crash,No,2017,,South,,0,,Hill Road,,,,,,Overcast,2087900,1,0.0,0.0,2.0,,,0.0,,,,,,Wellington Region,Nil,2-way,Sealed,,0.0,0,,50.0,,Off,0.0,0.0,,47,Wellington City,Give way,,,,,0.0,0.0,Urban,0.0,,,Light rain,Strong wind,0
67595471,,573101,0.0,,0.0,1.0,,South,2015/2016,WILLIS ST,BOULCOTT ST,,Minor Crash,No,2015,,North,,0,,Flat,,,,,,Bright sun,2131300,1,0.0,1.0,2.0,,,0.0,,,,,,Wellington Region,Nil,2-way,Sealed,,0.0,0,,50.0,,Null,0.0,0.0,,47,Wellington City,Nil,,,,,0.0,0.0,Urban,0.0,,,Fine,Null,0
67595571,,572900,0.0,,0.0,0.0,,North,2014/2015,BOWEN ST,LAMBTON QUAY,,Minor Crash,No,2015,,East,,0,,Hill Road,,Queens Birthday,,,,Bright sun,2122400,1,1.0,0.0,4.0,,,0.0,,,,,,Wellington Region,Nil,2-way,Sealed,,0.0,0,,50.0,,Null,0.0,0.0,,47,Wellington City,Nil,,,,,0.0,0.0,Urban,0.0,,,Heavy rain,Null,0
67595611,,573101,0.0,,0.0,1.0,,Null,2015/2016,TARANAKI ST,GHUZNEE ST,,Non-Injury Crash,No,2015,,South,,0,,Flat,,,,,,Bright sun,2133408,0,0.0,1.0,2.0,,,0.0,,,,,,Wellington Region,Nil,2-way,Sealed,,0.0,0,,50.0,,Null,0.0,0.0,,47,Wellington City,Traffic Signals,,,,,0.0,0.0,Urban,0.0,,,Fine,Null,0
67595655,,574302,0.0,0.0,0.0,2.0,0.0,North,2015/2016,NICHOLSON ROAD,EVEREST ST,,Non-Injury Crash,No,2016,0.0,North,0.0,0,0.0,Hill Road,0.0,,0.0,,0.0,Overcast,2092700,0,0.0,0.0,2.0,0.0,0.0,0.0,0.0,1.0,,0.0,0.0,Wellington Region,Nil,2-way,Sealed,0.0,0.0,0,0.0,50.0,0.0,Null,0.0,0.0,,47,Wellington City,Unknown,0.0,0.0,0.0,0.0,0.0,0.0,Urban,0.0,0.0,0.0,Fine,Null,0
67595714,,572701,0.0,0.0,0.0,1.0,1.0,North,2016/2017,SH 1N,PED SUBWAY,,Non-Injury Crash,Yes,2016,0.0,North,0.0,0,0.0,Flat,0.0,Labour Weekend,0.0,,0.0,Bright sun,1993705,0,0.0,0.0,2.0,0.0,0.0,0.0,0.0,0.0,,0.0,0.0,Wellington Region,Nil,1-way,Sealed,0.0,0.0,0,0.0,100.0,0.0,Null,0.0,0.0,,47,Wellington City,Unknown,1.0,0.0,0.0,0.0,0.0,0.0,Open,0.0,0.0,0.0,Fine,Null,0
67595874,,573000,0.0,,0.0,2.0,,Null,2015/2016,SH 1N,WILLIS ST,,Non-Injury Crash,Yes,2016,,East,,0,,Flat,,,,,,Bright sun,2129700,0,0.0,0.0,2.0,,,0.0,,,,,,Wellington Region,Nil,1-way,Sealed,,0.0,0,,50.0,,Null,0.0,0.0,,47,Wellington City,Traffic Signals,,,,,0.0,0.0,Urban,0.0,,,Fine,Null,0
67595924,,577200,1.0,,0.0,0.0,,Null,2014/2015,MIRAMAR AVENUE,TAUHINU ROAD,,Minor Crash,No,2015,,East,,0,,Flat,,,,,,Dark,2206200,1,0.0,0.0,2.0,,,0.0,,,,,,Wellington Region,Nil,2-way,Sealed,,0.0,0,,50.0,,On,1.0,0.0,,47,Wellington City,Give way,,,,,0.0,0.0,Urban,0.0,,,Fine,Null,0
67595951,,572701,0.0,,0.0,2.0,,South,2016/2017,SH 1N,COLLINS OBR,,Minor Crash,Yes,2017,,North,,0,,Flat,,,,,,Overcast,1993701,1,0.0,0.0,4.0,,,0.0,,,,,,Wellington Region,Nil,2-way,Sealed,,0.0,0,,100.0,,Null,0.0,0.0,,47,Wellington City,Unknown,,,,,1.0,0.0,Open,1.0,,,Fine,Null,0
67595963,,573000,0.0,,0.0,3.0,,North,2016/2017,SH 1N,AURORA TERRACE OBR,,Non-Injury Crash,Yes,2016,,East,,0,,Flat,,,,,,Bright sun,2124500,0,0.0,0.0,2.0,,,0.0,,,,,,Wellington Region,Motorway ramp,1-way,Sealed,,0.0,0,,100.0,,Null,0.0,0.0,,47,Wellington City,Unknown,,,,,0.0,0.0,Open,0.0,,,Fine,Null,0
67595995,,576200,0.0,0.0,0.0,3.0,0.0,West,2016/2017,LUXFORD ST,COWAN PLACE,,Minor Crash,No,2017,0.0,East,0.0,0,0.0,Flat,0.0,,0.0,,0.0,Bright sun,2171600,1,0.0,0.0,2.0,0.0,0.0,0.0,0.0,1.0,,0.0,0.0,Wellington Region,Nil,2-way,Sealed,0.0,0.0,0,0.0,50.0,0.0,Null,0.0,0.0,,47,Wellington City,Unknown,0.0,0.0,0.0,0.0,0.0,0.0,Urban,0.0,0.0,0.0,Fine,Null,0
67596031,,573000,0.0,,0.0,1.0,,Null,2016/2017,CUSTOMHOUSE QUAY,BRANDON ST,,Non-Injury Crash,No,2016,,North,,0,,Flat,,,,,,Bright sun,2124300,0,0.0,0.0,6.0,,,0.0,,,,,,Wellington Region,Nil,2-way,Sealed,,0.0,0,,50.0,,Null,0.0,0.0,,47,Wellington City,Traffic Signals,,,,,0.0,0.0,Urban,1.0,,,Fine,Null,0
67596119,,572900,0.0,,0.0,1.0,,South,2016/2017,AOTEA QUAY,AOTEA ON NBD,,Non-Injury Crash,No,2016,,North,,0,,Flat,,,,,,Bright sun,2118400,0,0.0,0.0,2.0,,,0.0,,,,,,Wellington Region,Nil,1-way,Sealed,,0.0,0,,70.0,,Null,1.0,0.0,,47,Wellington City,Unknown,,,,,0.0,0.0,Urban,0.0,,,Fine,Null,0
67596187,,576500,0.0,,0.0,1.0,,South,2017/2018,Z HOSP RIDDIFORD STREET,REGINA TERRACE,,Minor Crash,No,2017,,North,,0,,Hill Road,,,,,,Overcast,2148800,1,0.0,0.0,1.0,,,0.0,,,1.0,,,Wellington Region,Nil,Off road,Sealed,,0.0,0,,10.0,,Off,0.0,0.0,,47,Wellington City,Unknown,,,,,0.0,0.0,Urban,0.0,,,Fine,Null,0
67596219,,573526,0.0,,0.0,0.0,,East,2016/2017,SH 2,RAILYARD ENTRY,,Minor Crash,Yes,2017,,West,,0,,Flat,,,,,,Dark,2086403,1,0.0,0.0,4.0,,,0.0,,,,,,Wellington Region,Nil,2-way,Sealed,,0.0,0,,100.0,,On,0.0,0.0,,47,Wellington City,Unknown,,,,,0.0,0.0,Open,3.0,,,Fine,Null,0
67596271,,576901,0.0,,1.0,0.0,,Null,2017/2018,RONGOTAI ROAD,BAY ROAD,,Non-Injury Crash,No,2017,,East,,0,,Flat,,,,,,Twilight,2178000,0,0.0,0.0,2.0,,,0.0,,,,,,Wellington Region,Nil,2-way,Sealed,,0.0,0,,50.0,,On,0.0,0.0,,47,Wellington City,Traffic Signals,,,,,0.0,0.0,Urban,1.0,,,Null,Null,0
67596311,,576901,0.0,,0.0,2.0,,Null,2016/2017,EVANS BAY PARADE,SH 1N,,Non-Injury Crash,Yes,2016,,North,,0,,Flat,,,,,,Bright sun,2177800,0,0.0,0.0,2.0,,,0.0,,,,,,Wellington Region,Nil,2-way,Sealed,,0.0,0,,50.0,,Null,0.0,0.0,,47,Wellington City,Traffic Signals,,,,,0.0,0.0,Urban,0.0,,,Fine,Null,0
67596327,,573101,0.0,,0.0,1.0,,East,2016/2017,WAKEFIELD ST,BLAIR ST,,Non-Injury Crash,No,2017,,West,,0,,Flat,,,,,,Bright sun,2135500,0,0.0,0.0,4.0,,,0.0,,,,,,Wellington Region,Nil,1-way,Sealed,,0.0,0,,50.0,,Null,0.0,0.0,,47,Wellington City,Traffic Signals,,,,,0.0,0.0,Urban,1.0,,,Null,Null,0
67596431,,573000,0.0,0.0,0.0,2.0,0.0,North,2016/2017,STOUT ST,WHITMORE ST,,Non-Injury Crash,No,2016,0.0,North,0.0,0,0.0,Flat,0.0,,0.0,,0.0,Bright sun,2123800,0,0.0,0.0,1.0,0.0,0.0,0.0,0.0,1.0,,0.0,0.0,Wellington Region,Nil,1-way,Sealed,0.0,0.0,0,0.0,50.0,0.0,Null,0.0,0.0,,47,Wellington City,Unknown,0.0,0.0,0.0,0.0,0.0,0.0,Urban,0.0,0.0,0.0,Fine,Null,0
67596447,,573511,0.0,,0.0,1.0,,North,2015/2016,MIDDLETON ROAD,ROWELLS ROAD,,Non-Injury Crash,No,2016,,South,,0,,Flat,,,,,,Dark,2086502,0,0.0,0.0,2.0,,,0.0,,,,,,Wellington Region,Nil,2-way,Sealed,,0.0,0,,70.0,,None,0.0,0.0,,47,Wellington City,Unknown,,,,,0.0,0.0,Urban,0.0,,,Fine,Null,0
67596463,,573101,0.0,,0.0,2.0,,West,2016/2017,GHUZNEE ST,MARION ST,,Non-Injury Crash,No,2016,,East,,0,,Flat,,,,,,Bright sun,2133600,0,0.0,0.0,3.0,,,0.0,,,,,,Wellington Region,Nil,2-way,Sealed,,0.0,0,,50.0,,Null,0.0,0.0,,47,Wellington City,Nil,,,,,0.0,0.0,Urban,0.0,,,Fine,Null,0
67596471,,576500,0.0,,0.0,1.0,,Null,2015/2016,HANSON ST,SERVICE LANE N,,Non-Injury Crash,No,2016,,North,,0,,Hill Road,,,,,,Overcast,2148400,0,0.0,0.0,2.0,,,0.0,,,,,,Wellington Region,Nil,2-way,Sealed,,0.0,0,,50.0,,Null,0.0,0.0,,47,Wellington City,Nil,,,,,0.0,0.0,Urban,1.0,,,Light rain,Null,0
67596507,,573101,0.0,,0.0,2.0,,Null,2016/2017,GHUZNEE ST,LEEDS ST,,Non-Injury Crash,No,2016,,South,,0,,Flat,,,,,,Dark,2133405,0,0.0,0.0,2.0,,,0.0,,,,,,Wellington Region,Nil,2-way,Sealed,,0.0,0,,50.0,,On,0.0,0.0,,47,Wellington City,Give way,,,,,0.0,0.0,Urban,0.0,,,Null,Null,0
67596511,,572500,0.0,,0.0,2.0,,South,2016/2017,WILLOWBANK ROAD,TAKAPU ROAD,,Minor Crash,No,2017,,South,,0,,Flat,,,,,,Overcast,2053701,1,0.0,0.0,2.0,,,0.0,,,,,,Wellington Region,Nil,2-way,Sealed,,0.0,0,,50.0,,Null,0.0,0.0,,47,Wellington City,Nil,,,,,0.0,0.0,Urban,0.0,,,Fine,Null,0
67596562,,573700,0.0,0.0,0.0,2.0,0.0,North,2015/2016,CORTINA AVENUE,DUGGAN PLACE,,Non-Injury Crash,No,2016,0.0,East,0.0,0,0.0,Hill Road,0.0,,0.0,,0.0,Unknown,2086708,0,0.0,0.0,2.0,0.0,0.0,0.0,0.0,1.0,,0.0,0.0,Wellington Region,Nil,2-way,Sealed,0.0,0.0,0,0.0,50.0,0.0,Null,0.0,0.0,,47,Wellington City,Unknown,0.0,0.0,0.0,0.0,0.0,0.0,Urban,0.0,0.0,0.0,Null,Null,0
67596599,,573400,0.0,,0.0,2.0,,West,2016/2017,SH 1N,ACCESS ROAD,,Non-Injury Crash,Yes,2017,,West,,0,,Hill Road,,,,,,Overcast,2142900,0,0.0,0.0,4.0,,,0.0,,,,,,Wellington Region,Nil,2-way,Sealed,,0.0,0,,50.0,,Off,0.0,0.0,,47,Wellington City,Unknown,,,,,0.0,0.0,Urban,0.0,,,Fine,Null,0
67596738,,574500,0.0,0.0,0.0,1.0,0.0,West,2015/2016,AOTEA ON NBD,SH 1N,,Non-Injury Crash,Yes,2016,0.0,North,0.0,0,0.0,Null,1.0,,0.0,,0.0,Dark,2093600,0,0.0,0.0,1.0,0.0,0.0,0.0,0.0,0.0,,0.0,0.0,Wellington Region,Motorway ramp,1-way,Sealed,0.0,0.0,0,0.0,100.0,0.0,On,0.0,0.0,,47,Wellington City,Unknown,0.0,0.0,0.0,0.0,0.0,0.0,Open,0.0,0.0,0.0,Light rain,Null,0
67596771,,574100,0.0,,0.0,0.0,,West,2017/2018,BURMA ROAD,HAUMIA ST,,Serious Crash,No,2017,,South,,0,,Flat,,,,,,Overcast,2085303,0,1.0,0.0,2.0,,,0.0,,,,,,Wellington Region,Nil,2-way,Sealed,,0.0,1,,50.0,,Null,0.0,0.0,,47,Wellington City,Unknown,,,,,0.0,0.0,Urban,1.0,,,Light rain,Null,0
67596939,,573300,0.0,,0.0,1.0,,North,2016/2017,ADELAIDE ROAD,BROWN ST,,Serious Crash,No,2017,,North,,0,,Flat,,,,,,Bright sun,2146100,0,0.0,1.0,3.0,,,0.0,,,,,,Wellington Region,Nil,2-way,Sealed,,0.0,1,,50.0,,Null,0.0,0.0,,47,Wellington City,Nil,,,,,0.0,0.0,Urban,0.0,,,Fine,Null,0
67597035,,574500,0.0,0.0,0.0,0.0,0.0,West,2016/2017,HUTT ROAD,RANGIORA AVENUE,,Non-Injury Crash,No,2016,0.0,West,0.0,0,0.0,Flat,0.0,,0.0,,1.0,Overcast,2093400,0,0.0,0.0,5.0,0.0,0.0,0.0,0.0,0.0,,0.0,0.0,Wellington Region,Nil,2-way,Sealed,0.0,0.0,0,0.0,60.0,0.0,Null,0.0,0.0,,47,Wellington City,Unknown,0.0,0.0,0.0,0.0,0.0,0.0,Urban,1.0,0.0,0.0,Fine,Null,0
67597123,,576903,0.0,,0.0,1.0,,South,2016/2017,KILBIRNIE CRESCENT,TULLY ST,,Minor Crash,No,2017,,North,,0,,Flat,,,,,,Dark,2177900,1,0.0,1.0,2.0,,,0.0,,,,,,Wellington Region,Nil,2-way,Sealed,,0.0,0,,50.0,,On,0.0,0.0,,47,Wellington City,Unknown,,,,,0.0,0.0,Urban,0.0,,,Light rain,Null,0
67597170,,575300,0.0,0.0,1.0,1.0,0.0,South,2016/2017,UPLAND ROAD,BOUNDARY ROAD,,Non-Injury Crash,No,2017,0.0,North,0.0,0,0.0,Flat,0.0,,0.0,,0.0,Bright sun,2152900,0,0.0,0.0,2.0,0.0,0.0,0.0,0.0,1.0,,0.0,0.0,Wellington Region,Nil,2-way,Sealed,0.0,0.0,0,0.0,30.0,0.0,Null,0.0,0.0,,47,Wellington City,Unknown,0.0,0.0,0.0,0.0,0.0,0.0,Urban,0.0,0.0,0.0,Fine,Null,0
67597215,,575000,0.0,0.0,0.0,1.0,0.0,South,2016/2017,CHAYTOR ST,JOLL ST,,Minor Crash,No,2017,0.0,North,0.0,0,0.0,Flat,1.0,,0.0,,0.0,Bright sun,2111100,1,0.0,0.0,2.0,0.0,0.0,0.0,0.0,0.0,,0.0,0.0,Wellington Region,Nil,2-way,Sealed,0.0,0.0,0,0.0,50.0,0.0,Null,0.0,0.0,,47,Wellington City,Nil,0.0,0.0,0.0,0.0,0.0,0.0,Urban,0.0,0.0,0.0,Fine,Null,0
67597351,,572900,0.0,,0.0,1.0,,North,2017/2018,SH 1N,AOTEA OFF SBD,,Minor Crash,Yes,2017,,South,,0,,Flat,,,,,,Overcast,2118400,1,0.0,1.0,3.0,,,0.0,,,,,,Wellington Region,Nil,1-way,Sealed,,0.0,0,,80.0,,Null,0.0,0.0,,47,Wellington City,Unknown,,,,,0.0,0.0,Open,0.0,,,Fine,Null,0
67597450,,573200,0.0,,0.0,1.0,,Null,2016/2017,BROOKLYN ROAD,WILLIS ST,,Non-Injury Crash,No,2016,,North,,0,,Flat,,,,,,Bright sun,2159203,0,0.0,0.0,2.0,,,0.0,,,,,,Wellington Region,Nil,2-way,Sealed,,0.0,0,,50.0,,Null,0.0,0.0,,47,Wellington City,Traffic Signals,,,,,1.0,0.0,Urban,0.0,,,Fine,Null,0
67597479,,573101,0.0,,0.0,1.0,,South,2017/2018,VICTORIA ST,GHUZNEE ST,,Serious Crash,No,2017,,South,,0,,Hill Road,,,,,,Overcast,2131700,0,0.0,1.0,3.0,,,0.0,,,,,,Wellington Region,Nil,2-way,Sealed,,0.0,1,,50.0,,Null,0.0,0.0,,47,Wellington City,Nil,,,,,0.0,0.0,Urban,0.0,,,Fine,Null,0
67597487,,576400,0.0,,0.0,2.0,,East,2016/2017,CONSTABLE ST,RIDDIFORD ST,,Non-Injury Crash,No,2016,,East,,0,,Flat,,,,,,Overcast,2167300,0,0.0,0.0,3.0,,,0.0,,,,,,Wellington Region,Nil,2-way,Sealed,,0.0,0,,50.0,,Null,0.0,0.0,,47,Wellington City,Unknown,,,,,0.0,0.0,Urban,0.0,,,Fine,Null,0
67597491,,574002,0.0,,0.0,2.0,,South,2016/2017,SH 1N,NGAURANGA ON NBD OBR,,Non-Injury Crash,Yes,2017,,South,,0,,Flat,,,,,,Dark,2078302,0,0.0,0.0,8.0,,,0.0,,,,,,Wellington Region,Nil,2-way,Sealed,,0.0,0,,100.0,,On,0.0,0.0,,47,Wellington City,Unknown,,,,,0.0,0.0,Open,0.0,,,Fine,Null,0
67597551,,573000,0.0,,0.0,2.0,,Null,2016/2017,SH 1N,SOUTH PORTAL,,Non-Injury Crash,Yes,2016,,South,,0,,Flat,,,,,,Overcast,2130600,0,0.0,0.0,3.0,,,0.0,,,,,,Wellington Region,Bridge,2-way,Sealed,,0.0,0,,60.0,,On,0.0,0.0,,47,Wellington City,Unknown,,,,,0.0,0.0,Urban,0.0,,,Light rain,Null,0
67597570,,576903,0.0,0.0,0.0,1.0,0.0,North,2016/2017,MOXHAM AVENUE,RAUPO ST,,Non-Injury Crash,No,2016,0.0,South,0.0,0,0.0,Hill Road,0.0,,0.0,,0.0,Overcast,2180700,0,1.0,0.0,2.0,0.0,0.0,0.0,0.0,1.0,,0.0,0.0,Wellington Region,Nil,2-way,Sealed,0.0,0.0,0,0.0,50.0,0.0,Null,0.0,0.0,,47,Wellington City,Unknown,0.0,0.0,0.0,0.0,0.0,0.0,Urban,0.0,0.0,0.0,Fine,Null,0
67597591,,573000,0.0,,0.0,2.0,,Null,2016/2017,VICTORIA ST,WILLESTON ST,,Non-Injury Crash,No,2016,,South,,0,,Flat,,,,,,Bright sun,2126000,0,0.0,0.0,2.0,,,0.0,,,,,,Wellington Region,Nil,1-way,Sealed,,0.0,0,,50.0,,Null,0.0,0.0,,47,Wellington City,Traffic Signals,,,,,0.0,0.0,Urban,0.0,,,Fine,Null,0