OBJECTID,advisorySpeed,areaUnitID,bicycle,bridge,bus,carStationWagon,cliffBank,crashDirectionDescription,crashFinancialYear,crashLocation1,crashLocation2,crashRoadSideRoad,crashSeverity,crashSHDescription,crashYear,debris,directionRoleDescription,ditch,fatalCount,fence,flatHill,guardRail,holiday,houseOrBuilding,intersection,kerb,light,meshblockId,minorInjuryCount,moped,motorcycle,NumberOfLanes,objectThrownOrDropped,otherObject,otherVehicleType,overBank,parkedVehicle,pedestrian,phoneBoxEtc,postOrPole,region,roadCharacter,roadLane,roadSurface,roadworks,schoolBus,seriousInjuryCount,slipOrFlood,speedLimit,strayAnimal,streetLight,suv,taxi,temporarySpeedLimit,tlaId,tlaName,trafficControl,trafficIsland,trafficSign,train,tree,truck,unknownVehicleType,urban,vanOrUtility,vehicle,waterRiver,weatherA,weatherB,if_pandemic
67597619,,574800,0.0,0.0,0.0,2.0,0.0,South,2016/2017,HOMEWOOD AVENUE,HOMEWOOD CRESCENT,,Non-Injury Crash,No,2016,0.0,West,0.0,0,0.0,Flat,0.0,,0.0,,0.0,Dark,2107002,0,0.0,0.0,2.0,0.0,0.0,0.0,0.0,1.0,,0.0,0.0,Wellington Region,Nil,2-way,Sealed,0.0,0.0,0,0.0,50.0,0.0,On,0.0,0.0,,47,Wellington City,Unknown,0.0,0.0,0.0,0.0,0.0,0.0,Urban,0.0,0.0,0.0,Fine,Null,0
67597715,,576901,0.0,0.0,0.0,0.0,0.0,North,2016/2017,TACY ST,KEMP ST,,Non-Injury Crash,No,2017,0.0,East,0.0,0,0.0,Flat,0.0,,0.0,,0.0,Bright sun,2176800,0,0.0,0.0,2.0,0.0,0.0,0.0,0.0,0.0,,0.0,1.0,Wellington Region,Nil,2-way,Sealed,0.0,0.0,0,0.0,50.0,0.0,Null,1.0,0.0,,47,Wellington City,Unknown,0.0,0.0,0.0,0.0,0.0,0.0,Urban,0.0,0.0,0.0,Fine,Null,0
67597799,,573101,0.0,,0.0,1.0,,East,2016/2017,CABLE ST,CHAFFERS ST,,Non-Injury Crash,No,2017,,East,,0,,Flat,,,,,,Overcast,2135500,0,0.0,0.0,3.0,,,0.0,,,,,,Wellington Region,Nil,1-way,Sealed,,0.0,0,,50.0,,Off,0.0,0.0,,47,Wellington City,Unknown,,,,,0.0,0.0,Urban,1.0,,,Light rain,Null,0
67597826,,573000,0.0,,0.0,1.0,,North,2016/2017,VICTORIA ST,HARRIS ST,,Non-Injury Crash,No,2017,,South,,0,,Flat,,,,,,Bright sun,2127400,0,0.0,0.0,2.0,,,0.0,,,,,,Wellington Region,Nil,1-way,Sealed,,0.0,0,,50.0,,Null,0.0,0.0,,47,Wellington City,Unknown,,,,,0.0,0.0,Urban,1.0,,,Fine,Null,0
67597858,,574800,0.0,,0.0,2.0,,Null,2016/2017,HATTON ST,HOMEWOOD AVENUE,,Non-Injury Crash,No,2017,,East,,0,,Flat,,,,,,Overcast,2107001,0,0.0,0.0,2.0,,,0.0,,,,,,Wellington Region,Nil,2-way,Sealed,,0.0,0,,50.0,,Null,0.0,0.0,,47,Wellington City,Give way,,,,,0.0,0.0,Urban,0.0,,,Fine,Null,0
67597895,,573101,0.0,,0.0,1.0,,Null,2017/2018,WILLIS ST,ABEL SMITH ST,,Non-Injury Crash,No,2017,,North,,0,,Flat,,,,,,Bright sun,2131900,0,0.0,0.0,3.0,,,0.0,,,,,,Wellington Region,Nil,1-way,Sealed,,0.0,0,,50.0,,Null,0.0,0.0,,47,Wellington City,Traffic Signals,,,,,1.0,0.0,Urban,0.0,,,Fine,Null,0
67597994,,573000,0.0,,0.0,1.0,,South,2016/2017,SH 1N,SOUTH PORTAL,,Non-Injury Crash,Yes,2016,,North,,0,,Flat,,,,,,Overcast,2130600,0,0.0,0.0,2.0,,,0.0,,,,,,Wellington Region,Nil,1-way,Sealed,,0.0,0,,70.0,,Null,0.0,0.0,,47,Wellington City,Unknown,,,,,1.0,0.0,Urban,0.0,,,Null,Null,0
67598010,,573300,1.0,,0.0,1.0,,North,2016/2017,TASMAN ST,CARRINGTON ST,,Non-Injury Crash,No,2016,,South,,0,,Flat,,,,,,Bright sun,2146300,0,0.0,0.0,2.0,,,0.0,,,,,,Wellington Region,Nil,2-way,Sealed,,0.0,0,,50.0,,Null,0.0,0.0,,47,Wellington City,Nil,,,,,0.0,0.0,Urban,0.0,,,Fine,Null,0
67598035,,572900,0.0,,0.0,0.0,,South,2016/2017,TINAKORI ROAD,ASCOT ST,,Non-Injury Crash,No,2017,,South,,0,,Flat,,,,,,Overcast,2121800,0,1.0,0.0,2.0,,,0.0,,,,,,Wellington Region,Nil,2-way,Sealed,,0.0,0,,50.0,,Null,1.0,0.0,,47,Wellington City,Nil,,,,,0.0,0.0,Urban,0.0,,,Light rain,Null,0
67598100,,576903,0.0,,0.0,1.0,,Null,2014/2015,GOA ST,MOXHAM AVENUE,,Minor Crash,No,2015,,South,,0,,Flat,,,,,,Dark,2180700,1,1.0,0.0,2.0,,,0.0,,,,,,Wellington Region,Nil,2-way,Sealed,,0.0,0,,50.0,,On,0.0,0.0,,47,Wellington City,Stop,,,,,0.0,0.0,Urban,0.0,,,Fine,Null,0
67598115,,573400,0.0,,0.0,2.0,,South,2017/2018,SH 1N,FIFESHIRE AVENUE,,Minor Crash,Yes,2017,,South,,0,,Flat,,,,,,Bright sun,2143500,1,0.0,0.0,3.0,,,0.0,,,,,,Wellington Region,Nil,1-way,Sealed,,0.0,0,,50.0,,Null,0.0,0.0,,47,Wellington City,Unknown,,,,,0.0,0.0,Urban,0.0,,,Fine,Null,0
67598179,,573000,0.0,,0.0,0.0,,North,2016/2017,SH 1N,AURORA TERRACE OBR,,Non-Injury Crash,Yes,2017,,South,,0,,Flat,,,,,,Overcast,2123901,0,0.0,0.0,4.0,,,0.0,,,,,,Wellington Region,Nil,2-way,Sealed,,0.0,0,,100.0,,Null,0.0,0.0,,47,Wellington City,Unknown,,,,,1.0,0.0,Open,0.0,,,Fine,Null,0
67598291,,573101,0.0,,0.0,1.0,,North,2016/2017,BOND ST,ST HILL ST,,Non-Injury Crash,No,2017,,North,,0,,Flat,,,,,,Bright sun,2131000,0,0.0,0.0,2.0,,,0.0,,,,,,Wellington Region,Nil,2-way,Sealed,,0.0,0,,50.0,,Null,0.0,0.0,,47,Wellington City,Give way,,,,,0.0,0.0,Urban,1.0,,,Null,Null,0
67598303,,576400,0.0,,0.0,0.0,,East,2016/2017,MEIN ST,OWEN ST,,Non-Injury Crash,No,2017,,East,,0,,Flat,,,,,,Overcast,2167700,0,0.0,0.0,2.0,,,0.0,,,,,,Wellington Region,Nil,2-way,Sealed,,0.0,0,,40.0,,Null,2.0,0.0,,47,Wellington City,Unknown,,,,,0.0,0.0,Urban,0.0,,,Fine,Null,0
67598459,,573000,0.0,,0.0,1.0,,Null,2017/2018,CLIFTON TERRACE,CLIFTON ON NBD,,Minor Crash,No,2017,,North,,0,,Hill Road,,,,,,Overcast,2126100,1,1.0,0.0,3.0,,,0.0,,,,,,Wellington Region,Motorway ramp,2-way,Sealed,,0.0,0,,50.0,,Null,0.0,0.0,,47,Wellington City,Give way,,,,,0.0,0.0,Urban,0.0,,,Fine,Null,0
67598535,,573101,0.0,0.0,0.0,1.0,0.0,North,2016/2017,TARANAKI ST,ABEL SMITH ST,,Non-Injury Crash,No,2017,0.0,North,0.0,0,0.0,Flat,0.0,,0.0,,0.0,Overcast,2134800,0,0.0,0.0,4.0,0.0,0.0,0.0,0.0,1.0,,0.0,0.0,Wellington Region,Nil,2-way,Sealed,0.0,0.0,0,0.0,50.0,0.0,Null,0.0,0.0,,47,Wellington City,Traffic Signals,0.0,0.0,0.0,0.0,1.0,0.0,Urban,0.0,0.0,0.0,Null,Null,0
67598543,,573526,0.0,,0.0,1.0,,South,2016/2017,SH 2,WEIGH PIT,,Non-Injury Crash,Yes,2017,,North,,0,,Flat,,Queens Birthday,,,,Dark,2077503,0,0.0,0.0,2.0,,,0.0,,,,,,Wellington Region,Nil,1-way,Sealed,,0.0,0,,100.0,,Off,1.0,0.0,,47,Wellington City,Unknown,,,,,0.0,0.0,Open,0.0,,,Fine,Null,0
67598546,,573101,0.0,0.0,0.0,1.0,0.0,East,2016/2017,TORY ST,WAKEFIELD ST,,Non-Injury Crash,No,2016,0.0,North,0.0,0,0.0,Flat,0.0,,0.0,,0.0,Bright sun,2135400,0,0.0,0.0,2.0,0.0,0.0,0.0,0.0,1.0,,0.0,0.0,Wellington Region,Nil,2-way,Sealed,0.0,0.0,0,0.0,50.0,0.0,Null,0.0,0.0,,47,Wellington City,Unknown,0.0,0.0,0.0,0.0,1.0,0.0,Urban,0.0,0.0,0.0,Fine,Null,0
67598586,,576901,1.0,,0.0,1.0,,Null,2017/2018,COUTTS ST,ONEPU ROAD,,Minor Crash,No,2017,,West,,0,,Flat,,,,,,Bright sun,2178200,1,0.0,0.0,2.0,,,0.0,,,,,,Wellington Region,Nil,2-way,Sealed,,0.0,0,,50.0,,Null,0.0,0.0,,47,Wellington City,Traffic Signals,,,,,0.0,0.0,Urban,0.0,,,Fine,Null,0
67598602,35.0,576903,0.0,,0.0,2.0,,West,2015/2016,WELLINGTON ROAD,HENRY ST,,Non-Injury Crash,No,2016,,East,,0,,Null,,,,,,Bright sun,2181600,0,0.0,0.0,2.0,,,0.0,,,,,,Wellington Region,Nil,2-way,Sealed,,0.0,0,,50.0,,Null,0.0,0.0,,47,Wellington City,Unknown,,,,,0.0,0.0,Urban,0.0,,,Fine,Null,0
67598667,,575200,1.0,0.0,0.0,0.0,1.0,South,2017/2018,GARDEN ROAD,MILITARY ROAD,,Minor Crash,No,2017,0.0,East,0.0,0,0.0,Hill Road,0.0,,0.0,,0.0,Bright sun,2151000,1,0.0,0.0,2.0,0.0,0.0,0.0,0.0,0.0,,0.0,0.0,Wellington Region,Nil,2-way,Sealed,0.0,0.0,0,0.0,50.0,0.0,Null,0.0,0.0,,47,Wellington City,Unknown,0.0,0.0,0.0,0.0,0.0,0.0,Urban,1.0,0.0,0.0,Fine,Strong wind,0
67598786,,577200,0.0,,1.0,0.0,,South,2016/2017,HOBART ST,MIRAMAR AVENUE,,Non-Injury Crash,No,2016,,North,,0,,Flat,,,,,,Overcast,2207201,0,0.0,0.0,2.0,,,0.0,,,,,,Wellington Region,Nil,2-way,Sealed,,0.0,0,,30.0,,Null,0.0,0.0,,47,Wellington City,Unknown,,,,,0.0,0.0,Urban,1.0,,,Light rain,Null,0
67598946,,573000,0.0,0.0,0.0,1.0,0.0,Null,2016/2017,MERCER ST,WILLIS ST,,Non-Injury Crash,No,2016,0.0,East,0.0,0,0.0,Flat,0.0,,0.0,,0.0,Overcast,2127400,0,1.0,0.0,2.0,0.0,0.0,0.0,0.0,1.0,,0.0,0.0,Wellington Region,Nil,1-way,Sealed,0.0,0.0,0,0.0,30.0,0.0,Off,0.0,0.0,,47,Wellington City,Traffic Signals,0.0,0.0,0.0,0.0,0.0,0.0,Urban,0.0,0.0,0.0,Fine,Null,0
67599026,,576500,0.0,,0.0,2.0,,West,2015/2016,MEIN ST,DANIELL ST,,Non-Injury Crash,No,2016,,West,,0,,Hill Road,,,,,,Bright sun,2149200,0,0.0,0.0,2.0,,,0.0,,,,,,Wellington Region,Nil,2-way,Sealed,,0.0,0,,40.0,,Null,0.0,0.0,,47,Wellington City,Nil,,,,,0.0,0.0,Urban,0.0,,,Null,Null,0
67599119,,572900,0.0,,0.0,1.0,,North,2016/2017,SH 1N,AOTEA OFF SBD,,Minor Crash,Yes,2017,,South,,0,,Flat,,,,,,Overcast,2118400,1,0.0,0.0,3.0,,,0.0,,,,,,Wellington Region,Nil,1-way,Sealed,,0.0,0,,100.0,,Null,0.0,0.0,,47,Wellington City,Unknown,,,,,1.0,0.0,Open,0.0,,,Light rain,Null,0
67599215,,576400,0.0,0.0,0.0,2.0,0.0,Null,2016/2017,ROY ST,SLIP,,Non-Injury Crash,No,2016,0.0,West,0.0,0,0.0,Hill Road,0.0,,0.0,,0.0,Bright sun,2170600,0,0.0,0.0,2.0,0.0,0.0,0.0,0.0,1.0,,0.0,0.0,Wellington Region,Nil,2-way,Sealed,0.0,0.0,0,0.0,50.0,0.0,Null,0.0,0.0,,47,Wellington City,Nil,0.0,0.0,0.0,0.0,0.0,0.0,Urban,0.0,0.0,0.0,Fine,Null,0
67599295,,577200,1.0,,0.0,1.0,,Null,2016/2017,MIRAMAR AVENUE,TAUHINU ROAD,,Minor Crash,No,2017,,East,,0,,Flat,,,,,,Twilight,2206200,1,0.0,0.0,1.0,,,0.0,,,,,,Wellington Region,Nil,2-way,Sealed,,0.0,0,,50.0,,On,0.0,0.0,,47,Wellington City,Give way,,,,,0.0,0.0,Urban,0.0,,,Fine,Null,0
67599298,,573300,0.0,,0.0,2.0,,Null,2015/2016,TASMAN ST,JOHN ST,,Non-Injury Crash,No,2016,,South,,0,,Hill Road,,,,,,Twilight,2146300,0,0.0,0.0,2.0,,,0.0,,,,,,Wellington Region,Nil,2-way,Sealed,,0.0,0,,50.0,,On,0.0,0.0,,47,Wellington City,Give way,,,,,0.0,0.0,Urban,0.0,,,Fine,Null,0
67599519,,575702,0.0,,0.0,2.0,,North,2017/2018,MOFFITT ST,SHORT ST,,Non-Injury Crash,No,2017,,South,,0,,Hill Road,,,,,,Twilight,2199300,0,0.0,0.0,2.0,,,0.0,,,,,,Wellington Region,Nil,2-way,Sealed,,0.0,0,,50.0,,Off,0.0,0.0,,47,Wellington City,Nil,,,,,0.0,0.0,Urban,0.0,,,Null,Null,0
67599539,,573400,0.0,,0.0,1.0,,Null,2016/2017,SH 1N,PATERSON ST,,Non-Injury Crash,Yes,2017,,South,,0,,Flat,,,,,,Dark,2142900,0,0.0,0.0,2.0,,,0.0,,,,,,Wellington Region,Nil,1-way,Sealed,,0.0,0,,50.0,,On,1.0,0.0,,47,Wellington City,Traffic Signals,,,,,0.0,0.0,Urban,0.0,,,Light rain,Null,0
67599567,,577301,0.0,0.0,0.0,2.0,0.0,South,2016/2017,WEKA ST,MANUKA ST,,Non-Injury Crash,No,2016,0.0,North,0.0,0,0.0,Flat,0.0,,0.0,,0.0,Bright sun,2202900,0,0.0,0.0,2.0,0.0,0.0,0.0,0.0,1.0,,0.0,0.0,Wellington Region,Nil,2-way,Sealed,0.0,0.0,0,0.0,50.0,0.0,Null,0.0,0.0,,47,Wellington City,Unknown,0.0,0.0,0.0,0.0,0.0,0.0,Urban,0.0,0.0,0.0,Fine,Null,0
67599586,,573802,0.0,,0.0,2.0,,East,2016/2017,HELSTON ROAD,PETHERICK CRESCENT,,Non-Injury Crash,No,2016,,West,,0,,Flat,,,,,,Dark,2079200,0,0.0,0.0,2.0,,,0.0,,,,,,Wellington Region,Nil,2-way,Sealed,,0.0,0,,50.0,,On,0.0,0.0,,47,Wellington City,Unknown,,,,,0.0,0.0,Urban,0.0,,,Fine,Null,0
67599610,,576301,0.0,0.0,0.0,1.0,0.0,Null,2016/2017,ADELAIDE ROAD,STOKE ST S,,Non-Injury Crash,No,2017,0.0,North,0.0,0,0.0,Flat,0.0,,0.0,,0.0,Dark,2165300,0,0.0,0.0,2.0,0.0,0.0,0.0,0.0,1.0,,0.0,0.0,Wellington Region,Nil,2-way,Sealed,0.0,0.0,0,0.0,50.0,0.0,On,0.0,0.0,,47,Wellington City,Give way,0.0,0.0,0.0,0.0,1.0,0.0,Urban,0.0,0.0,0.0,Fine,Null,0
67599615,,574800,0.0,0.0,0.0,1.0,0.0,South,2016/2017,CURTIS ST,OLD KARORI ROAD,,Minor Crash,No,2017,0.0,North,0.0,0,0.0,Flat,0.0,,0.0,,0.0,Dark,2106100,1,0.0,0.0,2.0,0.0,0.0,0.0,1.0,0.0,,0.0,0.0,Wellington Region,Nil,2-way,Sealed,0.0,0.0,0,0.0,50.0,0.0,On,0.0,0.0,,47,Wellington City,Unknown,0.0,0.0,0.0,0.0,0.0,0.0,Urban,0.0,0.0,0.0,Fine,Null,0
67599687,,577200,0.0,0.0,0.0,0.0,0.0,South,2017/2018,COBHAM DRIVE,MIRAMAR AVENUE,,Minor Crash,No,2018,0.0,South,0.0,0,0.0,Flat,0.0,,0.0,,0.0,Dark,2206200,1,0.0,1.0,2.0,0.0,0.0,0.0,0.0,0.0,,0.0,0.0,Wellington Region,Nil,2-way,Sealed,0.0,0.0,0,0.0,50.0,0.0,On,0.0,0.0,,47,Wellington City,Unknown,1.0,0.0,0.0,0.0,0.0,0.0,Urban,0.0,0.0,0.0,Fine,Null,0
67599895,,576001,0.0,,0.0,2.0,,North,2017/2018,THE PARADE,HUMBER ST,,Minor Crash,No,2017,,North,,0,,Flat,,,,,,Dark,2190700,1,0.0,0.0,2.0,,,0.0,,,,,,Wellington Region,Nil,2-way,Sealed,,0.0,0,,50.0,,On,0.0,0.0,,47,Wellington City,Unknown,,,,,0.0,0.0,Urban,0.0,,,Light rain,Strong wind,0
67599930,75.0,573903,0.0,,0.0,3.0,,North,2017/2018,JOHNSONVILLE ON SBD,SH 1N,,Minor Crash,Yes,2017,,South,,0,,Flat,,,,,,Dark,2075103,1,0.0,0.0,2.0,,,0.0,,,,,,Wellington Region,Motorway ramp,1-way,Sealed,,0.0,0,,80.0,,On,0.0,0.0,,47,Wellington City,Unknown,,,,,0.0,0.0,Open,0.0,,,Fine,Null,0
67600003,,573526,1.0,,0.0,0.0,,West,2017/2018,SH 2,SERVICE STN STH,,Serious Crash,Yes,2017,,East,,0,,Flat,,,,,,Bright sun,2077503,0,0.0,0.0,2.0,,,0.0,,,,,,Wellington Region,Nil,1-way,Sealed,,0.0,1,,100.0,,Null,0.0,0.0,,47,Wellington City,Unknown,,,,,1.0,0.0,Open,0.0,,,Fine,Null,0
67600007,,573000,0.0,,0.0,1.0,,Null,2016/2017,WATERLOO QUAY,WHITMORE ST,,Minor Crash,No,2017,,South,,0,,Flat,,,,,,Unknown,2124300,1,0.0,0.0,5.0,,,0.0,,,1.0,,,Wellington Region,Nil,2-way,Sealed,,0.0,0,,50.0,,Off,0.0,0.0,,47,Wellington City,Traffic Signals,,,,,0.0,0.0,Urban,0.0,,,Fine,Null,0
67600075,,576800,1.0,0.0,0.0,1.0,0.0,North,2017/2018,EVANS BAY PARADE,GRETA PT,,Serious Crash,No,2017,0.0,South,0.0,0,0.0,Flat,0.0,,0.0,,0.0,Dark,2182504,0,0.0,0.0,2.0,0.0,0.0,0.0,0.0,1.0,,0.0,0.0,Wellington Region,Nil,2-way,Sealed,0.0,0.0,1,0.0,50.0,0.0,On,0.0,0.0,,47,Wellington City,Unknown,0.0,0.0,0.0,0.0,0.0,0.0,Urban,0.0,0.0,0.0,Fine,Null,0
67600167,,573000,0.0,,0.0,1.0,,Null,2017/2018,CUSTOMHOUSE QUAY,JOHNSTON ST,,Minor Crash,No,2017,,West,,0,,Flat,,,,,,Bright sun,2124300,1,0.0,0.0,3.0,,,0.0,,,1.0,,,Wellington Region,Nil,1-way,Sealed,,0.0,0,,50.0,,Null,0.0,0.0,,47,Wellington City,Traffic Signals,,,,,0.0,0.0,Urban,0.0,,,Fine,Null,0
67600227,,576901,1.0,,1.0,0.0,,Null,2017/2018,ONEPU ROAD,COUTTS ST,,Non-Injury Crash,No,2017,,North,,0,,Flat,,,,,,Bright sun,2178200,0,0.0,0.0,2.0,,,0.0,,,,,,Wellington Region,Nil,2-way,Sealed,,0.0,0,,30.0,,Null,0.0,0.0,,47,Wellington City,Traffic Signals,,,,,0.0,0.0,Urban,0.0,,,Fine,Null,0
67600274,,572900,0.0,0.0,0.0,0.0,0.0,Null,2016/2017,WATERLOO QUAY,SLIP,,Non-Injury Crash,No,2016,0.0,North,0.0,0,0.0,Flat,0.0,,0.0,,0.0,Dark,2122700,0,0.0,0.0,4.0,0.0,0.0,0.0,0.0,0.0,,0.0,0.0,Wellington Region,Nil,2-way,Sealed,0.0,0.0,0,0.0,50.0,0.0,On,0.0,0.0,,47,Wellington City,Traffic Signals,0.0,1.0,0.0,0.0,1.0,0.0,Urban,0.0,0.0,0.0,Fine,Null,0
67600355,,576002,0.0,,0.0,1.0,,Null,2016/2017,MERSEY ST,CLYDE ST,,Non-Injury Crash,No,2016,,West,,0,,Hill Road,,,,,,Overcast,2190600,0,0.0,1.0,2.0,,,0.0,,,,,,Wellington Region,Nil,2-way,Sealed,,0.0,0,,50.0,,Null,0.0,0.0,,47,Wellington City,Stop,,,,,0.0,0.0,Urban,0.0,,,Light rain,Null,0
67600663,,573101,0.0,,0.0,2.0,,Null,2017/2018,SH 1N,CUBA ST,,Non-Injury Crash,Yes,2017,,East,,0,,Flat,,,,,,Dark,2132100,0,0.0,0.0,2.0,,,0.0,,,,,,Wellington Region,Nil,1-way,Sealed,,0.0,0,,50.0,,On,0.0,0.0,,47,Wellington City,Traffic Signals,,,,,0.0,0.0,Urban,0.0,,,Fine,Null,0
67600667,,576901,0.0,,0.0,2.0,,East,2016/2017,KEMP ST,EVANS BAY PARADE,,Non-Injury Crash,No,2017,,North,,0,,Flat,,,,,,Overcast,2177800,0,0.0,0.0,2.0,,,0.0,,,,,,Wellington Region,Nil,2-way,Sealed,,0.0,0,,50.0,,Null,0.0,1.0,,47,Wellington City,Unknown,,,,,0.0,0.0,Urban,0.0,,,Light rain,Null,0
67600759,,572600,0.0,0.0,0.0,1.0,0.0,South,2016/2017,MAIN ROAD,SURREY ST,,Non-Injury Crash,No,2017,0.0,North,0.0,0,0.0,Flat,0.0,,0.0,,0.0,Dark,1992000,0,0.0,0.0,2.0,0.0,0.0,0.0,0.0,1.0,,0.0,1.0,Wellington Region,Nil,2-way,Sealed,0.0,0.0,0,0.0,50.0,0.0,On,1.0,0.0,,47,Wellington City,Unknown,0.0,0.0,0.0,0.0,0.0,0.0,Urban,0.0,0.0,0.0,Fine,Null,0
67600915,,573511,0.0,0.0,0.0,1.0,0.0,South,2017/2018,MIDDLETON ROAD,ROWELLS ROAD,,Non-Injury Crash,No,2017,0.0,South,0.0,0,0.0,Hill Road,0.0,,0.0,,0.0,Dark,2086502,0,0.0,0.0,2.0,0.0,0.0,0.0,0.0,0.0,,1.0,0.0,Wellington Region,Nil,2-way,Sealed,0.0,0.0,0,0.0,50.0,0.0,On,0.0,0.0,,47,Wellington City,Unknown,0.0,0.0,0.0,0.0,0.0,0.0,Urban,0.0,0.0,0.0,Fine,Null,0
67600931,,576500,0.0,,0.0,1.0,,Null,2017/2018,SH 1N,ADELAIDE ROAD,,Non-Injury Crash,Yes,2017,,North,,0,,Flat,,,,,,Dark,2147900,0,0.0,0.0,3.0,,,0.0,,,,,,Wellington Region,Nil,1-way,Sealed,,0.0,0,,50.0,,On,0.0,0.0,,47,Wellington City,Traffic Signals,,,,,1.0,0.0,Urban,0.0,,,Fine,Null,0
67601047,,576400,0.0,0.0,0.0,1.0,0.0,South,2016/2017,DANIELL ST,CONSTABLE ST,,Non-Injury Crash,No,2017,0.0,East,0.0,0,0.0,Flat,0.0,,0.0,,0.0,Bright sun,2169101,0,0.0,0.0,2.0,0.0,0.0,0.0,0.0,1.0,,0.0,0.0,Wellington Region,Nil,2-way,Sealed,0.0,0.0,0,0.0,50.0,0.0,Null,0.0,0.0,,47,Wellington City,Nil,0.0,0.0,0.0,0.0,0.0,0.0,Urban,1.0,0.0,0.0,Fine,Null,0
67601114,,574303,0.0,0.0,0.0,1.0,0.0,South,2016/2017,SH 1N,ONSLOW RAIL OBR,,Non-Injury Crash,Yes,2016,1.0,South,0.0,0,0.0,Flat,0.0,,0.0,,0.0,Dark,2090402,0,0.0,0.0,4.0,0.0,0.0,0.0,0.0,0.0,,0.0,0.0,Wellington Region,Nil,1-way,Sealed,0.0,0.0,0,0.0,100.0,0.0,On,0.0,0.0,,47,Wellington City,Unknown,0.0,0.0,0.0,0.0,0.0,0.0,Open,1.0,0.0,0.0,Fine,Null,0
67601143,,574002,0.0,,0.0,0.0,,South,2016/2017,SH 1N,NEWLANDS ON SBD,,Non-Injury Crash,Yes,2017,,South,,0,,Hill Road,,,,,,Overcast,2078304,0,0.0,0.0,3.0,,,0.0,,,,,,Wellington Region,Nil,1-way,Sealed,,0.0,0,,80.0,,Off,0.0,0.0,,47,Wellington City,Unknown,,,,,0.0,0.0,Open,1.0,,,Fine,Null,0
67601151,,576400,0.0,0.0,0.0,2.0,0.0,East,2016/2017,HARPER ST,DANIELL ST,,Non-Injury Crash,No,2017,0.0,East,0.0,0,0.0,Hill Road,0.0,,0.0,,0.0,Dark,2169200,0,0.0,0.0,2.0,0.0,0.0,0.0,0.0,1.0,,0.0,0.0,Wellington Region,Nil,2-way,Sealed,0.0,0.0,0,0.0,40.0,0.0,On,0.0,0.0,,47,Wellington City,Unknown,0.0,0.0,0.0,0.0,0.0,0.0,Urban,0.0,0.0,0.0,Fine,Null,0
67601287,,573101,0.0,,0.0,2.0,,West,2017/2018,SH 1N,VICTORIA ST,,Non-Injury Crash,Yes,2017,,East,,0,,Hill Road,,Labour Weekend,,,,Bright sun,2131600,0,0.0,0.0,2.0,,,0.0,,,,,,Wellington Region,Nil,1-way,Sealed,,0.0,0,,50.0,,Null,0.0,0.0,,47,Wellington City,Traffic Signals,,,,,0.0,0.0,Urban,0.0,,,Fine,Null,0
67601303,,577102,0.0,,0.0,2.0,,South,2018/2019,MONORGAN ROAD,RAUKAWA ST,,Minor Crash,No,2018,,South,,0,,Flat,,,,,,Bright sun,2215400,1,0.0,0.0,2.0,,,0.0,,,,,,Wellington Region,Nil,2-way,Sealed,,0.0,0,,50.0,,Null,0.0,0.0,,47,Wellington City,Nil,,,,,0.0,0.0,Urban,0.0,,,Fine,Null,0
67601307,,573300,0.0,,0.0,0.0,,Null,2017/2018,JOHN ST,TASMAN ST,,Non-Injury Crash,No,2017,,East,,0,,Hill Road,,,,,,Bright sun,2146300,0,0.0,0.0,2.0,,,0.0,,,,,,Wellington Region,Nil,2-way,Sealed,,0.0,0,,50.0,,Null,2.0,0.0,,47,Wellington City,Give way,,,,,0.0,0.0,Urban,0.0,,,Fine,Null,0
67601394,,575100,0.0,0.0,0.0,1.0,0.0,South,2015/2016,CAMPBELL ST,KARORI ROAD,,Non-Injury Crash,No,2016,0.0,South,0.0,0,0.0,Flat,0.0,,0.0,,0.0,Dark,2114200,0,0.0,0.0,2.0,0.0,0.0,0.0,0.0,1.0,,0.0,0.0,Wellington Region,Nil,2-way,Sealed,0.0,0.0,0,0.0,50.0,0.0,On,1.0,1.0,,47,Wellington City,Unknown,0.0,0.0,0.0,0.0,0.0,0.0,Urban,0.0,0.0,0.0,Fine,Null,0
67601411,,573300,0.0,,0.0,2.0,,Null,2016/2017,ELLICE ST,SH 1N,,Non-Injury Crash,Yes,2017,,West,,0,,Flat,,,,,,Twilight,2145602,0,0.0,0.0,2.0,,,0.0,,,,,,Wellington Region,Nil,2-way,Sealed,,0.0,0,,50.0,,On,0.0,0.0,,47,Wellington City,Give way,,,,,0.0,0.0,Urban,0.0,,,Fine,Null,0
67601634,,573101,0.0,,0.0,2.0,,North,2016/2017,CUBA ST,WEBB ST,,Non-Injury Crash,No,2016,,North,,0,,Flat,,,,,,Overcast,2135100,0,0.0,0.0,2.0,,,0.0,,,,,,Wellington Region,Nil,2-way,Sealed,,0.0,0,,50.0,,Null,0.0,0.0,,47,Wellington City,Unknown,,,,,0.0,0.0,Urban,0.0,,,Null,Null,0