OBJECTID,advisorySpeed,areaUnitID,bicycle,bridge,bus,carStationWagon,cliffBank,crashDirectionDescription,crashFinancialYear,crashLocation1,crashLocation2,crashRoadSideRoad,crashSeverity,crashSHDescription,crashYear,debris,directionRoleDescription,ditch,fatalCount,fence,flatHill,guardRail,holiday,houseOrBuilding,intersection,kerb,light,meshblockId,minorInjuryCount,moped,motorcycle,NumberOfLanes,objectThrownOrDropped,otherObject,otherVehicleType,overBank,parkedVehicle,pedestrian,phoneBoxEtc,postOrPole,region,roadCharacter,roadLane,roadSurface,roadworks,schoolBus,seriousInjuryCount,slipOrFlood,speedLimit,strayAnimal,streetLight,suv,taxi,temporarySpeedLimit,tlaId,tlaName,trafficControl,trafficIsland,trafficSign,train,tree,truck,unknownVehicleType,urban,vanOrUtility,vehicle,waterRiver,weatherA,weatherB,if_pandemic
67601745,,573101,0.0,,0.0,0.0,,Null,2015/2016,HARRIS ST,JERVOIS QUAY,,Non-Injury Crash,No,2016,,North,,0,,Flat,,,,,,Bright sun,2133000,0,0.0,0.0,2.0,,,0.0,,,,,,Wellington Region,Nil,2-way,Sealed,,0.0,0,,50.0,,Null,1.0,0.0,,47,Wellington City,Traffic Signals,,,,,0.0,0.0,Urban,1.0,,,Fine,Null,0
67601966,,576903,0.0,0.0,0.0,2.0,0.0,North,2017/2018,EVANS BAY PARADE,SH 1N,,Non-Injury Crash,No,2017,0.0,North,0.0,0,0.0,Flat,0.0,,0.0,,0.0,Overcast,2180002,0,0.0,0.0,2.0,0.0,0.0,0.0,0.0,1.0,,0.0,0.0,Wellington Region,Nil,2-way,Sealed,0.0,0.0,0,0.0,50.0,0.0,Null,0.0,0.0,,47,Wellington City,Unknown,0.0,0.0,0.0,0.0,0.0,0.0,Urban,0.0,0.0,0.0,Light rain,Null,0
67601985,,572900,0.0,0.0,0.0,2.0,0.0,North,2016/2017,BALLANTRAE PLACE,BOWEN ST,,Non-Injury Crash,No,2016,0.0,West,0.0,0,0.0,Flat,0.0,,0.0,,0.0,Bright sun,2122300,0,0.0,0.0,2.0,0.0,0.0,0.0,0.0,1.0,1.0,0.0,0.0,Wellington Region,Nil,2-way,Sealed,0.0,0.0,0,0.0,50.0,0.0,Null,0.0,0.0,,47,Wellington City,Unknown,0.0,0.0,0.0,0.0,0.0,0.0,Urban,0.0,0.0,0.0,Null,Null,0
67602025,,573000,0.0,,0.0,1.0,,South,2015/2016,CUSTOMHOUSE QUAY,WARING TAYLOR ST,,Non-Injury Crash,No,2016,,North,,0,,Flat,,,,,,Dark,2124300,0,0.0,1.0,6.0,,,0.0,,,,,,Wellington Region,Nil,2-way,Sealed,,0.0,0,,50.0,,On,0.0,0.0,,47,Wellington City,Traffic Signals,,,,,0.0,0.0,Urban,0.0,,,Fine,Null,0
67602118,,573300,0.0,0.0,0.0,1.0,0.0,Null,2017/2018,SH 1N,SLIP ROAD,,Non-Injury Crash,Yes,2017,0.0,North,0.0,0,0.0,Flat,0.0,,0.0,,0.0,Dark,2145602,0,0.0,0.0,3.0,0.0,0.0,0.0,0.0,2.0,,0.0,0.0,Wellington Region,Nil,1-way,Sealed,0.0,0.0,0,0.0,50.0,0.0,On,2.0,0.0,,47,Wellington City,Give way,0.0,0.0,0.0,0.0,0.0,0.0,Urban,1.0,0.0,0.0,Fine,Null,0
67602126,45.0,573524,0.0,0.0,0.0,1.0,0.0,North,2017/2018,TAMWORTH CRESCENT,CROMWELL POINT,,Non-Injury Crash,No,2017,0.0,North,0.0,0,0.0,Hill Road,0.0,,0.0,,0.0,Dark,2086409,0,0.0,0.0,2.0,0.0,0.0,0.0,0.0,0.0,,0.0,1.0,Wellington Region,Nil,2-way,Sealed,0.0,0.0,0,0.0,50.0,0.0,On,0.0,0.0,,47,Wellington City,Unknown,0.0,0.0,0.0,1.0,0.0,0.0,Urban,0.0,0.0,0.0,Fine,Strong wind,0
67602131,,574900,0.0,0.0,0.0,1.0,0.0,North,2014/2015,MAKARA ROAD,TERAWHITI TERRACE,,Minor Crash,No,2015,0.0,North,0.0,0,0.0,Hill Road,1.0,,0.0,,0.0,Overcast,2110006,1,0.0,0.0,2.0,0.0,0.0,0.0,0.0,0.0,,0.0,0.0,Wellington Region,Nil,2-way,Sealed,0.0,0.0,0,0.0,50.0,0.0,None,0.0,0.0,,47,Wellington City,Nil,0.0,0.0,0.0,0.0,0.0,0.0,Urban,0.0,0.0,0.0,Light rain,Null,0
67602178,,573101,0.0,,0.0,1.0,,Null,2017/2018,GHUZNEE ST,CUBA ST,,Non-Injury Crash,No,2017,,East,,0,,Flat,,,,,,Overcast,2133500,0,0.0,0.0,2.0,,,0.0,,,1.0,,,Wellington Region,Nil,2-way,Sealed,,0.0,0,,50.0,,Null,0.0,0.0,,47,Wellington City,Traffic Signals,,,,,0.0,0.0,Urban,0.0,,,Fine,Null,0
67602241,,573700,0.0,,0.0,3.0,,South,2016/2017,SH 1N,HELSTON OBR,,Minor Crash,Yes,2017,,North,,0,,Flat,,,,,,Bright sun,2082800,1,0.0,0.0,4.0,,,0.0,,,,,,Wellington Region,Nil,2-way,Sealed,,0.0,0,,100.0,,Null,0.0,0.0,,47,Wellington City,Unknown,,,,,0.0,0.0,Open,0.0,,,Fine,Null,0
67602302,,573300,0.0,,0.0,3.0,,South,2016/2017,TARANAKI ST,SH 1N,,Non-Injury Crash,No,2017,,North,,0,,Flat,,,,,,Overcast,2145300,0,1.0,0.0,3.0,,,0.0,,,,,,Wellington Region,Nil,1-way,Sealed,,0.0,0,,50.0,,Null,0.0,0.0,,47,Wellington City,Unknown,,,,,0.0,0.0,Urban,0.0,,,Fine,Null,0
67602358,,573000,0.0,,0.0,0.0,,Null,2016/2017,WILLESTON ST,JERVOIS QUAY,,Non-Injury Crash,No,2017,,West,,0,,Flat,,,,,,Overcast,2124300,0,0.0,0.0,6.0,,,0.0,,,1.0,,,Wellington Region,Nil,2-way,Sealed,,0.0,0,,50.0,,Null,0.0,0.0,,47,Wellington City,Traffic Signals,,,,,0.0,0.0,Urban,1.0,,,Fine,Null,0
67602382,,576500,0.0,,0.0,1.0,,North,2017/2018,RIDDIFORD ST,HOSPITAL PED XING,,Non-Injury Crash,No,2017,,South,,0,,Flat,,,,,,Bright sun,2149200,0,0.0,0.0,4.0,,,0.0,,,,,,Wellington Region,Nil,2-way,Sealed,,0.0,0,,50.0,,Null,0.0,0.0,,47,Wellington City,Unknown,,,,,0.0,0.0,Urban,1.0,,,Fine,Null,0
67602418,,573101,0.0,0.0,0.0,2.0,0.0,South,2017/2018,YORK ST,TARANAKI ST,,Non-Injury Crash,No,2017,0.0,East,0.0,0,0.0,Flat,0.0,,0.0,,0.0,Dark,2135800,0,0.0,0.0,2.0,0.0,0.0,0.0,0.0,1.0,,0.0,0.0,Wellington Region,Nil,2-way,Sealed,0.0,0.0,0,0.0,50.0,0.0,On,0.0,0.0,,47,Wellington City,Unknown,0.0,0.0,0.0,0.0,0.0,0.0,Urban,0.0,0.0,0.0,Fine,Null,0
67602510,,576100,0.0,,0.0,1.0,,South,2016/2017,HUNGERFORD ROAD,WAITAHA WAY,,Non-Injury Crash,No,2017,,South,,0,,Hill Road,,,,,,Bright sun,2195603,0,0.0,0.0,2.0,,,0.0,,,1.0,,,Wellington Region,Nil,2-way,Sealed,,0.0,0,,50.0,,Null,0.0,0.0,,47,Wellington City,Nil,,,,,0.0,0.0,Urban,0.0,,,Fine,Null,0
67602526,,572900,0.0,0.0,0.0,4.0,0.0,North,2016/2017,SH 1N,AOTEA OFF SBD,,Non-Injury Crash,Yes,2017,0.0,South,0.0,0,0.0,Flat,1.0,,0.0,,0.0,Dark,2118400,0,0.0,0.0,3.0,0.0,0.0,0.0,0.0,0.0,,0.0,0.0,Wellington Region,Nil,1-way,Sealed,0.0,0.0,0,0.0,100.0,0.0,On,0.0,0.0,,47,Wellington City,Unknown,0.0,0.0,0.0,0.0,0.0,0.0,Open,0.0,0.0,0.0,Fine,Null,0
67602606,,576700,0.0,,0.0,1.0,,North,2017/2018,GRAFTON ROAD,THE CRESCENT,,Non-Injury Crash,No,2017,,South,,0,,Hill Road,,,,,,Overcast,2186800,0,0.0,0.0,1.0,,,0.0,,,,,,Wellington Region,Nil,1-way,Sealed,,0.0,0,,50.0,,Null,0.0,0.0,,47,Wellington City,Unknown,,,,,1.0,0.0,Urban,0.0,,,Fine,Null,0
67602609,,573300,0.0,,0.0,2.0,,North,2015/2016,WALLACE ST,HARGREAVES ST,,Non-Injury Crash,No,2016,,South,,0,,Flat,,,,,,Dark,2146500,0,0.0,0.0,2.0,,,0.0,,,,,,Wellington Region,Nil,2-way,Sealed,,0.0,0,,50.0,,On,0.0,1.0,,47,Wellington City,Unknown,,,,,0.0,0.0,Urban,0.0,,,Light rain,Null,0
67602857,,574402,0.0,,0.0,2.0,,North,2016/2017,AWARUA ST,OTTAWA ROAD,,Non-Injury Crash,No,2016,,North,,0,,Hill Road,,,,,,Overcast,2096300,0,0.0,0.0,2.0,,,0.0,,,,,,Wellington Region,Nil,2-way,Sealed,,0.0,0,,50.0,,Null,0.0,0.0,,47,Wellington City,Nil,,,,,0.0,0.0,Urban,0.0,,,Null,Null,0
67602970,,573101,0.0,,0.0,2.0,,Null,2017/2018,TARANAKI ST,WAKEFIELD ST,,Non-Injury Crash,No,2017,,South,,0,,Flat,,,,,,Bright sun,2133200,0,0.0,0.0,6.0,,,0.0,,,,,,Wellington Region,Nil,2-way,Sealed,,0.0,0,,50.0,,Null,0.0,0.0,,47,Wellington City,Traffic Signals,,,,,0.0,0.0,Urban,0.0,,,Fine,Null,0
67603014,,576901,0.0,,0.0,3.0,,East,2017/2018,RONGOTAI ROAD,CHILDERS TERRACE,,Non-Injury Crash,No,2017,,West,,0,,Flat,,,,,,Overcast,2178400,0,0.0,0.0,2.0,,,0.0,,,,,,Wellington Region,Nil,2-way,Sealed,,0.0,0,,50.0,,Off,0.0,0.0,,47,Wellington City,Unknown,,,,,0.0,0.0,Urban,0.0,,,Fine,Null,0
67603033,,573000,0.0,,0.0,2.0,,Null,2016/2017,MACDONALD CRESCENT,DIXON ST,,Non-Injury Crash,No,2016,,North,,0,,Hill Road,,,,,,Overcast,2128700,0,0.0,0.0,2.0,,,0.0,,,,,,Wellington Region,Nil,2-way,Sealed,,0.0,0,,50.0,,Null,0.0,0.0,,47,Wellington City,Nil,,,,,0.0,0.0,Urban,0.0,,,Fine,Null,0
67603102,,575600,0.0,0.0,0.0,1.0,0.0,West,2017/2018,REUBEN AVENUE,OHIRO ROAD,,Non-Injury Crash,No,2017,0.0,South,0.0,0,0.0,Hill Road,0.0,,0.0,,0.0,Overcast,2161503,0,0.0,0.0,2.0,0.0,0.0,0.0,0.0,1.0,,0.0,0.0,Wellington Region,Nil,2-way,Sealed,0.0,0.0,0,0.0,50.0,0.0,Null,0.0,0.0,,47,Wellington City,Unknown,0.0,0.0,0.0,0.0,0.0,0.0,Urban,1.0,0.0,0.0,Fine,Null,0
67603201,,573101,0.0,,0.0,1.0,,North,2016/2017,JERVOIS QUAY,TARANAKI ST,,Non-Injury Crash,No,2016,,North,,0,,Flat,,,,,,Overcast,2133100,0,0.0,0.0,3.0,,,0.0,,,,,,Wellington Region,Nil,1-way,Sealed,,0.0,0,,50.0,,Null,1.0,0.0,,47,Wellington City,Unknown,,,,,0.0,0.0,Urban,0.0,,,Light rain,Null,0
67603210,,573400,1.0,,0.0,1.0,,East,2016/2017,ORIENTAL PARADE,HERD ST,,Minor Crash,No,2017,,East,,0,,Flat,,,,,,Bright sun,2138700,1,0.0,0.0,2.0,,,0.0,,,,,,Wellington Region,Nil,2-way,Sealed,,0.0,0,,40.0,,Null,0.0,0.0,,47,Wellington City,Unknown,,,,,0.0,0.0,Urban,0.0,,,Fine,Null,0
67603246,,573700,0.0,,0.0,2.0,,West,2017/2018,BRODERICK ROAD,JOHNSONVILLE ROAD,,Non-Injury Crash,No,2017,,East,,0,,Flat,,,,,,Overcast,2082900,0,0.0,0.0,2.0,,,0.0,,,,,,Wellington Region,Nil,2-way,Sealed,,0.0,0,,50.0,,Null,0.0,0.0,,47,Wellington City,Traffic Signals,,,,,0.0,0.0,Urban,0.0,,,Fine,Null,0
67603529,,573514,1.0,0.0,0.0,2.0,0.0,Null,2016/2017,ABILENE CRESCENT,WESTCHESTER DRIVE,,Non-Injury Crash,No,2016,0.0,South,0.0,0,0.0,Flat,0.0,,0.0,,0.0,Bright sun,2086730,0,0.0,0.0,2.0,0.0,0.0,0.0,0.0,1.0,,0.0,0.0,Wellington Region,Nil,2-way,Sealed,0.0,0.0,0,0.0,50.0,0.0,Null,0.0,0.0,,47,Wellington City,Give way,0.0,0.0,0.0,0.0,0.0,0.0,Urban,0.0,0.0,0.0,Fine,Null,0
67603622,,573600,0.0,,0.0,1.0,,North,2017/2018,SH 1N,JOHNSONVILLE ON NBD,,Non-Injury Crash,Yes,2017,,North,,0,,Flat,,,,,,Bright sun,2081200,0,0.0,0.0,6.0,,,0.0,,,,,,Wellington Region,Nil,2-way,Sealed,,0.0,0,,100.0,,Null,0.0,0.0,,47,Wellington City,Nil,,,,,0.0,0.0,Open,2.0,,,Fine,Null,0
67603626,,574002,1.0,,0.0,0.0,,North,2018/2019,SH 1N,NIMT OBR,,Minor Crash,Yes,2018,,South,,0,,Hill Road,,,,,,Overcast,2078304,1,0.0,0.0,3.0,,,0.0,,,,,,Wellington Region,Nil,1-way,Sealed,,0.0,0,,80.0,,Null,0.0,0.0,,47,Wellington City,Unknown,,,,,0.0,0.0,Open,1.0,,,Fine,Null,0
67603641,,572900,0.0,0.0,0.0,0.0,0.0,North,2016/2017,TINAKORI OFF NBD,SH 1N,,Non-Injury Crash,No,2016,0.0,North,0.0,0,0.0,Flat,1.0,,0.0,,0.0,Dark,2122000,0,0.0,0.0,3.0,0.0,0.0,0.0,0.0,0.0,,0.0,0.0,Wellington Region,Motorway ramp,1-way,Sealed,0.0,0.0,0,0.0,100.0,0.0,On,1.0,0.0,,47,Wellington City,Unknown,0.0,0.0,0.0,0.0,0.0,0.0,Open,0.0,0.0,0.0,Light rain,Null,0
67603646,,573526,0.0,,0.0,4.0,,East,2017/2018,SH 2,SERVICE STN NTH,,Minor Crash,Yes,2017,,East,,0,,Flat,,,,,,Bright sun,2077503,1,0.0,0.0,2.0,,,0.0,,,,,,Wellington Region,Nil,1-way,Sealed,,0.0,0,,100.0,,Null,0.0,0.0,80.0,47,Wellington City,Unknown,,,,,0.0,0.0,Open,0.0,,,Fine,Null,0
67603649,,572900,0.0,,0.0,1.0,,South,2016/2017,MURPHY ST,TURNBULL ST,,Non-Injury Crash,No,2016,,South,,0,,Hill Road,,,,,,Bright sun,2118800,0,0.0,0.0,2.0,,,0.0,,,1.0,,,Wellington Region,Nil,1-way,Sealed,,0.0,0,,50.0,,Null,0.0,0.0,,47,Wellington City,Traffic Signals,,,,,0.0,0.0,Urban,0.0,,,Fine,Null,0
67603734,,573200,0.0,,0.0,2.0,,West,2016/2017,BROOKLYN ROAD,WASHINGTON AVENUE,,Non-Injury Crash,No,2016,,West,,0,,Null,,,,,,Overcast,2159300,0,0.0,0.0,2.0,,,0.0,,,,,,Wellington Region,Nil,2-way,Sealed,,0.0,0,,50.0,,Null,0.0,0.0,,47,Wellington City,Unknown,,,,,0.0,0.0,Urban,0.0,,,Fine,Null,0
67603794,,573300,0.0,,0.0,2.0,,North,2017/2018,WALLACE ST,ACCESSWAY,,Non-Injury Crash,No,2017,,South,,0,,Hill Road,,,,,,Bright sun,2147100,0,0.0,0.0,2.0,,,0.0,,,,,,Wellington Region,Nil,2-way,Sealed,,0.0,0,,50.0,,Null,0.0,0.0,,47,Wellington City,Unknown,,,,,0.0,0.0,Urban,0.0,,,Fine,Null,0
67603878,,572900,0.0,,0.0,2.0,,North,2017/2018,MULGRAVE ST,AITKEN ST,,Non-Injury Crash,No,2017,,South,,0,,Hill Road,,,,,,Bright sun,2121400,0,0.0,0.0,2.0,,,0.0,,,,,,Wellington Region,Nil,1-way,Sealed,,0.0,0,,50.0,,Null,0.0,0.0,,47,Wellington City,Traffic Signals,,,,,0.0,0.0,Urban,0.0,,,Heavy rain,Strong wind,0
67603962,,574402,1.0,,0.0,1.0,,Null,2017/2018,NGAIO GORGE ROAD,KENYA ST,,Serious Crash,No,2018,,North,,0,,Hill Road,,,,,,Overcast,2098200,0,0.0,0.0,2.0,,,0.0,,,,,,Wellington Region,Nil,2-way,Sealed,,0.0,1,,50.0,,Null,0.0,0.0,,47,Wellington City,Stop,,,,,0.0,0.0,Urban,0.0,,,Fine,Null,0
67603990,,573101,0.0,,0.0,1.0,,West,2017/2018,DIXON ST,EVA ST,,Non-Injury Crash,No,2017,,West,,0,,Flat,,,,,,Overcast,2133300,0,0.0,0.0,2.0,,,0.0,,,1.0,,,Wellington Region,Nil,1-way,Sealed,,0.0,0,,50.0,,Null,0.0,0.0,,47,Wellington City,Unknown,,,,,0.0,0.0,Urban,0.0,,,Light rain,Null,0
67604050,,574302,0.0,0.0,0.0,2.0,0.0,South,2017/2018,CASHMERE AVENUE,RANUI CRESCENT,,Non-Injury Crash,No,2017,0.0,North,0.0,0,0.0,Hill Road,0.0,,0.0,,0.0,Bright sun,2089900,0,0.0,0.0,2.0,0.0,0.0,0.0,0.0,1.0,,0.0,0.0,Wellington Region,Nil,2-way,Sealed,0.0,0.0,0,0.0,50.0,0.0,Null,0.0,0.0,,47,Wellington City,Unknown,0.0,0.0,0.0,0.0,0.0,0.0,Urban,0.0,0.0,0.0,Fine,Null,0
67604082,,575000,0.0,0.0,0.0,1.0,0.0,South,2017/2018,CROYDON ST,ACCESSWAY,,Non-Injury Crash,No,2017,0.0,South,0.0,0,0.0,Hill Road,0.0,,0.0,,0.0,Bright sun,2113400,0,0.0,0.0,2.0,0.0,0.0,0.0,0.0,1.0,,0.0,0.0,Wellington Region,Nil,2-way,Sealed,0.0,0.0,0,0.0,50.0,0.0,Null,0.0,0.0,,47,Wellington City,Unknown,0.0,0.0,0.0,0.0,0.0,0.0,Urban,1.0,0.0,0.0,Fine,Null,0
67604110,,573101,0.0,,0.0,1.0,,Null,2017/2018,SH 1N,WILLIS ST,,Non-Injury Crash,Yes,2017,,North,,0,,Flat,,,,,,Overcast,2131900,0,0.0,0.0,3.0,,,0.0,,,,,,Wellington Region,Nil,1-way,Sealed,,0.0,0,,50.0,,Null,0.0,0.0,,47,Wellington City,Traffic Signals,,,,,0.0,0.0,Urban,1.0,,,Fine,Null,0
67604153,,573000,0.0,0.0,0.0,2.0,0.0,North,2016/2017,WILLIS ST,SH 1N,,Non-Injury Crash,No,2017,0.0,North,0.0,0,0.0,Flat,0.0,,0.0,,0.0,Overcast,2129700,0,0.0,0.0,2.0,0.0,0.0,0.0,0.0,1.0,,0.0,0.0,Wellington Region,Nil,1-way,Sealed,0.0,0.0,0,0.0,50.0,0.0,Null,0.0,0.0,,47,Wellington City,Unknown,0.0,0.0,0.0,0.0,0.0,0.0,Urban,0.0,0.0,0.0,Fine,Null,0
67604187,,573511,1.0,0.0,0.0,1.0,0.0,North,2014/2015,MIDDLETON ROAD,ROWELLS ROAD,,Minor Crash,No,2015,0.0,South,0.0,0,1.0,Hill Road,0.0,,0.0,,0.0,Bright sun,2086502,1,0.0,0.0,2.0,1.0,0.0,0.0,1.0,0.0,,0.0,0.0,Wellington Region,Nil,2-way,Sealed,0.0,0.0,0,0.0,50.0,0.0,Null,0.0,0.0,,47,Wellington City,Unknown,0.0,0.0,0.0,0.0,0.0,0.0,Urban,0.0,0.0,0.0,Fine,Null,0
67604194,,573511,0.0,0.0,0.0,1.0,1.0,North,2017/2018,MIDDLETON ROAD,ROWELLS ROAD,,Non-Injury Crash,No,2017,0.0,South,0.0,0,0.0,Flat,0.0,,0.0,,0.0,Overcast,2086502,0,0.0,0.0,2.0,0.0,0.0,0.0,0.0,0.0,,0.0,0.0,Wellington Region,Nil,2-way,Sealed,0.0,0.0,0,0.0,70.0,0.0,Off,0.0,0.0,,47,Wellington City,Unknown,0.0,0.0,0.0,0.0,0.0,0.0,Urban,0.0,0.0,0.0,Fine,Null,0
67604282,,574500,0.0,0.0,0.0,0.0,0.0,North,2016/2017,SH 1N,AOTEA ON NBD,,Minor Crash,Yes,2017,0.0,North,0.0,0,0.0,Hill Road,1.0,,0.0,,0.0,Bright sun,2093600,1,0.0,0.0,4.0,0.0,0.0,0.0,0.0,0.0,,0.0,0.0,Wellington Region,Nil,1-way,Sealed,0.0,0.0,0,0.0,100.0,0.0,Null,0.0,0.0,,47,Wellington City,Unknown,0.0,0.0,0.0,0.0,0.0,0.0,Open,1.0,0.0,0.0,Fine,Strong wind,0
67604330,,572600,0.0,,0.0,3.0,,South,2017/2018,MAIN ROAD,MCLELLAN ST,,Minor Crash,No,2017,,North,,0,,Flat,,,,,,Overcast,1990700,1,0.0,0.0,2.0,,,0.0,,,,,,Wellington Region,Nil,2-way,Sealed,,0.0,0,,50.0,,Null,0.0,0.0,,47,Wellington City,Unknown,,,,,0.0,0.0,Urban,0.0,,,Light rain,Null,0
67604374,,573000,0.0,0.0,0.0,2.0,0.0,East,2017/2018,MACDONALD CRESCENT,THE TERRACE,,Non-Injury Crash,No,2017,0.0,West,0.0,0,0.0,Hill Road,0.0,,0.0,,0.0,Dark,2128700,0,0.0,0.0,2.0,0.0,0.0,0.0,0.0,1.0,,0.0,0.0,Wellington Region,Nil,2-way,Sealed,0.0,0.0,0,0.0,50.0,0.0,On,0.0,0.0,,47,Wellington City,Unknown,0.0,0.0,0.0,0.0,0.0,0.0,Urban,0.0,0.0,0.0,Heavy rain,Null,0
67604454,,573400,0.0,0.0,0.0,0.0,0.0,North,2016/2017,BROUGHAM ST,LEVY ST,,Non-Injury Crash,No,2017,0.0,North,0.0,0,0.0,Hill Road,0.0,,0.0,,0.0,Dark,2139800,0,0.0,0.0,2.0,0.0,0.0,0.0,0.0,1.0,,0.0,0.0,Wellington Region,Nil,2-way,Sealed,0.0,0.0,0,0.0,50.0,0.0,On,1.0,0.0,,47,Wellington City,Unknown,0.0,0.0,0.0,0.0,0.0,0.0,Urban,1.0,0.0,0.0,Null,Null,0
67604466,,576901,0.0,,0.0,2.0,,Null,2016/2017,TROY ST,KEMP ST,,Non-Injury Crash,No,2017,,North,,0,,Flat,,,,,,Bright sun,2177000,0,0.0,0.0,4.0,,,0.0,,,,,,Wellington Region,Nil,2-way,Sealed,,0.0,0,,50.0,,Null,0.0,0.0,,47,Wellington City,Give way,,,,,0.0,0.0,Urban,0.0,,,Fine,Null,0
67604545,,576903,0.0,,0.0,2.0,,Null,2017/2018,SH 1N,RUAHINE ST,,Minor Crash,Yes,2017,,North,,0,,Flat,,,,,,Bright sun,2180400,1,0.0,0.0,2.0,,,0.0,,,,,,Wellington Region,Nil,2-way,Sealed,,0.0,0,,50.0,,Null,0.0,0.0,,47,Wellington City,Nil,,,,,0.0,0.0,Urban,0.0,,,Fine,Null,0
67604582,,576400,0.0,,0.0,2.0,,Null,2017/2018,RIDDIFORD ST,MEIN ST,,Non-Injury Crash,No,2017,,South,,0,,Flat,,,,,,Dark,2166900,0,0.0,0.0,4.0,,,0.0,,,,,,Wellington Region,Nil,2-way,Sealed,,0.0,0,,50.0,,On,0.0,0.0,,47,Wellington City,Traffic Signals,,,,,0.0,0.0,Urban,0.0,,,Fine,Null,0
67604809,,572900,0.0,0.0,0.0,1.0,0.0,North,2016/2017,MUSEUM ST,BOWEN ST,,Non-Injury Crash,No,2016,0.0,South,0.0,0,0.0,Flat,0.0,,0.0,,0.0,Overcast,2122400,0,0.0,0.0,2.0,0.0,0.0,0.0,0.0,0.0,,0.0,0.0,Wellington Region,Nil,2-way,Sealed,0.0,0.0,0,0.0,50.0,0.0,Null,0.0,0.0,,47,Wellington City,Unknown,0.0,1.0,0.0,0.0,0.0,0.0,Urban,0.0,0.0,0.0,Heavy rain,Null,0
67604810,,576301,0.0,0.0,0.0,2.0,0.0,South,2016/2017,RINTOUL ST,RIDDIFORD ST,,Non-Injury Crash,No,2017,0.0,North,0.0,0,0.0,Flat,0.0,,0.0,,0.0,Dark,2164700,0,0.0,0.0,2.0,0.0,0.0,0.0,0.0,1.0,,0.0,0.0,Wellington Region,Nil,2-way,Sealed,0.0,0.0,0,0.0,50.0,0.0,On,0.0,0.0,,47,Wellington City,Unknown,0.0,0.0,0.0,0.0,0.0,0.0,Urban,0.0,0.0,0.0,Fine,Null,0
67604894,,576903,0.0,,0.0,2.0,,Null,2016/2017,GOA ST,MOXHAM AVENUE,,Non-Injury Crash,No,2017,,East,,0,,Flat,,,,,,Bright sun,2180700,0,0.0,0.0,2.0,,,0.0,,,,,,Wellington Region,Nil,2-way,Sealed,,0.0,0,,50.0,,Null,0.0,1.0,,47,Wellington City,Stop,,,,,0.0,0.0,Urban,0.0,,,Fine,Null,0
67604978,,573300,0.0,0.0,0.0,1.0,0.0,Null,2018/2019,SH 1N,BUCKLE ST,,Minor Crash,Yes,2018,0.0,South,0.0,0,0.0,Flat,0.0,,0.0,,0.0,Dark,2145602,1,0.0,0.0,3.0,0.0,0.0,0.0,0.0,0.0,,0.0,0.0,Wellington Region,Nil,1-way,Sealed,0.0,0.0,0,0.0,50.0,0.0,On,0.0,0.0,,47,Wellington City,Give way,0.0,0.0,0.0,1.0,0.0,0.0,Urban,0.0,0.0,0.0,Fine,Null,0
67605049,,577200,0.0,,0.0,2.0,,Null,2016/2017,IRA ST,OTAKI ST,,Non-Injury Crash,No,2016,,West,,0,,Flat,,,,,,Overcast,2208500,0,0.0,0.0,2.0,,,0.0,,,,,,Wellington Region,Nil,2-way,Sealed,,0.0,0,,50.0,,Null,0.0,0.0,,47,Wellington City,Give way,,,,,0.0,0.0,Urban,0.0,,,Fine,Null,0
67605073,,572900,0.0,,0.0,1.0,,North,2016/2017,SH 1N,AOTEA OFF SBD,,Non-Injury Crash,Yes,2016,,South,,0,,Flat,,,,,,Bright sun,2118400,0,0.0,0.0,3.0,,,0.0,,,,,,Wellington Region,Nil,1-way,Sealed,,0.0,0,,100.0,,Null,0.0,0.0,80.0,47,Wellington City,Unknown,,,,,1.0,0.0,Open,1.0,,,Fine,Null,0
67605185,,575300,0.0,0.0,0.0,1.0,0.0,West,2016/2017,KELBURN PARADE,SALAMANCA ROAD,,Non-Injury Crash,No,2017,0.0,North,0.0,0,0.0,Flat,0.0,,0.0,,0.0,Overcast,2154400,0,0.0,0.0,2.0,0.0,1.0,0.0,0.0,0.0,,0.0,0.0,Wellington Region,Nil,2-way,Sealed,0.0,0.0,0,0.0,50.0,0.0,Null,0.0,0.0,,47,Wellington City,Unknown,0.0,0.0,0.0,0.0,0.0,0.0,Urban,0.0,0.0,0.0,Fine,Strong wind,0
67605214,,575600,0.0,,0.0,2.0,,Null,2017/2018,OHIRO ROAD,TODMAN ST,,Non-Injury Crash,No,2017,,North,,0,,Hill Road,,,,,,Dark,2161700,0,0.0,0.0,2.0,,,0.0,,,,,,Wellington Region,Nil,2-way,Sealed,,0.0,0,,30.0,,On,0.0,0.0,,47,Wellington City,Traffic Signals,,,,,0.0,0.0,Urban,0.0,,,Fine,Null,0
67605217,,576800,0.0,0.0,0.0,3.0,0.0,North,2016/2017,WAIPAPA ROAD,HUIA ROAD,,Minor Crash,No,2017,0.0,North,0.0,0,0.0,Hill Road,0.0,,0.0,,0.0,Dark,2183700,1,0.0,0.0,2.0,0.0,0.0,0.0,0.0,2.0,,0.0,0.0,Wellington Region,Nil,2-way,Sealed,0.0,0.0,0,0.0,50.0,0.0,On,0.0,0.0,,47,Wellington City,Unknown,0.0,0.0,0.0,0.0,0.0,0.0,Urban,0.0,0.0,0.0,Fine,Strong wind,0
67605249,,577700,1.0,,0.0,0.0,,North,2016/2017,MAKARA ROAD,MAKARA SUM,,Serious Crash,No,2017,,North,,0,,Hill Road,,,,,,Bright sun,2110001,0,0.0,0.0,2.0,,,0.0,,,,,,Wellington Region,Nil,2-way,Sealed,,0.0,1,,50.0,,Null,1.0,0.0,,47,Wellington City,Nil,,,,,0.0,0.0,Urban,0.0,,,Fine,Null,0