OBJECTID,advisorySpeed,areaUnitID,bicycle,bridge,bus,carStationWagon,cliffBank,crashDirectionDescription,crashFinancialYear,crashLocation1,crashLocation2,crashRoadSideRoad,crashSeverity,crashSHDescription,crashYear,debris,directionRoleDescription,ditch,fatalCount,fence,flatHill,guardRail,holiday,houseOrBuilding,intersection,kerb,light,meshblockId,minorInjuryCount,moped,motorcycle,NumberOfLanes,objectThrownOrDropped,otherObject,otherVehicleType,overBank,parkedVehicle,pedestrian,phoneBoxEtc,postOrPole,region,roadCharacter,roadLane,roadSurface,roadworks,schoolBus,seriousInjuryCount,slipOrFlood,speedLimit,strayAnimal,streetLight,suv,taxi,temporarySpeedLimit,tlaId,tlaName,trafficControl,trafficIsland,trafficSign,train,tree,truck,unknownVehicleType,urban,vanOrUtility,vehicle,waterRiver,weatherA,weatherB,if_pandemic
67605305,,574401,0.0,0.0,0.0,1.0,0.0,Null,2015/2016,AMAPUR DRIVE,KANDY CRESCENT,,Non-Injury Crash,No,2016,0.0,South,0.0,0,0.0,Hill Road,0.0,,0.0,,0.0,Dark,2094400,0,0.0,0.0,2.0,0.0,0.0,0.0,0.0,0.0,,0.0,0.0,Wellington Region,Nil,2-way,Sealed,0.0,0.0,0,0.0,50.0,0.0,On,0.0,0.0,,47,Wellington City,Nil,0.0,0.0,0.0,1.0,0.0,0.0,Urban,0.0,0.0,0.0,Fine,Null,0
67605321,,576903,0.0,,0.0,3.0,,North,2015/2016,SH 1N,WELLINGTON ROAD,,Non-Injury Crash,Yes,2016,,North,,0,,Flat,,,,,,Bright sun,2180601,0,0.0,0.0,2.0,,,0.0,,,,,,Wellington Region,Nil,2-way,Sealed,,0.0,0,,70.0,,Null,0.0,0.0,,47,Wellington City,Unknown,,,,,0.0,0.0,Urban,0.0,,,Fine,Null,0
67605466,,572900,0.0,,0.0,1.0,,Null,2017/2018,TINAKORI ROAD,HARRIETT ST,,Serious Crash,No,2017,,South,,0,,Hill Road,,,,,,Bright sun,2123100,1,0.0,0.0,2.0,,,0.0,,,2.0,,,Wellington Region,Nil,2-way,Sealed,,0.0,1,,50.0,,Null,0.0,0.0,,47,Wellington City,Traffic Signals,,,,,0.0,0.0,Urban,0.0,,,Fine,Null,0
67605485,,576800,1.0,0.0,1.0,0.0,0.0,Null,2015/2016,TAURIMA ST,SH 1N,,Minor Crash,No,2015,0.0,West,0.0,0,0.0,Hill Road,1.0,,0.0,,0.0,Bright sun,2181900,1,0.0,0.0,2.0,0.0,0.0,0.0,0.0,0.0,,0.0,0.0,Wellington Region,Nil,2-way,Sealed,0.0,0.0,0,0.0,50.0,0.0,Null,0.0,0.0,,47,Wellington City,Give way,0.0,0.0,0.0,0.0,0.0,0.0,Urban,0.0,0.0,0.0,Fine,Null,0
67605537,,573400,0.0,,0.0,1.0,,South,2016/2017,SH 1N,PIRIE ST,,Non-Injury Crash,Yes,2016,,South,,0,,Flat,,,,,,Bright sun,2143400,0,1.0,0.0,2.0,,,0.0,,,,,,Wellington Region,Nil,2-way,Sealed,,0.0,0,,50.0,,Null,0.0,0.0,,47,Wellington City,Unknown,,,,,0.0,0.0,Urban,0.0,,,Fine,Null,0
67605577,,574402,1.0,0.0,0.0,1.0,0.0,South,2016/2017,OTTAWA ROAD,AWARUA ST,,Minor Crash,No,2017,0.0,North,0.0,0,0.0,Flat,0.0,,0.0,,0.0,Bright sun,2096400,1,0.0,0.0,2.0,0.0,0.0,0.0,0.0,1.0,,0.0,0.0,Wellington Region,Nil,2-way,Sealed,0.0,0.0,0,0.0,30.0,0.0,Null,0.0,0.0,,47,Wellington City,Unknown,0.0,0.0,0.0,0.0,0.0,0.0,Urban,0.0,0.0,0.0,Fine,Null,0
67605585,,576901,0.0,,0.0,2.0,,South,2016/2017,EVANS BAY PARADE,SH 1N,,Non-Injury Crash,No,2017,,North,,0,,Flat,,,,,,Bright sun,2177800,0,0.0,0.0,2.0,,,0.0,,,,,,Wellington Region,Nil,2-way,Sealed,,0.0,0,,50.0,,Null,0.0,0.0,,47,Wellington City,Traffic Signals,,,,,0.0,0.0,Urban,0.0,,,Fine,Null,0
67605634,,575200,0.0,,0.0,1.0,,North,2017/2018,NORTHLAND ROAD,GLENMORE ST,,Non-Injury Crash,No,2017,,South,,0,,Hill Road,,,,,,Bright sun,2149900,0,0.0,0.0,2.0,,,0.0,,,1.0,,,Wellington Region,Nil,2-way,Sealed,,0.0,0,,50.0,,Null,0.0,0.0,,47,Wellington City,Unknown,,,,,0.0,0.0,Urban,0.0,,,Fine,Null,0
67605817,,573000,0.0,0.0,0.0,0.0,0.0,South,2016/2017,SH 1N,SOUTH PORTAL,,Non-Injury Crash,Yes,2016,0.0,North,0.0,0,0.0,Hill Road,0.0,,0.0,,0.0,Dark,2130100,0,0.0,0.0,2.0,1.0,0.0,0.0,0.0,0.0,,0.0,0.0,Wellington Region,Nil,1-way,Sealed,0.0,0.0,0,0.0,70.0,0.0,On,0.0,0.0,,47,Wellington City,Unknown,0.0,0.0,0.0,0.0,0.0,0.0,Urban,1.0,0.0,0.0,Fine,Null,0
67605830,,573700,0.0,0.0,0.0,0.0,0.0,Null,2016/2017,JOHNSONVILLE ROAD,FRASER AVENUE,,Non-Injury Crash,No,2017,0.0,North,0.0,0,0.0,Flat,0.0,,0.0,,0.0,Overcast,2083400,0,0.0,0.0,2.0,0.0,0.0,0.0,0.0,0.0,,0.0,0.0,Wellington Region,Nil,2-way,Sealed,0.0,0.0,0,0.0,50.0,0.0,Null,0.0,0.0,,47,Wellington City,Traffic Signals,0.0,1.0,0.0,0.0,1.0,0.0,Urban,0.0,0.0,0.0,Fine,Null,0
67605942,,576600,1.0,,0.0,1.0,,West,2016/2017,ORIENTAL PARADE,ORIENTAL TERRACE,,Non-Injury Crash,No,2017,,East,,0,,Flat,,,,,,Bright sun,2137900,0,0.0,0.0,2.0,,,0.0,,,,,,Wellington Region,Nil,2-way,Sealed,,0.0,0,,40.0,,Null,0.0,0.0,,47,Wellington City,Unknown,,,,,0.0,0.0,Urban,0.0,,,Fine,Null,0
67605954,,572900,0.0,,1.0,1.0,,North,2017/2018,THORNDON QUAY,DAVIS ST,,Non-Injury Crash,No,2017,,North,,0,,Flat,,,,,,Dark,2118001,0,0.0,0.0,2.0,,,0.0,,,,,,Wellington Region,Nil,2-way,Sealed,,0.0,0,,50.0,,On,0.0,0.0,,47,Wellington City,Unknown,,,,,0.0,0.0,Urban,0.0,,,Light rain,Null,0
67606086,,575300,0.0,0.0,0.0,3.0,0.0,North,2018/2019,SALAMANCA ROAD,CLERMONT TERRACE,,Minor Crash,No,2018,0.0,South,0.0,0,0.0,Hill Road,0.0,,0.0,,0.0,Bright sun,2153400,1,0.0,0.0,2.0,0.0,0.0,0.0,0.0,1.0,,0.0,0.0,Wellington Region,Nil,2-way,Sealed,0.0,0.0,0,0.0,50.0,0.0,Null,0.0,0.0,,47,Wellington City,Unknown,0.0,0.0,0.0,0.0,0.0,0.0,Urban,0.0,0.0,0.0,Fine,Null,0
67606126,,573300,0.0,0.0,0.0,2.0,0.0,South,2017/2018,TASMAN ST,HOWARD ST,,Non-Injury Crash,No,2018,0.0,South,0.0,0,0.0,Hill Road,0.0,,0.0,,0.0,Dark,2146300,0,0.0,0.0,2.0,0.0,0.0,0.0,0.0,1.0,,0.0,0.0,Wellington Region,Nil,2-way,Sealed,0.0,0.0,0,0.0,50.0,0.0,On,0.0,0.0,,47,Wellington City,Unknown,0.0,0.0,0.0,0.0,0.0,0.0,Urban,1.0,0.0,0.0,Fine,Null,0
67606129,,574002,0.0,0.0,0.0,2.0,0.0,East,2017/2018,SH 2,NGAURANGA ON NBD,,Serious Crash,Yes,2017,0.0,East,0.0,0,0.0,Flat,2.0,,0.0,,0.0,Overcast,2078302,2,0.0,0.0,2.0,0.0,0.0,0.0,0.0,0.0,,0.0,0.0,Wellington Region,Nil,1-way,Sealed,0.0,0.0,1,0.0,100.0,0.0,Null,0.0,0.0,,47,Wellington City,Unknown,0.0,0.0,0.0,0.0,0.0,0.0,Open,0.0,0.0,0.0,Light rain,Null,0
67606130,,572702,0.0,,0.0,1.0,,North,2017/2018,SH 1N,PED SUBWAY,,Non-Injury Crash,Yes,2017,,South,,0,,Flat,,,,,,Dark,1996202,0,0.0,0.0,2.0,,,0.0,,,,,,Wellington Region,Nil,1-way,Sealed,,0.0,0,,100.0,,None,0.0,0.0,80.0,47,Wellington City,Unknown,,,,,1.0,0.0,Open,0.0,,,Heavy rain,Strong wind,0
67606230,,577200,0.0,0.0,0.0,3.0,0.0,West,2017/2018,MIRAMAR AVENUE,STONE ST,,Non-Injury Crash,No,2017,0.0,West,0.0,0,0.0,Flat,0.0,,0.0,,0.0,Overcast,2206200,0,0.0,0.0,2.0,0.0,0.0,0.0,0.0,1.0,,0.0,0.0,Wellington Region,Nil,2-way,Sealed,0.0,0.0,0,0.0,30.0,0.0,Off,0.0,0.0,,47,Wellington City,Nil,0.0,0.0,0.0,0.0,0.0,0.0,Urban,0.0,0.0,0.0,Fine,Null,0
67606249,,574303,0.0,0.0,1.0,1.0,0.0,South,2016/2017,SH 1N,NEWLANDS OFF NBD,,Non-Injury Crash,Yes,2017,0.0,North,0.0,0,0.0,Hill Road,1.0,,0.0,,0.0,Overcast,2084302,0,0.0,0.0,4.0,0.0,0.0,0.0,0.0,0.0,,0.0,0.0,Wellington Region,Nil,1-way,Sealed,0.0,0.0,0,0.0,80.0,0.0,Null,0.0,0.0,,47,Wellington City,Unknown,0.0,0.0,0.0,0.0,0.0,0.0,Open,0.0,0.0,0.0,Light rain,Null,0
67606314,,574002,0.0,1.0,0.0,0.0,0.0,East,2017/2018,CENTENNIAL SBD,SH 1N,,Non-Injury Crash,Yes,2018,0.0,East,0.0,0,0.0,Hill Road,0.0,,0.0,,0.0,Dark,2078302,0,0.0,0.0,1.0,0.0,0.0,0.0,0.0,0.0,,0.0,0.0,Wellington Region,Bridge,1-way,Sealed,0.0,0.0,0,0.0,80.0,0.0,On,0.0,0.0,,47,Wellington City,Unknown,0.0,0.0,0.0,0.0,1.0,0.0,Open,0.0,0.0,0.0,Fine,Null,0
67606449,,573200,0.0,0.0,0.0,1.0,0.0,West,2016/2017,BROOKLYN ROAD,NAIRN ST,,Non-Injury Crash,No,2017,0.0,North,0.0,0,0.0,Hill Road,0.0,,1.0,,0.0,Dark,2159204,0,0.0,0.0,2.0,0.0,0.0,0.0,0.0,0.0,,0.0,0.0,Wellington Region,Nil,2-way,Sealed,0.0,0.0,0,0.0,50.0,0.0,On,0.0,0.0,,47,Wellington City,Unknown,0.0,0.0,0.0,0.0,0.0,0.0,Urban,0.0,0.0,0.0,Heavy rain,Null,0
67606602,,573513,0.0,,0.0,0.0,,North,2018/2019,MIDDLETON ROAD,HALSWATER DRIVE,,Serious Crash,No,2018,,South,,0,,Flat,,,,,,Overcast,2086605,0,1.0,0.0,2.0,,,0.0,,,,,,Wellington Region,Nil,2-way,Sealed,,0.0,1,,50.0,,Null,1.0,0.0,,47,Wellington City,Pointsman,,,,,0.0,0.0,Urban,0.0,,,Fine,Null,0
67606610,,573101,1.0,,0.0,1.0,,South,2017/2018,TARANAKI ST,JESSIE ST,,Minor Crash,No,2018,,South,,0,,Flat,,,,,,Dark,2133700,1,0.0,0.0,5.0,,,0.0,,,,,,Wellington Region,Nil,2-way,Sealed,,0.0,0,,50.0,,On,0.0,0.0,,47,Wellington City,Nil,,,,,0.0,0.0,Urban,0.0,,,Light rain,Null,0
67606614,,573526,0.0,,0.0,3.0,,West,2017/2018,SH 2,HOROKIWI ROAD,,Non-Injury Crash,Yes,2017,,West,,0,,Flat,,,,,,Overcast,2086403,0,0.0,0.0,2.0,,,0.0,,,,,,Wellington Region,Nil,1-way,Sealed,,0.0,0,,100.0,,Null,0.0,0.0,,47,Wellington City,Unknown,,,,,0.0,0.0,Open,0.0,,,Fine,Null,0
67606626,45.0,574100,0.0,0.0,0.0,0.0,0.0,West,2017/2018,NEWLANDS OFF NBD,NEWLANDS LOOP,,Serious Crash,Yes,2017,0.0,West,0.0,0,0.0,Hill Road,0.0,,0.0,,0.0,Bright sun,2084600,0,0.0,1.0,1.0,0.0,0.0,0.0,0.0,0.0,,0.0,0.0,Wellington Region,Motorway ramp,1-way,Sealed,0.0,0.0,1,0.0,80.0,0.0,Null,0.0,0.0,,47,Wellington City,Unknown,0.0,0.0,0.0,1.0,0.0,0.0,Open,0.0,0.0,0.0,Fine,Null,0
67606657,,576002,0.0,0.0,0.0,0.0,0.0,North,2016/2017,TIBER ST,LIFFEY ST,,Non-Injury Crash,No,2016,0.0,West,0.0,0,0.0,Flat,0.0,,0.0,,0.0,Bright sun,2191000,0,0.0,0.0,2.0,0.0,0.0,0.0,0.0,1.0,,0.0,0.0,Wellington Region,Nil,2-way,Sealed,0.0,0.0,0,0.0,50.0,0.0,Null,0.0,0.0,,47,Wellington City,Unknown,0.0,0.0,0.0,0.0,0.0,0.0,Urban,2.0,0.0,0.0,Fine,Null,0
67606673,,573101,0.0,,0.0,1.0,,North,2016/2017,BLAIR ST,COURTENAY PLACE,,Non-Injury Crash,No,2016,,North,,0,,Flat,,,,,,Dark,2135700,0,0.0,0.0,2.0,,,0.0,,,,,,Wellington Region,Nil,1-way,Sealed,,0.0,0,,30.0,,On,1.0,0.0,,47,Wellington City,Unknown,,,,,0.0,0.0,Urban,0.0,,,Fine,Null,0
67606710,,573200,0.0,0.0,0.0,2.0,0.0,West,2017/2018,BROOKLYN ROAD,WASHINGTON AVENUE,,Non-Injury Crash,No,2017,0.0,West,0.0,0,0.0,Hill Road,0.0,,0.0,,0.0,Bright sun,2159300,0,0.0,0.0,2.0,0.0,0.0,0.0,0.0,1.0,,0.0,0.0,Wellington Region,Nil,2-way,Sealed,0.0,0.0,0,0.0,50.0,0.0,Null,0.0,0.0,,47,Wellington City,Unknown,0.0,0.0,0.0,0.0,0.0,0.0,Urban,0.0,0.0,0.0,Light rain,Null,0
67606797,,576700,0.0,,1.0,1.0,,North,2017/2018,GRAFTON ROAD,ACCESSWAY,,Non-Injury Crash,No,2017,,North,,0,,Hill Road,,,,,,Bright sun,2186300,0,0.0,0.0,2.0,,,0.0,,,,,,Wellington Region,Nil,2-way,Sealed,,0.0,0,,50.0,,Null,0.0,0.0,,47,Wellington City,Unknown,,,,,0.0,0.0,Urban,0.0,,,Fine,Null,0
67606805,,572500,0.0,0.0,0.0,2.0,0.0,Null,2017/2018,MAIN ROAD,TAWA ST,,Non-Injury Crash,No,2017,0.0,West,0.0,0,1.0,Flat,0.0,,1.0,,0.0,Overcast,1986300,0,0.0,0.0,2.0,0.0,0.0,0.0,0.0,0.0,,0.0,0.0,Wellington Region,Nil,2-way,Sealed,0.0,0.0,0,0.0,50.0,0.0,Null,0.0,0.0,,47,Wellington City,Give way,0.0,0.0,0.0,0.0,0.0,0.0,Urban,0.0,0.0,0.0,Fine,Null,0
67606944,,573000,0.0,0.0,0.0,2.0,0.0,East,2016/2017,HARRIS ST,WALKWAY,,Non-Injury Crash,No,2017,0.0,South,0.0,0,0.0,Flat,0.0,,0.0,,0.0,Bright sun,2127500,0,0.0,0.0,2.0,0.0,0.0,0.0,0.0,1.0,,0.0,0.0,Wellington Region,Nil,2-way,Sealed,0.0,0.0,0,0.0,50.0,0.0,Null,0.0,0.0,,47,Wellington City,Unknown,0.0,0.0,0.0,0.0,0.0,0.0,Urban,0.0,0.0,0.0,Null,Null,0
67607008,,573101,0.0,,0.0,1.0,,Null,2017/2018,TARANAKI ST,SH 1N,,Non-Injury Crash,Yes,2017,,North,,0,,Flat,,,,,,Overcast,2134800,0,0.0,0.0,5.0,,,0.0,,,,,,Wellington Region,Nil,2-way,Sealed,,0.0,0,,50.0,,Null,0.0,0.0,,47,Wellington City,Traffic Signals,,,,,0.0,0.0,Urban,1.0,,,Fine,Null,0
67607020,,573700,0.0,,0.0,1.0,,Null,2017/2018,WANAKA ST,MOOREFIELD ROAD,,Non-Injury Crash,No,2017,,East,,0,,Hill Road,,,,,,Bright sun,2082400,0,0.0,0.0,2.0,,,0.0,,,,,,Wellington Region,Nil,2-way,Sealed,,0.0,0,,50.0,,Null,1.0,0.0,,47,Wellington City,Give way,,,,,0.0,0.0,Urban,0.0,,,Fine,Null,0
67607092,,573700,0.0,,0.0,1.0,,Null,2016/2017,JOHNSONVILLE ROAD,CORLETT ST,,Non-Injury Crash,No,2017,,North,,0,,Hill Road,,,,,,Dark,2083400,0,0.0,0.0,2.0,,,0.0,,,,,,Wellington Region,Nil,2-way,Sealed,,0.0,0,,50.0,,Null,1.0,0.0,,47,Wellington City,Stop,,,,,0.0,0.0,Urban,0.0,,,Fine,Null,0
67607199,,572900,0.0,,0.0,1.0,,Null,2016/2017,SLIP ROAD,AOTEA ON NBD,,Non-Injury Crash,No,2016,,South,,0,,Hill Road,,,,,,Overcast,2118400,0,0.0,0.0,1.0,,,0.0,,,,,,Wellington Region,Nil,2-way,Sealed,,0.0,0,,60.0,,Null,1.0,0.0,,47,Wellington City,Give way,,,,,1.0,0.0,Urban,0.0,,,Fine,Null,0
67607208,,572900,0.0,0.0,0.0,1.0,0.0,Null,2017/2018,BUNNY ST,WATERLOO QUAY,,Non-Injury Crash,No,2017,0.0,North,0.0,0,0.0,Flat,0.0,,0.0,,0.0,Dark,2122700,0,0.0,0.0,4.0,0.0,0.0,0.0,0.0,0.0,,0.0,1.0,Wellington Region,Nil,2-way,Sealed,0.0,0.0,0,0.0,50.0,0.0,On,0.0,0.0,,47,Wellington City,Traffic Signals,1.0,0.0,0.0,0.0,0.0,0.0,Urban,0.0,0.0,0.0,Light rain,Null,0
67607212,,573400,0.0,,0.0,3.0,,West,2016/2017,SH 1N,EAST PORTAL,,Non-Injury Crash,Yes,2017,,West,,0,,Flat,,,,,,Overcast,2143300,0,0.0,0.0,2.0,,,0.0,,,,,,Wellington Region,Nil,2-way,Sealed,,0.0,0,,50.0,,Null,0.0,0.0,,47,Wellington City,Unknown,,,,,0.0,0.0,Urban,0.0,,,Fine,Null,0
67607240,,576002,0.0,,0.0,1.0,,South,2017/2018,THE ESPLANADE,BRIGHTON ST,,Minor Crash,No,2018,,West,,0,,Flat,,,,,,Bright sun,2190003,1,0.0,0.0,2.0,,,0.0,,,1.0,,,Wellington Region,Nil,2-way,Sealed,,0.0,0,,50.0,,Null,0.0,0.0,,47,Wellington City,Unknown,,,,,0.0,0.0,Urban,0.0,,,Fine,Null,0
67607247,,573700,0.0,0.0,0.0,1.0,0.0,Null,2015/2016,MOOREFIELD ROAD,JOHNSONVILLE ROAD,,Non-Injury Crash,No,2016,0.0,East,0.0,0,0.0,Flat,0.0,,0.0,,0.0,Dark,2082300,0,0.0,0.0,2.0,0.0,0.0,0.0,0.0,0.0,,0.0,0.0,Wellington Region,Nil,2-way,Sealed,0.0,0.0,0,0.0,50.0,0.0,On,0.0,0.0,,47,Wellington City,Give way,1.0,1.0,0.0,0.0,0.0,0.0,Urban,0.0,0.0,0.0,Fine,Null,0
67607313,,573522,0.0,0.0,0.0,0.0,0.0,North,2014/2015,SH 1N,TAKAPU RD UPASS NBD,,Minor Crash,Yes,2015,0.0,North,0.0,0,0.0,Flat,1.0,,0.0,,0.0,Overcast,2053703,1,0.0,1.0,4.0,0.0,0.0,0.0,0.0,0.0,,0.0,0.0,Wellington Region,Nil,2-way,Sealed,0.0,0.0,0,0.0,100.0,0.0,Null,0.0,0.0,,47,Wellington City,Unknown,0.0,0.0,0.0,0.0,0.0,0.0,Open,0.0,0.0,0.0,Fine,Null,0
67607348,,574402,0.0,,0.0,1.0,,West,2018/2019,WAIKOWHAI ST,CROFTON ROAD,,Minor Crash,No,2018,,North,,0,,Flat,,,,,,Overcast,2098000,1,1.0,0.0,2.0,,,0.0,,,,,,Wellington Region,Nil,2-way,Sealed,,0.0,0,,50.0,,Null,0.0,0.0,,47,Wellington City,Unknown,,,,,0.0,0.0,Urban,0.0,,,Fine,Null,0
67607400,,577200,0.0,,0.0,1.0,,South,2016/2017,SH 1N,COBHAM DRIVE,,Non-Injury Crash,Yes,2017,,South,,0,,Hill Road,,Easter,,,,Bright sun,2206200,0,0.0,0.0,2.0,,,0.0,,,,,,Wellington Region,Nil,1-way,Sealed,,0.0,0,,70.0,,Null,1.0,0.0,,47,Wellington City,Unknown,,,,,0.0,0.0,Urban,0.0,,,Null,Null,0
67607432,,573300,0.0,0.0,0.0,3.0,0.0,North,2017/2018,TARANAKI ST,HANKEY ST,,Non-Injury Crash,No,2017,0.0,South,0.0,0,0.0,Flat,0.0,,0.0,,0.0,Bright sun,2145300,0,0.0,0.0,2.0,0.0,0.0,0.0,0.0,2.0,,0.0,0.0,Wellington Region,Nil,2-way,Sealed,0.0,0.0,0,0.0,50.0,0.0,Null,0.0,0.0,,47,Wellington City,Unknown,0.0,0.0,0.0,0.0,0.0,0.0,Urban,1.0,0.0,0.0,Fine,Null,0
67607560,,575300,0.0,,0.0,2.0,,North,2017/2018,GLENMORE ST,GARDEN ROAD,,Non-Injury Crash,No,2017,,North,,0,,Hill Road,,,,,,Overcast,2153501,0,0.0,0.0,2.0,,,0.0,,,,,,Wellington Region,Nil,2-way,Sealed,,0.0,0,,50.0,,Null,0.0,0.0,,47,Wellington City,Unknown,,,,,0.0,0.0,Urban,1.0,,,Light rain,Null,0
67607620,,573101,0.0,0.0,1.0,1.0,0.0,South,2017/2018,MANNERS ST,WILLIS ST,,Non-Injury Crash,No,2017,0.0,South,0.0,0,0.0,Flat,0.0,,0.0,,0.0,Overcast,2131300,0,0.0,0.0,2.0,0.0,0.0,0.0,0.0,1.0,,0.0,0.0,Wellington Region,Nil,2-way,Sealed,0.0,0.0,0,0.0,30.0,0.0,Null,0.0,0.0,,47,Wellington City,Unknown,0.0,0.0,0.0,0.0,0.0,0.0,Urban,0.0,0.0,0.0,Fine,Null,0
67607673,,572900,0.0,,0.0,2.0,,North,2014/2015,SH 1N,MURPHY OFF SBD,,Minor Crash,Yes,2015,,South,,0,,Flat,,,,,,Bright sun,2117902,1,0.0,0.0,3.0,,,0.0,,,,,,Wellington Region,Nil,1-way,Sealed,,0.0,0,,80.0,,Null,0.0,0.0,,47,Wellington City,Nil,,,,,0.0,0.0,Open,0.0,,,Fine,Null,0
67607808,,573511,0.0,,0.0,2.0,,Null,2017/2018,MIDDLETON ROAD,WESTCHESTER DRIVE,,Minor Crash,No,2018,,West,,0,,Flat,,,,,,Overcast,2086203,1,0.0,0.0,2.0,,,0.0,,,,,,Wellington Region,Nil,2-way,Sealed,,0.0,0,,50.0,,Null,0.0,0.0,,47,Wellington City,Give way,,,,,0.0,0.0,Urban,0.0,,,Light rain,Null,0
67607824,,573300,0.0,,0.0,2.0,,Null,2016/2017,WEBB ST,TARANAKI ST,,Non-Injury Crash,No,2017,,East,,0,,Flat,,,,,,Dark,2145300,0,0.0,0.0,2.0,,,0.0,,,,,,Wellington Region,Nil,2-way,Sealed,,0.0,0,,50.0,,On,0.0,0.0,,47,Wellington City,Traffic Signals,,,,,0.0,0.0,Urban,0.0,,,Fine,Null,0
67607920,,572600,0.0,0.0,0.0,2.0,0.0,North,2017/2018,MAIN ROAD,ESSEX ST,,Non-Injury Crash,No,2017,0.0,West,0.0,0,0.0,Flat,0.0,,0.0,,0.0,Dark,1990500,0,0.0,0.0,2.0,0.0,0.0,0.0,0.0,1.0,,0.0,0.0,Wellington Region,Nil,2-way,Sealed,0.0,0.0,0,0.0,50.0,0.0,On,0.0,0.0,,47,Wellington City,Unknown,0.0,0.0,0.0,0.0,0.0,0.0,Urban,0.0,0.0,0.0,Null,Null,0
67608092,,573400,0.0,0.0,0.0,1.0,0.0,East,2016/2017,ORIENTAL PARADE,HERD ST,,Non-Injury Crash,No,2017,0.0,West,0.0,0,0.0,Flat,0.0,,0.0,,0.0,Overcast,2138400,0,0.0,0.0,2.0,0.0,0.0,0.0,0.0,1.0,,0.0,0.0,Wellington Region,Nil,2-way,Sealed,0.0,0.0,0,0.0,40.0,0.0,Null,0.0,0.0,,47,Wellington City,Unknown,0.0,0.0,0.0,0.0,0.0,0.0,Urban,1.0,0.0,0.0,Fine,Null,0
67608172,,573000,0.0,,0.0,1.0,,South,2017/2018,SH 1N,AURORA TERRACE OBR,,Non-Injury Crash,Yes,2018,,South,,0,,Flat,,,,,,Overcast,2124900,0,0.0,0.0,1.0,,,0.0,,,,,,Wellington Region,Nil,1-way,Sealed,,0.0,0,,100.0,,Null,1.0,0.0,,47,Wellington City,Unknown,,,,,0.0,0.0,Open,0.0,,,Fine,Null,0
67608204,,575500,0.0,,0.0,1.0,,South,2016/2017,RAROA ROAD,MOUNT PLEASANT ROAD,,Non-Injury Crash,No,2017,,North,,0,,Hill Road,,,,,,Dark,2156400,0,0.0,0.0,2.0,,,0.0,,,,,,Wellington Region,Nil,2-way,Sealed,,0.0,0,,50.0,,On,0.0,0.0,,47,Wellington City,Unknown,,,,,0.0,0.0,Urban,0.0,,,Fine,Null,0
67608232,,573000,0.0,0.0,0.0,1.0,0.0,South,2017/2018,WILLIS ST,DIXON ST,,Non-Injury Crash,No,2017,0.0,South,0.0,0,0.0,Flat,0.0,,0.0,,0.0,Bright sun,2130700,0,0.0,0.0,2.0,0.0,0.0,0.0,0.0,1.0,,0.0,0.0,Wellington Region,Nil,1-way,Sealed,0.0,0.0,0,0.0,50.0,0.0,Null,0.0,0.0,,47,Wellington City,Unknown,0.0,0.0,0.0,0.0,0.0,0.0,Urban,1.0,0.0,0.0,Null,Null,0
67608255,,574500,0.0,,0.0,2.0,,North,2015/2016,AOTEA ON NBD,SH 1N,,Non-Injury Crash,Yes,2015,,North,,0,,Hill Road,,,,,,Overcast,2093600,0,0.0,0.0,1.0,,,0.0,,,,,,Wellington Region,Motorway ramp,1-way,Sealed,,0.0,0,,80.0,,Null,0.0,0.0,,47,Wellington City,Unknown,,,,,0.0,0.0,Open,1.0,,,Light rain,Null,0
67608256,45.0,573802,0.0,0.0,0.0,1.0,0.0,South,2016/2017,JOHNSONVILLE OFF SBD,SH 1N,,Non-Injury Crash,Yes,2017,0.0,South,0.0,0,0.0,Flat,0.0,Queens Birthday,0.0,,0.0,Overcast,2079100,0,0.0,0.0,1.0,0.0,0.0,0.0,0.0,0.0,,0.0,0.0,Wellington Region,Motorway ramp,1-way,Sealed,0.0,0.0,0,0.0,100.0,0.0,Null,0.0,0.0,,47,Wellington City,Unknown,0.0,1.0,0.0,0.0,0.0,0.0,Open,0.0,0.0,0.0,Fine,Null,0
67608359,,573600,0.0,0.0,0.0,0.0,0.0,East,2014/2015,OHARIU ROAD,IRONSIDE ROAD,,Serious Crash,No,2015,0.0,North,0.0,0,1.0,Flat,0.0,,0.0,,0.0,Bright sun,2080000,0,0.0,1.0,2.0,0.0,0.0,0.0,0.0,0.0,,0.0,0.0,Wellington Region,Nil,2-way,Sealed,0.0,0.0,1,0.0,50.0,0.0,Null,0.0,0.0,,47,Wellington City,Nil,0.0,1.0,0.0,0.0,0.0,0.0,Urban,0.0,0.0,0.0,Fine,Null,0
67608375,,573000,1.0,,0.0,1.0,,South,2015/2016,WILLIS ST,ELLERS AVENUE,,Serious Crash,No,2015,,North,,0,,Flat,,,,,,Bright sun,2128500,0,0.0,0.0,2.0,,,0.0,,,,,,Wellington Region,Nil,2-way,Sealed,,0.0,1,,50.0,,Null,0.0,0.0,,47,Wellington City,Nil,,,,,0.0,0.0,Urban,0.0,,,Fine,Null,0
67608388,,573526,0.0,0.0,0.0,1.0,0.0,North,2017/2018,SH 2,RAILYARD ENTRY,,Minor Crash,Yes,2018,0.0,East,0.0,0,0.0,Flat,1.0,,0.0,,0.0,Dark,2077503,1,0.0,0.0,4.0,0.0,0.0,0.0,0.0,0.0,,0.0,0.0,Wellington Region,Nil,2-way,Sealed,0.0,0.0,0,0.0,100.0,0.0,On,0.0,0.0,,47,Wellington City,Unknown,0.0,0.0,0.0,0.0,0.0,0.0,Open,0.0,0.0,0.0,Light rain,Strong wind,0