OBJECTID,advisorySpeed,areaUnitID,bicycle,bridge,bus,carStationWagon,cliffBank,crashDirectionDescription,crashFinancialYear,crashLocation1,crashLocation2,crashRoadSideRoad,crashSeverity,crashSHDescription,crashYear,debris,directionRoleDescription,ditch,fatalCount,fence,flatHill,guardRail,holiday,houseOrBuilding,intersection,kerb,light,meshblockId,minorInjuryCount,moped,motorcycle,NumberOfLanes,objectThrownOrDropped,otherObject,otherVehicleType,overBank,parkedVehicle,pedestrian,phoneBoxEtc,postOrPole,region,roadCharacter,roadLane,roadSurface,roadworks,schoolBus,seriousInjuryCount,slipOrFlood,speedLimit,strayAnimal,streetLight,suv,taxi,temporarySpeedLimit,tlaId,tlaName,trafficControl,trafficIsland,trafficSign,train,tree,truck,unknownVehicleType,urban,vanOrUtility,vehicle,waterRiver,weatherA,weatherB,if_pandemic
67608472,,575600,0.0,0.0,0.0,2.0,0.0,Null,2016/2017,WASHINGTON AVENUE,CLEVELAND ST,,Non-Injury Crash,No,2017,0.0,East,0.0,0,0.0,Hill Road,0.0,,0.0,,0.0,Bright sun,2162100,0,0.0,0.0,2.0,0.0,0.0,0.0,0.0,1.0,,0.0,0.0,Wellington Region,Nil,2-way,Sealed,0.0,0.0,0,0.0,50.0,0.0,Null,0.0,0.0,,47,Wellington City,Stop,0.0,0.0,0.0,0.0,0.0,0.0,Urban,0.0,0.0,0.0,Fine,Null,0
67608528,,573526,0.0,,0.0,2.0,,East,2017/2018,SH 2,RAILYARD ENTRY,,Non-Injury Crash,Yes,2017,,West,,0,,Flat,,,,,,Overcast,2077503,0,0.0,0.0,2.0,,,0.0,,,,,,Wellington Region,Nil,1-way,Sealed,,0.0,0,,100.0,,Off,0.0,0.0,,47,Wellington City,Unknown,,,,,0.0,0.0,Open,0.0,,,Fine,Null,0
67608548,,573300,0.0,,0.0,1.0,,West,2017/2018,BUCKLE ST,CAMBRIDGE TERRACE,,Non-Injury Crash,No,2017,,North,,0,,Flat,,,,,,Dark,2145602,0,0.0,0.0,3.0,,,0.0,,,,,,Wellington Region,Nil,1-way,Sealed,,0.0,0,,50.0,,On,1.0,1.0,,47,Wellington City,Unknown,,,,,0.0,0.0,Urban,0.0,,,Fine,Null,0
67608575,,574100,0.0,0.0,0.0,2.0,0.0,South,2017/2018,FRASER AVENUE,JOHNSONVILLE ROAD,,Non-Injury Crash,No,2018,0.0,South,0.0,0,0.0,Hill Road,0.0,,0.0,,0.0,Bright sun,2084600,0,0.0,0.0,2.0,0.0,0.0,0.0,0.0,1.0,,0.0,0.0,Wellington Region,Nil,2-way,Sealed,0.0,0.0,0,0.0,50.0,0.0,Null,0.0,0.0,,47,Wellington City,Unknown,0.0,0.0,0.0,0.0,0.0,0.0,Urban,0.0,0.0,0.0,Fine,Null,0
67608686,,574600,0.0,0.0,0.0,0.0,1.0,West,2015/2016,LENNEL ROAD,BARNARD ST,,Non-Injury Crash,No,2015,0.0,West,0.0,0,0.0,Hill Road,0.0,,0.0,,0.0,Bright sun,2099400,0,0.0,0.0,2.0,0.0,0.0,0.0,0.0,0.0,,0.0,0.0,Wellington Region,Nil,2-way,Sealed,0.0,0.0,0,0.0,50.0,0.0,Null,0.0,0.0,,47,Wellington City,Unknown,0.0,0.0,0.0,0.0,1.0,0.0,Urban,0.0,0.0,0.0,Fine,Null,0
67608775,,572600,0.0,,0.0,1.0,,North,2017/2018,VICTORY CRESCENT,HAMPTON HILL ROAD,,Serious Crash,No,2018,,South,,0,,Hill Road,,,,,,Overcast,1991600,0,0.0,0.0,2.0,,,0.0,,,1.0,,,Wellington Region,Nil,2-way,Sealed,,0.0,1,,50.0,,Null,0.0,0.0,,47,Wellington City,Unknown,,,,,0.0,0.0,Urban,0.0,,,Fine,Null,0
67608827,,572900,0.0,,0.0,2.0,,Null,2016/2017,MAY ON NBD,SH 1N,,Non-Injury Crash,Yes,2017,,North,,0,,Flat,,,,,,Overcast,2118500,0,0.0,0.0,1.0,,,0.0,,,,,,Wellington Region,Motorway ramp,1-way,Sealed,,0.0,0,,100.0,,Null,0.0,0.0,,47,Wellington City,Nil,,,,,0.0,0.0,Open,0.0,,,Fine,Null,0
67608906,,576903,0.0,,0.0,2.0,,East,2017/2018,SH 1N,EVANS BAY PARADE,,Non-Injury Crash,Yes,2018,,East,,0,,Flat,,,,,,Bright sun,2180200,0,0.0,0.0,2.0,,,0.0,,,,,,Wellington Region,Nil,1-way,Sealed,,0.0,0,,50.0,,Null,0.0,1.0,,47,Wellington City,Traffic Signals,,,,,0.0,0.0,Urban,0.0,,,Fine,Null,0
67608925,,573101,0.0,,0.0,0.0,,Null,2016/2017,TORY ST,WAKEFIELD ST,,Minor Crash,No,2016,,North,,0,,Flat,,,,,,Overcast,2135700,1,0.0,0.0,2.0,,,0.0,,,1.0,,,Wellington Region,Nil,2-way,Sealed,,0.0,0,,50.0,,Null,1.0,0.0,,47,Wellington City,Traffic Signals,,,,,0.0,0.0,Urban,0.0,,,Light rain,Null,0
67608938,,573000,0.0,0.0,0.0,1.0,0.0,East,2017/2018,WILLESTON ST,VICTORIA ST,,Non-Injury Crash,No,2017,0.0,West,0.0,0,0.0,Flat,0.0,,0.0,,0.0,Twilight,2127500,0,0.0,0.0,2.0,0.0,0.0,0.0,0.0,1.0,,0.0,0.0,Wellington Region,Nil,2-way,Sealed,0.0,0.0,0,0.0,50.0,0.0,Off,0.0,0.0,,47,Wellington City,Unknown,0.0,0.0,0.0,0.0,1.0,0.0,Urban,0.0,0.0,0.0,Fine,Null,0
67609014,,576901,0.0,,0.0,1.0,,East,2017/2018,SH 1N,EVANS BAY PARADE,,Non-Injury Crash,Yes,2017,,West,,0,,Flat,,,,,,Overcast,2177800,0,0.0,0.0,2.0,,,0.0,,,,,,Wellington Region,Nil,1-way,Sealed,,0.0,0,,70.0,,Null,1.0,0.0,,47,Wellington City,Traffic Signals,,,,,0.0,0.0,Urban,0.0,,,Fine,Null,0
67609077,,572900,0.0,0.0,0.0,4.0,0.0,North,2015/2016,TINAKORI ROAD,PARK ST,,Non-Injury Crash,No,2015,0.0,South,0.0,0,0.0,Hill Road,0.0,,0.0,,0.0,Bright sun,2118500,0,0.0,0.0,2.0,0.0,0.0,0.0,0.0,1.0,,0.0,0.0,Wellington Region,Nil,2-way,Sealed,0.0,0.0,0,0.0,50.0,0.0,Null,0.0,0.0,,47,Wellington City,Nil,0.0,0.0,0.0,0.0,0.0,0.0,Urban,0.0,0.0,0.0,Fine,Null,0
67609117,,573522,0.0,,0.0,1.0,,Null,2015/2016,TAWA OFF NBD,TAKAPU ROAD,,Non-Injury Crash,Yes,2016,,North,,0,,Flat,,,,,,Overcast,2053703,0,0.0,0.0,2.0,,,0.0,,,,,,Wellington Region,Nil,1-way,Sealed,,0.0,0,,50.0,,Null,0.0,0.0,,47,Wellington City,Give way,,,,,0.0,0.0,Urban,1.0,,,Fine,Null,0
67609138,,572900,0.0,0.0,0.0,2.0,0.0,South,2017/2018,TINAKORI ROAD,UPTON TERRACE,,Non-Injury Crash,No,2017,0.0,North,0.0,0,0.0,Flat,0.0,,0.0,,0.0,Overcast,2123200,0,0.0,0.0,2.0,0.0,0.0,0.0,0.0,1.0,,0.0,0.0,Wellington Region,Nil,2-way,Sealed,0.0,0.0,0,0.0,30.0,0.0,Null,0.0,0.0,,47,Wellington City,Unknown,0.0,0.0,0.0,0.0,0.0,0.0,Urban,0.0,0.0,0.0,Fine,Null,0
67609166,,573802,0.0,0.0,0.0,1.0,1.0,North,2017/2018,CHESTERTON ST,CERES CRESCENT,,Non-Injury Crash,No,2017,0.0,South,0.0,0,1.0,Hill Road,0.0,,0.0,,0.0,Overcast,2078701,0,0.0,0.0,2.0,0.0,0.0,0.0,0.0,0.0,,0.0,0.0,Wellington Region,Nil,2-way,Sealed,0.0,0.0,0,0.0,50.0,0.0,Null,0.0,0.0,,47,Wellington City,Nil,0.0,0.0,0.0,0.0,0.0,0.0,Urban,0.0,0.0,0.0,Fine,Null,0
67609226,,573400,1.0,,0.0,1.0,,Null,2018/2019,SH 1N,SLIP ROAD,,Minor Crash,Yes,2018,,South,,0,,Hill Road,,,,,,Bright sun,2142900,1,0.0,0.0,2.0,,,0.0,,,,,,Wellington Region,Nil,1-way,Sealed,,0.0,0,,50.0,,Null,0.0,0.0,,47,Wellington City,Traffic Signals,,,,,0.0,0.0,Urban,0.0,,,Fine,Null,0
67609254,,573000,0.0,,0.0,1.0,,Null,2017/2018,THE TERRACE,GHUZNEE ST,,Minor Crash,No,2018,,South,,0,,Hill Road,,,,,,Dark,2129400,1,0.0,1.0,2.0,,,0.0,,,,,,Wellington Region,Nil,2-way,Sealed,,0.0,0,,50.0,,Off,0.0,0.0,,47,Wellington City,Stop,,,,,0.0,0.0,Urban,0.0,,,Light rain,Null,0
67609269,,572900,0.0,0.0,0.0,3.0,0.0,South,2014/2015,MOLESWORTH ST,PIPITEA ST,,Non-Injury Crash,No,2015,0.0,North,0.0,0,0.0,Flat,0.0,,0.0,,0.0,Overcast,2121400,0,0.0,0.0,2.0,0.0,0.0,0.0,0.0,1.0,,0.0,0.0,Wellington Region,Nil,1-way,Sealed,0.0,0.0,0,0.0,50.0,0.0,Null,0.0,0.0,,47,Wellington City,Unknown,0.0,0.0,0.0,0.0,0.0,0.0,Urban,0.0,0.0,0.0,Fine,Null,0
67609342,,572600,0.0,0.0,0.0,1.0,0.0,West,2016/2017,ESSEX ST,MAIN ROAD,,Non-Injury Crash,No,2017,0.0,North,0.0,0,0.0,Flat,0.0,,0.0,,0.0,Overcast,1990500,0,0.0,0.0,2.0,0.0,0.0,0.0,0.0,1.0,,0.0,0.0,Wellington Region,Nil,2-way,Sealed,0.0,0.0,0,0.0,50.0,0.0,Null,1.0,0.0,,47,Wellington City,Unknown,0.0,0.0,0.0,0.0,0.0,0.0,Urban,0.0,0.0,0.0,Null,Null,0
67609438,,576301,0.0,,0.0,2.0,,South,2017/2018,RIDDIFORD ST,HOSPITAL MAIN DRIVE,,Non-Injury Crash,No,2017,,South,,0,,Flat,,,,,,Bright sun,2163500,0,0.0,0.0,4.0,,,0.0,,,,,,Wellington Region,Nil,2-way,Sealed,,0.0,0,,50.0,,Null,0.0,1.0,,47,Wellington City,Unknown,,,,,0.0,0.0,Urban,0.0,,,Fine,Null,0
67609450,,573000,0.0,0.0,0.0,1.0,0.0,North,2017/2018,FEATHERSTON ST,HUNTER ST,,Non-Injury Crash,No,2017,0.0,South,0.0,0,0.0,Null,0.0,,0.0,,0.0,Overcast,2125800,0,0.0,0.0,2.0,0.0,0.0,0.0,0.0,1.0,,0.0,0.0,Wellington Region,Nil,1-way,Sealed,0.0,0.0,0,0.0,50.0,0.0,Off,0.0,0.0,,47,Wellington City,Unknown,0.0,0.0,0.0,0.0,0.0,0.0,Urban,1.0,0.0,0.0,Fine,Null,0
67609482,,573300,0.0,,0.0,0.0,,South,2017/2018,WALLACE ST,FINLAY TERRACE,,Minor Crash,No,2018,,South,,0,,Flat,,,,,,Overcast,2147100,2,0.0,1.0,2.0,,,0.0,,,1.0,,,Wellington Region,Nil,2-way,Sealed,,0.0,0,,50.0,,On,0.0,0.0,,47,Wellington City,Unknown,,,,,0.0,0.0,Urban,0.0,,,Fine,Null,0
67609502,,576302,0.0,0.0,0.0,3.0,0.0,West,2017/2018,LAVAUD ST,RUSSELL TERRACE,,Non-Injury Crash,No,2017,0.0,East,0.0,0,0.0,Flat,0.0,,0.0,,0.0,Dark,2166303,0,0.0,0.0,2.0,0.0,0.0,0.0,0.0,1.0,,0.0,0.0,Wellington Region,Nil,2-way,Sealed,0.0,0.0,0,0.0,50.0,0.0,On,0.0,0.0,,47,Wellington City,Unknown,0.0,0.0,0.0,0.0,0.0,0.0,Urban,0.0,0.0,0.0,Fine,Null,0
67609565,,573513,0.0,0.0,0.0,1.0,0.0,West,2017/2018,CLAVERTON GROVE,AMESBURY DRIVE,,Non-Injury Crash,No,2017,0.0,West,0.0,0,1.0,Flat,0.0,,0.0,,0.0,Dark,2086725,0,0.0,0.0,2.0,0.0,0.0,0.0,0.0,0.0,,0.0,1.0,Wellington Region,Nil,2-way,Sealed,0.0,0.0,0,0.0,50.0,0.0,On,0.0,0.0,,47,Wellington City,Unknown,0.0,0.0,0.0,0.0,0.0,0.0,Urban,0.0,0.0,0.0,Light rain,Null,0
67609764,,574200,0.0,,0.0,0.0,,East,2015/2016,KHANDALLAH ROAD,SIMLA CRESCENT,,Serious Crash,No,2016,,East,,0,,Hill Road,,,,,,Dark,2088300,0,0.0,0.0,2.0,,,0.0,,,1.0,,,Wellington Region,Nil,2-way,Sealed,,0.0,1,,50.0,,Off,0.0,0.0,,47,Wellington City,Give way,,,,,0.0,0.0,Urban,1.0,,,Heavy rain,Null,0
67609893,,572900,0.0,0.0,0.0,0.0,0.0,Null,2016/2017,WATERLOO QUAY,BUNNY ST,,Non-Injury Crash,No,2017,0.0,North,0.0,0,0.0,Flat,0.0,,0.0,,0.0,Dark,2122700,0,0.0,0.0,4.0,0.0,0.0,0.0,0.0,0.0,,0.0,1.0,Wellington Region,Nil,2-way,Sealed,0.0,0.0,0,0.0,50.0,0.0,On,0.0,0.0,,47,Wellington City,Traffic Signals,0.0,1.0,0.0,0.0,0.0,0.0,Urban,1.0,0.0,0.0,Fine,Null,0
67609949,,576500,0.0,,0.0,2.0,,Null,2017/2018,ADELAIDE ROAD,HOSPITAL ROAD,,Non-Injury Crash,No,2017,,North,,0,,Flat,,,,,,Dark,2148500,0,0.0,0.0,4.0,,,0.0,,,,,,Wellington Region,Nil,2-way,Sealed,,0.0,0,,50.0,,On,0.0,0.0,,47,Wellington City,Traffic Signals,,,,,0.0,0.0,Urban,0.0,,,Fine,Null,0
67609973,,573101,0.0,,0.0,2.0,,South,2017/2018,JERVOIS QUAY,HARRIS ST,,Non-Injury Crash,No,2017,,South,,0,,Flat,,,,,,Overcast,2133000,0,0.0,0.0,3.0,,,0.0,,,,,,Wellington Region,Nil,1-way,Sealed,,0.0,0,,50.0,,Null,0.0,1.0,,47,Wellington City,Unknown,,,,,0.0,0.0,Urban,0.0,,,Fine,Null,0
67610116,,574002,0.0,,0.0,1.0,,South,2014/2015,SH 2,NGAURANGA ON NBD,,Non-Injury Crash,Yes,2015,,South,,0,,Flat,,,,,,Bright sun,2078302,0,0.0,0.0,4.0,,,0.0,,,,,,Wellington Region,Nil,2-way,Sealed,,0.0,0,,80.0,,Null,0.0,0.0,,47,Wellington City,Nil,,,,,1.0,0.0,Open,0.0,,,Fine,Null,0
67610164,,576600,1.0,,0.0,1.0,,Null,2014/2015,ORIENTAL PARADE,GRASS ST,,Minor Crash,No,2015,,South,,0,,Flat,,,,,,Bright sun,2137600,1,0.0,0.0,2.0,,,0.0,,,,,,Wellington Region,Nil,2-way,Sealed,,0.0,0,,40.0,,Null,0.0,0.0,,47,Wellington City,Give way,,,,,0.0,0.0,Urban,0.0,,,Fine,Null,0
67610197,,572900,0.0,0.0,0.0,2.0,0.0,Null,2017/2018,DAVIS ST,HOBSON ST,,Non-Injury Crash,No,2018,0.0,West,0.0,0,0.0,Flat,0.0,,0.0,,0.0,Bright sun,2118200,0,0.0,0.0,2.0,0.0,0.0,0.0,0.0,1.0,,0.0,0.0,Wellington Region,Nil,2-way,Sealed,0.0,0.0,0,0.0,50.0,0.0,Null,0.0,0.0,,47,Wellington City,Nil,0.0,0.0,0.0,0.0,0.0,0.0,Urban,0.0,0.0,0.0,Null,Null,0
67610277,,573526,0.0,,0.0,2.0,,South,2017/2018,SH 2,WEIGH PIT,,Non-Injury Crash,Yes,2018,,East,,0,,Flat,,,,,,Overcast,2077503,0,0.0,1.0,2.0,,,0.0,,,,,,Wellington Region,Nil,1-way,Sealed,,0.0,0,,100.0,,Null,0.0,0.0,,47,Wellington City,Unknown,,,,,0.0,0.0,Open,1.0,,,Fine,Null,0
67610364,,573101,1.0,0.0,0.0,1.0,0.0,Null,2015/2016,KENT TERRACE,PIRIE ST,,Non-Injury Crash,Yes,2016,0.0,South,0.0,0,0.0,Flat,0.0,,0.0,,0.0,Overcast,2136700,0,0.0,0.0,3.0,0.0,0.0,0.0,0.0,0.0,,0.0,0.0,Wellington Region,Nil,2-way,Sealed,0.0,0.0,0,0.0,50.0,0.0,Off,0.0,0.0,,47,Wellington City,Traffic Signals,0.0,0.0,0.0,0.0,0.0,0.0,Urban,0.0,1.0,0.0,Fine,Null,0
67610436,,576903,0.0,0.0,0.0,2.0,0.0,Null,2015/2016,KILBIRNIE CRESCENT,AQUATIC CENTRE,,Non-Injury Crash,No,2016,0.0,South,0.0,0,0.0,Flat,0.0,,0.0,,0.0,Dark,2177900,0,0.0,0.0,2.0,0.0,0.0,0.0,0.0,1.0,,0.0,0.0,Wellington Region,Nil,2-way,Sealed,0.0,0.0,0,0.0,50.0,0.0,On,0.0,0.0,,47,Wellington City,Unknown,0.0,0.0,0.0,0.0,0.0,0.0,Urban,0.0,0.0,0.0,Light rain,Null,0
67610521,,573400,0.0,0.0,0.0,3.0,0.0,West,2016/2017,MAJORIBANKS ST,HAWKER ST,,Non-Injury Crash,No,2017,0.0,East,0.0,0,0.0,Hill Road,0.0,,0.0,,0.0,Overcast,2140002,0,0.0,0.0,2.0,0.0,0.0,0.0,0.0,1.0,,0.0,0.0,Wellington Region,Nil,2-way,Sealed,0.0,0.0,0,0.0,50.0,0.0,Null,0.0,0.0,,47,Wellington City,Unknown,0.0,0.0,0.0,0.0,0.0,0.0,Urban,0.0,0.0,0.0,Heavy rain,Null,0
67610529,,573000,0.0,,1.0,0.0,,Null,2017/2018,JOHNSTON ST,CUSTOMHOUSE QUAY,,Non-Injury Crash,No,2018,,East,,0,,Flat,,,,,,Bright sun,2124300,0,0.0,0.0,2.0,,,0.0,,,,,,Wellington Region,Nil,1-way,Sealed,,0.0,0,,50.0,,Null,0.0,0.0,,47,Wellington City,Traffic Signals,,,,,0.0,0.0,Urban,1.0,,,Fine,Null,0
67610625,,576301,0.0,0.0,0.0,2.0,0.0,South,2017/2018,HANSON ST,JOHN ST,,Non-Injury Crash,No,2017,0.0,North,0.0,0,0.0,Hill Road,0.0,,0.0,,0.0,Overcast,2163400,0,0.0,0.0,2.0,0.0,0.0,0.0,0.0,1.0,,0.0,0.0,Wellington Region,Nil,2-way,Sealed,0.0,0.0,0,0.0,50.0,0.0,Null,0.0,0.0,,47,Wellington City,Unknown,0.0,0.0,0.0,0.0,0.0,0.0,Urban,0.0,0.0,0.0,Light rain,Null,0
67610713,,573000,0.0,0.0,0.0,1.0,0.0,South,2017/2018,WILLIS ST,ELLERS AVENUE,,Non-Injury Crash,No,2017,0.0,South,0.0,0,0.0,Hill Road,0.0,,0.0,,0.0,Bright sun,2128500,0,0.0,0.0,2.0,0.0,0.0,0.0,0.0,1.0,,0.0,0.0,Wellington Region,Nil,2-way,Sealed,0.0,0.0,0,0.0,50.0,0.0,Null,0.0,0.0,,47,Wellington City,Unknown,0.0,0.0,0.0,0.0,0.0,0.0,Urban,1.0,0.0,0.0,Fine,Null,0
67610756,,572900,0.0,,0.0,0.0,,West,2015/2016,HILL ST,MOLESWORTH ST,,Minor Crash,No,2016,,East,,0,,Hill Road,,,,,,Overcast,2121300,1,0.0,0.0,2.0,,,0.0,,,1.0,,,Wellington Region,Nil,2-way,Sealed,,0.0,0,,50.0,,Null,0.0,0.0,,47,Wellington City,Unknown,,,,,0.0,0.0,Urban,1.0,,,Fine,Null,0
67610788,,573101,0.0,,0.0,1.0,,Null,2014/2015,KENT TERRACE,MAJORIBANKS ST,,Minor Crash,No,2015,,East,,0,,Flat,,Christmas New Year,,,,Bright sun,2135700,1,0.0,0.0,3.0,,,0.0,,,1.0,,,Wellington Region,Nil,1-way,Sealed,,0.0,0,,50.0,,Off,0.0,0.0,,47,Wellington City,Traffic Signals,,,,,0.0,0.0,Urban,0.0,,,Fine,Null,0
67610805,,573522,0.0,0.0,0.0,1.0,0.0,East,2016/2017,NASSAU AVENUE,JAMAICA DRIVE,,Minor Crash,No,2017,0.0,East,0.0,0,0.0,Hill Road,0.0,Christmas New Year,0.0,,0.0,Overcast,2086104,1,0.0,0.0,2.0,0.0,0.0,0.0,0.0,0.0,,0.0,0.0,Wellington Region,Nil,2-way,Sealed,0.0,0.0,0,0.0,50.0,0.0,Null,0.0,0.0,,47,Wellington City,Unknown,0.0,0.0,0.0,1.0,0.0,0.0,Urban,0.0,0.0,0.0,Fine,Null,0
67610853,,573700,0.0,,0.0,1.0,,Null,2016/2017,HELSTON ROAD,MOOREFIELD ROAD,,Minor Crash,No,2017,,East,,0,,Flat,,,,,,Overcast,2082300,1,0.0,1.0,3.0,,,0.0,,,,,,Wellington Region,Nil,2-way,Sealed,,0.0,0,,50.0,,Off,0.0,0.0,,47,Wellington City,Give way,,,,,0.0,0.0,Urban,0.0,,,Fine,Null,0
67610889,,574500,0.0,,0.0,1.0,,Null,2016/2017,HUTT ROAD,SCHOOL ROAD,,Serious Crash,No,2017,,South,,0,,Flat,,,,,,Bright sun,2093600,0,0.0,1.0,4.0,,,0.0,,,,,,Wellington Region,Nil,2-way,Sealed,,0.0,1,,60.0,,Null,0.0,0.0,,47,Wellington City,Give way,,,,,0.0,0.0,Urban,0.0,,,Fine,Null,0
67610956,,577000,0.0,0.0,0.0,3.0,0.0,South,2015/2016,QUEENS DRIVE,FREYBERG ST,,Serious Crash,No,2016,0.0,South,0.0,0,0.0,Flat,0.0,,0.0,,0.0,Dark,2173600,0,0.0,0.0,2.0,0.0,0.0,0.0,0.0,2.0,,0.0,0.0,Wellington Region,Nil,2-way,Sealed,0.0,0.0,1,0.0,50.0,0.0,On,0.0,0.0,,47,Wellington City,Unknown,0.0,0.0,0.0,0.0,0.0,0.0,Urban,0.0,0.0,0.0,Fine,Null,0
67610989,,576200,0.0,0.0,0.0,2.0,0.0,West,2016/2017,AKATEA ST,ADELAIDE ROAD,,Non-Injury Crash,No,2017,0.0,West,0.0,0,0.0,Hill Road,0.0,,0.0,,0.0,Overcast,2173000,0,0.0,0.0,2.0,0.0,0.0,0.0,0.0,1.0,,0.0,0.0,Wellington Region,Nil,2-way,Sealed,0.0,0.0,0,0.0,50.0,0.0,Null,0.0,0.0,,47,Wellington City,Unknown,0.0,0.0,0.0,0.0,0.0,0.0,Urban,0.0,0.0,0.0,Null,Null,0
67611005,,574500,0.0,,0.0,1.0,,North,2016/2017,SH 1N,AOTEA ON NBD,,Minor Crash,Yes,2017,,East,,0,,Flat,,,,,,Dark,2093400,1,0.0,0.0,3.0,,,0.0,,,,,,Wellington Region,Nil,1-way,Sealed,,0.0,0,,100.0,,On,2.0,0.0,,47,Wellington City,Unknown,,,,,0.0,0.0,Open,0.0,,,Fine,Null,0
67611093,,572900,0.0,0.0,0.0,2.0,1.0,South,2016/2017,MURPHY OFF SBD,SH 1N,,Non-Injury Crash,No,2017,0.0,South,0.0,0,0.0,Flat,1.0,,0.0,,0.0,Dark,2118500,0,0.0,0.0,7.0,0.0,0.0,0.0,0.0,0.0,,0.0,0.0,Wellington Region,Motorway ramp,2-way,Sealed,0.0,0.0,0,0.0,100.0,0.0,On,0.0,0.0,,47,Wellington City,Unknown,0.0,0.0,0.0,0.0,0.0,0.0,Open,0.0,0.0,0.0,Light rain,Null,0
67611097,,573000,0.0,0.0,0.0,1.0,0.0,West,2017/2018,TERRACE OFF SBD,THE TERRACE,,Minor Crash,Yes,2017,0.0,North,0.0,0,1.0,Flat,1.0,Christmas New Year,0.0,,0.0,Overcast,2124700,1,0.0,0.0,1.0,0.0,0.0,0.0,0.0,0.0,,0.0,0.0,Wellington Region,Motorway ramp,1-way,Sealed,0.0,0.0,0,0.0,80.0,0.0,Null,0.0,0.0,,47,Wellington City,Unknown,0.0,0.0,0.0,0.0,0.0,0.0,Open,0.0,0.0,0.0,Fine,Null,0
67611185,,573300,0.0,,0.0,1.0,,Null,2016/2017,TARANAKI ST,HILL LANE,,Non-Injury Crash,No,2017,,South,,0,,Hill Road,,,,,,Dark,2145300,0,0.0,1.0,2.0,,,0.0,,,,,,Wellington Region,Nil,2-way,Sealed,,0.0,0,,50.0,,On,0.0,0.0,,47,Wellington City,Nil,,,,,0.0,0.0,Urban,0.0,,,Fine,Null,0
67611220,,576200,0.0,0.0,0.0,1.0,1.0,West,2014/2015,BRITOMART ST,STANLEY ST,,Minor Crash,No,2015,0.0,West,0.0,0,0.0,Hill Road,0.0,,0.0,,1.0,Dark,2171100,1,0.0,0.0,2.0,0.0,0.0,0.0,0.0,0.0,,0.0,0.0,Wellington Region,Nil,2-way,Sealed,0.0,0.0,0,0.0,50.0,0.0,On,0.0,0.0,,47,Wellington City,Unknown,0.0,0.0,0.0,0.0,0.0,0.0,Urban,0.0,0.0,0.0,Fine,Null,0
67611349,,573526,0.0,,0.0,1.0,,North,2016/2017,SH 2,RAILYARD ENTRY,,Non-Injury Crash,Yes,2016,,South,,0,,Flat,,,,,,Bright sun,2077503,0,0.0,0.0,2.0,,,0.0,,,,,,Wellington Region,Nil,1-way,Sealed,,0.0,0,,100.0,,Null,0.0,0.0,,47,Wellington City,Unknown,,,,,0.0,0.0,Open,1.0,,,Fine,Null,0
67611357,,576301,0.0,0.0,0.0,5.0,0.0,South,2016/2017,ADELAIDE ROAD,COLOMBO ST,,Minor Crash,No,2017,0.0,North,0.0,0,0.0,Flat,0.0,,0.0,,0.0,Dark,2164800,1,0.0,0.0,2.0,0.0,0.0,0.0,0.0,1.0,,0.0,0.0,Wellington Region,Nil,2-way,Sealed,0.0,0.0,0,0.0,50.0,0.0,On,0.0,0.0,,47,Wellington City,Unknown,0.0,0.0,0.0,0.0,0.0,0.0,Urban,1.0,0.0,0.0,Fine,Null,0
67611404,,573000,0.0,,0.0,1.0,,South,2014/2015,FEATHERSTON ST,BRANDON ST,,Non-Injury Crash,No,2015,,South,,0,,Flat,,,,,,Bright sun,2125800,0,0.0,0.0,2.0,,,0.0,,,,,,Wellington Region,Nil,2-way,Sealed,,0.0,0,,50.0,,Null,0.0,0.0,,47,Wellington City,Give way,,,,,0.0,0.0,Urban,1.0,,,Fine,Null,0
67611413,,576800,0.0,0.0,0.0,1.0,0.0,Null,2016/2017,SH 1N,TAURIMA ST,,Non-Injury Crash,Yes,2016,0.0,North,0.0,0,0.0,Hill Road,0.0,,0.0,,0.0,Dark,2181900,0,0.0,0.0,2.0,0.0,0.0,0.0,0.0,0.0,,0.0,1.0,Wellington Region,Nil,2-way,Sealed,0.0,0.0,0,0.0,50.0,0.0,On,0.0,0.0,,47,Wellington City,Give way,0.0,1.0,0.0,0.0,0.0,0.0,Urban,0.0,0.0,0.0,Fine,Null,0
67611437,,576903,0.0,0.0,0.0,1.0,1.0,Null,2016/2017,MOXHAM AVENUE,KUPE ST,,Non-Injury Crash,No,2017,0.0,North,0.0,0,0.0,Flat,0.0,,0.0,,0.0,Overcast,2181500,0,0.0,0.0,2.0,0.0,0.0,0.0,0.0,0.0,,0.0,0.0,Wellington Region,Nil,2-way,Sealed,0.0,0.0,0,0.0,50.0,0.0,Null,0.0,0.0,,47,Wellington City,Stop,0.0,0.0,0.0,0.0,0.0,0.0,Urban,0.0,0.0,0.0,Light rain,Null,0
67611453,,576301,0.0,,0.0,1.0,,Null,2016/2017,RUSSELL TERRACE,RIDDIFORD ST,,Minor Crash,No,2017,,North,,0,,Flat,,,,,,Bright sun,2165900,1,1.0,0.0,2.0,,,0.0,,,,,,Wellington Region,Nil,2-way,Sealed,,0.0,0,,50.0,,Null,0.0,0.0,,47,Wellington City,Give way,,,,,0.0,0.0,Urban,0.0,,,Fine,Null,0