OBJECTID,advisorySpeed,areaUnitID,bicycle,bridge,bus,carStationWagon,cliffBank,crashDirectionDescription,crashFinancialYear,crashLocation1,crashLocation2,crashRoadSideRoad,crashSeverity,crashSHDescription,crashYear,debris,directionRoleDescription,ditch,fatalCount,fence,flatHill,guardRail,holiday,houseOrBuilding,intersection,kerb,light,meshblockId,minorInjuryCount,moped,motorcycle,NumberOfLanes,objectThrownOrDropped,otherObject,otherVehicleType,overBank,parkedVehicle,pedestrian,phoneBoxEtc,postOrPole,region,roadCharacter,roadLane,roadSurface,roadworks,schoolBus,seriousInjuryCount,slipOrFlood,speedLimit,strayAnimal,streetLight,suv,taxi,temporarySpeedLimit,tlaId,tlaName,trafficControl,trafficIsland,trafficSign,train,tree,truck,unknownVehicleType,urban,vanOrUtility,vehicle,waterRiver,weatherA,weatherB,if_pandemic
67611620,,576400,0.0,,0.0,2.0,,East,2015/2016,NEWTOWN AVENUE,RIDDIFORD ST,,Non-Injury Crash,No,2016,,West,,0,,Flat,,,,,,Bright sun,2168500,0,0.0,0.0,2.0,,,0.0,,,,,,Wellington Region,Nil,2-way,Sealed,,0.0,0,,40.0,,Null,0.0,0.0,,47,Wellington City,Unknown,,,,,0.0,0.0,Urban,0.0,,,Fine,Null,0
67611669,,574002,0.0,0.0,0.0,2.0,0.0,South,2016/2017,SH 1N,NEWLANDS ON SBD,,Non-Injury Crash,Yes,2017,0.0,South,0.0,0,0.0,Hill Road,1.0,,0.0,,0.0,Twilight,2078304,0,0.0,0.0,3.0,0.0,0.0,0.0,0.0,0.0,,0.0,0.0,Wellington Region,Nil,1-way,Sealed,0.0,0.0,0,0.0,60.0,0.0,On,0.0,0.0,,47,Wellington City,Unknown,0.0,0.0,0.0,0.0,0.0,0.0,Urban,1.0,0.0,0.0,Light rain,Null,0
67611865,,573400,0.0,,0.0,2.0,,West,2017/2018,SH 1N,EAST PORTAL,,Non-Injury Crash,Yes,2017,,West,,0,,Flat,,,,,,Dark,2143300,0,0.0,0.0,2.0,,,0.0,,,,,,Wellington Region,Nil,2-way,Sealed,,0.0,0,,50.0,,On,0.0,0.0,,47,Wellington City,Unknown,,,,,0.0,0.0,Urban,0.0,,,Fine,Null,0
67611868,,572900,0.0,0.0,0.0,1.0,0.0,North,2014/2015,MOLESWORTH ST,MAY ST,,Non-Injury Crash,No,2015,0.0,North,0.0,0,0.0,Flat,0.0,,0.0,,0.0,Bright sun,2119300,0,0.0,0.0,2.0,0.0,1.0,0.0,0.0,0.0,,0.0,0.0,Wellington Region,Nil,1-way,Sealed,0.0,0.0,0,0.0,50.0,0.0,Null,0.0,0.0,,47,Wellington City,Unknown,0.0,0.0,0.0,0.0,0.0,0.0,Urban,0.0,0.0,0.0,Fine,Null,0
67611908,,573400,0.0,,0.0,1.0,,East,2015/2016,ORIENTAL PARADE,HERD ST,,Non-Injury Crash,No,2015,,West,,0,,Flat,,,,,,Bright sun,2138800,0,0.0,0.0,2.0,,,0.0,,,,,,Wellington Region,Nil,2-way,Sealed,,0.0,0,,40.0,,Off,1.0,0.0,,47,Wellington City,Unknown,,,,,0.0,0.0,Urban,0.0,,,Fine,Null,0
67612013,,576200,0.0,,0.0,1.0,,Null,2017/2018,ADELAIDE ROAD,BRITOMART ST,,Minor Crash,No,2017,,North,,0,,Flat,,,,,,Dark,2171900,1,1.0,0.0,2.0,,,0.0,,,,,,Wellington Region,Nil,2-way,Sealed,,0.0,0,,50.0,,On,0.0,0.0,,47,Wellington City,Traffic Signals,,,,,0.0,0.0,Urban,0.0,,,Fine,Null,0
67612049,,572900,0.0,,0.0,1.0,,North,2016/2017,SH 1N,TERRACE OFF SBD,,Non-Injury Crash,Yes,2016,,South,,0,,Hill Road,,,,,,Dark,2122200,0,0.0,0.0,6.0,,,0.0,,,,,,Wellington Region,Nil,2-way,Sealed,,0.0,0,,70.0,,On,0.0,0.0,,47,Wellington City,Unknown,,,,,0.0,0.0,Urban,1.0,,,Fine,Null,0
67612229,,574500,0.0,,0.0,0.0,,South,2016/2017,KAIWHARAWHARA ROAD,CAMERON ST,,Minor Crash,No,2016,,South,,0,,Flat,,,,,,Bright sun,2093500,1,0.0,0.0,2.0,,,0.0,,,,,,Wellington Region,Nil,2-way,Sealed,,0.0,0,,50.0,,Null,0.0,0.0,,47,Wellington City,Unknown,,,,,1.0,0.0,Urban,1.0,,,Fine,Strong wind,0
67612252,,573101,0.0,0.0,0.0,2.0,0.0,North,2015/2016,ALLEN ST,COURTENAY PLACE,,Non-Injury Crash,No,2015,0.0,North,0.0,0,0.0,Flat,0.0,,0.0,,0.0,Dark,2135700,0,0.0,0.0,1.0,0.0,0.0,0.0,0.0,1.0,,0.0,0.0,Wellington Region,Nil,2-way,Sealed,0.0,0.0,0,0.0,30.0,0.0,On,0.0,0.0,,47,Wellington City,Nil,0.0,0.0,0.0,0.0,0.0,0.0,Urban,0.0,0.0,0.0,Fine,Null,0
67612349,,574303,0.0,,0.0,3.0,,West,2016/2017,SH 1N,SH 2,,Minor Crash,Yes,2017,,East,,0,,Flat,,,,,,Twilight,2090402,2,0.0,0.0,4.0,,,0.0,,,,,,Wellington Region,Nil,1-way,Sealed,,0.0,0,,60.0,,Off,0.0,0.0,,47,Wellington City,Unknown,,,,,0.0,0.0,Urban,0.0,,,Heavy rain,Null,0
67612364,,575600,0.0,0.0,0.0,1.0,1.0,Null,2015/2016,OHIRO ROAD,BRETBY CRESCENT S,,Non-Injury Crash,No,2015,0.0,South,0.0,0,0.0,Hill Road,0.0,,0.0,,0.0,Bright sun,2161900,0,0.0,0.0,1.0,0.0,0.0,0.0,0.0,0.0,,0.0,1.0,Wellington Region,Nil,1-way,Sealed,0.0,0.0,0,0.0,50.0,0.0,Null,0.0,0.0,,47,Wellington City,Nil,0.0,0.0,0.0,0.0,0.0,0.0,Urban,0.0,0.0,0.0,Fine,Null,0
67612377,,572701,1.0,,0.0,1.0,,Null,2017/2018,MCLELLAN ST,DUNCAN ST,,Minor Crash,No,2017,,West,,0,,Flat,,,,,,Bright sun,1993600,1,0.0,0.0,2.0,,,0.0,,,,,,Wellington Region,Nil,2-way,Sealed,,0.0,0,,50.0,,Null,0.0,0.0,,47,Wellington City,Give way,,,,,0.0,0.0,Urban,0.0,,,Fine,Null,0
67612441,,574900,1.0,,0.0,1.0,,North,2017/2018,MAKARA ROAD,TERAWHITI TERRACE,,Minor Crash,No,2017,,West,,0,,Hill Road,,,,,,Bright sun,2109202,1,0.0,0.0,2.0,,,0.0,,,,,,Wellington Region,Nil,2-way,Sealed,,0.0,0,,50.0,,Null,0.0,0.0,,47,Wellington City,Unknown,,,,,0.0,0.0,Urban,0.0,,,Null,Null,0
67612468,,573101,0.0,,0.0,2.0,,Null,2015/2016,VICTORIA ST,WEBB ST,,Non-Injury Crash,No,2016,,West,,0,,Flat,,,,,,Twilight,2132700,0,0.0,0.0,3.0,,,0.0,,,,,,Wellington Region,Nil,1-way,Sealed,,0.0,0,,50.0,,On,0.0,0.0,,47,Wellington City,Give way,,,,,0.0,0.0,Urban,0.0,,,Fine,Null,0
67612573,,576400,0.0,,0.0,1.0,,Null,2016/2017,RIDDIFORD ST,MEIN ST,,Non-Injury Crash,No,2016,,East,,0,,Flat,,,,,,Bright sun,2166900,0,0.0,0.0,4.0,,,0.0,,,,,,Wellington Region,Nil,2-way,Sealed,,0.0,0,,50.0,,Null,0.0,0.0,,47,Wellington City,Traffic Signals,,,,,0.0,0.0,Urban,1.0,,,Fine,Null,0
67612636,15.0,573101,0.0,,0.0,2.0,,Null,2015/2016,SH 1N,CUBA ST,,Non-Injury Crash,Yes,2015,,West,,0,,Flat,,,,,,Twilight,2132600,0,0.0,0.0,3.0,,,0.0,,,,,,Wellington Region,Nil,1-way,Sealed,,0.0,0,,50.0,,On,0.0,0.0,,47,Wellington City,Traffic Signals,,,,,0.0,0.0,Urban,0.0,,,Fine,Null,0
67612925,,573000,0.0,,0.0,1.0,,West,2016/2017,SH 1N,WILLIS ST,,Non-Injury Crash,Yes,2016,,South,,0,,Flat,,,,,,Overcast,2129700,0,0.0,0.0,3.0,,,0.0,,,,,,Wellington Region,Nil,2-way,Sealed,,0.0,0,,70.0,,Off,1.0,0.0,,47,Wellington City,Unknown,,,,,0.0,0.0,Urban,0.0,,,Light rain,Null,0
67613001,,573000,1.0,,0.0,0.0,,Null,2016/2017,POST OFFICE SQUARE,CUSTOMHOUSE QUAY,,Non-Injury Crash,No,2016,,West,,0,,Flat,,,,,,Bright sun,2125900,0,0.0,0.0,1.0,,,0.0,,,,,,Wellington Region,Nil,1-way,Sealed,,0.0,0,,50.0,,Null,1.0,0.0,,47,Wellington City,Give way,,,,,0.0,0.0,Urban,0.0,,,Null,Null,0
67613005,,573000,0.0,,0.0,1.0,,Null,2016/2017,WILLIS ST,FLAGSTAFF LANE,,Non-Injury Crash,No,2016,,North,,0,,Flat,,Christmas New Year,,,,Twilight,2128500,0,0.0,0.0,2.0,,,0.0,,,,,,Wellington Region,Nil,2-way,Sealed,,0.0,0,,50.0,,On,0.0,0.0,,47,Wellington City,Nil,,,,,1.0,0.0,Urban,0.0,,,Fine,Null,0
67613009,,577301,0.0,0.0,0.0,1.0,0.0,Null,2017/2018,CAMPERDOWN ROAD,WEKA ST,,Minor Crash,No,2017,0.0,South,0.0,0,0.0,Flat,0.0,,0.0,,0.0,Bright sun,2202900,1,0.0,0.0,2.0,0.0,0.0,0.0,0.0,0.0,,0.0,0.0,Wellington Region,Nil,2-way,Sealed,0.0,0.0,0,0.0,50.0,0.0,Null,0.0,0.0,,47,Wellington City,Give way,0.0,0.0,0.0,1.0,0.0,0.0,Urban,0.0,0.0,0.0,Fine,Null,0
67613012,,573101,0.0,,0.0,1.0,,Null,2015/2016,TARANAKI ST,VIVIAN ST,,Non-Injury Crash,No,2015,,North,,0,,Flat,,,,,,Bright sun,2133800,0,0.0,0.0,2.0,,,1.0,,,,,,Wellington Region,Nil,2-way,Sealed,,0.0,0,,50.0,,Null,0.0,0.0,,47,Wellington City,Traffic Signals,,,,,0.0,0.0,Urban,0.0,,,Fine,Null,0
67613092,,573300,0.0,0.0,0.0,2.0,0.0,West,2015/2016,BIDWILL ST,WALLACE ST,,Non-Injury Crash,No,2016,0.0,North,0.0,0,0.0,Hill Road,0.0,,0.0,,0.0,Bright sun,2145100,0,0.0,0.0,2.0,0.0,0.0,0.0,0.0,1.0,,0.0,0.0,Wellington Region,Nil,2-way,Sealed,0.0,0.0,0,0.0,50.0,0.0,Null,0.0,1.0,,47,Wellington City,Unknown,0.0,0.0,0.0,0.0,0.0,0.0,Urban,0.0,0.0,0.0,Fine,Null,0
67613145,,573700,0.0,,0.0,3.0,,South,2016/2017,SH 1N,HELSTON OBR,,Non-Injury Crash,Yes,2016,,North,,0,,Flat,,,,,,Bright sun,2082800,0,0.0,0.0,2.0,,,0.0,,,,,,Wellington Region,Nil,1-way,Sealed,,0.0,0,,100.0,,Null,0.0,0.0,,47,Wellington City,Unknown,,,,,0.0,0.0,Open,0.0,,,Fine,Null,0
67613221,,577200,0.0,,0.0,0.0,,Null,2016/2017,BROADWAY,STEWART DUFF DRIVE,,Minor Crash,No,2017,,South,,0,,Flat,,,,,,Dark,2209200,1,1.0,0.0,1.0,,,0.0,,,,,,Wellington Region,Nil,1-way,Sealed,,0.0,0,,50.0,,On,0.0,0.0,,47,Wellington City,Give way,,,,,0.0,0.0,Urban,0.0,,,Light rain,Null,0
67613260,,574600,0.0,0.0,0.0,1.0,1.0,West,2015/2016,WADESTOWN ROAD,LESLIE ST,,Non-Injury Crash,No,2015,0.0,West,0.0,0,0.0,Hill Road,0.0,,0.0,,0.0,Dark,2100600,0,0.0,0.0,2.0,0.0,0.0,0.0,0.0,0.0,,0.0,0.0,Wellington Region,Nil,2-way,Sealed,0.0,0.0,0,0.0,50.0,0.0,On,0.0,1.0,30.0,47,Wellington City,Nil,0.0,0.0,0.0,0.0,0.0,0.0,Urban,0.0,0.0,0.0,Light rain,Null,0
67613348,,576301,0.0,,0.0,2.0,,North,2015/2016,HANSON ST,HALL ST,,Non-Injury Crash,No,2016,,North,,0,,Hill Road,,,,,,Overcast,2163700,0,0.0,0.0,2.0,,,0.0,,,,,,Wellington Region,Nil,2-way,Sealed,,0.0,0,,50.0,,Null,0.0,0.0,,47,Wellington City,Unknown,,,,,0.0,0.0,Urban,0.0,,,Fine,Null,0
67613365,,577700,1.0,,0.0,1.0,,West,2017/2018,TAKARAU GORGE ROAD,RIFLE RANGE ROAD,,Minor Crash,No,2017,,East,,0,,Flat,,,,,,Overcast,2116900,1,0.0,0.0,2.0,,,0.0,,,,,,Wellington Region,Nil,2-way,Sealed,,0.0,0,,30.0,,Null,0.0,0.0,,47,Wellington City,Unknown,,,,,0.0,0.0,Urban,0.0,,,Fine,Null,0
67613381,,577000,0.0,,0.0,2.0,,Null,2017/2018,QUEENS DRIVE,FREYBERG ST,,Minor Crash,No,2017,,South,,0,,Hill Road,,,,,,Overcast,2173600,1,0.0,0.0,2.0,,,0.0,,,,,,Wellington Region,Nil,2-way,Sealed,,0.0,0,,50.0,,Null,0.0,0.0,,47,Wellington City,Give way,,,,,0.0,0.0,Urban,0.0,,,Light rain,Strong wind,0
67613457,,576800,0.0,,0.0,1.0,,Null,2016/2017,SH 1N,TAURIMA ST,,Minor Crash,Yes,2017,,East,,0,,Flat,,,,,,Bright sun,2181900,1,0.0,0.0,2.0,,,0.0,,,,,,Wellington Region,Nil,2-way,Sealed,,0.0,0,,50.0,,Null,0.0,0.0,,47,Wellington City,Give way,,,,,0.0,0.0,Urban,1.0,,,Fine,Null,0
67613473,,573526,0.0,,0.0,2.0,,West,2016/2017,SH 2,HOROKIWI ROAD,,Serious Crash,Yes,2017,,West,,0,,Flat,,,,,,Bright sun,2077503,1,0.0,0.0,1.0,,,0.0,,,,,,Wellington Region,Nil,1-way,Sealed,,0.0,1,,100.0,,Null,0.0,0.0,,47,Wellington City,Unknown,,,,,0.0,0.0,Open,0.0,,,Fine,Null,0
67613481,,572600,0.0,,0.0,1.0,,North,2016/2017,MAIN ROAD,ESSEX ST,,Fatal Crash,No,2017,,North,,1,,Flat,,,,,,Dark,1992000,0,0.0,0.0,2.0,,,0.0,,,1.0,,,Wellington Region,Nil,2-way,Sealed,,0.0,0,,50.0,,On,0.0,0.0,,47,Wellington City,Give way,,,,,0.0,0.0,Urban,0.0,,,Fine,Null,0
67613517,25.0,574002,0.0,0.0,0.0,1.0,1.0,Null,2016/2017,NGAURANGA ON NBD,NGAURANGA ON NBD OBR,,Non-Injury Crash,Yes,2016,0.0,West,0.0,0,0.0,Flat,0.0,,0.0,,0.0,Dark,2078302,0,0.0,0.0,3.0,0.0,0.0,0.0,0.0,0.0,,0.0,0.0,Wellington Region,Motorway ramp,1-way,Sealed,0.0,0.0,0,0.0,100.0,0.0,On,0.0,0.0,,47,Wellington City,Unknown,0.0,0.0,0.0,0.0,0.0,0.0,Open,0.0,0.0,0.0,Fine,Null,0
67613532,,576002,0.0,,0.0,1.0,,Null,2016/2017,MERSEY ST,CLYDE ST,,Minor Crash,No,2016,,East,,0,,Flat,,,,,,Bright sun,2190600,1,0.0,0.0,2.0,,,0.0,,,,,,Wellington Region,Nil,1-way,Sealed,,0.0,0,,50.0,,Null,1.0,0.0,,47,Wellington City,Stop,,,,,0.0,0.0,Urban,0.0,,,Fine,Null,0
67613652,,573101,0.0,,0.0,2.0,,Null,2015/2016,TARANAKI ST,VIVIAN ST,,Non-Injury Crash,Yes,2015,,North,,0,,Flat,,,,,,Dark,2133800,0,0.0,0.0,5.0,,,0.0,,,,,,Wellington Region,Nil,2-way,Sealed,,0.0,0,,50.0,,On,0.0,1.0,,47,Wellington City,Traffic Signals,,,,,0.0,0.0,Urban,0.0,,,Light rain,Null,0
67613844,,573700,0.0,,1.0,1.0,,Null,2014/2015,JOHNSONVILLE ROAD,BRODERICK ROAD,,Non-Injury Crash,No,2015,,North,,0,,Flat,,,,,,Overcast,2082900,0,0.0,0.0,5.0,,,0.0,,,,,,Wellington Region,Nil,2-way,Sealed,,0.0,0,,50.0,,Null,0.0,0.0,,47,Wellington City,Traffic Signals,,,,,0.0,0.0,Urban,0.0,,,Fine,Null,0
67614061,,574303,0.0,0.0,0.0,1.0,0.0,West,2016/2017,NEWLANDS OFF NBD,NEWLANDS ON NBD,,Non-Injury Crash,Yes,2017,1.0,North,0.0,0,0.0,Hill Road,1.0,,0.0,,0.0,Bright sun,2084302,0,0.0,0.0,1.0,0.0,0.0,0.0,0.0,0.0,,0.0,0.0,Wellington Region,Motorway ramp,1-way,Sealed,0.0,0.0,0,0.0,80.0,0.0,Null,0.0,0.0,,47,Wellington City,Unknown,0.0,0.0,0.0,0.0,0.0,0.0,Open,0.0,0.0,0.0,Fine,Null,0
67614181,,572900,0.0,0.0,0.0,1.0,0.0,West,2017/2018,TINAKORI ROAD,THORNDON QUAY,,Non-Injury Crash,No,2017,0.0,North,0.0,0,0.0,Null,0.0,,0.0,,0.0,Overcast,2117203,0,0.0,0.0,2.0,0.0,0.0,0.0,0.0,0.0,,0.0,0.0,Wellington Region,Nil,2-way,Sealed,0.0,0.0,0,0.0,50.0,0.0,Off,0.0,0.0,,47,Wellington City,Unknown,0.0,0.0,0.0,0.0,0.0,0.0,Urban,1.0,1.0,0.0,Null,Null,0
67614300,,577200,0.0,0.0,0.0,2.0,0.0,North,2016/2017,WAYSIDE WEST,BROADWAY,,Non-Injury Crash,No,2017,0.0,North,0.0,0,0.0,Flat,0.0,,0.0,,0.0,Overcast,2209000,0,0.0,0.0,2.0,0.0,0.0,0.0,0.0,1.0,,0.0,0.0,Wellington Region,Nil,2-way,Sealed,0.0,0.0,0,0.0,50.0,0.0,Null,0.0,0.0,,47,Wellington City,Unknown,0.0,0.0,0.0,0.0,0.0,0.0,Urban,0.0,0.0,0.0,Light rain,Null,0
67614425,,576302,0.0,0.0,1.0,1.0,0.0,South,2016/2017,RINTOUL ST,BLYTHE ST,,Non-Injury Crash,No,2017,0.0,North,0.0,0,0.0,Hill Road,0.0,,0.0,,0.0,Dark,2166100,0,0.0,0.0,2.0,0.0,0.0,0.0,0.0,1.0,,0.0,0.0,Wellington Region,Nil,2-way,Sealed,0.0,0.0,0,0.0,50.0,0.0,On,0.0,0.0,,47,Wellington City,Nil,0.0,0.0,0.0,0.0,0.0,0.0,Urban,0.0,0.0,0.0,Null,Frost,0
67614473,,572900,0.0,,0.0,2.0,,West,2017/2018,MAY ON NBD,SH 1N,,Non-Injury Crash,Yes,2017,,East,,0,,Flat,,,,,,Bright sun,2118500,0,0.0,0.0,7.0,,,0.0,,,,,,Wellington Region,Motorway ramp,2-way,Sealed,,0.0,0,,100.0,,Null,0.0,0.0,,47,Wellington City,Unknown,,,,,0.0,0.0,Open,0.0,,,Fine,Null,0
67614532,,573526,0.0,,0.0,3.0,,North,2017/2018,SH 2,RAILYARD ENTRY,,Non-Injury Crash,Yes,2017,,South,,0,,Flat,,,,,,Overcast,2077503,0,0.0,0.0,4.0,,,0.0,,,,,,Wellington Region,Nil,2-way,Sealed,,0.0,0,,100.0,,Null,0.0,0.0,,47,Wellington City,Unknown,,,,,0.0,0.0,Open,0.0,,,Fine,Null,0
67614537,,575300,0.0,,0.0,1.0,,West,2017/2018,RAROA ROAD,CLUNY AVENUE,,Non-Injury Crash,No,2017,,East,,0,,Hill Road,,,,,,Overcast,2151800,0,0.0,0.0,2.0,,,0.0,,,,,,Wellington Region,Nil,2-way,Sealed,,0.0,0,,50.0,,Null,1.0,0.0,,47,Wellington City,Unknown,,,,,0.0,0.0,Urban,0.0,,,Null,Null,0
67614545,,574304,0.0,0.0,0.0,2.0,0.0,South,2016/2017,ONSLOW ROAD,MANDALAY TERRACE,,Non-Injury Crash,No,2017,0.0,North,0.0,0,0.0,Hill Road,0.0,,0.0,,0.0,Bright sun,2089803,0,0.0,0.0,2.0,0.0,0.0,0.0,0.0,1.0,,0.0,0.0,Wellington Region,Nil,2-way,Sealed,0.0,0.0,0,0.0,50.0,0.0,Null,0.0,0.0,,47,Wellington City,Unknown,0.0,0.0,0.0,0.0,0.0,0.0,Urban,0.0,0.0,0.0,Fine,Null,0
67614565,,573101,0.0,0.0,0.0,2.0,0.0,East,2016/2017,ABEL SMITH ST,CUBA ST,,Non-Injury Crash,No,2017,0.0,West,0.0,0,0.0,Flat,0.0,,0.0,,0.0,Dark,2134600,0,0.0,0.0,2.0,0.0,0.0,0.0,0.0,1.0,,0.0,0.0,Wellington Region,Nil,2-way,Sealed,0.0,0.0,0,0.0,50.0,0.0,On,0.0,0.0,,47,Wellington City,Unknown,0.0,0.0,0.0,0.0,0.0,0.0,Urban,0.0,0.0,0.0,Fine,Null,0
67614581,,575200,0.0,,0.0,1.0,,Null,2016/2017,UPLAND ROAD,GLENMORE ST,,Non-Injury Crash,No,2017,,West,,0,,Hill Road,,,,,,Overcast,2150100,0,0.0,0.0,2.0,,,0.0,,,1.0,,,Wellington Region,Nil,2-way,Sealed,,0.0,0,,50.0,,Null,0.0,0.0,,47,Wellington City,Give way,,,,,0.0,0.0,Urban,0.0,,,Light rain,Null,0
67614637,,572900,0.0,,0.0,1.0,,West,2016/2017,HAWKESTONE ST,HAWKESTONE ON SBD,,Non-Injury Crash,No,2017,,West,,0,,Hill Road,,,,,,Overcast,2119500,0,0.0,0.0,1.0,,,0.0,,,,,,Wellington Region,Nil,1-way,Sealed,,0.0,0,,50.0,,Null,0.0,0.0,,47,Wellington City,Unknown,,,,,1.0,0.0,Urban,0.0,,,Fine,Null,0
67614660,,574100,0.0,0.0,0.0,2.0,0.0,Null,2016/2017,BURMA ROAD,HAUMIA ST,,Non-Injury Crash,No,2017,0.0,North,0.0,0,0.0,Hill Road,0.0,,0.0,,0.0,Dark,2085303,0,0.0,0.0,2.0,0.0,0.0,0.0,0.0,0.0,,0.0,0.0,Wellington Region,Nil,2-way,Sealed,0.0,0.0,0,0.0,50.0,0.0,On,0.0,0.0,,47,Wellington City,Give way,1.0,0.0,0.0,0.0,0.0,0.0,Urban,0.0,0.0,0.0,Light rain,Null,0
67614797,,573000,0.0,0.0,0.0,0.0,0.0,South,2017/2018,WILLIS ST,MANNERS ST,,Non-Injury Crash,No,2017,0.0,South,0.0,0,0.0,Flat,0.0,,0.0,,0.0,Bright sun,2128400,0,0.0,0.0,2.0,0.0,0.0,0.0,0.0,1.0,,0.0,0.0,Wellington Region,Nil,2-way,Sealed,0.0,0.0,0,0.0,30.0,0.0,Null,0.0,0.0,,47,Wellington City,Unknown,0.0,0.0,0.0,0.0,2.0,0.0,Urban,0.0,0.0,0.0,Fine,Null,0
67614893,,574100,0.0,0.0,0.0,4.0,0.0,North,2017/2018,BURMA ROAD,JOHN SIMS DRIVE,,Non-Injury Crash,No,2017,0.0,North,0.0,0,0.0,Flat,0.0,Christmas New Year,0.0,,0.0,Bright sun,2083900,0,0.0,0.0,2.0,0.0,0.0,0.0,0.0,1.0,,0.0,1.0,Wellington Region,Nil,2-way,Sealed,0.0,0.0,0,0.0,50.0,0.0,Null,0.0,0.0,,47,Wellington City,Unknown,0.0,0.0,0.0,0.0,0.0,0.0,Urban,0.0,0.0,0.0,Fine,Null,0
67614913,,573101,0.0,,0.0,2.0,,Null,2017/2018,SH 1N,PIRIE ST,,Minor Crash,Yes,2018,,West,,0,,Flat,,,,,,Dark,2136700,1,0.0,0.0,4.0,,,0.0,,,,,,Wellington Region,Nil,1-way,Sealed,,0.0,0,,50.0,,On,0.0,0.0,,47,Wellington City,Traffic Signals,,,,,0.0,0.0,Urban,0.0,,,Light rain,Null,0
67615133,,576700,0.0,,0.0,2.0,,North,2017/2018,THANE ROAD,LOOKOUT ROAD,,Non-Injury Crash,No,2017,,North,,0,,Hill Road,,,,,,Overcast,2185700,0,0.0,0.0,2.0,,,0.0,,,,,,Wellington Region,Nil,2-way,Sealed,,0.0,0,,50.0,,Null,0.0,0.0,,47,Wellington City,Unknown,,,,,0.0,0.0,Urban,0.0,,,Fine,Null,0
67615245,,573101,0.0,,0.0,1.0,,South,2017/2018,COURTENAY PLACE,COURTENAY PLACE,,Non-Injury Crash,No,2017,,West,,0,,Flat,,,,,,Bright sun,2136000,0,0.0,0.0,1.0,,,0.0,,,,,,Wellington Region,Nil,1-way,Sealed,,0.0,0,,30.0,,Null,0.0,0.0,,47,Wellington City,Unknown,,,,,0.0,0.0,Urban,1.0,,,Fine,Null,0
67615329,,576901,0.0,,0.0,1.0,,Null,2017/2018,QUEENS DRIVE,COUTTS ST,,Minor Crash,No,2018,,North,,0,,Flat,,,,,,Bright sun,2178300,1,0.0,0.0,2.0,,,0.0,,,1.0,,,Wellington Region,Nil,2-way,Sealed,,0.0,0,,50.0,,Null,0.0,0.0,,47,Wellington City,Give way,,,,,0.0,0.0,Urban,0.0,,,Fine,Null,0
67615345,,573903,0.0,,0.0,1.0,,Null,2017/2018,RUSKIN ROAD,SALFORD ST,,Non-Injury Crash,No,2017,,South,,0,,Hill Road,,Labour Weekend,,,,Bright sun,2075103,0,0.0,0.0,2.0,,,0.0,,,,,,Wellington Region,Nil,2-way,Sealed,,0.0,0,,50.0,,Null,1.0,0.0,,47,Wellington City,Nil,,,,,0.0,0.0,Urban,0.0,,,Fine,Null,0
67615377,,573700,0.0,0.0,0.0,0.0,0.0,South,2017/2018,ROTOITI ST,IRONSIDE ROAD,,Non-Injury Crash,No,2017,0.0,South,0.0,0,1.0,Hill Road,0.0,Labour Weekend,0.0,,0.0,Overcast,2082200,0,0.0,0.0,2.0,0.0,0.0,0.0,0.0,0.0,,0.0,0.0,Wellington Region,Nil,2-way,Sealed,0.0,0.0,0,0.0,50.0,0.0,Off,0.0,0.0,,47,Wellington City,Unknown,0.0,0.0,0.0,0.0,0.0,0.0,Urban,1.0,0.0,0.0,Fine,Null,0
67615524,,572900,0.0,,0.0,1.0,,Null,2016/2017,TINAKORI ROAD,BOWEN ST,,Non-Injury Crash,No,2017,,South,,0,,Flat,,,,,,Dark,2123400,0,0.0,0.0,3.0,,,0.0,,,,,,Wellington Region,Nil,2-way,Sealed,,0.0,0,,50.0,,On,0.0,0.0,,47,Wellington City,Traffic Signals,,,,,0.0,0.0,Urban,1.0,,,Fine,Null,0
67615564,,574002,0.0,0.0,0.0,1.0,0.0,North,2016/2017,SH 1N,NGAURANGA ON NBD OBR,,Non-Injury Crash,Yes,2017,0.0,North,0.0,0,0.0,Flat,1.0,,0.0,,0.0,Dark,2078302,0,0.0,0.0,2.0,0.0,0.0,0.0,0.0,0.0,,0.0,0.0,Wellington Region,Nil,1-way,Sealed,0.0,0.0,0,0.0,100.0,0.0,On,0.0,0.0,,47,Wellington City,Unknown,0.0,0.0,0.0,0.0,0.0,0.0,Open,0.0,0.0,0.0,Light rain,Null,0
67615717,,573000,0.0,,0.0,1.0,,North,2017/2018,SH 1N,NORTH PORTAL SBD,,Minor Crash,Yes,2018,,South,,0,,Hill Road,,,,,,Bright sun,2126700,1,0.0,0.0,3.0,,,0.0,,,,,,Wellington Region,Nil,2-way,Sealed,,0.0,0,,60.0,,Null,1.0,0.0,,47,Wellington City,Unknown,,,,,0.0,0.0,Urban,0.0,,,Fine,Null,0
67615757,,573101,0.0,0.0,0.0,1.0,0.0,North,2017/2018,TARANAKI ST,CABLE ST,,Non-Injury Crash,No,2017,0.0,North,0.0,0,0.0,Flat,0.0,,0.0,,0.0,Bright sun,2135200,0,0.0,0.0,2.0,0.0,0.0,0.0,0.0,0.0,,0.0,0.0,Wellington Region,Nil,2-way,Sealed,0.0,0.0,0,0.0,50.0,0.0,Null,0.0,0.0,,47,Wellington City,Unknown,0.0,1.0,0.0,0.0,0.0,0.0,Urban,0.0,0.0,0.0,Fine,Null,0