OBJECTID,advisorySpeed,areaUnitID,bicycle,bridge,bus,carStationWagon,cliffBank,crashDirectionDescription,crashFinancialYear,crashLocation1,crashLocation2,crashRoadSideRoad,crashSeverity,crashSHDescription,crashYear,debris,directionRoleDescription,ditch,fatalCount,fence,flatHill,guardRail,holiday,houseOrBuilding,intersection,kerb,light,meshblockId,minorInjuryCount,moped,motorcycle,NumberOfLanes,objectThrownOrDropped,otherObject,otherVehicleType,overBank,parkedVehicle,pedestrian,phoneBoxEtc,postOrPole,region,roadCharacter,roadLane,roadSurface,roadworks,schoolBus,seriousInjuryCount,slipOrFlood,speedLimit,strayAnimal,streetLight,suv,taxi,temporarySpeedLimit,tlaId,tlaName,trafficControl,trafficIsland,trafficSign,train,tree,truck,unknownVehicleType,urban,vanOrUtility,vehicle,waterRiver,weatherA,weatherB,if_pandemic
67615804,,575300,0.0,0.0,1.0,1.0,0.0,South,2017/2018,GLASGOW ST,RAWHITI TERRACE,,Non-Injury Crash,No,2017,0.0,North,0.0,0,0.0,Hill Road,0.0,,0.0,,0.0,Bright sun,2154600,0,0.0,0.0,2.0,0.0,0.0,0.0,0.0,1.0,,0.0,0.0,Wellington Region,Nil,2-way,Sealed,0.0,0.0,0,0.0,50.0,0.0,Null,0.0,0.0,,47,Wellington City,Unknown,0.0,0.0,0.0,0.0,0.0,0.0,Urban,0.0,0.0,0.0,Fine,Null,0
67615852,,574001,0.0,,0.0,1.0,,West,2017/2018,NEWLANDS ROAD,HURRING PLACE,,Minor Crash,No,2018,,East,,0,,Hill Road,,Easter,,,,Overcast,2077600,1,0.0,0.0,2.0,,,0.0,,,,,,Wellington Region,Nil,2-way,Sealed,,0.0,0,,50.0,,Null,0.0,0.0,,47,Wellington City,Give way,,,,,0.0,0.0,Urban,1.0,,,Fine,Null,0
67615913,,576600,0.0,,0.0,2.0,,West,2017/2018,ORIENTAL PARADE,ORIENTAL TERRACE,,Minor Crash,No,2017,,East,,0,,Flat,,,,,,Dark,2137900,1,0.0,0.0,2.0,,,0.0,,,,,,Wellington Region,Nil,2-way,Sealed,,0.0,0,,40.0,,On,0.0,0.0,,47,Wellington City,Unknown,,,,,0.0,0.0,Urban,0.0,,,Fine,Null,0
67615997,,574002,0.0,,0.0,2.0,,West,2017/2018,HUTT ON NBD,SH 2,,Non-Injury Crash,Yes,2018,,East,,0,,Flat,,,,,,Dark,2078302,0,0.0,0.0,1.0,,,0.0,,,,,,Wellington Region,Nil,1-way,Sealed,,0.0,0,,80.0,,On,0.0,0.0,,47,Wellington City,Unknown,,,,,0.0,0.0,Open,0.0,,,Fine,Null,0
67616029,,577000,0.0,,0.0,2.0,,Null,2016/2017,FREYBERG ST,WHA ST,,Non-Injury Crash,No,2017,,West,,0,,Flat,,,,,,Bright sun,2174000,0,0.0,0.0,2.0,,,0.0,,,,,,Wellington Region,Nil,2-way,Sealed,,0.0,0,,50.0,,Null,0.0,0.0,,47,Wellington City,Stop,,,,,0.0,0.0,Urban,0.0,,,Fine,Null,0
67616044,,573400,0.0,0.0,0.0,0.0,0.0,East,2017/2018,MAJORIBANKS ST,LIPMAN ST,,Non-Injury Crash,No,2017,0.0,East,0.0,0,0.0,Flat,0.0,,1.0,,0.0,Bright sun,2139900,0,0.0,0.0,2.0,0.0,0.0,0.0,0.0,0.0,,0.0,0.0,Wellington Region,Nil,2-way,Sealed,0.0,0.0,0,0.0,50.0,0.0,Null,0.0,0.0,,47,Wellington City,Give way,0.0,0.0,0.0,0.0,1.0,0.0,Urban,0.0,0.0,0.0,Null,Null,0
67616077,,573700,0.0,0.0,0.0,2.0,0.0,North,2018/2019,ROTOITI ST,FRANKMOORE AVENUE,,Non-Injury Crash,No,2018,0.0,North,0.0,0,0.0,Flat,0.0,,0.0,,0.0,Bright sun,2082100,0,0.0,0.0,1.0,0.0,0.0,0.0,0.0,2.0,,0.0,0.0,Wellington Region,Nil,2-way,Sealed,0.0,0.0,0,0.0,50.0,0.0,Null,0.0,0.0,,47,Wellington City,Unknown,0.0,0.0,0.0,0.0,0.0,0.0,Urban,1.0,0.0,0.0,Fine,Null,0
67616141,,574303,0.0,0.0,0.0,1.0,1.0,West,2017/2018,SH 1N,TYERS ROAD,,Non-Injury Crash,Yes,2017,0.0,North,0.0,0,0.0,Hill Road,1.0,,0.0,,0.0,Overcast,2088705,0,0.0,0.0,3.0,0.0,0.0,0.0,0.0,0.0,,0.0,0.0,Wellington Region,Nil,1-way,Sealed,0.0,0.0,0,0.0,80.0,0.0,Null,0.0,0.0,,47,Wellington City,Unknown,0.0,0.0,0.0,0.0,0.0,0.0,Open,0.0,0.0,0.0,Light rain,Null,0
67616156,,574900,0.0,0.0,0.0,3.0,0.0,North,2018/2019,PARKVALE ROAD,DAVID CRESCENT,,Minor Crash,No,2018,0.0,North,0.0,0,0.0,Flat,0.0,,0.0,,0.0,Dark,2108400,1,0.0,0.0,2.0,0.0,0.0,0.0,0.0,1.0,,0.0,0.0,Wellington Region,Bridge,2-way,Sealed,0.0,0.0,0,0.0,50.0,0.0,None,0.0,0.0,,47,Wellington City,Unknown,0.0,0.0,0.0,0.0,1.0,0.0,Urban,0.0,0.0,0.0,Fine,Null,0
67616237,,576400,0.0,,0.0,2.0,,East,2017/2018,CONSTABLE ST,OWEN ST,,Non-Injury Crash,No,2017,,West,,0,,Hill Road,,,,,,Bright sun,2170000,0,0.0,0.0,2.0,,,0.0,,,,,,Wellington Region,Nil,2-way,Sealed,,0.0,0,,50.0,,Null,0.0,0.0,,47,Wellington City,Traffic Signals,,,,,0.0,0.0,Urban,0.0,,,Fine,Null,0
67616300,,576901,0.0,,0.0,1.0,,Null,2018/2019,ONEPU ROAD,COUTTS ST,,Minor Crash,No,2018,,West,,0,,Flat,,,,,,Overcast,2178200,1,0.0,0.0,3.0,,,0.0,,,1.0,,,Wellington Region,Nil,2-way,Sealed,,0.0,0,,30.0,,Null,0.0,0.0,,47,Wellington City,Traffic Signals,,,,,0.0,0.0,Urban,0.0,,,Fine,Null,0
67616465,,574100,0.0,,0.0,3.0,,North,2017/2018,SH 1N,NEWLANDS ON NBD,,Non-Injury Crash,Yes,2017,,North,,0,,Hill Road,,,,,,Bright sun,2084600,0,0.0,0.0,3.0,,,0.0,,,,,,Wellington Region,Nil,1-way,Sealed,,0.0,0,,100.0,,Null,0.0,0.0,,47,Wellington City,Unknown,,,,,0.0,0.0,Open,0.0,,,Fine,Null,0
67616477,,573000,0.0,0.0,0.0,1.0,0.0,East,2016/2017,STOUT ST,LAMBTON QUAY,,Non-Injury Crash,No,2017,0.0,East,0.0,0,0.0,Flat,0.0,,0.0,,0.0,Bright sun,2124100,0,0.0,0.0,2.0,0.0,0.0,0.0,0.0,1.0,,0.0,0.0,Wellington Region,Nil,1-way,Sealed,0.0,0.0,0,0.0,30.0,0.0,Null,1.0,0.0,,47,Wellington City,Nil,0.0,0.0,0.0,0.0,0.0,0.0,Urban,0.0,0.0,0.0,Null,Null,0
67616500,,576400,0.0,0.0,0.0,1.0,0.0,East,2016/2017,CONSTABLE ST,OWEN ST,,Non-Injury Crash,No,2017,0.0,West,0.0,0,0.0,Hill Road,0.0,,0.0,,0.0,Overcast,2170000,0,0.0,0.0,2.0,0.0,0.0,0.0,0.0,1.0,,0.0,0.0,Wellington Region,Nil,2-way,Sealed,0.0,0.0,0,0.0,50.0,0.0,Off,0.0,0.0,,47,Wellington City,Unknown,0.0,0.0,0.0,0.0,0.0,0.0,Urban,1.0,0.0,0.0,Fine,Null,0
67616508,,572900,0.0,,0.0,3.0,,West,2016/2017,SH 1N,MAY ON NBD,,Non-Injury Crash,Yes,2017,,East,,0,,Flat,,,,,,Overcast,2118500,0,0.0,0.0,4.0,,,0.0,,,,,,Wellington Region,Nil,1-way,Sealed,,0.0,0,,100.0,,Null,0.0,0.0,,47,Wellington City,Unknown,,,,,0.0,0.0,Open,0.0,,,Fine,Null,0
67616524,,576301,0.0,,0.0,2.0,,Null,2016/2017,HANSON ST,JOHN ST,,Non-Injury Crash,No,2017,,North,,0,,Flat,,,,,,Bright sun,2163300,0,0.0,0.0,3.0,,,0.0,,,,,,Wellington Region,Nil,2-way,Sealed,,0.0,0,,50.0,,Null,0.0,0.0,,47,Wellington City,Give way,,,,,0.0,0.0,Urban,0.0,,,Null,Null,0
67616540,,575200,1.0,0.0,0.0,1.0,0.0,North,2016/2017,PEMBROKE ROAD,ALBEMARLE ROAD,,Non-Injury Crash,No,2017,0.0,North,0.0,0,0.0,Hill Road,0.0,,0.0,,0.0,Overcast,2151100,0,0.0,0.0,2.0,0.0,0.0,0.0,0.0,1.0,,0.0,0.0,Wellington Region,Nil,2-way,Sealed,0.0,0.0,0,0.0,50.0,0.0,Null,0.0,0.0,,47,Wellington City,Give way,0.0,0.0,0.0,0.0,0.0,0.0,Urban,0.0,0.0,0.0,Null,Null,0
67616581,,573101,0.0,,0.0,2.0,,West,2017/2018,COURTENAY PLACE,TORY ST,,Non-Injury Crash,No,2017,,West,,0,,Flat,,,,,,Bright sun,2135600,0,0.0,0.0,1.0,,,0.0,,,,,,Wellington Region,Nil,1-way,Sealed,,0.0,0,,30.0,,Null,0.0,0.0,,47,Wellington City,Unknown,,,,,0.0,0.0,Urban,0.0,,,Fine,Null,0
67616835,,572900,1.0,,0.0,0.0,,East,2017/2018,BOWEN ST,THE TERRACE,,Minor Crash,No,2018,,West,,0,,Hill Road,,,,,,Bright sun,2122400,1,0.0,0.0,3.0,,,0.0,,,,,,Wellington Region,Nil,2-way,Sealed,,0.0,0,,50.0,,Null,0.0,0.0,,47,Wellington City,Unknown,,,,,0.0,0.0,Urban,1.0,,,Fine,Null,0
67616880,,573526,0.0,,0.0,2.0,,East,2017/2018,SH 2,RAILYARD ENTRY,,Non-Injury Crash,Yes,2017,,South,,0,,Flat,,,,,,Overcast,2077503,0,0.0,0.0,2.0,,,0.0,,,,,,Wellington Region,Nil,1-way,Sealed,,0.0,0,,100.0,,Null,0.0,0.0,,47,Wellington City,Unknown,,,,,0.0,0.0,Open,0.0,,,Fine,Null,0
67616952,,573522,1.0,,0.0,1.0,,Null,2018/2019,TAKAPU ROAD,TAWA ON SBD,,Minor Crash,No,2018,,North,,0,,Hill Road,,,,,,Overcast,2053703,1,0.0,0.0,2.0,,,0.0,,,,,,Wellington Region,Motorway ramp,2-way,Sealed,,0.0,0,,50.0,,Null,0.0,0.0,,47,Wellington City,Nil,,,,,0.0,0.0,Urban,0.0,,,Fine,Null,0
67616963,,573000,0.0,,0.0,1.0,,North,2017/2018,VICTORIA ST,HARRIS ST,,Non-Injury Crash,No,2018,,South,,0,,Flat,,,,,,Bright sun,2127400,0,0.0,0.0,2.0,,,0.0,,,,,,Wellington Region,Nil,1-way,Sealed,,0.0,0,,50.0,,Null,0.0,0.0,,47,Wellington City,Traffic Signals,,,,,0.0,0.0,Urban,1.0,,,Fine,Null,0
67616976,,572900,0.0,,0.0,1.0,,North,2017/2018,AOTEA ON NBD,AOTEA QUAY,,Non-Injury Crash,Yes,2017,,North,,0,,Hill Road,,,,,,Bright sun,2118400,0,0.0,0.0,1.0,,,0.0,,,,,,Wellington Region,Motorway ramp,1-way,Sealed,,0.0,0,,70.0,,Null,1.0,0.0,,47,Wellington City,Unknown,,,,,0.0,0.0,Urban,0.0,,,Fine,Null,0
67616979,,572900,0.0,,0.0,1.0,,North,2018/2019,WATERLOO QUAY,PLATFORM 9 ENTRY,,Serious Crash,No,2018,,North,,0,,Flat,,,,,,Bright sun,2122700,0,0.0,1.0,4.0,,,0.0,,,,,,Wellington Region,Nil,2-way,Sealed,,0.0,1,,50.0,,Null,0.0,0.0,,47,Wellington City,Unknown,,,,,0.0,0.0,Urban,0.0,,,Fine,Null,0
67617024,,576400,0.0,,0.0,2.0,,Null,2016/2017,RIDDIFORD ST,HALL ST,,Non-Injury Crash,No,2017,,South,,0,,Flat,,,,,,Bright sun,2166900,0,0.0,0.0,5.0,,,0.0,,,,,,Wellington Region,Nil,2-way,Sealed,,0.0,0,,50.0,,Null,0.0,1.0,,47,Wellington City,Traffic Signals,,,,,0.0,0.0,Urban,0.0,,,Fine,Null,0
67617052,,576200,0.0,,0.0,2.0,,South,2017/2018,ADELAIDE ROAD,AKATEA ST,,Non-Injury Crash,No,2018,,North,,0,,Flat,,,,,,Twilight,2172000,0,0.0,0.0,2.0,,,0.0,,,,,,Wellington Region,Nil,2-way,Sealed,,0.0,0,,50.0,,Off,0.0,0.0,,47,Wellington City,Unknown,,,,,0.0,0.0,Urban,0.0,,,Fine,Null,0
67617240,,573600,0.0,,0.0,1.0,,South,2018/2019,BASSETT ROAD,MOOREFIELD ROAD,,Minor Crash,No,2018,,South,,0,,Flat,,,,,,Dark,2080900,1,0.0,0.0,2.0,,,0.0,,,1.0,,,Wellington Region,Nil,2-way,Sealed,,0.0,0,,50.0,,On,0.0,0.0,,47,Wellington City,Give way,,,,,0.0,0.0,Urban,0.0,,,Heavy rain,Null,0
67617245,,573522,0.0,,0.0,1.0,,North,2014/2015,SH 1N,CHURTON PARK OFF SBD,,Minor Crash,Yes,2015,,South,,0,,Flat,,,,,,Bright sun,2086311,1,0.0,0.0,2.0,,,0.0,,,,,,Wellington Region,Nil,2-way,Sealed,,0.0,0,,100.0,,Null,0.0,0.0,,47,Wellington City,Nil,,,,,1.0,0.0,Open,0.0,,,Fine,Null,0
67617272,,573101,1.0,,0.0,0.0,,Null,2017/2018,TORY ST,JESSIE ST,,Minor Crash,No,2018,,North,,0,,Hill Road,,,,,,Bright sun,2136500,1,0.0,0.0,2.0,,,0.0,,,1.0,,,Wellington Region,Nil,2-way,Sealed,,0.0,0,,50.0,,Null,0.0,0.0,,47,Wellington City,Nil,,,,,0.0,0.0,Urban,0.0,,,Fine,Null,0
67617387,,572701,0.0,0.0,0.0,1.0,0.0,West,2018/2019,COLLINS AVENUE,RANUI TERRACE,,Minor Crash,No,2018,0.0,South,0.0,0,1.0,Hill Road,0.0,,1.0,,0.0,Dark,1993200,1,0.0,0.0,2.0,0.0,1.0,0.0,0.0,0.0,,0.0,0.0,Wellington Region,Nil,2-way,Sealed,0.0,0.0,0,0.0,50.0,0.0,On,0.0,0.0,,47,Wellington City,Unknown,0.0,0.0,0.0,1.0,0.0,0.0,Urban,0.0,0.0,0.0,Light rain,Null,0
67617448,,576500,0.0,,0.0,1.0,,South,2017/2018,ADELAIDE ROAD,BROOMHEDGE ST,,Non-Injury Crash,No,2017,,South,,0,,Hill Road,,,,,,Overcast,2148300,0,0.0,0.0,3.0,,,0.0,,,,,,Wellington Region,Nil,2-way,Sealed,,0.0,0,,50.0,,Null,1.0,0.0,,47,Wellington City,Unknown,,,,,0.0,0.0,Urban,0.0,,,Light rain,Null,0
67617468,,575300,0.0,0.0,0.0,2.0,0.0,West,2017/2018,WAITEATA ROAD,MCKENZIE TERRACE,,Non-Injury Crash,No,2017,0.0,South,0.0,0,0.0,Hill Road,0.0,,0.0,,0.0,Bright sun,2155300,0,0.0,0.0,2.0,0.0,0.0,0.0,0.0,1.0,,0.0,0.0,Wellington Region,Nil,2-way,Sealed,0.0,0.0,0,0.0,50.0,0.0,Null,0.0,0.0,,47,Wellington City,Unknown,0.0,0.0,0.0,0.0,0.0,0.0,Urban,0.0,0.0,0.0,Fine,Null,0
67617632,,576301,0.0,,0.0,0.0,,North,2018/2019,ADELAIDE ROAD,COLOMBO ST,,Minor Crash,No,2018,,North,,0,,Hill Road,,,,,,Dark,2164700,1,0.0,0.0,2.0,,,0.0,,,1.0,,,Wellington Region,Nil,2-way,Sealed,,0.0,0,,50.0,,On,0.0,0.0,,47,Wellington City,Give way,,,,,0.0,0.0,Urban,1.0,,,Heavy rain,Null,0
67617736,,573000,0.0,0.0,0.0,1.0,0.0,South,2017/2018,WILLIS ST,ELLERS AVENUE,,Non-Injury Crash,No,2017,0.0,North,0.0,0,0.0,Hill Road,0.0,,0.0,,0.0,Bright sun,2128500,0,0.0,0.0,2.0,0.0,0.0,0.0,0.0,1.0,,0.0,0.0,Wellington Region,Nil,2-way,Sealed,0.0,0.0,0,0.0,50.0,0.0,Null,0.0,0.0,,47,Wellington City,Nil,0.0,0.0,0.0,0.0,1.0,0.0,Urban,0.0,0.0,0.0,Fine,Null,0
67617787,,577000,0.0,0.0,0.0,1.0,0.0,Null,2017/2018,SH 1N,CALABAR ROAD,,Non-Injury Crash,Yes,2017,0.0,North,0.0,0,0.0,Flat,0.0,,0.0,,0.0,Overcast,2175700,0,0.0,0.0,2.0,0.0,0.0,0.0,0.0,0.0,,0.0,0.0,Wellington Region,Nil,2-way,Sealed,0.0,0.0,0,0.0,70.0,0.0,Null,0.0,0.0,,47,Wellington City,Give way,1.0,1.0,0.0,0.0,1.0,0.0,Urban,0.0,0.0,0.0,Fine,Null,0
67617956,,576800,0.0,,0.0,2.0,,East,2017/2018,SH 1N,EAST PORTAL,,Non-Injury Crash,Yes,2017,,West,,0,,Flat,,,,,,Overcast,2181800,0,0.0,0.0,2.0,,,0.0,,,,,,Wellington Region,Nil,2-way,Sealed,,0.0,0,,50.0,,Null,0.0,0.0,,47,Wellington City,Unknown,,,,,0.0,0.0,Urban,0.0,,,Fine,Null,0
67618020,,572900,0.0,0.0,0.0,1.0,0.0,Null,2016/2017,SH 1N,TINAKORI OFF NBD,,Non-Injury Crash,Yes,2017,1.0,North,0.0,0,0.0,Flat,0.0,,0.0,,0.0,Overcast,2122000,0,0.0,0.0,3.0,0.0,0.0,0.0,0.0,0.0,,0.0,0.0,Wellington Region,Nil,1-way,Sealed,0.0,0.0,0,0.0,100.0,0.0,Null,0.0,0.0,,47,Wellington City,Nil,0.0,0.0,0.0,0.0,0.0,0.0,Open,0.0,0.0,0.0,Fine,Null,0
67618072,,573101,0.0,0.0,1.0,1.0,0.0,West,2016/2017,COURTENAY PLACE,ALLEN ST,,Non-Injury Crash,No,2017,0.0,East,0.0,0,0.0,Flat,0.0,,0.0,,0.0,Twilight,2135700,0,0.0,0.0,1.0,0.0,0.0,0.0,0.0,1.0,,0.0,0.0,Wellington Region,Nil,1-way,Sealed,0.0,0.0,0,0.0,30.0,0.0,On,0.0,1.0,,47,Wellington City,Unknown,0.0,0.0,0.0,0.0,0.0,0.0,Urban,0.0,0.0,0.0,Null,Null,0
67618184,,573101,0.0,,0.0,2.0,,North,2017/2018,TARANAKI ST,MARTIN SQUARE,,Non-Injury Crash,No,2018,,South,,0,,Flat,,,,,,Overcast,2134700,0,0.0,0.0,3.0,,,0.0,,,,,,Wellington Region,Nil,2-way,Sealed,,0.0,0,,50.0,,Null,0.0,0.0,,47,Wellington City,Nil,,,,,0.0,0.0,Urban,0.0,,,Fine,Null,0
67618224,,574002,1.0,,0.0,0.0,,South,2018/2019,SH 1N,NEWLANDS ON SBD,,Serious Crash,Yes,2018,,South,,0,,Hill Road,,,,,,Bright sun,2078304,0,0.0,0.0,6.0,,,0.0,,,,,,Wellington Region,Nil,2-way,Sealed,,0.0,1,,80.0,,Null,0.0,0.0,,47,Wellington City,Unknown,,,,,0.0,0.0,Open,0.0,,,Fine,Null,0
67618252,,573101,0.0,,0.0,1.0,,South,2018/2019,TORY ST,FORRESTERS LANE,,Minor Crash,No,2018,,North,,0,,Flat,,,,,,Bright sun,2136000,1,0.0,0.0,2.0,,,0.0,,,1.0,,,Wellington Region,Nil,2-way,Sealed,,0.0,0,,50.0,,Null,0.0,0.0,,47,Wellington City,Nil,,,,,0.0,0.0,Urban,0.0,,,Fine,Null,0
67618264,,576500,0.0,,1.0,1.0,,Null,2017/2018,ADELAIDE ROAD,SH 1N,,Non-Injury Crash,Yes,2017,,North,,0,,Flat,,,,,,Overcast,2147900,0,0.0,0.0,4.0,,,0.0,,,,,,Wellington Region,Nil,2-way,Sealed,,0.0,0,,50.0,,Null,0.0,0.0,,47,Wellington City,Traffic Signals,,,,,0.0,0.0,Urban,0.0,,,Fine,Null,0
67618512,,576901,0.0,,1.0,1.0,,West,2016/2017,RONGOTAI ROAD,BAY ROAD,,Non-Injury Crash,No,2017,,East,,0,,Flat,,,,,,Bright sun,2178400,0,0.0,0.0,3.0,,,0.0,,,,,,Wellington Region,Nil,2-way,Sealed,,0.0,0,,30.0,,Null,0.0,0.0,,47,Wellington City,Traffic Signals,,,,,0.0,0.0,Urban,0.0,,,Fine,Null,0
67618620,,574303,0.0,,0.0,4.0,,South,2017/2018,HUTT ROAD,JARDEN MILE,,Non-Injury Crash,No,2017,,East,,0,,Flat,,,,,,Overcast,2090402,0,0.0,0.0,2.0,,,0.0,,,,,,Wellington Region,Nil,1-way,Sealed,,0.0,0,,80.0,,Null,0.0,0.0,,47,Wellington City,Unknown,,,,,0.0,0.0,Open,0.0,,,Light rain,Null,0
67618635,,576600,0.0,,0.0,3.0,,West,2017/2018,ORIENTAL PARADE,FREYBERG POOL CPK ENT,,Non-Injury Crash,No,2017,,East,,0,,Flat,,,,,,Bright sun,2137900,0,0.0,0.0,2.0,,,0.0,,,,,,Wellington Region,Nil,2-way,Sealed,,0.0,0,,40.0,,Null,0.0,0.0,,47,Wellington City,Unknown,,,,,0.0,0.0,Urban,0.0,,,Fine,Null,0
67618795,,573400,0.0,,0.0,1.0,,East,2016/2017,MAJORIBANKS ST,KENT TERRACE,,Non-Injury Crash,No,2017,,West,,0,,Flat,,,,,,Overcast,2139700,0,0.0,0.0,2.0,,,0.0,,,,,,Wellington Region,Nil,2-way,Sealed,,0.0,0,,50.0,,Null,0.0,0.0,,47,Wellington City,Nil,,,,,1.0,0.0,Urban,0.0,,,Null,Null,0
67618808,,577102,0.0,0.0,0.0,2.0,0.0,North,2017/2018,STRATHMORE AVENUE,TANNADYCE ST,,Non-Injury Crash,No,2017,0.0,North,0.0,0,0.0,Hill Road,0.0,,0.0,,0.0,Overcast,2214100,0,0.0,0.0,2.0,0.0,0.0,0.0,0.0,1.0,,0.0,0.0,Wellington Region,Nil,2-way,Sealed,0.0,0.0,0,0.0,50.0,0.0,Null,0.0,0.0,,47,Wellington City,Unknown,0.0,0.0,0.0,0.0,0.0,0.0,Urban,0.0,0.0,0.0,Light rain,Null,0
67618856,,573101,0.0,,0.0,2.0,,Null,2018/2019,SH 1N,WALTER ST,,Non-Injury Crash,Yes,2018,,East,,0,,Flat,,,,,,Bright sun,2132000,0,0.0,0.0,2.0,,,0.0,,,,,,Wellington Region,Nil,1-way,Sealed,,0.0,0,,50.0,,Null,0.0,0.0,,47,Wellington City,Give way,,,,,0.0,0.0,Urban,0.0,,,Fine,Null,0
67618900,,573700,0.0,,0.0,2.0,,North,2017/2018,SH 1N,JVILLE OBR,,Non-Injury Crash,Yes,2018,,North,,0,,Flat,,,,,,Dark,2083100,0,0.0,0.0,4.0,,,0.0,,,,,,Wellington Region,Nil,2-way,Sealed,,0.0,0,,80.0,,On,0.0,0.0,,47,Wellington City,Unknown,,,,,0.0,0.0,Open,1.0,,,Fine,Null,0
67618920,,576500,0.0,,0.0,1.0,,Null,2017/2018,ADELAIDE ROAD,JOHN ST,,Non-Injury Crash,No,2018,,North,,0,,Flat,,,,,,Bright sun,2148700,0,0.0,0.0,4.0,,,0.0,,,1.0,,,Wellington Region,Nil,2-way,Sealed,,0.0,0,,50.0,,Null,0.0,1.0,,47,Wellington City,Traffic Signals,,,,,0.0,0.0,Urban,0.0,,,Fine,Null,0
67618923,,573101,0.0,,0.0,1.0,,Null,2017/2018,TORY ST,COURTENAY PLACE,,Minor Crash,No,2018,,North,,0,,Flat,,,,,,Dark,2135600,1,1.0,0.0,2.0,,,0.0,,,,,,Wellington Region,Nil,2-way,Sealed,,0.0,0,,40.0,,On,0.0,0.0,,47,Wellington City,Traffic Signals,,,,,0.0,0.0,Urban,0.0,,,Light rain,Null,0
67618972,,575600,0.0,0.0,0.0,2.0,0.0,North,2017/2018,WASHINGTON AVENUE,CONNAUGHT TERRACE,,Non-Injury Crash,No,2018,0.0,North,0.0,0,0.0,Flat,0.0,,0.0,,0.0,Bright sun,2162903,0,0.0,0.0,2.0,0.0,0.0,0.0,0.0,1.0,,0.0,0.0,Wellington Region,Nil,2-way,Sealed,0.0,0.0,0,0.0,50.0,0.0,Null,0.0,0.0,,47,Wellington City,Unknown,0.0,0.0,0.0,0.0,0.0,0.0,Urban,0.0,0.0,0.0,Fine,Null,0
67618992,,573000,0.0,,0.0,1.0,,South,2017/2018,VICTORIA ST,HUNTER ST,,Non-Injury Crash,No,2018,,South,,0,,Flat,,,,,,Bright sun,2126000,0,0.0,0.0,2.0,,,0.0,,,,,,Wellington Region,Nil,1-way,Sealed,,0.0,0,,50.0,,Null,0.0,0.0,,47,Wellington City,Unknown,,,,,1.0,0.0,Urban,0.0,,,Fine,Strong wind,0
67619019,,572900,0.0,0.0,0.0,2.0,0.0,East,2017/2018,TINAKORI ROAD,PARK ST,,Non-Injury Crash,No,2017,0.0,East,0.0,0,0.0,Flat,0.0,,0.0,,0.0,Dark,2118500,0,0.0,0.0,2.0,0.0,0.0,0.0,0.0,1.0,,0.0,0.0,Wellington Region,Nil,2-way,Sealed,0.0,0.0,0,0.0,50.0,0.0,On,0.0,0.0,,47,Wellington City,Unknown,0.0,0.0,0.0,0.0,0.0,0.0,Urban,0.0,0.0,0.0,Light rain,Null,0
67619028,,576901,0.0,,0.0,2.0,,Null,2017/2018,TROY ST,SH 1N,,Non-Injury Crash,No,2017,,North,,0,,Flat,,,,,,Bright sun,2176800,0,0.0,0.0,2.0,,,0.0,,,,,,Wellington Region,Nil,1-way,Sealed,,0.0,0,,50.0,,Null,0.0,0.0,,47,Wellington City,Give way,,,,,0.0,0.0,Urban,0.0,,,Fine,Null,0
67619035,,573802,0.0,0.0,1.0,1.0,0.0,East,2016/2017,HELSTON ROAD,ARTHUR CARMAN ST,,Non-Injury Crash,No,2017,0.0,East,0.0,0,0.0,Hill Road,0.0,,0.0,,0.0,Bright sun,2079100,0,0.0,0.0,2.0,0.0,0.0,0.0,0.0,1.0,,0.0,0.0,Wellington Region,Nil,2-way,Sealed,0.0,0.0,0,0.0,50.0,0.0,Null,0.0,0.0,,47,Wellington City,Unknown,0.0,0.0,0.0,0.0,0.0,0.0,Urban,0.0,0.0,0.0,Fine,Null,0
67619047,,575902,0.0,,0.0,1.0,,North,2015/2016,HAPPY VALLEY ROAD,LANDFILL ROAD,,Fatal Crash,No,2015,,South,,1,,Flat,,Labour Weekend,,,,Bright sun,2187403,2,0.0,1.0,2.0,,,0.0,,,,,,Wellington Region,Nil,2-way,Sealed,,0.0,0,,70.0,,Off,0.0,0.0,,47,Wellington City,Unknown,,,,,0.0,0.0,Urban,0.0,,,Fine,Null,0
67619064,,573000,0.0,,0.0,2.0,,Null,2017/2018,VICTORIA ST,HUNTER ST,,Non-Injury Crash,No,2017,,South,,0,,Flat,,,,,,Bright sun,2125900,0,0.0,0.0,2.0,,,0.0,,,,,,Wellington Region,Nil,1-way,Sealed,,0.0,0,,50.0,,Null,0.0,0.0,,47,Wellington City,Nil,,,,,0.0,0.0,Urban,0.0,,,Null,Null,0
67619112,,573101,0.0,0.0,0.0,1.0,0.0,West,2017/2018,WIGAN ST,TARANAKI ST,,Non-Injury Crash,No,2017,0.0,West,0.0,0,0.0,Flat,0.0,,0.0,,0.0,Bright sun,2134100,0,0.0,0.0,2.0,0.0,0.0,0.0,0.0,1.0,,0.0,0.0,Wellington Region,Nil,2-way,Sealed,0.0,0.0,0,0.0,50.0,0.0,Null,0.0,0.0,,47,Wellington City,Unknown,0.0,0.0,0.0,0.0,0.0,0.0,Urban,1.0,0.0,0.0,Fine,Null,0