OBJECTID,advisorySpeed,areaUnitID,bicycle,bridge,bus,carStationWagon,cliffBank,crashDirectionDescription,crashFinancialYear,crashLocation1,crashLocation2,crashRoadSideRoad,crashSeverity,crashSHDescription,crashYear,debris,directionRoleDescription,ditch,fatalCount,fence,flatHill,guardRail,holiday,houseOrBuilding,intersection,kerb,light,meshblockId,minorInjuryCount,moped,motorcycle,NumberOfLanes,objectThrownOrDropped,otherObject,otherVehicleType,overBank,parkedVehicle,pedestrian,phoneBoxEtc,postOrPole,region,roadCharacter,roadLane,roadSurface,roadworks,schoolBus,seriousInjuryCount,slipOrFlood,speedLimit,strayAnimal,streetLight,suv,taxi,temporarySpeedLimit,tlaId,tlaName,trafficControl,trafficIsland,trafficSign,train,tree,truck,unknownVehicleType,urban,vanOrUtility,vehicle,waterRiver,weatherA,weatherB,if_pandemic
67619123,,573000,0.0,0.0,0.0,2.0,0.0,South,2017/2018,WILLIS ST,MANNERS ST,,Non-Injury Crash,No,2017,0.0,South,0.0,0,0.0,Flat,0.0,,0.0,,0.0,Bright sun,2128400,0,0.0,0.0,2.0,0.0,0.0,0.0,0.0,1.0,,0.0,0.0,Wellington Region,Nil,2-way,Sealed,0.0,0.0,0,0.0,30.0,0.0,Null,0.0,0.0,,47,Wellington City,Traffic Signals,0.0,0.0,0.0,0.0,0.0,0.0,Urban,0.0,0.0,0.0,Fine,Null,0
67619195,,574200,0.0,0.0,0.0,3.0,0.0,Null,2017/2018,COCKAYNE ROAD,MYSORE ST,,Non-Injury Crash,No,2017,0.0,West,0.0,0,0.0,Hill Road,0.0,Christmas New Year,0.0,,0.0,Overcast,2088600,0,0.0,0.0,2.0,0.0,0.0,0.0,0.0,2.0,,0.0,0.0,Wellington Region,Nil,2-way,Sealed,0.0,0.0,0,0.0,50.0,0.0,Null,0.0,0.0,,47,Wellington City,Give way,0.0,0.0,0.0,0.0,0.0,0.0,Urban,0.0,0.0,0.0,Light rain,Null,0
67619203,,573101,0.0,,1.0,0.0,,South,2016/2017,WILLIS ST,MERCER ST,,Non-Injury Crash,No,2017,,South,,0,,Hill Road,,,,,,Overcast,2130800,0,0.0,0.0,3.0,,,0.0,,,1.0,,,Wellington Region,Nil,2-way,Sealed,,0.0,0,,30.0,,Null,0.0,0.0,,47,Wellington City,Unknown,,,,,0.0,0.0,Urban,0.0,,,Fine,Null,0
67619264,,576200,0.0,0.0,0.0,1.0,0.0,Null,2017/2018,BRITOMART ST,STANLEY ST,,Non-Injury Crash,No,2017,0.0,North,0.0,0,0.0,Hill Road,0.0,,0.0,,0.0,Dark,2171100,0,0.0,0.0,2.0,0.0,0.0,0.0,0.0,1.0,,0.0,0.0,Wellington Region,Nil,2-way,Sealed,0.0,0.0,0,0.0,50.0,0.0,On,1.0,0.0,,47,Wellington City,Give way,0.0,0.0,0.0,0.0,0.0,0.0,Urban,0.0,0.0,0.0,Fine,Null,0
67619296,,573101,0.0,,0.0,2.0,,Null,2016/2017,ABEL SMITH ST,WILLIS ST,,Non-Injury Crash,No,2017,,North,,0,,Flat,,,,,,Dark,2131900,0,0.0,0.0,2.0,,,0.0,,,,,,Wellington Region,Nil,2-way,Sealed,,0.0,0,,50.0,,On,0.0,0.0,,47,Wellington City,Traffic Signals,,,,,0.0,0.0,Urban,0.0,,,Heavy rain,Strong wind,0
67619444,,573101,0.0,,0.0,1.0,,South,2016/2017,TARANAKI ST,CABLE ST,,Non-Injury Crash,No,2017,,North,,0,,Flat,,,,,,Overcast,2135200,0,0.0,0.0,5.0,,,0.0,,,,,,Wellington Region,Nil,2-way,Sealed,,0.0,0,,50.0,,Null,0.0,0.0,,47,Wellington City,Unknown,,,,,0.0,0.0,Urban,1.0,,,Heavy rain,Null,0
67619452,,576301,0.0,0.0,0.0,2.0,0.0,East,2017/2018,HALL ST,ADELAIDE ROAD,,Non-Injury Crash,No,2017,0.0,North,0.0,0,0.0,Flat,0.0,,0.0,,0.0,Overcast,2163900,0,0.0,0.0,2.0,0.0,0.0,0.0,0.0,1.0,,0.0,0.0,Wellington Region,Nil,2-way,Sealed,0.0,0.0,0,0.0,50.0,0.0,Null,0.0,0.0,,47,Wellington City,Traffic Signals,0.0,0.0,0.0,0.0,1.0,0.0,Urban,0.0,0.0,0.0,Fine,Null,0
67619468,,573000,0.0,,0.0,1.0,,Null,2016/2017,CUSTOMHOUSE QUAY,BRANDON ST,,Non-Injury Crash,No,2017,,North,,0,,Flat,,,,,,Dark,2124300,0,0.0,0.0,6.0,,,0.0,,,,,,Wellington Region,Nil,2-way,Sealed,,0.0,0,,50.0,,On,0.0,0.0,,47,Wellington City,Traffic Signals,,,,,1.0,0.0,Urban,0.0,,,Light rain,Null,0
67619472,,573101,0.0,0.0,0.0,2.0,0.0,North,2016/2017,CAMBRIDGE TERRACE,TENNYSON ST,,Non-Injury Crash,No,2017,0.0,North,0.0,0,0.0,Flat,0.0,,0.0,,0.0,Dark,2136100,0,0.0,0.0,3.0,0.0,0.0,0.0,0.0,1.0,,0.0,0.0,Wellington Region,Nil,1-way,Sealed,0.0,0.0,0,0.0,50.0,0.0,On,0.0,0.0,,47,Wellington City,Unknown,0.0,0.0,0.0,0.0,0.0,0.0,Urban,0.0,0.0,0.0,Fine,Null,0
67619531,,573101,0.0,0.0,0.0,1.0,0.0,West,2016/2017,DIXON ST,VICTORIA ST,,Non-Injury Crash,No,2017,0.0,West,0.0,0,0.0,Flat,0.0,,0.0,,0.0,Overcast,2131400,0,0.0,0.0,2.0,0.0,0.0,0.0,0.0,0.0,,0.0,0.0,Wellington Region,Nil,1-way,Sealed,0.0,0.0,0,0.0,50.0,0.0,Null,1.0,1.0,,47,Wellington City,Unknown,0.0,0.0,0.0,0.0,0.0,0.0,Urban,0.0,1.0,0.0,Light rain,Null,0
67619552,,573101,0.0,,0.0,1.0,,West,2017/2018,CABLE ST,ORIENTAL PARADE,,Non-Injury Crash,No,2017,,East,,0,,Null,,,,,,Dark,2135500,0,0.0,0.0,3.0,,,0.0,,,,,,Wellington Region,Nil,1-way,Sealed,,0.0,0,,50.0,,On,0.0,0.0,,47,Wellington City,Unknown,,,,,1.0,0.0,Urban,0.0,,,Null,Null,0
67619708,,573511,0.0,0.0,0.0,2.0,1.0,South,2017/2018,SH 1N,TAWA OFF NBD,,Fatal Crash,Yes,2018,0.0,North,0.0,1,0.0,Flat,0.0,,0.0,,0.0,Dark,2086201,4,0.0,0.0,2.0,0.0,0.0,0.0,0.0,0.0,,0.0,0.0,Wellington Region,Nil,1-way,Sealed,0.0,0.0,1,0.0,100.0,0.0,None,0.0,0.0,,47,Wellington City,Unknown,0.0,0.0,0.0,0.0,0.0,0.0,Open,0.0,0.0,0.0,Light rain,Null,0
67619755,,573000,0.0,0.0,0.0,2.0,0.0,South,2016/2017,CUSTOMHOUSE QUAY,BALLANCE ST,,Non-Injury Crash,No,2017,0.0,North,0.0,0,0.0,Flat,0.0,,0.0,,0.0,Bright sun,2125100,0,0.0,0.0,3.0,0.0,0.0,0.0,0.0,1.0,,0.0,0.0,Wellington Region,Nil,1-way,Sealed,0.0,0.0,0,0.0,50.0,0.0,Null,0.0,0.0,,47,Wellington City,Unknown,0.0,0.0,0.0,0.0,0.0,0.0,Urban,0.0,0.0,0.0,Fine,Null,0
67619832,,572702,0.0,0.0,0.0,2.0,0.0,North,2017/2018,COLLINS AVENUE,MAHOE ST,,Non-Injury Crash,No,2017,0.0,North,0.0,0,0.0,Flat,0.0,,0.0,,0.0,Overcast,1996100,0,0.0,0.0,2.0,0.0,0.0,0.0,0.0,1.0,,0.0,0.0,Wellington Region,Nil,2-way,Sealed,0.0,0.0,0,0.0,50.0,0.0,Null,0.0,0.0,,47,Wellington City,Unknown,0.0,0.0,0.0,0.0,0.0,0.0,Urban,0.0,0.0,0.0,Light rain,Null,0
67619864,,572900,0.0,,0.0,1.0,,East,2017/2018,ACCESS ROAD,BUNNY ST,,Non-Injury Crash,No,2017,,East,,0,,Flat,,,,,,Overcast,2122700,0,0.0,0.0,1.0,,,0.0,,,,,,Wellington Region,Nil,1-way,Sealed,,0.0,0,,50.0,,Null,1.0,0.0,,47,Wellington City,Unknown,,,,,0.0,0.0,Urban,0.0,,,Fine,Null,0
67619880,,573511,0.0,0.0,0.0,1.0,1.0,South,2017/2018,SH 1N,TAWA OFF NBD,,Non-Injury Crash,Yes,2017,0.0,North,0.0,0,0.0,Flat,0.0,,0.0,,0.0,Dark,2086201,0,0.0,0.0,2.0,0.0,0.0,0.0,0.0,0.0,,0.0,0.0,Wellington Region,Nil,1-way,Sealed,0.0,0.0,0,0.0,100.0,0.0,On,0.0,0.0,,47,Wellington City,Unknown,0.0,0.0,0.0,0.0,1.0,0.0,Open,0.0,0.0,0.0,Heavy rain,Null,0
67619931,,573101,0.0,0.0,0.0,2.0,0.0,North,2017/2018,CUBA ST,ABEL SMITH ST,,Non-Injury Crash,No,2017,0.0,North,0.0,0,0.0,Flat,0.0,,0.0,,0.0,Twilight,2134400,0,0.0,0.0,2.0,0.0,0.0,0.0,0.0,1.0,,0.0,0.0,Wellington Region,Nil,2-way,Sealed,0.0,0.0,0,0.0,50.0,0.0,On,0.0,0.0,,47,Wellington City,Unknown,0.0,0.0,0.0,0.0,0.0,0.0,Urban,0.0,0.0,0.0,Fine,Null,0
67619947,,572701,0.0,0.0,0.0,0.0,0.0,North,2017/2018,SH 1N,COLLINS OBR,,Non-Injury Crash,Yes,2017,0.0,North,0.0,0,0.0,Hill Road,2.0,,0.0,,0.0,Bright sun,1995600,0,0.0,0.0,4.0,0.0,0.0,0.0,0.0,0.0,,0.0,0.0,Wellington Region,Nil,2-way,Sealed,0.0,0.0,0,0.0,100.0,0.0,Null,1.0,0.0,70.0,47,Wellington City,Unknown,0.0,0.0,0.0,0.0,0.0,0.0,Open,1.0,0.0,0.0,Fine,Null,0
67619992,,572701,0.0,0.0,0.0,1.0,0.0,North,2017/2018,SH 1N,COLLINS OBR,,Non-Injury Crash,Yes,2017,0.0,North,0.0,0,0.0,Hill Road,1.0,,0.0,,0.0,Bright sun,1993200,0,0.0,0.0,4.0,0.0,0.0,0.0,0.0,0.0,,0.0,0.0,Wellington Region,Nil,2-way,Sealed,0.0,0.0,0,0.0,100.0,0.0,Null,0.0,0.0,80.0,47,Wellington City,Unknown,0.0,0.0,0.0,0.0,0.0,0.0,Open,0.0,0.0,0.0,Fine,Null,0
67620000,,573101,0.0,0.0,0.0,0.0,0.0,East,2017/2018,ABEL SMITH ST,KELVIN GROVE,,Non-Injury Crash,No,2017,0.0,West,0.0,0,0.0,Flat,0.0,,0.0,,0.0,Bright sun,2134500,0,0.0,0.0,2.0,0.0,0.0,0.0,0.0,1.0,,0.0,0.0,Wellington Region,Nil,2-way,Sealed,0.0,0.0,0,0.0,70.0,0.0,Null,0.0,0.0,,47,Wellington City,Unknown,0.0,0.0,0.0,0.0,1.0,0.0,Urban,1.0,0.0,0.0,Fine,Null,0
67620036,,573511,0.0,0.0,0.0,1.0,1.0,North,2017/2018,MIDDLETON ROAD,ROWELLS ROAD,,Minor Crash,No,2018,0.0,North,0.0,0,0.0,Flat,0.0,,0.0,,0.0,Overcast,2086203,1,0.0,0.0,2.0,0.0,0.0,0.0,0.0,0.0,,0.0,0.0,Wellington Region,Nil,2-way,Sealed,0.0,0.0,0,0.0,70.0,0.0,Null,0.0,0.0,,47,Wellington City,Unknown,0.0,0.0,0.0,0.0,0.0,0.0,Urban,0.0,0.0,0.0,Fine,Null,0
67620068,,573000,0.0,,0.0,1.0,,North,2017/2018,THE TERRACE,JAMES COOK HOTEL,,Minor Crash,No,2018,,North,,0,,Flat,,,,,,Dark,2124400,1,0.0,0.0,2.0,,,0.0,,,1.0,,,Wellington Region,Nil,2-way,Sealed,,0.0,0,,50.0,,On,0.0,0.0,,47,Wellington City,Unknown,,,,,0.0,0.0,Urban,0.0,,,Fine,Null,0
67620192,,577700,0.0,,0.0,1.0,,East,2017/2018,TAKARAU GORGE ROAD,MAKARA ROAD,,Non-Injury Crash,No,2018,,West,,0,,Flat,,,,,,Overcast,2116500,0,0.0,0.0,2.0,,,0.0,,,,,,Wellington Region,Nil,2-way,Sealed,,0.0,0,,50.0,,Null,0.0,0.0,,47,Wellington City,Unknown,,,,,0.0,0.0,Urban,0.0,,,Fine,Null,0
67620227,,573526,0.0,,0.0,3.0,,West,2017/2018,SH 2,HOROKIWI ROAD,,Non-Injury Crash,Yes,2017,,South,,0,,Flat,,,,,,Overcast,2077503,0,0.0,0.0,4.0,,,0.0,,,,,,Wellington Region,Nil,2-way,Sealed,,0.0,0,,100.0,,Null,0.0,0.0,,47,Wellington City,Unknown,,,,,0.0,0.0,Open,0.0,,,Null,Null,0
67620284,,573101,0.0,,0.0,1.0,,Null,2016/2017,TARANAKI ST,MARTIN SQUARE,,Non-Injury Crash,No,2017,,South,,0,,Flat,,,,,,Bright sun,2134700,0,0.0,0.0,5.0,,,0.0,,,,,,Wellington Region,Nil,2-way,Sealed,,0.0,0,,50.0,,Null,0.0,0.0,,47,Wellington City,Nil,,,,,0.0,0.0,Urban,1.0,,,Fine,Null,0
67620288,,573514,0.0,0.0,0.0,2.0,0.0,North,2017/2018,SH 1N,JOHNSONVILLE ON NBD,,Minor Crash,Yes,2017,1.0,North,0.0,0,0.0,Flat,1.0,,0.0,,0.0,Dark,2086204,1,0.0,0.0,4.0,0.0,0.0,0.0,0.0,0.0,,0.0,0.0,Wellington Region,Nil,2-way,Sealed,0.0,0.0,0,0.0,100.0,0.0,None,0.0,0.0,,47,Wellington City,Unknown,0.0,0.0,0.0,0.0,0.0,0.0,Open,0.0,0.0,0.0,Fine,Null,0
67620292,,573802,0.0,0.0,0.0,0.0,0.0,Null,2016/2017,BURGESS ROAD,CHESTERTON ST,,Non-Injury Crash,No,2017,0.0,North,0.0,0,1.0,Hill Road,0.0,,0.0,,0.0,Bright sun,2079200,0,0.0,0.0,2.0,0.0,0.0,0.0,0.0,0.0,,0.0,0.0,Wellington Region,Nil,2-way,Sealed,0.0,0.0,0,0.0,50.0,0.0,Null,1.0,0.0,,47,Wellington City,Stop,0.0,0.0,0.0,0.0,0.0,0.0,Urban,0.0,0.0,0.0,Fine,Null,0
67620400,,577500,0.0,,0.0,1.0,,Null,2017/2018,DUNDAS ST,INGLIS ST,,Non-Injury Crash,No,2017,,South,,0,,Flat,,,,,,Overcast,2210900,0,0.0,0.0,2.0,,,0.0,,,,,,Wellington Region,Nil,2-way,Sealed,,0.0,0,,50.0,,Off,0.0,0.0,,47,Wellington City,Give way,,,,,0.0,0.0,Urban,1.0,,,Fine,Strong wind,0
67620404,,573000,0.0,,0.0,0.0,,North,2017/2018,WILLIS ST,GHUZNEE ST,,Non-Injury Crash,No,2017,,North,,0,,Flat,,,,,,Overcast,2130700,0,0.0,0.0,2.0,,,0.0,,,,,,Wellington Region,Nil,2-way,Sealed,,0.0,0,,50.0,,Null,0.0,0.0,,47,Wellington City,Unknown,,,,,1.0,0.0,Urban,1.0,,,Fine,Null,0
67620644,,575902,0.0,,0.0,1.0,,South,2017/2018,JORDAN ST,MURCHISON ST,,Serious Crash,No,2018,,North,,0,,Hill Road,,,,,,Dark,2187404,0,0.0,0.0,2.0,,,0.0,,,1.0,,,Wellington Region,Nil,2-way,Sealed,,0.0,1,,50.0,,On,0.0,0.0,,47,Wellington City,Unknown,,,,,0.0,0.0,Urban,0.0,,,Fine,Null,0
67620723,,576903,1.0,,0.0,1.0,,Null,2016/2017,CRAWFORD ROAD,WELLINGTON ROAD,,Non-Injury Crash,No,2017,,South,,0,,Hill Road,,,,,,Dark,2181600,0,0.0,0.0,2.0,,,0.0,,,,,,Wellington Region,Nil,2-way,Sealed,,0.0,0,,50.0,,Null,0.0,0.0,,47,Wellington City,Give way,,,,,0.0,0.0,Urban,0.0,,,Fine,Null,0
67620736,,577000,0.0,0.0,0.0,1.0,0.0,South,2016/2017,ACCESS ROAD,STEWART DUFF DRIVE N,,Non-Injury Crash,No,2017,0.0,North,0.0,0,0.0,Flat,0.0,,0.0,,0.0,Dark,2175700,0,0.0,0.0,2.0,0.0,0.0,0.0,0.0,0.0,,1.0,0.0,Wellington Region,Nil,1-way,Sealed,0.0,0.0,0,0.0,20.0,0.0,On,0.0,0.0,,47,Wellington City,Unknown,1.0,1.0,0.0,0.0,0.0,0.0,Urban,0.0,0.0,0.0,Fine,Null,0
67620800,,573000,0.0,,0.0,1.0,,South,2017/2018,SALAMANCA ROAD,KELBURN PARADE,,Minor Crash,No,2018,,South,,0,,Hill Road,,,,,,Twilight,2126800,1,1.0,0.0,2.0,,,0.0,,,,,,Wellington Region,Nil,2-way,Sealed,,0.0,0,,50.0,,Off,0.0,0.0,,47,Wellington City,Unknown,,,,,0.0,0.0,Urban,0.0,,,Fine,Null,0
67620819,35.0,576400,0.0,0.0,0.0,1.0,0.0,West,2016/2017,CRAWFORD ROAD,DUNCAN TERRACE,,Non-Injury Crash,No,2017,0.0,South,0.0,0,0.0,Hill Road,0.0,,0.0,,1.0,Dark,2169402,0,0.0,0.0,2.0,0.0,0.0,0.0,0.0,0.0,,0.0,1.0,Wellington Region,Nil,2-way,Sealed,0.0,0.0,0,0.0,50.0,0.0,On,0.0,0.0,,47,Wellington City,Unknown,0.0,0.0,0.0,0.0,0.0,0.0,Urban,0.0,0.0,0.0,Fine,Null,0
67620915,,573400,0.0,0.0,0.0,1.0,0.0,South,2017/2018,BROUGHAM ST,MOIR ST,,Non-Injury Crash,No,2017,0.0,North,0.0,0,0.0,Hill Road,0.0,,0.0,,0.0,Overcast,2142800,0,0.0,0.0,2.0,0.0,0.0,0.0,0.0,1.0,,0.0,0.0,Wellington Region,Nil,2-way,Sealed,0.0,0.0,0,0.0,50.0,0.0,Null,0.0,0.0,,47,Wellington City,Nil,0.0,0.0,0.0,0.0,0.0,0.0,Urban,1.0,0.0,0.0,Fine,Null,0
67621052,35.0,574100,0.0,0.0,0.0,1.0,0.0,West,2017/2018,NEWLANDS ON NBD,NEWLANDS OFF NBD,,Non-Injury Crash,Yes,2018,0.0,West,0.0,0,0.0,Hill Road,1.0,,0.0,,0.0,Overcast,2084600,0,0.0,0.0,1.0,0.0,0.0,0.0,0.0,0.0,,0.0,0.0,Wellington Region,Motorway ramp,1-way,Sealed,0.0,0.0,0,0.0,50.0,0.0,Null,0.0,0.0,,47,Wellington City,Unknown,0.0,0.0,0.0,0.0,0.0,0.0,Urban,0.0,0.0,0.0,Fine,Null,0
67621096,,575200,0.0,,0.0,2.0,,North,2017/2018,NORTHLAND ROAD,RANDWICK ROAD,,Non-Injury Crash,No,2017,,South,,0,,Hill Road,,,,,,Twilight,2150900,0,0.0,0.0,2.0,,,0.0,,,,,,Wellington Region,Nil,2-way,Sealed,,0.0,0,,50.0,,On,0.0,0.0,,47,Wellington City,Give way,,,,,0.0,0.0,Urban,0.0,,,Fine,Null,0
67621148,,576903,0.0,0.0,0.0,1.0,0.0,East,2017/2018,ALEXANDRA ROAD,CONSTABLE ST,,Non-Injury Crash,No,2017,0.0,South,0.0,0,0.0,Hill Road,0.0,,0.0,,0.0,Dark,2180601,0,0.0,0.0,2.0,0.0,0.0,0.0,0.0,0.0,,1.0,0.0,Wellington Region,Nil,2-way,Sealed,0.0,0.0,0,0.0,50.0,0.0,On,0.0,0.0,,47,Wellington City,Unknown,0.0,0.0,0.0,0.0,0.0,0.0,Urban,0.0,0.0,0.0,Null,Null,0
67621328,,573000,1.0,0.0,0.0,1.0,0.0,North,2017/2018,LAMBTON QUAY,WILLIS ST,,Minor Crash,No,2018,0.0,North,0.0,0,0.0,Flat,0.0,,0.0,,0.0,Overcast,2125800,1,0.0,0.0,1.0,0.0,0.0,0.0,0.0,0.0,,0.0,0.0,Wellington Region,Nil,1-way,Sealed,0.0,0.0,0,0.0,30.0,0.0,Null,0.0,0.0,,47,Wellington City,Unknown,0.0,0.0,0.0,0.0,0.0,0.0,Urban,0.0,1.0,0.0,Null,Null,0
67621364,,573101,0.0,,0.0,2.0,,Null,2017/2018,CUBA ST,TONKS GROVE,,Non-Injury Crash,No,2017,,North,,0,,Flat,,,,,,Bright sun,2134600,0,0.0,0.0,2.0,,,0.0,,,,,,Wellington Region,Nil,2-way,Sealed,,0.0,0,,50.0,,Null,0.0,0.0,,47,Wellington City,Nil,,,,,0.0,0.0,Urban,0.0,,,Fine,Null,0
67621544,,576200,0.0,,0.0,2.0,,South,2017/2018,ADELAIDE ROAD,DUPPA ST,,Minor Crash,No,2018,,South,,0,,Flat,,Queens Birthday,,,,Bright sun,2172300,1,0.0,0.0,2.0,,,0.0,,,,,,Wellington Region,Nil,2-way,Sealed,,0.0,0,,50.0,,Null,0.0,0.0,,47,Wellington City,Nil,,,,,0.0,0.0,Urban,0.0,,,Fine,Null,0
67621584,,573000,0.0,0.0,0.0,2.0,0.0,North,2016/2017,WILLIS ST,GHUZNEE ST,,Non-Injury Crash,No,2017,0.0,North,0.0,0,0.0,Flat,0.0,,1.0,,0.0,Overcast,2130700,0,0.0,0.0,2.0,0.0,0.0,0.0,0.0,1.0,,0.0,0.0,Wellington Region,Nil,2-way,Sealed,0.0,0.0,0,0.0,50.0,0.0,Off,0.0,0.0,,47,Wellington City,Unknown,0.0,0.0,0.0,0.0,0.0,0.0,Urban,0.0,0.0,0.0,Light rain,Null,0
67621704,,573101,0.0,,0.0,2.0,,Null,2017/2018,KENT TERRACE,MAJORIBANKS ST,,Non-Injury Crash,No,2018,,South,,0,,Flat,,,,,,Bright sun,2135700,0,0.0,0.0,3.0,,,0.0,,,,,,Wellington Region,Nil,1-way,Sealed,,0.0,0,,50.0,,Null,0.0,0.0,,47,Wellington City,Traffic Signals,,,,,0.0,0.0,Urban,0.0,,,Fine,Null,0
67621768,,573511,0.0,,0.0,2.0,,Null,2017/2018,CHURTON PARK OFF NBD,WESTCHESTER DRIVE,,Non-Injury Crash,Yes,2018,,North,,0,,Flat,,,,,,Overcast,2086203,0,0.0,0.0,2.0,,,0.0,,,,,,Wellington Region,Bridge,2-way,Sealed,,0.0,0,,50.0,,Null,0.0,0.0,,47,Wellington City,Give way,,,,,0.0,0.0,Urban,0.0,,,Fine,Null,0
67621784,,576200,0.0,,0.0,1.0,,Null,2018/2019,RINTOUL ST,HERALD ST,,Non-Injury Crash,No,2018,,East,,0,,Hill Road,,,,,,Overcast,2171800,0,0.0,0.0,2.0,,,0.0,,,,,,Wellington Region,Nil,2-way,Sealed,,0.0,0,,50.0,,Null,0.0,0.0,,47,Wellington City,Give way,,,,,0.0,0.0,Urban,1.0,,,Fine,Strong wind,0
67621816,,572900,0.0,,1.0,0.0,,North,2017/2018,MOLESWORTH ST,LAMBTON QUAY,,Non-Injury Crash,No,2017,,North,,0,,Hill Road,,,,,,Dark,2122600,0,0.0,0.0,2.0,,,0.0,,,,,,Wellington Region,Nil,2-way,Sealed,,0.0,0,,30.0,,On,0.0,0.0,,47,Wellington City,Unknown,,,,,0.0,0.0,Urban,1.0,,,Heavy rain,Strong wind,0
67621904,,572900,0.0,0.0,0.0,1.0,0.0,West,2017/2018,HUTT ROAD,AOTEA QUAY,,Non-Injury Crash,No,2018,0.0,North,0.0,0,0.0,Null,0.0,,0.0,,0.0,Overcast,2118400,0,0.0,0.0,2.0,0.0,0.0,0.0,0.0,1.0,,0.0,0.0,Wellington Region,Nil,2-way,Sealed,0.0,0.0,0,0.0,50.0,0.0,Null,0.0,0.0,,47,Wellington City,Unknown,0.0,0.0,0.0,0.0,1.0,0.0,Urban,0.0,0.0,0.0,Fine,Null,0
67621972,,573514,0.0,0.0,0.0,2.0,0.0,South,2017/2018,HALSWATER DRIVE,DORMAR PLACE,,Non-Injury Crash,No,2017,0.0,South,0.0,0,0.0,Hill Road,0.0,,0.0,,0.0,Overcast,2086802,0,0.0,0.0,2.0,0.0,0.0,0.0,0.0,1.0,,0.0,0.0,Wellington Region,Nil,2-way,Sealed,0.0,0.0,0,0.0,50.0,0.0,Null,0.0,0.0,,47,Wellington City,Unknown,0.0,0.0,0.0,0.0,0.0,0.0,Urban,0.0,0.0,0.0,Fine,Null,0
67622096,,574303,0.0,,0.0,2.0,,South,2017/2018,SH 1N,SH 2,,Non-Injury Crash,Yes,2018,,North,,0,,Hill Road,,,,,,Bright sun,2090402,0,0.0,0.0,8.0,,,0.0,,,,,,Wellington Region,Nil,2-way,Sealed,,0.0,0,,100.0,,Null,0.0,0.0,,47,Wellington City,Unknown,,,,,0.0,0.0,Open,0.0,,,Fine,Null,0
67622112,,575200,0.0,,0.0,1.0,,West,2017/2018,GLENMORE ST,NORTHLAND ROAD,,Minor Crash,No,2018,,North,,0,,Flat,,,,,,Bright sun,2149900,1,0.0,1.0,2.0,,,0.0,,,,,,Wellington Region,Nil,2-way,Sealed,,0.0,0,,50.0,,Null,0.0,0.0,,47,Wellington City,Unknown,,,,,0.0,0.0,Urban,0.0,,,Fine,Null,0
67622164,,573700,0.0,,1.0,1.0,,Null,2016/2017,MOOREFIELD ROAD,BRODERICK ROAD,,Non-Injury Crash,No,2017,,South,,0,,Null,,,,,,Bright sun,2082700,0,0.0,0.0,2.0,,,0.0,,,,,,Wellington Region,Nil,2-way,Sealed,,0.0,0,,50.0,,Null,0.0,0.0,,47,Wellington City,Traffic Signals,,,,,0.0,0.0,Urban,0.0,,,Null,Null,0
67622308,,572900,0.0,0.0,0.0,1.0,0.0,North,2016/2017,GRANT ROAD,POPLAR GROVE,,Non-Injury Crash,No,2017,0.0,North,0.0,0,0.0,Flat,0.0,,0.0,,0.0,Dark,2101900,0,0.0,0.0,2.0,0.0,0.0,0.0,0.0,1.0,,0.0,0.0,Wellington Region,Nil,2-way,Sealed,0.0,0.0,0,0.0,50.0,0.0,On,0.0,0.0,,47,Wellington City,Nil,0.0,0.0,0.0,0.0,1.0,0.0,Urban,0.0,0.0,0.0,Null,Null,0
67622324,,572701,0.0,0.0,0.0,1.0,0.0,South,2017/2018,HANDYSIDE ST,MEXTED TERRACE,,Non-Injury Crash,No,2017,0.0,South,0.0,0,0.0,Hill Road,0.0,,0.0,,0.0,Overcast,1993100,0,0.0,0.0,2.0,0.0,0.0,0.0,0.0,1.0,,0.0,0.0,Wellington Region,Nil,2-way,Sealed,0.0,0.0,0,0.0,50.0,0.0,Null,0.0,0.0,,47,Wellington City,Unknown,0.0,0.0,0.0,0.0,0.0,0.0,Urban,1.0,0.0,0.0,Light rain,Strong wind,0
67622419,,576301,0.0,0.0,0.0,2.0,0.0,Null,2017/2018,COLOMBO ST,ADELAIDE ROAD,,Non-Injury Crash,No,2017,0.0,North,0.0,0,0.0,Flat,0.0,,0.0,,0.0,Dark,2164700,0,0.0,0.0,2.0,0.0,0.0,0.0,0.0,2.0,,0.0,0.0,Wellington Region,Nil,2-way,Sealed,0.0,0.0,0,0.0,50.0,0.0,On,0.0,0.0,,47,Wellington City,Give way,0.0,0.0,0.0,0.0,0.0,0.0,Urban,2.0,0.0,0.0,Fine,Null,0
67622480,,574200,0.0,,0.0,1.0,,Null,2017/2018,BURMA ROAD,STATION ROAD,,Minor Crash,No,2018,,South,,0,,Hill Road,,,,,,Bright sun,2088100,1,0.0,1.0,2.0,,,0.0,,,,,,Wellington Region,Nil,2-way,Sealed,,0.0,0,,50.0,,Null,0.0,0.0,,47,Wellington City,Stop,,,,,0.0,0.0,Urban,0.0,,,Fine,Null,0
67622492,,577200,0.0,,0.0,1.0,,North,2017/2018,STONE ST,SOUTHAMPTON ROAD,,Minor Crash,No,2018,,South,,0,,Flat,,,,,,Overcast,2206200,1,0.0,1.0,2.0,,,0.0,,,,,,Wellington Region,Nil,2-way,Sealed,,0.0,0,,50.0,,Null,0.0,0.0,,47,Wellington City,Nil,,,,,0.0,0.0,Urban,0.0,,,Light rain,Null,0
67622512,,573101,0.0,0.0,0.0,2.0,0.0,North,2018/2019,TORY ST,FREDERICK ST,,Minor Crash,No,2018,0.0,North,0.0,0,0.0,Hill Road,0.0,,0.0,,0.0,Bright sun,2136800,1,0.0,0.0,2.0,0.0,0.0,0.0,0.0,1.0,,0.0,0.0,Wellington Region,Nil,2-way,Sealed,0.0,0.0,0,0.0,50.0,0.0,Null,0.0,0.0,,47,Wellington City,Unknown,0.0,0.0,0.0,0.0,0.0,0.0,Urban,0.0,0.0,0.0,Fine,Null,0