OBJECTID,advisorySpeed,areaUnitID,bicycle,bridge,bus,carStationWagon,cliffBank,crashDirectionDescription,crashFinancialYear,crashLocation1,crashLocation2,crashRoadSideRoad,crashSeverity,crashSHDescription,crashYear,debris,directionRoleDescription,ditch,fatalCount,fence,flatHill,guardRail,holiday,houseOrBuilding,intersection,kerb,light,meshblockId,minorInjuryCount,moped,motorcycle,NumberOfLanes,objectThrownOrDropped,otherObject,otherVehicleType,overBank,parkedVehicle,pedestrian,phoneBoxEtc,postOrPole,region,roadCharacter,roadLane,roadSurface,roadworks,schoolBus,seriousInjuryCount,slipOrFlood,speedLimit,strayAnimal,streetLight,suv,taxi,temporarySpeedLimit,tlaId,tlaName,trafficControl,trafficIsland,trafficSign,train,tree,truck,unknownVehicleType,urban,vanOrUtility,vehicle,waterRiver,weatherA,weatherB,if_pandemic
67622572,,573400,0.0,,0.0,0.0,,West,2018/2019,MAJORIBANKS ST,ROXBURGH ST,,Minor Crash,No,2018,,South,,0,,Flat,,Christmas New Year,,,,Overcast,2139700,1,0.0,0.0,2.0,,,0.0,,,1.0,,,Wellington Region,Nil,2-way,Sealed,,0.0,0,,50.0,,Null,0.0,0.0,,47,Wellington City,Nil,,,,,0.0,0.0,Urban,1.0,,,Fine,Null,0
67622619,,573523,0.0,,0.0,1.0,,North,2017/2018,SH 1N,CHURTON PARK OFF SBD,,Non-Injury Crash,Yes,2017,,South,,0,,Flat,,,,,,Bright sun,2086312,0,0.0,0.0,2.0,,,0.0,,,,,,Wellington Region,Nil,1-way,Sealed,,0.0,0,,100.0,,Null,0.0,0.0,,47,Wellington City,Unknown,,,,,1.0,0.0,Open,0.0,,,Fine,Null,0
67622659,,574900,0.0,0.0,0.0,2.0,0.0,West,2016/2017,RANELAGH ST,MORLEY ST,,Non-Injury Crash,No,2017,0.0,West,0.0,0,0.0,Flat,0.0,,0.0,,0.0,Dark,2109900,0,0.0,0.0,2.0,0.0,0.0,0.0,0.0,1.0,,0.0,0.0,Wellington Region,Nil,2-way,Sealed,0.0,0.0,0,0.0,50.0,0.0,On,0.0,0.0,,47,Wellington City,Unknown,0.0,0.0,0.0,0.0,0.0,0.0,Urban,0.0,0.0,0.0,Fine,Null,0
67622746,,576500,1.0,,0.0,2.0,,South,2017/2018,RIDDIFORD ST,HOSPITAL PED XING,,Minor Crash,No,2018,,North,,0,,Flat,,,,,,Bright sun,2148800,1,0.0,0.0,4.0,,,0.0,,,,,,Wellington Region,Nil,2-way,Sealed,,0.0,0,,50.0,,Null,0.0,0.0,,47,Wellington City,Unknown,,,,,0.0,0.0,Urban,0.0,,,Fine,Null,0
67622887,,576903,0.0,,0.0,2.0,,North,2017/2018,KILBIRNIE CRESCENT,CHILDERS TERRACE,,Non-Injury Crash,No,2017,,South,,0,,Flat,,,,,,Bright sun,2177900,0,0.0,0.0,2.0,,,0.0,,,,,,Wellington Region,Nil,2-way,Sealed,,0.0,0,,50.0,,Null,0.0,0.0,,47,Wellington City,Nil,,,,,0.0,0.0,Urban,0.0,,,Fine,Null,0
67622935,,574001,0.0,,0.0,1.0,,South,2017/2018,WAKELY ROAD,NEWLANDS ROAD,,Non-Injury Crash,No,2017,,South,,0,,Flat,,,,,,Overcast,2077600,0,0.0,0.0,2.0,,,0.0,,,,,,Wellington Region,Nil,2-way,Sealed,,0.0,0,,50.0,,Null,1.0,0.0,,47,Wellington City,Give way,,,,,0.0,0.0,Urban,0.0,,,Fine,Null,0
67622946,,573400,0.0,0.0,0.0,1.0,0.0,West,2017/2018,DUKE ST,HAWKER ST,,Non-Injury Crash,No,2017,0.0,North,0.0,0,0.0,Hill Road,0.0,,1.0,,0.0,Bright sun,2140100,0,0.0,0.0,2.0,0.0,0.0,0.0,0.0,0.0,,0.0,0.0,Wellington Region,Nil,2-way,Sealed,0.0,0.0,0,0.0,50.0,0.0,Null,0.0,0.0,,47,Wellington City,Unknown,0.0,0.0,0.0,0.0,0.0,0.0,Urban,0.0,0.0,0.0,Fine,Null,0
67623091,,573101,0.0,,0.0,1.0,,Null,2018/2019,TARANAKI ST,GHUZNEE ST,,Minor Crash,No,2018,,South,,0,,Flat,,,,,,Dark,2133408,1,0.0,0.0,5.0,,,0.0,,,1.0,,,Wellington Region,Nil,2-way,Sealed,,0.0,0,,50.0,,On,0.0,0.0,,47,Wellington City,Traffic Signals,,,,,0.0,0.0,Urban,0.0,,,Fine,Null,0
67623154,,573526,0.0,,0.0,4.0,,East,2017/2018,SH 2,RAILYARD ENTRY,,Non-Injury Crash,Yes,2018,,West,,0,,Flat,,,,,,Dark,2077503,0,0.0,0.0,2.0,,,0.0,,,,,,Wellington Region,Nil,1-way,Sealed,,0.0,0,,100.0,,On,0.0,0.0,,47,Wellington City,Unknown,,,,,0.0,0.0,Open,0.0,,,Heavy rain,Null,0
67623211,,573000,0.0,,0.0,0.0,,Null,2017/2018,BALLANCE ST,STOUT ST,,Non-Injury Crash,No,2017,,South,,0,,Flat,,,,,,Dark,2124100,0,0.0,0.0,2.0,,,0.0,,,,,,Wellington Region,Nil,2-way,Sealed,,0.0,0,,50.0,,On,0.0,0.0,,47,Wellington City,Give way,,,,,1.0,0.0,Urban,1.0,,,Heavy rain,Null,0
67623298,,576200,0.0,,0.0,1.0,,Null,2018/2019,ADELAIDE ROAD,CHILKA ST,,Minor Crash,No,2018,,North,,0,,Flat,,,,,,Dark,2173000,1,0.0,1.0,2.0,,,0.0,,,,,,Wellington Region,Nil,2-way,Sealed,,0.0,0,,50.0,,On,0.0,0.0,,47,Wellington City,Give way,,,,,0.0,0.0,Urban,0.0,,,Fine,Null,0
67623586,,574002,0.0,,0.0,2.0,,East,2017/2018,SH 2,RAILYARD ENTRY,,Serious Crash,Yes,2018,,South,,0,,Flat,,,,,,Dark,2078302,0,0.0,0.0,4.0,,,0.0,,,,,,Wellington Region,Nil,2-way,Sealed,,0.0,1,,100.0,,On,0.0,0.0,,47,Wellington City,Unknown,,,,,0.0,0.0,Open,0.0,,,Light rain,Null,0
67623662,,576500,0.0,,0.0,2.0,,Null,2015/2016,RIDDIFORD ST,HOWELL AVENUE,,Non-Injury Crash,No,2015,,South,,0,,Flat,,,,,,Dark,2148700,0,0.0,0.0,3.0,,,0.0,,,,,,Wellington Region,Nil,2-way,Sealed,,0.0,0,,50.0,,On,0.0,1.0,,47,Wellington City,Traffic Signals,,,,,0.0,0.0,Urban,0.0,,,Fine,Null,0
67623663,,573000,0.0,,0.0,2.0,,Null,2017/2018,CUSTOMHOUSE QUAY,BALLANCE ST,,Non-Injury Crash,No,2017,,North,,0,,Null,,,,,,Dark,2125100,0,0.0,0.0,1.0,,,0.0,,,,,,Wellington Region,Nil,1-way,Sealed,,0.0,0,,50.0,,On,0.0,0.0,,47,Wellington City,Nil,,,,,0.0,0.0,Urban,0.0,,,Null,Null,0
67623678,,573101,0.0,,0.0,1.0,,Null,2015/2016,TARANAKI ST,WAKEFIELD ST,,Minor Crash,No,2016,,South,,0,,Flat,,,,,,Dark,2133200,1,0.0,0.0,6.0,,,0.0,,,1.0,,,Wellington Region,Nil,2-way,Sealed,,0.0,0,,50.0,,On,0.0,1.0,,47,Wellington City,Traffic Signals,,,,,0.0,0.0,Urban,0.0,,,Fine,Null,0
67623706,,573300,0.0,0.0,0.0,2.0,0.0,West,2016/2017,BIDWILL ST,WALLACE ST,,Non-Injury Crash,No,2017,0.0,West,0.0,0,0.0,Flat,0.0,,0.0,,0.0,Dark,2145100,0,0.0,0.0,2.0,0.0,0.0,0.0,0.0,1.0,,0.0,0.0,Wellington Region,Nil,2-way,Sealed,0.0,0.0,0,0.0,50.0,0.0,On,0.0,0.0,,47,Wellington City,Unknown,0.0,0.0,0.0,0.0,0.0,0.0,Urban,0.0,0.0,0.0,Fine,Null,0
67623714,,577301,0.0,0.0,0.0,1.0,1.0,North,2016/2017,PARK ROAD,MIRAMAR NORTH ROAD,,Non-Injury Crash,No,2017,0.0,North,0.0,0,0.0,Flat,0.0,,0.0,,0.0,Overcast,2203800,0,0.0,0.0,2.0,0.0,0.0,0.0,0.0,1.0,,0.0,0.0,Wellington Region,Nil,2-way,Sealed,0.0,0.0,0,0.0,50.0,0.0,Null,0.0,0.0,,47,Wellington City,Unknown,0.0,0.0,0.0,0.0,0.0,0.0,Urban,1.0,0.0,0.0,Fine,Null,0
67623806,,576800,0.0,0.0,0.0,1.0,0.0,Null,2015/2016,WAITOA ROAD,WAIPAPA ROAD,,Non-Injury Crash,No,2015,0.0,South,0.0,0,0.0,Hill Road,0.0,,0.0,,0.0,Bright sun,2182200,0,0.0,0.0,2.0,0.0,0.0,0.0,0.0,0.0,,0.0,0.0,Wellington Region,Nil,2-way,Sealed,0.0,0.0,0,0.0,50.0,0.0,Off,0.0,0.0,,47,Wellington City,Nil,0.0,1.0,0.0,0.0,0.0,0.0,Urban,0.0,0.0,0.0,Fine,Null,0
67623810,,573903,0.0,0.0,0.0,2.0,0.0,West,2017/2018,NEWLANDS ROAD,BRACKEN ROAD,,Non-Injury Crash,No,2017,0.0,West,0.0,0,0.0,Flat,0.0,,0.0,,0.0,Unknown,2073900,0,0.0,0.0,2.0,0.0,0.0,0.0,0.0,1.0,,0.0,0.0,Wellington Region,Nil,2-way,Sealed,0.0,0.0,0,0.0,50.0,0.0,Null,0.0,0.0,,47,Wellington City,Unknown,0.0,0.0,0.0,0.0,0.0,0.0,Urban,0.0,0.0,0.0,Fine,Null,0
67623883,,574002,0.0,,0.0,2.0,,South,2016/2017,SH 2,HUTT ON NBD,,Non-Injury Crash,Yes,2017,,North,,0,,Flat,,,,,,Dark,2078302,0,0.0,0.0,2.0,,,0.0,,,,,,Wellington Region,Nil,2-way,Sealed,,0.0,0,,100.0,,On,0.0,0.0,,47,Wellington City,Unknown,,,,,0.0,0.0,Open,0.0,,,Light rain,Null,0
67623899,,573000,0.0,0.0,0.0,0.0,0.0,South,2016/2017,SH 1N,VIVIAN ST,,Non-Injury Crash,Yes,2017,0.0,North,0.0,0,0.0,Hill Road,1.0,,0.0,,0.0,Bright sun,2129700,0,0.0,0.0,2.0,0.0,0.0,0.0,0.0,0.0,,0.0,0.0,Wellington Region,Motorway ramp,1-way,Sealed,0.0,0.0,0,0.0,50.0,0.0,Null,0.0,0.0,,47,Wellington City,Unknown,0.0,0.0,0.0,0.0,0.0,0.0,Urban,1.0,0.0,0.0,Fine,Null,0
67624002,,573200,0.0,0.0,0.0,0.0,0.0,West,2017/2018,ESSEX ST,DEVON ST,,Non-Injury Crash,No,2018,0.0,West,0.0,0,0.0,Hill Road,0.0,,0.0,,0.0,Overcast,2157300,0,0.0,0.0,2.0,0.0,0.0,0.0,0.0,1.0,,0.0,0.0,Wellington Region,Nil,2-way,Sealed,0.0,0.0,0,0.0,50.0,0.0,Null,0.0,0.0,,47,Wellington City,Unknown,0.0,0.0,0.0,0.0,0.0,0.0,Urban,2.0,0.0,0.0,Fine,Null,0
67624054,,576400,0.0,0.0,0.0,2.0,0.0,East,2014/2015,WILSON ST,RIDDIFORD ST,,Non-Injury Crash,No,2015,0.0,East,0.0,0,0.0,Flat,0.0,,0.0,,0.0,Overcast,2167300,0,0.0,0.0,1.0,0.0,0.0,0.0,0.0,1.0,,0.0,0.0,Wellington Region,Nil,1-way,Sealed,0.0,0.0,0,0.0,40.0,0.0,Off,0.0,0.0,,47,Wellington City,Nil,0.0,0.0,0.0,0.0,0.0,0.0,Urban,0.0,0.0,0.0,Fine,Null,0
67624095,,573400,0.0,,0.0,2.0,,Null,2016/2017,ELLICE ST,BROUGHAM ST,,Non-Injury Crash,No,2017,,West,,0,,Flat,,,,,,Bright sun,2143600,0,0.0,0.0,2.0,,,0.0,,,,,,Wellington Region,Nil,2-way,Sealed,,0.0,0,,50.0,,Null,0.0,0.0,,47,Wellington City,Stop,,,,,0.0,0.0,Urban,0.0,,,Fine,Null,0
67624307,,572600,1.0,,0.0,1.0,,Null,2018/2019,MAIN ROAD,LYNDHURST ROAD,,Minor Crash,No,2018,,South,,0,,Flat,,,,,,Bright sun,1988500,1,0.0,0.0,2.0,,,0.0,,,,,,Wellington Region,Nil,2-way,Sealed,,0.0,0,,50.0,,Null,0.0,0.0,,47,Wellington City,Give way,,,,,0.0,0.0,Urban,0.0,,,Fine,Null,0
67624319,,575300,0.0,,0.0,0.0,,North,2018/2019,GLENMORE ST,ORANGI KAUPAPA ROAD,,Serious Crash,No,2018,,North,,0,,Flat,,,,,,Dark,2153501,0,0.0,0.0,2.0,,,0.0,,,1.0,,,Wellington Region,Nil,2-way,Sealed,,0.0,1,,50.0,,On,1.0,0.0,,47,Wellington City,Give way,,,,,0.0,0.0,Urban,0.0,,,Light rain,Strong wind,0
67624395,,574900,0.0,0.0,0.0,1.0,0.0,West,2017/2018,MAKARA ROAD,TERAWHITI TERRACE,,Non-Injury Crash,No,2017,0.0,North,0.0,0,1.0,Hill Road,0.0,,0.0,,1.0,Dark,2110102,0,0.0,0.0,2.0,0.0,0.0,0.0,0.0,0.0,,0.0,0.0,Wellington Region,Nil,2-way,Sealed,0.0,0.0,0,0.0,50.0,0.0,On,0.0,0.0,,47,Wellington City,Unknown,0.0,0.0,0.0,0.0,0.0,0.0,Urban,0.0,0.0,0.0,Light rain,Null,0
67624482,,573526,0.0,0.0,0.0,1.0,0.0,West,2017/2018,SH 2,HOROKIWI ROAD,,Non-Injury Crash,Yes,2017,0.0,West,0.0,0,0.0,Flat,1.0,,0.0,,0.0,Dark,2086403,0,0.0,0.0,4.0,0.0,0.0,0.0,0.0,0.0,,0.0,0.0,Wellington Region,Nil,2-way,Sealed,0.0,0.0,0,0.0,100.0,0.0,On,0.0,0.0,,47,Wellington City,Unknown,0.0,0.0,0.0,0.0,0.0,0.0,Open,1.0,0.0,0.0,Fine,Null,0
67624567,,574100,0.0,,0.0,2.0,,Null,2016/2017,KIPLING ST,ATUA ST,,Non-Injury Crash,No,2017,,North,,0,,Flat,,,,,,Overcast,2084900,0,0.0,0.0,2.0,,,0.0,,,,,,Wellington Region,Nil,2-way,Sealed,,0.0,0,,50.0,,Null,0.0,0.0,,47,Wellington City,Give way,,,,,0.0,0.0,Urban,0.0,,,Heavy rain,Null,0
67624594,,573511,0.0,0.0,0.0,1.0,1.0,South,2017/2018,SH 1N,TAWA OFF NBD,,Minor Crash,Yes,2018,0.0,North,0.0,0,0.0,Flat,0.0,,0.0,,0.0,Dark,2086201,1,0.0,0.0,2.0,0.0,0.0,0.0,0.0,0.0,,0.0,0.0,Wellington Region,Nil,1-way,Sealed,0.0,0.0,0,0.0,100.0,0.0,On,0.0,0.0,,47,Wellington City,Unknown,0.0,0.0,0.0,0.0,0.0,0.0,Open,0.0,0.0,0.0,Fine,Null,0
67624630,,573300,0.0,0.0,0.0,2.0,0.0,North,2015/2016,TORRENS TERRACE,ARLINGTON ST,,Non-Injury Crash,No,2015,0.0,North,0.0,0,0.0,Flat,0.0,,0.0,,0.0,Unknown,2144300,0,0.0,0.0,2.0,0.0,0.0,0.0,0.0,1.0,,0.0,0.0,Wellington Region,Nil,2-way,Sealed,0.0,0.0,0,0.0,50.0,0.0,Null,0.0,0.0,,47,Wellington City,Unknown,0.0,0.0,0.0,0.0,0.0,0.0,Urban,0.0,0.0,0.0,Fine,Null,0
67624695,,576400,0.0,,0.0,0.0,,Null,2017/2018,DANIELL ST,CONSTABLE ST,,Minor Crash,No,2018,,North,,0,,Flat,,,,,,Overcast,2169101,1,0.0,0.0,2.0,,,0.0,,,1.0,,,Wellington Region,Nil,2-way,Sealed,,0.0,0,,50.0,,Null,0.0,0.0,,47,Wellington City,Traffic Signals,,,,,0.0,0.0,Urban,1.0,,,Fine,Null,0
67624715,,573903,0.0,,0.0,0.0,,Null,2017/2018,NEWLANDS ROAD,NEWLANDS OFF SBD,,Minor Crash,No,2018,,West,,0,,Flat,,,,,,Dark,2075103,1,0.0,0.0,2.0,,,0.0,,,1.0,,,Wellington Region,Nil,2-way,Sealed,,0.0,0,,50.0,,On,0.0,0.0,,47,Wellington City,Give way,,,,,0.0,0.0,Urban,1.0,,,Fine,Null,0
67624774,,573101,0.0,0.0,0.0,1.0,0.0,East,2015/2016,WAKEFIELD ST,TORY ST,,Non-Injury Crash,No,2016,0.0,East,0.0,0,0.0,Flat,0.0,,0.0,,0.0,Bright sun,2135700,0,0.0,0.0,3.0,0.0,0.0,0.0,0.0,1.0,,0.0,1.0,Wellington Region,Nil,1-way,Sealed,0.0,0.0,0,0.0,50.0,0.0,Null,0.0,0.0,,47,Wellington City,Unknown,0.0,0.0,0.0,0.0,1.0,0.0,Urban,0.0,0.0,0.0,Fine,Null,0
67624786,,575600,0.0,0.0,0.0,3.0,0.0,North,2017/2018,WASHINGTON AVENUE,CONNAUGHT TERRACE,,Non-Injury Crash,No,2017,0.0,South,0.0,0,0.0,Hill Road,0.0,,0.0,,0.0,Dark,2162500,0,0.0,0.0,2.0,0.0,0.0,0.0,0.0,2.0,,0.0,0.0,Wellington Region,Nil,2-way,Sealed,0.0,0.0,0,0.0,50.0,0.0,On,0.0,0.0,,47,Wellington City,Unknown,0.0,0.0,0.0,0.0,0.0,0.0,Urban,0.0,0.0,0.0,Light rain,Null,0
67624794,,576301,0.0,,0.0,2.0,,Null,2016/2017,RIDDIFORD ST,CONSTABLE ST,,Non-Injury Crash,No,2017,,South,,0,,Flat,,,,,,Dark,2165200,0,0.0,0.0,2.0,,,0.0,,,,,,Wellington Region,Nil,2-way,Sealed,,0.0,0,,40.0,,Off,0.0,0.0,,47,Wellington City,Traffic Signals,,,,,0.0,0.0,Urban,0.0,,,Fine,Null,0
67624831,,577200,0.0,0.0,0.0,1.0,0.0,North,2018/2019,APARIMA AVENUE,DEVONSHIRE ROAD,,Serious Crash,No,2018,0.0,South,0.0,0,1.0,Flat,0.0,,0.0,,0.0,Bright sun,2207600,0,0.0,0.0,2.0,0.0,0.0,0.0,0.0,0.0,,0.0,0.0,Wellington Region,Nil,2-way,Sealed,0.0,0.0,1,0.0,50.0,0.0,Null,0.0,0.0,,47,Wellington City,Unknown,0.0,0.0,0.0,0.0,0.0,0.0,Urban,0.0,0.0,0.0,Fine,Null,0
67624883,,573700,0.0,0.0,0.0,1.0,0.0,South,2016/2017,DUGGAN PLACE,CORTINA AVENUE,,Non-Injury Crash,No,2017,0.0,South,0.0,0,0.0,Flat,0.0,,0.0,,0.0,Overcast,2082001,0,0.0,0.0,2.0,0.0,0.0,0.0,0.0,1.0,,0.0,0.0,Wellington Region,Nil,2-way,Sealed,0.0,0.0,0,0.0,50.0,0.0,Null,0.0,0.0,,47,Wellington City,Unknown,0.0,0.0,0.0,0.0,0.0,0.0,Urban,1.0,0.0,0.0,Fine,Null,0
67624887,,573000,0.0,0.0,0.0,1.0,0.0,North,2017/2018,LAMBTON QUAY,PANAMA ST,,Non-Injury Crash,No,2017,0.0,North,0.0,0,0.0,Flat,0.0,,0.0,,0.0,Bright sun,2125700,0,0.0,0.0,2.0,0.0,0.0,0.0,0.0,1.0,,0.0,0.0,Wellington Region,Nil,1-way,Sealed,0.0,0.0,0,0.0,30.0,0.0,Null,0.0,0.0,,47,Wellington City,Unknown,0.0,0.0,0.0,0.0,0.0,0.0,Urban,1.0,0.0,0.0,Fine,Null,0
67624899,,575100,0.0,,0.0,1.0,,North,2016/2017,KARORI ROAD,SOUTH KARORI ROAD,,Non-Injury Crash,No,2017,,North,,0,,Flat,,,,,,Overcast,2116100,0,0.0,0.0,2.0,,,0.0,,,,,,Wellington Region,Nil,2-way,Sealed,,0.0,0,,50.0,,Off,0.0,0.0,,47,Wellington City,Unknown,,,,,0.0,0.0,Urban,1.0,,,Fine,Null,0
67624994,,573101,0.0,,0.0,2.0,,East,2016/2017,GHUZNEE ST,WILLIS ST,,Non-Injury Crash,No,2017,,East,,0,,Flat,,,,,,Overcast,2131600,0,0.0,0.0,3.0,,,0.0,,,,,,Wellington Region,Nil,2-way,Sealed,,0.0,0,,50.0,,Null,0.0,0.0,,47,Wellington City,Unknown,,,,,0.0,0.0,Urban,0.0,,,Light rain,Null,0
67625023,,573400,0.0,,0.0,2.0,,Null,2017/2018,SH 1N,WEST PORTAL,,Non-Injury Crash,Yes,2018,,West,,0,,Flat,,,,,,Twilight,2143300,0,0.0,0.0,1.0,,,0.0,,,,,,Wellington Region,Nil,1-way,Sealed,,0.0,0,,50.0,,On,0.0,0.0,,47,Wellington City,Unknown,,,,,0.0,0.0,Urban,0.0,,,Null,Null,0
67625051,,573000,0.0,,0.0,2.0,,West,2016/2017,JOHNSTON ST,FEATHERSTON ST,,Non-Injury Crash,No,2017,,East,,0,,Flat,,,,,,Dark,2125600,0,0.0,0.0,2.0,,,0.0,,,,,,Wellington Region,Nil,1-way,Sealed,,0.0,0,,30.0,,Off,0.0,0.0,,47,Wellington City,Unknown,,,,,0.0,0.0,Urban,0.0,,,Null,Null,0
67625154,,577200,0.0,,0.0,2.0,,North,2016/2017,HOBART ST,DEVONSHIRE ROAD,,Non-Injury Crash,No,2017,,South,,0,,Flat,,,,,,Bright sun,2207100,0,0.0,0.0,2.0,,,0.0,,,,,,Wellington Region,Nil,2-way,Sealed,,0.0,0,,50.0,,Null,0.0,0.0,,47,Wellington City,Unknown,,,,,0.0,0.0,Urban,0.0,,,Null,Null,0
67625175,,576901,0.0,,0.0,1.0,,Null,2016/2017,BAY ROAD,RONGOTAI ROAD,,Non-Injury Crash,No,2017,,North,,0,,Flat,,,,,,Overcast,2178000,0,0.0,0.0,2.0,,,0.0,,,,,,Wellington Region,Nil,2-way,Sealed,,0.0,0,,50.0,,Null,0.0,0.0,,47,Wellington City,Traffic Signals,,,,,0.0,0.0,Urban,1.0,,,Fine,Null,0
67625186,,572900,1.0,,0.0,1.0,,Null,2017/2018,WHITMORE ST,LAMBTON QUAY,,Minor Crash,No,2018,,North,,0,,Flat,,,,,,Overcast,2122400,1,0.0,0.0,5.0,,,0.0,,,,,,Wellington Region,Nil,2-way,Sealed,,0.0,0,,50.0,,Null,0.0,0.0,,47,Wellington City,Traffic Signals,,,,,0.0,0.0,Urban,0.0,,,Fine,Null,0
67625199,,572900,0.0,0.0,0.0,1.0,0.0,South,2016/2017,AOTEA QUAY,RLY YARD ENT S,,Non-Injury Crash,No,2017,0.0,North,0.0,0,0.0,Flat,1.0,,0.0,,0.0,Dark,2118400,0,0.0,0.0,4.0,0.0,0.0,0.0,0.0,0.0,,0.0,0.0,Wellington Region,Nil,2-way,Sealed,0.0,0.0,0,0.0,50.0,0.0,On,0.0,0.0,,47,Wellington City,Unknown,0.0,0.0,0.0,0.0,0.0,0.0,Urban,0.0,0.0,0.0,Fine,Null,0
67625282,,576400,0.0,,1.0,1.0,,South,2017/2018,RIDDIFORD ST,HALL ST,,Non-Injury Crash,No,2017,,North,,0,,Flat,,,,,,Bright sun,2166900,0,0.0,0.0,4.0,,,0.0,,,,,,Wellington Region,Nil,2-way,Sealed,,0.0,0,,50.0,,Null,0.0,0.0,,47,Wellington City,Unknown,,,,,0.0,0.0,Urban,0.0,,,Fine,Null,0
67625322,,573801,0.0,,0.0,1.0,,North,2016/2017,SH 1N,JOHNSONVILLE OFF SBD,,Non-Injury Crash,Yes,2017,,South,,0,,Flat,,,,,,Dark,2078900,0,0.0,0.0,4.0,,,0.0,,,,,,Wellington Region,Nil,2-way,Sealed,,0.0,0,,100.0,,On,2.0,0.0,,47,Wellington City,Unknown,,,,,0.0,0.0,Open,0.0,,,Fine,Null,0
67625327,,576200,0.0,0.0,0.0,3.0,0.0,South,2017/2018,ADELAIDE ROAD,LAVAUD ST,,Non-Injury Crash,No,2017,0.0,South,0.0,0,0.0,Flat,0.0,,0.0,,0.0,Dark,2172300,0,0.0,0.0,2.0,0.0,0.0,0.0,0.0,2.0,,0.0,0.0,Wellington Region,Nil,2-way,Sealed,0.0,0.0,0,0.0,50.0,0.0,Off,0.0,0.0,,47,Wellington City,Unknown,0.0,0.0,0.0,0.0,0.0,0.0,Urban,0.0,0.0,0.0,Light rain,Null,0
67625363,,573101,0.0,,0.0,1.0,,North,2017/2018,CAMBRIDGE TERRACE,TENNYSON ST,,Non-Injury Crash,No,2017,,North,,0,,Flat,,,,,,Bright sun,2136100,0,0.0,0.0,3.0,,,0.0,,,,,,Wellington Region,Nil,1-way,Sealed,,0.0,0,,50.0,,Null,1.0,0.0,,47,Wellington City,Unknown,,,,,0.0,0.0,Urban,0.0,,,Fine,Null,0
67625371,,573600,0.0,,0.0,2.0,,Null,2016/2017,BRANSCOMBE ST,LOMITA ROAD,,Non-Injury Crash,No,2017,,South,,0,,Flat,,,,,,Bright sun,2080000,0,0.0,0.0,2.0,,,0.0,,,,,,Wellington Region,Nil,2-way,Sealed,,0.0,0,,50.0,,Null,0.0,0.0,,47,Wellington City,Give way,,,,,0.0,0.0,Urban,0.0,,,Fine,Null,0
67625383,,576901,0.0,0.0,0.0,2.0,0.0,South,2017/2018,BAY ROAD,RONGOTAI ROAD,,Non-Injury Crash,No,2017,0.0,North,0.0,0,0.0,Flat,0.0,,0.0,,0.0,Bright sun,2178300,0,0.0,0.0,2.0,0.0,0.0,0.0,0.0,1.0,,0.0,0.0,Wellington Region,Nil,2-way,Sealed,0.0,0.0,0,0.0,30.0,0.0,Null,0.0,0.0,,47,Wellington City,Unknown,0.0,0.0,0.0,0.0,0.0,0.0,Urban,0.0,0.0,0.0,Fine,Null,0
67625411,,576200,0.0,0.0,0.0,1.0,0.0,Null,2017/2018,RINTOUL ST,LUXFORD ST,,Minor Crash,No,2018,0.0,East,0.0,0,1.0,Flat,0.0,,0.0,,0.0,Dark,2171800,1,0.0,0.0,2.0,0.0,0.0,0.0,0.0,0.0,,0.0,1.0,Wellington Region,Nil,2-way,Sealed,0.0,0.0,0,0.0,50.0,0.0,On,0.0,0.0,,47,Wellington City,Stop,0.0,0.0,0.0,0.0,0.0,0.0,Urban,0.0,0.0,0.0,Fine,Null,0
67625415,,574500,0.0,0.0,0.0,1.0,0.0,North,2017/2018,SH 1N,AOTEA OFF SBD,,Non-Injury Crash,Yes,2018,0.0,South,0.0,0,0.0,Flat,1.0,,0.0,,0.0,Overcast,2093600,0,0.0,0.0,6.0,0.0,0.0,0.0,0.0,0.0,,0.0,0.0,Wellington Region,Nil,2-way,Sealed,0.0,0.0,0,0.0,100.0,0.0,Null,0.0,0.0,,47,Wellington City,Unknown,0.0,0.0,0.0,0.0,0.0,0.0,Open,0.0,0.0,0.0,Light rain,Null,0
67625439,,576200,0.0,0.0,0.0,0.0,0.0,North,2016/2017,ADELAIDE ROAD,CHILKA ST,,Non-Injury Crash,No,2017,0.0,North,0.0,0,0.0,Flat,0.0,,0.0,,0.0,Bright sun,2172600,0,0.0,0.0,2.0,0.0,0.0,0.0,0.0,1.0,,0.0,0.0,Wellington Region,Nil,2-way,Sealed,0.0,0.0,0,0.0,50.0,0.0,Null,0.0,0.0,,47,Wellington City,Give way,0.0,0.0,0.0,0.0,0.0,0.0,Urban,2.0,0.0,0.0,Null,Null,0
67625455,,574402,0.0,0.0,0.0,1.0,0.0,Null,2017/2018,OTTAWA ROAD,CROFTON ROAD,,Non-Injury Crash,No,2017,0.0,West,0.0,0,0.0,Flat,0.0,,0.0,,0.0,Dark,2096500,0,0.0,0.0,1.0,0.0,0.0,0.0,0.0,0.0,,0.0,0.0,Wellington Region,Nil,2-way,Sealed,0.0,0.0,0,0.0,50.0,0.0,On,0.0,0.0,,47,Wellington City,Give way,1.0,0.0,0.0,0.0,0.0,0.0,Urban,0.0,0.0,0.0,Fine,Null,0
67625492,,577302,1.0,,0.0,1.0,,Null,2014/2015,PARK ROAD,BRUSSELS ST,,Minor Crash,No,2015,,North,,0,,Flat,,,,,,Overcast,2206102,1,0.0,0.0,2.0,,,0.0,,,,,,Wellington Region,Nil,2-way,Sealed,,0.0,0,,50.0,,Off,0.0,0.0,,47,Wellington City,Give way,,,,,0.0,0.0,Urban,0.0,,,Light rain,Null,0