OBJECTID,advisorySpeed,areaUnitID,bicycle,bridge,bus,carStationWagon,cliffBank,crashDirectionDescription,crashFinancialYear,crashLocation1,crashLocation2,crashRoadSideRoad,crashSeverity,crashSHDescription,crashYear,debris,directionRoleDescription,ditch,fatalCount,fence,flatHill,guardRail,holiday,houseOrBuilding,intersection,kerb,light,meshblockId,minorInjuryCount,moped,motorcycle,NumberOfLanes,objectThrownOrDropped,otherObject,otherVehicleType,overBank,parkedVehicle,pedestrian,phoneBoxEtc,postOrPole,region,roadCharacter,roadLane,roadSurface,roadworks,schoolBus,seriousInjuryCount,slipOrFlood,speedLimit,strayAnimal,streetLight,suv,taxi,temporarySpeedLimit,tlaId,tlaName,trafficControl,trafficIsland,trafficSign,train,tree,truck,unknownVehicleType,urban,vanOrUtility,vehicle,waterRiver,weatherA,weatherB,if_pandemic
67625575,,576002,0.0,0.0,0.0,2.0,0.0,East,2017/2018,AVON ST,THE PARADE,,Non-Injury Crash,No,2018,0.0,East,0.0,0,0.0,Flat,0.0,,0.0,,0.0,Dark,2190300,0,0.0,0.0,2.0,0.0,0.0,0.0,0.0,1.0,,0.0,0.0,Wellington Region,Nil,2-way,Sealed,0.0,0.0,0,0.0,50.0,0.0,On,0.0,0.0,,47,Wellington City,Unknown,0.0,0.0,0.0,0.0,0.0,0.0,Urban,0.0,0.0,0.0,Fine,Null,0
67625587,,576903,0.0,,0.0,3.0,,East,2017/2018,SH 1N,MOXHAM AVENUE,,Non-Injury Crash,Yes,2017,,West,,0,,Hill Road,,,,,,Overcast,2180400,0,0.0,0.0,2.0,,,0.0,,,,,,Wellington Region,Nil,2-way,Sealed,,0.0,0,,50.0,,Null,0.0,0.0,,47,Wellington City,Give way,,,,,0.0,0.0,Urban,0.0,,,Light rain,Null,0
67625599,,576400,0.0,0.0,0.0,0.0,0.0,Null,2017/2018,OWEN ST,CONSTABLE ST,,Non-Injury Crash,No,2017,0.0,North,0.0,0,0.0,Hill Road,0.0,,0.0,,0.0,Overcast,2169101,0,0.0,0.0,2.0,0.0,0.0,0.0,0.0,0.0,,0.0,1.0,Wellington Region,Nil,2-way,Sealed,0.0,0.0,0,0.0,40.0,0.0,Null,2.0,0.0,,47,Wellington City,Traffic Signals,0.0,0.0,0.0,0.0,0.0,0.0,Urban,0.0,0.0,0.0,Light rain,Null,0
67625646,,573523,0.0,,0.0,2.0,,South,2015/2016,SH 1N,WESTCHESTER DRIVE OBR SBD,,Non-Injury Crash,Yes,2015,,South,,0,,Flat,,,,,,Bright sun,2086310,0,0.0,0.0,4.0,,,0.0,,,,,,Wellington Region,Nil,2-way,Sealed,,0.0,0,,100.0,,None,0.0,0.0,,47,Wellington City,Unknown,,,,,0.0,0.0,Open,0.0,,,Fine,Null,0
67625675,,573200,0.0,0.0,0.0,1.0,0.0,East,2017/2018,ADAMS TERRACE,ARO ST,,Non-Injury Crash,No,2017,0.0,West,0.0,0,1.0,Hill Road,0.0,,0.0,,0.0,Dark,2157200,0,0.0,0.0,2.0,0.0,0.0,0.0,0.0,0.0,,0.0,0.0,Wellington Region,Nil,2-way,Sealed,0.0,0.0,0,0.0,50.0,0.0,On,0.0,0.0,,47,Wellington City,Unknown,0.0,0.0,0.0,0.0,0.0,0.0,Urban,0.0,0.0,0.0,Fine,Null,0
67625851,,572600,0.0,,0.0,2.0,,West,2017/2018,ESSEX ST,MAIN ROAD,,Non-Injury Crash,No,2017,,North,,0,,Flat,,,,,,Dark,1990500,0,0.0,0.0,2.0,,,0.0,,,,,,Wellington Region,Nil,2-way,Sealed,,0.0,0,,50.0,,On,0.0,0.0,,47,Wellington City,Unknown,,,,,0.0,0.0,Urban,0.0,,,Light rain,Null,0
67625930,45.0,573700,0.0,0.0,0.0,2.0,0.0,South,2017/2018,CORTINA AVENUE,SAFARI CRESCENT,,Minor Crash,No,2018,0.0,North,0.0,0,0.0,Hill Road,0.0,,0.0,,0.0,Bright sun,2082002,1,0.0,0.0,2.0,0.0,0.0,0.0,0.0,1.0,,0.0,0.0,Wellington Region,Nil,2-way,Sealed,0.0,0.0,0,0.0,50.0,0.0,Null,0.0,0.0,,47,Wellington City,Unknown,0.0,0.0,0.0,0.0,0.0,0.0,Urban,0.0,0.0,0.0,Fine,Null,0
67625942,,573101,0.0,,0.0,1.0,,Null,2015/2016,TARANAKI ST,MARKET LANE,,Minor Crash,No,2015,,North,,0,,Null,,,,,,Dark,2135200,2,0.0,0.0,4.0,,,0.0,,,1.0,,,Wellington Region,Nil,2-way,Sealed,,0.0,0,,50.0,,On,0.0,1.0,,47,Wellington City,Nil,,,,,0.0,0.0,Urban,0.0,,,Light rain,Null,0
67625967,,577301,0.0,0.0,0.0,2.0,0.0,North,2016/2017,MIRAMAR NORTH ROAD,PARK ROAD,,Non-Injury Crash,No,2017,0.0,West,0.0,0,0.0,Flat,0.0,,0.0,,0.0,Overcast,2203500,0,0.0,0.0,2.0,0.0,0.0,0.0,0.0,1.0,,0.0,0.0,Wellington Region,Nil,2-way,Sealed,0.0,0.0,0,0.0,50.0,0.0,Null,0.0,0.0,,47,Wellington City,Unknown,0.0,0.0,0.0,0.0,0.0,0.0,Urban,0.0,0.0,0.0,Fine,Null,0
67625996,,572900,0.0,,0.0,2.0,,West,2014/2015,THORNDON QUAY,MOORE ST,,Minor Crash,No,2015,,West,,0,,Flat,,,,,,Bright sun,2122700,1,0.0,0.0,2.0,,,0.0,,,,,,Wellington Region,Nil,2-way,Sealed,,0.0,0,,50.0,,Off,0.0,0.0,,47,Wellington City,Nil,,,,,0.0,0.0,Urban,0.0,,,Fine,Null,0
67626058,,574002,0.0,,0.0,1.0,,South,2016/2017,HUTT ON NBD,SH 2,,Non-Injury Crash,Yes,2017,,North,,0,,Flat,,,,,,Overcast,2078302,0,0.0,1.0,1.0,,,0.0,,,,,,Wellington Region,Nil,1-way,Sealed,,0.0,0,,80.0,,Null,0.0,0.0,,47,Wellington City,Unknown,,,,,0.0,0.0,Open,0.0,,,Fine,Null,0
67626126,,574303,0.0,,0.0,2.0,,South,2015/2016,SH 1N,SH 2,,Non-Injury Crash,Yes,2016,,South,,0,,Flat,,,,,,Bright sun,2090402,0,0.0,0.0,3.0,,,0.0,,,,,,Wellington Region,Nil,1-way,Sealed,,0.0,0,,100.0,,Null,0.0,0.0,70.0,47,Wellington City,Unknown,,,,,0.0,0.0,Open,0.0,,,Fine,Null,0
67626162,,573300,0.0,0.0,0.0,1.0,0.0,North,2017/2018,SH 1N,RUGBY ST,,Non-Injury Crash,Yes,2017,0.0,North,0.0,0,0.0,Hill Road,0.0,,0.0,,0.0,Dark,2145602,0,0.0,0.0,3.0,0.0,0.0,0.0,0.0,1.0,,0.0,0.0,Wellington Region,Nil,1-way,Sealed,0.0,0.0,0,0.0,50.0,0.0,On,1.0,0.0,,47,Wellington City,Unknown,0.0,0.0,0.0,0.0,0.0,0.0,Urban,0.0,0.0,0.0,Fine,Null,0
67626214,,573000,0.0,,0.0,1.0,,Null,2014/2015,BOULCOTT ST,WILLIS ST,,Non-Injury Crash,No,2015,,South,,0,,Hill Road,,,,,,Bright sun,2128400,0,0.0,0.0,3.0,,,0.0,,,,,,Wellington Region,Nil,2-way,Sealed,,0.0,0,,50.0,,Null,0.0,0.0,,47,Wellington City,Traffic Signals,,,,,1.0,0.0,Urban,0.0,,,Fine,Null,0
67626235,,572600,0.0,0.0,0.0,1.0,0.0,South,2017/2018,MAIN ROAD,ESSEX ST,,Non-Injury Crash,No,2017,0.0,South,0.0,0,0.0,Flat,0.0,,1.0,,0.0,Bright sun,1992100,0,0.0,0.0,2.0,0.0,0.0,0.0,0.0,0.0,,0.0,0.0,Wellington Region,Nil,2-way,Sealed,0.0,0.0,0,0.0,50.0,0.0,Null,0.0,0.0,,47,Wellington City,Unknown,0.0,0.0,0.0,0.0,0.0,0.0,Urban,0.0,0.0,0.0,Fine,Null,0
67626259,,577000,0.0,,0.0,1.0,,South,2018/2019,STEWART DUFF DRIVE,FREIGHT DRIVE,,Minor Crash,No,2018,,South,,0,,Flat,,Labour Weekend,,,,Dark,2175700,1,0.0,0.0,2.0,,,0.0,,,,,,Wellington Region,Nil,1-way,Sealed,,0.0,0,,20.0,,On,0.0,0.0,,47,Wellington City,Unknown,,,,,0.0,0.0,Urban,1.0,,,Fine,Null,0
67626367,,576903,0.0,0.0,0.0,3.0,0.0,Null,2017/2018,MOXHAM AVENUE,KUPE ST,,Non-Injury Crash,No,2017,0.0,North,0.0,0,1.0,Flat,0.0,,0.0,,0.0,Dark,2181500,0,0.0,0.0,2.0,0.0,0.0,0.0,0.0,2.0,,0.0,0.0,Wellington Region,Nil,2-way,Sealed,1.0,0.0,0,0.0,50.0,0.0,On,0.0,0.0,,47,Wellington City,Stop,0.0,1.0,0.0,0.0,0.0,0.0,Urban,0.0,0.0,0.0,Fine,Null,0
67626378,,573101,0.0,,1.0,0.0,,East,2018/2019,MANNERS ST,WILLIS ST,,Serious Crash,No,2018,,East,,0,,Flat,,,,,,Overcast,2131300,0,0.0,0.0,2.0,,,0.0,,,1.0,,,Wellington Region,Nil,2-way,Sealed,,0.0,1,,30.0,,Null,0.0,0.0,,47,Wellington City,Unknown,,,,,0.0,0.0,Urban,0.0,,,Fine,Null,0
67626415,,572900,0.0,,1.0,0.0,,Null,2018/2019,LAMBTON QUAY,MULGRAVE ST,,Minor Crash,No,2018,,North,,0,,Flat,,,,,,Bright sun,2122800,1,0.0,0.0,2.0,,,0.0,,,1.0,,,Wellington Region,Nil,2-way,Sealed,,0.0,0,,50.0,,Null,0.0,0.0,,47,Wellington City,Traffic Signals,,,,,0.0,0.0,Urban,0.0,,,Fine,Null,0
67626502,,575600,0.0,0.0,0.0,1.0,0.0,North,2017/2018,OHIRO ROAD,MCKINLEY CRESCENT,,Non-Injury Crash,No,2018,0.0,South,0.0,0,0.0,Hill Road,0.0,,0.0,,0.0,Bright sun,2162300,0,0.0,0.0,2.0,0.0,0.0,0.0,0.0,1.0,,0.0,0.0,Wellington Region,Nil,2-way,Sealed,0.0,0.0,0,0.0,30.0,0.0,Null,0.0,0.0,,47,Wellington City,Unknown,0.0,0.0,0.0,0.0,1.0,0.0,Urban,0.0,0.0,0.0,Snow,Null,0
67626513,,577400,0.0,0.0,0.0,2.0,0.0,North,2017/2018,SEATOUN HEIGHTS ROAD,INVERELL WAY,,Non-Injury Crash,No,2017,0.0,South,0.0,0,0.0,Hill Road,0.0,,0.0,,0.0,Bright sun,2204800,0,0.0,0.0,2.0,0.0,0.0,0.0,0.0,1.0,,0.0,0.0,Wellington Region,Nil,2-way,Sealed,0.0,0.0,0,0.0,50.0,0.0,Null,0.0,0.0,,47,Wellington City,Nil,0.0,0.0,0.0,0.0,0.0,0.0,Urban,0.0,0.0,0.0,Fine,Null,0
67626517,,576901,0.0,,1.0,1.0,,West,2014/2015,RONGOTAI ROAD,MAHORA ST,,Non-Injury Crash,No,2015,,West,,0,,Null,,,,,,Bright sun,2178200,0,0.0,0.0,2.0,,,0.0,,,,,,Wellington Region,Nil,2-way,Sealed,,0.0,0,,50.0,,Null,0.0,0.0,,47,Wellington City,Give way,,,,,0.0,0.0,Urban,0.0,,,Fine,Null,0
67626518,,574002,0.0,0.0,0.0,1.0,0.0,East,2017/2018,SH 1N,CENTENNIAL NBD,,Non-Injury Crash,Yes,2017,0.0,North,0.0,0,0.0,Flat,1.0,,0.0,,0.0,Dark,2078302,0,0.0,0.0,2.0,0.0,0.0,0.0,0.0,0.0,,0.0,0.0,Wellington Region,Nil,1-way,Sealed,0.0,0.0,0,0.0,100.0,0.0,On,0.0,0.0,,47,Wellington City,Unknown,0.0,0.0,0.0,0.0,0.0,0.0,Open,0.0,0.0,0.0,Light rain,Null,0
67626569,,577200,1.0,,0.0,1.0,,Null,2017/2018,MIRAMAR AVENUE,PORTSMOUTH ROAD,,Minor Crash,No,2018,,North,,0,,Flat,,,,,,Bright sun,2206200,2,0.0,0.0,2.0,,,0.0,,,,,,Wellington Region,Nil,2-way,Sealed,,0.0,0,,50.0,,Null,0.0,0.0,,47,Wellington City,Give way,,,,,0.0,0.0,Urban,0.0,,,Null,Null,0
67626581,,573526,0.0,0.0,0.0,1.0,0.0,North,2015/2016,SH 2,NGAURANGA ON NBD,,Non-Injury Crash,Yes,2015,0.0,North,0.0,0,0.0,Flat,1.0,,0.0,,0.0,Dark,2086403,0,0.0,0.0,2.0,0.0,0.0,0.0,0.0,0.0,,0.0,0.0,Wellington Region,Nil,1-way,Sealed,0.0,0.0,0,0.0,100.0,0.0,On,0.0,0.0,,47,Wellington City,Nil,0.0,0.0,0.0,0.0,0.0,0.0,Open,0.0,0.0,0.0,Fine,Null,0
67626638,,574002,0.0,,0.0,3.0,,North,2016/2017,SH 2,NGAURANGA ON NBD,,Non-Injury Crash,Yes,2017,,North,,0,,Flat,,Queens Birthday,,,,Bright sun,2078302,0,0.0,0.0,2.0,,,0.0,,,,,,Wellington Region,Nil,1-way,Sealed,,0.0,0,,100.0,,Null,0.0,0.0,,47,Wellington City,Unknown,,,,,0.0,0.0,Open,0.0,,,Fine,Null,0
67626645,,573000,0.0,,0.0,1.0,,Null,2016/2017,THE TERRACE,EVERTON TERRACE,,Minor Crash,No,2016,,South,,0,,Hill Road,,,,,,Bright sun,2126700,1,0.0,0.0,3.0,,,0.0,,,1.0,,,Wellington Region,Nil,2-way,Sealed,,0.0,0,,50.0,,Null,0.0,0.0,,47,Wellington City,Traffic Signals,,,,,0.0,0.0,Urban,0.0,,,Fine,Null,0
67626650,,574800,0.0,,0.0,1.0,,Null,2017/2018,KARORI ROAD,CAMPBELL ST,,Non-Injury Crash,No,2018,,West,,0,,Hill Road,,Christmas New Year,,,,Bright sun,2107700,0,0.0,0.0,3.0,,,0.0,,,,,,Wellington Region,Nil,2-way,Sealed,,0.0,0,,50.0,,Null,1.0,0.0,,47,Wellington City,Give way,,,,,0.0,0.0,Urban,0.0,,,Null,Null,0
67626689,,572600,0.0,0.0,0.0,2.0,0.0,North,2017/2018,CAMBRIDGE ST,MAIN ROAD,,Minor Crash,No,2018,0.0,South,0.0,0,0.0,Flat,0.0,,0.0,,0.0,Bright sun,1992200,1,0.0,0.0,2.0,0.0,0.0,0.0,0.0,1.0,,0.0,0.0,Wellington Region,Nil,2-way,Sealed,0.0,0.0,0,0.0,50.0,0.0,Null,0.0,0.0,,47,Wellington City,Unknown,0.0,0.0,0.0,0.0,1.0,0.0,Urban,0.0,0.0,0.0,Fine,Null,0
67626725,,573526,0.0,,0.0,3.0,,East,2015/2016,SH 2,SERVICE STN NTH,,Non-Injury Crash,Yes,2015,,West,,0,,Flat,,,,,,Bright sun,2086403,0,0.0,0.0,2.0,,,0.0,,,,,,Wellington Region,Nil,1-way,Sealed,,0.0,0,,100.0,,Null,0.0,0.0,,47,Wellington City,Unknown,,,,,0.0,0.0,Open,0.0,,,Fine,Null,0
67626781,,573000,0.0,,0.0,2.0,,Null,2014/2015,WILLESTON ST,VICTORIA ST,,Non-Injury Crash,No,2015,,North,,0,,Flat,,,,,,Bright sun,2126000,0,0.0,0.0,2.0,,,0.0,,,,,,Wellington Region,Nil,2-way,Sealed,,0.0,0,,50.0,,Off,0.0,0.0,,47,Wellington City,Traffic Signals,,,,,0.0,0.0,Urban,0.0,,,Fine,Null,0
67626793,,577700,0.0,0.0,0.0,1.0,0.0,South,2016/2017,OHARIU VALLEY ROAD,BOOM ROCK ROAD,,Non-Injury Crash,No,2017,0.0,North,0.0,0,1.0,Flat,0.0,,0.0,,0.0,Bright sun,2116900,0,0.0,0.0,2.0,0.0,0.0,0.0,0.0,0.0,,0.0,0.0,Wellington Region,Nil,2-way,Sealed,0.0,0.0,0,0.0,60.0,0.0,Null,0.0,0.0,,47,Wellington City,Unknown,0.0,0.0,0.0,0.0,0.0,0.0,Urban,0.0,0.0,0.0,Fine,Null,0
67626849,,573522,0.0,0.0,0.0,2.0,0.0,Null,2016/2017,JAMAICA DRIVE,NASSAU AVENUE,,Non-Injury Crash,No,2017,0.0,North,0.0,0,1.0,Flat,0.0,Easter,1.0,,0.0,Overcast,2086104,0,0.0,0.0,2.0,0.0,0.0,0.0,0.0,1.0,,0.0,0.0,Wellington Region,Nil,2-way,Sealed,0.0,0.0,0,0.0,50.0,0.0,Off,0.0,0.0,,47,Wellington City,Nil,0.0,0.0,0.0,0.0,0.0,0.0,Urban,0.0,0.0,0.0,Fine,Null,0
67626865,,572600,0.0,,0.0,1.0,,South,2016/2017,MAIN ROAD,OXFORD ST,,Non-Injury Crash,No,2017,,South,,0,,Flat,,,,,,Overcast,1992300,0,0.0,0.0,2.0,,,0.0,,,,,,Wellington Region,Nil,2-way,Sealed,,0.0,0,,50.0,,Null,1.0,0.0,,47,Wellington City,Unknown,,,,,0.0,0.0,Urban,0.0,,,Null,Null,0
67626869,,575600,0.0,0.0,0.0,2.0,0.0,East,2015/2016,CLEVELAND ST,OHIRO ROAD,,Non-Injury Crash,No,2015,0.0,East,0.0,0,0.0,Flat,0.0,,0.0,,0.0,Bright sun,2162000,0,0.0,0.0,2.0,0.0,0.0,0.0,0.0,1.0,,0.0,0.0,Wellington Region,Nil,2-way,Sealed,0.0,0.0,0,0.0,50.0,0.0,Null,0.0,0.0,,47,Wellington City,Unknown,0.0,0.0,0.0,0.0,0.0,0.0,Urban,0.0,0.0,0.0,Fine,Null,0
67626917,,575100,0.0,0.0,0.0,2.0,0.0,East,2014/2015,COLLIER AVENUE,RAMSEY PLACE,,Non-Injury Crash,No,2015,0.0,North,0.0,0,0.0,Hill Road,0.0,,0.0,,0.0,Bright sun,2116305,0,0.0,0.0,2.0,0.0,0.0,0.0,0.0,1.0,,0.0,0.0,Wellington Region,Nil,2-way,Sealed,0.0,0.0,0,0.0,50.0,0.0,Null,0.0,0.0,,47,Wellington City,Unknown,0.0,0.0,0.0,0.0,0.0,0.0,Urban,0.0,0.0,0.0,Fine,Null,0
67626918,,573101,0.0,,0.0,1.0,,West,2018/2019,GHUZNEE ST,CUBA ST,,Minor Crash,No,2018,,West,,0,,Flat,,,,,,Overcast,2131800,1,0.0,0.0,2.0,,,0.0,,,1.0,,,Wellington Region,Nil,2-way,Sealed,,0.0,0,,50.0,,Null,0.0,0.0,,47,Wellington City,Unknown,,,,,0.0,0.0,Urban,0.0,,,Mist or Fog,Null,0
67626985,,572900,0.0,0.0,0.0,2.0,0.0,South,2016/2017,FITZHERBERT TERRACE,HOBSON ST,,Non-Injury Crash,No,2017,0.0,South,0.0,0,0.0,Flat,0.0,,0.0,,0.0,Bright sun,2118600,0,0.0,0.0,2.0,0.0,0.0,0.0,0.0,1.0,,0.0,0.0,Wellington Region,Nil,2-way,Sealed,0.0,0.0,0,0.0,50.0,0.0,Null,0.0,0.0,,47,Wellington City,Unknown,0.0,0.0,0.0,0.0,0.0,0.0,Urban,0.0,0.0,0.0,Fine,Null,0
67627069,,573000,0.0,,0.0,2.0,,Null,2015/2016,FEATHERSTON ST,BALLANCE ST,,Non-Injury Crash,No,2015,,East,,0,,Flat,,,,,,Overcast,2125200,0,0.0,0.0,2.0,,,0.0,,,,,,Wellington Region,Nil,1-way,Sealed,,0.0,0,,50.0,,On,0.0,0.0,,47,Wellington City,Give way,,,,,0.0,0.0,Urban,0.0,,,Fine,Null,0
67627141,,572900,0.0,,0.0,2.0,,South,2015/2016,TINAKORI ROAD,ASCOT ST,,Non-Injury Crash,No,2015,,North,,0,,Flat,,,,,,Twilight,2121800,0,0.0,0.0,2.0,,,0.0,,,,,,Wellington Region,Nil,2-way,Sealed,,0.0,0,,30.0,,On,0.0,0.0,,47,Wellington City,Nil,,,,,0.0,0.0,Urban,0.0,,,Light rain,Null,0
67627206,,573526,0.0,,0.0,4.0,,South,2017/2018,SH 2,SERVICE STN STH,,Non-Injury Crash,Yes,2017,,North,,0,,Flat,,,,,,Bright sun,2077503,0,0.0,0.0,4.0,,,0.0,,,,,,Wellington Region,Nil,2-way,Sealed,,0.0,0,,100.0,,Null,0.0,0.0,80.0,47,Wellington City,Unknown,,,,,0.0,0.0,Open,0.0,,,Fine,Null,0
67627286,,573000,0.0,,0.0,1.0,,East,2017/2018,FEATHERSTON ST,WHITMORE ST,,Non-Injury Crash,No,2018,,West,,0,,Flat,,,,,,Bright sun,2124300,0,0.0,0.0,3.0,,,0.0,,,,,,Wellington Region,Nil,1-way,Sealed,,0.0,0,,50.0,,Null,0.0,0.0,,47,Wellington City,Unknown,,,,,0.0,0.0,Urban,1.0,,,Fine,Null,0
67627294,,573101,0.0,,0.0,3.0,,Null,2017/2018,SH 1N,TORY ST,,Serious Crash,Yes,2018,,East,,0,,Flat,,,,,,Dark,2136600,0,0.0,0.0,2.0,,,0.0,,,,,,Wellington Region,Nil,2-way,Sealed,,0.0,1,,50.0,,On,0.0,0.0,,47,Wellington City,Traffic Signals,,,,,0.0,0.0,Urban,0.0,,,Light rain,Null,0
67627338,,573101,0.0,,0.0,0.0,,West,2017/2018,WAKEFIELD ST,TORY ST,,Non-Injury Crash,No,2018,,West,,0,,Flat,,,,,,Bright sun,2135600,0,0.0,0.0,3.0,,,0.0,,,,,,Wellington Region,Nil,1-way,Sealed,,0.0,0,,50.0,,Null,0.0,0.0,,47,Wellington City,Unknown,,,,,1.0,0.0,Urban,1.0,,,Fine,Null,0
67627422,,574001,0.0,,0.0,1.0,,Null,2017/2018,SH 1N,NEWLANDS ON SBD,,Non-Injury Crash,Yes,2017,,South,,0,,Flat,,,,,,Overcast,2077600,0,0.0,0.0,3.0,,,0.0,,,,,,Wellington Region,Nil,1-way,Sealed,,0.0,0,,80.0,,Null,0.0,0.0,,47,Wellington City,Nil,,,,,0.0,0.0,Open,1.0,,,Light rain,Null,0
67627465,,573101,0.0,,0.0,2.0,,East,2017/2018,COURTENAY PLACE,TARANAKI ST,,Non-Injury Crash,No,2018,,East,,0,,Flat,,,,,,Overcast,2135600,0,0.0,0.0,4.0,,,0.0,,,,,,Wellington Region,Nil,2-way,Sealed,,0.0,0,,30.0,,Null,0.0,0.0,,47,Wellington City,Unknown,,,,,0.0,0.0,Urban,0.0,,,Fine,Strong wind,0
67627534,,576500,0.0,,0.0,1.0,,North,2017/2018,ADELAIDE ROAD,HOSPITAL ROAD,,Minor Crash,No,2018,,North,,0,,Flat,,,,,,Overcast,2148400,1,0.0,0.0,3.0,,,0.0,,,,,,Wellington Region,Nil,2-way,Sealed,,0.0,0,,50.0,,Null,0.0,0.0,,47,Wellington City,Nil,,,,,0.0,0.0,Urban,1.0,,,Fine,Null,0
67627561,,573700,0.0,,0.0,2.0,,Null,2016/2017,MOOREFIELD ROAD,JOHNSONVILLE ON NBD,,Non-Injury Crash,No,2017,,South,,0,,Flat,,,,,,Bright sun,2082800,0,0.0,0.0,2.0,,,0.0,,,,,,Wellington Region,Nil,2-way,Sealed,,0.0,0,,50.0,,Off,0.0,0.0,,47,Wellington City,Give way,,,,,0.0,0.0,Urban,0.0,,,Fine,Null,0
67627586,,573000,0.0,,0.0,1.0,,South,2017/2018,LAMBTON QUAY,WARING TAYLOR ST,,Minor Crash,No,2018,,North,,0,,Flat,,,,,,Overcast,2125300,1,0.0,0.0,4.0,,,0.0,,,1.0,,,Wellington Region,Nil,2-way,Sealed,,0.0,0,,30.0,,Null,0.0,1.0,,47,Wellington City,Traffic Signals,,,,,0.0,0.0,Urban,0.0,,,Light rain,Null,0
67627682,,573000,0.0,0.0,0.0,1.0,0.0,Null,2017/2018,WHITMORE ST,FEATHERSTON ST,,Non-Injury Crash,No,2018,0.0,North,0.0,0,0.0,Flat,0.0,,0.0,,0.0,Dark,2123800,0,0.0,0.0,5.0,0.0,0.0,0.0,0.0,0.0,,0.0,1.0,Wellington Region,Nil,2-way,Sealed,0.0,0.0,0,0.0,50.0,0.0,On,1.0,0.0,,47,Wellington City,Traffic Signals,0.0,1.0,0.0,0.0,0.0,0.0,Urban,0.0,0.0,0.0,Fine,Null,0
67627761,,572900,0.0,,0.0,2.0,,Null,2017/2018,TINAKORI ROAD,PARK ST,,Non-Injury Crash,No,2017,,North,,0,,Flat,,Christmas New Year,,,,Dark,2119300,0,0.0,0.0,2.0,,,0.0,,,,,,Wellington Region,Nil,2-way,Sealed,,0.0,0,,50.0,,On,0.0,0.0,,47,Wellington City,Traffic Signals,,,,,0.0,0.0,Urban,0.0,,,Fine,Null,0
67627833,,573400,0.0,0.0,0.0,1.0,0.0,West,2017/2018,STAFFORD ST,PORT ST,,Non-Injury Crash,No,2017,0.0,South,0.0,0,0.0,Hill Road,0.0,,0.0,,0.0,Overcast,2139500,0,0.0,0.0,2.0,0.0,0.0,0.0,0.0,1.0,,0.0,0.0,Wellington Region,Nil,2-way,Sealed,0.0,0.0,0,0.0,50.0,0.0,Null,0.0,0.0,,47,Wellington City,Unknown,0.0,0.0,0.0,0.0,0.0,0.0,Urban,1.0,0.0,0.0,Null,Null,0
67627921,,574500,0.0,0.0,0.0,1.0,0.0,East,2017/2018,SH 1N,AOTEA OFF SBD,,Non-Injury Crash,Yes,2018,0.0,South,0.0,0,0.0,Hill Road,1.0,,0.0,,0.0,Overcast,2093500,0,0.0,0.0,6.0,0.0,0.0,0.0,0.0,0.0,,0.0,0.0,Wellington Region,Nil,2-way,Sealed,0.0,0.0,0,0.0,100.0,0.0,Null,0.0,0.0,,47,Wellington City,Unknown,0.0,0.0,0.0,0.0,0.0,0.0,Open,0.0,0.0,0.0,Fine,Null,0
67628061,,572900,0.0,,0.0,2.0,,Null,2014/2015,SLIP,HINEMOA ST,,Non-Injury Crash,No,2015,,South,,0,,Flat,,,,,,Bright sun,2118400,0,0.0,0.0,4.0,,,0.0,,,,,,Wellington Region,Nil,2-way,Sealed,,0.0,0,,50.0,,Null,0.0,0.0,,47,Wellington City,Traffic Signals,,,,,0.0,0.0,Urban,0.0,,,Fine,Null,0
67628265,,575300,0.0,0.0,0.0,2.0,0.0,South,2017/2018,GLASGOW ST,RAWHITI TERRACE,,Non-Injury Crash,No,2017,0.0,South,0.0,0,0.0,Hill Road,0.0,,0.0,,0.0,Bright sun,2154400,0,0.0,0.0,2.0,0.0,0.0,0.0,0.0,1.0,,0.0,0.0,Wellington Region,Nil,2-way,Sealed,0.0,0.0,0,0.0,50.0,0.0,Null,0.0,0.0,,47,Wellington City,Give way,0.0,0.0,0.0,0.0,0.0,0.0,Urban,0.0,0.0,0.0,Null,Null,0
67628305,,577000,0.0,0.0,0.0,3.0,0.0,Null,2017/2018,APU CRESCENT,ONEPU ROAD,,Non-Injury Crash,No,2017,0.0,South,0.0,0,0.0,Flat,0.0,,0.0,,0.0,Dark,2174800,0,0.0,0.0,2.0,0.0,0.0,0.0,0.0,2.0,,0.0,0.0,Wellington Region,Nil,2-way,Sealed,0.0,0.0,0,0.0,50.0,0.0,On,0.0,0.0,,47,Wellington City,Give way,0.0,0.0,0.0,0.0,0.0,0.0,Urban,0.0,0.0,0.0,Light rain,Null,0
67628366,,576800,0.0,0.0,0.0,2.0,0.0,North,2017/2018,HATAITAI ROAD,HUIA ROAD,,Non-Injury Crash,No,2018,0.0,North,0.0,0,0.0,Hill Road,0.0,,0.0,,0.0,Dark,2184300,0,0.0,0.0,2.0,0.0,0.0,0.0,0.0,1.0,,0.0,0.0,Wellington Region,Nil,2-way,Sealed,0.0,0.0,0,0.0,50.0,0.0,On,0.0,0.0,,47,Wellington City,Unknown,0.0,0.0,0.0,0.0,0.0,0.0,Urban,0.0,0.0,0.0,Null,Null,0
67628466,,573101,0.0,,0.0,2.0,,South,2017/2018,TORY ST,FORRESTERS LANE,,Non-Injury Crash,No,2017,,North,,0,,Flat,,,,,,Dark,2136000,0,0.0,0.0,2.0,,,0.0,,,,,,Wellington Region,Nil,2-way,Sealed,,0.0,0,,30.0,,On,0.0,0.0,,47,Wellington City,Nil,,,,,0.0,0.0,Urban,0.0,,,Fine,Null,0