OBJECTID,advisorySpeed,areaUnitID,bicycle,bridge,bus,carStationWagon,cliffBank,crashDirectionDescription,crashFinancialYear,crashLocation1,crashLocation2,crashRoadSideRoad,crashSeverity,crashSHDescription,crashYear,debris,directionRoleDescription,ditch,fatalCount,fence,flatHill,guardRail,holiday,houseOrBuilding,intersection,kerb,light,meshblockId,minorInjuryCount,moped,motorcycle,NumberOfLanes,objectThrownOrDropped,otherObject,otherVehicleType,overBank,parkedVehicle,pedestrian,phoneBoxEtc,postOrPole,region,roadCharacter,roadLane,roadSurface,roadworks,schoolBus,seriousInjuryCount,slipOrFlood,speedLimit,strayAnimal,streetLight,suv,taxi,temporarySpeedLimit,tlaId,tlaName,trafficControl,trafficIsland,trafficSign,train,tree,truck,unknownVehicleType,urban,vanOrUtility,vehicle,waterRiver,weatherA,weatherB,if_pandemic
67628493,,573522,0.0,,0.0,1.0,,Null,2015/2016,TAKAPU ROAD,TAWA ON SBD,,Non-Injury Crash,No,2015,,South,,0,,Flat,,,,,,Twilight,2053703,0,0.0,1.0,3.0,,,0.0,,,,,,Wellington Region,Nil,2-way,Sealed,,0.0,0,,50.0,,Off,0.0,0.0,,47,Wellington City,Stop,,,,,0.0,0.0,Urban,0.0,,,Fine,Null,0
67628518,,576700,0.0,,0.0,2.0,,North,2017/2018,ROSENEATH TERRACE,ACCESSWAY,,Non-Injury Crash,No,2017,,South,,0,,Hill Road,,Christmas New Year,,,,Overcast,2186300,0,0.0,0.0,2.0,,,0.0,,,,,,Wellington Region,Nil,2-way,Sealed,,0.0,0,,50.0,,Null,0.0,0.0,,47,Wellington City,Unknown,,,,,0.0,0.0,Urban,0.0,,,Light rain,Null,0
67628577,,576400,0.0,0.0,0.0,2.0,0.0,West,2016/2017,REGENT ST,OWEN ST,,Non-Injury Crash,No,2017,0.0,West,0.0,0,0.0,Flat,0.0,,0.0,,0.0,Overcast,2169300,0,0.0,0.0,2.0,0.0,0.0,0.0,0.0,1.0,,0.0,0.0,Wellington Region,Nil,2-way,Sealed,0.0,0.0,0,0.0,40.0,0.0,Null,0.0,0.0,,47,Wellington City,Unknown,0.0,0.0,0.0,0.0,0.0,0.0,Urban,0.0,0.0,0.0,Fine,Null,0
67628617,,573101,0.0,,0.0,2.0,,West,2017/2018,SH 1N,TARANAKI ST,,Non-Injury Crash,Yes,2017,,East,,0,,Hill Road,,,,,,Bright sun,2133700,0,0.0,0.0,2.0,,,0.0,,,,,,Wellington Region,Nil,1-way,Sealed,,0.0,0,,50.0,,Null,0.0,0.0,,47,Wellington City,Unknown,,,,,0.0,0.0,Urban,0.0,,,Fine,Null,0
67628666,,576500,0.0,,0.0,1.0,,Null,2016/2017,ADELAIDE ROAD,DRUMMOND ST,,Non-Injury Crash,No,2017,,North,,0,,Flat,,,,,,Overcast,2148400,0,1.0,0.0,2.0,,,0.0,,,,,,Wellington Region,Nil,2-way,Sealed,,0.0,0,,50.0,,Null,0.0,0.0,,47,Wellington City,Stop,,,,,0.0,0.0,Urban,0.0,,,Null,Null,0
67628714,,574304,0.0,0.0,0.0,4.0,0.0,East,2017/2018,STATION ROAD,BOX HILL,,Non-Injury Crash,No,2017,0.0,West,0.0,0,0.0,Flat,0.0,,0.0,,0.0,Overcast,2088800,0,0.0,0.0,2.0,0.0,0.0,0.0,0.0,1.0,,0.0,0.0,Wellington Region,Rail xing,2-way,Sealed,0.0,0.0,0,0.0,50.0,0.0,Null,0.0,0.0,,47,Wellington City,Unknown,0.0,0.0,0.0,0.0,0.0,0.0,Urban,0.0,0.0,0.0,Fine,Null,0
67628770,,575000,0.0,,0.0,1.0,,East,2017/2018,KARORI ROAD,NOTTINGHAM ST,,Non-Injury Crash,No,2018,,East,,0,,Flat,,,,,,Dark,2111000,0,0.0,0.0,2.0,,,0.0,,,1.0,,,Wellington Region,Nil,2-way,Sealed,,0.0,0,,50.0,,On,0.0,0.0,,47,Wellington City,Unknown,,,,,0.0,0.0,Urban,0.0,,,Light rain,Null,0
67628774,,574701,0.0,,0.0,2.0,,Null,2018/2019,CHURCHILL DRIVE,BLACKBRIDGE ROAD,,Minor Crash,No,2018,,South,,0,,Hill Road,,,,,,Bright sun,2105100,1,0.0,0.0,2.0,,,0.0,,,,,,Wellington Region,Nil,2-way,Sealed,,0.0,0,,50.0,,Null,0.0,0.0,,47,Wellington City,Give way,,,,,0.0,0.0,Urban,0.0,,,Fine,Null,0
67628806,,576400,0.0,0.0,0.0,1.0,0.0,East,2017/2018,ARNEY ST,RIDDIFORD ST,,Non-Injury Crash,No,2017,0.0,West,0.0,0,0.0,Flat,0.0,,0.0,,0.0,Twilight,2168700,0,0.0,0.0,2.0,0.0,0.0,0.0,0.0,1.0,,0.0,0.0,Wellington Region,Nil,2-way,Sealed,0.0,0.0,0,0.0,50.0,0.0,On,0.0,0.0,,47,Wellington City,Unknown,0.0,0.0,0.0,0.0,0.0,0.0,Urban,1.0,0.0,0.0,Null,Null,0
67628809,,575200,0.0,0.0,0.0,3.0,0.0,East,2016/2017,GARDEN ROAD,CRIEFF ST,,Non-Injury Crash,No,2017,0.0,East,0.0,0,0.0,Hill Road,0.0,,0.0,,0.0,Bright sun,2150300,0,0.0,0.0,2.0,0.0,0.0,0.0,0.0,2.0,,0.0,0.0,Wellington Region,Nil,2-way,Sealed,0.0,0.0,0,0.0,50.0,0.0,Null,0.0,0.0,,47,Wellington City,Unknown,0.0,0.0,0.0,0.0,0.0,0.0,Urban,0.0,0.0,0.0,Fine,Null,0
67628966,,572900,0.0,,0.0,2.0,,South,2018/2019,FEATHERSTON ST,MULGRAVE ST,,Minor Crash,No,2018,,South,,0,,Flat,,,,,,Bright sun,2122800,1,0.0,0.0,4.0,,,0.0,,,,,,Wellington Region,Nil,2-way,Sealed,,0.0,0,,50.0,,Null,0.0,0.0,,47,Wellington City,Unknown,,,,,0.0,0.0,Urban,1.0,,,Fine,Null,0
67628997,,573101,0.0,,0.0,1.0,,Null,2015/2016,TORY ST,COURTENAY PLACE,,Non-Injury Crash,No,2015,,North,,0,,Flat,,Christmas New Year,,,,Bright sun,2135600,0,0.0,0.0,2.0,,,0.0,,,,,,Wellington Region,Nil,2-way,Sealed,,0.0,0,,50.0,,Null,0.0,0.0,,47,Wellington City,Traffic Signals,,,,,0.0,0.0,Urban,1.0,,,Fine,Null,0
67629226,,573523,0.0,,0.0,2.0,,South,2017/2018,SH 1N,CHURTON PARK ON SBD,,Non-Injury Crash,Yes,2017,,South,,0,,Flat,,,,,,Overcast,2086310,0,0.0,0.0,2.0,,,0.0,,,,,,Wellington Region,Nil,1-way,Sealed,,0.0,0,,100.0,,Null,0.0,0.0,,47,Wellington City,Unknown,,,,,0.0,0.0,Open,0.0,,,Light rain,Null,0
67629298,,573400,0.0,,0.0,2.0,,North,2017/2018,KENT TERRACE,MAJORIBANKS ST,,Non-Injury Crash,No,2017,,South,,0,,Flat,,,,,,Overcast,2139000,0,0.0,0.0,4.0,,,0.0,,,,,,Wellington Region,Nil,1-way,Sealed,,0.0,0,,50.0,,Null,0.0,0.0,,47,Wellington City,Unknown,,,,,0.0,0.0,Urban,0.0,,,Fine,Null,0
67629330,,577200,0.0,0.0,0.0,2.0,0.0,Null,2017/2018,MIRAMAR AVENUE,IRA ST,,Minor Crash,No,2018,0.0,South,0.0,0,0.0,Flat,0.0,,0.0,,0.0,Bright sun,2207900,1,0.0,0.0,2.0,0.0,0.0,0.0,0.0,1.0,,0.0,0.0,Wellington Region,Nil,2-way,Sealed,0.0,0.0,0,0.0,50.0,0.0,Null,0.0,0.0,,47,Wellington City,Give way,0.0,0.0,0.0,0.0,0.0,0.0,Urban,0.0,0.0,0.0,Fine,Null,0
67629334,,573511,0.0,0.0,0.0,1.0,0.0,Null,2017/2018,CHURTON PARK OFF NBD,SH 1N,,Non-Injury Crash,Yes,2018,0.0,North,0.0,0,0.0,Flat,1.0,,0.0,,0.0,Dark,2086203,0,0.0,0.0,1.0,0.0,0.0,0.0,0.0,0.0,,0.0,0.0,Wellington Region,Motorway ramp,1-way,Sealed,0.0,0.0,0,0.0,100.0,0.0,On,0.0,0.0,,47,Wellington City,Nil,0.0,0.0,0.0,0.0,0.0,0.0,Open,0.0,0.0,0.0,Heavy rain,Strong wind,0
67629405,15.0,576200,0.0,,0.0,1.0,,West,2018/2019,BRITOMART ST,STANLEY ST,,Minor Crash,No,2018,,North,,0,,Hill Road,,,,,,Dark,2171100,1,0.0,0.0,2.0,,,0.0,,,,,,Wellington Region,Nil,2-way,Sealed,,0.0,0,,50.0,,None,0.0,0.0,,47,Wellington City,Unknown,,,,,0.0,0.0,Urban,0.0,,,Fine,Null,0
67629417,,573523,0.0,,0.0,0.0,,South,2017/2018,SH 1N,WESTCHESTER DRIVE OBR SBD,,Minor Crash,Yes,2018,,South,,0,,Flat,,,,,,Bright sun,2086310,1,0.0,1.0,4.0,,,0.0,,,,,,Wellington Region,Nil,2-way,Sealed,,0.0,0,,100.0,,Null,0.0,0.0,,47,Wellington City,Unknown,,,,,1.0,0.0,Open,0.0,,,Fine,Null,0
67629461,,573300,0.0,,0.0,2.0,,South,2016/2017,TASMAN ST,OLD BUCKLE ST,,Non-Injury Crash,No,2017,,South,,0,,Flat,,,,,,Bright sun,2145500,0,0.0,0.0,2.0,,,0.0,,,,,,Wellington Region,Nil,2-way,Sealed,,0.0,0,,50.0,,Null,0.0,0.0,,47,Wellington City,Unknown,,,,,0.0,0.0,Urban,0.0,,,Fine,Null,0
67629516,,574001,0.0,0.0,0.0,1.0,0.0,West,2015/2016,SOMES CRESCENT,SUNHAVEN DRIVE,,Non-Injury Crash,No,2015,0.0,East,0.0,0,1.0,Flat,0.0,Christmas New Year,0.0,,0.0,Bright sun,2076000,0,0.0,0.0,2.0,0.0,0.0,0.0,0.0,0.0,,0.0,0.0,Wellington Region,Nil,2-way,Sealed,0.0,0.0,0,0.0,50.0,0.0,Null,1.0,0.0,,47,Wellington City,Unknown,0.0,0.0,0.0,0.0,0.0,0.0,Urban,0.0,0.0,0.0,Fine,Null,0
67629596,,576903,0.0,,0.0,1.0,,Null,2014/2015,SH 1N,EVANS BAY PARADE,,Non-Injury Crash,Yes,2015,,East,,0,,Flat,,,,,,Overcast,2180200,0,0.0,0.0,5.0,,,0.0,,,,,,Wellington Region,Nil,2-way,Sealed,,0.0,0,,50.0,,Null,1.0,0.0,,47,Wellington City,Traffic Signals,,,,,0.0,0.0,Urban,0.0,,,Fine,Null,0
67629716,,576500,0.0,,0.0,1.0,,South,2015/2016,ADELAIDE ROAD,DRUMMOND ST,,Non-Injury Crash,No,2015,,South,,0,,Flat,,,,,,Overcast,2148400,0,0.0,0.0,,,,0.0,,,,,,Wellington Region,Nil,2-way,Sealed,,0.0,0,,50.0,,Null,0.0,0.0,,47,Wellington City,Unknown,,,,,0.0,0.0,Urban,1.0,,,Fine,Null,0
67629741,,576800,0.0,,0.0,2.0,,South,2017/2018,RAKAU ROAD,MAREWA ROAD,,Non-Injury Crash,No,2018,,West,,0,,Hill Road,,,,,,Dark,2185400,0,0.0,0.0,2.0,,,0.0,,,,,,Wellington Region,Nil,2-way,Sealed,,0.0,0,,50.0,,On,0.0,0.0,,47,Wellington City,Unknown,,,,,0.0,0.0,Urban,0.0,,,Fine,Null,0
67629776,,575200,0.0,,0.0,1.0,,South,2017/2018,GARDEN ROAD,NORTHLAND ROAD,,Non-Injury Crash,No,2017,,East,,0,,Hill Road,,,,,,Twilight,2150300,0,0.0,0.0,2.0,,,0.0,,,,,,Wellington Region,Nil,2-way,Sealed,,0.0,0,,50.0,,Null,0.0,0.0,,47,Wellington City,Unknown,,,,,0.0,0.0,Urban,1.0,,,Light rain,Null,0
67629836,,576500,0.0,,1.0,0.0,,Null,2015/2016,SH 1N,ADELAIDE ROAD,,Non-Injury Crash,Yes,2015,,West,,0,,Flat,,,,,,Bright sun,2147900,0,0.0,0.0,2.0,,,0.0,,,,,,Wellington Region,Nil,2-way,Sealed,,0.0,0,,50.0,,Null,0.0,0.0,,47,Wellington City,Traffic Signals,,,,,1.0,0.0,Urban,0.0,,,Fine,Null,0
67629861,,573200,0.0,0.0,0.0,0.0,1.0,East,2018/2019,DEVON ST,FAIRLIE TERRACE,,Minor Crash,No,2018,0.0,North,0.0,0,0.0,Hill Road,0.0,,0.0,,0.0,Bright sun,2157500,1,0.0,1.0,2.0,0.0,0.0,0.0,0.0,0.0,,0.0,0.0,Wellington Region,Nil,2-way,Sealed,0.0,0.0,0,0.0,50.0,0.0,Null,0.0,0.0,,47,Wellington City,Unknown,0.0,0.0,0.0,0.0,0.0,0.0,Urban,0.0,0.0,0.0,Fine,Null,0
67629885,,576800,0.0,,0.0,2.0,,Null,2017/2018,SH 1N,TAURIMA ST,,Non-Injury Crash,Yes,2018,,North,,0,,Hill Road,,,,,,Overcast,2181900,0,0.0,0.0,2.0,,,0.0,,,,,,Wellington Region,Nil,2-way,Sealed,,0.0,0,,50.0,,Null,1.0,0.0,,47,Wellington City,Give way,,,,,0.0,0.0,Urban,0.0,,,Heavy rain,Strong wind,0
67629901,,576901,0.0,,0.0,1.0,,Null,2017/2018,ENDEAVOUR ST,QUEENS DRIVE,,Serious Crash,No,2018,,North,,0,,Hill Road,,,,,,Overcast,2178700,0,0.0,1.0,2.0,,,0.0,,,,,,Wellington Region,Nil,2-way,Sealed,,0.0,1,,50.0,,Null,0.0,0.0,,47,Wellington City,Nil,,,,,0.0,0.0,Urban,0.0,,,Fine,Strong wind,0
67630013,,573101,0.0,,0.0,2.0,,Null,2017/2018,WAKEFIELD ST,TORY ST,,Minor Crash,No,2018,,West,,0,,Flat,,,,,,Dark,2135700,1,0.0,0.0,3.0,,,0.0,,,,,,Wellington Region,Nil,2-way,Sealed,,0.0,0,,50.0,,On,0.0,0.0,,47,Wellington City,Traffic Signals,,,,,0.0,0.0,Urban,0.0,,,Fine,Null,0
67630016,,576901,0.0,,0.0,1.0,,Null,2017/2018,TROY ST,SH 1N,,Non-Injury Crash,No,2017,,North,,0,,Flat,,,,,,Bright sun,2176800,0,0.0,0.0,5.0,,,0.0,,,,,,Wellington Region,Nil,2-way,Sealed,,0.0,0,,50.0,,Null,1.0,0.0,,47,Wellington City,Give way,,,,,0.0,0.0,Urban,0.0,,,Fine,Null,0
67630056,,574701,0.0,0.0,0.0,4.0,0.0,North,2017/2018,CHARTWELL DRIVE,DOWNING ST,,Non-Injury Crash,No,2017,0.0,West,0.0,0,1.0,Hill Road,0.0,,0.0,,0.0,Dark,2105100,0,0.0,0.0,2.0,0.0,0.0,0.0,0.0,0.0,,0.0,0.0,Wellington Region,Nil,2-way,Sealed,0.0,0.0,0,0.0,50.0,0.0,On,0.0,0.0,,47,Wellington City,Unknown,0.0,0.0,0.0,0.0,0.0,0.0,Urban,0.0,0.0,0.0,Fine,Null,0
67630120,,576903,0.0,0.0,0.0,2.0,0.0,Null,2018/2019,SH 1N,KILBIRNIE CRESCENT,,Minor Crash,Yes,2018,0.0,West,0.0,0,0.0,Flat,0.0,,0.0,,0.0,Dark,2180300,1,0.0,0.0,4.0,0.0,0.0,0.0,0.0,0.0,,0.0,0.0,Wellington Region,Nil,2-way,Sealed,0.0,0.0,0,0.0,50.0,0.0,On,0.0,0.0,,47,Wellington City,Traffic Signals,0.0,1.0,0.0,0.0,0.0,0.0,Urban,0.0,0.0,0.0,Fine,Null,0
67630124,,574303,0.0,,0.0,4.0,,South,2015/2016,HUTT ROAD,JARDEN MILE,,Minor Crash,No,2015,,North,,0,,Flat,,,,,,Bright sun,2090402,1,0.0,0.0,5.0,,,0.0,,,,,,Wellington Region,Nil,2-way,Sealed,,0.0,0,,80.0,,Off,0.0,0.0,,47,Wellington City,Nil,,,,,0.0,0.0,Open,0.0,,,Fine,Null,0
67630152,,573200,0.0,0.0,0.0,1.0,0.0,South,2017/2018,BROOKLYN ROAD,BIDWILL ST,,Non-Injury Crash,No,2017,0.0,South,0.0,0,0.0,Hill Road,0.0,,0.0,,0.0,Dark,2159300,0,0.0,0.0,2.0,0.0,0.0,0.0,0.0,0.0,,0.0,1.0,Wellington Region,Nil,2-way,Sealed,0.0,0.0,0,0.0,50.0,0.0,On,0.0,0.0,,47,Wellington City,Unknown,0.0,0.0,0.0,0.0,0.0,0.0,Urban,0.0,0.0,0.0,Fine,Null,0
67630184,,573101,0.0,,0.0,3.0,,West,2017/2018,SH 1N,TARANAKI ST,,Non-Injury Crash,Yes,2017,,West,,0,,Flat,,,,,,Bright sun,2133700,0,0.0,0.0,3.0,,,0.0,,,,,,Wellington Region,Nil,1-way,Sealed,,0.0,0,,50.0,,Null,0.0,0.0,,47,Wellington City,Unknown,,,,,0.0,0.0,Urban,0.0,,,Fine,Null,0
67630244,,576301,0.0,0.0,0.0,1.0,0.0,North,2014/2015,HANSON ST,HALL ST,,Non-Injury Crash,No,2015,0.0,North,0.0,0,0.0,Flat,0.0,,0.0,,0.0,Bright sun,2163700,0,0.0,0.0,2.0,0.0,0.0,0.0,0.0,1.0,,0.0,0.0,Wellington Region,Nil,2-way,Sealed,0.0,0.0,0,0.0,50.0,0.0,Null,1.0,0.0,,47,Wellington City,Nil,0.0,0.0,0.0,0.0,0.0,0.0,Urban,0.0,0.0,0.0,Fine,Null,0
67630265,,575701,0.0,0.0,0.0,2.0,0.0,North,2017/2018,MILLS ROAD,VENNELL ST,,Non-Injury Crash,No,2018,0.0,South,0.0,0,0.0,Hill Road,0.0,,0.0,,0.0,Overcast,2199101,0,0.0,0.0,2.0,0.0,0.0,0.0,0.0,1.0,,0.0,0.0,Wellington Region,Nil,2-way,Sealed,0.0,0.0,0,0.0,50.0,0.0,Null,0.0,0.0,,47,Wellington City,Unknown,0.0,0.0,0.0,0.0,0.0,0.0,Urban,0.0,0.0,0.0,Fine,Null,0
67630444,,577200,0.0,0.0,0.0,1.0,0.0,North,2015/2016,LIVERPOOL ST,CRAWFORD GREEN,,Non-Injury Crash,No,2015,0.0,North,0.0,0,0.0,Flat,0.0,,0.0,,0.0,Overcast,2208900,0,0.0,0.0,2.0,0.0,0.0,0.0,0.0,0.0,,0.0,0.0,Wellington Region,Nil,2-way,Sealed,0.0,0.0,0,0.0,50.0,0.0,Null,0.0,0.0,,47,Wellington City,Nil,0.0,0.0,0.0,0.0,0.0,0.0,Urban,0.0,0.0,0.0,Fine,Null,0
67630476,,575000,0.0,0.0,0.0,2.0,0.0,North,2015/2016,PONSONBY ROAD,ESPIN CRESCENT,,Non-Injury Crash,No,2015,0.0,North,0.0,0,0.0,Hill Road,0.0,Christmas New Year,0.0,,0.0,Bright sun,2111200,0,0.0,0.0,2.0,0.0,0.0,0.0,0.0,1.0,,0.0,0.0,Wellington Region,Nil,2-way,Sealed,0.0,0.0,0,0.0,50.0,0.0,Null,0.0,0.0,,47,Wellington City,Nil,0.0,0.0,0.0,0.0,0.0,0.0,Urban,0.0,0.0,0.0,Fine,Null,0
67630496,,573300,0.0,0.0,0.0,1.0,0.0,Null,2017/2018,SH 1N,ELLICE ST,,Non-Injury Crash,Yes,2017,0.0,South,0.0,0,0.0,Flat,0.0,,0.0,,0.0,Dark,2145602,0,0.0,0.0,3.0,0.0,0.0,0.0,0.0,0.0,,0.0,0.0,Wellington Region,Nil,1-way,Sealed,0.0,0.0,0,0.0,50.0,0.0,On,0.0,0.0,,47,Wellington City,Give way,0.0,1.0,0.0,0.0,0.0,0.0,Urban,0.0,0.0,0.0,Light rain,Null,0
67630509,,574303,0.0,,0.0,3.0,,South,2017/2018,SH 1N,NEWLANDS ON NBD,,Non-Injury Crash,Yes,2017,,North,,0,,Hill Road,,,,,,Bright sun,2084302,0,0.0,0.0,3.0,,,0.0,,,,,,Wellington Region,Nil,1-way,Sealed,,0.0,0,,100.0,,Null,0.0,1.0,,47,Wellington City,Unknown,,,,,0.0,0.0,Open,1.0,,,Fine,Null,0
67630521,,572900,1.0,,0.0,1.0,,Null,2018/2019,GLENMORE ST,KILMISTER AVENUE,,Minor Crash,No,2018,,North,,0,,Hill Road,,,,,,Overcast,2123600,1,0.0,0.0,2.0,,,0.0,,,,,,Wellington Region,Nil,2-way,Sealed,,0.0,0,,50.0,,Null,0.0,0.0,,47,Wellington City,Nil,,,,,0.0,0.0,Urban,0.0,,,Light rain,Null,0
67630565,,576901,0.0,0.0,0.0,2.0,0.0,North,2017/2018,BAY ROAD,COUTTS ST,,Non-Injury Crash,No,2017,0.0,North,0.0,0,0.0,Flat,0.0,,0.0,,0.0,Dark,2178300,0,0.0,0.0,2.0,0.0,0.0,0.0,0.0,1.0,,0.0,0.0,Wellington Region,Nil,2-way,Sealed,0.0,0.0,0,0.0,30.0,0.0,On,0.0,0.0,,47,Wellington City,Nil,0.0,0.0,0.0,0.0,0.0,0.0,Urban,1.0,0.0,0.0,Fine,Null,0
67630584,,577000,0.0,,0.0,2.0,,Null,2017/2018,TAVISTOCK ROAD,BUCKINGHAM ST,,Minor Crash,No,2018,,West,,0,,Hill Road,,,,,,Overcast,2174100,1,0.0,0.0,2.0,,,0.0,,,,,,Wellington Region,Nil,2-way,Sealed,,0.0,0,,50.0,,Null,0.0,0.0,,47,Wellington City,Nil,,,,,0.0,0.0,Urban,0.0,,,Fine,Null,0
67630585,,573300,1.0,,0.0,1.0,,Null,2017/2018,TASMAN ST,JOHN ST,,Non-Injury Crash,No,2017,,South,,0,,Flat,,,,,,Bright sun,2146300,0,0.0,0.0,2.0,,,0.0,,,,,,Wellington Region,Nil,2-way,Sealed,,0.0,0,,50.0,,Null,0.0,0.0,,47,Wellington City,Give way,,,,,0.0,0.0,Urban,0.0,,,Fine,Null,0
67630624,45.0,573511,1.0,,0.0,0.0,,North,2017/2018,MIDDLETON ROAD,ROWELLS ROAD,,Minor Crash,No,2017,,North,,0,,Flat,,,,,,Overcast,2086203,1,0.0,0.0,2.0,,,0.0,,,,,,Wellington Region,Nil,2-way,Sealed,,0.0,0,,70.0,,Null,0.0,0.0,,47,Wellington City,Unknown,,,,,0.0,0.0,Urban,1.0,,,Fine,Null,0
67630865,,577302,0.0,0.0,0.0,2.0,0.0,North,2017/2018,PARK ROAD,MIRAMAR AVENUE,,Non-Injury Crash,No,2018,0.0,South,0.0,0,0.0,Flat,0.0,,0.0,,0.0,Overcast,2206102,0,0.0,0.0,2.0,0.0,0.0,0.0,0.0,1.0,,0.0,0.0,Wellington Region,Nil,2-way,Sealed,0.0,0.0,0,0.0,30.0,0.0,Null,0.0,0.0,,47,Wellington City,Unknown,0.0,0.0,0.0,0.0,0.0,0.0,Urban,0.0,0.0,0.0,Fine,Null,0
67630952,,572701,0.0,0.0,0.0,1.0,0.0,North,2016/2017,SH 1N,PED SUBWAY,,Non-Injury Crash,Yes,2017,0.0,North,0.0,0,0.0,Hill Road,1.0,,0.0,,0.0,Overcast,1993704,0,0.0,0.0,2.0,0.0,0.0,0.0,0.0,0.0,,0.0,0.0,Wellington Region,Nil,1-way,Sealed,0.0,0.0,0,0.0,100.0,0.0,Null,0.0,0.0,,47,Wellington City,Unknown,0.0,0.0,0.0,0.0,0.0,0.0,Open,0.0,0.0,0.0,Fine,Strong wind,0
67630961,,574500,0.0,,0.0,1.0,,North,2017/2018,SH 1N,AOTEA OFF SBD,,Non-Injury Crash,Yes,2018,,West,,0,,Null,,,,,,Overcast,2093400,0,0.0,0.0,3.0,,,0.0,,,,,,Wellington Region,Nil,1-way,Sealed,,0.0,0,,100.0,,Null,0.0,0.0,,47,Wellington City,Unknown,,,,,0.0,0.0,Open,1.0,,,Fine,Null,0
67630996,,572500,0.0,0.0,0.0,1.0,0.0,Null,2014/2015,TAKAPU ROAD,WILLIAM EARP PLACE,,Non-Injury Crash,No,2015,0.0,West,0.0,0,0.0,Hill Road,0.0,,0.0,,0.0,Twilight,2053702,0,0.0,0.0,2.0,0.0,0.0,0.0,0.0,0.0,,0.0,0.0,Wellington Region,Nil,1-way,Sealed,0.0,0.0,0,0.0,50.0,0.0,On,0.0,0.0,,47,Wellington City,Give way,1.0,0.0,0.0,1.0,0.0,0.0,Urban,0.0,0.0,0.0,Fine,Strong wind,0
67631012,,573700,0.0,,0.0,1.0,,North,2014/2015,MOOREFIELD ROAD,FRANKMOORE AVENUE,,Non-Injury Crash,No,2015,,North,,0,,Flat,,,,,,Overcast,2082800,0,0.0,0.0,2.0,,,0.0,,,,,,Wellington Region,Nil,2-way,Sealed,,0.0,0,,50.0,,Off,0.0,0.0,,47,Wellington City,Nil,,,,,0.0,0.0,Urban,1.0,,,Fine,Null,0
67631092,,576200,0.0,0.0,0.0,2.0,0.0,North,2015/2016,RINTOUL ST,HERALD ST,,Non-Injury Crash,No,2015,0.0,North,0.0,0,0.0,Flat,0.0,,0.0,,0.0,Dark,2171800,0,0.0,0.0,2.0,0.0,0.0,0.0,0.0,1.0,,0.0,0.0,Wellington Region,Nil,2-way,Sealed,0.0,0.0,0,0.0,50.0,0.0,On,0.0,0.0,,47,Wellington City,Unknown,0.0,0.0,0.0,0.0,0.0,0.0,Urban,0.0,0.0,0.0,Fine,Null,0
67631141,,573000,0.0,,0.0,1.0,,North,2018/2019,WILLIS ST,MERCER ST,,Minor Crash,No,2018,,North,,0,,Flat,,,,,,Overcast,2127400,1,0.0,0.0,2.0,,,0.0,,,1.0,,,Wellington Region,Nil,2-way,Sealed,,0.0,0,,30.0,,Null,0.0,0.0,,47,Wellington City,Unknown,,,,,0.0,0.0,Urban,0.0,,,Fine,Null,0
67631153,,572701,0.0,0.0,0.0,2.0,0.0,West,2017/2018,MASSEY ST,BELL ST,,Non-Injury Crash,No,2018,0.0,East,0.0,0,0.0,Flat,0.0,,0.0,,0.0,Bright sun,1994900,0,0.0,0.0,2.0,0.0,0.0,0.0,0.0,1.0,,0.0,0.0,Wellington Region,Nil,2-way,Sealed,0.0,0.0,0,0.0,50.0,0.0,Null,0.0,0.0,,47,Wellington City,Unknown,0.0,0.0,0.0,0.0,0.0,0.0,Urban,0.0,0.0,0.0,Fine,Null,0
67631164,,573101,0.0,,1.0,1.0,,Null,2015/2016,SH 1N,VICTORIA ST,,Non-Injury Crash,Yes,2015,,North,,0,,Flat,,,,,,Bright sun,2132400,0,0.0,0.0,3.0,,,0.0,,,,,,Wellington Region,Nil,1-way,Sealed,,0.0,0,,50.0,,Null,0.0,0.0,,47,Wellington City,Traffic Signals,,,,,0.0,0.0,Urban,0.0,,,Fine,Null,0
67631185,,574303,0.0,,0.0,2.0,,North,2018/2019,SH 1N,TYERS ROAD,,Minor Crash,Yes,2018,,North,,0,,Hill Road,,,,,,Twilight,2088705,1,0.0,0.0,3.0,,,0.0,,,,,,Wellington Region,Nil,1-way,Sealed,,0.0,0,,80.0,,Off,1.0,0.0,,47,Wellington City,Unknown,,,,,0.0,0.0,Open,0.0,,,Fine,Null,0
67631192,,573000,0.0,,0.0,0.0,,Null,2018/2019,FEATHERSTON ST,GREY ST,,Minor Crash,No,2018,,South,,0,,Flat,,,,,,Overcast,2125800,1,0.0,1.0,2.0,,,0.0,,,1.0,,,Wellington Region,Nil,1-way,Sealed,,0.0,0,,50.0,,Null,0.0,0.0,40.0,47,Wellington City,Traffic Signals,,,,,0.0,0.0,Urban,0.0,,,Light rain,Strong wind,0
67631221,,573000,1.0,,0.0,1.0,,Null,2017/2018,BOULCOTT ST,GILMER TERRACE,,Minor Crash,No,2018,,East,,0,,Hill Road,,,,,,Overcast,2127200,1,0.0,0.0,2.0,,,0.0,,,,,,Wellington Region,Nil,2-way,Sealed,,0.0,0,,50.0,,Null,0.0,0.0,,47,Wellington City,Give way,,,,,0.0,0.0,Urban,0.0,,,Heavy rain,Null,0