OBJECTID,advisorySpeed,areaUnitID,bicycle,bridge,bus,carStationWagon,cliffBank,crashDirectionDescription,crashFinancialYear,crashLocation1,crashLocation2,crashRoadSideRoad,crashSeverity,crashSHDescription,crashYear,debris,directionRoleDescription,ditch,fatalCount,fence,flatHill,guardRail,holiday,houseOrBuilding,intersection,kerb,light,meshblockId,minorInjuryCount,moped,motorcycle,NumberOfLanes,objectThrownOrDropped,otherObject,otherVehicleType,overBank,parkedVehicle,pedestrian,phoneBoxEtc,postOrPole,region,roadCharacter,roadLane,roadSurface,roadworks,schoolBus,seriousInjuryCount,slipOrFlood,speedLimit,strayAnimal,streetLight,suv,taxi,temporarySpeedLimit,tlaId,tlaName,trafficControl,trafficIsland,trafficSign,train,tree,truck,unknownVehicleType,urban,vanOrUtility,vehicle,waterRiver,weatherA,weatherB,if_pandemic
67631348,,573000,0.0,0.0,0.0,2.0,0.0,North,2015/2016,THE TERRACE,SALAMANCA ROAD,,Non-Injury Crash,No,2015,0.0,North,0.0,0,0.0,Flat,0.0,,0.0,,0.0,Unknown,2126900,0,0.0,0.0,2.0,0.0,0.0,0.0,0.0,1.0,,0.0,0.0,Wellington Region,Nil,2-way,Sealed,0.0,0.0,0,0.0,50.0,0.0,Null,0.0,0.0,,47,Wellington City,Unknown,0.0,0.0,0.0,0.0,0.0,0.0,Urban,0.0,0.0,0.0,Null,Null,0
67631357,,573101,0.0,0.0,0.0,2.0,0.0,South,2017/2018,MARION ST,GHUZNEE ST,,Non-Injury Crash,No,2018,0.0,South,0.0,0,0.0,Flat,0.0,,0.0,,0.0,Dark,2133600,0,0.0,0.0,2.0,0.0,0.0,0.0,0.0,1.0,,0.0,0.0,Wellington Region,Nil,2-way,Sealed,0.0,0.0,0,0.0,50.0,0.0,On,0.0,0.0,,47,Wellington City,Unknown,0.0,0.0,0.0,0.0,0.0,0.0,Urban,0.0,0.0,0.0,Fine,Null,0
67631368,,572900,0.0,,0.0,2.0,,East,2016/2017,GOLDIES BRAE,GRANT ROAD,,Non-Injury Crash,No,2017,,North,,0,,Hill Road,,,,,,Dark,2117300,0,0.0,0.0,1.0,,,0.0,,,,,,Wellington Region,Nil,2-way,Sealed,,0.0,0,,50.0,,On,0.0,0.0,,47,Wellington City,Unknown,,,,,0.0,0.0,Urban,0.0,,,Fine,Null,0
67631429,,573000,0.0,,0.0,1.0,,Null,2017/2018,CUSTOMHOUSE QUAY,JOHNSTON ST,,Minor Crash,No,2018,,North,,0,,Flat,,,,,,Dark,2124300,1,0.0,0.0,6.0,,,0.0,,,1.0,,,Wellington Region,Nil,2-way,Sealed,,0.0,0,,50.0,,On,0.0,0.0,,47,Wellington City,Traffic Signals,,,,,0.0,0.0,Urban,0.0,,,Light rain,Null,0
67631468,,572900,0.0,,0.0,2.0,,South,2015/2016,MURPHY ST,TURNBULL ST,,Non-Injury Crash,No,2015,,South,,0,,Flat,,,,,,Twilight,2119000,0,0.0,0.0,2.0,,,0.0,,,,,,Wellington Region,Nil,1-way,Sealed,,0.0,0,,50.0,,Off,0.0,0.0,,47,Wellington City,Nil,,,,,0.0,0.0,Urban,0.0,,,Null,Null,0
67631497,,575701,0.0,0.0,0.0,3.0,0.0,South,2017/2018,MILLS ROAD,VENNELL ST,,Non-Injury Crash,No,2018,0.0,South,0.0,0,0.0,Hill Road,0.0,,0.0,,0.0,Dark,2199101,0,0.0,0.0,2.0,0.0,0.0,0.0,0.0,1.0,,0.0,0.0,Wellington Region,Nil,2-way,Sealed,1.0,0.0,0,0.0,50.0,0.0,On,0.0,0.0,30.0,47,Wellington City,Unknown,0.0,0.0,0.0,0.0,0.0,0.0,Urban,0.0,0.0,0.0,Fine,Null,0
67631512,25.0,574002,0.0,,0.0,1.0,,Null,2016/2017,NGAURANGA ON NBD,NGAURANGA ON NBD OBR,,Non-Injury Crash,Yes,2017,,West,,0,,Flat,,,,,,Dark,2078302,0,0.0,0.0,3.0,,,0.0,,,,,,Wellington Region,Motorway ramp,1-way,Sealed,,0.0,0,,100.0,,On,0.0,0.0,,47,Wellington City,Unknown,,,,,1.0,0.0,Open,0.0,,,Fine,Null,0
67631572,,573101,0.0,,0.0,2.0,,Null,2015/2016,WEBB ST,VICTORIA ST,,Non-Injury Crash,No,2015,,South,,0,,Flat,,,,,,Bright sun,2132700,0,0.0,0.0,3.0,,,0.0,,,,,,Wellington Region,Nil,1-way,Sealed,,0.0,0,,50.0,,Null,0.0,1.0,,47,Wellington City,Give way,,,,,0.0,0.0,Urban,0.0,,,Fine,Null,0
67631576,,573523,0.0,,0.0,0.0,,Null,2017/2018,GRENADA DRIVE,CHURTON PARK ON SBD,,Minor Crash,No,2017,,West,,0,,Hill Road,,Christmas New Year,,,,Overcast,2086310,1,0.0,1.0,2.0,,,0.0,,,,,,Wellington Region,Motorway ramp,2-way,Sealed,,0.0,0,,50.0,,Null,0.0,0.0,,47,Wellington City,Give way,,,,,0.0,0.0,Urban,0.0,,,Light rain,Null,0
67631588,,573400,0.0,0.0,0.0,1.0,0.0,Null,2014/2015,PIRIE ST,HOME ST,,Non-Injury Crash,No,2015,0.0,East,0.0,0,0.0,Flat,0.0,,0.0,,0.0,Dark,2143900,0,0.0,0.0,2.0,0.0,0.0,0.0,0.0,1.0,,0.0,0.0,Wellington Region,Nil,2-way,Sealed,0.0,0.0,0,0.0,50.0,0.0,On,0.0,0.0,,47,Wellington City,Give way,0.0,0.0,0.0,0.0,1.0,0.0,Urban,0.0,0.0,0.0,Fine,Null,0
67631628,,573526,0.0,0.0,0.0,0.0,0.0,West,2015/2016,SH 2,HOROKIWI ROAD,,Minor Crash,Yes,2016,0.0,West,0.0,0,0.0,Flat,1.0,,0.0,,0.0,Dark,2086403,1,0.0,0.0,4.0,0.0,0.0,0.0,0.0,0.0,,0.0,0.0,Wellington Region,Nil,2-way,Sealed,0.0,0.0,0,0.0,100.0,0.0,On,0.0,0.0,,47,Wellington City,Unknown,0.0,0.0,0.0,0.0,0.0,0.0,Open,1.0,0.0,0.0,Fine,Null,0
67631708,,576800,0.0,0.0,0.0,1.0,0.0,East,2015/2016,HATAITAI ROAD,RAKAU ROAD,,Minor Crash,No,2016,0.0,East,0.0,0,0.0,Hill Road,0.0,,0.0,,0.0,Overcast,2184200,1,0.0,1.0,2.0,0.0,0.0,0.0,0.0,1.0,,0.0,0.0,Wellington Region,Nil,2-way,Sealed,0.0,0.0,0,0.0,50.0,0.0,Null,0.0,0.0,,47,Wellington City,Nil,0.0,0.0,0.0,0.0,0.0,0.0,Urban,0.0,0.0,0.0,Fine,Null,0
67631785,,576600,1.0,,0.0,1.0,,West,2017/2018,ORIENTAL PARADE,ORIENTAL TERRACE,,Non-Injury Crash,No,2017,,West,,0,,Flat,,,,,,Overcast,2137900,0,0.0,0.0,2.0,,,0.0,,,,,,Wellington Region,Nil,2-way,Sealed,,0.0,0,,40.0,,Null,0.0,0.0,,47,Wellington City,Unknown,,,,,0.0,0.0,Urban,0.0,,,Fine,Null,0
67631796,,576903,0.0,0.0,0.0,2.0,0.0,East,2015/2016,GOA ST,SH 1N,,Non-Injury Crash,No,2015,0.0,West,0.0,0,0.0,Flat,0.0,,0.0,,0.0,Bright sun,2180602,0,0.0,0.0,2.0,0.0,0.0,0.0,0.0,1.0,,0.0,0.0,Wellington Region,Nil,2-way,Sealed,0.0,0.0,0,0.0,50.0,0.0,Null,0.0,1.0,,47,Wellington City,Give way,0.0,0.0,0.0,0.0,0.0,0.0,Urban,0.0,0.0,0.0,Fine,Null,0
67632133,,572900,0.0,,0.0,1.0,,North,2017/2018,PARK ST,TINAKORI ROAD,,Non-Injury Crash,No,2018,,South,,0,,Flat,,,,,,Dark,2120500,0,0.0,0.0,2.0,,,0.0,,,,,,Wellington Region,Nil,2-way,Sealed,,0.0,0,,50.0,,On,0.0,0.0,,47,Wellington City,Traffic Signals,,,,,1.0,0.0,Urban,0.0,,,Light rain,Null,0
67632149,,572900,0.0,0.0,0.0,2.0,0.0,South,2017/2018,ASCOT ST,TINAKORI ROAD,,Non-Injury Crash,No,2018,0.0,North,0.0,0,0.0,Flat,0.0,,0.0,,0.0,Bright sun,2121800,0,0.0,0.0,1.0,0.0,0.0,0.0,1.0,0.0,,0.0,0.0,Wellington Region,Nil,1-way,Sealed,0.0,0.0,0,0.0,50.0,0.0,Null,0.0,0.0,,47,Wellington City,Unknown,0.0,0.0,0.0,0.0,0.0,0.0,Urban,0.0,0.0,0.0,Fine,Null,0
67632160,,576800,0.0,0.0,1.0,1.0,0.0,West,2016/2017,HATAITAI ROAD,ARAWA ROAD,,Non-Injury Crash,No,2017,0.0,East,0.0,0,0.0,Hill Road,0.0,,0.0,,0.0,Overcast,2184200,0,0.0,0.0,2.0,0.0,0.0,0.0,0.0,1.0,,0.0,0.0,Wellington Region,Nil,2-way,Sealed,0.0,0.0,0,0.0,50.0,0.0,Null,0.0,0.0,,47,Wellington City,Unknown,0.0,0.0,0.0,0.0,0.0,0.0,Urban,0.0,0.0,0.0,Light rain,Null,0
67632205,,572702,0.0,0.0,0.0,0.0,1.0,South,2017/2018,SH 1N,PED SUBWAY,,Non-Injury Crash,Yes,2018,0.0,South,0.0,0,0.0,Flat,1.0,,0.0,,0.0,Overcast,1996400,0,0.0,0.0,2.0,0.0,0.0,0.0,0.0,0.0,,0.0,0.0,Wellington Region,Nil,2-way,Sealed,0.0,0.0,0,0.0,100.0,0.0,Null,0.0,0.0,,47,Wellington City,Unknown,0.0,0.0,0.0,0.0,0.0,0.0,Open,1.0,0.0,0.0,Null,Strong wind,0
67632380,,574600,0.0,,0.0,1.0,,West,2015/2016,GROSVENOR TERRACE,ORCHARD ST,,Non-Injury Crash,No,2015,,West,,0,,Hill Road,,,,,,Overcast,2099600,0,0.0,0.0,2.0,,,0.0,,,,,,Wellington Region,Nil,2-way,Sealed,,0.0,0,,50.0,,Null,1.0,0.0,,47,Wellington City,Nil,,,,,0.0,0.0,Urban,0.0,,,Fine,Null,0
67632448,,572900,0.0,,0.0,1.0,,North,2017/2018,TINAKORI ROAD,PARK ST,,Non-Injury Crash,No,2017,,South,,0,,Flat,,,,,,Bright sun,2118500,0,1.0,0.0,2.0,,,0.0,,,,,,Wellington Region,Nil,2-way,Sealed,,0.0,0,,50.0,,Null,0.0,0.0,,47,Wellington City,Unknown,,,,,0.0,0.0,Urban,0.0,,,Fine,Null,0
67632528,,576100,0.0,0.0,0.0,1.0,0.0,South,2018/2019,QUEENS DRIVE,HUNGERFORD ROAD,,Serious Crash,No,2018,0.0,South,0.0,0,0.0,Flat,0.0,,0.0,,0.0,Bright sun,2195800,2,0.0,0.0,2.0,0.0,0.0,0.0,0.0,0.0,,0.0,0.0,Wellington Region,Nil,2-way,Sealed,0.0,0.0,1,0.0,50.0,0.0,Null,0.0,0.0,,47,Wellington City,Unknown,0.0,0.0,0.0,0.0,0.0,0.0,Urban,0.0,0.0,1.0,Fine,Strong wind,0
67632596,,574500,0.0,,0.0,2.0,,Null,2015/2016,KAIWHARAWHARA ROAD,HUTT ROAD,,Non-Injury Crash,No,2015,,East,,0,,Flat,,,,,,Dark,2093500,0,0.0,0.0,3.0,,,0.0,,,,,,Wellington Region,Nil,2-way,Sealed,,0.0,0,,50.0,,On,0.0,1.0,,47,Wellington City,Traffic Signals,,,,,0.0,0.0,Urban,0.0,,,Heavy rain,Null,0
67632712,,573300,0.0,,0.0,0.0,,North,2017/2018,TARANAKI ST,HANKEY ST,,Non-Injury Crash,No,2017,,South,,0,,Flat,,,,,,Bright sun,2145300,0,0.0,0.0,2.0,,,0.0,,,1.0,,,Wellington Region,Nil,2-way,Sealed,,0.0,0,,50.0,,Null,0.0,0.0,,47,Wellington City,Unknown,,,,,0.0,0.0,Urban,1.0,,,Null,Null,0
67632748,,573526,0.0,,0.0,1.0,,Null,2015/2016,SH 2,SERVICE STN STH,,Non-Injury Crash,Yes,2015,,South,,0,,Flat,,,,,,Overcast,2077503,0,0.0,0.0,4.0,,,0.0,,,,,,Wellington Region,Nil,2-way,Sealed,,0.0,0,,100.0,,Null,0.0,0.0,,47,Wellington City,Unknown,,,,,1.0,0.0,Open,0.0,,,Light rain,Null,0
67632764,,573101,0.0,0.0,0.0,2.0,0.0,East,2015/2016,DIXON ST,WILLIS ST,,Non-Injury Crash,No,2015,0.0,West,0.0,0,0.0,Flat,0.0,,0.0,,0.0,Bright sun,2131400,0,0.0,0.0,1.0,0.0,0.0,0.0,0.0,1.0,,0.0,0.0,Wellington Region,Nil,1-way,Sealed,0.0,0.0,0,0.0,50.0,0.0,Null,0.0,1.0,,47,Wellington City,Unknown,0.0,0.0,0.0,0.0,0.0,0.0,Urban,0.0,0.0,0.0,Fine,Null,0
67632852,,574002,0.0,,0.0,1.0,,West,2015/2016,SH 1N,CENTENNIAL SBD,,Serious Crash,Yes,2016,,South,,0,,Hill Road,,,,,,Twilight,2078304,0,0.0,1.0,3.0,,,0.0,,,,,,Wellington Region,Nil,1-way,Sealed,,0.0,1,,80.0,,On,0.0,0.0,,47,Wellington City,Unknown,,,,,0.0,0.0,Open,0.0,,,Fine,Null,0
67632928,,577302,0.0,,0.0,2.0,,South,2016/2017,PARA ST,AWA ROAD,,Serious Crash,No,2017,,West,,0,,Flat,,,,,,Bright sun,2205600,0,0.0,0.0,2.0,,,0.0,,,,,,Wellington Region,Nil,2-way,Sealed,,0.0,1,,50.0,,Null,0.0,0.0,,47,Wellington City,Give way,,,,,0.0,0.0,Urban,0.0,,,Fine,Null,0
67632944,,573101,0.0,,0.0,2.0,,West,2016/2017,EBOR ST,TORY ST,,Non-Injury Crash,No,2017,,East,,0,,Flat,,,,,,Bright sun,2136400,0,0.0,0.0,2.0,,,0.0,,,,,,Wellington Region,Nil,2-way,Sealed,,0.0,0,,50.0,,Null,0.0,0.0,,47,Wellington City,Nil,,,,,0.0,0.0,Urban,0.0,,,Fine,Null,0
67633320,,573903,0.0,0.0,0.0,1.0,0.0,South,2016/2017,PRITCHARD ST,STEWART DRIVE,,Non-Injury Crash,No,2017,0.0,North,0.0,0,1.0,Hill Road,0.0,,0.0,,0.0,Dark,2073700,0,0.0,0.0,2.0,0.0,0.0,0.0,0.0,0.0,,0.0,0.0,Wellington Region,Nil,2-way,Sealed,0.0,0.0,0,0.0,50.0,0.0,On,0.0,0.0,,47,Wellington City,Unknown,0.0,0.0,0.0,0.0,0.0,0.0,Urban,0.0,0.0,0.0,Fine,Null,0
67633624,35.0,576100,0.0,0.0,0.0,3.0,0.0,North,2016/2017,HUNGERFORD ROAD,WAITAHA WAY,,Non-Injury Crash,No,2017,0.0,South,0.0,0,0.0,Hill Road,0.0,,0.0,,0.0,Dark,2195603,0,0.0,0.0,2.0,0.0,0.0,0.0,0.0,1.0,,0.0,0.0,Wellington Region,Nil,2-way,Sealed,0.0,0.0,0,0.0,50.0,0.0,On,0.0,0.0,,47,Wellington City,Unknown,0.0,0.0,0.0,0.0,0.0,0.0,Urban,0.0,0.0,0.0,Fine,Null,0
67633672,,573101,0.0,0.0,0.0,2.0,0.0,North,2016/2017,VICTORIA ST,FELTEX LANE,,Non-Injury Crash,No,2017,0.0,North,0.0,0,0.0,Flat,0.0,,0.0,,0.0,Bright sun,2131400,0,0.0,0.0,3.0,0.0,0.0,0.0,0.0,1.0,,0.0,0.0,Wellington Region,Nil,2-way,Sealed,0.0,0.0,0,0.0,50.0,0.0,Null,0.0,0.0,,47,Wellington City,Unknown,0.0,0.0,0.0,0.0,0.0,0.0,Urban,1.0,0.0,0.0,Fine,Null,0
67633736,,573101,0.0,,0.0,2.0,,Null,2018/2019,SH 1N,TARANAKI ST,,Serious Crash,Yes,2018,,West,,0,,Flat,,,,,,Dark,2134800,0,0.0,0.0,3.0,,,0.0,,,,,,Wellington Region,Nil,1-way,Sealed,,0.0,1,,50.0,,On,0.0,0.0,,47,Wellington City,Traffic Signals,,,,,0.0,0.0,Urban,0.0,,,Fine,Null,0
67633844,,573101,0.0,,0.0,2.0,,Null,2014/2015,SH 1N VIVIAN,VICTORIA ST,,Non-Injury Crash,Yes,2015,,East,,0,,Flat,,,,,,Bright sun,2131600,0,0.0,0.0,3.0,,,0.0,,,,,,Wellington Region,Nil,1-way,Sealed,,0.0,0,,50.0,,Off,0.0,0.0,,47,Wellington City,Traffic Signals,,,,,0.0,0.0,Urban,1.0,,,Fine,Null,0
67633880,,573400,0.0,0.0,0.0,0.0,0.0,East,2017/2018,ORIENTAL PARADE,HERD ST,,Non-Injury Crash,No,2017,0.0,East,0.0,0,0.0,Flat,1.0,,0.0,,0.0,Dark,2138800,0,0.0,0.0,2.0,0.0,0.0,0.0,0.0,0.0,,0.0,0.0,Wellington Region,Nil,2-way,Sealed,0.0,0.0,0,0.0,40.0,0.0,On,0.0,0.0,,47,Wellington City,Unknown,0.0,0.0,0.0,0.0,1.0,0.0,Urban,0.0,0.0,0.0,Light rain,Strong wind,0
67634100,,573522,0.0,0.0,0.0,1.0,0.0,North,2015/2016,SH 1N,TAKAPU RD UPASS SBD,,Non-Injury Crash,Yes,2015,0.0,South,0.0,0,0.0,Flat,1.0,,0.0,,0.0,Dark,2053703,0,0.0,0.0,2.0,0.0,0.0,0.0,0.0,0.0,,0.0,0.0,Wellington Region,Nil,1-way,Sealed,0.0,0.0,0,0.0,100.0,0.0,On,0.0,0.0,,47,Wellington City,Unknown,0.0,0.0,0.0,0.0,0.0,0.0,Open,0.0,0.0,0.0,Fine,Null,0
67634132,,576700,0.0,0.0,0.0,1.0,0.0,North,2015/2016,GRAFTON ROAD,THE CRESCENT,,Non-Injury Crash,No,2015,0.0,South,0.0,0,0.0,Hill Road,0.0,,0.0,,0.0,Dark,2185900,0,0.0,0.0,1.0,0.0,0.0,0.0,0.0,1.0,,0.0,0.0,Wellington Region,Nil,1-way,Sealed,0.0,0.0,0,0.0,50.0,0.0,On,0.0,0.0,,47,Wellington City,Unknown,0.0,0.0,0.0,0.0,0.0,0.0,Urban,1.0,0.0,0.0,Fine,Null,0
67634136,,576400,0.0,,0.0,1.0,,East,2017/2018,CONSTABLE ST,DANIELL ST,,Non-Injury Crash,No,2018,,East,,0,,Flat,,,,,,Bright sun,2167600,0,0.0,0.0,2.0,,,0.0,,,,,,Wellington Region,Nil,2-way,Sealed,,0.0,0,,50.0,,Null,1.0,0.0,,47,Wellington City,Nil,,,,,0.0,0.0,Urban,0.0,,,Fine,Null,0
67634608,,573101,0.0,0.0,0.0,2.0,0.0,North,2017/2018,WILLIS ST,DIXON ST,,Non-Injury Crash,No,2018,0.0,South,0.0,0,0.0,Hill Road,0.0,,0.0,,0.0,Bright sun,2131300,0,0.0,0.0,2.0,0.0,0.0,0.0,0.0,1.0,,0.0,0.0,Wellington Region,Nil,2-way,Sealed,0.0,0.0,0,0.0,50.0,0.0,Null,0.0,0.0,,47,Wellington City,Unknown,0.0,0.0,0.0,0.0,0.0,0.0,Urban,0.0,0.0,0.0,Fine,Null,0
67634656,,573101,0.0,,1.0,0.0,,East,2018/2019,MANNERS ST,CUBA ST,,Serious Crash,No,2018,,East,,0,,Flat,,,,,,Bright sun,2133200,0,0.0,0.0,2.0,,,0.0,,,1.0,,,Wellington Region,Nil,2-way,Sealed,,0.0,1,,30.0,,Null,0.0,0.0,,47,Wellington City,Unknown,,,,,0.0,0.0,Urban,0.0,,,Fine,Strong wind,0
67634784,,577000,0.0,0.0,0.0,1.0,0.0,South,2016/2017,KINGSFORD SMITH ST,MCGREGOR ST,,Non-Injury Crash,No,2017,0.0,South,0.0,0,0.0,Flat,0.0,,0.0,,0.0,Bright sun,2175502,0,0.0,0.0,2.0,0.0,0.0,0.0,0.0,1.0,,0.0,0.0,Wellington Region,Nil,2-way,Sealed,0.0,0.0,0,0.0,50.0,0.0,Null,0.0,0.0,,47,Wellington City,Unknown,0.0,0.0,0.0,0.0,0.0,0.0,Urban,1.0,0.0,0.0,Fine,Null,0
67634847,,573802,0.0,0.0,0.0,1.0,0.0,Null,2014/2015,SH 1N,JVILLE OBR,,Minor Crash,Yes,2015,0.0,South,0.0,0,0.0,Flat,1.0,,0.0,,0.0,Dark,2078701,1,0.0,0.0,4.0,0.0,0.0,0.0,0.0,0.0,,0.0,0.0,Wellington Region,Bridge,2-way,Sealed,0.0,0.0,0,0.0,80.0,0.0,On,0.0,0.0,,47,Wellington City,Unknown,0.0,0.0,0.0,0.0,0.0,0.0,Open,0.0,0.0,0.0,Fine,Null,0
67634872,,572900,0.0,0.0,0.0,2.0,0.0,Null,2017/2018,GRANT ROAD,POPLAR GROVE,,Non-Injury Crash,No,2017,0.0,North,0.0,0,0.0,Hill Road,0.0,,0.0,,0.0,Bright sun,2101900,0,0.0,0.0,2.0,0.0,0.0,0.0,0.0,1.0,,0.0,0.0,Wellington Region,Nil,2-way,Sealed,0.0,0.0,0,0.0,50.0,0.0,Null,0.0,0.0,,47,Wellington City,Nil,0.0,0.0,0.0,0.0,0.0,0.0,Urban,0.0,0.0,0.0,Fine,Null,0
67635148,,572900,0.0,,0.0,1.0,,Null,2014/2015,AOTEA ON NBD,SLIP ROAD,,Non-Injury Crash,Yes,2015,,North,,0,,Flat,,,,,,Overcast,2118400,0,0.0,0.0,1.0,,,0.0,,,,,,Wellington Region,Motorway ramp,1-way,Sealed,,0.0,0,,70.0,,Off,0.0,0.0,,47,Wellington City,Give way,,,,,1.0,0.0,Urban,0.0,,,Fine,Null,0
67635160,,576901,0.0,0.0,0.0,3.0,0.0,Null,2017/2018,ROSS ST,COUTTS ST,,Non-Injury Crash,No,2017,0.0,South,0.0,0,0.0,Flat,0.0,,0.0,,0.0,Overcast,2178801,0,0.0,0.0,2.0,0.0,0.0,0.0,0.0,1.0,,0.0,0.0,Wellington Region,Nil,2-way,Sealed,0.0,0.0,0,0.0,50.0,0.0,Null,0.0,0.0,,47,Wellington City,Give way,0.0,0.0,0.0,0.0,0.0,0.0,Urban,0.0,0.0,0.0,Light rain,Null,0
67635216,,575000,0.0,0.0,0.0,1.0,0.0,South,2017/2018,DUTHIE ST,HURMAN ST,,Non-Injury Crash,No,2017,0.0,North,0.0,0,0.0,Hill Road,0.0,,0.0,,0.0,Bright sun,2113100,0,0.0,0.0,2.0,0.0,0.0,0.0,0.0,1.0,,0.0,0.0,Wellington Region,Nil,2-way,Sealed,0.0,0.0,0,0.0,50.0,0.0,Null,1.0,0.0,,47,Wellington City,Unknown,0.0,0.0,0.0,0.0,0.0,0.0,Urban,0.0,0.0,0.0,Fine,Null,0
67635332,,577200,1.0,,0.0,1.0,,Null,2015/2016,TAUHINU ROAD,MIRAMAR AVENUE,,Serious Crash,No,2016,,East,,0,,Flat,,,,,,Bright sun,2206200,0,0.0,0.0,1.0,,,0.0,,,,,,Wellington Region,Nil,1-way,Sealed,,0.0,1,,50.0,,Null,0.0,0.0,,47,Wellington City,Give way,,,,,0.0,0.0,Urban,0.0,,,Fine,Null,0
67635469,,572900,0.0,,0.0,1.0,,South,2014/2015,SH 1N,AOTEA QUAY,,Minor Crash,Yes,2015,,North,,0,,Flat,,,,,,Bright sun,2118400,1,0.0,0.0,6.0,,,0.0,,,,,,Wellington Region,Nil,2-way,Sealed,,0.0,0,,100.0,,Null,0.0,0.0,,47,Wellington City,Nil,,,,,1.0,0.0,Open,0.0,,,Light rain,Null,0
67635504,,576301,0.0,0.0,0.0,2.0,0.0,South,2016/2017,HANSON ST,JOHN ST,,Non-Injury Crash,No,2017,0.0,South,0.0,0,0.0,Flat,0.0,,0.0,,0.0,Overcast,2163400,0,0.0,0.0,2.0,0.0,0.0,0.0,0.0,2.0,,0.0,0.0,Wellington Region,Nil,2-way,Sealed,0.0,0.0,0,0.0,50.0,0.0,Null,1.0,0.0,,47,Wellington City,Unknown,0.0,0.0,0.0,0.0,0.0,0.0,Urban,0.0,0.0,0.0,Light rain,Null,0
67635688,,573101,0.0,0.0,0.0,2.0,0.0,North,2016/2017,TORY ST,JESSIE ST,,Non-Injury Crash,No,2017,0.0,North,0.0,0,0.0,Null,0.0,,0.0,,0.0,Dark,2136500,0,0.0,0.0,2.0,0.0,0.0,0.0,0.0,1.0,,0.0,0.0,Wellington Region,Nil,2-way,Sealed,0.0,0.0,0,0.0,50.0,0.0,On,0.0,0.0,,47,Wellington City,Unknown,0.0,0.0,0.0,0.0,0.0,0.0,Urban,0.0,0.0,0.0,Fine,Null,0
67635908,,573101,0.0,0.0,0.0,1.0,0.0,North,2015/2016,ALLEN ST,COURTENAY PLACE,,Non-Injury Crash,No,2015,0.0,East,0.0,0,0.0,Flat,0.0,,1.0,,0.0,Dark,2135700,0,0.0,0.0,2.0,0.0,0.0,0.0,0.0,0.0,,0.0,0.0,Wellington Region,Nil,2-way,Sealed,0.0,0.0,0,0.0,30.0,0.0,On,0.0,0.0,,47,Wellington City,Unknown,0.0,0.0,0.0,0.0,0.0,0.0,Urban,0.0,0.0,0.0,Null,Null,0
67635984,,573101,0.0,,0.0,2.0,,Null,2018/2019,CAMBRIDGE TERRACE,ELIZABETH ST,,Minor Crash,No,2018,,North,,0,,Flat,,,,,,Overcast,2136200,1,0.0,0.0,6.0,,,0.0,,,,,,Wellington Region,Nil,2-way,Sealed,,0.0,0,,50.0,,Null,0.0,0.0,,47,Wellington City,Traffic Signals,,,,,0.0,0.0,Urban,0.0,,,Fine,Null,0
67636251,,573000,0.0,,0.0,2.0,,Null,2014/2015,WATERLOO QUAY,WHITMORE ST,,Non-Injury Crash,No,2015,,North,,0,,Flat,,,,,,Dark,2124300,0,0.0,0.0,6.0,,,0.0,,,,,,Wellington Region,Nil,2-way,Sealed,,0.0,0,,50.0,,On,0.0,0.0,,47,Wellington City,Traffic Signals,,,,,0.0,0.0,Urban,0.0,,,Fine,Null,0
67636379,,574701,0.0,,0.0,0.0,,North,2016/2017,CHURCHILL DRIVE,CHARTWELL DRIVE,,Minor Crash,No,2016,,North,,0,,Hill Road,,,,,,Overcast,2097900,1,0.0,0.0,2.0,,,0.0,,,1.0,,,Wellington Region,Nil,2-way,Sealed,,0.0,0,,50.0,,Null,1.0,0.0,,47,Wellington City,Unknown,,,,,0.0,0.0,Urban,0.0,,,Fine,Null,0
67636523,,576400,0.0,,0.0,1.0,,Null,2014/2015,MEIN ST,RIDDIFORD ST,,Non-Injury Crash,No,2015,,North,,0,,Flat,,,,,,Twilight,2166900,0,0.0,0.0,4.0,,,0.0,,,,,,Wellington Region,Nil,2-way,Sealed,,0.0,0,,50.0,,On,0.0,0.0,,47,Wellington City,Traffic Signals,,,,,0.0,0.0,Urban,1.0,,,Fine,Null,0
67636563,,577200,0.0,,0.0,2.0,,West,2014/2015,SH 1N COBHAM DRIVE,CALABAR ROAD,,Non-Injury Crash,Yes,2015,,West,,0,,Flat,,,,,,Bright sun,2206300,0,0.0,0.0,4.0,,,0.0,,,,,,Wellington Region,Nil,2-way,Sealed,,0.0,0,,70.0,,Null,0.0,0.0,,47,Wellington City,Nil,,,,,0.0,0.0,Urban,0.0,,,Fine,Null,0
67636707,,576500,0.0,,0.0,2.0,,South,2014/2015,ADELAIDE ROAD,SH 1N,,Non-Injury Crash,No,2015,,North,,0,,Flat,,,,,,Overcast,2148000,0,0.0,0.0,4.0,,,0.0,,,,,,Wellington Region,Nil,2-way,Sealed,,0.0,0,,50.0,,Null,0.0,0.0,,47,Wellington City,Nil,,,,,0.0,0.0,Urban,0.0,,,Fine,Null,0
67636727,,573400,0.0,0.0,0.0,1.0,0.0,East,2017/2018,ORIENTAL PARADE,HERD ST,,Non-Injury Crash,No,2017,0.0,West,0.0,0,0.0,Flat,0.0,,0.0,,0.0,Overcast,2138800,0,0.0,0.0,2.0,0.0,0.0,0.0,0.0,0.0,,0.0,0.0,Wellington Region,Nil,2-way,Sealed,0.0,0.0,0,0.0,40.0,0.0,Null,0.0,0.0,,47,Wellington City,Unknown,1.0,0.0,0.0,0.0,0.0,0.0,Urban,0.0,0.0,0.0,Fine,Null,0