OBJECTID,advisorySpeed,areaUnitID,bicycle,bridge,bus,carStationWagon,cliffBank,crashDirectionDescription,crashFinancialYear,crashLocation1,crashLocation2,crashRoadSideRoad,crashSeverity,crashSHDescription,crashYear,debris,directionRoleDescription,ditch,fatalCount,fence,flatHill,guardRail,holiday,houseOrBuilding,intersection,kerb,light,meshblockId,minorInjuryCount,moped,motorcycle,NumberOfLanes,objectThrownOrDropped,otherObject,otherVehicleType,overBank,parkedVehicle,pedestrian,phoneBoxEtc,postOrPole,region,roadCharacter,roadLane,roadSurface,roadworks,schoolBus,seriousInjuryCount,slipOrFlood,speedLimit,strayAnimal,streetLight,suv,taxi,temporarySpeedLimit,tlaId,tlaName,trafficControl,trafficIsland,trafficSign,train,tree,truck,unknownVehicleType,urban,vanOrUtility,vehicle,waterRiver,weatherA,weatherB,if_pandemic
67636775,,573300,0.0,,1.0,1.0,,South,2017/2018,TARANAKI ST,WEBB ST,,Non-Injury Crash,No,2017,,South,,0,,Flat,,,,,,Overcast,2144500,0,0.0,0.0,4.0,,,0.0,,,,,,Wellington Region,Nil,2-way,Sealed,,0.0,0,,50.0,,Null,0.0,0.0,,47,Wellington City,Unknown,,,,,0.0,0.0,Urban,0.0,,,Fine,Null,0
67636871,,573000,0.0,,0.0,1.0,,Null,2017/2018,GHUZNEE ST,WILLIS ST,,Non-Injury Crash,No,2017,,North,,0,,Flat,,,,,,Overcast,2130700,0,0.0,0.0,3.0,,,0.0,,,,,,Wellington Region,Nil,2-way,Sealed,,0.0,0,,50.0,,Null,0.0,0.0,,47,Wellington City,Traffic Signals,,,,,1.0,0.0,Urban,0.0,,,Light rain,Strong wind,0
67636875,,576903,0.0,,0.0,1.0,,North,2014/2015,EVANS BAY PARADE,SH 1N,,Non-Injury Crash,No,2015,,South,,0,,Flat,,,,,,Bright sun,2180002,0,0.0,0.0,2.0,,,0.0,,,,,,Wellington Region,Nil,2-way,Sealed,,0.0,0,,50.0,,Null,1.0,0.0,,47,Wellington City,Nil,,,,,0.0,0.0,Urban,0.0,,,Fine,Null,0
67636959,,575800,0.0,0.0,0.0,2.0,0.0,South,2016/2017,OHIRO ROAD,STOCK ST,,Non-Injury Crash,No,2017,0.0,North,0.0,0,0.0,Hill Road,0.0,,0.0,,0.0,Overcast,2197101,0,0.0,0.0,2.0,0.0,0.0,0.0,0.0,1.0,,0.0,0.0,Wellington Region,Nil,2-way,Sealed,0.0,0.0,0,0.0,50.0,0.0,Null,0.0,0.0,,47,Wellington City,Unknown,0.0,0.0,0.0,0.0,1.0,0.0,Urban,0.0,0.0,0.0,Fine,Null,0
67636999,,572900,0.0,,0.0,1.0,,North,2016/2017,FERRY TERMINAL ACCESS ROA,AOTEA QUAY,,Non-Injury Crash,No,2017,,North,,0,,Null,,,,,,Bright sun,2118400,0,0.0,0.0,1.0,,,0.0,,,,,,Wellington Region,Nil,1-way,Sealed,,0.0,0,,20.0,,Null,1.0,0.0,,47,Wellington City,Unknown,,,,,0.0,0.0,Urban,0.0,,,Fine,Null,0
67637039,,577602,0.0,,0.0,2.0,,North,2017/2018,MAUPUIA ROAD,MIRAMAR AVENUE,,Non-Injury Crash,No,2017,,South,,0,,Hill Road,,,,,,Bright sun,2201400,0,0.0,0.0,2.0,,,0.0,,,,,,Wellington Region,Nil,2-way,Sealed,,0.0,0,,50.0,,Null,0.0,0.0,,47,Wellington City,Unknown,,,,,0.0,0.0,Urban,0.0,,,Fine,Null,0
67637167,,572701,0.0,0.0,0.0,1.0,0.0,Null,2017/2018,HINAU ST,MCLELLAN ST,,Minor Crash,No,2018,0.0,East,0.0,0,1.0,Flat,0.0,,0.0,,0.0,Dark,1993600,1,0.0,0.0,1.0,0.0,0.0,0.0,0.0,0.0,,0.0,0.0,Wellington Region,Nil,1-way,Sealed,0.0,0.0,0,0.0,50.0,0.0,On,1.0,0.0,,47,Wellington City,Give way,0.0,0.0,0.0,0.0,0.0,0.0,Urban,0.0,0.0,0.0,Fine,Null,0
67637263,,576301,0.0,0.0,0.0,1.0,0.0,Null,2017/2018,RINTOUL ST,COLOMBO ST,,Non-Injury Crash,No,2018,0.0,North,0.0,0,0.0,Hill Road,0.0,,0.0,,0.0,Bright sun,2164700,0,0.0,0.0,2.0,0.0,0.0,0.0,0.0,1.0,,0.0,0.0,Wellington Region,Nil,2-way,Sealed,0.0,0.0,0,0.0,50.0,0.0,Null,0.0,0.0,,47,Wellington City,Nil,0.0,0.0,0.0,0.0,1.0,0.0,Urban,0.0,0.0,0.0,Fine,Null,0
67637267,,573000,0.0,,0.0,1.0,,Null,2015/2016,WHITMORE ST,FEATHERSTON ST,,Minor Crash,No,2015,,North,,0,,Flat,,,,,,Bright sun,2123800,1,0.0,1.0,4.0,,,0.0,,,,,,Wellington Region,Nil,2-way,Sealed,,0.0,0,,50.0,,Null,0.0,0.0,,47,Wellington City,Traffic Signals,,,,,0.0,0.0,Urban,0.0,,,Fine,Null,0
67637307,,573514,0.0,0.0,0.0,0.0,0.0,South,2015/2016,MIDDLETON ROAD,WINGFIELD PLACE,,Minor Crash,No,2015,0.0,South,0.0,0,1.0,Flat,0.0,,0.0,,0.0,Dark,2086900,1,0.0,0.0,2.0,0.0,0.0,0.0,0.0,0.0,,0.0,0.0,Wellington Region,Nil,2-way,Sealed,0.0,0.0,0,0.0,50.0,0.0,On,1.0,0.0,,47,Wellington City,Unknown,0.0,0.0,0.0,0.0,0.0,0.0,Urban,0.0,0.0,0.0,Fine,Null,0
67637335,,573000,0.0,0.0,0.0,1.0,0.0,East,2017/2018,HUNTER ST,FEATHERSTON ST,,Non-Injury Crash,No,2017,0.0,East,0.0,0,0.0,Flat,0.0,,0.0,,0.0,Bright sun,2125800,0,0.0,0.0,3.0,0.0,0.0,0.0,0.0,1.0,,0.0,0.0,Wellington Region,Nil,1-way,Sealed,0.0,0.0,0,0.0,50.0,0.0,Null,0.0,0.0,,47,Wellington City,Unknown,0.0,0.0,0.0,0.0,0.0,0.0,Urban,1.0,0.0,0.0,Fine,Null,0
67637535,,576903,0.0,,0.0,2.0,,Null,2016/2017,SH 1N,GOA ST,,Non-Injury Crash,Yes,2017,,North,,0,,Flat,,,,,,Dark,2180601,0,0.0,0.0,2.0,,,0.0,,,,,,Wellington Region,Nil,2-way,Sealed,,0.0,0,,70.0,,On,0.0,0.0,,47,Wellington City,Give way,,,,,0.0,0.0,Urban,0.0,,,Fine,Null,0
67637703,,574002,0.0,,0.0,1.0,,South,2017/2018,SH 1N,NEWLANDS ON SBD,,Non-Injury Crash,Yes,2017,,South,,0,,Hill Road,,,,,,Overcast,2078304,0,0.0,0.0,3.0,,,0.0,,,,,,Wellington Region,Nil,1-way,Sealed,,0.0,0,,80.0,,Off,0.0,0.0,,47,Wellington City,Unknown,,,,,1.0,0.0,Open,0.0,,,Light rain,Null,0
67637823,,573101,0.0,,0.0,1.0,,Null,2017/2018,TARANAKI ST,SH 1N,,Non-Injury Crash,Yes,2017,,South,,0,,Flat,,,,,,Dark,2133800,0,0.0,0.0,5.0,,,0.0,,,,,,Wellington Region,Nil,2-way,Sealed,,0.0,0,,50.0,,On,0.0,0.0,,47,Wellington City,Traffic Signals,,,,,0.0,0.0,Urban,1.0,,,Fine,Null,0
67637831,,573526,0.0,,0.0,2.0,,West,2017/2018,SH 2,HOROKIWI ROAD,,Non-Injury Crash,Yes,2017,,South,,0,,Flat,,,,,,Twilight,2077503,0,0.0,0.0,4.0,,,0.0,,,,,,Wellington Region,Nil,2-way,Sealed,,0.0,0,,100.0,,Off,0.0,0.0,,47,Wellington City,Unknown,,,,,0.0,0.0,Open,0.0,,,Light rain,Null,0
67637875,,574500,0.0,0.0,0.0,1.0,0.0,East,2014/2015,PICKERING ST,KAIWHARAWHARA ROAD,,Non-Injury Crash,No,2015,0.0,West,0.0,0,0.0,Flat,0.0,,0.0,,0.0,Bright sun,2093500,0,0.0,0.0,2.0,0.0,0.0,0.0,0.0,1.0,,0.0,0.0,Wellington Region,Nil,2-way,Sealed,0.0,0.0,0,0.0,50.0,0.0,Null,0.0,0.0,,47,Wellington City,Nil,0.0,0.0,0.0,0.0,1.0,0.0,Urban,0.0,0.0,0.0,Fine,Null,0
67637935,,574303,0.0,,0.0,1.0,,South,2016/2017,SH 1N,ABATTOIRS,,Non-Injury Crash,Yes,2017,,North,,0,,Hill Road,,,,,,Overcast,2088705,0,0.0,0.0,3.0,,,0.0,,,,,,Wellington Region,Nil,1-way,Sealed,,0.0,0,,80.0,,Null,0.0,0.0,,47,Wellington City,Unknown,,,,,0.0,0.0,Open,1.0,,,Fine,Null,0
67638055,,574302,0.0,0.0,0.0,0.0,0.0,South,2017/2018,SH 1N,SH 2,,Non-Injury Crash,Yes,2018,0.0,North,0.0,0,0.0,Flat,0.0,,0.0,,0.0,Bright sun,2090604,0,0.0,0.0,4.0,0.0,2.0,0.0,0.0,0.0,,0.0,0.0,Wellington Region,Nil,1-way,Sealed,0.0,0.0,0,0.0,100.0,0.0,Null,1.0,0.0,,47,Wellington City,Unknown,0.0,0.0,0.0,0.0,2.0,0.0,Open,0.0,0.0,0.0,Fine,Null,0
67638239,,574500,0.0,,0.0,1.0,,North,2017/2018,HUTT ROAD,WESTMINSTER ST,,Non-Injury Crash,No,2017,,South,,0,,Flat,,,,,,Overcast,2093300,0,0.0,0.0,4.0,,,0.0,,,,,,Wellington Region,Nil,2-way,Sealed,,0.0,0,,60.0,,Null,0.0,0.0,,47,Wellington City,Nil,,,,,1.0,0.0,Urban,0.0,,,Fine,Null,0
67638271,,573101,0.0,,0.0,1.0,,North,2017/2018,TARANAKI ST,MARTIN SQUARE,,Minor Crash,No,2018,,South,,0,,Flat,,,,,,Overcast,2134900,2,1.0,0.0,4.0,,,0.0,,,,,,Wellington Region,Nil,2-way,Sealed,,0.0,0,,50.0,,Null,0.0,0.0,,47,Wellington City,Nil,,,,,0.0,0.0,Urban,0.0,,,Fine,Null,0
67638303,,572900,0.0,0.0,0.0,1.0,0.0,West,2017/2018,BUNNY ST,WATERLOO QUAY,,Non-Injury Crash,No,2017,0.0,West,0.0,0,0.0,Flat,0.0,,0.0,,0.0,Bright sun,2122700,0,0.0,0.0,1.0,0.0,0.0,0.0,0.0,1.0,,0.0,0.0,Wellington Region,Nil,2-way,Sealed,0.0,0.0,0,0.0,50.0,0.0,Null,0.0,0.0,,47,Wellington City,Unknown,0.0,0.0,0.0,0.0,0.0,0.0,Urban,1.0,0.0,0.0,Fine,Null,0
67638399,,573101,0.0,,0.0,2.0,,Null,2016/2017,SH 1N,TARANAKI ST,,Non-Injury Crash,Yes,2017,,West,,0,,Flat,,Queens Birthday,,,,Overcast,2134800,0,0.0,0.0,2.0,,,0.0,,,,,,Wellington Region,Nil,1-way,Sealed,,0.0,0,,50.0,,Null,0.0,0.0,,47,Wellington City,Traffic Signals,,,,,0.0,0.0,Urban,0.0,,,Fine,Null,0
67638631,,576901,0.0,,1.0,1.0,,Null,2017/2018,BAY ROAD,RONGOTAI ROAD,,Non-Injury Crash,No,2017,,South,,0,,Flat,,,,,,Dark,2178000,0,0.0,0.0,2.0,,,0.0,,,,,,Wellington Region,Nil,2-way,Sealed,,0.0,0,,30.0,,On,0.0,0.0,,47,Wellington City,Traffic Signals,,,,,0.0,0.0,Urban,0.0,,,Fine,Null,0
67638763,,572600,0.0,,0.0,1.0,,South,2015/2016,MAIN ROAD,CAMBRIDGE ST,,Non-Injury Crash,No,2015,,South,,0,,Flat,,,,,,Overcast,1988500,0,0.0,0.0,2.0,,,0.0,,,,,,Wellington Region,Nil,2-way,Sealed,,0.0,0,,50.0,,Null,0.0,0.0,,47,Wellington City,Nil,,,,,0.0,0.0,Urban,1.0,,,Light rain,Null,0
67639031,,574500,0.0,,0.0,1.0,,North,2016/2017,HUTT ROAD,KAIWHARAWHARA ROAD,,Non-Injury Crash,No,2017,,South,,0,,Flat,,,,,,Bright sun,2093500,0,0.0,1.0,4.0,,,0.0,,,,,,Wellington Region,Nil,2-way,Sealed,,0.0,0,,60.0,,Null,0.0,0.0,,47,Wellington City,Unknown,,,,,0.0,0.0,Urban,0.0,,,Null,Null,0
67639194,,573300,0.0,0.0,0.0,1.0,0.0,South,2014/2015,HOPPER ST,ARLINGTON ST,,Non-Injury Crash,No,2015,0.0,North,0.0,0,0.0,Hill Road,0.0,,0.0,,0.0,Bright sun,2144600,0,0.0,0.0,2.0,0.0,0.0,0.0,0.0,1.0,,0.0,0.0,Wellington Region,Nil,2-way,Sealed,0.0,0.0,0,0.0,50.0,0.0,Off,1.0,0.0,,47,Wellington City,Nil,0.0,0.0,0.0,0.0,0.0,0.0,Urban,0.0,0.0,0.0,Fine,Null,0
67639398,,574702,0.0,0.0,0.0,2.0,0.0,North,2018/2019,WILTON ROAD,HAMPSHIRE AVENUE,,Minor Crash,No,2018,0.0,South,0.0,0,0.0,Hill Road,0.0,,0.0,,0.0,Bright sun,2103100,2,0.0,0.0,2.0,0.0,0.0,0.0,0.0,1.0,,0.0,0.0,Wellington Region,Nil,2-way,Sealed,0.0,0.0,0,0.0,50.0,0.0,Null,0.0,0.0,,47,Wellington City,Unknown,0.0,0.0,0.0,0.0,0.0,0.0,Urban,0.0,0.0,0.0,Fine,Null,0
67639410,,573300,0.0,,0.0,1.0,,Null,2014/2015,ADELAIDE ROAD,KING ST,,Minor Crash,No,2015,,North,,0,,Flat,,,,,,Overcast,2146100,1,0.0,1.0,4.0,,,0.0,,,,,,Wellington Region,Nil,2-way,Sealed,,0.0,0,,50.0,,Off,0.0,0.0,,47,Wellington City,Give way,,,,,0.0,0.0,Urban,0.0,,,Fine,Null,0
67639454,,576800,0.0,,0.0,2.0,,West,2017/2018,SH 1N,TAURIMA ST,,Non-Injury Crash,Yes,2018,,West,,0,,Hill Road,,,,,,Overcast,2181800,0,0.0,0.0,2.0,,,0.0,,,,,,Wellington Region,Nil,2-way,Sealed,,0.0,0,,50.0,,Null,0.0,0.0,,47,Wellington City,Unknown,,,,,0.0,0.0,Urban,0.0,,,Fine,Null,0
67639458,,577000,0.0,,0.0,3.0,,South,2014/2015,QUEENS DRIVE,LERWICK TERRACE,,Non-Injury Crash,No,2015,,North,,0,,Flat,,,,,,Overcast,2173600,0,0.0,0.0,2.0,,,0.0,,,,,,Wellington Region,Nil,2-way,Sealed,,0.0,0,,50.0,,Null,0.0,0.0,,47,Wellington City,Unknown,,,,,0.0,0.0,Urban,0.0,,,Fine,Null,0
67639554,,574800,0.0,,0.0,2.0,,Null,2014/2015,CHAYTOR ST,CURTIS ST,,Non-Injury Crash,No,2015,,East,,0,,Flat,,,,,,Bright sun,2106100,0,0.0,0.0,2.0,,,0.0,,,,,,Wellington Region,Nil,2-way,Sealed,,0.0,0,,50.0,,Null,0.0,0.0,,47,Wellington City,Stop,,,,,0.0,0.0,Urban,0.0,,,Fine,Null,0
67639798,,573101,0.0,0.0,0.0,0.0,0.0,Null,2016/2017,TORRENS TERRACE,WEBB ST,,Non-Injury Crash,No,2017,0.0,North,0.0,0,0.0,Flat,0.0,,1.0,,0.0,Overcast,2135100,0,0.0,0.0,2.0,0.0,0.0,0.0,0.0,0.0,,0.0,0.0,Wellington Region,Nil,2-way,Sealed,0.0,0.0,0,0.0,50.0,0.0,Null,0.0,0.0,,47,Wellington City,Nil,0.0,0.0,0.0,0.0,1.0,0.0,Urban,0.0,0.0,0.0,Fine,Null,0
67639806,,576901,0.0,,0.0,2.0,,Null,2016/2017,SH 1N,TROY ST,,Non-Injury Crash,Yes,2017,,West,,0,,Flat,,,,,,Overcast,2176800,0,0.0,0.0,2.0,,,0.0,,,,,,Wellington Region,Nil,1-way,Sealed,,0.0,0,,50.0,,Off,0.0,0.0,,47,Wellington City,Give way,,,,,0.0,0.0,Urban,0.0,,,Light rain,Strong wind,0
67639830,,576200,0.0,0.0,0.0,1.0,0.0,Null,2017/2018,RINTOUL ST,HERALD ST,,Non-Injury Crash,No,2017,0.0,South,0.0,0,0.0,Hill Road,0.0,,0.0,,0.0,Bright sun,2171800,0,0.0,0.0,2.0,0.0,0.0,0.0,0.0,1.0,,0.0,0.0,Wellington Region,Nil,2-way,Sealed,0.0,0.0,0,0.0,50.0,0.0,Null,0.0,0.0,,47,Wellington City,Give way,0.0,0.0,0.0,0.0,0.0,0.0,Urban,1.0,0.0,0.0,Fine,Strong wind,0
67639854,,573000,0.0,0.0,0.0,2.0,0.0,North,2017/2018,FEATHERSTON ST,WHITMORE ST,,Non-Injury Crash,No,2017,0.0,South,0.0,0,0.0,Flat,0.0,,0.0,,0.0,Overcast,2124300,0,0.0,0.0,3.0,0.0,0.0,0.0,0.0,0.0,,0.0,0.0,Wellington Region,Nil,1-way,Sealed,0.0,0.0,0,0.0,50.0,0.0,Null,0.0,1.0,,47,Wellington City,Unknown,0.0,0.0,0.0,0.0,0.0,0.0,Urban,0.0,1.0,0.0,Fine,Null,0
67639874,,573000,0.0,,0.0,4.0,,South,2015/2016,SH 1N,BOULCOTT OBR,,Non-Injury Crash,Yes,2015,,South,,0,,Flat,,,,,,Bright sun,2126700,0,0.0,0.0,1.0,,,0.0,,,,,,Wellington Region,Nil,1-way,Sealed,,0.0,0,,70.0,,Null,0.0,0.0,,47,Wellington City,Unknown,,,,,0.0,0.0,Urban,0.0,,,Fine,Null,0
67640166,,572600,0.0,,0.0,2.0,,North,2018/2019,MAIN ROAD,OXFORD ST,,Minor Crash,No,2018,,North,,0,,Flat,,,,,,Overcast,1992200,1,0.0,0.0,2.0,,,0.0,,,,,,Wellington Region,Nil,2-way,Sealed,,0.0,0,,50.0,,Null,0.0,0.0,,47,Wellington City,Unknown,,,,,0.0,0.0,Urban,0.0,,,Fine,Null,0
67640274,,574900,0.0,,0.0,1.0,,East,2014/2015,KARORI ROAD,BEAUCHAMP ST,,Non-Injury Crash,No,2015,,East,,0,,Flat,,,,,,Bright sun,2109000,0,0.0,0.0,2.0,,,0.0,,,,,,Wellington Region,Nil,2-way,Sealed,,0.0,0,,50.0,,Null,1.0,0.0,,47,Wellington City,Give way,,,,,0.0,0.0,Urban,0.0,,,Fine,Null,0
67640678,,572900,1.0,,0.0,0.0,,Null,2018/2019,TINAKORI ROAD,PATANGA CRESCENT,,Minor Crash,No,2018,,East,,0,,Hill Road,,,,,,Overcast,2121900,1,0.0,0.0,2.0,,,0.0,,,,,,Wellington Region,Nil,2-way,Sealed,,0.0,0,,50.0,,Null,0.0,0.0,,47,Wellington City,Nil,,,,,0.0,0.0,Urban,1.0,,,Light rain,Null,0
67640766,,573300,0.0,,0.0,2.0,,North,2017/2018,TASMAN ST,RUGBY ST,,Non-Injury Crash,No,2017,,South,,0,,Flat,,,,,,Dark,2145400,0,0.0,0.0,2.0,,,0.0,,,,,,Wellington Region,Nil,2-way,Sealed,,0.0,0,,50.0,,On,0.0,0.0,,47,Wellington City,Nil,,,,,0.0,0.0,Urban,0.0,,,Fine,Null,0
67640870,,573101,0.0,,0.0,2.0,,Null,2016/2017,SH 1N,WILLIS ST,,Non-Injury Crash,Yes,2017,,North,,0,,Flat,,Christmas New Year,,,,Overcast,2131900,0,0.0,0.0,3.0,,,0.0,,,,,,Wellington Region,Nil,1-way,Sealed,,0.0,0,,50.0,,Null,0.0,0.0,,47,Wellington City,Traffic Signals,,,,,0.0,0.0,Urban,0.0,,,Light rain,Null,0
67640922,,574303,0.0,0.0,0.0,0.0,1.0,East,2015/2016,HUTT ROAD,HUTT NIMT OBR,,Minor Crash,No,2016,0.0,East,0.0,0,0.0,Flat,0.0,,0.0,,0.0,Overcast,2090402,1,0.0,0.0,2.0,0.0,0.0,0.0,0.0,0.0,,0.0,0.0,Wellington Region,Nil,1-way,Sealed,0.0,0.0,0,0.0,100.0,0.0,Off,0.0,0.0,,47,Wellington City,Unknown,0.0,0.0,0.0,0.0,0.0,0.0,Open,1.0,0.0,0.0,Heavy rain,Null,0
67641174,,576002,0.0,0.0,0.0,0.0,0.0,North,2017/2018,VOLGA ST,BAY LAIR GROVE,,Non-Injury Crash,No,2017,0.0,North,0.0,0,0.0,Hill Road,0.0,,0.0,,0.0,Bright sun,2192900,0,0.0,0.0,1.0,0.0,0.0,0.0,1.0,0.0,,0.0,1.0,Wellington Region,Nil,1-way,Unsealed,0.0,0.0,0,0.0,50.0,0.0,Null,0.0,0.0,,47,Wellington City,Unknown,0.0,0.0,0.0,0.0,1.0,0.0,Urban,0.0,0.0,0.0,Fine,Null,0
67641282,,576301,1.0,0.0,0.0,0.0,0.0,South,2015/2016,RIDDIFORD ST,RHODES ST,,Minor Crash,No,2016,0.0,South,0.0,0,0.0,Flat,0.0,,0.0,,0.0,Bright sun,2165700,1,0.0,0.0,,0.0,0.0,0.0,0.0,0.0,,0.0,0.0,Wellington Region,Nil,2-way,Sealed,0.0,0.0,0,0.0,50.0,0.0,Null,0.0,0.0,,47,Wellington City,Unknown,0.0,0.0,0.0,0.0,0.0,0.0,Urban,1.0,1.0,0.0,Fine,Null,0
67641578,,573101,0.0,,0.0,2.0,,Null,2014/2015,TARANAKI ST,ARTHUR ST,,Minor Crash,Yes,2015,,North,,0,,Flat,,Easter,,,,Dark,2134800,1,0.0,0.0,2.0,,,0.0,,,,,,Wellington Region,Nil,2-way,Sealed,,0.0,0,,50.0,,On,0.0,0.0,,47,Wellington City,Traffic Signals,,,,,0.0,0.0,Urban,0.0,,,Fine,Null,0
67641734,,573526,0.0,,0.0,3.0,,South,2017/2018,SH 2,WEIGH PIT,,Minor Crash,Yes,2018,,North,,0,,Flat,,,,,,Dark,2077503,2,0.0,0.0,2.0,,,0.0,,,,,,Wellington Region,Nil,1-way,Sealed,,0.0,0,,100.0,,On,0.0,0.0,,47,Wellington City,Unknown,,,,,0.0,0.0,Open,0.0,,,Fine,Null,0
67641742,,573400,0.0,0.0,0.0,2.0,0.0,Null,2017/2018,SH 1N,SH 1N,,Serious Crash,Yes,2018,0.0,South,0.0,0,0.0,Hill Road,0.0,,0.0,,0.0,Overcast,2142900,0,0.0,0.0,2.0,0.0,0.0,0.0,0.0,0.0,,0.0,0.0,Wellington Region,Nil,1-way,Sealed,0.0,0.0,1,0.0,50.0,0.0,Null,0.0,0.0,,47,Wellington City,Traffic Signals,1.0,0.0,0.0,0.0,0.0,0.0,Urban,0.0,0.0,0.0,Heavy rain,Null,0
67641769,,576400,0.0,0.0,0.0,3.0,0.0,East,2015/2016,MEIN ST,RIDDIFORD ST,,Non-Injury Crash,No,2015,0.0,East,0.0,0,0.0,Flat,0.0,,0.0,,0.0,Overcast,2166900,0,0.0,0.0,2.0,0.0,0.0,0.0,0.0,1.0,,0.0,0.0,Wellington Region,Nil,2-way,Sealed,0.0,0.0,0,0.0,40.0,0.0,Null,0.0,0.0,,47,Wellington City,Traffic Signals,0.0,0.0,0.0,0.0,1.0,0.0,Urban,0.0,0.0,0.0,Fine,Null,0
67641889,,573801,0.0,,0.0,1.0,,North,2015/2016,SH 1N,JOHNSONVILLE OFF SBD,,Non-Injury Crash,Yes,2015,,South,,0,,Flat,,,,,,Bright sun,2078900,0,0.0,0.0,2.0,,,0.0,,,,,,Wellington Region,Nil,2-way,Sealed,,0.0,0,,100.0,,Null,0.0,0.0,,47,Wellington City,Unknown,,,,,1.0,0.0,Open,0.0,,,Fine,Null,0
67641911,,573400,0.0,0.0,0.0,2.0,0.0,South,2014/2015,BROUGHAM ST,PIRIE ST,,Non-Injury Crash,No,2015,0.0,South,0.0,0,0.0,Flat,0.0,,0.0,,0.0,Bright sun,2143900,0,0.0,0.0,2.0,0.0,0.0,0.0,0.0,1.0,,0.0,0.0,Wellington Region,Nil,2-way,Sealed,0.0,0.0,0,0.0,50.0,0.0,Null,0.0,0.0,,47,Wellington City,Unknown,0.0,0.0,0.0,0.0,0.0,0.0,Urban,0.0,0.0,0.0,Fine,Null,0
67641975,,572900,0.0,0.0,0.0,3.0,0.0,West,2014/2015,HILL ST,SELWYN TERRACE,,Minor Crash,No,2015,0.0,East,0.0,0,0.0,Hill Road,0.0,,0.0,,0.0,Bright sun,2122400,1,0.0,0.0,2.0,0.0,0.0,0.0,0.0,1.0,,0.0,0.0,Wellington Region,Nil,2-way,Sealed,0.0,0.0,0,0.0,50.0,0.0,Null,0.0,0.0,,47,Wellington City,Nil,0.0,0.0,0.0,0.0,0.0,0.0,Urban,0.0,0.0,0.0,Fine,Null,0
67641989,,573101,0.0,,0.0,1.0,,Null,2015/2016,TARANAKI ST,COURTENAY PLACE,,Minor Crash,No,2015,,South,,0,,Flat,,,,,,Dark,2135600,1,0.0,0.0,6.0,,,0.0,,,1.0,,,Wellington Region,Nil,2-way,Sealed,,0.0,0,,50.0,,On,0.0,0.0,,47,Wellington City,Traffic Signals,,,,,0.0,0.0,Urban,0.0,,,Fine,Null,0
67642029,,572702,0.0,0.0,0.0,2.0,0.0,East,2014/2015,SPICER PLACE,LUPIN TERRACE,,Non-Injury Crash,No,2015,0.0,South,0.0,0,0.0,Flat,0.0,,0.0,,0.0,Dark,1996400,0,0.0,0.0,2.0,0.0,0.0,0.0,0.0,1.0,,0.0,0.0,Wellington Region,Nil,2-way,Sealed,0.0,0.0,0,0.0,50.0,0.0,On,0.0,0.0,,47,Wellington City,Nil,0.0,0.0,0.0,0.0,0.0,0.0,Urban,0.0,0.0,0.0,Fine,Null,0
67642053,,574002,0.0,,0.0,3.0,,North,2015/2016,SH 2,SH 1N,,Serious Crash,Yes,2015,,North,,0,,Flat,,,,,,Overcast,2078302,0,0.0,0.0,2.0,,,0.0,,,,,,Wellington Region,Nil,1-way,Sealed,,0.0,1,,80.0,,Null,0.0,0.0,,47,Wellington City,Unknown,,,,,1.0,0.0,Open,0.0,,,Fine,Null,0
67642065,,576100,0.0,,0.0,1.0,,East,2015/2016,THE ESPLANADE,BRIGHTON ST,,Non-Injury Crash,No,2015,,East,,0,,Flat,,,,,,Bright sun,2190004,0,0.0,0.0,2.0,,,0.0,,,,,,Wellington Region,Nil,2-way,Sealed,,0.0,0,,50.0,,Null,0.0,0.0,,47,Wellington City,Nil,,,,,1.0,0.0,Urban,0.0,,,Fine,Null,0
67642086,,573400,0.0,0.0,0.0,2.0,0.0,East,2017/2018,LEVY ST,LIPMAN ST,,Non-Injury Crash,No,2017,0.0,East,0.0,0,0.0,Hill Road,0.0,,0.0,,0.0,Dark,2139800,0,0.0,0.0,2.0,0.0,0.0,0.0,0.0,1.0,,0.0,0.0,Wellington Region,Nil,2-way,Sealed,0.0,0.0,0,0.0,50.0,0.0,On,0.0,0.0,,47,Wellington City,Nil,0.0,0.0,0.0,0.0,0.0,0.0,Urban,0.0,0.0,0.0,Light rain,Null,0
67642090,,574002,0.0,,0.0,4.0,,East,2015/2016,SH 2,HUTT ON NBD,,Non-Injury Crash,Yes,2015,,East,,0,,Flat,,,,,,Dark,2078302,0,0.0,0.0,2.0,,,0.0,,,,,,Wellington Region,Nil,1-way,Sealed,,0.0,0,,100.0,,On,0.0,0.0,,47,Wellington City,Unknown,,,,,0.0,0.0,Open,0.0,,,Fine,Null,0
67642121,,577102,0.0,,0.0,2.0,,North,2014/2015,MONORGAN ROAD,RAUKAWA ST,,Non-Injury Crash,No,2015,,South,,0,,Flat,,,,,,Twilight,2215400,0,0.0,0.0,2.0,,,0.0,,,,,,Wellington Region,Nil,2-way,Sealed,,0.0,0,,50.0,,None,0.0,0.0,,47,Wellington City,Nil,,,,,0.0,0.0,Urban,0.0,,,Fine,Null,0
67642160,,576301,0.0,,0.0,0.0,,Null,2015/2016,HUTCHISON ROAD,WALLACE ST,,Minor Crash,No,2015,,West,,0,,Hill Road,,,,,,Dark,2163300,1,0.0,0.0,2.0,,,0.0,,,1.0,,,Wellington Region,Nil,2-way,Sealed,,0.0,0,,50.0,,On,1.0,0.0,,47,Wellington City,Nil,,,,,0.0,0.0,Urban,0.0,,,Fine,Null,0