OBJECTID,advisorySpeed,areaUnitID,bicycle,bridge,bus,carStationWagon,cliffBank,crashDirectionDescription,crashFinancialYear,crashLocation1,crashLocation2,crashRoadSideRoad,crashSeverity,crashSHDescription,crashYear,debris,directionRoleDescription,ditch,fatalCount,fence,flatHill,guardRail,holiday,houseOrBuilding,intersection,kerb,light,meshblockId,minorInjuryCount,moped,motorcycle,NumberOfLanes,objectThrownOrDropped,otherObject,otherVehicleType,overBank,parkedVehicle,pedestrian,phoneBoxEtc,postOrPole,region,roadCharacter,roadLane,roadSurface,roadworks,schoolBus,seriousInjuryCount,slipOrFlood,speedLimit,strayAnimal,streetLight,suv,taxi,temporarySpeedLimit,tlaId,tlaName,trafficControl,trafficIsland,trafficSign,train,tree,truck,unknownVehicleType,urban,vanOrUtility,vehicle,waterRiver,weatherA,weatherB,if_pandemic
67642247,,573700,0.0,,0.0,1.0,,Null,2015/2016,MOOREFIELD ROAD,BRODERICK ROAD,,Non-Injury Crash,No,2015,,North,,0,,Hill Road,,,,,,Overcast,2082700,0,0.0,0.0,2.0,,,0.0,,,,,,Wellington Region,Nil,2-way,Sealed,,0.0,0,,50.0,,Null,0.0,0.0,,47,Wellington City,Traffic Signals,,,,,0.0,0.0,Urban,1.0,,,Fine,Null,0
67642298,,573000,0.0,,0.0,2.0,,Null,2014/2015,THE TERRACE,MACDONALD CRESCENT,,Non-Injury Crash,No,2015,,South,,0,,Hill Road,,,,,,Bright sun,2130400,0,0.0,0.0,2.0,,,0.0,,,,,,Wellington Region,Nil,2-way,Sealed,,0.0,0,,50.0,,Null,0.0,0.0,,47,Wellington City,Stop,,,,,0.0,0.0,Urban,0.0,,,Fine,Null,0
67642437,,573700,0.0,,0.0,2.0,,Null,2014/2015,MOOREFIELD ROAD,JOHNSONVILLE ROAD,,Non-Injury Crash,No,2015,,South,,0,,Flat,,,,,,Overcast,2082300,0,0.0,0.0,4.0,,,0.0,,,,,,Wellington Region,Nil,2-way,Sealed,,0.0,0,,50.0,,Off,0.0,0.0,,47,Wellington City,Give way,,,,,0.0,0.0,Urban,0.0,,,Light rain,Null,0
67642439,,573000,0.0,0.0,0.0,2.0,0.0,North,2014/2015,FEATHERSTON ST,WHITMORE ST,,Non-Injury Crash,No,2015,0.0,South,0.0,0,0.0,Flat,0.0,Easter,0.0,,0.0,Bright sun,2124300,0,0.0,0.0,2.0,0.0,0.0,0.0,0.0,1.0,,0.0,0.0,Wellington Region,Nil,2-way,Sealed,0.0,0.0,0,0.0,50.0,0.0,Null,0.0,0.0,,47,Wellington City,Give way,0.0,0.0,0.0,0.0,0.0,0.0,Urban,0.0,0.0,0.0,Fine,Null,0
67642446,,576400,0.0,0.0,0.0,3.0,0.0,North,2017/2018,DANIELL ST,RHODES ST,,Non-Injury Crash,No,2017,0.0,South,0.0,0,0.0,Hill Road,0.0,,0.0,,0.0,Bright sun,2168800,0,0.0,0.0,2.0,0.0,0.0,0.0,0.0,1.0,,0.0,0.0,Wellington Region,Nil,2-way,Sealed,0.0,0.0,0,0.0,50.0,0.0,Off,0.0,0.0,,47,Wellington City,Unknown,0.0,0.0,0.0,0.0,0.0,0.0,Urban,0.0,0.0,0.0,Fine,Null,0
67642450,,573526,1.0,,0.0,0.0,,South,2015/2016,SH 2,HOROKIWI ROAD,,Serious Crash,Yes,2015,,South,,0,,Flat,,,,,,Dark,2086403,0,0.0,0.0,4.0,,,0.0,,,,,,Wellington Region,Nil,2-way,Sealed,,0.0,1,,100.0,,On,0.0,0.0,,47,Wellington City,Unknown,,,,,1.0,0.0,Open,0.0,,,Light rain,Strong wind,0
67642538,,573901,1.0,0.0,0.0,1.0,0.0,South,2014/2015,BRACKEN ROAD,KAHIKATEA GROVE,,Minor Crash,No,2015,0.0,North,0.0,0,0.0,Flat,0.0,,0.0,,0.0,Overcast,2072800,1,0.0,0.0,2.0,0.0,0.0,0.0,0.0,1.0,,0.0,0.0,Wellington Region,Nil,2-way,Sealed,0.0,0.0,0,0.0,50.0,0.0,Null,0.0,0.0,,47,Wellington City,Unknown,0.0,0.0,0.0,0.0,0.0,0.0,Urban,0.0,0.0,0.0,Fine,Null,0
67642541,,576901,0.0,0.0,0.0,3.0,0.0,East,2014/2015,COUTTS ST,ONEPU ROAD,,Non-Injury Crash,No,2015,0.0,East,0.0,0,0.0,Flat,0.0,,0.0,,0.0,Bright sun,2178200,0,0.0,0.0,2.0,0.0,0.0,0.0,0.0,1.0,,0.0,0.0,Wellington Region,Nil,2-way,Sealed,0.0,0.0,0,0.0,50.0,0.0,Off,0.0,0.0,,47,Wellington City,Nil,0.0,0.0,0.0,0.0,0.0,0.0,Urban,0.0,0.0,0.0,Fine,Null,0
67642565,,573300,0.0,,0.0,0.0,,Null,2014/2015,HUTCHISON ROAD,WRIGHT ST,,Non-Injury Crash,No,2015,,North,,0,,Hill Road,,,,,,Bright sun,2147700,0,0.0,1.0,2.0,,,0.0,,,,,,Wellington Region,Nil,2-way,Sealed,,0.0,0,,50.0,,Off,0.0,0.0,,47,Wellington City,Give way,,,,,0.0,0.0,Urban,1.0,,,Fine,Null,0
67642567,,573101,0.0,,0.0,2.0,,Null,2015/2016,SH 1N,TARANAKI ST,,Non-Injury Crash,Yes,2015,,East,,0,,Flat,,,,,,Bright sun,2133800,0,0.0,0.0,3.0,,,0.0,,,,,,Wellington Region,Nil,1-way,Sealed,,0.0,0,,50.0,,Null,0.0,1.0,,47,Wellington City,Traffic Signals,,,,,0.0,0.0,Urban,0.0,,,Fine,Null,0
67642590,,577000,0.0,,0.0,1.0,,Null,2018/2019,LYALL PARADE,FREYBERG ST,,Minor Crash,No,2018,,West,,0,,Flat,,,,,,Bright sun,2174500,1,1.0,0.0,2.0,,,0.0,,,,,,Wellington Region,Nil,2-way,Sealed,,0.0,0,,50.0,,Null,0.0,0.0,,47,Wellington City,Give way,,,,,0.0,0.0,Urban,0.0,,,Fine,Null,0
67642662,,573526,0.0,,0.0,3.0,,North,2016/2017,SH 2,SERVICE STN NTH,,Non-Injury Crash,Yes,2017,,South,,0,,Flat,,,,,,Overcast,2077503,0,0.0,0.0,4.0,,,0.0,,,,,,Wellington Region,Nil,2-way,Sealed,,0.0,0,,100.0,,Off,0.0,0.0,,47,Wellington City,Unknown,,,,,0.0,0.0,Open,0.0,,,Light rain,Null,0
67642674,,573700,0.0,,1.0,0.0,,West,2016/2017,BRODERICK ROAD,JOHNSONVILLE ROAD,,Minor Crash,No,2016,,West,,0,,Flat,,,,,,Bright sun,2082900,1,0.0,1.0,2.0,,,0.0,,,,,,Wellington Region,Nil,2-way,Sealed,,0.0,0,,50.0,,Null,0.0,0.0,,47,Wellington City,Nil,,,,,0.0,0.0,Urban,0.0,,,Fine,Null,0
67642718,,576200,0.0,0.0,1.0,1.0,0.0,South,2017/2018,RINTOUL ST,WARIPORI ST,,Non-Injury Crash,No,2018,0.0,North,0.0,0,0.0,Flat,0.0,,0.0,,0.0,Overcast,2171700,0,0.0,0.0,2.0,0.0,0.0,0.0,0.0,1.0,,0.0,0.0,Wellington Region,Nil,2-way,Sealed,0.0,0.0,0,0.0,50.0,0.0,Null,0.0,0.0,,47,Wellington City,Unknown,0.0,0.0,0.0,0.0,0.0,0.0,Urban,0.0,0.0,0.0,Fine,Null,0
67642986,,574303,0.0,0.0,0.0,1.0,0.0,West,2015/2016,SH 1N,SH 2,,Non-Injury Crash,Yes,2016,0.0,South,0.0,0,0.0,Flat,0.0,,0.0,,0.0,Bright sun,2090402,0,0.0,0.0,2.0,1.0,0.0,0.0,0.0,0.0,,0.0,0.0,Wellington Region,Nil,2-way,Sealed,0.0,0.0,0,0.0,100.0,0.0,Null,0.0,0.0,,47,Wellington City,Unknown,0.0,0.0,0.0,0.0,1.0,0.0,Open,0.0,0.0,0.0,Fine,Null,0
67643007,,576301,1.0,,0.0,1.0,,Null,2015/2016,RINTOUL ST,WARIPORI ST,,Minor Crash,No,2016,,South,,0,,Hill Road,,,,,,Bright sun,2165800,1,0.0,0.0,2.0,,,0.0,,,,,,Wellington Region,Nil,2-way,Sealed,,0.0,0,,50.0,,Null,0.0,0.0,,47,Wellington City,Traffic Signals,,,,,0.0,0.0,Urban,0.0,,,Fine,Null,0
67643030,,573101,0.0,,0.0,2.0,,North,2017/2018,TORY ST,COURTENAY PLACE,,Non-Injury Crash,No,2017,,North,,0,,Flat,,,,,,Twilight,2135600,0,0.0,0.0,2.0,,,0.0,,,,,,Wellington Region,Nil,2-way,Sealed,,0.0,0,,30.0,,Off,0.0,0.0,,47,Wellington City,Traffic Signals,,,,,0.0,0.0,Urban,0.0,,,Fine,Null,0
67643050,,577000,0.0,0.0,0.0,2.0,0.0,East,2015/2016,COCHRANE ST,MOA POINT ROAD,,Non-Injury Crash,No,2015,0.0,West,0.0,0,0.0,Flat,0.0,,0.0,,0.0,Bright sun,2175600,0,0.0,0.0,2.0,0.0,0.0,0.0,0.0,1.0,,0.0,0.0,Wellington Region,Nil,2-way,Sealed,0.0,0.0,0,0.0,50.0,0.0,Null,0.0,0.0,,47,Wellington City,Give way,0.0,0.0,0.0,0.0,0.0,0.0,Urban,0.0,0.0,0.0,Fine,Null,0
67643099,,573700,0.0,,0.0,1.0,,Null,2014/2015,JOHNSONVILLE ROAD,MOOREFIELD ROAD,,Non-Injury Crash,No,2015,,North,,0,,Flat,,,,,,Dark,2082800,0,0.0,0.0,4.0,,,0.0,,,,,,Wellington Region,Nil,2-way,Sealed,,0.0,0,,50.0,,On,1.0,0.0,,47,Wellington City,Give way,,,,,0.0,0.0,Urban,0.0,,,Fine,Null,0
67643101,,573511,0.0,0.0,0.0,0.0,1.0,North,2016/2017,MIDDLETON ROAD,ROWELLS ROAD,,Minor Crash,No,2016,0.0,South,0.0,0,0.0,Flat,0.0,,0.0,,0.0,Bright sun,2086203,1,0.0,0.0,2.0,0.0,0.0,0.0,0.0,0.0,,0.0,0.0,Wellington Region,Nil,2-way,Sealed,0.0,0.0,0,0.0,70.0,0.0,Null,1.0,0.0,,47,Wellington City,Unknown,0.0,0.0,0.0,0.0,0.0,0.0,Urban,0.0,0.0,0.0,Fine,Null,0
67643162,,576903,1.0,0.0,0.0,1.0,0.0,West,2015/2016,DUNCAN TERRACE,KILBIRNIE CRESCENT,,Minor Crash,No,2015,0.0,East,0.0,0,0.0,Hill Road,0.0,,0.0,,0.0,Bright sun,2179101,1,0.0,0.0,2.0,0.0,0.0,0.0,0.0,1.0,,0.0,0.0,Wellington Region,Nil,2-way,Sealed,0.0,0.0,0,0.0,50.0,0.0,Null,0.0,0.0,,47,Wellington City,Unknown,0.0,0.0,0.0,0.0,0.0,0.0,Urban,0.0,0.0,0.0,Fine,Null,0
67643198,,573513,0.0,0.0,0.0,2.0,0.0,South,2017/2018,LAKEWOOD AVENUE,ELLWOOD PLACE,,Non-Injury Crash,No,2017,0.0,North,0.0,0,0.0,Hill Road,0.0,,0.0,,0.0,Twilight,2086607,0,0.0,0.0,2.0,0.0,0.0,0.0,0.0,1.0,,0.0,0.0,Wellington Region,Nil,2-way,Sealed,0.0,0.0,0,0.0,50.0,0.0,Off,0.0,0.0,,47,Wellington City,Unknown,0.0,0.0,0.0,0.0,0.0,0.0,Urban,0.0,0.0,0.0,Null,Null,0
67643238,,576001,0.0,0.0,0.0,2.0,0.0,West,2016/2017,RIBBLE ST,DERWENT ST,,Non-Injury Crash,No,2017,0.0,West,0.0,0,0.0,Hill Road,0.0,,0.0,,0.0,Overcast,2187803,0,0.0,0.0,2.0,0.0,0.0,0.0,0.0,1.0,,0.0,0.0,Wellington Region,Nil,2-way,Sealed,0.0,0.0,0,0.0,50.0,0.0,Null,0.0,0.0,,47,Wellington City,Unknown,0.0,0.0,0.0,0.0,0.0,0.0,Urban,0.0,0.0,0.0,Fine,Null,0
67643432,,573600,0.0,0.0,0.0,3.0,0.0,West,2015/2016,BRANSCOMBE ST,KIMBALL PLACE,,Non-Injury Crash,No,2015,0.0,West,0.0,0,0.0,Hill Road,0.0,,1.0,,0.0,Overcast,2080400,0,0.0,0.0,2.0,0.0,0.0,0.0,0.0,1.0,,0.0,0.0,Wellington Region,Nil,2-way,Sealed,0.0,0.0,0,0.0,50.0,0.0,Null,0.0,0.0,,47,Wellington City,Unknown,0.0,0.0,0.0,0.0,0.0,0.0,Urban,1.0,0.0,0.0,Heavy rain,Null,0
67643441,,573511,0.0,,0.0,2.0,,Null,2014/2015,MIDDLETON ROAD,WESTCHESTER DRIVE,,Non-Injury Crash,No,2015,,West,,0,,Flat,,,,,,Overcast,2086203,0,0.0,0.0,2.0,,,0.0,,,,,,Wellington Region,Nil,2-way,Sealed,,0.0,0,,50.0,,Off,0.0,0.0,,47,Wellington City,Give way,,,,,0.0,0.0,Urban,0.0,,,Light rain,Null,0
67643446,,574900,0.0,,1.0,1.0,,West,2015/2016,KARORI ROAD,EAGLE ST,,Non-Injury Crash,No,2015,,East,,0,,Flat,,,,,,Dark,2108804,0,0.0,0.0,2.0,,,0.0,,,,,,Wellington Region,Nil,2-way,Sealed,,0.0,0,,50.0,,On,0.0,0.0,,47,Wellington City,Unknown,,,,,0.0,0.0,Urban,0.0,,,Fine,Null,0
67643569,,576600,0.0,,0.0,2.0,,East,2015/2016,ORIENTAL PARADE,BARING ST,,Minor Crash,No,2015,,West,,0,,Flat,,,,,,Overcast,2137700,1,0.0,0.0,2.0,,,0.0,,,,,,Wellington Region,Nil,2-way,Sealed,,0.0,0,,50.0,,Null,0.0,0.0,,47,Wellington City,Nil,,,,,0.0,0.0,Urban,0.0,,,Fine,Null,0
67643572,,576301,0.0,,0.0,2.0,,North,2014/2015,ADELAIDE ROAD,NIKAU ST,,Non-Injury Crash,No,2015,,South,,0,,Hill Road,,,,,,Bright sun,2163500,0,0.0,0.0,2.0,,,0.0,,,,,,Wellington Region,Nil,2-way,Sealed,,0.0,0,,50.0,,Null,0.0,0.0,,47,Wellington City,Nil,,,,,0.0,0.0,Urban,0.0,,,Fine,Null,0
67643574,,577000,0.0,,0.0,2.0,,Null,2014/2015,SH 1N,COBHAM DRIVE,,Non-Injury Crash,Yes,2015,,South,,0,,Flat,,,,,,Overcast,2175700,0,0.0,0.0,2.0,,,0.0,,,,,,Wellington Region,Nil,2-way,Sealed,,0.0,0,,50.0,,Null,0.0,0.0,,47,Wellington City,Give way,,,,,0.0,0.0,Urban,0.0,,,Fine,Null,0
67643590,,574200,0.0,0.0,0.0,2.0,0.0,North,2015/2016,RAJKOT TERRACE,NALANDA CRESCENT,,Non-Injury Crash,No,2015,0.0,South,0.0,0,0.0,Hill Road,0.0,,0.0,,0.0,Bright sun,2087700,0,0.0,0.0,2.0,0.0,0.0,0.0,0.0,1.0,,0.0,0.0,Wellington Region,Nil,2-way,Sealed,0.0,0.0,0,0.0,50.0,0.0,Null,0.0,0.0,,47,Wellington City,Unknown,0.0,0.0,0.0,0.0,0.0,0.0,Urban,0.0,0.0,0.0,Fine,Null,0
67643725,,573101,0.0,,0.0,1.0,,Null,2017/2018,TARANAKI STREET,VIVIAN STREET,,Serious Crash,Yes,2018,,North,,0,,Flat,,,,,,Bright sun,2134200,0,0.0,0.0,5.0,,,0.0,,,1.0,,,Wellington Region,Nil,2-way,Sealed,,0.0,1,,50.0,,Null,0.0,0.0,,47,Wellington City,Traffic Signals,,,,,0.0,0.0,Urban,0.0,,,Fine,Strong wind,0
67643779,,573101,0.0,,0.0,1.0,,South,2015/2016,TARANAKI ST,CABLE ST,,Minor Crash,No,2015,,North,,0,,Flat,,,,,,Dark,2135200,1,0.0,0.0,5.0,,,0.0,,,1.0,,,Wellington Region,Nil,2-way,Sealed,,0.0,0,,50.0,,On,0.0,0.0,,47,Wellington City,Unknown,,,,,0.0,0.0,Urban,0.0,,,Fine,Null,0
67643808,,576301,1.0,,0.0,1.0,,North,2014/2015,ADELAIDE ROAD,HALL ST,,Minor Crash,No,2015,,South,,0,,Flat,,,,,,Bright sun,2163900,1,0.0,0.0,2.0,,,0.0,,,,,,Wellington Region,Nil,2-way,Sealed,,0.0,0,,50.0,,Null,0.0,0.0,,47,Wellington City,Unknown,,,,,0.0,0.0,Urban,0.0,,,Fine,Null,0
67643835,,574303,0.0,0.0,0.0,2.0,0.0,North,2015/2016,SH 1N,AOTEA ON NBD,,Non-Injury Crash,Yes,2015,0.0,North,0.0,0,0.0,Flat,1.0,,0.0,,0.0,Dark,2090402,0,0.0,0.0,3.0,0.0,0.0,0.0,0.0,0.0,,0.0,0.0,Wellington Region,Nil,1-way,Sealed,0.0,0.0,0,0.0,100.0,0.0,On,0.0,0.0,70.0,47,Wellington City,Nil,0.0,0.0,0.0,0.0,0.0,0.0,Open,0.0,0.0,0.0,Fine,Null,0
67643863,,573903,0.0,,0.0,2.0,,Null,2015/2016,JOHNSONVILLE ON SBD,NEWLANDS OFF SBD,,Non-Injury Crash,Yes,2015,,South,,0,,Hill Road,,,,,,Bright sun,2075103,0,0.0,0.0,2.0,,,0.0,,,,,,Wellington Region,Motorway ramp,1-way,Sealed,,0.0,0,,80.0,,Off,1.0,0.0,,47,Wellington City,Nil,,,,,0.0,0.0,Open,0.0,,,Fine,Null,0
67643868,,573000,0.0,,0.0,1.0,,Null,2017/2018,WHITMORE ST,STOUT ST,,Non-Injury Crash,No,2018,,South,,0,,Flat,,,,,,Overcast,2125000,0,0.0,0.0,5.0,,,0.0,,,,,,Wellington Region,Nil,2-way,Sealed,,0.0,0,,50.0,,Null,0.0,0.0,,47,Wellington City,Traffic Signals,,,,,0.0,0.0,Urban,1.0,,,Heavy rain,Null,0
67643900,,576400,0.0,0.0,0.0,2.0,0.0,South,2017/2018,DANIELL ST,DONALD MCLEAN ST,,Non-Injury Crash,No,2017,0.0,South,0.0,0,0.0,Flat,0.0,,0.0,,0.0,Dark,2169200,0,0.0,0.0,2.0,0.0,0.0,0.0,0.0,1.0,,0.0,0.0,Wellington Region,Nil,2-way,Sealed,0.0,0.0,0,0.0,40.0,0.0,On,0.0,0.0,,47,Wellington City,Give way,0.0,0.0,0.0,0.0,0.0,0.0,Urban,0.0,0.0,0.0,Fine,Null,0
67643963,,575100,0.0,0.0,0.0,1.0,0.0,East,2015/2016,SADDLEBACK GROVE,HAZLEWOOD AVENUE,,Non-Injury Crash,No,2015,0.0,East,0.0,0,1.0,Hill Road,0.0,,0.0,,0.0,Bright sun,2116310,0,0.0,0.0,2.0,0.0,0.0,0.0,0.0,0.0,,0.0,0.0,Wellington Region,Nil,2-way,Sealed,0.0,0.0,0,0.0,50.0,0.0,Null,0.0,0.0,,47,Wellington City,Unknown,0.0,0.0,0.0,0.0,0.0,0.0,Urban,0.0,0.0,0.0,Fine,Null,0
67643996,,576901,0.0,,0.0,1.0,,North,2016/2017,CHILDERS TERRACE,COUTTS ST,,Non-Injury Crash,No,2017,,North,,0,,Flat,,,,,,Unknown,2178400,0,0.0,0.0,2.0,,,0.0,,,,,,Wellington Region,Nil,2-way,Sealed,,0.0,0,,50.0,,Off,0.0,0.0,,47,Wellington City,Unknown,,,,,0.0,0.0,Urban,1.0,,,Fine,Null,0
67644007,,576400,0.0,,0.0,1.0,,West,2015/2016,CRAWFORD ROAD,DUNCAN TERRACE,,Non-Injury Crash,No,2015,,North,,0,,Hill Road,,,,,,Bright sun,2169500,0,0.0,0.0,2.0,,,0.0,,,,,,Wellington Region,Nil,2-way,Sealed,,0.0,0,,50.0,,Null,1.0,0.0,,47,Wellington City,Nil,,,,,0.0,0.0,Urban,0.0,,,Fine,Null,0
67644039,,574800,0.0,,0.0,2.0,,West,2015/2016,KARORI ROAD,LANCASTER ST,,Non-Injury Crash,No,2015,,East,,0,,Flat,,,,,,Bright sun,2107003,0,0.0,0.0,2.0,,,0.0,,,,,,Wellington Region,Nil,2-way,Sealed,,0.0,0,,50.0,,Null,0.0,0.0,,47,Wellington City,Nil,,,,,0.0,0.0,Urban,0.0,,,Fine,Null,0
67644145,,577200,0.0,,0.0,1.0,,Null,2016/2017,ELLESMERE AVENUE,DEVONSHIRE ROAD,,Serious Crash,No,2016,,West,,0,,Flat,,,,,,Dark,2207500,0,0.0,0.0,2.0,,,0.0,,,1.0,,,Wellington Region,Nil,2-way,Sealed,,0.0,1,,50.0,,On,0.0,0.0,,47,Wellington City,Stop,,,,,0.0,0.0,Urban,0.0,,,Light rain,Null,0
67644161,,576301,0.0,0.0,0.0,1.0,0.0,West,2014/2015,HALL ST,ADELAIDE ROAD,,Non-Injury Crash,No,2015,0.0,East,0.0,0,0.0,Flat,0.0,,0.0,,0.0,Overcast,2163800,0,0.0,0.0,2.0,0.0,0.0,0.0,0.0,1.0,,0.0,0.0,Wellington Region,Nil,2-way,Sealed,0.0,0.0,0,0.0,50.0,0.0,Off,0.0,0.0,,47,Wellington City,Nil,0.0,0.0,0.0,0.0,1.0,0.0,Urban,0.0,0.0,0.0,Fine,Null,0
67644180,,576500,0.0,0.0,0.0,1.0,0.0,Null,2017/2018,ADELAIDE ROAD,HOSPITAL ROAD,,Non-Injury Crash,No,2018,0.0,South,0.0,0,0.0,Flat,0.0,,0.0,,0.0,Overcast,2148500,0,0.0,0.0,4.0,0.0,0.0,0.0,0.0,0.0,,0.0,1.0,Wellington Region,Nil,2-way,Sealed,0.0,0.0,0,0.0,50.0,0.0,Null,0.0,0.0,,47,Wellington City,Traffic Signals,0.0,0.0,0.0,0.0,0.0,0.0,Urban,0.0,0.0,0.0,Fine,Null,0
67644224,,574302,0.0,0.0,0.0,1.0,1.0,Null,2015/2016,BOX HILL,CLARK ST,,Non-Injury Crash,No,2015,0.0,East,0.0,0,0.0,Hill Road,0.0,,0.0,,0.0,Dark,2090800,0,0.0,0.0,2.0,0.0,0.0,0.0,0.0,0.0,,0.0,0.0,Wellington Region,Nil,2-way,Sealed,0.0,0.0,0,0.0,50.0,0.0,On,0.0,0.0,,47,Wellington City,Give way,0.0,0.0,0.0,0.0,0.0,0.0,Urban,0.0,0.0,0.0,Fine,Null,0
67644260,,573101,0.0,,0.0,2.0,,West,2017/2018,COLLEGE ST,CAMBRIDGE TERRACE,,Non-Injury Crash,No,2018,,West,,0,,Flat,,,,,,Bright sun,2136500,0,0.0,0.0,2.0,,,0.0,,,,,,Wellington Region,Nil,2-way,Sealed,,0.0,0,,50.0,,Null,0.0,0.0,,47,Wellington City,Unknown,,,,,0.0,0.0,Urban,0.0,,,Fine,Null,0
67644291,,573700,0.0,0.0,0.0,1.0,0.0,South,2014/2015,SH 1N,HELSTON OBR,,Non-Injury Crash,Yes,2015,0.0,North,0.0,0,0.0,Flat,1.0,,0.0,,0.0,Bright sun,2082800,0,0.0,0.0,4.0,0.0,0.0,0.0,0.0,0.0,,0.0,0.0,Wellington Region,Nil,2-way,Sealed,0.0,0.0,0,0.0,100.0,0.0,Off,0.0,0.0,,47,Wellington City,Nil,0.0,0.0,0.0,0.0,0.0,0.0,Open,0.0,0.0,0.0,Fine,Null,0
67644312,,573101,0.0,,0.0,2.0,,Null,2014/2015,GHUZNEE ST,CUBA ST,,Non-Injury Crash,No,2015,,North,,0,,Flat,,,,,,Dark,2133500,0,0.0,0.0,2.0,,,0.0,,,,,,Wellington Region,Nil,2-way,Sealed,,0.0,0,,50.0,,On,0.0,1.0,,47,Wellington City,Traffic Signals,,,,,0.0,0.0,Urban,0.0,,,Fine,Null,0
67644340,,573526,0.0,,0.0,0.0,,North,2017/2018,SH 2,RAILYARD ENTRY,,Non-Injury Crash,Yes,2018,,South,,0,,Flat,,,,,,Bright sun,2077503,0,0.0,0.0,2.0,,,0.0,,,,,,Wellington Region,Nil,1-way,Sealed,,0.0,0,,100.0,,Null,1.0,0.0,,47,Wellington City,Unknown,,,,,0.0,0.0,Open,1.0,,,Fine,Null,0
67644355,,573101,0.0,0.0,0.0,2.0,0.0,West,2014/2015,SH 1N VIVIAN,CUBA ST,,Non-Injury Crash,Yes,2015,0.0,East,0.0,0,0.0,Flat,0.0,,0.0,,0.0,Bright sun,2132100,0,0.0,0.0,2.0,0.0,0.0,0.0,0.0,1.0,,0.0,0.0,Wellington Region,Nil,1-way,Sealed,0.0,0.0,0,0.0,50.0,0.0,Null,0.0,0.0,,47,Wellington City,Unknown,0.0,0.0,0.0,0.0,0.0,0.0,Urban,0.0,0.0,0.0,Fine,Null,0
67644453,,575901,0.0,0.0,0.0,1.0,0.0,South,2014/2015,OHIRO ROAD,STOCK ST,,Minor Crash,No,2015,0.0,North,0.0,0,0.0,Hill Road,0.0,,0.0,,1.0,Dark,2187306,2,0.0,0.0,2.0,0.0,0.0,0.0,1.0,0.0,,0.0,0.0,Wellington Region,Nil,2-way,Sealed,0.0,0.0,0,0.0,50.0,0.0,On,0.0,0.0,,47,Wellington City,Unknown,0.0,0.0,0.0,0.0,0.0,0.0,Urban,0.0,0.0,0.0,Fine,Null,0
67644468,,573101,0.0,,1.0,1.0,,Null,2017/2018,BLAIR ST,COURTENAY PLACE,,Non-Injury Crash,No,2017,,East,,0,,Flat,,,,,,Bright sun,2135700,0,0.0,0.0,2.0,,,0.0,,,,,,Wellington Region,Nil,2-way,Sealed,,0.0,0,,30.0,,Null,0.0,0.0,,47,Wellington City,Nil,,,,,0.0,0.0,Urban,0.0,,,Fine,Null,0
67644529,,574302,0.0,,0.0,2.0,,Null,2014/2015,ONSLOW ROAD,HUTT ROAD,,Non-Injury Crash,No,2015,,West,,0,,Hill Road,,,,,,Dark,2090604,0,0.0,0.0,2.0,,,0.0,,,,,,Wellington Region,Nil,2-way,Sealed,,0.0,0,,50.0,,On,0.0,0.0,,47,Wellington City,Traffic Signals,,,,,0.0,0.0,Urban,0.0,,,Fine,Null,0
67644535,,573101,0.0,0.0,0.0,2.0,0.0,Null,2014/2015,DIXON ST,VICTORIA ST,,Non-Injury Crash,No,2015,0.0,East,0.0,0,0.0,Flat,0.0,,0.0,,0.0,Overcast,2131300,0,0.0,0.0,4.0,0.0,0.0,0.0,0.0,1.0,,0.0,0.0,Wellington Region,Nil,1-way,Sealed,0.0,0.0,0,0.0,50.0,0.0,Null,0.0,0.0,,47,Wellington City,Traffic Signals,0.0,0.0,0.0,0.0,0.0,0.0,Urban,0.0,0.0,0.0,Heavy rain,Null,0
67644544,,573200,0.0,0.0,0.0,2.0,0.0,Null,2015/2016,OHIRO ROAD,TANERA CRESCENT N,,Non-Injury Crash,No,2015,0.0,North,0.0,0,0.0,Hill Road,0.0,,0.0,,0.0,Dark,2158700,0,0.0,0.0,2.0,0.0,0.0,0.0,0.0,1.0,,0.0,0.0,Wellington Region,Nil,2-way,Sealed,0.0,0.0,0,0.0,50.0,0.0,On,0.0,0.0,,47,Wellington City,Nil,0.0,0.0,0.0,0.0,0.0,0.0,Urban,0.0,0.0,0.0,Null,Null,0
67644549,,577000,0.0,,0.0,0.0,,Null,2014/2015,SH 1N COBHAM DRIVE,CALABAR ROAD,,Non-Injury Crash,Yes,2015,,East,,0,,Flat,,,,,,Bright sun,2175700,0,0.0,0.0,2.0,,,0.0,,,,,,Wellington Region,Nil,1-way,Sealed,,0.0,0,,70.0,,Null,0.0,0.0,,47,Wellington City,Give way,,,,,2.0,0.0,Urban,0.0,,,Fine,Null,0
67644656,,573101,0.0,,0.0,2.0,,Null,2014/2015,COURTENAY PLACE,ALLEN ST,,Non-Injury Crash,No,2015,,South,,0,,Flat,,Queens Birthday,,,,Dark,2135700,0,0.0,0.0,2.0,,,0.0,,,,,,Wellington Region,Nil,2-way,Sealed,,0.0,0,,30.0,,On,0.0,0.0,,47,Wellington City,Nil,,,,,0.0,0.0,Urban,0.0,,,Light rain,Null,0
67644707,,576903,0.0,0.0,0.0,0.0,0.0,North,2015/2016,KILBIRNIE CRESCENT,DUNCAN TERRACE,,Non-Injury Crash,No,2015,0.0,North,0.0,0,0.0,Flat,0.0,,0.0,,0.0,Dark,2179700,0,0.0,0.0,2.0,0.0,0.0,0.0,0.0,0.0,,0.0,1.0,Wellington Region,Nil,2-way,Sealed,0.0,0.0,0,0.0,50.0,0.0,On,0.0,0.0,,47,Wellington City,Nil,0.0,0.0,0.0,0.0,0.0,0.0,Urban,1.0,0.0,0.0,Fine,Null,0