OBJECTID,advisorySpeed,areaUnitID,bicycle,bridge,bus,carStationWagon,cliffBank,crashDirectionDescription,crashFinancialYear,crashLocation1,crashLocation2,crashRoadSideRoad,crashSeverity,crashSHDescription,crashYear,debris,directionRoleDescription,ditch,fatalCount,fence,flatHill,guardRail,holiday,houseOrBuilding,intersection,kerb,light,meshblockId,minorInjuryCount,moped,motorcycle,NumberOfLanes,objectThrownOrDropped,otherObject,otherVehicleType,overBank,parkedVehicle,pedestrian,phoneBoxEtc,postOrPole,region,roadCharacter,roadLane,roadSurface,roadworks,schoolBus,seriousInjuryCount,slipOrFlood,speedLimit,strayAnimal,streetLight,suv,taxi,temporarySpeedLimit,tlaId,tlaName,trafficControl,trafficIsland,trafficSign,train,tree,truck,unknownVehicleType,urban,vanOrUtility,vehicle,waterRiver,weatherA,weatherB,if_pandemic
67644708,,573802,0.0,0.0,0.0,2.0,0.0,South,2017/2018,HELSTON ROAD,HARDY ST,,Non-Injury Crash,No,2017,0.0,North,0.0,0,0.0,Flat,0.0,,0.0,,0.0,Dark,2079100,0,0.0,0.0,2.0,0.0,0.0,0.0,0.0,1.0,,0.0,0.0,Wellington Region,Nil,2-way,Sealed,0.0,0.0,0,0.0,50.0,0.0,On,0.0,0.0,,47,Wellington City,Unknown,0.0,0.0,0.0,0.0,0.0,0.0,Urban,0.0,0.0,0.0,Fine,Null,0
67644725,,573000,0.0,,0.0,2.0,,South,2015/2016,SH 1N,AURORA TERRACE OBR,,Non-Injury Crash,Yes,2015,,South,,0,,Flat,,,,,,Bright sun,2126700,0,0.0,0.0,4.0,,,0.0,,,,,,Wellington Region,Nil,2-way,Sealed,,0.0,0,,60.0,,Null,1.0,0.0,,47,Wellington City,Nil,,,,,0.0,0.0,Urban,0.0,,,Fine,Null,0
67644737,,573523,0.0,,0.0,1.0,,South,2015/2016,SH 1N,CHURTON PARK ON SBD,,Non-Injury Crash,Yes,2015,,South,,0,,Flat,,,,,,Bright sun,2086310,0,0.0,0.0,4.0,,,0.0,,,,,,Wellington Region,Nil,2-way,Sealed,,0.0,0,,100.0,,Null,0.0,0.0,,47,Wellington City,Nil,,,,,1.0,0.0,Open,0.0,,,Fine,Null,0
67644744,,572500,0.0,,0.0,1.0,,North,2015/2016,SH 1N,TAWA ON NBD,,Non-Injury Crash,Yes,2015,,North,,0,,Flat,,,,,,Overcast,1986700,0,0.0,0.0,2.0,,,0.0,,,,,,Wellington Region,Nil,1-way,Sealed,,0.0,0,,100.0,,Null,0.0,0.0,,47,Wellington City,Unknown,,,,,0.0,0.0,Open,1.0,,,Heavy rain,Null,0
67644804,,573101,1.0,,0.0,0.0,,Null,2016/2017,VICTORIA ST,DIXON ST,,Non-Injury Crash,No,2017,,North,,0,,Flat,,,,,,Overcast,2131300,0,0.0,0.0,4.0,,,0.0,,,,,,Wellington Region,Nil,2-way,Sealed,,0.0,0,,50.0,,Null,0.0,0.0,,47,Wellington City,Traffic Signals,,,,,0.0,0.0,Urban,1.0,,,Fine,Null,0
67644822,,572900,0.0,,0.0,2.0,,North,2014/2015,SH 1N,AOTEA OFF SBD,,Minor Crash,Yes,2015,,South,,0,,Flat,,,,,,Bright sun,2118400,1,0.0,0.0,2.0,,,0.0,,,,,,Wellington Region,Nil,2-way,Sealed,,0.0,0,,100.0,,Null,0.0,1.0,,47,Wellington City,Nil,,,,,0.0,0.0,Open,1.0,,,Fine,Null,0
67644853,,572702,0.0,,0.0,1.0,,North,2014/2015,SH 1N,TAWA OFF SBD,,Non-Injury Crash,Yes,2015,,South,,0,,Flat,,,,,,Bright sun,2053817,0,0.0,0.0,4.0,,,0.0,,,,,,Wellington Region,Nil,2-way,Sealed,,0.0,0,,100.0,,Off,1.0,0.0,,47,Wellington City,Nil,,,,,0.0,0.0,Open,0.0,,,Fine,Null,0
67644873,,573000,0.0,,0.0,3.0,,North,2015/2016,THE TERRACE,EVERTON TERRACE,,Non-Injury Crash,No,2015,,South,,0,,Flat,,,,,,Bright sun,2126403,0,0.0,0.0,1.0,,,0.0,,,,,,Wellington Region,Nil,2-way,Sealed,,0.0,0,,50.0,,Null,0.0,0.0,,47,Wellington City,Nil,,,,,0.0,0.0,Urban,0.0,,,Fine,Null,0
67644896,,576200,0.0,,0.0,1.0,,North,2015/2016,ADELAIDE ROAD,DOVER ST,,Minor Crash,No,2016,,North,,0,,Hill Road,,,,,,Dark,2173200,1,0.0,0.0,2.0,,,0.0,,,1.0,,,Wellington Region,Nil,2-way,Sealed,,0.0,0,,50.0,,On,0.0,0.0,,47,Wellington City,Unknown,,,,,0.0,0.0,Urban,0.0,,,Light rain,Null,0
67644920,,577102,0.0,,0.0,2.0,,Null,2015/2016,STRATHMORE AVENUE,SIDLAW ST,,Non-Injury Crash,No,2016,,North,,0,,Hill Road,,,,,,Overcast,2215200,0,0.0,0.0,2.0,,,0.0,,,,,,Wellington Region,Nil,2-way,Sealed,,0.0,0,,50.0,,Off,0.0,0.0,,47,Wellington City,Give way,,,,,0.0,0.0,Urban,0.0,,,Fine,Null,0
67644947,,572900,0.0,,0.0,1.0,,North,2014/2015,WATERLOO QUAY,HINEMOA ST W,,Non-Injury Crash,No,2015,,North,,0,,Flat,,,,,,Overcast,2118400,0,0.0,0.0,4.0,,,0.0,,,,,,Wellington Region,Nil,2-way,Sealed,,0.0,0,,50.0,,Null,0.0,0.0,,47,Wellington City,Nil,,,,,1.0,0.0,Urban,0.0,,,Fine,Null,0
67644976,,572900,0.0,,0.0,2.0,,North,2015/2016,AOTEA QUAY,AOTEA ON NBD,,Non-Injury Crash,No,2016,,North,,0,,Flat,,,,,,Overcast,2118400,0,0.0,0.0,2.0,,,0.0,,,,,,Wellington Region,Nil,2-way,Sealed,,0.0,0,,70.0,,Null,0.0,0.0,,47,Wellington City,Unknown,,,,,0.0,0.0,Urban,0.0,,,Fine,Null,0
67645007,,574500,0.0,,0.0,1.0,,North,2015/2016,SH 1N,AOTEA ON NBD,,Non-Injury Crash,Yes,2015,,North,,0,,Flat,,,,,,Bright sun,2093600,0,0.0,0.0,6.0,,,0.0,,,,,,Wellington Region,Nil,2-way,Sealed,,0.0,0,,100.0,,Null,1.0,0.0,70.0,47,Wellington City,Nil,,,,,0.0,0.0,Open,0.0,,,Fine,Null,0
67645077,,576400,0.0,0.0,0.0,1.0,0.0,East,2015/2016,EMMETT ST,RIDDIFORD ST,,Minor Crash,No,2015,0.0,East,0.0,0,0.0,Flat,0.0,,0.0,,0.0,Bright sun,2166900,1,0.0,0.0,1.0,0.0,0.0,0.0,0.0,0.0,,0.0,1.0,Wellington Region,Nil,2-way,Sealed,0.0,0.0,0,0.0,40.0,0.0,Null,0.0,0.0,,47,Wellington City,Unknown,0.0,0.0,0.0,0.0,0.0,0.0,Urban,0.0,0.0,0.0,Fine,Null,0
67645135,,574900,0.0,,0.0,2.0,,North,2014/2015,SUNSHINE AVENUE,RANELAGH ST,,Non-Injury Crash,No,2015,,South,,0,,Hill Road,,,,,,Bright sun,2109502,0,0.0,0.0,2.0,,,0.0,,,,,,Wellington Region,Nil,2-way,Sealed,,0.0,0,,50.0,,Null,0.0,0.0,,47,Wellington City,Nil,,,,,0.0,0.0,Urban,0.0,,,Fine,Null,0
67645176,,574002,0.0,,0.0,1.0,,East,2015/2016,SH 1N,WILLIS ST,,Minor Crash,Yes,2015,,North,,0,,Flat,,,,,,Bright sun,2078302,1,0.0,1.0,3.0,,,0.0,,,,,,Wellington Region,Nil,1-way,Sealed,,0.0,0,,50.0,,Null,0.0,0.0,,47,Wellington City,Traffic Signals,,,,,0.0,0.0,Urban,0.0,,,Fine,Null,0
67645180,,573200,0.0,,0.0,2.0,,West,2017/2018,ARO ST,EPUNI ST,,Non-Injury Crash,No,2017,,West,,0,,Flat,,,,,,Overcast,2158200,0,0.0,0.0,2.0,,,0.0,,,,,,Wellington Region,Nil,2-way,Sealed,,0.0,0,,50.0,,Null,0.0,0.0,,47,Wellington City,Unknown,,,,,0.0,0.0,Urban,0.0,,,Fine,Null,0
67645196,,573300,0.0,,0.0,2.0,,South,2016/2017,TARANAKI ST,HILL LANE,,Non-Injury Crash,No,2017,,North,,0,,Flat,,,,,,Dark,2144600,0,0.0,0.0,2.0,,,0.0,,,,,,Wellington Region,Nil,2-way,Sealed,,0.0,0,,50.0,,On,0.0,0.0,,47,Wellington City,Unknown,,,,,0.0,0.0,Urban,0.0,,,Fine,Null,0
67645197,,573101,0.0,,0.0,0.0,,East,2014/2015,WAKEFIELD ST,TARANAKI ST,,Minor Crash,No,2015,,North,,0,,Flat,,,,,,Bright sun,2135600,1,0.0,0.0,0.0,,,0.0,,,1.0,,,Wellington Region,Nil,2-way,Sealed,,0.0,0,,10.0,,Null,0.0,0.0,,47,Wellington City,Nil,,,,,1.0,0.0,Urban,0.0,,,Fine,Null,0
67645199,,572900,0.0,0.0,0.0,0.0,0.0,South,2014/2015,SH 1N,AOTEA ON NBD,,Minor Crash,Yes,2015,0.0,North,0.0,0,0.0,Flat,0.0,,0.0,,0.0,Bright sun,2118400,1,0.0,1.0,3.0,0.0,1.0,0.0,0.0,0.0,,0.0,0.0,Wellington Region,Nil,1-way,Sealed,0.0,0.0,0,0.0,80.0,0.0,Off,0.0,0.0,,47,Wellington City,Nil,0.0,0.0,0.0,0.0,0.0,0.0,Open,0.0,0.0,0.0,Fine,Null,0
67645229,,573101,0.0,,0.0,2.0,,North,2014/2015,TARANAKI ST,GHUZNEE ST,,Non-Injury Crash,No,2015,,South,,0,,Flat,,,,,,Bright sun,2133408,0,0.0,0.0,4.0,,,0.0,,,,,,Wellington Region,Nil,2-way,Sealed,,0.0,0,,50.0,,Null,0.0,0.0,,47,Wellington City,Traffic Signals,,,,,0.0,0.0,Urban,0.0,,,Fine,Null,0
67645273,,572900,0.0,0.0,0.0,2.0,0.0,North,2014/2015,MULGRAVE ST,AITKEN ST,,Non-Injury Crash,No,2015,0.0,North,0.0,0,0.0,Hill Road,0.0,,0.0,,0.0,Overcast,2121400,0,0.0,0.0,2.0,0.0,0.0,0.0,0.0,1.0,,0.0,0.0,Wellington Region,Nil,1-way,Sealed,0.0,0.0,0,0.0,50.0,0.0,Off,0.0,0.0,,47,Wellington City,Nil,0.0,0.0,0.0,0.0,0.0,0.0,Urban,0.0,0.0,0.0,Fine,Strong wind,0
67645304,,574302,0.0,,0.0,1.0,,North,2015/2016,ONSLOW ROAD,HUTT ROAD,,Non-Injury Crash,No,2015,,North,,0,,Hill Road,,,,,,Overcast,2090700,0,0.0,0.0,2.0,,,0.0,,,,,,Wellington Region,Nil,2-way,Sealed,,0.0,0,,50.0,,Null,0.0,0.0,,47,Wellington City,Unknown,,,,,0.0,0.0,Urban,1.0,,,Null,Null,0
67645335,,577000,0.0,,0.0,2.0,,South,2014/2015,QUEENS DRIVE,LYALL PARADE,,Non-Injury Crash,No,2015,,South,,0,,Flat,,,,,,Overcast,2174400,0,0.0,0.0,1.0,,,0.0,,,,,,Wellington Region,Nil,2-way,Sealed,,0.0,0,,50.0,,Null,0.0,0.0,,47,Wellington City,Give way,,,,,0.0,0.0,Urban,0.0,,,Light rain,Null,0
67645364,,573101,1.0,,0.0,0.0,,South,2017/2018,WILLIS ST,BOULCOTT ST,,Non-Injury Crash,No,2017,,South,,0,,Null,,,,,,Twilight,2131300,0,0.0,0.0,2.0,,,0.0,,,,,,Wellington Region,Nil,2-way,Sealed,,0.0,0,,30.0,,Off,1.0,0.0,,47,Wellington City,Unknown,,,,,0.0,0.0,Urban,0.0,,,Null,Null,0
67645421,,575200,0.0,0.0,0.0,2.0,0.0,North,2015/2016,NORTHLAND ROAD,HARBOUR VIEW ROAD,,Non-Injury Crash,No,2015,0.0,North,0.0,0,0.0,Flat,0.0,,0.0,,0.0,Dark,2150700,0,0.0,0.0,2.0,0.0,0.0,0.0,0.0,1.0,,0.0,0.0,Wellington Region,Nil,2-way,Sealed,0.0,0.0,0,0.0,50.0,0.0,On,0.0,0.0,,47,Wellington City,Nil,0.0,0.0,0.0,0.0,0.0,0.0,Urban,0.0,0.0,0.0,Fine,Null,0
67645597,,576903,0.0,,0.0,2.0,,South,2014/2015,CHILDERS TERRACE,KILBIRNIE CRESCENT,,Minor Crash,No,2015,,South,,0,,Flat,,,,,,Bright sun,2179102,1,0.0,0.0,2.0,,,0.0,,,,,,Wellington Region,Nil,2-way,Sealed,,0.0,0,,50.0,,Off,0.0,0.0,,47,Wellington City,Nil,,,,,0.0,0.0,Urban,0.0,,,Fine,Null,0
67645700,,577000,0.0,,0.0,2.0,,South,2016/2017,ACCESS ROAD,STEWART DUFF DRIVE,,Non-Injury Crash,No,2017,,North,,0,,Flat,,,,,,Dark,2175700,0,0.0,0.0,2.0,,,0.0,,,,,,Wellington Region,Nil,1-way,Sealed,,0.0,0,,50.0,,On,0.0,2.0,,47,Wellington City,Unknown,,,,,0.0,0.0,Urban,0.0,,,Fine,Null,0
67645708,,574303,0.0,,0.0,2.0,,West,2016/2017,SH 1N,TYERS ROAD,,Non-Injury Crash,Yes,2017,,North,,0,,Hill Road,,,,,,Overcast,2088705,0,0.0,0.0,3.0,,,0.0,,,,,,Wellington Region,Nil,1-way,Sealed,,0.0,0,,80.0,,Null,0.0,0.0,,47,Wellington City,Unknown,,,,,0.0,0.0,Open,0.0,,,Fine,Null,0
67645771,,574002,0.0,,0.0,1.0,,Null,2014/2015,HUTT ON NBD,CENTENNIAL SLIP ROAD,,Minor Crash,No,2015,,East,,0,,Flat,,,,,,Overcast,2078302,1,0.0,1.0,2.0,,,0.0,,,,,,Wellington Region,Motorway ramp,1-way,Sealed,,0.0,0,,80.0,,Null,0.0,0.0,,47,Wellington City,Nil,,,,,0.0,0.0,Open,0.0,,,Light rain,Null,0
67645813,,575902,0.0,,0.0,1.0,,Null,2014/2015,SEVERN ST,FROBISHER ST,,Minor Crash,No,2015,,South,,0,,Hill Road,,,,,,Dark,2187402,1,0.0,0.0,2.0,,,0.0,,,1.0,,,Wellington Region,Nil,2-way,Sealed,,0.0,0,,50.0,,On,0.0,0.0,,47,Wellington City,Give way,,,,,0.0,0.0,Urban,0.0,,,Fine,Null,0
67645855,,576002,1.0,,0.0,1.0,,North,2015/2016,THE PARADE,MEDWAY ST,,Minor Crash,No,2016,,North,,0,,Flat,,Queens Birthday,,,,Bright sun,2190400,1,0.0,0.0,2.0,,,0.0,,,,,,Wellington Region,Nil,2-way,Sealed,,0.0,0,,50.0,,Null,0.0,0.0,,47,Wellington City,Nil,,,,,0.0,0.0,Urban,0.0,,,Fine,Null,0
67645904,,574002,0.0,,0.0,2.0,,North,2014/2015,SH 2,NGAURANGA ON NBD OBR,,Non-Injury Crash,Yes,2015,,North,,0,,Flat,,,,,,Bright sun,2078302,0,0.0,0.0,1.0,,,0.0,,,,,,Wellington Region,Nil,1-way,Sealed,,0.0,0,,100.0,,Off,0.0,0.0,,47,Wellington City,Nil,,,,,0.0,0.0,Open,0.0,,,Fine,Null,0
67645907,,572900,0.0,0.0,0.0,1.0,0.0,South,2014/2015,AOTEA QUAY,HUTT ROAD,,Non-Injury Crash,No,2015,0.0,North,0.0,0,0.0,Flat,1.0,,0.0,,0.0,Bright sun,2117102,0,0.0,0.0,2.0,0.0,0.0,0.0,0.0,0.0,,0.0,0.0,Wellington Region,Motorway ramp,2-way,Sealed,0.0,0.0,0,0.0,70.0,0.0,Off,0.0,0.0,,47,Wellington City,Nil,0.0,0.0,0.0,0.0,0.0,0.0,Urban,0.0,0.0,0.0,Fine,Null,0
67645947,,574002,0.0,,0.0,3.0,,North,2014/2015,SH 2,NGAURANGA ON NBD OBR,,Minor Crash,Yes,2015,,South,,0,,Flat,,,,,,Bright sun,2078302,1,0.0,0.0,4.0,,,0.0,,,,,,Wellington Region,Nil,2-way,Sealed,,0.0,0,,100.0,,Null,0.0,0.0,,47,Wellington City,Unknown,,,,,0.0,0.0,Open,0.0,,,Fine,Null,0
67645984,,577000,0.0,0.0,0.0,1.0,0.0,West,2014/2015,SH 1N,CALABAR ROAD,,Non-Injury Crash,Yes,2015,0.0,West,0.0,0,1.0,Flat,0.0,,0.0,,0.0,Overcast,2175700,0,0.0,0.0,4.0,0.0,1.0,0.0,0.0,0.0,,0.0,0.0,Wellington Region,Nil,2-way,Sealed,0.0,0.0,0,0.0,70.0,0.0,Off,1.0,0.0,,47,Wellington City,Nil,0.0,0.0,0.0,0.0,0.0,0.0,Urban,0.0,0.0,0.0,Heavy rain,Null,0
67646063,,574900,0.0,,0.0,2.0,,West,2015/2016,KARORI ROAD,TRINGHAM ST,,Non-Injury Crash,No,2015,,East,,0,,Flat,,,,,,Twilight,2109700,0,0.0,0.0,1.0,,,0.0,,,,,,Wellington Region,Nil,2-way,Sealed,,0.0,0,,50.0,,Off,0.0,0.0,,47,Wellington City,Give way,,,,,0.0,0.0,Urban,0.0,,,Fine,Null,0
67646069,,574002,0.0,,0.0,2.0,,North,2015/2016,CENTENNIAL NBD,NGAURANGA ON NBD,,Non-Injury Crash,Yes,2015,,South,,0,,Hill Road,,,,,,Bright sun,2078302,0,0.0,0.0,3.0,,,0.0,,,,,,Wellington Region,Nil,1-way,Sealed,,0.0,0,,80.0,,Null,0.0,0.0,,47,Wellington City,Nil,,,,,0.0,0.0,Open,0.0,,,Fine,Null,0
67646136,,573400,0.0,0.0,0.0,0.0,0.0,Null,2014/2015,ROXBURGH ST,CAROLINE ST,,Non-Injury Crash,No,2015,0.0,North,0.0,0,0.0,Hill Road,0.0,,0.0,,0.0,Dark,2139900,0,0.0,0.0,2.0,0.0,1.0,0.0,0.0,0.0,,0.0,0.0,Wellington Region,Nil,2-way,Sealed,0.0,0.0,0,0.0,50.0,0.0,On,0.0,0.0,,47,Wellington City,Nil,0.0,0.0,0.0,0.0,1.0,0.0,Urban,0.0,0.0,0.0,Heavy rain,Null,0
67646143,,577700,0.0,0.0,1.0,0.0,1.0,West,2015/2016,SOUTH MAKARA ROAD,MAKARA ROAD,,Minor Crash,No,2016,0.0,North,0.0,0,0.0,Hill Road,0.0,,0.0,,0.0,Overcast,2116801,1,0.0,0.0,2.0,0.0,0.0,0.0,0.0,0.0,,0.0,0.0,Wellington Region,Nil,2-way,Sealed,0.0,1.0,0,0.0,50.0,0.0,Off,0.0,0.0,,47,Wellington City,Unknown,0.0,0.0,0.0,0.0,0.0,0.0,Urban,0.0,0.0,0.0,Fine,Null,0
67646199,,573300,0.0,,0.0,2.0,,West,2014/2015,SH 1N,BUCKLE ST,,Non-Injury Crash,Yes,2015,,West,,0,,Hill Road,,,,,,Overcast,2145602,0,0.0,0.0,3.0,,,0.0,,,,,,Wellington Region,Nil,1-way,Sealed,,0.0,0,,50.0,,Off,0.0,0.0,,47,Wellington City,Nil,,,,,0.0,0.0,Urban,0.0,,,Fine,Null,0
67646288,,575300,0.0,0.0,0.0,1.0,0.0,South,2015/2016,UPLAND ROAD,KOWHAI ROAD,,Non-Injury Crash,No,2016,0.0,South,0.0,0,0.0,Flat,0.0,,0.0,,0.0,Bright sun,2152900,0,0.0,0.0,2.0,0.0,0.0,0.0,0.0,0.0,,0.0,0.0,Wellington Region,Nil,2-way,Sealed,0.0,0.0,0,0.0,30.0,0.0,Null,0.0,0.0,,47,Wellington City,Unknown,0.0,0.0,0.0,1.0,1.0,0.0,Urban,0.0,0.0,0.0,Fine,Null,0
67646299,,573526,0.0,,0.0,1.0,,South,2015/2016,SH 2,HOROKIWI ROAD,,Non-Injury Crash,Yes,2015,,South,,0,,Flat,,,,,,Overcast,2086403,0,0.0,0.0,4.0,,,0.0,,,,,,Wellington Region,Nil,2-way,Sealed,,0.0,0,,100.0,,Null,0.0,0.0,,47,Wellington City,Nil,,,,,0.0,0.0,Open,0.0,,,Fine,Null,0
67646333,,576301,0.0,,0.0,2.0,,Null,2015/2016,STOKE ST,RINTOUL ST,,Non-Injury Crash,No,2015,,East,,0,,Flat,,,,,,Overcast,2165500,0,0.0,0.0,2.0,,,0.0,,,,,,Wellington Region,Nil,2-way,Sealed,,0.0,0,,50.0,,Null,0.0,0.0,,47,Wellington City,Give way,,,,,0.0,0.0,Urban,0.0,,,Fine,Null,0
67646348,,577200,0.0,0.0,0.0,2.0,0.0,Null,2017/2018,SH 1N,CALEDONIA ST,,Minor Crash,Yes,2017,0.0,South,0.0,0,0.0,Hill Road,0.0,,0.0,,0.0,Bright sun,2206500,1,0.0,0.0,3.0,0.0,0.0,0.0,0.0,0.0,,0.0,1.0,Wellington Region,Nil,2-way,Sealed,0.0,0.0,0,0.0,70.0,0.0,Null,0.0,0.0,,47,Wellington City,Give way,0.0,0.0,0.0,0.0,0.0,0.0,Urban,0.0,0.0,0.0,Fine,Null,0
67646360,,576901,0.0,,0.0,2.0,,Null,2015/2016,ONEPU ROAD,COUTTS ST,,Minor Crash,No,2016,,North,,0,,Flat,,Queens Birthday,,,,Dark,2178200,1,0.0,0.0,2.0,,,0.0,,,,,,Wellington Region,Nil,2-way,Sealed,,0.0,0,,50.0,,On,0.0,0.0,,47,Wellington City,Traffic Signals,,,,,0.0,0.0,Urban,0.0,,,Fine,Null,0
67646392,,573300,0.0,,0.0,1.0,,Null,2015/2016,BIDWILL ST,WALLACE ST,,Serious Crash,No,2016,,East,,0,,Hill Road,,,,,,Twilight,2146800,0,0.0,1.0,2.0,,,0.0,,,,,,Wellington Region,Nil,2-way,Sealed,,0.0,1,,50.0,,Off,0.0,0.0,,47,Wellington City,Traffic Signals,,,,,0.0,0.0,Urban,0.0,,,Fine,Null,0
67646420,,575100,0.0,,0.0,1.0,,West,2017/2018,KARORI ROAD,NATALIE WAY,,Non-Injury Crash,No,2017,,East,,0,,Hill Road,,,,,,Overcast,2116100,0,0.0,0.0,2.0,,,0.0,,,,,,Wellington Region,Nil,2-way,Sealed,,0.0,0,,50.0,,Null,1.0,0.0,,47,Wellington City,Unknown,,,,,0.0,0.0,Urban,0.0,,,Fine,Null,0
67646444,,573700,0.0,,0.0,1.0,,Null,2017/2018,JOHNSONVILLE ON NBD,MOOREFIELD ROAD,,Non-Injury Crash,No,2017,,South,,0,,Hill Road,,,,,,Overcast,2082800,0,0.0,0.0,2.0,,,0.0,,,,,,Wellington Region,Nil,1-way,Sealed,,0.0,0,,50.0,,Null,0.0,0.0,,47,Wellington City,Give way,,,,,0.0,0.0,Urban,1.0,,,Fine,Null,0
67646453,,573000,0.0,,1.0,1.0,,East,2015/2016,SALAMANCA ROAD,KELBURN PARADE,,Non-Injury Crash,No,2015,,East,,0,,Hill Road,,,,,,Bright sun,2126800,0,0.0,0.0,2.0,,,0.0,,,,,,Wellington Region,Nil,2-way,Sealed,,0.0,0,,50.0,,Off,0.0,0.0,,47,Wellington City,Nil,,,,,0.0,0.0,Urban,0.0,,,Fine,Null,0
67646540,,573000,0.0,,0.0,3.0,,North,2015/2016,SH 1N,EVERTON OBR,,Minor Crash,Yes,2016,,South,,0,,Flat,,,,,,Overcast,2124803,1,0.0,0.0,1.0,,,0.0,,,,,,Wellington Region,Nil,1-way,Sealed,,0.0,0,,100.0,,Null,0.0,0.0,,47,Wellington City,Unknown,,,,,0.0,0.0,Open,0.0,,,Light rain,Null,0
67646580,,574302,0.0,0.0,0.0,2.0,0.0,East,2014/2015,CLUTHA AVENUE,COCKAYNE ROAD,,Non-Injury Crash,No,2015,0.0,West,0.0,0,0.0,Flat,0.0,,0.0,,0.0,Dark,2092600,0,0.0,0.0,2.0,0.0,0.0,0.0,0.0,1.0,,0.0,0.0,Wellington Region,Nil,2-way,Sealed,0.0,0.0,0,0.0,50.0,0.0,On,0.0,0.0,,47,Wellington City,Nil,0.0,0.0,0.0,0.0,0.0,0.0,Urban,0.0,0.0,0.0,Fine,Null,0
67646602,,574002,0.0,0.0,0.0,1.0,0.0,South,2015/2016,NGAURANGA ON NBD,SH 2,,Minor Crash,Yes,2015,0.0,South,0.0,0,0.0,Flat,0.0,Christmas New Year,0.0,,0.0,Overcast,2078302,2,0.0,0.0,3.0,0.0,0.0,0.0,0.0,0.0,,0.0,0.0,Wellington Region,Nil,1-way,Sealed,0.0,0.0,0,0.0,100.0,0.0,Off,0.0,0.0,,47,Wellington City,Unknown,1.0,0.0,0.0,0.0,0.0,0.0,Open,0.0,0.0,0.0,Fine,Null,0
67646620,,572900,0.0,,0.0,0.0,,South,2014/2015,AOTEA QUAY,SH 1N,,Serious Crash,No,2015,,South,,0,,Flat,,,,,,Dark,2118400,0,0.0,1.0,4.0,,,0.0,,,,,,Wellington Region,Nil,2-way,Sealed,,0.0,1,,70.0,,On,1.0,0.0,,47,Wellington City,Unknown,,,,,0.0,0.0,Urban,0.0,,,Fine,Null,0
67646694,,572900,0.0,0.0,0.0,1.0,0.0,North,2015/2016,AOTEA QUAY,WATERLOO QUAY,,Serious Crash,No,2016,0.0,North,0.0,0,1.0,Flat,1.0,,0.0,,0.0,Dark,2118400,1,0.0,0.0,4.0,0.0,0.0,0.0,0.0,0.0,,0.0,1.0,Wellington Region,Nil,2-way,Sealed,0.0,0.0,1,0.0,50.0,0.0,On,0.0,0.0,,47,Wellington City,Unknown,0.0,0.0,0.0,0.0,0.0,0.0,Urban,0.0,0.0,0.0,Fine,Null,0
67646720,,573000,0.0,,0.0,2.0,,North,2014/2015,SH 1N,NORTH PORTAL NBD,,Serious Crash,Yes,2015,,South,,0,,Flat,,,,,,Bright sun,2124801,0,0.0,0.0,1.0,,,0.0,,,,,,Wellington Region,Nil,1-way,Sealed,,0.0,1,,60.0,,Null,0.0,0.0,,47,Wellington City,Nil,,,,,0.0,0.0,Urban,0.0,,,Fine,Null,0
67646786,,572900,0.0,,0.0,1.0,,North,2014/2015,FEATHERSTON ST,BUNNY ST,,Non-Injury Crash,No,2015,,South,,0,,Flat,,,,,,Overcast,2122700,0,0.0,0.0,4.0,,,0.0,,,,,,Wellington Region,Nil,1-way,Sealed,,0.0,0,,50.0,,Off,0.0,0.0,,47,Wellington City,Nil,,,,,1.0,0.0,Urban,0.0,,,Fine,Null,0
67646795,,573101,1.0,,0.0,0.0,,East,2017/2018,ABEL SMITH ST,KELVIN GROVE,,Non-Injury Crash,No,2017,,West,,0,,Flat,,,,,,Overcast,2134500,0,0.0,0.0,2.0,,,0.0,,,,,,Wellington Region,Nil,2-way,Sealed,,0.0,0,,50.0,,Null,0.0,0.0,,47,Wellington City,Unknown,,,,,0.0,0.0,Urban,1.0,,,Null,Null,0
67646799,,577200,0.0,,0.0,1.0,,Null,2014/2015,MAUPUIA ROAD,MIRAMAR AVENUE,,Non-Injury Crash,No,2015,,South,,0,,Flat,,,,,,Bright sun,2206200,0,0.0,0.0,2.0,,,0.0,,,,,,Wellington Region,Nil,2-way,Sealed,,0.0,0,,50.0,,Off,0.0,0.0,,47,Wellington City,Give way,,,,,0.0,0.0,Urban,1.0,,,Fine,Null,0
67646819,,573903,0.0,0.0,0.0,1.0,0.0,West,2017/2018,NEWLANDS ROAD,WAKELY ROAD,,Non-Injury Crash,No,2018,0.0,West,0.0,0,0.0,Hill Road,0.0,,0.0,,0.0,Twilight,2075103,0,0.0,0.0,2.0,0.0,0.0,0.0,0.0,1.0,,0.0,0.0,Wellington Region,Nil,2-way,Sealed,0.0,0.0,0,0.0,50.0,0.0,Off,1.0,0.0,,47,Wellington City,Unknown,0.0,0.0,0.0,1.0,0.0,0.0,Urban,0.0,0.0,0.0,Fine,Null,0