OBJECTID,advisorySpeed,areaUnitID,bicycle,bridge,bus,carStationWagon,cliffBank,crashDirectionDescription,crashFinancialYear,crashLocation1,crashLocation2,crashRoadSideRoad,crashSeverity,crashSHDescription,crashYear,debris,directionRoleDescription,ditch,fatalCount,fence,flatHill,guardRail,holiday,houseOrBuilding,intersection,kerb,light,meshblockId,minorInjuryCount,moped,motorcycle,NumberOfLanes,objectThrownOrDropped,otherObject,otherVehicleType,overBank,parkedVehicle,pedestrian,phoneBoxEtc,postOrPole,region,roadCharacter,roadLane,roadSurface,roadworks,schoolBus,seriousInjuryCount,slipOrFlood,speedLimit,strayAnimal,streetLight,suv,taxi,temporarySpeedLimit,tlaId,tlaName,trafficControl,trafficIsland,trafficSign,train,tree,truck,unknownVehicleType,urban,vanOrUtility,vehicle,waterRiver,weatherA,weatherB,if_pandemic
67646843,,574702,1.0,,0.0,1.0,,North,2018/2019,HEREFORD ST,PEMBROKE ROAD,,Serious Crash,No,2018,,East,,0,,Hill Road,,,,,,Bright sun,2103500,0,0.0,0.0,2.0,,,0.0,,,,,,Wellington Region,Nil,2-way,Sealed,,0.0,1,,50.0,,Null,0.0,0.0,,47,Wellington City,Unknown,,,,,0.0,0.0,Urban,0.0,,,Fine,Null,0
67646915,,573802,0.0,,0.0,2.0,,East,2016/2017,JOHNSONVILLE OFF SBD,FRANK JOHNSON ST,,Non-Injury Crash,Yes,2017,,West,,0,,Flat,,,,,,Dark,2079100,0,0.0,0.0,1.0,,,0.0,,,,,,Wellington Region,Nil,1-way,Sealed,,0.0,0,,100.0,,On,0.0,0.0,,47,Wellington City,Unknown,,,,,0.0,0.0,Open,0.0,,,Light rain,Null,0
67646923,,573802,0.0,,0.0,1.0,,North,2017/2018,SH 1N,JVILLE OBR,,Non-Injury Crash,Yes,2017,,South,,0,,Flat,,,,,,Overcast,2078400,0,0.0,0.0,2.0,,,0.0,,,,,,Wellington Region,Nil,1-way,Sealed,,0.0,0,,100.0,,Off,0.0,0.0,,47,Wellington City,Unknown,,,,,1.0,0.0,Open,0.0,,,Light rain,Null,0
67646942,,573700,0.0,,0.0,2.0,,North,2014/2015,MOOREFIELD ROAD,FRANKMOORE AVENUE,,Non-Injury Crash,No,2015,,North,,0,,Flat,,,,,,Bright sun,2082300,0,0.0,0.0,2.0,,,0.0,,,,,,Wellington Region,Nil,2-way,Sealed,,0.0,0,,50.0,,Off,0.0,0.0,,47,Wellington City,Nil,,,,,0.0,0.0,Urban,0.0,,,Fine,Null,0
67646950,,572600,0.0,0.0,0.0,2.0,0.0,West,2015/2016,LYNDHURST ROAD,ROY ST,,Minor Crash,No,2016,0.0,East,0.0,0,0.0,Hill Road,0.0,,0.0,,0.0,Overcast,1990000,1,0.0,0.0,2.0,0.0,0.0,0.0,0.0,1.0,,0.0,0.0,Wellington Region,Nil,2-way,Sealed,0.0,0.0,0,0.0,50.0,0.0,Off,0.0,0.0,,47,Wellington City,Unknown,0.0,0.0,0.0,0.0,0.0,0.0,Urban,0.0,0.0,0.0,Fine,Null,0
67646971,,575200,0.0,,0.0,1.0,,South,2018/2019,GLENMORE ST,KILMISTER AVENUE,,Minor Crash,No,2018,,East,,0,,Hill Road,,,,,,Bright sun,2151600,1,0.0,2.0,2.0,,,0.0,,,,,,Wellington Region,Nil,2-way,Sealed,,0.0,0,,50.0,,Null,0.0,0.0,,47,Wellington City,Unknown,,,,,0.0,0.0,Urban,0.0,,,Fine,Null,0
67647027,,573514,0.0,,0.0,2.0,,South,2017/2018,SH 1N,CHURTON PARK OFF NBD,,Non-Injury Crash,Yes,2017,,North,,0,,Flat,,,,,,Bright sun,2086204,0,0.0,0.0,2.0,,,0.0,,,,,,Wellington Region,Nil,1-way,Sealed,,0.0,0,,100.0,,Null,0.0,0.0,,47,Wellington City,Unknown,,,,,0.0,0.0,Open,1.0,,,Fine,Null,0
67647032,,576700,0.0,0.0,0.0,2.0,0.0,South,2014/2015,MAIDA VALE ROAD,GRAFTON ROAD,,Non-Injury Crash,No,2015,0.0,South,0.0,0,0.0,Flat,0.0,,0.0,,0.0,Twilight,2185900,0,0.0,0.0,2.0,0.0,0.0,0.0,0.0,1.0,,0.0,0.0,Wellington Region,Nil,2-way,Sealed,0.0,0.0,0,0.0,50.0,0.0,Off,0.0,0.0,,47,Wellington City,Nil,0.0,0.0,0.0,0.0,0.0,0.0,Urban,0.0,0.0,0.0,Fine,Null,0
67647043,,573000,0.0,,0.0,0.0,,North,2017/2018,VICTORIA ST,MANING LANE,,Non-Injury Crash,No,2017,,South,,0,,Flat,,,,,,Bright sun,2127500,0,1.0,0.0,2.0,,,0.0,,,,,,Wellington Region,Nil,1-way,Sealed,,0.0,0,,50.0,,Null,0.0,0.0,,47,Wellington City,Nil,,,,,1.0,0.0,Urban,0.0,,,Fine,Null,0
67647094,,573000,0.0,,2.0,0.0,,South,2014/2015,WILLIS ST,LAMBTON QUAY,,Minor Crash,No,2015,,North,,0,,Flat,,,,,,Bright sun,2127400,1,0.0,0.0,2.0,,,0.0,,,,,,Wellington Region,Nil,2-way,Sealed,,0.0,0,,30.0,,Null,0.0,0.0,,47,Wellington City,Nil,,,,,0.0,0.0,Urban,0.0,,,Fine,Null,0
67647095,,576500,0.0,0.0,0.0,2.0,0.0,Null,2015/2016,MEIN ST,MINERVA ST,,Non-Injury Crash,No,2015,0.0,East,0.0,0,0.0,Hill Road,0.0,,0.0,,0.0,Overcast,2149200,0,0.0,0.0,2.0,0.0,0.0,0.0,0.0,1.0,,0.0,0.0,Wellington Region,Nil,2-way,Sealed,0.0,0.0,0,0.0,40.0,0.0,Null,0.0,0.0,,47,Wellington City,Nil,0.0,0.0,0.0,0.0,0.0,0.0,Urban,0.0,0.0,0.0,Fine,Null,0
67647131,,574402,0.0,0.0,0.0,2.0,0.0,South,2017/2018,KENYA ST,CROFTON ROAD,,Non-Injury Crash,No,2017,0.0,North,0.0,0,0.0,Flat,0.0,Christmas New Year,0.0,,0.0,Bright sun,2098000,0,0.0,0.0,2.0,0.0,0.0,0.0,0.0,1.0,,0.0,0.0,Wellington Region,Nil,2-way,Sealed,0.0,0.0,0,0.0,50.0,0.0,Null,0.0,0.0,,47,Wellington City,Unknown,0.0,0.0,0.0,0.0,0.0,0.0,Urban,0.0,0.0,0.0,Fine,Null,0
67647162,,573000,0.0,,0.0,2.0,,Null,2015/2016,CUSTOMHOUSE QUAY,WHITMORE ST,,Non-Injury Crash,No,2015,,South,,0,,Null,,,,,,Bright sun,2124300,0,0.0,0.0,6.0,,,0.0,,,,,,Wellington Region,Nil,2-way,Sealed,,0.0,0,,50.0,,Off,0.0,0.0,,47,Wellington City,Traffic Signals,,,,,0.0,0.0,Urban,0.0,,,Fine,Null,0
67647235,,573526,0.0,0.0,0.0,1.0,0.0,West,2017/2018,SH 2,HOROKIWI ROAD,,Non-Injury Crash,Yes,2017,0.0,West,0.0,0,0.0,Flat,0.0,,0.0,,0.0,Dark,2086403,0,0.0,0.0,2.0,0.0,0.0,0.0,0.0,1.0,,0.0,0.0,Wellington Region,Nil,1-way,Sealed,0.0,0.0,0,0.0,100.0,0.0,On,0.0,0.0,30.0,47,Wellington City,Unknown,0.0,0.0,0.0,0.0,1.0,0.0,Open,0.0,0.0,0.0,Fine,Null,0
67647243,,577200,0.0,,1.0,1.0,,North,2017/2018,KAURI ST,BROADWAY,,Non-Injury Crash,No,2018,,North,,0,,Flat,,,,,,Dark,2206800,0,0.0,0.0,2.0,,,0.0,,,,,,Wellington Region,Nil,2-way,Sealed,,0.0,0,,50.0,,None,0.0,0.0,,47,Wellington City,Unknown,,,,,0.0,0.0,Urban,0.0,,,Fine,Null,0
67647307,,576901,0.0,,0.0,1.0,,Null,2015/2016,RONGOTAI ROAD,ONEPU ROAD,,Non-Injury Crash,No,2015,,North,,0,,Flat,,,,,,Overcast,2178300,0,0.0,0.0,2.0,,,0.0,,,,,,Wellington Region,Nil,2-way,Sealed,,0.0,0,,50.0,,Off,0.0,0.0,,47,Wellington City,Traffic Signals,,,,,0.0,0.0,Urban,1.0,,,Fine,Null,0
67647339,,575701,0.0,0.0,0.0,2.0,0.0,North,2014/2015,MILLS ROAD,VENNELL ST,,Non-Injury Crash,No,2015,0.0,South,0.0,0,0.0,Hill Road,0.0,,0.0,,0.0,Bright sun,2199101,0,0.0,0.0,2.0,0.0,0.0,0.0,0.0,1.0,,0.0,0.0,Wellington Region,Nil,2-way,Sealed,0.0,0.0,0,0.0,50.0,0.0,Off,0.0,0.0,,47,Wellington City,Nil,0.0,0.0,0.0,0.0,0.0,0.0,Urban,0.0,0.0,0.0,Fine,Null,0
67647423,,573000,0.0,,0.0,2.0,,Null,2014/2015,BOULCOTT ST,GILMER TERRACE,,Non-Injury Crash,No,2015,,East,,0,,Hill Road,,,,,,Overcast,2127200,0,0.0,0.0,2.0,,,0.0,,,,,,Wellington Region,Nil,2-way,Sealed,,0.0,0,,50.0,,Off,0.0,0.0,,47,Wellington City,Give way,,,,,0.0,0.0,Urban,0.0,,,Fine,Null,0
67647497,,573101,0.0,0.0,0.0,2.0,0.0,South,2014/2015,TORY ST,LORNE ST,,Non-Injury Crash,No,2015,0.0,South,0.0,0,0.0,Flat,0.0,,0.0,,0.0,Bright sun,2136500,0,0.0,0.0,2.0,0.0,0.0,0.0,0.0,0.0,,0.0,0.0,Wellington Region,Nil,2-way,Sealed,0.0,0.0,0,0.0,50.0,0.0,Off,0.0,0.0,,47,Wellington City,Nil,0.0,0.0,0.0,0.0,0.0,0.0,Urban,0.0,1.0,0.0,Fine,Null,0
67647531,,576400,0.0,0.0,0.0,3.0,0.0,East,2014/2015,EMMETT ST,RIDDIFORD ST,,Serious Crash,No,2015,0.0,West,0.0,0,0.0,Flat,0.0,,0.0,,0.0,Bright sun,2167100,0,0.0,0.0,0.0,0.0,0.0,0.0,0.0,1.0,,0.0,0.0,Wellington Region,Nil,Off road,Sealed,0.0,0.0,1,0.0,20.0,0.0,Null,0.0,0.0,,47,Wellington City,Nil,0.0,0.0,0.0,0.0,0.0,0.0,Urban,0.0,0.0,0.0,Fine,Null,0
67647565,,576901,0.0,,0.0,1.0,,West,2014/2015,Z CPK PAK N SAVE,MAHORA ST,,Minor Crash,No,2015,,North,,0,,Flat,,,,,,Overcast,2178200,1,0.0,0.0,0.0,,,0.0,,,1.0,,,Wellington Region,Nil,Off road,Sealed,,0.0,0,,30.0,,Null,0.0,0.0,,47,Wellington City,Unknown,,,,,0.0,0.0,Urban,0.0,,,Fine,Null,0
67647586,,573000,0.0,0.0,0.0,1.0,0.0,North,2017/2018,THE TERRACE,GHUZNEE ST,,Non-Injury Crash,No,2017,0.0,South,0.0,0,0.0,Hill Road,0.0,,0.0,,0.0,Dark,2130400,0,0.0,0.0,2.0,0.0,0.0,0.0,0.0,1.0,,0.0,0.0,Wellington Region,Nil,2-way,Sealed,0.0,0.0,0,0.0,50.0,0.0,On,1.0,0.0,,47,Wellington City,Unknown,0.0,0.0,0.0,0.0,0.0,0.0,Urban,0.0,0.0,0.0,Fine,Null,0
67647599,,575000,0.0,,0.0,1.0,,Null,2014/2015,CHAYTOR ST,BIRDWOOD ST,,Minor Crash,No,2015,,South,,0,,Flat,,,,,,Dark,2111100,2,0.0,0.0,3.0,,,0.0,,,,,,Wellington Region,Nil,2-way,Sealed,,0.0,0,,50.0,,On,1.0,1.0,,47,Wellington City,Traffic Signals,,,,,0.0,0.0,Urban,1.0,,,Fine,Null,0
67647625,,573000,0.0,,1.0,0.0,,South,2014/2015,LAMBTON QUAY,JOHNSTON ST,,Non-Injury Crash,No,2015,,North,,0,,Flat,,,,,,Bright sun,2124400,0,0.0,0.0,2.0,,,0.0,,,,,,Wellington Region,Nil,2-way,Sealed,,0.0,0,,30.0,,Null,0.0,0.0,,47,Wellington City,Nil,,,,,0.0,0.0,Urban,1.0,,,Fine,Null,0
67647721,,574402,0.0,0.0,1.0,1.0,0.0,North,2014/2015,KENYA ST,NGAIO GORGE ROAD,,Non-Injury Crash,No,2015,0.0,North,0.0,0,0.0,Hill Road,0.0,,0.0,,0.0,Overcast,2098100,0,0.0,0.0,2.0,0.0,0.0,0.0,0.0,1.0,,0.0,0.0,Wellington Region,Nil,2-way,Sealed,0.0,0.0,0,0.0,50.0,0.0,Null,0.0,0.0,,47,Wellington City,Nil,0.0,0.0,0.0,0.0,0.0,0.0,Urban,0.0,0.0,0.0,Fine,Null,0
67647737,,573000,0.0,,0.0,1.0,,Null,2015/2016,WILLIS ST,BOULCOTT ST,,Non-Injury Crash,No,2015,,North,,0,,Flat,,,,,,Bright sun,2128400,0,0.0,0.0,2.0,,,0.0,,,,,,Wellington Region,Nil,2-way,Sealed,,0.0,0,,50.0,,None,0.0,0.0,,47,Wellington City,Traffic Signals,,,,,1.0,0.0,Urban,0.0,,,Fine,Null,0
67647780,,576901,0.0,,0.0,2.0,,North,2014/2015,ONEPU ROAD,COUTTS ST,,Minor Crash,No,2015,,South,,0,,Flat,,,,,,Bright sun,2178200,1,0.0,0.0,3.0,,,0.0,,,,,,Wellington Region,Nil,2-way,Sealed,,0.0,0,,50.0,,Null,0.0,0.0,,47,Wellington City,Unknown,,,,,0.0,0.0,Urban,0.0,,,Fine,Null,0
67647802,,573514,0.0,,0.0,2.0,,South,2017/2018,MIDDLETON ROAD,SILVERBIRCH GROVE,,Non-Injury Crash,No,2018,,North,,0,,Hill Road,,,,,,Overcast,2081100,0,0.0,0.0,2.0,,,0.0,,,,,,Wellington Region,Nil,2-way,Sealed,,0.0,0,,50.0,,Null,0.0,0.0,,47,Wellington City,Nil,,,,,0.0,0.0,Urban,0.0,,,Fine,Null,0
67647831,,573700,0.0,,1.0,0.0,,South,2014/2015,JOHNSONVILLE ROAD,DISRAELI ST,,Non-Injury Crash,No,2015,,North,,0,,Flat,,,,,,Bright sun,2082900,0,0.0,0.0,2.0,,,0.0,,,,,,Wellington Region,Nil,2-way,Sealed,,0.0,0,,50.0,,Null,0.0,0.0,,47,Wellington City,Traffic Signals,,,,,0.0,0.0,Urban,1.0,,,Fine,Null,0
67647867,,572900,1.0,,0.0,1.0,,South,2015/2016,MULGRAVE ST,PIPITEA ST,,Non-Injury Crash,No,2015,,South,,0,,Flat,,,,,,Bright sun,2121200,0,0.0,0.0,2.0,,,0.0,,,,,,Wellington Region,Nil,2-way,Sealed,,0.0,0,,50.0,,Null,0.0,0.0,,47,Wellington City,Unknown,,,,,0.0,0.0,Urban,0.0,,,Fine,Null,0
67647906,,573511,0.0,0.0,0.0,1.0,0.0,South,2017/2018,MIDDLETON ROAD,RICHMOND HILL,,Non-Injury Crash,No,2018,0.0,South,0.0,0,0.0,Flat,0.0,Easter,0.0,,0.0,Dark,2086502,0,0.0,0.0,2.0,0.0,0.0,0.0,0.0,0.0,,0.0,1.0,Wellington Region,Nil,2-way,Sealed,0.0,0.0,0,0.0,70.0,0.0,None,0.0,0.0,,47,Wellington City,Unknown,0.0,0.0,0.0,0.0,0.0,0.0,Urban,0.0,0.0,0.0,Fine,Null,0
67647907,,572600,0.0,,0.0,2.0,,North,2014/2015,MAIN ROAD,VICTORY CRESCENT,,Minor Crash,No,2015,,North,,0,,Flat,,,,,,Overcast,1991800,1,0.0,0.0,2.0,,,0.0,,,,,,Wellington Region,Nil,2-way,Sealed,,0.0,0,,50.0,,Null,0.0,0.0,,47,Wellington City,Unknown,,,,,0.0,0.0,Urban,0.0,,,Light rain,Null,0
67647977,,574002,0.0,,0.0,1.0,,Null,2015/2016,SH 2,NGAURANGA ON NBD,,Non-Injury Crash,Yes,2015,,North,,0,,Flat,,,,,,Overcast,2078302,0,0.0,0.0,2.0,,,0.0,,,,,,Wellington Region,Nil,2-way,Sealed,,0.0,0,,100.0,,Null,0.0,0.0,,47,Wellington City,Nil,,,,,0.0,0.0,Open,0.0,,,Fine,Null,0
67648047,,574500,0.0,,0.0,2.0,,North,2014/2015,HUTT ROAD,WESTMINSTER ST,,Non-Injury Crash,No,2015,,South,,0,,Flat,,,,,,Bright sun,2093400,0,0.0,0.0,4.0,,,0.0,,,,,,Wellington Region,Nil,2-way,Sealed,,0.0,0,,50.0,,Off,0.0,0.0,,47,Wellington City,Nil,,,,,0.0,0.0,Urban,0.0,,,Fine,Null,0
67648077,,573200,0.0,,0.0,2.0,,Null,2015/2016,OHIRO ROAD,TANERA CRESCENT N,,Non-Injury Crash,No,2015,,South,,0,,Hill Road,,,,,,Overcast,2158700,0,0.0,0.0,3.0,,,0.0,,,,,,Wellington Region,Nil,2-way,Sealed,,0.0,0,,50.0,,Null,0.0,0.0,,47,Wellington City,Nil,,,,,0.0,0.0,Urban,0.0,,,Fine,Null,0
67648102,,574100,0.0,,0.0,1.0,,South,2014/2015,BANNISTER AVENUE,SIM ST,,Non-Injury Crash,No,2015,,South,,0,,Hill Road,,,,,,Overcast,2085000,0,0.0,0.0,2.0,,,0.0,,,,,,Wellington Region,Nil,2-way,Sealed,,0.0,0,,50.0,,Null,0.0,0.0,,47,Wellington City,Unknown,,,,,0.0,0.0,Urban,1.0,,,Light rain,Null,0
67648139,,573000,0.0,,0.0,1.0,,South,2015/2016,FEATHERSTON ST,WARING TAYLOR ST,,Minor Crash,No,2015,,South,,0,,Flat,,,,,,Twilight,2125400,1,0.0,1.0,2.0,,,0.0,,,,,,Wellington Region,Nil,1-way,Sealed,,0.0,0,,50.0,,On,0.0,0.0,,47,Wellington City,Traffic Signals,,,,,0.0,0.0,Urban,0.0,,,Fine,Null,0
67648190,,577302,0.0,0.0,0.0,2.0,0.0,Null,2014/2015,BRUSSELS ST,PARA ST,,Non-Injury Crash,No,2015,0.0,North,0.0,0,0.0,Flat,0.0,,0.0,,0.0,Dark,2204400,0,0.0,0.0,2.0,0.0,0.0,0.0,0.0,1.0,,0.0,0.0,Wellington Region,Nil,2-way,Sealed,0.0,0.0,0,0.0,50.0,0.0,On,0.0,0.0,,47,Wellington City,Give way,0.0,0.0,0.0,0.0,0.0,0.0,Urban,0.0,0.0,0.0,Fine,Null,0
67648267,,575600,0.0,,0.0,2.0,,North,2014/2015,OHIRO ROAD,TANERA CRESCENT S,,Non-Injury Crash,No,2015,,South,,0,,Hill Road,,,,,,Dark,2160600,0,0.0,0.0,2.0,,,0.0,,,,,,Wellington Region,Nil,2-way,Sealed,,0.0,0,,50.0,,On,0.0,0.0,,47,Wellington City,Nil,,,,,0.0,0.0,Urban,0.0,,,Light rain,Null,0
67648311,,573101,0.0,,0.0,2.0,,Null,2015/2016,TARANAKI ST,YORK ST,,Non-Injury Crash,No,2015,,South,,0,,Flat,,,,,,Overcast,2135800,0,0.0,0.0,4.0,,,0.0,,,,,,Wellington Region,Nil,2-way,Sealed,,0.0,0,,40.0,,Null,0.0,0.0,,47,Wellington City,Nil,,,,,0.0,0.0,Urban,0.0,,,Fine,Null,0
67648354,,572900,0.0,0.0,0.0,1.0,0.0,West,2017/2018,HILL ST,SELWYN TERRACE,,Non-Injury Crash,No,2017,0.0,West,0.0,0,0.0,Flat,0.0,,0.0,,0.0,Dark,2122400,0,0.0,0.0,2.0,0.0,0.0,0.0,0.0,1.0,,0.0,0.0,Wellington Region,Nil,2-way,Sealed,0.0,0.0,0,0.0,50.0,0.0,On,0.0,0.0,,47,Wellington City,Unknown,0.0,0.0,0.0,0.0,1.0,0.0,Urban,0.0,0.0,0.0,Fine,Null,0
67648394,,572900,0.0,0.0,0.0,0.0,0.0,North,2018/2019,SH 1N,HILL ST OBR,,Fatal Crash,Yes,2018,0.0,North,0.0,1,0.0,Hill Road,0.0,,0.0,,1.0,Overcast,2120100,0,0.0,1.0,6.0,0.0,0.0,0.0,0.0,0.0,,0.0,0.0,Wellington Region,Motorway ramp,2-way,Sealed,0.0,0.0,0,0.0,100.0,0.0,Null,0.0,0.0,,47,Wellington City,Unknown,1.0,1.0,0.0,0.0,0.0,0.0,Open,0.0,0.0,0.0,Fine,Strong wind,0
67648433,,575300,0.0,0.0,0.0,2.0,0.0,North,2015/2016,RAROA ROAD,CLUNY AVENUE,,Non-Injury Crash,No,2015,0.0,South,0.0,0,0.0,Hill Road,0.0,,0.0,,0.0,Overcast,2151800,0,0.0,0.0,2.0,0.0,0.0,0.0,0.0,1.0,,0.0,0.0,Wellington Region,Nil,2-way,Sealed,0.0,0.0,0,0.0,50.0,0.0,Null,0.0,0.0,,47,Wellington City,Unknown,0.0,0.0,0.0,0.0,0.0,0.0,Urban,0.0,0.0,0.0,Fine,Null,0
67648442,,573101,0.0,,0.0,2.0,,Null,2017/2018,SH 1N,TARANAKI ST,,Non-Injury Crash,Yes,2017,,East,,0,,Flat,,,,,,Dark,2133800,0,0.0,0.0,2.0,,,0.0,,,,,,Wellington Region,Nil,1-way,Sealed,,0.0,0,,50.0,,On,0.0,0.0,,47,Wellington City,Traffic Signals,,,,,0.0,0.0,Urban,0.0,,,Fine,Null,0
67648445,,575800,0.0,0.0,0.0,1.0,0.0,South,2015/2016,FARNHAM ST,PRISCILLA CRESCENT,,Non-Injury Crash,No,2015,0.0,West,0.0,0,1.0,Hill Road,0.0,,0.0,,0.0,Overcast,2198302,0,0.0,0.0,2.0,0.0,0.0,0.0,0.0,0.0,,0.0,0.0,Wellington Region,Nil,2-way,Sealed,0.0,0.0,0,0.0,50.0,0.0,Null,0.0,0.0,,47,Wellington City,Unknown,0.0,0.0,0.0,0.0,0.0,0.0,Urban,0.0,0.0,0.0,Light rain,Null,0
67648451,,573700,0.0,,0.0,1.0,,Null,2014/2015,JOHNSONVILLE ROAD,HAWEA ST,,Non-Injury Crash,No,2015,,North,,0,,Flat,,,,,,Dark,2082800,0,0.0,0.0,2.0,,,0.0,,,,,,Wellington Region,Nil,2-way,Sealed,,0.0,0,,50.0,,On,0.0,0.0,,47,Wellington City,Give way,,,,,0.0,0.0,Urban,1.0,,,Light rain,Null,0
67648479,,572900,0.0,,0.0,1.0,,Null,2015/2016,MOLESWORTH ST,HAWKESTONE ST,,Minor Crash,No,2015,,East,,0,,Flat,,,,,,Overcast,2119200,1,1.0,0.0,2.0,,,0.0,,,,,,Wellington Region,Nil,1-way,Sealed,,0.0,0,,50.0,,Off,0.0,0.0,,47,Wellington City,Give way,,,,,0.0,0.0,Urban,0.0,,,Light rain,Null,0
67648519,,573101,1.0,,0.0,0.0,,Null,2014/2015,WAKEFIELD ST,CAMBRIDGE TERRACE,,Minor Crash,No,2015,,North,,0,,Flat,,,,,,Bright sun,2135500,1,0.0,0.0,3.0,,,0.0,,,,,,Wellington Region,Nil,1-way,Sealed,,0.0,0,,50.0,,Null,0.0,0.0,,47,Wellington City,Nil,,,,,0.0,0.0,Urban,0.0,,,Light rain,Null,0
67648623,,576800,1.0,,0.0,1.0,,North,2016/2017,EVANS BAY PARADE,GRETA PT,,Serious Crash,No,2016,,North,,0,,Flat,,,,,,Bright sun,2182504,0,0.0,0.0,2.0,,,0.0,,,,,,Wellington Region,Nil,2-way,Sealed,,0.0,1,,50.0,,Null,0.0,0.0,,47,Wellington City,Nil,,,,,0.0,0.0,Urban,0.0,,,Fine,Null,0
67648626,,576301,0.0,,0.0,2.0,,Null,2017/2018,RIDDIFORD ST,EMMETT ST,,Non-Injury Crash,No,2018,,North,,0,,Flat,,,,,,Bright sun,2165200,0,0.0,0.0,4.0,,,0.0,,,,,,Wellington Region,Nil,2-way,Sealed,,0.0,0,,50.0,,Null,0.0,0.0,,47,Wellington City,Traffic Signals,,,,,0.0,0.0,Urban,0.0,,,Fine,Null,0
67648631,,575200,0.0,,0.0,2.0,,Null,2014/2015,NORTHLAND ROAD,GARDEN ROAD W,,Non-Injury Crash,No,2015,,East,,0,,Flat,,,,,,Bright sun,2150900,0,0.0,0.0,2.0,,,0.0,,,,,,Wellington Region,Nil,2-way,Sealed,,0.0,0,,50.0,,Null,0.0,0.0,,47,Wellington City,Give way,,,,,0.0,0.0,Urban,0.0,,,Fine,Null,0
67648646,,573000,0.0,0.0,0.0,2.0,0.0,South,2015/2016,WILLIS ST,GHUZNEE ST,,Non-Injury Crash,No,2015,0.0,North,0.0,0,0.0,Hill Road,0.0,,0.0,,0.0,Bright sun,2129700,0,0.0,0.0,2.0,0.0,0.0,0.0,0.0,1.0,,0.0,0.0,Wellington Region,Nil,1-way,Sealed,0.0,0.0,0,0.0,80.0,0.0,Null,0.0,0.0,,47,Wellington City,Unknown,0.0,0.0,0.0,0.0,0.0,0.0,Open,0.0,0.0,0.0,Fine,Null,0
67648675,,574900,0.0,,0.0,2.0,,West,2014/2015,KARORI ROAD,BEAUCHAMP ST,,Non-Injury Crash,No,2015,,East,,0,,Flat,,,,,,Bright sun,2109100,0,0.0,0.0,2.0,,,0.0,,,,,,Wellington Region,Nil,2-way,Sealed,,0.0,0,,50.0,,Off,0.0,0.0,,47,Wellington City,Nil,,,,,0.0,0.0,Urban,0.0,,,Fine,Null,0
67648730,,572701,0.0,0.0,0.0,3.0,0.0,North,2017/2018,MAIN ROAD,THOMAS HOOK ST,,Minor Crash,No,2018,0.0,South,0.0,0,0.0,Flat,0.0,,0.0,,0.0,Overcast,1994100,1,0.0,0.0,2.0,0.0,0.0,0.0,0.0,0.0,,0.0,0.0,Wellington Region,Nil,2-way,Sealed,0.0,0.0,0,0.0,50.0,0.0,Null,0.0,0.0,,47,Wellington City,Unknown,0.0,0.0,0.0,1.0,0.0,0.0,Urban,0.0,0.0,0.0,Fine,Null,0
67648755,,577601,0.0,,1.0,1.0,,Null,2015/2016,COBAR CLOSE,KAIKOURA ST,,Non-Injury Crash,No,2015,,South,,0,,Hill Road,,,,,,Overcast,2201901,0,0.0,0.0,2.0,,,0.0,,,,,,Wellington Region,Nil,2-way,Sealed,,0.0,0,,50.0,,Null,0.0,0.0,,47,Wellington City,Nil,,,,,0.0,0.0,Urban,0.0,,,Fine,Null,0
67648769,,573000,0.0,,0.0,2.0,,South,2014/2015,SH 1N,TINAKORI OFF NBD,,Non-Injury Crash,Yes,2015,,North,,0,,Flat,,Easter,,,,Bright sun,2124900,0,0.0,0.0,5.0,,,0.0,,,,,,Wellington Region,Nil,2-way,Sealed,,0.0,0,,100.0,,Off,0.0,0.0,,47,Wellington City,Nil,,,,,0.0,0.0,Open,0.0,,,Fine,Null,0
67648779,,573101,0.0,,0.0,2.0,,Null,2014/2015,CABLE ST,BARNETT ST,,Non-Injury Crash,No,2015,,East,,0,,Flat,,Christmas New Year,,,,Bright sun,2135200,0,0.0,0.0,3.0,,,0.0,,,,,,Wellington Region,Nil,1-way,Sealed,,0.0,0,,50.0,,Null,0.0,0.0,,47,Wellington City,Nil,,,,,0.0,0.0,Urban,0.0,,,Fine,Null,0
67648826,,576400,0.0,,0.0,1.0,,Null,2017/2018,RIDDIFORD ST,NEWTOWN AVENUE,,Minor Crash,No,2018,,South,,0,,Flat,,,,,,Dark,2168400,1,1.0,0.0,2.0,,,0.0,,,,,,Wellington Region,Nil,2-way,Sealed,,0.0,0,,50.0,,On,0.0,0.0,,47,Wellington City,Give way,,,,,0.0,0.0,Urban,0.0,,,Fine,Null,0
67648853,,573903,0.0,0.0,0.0,1.0,0.0,North,2014/2015,RUSKIN ROAD,ALWYN PLACE,,Non-Injury Crash,No,2015,0.0,North,0.0,0,0.0,Flat,0.0,,0.0,,0.0,Overcast,2074500,0,0.0,0.0,2.0,0.0,0.0,0.0,0.0,1.0,,0.0,0.0,Wellington Region,Nil,2-way,Sealed,0.0,0.0,0,0.0,50.0,0.0,Null,0.0,0.0,,47,Wellington City,Unknown,0.0,0.0,0.0,0.0,0.0,0.0,Urban,1.0,0.0,0.0,Fine,Null,0