OBJECTID,advisorySpeed,areaUnitID,bicycle,bridge,bus,carStationWagon,cliffBank,crashDirectionDescription,crashFinancialYear,crashLocation1,crashLocation2,crashRoadSideRoad,crashSeverity,crashSHDescription,crashYear,debris,directionRoleDescription,ditch,fatalCount,fence,flatHill,guardRail,holiday,houseOrBuilding,intersection,kerb,light,meshblockId,minorInjuryCount,moped,motorcycle,NumberOfLanes,objectThrownOrDropped,otherObject,otherVehicleType,overBank,parkedVehicle,pedestrian,phoneBoxEtc,postOrPole,region,roadCharacter,roadLane,roadSurface,roadworks,schoolBus,seriousInjuryCount,slipOrFlood,speedLimit,strayAnimal,streetLight,suv,taxi,temporarySpeedLimit,tlaId,tlaName,trafficControl,trafficIsland,trafficSign,train,tree,truck,unknownVehicleType,urban,vanOrUtility,vehicle,waterRiver,weatherA,weatherB,if_pandemic
67648867,,574302,1.0,,0.0,1.0,,East,2016/2017,HUTT ROAD,RANGIORA AVENUE,,Serious Crash,No,2016,,East,,0,,Flat,,,,,,Twilight,2090700,0,0.0,0.0,4.0,,,0.0,,,,,,Wellington Region,Nil,2-way,Sealed,,0.0,1,,60.0,,On,0.0,0.0,,47,Wellington City,Nil,,,,,0.0,0.0,Urban,0.0,,,Null,Null,0
67648873,,573000,0.0,,0.0,2.0,,Null,2015/2016,SH 1N,WILLIS ST,,Non-Injury Crash,Yes,2016,,South,,0,,Flat,,,,,,Dark,2129700,0,0.0,0.0,2.0,,,0.0,,,,,,Wellington Region,Nil,1-way,Sealed,,0.0,0,,50.0,,On,0.0,0.0,,47,Wellington City,Traffic Signals,,,,,0.0,0.0,Urban,0.0,,,Fine,Null,0
67648885,,573101,0.0,,0.0,1.0,,South,2015/2016,BOND ST,VICTORIA ST,,Non-Injury Crash,No,2015,,West,,0,,Flat,,,,,,Bright sun,2131100,0,0.0,0.0,2.0,,,0.0,,,,,,Wellington Region,Nil,2-way,Sealed,,0.0,0,,50.0,,Null,0.0,1.0,,47,Wellington City,Give way,,,,,1.0,0.0,Urban,0.0,,,Fine,Null,0
67648886,,576800,0.0,,0.0,2.0,,North,2015/2016,MOXHAM AVENUE,TAURIMA ST,,Non-Injury Crash,No,2015,,North,,0,,Flat,,,,,,Overcast,2181900,0,0.0,0.0,,,,0.0,,,,,,Wellington Region,Nil,2-way,Sealed,,0.0,0,,50.0,,Null,0.0,1.0,,47,Wellington City,Unknown,,,,,0.0,0.0,Urban,0.0,,,Light rain,Null,0
67648901,,573000,0.0,0.0,0.0,1.0,0.0,Null,2015/2016,THE TERRACE,SALAMANCA ROAD,,Non-Injury Crash,No,2015,0.0,South,0.0,0,0.0,Hill Road,0.0,,0.0,,0.0,Dark,2128200,0,0.0,0.0,3.0,0.0,0.0,0.0,0.0,0.0,,0.0,0.0,Wellington Region,Nil,2-way,Sealed,0.0,0.0,0,0.0,50.0,0.0,On,0.0,0.0,,47,Wellington City,Traffic Signals,1.0,1.0,0.0,0.0,0.0,0.0,Urban,0.0,0.0,0.0,Fine,Null,0
67648902,,575300,0.0,0.0,0.0,1.0,1.0,Null,2015/2016,KELBURN VIADUCT,GLENMORE ST,,Minor Crash,No,2016,0.0,West,0.0,0,0.0,Flat,0.0,,0.0,,0.0,Dark,2152600,2,0.0,0.0,2.0,0.0,0.0,0.0,0.0,0.0,,0.0,0.0,Wellington Region,Nil,1-way,Sealed,0.0,0.0,0,0.0,50.0,0.0,On,0.0,0.0,,47,Wellington City,Give way,0.0,1.0,0.0,0.0,0.0,0.0,Urban,0.0,0.0,0.0,Fine,Null,0
67648937,,576301,0.0,0.0,0.0,0.0,0.0,South,2014/2015,ADELAIDE ROAD,JOHN ST,,Non-Injury Crash,No,2015,0.0,North,0.0,0,0.0,Hill Road,0.0,,0.0,,0.0,Bright sun,2163400,0,0.0,0.0,2.0,0.0,0.0,0.0,0.0,0.0,,0.0,0.0,Wellington Region,Nil,2-way,Sealed,0.0,0.0,0,0.0,50.0,0.0,Off,0.0,0.0,,47,Wellington City,Nil,0.0,0.0,0.0,0.0,0.0,0.0,Urban,2.0,1.0,0.0,Fine,Null,0
67648943,,576500,0.0,,0.0,1.0,,East,2015/2016,KING ST,KING ST T,,Non-Injury Crash,No,2015,,,,0,,Flat,,,,,,Bright sun,2148201,0,0.0,0.0,2.0,,,0.0,,,1.0,,,Wellington Region,Nil,2-way,Sealed,,0.0,0,,50.0,,Null,0.0,0.0,,47,Wellington City,Nil,,,,,0.0,0.0,Urban,0.0,,,Fine,Null,0
67648980,,573300,0.0,,0.0,1.0,,Null,2015/2016,WALLACE ST,TASMAN ST,,Minor Crash,No,2015,,East,,0,,Hill Road,,,,,,Bright sun,2146300,1,0.0,1.0,2.0,,,0.0,,,,,,Wellington Region,Nil,2-way,Sealed,,0.0,0,,50.0,,Null,0.0,0.0,,47,Wellington City,Give way,,,,,0.0,0.0,Urban,0.0,,,Fine,Null,0
67649065,,573400,0.0,,0.0,2.0,,Null,2015/2016,ORIENTAL PARADE,HERD ST,,Non-Injury Crash,No,2015,,West,,0,,Flat,,,,,,Bright sun,2138800,0,0.0,0.0,2.0,,,0.0,,,,,,Wellington Region,Nil,2-way,Sealed,,0.0,0,,40.0,,Off,0.0,0.0,,47,Wellington City,Nil,,,,,0.0,0.0,Urban,0.0,,,Fine,Null,0
67649067,,574500,0.0,0.0,0.0,1.0,0.0,North,2014/2015,HUTT ROAD,WESTMINSTER ST,,Non-Injury Crash,No,2015,0.0,North,0.0,0,0.0,Flat,1.0,,0.0,,0.0,Dark,2093400,0,0.0,0.0,2.0,0.0,0.0,0.0,0.0,0.0,,0.0,0.0,Wellington Region,Nil,1-way,Sealed,0.0,0.0,0,0.0,60.0,0.0,On,0.0,0.0,,47,Wellington City,Unknown,0.0,0.0,0.0,0.0,0.0,0.0,Urban,0.0,0.0,0.0,Fine,Null,0
67649070,,577700,0.0,,0.0,0.0,,West,2015/2016,Z TRACK,OWHIRO BAY PARADE,,Minor Crash,No,2015,,West,,0,,Hill Road,,,,,,Bright sun,2116801,1,0.0,1.0,0.0,,,0.0,,,,,,Wellington Region,Nil,Off road,Unsealed,,0.0,0,,50.0,,Null,0.0,0.0,,47,Wellington City,Unknown,,,,,0.0,0.0,Urban,0.0,,,Fine,Null,0
67649254,,573101,0.0,,0.0,1.0,,East,2016/2017,CABLE ST,CHAFFERS ST,,Serious Crash,No,2016,,East,,0,,Flat,,,,,,Bright sun,2135500,0,1.0,0.0,3.0,,,0.0,,,,,,Wellington Region,Nil,1-way,Sealed,,0.0,1,,50.0,,Off,0.0,0.0,,47,Wellington City,Nil,,,,,0.0,0.0,Urban,0.0,,,Fine,Null,0
67649379,,573101,0.0,,0.0,2.0,,East,2014/2015,OLD BUCKLE ST,TARANAKI ST,,Non-Injury Crash,No,2015,,West,,0,,Flat,,,,,,Overcast,2134800,0,0.0,0.0,4.0,,,0.0,,,,,,Wellington Region,Nil,1-way,Sealed,,0.0,0,,50.0,,Off,0.0,0.0,,47,Wellington City,Nil,,,,,0.0,0.0,Urban,0.0,,,Light rain,Null,0
67649465,,576400,0.0,,0.0,1.0,,Null,2015/2016,CONSTABLE ST,DANIELL ST,,Serious Crash,No,2015,,East,,0,,Hill Road,,,,,,Bright sun,2169101,1,0.0,0.0,4.0,,,0.0,,,1.0,,,Wellington Region,Nil,Null,Sealed,,0.0,1,,50.0,,Null,0.0,0.0,,47,Wellington City,Traffic Signals,,,,,0.0,0.0,Urban,0.0,,,Fine,Frost,0
67649499,,574002,0.0,0.0,0.0,1.0,0.0,Null,2015/2016,SH 2,HUTT ON NBD,,Minor Crash,Yes,2016,0.0,East,0.0,0,0.0,Flat,1.0,,0.0,,0.0,Overcast,2078302,1,0.0,0.0,3.0,0.0,0.0,0.0,0.0,0.0,,0.0,0.0,Wellington Region,Nil,1-way,Sealed,0.0,0.0,0,0.0,100.0,0.0,Off,0.0,0.0,,47,Wellington City,Nil,0.0,0.0,0.0,0.0,0.0,0.0,Open,0.0,0.0,0.0,Fine,Null,0
67649525,,576903,0.0,0.0,0.0,3.0,0.0,West,2014/2015,SH 1N,EVANS BAY PARADE,,Non-Injury Crash,Yes,2015,0.0,East,0.0,0,0.0,Flat,0.0,,0.0,,0.0,Bright sun,2180200,0,0.0,0.0,4.0,0.0,0.0,0.0,0.0,1.0,,0.0,0.0,Wellington Region,Nil,2-way,Sealed,0.0,0.0,0,0.0,50.0,0.0,Null,0.0,0.0,,47,Wellington City,Nil,0.0,0.0,0.0,0.0,0.0,0.0,Urban,0.0,0.0,0.0,Fine,Null,0
67649538,,576002,0.0,,0.0,2.0,,Null,2017/2018,AVON ST,CLYDE ST,,Non-Injury Crash,No,2017,,East,,0,,Flat,,Labour Weekend,,,,Bright sun,2190400,0,0.0,0.0,2.0,,,0.0,,,,,,Wellington Region,Nil,2-way,Sealed,,0.0,0,,50.0,,Null,0.0,0.0,,47,Wellington City,Give way,,,,,0.0,0.0,Urban,0.0,,,Fine,Null,0
67649549,,574701,0.0,,0.0,2.0,,Null,2014/2015,CHARTWELL DRIVE,RANDOLPH ROAD,,Non-Injury Crash,No,2015,,North,,0,,Hill Road,,,,,,Overcast,2105002,0,0.0,0.0,2.0,,,0.0,,,,,,Wellington Region,Nil,2-way,Sealed,,0.0,0,,50.0,,Off,0.0,0.0,,47,Wellington City,Nil,,,,,0.0,0.0,Urban,0.0,,,Light rain,Null,0
67649559,,576901,0.0,,0.0,3.0,,East,2014/2015,SH 1N,WELLINGTON ROAD,,Non-Injury Crash,Yes,2015,,West,,0,,Flat,,,,,,Bright sun,2177800,0,0.0,0.0,2.0,,,0.0,,,,,,Wellington Region,Nil,2-way,Sealed,,0.0,0,,50.0,,Null,0.0,1.0,,47,Wellington City,Nil,,,,,0.0,0.0,Urban,0.0,,,Fine,Null,0
67649583,,576400,0.0,0.0,0.0,0.0,0.0,South,2015/2016,CRAWFORD ROAD,WELLINGTON ROAD,,Non-Injury Crash,No,2015,0.0,North,0.0,0,0.0,Hill Road,0.0,,0.0,,0.0,Overcast,2169402,0,0.0,0.0,2.0,0.0,1.0,0.0,0.0,0.0,,0.0,0.0,Wellington Region,Nil,2-way,Sealed,0.0,0.0,0,0.0,50.0,0.0,Null,0.0,0.0,,47,Wellington City,Nil,0.0,0.0,0.0,0.0,1.0,0.0,Urban,0.0,0.0,0.0,Fine,Null,0
67649643,,572600,0.0,,0.0,2.0,,Null,2015/2016,MAIN ROAD,CAMBRIDGE ST,,Non-Injury Crash,No,2015,,South,,0,,Flat,,,,,,Overcast,1988500,0,0.0,0.0,2.0,,,0.0,,,,,,Wellington Region,Nil,2-way,Sealed,,0.0,0,,50.0,,Null,0.0,0.0,,47,Wellington City,Give way,,,,,0.0,0.0,Urban,0.0,,,Light rain,Null,0
67649661,,574701,0.0,0.0,0.0,2.0,0.0,East,2014/2015,WINSTON ST,CHARTWELL DRIVE,,Non-Injury Crash,No,2015,0.0,North,0.0,0,0.0,Hill Road,0.0,,0.0,,0.0,Dark,2105002,0,0.0,0.0,1.0,0.0,0.0,0.0,0.0,1.0,,0.0,0.0,Wellington Region,Nil,2-way,Sealed,0.0,0.0,0,0.0,50.0,0.0,None,0.0,0.0,,47,Wellington City,Unknown,0.0,0.0,0.0,0.0,0.0,0.0,Urban,0.0,0.0,0.0,Fine,Null,0
67649665,,572500,0.0,0.0,0.0,2.0,0.0,South,2015/2016,MAIN ROAD,REDWOOD AVENUE S,,Non-Injury Crash,No,2015,0.0,South,0.0,0,0.0,Flat,0.0,Labour Weekend,0.0,,0.0,Dark,1986300,0,0.0,0.0,2.0,0.0,0.0,0.0,0.0,1.0,,0.0,0.0,Wellington Region,Nil,2-way,Sealed,0.0,0.0,0,0.0,50.0,0.0,On,0.0,0.0,,47,Wellington City,Nil,0.0,0.0,0.0,0.0,0.0,0.0,Urban,0.0,0.0,0.0,Fine,Null,0
67649778,,573101,0.0,,0.0,1.0,,Null,2017/2018,TORY ST,HAINING ST,,Non-Injury Crash,No,2017,,South,,0,,Flat,,,,,,Overcast,2134900,0,0.0,0.0,2.0,,,0.0,,,,,,Wellington Region,Nil,2-way,Sealed,,0.0,0,,50.0,,Null,0.0,0.0,,47,Wellington City,Nil,,,,,0.0,0.0,Urban,1.0,,,Light rain,Null,0
67649807,,573700,0.0,,0.0,2.0,,Null,2015/2016,MOOREFIELD ROAD,JOHNSONVILLE ROAD,,Minor Crash,No,2016,,South,,0,,Null,,,,,,Bright sun,2082300,1,0.0,0.0,2.0,,,0.0,,,,,,Wellington Region,Nil,2-way,Sealed,,0.0,0,,50.0,,Null,0.0,0.0,,47,Wellington City,Give way,,,,,0.0,0.0,Urban,0.0,,,Fine,Null,0
67649851,,573101,0.0,0.0,0.0,1.0,0.0,West,2015/2016,WAKEFIELD ST,TORY ST,,Non-Injury Crash,No,2015,0.0,East,0.0,0,0.0,Flat,0.0,,0.0,,0.0,Bright sun,2135600,0,0.0,1.0,2.0,0.0,0.0,0.0,0.0,1.0,,0.0,0.0,Wellington Region,Nil,2-way,Sealed,0.0,0.0,0,0.0,50.0,0.0,Null,0.0,0.0,,47,Wellington City,Give way,0.0,0.0,0.0,0.0,0.0,0.0,Urban,0.0,0.0,0.0,Fine,Null,0
67649863,,576903,0.0,,0.0,1.0,,Null,2016/2017,SH 1N,EVANS BAY PARADE,,Minor Crash,Yes,2016,,East,,0,,Flat,,,,,,Overcast,2180200,1,0.0,0.0,5.0,,,0.0,,,1.0,,,Wellington Region,Nil,2-way,Sealed,,0.0,0,,50.0,,Null,0.0,0.0,,47,Wellington City,Traffic Signals,,,,,0.0,0.0,Urban,0.0,,,Null,Null,0
67649938,,574402,0.0,,1.0,1.0,,Null,2017/2018,CROFTON ROAD,OTTAWA ROAD,,Non-Injury Crash,No,2017,,North,,0,,Hill Road,,,,,,Overcast,2098000,0,0.0,0.0,2.0,,,0.0,,,,,,Wellington Region,Nil,2-way,Sealed,,0.0,0,,50.0,,Null,0.0,0.0,,47,Wellington City,Give way,,,,,0.0,0.0,Urban,0.0,,,Fine,Null,0
67650034,,573400,0.0,0.0,0.0,2.0,0.0,North,2016/2017,ROXBURGH ST,MAJORIBANKS ST,,Non-Injury Crash,No,2017,0.0,North,0.0,0,0.0,Hill Road,0.0,,0.0,,0.0,Bright sun,2139000,0,0.0,0.0,2.0,0.0,0.0,0.0,0.0,1.0,,0.0,0.0,Wellington Region,Nil,2-way,Sealed,0.0,0.0,0,0.0,50.0,0.0,Null,0.0,0.0,,47,Wellington City,Unknown,0.0,0.0,0.0,0.0,0.0,0.0,Urban,0.0,0.0,0.0,Fine,Null,0
67650063,,577500,0.0,0.0,0.0,1.0,0.0,East,2014/2015,BREAKER BAY ROAD,WAHINE MEMORIAL,,Non-Injury Crash,No,2015,0.0,East,0.0,0,0.0,Flat,0.0,,0.0,,0.0,Bright sun,2212600,0,0.0,0.0,2.0,0.0,1.0,0.0,0.0,0.0,,0.0,0.0,Wellington Region,Nil,2-way,Sealed,0.0,0.0,0,0.0,50.0,0.0,Off,0.0,0.0,,47,Wellington City,Nil,0.0,0.0,0.0,0.0,0.0,0.0,Urban,0.0,0.0,0.0,Fine,Null,0
67650066,,576301,0.0,,0.0,1.0,,Null,2017/2018,RIDDIFORD ST,RUSSELL TERRACE,,Minor Crash,No,2018,,South,,0,,Flat,,,,,,Bright sun,2165900,1,1.0,0.0,1.0,,,0.0,,,,,,Wellington Region,Nil,2-way,Sealed,,0.0,0,,40.0,,Null,0.0,0.0,,47,Wellington City,Give way,,,,,0.0,0.0,Urban,0.0,,,Fine,Null,0
67650081,,573522,0.0,,0.0,2.0,,South,2015/2016,SH 1N,TAWA OFF NBD,,Non-Injury Crash,Yes,2015,,North,,0,,Null,,,,,,Bright sun,2053703,0,0.0,0.0,,,,0.0,,,,,,Wellington Region,Motorway ramp,2-way,Sealed,,0.0,0,,100.0,,Null,0.0,0.0,,47,Wellington City,Nil,,,,,0.0,0.0,Open,0.0,,,Fine,Null,0
67650142,,572600,0.0,0.0,1.0,0.0,0.0,West,2015/2016,LYNDHURST ROAD,ROY ST,,Non-Injury Crash,No,2015,0.0,West,0.0,0,0.0,Hill Road,0.0,,0.0,,0.0,Overcast,1990000,0,0.0,0.0,2.0,0.0,0.0,0.0,0.0,0.0,,0.0,1.0,Wellington Region,Nil,2-way,Sealed,0.0,0.0,0,0.0,50.0,0.0,Null,0.0,0.0,,47,Wellington City,Nil,0.0,0.0,0.0,0.0,0.0,0.0,Urban,0.0,0.0,0.0,Fine,Null,0
67650161,,573000,0.0,,0.0,1.0,,Null,2016/2017,BOWEN ST,THE TERRACE,,Non-Injury Crash,No,2017,,East,,0,,Hill Road,,,,,,Bright sun,2123700,0,0.0,0.0,2.0,,,0.0,,,1.0,,,Wellington Region,Nil,2-way,Sealed,,0.0,0,,50.0,,Null,0.0,0.0,,47,Wellington City,Traffic Signals,,,,,0.0,0.0,Urban,0.0,,,Fine,Null,0
67650216,,575300,0.0,,0.0,1.0,,Null,2015/2016,GLENMORE ST,KELBURN VIADUCT,,Minor Crash,No,2015,,North,,0,,Hill Road,,,,,,Dark,2152600,2,1.0,0.0,2.0,,,0.0,,,,,,Wellington Region,Nil,2-way,Sealed,,0.0,0,,50.0,,On,0.0,0.0,,47,Wellington City,Give way,,,,,0.0,0.0,Urban,0.0,,,Fine,Null,0
67650236,,573400,0.0,0.0,0.0,2.0,0.0,West,2015/2016,DUKE ST,HAWKER ST,,Non-Injury Crash,No,2015,0.0,West,0.0,0,0.0,Flat,0.0,,0.0,,0.0,Bright sun,2140002,0,0.0,0.0,2.0,0.0,0.0,0.0,0.0,1.0,,0.0,0.0,Wellington Region,Nil,2-way,Sealed,0.0,0.0,0,0.0,50.0,0.0,Null,0.0,0.0,,47,Wellington City,Nil,0.0,0.0,0.0,0.0,0.0,0.0,Urban,0.0,0.0,0.0,Fine,Null,0
67650298,,576400,0.0,0.0,0.0,1.0,0.0,East,2014/2015,CONSTABLE ST,OWEN ST,,Non-Injury Crash,No,2015,0.0,West,0.0,0,0.0,Flat,0.0,,0.0,,0.0,Overcast,2170000,0,0.0,0.0,2.0,0.0,1.0,0.0,0.0,0.0,,0.0,1.0,Wellington Region,Nil,2-way,Sealed,0.0,0.0,0,0.0,50.0,0.0,Null,0.0,1.0,,47,Wellington City,Give way,0.0,0.0,0.0,0.0,0.0,0.0,Urban,0.0,0.0,0.0,Fine,Null,0
67650332,,573101,0.0,,0.0,1.0,,Null,2015/2016,SH 1N,PIRIE ST,,Minor Crash,Yes,2015,,South,,0,,Flat,,,,,,Dark,2136700,2,0.0,0.0,6.0,,,0.0,,,,,,Wellington Region,Nil,2-way,Sealed,,0.0,0,,50.0,,On,0.0,0.0,,47,Wellington City,Traffic Signals,,,,,0.0,0.0,Urban,1.0,,,Fine,Null,0
67650341,,577000,0.0,0.0,0.0,1.0,1.0,West,2014/2015,MOA POINT ROAD,BREAKER BAY ROAD,,Minor Crash,No,2015,0.0,West,0.0,0,0.0,Flat,0.0,Easter,0.0,,0.0,Dark,2175700,1,0.0,0.0,1.0,0.0,0.0,0.0,0.0,0.0,,0.0,0.0,Wellington Region,Nil,2-way,Sealed,0.0,0.0,0,0.0,50.0,0.0,None,0.0,0.0,,47,Wellington City,Unknown,0.0,0.0,0.0,0.0,0.0,0.0,Urban,0.0,0.0,0.0,Fine,Null,0
67650366,,573101,0.0,,0.0,1.0,,Null,2015/2016,TORY ST,EBOR ST,,Minor Crash,No,2015,,North,,0,,Hill Road,,,,,,Bright sun,2136000,1,0.0,0.0,2.0,,,0.0,,,1.0,,,Wellington Region,Nil,2-way,Sealed,,0.0,0,,50.0,,Null,0.0,0.0,,47,Wellington City,Give way,,,,,0.0,0.0,Urban,0.0,,,Fine,Null,0
67650434,,576903,0.0,0.0,0.0,1.0,0.0,North,2015/2016,EVANS BAY PARADE,SH 1N,,Non-Injury Crash,No,2015,0.0,North,0.0,0,0.0,Flat,0.0,,0.0,,0.0,Overcast,2180200,0,0.0,0.0,2.0,0.0,0.0,0.0,0.0,1.0,,0.0,0.0,Wellington Region,Nil,2-way,Sealed,0.0,0.0,0,0.0,50.0,0.0,Null,0.0,0.0,,47,Wellington City,Nil,0.0,0.0,0.0,0.0,0.0,0.0,Urban,1.0,0.0,0.0,Fine,Null,0
67650518,,574302,0.0,,0.0,2.0,,North,2014/2015,SH 1N,AOTEA ON NBD,,Non-Injury Crash,Yes,2015,,North,,0,,Flat,,,,,,Dark,2090601,0,0.0,0.0,3.0,,,0.0,,,,,,Wellington Region,Nil,1-way,Sealed,,0.0,0,,100.0,,On,0.0,0.0,,47,Wellington City,Nil,,,,,0.0,0.0,Open,0.0,,,Fine,Null,0
67650540,,573101,0.0,0.0,0.0,1.0,0.0,East,2015/2016,DIXON ST,WILLIS ST,,Non-Injury Crash,No,2015,0.0,West,0.0,0,0.0,Hill Road,0.0,,0.0,,0.0,Overcast,2131400,0,0.0,0.0,2.0,0.0,0.0,0.0,0.0,0.0,,0.0,0.0,Wellington Region,Nil,1-way,Sealed,0.0,0.0,0,0.0,50.0,0.0,Null,0.0,0.0,,47,Wellington City,Traffic Signals,0.0,0.0,0.0,0.0,0.0,0.0,Urban,1.0,1.0,0.0,Fine,Null,0
67650590,,573522,0.0,0.0,0.0,1.0,0.0,North,2016/2017,SH 1N,TAKAPU RD UPASS NBD,,Minor Crash,Yes,2016,0.0,North,0.0,0,0.0,Flat,1.0,,0.0,,0.0,Dark,2053703,1,0.0,0.0,4.0,0.0,0.0,0.0,0.0,0.0,,0.0,0.0,Wellington Region,Motorway ramp,2-way,Sealed,0.0,0.0,0,0.0,100.0,0.0,On,0.0,0.0,,47,Wellington City,Unknown,0.0,0.0,0.0,0.0,0.0,0.0,Open,0.0,0.0,0.0,Light rain,Null,0
67650641,,577200,0.0,,0.0,2.0,,Null,2017/2018,SH 1N,COBHAM DRIVE,,Non-Injury Crash,Yes,2017,,South,,0,,Flat,,,,,,Bright sun,2206200,0,0.0,0.0,2.0,,,0.0,,,,,,Wellington Region,Nil,1-way,Sealed,,0.0,0,,70.0,,Null,0.0,0.0,,47,Wellington City,Give way,,,,,0.0,0.0,Urban,0.0,,,Fine,Null,0
67650672,,573300,0.0,0.0,0.0,1.0,0.0,Null,2015/2016,WALLACE ST,BIDWILL ST,,Non-Injury Crash,No,2015,0.0,South,0.0,0,0.0,Hill Road,0.0,,0.0,,0.0,Dark,2146800,0,0.0,0.0,2.0,0.0,0.0,0.0,0.0,1.0,,0.0,0.0,Wellington Region,Nil,2-way,Sealed,0.0,0.0,0,0.0,50.0,0.0,On,1.0,0.0,,47,Wellington City,Traffic Signals,0.0,0.0,0.0,0.0,0.0,0.0,Urban,0.0,0.0,0.0,Fine,Null,0
67650675,,576901,0.0,,0.0,1.0,,South,2014/2015,KILBIRNIE CRESCENT,CHILDERS TERRACE,,Minor Crash,No,2015,,North,,0,,Flat,,,,,,Overcast,2178000,2,0.0,0.0,2.0,,,0.0,,,1.0,,,Wellington Region,Nil,2-way,Sealed,,0.0,0,,50.0,,Off,1.0,0.0,,47,Wellington City,Give way,,,,,0.0,0.0,Urban,0.0,,,Light rain,Strong wind,0
67650688,,573400,0.0,,0.0,2.0,,North,2014/2015,KENT TERRACE,MAJORIBANKS ST,,Non-Injury Crash,No,2015,,South,,0,,Flat,,,,,,Bright sun,2139000,0,0.0,0.0,4.0,,,0.0,,,,,,Wellington Region,Nil,1-way,Sealed,,0.0,0,,50.0,,Off,0.0,1.0,,47,Wellington City,Unknown,,,,,0.0,0.0,Urban,0.0,,,Fine,Null,0
67650713,,573101,0.0,,0.0,2.0,,North,2017/2018,TORY ST,COURTENAY PLACE,,Non-Injury Crash,No,2018,,North,,0,,Null,,,,,,Dark,2135600,0,0.0,0.0,2.0,,,0.0,,,,,,Wellington Region,Nil,2-way,Sealed,,0.0,0,,30.0,,On,0.0,0.0,,47,Wellington City,Unknown,,,,,0.0,0.0,Urban,0.0,,,Null,Null,0
67650785,,572701,0.0,0.0,0.0,2.0,0.0,South,2016/2017,RANUI TERRACE,MCLELLAN ST,,Non-Injury Crash,No,2017,0.0,South,0.0,0,0.0,Flat,0.0,,0.0,,0.0,Bright sun,1993600,0,0.0,0.0,2.0,0.0,0.0,0.0,0.0,1.0,,0.0,0.0,Wellington Region,Nil,2-way,Sealed,0.0,0.0,0,0.0,50.0,0.0,Null,0.0,0.0,,47,Wellington City,Unknown,0.0,0.0,0.0,0.0,0.0,0.0,Urban,0.0,0.0,0.0,Null,Null,0
67650856,,575300,0.0,,0.0,2.0,,East,2015/2016,GLASGOW ST,UPLAND ROAD,,Non-Injury Crash,No,2015,,East,,0,,Flat,,,,,,Dark,2154300,0,0.0,0.0,2.0,,,0.0,,,,,,Wellington Region,Nil,2-way,Sealed,,0.0,0,,50.0,,On,0.0,0.0,,47,Wellington City,Unknown,,,,,0.0,0.0,Urban,0.0,,,Fine,Null,0
67650885,,573000,0.0,,0.0,2.0,,North,2015/2016,SH 1N,EVERTON OBR,,Minor Crash,Yes,2016,,South,,0,,Hill Road,,,,,,Bright sun,2126403,2,0.0,0.0,1.0,,,0.0,,,,,,Wellington Region,Nil,1-way,Sealed,,0.0,0,,100.0,,Null,0.0,0.0,,47,Wellington City,Unknown,,,,,1.0,0.0,Open,1.0,,,Fine,Null,0
67650914,,576002,0.0,0.0,0.0,2.0,0.0,South,2014/2015,MELBOURNE ROAD,JACKSON ST,,Non-Injury Crash,No,2015,0.0,North,0.0,0,0.0,Hill Road,0.0,,0.0,,0.0,Dark,2192600,0,0.0,0.0,2.0,0.0,0.0,0.0,0.0,1.0,,0.0,0.0,Wellington Region,Nil,2-way,Sealed,0.0,0.0,0,0.0,50.0,0.0,None,0.0,0.0,,47,Wellington City,Unknown,0.0,0.0,0.0,0.0,0.0,0.0,Urban,0.0,0.0,0.0,Fine,Null,0
67650942,,572900,0.0,,0.0,0.0,,Null,2015/2016,AOTEA QUAY,AOTEA OFF SBD,,Non-Injury Crash,No,2015,,South,,0,,Flat,,,,,,Bright sun,2118400,0,0.0,0.0,4.0,,,0.0,,,,,,Wellington Region,Nil,2-way,Sealed,,0.0,0,,70.0,,Null,1.0,0.0,,47,Wellington City,Nil,,,,,0.0,0.0,Urban,1.0,,,Fine,Null,0
67650977,,573903,0.0,,0.0,1.0,,West,2017/2018,NEWLANDS ROAD,BRACKEN ROAD,,Minor Crash,No,2018,,East,,0,,Hill Road,,,,,,Overcast,2073900,1,0.0,0.0,2.0,,,0.0,,,1.0,,,Wellington Region,Nil,2-way,Sealed,,0.0,0,,50.0,,Null,0.0,0.0,,47,Wellington City,Nil,,,,,0.0,0.0,Urban,0.0,,,Fine,Null,0
67651011,,573522,0.0,,0.0,1.0,,South,2015/2016,SH 1N,TAWA ON SBD,,Minor Crash,Yes,2016,,South,,0,,Flat,,,,,,Bright sun,2086311,1,0.0,1.0,4.0,,,0.0,,,,,,Wellington Region,Nil,2-way,Sealed,,0.0,0,,100.0,,Null,0.0,0.0,,47,Wellington City,Unknown,,,,,0.0,0.0,Open,0.0,,,Fine,Null,0
67651076,,573000,1.0,,0.0,1.0,,Null,2014/2015,CUSTOMHOUSE QUAY,WARING TAYLOR ST,,Minor Crash,No,2015,,North,,0,,Flat,,,,,,Bright sun,2125400,1,0.0,0.0,6.0,,,0.0,,,,,,Wellington Region,Nil,2-way,Sealed,,0.0,0,,50.0,,Off,0.0,0.0,,47,Wellington City,Traffic Signals,,,,,0.0,0.0,Urban,0.0,,,Fine,Null,0
67651112,,576301,0.0,,0.0,0.0,,South,2015/2016,RIDDIFORD ST,CONSTABLE ST,,Minor Crash,No,2015,,South,,0,,Flat,,,,,,Bright sun,2165200,1,1.0,0.0,,,,0.0,,,,,,Wellington Region,Nil,2-way,Sealed,,0.0,0,,40.0,,Off,0.0,0.0,,47,Wellington City,Traffic Signals,,,,,0.0,0.0,Urban,1.0,,,Fine,Null,0