OBJECTID,advisorySpeed,areaUnitID,bicycle,bridge,bus,carStationWagon,cliffBank,crashDirectionDescription,crashFinancialYear,crashLocation1,crashLocation2,crashRoadSideRoad,crashSeverity,crashSHDescription,crashYear,debris,directionRoleDescription,ditch,fatalCount,fence,flatHill,guardRail,holiday,houseOrBuilding,intersection,kerb,light,meshblockId,minorInjuryCount,moped,motorcycle,NumberOfLanes,objectThrownOrDropped,otherObject,otherVehicleType,overBank,parkedVehicle,pedestrian,phoneBoxEtc,postOrPole,region,roadCharacter,roadLane,roadSurface,roadworks,schoolBus,seriousInjuryCount,slipOrFlood,speedLimit,strayAnimal,streetLight,suv,taxi,temporarySpeedLimit,tlaId,tlaName,trafficControl,trafficIsland,trafficSign,train,tree,truck,unknownVehicleType,urban,vanOrUtility,vehicle,waterRiver,weatherA,weatherB,if_pandemic
67651162,,573523,0.0,,0.0,1.0,,South,2015/2016,SH 1N,TAWA ON SBD,,Minor Crash,Yes,2015,,South,,0,,Hill Road,,,,,,Bright sun,2086312,1,0.0,1.0,4.0,,,0.0,,,,,,Wellington Region,Motorway ramp,2-way,Sealed,,0.0,0,,100.0,,Null,0.0,0.0,,47,Wellington City,Unknown,,,,,0.0,0.0,Open,0.0,,,Fine,Null,0
67651187,,577000,0.0,,0.0,1.0,,North,2015/2016,QUEENS DRIVE,SUTHERLAND ROAD,,Minor Crash,No,2016,,South,,0,,Flat,,,,,,Bright sun,2174400,1,0.0,0.0,2.0,,,0.0,,,,,,Wellington Region,Nil,2-way,Sealed,,0.0,0,,50.0,,Null,0.0,0.0,,47,Wellington City,Nil,,,,,0.0,0.0,Urban,1.0,,,Fine,Null,0
67651212,,573101,1.0,,0.0,1.0,,North,2015/2016,CAMBRIDGE TERRACE,BUCKLE ST,,Non-Injury Crash,No,2015,,North,,0,,Flat,,,,,,Overcast,2137000,0,0.0,0.0,3.0,,,0.0,,,,,,Wellington Region,Nil,1-way,Sealed,,0.0,0,,50.0,,Off,0.0,0.0,,47,Wellington City,Unknown,,,,,0.0,0.0,Urban,0.0,,,Light rain,Null,0
67651215,,574402,0.0,0.0,0.0,2.0,0.0,South,2015/2016,KENYA ST,CROFTON ROAD,,Non-Injury Crash,No,2015,0.0,South,0.0,0,0.0,Hill Road,0.0,,0.0,,0.0,Dark,2098200,0,0.0,0.0,2.0,0.0,0.0,0.0,0.0,1.0,,0.0,0.0,Wellington Region,Nil,2-way,Sealed,0.0,0.0,0,0.0,50.0,0.0,On,0.0,0.0,,47,Wellington City,Unknown,0.0,0.0,0.0,0.0,0.0,0.0,Urban,0.0,0.0,0.0,Fine,Null,0
67651253,,572500,0.0,0.0,0.0,2.0,0.0,North,2014/2015,MAIN ROAD,REDWOOD AVENUE S,,Non-Injury Crash,No,2015,0.0,North,0.0,0,0.0,Flat,0.0,,0.0,,0.0,Bright sun,1986300,0,0.0,0.0,2.0,0.0,0.0,0.0,0.0,1.0,,0.0,0.0,Wellington Region,Nil,2-way,Sealed,0.0,0.0,0,0.0,50.0,0.0,Off,0.0,0.0,,47,Wellington City,Nil,0.0,0.0,0.0,0.0,0.0,0.0,Urban,0.0,0.0,0.0,Fine,Null,0
67651267,,576901,0.0,,0.0,1.0,,South,2015/2016,BAY ROAD,KILBIRNIE CRESCENT,,Non-Injury Crash,No,2015,,South,,0,,Flat,,,,,,Bright sun,2178000,0,0.0,0.0,2.0,,,0.0,,,,,,Wellington Region,Nil,2-way,Sealed,,0.0,0,,50.0,,Null,1.0,0.0,,47,Wellington City,Nil,,,,,0.0,0.0,Urban,0.0,,,Fine,Null,0
67651292,,572900,0.0,,0.0,1.0,,North,2014/2015,BOWEN ST,LAMBTON QUAY,,Non-Injury Crash,No,2015,,North,,0,,Hill Road,,,,,,Bright sun,2122400,0,0.0,0.0,5.0,,,0.0,,,,,,Wellington Region,Nil,2-way,Sealed,,0.0,0,,50.0,,Null,0.0,1.0,,47,Wellington City,Traffic Signals,,,,,1.0,0.0,Urban,0.0,,,Fine,Null,0
67651329,,572600,0.0,0.0,0.0,3.0,0.0,North,2015/2016,VICTORY CRESCENT,WAKEFIELD TERRACE,,Minor Crash,No,2015,0.0,South,0.0,0,0.0,Hill Road,0.0,,0.0,,0.0,Bright sun,1991300,1,0.0,0.0,2.0,0.0,0.0,0.0,0.0,1.0,,0.0,0.0,Wellington Region,Nil,2-way,Sealed,0.0,0.0,0,0.0,50.0,0.0,Null,0.0,0.0,,47,Wellington City,Unknown,0.0,0.0,0.0,0.0,0.0,0.0,Urban,0.0,0.0,0.0,Fine,Null,0
67651335,,576301,1.0,,0.0,1.0,,Null,2023/2024,HALL STREET,HANSON STREET,,Minor Crash,No,2024,,East,,0,,Hill Road,,,,,,Bright sun,2164000,1,0.0,0.0,2.0,,,0.0,,,,,,Wellington Region,Nil,2-way,Sealed,,0.0,0,,50.0,,Off,0.0,0.0,,47,Wellington City,Stop,,,,,0.0,0.0,Urban,0.0,,,Fine,Null,0
67651417,,576400,0.0,,0.0,0.0,,Null,2015/2016,DONALD MCLEAN ST,RIDDIFORD ST,,Minor Crash,No,2016,,North,,0,,Flat,,,,,,Dark,2168600,1,0.0,0.0,2.0,,,0.0,,,1.0,,,Wellington Region,Nil,2-way,Sealed,,0.0,0,,50.0,,On,1.0,0.0,,47,Wellington City,Give way,,,,,0.0,0.0,Urban,0.0,,,Light rain,Null,0
67651432,,573101,0.0,0.0,0.0,1.0,0.0,West,2015/2016,COURTENAY PLACE,TORY ST,,Non-Injury Crash,No,2015,0.0,East,0.0,0,0.0,Flat,0.0,,0.0,,0.0,Dark,2135900,0,0.0,0.0,2.0,0.0,0.0,0.0,0.0,1.0,,0.0,0.0,Wellington Region,Nil,1-way,Sealed,0.0,0.0,0,0.0,50.0,0.0,On,1.0,0.0,,47,Wellington City,Unknown,0.0,0.0,0.0,0.0,0.0,0.0,Urban,0.0,0.0,0.0,Fine,Null,0
67651433,,575600,0.0,,0.0,2.0,,North,2014/2015,OHIRO ROAD,CLEVELAND ST,,Minor Crash,No,2015,,North,,0,,Flat,,,,,,Bright sun,2161900,1,0.0,0.0,2.0,,,0.0,,,1.0,,,Wellington Region,Nil,2-way,Sealed,,0.0,0,,50.0,,Off,0.0,0.0,,47,Wellington City,Nil,,,,,0.0,0.0,Urban,0.0,,,Fine,Null,0
67651461,,576500,0.0,,1.0,0.0,,Null,2014/2015,SH 1N,ADELAIDE ROAD,,Non-Injury Crash,Yes,2015,,North,,0,,Flat,,,,,,Overcast,2147900,0,0.0,0.0,3.0,,,0.0,,,,,,Wellington Region,Nil,1-way,Sealed,,0.0,0,,50.0,,Off,1.0,0.0,,47,Wellington City,Traffic Signals,,,,,0.0,0.0,Urban,0.0,,,Fine,Null,0
67651485,,577102,0.0,0.0,0.0,1.0,0.0,East,2023/2024,LYONS CRESCENT,BEACON HILL ROAD,,Non-Injury Crash,No,2023,0.0,North,0.0,0,0.0,Flat,0.0,,0.0,,0.0,Bright sun,2213400,0,0.0,0.0,2.0,0.0,0.0,0.0,1.0,0.0,,0.0,0.0,Wellington Region,Nil,2-way,Sealed,0.0,0.0,0,0.0,50.0,0.0,Off,0.0,0.0,,47,Wellington City,Nil,0.0,0.0,0.0,1.0,0.0,0.0,Urban,0.0,0.0,0.0,Fine,Null,0
67651534,,573600,0.0,,0.0,2.0,,South,2014/2015,SH 1N,JOHNSONVILLE ON NBD,,Non-Injury Crash,Yes,2015,,North,,0,,Flat,,,,,,Bright sun,2081200,0,0.0,0.0,2.0,,,0.0,,,,,,Wellington Region,Nil,1-way,Sealed,,0.0,0,,100.0,,Off,0.0,0.0,,47,Wellington City,Nil,,,,,0.0,0.0,Open,0.0,,,Fine,Null,0
67651630,,573526,0.0,0.0,0.0,1.0,0.0,North,2015/2016,HOROKIWI ROAD,SH 2,,Non-Injury Crash,No,2015,0.0,South,1.0,0,0.0,Hill Road,0.0,,0.0,,0.0,Dark,1922201,0,0.0,0.0,2.0,0.0,0.0,0.0,0.0,0.0,,0.0,0.0,Wellington Region,Nil,2-way,Sealed,0.0,0.0,0,0.0,50.0,0.0,None,0.0,0.0,,47,Wellington City,Unknown,0.0,0.0,0.0,0.0,0.0,0.0,Urban,0.0,0.0,0.0,Light rain,Null,0
67651737,,575902,0.0,0.0,0.0,1.0,0.0,North,2015/2016,MURCHISON ST,DOMANSKI CRESCENT,,Minor Crash,No,2015,0.0,South,0.0,0,0.0,Hill Road,0.0,,0.0,,0.0,Overcast,2187404,1,0.0,0.0,2.0,0.0,0.0,0.0,0.0,0.0,,0.0,0.0,Wellington Region,Nil,2-way,Sealed,0.0,0.0,0,0.0,50.0,0.0,Null,0.0,0.0,,47,Wellington City,Unknown,0.0,0.0,0.0,1.0,0.0,0.0,Urban,0.0,0.0,0.0,Light rain,Null,0
67651752,,577200,0.0,,0.0,1.0,,Null,2015/2016,COBHAM DRIVE,MIRAMAR AVENUE,,Non-Injury Crash,No,2015,,North,,0,,Flat,,,,,,Overcast,2206200,0,0.0,0.0,4.0,,,0.0,,,,,,Wellington Region,Nil,2-way,Sealed,,0.0,0,,70.0,,Null,0.0,0.0,,47,Wellington City,Give way,,,,,0.0,0.0,Urban,1.0,,,Light rain,Null,0
67651854,,576500,0.0,,0.0,2.0,,South,2015/2016,ADELAIDE ROAD,BROWN ST,,Non-Injury Crash,No,2015,,South,,0,,Flat,,,,,,Overcast,2148100,0,0.0,0.0,0.0,,,0.0,,,,,,Wellington Region,Nil,Off road,Sealed,,0.0,0,,50.0,,Null,0.0,0.0,,47,Wellington City,Unknown,,,,,0.0,0.0,Urban,0.0,,,Null,Null,0
67651888,,576600,0.0,,0.0,2.0,,West,2014/2015,ORIENTAL PARADE,GRASS ST,,Non-Injury Crash,No,2015,,West,,0,,Flat,,,,,,Dark,2137900,0,0.0,0.0,1.0,,,0.0,,,,,,Wellington Region,Nil,2-way,Sealed,,0.0,0,,50.0,,On,0.0,0.0,,47,Wellington City,Unknown,,,,,0.0,0.0,Urban,0.0,,,Fine,Null,0
67651895,,573101,0.0,,0.0,2.0,,North,2015/2016,VICTORIA ST,FELTEX LANE S,,Non-Injury Crash,No,2015,,North,,0,,Flat,,Christmas New Year,,,,Bright sun,2131400,0,0.0,0.0,3.0,,,0.0,,,,,,Wellington Region,Nil,2-way,Sealed,,0.0,0,,50.0,,Null,0.0,0.0,,47,Wellington City,Nil,,,,,0.0,0.0,Urban,0.0,,,Fine,Null,0
67651936,,573000,0.0,,0.0,2.0,,North,2014/2015,SH 1N,SOUTH PORTAL,,Non-Injury Crash,Yes,2015,,South,,0,,Flat,,,,,,Bright sun,2129200,0,0.0,0.0,2.0,,,0.0,,,,,,Wellington Region,Nil,2-way,Sealed,,0.0,0,,80.0,,Null,0.0,0.0,,47,Wellington City,Nil,,,,,0.0,0.0,Open,0.0,,,Fine,Null,0
67652000,,577102,0.0,0.0,0.0,2.0,0.0,North,2015/2016,RAHUI ST,TAIAROA ST,,Non-Injury Crash,No,2015,0.0,South,0.0,0,0.0,Flat,0.0,,0.0,,0.0,Dark,2214800,0,0.0,0.0,2.0,0.0,0.0,0.0,0.0,1.0,,0.0,0.0,Wellington Region,Nil,2-way,Sealed,0.0,0.0,0,0.0,50.0,0.0,On,0.0,0.0,,47,Wellington City,Unknown,0.0,0.0,0.0,0.0,0.0,0.0,Urban,0.0,0.0,0.0,Fine,Null,0
67652064,,572900,0.0,,0.0,1.0,,South,2015/2016,THORNDON QUAY,MOORE ST,,Non-Injury Crash,No,2015,,North,,0,,Flat,,,,,,Bright sun,2122700,0,0.0,0.0,,,,0.0,,,1.0,,,Wellington Region,Nil,2-way,Sealed,,0.0,0,,10.0,,Null,0.0,0.0,,47,Wellington City,Unknown,,,,,0.0,0.0,Urban,0.0,,,Fine,Null,0
67652087,,574702,0.0,,0.0,1.0,,South,2015/2016,GLOUCESTER ST,WARWICK ST,,Non-Injury Crash,No,2015,,South,,0,,Hill Road,,,,,,Overcast,2103200,0,0.0,0.0,2.0,,,0.0,,,,,,Wellington Region,Nil,2-way,Sealed,,0.0,0,,50.0,,Off,0.0,0.0,,47,Wellington City,Nil,,,,,0.0,0.0,Urban,1.0,,,Fine,Null,0
67652156,,576302,0.0,0.0,0.0,1.0,0.0,South,2021/2022,RUSSELL TERRACE,TE WHAREPOURI STREET,,Non-Injury Crash,No,2022,0.0,North,0.0,0,0.0,Hill Road,0.0,,0.0,,0.0,Unknown,2166800,0,0.0,0.0,2.0,0.0,0.0,0.0,0.0,1.0,,0.0,0.0,Wellington Region,Nil,2-way,Sealed,0.0,0.0,0,0.0,50.0,0.0,Null,0.0,0.0,,47,Wellington City,Unknown,0.0,0.0,0.0,0.0,0.0,0.0,Urban,0.0,0.0,0.0,Null,Null,0
67652157,,573101,0.0,,0.0,3.0,,Null,2014/2015,GHUZNEE ST,VICTORIA ST,,Non-Injury Crash,No,2015,,East,,0,,Flat,,Easter,,,,Bright sun,2131700,0,0.0,0.0,4.0,,,0.0,,,,,,Wellington Region,Nil,2-way,Sealed,,0.0,0,,50.0,,Off,0.0,0.0,,47,Wellington City,Traffic Signals,,,,,0.0,0.0,Urban,0.0,,,Fine,Null,0
67652174,,573903,0.0,0.0,0.0,1.0,0.0,West,2015/2016,NEWLANDS ROAD,WAKELY ROAD,,Non-Injury Crash,No,2015,0.0,West,0.0,0,0.0,Flat,0.0,,0.0,,0.0,Bright sun,2075103,0,0.0,0.0,2.0,0.0,0.0,0.0,0.0,1.0,,0.0,0.0,Wellington Region,Nil,2-way,Sealed,0.0,0.0,0,0.0,50.0,0.0,Null,1.0,0.0,,47,Wellington City,Nil,0.0,0.0,0.0,0.0,0.0,0.0,Urban,0.0,0.0,0.0,Fine,Null,0
67652179,,576100,1.0,,0.0,0.0,,North,2015/2016,HUNGERFORD ROAD,WAITAHA WAY,,Minor Crash,No,2015,,South,,0,,Hill Road,,,,,,Bright sun,2195603,1,0.0,0.0,2.0,,,0.0,,,,,,Wellington Region,Nil,2-way,Sealed,,0.0,0,,50.0,,Null,0.0,0.0,,47,Wellington City,Unknown,,,,,0.0,0.0,Urban,0.0,,,Fine,Null,0
67652191,,575901,0.0,0.0,0.0,2.0,0.0,South,2015/2016,MITCHELL ST,VIRGINIA GROVE,,Minor Crash,No,2015,0.0,South,0.0,0,0.0,Hill Road,0.0,,0.0,,0.0,Dark,2187304,1,0.0,0.0,2.0,0.0,0.0,0.0,0.0,1.0,,0.0,0.0,Wellington Region,Nil,2-way,Sealed,0.0,0.0,0,0.0,50.0,0.0,On,0.0,0.0,,47,Wellington City,Unknown,0.0,0.0,0.0,0.0,0.0,0.0,Urban,0.0,0.0,0.0,Fine,Null,0
67652200,,572500,0.0,,0.0,2.0,,Null,2015/2016,TAKAPU ROAD,WILLIAM EARP PLACE,,Non-Injury Crash,No,2015,,East,,0,,Flat,,,,,,Bright sun,2053702,0,0.0,0.0,4.0,,,0.0,,,,,,Wellington Region,Nil,2-way,Sealed,,0.0,0,,50.0,,Null,0.0,0.0,,47,Wellington City,Give way,,,,,0.0,0.0,Urban,0.0,,,Fine,Null,0
67652213,,576400,0.0,0.0,0.0,2.0,0.0,East,2015/2016,WILSON ST,RIDDIFORD ST,,Non-Injury Crash,No,2015,0.0,East,0.0,0,0.0,Flat,0.0,,0.0,,0.0,Overcast,2167300,0,0.0,0.0,1.0,0.0,0.0,0.0,0.0,1.0,,0.0,0.0,Wellington Region,Nil,1-way,Sealed,0.0,0.0,0,0.0,50.0,0.0,Null,0.0,1.0,,47,Wellington City,Nil,0.0,0.0,0.0,0.0,0.0,0.0,Urban,0.0,0.0,0.0,Fine,Null,0
67652233,,573700,0.0,0.0,0.0,2.0,0.0,West,2014/2015,BRODERICK ROAD,JOHNSONVILLE ROAD,,Non-Injury Crash,No,2015,0.0,East,0.0,0,0.0,Flat,0.0,,0.0,,0.0,Bright sun,2082900,0,0.0,0.0,2.0,0.0,0.0,0.0,0.0,0.0,,0.0,0.0,Wellington Region,Nil,2-way,Sealed,0.0,0.0,0,0.0,50.0,0.0,Off,0.0,0.0,,47,Wellington City,Nil,0.0,0.0,0.0,0.0,0.0,0.0,Urban,0.0,1.0,0.0,Fine,Null,0
67652301,,573000,0.0,0.0,0.0,1.0,0.0,South,2015/2016,CUSTOMHOUSE QUAY,BALLANCE ST,,Non-Injury Crash,No,2015,0.0,North,0.0,0,0.0,Flat,0.0,,0.0,,0.0,Bright sun,2125100,0,0.0,0.0,3.0,0.0,0.0,0.0,0.0,1.0,,0.0,0.0,Wellington Region,Nil,1-way,Sealed,0.0,0.0,0,0.0,50.0,0.0,Null,0.0,0.0,,47,Wellington City,Give way,0.0,0.0,0.0,0.0,0.0,0.0,Urban,1.0,0.0,0.0,Fine,Null,0
67652333,,573000,0.0,,0.0,1.0,,South,2014/2015,THE TERRACE,AURORA TERRACE,,Serious Crash,No,2015,,South,,0,,Flat,,,,,,Bright sun,2124600,0,0.0,0.0,2.0,,,0.0,,,1.0,,,Wellington Region,Nil,2-way,Sealed,,0.0,1,,50.0,,Null,0.0,1.0,,47,Wellington City,Unknown,,,,,0.0,0.0,Urban,0.0,,,Fine,Null,0
67652358,,573000,0.0,,0.0,1.0,,North,2015/2016,WHITMORE ST,WATERLOO QUAY,,Non-Injury Crash,No,2015,,South,,0,,Flat,,,,,,Bright sun,2125100,0,0.0,0.0,2.0,,,0.0,,,,,,Wellington Region,Nil,2-way,Sealed,,0.0,0,,50.0,,Null,0.0,0.0,,47,Wellington City,Traffic Signals,,,,,0.0,0.0,Urban,1.0,,,Fine,Null,0
67652423,,576400,0.0,,0.0,1.0,,South,2014/2015,RIDDIFORD ST,HALL ST,,Non-Injury Crash,No,2015,,North,,0,,Flat,,,,,,Overcast,2166900,0,0.0,0.0,4.0,,,0.0,,,,,,Wellington Region,Nil,2-way,Sealed,,0.0,0,,50.0,,Off,0.0,0.0,,47,Wellington City,Traffic Signals,,,,,1.0,0.0,Urban,0.0,,,Fine,Null,0
67652475,,573902,0.0,0.0,1.0,2.0,0.0,North,2022/2023,WOODRIDGE DRIVE,KENTWOOD DRIVE,,Non-Injury Crash,No,2023,0.0,North,0.0,0,0.0,Hill Road,0.0,,0.0,,0.0,Overcast,2086318,0,0.0,0.0,2.0,0.0,0.0,0.0,0.0,1.0,,0.0,0.0,Wellington Region,Nil,2-way,Sealed,0.0,0.0,0,0.0,50.0,0.0,Off,0.0,0.0,,47,Wellington City,Nil,0.0,0.0,0.0,0.0,0.0,0.0,Urban,0.0,0.0,0.0,Fine,Null,0
67652675,,573101,0.0,0.0,0.0,2.0,0.0,Null,2023/2024,CABLE STREET,TORY STREET,,Non-Injury Crash,No,2023,0.0,East,0.0,0,0.0,Flat,0.0,,0.0,,1.0,Bright sun,2135200,0,0.0,0.0,3.0,0.0,0.0,0.0,0.0,0.0,,0.0,0.0,Wellington Region,Nil,1-way,Sealed,0.0,0.0,0,0.0,50.0,0.0,Off,0.0,0.0,,47,Wellington City,Traffic Signals,0.0,0.0,0.0,0.0,0.0,0.0,Urban,0.0,0.0,0.0,Fine,Null,0
67652722,,573700,0.0,,0.0,2.0,,Null,2015/2016,MOOREFIELD ROAD,JOHNSONVILLE ROAD,,Minor Crash,No,2016,,South,,0,,Flat,,,,,,Bright sun,2082300,1,0.0,0.0,2.0,,,0.0,,,,,,Wellington Region,Nil,2-way,Sealed,,0.0,0,,50.0,,Null,0.0,0.0,,47,Wellington City,Give way,,,,,0.0,0.0,Urban,0.0,,,Fine,Null,0
67652736,,576903,0.0,,0.0,1.0,,South,2015/2016,WELLINGTON ROAD,CRAWFORD ROAD,,Non-Injury Crash,No,2015,,North,,0,,Hill Road,,,,,,Dark,2181600,0,0.0,0.0,2.0,,,0.0,,,,,,Wellington Region,Nil,2-way,Sealed,,0.0,0,,50.0,,On,0.0,1.0,,47,Wellington City,Nil,,,,,0.0,0.0,Urban,1.0,,,Fine,Null,0
67652793,,573000,0.0,,0.0,1.0,,Null,2015/2016,JERVOIS QUAY,WILLESTON ST,,Minor Crash,No,2015,,North,,0,,Flat,,,,,,Bright sun,2124300,1,0.0,1.0,3.0,,,0.0,,,,,,Wellington Region,Nil,1-way,Sealed,,0.0,0,,50.0,,Off,0.0,0.0,,47,Wellington City,Traffic Signals,,,,,0.0,0.0,Urban,0.0,,,Fine,Null,0
67652826,,572900,0.0,,0.0,0.0,,North,2015/2016,SH 1N,AOTEA OFF SBD,,Serious Crash,Yes,2015,,South,,0,,Flat,,,,,,Bright sun,2118400,0,0.0,1.0,5.0,,,0.0,,,,,,Wellington Region,Nil,2-way,Sealed,,0.0,1,,100.0,,Null,0.0,0.0,,47,Wellington City,Unknown,,,,,0.0,0.0,Open,0.0,,,Fine,Null,0
67652873,,573511,0.0,,0.0,2.0,,East,2016/2017,MIDDLETON ROAD,GLENSIDE ROAD,,Minor Crash,No,2016,,West,,0,,Flat,,Labour Weekend,,,,Bright sun,2086203,1,0.0,0.0,2.0,,,0.0,,,,,,Wellington Region,Nil,2-way,Sealed,,0.0,0,,50.0,,Null,0.0,0.0,,47,Wellington City,Unknown,,,,,0.0,0.0,Urban,0.0,,,Fine,Null,0
67652920,,573000,0.0,,0.0,2.0,,North,2015/2016,SH 1N,WILLIS ST,,Non-Injury Crash,Yes,2015,,West,,0,,Flat,,,,,,Overcast,2130200,0,0.0,0.0,2.0,,,0.0,,,,,,Wellington Region,Nil,1-way,Sealed,,0.0,0,,50.0,,Null,0.0,0.0,,47,Wellington City,Unknown,,,,,0.0,0.0,Urban,0.0,,,Null,Null,0
67652921,,577700,0.0,0.0,0.0,1.0,0.0,West,2015/2016,TAKARAU GORGE ROAD,RIFLE RANGE ROAD,,Non-Injury Crash,No,2015,0.0,East,0.0,0,1.0,Flat,0.0,,0.0,,0.0,Bright sun,2116900,0,0.0,0.0,2.0,0.0,0.0,0.0,0.0,0.0,,0.0,0.0,Wellington Region,Nil,2-way,Sealed,0.0,0.0,0,0.0,60.0,0.0,Null,0.0,0.0,,47,Wellington City,Unknown,0.0,0.0,0.0,0.0,0.0,0.0,Urban,0.0,0.0,0.0,Fine,Null,0
67652993,,573525,0.0,0.0,0.0,0.0,0.0,South,2015/2016,SH 1N,TAWA OFF SBD,,Non-Injury Crash,Yes,2015,0.0,North,0.0,0,0.0,Flat,1.0,,0.0,,0.0,Bright sun,2053830,0,0.0,0.0,2.0,0.0,0.0,0.0,0.0,0.0,,0.0,0.0,Wellington Region,Nil,1-way,Sealed,0.0,0.0,0,0.0,100.0,0.0,Null,0.0,0.0,,47,Wellington City,Unknown,0.0,0.0,0.0,0.0,0.0,0.0,Open,1.0,0.0,0.0,Fine,Null,0
67653073,,573000,0.0,,0.0,2.0,,Null,2015/2016,JERVOIS QUAY,WILLESTON ST,,Non-Injury Crash,No,2016,,North,,0,,Flat,,,,,,Bright sun,2124300,0,0.0,0.0,5.0,,,0.0,,,,,,Wellington Region,Nil,2-way,Sealed,,0.0,0,,50.0,,Null,0.0,0.0,,47,Wellington City,Traffic Signals,,,,,0.0,0.0,Urban,0.0,,,Null,Null,0
67653141,,573526,0.0,,0.0,2.0,,South,2015/2016,SH 2,HOROKIWI ROAD,,Non-Injury Crash,Yes,2015,,North,,0,,Flat,,,,,,Overcast,2086403,0,0.0,0.0,4.0,,,0.0,,,,,,Wellington Region,Nil,2-way,Sealed,,0.0,0,,100.0,,Null,0.0,0.0,,47,Wellington City,Nil,,,,,0.0,0.0,Open,0.0,,,Heavy rain,Null,0
67653157,,576800,0.0,,0.0,1.0,,Null,2015/2016,SH 1N,TAURIMA ST,,Non-Injury Crash,Yes,2015,,West,,0,,Flat,,,,,,Overcast,2181900,0,0.0,0.0,3.0,,,0.0,,,,,,Wellington Region,Nil,2-way,Sealed,,0.0,0,,50.0,,Off,0.0,0.0,,47,Wellington City,Nil,,,,,0.0,0.0,Urban,1.0,,,Fine,Null,0
67653190,,576301,0.0,,0.0,1.0,,Null,2023/2024,RINTOUL STREET,COLOMBO STREET,,Serious Crash,No,2024,,South,,0,,Flat,,,,,,Overcast,2164700,0,0.0,0.0,2.0,,,0.0,,,1.0,,,Wellington Region,Nil,2-way,Sealed,,0.0,1,,50.0,,Off,0.0,0.0,,47,Wellington City,Nil,,,,,0.0,0.0,Urban,0.0,,,Fine,Null,0
67653201,,572701,0.0,,0.0,2.0,,Null,2014/2015,COLLINS AVENUE,COATES ST,,Minor Crash,No,2015,,East,,0,,Hill Road,,,,,,Bright sun,1993200,1,0.0,0.0,2.0,,,0.0,,,,,,Wellington Region,Nil,2-way,Sealed,,0.0,0,,50.0,,Null,0.0,0.0,,47,Wellington City,Stop,,,,,0.0,0.0,Urban,0.0,,,Fine,Null,0
67653235,,576901,0.0,0.0,0.0,2.0,0.0,South,2014/2015,SALEK ST,RONGOTAI ROAD,,Non-Injury Crash,No,2015,0.0,South,0.0,0,0.0,Flat,0.0,,0.0,,0.0,Bright sun,2175800,0,0.0,0.0,2.0,0.0,0.0,0.0,0.0,1.0,,0.0,0.0,Wellington Region,Nil,2-way,Sealed,0.0,0.0,0,0.0,50.0,0.0,Off,0.0,0.0,,47,Wellington City,Nil,0.0,0.0,0.0,0.0,0.0,0.0,Urban,0.0,0.0,0.0,Fine,Null,0
67653240,,573000,0.0,0.0,0.0,2.0,0.0,North,2014/2015,WILLIS ST,DIXON ST,,Non-Injury Crash,No,2015,0.0,North,0.0,0,0.0,Flat,0.0,,0.0,,0.0,Bright sun,2129100,0,0.0,0.0,2.0,0.0,0.0,0.0,0.0,0.0,,0.0,0.0,Wellington Region,Nil,2-way,Sealed,0.0,0.0,0,0.0,50.0,0.0,Null,0.0,1.0,,47,Wellington City,Traffic Signals,0.0,0.0,0.0,0.0,0.0,0.0,Urban,0.0,1.0,0.0,Fine,Null,0
67653297,,572900,0.0,,0.0,3.0,,South,2014/2015,SH 1N,TINAKORI ON NBD,,Non-Injury Crash,Yes,2015,,North,,0,,Flat,,,,,,Overcast,2119500,0,0.0,0.0,3.0,,,0.0,,,,,,Wellington Region,Nil,1-way,Sealed,,0.0,0,,100.0,,Off,0.0,0.0,,47,Wellington City,Nil,,,,,0.0,0.0,Open,1.0,,,Light rain,Null,0
67653336,,577102,0.0,0.0,0.0,1.0,0.0,South,2015/2016,MONORGAN ROAD,BROADWAY,,Non-Injury Crash,No,2015,0.0,North,0.0,0,0.0,Flat,0.0,,0.0,,0.0,Dark,2215500,0,0.0,0.0,2.0,0.0,0.0,0.0,0.0,0.0,,0.0,0.0,Wellington Region,Nil,2-way,Sealed,0.0,0.0,0,0.0,50.0,0.0,On,0.0,0.0,,47,Wellington City,Unknown,0.0,0.0,0.0,1.0,0.0,0.0,Urban,0.0,0.0,0.0,Fine,Null,0
67653367,,574302,0.0,,0.0,0.0,,North,2015/2016,SH 1N,AOTEA ON NBD,,Minor Crash,Yes,2016,,East,,0,,Flat,,,,,,Bright sun,2090601,1,0.0,1.0,4.0,,,0.0,,,,,,Wellington Region,Nil,2-way,Sealed,,0.0,0,,100.0,,Null,0.0,0.0,70.0,47,Wellington City,Unknown,,,,,0.0,0.0,Open,0.0,,,Fine,Null,0
67653407,,574303,0.0,,0.0,2.0,,South,2015/2016,HUTT ROAD,JARDEN MILE,,Non-Injury Crash,No,2015,,North,,0,,Flat,,,,,,Dark,2090402,0,0.0,0.0,2.0,,,0.0,,,,,,Wellington Region,Nil,1-way,Sealed,,0.0,0,,80.0,,On,0.0,0.0,,47,Wellington City,Unknown,,,,,0.0,0.0,Open,0.0,,,Fine,Null,0
67653480,,574800,0.0,,0.0,1.0,,North,2014/2015,RAINE ST,KARORI ROAD,,Non-Injury Crash,No,2015,,South,,0,,Flat,,,,,,Overcast,2107600,0,0.0,0.0,2.0,,,0.0,,,,,,Wellington Region,Nil,2-way,Sealed,,0.0,0,,50.0,,Off,0.0,0.0,,47,Wellington City,Unknown,,,,,0.0,0.0,Urban,1.0,,,Fine,Frost,0