OBJECTID,advisorySpeed,areaUnitID,bicycle,bridge,bus,carStationWagon,cliffBank,crashDirectionDescription,crashFinancialYear,crashLocation1,crashLocation2,crashRoadSideRoad,crashSeverity,crashSHDescription,crashYear,debris,directionRoleDescription,ditch,fatalCount,fence,flatHill,guardRail,holiday,houseOrBuilding,intersection,kerb,light,meshblockId,minorInjuryCount,moped,motorcycle,NumberOfLanes,objectThrownOrDropped,otherObject,otherVehicleType,overBank,parkedVehicle,pedestrian,phoneBoxEtc,postOrPole,region,roadCharacter,roadLane,roadSurface,roadworks,schoolBus,seriousInjuryCount,slipOrFlood,speedLimit,strayAnimal,streetLight,suv,taxi,temporarySpeedLimit,tlaId,tlaName,trafficControl,trafficIsland,trafficSign,train,tree,truck,unknownVehicleType,urban,vanOrUtility,vehicle,waterRiver,weatherA,weatherB,if_pandemic
67653519,,577302,0.0,,0.0,2.0,,Null,2014/2015,PARK ROAD,BRUSSELS ST,,Minor Crash,No,2015,,North,,0,,Flat,,,,,,Overcast,2206102,1,0.0,0.0,2.0,,,0.0,,,,,,Wellington Region,Nil,2-way,Sealed,,0.0,0,,50.0,,Off,0.0,0.0,,47,Wellington City,Give way,,,,,0.0,0.0,Urban,0.0,,,Fine,Null,0
67653542,,573400,0.0,,0.0,2.0,,South,2023/2024,PATERSON STREET,DUFFERIN STREET,,Non-Injury Crash,Yes,2023,,West,,0,,Flat,,,,,,Overcast,2143300,0,0.0,0.0,4.0,,,0.0,,,,,,Wellington Region,Nil,2-way,Sealed,,0.0,0,,50.0,,Off,0.0,0.0,,47,Wellington City,Nil,,,,,0.0,0.0,Urban,0.0,,,Fine,Null,0
67653585,,572900,0.0,,0.0,2.0,,Null,2016/2017,SH 1N,AOTEA OBR,,Minor Crash,Yes,2016,,North,,0,,Flat,,,,,,Overcast,2118400,1,0.0,0.0,3.0,,,0.0,,,,,,Wellington Region,Nil,1-way,Sealed,,0.0,0,,60.0,,Null,0.0,0.0,,47,Wellington City,Unknown,,,,,0.0,0.0,Urban,0.0,,,Light rain,Null,0
67653632,,573101,0.0,,0.0,2.0,,West,2015/2016,DIXON ST,EGMONT ST,,Non-Injury Crash,No,2015,,East,,0,,Flat,,,,,,Bright sun,2133300,0,0.0,0.0,2.0,,,0.0,,,,,,Wellington Region,Nil,2-way,Sealed,,0.0,0,,50.0,,Null,0.0,0.0,,47,Wellington City,Nil,,,,,0.0,0.0,Urban,0.0,,,Fine,Null,0
67653662,,574100,0.0,,0.0,2.0,,Null,2015/2016,HAUMIA ST,BURMA ROAD,,Non-Injury Crash,No,2016,,West,,0,,Flat,,,,,,Bright sun,2083900,0,0.0,0.0,2.0,,,0.0,,,,,,Wellington Region,Nil,2-way,Sealed,,0.0,0,,50.0,,Null,0.0,0.0,,47,Wellington City,Give way,,,,,0.0,0.0,Urban,0.0,,,Fine,Null,0
67653717,,573101,1.0,0.0,0.0,1.0,0.0,Null,2015/2016,WAKEFIELD ST,ALLEN ST,,Minor Crash,No,2016,0.0,West,0.0,0,0.0,Flat,0.0,,0.0,,0.0,Bright sun,2135400,1,0.0,0.0,3.0,0.0,0.0,0.0,0.0,1.0,,0.0,0.0,Wellington Region,Nil,1-way,Sealed,0.0,0.0,0,0.0,50.0,0.0,Null,0.0,0.0,,47,Wellington City,Nil,0.0,0.0,0.0,0.0,0.0,0.0,Urban,0.0,0.0,0.0,Fine,Null,0
67653784,,573101,0.0,,0.0,2.0,,Null,2015/2016,VICTORIA ST,WEBB ST,,Non-Injury Crash,No,2015,,South,,0,,Flat,,,,,,Bright sun,2132900,0,0.0,0.0,3.0,,,0.0,,,,,,Wellington Region,Nil,1-way,Sealed,,0.0,0,,50.0,,Null,0.0,0.0,,47,Wellington City,Give way,,,,,0.0,0.0,Urban,0.0,,,Fine,Null,0
67653816,,574800,0.0,,0.0,2.0,,Null,2014/2015,KARORI ROAD,DONALD ST,,Non-Injury Crash,No,2015,,West,,0,,Hill Road,,,,,,Bright sun,2107900,0,0.0,0.0,2.0,,,0.0,,,,,,Wellington Region,Nil,2-way,Sealed,,0.0,0,,50.0,,Null,0.0,0.0,,47,Wellington City,Traffic Signals,,,,,0.0,0.0,Urban,0.0,,,Fine,Null,0
67653819,,573511,0.0,0.0,0.0,1.0,0.0,North,2023/2024,MIDDLETON ROAD,ROWELLS ROAD,,Minor Crash,No,2024,0.0,North,0.0,0,0.0,Flat,1.0,,0.0,,0.0,Dark,2086502,1,0.0,0.0,2.0,0.0,0.0,0.0,0.0,0.0,,0.0,0.0,Wellington Region,Nil,2-way,Sealed,0.0,0.0,0,0.0,70.0,0.0,Off,0.0,0.0,,47,Wellington City,Nil,0.0,0.0,0.0,2.0,0.0,0.0,Urban,0.0,0.0,0.0,Fine,Null,0
67653920,,574402,0.0,0.0,0.0,2.0,0.0,North,2016/2017,COCKAYNE ROAD,AMBALA WAY,,Minor Crash,No,2016,0.0,South,0.0,0,0.0,Hill Road,0.0,,0.0,,0.0,Overcast,2097200,1,0.0,0.0,2.0,0.0,0.0,0.0,0.0,1.0,,0.0,0.0,Wellington Region,Nil,2-way,Sealed,0.0,0.0,0,0.0,50.0,0.0,Null,0.0,0.0,,47,Wellington City,Unknown,0.0,0.0,0.0,0.0,0.0,0.0,Urban,0.0,0.0,0.0,Fine,Null,0
67653922,,573101,0.0,0.0,0.0,2.0,0.0,East,2015/2016,GHUZNEE ST,CUBA ST,,Non-Injury Crash,No,2016,0.0,West,0.0,0,0.0,Flat,0.0,,0.0,,0.0,Bright sun,2133600,0,0.0,0.0,2.0,0.0,0.0,0.0,0.0,1.0,,0.0,0.0,Wellington Region,Nil,2-way,Sealed,0.0,0.0,0,0.0,50.0,0.0,Null,0.0,0.0,,47,Wellington City,Traffic Signals,0.0,0.0,0.0,0.0,0.0,0.0,Urban,0.0,0.0,0.0,Fine,Null,0
67654015,,573000,0.0,,1.0,1.0,,Null,2015/2016,JERVOIS QUAY,HUNTER ST,,Non-Injury Crash,No,2015,,North,,0,,Flat,,,,,,Bright sun,2125900,0,0.0,0.0,2.0,,,0.0,,,,,,Wellington Region,Nil,2-way,Sealed,,0.0,0,,50.0,,Null,0.0,0.0,,47,Wellington City,Traffic Signals,,,,,0.0,0.0,Urban,0.0,,,Fine,Null,0
67654027,,576901,0.0,,0.0,2.0,,Null,2022/2023,COUTTS STREET,QUEENS DRIVE,,Non-Injury Crash,No,2023,,East,,0,,Hill Road,,,,,,Unknown,2178500,0,0.0,0.0,2.0,,,0.0,,,,,,Wellington Region,Nil,2-way,Null,,0.0,0,,50.0,,Null,0.0,0.0,,47,Wellington City,Give way,,,,,0.0,0.0,Urban,0.0,,,Null,Null,0
67654035,,572900,0.0,,0.0,2.0,,Null,2022/2023,WELLINGTON URBAN MOTORWAY,MURPHY STREET OFF RAMP,,Non-Injury Crash,Yes,2022,,South,,0,,Flat,,,,,,Unknown,2118500,0,0.0,0.0,3.0,,,0.0,,,,,,Wellington Region,Nil,1-way,Sealed,,0.0,0,,100.0,,Null,0.0,1.0,,47,Wellington City,Nil,,,,,0.0,0.0,Open,0.0,,,Null,Null,0
67654044,,573101,0.0,,0.0,0.0,,Null,2014/2015,TARANAKI ST,ABEL SMITH ST,,Non-Injury Crash,No,2015,,East,,0,,Flat,,,,,,Bright sun,2134800,0,0.0,0.0,1.0,,,0.0,,,1.0,,,Wellington Region,Nil,1-way,Sealed,,0.0,0,,50.0,,Off,0.0,0.0,,47,Wellington City,Stop,,,,,0.0,0.0,Urban,1.0,,,Fine,Null,0
67654045,,572900,0.0,,1.0,0.0,,South,2014/2015,MULGRAVE ST,PIPITEA ST,,Non-Injury Crash,No,2015,,South,,0,,Flat,,,,,,Overcast,2121200,0,0.0,0.0,2.0,,,0.0,,,,,,Wellington Region,Nil,2-way,Sealed,,0.0,0,,50.0,,Null,0.0,0.0,,47,Wellington City,Unknown,,,,,0.0,0.0,Urban,1.0,,,Light rain,Null,0
67654056,,573000,1.0,,0.0,0.0,,Null,2015/2016,WATERLOO QUAY,WHITMORE ST,,Serious Crash,No,2016,,North,,0,,Flat,,,,,,Bright sun,2124300,0,0.0,0.0,4.0,,,0.0,,,,,,Wellington Region,Nil,2-way,Sealed,,0.0,1,,50.0,,Null,0.0,0.0,,47,Wellington City,Traffic Signals,,,,,0.0,0.0,Urban,0.0,,,Fine,Null,0
67654101,,573200,0.0,,0.0,2.0,,West,2014/2015,ARO ST,WILLIS ST,,Non-Injury Crash,No,2015,,West,,0,,Flat,,,,,,Bright sun,2159201,0,0.0,0.0,2.0,,,0.0,,,,,,Wellington Region,Nil,2-way,Sealed,,0.0,0,,50.0,,None,0.0,0.0,,47,Wellington City,Nil,,,,,0.0,0.0,Urban,0.0,,,Fine,Null,0
67654130,,574001,1.0,,1.0,0.0,,Null,2015/2016,SOMES CRESCENT,BAYLANDS DRIVE,,Serious Crash,No,2016,,South,,0,,Flat,,,,,,Overcast,2075800,0,0.0,0.0,2.0,,,0.0,,,,,,Wellington Region,Nil,2-way,Sealed,,0.0,1,,50.0,,Off,0.0,0.0,,47,Wellington City,Give way,,,,,0.0,0.0,Urban,0.0,,,Fine,Null,0
67654205,,576400,0.0,0.0,0.0,0.0,0.0,South,2015/2016,OWEN ST,SOMERSET AVENUE,,Non-Injury Crash,No,2015,0.0,West,0.0,0,0.0,Flat,0.0,,1.0,,0.0,Dark,2167500,0,0.0,0.0,2.0,0.0,1.0,0.0,0.0,0.0,,0.0,0.0,Wellington Region,Nil,2-way,Sealed,0.0,0.0,0,0.0,50.0,0.0,On,0.0,0.0,,47,Wellington City,Nil,0.0,0.0,0.0,0.0,0.0,0.0,Urban,1.0,0.0,0.0,Fine,Null,0
67654224,,577601,0.0,0.0,0.0,1.0,0.0,North,2014/2015,SHELLY BAY ROAD,MIRAMAR AVENUE,,Non-Injury Crash,No,2015,0.0,South,0.0,0,0.0,Flat,0.0,,0.0,,0.0,Bright sun,2201200,0,0.0,0.0,2.0,0.0,0.0,0.0,0.0,0.0,,0.0,0.0,Wellington Region,Nil,2-way,Sealed,0.0,0.0,0,0.0,40.0,0.0,Null,0.0,0.0,,47,Wellington City,Nil,0.0,1.0,0.0,0.0,0.0,0.0,Urban,0.0,0.0,0.0,Fine,Null,0
67654306,,574500,0.0,0.0,0.0,2.0,0.0,Null,2014/2015,AOTEA ON NBD,SH 1N,,Non-Injury Crash,Yes,2015,0.0,North,0.0,0,0.0,Flat,1.0,,0.0,,0.0,Overcast,2093600,0,0.0,0.0,3.0,0.0,0.0,0.0,0.0,0.0,,0.0,0.0,Wellington Region,Motorway ramp,1-way,Sealed,0.0,0.0,0,0.0,100.0,0.0,Null,0.0,0.0,,47,Wellington City,Nil,0.0,0.0,0.0,0.0,0.0,0.0,Open,0.0,0.0,0.0,Light rain,Null,0
67654366,,573101,0.0,,0.0,2.0,,Null,2015/2016,SH 1N BUCKLE ST,TARANAKI ST,,Non-Injury Crash,Yes,2015,,West,,0,,Flat,,,,,,Bright sun,2134800,0,0.0,0.0,2.0,,,0.0,,,,,,Wellington Region,Nil,2-way,Sealed,,0.0,0,,50.0,,Null,0.0,0.0,,47,Wellington City,Traffic Signals,,,,,0.0,0.0,Urban,0.0,,,Null,Null,0
67654437,,575800,0.0,,0.0,0.0,,West,2015/2016,BALFOUR ST,FARNHAM ST,,Serious Crash,No,2015,,South,,0,,Hill Road,,,,,,Overcast,2197700,0,0.0,1.0,2.0,,,0.0,,,,,,Wellington Region,Nil,2-way,Sealed,,0.0,1,,50.0,,Off,0.0,0.0,,47,Wellington City,Nil,,,,,0.0,0.0,Urban,0.0,,,Light rain,Null,0
67654463,,573101,0.0,,0.0,1.0,,Null,2015/2016,WAKEFIELD ST,TARANAKI ST,,Non-Injury Crash,No,2015,,East,,0,,Flat,,,,,,Overcast,2133200,0,0.0,0.0,5.0,,,0.0,,,,,,Wellington Region,Nil,1-way,Sealed,,0.0,0,,50.0,,Null,0.0,0.0,,47,Wellington City,Traffic Signals,,,,,1.0,0.0,Urban,0.0,,,Light rain,Null,0
67654476,,572900,0.0,,0.0,2.0,,Null,2014/2015,BOWEN ST,LAMBTON QUAY,,Non-Injury Crash,No,2015,,West,,0,,Flat,,,,,,Unknown,2122400,0,0.0,0.0,2.0,,,0.0,,,,,,Wellington Region,Nil,2-way,Sealed,,0.0,0,,50.0,,Off,0.0,0.0,,47,Wellington City,Traffic Signals,,,,,0.0,0.0,Urban,0.0,,,Null,Null,0
67654485,,574500,0.0,,0.0,1.0,,North,2015/2016,SH 1N,AOTEA ON NBD,,Non-Injury Crash,Yes,2015,,North,,0,,Flat,,,,,,Dark,2093600,0,0.0,0.0,3.0,,,0.0,,,,,,Wellington Region,Nil,1-way,Sealed,,0.0,0,,100.0,,On,0.0,0.0,,47,Wellington City,Unknown,,,,,0.0,0.0,Open,0.0,,,Light rain,Null,0
67654493,,573300,0.0,0.0,0.0,2.0,0.0,South,2014/2015,WALLACE ST,BIDWILL ST,,Non-Injury Crash,No,2015,0.0,North,0.0,0,0.0,Flat,0.0,,0.0,,0.0,Bright sun,2146800,0,0.0,0.0,2.0,0.0,0.0,0.0,0.0,1.0,,0.0,0.0,Wellington Region,Nil,2-way,Sealed,0.0,0.0,0,0.0,50.0,0.0,None,0.0,0.0,,47,Wellington City,Nil,0.0,0.0,0.0,0.0,0.0,0.0,Urban,0.0,0.0,0.0,Fine,Null,0
67654587,,573526,0.0,,0.0,2.0,,North,2022/2023,HUTT ROAD,RAILYARD ENTRY,,Minor Crash,Yes,2023,,South,,0,,Flat,,Queens Birthday,,,,Bright sun,2077503,1,0.0,0.0,4.0,,,0.0,,,,,,Wellington Region,Nil,2-way,Sealed,,0.0,0,,100.0,,Off,0.0,0.0,,47,Wellington City,Nil,,,,,0.0,0.0,Open,0.0,,,Fine,Frost,0
67654591,,573522,0.0,,0.0,2.0,,North,2015/2016,TAWA ON SBD,SH 1N,,Non-Injury Crash,Yes,2015,,South,,0,,Flat,,,,,,Overcast,2053703,0,0.0,0.0,,,,0.0,,,,,,Wellington Region,Motorway ramp,1-way,Sealed,,0.0,0,,100.0,,Null,0.0,0.0,,47,Wellington City,Unknown,,,,,0.0,0.0,Open,0.0,,,Light rain,Null,0
67654594,,573523,0.0,,0.0,2.0,,North,2014/2015,SH 1N,CHURTON PARK ON SBD,,Non-Injury Crash,Yes,2015,,South,,0,,Flat,,,,,,Overcast,2086312,0,0.0,0.0,2.0,,,0.0,,,,,,Wellington Region,Nil,1-way,Sealed,,0.0,0,,100.0,,Null,0.0,0.0,,47,Wellington City,Nil,,,,,0.0,0.0,Open,0.0,,,Fine,Null,0
67654658,,576500,1.0,,0.0,1.0,,Null,2015/2016,ADELAIDE ROAD,RIDDIFORD ST,,Non-Injury Crash,No,2015,,North,,0,,Flat,,,,,,Bright sun,2148700,0,0.0,0.0,3.0,,,0.0,,,,,,Wellington Region,Nil,2-way,Sealed,,0.0,0,,50.0,,Null,0.0,0.0,,47,Wellington City,Traffic Signals,,,,,0.0,0.0,Urban,0.0,,,Fine,Null,0
67654664,,576400,0.0,0.0,0.0,3.0,0.0,East,2014/2015,CONSTABLE ST,RIDDIFORD ST,,Non-Injury Crash,No,2015,0.0,East,0.0,0,0.0,Flat,0.0,,0.0,,0.0,Dark,2168400,0,0.0,0.0,2.0,0.0,0.0,0.0,0.0,1.0,,0.0,0.0,Wellington Region,Nil,2-way,Sealed,0.0,0.0,0,0.0,50.0,0.0,On,0.0,0.0,,47,Wellington City,Nil,0.0,0.0,0.0,0.0,0.0,0.0,Urban,0.0,0.0,0.0,Fine,Null,0
67654698,,573101,0.0,,0.0,2.0,,Null,2015/2016,KENT TERRACE,MAJORIBANKS ST,,Non-Injury Crash,No,2016,,South,,0,,Flat,,,,,,Overcast,2135700,0,0.0,0.0,4.0,,,0.0,,,,,,Wellington Region,Nil,1-way,Sealed,,0.0,0,,50.0,,Null,0.0,0.0,,47,Wellington City,Traffic Signals,,,,,0.0,0.0,Urban,0.0,,,Mist or Fog,Null,0
67654740,,574100,0.0,0.0,0.0,1.0,0.0,East,2015/2016,DOMINION PARK ST,TARAWERA ROAD,,Non-Injury Crash,No,2015,0.0,West,0.0,0,0.0,Hill Road,0.0,,0.0,,0.0,Dark,2084600,0,0.0,0.0,1.0,0.0,0.0,0.0,0.0,0.0,,0.0,0.0,Wellington Region,Nil,2-way,Sealed,0.0,0.0,0,0.0,50.0,0.0,On,0.0,0.0,,47,Wellington City,Nil,0.0,0.0,0.0,1.0,0.0,0.0,Urban,0.0,0.0,0.0,Fine,Null,0
67654828,,572900,0.0,0.0,0.0,1.0,0.0,West,2015/2016,KATE SHEPPARD PLACE,MULGRAVE ST,,Non-Injury Crash,No,2015,0.0,East,0.0,0,0.0,Flat,0.0,,0.0,,0.0,Bright sun,2122600,0,0.0,1.0,1.0,0.0,0.0,0.0,0.0,1.0,,0.0,0.0,Wellington Region,Nil,2-way,Sealed,0.0,0.0,0,0.0,50.0,0.0,Null,0.0,1.0,,47,Wellington City,Unknown,0.0,0.0,0.0,0.0,1.0,0.0,Urban,0.0,0.0,0.0,Fine,Null,0
67654887,,574402,1.0,,0.0,1.0,,Null,2015/2016,KHANDALLAH ROAD,TARIKAKA ST,,Serious Crash,No,2016,,West,,0,,Flat,,,,,,Overcast,2095500,0,0.0,0.0,2.0,,,0.0,,,,,,Wellington Region,Nil,2-way,Sealed,,0.0,1,,50.0,,Off,0.0,0.0,,47,Wellington City,Give way,,,,,0.0,0.0,Urban,0.0,,,Light rain,Null,0
67654963,,572600,0.0,,0.0,2.0,,Null,2022/2023,MAIN ROAD,LYNDHURST ROAD,,Non-Injury Crash,No,2023,,South,,0,,Flat,,,,,,Dark,1990600,0,0.0,0.0,3.0,,,0.0,,,,,,Wellington Region,Nil,2-way,Sealed,,0.0,0,,50.0,,On,0.0,0.0,,47,Wellington City,Give way,,,,,0.0,0.0,Urban,0.0,,,Fine,Null,0
67655057,,576901,0.0,,0.0,2.0,,South,2015/2016,MAHORA ST,RONGOTAI ROAD,,Non-Injury Crash,No,2015,,North,,0,,Flat,,,,,,Bright sun,2177100,0,0.0,0.0,2.0,,,0.0,,,,,,Wellington Region,Nil,2-way,Sealed,,0.0,0,,50.0,,Null,0.0,0.0,,47,Wellington City,Nil,,,,,0.0,0.0,Urban,0.0,,,Fine,Null,0
67655060,,573600,0.0,0.0,1.0,1.0,0.0,North,2015/2016,SH 1N,JOHNSONVILLE ON NBD,,Non-Injury Crash,Yes,2015,0.0,North,0.0,0,0.0,Flat,0.0,,0.0,,0.0,Bright sun,2081200,0,0.0,0.0,6.0,0.0,0.0,0.0,0.0,1.0,,0.0,0.0,Wellington Region,Nil,2-way,Sealed,0.0,0.0,0,0.0,70.0,0.0,Null,0.0,0.0,,47,Wellington City,Unknown,0.0,0.0,0.0,0.0,0.0,0.0,Urban,0.0,0.0,0.0,Fine,Null,0
67655066,,574303,0.0,,0.0,0.0,,North,2023/2024,CENTENNIAL HIGHWAY,NEWLANDS OFF RAMP,,Minor Crash,Yes,2023,,North,,0,,Hill Road,,,,,,Dark,2084302,1,0.0,0.0,3.0,,,0.0,,,,,,Wellington Region,Nil,1-way,Sealed,,0.0,0,,100.0,,On,1.0,0.0,,47,Wellington City,Nil,,,,,1.0,0.0,Open,0.0,,,Fine,Null,0
67655101,,576901,0.0,0.0,0.0,0.0,0.0,West,2015/2016,RONGOTAI ROAD,BAY ROAD,,Non-Injury Crash,No,2015,0.0,East,0.0,0,0.0,Flat,0.0,,0.0,,0.0,Bright sun,2178400,0,0.0,0.0,3.0,0.0,0.0,0.0,0.0,1.0,,0.0,0.0,Wellington Region,Nil,2-way,Sealed,0.0,0.0,0,0.0,50.0,0.0,Null,1.0,0.0,,47,Wellington City,Unknown,0.0,0.0,0.0,0.0,0.0,0.0,Urban,1.0,0.0,0.0,Null,Null,0
67655142,,576200,0.0,0.0,0.0,2.0,0.0,South,2015/2016,ADELAIDE ROAD,POST OFFICE AVENUE,,Non-Injury Crash,No,2015,0.0,North,0.0,0,0.0,Flat,0.0,,0.0,,0.0,Bright sun,2171800,0,0.0,0.0,2.0,0.0,0.0,0.0,0.0,1.0,,0.0,0.0,Wellington Region,Nil,2-way,Sealed,0.0,0.0,0,0.0,50.0,0.0,Null,0.0,0.0,,47,Wellington City,Traffic Signals,0.0,0.0,0.0,0.0,0.0,0.0,Urban,0.0,0.0,0.0,Fine,Null,0
67655201,,576400,1.0,,0.0,1.0,,Null,2015/2016,RIDDIFORD ST,MEIN ST,,Non-Injury Crash,No,2015,,West,,0,,Hill Road,,,,,,Overcast,2166900,0,0.0,0.0,2.0,,,0.0,,,,,,Wellington Region,Nil,2-way,Sealed,,0.0,0,,50.0,,Null,0.0,0.0,,47,Wellington City,Traffic Signals,,,,,0.0,0.0,Urban,0.0,,,Fine,Null,0
67655236,,577000,0.0,,0.0,1.0,,Null,2015/2016,TIRANGI ROAD,MCGREGOR ST,,Non-Injury Crash,No,2015,,North,,0,,Flat,,,,,,Overcast,2175502,0,0.0,0.0,2.0,,,0.0,,,,,,Wellington Region,Nil,2-way,Sealed,,0.0,0,,50.0,,Null,0.0,0.0,,47,Wellington City,Stop,,,,,0.0,0.0,Urban,1.0,,,Fine,Null,0
67655248,,574100,0.0,0.0,0.0,1.0,0.0,Null,2015/2016,SH 1N,NEWLANDS OBR NBD,,Non-Injury Crash,Yes,2015,1.0,South,0.0,0,0.0,Hill Road,0.0,,0.0,,0.0,Twilight,2084600,0,0.0,0.0,3.0,0.0,0.0,0.0,0.0,0.0,,0.0,0.0,Wellington Region,Nil,1-way,Sealed,0.0,0.0,0,0.0,80.0,0.0,Off,0.0,0.0,,47,Wellington City,Unknown,0.0,0.0,0.0,0.0,0.0,0.0,Open,0.0,0.0,0.0,Light rain,Null,0
67655286,,574002,0.0,0.0,0.0,0.0,0.0,Null,2015/2016,CENTENNIAL SBD,HUTT ON NBD,,Non-Injury Crash,Yes,2015,0.0,North,0.0,0,0.0,Flat,0.0,,0.0,,0.0,Dark,2078302,0,0.0,1.0,5.0,0.0,0.0,0.0,0.0,0.0,,0.0,0.0,Wellington Region,Nil,2-way,Sealed,0.0,0.0,0,0.0,80.0,0.0,On,0.0,0.0,,47,Wellington City,Traffic Signals,1.0,0.0,0.0,0.0,0.0,0.0,Open,0.0,0.0,0.0,Fine,Null,0
67655290,,573101,0.0,,0.0,1.0,,Null,2015/2016,TARANAKI ST,WAKEFIELD ST,,Non-Injury Crash,No,2015,,North,,0,,Flat,,,,,,Dark,2133200,0,0.0,0.0,5.0,,,0.0,,,,,,Wellington Region,Nil,2-way,Sealed,,0.0,0,,30.0,,On,0.0,0.0,,47,Wellington City,Traffic Signals,,,,,0.0,0.0,Urban,1.0,,,Light rain,Null,0
67655408,,573101,0.0,,0.0,2.0,,West,2022/2023,KARO DRIVE,CUBA STREET,,Non-Injury Crash,Yes,2023,,North,,0,,Flat,,,,,,Overcast,2132500,0,0.0,0.0,3.0,,,0.0,,,,,,Wellington Region,Nil,1-way,Sealed,,0.0,0,,50.0,,Off,0.0,0.0,,47,Wellington City,Nil,,,,,0.0,0.0,Urban,0.0,,,Fine,Null,0
67655410,,576903,0.0,,0.0,2.0,,North,2014/2015,SH 1N,GOA ST,,Non-Injury Crash,Yes,2015,,South,,0,,Hill Road,,,,,,Overcast,2180700,0,0.0,0.0,2.0,,,0.0,,,,,,Wellington Region,Nil,2-way,Sealed,,0.0,0,,70.0,,Null,0.0,0.0,,47,Wellington City,Unknown,,,,,0.0,0.0,Urban,0.0,,,Fine,Null,0
67655508,,576903,0.0,,0.0,2.0,,North,2015/2016,SH 1N,WELLINGTON ROAD,,Non-Injury Crash,Yes,2016,,South,,0,,Hill Road,,,,,,Bright sun,2180601,0,0.0,0.0,2.0,,,0.0,,,,,,Wellington Region,Nil,2-way,Sealed,,0.0,0,,70.0,,Null,0.0,2.0,,47,Wellington City,Unknown,,,,,0.0,0.0,Urban,1.0,,,Fine,Strong wind,0
67655559,,573523,0.0,0.0,0.0,1.0,1.0,South,2015/2016,SH 1N,TAWA ON SBD,,Minor Crash,Yes,2015,0.0,South,0.0,0,0.0,Flat,0.0,,0.0,,0.0,Bright sun,2086312,2,0.0,0.0,2.0,0.0,0.0,0.0,0.0,0.0,,0.0,0.0,Wellington Region,Nil,1-way,Sealed,0.0,0.0,0,0.0,100.0,0.0,Null,0.0,0.0,,47,Wellington City,Unknown,0.0,0.0,0.0,0.0,0.0,0.0,Open,0.0,0.0,0.0,Fine,Null,0
67655599,,575000,0.0,,0.0,1.0,,Null,2015/2016,CHAYTOR ST,RAROA CRESCENT,,Non-Injury Crash,No,2015,,West,,0,,Hill Road,,,,,,Dark,2111100,0,0.0,1.0,2.0,,,0.0,,,,,,Wellington Region,Nil,2-way,Sealed,,0.0,0,,50.0,,On,0.0,0.0,,47,Wellington City,Stop,,,,,0.0,0.0,Urban,0.0,,,Fine,Null,0
67655676,,573101,0.0,,0.0,2.0,,Null,2015/2016,COURTENAY PLACE,TORY ST,,Non-Injury Crash,No,2015,,West,,0,,Flat,,,,,,Bright sun,2135600,0,0.0,0.0,2.0,,,0.0,,,,,,Wellington Region,Nil,2-way,Sealed,,0.0,0,,50.0,,Null,0.0,0.0,,47,Wellington City,Traffic Signals,,,,,0.0,0.0,Urban,0.0,,,Fine,Null,0
67655684,,573526,0.0,,0.0,1.0,,North,2015/2016,SH 2,WEIGH PIT,,Non-Injury Crash,Yes,2015,,South,,0,,Flat,,,,,,Overcast,2077503,0,0.0,0.0,4.0,,,0.0,,,,,,Wellington Region,Nil,2-way,Sealed,,0.0,0,,100.0,,Null,1.0,0.0,,47,Wellington City,Unknown,,,,,0.0,0.0,Open,0.0,,,Light rain,Null,0
67655691,,573000,0.0,,0.0,2.0,,Null,2015/2016,SH 1N,SOUTH PORTAL,,Non-Injury Crash,Yes,2015,,South,,0,,Flat,,,,,,Bright sun,2130600,0,0.0,0.0,3.0,,,0.0,,,,,,Wellington Region,Nil,2-way,Sealed,,0.0,0,,80.0,,Null,0.0,0.0,,47,Wellington City,Nil,,,,,0.0,0.0,Open,0.0,,,Fine,Null,0
67655706,,572900,0.0,,0.0,2.0,,North,2015/2016,MURPHY ST,TURNBULL ST,,Non-Injury Crash,No,2015,,East,,0,,Hill Road,,,,,,Bright sun,2118700,0,0.0,1.0,2.0,,,0.0,,,,,,Wellington Region,Nil,1-way,Sealed,,0.0,0,,50.0,,Null,0.0,0.0,,47,Wellington City,Give way,,,,,0.0,0.0,Urban,0.0,,,Null,Null,0
67655741,,572600,0.0,,0.0,2.0,,North,2016/2017,MAIN ROAD,ELENA PLACE,,Minor Crash,No,2016,,North,,0,,Flat,,,,,,Overcast,1992200,1,0.0,0.0,2.0,,,0.0,,,,,,Wellington Region,Nil,2-way,Sealed,,0.0,0,,50.0,,Null,0.0,0.0,,47,Wellington City,Unknown,,,,,0.0,0.0,Urban,0.0,,,Heavy rain,Null,0
67655753,,573000,0.0,0.0,0.0,0.0,0.0,West,2015/2016,GREY ST,FEATHERSTON ST,,Non-Injury Crash,No,2015,0.0,West,0.0,0,0.0,Flat,0.0,,0.0,,0.0,Bright sun,2125700,0,0.0,1.0,2.0,0.0,0.0,0.0,0.0,1.0,,0.0,0.0,Wellington Region,Nil,2-way,Sealed,0.0,0.0,0,0.0,50.0,0.0,Off,1.0,0.0,,47,Wellington City,Nil,0.0,0.0,0.0,0.0,0.0,0.0,Urban,0.0,0.0,0.0,Fine,Null,0