OBJECTID,advisorySpeed,areaUnitID,bicycle,bridge,bus,carStationWagon,cliffBank,crashDirectionDescription,crashFinancialYear,crashLocation1,crashLocation2,crashRoadSideRoad,crashSeverity,crashSHDescription,crashYear,debris,directionRoleDescription,ditch,fatalCount,fence,flatHill,guardRail,holiday,houseOrBuilding,intersection,kerb,light,meshblockId,minorInjuryCount,moped,motorcycle,NumberOfLanes,objectThrownOrDropped,otherObject,otherVehicleType,overBank,parkedVehicle,pedestrian,phoneBoxEtc,postOrPole,region,roadCharacter,roadLane,roadSurface,roadworks,schoolBus,seriousInjuryCount,slipOrFlood,speedLimit,strayAnimal,streetLight,suv,taxi,temporarySpeedLimit,tlaId,tlaName,trafficControl,trafficIsland,trafficSign,train,tree,truck,unknownVehicleType,urban,vanOrUtility,vehicle,waterRiver,weatherA,weatherB,if_pandemic
67655782,,573700,0.0,,0.0,1.0,,South,2014/2015,JOHNSONVILLE ROAD,HAWEA ST,,Minor Crash,No,2015,,South,,0,,Flat,,,,,,Bright sun,2082800,1,1.0,0.0,2.0,,,0.0,,,,,,Wellington Region,Nil,2-way,Sealed,,0.0,0,,50.0,,Off,0.0,1.0,,47,Wellington City,Nil,,,,,0.0,0.0,Urban,0.0,,,Fine,Null,0
67655927,,573000,0.0,,0.0,1.0,,Null,2016/2017,THE TERRACE,GHUZNEE ST,,Minor Crash,No,2016,,North,,0,,Hill Road,,,,,,Bright sun,2129400,1,0.0,0.0,2.0,,,0.0,,,1.0,,,Wellington Region,Nil,2-way,Sealed,,0.0,0,,50.0,,Null,0.0,0.0,,47,Wellington City,Stop,,,,,0.0,0.0,Urban,0.0,,,Fine,Null,0
67656017,,573903,0.0,0.0,0.0,1.0,1.0,Null,2015/2016,NEWLANDS ROAD,NEWLANDS ON SBD,,Minor Crash,No,2015,0.0,West,0.0,0,0.0,Hill Road,0.0,,0.0,,0.0,Dark,2075103,1,0.0,0.0,1.0,0.0,0.0,0.0,0.0,0.0,,0.0,0.0,Wellington Region,Motorway ramp,1-way,Sealed,0.0,0.0,0,0.0,50.0,0.0,On,0.0,0.0,,47,Wellington City,Nil,0.0,0.0,0.0,0.0,0.0,0.0,Urban,0.0,0.0,0.0,Fine,Null,0
67656024,,575000,1.0,,0.0,0.0,,East,2015/2016,CHAYTOR ST,OLD KARORI ROAD,,Non-Injury Crash,No,2015,,South,,0,,Hill Road,,,,,,Bright sun,2111000,0,0.0,0.0,2.0,,,0.0,,,,,,Wellington Region,Nil,2-way,Sealed,,0.0,0,,50.0,,Off,0.0,0.0,,47,Wellington City,Unknown,,,,,0.0,0.0,Urban,1.0,,,Fine,Null,0
67656038,,572900,0.0,,0.0,2.0,,Null,2015/2016,TINAKORI ROAD,HARRIETT ST,,Minor Crash,No,2015,,South,,0,,Flat,,,,,,Twilight,2123100,1,0.0,0.0,4.0,,,0.0,,,,,,Wellington Region,Nil,2-way,Sealed,,0.0,0,,50.0,,On,0.0,0.0,,47,Wellington City,Traffic Signals,,,,,0.0,0.0,Urban,0.0,,,Fine,Null,0
67656064,,573000,0.0,0.0,0.0,2.0,0.0,South,2014/2015,FEATHERSTON ST,BUNNY ST,,Minor Crash,No,2015,0.0,South,0.0,0,0.0,Flat,0.0,,0.0,,0.0,Bright sun,2124300,1,0.0,0.0,3.0,0.0,0.0,0.0,0.0,1.0,,0.0,0.0,Wellington Region,Nil,1-way,Sealed,0.0,0.0,0,0.0,50.0,0.0,Off,0.0,0.0,,47,Wellington City,Nil,0.0,0.0,0.0,0.0,0.0,0.0,Urban,0.0,0.0,0.0,Fine,Null,0
67656078,,574303,0.0,,0.0,2.0,,Null,2015/2016,SH 1N,SH 2,,Non-Injury Crash,Yes,2015,,South,,0,,Flat,,,,,,Bright sun,2090402,0,0.0,0.0,4.0,,,0.0,,,,,,Wellington Region,Nil,1-way,Sealed,,0.0,0,,80.0,,Null,0.0,0.0,,47,Wellington City,Nil,,,,,0.0,0.0,Open,0.0,,,Fine,Null,0
67656079,,574303,0.0,0.0,0.0,1.0,1.0,North,2014/2015,SH 1N,TYERS ROAD,,Non-Injury Crash,Yes,2015,0.0,North,0.0,0,0.0,Hill Road,0.0,,0.0,,0.0,Overcast,2088705,0,0.0,0.0,4.0,0.0,0.0,0.0,0.0,0.0,,0.0,0.0,Wellington Region,Nil,2-way,Sealed,0.0,0.0,0,0.0,80.0,0.0,Off,0.0,0.0,,47,Wellington City,Nil,0.0,0.0,0.0,0.0,0.0,0.0,Open,0.0,0.0,0.0,Heavy rain,Null,0
67656123,,576901,0.0,,0.0,2.0,,Null,2015/2016,RONGOTAI ROAD,CHILDERS TERRACE,,Non-Injury Crash,No,2015,,West,,0,,Flat,,,,,,Bright sun,2178400,0,0.0,0.0,2.0,,,0.0,,,,,,Wellington Region,Nil,2-way,Sealed,,0.0,0,,50.0,,Null,0.0,0.0,,47,Wellington City,Stop,,,,,0.0,0.0,Urban,0.0,,,Fine,Null,0
67656158,,574402,0.0,,0.0,1.0,,Null,2014/2015,OTTAWA ROAD,AWARUA ST,,Non-Injury Crash,No,2015,,North,,0,,Hill Road,,,,,,Dark,2096300,0,0.0,0.0,2.0,,,0.0,,,,,,Wellington Region,Nil,2-way,Sealed,,0.0,0,,50.0,,On,1.0,0.0,,47,Wellington City,Give way,,,,,0.0,0.0,Urban,0.0,,,Light rain,Null,0
67656247,,573000,0.0,,0.0,2.0,,Null,2015/2016,WHITMORE ST,FEATHERSTON ST,,Non-Injury Crash,No,2015,,East,,0,,Flat,,,,,,Dark,2123800,0,0.0,0.0,4.0,,,0.0,,,,,,Wellington Region,Nil,2-way,Sealed,,0.0,0,,50.0,,On,0.0,0.0,,47,Wellington City,Traffic Signals,,,,,0.0,0.0,Urban,0.0,,,Fine,Null,0
67656249,,576500,0.0,,0.0,2.0,,Null,2014/2015,JOHN ST,ADELAIDE ROAD,,Non-Injury Crash,No,2015,,East,,0,,Hill Road,,,,,,Overcast,2148700,0,0.0,0.0,3.0,,,0.0,,,,,,Wellington Region,Nil,2-way,Sealed,,0.0,0,,50.0,,Null,0.0,1.0,,47,Wellington City,Traffic Signals,,,,,0.0,0.0,Urban,0.0,,,Fine,Null,0
67656287,,576400,0.0,,0.0,2.0,,East,2014/2015,CONSTABLE ST,OWEN ST,,Non-Injury Crash,No,2015,,West,,0,,Flat,,,,,,Bright sun,2170000,0,0.0,0.0,2.0,,,0.0,,,,,,Wellington Region,Nil,2-way,Sealed,,0.0,0,,50.0,,Off,0.0,0.0,,47,Wellington City,Nil,,,,,0.0,0.0,Urban,0.0,,,Fine,Null,0
67656291,,573101,0.0,,0.0,2.0,,East,2015/2016,SH 1N,LYNN ROAD,,Non-Injury Crash,Yes,2015,,North,,0,,Flat,,,,,,Bright sun,2136500,0,0.0,0.0,1.0,,,0.0,,,,,,Wellington Region,Nil,Off road,Sealed,,0.0,0,,5.0,,Null,0.0,0.0,,47,Wellington City,Nil,,,,,0.0,0.0,Urban,0.0,,,Fine,Null,0
67656332,,573511,0.0,,0.0,2.0,,Null,2014/2015,MIDDLETON ROAD,WESTCHESTER DRIVE,,Non-Injury Crash,No,2015,,West,,0,,Flat,,,,,,Twilight,2086203,0,0.0,0.0,2.0,,,0.0,,,,,,Wellington Region,Nil,2-way,Sealed,,0.0,0,,50.0,,On,0.0,0.0,,47,Wellington City,Give way,,,,,0.0,0.0,Urban,0.0,,,Fine,Null,0
67656433,,573101,1.0,,1.0,0.0,,Null,2014/2015,KENT TERRACE,PIRIE ST,,Minor Crash,Yes,2015,,South,,0,,Flat,,,,,,Bright sun,2136700,1,0.0,0.0,6.0,,,0.0,,,,,,Wellington Region,Nil,2-way,Sealed,,0.0,0,,50.0,,Off,0.0,0.0,,47,Wellington City,Traffic Signals,,,,,0.0,0.0,Urban,0.0,,,Fine,Null,0
67656454,,574600,0.0,0.0,0.0,1.0,0.0,East,2021/2022,WADE STREET,WELD STREET,,Non-Injury Crash,No,2021,0.0,West,0.0,0,0.0,Hill Road,0.0,,0.0,,0.0,Unknown,2101500,0,0.0,0.0,2.0,0.0,0.0,0.0,0.0,1.0,,0.0,0.0,Wellington Region,Nil,2-way,Sealed,0.0,0.0,0,0.0,50.0,0.0,Null,1.0,0.0,,47,Wellington City,Nil,0.0,0.0,0.0,0.0,0.0,0.0,Urban,0.0,0.0,0.0,Null,Null,1
67656455,,573101,0.0,,1.0,0.0,,East,2014/2015,MANNERS ST,VICTORIA ST,,Minor Crash,No,2015,,West,,0,,Flat,,,,,,Bright sun,2131100,1,0.0,0.0,2.0,,,0.0,,,1.0,,,Wellington Region,Nil,2-way,Sealed,,0.0,0,,30.0,,Off,0.0,0.0,,47,Wellington City,Nil,,,,,0.0,0.0,Urban,0.0,,,Fine,Null,0
67656480,,573000,0.0,,0.0,4.0,,North,2014/2015,SH 1N,VIVIAN ST,,Non-Injury Crash,Yes,2015,,South,,0,,Flat,,,,,,Overcast,2129600,0,0.0,0.0,3.0,,,0.0,,,,,,Wellington Region,Nil,2-way,Sealed,,0.0,0,,70.0,,Null,0.0,0.0,,47,Wellington City,Unknown,,,,,0.0,0.0,Urban,0.0,,,Fine,Null,0
67656535,,576400,0.0,,0.0,2.0,,Null,2014/2015,CONSTABLE ST,OWEN ST,,Non-Injury Crash,No,2015,,South,,0,,Hill Road,,,,,,Dark,2169101,0,0.0,0.0,2.0,,,0.0,,,,,,Wellington Region,Nil,2-way,Sealed,,0.0,0,,50.0,,On,0.0,0.0,,47,Wellington City,Traffic Signals,,,,,0.0,0.0,Urban,0.0,,,Fine,Null,0
67656552,,573101,0.0,0.0,0.0,2.0,0.0,Null,2015/2016,SH 1N,WILLIS ST,,Non-Injury Crash,Yes,2015,0.0,North,0.0,0,0.0,Flat,0.0,,0.0,,0.0,Bright sun,2131900,0,0.0,0.0,3.0,0.0,0.0,0.0,0.0,0.0,,0.0,1.0,Wellington Region,Nil,1-way,Sealed,0.0,0.0,0,0.0,50.0,0.0,Null,0.0,0.0,,47,Wellington City,Traffic Signals,0.0,0.0,0.0,0.0,0.0,0.0,Urban,0.0,0.0,0.0,Fine,Null,0
67656563,,576002,0.0,,0.0,1.0,,North,2015/2016,THE PARADE,AVON ST,,Non-Injury Crash,No,2015,,North,,0,,Flat,,,,,,Overcast,2190300,0,0.0,0.0,2.0,,,0.0,,,,,,Wellington Region,Nil,2-way,Sealed,,0.0,0,,50.0,,Off,1.0,0.0,,47,Wellington City,Unknown,,,,,0.0,0.0,Urban,0.0,,,Fine,Null,0
67656621,,573000,0.0,0.0,0.0,0.0,0.0,Null,2023/2024,VICTORIA STREET,CHEWS LANE,,Non-Injury Crash,No,2024,0.0,South,0.0,0,0.0,Flat,0.0,,1.0,,0.0,Overcast,2127400,0,0.0,0.0,3.0,0.0,0.0,0.0,0.0,0.0,,0.0,0.0,Wellington Region,Nil,1-way,Sealed,0.0,0.0,0,0.0,30.0,0.0,Off,0.0,0.0,,47,Wellington City,Nil,0.0,0.0,0.0,0.0,0.0,0.0,Urban,1.0,0.0,0.0,Fine,Null,0
67656642,40.0,573200,0.0,,0.0,1.0,,North,2015/2016,OHIRO ROAD,BROOKLYN ROAD,,Non-Injury Crash,No,2015,,North,,0,,Flat,,,,,,Bright sun,2159300,0,0.0,0.0,2.0,,,0.0,,,,,,Wellington Region,Nil,2-way,Sealed,,0.0,0,,50.0,,Null,0.0,0.0,,47,Wellington City,Unknown,,,,,0.0,0.0,Urban,1.0,,,Fine,Null,0
67656657,,575300,1.0,,0.0,1.0,,Null,2015/2016,KELBURN VIADVCT,GLENMORE ST,,Minor Crash,No,2016,,West,,0,,Flat,,,,,,Bright sun,2152600,1,0.0,0.0,2.0,,,0.0,,,,,,Wellington Region,Nil,2-way,Sealed,,0.0,0,,50.0,,Null,0.0,0.0,,47,Wellington City,Give way,,,,,0.0,0.0,Urban,0.0,,,Fine,Null,0
67656892,,573101,0.0,0.0,0.0,1.0,0.0,South,2015/2016,KNIGGES AVENUE,VIVIAN ST,,Non-Injury Crash,No,2016,0.0,South,0.0,0,0.0,Flat,0.0,,0.0,,0.0,Dark,2134000,0,0.0,0.0,2.0,0.0,0.0,0.0,0.0,0.0,,0.0,1.0,Wellington Region,Nil,2-way,Sealed,0.0,0.0,0,0.0,50.0,0.0,On,0.0,0.0,,47,Wellington City,Unknown,0.0,0.0,0.0,0.0,0.0,0.0,Urban,0.0,0.0,0.0,Fine,Null,0
67656943,,572900,0.0,,0.0,2.0,,Null,2015/2016,TINAKORI ROAD,GEORGE ST,,Non-Injury Crash,No,2015,,North,,0,,Flat,,,,,,Overcast,2119500,0,0.0,0.0,2.0,,,0.0,,,,,,Wellington Region,Nil,2-way,Sealed,,0.0,0,,50.0,,Null,0.0,0.0,,47,Wellington City,Give way,,,,,0.0,0.0,Urban,0.0,,,Light rain,Null,0
67656963,,573000,0.0,,0.0,2.0,,Null,2022/2023,GREY STREET,FEATHERSTON STREET,,Non-Injury Crash,No,2023,,East,,0,,Flat,,,,,,Dark,2125700,0,0.0,0.0,2.0,,,0.0,,,,,,Wellington Region,Nil,1-way,Sealed,,0.0,0,,30.0,,On,0.0,0.0,,47,Wellington City,Give way,,,,,0.0,0.0,Urban,0.0,,,Fine,Null,0
67656965,,575000,0.0,0.0,0.0,2.0,0.0,East,2015/2016,PLYMOUTH ST,DUTHIE ST,,Non-Injury Crash,No,2015,0.0,East,0.0,0,0.0,Flat,0.0,,0.0,,0.0,Dark,2112000,0,0.0,0.0,2.0,0.0,0.0,0.0,0.0,1.0,,0.0,0.0,Wellington Region,Nil,2-way,Sealed,0.0,0.0,0,0.0,50.0,0.0,On,0.0,0.0,,47,Wellington City,Nil,0.0,0.0,0.0,0.0,0.0,0.0,Urban,0.0,0.0,0.0,Mist or Fog,Null,0
67656976,,574303,0.0,,0.0,2.0,,West,2015/2016,SH 1N,TYERS ROAD,,Non-Injury Crash,Yes,2015,,North,,0,,Hill Road,,,,,,Bright sun,2088705,0,0.0,0.0,3.0,,,0.0,,,,,,Wellington Region,Nil,1-way,Sealed,,0.0,0,,80.0,,Null,0.0,0.0,,47,Wellington City,Unknown,,,,,0.0,0.0,Open,0.0,,,Fine,Null,0
67656987,,573000,0.0,,0.0,1.0,,Null,2023/2024,CUSTOMHOUSE QUAY,JOHNSTON STREET,,Minor Crash,No,2023,,North,,0,,Flat,,,,,,Bright sun,2125400,1,1.0,0.0,3.0,,,0.0,,,,,,Wellington Region,Nil,1-way,Sealed,,0.0,0,,50.0,,Off,0.0,0.0,,47,Wellington City,Traffic Signals,,,,,0.0,0.0,Urban,0.0,,,Fine,Null,0
67656999,,573101,0.0,,1.0,1.0,,Null,2015/2016,CAMBRIDGE TERRACE,COURTENAY PLACE,,Non-Injury Crash,No,2015,,North,,0,,Flat,,,,,,Dark,2135700,0,0.0,0.0,6.0,,,0.0,,,,,,Wellington Region,Nil,2-way,Sealed,,0.0,0,,50.0,,On,0.0,0.0,,47,Wellington City,Traffic Signals,,,,,0.0,0.0,Urban,0.0,,,Fine,Null,0
67657015,,576100,0.0,0.0,0.0,0.0,1.0,South,2014/2015,THE ESPLANADE,BRIGHTON ST,,Minor Crash,No,2015,0.0,West,0.0,0,0.0,Flat,0.0,,0.0,,1.0,Dark,2190004,1,0.0,0.0,2.0,0.0,0.0,0.0,0.0,0.0,,0.0,0.0,Wellington Region,Nil,2-way,Sealed,0.0,0.0,0,0.0,50.0,0.0,On,0.0,0.0,,47,Wellington City,Unknown,0.0,0.0,0.0,0.0,0.0,0.0,Urban,1.0,0.0,0.0,Fine,Null,0
67657116,,576903,0.0,,0.0,1.0,,South,2015/2016,SH 1N,WELLINGTON ROAD,,Minor Crash,Yes,2016,,East,,0,,Flat,,,,,,Bright sun,2180400,2,0.0,0.0,2.0,,,0.0,,,,,,Wellington Region,Nil,2-way,Sealed,,0.0,0,,70.0,,Null,2.0,0.0,,47,Wellington City,Unknown,,,,,0.0,0.0,Urban,1.0,,,Fine,Null,0
67657122,,574500,0.0,,0.0,1.0,,West,2015/2016,HUTT ROAD,RANGIORA AVENUE,,Minor Crash,No,2015,,East,,0,,Flat,,,,,,Overcast,2093400,1,0.0,1.0,5.0,,,0.0,,,,,,Wellington Region,Nil,2-way,Sealed,,0.0,0,,60.0,,Null,0.0,0.0,,47,Wellington City,Nil,,,,,0.0,0.0,Urban,0.0,,,Fine,Null,0
67657139,,577200,0.0,,0.0,1.0,,East,2023/2024,DEVONSHIRE ROAD,HOBART STREET,,Non-Injury Crash,No,2023,,East,,0,,Flat,,,,,,Bright sun,2208300,0,0.0,0.0,2.0,,,0.0,,,,,,Wellington Region,Nil,2-way,Sealed,,0.0,0,,50.0,,Off,0.0,0.0,,47,Wellington City,Nil,,,,,0.0,0.0,Urban,1.0,,,Fine,Null,0
67657164,,576901,0.0,0.0,0.0,2.0,0.0,West,2015/2016,COUTTS ST,ONEPU ROAD,,Non-Injury Crash,No,2015,0.0,East,0.0,0,0.0,Flat,0.0,,0.0,,0.0,Bright sun,2178500,0,0.0,0.0,2.0,0.0,0.0,0.0,0.0,1.0,,0.0,0.0,Wellington Region,Nil,2-way,Sealed,0.0,0.0,0,0.0,50.0,0.0,Null,0.0,1.0,,47,Wellington City,Nil,0.0,0.0,0.0,0.0,0.0,0.0,Urban,0.0,0.0,0.0,Fine,Null,0
67657196,,573300,0.0,,0.0,2.0,,North,2015/2016,TASMAN ST,RANFURLY TERRACE,,Non-Injury Crash,No,2015,,North,,0,,Flat,,,,,,Bright sun,2145400,0,0.0,0.0,2.0,,,0.0,,,,,,Wellington Region,Nil,2-way,Sealed,,0.0,0,,50.0,,Null,0.0,0.0,,47,Wellington City,Nil,,,,,0.0,0.0,Urban,0.0,,,Fine,Null,0
67657226,,573101,0.0,,0.0,2.0,,Null,2015/2016,SH 1N KARO DRIVE,VICTORIA ST,,Minor Crash,Yes,2016,,North,,0,,Flat,,,,,,Dark,2132400,1,0.0,0.0,3.0,,,0.0,,,,,,Wellington Region,Nil,1-way,Sealed,,0.0,0,,50.0,,On,0.0,0.0,,47,Wellington City,Traffic Signals,,,,,0.0,0.0,Urban,0.0,,,Fine,Null,0
67657228,,577400,0.0,0.0,0.0,0.0,0.0,North,2015/2016,KARAKA BAY ROAD,PRETORIA ROAD,,Non-Injury Crash,No,2015,0.0,North,0.0,0,0.0,Flat,0.0,,0.0,,0.0,Bright sun,2209400,0,0.0,0.0,2.0,0.0,1.0,0.0,0.0,0.0,,0.0,0.0,Wellington Region,Nil,2-way,Sealed,0.0,0.0,0,0.0,40.0,0.0,Null,1.0,0.0,,47,Wellington City,Nil,0.0,0.0,0.0,0.0,0.0,0.0,Urban,0.0,0.0,0.0,Null,Strong wind,0
67657287,,573522,0.0,,0.0,2.0,,Null,2014/2015,TAWA OFF SBD,TAKAPU ROAD,,Non-Injury Crash,No,2015,,South,,0,,Hill Road,,,,,,Twilight,2053703,0,0.0,0.0,2.0,,,0.0,,,,,,Wellington Region,Motorway ramp,1-way,Sealed,,0.0,0,,50.0,,On,0.0,0.0,,47,Wellington City,Stop,,,,,0.0,0.0,Urban,0.0,,,Fine,Null,0
67657293,,577000,0.0,0.0,1.0,1.0,0.0,South,2015/2016,QUEENS DRIVE,RUA ST,,Non-Injury Crash,No,2015,0.0,North,0.0,0,0.0,Flat,0.0,,0.0,,0.0,Overcast,2174400,0,0.0,0.0,2.0,0.0,0.0,0.0,0.0,1.0,,0.0,0.0,Wellington Region,Nil,2-way,Sealed,0.0,0.0,0,0.0,50.0,0.0,Null,0.0,0.0,,47,Wellington City,Unknown,0.0,0.0,0.0,0.0,0.0,0.0,Urban,0.0,0.0,0.0,Mist or Fog,Null,0
67657374,,577302,0.0,,0.0,2.0,,Null,2014/2015,MIRAMAR AVENUE,PARA ST,,Non-Injury Crash,No,2015,,North,,0,,Flat,,,,,,Bright sun,2206103,0,0.0,0.0,2.0,,,0.0,,,,,,Wellington Region,Nil,2-way,Sealed,,0.0,0,,50.0,,Off,0.0,0.0,,47,Wellington City,Give way,,,,,0.0,0.0,Urban,0.0,,,Fine,Null,0
67657378,,573000,0.0,0.0,0.0,3.0,0.0,North,2014/2015,THE TERRACE,SALAMANCA ROAD,,Non-Injury Crash,No,2015,0.0,South,0.0,0,0.0,Flat,0.0,,0.0,,0.0,Twilight,2126900,0,0.0,0.0,2.0,0.0,0.0,0.0,0.0,1.0,,0.0,0.0,Wellington Region,Nil,2-way,Sealed,0.0,0.0,0,0.0,50.0,0.0,Off,0.0,0.0,,47,Wellington City,Traffic Signals,0.0,1.0,0.0,0.0,0.0,0.0,Urban,0.0,0.0,0.0,Fine,Null,0
67657380,,576700,1.0,,0.0,1.0,,Null,2015/2016,THANE ROAD,LOOKOUT ROAD,,Minor Crash,No,2015,,North,,0,,Hill Road,,,,,,Bright sun,2185700,2,0.0,0.0,1.0,,,0.0,,,,,,Wellington Region,Nil,2-way,Sealed,,0.0,0,,50.0,,Null,0.0,0.0,,47,Wellington City,Give way,,,,,0.0,0.0,Urban,0.0,,,Fine,Null,0
67657392,,573000,0.0,,0.0,3.0,,Null,2015/2016,SH 1N,SOUTH PORTAL,,Non-Injury Crash,Yes,2015,,South,,0,,Flat,,,,,,Overcast,2130600,0,0.0,0.0,2.0,,,0.0,,,,,,Wellington Region,Nil,2-way,Sealed,,0.0,0,,60.0,,Null,0.0,0.0,,47,Wellington City,Unknown,,,,,0.0,0.0,Urban,0.0,,,Fine,Null,0
67657423,,573300,0.0,0.0,0.0,2.0,0.0,West,2015/2016,BIDWILL ST,WALLACE ST,,Non-Injury Crash,No,2015,0.0,West,0.0,0,0.0,Hill Road,0.0,,0.0,,0.0,Bright sun,2145100,0,0.0,0.0,2.0,0.0,0.0,0.0,0.0,1.0,,0.0,0.0,Wellington Region,Nil,2-way,Sealed,0.0,0.0,0,0.0,50.0,0.0,Null,0.0,0.0,,47,Wellington City,Unknown,0.0,0.0,0.0,0.0,0.0,0.0,Urban,0.0,0.0,0.0,Fine,Null,0
67657443,,573513,0.0,,0.0,1.0,,Null,2023/2024,WAVERTON TERRACE,WESTCHESTER DRIVE,,Minor Crash,No,2023,,South,,0,,Flat,,,,,,Dark,2086716,1,0.0,0.0,2.0,,,0.0,,,1.0,,,Wellington Region,Nil,2-way,Sealed,,0.0,0,,50.0,,On,0.0,0.0,,47,Wellington City,Nil,,,,,0.0,0.0,Urban,0.0,,,Fine,Null,0
67657496,,576400,0.0,0.0,0.0,3.0,0.0,North,2014/2015,CRAWFORD ROAD,DUNCAN TERRACE,,Non-Injury Crash,No,2015,0.0,South,0.0,0,0.0,Hill Road,0.0,,0.0,,0.0,Bright sun,2169402,0,0.0,0.0,2.0,0.0,0.0,0.0,0.0,1.0,,0.0,0.0,Wellington Region,Nil,2-way,Sealed,0.0,0.0,0,0.0,50.0,0.0,Null,0.0,0.0,,47,Wellington City,Nil,0.0,0.0,0.0,0.0,0.0,0.0,Urban,0.0,0.0,0.0,Fine,Null,0
67657511,,573200,0.0,0.0,0.0,2.0,0.0,South,2014/2015,OHIRO ROAD,MAARAMA CRESCENT,,Non-Injury Crash,No,2015,0.0,South,0.0,0,0.0,Hill Road,0.0,,0.0,,0.0,Bright sun,2158700,0,0.0,0.0,2.0,0.0,0.0,0.0,0.0,1.0,,0.0,0.0,Wellington Region,Nil,2-way,Sealed,0.0,0.0,0,0.0,50.0,0.0,Off,0.0,0.0,,47,Wellington City,Unknown,0.0,0.0,0.0,0.0,0.0,0.0,Urban,0.0,0.0,0.0,Fine,Null,0
67657530,,574002,0.0,,0.0,2.0,,West,2014/2015,SH 2,NGAURANGA ON NBD OBR,,Non-Injury Crash,Yes,2015,,East,,0,,Flat,,,,,,Overcast,2078302,0,0.0,0.0,2.0,,,0.0,,,,,,Wellington Region,Motorway ramp,1-way,Sealed,,0.0,0,,100.0,,Off,0.0,0.0,70.0,47,Wellington City,Nil,,,,,0.0,0.0,Open,0.0,,,Light rain,Null,0
67657558,,572900,0.0,,0.0,1.0,,North,2014/2015,SH 1N,MURPHY OFF SBD,,Non-Injury Crash,Yes,2015,,South,,0,,Flat,,,,,,Bright sun,2118400,0,0.0,0.0,2.0,,,0.0,,,,,,Wellington Region,Nil,2-way,Sealed,,0.0,0,,100.0,,Null,0.0,0.0,,47,Wellington City,Nil,,,,,1.0,0.0,Open,0.0,,,Fine,Null,0
67657571,,573000,0.0,,0.0,0.0,,Null,2022/2023,THE TERRACE,SALAMANCA ROAD,,Non-Injury Crash,No,2023,,South,,0,,Hill Road,,,,,,Bright sun,2126900,0,0.0,0.0,2.0,,,0.0,,,,,,Wellington Region,Nil,2-way,Sealed,,0.0,0,,50.0,,Off,1.0,0.0,,47,Wellington City,Traffic Signals,,,,,0.0,0.0,Urban,1.0,,,Fine,Null,0
67657576,,573300,0.0,,0.0,0.0,,West,2016/2017,Z ACCESSWAY,ADELAIDE ROAD,,Serious Crash,No,2016,,North,,0,,Flat,,,,,,Overcast,2146100,0,0.0,1.0,0.0,,,0.0,,,,,,Wellington Region,Nil,Off road,Unsealed,,0.0,1,,10.0,,Null,0.0,0.0,,47,Wellington City,Unknown,,,,,0.0,0.0,Urban,0.0,,,Fine,Null,0
67657638,,574001,0.0,0.0,0.0,2.0,0.0,North,2015/2016,ROBERT ST,GLANMIRE ROAD,,Non-Injury Crash,No,2015,0.0,North,0.0,0,0.0,Hill Road,0.0,,0.0,,0.0,Bright sun,2076200,0,0.0,0.0,2.0,0.0,0.0,0.0,0.0,1.0,,0.0,0.0,Wellington Region,Nil,2-way,Sealed,0.0,0.0,0,0.0,50.0,0.0,Null,0.0,0.0,,47,Wellington City,Unknown,0.0,0.0,0.0,0.0,0.0,0.0,Urban,0.0,0.0,0.0,Fine,Null,0
67657659,,573700,0.0,0.0,0.0,0.0,0.0,South,2022/2023,CORTINA AVENUE,SAFARI CRESCENT,,Non-Injury Crash,No,2023,0.0,North,0.0,0,0.0,Hill Road,0.0,,0.0,,0.0,Dark,2082002,0,0.0,0.0,2.0,0.0,0.0,0.0,0.0,1.0,,0.0,0.0,Wellington Region,Nil,2-way,Sealed,0.0,0.0,0,0.0,50.0,0.0,On,0.0,0.0,,47,Wellington City,Nil,0.0,0.0,0.0,0.0,0.0,0.0,Urban,2.0,0.0,0.0,Light rain,Null,0
67657742,,572701,0.0,0.0,0.0,1.0,0.0,East,2014/2015,COLLINS AVENUE,HINAU ST,,Non-Injury Crash,No,2015,0.0,East,0.0,0,0.0,Flat,0.0,,0.0,,0.0,Bright sun,1993000,0,0.0,0.0,2.0,0.0,0.0,0.0,0.0,1.0,,0.0,0.0,Wellington Region,Nil,2-way,Sealed,0.0,0.0,0,0.0,50.0,0.0,Null,0.0,0.0,,47,Wellington City,Give way,0.0,0.0,0.0,0.0,0.0,0.0,Urban,1.0,0.0,0.0,Fine,Null,0
67657747,,576002,0.0,0.0,0.0,1.0,0.0,South,2022/2023,THE PARADE,MEDWAY STREET,,Non-Injury Crash,Unknown,2023,0.0,North,0.0,0,0.0,Null,0.0,,0.0,,0.0,Overcast,2190600,0,0.0,0.0,2.0,0.0,0.0,0.0,0.0,1.0,,0.0,0.0,Wellington Region,Nil,2-way,Sealed,0.0,0.0,0,0.0,30.0,0.0,Off,0.0,0.0,,47,Wellington City,Nil,0.0,0.0,0.0,0.0,0.0,0.0,Urban,1.0,0.0,0.0,Null,Null,0
67657756,,573526,0.0,,0.0,2.0,,North,2015/2016,SH 2,HUTT ON NBD,,Non-Injury Crash,Yes,2015,,North,,0,,Flat,,,,,,Bright sun,2077503,0,0.0,0.0,2.0,,,0.0,,,,,,Wellington Region,Nil,2-way,Sealed,,0.0,0,,100.0,,Null,0.0,0.0,,47,Wellington City,Nil,,,,,0.0,0.0,Open,0.0,,,Fine,Null,0