OBJECTID,advisorySpeed,areaUnitID,bicycle,bridge,bus,carStationWagon,cliffBank,crashDirectionDescription,crashFinancialYear,crashLocation1,crashLocation2,crashRoadSideRoad,crashSeverity,crashSHDescription,crashYear,debris,directionRoleDescription,ditch,fatalCount,fence,flatHill,guardRail,holiday,houseOrBuilding,intersection,kerb,light,meshblockId,minorInjuryCount,moped,motorcycle,NumberOfLanes,objectThrownOrDropped,otherObject,otherVehicleType,overBank,parkedVehicle,pedestrian,phoneBoxEtc,postOrPole,region,roadCharacter,roadLane,roadSurface,roadworks,schoolBus,seriousInjuryCount,slipOrFlood,speedLimit,strayAnimal,streetLight,suv,taxi,temporarySpeedLimit,tlaId,tlaName,trafficControl,trafficIsland,trafficSign,train,tree,truck,unknownVehicleType,urban,vanOrUtility,vehicle,waterRiver,weatherA,weatherB,if_pandemic
67657765,,572900,1.0,,0.0,1.0,,East,2014/2015,THORNDON QUAY,MOORE ST,,Non-Injury Crash,No,2015,,West,,0,,Flat,,,,,,Bright sun,2118300,0,0.0,0.0,2.0,,,0.0,,,,,,Wellington Region,Nil,2-way,Sealed,,0.0,0,,50.0,,Off,0.0,0.0,,47,Wellington City,Nil,,,,,0.0,0.0,Urban,0.0,,,Fine,Null,0
67657807,,576301,0.0,,0.0,0.0,,Null,2015/2016,RIDDIFORD ST,RINTOUL ST,,Serious Crash,No,2016,,North,,0,,Flat,,,,,,Bright sun,2164600,0,0.0,0.0,2.0,,,0.0,,,1.0,,,Wellington Region,Nil,2-way,Sealed,,0.0,1,,50.0,,Null,0.0,0.0,,47,Wellington City,Traffic Signals,,,,,1.0,0.0,Urban,0.0,,,Fine,Null,0
67657837,,576002,0.0,,0.0,2.0,,Null,2014/2015,THE ESPLANADE,BRIGHTON ST,,Non-Injury Crash,No,2015,,East,,0,,Flat,,,,,,Bright sun,2189600,0,0.0,0.0,2.0,,,0.0,,,,,,Wellington Region,Nil,2-way,Sealed,,0.0,0,,50.0,,Null,0.0,0.0,,47,Wellington City,Give way,,,,,0.0,0.0,Urban,0.0,,,Fine,Null,0
67657851,,573700,0.0,,0.0,1.0,,Null,2014/2015,MOOREFIELD ROAD,JOHNSONVILLE ROAD,,Non-Injury Crash,No,2015,,East,,0,,Flat,,,,,,Dark,2082300,0,0.0,0.0,2.0,,,0.0,,,,,,Wellington Region,Nil,2-way,Sealed,,0.0,0,,50.0,,On,0.0,0.0,,47,Wellington City,Give way,,,,,0.0,0.0,Urban,1.0,,,Fine,Null,0
67657885,,573000,0.0,0.0,0.0,2.0,0.0,South,2015/2016,BALLANCE ST,LAMBTON QUAY,,Non-Injury Crash,No,2015,0.0,North,0.0,0,0.0,Flat,0.0,,0.0,,0.0,Bright sun,2124200,0,0.0,0.0,1.0,0.0,0.0,0.0,0.0,1.0,,0.0,0.0,Wellington Region,Nil,1-way,Sealed,0.0,0.0,0,0.0,50.0,0.0,Null,0.0,0.0,,47,Wellington City,Nil,0.0,0.0,0.0,0.0,0.0,0.0,Urban,0.0,0.0,0.0,Fine,Null,0
67657932,,574500,0.0,0.0,0.0,1.0,0.0,West,2015/2016,KAIWHARAWHARA ROAD,OLD PORIRUA ROAD,,Minor Crash,No,2015,0.0,West,0.0,0,0.0,Flat,0.0,,0.0,,1.0,Overcast,2093600,1,0.0,0.0,2.0,0.0,0.0,0.0,0.0,0.0,,0.0,1.0,Wellington Region,Nil,2-way,Sealed,0.0,0.0,0,0.0,50.0,0.0,Null,0.0,0.0,,47,Wellington City,Unknown,0.0,0.0,0.0,0.0,0.0,0.0,Urban,0.0,0.0,0.0,Fine,Null,0
67657934,,573101,0.0,,0.0,1.0,,East,2016/2017,CABLE ST,CHAFFERS ST,,Minor Crash,No,2016,,East,,0,,Flat,,,,,,Overcast,2135500,1,0.0,1.0,3.0,,,0.0,,,,,,Wellington Region,Nil,1-way,Sealed,,0.0,0,,50.0,,Null,0.0,0.0,,47,Wellington City,Unknown,,,,,0.0,0.0,Urban,0.0,,,Fine,Null,0
67657948,,574002,0.0,,0.0,1.0,,North,2014/2015,SH 2,NGAURANGA ON NBD,,Non-Injury Crash,Yes,2015,,North,,0,,Flat,,,,,,Overcast,2078302,0,0.0,0.0,2.0,,,0.0,,,,,,Wellington Region,Nil,1-way,Sealed,,0.0,0,,100.0,,Off,0.0,0.0,,47,Wellington City,Nil,,,,,1.0,0.0,Open,0.0,,,Light rain,Null,0
67657961,,572900,0.0,,0.0,3.0,,Null,2015/2016,TINAKORI ROAD,HOBSON ST,,Non-Injury Crash,No,2016,,North,,0,,Flat,,,,,,Bright sun,2117800,0,0.0,0.0,2.0,,,0.0,,,,,,Wellington Region,Nil,2-way,Sealed,,0.0,0,,50.0,,Null,0.0,0.0,,47,Wellington City,Give way,,,,,1.0,0.0,Urban,0.0,,,Fine,Null,0
67657980,,576600,0.0,,0.0,3.0,,East,2015/2016,ORIENTAL PARADE,FREYBERG POOL CPK ENT,,Non-Injury Crash,No,2016,,East,,0,,Flat,,,,,,Bright sun,2137900,0,0.0,0.0,2.0,,,0.0,,,,,,Wellington Region,Nil,2-way,Sealed,,0.0,0,,40.0,,Null,0.0,0.0,,47,Wellington City,Unknown,,,,,0.0,0.0,Urban,0.0,,,Fine,Null,0
67658035,,572600,0.0,,0.0,3.0,,South,2015/2016,SH 1N,PED SUBWAY,,Non-Injury Crash,Yes,2015,,North,,0,,Flat,,,,,,Overcast,1992400,0,0.0,0.0,2.0,,,0.0,,,,,,Wellington Region,Nil,1-way,Sealed,,0.0,0,,100.0,,Off,0.0,0.0,,47,Wellington City,Unknown,,,,,0.0,0.0,Open,0.0,,,Heavy rain,Null,0
67658060,,575000,0.0,0.0,0.0,2.0,0.0,Null,2015/2016,BRAITHWAITE ST,LANCASTER ST,,Non-Injury Crash,No,2015,0.0,West,0.0,0,0.0,Hill Road,0.0,,0.0,,0.0,Overcast,2111500,0,0.0,0.0,2.0,0.0,0.0,0.0,0.0,1.0,,0.0,0.0,Wellington Region,Nil,2-way,Sealed,0.0,0.0,0,0.0,50.0,0.0,Null,0.0,0.0,,47,Wellington City,Nil,0.0,0.0,0.0,0.0,0.0,0.0,Urban,0.0,0.0,0.0,Light rain,Null,0
67658065,,572900,0.0,,0.0,2.0,,Null,2015/2016,STOUT ST,BUNNY ST,,Non-Injury Crash,No,2015,,North,,0,,Flat,,,,,,Bright sun,2122800,0,0.0,0.0,4.0,,,0.0,,,,,,Wellington Region,Nil,2-way,Sealed,,0.0,0,,50.0,,Null,0.0,0.0,,47,Wellington City,Traffic Signals,,,,,0.0,0.0,Urban,0.0,,,Fine,Null,0
67658105,,576901,0.0,,0.0,2.0,,Null,2015/2016,ONEPU ROAD,RONGOTAI ROAD,,Non-Injury Crash,No,2015,,North,,0,,Flat,,,,,,Overcast,2178300,0,0.0,0.0,2.0,,,0.0,,,,,,Wellington Region,Nil,2-way,Sealed,,0.0,0,,50.0,,Null,0.0,0.0,,47,Wellington City,Traffic Signals,,,,,0.0,0.0,Urban,0.0,,,Fine,Null,0
67658153,,573000,0.0,,0.0,1.0,,Null,2015/2016,CUSTOMHOUSE QUAY,BRANDON ST,,Minor Crash,No,2016,,North,,0,,Flat,,,,,,Dark,2124300,1,0.0,0.0,3.0,,,0.0,,,1.0,,,Wellington Region,Nil,1-way,Sealed,,0.0,0,,50.0,,On,0.0,0.0,,47,Wellington City,Traffic Signals,,,,,0.0,0.0,Urban,0.0,,,Fine,Null,0
67658223,,574900,0.0,0.0,0.0,0.0,0.0,West,2014/2015,KARORI ROAD,MONAGHAN AVENUE,,Non-Injury Crash,No,2015,0.0,East,0.0,0,0.0,Flat,0.0,,0.0,,0.0,Bright sun,2108804,0,0.0,0.0,2.0,0.0,0.0,0.0,0.0,0.0,,0.0,0.0,Wellington Region,Nil,2-way,Sealed,0.0,0.0,0,0.0,50.0,0.0,Off,0.0,0.0,,47,Wellington City,Nil,0.0,0.0,0.0,0.0,1.0,0.0,Urban,1.0,1.0,0.0,Fine,Null,0
67658243,,573000,0.0,,0.0,2.0,,North,2014/2015,BOULCOTT ST,CHURCH ST,,Non-Injury Crash,No,2015,,North,,0,,Hill Road,,,,,,Dark,2128000,0,0.0,0.0,2.0,,,0.0,,,,,,Wellington Region,Nil,2-way,Sealed,,0.0,0,,50.0,,On,0.0,0.0,,47,Wellington City,Nil,,,,,0.0,0.0,Urban,0.0,,,Fine,Null,0
67658268,,577000,0.0,,0.0,1.0,,West,2014/2015,SH 1N,COBHAM DRIVE,,Non-Injury Crash,Yes,2015,,East,,0,,Flat,,,,,,Overcast,2175700,0,0.0,0.0,4.0,,,0.0,,,,,,Wellington Region,Nil,2-way,Sealed,,0.0,0,,70.0,,Null,0.0,1.0,,47,Wellington City,Unknown,,,,,0.0,0.0,Urban,1.0,,,Heavy rain,Strong wind,0
67658298,,573700,0.0,,0.0,2.0,,Null,2023/2024,MOOREFIELD ROAD,MOOREFIELD ROAD,,Non-Injury Crash,No,2023,,South,,0,,Flat,,,,,,Bright sun,2082300,0,0.0,0.0,2.0,,,0.0,,,,,,Wellington Region,Nil,2-way,Sealed,,0.0,0,,50.0,,Off,0.0,0.0,,47,Wellington City,Give way,,,,,0.0,0.0,Urban,0.0,,,Fine,Null,0
67658326,,573000,0.0,,0.0,2.0,,North,2014/2015,FEATHERSTON ST,BRANDON ST,,Non-Injury Crash,No,2015,,South,,0,,Flat,,,,,,Bright sun,2125500,0,0.0,0.0,2.0,,,0.0,,,,,,Wellington Region,Nil,1-way,Sealed,,0.0,0,,30.0,,Null,0.0,0.0,,47,Wellington City,Unknown,,,,,0.0,0.0,Urban,0.0,,,Fine,Null,0
67658377,,574303,0.0,0.0,0.0,1.0,1.0,Null,2015/2016,SH 2,SH 1N OFF RAMP,,Non-Injury Crash,Yes,2015,0.0,South,0.0,0,0.0,Null,1.0,,0.0,,0.0,Dark,2090402,0,0.0,0.0,,0.0,0.0,0.0,0.0,0.0,,0.0,0.0,Wellington Region,Motorway ramp,1-way,Sealed,0.0,0.0,0,0.0,100.0,0.0,On,0.0,0.0,,47,Wellington City,Nil,0.0,1.0,0.0,0.0,0.0,0.0,Open,0.0,0.0,0.0,Fine,Null,0
67658385,,574002,0.0,0.0,0.0,1.0,0.0,Null,2023/2024,HUTT ROAD,HUTT ROAD ON RAMP,,Non-Injury Crash,Yes,2023,0.0,North,0.0,0,0.0,Flat,1.0,,0.0,,0.0,Dark,2078302,0,0.0,0.0,2.0,0.0,0.0,0.0,0.0,0.0,,0.0,0.0,Wellington Region,Nil,1-way,Sealed,0.0,0.0,0,0.0,100.0,0.0,On,0.0,0.0,30.0,47,Wellington City,Nil,0.0,0.0,0.0,0.0,1.0,0.0,Open,0.0,1.0,0.0,Light rain,Null,0
67658397,,574002,1.0,,0.0,0.0,,West,2015/2016,HUTT OFF SBD,NGAURANGA ON NBD,,Minor Crash,Yes,2016,,West,,0,,Flat,,,,,,Bright sun,2078302,1,0.0,0.0,1.0,,,0.0,,,,,,Wellington Region,Nil,1-way,Sealed,,0.0,0,,100.0,,Off,0.0,0.0,70.0,47,Wellington City,Nil,,,,,0.0,0.0,Open,0.0,,,Fine,Null,0
67658402,,573101,0.0,,0.0,2.0,,East,2015/2016,DIXON ST,WILLIS ST,,Non-Injury Crash,No,2015,,West,,0,,Hill Road,,,,,,Dark,2131300,0,0.0,0.0,2.0,,,0.0,,,,,,Wellington Region,Nil,1-way,Sealed,,0.0,0,,50.0,,On,0.0,0.0,,47,Wellington City,Unknown,,,,,0.0,0.0,Urban,0.0,,,Light rain,Null,0
67658410,,573000,0.0,,0.0,1.0,,North,2014/2015,THE TERRACE,AURORA TERRACE,,Non-Injury Crash,No,2015,,South,,0,,Flat,,,,,,Bright sun,2123902,0,0.0,0.0,2.0,,,0.0,,,,,,Wellington Region,Nil,2-way,Sealed,,0.0,0,,50.0,,Null,0.0,0.0,,47,Wellington City,Nil,,,,,0.0,0.0,Urban,1.0,,,Fine,Null,0
67658465,,574900,0.0,0.0,0.0,2.0,0.0,North,2023/2024,PERCY DYETT DRIVE,SUNSHINE AVENUE,,Non-Injury Crash,No,2023,0.0,North,0.0,0,0.0,Hill Road,0.0,,0.0,,0.0,Dark,2109304,0,0.0,0.0,2.0,0.0,0.0,0.0,0.0,1.0,,0.0,0.0,Wellington Region,Nil,2-way,Sealed,0.0,0.0,0,0.0,50.0,0.0,On,0.0,0.0,,47,Wellington City,Nil,0.0,0.0,0.0,0.0,0.0,0.0,Urban,0.0,0.0,0.0,Fine,Null,0
67658496,,574002,0.0,,0.0,1.0,,North,2015/2016,SH 1N,CENTENNIAL SBD,,Non-Injury Crash,Yes,2015,,South,,0,,Hill Road,,,,,,Overcast,2078302,0,0.0,0.0,6.0,,,0.0,,,,,,Wellington Region,Nil,2-way,Sealed,,0.0,0,,80.0,,Null,0.0,0.0,,47,Wellington City,Nil,,,,,0.0,0.0,Open,0.0,,,Fine,Null,0
67658565,,573000,0.0,,2.0,0.0,,South,2014/2015,WILLIS ST,LAMBTON QUAY,,Serious Crash,No,2015,,North,,0,,Flat,,,,,,Bright sun,2127400,0,0.0,0.0,3.0,,,0.0,,,,,,Wellington Region,Nil,2-way,Sealed,,0.0,1,,50.0,,Off,0.0,0.0,,47,Wellington City,Traffic Signals,,,,,0.0,0.0,Urban,0.0,,,Fine,Null,0
67658582,,573101,0.0,,0.0,1.0,,Null,2014/2015,SH 1N KARO DRIVE,VICTORIA ST,,Non-Injury Crash,Yes,2015,,South,,0,,Flat,,,,,,Dark,2132400,0,0.0,1.0,2.0,,,0.0,,,,,,Wellington Region,Nil,1-way,Sealed,,0.0,0,,50.0,,On,0.0,1.0,,47,Wellington City,Traffic Signals,,,,,0.0,0.0,Urban,0.0,,,Fine,Null,0
67658610,,573523,0.0,0.0,0.0,1.0,0.0,North,2015/2016,SH 1N,CHURTON PARK OFF SBD,,Non-Injury Crash,Yes,2015,0.0,South,0.0,0,0.0,Flat,0.0,,0.0,,0.0,Dark,2086312,0,0.0,0.0,2.0,0.0,0.0,0.0,0.0,0.0,,0.0,1.0,Wellington Region,Nil,1-way,Sealed,0.0,0.0,0,0.0,100.0,0.0,On,0.0,0.0,,47,Wellington City,Unknown,0.0,0.0,0.0,0.0,0.0,0.0,Open,0.0,0.0,0.0,Fine,Null,0
67658612,,576500,0.0,,0.0,2.0,,North,2015/2016,RIDDIFORD ST,HALL ST,,Minor Crash,No,2015,,South,,0,,Flat,,,,,,Twilight,2149200,1,0.0,0.0,4.0,,,0.0,,,,,,Wellington Region,Nil,2-way,Sealed,,0.0,0,,50.0,,Off,0.0,0.0,,47,Wellington City,Unknown,,,,,0.0,0.0,Urban,0.0,,,Fine,Null,0
67658701,,576500,0.0,0.0,0.0,1.0,0.0,North,2016/2017,ADELAIDE ROAD,DRUMMOND ST,,Minor Crash,No,2016,0.0,South,0.0,0,0.0,Flat,0.0,,0.0,,0.0,Dark,2148300,1,0.0,0.0,4.0,0.0,0.0,0.0,0.0,0.0,,0.0,1.0,Wellington Region,Nil,2-way,Sealed,0.0,0.0,0,0.0,50.0,0.0,Off,0.0,0.0,,47,Wellington City,Unknown,0.0,0.0,0.0,0.0,0.0,0.0,Urban,0.0,0.0,0.0,Heavy rain,Null,0
67658717,,573101,0.0,,0.0,3.0,,East,2015/2016,SH 1N,TARANAKI ST,,Minor Crash,Yes,2016,,East,,0,,Flat,,,,,,Dark,2134200,1,0.0,0.0,2.0,,,0.0,,,,,,Wellington Region,Nil,1-way,Sealed,,0.0,0,,50.0,,On,0.0,0.0,,47,Wellington City,Unknown,,,,,0.0,0.0,Urban,1.0,,,Fine,Null,0
67658720,,575800,0.0,,0.0,1.0,,South,2014/2015,MONTREAL GROVE,VANCOUVER ST,,Minor Crash,No,2015,,South,,0,,Hill Road,,,,,,Bright sun,2197102,1,0.0,0.0,2.0,,,0.0,,,1.0,,,Wellington Region,Nil,2-way,Sealed,,0.0,0,,50.0,,Off,0.0,0.0,,47,Wellington City,Nil,,,,,0.0,0.0,Urban,0.0,,,Fine,Null,0
67658800,,574500,0.0,,0.0,0.0,,North,2015/2016,SH 1N,AOTEA OFF SBD,,Non-Injury Crash,Yes,2015,,South,,0,,Flat,,,,,,Bright sun,2093600,0,0.0,0.0,3.0,,,0.0,,,,,,Wellington Region,Nil,1-way,Sealed,,0.0,0,,100.0,,Null,0.0,0.0,80.0,47,Wellington City,Unknown,,,,,1.0,0.0,Open,1.0,,,Fine,Null,0
67658810,,573400,0.0,0.0,0.0,2.0,0.0,East,2014/2015,STAFFORD ST,PORT ST,,Non-Injury Crash,No,2015,0.0,West,0.0,0,0.0,Hill Road,0.0,,0.0,,0.0,Bright sun,2139603,0,0.0,0.0,1.0,0.0,0.0,0.0,0.0,1.0,,0.0,0.0,Wellington Region,Nil,2-way,Sealed,0.0,0.0,0,0.0,50.0,0.0,Null,0.0,0.0,,47,Wellington City,Nil,0.0,0.0,0.0,0.0,0.0,0.0,Urban,0.0,0.0,0.0,Fine,Null,0
67658848,,574001,0.0,0.0,0.0,0.0,0.0,South,2023/2024,KENMORE STREET,HOROKIWI ROAD WEST,,Non-Injury Crash,No,2023,0.0,North,0.0,0,0.0,Hill Road,0.0,,0.0,,0.0,Bright sun,2075200,0,0.0,0.0,2.0,0.0,0.0,0.0,0.0,1.0,,0.0,0.0,Wellington Region,Nil,2-way,Sealed,0.0,0.0,0,0.0,50.0,0.0,Off,2.0,0.0,,47,Wellington City,Nil,0.0,0.0,0.0,0.0,0.0,0.0,Urban,0.0,0.0,0.0,Fine,Null,0
67658867,,575000,0.0,,0.0,1.0,,East,2015/2016,CHAYTOR ST,OLD KARORI ROAD,,Non-Injury Crash,No,2015,,South,,0,,Hill Road,,,,,,Dark,2111000,0,0.0,0.0,2.0,,,0.0,,,,,,Wellington Region,Nil,2-way,Sealed,,0.0,0,,50.0,,On,0.0,0.0,,47,Wellington City,Nil,,,,,0.0,0.0,Urban,0.0,,,Light rain,Null,0
67658920,,574002,0.0,,0.0,2.0,,Null,2023/2024,CENTENNIAL HIGHWAY,CENTENNIAL HIGHWAY ON RAMP,,Non-Injury Crash,Yes,2023,,North,,0,,Hill Road,,,,,,Dark,2078302,0,0.0,0.0,3.0,,,0.0,,,,,,Wellington Region,Motorway ramp,1-way,Sealed,,0.0,0,,80.0,,On,0.0,0.0,,47,Wellington City,Nil,,,,,0.0,0.0,Open,0.0,,,Light rain,Strong wind,0
67658923,,575200,1.0,0.0,1.0,0.0,0.0,Null,2014/2015,NORTHLAND ROAD,PEMBROKE ROAD,,Minor Crash,No,2015,0.0,South,0.0,0,0.0,Hill Road,0.0,,0.0,,0.0,Dark,2150500,1,0.0,0.0,2.0,0.0,0.0,0.0,0.0,0.0,,0.0,0.0,Wellington Region,Nil,2-way,Sealed,0.0,0.0,0,0.0,50.0,0.0,On,0.0,0.0,,47,Wellington City,Give way,0.0,0.0,0.0,0.0,0.0,0.0,Urban,0.0,1.0,0.0,Fine,Null,0
67658936,,574100,0.0,0.0,0.0,0.0,1.0,North,2023/2024,BANNISTER AVENUE,ATUA STREET,,Non-Injury Crash,No,2023,0.0,North,0.0,0,0.0,Flat,0.0,,0.0,,0.0,Dark,2084700,0,0.0,0.0,2.0,0.0,0.0,0.0,0.0,0.0,,0.0,0.0,Wellington Region,Nil,2-way,Sealed,0.0,0.0,0,0.0,50.0,0.0,On,1.0,0.0,,47,Wellington City,Nil,0.0,0.0,0.0,0.0,0.0,0.0,Urban,0.0,0.0,0.0,Light rain,Null,0
67658991,,576500,0.0,,0.0,2.0,,Null,2023/2024,ADELAIDE ROAD,HOSPITAL ROAD,,Non-Injury Crash,No,2023,,North,,0,,Flat,,,,,,Twilight,2148500,0,0.0,0.0,3.0,,,0.0,,,,,,Wellington Region,Nil,2-way,Sealed,,0.0,0,,50.0,,On,0.0,0.0,,47,Wellington City,Traffic Signals,,,,,0.0,0.0,Urban,0.0,,,Fine,Null,0
67659024,,572900,0.0,0.0,0.0,1.0,0.0,North,2015/2016,SH 1N,AOTEA QUAY,,Non-Injury Crash,Yes,2016,0.0,North,0.0,0,0.0,Flat,1.0,,0.0,,0.0,Overcast,2118400,0,0.0,0.0,3.0,0.0,0.0,0.0,0.0,0.0,,0.0,0.0,Wellington Region,Motorway ramp,1-way,Sealed,0.0,0.0,0,0.0,100.0,0.0,Null,0.0,0.0,,47,Wellington City,Unknown,0.0,0.0,0.0,0.0,1.0,0.0,Open,1.0,0.0,0.0,Light rain,Null,0
67659119,,574002,0.0,,0.0,1.0,,Null,2015/2016,NGAURANGA ON NBD,HUTT ROAD,,Non-Injury Crash,Yes,2015,,North,,0,,Flat,,,,,,Dark,2078302,0,0.0,0.0,2.0,,,0.0,,,,,,Wellington Region,Nil,1-way,Sealed,,0.0,0,,50.0,,On,0.0,0.0,,47,Wellington City,Traffic Signals,,,,,1.0,0.0,Urban,0.0,,,Fine,Null,0
67659144,,573526,0.0,,0.0,2.0,,West,2015/2016,SH 2,HOROKIWI ROAD,,Non-Injury Crash,Yes,2016,,West,,0,,Flat,,,,,,Overcast,2086403,0,0.0,0.0,4.0,,,0.0,,,,,,Wellington Region,Nil,2-way,Sealed,,0.0,0,,100.0,,Null,0.0,0.0,,47,Wellington City,Unknown,,,,,0.0,0.0,Open,1.0,,,Fine,Null,0
67659193,,576800,0.0,,0.0,2.0,,West,2016/2017,HATAITAI ROAD,KONINI ROAD,,Minor Crash,No,2016,,South,,0,,Hill Road,,,,,,Overcast,2182000,1,0.0,0.0,1.0,,,0.0,,,,,,Wellington Region,Nil,2-way,Sealed,,0.0,0,,50.0,,Null,0.0,0.0,30.0,47,Wellington City,Unknown,,,,,0.0,0.0,Urban,0.0,,,Snow,Strong wind,0
67659203,,575300,0.0,,0.0,2.0,,North,2015/2016,PLUNKET ST,FAIRVIEW CRESCENT,,Non-Injury Crash,No,2016,,West,,0,,Hill Road,,,,,,Overcast,2152100,0,0.0,0.0,2.0,,,0.0,,,,,,Wellington Region,Nil,2-way,Sealed,,0.0,0,,50.0,,Null,0.0,1.0,,47,Wellington City,Unknown,,,,,0.0,0.0,Urban,0.0,,,Fine,Null,0
67659226,,573200,0.0,0.0,0.0,1.0,0.0,North,2015/2016,OHIRO ROAD,TANERA CRESCENT N,,Non-Injury Crash,No,2016,0.0,North,0.0,0,0.0,Hill Road,0.0,,0.0,,0.0,Unknown,2158700,0,0.0,0.0,2.0,0.0,0.0,0.0,1.0,0.0,,0.0,0.0,Wellington Region,Nil,2-way,Sealed,0.0,0.0,0,0.0,50.0,0.0,On,0.0,0.0,,47,Wellington City,Unknown,0.0,0.0,0.0,1.0,0.0,0.0,Urban,0.0,0.0,0.0,Fine,Null,0
67659246,,573101,0.0,,0.0,2.0,,North,2015/2016,KENT TERRACE,MAJORIBANKS ST,,Non-Injury Crash,No,2015,,South,,0,,Flat,,,,,,Bright sun,2135700,0,0.0,0.0,5.0,,,0.0,,,,,,Wellington Region,Nil,2-way,Sealed,,0.0,0,,50.0,,Off,0.0,0.0,,47,Wellington City,Traffic Signals,,,,,0.0,0.0,Urban,0.0,,,Fine,Null,0
67659283,,572900,0.0,,0.0,1.0,,Null,2023/2024,HUTT ROAD,AOTEA QUAY,,Non-Injury Crash,No,2023,,North,,0,,Flat,,,,,,Bright sun,2117102,0,0.0,0.0,4.0,,,0.0,,,,,,Wellington Region,Nil,2-way,Sealed,,0.0,0,,60.0,,Null,0.0,0.0,,47,Wellington City,Nil,,,,,0.0,0.0,Urban,1.0,,,Fine,Null,0
67659386,,576800,0.0,0.0,0.0,1.0,0.0,North,2022/2023,HATAITAI ROAD,HUIA ROAD,,Non-Injury Crash,No,2023,0.0,South,0.0,0,0.0,Hill Road,0.0,,0.0,,0.0,Bright sun,2184400,0,0.0,0.0,2.0,0.0,0.0,0.0,0.0,1.0,,0.0,0.0,Wellington Region,Nil,2-way,Sealed,0.0,0.0,0,0.0,50.0,0.0,Null,0.0,0.0,,47,Wellington City,Nil,0.0,0.0,0.0,0.0,1.0,0.0,Urban,0.0,0.0,0.0,Fine,Null,0
67659387,25.0,574002,0.0,0.0,0.0,1.0,0.0,South,2015/2016,NGAURANGA ON NBD,RLY YARD ENT,,Non-Injury Crash,No,2016,0.0,South,0.0,0,1.0,Flat,0.0,,0.0,,0.0,Dark,2078302,0,0.0,0.0,2.0,0.0,0.0,0.0,0.0,0.0,,0.0,1.0,Wellington Region,Nil,1-way,Sealed,0.0,0.0,0,0.0,100.0,0.0,On,0.0,0.0,,47,Wellington City,Nil,0.0,0.0,0.0,0.0,0.0,0.0,Open,0.0,0.0,0.0,Fine,Null,0
67659390,,573400,0.0,,0.0,0.0,,South,2014/2015,SH 1N KENT,PIRIE ST,,Minor Crash,Yes,2015,,South,,0,,Flat,,,,,,Bright sun,2143400,1,0.0,0.0,4.0,,,0.0,,,1.0,,,Wellington Region,Nil,1-way,Sealed,,0.0,0,,50.0,,Null,0.0,0.0,,47,Wellington City,Unknown,,,,,0.0,0.0,Urban,1.0,,,Fine,Null,0
67659412,,573101,0.0,0.0,0.0,2.0,0.0,North,2014/2015,ALLEN ST,COURTENAY PLACE,,Non-Injury Crash,No,2015,0.0,South,0.0,0,0.0,Flat,0.0,,0.0,,0.0,Dark,2135700,0,0.0,0.0,1.0,0.0,0.0,0.0,0.0,1.0,,0.0,0.0,Wellington Region,Nil,2-way,Sealed,0.0,0.0,0,0.0,50.0,0.0,On,0.0,0.0,,47,Wellington City,Nil,0.0,0.0,0.0,0.0,0.0,0.0,Urban,0.0,0.0,0.0,Fine,Null,0
67659510,,575300,0.0,,0.0,1.0,,North,2014/2015,KELBURN PARADE,GLASGOW ST,,Non-Injury Crash,No,2015,,North,,0,,Flat,,,,,,Overcast,2155300,0,1.0,0.0,2.0,,,0.0,,,,,,Wellington Region,Nil,2-way,Sealed,,0.0,0,,50.0,,Off,0.0,0.0,,47,Wellington City,Unknown,,,,,0.0,0.0,Urban,0.0,,,Light rain,Null,0
67659564,,573101,0.0,,0.0,0.0,,East,2015/2016,WAKEFIELD ST,TARANAKI ST,,Non-Injury Crash,No,2015,,West,,0,,Flat,,,,,,Dark,2135600,0,0.0,1.0,2.0,,,0.0,,,,,,Wellington Region,Nil,2-way,Sealed,,0.0,0,,50.0,,On,0.0,0.0,,47,Wellington City,Unknown,,,,,0.0,0.0,Urban,1.0,,,Fine,Null,0
67659581,,573300,0.0,0.0,0.0,1.0,0.0,Null,2014/2015,WEBB ST,THOMPSON ST,,Non-Injury Crash,No,2015,0.0,North,0.0,0,0.0,Hill Road,0.0,,1.0,,0.0,Bright sun,2144101,0,0.0,0.0,2.0,0.0,0.0,0.0,0.0,0.0,,0.0,0.0,Wellington Region,Nil,2-way,Sealed,0.0,0.0,0,0.0,50.0,0.0,Null,0.0,0.0,,47,Wellington City,Stop,0.0,0.0,0.0,0.0,0.0,0.0,Urban,0.0,0.0,0.0,Fine,Null,0
67659606,,576301,0.0,,0.0,2.0,,East,2015/2016,WARIPORI ST,RINTOUL ST,,Non-Injury Crash,No,2016,,East,,0,,Hill Road,,,,,,Bright sun,2165800,0,0.0,0.0,2.0,,,0.0,,,,,,Wellington Region,Nil,2-way,Sealed,,0.0,0,,50.0,,Null,0.0,0.0,,47,Wellington City,Traffic Signals,,,,,0.0,0.0,Urban,0.0,,,Fine,Null,0
67659634,,573400,0.0,,0.0,1.0,,East,2015/2016,ORIENTAL PARADE,HERD ST,,Non-Injury Crash,No,2015,,East,,0,,Flat,,,,,,Overcast,2138400,0,0.0,0.0,2.0,,,0.0,,,,,,Wellington Region,Nil,2-way,Sealed,,0.0,0,,40.0,,Null,0.0,0.0,,47,Wellington City,Unknown,,,,,0.0,0.0,Urban,1.0,,,Light rain,Null,0