OBJECTID,advisorySpeed,areaUnitID,bicycle,bridge,bus,carStationWagon,cliffBank,crashDirectionDescription,crashFinancialYear,crashLocation1,crashLocation2,crashRoadSideRoad,crashSeverity,crashSHDescription,crashYear,debris,directionRoleDescription,ditch,fatalCount,fence,flatHill,guardRail,holiday,houseOrBuilding,intersection,kerb,light,meshblockId,minorInjuryCount,moped,motorcycle,NumberOfLanes,objectThrownOrDropped,otherObject,otherVehicleType,overBank,parkedVehicle,pedestrian,phoneBoxEtc,postOrPole,region,roadCharacter,roadLane,roadSurface,roadworks,schoolBus,seriousInjuryCount,slipOrFlood,speedLimit,strayAnimal,streetLight,suv,taxi,temporarySpeedLimit,tlaId,tlaName,trafficControl,trafficIsland,trafficSign,train,tree,truck,unknownVehicleType,urban,vanOrUtility,vehicle,waterRiver,weatherA,weatherB,if_pandemic
67659639,,573000,0.0,,0.0,2.0,,Null,2015/2016,WHITMORE ST,FEATHERSTON ST,,Non-Injury Crash,No,2016,,South,,0,,Flat,,Easter,,,,Bright sun,2123800,0,0.0,0.0,4.0,,,0.0,,,,,,Wellington Region,Nil,2-way,Sealed,,0.0,0,,50.0,,Null,0.0,0.0,,47,Wellington City,Traffic Signals,,,,,0.0,0.0,Urban,0.0,,,Fine,Null,0
67659793,,574303,0.0,,0.0,0.0,,Null,2015/2016,SH 1N,SH 2,,Non-Injury Crash,Yes,2016,,South,,0,,Flat,,,,,,Overcast,2090402,0,0.0,0.0,3.0,,,0.0,,,,,,Wellington Region,Nil,1-way,Sealed,,0.0,0,,100.0,,Null,1.0,0.0,70.0,47,Wellington City,Nil,,,,,1.0,0.0,Open,0.0,,,Fine,Null,0
67659835,,574500,0.0,,0.0,1.0,,North,2023/2024,WELLINGTON URBAN MOTORWAY,AOTEA QUAY ON RAMP,,Non-Injury Crash,Yes,2023,,North,,0,,Flat,,,,,,Bright sun,2093600,0,0.0,0.0,4.0,,,0.0,,,,,,Wellington Region,Nil,1-way,Sealed,,0.0,0,,100.0,,Off,2.0,0.0,,47,Wellington City,Nil,,,,,0.0,0.0,Open,0.0,,,Fine,Null,0
67659886,,573000,0.0,,0.0,2.0,,North,2014/2015,THE TERRACE,TERRACE OFF SBD,,Non-Injury Crash,No,2015,,North,,0,,Hill Road,,,,,,Overcast,2124803,0,0.0,0.0,3.0,,,0.0,,,,,,Wellington Region,Nil,2-way,Sealed,,0.0,0,,50.0,,Off,0.0,0.0,,47,Wellington City,Traffic Signals,,,,,0.0,0.0,Urban,0.0,,,Fine,Null,0
67659895,,573903,0.0,,0.0,1.0,,East,2014/2015,HOROKIWI ROAD WEST,KENMORE ST,,Minor Crash,No,2015,,West,,0,,Hill Road,,,,,,Bright sun,2073202,1,0.0,0.0,2.0,,,0.0,,,1.0,,,Wellington Region,Nil,2-way,Sealed,,0.0,0,,50.0,,Off,0.0,0.0,,47,Wellington City,Give way,,,,,0.0,0.0,Urban,0.0,,,Fine,Null,0
67659909,,577200,0.0,,0.0,2.0,,South,2014/2015,COBHAM DRIVE,MIRAMAR AVENUE,,Non-Injury Crash,No,2015,,South,,0,,Flat,,,,,,Bright sun,2206200,0,0.0,0.0,1.0,,,0.0,,,,,,Wellington Region,Nil,2-way,Sealed,,0.0,0,,50.0,,Null,0.0,0.0,,47,Wellington City,Unknown,,,,,0.0,0.0,Urban,0.0,,,Fine,Null,0
67659931,,572900,0.0,,0.0,2.0,,North,2015/2016,TINAKORI ROAD,HILL ST,,Non-Injury Crash,No,2015,,North,,0,,Flat,,,,,,Overcast,2123100,0,0.0,0.0,2.0,,,0.0,,,,,,Wellington Region,Nil,2-way,Sealed,,0.0,0,,50.0,,Null,0.0,0.0,,47,Wellington City,Nil,,,,,0.0,0.0,Urban,0.0,,,Fine,Null,0
67659936,,573000,0.0,,0.0,2.0,,West,2015/2016,PANAMA ST,CUSTOMHOUSE QUAY,,Non-Injury Crash,No,2015,,South,,0,,Flat,,,,,,Bright sun,2125800,0,0.0,0.0,2.0,,,0.0,,,,,,Wellington Region,Nil,2-way,Sealed,,0.0,0,,50.0,,Null,0.0,0.0,,47,Wellington City,Unknown,,,,,0.0,0.0,Urban,0.0,,,Null,Null,0
67660027,,573101,0.0,,0.0,0.0,,Null,2014/2015,CABLE ST,CHAFFERS ST,,Non-Injury Crash,No,2015,,East,,0,,Flat,,,,,,Dark,2135300,0,0.0,0.0,3.0,,,0.0,,,,,,Wellington Region,Nil,1-way,Sealed,,0.0,0,,50.0,,Off,0.0,0.0,,47,Wellington City,Traffic Signals,,,,,0.0,0.0,Urban,2.0,,,Heavy rain,Null,0
67660034,,576700,0.0,,0.0,1.0,,Null,2016/2017,CARLTON GORE ROAD,MAIDA VALE ROAD,,Non-Injury Crash,No,2016,,South,,0,,Flat,,,,,,Bright sun,2186600,0,0.0,0.0,2.0,,,0.0,,,,,,Wellington Region,Nil,2-way,Sealed,,0.0,0,,50.0,,Null,0.0,0.0,,47,Wellington City,Nil,,,,,0.0,0.0,Urban,1.0,,,Fine,Null,0
67660093,,576301,0.0,,0.0,2.0,,Null,2014/2015,ADELAIDE ROAD,HALL ST,,Minor Crash,No,2015,,South,,0,,Hill Road,,,,,,Dark,2163900,1,0.0,0.0,2.0,,,0.0,,,,,,Wellington Region,Nil,2-way,Sealed,,0.0,0,,50.0,,On,0.0,0.0,,47,Wellington City,Traffic Signals,,,,,0.0,0.0,Urban,1.0,,,Fine,Null,0
67660110,,576001,0.0,,0.0,1.0,,North,2016/2017,THE PARADE,HUMBER ST,,Minor Crash,No,2016,,South,,0,,Flat,,,,,,Overcast,2190700,1,1.0,0.0,2.0,,,0.0,,,,,,Wellington Region,Nil,2-way,Sealed,,0.0,0,,50.0,,Null,0.0,0.0,,47,Wellington City,Unknown,,,,,0.0,0.0,Urban,0.0,,,Fine,Null,0
67660137,,573300,0.0,0.0,1.0,1.0,0.0,South,2014/2015,TARANAKI ST,SH 1N,,Non-Injury Crash,No,2015,0.0,South,0.0,0,0.0,Flat,0.0,,0.0,,0.0,Bright sun,2145300,0,0.0,0.0,4.0,0.0,0.0,0.0,0.0,0.0,,0.0,0.0,Wellington Region,Nil,2-way,Sealed,0.0,0.0,0,0.0,50.0,0.0,Null,0.0,0.0,,47,Wellington City,Traffic Signals,0.0,0.0,0.0,0.0,0.0,0.0,Urban,0.0,1.0,0.0,Fine,Null,0
67660163,,573000,0.0,0.0,0.0,1.0,0.0,Null,2015/2016,WHITMORE ST,STOUT ST,,Non-Injury Crash,No,2016,0.0,North,0.0,0,0.0,Flat,0.0,,0.0,,0.0,Overcast,2125000,0,0.0,0.0,2.0,0.0,0.0,0.0,0.0,1.0,,0.0,0.0,Wellington Region,Nil,2-way,Sealed,0.0,0.0,0,0.0,50.0,0.0,Null,1.0,0.0,,47,Wellington City,Give way,0.0,0.0,0.0,0.0,0.0,0.0,Urban,0.0,0.0,0.0,Fine,Null,0
67660186,,573400,0.0,0.0,0.0,0.0,0.0,East,2016/2017,MAJORIBANKS ST,ROXBURGH ST,,Non-Injury Crash,No,2016,0.0,West,0.0,0,0.0,Hill Road,0.0,,0.0,,0.0,Bright sun,2139900,0,0.0,0.0,2.0,0.0,0.0,0.0,0.0,1.0,,0.0,0.0,Wellington Region,Nil,2-way,Sealed,0.0,0.0,0,0.0,50.0,0.0,Null,2.0,0.0,,47,Wellington City,Give way,0.0,0.0,0.0,0.0,0.0,0.0,Urban,0.0,0.0,0.0,Null,Null,0
67660197,,573000,0.0,,0.0,1.0,,Null,2016/2017,FEATHERSTON ST,GREY ST,,Minor Crash,No,2016,,South,,0,,Flat,,,,,,Overcast,2125800,2,0.0,0.0,2.0,,,0.0,,,,,,Wellington Region,Nil,1-way,Sealed,,0.0,0,,50.0,,Null,2.0,0.0,,47,Wellington City,Traffic Signals,,,,,0.0,0.0,Urban,0.0,,,Fine,Null,0
67660215,,573802,0.0,,0.0,1.0,,Null,2016/2017,STEWART DRIVE,HELSTON ROAD,,Minor Crash,No,2016,,West,,0,,Flat,,,,,,Bright sun,2079200,1,0.0,1.0,2.0,,,0.0,,,,,,Wellington Region,Nil,2-way,Sealed,,0.0,0,,50.0,,Null,0.0,0.0,,47,Wellington City,Give way,,,,,0.0,0.0,Urban,0.0,,,Fine,Null,0
67660233,,573101,0.0,,0.0,1.0,,South,2015/2016,TARANAKI ST,ABEL SMITH ST,,Non-Injury Crash,No,2016,,North,,0,,Flat,,Queens Birthday,,,,Dark,2134800,0,0.0,0.0,4.0,,,0.0,,,,,,Wellington Region,Nil,2-way,Sealed,,0.0,0,,50.0,,On,0.0,0.0,,47,Wellington City,Stop,,,,,0.0,0.0,Urban,1.0,,,Fine,Null,0
67660245,,573000,0.0,0.0,0.0,1.0,0.0,West,2014/2015,JOHNSTON ST,FEATHERSTON ST,,Non-Injury Crash,No,2015,0.0,East,0.0,0,0.0,Flat,0.0,,0.0,,0.0,Unknown,2125600,0,0.0,0.0,1.0,0.0,0.0,0.0,0.0,1.0,,0.0,0.0,Wellington Region,Nil,1-way,Sealed,0.0,0.0,0,0.0,50.0,0.0,On,1.0,0.0,,47,Wellington City,Unknown,0.0,0.0,0.0,0.0,0.0,0.0,Urban,0.0,0.0,0.0,Null,Null,0
67660286,,577302,0.0,,0.0,0.0,,Null,2016/2017,PARK ROAD,REX ST,,Minor Crash,No,2016,,South,,0,,Flat,,,,,,Bright sun,2205701,1,0.0,0.0,2.0,,,0.0,,,,,,Wellington Region,Nil,2-way,Sealed,,0.0,0,,50.0,,Null,2.0,0.0,,47,Wellington City,Give way,,,,,0.0,0.0,Urban,0.0,,,Fine,Null,0
67660303,,576100,0.0,0.0,0.0,2.0,0.0,North,2015/2016,HOUGHTON BAY ROAD,VIEW ROAD,,Non-Injury Crash,No,2015,0.0,West,0.0,0,0.0,Hill Road,0.0,,0.0,,0.0,Bright sun,2194400,0,0.0,0.0,2.0,0.0,0.0,0.0,0.0,1.0,,0.0,0.0,Wellington Region,Nil,2-way,Sealed,0.0,0.0,0,0.0,50.0,0.0,Null,0.0,0.0,,47,Wellington City,Unknown,0.0,0.0,0.0,0.0,0.0,0.0,Urban,0.0,0.0,0.0,Fine,Null,0
67660340,,577500,0.0,0.0,0.0,1.0,0.0,South,2016/2017,MARINE PARADE,FALKIRK AVENUE,,Non-Injury Crash,No,2016,0.0,North,0.0,0,0.0,Flat,0.0,,0.0,,0.0,Bright sun,2210800,0,0.0,0.0,2.0,0.0,0.0,0.0,0.0,1.0,,0.0,0.0,Wellington Region,Nil,2-way,Sealed,0.0,0.0,0,0.0,50.0,0.0,Null,1.0,0.0,,47,Wellington City,Unknown,0.0,0.0,0.0,0.0,0.0,0.0,Urban,0.0,0.0,0.0,Fine,Null,0
67660348,,573101,0.0,0.0,0.0,2.0,0.0,East,2015/2016,ABEL SMITH ST,KELVIN GROVE,,Non-Injury Crash,No,2016,0.0,West,0.0,0,0.0,Hill Road,0.0,,0.0,,1.0,Bright sun,2134700,0,0.0,0.0,1.0,0.0,0.0,0.0,0.0,0.0,,0.0,0.0,Wellington Region,Nil,2-way,Sealed,0.0,0.0,0,0.0,70.0,0.0,Null,0.0,0.0,,47,Wellington City,Unknown,0.0,0.0,0.0,0.0,0.0,0.0,Urban,0.0,0.0,0.0,Fine,Null,0
67660496,,576301,0.0,,0.0,2.0,,Null,2015/2016,RIDDIFORD ST,RHODES ST,,Non-Injury Crash,No,2015,,South,,0,,Flat,,,,,,Twilight,2165700,0,0.0,0.0,2.0,,,0.0,,,,,,Wellington Region,Nil,2-way,Sealed,,0.0,0,,50.0,,Off,0.0,0.0,,47,Wellington City,Nil,,,,,0.0,0.0,Urban,0.0,,,Fine,Null,0
67660513,,573101,0.0,0.0,0.0,2.0,0.0,West,2016/2017,COURTENAY PLACE,MAJORIBANKS ST,,Non-Injury Crash,No,2016,0.0,West,0.0,0,0.0,Flat,0.0,,0.0,,0.0,Dark,2136000,0,0.0,0.0,1.0,0.0,0.0,0.0,0.0,1.0,,0.0,0.0,Wellington Region,Nil,1-way,Sealed,0.0,0.0,0,0.0,30.0,0.0,On,0.0,0.0,,47,Wellington City,Unknown,0.0,0.0,0.0,0.0,0.0,0.0,Urban,0.0,0.0,0.0,Light rain,Null,0
67660580,,573101,0.0,,0.0,2.0,,East,2015/2016,DIXON ST,WILLIS ST,,Non-Injury Crash,No,2016,,West,,0,,Hill Road,,,,,,Overcast,2131400,0,0.0,0.0,2.0,,,0.0,,,,,,Wellington Region,Nil,1-way,Sealed,,0.0,0,,50.0,,Null,0.0,0.0,,47,Wellington City,Traffic Signals,,,,,0.0,0.0,Urban,0.0,,,Fine,Null,0
67660651,,573101,0.0,,0.0,1.0,,North,2016/2017,VICTORIA ST,ABEL SMITH ST,,Non-Injury Crash,No,2016,,South,,0,,Flat,,,,,,Bright sun,2131900,0,0.0,0.0,2.0,,,0.0,,,,,,Wellington Region,Nil,2-way,Sealed,,0.0,0,,50.0,,Null,1.0,0.0,,47,Wellington City,Unknown,,,,,0.0,0.0,Urban,0.0,,,Null,Null,0
67660713,,576800,0.0,,0.0,2.0,,South,2015/2016,SH 1N,TAURIMA ST,,Non-Injury Crash,Yes,2015,,South,,0,,Null,,,,,,Bright sun,2181700,0,0.0,0.0,2.0,,,0.0,,,,,,Wellington Region,Nil,2-way,Sealed,,0.0,0,,80.0,,Null,0.0,1.0,,47,Wellington City,Unknown,,,,,0.0,0.0,Open,0.0,,,Fine,Null,0
67660729,,572900,0.0,,0.0,1.0,,North,2015/2016,TINAKORI ROAD,PARK ST,,Non-Injury Crash,No,2016,,South,,0,,Flat,,,,,,Overcast,2120500,0,0.0,0.0,2.0,,,0.0,,,,,,Wellington Region,Nil,2-way,Sealed,,0.0,0,,50.0,,Null,1.0,0.0,,47,Wellington City,Traffic Signals,,,,,0.0,0.0,Urban,0.0,,,Fine,Null,0
67660743,,573525,0.0,0.0,0.0,0.0,1.0,North,2015/2016,SH 1N,TAWA OFF SBD,,Minor Crash,Yes,2016,0.0,South,0.0,0,0.0,Hill Road,0.0,,0.0,,0.0,Bright sun,2053830,1,0.0,0.0,2.0,0.0,0.0,0.0,0.0,0.0,,0.0,0.0,Wellington Region,Nil,1-way,Sealed,0.0,0.0,0,0.0,100.0,0.0,Null,0.0,0.0,,47,Wellington City,Unknown,0.0,0.0,0.0,0.0,1.0,0.0,Open,0.0,0.0,0.0,Fine,Null,0
67660755,,576001,0.0,,0.0,1.0,,North,2015/2016,THE PARADE,MEDWAY ST,,Minor Crash,No,2015,,South,,0,,Flat,,,,,,Dark,2193900,1,0.0,0.0,2.0,,,0.0,,,1.0,,,Wellington Region,Nil,2-way,Sealed,,0.0,0,,30.0,,On,0.0,0.0,,47,Wellington City,Stop,,,,,0.0,0.0,Urban,0.0,,,Fine,Null,0
67660757,,573000,0.0,,0.0,2.0,,South,2015/2016,WILLIS ST,BOULCOTT ST,,Non-Injury Crash,No,2015,,North,,0,,Flat,,,,,,Dark,2128400,0,0.0,0.0,2.0,,,0.0,,,,,,Wellington Region,Nil,2-way,Sealed,,0.0,0,,50.0,,On,0.0,0.0,,47,Wellington City,Unknown,,,,,0.0,0.0,Urban,0.0,,,Fine,Null,0
67660863,,572500,0.0,,0.0,3.0,,South,2015/2016,MAIN ROAD,REDWOOD AVENUE N,,Non-Injury Crash,No,2015,,South,,0,,Flat,,,,,,Bright sun,1986100,0,0.0,0.0,2.0,,,0.0,,,,,,Wellington Region,Nil,2-way,Sealed,,0.0,0,,50.0,,Null,0.0,0.0,,47,Wellington City,Unknown,,,,,0.0,0.0,Urban,1.0,,,Fine,Null,0
67660893,,573000,0.0,,0.0,1.0,,North,2015/2016,FEATHERSTON ST,WHITMORE ST,,Non-Injury Crash,No,2016,,South,,0,,Flat,,,,,,Bright sun,2124300,0,0.0,0.0,3.0,,,0.0,,,,,,Wellington Region,Nil,1-way,Sealed,,0.0,0,,50.0,,Null,0.0,0.0,,47,Wellington City,Unknown,,,,,1.0,0.0,Urban,0.0,,,Fine,Null,0
67660896,,576903,0.0,,0.0,1.0,,North,2014/2015,SH 1N RUAHINE ST,WELLINGTON ROAD,,Non-Injury Crash,Yes,2015,,South,,0,,Flat,,,,,,Bright sun,2180601,0,0.0,0.0,2.0,,,0.0,,,,,,Wellington Region,Nil,2-way,Sealed,,0.0,0,,70.0,,Off,1.0,0.0,,47,Wellington City,Nil,,,,,0.0,0.0,Urban,0.0,,,Fine,Null,0
67660978,,573101,0.0,0.0,0.0,2.0,0.0,South,2014/2015,WALTER ST,VIVIAN ST,,Non-Injury Crash,No,2015,0.0,South,0.0,0,0.0,Flat,0.0,,0.0,,0.0,Unknown,2132200,0,0.0,0.0,2.0,0.0,0.0,0.0,0.0,1.0,,0.0,0.0,Wellington Region,Nil,2-way,Sealed,0.0,0.0,0,0.0,50.0,0.0,Off,0.0,0.0,,47,Wellington City,Nil,0.0,0.0,0.0,0.0,0.0,0.0,Urban,0.0,0.0,0.0,Null,Null,0
67661001,,573101,0.0,,0.0,0.0,,East,2021/2022,WAKEFIELD STREET,TARANAKI STREET,,Non-Injury Crash,No,2022,,West,,0,,Flat,,,,,,Twilight,2135200,0,0.0,1.0,3.0,,,0.0,,,,,,Wellington Region,Nil,1-way,Sealed,,0.0,0,,50.0,,On,1.0,0.0,,47,Wellington City,Nil,,,,,0.0,0.0,Urban,0.0,,,Fine,Null,0
67661011,,574001,0.0,0.0,0.0,3.0,0.0,North,2015/2016,KENMORE ST,BANCROFT TERRACE,,Non-Injury Crash,No,2015,0.0,North,0.0,0,0.0,Hill Road,0.0,,0.0,,0.0,Bright sun,2075200,0,0.0,0.0,2.0,0.0,0.0,0.0,0.0,1.0,,0.0,0.0,Wellington Region,Nil,2-way,Sealed,0.0,0.0,0,0.0,50.0,0.0,Null,0.0,0.0,,47,Wellington City,Unknown,0.0,0.0,0.0,0.0,0.0,0.0,Urban,0.0,0.0,0.0,Fine,Null,0
67661053,,574303,0.0,,0.0,2.0,,Null,2015/2016,SH 1N,TYERS ROAD,,Non-Injury Crash,Yes,2015,,East,,0,,Flat,,,,,,Bright sun,2088705,0,0.0,0.0,3.0,,,0.0,,,,,,Wellington Region,Nil,2-way,Sealed,,0.0,0,,80.0,,Null,0.0,0.0,,47,Wellington City,Nil,,,,,0.0,0.0,Open,0.0,,,Fine,Null,0
67661108,,574303,1.0,0.0,0.0,0.0,1.0,West,2016/2017,HUTT ROAD,JARDEN MILE,,Minor Crash,No,2016,0.0,East,0.0,0,0.0,Flat,0.0,,0.0,,0.0,Overcast,2090402,1,0.0,0.0,2.0,0.0,0.0,0.0,0.0,0.0,,0.0,0.0,Wellington Region,Nil,1-way,Sealed,0.0,0.0,0,0.0,80.0,0.0,Off,0.0,0.0,,47,Wellington City,Unknown,0.0,0.0,0.0,0.0,1.0,0.0,Open,0.0,0.0,0.0,Fine,Null,0
67661121,,574100,0.0,0.0,0.0,3.0,0.0,North,2022/2023,BURMA ROAD,JOHN SIMS DRIVE,,Non-Injury Crash,No,2023,0.0,South,0.0,0,0.0,Flat,0.0,,0.0,,0.0,Bright sun,2083900,0,0.0,0.0,2.0,0.0,0.0,0.0,0.0,1.0,,0.0,0.0,Wellington Region,Nil,2-way,Sealed,0.0,0.0,0,0.0,50.0,0.0,Off,0.0,0.0,,47,Wellington City,Nil,0.0,0.0,0.0,0.0,0.0,0.0,Urban,0.0,0.0,0.0,Fine,Null,0
67661190,,573000,0.0,,0.0,2.0,,Null,2014/2015,WHITMORE ST,STOUT ST,,Non-Injury Crash,No,2015,,East,,0,,Flat,,,,,,Overcast,2125000,0,0.0,0.0,5.0,,,0.0,,,,,,Wellington Region,Nil,2-way,Sealed,,0.0,0,,50.0,,Off,0.0,0.0,,47,Wellington City,Traffic Signals,,,,,0.0,0.0,Urban,0.0,,,Fine,Null,0
67661200,,573000,0.0,,0.0,2.0,,North,2014/2015,SH 1N,EVERTON OBR,,Non-Injury Crash,Yes,2015,,South,,0,,Flat,,,,,,Bright sun,2126403,0,0.0,0.0,3.0,,,0.0,,,,,,Wellington Region,Nil,2-way,Sealed,,0.0,0,,70.0,,Null,0.0,0.0,,47,Wellington City,Nil,,,,,0.0,0.0,Urban,0.0,,,Fine,Null,0
67661210,,573101,0.0,,0.0,1.0,,South,2014/2015,DIXON ST,CHRISTESON LANE,,Non-Injury Crash,No,2015,,West,,0,,Flat,,,,,,Bright sun,2131500,0,1.0,0.0,2.0,,,0.0,,,,,,Wellington Region,Nil,1-way,Sealed,,0.0,0,,50.0,,Null,0.0,0.0,,47,Wellington City,Traffic Signals,,,,,0.0,0.0,Urban,0.0,,,Fine,Null,0
67661244,,573700,0.0,,0.0,4.0,,North,2016/2017,SH 1N,JVILLE OBR,,Minor Crash,Yes,2016,,North,,0,,Hill Road,,,,,,Overcast,2083100,1,0.0,0.0,2.0,,,0.0,,,,,,Wellington Region,Nil,1-way,Sealed,,0.0,0,,80.0,,Null,0.0,0.0,,47,Wellington City,Unknown,,,,,0.0,0.0,Open,1.0,,,Fine,Null,0
67661289,,573700,0.0,0.0,0.0,2.0,0.0,South,2023/2024,HINDMARSH STREET,CORLETT STREET,,Minor Crash,No,2024,0.0,North,0.0,0,0.0,Hill Road,0.0,Christmas New Year,0.0,,0.0,Bright sun,2083300,1,0.0,0.0,2.0,0.0,0.0,0.0,0.0,1.0,,0.0,0.0,Wellington Region,Nil,2-way,Sealed,0.0,0.0,0,0.0,50.0,0.0,Off,0.0,0.0,,47,Wellington City,Nil,0.0,0.0,0.0,0.0,0.0,0.0,Urban,0.0,0.0,0.0,Fine,Null,0
67661308,,573200,0.0,,0.0,0.0,,South,2016/2017,DEVON ST,ESSEX ST,,Non-Injury Crash,No,2016,,South,,0,,Flat,,,,,,Bright sun,2157300,0,0.0,0.0,2.0,,,0.0,,,,,,Wellington Region,Nil,2-way,Sealed,,0.0,0,,50.0,,Null,1.0,0.0,,47,Wellington City,Unknown,,,,,0.0,0.0,Urban,1.0,,,Fine,Null,0
67661437,,573000,0.0,0.0,0.0,1.0,0.0,South,2015/2016,FEATHERSTON ST,BRANDON ST,,Non-Injury Crash,No,2016,0.0,South,0.0,0,0.0,Flat,0.0,,0.0,,0.0,Bright sun,2125800,0,0.0,0.0,2.0,0.0,0.0,0.0,0.0,1.0,,0.0,0.0,Wellington Region,Nil,1-way,Sealed,0.0,0.0,0,0.0,50.0,0.0,Null,0.0,0.0,,47,Wellington City,Unknown,0.0,0.0,0.0,0.0,0.0,0.0,Urban,1.0,0.0,0.0,Fine,Null,0
67661456,,573101,0.0,,0.0,1.0,,Null,2016/2017,CABLE ST,CHAFFERS ST,,Non-Injury Crash,No,2016,,South,,0,,Flat,,,,,,Bright sun,2135300,0,0.0,0.0,3.0,,,0.0,,,,,,Wellington Region,Nil,1-way,Sealed,,0.0,0,,50.0,,Null,1.0,0.0,,47,Wellington City,Traffic Signals,,,,,0.0,0.0,Urban,0.0,,,Fine,Null,0
67661473,,576903,1.0,,0.0,1.0,,Null,2022/2023,RUAHINE STREET,WELLINGTON ROAD,,Non-Injury Crash,Yes,2022,,North,,0,,Null,,,,,,Unknown,2180400,0,0.0,0.0,2.0,,,0.0,,,,,,Wellington Region,Nil,2-way,Null,,0.0,0,,50.0,,Null,0.0,0.0,,47,Wellington City,Give way,,,,,0.0,0.0,Urban,0.0,,,Null,Null,0
67661486,,574002,1.0,,0.0,1.0,,North,2016/2017,SH 2,RAILYARD ENTRY,,Minor Crash,Yes,2016,,West,,0,,Flat,,,,,,Dark,2078302,1,0.0,0.0,2.0,,,0.0,,,,,,Wellington Region,Nil,1-way,Sealed,,0.0,0,,100.0,,On,0.0,0.0,,47,Wellington City,Unknown,,,,,0.0,0.0,Open,0.0,,,Fine,Null,0
67661508,,576301,0.0,0.0,0.0,1.0,0.0,Null,2015/2016,MANSFIELD ST,RUSSELL TERRACE,,Non-Injury Crash,No,2016,0.0,North,0.0,0,0.0,Flat,0.0,,0.0,,0.0,Bright sun,2165900,0,0.0,0.0,2.0,0.0,0.0,0.0,0.0,0.0,,1.0,0.0,Wellington Region,Nil,2-way,Sealed,0.0,0.0,0,0.0,50.0,0.0,Null,0.0,0.0,,47,Wellington City,Give way,0.0,0.0,0.0,0.0,0.0,0.0,Urban,0.0,0.0,0.0,Fine,Null,0
67661522,,574002,0.0,,0.0,1.0,,West,2015/2016,SH 1N,CENTENNIAL SBD,,Non-Injury Crash,Yes,2016,,South,,0,,Hill Road,,,,,,Bright sun,2078304,0,0.0,1.0,3.0,,,0.0,,,,,,Wellington Region,Nil,1-way,Sealed,,0.0,0,,80.0,,Null,0.0,0.0,,47,Wellington City,Unknown,,,,,0.0,0.0,Open,0.0,,,Fine,Null,0
67661547,,574001,1.0,,0.0,0.0,,Null,2014/2015,NEWLANDS ROAD,HURRING PLACE,,Serious Crash,No,2015,,West,,0,,Hill Road,,,,,,Dark,2077600,0,0.0,0.0,2.0,,,0.0,,,,,,Wellington Region,Nil,2-way,Sealed,,0.0,1,,50.0,,On,0.0,0.0,,47,Wellington City,Give way,,,,,0.0,0.0,Urban,1.0,,,Fine,Null,0
67661556,,577000,0.0,,0.0,2.0,,Null,2016/2017,COBHAM DRIVE,SH 1N,,Non-Injury Crash,No,2016,,East,,0,,Flat,,,,,,Overcast,2175700,0,0.0,0.0,2.0,,,0.0,,,,,,Wellington Region,Nil,1-way,Sealed,,0.0,0,,70.0,,Null,0.0,0.0,,47,Wellington City,Give way,,,,,0.0,0.0,Urban,0.0,,,Light rain,Null,0
67661570,,574302,0.0,0.0,0.0,1.0,0.0,North,2015/2016,ONSLOW ROAD,HUTT ROAD,,Non-Injury Crash,No,2016,0.0,South,1.0,0,1.0,Hill Road,0.0,,0.0,,1.0,Dark,2090500,0,0.0,0.0,2.0,0.0,0.0,0.0,0.0,0.0,,0.0,0.0,Wellington Region,Nil,2-way,Sealed,0.0,0.0,0,0.0,50.0,0.0,None,0.0,0.0,,47,Wellington City,Unknown,0.0,0.0,0.0,0.0,0.0,0.0,Urban,0.0,0.0,0.0,Light rain,Null,0
67661571,,576500,1.0,,0.0,1.0,,Null,2015/2016,ADELAIDE ROAD,DRUMMOND ST,,Minor Crash,No,2015,,North,,0,,Flat,,,,,,Bright sun,2148400,1,0.0,0.0,5.0,,,0.0,,,,,,Wellington Region,Nil,2-way,Sealed,,0.0,0,,50.0,,Null,0.0,0.0,,47,Wellington City,Stop,,,,,0.0,0.0,Urban,0.0,,,Fine,Null,0
67661619,,573700,0.0,0.0,0.0,2.0,0.0,South,2015/2016,BOULD ST,HINDMARSH ST,,Non-Injury Crash,No,2015,0.0,North,0.0,0,0.0,Flat,0.0,Christmas New Year,0.0,,0.0,Bright sun,2083000,0,0.0,0.0,2.0,0.0,0.0,0.0,0.0,1.0,,0.0,0.0,Wellington Region,Nil,2-way,Sealed,0.0,0.0,0,0.0,50.0,0.0,Null,0.0,0.0,,47,Wellington City,Nil,0.0,0.0,0.0,0.0,0.0,0.0,Urban,0.0,0.0,0.0,Fine,Null,0
67661705,,573511,0.0,0.0,0.0,2.0,0.0,North,2022/2023,JOHNSONVILLE PORIRUA MOTORWAY,CHURTON PARK-GLENSIDE OFF RAMP,,Minor Crash,Yes,2023,1.0,North,0.0,0,0.0,Flat,0.0,,0.0,,0.0,Dark,2086203,1,0.0,0.0,2.0,0.0,0.0,0.0,0.0,0.0,,0.0,0.0,Wellington Region,Nil,1-way,Sealed,0.0,0.0,0,0.0,100.0,0.0,On,0.0,0.0,,47,Wellington City,Nil,0.0,0.0,0.0,0.0,0.0,0.0,Open,0.0,0.0,0.0,Fine,Null,0
67661718,,574302,0.0,,0.0,3.0,,North,2015/2016,SH 1N,AOTEA ON NBD,,Non-Injury Crash,Yes,2016,,North,,0,,Flat,,,,,,Bright sun,2090601,0,0.0,0.0,2.0,,,0.0,,,,,,Wellington Region,Motorway ramp,1-way,Sealed,,0.0,0,,100.0,,Null,0.0,0.0,70.0,47,Wellington City,Unknown,,,,,0.0,0.0,Open,0.0,,,Fine,Null,0