OBJECTID,advisorySpeed,areaUnitID,bicycle,bridge,bus,carStationWagon,cliffBank,crashDirectionDescription,crashFinancialYear,crashLocation1,crashLocation2,crashRoadSideRoad,crashSeverity,crashSHDescription,crashYear,debris,directionRoleDescription,ditch,fatalCount,fence,flatHill,guardRail,holiday,houseOrBuilding,intersection,kerb,light,meshblockId,minorInjuryCount,moped,motorcycle,NumberOfLanes,objectThrownOrDropped,otherObject,otherVehicleType,overBank,parkedVehicle,pedestrian,phoneBoxEtc,postOrPole,region,roadCharacter,roadLane,roadSurface,roadworks,schoolBus,seriousInjuryCount,slipOrFlood,speedLimit,strayAnimal,streetLight,suv,taxi,temporarySpeedLimit,tlaId,tlaName,trafficControl,trafficIsland,trafficSign,train,tree,truck,unknownVehicleType,urban,vanOrUtility,vehicle,waterRiver,weatherA,weatherB,if_pandemic
67661770,,573525,0.0,,0.0,1.0,,South,2016/2017,SH 1N,TAWA OFF SBD,,Serious Crash,Yes,2017,,South,,0,,Flat,,,,,,Overcast,2053830,0,0.0,1.0,2.0,,,0.0,,,,,,Wellington Region,Nil,1-way,Sealed,,0.0,1,,100.0,,Null,0.0,0.0,,47,Wellington City,Unknown,,,,,0.0,0.0,Open,0.0,,,Fine,Null,0
67661803,,574302,0.0,0.0,0.0,1.0,0.0,South,2014/2015,CASHMERE AVENUE,IZARD ROAD,,Non-Injury Crash,No,2015,0.0,South,0.0,0,0.0,Hill Road,0.0,,0.0,,0.0,Bright sun,2091300,0,0.0,0.0,2.0,0.0,0.0,0.0,0.0,0.0,,0.0,1.0,Wellington Region,Nil,2-way,Sealed,0.0,0.0,0,0.0,50.0,0.0,Off,0.0,0.0,,47,Wellington City,Nil,0.0,0.0,0.0,0.0,0.0,0.0,Urban,0.0,0.0,0.0,Fine,Null,0
67661867,,574703,0.0,0.0,0.0,2.0,0.0,South,2015/2016,PEMBROKE ROAD,CHESHIRE ST,,Non-Injury Crash,No,2016,0.0,North,0.0,0,0.0,Hill Road,0.0,,0.0,,0.0,Dark,2103002,0,0.0,0.0,2.0,0.0,0.0,0.0,0.0,1.0,,0.0,0.0,Wellington Region,Nil,2-way,Sealed,0.0,0.0,0,0.0,50.0,0.0,On,0.0,0.0,,47,Wellington City,Unknown,0.0,0.0,0.0,0.0,0.0,0.0,Urban,0.0,0.0,0.0,Fine,Null,0
67661891,,573300,0.0,,0.0,1.0,,Null,2014/2015,WALLACE ST,WALLACE ST SLIP,,Non-Injury Crash,No,2015,,West,,0,,Hill Road,,,,,,Bright sun,2147400,0,0.0,0.0,3.0,,,0.0,,,,,,Wellington Region,Nil,2-way,Sealed,,0.0,0,,50.0,,Null,0.0,0.0,,47,Wellington City,Give way,,,,,0.0,0.0,Urban,1.0,,,Fine,Null,0
67661995,,576001,0.0,,0.0,2.0,,South,2014/2015,THE PARADE,MERSEY ST,,Non-Injury Crash,No,2015,,South,,0,,Flat,,,,,,Dark,2190700,0,0.0,0.0,2.0,,,0.0,,,,,,Wellington Region,Nil,2-way,Sealed,,0.0,0,,50.0,,On,0.0,0.0,,47,Wellington City,Stop,,,,,0.0,0.0,Urban,0.0,,,Fine,Null,0
67662014,,576100,0.0,0.0,0.0,2.0,0.0,Null,2016/2017,BUCKLEY ROAD,MELROSE ROAD,,Non-Injury Crash,No,2016,0.0,East,0.0,0,0.0,Hill Road,0.0,,0.0,,0.0,Bright sun,2194203,0,0.0,0.0,2.0,0.0,0.0,0.0,0.0,1.0,,0.0,0.0,Wellington Region,Nil,2-way,Sealed,0.0,0.0,0,0.0,50.0,0.0,Null,0.0,0.0,,47,Wellington City,Nil,0.0,0.0,0.0,0.0,0.0,0.0,Urban,0.0,0.0,0.0,Null,Null,0
67662054,,574600,0.0,0.0,0.0,1.0,0.0,Null,2015/2016,MAIRANGI ROAD,ROSE ST,,Minor Crash,No,2016,0.0,West,0.0,0,0.0,Hill Road,1.0,,0.0,,0.0,Bright sun,2100700,1,0.0,0.0,2.0,0.0,0.0,0.0,0.0,0.0,,0.0,0.0,Wellington Region,Nil,2-way,Sealed,0.0,0.0,0,0.0,50.0,0.0,Null,0.0,0.0,,47,Wellington City,Nil,0.0,0.0,0.0,0.0,0.0,0.0,Urban,0.0,0.0,0.0,Fine,Null,0
67662059,,573000,1.0,,0.0,1.0,,Null,2015/2016,THE TERRACE,MACDONALD CRESCENT,,Serious Crash,No,2016,,South,,0,,Hill Road,,,,,,Dark,2130400,0,0.0,0.0,2.0,,,0.0,,,,,,Wellington Region,Nil,2-way,Sealed,,0.0,1,,50.0,,On,0.0,0.0,,47,Wellington City,Stop,,,,,0.0,0.0,Urban,0.0,,,Fine,Null,0
67662089,,576301,0.0,,0.0,2.0,,Null,2023/2024,RIDDIFORD STREET,GORDON STREET,,Non-Injury Crash,No,2023,,North,,0,,Flat,,,,,,Twilight,2165700,0,0.0,0.0,2.0,,,0.0,,,,,,Wellington Region,Nil,2-way,Sealed,,0.0,0,,50.0,,Off,0.0,0.0,,47,Wellington City,Give way,,,,,0.0,0.0,Urban,0.0,,,Fine,Strong wind,0
67662094,,574100,0.0,0.0,0.0,1.0,0.0,South,2015/2016,BURMA ROAD,HAUMIA ST,,Non-Injury Crash,No,2016,0.0,North,0.0,0,0.0,Flat,0.0,,0.0,,0.0,Dark,2085303,0,0.0,0.0,2.0,0.0,0.0,0.0,0.0,0.0,,0.0,1.0,Wellington Region,Nil,2-way,Sealed,0.0,0.0,0,0.0,50.0,0.0,On,0.0,0.0,,47,Wellington City,Unknown,0.0,0.0,0.0,0.0,0.0,0.0,Urban,0.0,0.0,0.0,Light rain,Null,0
67662142,,574302,0.0,0.0,0.0,2.0,0.0,Null,2015/2016,BOX HILL,NICHOLSON ROAD,,Minor Crash,No,2016,0.0,North,0.0,0,0.0,Hill Road,0.0,Easter,0.0,,0.0,Overcast,2092600,1,0.0,0.0,2.0,0.0,0.0,0.0,0.0,0.0,,0.0,0.0,Wellington Region,Nil,2-way,Sealed,0.0,0.0,0,0.0,50.0,0.0,Null,0.0,0.0,,47,Wellington City,Give way,1.0,0.0,0.0,0.0,0.0,0.0,Urban,0.0,0.0,0.0,Light rain,Null,0
67662155,,574303,0.0,0.0,0.0,1.0,1.0,West,2014/2015,NEWLANDS OFF NBD,NEWLANDS ON NBD,,Non-Injury Crash,Yes,2015,0.0,North,0.0,0,0.0,Flat,0.0,,0.0,,0.0,Dark,2084302,0,0.0,0.0,1.0,0.0,0.0,0.0,0.0,0.0,,0.0,0.0,Wellington Region,Motorway ramp,1-way,Sealed,0.0,0.0,0,0.0,80.0,0.0,On,0.0,0.0,,47,Wellington City,Nil,0.0,0.0,0.0,0.0,0.0,0.0,Open,0.0,0.0,0.0,Light rain,Null,0
67662172,,573101,0.0,0.0,0.0,2.0,0.0,West,2015/2016,ABEL SMITH ST,WIGAN ST,,Non-Injury Crash,No,2016,0.0,West,0.0,0,0.0,Flat,0.0,,0.0,,0.0,Bright sun,2134600,0,0.0,0.0,2.0,0.0,0.0,0.0,0.0,1.0,,0.0,0.0,Wellington Region,Nil,2-way,Sealed,0.0,0.0,0,0.0,50.0,0.0,Null,0.0,0.0,,47,Wellington City,Nil,0.0,0.0,0.0,0.0,0.0,0.0,Urban,0.0,0.0,0.0,Fine,Null,0
67662198,,576500,0.0,,0.0,2.0,,South,2016/2017,ADELAIDE ROAD,BROOMHEDGE ST,,Non-Injury Crash,No,2016,,North,,0,,Flat,,,,,,Bright sun,2148201,0,0.0,0.0,4.0,,,0.0,,,,,,Wellington Region,Nil,2-way,Sealed,,0.0,0,,50.0,,Null,0.0,0.0,,47,Wellington City,Unknown,,,,,0.0,0.0,Urban,0.0,,,Fine,Null,0
67662260,,577500,0.0,0.0,0.0,1.0,0.0,Null,2016/2017,FALKIRK AVENUE,DUNDAS ST,,Minor Crash,No,2017,0.0,South,0.0,0,0.0,Flat,0.0,,0.0,,0.0,Dark,2211100,1,0.0,0.0,2.0,0.0,1.0,0.0,0.0,0.0,,0.0,0.0,Wellington Region,Nil,2-way,Sealed,0.0,0.0,0,0.0,30.0,0.0,On,0.0,0.0,,47,Wellington City,Give way,0.0,0.0,0.0,0.0,0.0,0.0,Urban,0.0,0.0,0.0,Fine,Null,0
67662276,,573300,0.0,0.0,0.0,2.0,0.0,South,2015/2016,WALLACE ST,FINLAY TERRACE,,Non-Injury Crash,No,2016,0.0,North,0.0,0,0.0,Hill Road,0.0,,0.0,,0.0,Bright sun,2147100,0,0.0,0.0,2.0,0.0,0.0,0.0,0.0,1.0,,0.0,0.0,Wellington Region,Nil,2-way,Sealed,0.0,0.0,0,0.0,50.0,0.0,Null,0.0,0.0,,47,Wellington City,Unknown,0.0,0.0,0.0,0.0,0.0,0.0,Urban,0.0,0.0,0.0,Fine,Null,0
67662284,,573000,0.0,,0.0,1.0,,East,2016/2017,WARING TAYLOR ST,FEATHERSTON ST,,Non-Injury Crash,No,2017,,West,,0,,Flat,,,,,,Overcast,2125400,0,0.0,0.0,2.0,,,0.0,,,,,,Wellington Region,Nil,1-way,Sealed,,0.0,0,,50.0,,Null,1.0,0.0,,47,Wellington City,Unknown,,,,,0.0,0.0,Urban,0.0,,,Light rain,Strong wind,0
67662290,,573101,1.0,,0.0,0.0,,West,2016/2017,SH 1N,TARANAKI ST,,Non-Injury Crash,Yes,2016,,West,,0,,Flat,,,,,,Bright sun,2134700,0,0.0,0.0,2.0,,,0.0,,,,,,Wellington Region,Nil,1-way,Sealed,,0.0,0,,50.0,,Null,0.0,0.0,,47,Wellington City,Nil,,,,,0.0,0.0,Urban,1.0,,,Fine,Null,0
67662298,,577200,0.0,,0.0,3.0,,South,2016/2017,SH 1N,COBHAM DRIVE,,Non-Injury Crash,Yes,2016,,North,,0,,Hill Road,,,,,,Overcast,2206200,0,0.0,0.0,4.0,,,0.0,,,,,,Wellington Region,Nil,2-way,Sealed,,0.0,0,,70.0,,Null,0.0,0.0,,47,Wellington City,Unknown,,,,,0.0,0.0,Urban,0.0,,,Heavy rain,Strong wind,0
67662337,,573101,0.0,,0.0,1.0,,West,2022/2023,TENNYSON STREET,CAMBRIDGE TERRACE,,Non-Injury Crash,No,2022,,East,,0,,Flat,,,,,,Unknown,2136200,0,0.0,0.0,2.0,,,0.0,,,,,,Wellington Region,Nil,2-way,Sealed,,0.0,0,,30.0,,Off,0.0,0.0,,47,Wellington City,Nil,,,,,0.0,1.0,Urban,0.0,,,Light rain,Null,0
67662364,,575100,0.0,0.0,0.0,1.0,0.0,West,2016/2017,KARORI ROAD,RICHMOND AVENUE,,Non-Injury Crash,No,2016,0.0,East,0.0,0,0.0,Hill Road,0.0,,0.0,,0.0,Bright sun,2115800,0,0.0,0.0,2.0,0.0,0.0,0.0,0.0,1.0,,0.0,0.0,Wellington Region,Nil,2-way,Sealed,0.0,0.0,0,0.0,50.0,0.0,Null,1.0,0.0,,47,Wellington City,Stop,0.0,0.0,0.0,0.0,0.0,0.0,Urban,1.0,0.0,0.0,Fine,Null,0
67662388,,574302,0.0,,0.0,1.0,,North,2015/2016,HUTT ROAD,ONSLOW ROAD,,Non-Injury Crash,No,2016,,East,,0,,Flat,,,,,,Bright sun,2090700,0,0.0,0.0,5.0,,,0.0,,,,,,Wellington Region,Nil,2-way,Sealed,,0.0,0,,60.0,,Null,0.0,0.0,,47,Wellington City,Unknown,,,,,0.0,0.0,Urban,1.0,,,Fine,Null,0
67662394,,577601,0.0,,0.0,2.0,,South,2016/2017,AKAROA DRIVE,RANGITANE ST,,Non-Injury Crash,No,2016,,North,,0,,Hill Road,,,,,,Twilight,2202101,0,0.0,0.0,2.0,,,0.0,,,,,,Wellington Region,Nil,2-way,Sealed,,0.0,0,,50.0,,Off,0.0,1.0,,47,Wellington City,Unknown,,,,,0.0,0.0,Urban,0.0,,,Light rain,Strong wind,0
67662461,,572701,0.0,1.0,0.0,0.0,0.0,North,2016/2017,COLLINS AVENUE,LITTLE COLLINS ST,,Minor Crash,No,2016,0.0,South,0.0,0,0.0,Hill Road,0.0,,0.0,,0.0,Dark,1993701,1,0.0,0.0,2.0,0.0,0.0,0.0,0.0,0.0,,0.0,0.0,Wellington Region,Nil,2-way,Sealed,0.0,0.0,0,0.0,50.0,0.0,On,0.0,0.0,,47,Wellington City,Unknown,0.0,0.0,0.0,0.0,0.0,0.0,Urban,1.0,0.0,0.0,Fine,Null,0
67662486,,576800,0.0,0.0,0.0,1.0,0.0,South,2015/2016,HAPUA ST,RAKAU ROAD,,Non-Injury Crash,No,2015,0.0,North,0.0,0,0.0,Hill Road,0.0,,0.0,,0.0,Dark,2185200,0,0.0,0.0,2.0,0.0,0.0,0.0,0.0,1.0,,0.0,0.0,Wellington Region,Nil,2-way,Sealed,0.0,0.0,0,0.0,50.0,0.0,On,0.0,0.0,,47,Wellington City,Unknown,0.0,0.0,0.0,0.0,0.0,0.0,Urban,1.0,0.0,0.0,Null,Null,0
67662501,,575902,0.0,,0.0,1.0,,North,2015/2016,HAPPY VALLEY ROAD,LANDFILL ROAD,,Serious Crash,No,2016,,South,,0,,Hill Road,,,,,,Twilight,2187403,0,0.0,0.0,2.0,,,0.0,,,,,,Wellington Region,Nil,2-way,Sealed,,0.0,1,,70.0,,On,0.0,1.0,,47,Wellington City,Unknown,,,,,0.0,0.0,Urban,1.0,,,Fine,Null,0
67662512,,577000,0.0,0.0,0.0,3.0,0.0,South,2016/2017,STEWART DUFF DRIVE,FREIGHT DRIVE,,Non-Injury Crash,No,2016,0.0,South,0.0,0,0.0,Flat,0.0,,0.0,,0.0,Overcast,2175700,0,0.0,0.0,2.0,0.0,0.0,0.0,0.0,2.0,,0.0,0.0,Wellington Region,Nil,1-way,Sealed,0.0,0.0,0,0.0,20.0,0.0,Null,0.0,0.0,,47,Wellington City,Unknown,0.0,0.0,0.0,0.0,0.0,0.0,Urban,0.0,0.0,0.0,Fine,Null,0
67662521,,574100,0.0,,0.0,1.0,,South,2022/2023,CENTENNIAL HIGHWAY,NEWLANDS ON RAMP,,Non-Injury Crash,Yes,2023,,North,,0,,Hill Road,,,,,,Bright sun,2084600,0,0.0,0.0,3.0,,,0.0,,,,,,Wellington Region,Nil,1-way,Sealed,,0.0,0,,100.0,,Off,0.0,0.0,,47,Wellington City,Nil,,,,,0.0,0.0,Open,1.0,,,Fine,Null,0
67662540,,573802,0.0,,0.0,1.0,,Null,2015/2016,HELSTON ROAD,STEWART DRIVE,,Minor Crash,No,2016,,West,,0,,Flat,,,,,,Bright sun,2079200,1,1.0,0.0,2.0,,,0.0,,,,,,Wellington Region,Nil,2-way,Sealed,,0.0,0,,50.0,,Null,0.0,0.0,,47,Wellington City,Give way,,,,,0.0,0.0,Urban,0.0,,,Fine,Null,0
67662565,,573101,0.0,,0.0,0.0,,Null,2016/2017,SH 1N,TARANAKI ST,,Non-Injury Crash,Yes,2016,,East,,0,,Flat,,,,,,Bright sun,2133800,0,0.0,0.0,3.0,,,0.0,,,,,,Wellington Region,Nil,2-way,Sealed,,0.0,0,,50.0,,Null,3.0,0.0,,47,Wellington City,Traffic Signals,,,,,0.0,0.0,Urban,0.0,,,Fine,Null,0
67662590,,576002,0.0,,0.0,3.0,,Null,2015/2016,MEDWAY ST,THE PARADE,,Non-Injury Crash,No,2016,,North,,0,,Flat,,,,,,Bright sun,2190400,0,0.0,0.0,2.0,,,0.0,,,,,,Wellington Region,Nil,2-way,Sealed,,0.0,0,,30.0,,Null,0.0,1.0,,47,Wellington City,Stop,,,,,0.0,0.0,Urban,0.0,,,Fine,Null,0
67662702,,572701,0.0,0.0,0.0,1.0,0.0,North,2016/2017,SH 1N,COLLINS OBR,,Non-Injury Crash,Yes,2016,0.0,North,0.0,0,0.0,Hill Road,1.0,,0.0,,0.0,Overcast,1995600,0,0.0,0.0,2.0,0.0,0.0,0.0,0.0,0.0,,0.0,0.0,Wellington Region,Nil,1-way,Sealed,0.0,0.0,0,0.0,100.0,0.0,Null,0.0,0.0,80.0,47,Wellington City,Unknown,0.0,0.0,0.0,0.0,0.0,0.0,Open,0.0,0.0,0.0,Fine,Null,0
67662786,,573101,0.0,,1.0,1.0,,East,2015/2016,COURTENAY PLACE,TARANAKI ST,,Non-Injury Crash,No,2016,,West,,0,,Flat,,,,,,Bright sun,2135600,0,0.0,0.0,2.0,,,0.0,,,,,,Wellington Region,Nil,2-way,Sealed,,0.0,0,,50.0,,Off,0.0,0.0,,47,Wellington City,Nil,,,,,0.0,0.0,Urban,0.0,,,Fine,Null,0
67662800,,576700,0.0,,0.0,1.0,,South,2016/2017,MAIDA VALE ROAD,GRAFTON ROAD,,Non-Injury Crash,No,2016,,South,,0,,Hill Road,,,,,,Bright sun,2186900,0,0.0,0.0,1.0,,,0.0,,,,,,Wellington Region,Nil,2-way,Sealed,,0.0,0,,50.0,,Null,0.0,0.0,,47,Wellington City,Unknown,,,,,1.0,0.0,Urban,0.0,,,Fine,Strong wind,0
67662802,,575000,0.0,0.0,0.0,2.0,0.0,South,2016/2017,COOPER ST,VERA ST,,Non-Injury Crash,No,2016,0.0,East,0.0,0,1.0,Flat,0.0,,0.0,,0.0,Bright sun,2112400,0,0.0,0.0,2.0,0.0,0.0,0.0,0.0,1.0,,0.0,0.0,Wellington Region,Nil,2-way,Sealed,0.0,0.0,0,0.0,50.0,0.0,Null,0.0,0.0,,47,Wellington City,Nil,0.0,0.0,0.0,1.0,0.0,0.0,Urban,0.0,0.0,0.0,Fine,Null,0
67662812,,576500,0.0,0.0,0.0,2.0,0.0,West,2015/2016,KING ST,ADELAIDE ROAD,,Non-Injury Crash,No,2015,0.0,East,0.0,0,0.0,Flat,0.0,,0.0,,0.0,Dark,2148201,0,0.0,0.0,2.0,0.0,0.0,0.0,0.0,1.0,,0.0,0.0,Wellington Region,Nil,2-way,Sealed,0.0,0.0,0,0.0,50.0,0.0,On,0.0,0.0,,47,Wellington City,Nil,0.0,0.0,0.0,0.0,0.0,0.0,Urban,0.0,0.0,0.0,Fine,Null,0
67662862,,573000,0.0,,0.0,2.0,,Null,2016/2017,THE TERRACE,MACDONALD CRESCENT,,Non-Injury Crash,No,2016,,North,,0,,Hill Road,,Christmas New Year,,,,Bright sun,2130400,0,0.0,0.0,3.0,,,0.0,,,,,,Wellington Region,Nil,2-way,Sealed,,0.0,0,,50.0,,Null,0.0,0.0,,47,Wellington City,Nil,,,,,0.0,0.0,Urban,0.0,,,Fine,Null,0
67662869,,573000,0.0,0.0,0.0,1.0,0.0,South,2015/2016,VICTORIA ST,HARRIS ST,,Non-Injury Crash,No,2016,0.0,South,0.0,0,0.0,Flat,0.0,,0.0,,0.0,Bright sun,2127800,0,0.0,0.0,2.0,0.0,0.0,0.0,0.0,1.0,,0.0,0.0,Wellington Region,Nil,1-way,Sealed,0.0,0.0,0,0.0,50.0,0.0,Null,0.0,0.0,,47,Wellington City,Unknown,0.0,0.0,0.0,0.0,0.0,0.0,Urban,1.0,0.0,0.0,Fine,Null,0
67662960,,573000,1.0,,0.0,0.0,,Null,2016/2017,BOLTON ST,THE TERRACE,,Minor Crash,No,2017,,North,,0,,Hill Road,,,,,,Bright sun,2123700,1,0.0,0.0,2.0,,,0.0,,,,,,Wellington Region,Nil,2-way,Sealed,,0.0,0,,50.0,,Null,0.0,0.0,,47,Wellington City,Give way,,,,,0.0,0.0,Urban,1.0,,,Fine,Null,0
67662969,,574402,0.0,,0.0,2.0,,East,2023/2024,NGAIO GORGE ROAD,PERTH STREET,,Serious Crash,No,2023,,North,,0,,Hill Road,,,,,,Bright sun,2098400,0,0.0,0.0,2.0,,,0.0,,,,,,Wellington Region,Nil,2-way,Sealed,,0.0,1,,50.0,,Off,0.0,0.0,,47,Wellington City,Nil,,,,,0.0,0.0,Urban,0.0,,,Fine,Null,0
67662998,,576301,0.0,,0.0,2.0,,North,2016/2017,HANSON ST,HALL ST,,Non-Injury Crash,No,2016,,North,,0,,Flat,,,,,,Bright sun,2163800,0,0.0,0.0,2.0,,,0.0,,,,,,Wellington Region,Nil,2-way,Sealed,,0.0,0,,50.0,,Null,0.0,0.0,,47,Wellington City,Unknown,,,,,0.0,0.0,Urban,0.0,,,Null,Null,0
67663026,,575300,0.0,0.0,0.0,1.0,0.0,North,2015/2016,ST MICHAELS CRESCENT,HADFIELD TERRACE,,Non-Injury Crash,No,2016,0.0,North,0.0,0,0.0,Hill Road,0.0,,0.0,,0.0,Unknown,2152302,0,0.0,0.0,2.0,0.0,0.0,0.0,0.0,1.0,,0.0,0.0,Wellington Region,Nil,2-way,Sealed,0.0,0.0,0,0.0,50.0,0.0,Null,0.0,0.0,,47,Wellington City,Unknown,0.0,0.0,0.0,0.0,1.0,0.0,Urban,0.0,0.0,0.0,Fine,Null,0
67663179,,573000,0.0,,0.0,2.0,,Null,2015/2016,JERVOIS QUAY,HUNTER ST,,Non-Injury Crash,No,2015,,South,,0,,Flat,,,,,,Bright sun,2125900,0,0.0,0.0,3.0,,,0.0,,,,,,Wellington Region,Nil,1-way,Sealed,,0.0,0,,50.0,,Null,0.0,0.0,,47,Wellington City,Traffic Signals,,,,,0.0,0.0,Urban,0.0,,,Fine,Null,0
67663182,,574800,0.0,,0.0,2.0,,East,2016/2017,WHITEHEAD ROAD,OLD KARORI ROAD,,Non-Injury Crash,No,2016,,West,,0,,Hill Road,,,,,,Overcast,2106200,0,0.0,0.0,2.0,,,0.0,,,,,,Wellington Region,Nil,2-way,Sealed,,0.0,0,,50.0,,Null,0.0,0.0,,47,Wellington City,Unknown,,,,,0.0,0.0,Urban,0.0,,,Light rain,Null,0
67663213,,573101,0.0,,0.0,2.0,,East,2015/2016,SH 1N,TARANAKI ST,,Non-Injury Crash,Yes,2016,,West,,0,,Flat,,,,,,Overcast,2134800,0,0.0,0.0,3.0,,,0.0,,,,,,Wellington Region,Nil,1-way,Sealed,,0.0,0,,50.0,,Null,0.0,0.0,,47,Wellington City,Unknown,,,,,0.0,0.0,Urban,0.0,,,Fine,Null,0
67663214,,573101,0.0,,0.0,1.0,,Null,2016/2017,TARANAKI ST,COURTENAY PLACE,,Serious Crash,No,2017,,North,,0,,Flat,,,,,,Dark,2135600,0,0.0,0.0,6.0,,,0.0,,,1.0,,,Wellington Region,Nil,2-way,Sealed,,0.0,1,,50.0,,On,0.0,1.0,,47,Wellington City,Traffic Signals,,,,,0.0,0.0,Urban,0.0,,,Fine,Null,0
67663225,,574402,0.0,0.0,0.0,2.0,0.0,North,2023/2024,PERTH STREET,NGAIO GORGE ROAD,,Serious Crash,No,2023,0.0,East,0.0,0,0.0,Hill Road,0.0,,0.0,,0.0,Overcast,2098200,0,0.0,0.0,2.0,0.0,0.0,0.0,0.0,1.0,,0.0,0.0,Wellington Region,Nil,2-way,Sealed,0.0,0.0,1,0.0,50.0,0.0,Off,0.0,0.0,,47,Wellington City,Nil,0.0,0.0,0.0,0.0,0.0,0.0,Urban,1.0,0.0,0.0,Light rain,Null,0
67663243,,576901,0.0,,0.0,1.0,,East,2015/2016,SH 1N,TROY ST,,Fatal Crash,Yes,2016,,West,,1,,Flat,,,,,,Twilight,2176800,0,0.0,0.0,2.0,,,0.0,,,1.0,,,Wellington Region,Nil,1-way,Sealed,,0.0,0,,70.0,,On,0.0,0.0,,47,Wellington City,Unknown,,,,,0.0,0.0,Urban,0.0,,,Fine,Null,0
67663310,,576800,0.0,,0.0,1.0,,North,2016/2017,EVANS BAY PARADE,BELVEDERE ROAD,,Minor Crash,No,2016,,South,,0,,Flat,,,,,,Bright sun,2183100,1,1.0,0.0,2.0,,,0.0,,,,,,Wellington Region,Nil,2-way,Sealed,,0.0,0,,50.0,,Null,0.0,0.0,,47,Wellington City,Stop,,,,,0.0,0.0,Urban,0.0,,,Fine,Null,0
67663331,,576301,0.0,,0.0,1.0,,South,2015/2016,RIDDIFORD ST,MEIN ST,,Non-Injury Crash,No,2015,,North,,0,,Flat,,,,,,Overcast,2164600,0,0.0,0.0,4.0,,,0.0,,,1.0,,,Wellington Region,Nil,2-way,Sealed,,0.0,0,,50.0,,Null,0.0,0.0,,47,Wellington City,Traffic Signals,,,,,0.0,0.0,Urban,0.0,,,Fine,Null,0
67663433,,573000,1.0,,0.0,1.0,,Null,2022/2023,JERVOIS QUAY,WILLESTON STREET,,Non-Injury Crash,No,2023,,Null,,0,,Flat,,,,,,Bright sun,2127500,0,0.0,0.0,3.0,,,0.0,,,,,,Wellington Region,Nil,1-way,Sealed,,0.0,0,,50.0,,Off,0.0,1.0,,47,Wellington City,Traffic Signals,,,,,0.0,0.0,Urban,0.0,,,Fine,Null,0
67663434,,575600,1.0,,0.0,1.0,,South,2015/2016,OHIRO ROAD,MCKINLEY CRESCENT,,Non-Injury Crash,No,2016,,South,,0,,Hill Road,,,,,,Bright sun,2162400,0,0.0,0.0,2.0,,,0.0,,,,,,Wellington Region,Nil,2-way,Sealed,,0.0,0,,50.0,,Null,0.0,0.0,,47,Wellington City,Unknown,,,,,0.0,0.0,Urban,0.0,,,Fine,Null,0
67663443,,573000,0.0,,0.0,2.0,,Null,2015/2016,SH 1N,WILLIS ST,,Non-Injury Crash,Yes,2015,,South,,0,,Flat,,,,,,Dark,2129700,0,0.0,0.0,2.0,,,0.0,,,,,,Wellington Region,Nil,1-way,Sealed,,0.0,0,,50.0,,On,0.0,0.0,,47,Wellington City,Traffic Signals,,,,,0.0,0.0,Urban,0.0,,,Fine,Null,0
67663451,,576800,0.0,0.0,0.0,1.0,0.0,Null,2015/2016,MOXHAM AVENUE,WAITOA ROAD,,Minor Crash,No,2016,0.0,North,0.0,0,0.0,Flat,0.0,,1.0,,0.0,Dark,2182100,1,0.0,0.0,2.0,0.0,0.0,0.0,0.0,0.0,,0.0,0.0,Wellington Region,Nil,2-way,Sealed,0.0,0.0,0,0.0,50.0,0.0,On,0.0,0.0,,47,Wellington City,Give way,0.0,0.0,0.0,0.0,0.0,0.0,Urban,0.0,0.0,0.0,Fine,Null,0
67663536,,575200,0.0,,1.0,0.0,,South,2015/2016,GLENMORE ST,NORTHLAND ROAD,,Non-Injury Crash,No,2015,,North,,0,,Hill Road,,,,,,Overcast,2149900,0,0.0,0.0,2.0,,,0.0,,,,,,Wellington Region,Nil,2-way,Sealed,,0.0,0,,50.0,,Null,0.0,0.0,,47,Wellington City,Stop,,,,,0.0,0.0,Urban,1.0,,,Fine,Null,0
67663554,,573526,0.0,,0.0,1.0,,South,2015/2016,SH 2,HOROKIWI ROAD,,Minor Crash,Yes,2016,,West,,0,,Flat,,,,,,Overcast,2077503,1,0.0,0.0,2.0,,,0.0,,,,,,Wellington Region,Nil,1-way,Sealed,,0.0,0,,100.0,,Null,0.0,0.0,,47,Wellington City,Unknown,,,,,1.0,0.0,Open,1.0,,,Fine,Null,0
67663557,,573523,0.0,,0.0,0.0,,South,2016/2017,SH 1N,CHURTON PARK ON SBD,,Minor Crash,Yes,2016,,South,,0,,Flat,,,,,,Overcast,2086310,1,0.0,1.0,2.0,,,0.0,,,,,,Wellington Region,Nil,1-way,Sealed,,0.0,0,,100.0,,Off,0.0,0.0,,47,Wellington City,Unknown,,,,,0.0,0.0,Open,1.0,,,Fine,Null,0
67663618,,573700,0.0,,0.0,2.0,,Null,2015/2016,JOHNSONVILLE OFF SBD,FRANK JOHNSON ST,,Non-Injury Crash,Yes,2016,,South,,0,,Flat,,,,,,Dark,2082800,0,0.0,0.0,3.0,,,0.0,,,,,,Wellington Region,Nil,2-way,Sealed,,0.0,0,,50.0,,On,1.0,0.0,,47,Wellington City,Give way,,,,,0.0,0.0,Urban,0.0,,,Fine,Null,0