OBJECTID,advisorySpeed,areaUnitID,bicycle,bridge,bus,carStationWagon,cliffBank,crashDirectionDescription,crashFinancialYear,crashLocation1,crashLocation2,crashRoadSideRoad,crashSeverity,crashSHDescription,crashYear,debris,directionRoleDescription,ditch,fatalCount,fence,flatHill,guardRail,holiday,houseOrBuilding,intersection,kerb,light,meshblockId,minorInjuryCount,moped,motorcycle,NumberOfLanes,objectThrownOrDropped,otherObject,otherVehicleType,overBank,parkedVehicle,pedestrian,phoneBoxEtc,postOrPole,region,roadCharacter,roadLane,roadSurface,roadworks,schoolBus,seriousInjuryCount,slipOrFlood,speedLimit,strayAnimal,streetLight,suv,taxi,temporarySpeedLimit,tlaId,tlaName,trafficControl,trafficIsland,trafficSign,train,tree,truck,unknownVehicleType,urban,vanOrUtility,vehicle,waterRiver,weatherA,weatherB,if_pandemic
67663654,,573526,0.0,,0.0,0.0,,South,2015/2016,SH 2,WEIGH PIT,,Non-Injury Crash,Yes,2016,,South,,0,,Flat,,,,,,Bright sun,2077503,0,0.0,0.0,2.0,,,0.0,,,,,,Wellington Region,Nil,1-way,Sealed,,0.0,0,,100.0,,Null,2.0,0.0,,47,Wellington City,Unknown,,,,,0.0,0.0,Open,0.0,,,Fine,Null,0
67663700,,573300,0.0,0.0,0.0,1.0,0.0,North,2015/2016,THOMPSON ST,HANKEY ST,,Non-Injury Crash,No,2016,0.0,South,0.0,0,1.0,Hill Road,0.0,,0.0,,0.0,Overcast,2144200,0,0.0,0.0,2.0,0.0,0.0,0.0,0.0,1.0,,0.0,0.0,Wellington Region,Nil,2-way,Sealed,0.0,0.0,0,0.0,50.0,0.0,Null,0.0,0.0,,47,Wellington City,Unknown,0.0,0.0,0.0,0.0,0.0,0.0,Urban,1.0,0.0,0.0,Fine,Null,0
67663714,,576002,0.0,0.0,0.0,1.0,0.0,South,2015/2016,THE PARADE,HUMBER ST,,Non-Injury Crash,No,2016,0.0,North,0.0,0,0.0,Flat,0.0,,0.0,,0.0,Dark,2189400,0,0.0,0.0,2.0,0.0,0.0,0.0,0.0,0.0,,0.0,0.0,Wellington Region,Nil,2-way,Sealed,0.0,0.0,0,0.0,50.0,0.0,On,0.0,0.0,,47,Wellington City,Give way,0.0,1.0,0.0,0.0,0.0,0.0,Urban,0.0,0.0,0.0,Null,Strong wind,0
67663789,,573300,0.0,,0.0,1.0,,Null,2015/2016,RUGBY ST,SH 1N,,Non-Injury Crash,No,2016,,West,,0,,Flat,,,,,,Bright sun,2145700,0,0.0,0.0,3.0,,,0.0,,,,,,Wellington Region,Nil,1-way,Sealed,,0.0,0,,50.0,,Null,1.0,0.0,,47,Wellington City,Traffic Signals,,,,,0.0,0.0,Urban,0.0,,,Fine,Null,0
67663814,,572900,0.0,0.0,0.0,2.0,0.0,North,2016/2017,SH 1N,HAWKESTONE OFF SBD,,Non-Injury Crash,Yes,2016,0.0,South,0.0,0,0.0,Flat,0.0,,0.0,,0.0,Dark,2119300,0,0.0,0.0,3.0,0.0,0.0,0.0,0.0,0.0,,0.0,0.0,Wellington Region,Nil,1-way,Sealed,2.0,0.0,0,0.0,100.0,0.0,On,0.0,0.0,,47,Wellington City,Unknown,0.0,0.0,0.0,0.0,0.0,0.0,Open,0.0,0.0,0.0,Fine,Null,0
67663821,,576800,0.0,,0.0,0.0,,Null,2015/2016,SH 1N,TAURIMA ST,,Non-Injury Crash,Yes,2016,,East,,0,,Hill Road,,,,,,Dark,2181900,0,0.0,1.0,4.0,,,0.0,,,,,,Wellington Region,Nil,2-way,Sealed,,0.0,0,,50.0,,On,1.0,0.0,,47,Wellington City,Give way,,,,,0.0,0.0,Urban,0.0,,,Heavy rain,Null,0
67663873,,573526,0.0,,0.0,5.0,,North,2022/2023,HUTT ROAD,SERVICE STN STH,,Non-Injury Crash,Yes,2023,,South,,0,,Flat,,,,,,Overcast,2077503,0,0.0,0.0,2.0,,,0.0,,,,,,Wellington Region,Nil,1-way,Sealed,,0.0,0,,100.0,,Off,0.0,0.0,,47,Wellington City,Nil,,,,,0.0,0.0,Open,0.0,,,Light rain,Null,0
67663896,,576400,0.0,0.0,0.0,2.0,0.0,East,2015/2016,MEIN ST,OWEN ST,,Non-Injury Crash,No,2016,0.0,West,0.0,0,0.0,Hill Road,0.0,,0.0,,0.0,Twilight,2167700,0,0.0,0.0,2.0,0.0,0.0,0.0,0.0,1.0,,0.0,0.0,Wellington Region,Nil,2-way,Sealed,0.0,0.0,0,0.0,50.0,0.0,Off,0.0,0.0,,47,Wellington City,Unknown,0.0,0.0,0.0,0.0,0.0,0.0,Urban,0.0,0.0,0.0,Fine,Null,0
67663906,,573000,1.0,,0.0,1.0,,South,2016/2017,FEATHERSTON ST,WHITMORE ST,,Non-Injury Crash,No,2016,,South,,0,,Flat,,,,,,Bright sun,2125000,0,0.0,0.0,2.0,,,0.0,,,,,,Wellington Region,Nil,1-way,Sealed,,0.0,0,,50.0,,Null,0.0,0.0,,47,Wellington City,Traffic Signals,,,,,0.0,0.0,Urban,0.0,,,Fine,Null,0
67663936,,574303,0.0,0.0,0.0,1.0,0.0,North,2021/2022,CENTENNIAL HIGHWAY,TYERS ROAD,,Non-Injury Crash,Yes,2021,0.0,North,0.0,0,0.0,Hill Road,1.0,,0.0,,0.0,Dark,2088705,0,0.0,0.0,3.0,0.0,0.0,0.0,0.0,0.0,,0.0,0.0,Wellington Region,Nil,1-way,Sealed,0.0,0.0,0,0.0,100.0,0.0,On,0.0,0.0,,47,Wellington City,Nil,0.0,0.0,0.0,0.0,0.0,0.0,Open,0.0,0.0,0.0,Fine,Null,1
67663937,,573101,0.0,,0.0,2.0,,West,2016/2017,OLD BUCKLE ST,TASMAN ST,,Non-Injury Crash,No,2017,,West,,0,,Flat,,,,,,Overcast,2135000,0,0.0,0.0,2.0,,,0.0,,,,,,Wellington Region,Nil,1-way,Sealed,,0.0,0,,50.0,,On,0.0,0.0,,47,Wellington City,Unknown,,,,,0.0,0.0,Urban,0.0,,,Fine,Null,0
67663953,,573511,0.0,0.0,0.0,0.0,0.0,North,2016/2017,SH 1N,CHURTON PARK ON NBD,,Non-Injury Crash,Yes,2016,0.0,North,0.0,0,0.0,Flat,1.0,,0.0,,0.0,Dark,2086203,0,0.0,0.0,2.0,0.0,0.0,0.0,0.0,0.0,,0.0,0.0,Wellington Region,Nil,1-way,Sealed,0.0,0.0,0,0.0,100.0,0.0,Off,0.0,0.0,,47,Wellington City,Unknown,0.0,0.0,0.0,0.0,0.0,0.0,Open,1.0,0.0,0.0,Fine,Null,0
67663995,,573513,0.0,0.0,0.0,2.0,0.0,East,2015/2016,MALLARD GROVE,LAKEWOOD AVENUE,,Non-Injury Crash,No,2016,0.0,West,0.0,0,0.0,Flat,0.0,,0.0,,0.0,Dark,2086607,0,0.0,0.0,2.0,0.0,0.0,0.0,0.0,1.0,,0.0,0.0,Wellington Region,Nil,2-way,Sealed,0.0,0.0,0,0.0,50.0,0.0,On,0.0,0.0,,47,Wellington City,Unknown,0.0,0.0,0.0,0.0,0.0,0.0,Urban,0.0,0.0,0.0,Mist or Fog,Strong wind,0
67664097,,573200,0.0,,0.0,2.0,,North,2016/2017,BROOKLYN ROAD,NAIRN ST,,Non-Injury Crash,No,2017,,North,,0,,Hill Road,,,,,,Bright sun,2159900,0,0.0,0.0,2.0,,,0.0,,,,,,Wellington Region,Nil,2-way,Sealed,,0.0,0,,50.0,,Null,0.0,0.0,,47,Wellington City,Nil,,,,,0.0,0.0,Urban,0.0,,,Fine,Null,0
67664114,,573101,0.0,,0.0,1.0,,South,2015/2016,VICTORIA ST,GHUZNEE ST,,Non-Injury Crash,No,2015,,North,,0,,Flat,,,,,,Overcast,2131700,0,0.0,1.0,3.0,,,0.0,,,,,,Wellington Region,Nil,2-way,Sealed,,0.0,0,,50.0,,Null,0.0,0.0,,47,Wellington City,Nil,,,,,0.0,0.0,Urban,0.0,,,Fine,Null,0
67664124,,575600,0.0,,0.0,0.0,,Null,2016/2017,TODMAN ST,MITCHELL ST,,Minor Crash,No,2016,,West,,0,,Hill Road,,,,,,Overcast,2161501,1,0.0,1.0,2.0,,,0.0,,,,,,Wellington Region,Nil,2-way,Sealed,,0.0,0,,50.0,,Null,0.0,0.0,,47,Wellington City,Give way,,,,,0.0,0.0,Urban,0.0,,,Fine,Null,0
67664138,,575200,0.0,,0.0,1.0,,East,2015/2016,GARDEN ROAD,ORANGI KAUPAPA ROAD,,Minor Crash,No,2016,,East,,0,,Hill Road,,,,,,Bright sun,2151300,1,0.0,1.0,2.0,,,0.0,,,,,,Wellington Region,Nil,2-way,Sealed,,0.0,0,,50.0,,Null,0.0,0.0,,47,Wellington City,Unknown,,,,,0.0,0.0,Urban,0.0,,,Fine,Null,0
67664156,,575800,0.0,0.0,1.0,1.0,0.0,South,2016/2017,QUEBEC ST,MONTREAL GROVE,,Non-Injury Crash,No,2016,0.0,North,0.0,0,0.0,Flat,0.0,,0.0,,0.0,Bright sun,2198100,0,0.0,0.0,2.0,0.0,0.0,0.0,0.0,1.0,,0.0,0.0,Wellington Region,Nil,2-way,Sealed,0.0,0.0,0,0.0,50.0,0.0,Null,0.0,0.0,,47,Wellington City,Unknown,0.0,0.0,0.0,0.0,0.0,0.0,Urban,0.0,0.0,0.0,Fine,Null,0
67664207,,576903,0.0,0.0,0.0,2.0,0.0,North,2015/2016,HAMILTON ROAD,KUPE ST,,Non-Injury Crash,No,2016,0.0,North,0.0,0,0.0,Null,0.0,Easter,0.0,,0.0,Bright sun,2181500,0,0.0,0.0,2.0,0.0,0.0,0.0,0.0,1.0,,0.0,0.0,Wellington Region,Nil,2-way,Sealed,0.0,0.0,0,0.0,50.0,0.0,Off,0.0,0.0,,47,Wellington City,Nil,0.0,0.0,0.0,0.0,0.0,0.0,Urban,0.0,0.0,0.0,Fine,Null,0
67664253,,576001,0.0,,0.0,2.0,,East,2016/2017,THE ESPLANADE,SEVERN ST,,Minor Crash,No,2016,,West,,0,,Flat,,Christmas New Year,,,,Bright sun,2189200,1,0.0,0.0,2.0,,,0.0,,,,,,Wellington Region,Nil,2-way,Sealed,,0.0,0,,50.0,,Null,0.0,0.0,,47,Wellington City,Nil,,,,,0.0,0.0,Urban,0.0,,,Fine,Null,0
67664267,,576800,0.0,,0.0,1.0,,East,2015/2016,TAURIMA ST,SH 1N,,Non-Injury Crash,No,2016,,East,,0,,Flat,,,,,,Dark,2181900,0,0.0,0.0,2.0,,,0.0,,,,,,Wellington Region,Nil,2-way,Sealed,,0.0,0,,50.0,,On,0.0,0.0,,47,Wellington City,Unknown,,,,,0.0,0.0,Urban,1.0,,,Fine,Null,0
67664277,,572500,0.0,0.0,0.0,2.0,0.0,Null,2016/2017,TAWA ST,MAIN ROAD,,Non-Injury Crash,No,2016,0.0,East,0.0,0,0.0,Flat,0.0,,0.0,,0.0,Bright sun,1986300,0,0.0,0.0,2.0,0.0,0.0,0.0,0.0,1.0,,0.0,0.0,Wellington Region,Nil,2-way,Sealed,0.0,0.0,0,0.0,50.0,0.0,Null,0.0,0.0,,47,Wellington City,Give way,0.0,0.0,0.0,0.0,0.0,0.0,Urban,0.0,0.0,0.0,Fine,Null,0
67664281,,573000,0.0,,0.0,1.0,,North,2016/2017,SH 1N,SOUTH PORTAL,,Non-Injury Crash,Yes,2016,,North,,0,,Flat,,,,,,Bright sun,2128700,0,0.0,0.0,3.0,,,0.0,,,,,,Wellington Region,Nil,2-way,Sealed,,0.0,0,,100.0,,Null,1.0,0.0,,47,Wellington City,Unknown,,,,,0.0,0.0,Open,0.0,,,Fine,Null,0
67664303,,572900,0.0,,0.0,1.0,,Null,2016/2017,BUNNY ST,WATERLOO QUAY,,Non-Injury Crash,No,2017,,South,,0,,Flat,,,,,,Dark,2122700,0,0.0,0.0,4.0,,,0.0,,,,,,Wellington Region,Nil,2-way,Sealed,,0.0,0,,50.0,,On,0.0,0.0,,47,Wellington City,Traffic Signals,,,,,0.0,0.0,Urban,1.0,,,Null,Null,0
67664307,,573000,0.0,,0.0,2.0,,South,2015/2016,VICTORIA ST,HUNTER ST,,Non-Injury Crash,No,2016,,South,,0,,Flat,,,,,,Dark,2126000,0,0.0,0.0,2.0,,,0.0,,,,,,Wellington Region,Nil,1-way,Sealed,,0.0,0,,50.0,,On,0.0,0.0,,47,Wellington City,Unknown,,,,,0.0,0.0,Urban,0.0,,,Fine,Null,0
67664313,,573000,0.0,,0.0,2.0,,Null,2015/2016,WARING TAYLOR ST,MAGINNITY ST,,Non-Injury Crash,No,2016,,West,,0,,Flat,,Easter,,,,Overcast,2125200,0,0.0,0.0,2.0,,,0.0,,,,,,Wellington Region,Nil,1-way,Sealed,,0.0,0,,50.0,,Null,0.0,0.0,,47,Wellington City,Nil,,,,,0.0,0.0,Urban,0.0,,,Fine,Null,0
67664376,,576901,0.0,,0.0,2.0,,South,2023/2024,MAHORA STREET,RONGOTAI ROAD,,Non-Injury Crash,No,2023,,South,,0,,Flat,,,,,,Bright sun,2178200,0,0.0,0.0,2.0,,,0.0,,,,,,Wellington Region,Nil,2-way,Sealed,,0.0,0,,50.0,,Off,0.0,0.0,,47,Wellington City,Nil,,,,,0.0,0.0,Urban,0.0,,,Fine,Null,0
67664487,,574303,0.0,,0.0,1.0,,West,2015/2016,SH 1N,SH 2,,Non-Injury Crash,Yes,2016,,West,,0,,Flat,,,,,,Bright sun,2090402,0,0.0,0.0,3.0,,,0.0,,,,,,Wellington Region,Nil,1-way,Sealed,,0.0,0,,100.0,,Null,0.0,0.0,70.0,47,Wellington City,Unknown,,,,,0.0,0.0,Open,1.0,,,Fine,Null,0
67664537,,573000,0.0,,0.0,2.0,,Null,2015/2016,WHITMORE ST,FEATHERSTON ST,,Non-Injury Crash,No,2016,,South,,0,,Flat,,,,,,Dark,2123800,0,0.0,0.0,5.0,,,0.0,,,,,,Wellington Region,Nil,2-way,Sealed,,0.0,0,,50.0,,On,0.0,0.0,,47,Wellington City,Traffic Signals,,,,,0.0,0.0,Urban,0.0,,,Fine,Null,0
67664554,,576903,0.0,0.0,0.0,1.0,1.0,South,2015/2016,DUNCAN TERRACE,KOTINGA ST,,Minor Crash,No,2016,0.0,East,0.0,0,1.0,Hill Road,0.0,,0.0,,0.0,Bright sun,2179400,1,0.0,0.0,2.0,0.0,0.0,0.0,0.0,0.0,,0.0,0.0,Wellington Region,Nil,2-way,Sealed,0.0,0.0,0,0.0,50.0,0.0,Null,0.0,0.0,,47,Wellington City,Unknown,0.0,0.0,0.0,0.0,0.0,0.0,Urban,0.0,0.0,0.0,Fine,Null,0
67664573,,576400,0.0,,0.0,1.0,,West,2015/2016,CONSTABLE ST,DANIELL ST,,Non-Injury Crash,No,2016,,East,,0,,Hill Road,,Queens Birthday,,,,Bright sun,2168400,0,0.0,0.0,2.0,,,0.0,,,,,,Wellington Region,Nil,2-way,Sealed,,0.0,0,,50.0,,Null,1.0,0.0,,47,Wellington City,Unknown,,,,,0.0,0.0,Urban,0.0,,,Fine,Null,0
67664581,,575000,0.0,,1.0,1.0,,East,2015/2016,PLYMOUTH ST,DUTHIE ST,,Non-Injury Crash,No,2016,,East,,0,,Flat,,,,,,Bright sun,2112000,0,0.0,0.0,2.0,,,0.0,,,,,,Wellington Region,Nil,2-way,Sealed,,0.0,0,,50.0,,Null,0.0,0.0,,47,Wellington City,Nil,,,,,0.0,0.0,Urban,0.0,,,Fine,Null,0
67664595,,573101,0.0,,0.0,2.0,,Null,2016/2017,DIXON ST,VICTORIA ST,,Non-Injury Crash,No,2016,,West,,0,,Flat,,,,,,Bright sun,2131300,0,0.0,0.0,2.0,,,0.0,,,,,,Wellington Region,Nil,2-way,Sealed,,0.0,0,,50.0,,Null,0.0,0.0,,47,Wellington City,Stop,,,,,0.0,0.0,Urban,0.0,,,Fine,Null,0
67664602,,576400,0.0,0.0,0.0,3.0,0.0,West,2015/2016,CRAWFORD ROAD,DUNCAN TERRACE,,Non-Injury Crash,No,2016,0.0,North,0.0,0,0.0,Hill Road,0.0,Christmas New Year,0.0,,0.0,Dark,2169500,0,0.0,0.0,2.0,0.0,0.0,0.0,0.0,1.0,,0.0,0.0,Wellington Region,Nil,2-way,Sealed,0.0,0.0,0,0.0,50.0,0.0,On,0.0,0.0,,47,Wellington City,Unknown,0.0,0.0,0.0,0.0,0.0,0.0,Urban,0.0,0.0,0.0,Light rain,Null,0
67664612,,573101,0.0,0.0,0.0,1.0,0.0,South,2015/2016,ALLEN ST,WAKEFIELD ST,,Non-Injury Crash,No,2016,0.0,North,0.0,0,0.0,Flat,0.0,,1.0,,0.0,Bright sun,2135700,0,0.0,0.0,1.0,0.0,0.0,0.0,0.0,0.0,,0.0,0.0,Wellington Region,Nil,2-way,Sealed,0.0,0.0,0,0.0,50.0,0.0,Null,0.0,0.0,,47,Wellington City,Unknown,0.0,0.0,0.0,0.0,0.0,0.0,Urban,0.0,0.0,0.0,Fine,Null,0
67664675,,574500,0.0,,0.0,3.0,,North,2015/2016,SH 1N,AOTEA ON NBD,,Non-Injury Crash,Yes,2016,,East,,0,,Flat,,,,,,Bright sun,2093600,0,0.0,0.0,3.0,,,0.0,,,,,,Wellington Region,Nil,1-way,Sealed,,0.0,0,,70.0,,Null,0.0,0.0,,47,Wellington City,Unknown,,,,,0.0,0.0,Urban,0.0,,,Fine,Null,0
67664679,,573000,0.0,,0.0,1.0,,Null,2022/2023,HUNTER STREET,CUSTOMHOUSE QUAY,,Non-Injury Crash,No,2023,,East,,0,,Flat,,,,,,Dark,2125800,0,0.0,0.0,2.0,,,0.0,,,,,,Wellington Region,Nil,2-way,Sealed,,0.0,0,,30.0,,On,0.0,1.0,,47,Wellington City,Traffic Signals,,,,,1.0,0.0,Urban,0.0,,,Light rain,Null,0
67664751,,574702,0.0,,0.0,2.0,,Null,2021/2022,WILTON ROAD,GLOUCESTER STREET,,Non-Injury Crash,No,2021,,West,,0,,Flat,,,,,,Bright sun,2103200,0,0.0,0.0,2.0,,,0.0,,,,,,Wellington Region,Nil,2-way,Sealed,,0.0,0,,50.0,,Off,0.0,0.0,,47,Wellington City,Stop,,,,,0.0,0.0,Urban,0.0,,,Fine,Null,1
67664753,,572600,0.0,,0.0,2.0,,South,2014/2015,MAIN ROAD,LINCOLN AVENUE,,Non-Injury Crash,No,2015,,South,,0,,Flat,,,,,,Overcast,1992000,0,0.0,0.0,2.0,,,0.0,,,,,,Wellington Region,Nil,2-way,Sealed,,0.0,0,,50.0,,Off,0.0,0.0,,47,Wellington City,Nil,,,,,0.0,0.0,Urban,0.0,,,Fine,Null,0
67664784,,574500,0.0,0.0,0.0,2.0,0.0,East,2017/2018,SH 1N,AOTEA OFF SBD,,Minor Crash,Yes,2017,0.0,West,0.0,0,0.0,Flat,1.0,,0.0,,0.0,Dark,2093600,1,0.0,0.0,3.0,0.0,0.0,0.0,0.0,0.0,,0.0,0.0,Wellington Region,Nil,1-way,Sealed,0.0,0.0,0,0.0,100.0,0.0,On,0.0,0.0,,47,Wellington City,Unknown,0.0,0.0,0.0,0.0,0.0,0.0,Open,0.0,0.0,0.0,Fine,Null,0
67664828,,575800,0.0,0.0,0.0,1.0,0.0,East,2016/2017,FARNHAM ST,THE RIDGEWAY,,Non-Injury Crash,No,2016,0.0,West,0.0,0,0.0,Hill Road,0.0,,0.0,,0.0,Dark,2196700,0,0.0,0.0,2.0,0.0,0.0,0.0,0.0,1.0,,0.0,0.0,Wellington Region,Nil,2-way,Sealed,0.0,0.0,0,0.0,50.0,0.0,On,1.0,0.0,,47,Wellington City,Unknown,0.0,0.0,0.0,0.0,0.0,0.0,Urban,0.0,0.0,0.0,Fine,Null,0
67664849,,573101,0.0,,0.0,2.0,,West,2014/2015,GARRETT ST,CUBA ST,,Non-Injury Crash,No,2015,,West,,0,,Flat,,,,,,Dark,2131800,0,0.0,0.0,2.0,,,0.0,,,,,,Wellington Region,Nil,2-way,Sealed,,0.0,0,,50.0,,On,0.0,0.0,,47,Wellington City,Unknown,,,,,0.0,0.0,Urban,0.0,,,Fine,Null,0
67664851,,573700,0.0,,0.0,2.0,,South,2016/2017,SH 1N,HELSTON OBR,,Non-Injury Crash,Yes,2016,,North,,0,,Hill Road,,,,,,Bright sun,2082800,0,0.0,0.0,2.0,,,0.0,,,,,,Wellington Region,Nil,1-way,Sealed,,0.0,0,,100.0,,Null,0.0,0.0,,47,Wellington City,Unknown,,,,,0.0,0.0,Open,0.0,,,Fine,Null,0
67664862,,574002,0.0,,0.0,0.0,,South,2016/2017,SH 1N,NIMT OBR,,Non-Injury Crash,Yes,2016,,South,,0,,Flat,,,,,,Bright sun,2078302,0,0.0,0.0,2.0,,,0.0,,,,,,Wellington Region,Nil,1-way,Sealed,,0.0,0,,80.0,,Null,1.0,0.0,,47,Wellington City,Unknown,,,,,0.0,0.0,Open,1.0,,,Fine,Null,0
67664870,,574600,0.0,0.0,0.0,0.0,0.0,West,2016/2017,MARGARET ST,CECIL ROAD,,Non-Injury Crash,No,2016,0.0,West,0.0,0,0.0,Hill Road,0.0,,0.0,,0.0,Bright sun,2100500,0,0.0,0.0,2.0,0.0,0.0,0.0,0.0,1.0,,0.0,0.0,Wellington Region,Nil,2-way,Sealed,0.0,0.0,0,0.0,50.0,0.0,Null,2.0,0.0,,47,Wellington City,Unknown,0.0,0.0,0.0,0.0,0.0,0.0,Urban,0.0,0.0,0.0,Fine,Null,0
67664882,,575000,0.0,0.0,0.0,2.0,0.0,South,2016/2017,FLERS ST,CHISENHALL ST,,Minor Crash,No,2016,0.0,South,0.0,0,0.0,Flat,0.0,,0.0,,0.0,Bright sun,2110900,1,0.0,0.0,2.0,0.0,0.0,0.0,0.0,1.0,,0.0,0.0,Wellington Region,Nil,2-way,Sealed,0.0,0.0,0,0.0,50.0,0.0,Null,0.0,0.0,,47,Wellington City,Unknown,0.0,0.0,0.0,0.0,0.0,0.0,Urban,0.0,0.0,0.0,Fine,Null,0
67664889,,574100,0.0,,0.0,4.0,,South,2015/2016,SH 1N,NEWLANDS ON NBD,,Minor Crash,Yes,2015,,North,,0,,Hill Road,,,,,,Overcast,2084600,1,0.0,0.0,4.0,,,0.0,,,,,,Wellington Region,Nil,1-way,Sealed,,0.0,0,,80.0,,Null,0.0,0.0,,47,Wellington City,Nil,,,,,0.0,0.0,Open,0.0,,,Heavy rain,Null,0
67664946,,573101,0.0,,0.0,2.0,,West,2016/2017,TENNYSON ST,CAMBRIDGE TERRACE,,Non-Injury Crash,No,2017,,East,,0,,Flat,,,,,,Dark,2136100,0,0.0,0.0,2.0,,,0.0,,,,,,Wellington Region,Nil,2-way,Sealed,,0.0,0,,50.0,,On,0.0,0.0,,47,Wellington City,Unknown,,,,,0.0,0.0,Urban,0.0,,,Fine,Null,0
67664948,,574001,0.0,0.0,0.0,2.0,0.0,East,2016/2017,HOROKIWI ROAD WEST,KINAPORI TERRACE,,Non-Injury Crash,No,2017,0.0,West,0.0,0,0.0,Hill Road,0.0,,0.0,,0.0,Bright sun,2075500,0,0.0,0.0,2.0,0.0,0.0,0.0,0.0,1.0,,0.0,0.0,Wellington Region,Nil,2-way,Sealed,0.0,0.0,0,0.0,50.0,0.0,Null,0.0,0.0,,47,Wellington City,Unknown,0.0,0.0,0.0,0.0,0.0,0.0,Urban,0.0,0.0,0.0,Fine,Null,0
67664963,,572900,0.0,,0.0,1.0,,Null,2015/2016,TINAKORI ROAD,HARRIETT ST,,Non-Injury Crash,No,2016,,North,,0,,Flat,,,,,,Bright sun,2123100,0,0.0,0.0,2.0,,,0.0,,,,,,Wellington Region,Nil,2-way,Sealed,,0.0,0,,50.0,,Null,0.0,0.0,,47,Wellington City,Traffic Signals,,,,,0.0,0.0,Urban,1.0,,,Fine,Null,0
67664995,,576100,0.0,0.0,1.0,1.0,0.0,North,2016/2017,SUTHERLAND ROAD,HORNSEY ROAD,,Non-Injury Crash,No,2016,0.0,South,0.0,0,0.0,Hill Road,0.0,,0.0,,0.0,Overcast,2196400,0,0.0,0.0,2.0,0.0,0.0,0.0,0.0,1.0,,0.0,0.0,Wellington Region,Nil,2-way,Sealed,0.0,0.0,0,0.0,50.0,0.0,Null,0.0,0.0,,47,Wellington City,Nil,0.0,0.0,0.0,0.0,0.0,0.0,Urban,0.0,0.0,0.0,Light rain,Null,0
67665046,,573522,0.0,0.0,0.0,1.0,0.0,North,2016/2017,SH 1N,TAKAPU RD UPASS NBD,,Minor Crash,Yes,2017,0.0,North,0.0,0,0.0,Hill Road,1.0,,0.0,,0.0,Overcast,2053703,1,0.0,0.0,2.0,0.0,0.0,0.0,0.0,0.0,,0.0,0.0,Wellington Region,Nil,1-way,Sealed,0.0,0.0,0,0.0,100.0,0.0,Off,0.0,0.0,,47,Wellington City,Unknown,0.0,0.0,0.0,0.0,0.0,0.0,Open,0.0,0.0,0.0,Fine,Null,0
67665084,,573101,0.0,0.0,0.0,1.0,0.0,West,2015/2016,COURTENAY PLACE,BLAIR ST,,Non-Injury Crash,No,2016,0.0,West,0.0,0,0.0,Flat,0.0,,0.0,,0.0,Overcast,2135700,0,0.0,0.0,1.0,0.0,0.0,0.0,0.0,1.0,,0.0,0.0,Wellington Region,Nil,1-way,Sealed,0.0,0.0,0,0.0,30.0,0.0,Null,0.0,0.0,,47,Wellington City,Unknown,0.0,0.0,0.0,0.0,1.0,0.0,Urban,0.0,0.0,0.0,Heavy rain,Null,0
67665092,,574100,0.0,,0.0,1.0,,South,2016/2017,BURMA ROAD,HAUMIA ST,,Minor Crash,No,2017,,South,,0,,Flat,,,,,,Overcast,2085303,1,0.0,1.0,2.0,,,0.0,,,,,,Wellington Region,Nil,2-way,Sealed,,0.0,0,,50.0,,Null,0.0,0.0,,47,Wellington City,Unknown,,,,,0.0,0.0,Urban,0.0,,,Light rain,Null,0
67665138,,576903,0.0,,0.0,4.0,,South,2016/2017,SH 1N,GOA ST,,Non-Injury Crash,Yes,2016,,North,,0,,Flat,,,,,,Dark,2180601,0,0.0,0.0,2.0,,,0.0,,,,,,Wellington Region,Nil,2-way,Sealed,,0.0,0,,70.0,,On,0.0,0.0,,47,Wellington City,Unknown,,,,,0.0,0.0,Urban,1.0,,,Heavy rain,Null,0
67665209,,577000,0.0,0.0,0.0,1.0,0.0,West,2015/2016,MOA POINT ROAD,STEWART DUFF DRIVE,,Serious Crash,No,2016,0.0,East,0.0,0,1.0,Flat,0.0,,0.0,,0.0,Bright sun,2175700,0,0.0,0.0,2.0,0.0,0.0,0.0,0.0,0.0,,0.0,0.0,Wellington Region,Nil,2-way,Sealed,0.0,0.0,1,0.0,50.0,0.0,Null,0.0,0.0,,47,Wellington City,Unknown,0.0,0.0,0.0,0.0,0.0,0.0,Urban,0.0,0.0,0.0,Fine,Null,0
67665251,,574100,0.0,,0.0,2.0,,Null,2015/2016,BANNISTER AVENUE,ATUA ST,,Non-Injury Crash,No,2016,,South,,0,,Flat,,,,,,Twilight,2084900,0,0.0,0.0,2.0,,,0.0,,,,,,Wellington Region,Nil,2-way,Sealed,,0.0,0,,50.0,,Off,0.0,0.0,,47,Wellington City,Stop,,,,,0.0,0.0,Urban,0.0,,,Fine,Null,0
67665256,,576301,0.0,,0.0,1.0,,West,2017/2018,WARIPORI ST,RUSSELL TERRACE,,Minor Crash,No,2017,,West,,0,,Flat,,,,,,Bright sun,2165800,1,0.0,0.0,2.0,,,0.0,,,1.0,,,Wellington Region,Nil,2-way,Sealed,,0.0,0,,50.0,,Null,0.0,0.0,,47,Wellington City,Unknown,,,,,0.0,0.0,Urban,0.0,,,Fine,Null,0
67665331,,574303,0.0,,0.0,1.0,,South,2015/2016,SH 1N,SH 2,,Non-Injury Crash,Yes,2016,,South,,0,,Flat,,,,,,Bright sun,2090402,0,0.0,0.0,3.0,,,0.0,,,,,,Wellington Region,Nil,1-way,Sealed,,0.0,0,,70.0,,Null,0.0,0.0,,47,Wellington City,Unknown,,,,,1.0,0.0,Urban,0.0,,,Fine,Null,0