OBJECTID,advisorySpeed,areaUnitID,bicycle,bridge,bus,carStationWagon,cliffBank,crashDirectionDescription,crashFinancialYear,crashLocation1,crashLocation2,crashRoadSideRoad,crashSeverity,crashSHDescription,crashYear,debris,directionRoleDescription,ditch,fatalCount,fence,flatHill,guardRail,holiday,houseOrBuilding,intersection,kerb,light,meshblockId,minorInjuryCount,moped,motorcycle,NumberOfLanes,objectThrownOrDropped,otherObject,otherVehicleType,overBank,parkedVehicle,pedestrian,phoneBoxEtc,postOrPole,region,roadCharacter,roadLane,roadSurface,roadworks,schoolBus,seriousInjuryCount,slipOrFlood,speedLimit,strayAnimal,streetLight,suv,taxi,temporarySpeedLimit,tlaId,tlaName,trafficControl,trafficIsland,trafficSign,train,tree,truck,unknownVehicleType,urban,vanOrUtility,vehicle,waterRiver,weatherA,weatherB,if_pandemic
67665339,,573000,0.0,0.0,0.0,0.0,0.0,South,2015/2016,WATERLOO QUAY,BUNNY ST,,Non-Injury Crash,No,2016,0.0,North,0.0,0,0.0,Flat,0.0,,0.0,,0.0,Bright sun,2124300,0,0.0,0.0,5.0,0.0,0.0,0.0,0.0,1.0,,0.0,0.0,Wellington Region,Nil,2-way,Sealed,0.0,0.0,0,0.0,50.0,0.0,Null,0.0,0.0,,47,Wellington City,Unknown,0.0,0.0,0.0,0.0,0.0,0.0,Urban,2.0,0.0,0.0,Fine,Null,0
67665366,,572900,0.0,0.0,0.0,1.0,0.0,East,2016/2017,FACILITY ACCESS,FERRY TERMINAL ACCESS ROA,,Non-Injury Crash,No,2016,0.0,South,0.0,0,0.0,Flat,0.0,,0.0,,0.0,Overcast,2118400,0,0.0,0.0,1.0,0.0,0.0,1.0,0.0,1.0,,0.0,0.0,Wellington Region,Nil,1-way,Sealed,0.0,0.0,0,0.0,20.0,0.0,Null,0.0,0.0,,47,Wellington City,Unknown,0.0,0.0,0.0,0.0,0.0,0.0,Urban,0.0,0.0,0.0,Fine,Strong wind,0
67665378,,574500,1.0,,0.0,1.0,,West,2016/2017,HUTT ROAD,RANGIORA AVENUE,,Minor Crash,No,2017,,South,,0,,Flat,,,,,,Overcast,2093400,1,0.0,0.0,4.0,,,0.0,,,,,,Wellington Region,Nil,2-way,Sealed,,0.0,0,,60.0,,Null,0.0,0.0,,47,Wellington City,Nil,,,,,0.0,0.0,Urban,0.0,,,Mist or Fog,Null,0
67665440,,573700,0.0,,0.0,1.0,,Null,2015/2016,JOHNSONVILLE ROAD,MOOREFIELD ROAD,,Minor Crash,No,2016,,North,,0,,Flat,,,,,,Dark,2082800,1,0.0,1.0,2.0,,,0.0,,,,,,Wellington Region,Nil,2-way,Sealed,,0.0,0,,50.0,,On,0.0,0.0,,47,Wellington City,Give way,,,,,0.0,0.0,Urban,0.0,,,Fine,Null,0
67665538,,573000,0.0,0.0,0.0,1.0,1.0,South,2015/2016,SH 1N,SOUTH PORTAL,,Non-Injury Crash,Yes,2016,0.0,South,0.0,0,0.0,Flat,0.0,Easter,0.0,,0.0,Dark,2129600,0,0.0,0.0,2.0,0.0,0.0,0.0,0.0,0.0,,0.0,0.0,Wellington Region,Nil,1-way,Sealed,0.0,0.0,0,0.0,50.0,0.0,On,0.0,0.0,,47,Wellington City,Unknown,0.0,0.0,0.0,0.0,0.0,0.0,Urban,0.0,0.0,0.0,Light rain,Null,0
67665571,,572900,0.0,,0.0,1.0,,East,2016/2017,SH 1N,HOBSON ST OBR NBD,,Non-Injury Crash,Yes,2017,,East,,0,,Flat,,,,,,Overcast,2117902,0,0.0,0.0,3.0,,,0.0,,,,,,Wellington Region,Nil,1-way,Sealed,,0.0,0,,60.0,,Null,0.0,0.0,,47,Wellington City,Unknown,,,,,1.0,0.0,Urban,0.0,,,Heavy rain,Null,0
67665670,,576301,0.0,0.0,0.0,1.0,0.0,South,2021/2022,RUSSELL TERRACE,RIDDIFORD STREET,,Non-Injury Crash,No,2021,0.0,North,0.0,0,0.0,Hill Road,0.0,,0.0,,0.0,Bright sun,2165900,0,0.0,0.0,2.0,0.0,0.0,0.0,0.0,1.0,,0.0,0.0,Wellington Region,Nil,2-way,Sealed,0.0,0.0,0,0.0,50.0,0.0,Off,1.0,0.0,,47,Wellington City,Nil,0.0,0.0,0.0,0.0,0.0,0.0,Urban,0.0,0.0,0.0,Fine,Null,1
67665678,,573600,0.0,0.0,0.0,1.0,0.0,North,2021/2022,MIDDLETON ROAD,BASSETT ROAD,,Non-Injury Crash,No,2021,0.0,North,0.0,0,0.0,Hill Road,0.0,,1.0,,0.0,Overcast,2081200,0,0.0,0.0,2.0,0.0,0.0,0.0,0.0,0.0,,0.0,0.0,Wellington Region,Nil,2-way,Sealed,0.0,0.0,0,0.0,50.0,0.0,Off,0.0,0.0,,47,Wellington City,Unknown,0.0,0.0,0.0,0.0,0.0,0.0,Urban,0.0,0.0,0.0,Light rain,Null,1
67665682,,573101,0.0,,1.0,1.0,,East,2015/2016,COURTENAY PLACE,TORY ST,,Non-Injury Crash,No,2015,,West,,0,,Flat,,,,,,Bright sun,2135700,0,0.0,0.0,2.0,,,0.0,,,,,,Wellington Region,Nil,2-way,Sealed,,0.0,0,,50.0,,Null,0.0,0.0,,47,Wellington City,Unknown,,,,,0.0,0.0,Urban,0.0,,,Fine,Null,0
67665687,,576500,1.0,,0.0,0.0,,Null,2017/2018,ADELAIDE ROAD,HOSPITAL ROAD,,Minor Crash,No,2017,,North,,0,,Flat,,,,,,Dark,2148500,1,0.0,0.0,4.0,,,0.0,,,,,,Wellington Region,Nil,2-way,Sealed,,0.0,0,,50.0,,On,1.0,0.0,,47,Wellington City,Traffic Signals,,,,,0.0,0.0,Urban,0.0,,,Fine,Null,0
67665738,,573101,0.0,0.0,0.0,2.0,0.0,East,2015/2016,HAINING ST,TARANAKI ST,,Non-Injury Crash,No,2016,0.0,West,0.0,0,0.0,Flat,0.0,,0.0,,0.0,Bright sun,2134900,0,0.0,0.0,1.0,0.0,0.0,0.0,0.0,1.0,,0.0,0.0,Wellington Region,Nil,1-way,Sealed,0.0,0.0,0,0.0,50.0,0.0,Null,0.0,0.0,,47,Wellington City,Unknown,0.0,0.0,0.0,0.0,0.0,0.0,Urban,0.0,0.0,0.0,Fine,Null,0
67665741,,573000,0.0,0.0,0.0,2.0,0.0,South,2016/2017,CUSTOMHOUSE QUAY,HUNTER ST,,Non-Injury Crash,No,2016,0.0,South,0.0,0,0.0,Flat,0.0,,0.0,,0.0,Overcast,2126000,0,0.0,0.0,2.0,0.0,0.0,0.0,0.0,1.0,,0.0,0.0,Wellington Region,Nil,2-way,Sealed,0.0,0.0,0,0.0,50.0,0.0,Null,0.0,0.0,,47,Wellington City,Unknown,0.0,0.0,0.0,0.0,0.0,0.0,Urban,0.0,0.0,0.0,Null,Null,0
67665802,,573000,0.0,,0.0,1.0,,East,2015/2016,MERCER ST,WILLIS ST,,Non-Injury Crash,No,2015,,East,,0,,Flat,,,,,,Bright sun,2127400,0,0.0,0.0,1.0,,,0.0,,,,,,Wellington Region,Nil,1-way,Sealed,,0.0,0,,50.0,,Null,1.0,0.0,,47,Wellington City,Nil,,,,,0.0,0.0,Urban,0.0,,,Fine,Null,0
67665906,,573101,0.0,,0.0,1.0,,Null,2016/2017,VICTORIA ST,WEBB ST,,Non-Injury Crash,No,2016,,South,,0,,Flat,,,,,,Bright sun,2132700,0,0.0,0.0,2.0,,,0.0,,,,,,Wellington Region,Nil,1-way,Sealed,,0.0,0,,50.0,,Null,0.0,0.0,,47,Wellington City,Give way,,,,,1.0,0.0,Urban,0.0,,,Fine,Null,0
67665910,,573101,0.0,0.0,0.0,2.0,0.0,East,2016/2017,COURTENAY PLACE,TARANAKI ST,,Non-Injury Crash,No,2016,0.0,West,0.0,0,0.0,Flat,0.0,,0.0,,0.0,Twilight,2135600,0,0.0,0.0,2.0,0.0,0.0,0.0,0.0,1.0,,0.0,0.0,Wellington Region,Nil,1-way,Sealed,0.0,0.0,0,0.0,50.0,0.0,On,0.0,1.0,,47,Wellington City,Unknown,0.0,0.0,0.0,0.0,0.0,0.0,Urban,0.0,0.0,0.0,Null,Null,0
67665998,,573400,0.0,0.0,0.0,1.0,0.0,South,2016/2017,ROXBURGH ST,CAROLINE ST,,Non-Injury Crash,No,2017,0.0,North,0.0,0,0.0,Flat,0.0,,0.0,,0.0,Bright sun,2139900,0,0.0,0.0,2.0,0.0,0.0,0.0,0.0,1.0,,0.0,0.0,Wellington Region,Nil,2-way,Sealed,0.0,0.0,0,0.0,50.0,0.0,Null,1.0,0.0,,47,Wellington City,Unknown,0.0,0.0,0.0,0.0,0.0,0.0,Urban,0.0,0.0,0.0,Null,Null,0
67666036,,573101,0.0,,0.0,1.0,,Null,2016/2017,GHUZNEE ST,MARION ST,,Non-Injury Crash,No,2017,,West,,0,,Hill Road,,,,,,Overcast,2133700,0,0.0,0.0,2.0,,,0.0,,,,,,Wellington Region,Nil,2-way,Sealed,,0.0,0,,50.0,,Null,0.0,0.0,,47,Wellington City,Stop,,,,,0.0,0.0,Urban,1.0,,,Mist or Fog,Null,0
67666038,,574500,0.0,,0.0,1.0,,Null,2016/2017,HUTT ROAD,KAIWHARAWHARA ROAD,,Minor Crash,No,2017,,West,,0,,Flat,,,,,,Dark,2093500,1,0.0,0.0,5.0,,,0.0,,,,,,Wellington Region,Nil,2-way,Sealed,,0.0,0,,60.0,,On,1.0,0.0,,47,Wellington City,Traffic Signals,,,,,0.0,0.0,Urban,0.0,,,Fine,Null,0
67666050,,573101,1.0,,0.0,0.0,,South,2016/2017,TORY ST,COURTENAY PLACE,,Non-Injury Crash,No,2017,,North,,0,,Flat,,,,,,Bright sun,2136000,0,0.0,0.0,2.0,,,0.0,,,1.0,,,Wellington Region,Nil,2-way,Sealed,,0.0,0,,30.0,,Null,0.0,0.0,,47,Wellington City,Traffic Signals,,,,,0.0,0.0,Urban,0.0,,,Null,Null,0
67666060,,572900,0.0,,0.0,2.0,,North,2016/2017,AITKEN ST,MOLESWORTH ST,,Non-Injury Crash,No,2017,,South,,0,,Flat,,,,,,Bright sun,2121400,0,0.0,0.0,2.0,,,0.0,,,,,,Wellington Region,Nil,2-way,Sealed,,0.0,0,,50.0,,Null,0.0,0.0,,47,Wellington City,Unknown,,,,,0.0,0.0,Urban,0.0,,,Fine,Null,0
67666065,,573000,0.0,,0.0,1.0,,North,2016/2017,FEATHERSTON ST,BRANDON ST,,Non-Injury Crash,No,2016,,South,,0,,Flat,,,,,,Twilight,2125500,0,0.0,0.0,2.0,,,0.0,,,,,,Wellington Region,Nil,1-way,Sealed,,0.0,0,,50.0,,On,0.0,0.0,,47,Wellington City,Unknown,,,,,0.0,0.0,Urban,1.0,,,Fine,Null,0
67666127,,574303,0.0,0.0,0.0,1.0,0.0,South,2016/2017,SH 1N,NGAURANGA ON NBD OBR,,Non-Injury Crash,Yes,2017,0.0,North,0.0,0,0.0,Flat,1.0,,0.0,,0.0,Dark,2090402,0,0.0,0.0,7.0,0.0,0.0,0.0,0.0,0.0,,0.0,0.0,Wellington Region,Nil,2-way,Sealed,0.0,0.0,0,0.0,100.0,0.0,On,0.0,0.0,,47,Wellington City,Unknown,0.0,0.0,0.0,0.0,0.0,0.0,Open,0.0,0.0,0.0,Fine,Null,0
67666153,,573511,0.0,,0.0,2.0,,Null,2016/2017,WESTCHESTER DRIVE,CHURTON PARK OFF NBD,,Non-Injury Crash,No,2017,,East,,0,,Hill Road,,,,,,Overcast,2086203,0,0.0,0.0,3.0,,,0.0,,,,,,Wellington Region,Motorway ramp,2-way,Sealed,,0.0,0,,50.0,,Null,0.0,0.0,,47,Wellington City,Give way,,,,,0.0,0.0,Urban,0.0,,,Light rain,Strong wind,0
67666163,,575000,1.0,,0.0,1.0,,Null,2015/2016,NORTHLAND TUNNEL ROAD,CHAYTOR ST,,Non-Injury Crash,No,2016,,South,,0,,Hill Road,,,,,,Bright sun,2111100,0,0.0,0.0,2.0,,,0.0,,,,,,Wellington Region,Nil,2-way,Sealed,,0.0,0,,50.0,,Null,0.0,0.0,,47,Wellington City,Traffic Signals,,,,,0.0,0.0,Urban,0.0,,,Null,Null,0
67666167,,573000,0.0,,0.0,2.0,,North,2015/2016,THE TERRACE,TERRACE OFF SBD,,Non-Injury Crash,No,2016,,North,,0,,Hill Road,,,,,,Overcast,2124400,0,0.0,0.0,2.0,,,0.0,,,,,,Wellington Region,Nil,2-way,Sealed,,0.0,0,,50.0,,Null,0.0,0.0,,47,Wellington City,Unknown,,,,,0.0,0.0,Urban,0.0,,,Null,Null,0
67666190,,573000,0.0,,0.0,1.0,,Null,2015/2016,JERVOIS QUAY,HUNTER ST,,Non-Injury Crash,No,2015,,South,,0,,Flat,,,,,,Dark,2125900,0,0.0,0.0,6.0,,,0.0,,,,,,Wellington Region,Nil,2-way,Sealed,,0.0,0,,50.0,,On,1.0,0.0,,47,Wellington City,Traffic Signals,,,,,0.0,0.0,Urban,0.0,,,Fine,Null,0
67666280,,574100,0.0,,0.0,2.0,,Null,2015/2016,ELLIOTT ST,KIPLING ST,,Non-Injury Crash,No,2016,,West,,0,,Hill Road,,,,,,Twilight,2085100,0,0.0,0.0,2.0,,,0.0,,,,,,Wellington Region,Nil,2-way,Sealed,,0.0,0,,50.0,,Off,0.0,1.0,,47,Wellington City,Give way,,,,,0.0,0.0,Urban,0.0,,,Null,Null,0
67666361,,573101,0.0,,0.0,1.0,,Null,2015/2016,SH 1N,VICTORIA ST,,Non-Injury Crash,Yes,2016,,East,,0,,Flat,,Queens Birthday,,,,Twilight,2131600,0,0.0,0.0,2.0,,,0.0,,,1.0,,,Wellington Region,Nil,1-way,Sealed,,0.0,0,,50.0,,Off,0.0,0.0,,47,Wellington City,Traffic Signals,,,,,0.0,0.0,Urban,0.0,,,Fine,Null,0
67666367,,573801,1.0,,0.0,0.0,,North,2016/2017,MARK AVENUE,TERRANCE GROVE,,Minor Crash,No,2017,,North,,0,,Hill Road,,,,,,Dark,2079401,1,0.0,0.0,2.0,,,0.0,,,,,,Wellington Region,Nil,2-way,Sealed,,0.0,0,,50.0,,On,0.0,0.0,,47,Wellington City,Unknown,,,,,0.0,0.0,Urban,1.0,,,Fine,Null,0
67666468,,572900,0.0,0.0,0.0,2.0,0.0,East,2016/2017,HAWKESTONE ST,HAWKESTONE ON SBD,,Non-Injury Crash,No,2016,0.0,East,0.0,0,0.0,Flat,0.0,,0.0,,0.0,Overcast,2119500,0,0.0,0.0,2.0,0.0,0.0,0.0,0.0,1.0,,0.0,0.0,Wellington Region,Motorway ramp,2-way,Sealed,0.0,0.0,0,0.0,50.0,0.0,Null,0.0,0.0,,47,Wellington City,Unknown,1.0,0.0,0.0,0.0,0.0,0.0,Urban,0.0,0.0,0.0,Fine,Null,0
67666521,,573101,0.0,,0.0,1.0,,Null,2016/2017,TARANAKI ST,INGLEWOOD PLACE,,Minor Crash,No,2017,,East,,0,,Flat,,,,,,Overcast,2135800,1,0.0,0.0,4.0,,,0.0,,,1.0,,,Wellington Region,Nil,2-way,Sealed,,0.0,0,,30.0,,Null,0.0,0.0,,47,Wellington City,Nil,,,,,0.0,0.0,Urban,0.0,,,Heavy rain,Null,0
67666526,,576800,0.0,,0.0,2.0,,South,2015/2016,ALEXANDRA ROAD,HEPARA ST,,Non-Injury Crash,No,2016,,North,,0,,Flat,,,,,,Overcast,2184700,0,0.0,0.0,2.0,,,0.0,,,,,,Wellington Region,Nil,2-way,Sealed,,0.0,0,,50.0,,Null,0.0,0.0,,47,Wellington City,Unknown,,,,,0.0,0.0,Urban,0.0,,,Null,Null,0
67666589,,573000,0.0,,0.0,2.0,,Null,2016/2017,THE TERRACE,TERRACE OFF SBD,,Minor Crash,No,2017,,North,,0,,Flat,,,,,,Overcast,2124803,1,0.0,0.0,1.0,,,0.0,,,,,,Wellington Region,Nil,1-way,Sealed,,0.0,0,,50.0,,Null,0.0,0.0,,47,Wellington City,Traffic Signals,,,,,0.0,0.0,Urban,0.0,,,Light rain,Null,0
67666627,,573000,0.0,,0.0,1.0,,Null,2016/2017,WILLESTON ST,CUSTOMHOUSE QUAY,,Non-Injury Crash,No,2016,,West,,0,,Flat,,,,,,Bright sun,2127100,0,0.0,0.0,2.0,,,0.0,,,,,,Wellington Region,Nil,1-way,Sealed,,0.0,0,,50.0,,Null,1.0,1.0,,47,Wellington City,Traffic Signals,,,,,0.0,0.0,Urban,0.0,,,Fine,Null,0
67666635,,577302,0.0,,0.0,2.0,,Null,2016/2017,TAUHINU ROAD,REX ST,,Minor Crash,No,2017,,South,,0,,Flat,,,,,,Bright sun,2205701,1,0.0,0.0,2.0,,,0.0,,,,,,Wellington Region,Nil,2-way,Sealed,,0.0,0,,50.0,,Null,0.0,0.0,,47,Wellington City,Nil,,,,,0.0,0.0,Urban,0.0,,,Fine,Null,0
67666662,,576200,0.0,,0.0,2.0,,South,2016/2017,ADELAIDE ROAD,LAVAUD ST,,Minor Crash,No,2016,,South,,0,,Flat,,,,,,Overcast,2172300,1,0.0,0.0,2.0,,,0.0,,,,,,Wellington Region,Nil,2-way,Sealed,,0.0,0,,50.0,,Off,0.0,0.0,,47,Wellington City,Nil,,,,,0.0,0.0,Urban,0.0,,,Light rain,Null,0
67666701,,572701,0.0,,0.0,2.0,,West,2015/2016,FYVIE AVENUE,MAIN ROAD,,Non-Injury Crash,No,2016,,East,,0,,Hill Road,,,,,,Bright sun,1993902,0,0.0,0.0,2.0,,,0.0,,,,,,Wellington Region,Nil,2-way,Sealed,,0.0,0,,50.0,,None,0.0,0.0,,47,Wellington City,Unknown,,,,,0.0,0.0,Urban,0.0,,,Fine,Null,0
67666751,,573101,0.0,,1.0,0.0,,North,2016/2017,COURTENAY PLACE,ALLEN ST,,Non-Injury Crash,No,2016,,West,,0,,Flat,,,,,,Overcast,2135700,0,0.0,0.0,2.0,,,0.0,,,,,,Wellington Region,Nil,1-way,Sealed,,0.0,0,,30.0,,Null,1.0,0.0,,47,Wellington City,Unknown,,,,,0.0,0.0,Urban,0.0,,,Fine,Null,0
67666825,,573600,0.0,,0.0,2.0,,North,2016/2017,MORGAN ST,IRONSIDE ROAD,,Non-Injury Crash,No,2016,,North,,0,,Flat,,,,,,Bright sun,2080400,0,0.0,0.0,2.0,,,0.0,,,,,,Wellington Region,Nil,2-way,Sealed,,0.0,0,,50.0,,Null,0.0,0.0,,47,Wellington City,Unknown,,,,,0.0,0.0,Urban,0.0,,,Null,Null,0
67666884,,574500,0.0,,0.0,2.0,,North,2015/2016,SH 1N,AOTEA ON NBD,,Non-Injury Crash,Yes,2015,,North,,0,,Flat,,,,,,Bright sun,2093400,0,0.0,0.0,6.0,,,0.0,,,,,,Wellington Region,Nil,2-way,Sealed,,0.0,0,,100.0,,Null,0.0,0.0,70.0,47,Wellington City,Nil,,,,,0.0,0.0,Open,0.0,,,Fine,Null,0
67666942,,573400,0.0,,0.0,2.0,,Null,2016/2017,SH 1N,PATERSON ST WEST,,Non-Injury Crash,Yes,2016,,West,,0,,Hill Road,,,,,,Overcast,2142900,0,0.0,0.0,4.0,,,0.0,,,,,,Wellington Region,Nil,2-way,Sealed,,0.0,0,,50.0,,Off,0.0,0.0,,47,Wellington City,Traffic Signals,,,,,0.0,0.0,Urban,0.0,,,Light rain,Strong wind,0
67666951,,573700,0.0,,0.0,1.0,,Null,2015/2016,JOHNSONVILLE ROAD,MOOREFIELD ROAD,,Non-Injury Crash,No,2016,,North,,0,,Null,,Queens Birthday,,,,Dark,2082800,0,0.0,0.0,1.0,,,0.0,,,,,,Wellington Region,Nil,1-way,Sealed,,0.0,0,,50.0,,On,1.0,0.0,,47,Wellington City,Give way,,,,,0.0,0.0,Urban,0.0,,,Fine,Null,0
67667059,,576903,0.0,,0.0,3.0,,South,2014/2015,SH 1N,GOA ST,,Non-Injury Crash,Yes,2015,,South,,0,,Flat,,,,,,Bright sun,2180601,0,0.0,0.0,2.0,,,0.0,,,,,,Wellington Region,Nil,2-way,Sealed,,0.0,0,,50.0,,Null,0.0,0.0,,47,Wellington City,Nil,,,,,0.0,0.0,Urban,0.0,,,Fine,Null,0
67667062,,575300,0.0,0.0,0.0,2.0,0.0,North,2016/2017,KELBURN PARADE,GLASGOW ST,,Non-Injury Crash,No,2016,0.0,North,0.0,0,0.0,Hill Road,0.0,,0.0,,0.0,Bright sun,2155300,0,0.0,0.0,2.0,0.0,0.0,0.0,0.0,1.0,,0.0,0.0,Wellington Region,Nil,2-way,Sealed,0.0,0.0,0,0.0,50.0,0.0,Null,0.0,0.0,,47,Wellington City,Unknown,0.0,0.0,0.0,0.0,0.0,0.0,Urban,0.0,0.0,0.0,Null,Null,0
67667065,,576002,0.0,,0.0,3.0,,Null,2023/2024,MERSEY STREET,CLYDE STREET,,Minor Crash,No,2024,,West,,0,,Flat,,,,,,Bright sun,2192100,1,0.0,0.0,2.0,,,0.0,,,,,,Wellington Region,Nil,2-way,Sealed,,0.0,0,,50.0,,Off,1.0,0.0,,47,Wellington City,Stop,,,,,0.0,0.0,Urban,0.0,,,Fine,Null,0
67667078,,572900,0.0,,0.0,2.0,,South,2016/2017,SH 1N,HAWKESTONE OFF SBD,,Non-Injury Crash,Yes,2016,,South,,0,,Flat,,,,,,Bright sun,2119500,0,0.0,0.0,3.0,,,0.0,,,,,,Wellington Region,Nil,1-way,Sealed,,0.0,0,,80.0,,Null,0.0,0.0,,47,Wellington City,Unknown,,,,,1.0,0.0,Open,0.0,,,Fine,Null,0
67667086,,574900,0.0,0.0,0.0,1.0,0.0,South,2015/2016,ST ALBANS AVENUE,ALLINGTON ROAD,,Non-Injury Crash,No,2016,0.0,South,0.0,0,1.0,Flat,0.0,,0.0,,0.0,Dark,2110601,0,0.0,0.0,1.0,0.0,0.0,0.0,0.0,0.0,,0.0,0.0,Wellington Region,Nil,2-way,Sealed,0.0,0.0,0,0.0,50.0,0.0,On,0.0,0.0,,47,Wellington City,Unknown,0.0,0.0,0.0,0.0,0.0,0.0,Urban,0.0,0.0,0.0,Fine,Null,0
67667108,,573101,0.0,0.0,0.0,2.0,0.0,West,2016/2017,COURTENAY PLACE,TORY ST,,Non-Injury Crash,No,2017,0.0,East,0.0,0,0.0,Flat,0.0,,0.0,,0.0,Dark,2135900,0,0.0,0.0,1.0,0.0,0.0,0.0,0.0,1.0,,0.0,0.0,Wellington Region,Nil,1-way,Sealed,0.0,0.0,0,0.0,50.0,0.0,On,0.0,1.0,,47,Wellington City,Unknown,0.0,0.0,0.0,0.0,0.0,0.0,Urban,0.0,0.0,0.0,Fine,Null,0
67667144,,576001,1.0,,0.0,0.0,,South,2017/2018,THE PARADE,TAMAR ST,,Serious Crash,No,2017,,South,,0,,Flat,,,,,,Twilight,2193600,0,0.0,0.0,2.0,,,0.0,,,1.0,,,Wellington Region,Nil,2-way,Sealed,,0.0,2,,50.0,,Off,0.0,0.0,,47,Wellington City,Unknown,,,,,0.0,0.0,Urban,0.0,,,Fine,Strong wind,0
67667153,,573300,0.0,0.0,0.0,0.0,0.0,South,2023/2024,BIDWILL STREET,BELL ROAD,,Minor Crash,No,2023,0.0,East,0.0,0,1.0,Hill Road,0.0,,0.0,,0.0,Overcast,2144900,1,0.0,1.0,2.0,0.0,0.0,0.0,0.0,0.0,,0.0,0.0,Wellington Region,Nil,2-way,Sealed,0.0,0.0,0,0.0,50.0,0.0,Off,0.0,0.0,,47,Wellington City,Nil,0.0,0.0,0.0,0.0,0.0,0.0,Urban,0.0,0.0,0.0,Fine,Strong wind,0
67667163,,576200,0.0,0.0,0.0,2.0,0.0,South,2014/2015,RINTOUL ST,GLENDAVAR ST,,Non-Injury Crash,No,2015,0.0,South,0.0,0,0.0,Flat,0.0,,0.0,,0.0,Bright sun,2172100,0,0.0,0.0,2.0,0.0,0.0,0.0,0.0,1.0,,0.0,0.0,Wellington Region,Nil,2-way,Sealed,0.0,0.0,0,0.0,50.0,0.0,Null,0.0,0.0,,47,Wellington City,Nil,0.0,0.0,0.0,0.0,0.0,0.0,Urban,0.0,0.0,0.0,Fine,Null,0
67667216,,572900,2.0,,0.0,1.0,,South,2016/2017,THORNDON QUAY,TINAKORI ROAD,,Non-Injury Crash,No,2016,,North,,0,,Flat,,,,,,Overcast,2117901,0,0.0,0.0,2.0,,,0.0,,,,,,Wellington Region,Nil,2-way,Sealed,,0.0,0,,50.0,,Null,0.0,0.0,,47,Wellington City,Unknown,,,,,0.0,0.0,Urban,0.0,,,Fine,Null,0
67667320,,574703,1.0,,0.0,1.0,,North,2017/2018,PEMBROKE ROAD,CHESHIRE ST,,Minor Crash,No,2017,,South,,0,,Hill Road,,,,,,Bright sun,2102900,1,0.0,0.0,2.0,,,0.0,,,,,,Wellington Region,Nil,2-way,Sealed,,0.0,0,,50.0,,Null,0.0,0.0,,47,Wellington City,Unknown,,,,,0.0,0.0,Urban,0.0,,,Fine,Null,0
67667322,,576901,0.0,0.0,0.0,2.0,0.0,East,2016/2017,SH 1N,WELLINGTON ROAD,,Minor Crash,Yes,2017,0.0,East,0.0,0,0.0,Flat,1.0,,0.0,,0.0,Dark,2177800,2,0.0,0.0,4.0,0.0,0.0,0.0,0.0,0.0,,0.0,0.0,Wellington Region,Nil,2-way,Sealed,0.0,0.0,0,0.0,70.0,0.0,On,0.0,0.0,,47,Wellington City,Unknown,1.0,0.0,0.0,0.0,0.0,0.0,Urban,1.0,1.0,0.0,Light rain,Null,0
67667340,,573300,0.0,,0.0,2.0,,North,2016/2017,WALLACE ST,FINLAY TERRACE,,Non-Injury Crash,No,2017,,South,,0,,Hill Road,,,,,,Overcast,2146700,0,0.0,0.0,2.0,,,0.0,,,,,,Wellington Region,Nil,2-way,Sealed,,0.0,0,,50.0,,Null,0.0,0.0,,47,Wellington City,Give way,,,,,0.0,0.0,Urban,0.0,,,Light rain,Strong wind,0
67667418,,577102,0.0,,0.0,2.0,,East,2015/2016,BROADWAY,STRATHMORE AVENUE,,Non-Injury Crash,No,2016,,West,,0,,Flat,,,,,,Bright sun,2214600,0,0.0,0.0,2.0,,,0.0,,,,,,Wellington Region,Nil,2-way,Sealed,,0.0,0,,50.0,,Null,0.0,0.0,,47,Wellington City,Unknown,,,,,0.0,0.0,Urban,0.0,,,Fine,Null,0
67667504,,573101,0.0,,0.0,0.0,,Null,2016/2017,COURTENAY PLACE,TORY ST,,Minor Crash,No,2016,,East,,0,,Flat,,,,,,Dark,2135600,1,0.0,0.0,2.0,,,0.0,,,1.0,,,Wellington Region,Nil,2-way,Sealed,,0.0,0,,50.0,,On,0.0,0.0,,47,Wellington City,Traffic Signals,,,,,0.0,0.0,Urban,1.0,,,Null,Null,0
67667530,,574800,0.0,0.0,0.0,1.0,0.0,North,2015/2016,PARKVALE ROAD,KARORI ROAD,,Non-Injury Crash,No,2015,0.0,South,0.0,0,0.0,Flat,0.0,,0.0,,0.0,Overcast,2107600,0,0.0,0.0,2.0,0.0,0.0,0.0,0.0,1.0,,0.0,0.0,Wellington Region,Nil,2-way,Sealed,0.0,0.0,0,0.0,50.0,0.0,Null,1.0,0.0,,47,Wellington City,Unknown,0.0,0.0,0.0,0.0,0.0,0.0,Urban,0.0,0.0,0.0,Fine,Null,0
67667561,,573101,0.0,,0.0,0.0,,Null,2016/2017,WAKEFIELD ST,TORY ST,,Non-Injury Crash,No,2016,,West,,0,,Flat,,,,,,Bright sun,2135700,0,0.0,0.0,3.0,,,0.0,,,,,,Wellington Region,Nil,1-way,Sealed,,0.0,0,,50.0,,Off,2.0,0.0,,47,Wellington City,Traffic Signals,,,,,0.0,0.0,Urban,0.0,,,Fine,Null,0