OBJECTID,advisorySpeed,areaUnitID,bicycle,bridge,bus,carStationWagon,cliffBank,crashDirectionDescription,crashFinancialYear,crashLocation1,crashLocation2,crashRoadSideRoad,crashSeverity,crashSHDescription,crashYear,debris,directionRoleDescription,ditch,fatalCount,fence,flatHill,guardRail,holiday,houseOrBuilding,intersection,kerb,light,meshblockId,minorInjuryCount,moped,motorcycle,NumberOfLanes,objectThrownOrDropped,otherObject,otherVehicleType,overBank,parkedVehicle,pedestrian,phoneBoxEtc,postOrPole,region,roadCharacter,roadLane,roadSurface,roadworks,schoolBus,seriousInjuryCount,slipOrFlood,speedLimit,strayAnimal,streetLight,suv,taxi,temporarySpeedLimit,tlaId,tlaName,trafficControl,trafficIsland,trafficSign,train,tree,truck,unknownVehicleType,urban,vanOrUtility,vehicle,waterRiver,weatherA,weatherB,if_pandemic
67667577,,574303,0.0,,0.0,4.0,,North,2016/2017,SH 1N,TYERS ROAD,,Non-Injury Crash,Yes,2016,,North,,0,,Hill Road,,,,,,Overcast,2088705,0,0.0,0.0,3.0,,,0.0,,,,,,Wellington Region,Nil,1-way,Sealed,,0.0,0,,80.0,,Null,0.0,0.0,,47,Wellington City,Unknown,,,,,0.0,0.0,Open,0.0,,,Light rain,Null,0
67667583,,573200,0.0,0.0,0.0,2.0,0.0,East,2016/2017,OHIRO ROAD,MAARAMA CRESCENT,,Non-Injury Crash,No,2017,0.0,North,0.0,0,0.0,Flat,0.0,,0.0,,0.0,Bright sun,2159204,0,0.0,0.0,2.0,0.0,0.0,0.0,0.0,1.0,,0.0,0.0,Wellington Region,Nil,2-way,Sealed,0.0,0.0,0,0.0,70.0,0.0,Null,0.0,0.0,,47,Wellington City,Nil,0.0,0.0,0.0,0.0,0.0,0.0,Urban,0.0,0.0,0.0,Fine,Null,0
67667605,,573700,0.0,0.0,0.0,3.0,0.0,South,2017/2018,JOHNSONVILLE ROAD,HAWEA ST,,Minor Crash,No,2017,0.0,North,0.0,0,0.0,Flat,0.0,,0.0,,0.0,Overcast,2082800,1,0.0,0.0,2.0,0.0,0.0,0.0,0.0,2.0,,0.0,0.0,Wellington Region,Nil,2-way,Sealed,0.0,0.0,0,0.0,50.0,0.0,Null,0.0,0.0,,47,Wellington City,Unknown,0.0,0.0,0.0,0.0,0.0,0.0,Urban,0.0,0.0,0.0,Fine,Null,0
67667621,,576400,0.0,,0.0,0.0,,East,2015/2016,WILSON ST,RIDDIFORD ST,,Non-Injury Crash,No,2016,,,,0,,Flat,,Easter,,,,Dark,2167000,0,0.0,0.0,2.0,,,0.0,,,1.0,,,Wellington Region,Nil,1-way,Sealed,,0.0,0,,50.0,,On,0.0,0.0,,47,Wellington City,Unknown,,,,,0.0,0.0,Urban,1.0,,,Fine,Null,0
67667629,,574303,0.0,,0.0,1.0,,South,2016/2017,SH 1N,TYERS ROAD,,Non-Injury Crash,Yes,2017,,North,,0,,Hill Road,,,,,,Overcast,2088705,0,0.0,0.0,3.0,,,0.0,,,,,,Wellington Region,Nil,1-way,Sealed,,0.0,0,,80.0,,Null,1.0,0.0,,47,Wellington City,Unknown,,,,,0.0,0.0,Open,0.0,,,Light rain,Null,0
67667685,,573101,0.0,,0.0,2.0,,South,2016/2017,WILLIS ST,MERCER ST,,Non-Injury Crash,No,2017,,North,,0,,Flat,,,,,,Dark,2130800,0,0.0,0.0,3.0,,,0.0,,,,,,Wellington Region,Nil,2-way,Sealed,,0.0,0,,30.0,,Null,0.0,0.0,,47,Wellington City,Unknown,,,,,0.0,0.0,Urban,0.0,,,Fine,Null,0
67667703,,574900,0.0,,0.0,2.0,,Null,2017/2018,KARORI ROAD,TRINGHAM ST,,Minor Crash,No,2017,,East,,0,,Flat,,,,,,Overcast,2109900,1,0.0,0.0,2.0,,,0.0,,,,,,Wellington Region,Nil,2-way,Sealed,,0.0,0,,50.0,,Off,0.0,0.0,,47,Wellington City,Give way,,,,,0.0,0.0,Urban,0.0,,,Light rain,Null,0
67667715,45.0,574302,0.0,0.0,0.0,2.0,0.0,South,2016/2017,ONSLOW ROAD,MANDALAY TERRACE,,Minor Crash,No,2017,0.0,North,0.0,0,0.0,Hill Road,0.0,,1.0,,0.0,Bright sun,2090001,1,0.0,0.0,2.0,0.0,0.0,0.0,0.0,1.0,,0.0,0.0,Wellington Region,Nil,2-way,Sealed,0.0,0.0,0,0.0,50.0,0.0,Null,0.0,0.0,,47,Wellington City,Unknown,0.0,0.0,0.0,0.0,0.0,0.0,Urban,0.0,0.0,0.0,Fine,Null,0
67667751,,573400,0.0,,0.0,2.0,,West,2016/2017,SH 1N,EAST PORTAL,,Minor Crash,Yes,2017,,West,,0,,Flat,,,,,,Bright sun,2143300,1,0.0,0.0,2.0,,,0.0,,,,,,Wellington Region,Nil,2-way,Sealed,,0.0,0,,50.0,,Null,0.0,0.0,,47,Wellington City,Unknown,,,,,0.0,0.0,Urban,0.0,,,Fine,Null,0
67667791,,576903,0.0,0.0,0.0,3.0,0.0,Null,2023/2024,KILBIRNIE CRESCENT,HENRY STREET,,Minor Crash,No,2024,0.0,South,0.0,0,0.0,Flat,0.0,,0.0,,0.0,Dark,2180500,1,0.0,0.0,2.0,0.0,0.0,0.0,0.0,1.0,,0.0,0.0,Wellington Region,Nil,2-way,Sealed,0.0,0.0,0,0.0,50.0,0.0,On,1.0,0.0,,47,Wellington City,Nil,1.0,0.0,0.0,0.0,0.0,0.0,Urban,0.0,0.0,0.0,Fine,Null,0
67667796,,573511,0.0,,0.0,2.0,,Null,2016/2017,WESTCHESTER DRIVE,MIDDLETON ROAD,,Non-Injury Crash,No,2016,,South,,0,,Hill Road,,,,,,Bright sun,2086502,0,0.0,0.0,2.0,,,0.0,,,,,,Wellington Region,Nil,2-way,Sealed,,0.0,0,,50.0,,Null,0.0,0.0,,47,Wellington City,Give way,,,,,0.0,0.0,Urban,0.0,,,Fine,Null,0
67667811,,577200,0.0,0.0,0.0,1.0,0.0,North,2016/2017,ELLESMERE AVENUE,DEVONSHIRE ROAD,,Non-Injury Crash,No,2016,0.0,South,0.0,0,1.0,Flat,0.0,,0.0,,0.0,Bright sun,2207400,0,0.0,0.0,2.0,0.0,0.0,0.0,0.0,1.0,,0.0,0.0,Wellington Region,Nil,2-way,Sealed,0.0,0.0,0,0.0,50.0,0.0,Null,0.0,0.0,,47,Wellington City,Unknown,0.0,0.0,0.0,0.0,0.0,0.0,Urban,1.0,0.0,0.0,Fine,Null,0
67667854,,573101,0.0,,0.0,2.0,,Null,2022/2023,TARANAKI STREET,MARTIN SQUARE,,Non-Injury Crash,No,2023,,South,,0,,Flat,,,,,,Bright sun,2134800,0,0.0,0.0,4.0,,,0.0,,,,,,Wellington Region,Nil,2-way,Sealed,,0.0,0,,50.0,,Off,0.0,0.0,,47,Wellington City,Nil,,,,,0.0,0.0,Urban,0.0,,,Fine,Null,0
67667896,,572900,0.0,,0.0,2.0,,Null,2016/2017,SH 1N,AOTEA OBR,,Serious Crash,Yes,2017,,South,,0,,Flat,,,,,,Overcast,2118400,0,0.0,1.0,3.0,,,0.0,,,,,,Wellington Region,Nil,1-way,Sealed,,0.0,1,,100.0,,Null,0.0,0.0,,47,Wellington City,Unknown,,,,,0.0,0.0,Open,1.0,,,Light rain,Null,0
67667925,,576903,0.0,,0.0,2.0,,East,2016/2017,SH 1N,MOXHAM AVENUE,,Non-Injury Crash,Yes,2016,,East,,0,,Flat,,,,,,Dark,2180300,0,0.0,0.0,2.0,,,0.0,,,,,,Wellington Region,Nil,2-way,Sealed,,0.0,0,,50.0,,On,0.0,0.0,,47,Wellington City,Unknown,,,,,0.0,0.0,Urban,0.0,,,Fine,Null,0
67668004,,573101,0.0,0.0,0.0,0.0,0.0,Null,2023/2024,KENT TERRACE,VIVIAN STREET,,Non-Injury Crash,No,2023,0.0,South,0.0,0,0.0,Flat,0.0,,0.0,,0.0,Dark,2136500,0,0.0,0.0,3.0,0.0,0.0,0.0,0.0,1.0,,0.0,0.0,Wellington Region,Nil,1-way,Sealed,0.0,0.0,0,0.0,50.0,0.0,On,0.0,0.0,,47,Wellington City,Traffic Signals,0.0,0.0,0.0,0.0,0.0,0.0,Urban,2.0,0.0,0.0,Fine,Null,0
67668011,,576001,0.0,0.0,0.0,2.0,0.0,East,2016/2017,SEVERN ST,WYE ST,,Non-Injury Crash,No,2016,0.0,East,0.0,0,0.0,Hill Road,0.0,,0.0,,0.0,Bright sun,2188300,0,0.0,0.0,2.0,0.0,0.0,0.0,0.0,1.0,,0.0,0.0,Wellington Region,Nil,2-way,Sealed,0.0,0.0,0,0.0,50.0,0.0,Null,0.0,0.0,,47,Wellington City,Unknown,0.0,0.0,0.0,0.0,0.0,0.0,Urban,0.0,0.0,0.0,Fine,Null,0
67668017,,574500,0.0,,0.0,1.0,,East,2017/2018,SH 1N,AOTEA ON NBD,,Minor Crash,Yes,2017,,North,,0,,Flat,,,,,,Overcast,2093400,1,0.0,1.0,4.0,,,0.0,,,,,,Wellington Region,Nil,1-way,Sealed,,0.0,0,,100.0,,Null,0.0,0.0,,47,Wellington City,Unknown,,,,,0.0,0.0,Open,0.0,,,Light rain,Null,0
67668024,,572900,0.0,,0.0,3.0,,Null,2016/2017,TINAKORI ROAD,GEORGE ST,,Minor Crash,No,2016,,South,,0,,Flat,,,,,,Dark,2119500,2,0.0,0.0,2.0,,,0.0,,,,,,Wellington Region,Nil,2-way,Sealed,,0.0,0,,50.0,,On,0.0,1.0,,47,Wellington City,Give way,,,,,0.0,0.0,Urban,0.0,,,Fine,Null,0
67668035,,573522,0.0,,0.0,0.0,,Null,2017/2018,TAKAPU ROAD,TAWA OFF SBD,,Minor Crash,No,2017,,South,,0,,Flat,,,,,,Overcast,2053703,2,0.0,0.0,1.0,,,0.0,,,,,,Wellington Region,Motorway ramp,1-way,Sealed,,0.0,0,,70.0,,Null,0.0,0.0,,47,Wellington City,Stop,,,,,0.0,0.0,Urban,2.0,,,Fine,Null,0
67668040,,573000,0.0,0.0,0.0,0.0,0.0,West,2016/2017,Z CARPARK,WILLIS ST,,Minor Crash,No,2016,0.0,South,0.0,0,0.0,Flat,0.0,,1.0,,0.0,Dark,2128400,1,0.0,0.0,0.0,0.0,0.0,0.0,0.0,1.0,,0.0,0.0,Wellington Region,Nil,Off road,Sealed,0.0,0.0,0,0.0,30.0,0.0,On,2.0,0.0,,47,Wellington City,Unknown,0.0,0.0,0.0,0.0,0.0,0.0,Urban,0.0,0.0,0.0,Fine,Null,0
67668151,,576903,0.0,,0.0,2.0,,Null,2016/2017,CRAWFORD ROAD,WELLINGTON ROAD,,Non-Injury Crash,No,2016,,South,,0,,Hill Road,,,,,,Dark,2181600,0,0.0,0.0,1.0,,,0.0,,,,,,Wellington Region,Nil,2-way,Sealed,,0.0,0,,50.0,,On,0.0,0.0,,47,Wellington City,Give way,,,,,0.0,0.0,Urban,0.0,,,Fine,Strong wind,0
67668155,,572900,0.0,0.0,0.0,2.0,0.0,South,2016/2017,COTTLEVILLE TERRACE,GRANT ROAD,,Non-Injury Crash,No,2016,0.0,South,0.0,0,0.0,Flat,0.0,,0.0,,0.0,Overcast,2117500,0,0.0,0.0,2.0,0.0,0.0,0.0,0.0,1.0,,0.0,0.0,Wellington Region,Nil,2-way,Sealed,0.0,0.0,0,0.0,50.0,0.0,Null,0.0,0.0,,47,Wellington City,Unknown,0.0,0.0,0.0,0.0,0.0,0.0,Urban,0.0,0.0,0.0,Fine,Null,0
67668184,,576400,0.0,0.0,0.0,3.0,0.0,Null,2016/2017,HALL ST,MEIN ST,,Non-Injury Crash,No,2016,0.0,West,0.0,0,0.0,Flat,0.0,,0.0,,0.0,Dark,2166900,0,0.0,0.0,2.0,0.0,0.0,0.0,0.0,1.0,,0.0,0.0,Wellington Region,Nil,2-way,Sealed,0.0,0.0,0,0.0,50.0,0.0,On,0.0,0.0,,47,Wellington City,Traffic Signals,0.0,0.0,0.0,0.0,0.0,0.0,Urban,0.0,0.0,0.0,Fine,Null,0
67668190,,575300,0.0,1.0,0.0,1.0,0.0,West,2016/2017,GLENMORE ST,NORTHLAND ROAD,,Serious Crash,No,2016,0.0,West,0.0,0,0.0,Flat,0.0,,0.0,,0.0,Overcast,2152600,2,0.0,0.0,2.0,0.0,0.0,0.0,0.0,0.0,,0.0,0.0,Wellington Region,Bridge,2-way,Sealed,0.0,0.0,1,0.0,50.0,0.0,Null,0.0,0.0,,47,Wellington City,Unknown,0.0,0.0,0.0,0.0,1.0,0.0,Urban,0.0,0.0,0.0,Light rain,Null,0
67668214,,576901,0.0,,0.0,2.0,,Null,2015/2016,SH 1N,TROY ST,,Non-Injury Crash,Yes,2016,,West,,0,,Flat,,,,,,Overcast,2176800,0,0.0,0.0,4.0,,,0.0,,,,,,Wellington Region,Nil,2-way,Sealed,,0.0,0,,70.0,,Null,0.0,0.0,,47,Wellington City,Give way,,,,,0.0,0.0,Urban,0.0,,,Fine,Null,0
67668230,,573903,0.0,,0.0,0.0,,East,2014/2015,HOROKIWI ROAD WEST,BRACKEN ROAD,,Non-Injury Crash,No,2015,,West,,0,,Flat,,,,,,Bright sun,2073202,0,0.0,0.0,2.0,,,0.0,,,,,,Wellington Region,Nil,2-way,Sealed,,0.0,0,,50.0,,Null,0.0,0.0,,47,Wellington City,Give way,,,,,0.0,0.0,Urban,2.0,,,Fine,Null,0
67668239,,575600,0.0,0.0,0.0,2.0,0.0,Null,2016/2017,ASHTON FITCHETT DRIVE,KAREPA ST,,Non-Injury Crash,No,2017,0.0,North,0.0,0,0.0,Flat,0.0,,0.0,,0.0,Bright sun,2160101,0,0.0,0.0,2.0,0.0,0.0,0.0,0.0,1.0,,0.0,0.0,Wellington Region,Nil,2-way,Sealed,0.0,0.0,0,0.0,50.0,0.0,Null,0.0,0.0,,47,Wellington City,Give way,0.0,0.0,0.0,0.0,0.0,0.0,Urban,0.0,0.0,0.0,Fine,Null,0
67668269,,573000,0.0,,0.0,1.0,,North,2016/2017,BOWEN ST,LAMBTON QUAY,,Non-Injury Crash,No,2016,,North,,0,,Hill Road,,,,,,Overcast,2123700,0,0.0,0.0,2.0,,,0.0,,,,,,Wellington Region,Nil,2-way,Sealed,,0.0,0,,50.0,,Null,1.0,0.0,,47,Wellington City,Unknown,,,,,0.0,0.0,Urban,0.0,,,Null,Null,0
67668299,,576903,0.0,,0.0,2.0,,Null,2016/2017,RUAHINE ST,WELLINGTON ROAD,,Non-Injury Crash,Yes,2017,,East,,0,,Null,,,,,,Overcast,2180400,0,0.0,0.0,2.0,,,0.0,,,,,,Wellington Region,Nil,2-way,Sealed,,0.0,0,,50.0,,Null,0.0,1.0,,47,Wellington City,Give way,,,,,0.0,0.0,Urban,0.0,,,Null,Null,0
67668319,,574500,0.0,,0.0,3.0,,North,2016/2017,SH 1N,AOTEA OFF SBD,,Minor Crash,Yes,2017,,West,,0,,Hill Road,,,,,,Bright sun,2093600,1,0.0,1.0,3.0,,,0.0,,,,,,Wellington Region,Nil,1-way,Sealed,,0.0,0,,100.0,,Null,0.0,0.0,,47,Wellington City,Unknown,,,,,0.0,0.0,Open,0.0,,,Fine,Null,0
67668323,,574500,0.0,0.0,0.0,1.0,0.0,North,2016/2017,SH 1N,AOTEA OFF SBD,,Non-Injury Crash,Yes,2017,0.0,West,0.0,0,0.0,Flat,1.0,,0.0,,0.0,Overcast,2093600,0,0.0,0.0,3.0,0.0,0.0,0.0,0.0,0.0,,0.0,0.0,Wellington Region,Nil,1-way,Sealed,0.0,0.0,0,0.0,100.0,0.0,Null,0.0,0.0,,47,Wellington City,Unknown,0.0,0.0,0.0,0.0,0.0,0.0,Open,0.0,0.0,0.0,Heavy rain,Strong wind,0
67668339,,577000,0.0,,0.0,1.0,,South,2015/2016,ACCESS ROAD,STEWART DUFF DRIVE,,Non-Injury Crash,No,2016,,North,,0,,Flat,,,,,,Bright sun,2175700,0,0.0,0.0,1.0,,,0.0,,,,,,Wellington Region,Nil,1-way,Sealed,,0.0,0,,50.0,,Null,0.0,0.0,,47,Wellington City,Unknown,,,,,0.0,0.0,Urban,1.0,,,Fine,Null,0
67668350,,573000,0.0,0.0,0.0,2.0,0.0,North,2014/2015,WILLIS ST,DIXON ST,,Non-Injury Crash,No,2015,0.0,South,0.0,0,0.0,Flat,0.0,,0.0,,0.0,Bright sun,2129100,0,0.0,0.0,1.0,0.0,0.0,0.0,0.0,1.0,,0.0,0.0,Wellington Region,Nil,2-way,Sealed,0.0,0.0,0,0.0,50.0,0.0,Null,0.0,0.0,,47,Wellington City,Unknown,0.0,0.0,0.0,0.0,0.0,0.0,Urban,0.0,0.0,0.0,Fine,Null,0
67668373,,577400,0.0,0.0,0.0,0.0,0.0,South,2016/2017,KARAKA BAY ROAD,ONEHUNGA ST,,Non-Injury Crash,No,2016,0.0,North,0.0,0,0.0,Flat,0.0,,0.0,,0.0,Bright sun,2209700,0,0.0,0.0,2.0,0.0,0.0,0.0,0.0,1.0,,0.0,0.0,Wellington Region,Nil,2-way,Sealed,0.0,0.0,0,0.0,40.0,0.0,Null,0.0,0.0,,47,Wellington City,Unknown,0.0,0.0,0.0,0.0,0.0,0.0,Urban,2.0,0.0,0.0,Fine,Null,0
67668424,,575600,0.0,,0.0,0.0,,South,2015/2016,OHIRO ROAD,CLEVELAND ST,,Minor Crash,No,2016,,South,,0,,Hill Road,,Queens Birthday,,,,Dark,2162300,1,1.0,0.0,2.0,,,0.0,,,,,,Wellington Region,Nil,2-way,Sealed,,0.0,0,,50.0,,On,0.0,0.0,,47,Wellington City,Unknown,,,,,0.0,0.0,Urban,0.0,,,Fine,Null,0
67668443,,573101,0.0,,0.0,1.0,,Null,2016/2017,WAKEFIELD ST,TARANAKI ST,,Non-Injury Crash,No,2016,,West,,0,,Flat,,,,,,Bright sun,2133200,0,0.0,1.0,3.0,,,0.0,,,,,,Wellington Region,Nil,1-way,Sealed,,0.0,0,,50.0,,Null,0.0,0.0,,47,Wellington City,Traffic Signals,,,,,0.0,0.0,Urban,0.0,,,Null,Null,0
67668445,,576001,0.0,,0.0,2.0,,North,2016/2017,THE PARADE,MERSEY ST,,Non-Injury Crash,No,2016,,North,,0,,Flat,,,,,,Overcast,2190500,0,0.0,0.0,2.0,,,0.0,,,,,,Wellington Region,Nil,2-way,Sealed,,0.0,0,,50.0,,Off,0.0,0.0,,47,Wellington City,Unknown,,,,,0.0,0.0,Urban,0.0,,,Fine,Null,0
67668461,,573525,0.0,0.0,0.0,1.0,0.0,East,2016/2017,TAKAPU ROAD,WOODBURN DRIVE,,Non-Injury Crash,No,2016,0.0,North,0.0,0,1.0,Flat,0.0,,0.0,,0.0,Dark,2053812,0,0.0,0.0,2.0,0.0,0.0,0.0,1.0,0.0,,0.0,0.0,Wellington Region,Nil,2-way,Sealed,0.0,0.0,0,0.0,100.0,0.0,None,0.0,0.0,,47,Wellington City,Unknown,0.0,0.0,0.0,0.0,0.0,0.0,Open,0.0,0.0,0.0,Fine,Null,0
67668492,,573000,0.0,0.0,0.0,2.0,0.0,Null,2022/2023,THE TERRACE,THE TERRACE OFF RAMP,,Non-Injury Crash,No,2022,0.0,North,0.0,0,0.0,Flat,0.0,,0.0,,0.0,Bright sun,2124803,0,0.0,0.0,2.0,0.0,0.0,0.0,0.0,0.0,,0.0,0.0,Wellington Region,Nil,2-way,Sealed,0.0,0.0,0,0.0,30.0,0.0,Off,0.0,1.0,,47,Wellington City,Traffic Signals,0.0,0.0,0.0,0.0,0.0,0.0,Urban,0.0,1.0,0.0,Fine,Null,0
67668543,,573101,0.0,,0.0,1.0,,Null,2017/2018,TARANAKI ST,COURTENAY PLACE,,Minor Crash,No,2017,,South,,0,,Flat,,,,,,Dark,2135600,1,0.0,0.0,5.0,,,0.0,,,1.0,,,Wellington Region,Nil,2-way,Sealed,,0.0,0,,30.0,,On,0.0,0.0,,47,Wellington City,Traffic Signals,,,,,0.0,0.0,Urban,0.0,,,Heavy rain,Null,0
67668574,,576901,0.0,0.0,0.0,2.0,0.0,Null,2015/2016,YULE ST,COUTTS ST,,Non-Injury Crash,No,2015,0.0,West,0.0,0,0.0,Flat,0.0,,0.0,,0.0,Bright sun,2177500,0,0.0,0.0,2.0,0.0,0.0,0.0,0.0,1.0,,0.0,0.0,Wellington Region,Nil,2-way,Sealed,0.0,0.0,0,0.0,50.0,0.0,Null,0.0,0.0,,47,Wellington City,Give way,0.0,0.0,0.0,0.0,0.0,0.0,Urban,0.0,0.0,0.0,Fine,Null,0
67668592,,573101,0.0,0.0,0.0,2.0,0.0,South,2015/2016,CUBA ST,SH 1N,,Non-Injury Crash,No,2016,0.0,South,0.0,0,0.0,Flat,0.0,,0.0,,0.0,Bright sun,2132300,0,0.0,0.0,2.0,0.0,0.0,0.0,0.0,1.0,,0.0,0.0,Wellington Region,Nil,2-way,Sealed,0.0,0.0,0,0.0,50.0,0.0,Null,0.0,0.0,,47,Wellington City,Unknown,0.0,0.0,0.0,0.0,0.0,0.0,Urban,0.0,0.0,0.0,Fine,Null,0
67668680,,576400,0.0,,0.0,1.0,,South,2015/2016,RIDDIFORD ST,MEIN ST,,Non-Injury Crash,No,2016,,North,,0,,Flat,,,,,,Dark,2166900,0,0.0,0.0,2.0,,,0.0,,,,,,Wellington Region,Nil,2-way,Sealed,,0.0,0,,50.0,,On,0.0,0.0,,47,Wellington City,Unknown,,,,,0.0,0.0,Urban,1.0,,,Fine,Null,0
67668703,,573524,0.0,0.0,0.0,2.0,0.0,South,2016/2017,BAYLANDS DRIVE,BAYSWATER PLACE,,Non-Injury Crash,No,2017,0.0,South,0.0,0,0.0,Hill Road,0.0,,0.0,,0.0,Dark,2086406,0,0.0,0.0,2.0,0.0,0.0,0.0,0.0,1.0,,0.0,0.0,Wellington Region,Nil,2-way,Sealed,0.0,0.0,0,0.0,50.0,0.0,On,0.0,0.0,,47,Wellington City,Unknown,0.0,0.0,0.0,0.0,0.0,0.0,Urban,0.0,0.0,0.0,Fine,Null,0
67668760,,573700,0.0,,0.0,1.0,,Null,2016/2017,JOHNSONVILLE ROAD,BRODERICK ROAD,,Non-Injury Crash,No,2016,,South,,0,,Flat,,,,,,Bright sun,2082900,0,0.0,0.0,3.0,,,0.0,,,1.0,,,Wellington Region,Nil,2-way,Sealed,,0.0,0,,50.0,,Null,0.0,0.0,,47,Wellington City,Traffic Signals,,,,,0.0,0.0,Urban,0.0,,,Fine,Null,0
67668773,,573101,0.0,0.0,0.0,2.0,0.0,West,2016/2017,DIXON ST,VICTORIA ST,,Non-Injury Crash,No,2016,0.0,West,0.0,0,0.0,Hill Road,0.0,,0.0,,0.0,Overcast,2131300,0,0.0,0.0,2.0,0.0,0.0,0.0,0.0,1.0,,0.0,0.0,Wellington Region,Nil,1-way,Sealed,0.0,0.0,0,0.0,50.0,0.0,Null,0.0,0.0,,47,Wellington City,Traffic Signals,0.0,0.0,0.0,0.0,0.0,0.0,Urban,0.0,0.0,0.0,Null,Null,0
67668805,,573903,0.0,0.0,0.0,2.0,0.0,East,2016/2017,CHELTENHAM TERRACE,EVESHAM PLACE,,Non-Injury Crash,No,2016,0.0,North,0.0,0,0.0,Flat,0.0,,0.0,,0.0,Overcast,2075103,0,0.0,0.0,2.0,0.0,0.0,0.0,0.0,1.0,,0.0,0.0,Wellington Region,Nil,2-way,Sealed,0.0,0.0,0,0.0,50.0,0.0,Null,0.0,0.0,,47,Wellington City,Nil,0.0,0.0,0.0,0.0,0.0,0.0,Urban,0.0,0.0,0.0,Null,Null,0
67668824,,577102,0.0,0.0,0.0,1.0,0.0,South,2015/2016,STRATHMORE AVENUE,KINGHORNE ST,,Non-Injury Crash,No,2016,0.0,South,0.0,0,0.0,Flat,0.0,,0.0,,0.0,Dark,2214200,0,0.0,0.0,2.0,0.0,0.0,0.0,0.0,1.0,,0.0,0.0,Wellington Region,Nil,2-way,Sealed,0.0,0.0,0,0.0,50.0,0.0,On,0.0,0.0,,47,Wellington City,Unknown,0.0,0.0,0.0,0.0,0.0,0.0,Urban,1.0,0.0,0.0,Fine,Null,0
67668832,,573000,0.0,0.0,0.0,1.0,0.0,West,2015/2016,AURORA TERRACE,THE TERRACE,,Non-Injury Crash,No,2016,0.0,West,0.0,0,0.0,Hill Road,0.0,,0.0,,0.0,Overcast,2123902,0,0.0,0.0,2.0,0.0,0.0,0.0,0.0,1.0,,0.0,0.0,Wellington Region,Nil,2-way,Sealed,0.0,0.0,0,0.0,50.0,0.0,Null,0.0,0.0,,47,Wellington City,Nil,0.0,0.0,0.0,0.0,0.0,0.0,Urban,1.0,0.0,0.0,Fine,Null,0
67668841,,573101,0.0,,0.0,2.0,,East,2016/2017,SH 1N,LYNN ROAD,,Non-Injury Crash,Yes,2017,,East,,0,,Flat,,,,,,Dark,2136500,0,0.0,0.0,2.0,,,0.0,,,,,,Wellington Region,Nil,1-way,Sealed,,0.0,0,,50.0,,On,0.0,0.0,,47,Wellington City,Nil,,,,,0.0,0.0,Urban,0.0,,,Fine,Null,0
67668911,,572900,0.0,0.0,0.0,1.0,0.0,North,2016/2017,TINAKORI ROAD,ASCOT ST,,Non-Injury Crash,No,2016,0.0,South,0.0,0,0.0,Flat,0.0,,0.0,,0.0,Bright sun,2123200,0,0.0,0.0,2.0,0.0,0.0,0.0,0.0,1.0,,0.0,0.0,Wellington Region,Nil,2-way,Sealed,0.0,0.0,0,0.0,30.0,0.0,Null,0.0,0.0,,47,Wellington City,Unknown,0.0,0.0,0.0,0.0,1.0,0.0,Urban,0.0,0.0,0.0,Fine,Null,0
67668921,,576100,0.0,0.0,0.0,1.0,0.0,North,2015/2016,ANTICO ST,CAPRERA ST,,Non-Injury Crash,No,2016,0.0,South,0.0,0,0.0,Hill Road,0.0,,0.0,,0.0,Dark,2196000,0,0.0,0.0,2.0,0.0,0.0,0.0,0.0,1.0,,0.0,0.0,Wellington Region,Nil,2-way,Sealed,0.0,0.0,0,0.0,50.0,0.0,On,0.0,0.0,,47,Wellington City,Unknown,0.0,0.0,0.0,0.0,0.0,0.0,Urban,1.0,0.0,0.0,Null,Null,0
67668924,,573522,0.0,,0.0,2.0,,Null,2023/2024,TAKAPU ROAD,BING LUCAS DRIVE,,Non-Injury Crash,No,2023,,North,,0,,Flat,,,,,,Dark,2086103,0,0.0,0.0,2.0,,,0.0,,,,,,Wellington Region,Nil,2-way,Sealed,,0.0,0,,70.0,,On,0.0,0.0,,47,Wellington City,Give way,,,,,0.0,0.0,Urban,0.0,,,Fine,Null,0
67668937,,572500,0.0,,0.0,2.0,,North,2016/2017,MAIN ROAD,BOSCOBEL LANE,,Non-Injury Crash,No,2016,,South,,0,,Hill Road,,,,,,Bright sun,1986300,0,0.0,0.0,2.0,,,0.0,,,,,,Wellington Region,Nil,2-way,Sealed,,0.0,0,,50.0,,Null,0.0,0.0,,47,Wellington City,Unknown,,,,,0.0,0.0,Urban,0.0,,,Fine,Null,0
67668963,,573526,0.0,0.0,0.0,1.0,1.0,West,2016/2017,SH 2,WEIGH PIT,,Non-Injury Crash,Yes,2017,1.0,East,0.0,0,0.0,Flat,0.0,,0.0,,0.0,Dark,2077503,0,0.0,0.0,2.0,0.0,0.0,0.0,0.0,0.0,,0.0,0.0,Wellington Region,Nil,1-way,Sealed,0.0,0.0,0,0.0,100.0,0.0,On,0.0,0.0,,47,Wellington City,Unknown,0.0,0.0,0.0,0.0,0.0,0.0,Open,0.0,0.0,0.0,Light rain,Null,0
67669023,,576100,0.0,0.0,0.0,1.0,0.0,East,2016/2017,Z DWY,HOUGHTON BAY ROAD,,Minor Crash,No,2017,0.0,West,0.0,0,0.0,Flat,0.0,,0.0,,0.0,Bright sun,2195501,1,0.0,0.0,,0.0,0.0,0.0,0.0,0.0,,0.0,0.0,Wellington Region,Nil,Off road,Sealed,0.0,0.0,0,0.0,50.0,0.0,Null,0.0,0.0,,47,Wellington City,Unknown,0.0,0.0,0.0,1.0,0.0,0.0,Urban,0.0,0.0,0.0,Fine,Null,0