OBJECTID,advisorySpeed,areaUnitID,bicycle,bridge,bus,carStationWagon,cliffBank,crashDirectionDescription,crashFinancialYear,crashLocation1,crashLocation2,crashRoadSideRoad,crashSeverity,crashSHDescription,crashYear,debris,directionRoleDescription,ditch,fatalCount,fence,flatHill,guardRail,holiday,houseOrBuilding,intersection,kerb,light,meshblockId,minorInjuryCount,moped,motorcycle,NumberOfLanes,objectThrownOrDropped,otherObject,otherVehicleType,overBank,parkedVehicle,pedestrian,phoneBoxEtc,postOrPole,region,roadCharacter,roadLane,roadSurface,roadworks,schoolBus,seriousInjuryCount,slipOrFlood,speedLimit,strayAnimal,streetLight,suv,taxi,temporarySpeedLimit,tlaId,tlaName,trafficControl,trafficIsland,trafficSign,train,tree,truck,unknownVehicleType,urban,vanOrUtility,vehicle,waterRiver,weatherA,weatherB,if_pandemic
67669036,,576301,0.0,0.0,0.0,2.0,0.0,Null,2022/2023,RIDDIFORD STREET,DONALD MCLEAN STREET,,Non-Injury Crash,No,2023,0.0,North,0.0,0,0.0,Flat,0.0,,0.0,,0.0,Dark,2165500,0,0.0,0.0,2.0,0.0,0.0,0.0,0.0,1.0,,0.0,0.0,Wellington Region,Nil,2-way,Sealed,0.0,0.0,0,0.0,50.0,0.0,On,0.0,0.0,,47,Wellington City,Give way,0.0,0.0,0.0,0.0,0.0,0.0,Urban,0.0,0.0,0.0,Fine,Null,0
67669077,,573300,0.0,0.0,0.0,1.0,0.0,South,2016/2017,TARANAKI ST,WEBB ST,,Non-Injury Crash,No,2016,0.0,North,0.0,0,1.0,Flat,0.0,,0.0,,0.0,Twilight,2144500,0,0.0,0.0,4.0,0.0,0.0,0.0,0.0,0.0,,0.0,0.0,Wellington Region,Nil,2-way,Sealed,0.0,0.0,0,0.0,50.0,0.0,On,0.0,0.0,,47,Wellington City,Unknown,0.0,0.0,0.0,0.0,0.0,0.0,Urban,0.0,0.0,0.0,Fine,Null,0
67669088,,576301,1.0,,0.0,1.0,,Null,2016/2017,RINTOUL ST,WARIPORI ST,,Serious Crash,No,2016,,South,,0,,Hill Road,,,,,,Dark,2165800,0,0.0,0.0,3.0,,,0.0,,,,,,Wellington Region,Nil,2-way,Sealed,,0.0,1,,50.0,,On,0.0,0.0,,47,Wellington City,Traffic Signals,,,,,0.0,0.0,Urban,0.0,,,Fine,Strong wind,0
67669107,,573101,0.0,0.0,0.0,2.0,0.0,West,2016/2017,ABEL SMITH ST,VICTORIA ST,,Non-Injury Crash,No,2017,0.0,West,0.0,0,0.0,Flat,0.0,,0.0,,0.0,Dark,2131900,0,0.0,0.0,2.0,0.0,0.0,0.0,0.0,1.0,,0.0,0.0,Wellington Region,Nil,2-way,Sealed,0.0,0.0,0,0.0,50.0,0.0,On,0.0,0.0,,47,Wellington City,Unknown,0.0,0.0,0.0,0.0,0.0,0.0,Urban,0.0,0.0,0.0,Fine,Null,0
67669111,,574002,0.0,,0.0,2.0,,West,2017/2018,SH 1N,CENTENNIAL SBD,,Minor Crash,Yes,2017,,South,,0,,Hill Road,,,,,,Bright sun,2078304,1,0.0,0.0,3.0,,,0.0,,,,,,Wellington Region,Nil,1-way,Sealed,,0.0,0,,60.0,,Null,0.0,0.0,,47,Wellington City,Unknown,,,,,0.0,0.0,Urban,1.0,,,Fine,Null,0
67669150,,572500,0.0,,0.0,1.0,,South,2016/2017,MAIN ROAD,REDWOOD AVENUE,,Minor Crash,No,2016,,South,,0,,Flat,,,,,,Dark,1986100,1,0.0,1.0,2.0,,,0.0,,,,,,Wellington Region,Nil,2-way,Unsealed,,0.0,0,,50.0,,On,0.0,0.0,,47,Wellington City,Unknown,,,,,0.0,0.0,Urban,0.0,,,Fine,Null,0
67669179,,572900,0.0,0.0,0.0,1.0,0.0,North,2016/2017,SH 1N,AOTEA OFF SBD,,Non-Injury Crash,Yes,2016,0.0,South,0.0,0,0.0,Flat,0.0,,0.0,,0.0,Overcast,2118400,0,0.0,0.0,7.0,1.0,0.0,0.0,0.0,0.0,,0.0,0.0,Wellington Region,Nil,2-way,Sealed,0.0,0.0,0,0.0,100.0,0.0,Null,0.0,0.0,,47,Wellington City,Unknown,0.0,0.0,0.0,0.0,1.0,0.0,Open,0.0,0.0,0.0,Light rain,Strong wind,0
67669196,,575100,1.0,,1.0,0.0,,North,2023/2024,KARORI ROAD,SOUTH KARORI ROAD,,Minor Crash,No,2024,,West,,0,,Flat,,,,,,Overcast,2116100,1,0.0,0.0,2.0,,,0.0,,,,,,Wellington Region,Nil,2-way,Sealed,,0.0,0,,50.0,,Off,0.0,0.0,,47,Wellington City,Nil,,,,,0.0,0.0,Urban,0.0,,,Fine,Null,0
67669217,,574002,0.0,,0.0,1.0,,West,2016/2017,HUTT ON NBD,SH 2,,Non-Injury Crash,Yes,2016,,East,,0,,Flat,,,,,,Bright sun,2078302,0,0.0,0.0,1.0,,,0.0,,,,,,Wellington Region,Motorway ramp,1-way,Sealed,,0.0,0,,80.0,,Null,0.0,0.0,,47,Wellington City,Unknown,,,,,1.0,0.0,Open,0.0,,,Fine,Null,0
67669228,,573101,0.0,,0.0,2.0,,Null,2022/2023,CAMBRIDGE TERRACE,COURTENAY PLACE,,Non-Injury Crash,No,2023,,North,,0,,Flat,,,,,,Dark,2136000,0,0.0,0.0,3.0,,,0.0,,,,,,Wellington Region,Nil,1-way,Sealed,,0.0,0,,50.0,,On,0.0,0.0,,47,Wellington City,Traffic Signals,,,,,0.0,0.0,Urban,0.0,,,Fine,Null,0
67669237,,572900,0.0,,0.0,2.0,,South,2016/2017,WATERLOO QUAY,PLATFORM 9 EXIT,,Non-Injury Crash,No,2016,,North,,0,,Flat,,,,,,Bright sun,2122700,0,0.0,0.0,5.0,,,0.0,,,,,,Wellington Region,Nil,2-way,Sealed,,0.0,0,,50.0,,Null,0.0,0.0,,47,Wellington City,Unknown,,,,,0.0,0.0,Urban,0.0,,,Fine,Null,0
67669289,,572500,0.0,,0.0,1.0,,North,2016/2017,ST JOHNS TERRACE,GONVILLE ST,,Non-Injury Crash,No,2017,,North,,0,,Hill Road,,,,,,Dark,1988100,0,0.0,0.0,2.0,,,0.0,,,,,,Wellington Region,Nil,2-way,Sealed,,0.0,0,,50.0,,On,0.0,0.0,,47,Wellington City,Nil,,,,,0.0,0.0,Urban,1.0,,,Fine,Null,0
67669316,,575300,0.0,,0.0,2.0,,South,2016/2017,KELBURN PARADE,SALAMANCA ROAD,,Non-Injury Crash,No,2016,,South,,0,,Hill Road,,,,,,Overcast,2154400,0,0.0,0.0,2.0,,,0.0,,,,,,Wellington Region,Nil,2-way,Sealed,,0.0,0,,50.0,,Null,0.0,1.0,,47,Wellington City,Traffic Signals,,,,,0.0,0.0,Urban,0.0,,,Light rain,Null,0
67669318,,576400,0.0,0.0,0.0,2.0,0.0,East,2017/2018,EMMETT ST,RIDDIFORD ST,,Non-Injury Crash,No,2017,0.0,West,0.0,0,0.0,Flat,0.0,,0.0,,0.0,Overcast,2166900,0,0.0,0.0,2.0,0.0,0.0,0.0,0.0,1.0,,0.0,0.0,Wellington Region,Nil,2-way,Sealed,0.0,0.0,0,0.0,40.0,0.0,Null,0.0,0.0,,47,Wellington City,Unknown,0.0,0.0,0.0,0.0,0.0,0.0,Urban,0.0,0.0,0.0,Fine,Null,0
67669359,,575500,0.0,0.0,0.0,4.0,0.0,South,2015/2016,HOLLOWAY ROAD,HAINES TERRACE,,Non-Injury Crash,No,2016,0.0,South,0.0,0,0.0,Hill Road,0.0,,0.0,,0.0,Dark,2156500,0,0.0,0.0,2.0,0.0,0.0,0.0,0.0,2.0,,0.0,0.0,Wellington Region,Nil,2-way,Sealed,0.0,0.0,0,0.0,50.0,0.0,On,0.0,0.0,,47,Wellington City,Unknown,0.0,0.0,0.0,0.0,0.0,0.0,Urban,0.0,0.0,0.0,Fine,Null,0
67669397,,573525,0.0,0.0,0.0,1.0,0.0,Null,2015/2016,SH 1N,TAWA OFF SBD,,Non-Injury Crash,Yes,2015,0.0,South,0.0,0,0.0,Flat,1.0,Labour Weekend,0.0,,0.0,Bright sun,2053830,0,0.0,0.0,4.0,0.0,0.0,0.0,0.0,0.0,,0.0,0.0,Wellington Region,Nil,2-way,Sealed,0.0,0.0,0,0.0,100.0,0.0,Null,0.0,0.0,,47,Wellington City,Nil,0.0,0.0,0.0,0.0,0.0,0.0,Open,0.0,0.0,0.0,Fine,Null,0
67669445,,573101,0.0,,0.0,1.0,,Null,2016/2017,SH 1N,VICTORIA ST,,Minor Crash,Yes,2017,,East,,0,,Flat,,,,,,Overcast,2131600,2,0.0,0.0,2.0,,,0.0,,,,,,Wellington Region,Nil,1-way,Sealed,,0.0,0,,50.0,,Null,0.0,0.0,,47,Wellington City,Traffic Signals,,,,,0.0,0.0,Urban,0.0,,,Light rain,Null,0
67669446,,573525,0.0,0.0,0.0,0.0,0.0,North,2015/2016,SH 1N,TAWA OFF SBD,,Non-Injury Crash,Yes,2016,0.0,South,0.0,0,0.0,Flat,1.0,,0.0,,0.0,Bright sun,2053830,0,0.0,1.0,4.0,0.0,0.0,0.0,0.0,0.0,,0.0,0.0,Wellington Region,Nil,2-way,Sealed,0.0,0.0,0,0.0,100.0,0.0,Null,0.0,0.0,,47,Wellington City,Unknown,0.0,0.0,0.0,0.0,0.0,0.0,Open,0.0,0.0,0.0,Fine,Null,0
67669451,,573000,0.0,,0.0,1.0,,Null,2017/2018,CLIFTON TERRACE,EVERTON TERRACE,,Minor Crash,No,2017,,North,,0,,Flat,,,,,,Dark,2124900,1,0.0,0.0,2.0,,,0.0,,,1.0,,,Wellington Region,Nil,2-way,Sealed,,0.0,0,,50.0,,On,0.0,0.0,,47,Wellington City,Traffic Signals,,,,,0.0,0.0,Urban,0.0,,,Fine,Null,0
67669483,,576400,0.0,0.0,1.0,1.0,0.0,Null,2015/2016,CONSTABLE ST,COROMANDEL ST,,Non-Injury Crash,No,2015,0.0,West,0.0,0,0.0,Hill Road,0.0,,0.0,,0.0,Dark,2168000,0,0.0,0.0,2.0,0.0,0.0,0.0,0.0,1.0,,0.0,0.0,Wellington Region,Nil,2-way,Sealed,0.0,0.0,0,0.0,50.0,0.0,On,0.0,0.0,,47,Wellington City,Traffic Signals,0.0,0.0,0.0,0.0,0.0,0.0,Urban,0.0,0.0,0.0,Fine,Null,0
67669520,,577500,0.0,,0.0,1.0,,South,2016/2017,BREAKER BAY ROAD,PASS OF BRANDA,,Minor Crash,No,2017,,East,,0,,Hill Road,,,,,,Overcast,2212400,1,1.0,0.0,2.0,,,0.0,,,,,,Wellington Region,Nil,2-way,Sealed,,0.0,0,,50.0,,Null,0.0,0.0,,47,Wellington City,Unknown,,,,,0.0,0.0,Urban,0.0,,,Fine,Null,0
67669561,,572900,0.0,1.0,0.0,0.0,0.0,South,2022/2023,HUTT ROAD,AOTEA QUAY,,Non-Injury Crash,No,2023,0.0,North,0.0,0,0.0,Flat,0.0,,0.0,,0.0,Twilight,2117102,0,0.0,0.0,3.0,0.0,0.0,0.0,0.0,0.0,,0.0,0.0,Wellington Region,Underpass,2-way,Sealed,0.0,0.0,0,0.0,60.0,0.0,On,0.0,0.0,,47,Wellington City,Nil,0.0,0.0,0.0,0.0,1.0,0.0,Urban,0.0,0.0,0.0,Fine,Null,0
67669596,,573000,0.0,,0.0,1.0,,South,2016/2017,SH 1N,BOULCOTT OBR,,Non-Injury Crash,Yes,2016,,North,,0,,Flat,,,,,,Dark,2128200,0,0.0,0.0,2.0,,,0.0,,,,,,Wellington Region,Nil,1-way,Sealed,,0.0,0,,70.0,,On,1.0,0.0,,47,Wellington City,Unknown,,,,,0.0,0.0,Urban,0.0,,,Fine,Null,0
67669600,,573000,0.0,,0.0,2.0,,North,2016/2017,SH 1N,SOUTH PORTAL,,Non-Injury Crash,Yes,2016,,South,,0,,Flat,,,,,,Overcast,2130600,0,0.0,0.0,3.0,,,0.0,,,,,,Wellington Region,Nil,2-way,Sealed,,0.0,0,,60.0,,On,0.0,0.0,,47,Wellington City,Unknown,,,,,0.0,0.0,Urban,0.0,,,Light rain,Null,0
67669616,,573802,0.0,,0.0,0.0,,North,2016/2017,SH 1N,JOHNSONVILLE ON SBD,,Non-Injury Crash,Yes,2016,,North,,0,,Flat,,,,,,Overcast,2078701,0,0.0,0.0,7.0,,,0.0,,,,,,Wellington Region,Motorway ramp,2-way,Sealed,,0.0,0,,100.0,,Off,0.0,0.0,,47,Wellington City,Unknown,,,,,1.0,0.0,Open,1.0,,,Light rain,Null,0
67669621,,573101,1.0,0.0,0.0,2.0,0.0,West,2016/2017,GHUZNEE ST,CUBA ST,,Minor Crash,No,2016,0.0,East,0.0,0,0.0,Flat,0.0,,0.0,,0.0,Bright sun,2131800,1,0.0,0.0,2.0,0.0,0.0,0.0,0.0,1.0,,0.0,0.0,Wellington Region,Nil,2-way,Sealed,0.0,0.0,0,0.0,50.0,0.0,Null,0.0,0.0,,47,Wellington City,Unknown,0.0,0.0,0.0,0.0,0.0,0.0,Urban,0.0,0.0,0.0,Fine,Null,0
67669634,,572900,0.0,,0.0,1.0,,Null,2016/2017,TINAKORI ROAD,THORNDON QUAY,,Non-Injury Crash,No,2017,,East,,0,,Flat,,,,,,Overcast,2118400,0,1.0,0.0,2.0,,,0.0,,,,,,Wellington Region,Nil,2-way,Sealed,,0.0,0,,50.0,,Null,0.0,0.0,,47,Wellington City,Give way,,,,,0.0,0.0,Urban,0.0,,,Fine,Null,0
67669656,,576901,0.0,0.0,0.0,1.0,0.0,West,2016/2017,COUTTS ST,ONEPU ROAD,,Non-Injury Crash,No,2016,0.0,West,0.0,0,0.0,Flat,0.0,,0.0,,0.0,Bright sun,2178300,0,0.0,0.0,2.0,0.0,0.0,0.0,0.0,1.0,,0.0,0.0,Wellington Region,Nil,2-way,Sealed,0.0,0.0,0,0.0,30.0,0.0,Null,0.0,0.0,,47,Wellington City,Unknown,0.0,0.0,0.0,0.0,0.0,0.0,Urban,1.0,0.0,0.0,Fine,Null,0
67669741,,574302,0.0,,0.0,1.0,,Null,2015/2016,ONSLOW ROAD,HUTT ROAD,,Non-Injury Crash,No,2016,,East,,0,,Hill Road,,,,,,Dark,2090604,0,0.0,0.0,2.0,,,0.0,,,,,,Wellington Region,Nil,2-way,Sealed,,0.0,0,,50.0,,On,0.0,0.0,,47,Wellington City,Traffic Signals,,,,,0.0,0.0,Urban,1.0,,,Null,Null,0
67669748,,576903,0.0,0.0,0.0,1.0,0.0,Null,2017/2018,CRAWFORD ROAD,WELLINGTON ROAD,,Non-Injury Crash,No,2017,0.0,North,0.0,0,0.0,Hill Road,0.0,,0.0,,0.0,Overcast,2181600,0,0.0,0.0,2.0,0.0,0.0,0.0,0.0,0.0,,0.0,0.0,Wellington Region,Nil,1-way,Sealed,0.0,0.0,0,0.0,50.0,0.0,Null,0.0,0.0,,47,Wellington City,Give way,1.0,0.0,0.0,0.0,0.0,0.0,Urban,1.0,0.0,0.0,Fine,Null,0
67669755,,577101,0.0,,0.0,1.0,,North,2015/2016,TIO TIO ROAD,BROADWAY,,Non-Injury Crash,No,2015,,West,,0,,Hill Road,,,,,,Bright sun,2213000,0,0.0,0.0,2.0,,,0.0,,,,,,Wellington Region,Nil,2-way,Sealed,,0.0,0,,50.0,,Null,0.0,0.0,,47,Wellington City,Nil,,,,,0.0,0.0,Urban,0.0,,,Fine,Null,0
67669756,,573000,0.0,,0.0,2.0,,Null,2017/2018,WILLESTON ST,CUSTOMHOUSE QUAY,,Non-Injury Crash,No,2017,,West,,0,,Flat,,,,,,Dark,2127100,0,0.0,0.0,2.0,,,0.0,,,,,,Wellington Region,Nil,1-way,Sealed,,0.0,0,,30.0,,On,0.0,0.0,,47,Wellington City,Traffic Signals,,,,,0.0,0.0,Urban,0.0,,,Fine,Null,0
67669768,,576301,0.0,0.0,0.0,1.0,0.0,West,2016/2017,COLOMBO ST,RINTOUL ST,,Non-Injury Crash,No,2017,0.0,East,0.0,0,0.0,Hill Road,0.0,,0.0,,0.0,Overcast,2165100,0,0.0,1.0,2.0,0.0,0.0,0.0,0.0,1.0,,0.0,0.0,Wellington Region,Nil,2-way,Sealed,0.0,0.0,0,0.0,50.0,0.0,Off,0.0,0.0,,47,Wellington City,Unknown,0.0,0.0,0.0,0.0,0.0,0.0,Urban,0.0,0.0,0.0,Light rain,Strong wind,0
67669792,,577102,0.0,,0.0,2.0,,Null,2016/2017,STRATHMORE AVENUE,SIDLAW ST,,Non-Injury Crash,No,2017,,North,,0,,Hill Road,,,,,,Overcast,2215200,0,0.0,0.0,2.0,,,0.0,,,,,,Wellington Region,Nil,2-way,Sealed,,0.0,0,,50.0,,Null,0.0,0.0,,47,Wellington City,Give way,,,,,0.0,0.0,Urban,0.0,,,Light rain,Null,0
67669798,,573101,0.0,0.0,0.0,2.0,0.0,West,2016/2017,MARKET LANE,TARANAKI ST,,Non-Injury Crash,No,2017,0.0,West,0.0,0,0.0,Flat,0.0,,0.0,,0.0,Bright sun,2133100,0,0.0,0.0,1.0,0.0,0.0,0.0,0.0,1.0,,0.0,0.0,Wellington Region,Nil,1-way,Sealed,0.0,0.0,0,0.0,50.0,0.0,Null,0.0,0.0,,47,Wellington City,Unknown,0.0,0.0,0.0,0.0,0.0,0.0,Urban,0.0,0.0,0.0,Fine,Null,0
67669819,,577200,1.0,,0.0,1.0,,Null,2015/2016,CALEDONIA ST,HOBART ST,,Minor Crash,No,2015,,East,,0,,Flat,,,,,,Overcast,2207000,1,0.0,0.0,2.0,,,0.0,,,,,,Wellington Region,Nil,2-way,Sealed,,0.0,0,,50.0,,Null,0.0,0.0,,47,Wellington City,Stop,,,,,0.0,0.0,Urban,0.0,,,Light rain,Null,0
67669830,,573525,0.0,,0.0,3.0,,North,2016/2017,SH 1N,TAWA OFF SBD,,Minor Crash,Yes,2017,,North,,0,,Flat,,,,,,Dark,2053830,1,0.0,0.0,2.0,,,0.0,,,,,,Wellington Region,Nil,1-way,Sealed,,0.0,0,,100.0,,None,0.0,0.0,,47,Wellington City,Unknown,,,,,0.0,0.0,Open,0.0,,,Fine,Null,0
67669870,,575902,0.0,0.0,0.0,2.0,0.0,North,2016/2017,WYE ST,LIDDEL GROVE,,Non-Injury Crash,No,2016,0.0,South,0.0,0,0.0,Hill Road,0.0,,0.0,,0.0,Bright sun,2187402,0,0.0,0.0,2.0,0.0,0.0,0.0,0.0,1.0,,0.0,0.0,Wellington Region,Nil,2-way,Sealed,0.0,0.0,0,0.0,50.0,0.0,Null,0.0,0.0,,47,Wellington City,Unknown,0.0,0.0,0.0,0.0,0.0,0.0,Urban,0.0,0.0,0.0,Null,Null,0
67669874,,573000,0.0,,0.0,1.0,,North,2016/2017,SH 1N,AURORA TERRACE OBR,,Non-Injury Crash,Yes,2016,,North,,0,,Flat,,,,,,Bright sun,2124500,0,0.0,0.0,3.0,,,0.0,,,,,,Wellington Region,Nil,1-way,Sealed,,0.0,0,,100.0,,Null,0.0,0.0,,47,Wellington City,Unknown,,,,,1.0,0.0,Open,0.0,,,Fine,Null,0
67669877,,575902,0.0,0.0,0.0,1.0,0.0,South,2016/2017,OHIRO ROAD,STOCK ST,,Minor Crash,No,2017,0.0,North,0.0,0,0.0,Hill Road,0.0,,0.0,,0.0,Overcast,2187307,1,0.0,0.0,2.0,0.0,0.0,0.0,0.0,1.0,,0.0,0.0,Wellington Region,Nil,2-way,Sealed,0.0,0.0,0,0.0,50.0,0.0,Null,1.0,0.0,,47,Wellington City,Unknown,0.0,0.0,0.0,0.0,0.0,0.0,Urban,0.0,0.0,0.0,Fine,Null,0
67669884,,575600,0.0,0.0,0.0,2.0,0.0,North,2016/2017,OHIRO ROAD,BROOKLYN ROAD,,Non-Injury Crash,No,2017,0.0,North,0.0,0,0.0,Flat,0.0,,0.0,,0.0,Bright sun,2160600,0,0.0,0.0,2.0,0.0,0.0,0.0,0.0,1.0,,0.0,0.0,Wellington Region,Nil,2-way,Sealed,0.0,0.0,0,0.0,50.0,0.0,Null,0.0,0.0,,47,Wellington City,Unknown,0.0,0.0,0.0,0.0,0.0,0.0,Urban,0.0,0.0,0.0,Fine,Null,0
67669893,,577302,0.0,0.0,0.0,1.0,0.0,North,2015/2016,PARK ROAD,MIRAMAR AVENUE,,Non-Injury Crash,No,2016,0.0,North,0.0,0,0.0,Flat,0.0,,0.0,,0.0,Bright sun,2206102,0,0.0,1.0,2.0,0.0,0.0,0.0,0.0,1.0,,0.0,0.0,Wellington Region,Nil,2-way,Sealed,0.0,0.0,0,0.0,50.0,0.0,Null,0.0,0.0,,47,Wellington City,Give way,0.0,0.0,0.0,0.0,0.0,0.0,Urban,0.0,0.0,0.0,Fine,Null,0
67669897,,576301,0.0,,0.0,2.0,,Null,2021/2022,RIDDIFORD STREET,RIDDIFORD STREET,,Non-Injury Crash,No,2022,,South,,0,,Flat,,,,,,Bright sun,2165200,0,0.0,0.0,2.0,,,0.0,,,,,,Wellington Region,Nil,2-way,Sealed,,0.0,0,,50.0,,Off,0.0,0.0,,47,Wellington City,Give way,,,,,0.0,0.0,Urban,0.0,,,Fine,Null,0
67669905,,572900,0.0,0.0,0.0,1.0,0.0,South,2021/2022,MAY STREET ON RAMP,WELLINGTON URBAN MOTORWAY,,Non-Injury Crash,No,2022,0.0,North,0.0,0,0.0,Flat,1.0,,0.0,,0.0,Dark,2119300,0,0.0,0.0,0.0,0.0,0.0,0.0,0.0,0.0,,0.0,0.0,Wellington Region,Motorway ramp,1-way,Sealed,0.0,0.0,0,0.0,50.0,0.0,On,0.0,0.0,,47,Wellington City,Unknown,0.0,0.0,0.0,0.0,0.0,0.0,Urban,0.0,0.0,0.0,Heavy rain,Null,0
67669915,,573300,0.0,,0.0,0.0,,South,2015/2016,ADELAIDE ROAD,GIRTON TERRACE,,Non-Injury Crash,No,2015,,South,,0,,Flat,,,,,,Dark,2146100,0,0.0,0.0,3.0,,,0.0,,,,,,Wellington Region,Nil,2-way,Sealed,,0.0,0,,50.0,,On,1.0,0.0,,47,Wellington City,Nil,,,,,1.0,0.0,Urban,0.0,,,Null,Null,0
67670031,,573526,0.0,,0.0,2.0,,South,2016/2017,SH 2,HOROKIWI ROAD,,Non-Injury Crash,Yes,2017,,South,,0,,Flat,,,,,,Bright sun,2077503,0,0.0,0.0,2.0,,,0.0,,,,,,Wellington Region,Nil,2-way,Sealed,,0.0,0,,100.0,,Null,0.0,0.0,,47,Wellington City,Unknown,,,,,0.0,0.0,Open,0.0,,,Fine,Null,0
67670084,,576903,0.0,,0.0,2.0,,Null,2015/2016,WALMER ST,SH 1N,,Non-Injury Crash,Yes,2016,,North,,0,,Flat,,,,,,Dark,2180300,0,0.0,0.0,2.0,,,0.0,,,,,,Wellington Region,Nil,2-way,Sealed,,0.0,0,,50.0,,On,0.0,1.0,,47,Wellington City,Nil,,,,,0.0,0.0,Urban,0.0,,,Fine,Null,0
67670107,,574303,0.0,,0.0,4.0,,South,2016/2017,SH 1N,SH 2,,Non-Injury Crash,Yes,2017,,North,,0,,Flat,,,,,,Dark,2090402,0,0.0,0.0,7.0,,,0.0,,,,,,Wellington Region,Nil,2-way,Sealed,,0.0,0,,60.0,,On,0.0,0.0,,47,Wellington City,Unknown,,,,,0.0,0.0,Urban,1.0,,,Fine,Null,0
67670145,,576903,0.0,,1.0,1.0,,Null,2017/2018,TAPIRI ST,MOXHAM AVENUE,,Minor Crash,No,2017,,North,,0,,Flat,,,,,,Dark,2180700,1,0.0,0.0,2.0,,,0.0,,,,,,Wellington Region,Nil,2-way,Sealed,,0.0,0,,50.0,,On,0.0,0.0,,47,Wellington City,Stop,,,,,0.0,0.0,Urban,0.0,,,Light rain,Strong wind,0
67670164,,576100,1.0,,0.0,1.0,,West,2015/2016,THE ESPLANADE,HOUGHTON BAY ROAD,,Non-Injury Crash,No,2016,,West,,0,,Flat,,,,,,Bright sun,2194806,0,0.0,0.0,2.0,,,0.0,,,,,,Wellington Region,Nil,2-way,Sealed,,0.0,0,,50.0,,Null,0.0,0.0,,47,Wellington City,Unknown,,,,,0.0,0.0,Urban,0.0,,,Fine,Null,0
67670173,,572900,0.0,,0.0,2.0,,Null,2016/2017,MOORE ST,THORNDON QUAY,,Non-Injury Crash,No,2016,,South,,0,,Flat,,,,,,Overcast,2121500,0,0.0,0.0,2.0,,,0.0,,,,,,Wellington Region,Nil,2-way,Sealed,,0.0,0,,50.0,,Null,0.0,0.0,,47,Wellington City,Nil,,,,,0.0,0.0,Urban,0.0,,,Fine,Null,0
67670252,,573200,0.0,,0.0,0.0,,North,2016/2017,DURHAM ST,DURHAM CRESCENT,,Minor Crash,No,2016,,North,,0,,Hill Road,,,,,,Overcast,2158200,1,0.0,1.0,2.0,,,0.0,,,,,,Wellington Region,Nil,2-way,Sealed,,0.0,0,,50.0,,Null,0.0,0.0,30.0,47,Wellington City,Nil,,,,,0.0,0.0,Urban,0.0,,,Fine,Null,0
67670253,,573523,0.0,,0.0,0.0,,North,2016/2017,SH 1N,CHURTON PARK OFF SBD,,Non-Injury Crash,Yes,2016,,South,,0,,Flat,,,,,,Bright sun,2086312,0,0.0,0.0,2.0,,,0.0,,,,,,Wellington Region,Nil,1-way,Sealed,,0.0,0,,80.0,,Null,0.0,0.0,,47,Wellington City,Unknown,,,,,1.0,0.0,Open,1.0,,,Fine,Null,0
67670269,,572900,0.0,,1.0,0.0,,South,2016/2017,THORNDON QUAY,MOORE ST,,Minor Crash,No,2017,,South,,0,,Flat,,,,,,Overcast,2122700,1,1.0,0.0,3.0,,,0.0,,,,,,Wellington Region,Nil,2-way,Sealed,,0.0,0,,50.0,,Null,0.0,0.0,,47,Wellington City,Unknown,,,,,0.0,0.0,Urban,0.0,,,Light rain,Null,0
67670275,,572900,1.0,,0.0,0.0,,West,2017/2018,BUNNY ST,WATERLOO QUAY,,Minor Crash,No,2017,,West,,0,,Flat,,,,,,Overcast,2122700,1,0.0,0.0,1.0,,,0.0,,,1.0,,,Wellington Region,Nil,1-way,Sealed,,0.0,0,,50.0,,Null,0.0,0.0,,47,Wellington City,Unknown,,,,,0.0,0.0,Urban,0.0,,,Fine,Null,0
67670277,,573700,0.0,,0.0,1.0,,North,2017/2018,JOHNSONVILLE ROAD,BRODERICK ROAD,,Minor Crash,No,2017,,North,,0,,Flat,,,,,,Dark,2082800,1,0.0,1.0,2.0,,,0.0,,,,,,Wellington Region,Nil,2-way,Sealed,,0.0,0,,50.0,,On,0.0,0.0,,47,Wellington City,Unknown,,,,,0.0,0.0,Urban,0.0,,,Light rain,Strong wind,0
67670293,,576901,0.0,,0.0,2.0,,Null,2016/2017,SH 1N,TROY ST,,Non-Injury Crash,Yes,2016,,South,,0,,Flat,,,,,,Bright sun,2176800,0,0.0,0.0,2.0,,,0.0,,,,,,Wellington Region,Nil,1-way,Sealed,,0.0,0,,50.0,,Null,0.0,0.0,,47,Wellington City,Give way,,,,,0.0,0.0,Urban,0.0,,,Fine,Null,0
67670312,,574302,0.0,0.0,0.0,1.0,0.0,Null,2023/2024,IZARD ROAD,EVEREST STREET,,Non-Injury Crash,No,2023,0.0,North,0.0,0,0.0,Flat,0.0,,0.0,,0.0,Overcast,2091300,0,0.0,0.0,2.0,0.0,0.0,0.0,0.0,0.0,,0.0,0.0,Wellington Region,Nil,2-way,Sealed,0.0,0.0,0,0.0,50.0,0.0,Off,0.0,0.0,,47,Wellington City,Give way,1.0,0.0,0.0,0.0,0.0,0.0,Urban,0.0,0.0,0.0,Fine,Null,0
67670411,,575200,0.0,,0.0,1.0,,East,2016/2017,GLENMORE ST,ORANGI KAUPAPA ROAD,,Non-Injury Crash,No,2017,,West,,0,,Flat,,,,,,Overcast,2151500,0,0.0,0.0,2.0,,,0.0,,,,,,Wellington Region,Nil,2-way,Sealed,,0.0,0,,50.0,,Off,0.0,0.0,,47,Wellington City,Unknown,,,,,0.0,0.0,Urban,1.0,,,Fine,Null,0