OBJECTID,advisorySpeed,areaUnitID,bicycle,bridge,bus,carStationWagon,cliffBank,crashDirectionDescription,crashFinancialYear,crashLocation1,crashLocation2,crashRoadSideRoad,crashSeverity,crashSHDescription,crashYear,debris,directionRoleDescription,ditch,fatalCount,fence,flatHill,guardRail,holiday,houseOrBuilding,intersection,kerb,light,meshblockId,minorInjuryCount,moped,motorcycle,NumberOfLanes,objectThrownOrDropped,otherObject,otherVehicleType,overBank,parkedVehicle,pedestrian,phoneBoxEtc,postOrPole,region,roadCharacter,roadLane,roadSurface,roadworks,schoolBus,seriousInjuryCount,slipOrFlood,speedLimit,strayAnimal,streetLight,suv,taxi,temporarySpeedLimit,tlaId,tlaName,trafficControl,trafficIsland,trafficSign,train,tree,truck,unknownVehicleType,urban,vanOrUtility,vehicle,waterRiver,weatherA,weatherB,if_pandemic
67670441,,574303,0.0,,0.0,0.0,,South,2016/2017,HUTT ROAD,JARDEN MILE,,Minor Crash,No,2017,,North,,0,,Flat,,,,,,Overcast,2090402,1,0.0,1.0,4.0,,,0.0,,,,,,Wellington Region,Nil,2-way,Sealed,,0.0,0,,100.0,,Null,0.0,0.0,,47,Wellington City,Unknown,,,,,0.0,0.0,Open,0.0,,,Fine,Null,0
67670555,,573101,0.0,,0.0,1.0,,Null,2016/2017,TORY ST,FORRESTERS LANE,,Non-Injury Crash,No,2017,,South,,0,,Flat,,,,,,Bright sun,2136000,0,0.0,0.0,2.0,,,0.0,,,,,,Wellington Region,Nil,2-way,Sealed,,0.0,0,,30.0,,Null,0.0,0.0,,47,Wellington City,Nil,,,,,1.0,0.0,Urban,0.0,,,Fine,Null,0
67670556,,573101,0.0,,0.0,1.0,,South,2016/2017,TARANAKI ST,JESSIE ST,,Non-Injury Crash,No,2017,,North,,0,,Flat,,,,,,Bright sun,2133700,0,0.0,0.0,5.0,,,0.0,,,,,,Wellington Region,Nil,2-way,Sealed,,0.0,0,,50.0,,Null,1.0,0.0,,47,Wellington City,Nil,,,,,0.0,0.0,Urban,0.0,,,Fine,Null,0
67670594,,576200,0.0,,0.0,4.0,,South,2015/2016,RINTOUL ST,BLYTHE ST,,Non-Injury Crash,No,2015,,West,,0,,Hill Road,,,,,,Overcast,2172200,0,0.0,0.0,2.0,,,0.0,,,,,,Wellington Region,Nil,2-way,Sealed,,0.0,0,,50.0,,Null,0.0,1.0,,47,Wellington City,Unknown,,,,,0.0,0.0,Urban,0.0,,,Heavy rain,Null,0
67670611,,573903,0.0,,0.0,1.0,,North,2016/2017,Z DRIVEWAY,SALFORD ST,,Minor Crash,No,2017,,North,,0,,Hill Road,,,,,,Bright sun,2074600,1,0.0,0.0,,,,0.0,,,1.0,,,Wellington Region,Nil,Off road,Sealed,,0.0,0,,50.0,,Null,0.0,0.0,,47,Wellington City,Unknown,,,,,0.0,0.0,Urban,0.0,,,Fine,Null,0
67670641,,576903,0.0,,0.0,2.0,,South,2015/2016,EVANS BAY PARADE,KEMP ST,,Non-Injury Crash,No,2016,,North,,0,,Flat,,,,,,Bright sun,2177900,0,0.0,0.0,2.0,,,0.0,,,,,,Wellington Region,Nil,2-way,Sealed,,0.0,0,,50.0,,Null,0.0,0.0,,47,Wellington City,Nil,,,,,0.0,0.0,Urban,0.0,,,Fine,Null,0
67670715,,577302,0.0,,0.0,2.0,,West,2016/2017,ROTHERHAM TERRACE,PARA ST,,Non-Injury Crash,No,2016,,West,,0,,Flat,,,,,,Overcast,2205600,0,0.0,0.0,2.0,,,0.0,,,,,,Wellington Region,Nil,2-way,Sealed,,0.0,0,,50.0,,Null,0.0,0.0,,47,Wellington City,Nil,,,,,0.0,0.0,Urban,0.0,,,Fine,Null,0
67670751,,577000,0.0,0.0,0.0,1.0,0.0,East,2016/2017,MOA POINT ROAD,DOG POUND,,Non-Injury Crash,No,2017,0.0,West,0.0,0,0.0,Flat,0.0,,0.0,,0.0,Dark,2175700,0,0.0,0.0,2.0,0.0,1.0,0.0,0.0,0.0,,0.0,0.0,Wellington Region,Nil,2-way,Sealed,0.0,0.0,0,0.0,50.0,0.0,None,0.0,0.0,,47,Wellington City,Unknown,0.0,1.0,0.0,0.0,0.0,0.0,Urban,0.0,0.0,0.0,Fine,Null,0
67670794,,573526,0.0,,0.0,2.0,,North,2016/2017,SH 2,SERVICE STN NTH,,Non-Injury Crash,Yes,2016,,North,,0,,Flat,,,,,,Bright sun,2086403,0,0.0,0.0,2.0,,,0.0,,,,,,Wellington Region,Nil,1-way,Sealed,,0.0,0,,100.0,,Null,0.0,0.0,,47,Wellington City,Unknown,,,,,0.0,0.0,Open,1.0,,,Fine,Null,0
67670807,,573101,0.0,,1.0,0.0,,Null,2017/2018,MANNERS ST,LUKES LANE,,Minor Crash,No,2017,,West,,0,,Flat,,,,,,Bright sun,2133200,1,0.0,0.0,2.0,,,0.0,,,1.0,,,Wellington Region,Nil,2-way,Sealed,,0.0,0,,30.0,,Null,0.0,0.0,,47,Wellington City,Nil,,,,,0.0,0.0,Urban,0.0,,,Fine,Null,0
67670821,,576903,0.0,0.0,0.0,2.0,1.0,Null,2017/2018,CRAWFORD ROAD,WELLINGTON ROAD,,Minor Crash,No,2017,0.0,South,0.0,0,0.0,Hill Road,0.0,,0.0,,0.0,Overcast,2181600,1,0.0,0.0,2.0,0.0,0.0,0.0,0.0,0.0,,0.0,0.0,Wellington Region,Nil,2-way,Sealed,0.0,0.0,0,0.0,50.0,0.0,Null,0.0,0.0,,47,Wellington City,Give way,1.0,1.0,0.0,0.0,0.0,0.0,Urban,0.0,0.0,0.0,Fine,Strong wind,0
67670835,,576400,1.0,0.0,0.0,0.0,0.0,South,2016/2017,RIDDIFORD ST,NEWTOWN AVENUE,,Serious Crash,No,2017,0.0,North,0.0,0,0.0,Flat,0.0,,0.0,,0.0,Bright sun,2168500,0,0.0,0.0,2.0,0.0,0.0,0.0,0.0,1.0,,0.0,0.0,Wellington Region,Nil,2-way,Sealed,0.0,0.0,1,0.0,40.0,0.0,Null,0.0,0.0,,47,Wellington City,Unknown,0.0,0.0,0.0,0.0,0.0,0.0,Urban,1.0,0.0,0.0,Fine,Null,0
67670837,,574002,0.0,0.0,0.0,2.0,0.0,West,2016/2017,SH 2,HUTT ON NBD,,Minor Crash,Yes,2017,0.0,East,0.0,0,0.0,Flat,1.0,,0.0,,0.0,Bright sun,2078302,1,0.0,0.0,2.0,0.0,0.0,0.0,0.0,0.0,,0.0,0.0,Wellington Region,Nil,1-way,Sealed,0.0,0.0,0,0.0,100.0,0.0,Null,0.0,0.0,60.0,47,Wellington City,Unknown,0.0,0.0,0.0,0.0,0.0,0.0,Open,0.0,0.0,0.0,Fine,Null,0
67670858,,573400,0.0,,0.0,2.0,,West,2016/2017,PATERSON ST,AUSTIN ST,,Non-Injury Crash,No,2016,,West,,0,,Hill Road,,,,,,Bright sun,2143100,0,0.0,0.0,1.0,,,0.0,,,,,,Wellington Region,Nil,2-way,Sealed,,0.0,0,,50.0,,Null,0.0,0.0,,47,Wellington City,Nil,,,,,0.0,0.0,Urban,0.0,,,Fine,Null,0
67670863,,572600,0.0,0.0,0.0,2.0,0.0,South,2016/2017,MAIN ROAD,SURREY ST,,Non-Injury Crash,No,2017,0.0,North,0.0,0,1.0,Flat,0.0,,0.0,,0.0,Overcast,1992000,0,0.0,0.0,2.0,0.0,0.0,0.0,0.0,0.0,,0.0,0.0,Wellington Region,Nil,2-way,Sealed,0.0,0.0,0,0.0,50.0,0.0,Null,0.0,0.0,,47,Wellington City,Unknown,0.0,0.0,0.0,0.0,0.0,0.0,Urban,0.0,0.0,0.0,Fine,Null,0
67670933,,573700,0.0,0.0,0.0,1.0,0.0,South,2017/2018,PROSPECT TERRACE,WOODLAND ROAD,,Non-Injury Crash,No,2017,0.0,South,0.0,0,1.0,Hill Road,0.0,,0.0,,0.0,Dark,2081902,0,0.0,0.0,2.0,0.0,0.0,0.0,0.0,0.0,,0.0,0.0,Wellington Region,Nil,2-way,Sealed,0.0,0.0,0,0.0,50.0,0.0,On,0.0,0.0,,47,Wellington City,Nil,0.0,0.0,0.0,0.0,0.0,0.0,Urban,0.0,0.0,0.0,Fine,Null,0
67670941,,574303,0.0,,0.0,3.0,,West,2016/2017,SH 1N,SH 2,,Non-Injury Crash,Yes,2017,,East,,0,,Flat,,,,,,Overcast,2090402,0,0.0,0.0,4.0,,,0.0,,,,,,Wellington Region,Nil,1-way,Sealed,,0.0,0,,100.0,,Off,0.0,0.0,60.0,47,Wellington City,Unknown,,,,,0.0,0.0,Open,1.0,,,Mist or Fog,Null,0
67671011,,573600,0.0,0.0,0.0,0.0,0.0,South,2016/2017,SH 1N,JOHNSONVILLE ON NBD,,Non-Injury Crash,Yes,2016,0.0,North,0.0,0,0.0,Hill Road,0.0,,0.0,,0.0,Overcast,2081200,0,0.0,0.0,2.0,0.0,0.0,0.0,0.0,0.0,,0.0,1.0,Wellington Region,Nil,1-way,Sealed,0.0,0.0,0,0.0,100.0,0.0,Null,1.0,0.0,,47,Wellington City,Unknown,0.0,0.0,0.0,0.0,0.0,0.0,Open,0.0,0.0,0.0,Fine,Null,0
67671056,,574002,0.0,,0.0,1.0,,North,2015/2016,SH 2,SH 1N,,Non-Injury Crash,Yes,2015,,North,,0,,Flat,,,,,,Overcast,2078302,0,0.0,0.0,2.0,,,0.0,,,,,,Wellington Region,Nil,1-way,Sealed,,0.0,0,,80.0,,None,1.0,0.0,,47,Wellington City,Nil,,,,,0.0,0.0,Open,0.0,,,Light rain,Null,0
67671074,,573101,0.0,,0.0,2.0,,Null,2016/2017,WAKEFIELD ST,TARANAKI ST,,Non-Injury Crash,No,2016,,North,,0,,Flat,,,,,,Twilight,2133200,0,0.0,0.0,3.0,,,0.0,,,,,,Wellington Region,Nil,1-way,Sealed,,0.0,0,,50.0,,On,0.0,1.0,,47,Wellington City,Traffic Signals,,,,,0.0,0.0,Urban,0.0,,,Fine,Null,0
67671130,,573000,0.0,,0.0,1.0,,Null,2015/2016,THE TERRACE,MACDONALD CRESCENT,,Minor Crash,No,2016,,South,,0,,Hill Road,,,,,,Dark,2130400,1,1.0,0.0,2.0,,,0.0,,,,,,Wellington Region,Nil,2-way,Sealed,,0.0,0,,50.0,,On,0.0,0.0,,47,Wellington City,Nil,,,,,0.0,0.0,Urban,0.0,,,Fine,Null,0
67671161,,577102,0.0,,0.0,2.0,,North,2017/2018,BOWES CRESCENT,BIRKHALL GROVE,,Non-Injury Crash,No,2017,,North,,0,,Hill Road,,,,,,Overcast,2216300,0,0.0,0.0,2.0,,,0.0,,,,,,Wellington Region,Nil,2-way,Sealed,,0.0,0,,50.0,,Null,0.0,0.0,,47,Wellington City,Unknown,,,,,0.0,0.0,Urban,0.0,,,Light rain,Null,0
67671198,,573700,0.0,,0.0,2.0,,South,2021/2022,JOHNSONVILLE ROAD,NORMAN LANE,,Non-Injury Crash,No,2022,,South,,0,,Flat,,,,,,Twilight,2082800,0,0.0,0.0,2.0,,,0.0,,,,,,Wellington Region,Nil,2-way,Sealed,,0.0,0,,50.0,,On,0.0,0.0,,47,Wellington City,Isolated Pedestrian signal (non-intersection),,,,,0.0,0.0,Urban,0.0,,,Fine,Null,0
67671199,,572900,0.0,,0.0,1.0,,South,2017/2018,SH 1N,TERRACE OFF SBD,,Non-Injury Crash,Yes,2017,,South,,0,,Flat,,,,,,Bright sun,2122100,0,0.0,0.0,1.0,,,0.0,,,,,,Wellington Region,Motorway ramp,1-way,Sealed,,0.0,0,,100.0,,Null,0.0,0.0,,47,Wellington City,Unknown,,,,,0.0,0.0,Open,1.0,,,Fine,Null,0
67671221,,572600,0.0,,0.0,2.0,,South,2017/2018,MAIN ROAD,LINCOLN AVENUE,,Non-Injury Crash,No,2017,,South,,0,,Flat,,,,,,Bright sun,1992000,0,0.0,0.0,2.0,,,0.0,,,,,,Wellington Region,Nil,2-way,Sealed,,0.0,0,,50.0,,Null,0.0,0.0,,47,Wellington City,Unknown,,,,,0.0,0.0,Urban,0.0,,,Fine,Null,0
67671269,,576500,0.0,,0.0,1.0,,South,2016/2017,RIDDIFORD ST,HOWELL AVENUE,,Minor Crash,No,2017,,South,,0,,Flat,,,,,,Twilight,2148700,1,0.0,0.0,4.0,,,0.0,,,1.0,,,Wellington Region,Nil,2-way,Sealed,,0.0,0,,50.0,,On,0.0,0.0,,47,Wellington City,Unknown,,,,,0.0,0.0,Urban,0.0,,,Fine,Null,0
67671286,,576500,0.0,0.0,0.0,0.0,0.0,Null,2021/2022,HOSPITAL ROAD,HUGH STREET,,Non-Injury Crash,No,2021,0.0,East,0.0,0,0.0,Flat,0.0,,0.0,,0.0,Unknown,2148601,0,0.0,0.0,2.0,0.0,0.0,0.0,0.0,1.0,,0.0,0.0,Wellington Region,Nil,2-way,Sealed,0.0,0.0,0,0.0,50.0,0.0,Null,1.0,0.0,,47,Wellington City,Nil,0.0,0.0,0.0,0.0,0.0,0.0,Urban,0.0,0.0,0.0,Null,Null,1
67671330,,574500,1.0,,0.0,1.0,,Null,2015/2016,HUTT ROAD,WESTMINSTER ST,,Non-Injury Crash,No,2016,,South,,0,,Flat,,,,,,Overcast,2093500,0,0.0,0.0,4.0,,,0.0,,,,,,Wellington Region,Nil,2-way,Sealed,,0.0,0,,50.0,,Null,0.0,0.0,,47,Wellington City,Stop,,,,,0.0,0.0,Urban,0.0,,,Fine,Null,0
67671344,,573700,0.0,0.0,0.0,1.0,0.0,Null,2014/2015,MOOREFIELD ROAD,JOHNSONVILLE ROAD,,Non-Injury Crash,No,2015,0.0,East,0.0,0,0.0,Flat,0.0,,0.0,,1.0,Twilight,2082300,0,0.0,0.0,2.0,0.0,0.0,0.0,0.0,0.0,,0.0,0.0,Wellington Region,Nil,2-way,Sealed,0.0,0.0,0,0.0,50.0,0.0,On,0.0,0.0,,47,Wellington City,Give way,0.0,0.0,0.0,0.0,0.0,0.0,Urban,0.0,0.0,0.0,Light rain,Null,0
67671416,,573200,0.0,,0.0,2.0,,North,2015/2016,DEVON ST,ESSEX ST,,Non-Injury Crash,No,2015,,North,,0,,Hill Road,,,,,,Overcast,2157400,0,0.0,0.0,2.0,,,0.0,,,,,,Wellington Region,Nil,2-way,Sealed,,0.0,0,,50.0,,Null,0.0,0.0,,47,Wellington City,Unknown,,,,,0.0,0.0,Urban,0.0,,,Light rain,Null,0
67671423,,573000,0.0,,0.0,3.0,,North,2016/2017,SH 1N,ABEL SMITH ST,,Non-Injury Crash,Yes,2017,,North,,0,,Flat,,,,,,Overcast,2130100,0,0.0,0.0,2.0,,,0.0,,,,,,Wellington Region,Nil,1-way,Sealed,,0.0,0,,70.0,,Off,0.0,0.0,,47,Wellington City,Unknown,,,,,0.0,0.0,Urban,0.0,,,Light rain,Null,0
67671433,,574302,0.0,0.0,1.0,1.0,0.0,Null,2016/2017,HUTT ROAD,ONSLOW ROAD,,Minor Crash,No,2017,0.0,East,0.0,0,0.0,Flat,0.0,,0.0,,0.0,Dark,2090604,1,0.0,0.0,4.0,0.0,0.0,0.0,0.0,0.0,,0.0,1.0,Wellington Region,Nil,2-way,Sealed,0.0,0.0,0,0.0,60.0,0.0,On,0.0,0.0,,47,Wellington City,Traffic Signals,1.0,0.0,0.0,0.0,0.0,0.0,Urban,0.0,0.0,0.0,Heavy rain,Null,0
67671472,,573101,0.0,,0.0,2.0,,South,2014/2015,TARANAKI ST,ABEL SMITH ST,,Minor Crash,No,2015,,South,,0,,Flat,,,,,,Bright sun,2134800,1,0.0,0.0,4.0,,,0.0,,,,,,Wellington Region,Nil,2-way,Sealed,,0.0,0,,50.0,,Null,0.0,0.0,,47,Wellington City,Nil,,,,,0.0,0.0,Urban,0.0,,,Fine,Null,0
67671479,,574800,0.0,,0.0,2.0,,North,2016/2017,PARKVALE ROAD,KARORI ROAD,,Non-Injury Crash,No,2016,,East,,0,,Flat,,,,,,Overcast,2107600,0,0.0,0.0,2.0,,,0.0,,,,,,Wellington Region,Nil,2-way,Sealed,,0.0,0,,50.0,,Null,0.0,0.0,,47,Wellington City,Nil,,,,,0.0,0.0,Urban,0.0,,,Null,Null,0
67671499,,574002,0.0,,0.0,3.0,,North,2016/2017,SH 2,HUTT ON NBD,,Serious Crash,Yes,2017,,East,,0,,Flat,,,,,,Dark,2078302,1,0.0,0.0,1.0,,,0.0,,,,,,Wellington Region,Nil,1-way,Sealed,,0.0,1,,100.0,,On,0.0,0.0,,47,Wellington City,Unknown,,,,,0.0,0.0,Open,1.0,,,Light rain,Null,0
67671557,,573101,0.0,,0.0,1.0,,Null,2017/2018,TORY ST,COLLEGE ST,,Minor Crash,No,2017,,North,,0,,Flat,,,,,,Bright sun,2136500,1,1.0,0.0,2.0,,,0.0,,,,,,Wellington Region,Nil,2-way,Sealed,,0.0,0,,50.0,,Null,0.0,0.0,,47,Wellington City,Nil,,,,,0.0,0.0,Urban,0.0,,,Fine,Null,0
67671589,,572600,0.0,0.0,0.0,1.0,0.0,South,2016/2017,SH 1N,PED SUBWAY,,Non-Injury Crash,Yes,2017,0.0,North,0.0,0,0.0,Flat,1.0,,0.0,,0.0,Dark,1992400,0,0.0,0.0,2.0,0.0,0.0,0.0,0.0,0.0,,0.0,0.0,Wellington Region,Nil,1-way,Sealed,0.0,0.0,0,0.0,100.0,0.0,None,0.0,0.0,,47,Wellington City,Unknown,0.0,0.0,0.0,0.0,0.0,0.0,Open,0.0,0.0,0.0,Fine,Null,0
67671615,,573101,0.0,,0.0,1.0,,Null,2017/2018,TORY ST,TENNYSON ST,,Minor Crash,No,2017,,North,,0,,Flat,,,,,,Bright sun,2136000,1,0.0,0.0,2.0,,,0.0,,,1.0,,,Wellington Region,Nil,2-way,Sealed,,0.0,0,,50.0,,Null,0.0,0.0,,47,Wellington City,Give way,,,,,0.0,0.0,Urban,0.0,,,Fine,Null,0
67671625,,573101,0.0,0.0,0.0,1.0,0.0,West,2017/2018,GHUZNEE ST,CUBA ST,,Non-Injury Crash,No,2017,0.0,West,0.0,0,0.0,Hill Road,0.0,,0.0,,0.0,Overcast,2131500,0,0.0,0.0,2.0,0.0,0.0,0.0,0.0,1.0,,0.0,0.0,Wellington Region,Nil,2-way,Sealed,0.0,0.0,0,0.0,50.0,0.0,Null,0.0,0.0,,47,Wellington City,Unknown,0.0,0.0,0.0,0.0,0.0,0.0,Urban,1.0,0.0,0.0,Fine,Null,0
67671635,,576901,0.0,,0.0,2.0,,Null,2017/2018,COUTTS ST,BAY ROAD,,Non-Injury Crash,No,2017,,East,,0,,Hill Road,,,,,,Overcast,2178500,0,0.0,0.0,2.0,,,0.0,,,,,,Wellington Region,Nil,2-way,Sealed,,0.0,0,,30.0,,Null,0.0,0.0,,47,Wellington City,Nil,,,,,0.0,0.0,Urban,0.0,,,Fine,Null,0
67671647,,576301,0.0,0.0,0.0,2.0,0.0,South,2017/2018,ADELAIDE ROAD,COLOMBO ST,,Non-Injury Crash,No,2017,0.0,South,0.0,0,0.0,Flat,0.0,,0.0,,0.0,Bright sun,2164800,0,0.0,0.0,2.0,0.0,0.0,0.0,0.0,0.0,,0.0,0.0,Wellington Region,Nil,2-way,Sealed,0.0,0.0,0,0.0,50.0,0.0,Null,0.0,1.0,,47,Wellington City,Unknown,0.0,0.0,0.0,0.0,0.0,0.0,Urban,0.0,1.0,0.0,Fine,Null,0
67671649,,572900,0.0,,0.0,0.0,,North,2017/2018,SH 1N,TERRACE OFF SBD,,Non-Injury Crash,Yes,2017,,South,,0,,Flat,,,,,,Overcast,2122200,0,0.0,2.0,3.0,,,0.0,,,,,,Wellington Region,Nil,1-way,Sealed,,0.0,0,,60.0,,Null,0.0,0.0,,47,Wellington City,Unknown,,,,,0.0,0.0,Urban,0.0,,,Fine,Null,0
67671654,,577400,0.0,0.0,0.0,1.0,1.0,North,2023/2024,KARAKA BAY ROAD,PT HOWARD,,Minor Crash,No,2024,0.0,South,0.0,0,0.0,Flat,0.0,,0.0,,0.0,Dark,2209700,2,0.0,0.0,2.0,0.0,0.0,0.0,0.0,0.0,,0.0,0.0,Wellington Region,Nil,2-way,Sealed,0.0,0.0,0,0.0,40.0,0.0,On,0.0,0.0,,47,Wellington City,Nil,0.0,0.0,0.0,0.0,0.0,0.0,Urban,0.0,0.0,0.0,Fine,Null,0
67671702,,573101,0.0,,0.0,2.0,,Null,2016/2017,TORY ST,HAINING ST,,Non-Injury Crash,No,2017,,South,,0,,Flat,,,,,,Dark,2134900,0,0.0,0.0,1.0,,,0.0,,,,,,Wellington Region,Nil,1-way,Sealed,,0.0,0,,50.0,,On,0.0,0.0,,47,Wellington City,Nil,,,,,0.0,0.0,Urban,0.0,,,Fine,Null,0
67671714,,575200,0.0,,0.0,2.0,,West,2017/2018,NORTHLAND ROAD,GARDEN ROAD,,Non-Injury Crash,No,2017,,East,,0,,Null,,,,,,Dark,2150900,0,0.0,0.0,2.0,,,0.0,,,,,,Wellington Region,Nil,2-way,Sealed,,0.0,0,,50.0,,On,0.0,0.0,,47,Wellington City,Unknown,,,,,0.0,0.0,Urban,0.0,,,Light rain,Strong wind,0
67671732,,574303,0.0,,0.0,2.0,,South,2023/2024,WELLINGTON URBAN MOTORWAY,HUTT ROAD,,Non-Injury Crash,Yes,2023,,North,,0,,Flat,,,,,,Overcast,2090402,0,0.0,0.0,4.0,,,0.0,,,,,,Wellington Region,Nil,2-way,Sealed,,0.0,0,,100.0,,Off,0.0,0.0,,47,Wellington City,Nil,,,,,0.0,0.0,Open,0.0,,,Fine,Null,0
67671735,,576901,0.0,0.0,0.0,1.0,0.0,East,2016/2017,KEMP ST,TACY ST,,Non-Injury Crash,No,2016,0.0,West,0.0,0,0.0,Flat,0.0,,0.0,,0.0,Overcast,2176800,0,0.0,0.0,2.0,0.0,0.0,0.0,0.0,1.0,,0.0,0.0,Wellington Region,Nil,2-way,Sealed,0.0,0.0,0,0.0,50.0,0.0,Null,0.0,0.0,,47,Wellington City,Unknown,0.0,0.0,0.0,0.0,1.0,0.0,Urban,0.0,0.0,0.0,Null,Null,0
67671747,,577700,0.0,0.0,0.0,1.0,1.0,West,2016/2017,MAKARA ROAD,OPAU ROAD,,Serious Crash,No,2017,0.0,South,0.0,0,1.0,Flat,0.0,,0.0,,0.0,Dark,2116600,0,0.0,0.0,2.0,0.0,0.0,0.0,0.0,0.0,,0.0,0.0,Wellington Region,Nil,2-way,Sealed,0.0,0.0,1,0.0,50.0,0.0,None,0.0,0.0,,47,Wellington City,Unknown,0.0,0.0,0.0,0.0,0.0,0.0,Urban,0.0,0.0,0.0,Fine,Null,0
67671774,,576400,0.0,,0.0,2.0,,Null,2014/2015,RIDDIFORD ST,DONALD MCLEAN ST,,Non-Injury Crash,No,2015,,South,,0,,Flat,,,,,,Bright sun,2168600,0,0.0,0.0,2.0,,,0.0,,,,,,Wellington Region,Nil,2-way,Sealed,,0.0,0,,40.0,,Null,0.0,0.0,,47,Wellington City,Give way,,,,,0.0,0.0,Urban,0.0,,,Fine,Null,0
67671797,,575300,0.0,,0.0,1.0,,Null,2016/2017,UPLAND ROAD,GLASGOW ST,,Non-Injury Crash,No,2017,,North,,0,,Hill Road,,,,,,Overcast,2154300,0,0.0,0.0,1.0,,,0.0,,,,,,Wellington Region,Nil,1-way,Sealed,,0.0,0,,100.0,,Null,0.0,0.0,,47,Wellington City,Give way,,,,,0.0,0.0,Open,1.0,,,Fine,Null,0
67671801,,574500,0.0,,0.0,1.0,,North,2017/2018,SH 1N,AOTEA OFF SBD,,Minor Crash,Yes,2017,,South,,0,,Flat,,,,,,Overcast,2093400,1,0.0,0.0,3.0,,,0.0,,,,,,Wellington Region,Nil,1-way,Sealed,,0.0,0,,100.0,,Null,0.0,0.0,60.0,47,Wellington City,Unknown,,,,,0.0,0.0,Open,1.0,,,Fine,Null,0
67671803,,573400,0.0,,0.0,1.0,,Null,2017/2018,MAJORIBANKS ST,AUSTIN ST,,Serious Crash,No,2017,,East,,0,,Hill Road,,,,,,Dark,2139500,0,0.0,0.0,2.0,,,0.0,,,1.0,,,Wellington Region,Nil,2-way,Sealed,,0.0,1,,50.0,,On,0.0,0.0,,47,Wellington City,Nil,,,,,0.0,0.0,Urban,0.0,,,Fine,Null,0
67671808,,576903,0.0,,0.0,2.0,,South,2016/2017,SH 1N,GOA ST,,Minor Crash,Yes,2017,,North,,0,,Flat,,Easter,,,,Dark,2180601,1,0.0,0.0,2.0,,,0.0,,,,,,Wellington Region,Nil,2-way,Sealed,,0.0,0,,70.0,,On,0.0,0.0,,47,Wellington City,Unknown,,,,,0.0,0.0,Urban,0.0,,,Mist or Fog,Null,0
67671836,,573101,0.0,0.0,0.0,1.0,0.0,Null,2022/2023,CABLE STREET,TARANAKI STREET,,Non-Injury Crash,No,2023,0.0,East,0.0,0,0.0,Flat,0.0,,0.0,,0.0,Dark,2135200,0,0.0,0.0,3.0,0.0,0.0,0.0,0.0,0.0,,0.0,1.0,Wellington Region,Nil,1-way,Sealed,0.0,0.0,0,0.0,50.0,0.0,On,0.0,0.0,,47,Wellington City,Nil,0.0,0.0,0.0,0.0,0.0,0.0,Urban,1.0,0.0,0.0,Fine,Null,0
67671966,,573903,0.0,,0.0,2.0,,North,2015/2016,NEWLANDS ROAD,BLACK ROCK ROAD,,Non-Injury Crash,No,2015,,North,,0,,Flat,,,,,,Overcast,2074600,0,0.0,0.0,2.0,,,0.0,,,,,,Wellington Region,Nil,2-way,Sealed,,0.0,0,,50.0,,Null,0.0,0.0,,47,Wellington City,Unknown,,,,,0.0,0.0,Urban,0.0,,,Fine,Null,0
67672065,,574600,0.0,0.0,0.0,2.0,0.0,North,2017/2018,BLACKBRIDGE ROAD,CHURCHILL DRIVE,,Non-Injury Crash,No,2017,0.0,East,0.0,0,0.0,Hill Road,0.0,,0.0,,0.0,Bright sun,2103700,0,0.0,0.0,2.0,0.0,0.0,0.0,0.0,1.0,,0.0,0.0,Wellington Region,Nil,2-way,Sealed,0.0,0.0,0,0.0,50.0,0.0,Null,0.0,0.0,,47,Wellington City,Unknown,0.0,0.0,0.0,0.0,0.0,0.0,Urban,0.0,0.0,0.0,Fine,Null,0
67672081,,577500,0.0,,0.0,2.0,,Null,2016/2017,DUNDAS ST,INGLIS ST,,Non-Injury Crash,No,2017,,South,,0,,Flat,,,,,,Overcast,2210900,0,0.0,0.0,2.0,,,0.0,,,,,,Wellington Region,Nil,2-way,Sealed,,0.0,0,,50.0,,Null,0.0,0.0,,47,Wellington City,Stop,,,,,0.0,0.0,Urban,0.0,,,Fine,Null,0
67672260,,573400,0.0,,0.0,2.0,,South,2017/2018,SH 1N,SLIP ROAD,,Non-Injury Crash,Yes,2017,,South,,0,,Hill Road,,,,,,Bright sun,2142900,0,0.0,0.0,4.0,,,0.0,,,,,,Wellington Region,Nil,2-way,Sealed,,0.0,0,,50.0,,Null,0.0,0.0,,47,Wellington City,Traffic Signals,,,,,0.0,0.0,Urban,0.0,,,Fine,Null,0
67672405,,577200,0.0,,0.0,2.0,,Null,2014/2015,SH 1N,CALEDONIA ST,,Non-Injury Crash,Yes,2015,,South,,0,,Hill Road,,,,,,Overcast,2206500,0,0.0,0.0,1.0,,,0.0,,,,,,Wellington Region,Nil,2-way,Sealed,,0.0,0,,70.0,,Null,0.0,1.0,,47,Wellington City,Give way,,,,,0.0,0.0,Urban,0.0,,,Fine,Null,0