OBJECTID,advisorySpeed,areaUnitID,bicycle,bridge,bus,carStationWagon,cliffBank,crashDirectionDescription,crashFinancialYear,crashLocation1,crashLocation2,crashRoadSideRoad,crashSeverity,crashSHDescription,crashYear,debris,directionRoleDescription,ditch,fatalCount,fence,flatHill,guardRail,holiday,houseOrBuilding,intersection,kerb,light,meshblockId,minorInjuryCount,moped,motorcycle,NumberOfLanes,objectThrownOrDropped,otherObject,otherVehicleType,overBank,parkedVehicle,pedestrian,phoneBoxEtc,postOrPole,region,roadCharacter,roadLane,roadSurface,roadworks,schoolBus,seriousInjuryCount,slipOrFlood,speedLimit,strayAnimal,streetLight,suv,taxi,temporarySpeedLimit,tlaId,tlaName,trafficControl,trafficIsland,trafficSign,train,tree,truck,unknownVehicleType,urban,vanOrUtility,vehicle,waterRiver,weatherA,weatherB,if_pandemic
67672415,,575702,0.0,,0.0,2.0,,Null,2015/2016,MCCOLL ST,KRULL ST,,Non-Injury Crash,No,2016,,South,,0,,Hill Road,,,,,,Overcast,2199200,0,0.0,0.0,2.0,,,0.0,,,,,,Wellington Region,Nil,2-way,Sealed,,0.0,0,,50.0,,Null,0.0,0.0,,47,Wellington City,Nil,,,,,0.0,0.0,Urban,0.0,,,Fine,Strong wind,0
67672420,,577102,0.0,,0.0,2.0,,Null,2017/2018,BROADWAY,MONORGAN ROAD,,Non-Injury Crash,No,2017,,West,,0,,Flat,,,,,,Bright sun,2215500,0,0.0,0.0,2.0,,,0.0,,,,,,Wellington Region,Nil,2-way,Sealed,,0.0,0,,30.0,,Null,0.0,0.0,,47,Wellington City,Stop,,,,,0.0,0.0,Urban,0.0,,,Fine,Null,0
67672422,,575702,0.0,0.0,0.0,2.0,0.0,South,2016/2017,LIARDET ST,TRAVERS ST,,Non-Injury Crash,No,2017,0.0,North,0.0,0,0.0,Flat,0.0,,0.0,,0.0,Bright sun,2199400,0,0.0,0.0,2.0,0.0,0.0,0.0,0.0,1.0,,0.0,0.0,Wellington Region,Nil,2-way,Sealed,0.0,0.0,0,0.0,50.0,0.0,Off,0.0,0.0,,47,Wellington City,Unknown,0.0,0.0,0.0,0.0,0.0,0.0,Urban,0.0,0.0,0.0,Fine,Null,0
67672445,,573000,0.0,,0.0,1.0,,Null,2014/2015,BOULCOTT SLIP,THE TERRACE,,Non-Injury Crash,No,2015,,South,,0,,Hill Road,,,,,,Bright sun,2126501,0,1.0,0.0,2.0,,,0.0,,,,,,Wellington Region,Nil,1-way,Sealed,,0.0,0,,50.0,,Null,0.0,0.0,,47,Wellington City,Nil,,,,,0.0,0.0,Urban,0.0,,,Fine,Null,0
67672461,,576903,0.0,,0.0,2.0,,Null,2015/2016,SH 1N,KILBIRNIE CRESCENT,,Non-Injury Crash,Yes,2015,,East,,0,,Flat,,,,,,Bright sun,2180300,0,0.0,0.0,4.0,,,0.0,,,,,,Wellington Region,Nil,2-way,Sealed,,0.0,0,,50.0,,Off,0.0,0.0,,47,Wellington City,Traffic Signals,,,,,0.0,0.0,Urban,0.0,,,Fine,Null,0
67672504,,573000,0.0,,0.0,2.0,,South,2016/2017,SH 1N,AURORA TERRACE OBR,,Non-Injury Crash,Yes,2017,,South,,0,,Flat,,,,,,Overcast,2124900,0,0.0,0.0,2.0,,,0.0,,,,,,Wellington Region,Nil,1-way,Sealed,,0.0,0,,70.0,,Null,0.0,0.0,,47,Wellington City,Unknown,,,,,0.0,0.0,Urban,0.0,,,Fine,Null,0
67672546,,574002,0.0,,0.0,0.0,,West,2017/2018,SH 2,HUTT ON NBD,,Non-Injury Crash,Yes,2017,,East,,0,,Flat,,,,,,Overcast,2078302,0,0.0,0.0,2.0,,,0.0,,,,,,Wellington Region,Nil,1-way,Sealed,,0.0,0,,100.0,,Null,0.0,0.0,,47,Wellington City,Unknown,,,,,0.0,0.0,Open,2.0,,,Fine,Null,0
67672556,,577102,0.0,0.0,0.0,1.0,0.0,East,2017/2018,TUKANAE ST,TAIAROA ST,,Non-Injury Crash,No,2017,0.0,North,0.0,0,0.0,Hill Road,0.0,,0.0,,0.0,Dark,2214900,0,0.0,0.0,2.0,0.0,0.0,1.0,0.0,1.0,,0.0,0.0,Wellington Region,Nil,2-way,Sealed,0.0,0.0,0,0.0,50.0,0.0,On,0.0,0.0,,47,Wellington City,Unknown,0.0,0.0,0.0,0.0,0.0,0.0,Urban,0.0,0.0,0.0,Fine,Null,0
67672605,,572900,0.0,,0.0,2.0,,South,2014/2015,AOTEA QUAY,AOTEA ON NBD,,Minor Crash,No,2015,,South,,0,,Flat,,,,,,Dark,2118400,1,0.0,0.0,3.0,,,0.0,,,,,,Wellington Region,Nil,2-way,Sealed,,0.0,0,,70.0,,On,0.0,0.0,,47,Wellington City,Unknown,,,,,0.0,0.0,Urban,0.0,,,Fine,Null,0
67672614,,573000,0.0,0.0,1.0,0.0,0.0,South,2016/2017,LAMBTON QUAY,BRANDON ST,,Non-Injury Crash,No,2017,0.0,North,0.0,0,0.0,Flat,0.0,,0.0,,0.0,Overcast,2124400,0,0.0,0.0,1.0,0.0,1.0,0.0,0.0,0.0,,0.0,0.0,Wellington Region,Nil,1-way,Sealed,0.0,0.0,0,0.0,30.0,0.0,Null,0.0,0.0,,47,Wellington City,Traffic Signals,0.0,0.0,0.0,0.0,0.0,0.0,Urban,0.0,0.0,0.0,Null,Null,0
67672662,,573513,0.0,,0.0,1.0,,Null,2016/2017,MELKSHAM DRIVE,WESTCHESTER DRIVE,,Non-Injury Crash,No,2017,,North,,0,,Hill Road,,,,,,Overcast,2086608,0,0.0,0.0,2.0,,,0.0,,,,,,Wellington Region,Nil,2-way,Sealed,,0.0,0,,50.0,,Off,0.0,0.0,,47,Wellington City,Give way,,,,,0.0,0.0,Urban,0.0,,,Fine,Null,0
67672746,,573514,0.0,,0.0,1.0,,South,2023/2024,JOHNSONVILLE PORIRUA MOTORWAY,CHURTON PARK-GLENSIDE OFF RAMP,,Non-Injury Crash,Yes,2023,,North,,0,,Flat,,,,,,Overcast,2086204,0,0.0,0.0,2.0,,,0.0,,,,,,Wellington Region,Nil,1-way,Sealed,,0.0,0,,100.0,,Off,1.0,0.0,,47,Wellington City,Nil,,,,,0.0,0.0,Open,0.0,,,Light rain,Strong wind,0
67672782,,574401,0.0,0.0,0.0,2.0,0.0,South,2016/2017,HEKE ST,HUNTLEIGH PARK WAY,,Non-Injury Crash,No,2016,0.0,South,0.0,0,0.0,Flat,0.0,,0.0,,0.0,Dark,2095204,0,0.0,0.0,2.0,0.0,0.0,0.0,0.0,1.0,,0.0,0.0,Wellington Region,Nil,2-way,Sealed,0.0,0.0,0,0.0,50.0,0.0,On,0.0,0.0,,47,Wellington City,Unknown,0.0,0.0,0.0,0.0,0.0,0.0,Urban,0.0,0.0,0.0,Fine,Null,0
67672798,,575300,0.0,0.0,0.0,0.0,0.0,South,2016/2017,UPLAND ROAD,KOWHAI ROAD,,Non-Injury Crash,No,2016,0.0,North,0.0,0,0.0,Flat,0.0,,0.0,,0.0,Bright sun,2152900,0,0.0,0.0,2.0,0.0,0.0,0.0,0.0,1.0,,0.0,0.0,Wellington Region,Nil,2-way,Sealed,0.0,0.0,0,0.0,30.0,0.0,Null,0.0,0.0,,47,Wellington City,Unknown,0.0,0.0,0.0,0.0,1.0,0.0,Urban,1.0,0.0,0.0,Fine,Null,0
67672809,45.0,574303,0.0,0.0,0.0,1.0,0.0,West,2023/2024,NEWLANDS OFF RAMP,NEWLANDS OBR NBD,,Non-Injury Crash,No,2023,0.0,North,0.0,0,0.0,Hill Road,1.0,,0.0,,0.0,Overcast,2084302,0,0.0,0.0,1.0,0.0,0.0,0.0,0.0,0.0,,0.0,0.0,Wellington Region,Motorway ramp,1-way,Sealed,0.0,0.0,0,0.0,100.0,0.0,Off,0.0,0.0,,47,Wellington City,Nil,0.0,0.0,0.0,0.0,0.0,0.0,Open,0.0,0.0,0.0,Light rain,Null,0
67672828,,575600,0.0,0.0,0.0,2.0,0.0,North,2016/2017,OHIRO ROAD,REUBEN AVENUE,,Minor Crash,No,2017,0.0,North,0.0,0,0.0,Flat,0.0,,0.0,,0.0,Overcast,2161700,1,0.0,0.0,2.0,0.0,0.0,0.0,0.0,1.0,,0.0,0.0,Wellington Region,Nil,2-way,Sealed,0.0,0.0,0,0.0,50.0,0.0,Null,0.0,0.0,,47,Wellington City,Unknown,0.0,0.0,0.0,0.0,0.0,0.0,Urban,0.0,0.0,0.0,Heavy rain,Null,0
67672829,,577302,0.0,0.0,0.0,2.0,0.0,West,2016/2017,TAHI ST,MACALISTER PLACE,,Non-Injury Crash,No,2016,0.0,East,0.0,0,0.0,Flat,0.0,,0.0,,0.0,Bright sun,2206004,0,0.0,0.0,2.0,0.0,0.0,0.0,0.0,1.0,,0.0,0.0,Wellington Region,Nil,2-way,Sealed,0.0,0.0,0,0.0,50.0,0.0,Null,0.0,0.0,,47,Wellington City,Unknown,0.0,0.0,0.0,0.0,0.0,0.0,Urban,0.0,0.0,0.0,Fine,Null,0
67672846,,574304,0.0,,0.0,1.0,,West,2016/2017,RANUI CRESCENT,MATHIESON AVENUE,,Non-Injury Crash,No,2017,,West,,0,,Flat,,,,,,Bright sun,2089600,0,0.0,0.0,2.0,,,0.0,,,,,,Wellington Region,Nil,2-way,Sealed,,0.0,0,,50.0,,Null,0.0,0.0,,47,Wellington City,Unknown,,,,,1.0,0.0,Urban,0.0,,,Fine,Null,0
67672852,,576200,0.0,0.0,0.0,1.0,0.0,South,2016/2017,RINTOUL ST,BLYTHE ST,,Non-Injury Crash,No,2017,0.0,South,0.0,0,0.0,Flat,0.0,,0.0,,0.0,Overcast,2172200,0,0.0,0.0,2.0,0.0,0.0,0.0,0.0,1.0,,0.0,0.0,Wellington Region,Nil,2-way,Sealed,0.0,0.0,0,0.0,50.0,0.0,Null,0.0,0.0,,47,Wellington City,Unknown,0.0,0.0,0.0,0.0,0.0,0.0,Urban,1.0,0.0,0.0,Fine,Null,0
67672873,,573522,0.0,,0.0,1.0,,Null,2022/2023,TAKAPU ROAD,JAMAICA DRIVE,,Non-Injury Crash,No,2022,,North,,0,,Flat,,,,,,Overcast,2086103,0,0.0,0.0,2.0,,,0.0,,,,,,Wellington Region,Nil,2-way,Sealed,,0.0,0,,70.0,,Off,0.0,0.0,,47,Wellington City,Nil,,,,,1.0,0.0,Urban,0.0,,,Fine,Null,0
67672965,,573101,0.0,,0.0,1.0,,Null,2017/2018,TARANAKI ST,JESSIE ST,,Minor Crash,No,2017,,South,,0,,Flat,,,,,,Bright sun,2133700,1,0.0,1.0,5.0,,,0.0,,,,,,Wellington Region,Nil,2-way,Sealed,,0.0,0,,50.0,,Null,0.0,0.0,,47,Wellington City,Give way,,,,,0.0,0.0,Urban,0.0,,,Fine,Null,0
67673006,,576400,0.0,0.0,0.0,2.0,0.0,West,2017/2018,CONSTABLE ST,DANIELL ST,,Non-Injury Crash,No,2017,0.0,West,0.0,0,0.0,Hill Road,0.0,,0.0,,0.0,Overcast,2168400,0,0.0,0.0,2.0,0.0,0.0,0.0,0.0,1.0,,0.0,0.0,Wellington Region,Nil,2-way,Sealed,0.0,0.0,0,0.0,50.0,0.0,Null,0.0,0.0,,47,Wellington City,Unknown,0.0,0.0,0.0,0.0,0.0,0.0,Urban,0.0,0.0,0.0,Fine,Null,0
67673037,,572900,0.0,,0.0,2.0,,East,2016/2017,AITKEN ST,MOLESWORTH ST,,Non-Injury Crash,No,2016,,East,,0,,Flat,,,,,,Bright sun,2121400,0,0.0,0.0,2.0,,,0.0,,,,,,Wellington Region,Nil,2-way,Sealed,,0.0,0,,50.0,,Null,0.0,0.0,,47,Wellington City,Unknown,,,,,0.0,0.0,Urban,0.0,,,Fine,Null,0
67673110,,573000,0.0,,0.0,2.0,,West,2017/2018,SALAMANCA ROAD,MOUNT ST,,Minor Crash,No,2017,,West,,0,,Hill Road,,,,,,Dark,2126900,1,0.0,0.0,2.0,,,0.0,,,,,,Wellington Region,Nil,2-way,Sealed,,0.0,0,,50.0,,On,0.0,0.0,,47,Wellington City,Unknown,,,,,0.0,0.0,Urban,0.0,,,Fine,Null,0
67673152,,574500,0.0,0.0,0.0,2.0,0.0,North,2018/2019,SH 1N,AOTEA OFF SBD,,Serious Crash,Yes,2018,0.0,West,0.0,0,0.0,Flat,1.0,,0.0,,0.0,Dark,2093600,1,0.0,0.0,3.0,0.0,0.0,0.0,0.0,0.0,,0.0,0.0,Wellington Region,Nil,1-way,Sealed,0.0,0.0,1,0.0,100.0,0.0,On,0.0,0.0,,47,Wellington City,Unknown,0.0,0.0,0.0,0.0,0.0,0.0,Open,0.0,0.0,0.0,Light rain,Strong wind,0
67673153,,576700,0.0,,0.0,1.0,,North,2023/2024,EVANS BAY PARADE,MAIDA VALE ROAD,,Non-Injury Crash,No,2023,,East,,0,,Flat,,,,,,Overcast,2186900,0,0.0,0.0,1.0,,,0.0,,,,,,Wellington Region,Nil,1-way,Sealed,,0.0,0,,50.0,,Off,0.0,0.0,30.0,47,Wellington City,Nil,,,,,1.0,0.0,Urban,0.0,,,Fine,Null,0
67673179,,577700,0.0,,0.0,1.0,,South,2015/2016,MAKARA ROAD,SOUTH MAKARA ROAD,,Non-Injury Crash,No,2015,,South,,0,,Flat,,,,,,Overcast,2116500,0,0.0,0.0,2.0,,,0.0,,,,,,Wellington Region,Nil,2-way,Sealed,,0.0,0,,70.0,,Null,0.0,0.0,,47,Wellington City,Nil,,,,,0.0,0.0,Urban,0.0,,,Light rain,Null,0
67673280,,577302,0.0,,0.0,1.0,,Null,2023/2024,REX STREET,PARK ROAD,,Minor Crash,No,2024,,East,,0,,Flat,,,,,,Bright sun,2205500,2,0.0,1.0,2.0,,,0.0,,,,,,Wellington Region,Nil,2-way,Sealed,,0.0,0,,50.0,,Off,0.0,0.0,,47,Wellington City,Give way,,,,,0.0,0.0,Urban,0.0,,,Fine,Null,0
67673304,,572600,0.0,0.0,0.0,1.0,0.0,Null,2023/2024,VICTORY CRESCENT,TURKINGTON STREET,,Non-Injury Crash,No,2023,0.0,South,0.0,0,1.0,Hill Road,0.0,Christmas New Year,0.0,,1.0,Overcast,1990800,0,0.0,0.0,2.0,0.0,0.0,0.0,0.0,0.0,,0.0,0.0,Wellington Region,Nil,2-way,Sealed,0.0,0.0,0,0.0,50.0,0.0,Off,0.0,0.0,,47,Wellington City,Give way,0.0,0.0,0.0,0.0,0.0,0.0,Urban,0.0,0.0,0.0,Fine,Null,0
67673338,,573700,0.0,0.0,0.0,3.0,0.0,North,2015/2016,JOHNSONVILLE ROAD,FRASER AVENUE,,Minor Crash,No,2015,0.0,North,0.0,0,0.0,Flat,0.0,,0.0,,0.0,Dark,2083100,1,0.0,0.0,3.0,0.0,0.0,0.0,0.0,1.0,,0.0,0.0,Wellington Region,Nil,2-way,Sealed,0.0,0.0,0,0.0,50.0,0.0,On,0.0,0.0,,47,Wellington City,Unknown,0.0,0.0,0.0,0.0,0.0,0.0,Urban,0.0,0.0,0.0,Light rain,Null,0
67673350,,576500,0.0,,0.0,1.0,,Null,2017/2018,SH 1N,ADELAIDE ROAD,,Non-Injury Crash,Yes,2017,,West,,0,,Flat,,,,,,Dark,2147900,0,0.0,0.0,3.0,,,0.0,,,,,,Wellington Region,Nil,1-way,Sealed,,0.0,0,,50.0,,On,0.0,0.0,,47,Wellington City,Traffic Signals,,,,,0.0,0.0,Urban,1.0,,,Fine,Null,0
67673359,,573101,0.0,,0.0,1.0,,East,2022/2023,ARTHUR STREET,CUBA STREET,,Non-Injury Crash,Yes,2023,,West,,0,,Flat,,,,,,Overcast,2134600,0,0.0,0.0,3.0,,,0.0,,,,,,Wellington Region,Nil,1-way,Sealed,,0.0,0,,50.0,,Off,1.0,0.0,,47,Wellington City,Nil,,,,,0.0,0.0,Urban,0.0,,,Heavy rain,Null,0
67673368,,573903,0.0,0.0,0.0,2.0,0.0,West,2017/2018,NEWLANDS ROAD,WAKELY ROAD,,Minor Crash,No,2017,0.0,East,0.0,0,0.0,Hill Road,0.0,,0.0,,0.0,Bright sun,2075103,1,0.0,0.0,2.0,0.0,0.0,0.0,0.0,1.0,,0.0,0.0,Wellington Region,Nil,2-way,Sealed,0.0,0.0,0,0.0,50.0,0.0,Null,0.0,0.0,,47,Wellington City,Unknown,0.0,0.0,0.0,0.0,0.0,0.0,Urban,0.0,0.0,0.0,Fine,Null,0
67673392,,573000,0.0,,0.0,1.0,,Null,2016/2017,VICTORIA ST,HUNTER ST,,Non-Injury Crash,No,2017,,East,,0,,Flat,,Christmas New Year,,,,Overcast,2125900,0,0.0,0.0,2.0,,,0.0,,,,,,Wellington Region,Nil,1-way,Sealed,,0.0,0,,50.0,,Null,1.0,0.0,,47,Wellington City,Nil,,,,,0.0,0.0,Urban,0.0,,,Light rain,Null,0
67673405,,573000,0.0,0.0,0.0,0.0,0.0,North,2014/2015,01N-1068-D,NORTH PORTAL NBD,,Fatal Crash,Yes,2015,0.0,North,0.0,2,0.0,Flat,1.0,,0.0,,0.0,Bright sun,2124801,0,0.0,1.0,2.0,0.0,0.0,0.0,0.0,0.0,,0.0,1.0,Wellington Region,Nil,2-way,Sealed,0.0,0.0,0,0.0,100.0,0.0,Null,0.0,0.0,,47,Wellington City,Nil,0.0,0.0,0.0,0.0,0.0,0.0,Open,0.0,0.0,0.0,Fine,Null,0
67673418,,574701,0.0,,0.0,1.0,,Null,2017/2018,CHURCHILL DRIVE,SILVERSTREAM ROAD,,Non-Injury Crash,No,2017,,West,,0,,Hill Road,,,,,,Overcast,2105001,0,0.0,0.0,2.0,,,0.0,,,,,,Wellington Region,Nil,1-way,Sealed,,0.0,0,,50.0,,Null,0.0,0.0,,47,Wellington City,Give way,,,,,0.0,0.0,Urban,1.0,,,Null,Null,0
67673430,,574600,0.0,,0.0,1.0,,North,2017/2018,LENNEL ROAD,BARNARD ST,,Non-Injury Crash,No,2017,,North,,0,,Hill Road,,,,,,Overcast,2099300,0,0.0,0.0,2.0,,,0.0,,,,,,Wellington Region,Nil,2-way,Sealed,,0.0,0,,50.0,,Null,0.0,0.0,,47,Wellington City,Unknown,,,,,0.0,0.0,Urban,0.0,,,Fine,Null,0
67673452,,575600,0.0,,0.0,1.0,,Null,2017/2018,MITCHELL ST,KAREPA ST,,Non-Injury Crash,No,2017,,North,,0,,Flat,,,,,,Overcast,2161100,0,0.0,0.0,1.0,,,0.0,,,,,,Wellington Region,Nil,2-way,Sealed,,0.0,0,,50.0,,Null,0.0,0.0,,47,Wellington City,Nil,,,,,0.0,0.0,Urban,1.0,,,Light rain,Null,0
67673522,,577200,0.0,,0.0,2.0,,Null,2017/2018,COBHAM DRIVE,SHELLY BAY ROAD,,Non-Injury Crash,No,2017,,East,,0,,Flat,,,,,,Bright sun,2206200,0,0.0,0.0,2.0,,,0.0,,,,,,Wellington Region,Nil,2-way,Sealed,,0.0,0,,50.0,,Null,0.0,0.0,,47,Wellington City,Give way,,,,,0.0,0.0,Urban,0.0,,,Fine,Null,0
67673535,,573101,0.0,0.0,0.0,2.0,0.0,South,2023/2024,COURTENAY PLACE,TARANAKI STREET,,Non-Injury Crash,No,2023,0.0,North,0.0,0,0.0,Flat,0.0,,0.0,,0.0,Overcast,2135600,0,0.0,0.0,1.0,0.0,0.0,0.0,0.0,1.0,,0.0,0.0,Wellington Region,Nil,1-way,Sealed,0.0,0.0,0,0.0,30.0,0.0,None,0.0,0.0,,47,Wellington City,Nil,0.0,0.0,0.0,0.0,0.0,0.0,Urban,0.0,0.0,0.0,Fine,Null,0
67673539,,576301,0.0,,0.0,1.0,,West,2015/2016,COLOMBO ST,RINTOUL ST,,Minor Crash,No,2016,,West,,0,,Hill Road,,,,,,Bright sun,2164901,1,0.0,1.0,2.0,,,0.0,,,,,,Wellington Region,Nil,2-way,Sealed,,0.0,0,,50.0,,Null,0.0,0.0,,47,Wellington City,Unknown,,,,,0.0,0.0,Urban,0.0,,,Fine,Null,0
67673578,,572900,0.0,0.0,0.0,1.0,0.0,North,2017/2018,TINAKORI ROAD,BOWEN ST,,Non-Injury Crash,No,2017,0.0,North,0.0,0,0.0,Hill Road,0.0,,0.0,,0.0,Bright sun,2121800,0,0.0,0.0,2.0,0.0,0.0,0.0,0.0,1.0,,0.0,0.0,Wellington Region,Nil,2-way,Sealed,0.0,0.0,0,0.0,50.0,0.0,Null,0.0,0.0,,47,Wellington City,Unknown,0.0,0.0,0.0,0.0,1.0,0.0,Urban,0.0,0.0,0.0,Null,Null,0
67673626,,577700,0.0,0.0,0.0,0.0,0.0,East,2016/2017,OHARIU VALLEY ROAD,RIFLE RANGE ROAD,,Non-Injury Crash,No,2017,0.0,North,0.0,0,1.0,Flat,0.0,,0.0,,0.0,Overcast,2117003,0,0.0,0.0,2.0,0.0,0.0,0.0,0.0,0.0,,0.0,0.0,Wellington Region,Nil,2-way,Sealed,0.0,0.0,0,0.0,50.0,0.0,Null,0.0,0.0,,47,Wellington City,Unknown,0.0,0.0,0.0,1.0,1.0,0.0,Urban,0.0,0.0,0.0,Fine,Null,0
67673649,,574100,0.0,0.0,0.0,2.0,0.0,East,2015/2016,FRASER AVENUE,POLLEN ST,,Non-Injury Crash,No,2015,0.0,North,0.0,0,0.0,Hill Road,0.0,,0.0,,0.0,Overcast,2084600,0,0.0,0.0,2.0,0.0,0.0,0.0,0.0,1.0,,0.0,0.0,Wellington Region,Nil,2-way,Sealed,0.0,0.0,0,0.0,50.0,0.0,Null,0.0,0.0,,47,Wellington City,Nil,0.0,0.0,0.0,0.0,0.0,0.0,Urban,0.0,0.0,0.0,Light rain,Null,0
67673740,,573600,0.0,,0.0,1.0,,North,2016/2017,MIDDLETON ROAD,HELSTON ROAD,,Non-Injury Crash,No,2017,,North,,0,,Hill Road,,,,,,Bright sun,2080900,0,0.0,0.0,2.0,,,0.0,,,,,,Wellington Region,Nil,2-way,Sealed,,0.0,0,,50.0,,Null,1.0,0.0,,47,Wellington City,Nil,,,,,0.0,0.0,Urban,0.0,,,Fine,Null,0
67673757,,576500,0.0,,0.0,2.0,,Null,2021/2022,ADELAIDE ROAD,RUGBY STREET,,Non-Injury Crash,No,2021,,North,,0,,Flat,,,,,,Overcast,2147900,0,0.0,0.0,2.0,,,0.0,,,,,,Wellington Region,Nil,1-way,Sealed,,0.0,0,,50.0,,Null,0.0,0.0,,47,Wellington City,Traffic Signals,,,,,0.0,0.0,Urban,0.0,,,Fine,Null,1
67673801,,573300,0.0,0.0,0.0,2.0,0.0,West,2015/2016,BIDWILL ST,WALLACE ST,,Non-Injury Crash,No,2016,0.0,East,0.0,0,0.0,Hill Road,0.0,Christmas New Year,0.0,,0.0,Overcast,2145004,0,0.0,0.0,2.0,0.0,0.0,0.0,0.0,1.0,,0.0,0.0,Wellington Region,Nil,2-way,Sealed,0.0,0.0,0,0.0,50.0,0.0,Null,0.0,0.0,,47,Wellington City,Unknown,0.0,0.0,0.0,0.0,0.0,0.0,Urban,0.0,0.0,0.0,Fine,Null,0
67673863,35.0,573000,0.0,0.0,0.0,1.0,0.0,South,2017/2018,SH 1N,SOUTH PORTAL,,Non-Injury Crash,Yes,2017,0.0,South,0.0,0,0.0,Hill Road,1.0,Christmas New Year,0.0,,0.0,Bright sun,2129700,0,0.0,0.0,2.0,0.0,0.0,0.0,0.0,0.0,,0.0,0.0,Wellington Region,Nil,1-way,Sealed,0.0,0.0,0,0.0,50.0,0.0,Null,0.0,0.0,,47,Wellington City,Unknown,0.0,0.0,0.0,0.0,0.0,0.0,Urban,0.0,0.0,0.0,Fine,Strong wind,0
67673867,,573000,0.0,,0.0,2.0,,North,2018/2019,SH 1N,NORTH PORTAL SBD,,Minor Crash,Yes,2018,,South,,0,,Flat,,,,,,Overcast,2126700,1,0.0,0.0,1.0,,,0.0,,,,,,Wellington Region,Nil,1-way,Sealed,,0.0,0,,80.0,,Null,0.0,0.0,60.0,47,Wellington City,Unknown,,,,,0.0,0.0,Open,0.0,,,Fine,Null,0
67673875,,572900,0.0,0.0,0.0,0.0,0.0,North,2017/2018,TINAKORI ROAD,HARRIETT ST,,Non-Injury Crash,No,2017,0.0,South,0.0,0,1.0,Flat,0.0,,0.0,,0.0,Bright sun,2123000,0,0.0,0.0,2.0,0.0,0.0,0.0,0.0,0.0,,0.0,0.0,Wellington Region,Nil,2-way,Sealed,0.0,0.0,0,0.0,50.0,0.0,Null,1.0,0.0,,47,Wellington City,Unknown,0.0,0.0,0.0,0.0,0.0,0.0,Urban,0.0,0.0,0.0,Fine,Null,0
67673883,,573101,0.0,,0.0,1.0,,Null,2017/2018,TARANAKI ST,INGLEWOOD PLACE,,Minor Crash,No,2018,,South,,0,,Flat,,,,,,Bright sun,2135800,1,0.0,0.0,4.0,,,0.0,,,1.0,,,Wellington Region,Nil,2-way,Sealed,,0.0,0,,30.0,,Null,0.0,0.0,,47,Wellington City,Nil,,,,,0.0,0.0,Urban,0.0,,,Fine,Null,0
67673884,,573200,0.0,,0.0,1.0,,East,2023/2024,ARO STREET,ST JOHN STREET,,Non-Injury Crash,No,2023,,East,,0,,Flat,,,,,,Bright sun,2159000,0,0.0,0.0,2.0,,,0.0,,,,,,Wellington Region,Nil,2-way,Sealed,,0.0,0,,50.0,,Null,0.0,0.0,,47,Wellington City,Nil,,,,,0.0,0.0,Urban,1.0,,,Fine,Null,0
67673900,,573000,0.0,,0.0,2.0,,Null,2022/2023,JERVOIS QUAY,HARRIS STREET,,Non-Injury Crash,No,2023,,South,,0,,Flat,,,,,,Dark,2124300,0,0.0,0.0,6.0,,,0.0,,,,,,Wellington Region,Nil,2-way,Sealed,,0.0,0,,50.0,,On,0.0,0.0,,47,Wellington City,Traffic Signals,,,,,0.0,0.0,Urban,0.0,,,Fine,Null,0
67673976,,573000,0.0,,0.0,2.0,,North,2014/2015,VICTORIA ST,WILLESTON ST,,Non-Injury Crash,No,2015,,South,,0,,Flat,,,,,,Overcast,2126000,0,0.0,0.0,2.0,,,0.0,,,,,,Wellington Region,Nil,1-way,Sealed,,0.0,0,,50.0,,Off,0.0,0.0,,47,Wellington City,Traffic Signals,,,,,0.0,0.0,Urban,0.0,,,Light rain,Null,0
67673981,,572900,0.0,0.0,0.0,0.0,0.0,North,2017/2018,TINAKORI ROAD,HOBSON ST,,Non-Injury Crash,No,2017,0.0,North,0.0,0,0.0,Flat,0.0,,0.0,,0.0,Overcast,2117800,0,0.0,0.0,2.0,0.0,0.0,0.0,0.0,1.0,,0.0,0.0,Wellington Region,Nil,2-way,Sealed,0.0,0.0,0,0.0,50.0,0.0,Null,0.0,0.0,,47,Wellington City,Unknown,0.0,0.0,0.0,0.0,1.0,0.0,Urban,1.0,0.0,0.0,Null,Null,0
67674020,,573526,0.0,,0.0,2.0,,South,2023/2024,HUTT ROAD,WEIGH PIT,,Minor Crash,Yes,2023,,South,,0,,Flat,,,,,,Overcast,2077503,1,0.0,0.0,2.0,,,0.0,,,,,,Wellington Region,Nil,1-way,Sealed,,0.0,0,,100.0,,Off,0.0,0.0,,47,Wellington City,Nil,,,,,0.0,0.0,Open,0.0,,,Fine,Null,0
67674038,,577500,0.0,0.0,0.0,0.0,0.0,South,2014/2015,SEATOUN TUNNEL,LUDLAM ST,,Non-Injury Crash,No,2015,0.0,South,0.0,0,0.0,Flat,0.0,,0.0,,0.0,Bright sun,2211000,0,0.0,0.0,2.0,0.0,1.0,0.0,0.0,0.0,,0.0,0.0,Wellington Region,Nil,2-way,Sealed,0.0,0.0,0,0.0,50.0,0.0,Null,0.0,0.0,,47,Wellington City,Unknown,0.0,0.0,0.0,0.0,1.0,0.0,Urban,0.0,0.0,0.0,Fine,Null,0
67674055,,575300,0.0,0.0,0.0,2.0,0.0,East,2016/2017,UPLAND ROAD,BOUNDARY ROAD,,Non-Injury Crash,No,2017,0.0,West,0.0,0,0.0,Hill Road,0.0,,0.0,,0.0,Overcast,2152900,0,0.0,0.0,2.0,0.0,0.0,0.0,0.0,1.0,,0.0,0.0,Wellington Region,Nil,2-way,Sealed,0.0,0.0,0,0.0,50.0,0.0,Null,0.0,0.0,,47,Wellington City,Unknown,0.0,0.0,0.0,0.0,0.0,0.0,Urban,0.0,0.0,0.0,Null,Null,0