OBJECTID,advisorySpeed,areaUnitID,bicycle,bridge,bus,carStationWagon,cliffBank,crashDirectionDescription,crashFinancialYear,crashLocation1,crashLocation2,crashRoadSideRoad,crashSeverity,crashSHDescription,crashYear,debris,directionRoleDescription,ditch,fatalCount,fence,flatHill,guardRail,holiday,houseOrBuilding,intersection,kerb,light,meshblockId,minorInjuryCount,moped,motorcycle,NumberOfLanes,objectThrownOrDropped,otherObject,otherVehicleType,overBank,parkedVehicle,pedestrian,phoneBoxEtc,postOrPole,region,roadCharacter,roadLane,roadSurface,roadworks,schoolBus,seriousInjuryCount,slipOrFlood,speedLimit,strayAnimal,streetLight,suv,taxi,temporarySpeedLimit,tlaId,tlaName,trafficControl,trafficIsland,trafficSign,train,tree,truck,unknownVehicleType,urban,vanOrUtility,vehicle,waterRiver,weatherA,weatherB,if_pandemic
67674077,,573000,0.0,,0.0,1.0,,North,2016/2017,LAMBTON QUAY,PANAMA ST,,Non-Injury Crash,No,2017,,North,,0,,Flat,,,,,,Overcast,2124400,0,0.0,0.0,2.0,,,0.0,,,,,,Wellington Region,Nil,2-way,Sealed,,0.0,0,,30.0,,Off,0.0,0.0,,47,Wellington City,Unknown,,,,,1.0,0.0,Urban,0.0,,,Fine,Null,0
67674094,,572900,0.0,,0.0,2.0,,Null,2015/2016,BUNNY ST,ACCESS ROAD,,Non-Injury Crash,No,2015,,East,,0,,Flat,,,,,,Overcast,2122700,0,0.0,0.0,1.0,,,0.0,,,,,,Wellington Region,Nil,1-way,Sealed,,0.0,0,,50.0,,Null,0.0,1.0,,47,Wellington City,Nil,,,,,0.0,0.0,Urban,0.0,,,Fine,Null,0
67674118,,573514,0.0,,0.0,2.0,,Null,2014/2015,HAWTREY TERRACE,CHORLEY GROVE,,Non-Injury Crash,No,2015,,East,,0,,Hill Road,,,,,,Unknown,2087001,0,0.0,0.0,2.0,,,0.0,,,,,,Wellington Region,Nil,2-way,Sealed,,0.0,0,,50.0,,Off,0.0,0.0,,47,Wellington City,Nil,,,,,0.0,0.0,Urban,0.0,,,Heavy rain,Null,0
67674119,,573700,0.0,,0.0,2.0,,Null,2016/2017,MOOREFIELD ROAD,JOHNSONVILLE ON NBD,,Non-Injury Crash,No,2017,,South,,0,,Flat,,,,,,Overcast,2082800,0,0.0,0.0,2.0,,,0.0,,,,,,Wellington Region,Motorway ramp,2-way,Sealed,,0.0,0,,50.0,,Null,0.0,0.0,,47,Wellington City,Give way,,,,,0.0,0.0,Urban,0.0,,,Fine,Null,0
67674121,,572900,0.0,0.0,0.0,3.0,0.0,North,2017/2018,TINAKORI ROAD,HILL ST,,Non-Injury Crash,No,2017,0.0,South,0.0,0,0.0,Flat,0.0,,0.0,,0.0,Twilight,2123100,0,0.0,0.0,2.0,0.0,0.0,0.0,0.0,1.0,,0.0,0.0,Wellington Region,Nil,2-way,Sealed,0.0,0.0,0,0.0,50.0,0.0,On,0.0,0.0,,47,Wellington City,Unknown,0.0,0.0,0.0,0.0,0.0,0.0,Urban,0.0,0.0,0.0,Fine,Null,0
67674123,,576901,0.0,,0.0,2.0,,South,2017/2018,EVANS BAY PARADE,COBHAM DRIVE,,Non-Injury Crash,No,2017,,South,,0,,Flat,,,,,,Bright sun,2177800,0,0.0,0.0,2.0,,,0.0,,,,,,Wellington Region,Nil,2-way,Sealed,,0.0,0,,50.0,,Off,0.0,0.0,,47,Wellington City,Unknown,,,,,0.0,0.0,Urban,0.0,,,Fine,Null,0
67674125,,572900,0.0,,0.0,2.0,,Null,2016/2017,BUNNY ST,ACCESS ROAD,,Non-Injury Crash,No,2017,,East,,0,,Flat,,,,,,Overcast,2122700,0,0.0,0.0,1.0,,,0.0,,,,,,Wellington Region,Nil,1-way,Sealed,,0.0,0,,50.0,,Null,0.0,0.0,,47,Wellington City,Traffic Signals,,,,,0.0,0.0,Urban,0.0,,,Light rain,Strong wind,0
67674153,,574001,0.0,,0.0,1.0,,West,2017/2018,HOROKIWI ROAD WEST,BLOOMSBURY GROVE,,Non-Injury Crash,No,2017,,East,,0,,Hill Road,,,,,,Dark,2075500,0,0.0,0.0,2.0,,,0.0,,,,,,Wellington Region,Nil,2-way,Sealed,,0.0,0,,50.0,,On,0.0,0.0,,47,Wellington City,Nil,,,,,0.0,0.0,Urban,1.0,,,Light rain,Null,0
67674183,,575600,0.0,0.0,0.0,1.0,0.0,West,2016/2017,MITCHELL ST,TODMAN ST,,Non-Injury Crash,No,2017,0.0,North,0.0,0,0.0,Flat,0.0,,0.0,,0.0,Dark,2161501,0,0.0,0.0,2.0,0.0,0.0,0.0,0.0,1.0,,0.0,0.0,Wellington Region,Nil,2-way,Sealed,0.0,0.0,0,0.0,50.0,0.0,On,0.0,0.0,,47,Wellington City,Unknown,0.0,0.0,0.0,0.0,0.0,0.0,Urban,1.0,0.0,0.0,Null,Null,0
67674249,,573101,0.0,0.0,1.0,0.0,0.0,West,2017/2018,COURTENAY PLACE,TORY ST,,Non-Injury Crash,No,2017,0.0,West,0.0,0,0.0,Flat,0.0,,0.0,,0.0,Overcast,2135900,0,0.0,0.0,1.0,0.0,0.0,0.0,0.0,1.0,,0.0,0.0,Wellington Region,Nil,1-way,Sealed,0.0,0.0,0,0.0,30.0,0.0,Null,0.0,0.0,,47,Wellington City,Unknown,0.0,0.0,0.0,0.0,1.0,0.0,Urban,0.0,0.0,0.0,Light rain,Null,0
67674309,,574002,0.0,,0.0,2.0,,South,2017/2018,SH 1N,NEWLANDS ON SBD,,Non-Injury Crash,Yes,2017,,South,,0,,Hill Road,,,,,,Overcast,2078304,0,0.0,0.0,3.0,,,0.0,,,,,,Wellington Region,Nil,1-way,Sealed,,0.0,0,,60.0,,Off,0.0,0.0,,47,Wellington City,Unknown,,,,,0.0,0.0,Urban,0.0,,,Heavy rain,Strong wind,0
67674374,,576800,0.0,,0.0,2.0,,Null,2015/2016,SH 1N,TAURIMA ST,,Non-Injury Crash,Yes,2016,,East,,0,,Hill Road,,,,,,Overcast,2181900,0,0.0,0.0,2.0,,,0.0,,,,,,Wellington Region,Nil,2-way,Sealed,,0.0,0,,50.0,,Off,0.0,0.0,,47,Wellington City,Give way,,,,,0.0,0.0,Urban,0.0,,,Light rain,Null,0
67674394,,575600,0.0,0.0,0.0,1.0,0.0,South,2022/2023,OHIRO ROAD,MCKINLEY CRESCENT,,Non-Injury Crash,No,2022,0.0,South,0.0,0,0.0,Hill Road,0.0,,0.0,,0.0,Dark,2162400,0,0.0,0.0,2.0,0.0,1.0,0.0,0.0,0.0,,0.0,0.0,Wellington Region,Nil,2-way,Sealed,0.0,0.0,0,0.0,50.0,0.0,On,0.0,0.0,,47,Wellington City,Nil,0.0,0.0,0.0,0.0,0.0,0.0,Urban,0.0,0.0,0.0,Light rain,Null,0
67674396,,573400,1.0,,0.0,1.0,,East,2014/2015,ORIENTAL PARADE,HERD ST,,Non-Injury Crash,No,2015,,West,,0,,Flat,,,,,,Overcast,2138400,0,0.0,0.0,2.0,,,0.0,,,,,,Wellington Region,Nil,2-way,Sealed,,0.0,0,,50.0,,Null,0.0,0.0,,47,Wellington City,Nil,,,,,0.0,0.0,Urban,0.0,,,Fine,Null,0
67674486,,572900,0.0,0.0,0.0,1.0,0.0,Null,2016/2017,WATERLOO QUAY,BUNNY ST,,Minor Crash,No,2017,0.0,South,0.0,0,0.0,Flat,0.0,,0.0,,0.0,Dark,2122700,1,0.0,0.0,3.0,0.0,0.0,0.0,0.0,0.0,,0.0,0.0,Wellington Region,Nil,1-way,Sealed,0.0,0.0,0,0.0,50.0,0.0,On,0.0,0.0,,47,Wellington City,Traffic Signals,0.0,1.0,0.0,0.0,0.0,0.0,Urban,0.0,0.0,0.0,Fine,Null,0
67674506,,573400,0.0,,0.0,1.0,,East,2023/2024,PATERSON STREET,DUFFERIN STREET,,Non-Injury Crash,Yes,2023,,East,,0,,Hill Road,,,,,,Overcast,2142900,0,0.0,0.0,4.0,,,0.0,,,,,,Wellington Region,Nil,2-way,Sealed,,0.0,0,,50.0,,Off,0.0,0.0,,47,Wellington City,Nil,,,,,0.0,0.0,Urban,1.0,,,Light rain,Null,0
67674513,,575100,0.0,0.0,0.0,2.0,0.0,North,2017/2018,KARORI ROAD,SOUTH KARORI ROAD,,Non-Injury Crash,No,2017,0.0,East,0.0,0,0.0,Flat,0.0,,0.0,,0.0,Overcast,2116100,0,0.0,0.0,2.0,0.0,0.0,0.0,0.0,1.0,,0.0,0.0,Wellington Region,Nil,2-way,Sealed,0.0,0.0,0,0.0,50.0,0.0,Null,0.0,0.0,,47,Wellington City,Unknown,0.0,0.0,0.0,0.0,0.0,0.0,Urban,0.0,0.0,0.0,Fine,Null,0
67674522,,575000,0.0,,0.0,1.0,,Null,2023/2024,CAMPBELL STREET,SCAPA TERRACE,,Minor Crash,No,2023,,South,,0,,Flat,,Christmas New Year,,,,Bright sun,2112300,1,0.0,0.0,2.0,,,0.0,,,1.0,,,Wellington Region,Nil,2-way,Sealed,,0.0,0,,50.0,,Off,0.0,0.0,,47,Wellington City,Give way,,,,,0.0,0.0,Urban,0.0,,,Fine,Null,0
67674526,,577700,0.0,0.0,0.0,0.0,0.0,East,2015/2016,TAKARAU GORGE ROAD,MAKARA ROAD,,Non-Injury Crash,No,2015,0.0,East,0.0,0,0.0,Flat,0.0,,0.0,,0.0,Dark,2116900,0,0.0,0.0,2.0,0.0,0.0,0.0,0.0,0.0,,0.0,1.0,Wellington Region,Nil,2-way,Sealed,0.0,0.0,0,0.0,100.0,0.0,None,0.0,0.0,,47,Wellington City,Unknown,0.0,0.0,0.0,0.0,0.0,0.0,Open,1.0,0.0,0.0,Fine,Null,0
67674532,,575500,0.0,,0.0,2.0,,Null,2014/2015,RAROA ROAD,ENTRANCE ST,,Non-Injury Crash,No,2015,,East,,0,,Hill Road,,,,,,Bright sun,2156500,0,0.0,0.0,2.0,,,0.0,,,,,,Wellington Region,Nil,2-way,Sealed,,0.0,0,,50.0,,Null,0.0,0.0,,47,Wellington City,Give way,,,,,0.0,0.0,Urban,0.0,,,Fine,Null,0
67674549,,573000,0.0,0.0,0.0,2.0,0.0,South,2017/2018,WATSON ST,BULLER ST,,Non-Injury Crash,No,2017,0.0,South,0.0,0,0.0,Flat,0.0,,0.0,,0.0,Overcast,2129900,0,0.0,0.0,2.0,0.0,0.0,0.0,0.0,1.0,,0.0,0.0,Wellington Region,Nil,2-way,Sealed,0.0,0.0,0,0.0,50.0,0.0,Null,0.0,0.0,,47,Wellington City,Unknown,0.0,0.0,0.0,0.0,0.0,0.0,Urban,0.0,0.0,0.0,Fine,Null,0
67674575,,576901,0.0,0.0,0.0,2.0,0.0,North,2017/2018,ROSS ST,ENDEAVOUR ST,,Non-Injury Crash,No,2017,0.0,South,0.0,0,0.0,Flat,0.0,,0.0,,0.0,Unknown,2177700,0,0.0,0.0,2.0,0.0,0.0,0.0,0.0,1.0,,0.0,0.0,Wellington Region,Nil,2-way,Sealed,0.0,0.0,0,0.0,50.0,0.0,Null,0.0,0.0,,47,Wellington City,Nil,0.0,0.0,0.0,0.0,0.0,0.0,Urban,0.0,0.0,0.0,Null,Null,0
67674642,,573600,0.0,,0.0,3.0,,South,2023/2024,JOHNSONVILLE PORIRUA MOTORWAY,JOHNSONVILLE ON RAMP,,Non-Injury Crash,Yes,2023,,North,,0,,Hill Road,,,,,,Dark,2081200,0,0.0,0.0,2.0,,,0.0,,,,,,Wellington Region,Nil,1-way,Sealed,,0.0,0,,100.0,,On,0.0,0.0,,47,Wellington City,Nil,,,,,0.0,0.0,Open,0.0,,,Light rain,Null,0
67674682,,577000,0.0,0.0,0.0,1.0,0.0,Null,2023/2024,QUEENS DRIVE,SUTHERLAND ROAD,,Minor Crash,No,2024,0.0,North,0.0,0,0.0,Flat,0.0,,0.0,,0.0,Bright sun,2174400,1,0.0,0.0,2.0,0.0,0.0,0.0,0.0,0.0,,0.0,1.0,Wellington Region,Nil,2-way,Sealed,0.0,0.0,0,0.0,50.0,0.0,Off,0.0,0.0,,47,Wellington City,Give way,0.0,0.0,0.0,0.0,0.0,0.0,Urban,0.0,0.0,0.0,Fine,Null,0
67674802,,576600,0.0,0.0,0.0,2.0,0.0,East,2023/2024,ORIENTAL PARADE,FREYBERG POOL CPK ENT,,Minor Crash,No,2023,0.0,East,0.0,0,0.0,Flat,0.0,,0.0,,0.0,Dark,2137900,1,0.0,0.0,2.0,0.0,0.0,0.0,0.0,2.0,,0.0,0.0,Wellington Region,Nil,2-way,Sealed,0.0,0.0,0,0.0,40.0,0.0,On,0.0,0.0,,47,Wellington City,Nil,0.0,0.0,0.0,0.0,0.0,0.0,Urban,1.0,0.0,0.0,Light rain,Strong wind,0
67674810,,576301,0.0,,0.0,1.0,,Null,2022/2023,HANSON STREET,JOHN STREET,,Non-Injury Crash,No,2023,,North,,0,,Flat,,,,,,Bright sun,2163300,0,0.0,0.0,2.0,,,0.0,,,2.0,,,Wellington Region,Nil,2-way,Sealed,,0.0,0,,50.0,,Off,0.0,0.0,,47,Wellington City,Traffic Signals,,,,,0.0,0.0,Urban,0.0,,,Fine,Null,0
67674859,,576400,0.0,0.0,0.0,2.0,0.0,East,2017/2018,MEIN ST,BLUCHER AVENUE,,Non-Injury Crash,No,2017,0.0,East,0.0,0,0.0,Hill Road,0.0,,0.0,,0.0,Bright sun,2167700,0,0.0,0.0,2.0,0.0,0.0,0.0,0.0,1.0,,0.0,0.0,Wellington Region,Nil,2-way,Sealed,0.0,0.0,0,0.0,40.0,0.0,Null,0.0,0.0,,47,Wellington City,Nil,0.0,0.0,0.0,0.0,0.0,0.0,Urban,0.0,0.0,0.0,Fine,Null,0
67674877,,574600,0.0,0.0,0.0,1.0,0.0,North,2017/2018,BARNARD ST,LENNEL ROAD,,Non-Injury Crash,No,2017,0.0,South,0.0,0,0.0,Hill Road,0.0,,0.0,,0.0,Dark,2099300,0,0.0,0.0,2.0,0.0,0.0,0.0,0.0,1.0,,0.0,0.0,Wellington Region,Nil,2-way,Sealed,0.0,0.0,0,0.0,50.0,0.0,On,0.0,0.0,,47,Wellington City,Unknown,0.0,0.0,0.0,0.0,0.0,0.0,Urban,1.0,0.0,0.0,Null,Null,0
67674961,,573000,0.0,,0.0,2.0,,North,2017/2018,BOULCOTT ST,ATHOL CRESCENT,,Minor Crash,No,2018,,North,,0,,Hill Road,,,,,,Bright sun,2127200,2,0.0,0.0,2.0,,,0.0,,,,,,Wellington Region,Nil,2-way,Sealed,,0.0,0,,50.0,,Null,0.0,0.0,,47,Wellington City,Unknown,,,,,0.0,0.0,Urban,0.0,,,Fine,Null,0
67674971,,573101,0.0,,0.0,1.0,,Null,2017/2018,WILLIS ST,WEBB ST,,Non-Injury Crash,No,2017,,North,,0,,Flat,,,,,,Overcast,2132900,0,0.0,0.0,2.0,,,0.0,,,,,,Wellington Region,Nil,2-way,Sealed,,0.0,0,,50.0,,Null,1.0,0.0,,47,Wellington City,Traffic Signals,,,,,0.0,0.0,Urban,0.0,,,Null,Null,0
67674981,,574600,0.0,0.0,0.0,2.0,0.0,East,2018/2019,WADESTOWN ROAD,WILTON ROAD,,Serious Crash,No,2018,0.0,West,0.0,0,0.0,Hill Road,0.0,,0.0,,0.0,Overcast,2100800,0,0.0,0.0,2.0,0.0,0.0,0.0,0.0,1.0,1.0,0.0,0.0,Wellington Region,Nil,2-way,Sealed,0.0,0.0,2,0.0,50.0,0.0,Null,0.0,0.0,30.0,47,Wellington City,Unknown,0.0,0.0,0.0,0.0,1.0,0.0,Urban,0.0,0.0,0.0,Fine,Null,0
67674990,,576301,0.0,0.0,1.0,0.0,0.0,Null,2016/2017,CONSTABLE ST,RIDDIFORD ST,,Non-Injury Crash,No,2016,0.0,South,0.0,0,0.0,Flat,0.0,,0.0,,0.0,Overcast,2165200,0,0.0,0.0,1.0,0.0,0.0,0.0,0.0,1.0,,0.0,0.0,Wellington Region,Nil,1-way,Sealed,0.0,0.0,0,0.0,50.0,0.0,Null,0.0,0.0,,47,Wellington City,Traffic Signals,0.0,0.0,0.0,0.0,1.0,0.0,Urban,0.0,0.0,0.0,Light rain,Strong wind,0
67675044,,574500,0.0,,0.0,2.0,,North,2015/2016,SH 1N,AOTEA ON NBD,,Non-Injury Crash,Yes,2015,,North,,0,,Flat,,,,,,Overcast,2093600,0,0.0,0.0,3.0,,,0.0,,,,,,Wellington Region,Nil,1-way,Sealed,,0.0,0,,100.0,,Null,0.0,0.0,,47,Wellington City,Unknown,,,,,0.0,0.0,Open,0.0,,,Heavy rain,Null,0
67675054,,573525,0.0,,0.0,1.0,,Null,2016/2017,TAKAPU ROAD,JAMAICA DRIVE,,Non-Injury Crash,No,2016,,South,,0,,Flat,,,,,,Bright sun,2053829,0,0.0,0.0,2.0,,,0.0,,,,,,Wellington Region,Nil,2-way,Sealed,,0.0,0,,70.0,,Null,0.0,0.0,,47,Wellington City,Give way,,,,,0.0,0.0,Urban,1.0,,,Fine,Null,0
67675070,,573101,0.0,,1.0,1.0,,Null,2016/2017,COURTENAY PLACE,ALLEN ST,,Non-Injury Crash,No,2016,,West,,0,,Flat,,,,,,Bright sun,2135700,0,0.0,0.0,2.0,,,0.0,,,,,,Wellington Region,Nil,2-way,Sealed,,0.0,0,,30.0,,Null,0.0,0.0,,47,Wellington City,Traffic Signals,,,,,0.0,0.0,Urban,0.0,,,Fine,Null,0
67675091,,575600,0.0,0.0,0.0,1.0,1.0,Null,2016/2017,TANERA CRESCENT,OHIRO ROAD,,Non-Injury Crash,No,2017,0.0,South,0.0,0,0.0,Hill Road,0.0,,0.0,,0.0,Dark,2161900,0,0.0,0.0,2.0,0.0,0.0,0.0,0.0,0.0,,0.0,1.0,Wellington Region,Nil,2-way,Sealed,0.0,0.0,0,0.0,50.0,0.0,On,0.0,0.0,,47,Wellington City,Nil,0.0,0.0,0.0,0.0,0.0,0.0,Urban,0.0,0.0,0.0,Light rain,Null,0
67675093,,573101,0.0,,0.0,2.0,,Null,2017/2018,WILLIS ST,WEBB ST,,Non-Injury Crash,No,2017,,West,,0,,Flat,,,,,,Overcast,2132900,0,0.0,0.0,3.0,,,0.0,,,,,,Wellington Region,Nil,1-way,Sealed,,0.0,0,,50.0,,Null,0.0,0.0,,47,Wellington City,Traffic Signals,,,,,0.0,0.0,Urban,0.0,,,Null,Null,0
67675145,,573101,0.0,,0.0,2.0,,Null,2017/2018,COURTENAY PLACE,TORY ST,,Non-Injury Crash,No,2017,,West,,0,,Flat,,,,,,Dark,2135600,0,0.0,0.0,2.0,,,0.0,,,,,,Wellington Region,Nil,2-way,Sealed,,0.0,0,,30.0,,On,0.0,0.0,,47,Wellington City,Traffic Signals,,,,,0.0,0.0,Urban,0.0,,,Light rain,Null,0
67675151,,574001,0.0,0.0,0.0,1.0,0.0,West,2017/2018,NEWLANDS ROAD,WAKELY ROAD,,Non-Injury Crash,No,2017,0.0,West,0.0,0,0.0,Flat,0.0,,0.0,,0.0,Bright sun,2077600,0,0.0,0.0,2.0,0.0,0.0,0.0,0.0,1.0,,0.0,0.0,Wellington Region,Nil,2-way,Sealed,0.0,0.0,0,0.0,50.0,0.0,Null,0.0,0.0,,47,Wellington City,Unknown,0.0,0.0,0.0,0.0,0.0,0.0,Urban,1.0,0.0,0.0,Mist or Fog,Null,0
67675218,,573101,0.0,,0.0,1.0,,South,2017/2018,VICTORIA ST,SH 1N,,Minor Crash,No,2018,,South,,0,,Null,,,,,,Bright sun,2131900,1,0.0,0.0,,,,0.0,,,,,,Wellington Region,Nil,Off road,Sealed,,0.0,0,,50.0,,Null,0.0,0.0,,47,Wellington City,Unknown,,,,,1.0,0.0,Urban,0.0,,,Null,Null,0
67675235,,576200,0.0,,0.0,1.0,,North,2014/2015,ADELAIDE ROAD,DOVER ST,,Minor Crash,No,2015,,South,,0,,Hill Road,,,,,,Bright sun,2173200,1,0.0,0.0,2.0,,,0.0,,,,,,Wellington Region,Nil,2-way,Sealed,,0.0,0,,50.0,,Off,0.0,0.0,,47,Wellington City,Nil,,,,,0.0,0.0,Urban,1.0,,,Fine,Null,0
67675336,,576903,0.0,,0.0,1.0,,Null,2017/2018,SH 1N,WALMER ST,,Non-Injury Crash,Yes,2018,,East,,0,,Hill Road,,,,,,Bright sun,2180300,0,0.0,0.0,2.0,,,0.0,,,,,,Wellington Region,Nil,2-way,Sealed,,0.0,0,,50.0,,Null,0.0,0.0,,47,Wellington City,Nil,,,,,0.0,0.0,Urban,1.0,,,Fine,Null,0
67675396,,575600,0.0,,0.0,0.0,,West,2015/2016,BROOKLYN ROAD,WASHINGTON AVENUE,,Minor Crash,No,2015,,East,,0,,Hill Road,,,,,,Bright sun,2162100,1,0.0,1.0,2.0,,,0.0,,,,,,Wellington Region,Nil,2-way,Sealed,,0.0,0,,50.0,,Null,1.0,0.0,,47,Wellington City,Nil,,,,,0.0,0.0,Urban,0.0,,,Fine,Null,0
67675400,,573000,1.0,,0.0,1.0,,Null,2022/2023,WILLIS STREET,DIXON STREET,,Non-Injury Crash,No,2023,,North,,0,,Flat,,,,,,Twilight,2130700,0,0.0,0.0,2.0,,,0.0,,,,,,Wellington Region,Nil,2-way,Sealed,,0.0,0,,30.0,,Null,0.0,0.0,,47,Wellington City,Traffic Signals,,,,,0.0,0.0,Urban,0.0,,,Null,Null,0
67675468,,573101,0.0,0.0,0.0,0.0,0.0,Null,2016/2017,ELIZABETH ST,KENT TERRACE,,Minor Crash,No,2016,0.0,South,0.0,0,0.0,Flat,0.0,,0.0,,1.0,Dark,2136200,1,0.0,1.0,2.0,0.0,0.0,0.0,0.0,0.0,,0.0,0.0,Wellington Region,Nil,2-way,Sealed,0.0,0.0,0,0.0,50.0,0.0,On,0.0,0.0,,47,Wellington City,Traffic Signals,0.0,0.0,0.0,0.0,0.0,0.0,Urban,0.0,0.0,0.0,Fine,Null,0
67675472,25.0,575000,0.0,,0.0,2.0,,South,2023/2024,BIRDWOOD STREET,BRAITHWAITE STREET,,Non-Injury Crash,No,2023,,South,,0,,Hill Road,,,,,,Dark,2111100,0,0.0,0.0,2.0,,,0.0,,,,,,Wellington Region,Nil,2-way,Sealed,,0.0,0,,30.0,,On,0.0,0.0,,47,Wellington City,Nil,,,,,0.0,0.0,Urban,0.0,,,Fine,Null,0
67675492,,576800,0.0,0.0,0.0,2.0,0.0,East,2015/2016,WAITOA ROAD,MOXHAM AVENUE,,Non-Injury Crash,No,2016,0.0,East,0.0,0,0.0,Flat,0.0,,0.0,,0.0,Bright sun,2181900,0,0.0,0.0,2.0,0.0,0.0,0.0,0.0,1.0,,0.0,0.0,Wellington Region,Nil,2-way,Sealed,0.0,0.0,0,0.0,30.0,0.0,Null,0.0,0.0,,47,Wellington City,Give way,0.0,0.0,0.0,0.0,0.0,0.0,Urban,0.0,0.0,0.0,Fine,Null,0
67675516,,572900,0.0,0.0,0.0,2.0,0.0,East,2014/2015,HAWKESTONE ST,PORTLAND CRESCENT,,Non-Injury Crash,No,2015,0.0,West,0.0,0,0.0,Flat,0.0,,0.0,,0.0,Bright sun,2119600,0,0.0,0.0,2.0,0.0,0.0,0.0,0.0,1.0,,0.0,0.0,Wellington Region,Nil,2-way,Sealed,0.0,0.0,0,0.0,50.0,0.0,Null,0.0,0.0,,47,Wellington City,Nil,0.0,0.0,0.0,0.0,0.0,0.0,Urban,0.0,0.0,0.0,Fine,Null,0
67675571,,572900,0.0,0.0,0.0,2.0,0.0,South,2017/2018,GRANT ROAD,WADESTOWN ROAD,,Non-Injury Crash,No,2017,0.0,North,0.0,0,0.0,Flat,0.0,,0.0,,0.0,Dark,2120700,0,0.0,0.0,2.0,0.0,0.0,0.0,0.0,1.0,,0.0,0.0,Wellington Region,Nil,2-way,Sealed,0.0,0.0,0,0.0,50.0,0.0,On,0.0,0.0,,47,Wellington City,Unknown,0.0,0.0,0.0,0.0,0.0,0.0,Urban,1.0,0.0,0.0,Fine,Null,0
67675581,,573101,0.0,0.0,0.0,2.0,0.0,East,2016/2017,DIXON ST,EGMONT ST,,Non-Injury Crash,No,2017,0.0,West,0.0,0,0.0,Flat,0.0,,0.0,,0.0,Dark,2133300,0,0.0,0.0,2.0,0.0,0.0,0.0,0.0,1.0,,0.0,0.0,Wellington Region,Nil,1-way,Sealed,0.0,0.0,0,0.0,50.0,0.0,On,0.0,0.0,,47,Wellington City,Unknown,0.0,0.0,0.0,0.0,0.0,0.0,Urban,0.0,0.0,0.0,Null,Null,0
67675649,,577200,0.0,0.0,0.0,1.0,0.0,Null,2016/2017,CALEDONIA ST,HOBART ST,,Non-Injury Crash,No,2017,0.0,North,0.0,0,0.0,Flat,0.0,Easter,0.0,,0.0,Dark,2207000,0,0.0,0.0,2.0,0.0,0.0,0.0,0.0,0.0,,0.0,0.0,Wellington Region,Nil,2-way,Sealed,0.0,0.0,0,0.0,50.0,0.0,On,0.0,0.0,,47,Wellington City,Stop,1.0,1.0,0.0,0.0,0.0,0.0,Urban,0.0,0.0,0.0,Fine,Null,0
67675650,,572900,0.0,,0.0,1.0,,Null,2014/2015,AOTEA QUAY,SLIP ROAD,,Minor Crash,No,2015,,North,,0,,Flat,,,,,,Dark,2118400,1,0.0,1.0,2.0,,,0.0,,,,,,Wellington Region,Nil,2-way,Sealed,,0.0,0,,70.0,,On,0.0,0.0,,47,Wellington City,Give way,,,,,0.0,0.0,Urban,0.0,,,Heavy rain,Null,0
67675704,,573526,0.0,,0.0,1.0,,West,2023/2024,HUTT ROAD,HOROKIWI ROAD,,Minor Crash,Yes,2024,,South,,0,,Flat,,,,,,Bright sun,2077503,1,0.0,1.0,4.0,,,0.0,,,,,,Wellington Region,Nil,2-way,Sealed,,0.0,0,,100.0,,Off,0.0,0.0,,47,Wellington City,Nil,,,,,0.0,0.0,Open,0.0,,,Fine,Null,0
67675712,,573400,0.0,,0.0,0.0,,West,2023/2024,PATERSON STREET,WEST PORTAL,,Non-Injury Crash,Yes,2023,,West,,0,,Flat,,,,,,Overcast,2143300,0,0.0,0.0,3.0,,,0.0,,,,,,Wellington Region,Nil,2-way,Sealed,,0.0,0,,50.0,,Off,1.0,0.0,,47,Wellington City,Nil,,,,,0.0,0.0,Urban,2.0,,,Fine,Null,0
67675744,,574900,0.0,0.0,0.0,1.0,1.0,South,2023/2024,HATHAWAY AVENUE,ALLINGTON ROAD,,Non-Injury Crash,No,2023,0.0,North,0.0,0,0.0,Flat,0.0,,0.0,,0.0,Dark,2110500,0,0.0,0.0,2.0,0.0,1.0,0.0,0.0,0.0,,0.0,0.0,Wellington Region,Nil,2-way,Sealed,0.0,0.0,0,0.0,50.0,0.0,On,0.0,0.0,,47,Wellington City,Nil,0.0,0.0,0.0,0.0,0.0,0.0,Urban,0.0,0.0,0.0,Light rain,Null,0
67675786,,573101,0.0,,0.0,1.0,,Null,2016/2017,TARANAKI ST,VIVIAN ST,,Non-Injury Crash,Yes,2017,,North,,0,,Flat,,,,,,Overcast,2133800,0,0.0,0.0,4.0,,,0.0,,,1.0,,,Wellington Region,Nil,2-way,Sealed,,0.0,0,,50.0,,Null,0.0,0.0,,47,Wellington City,Traffic Signals,,,,,0.0,0.0,Urban,0.0,,,Fine,Null,0
67675788,,573101,0.0,0.0,0.0,2.0,0.0,East,2016/2017,GHUZNEE ST,CUBA ST,,Non-Injury Crash,No,2017,0.0,East,0.0,0,0.0,Flat,0.0,,0.0,,0.0,Bright sun,2133600,0,0.0,0.0,2.0,0.0,0.0,0.0,0.0,1.0,,0.0,0.0,Wellington Region,Nil,2-way,Sealed,0.0,0.0,0,0.0,50.0,0.0,Null,0.0,0.0,,47,Wellington City,Unknown,0.0,0.0,0.0,0.0,0.0,0.0,Urban,0.0,0.0,0.0,Fine,Null,0