OBJECTID,advisorySpeed,areaUnitID,bicycle,bridge,bus,carStationWagon,cliffBank,crashDirectionDescription,crashFinancialYear,crashLocation1,crashLocation2,crashRoadSideRoad,crashSeverity,crashSHDescription,crashYear,debris,directionRoleDescription,ditch,fatalCount,fence,flatHill,guardRail,holiday,houseOrBuilding,intersection,kerb,light,meshblockId,minorInjuryCount,moped,motorcycle,NumberOfLanes,objectThrownOrDropped,otherObject,otherVehicleType,overBank,parkedVehicle,pedestrian,phoneBoxEtc,postOrPole,region,roadCharacter,roadLane,roadSurface,roadworks,schoolBus,seriousInjuryCount,slipOrFlood,speedLimit,strayAnimal,streetLight,suv,taxi,temporarySpeedLimit,tlaId,tlaName,trafficControl,trafficIsland,trafficSign,train,tree,truck,unknownVehicleType,urban,vanOrUtility,vehicle,waterRiver,weatherA,weatherB,if_pandemic
67675790,,573000,0.0,0.0,0.0,2.0,0.0,South,2016/2017,VICTORIA ST,HARRIS ST,,Non-Injury Crash,No,2017,0.0,South,0.0,0,0.0,Flat,0.0,,0.0,,0.0,Overcast,2127400,0,0.0,0.0,2.0,0.0,0.0,0.0,0.0,1.0,,0.0,0.0,Wellington Region,Nil,1-way,Sealed,0.0,0.0,0,0.0,50.0,0.0,Null,0.0,0.0,,47,Wellington City,Unknown,0.0,0.0,0.0,0.0,0.0,0.0,Urban,0.0,0.0,0.0,Fine,Null,0
67675829,,576001,0.0,,0.0,1.0,,South,2017/2018,THE ESPLANADE,DERWENT ST,,Non-Injury Crash,No,2018,,South,,0,,Flat,,,,,,Bright sun,2189000,0,0.0,0.0,2.0,,,0.0,,,,,,Wellington Region,Nil,2-way,Sealed,,0.0,0,,50.0,,Null,0.0,0.0,,47,Wellington City,Unknown,,,,,0.0,0.0,Urban,1.0,,,Fine,Null,0
67675839,,575400,0.0,,0.0,2.0,,South,2017/2018,RAROA ROAD,IRVINE ST,,Non-Injury Crash,No,2018,,South,,0,,Flat,,,,,,Dark,2155700,0,0.0,0.0,2.0,,,0.0,,,,,,Wellington Region,Nil,2-way,Sealed,,0.0,0,,50.0,,On,0.0,0.0,,47,Wellington City,Nil,,,,,0.0,0.0,Urban,0.0,,,Fine,Null,0
67675858,,573700,0.0,,0.0,1.0,,South,2016/2017,SH 1N,HELSTON OBR,,Minor Crash,Yes,2017,,North,,0,,Flat,,,,,,Dark,2082800,1,0.0,1.0,2.0,,,0.0,,,,,,Wellington Region,Nil,1-way,Sealed,,0.0,0,,80.0,,On,0.0,0.0,,47,Wellington City,Unknown,,,,,0.0,0.0,Open,0.0,,,Fine,Null,0
67675883,,576500,0.0,,0.0,0.0,,South,2017/2018,ADELAIDE ROAD,KING ST,,Serious Crash,No,2018,,North,,0,,Flat,,,,,,Overcast,2148201,0,0.0,1.0,4.0,,,0.0,,,,,,Wellington Region,Nil,2-way,Sealed,,0.0,1,,50.0,,Null,0.0,0.0,,47,Wellington City,Nil,,,,,0.0,0.0,Urban,0.0,,,Fine,Null,0
67675938,,574900,0.0,0.0,0.0,1.0,0.0,East,2016/2017,KARORI ROAD,NATALIE WAY,,Non-Injury Crash,No,2016,0.0,West,0.0,0,1.0,Flat,0.0,,0.0,,0.0,Dark,2109700,0,0.0,0.0,2.0,0.0,0.0,0.0,0.0,0.0,,0.0,0.0,Wellington Region,Nil,2-way,Sealed,0.0,0.0,0,0.0,50.0,0.0,On,0.0,0.0,30.0,47,Wellington City,Unknown,0.0,0.0,0.0,1.0,0.0,0.0,Urban,0.0,0.0,0.0,Fine,Null,0
67675983,,572701,0.0,0.0,0.0,0.0,0.0,Null,2017/2018,BEAUCHAMP ST,MCLELLAN ST,,Non-Injury Crash,No,2017,0.0,North,0.0,0,0.0,Flat,0.0,,0.0,,0.0,Bright sun,1994302,0,0.0,0.0,2.0,0.0,0.0,0.0,0.0,0.0,,0.0,1.0,Wellington Region,Nil,2-way,Sealed,0.0,0.0,0,0.0,50.0,0.0,Null,1.0,0.0,,47,Wellington City,Give way,1.0,0.0,0.0,0.0,0.0,0.0,Urban,0.0,0.0,0.0,Fine,Null,0
67676043,,573300,0.0,0.0,0.0,2.0,0.0,South,2017/2018,TORRENS TERRACE,WEBB ST,,Non-Injury Crash,No,2017,0.0,North,0.0,0,0.0,Hill Road,0.0,,0.0,,0.0,Bright sun,2144300,0,0.0,0.0,2.0,0.0,0.0,0.0,0.0,1.0,,0.0,0.0,Wellington Region,Nil,2-way,Sealed,0.0,0.0,0,0.0,50.0,0.0,Null,0.0,1.0,,47,Wellington City,Unknown,0.0,0.0,0.0,0.0,0.0,0.0,Urban,0.0,0.0,0.0,Fine,Null,0
67676051,,573000,0.0,,0.0,2.0,,Null,2017/2018,WILLIS ST,GHUZNEE ST,,Non-Injury Crash,No,2017,,South,,0,,Flat,,,,,,Dark,2130700,0,0.0,0.0,2.0,,,0.0,,,,,,Wellington Region,Nil,2-way,Sealed,,0.0,0,,50.0,,On,0.0,1.0,,47,Wellington City,Traffic Signals,,,,,0.0,0.0,Urban,0.0,,,Light rain,Null,0
67676062,35.0,574401,0.0,0.0,0.0,0.0,0.0,North,2023/2024,AWARUA STREET,IWI STREET,,Minor Crash,No,2023,0.0,South,0.0,0,0.0,Hill Road,0.0,,0.0,,0.0,Dark,2093703,1,0.0,1.0,2.0,0.0,0.0,0.0,0.0,0.0,,0.0,0.0,Wellington Region,Nil,2-way,Sealed,0.0,0.0,0,0.0,50.0,1.0,On,0.0,0.0,,47,Wellington City,Nil,0.0,0.0,0.0,0.0,0.0,0.0,Urban,0.0,0.0,0.0,Fine,Null,0
67676103,,573000,0.0,0.0,0.0,1.0,0.0,North,2016/2017,MAGINNITY ST,WARING TAYLOR ST,,Non-Injury Crash,No,2017,0.0,West,0.0,0,0.0,Flat,0.0,,0.0,,0.0,Overcast,2125200,0,0.0,0.0,2.0,0.0,0.0,0.0,0.0,1.0,,0.0,0.0,Wellington Region,Nil,2-way,Sealed,0.0,0.0,0,0.0,30.0,0.0,Off,0.0,0.0,,47,Wellington City,Nil,0.0,0.0,0.0,0.0,0.0,0.0,Urban,1.0,0.0,0.0,Fine,Null,0
67676114,,574303,0.0,,0.0,2.0,,South,2016/2017,SH 1N,STOCK ROUTE,,Non-Injury Crash,Yes,2016,,North,,0,,Hill Road,,,,,,Overcast,2088705,0,0.0,0.0,3.0,,,0.0,,,,,,Wellington Region,Nil,1-way,Sealed,,0.0,0,,80.0,,Null,0.0,0.0,,47,Wellington City,Unknown,,,,,0.0,0.0,Open,0.0,,,Light rain,Null,0
67676117,,574001,0.0,,0.0,2.0,,South,2016/2017,KENMORE ST,LONGCROFT TERRACE,,Non-Injury Crash,No,2017,,South,,0,,Hill Road,,,,,,Bright sun,2076400,0,0.0,0.0,2.0,,,0.0,,,,,,Wellington Region,Nil,2-way,Sealed,,0.0,0,,50.0,,Null,0.0,0.0,,47,Wellington City,Nil,,,,,0.0,0.0,Urban,0.0,,,Fine,Null,0
67676122,,572900,0.0,,0.0,0.0,,North,2016/2017,MOLESWORTH ST,HAWKESTONE ST,,Non-Injury Crash,No,2016,,North,,0,,Hill Road,,,,,,Dark,2119200,0,0.0,0.0,2.0,,,0.0,,,,,,Wellington Region,Nil,1-way,Sealed,,0.0,0,,50.0,,On,2.0,0.0,,47,Wellington City,Unknown,,,,,0.0,0.0,Urban,0.0,,,Light rain,Null,0
67676123,,573514,0.0,,0.0,2.0,,North,2017/2018,CHURTON DRIVE,CRANWELL ST,,Non-Injury Crash,No,2017,,South,,0,,Hill Road,,,,,,Overcast,2086801,0,0.0,0.0,2.0,,,0.0,,,,,,Wellington Region,Nil,2-way,Sealed,,0.0,0,,50.0,,Null,0.0,0.0,,47,Wellington City,Nil,,,,,0.0,0.0,Urban,0.0,,,Fine,Null,0
67676133,,573101,0.0,,0.0,2.0,,Null,2016/2017,TARANAKI ST,DIXON ST,,Non-Injury Crash,No,2017,,North,,0,,Flat,,,,,,Dark,2135600,0,0.0,0.0,4.0,,,0.0,,,,,,Wellington Region,Nil,2-way,Sealed,,0.0,0,,50.0,,On,0.0,0.0,,47,Wellington City,Traffic Signals,,,,,0.0,0.0,Urban,0.0,,,Null,Null,0
67676135,,573700,0.0,,0.0,2.0,,Null,2016/2017,MOOREFIELD ROAD,HELSTON ROAD,,Non-Injury Crash,No,2017,,North,,0,,Flat,,,,,,Overcast,2082300,0,0.0,0.0,2.0,,,0.0,,,,,,Wellington Region,Nil,1-way,Sealed,,0.0,0,,50.0,,Null,0.0,0.0,,47,Wellington City,Give way,,,,,0.0,0.0,Urban,0.0,,,Fine,Null,0
67676146,,573526,0.0,,0.0,4.0,,West,2017/2018,SH 2,HOROKIWI ROAD,,Non-Injury Crash,Yes,2017,,West,,0,,Flat,,,,,,Overcast,2086403,0,0.0,0.0,6.0,,,0.0,,,,,,Wellington Region,Nil,2-way,Sealed,,0.0,0,,100.0,,Null,0.0,0.0,,47,Wellington City,Unknown,,,,,0.0,0.0,Open,0.0,,,Fine,Null,0
67676178,,576500,0.0,,0.0,1.0,,Null,2017/2018,COROMANDEL ST,MEIN ST,,Non-Injury Crash,No,2017,,North,,0,,Flat,,,,,,Bright sun,2149000,0,1.0,0.0,2.0,,,0.0,,,,,,Wellington Region,Nil,2-way,Sealed,,0.0,0,,50.0,,Null,0.0,0.0,,47,Wellington City,Give way,,,,,0.0,0.0,Urban,0.0,,,Fine,Null,0
67676196,,576500,0.0,0.0,0.0,2.0,0.0,Null,2017/2018,SH 1N,ADELAIDE ROAD,,Minor Crash,Yes,2018,0.0,West,0.0,0,0.0,Flat,0.0,,0.0,,0.0,Twilight,2147900,1,0.0,0.0,3.0,0.0,0.0,0.0,0.0,0.0,,0.0,0.0,Wellington Region,Nil,1-way,Sealed,1.0,0.0,0,0.0,50.0,0.0,Off,0.0,0.0,,47,Wellington City,Traffic Signals,0.0,0.0,0.0,0.0,0.0,0.0,Urban,1.0,0.0,0.0,Fine,Null,0
67676199,,573000,0.0,,0.0,1.0,,North,2014/2015,WHITMORE ST,CUSTOMHOUSE QUAY,,Minor Crash,No,2015,,North,,0,,Flat,,,,,,Dark,2124300,1,0.0,1.0,,,,0.0,,,,,,Wellington Region,Nil,2-way,Sealed,,0.0,0,,50.0,,On,0.0,0.0,,47,Wellington City,Unknown,,,,,0.0,0.0,Urban,0.0,,,Light rain,Null,0
67676205,,573522,0.0,0.0,0.0,1.0,0.0,Null,2022/2023,TAWA-GRENADA NORTH ON RAMP,TAKAPU ROAD,,Non-Injury Crash,No,2022,0.0,West,0.0,0,0.0,Hill Road,0.0,,0.0,,0.0,Dark,2053703,0,0.0,0.0,1.0,0.0,0.0,0.0,0.0,0.0,,0.0,1.0,Wellington Region,Nil,1-way,Sealed,0.0,0.0,0,0.0,50.0,0.0,On,0.0,0.0,,47,Wellington City,Nil,0.0,0.0,0.0,0.0,0.0,0.0,Urban,0.0,0.0,0.0,Fine,Null,0
67676254,,574002,0.0,,0.0,1.0,,South,2016/2017,NGAURANGA ON NBD,SH 2 HUTT ROAD,,Non-Injury Crash,Yes,2017,,South,,0,,Flat,,,,,,Bright sun,2078302,0,0.0,0.0,2.0,,,0.0,,,,,,Wellington Region,Motorway ramp,1-way,Sealed,,0.0,0,,100.0,,Null,0.0,0.0,,47,Wellington City,Unknown,,,,,0.0,0.0,Open,1.0,,,Fine,Null,0
67676258,,572900,0.0,,0.0,1.0,,North,2017/2018,TINAKORI ROAD,HARRIETT ST,,Non-Injury Crash,No,2018,,South,,0,,Flat,,,,,,Bright sun,2123000,0,0.0,0.0,2.0,,,0.0,,,,,,Wellington Region,Nil,2-way,Sealed,,0.0,0,,50.0,,Null,0.0,0.0,,47,Wellington City,Unknown,,,,,1.0,0.0,Urban,0.0,,,Fine,Null,0
67676280,,573000,1.0,,0.0,0.0,,South,2018/2019,VICTORIA ST,HARRIS ST,,Minor Crash,No,2018,,South,,0,,Flat,,,,,,Overcast,2127400,1,0.0,0.0,2.0,,,0.0,,,,,,Wellington Region,Nil,1-way,Sealed,,0.0,0,,50.0,,Null,0.0,0.0,,47,Wellington City,Traffic Signals,,,,,0.0,0.0,Urban,1.0,,,Fine,Null,0
67676285,,574002,0.0,,0.0,2.0,,North,2023/2024,HUTT ROAD,RAILYARD ENTRY,,Non-Injury Crash,Yes,2023,,South,,0,,Flat,,,,,,Overcast,2078302,0,0.0,0.0,2.0,,,0.0,,,,,,Wellington Region,Nil,1-way,Sealed,,0.0,0,,100.0,,None,0.0,1.0,,47,Wellington City,Nil,,,,,0.0,0.0,Open,0.0,,,Fine,Null,0
67676296,,577301,1.0,,0.0,1.0,,Null,2017/2018,PARK ROAD,MIRAMAR NORTH ROAD,,Minor Crash,No,2018,,North,,0,,Flat,,,,,,Dark,2203800,1,0.0,0.0,2.0,,,0.0,,,,,,Wellington Region,Nil,2-way,Sealed,,0.0,0,,50.0,,On,0.0,0.0,,47,Wellington City,Give way,,,,,0.0,0.0,Urban,0.0,,,Fine,Null,0
67676304,,573000,0.0,,0.0,4.0,,North,2017/2018,SH 1N,SOUTH PORTAL,,Non-Injury Crash,Yes,2018,,South,,0,,Flat,,,,,,Overcast,2128700,0,0.0,0.0,1.0,,,0.0,,,,,,Wellington Region,Nil,1-way,Sealed,,0.0,0,,100.0,,On,0.0,0.0,60.0,47,Wellington City,Unknown,,,,,0.0,0.0,Open,0.0,,,Fine,Null,0
67676317,,573526,0.0,,0.0,3.0,,North,2023/2024,HUTT ROAD,WEIGH PIT,,Non-Injury Crash,Yes,2023,,South,,0,,Flat,,,,,,Overcast,2077503,0,0.0,0.0,2.0,,,0.0,,,,,,Wellington Region,Nil,1-way,Sealed,,0.0,0,,100.0,,Off,0.0,0.0,,47,Wellington City,Nil,,,,,0.0,0.0,Open,3.0,,,Light rain,Null,0
67676354,,572600,0.0,0.0,0.0,1.0,0.0,South,2017/2018,MAIN ROAD,OXFORD ST,,Serious Crash,No,2018,0.0,North,0.0,0,0.0,Flat,0.0,,0.0,,0.0,Dark,1992300,0,0.0,0.0,2.0,0.0,0.0,0.0,0.0,1.0,,0.0,0.0,Wellington Region,Nil,2-way,Sealed,0.0,0.0,1,0.0,50.0,0.0,On,0.0,0.0,,47,Wellington City,Unknown,0.0,0.0,0.0,0.0,0.0,0.0,Urban,1.0,0.0,0.0,Fine,Null,0
67676416,,574303,0.0,,0.0,1.0,,South,2017/2018,SH 1N,NEWLANDS ON NBD,,Non-Injury Crash,Yes,2017,,North,,0,,Hill Road,,,,,,Dark,2084302,0,0.0,0.0,3.0,,,0.0,,,,,,Wellington Region,Nil,1-way,Sealed,,0.0,0,,80.0,,On,0.0,0.0,60.0,47,Wellington City,Unknown,,,,,1.0,0.0,Open,0.0,,,Fine,Null,0
67676484,,574500,0.0,,0.0,1.0,,North,2017/2018,SH 1N,AOTEA OFF SBD,,Non-Injury Crash,Yes,2017,,South,,0,,Flat,,,,,,Overcast,2093600,0,0.0,0.0,3.0,,,0.0,,,,,,Wellington Region,Nil,1-way,Sealed,,0.0,0,,100.0,,Off,0.0,0.0,,47,Wellington City,Unknown,,,,,0.0,0.0,Open,1.0,,,Fine,Null,0
67676509,,576903,0.0,,0.0,1.0,,North,2021/2022,HAMILTON ROAD,WELLINGTON ROAD,,Serious Crash,No,2022,,North,,0,,Flat,,,,,,Dark,2181400,0,0.0,0.0,2.0,,,0.0,,,1.0,,,Wellington Region,Nil,2-way,Sealed,,0.0,1,,50.0,,On,0.0,0.0,,47,Wellington City,Nil,,,,,0.0,0.0,Urban,0.0,,,Fine,Null,0
67676596,,574002,0.0,,0.0,2.0,,South,2017/2018,SH 2,HUTT ON NBD,,Non-Injury Crash,Yes,2018,,North,,0,,Flat,,,,,,Bright sun,2078302,0,0.0,0.0,2.0,,,0.0,,,,,,Wellington Region,Motorway ramp,1-way,Sealed,,0.0,0,,100.0,,Null,0.0,0.0,,47,Wellington City,Unknown,,,,,0.0,0.0,Open,0.0,,,Fine,Null,0
67676672,,574200,1.0,0.0,0.0,1.0,0.0,Null,2018/2019,KHANDALLAH ROAD,LUCKNOW TERRACE,,Serious Crash,No,2018,0.0,West,0.0,0,0.0,Hill Road,0.0,,0.0,,1.0,Bright sun,2088300,0,0.0,0.0,2.0,0.0,0.0,0.0,0.0,0.0,,0.0,0.0,Wellington Region,Nil,2-way,Sealed,0.0,0.0,1,0.0,50.0,0.0,Null,0.0,0.0,,47,Wellington City,Give way,0.0,0.0,0.0,0.0,0.0,0.0,Urban,0.0,0.0,0.0,Fine,Null,0
67676679,,572900,0.0,,0.0,0.0,,South,2015/2016,MAY ON NBD,HOBSON ST OBR,,Minor Crash,Yes,2015,,North,,0,,Flat,,,,,,Dark,2118500,1,0.0,1.0,6.0,,,0.0,,,,,,Wellington Region,Motorway ramp,2-way,Sealed,,0.0,0,,100.0,,On,0.0,0.0,,47,Wellington City,Unknown,,,,,0.0,0.0,Open,0.0,,,Light rain,Null,0
67676681,,573101,0.0,,0.0,1.0,,South,2014/2015,CUBA ST,KARO DRIVE,,Minor Crash,No,2015,,North,,0,,Flat,,Easter,,,,Dark,2132800,1,0.0,0.0,2.0,,,0.0,,,1.0,,,Wellington Region,Nil,2-way,Sealed,,0.0,0,,50.0,,On,0.0,0.0,,47,Wellington City,Traffic Signals,,,,,0.0,0.0,Urban,0.0,,,Fine,Null,0
67676684,,573101,0.0,,1.0,0.0,,South,2018/2019,MANNERS ST,CUBA ST,,Minor Crash,No,2018,,East,,0,,Flat,,,,,,Bright sun,2133300,1,0.0,0.0,2.0,,,0.0,,,1.0,,,Wellington Region,Nil,2-way,Sealed,,0.0,0,,20.0,,Null,0.0,0.0,,47,Wellington City,Unknown,,,,,0.0,0.0,Urban,0.0,,,Fine,Null,0
67676718,,574500,1.0,,0.0,1.0,,North,2018/2019,HUTT ROAD,WESTMINSTER ST,,Minor Crash,No,2018,,South,,0,,Flat,,,,,,Overcast,2093400,1,0.0,0.0,4.0,,,0.0,,,,,,Wellington Region,Nil,2-way,Sealed,,0.0,0,,60.0,,Null,0.0,0.0,,47,Wellington City,Nil,,,,,0.0,0.0,Urban,0.0,,,Fine,Null,0
67676726,,575000,0.0,0.0,0.0,0.0,1.0,South,2018/2019,CHAYTOR ST,JOLL ST,,Minor Crash,No,2018,0.0,North,0.0,0,0.0,Hill Road,0.0,,0.0,,0.0,Dark,2111100,1,0.0,0.0,3.0,0.0,0.0,0.0,0.0,0.0,,0.0,0.0,Wellington Region,Nil,2-way,Sealed,0.0,0.0,0,0.0,50.0,0.0,Off,0.0,0.0,,47,Wellington City,Unknown,0.0,0.0,0.0,0.0,0.0,0.0,Urban,1.0,0.0,0.0,Fine,Null,0
67676742,,573000,0.0,0.0,0.0,0.0,0.0,East,2018/2019,GHUZNEE ST,THE TERRACE,,Minor Crash,No,2018,0.0,West,0.0,0,0.0,Hill Road,0.0,,0.0,,0.0,Overcast,2130500,1,0.0,0.0,2.0,0.0,0.0,0.0,0.0,0.0,,0.0,1.0,Wellington Region,Nil,2-way,Sealed,0.0,0.0,0,0.0,50.0,0.0,Null,0.0,0.0,,47,Wellington City,Unknown,0.0,0.0,0.0,0.0,0.0,0.0,Urban,1.0,0.0,0.0,Light rain,Null,0
67676756,,572900,0.0,0.0,0.0,1.0,0.0,North,2017/2018,TINAKORI ROAD,HOBSON ST,,Non-Injury Crash,No,2018,0.0,North,0.0,0,0.0,Flat,0.0,,0.0,,0.0,Bright sun,2120300,0,0.0,0.0,2.0,0.0,0.0,0.0,0.0,1.0,,0.0,0.0,Wellington Region,Nil,2-way,Sealed,0.0,0.0,0,0.0,50.0,0.0,Null,0.0,0.0,,47,Wellington City,Unknown,0.0,0.0,0.0,0.0,1.0,0.0,Urban,0.0,0.0,0.0,Fine,Null,0
67676789,,573000,0.0,,0.0,0.0,,Null,2022/2023,"THE TERRACE,",GHUZNEE STREET,,Minor Crash,No,2023,,South,,0,,Hill Road,,,,,,Overcast,2129300,1,0.0,1.0,2.0,,,0.0,,,,,,Wellington Region,Nil,2-way,Sealed,,0.0,0,,50.0,,Off,0.0,0.0,,47,Wellington City,Stop,,,,,0.0,0.0,Urban,0.0,,,Heavy rain,Null,0
67676793,,573200,1.0,,0.0,1.0,,South,2015/2016,OHIRO ROAD,MAARAMA CRESCENT,,Minor Crash,No,2016,,West,,0,,Hill Road,,,,,,Bright sun,2158700,1,0.0,0.0,2.0,,,0.0,,,,,,Wellington Region,Nil,2-way,Sealed,,0.0,0,,50.0,,Null,0.0,0.0,,47,Wellington City,Unknown,,,,,0.0,0.0,Urban,0.0,,,Fine,Null,0
67676863,,576301,0.0,,1.0,1.0,,South,2015/2016,RINTOUL ST,RIDDIFORD ST,,Non-Injury Crash,No,2015,,South,,0,,Flat,,,,,,Overcast,2164600,0,0.0,0.0,2.0,,,0.0,,,,,,Wellington Region,Nil,2-way,Sealed,,0.0,0,,50.0,,Null,0.0,0.0,,47,Wellington City,Traffic Signals,,,,,0.0,0.0,Urban,0.0,,,Fine,Strong wind,0
67676871,,574002,0.0,0.0,0.0,2.0,0.0,North,2014/2015,HUTT ON NBD,CENTENNIAL SLIP ROAD,,Non-Injury Crash,Yes,2015,0.0,North,0.0,0,0.0,Flat,1.0,,0.0,,0.0,Dark,2078302,0,0.0,0.0,2.0,0.0,0.0,0.0,0.0,0.0,,0.0,0.0,Wellington Region,Motorway ramp,1-way,Sealed,0.0,0.0,0,0.0,100.0,0.0,On,0.0,0.0,,47,Wellington City,Unknown,0.0,0.0,0.0,0.0,0.0,0.0,Open,0.0,0.0,0.0,Fine,Null,0
67676942,,576901,0.0,,0.0,2.0,,East,2017/2018,SH 1N,TROY ST,,Non-Injury Crash,Yes,2017,,West,,0,,Flat,,,,,,Bright sun,2176800,0,0.0,0.0,2.0,,,0.0,,,,,,Wellington Region,Nil,1-way,Sealed,,0.0,0,,70.0,,Null,0.0,0.0,,47,Wellington City,Unknown,,,,,0.0,0.0,Urban,0.0,,,Fine,Null,0
67677056,,573526,0.0,,0.0,3.0,,West,2017/2018,SH 2,HOROKIWI ROAD,,Non-Injury Crash,Yes,2017,,West,,0,,Flat,,,,,,Overcast,2086403,0,0.0,0.0,4.0,,,0.0,,,,,,Wellington Region,Nil,2-way,Sealed,,0.0,0,,100.0,,Null,0.0,0.0,,47,Wellington City,Unknown,,,,,1.0,0.0,Open,0.0,,,Heavy rain,Null,0
67677089,,576500,0.0,,0.0,1.0,,North,2015/2016,RIDDIFORD ST,REGINA TERRACE,,Non-Injury Crash,No,2016,,North,,0,,Flat,,,,,,Bright sun,2149200,0,0.0,0.0,4.0,,,0.0,,,,,,Wellington Region,Nil,2-way,Sealed,,0.0,0,,50.0,,Null,1.0,0.0,,47,Wellington City,Nil,,,,,0.0,0.0,Urban,0.0,,,Fine,Null,0
67677092,,572900,0.0,0.0,0.0,1.0,0.0,West,2016/2017,MOTUROA ST,HOBSON ST,,Non-Injury Crash,No,2017,0.0,East,0.0,0,0.0,Flat,0.0,,0.0,,0.0,Dark,2118300,0,0.0,0.0,2.0,0.0,0.0,0.0,0.0,0.0,,0.0,0.0,Wellington Region,Nil,2-way,Sealed,0.0,0.0,0,0.0,50.0,0.0,On,0.0,0.0,,47,Wellington City,Give way,1.0,1.0,0.0,0.0,1.0,0.0,Urban,0.0,0.0,0.0,Fine,Null,0
67677110,,574002,0.0,,0.0,1.0,,East,2017/2018,SH 2,NGAURANGA ON NBD OBR,,Non-Injury Crash,Yes,2017,,East,,0,,Flat,,,,,,Overcast,2078302,0,0.0,0.0,2.0,,,0.0,,,,,,Wellington Region,Nil,1-way,Sealed,,0.0,0,,60.0,,Off,0.0,0.0,,47,Wellington City,Unknown,,,,,0.0,0.0,Urban,1.0,,,Light rain,Strong wind,0
67677132,,573514,0.0,0.0,0.0,3.0,0.0,North,2017/2018,MIDDLETON ROAD,BURDENDALE GROVE,,Minor Crash,No,2018,0.0,South,0.0,0,0.0,Hill Road,0.0,,0.0,,0.0,Overcast,2081100,1,0.0,0.0,2.0,0.0,0.0,0.0,0.0,1.0,,0.0,0.0,Wellington Region,Nil,2-way,Sealed,0.0,0.0,0,0.0,50.0,0.0,Null,0.0,0.0,,47,Wellington City,Unknown,0.0,0.0,0.0,0.0,0.0,0.0,Urban,0.0,0.0,0.0,Fine,Null,0
67677163,,576500,0.0,,0.0,1.0,,North,2014/2015,ADELAIDE ROAD,BROOMHEDGE ST,,Non-Injury Crash,No,2015,,North,,0,,Flat,,,,,,Overcast,2148202,0,0.0,0.0,4.0,,,0.0,,,,,,Wellington Region,Nil,2-way,Sealed,,0.0,0,,50.0,,Off,0.0,0.0,,47,Wellington City,Nil,,,,,0.0,0.0,Urban,1.0,,,Fine,Null,0
67677170,,573511,0.0,0.0,0.0,0.0,0.0,North,2016/2017,SH 1N,CHURTON PARK ON NBD,,Non-Injury Crash,Yes,2017,0.0,North,0.0,0,0.0,Flat,0.0,,0.0,,0.0,Overcast,2086203,0,0.0,0.0,4.0,0.0,0.0,0.0,0.0,1.0,,0.0,0.0,Wellington Region,Nil,2-way,Sealed,0.0,0.0,0,0.0,100.0,0.0,Null,0.0,0.0,,47,Wellington City,Unknown,0.0,0.0,0.0,0.0,2.0,0.0,Open,0.0,0.0,0.0,Fine,Null,0
67677243,,573513,0.0,0.0,0.0,1.0,0.0,South,2015/2016,ERLESTOKE CRESCENT,WAVERTON TERRACE,,Non-Injury Crash,No,2016,0.0,South,0.0,0,0.0,Hill Road,0.0,Easter,0.0,,0.0,Dark,2086723,0,0.0,0.0,2.0,0.0,0.0,0.0,0.0,1.0,,0.0,0.0,Wellington Region,Nil,2-way,Sealed,0.0,0.0,0,0.0,50.0,0.0,On,1.0,0.0,,47,Wellington City,Unknown,0.0,0.0,0.0,0.0,0.0,0.0,Urban,0.0,0.0,0.0,Fine,Null,0
67677244,,573101,0.0,,0.0,2.0,,Null,2017/2018,MANNERS ST,TARANAKI ST,,Non-Injury Crash,No,2017,,South,,0,,Flat,,Labour Weekend,,,,Overcast,2135600,0,0.0,0.0,2.0,,,0.0,,,,,,Wellington Region,Nil,2-way,Sealed,,0.0,0,,30.0,,Null,0.0,0.0,,47,Wellington City,Traffic Signals,,,,,0.0,0.0,Urban,0.0,,,Null,Null,0
67677252,,575902,0.0,,0.0,2.0,,West,2017/2018,OWHIRO BAY PARADE,HAPPY VALLEY ROAD,,Non-Injury Crash,No,2017,,East,,0,,Null,,,,,,Overcast,2187600,0,0.0,0.0,2.0,,,0.0,,,,,,Wellington Region,Nil,2-way,Sealed,,0.0,0,,50.0,,Null,0.0,0.0,,47,Wellington City,Unknown,,,,,0.0,0.0,Urban,0.0,,,Fine,Null,0
67677303,,574500,0.0,,0.0,2.0,,North,2017/2018,HUTT ROAD,KAIWHARAWHARA ROAD,,Non-Injury Crash,No,2017,,South,,0,,Flat,,,,,,Overcast,2093500,0,0.0,0.0,4.0,,,0.0,,,,,,Wellington Region,Nil,2-way,Sealed,,0.0,0,,60.0,,Null,0.0,0.0,,47,Wellington City,Traffic Signals,,,,,0.0,0.0,Urban,0.0,,,Heavy rain,Null,0
67677331,,576901,0.0,,0.0,1.0,,Null,2017/2018,RONGOTAI ROAD,EVANS BAY PARADE,,Minor Crash,No,2018,,South,,0,,Flat,,,,,,Dark,2178000,1,1.0,0.0,2.0,,,0.0,,,,,,Wellington Region,Nil,2-way,Sealed,,0.0,0,,50.0,,On,0.0,0.0,,47,Wellington City,Traffic Signals,,,,,0.0,0.0,Urban,0.0,,,Fine,Null,0