OBJECTID,advisorySpeed,areaUnitID,bicycle,bridge,bus,carStationWagon,cliffBank,crashDirectionDescription,crashFinancialYear,crashLocation1,crashLocation2,crashRoadSideRoad,crashSeverity,crashSHDescription,crashYear,debris,directionRoleDescription,ditch,fatalCount,fence,flatHill,guardRail,holiday,houseOrBuilding,intersection,kerb,light,meshblockId,minorInjuryCount,moped,motorcycle,NumberOfLanes,objectThrownOrDropped,otherObject,otherVehicleType,overBank,parkedVehicle,pedestrian,phoneBoxEtc,postOrPole,region,roadCharacter,roadLane,roadSurface,roadworks,schoolBus,seriousInjuryCount,slipOrFlood,speedLimit,strayAnimal,streetLight,suv,taxi,temporarySpeedLimit,tlaId,tlaName,trafficControl,trafficIsland,trafficSign,train,tree,truck,unknownVehicleType,urban,vanOrUtility,vehicle,waterRiver,weatherA,weatherB,if_pandemic
67677361,,572900,0.0,0.0,0.0,2.0,0.0,North,2017/2018,THORNDON QUAY,MULGRAVE ST,,Non-Injury Crash,No,2017,0.0,North,0.0,0,0.0,Flat,0.0,,0.0,,0.0,Dark,2121500,0,0.0,0.0,2.0,0.0,0.0,0.0,0.0,1.0,,0.0,0.0,Wellington Region,Nil,2-way,Sealed,0.0,0.0,0,0.0,50.0,0.0,On,0.0,0.0,,47,Wellington City,Unknown,0.0,0.0,0.0,0.0,0.0,0.0,Urban,0.0,0.0,0.0,Fine,Null,0
67677425,,576800,0.0,0.0,0.0,2.0,0.0,North,2018/2019,ARIKI ROAD,HEPARA ST,,Minor Crash,No,2018,0.0,North,0.0,0,0.0,Hill Road,0.0,,0.0,,0.0,Bright sun,2184200,1,0.0,0.0,2.0,0.0,0.0,0.0,0.0,1.0,,0.0,0.0,Wellington Region,Nil,2-way,Sealed,0.0,0.0,0,0.0,50.0,0.0,Null,0.0,0.0,,47,Wellington City,Unknown,0.0,0.0,0.0,0.0,0.0,0.0,Urban,1.0,0.0,0.0,Fine,Null,0
67677427,,573514,0.0,0.0,0.0,2.0,0.0,East,2016/2017,CRANWELL ST,CHURTON DRIVE,,Non-Injury Crash,No,2017,0.0,North,0.0,0,0.0,Flat,0.0,,0.0,,0.0,Dark,2086803,0,0.0,0.0,2.0,0.0,0.0,0.0,0.0,1.0,,0.0,0.0,Wellington Region,Nil,2-way,Sealed,0.0,0.0,0,0.0,50.0,0.0,On,0.0,0.0,,47,Wellington City,Unknown,0.0,0.0,0.0,0.0,0.0,0.0,Urban,0.0,0.0,0.0,Fine,Null,0
67677518,,572702,0.0,,0.0,2.0,,South,2017/2018,SH 1N,PED SUBWAY,,Non-Injury Crash,Yes,2017,,South,,0,,Hill Road,,,,,,Overcast,2053817,0,0.0,0.0,2.0,,,0.0,,,,,,Wellington Region,Nil,1-way,Sealed,,0.0,0,,100.0,,None,0.0,0.0,,47,Wellington City,Unknown,,,,,0.0,0.0,Open,0.0,,,Light rain,Null,0
67677532,,576901,0.0,,0.0,2.0,,Null,2016/2017,SH 1N,EVANS BAY PARADE,,Non-Injury Crash,Yes,2017,,West,,0,,Flat,,,,,,Dark,2177800,0,0.0,0.0,5.0,,,0.0,,,,,,Wellington Region,Nil,2-way,Sealed,,0.0,0,,70.0,,On,0.0,0.0,,47,Wellington City,Traffic Signals,,,,,0.0,0.0,Urban,0.0,,,Fine,Null,0
67677536,,572900,0.0,0.0,1.0,0.0,0.0,North,2017/2018,BOWEN ST,LAMBTON QUAY,,Non-Injury Crash,No,2017,0.0,South,0.0,0,0.0,Hill Road,0.0,,0.0,,0.0,Bright sun,2122400,0,0.0,0.0,2.0,0.0,0.0,0.0,0.0,0.0,,0.0,1.0,Wellington Region,Nil,2-way,Sealed,0.0,0.0,0,0.0,50.0,0.0,Null,0.0,0.0,,47,Wellington City,Unknown,1.0,0.0,0.0,0.0,1.0,0.0,Urban,0.0,0.0,0.0,Fine,Null,0
67677550,,575600,0.0,,0.0,2.0,,South,2017/2018,WASHINGTON AVENUE,BROOKLYN ROAD,,Non-Injury Crash,No,2018,,North,,0,,Hill Road,,,,,,Overcast,2162100,0,0.0,0.0,2.0,,,0.0,,,,,,Wellington Region,Nil,2-way,Sealed,,0.0,0,,50.0,,Null,0.0,0.0,,47,Wellington City,Unknown,,,,,0.0,0.0,Urban,0.0,,,Heavy rain,Null,0
67677553,,573526,0.0,,0.0,3.0,,North,2014/2015,SH 2,SH 1N,,Non-Injury Crash,Yes,2015,,South,,0,,Flat,,,,,,Bright sun,2077503,0,0.0,0.0,4.0,,,0.0,,,,,,Wellington Region,Nil,2-way,Sealed,,0.0,0,,100.0,,Null,0.0,0.0,,47,Wellington City,Nil,,,,,0.0,0.0,Open,1.0,,,Fine,Null,0
67677559,,573101,0.0,0.0,0.0,2.0,0.0,East,2015/2016,COURTENAY PLACE,ALLEN ST,,Non-Injury Crash,No,2015,0.0,West,0.0,0,0.0,Flat,0.0,,0.0,,0.0,Dark,2136000,0,0.0,0.0,1.0,0.0,0.0,0.0,0.0,1.0,,0.0,0.0,Wellington Region,Nil,1-way,Sealed,0.0,0.0,0,0.0,50.0,0.0,On,0.0,1.0,,47,Wellington City,Nil,0.0,0.0,0.0,0.0,0.0,0.0,Urban,0.0,0.0,0.0,Fine,Null,0
67677583,,574001,0.0,0.0,0.0,1.0,0.0,North,2014/2015,KENMORE ST,LONGCROFT TERRACE,,Non-Injury Crash,No,2015,0.0,South,0.0,0,0.0,Hill Road,0.0,,0.0,,1.0,Dark,2075200,0,0.0,0.0,2.0,0.0,0.0,0.0,0.0,0.0,,0.0,0.0,Wellington Region,Nil,2-way,Sealed,0.0,0.0,0,0.0,50.0,0.0,On,0.0,0.0,,47,Wellington City,Nil,0.0,0.0,0.0,0.0,0.0,0.0,Urban,0.0,0.0,0.0,Light rain,Null,0
67677618,,573000,0.0,0.0,0.0,1.0,0.0,Null,2018/2019,FEATHERSTON ST,JOHNSTON ST,,Minor Crash,No,2018,0.0,South,0.0,0,0.0,Flat,0.0,,0.0,,0.0,Bright sun,2125500,1,0.0,1.0,2.0,0.0,0.0,0.0,0.0,0.0,,0.0,1.0,Wellington Region,Nil,1-way,Sealed,0.0,0.0,0,0.0,50.0,0.0,Null,0.0,0.0,,47,Wellington City,Traffic Signals,0.0,0.0,0.0,0.0,0.0,0.0,Urban,0.0,0.0,0.0,Fine,Null,0
67677640,,572900,0.0,,0.0,0.0,,Null,2017/2018,MOLESWORTH ST,KATE SHEPPARD PLACE,,Minor Crash,No,2018,,North,,0,,Hill Road,,,,,,Dark,2122500,1,0.0,0.0,2.0,,,0.0,,,1.0,,,Wellington Region,Nil,2-way,Sealed,,0.0,0,,50.0,,On,1.0,0.0,,47,Wellington City,Nil,,,,,0.0,0.0,Urban,0.0,,,Light rain,Null,0
67677713,,572900,0.0,0.0,0.0,0.0,0.0,South,2015/2016,TINAKORI ROAD,UPTON TERRACE,,Non-Injury Crash,No,2015,0.0,North,0.0,0,0.0,Flat,0.0,,0.0,,0.0,Overcast,2123200,0,0.0,0.0,2.0,0.0,0.0,0.0,0.0,1.0,,0.0,0.0,Wellington Region,Nil,2-way,Sealed,0.0,0.0,0,0.0,50.0,0.0,Null,1.0,0.0,,47,Wellington City,Unknown,0.0,0.0,0.0,0.0,1.0,0.0,Urban,0.0,0.0,0.0,Fine,Null,0
67677753,,577500,1.0,,0.0,1.0,,Null,2014/2015,INGLIS ST,DUNDAS ST,,Serious Crash,No,2015,,North,,0,,Flat,,,,,,Bright sun,2210900,0,0.0,0.0,2.0,,,0.0,,,,,,Wellington Region,Nil,2-way,Sealed,,0.0,1,,50.0,,Null,0.0,0.0,,47,Wellington City,Give way,,,,,0.0,0.0,Urban,0.0,,,Fine,Null,0
67677767,,574002,0.0,,0.0,3.0,,North,2014/2015,SH 2,NGAURANGA ON NBD OBR,,Minor Crash,Yes,2015,,North,,0,,Flat,,,,,,Dark,2078302,1,0.0,0.0,2.0,,,0.0,,,,,,Wellington Region,Nil,1-way,Sealed,,0.0,0,,60.0,,On,0.0,0.0,,47,Wellington City,Unknown,,,,,0.0,0.0,Urban,0.0,,,Light rain,Strong wind,0
67677776,,573000,0.0,0.0,0.0,2.0,0.0,North,2017/2018,GILMER TERRACE,BOULCOTT ST,,Non-Injury Crash,No,2017,0.0,North,0.0,0,0.0,Flat,0.0,,0.0,,0.0,Bright sun,2126300,0,0.0,0.0,2.0,0.0,0.0,0.0,0.0,0.0,,0.0,0.0,Wellington Region,Nil,2-way,Sealed,0.0,0.0,0,0.0,50.0,0.0,Null,0.0,1.0,,47,Wellington City,Unknown,0.0,0.0,0.0,0.0,0.0,0.0,Urban,0.0,1.0,0.0,Fine,Null,0
67677814,,573700,0.0,,0.0,2.0,,Null,2016/2017,MOOREFIELD ROAD,JOHNSONVILLE ON NBD,,Non-Injury Crash,No,2017,,South,,0,,Flat,,,,,,Bright sun,2082800,0,0.0,0.0,2.0,,,0.0,,,,,,Wellington Region,Nil,1-way,Sealed,,0.0,0,,50.0,,Null,0.0,0.0,,47,Wellington City,Give way,,,,,0.0,0.0,Urban,0.0,,,Fine,Null,0
67677822,,574302,0.0,,0.0,1.0,,Null,2016/2017,COCKAYNE ROAD,CLUTHA AVENUE,,Non-Injury Crash,No,2017,,South,,0,,Hill Road,,,,,,Overcast,2092800,0,0.0,0.0,2.0,,,0.0,,,,,,Wellington Region,Nil,2-way,Sealed,,0.0,0,,50.0,,Null,0.0,0.0,,47,Wellington City,Nil,,,,,0.0,0.0,Urban,1.0,,,Fine,Null,0
67677842,,572701,0.0,,0.0,1.0,,South,2016/2017,HINAU ST,KOWHAI ST,,Non-Injury Crash,No,2017,,North,,0,,Flat,,,,,,Bright sun,1993301,0,0.0,0.0,2.0,,,0.0,,,,,,Wellington Region,Nil,2-way,Sealed,,0.0,0,,50.0,,Null,0.0,0.0,,47,Wellington City,Unknown,,,,,0.0,0.0,Urban,1.0,,,Fine,Null,0
67677844,,573300,0.0,0.0,0.0,1.0,0.0,North,2016/2017,HOPPER ST,ARLINGTON ST,,Non-Injury Crash,No,2017,0.0,South,0.0,0,0.0,Flat,0.0,,0.0,,0.0,Overcast,2144300,0,0.0,0.0,2.0,0.0,0.0,0.0,0.0,1.0,,0.0,0.0,Wellington Region,Nil,2-way,Sealed,0.0,0.0,0,0.0,50.0,0.0,Null,1.0,0.0,,47,Wellington City,Unknown,0.0,0.0,0.0,0.0,0.0,0.0,Urban,0.0,0.0,0.0,Light rain,Null,0
67677845,,573200,0.0,0.0,0.0,1.0,0.0,South,2022/2023,OHIRO ROAD,ARO STREET,,Non-Injury Crash,No,2022,1.0,North,0.0,0,0.0,Flat,0.0,,0.0,,0.0,Bright sun,2159400,0,0.0,0.0,2.0,0.0,0.0,0.0,0.0,0.0,,0.0,0.0,Wellington Region,Nil,2-way,Sealed,0.0,0.0,0,0.0,50.0,0.0,Null,0.0,0.0,,47,Wellington City,Nil,0.0,0.0,0.0,0.0,1.0,0.0,Urban,0.0,0.0,0.0,Fine,Null,0
67677849,,573101,1.0,,0.0,1.0,,Null,2015/2016,TARANAKI ST,HAINING ST,,Non-Injury Crash,No,2015,,South,,0,,Flat,,,,,,Bright sun,2134900,0,0.0,0.0,1.0,,,0.0,,,,,,Wellington Region,Nil,1-way,Sealed,,0.0,0,,50.0,,Off,0.0,0.0,,47,Wellington City,Nil,,,,,0.0,0.0,Urban,0.0,,,Fine,Null,0
67677893,,577400,0.0,0.0,0.0,0.0,0.0,North,2021/2022,NEVAY ROAD,AWA ROAD,,Non-Injury Crash,No,2022,0.0,South,0.0,0,0.0,Flat,0.0,,0.0,,0.0,Bright sun,2209900,0,0.0,0.0,2.0,0.0,0.0,0.0,0.0,1.0,,0.0,0.0,Wellington Region,Nil,2-way,Sealed,0.0,0.0,0,0.0,50.0,0.0,Null,1.0,0.0,,47,Wellington City,Unknown,0.0,0.0,0.0,0.0,0.0,0.0,Urban,0.0,0.0,0.0,Fine,Null,0
67677901,,573101,0.0,,0.0,2.0,,Null,2023/2024,TORY STREET,WAKEFIELD STREET,,Non-Injury Crash,No,2023,,North,,0,,Flat,,,,,,Dark,2135600,0,0.0,0.0,2.0,,,0.0,,,,,,Wellington Region,Nil,2-way,Sealed,,0.0,0,,30.0,,On,0.0,0.0,,47,Wellington City,Traffic Signals,,,,,0.0,0.0,Urban,0.0,,,Light rain,Null,0
67677913,,575300,0.0,0.0,0.0,2.0,0.0,South,2014/2015,KELBURN PARADE,GLASGOW ST,,Non-Injury Crash,No,2015,0.0,South,0.0,0,0.0,Hill Road,0.0,,0.0,,0.0,Dark,2155300,0,0.0,0.0,1.0,0.0,0.0,0.0,0.0,1.0,,0.0,0.0,Wellington Region,Nil,2-way,Sealed,0.0,0.0,0,0.0,50.0,0.0,On,0.0,0.0,,47,Wellington City,Unknown,0.0,0.0,0.0,0.0,0.0,0.0,Urban,0.0,0.0,0.0,Light rain,Null,0
67677942,,576901,0.0,0.0,0.0,2.0,0.0,North,2017/2018,TIRANGI ROAD,LONSDALE CRESCENT,,Non-Injury Crash,No,2018,0.0,North,0.0,0,0.0,Hill Road,0.0,,0.0,,0.0,Overcast,2176000,0,0.0,0.0,2.0,0.0,0.0,0.0,0.0,1.0,,0.0,0.0,Wellington Region,Nil,2-way,Sealed,0.0,0.0,0,0.0,50.0,0.0,Null,1.0,0.0,,47,Wellington City,Nil,0.0,0.0,0.0,0.0,0.0,0.0,Urban,0.0,0.0,0.0,Light rain,Strong wind,0
67677953,,575200,0.0,,0.0,2.0,,South,2014/2015,GLENMORE ST,COLLINS TERRACE,,Non-Injury Crash,No,2015,,East,,0,,Flat,,,,,,Twilight,2151300,0,0.0,0.0,2.0,,,0.0,,,,,,Wellington Region,Nil,2-way,Sealed,,0.0,0,,50.0,,None,0.0,0.0,,47,Wellington City,Nil,,,,,0.0,0.0,Urban,0.0,,,Light rain,Null,0
67677966,,574303,0.0,,0.0,2.0,,North,2016/2017,SH 1N,KIWI POINT QUARRY ENT,,Non-Injury Crash,Yes,2017,,South,,0,,Hill Road,,,,,,Overcast,2084302,0,0.0,0.0,7.0,,,0.0,,,,,,Wellington Region,Nil,2-way,Sealed,,0.0,0,,80.0,,Off,1.0,0.0,,47,Wellington City,Unknown,,,,,0.0,0.0,Open,0.0,,,Light rain,Strong wind,0
67678056,,576200,0.0,,0.0,2.0,,South,2017/2018,ADELAIDE ROAD,LAVAUD ST,,Non-Injury Crash,No,2017,,South,,0,,Null,,,,,,Dark,2172700,0,0.0,0.0,2.0,,,0.0,,,,,,Wellington Region,Nil,2-way,Sealed,,0.0,0,,50.0,,On,0.0,0.0,,47,Wellington City,Unknown,,,,,0.0,0.0,Urban,0.0,,,Fine,Null,0
67678066,,573101,0.0,,1.0,1.0,,West,2017/2018,CABLE ST,TORY ST,,Non-Injury Crash,No,2017,,East,,0,,Flat,,,,,,Dark,2135200,0,0.0,0.0,3.0,,,0.0,,,,,,Wellington Region,Nil,1-way,Sealed,,0.0,0,,50.0,,On,0.0,0.0,,47,Wellington City,Nil,,,,,0.0,0.0,Urban,0.0,,,Fine,Null,0
67678077,,576400,0.0,0.0,0.0,2.0,0.0,North,2017/2018,RIDDIFORD ST,EMMETT ST,,Non-Injury Crash,No,2017,0.0,South,0.0,0,0.0,Flat,0.0,,0.0,,0.0,Bright sun,2166900,0,0.0,0.0,4.0,0.0,0.0,0.0,0.0,1.0,,0.0,0.0,Wellington Region,Nil,2-way,Sealed,0.0,0.0,0,0.0,50.0,0.0,Null,0.0,0.0,,47,Wellington City,Unknown,0.0,0.0,0.0,0.0,0.0,0.0,Urban,0.0,0.0,0.0,Fine,Null,0
67678085,,573400,0.0,,0.0,1.0,,Null,2017/2018,ARMOUR AVENUE,BROUGHAM ST,,Non-Injury Crash,No,2017,,East,,0,,Flat,,,,,,Bright sun,2142500,0,0.0,0.0,2.0,,,0.0,,,,,,Wellington Region,Nil,2-way,Sealed,,0.0,0,,50.0,,Null,0.0,0.0,,47,Wellington City,Give way,,,,,0.0,0.0,Urban,1.0,,,Fine,Null,0
67678094,,572900,0.0,0.0,1.0,1.0,0.0,Null,2014/2015,LAMBTON QUAY,WHITMORE ST,,Non-Injury Crash,No,2015,0.0,East,0.0,0,0.0,Flat,0.0,,0.0,,0.0,Twilight,2122400,0,0.0,0.0,5.0,0.0,0.0,0.0,0.0,0.0,,0.0,0.0,Wellington Region,Nil,2-way,Sealed,0.0,0.0,0,0.0,50.0,0.0,On,0.0,0.0,,47,Wellington City,Traffic Signals,0.0,0.0,0.0,0.0,0.0,0.0,Urban,0.0,1.0,0.0,Light rain,Null,0
67678105,,573101,0.0,,1.0,0.0,,West,2017/2018,COURTENAY PLACE,TORY ST,,Minor Crash,No,2018,,East,,0,,Flat,,,,,,Overcast,2135800,1,0.0,0.0,2.0,,,0.0,,,1.0,,,Wellington Region,Nil,2-way,Sealed,,0.0,0,,50.0,,Null,0.0,0.0,,47,Wellington City,Unknown,,,,,0.0,0.0,Urban,0.0,,,Light rain,Null,0
67678109,,576903,0.0,,0.0,1.0,,Null,2017/2018,WELLINGTON ROAD,SH 1N,,Non-Injury Crash,No,2017,,North,,0,,Flat,,,,,,Dark,2180400,0,0.0,0.0,2.0,,,0.0,,,,,,Wellington Region,Nil,2-way,Sealed,,0.0,0,,50.0,,On,0.0,0.0,,47,Wellington City,Give way,,,,,0.0,0.0,Urban,1.0,,,Heavy rain,Null,0
67678115,,576200,1.0,,0.0,1.0,,South,2017/2018,ADELAIDE ROAD,POST OFFICE AVENUE,,Serious Crash,No,2018,,South,,0,,Flat,,,,,,Bright sun,2171800,0,0.0,0.0,3.0,,,0.0,,,,,,Wellington Region,Nil,2-way,Sealed,,0.0,1,,30.0,,Null,0.0,0.0,,47,Wellington City,Traffic Signals,,,,,0.0,0.0,Urban,0.0,,,Fine,Strong wind,0
67678172,,573101,0.0,0.0,0.0,1.0,0.0,Null,2017/2018,BOND ST,VICTORIA ST,,Non-Injury Crash,No,2017,0.0,North,0.0,0,0.0,Flat,0.0,,0.0,,0.0,Overcast,2131100,0,0.0,0.0,2.0,0.0,0.0,0.0,0.0,1.0,,0.0,0.0,Wellington Region,Nil,2-way,Sealed,0.0,0.0,0,0.0,50.0,0.0,Null,1.0,0.0,,47,Wellington City,Give way,0.0,0.0,0.0,0.0,0.0,0.0,Urban,0.0,0.0,0.0,Light rain,Null,0
67678192,,574800,0.0,,0.0,2.0,,North,2017/2018,PARKVALE ROAD,KARORI ROAD,,Non-Injury Crash,No,2017,,North,,0,,Flat,,,,,,Dark,2107600,0,0.0,0.0,2.0,,,0.0,,,,,,Wellington Region,Nil,2-way,Sealed,,0.0,0,,50.0,,On,0.0,0.0,,47,Wellington City,Unknown,,,,,0.0,0.0,Urban,0.0,,,Fine,Null,0
67678211,,572900,0.0,0.0,0.0,2.0,0.0,North,2023/2024,MOLESWORTH STREET,BUNNY STREET,,Minor Crash,No,2024,0.0,North,0.0,0,0.0,Hill Road,0.0,,0.0,,0.0,Bright sun,2122600,1,0.0,0.0,2.0,0.0,0.0,0.0,0.0,1.0,,0.0,0.0,Wellington Region,Nil,1-way,Sealed,0.0,0.0,0,0.0,30.0,0.0,Off,0.0,0.0,,47,Wellington City,Nil,0.0,0.0,0.0,0.0,0.0,0.0,Urban,0.0,0.0,0.0,Fine,Null,0
67678224,,577102,0.0,0.0,0.0,1.0,0.0,South,2017/2018,STRATHMORE AVENUE,BROADWAY,,Non-Injury Crash,No,2017,0.0,North,0.0,0,0.0,Flat,0.0,,0.0,,0.0,Dark,2215300,0,0.0,0.0,2.0,0.0,0.0,0.0,0.0,1.0,,0.0,0.0,Wellington Region,Nil,2-way,Sealed,0.0,0.0,0,0.0,30.0,0.0,On,0.0,0.0,,47,Wellington City,Unknown,0.0,0.0,0.0,0.0,0.0,0.0,Urban,1.0,0.0,0.0,Fine,Null,0
67678227,,576600,0.0,0.0,1.0,1.0,0.0,East,2023/2024,ORIENTAL PARADE,FREYBERG POOL CPK ENT,,Non-Injury Crash,No,2024,0.0,East,0.0,0,0.0,Flat,0.0,Christmas New Year,0.0,,0.0,Dark,2137900,0,0.0,0.0,2.0,0.0,0.0,0.0,0.0,1.0,,0.0,0.0,Wellington Region,Nil,2-way,Sealed,0.0,0.0,0,0.0,40.0,0.0,On,0.0,0.0,,47,Wellington City,Nil,0.0,0.0,0.0,0.0,0.0,0.0,Urban,0.0,0.0,0.0,Fine,Null,0
67678243,25.0,574302,0.0,0.0,0.0,1.0,0.0,Null,2023/2024,ONSLOW ROAD,HUTT ROAD,,Non-Injury Crash,No,2023,0.0,West,0.0,0,0.0,Flat,0.0,,0.0,,0.0,Dark,2090700,0,0.0,0.0,2.0,0.0,0.0,0.0,0.0,0.0,,0.0,0.0,Wellington Region,Tram lines,2-way,Sealed,0.0,0.0,0,0.0,50.0,0.0,On,0.0,0.0,,47,Wellington City,Traffic Signals,1.0,0.0,0.0,0.0,0.0,0.0,Urban,0.0,0.0,0.0,Fine,Null,0
67678326,,574500,0.0,,0.0,2.0,,North,2016/2017,HUTT ROAD,WESTMINSTER ST,,Non-Injury Crash,No,2017,,East,,0,,Flat,,,,,,Bright sun,2093400,0,0.0,0.0,4.0,,,0.0,,,,,,Wellington Region,Nil,2-way,Sealed,,0.0,0,,60.0,,Null,0.0,0.0,,47,Wellington City,Unknown,,,,,0.0,0.0,Urban,0.0,,,Fine,Null,0
67678335,,576901,0.0,0.0,0.0,0.0,0.0,South,2015/2016,ONEPU ROAD,COCKBURN ST,,Non-Injury Crash,No,2016,0.0,North,0.0,0,0.0,Hill Road,0.0,,0.0,,0.0,Overcast,2178700,0,0.0,0.0,2.0,0.0,0.0,0.0,0.0,1.0,,0.0,0.0,Wellington Region,Nil,2-way,Sealed,0.0,0.0,0,0.0,50.0,0.0,Null,1.0,0.0,,47,Wellington City,Give way,0.0,0.0,0.0,0.0,1.0,0.0,Urban,0.0,0.0,0.0,Light rain,Null,0
67678344,,573200,0.0,,0.0,2.0,,North,2017/2018,FAIRLIE TERRACE,LANDCROSS ST,,Non-Injury Crash,No,2017,,South,,0,,Hill Road,,,,,,Bright sun,2157102,0,0.0,0.0,2.0,,,0.0,,,,,,Wellington Region,Nil,2-way,Sealed,,0.0,0,,50.0,,Null,0.0,0.0,,47,Wellington City,Unknown,,,,,0.0,0.0,Urban,0.0,,,Fine,Null,0
67678363,,576200,0.0,,0.0,1.0,,North,2023/2024,RINTOUL STREET,LUXFORD STREET,,Minor Crash,No,2024,,South,,0,,Hill Road,,,,,,Bright sun,2171700,1,0.0,0.0,2.0,,,0.0,,,1.0,,,Wellington Region,Nil,2-way,Sealed,,0.0,0,,50.0,,Off,0.0,0.0,30.0,47,Wellington City,Nil,,,,,0.0,0.0,Urban,0.0,,,Fine,Null,0
67678388,45.0,575000,1.0,,1.0,0.0,,Null,2017/2018,CHAYTOR ST,WAIAPU ROAD,,Minor Crash,No,2018,,South,,0,,Flat,,,,,,Bright sun,2111401,1,0.0,0.0,2.0,,,0.0,,,,,,Wellington Region,Nil,2-way,Sealed,,0.0,0,,50.0,,Null,0.0,0.0,,47,Wellington City,Stop,,,,,0.0,0.0,Urban,0.0,,,Fine,Null,0
67678406,,576901,0.0,,0.0,3.0,,North,2017/2018,SH 1N,ACCESSWAY,,Non-Injury Crash,Yes,2017,,North,,0,,Flat,,,,,,Dark,2177800,0,0.0,0.0,2.0,,,0.0,,,,,,Wellington Region,Nil,1-way,Sealed,,0.0,0,,70.0,,On,0.0,0.0,,47,Wellington City,Unknown,,,,,0.0,0.0,Urban,0.0,,,Fine,Null,0
67678451,,573511,0.0,,0.0,1.0,,South,2022/2023,JOHNSONVILLE PORIRUA MOTORWAY,TAWA-GRENADA NORTH OFF RAMP,,Non-Injury Crash,Yes,2023,,North,,0,,Flat,,,,,,Bright sun,2086201,0,0.0,0.0,2.0,,,0.0,,,,,,Wellington Region,Nil,1-way,Sealed,,0.0,0,,100.0,,Off,0.0,0.0,,47,Wellington City,Nil,,,,,0.0,0.0,Open,1.0,,,Fine,Null,0
67678459,,572900,0.0,,0.0,1.0,,Null,2023/2024,BOWEN STREET,LAMBTON QUAY,,Minor Crash,No,2023,,East,,0,,Hill Road,,,,,,Dark,2122400,1,0.0,0.0,5.0,,,0.0,,,1.0,,,Wellington Region,Nil,2-way,Sealed,,0.0,0,,30.0,,On,0.0,1.0,,47,Wellington City,Traffic Signals,,,,,0.0,0.0,Urban,0.0,,,Light rain,Null,0
67678491,,575400,1.0,,0.0,0.0,,Null,2021/2022,RAROA ROAD,THULE STREET,,Serious Crash,No,2022,,South,,0,,Hill Road,,,,,,Overcast,2155800,0,0.0,0.0,2.0,,,0.0,,,,,,Wellington Region,Nil,2-way,Sealed,,0.0,1,,50.0,,Off,0.0,0.0,,47,Wellington City,Nil,,,,,0.0,0.0,Urban,1.0,,,Fine,Null,0
67678502,,577602,0.0,0.0,0.0,3.0,0.0,North,2016/2017,TAUHINU ROAD,BRUSSELS ST,,Non-Injury Crash,No,2017,0.0,North,0.0,0,0.0,Flat,0.0,,0.0,,0.0,Dark,2201602,0,0.0,0.0,2.0,0.0,0.0,0.0,0.0,1.0,,0.0,0.0,Wellington Region,Nil,2-way,Sealed,0.0,0.0,0,0.0,50.0,0.0,On,0.0,0.0,,47,Wellington City,Unknown,0.0,0.0,0.0,0.0,0.0,0.0,Urban,0.0,0.0,0.0,Fine,Null,0
67678538,,572900,0.0,0.0,0.0,1.0,0.0,North,2022/2023,HOBSON STREET,HOBSON CRESCENT,,Non-Injury Crash,No,2023,0.0,North,0.0,0,0.0,Flat,0.0,,0.0,,0.0,Bright sun,2118003,0,0.0,0.0,2.0,0.0,0.0,0.0,0.0,1.0,,0.0,0.0,Wellington Region,Nil,2-way,Sealed,0.0,0.0,0,0.0,50.0,0.0,Off,0.0,0.0,,47,Wellington City,Nil,0.0,0.0,0.0,0.0,0.0,0.0,Urban,1.0,0.0,0.0,Fine,Null,0
67678566,,573802,0.0,0.0,0.0,1.0,0.0,North,2023/2024,JOHNSONVILLE PORIRUA MOTORWAY,JVILLE OBR,,Minor Crash,Yes,2023,0.0,South,0.0,0,0.0,Hill Road,1.0,,0.0,,0.0,Dark,2078701,1,0.0,0.0,4.0,0.0,0.0,0.0,0.0,0.0,,0.0,0.0,Wellington Region,Overpass,2-way,Sealed,0.0,0.0,0,0.0,100.0,0.0,On,0.0,0.0,,47,Wellington City,Nil,0.0,0.0,0.0,0.0,0.0,0.0,Open,0.0,0.0,0.0,Fine,Null,0
67678680,,573000,0.0,,0.0,1.0,,North,2022/2023,CUSTOMHOUSE QUAY,LAMBTON QUAY,,Non-Injury Crash,No,2023,,North,,0,,Flat,,,,,,Dark,2126000,0,0.0,0.0,2.0,,,0.0,,,,,,Wellington Region,Nil,2-way,Sealed,,0.0,0,,30.0,,On,0.0,0.0,,47,Wellington City,Nil,,,,,0.0,0.0,Urban,1.0,,,Fine,Null,0
67678692,,577200,0.0,,0.0,3.0,,West,2023/2024,BROADWAY,CRAWFORD GREEN,,Minor Crash,No,2024,,East,,0,,Flat,,,,,,Dark,2209000,4,0.0,0.0,2.0,,,0.0,,,,,,Wellington Region,Nil,2-way,Sealed,,0.0,0,,50.0,,On,0.0,0.0,,47,Wellington City,Nil,,,,,0.0,0.0,Urban,0.0,,,Light rain,Null,0
67678756,,577000,0.0,,0.0,2.0,,South,2022/2023,KINGSFORD SMITH STREET,MCGREGOR STREET,,Non-Injury Crash,No,2022,,South,,0,,Flat,,,,,,Bright sun,2175502,0,0.0,0.0,2.0,,,0.0,,,,,,Wellington Region,Nil,2-way,Sealed,,0.0,0,,50.0,,Off,0.0,0.0,,47,Wellington City,Nil,,,,,0.0,0.0,Urban,0.0,,,Fine,Null,0
67678799,,573000,0.0,0.0,0.0,2.0,0.0,Null,2022/2023,THE TERRACE,ALLENBY TERRACE,,Non-Injury Crash,No,2023,0.0,South,0.0,0,0.0,Hill Road,0.0,,0.0,,0.0,Bright sun,2126900,0,0.0,0.0,2.0,0.0,0.0,0.0,0.0,1.0,,0.0,0.0,Wellington Region,Nil,2-way,Sealed,0.0,0.0,0,0.0,50.0,0.0,Off,0.0,0.0,,47,Wellington City,Nil,0.0,0.0,0.0,0.0,0.0,0.0,Urban,0.0,0.0,0.0,Fine,Null,0