OBJECTID,advisorySpeed,areaUnitID,bicycle,bridge,bus,carStationWagon,cliffBank,crashDirectionDescription,crashFinancialYear,crashLocation1,crashLocation2,crashRoadSideRoad,crashSeverity,crashSHDescription,crashYear,debris,directionRoleDescription,ditch,fatalCount,fence,flatHill,guardRail,holiday,houseOrBuilding,intersection,kerb,light,meshblockId,minorInjuryCount,moped,motorcycle,NumberOfLanes,objectThrownOrDropped,otherObject,otherVehicleType,overBank,parkedVehicle,pedestrian,phoneBoxEtc,postOrPole,region,roadCharacter,roadLane,roadSurface,roadworks,schoolBus,seriousInjuryCount,slipOrFlood,speedLimit,strayAnimal,streetLight,suv,taxi,temporarySpeedLimit,tlaId,tlaName,trafficControl,trafficIsland,trafficSign,train,tree,truck,unknownVehicleType,urban,vanOrUtility,vehicle,waterRiver,weatherA,weatherB,if_pandemic
67678806,,573000,0.0,,0.0,0.0,,Null,2022/2023,CUSTOMHOUSE QUAY,WHITMORE STREET,,Minor Crash,No,2022,,North,,0,,Flat,,,,,,Bright sun,2125100,1,0.0,1.0,4.0,,,0.0,,,,,,Wellington Region,Nil,1-way,Sealed,,0.0,0,,50.0,,Off,1.0,0.0,,47,Wellington City,Traffic Signals,,,,,0.0,0.0,Urban,0.0,,,Fine,Null,0
67678824,,576903,0.0,,0.0,1.0,,Null,2023/2024,WELLINGTON ROAD,RUAHINE STREET,,Non-Injury Crash,Yes,2023,,West,,0,,Hill Road,,,,,,Overcast,2180400,0,1.0,0.0,2.0,,,0.0,,,,,,Wellington Region,Nil,2-way,Sealed,,0.0,0,,50.0,,Off,0.0,0.0,,47,Wellington City,Give way,,,,,0.0,0.0,Urban,0.0,,,Fine,Null,0
67678879,,573000,0.0,,0.0,0.0,,Null,2014/2015,MANNERS ST,WILLIS ST,,Serious Crash,No,2015,,North,,0,,Flat,,,,,,Dark,2128400,0,0.0,0.0,2.0,,,0.0,,,1.0,,,Wellington Region,Nil,2-way,Sealed,,0.0,1,,30.0,,On,0.0,0.0,,47,Wellington City,Traffic Signals,,,,,1.0,0.0,Urban,0.0,,,Fine,Null,0
67678889,,576600,1.0,,0.0,0.0,,Null,2016/2017,ORIENTAL PARADE,ORIENTAL TERRACE,,Minor Crash,No,2016,,West,,0,,Flat,,,,,,Bright sun,2137900,1,0.0,0.0,2.0,,,0.0,,,,,,Wellington Region,Nil,2-way,Sealed,,0.0,0,,40.0,,Null,1.0,0.0,,47,Wellington City,Give way,,,,,0.0,0.0,Urban,0.0,,,Fine,Null,0
67678910,,576400,0.0,0.0,0.0,1.0,0.0,West,2021/2022,ROY STREET,DANIELL STREET,,Non-Injury Crash,No,2022,0.0,West,0.0,0,0.0,Flat,0.0,,0.0,,0.0,Dark,2170600,0,0.0,0.0,2.0,0.0,0.0,0.0,0.0,1.0,,0.0,0.0,Wellington Region,Nil,2-way,Sealed,1.0,0.0,0,0.0,50.0,0.0,On,0.0,0.0,,47,Wellington City,Nil,0.0,0.0,0.0,0.0,0.0,2.0,Urban,0.0,0.0,0.0,Fine,Null,0
67678919,,577700,0.0,0.0,0.0,1.0,1.0,North,2015/2016,MAKARA ROAD,SOUTH MAKARA ROAD,,Minor Crash,No,2015,0.0,South,0.0,0,0.0,Flat,0.0,,0.0,,0.0,Dark,2116600,1,0.0,0.0,2.0,0.0,0.0,0.0,0.0,0.0,,0.0,0.0,Wellington Region,Nil,2-way,Sealed,0.0,0.0,0,0.0,60.0,0.0,None,0.0,0.0,,47,Wellington City,Unknown,0.0,0.0,0.0,0.0,0.0,0.0,Urban,0.0,0.0,0.0,Light rain,Null,0
67678948,,577000,0.0,0.0,0.0,1.0,0.0,Null,2023/2024,ONEPU ROAD,LYALL PARADE,,Non-Injury Crash,No,2023,0.0,South,0.0,0,0.0,Flat,0.0,,0.0,,0.0,Dark,2175300,0,0.0,0.0,2.0,0.0,0.0,0.0,0.0,0.0,,1.0,0.0,Wellington Region,Nil,2-way,Sealed,0.0,0.0,0,0.0,50.0,0.0,On,0.0,0.0,,47,Wellington City,Give way,0.0,0.0,0.0,0.0,0.0,0.0,Urban,0.0,0.0,0.0,Fine,Null,0
67678964,,574303,0.0,,0.0,1.0,,Null,2022/2023,CENTENNIAL HIGHWAY,NEWLANDS OFF RAMP,,Non-Injury Crash,Yes,2023,,South,,0,,Flat,,,,,,Bright sun,2084302,0,0.0,0.0,4.0,,,0.0,,,,,,Wellington Region,Nil,1-way,Sealed,,0.0,0,,100.0,,Off,0.0,0.0,,47,Wellington City,Nil,,,,,0.0,0.0,Open,1.0,,,Fine,Null,0
67679060,,576903,0.0,0.0,0.0,1.0,0.0,Null,2023/2024,WELLINGTON ROAD,WELLINGTON ROAD,,Non-Injury Crash,No,2023,0.0,North,0.0,0,0.0,Hill Road,0.0,,0.0,,0.0,Dark,2180400,0,0.0,0.0,3.0,0.0,0.0,0.0,0.0,0.0,,0.0,1.0,Wellington Region,Nil,2-way,Sealed,0.0,0.0,0,0.0,50.0,0.0,On,0.0,0.0,,47,Wellington City,Nil,0.0,1.0,0.0,0.0,0.0,0.0,Urban,0.0,0.0,0.0,Fine,Null,0
67679062,,572900,0.0,0.0,0.0,0.0,0.0,North,2022/2023,TINAKORI ROAD,ASCOT STREET,,Non-Injury Crash,No,2023,0.0,South,0.0,0,1.0,Hill Road,0.0,,0.0,,0.0,Bright sun,2121700,0,0.0,0.0,2.0,0.0,0.0,0.0,0.0,0.0,,0.0,0.0,Wellington Region,Nil,2-way,Sealed,0.0,0.0,0,0.0,30.0,0.0,Off,1.0,0.0,,47,Wellington City,Nil,0.0,0.0,0.0,0.0,0.0,0.0,Urban,0.0,0.0,0.0,Fine,Null,0
67679086,,573101,0.0,,0.0,1.0,,Null,2022/2023,CABLE STREET,TORY STREET,,Minor Crash,No,2023,,East,,0,,Flat,,,,,,Overcast,2135200,1,0.0,0.0,3.0,,,0.0,,,1.0,,,Wellington Region,Nil,1-way,Sealed,,0.0,0,,50.0,,Off,0.0,0.0,,47,Wellington City,Traffic Signals,,,,,0.0,0.0,Urban,0.0,,,Fine,Null,0
67679103,,577102,0.0,0.0,0.0,0.0,0.0,West,2014/2015,BROADWAY,CAVENDISH SQUARE,,Non-Injury Crash,No,2015,0.0,East,0.0,0,0.0,Flat,0.0,Easter,0.0,,0.0,Bright sun,2213200,0,0.0,0.0,2.0,0.0,0.0,0.0,0.0,1.0,,0.0,0.0,Wellington Region,Nil,2-way,Sealed,0.0,0.0,0,0.0,50.0,0.0,Null,0.0,0.0,,47,Wellington City,Nil,0.0,0.0,0.0,0.0,1.0,0.0,Urban,1.0,0.0,0.0,Fine,Null,0
67679111,,573511,0.0,,0.0,0.0,,South,2014/2015,MIDDLETON ROAD,RICHMOND HILL,,Serious Crash,No,2015,,North,,0,,Flat,,,,,,Bright sun,2086201,0,1.0,0.0,2.0,,,0.0,,,,,,Wellington Region,Nil,2-way,Sealed,,0.0,1,,70.0,,Null,0.0,0.0,,47,Wellington City,Unknown,,,,,0.0,0.0,Urban,0.0,,,Fine,Null,0
67679144,,574500,0.0,,0.0,0.0,,Null,2023/2024,OFF ROAD - FERRY TERMINAL,,,Minor Crash,No,2024,,South,,0,,Flat,,,,,,Overcast,2093600,1,0.0,0.0,,,,0.0,,,1.0,,,Wellington Region,Nil,Off road,Sealed,,0.0,0,,,,Off,0.0,0.0,,47,Wellington City,Nil,,,,,0.0,0.0,Urban,2.0,,,Fine,Null,0
67679157,,573525,0.0,0.0,0.0,1.0,0.0,North,2022/2023,WOODBURN DRIVE,TAKAPU ROAD,,Non-Injury Crash,No,2023,0.0,South,0.0,0,1.0,Hill Road,0.0,,0.0,,0.0,Dark,2053833,0,0.0,0.0,2.0,0.0,1.0,0.0,0.0,0.0,,0.0,0.0,Wellington Region,Nil,2-way,Sealed,0.0,0.0,0,0.0,70.0,0.0,None,0.0,0.0,,47,Wellington City,Nil,0.0,0.0,0.0,0.0,0.0,0.0,Urban,0.0,0.0,0.0,Light rain,Null,0
67679160,,576903,0.0,,0.0,2.0,,Null,2021/2022,WELLINGTON ROAD,RUAHINE STREET,,Non-Injury Crash,Yes,2022,,North,,0,,Hill Road,,,,,,Bright sun,2180602,0,0.0,0.0,2.0,,,0.0,,,,,,Wellington Region,Nil,2-way,Sealed,,0.0,0,,50.0,,Off,0.0,0.0,,47,Wellington City,Give way,,,,,0.0,0.0,Urban,0.0,,,Fine,Null,0
67679238,,576903,1.0,,0.0,1.0,,Null,2014/2015,CRAWFORD ROAD,WELLINGTON ROAD,,Minor Crash,No,2015,,South,,0,,Hill Road,,,,,,Bright sun,2180500,1,0.0,0.0,2.0,,,0.0,,,,,,Wellington Region,Nil,2-way,Sealed,,0.0,0,,50.0,,Null,0.0,0.0,,47,Wellington City,Give way,,,,,0.0,0.0,Urban,0.0,,,Heavy rain,Null,0
67679240,,573101,0.0,,0.0,1.0,,Null,2023/2024,TARANAKI STREET,YORK STREET,,Non-Injury Crash,No,2023,,North,,0,,Flat,,,,,,Bright sun,2133408,0,0.0,0.0,4.0,,,0.0,,,,,,Wellington Region,Nil,2-way,Sealed,,0.0,0,,50.0,,Off,0.0,0.0,30.0,47,Wellington City,Nil,,,,,0.0,0.0,Urban,1.0,,,Fine,Null,0
67679251,,573101,0.0,,0.0,2.0,,Null,2023/2024,CABLE STREET,BARNETT STREET,,Non-Injury Crash,No,2023,,East,,0,,Flat,,,,,,Dark,2135400,0,0.0,0.0,3.0,,,0.0,,,,,,Wellington Region,Nil,1-way,Sealed,,0.0,0,,50.0,,On,0.0,0.0,,47,Wellington City,Nil,,,,,0.0,0.0,Urban,0.0,,,Fine,Null,0
67679317,,573700,0.0,,0.0,1.0,,North,2023/2024,BOULD STREET,CORLETT STREET,,Minor Crash,No,2024,,North,,0,,Hill Road,,,,,,Bright sun,2083000,1,0.0,0.0,2.0,,,0.0,,,1.0,,,Wellington Region,Nil,2-way,Sealed,,0.0,0,,50.0,,Off,0.0,0.0,,47,Wellington City,Nil,,,,,0.0,0.0,Urban,0.0,,,Fine,Null,0
67679348,,577601,0.0,,0.0,2.0,,North,2016/2017,MASSEY ROAD,RNZAF BASE GATE N,,Minor Crash,No,2016,,South,,0,,Flat,,,,,,Overcast,2200700,2,0.0,0.0,2.0,,,0.0,,,,,,Wellington Region,Nil,2-way,Sealed,,0.0,0,,40.0,,Null,0.0,0.0,,47,Wellington City,Unknown,,,,,0.0,0.0,Urban,0.0,,,Fine,Strong wind,0
67679365,,573000,0.0,0.0,0.0,1.0,0.0,South,2021/2022,VICTORIA STREET,HARRIS STREET,,Non-Injury Crash,No,2021,0.0,North,0.0,0,0.0,Flat,0.0,,0.0,,0.0,Dark,2127400,0,0.0,0.0,2.0,0.0,0.0,0.0,0.0,0.0,,0.0,0.0,Wellington Region,Nil,1-way,Sealed,0.0,0.0,0,0.0,30.0,0.0,On,0.0,0.0,,47,Wellington City,Nil,0.0,1.0,0.0,0.0,0.0,0.0,Urban,0.0,0.0,0.0,Heavy rain,Strong wind,1
67679367,,577302,0.0,0.0,1.0,1.0,0.0,Null,2021/2022,PARK ROAD,REX STREET,,Non-Injury Crash,No,2022,0.0,South,0.0,0,0.0,Flat,0.0,,0.0,,0.0,Bright sun,2205600,0,0.0,0.0,2.0,0.0,0.0,0.0,0.0,0.0,,0.0,0.0,Wellington Region,Nil,2-way,Sealed,0.0,0.0,0,0.0,50.0,0.0,Off,0.0,0.0,,47,Wellington City,Give way,0.0,0.0,0.0,1.0,0.0,0.0,Urban,0.0,0.0,0.0,Fine,Null,0
67679427,,576700,0.0,0.0,0.0,2.0,0.0,North,2015/2016,MAIDA VALE ROAD,GRAFTON ROAD,,Non-Injury Crash,No,2016,0.0,North,0.0,0,0.0,Flat,0.0,,0.0,,0.0,Dark,2186500,0,0.0,0.0,2.0,0.0,0.0,0.0,0.0,1.0,,0.0,0.0,Wellington Region,Nil,2-way,Sealed,0.0,0.0,0,0.0,50.0,0.0,On,0.0,0.0,,47,Wellington City,Unknown,0.0,0.0,0.0,0.0,0.0,0.0,Urban,0.0,0.0,0.0,Light rain,Null,0
67679466,,576901,0.0,,0.0,2.0,,Null,2023/2024,ONEPU ROAD,COUTTS STREET,,Non-Injury Crash,No,2023,,North,,0,,Flat,,,,,,Twilight,2178500,0,0.0,0.0,3.0,,,0.0,,,,,,Wellington Region,Nil,2-way,Sealed,,0.0,0,,50.0,,Off,0.0,0.0,30.0,47,Wellington City,Traffic Signals,,,,,0.0,0.0,Urban,0.0,,,Fine,Null,0
67679488,,573101,0.0,,0.0,0.0,,South,2014/2015,WILLIS ST,MANNERS ST,,Serious Crash,No,2015,,North,,0,,Flat,,,,,,Overcast,2131300,0,0.0,0.0,3.0,,,0.0,,,1.0,,,Wellington Region,Nil,2-way,Sealed,,0.0,1,,50.0,,Off,0.0,0.0,,47,Wellington City,Nil,,,,,0.0,0.0,Urban,1.0,,,Heavy rain,Null,0
67679503,,572900,0.0,0.0,0.0,2.0,0.0,Null,2023/2024,HILL STREET,TINAKORI ROAD,,Non-Injury Crash,No,2023,0.0,East,0.0,0,0.0,Hill Road,0.0,,0.0,,0.0,Dark,2122300,0,0.0,0.0,2.0,0.0,0.0,0.0,0.0,1.0,,0.0,0.0,Wellington Region,Nil,2-way,Sealed,0.0,0.0,0,0.0,50.0,0.0,On,0.0,0.0,,47,Wellington City,Give way,0.0,0.0,0.0,0.0,0.0,0.0,Urban,0.0,0.0,0.0,Light rain,Null,0
67679521,,573802,0.0,1.0,0.0,1.0,0.0,South,2023/2024,JOHNSONVILLE OFF RAMP,JOHNSONVILLE PORIRUA MOTORWAY,,Minor Crash,No,2024,0.0,South,0.0,0,0.0,Flat,0.0,,0.0,,0.0,Overcast,2079100,1,0.0,0.0,1.0,0.0,0.0,0.0,0.0,0.0,,0.0,0.0,Wellington Region,Motorway ramp,1-way,Sealed,0.0,0.0,0,0.0,100.0,0.0,Off,0.0,0.0,,47,Wellington City,Nil,0.0,0.0,0.0,0.0,0.0,0.0,Open,0.0,0.0,0.0,Mist or Fog,Null,0
67679595,,573101,0.0,,0.0,1.0,,Null,2022/2023,COURTENAY PLACE,TORY STREET,,Non-Injury Crash,No,2023,,West,,0,,Flat,,,,,,Overcast,2136000,0,0.0,0.0,1.0,,,0.0,,,,,,Wellington Region,Nil,1-way,Sealed,,0.0,0,,30.0,,Off,0.0,0.0,,47,Wellington City,Traffic Signals,,,,,1.0,0.0,Urban,0.0,,,Light rain,Null,0
67679605,,573300,0.0,0.0,0.0,3.0,0.0,West,2022/2023,BIDWILL STREET,WALLACE STREET,,Non-Injury Crash,No,2023,0.0,West,0.0,0,0.0,Hill Road,0.0,,0.0,,0.0,Overcast,2145100,0,0.0,0.0,2.0,0.0,0.0,0.0,0.0,1.0,,0.0,0.0,Wellington Region,Nil,2-way,Sealed,0.0,0.0,0,0.0,50.0,0.0,Off,0.0,0.0,,47,Wellington City,Nil,0.0,0.0,0.0,0.0,0.0,0.0,Urban,0.0,0.0,0.0,Light rain,Null,0
67679621,,573101,0.0,,0.0,1.0,,Null,2022/2023,TARANAKI STREET,VIVIAN STREET,,Non-Injury Crash,No,2022,,South,,0,,Flat,,,,,,Bright sun,2133800,0,0.0,0.0,5.0,,,0.0,,,,,,Wellington Region,Nil,2-way,Sealed,,0.0,0,,50.0,,Off,1.0,0.0,,47,Wellington City,Traffic Signals,,,,,0.0,0.0,Urban,0.0,,,Fine,Null,0
67679646,,573101,0.0,,0.0,1.0,,Null,2022/2023,VICTORIA STREET,ABEL SMITH STREET,,Non-Injury Crash,No,2023,,South,,0,,Flat,,,,,,Unknown,2132200,0,0.0,0.0,3.0,,,0.0,,,,,,Wellington Region,Nil,1-way,Sealed,,0.0,0,,30.0,,Null,0.0,0.0,,47,Wellington City,Traffic Signals,,,,,0.0,0.0,Urban,0.0,,,Null,Null,0
67679677,,574600,0.0,0.0,0.0,2.0,0.0,East,2022/2023,WADESTOWN ROAD,MARGARET STREET,,Non-Injury Crash,No,2023,0.0,East,0.0,0,0.0,Hill Road,0.0,,0.0,,0.0,Bright sun,2100900,0,0.0,0.0,2.0,0.0,0.0,0.0,0.0,1.0,,0.0,0.0,Wellington Region,Nil,2-way,Sealed,0.0,0.0,0,0.0,50.0,0.0,Off,0.0,0.0,,47,Wellington City,Nil,0.0,0.0,0.0,0.0,0.0,0.0,Urban,0.0,0.0,0.0,Fine,Null,0
67679712,,573700,0.0,0.0,0.0,2.0,0.0,South,2023/2024,MOOREFIELD ROAD,FRANKMOORE AVENUE,,Minor Crash,No,2024,0.0,North,0.0,0,0.0,Flat,0.0,,0.0,,0.0,Overcast,2082400,1,0.0,0.0,2.0,0.0,0.0,0.0,0.0,1.0,,0.0,0.0,Wellington Region,Nil,2-way,Sealed,0.0,0.0,0,0.0,50.0,0.0,Off,0.0,0.0,,47,Wellington City,Nil,0.0,0.0,0.0,0.0,0.0,0.0,Urban,0.0,0.0,0.0,Fine,Strong wind,0
67679743,,574100,0.0,,0.0,1.0,,West,2023/2024,NEWLANDS OFF RAMP,NEWLANDS OBR NBD,,Minor Crash,No,2023,,East,,0,,Hill Road,,,,,,Bright sun,2084600,2,0.0,0.0,1.0,,,0.0,,,,,,Wellington Region,Motorway ramp,1-way,Sealed,,0.0,0,,80.0,,On,2.0,0.0,,47,Wellington City,Nil,,,,,0.0,0.0,Open,0.0,,,Fine,Null,0
67679747,,573101,0.0,,0.0,2.0,,East,2022/2023,DIXON STREET,CHRISTESON LANE,,Non-Injury Crash,No,2023,,West,,0,,Flat,,,,,,Overcast,2131500,0,0.0,0.0,2.0,,,0.0,,,,,,Wellington Region,Nil,1-way,Sealed,,0.0,0,,30.0,,Off,0.0,0.0,,47,Wellington City,Nil,,,,,0.0,0.0,Urban,0.0,,,Light rain,Null,0
67679761,55.0,572900,0.0,0.0,0.0,1.0,0.0,South,2023/2024,AOTEA QUAY ON RAMP,AOTEA QUAY OBR,,Non-Injury Crash,No,2023,0.0,North,0.0,0,0.0,Hill Road,2.0,,0.0,,0.0,Dark,2118400,0,0.0,0.0,1.0,0.0,0.0,0.0,0.0,0.0,,0.0,0.0,Wellington Region,Motorway ramp,1-way,Sealed,0.0,0.0,0,0.0,70.0,0.0,On,0.0,0.0,,47,Wellington City,Nil,0.0,0.0,0.0,0.0,0.0,0.0,Urban,0.0,0.0,0.0,Fine,Null,0
67679875,,576200,0.0,,0.0,1.0,,Null,2023/2024,ADELAIDE ROAD,POST OFFICE AVENUE,,Minor Crash,No,2024,,North,,0,,Flat,,,,,,Bright sun,2171200,1,1.0,0.0,3.0,,,0.0,,,,,,Wellington Region,Nil,2-way,Sealed,,0.0,0,,50.0,,Off,0.0,0.0,,47,Wellington City,Traffic Signals,,,,,0.0,0.0,Urban,0.0,,,Fine,Null,0
67679929,,573300,1.0,,0.0,1.0,,Null,2021/2022,RUGBY STREET,BELFAST STREET,,Minor Crash,No,2021,,Null,,0,,Hill Road,,,,,,Bright sun,2145700,1,0.0,0.0,3.0,,,0.0,,,1.0,,,Wellington Region,Nil,1-way,Sealed,,0.0,0,,50.0,,None,0.0,0.0,,47,Wellington City,Give way,,,,,0.0,0.0,Urban,0.0,,,Fine,Null,1
67680003,,573903,0.0,,0.0,1.0,,Null,2023/2024,BRACKEN ROAD,MCMILLAN COURT,,Minor Crash,No,2024,,North,,0,,Flat,,,,,,Twilight,2073900,1,0.0,1.0,2.0,,,0.0,,,,,,Wellington Region,Nil,2-way,Sealed,,0.0,0,,50.0,,Off,0.0,0.0,,47,Wellington City,Stop,,,,,0.0,0.0,Urban,0.0,,,Fine,Null,0
67680030,,573400,0.0,0.0,0.0,3.0,0.0,East,2022/2023,MAJORIBANKS STREET,LIPMAN STREET,,Non-Injury Crash,No,2023,0.0,West,0.0,0,0.0,Hill Road,0.0,Queens Birthday,0.0,,0.0,Dark,2139800,0,0.0,0.0,2.0,0.0,0.0,0.0,0.0,2.0,,0.0,0.0,Wellington Region,Nil,2-way,Sealed,0.0,0.0,0,0.0,50.0,0.0,On,0.0,0.0,,47,Wellington City,Nil,0.0,0.0,0.0,0.0,0.0,0.0,Urban,0.0,0.0,0.0,Fine,Null,0
67680039,,577601,0.0,0.0,0.0,1.0,0.0,West,2023/2024,AKAROA DRIVE,KAIKOURA STREET,,Minor Crash,No,2023,0.0,East,0.0,0,0.0,Flat,0.0,,0.0,,0.0,Dark,2202102,1,0.0,0.0,2.0,0.0,0.0,0.0,0.0,0.0,,0.0,0.0,Wellington Region,Nil,2-way,Sealed,0.0,0.0,0,0.0,50.0,0.0,On,0.0,0.0,,47,Wellington City,Nil,0.0,0.0,0.0,1.0,0.0,0.0,Urban,0.0,0.0,0.0,Fine,Null,0
67680041,,574002,0.0,0.0,0.0,0.0,0.0,Null,2022/2023,HUTT ROAD,HUTT ROAD ON RAMP,,Non-Injury Crash,No,2023,0.0,North,0.0,0,0.0,Flat,1.0,,0.0,,0.0,Overcast,2078302,0,0.0,0.0,2.0,0.0,0.0,0.0,0.0,0.0,,0.0,0.0,Wellington Region,Overpass,1-way,Sealed,0.0,0.0,0,0.0,80.0,0.0,Off,1.0,0.0,,47,Wellington City,Traffic Signals,0.0,0.0,0.0,0.0,0.0,0.0,Open,0.0,0.0,0.0,Fine,Null,0
67680084,,576800,0.0,0.0,0.0,1.0,0.0,Null,2022/2023,TAURIMA STREET,RUAHINE STREET,,Non-Injury Crash,Yes,2023,0.0,East,0.0,0,0.0,Flat,0.0,,0.0,,0.0,Bright sun,2181800,0,0.0,0.0,2.0,0.0,0.0,0.0,0.0,0.0,,0.0,0.0,Wellington Region,Tunnel,2-way,Sealed,0.0,0.0,0,0.0,50.0,0.0,Off,0.0,0.0,,47,Wellington City,Give way,0.0,1.0,0.0,0.0,0.0,0.0,Urban,2.0,0.0,0.0,Fine,Null,0
67680125,,576800,0.0,0.0,0.0,2.0,0.0,South,2023/2024,HATAITAI ROAD,KONINI ROAD,,Non-Injury Crash,No,2023,0.0,North,0.0,0,0.0,Hill Road,0.0,,0.0,,0.0,Dark,2182000,0,0.0,0.0,2.0,0.0,0.0,0.0,0.0,1.0,,0.0,0.0,Wellington Region,Nil,2-way,Sealed,0.0,0.0,0,0.0,30.0,0.0,On,0.0,0.0,,47,Wellington City,Nil,0.0,0.0,0.0,0.0,0.0,0.0,Urban,0.0,0.0,0.0,Fine,Null,0
67680135,,573522,0.0,0.0,0.0,1.0,0.0,South,2014/2015,SH 1N,TAKAPU RD UPASS NBD,,Non-Injury Crash,Yes,2015,0.0,North,0.0,0,0.0,Flat,1.0,,0.0,,0.0,Overcast,2053703,0,0.0,0.0,2.0,0.0,0.0,0.0,0.0,0.0,,0.0,0.0,Wellington Region,Nil,1-way,Sealed,0.0,0.0,0,0.0,100.0,0.0,Null,0.0,0.0,,47,Wellington City,Unknown,0.0,0.0,0.0,0.0,0.0,0.0,Open,0.0,0.0,0.0,Light rain,Null,0
67680176,,573000,0.0,,0.0,0.0,,Null,2022/2023,CUSTOMHOUSE QUAY,WARING TAYLOR STREET,,Non-Injury Crash,No,2023,,North,,0,,Flat,,,,,,Bright sun,2125400,0,0.0,0.0,3.0,,,0.0,,,,,,Wellington Region,Nil,1-way,Sealed,,0.0,0,,50.0,,Off,0.0,0.0,,47,Wellington City,Give way,,,,,0.0,0.0,Urban,3.0,,,Fine,Null,0
67680182,,573000,1.0,,0.0,1.0,,South,2022/2023,THE TERRACE,AURORA TERRACE,,Minor Crash,No,2022,,North,,0,,Hill Road,,,,,,Bright sun,2124400,1,0.0,0.0,2.0,,,0.0,,,,,,Wellington Region,Nil,2-way,Sealed,,0.0,0,,50.0,,Off,0.0,0.0,,47,Wellington City,Nil,,,,,0.0,0.0,Urban,0.0,,,Fine,Null,0
67680247,,573300,0.0,,0.0,2.0,,North,2015/2016,WALLACE ST,HARGREAVES ST,,Non-Injury Crash,No,2015,,South,,0,,Hill Road,,,,,,Bright sun,2146500,0,0.0,0.0,2.0,,,0.0,,,,,,Wellington Region,Nil,2-way,Sealed,,0.0,0,,50.0,,Null,0.0,0.0,,47,Wellington City,Unknown,,,,,0.0,0.0,Urban,0.0,,,Fine,Null,0
67680318,,577301,0.0,,0.0,0.0,,North,2022/2023,DARLINGTON ROAD,CAMPERDOWN ROAD,,Non-Injury Crash,No,2023,,North,,0,,Flat,,,,,,Overcast,2203101,0,0.0,0.0,2.0,,,0.0,,,,,,Wellington Region,Nil,2-way,Sealed,,0.0,0,,50.0,,Off,0.0,0.0,,47,Wellington City,Nil,,,,,1.0,0.0,Urban,1.0,,,Light rain,Null,0
67680324,,577601,0.0,0.0,0.0,1.0,0.0,South,2022/2023,KAIKOURA STREET,AKAROA DRIVE,,Non-Injury Crash,No,2023,0.0,North,0.0,0,0.0,Hill Road,0.0,,0.0,,0.0,Overcast,2202001,0,0.0,0.0,2.0,0.0,1.0,0.0,0.0,0.0,,0.0,0.0,Wellington Region,Nil,2-way,Sealed,0.0,0.0,0,0.0,50.0,0.0,Off,0.0,0.0,,47,Wellington City,Nil,0.0,0.0,0.0,0.0,0.0,0.0,Urban,0.0,0.0,0.0,Heavy rain,Null,0
67680330,,574100,0.0,0.0,0.0,2.0,0.0,North,2023/2024,BURMA ROAD,JOHN SIMS DRIVE,,Non-Injury Crash,No,2023,0.0,North,0.0,0,0.0,Flat,0.0,,0.0,,0.0,Bright sun,2083900,0,0.0,0.0,2.0,0.0,0.0,0.0,0.0,1.0,,0.0,0.0,Wellington Region,Nil,2-way,Sealed,0.0,0.0,0,0.0,50.0,0.0,Off,0.0,0.0,,47,Wellington City,Nil,0.0,0.0,0.0,0.0,0.0,0.0,Urban,0.0,0.0,0.0,Fine,Null,0
67680340,,573101,1.0,,1.0,0.0,,Null,2023/2024,MANNERS STREET,VICTORIA STREET,,Minor Crash,No,2024,,South,,0,,Flat,,,,,,Bright sun,2131300,1,0.0,0.0,2.0,,,0.0,,,,,,Wellington Region,Nil,2-way,Sealed,,0.0,0,,30.0,,Off,0.0,0.0,,47,Wellington City,Traffic Signals,,,,,0.0,0.0,Urban,0.0,,,Fine,Null,0
67680360,,573000,0.0,0.0,0.0,2.0,0.0,South,2023/2024,MACDONALD CRESCENT,DIXON STREET,,Non-Injury Crash,No,2023,0.0,East,0.0,0,0.0,Hill Road,0.0,,0.0,,0.0,Dark,2130600,0,0.0,0.0,2.0,0.0,0.0,0.0,0.0,1.0,,0.0,0.0,Wellington Region,Nil,2-way,Sealed,0.0,0.0,0,0.0,50.0,0.0,On,0.0,0.0,,47,Wellington City,Nil,0.0,0.0,0.0,0.0,0.0,0.0,Urban,0.0,0.0,0.0,Fine,Null,0
67680389,,576600,0.0,,0.0,2.0,,West,2015/2016,ORIENTAL PARADE,ORIENTAL TERRACE,,Minor Crash,No,2015,,East,,0,,Flat,,,,,,Bright sun,2137900,1,0.0,0.0,2.0,,,0.0,,,,,,Wellington Region,Nil,2-way,Sealed,,0.0,0,,40.0,,Null,0.0,1.0,,47,Wellington City,Unknown,,,,,1.0,0.0,Urban,0.0,,,Fine,Null,0
67680408,,573300,0.0,,0.0,1.0,,Null,2021/2022,TARANAKI STREET,HILL LANE,,Non-Injury Crash,No,2022,,North,,0,,Flat,,,,,,Overcast,2145300,0,1.0,0.0,2.0,,,0.0,,,,,,Wellington Region,Nil,2-way,Sealed,,0.0,0,,50.0,,Off,0.0,0.0,,47,Wellington City,Nil,,,,,0.0,0.0,Urban,0.0,,,Fine,Null,0
67680541,,573101,0.0,,0.0,1.0,,Null,2021/2022,WILLIS STREET,MANNERS STREET,,Non-Injury Crash,No,2022,,North,,0,,Flat,,,,,,Unknown,2131300,0,0.0,0.0,2.0,,,0.0,,,,,,Wellington Region,Nil,2-way,Sealed,,0.0,0,,30.0,,Null,0.0,0.0,,47,Wellington City,Traffic Signals,,,,,0.0,0.0,Urban,1.0,,,Fine,Null,0