OBJECTID,advisorySpeed,areaUnitID,bicycle,bridge,bus,carStationWagon,cliffBank,crashDirectionDescription,crashFinancialYear,crashLocation1,crashLocation2,crashRoadSideRoad,crashSeverity,crashSHDescription,crashYear,debris,directionRoleDescription,ditch,fatalCount,fence,flatHill,guardRail,holiday,houseOrBuilding,intersection,kerb,light,meshblockId,minorInjuryCount,moped,motorcycle,NumberOfLanes,objectThrownOrDropped,otherObject,otherVehicleType,overBank,parkedVehicle,pedestrian,phoneBoxEtc,postOrPole,region,roadCharacter,roadLane,roadSurface,roadworks,schoolBus,seriousInjuryCount,slipOrFlood,speedLimit,strayAnimal,streetLight,suv,taxi,temporarySpeedLimit,tlaId,tlaName,trafficControl,trafficIsland,trafficSign,train,tree,truck,unknownVehicleType,urban,vanOrUtility,vehicle,waterRiver,weatherA,weatherB,if_pandemic
67680603,,573101,0.0,,0.0,1.0,,North,2022/2023,CABLE STREET,TARANAKI STREET,,Non-Injury Crash,No,2022,,South,,0,,Flat,,,,,,Overcast,2133000,0,0.0,0.0,3.0,,,0.0,,,,,,Wellington Region,Nil,1-way,Sealed,,0.0,0,,50.0,,Off,0.0,0.0,,47,Wellington City,Nil,,,,,1.0,0.0,Urban,0.0,,,Fine,Null,0
67680604,,574701,0.0,,0.0,0.0,,Null,2016/2017,CHURCHILL DRIVE,SILVERSTREAM ROAD,,Non-Injury Crash,No,2016,,South,,0,,Flat,,,,,,Dark,2105001,0,0.0,0.0,2.0,,,0.0,,,,,,Wellington Region,Nil,2-way,Sealed,,0.0,0,,50.0,,On,1.0,0.0,,47,Wellington City,Give way,,,,,0.0,0.0,Urban,1.0,,,Fine,Null,0
67680631,,574303,0.0,,0.0,0.0,,Null,2023/2024,ABATTOIRS ROAD,STOCK RTE,,Non-Injury Crash,No,2023,,North,,0,,Hill Road,,,,,,Overcast,2088705,0,0.0,0.0,2.0,,,1.0,,,,,,Wellington Region,Nil,2-way,Sealed,,0.0,0,,50.0,,Off,0.0,0.0,,47,Wellington City,Nil,,,,,1.0,0.0,Urban,0.0,,,Light rain,Null,0
67680658,,574302,1.0,,1.0,0.0,,Null,2015/2016,HUTT ROAD,ONSLOW ROAD,,Minor Crash,No,2015,,East,,0,,Flat,,,,,,Dark,2090604,1,0.0,0.0,4.0,,,0.0,,,,,,Wellington Region,Nil,2-way,Sealed,,0.0,0,,60.0,,Off,0.0,0.0,,47,Wellington City,Traffic Signals,,,,,0.0,0.0,Urban,0.0,,,Fine,Null,0
67680661,,573101,0.0,,0.0,3.0,,Null,2022/2023,VICTORIA STREET,FELTEX LANE,,Non-Injury Crash,No,2023,,South,,0,,Hill Road,,,,,,Overcast,2131500,0,0.0,0.0,3.0,,,0.0,,,,,,Wellington Region,Nil,2-way,Sealed,,0.0,0,,30.0,,Off,0.0,0.0,,47,Wellington City,Nil,,,,,0.0,0.0,Urban,0.0,,,Fine,Null,0
67680699,,574100,0.0,,0.0,1.0,,North,2022/2023,TRUSCOTT AVENUE,FAIRBURN GROVE,,Non-Injury Crash,No,2023,,North,,0,,Hill Road,,,,,,Bright sun,2085800,0,0.0,0.0,1.0,,,0.0,,,,,,Wellington Region,Nil,2-way,Sealed,,0.0,0,,50.0,,Off,0.0,0.0,,47,Wellington City,Nil,,,,,1.0,0.0,Urban,0.0,,,Fine,Strong wind,0
67680700,,573101,0.0,0.0,0.0,1.0,0.0,South,2015/2016,TORY ST,EBOR ST,,Non-Injury Crash,No,2016,0.0,North,0.0,0,0.0,Flat,0.0,,0.0,,0.0,Bright sun,2136500,0,0.0,0.0,2.0,0.0,0.0,0.0,0.0,1.0,,0.0,0.0,Wellington Region,Nil,2-way,Sealed,0.0,0.0,0,0.0,50.0,0.0,Null,0.0,1.0,,47,Wellington City,Unknown,0.0,0.0,0.0,0.0,0.0,0.0,Urban,0.0,0.0,0.0,Fine,Null,0
67680740,,573802,0.0,0.0,0.0,0.0,0.0,South,2016/2017,CHESTERTON ST,BURGESS ROAD,,Non-Injury Crash,No,2016,0.0,South,0.0,0,0.0,Hill Road,0.0,,0.0,,0.0,Bright sun,2078500,0,0.0,0.0,2.0,0.0,0.0,0.0,0.0,1.0,,0.0,0.0,Wellington Region,Nil,2-way,Sealed,0.0,0.0,0,0.0,50.0,0.0,Null,0.0,0.0,,47,Wellington City,Unknown,0.0,0.0,0.0,0.0,1.0,0.0,Urban,1.0,0.0,0.0,Null,Null,0
67680746,,574200,0.0,,0.0,1.0,,Null,2014/2015,FRASER AVENUE,BURMA ROAD,,Minor Crash,No,2015,,North,,0,,Hill Road,,,,,,Bright sun,2087900,1,0.0,0.0,2.0,,,0.0,,,1.0,,,Wellington Region,Nil,2-way,Sealed,,0.0,0,,50.0,,None,0.0,0.0,,47,Wellington City,Give way,,,,,0.0,0.0,Urban,0.0,,,Fine,Null,0
67680756,,573101,0.0,,0.0,1.0,,Null,2015/2016,TARANAKI ST,BUCKLE ST,,Non-Injury Crash,Yes,2016,,North,,0,,Flat,,,,,,Bright sun,2134800,0,0.0,0.0,6.0,,,0.0,,,,,,Wellington Region,Nil,2-way,Sealed,,0.0,0,,50.0,,Null,0.0,0.0,,47,Wellington City,Traffic Signals,,,,,1.0,0.0,Urban,0.0,,,Fine,Null,0
67680759,,576200,0.0,0.0,0.0,4.0,0.0,North,2022/2023,ADELAIDE ROAD,TE WHAREPOURI STREET,,Non-Injury Crash,No,2023,0.0,South,0.0,0,1.0,Hill Road,0.0,,0.0,,0.0,Overcast,2171400,0,0.0,0.0,2.0,0.0,0.0,0.0,0.0,1.0,,0.0,0.0,Wellington Region,Nil,2-way,Sealed,0.0,0.0,0,0.0,50.0,0.0,Off,0.0,0.0,,47,Wellington City,Nil,0.0,0.0,0.0,0.0,0.0,0.0,Urban,0.0,0.0,0.0,Fine,Null,0
67680777,,572900,0.0,,0.0,1.0,,Null,2014/2015,TINAKORI ROAD,ST MARY ST,,Non-Injury Crash,No,2015,,North,,0,,Hill Road,,,,,,Bright sun,2123500,0,0.0,0.0,3.0,,,0.0,,,,,,Wellington Region,Nil,2-way,Sealed,,0.0,0,,50.0,,Null,1.0,0.0,,47,Wellington City,Nil,,,,,0.0,0.0,Urban,0.0,,,Fine,Null,0
67680814,,576903,0.0,,0.0,2.0,,South,2022/2023,KILBIRNIE CRESCENT,HENRY STREET,,Minor Crash,No,2023,,North,,0,,Flat,,,,,,Bright sun,2180500,1,0.0,0.0,2.0,,,0.0,,,,,,Wellington Region,Nil,2-way,Sealed,,0.0,0,,50.0,,Off,0.0,0.0,,47,Wellington City,Nil,,,,,0.0,0.0,Urban,0.0,,,Fine,Null,0
67680828,,573101,0.0,,0.0,1.0,,Null,2023/2024,VICTORIA STREET,GHUZNEE STREET,,Serious Crash,No,2023,,South,,0,,Flat,,,,,,Dark,2131500,0,0.0,0.0,3.0,,,0.0,,,1.0,,,Wellington Region,Nil,2-way,Sealed,,0.0,1,,30.0,,Off,0.0,0.0,,47,Wellington City,Traffic Signals,,,,,0.0,0.0,Urban,0.0,,,Fine,Null,0
67680855,,574100,0.0,,0.0,2.0,,South,2023/2024,CENTENNIAL HIGHWAY,NEWLANDS ON RAMP,,Minor Crash,Yes,2024,,North,,0,,Hill Road,,,,,,Overcast,2084600,1,0.0,0.0,3.0,,,0.0,,,,,,Wellington Region,Nil,1-way,Sealed,,0.0,0,,80.0,,Off,0.0,0.0,60.0,47,Wellington City,Nil,,,,,0.0,0.0,Open,1.0,,,Fine,Strong wind,0
67680923,,577200,1.0,,0.0,1.0,,Null,2023/2024,MIRAMAR AVENUE,HOBART STREET,,Minor Crash,No,2023,,East,,0,,Flat,,,,,,Bright sun,2207201,1,0.0,0.0,2.0,,,0.0,,,,,,Wellington Region,Nil,2-way,Sealed,,0.0,0,,30.0,,Off,0.0,1.0,,47,Wellington City,Give way,,,,,0.0,0.0,Urban,0.0,,,Fine,Null,0
67680926,,573000,0.0,,1.0,0.0,,Null,2022/2023,SALAMANCA ROAD,THE TERRACE,,Non-Injury Crash,No,2022,,East,,0,,Flat,,,,,,Overcast,2126900,0,0.0,0.0,2.0,,,0.0,,,,,,Wellington Region,Nil,2-way,Sealed,,0.0,0,,50.0,,Off,0.0,0.0,,47,Wellington City,Traffic Signals,,,,,0.0,0.0,Urban,1.0,,,Light rain,Null,0
67680951,,573101,0.0,,0.0,1.0,,Null,2021/2022,GHUZNEE STREET,TARANAKI STREET,,Non-Injury Crash,No,2022,,East,,0,,Flat,,,,,,Unknown,2133408,0,0.0,0.0,2.0,,,0.0,,,,,,Wellington Region,Nil,2-way,Null,,0.0,0,,50.0,,Null,1.0,0.0,,47,Wellington City,Traffic Signals,,,,,0.0,0.0,Urban,0.0,,,Fine,Null,0
67680952,,576301,0.0,,0.0,1.0,,South,2015/2016,RIDDIFORD ST,HOWELL AVENUE,,Minor Crash,No,2015,,South,,0,,Flat,,,,,,Bright sun,2163500,1,1.0,0.0,4.0,,,0.0,,,,,,Wellington Region,Nil,2-way,Sealed,,0.0,0,,50.0,,Null,0.0,0.0,,47,Wellington City,Unknown,,,,,0.0,0.0,Urban,0.0,,,Fine,Null,0
67680997,,572701,0.0,0.0,0.0,1.0,0.0,South,2022/2023,BELL STREET,MASSEY STREET,,Non-Injury Crash,No,2023,0.0,South,0.0,0,0.0,Hill Road,0.0,,0.0,,0.0,Bright sun,1995900,0,0.0,0.0,2.0,0.0,0.0,0.0,0.0,1.0,,0.0,0.0,Wellington Region,Nil,2-way,Sealed,0.0,0.0,0,0.0,50.0,0.0,Off,0.0,0.0,,47,Wellington City,Nil,0.0,0.0,0.0,0.0,0.0,0.0,Urban,1.0,0.0,0.0,Fine,Null,0
67681016,,573903,0.0,,0.0,2.0,,Null,2015/2016,NEWLANDS ROAD,SALFORD ST,,Non-Injury Crash,No,2016,,North,,0,,Flat,,,,,,Twilight,2075103,0,0.0,0.0,2.0,,,0.0,,,,,,Wellington Region,Nil,2-way,Sealed,,0.0,0,,50.0,,On,0.0,0.0,,47,Wellington City,Stop,,,,,0.0,0.0,Urban,0.0,,,Fine,Null,0
67681032,,574500,0.0,,0.0,2.0,,North,2016/2017,SH 1N,AOTEA ON NBD,,Minor Crash,Yes,2016,,North,,0,,Flat,,,,,,Overcast,2093400,1,0.0,1.0,4.0,,,0.0,,,,,,Wellington Region,Nil,1-way,Sealed,,0.0,0,,100.0,,Null,0.0,0.0,,47,Wellington City,Unknown,,,,,0.0,0.0,Open,0.0,,,Light rain,Null,0
67681140,,572900,0.0,,0.0,3.0,,North,2014/2015,SH 1N,TERRACE OFF SBD,,Minor Crash,Yes,2015,,South,,0,,Flat,,,,,,Bright sun,2122100,1,0.0,0.0,3.0,,,0.0,,,,,,Wellington Region,Nil,1-way,Sealed,,0.0,0,,80.0,,Null,0.0,0.0,,47,Wellington City,Nil,,,,,0.0,0.0,Open,0.0,,,Fine,Null,0
67681172,,573101,0.0,,0.0,1.0,,South,2014/2015,TORY ST,COURTENAY PLACE,,Non-Injury Crash,No,2015,,North,,0,,Flat,,,,,,Bright sun,2136000,0,0.0,0.0,1.0,,,0.0,,,,,,Wellington Region,Nil,1-way,Sealed,,0.0,0,,50.0,,Null,0.0,0.0,30.0,47,Wellington City,Nil,,,,,0.0,0.0,Urban,1.0,,,Fine,Null,0
67681178,,576301,0.0,,0.0,0.0,,North,2023/2024,RIDDIFORD STREET,RINTOUL STREET,,Non-Injury Crash,No,2023,,North,,0,,Flat,,,,,,Overcast,2164600,0,0.0,0.0,4.0,,,0.0,,,,,,Wellington Region,Nil,2-way,Sealed,,0.0,0,,40.0,,Off,2.0,0.0,,47,Wellington City,Nil,,,,,0.0,0.0,Urban,0.0,,,Fine,Strong wind,0
67681190,,573903,0.0,,0.0,2.0,,Null,2015/2016,NEWLANDS ROAD,SALFORD ST,,Non-Injury Crash,No,2016,,East,,0,,Flat,,,,,,Bright sun,2075103,0,0.0,0.0,2.0,,,0.0,,,,,,Wellington Region,Nil,2-way,Sealed,,0.0,0,,50.0,,Null,0.0,0.0,,47,Wellington City,Stop,,,,,0.0,0.0,Urban,0.0,,,Fine,Null,0
67681194,,572701,0.0,0.0,0.0,1.0,0.0,South,2023/2024,COATES STREET,MEXTED TERRACE,,Non-Injury Crash,No,2023,0.0,East,0.0,0,0.0,Flat,0.0,,0.0,,0.0,Twilight,1993100,0,0.0,0.0,2.0,0.0,0.0,0.0,0.0,1.0,,0.0,0.0,Wellington Region,Nil,2-way,Sealed,0.0,0.0,0,0.0,50.0,0.0,On,1.0,0.0,,47,Wellington City,Nil,0.0,0.0,0.0,0.0,0.0,0.0,Urban,0.0,0.0,0.0,Fine,Null,0
67681301,,573400,0.0,0.0,0.0,0.0,0.0,Null,2023/2024,CABLE STREET,ORIENTAL PARADE,,Minor Crash,No,2023,0.0,North,0.0,0,0.0,Flat,0.0,,0.0,,0.0,Dark,2138900,1,0.0,0.0,2.0,0.0,0.0,0.0,0.0,0.0,,0.0,0.0,Wellington Region,Nil,1-way,Sealed,0.0,0.0,0,0.0,50.0,0.0,On,0.0,0.0,,47,Wellington City,Traffic Signals,0.0,1.0,0.0,0.0,1.0,0.0,Urban,1.0,0.0,0.0,Fine,Null,0
67681334,,574500,0.0,,0.0,1.0,,North,2022/2023,WELLINGTON URBAN MOTORWAY,AOTEA QUAY ON RAMP,,Serious Crash,Yes,2023,,North,,0,,Flat,,,,,,Overcast,2093600,1,0.0,0.0,6.0,,,0.0,,,,,,Wellington Region,Nil,2-way,Sealed,,0.0,1,,100.0,,Off,0.0,0.0,,47,Wellington City,Nil,,,,,1.0,0.0,Open,0.0,,,Light rain,Null,0
67681347,,574500,0.0,,0.0,1.0,,North,2023/2024,HUTT ROAD,SCHOOL ROAD,,Non-Injury Crash,No,2023,,South,,0,,Flat,,,,,,Bright sun,2093600,0,0.0,0.0,4.0,,,0.0,,,,,,Wellington Region,Nil,2-way,Sealed,,0.0,0,,60.0,,Off,1.0,0.0,,47,Wellington City,Nil,,,,,0.0,0.0,Urban,0.0,,,Fine,Null,0
67681353,,574600,0.0,0.0,0.0,1.0,0.0,East,2023/2024,LENNEL ROAD,PITT STREET,,Non-Injury Crash,No,2023,0.0,East,0.0,0,0.0,Hill Road,0.0,,0.0,,0.0,Overcast,2100200,0,0.0,0.0,2.0,0.0,0.0,0.0,0.0,0.0,,1.0,0.0,Wellington Region,Nil,2-way,Sealed,0.0,0.0,0,0.0,30.0,0.0,Off,0.0,0.0,,47,Wellington City,Nil,0.0,0.0,0.0,0.0,0.0,0.0,Urban,0.0,0.0,0.0,Fine,Null,0
67681354,,573101,1.0,,0.0,1.0,,Null,2015/2016,TORY ST,COURTENAY PLACE,,Serious Crash,No,2016,,East,,0,,Flat,,,,,,Dark,2135600,0,0.0,0.0,2.0,,,0.0,,,,,,Wellington Region,Nil,2-way,Sealed,,0.0,1,,50.0,,On,0.0,0.0,,47,Wellington City,Traffic Signals,,,,,0.0,0.0,Urban,0.0,,,Fine,Null,0
67681366,,573000,0.0,,0.0,3.0,,North,2022/2023,WELLINGTON URBAN MOTORWAY,EVERTON OBR,,Non-Injury Crash,Yes,2023,,South,,0,,Flat,,,,,,Twilight,2126403,0,0.0,0.0,1.0,,,0.0,,,,,,Wellington Region,Nil,1-way,Sealed,,0.0,0,,60.0,,On,0.0,0.0,,47,Wellington City,Nil,,,,,0.0,0.0,Urban,0.0,,,Fine,Frost,0
67681431,,576800,0.0,0.0,0.0,0.0,0.0,North,2014/2015,SH 1N,GOA ST,,Minor Crash,Yes,2015,0.0,North,0.0,0,0.0,Hill Road,0.0,,0.0,,1.0,Bright sun,2181700,1,1.0,0.0,2.0,0.0,0.0,0.0,0.0,0.0,,0.0,0.0,Wellington Region,Nil,2-way,Sealed,0.0,0.0,0,0.0,70.0,0.0,Off,0.0,0.0,,47,Wellington City,Nil,0.0,0.0,0.0,0.0,0.0,0.0,Urban,0.0,0.0,0.0,Fine,Null,0
67681477,,576301,0.0,,0.0,1.0,,South,2015/2016,ADELAIDE ROAD,HALL ST,,Minor Crash,No,2015,,South,,0,,Flat,,,,,,Twilight,2164700,1,0.0,1.0,2.0,,,0.0,,,,,,Wellington Region,Nil,2-way,Sealed,,0.0,0,,50.0,,Off,0.0,0.0,,47,Wellington City,Unknown,,,,,0.0,0.0,Urban,0.0,,,Fine,Null,0
67681510,,574302,0.0,0.0,0.0,2.0,0.0,South,2022/2023,GANGES ROAD,AGRA CRESCENT,,Non-Injury Crash,No,2023,0.0,West,0.0,0,0.0,Hill Road,0.0,,0.0,,0.0,Dark,2091200,0,0.0,0.0,1.0,0.0,0.0,0.0,0.0,1.0,,0.0,0.0,Wellington Region,Nil,1-way,Sealed,0.0,0.0,0,0.0,30.0,0.0,On,0.0,0.0,,47,Wellington City,Nil,0.0,0.0,0.0,0.0,0.0,0.0,Urban,0.0,0.0,0.0,Fine,Null,0
67681550,,573101,0.0,,0.0,1.0,,West,2023/2024,COURTENAY PLACE,CAMBRIDGE TERRACE,,Minor Crash,No,2023,,West,,0,,Flat,,,,,,Bright sun,2136000,1,0.0,0.0,1.0,,,0.0,,,1.0,,,Wellington Region,Nil,1-way,Sealed,,0.0,0,,30.0,,Off,0.0,1.0,,47,Wellington City,Nil,,,,,0.0,0.0,Urban,0.0,,,Fine,Null,0
67681558,,574702,0.0,0.0,0.0,1.0,1.0,South,2023/2024,CHURCHILL DRIVE,WILTON BUSH ROAD,,Non-Injury Crash,No,2023,0.0,South,0.0,0,0.0,Hill Road,0.0,,0.0,,0.0,Dark,2103800,0,0.0,0.0,2.0,0.0,0.0,0.0,0.0,0.0,,0.0,0.0,Wellington Region,Nil,2-way,Sealed,0.0,0.0,0,0.0,50.0,0.0,On,0.0,0.0,,47,Wellington City,Nil,0.0,0.0,0.0,0.0,0.0,0.0,Urban,0.0,0.0,0.0,Fine,Null,0
67681576,,573700,0.0,0.0,0.0,3.0,0.0,South,2022/2023,JOHNSONVILLE PORIRUA MOTORWAY,HELSTON OBR,,Minor Crash,Yes,2022,0.0,North,0.0,0,0.0,Hill Road,1.0,,0.0,,0.0,Bright sun,2082800,1,0.0,0.0,4.0,0.0,0.0,0.0,0.0,0.0,,0.0,0.0,Wellington Region,Nil,2-way,Sealed,0.0,0.0,0,0.0,80.0,0.0,Off,1.0,0.0,,47,Wellington City,Unknown,0.0,0.0,0.0,0.0,1.0,0.0,Open,1.0,0.0,0.0,Fine,Null,0
67681639,,572900,2.0,,0.0,1.0,,Null,2016/2017,THORNDON QUAY,TINIKORI ROAD,,Minor Crash,No,2017,,North,,0,,Flat,,,,,,Twilight,2118400,1,0.0,0.0,2.0,,,0.0,,,,,,Wellington Region,Nil,2-way,Sealed,,0.0,0,,50.0,,On,0.0,0.0,,47,Wellington City,Give way,,,,,0.0,0.0,Urban,0.0,,,Fine,Null,0
67681642,,576301,0.0,0.0,0.0,0.0,0.0,North,2022/2023,HUTCHISON ROAD,FINNIMORE TERRACE,,Non-Injury Crash,No,2023,0.0,South,0.0,0,0.0,Hill Road,0.0,,0.0,,0.0,Dark,2164200,0,0.0,0.0,2.0,0.0,0.0,0.0,0.0,0.0,,0.0,0.0,Wellington Region,Nil,2-way,Sealed,0.0,0.0,0,0.0,50.0,0.0,On,0.0,0.0,,47,Wellington City,Nil,0.0,0.0,0.0,1.0,0.0,0.0,Urban,1.0,0.0,0.0,Light rain,Null,0
67681660,,574900,0.0,0.0,0.0,2.0,0.0,South,2022/2023,MORLEY STREET,RANELAGH STREET,,Non-Injury Crash,No,2023,0.0,South,0.0,0,0.0,Flat,0.0,,0.0,,0.0,Dark,2109900,0,0.0,0.0,2.0,0.0,0.0,0.0,0.0,1.0,,0.0,0.0,Wellington Region,Nil,2-way,Sealed,0.0,0.0,0,0.0,50.0,0.0,On,0.0,0.0,,47,Wellington City,Nil,0.0,0.0,0.0,0.0,0.0,0.0,Urban,0.0,0.0,0.0,Heavy rain,Null,0
67681715,,577000,0.0,0.0,0.0,1.0,0.0,West,2022/2023,WHA STREET,PALM AVENUE,,Non-Injury Crash,No,2023,0.0,East,0.0,0,0.0,Flat,0.0,,0.0,,0.0,Overcast,2174700,0,0.0,0.0,2.0,0.0,0.0,0.0,0.0,1.0,,0.0,0.0,Wellington Region,Nil,2-way,Sealed,0.0,0.0,0,0.0,50.0,0.0,Off,0.0,0.0,,47,Wellington City,Nil,0.0,0.0,0.0,0.0,0.0,0.0,Urban,1.0,0.0,0.0,Fine,Null,0
67681754,,574401,0.0,0.0,0.0,2.0,0.0,South,2023/2024,AMAPUR DRIVE,NADIA GROVE,,Non-Injury Crash,No,2023,0.0,West,0.0,0,0.0,Hill Road,0.0,,0.0,,0.0,Bright sun,2087104,0,0.0,0.0,2.0,0.0,0.0,0.0,0.0,1.0,,0.0,0.0,Wellington Region,Nil,2-way,Sealed,0.0,0.0,0,0.0,50.0,0.0,Off,0.0,0.0,,47,Wellington City,Nil,0.0,0.0,0.0,0.0,0.0,0.0,Urban,0.0,0.0,0.0,Fine,Strong wind,0
67681795,,573101,0.0,0.0,0.0,2.0,0.0,Null,2023/2024,WAKEFIELD STREET,CHAFFERS STREET,,Minor Crash,No,2024,0.0,South,0.0,0,0.0,Flat,0.0,,0.0,,0.0,Bright sun,2135700,2,0.0,0.0,3.0,0.0,1.0,0.0,0.0,0.0,,0.0,0.0,Wellington Region,Nil,1-way,Sealed,0.0,0.0,0,0.0,50.0,0.0,Off,0.0,0.0,,47,Wellington City,Stop,0.0,0.0,0.0,0.0,0.0,0.0,Urban,0.0,0.0,0.0,Fine,Null,0
67681812,,574302,0.0,0.0,0.0,1.0,0.0,North,2023/2024,GANGES ROAD,DEKKA STREET,,Non-Injury Crash,No,2023,0.0,South,0.0,0,0.0,Flat,0.0,,1.0,,0.0,Overcast,2091200,0,0.0,0.0,1.0,0.0,0.0,0.0,0.0,0.0,,1.0,0.0,Wellington Region,Nil,1-way,Sealed,0.0,0.0,0,0.0,50.0,0.0,Off,0.0,0.0,,47,Wellington City,Nil,0.0,0.0,0.0,0.0,0.0,0.0,Urban,0.0,0.0,0.0,Fine,Null,0
67681897,,573000,0.0,,0.0,1.0,,Null,2023/2024,BRANDON STREET,FEATHERSTON STREET,,Minor Crash,No,2023,,South,,0,,Flat,,,,,,Bright sun,2125600,1,0.0,0.0,2.0,,,0.0,,,1.0,,,Wellington Region,Nil,1-way,Sealed,,0.0,0,,30.0,,Off,0.0,0.0,,47,Wellington City,Traffic Signals,,,,,0.0,0.0,Urban,0.0,,,Fine,Null,0
67681901,,573000,0.0,,0.0,2.0,,East,2016/2017,MACDONALD CRESCENT,THE TERRACE,,Non-Injury Crash,No,2016,,West,,0,,Hill Road,,,,,,Twilight,2128700,0,0.0,0.0,2.0,,,0.0,,,,,,Wellington Region,Nil,2-way,Sealed,,0.0,0,,50.0,,On,0.0,0.0,,47,Wellington City,Unknown,,,,,0.0,0.0,Urban,0.0,,,Fine,Null,0
67681920,,574702,0.0,,0.0,2.0,,West,2023/2024,WILTON ROAD,WARWICK STREET,,Non-Injury Crash,No,2023,,West,,0,,Flat,,,,,,Overcast,2103900,0,0.0,0.0,2.0,,,0.0,,,,,,Wellington Region,Nil,2-way,Sealed,,0.0,0,,50.0,,Off,0.0,0.0,,47,Wellington City,Nil,,,,,0.0,0.0,Urban,0.0,,,Fine,Null,0
67681929,,574303,0.0,,0.0,1.0,,South,2022/2023,WELLINGTON URBAN MOTORWAY,HUTT ROAD,,Non-Injury Crash,Yes,2023,,South,,0,,Flat,,,,,,Overcast,2090402,0,0.0,0.0,3.0,,,0.0,,,,,,Wellington Region,Nil,1-way,Sealed,,0.0,0,,100.0,,None,0.0,0.0,,47,Wellington City,Nil,,,,,1.0,0.0,Open,0.0,,,Fine,Null,0
67681940,,572900,0.0,0.0,0.0,1.0,0.0,West,2016/2017,SH 1N,MURPHY OFF SBD,,Non-Injury Crash,Yes,2016,0.0,West,0.0,0,0.0,Flat,0.0,,0.0,,0.0,Overcast,2117902,0,0.0,0.0,3.0,0.0,0.0,0.0,0.0,0.0,,0.0,1.0,Wellington Region,Nil,1-way,Sealed,0.0,0.0,0,0.0,100.0,0.0,Null,0.0,0.0,,47,Wellington City,Unknown,0.0,0.0,0.0,0.0,0.0,0.0,Open,0.0,0.0,0.0,Heavy rain,Null,0
67681985,,576400,0.0,,0.0,1.0,,Null,2022/2023,CONSTABLE STREET,COROMANDEL STREET,,Non-Injury Crash,No,2022,,West,,0,,Hill Road,,,,,,Overcast,2168200,0,0.0,0.0,2.0,,,0.0,,,,,,Wellington Region,Nil,2-way,Sealed,,0.0,0,,50.0,,Off,1.0,0.0,,47,Wellington City,Traffic Signals,,,,,0.0,0.0,Urban,0.0,,,Light rain,Null,0
67682051,,573700,0.0,,0.0,2.0,,Null,2022/2023,JOHNSONVILLE ROAD,MOOREFIELD ROAD,,Non-Injury Crash,No,2023,,North,,0,,Flat,,,,,,Overcast,2082800,0,0.0,0.0,1.0,,,0.0,,,,,,Wellington Region,Nil,2-way,Sealed,,0.0,0,,50.0,,Off,0.0,0.0,,47,Wellington City,Give way,,,,,0.0,0.0,Urban,0.0,,,Fine,Null,0
67682060,,575000,0.0,,0.0,1.0,,Null,2015/2016,KARORI ROAD,OLD KARORI ROAD,,Non-Injury Crash,No,2016,,East,,0,,Flat,,,,,,Bright sun,2111000,0,0.0,0.0,3.0,,,0.0,,,,,,Wellington Region,Nil,2-way,Sealed,,0.0,0,,50.0,,Null,1.0,0.0,,47,Wellington City,Traffic Signals,,,,,0.0,0.0,Urban,0.0,,,Fine,Null,0
67682067,,572900,0.0,0.0,0.0,1.0,0.0,South,2022/2023,AOTEA QUAY ON RAMP,WELLINGTON URBAN MOTORWAY,,Non-Injury Crash,No,2023,0.0,North,0.0,0,0.0,Flat,1.0,Queens Birthday,0.0,,0.0,Dark,2118400,0,0.0,0.0,1.0,0.0,0.0,0.0,0.0,0.0,,0.0,0.0,Wellington Region,Nil,1-way,Sealed,0.0,0.0,0,0.0,70.0,0.0,On,0.0,0.0,,47,Wellington City,Nil,0.0,0.0,0.0,0.0,0.0,0.0,Urban,0.0,0.0,0.0,Fine,Null,0
67682073,,574702,0.0,0.0,0.0,1.0,0.0,Null,2023/2024,WILTON ROAD,WARWICK STREET,,Minor Crash,No,2023,0.0,West,0.0,0,1.0,Hill Road,0.0,,0.0,,0.0,Dark,2103900,1,0.0,0.0,1.0,0.0,0.0,0.0,0.0,0.0,,0.0,0.0,Wellington Region,Nil,2-way,Sealed,0.0,0.0,0,0.0,50.0,0.0,On,0.0,0.0,,47,Wellington City,Stop,0.0,0.0,0.0,0.0,0.0,0.0,Urban,1.0,0.0,0.0,Fine,Null,0
67682109,,577302,0.0,0.0,0.0,3.0,0.0,Null,2022/2023,TOWNSEND ROAD,ATHENS STREET,,Non-Injury Crash,No,2023,0.0,North,0.0,0,0.0,Hill Road,0.0,,0.0,,0.0,Dark,2204700,0,0.0,0.0,2.0,0.0,0.0,0.0,0.0,1.0,,0.0,0.0,Wellington Region,Nil,2-way,Sealed,0.0,0.0,0,0.0,50.0,0.0,On,0.0,0.0,,47,Wellington City,Give way,0.0,0.0,0.0,0.0,0.0,0.0,Urban,1.0,0.0,0.0,Fine,Null,0
67682275,,577700,0.0,0.0,0.0,1.0,1.0,West,2023/2024,MAKARA ROAD,OPAU ROAD,,Non-Injury Crash,No,2023,0.0,South,0.0,0,0.0,Flat,0.0,Christmas New Year,0.0,,0.0,Overcast,2116500,0,0.0,0.0,2.0,0.0,0.0,0.0,0.0,0.0,,0.0,0.0,Wellington Region,Nil,2-way,Sealed,0.0,0.0,0,0.0,60.0,0.0,Off,0.0,0.0,,47,Wellington City,Nil,0.0,0.0,0.0,0.0,0.0,0.0,Urban,0.0,0.0,0.0,Fine,Null,0