OBJECTID,advisorySpeed,areaUnitID,bicycle,bridge,bus,carStationWagon,cliffBank,crashDirectionDescription,crashFinancialYear,crashLocation1,crashLocation2,crashRoadSideRoad,crashSeverity,crashSHDescription,crashYear,debris,directionRoleDescription,ditch,fatalCount,fence,flatHill,guardRail,holiday,houseOrBuilding,intersection,kerb,light,meshblockId,minorInjuryCount,moped,motorcycle,NumberOfLanes,objectThrownOrDropped,otherObject,otherVehicleType,overBank,parkedVehicle,pedestrian,phoneBoxEtc,postOrPole,region,roadCharacter,roadLane,roadSurface,roadworks,schoolBus,seriousInjuryCount,slipOrFlood,speedLimit,strayAnimal,streetLight,suv,taxi,temporarySpeedLimit,tlaId,tlaName,trafficControl,trafficIsland,trafficSign,train,tree,truck,unknownVehicleType,urban,vanOrUtility,vehicle,waterRiver,weatherA,weatherB,if_pandemic
67682286,,574800,0.0,,0.0,1.0,,West,2015/2016,KARORI ROAD,LANCASTER ST,,Minor Crash,No,2015,,East,,0,,Hill Road,,,,,,Bright sun,2107004,1,1.0,0.0,2.0,,,0.0,,,,,,Wellington Region,Nil,2-way,Sealed,,0.0,0,,50.0,,Null,0.0,0.0,,47,Wellington City,Give way,,,,,0.0,0.0,Urban,0.0,,,Fine,Null,0
67682288,,573000,0.0,,0.0,3.0,,South,2015/2016,SH 1N,SOUTH PORTAL,,Non-Injury Crash,Yes,2016,,South,,0,,Null,,,,,,Bright sun,2130600,0,0.0,0.0,3.0,,,0.0,,,,,,Wellington Region,Motorway ramp,2-way,Sealed,,0.0,0,,100.0,,Null,0.0,0.0,,47,Wellington City,Unknown,,,,,0.0,0.0,Open,0.0,,,Fine,Null,0
67682294,,573700,0.0,,0.0,2.0,,South,2014/2015,PHILLIP ST,FRANKMOORE AVENUE,,Non-Injury Crash,No,2015,,North,,0,,Flat,,,,,,Bright sun,2081800,0,0.0,0.0,1.0,,,0.0,,,,,,Wellington Region,Nil,2-way,Sealed,,0.0,0,,50.0,,Null,0.0,0.0,,47,Wellington City,Nil,,,,,0.0,0.0,Urban,0.0,,,Fine,Null,0
67682297,,573514,0.0,0.0,0.0,0.0,0.0,South,2023/2024,JOHNSONVILLE PORIRUA MOTORWAY,CHURTON PARK-GLENSIDE OFF RAMP,,Minor Crash,Yes,2024,0.0,North,0.0,0,0.0,Flat,1.0,,0.0,,0.0,Overcast,2086204,2,0.0,0.0,2.0,0.0,0.0,0.0,0.0,0.0,,0.0,0.0,Wellington Region,Nil,1-way,Sealed,0.0,0.0,0,0.0,100.0,0.0,Off,0.0,0.0,,47,Wellington City,Nil,0.0,0.0,0.0,0.0,0.0,0.0,Open,1.0,0.0,0.0,Fine,Strong wind,0
67682309,,574402,0.0,0.0,0.0,2.0,0.0,East,2014/2015,COCKAYNE ROAD,SETSAN WAY,,Non-Injury Crash,No,2015,0.0,West,0.0,0,0.0,Flat,0.0,,0.0,,0.0,Bright sun,2097300,0,0.0,0.0,2.0,0.0,0.0,0.0,0.0,1.0,,0.0,0.0,Wellington Region,Nil,2-way,Sealed,0.0,0.0,0,0.0,50.0,0.0,Off,0.0,0.0,30.0,47,Wellington City,Nil,0.0,0.0,0.0,0.0,0.0,0.0,Urban,0.0,0.0,0.0,Fine,Null,0
67682340,,573000,0.0,,1.0,0.0,,Null,2022/2023,HUNTER STREET,FEATHERSTON STREET,,Non-Injury Crash,No,2023,,South,,0,,Flat,,Easter,,,,Dark,2125800,0,0.0,0.0,3.0,,,0.0,,,,,,Wellington Region,Nil,1-way,Sealed,,0.0,0,,30.0,,On,0.0,0.0,,47,Wellington City,Traffic Signals,,,,,0.0,0.0,Urban,1.0,,,Fine,Null,0
67682355,,572900,0.0,,0.0,1.0,,Null,2022/2023,TINAKORI ROAD,POPLAR GROVE,,Non-Injury Crash,No,2022,,South,,0,,Flat,,,,,,Bright sun,2119800,0,0.0,0.0,2.0,,,0.0,,,,,,Wellington Region,Nil,2-way,Sealed,,0.0,0,,50.0,,Off,1.0,0.0,,47,Wellington City,Give way,,,,,0.0,0.0,Urban,0.0,,,Fine,Null,0
67682416,,574002,0.0,0.0,0.0,1.0,0.0,South,2023/2024,CENTENNIAL HIGHWAY,CENTENNIAL HIGHWAY OFF RAMP,,Minor Crash,Yes,2023,0.0,South,0.0,0,0.0,Hill Road,0.0,,0.0,,0.0,Twilight,2078302,1,0.0,0.0,2.0,0.0,0.0,0.0,0.0,0.0,,0.0,1.0,Wellington Region,Overpass,1-way,Sealed,0.0,0.0,0,0.0,100.0,0.0,Off,0.0,0.0,,47,Wellington City,Nil,0.0,0.0,0.0,0.0,0.0,0.0,Open,0.0,0.0,0.0,Fine,Strong wind,0
67682466,,572900,0.0,,0.0,0.0,,Null,2022/2023,MURPHY STREET,TURNBULL STREET,,Non-Injury Crash,No,2022,,South,,0,,Flat,,,,,,Twilight,2119200,0,0.0,0.0,2.0,,,0.0,,,,,,Wellington Region,Nil,1-way,Sealed,,0.0,0,,50.0,,Off,0.0,0.0,,47,Wellington City,Nil,,,,,0.0,0.0,Urban,2.0,,,Fine,Null,0
67682476,,575800,0.0,,0.0,1.0,,South,2022/2023,OHIRO ROAD,RUA KAI WAY,,Non-Injury Crash,No,2022,,North,,0,,Flat,,,,,,Dark,2196801,0,0.0,0.0,2.0,,,0.0,,,,,,Wellington Region,Nil,2-way,Sealed,,0.0,0,,50.0,,On,0.0,0.0,,47,Wellington City,Nil,,,,,0.0,0.0,Urban,0.0,,,Light rain,Null,0
67682539,,574600,0.0,,0.0,2.0,,West,2014/2015,CECIL ROAD,RANGIMARIE WAY,,Non-Injury Crash,No,2015,,East,,0,,Hill Road,,Christmas New Year,,,,Bright sun,2100300,0,0.0,0.0,2.0,,,0.0,,,,,,Wellington Region,Nil,2-way,Sealed,,0.0,0,,50.0,,Null,0.0,0.0,,47,Wellington City,Nil,,,,,0.0,0.0,Urban,0.0,,,Fine,Null,0
67682592,,574304,0.0,0.0,0.0,1.0,0.0,South,2021/2022,ONSLOW ROAD,MANDALAY TERRACE,,Non-Injury Crash,No,2022,0.0,North,0.0,0,0.0,Hill Road,0.0,,0.0,,0.0,Unknown,2089803,0,0.0,0.0,2.0,0.0,0.0,0.0,0.0,1.0,,0.0,0.0,Wellington Region,Nil,2-way,Sealed,0.0,0.0,0,0.0,50.0,0.0,Null,1.0,0.0,,47,Wellington City,Unknown,0.0,0.0,0.0,0.0,0.0,0.0,Urban,0.0,0.0,0.0,Null,Null,0
67682600,,573700,0.0,,1.0,0.0,,Null,2022/2023,MOOREFIELD ROAD,HELSTON ROAD,,Non-Injury Crash,No,2023,,North,,0,,Flat,,,,,,Overcast,2082300,0,0.0,0.0,2.0,,,0.0,,,,,,Wellington Region,Nil,1-way,Sealed,,0.0,0,,50.0,,Off,0.0,0.0,,47,Wellington City,Give way,,,,,0.0,0.0,Urban,1.0,,,Heavy rain,Null,0
67682633,,573523,0.0,,0.0,2.0,,North,2022/2023,CHURTON PARK-GLENSIDE OFF RAMP,GRENADA DRIVE,,Non-Injury Crash,No,2023,,South,,0,,Hill Road,,,,,,Overcast,2086312,0,0.0,0.0,1.0,,,0.0,,,,,,Wellington Region,Motorway ramp,1-way,Sealed,,0.0,0,,100.0,,Off,0.0,0.0,,47,Wellington City,Nil,,,,,0.0,0.0,Open,0.0,,,Fine,Strong wind,0
67682645,,577301,0.0,0.0,0.0,1.0,0.0,East,2016/2017,Z DRIVEWAY,AWA ROAD,,Minor Crash,No,2016,0.0,East,0.0,0,1.0,Null,0.0,,0.0,,0.0,Overcast,2204300,1,0.0,0.0,0.0,0.0,1.0,0.0,0.0,0.0,,0.0,0.0,Wellington Region,Nil,Off road,Sealed,0.0,0.0,0,0.0,50.0,0.0,Null,1.0,0.0,,47,Wellington City,Nil,0.0,0.0,0.0,0.0,0.0,0.0,Urban,0.0,0.0,0.0,Fine,Null,0
67682662,45.0,573801,0.0,0.0,0.0,0.0,0.0,South,2022/2023,MARK AVENUE,TERRANCE GROVE,,Non-Injury Crash,No,2023,0.0,South,0.0,0,2.0,Flat,0.0,,0.0,,0.0,Dark,2079401,0,0.0,0.0,2.0,0.0,0.0,0.0,0.0,1.0,,0.0,0.0,Wellington Region,Nil,2-way,Sealed,0.0,0.0,0,0.0,50.0,0.0,Off,1.0,0.0,,47,Wellington City,Nil,0.0,0.0,0.0,0.0,0.0,0.0,Urban,1.0,0.0,0.0,Fine,Null,0
67682697,25.0,575600,0.0,0.0,0.0,2.0,0.0,West,2022/2023,MITCHELL STREET,TODMAN STREET,,Non-Injury Crash,No,2023,0.0,South,0.0,0,1.0,Hill Road,0.0,,0.0,,0.0,Dark,2161502,0,0.0,0.0,2.0,0.0,0.0,0.0,0.0,1.0,,0.0,0.0,Wellington Region,Nil,2-way,Sealed,0.0,0.0,0,0.0,50.0,0.0,On,0.0,0.0,,47,Wellington City,Nil,0.0,0.0,0.0,0.0,0.0,0.0,Urban,0.0,0.0,0.0,Light rain,Null,0
67682700,,573101,0.0,,0.0,2.0,,North,2015/2016,WAKEFIELD ST,CUBA ST,,Non-Injury Crash,No,2016,,North,,0,,Flat,,Christmas New Year,,,,Bright sun,2131200,0,0.0,0.0,2.0,,,0.0,,,,,,Wellington Region,Nil,2-way,Sealed,,0.0,0,,50.0,,Null,0.0,0.0,,47,Wellington City,Unknown,,,,,0.0,0.0,Urban,0.0,,,Fine,Null,0
67682741,,574500,0.0,,0.0,1.0,,Null,2023/2024,HUTT ROAD,HUTT ROAD,,Non-Injury Crash,No,2023,,South,,0,,Flat,,,,,,Overcast,2093600,0,0.0,0.0,4.0,,,0.0,,,,,,Wellington Region,Nil,2-way,Sealed,,0.0,0,,60.0,,Off,0.0,0.0,,47,Wellington City,Nil,,,,,0.0,0.0,Urban,1.0,,,Fine,Null,0
67682898,,572900,0.0,0.0,0.0,2.0,0.0,North,2016/2017,SYDNEY ST WEST,BOWEN ST,,Non-Injury Crash,No,2016,0.0,West,0.0,0,0.0,Hill Road,0.0,,0.0,,0.0,Dark,2121800,0,0.0,0.0,2.0,0.0,0.0,0.0,0.0,1.0,,0.0,0.0,Wellington Region,Nil,2-way,Sealed,0.0,0.0,0,0.0,50.0,0.0,On,0.0,0.0,,47,Wellington City,Unknown,0.0,0.0,0.0,0.0,0.0,0.0,Urban,0.0,0.0,0.0,Null,Null,0
67682938,,577302,0.0,,0.0,0.0,,South,2016/2017,TAUHINU ROAD,BOOTH ST,,Non-Injury Crash,No,2016,,North,,0,,Flat,,,,,,Bright sun,2205701,0,0.0,0.0,2.0,,,0.0,,,,,,Wellington Region,Nil,2-way,Sealed,,0.0,0,,50.0,,Null,2.0,0.0,,47,Wellington City,Unknown,,,,,0.0,0.0,Urban,0.0,,,Fine,Null,0
67682997,,573700,0.0,,0.0,0.0,,South,2022/2023,HAUMIA STREET,TUAPAPA STREET,,Non-Injury Crash,No,2022,,East,,0,,Flat,,,,,,Unknown,2083600,0,0.0,0.0,2.0,,,0.0,,,,,,Wellington Region,Nil,2-way,Sealed,,0.0,0,,50.0,,Null,0.0,0.0,,47,Wellington City,Nil,,,,,0.0,0.0,Urban,2.0,,,Null,Null,0
67683016,,573903,0.0,,0.0,2.0,,Null,2016/2017,NEWLANDS ROAD,NEWLANDS OFF SBD,,Minor Crash,No,2016,,East,,0,,Flat,,,,,,Overcast,2075103,1,0.0,0.0,3.0,,,0.0,,,,,,Wellington Region,Motorway ramp,2-way,Sealed,,0.0,0,,50.0,,Null,0.0,0.0,,47,Wellington City,Nil,,,,,0.0,0.0,Urban,0.0,,,Fine,Null,0
67683051,,576001,0.0,0.0,0.0,2.0,0.0,West,2022/2023,RIBBLE STREET,DERWENT STREET,,Non-Injury Crash,No,2023,0.0,West,0.0,0,0.0,Hill Road,0.0,,0.0,,0.0,Bright sun,2187803,0,0.0,0.0,2.0,0.0,0.0,0.0,0.0,1.0,,0.0,0.0,Wellington Region,Nil,2-way,Sealed,0.0,0.0,0,0.0,50.0,0.0,Off,0.0,0.0,,47,Wellington City,Nil,0.0,0.0,0.0,0.0,0.0,0.0,Urban,0.0,0.0,0.0,Fine,Null,0
67683094,,573300,0.0,,0.0,1.0,,North,2016/2017,SH 1N,BUCKLE ST,,Non-Injury Crash,Yes,2017,,North,,0,,Flat,,,,,,Dark,2145602,0,0.0,0.0,2.0,,,0.0,,,,,,Wellington Region,Nil,1-way,Sealed,,0.0,0,,50.0,,On,0.0,0.0,,47,Wellington City,Unknown,,,,,0.0,0.0,Urban,0.0,,,Heavy rain,Null,0
67683155,,573101,0.0,0.0,1.0,1.0,0.0,West,2016/2017,COURTENAY PLACE,BLAIR ST,,Non-Injury Crash,No,2016,0.0,East,0.0,0,0.0,Flat,0.0,,0.0,,0.0,Dark,2135700,0,0.0,0.0,1.0,0.0,0.0,0.0,0.0,0.0,,0.0,0.0,Wellington Region,Nil,1-way,Sealed,0.0,0.0,0,0.0,30.0,0.0,On,0.0,0.0,,47,Wellington City,Unknown,0.0,0.0,0.0,0.0,0.0,0.0,Urban,0.0,1.0,0.0,Fine,Null,0
67683178,,576800,1.0,,0.0,1.0,,North,2023/2024,EVANS BAY PARADE,GRETA PT,,Minor Crash,No,2023,,South,,0,,Flat,,,,,,Overcast,2182400,1,0.0,0.0,2.0,,,0.0,,,,,,Wellington Region,Nil,2-way,Sealed,,0.0,0,,50.0,,Off,0.0,0.0,,47,Wellington City,Stop,,,,,0.0,0.0,Urban,0.0,,,Fine,Null,0
67683285,,577000,0.0,0.0,0.0,3.0,0.0,North,2023/2024,RUA STREET,SUTHERLAND ROAD,,Minor Crash,No,2024,0.0,South,0.0,0,0.0,Flat,0.0,,0.0,,0.0,Dark,2174400,1,0.0,0.0,2.0,0.0,0.0,0.0,0.0,1.0,,0.0,0.0,Wellington Region,Nil,2-way,Sealed,0.0,0.0,0,0.0,50.0,0.0,On,0.0,0.0,,47,Wellington City,Nil,0.0,0.0,0.0,0.0,0.0,0.0,Urban,0.0,0.0,0.0,Fine,Null,0
67683302,,573101,0.0,,0.0,2.0,,South,2015/2016,TORY ST,SH 1N,,Minor Crash,No,2015,,South,,0,,Flat,,,,,,Bright sun,2136600,1,0.0,0.0,2.0,,,0.0,,,,,,Wellington Region,Nil,2-way,Sealed,,0.0,0,,50.0,,Off,0.0,0.0,,47,Wellington City,Nil,,,,,0.0,0.0,Urban,0.0,,,Fine,Null,0
67683311,,573101,0.0,,0.0,1.0,,Null,2023/2024,MARION STREET,SWAN LANE,,Minor Crash,No,2023,,South,,0,,Flat,,,,,,Dark,2133700,1,1.0,0.0,2.0,,,0.0,,,,,,Wellington Region,Nil,2-way,Sealed,,0.0,0,,30.0,,On,0.0,0.0,,47,Wellington City,Nil,,,,,0.0,0.0,Urban,0.0,,,Fine,Null,0
67683337,,572900,0.0,,0.0,1.0,,Null,2022/2023,LITTLE PIPITEA STREET,HAWKESTONE STREET,,Minor Crash,No,2023,,North,,0,,Flat,,,,,,Bright sun,2121100,1,0.0,1.0,2.0,,,0.0,,,,,,Wellington Region,Nil,1-way,Sealed,,0.0,0,,40.0,,Off,0.0,0.0,,47,Wellington City,Give way,,,,,0.0,0.0,Urban,0.0,,,Fine,Null,0
67683361,,572900,0.0,0.0,0.0,1.0,0.0,East,2022/2023,BOWEN STREET,SYDNEY STREET WEST,,Minor Crash,No,2023,0.0,East,0.0,0,0.0,Hill Road,0.0,,0.0,,0.0,Dark,2121900,1,0.0,0.0,4.0,0.0,0.0,0.0,0.0,0.0,,0.0,1.0,Wellington Region,Nil,2-way,Sealed,0.0,0.0,0,0.0,50.0,0.0,On,0.0,0.0,,47,Wellington City,Nil,0.0,0.0,0.0,0.0,0.0,0.0,Urban,0.0,0.0,0.0,Light rain,Null,0
67683403,,575000,1.0,0.0,0.0,2.0,0.0,West,2022/2023,CHAYTOR STREET,CURTIS STREET,,Serious Crash,No,2022,0.0,South,0.0,0,0.0,Hill Road,0.0,,0.0,,0.0,Bright sun,2111100,0,0.0,0.0,3.0,0.0,0.0,0.0,0.0,1.0,,0.0,0.0,Wellington Region,Nil,2-way,Sealed,0.0,0.0,1,0.0,50.0,0.0,Off,0.0,0.0,,47,Wellington City,Nil,0.0,0.0,0.0,0.0,0.0,0.0,Urban,0.0,0.0,0.0,Fine,Null,0
67683407,,573700,0.0,,0.0,1.0,,Null,2022/2023,MOOREFIELD ROAD,JOHNSONVILLE ON RAMP,,Non-Injury Crash,No,2023,,East,,0,,Flat,,,,,,Dark,2082300,0,0.0,0.0,2.0,,,0.0,,,,,,Wellington Region,Nil,2-way,Sealed,,0.0,0,,50.0,,On,0.0,0.0,,47,Wellington City,Give way,,,,,0.0,0.0,Urban,1.0,,,Fine,Null,0
67683431,,572900,0.0,0.0,0.0,3.0,0.0,South,2023/2024,WELLINGTON URBAN MOTORWAY,AOTEA QUAY ON RAMP,,Minor Crash,Yes,2024,0.0,North,0.0,0,0.0,Flat,1.0,,0.0,,0.0,Overcast,2118400,2,0.0,0.0,3.0,0.0,0.0,0.0,0.0,0.0,,0.0,0.0,Wellington Region,Nil,1-way,Sealed,0.0,0.0,0,0.0,100.0,0.0,Off,0.0,0.0,,47,Wellington City,Nil,0.0,0.0,0.0,0.0,0.0,0.0,Open,0.0,0.0,0.0,Light rain,Null,0
67683569,,573802,0.0,0.0,0.0,1.0,1.0,Null,2023/2024,ARTHUR CARMAN STREET,BURGESS ROAD,,Serious Crash,No,2024,0.0,South,0.0,0,0.0,Flat,0.0,,0.0,,0.0,Dark,2079200,2,0.0,0.0,2.0,0.0,0.0,0.0,0.0,0.0,,0.0,0.0,Wellington Region,Nil,2-way,Sealed,0.0,0.0,1,0.0,50.0,0.0,On,0.0,0.0,,47,Wellington City,Nil,0.0,0.0,0.0,0.0,0.0,0.0,Urban,0.0,0.0,0.0,Fine,Null,0
67683576,,574303,0.0,0.0,0.0,0.0,0.0,Null,2015/2016,SH 1N,ABATTOIRS,,Non-Injury Crash,Yes,2016,0.0,North,0.0,0,0.0,Hill Road,0.0,,0.0,,0.0,Overcast,2088705,0,0.0,0.0,4.0,0.0,0.0,0.0,0.0,0.0,,0.0,0.0,Wellington Region,Nil,1-way,Sealed,0.0,0.0,0,0.0,80.0,0.0,Null,0.0,0.0,,47,Wellington City,Unknown,0.0,0.0,0.0,0.0,0.0,0.0,Open,1.0,0.0,0.0,Fine,Null,0
67683630,,573200,1.0,,0.0,1.0,,Null,2015/2016,WILLIS ST,ARO ST,,Minor Crash,No,2016,,North,,0,,Flat,,,,,,Dark,2159202,1,0.0,0.0,2.0,,,0.0,,,,,,Wellington Region,Nil,1-way,Sealed,,0.0,0,,50.0,,On,0.0,0.0,,47,Wellington City,Give way,,,,,0.0,0.0,Urban,0.0,,,Fine,Null,0
67683642,,574302,0.0,0.0,0.0,1.0,0.0,South,2023/2024,AMRITSAR STREET,JUBILEE ROAD,,Non-Injury Crash,No,2023,0.0,South,0.0,0,1.0,Hill Road,0.0,,0.0,,0.0,Overcast,2090603,0,0.0,0.0,2.0,0.0,0.0,0.0,0.0,0.0,,0.0,0.0,Wellington Region,Nil,2-way,Sealed,0.0,0.0,0,0.0,50.0,0.0,None,0.0,0.0,,47,Wellington City,Nil,0.0,0.0,0.0,0.0,0.0,0.0,Urban,0.0,0.0,0.0,Fine,Null,0
67683652,,573522,0.0,0.0,0.0,1.0,0.0,West,2014/2015,TAKAPU ROAD,TAWA OFF NBD,,Non-Injury Crash,No,2015,0.0,West,0.0,0,0.0,Hill Road,0.0,,0.0,,1.0,Dark,2053703,0,0.0,0.0,2.0,0.0,0.0,0.0,0.0,0.0,,0.0,0.0,Wellington Region,Nil,2-way,Sealed,0.0,0.0,0,0.0,50.0,0.0,On,0.0,0.0,,47,Wellington City,Give way,1.0,1.0,0.0,0.0,0.0,0.0,Urban,0.0,0.0,0.0,Fine,Null,0
67683663,,573101,0.0,0.0,0.0,3.0,0.0,Null,2023/2024,CAMBRIDGE TERRACE,TENNYSON STREET,,Non-Injury Crash,No,2023,0.0,North,0.0,0,0.0,Flat,0.0,,0.0,,0.0,Twilight,2136100,0,0.0,0.0,2.0,0.0,0.0,0.0,0.0,1.0,,0.0,0.0,Wellington Region,Nil,1-way,Sealed,0.0,0.0,0,0.0,50.0,0.0,Off,0.0,0.0,,47,Wellington City,Nil,0.0,0.0,0.0,0.0,0.0,0.0,Urban,0.0,1.0,0.0,Fine,Null,0
67683670,,573511,0.0,,0.0,0.0,,South,2015/2016,SH 1N,WESTCHESTER OBR NBD,,Non-Injury Crash,Yes,2015,,North,,0,,Flat,,,,,,Dark,2086203,0,0.0,0.0,4.0,,,0.0,,,,,,Wellington Region,Nil,2-way,Sealed,,0.0,0,,100.0,,On,0.0,0.0,,47,Wellington City,Unknown,,,,,0.0,0.0,Open,2.0,,,Light rain,Null,0
67683707,,573523,0.0,0.0,0.0,1.0,0.0,South,2023/2024,JOHNSONVILLE PORIRUA MOTORWAY,CHURTON PARK-GLENSIDE ON RAMP,,Non-Injury Crash,Yes,2023,0.0,South,0.0,0,0.0,Flat,1.0,,0.0,,0.0,Overcast,2086310,0,0.0,0.0,2.0,0.0,0.0,0.0,0.0,0.0,,0.0,0.0,Wellington Region,Nil,1-way,Sealed,0.0,0.0,0,0.0,100.0,0.0,None,0.0,0.0,,47,Wellington City,Nil,0.0,0.0,0.0,0.0,0.0,0.0,Open,0.0,0.0,0.0,Fine,Null,0
67683802,,576903,0.0,,0.0,2.0,,Null,2023/2024,WELLINGTON ROAD,EVANS BAY PARADE,,Non-Injury Crash,Yes,2023,,East,,0,,Flat,,,,,,Bright sun,2180200,0,0.0,0.0,2.0,,,0.0,,,,,,Wellington Region,Nil,1-way,Sealed,,0.0,0,,50.0,,Off,0.0,0.0,,47,Wellington City,Traffic Signals,,,,,0.0,0.0,Urban,0.0,,,Fine,Null,0
67683833,,573524,0.0,0.0,0.0,1.0,0.0,East,2021/2022,SUNHAVEN DRIVE,DRESS CIRCLE,,Non-Injury Crash,No,2021,0.0,West,0.0,0,1.0,Hill Road,0.0,,1.0,,0.0,Unknown,2086409,0,0.0,0.0,2.0,0.0,0.0,0.0,0.0,0.0,,0.0,0.0,Wellington Region,Nil,2-way,Sealed,0.0,0.0,0,0.0,50.0,0.0,Null,0.0,0.0,,47,Wellington City,Nil,0.0,0.0,0.0,0.0,0.0,0.0,Urban,0.0,0.0,0.0,Null,Null,1
67683837,,576301,0.0,0.0,0.0,2.0,0.0,North,2021/2022,RIDDIFORD STREET,RHODES STREET,,Non-Injury Crash,No,2022,0.0,North,0.0,0,0.0,Flat,0.0,,0.0,,0.0,Dark,2165700,0,0.0,0.0,2.0,0.0,0.0,0.0,0.0,1.0,,0.0,0.0,Wellington Region,Nil,2-way,Sealed,0.0,0.0,0,0.0,40.0,0.0,On,0.0,0.0,,47,Wellington City,Nil,0.0,0.0,0.0,0.0,0.0,0.0,Urban,0.0,0.0,0.0,Fine,Null,0
67683850,,573000,0.0,0.0,0.0,1.0,0.0,North,2023/2024,WILLIS STREET,GHUZNEE STREET,,Non-Injury Crash,No,2023,0.0,North,0.0,0,0.0,Flat,0.0,,0.0,,0.0,Bright sun,2130700,0,0.0,0.0,3.0,0.0,0.0,0.0,0.0,1.0,,0.0,0.0,Wellington Region,Nil,2-way,Sealed,0.0,0.0,0,0.0,30.0,0.0,Off,0.0,0.0,,47,Wellington City,Nil,0.0,0.0,0.0,0.0,0.0,0.0,Urban,1.0,0.0,0.0,Fine,Null,0
67683865,,577601,0.0,0.0,0.0,1.0,0.0,North,2021/2022,KAIKOURA STREET,TAMAHINE STREET,,Non-Injury Crash,No,2021,0.0,South,0.0,0,0.0,Flat,0.0,,0.0,,0.0,Bright sun,2201901,0,0.0,0.0,2.0,0.0,0.0,0.0,0.0,1.0,,0.0,0.0,Wellington Region,Nil,2-way,Sealed,0.0,0.0,0,0.0,50.0,0.0,Null,0.0,0.0,,47,Wellington City,Nil,0.0,0.0,0.0,0.0,1.0,0.0,Urban,0.0,0.0,0.0,Null,Null,1
67683926,,573511,0.0,0.0,0.0,0.0,0.0,South,2023/2024,MIDDLETON ROAD,RICHMOND HILL,,Minor Crash,No,2023,0.0,South,0.0,0,0.0,Flat,0.0,,0.0,,0.0,Overcast,2086203,1,0.0,0.0,2.0,0.0,0.0,0.0,0.0,0.0,,0.0,0.0,Wellington Region,Nil,2-way,Sealed,0.0,0.0,0,0.0,70.0,0.0,None,0.0,0.0,,47,Wellington City,Nil,0.0,0.0,0.0,1.0,0.0,0.0,Urban,1.0,0.0,0.0,Fine,Null,0
67683941,,573400,0.0,0.0,0.0,0.0,0.0,East,2016/2017,STAFFORD ST,PORT ST,,Non-Injury Crash,No,2017,0.0,East,0.0,0,0.0,Hill Road,0.0,,1.0,,0.0,Dark,2139603,0,0.0,0.0,2.0,0.0,0.0,0.0,0.0,0.0,,0.0,0.0,Wellington Region,Nil,2-way,Sealed,0.0,0.0,0,0.0,50.0,0.0,On,0.0,0.0,,47,Wellington City,Unknown,0.0,0.0,0.0,0.0,0.0,0.0,Urban,1.0,0.0,0.0,Fine,Null,0
67684111,,574900,0.0,0.0,0.0,1.0,0.0,South,2023/2024,MAKARA ROAD,MAKARA SUM,,Non-Injury Crash,No,2023,0.0,North,0.0,0,1.0,Hill Road,0.0,,0.0,,0.0,Dark,2110006,0,0.0,0.0,2.0,0.0,0.0,0.0,0.0,0.0,,0.0,0.0,Wellington Region,Nil,2-way,Sealed,0.0,0.0,0,0.0,50.0,0.0,None,0.0,0.0,,47,Wellington City,Nil,0.0,0.0,0.0,1.0,0.0,0.0,Urban,0.0,0.0,0.0,Fine,Null,0
67684130,,573511,0.0,,0.0,2.0,,North,2015/2016,SH 1N,WESTCHESTER OBR NBD,,Non-Injury Crash,Yes,2016,,North,,0,,Flat,,,,,,Bright sun,2086203,0,0.0,0.0,2.0,,,0.0,,,,,,Wellington Region,Nil,1-way,Sealed,,0.0,0,,100.0,,Null,0.0,0.0,70.0,47,Wellington City,Unknown,,,,,0.0,0.0,Open,0.0,,,Fine,Null,0
67684138,,572900,0.0,,0.0,1.0,,North,2015/2016,SH 1N,HOBSON ST OBR NBD,,Non-Injury Crash,Yes,2016,,North,,0,,Flat,,,,,,Overcast,2118400,0,0.0,1.0,3.0,,,0.0,,,,,,Wellington Region,Nil,1-way,Sealed,,0.0,0,,100.0,,Null,0.0,0.0,,47,Wellington City,Unknown,,,,,0.0,0.0,Open,0.0,,,Fine,Null,0
67684206,,577102,0.0,,0.0,2.0,,Null,2023/2024,SIDLAW STREET,SIDLAW STREET,,Non-Injury Crash,No,2023,,South,,0,,Hill Road,,,,,,Dark,2215000,0,0.0,0.0,2.0,,,0.0,,,,,,Wellington Region,Nil,2-way,Sealed,,0.0,0,,50.0,,On,0.0,1.0,,47,Wellington City,Nil,,,,,0.0,0.0,Urban,0.0,,,Fine,Null,0
67684274,,574001,0.0,,0.0,1.0,,North,2016/2017,KENMORE ST,GLANMIRE ROAD,,Minor Crash,No,2016,,East,,0,,Hill Road,,,,,,Bright sun,2077400,1,0.0,0.0,2.0,,,0.0,,,,,,Wellington Region,Nil,2-way,Sealed,,0.0,0,,50.0,,Null,0.0,0.0,,47,Wellington City,Unknown,,,,,1.0,0.0,Urban,0.0,,,Fine,Null,0
67684335,,572900,0.0,,0.0,1.0,,Null,2023/2024,THORNDON QUAY,TINAKORI ROAD,,Minor Crash,No,2023,,North,,0,,Flat,,,,,,Bright sun,2118400,1,0.0,1.0,2.0,,,0.0,,,,,,Wellington Region,Nil,2-way,Sealed,,0.0,0,,50.0,,Off,0.0,0.0,,47,Wellington City,Give way,,,,,0.0,0.0,Urban,0.0,,,Fine,Null,0