OBJECTID,advisorySpeed,areaUnitID,bicycle,bridge,bus,carStationWagon,cliffBank,crashDirectionDescription,crashFinancialYear,crashLocation1,crashLocation2,crashRoadSideRoad,crashSeverity,crashSHDescription,crashYear,debris,directionRoleDescription,ditch,fatalCount,fence,flatHill,guardRail,holiday,houseOrBuilding,intersection,kerb,light,meshblockId,minorInjuryCount,moped,motorcycle,NumberOfLanes,objectThrownOrDropped,otherObject,otherVehicleType,overBank,parkedVehicle,pedestrian,phoneBoxEtc,postOrPole,region,roadCharacter,roadLane,roadSurface,roadworks,schoolBus,seriousInjuryCount,slipOrFlood,speedLimit,strayAnimal,streetLight,suv,taxi,temporarySpeedLimit,tlaId,tlaName,trafficControl,trafficIsland,trafficSign,train,tree,truck,unknownVehicleType,urban,vanOrUtility,vehicle,waterRiver,weatherA,weatherB,if_pandemic
67684368,,573901,0.0,0.0,0.0,1.0,0.0,South,2015/2016,BRACKEN ROAD,OSWALD CRESCENT,,Non-Injury Crash,No,2015,0.0,South,0.0,0,0.0,Flat,0.0,,0.0,,0.0,Bright sun,2073400,0,0.0,0.0,1.0,0.0,0.0,0.0,0.0,1.0,,0.0,0.0,Wellington Region,Nil,Off road,Unsealed,0.0,0.0,0,0.0,30.0,0.0,Null,0.0,0.0,,47,Wellington City,Nil,0.0,0.0,0.0,0.0,1.0,0.0,Urban,0.0,0.0,0.0,Fine,Null,0
67684406,,573000,0.0,,0.0,1.0,,North,2022/2023,MAGINNITY STREET,WARING TAYLOR STREET,,Non-Injury Crash,No,2023,,North,,0,,Flat,,,,,,Overcast,2125200,0,0.0,0.0,2.0,,,0.0,,,,,,Wellington Region,Nil,2-way,Sealed,,0.0,0,,30.0,,Off,1.0,0.0,,47,Wellington City,Nil,,,,,0.0,0.0,Urban,0.0,,,Fine,Null,0
67684534,,573101,0.0,,0.0,2.0,,Null,2023/2024,KARO DRIVE,VICTORIA STREET,,Minor Crash,Yes,2023,,North,,0,,Flat,,,,,,Dark,2132400,1,0.0,0.0,3.0,,,0.0,,,,,,Wellington Region,Nil,2-way,Sealed,,0.0,0,,50.0,,On,0.0,0.0,,47,Wellington City,Traffic Signals,,,,,0.0,0.0,Urban,0.0,,,Fine,Null,0
67684561,,573101,0.0,0.0,0.0,2.0,0.0,Null,2023/2024,TORY STREET,HOLLAND STREET,,Minor Crash,No,2024,0.0,South,0.0,0,0.0,Flat,0.0,,0.0,,0.0,Bright sun,2135900,1,0.0,0.0,2.0,0.0,0.0,0.0,0.0,1.0,,0.0,0.0,Wellington Region,Nil,2-way,Sealed,0.0,0.0,0,0.0,30.0,0.0,None,0.0,0.0,,47,Wellington City,Give way,0.0,0.0,0.0,0.0,0.0,0.0,Urban,0.0,0.0,0.0,Fine,Null,0
67684639,,577601,0.0,0.0,0.0,1.0,0.0,East,2023/2024,MASSEY ROAD,FORT BALLANCE ROAD,,Minor Crash,No,2024,0.0,South,0.0,0,0.0,Flat,0.0,,0.0,,0.0,Dark,2200800,1,0.0,0.0,2.0,0.0,1.0,0.0,0.0,0.0,,0.0,0.0,Wellington Region,Nil,2-way,Sealed,0.0,0.0,0,0.0,40.0,0.0,None,0.0,0.0,,47,Wellington City,Nil,0.0,0.0,0.0,0.0,0.0,0.0,Urban,0.0,0.0,0.0,Fine,Null,0
67684697,,573300,0.0,0.0,0.0,2.0,0.0,Null,2015/2016,WALLACE ST,HANKEY ST,,Non-Injury Crash,No,2015,0.0,North,0.0,0,0.0,Hill Road,0.0,,0.0,,0.0,Dark,2145300,0,0.0,0.0,2.0,0.0,0.0,0.0,0.0,1.0,,0.0,0.0,Wellington Region,Nil,2-way,Sealed,0.0,0.0,0,0.0,50.0,0.0,On,0.0,0.0,,47,Wellington City,Nil,0.0,0.0,0.0,0.0,0.0,0.0,Urban,0.0,0.0,0.0,Light rain,Null,0
67684727,,576301,0.0,,1.0,0.0,,Null,2015/2016,RINTOUL ST,COLOMBO ST,,Non-Injury Crash,No,2015,,South,,0,,Hill Road,,,,,,Bright sun,2164700,0,0.0,0.0,2.0,,,0.0,,,,,,Wellington Region,Nil,2-way,Sealed,,0.0,0,,50.0,,Null,0.0,0.0,,47,Wellington City,Nil,,,,,0.0,0.0,Urban,1.0,,,Fine,Null,0
67684740,,574303,0.0,,0.0,2.0,,South,2022/2023,CENTENNIAL HIGHWAY,NEWLANDS ON RAMP,,Non-Injury Crash,Yes,2022,,North,,0,,Flat,,,,,,Overcast,2084302,0,0.0,0.0,3.0,,,0.0,,,,,,Wellington Region,Motorway ramp,1-way,Sealed,,0.0,0,,100.0,,None,0.0,0.0,,47,Wellington City,Nil,,,,,0.0,0.0,Open,0.0,,,Fine,Strong wind,0
67684759,,572900,0.0,,0.0,0.0,,Null,2016/2017,MULGRAVE ST,PIPITEA ST,,Minor Crash,No,2016,,East,,0,,Hill Road,,,,,,Dark,2119200,1,0.0,0.0,2.0,,,0.0,,,1.0,,,Wellington Region,Nil,1-way,Sealed,,0.0,0,,50.0,,On,1.0,0.0,,47,Wellington City,Traffic Signals,,,,,0.0,0.0,Urban,0.0,,,Fine,Null,0
67684766,,572701,0.0,0.0,0.0,1.0,0.0,West,2023/2024,FYVIE AVENUE,TURRIFF CRESCENT,,Non-Injury Crash,No,2023,0.0,South,0.0,0,0.0,Hill Road,0.0,,0.0,,0.0,Dark,1994703,0,0.0,0.0,2.0,0.0,0.0,0.0,0.0,1.0,,0.0,0.0,Wellington Region,Nil,2-way,Sealed,0.0,0.0,0,0.0,50.0,0.0,On,1.0,0.0,,47,Wellington City,Nil,0.0,0.0,0.0,0.0,0.0,0.0,Urban,0.0,0.0,0.0,Fine,Null,0
67684772,,573101,0.0,,0.0,2.0,,Null,2022/2023,COURTENAY PLACE,ALLEN STREET,,Non-Injury Crash,No,2023,,West,,0,,Flat,,,,,,Dark,2136000,0,0.0,0.0,2.0,,,0.0,,,,,,Wellington Region,Nil,1-way,Sealed,,0.0,0,,30.0,,On,0.0,1.0,,47,Wellington City,Nil,,,,,0.0,0.0,Urban,0.0,,,Fine,Null,0
67684801,,576700,0.0,0.0,0.0,3.0,0.0,East,2022/2023,MAIDA VALE ROAD,LINDUM TERRACE,,Non-Injury Crash,No,2022,0.0,South,0.0,0,1.0,Hill Road,0.0,,0.0,,0.0,Bright sun,2186600,0,0.0,0.0,2.0,0.0,0.0,0.0,0.0,1.0,,0.0,0.0,Wellington Region,Nil,2-way,Sealed,0.0,0.0,0,0.0,50.0,0.0,Off,0.0,0.0,,47,Wellington City,Nil,0.0,0.0,0.0,0.0,0.0,0.0,Urban,0.0,0.0,0.0,Fine,Null,0
67684819,,574002,0.0,,0.0,1.0,,South,2022/2023,CENTENNIAL HIGHWAY,NEWLANDS ON RAMP,,Non-Injury Crash,Yes,2023,,South,,0,,Hill Road,,,,,,Overcast,2078304,0,0.0,0.0,3.0,,,0.0,,,,,,Wellington Region,Nil,1-way,Sealed,,0.0,0,,100.0,,Off,1.0,1.0,,47,Wellington City,Nil,,,,,0.0,0.0,Open,1.0,,,Light rain,Null,0
67684829,,576301,0.0,,0.0,2.0,,North,2022/2023,ADELAIDE ROAD,STOKE STREET,,Non-Injury Crash,No,2023,,North,,0,,Flat,,,,,,Overcast,2164300,0,0.0,0.0,2.0,,,0.0,,,,,,Wellington Region,Nil,2-way,Sealed,,0.0,0,,50.0,,Off,0.0,0.0,,47,Wellington City,Nil,,,,,0.0,0.0,Urban,0.0,,,Fine,Null,0
67684860,,573101,0.0,,0.0,1.0,,Null,2021/2022,ARTHUR STREET,CUBA STREET,,Non-Injury Crash,Yes,2022,,West,,0,,Flat,,,,,,Overcast,2134600,0,0.0,0.0,3.0,,,0.0,,,,,,Wellington Region,Nil,1-way,Sealed,,0.0,0,,50.0,,Off,0.0,0.0,,47,Wellington City,Traffic Signals,,,,,1.0,0.0,Urban,0.0,,,Fine,Frost,0
67684883,,573000,0.0,,0.0,1.0,,Null,2023/2024,KARO DRIVE,WILLIS STREET,,Non-Injury Crash,Yes,2023,,North,,0,,Flat,,,,,,Overcast,2130200,0,0.0,0.0,4.0,,,0.0,,,,,,Wellington Region,Nil,1-way,Sealed,,0.0,0,,50.0,,Off,0.0,0.0,,47,Wellington City,Traffic Signals,,,,,0.0,0.0,Urban,1.0,,,Fine,Null,0
67684886,,574900,0.0,0.0,0.0,2.0,0.0,South,2023/2024,MAKARA ROAD,MAKARA SUM,,Non-Injury Crash,No,2023,0.0,West,0.0,0,0.0,Flat,0.0,,0.0,,0.0,Dark,2110006,0,0.0,0.0,2.0,0.0,0.0,0.0,0.0,1.0,,0.0,0.0,Wellington Region,Nil,2-way,Sealed,0.0,0.0,0,0.0,50.0,0.0,On,0.0,0.0,,47,Wellington City,Nil,0.0,0.0,0.0,0.0,0.0,0.0,Urban,0.0,0.0,0.0,Fine,Null,0
67684894,,573000,0.0,,0.0,4.0,,South,2015/2016,SH 1N,TERRACE OFF SBD,,Minor Crash,Yes,2016,,North,,0,,Flat,,,,,,Bright sun,2124803,2,0.0,0.0,1.0,,,0.0,,,,,,Wellington Region,Nil,1-way,Sealed,,0.0,0,,60.0,,Null,0.0,0.0,,47,Wellington City,Nil,,,,,0.0,0.0,Urban,0.0,,,Fine,Null,0
67684900,,573300,0.0,,0.0,2.0,,Null,2014/2015,WEBB ST,TARANAKI ST,,Non-Injury Crash,No,2015,,West,,0,,Flat,,,,,,Bright sun,2145300,0,0.0,0.0,2.0,,,0.0,,,,,,Wellington Region,Nil,2-way,Sealed,,0.0,0,,50.0,,Off,0.0,0.0,,47,Wellington City,Nil,,,,,0.0,0.0,Urban,0.0,,,Fine,Null,0
67684916,,573300,0.0,0.0,0.0,1.0,0.0,South,2014/2015,TARANAKI ST,HANKEY ST,,Non-Injury Crash,No,2015,0.0,South,0.0,0,0.0,Flat,0.0,,0.0,,0.0,Overcast,2144600,0,0.0,0.0,2.0,0.0,0.0,0.0,0.0,1.0,,0.0,0.0,Wellington Region,Nil,2-way,Sealed,0.0,0.0,0,0.0,50.0,0.0,Off,0.0,0.0,,47,Wellington City,Nil,0.0,0.0,0.0,0.0,0.0,0.0,Urban,1.0,0.0,0.0,Fine,Null,0
67684923,,573101,0.0,,0.0,1.0,,Null,2022/2023,KARO DRIVE,VICTORIA STREET,,Non-Injury Crash,Yes,2023,,North,,0,,Flat,,,,,,Unknown,2132400,0,0.0,0.0,3.0,,,0.0,,,,,,Wellington Region,Nil,1-way,Sealed,,0.0,0,,50.0,,Off,0.0,0.0,,47,Wellington City,Traffic Signals,,,,,0.0,0.0,Urban,0.0,,,Fine,Null,0
67684993,,572900,0.0,0.0,0.0,2.0,0.0,Null,2023/2024,TINAKORI ROAD,UPTON TERRACE,,Non-Injury Crash,No,2023,0.0,South,0.0,0,0.0,Flat,0.0,,0.0,,0.0,Overcast,2121700,0,0.0,0.0,2.0,0.0,0.0,0.0,0.0,1.0,,0.0,0.0,Wellington Region,Nil,2-way,Sealed,0.0,0.0,0,0.0,50.0,0.0,Off,0.0,0.0,,47,Wellington City,Give way,0.0,0.0,0.0,0.0,1.0,0.0,Urban,0.0,0.0,0.0,Fine,Null,0
67684995,,573300,0.0,,0.0,1.0,,Null,2014/2015,SH 1N SUSSEX ST,BUCKLE ST,,Non-Injury Crash,Yes,2015,,North,,0,,Hill Road,,,,,,Bright sun,2145602,0,0.0,0.0,3.0,,,0.0,,,,,,Wellington Region,Nil,1-way,Sealed,,0.0,0,,50.0,,Null,0.0,0.0,,47,Wellington City,Nil,,,,,1.0,0.0,Urban,0.0,,,Fine,Null,0
67684996,,574500,1.0,0.0,0.0,0.0,0.0,North,2016/2017,HUTT ROAD,AOTEA QUAY,,Serious Crash,No,2017,1.0,South,0.0,0,0.0,Flat,0.0,,0.0,,0.0,Dark,2093600,0,0.0,0.0,2.0,0.0,0.0,0.0,0.0,0.0,,0.0,1.0,Wellington Region,Nil,2-way,Sealed,0.0,0.0,1,0.0,60.0,0.0,On,0.0,0.0,,47,Wellington City,Unknown,0.0,0.0,0.0,0.0,0.0,0.0,Urban,0.0,0.0,0.0,Fine,Null,0
67685009,,573101,0.0,,0.0,2.0,,Null,2022/2023,CAMBRIDGE TERRACE,FIFESHIRE AVENUE,,Non-Injury Crash,No,2023,,East,,0,,Flat,,,,,,Bright sun,2136900,0,0.0,0.0,3.0,,,0.0,,,,,,Wellington Region,Nil,1-way,Sealed,,0.0,0,,50.0,,Off,0.0,0.0,,47,Wellington City,Traffic Signals,,,,,0.0,0.0,Urban,0.0,,,Fine,Null,0
67685122,,577601,0.0,0.0,0.0,1.0,0.0,Null,2021/2022,MAUPUIA ROAD,ARANUI STREET,,Non-Injury Crash,No,2021,0.0,North,0.0,0,0.0,Hill Road,0.0,,0.0,,0.0,Unknown,2201601,0,0.0,0.0,2.0,0.0,0.0,0.0,0.0,0.0,,0.0,0.0,Wellington Region,Nil,2-way,Sealed,0.0,0.0,0,0.0,50.0,0.0,Null,0.0,0.0,,47,Wellington City,Nil,0.0,0.0,0.0,0.0,0.0,0.0,Urban,0.0,0.0,0.0,Null,Null,1
67685240,,572900,0.0,,0.0,2.0,,North,2015/2016,ACCESS ROAD,BUNNY ST,,Non-Injury Crash,No,2016,,North,,0,,Flat,,,,,,Overcast,2122700,0,0.0,0.0,1.0,,,0.0,,,,,,Wellington Region,Nil,1-way,Sealed,,0.0,0,,50.0,,Null,0.0,1.0,,47,Wellington City,Unknown,,,,,0.0,0.0,Urban,0.0,,,Fine,Null,0
67685329,,572900,0.0,0.0,0.0,1.0,0.0,South,2022/2023,AOTEA QUAY OFF RAMP,WELLINGTON URBAN MOTORWAY,,Non-Injury Crash,No,2023,0.0,South,0.0,0,0.0,Hill Road,1.0,,0.0,,0.0,Bright sun,2118400,0,0.0,0.0,1.0,0.0,0.0,0.0,0.0,0.0,,0.0,0.0,Wellington Region,Motorway ramp,1-way,Sealed,0.0,0.0,0,0.0,100.0,0.0,Off,0.0,0.0,,47,Wellington City,Nil,0.0,0.0,0.0,0.0,0.0,0.0,Open,0.0,0.0,0.0,Fine,Null,0
67685432,,575200,0.0,0.0,0.0,0.0,0.0,North,2023/2024,CRIEFF STREET,GLENMORE STREET,,Non-Injury Crash,No,2023,0.0,South,0.0,0,0.0,Hill Road,0.0,,0.0,,0.0,Overcast,2150300,0,0.0,0.0,2.0,0.0,0.0,0.0,0.0,1.0,,0.0,0.0,Wellington Region,Nil,2-way,Sealed,0.0,0.0,0,0.0,50.0,0.0,Off,1.0,0.0,,47,Wellington City,Nil,0.0,0.0,0.0,0.0,0.0,0.0,Urban,1.0,0.0,0.0,Light rain,Null,0
67685513,,577000,0.0,,0.0,1.0,,North,2023/2024,STEWART DUFF DRIVE,FREIGHT DRIVE,,Minor Crash,No,2024,,North,,0,,Flat,,,,,,Bright sun,2175700,2,0.0,0.0,2.0,,,0.0,,,,,,Wellington Region,Nil,2-way,Sealed,,0.0,0,,50.0,,Off,1.0,0.0,,47,Wellington City,Nil,,,,,0.0,0.0,Urban,1.0,,,Fine,Null,0
67685597,,574303,0.0,,0.0,2.0,,South,2015/2016,SH 1N,NGAURANGA ON NBD OBR,,Non-Injury Crash,Yes,2016,,North,,0,,Flat,,,,,,Dark,2090402,0,0.0,0.0,1.0,,,0.0,,,,,,Wellington Region,Nil,1-way,Sealed,,0.0,0,,100.0,,On,0.0,0.0,30.0,47,Wellington City,Unknown,,,,,0.0,0.0,Open,0.0,,,Fine,Null,0
67685635,,574002,0.0,,0.0,3.0,,North,2022/2023,HUTT ROAD,RAILYARD ENTRY,,Non-Injury Crash,Yes,2023,,South,,0,,Flat,,Easter,,,,Bright sun,2078302,0,0.0,0.0,2.0,,,0.0,,,,,,Wellington Region,Nil,1-way,Sealed,,0.0,0,,100.0,,Off,0.0,0.0,,47,Wellington City,Nil,,,,,0.0,0.0,Open,0.0,,,Fine,Null,0
67685641,,574001,0.0,0.0,0.0,1.0,0.0,West,2023/2024,NEWLANDS ROAD,BRACKEN ROAD,,Minor Crash,No,2023,0.0,West,0.0,0,0.0,Flat,0.0,,0.0,,0.0,Bright sun,2076300,1,0.0,0.0,2.0,0.0,0.0,0.0,0.0,1.0,,0.0,0.0,Wellington Region,Nil,2-way,Sealed,0.0,0.0,0,0.0,50.0,0.0,Off,0.0,0.0,,47,Wellington City,Nil,0.0,0.0,0.0,0.0,0.0,0.0,Urban,1.0,0.0,0.0,Fine,Null,0
67685757,,576901,0.0,,0.0,2.0,,Null,2022/2023,ONEPU ROAD,RONGOTAI ROAD,,Non-Injury Crash,No,2022,,South,,0,,Flat,,,,,,Overcast,2178300,0,0.0,0.0,2.0,,,0.0,,,,,,Wellington Region,Nil,2-way,Sealed,,0.0,0,,50.0,,Off,0.0,0.0,,47,Wellington City,Traffic Signals,,,,,0.0,0.0,Urban,0.0,,,Fine,Null,0
67685888,,576903,0.0,,0.0,2.0,,North,2022/2023,CRAWFORD ROAD,CHILDERS TERRACE,,Non-Injury Crash,No,2022,,North,,0,,Hill Road,,,,,,Dark,2179102,0,0.0,0.0,2.0,,,0.0,,,,,,Wellington Region,Nil,2-way,Sealed,,0.0,0,,50.0,,On,0.0,0.0,,47,Wellington City,Nil,,,,,0.0,0.0,Urban,0.0,,,Fine,Null,0
67685902,,576800,0.0,0.0,0.0,1.0,0.0,North,2022/2023,MATAI ROAD,WAITOA ROAD,,Non-Injury Crash,No,2023,0.0,South,0.0,0,0.0,Hill Road,0.0,,0.0,,0.0,Bright sun,2182800,0,0.0,0.0,2.0,0.0,0.0,0.0,0.0,1.0,,0.0,0.0,Wellington Region,Nil,2-way,Sealed,0.0,0.0,0,0.0,50.0,0.0,Off,0.0,0.0,,47,Wellington City,Nil,0.0,0.0,0.0,0.0,0.0,0.0,Urban,1.0,0.0,0.0,Fine,Null,0
67685911,,572900,0.0,,0.0,2.0,,South,2015/2016,TERRACE OFF SBD,SH 1N,,Non-Injury Crash,Yes,2016,,South,,0,,Flat,,,,,,Bright sun,2122100,0,0.0,0.0,1.0,,,0.0,,,,,,Wellington Region,Motorway ramp,1-way,Sealed,,0.0,0,,100.0,,Null,1.0,0.0,,47,Wellington City,Unknown,,,,,0.0,0.0,Open,0.0,,,Fine,Null,0
67685925,,572900,0.0,,0.0,2.0,,Null,2014/2015,MOLESWORTH ST,HILL ST,,Non-Injury Crash,No,2015,,North,,0,,Hill Road,,,,,,Bright sun,2121400,0,0.0,0.0,4.0,,,0.0,,,,,,Wellington Region,Nil,2-way,Sealed,,0.0,0,,50.0,,Off,0.0,0.0,,47,Wellington City,Traffic Signals,,,,,0.0,0.0,Urban,0.0,,,Fine,Null,0
67685962,,573101,0.0,,0.0,1.0,,North,2022/2023,EBOR STREET,JESSIE STREET,,Non-Injury Crash,No,2023,,East,,0,,Flat,,,,,,Bright sun,2136400,0,0.0,0.0,2.0,,,0.0,,,,,,Wellington Region,Nil,2-way,Sealed,,0.0,0,,30.0,,Off,1.0,1.0,,47,Wellington City,Nil,,,,,0.0,0.0,Urban,0.0,,,Fine,Null,0
67686130,,576002,0.0,,0.0,1.0,,Null,2021/2022,THE PARADE,HUMBER STREET,,Non-Injury Crash,No,2021,,South,,0,,Flat,,,,,,Unknown,2190800,0,0.0,0.0,3.0,,,0.0,,,,,,Wellington Region,Nil,2-way,Sealed,,0.0,0,,50.0,,Null,1.0,0.0,,47,Wellington City,Traffic Signals,,,,,0.0,0.0,Urban,0.0,,,Null,Null,1
67686179,,573400,0.0,,0.0,2.0,,Null,2022/2023,PIRIE STREET,BROUGHAM STREET,,Non-Injury Crash,No,2023,,West,,0,,Flat,,,,,,Overcast,2141300,0,0.0,0.0,2.0,,,0.0,,,,,,Wellington Region,Nil,2-way,Sealed,,0.0,0,,50.0,,Null,0.0,0.0,,47,Wellington City,Stop,,,,,0.0,0.0,Urban,0.0,,,Heavy rain,Null,0
67686203,,573802,0.0,,0.0,0.0,,North,2015/2016,SH 1N,NEWLANDS OFF SBD,,Non-Injury Crash,Yes,2015,,South,,0,,Flat,,,,,,Bright sun,2078701,0,0.0,0.0,2.0,,,0.0,,,,,,Wellington Region,Nil,1-way,Sealed,,0.0,0,,50.0,,Null,0.0,0.0,,47,Wellington City,Unknown,,,,,0.0,0.0,Urban,2.0,,,Fine,Null,0
67686208,,575300,0.0,,0.0,1.0,,Null,2023/2024,KELBURN PARADE,CITY TO SEA WALKWAY,,Non-Injury Crash,No,2023,,South,,0,,Hill Road,,,,,,Overcast,2155300,0,0.0,0.0,2.0,,,0.0,,,,,,Wellington Region,Nil,2-way,Sealed,,0.0,0,,50.0,,Off,0.0,0.0,,47,Wellington City,Nil,,,,,0.0,0.0,Urban,1.0,,,Fine,Null,0
67686227,,573101,0.0,,0.0,2.0,,Null,2015/2016,VICTORIA ST,KARO DRIVE,,Non-Injury Crash,Yes,2015,,North,,0,,Flat,,,,,,Dark,2132400,0,0.0,0.0,3.0,,,0.0,,,,,,Wellington Region,Nil,1-way,Sealed,,0.0,0,,50.0,,On,0.0,1.0,,47,Wellington City,Traffic Signals,,,,,0.0,0.0,Urban,0.0,,,Fine,Null,0
67686249,,576903,0.0,,0.0,3.0,,Null,2022/2023,WELLINGTON ROAD,KILBIRNIE CRESCENT,,Non-Injury Crash,Yes,2023,,West,,0,,Flat,,,,,,Dark,2177900,0,0.0,0.0,4.0,,,0.0,,,,,,Wellington Region,Nil,2-way,Sealed,,0.0,0,,50.0,,On,0.0,0.0,,47,Wellington City,Traffic Signals,,,,,0.0,0.0,Urban,0.0,,,Fine,Null,0
67686435,,572701,0.0,,0.0,2.0,,North,2023/2024,MAIN ROAD,GEE STREET,,Non-Injury Crash,No,2023,,North,,0,,Flat,,,,,,Bright sun,1994100,0,0.0,0.0,2.0,,,0.0,,,,,,Wellington Region,Nil,2-way,Sealed,,0.0,0,,50.0,,Off,0.0,0.0,,47,Wellington City,Nil,,,,,0.0,0.0,Urban,0.0,,,Fine,Null,0
67686455,,576903,0.0,0.0,0.0,2.0,0.0,South,2022/2023,CRAWFORD ROAD,WELLINGTON ROAD,,Non-Injury Crash,No,2023,0.0,South,0.0,0,0.0,Hill Road,0.0,,0.0,,0.0,Overcast,2180500,0,0.0,0.0,2.0,0.0,0.0,0.0,0.0,1.0,,0.0,0.0,Wellington Region,Nil,2-way,Sealed,0.0,0.0,0,0.0,50.0,0.0,Off,0.0,0.0,,47,Wellington City,Nil,0.0,0.0,0.0,0.0,0.0,0.0,Urban,1.0,0.0,0.0,Light rain,Null,0
67686471,,577200,0.0,,0.0,2.0,,Null,2022/2023,STEWART DUFF DRIVE,CALABAR ROAD,,Non-Injury Crash,No,2023,,West,,0,,Flat,,,,,,Overcast,2206600,0,0.0,0.0,2.0,,,0.0,,,,,,Wellington Region,Nil,1-way,Sealed,,0.0,0,,50.0,,Off,0.0,0.0,,47,Wellington City,Give way,,,,,0.0,0.0,Urban,0.0,,,Fine,Null,0
67686482,,573200,0.0,,0.0,1.0,,East,2016/2017,OHIRO ROAD,MAARAMA CRESCENT,,Non-Injury Crash,No,2016,,East,,0,,Hill Road,,,,,,Bright sun,2159204,0,0.0,0.0,2.0,,,0.0,,,,,,Wellington Region,Nil,2-way,Sealed,,0.0,0,,50.0,,Null,0.0,1.0,,47,Wellington City,Unknown,,,,,1.0,0.0,Urban,0.0,,,Fine,Null,0
67686518,,573000,0.0,0.0,0.0,1.0,0.0,South,2023/2024,WELLINGTON URBAN MOTORWAY,AURORA TERRACE OBR,,Non-Injury Crash,Yes,2023,0.0,South,0.0,0,0.0,Flat,1.0,,0.0,,0.0,Dark,2124700,0,0.0,0.0,1.0,0.0,0.0,0.0,0.0,0.0,,0.0,0.0,Wellington Region,Overpass,1-way,Sealed,0.0,0.0,0,0.0,100.0,0.0,On,0.0,0.0,80.0,47,Wellington City,Nil,0.0,0.0,0.0,0.0,0.0,0.0,Open,0.0,0.0,0.0,Light rain,Null,0
67686544,,576901,0.0,,0.0,1.0,,Null,2023/2024,TIRANGI ROAD,COUTTS STREET,,Minor Crash,No,2024,,North,,0,,Flat,,,,,,Dark,2176701,1,0.0,0.0,2.0,,,0.0,,,1.0,,,Wellington Region,Nil,2-way,Sealed,,0.0,0,,50.0,,On,0.0,0.0,,47,Wellington City,Give way,,,,,0.0,0.0,Urban,0.0,,,Fine,Null,0
67686574,,572900,0.0,,0.0,2.0,,South,2023/2024,WELLINGTON URBAN MOTORWAY,HAWKESTONE STREET OFF RAMP,,Minor Crash,Yes,2023,,South,,0,,Flat,,,,,,Dark,2119500,1,0.0,0.0,3.0,,,0.0,,,,,,Wellington Region,Nil,1-way,Sealed,,0.0,0,,100.0,,On,2.0,0.0,,47,Wellington City,Nil,,,,,0.0,0.0,Open,1.0,,,Light rain,Null,0
67686594,,575300,0.0,0.0,0.0,1.0,0.0,Null,2022/2023,GLENMORE STREET,KILMISTER AVENUE,,Non-Injury Crash,No,2023,0.0,South,0.0,0,0.0,Flat,1.0,,0.0,,1.0,Dark,2153501,0,0.0,0.0,2.0,0.0,0.0,0.0,0.0,0.0,,1.0,1.0,Wellington Region,Nil,2-way,Sealed,0.0,0.0,0,0.0,50.0,0.0,Off,0.0,0.0,,47,Wellington City,Nil,0.0,0.0,0.0,1.0,0.0,0.0,Urban,0.0,0.0,0.0,Fine,Null,0
67686600,,577000,1.0,,0.0,1.0,,Null,2022/2023,LYALL PARADE,KINGSFORD SMITH STREET,,Non-Injury Crash,No,2023,,East,,0,,Flat,,,,,,Bright sun,2175502,0,0.0,0.0,2.0,,,0.0,,,,,,Wellington Region,Nil,2-way,Sealed,,0.0,0,,30.0,,Off,0.0,1.0,,47,Wellington City,Give way,,,,,0.0,0.0,Urban,0.0,,,Fine,Null,0
67686608,,573101,1.0,,0.0,1.0,,Null,2023/2024,TORY STREET,COURTENAY PLACE,,Minor Crash,No,2023,,South,,0,,Flat,,,,,,Overcast,2135600,1,0.0,0.0,2.0,,,0.0,,,,,,Wellington Region,Nil,2-way,Sealed,,0.0,0,,30.0,,Off,0.0,0.0,,47,Wellington City,Traffic Signals,,,,,0.0,0.0,Urban,0.0,,,Fine,Null,0
67686625,,573400,0.0,0.0,0.0,2.0,0.0,West,2014/2015,PIRIE ST,PORRITT AVENUE,,Non-Injury Crash,No,2015,0.0,East,0.0,0,0.0,Hill Road,0.0,,0.0,,0.0,Bright sun,2141700,0,0.0,0.0,2.0,0.0,0.0,0.0,0.0,1.0,,0.0,0.0,Wellington Region,Nil,2-way,Sealed,0.0,0.0,0,0.0,50.0,0.0,Null,0.0,0.0,,47,Wellington City,Nil,0.0,0.0,0.0,0.0,0.0,0.0,Urban,0.0,0.0,0.0,Fine,Null,0
67686626,,573000,0.0,,0.0,2.0,,Null,2022/2023,WILLESTON STREET,VICTORIA STREET,,Non-Injury Crash,No,2022,,West,,0,,Flat,,,,,,Dark,2126000,0,0.0,0.0,2.0,,,0.0,,,,,,Wellington Region,Nil,1-way,Sealed,,0.0,0,,50.0,,On,0.0,2.0,,47,Wellington City,Traffic Signals,,,,,0.0,0.0,Urban,0.0,,,Fine,Null,0
67686634,,574703,0.0,0.0,0.0,2.0,0.0,West,2023/2024,ALBEMARLE ROAD,PEMBROKE ROAD,,Minor Crash,No,2023,0.0,West,0.0,0,0.0,Hill Road,0.0,,0.0,,0.0,Bright sun,2102800,1,0.0,0.0,2.0,0.0,0.0,0.0,0.0,1.0,,0.0,0.0,Wellington Region,Nil,2-way,Sealed,0.0,0.0,0,0.0,50.0,0.0,Off,0.0,0.0,,47,Wellington City,Nil,0.0,0.0,0.0,0.0,0.0,0.0,Urban,0.0,0.0,0.0,Fine,Null,0
67686641,,574304,0.0,,0.0,1.0,,North,2014/2015,BENARES ST,RAVI ST,,Non-Injury Crash,No,2015,,North,,0,,Hill Road,,,,,,Overcast,2090300,0,0.0,0.0,2.0,,,0.0,,,,,,Wellington Region,Nil,2-way,Sealed,,0.0,0,,50.0,,Null,1.0,0.0,,47,Wellington City,Unknown,,,,,0.0,0.0,Urban,0.0,,,Light rain,Null,0