OBJECTID,advisorySpeed,areaUnitID,bicycle,bridge,bus,carStationWagon,cliffBank,crashDirectionDescription,crashFinancialYear,crashLocation1,crashLocation2,crashRoadSideRoad,crashSeverity,crashSHDescription,crashYear,debris,directionRoleDescription,ditch,fatalCount,fence,flatHill,guardRail,holiday,houseOrBuilding,intersection,kerb,light,meshblockId,minorInjuryCount,moped,motorcycle,NumberOfLanes,objectThrownOrDropped,otherObject,otherVehicleType,overBank,parkedVehicle,pedestrian,phoneBoxEtc,postOrPole,region,roadCharacter,roadLane,roadSurface,roadworks,schoolBus,seriousInjuryCount,slipOrFlood,speedLimit,strayAnimal,streetLight,suv,taxi,temporarySpeedLimit,tlaId,tlaName,trafficControl,trafficIsland,trafficSign,train,tree,truck,unknownVehicleType,urban,vanOrUtility,vehicle,waterRiver,weatherA,weatherB,if_pandemic
67686642,,577200,0.0,,0.0,1.0,,Null,2022/2023,MIRAMAR AVENUE,STONE STREET,,Minor Crash,No,2023,,South,,0,,Flat,,,,,,Bright sun,2206200,1,0.0,0.0,2.0,,,0.0,,,1.0,,,Wellington Region,Nil,2-way,Sealed,,0.0,0,,30.0,,Off,0.0,0.0,,47,Wellington City,Give way,,,,,0.0,0.0,Urban,0.0,,,Fine,Null,0
67686666,,573400,0.0,0.0,0.0,2.0,0.0,East,2023/2024,PIRIE STREET,KENT TERRACE,,Non-Injury Crash,No,2023,0.0,East,0.0,0,0.0,Flat,0.0,,0.0,,0.0,Overcast,2141200,0,0.0,0.0,2.0,0.0,0.0,0.0,0.0,1.0,,0.0,0.0,Wellington Region,Nil,2-way,Sealed,0.0,0.0,0,0.0,50.0,0.0,Off,0.0,0.0,,47,Wellington City,Nil,0.0,0.0,0.0,0.0,0.0,0.0,Urban,1.0,0.0,0.0,Heavy rain,Null,0
67686685,,576200,0.0,,0.0,1.0,,Null,2023/2024,RINTOUL STREET,HERALD STREET,,Non-Injury Crash,No,2023,,South,,0,,Flat,,,,,,Bright sun,2171800,0,0.0,0.0,2.0,,,0.0,,,,,,Wellington Region,Nil,2-way,Sealed,,0.0,0,,50.0,,Off,0.0,0.0,,47,Wellington City,Give way,,,,,0.0,0.0,Urban,1.0,,,Fine,Null,0
67686737,,573523,0.0,,0.0,3.0,,South,2022/2023,JOHNSONVILLE PORIRUA MOTORWAY,CHURTON PARK-GLENSIDE ON RAMP,,Non-Injury Crash,Yes,2023,,South,,0,,Hill Road,,,,,,Overcast,2086310,0,0.0,0.0,2.0,,,0.0,,,,,,Wellington Region,Motorway ramp,1-way,Sealed,,0.0,0,,100.0,,On,0.0,0.0,,47,Wellington City,Nil,,,,,0.0,0.0,Open,1.0,,,Heavy rain,Null,0
67686790,,573000,0.0,,0.0,3.0,,North,2014/2015,SH 1N,NORTH PORTAL SBD,,Minor Crash,Yes,2015,,South,,0,,Hill Road,,,,,,Bright sun,2126700,1,0.0,0.0,3.0,,,0.0,,,,,,Wellington Region,Nil,2-way,Sealed,,0.0,0,,60.0,,Null,0.0,0.0,,47,Wellington City,Unknown,,,,,0.0,0.0,Urban,1.0,,,Fine,Null,0
67686805,,576301,0.0,,0.0,2.0,,Null,2014/2015,RUSSELL TERRACE,RIDDIFORD ST,,Minor Crash,No,2015,,North,,0,,Flat,,,,,,Bright sun,2165900,2,0.0,0.0,2.0,,,0.0,,,,,,Wellington Region,Nil,2-way,Sealed,,0.0,0,,50.0,,Null,0.0,0.0,,47,Wellington City,Give way,,,,,0.0,0.0,Urban,0.0,,,Fine,Null,0
67686846,,573526,0.0,,0.0,2.0,,West,2022/2023,HUTT ROAD,HOROKIWI ROAD,,Non-Injury Crash,Yes,2023,,South,,0,,Flat,,,,,,Bright sun,2086403,0,0.0,0.0,2.0,,,0.0,,,,,,Wellington Region,Nil,1-way,Sealed,,0.0,0,,100.0,,Off,0.0,0.0,,47,Wellington City,Nil,,,,,0.0,0.0,Open,0.0,,,Fine,Null,0
67687020,,575300,0.0,0.0,0.0,1.0,0.0,North,2023/2024,GLASGOW STREET,KELBURN PARADE,,Minor Crash,No,2024,0.0,Null,0.0,0,0.0,Hill Road,0.0,,0.0,,1.0,Dark,2155200,1,0.0,0.0,2.0,0.0,0.0,0.0,0.0,0.0,,0.0,1.0,Wellington Region,Nil,2-way,Sealed,0.0,0.0,0,0.0,50.0,0.0,On,0.0,0.0,,47,Wellington City,Nil,0.0,0.0,0.0,0.0,0.0,0.0,Urban,0.0,0.0,0.0,Light rain,Null,0
67687037,,577102,0.0,0.0,0.0,1.0,1.0,South,2022/2023,MONORGAN ROAD,SIDLAW STREET,,Non-Injury Crash,No,2023,0.0,North,0.0,0,0.0,Hill Road,0.0,,0.0,,0.0,Overcast,2215000,0,0.0,0.0,2.0,0.0,0.0,0.0,0.0,0.0,,0.0,1.0,Wellington Region,Nil,2-way,Sealed,0.0,0.0,0,0.0,50.0,0.0,Off,0.0,0.0,,47,Wellington City,Nil,0.0,0.0,0.0,0.0,0.0,0.0,Urban,0.0,0.0,0.0,Light rain,Null,0
67687084,,574002,0.0,0.0,0.0,1.0,0.0,North,2022/2023,WELLINGTON URBAN MOTORWAY,NGAURANGA ON NBD OBR,,Non-Injury Crash,Yes,2022,0.0,South,0.0,0,0.0,Hill Road,1.0,,0.0,,0.0,Overcast,2078302,0,0.0,0.0,2.0,0.0,0.0,0.0,0.0,0.0,,0.0,0.0,Wellington Region,Motorway ramp,1-way,Sealed,0.0,0.0,0,0.0,100.0,0.0,On,0.0,0.0,,47,Wellington City,Nil,0.0,0.0,0.0,0.0,0.0,0.0,Open,0.0,0.0,0.0,Fine,Null,0
67687100,,576800,0.0,,0.0,2.0,,East,2022/2023,TAURIMA STREET,EAST PORTAL,,Non-Injury Crash,Yes,2022,,East,,0,,Hill Road,,,,,,Bright sun,2181700,0,0.0,0.0,2.0,,,0.0,,,,,,Wellington Region,Tunnel,2-way,Sealed,,0.0,0,,50.0,,None,0.0,0.0,,47,Wellington City,Nil,,,,,0.0,0.0,Urban,0.0,,,Fine,Strong wind,0
67687116,,576903,1.0,,0.0,1.0,,Null,2022/2023,MOXHAM AVENUE,GOA STREET,,Non-Injury Crash,No,2022,,North,,0,,Flat,,,,,,Dark,2181500,0,0.0,0.0,2.0,,,0.0,,,,,,Wellington Region,Nil,2-way,Sealed,,0.0,0,,50.0,,On,0.0,0.0,,47,Wellington City,Stop,,,,,0.0,0.0,Urban,0.0,,,Fine,Null,0
67687137,,575300,0.0,0.0,0.0,1.0,0.0,North,2021/2022,UPLAND ROAD,GROVE ROAD,,Non-Injury Crash,No,2021,0.0,South,0.0,0,0.0,Null,0.0,,0.0,,0.0,Unknown,2154701,0,0.0,0.0,2.0,0.0,0.0,0.0,0.0,1.0,,0.0,0.0,Wellington Region,Nil,2-way,Sealed,0.0,0.0,0,0.0,50.0,0.0,Null,0.0,0.0,,47,Wellington City,Nil,0.0,0.0,0.0,0.0,0.0,0.0,Urban,0.0,0.0,0.0,Null,Null,1
67687157,,573523,1.0,,0.0,1.0,,South,2015/2016,MARK AVENUE,GUADELOUPE CRESCENT,,Minor Crash,No,2015,,North,,0,,Hill Road,,,,,,Bright sun,2086310,1,0.0,0.0,2.0,,,0.0,,,,,,Wellington Region,Nil,2-way,Sealed,,0.0,0,,50.0,,Null,0.0,0.0,,47,Wellington City,Nil,,,,,0.0,0.0,Urban,0.0,,,Fine,Null,0
67687178,,573101,0.0,0.0,0.0,1.0,0.0,West,2021/2022,WIGAN STREET,TARANAKI STREET,,Non-Injury Crash,No,2021,0.0,West,0.0,0,0.0,Null,0.0,,0.0,,0.0,Unknown,2134000,0,0.0,0.0,2.0,0.0,0.0,0.0,0.0,1.0,,0.0,0.0,Wellington Region,Nil,2-way,Sealed,0.0,0.0,0,0.0,30.0,0.0,Null,0.0,0.0,,47,Wellington City,Nil,0.0,0.0,0.0,0.0,0.0,0.0,Urban,0.0,0.0,0.0,Null,Null,1
67687194,,577000,0.0,,0.0,2.0,,North,2021/2022,STEWART DUFF DRIVE,FREIGHT DRIVE,,Non-Injury Crash,No,2021,,South,,0,,Flat,,,,,,Unknown,2175700,0,0.0,0.0,2.0,,,0.0,,,,,,Wellington Region,Nil,2-way,Sealed,,0.0,0,,50.0,,Null,0.0,0.0,,47,Wellington City,Nil,,,,,0.0,0.0,Urban,0.0,,,Null,Null,1
67687206,,576500,0.0,0.0,0.0,2.0,0.0,Null,2023/2024,MEIN STREET,RIDDIFORD STREET,,Non-Injury Crash,No,2023,0.0,East,0.0,0,0.0,Hill Road,0.0,,0.0,,0.0,Dark,2148800,0,0.0,0.0,2.0,0.0,0.0,0.0,0.0,1.0,,0.0,0.0,Wellington Region,Nil,2-way,Sealed,0.0,0.0,0,0.0,40.0,0.0,On,0.0,0.0,,47,Wellington City,Traffic Signals,0.0,0.0,0.0,0.0,0.0,0.0,Urban,0.0,0.0,0.0,Fine,Null,0
67687229,,572900,1.0,0.0,0.0,0.0,0.0,North,2015/2016,THORNDON QUAY,MULGRAVE ST,,Minor Crash,No,2016,0.0,South,0.0,0,0.0,Flat,0.0,,0.0,,0.0,Bright sun,2122800,1,0.0,0.0,3.0,0.0,0.0,0.0,0.0,1.0,,0.0,0.0,Wellington Region,Nil,2-way,Sealed,0.0,0.0,0,0.0,50.0,0.0,Null,1.0,0.0,,47,Wellington City,Unknown,0.0,0.0,0.0,0.0,0.0,0.0,Urban,0.0,0.0,0.0,Fine,Null,0
67687389,,573300,1.0,,0.0,1.0,,Null,2016/2017,SH 1N,RUGBY ST,,Non-Injury Crash,Yes,2017,,North,,0,,Flat,,,,,,Bright sun,2145700,0,0.0,0.0,3.0,,,0.0,,,,,,Wellington Region,Nil,1-way,Sealed,,0.0,0,,50.0,,Null,0.0,0.0,,47,Wellington City,Nil,,,,,0.0,0.0,Urban,0.0,,,Fine,Null,0
67687449,,577500,0.0,0.0,0.0,1.0,0.0,Null,2023/2024,MANTELL STREET,INGLIS STREET,,Non-Injury Crash,No,2023,0.0,East,0.0,0,0.0,Hill Road,0.0,,0.0,,0.0,Twilight,2212100,0,0.0,0.0,2.0,0.0,0.0,0.0,1.0,0.0,,0.0,0.0,Wellington Region,Nil,2-way,Sealed,0.0,0.0,0,0.0,50.0,0.0,Off,0.0,0.0,,47,Wellington City,Nil,0.0,0.0,0.0,0.0,0.0,0.0,Urban,0.0,0.0,0.0,Fine,Null,0
67687456,,575000,0.0,0.0,0.0,1.0,0.0,East,2022/2023,KARORI ROAD,FLERS STREET,,Non-Injury Crash,No,2022,0.0,West,0.0,0,0.0,Null,0.0,,0.0,,0.0,Twilight,2111000,0,0.0,0.0,2.0,0.0,0.0,0.0,0.0,1.0,,0.0,0.0,Wellington Region,Nil,2-way,Null,0.0,0.0,0,0.0,50.0,0.0,On,0.0,0.0,,47,Wellington City,Nil,0.0,0.0,0.0,0.0,1.0,1.0,Urban,0.0,0.0,0.0,Fine,Null,0
67687484,,573700,0.0,0.0,0.0,2.0,0.0,Null,2023/2024,MOOREFIELD ROAD,MOOREFIELD ROAD,,Non-Injury Crash,No,2023,0.0,South,0.0,0,0.0,Hill Road,0.0,,0.0,,0.0,Overcast,2082300,0,0.0,0.0,2.0,0.0,0.0,0.0,0.0,0.0,,0.0,0.0,Wellington Region,Nil,2-way,Sealed,0.0,0.0,0,0.0,50.0,0.0,Off,0.0,1.0,,47,Wellington City,Give way,0.0,1.0,0.0,0.0,0.0,0.0,Urban,0.0,0.0,0.0,Light rain,Null,0
67687516,,573101,0.0,,0.0,2.0,,North,2023/2024,KENT TERRACE,MAJORIBANKS STREET,,Non-Injury Crash,No,2023,,South,,0,,Flat,,,,,,Bright sun,2135700,0,0.0,0.0,3.0,,,0.0,,,,,,Wellington Region,Nil,1-way,Sealed,,0.0,0,,50.0,,Off,0.0,0.0,,47,Wellington City,Nil,,,,,0.0,0.0,Urban,0.0,,,Fine,Null,0
67687579,,573000,0.0,0.0,0.0,1.0,0.0,East,2016/2017,MERCER ST,WILLIS ST,,Non-Injury Crash,No,2016,0.0,West,0.0,0,0.0,Flat,0.0,,0.0,,0.0,Overcast,2127400,0,0.0,0.0,2.0,0.0,0.0,0.0,0.0,1.0,,0.0,0.0,Wellington Region,Nil,1-way,Sealed,0.0,0.0,0,0.0,50.0,0.0,Null,0.0,0.0,,47,Wellington City,Unknown,0.0,0.0,0.0,0.0,1.0,0.0,Urban,0.0,0.0,0.0,Fine,Null,0
67687592,,573101,0.0,,0.0,2.0,,South,2015/2016,TARANAKI ST,WAKEFIELD ST,,Non-Injury Crash,No,2016,,South,,0,,Flat,,,,,,Overcast,2133200,0,0.0,0.0,4.0,,,0.0,,,,,,Wellington Region,Nil,2-way,Sealed,,0.0,0,,50.0,,Null,0.0,0.0,,47,Wellington City,Unknown,,,,,0.0,0.0,Urban,0.0,,,Null,Null,0
67687679,,573000,0.0,,0.0,1.0,,Null,2015/2016,MT WGTN OFF SBD,AURORA TERRACE,,Non-Injury Crash,No,2016,,North,,0,,Hill Road,,,,,,Overcast,2124600,0,0.0,0.0,2.0,,,0.0,,,,,,Wellington Region,Nil,2-way,Sealed,,0.0,0,,50.0,,Null,0.0,0.0,,47,Wellington City,Give way,,,,,1.0,0.0,Urban,0.0,,,Fine,Null,0
67687686,,576600,0.0,0.0,0.0,1.0,0.0,East,2015/2016,ORIENTAL TERRACE,MOELLER ST,,Non-Injury Crash,No,2016,0.0,South,0.0,0,0.0,Hill Road,0.0,,0.0,,0.0,Unknown,2138000,0,0.0,0.0,2.0,0.0,0.0,0.0,0.0,1.0,,0.0,0.0,Wellington Region,Nil,2-way,Sealed,0.0,0.0,0,0.0,40.0,0.0,Null,0.0,0.0,,47,Wellington City,Nil,0.0,0.0,0.0,0.0,0.0,0.0,Urban,1.0,0.0,0.0,Null,Null,0
67687736,,573514,0.0,0.0,0.0,1.0,0.0,North,2016/2017,CAMBRIAN ST,ALISTER WAY,,Non-Injury Crash,No,2016,0.0,South,0.0,0,1.0,Hill Road,0.0,,0.0,,0.0,Dark,2086611,0,0.0,0.0,2.0,0.0,0.0,0.0,0.0,0.0,,0.0,1.0,Wellington Region,Nil,2-way,Sealed,0.0,0.0,0,0.0,50.0,0.0,On,0.0,0.0,,47,Wellington City,Unknown,0.0,0.0,0.0,0.0,0.0,0.0,Urban,0.0,0.0,0.0,Fine,Null,0
67687774,,573000,0.0,,0.0,2.0,,North,2015/2016,SH 1N,AURORA TERRACE OBR,,Minor Crash,Yes,2016,,North,,0,,Flat,,,,,,Dark,2124500,2,0.0,0.0,3.0,,,0.0,,,,,,Wellington Region,Nil,1-way,Sealed,,0.0,0,,80.0,,On,1.0,0.0,,47,Wellington City,Unknown,,,,,0.0,0.0,Open,0.0,,,Fine,Null,0
67687782,,573400,0.0,0.0,0.0,2.0,0.0,West,2015/2016,PALLISER ROAD,ROSENEATH TERRACE,,Non-Injury Crash,No,2016,0.0,East,0.0,0,1.0,Hill Road,0.0,,0.0,,0.0,Bright sun,2139604,0,0.0,0.0,3.0,0.0,0.0,0.0,1.0,0.0,,0.0,0.0,Wellington Region,Nil,2-way,Sealed,0.0,0.0,0,0.0,50.0,0.0,Null,0.0,0.0,,47,Wellington City,Unknown,0.0,0.0,0.0,0.0,0.0,0.0,Urban,0.0,0.0,0.0,Fine,Null,0
67687819,,574500,0.0,0.0,0.0,1.0,0.0,North,2015/2016,SH 1N,AOTEA OFF SBD,,Non-Injury Crash,Yes,2016,0.0,South,0.0,0,0.0,Flat,1.0,Christmas New Year,0.0,,0.0,Dark,2093500,0,0.0,0.0,3.0,0.0,0.0,0.0,0.0,0.0,,0.0,0.0,Wellington Region,Nil,1-way,Sealed,0.0,0.0,0,0.0,100.0,0.0,On,0.0,0.0,,47,Wellington City,Unknown,0.0,0.0,0.0,0.0,0.0,0.0,Open,0.0,0.0,0.0,Light rain,Strong wind,0
67687828,,572900,0.0,0.0,0.0,0.0,0.0,South,2016/2017,HUTT ROAD,AOTEA QUAY,,Non-Injury Crash,No,2017,0.0,South,0.0,0,0.0,Flat,0.0,,0.0,,0.0,Dark,2118400,0,0.0,0.0,4.0,0.0,0.0,0.0,0.0,0.0,,0.0,1.0,Wellington Region,Motorway ramp,2-way,Sealed,0.0,0.0,0,0.0,60.0,0.0,On,0.0,0.0,,47,Wellington City,Nil,0.0,0.0,0.0,0.0,1.0,0.0,Urban,0.0,0.0,1.0,Heavy rain,Null,0
67687907,,574303,0.0,,0.0,2.0,,West,2016/2017,SH 1N,SH 2,,Non-Injury Crash,Yes,2016,,East,,0,,Flat,,,,,,Dark,2090402,0,0.0,0.0,4.0,,,0.0,,,,,,Wellington Region,Nil,1-way,Sealed,,0.0,0,,60.0,,On,0.0,0.0,,47,Wellington City,Unknown,,,,,0.0,0.0,Urban,0.0,,,Fine,Null,0
67687908,,573300,0.0,,0.0,0.0,,Null,2016/2017,TASMAN ST,RUGBY ST,,Minor Crash,No,2016,,South,,0,,Hill Road,,,,,,Dark,2145400,1,1.0,0.0,2.0,,,0.0,,,,,,Wellington Region,Nil,2-way,Sealed,,0.0,0,,50.0,,On,1.0,0.0,,47,Wellington City,Stop,,,,,0.0,0.0,Urban,0.0,,,Fine,Null,0
67687951,,573101,0.0,0.0,0.0,1.0,0.0,Null,2016/2017,WAKEFIELD ST,TORY ST,,Non-Injury Crash,No,2016,0.0,West,0.0,0,0.0,Flat,0.0,,0.0,,0.0,Dark,2135700,0,0.0,0.0,3.0,0.0,0.0,0.0,0.0,0.0,,0.0,1.0,Wellington Region,Nil,1-way,Sealed,0.0,0.0,0,0.0,50.0,0.0,On,0.0,0.0,,47,Wellington City,Traffic Signals,0.0,0.0,0.0,0.0,1.0,0.0,Urban,0.0,0.0,0.0,Fine,Null,0
67687970,,576700,0.0,0.0,0.0,1.0,0.0,North,2016/2017,GRAFTON ROAD,THE CRESCENT,,Non-Injury Crash,No,2016,0.0,South,0.0,0,0.0,Hill Road,0.0,,0.0,,0.0,Dark,2186600,0,0.0,0.0,2.0,0.0,0.0,0.0,0.0,1.0,,0.0,0.0,Wellington Region,Nil,2-way,Sealed,0.0,0.0,0,0.0,50.0,0.0,On,1.0,0.0,,47,Wellington City,Unknown,0.0,0.0,0.0,0.0,0.0,0.0,Urban,0.0,0.0,0.0,Fine,Null,0
67687988,,573801,0.0,,0.0,1.0,,South,2015/2016,SH 1N,CHURTON PARK ON SBD,,Non-Injury Crash,Yes,2016,,South,,0,,Flat,,,,,,Bright sun,2079401,0,0.0,0.0,2.0,,,0.0,,,,,,Wellington Region,Nil,1-way,Sealed,,0.0,0,,100.0,,Null,1.0,0.0,,47,Wellington City,Unknown,,,,,0.0,0.0,Open,0.0,,,Fine,Null,0
67687990,,573000,0.0,0.0,0.0,2.0,0.0,Null,2016/2017,BOWEN ST,THE TERRACE,,Non-Injury Crash,No,2016,0.0,North,0.0,0,0.0,Hill Road,0.0,,0.0,,0.0,Unknown,2123700,0,0.0,0.0,1.0,0.0,0.0,0.0,0.0,1.0,,0.0,0.0,Wellington Region,Nil,1-way,Sealed,0.0,0.0,0,0.0,50.0,0.0,Null,0.0,0.0,,47,Wellington City,Traffic Signals,0.0,0.0,0.0,0.0,0.0,0.0,Urban,0.0,0.0,0.0,Null,Null,0
67687991,,576903,0.0,,0.0,1.0,,Null,2016/2017,KILBIRNIE CRESCENT,SH 1N,,Minor Crash,No,2016,,North,,0,,Flat,,,,,,Dark,2180300,1,0.0,0.0,2.0,,,0.0,,,,,,Wellington Region,Nil,2-way,Sealed,,0.0,0,,50.0,,On,0.0,0.0,,47,Wellington City,Traffic Signals,,,,,0.0,0.0,Urban,1.0,,,Light rain,Null,0
67688038,,573400,0.0,,0.0,1.0,,North,2016/2017,ROXBURGH ST,CAROLINE ST,,Non-Injury Crash,No,2016,,North,,0,,Hill Road,,,,,,Overcast,2140200,0,0.0,0.0,1.0,,,0.0,,,,,,Wellington Region,Nil,2-way,Sealed,,0.0,0,,50.0,,Null,1.0,0.0,,47,Wellington City,Nil,,,,,0.0,0.0,Urban,0.0,,,Light rain,Null,0
67688078,,575300,0.0,,0.0,1.0,,South,2015/2016,UPLAND ROAD,KOWHAI ROAD,,Non-Injury Crash,No,2016,,North,,0,,Flat,,,,,,Bright sun,2154100,0,0.0,0.0,2.0,,,0.0,,,,,,Wellington Region,Nil,2-way,Sealed,,0.0,0,,30.0,,Null,0.0,0.0,,47,Wellington City,Unknown,,,,,0.0,0.0,Urban,1.0,,,Fine,Null,0
67688100,,572900,0.0,,1.0,1.0,,West,2016/2017,LAMBTON QUAY,BUNNY ST,,Non-Injury Crash,No,2016,,South,,0,,Flat,,,,,,Overcast,2122400,0,0.0,0.0,1.0,,,0.0,,,,,,Wellington Region,Nil,1-way,Sealed,,0.0,0,,50.0,,Null,0.0,1.0,,47,Wellington City,Unknown,,,,,0.0,0.0,Urban,0.0,,,Fine,Null,0
67688140,,576800,0.0,,0.0,2.0,,Null,2015/2016,SH 1N,TAURIMA ST,,Non-Injury Crash,Yes,2016,,South,,0,,Hill Road,,,,,,Dark,2181900,0,0.0,0.0,2.0,,,0.0,,,,,,Wellington Region,Nil,2-way,Sealed,,0.0,0,,50.0,,On,0.0,0.0,,47,Wellington City,Give way,,,,,0.0,0.0,Urban,0.0,,,Null,Null,0
67688142,,574002,0.0,,0.0,3.0,,East,2015/2016,SH 2,SH 1N,,Non-Injury Crash,Yes,2016,,East,,0,,Flat,,,,,,Dark,2078302,0,0.0,0.0,2.0,,,0.0,,,,,,Wellington Region,Nil,1-way,Sealed,,0.0,0,,100.0,,On,0.0,0.0,,47,Wellington City,Unknown,,,,,0.0,0.0,Open,1.0,,,Fine,Null,0
67688147,,573101,0.0,0.0,0.0,1.0,0.0,South,2015/2016,KENT TERRACE,SH 1N,,Non-Injury Crash,No,2016,0.0,South,0.0,0,0.0,Flat,0.0,,0.0,,0.0,Bright sun,2136500,0,0.0,0.0,3.0,0.0,0.0,0.0,0.0,1.0,,0.0,0.0,Wellington Region,Nil,1-way,Sealed,0.0,0.0,0,0.0,50.0,0.0,Null,1.0,0.0,,47,Wellington City,Unknown,0.0,0.0,0.0,0.0,0.0,0.0,Urban,1.0,0.0,0.0,Fine,Null,0
67688182,,573101,0.0,,0.0,2.0,,Null,2016/2017,WAKEFIELD ST,TARANAKI ST,,Non-Injury Crash,No,2016,,North,,0,,Flat,,,,,,Dark,2133200,0,0.0,0.0,4.0,,,0.0,,,,,,Wellington Region,Nil,1-way,Sealed,,0.0,0,,50.0,,On,1.0,0.0,,47,Wellington City,Traffic Signals,,,,,0.0,0.0,Urban,0.0,,,Light rain,Null,0
67688188,,573000,0.0,,0.0,1.0,,Null,2016/2017,DIXON ST,WILLIS ST,,Non-Injury Crash,No,2017,,West,,0,,Flat,,,,,,Bright sun,2130700,0,0.0,0.0,2.0,,,0.0,,,,,,Wellington Region,Nil,2-way,Sealed,,0.0,0,,50.0,,Null,0.0,0.0,,47,Wellington City,Traffic Signals,,,,,1.0,0.0,Urban,0.0,,,Fine,Null,0
67688231,,576800,0.0,,0.0,1.0,,Null,2016/2017,SH 1N,EAST PORTAL,,Non-Injury Crash,Yes,2016,,West,,0,,Hill Road,,,,,,Overcast,2181700,0,0.0,0.0,2.0,,,0.0,,,,,,Wellington Region,Nil,2-way,Sealed,,0.0,0,,50.0,,Null,0.0,0.0,,47,Wellington City,Unknown,,,,,0.0,0.0,Urban,1.0,,,Fine,Null,0
67688275,,575200,0.0,0.0,0.0,1.0,1.0,West,2015/2016,GLENMORE ST,NORTHLAND ROAD,,Minor Crash,No,2016,0.0,North,0.0,0,0.0,Flat,0.0,,0.0,,0.0,Dark,2149900,1,0.0,0.0,2.0,0.0,0.0,0.0,0.0,0.0,,0.0,1.0,Wellington Region,Nil,2-way,Sealed,0.0,0.0,0,0.0,50.0,0.0,On,0.0,0.0,,47,Wellington City,Unknown,0.0,0.0,0.0,0.0,0.0,0.0,Urban,0.0,0.0,0.0,Heavy rain,Null,0
67688291,,573700,0.0,,0.0,1.0,,Null,2015/2016,JOHNSONVILLE ROAD,DISRAELI ST,,Non-Injury Crash,No,2016,,South,,0,,Flat,,,,,,Overcast,2082900,0,0.0,1.0,3.0,,,0.0,,,,,,Wellington Region,Nil,2-way,Sealed,,0.0,0,,50.0,,Null,0.0,0.0,,47,Wellington City,Nil,,,,,0.0,0.0,Urban,0.0,,,Fine,Null,0
67688340,,574001,0.0,,0.0,1.0,,East,2017/2018,BLACK ROCK ROAD,NEWLANDS ROAD,,Minor Crash,No,2017,,East,,0,,Flat,,,,,,Overcast,2077700,1,0.0,0.0,2.0,,,0.0,,,1.0,,,Wellington Region,Nil,2-way,Sealed,,0.0,0,,50.0,,Off,0.0,0.0,,47,Wellington City,Unknown,,,,,0.0,0.0,Urban,0.0,,,Fine,Null,0
67688356,,573000,0.0,0.0,0.0,2.0,0.0,East,2016/2017,MACDONALD CRESCENT,THE TERRACE,,Non-Injury Crash,No,2016,0.0,West,0.0,0,0.0,Hill Road,0.0,,0.0,,0.0,Dark,2128700,0,0.0,0.0,2.0,0.0,0.0,0.0,0.0,1.0,,0.0,0.0,Wellington Region,Nil,2-way,Sealed,0.0,0.0,0,0.0,50.0,0.0,On,0.0,0.0,,47,Wellington City,Unknown,0.0,0.0,0.0,0.0,0.0,0.0,Urban,0.0,0.0,0.0,Fine,Strong wind,0
67688379,,573101,0.0,,0.0,2.0,,Null,2016/2017,SH 1N,VICTORIA ST,,Non-Injury Crash,Yes,2016,,East,,0,,Flat,,,,,,Twilight,2132400,0,0.0,0.0,3.0,,,0.0,,,,,,Wellington Region,Nil,1-way,Sealed,,0.0,0,,50.0,,On,0.0,0.0,,47,Wellington City,Traffic Signals,,,,,0.0,0.0,Urban,0.0,,,Null,Null,0
67688386,,576903,0.0,,0.0,2.0,,Null,2015/2016,SH 1N WELLINGTON ROAD,WELLINGTON ROAD,,Non-Injury Crash,Yes,2016,,North,,0,,Flat,,,,,,Unknown,2180400,0,0.0,0.0,2.0,,,0.0,,,,,,Wellington Region,Nil,2-way,Sealed,,0.0,0,,50.0,,Null,0.0,0.0,,47,Wellington City,Give way,,,,,0.0,0.0,Urban,0.0,,,Null,Null,0
67688402,,577500,0.0,,1.0,0.0,,North,2016/2017,HECTOR ST,GORE ST,,Minor Crash,No,2017,,North,,0,,Flat,,,,,,Twilight,2211500,1,0.0,0.0,1.0,,,0.0,,,1.0,,,Wellington Region,Nil,2-way,Sealed,,0.0,0,,50.0,,Off,0.0,0.0,,47,Wellington City,Unknown,,,,,0.0,0.0,Urban,0.0,,,Fine,Strong wind,0
67688414,,577000,0.0,,0.0,1.0,,Null,2017/2018,FREYBERG STREET,QUEENS DRIVE,,Serious Crash,No,2017,,South,,0,,Hill Road,,,,,,Dark,2173700,0,0.0,0.0,2.0,,,0.0,,,1.0,,,Wellington Region,Nil,2-way,Sealed,,0.0,1,,50.0,,On,0.0,0.0,,47,Wellington City,Give way,,,,,0.0,0.0,Urban,0.0,,,Fine,Strong wind,0
67688418,,573101,0.0,,0.0,1.0,,South,2016/2017,VICTORIA ST,ABEL SMITH ST,,Non-Injury Crash,No,2017,,North,,0,,Flat,,,,,,Unknown,2132400,0,0.0,0.0,2.0,,,0.0,,,,,,Wellington Region,Nil,2-way,Sealed,,0.0,0,,50.0,,On,0.0,0.0,,47,Wellington City,Unknown,,,,,1.0,0.0,Urban,0.0,,,Null,Null,0
67688427,,572500,0.0,,0.0,2.0,,South,2015/2016,TAYLOR TERRACE,MORGAN PLACE,,Non-Injury Crash,No,2016,,South,,0,,Flat,,,,,,Bright sun,1986400,0,0.0,0.0,2.0,,,0.0,,,,,,Wellington Region,Nil,2-way,Sealed,,0.0,0,,50.0,,Null,0.0,0.0,,47,Wellington City,Unknown,,,,,0.0,0.0,Urban,0.0,,,Null,Null,0