OBJECTID,advisorySpeed,areaUnitID,bicycle,bridge,bus,carStationWagon,cliffBank,crashDirectionDescription,crashFinancialYear,crashLocation1,crashLocation2,crashRoadSideRoad,crashSeverity,crashSHDescription,crashYear,debris,directionRoleDescription,ditch,fatalCount,fence,flatHill,guardRail,holiday,houseOrBuilding,intersection,kerb,light,meshblockId,minorInjuryCount,moped,motorcycle,NumberOfLanes,objectThrownOrDropped,otherObject,otherVehicleType,overBank,parkedVehicle,pedestrian,phoneBoxEtc,postOrPole,region,roadCharacter,roadLane,roadSurface,roadworks,schoolBus,seriousInjuryCount,slipOrFlood,speedLimit,strayAnimal,streetLight,suv,taxi,temporarySpeedLimit,tlaId,tlaName,trafficControl,trafficIsland,trafficSign,train,tree,truck,unknownVehicleType,urban,vanOrUtility,vehicle,waterRiver,weatherA,weatherB,if_pandemic
67688452,,574402,0.0,,0.0,2.0,,West,2016/2017,WAIKOWHAI ST,CROFTON ROAD,,Non-Injury Crash,No,2016,,East,,0,,Hill Road,,,,,,Bright sun,2098000,0,0.0,0.0,2.0,,,0.0,,,,,,Wellington Region,Nil,2-way,Sealed,,0.0,0,,50.0,,Null,0.0,0.0,,47,Wellington City,Unknown,,,,,0.0,0.0,Urban,0.0,,,Null,Null,0
67688470,,572900,0.0,0.0,0.0,0.0,0.0,Null,2015/2016,GRANT ROAD,AORANGI TERRACE,,Non-Injury Crash,No,2016,0.0,North,0.0,0,0.0,Null,0.0,,0.0,,0.0,Unknown,2101900,0,0.0,0.0,2.0,0.0,0.0,0.0,0.0,1.0,,0.0,0.0,Wellington Region,Nil,2-way,Sealed,0.0,0.0,0,0.0,50.0,0.0,Null,1.0,0.0,,47,Wellington City,Give way,0.0,0.0,0.0,0.0,1.0,0.0,Urban,0.0,0.0,0.0,Null,Null,0
67688486,,574800,0.0,,0.0,2.0,,Null,2015/2016,PARKVALE ROAD,KARORI ROAD,,Non-Injury Crash,No,2016,,South,,0,,Flat,,,,,,Bright sun,2107600,0,0.0,0.0,2.0,,,0.0,,,,,,Wellington Region,Nil,2-way,Sealed,,0.0,0,,50.0,,Null,0.0,0.0,,47,Wellington City,Traffic Signals,,,,,0.0,0.0,Urban,0.0,,,Fine,Null,0
67688506,,572900,0.0,,0.0,2.0,,Null,2015/2016,TINAKORI ROAD,BOWEN ST,,Non-Injury Crash,No,2016,,South,,0,,Hill Road,,,,,,Dark,2123400,0,0.0,0.0,2.0,,,0.0,,,,,,Wellington Region,Nil,2-way,Sealed,,0.0,0,,50.0,,On,0.0,0.0,,47,Wellington City,Traffic Signals,,,,,0.0,0.0,Urban,0.0,,,Fine,Null,0
67688555,,574702,0.0,0.0,0.0,1.0,0.0,Null,2016/2017,WILTON ROAD,CHURCHILL DRIVE,,Minor Crash,No,2016,0.0,South,0.0,0,0.0,Flat,0.0,,0.0,,0.0,Bright sun,2104200,1,0.0,0.0,2.0,0.0,0.0,0.0,0.0,0.0,,0.0,0.0,Wellington Region,Nil,2-way,Sealed,0.0,0.0,0,0.0,50.0,0.0,Null,0.0,0.0,,47,Wellington City,Give way,0.0,1.0,0.0,0.0,0.0,0.0,Urban,1.0,0.0,0.0,Fine,Null,0
67688611,45.0,572600,0.0,0.0,0.0,2.0,0.0,South,2016/2017,MAIN ROAD,OXFORD ST,,Non-Injury Crash,No,2016,0.0,North,0.0,0,0.0,Flat,0.0,,0.0,,0.0,Overcast,1992300,0,0.0,0.0,3.0,0.0,0.0,0.0,0.0,1.0,,0.0,0.0,Wellington Region,Nil,2-way,Sealed,0.0,0.0,0,0.0,50.0,0.0,Null,0.0,0.0,,47,Wellington City,Unknown,0.0,0.0,0.0,0.0,0.0,0.0,Urban,0.0,0.0,0.0,Light rain,Null,0
67688718,,574100,0.0,,0.0,2.0,,Null,2016/2017,MOOREFIELD ROAD,HAUMIA ST,,Minor Crash,No,2017,,East,,0,,Hill Road,,,,,,Dark,2085303,1,0.0,0.0,2.0,,,0.0,,,,,,Wellington Region,Nil,2-way,Sealed,,0.0,0,,50.0,,On,0.0,0.0,,47,Wellington City,Give way,,,,,0.0,0.0,Urban,0.0,,,Light rain,Null,0
67688719,,573000,0.0,,0.0,1.0,,Null,2015/2016,WHITMORE ST,FEATHERSTON ST,,Non-Injury Crash,No,2016,,North,,0,,Flat,,,,,,Bright sun,2123800,0,0.0,0.0,,,,0.0,,,,,,Wellington Region,Nil,2-way,Sealed,,0.0,0,,50.0,,Null,0.0,0.0,,47,Wellington City,Traffic Signals,,,,,0.0,0.0,Urban,1.0,,,Fine,Null,0
67688730,,572900,0.0,,0.0,2.0,,Null,2016/2017,HAWKESTONE ST,HAWKESTONE OFF SBD,,Non-Injury Crash,No,2017,,East,,0,,Flat,,,,,,Bright sun,2119500,0,0.0,0.0,2.0,,,0.0,,,,,,Wellington Region,Nil,2-way,Sealed,,0.0,0,,50.0,,Null,0.0,0.0,,47,Wellington City,Give way,,,,,0.0,0.0,Urban,0.0,,,Fine,Null,0
67688824,,572900,0.0,,0.0,1.0,,West,2015/2016,SH 1N,AOTEA ON NBD,,Non-Injury Crash,Yes,2015,,West,,0,,Flat,,,,,,Overcast,2118500,0,0.0,0.0,6.0,,,0.0,,,,,,Wellington Region,Nil,2-way,Sealed,,0.0,0,,100.0,,Null,0.0,0.0,70.0,47,Wellington City,Unknown,,,,,1.0,0.0,Open,0.0,,,Light rain,Null,0
67688835,,574200,0.0,0.0,0.0,0.0,0.0,Null,2016/2017,KHANDALLAH ROAD,NGATOTO ST,,Minor Crash,No,2016,0.0,West,0.0,0,0.0,Flat,0.0,,0.0,,1.0,Overcast,2088300,1,0.0,1.0,2.0,0.0,0.0,0.0,0.0,0.0,,0.0,0.0,Wellington Region,Nil,2-way,Sealed,0.0,0.0,0,0.0,50.0,0.0,Null,0.0,0.0,,47,Wellington City,Give way,0.0,0.0,0.0,0.0,0.0,0.0,Urban,0.0,0.0,0.0,Light rain,Null,0
67688856,,577302,0.0,,0.0,2.0,,South,2016/2017,PARA ST,AWA ROAD,,Non-Injury Crash,No,2016,,West,,0,,Flat,,,,,,Bright sun,2205600,0,0.0,0.0,2.0,,,0.0,,,,,,Wellington Region,Nil,2-way,Sealed,,0.0,0,,50.0,,Null,0.0,0.0,,47,Wellington City,Unknown,,,,,0.0,0.0,Urban,0.0,,,Fine,Null,0
67688863,,575901,0.0,0.0,0.0,2.0,0.0,South,2015/2016,MITCHELL ST,HOOVER ST,,Non-Injury Crash,No,2016,0.0,North,0.0,0,0.0,Flat,0.0,,0.0,,0.0,Bright sun,2187202,0,0.0,0.0,2.0,0.0,0.0,0.0,0.0,1.0,,0.0,0.0,Wellington Region,Nil,2-way,Sealed,0.0,0.0,0,0.0,50.0,0.0,Null,0.0,0.0,,47,Wellington City,Unknown,0.0,0.0,0.0,0.0,0.0,0.0,Urban,0.0,0.0,0.0,Fine,Null,0
67688892,,573300,0.0,,0.0,0.0,,Null,2015/2016,SH 1N,BUCKLE ST,,Non-Injury Crash,Yes,2016,,South,,0,,Flat,,,,,,Dark,2145602,0,0.0,0.0,3.0,,,0.0,,,,,,Wellington Region,Nil,1-way,Sealed,,0.0,0,,50.0,,On,1.0,0.0,,47,Wellington City,Nil,,,,,0.0,0.0,Urban,0.0,,,Fine,Null,0
67688899,,577102,0.0,,0.0,2.0,,South,2016/2017,STRATHMORE AVENUE,BROADWAY,,Non-Injury Crash,No,2016,,North,,0,,Flat,,,,,,Dark,2214600,0,0.0,0.0,2.0,,,0.0,,,,,,Wellington Region,Nil,2-way,Sealed,,0.0,0,,30.0,,On,0.0,0.0,,47,Wellington City,Unknown,,,,,0.0,0.0,Urban,0.0,,,Fine,Null,0
67688907,,576500,0.0,,0.0,2.0,,South,2015/2016,ADELAIDE ROAD,DRUMMOND ST,,Non-Injury Crash,No,2016,,North,,0,,Flat,,,,,,Bright sun,2148400,0,0.0,0.0,4.0,,,0.0,,,,,,Wellington Region,Nil,2-way,Sealed,,0.0,0,,50.0,,Null,0.0,0.0,,47,Wellington City,Unknown,,,,,0.0,0.0,Urban,0.0,,,Fine,Null,0
67688910,,574302,0.0,0.0,0.0,2.0,0.0,South,2015/2016,CASHMERE AVENUE,RANUI CRESCENT N,,Non-Injury Crash,No,2016,0.0,North,0.0,0,0.0,Flat,0.0,,0.0,,0.0,Bright sun,2089900,0,0.0,0.0,2.0,0.0,0.0,0.0,0.0,1.0,,0.0,0.0,Wellington Region,Nil,2-way,Sealed,0.0,0.0,0,0.0,50.0,0.0,Null,0.0,0.0,,47,Wellington City,Unknown,0.0,0.0,0.0,0.0,0.0,0.0,Urban,0.0,0.0,0.0,Null,Null,0
67688928,,573000,0.0,0.0,0.0,0.0,0.0,North,2016/2017,CUSTOMHOUSE QUAY,LAMBTON QUAY,,Non-Injury Crash,No,2016,0.0,North,0.0,0,0.0,Flat,0.0,,0.0,,0.0,Overcast,2125800,0,0.0,0.0,2.0,0.0,0.0,0.0,0.0,1.0,,0.0,0.0,Wellington Region,Nil,2-way,Sealed,0.0,0.0,0,0.0,50.0,0.0,Null,0.0,0.0,,47,Wellington City,Unknown,0.0,0.0,0.0,0.0,0.0,0.0,Urban,2.0,0.0,0.0,Null,Null,0
67688931,,572900,0.0,,0.0,3.0,,South,2015/2016,TINAKORI ROAD,MOLESWORTH ST,,Non-Injury Crash,No,2016,,West,,0,,Flat,,,,,,Overcast,2119300,0,0.0,0.0,2.0,,,0.0,,,,,,Wellington Region,Nil,2-way,Sealed,,0.0,0,,50.0,,Null,0.0,0.0,,47,Wellington City,Unknown,,,,,1.0,0.0,Urban,0.0,,,Fine,Null,0
67688932,,573000,0.0,0.0,0.0,1.0,0.0,South,2015/2016,WILLIS ST,ELLERS AVENUE,,Non-Injury Crash,No,2016,0.0,South,0.0,0,0.0,Flat,0.0,,0.0,,0.0,Dark,2128500,0,0.0,0.0,2.0,0.0,0.0,0.0,0.0,1.0,,0.0,0.0,Wellington Region,Nil,2-way,Sealed,0.0,0.0,0,0.0,50.0,0.0,On,0.0,0.0,,47,Wellington City,Unknown,0.0,0.0,0.0,0.0,0.0,0.0,Urban,1.0,0.0,0.0,Fine,Null,0
67688972,,572600,0.0,0.0,0.0,2.0,0.0,South,2016/2017,MAIN ROAD,OXFORD ST,,Non-Injury Crash,No,2016,0.0,North,0.0,0,0.0,Flat,0.0,,0.0,,0.0,Twilight,1992300,0,0.0,0.0,2.0,0.0,0.0,0.0,0.0,1.0,,0.0,0.0,Wellington Region,Nil,2-way,Sealed,0.0,0.0,0,0.0,50.0,0.0,On,0.0,0.0,,47,Wellington City,Unknown,0.0,0.0,0.0,0.0,0.0,0.0,Urban,0.0,0.0,0.0,Fine,Null,0
67689072,,572900,0.0,0.0,0.0,1.0,0.0,Null,2016/2017,HOBSON ST,FITZHERBERT TERRACE,,Non-Injury Crash,No,2016,0.0,South,0.0,0,0.0,Flat,0.0,,0.0,,0.0,Overcast,2118600,0,0.0,0.0,2.0,0.0,0.0,0.0,0.0,0.0,,0.0,1.0,Wellington Region,Nil,2-way,Sealed,0.0,0.0,0,0.0,50.0,0.0,Off,0.0,0.0,,47,Wellington City,Give way,1.0,0.0,0.0,0.0,0.0,0.0,Urban,0.0,0.0,0.0,Fine,Null,0
67689102,,573000,0.0,,0.0,0.0,,North,2017/2018,SH 1N,SOUTH PORTAL,,Serious Crash,Yes,2017,,South,,0,,Flat,,,,,,Overcast,2130500,0,0.0,1.0,4.0,,,0.0,,,,,,Wellington Region,Nil,2-way,Sealed,,0.0,1,,60.0,,On,1.0,0.0,,47,Wellington City,Unknown,,,,,0.0,0.0,Urban,0.0,,,Fine,Null,0
67689112,,576901,0.0,,0.0,1.0,,North,2016/2017,BAY ROAD,COUTTS ST,,Minor Crash,No,2016,,North,,0,,Flat,,,,,,Bright sun,2178300,1,0.0,0.0,2.0,,,0.0,,,1.0,,,Wellington Region,Nil,2-way,Sealed,,0.0,0,,30.0,,Null,0.0,0.0,,47,Wellington City,Unknown,,,,,0.0,0.0,Urban,0.0,,,Fine,Null,0
67689152,,573522,0.0,0.0,0.0,1.0,0.0,North,2016/2017,SH 1N,TAKAPU RD UPASS SBD,,Non-Injury Crash,Yes,2016,0.0,South,0.0,0,0.0,Flat,1.0,,0.0,,0.0,Overcast,2053703,0,0.0,0.0,2.0,0.0,0.0,0.0,0.0,0.0,,0.0,0.0,Wellington Region,Nil,1-way,Sealed,0.0,0.0,0,0.0,100.0,0.0,Null,0.0,0.0,,47,Wellington City,Unknown,0.0,0.0,0.0,0.0,0.0,0.0,Open,0.0,0.0,0.0,Light rain,Null,0
67689186,,573526,0.0,0.0,0.0,1.0,0.0,South,2015/2016,SH 2,HOROKIWI ROAD,,Minor Crash,Yes,2016,0.0,South,0.0,0,0.0,Flat,1.0,,0.0,,0.0,Bright sun,2086403,1,0.0,0.0,2.0,0.0,0.0,0.0,0.0,0.0,,0.0,0.0,Wellington Region,Nil,2-way,Sealed,0.0,0.0,0,0.0,100.0,0.0,Null,0.0,0.0,,47,Wellington City,Unknown,0.0,0.0,0.0,0.0,0.0,0.0,Open,0.0,0.0,0.0,Fine,Null,0
67689207,,573000,0.0,,0.0,2.0,,Null,2015/2016,WHITMORE ST,WATERLOO QUAY,,Non-Injury Crash,No,2016,,South,,0,,Flat,,,,,,Twilight,2124300,0,0.0,0.0,5.0,,,0.0,,,,,,Wellington Region,Nil,2-way,Sealed,,0.0,0,,50.0,,On,0.0,1.0,,47,Wellington City,Traffic Signals,,,,,0.0,0.0,Urban,0.0,,,Fine,Null,0
67689219,,572900,0.0,,0.0,1.0,,South,2017/2018,AOTEA QUAY,AOTEA OFF SBD,,Minor Crash,No,2017,,South,,0,,Flat,,,,,,Bright sun,2118400,1,0.0,0.0,3.0,,,0.0,,,,,,Wellington Region,Motorway ramp,2-way,Sealed,,0.0,0,,70.0,,Null,0.0,0.0,,47,Wellington City,Unknown,,,,,0.0,0.0,Urban,1.0,,,Fine,Null,0
67689251,,572900,0.0,0.0,0.0,2.0,0.0,South,2015/2016,THORNDON QUAY,DAVIS ST,,Minor Crash,No,2016,0.0,South,0.0,0,0.0,Flat,0.0,,0.0,,0.0,Dark,2118400,2,0.0,0.0,2.0,0.0,0.0,0.0,0.0,0.0,,0.0,1.0,Wellington Region,Nil,2-way,Sealed,0.0,0.0,0,0.0,50.0,0.0,On,0.0,0.0,,47,Wellington City,Give way,0.0,0.0,0.0,0.0,1.0,0.0,Urban,0.0,0.0,0.0,Fine,Null,0
67689314,,576901,0.0,,0.0,1.0,,South,2015/2016,BAY ROAD,RONGOTAI ROAD,,Non-Injury Crash,No,2016,,South,,0,,Flat,,,,,,Dark,2178400,0,0.0,0.0,2.0,,,0.0,,,,,,Wellington Region,Nil,2-way,Sealed,,0.0,0,,30.0,,On,1.0,0.0,,47,Wellington City,Unknown,,,,,0.0,0.0,Urban,0.0,,,Fine,Null,0
67689351,,574002,0.0,,0.0,2.0,,East,2015/2016,SH 1N,NIMT OBR,,Non-Injury Crash,Yes,2016,,South,,0,,Flat,,,,,,Bright sun,2078302,0,0.0,0.0,2.0,,,0.0,,,,,,Wellington Region,Nil,1-way,Sealed,,0.0,0,,100.0,,Null,0.0,0.0,,47,Wellington City,Unknown,,,,,0.0,0.0,Open,0.0,,,Fine,Null,0
67689384,,573101,0.0,0.0,0.0,2.0,0.0,West,2015/2016,GHUZNEE ST,VICTORIA ST,,Non-Injury Crash,No,2016,0.0,East,0.0,0,0.0,Flat,0.0,,0.0,,0.0,Overcast,2131400,0,0.0,0.0,3.0,0.0,0.0,0.0,0.0,1.0,,0.0,0.0,Wellington Region,Nil,2-way,Sealed,0.0,0.0,0,0.0,50.0,0.0,None,0.0,0.0,,47,Wellington City,Unknown,0.0,0.0,0.0,0.0,0.0,0.0,Urban,0.0,0.0,0.0,Fine,Null,0
67689387,,572600,0.0,,0.0,1.0,,South,2016/2017,MAIN ROAD,LINCOLN AVENUE,,Minor Crash,No,2016,,East,,0,,Flat,,,,,,Bright sun,1990500,1,0.0,0.0,2.0,,,0.0,,,1.0,,,Wellington Region,Nil,2-way,Sealed,,0.0,0,,50.0,,Null,0.0,0.0,,47,Wellington City,Nil,,,,,0.0,0.0,Urban,0.0,,,Fine,Null,0
67689390,,576301,0.0,,0.0,2.0,,West,2015/2016,COLOMBO ST,MANLEY TERRACE,,Non-Injury Crash,No,2016,,West,,0,,Hill Road,,,,,,Bright sun,2164800,0,0.0,0.0,2.0,,,0.0,,,,,,Wellington Region,Nil,2-way,Sealed,,0.0,0,,50.0,,Null,0.0,0.0,,47,Wellington City,Nil,,,,,0.0,0.0,Urban,0.0,,,Fine,Null,0
67689402,,572500,0.0,0.0,0.0,1.0,0.0,North,2016/2017,SH 1N,TAWA ON NBD,,Serious Crash,Yes,2016,0.0,North,0.0,0,0.0,Hill Road,1.0,Christmas New Year,0.0,,0.0,Bright sun,1986602,1,0.0,0.0,2.0,0.0,0.0,0.0,0.0,0.0,,0.0,0.0,Wellington Region,Nil,1-way,Sealed,0.0,0.0,1,0.0,100.0,0.0,Null,0.0,0.0,,47,Wellington City,Unknown,0.0,0.0,0.0,0.0,0.0,0.0,Open,0.0,0.0,0.0,Fine,Strong wind,0
67689423,,576001,0.0,,1.0,2.0,,Null,2016/2017,THE PARADE,MERSEY ST,,Minor Crash,No,2017,,South,,0,,Flat,,,,,,Bright sun,2190500,1,0.0,0.0,2.0,,,0.0,,,,,,Wellington Region,Nil,2-way,Sealed,,0.0,0,,50.0,,Null,0.0,0.0,,47,Wellington City,Stop,,,,,0.0,0.0,Urban,0.0,,,Fine,Null,0
67689447,,572900,0.0,,0.0,1.0,,South,2015/2016,TINAKORI ROAD,HILL ST,,Non-Injury Crash,No,2016,,South,,0,,Flat,,,,,,Overcast,2121600,0,0.0,0.0,2.0,,,0.0,,,,,,Wellington Region,Nil,2-way,Sealed,,0.0,0,,50.0,,Null,1.0,0.0,,47,Wellington City,Give way,,,,,0.0,0.0,Urban,0.0,,,Fine,Null,0
67689462,,573000,0.0,,0.0,2.0,,North,2016/2017,FEATHERSTON ST,GREY ST,,Non-Injury Crash,No,2016,,South,,0,,Flat,,,,,,Bright sun,2125800,0,0.0,0.0,2.0,,,0.0,,,,,,Wellington Region,Nil,1-way,Sealed,,0.0,0,,50.0,,Null,0.0,0.0,,47,Wellington City,Unknown,,,,,0.0,0.0,Urban,0.0,,,Fine,Null,0
67689479,,572900,0.0,0.0,0.0,2.0,0.0,North,2015/2016,TINAKORI ROAD,HILL ST,,Non-Injury Crash,No,2016,0.0,North,0.0,0,0.0,Hill Road,0.0,,0.0,,0.0,Bright sun,2123100,0,0.0,0.0,2.0,0.0,0.0,0.0,0.0,1.0,,0.0,0.0,Wellington Region,Nil,2-way,Sealed,0.0,0.0,0,0.0,50.0,0.0,Null,0.0,0.0,,47,Wellington City,Give way,0.0,0.0,0.0,0.0,0.0,0.0,Urban,0.0,0.0,0.0,Fine,Null,0
67689495,,576901,0.0,,0.0,1.0,,Null,2016/2017,SH 1N,TROY ST,,Minor Crash,Yes,2017,,South,,0,,Flat,,,,,,Bright sun,2176800,1,0.0,1.0,4.0,,,0.0,,,,,,Wellington Region,Nil,2-way,Sealed,,0.0,0,,70.0,,Null,0.0,0.0,,47,Wellington City,Give way,,,,,0.0,0.0,Urban,0.0,,,Fine,Null,0
67689503,,574900,0.0,,0.0,1.0,,West,2017/2018,KARORI ROAD,EAGLE ST,,Minor Crash,No,2017,,East,,0,,Flat,,,,,,Dark,2108804,1,0.0,0.0,2.0,,,0.0,,,1.0,,,Wellington Region,Nil,2-way,Sealed,,0.0,0,,50.0,,On,0.0,0.0,,47,Wellington City,Unknown,,,,,0.0,0.0,Urban,0.0,,,Light rain,Null,0
67689522,,572900,0.0,,1.0,0.0,,Null,2016/2017,LAMBTON QUAY,SLIP ROAD,,Non-Injury Crash,No,2017,,West,,0,,Flat,,,,,,Bright sun,2122800,0,0.0,0.0,2.0,,,0.0,,,,,,Wellington Region,Nil,2-way,Sealed,,0.0,0,,50.0,,Null,1.0,0.0,,47,Wellington City,Give way,,,,,0.0,0.0,Urban,0.0,,,Fine,Null,0
67689544,,573523,0.0,,0.0,2.0,,North,2016/2017,SH 1N,WESTCHESTER DRIVE OBR SBD,,Non-Injury Crash,Yes,2016,,South,,0,,Flat,,,,,,Overcast,2086312,0,0.0,0.0,4.0,,,0.0,,,,,,Wellington Region,Nil,2-way,Sealed,,0.0,0,,100.0,,Null,0.0,0.0,,47,Wellington City,Unknown,,,,,0.0,0.0,Open,0.0,,,Fine,Null,0
67689552,,573101,0.0,0.0,0.0,2.0,0.0,South,2016/2017,BLAIR ST,WAKEFIELD ST,,Non-Injury Crash,No,2016,0.0,South,0.0,0,0.0,Flat,0.0,,0.0,,0.0,Dark,2135700,0,0.0,0.0,1.0,0.0,0.0,0.0,0.0,1.0,,0.0,0.0,Wellington Region,Nil,2-way,Sealed,0.0,0.0,0,0.0,30.0,0.0,On,0.0,0.0,,47,Wellington City,Unknown,0.0,0.0,0.0,0.0,0.0,0.0,Urban,0.0,0.0,0.0,Fine,Null,0
67689574,,573101,0.0,,0.0,2.0,,Null,2016/2017,CABLE ST,TORY ST,,Non-Injury Crash,No,2016,,East,,0,,Flat,,,,,,Dark,2135200,0,0.0,0.0,3.0,,,0.0,,,,,,Wellington Region,Nil,1-way,Sealed,,0.0,0,,50.0,,On,0.0,0.0,,47,Wellington City,Traffic Signals,,,,,0.0,0.0,Urban,0.0,,,Fine,Strong wind,0
67689596,,573523,0.0,,0.0,2.0,,Null,2015/2016,GRENADA DRIVE,CHURTON PARK OFF SBD,,Non-Injury Crash,No,2016,,West,,0,,Hill Road,,,,,,Overcast,2086310,0,0.0,0.0,2.0,,,0.0,,,,,,Wellington Region,Motorway ramp,2-way,Sealed,,0.0,0,,50.0,,Null,0.0,0.0,,47,Wellington City,Stop,,,,,0.0,0.0,Urban,0.0,,,Light rain,Null,0
67689608,,572900,0.0,0.0,0.0,2.0,0.0,South,2015/2016,SH 1N,TINAKORI OFF NBD,,Non-Injury Crash,Yes,2016,0.0,North,0.0,0,0.0,Flat,1.0,,0.0,,0.0,Dark,2122000,0,0.0,0.0,3.0,0.0,0.0,0.0,0.0,0.0,,0.0,0.0,Wellington Region,Motorway ramp,1-way,Sealed,0.0,0.0,0,1.0,100.0,0.0,On,0.0,0.0,80.0,47,Wellington City,Unknown,0.0,0.0,0.0,0.0,0.0,0.0,Open,0.0,0.0,0.0,Heavy rain,Strong wind,0
67689631,,573000,0.0,0.0,1.0,0.0,0.0,South,2015/2016,LAMBTON QUAY,STOUT ST,,Non-Injury Crash,No,2016,0.0,North,0.0,0,0.0,Flat,0.0,,0.0,,0.0,Overcast,2125200,0,0.0,0.0,2.0,0.0,0.0,0.0,0.0,0.0,,0.0,0.0,Wellington Region,Nil,1-way,Sealed,0.0,0.0,0,0.0,30.0,0.0,Null,0.0,0.0,,47,Wellington City,Traffic Signals,0.0,0.0,0.0,0.0,0.0,0.0,Urban,1.0,1.0,0.0,Light rain,Null,0
67689639,,575600,0.0,0.0,0.0,2.0,0.0,South,2015/2016,WASHINGTON AVENUE,GARFIELD ST,,Non-Injury Crash,No,2016,0.0,South,0.0,0,0.0,Flat,0.0,,0.0,,0.0,Dark,2162500,0,0.0,0.0,2.0,0.0,0.0,0.0,0.0,1.0,,0.0,0.0,Wellington Region,Nil,2-way,Sealed,0.0,0.0,0,0.0,50.0,0.0,On,0.0,0.0,,47,Wellington City,Unknown,0.0,0.0,0.0,0.0,0.0,0.0,Urban,0.0,0.0,0.0,Null,Null,0
67689779,,574600,0.0,0.0,0.0,2.0,0.0,West,2016/2017,ANNE ST,UPPER WATT ST,,Non-Injury Crash,No,2016,0.0,West,0.0,0,0.0,Hill Road,0.0,,0.0,,0.0,Overcast,2099200,0,0.0,0.0,2.0,0.0,0.0,0.0,0.0,1.0,,0.0,0.0,Wellington Region,Nil,2-way,Sealed,0.0,0.0,0,0.0,50.0,0.0,Null,0.0,0.0,,47,Wellington City,Unknown,0.0,0.0,0.0,0.0,0.0,0.0,Urban,0.0,0.0,0.0,Null,Null,0
67689794,,573101,0.0,,0.0,1.0,,Null,2015/2016,WAKEFIELD ST,TORY ST,,Non-Injury Crash,No,2016,,North,,0,,Flat,,,,,,Dark,2135700,0,0.0,0.0,3.0,,,0.0,,,,,,Wellington Region,Nil,2-way,Sealed,,0.0,0,,50.0,,On,0.0,0.0,,47,Wellington City,Traffic Signals,,,,,0.0,0.0,Urban,1.0,,,Light rain,Null,0
67689838,,574200,0.0,,0.0,1.0,,North,2016/2017,BOX HILL,BARODA ST,,Non-Injury Crash,No,2017,,North,,0,,Hill Road,,,,,,Overcast,2088100,0,0.0,0.0,2.0,,,0.0,,,,,,Wellington Region,Nil,2-way,Sealed,,0.0,0,,50.0,,Null,0.0,0.0,,47,Wellington City,Give way,,,,,0.0,0.0,Urban,1.0,,,Light rain,Null,0
67689875,,573600,0.0,,0.0,2.0,,North,2016/2017,BASSETT ROAD,OHARIU ROAD,,Non-Injury Crash,No,2016,,North,,0,,Flat,,,,,,Bright sun,2080700,0,0.0,0.0,2.0,,,0.0,,,,,,Wellington Region,Nil,2-way,Sealed,,0.0,0,,50.0,,Null,0.0,0.0,,47,Wellington City,Nil,,,,,0.0,0.0,Urban,0.0,,,Fine,Null,0
67689900,,573300,0.0,,0.0,2.0,,North,2016/2017,BUCKLE ST,SH 1N,,Non-Injury Crash,No,2016,,North,,0,,Flat,,,,,,Bright sun,2145602,0,0.0,0.0,2.0,,,0.0,,,,,,Wellington Region,Nil,1-way,Sealed,,0.0,0,,50.0,,Null,0.0,0.0,,47,Wellington City,Unknown,,,,,0.0,0.0,Urban,0.0,,,Fine,Null,0
67689911,,573101,0.0,,0.0,2.0,,South,2016/2017,CAMBRIDGE TERRACE,ALPHA ST,,Non-Injury Crash,No,2016,,North,,0,,Flat,,,,,,Bright sun,2136100,0,0.0,0.0,3.0,,,0.0,,,,,,Wellington Region,Nil,1-way,Sealed,,0.0,0,,50.0,,Null,0.0,0.0,,47,Wellington City,Unknown,,,,,0.0,0.0,Urban,0.0,,,Null,Null,0
67689919,,573522,0.0,,0.0,2.0,,South,2016/2017,SH 1N,TAWA ON SBD,,Non-Injury Crash,Yes,2016,,South,,0,,Flat,,,,,,Bright sun,2086311,0,0.0,0.0,2.0,,,0.0,,,,,,Wellington Region,Nil,1-way,Sealed,,0.0,0,,100.0,,Null,0.0,0.0,,47,Wellington City,Unknown,,,,,0.0,0.0,Open,0.0,,,Fine,Null,0
67689938,,572500,0.0,0.0,0.0,0.0,0.0,North,2016/2017,SH 1N,TAWA ON NBD,,Non-Injury Crash,Yes,2017,0.0,North,0.0,0,0.0,Flat,1.0,,0.0,,0.0,Overcast,1986700,0,0.0,0.0,4.0,0.0,0.0,0.0,0.0,0.0,,0.0,0.0,Wellington Region,Nil,2-way,Sealed,0.0,0.0,0,0.0,100.0,0.0,Null,0.0,0.0,,47,Wellington City,Unknown,0.0,0.0,0.0,0.0,1.0,0.0,Open,0.0,0.0,0.0,Heavy rain,Null,0
67689978,,573300,1.0,,0.0,1.0,,Null,2017/2018,WEBB ST,THOMPSON ST,,Minor Crash,No,2017,,West,,0,,Flat,,,,,,Overcast,2144101,1,0.0,0.0,2.0,,,0.0,,,,,,Wellington Region,Nil,2-way,Sealed,,0.0,0,,50.0,,Null,0.0,0.0,,47,Wellington City,Stop,,,,,0.0,0.0,Urban,0.0,,,Fine,Null,0
67690106,,572900,0.0,0.0,0.0,4.0,0.0,North,2017/2018,HUTT ROAD,SAR ST,,Minor Crash,No,2017,0.0,North,0.0,0,0.0,Flat,0.0,,0.0,,0.0,Dark,2118400,1,0.0,0.0,2.0,0.0,0.0,0.0,0.0,1.0,,0.0,0.0,Wellington Region,Nil,2-way,Sealed,0.0,0.0,0,0.0,50.0,0.0,On,0.0,0.0,,47,Wellington City,Unknown,0.0,0.0,0.0,0.0,0.0,0.0,Urban,0.0,0.0,0.0,Fine,Null,0