OBJECTID,advisorySpeed,areaUnitID,bicycle,bridge,bus,carStationWagon,cliffBank,crashDirectionDescription,crashFinancialYear,crashLocation1,crashLocation2,crashRoadSideRoad,crashSeverity,crashSHDescription,crashYear,debris,directionRoleDescription,ditch,fatalCount,fence,flatHill,guardRail,holiday,houseOrBuilding,intersection,kerb,light,meshblockId,minorInjuryCount,moped,motorcycle,NumberOfLanes,objectThrownOrDropped,otherObject,otherVehicleType,overBank,parkedVehicle,pedestrian,phoneBoxEtc,postOrPole,region,roadCharacter,roadLane,roadSurface,roadworks,schoolBus,seriousInjuryCount,slipOrFlood,speedLimit,strayAnimal,streetLight,suv,taxi,temporarySpeedLimit,tlaId,tlaName,trafficControl,trafficIsland,trafficSign,train,tree,truck,unknownVehicleType,urban,vanOrUtility,vehicle,waterRiver,weatherA,weatherB,if_pandemic
67690135,,573101,0.0,0.0,0.0,2.0,0.0,North,2015/2016,MARION ST,SH 1N,,Non-Injury Crash,No,2016,0.0,North,0.0,0,0.0,Flat,0.0,,0.0,,0.0,Dark,2133600,0,0.0,0.0,2.0,0.0,0.0,0.0,0.0,1.0,,0.0,0.0,Wellington Region,Nil,2-way,Sealed,0.0,0.0,0,0.0,50.0,0.0,On,0.0,0.0,,47,Wellington City,Unknown,0.0,0.0,0.0,0.0,0.0,0.0,Urban,0.0,0.0,0.0,Light rain,Null,0
67690163,,573400,0.0,,0.0,2.0,,East,2016/2017,ORIENTAL PARADE,HERD ST,,Non-Injury Crash,No,2016,,North,,0,,Flat,,,,,,Bright sun,2138700,0,0.0,0.0,2.0,,,0.0,,,,,,Wellington Region,Nil,2-way,Sealed,,0.0,0,,40.0,,Null,0.0,0.0,,47,Wellington City,Unknown,,,,,0.0,0.0,Urban,0.0,,,Null,Null,0
67690171,,573000,0.0,,0.0,1.0,,South,2016/2017,LAMBTON QUAY,MASONS LANE,,Non-Injury Crash,No,2016,,South,,0,,Flat,,,,,,Overcast,2124100,0,0.0,0.0,2.0,,,0.0,,,,,,Wellington Region,Nil,2-way,Sealed,,0.0,0,,50.0,,Null,0.0,0.0,,47,Wellington City,Unknown,,,,,1.0,0.0,Urban,0.0,,,Fine,Null,0
67690222,,573101,0.0,,0.0,2.0,,North,2016/2017,TORY ST,HAINING ST,,Non-Injury Crash,No,2016,,South,,0,,Flat,,,,,,Overcast,2134900,0,0.0,0.0,2.0,,,0.0,,,,,,Wellington Region,Nil,2-way,Sealed,,0.0,0,,50.0,,Null,0.0,0.0,,47,Wellington City,Nil,,,,,0.0,0.0,Urban,0.0,,,Fine,Null,0
67690280,,573000,0.0,0.0,0.0,2.0,0.0,North,2016/2017,THE TERRACE,EVERTON TERRACE,,Non-Injury Crash,No,2017,0.0,North,0.0,0,0.0,Hill Road,0.0,,0.0,,0.0,Overcast,2126403,0,0.0,0.0,3.0,0.0,0.0,0.0,0.0,1.0,,0.0,0.0,Wellington Region,Nil,2-way,Sealed,0.0,0.0,0,0.0,50.0,0.0,Off,0.0,0.0,,47,Wellington City,Unknown,0.0,0.0,0.0,0.0,0.0,0.0,Urban,0.0,0.0,0.0,Fine,Null,0
67690300,,573400,0.0,,0.0,2.0,,East,2015/2016,ORIENTAL PARADE,HERD ST,,Non-Injury Crash,No,2016,,East,,0,,Hill Road,,,,,,Overcast,2138800,0,0.0,0.0,2.0,,,0.0,,,,,,Wellington Region,Nil,2-way,Sealed,,0.0,0,,40.0,,Null,0.0,0.0,,47,Wellington City,Unknown,,,,,0.0,0.0,Urban,0.0,,,Fine,Null,0
67690324,,573101,0.0,0.0,0.0,2.0,0.0,West,2016/2017,INGLEWOOD PLACE,TARANAKI ST,,Non-Injury Crash,No,2016,0.0,North,0.0,0,0.0,Flat,0.0,,0.0,,0.0,Bright sun,2133408,0,0.0,0.0,1.0,0.0,0.0,0.0,0.0,1.0,,0.0,0.0,Wellington Region,Nil,1-way,Sealed,0.0,0.0,0,0.0,50.0,0.0,Null,0.0,0.0,,47,Wellington City,Unknown,0.0,0.0,0.0,0.0,0.0,0.0,Urban,0.0,0.0,0.0,Null,Null,0
67690327,,573514,0.0,,0.0,2.0,,North,2017/2018,SH 1N,JOHNSONVILLE ON NBD,,Minor Crash,Yes,2017,,North,,0,,Flat,,,,,,Bright sun,2081100,1,0.0,0.0,4.0,,,0.0,,,,,,Wellington Region,Nil,2-way,Sealed,,0.0,0,,100.0,,Null,0.0,0.0,,47,Wellington City,Unknown,,,,,0.0,0.0,Open,1.0,,,Fine,Null,0
67690331,,576301,0.0,,0.0,2.0,,North,2016/2017,RIDDIFORD ST,WILSON ST,,Non-Injury Crash,No,2016,,South,,0,,Flat,,,,,,Overcast,2165200,0,0.0,0.0,2.0,,,0.0,,,,,,Wellington Region,Nil,2-way,Sealed,,0.0,0,,50.0,,Null,0.0,0.0,,47,Wellington City,Unknown,,,,,0.0,0.0,Urban,0.0,,,Light rain,Null,0
67690347,,574500,1.0,,0.0,1.0,,Null,2015/2016,HUTT ROAD,WESTMINSTER ST,,Non-Injury Crash,No,2016,,South,,0,,Flat,,,,,,Overcast,2093500,0,0.0,0.0,2.0,,,0.0,,,,,,Wellington Region,Nil,2-way,Sealed,,0.0,0,,50.0,,Null,0.0,0.0,,47,Wellington City,Stop,,,,,0.0,0.0,Urban,0.0,,,Light rain,Null,0
67690358,,573000,1.0,,0.0,1.0,,Null,2016/2017,THE TERRACE,MACDONALD CRESCENT,,Minor Crash,No,2017,,South,,0,,Hill Road,,,,,,Dark,2130400,1,0.0,0.0,2.0,,,0.0,,,,,,Wellington Region,Nil,2-way,Sealed,,0.0,0,,50.0,,On,0.0,0.0,,47,Wellington City,Stop,,,,,0.0,0.0,Urban,0.0,,,Fine,Null,0
67690366,,572900,0.0,0.0,0.0,1.0,0.0,South,2016/2017,TINAKORI ROAD,ASCOT ST,,Non-Injury Crash,No,2017,0.0,North,0.0,0,0.0,Flat,0.0,,0.0,,0.0,Dark,2123300,0,0.0,0.0,2.0,0.0,0.0,0.0,0.0,1.0,,0.0,0.0,Wellington Region,Nil,2-way,Sealed,0.0,0.0,0,0.0,30.0,0.0,On,1.0,0.0,,47,Wellington City,Unknown,0.0,0.0,0.0,0.0,0.0,0.0,Urban,0.0,0.0,0.0,Null,Null,0
67690432,,576901,0.0,,0.0,2.0,,North,2016/2017,TIRANGI ROAD,COUTTS ST,,Non-Injury Crash,No,2016,,South,,0,,Flat,,,,,,Overcast,2176600,0,0.0,0.0,2.0,,,0.0,,,,,,Wellington Region,Nil,2-way,Sealed,,0.0,0,,50.0,,Null,0.0,0.0,,47,Wellington City,Unknown,,,,,0.0,0.0,Urban,0.0,,,Light rain,Null,0
67690444,,573903,0.0,0.0,0.0,2.0,0.0,South,2015/2016,BATCHELOR ST,ATKINSON ST,,Non-Injury Crash,No,2016,0.0,North,0.0,0,0.0,Hill Road,0.0,,0.0,,0.0,Bright sun,2073800,0,0.0,0.0,2.0,0.0,0.0,0.0,0.0,1.0,,0.0,0.0,Wellington Region,Nil,2-way,Sealed,0.0,0.0,0,0.0,50.0,0.0,Null,0.0,0.0,,47,Wellington City,Unknown,0.0,0.0,0.0,0.0,0.0,0.0,Urban,0.0,0.0,0.0,Fine,Null,0
67690483,,573101,0.0,,1.0,0.0,,Null,2016/2017,MANNERS ST,CUBA ST,,Serious Crash,No,2016,,South,,0,,Flat,,,,,,Dark,2133300,0,0.0,0.0,2.0,,,0.0,,,1.0,,,Wellington Region,Nil,2-way,Sealed,,0.0,1,,30.0,,On,0.0,0.0,,47,Wellington City,Nil,,,,,0.0,0.0,Urban,0.0,,,Fine,Null,0
67690492,,576901,0.0,,0.0,2.0,,Null,2016/2017,SH 1N,TROY ST,,Non-Injury Crash,Yes,2016,,West,,0,,Flat,,,,,,Bright sun,2176800,0,0.0,0.0,2.0,,,0.0,,,,,,Wellington Region,Nil,1-way,Sealed,,0.0,0,,70.0,,Null,0.0,0.0,,47,Wellington City,Give way,,,,,0.0,0.0,Urban,0.0,,,Fine,Null,0
67690503,,574500,0.0,,0.0,2.0,,North,2015/2016,SH 1N,AOTEA ON NBD,,Non-Injury Crash,Yes,2016,,North,,0,,Flat,,,,,,Overcast,2093400,0,0.0,0.0,4.0,,,0.0,,,,,,Wellington Region,Nil,1-way,Sealed,,0.0,0,,100.0,,Null,1.0,0.0,,47,Wellington City,Unknown,,,,,0.0,0.0,Open,0.0,,,Fine,Null,0
67690511,,573000,0.0,0.0,0.0,3.0,0.0,Null,2015/2016,THE TERRACE,MACDONALD CRESCENT,,Non-Injury Crash,No,2016,0.0,South,0.0,0,0.0,Hill Road,0.0,,0.0,,0.0,Bright sun,2130400,0,0.0,0.0,2.0,0.0,0.0,0.0,0.0,1.0,,0.0,1.0,Wellington Region,Nil,2-way,Sealed,0.0,0.0,0,0.0,50.0,0.0,Null,0.0,0.0,,47,Wellington City,Stop,0.0,0.0,0.0,0.0,0.0,0.0,Urban,0.0,0.0,0.0,Fine,Null,0
67690540,,573101,0.0,0.0,0.0,1.0,0.0,North,2015/2016,CAMBRIDGE TERRACE,TENNYSON ST,,Non-Injury Crash,No,2016,0.0,North,0.0,0,0.0,Flat,0.0,,0.0,,0.0,Dark,2136100,0,0.0,1.0,2.0,0.0,0.0,0.0,0.0,1.0,,0.0,0.0,Wellington Region,Nil,2-way,Sealed,0.0,0.0,0,0.0,50.0,0.0,On,0.0,0.0,,47,Wellington City,Unknown,0.0,0.0,0.0,0.0,0.0,0.0,Urban,0.0,0.0,0.0,Fine,Null,0
67690576,,574200,0.0,0.0,0.0,1.0,0.0,North,2016/2017,JAUNPUR CRESCENT,SIRSI TERRACE,,Non-Injury Crash,No,2016,0.0,East,0.0,0,0.0,Hill Road,0.0,,1.0,,0.0,Overcast,2087605,0,0.0,0.0,2.0,0.0,0.0,0.0,0.0,0.0,,0.0,0.0,Wellington Region,Nil,2-way,Sealed,0.0,0.0,0,0.0,50.0,0.0,Null,0.0,0.0,,47,Wellington City,Unknown,0.0,0.0,0.0,1.0,0.0,0.0,Urban,0.0,0.0,0.0,Light rain,Null,0
67690594,,573300,0.0,,0.0,1.0,,North,2017/2018,WALLACE ST,HOWARD ST,,Minor Crash,No,2017,,North,,0,,Flat,,,,,,Dark,2147100,1,0.0,0.0,2.0,,,0.0,,,1.0,,,Wellington Region,Nil,2-way,Sealed,,0.0,0,,50.0,,On,0.0,0.0,,47,Wellington City,Unknown,,,,,0.0,0.0,Urban,0.0,,,Light rain,Null,0
67690619,,574002,0.0,,1.0,1.0,,South,2016/2017,CENTENNIAL NBD,SH 1N,,Non-Injury Crash,No,2016,,North,,0,,Hill Road,,,,,,Twilight,2078302,0,0.0,0.0,1.0,,,0.0,,,,,,Wellington Region,Motorway ramp,1-way,Sealed,,0.0,0,,80.0,,On,0.0,0.0,,47,Wellington City,Nil,,,,,0.0,0.0,Open,0.0,,,Fine,Null,0
67690631,,576500,0.0,,0.0,1.0,,North,2017/2018,ADELAIDE ROAD,GIRTON TERRACE,,Serious Crash,No,2017,,North,,0,,Flat,,,,,,Overcast,2147900,0,0.0,0.0,3.0,,,0.0,,,1.0,,,Wellington Region,Nil,2-way,Sealed,,0.0,1,,50.0,,Null,0.0,0.0,,47,Wellington City,Unknown,,,,,0.0,0.0,Urban,0.0,,,Fine,Null,0
67690666,,573101,0.0,0.0,0.0,1.0,0.0,Null,2015/2016,COURTENAY PLACE,TORY ST,,Non-Injury Crash,No,2016,0.0,West,0.0,0,0.0,Flat,0.0,,0.0,,0.0,Dark,2135600,0,0.0,0.0,3.0,0.0,0.0,0.0,0.0,0.0,,0.0,0.0,Wellington Region,Nil,2-way,Sealed,0.0,0.0,0,0.0,30.0,0.0,On,0.0,0.0,,47,Wellington City,Traffic Signals,0.0,1.0,0.0,0.0,0.0,0.0,Urban,0.0,0.0,0.0,Light rain,Null,0
67690682,,576903,0.0,,0.0,2.0,,Null,2015/2016,WELLINGTON ROAD,RUAHINE ST,,Non-Injury Crash,Yes,2016,,South,,0,,Hill Road,,,,,,Dark,2180400,0,0.0,0.0,2.0,,,0.0,,,,,,Wellington Region,Nil,2-way,Sealed,,0.0,0,,50.0,,On,0.0,1.0,,47,Wellington City,Give way,,,,,0.0,0.0,Urban,0.0,,,Null,Null,0
67690703,,573903,0.0,0.0,0.0,1.0,0.0,West,2015/2016,NEWLANDS ROAD,HURRING PLACE,,Non-Injury Crash,No,2016,0.0,East,0.0,0,0.0,Flat,0.0,,0.0,,1.0,Dark,2075103,0,0.0,0.0,1.0,0.0,0.0,0.0,0.0,0.0,,0.0,0.0,Wellington Region,Bridge,1-way,Sealed,0.0,0.0,0,0.0,100.0,0.0,On,0.0,0.0,,47,Wellington City,Unknown,0.0,0.0,0.0,0.0,0.0,0.0,Open,1.0,0.0,0.0,Fine,Null,0
67690735,,573903,0.0,0.0,0.0,1.0,1.0,South,2015/2016,BATCHELOR ST,BELLRINGER CRESCENT,,Non-Injury Crash,No,2016,0.0,South,0.0,0,0.0,Hill Road,0.0,,0.0,,0.0,Overcast,2073900,0,0.0,0.0,2.0,0.0,0.0,0.0,0.0,0.0,,0.0,1.0,Wellington Region,Nil,2-way,Sealed,0.0,0.0,0,0.0,50.0,0.0,Null,0.0,0.0,,47,Wellington City,Unknown,0.0,0.0,0.0,0.0,0.0,0.0,Urban,0.0,0.0,0.0,Heavy rain,Null,0
67690768,,574002,0.0,,0.0,2.0,,North,2016/2017,SH 1N,NIMT OBR,,Non-Injury Crash,Yes,2017,,South,,0,,Hill Road,,,,,,Overcast,2078302,0,0.0,0.0,6.0,,,0.0,,,,,,Wellington Region,Nil,2-way,Sealed,,0.0,0,,80.0,,Off,0.0,0.0,,47,Wellington City,Unknown,,,,,0.0,0.0,Open,0.0,,,Heavy rain,Null,0
67690794,,573101,0.0,,0.0,0.0,,Null,2016/2017,TARANAKI ST,YORK ST,,Non-Injury Crash,No,2016,,North,,0,,Flat,,,,,,Overcast,2135800,0,0.0,1.0,4.0,,,0.0,,,,,,Wellington Region,Nil,2-way,Sealed,,0.0,0,,30.0,,Null,0.0,0.0,,47,Wellington City,Nil,,,,,0.0,0.0,Urban,0.0,,,Fine,Null,0
67690810,,573700,0.0,,0.0,1.0,,South,2016/2017,SH 1N,HELSTON OBR,,Non-Injury Crash,Yes,2016,,North,,0,,Flat,,,,,,Twilight,2082800,0,0.0,0.0,2.0,,,0.0,,,,,,Wellington Region,Nil,1-way,Sealed,,0.0,0,,80.0,,On,0.0,0.0,,47,Wellington City,Unknown,,,,,0.0,0.0,Open,1.0,,,Fine,Null,0
67690868,,574002,0.0,0.0,0.0,1.0,0.0,Null,2016/2017,CENTENNIAL SBD,SLIP ROAD,,Non-Injury Crash,Yes,2016,0.0,South,0.0,0,0.0,Hill Road,0.0,,0.0,,0.0,Dark,2078302,0,0.0,0.0,2.0,0.0,0.0,0.0,0.0,0.0,,0.0,0.0,Wellington Region,Nil,1-way,Sealed,0.0,0.0,0,0.0,80.0,0.0,On,0.0,0.0,,47,Wellington City,Nil,1.0,0.0,0.0,0.0,1.0,0.0,Open,0.0,0.0,0.0,Fine,Null,0
67690900,,573200,0.0,,0.0,2.0,,Null,2016/2017,ARO ST,DEVON ST,,Non-Injury Crash,No,2017,,West,,0,,Flat,,,,,,Overcast,2158800,0,0.0,0.0,2.0,,,0.0,,,,,,Wellington Region,Nil,2-way,Sealed,,0.0,0,,30.0,,Null,0.0,0.0,,47,Wellington City,Give way,,,,,0.0,0.0,Urban,0.0,,,Fine,Null,0
67690919,,576600,0.0,,0.0,2.0,,West,2016/2017,ORIENTAL PARADE,FREYBERG POOL CPK ENT,,Minor Crash,No,2016,,East,,0,,Flat,,,,,,Bright sun,2137900,1,0.0,0.0,2.0,,,0.0,,,,,,Wellington Region,Nil,2-way,Sealed,,0.0,0,,40.0,,Null,0.0,0.0,,47,Wellington City,Unknown,,,,,0.0,0.0,Urban,0.0,,,Fine,Null,0
67690983,,576600,0.0,0.0,0.0,2.0,0.0,North,2015/2016,ORIENTAL PARADE,GRASS ST,,Non-Injury Crash,No,2016,0.0,North,0.0,0,0.0,Flat,0.0,,0.0,,0.0,Overcast,2137500,0,0.0,0.0,2.0,0.0,0.0,0.0,0.0,1.0,,0.0,0.0,Wellington Region,Nil,2-way,Sealed,0.0,0.0,0,0.0,40.0,0.0,Null,0.0,0.0,,47,Wellington City,Unknown,0.0,0.0,0.0,0.0,0.0,0.0,Urban,0.0,0.0,0.0,Fine,Null,0
67691046,,575702,0.0,0.0,0.0,3.0,0.0,South,2017/2018,LIARDET ST,SHORT ST,,Non-Injury Crash,No,2017,0.0,West,0.0,0,1.0,Hill Road,0.0,,0.0,,0.0,Unknown,2199300,0,0.0,0.0,2.0,0.0,0.0,0.0,0.0,1.0,,0.0,0.0,Wellington Region,Nil,2-way,Sealed,0.0,0.0,0,0.0,50.0,0.0,Null,0.0,0.0,,47,Wellington City,Unknown,0.0,0.0,0.0,0.0,0.0,0.0,Urban,0.0,0.0,0.0,Fine,Null,0
67691052,,573000,0.0,0.0,0.0,2.0,0.0,North,2016/2017,WILLIS ST,DIXON ST,,Non-Injury Crash,No,2017,0.0,North,0.0,0,0.0,Hill Road,0.0,,0.0,,0.0,Bright sun,2129100,0,0.0,0.0,2.0,0.0,0.0,0.0,0.0,1.0,,0.0,0.0,Wellington Region,Nil,2-way,Sealed,0.0,0.0,0,0.0,50.0,0.0,Null,0.0,1.0,,47,Wellington City,Unknown,0.0,0.0,0.0,0.0,0.0,0.0,Urban,0.0,0.0,0.0,Null,Null,0
67691104,,574303,0.0,,0.0,2.0,,West,2016/2017,SH 1N,SH 2,,Non-Injury Crash,Yes,2017,,West,,0,,Flat,,,,,,Overcast,2090402,0,0.0,0.0,3.0,,,0.0,,,,,,Wellington Region,Nil,1-way,Sealed,,0.0,0,,60.0,,Null,0.0,0.0,,47,Wellington City,Unknown,,,,,0.0,0.0,Urban,0.0,,,Fine,Null,0
67691134,,574002,0.0,,0.0,2.0,,South,2017/2018,SH 1N,NEWLANDS ON SBD,,Non-Injury Crash,Yes,2017,,South,,0,,Flat,,,,,,Overcast,2078304,0,0.0,0.0,3.0,,,0.0,,,,,,Wellington Region,Nil,1-way,Sealed,,0.0,0,,100.0,,Null,1.0,0.0,,47,Wellington City,Unknown,,,,,0.0,0.0,Open,0.0,,,Heavy rain,Null,0
67691144,,572900,0.0,,0.0,1.0,,Null,2016/2017,BOWEN ST,BALLANTRAE PLACE,,Minor Crash,No,2017,,West,,0,,Hill Road,,,,,,Overcast,2122000,1,0.0,1.0,4.0,,,0.0,,,,,,Wellington Region,Nil,2-way,Sealed,,0.0,0,,50.0,,Null,0.0,0.0,,47,Wellington City,Nil,,,,,0.0,0.0,Urban,0.0,,,Fine,Null,0
67691187,,574800,0.0,0.0,0.0,2.0,0.0,East,2015/2016,KARORI ROAD,PARKVALE ROAD,,Non-Injury Crash,No,2016,0.0,East,0.0,0,0.0,Flat,0.0,,0.0,,0.0,Bright sun,2107600,0,0.0,0.0,3.0,0.0,0.0,0.0,0.0,1.0,,0.0,0.0,Wellington Region,Nil,2-way,Sealed,0.0,0.0,0,0.0,50.0,0.0,Null,0.0,0.0,,47,Wellington City,Unknown,0.0,0.0,0.0,0.0,0.0,0.0,Urban,0.0,0.0,0.0,Fine,Null,0
67691191,,572701,0.0,0.0,0.0,1.0,1.0,North,2015/2016,SH 1N,COLLINS OBR,,Non-Injury Crash,Yes,2016,0.0,North,0.0,0,1.0,Hill Road,0.0,,0.0,,0.0,Overcast,1995600,0,0.0,0.0,2.0,0.0,0.0,0.0,0.0,0.0,,0.0,0.0,Wellington Region,Nil,1-way,Sealed,0.0,0.0,0,0.0,100.0,0.0,Null,0.0,0.0,,47,Wellington City,Unknown,0.0,0.0,0.0,0.0,0.0,0.0,Open,0.0,0.0,0.0,Light rain,Null,0
67691195,,576901,0.0,,0.0,2.0,,Null,2016/2017,COBHAM DRIVE,TROY ST,,Non-Injury Crash,Yes,2016,,West,,0,,Flat,,,,,,Bright sun,2176800,0,0.0,0.0,2.0,,,0.0,,,,,,Wellington Region,Nil,1-way,Sealed,,0.0,0,,70.0,,Null,0.0,0.0,,47,Wellington City,Give way,,,,,0.0,0.0,Urban,0.0,,,Fine,Null,0
67691253,,576903,0.0,,0.0,3.0,,South,2016/2017,SH 1N,GOA ST,,Non-Injury Crash,Yes,2016,,North,,0,,Flat,,,,,,Bright sun,2180601,0,0.0,0.0,2.0,,,0.0,,,,,,Wellington Region,Nil,2-way,Sealed,,0.0,0,,70.0,,Null,0.0,0.0,,47,Wellington City,Unknown,,,,,0.0,0.0,Urban,0.0,,,Fine,Null,0
67691335,,575300,0.0,0.0,0.0,2.0,0.0,North,2016/2017,NORWAY ST,THULE ST,,Non-Injury Crash,No,2017,0.0,South,0.0,0,0.0,Flat,0.0,,0.0,,0.0,Bright sun,2152000,0,0.0,0.0,2.0,0.0,0.0,0.0,0.0,1.0,,0.0,0.0,Wellington Region,Nil,2-way,Sealed,0.0,0.0,0,0.0,50.0,0.0,Null,0.0,0.0,,47,Wellington City,Unknown,0.0,0.0,0.0,0.0,0.0,0.0,Urban,0.0,0.0,0.0,Fine,Null,0
67691338,,574302,0.0,0.0,0.0,1.0,0.0,South,2015/2016,BENGAL ST,RAMA CRESCENT,,Non-Injury Crash,No,2016,0.0,South,0.0,0,0.0,Hill Road,0.0,,0.0,,0.0,Bright sun,2092000,0,0.0,0.0,2.0,0.0,0.0,0.0,0.0,1.0,,0.0,0.0,Wellington Region,Nil,2-way,Sealed,0.0,0.0,0,0.0,50.0,0.0,Null,0.0,0.0,,47,Wellington City,Unknown,0.0,0.0,0.0,0.0,1.0,0.0,Urban,0.0,0.0,0.0,Fine,Null,0
67691365,,573523,0.0,0.0,0.0,1.0,0.0,North,2016/2017,CHURTON PARK ON SBD,SH 1N,,Non-Injury Crash,No,2016,0.0,South,0.0,0,0.0,Flat,1.0,,0.0,,0.0,Overcast,2086310,0,0.0,0.0,1.0,0.0,0.0,0.0,0.0,0.0,,0.0,0.0,Wellington Region,Nil,1-way,Sealed,0.0,0.0,0,0.0,100.0,0.0,Null,0.0,0.0,,47,Wellington City,Unknown,0.0,1.0,0.0,0.0,0.0,0.0,Open,0.0,0.0,0.0,Light rain,Null,0
67691366,,575400,0.0,,0.0,2.0,,North,2015/2016,RAROA ROAD,MOUNT PLEASANT ROAD,,Non-Injury Crash,No,2016,,East,,0,,Hill Road,,,,,,Dark,2155800,0,0.0,0.0,2.0,,,0.0,,,,,,Wellington Region,Nil,2-way,Sealed,,0.0,0,,50.0,,Off,0.0,0.0,,47,Wellington City,Unknown,,,,,0.0,0.0,Urban,1.0,,,Heavy rain,Strong wind,0
67691386,,577200,0.0,0.0,0.0,2.0,0.0,North,2016/2017,IRA ST,OTAKI ST,,Non-Injury Crash,No,2016,0.0,North,0.0,0,0.0,Flat,0.0,,0.0,,0.0,Dark,2207900,0,0.0,0.0,2.0,0.0,0.0,0.0,0.0,1.0,,0.0,0.0,Wellington Region,Nil,2-way,Sealed,0.0,0.0,0,0.0,50.0,0.0,On,0.0,0.0,,47,Wellington City,Unknown,0.0,0.0,0.0,0.0,0.0,0.0,Urban,1.0,0.0,0.0,Fine,Null,0
67691401,,573101,0.0,0.0,0.0,1.0,0.0,West,2016/2017,WIGAN ST,TARANAKI ST,,Non-Injury Crash,No,2016,0.0,North,0.0,0,0.0,Flat,0.0,,0.0,,0.0,Overcast,2134100,0,0.0,0.0,2.0,0.0,0.0,0.0,0.0,1.0,,0.0,0.0,Wellington Region,Nil,2-way,Sealed,0.0,0.0,0,0.0,50.0,0.0,Null,0.0,0.0,,47,Wellington City,Nil,0.0,0.0,0.0,0.0,0.0,0.0,Urban,1.0,0.0,0.0,Light rain,Null,0
67691441,,577200,0.0,,0.0,1.0,,West,2016/2017,COBHAM DRIVE,SHELLY BAY ROAD,,Minor Crash,No,2017,,West,,0,,Flat,,Christmas New Year,,,,Overcast,2206200,1,0.0,0.0,2.0,,,0.0,,,1.0,,,Wellington Region,Nil,2-way,Sealed,,0.0,0,,50.0,,Null,0.0,0.0,,47,Wellington City,Unknown,,,,,0.0,0.0,Urban,0.0,,,Fine,Null,0
67691454,,576903,0.0,0.0,0.0,1.0,0.0,North,2016/2017,MOXHAM AVENUE,RAUPO ST,,Minor Crash,No,2016,0.0,North,0.0,0,0.0,Flat,0.0,,0.0,,0.0,Bright sun,2180700,1,0.0,0.0,2.0,0.0,0.0,0.0,0.0,1.0,,0.0,0.0,Wellington Region,Nil,2-way,Sealed,0.0,0.0,0,0.0,50.0,0.0,Off,1.0,0.0,,47,Wellington City,Unknown,0.0,0.0,0.0,0.0,0.0,0.0,Urban,0.0,0.0,0.0,Fine,Null,0
67691591,,576500,0.0,,0.0,0.0,,Null,2017/2018,ADELAIDE ROAD,JOHN ST,,Minor Crash,No,2017,,North,,0,,Flat,,,,,,Bright sun,2148700,1,0.0,0.0,4.0,,,0.0,,,1.0,,,Wellington Region,Nil,2-way,Sealed,,0.0,0,,50.0,,Null,0.0,0.0,,47,Wellington City,Traffic Signals,,,,,0.0,0.0,Urban,1.0,,,Fine,Null,0
67691602,,575000,0.0,0.0,0.0,2.0,0.0,West,2015/2016,MARSDEN AVENUE,LANCASTER ST,,Non-Injury Crash,No,2016,0.0,West,0.0,0,0.0,Hill Road,0.0,,0.0,,0.0,Dark,2111500,0,0.0,0.0,2.0,0.0,0.0,0.0,0.0,1.0,,0.0,0.0,Wellington Region,Nil,2-way,Sealed,0.0,0.0,0,0.0,50.0,0.0,On,0.0,0.0,,47,Wellington City,Unknown,0.0,0.0,0.0,0.0,0.0,0.0,Urban,0.0,0.0,0.0,Null,Null,0
67691626,,573802,0.0,0.0,0.0,2.0,0.0,North,2015/2016,ARTHUR CARMAN ST,BURGESS ROAD,,Minor Crash,No,2016,0.0,North,0.0,0,0.0,Hill Road,0.0,,0.0,,0.0,Overcast,2079200,1,0.0,0.0,2.0,0.0,0.0,0.0,0.0,1.0,,0.0,0.0,Wellington Region,Nil,2-way,Sealed,0.0,0.0,0,0.0,50.0,0.0,Null,0.0,0.0,,47,Wellington City,Nil,0.0,0.0,0.0,0.0,0.0,0.0,Urban,0.0,0.0,0.0,Heavy rain,Null,0
67691627,,573200,0.0,0.0,0.0,1.0,0.0,South,2016/2017,NAIRN ST,FRANKLIN AVENUE,,Non-Injury Crash,No,2016,0.0,South,0.0,0,0.0,Flat,0.0,,0.0,,0.0,Unknown,2159603,0,0.0,0.0,2.0,0.0,0.0,0.0,0.0,1.0,,0.0,0.0,Wellington Region,Nil,2-way,Sealed,0.0,0.0,0,0.0,50.0,0.0,Null,1.0,0.0,,47,Wellington City,Unknown,0.0,0.0,0.0,0.0,0.0,0.0,Urban,0.0,0.0,0.0,Null,Null,0
67691697,,576903,0.0,,0.0,1.0,,Null,2015/2016,SH 1N,GOA ST,,Non-Injury Crash,Yes,2016,,West,,0,,Flat,,,,,,Dark,2180601,0,0.0,0.0,2.0,,,0.0,,,,,,Wellington Region,Nil,2-way,Sealed,,0.0,0,,70.0,,On,0.0,0.0,,47,Wellington City,Give way,,,,,0.0,0.0,Urban,1.0,,,Heavy rain,Null,0
67691809,,573526,0.0,,0.0,3.0,,East,2016/2017,SH 2,SERVICE STN NTH,,Non-Injury Crash,Yes,2016,,East,,0,,Flat,,,,,,Dark,2086403,0,0.0,0.0,2.0,,,0.0,,,,,,Wellington Region,Nil,1-way,Sealed,,0.0,0,,100.0,,On,0.0,0.0,,47,Wellington City,Unknown,,,,,0.0,0.0,Open,0.0,,,Light rain,Null,0