OBJECTID,advisorySpeed,areaUnitID,bicycle,bridge,bus,carStationWagon,cliffBank,crashDirectionDescription,crashFinancialYear,crashLocation1,crashLocation2,crashRoadSideRoad,crashSeverity,crashSHDescription,crashYear,debris,directionRoleDescription,ditch,fatalCount,fence,flatHill,guardRail,holiday,houseOrBuilding,intersection,kerb,light,meshblockId,minorInjuryCount,moped,motorcycle,NumberOfLanes,objectThrownOrDropped,otherObject,otherVehicleType,overBank,parkedVehicle,pedestrian,phoneBoxEtc,postOrPole,region,roadCharacter,roadLane,roadSurface,roadworks,schoolBus,seriousInjuryCount,slipOrFlood,speedLimit,strayAnimal,streetLight,suv,taxi,temporarySpeedLimit,tlaId,tlaName,trafficControl,trafficIsland,trafficSign,train,tree,truck,unknownVehicleType,urban,vanOrUtility,vehicle,waterRiver,weatherA,weatherB,if_pandemic
67691818,,573000,0.0,0.0,0.0,2.0,0.0,South,2015/2016,VICTORIA ST,HARRIS ST,,Non-Injury Crash,No,2015,0.0,South,0.0,0,0.0,Flat,0.0,,0.0,,0.0,Bright sun,2127400,0,0.0,0.0,2.0,0.0,0.0,0.0,0.0,1.0,,0.0,0.0,Wellington Region,Nil,1-way,Sealed,0.0,0.0,0,0.0,50.0,0.0,Null,0.0,0.0,,47,Wellington City,Unknown,0.0,0.0,0.0,0.0,0.0,0.0,Urban,0.0,0.0,0.0,Fine,Null,0
67691837,,576301,0.0,,0.0,1.0,,South,2016/2017,ADELAIDE ROAD,JOHN ST,,Minor Crash,No,2017,,North,,0,,Hill Road,,,,,,Dark,2163400,1,1.0,0.0,2.0,,,0.0,,,,,,Wellington Region,Nil,2-way,Sealed,,0.0,0,,50.0,,On,0.0,0.0,,47,Wellington City,Nil,,,,,0.0,0.0,Urban,0.0,,,Fine,Null,0
67691893,,573400,0.0,0.0,0.0,2.0,0.0,Null,2015/2016,HANIA ST,PIRIE ST,,Non-Injury Crash,No,2016,0.0,South,0.0,0,0.0,Flat,0.0,,0.0,,0.0,Dark,2143900,0,0.0,0.0,2.0,0.0,0.0,0.0,0.0,1.0,,0.0,0.0,Wellington Region,Nil,2-way,Sealed,0.0,0.0,0,0.0,50.0,0.0,On,0.0,0.0,,47,Wellington City,Give way,0.0,0.0,0.0,0.0,0.0,0.0,Urban,0.0,0.0,0.0,Fine,Null,0
67691903,,575600,0.0,,0.0,1.0,,South,2015/2016,OHIRO ROAD,CLEVELAND ST,,Non-Injury Crash,No,2016,,South,,0,,Flat,,,,,,Overcast,2162300,0,0.0,0.0,2.0,,,0.0,,,,,,Wellington Region,Nil,2-way,Sealed,,0.0,0,,50.0,,Null,0.0,0.0,,47,Wellington City,Unknown,,,,,0.0,0.0,Urban,1.0,,,Fine,Null,0
67691919,,576800,1.0,,0.0,0.0,,Null,2016/2017,EVANS BAY PARADE,RATA ROAD,,Non-Injury Crash,No,2016,,North,,0,,Flat,,,,,,Bright sun,2182503,0,0.0,0.0,2.0,,,0.0,,,,,,Wellington Region,Nil,2-way,Sealed,,0.0,0,,50.0,,Null,1.0,0.0,,47,Wellington City,Give way,,,,,0.0,0.0,Urban,0.0,,,Fine,Null,0
67691933,,575600,0.0,,0.0,1.0,,North,2017/2018,WASHINGTON AVENUE,TAFT ST,,Minor Crash,No,2017,,South,,0,,Hill Road,,,,,,Dark,2162500,1,0.0,1.0,2.0,,,0.0,,,,,,Wellington Region,Nil,2-way,Sealed,,0.0,0,,50.0,,On,0.0,0.0,,47,Wellington City,Unknown,,,,,0.0,0.0,Urban,0.0,,,Fine,Null,0
67691971,,573000,0.0,,0.0,2.0,,South,2016/2017,SH 1N,AURORA TERRACE OBR,,Non-Injury Crash,Yes,2017,,North,,0,,Hill Road,,,,,,Twilight,2124801,0,0.0,0.0,3.0,,,0.0,,,,,,Wellington Region,Nil,1-way,Sealed,,0.0,0,,100.0,,On,1.0,0.0,,47,Wellington City,Unknown,,,,,0.0,0.0,Open,1.0,,,Fine,Null,0
67691986,,573511,0.0,,0.0,2.0,,South,2016/2017,SH 1N,WESTCHESTER OBR NBD,,Non-Injury Crash,Yes,2016,,South,,0,,Flat,,,,,,Dark,2086203,0,0.0,0.0,2.0,,,0.0,,,,,,Wellington Region,Nil,1-way,Sealed,,0.0,0,,100.0,,On,0.0,0.0,,47,Wellington City,Unknown,,,,,0.0,0.0,Open,0.0,,,Fine,Null,0
67691998,,576400,0.0,,0.0,1.0,,West,2015/2016,CONSTABLE ST,DANIELL ST,,Non-Injury Crash,No,2016,,West,,0,,Flat,,,,,,Bright sun,2168400,0,0.0,0.0,2.0,,,0.0,,,,,,Wellington Region,Nil,2-way,Sealed,,0.0,0,,50.0,,Null,0.0,0.0,,47,Wellington City,Unknown,,,,,0.0,0.0,Urban,1.0,,,Fine,Null,0
67692038,,573101,0.0,,0.0,2.0,,Null,2015/2016,WAKEFIELD ST,TARANAKI ST,,Non-Injury Crash,No,2016,,East,,0,,Flat,,,,,,Overcast,2133200,0,0.0,0.0,3.0,,,0.0,,,,,,Wellington Region,Nil,1-way,Sealed,,0.0,0,,50.0,,Null,0.0,0.0,,47,Wellington City,Traffic Signals,,,,,0.0,0.0,Urban,0.0,,,Fine,Null,0
67692055,,576901,0.0,0.0,0.0,0.0,0.0,West,2015/2016,COUTTS ST,MAHORA ST,,Non-Injury Crash,No,2016,0.0,East,0.0,0,0.0,Flat,0.0,,0.0,,0.0,Bright sun,2178200,0,0.0,0.0,2.0,0.0,0.0,0.0,0.0,1.0,,0.0,0.0,Wellington Region,Nil,2-way,Sealed,0.0,0.0,0,0.0,30.0,0.0,Null,0.0,0.0,,47,Wellington City,Unknown,0.0,0.0,0.0,0.0,1.0,0.0,Urban,1.0,0.0,0.0,Fine,Null,0
67692162,,577000,0.0,,0.0,1.0,,Null,2015/2016,TIRANGI ROAD,GEORGE BOLT ST,,Serious Crash,No,2016,,West,,0,,Flat,,Queens Birthday,,,,Overcast,2175502,0,0.0,0.0,2.0,,,0.0,,,,,,Wellington Region,Nil,2-way,Sealed,,0.0,1,,50.0,,Off,0.0,0.0,,47,Wellington City,Give way,,,,,0.0,0.0,Urban,0.0,,,Fine,Null,0
67692171,,574600,0.0,0.0,0.0,1.0,0.0,East,2016/2017,WADESTOWN ROAD,BLACKBRIDGE ROAD,,Non-Injury Crash,No,2016,0.0,East,0.0,0,1.0,Flat,1.0,,0.0,,0.0,Bright sun,2100800,0,0.0,0.0,2.0,0.0,0.0,1.0,0.0,1.0,,0.0,0.0,Wellington Region,Nil,2-way,Sealed,0.0,0.0,0,0.0,50.0,0.0,Null,0.0,0.0,,47,Wellington City,Unknown,0.0,0.0,0.0,0.0,0.0,0.0,Urban,0.0,0.0,0.0,Fine,Null,0
67692283,,573511,0.0,,0.0,2.0,,South,2016/2017,SH 1N,TAWA OFF NBD,,Minor Crash,Yes,2017,,East,,0,,Flat,,,,,,Dark,2086201,1,0.0,0.0,2.0,,,0.0,,,,,,Wellington Region,Nil,1-way,Sealed,,0.0,0,,100.0,,None,0.0,0.0,,47,Wellington City,Unknown,,,,,0.0,0.0,Open,0.0,,,Fine,Strong wind,0
67692290,,576301,0.0,,0.0,2.0,,South,2015/2016,RIDDIFORD ST,GREEN ST,,Minor Crash,No,2016,,North,,0,,Flat,,,,,,Bright sun,2165200,1,0.0,0.0,2.0,,,0.0,,,,,,Wellington Region,Nil,2-way,Sealed,,0.0,0,,50.0,,Null,0.0,0.0,,47,Wellington City,Unknown,,,,,0.0,0.0,Urban,0.0,,,Fine,Null,0
67692301,,575600,0.0,0.0,0.0,2.0,0.0,East,2016/2017,CLEVELAND ST,OHIRO ROAD,,Non-Injury Crash,No,2016,0.0,West,0.0,0,0.0,Flat,0.0,,0.0,,0.0,Dark,2162300,0,0.0,0.0,2.0,0.0,0.0,0.0,0.0,1.0,,0.0,0.0,Wellington Region,Nil,2-way,Sealed,0.0,0.0,0,0.0,30.0,0.0,On,0.0,0.0,,47,Wellington City,Unknown,0.0,0.0,0.0,0.0,0.0,0.0,Urban,0.0,0.0,0.0,Null,Null,0
67692327,,574303,0.0,,0.0,2.0,,East,2015/2016,SH 1N,TYERS ROAD,,Non-Injury Crash,Yes,2016,,West,,0,,Hill Road,,,,,,Bright sun,2088705,0,0.0,0.0,3.0,,,0.0,,,,,,Wellington Region,Nil,1-way,Sealed,,0.0,0,,80.0,,Null,0.0,0.0,,47,Wellington City,Unknown,,,,,0.0,0.0,Open,0.0,,,Fine,Null,0
67692346,,573700,0.0,0.0,0.0,1.0,0.0,North,2016/2017,SH 1N,JVILLE OBR,,Non-Injury Crash,Yes,2016,0.0,North,0.0,0,0.0,Flat,1.0,,0.0,,0.0,Overcast,2082800,0,0.0,0.0,2.0,0.0,0.0,0.0,0.0,0.0,,0.0,0.0,Wellington Region,Nil,1-way,Sealed,0.0,0.0,0,0.0,100.0,0.0,Off,0.0,0.0,,47,Wellington City,Unknown,0.0,0.0,0.0,0.0,0.0,0.0,Open,0.0,0.0,0.0,Heavy rain,Strong wind,0
67692355,,573101,0.0,0.0,1.0,0.0,0.0,East,2016/2017,COURTENAY PLACE,TARANAKI ST,,Non-Injury Crash,No,2016,1.0,East,0.0,0,0.0,Flat,0.0,,0.0,,0.0,Bright sun,2135600,0,0.0,0.0,5.0,0.0,0.0,0.0,0.0,1.0,,0.0,0.0,Wellington Region,Nil,2-way,Sealed,0.0,0.0,0,0.0,40.0,0.0,Null,1.0,0.0,,47,Wellington City,Unknown,0.0,0.0,0.0,0.0,0.0,0.0,Urban,0.0,0.0,0.0,Fine,Null,0
67692361,,573200,0.0,0.0,0.0,2.0,0.0,East,2016/2017,ADAMS TERRACE,ARO ST,,Non-Injury Crash,No,2016,0.0,North,0.0,0,0.0,Hill Road,0.0,,0.0,,0.0,Overcast,2156802,0,0.0,0.0,2.0,0.0,0.0,0.0,0.0,1.0,,0.0,0.0,Wellington Region,Nil,2-way,Sealed,0.0,0.0,0,0.0,50.0,0.0,Null,0.0,0.0,,47,Wellington City,Unknown,0.0,0.0,0.0,0.0,0.0,0.0,Urban,0.0,0.0,0.0,Light rain,Null,0
67692369,,576600,1.0,0.0,0.0,1.0,0.0,West,2016/2017,ORIENTAL PARADE,ORIENTAL TERRACE,,Serious Crash,No,2017,0.0,East,0.0,0,0.0,Flat,0.0,,0.0,,0.0,Overcast,2137900,0,0.0,0.0,2.0,0.0,0.0,0.0,0.0,1.0,,0.0,0.0,Wellington Region,Nil,2-way,Sealed,0.0,0.0,1,0.0,40.0,0.0,Off,0.0,0.0,,47,Wellington City,Unknown,0.0,0.0,0.0,0.0,0.0,0.0,Urban,0.0,0.0,0.0,Fine,Null,0
67692409,,573000,0.0,,0.0,1.0,,Null,2016/2017,THE TERRACE,SALAMANCA ROAD,,Minor Crash,No,2017,,North,,0,,Hill Road,,,,,,Overcast,2128200,1,1.0,0.0,4.0,,,0.0,,,,,,Wellington Region,Nil,2-way,Sealed,,0.0,0,,50.0,,Null,0.0,0.0,,47,Wellington City,Traffic Signals,,,,,0.0,0.0,Urban,0.0,,,Fine,Null,0
67692414,,576800,0.0,,0.0,2.0,,Null,2015/2016,WAITOA ROAD,HINAU ROAD,,Non-Injury Crash,No,2016,,North,,0,,Hill Road,,,,,,Dark,2185300,0,0.0,0.0,2.0,,,0.0,,,,,,Wellington Region,Nil,2-way,Sealed,,0.0,0,,50.0,,On,0.0,0.0,,47,Wellington City,Nil,,,,,0.0,0.0,Urban,0.0,,,Null,Null,0
67692433,,574100,0.0,0.0,0.0,1.0,0.0,West,2016/2017,KIPLING ST,BANNISTER AVENUE,,Non-Injury Crash,No,2016,0.0,East,0.0,0,0.0,Flat,0.0,,0.0,,0.0,Twilight,2084700,0,0.0,0.0,2.0,0.0,0.0,0.0,0.0,0.0,,0.0,0.0,Wellington Region,Nil,2-way,Sealed,0.0,0.0,0,0.0,50.0,0.0,Off,0.0,0.0,,47,Wellington City,Unknown,0.0,0.0,0.0,1.0,0.0,0.0,Urban,0.0,0.0,0.0,Fine,Null,0
67692506,,572900,0.0,0.0,0.0,3.0,0.0,South,2016/2017,MURPHY ST,HALSWELL ST,,Non-Injury Crash,No,2016,0.0,South,0.0,0,0.0,Flat,0.0,,0.0,,0.0,Bright sun,2118700,0,0.0,0.0,2.0,0.0,0.0,0.0,0.0,1.0,,0.0,0.0,Wellington Region,Nil,1-way,Sealed,0.0,0.0,0,0.0,50.0,0.0,Null,0.0,0.0,,47,Wellington City,Nil,0.0,0.0,0.0,0.0,0.0,0.0,Urban,0.0,0.0,0.0,Fine,Null,0
67692522,,573101,0.0,,0.0,2.0,,Null,2016/2017,MAJORIBANKS ST,KENT TERRACE,,Non-Injury Crash,No,2016,,West,,0,,Flat,,,,,,Dark,2135700,0,0.0,0.0,1.0,,,0.0,,,,,,Wellington Region,Nil,1-way,Sealed,,0.0,0,,50.0,,On,0.0,0.0,,47,Wellington City,Traffic Signals,,,,,0.0,0.0,Urban,0.0,,,Fine,Strong wind,0
67692541,,576301,0.0,,0.0,1.0,,South,2017/2018,HANSON ST,HALL ST,,Minor Crash,No,2017,,North,,0,,Flat,,,,,,Bright sun,2164200,1,0.0,0.0,2.0,,,0.0,,,1.0,,,Wellington Region,Nil,2-way,Sealed,,0.0,0,,50.0,,Null,0.0,0.0,,47,Wellington City,Unknown,,,,,0.0,0.0,Urban,0.0,,,Fine,Null,0
67692547,,574303,0.0,,0.0,1.0,,Null,2017/2018,SH 1N,TYERS ROAD,,Non-Injury Crash,Yes,2017,,North,,0,,Hill Road,,,,,,Overcast,2088705,0,0.0,0.0,3.0,,,0.0,,,,,,Wellington Region,Nil,1-way,Sealed,,0.0,0,,80.0,,Null,0.0,0.0,,47,Wellington City,Nil,,,,,0.0,0.0,Open,1.0,,,Light rain,Null,0
67692581,,573514,0.0,0.0,0.0,1.0,0.0,Null,2016/2017,WESTCHESTER DRIVE,HALSWATER DRIVE,,Non-Injury Crash,No,2017,0.0,North,0.0,0,0.0,Flat,0.0,Queens Birthday,0.0,,1.0,Dark,2086610,0,0.0,0.0,2.0,0.0,0.0,0.0,0.0,0.0,,0.0,0.0,Wellington Region,Nil,2-way,Sealed,0.0,0.0,0,0.0,50.0,0.0,Off,0.0,0.0,,47,Wellington City,Nil,0.0,0.0,0.0,0.0,0.0,0.0,Urban,0.0,0.0,0.0,Fine,Null,0
67692705,,573300,0.0,,0.0,2.0,,North,2016/2017,TASMAN ST,RUGBY ST,,Non-Injury Crash,No,2016,,South,,0,,Flat,,,,,,Overcast,2145400,0,0.0,0.0,2.0,,,0.0,,,,,,Wellington Region,Nil,2-way,Sealed,,0.0,0,,50.0,,Null,0.0,1.0,,47,Wellington City,Unknown,,,,,0.0,0.0,Urban,0.0,,,Light rain,Null,0
67692722,,573000,0.0,,1.0,1.0,,North,2016/2017,LAMBTON QUAY,STOUT ST,,Non-Injury Crash,No,2016,,South,,0,,Flat,,,,,,Bright sun,2124100,0,0.0,0.0,2.0,,,0.0,,,,,,Wellington Region,Nil,1-way,Sealed,,0.0,0,,30.0,,Null,0.0,0.0,,47,Wellington City,Unknown,,,,,0.0,0.0,Urban,0.0,,,Fine,Null,0
67692735,,573000,0.0,,0.0,2.0,,North,2016/2017,SH 1N,WILLIS ST,,Non-Injury Crash,Yes,2016,,South,,0,,Flat,,,,,,Bright sun,2130600,0,0.0,0.0,3.0,,,0.0,,,,,,Wellington Region,Nil,2-way,Sealed,,0.0,0,,70.0,,Null,0.0,0.0,,47,Wellington City,Unknown,,,,,0.0,0.0,Urban,0.0,,,Fine,Null,0
67692789,,573101,0.0,,0.0,2.0,,Null,2016/2017,TARANAKI ST,ARTHUR ST,,Non-Injury Crash,Yes,2016,,South,,0,,Flat,,,,,,Dark,2134800,0,0.0,0.0,5.0,,,0.0,,,,,,Wellington Region,Nil,2-way,Sealed,,0.0,0,,50.0,,On,0.0,0.0,,47,Wellington City,Traffic Signals,,,,,0.0,0.0,Urban,0.0,,,Fine,Null,0
67692811,,576800,0.0,,0.0,1.0,,Null,2017/2018,MOXHAM AVENUE,WAITOA ROAD,,Minor Crash,No,2017,,North,,0,,Flat,,,,,,Bright sun,2182100,2,0.0,0.0,2.0,,,0.0,,,2.0,,,Wellington Region,Nil,2-way,Sealed,,0.0,0,,30.0,,Null,0.0,0.0,,47,Wellington City,Give way,,,,,0.0,0.0,Urban,0.0,,,Fine,Null,0
67692873,,576200,0.0,0.0,0.0,2.0,0.0,East,2016/2017,BRITOMART ST,STANLEY ST,,Non-Injury Crash,No,2016,0.0,East,0.0,0,0.0,Flat,0.0,,0.0,,0.0,Overcast,2171200,0,0.0,0.0,2.0,0.0,0.0,0.0,0.0,1.0,,0.0,0.0,Wellington Region,Nil,2-way,Sealed,0.0,0.0,0,0.0,50.0,0.0,Null,0.0,0.0,,47,Wellington City,Unknown,0.0,0.0,0.0,0.0,0.0,0.0,Urban,0.0,0.0,0.0,Null,Null,0
67693131,,573000,0.0,0.0,0.0,1.0,0.0,Null,2016/2017,DIXON ST,MACDONALD CRESCENT,,Non-Injury Crash,No,2016,0.0,West,0.0,0,0.0,Hill Road,0.0,,0.0,,0.0,Dark,2128700,0,0.0,0.0,2.0,0.0,0.0,0.0,0.0,0.0,,1.0,0.0,Wellington Region,Nil,2-way,Sealed,0.0,0.0,0,0.0,50.0,0.0,On,0.0,0.0,,47,Wellington City,Unknown,0.0,0.0,0.0,0.0,0.0,0.0,Urban,0.0,0.0,0.0,Fine,Null,0
67693147,,573526,0.0,,0.0,5.0,,North,2016/2017,SH 2,RAILYARD ENTRY,,Non-Injury Crash,Yes,2016,,South,,0,,Flat,,,,,,Twilight,2077503,0,0.0,0.0,2.0,,,0.0,,,,,,Wellington Region,Nil,1-way,Sealed,,0.0,0,,100.0,,Off,0.0,0.0,,47,Wellington City,Unknown,,,,,0.0,0.0,Open,0.0,,,Light rain,Frost,0
67693150,,574701,0.0,,0.0,2.0,,North,2016/2017,CHURCHILL DRIVE,BLACKBRIDGE ROAD,,Minor Crash,No,2017,,South,,0,,Hill Road,,,,,,Overcast,2105100,1,0.0,0.0,2.0,,,0.0,,,,,,Wellington Region,Nil,2-way,Sealed,,0.0,0,,50.0,,Null,0.0,0.0,,47,Wellington City,Unknown,,,,,0.0,0.0,Urban,0.0,,,Light rain,Null,0
67693191,,573101,0.0,,0.0,2.0,,Null,2015/2016,KENT TERRACE,SH 1N,,Non-Injury Crash,No,2016,,South,,0,,Flat,,,,,,Twilight,2136700,0,0.0,0.0,4.0,,,0.0,,,,,,Wellington Region,Nil,2-way,Sealed,,0.0,0,,50.0,,On,0.0,0.0,,47,Wellington City,Traffic Signals,,,,,0.0,0.0,Urban,0.0,,,Fine,Null,0
67693203,,573802,0.0,,0.0,2.0,,North,2015/2016,SH 1N,NEWLANDS OFF SBD,,Non-Injury Crash,Yes,2016,,South,,0,,Hill Road,,,,,,Dark,2078701,0,0.0,0.0,1.0,,,0.0,,,,,,Wellington Region,Nil,1-way,Sealed,,0.0,0,,100.0,,On,0.0,0.0,,47,Wellington City,Unknown,,,,,0.0,0.0,Open,0.0,,,Fine,Null,0
67693219,,576301,0.0,0.0,0.0,0.0,0.0,East,2015/2016,WARIPORI ST,RINTOUL ST,,Non-Injury Crash,No,2016,0.0,East,0.0,0,0.0,Hill Road,0.0,,0.0,,0.0,Overcast,2165800,0,0.0,0.0,2.0,0.0,0.0,0.0,0.0,0.0,,0.0,1.0,Wellington Region,Nil,2-way,Sealed,0.0,0.0,0,0.0,50.0,0.0,Null,0.0,0.0,,47,Wellington City,Unknown,0.0,0.0,0.0,0.0,0.0,0.0,Urban,1.0,0.0,0.0,Fine,Null,0
67693254,,573101,0.0,,0.0,2.0,,East,2016/2017,DIXON ST,VICTORIA ST,,Non-Injury Crash,No,2016,,East,,0,,Flat,,,,,,Bright sun,2131500,0,0.0,0.0,2.0,,,0.0,,,,,,Wellington Region,Nil,2-way,Sealed,,0.0,0,,50.0,,Null,0.0,0.0,,47,Wellington City,Unknown,,,,,0.0,0.0,Urban,0.0,,,Null,Null,0
67693270,,577700,0.0,0.0,0.0,1.0,0.0,East,2016/2017,TAKARAU GORGE ROAD,MAKARA ROAD,,Non-Injury Crash,No,2016,0.0,West,0.0,0,1.0,Flat,0.0,,0.0,,0.0,Dark,2116500,0,0.0,0.0,2.0,0.0,0.0,0.0,0.0,0.0,,0.0,0.0,Wellington Region,Nil,2-way,Sealed,0.0,0.0,0,0.0,60.0,0.0,None,0.0,0.0,,47,Wellington City,Unknown,0.0,0.0,0.0,0.0,0.0,0.0,Urban,0.0,0.0,0.0,Fine,Null,0
67693295,,574002,0.0,,0.0,2.0,,North,2015/2016,SH 2,SH 1N,,Non-Injury Crash,Yes,2016,,North,,0,,Flat,,,,,,Twilight,2078302,0,0.0,0.0,2.0,,,0.0,,,,,,Wellington Region,Nil,1-way,Sealed,,0.0,0,,100.0,,Off,0.0,0.0,70.0,47,Wellington City,Unknown,,,,,0.0,0.0,Open,0.0,,,Fine,Null,0
67693313,,575800,0.0,0.0,0.0,2.0,0.0,West,2016/2017,HALIFAX ST,BRETON GROVE,,Non-Injury Crash,No,2016,0.0,West,0.0,0,0.0,Hill Road,0.0,,0.0,,0.0,Dark,2197301,0,0.0,0.0,2.0,0.0,0.0,0.0,0.0,1.0,,0.0,0.0,Wellington Region,Nil,2-way,Sealed,0.0,0.0,0,0.0,50.0,0.0,On,0.0,0.0,,47,Wellington City,Unknown,0.0,0.0,0.0,0.0,0.0,0.0,Urban,0.0,0.0,0.0,Fine,Null,0
67693350,,576800,0.0,,0.0,1.0,,South,2016/2017,TE ANAU ROAD,KIO ROAD,,Non-Injury Crash,No,2016,,South,,0,,Flat,,,,,,Overcast,2183400,0,0.0,0.0,2.0,,,0.0,,,,,,Wellington Region,Nil,2-way,Sealed,,0.0,0,,50.0,,Null,1.0,0.0,,47,Wellington City,Nil,,,,,0.0,0.0,Urban,0.0,,,Light rain,Null,0
67693383,,576301,0.0,,0.0,1.0,,Null,2016/2017,HUTCHISON ROAD,WALLACE ST,,Non-Injury Crash,No,2017,,North,,0,,Null,,,,,,Bright sun,2163300,0,0.0,0.0,2.0,,,0.0,,,,,,Wellington Region,Nil,2-way,Sealed,,0.0,0,,50.0,,Null,0.0,0.0,,47,Wellington City,Give way,,,,,0.0,0.0,Urban,1.0,,,Fine,Null,0
67693398,,574001,0.0,,0.0,1.0,,Null,2015/2016,SH 1N,NEWLANDS ON SBD,,Non-Injury Crash,Yes,2015,,South,,0,,Hill Road,,,,,,Overcast,2077600,0,0.0,0.0,3.0,,,0.0,,,,,,Wellington Region,Motorway ramp,1-way,Sealed,,0.0,0,,100.0,,Null,0.0,0.0,,47,Wellington City,Nil,,,,,1.0,0.0,Open,0.0,,,Fine,Null,0
67693442,,574302,0.0,0.0,0.0,1.0,0.0,Null,2016/2017,HUTT ROAD,ONSLOW ROAD,,Non-Injury Crash,No,2016,0.0,East,0.0,0,0.0,Flat,0.0,,0.0,,0.0,Bright sun,2090604,0,0.0,0.0,4.0,0.0,0.0,0.0,0.0,0.0,,0.0,0.0,Wellington Region,Nil,2-way,Sealed,0.0,0.0,0,0.0,60.0,0.0,Null,0.0,0.0,,47,Wellington City,Traffic Signals,0.0,1.0,0.0,0.0,0.0,0.0,Urban,0.0,0.0,0.0,Fine,Null,0
67693447,,573000,0.0,0.0,0.0,2.0,0.0,North,2016/2017,FEATHERSTON ST,PANAMA ST,,Non-Injury Crash,No,2017,0.0,South,0.0,0,0.0,Flat,0.0,,0.0,,0.0,Overcast,2125400,0,0.0,0.0,2.0,0.0,0.0,0.0,0.0,1.0,,0.0,0.0,Wellington Region,Nil,1-way,Sealed,0.0,0.0,0,0.0,50.0,0.0,Null,0.0,0.0,,47,Wellington City,Unknown,0.0,0.0,0.0,0.0,1.0,0.0,Urban,0.0,0.0,0.0,Fine,Null,0
67693481,,573400,0.0,,0.0,0.0,,West,2016/2017,SH 1N,WEST PORTAL,,Non-Injury Crash,Yes,2016,,West,,0,,Flat,,,,,,Overcast,2143300,0,0.0,0.0,2.0,,,0.0,,,,,,Wellington Region,Nil,2-way,Sealed,,0.0,0,,50.0,,Null,0.0,0.0,,47,Wellington City,Unknown,,,,,0.0,0.0,Urban,3.0,,,Light rain,Strong wind,0
67693489,,576901,0.0,0.0,0.0,2.0,0.0,West,2016/2017,COUTTS ST,TIRANGI ROAD,,Non-Injury Crash,No,2017,0.0,West,0.0,0,0.0,Flat,0.0,,0.0,,0.0,Bright sun,2176701,0,0.0,0.0,2.0,0.0,0.0,0.0,0.0,1.0,,0.0,0.0,Wellington Region,Nil,2-way,Sealed,0.0,0.0,0,0.0,50.0,0.0,Null,0.0,0.0,,47,Wellington City,Unknown,0.0,0.0,0.0,0.0,0.0,0.0,Urban,0.0,0.0,0.0,Fine,Null,0
67693573,,575200,0.0,,0.0,1.0,,Null,2015/2016,NORTHLAND ROAD,GARDEN ROAD,,Non-Injury Crash,No,2016,,North,,0,,Null,,,,,,Bright sun,2150900,0,0.0,0.0,2.0,,,0.0,,,1.0,,,Wellington Region,Nil,2-way,Sealed,,0.0,0,,50.0,,Null,0.0,0.0,,47,Wellington City,Give way,,,,,0.0,0.0,Urban,0.0,,,Fine,Null,0
67693717,,573101,0.0,0.0,0.0,1.0,0.0,Null,2016/2017,BOND ST,VICTORIA ST,,Non-Injury Crash,No,2016,0.0,North,0.0,0,0.0,Flat,0.0,,0.0,,0.0,Overcast,2131100,0,0.0,0.0,2.0,0.0,0.0,0.0,0.0,1.0,,0.0,0.0,Wellington Region,Nil,2-way,Sealed,0.0,0.0,0,0.0,50.0,0.0,Null,0.0,0.0,,47,Wellington City,Give way,0.0,0.0,0.0,0.0,0.0,0.0,Urban,1.0,0.0,0.0,Fine,Null,0
67693751,,573000,0.0,,0.0,1.0,,North,2016/2017,FEATHERSTON ST,BRANDON ST,,Non-Injury Crash,No,2016,,South,,0,,Flat,,,,,,Overcast,2125500,0,0.0,0.0,2.0,,,0.0,,,,,,Wellington Region,Nil,1-way,Sealed,,0.0,0,,50.0,,Null,1.0,0.0,,47,Wellington City,Unknown,,,,,0.0,0.0,Urban,0.0,,,Light rain,Null,0
67693774,,573101,0.0,,0.0,2.0,,Null,2015/2016,TARANAKI ST,MARTIN SQUARE,,Non-Injury Crash,No,2016,,South,,0,,Flat,,,,,,Dark,2134800,0,0.0,0.0,4.0,,,0.0,,,,,,Wellington Region,Nil,2-way,Sealed,,0.0,0,,50.0,,On,0.0,0.0,,47,Wellington City,Give way,,,,,0.0,0.0,Urban,0.0,,,Fine,Null,0
67693798,,576800,0.0,0.0,0.0,2.0,0.0,North,2015/2016,HATAITAI ROAD,WAITOA ROAD,,Non-Injury Crash,No,2016,0.0,North,0.0,0,0.0,Hill Road,0.0,,0.0,,0.0,Dark,2182100,0,0.0,0.0,2.0,0.0,0.0,0.0,0.0,1.0,,0.0,0.0,Wellington Region,Nil,2-way,Sealed,0.0,0.0,0,0.0,50.0,0.0,On,0.0,0.0,,47,Wellington City,Give way,0.0,0.0,0.0,0.0,0.0,0.0,Urban,0.0,0.0,0.0,Fine,Null,0
67693801,,574303,0.0,,0.0,1.0,,West,2016/2017,SH 1N,SH 2,,Non-Injury Crash,Yes,2016,,North,,0,,Flat,,,,,,Overcast,2090402,0,0.0,0.0,4.0,,,0.0,,,,,,Wellington Region,Nil,1-way,Sealed,,0.0,0,,100.0,,Null,0.0,0.0,60.0,47,Wellington City,Nil,,,,,0.0,0.0,Open,1.0,,,Fine,Null,0
67693821,,576001,0.0,,0.0,1.0,,South,2016/2017,THE PARADE,TAMAR ST,,Non-Injury Crash,No,2016,,South,,0,,Flat,,,,,,Overcast,2193600,0,0.0,0.0,2.0,,,0.0,,,,,,Wellington Region,Nil,2-way,Sealed,,0.0,0,,50.0,,Null,0.0,0.0,,47,Wellington City,Unknown,,,,,0.0,0.0,Urban,1.0,,,Light rain,Strong wind,0