OBJECTID,advisorySpeed,areaUnitID,bicycle,bridge,bus,carStationWagon,cliffBank,crashDirectionDescription,crashFinancialYear,crashLocation1,crashLocation2,crashRoadSideRoad,crashSeverity,crashSHDescription,crashYear,debris,directionRoleDescription,ditch,fatalCount,fence,flatHill,guardRail,holiday,houseOrBuilding,intersection,kerb,light,meshblockId,minorInjuryCount,moped,motorcycle,NumberOfLanes,objectThrownOrDropped,otherObject,otherVehicleType,overBank,parkedVehicle,pedestrian,phoneBoxEtc,postOrPole,region,roadCharacter,roadLane,roadSurface,roadworks,schoolBus,seriousInjuryCount,slipOrFlood,speedLimit,strayAnimal,streetLight,suv,taxi,temporarySpeedLimit,tlaId,tlaName,trafficControl,trafficIsland,trafficSign,train,tree,truck,unknownVehicleType,urban,vanOrUtility,vehicle,waterRiver,weatherA,weatherB,if_pandemic
67693827,,573700,0.0,,0.0,2.0,,North,2016/2017,JOHNSONVILLE ROAD,BRODERICK ROAD,,Non-Injury Crash,No,2016,,South,,0,,Flat,,,,,,Dark,2082800,0,0.0,0.0,2.0,,,0.0,,,,,,Wellington Region,Nil,2-way,Sealed,,0.0,0,,50.0,,On,0.0,0.0,,47,Wellington City,Unknown,,,,,0.0,0.0,Urban,0.0,,,Fine,Strong wind,0
67693855,,573901,0.0,0.0,0.0,2.0,0.0,South,2015/2016,STEWART DRIVE,TED GILBERD PLACE,,Non-Injury Crash,No,2016,0.0,North,0.0,0,0.0,Hill Road,0.0,,0.0,,0.0,Overcast,2074202,0,0.0,0.0,2.0,0.0,0.0,0.0,0.0,1.0,,0.0,0.0,Wellington Region,Nil,2-way,Sealed,0.0,0.0,0,0.0,50.0,0.0,Null,0.0,0.0,,47,Wellington City,Unknown,0.0,0.0,0.0,0.0,0.0,0.0,Urban,0.0,0.0,0.0,Fine,Null,0
67693857,,574002,0.0,,0.0,1.0,,East,2015/2016,SH 2,RAILYARD ENTRY,,Non-Injury Crash,Yes,2016,,South,,0,,Flat,,,,,,Bright sun,2078302,0,0.0,0.0,2.0,,,0.0,,,,,,Wellington Region,Nil,1-way,Sealed,,0.0,0,,100.0,,Null,1.0,0.0,,47,Wellington City,Unknown,,,,,0.0,0.0,Open,0.0,,,Fine,Null,0
67693914,,572701,0.0,0.0,0.0,2.0,0.0,South,2016/2017,BELL ST,ANTHONY ST,,Non-Injury Crash,No,2016,0.0,South,0.0,0,0.0,Hill Road,0.0,,0.0,,0.0,Bright sun,1994900,0,0.0,0.0,2.0,0.0,0.0,0.0,0.0,1.0,,0.0,0.0,Wellington Region,Nil,2-way,Sealed,0.0,0.0,0,0.0,50.0,0.0,Null,0.0,0.0,,47,Wellington City,Unknown,0.0,0.0,0.0,0.0,0.0,0.0,Urban,0.0,0.0,0.0,Fine,Null,0
67694010,,573000,1.0,,0.0,1.0,,Null,2016/2017,BOULCOTT ST,WILLIS ST,,Minor Crash,No,2016,,North,,0,,Flat,,,,,,Overcast,2128400,1,0.0,0.0,4.0,,,0.0,,,,,,Wellington Region,Nil,2-way,Sealed,,0.0,0,,50.0,,On,0.0,0.0,,47,Wellington City,Traffic Signals,,,,,0.0,0.0,Urban,0.0,,,Fine,Null,0
67694109,,577000,0.0,0.0,0.0,1.0,0.0,Null,2016/2017,LYALL PARADE,QUEENS DRIVE,,Non-Injury Crash,No,2016,0.0,South,0.0,0,0.0,Flat,0.0,,0.0,,0.0,Bright sun,2174500,0,0.0,0.0,1.0,0.0,0.0,0.0,0.0,0.0,,0.0,0.0,Wellington Region,Nil,1-way,Sealed,0.0,0.0,0,0.0,50.0,0.0,Null,0.0,0.0,,47,Wellington City,Give way,1.0,1.0,0.0,0.0,0.0,0.0,Urban,0.0,0.0,0.0,Fine,Strong wind,0
67694208,,573000,0.0,,0.0,1.0,,Null,2016/2017,WILLESTON ST,WILLIS ST,,Non-Injury Crash,No,2016,,West,,0,,Flat,,,,,,Bright sun,2127100,0,0.0,0.0,2.0,,,1.0,,,,,,Wellington Region,Nil,1-way,Sealed,,0.0,0,,30.0,,Null,0.0,0.0,,47,Wellington City,Traffic Signals,,,,,0.0,0.0,Urban,0.0,,,Fine,Null,0
67694216,,572600,0.0,,0.0,1.0,,North,2016/2017,MAIN ROAD,ESSEX ST,,Minor Crash,No,2017,,South,,0,,Flat,,,,,,Bright sun,1992000,1,0.0,0.0,2.0,,,0.0,,,1.0,,,Wellington Region,Nil,2-way,Sealed,,0.0,0,,50.0,,Null,0.0,0.0,,47,Wellington City,Unknown,,,,,0.0,0.0,Urban,0.0,,,Fine,Null,0
67694217,,573101,0.0,,0.0,1.0,,East,2016/2017,OLD BUCKLE ST,TARANAKI ST,,Non-Injury Crash,No,2016,,West,,0,,Flat,,,,,,Overcast,2134800,0,0.0,0.0,4.0,,,0.0,,,,,,Wellington Region,Nil,1-way,Sealed,,0.0,0,,50.0,,On,1.0,0.0,,47,Wellington City,Unknown,,,,,0.0,0.0,Urban,0.0,,,Light rain,Null,0
67694273,,572900,0.0,,0.0,2.0,,North,2016/2017,SH 1N,HILL ST OBR,,Non-Injury Crash,Yes,2016,,South,,0,,Flat,,,,,,Bright sun,2120000,0,0.0,0.0,3.0,,,0.0,,,,,,Wellington Region,Nil,1-way,Sealed,,0.0,0,,100.0,,Null,0.0,0.0,60.0,47,Wellington City,Unknown,,,,,0.0,0.0,Open,0.0,,,Fine,Null,0
67694281,,576903,0.0,0.0,0.0,1.0,0.0,South,2016/2017,HAMILTON ROAD,KUPE ST,,Non-Injury Crash,No,2016,0.0,North,0.0,0,0.0,Hill Road,0.0,,0.0,,0.0,Bright sun,2180300,0,0.0,0.0,2.0,0.0,0.0,0.0,0.0,1.0,,0.0,0.0,Wellington Region,Nil,2-way,Sealed,0.0,0.0,0,0.0,50.0,0.0,Null,0.0,0.0,,47,Wellington City,Unknown,0.0,0.0,0.0,0.0,0.0,0.0,Urban,1.0,0.0,0.0,Null,Null,0
67694282,,573101,0.0,,0.0,1.0,,Null,2015/2016,VICTORIA ST,GHUZNEE ST,,Non-Injury Crash,No,2016,,South,,0,,Flat,,,,,,Bright sun,2131700,0,0.0,0.0,3.0,,,0.0,,,,,,Wellington Region,Nil,2-way,Sealed,,0.0,0,,50.0,,Null,0.0,0.0,,47,Wellington City,Traffic Signals,,,,,1.0,0.0,Urban,0.0,,,Fine,Strong wind,0
67694324,,573400,0.0,,0.0,1.0,,Null,2016/2017,SH 1N,WEST PORTAL,,Non-Injury Crash,Yes,2017,,East,,0,,Flat,,,,,,Bright sun,2143300,0,0.0,1.0,2.0,,,0.0,,,,,,Wellington Region,Nil,2-way,Sealed,,0.0,0,,50.0,,Null,0.0,0.0,,47,Wellington City,Unknown,,,,,0.0,0.0,Urban,0.0,,,Fine,Null,0
67694353,,572900,0.0,0.0,0.0,1.0,0.0,North,2015/2016,TINAKORI ROAD,BOWEN ST,,Non-Injury Crash,No,2016,0.0,South,0.0,0,0.0,Flat,0.0,,0.0,,0.0,Bright sun,2121800,0,0.0,0.0,2.0,0.0,0.0,0.0,0.0,1.0,,0.0,0.0,Wellington Region,Nil,2-way,Sealed,0.0,0.0,0,0.0,30.0,0.0,Null,0.0,0.0,,47,Wellington City,Unknown,0.0,0.0,0.0,0.0,0.0,0.0,Urban,1.0,0.0,0.0,Fine,Null,0
67694364,,573101,0.0,0.0,0.0,2.0,0.0,Null,2016/2017,TORY ST,JESSIE ST,,Non-Injury Crash,No,2017,0.0,West,0.0,0,0.0,Hill Road,0.0,,0.0,,0.0,Bright sun,2136500,0,0.0,0.0,2.0,0.0,0.0,0.0,0.0,1.0,,0.0,0.0,Wellington Region,Nil,2-way,Sealed,0.0,0.0,0,0.0,50.0,0.0,Null,0.0,0.0,,47,Wellington City,Give way,0.0,0.0,0.0,0.0,0.0,0.0,Urban,0.0,0.0,0.0,Null,Null,0
67694381,,573000,0.0,,0.0,2.0,,North,2016/2017,GILMER TERRACE,BOULCOTT ST,,Non-Injury Crash,No,2016,,West,,0,,Hill Road,,,,,,Bright sun,2126600,0,0.0,0.0,2.0,,,0.0,,,,,,Wellington Region,Nil,2-way,Sealed,,0.0,0,,50.0,,Null,0.0,0.0,,47,Wellington City,Nil,,,,,0.0,0.0,Urban,0.0,,,Fine,Null,0
67694382,,573300,0.0,,0.0,1.0,,North,2016/2017,WALLACE ST,HOWARD ST,,Minor Crash,No,2017,,North,,0,,Flat,,,,,,Bright sun,2147100,1,0.0,1.0,2.0,,,0.0,,,,,,Wellington Region,Nil,2-way,Sealed,,0.0,0,,50.0,,Null,0.0,0.0,,47,Wellington City,Unknown,,,,,0.0,0.0,Urban,0.0,,,Fine,Null,0
67694385,,572900,0.0,0.0,0.0,2.0,0.0,Null,2015/2016,TINAKORI ROAD,MOLESWORTH ST,,Non-Injury Crash,No,2016,0.0,West,0.0,0,0.0,Flat,0.0,,0.0,,0.0,Overcast,2119300,0,0.0,0.0,4.0,0.0,0.0,0.0,0.0,1.0,,0.0,0.0,Wellington Region,Nil,2-way,Sealed,0.0,0.0,0,0.0,50.0,0.0,Null,0.0,0.0,,47,Wellington City,Traffic Signals,0.0,0.0,0.0,0.0,0.0,0.0,Urban,0.0,0.0,0.0,Fine,Null,0
67694397,,575300,0.0,,0.0,0.0,,Null,2017/2018,GLASGOW ST,KELBURN PARADE,,Minor Crash,No,2017,,South,,0,,Hill Road,,,,,,Overcast,2155200,1,1.0,0.0,2.0,,,0.0,,,,,,Wellington Region,Nil,2-way,Sealed,,0.0,0,,50.0,,On,0.0,0.0,,47,Wellington City,Give way,,,,,0.0,0.0,Urban,0.0,,,Light rain,Null,0
67694437,,576301,0.0,,0.0,2.0,,South,2015/2016,ADELAIDE ROAD,JOHN ST,,Non-Injury Crash,No,2016,,North,,0,,Flat,,,,,,Bright sun,2163400,0,0.0,0.0,1.0,,,0.0,,,,,,Wellington Region,Nil,1-way,Sealed,,0.0,0,,50.0,,Off,0.0,0.0,,47,Wellington City,Traffic Signals,,,,,0.0,0.0,Urban,0.0,,,Fine,Null,0
67694449,,574500,0.0,0.0,0.0,1.0,0.0,North,2015/2016,SH 1N,AOTEA ON NBD,,Non-Injury Crash,Yes,2016,0.0,North,0.0,0,0.0,Flat,0.0,,0.0,,0.0,Dark,2093600,0,0.0,0.0,3.0,0.0,0.0,0.0,0.0,0.0,,0.0,0.0,Wellington Region,Nil,2-way,Sealed,1.0,0.0,0,0.0,100.0,0.0,On,0.0,0.0,,47,Wellington City,Unknown,0.0,0.0,0.0,0.0,0.0,0.0,Open,0.0,0.0,0.0,Fine,Null,0
67694453,,574402,0.0,,0.0,1.0,,Null,2016/2017,OTTAWA ROAD,AWARUA ST,,Non-Injury Crash,No,2016,,North,,0,,Flat,,,,,,Twilight,2096300,0,0.0,1.0,2.0,,,0.0,,,,,,Wellington Region,Nil,2-way,Sealed,,0.0,0,,50.0,,Off,0.0,0.0,,47,Wellington City,Give way,,,,,0.0,0.0,Urban,0.0,,,Fine,Null,0
67694545,,575000,0.0,0.0,0.0,1.0,0.0,North,2016/2017,KARORI ROAD,NOTTINGHAM ST,,Non-Injury Crash,No,2016,0.0,South,0.0,0,0.0,Flat,0.0,,0.0,,0.0,Bright sun,2111000,0,0.0,0.0,2.0,0.0,0.0,0.0,0.0,1.0,,0.0,0.0,Wellington Region,Nil,2-way,Sealed,0.0,0.0,0,0.0,50.0,0.0,Null,0.0,0.0,,47,Wellington City,Unknown,0.0,0.0,0.0,0.0,0.0,0.0,Urban,1.0,0.0,0.0,Fine,Null,0
67694548,,572900,0.0,,0.0,1.0,,Null,2016/2017,MOLESWORTH ST,KATE SHEPPARD PLACE,,Minor Crash,No,2017,,North,,0,,Hill Road,,Christmas New Year,,,,Overcast,2122500,1,1.0,0.0,2.0,,,0.0,,,,,,Wellington Region,Nil,1-way,Sealed,,0.0,0,,50.0,,Null,0.0,0.0,,47,Wellington City,Give way,,,,,0.0,0.0,Urban,0.0,,,Light rain,Null,0
67694554,,574002,0.0,,0.0,2.0,,West,2016/2017,SH 1N,CENTENNIAL SBD,,Non-Injury Crash,Yes,2017,,East,,0,,Flat,,,,,,Overcast,2078302,0,0.0,0.0,3.0,,,0.0,,,,,,Wellington Region,Motorway ramp,1-way,Sealed,,0.0,0,,100.0,,Null,0.0,0.0,,47,Wellington City,Unknown,,,,,0.0,0.0,Open,0.0,,,Fine,Null,0
67694581,,573526,0.0,,0.0,1.0,,East,2015/2016,SH 2,SERVICE STN NTH,,Minor Crash,Yes,2016,,South,,0,,Flat,,,,,,Bright sun,2077503,1,0.0,0.0,2.0,,,0.0,,,,,,Wellington Region,Nil,2-way,Sealed,,0.0,0,,100.0,,Null,0.0,0.0,,47,Wellington City,Unknown,,,,,1.0,0.0,Open,0.0,,,Fine,Null,0
67694640,,577200,0.0,0.0,0.0,2.0,0.0,North,2016/2017,APARIMA AVENUE,DEVONSHIRE ROAD,,Non-Injury Crash,No,2016,0.0,South,0.0,0,0.0,Flat,0.0,,0.0,,0.0,Dark,2207500,0,0.0,0.0,2.0,0.0,0.0,0.0,0.0,1.0,,0.0,0.0,Wellington Region,Nil,2-way,Sealed,0.0,0.0,0,0.0,50.0,0.0,On,1.0,0.0,,47,Wellington City,Unknown,0.0,0.0,0.0,0.0,0.0,0.0,Urban,0.0,0.0,0.0,Fine,Null,0
67694648,,573514,0.0,,0.0,1.0,,Null,2016/2017,HALSWATER DRIVE,CHURTON DRIVE,,Minor Crash,No,2017,,East,,0,,Hill Road,,,,,,Dark,2086614,1,0.0,0.0,2.0,,,0.0,,,1.0,,,Wellington Region,Nil,2-way,Sealed,,0.0,0,,50.0,,On,0.0,0.0,,47,Wellington City,Give way,,,,,0.0,0.0,Urban,0.0,,,Fine,Null,0
67694654,,573101,0.0,,0.0,1.0,,East,2017/2018,Z CARPARK,CHAFFERS ST,,Minor Crash,No,2017,,West,,0,,Flat,,,,,,Overcast,2135500,1,0.0,0.0,,,,0.0,,,1.0,,,Wellington Region,Nil,Off road,Sealed,,0.0,0,,50.0,,Null,0.0,0.0,,47,Wellington City,Unknown,,,,,0.0,0.0,Urban,0.0,,,Fine,Null,0
67694677,,573000,0.0,0.0,0.0,2.0,0.0,South,2016/2017,WILLIS ST,DIXON ST,,Non-Injury Crash,No,2016,0.0,South,0.0,0,0.0,Flat,0.0,,0.0,,0.0,Overcast,2130700,0,0.0,0.0,2.0,0.0,0.0,0.0,0.0,1.0,,0.0,0.0,Wellington Region,Nil,2-way,Sealed,0.0,0.0,0,0.0,50.0,0.0,Null,0.0,0.0,,47,Wellington City,Unknown,0.0,0.0,0.0,0.0,0.0,0.0,Urban,0.0,0.0,0.0,Heavy rain,Null,0
67694686,,573101,0.0,,0.0,3.0,,South,2016/2017,TORY ST,VIVIAN ST,,Non-Injury Crash,No,2017,,North,,0,,Flat,,,,,,Overcast,2136600,0,0.0,0.0,3.0,,,0.0,,,,,,Wellington Region,Nil,2-way,Sealed,,0.0,0,,50.0,,Null,0.0,0.0,,47,Wellington City,Traffic Signals,,,,,0.0,0.0,Urban,0.0,,,Fine,Null,0
67694689,,577301,0.0,0.0,0.0,1.0,0.0,South,2016/2017,WEKA ST,MIRAMAR NORTH ROAD,,Non-Injury Crash,No,2016,0.0,South,0.0,0,0.0,Flat,0.0,Labour Weekend,0.0,,0.0,Dark,2202800,0,0.0,0.0,2.0,0.0,0.0,0.0,0.0,1.0,,0.0,0.0,Wellington Region,Nil,2-way,Sealed,0.0,0.0,0,0.0,50.0,0.0,On,0.0,0.0,,47,Wellington City,Unknown,0.0,0.0,0.0,0.0,0.0,0.0,Urban,1.0,0.0,0.0,Fine,Null,0
67694693,,573101,0.0,,0.0,1.0,,South,2016/2017,TARANAKI ST,CABLE ST,,Non-Injury Crash,No,2016,,North,,0,,Flat,,,,,,Bright sun,2133100,0,0.0,1.0,5.0,,,0.0,,,,,,Wellington Region,Nil,2-way,Sealed,,0.0,0,,50.0,,Null,0.0,0.0,,47,Wellington City,Unknown,,,,,0.0,0.0,Urban,0.0,,,Fine,Null,0
67694742,,572900,0.0,,0.0,2.0,,Null,2016/2017,THORNDON QUAY,TINAKORI ROAD,,Minor Crash,No,2017,,North,,0,,Flat,,,,,,Bright sun,2118400,1,0.0,0.0,2.0,,,0.0,,,,,,Wellington Region,Nil,2-way,Sealed,,0.0,0,,50.0,,Null,0.0,0.0,,47,Wellington City,Give way,,,,,0.0,0.0,Urban,0.0,,,Fine,Null,0
67694748,,573400,0.0,,0.0,1.0,,East,2017/2018,ORIENTAL PARADE,HERD ST,,Minor Crash,No,2017,,East,,0,,Flat,,,,,,Bright sun,2138800,1,0.0,1.0,2.0,,,0.0,,,,,,Wellington Region,Nil,2-way,Sealed,,0.0,0,,50.0,,Null,0.0,0.0,,47,Wellington City,Unknown,,,,,0.0,0.0,Urban,0.0,,,Fine,Null,0
67694761,,574303,0.0,0.0,0.0,1.0,0.0,West,2016/2017,SH 1N,SH 2,,Minor Crash,Yes,2017,0.0,East,0.0,0,0.0,Flat,1.0,,0.0,,0.0,Dark,2090402,1,0.0,0.0,7.0,0.0,0.0,0.0,0.0,0.0,,0.0,0.0,Wellington Region,Nil,2-way,Sealed,0.0,0.0,0,0.0,100.0,0.0,On,0.0,0.0,,47,Wellington City,Unknown,0.0,0.0,0.0,0.0,0.0,0.0,Open,0.0,0.0,0.0,Fine,Null,0
67694770,,572500,0.0,0.0,0.0,1.0,0.0,West,2017/2018,TAKAPU ROAD,WILLIAM EARP PLACE,,Minor Crash,No,2017,0.0,West,0.0,0,0.0,Hill Road,0.0,,0.0,,0.0,Bright sun,2053702,1,0.0,0.0,2.0,0.0,0.0,0.0,0.0,0.0,,0.0,1.0,Wellington Region,Bridge,2-way,Sealed,0.0,0.0,0,0.0,50.0,0.0,Null,0.0,0.0,,47,Wellington City,Unknown,0.0,0.0,0.0,0.0,0.0,0.0,Urban,0.0,0.0,0.0,Fine,Null,0
67694790,,572900,0.0,0.0,0.0,2.0,0.0,North,2016/2017,TINAKORI ROAD,MURRAYFIELD DRIVE,,Non-Injury Crash,No,2017,0.0,North,0.0,0,0.0,Flat,0.0,,0.0,,0.0,Overcast,2117600,0,0.0,0.0,2.0,0.0,0.0,0.0,0.0,1.0,,0.0,0.0,Wellington Region,Nil,2-way,Sealed,0.0,0.0,0,0.0,50.0,0.0,Null,0.0,0.0,,47,Wellington City,Unknown,0.0,0.0,0.0,0.0,0.0,0.0,Urban,0.0,0.0,0.0,Fine,Null,0
67694798,,576903,0.0,,0.0,2.0,,Null,2016/2017,SH 1N,RUAHINE ST,,Non-Injury Crash,Yes,2016,,North,,0,,Hill Road,,,,,,Dark,2180400,0,0.0,0.0,2.0,,,0.0,,,,,,Wellington Region,Nil,2-way,Sealed,,0.0,0,,50.0,,On,0.0,1.0,,47,Wellington City,Give way,,,,,0.0,0.0,Urban,0.0,,,Fine,Null,0
67694828,,573300,0.0,,0.0,2.0,,East,2016/2017,SH 1N,ADELAIDE ROAD,,Non-Injury Crash,Yes,2017,,West,,0,,Flat,,,,,,Overcast,2145602,0,0.0,0.0,4.0,,,0.0,,,,,,Wellington Region,Nil,1-way,Sealed,,0.0,0,,50.0,,Null,0.0,0.0,,47,Wellington City,Unknown,,,,,0.0,0.0,Urban,0.0,,,Fine,Null,0
67694836,,573101,0.0,,0.0,1.0,,East,2016/2017,GHUZNEE ST,CUBA ST,,Non-Injury Crash,No,2016,,North,,0,,Flat,,,,,,Dark,2133600,0,0.0,0.0,2.0,,,0.0,,,,,,Wellington Region,Nil,2-way,Sealed,,0.0,0,,50.0,,On,1.0,0.0,,47,Wellington City,Unknown,,,,,0.0,0.0,Urban,0.0,,,Fine,Null,0
67694846,,576500,0.0,,0.0,1.0,,South,2017/2018,ADELAIDE ROAD,ALFRED ST,,Minor Crash,No,2017,,North,,0,,Flat,,,,,,Dark,2147900,1,1.0,0.0,3.0,,,0.0,,,,,,Wellington Region,Nil,2-way,Sealed,,0.0,0,,50.0,,On,0.0,0.0,,47,Wellington City,Nil,,,,,0.0,0.0,Urban,0.0,,,Fine,Null,0
67694858,,574002,0.0,,0.0,2.0,,North,2017/2018,SH 1N,NIMT OBR,,Non-Injury Crash,Yes,2017,,South,,0,,Hill Road,,,,,,Overcast,2078304,0,0.0,0.0,6.0,,,0.0,,,,,,Wellington Region,Nil,2-way,Sealed,,0.0,0,,80.0,,Off,0.0,0.0,,47,Wellington City,Unknown,,,,,0.0,0.0,Open,1.0,,,Fine,Null,0
67694944,,572900,0.0,0.0,1.0,1.0,0.0,North,2016/2017,MURPHY ST,LITTLE PIPITEA ST,,Non-Injury Crash,No,2017,0.0,South,0.0,0,0.0,Hill Road,0.0,,0.0,,0.0,Twilight,2119200,0,0.0,0.0,2.0,0.0,0.0,0.0,0.0,0.0,,0.0,0.0,Wellington Region,Nil,1-way,Sealed,0.0,0.0,0,0.0,50.0,0.0,On,0.0,1.0,,47,Wellington City,Unknown,0.0,0.0,0.0,0.0,0.0,0.0,Urban,0.0,1.0,0.0,Null,Null,0
67694956,,573000,0.0,,0.0,1.0,,South,2016/2017,SH 1N,VIVIAN ST,,Non-Injury Crash,Yes,2016,,South,,0,,Flat,,,,,,Overcast,2129700,0,0.0,0.0,2.0,,,0.0,,,,,,Wellington Region,Nil,1-way,Sealed,,0.0,0,,50.0,,Null,0.0,0.0,,47,Wellington City,Unknown,,,,,1.0,0.0,Urban,0.0,,,Fine,Null,0
67694973,,574900,0.0,0.0,0.0,2.0,0.0,West,2015/2016,DARWIN ST,EAGLE ST,,Non-Injury Crash,No,2015,0.0,North,0.0,0,0.0,Flat,0.0,,0.0,,0.0,Dark,2108802,0,0.0,0.0,2.0,0.0,0.0,0.0,0.0,1.0,,0.0,0.0,Wellington Region,Nil,2-way,Sealed,0.0,0.0,0,0.0,50.0,0.0,On,0.0,0.0,,47,Wellington City,Unknown,0.0,0.0,0.0,0.0,0.0,0.0,Urban,0.0,0.0,0.0,Fine,Null,0
67694990,,572600,0.0,,0.0,1.0,,Null,2016/2017,VICTORY CRESCENT,MAIN ROAD,,Non-Injury Crash,No,2017,,North,,0,,Flat,,,,,,Overcast,1991102,0,0.0,0.0,2.0,,,0.0,,,,,,Wellington Region,Nil,2-way,Sealed,,0.0,0,,50.0,,Null,0.0,0.0,,47,Wellington City,Give way,,,,,0.0,0.0,Urban,1.0,,,Fine,Strong wind,0
67695029,,573000,0.0,0.0,0.0,2.0,0.0,Null,2015/2016,WATSON ST,VIVIAN ST,,Non-Injury Crash,No,2016,0.0,South,0.0,0,0.0,Hill Road,0.0,,0.0,,0.0,Bright sun,2129500,0,0.0,0.0,2.0,0.0,0.0,0.0,0.0,1.0,,0.0,0.0,Wellington Region,Nil,2-way,Sealed,0.0,0.0,0,0.0,50.0,0.0,Null,0.0,0.0,,47,Wellington City,Nil,0.0,0.0,0.0,0.0,0.0,0.0,Urban,0.0,0.0,0.0,Fine,Null,0
67695048,,573200,1.0,,0.0,1.0,,North,2016/2017,BROOKLYN ROAD,FRANKLIN AVENUE,,Serious Crash,No,2017,,North,,0,,Hill Road,,,,,,Bright sun,2159500,0,0.0,0.0,2.0,,,0.0,,,,,,Wellington Region,Nil,2-way,Sealed,,0.0,1,,50.0,,Null,0.0,0.0,,47,Wellington City,Unknown,,,,,0.0,0.0,Urban,0.0,,,Fine,Null,0
67695084,,576100,0.0,,0.0,1.0,,North,2016/2017,SUTHERLAND ROAD,MILLER PLACE,,Non-Injury Crash,No,2016,,South,,0,,Hill Road,,,,,,Bright sun,2195100,0,0.0,1.0,2.0,,,0.0,,,,,,Wellington Region,Nil,2-way,Sealed,,0.0,0,,50.0,,Null,0.0,0.0,,47,Wellington City,Nil,,,,,0.0,0.0,Urban,0.0,,,Fine,Null,0
67695118,,572900,0.0,,0.0,2.0,,South,2016/2017,HARRIETT ST,GRANT ROAD,,Non-Injury Crash,No,2016,,South,,0,,Hill Road,,,,,,Bright sun,2123000,0,0.0,0.0,2.0,,,0.0,,,,,,Wellington Region,Nil,2-way,Sealed,,0.0,0,,50.0,,Null,0.0,0.0,,47,Wellington City,Unknown,,,,,0.0,0.0,Urban,0.0,,,Fine,Null,0
67695132,,573000,0.0,,0.0,2.0,,North,2016/2017,CUSTOMHOUSE QUAY,HUNTER ST,,Non-Injury Crash,No,2016,,North,,0,,Flat,,,,,,Overcast,2125900,0,0.0,0.0,2.0,,,0.0,,,,,,Wellington Region,Nil,2-way,Sealed,,0.0,0,,50.0,,Null,0.0,0.0,,47,Wellington City,Unknown,,,,,0.0,0.0,Urban,0.0,,,Heavy rain,Null,0
67695185,,573101,0.0,,0.0,1.0,,Null,2016/2017,SH 1N,TARANAKI ST,,Non-Injury Crash,Yes,2016,,East,,0,,Flat,,,,,,Overcast,2133800,0,0.0,0.0,2.0,,,0.0,,,,,,Wellington Region,Nil,1-way,Sealed,,0.0,0,,50.0,,Null,0.0,0.0,,47,Wellington City,Traffic Signals,,,,,0.0,0.0,Urban,1.0,,,Fine,Null,0
67695188,,573400,0.0,,0.0,1.0,,Null,2017/2018,BROUGHAM ST,ELLICE ST,,Minor Crash,No,2017,,West,,0,,Flat,,,,,,Dark,2143600,1,0.0,0.0,2.0,,,0.0,,,1.0,,,Wellington Region,Nil,2-way,Sealed,,0.0,0,,50.0,,On,0.0,0.0,,47,Wellington City,Stop,,,,,0.0,0.0,Urban,0.0,,,Fine,Null,0
67695277,,576002,0.0,,0.0,0.0,,South,2016/2017,THE PARADE,MEDWAY ST,,Minor Crash,No,2017,,South,,0,,Flat,,,,,,Dark,2190400,1,0.0,0.0,2.0,,,0.0,,,1.0,,,Wellington Region,Nil,2-way,Sealed,,0.0,0,,30.0,,On,1.0,0.0,,47,Wellington City,Unknown,,,,,0.0,0.0,Urban,0.0,,,Light rain,Null,0
67695329,,577302,0.0,0.0,0.0,2.0,0.0,South,2016/2017,PARK ROAD,BRUSSELS ST,,Serious Crash,No,2017,0.0,South,0.0,0,0.0,Flat,0.0,,0.0,,0.0,Overcast,2206102,0,0.0,0.0,2.0,0.0,0.0,0.0,0.0,1.0,1.0,0.0,0.0,Wellington Region,Nil,2-way,Sealed,0.0,0.0,1,0.0,50.0,0.0,Null,0.0,0.0,,47,Wellington City,Unknown,0.0,0.0,0.0,0.0,0.0,0.0,Urban,0.0,0.0,0.0,Fine,Null,0
67695334,,577200,0.0,0.0,0.0,0.0,0.0,Null,2016/2017,CALEDONIA ST,SH 1N,,Minor Crash,Yes,2017,0.0,South,0.0,0,0.0,Flat,0.0,Easter,0.0,,0.0,Dark,2206500,1,0.0,0.0,2.0,0.0,0.0,0.0,0.0,0.0,,0.0,1.0,Wellington Region,Nil,2-way,Sealed,0.0,0.0,0,0.0,50.0,0.0,On,0.0,0.0,,47,Wellington City,Give way,0.0,0.0,0.0,0.0,0.0,0.0,Urban,1.0,0.0,0.0,Light rain,Null,0
67695356,,574002,0.0,,0.0,0.0,,East,2016/2017,HUTT ON NBD,CENTENNIAL SBD,,Non-Injury Crash,Yes,2017,,East,,0,,Flat,,,,,,Twilight,2078302,0,0.0,0.0,1.0,,,0.0,,,,,,Wellington Region,Nil,1-way,Sealed,,0.0,0,,80.0,,On,2.0,0.0,,47,Wellington City,Unknown,,,,,0.0,0.0,Open,0.0,,,Null,Null,0
67695358,,573514,0.0,0.0,0.0,2.0,0.0,North,2016/2017,HAWTREY TERRACE,CLIFFORD ROAD,,Non-Injury Crash,No,2017,0.0,North,0.0,0,0.0,Hill Road,0.0,,0.0,,0.0,Dark,2087001,0,0.0,0.0,1.0,0.0,0.0,0.0,0.0,1.0,,0.0,0.0,Wellington Region,Nil,2-way,Sealed,0.0,0.0,0,0.0,50.0,0.0,On,0.0,0.0,,47,Wellington City,Nil,0.0,0.0,0.0,0.0,0.0,0.0,Urban,0.0,0.0,0.0,Fine,Null,0