OBJECTID,advisorySpeed,areaUnitID,bicycle,bridge,bus,carStationWagon,cliffBank,crashDirectionDescription,crashFinancialYear,crashLocation1,crashLocation2,crashRoadSideRoad,crashSeverity,crashSHDescription,crashYear,debris,directionRoleDescription,ditch,fatalCount,fence,flatHill,guardRail,holiday,houseOrBuilding,intersection,kerb,light,meshblockId,minorInjuryCount,moped,motorcycle,NumberOfLanes,objectThrownOrDropped,otherObject,otherVehicleType,overBank,parkedVehicle,pedestrian,phoneBoxEtc,postOrPole,region,roadCharacter,roadLane,roadSurface,roadworks,schoolBus,seriousInjuryCount,slipOrFlood,speedLimit,strayAnimal,streetLight,suv,taxi,temporarySpeedLimit,tlaId,tlaName,trafficControl,trafficIsland,trafficSign,train,tree,truck,unknownVehicleType,urban,vanOrUtility,vehicle,waterRiver,weatherA,weatherB,if_pandemic
67695401,,574500,0.0,,0.0,1.0,,East,2016/2017,KAIWHARAWHARA ROAD,OLD PORIRUA ROAD,,Minor Crash,No,2017,,West,,0,,Flat,,,,,,Overcast,2093200,1,0.0,0.0,2.0,,,0.0,,,,,,Wellington Region,Nil,2-way,Sealed,,0.0,0,,50.0,,Null,1.0,0.0,,47,Wellington City,Nil,,,,,0.0,0.0,Urban,0.0,,,Light rain,Null,0
67695414,,576901,0.0,,0.0,2.0,,Null,2016/2017,TIRANGI ROAD,COUTTS ST,,Non-Injury Crash,No,2016,,South,,0,,Flat,,,,,,Dark,2176701,0,0.0,0.0,2.0,,,0.0,,,,,,Wellington Region,Nil,1-way,Sealed,,0.0,0,,50.0,,On,0.0,0.0,,47,Wellington City,Give way,,,,,0.0,0.0,Urban,0.0,,,Fine,Null,0
67695472,,577000,1.0,,0.0,0.0,,Null,2016/2017,SUTHERLAND ROAD,QUEENS DRIVE,,Minor Crash,No,2017,,North,,0,,Flat,,,,,,Bright sun,2174400,1,0.0,0.0,2.0,,,0.0,,,,,,Wellington Region,Nil,2-way,Sealed,,0.0,0,,50.0,,Null,0.0,0.0,,47,Wellington City,Give way,,,,,1.0,0.0,Urban,0.0,,,Fine,Null,0
67695546,,573000,0.0,0.0,0.0,0.0,0.0,South,2016/2017,SH 1N,SOUTH PORTAL,,Non-Injury Crash,Yes,2016,0.0,South,0.0,0,1.0,Hill Road,0.0,,0.0,,0.0,Overcast,2129600,0,0.0,0.0,3.0,0.0,0.0,0.0,0.0,0.0,,0.0,0.0,Wellington Region,Nil,2-way,Sealed,0.0,0.0,0,0.0,60.0,0.0,On,0.0,0.0,,47,Wellington City,Unknown,0.0,0.0,0.0,0.0,0.0,0.0,Urban,1.0,0.0,0.0,Light rain,Null,0
67695602,,573101,0.0,,0.0,2.0,,West,2016/2017,SH 1N,CAMBRIDGE TERRACE,,Non-Injury Crash,Yes,2017,,East,,0,,Flat,,,,,,Overcast,2136500,0,0.0,0.0,2.0,,,0.0,,,,,,Wellington Region,Nil,1-way,Sealed,,0.0,0,,50.0,,Null,0.0,0.0,,47,Wellington City,Unknown,,,,,0.0,0.0,Urban,0.0,,,Fine,Null,0
67695608,,576800,1.0,,0.0,1.0,,South,2017/2018,EVANS BAY PARADE,RATA ROAD,,Minor Crash,No,2017,,East,,0,,Flat,,,,,,Bright sun,2182503,1,0.0,0.0,2.0,,,0.0,,,,,,Wellington Region,Nil,2-way,Sealed,,0.0,0,,50.0,,Null,0.0,0.0,,47,Wellington City,Unknown,,,,,0.0,0.0,Urban,0.0,,,Fine,Null,0
67695652,,577200,0.0,,0.0,1.0,,Null,2016/2017,SH 1N,CALEDONIA ST,,Non-Injury Crash,Yes,2016,,South,,0,,Hill Road,,,,,,Overcast,2206500,0,0.0,0.0,4.0,,,0.0,,,,,,Wellington Region,Nil,2-way,Sealed,,0.0,0,,70.0,,Null,0.0,0.0,,47,Wellington City,Give way,,,,,0.0,0.0,Urban,1.0,,,Fine,Null,0
67695696,,576901,1.0,,0.0,1.0,,Null,2016/2017,ENDEAVOUR ST,QUEENS DRIVE,,Minor Crash,No,2017,,West,,0,,Flat,,,,,,Overcast,2178700,1,0.0,0.0,2.0,,,0.0,,,,,,Wellington Region,Nil,2-way,Sealed,,0.0,0,,50.0,,Null,0.0,0.0,,47,Wellington City,Nil,,,,,0.0,0.0,Urban,0.0,,,Heavy rain,Null,0
67695748,,574900,0.0,,0.0,2.0,,West,2016/2017,KARORI ROAD,PARKVALE ROAD,,Non-Injury Crash,No,2016,,East,,0,,Flat,,,,,,Bright sun,2109000,0,0.0,0.0,2.0,,,0.0,,,,,,Wellington Region,Nil,2-way,Sealed,,0.0,0,,50.0,,Null,0.0,0.0,,47,Wellington City,Unknown,,,,,0.0,0.0,Urban,0.0,,,Fine,Null,0
67695754,,573101,1.0,,0.0,1.0,,North,2016/2017,CABLE ST,ORIENTAL PARADE,,Non-Injury Crash,No,2016,,East,,0,,Flat,,,,,,Bright sun,2135500,0,0.0,0.0,3.0,,,0.0,,,,,,Wellington Region,Nil,1-way,Sealed,,0.0,0,,50.0,,Null,0.0,1.0,,47,Wellington City,Unknown,,,,,0.0,0.0,Urban,0.0,,,Fine,Null,0
67695793,,573200,0.0,0.0,0.0,2.0,0.0,East,2016/2017,DEVON ST,LANDCROSS ST,,Non-Injury Crash,No,2016,0.0,West,0.0,0,0.0,Hill Road,0.0,,0.0,,0.0,Overcast,2157500,0,0.0,0.0,2.0,0.0,0.0,0.0,0.0,1.0,,0.0,0.0,Wellington Region,Nil,2-way,Sealed,0.0,0.0,0,0.0,50.0,0.0,Null,0.0,0.0,,47,Wellington City,Unknown,0.0,0.0,0.0,0.0,0.0,0.0,Urban,0.0,0.0,0.0,Null,Null,0
67695796,,575701,0.0,0.0,0.0,2.0,0.0,North,2016/2017,MORNINGTON ROAD,VENNELL ST,,Non-Injury Crash,No,2016,0.0,South,0.0,0,0.0,Flat,0.0,,0.0,,0.0,Bright sun,2198800,0,0.0,0.0,2.0,0.0,0.0,0.0,0.0,1.0,,0.0,0.0,Wellington Region,Nil,2-way,Sealed,0.0,0.0,0,0.0,50.0,0.0,Null,0.0,0.0,,47,Wellington City,Unknown,0.0,0.0,0.0,0.0,0.0,0.0,Urban,0.0,0.0,0.0,Fine,Null,0
67695858,,575600,0.0,0.0,0.0,0.0,0.0,South,2015/2016,WASHINGTON AVENUE,CLEVELAND ST,,Non-Injury Crash,No,2016,0.0,South,0.0,0,0.0,Hill Road,0.0,,0.0,,0.0,Overcast,2162800,0,0.0,0.0,2.0,0.0,0.0,0.0,0.0,1.0,,0.0,0.0,Wellington Region,Nil,2-way,Sealed,0.0,0.0,0,0.0,50.0,0.0,Null,2.0,0.0,,47,Wellington City,Unknown,0.0,0.0,0.0,0.0,0.0,0.0,Urban,0.0,0.0,0.0,Null,Null,0
67695865,,573400,0.0,0.0,0.0,2.0,0.0,East,2015/2016,ORIENTAL PARADE,HERD ST,,Non-Injury Crash,No,2016,0.0,East,0.0,0,0.0,Flat,0.0,,1.0,,0.0,Dark,2138400,0,0.0,0.0,2.0,0.0,0.0,0.0,0.0,1.0,,0.0,0.0,Wellington Region,Nil,2-way,Sealed,0.0,0.0,0,0.0,40.0,0.0,On,0.0,0.0,,47,Wellington City,Unknown,0.0,1.0,0.0,0.0,0.0,0.0,Urban,0.0,0.0,0.0,Fine,Null,0
67695910,,576002,0.0,0.0,0.0,2.0,0.0,North,2016/2017,CLYDE ST,MERSEY ST,,Non-Injury Crash,No,2016,0.0,South,0.0,0,0.0,Flat,0.0,,0.0,,0.0,Twilight,2190600,0,0.0,0.0,2.0,0.0,0.0,0.0,0.0,1.0,,0.0,0.0,Wellington Region,Nil,2-way,Sealed,0.0,0.0,0,0.0,50.0,0.0,On,0.0,0.0,,47,Wellington City,Unknown,0.0,0.0,0.0,0.0,0.0,0.0,Urban,0.0,0.0,0.0,Null,Null,0
67695912,,572900,0.0,,1.0,0.0,,South,2016/2017,MULGRAVE ST,PIPITEA ST,,Non-Injury Crash,No,2016,,South,,0,,Flat,,,,,,Overcast,2121200,0,0.0,0.0,2.0,,,0.0,,,,,,Wellington Region,Nil,1-way,Sealed,,0.0,0,,50.0,,Null,0.0,0.0,,47,Wellington City,Unknown,,,,,0.0,0.0,Urban,1.0,,,Fine,Null,0
67695926,,573101,0.0,0.0,0.0,1.0,0.0,South,2016/2017,CUBA ST,SH 1N,,Non-Injury Crash,No,2017,0.0,South,0.0,0,0.0,Flat,0.0,,0.0,,0.0,Overcast,2132800,0,0.0,1.0,2.0,0.0,0.0,0.0,0.0,1.0,,0.0,0.0,Wellington Region,Nil,2-way,Sealed,0.0,0.0,0,0.0,50.0,0.0,Off,0.0,0.0,,47,Wellington City,Unknown,0.0,0.0,0.0,0.0,0.0,0.0,Urban,0.0,0.0,0.0,Null,Null,0
67695934,,577200,1.0,,1.0,0.0,,Null,2016/2017,COBHAM DRIVE,CALABAR ROAD,,Non-Injury Crash,No,2016,,North,,0,,Flat,,,,,,Overcast,2206200,0,0.0,0.0,2.0,,,0.0,,,,,,Wellington Region,Nil,1-way,Sealed,,0.0,0,,70.0,,Null,0.0,0.0,,47,Wellington City,Give way,,,,,0.0,0.0,Urban,0.0,,,Null,Null,0
67695954,,573513,0.0,0.0,0.0,1.0,0.0,North,2016/2017,WESTCHESTER DRIVE,HALSWATER DRIVE,,Non-Injury Crash,No,2017,0.0,South,0.0,0,0.0,Flat,0.0,,1.0,,0.0,Overcast,2086609,0,0.0,0.0,2.0,0.0,0.0,0.0,0.0,0.0,,0.0,0.0,Wellington Region,Nil,2-way,Sealed,0.0,0.0,0,0.0,50.0,0.0,Null,0.0,0.0,,47,Wellington City,Nil,0.0,0.0,0.0,0.0,0.0,0.0,Urban,0.0,0.0,0.0,Fine,Null,0
67695964,,573101,0.0,0.0,0.0,1.0,0.0,North,2016/2017,TORY ST,LORNE ST,,Non-Injury Crash,No,2017,0.0,West,0.0,0,1.0,Flat,0.0,,0.0,,0.0,Overcast,2136000,0,0.0,0.0,2.0,0.0,0.0,0.0,0.0,1.0,,1.0,0.0,Wellington Region,Nil,2-way,Sealed,0.0,0.0,0,0.0,50.0,0.0,Null,1.0,0.0,,47,Wellington City,Unknown,0.0,0.0,0.0,0.0,0.0,0.0,Urban,0.0,0.0,0.0,Fine,Null,0
67695976,,573000,0.0,,0.0,2.0,,South,2016/2017,SH 1N,AURORA TERRACE OBR,,Non-Injury Crash,Yes,2016,,South,,0,,Flat,,,,,,Overcast,2124900,0,0.0,0.0,1.0,,,0.0,,,,,,Wellington Region,Motorway ramp,1-way,Sealed,,0.0,0,,80.0,,Null,0.0,0.0,,47,Wellington City,Unknown,,,,,0.0,0.0,Open,0.0,,,Heavy rain,Null,0
67696000,,572500,0.0,0.0,0.0,2.0,0.0,South,2016/2017,MAIN ROAD,REDWOOD AVENUE N,,Non-Injury Crash,No,2017,0.0,North,0.0,0,0.0,Flat,0.0,,0.0,,0.0,Bright sun,1986300,0,0.0,0.0,2.0,0.0,0.0,0.0,0.0,1.0,,0.0,0.0,Wellington Region,Nil,2-way,Sealed,0.0,0.0,0,0.0,50.0,0.0,Null,0.0,0.0,,47,Wellington City,Unknown,0.0,0.0,0.0,0.0,0.0,0.0,Urban,0.0,0.0,0.0,Fine,Null,0
67696010,,574304,0.0,,0.0,2.0,,West,2016/2017,ONSLOW ROAD,BENARES ST,,Non-Injury Crash,No,2016,,North,,0,,Hill Road,,,,,,Bright sun,2089803,0,0.0,0.0,2.0,,,0.0,,,,,,Wellington Region,Nil,2-way,Sealed,,0.0,0,,50.0,,Null,0.0,0.0,,47,Wellington City,Unknown,,,,,0.0,0.0,Urban,0.0,,,Fine,Null,0
67696013,,573101,0.0,,0.0,2.0,,Null,2015/2016,CABLE ST,CHAFFERS ST,,Non-Injury Crash,No,2016,,South,,0,,Flat,,,,,,Bright sun,2135300,0,0.0,0.0,3.0,,,0.0,,,,,,Wellington Region,Nil,1-way,Sealed,,0.0,0,,50.0,,Null,0.0,0.0,,47,Wellington City,Traffic Signals,,,,,0.0,0.0,Urban,0.0,,,Fine,Null,0
67696053,,573101,0.0,,1.0,0.0,,Null,2015/2016,COURTENAY PLACE,TORY ST,,Non-Injury Crash,No,2016,,West,,0,,Flat,,,,,,Overcast,2135600,0,0.0,0.0,1.0,,,0.0,,,,,,Wellington Region,Nil,1-way,Sealed,,0.0,0,,30.0,,Null,1.0,0.0,,47,Wellington City,Traffic Signals,,,,,0.0,0.0,Urban,0.0,,,Fine,Null,0
67696081,,576901,0.0,0.0,0.0,2.0,0.0,East,2016/2017,COUTTS ST,ONEPU ROAD,,Minor Crash,No,2017,0.0,North,0.0,0,0.0,Flat,0.0,,0.0,,0.0,Overcast,2178200,1,0.0,0.0,2.0,0.0,0.0,0.0,0.0,1.0,1.0,0.0,0.0,Wellington Region,Nil,2-way,Sealed,0.0,0.0,0,0.0,30.0,0.0,Null,0.0,0.0,,47,Wellington City,Unknown,0.0,0.0,0.0,0.0,0.0,0.0,Urban,0.0,0.0,0.0,Light rain,Null,0
67696136,,574303,0.0,,1.0,0.0,,South,2017/2018,SH 1N,SH 2,,Non-Injury Crash,Yes,2017,,North,,0,,Flat,,,,,,Dark,2090402,0,0.0,0.0,4.0,,,0.0,,,1.0,,,Wellington Region,Nil,1-way,Sealed,,0.0,0,,100.0,,On,0.0,0.0,,47,Wellington City,Unknown,,,,,1.0,0.0,Open,0.0,,,Fine,Null,0
67696202,,572900,0.0,0.0,0.0,2.0,0.0,North,2016/2017,GRANT ROAD,MALCOLM LANE,,Non-Injury Crash,No,2017,0.0,South,0.0,0,0.0,Flat,0.0,,0.0,,0.0,Dark,2120900,0,0.0,0.0,2.0,0.0,0.0,0.0,0.0,1.0,,0.0,0.0,Wellington Region,Nil,2-way,Sealed,0.0,0.0,0,0.0,50.0,0.0,On,0.0,0.0,,47,Wellington City,Unknown,0.0,0.0,0.0,0.0,0.0,0.0,Urban,0.0,0.0,0.0,Fine,Null,0
67696214,,573101,0.0,,1.0,0.0,,Null,2016/2017,JERVOIS QUAY,HARRIS ST,,Non-Injury Crash,No,2016,,North,,0,,Flat,,,,,,Overcast,2133000,0,0.0,0.0,3.0,,,0.0,,,,,,Wellington Region,Nil,2-way,Sealed,,0.0,0,,50.0,,Null,1.0,0.0,,47,Wellington City,Traffic Signals,,,,,0.0,0.0,Urban,0.0,,,Fine,Null,0
67696242,,573700,0.0,,0.0,2.0,,West,2016/2017,MOOREFIELD ROAD,JOHNSONVILLE ROAD,,Non-Injury Crash,No,2017,,West,,0,,Flat,,,,,,Twilight,2082800,0,0.0,0.0,1.0,,,0.0,,,,,,Wellington Region,Nil,1-way,Sealed,,0.0,0,,50.0,,On,0.0,0.0,,47,Wellington City,Unknown,,,,,0.0,0.0,Urban,0.0,,,Null,Null,0
67696269,,574200,0.0,,0.0,3.0,,East,2015/2016,KHANDALLAH ROAD,SIMLA CRESCENT,,Non-Injury Crash,No,2016,,East,,0,,Flat,,,,,,Bright sun,2088300,0,0.0,0.0,2.0,,,0.0,,,,,,Wellington Region,Nil,2-way,Sealed,,0.0,0,,50.0,,Null,0.0,0.0,,47,Wellington City,Stop,,,,,0.0,0.0,Urban,0.0,,,Fine,Null,0
67696290,,573522,0.0,,0.0,1.0,,West,2016/2017,TAWA ON NBD,SH 1N,,Non-Injury Crash,Yes,2017,,East,,0,,Hill Road,,,,,,Overcast,2053703,0,0.0,0.0,1.0,,,0.0,,,,,,Wellington Region,Motorway ramp,1-way,Sealed,,0.0,0,,100.0,,Null,0.0,0.0,,47,Wellington City,Unknown,,,,,0.0,0.0,Open,0.0,,,Fine,Strong wind,0
67696384,,573400,0.0,0.0,0.0,1.0,0.0,North,2016/2017,BROUGHAM ST,PIRIE ST,,Non-Injury Crash,No,2017,0.0,North,0.0,0,0.0,Flat,0.0,,0.0,,0.0,Bright sun,2141300,0,0.0,0.0,2.0,0.0,0.0,0.0,0.0,1.0,,0.0,0.0,Wellington Region,Nil,2-way,Sealed,0.0,0.0,0,0.0,50.0,0.0,Off,1.0,0.0,,47,Wellington City,Unknown,0.0,0.0,0.0,0.0,0.0,0.0,Urban,0.0,0.0,0.0,Fine,Null,0
67696436,,577200,0.0,0.0,0.0,3.0,0.0,West,2016/2017,COBHAM DRIVE,SHELLY BAY ROAD,,Non-Injury Crash,No,2016,0.0,North,0.0,0,0.0,Flat,0.0,,0.0,,0.0,Bright sun,2206200,0,0.0,0.0,2.0,0.0,0.0,0.0,0.0,1.0,,0.0,0.0,Wellington Region,Nil,2-way,Sealed,0.0,0.0,0,0.0,50.0,0.0,Null,0.0,0.0,,47,Wellington City,Unknown,0.0,0.0,0.0,0.0,0.0,0.0,Urban,0.0,0.0,0.0,Fine,Null,0
67696474,,574302,0.0,0.0,0.0,3.0,0.0,South,2016/2017,LOCHIEL ROAD,AGRA CRESCENT,,Non-Injury Crash,No,2016,0.0,South,0.0,0,0.0,Hill Road,0.0,,0.0,,0.0,Overcast,2091100,0,0.0,0.0,2.0,0.0,0.0,0.0,0.0,1.0,,0.0,0.0,Wellington Region,Nil,2-way,Sealed,0.0,0.0,0,0.0,50.0,0.0,Null,1.0,0.0,,47,Wellington City,Nil,0.0,0.0,0.0,0.0,0.0,0.0,Urban,0.0,0.0,0.0,Fine,Null,0
67696538,,573000,0.0,,0.0,2.0,,Null,2017/2018,SH 1N,VIVIAN ST,,Minor Crash,Yes,2017,,South,,0,,Flat,,,,,,Dark,2129600,1,0.0,0.0,2.0,,,0.0,,,,,,Wellington Region,Nil,1-way,Sealed,,0.0,0,,50.0,,On,0.0,0.0,,47,Wellington City,Traffic Signals,,,,,0.0,0.0,Urban,0.0,,,Fine,Null,0
67696572,,573700,0.0,,0.0,2.0,,South,2016/2017,JOHNSONVILLE ROAD,DISRAELI ST,,Non-Injury Crash,No,2016,,South,,0,,Flat,,,,,,Bright sun,2083100,0,0.0,0.0,3.0,,,0.0,,,,,,Wellington Region,Nil,2-way,Sealed,,0.0,0,,50.0,,Null,0.0,0.0,,47,Wellington City,Nil,,,,,0.0,0.0,Urban,0.0,,,Fine,Null,0
67696628,,573903,0.0,0.0,0.0,2.0,0.0,South,2017/2018,BATCHELOR ST,ATKINSON ST,,Non-Injury Crash,No,2017,0.0,North,0.0,0,0.0,Hill Road,0.0,,0.0,,0.0,Twilight,2073800,0,0.0,0.0,2.0,0.0,0.0,0.0,0.0,1.0,,0.0,0.0,Wellington Region,Nil,2-way,Sealed,0.0,0.0,0,0.0,50.0,0.0,None,0.0,0.0,,47,Wellington City,Unknown,0.0,0.0,0.0,0.0,0.0,0.0,Urban,0.0,0.0,0.0,Fine,Null,0
67696645,,574002,0.0,,0.0,2.0,,North,2015/2016,SH 1N,CENTENNIAL SBD,,Non-Injury Crash,Yes,2016,,South,,0,,Hill Road,,,,,,Bright sun,2078304,0,0.0,0.0,3.0,,,0.0,,,,,,Wellington Region,Nil,1-way,Sealed,,0.0,0,,100.0,,Null,0.0,0.0,,47,Wellington City,Unknown,,,,,0.0,0.0,Open,0.0,,,Null,Null,0
67696682,,576901,0.0,,0.0,1.0,,Null,2017/2018,SH 1N,TROY ST,,Non-Injury Crash,Yes,2017,,South,,0,,Null,,,,,,Overcast,2176800,0,0.0,0.0,2.0,,,0.0,,,,,,Wellington Region,Nil,2-way,Sealed,,0.0,0,,70.0,,Off,0.0,0.0,,47,Wellington City,Give way,,,,,1.0,0.0,Urban,0.0,,,Light rain,Null,0
67696706,,573000,0.0,,1.0,1.0,,Null,2016/2017,CUSTOMHOUSE QUAY,HUNTER ST,,Non-Injury Crash,No,2016,,North,,0,,Flat,,,,,,Bright sun,2125800,0,0.0,0.0,3.0,,,0.0,,,,,,Wellington Region,Nil,2-way,Sealed,,0.0,0,,50.0,,Null,0.0,0.0,,47,Wellington City,Traffic Signals,,,,,0.0,0.0,Urban,0.0,,,Fine,Null,0
67696748,,576901,0.0,0.0,0.0,1.0,0.0,East,2016/2017,SH 1N,EVANS BAY PARADE,,Serious Crash,Yes,2017,0.0,East,0.0,0,1.0,Flat,0.0,,0.0,,0.0,Dark,2177800,0,0.0,0.0,4.0,0.0,0.0,0.0,0.0,0.0,,0.0,1.0,Wellington Region,Nil,2-way,Sealed,0.0,0.0,2,0.0,70.0,0.0,On,0.0,0.0,,47,Wellington City,Unknown,0.0,0.0,0.0,0.0,0.0,0.0,Urban,0.0,0.0,0.0,Fine,Null,0
67696750,,575000,0.0,0.0,0.0,1.0,0.0,South,2016/2017,FLERS ST,KARORI ROAD,,Non-Injury Crash,No,2016,0.0,South,0.0,0,0.0,Hill Road,0.0,,0.0,,0.0,Bright sun,2111000,0,0.0,0.0,2.0,0.0,0.0,0.0,0.0,0.0,,0.0,1.0,Wellington Region,Nil,2-way,Sealed,0.0,0.0,0,0.0,50.0,0.0,Null,0.0,0.0,,47,Wellington City,Unknown,0.0,0.0,0.0,0.0,0.0,0.0,Urban,0.0,0.0,0.0,Fine,Null,0
67696817,,576901,0.0,,1.0,1.0,,Null,2016/2017,RONGOTAI ROAD,BAY ROAD,,Non-Injury Crash,No,2017,,West,,0,,Flat,,,,,,Bright sun,2178000,0,0.0,0.0,2.0,,,0.0,,,,,,Wellington Region,Nil,2-way,Sealed,,0.0,0,,50.0,,Null,0.0,0.0,,47,Wellington City,Traffic Signals,,,,,0.0,0.0,Urban,0.0,,,Fine,Null,0
67696823,,576302,0.0,0.0,0.0,0.0,0.0,South,2014/2015,ADELAIDE ROAD,DUPPA ST,,Non-Injury Crash,No,2015,0.0,North,0.0,0,0.0,Hill Road,0.0,,0.0,,0.0,Dark,2166000,0,0.0,0.0,2.0,0.0,0.0,0.0,0.0,0.0,,0.0,0.0,Wellington Region,Nil,2-way,Sealed,0.0,0.0,0,0.0,50.0,0.0,On,0.0,0.0,,47,Wellington City,Unknown,0.0,0.0,0.0,0.0,0.0,0.0,Urban,1.0,0.0,0.0,Fine,Strong wind,0
67696852,,573101,0.0,,0.0,1.0,,Null,2016/2017,TORY ST,WAKEFIELD ST,,Minor Crash,No,2017,,North,,0,,Flat,,,,,,Bright sun,2135700,1,0.0,0.0,2.0,,,0.0,,,1.0,,,Wellington Region,Nil,2-way,Sealed,,0.0,0,,50.0,,Null,0.0,0.0,,47,Wellington City,Traffic Signals,,,,,0.0,0.0,Urban,0.0,,,Fine,Null,0
67696873,,573101,0.0,,1.0,1.0,,West,2016/2017,COURTENAY PLACE,CAMBRIDGE TERRACE,,Non-Injury Crash,No,2016,,East,,0,,Flat,,,,,,Dark,2135700,0,0.0,0.0,2.0,,,0.0,,,,,,Wellington Region,Nil,2-way,Sealed,,0.0,0,,30.0,,On,0.0,0.0,,47,Wellington City,Unknown,,,,,0.0,0.0,Urban,0.0,,,Fine,Null,0
67696878,,573400,0.0,0.0,0.0,0.0,0.0,West,2015/2016,HAWKER ST,ROXBURGH ST,,Non-Injury Crash,No,2016,0.0,East,0.0,0,0.0,Flat,0.0,,1.0,,0.0,Twilight,2140100,0,0.0,0.0,2.0,0.0,0.0,0.0,0.0,0.0,,0.0,0.0,Wellington Region,Nil,2-way,Sealed,0.0,0.0,0,0.0,50.0,0.0,Null,0.0,0.0,,47,Wellington City,Unknown,0.0,0.0,0.0,0.0,0.0,0.0,Urban,1.0,0.0,0.0,Fine,Null,0
67696883,,573000,1.0,,0.0,1.0,,Null,2016/2017,VICTORIA ST,HUNTER ST,,Minor Crash,No,2016,,South,,0,,Flat,,,,,,Twilight,2125900,1,0.0,0.0,2.0,,,0.0,,,,,,Wellington Region,Nil,1-way,Sealed,,0.0,0,,50.0,,On,0.0,0.0,,47,Wellington City,Nil,,,,,0.0,0.0,Urban,0.0,,,Fine,Null,0
67696992,,575600,0.0,0.0,0.0,1.0,0.0,North,2016/2017,WASHINGTON AVENUE,HEATON TERRACE,,Non-Injury Crash,No,2016,0.0,South,0.0,0,0.0,Hill Road,0.0,,1.0,,0.0,Bright sun,2162600,0,0.0,0.0,2.0,0.0,0.0,0.0,0.0,1.0,,0.0,0.0,Wellington Region,Nil,2-way,Sealed,0.0,0.0,0,0.0,50.0,0.0,Off,0.0,0.0,,47,Wellington City,Unknown,0.0,0.0,0.0,0.0,1.0,0.0,Urban,0.0,0.0,0.0,Fine,Null,0
67697007,,573514,0.0,0.0,0.0,0.0,0.0,South,2015/2016,SH 1N,CHURTON PARK OFF NBD,,Non-Injury Crash,Yes,2015,0.0,North,0.0,0,0.0,Flat,1.0,Christmas New Year,0.0,,0.0,Dark,2086204,0,0.0,0.0,2.0,0.0,0.0,0.0,0.0,0.0,,0.0,0.0,Wellington Region,Nil,2-way,Sealed,0.0,0.0,0,0.0,100.0,0.0,On,1.0,0.0,,47,Wellington City,Nil,0.0,0.0,0.0,0.0,0.0,0.0,Open,0.0,0.0,0.0,Fine,Null,0
67697020,,573000,0.0,,0.0,2.0,,Null,2016/2017,HUNTER ST,CUSTOMHOUSE QUAY,,Non-Injury Crash,No,2016,,East,,0,,Flat,,,,,,Bright sun,2125800,0,0.0,0.0,3.0,,,0.0,,,,,,Wellington Region,Nil,1-way,Sealed,,0.0,0,,50.0,,Null,0.0,0.0,,47,Wellington City,Traffic Signals,,,,,0.0,0.0,Urban,0.0,,,Fine,Null,0
67697027,,572500,0.0,,0.0,2.0,,North,2014/2015,SH 1N,TAWA ON NBD,,Non-Injury Crash,Yes,2015,,South,,0,,Flat,,,,,,Bright sun,1986700,0,0.0,0.0,4.0,,,0.0,,,,,,Wellington Region,Nil,2-way,Sealed,,0.0,0,,100.0,,Null,0.0,0.0,,47,Wellington City,Nil,,,,,0.0,0.0,Open,0.0,,,Fine,Null,0
67697043,,572900,0.0,,0.0,2.0,,North,2015/2016,SH 1N,MAY ON NBD,,Minor Crash,Yes,2015,,North,,0,,Flat,,,,,,Overcast,2118400,1,0.0,0.0,6.0,,,0.0,,,,,,Wellington Region,Nil,2-way,Sealed,,0.0,0,,100.0,,Null,0.0,0.0,,47,Wellington City,Nil,,,,,0.0,0.0,Open,0.0,,,Fine,Null,0
67697058,,573000,0.0,,0.0,1.0,,South,2017/2018,THE TERRACE,TERRACE OFF SBD,,Minor Crash,No,2017,,North,,0,,Flat,,,,,,Overcast,2124803,1,1.0,0.0,1.0,,,0.0,,,,,,Wellington Region,Nil,1-way,Sealed,,0.0,0,,50.0,,Null,0.0,0.0,,47,Wellington City,Traffic Signals,,,,,0.0,0.0,Urban,0.0,,,Fine,Null,0
67697061,,573000,0.0,,0.0,0.0,,North,2015/2016,THE TERRACE,BOLTON ST,,Non-Injury Crash,No,2016,,East,,0,,Hill Road,,,,,,Bright sun,2123700,0,1.0,0.0,3.0,,,0.0,,,,,,Wellington Region,Nil,2-way,Sealed,,0.0,0,,50.0,,Null,1.0,0.0,,47,Wellington City,Nil,,,,,0.0,0.0,Urban,0.0,,,Fine,Null,0
67697081,,576901,0.0,,0.0,2.0,,Null,2015/2016,SH 1N,TROY ST,,Non-Injury Crash,Yes,2016,,West,,0,,Flat,,,,,,Bright sun,2176800,0,0.0,0.0,2.0,,,0.0,,,,,,Wellington Region,Nil,1-way,Sealed,,0.0,0,,70.0,,Null,0.0,0.0,,47,Wellington City,Give way,,,,,0.0,0.0,Urban,0.0,,,Fine,Null,0
67697102,45.0,573526,0.0,,0.0,1.0,,South,2017/2018,HOROKIWI ROAD,LINCOLNSHIRE ROAD,,Minor Crash,No,2017,,South,,0,,Hill Road,,,,,,Bright sun,2086403,1,0.0,0.0,2.0,,,0.0,,,,,,Wellington Region,Nil,2-way,Sealed,,0.0,0,,50.0,,Null,0.0,0.0,,47,Wellington City,Unknown,,,,,0.0,0.0,Urban,1.0,,,Fine,Null,0