OBJECTID,advisorySpeed,areaUnitID,bicycle,bridge,bus,carStationWagon,cliffBank,crashDirectionDescription,crashFinancialYear,crashLocation1,crashLocation2,crashRoadSideRoad,crashSeverity,crashSHDescription,crashYear,debris,directionRoleDescription,ditch,fatalCount,fence,flatHill,guardRail,holiday,houseOrBuilding,intersection,kerb,light,meshblockId,minorInjuryCount,moped,motorcycle,NumberOfLanes,objectThrownOrDropped,otherObject,otherVehicleType,overBank,parkedVehicle,pedestrian,phoneBoxEtc,postOrPole,region,roadCharacter,roadLane,roadSurface,roadworks,schoolBus,seriousInjuryCount,slipOrFlood,speedLimit,strayAnimal,streetLight,suv,taxi,temporarySpeedLimit,tlaId,tlaName,trafficControl,trafficIsland,trafficSign,train,tree,truck,unknownVehicleType,urban,vanOrUtility,vehicle,waterRiver,weatherA,weatherB,if_pandemic
67697104,,576903,0.0,,0.0,0.0,,North,2016/2017,EVANS BAY PARADE,SH 1N,,Serious Crash,No,2017,,West,,0,,Flat,,,,,,Bright sun,2180102,0,0.0,1.0,2.0,,,0.0,,,,,,Wellington Region,Nil,2-way,Sealed,,0.0,1,,50.0,,Null,0.0,0.0,,47,Wellington City,Unknown,,,,,0.0,0.0,Urban,0.0,,,Fine,Null,0
67697119,,572701,0.0,0.0,0.0,0.0,0.0,West,2014/2015,COLLINS AVENUE,RLY XING,,Non-Injury Crash,No,2015,0.0,West,0.0,0,0.0,Hill Road,1.0,,0.0,,0.0,Bright sun,1994100,0,0.0,0.0,2.0,0.0,0.0,0.0,0.0,0.0,,0.0,0.0,Wellington Region,Rail xing,2-way,Sealed,0.0,0.0,0,0.0,50.0,0.0,Null,0.0,0.0,,47,Wellington City,Nil,0.0,0.0,0.0,0.0,0.0,0.0,Urban,1.0,0.0,0.0,Fine,Null,0
67697141,,574303,0.0,,0.0,3.0,,East,2016/2017,SH 1N,TYERS ROAD,,Non-Injury Crash,Yes,2017,,West,,0,,Hill Road,,,,,,Bright sun,2088705,0,0.0,0.0,6.0,,,0.0,,,,,,Wellington Region,Nil,2-way,Sealed,,0.0,0,,80.0,,Null,0.0,0.0,,47,Wellington City,Unknown,,,,,0.0,0.0,Open,0.0,,,Fine,Null,0
67697199,,574001,1.0,0.0,0.0,0.0,0.0,Null,2015/2016,SH 1N,NEWLANDS ON SBD,,Minor Crash,Yes,2016,0.0,South,0.0,0,0.0,Hill Road,0.0,,0.0,,1.0,Overcast,2077600,1,0.0,0.0,6.0,0.0,0.0,0.0,0.0,0.0,,0.0,0.0,Wellington Region,Nil,2-way,Sealed,0.0,0.0,0,0.0,80.0,0.0,Null,0.0,0.0,,47,Wellington City,Nil,0.0,0.0,0.0,0.0,0.0,0.0,Open,0.0,0.0,0.0,Fine,Null,0
67697276,,574900,0.0,0.0,0.0,1.0,0.0,Null,2016/2017,DARWIN ST,CHAMBERLAIN ROAD,,Non-Injury Crash,No,2016,0.0,South,0.0,0,1.0,Flat,0.0,Christmas New Year,0.0,,0.0,Overcast,2108801,0,0.0,0.0,2.0,0.0,0.0,0.0,0.0,0.0,,0.0,0.0,Wellington Region,Nil,2-way,Sealed,0.0,0.0,0,0.0,50.0,0.0,Null,0.0,0.0,,47,Wellington City,Give way,0.0,0.0,0.0,0.0,0.0,0.0,Urban,0.0,0.0,0.0,Fine,Null,0
67697304,,573000,0.0,,0.0,2.0,,Null,2016/2017,CUSTOMHOUSE QUAY,WHITMORE ST,,Non-Injury Crash,No,2017,,South,,0,,Flat,,,,,,Twilight,2124300,0,0.0,0.0,4.0,,,0.0,,,,,,Wellington Region,Nil,1-way,Sealed,,0.0,0,,50.0,,Off,0.0,0.0,,47,Wellington City,Traffic Signals,,,,,0.0,0.0,Urban,0.0,,,Mist or Fog,Null,0
67697306,,573101,0.0,,0.0,2.0,,Null,2016/2017,SH 1N,WILLIS ST,,Non-Injury Crash,Yes,2017,,North,,0,,Flat,,,,,,Bright sun,2131900,0,0.0,0.0,3.0,,,0.0,,,,,,Wellington Region,Nil,1-way,Sealed,,0.0,0,,50.0,,Null,0.0,0.0,,47,Wellington City,Traffic Signals,,,,,0.0,0.0,Urban,0.0,,,Fine,Null,0
67697312,,573101,0.0,0.0,0.0,1.0,1.0,Null,2016/2017,CABLE ST,BARNETT ST,,Non-Injury Crash,No,2017,0.0,East,0.0,0,0.0,Flat,0.0,,0.0,,0.0,Overcast,2135200,0,0.0,0.0,3.0,0.0,0.0,0.0,0.0,0.0,,0.0,0.0,Wellington Region,Nil,1-way,Sealed,0.0,0.0,0,0.0,50.0,0.0,Null,0.0,0.0,,47,Wellington City,Nil,0.0,1.0,0.0,0.0,0.0,0.0,Urban,0.0,0.0,0.0,Light rain,Null,0
67697337,,574800,0.0,0.0,0.0,2.0,0.0,West,2015/2016,CHAYTOR ST,CURTIS ST,,Non-Injury Crash,No,2015,0.0,East,0.0,0,0.0,Flat,0.0,,0.0,,0.0,Bright sun,2106100,0,0.0,0.0,2.0,0.0,0.0,0.0,0.0,1.0,,0.0,0.0,Wellington Region,Nil,2-way,Sealed,0.0,0.0,0,0.0,50.0,0.0,Null,0.0,0.0,,47,Wellington City,Give way,0.0,0.0,0.0,0.0,0.0,0.0,Urban,0.0,0.0,0.0,Fine,Null,0
67697360,,577000,0.0,,0.0,2.0,,North,2016/2017,TIRANGI ROAD,GEORGE BOLT ST,,Non-Injury Crash,No,2017,,North,,0,,Flat,,Easter,,,,Bright sun,2175502,0,0.0,0.0,2.0,,,0.0,,,,,,Wellington Region,Nil,2-way,Sealed,,0.0,0,,50.0,,Null,0.0,0.0,,47,Wellington City,Give way,,,,,0.0,0.0,Urban,0.0,,,Fine,Null,0
67697421,,572701,0.0,0.0,0.0,1.0,0.0,North,2016/2017,SH 1N,PED SUBWAY,,Minor Crash,Yes,2017,0.0,North,0.0,0,0.0,Flat,1.0,,0.0,,0.0,Dark,1993704,2,0.0,0.0,4.0,0.0,0.0,0.0,0.0,0.0,,0.0,0.0,Wellington Region,Nil,2-way,Sealed,0.0,0.0,0,0.0,100.0,0.0,On,0.0,0.0,,47,Wellington City,Unknown,0.0,0.0,0.0,0.0,2.0,0.0,Open,0.0,0.0,0.0,Fine,Null,0
67697441,,576100,0.0,,0.0,2.0,,South,2016/2017,QUEENS DRIVE,HUNGERFORD ROAD,,Non-Injury Crash,No,2016,,South,,0,,Flat,,,,,,Dark,2195800,0,0.0,0.0,2.0,,,0.0,,,,,,Wellington Region,Nil,2-way,Sealed,,0.0,0,,50.0,,On,0.0,0.0,,47,Wellington City,Nil,,,,,0.0,0.0,Urban,0.0,,,Heavy rain,Strong wind,0
67697459,,572900,0.0,,0.0,1.0,,West,2015/2016,BOWEN ST,BALLANTRAE PLACE,,Minor Crash,No,2016,,East,,0,,Hill Road,,,,,,Bright sun,2122000,1,0.0,1.0,4.0,,,0.0,,,,,,Wellington Region,Nil,2-way,Sealed,,0.0,0,,50.0,,Null,0.0,0.0,,47,Wellington City,Nil,,,,,0.0,0.0,Urban,0.0,,,Fine,Null,0
67697528,,573101,0.0,,0.0,1.0,,Null,2016/2017,WAKEFIELD ST,JERVOIS QUAY,,Non-Injury Crash,No,2016,,South,,0,,Flat,,,,,,Bright sun,2133200,0,0.0,0.0,3.0,,,0.0,,,,,,Wellington Region,Nil,2-way,Sealed,,0.0,0,,50.0,,Null,0.0,0.0,,47,Wellington City,Traffic Signals,,,,,1.0,0.0,Urban,0.0,,,Fine,Null,0
67697554,,574702,0.0,0.0,0.0,1.0,1.0,West,2017/2018,WILTON ROAD,WARWICK ST,,Minor Crash,No,2017,0.0,West,0.0,0,0.0,Flat,0.0,,0.0,,0.0,Dark,2103900,3,0.0,0.0,2.0,0.0,0.0,0.0,0.0,0.0,,0.0,0.0,Wellington Region,Nil,2-way,Sealed,0.0,0.0,0,0.0,50.0,0.0,On,0.0,0.0,,47,Wellington City,Unknown,0.0,0.0,0.0,0.0,0.0,0.0,Urban,0.0,0.0,0.0,Fine,Null,0
67697570,,573901,0.0,,0.0,1.0,,North,2016/2017,PADNELL CRESCENT,PELOROUS ST,,Minor Crash,No,2017,,West,,0,,Hill Road,,,,,,Overcast,2073500,1,0.0,0.0,2.0,,,0.0,,,1.0,,,Wellington Region,Nil,2-way,Sealed,,0.0,0,,50.0,,Null,0.0,0.0,,47,Wellington City,Unknown,,,,,0.0,0.0,Urban,0.0,,,Light rain,Null,0
67697631,,572900,0.0,0.0,0.0,1.0,0.0,North,2014/2015,SH 1N,HOBSON ST OBR NBD,,Non-Injury Crash,Yes,2015,0.0,North,0.0,0,0.0,Flat,1.0,,0.0,,0.0,Bright sun,2117902,0,0.0,0.0,6.0,0.0,0.0,0.0,0.0,0.0,,0.0,0.0,Wellington Region,Nil,2-way,Sealed,0.0,0.0,0,0.0,100.0,0.0,Null,0.0,0.0,,47,Wellington City,Nil,0.0,0.0,0.0,0.0,0.0,0.0,Open,0.0,0.0,0.0,Fine,Null,0
67697665,,576901,0.0,,0.0,2.0,,East,2017/2018,RONGOTAI ROAD,CRAWFORD ROAD,,Minor Crash,No,2017,,East,,0,,Flat,,,,,,Bright sun,2178400,1,0.0,0.0,2.0,,,0.0,,,,,,Wellington Region,Nil,2-way,Sealed,,0.0,0,,50.0,,Null,0.0,0.0,,47,Wellington City,Traffic Signals,,,,,0.0,0.0,Urban,0.0,,,Fine,Null,0
67697666,,573101,0.0,,0.0,2.0,,Null,2016/2017,SH 1N,CUBA ST,,Non-Injury Crash,Yes,2017,,West,,0,,Flat,,Christmas New Year,,,,Overcast,2132600,0,0.0,0.0,2.0,,,0.0,,,,,,Wellington Region,Nil,1-way,Sealed,,0.0,0,,50.0,,Null,0.0,0.0,,47,Wellington City,Traffic Signals,,,,,0.0,0.0,Urban,0.0,,,Light rain,Null,0
67697682,,573600,0.0,0.0,0.0,1.0,0.0,South,2016/2017,JOHNSONVILLE ON NBD,SH 1N,,Non-Injury Crash,Yes,2016,0.0,North,0.0,0,0.0,Flat,0.0,,0.0,,0.0,Overcast,2081200,0,0.0,0.0,1.0,0.0,0.0,0.0,0.0,0.0,,0.0,1.0,Wellington Region,Motorway ramp,1-way,Sealed,0.0,0.0,0,0.0,100.0,0.0,Null,0.0,0.0,,47,Wellington City,Unknown,0.0,1.0,0.0,0.0,0.0,0.0,Open,0.0,0.0,0.0,Fine,Null,0
67697694,,574200,0.0,,0.0,2.0,,Null,2016/2017,BOX HILL,BARODA ST,,Non-Injury Crash,No,2017,,North,,0,,Hill Road,,,,,,Bright sun,2088100,0,0.0,0.0,2.0,,,0.0,,,,,,Wellington Region,Nil,2-way,Sealed,,0.0,0,,50.0,,Null,0.0,0.0,,47,Wellington City,Give way,,,,,0.0,0.0,Urban,0.0,,,Fine,Null,0
67697708,,573000,0.0,,0.0,2.0,,Null,2016/2017,WILLIS ST,BOULCOTT ST,,Non-Injury Crash,No,2017,,North,,0,,Hill Road,,,,,,Bright sun,2128400,0,0.0,0.0,2.0,,,0.0,,,,,,Wellington Region,Nil,2-way,Sealed,,0.0,0,,30.0,,Null,0.0,0.0,,47,Wellington City,Traffic Signals,,,,,0.0,0.0,Urban,0.0,,,Fine,Null,0
67697737,,572900,0.0,,0.0,2.0,,Null,2016/2017,TINAKORI ROAD,HARRIETT ST,,Minor Crash,No,2016,,North,,0,,Flat,,,,,,Overcast,2123100,1,0.0,0.0,2.0,,,0.0,,,,,,Wellington Region,Nil,2-way,Sealed,,0.0,0,,50.0,,Null,0.0,0.0,,47,Wellington City,Traffic Signals,,,,,0.0,0.0,Urban,0.0,,,Fine,Strong wind,0
67697759,,574002,0.0,,0.0,1.0,,North,2015/2016,SH 2,RAILYARD ENTRY,,Minor Crash,Yes,2016,,South,,0,,Hill Road,,,,,,Overcast,2078302,1,0.0,1.0,2.0,,,0.0,,,,,,Wellington Region,Nil,1-way,Sealed,,0.0,0,,100.0,,Null,0.0,0.0,80.0,47,Wellington City,Unknown,,,,,0.0,0.0,Open,0.0,,,Fine,Null,0
67697851,,577200,0.0,0.0,0.0,2.0,0.0,North,2015/2016,KAURI ST,CALEDONIA ST,,Non-Injury Crash,No,2015,0.0,North,0.0,0,0.0,Flat,0.0,,0.0,,0.0,Twilight,2207100,0,0.0,0.0,2.0,0.0,0.0,0.0,0.0,1.0,,0.0,0.0,Wellington Region,Nil,2-way,Sealed,0.0,0.0,0,0.0,50.0,0.0,On,0.0,0.0,,47,Wellington City,Nil,0.0,0.0,0.0,0.0,0.0,0.0,Urban,0.0,0.0,0.0,Fine,Null,0
67697852,,572900,0.0,,0.0,2.0,,North,2016/2017,SH 1N,AOTEA OFF SBD,,Non-Injury Crash,Yes,2016,,South,,0,,Flat,,,,,,Overcast,2118400,0,0.0,0.0,7.0,,,0.0,,,,,,Wellington Region,Nil,2-way,Sealed,,0.0,0,,100.0,,Null,0.0,0.0,,47,Wellington City,Unknown,,,,,0.0,0.0,Open,0.0,,,Light rain,Null,0
67697853,,576500,0.0,,0.0,2.0,,Null,2016/2017,ADELAIDE ROAD,RIDDIFORD ST,,Non-Injury Crash,No,2016,,North,,0,,Flat,,Labour Weekend,,,,Overcast,2148700,0,0.0,0.0,2.0,,,0.0,,,,,,Wellington Region,Nil,2-way,Sealed,,0.0,0,,50.0,,Null,0.0,0.0,,47,Wellington City,Traffic Signals,,,,,0.0,0.0,Urban,0.0,,,Fine,Null,0
67697854,,573101,0.0,,0.0,0.0,,North,2016/2017,WILLIS ST,ARO ST,,Non-Injury Crash,No,2016,,North,,0,,Flat,,,,,,Overcast,2132900,0,0.0,0.0,4.0,,,0.0,,,,,,Wellington Region,Nil,1-way,Sealed,,0.0,0,,50.0,,Null,1.0,0.0,,47,Wellington City,Give way,,,,,1.0,0.0,Urban,0.0,,,Null,Null,0
67697887,,573300,0.0,,0.0,2.0,,Null,2015/2016,WALLACE ST,HOWARD ST,,Non-Injury Crash,No,2015,,South,,0,,Flat,,,,,,Dark,2147500,0,0.0,0.0,2.0,,,0.0,,,,,,Wellington Region,Nil,2-way,Sealed,,0.0,0,,50.0,,On,0.0,0.0,,47,Wellington City,Stop,,,,,0.0,0.0,Urban,0.0,,,Fine,Null,0
67697917,,574002,0.0,1.0,0.0,1.0,0.0,South,2016/2017,NGAURANGA ON NBD,RLY YARD ENT,,Non-Injury Crash,Yes,2016,0.0,West,0.0,0,0.0,Flat,0.0,,0.0,,0.0,Dark,2078302,0,0.0,0.0,2.0,0.0,0.0,0.0,0.0,0.0,,0.0,0.0,Wellington Region,Motorway ramp,1-way,Sealed,0.0,0.0,0,0.0,100.0,0.0,On,0.0,0.0,80.0,47,Wellington City,Unknown,0.0,0.0,0.0,0.0,0.0,0.0,Open,0.0,0.0,0.0,Light rain,Null,0
67697940,,576700,0.0,,0.0,0.0,,West,2016/2017,MAIDA VALE ROAD,EVANS BAY PARADE,,Non-Injury Crash,No,2016,,South,,0,,Hill Road,,,,,,Overcast,2186000,0,0.0,0.0,2.0,,,0.0,,,,,,Wellington Region,Nil,2-way,Sealed,,0.0,0,,50.0,,Null,0.0,0.0,,47,Wellington City,Unknown,,,,,1.0,0.0,Urban,1.0,,,Fine,Null,0
67697969,,574702,0.0,,0.0,0.0,,South,2016/2017,CHURCHILL DRIVE,WILTON BUSH ROAD,,Serious Crash,No,2016,,North,,0,,Hill Road,,,,,,Overcast,2103800,0,1.0,0.0,2.0,,,0.0,,,,,,Wellington Region,Nil,2-way,Sealed,,0.0,1,,50.0,,Null,0.0,0.0,,47,Wellington City,Unknown,,,,,0.0,0.0,Urban,0.0,,,Light rain,Null,0
67698004,,576400,1.0,,0.0,0.0,,Null,2016/2017,OWEN ST,CONSTABLE ST,,Non-Injury Crash,No,2017,,South,,0,,Flat,,,,,,Bright sun,2169101,0,0.0,0.0,2.0,,,0.0,,,,,,Wellington Region,Nil,2-way,Sealed,,0.0,0,,50.0,,Null,0.0,0.0,,47,Wellington City,Traffic Signals,,,,,0.0,0.0,Urban,1.0,,,Fine,Null,0
67698022,,574100,0.0,,1.0,0.0,,Null,2017/2018,MCLINTOCK ST,NORWOOD PLACE,,Serious Crash,No,2017,,North,,0,,Hill Road,,,,,,Bright sun,2086710,1,0.0,1.0,2.0,,,0.0,,,,,,Wellington Region,Nil,2-way,Sealed,,0.0,1,,50.0,,Null,0.0,0.0,,47,Wellington City,Nil,,,,,0.0,0.0,Urban,0.0,,,Fine,Null,0
67698051,,573101,0.0,,0.0,2.0,,Null,2015/2016,CAMBRIDGE TERRACE,COURTENAY PLACE,,Non-Injury Crash,No,2015,,North,,0,,Flat,,,,,,Overcast,2135700,0,0.0,0.0,6.0,,,0.0,,,,,,Wellington Region,Nil,2-way,Sealed,,0.0,0,,50.0,,Off,0.0,0.0,,47,Wellington City,Give way,,,,,0.0,0.0,Urban,0.0,,,Fine,Null,0
67698053,,573600,0.0,0.0,0.0,2.0,0.0,North,2016/2017,MIDDLETON ROAD,HELSTON ROAD,,Minor Crash,No,2017,0.0,South,0.0,0,0.0,Hill Road,0.0,,0.0,,0.0,Overcast,2080900,1,0.0,0.0,2.0,0.0,0.0,0.0,0.0,1.0,,0.0,0.0,Wellington Region,Nil,2-way,Sealed,0.0,0.0,0,0.0,50.0,0.0,Off,0.0,0.0,,47,Wellington City,Unknown,0.0,0.0,0.0,0.0,0.0,0.0,Urban,0.0,0.0,0.0,Light rain,Null,0
67698143,,573200,1.0,,0.0,0.0,,Null,2015/2016,BROOKLYN ROAD,OHIRO ROAD,,Serious Crash,No,2015,,South,,0,,Hill Road,,,,,,Bright sun,2159300,1,0.0,1.0,2.0,,,0.0,,,,,,Wellington Region,Nil,2-way,Sealed,,0.0,1,,50.0,,Off,0.0,0.0,,47,Wellington City,Give way,,,,,0.0,0.0,Urban,0.0,,,Fine,Null,0
67698196,,573000,0.0,0.0,0.0,2.0,0.0,North,2016/2017,GILMER TERRACE,BOULCOTT ST,,Non-Injury Crash,No,2017,0.0,North,0.0,0,0.0,Hill Road,0.0,,0.0,,0.0,Dark,2126600,0,0.0,0.0,2.0,0.0,0.0,0.0,0.0,1.0,,0.0,0.0,Wellington Region,Nil,2-way,Sealed,0.0,0.0,0,0.0,50.0,0.0,None,0.0,0.0,,47,Wellington City,Unknown,0.0,0.0,0.0,0.0,0.0,0.0,Urban,0.0,0.0,0.0,Heavy rain,Null,0
67698220,,573101,0.0,,0.0,1.0,,North,2016/2017,WILLIS ST,SH 1N,,Non-Injury Crash,No,2017,,North,,0,,Flat,,,,,,Overcast,2131600,0,0.0,0.0,2.0,,,0.0,,,1.0,,,Wellington Region,Nil,1-way,Sealed,,0.0,0,,50.0,,Null,0.0,0.0,,47,Wellington City,Unknown,,,,,0.0,0.0,Urban,0.0,,,Fine,Null,0
67698222,,574303,0.0,,0.0,2.0,,West,2016/2017,SH 1N,ONSLOW RAIL OBR,,Minor Crash,Yes,2017,,South,,0,,Flat,,,,,,Bright sun,2090402,1,0.0,1.0,3.0,,,0.0,,,,,,Wellington Region,Nil,1-way,Sealed,,0.0,0,,60.0,,Null,0.0,0.0,,47,Wellington City,Unknown,,,,,0.0,0.0,Urban,0.0,,,Fine,Null,0
67698229,,574200,0.0,0.0,0.0,2.0,0.0,West,2016/2017,CLARK ST,BOX HILL,,Minor Crash,No,2017,0.0,West,0.0,0,0.0,Flat,0.0,,0.0,,0.0,Overcast,2087300,1,0.0,0.0,2.0,0.0,0.0,0.0,0.0,1.0,,0.0,0.0,Wellington Region,Nil,2-way,Sealed,0.0,0.0,0,0.0,50.0,0.0,Null,0.0,0.0,,47,Wellington City,Unknown,0.0,0.0,0.0,0.0,0.0,0.0,Urban,0.0,0.0,0.0,Fine,Null,0
67698258,,576302,0.0,0.0,0.0,1.0,0.0,South,2016/2017,MOUNT ALBERT ROAD,LAVAUD ST,,Minor Crash,No,2017,0.0,East,0.0,0,0.0,Hill Road,1.0,,0.0,,0.0,Dark,2166000,1,0.0,1.0,2.0,0.0,0.0,0.0,0.0,0.0,,0.0,0.0,Wellington Region,Nil,2-way,Sealed,0.0,0.0,0,0.0,50.0,0.0,On,0.0,0.0,,47,Wellington City,Unknown,0.0,0.0,0.0,1.0,0.0,0.0,Urban,0.0,0.0,0.0,Fine,Null,0
67698264,,573101,0.0,0.0,0.0,2.0,0.0,East,2016/2017,DIXON ST,INGLEWOOD PLACE,,Non-Injury Crash,No,2017,0.0,West,0.0,0,0.0,Flat,0.0,,0.0,,0.0,Dark,2133408,0,0.0,0.0,1.0,0.0,0.0,0.0,0.0,1.0,,0.0,0.0,Wellington Region,Nil,1-way,Sealed,0.0,0.0,0,0.0,50.0,0.0,On,0.0,0.0,,47,Wellington City,Unknown,0.0,0.0,0.0,0.0,0.0,0.0,Urban,0.0,0.0,0.0,Fine,Null,0
67698288,,577601,0.0,,0.0,2.0,,Null,2016/2017,AKAROA DRIVE,KAIKOURA ST,,Serious Crash,No,2017,,South,,0,,Hill Road,,Queens Birthday,,,,Bright sun,2202001,0,0.0,0.0,2.0,,,0.0,,,,,,Wellington Region,Nil,2-way,Sealed,,0.0,1,,50.0,,Null,0.0,0.0,,47,Wellington City,Nil,,,,,0.0,0.0,Urban,0.0,,,Mist or Fog,Null,0
67698311,,576002,0.0,,0.0,1.0,,North,2016/2017,THE PARADE,MEDWAY ST,,Non-Injury Crash,No,2017,,South,,0,,Flat,,,,,,Overcast,2190400,0,0.0,1.0,2.0,,,0.0,,,,,,Wellington Region,Nil,2-way,Sealed,,0.0,0,,30.0,,Null,0.0,0.0,,47,Wellington City,Unknown,,,,,0.0,0.0,Urban,0.0,,,Fine,Null,0
67698349,,573101,0.0,,0.0,1.0,,Null,2017/2018,WEBB STREET,TORRENS TERRACE,,Minor Crash,No,2017,,East,,0,,Flat,,,,,,Bright sun,2135100,1,0.0,0.0,2.0,,,0.0,,,1.0,,,Wellington Region,Nil,2-way,Sealed,,0.0,0,,50.0,,Null,0.0,0.0,,47,Wellington City,Nil,,,,,0.0,0.0,Urban,0.0,,,Fine,Null,0
67698464,,576903,0.0,0.0,0.0,3.0,0.0,South,2015/2016,MOXHAM AVENUE,TAPIRI ST,,Minor Crash,No,2016,0.0,North,0.0,0,0.0,Flat,0.0,,0.0,,0.0,Dark,2180800,1,0.0,0.0,2.0,0.0,0.0,0.0,0.0,1.0,,0.0,0.0,Wellington Region,Nil,2-way,Sealed,0.0,0.0,0,0.0,50.0,0.0,On,0.0,0.0,,47,Wellington City,Give way,0.0,0.0,0.0,0.0,0.0,0.0,Urban,0.0,0.0,0.0,Fine,Null,0
67698472,,573522,0.0,,0.0,2.0,,South,2015/2016,SH 1N,TAKAPU RD UPASS SBD,,Non-Injury Crash,Yes,2016,,South,,0,,Flat,,,,,,Bright sun,2053703,0,0.0,0.0,2.0,,,0.0,,,,,,Wellington Region,Nil,1-way,Sealed,,0.0,0,,100.0,,Null,0.0,0.0,,47,Wellington City,Unknown,,,,,0.0,0.0,Open,0.0,,,Fine,Null,0
67698473,,573101,0.0,0.0,0.0,1.0,0.0,Null,2015/2016,TARANAKI ST,JESSIE ST,,Non-Injury Crash,No,2016,0.0,North,0.0,0,0.0,Flat,0.0,,0.0,,0.0,Overcast,2133700,0,0.0,0.0,5.0,0.0,0.0,0.0,0.0,1.0,,0.0,0.0,Wellington Region,Nil,2-way,Sealed,0.0,0.0,0,0.0,50.0,0.0,Null,1.0,0.0,,47,Wellington City,Nil,0.0,0.0,0.0,0.0,0.0,0.0,Urban,0.0,0.0,0.0,Fine,Null,0
67698484,,573000,0.0,,0.0,3.0,,North,2016/2017,SH 1N,WILLIS ST,,Non-Injury Crash,Yes,2016,,South,,0,,Flat,,,,,,Overcast,2130600,0,0.0,0.0,3.0,,,0.0,,,,,,Wellington Region,Nil,2-way,Sealed,,0.0,0,,60.0,,On,1.0,0.0,,47,Wellington City,Unknown,,,,,0.0,0.0,Urban,0.0,,,Fine,Null,0
67698527,,573000,0.0,,0.0,1.0,,North,2016/2017,SH 1N,SOUTH PORTAL,,Non-Injury Crash,Yes,2017,,South,,0,,Flat,,,,,,Overcast,2130600,0,0.0,0.0,3.0,,,0.0,,,,,,Wellington Region,Nil,2-way,Sealed,,0.0,0,,60.0,,Null,1.0,0.0,,47,Wellington City,Unknown,,,,,0.0,0.0,Urban,0.0,,,Fine,Null,0
67698536,,575600,0.0,0.0,0.0,2.0,0.0,West,2016/2017,TODMAN ST,CHARLOTTE AVENUE,,Non-Injury Crash,No,2016,0.0,East,0.0,0,0.0,Hill Road,0.0,,0.0,,0.0,Overcast,2161400,0,0.0,0.0,2.0,0.0,0.0,0.0,0.0,1.0,,1.0,0.0,Wellington Region,Nil,2-way,Sealed,0.0,0.0,0,0.0,50.0,0.0,Null,0.0,0.0,,47,Wellington City,Unknown,0.0,0.0,0.0,0.0,0.0,0.0,Urban,0.0,0.0,0.0,Light rain,Null,0
67698605,,573000,0.0,,0.0,2.0,,Null,2016/2017,EVERTON TERRACE,CLIFTON TERRACE,,Non-Injury Crash,No,2017,,West,,0,,Flat,,,,,,Dark,2124900,0,0.0,0.0,3.0,,,0.0,,,,,,Wellington Region,Nil,2-way,Sealed,,0.0,0,,50.0,,On,0.0,0.0,,47,Wellington City,Traffic Signals,,,,,0.0,0.0,Urban,0.0,,,Fine,Null,0
67698610,,575300,0.0,0.0,0.0,2.0,0.0,Null,2015/2016,KELBURN PARADE,KELBURN PARADE,,Non-Injury Crash,No,2015,0.0,South,0.0,0,0.0,Flat,0.0,,0.0,,0.0,Overcast,2155200,0,0.0,0.0,2.0,0.0,0.0,0.0,0.0,1.0,,0.0,0.0,Wellington Region,Nil,2-way,Sealed,0.0,0.0,0,0.0,50.0,0.0,Null,0.0,0.0,,47,Wellington City,Give way,0.0,0.0,0.0,0.0,0.0,0.0,Urban,0.0,0.0,0.0,Light rain,Null,0
67698624,,573700,0.0,0.0,1.0,1.0,0.0,North,2015/2016,ERRIS ST,TATUM WAY,,Non-Injury Crash,No,2016,0.0,North,0.0,0,0.0,Flat,0.0,,0.0,,0.0,Overcast,2081300,0,0.0,0.0,2.0,0.0,0.0,0.0,0.0,1.0,,0.0,0.0,Wellington Region,Nil,2-way,Sealed,0.0,0.0,0,0.0,50.0,0.0,Null,0.0,0.0,,47,Wellington City,Unknown,0.0,0.0,0.0,0.0,0.0,0.0,Urban,0.0,0.0,0.0,Fine,Null,0
67698630,,573101,0.0,,0.0,2.0,,Null,2014/2015,SH 1N VIVIAN ST,VICTORIA ST,,Non-Injury Crash,Yes,2015,,South,,0,,Flat,,,,,,Dark,2131600,0,0.0,0.0,3.0,,,0.0,,,,,,Wellington Region,Nil,1-way,Sealed,,0.0,0,,50.0,,On,0.0,0.0,,47,Wellington City,Traffic Signals,,,,,0.0,0.0,Urban,0.0,,,Fine,Null,0
67698679,,573400,0.0,,0.0,0.0,,Null,2017/2018,SH 1N,SLIP ROAD,,Serious Crash,Yes,2017,,South,,0,,Flat,,,,,,Overcast,2143500,0,0.0,1.0,3.0,,,0.0,,,,,,Wellington Region,Nil,1-way,Sealed,,0.0,1,,50.0,,Null,1.0,0.0,,47,Wellington City,Nil,,,,,0.0,0.0,Urban,0.0,,,Fine,Null,0
67698694,,574002,0.0,,1.0,1.0,,North,2014/2015,SH 1N,CENTENNIAL NBD,,Non-Injury Crash,Yes,2015,,North,,0,,Flat,,,,,,Bright sun,2078302,0,0.0,0.0,2.0,,,0.0,,,,,,Wellington Region,Nil,1-way,Sealed,,0.0,0,,80.0,,Null,0.0,0.0,,47,Wellington City,Unknown,,,,,1.0,0.0,Open,0.0,,,Fine,Null,0
67698696,,577700,0.0,0.0,0.0,1.0,0.0,South,2015/2016,MAKARA ROAD,TAKARAU GORGE ROAD,,Non-Injury Crash,No,2016,0.0,South,0.0,0,1.0,Hill Road,0.0,,0.0,,0.0,Overcast,2116600,0,0.0,0.0,2.0,0.0,0.0,0.0,0.0,0.0,,0.0,0.0,Wellington Region,Nil,2-way,Sealed,0.0,0.0,0,0.0,50.0,0.0,Null,0.0,0.0,,47,Wellington City,Unknown,0.0,0.0,0.0,0.0,0.0,0.0,Urban,0.0,0.0,0.0,Null,Null,0