OBJECTID,advisorySpeed,areaUnitID,bicycle,bridge,bus,carStationWagon,cliffBank,crashDirectionDescription,crashFinancialYear,crashLocation1,crashLocation2,crashRoadSideRoad,crashSeverity,crashSHDescription,crashYear,debris,directionRoleDescription,ditch,fatalCount,fence,flatHill,guardRail,holiday,houseOrBuilding,intersection,kerb,light,meshblockId,minorInjuryCount,moped,motorcycle,NumberOfLanes,objectThrownOrDropped,otherObject,otherVehicleType,overBank,parkedVehicle,pedestrian,phoneBoxEtc,postOrPole,region,roadCharacter,roadLane,roadSurface,roadworks,schoolBus,seriousInjuryCount,slipOrFlood,speedLimit,strayAnimal,streetLight,suv,taxi,temporarySpeedLimit,tlaId,tlaName,trafficControl,trafficIsland,trafficSign,train,tree,truck,unknownVehicleType,urban,vanOrUtility,vehicle,waterRiver,weatherA,weatherB,if_pandemic
67698697,,576901,0.0,,0.0,4.0,,North,2017/2018,SH 1N,TROY ST,,Minor Crash,Yes,2017,,South,,0,,Flat,,,,,,Bright sun,2176800,1,0.0,0.0,2.0,,,0.0,,,,,,Wellington Region,Nil,1-way,Sealed,,0.0,0,,70.0,,Null,0.0,0.0,,47,Wellington City,Unknown,,,,,0.0,0.0,Urban,0.0,,,Fine,Null,0
67698761,,572900,0.0,,0.0,3.0,,North,2016/2017,WATERLOO QUAY,BUNNY ST,,Minor Crash,No,2017,,South,,0,,Flat,,,,,,Bright sun,2122700,1,0.0,0.0,3.0,,,0.0,,,,,,Wellington Region,Nil,1-way,Sealed,,0.0,0,,50.0,,Null,0.0,0.0,,47,Wellington City,Unknown,,,,,0.0,0.0,Urban,0.0,,,Fine,Null,0
67698763,,573101,0.0,0.0,0.0,1.0,0.0,North,2016/2017,TORY ST,HAINING ST,,Minor Crash,No,2017,0.0,North,0.0,0,0.0,Flat,0.0,,0.0,,0.0,Overcast,2136800,1,0.0,0.0,2.0,0.0,0.0,0.0,0.0,1.0,,0.0,0.0,Wellington Region,Nil,2-way,Sealed,0.0,0.0,0,0.0,50.0,0.0,Null,0.0,0.0,,47,Wellington City,Unknown,0.0,0.0,0.0,0.0,1.0,0.0,Urban,0.0,0.0,0.0,Fine,Null,0
67698790,,572701,0.0,,0.0,2.0,,West,2014/2015,CULLEN PLACE,VICTORY CRESCENT,,Non-Injury Crash,No,2015,,East,,0,,Hill Road,,,,,,Overcast,1994704,0,0.0,0.0,2.0,,,0.0,,,,,,Wellington Region,Nil,2-way,Sealed,,0.0,0,,50.0,,Null,0.0,0.0,,47,Wellington City,Unknown,,,,,0.0,0.0,Urban,0.0,,,Fine,Null,0
67698814,,574402,0.0,0.0,0.0,1.0,0.0,South,2015/2016,OTTAWA ROAD,AWARUA ST,,Non-Injury Crash,No,2015,0.0,North,0.0,0,0.0,Hill Road,0.0,,0.0,,0.0,Overcast,2096300,0,0.0,0.0,2.0,0.0,0.0,0.0,0.0,1.0,,0.0,0.0,Wellington Region,Nil,2-way,Sealed,0.0,0.0,0,0.0,50.0,0.0,Null,1.0,0.0,,47,Wellington City,Unknown,0.0,0.0,0.0,0.0,0.0,0.0,Urban,0.0,0.0,0.0,Fine,Null,0
67698831,,573101,0.0,0.0,0.0,2.0,0.0,South,2016/2017,TARANAKI ST,WIGAN ST,,Non-Injury Crash,No,2017,0.0,North,0.0,0,0.0,Flat,0.0,,0.0,,0.0,Unknown,2134900,0,0.0,0.0,4.0,0.0,0.0,0.0,0.0,1.0,,0.0,0.0,Wellington Region,Nil,2-way,Sealed,0.0,0.0,0,0.0,50.0,0.0,Null,0.0,0.0,,47,Wellington City,Unknown,0.0,0.0,0.0,0.0,0.0,0.0,Urban,0.0,0.0,0.0,Null,Null,0
67698834,,576500,0.0,,0.0,1.0,,North,2015/2016,ADELAIDE ROAD,JOHN ST,,Non-Injury Crash,No,2015,,North,,0,,Flat,,,,,,Bright sun,2148602,0,0.0,0.0,4.0,,,0.0,,,,,,Wellington Region,Nil,2-way,Sealed,,0.0,0,,50.0,,Null,0.0,0.0,,47,Wellington City,Unknown,,,,,0.0,0.0,Urban,1.0,,,Fine,Null,0
67698932,,573101,0.0,,0.0,1.0,,Null,2016/2017,SH 1N,CAMBRIDGE TERRACE,,Non-Injury Crash,Yes,2016,,East,,0,,Flat,,,,,,Bright sun,2136700,0,0.0,0.0,4.0,,,0.0,,,,,,Wellington Region,Nil,1-way,Sealed,,0.0,0,,50.0,,Null,0.0,0.0,,47,Wellington City,Traffic Signals,,,,,1.0,0.0,Urban,0.0,,,Fine,Null,0
67698936,,573903,0.0,,0.0,2.0,,Null,2015/2016,NEWLANDS ROAD,BLACK ROCK ROAD,,Non-Injury Crash,No,2016,,West,,0,,Flat,,,,,,Dark,2074600,0,0.0,0.0,2.0,,,0.0,,,,,,Wellington Region,Nil,2-way,Sealed,,0.0,0,,50.0,,On,0.0,0.0,,47,Wellington City,Give way,,,,,0.0,0.0,Urban,0.0,,,Heavy rain,Strong wind,0
67698942,,573511,0.0,1.0,0.0,1.0,0.0,East,2015/2016,MIDDLETON ROAD,WESTCHESTER DRIVE,,Minor Crash,No,2015,0.0,North,0.0,0,0.0,Flat,0.0,,0.0,,0.0,Dark,2086203,1,0.0,0.0,2.0,0.0,0.0,0.0,0.0,0.0,,0.0,0.0,Wellington Region,Bridge,2-way,Sealed,0.0,0.0,0,0.0,50.0,0.0,None,0.0,0.0,,47,Wellington City,Nil,0.0,0.0,0.0,0.0,0.0,0.0,Urban,0.0,0.0,0.0,Fine,Null,0
67698952,,574001,0.0,0.0,0.0,1.0,0.0,South,2016/2017,KENMORE ST,HOROKIWI ROAD WEST,,Non-Injury Crash,No,2017,0.0,North,0.0,0,0.0,Flat,0.0,,0.0,,0.0,Bright sun,2075200,0,0.0,0.0,2.0,0.0,0.0,0.0,0.0,1.0,,0.0,0.0,Wellington Region,Nil,2-way,Sealed,0.0,0.0,0,0.0,50.0,0.0,Null,0.0,0.0,,47,Wellington City,Unknown,0.0,0.0,0.0,0.0,1.0,0.0,Urban,0.0,0.0,0.0,Fine,Null,0
67698963,,573400,0.0,,0.0,2.0,,North,2016/2017,BROUGHAM ST,MOIR ST,,Non-Injury Crash,No,2017,,South,,0,,Flat,,,,,,Overcast,2142600,0,0.0,0.0,2.0,,,0.0,,,,,,Wellington Region,Nil,2-way,Sealed,,0.0,0,,50.0,,Null,0.0,0.0,,47,Wellington City,Nil,,,,,0.0,0.0,Urban,0.0,,,Fine,Null,0
67698981,,573000,0.0,,0.0,1.0,,Null,2016/2017,HUNTER ST,CUSTOMHOUSE QUAY,,Minor Crash,No,2017,,South,,0,,Flat,,,,,,Bright sun,2125800,2,0.0,0.0,2.0,,,0.0,,,1.0,,,Wellington Region,Nil,1-way,Sealed,,0.0,0,,50.0,,Null,0.0,0.0,,47,Wellington City,Traffic Signals,,,,,0.0,0.0,Urban,0.0,,,Fine,Null,0
67699007,,572600,0.0,0.0,0.0,1.0,0.0,North,2016/2017,MAIN ROAD,VICTORY CRESCENT,,Minor Crash,No,2017,0.0,North,0.0,0,0.0,Flat,0.0,,0.0,,0.0,Overcast,1991800,1,0.0,0.0,2.0,0.0,0.0,0.0,0.0,0.0,,0.0,1.0,Wellington Region,Nil,2-way,Sealed,0.0,0.0,0,0.0,50.0,0.0,Null,0.0,0.0,,47,Wellington City,Nil,0.0,0.0,0.0,0.0,0.0,0.0,Urban,1.0,0.0,0.0,Fine,Null,0
67699008,,577301,0.0,0.0,0.0,2.0,0.0,North,2016/2017,MIRAMAR NORTH ROAD,PARK ROAD,,Non-Injury Crash,No,2017,0.0,South,0.0,0,0.0,Hill Road,0.0,,0.0,,0.0,Overcast,2203400,0,0.0,0.0,2.0,0.0,0.0,0.0,0.0,1.0,,0.0,1.0,Wellington Region,Nil,2-way,Sealed,0.0,0.0,0,0.0,50.0,0.0,Null,0.0,0.0,,47,Wellington City,Unknown,0.0,0.0,0.0,0.0,0.0,0.0,Urban,0.0,0.0,0.0,Null,Strong wind,0
67699017,,576301,1.0,0.0,0.0,1.0,0.0,North,2017/2018,RINTOUL ST,BRIXHAM WAY,,Minor Crash,No,2017,0.0,North,0.0,0,0.0,Flat,0.0,,0.0,,0.0,Overcast,2165400,1,0.0,0.0,2.0,0.0,0.0,0.0,0.0,1.0,,0.0,0.0,Wellington Region,Nil,2-way,Sealed,0.0,0.0,0,0.0,50.0,0.0,Null,0.0,0.0,,47,Wellington City,Unknown,0.0,0.0,0.0,0.0,0.0,0.0,Urban,0.0,0.0,0.0,Fine,Null,0
67699047,,575000,0.0,0.0,0.0,2.0,0.0,South,2017/2018,CROYDON ST,ACCESSWAY,,Non-Injury Crash,No,2017,0.0,North,0.0,0,0.0,Null,0.0,,0.0,,0.0,Bright sun,2113500,0,0.0,0.0,2.0,0.0,0.0,0.0,0.0,1.0,,0.0,0.0,Wellington Region,Nil,2-way,Sealed,0.0,0.0,0,0.0,50.0,0.0,Null,0.0,0.0,,47,Wellington City,Unknown,0.0,0.0,0.0,0.0,0.0,0.0,Urban,0.0,0.0,0.0,Fine,Null,0
67699053,,574302,0.0,0.0,0.0,0.0,0.0,East,2016/2017,HUTT ROAD,RANGIORA AVENUE,,Non-Injury Crash,No,2017,0.0,East,0.0,0,0.0,Flat,1.0,,0.0,,0.0,Overcast,2090604,0,0.0,0.0,4.0,0.0,0.0,0.0,0.0,0.0,,0.0,0.0,Wellington Region,Nil,2-way,Sealed,0.0,0.0,0,0.0,60.0,0.0,Null,0.0,0.0,,47,Wellington City,Unknown,1.0,1.0,0.0,0.0,0.0,0.0,Urban,1.0,0.0,0.0,Mist or Fog,Null,0
67699079,,574002,0.0,0.0,0.0,3.0,0.0,East,2016/2017,SH 1N,SH 2,,Non-Injury Crash,Yes,2016,0.0,West,0.0,0,0.0,Hill Road,0.0,,0.0,,0.0,Overcast,2078302,0,0.0,0.0,2.0,2.0,0.0,0.0,0.0,0.0,,0.0,0.0,Wellington Region,Motorway ramp,1-way,Sealed,0.0,0.0,0,0.0,80.0,0.0,Null,0.0,0.0,,47,Wellington City,Unknown,0.0,0.0,0.0,0.0,1.0,0.0,Open,0.0,0.0,0.0,Fine,Strong wind,0
67699093,,574002,0.0,,0.0,1.0,,North,2016/2017,SH 2,RAILYARD ENTRY,,Non-Injury Crash,Yes,2016,,South,,0,,Flat,,,,,,Bright sun,2078302,0,0.0,0.0,4.0,,,0.0,,,,,,Wellington Region,Nil,2-way,Sealed,,0.0,0,,100.0,,Null,1.0,0.0,,47,Wellington City,Unknown,,,,,0.0,0.0,Open,0.0,,,Fine,Null,0
67699101,,573300,0.0,,0.0,1.0,,West,2016/2017,BIDWILL ST,WALLACE ST,,Non-Injury Crash,No,2017,,East,,0,,Hill Road,,,,,,Overcast,2145100,0,0.0,0.0,2.0,,,0.0,,,,,,Wellington Region,Nil,2-way,Sealed,,0.0,0,,50.0,,On,0.0,0.0,,47,Wellington City,Unknown,,,,,0.0,0.0,Urban,1.0,,,Fine,Null,0
67699103,,574001,0.0,,0.0,4.0,,South,2017/2018,SH 1N,NEWLANDS OBR SBD,,Non-Injury Crash,Yes,2017,,South,,0,,Hill Road,,,,,,Overcast,2077600,0,0.0,0.0,3.0,,,0.0,,,,,,Wellington Region,Nil,1-way,Sealed,,0.0,0,,60.0,,Off,0.0,0.0,,47,Wellington City,Unknown,,,,,0.0,0.0,Urban,1.0,,,Light rain,Null,0
67699229,45.0,576100,0.0,0.0,1.0,1.0,0.0,North,2017/2018,BUCKLEY ROAD,ORCHY CRESCENT,,Non-Injury Crash,No,2017,0.0,South,0.0,0,0.0,Hill Road,0.0,,0.0,,0.0,Dark,2194803,0,0.0,0.0,2.0,0.0,0.0,0.0,0.0,1.0,,0.0,0.0,Wellington Region,Nil,2-way,Sealed,0.0,0.0,0,0.0,50.0,0.0,On,0.0,0.0,,47,Wellington City,Unknown,0.0,0.0,0.0,0.0,0.0,0.0,Urban,0.0,0.0,0.0,Fine,Null,0
67699270,,575300,0.0,,0.0,1.0,,East,2015/2016,SALAMANCA ROAD,KELBURN PARADE,,Minor Crash,No,2016,,South,,0,,Hill Road,,,,,,Bright sun,2155300,1,1.0,0.0,2.0,,,0.0,,,,,,Wellington Region,Nil,2-way,Sealed,,0.0,0,,50.0,,Null,0.0,0.0,,47,Wellington City,Unknown,,,,,0.0,0.0,Urban,0.0,,,Fine,Null,0
67699300,,576001,1.0,,0.0,1.0,,Null,2016/2017,THE PARADE,TAMAR ST,,Minor Crash,No,2017,,North,,0,,Flat,,Easter,,,,Bright sun,2193400,1,0.0,0.0,2.0,,,0.0,,,,,,Wellington Region,Nil,2-way,Sealed,,0.0,0,,50.0,,Null,0.0,0.0,,47,Wellington City,Stop,,,,,0.0,0.0,Urban,0.0,,,Fine,Null,0
67699309,,574001,0.0,0.0,0.0,1.0,0.0,South,2017/2018,NEWLANDS ROAD,STELLA GROVE,,Non-Injury Crash,No,2017,0.0,South,0.0,0,0.0,Hill Road,0.0,,0.0,,0.0,Bright sun,2076100,0,0.0,0.0,2.0,0.0,0.0,0.0,0.0,1.0,,0.0,0.0,Wellington Region,Nil,2-way,Sealed,0.0,0.0,0,0.0,50.0,0.0,Null,0.0,0.0,,47,Wellington City,Unknown,0.0,0.0,0.0,0.0,1.0,0.0,Urban,0.0,0.0,0.0,Fine,Null,0
67699348,,574304,0.0,0.0,0.0,1.0,1.0,North,2015/2016,BURMA ROAD,RANGOON ST,,Non-Injury Crash,No,2015,0.0,East,0.0,0,1.0,Hill Road,0.0,Christmas New Year,0.0,,0.0,Dark,2088800,0,0.0,0.0,2.0,0.0,0.0,0.0,0.0,0.0,,0.0,0.0,Wellington Region,Nil,2-way,Sealed,0.0,0.0,0,0.0,50.0,0.0,On,0.0,0.0,,47,Wellington City,Nil,0.0,0.0,0.0,0.0,0.0,0.0,Urban,0.0,0.0,0.0,Fine,Null,0
67699356,,574100,0.0,0.0,0.0,2.0,0.0,West,2015/2016,KIPLING ST,RUDYARD CRESCENT,,Non-Injury Crash,No,2015,0.0,West,0.0,0,0.0,Flat,0.0,,0.0,,0.0,Bright sun,2085600,0,0.0,0.0,2.0,0.0,0.0,0.0,0.0,1.0,,0.0,0.0,Wellington Region,Nil,2-way,Sealed,0.0,0.0,0,0.0,50.0,0.0,Null,0.0,0.0,,47,Wellington City,Unknown,0.0,0.0,0.0,0.0,0.0,0.0,Urban,0.0,0.0,0.0,Fine,Null,0
67699370,,572900,0.0,,0.0,3.0,,South,2014/2015,SH 1N,TINAKORI OFF NBD,,Non-Injury Crash,Yes,2015,,North,,0,,Flat,,,,,,Twilight,2122000,0,0.0,0.0,3.0,,,0.0,,,,,,Wellington Region,Nil,1-way,Sealed,,0.0,0,,80.0,,Off,0.0,0.0,,47,Wellington City,Unknown,,,,,0.0,0.0,Open,0.0,,,Fine,Null,0
67699431,,573101,0.0,,0.0,2.0,,Null,2017/2018,TARANAKI ST,COURTENAY PLACE,,Non-Injury Crash,No,2018,,South,,0,,Flat,,,,,,Dark,2135600,0,0.0,0.0,4.0,,,0.0,,,,,,Wellington Region,Nil,2-way,Sealed,,0.0,0,,50.0,,None,1.0,0.0,,47,Wellington City,Traffic Signals,,,,,0.0,0.0,Urban,0.0,,,Fine,Null,0
67699438,,573700,0.0,,0.0,2.0,,Null,2015/2016,OHARIU VALLEY ROAD,MCLINTOCK STREET NORTH,,Minor Crash,No,2016,,South,,0,,Hill Road,,Christmas New Year,,,,Overcast,2086709,2,0.0,0.0,2.0,,,0.0,,,,,,Wellington Region,Nil,2-way,Sealed,,0.0,0,,50.0,,Null,0.0,0.0,,47,Wellington City,Give way,,,,,0.0,0.0,Urban,0.0,,,Light rain,Null,0
67699441,,574900,0.0,0.0,1.0,1.0,0.0,West,2017/2018,KARORI ROAD,PARKVALE ROAD,,Non-Injury Crash,No,2017,0.0,West,0.0,0,0.0,Flat,0.0,,0.0,,0.0,Twilight,2109000,0,0.0,0.0,2.0,0.0,0.0,0.0,0.0,0.0,,0.0,0.0,Wellington Region,Nil,2-way,Sealed,0.0,0.0,0,0.0,50.0,0.0,Off,0.0,0.0,,47,Wellington City,Unknown,0.0,0.0,0.0,0.0,0.0,0.0,Urban,0.0,1.0,0.0,Fine,Null,0
67699461,,572900,0.0,,1.0,2.0,,North,2018/2019,01N-1068-D,HOBSON ST OBR NBD,,Minor Crash,Yes,2019,,North,,0,,Flat,,,,,,Bright sun,2118500,1,0.0,0.0,6.0,,,0.0,,,,,,Wellington Region,Nil,2-way,Sealed,,0.0,0,,100.0,,Off,0.0,0.0,,47,Wellington City,Unknown,,,,,0.0,0.0,Open,0.0,,,Fine,Null,0
67699477,,573101,0.0,0.0,0.0,2.0,0.0,South,2017/2018,WILLIS ST,BOULCOTT ST,,Non-Injury Crash,No,2018,0.0,South,0.0,0,0.0,Flat,0.0,Easter,0.0,,0.0,Bright sun,2131300,0,0.0,0.0,2.0,0.0,0.0,0.0,0.0,1.0,,0.0,0.0,Wellington Region,Nil,2-way,Sealed,0.0,0.0,0,0.0,30.0,0.0,Null,0.0,0.0,,47,Wellington City,Unknown,0.0,0.0,0.0,0.0,0.0,0.0,Urban,0.0,0.0,0.0,Fine,Null,0
67699509,,573101,0.0,,0.0,1.0,,Null,2017/2018,COURTENAY PLACE,CAMBRIDGE TERRACE,,Non-Injury Crash,No,2018,,East,,0,,Flat,,,,,,Bright sun,2135700,0,0.0,0.0,1.0,,,0.0,,,,,,Wellington Region,Nil,1-way,Sealed,,0.0,0,,30.0,,Null,0.0,0.0,,47,Wellington City,Traffic Signals,,,,,0.0,0.0,Urban,1.0,,,Fine,Null,0
67699537,,577500,0.0,0.0,0.0,2.0,0.0,East,2017/2018,BURNHAM ST,FALKIRK AVENUE,,Non-Injury Crash,No,2018,0.0,West,0.0,0,0.0,Flat,0.0,,0.0,,0.0,Dark,2211400,0,0.0,0.0,2.0,0.0,0.0,0.0,0.0,1.0,,0.0,0.0,Wellington Region,Nil,2-way,Sealed,0.0,0.0,0,0.0,50.0,0.0,On,0.0,0.0,,47,Wellington City,Unknown,0.0,0.0,0.0,0.0,0.0,0.0,Urban,0.0,0.0,0.0,Fine,Null,0
67699540,,573000,0.0,,0.0,1.0,,Null,2015/2016,SH 1N,WILLIS ST,,Minor Crash,Yes,2016,,East,,0,,Flat,,,,,,Bright sun,2129700,1,0.0,0.0,4.0,,,0.0,,,1.0,,,Wellington Region,Nil,1-way,Sealed,,0.0,0,,50.0,,Null,0.0,0.0,,47,Wellington City,Traffic Signals,,,,,0.0,0.0,Urban,0.0,,,Fine,Null,0
67699589,,573700,0.0,,0.0,1.0,,Null,2018/2019,MOOREFIELD ROAD,JOHNSONVILLE ON NBD,,Minor Crash,No,2018,,South,,0,,Flat,,,,,,Overcast,2082300,1,0.0,0.0,2.0,,,0.0,,,,,,Wellington Region,Nil,2-way,Sealed,,0.0,0,,50.0,,Null,0.0,1.0,,47,Wellington City,Give way,,,,,0.0,0.0,Urban,1.0,,,Fine,Strong wind,0
67699630,,574002,1.0,0.0,0.0,0.0,0.0,West,2015/2016,Z TRACK,GLOVER ST,,Serious Crash,No,2016,0.0,West,0.0,0,0.0,Hill Road,1.0,,0.0,,0.0,Overcast,2078304,0,0.0,0.0,,0.0,0.0,0.0,0.0,0.0,,0.0,0.0,Wellington Region,Nil,Off road,Unsealed,0.0,0.0,1,0.0,100.0,0.0,Null,0.0,0.0,60.0,47,Wellington City,Unknown,0.0,0.0,0.0,0.0,0.0,0.0,Open,0.0,0.0,0.0,Fine,Null,0
67699654,,573300,0.0,,0.0,2.0,,Null,2015/2016,ARLINGTON ST,TORRENS TERRACE,,Non-Injury Crash,No,2015,,East,,0,,Flat,,,,,,Bright sun,2144400,0,0.0,0.0,2.0,,,0.0,,,,,,Wellington Region,Nil,2-way,Sealed,,0.0,0,,50.0,,Null,0.0,0.0,,47,Wellington City,Nil,,,,,0.0,0.0,Urban,0.0,,,Fine,Null,0
67699685,,573000,0.0,0.0,0.0,2.0,0.0,South,2017/2018,BOULCOTT ST,PLIMMERS STEPS,,Non-Injury Crash,No,2017,0.0,South,0.0,0,0.0,Hill Road,0.0,,0.0,,0.0,Bright sun,2127200,0,0.0,0.0,2.0,0.0,0.0,0.0,0.0,0.0,,0.0,0.0,Wellington Region,Nil,2-way,Sealed,0.0,0.0,0,0.0,50.0,0.0,Null,0.0,1.0,,47,Wellington City,Unknown,0.0,0.0,0.0,0.0,0.0,0.0,Urban,0.0,1.0,0.0,Null,Null,0
67699701,,573802,0.0,,0.0,2.0,,South,2018/2019,SH 1N,HELSTON OBR,,Minor Crash,Yes,2018,,South,,0,,Flat,,,,,,Dark,2078500,1,0.0,1.0,4.0,,,0.0,,,,,,Wellington Region,Nil,2-way,Sealed,,0.0,0,,80.0,,On,0.0,0.0,,47,Wellington City,Unknown,,,,,0.0,0.0,Open,1.0,,,Fine,Null,0
67699713,,573522,0.0,0.0,0.0,2.0,0.0,North,2017/2018,JAMAICA DRIVE,CALYPSO ST,,Non-Injury Crash,No,2018,0.0,South,0.0,0,0.0,Flat,0.0,,0.0,,0.0,Bright sun,2086103,0,0.0,0.0,1.0,0.0,0.0,0.0,0.0,1.0,,0.0,0.0,Wellington Region,Nil,1-way,Sealed,0.0,0.0,0,0.0,50.0,0.0,Null,0.0,0.0,,47,Wellington City,Unknown,0.0,0.0,0.0,0.0,0.0,0.0,Urban,0.0,0.0,0.0,Fine,Null,0
67699724,,576901,0.0,0.0,0.0,3.0,0.0,North,2015/2016,TACY ST,KEMP ST,,Non-Injury Crash,No,2016,0.0,West,0.0,0,0.0,Flat,0.0,,0.0,,0.0,Overcast,2176800,0,0.0,0.0,2.0,0.0,0.0,0.0,0.0,1.0,,0.0,0.0,Wellington Region,Nil,2-way,Sealed,0.0,0.0,0,0.0,50.0,0.0,Null,0.0,0.0,,47,Wellington City,Unknown,0.0,0.0,0.0,0.0,0.0,0.0,Urban,0.0,0.0,0.0,Light rain,Null,0
67699735,,576901,0.0,,0.0,1.0,,North,2018/2019,TACY ST,KEMP ST,,Minor Crash,No,2018,,North,,0,,Flat,,,,,,Bright sun,2177800,1,1.0,0.0,2.0,,,0.0,,,,,,Wellington Region,Nil,2-way,Sealed,,0.0,0,,50.0,,Null,0.0,0.0,,47,Wellington City,Unknown,,,,,0.0,0.0,Urban,0.0,,,Fine,Null,0
67699825,,576301,0.0,0.0,0.0,1.0,0.0,South,2017/2018,RUSSELL TERRACE,MANSFIELD ST,,Non-Injury Crash,No,2017,0.0,North,0.0,0,0.0,Hill Road,0.0,,0.0,,0.0,Bright sun,2165900,0,0.0,0.0,2.0,0.0,0.0,0.0,0.0,1.0,,0.0,0.0,Wellington Region,Nil,2-way,Sealed,0.0,0.0,0,0.0,50.0,0.0,Null,0.0,0.0,,47,Wellington City,Unknown,0.0,0.0,0.0,0.0,1.0,0.0,Urban,0.0,0.0,0.0,Fine,Strong wind,0
67699837,,574800,0.0,,0.0,2.0,,Null,2017/2018,KARORI ROAD,READING ST,,Non-Injury Crash,No,2017,,East,,0,,Flat,,,,,,Twilight,2107700,0,0.0,0.0,2.0,,,0.0,,,,,,Wellington Region,Nil,2-way,Sealed,,0.0,0,,50.0,,On,0.0,0.0,,47,Wellington City,Give way,,,,,0.0,0.0,Urban,0.0,,,Fine,Null,0
67699841,,576400,0.0,,0.0,2.0,,North,2016/2017,RIDDIFORD ST,RINTOUL ST,,Non-Injury Crash,No,2017,,North,,0,,Flat,,,,,,Bright sun,2166900,0,0.0,0.0,4.0,,,0.0,,,,,,Wellington Region,Nil,2-way,Sealed,,0.0,0,,40.0,,Null,0.0,0.0,,47,Wellington City,Unknown,,,,,0.0,0.0,Urban,0.0,,,Fine,Null,0
67699866,,576400,0.0,0.0,0.0,1.0,0.0,South,2015/2016,OWEN ST,CONSTABLE ST,,Non-Injury Crash,No,2015,0.0,South,0.0,0,0.0,Flat,0.0,,0.0,,0.0,Dark,2169101,0,0.0,0.0,2.0,0.0,0.0,0.0,0.0,1.0,,0.0,0.0,Wellington Region,Nil,2-way,Sealed,0.0,0.0,0,0.0,50.0,0.0,On,1.0,0.0,,47,Wellington City,Traffic Signals,0.0,0.0,0.0,0.0,0.0,0.0,Urban,1.0,0.0,0.0,Fine,Null,0
67699877,,574500,0.0,,0.0,1.0,,North,2017/2018,SH 1N,AOTEA ON NBD,,Non-Injury Crash,Yes,2017,,North,,0,,Flat,,,,,,Bright sun,2093600,0,0.0,1.0,4.0,,,0.0,,,,,,Wellington Region,Nil,1-way,Sealed,,0.0,0,,100.0,,Null,0.0,0.0,,47,Wellington City,Nil,,,,,0.0,0.0,Open,0.0,,,Fine,Null,0
67699892,,572701,0.0,,0.0,1.0,,South,2017/2018,MAIN ROAD,FYVIE AVENUE,,Minor Crash,No,2017,,North,,0,,Flat,,,,,,Dark,1994500,1,0.0,0.0,2.0,,,0.0,,,,,,Wellington Region,Nil,2-way,Sealed,,0.0,0,,50.0,,On,0.0,0.0,,47,Wellington City,Unknown,,,,,0.0,0.0,Urban,1.0,,,Fine,Null,0
67699911,,576903,0.0,0.0,0.0,1.0,0.0,South,2017/2018,KILBIRNIE CRESCENT,DUNCAN TERRACE,,Non-Injury Crash,No,2018,0.0,South,0.0,0,0.0,Flat,0.0,,0.0,,0.0,Twilight,2179101,0,0.0,0.0,2.0,0.0,0.0,0.0,0.0,0.0,,0.0,0.0,Wellington Region,Nil,2-way,Sealed,0.0,0.0,0,0.0,50.0,0.0,On,0.0,0.0,,47,Wellington City,Unknown,1.0,1.0,0.0,0.0,0.0,0.0,Urban,0.0,0.0,0.0,Fine,Null,0
67699919,,577000,1.0,,0.0,1.0,,Null,2017/2018,LYALL PARADE,RUA ST,,Serious Crash,No,2018,,North,,0,,Flat,,Easter,,,,Bright sun,2174500,0,0.0,0.0,2.0,,,0.0,,,,,,Wellington Region,Nil,2-way,Sealed,,0.0,1,,50.0,,Null,0.0,0.0,,47,Wellington City,Give way,,,,,0.0,0.0,Urban,0.0,,,Fine,Null,0
67699923,,573000,0.0,,1.0,0.0,,Null,2017/2018,LAMBTON QUAY,GREY ST,,Serious Crash,No,2018,,South,,0,,Flat,,,,,,Bright sun,2126200,0,0.0,0.0,2.0,,,0.0,,,1.0,,,Wellington Region,Nil,2-way,Sealed,,0.0,1,,30.0,,Null,0.0,0.0,,47,Wellington City,Nil,,,,,0.0,0.0,Urban,0.0,,,Fine,Null,0
67699969,,573903,0.0,0.0,0.0,2.0,0.0,North,2017/2018,STEWART DRIVE,TED GILBERD PLACE,,Non-Injury Crash,No,2018,0.0,West,0.0,0,0.0,Hill Road,0.0,,0.0,,0.0,Overcast,2074302,0,0.0,0.0,2.0,0.0,0.0,0.0,0.0,1.0,,0.0,0.0,Wellington Region,Nil,2-way,Sealed,0.0,0.0,0,0.0,50.0,0.0,Null,0.0,0.0,,47,Wellington City,Unknown,0.0,0.0,0.0,0.0,0.0,0.0,Urban,0.0,0.0,0.0,Snow,Null,0
67700078,,573000,0.0,,0.0,2.0,,South,2015/2016,SH 1N,SOUTH PORTAL,,Non-Injury Crash,Yes,2015,,South,,0,,Flat,,,,,,Overcast,2130600,0,0.0,0.0,4.0,,,0.0,,,,,,Wellington Region,Nil,1-way,Sealed,,0.0,0,,100.0,,Null,0.0,0.0,,47,Wellington City,Nil,,,,,0.0,0.0,Open,0.0,,,Fine,Null,0
67700080,,574302,0.0,,0.0,0.0,,North,2015/2016,SH 1N,AOTEA ON NBD,,Non-Injury Crash,Yes,2016,,North,,0,,Flat,,,,,,Bright sun,2090601,0,0.0,1.0,3.0,,,0.0,,,,,,Wellington Region,Nil,1-way,Sealed,,0.0,0,,70.0,,Null,1.0,0.0,,47,Wellington City,Unknown,,,,,0.0,0.0,Urban,0.0,,,Fine,Null,0