OBJECTID,advisorySpeed,areaUnitID,bicycle,bridge,bus,carStationWagon,cliffBank,crashDirectionDescription,crashFinancialYear,crashLocation1,crashLocation2,crashRoadSideRoad,crashSeverity,crashSHDescription,crashYear,debris,directionRoleDescription,ditch,fatalCount,fence,flatHill,guardRail,holiday,houseOrBuilding,intersection,kerb,light,meshblockId,minorInjuryCount,moped,motorcycle,NumberOfLanes,objectThrownOrDropped,otherObject,otherVehicleType,overBank,parkedVehicle,pedestrian,phoneBoxEtc,postOrPole,region,roadCharacter,roadLane,roadSurface,roadworks,schoolBus,seriousInjuryCount,slipOrFlood,speedLimit,strayAnimal,streetLight,suv,taxi,temporarySpeedLimit,tlaId,tlaName,trafficControl,trafficIsland,trafficSign,train,tree,truck,unknownVehicleType,urban,vanOrUtility,vehicle,waterRiver,weatherA,weatherB,if_pandemic
67700107,,574302,0.0,0.0,0.0,2.0,0.0,West,2017/2018,CALCUTTA ST,WARU ST,,Non-Injury Crash,No,2018,0.0,West,0.0,0,0.0,Hill Road,0.0,,0.0,,0.0,Bright sun,2092900,0,0.0,0.0,2.0,0.0,0.0,0.0,0.0,1.0,,0.0,0.0,Wellington Region,Nil,2-way,Sealed,0.0,0.0,0,0.0,50.0,0.0,Null,0.0,0.0,,47,Wellington City,Unknown,0.0,0.0,0.0,0.0,0.0,0.0,Urban,0.0,0.0,0.0,Fine,Null,0
67700151,,573700,0.0,0.0,0.0,2.0,0.0,Null,2017/2018,MOOREFIELD ROAD,JOHNSONVILLE ON NBD,,Non-Injury Crash,No,2017,0.0,East,0.0,0,0.0,Flat,0.0,,0.0,,0.0,Bright sun,2082300,0,0.0,0.0,2.0,0.0,0.0,0.0,0.0,0.0,,0.0,0.0,Wellington Region,Nil,1-way,Sealed,0.0,0.0,0,0.0,50.0,0.0,Null,0.0,0.0,,47,Wellington City,Give way,0.0,1.0,0.0,0.0,0.0,0.0,Urban,0.0,0.0,0.0,Fine,Null,0
67700158,,576301,0.0,,0.0,2.0,,East,2015/2016,JOHN ST,HANSON ST,,Non-Injury Crash,No,2015,,East,,0,,Hill Road,,,,,,Overcast,2163400,0,0.0,0.0,4.0,,,0.0,,,,,,Wellington Region,Nil,2-way,Sealed,,0.0,0,,50.0,,Off,0.0,0.0,,47,Wellington City,Traffic Signals,,,,,0.0,0.0,Urban,0.0,,,Fine,Null,0
67700169,25.0,576302,1.0,,0.0,0.0,,West,2017/2018,MOUNT ALBERT ROAD,VOLGA ST,,Serious Crash,No,2018,,North,,0,,Hill Road,,,,,,Bright sun,2166000,0,0.0,0.0,2.0,,,0.0,,,,,,Wellington Region,Nil,2-way,Sealed,,0.0,1,,50.0,,Null,0.0,0.0,,47,Wellington City,Unknown,,,,,0.0,0.0,Urban,0.0,,,Fine,Null,0
67700171,,577200,0.0,0.0,0.0,1.0,0.0,East,2017/2018,BROADWAY,CRAWFORD GREEN E,,Minor Crash,No,2018,0.0,East,0.0,0,0.0,Flat,0.0,Easter,0.0,,0.0,Twilight,2209000,1,0.0,0.0,2.0,0.0,0.0,0.0,0.0,1.0,1.0,0.0,0.0,Wellington Region,Nil,2-way,Sealed,0.0,0.0,0,0.0,50.0,0.0,Off,0.0,0.0,,47,Wellington City,Unknown,0.0,0.0,0.0,0.0,0.0,0.0,Urban,1.0,0.0,0.0,Fine,Null,0
67700197,,576200,0.0,0.0,0.0,3.0,0.0,South,2018/2019,ADELAIDE ROAD,DUPPA ST,,Minor Crash,No,2018,0.0,North,0.0,0,0.0,Hill Road,0.0,,0.0,,0.0,Overcast,2172700,2,0.0,0.0,2.0,0.0,0.0,0.0,0.0,2.0,,0.0,0.0,Wellington Region,Nil,2-way,Sealed,0.0,0.0,0,0.0,50.0,0.0,Null,0.0,0.0,,47,Wellington City,Unknown,0.0,0.0,0.0,0.0,0.0,0.0,Urban,1.0,0.0,0.0,Fine,Null,0
67700203,,574002,0.0,,0.0,1.0,,North,2017/2018,CENTENNIAL SBD,CENTENNIAL SLIP ROAD,,Non-Injury Crash,Yes,2018,,South,,0,,Hill Road,,,,,,Bright sun,2078302,0,0.0,0.0,5.0,,,0.0,,,,,,Wellington Region,Nil,2-way,Sealed,,0.0,0,,80.0,,Null,0.0,0.0,,47,Wellington City,Unknown,,,,,1.0,0.0,Open,0.0,,,Fine,Null,0
67700243,,573101,0.0,,0.0,1.0,,Null,2016/2017,SH 1N,CUBA ST,,Non-Injury Crash,Yes,2017,,West,,0,,Flat,,,,,,Dark,2132600,0,0.0,0.0,3.0,,,0.0,,,,,,Wellington Region,Nil,1-way,Sealed,,0.0,0,,50.0,,On,1.0,0.0,,47,Wellington City,Traffic Signals,,,,,0.0,0.0,Urban,0.0,,,Fine,Null,0
67700287,,573000,1.0,,1.0,0.0,,Null,2017/2018,WILLIS ST,MANNERS ST,,Minor Crash,No,2018,,South,,0,,Flat,,,,,,Bright sun,2128400,1,0.0,0.0,3.0,,,0.0,,,,,,Wellington Region,Nil,2-way,Sealed,,0.0,0,,30.0,,Null,0.0,0.0,,47,Wellington City,Traffic Signals,,,,,0.0,0.0,Urban,0.0,,,Fine,Null,0
67700308,,573101,0.0,,0.0,1.0,,Null,2016/2017,SH 1N,VICTORIA ST,,Non-Injury Crash,Yes,2016,,East,,0,,Flat,,,,,,Overcast,2131600,0,0.0,1.0,2.0,,,0.0,,,,,,Wellington Region,Nil,1-way,Sealed,,0.0,0,,50.0,,Null,0.0,0.0,,47,Wellington City,Traffic Signals,,,,,0.0,0.0,Urban,0.0,,,Light rain,Null,0
67700344,,573101,0.0,,0.0,1.0,,Null,2016/2017,SH 1N,VICTORIA ST,,Serious Crash,Yes,2016,,North,,0,,Flat,,,,,,Overcast,2132400,0,0.0,0.0,3.0,,,0.0,,,,,,Wellington Region,Nil,1-way,Sealed,,0.0,1,,50.0,,Null,1.0,0.0,,47,Wellington City,Traffic Signals,,,,,0.0,0.0,Urban,0.0,,,Fine,Null,0
67700401,,573523,0.0,,0.0,2.0,,North,2018/2019,SH 1N,CHURTON PARK ON SBD,,Serious Crash,Yes,2018,,South,,0,,Flat,,,,,,Overcast,2086310,0,0.0,0.0,6.0,,,0.0,,,,,,Wellington Region,Nil,2-way,Sealed,,0.0,1,,100.0,,Null,0.0,0.0,,47,Wellington City,Nil,,,,,0.0,0.0,Open,0.0,,,Null,Strong wind,0
67700422,,575500,0.0,0.0,0.0,1.0,0.0,South,2014/2015,HOLLOWAY ROAD,ARO ST,,Non-Injury Crash,No,2015,0.0,North,0.0,0,0.0,Flat,0.0,,0.0,,0.0,Unknown,2156500,0,0.0,0.0,2.0,0.0,0.0,0.0,0.0,1.0,,0.0,0.0,Wellington Region,Nil,2-way,Sealed,0.0,0.0,0,0.0,50.0,0.0,Off,0.0,0.0,,47,Wellington City,Nil,0.0,0.0,0.0,0.0,0.0,0.0,Urban,1.0,0.0,0.0,Null,Null,0
67700462,,574702,0.0,,0.0,2.0,,South,2015/2016,CHESHIRE ST,WORCESTER ST,,Non-Injury Crash,No,2015,,South,,0,,Hill Road,,,,,,Bright sun,2102700,0,0.0,0.0,2.0,,,0.0,,,,,,Wellington Region,Nil,2-way,Sealed,,0.0,0,,50.0,,Null,0.0,0.0,,47,Wellington City,Unknown,,,,,0.0,0.0,Urban,0.0,,,Fine,Null,0
67700465,,573101,0.0,,0.0,2.0,,Null,2017/2018,VICTORIA ST,GHUZNEE ST,,Non-Injury Crash,No,2018,,South,,0,,Flat,,,,,,Dark,2131700,0,0.0,0.0,3.0,,,0.0,,,,,,Wellington Region,Nil,2-way,Sealed,,0.0,0,,50.0,,On,0.0,0.0,,47,Wellington City,Traffic Signals,,,,,0.0,0.0,Urban,0.0,,,Fine,Null,0
67700486,,573802,0.0,,0.0,0.0,,South,2015/2016,SH 1N,NEWLANDS OFF SBD,,Serious Crash,Yes,2016,,South,,0,,Hill Road,,,,,,Bright sun,2078701,0,0.0,1.0,6.0,,,0.0,,,,,,Wellington Region,Nil,2-way,Sealed,,0.0,1,,80.0,,Null,1.0,0.0,,47,Wellington City,Unknown,,,,,1.0,0.0,Open,0.0,,,Fine,Null,0
67700494,,573000,0.0,,0.0,1.0,,Null,2014/2015,FEATHERSTON ST,WHITMORE ST,,Non-Injury Crash,No,2015,,South,,0,,Flat,,,,,,Bright sun,2123800,0,0.0,0.0,5.0,,,0.0,,,,,,Wellington Region,Nil,2-way,Sealed,,0.0,0,,50.0,,Null,1.0,0.0,,47,Wellington City,Traffic Signals,,,,,0.0,0.0,Urban,0.0,,,Fine,Null,0
67700543,,574402,0.0,0.0,0.0,1.0,0.0,Null,2017/2018,KENYA ST,NGAIO GORGE ROAD,,Non-Injury Crash,No,2018,0.0,North,0.0,0,0.0,Hill Road,0.0,,0.0,,0.0,Dark,2098200,0,0.0,0.0,2.0,0.0,0.0,0.0,0.0,0.0,,0.0,0.0,Wellington Region,Nil,2-way,Sealed,0.0,0.0,0,0.0,50.0,0.0,On,0.0,0.0,,47,Wellington City,Stop,0.0,0.0,0.0,1.0,0.0,0.0,Urban,0.0,0.0,0.0,Light rain,Null,0
67700587,,576400,0.0,,0.0,3.0,,East,2017/2018,CONSTABLE ST,HIROPI ST,,Non-Injury Crash,No,2017,,West,,0,,Hill Road,,,,,,Overcast,2169800,0,0.0,0.0,2.0,,,0.0,,,,,,Wellington Region,Nil,2-way,Sealed,,0.0,0,,50.0,,Null,0.0,0.0,,47,Wellington City,Unknown,,,,,0.0,0.0,Urban,0.0,,,Light rain,Null,0
67700617,,576400,0.0,0.0,0.0,2.0,0.0,West,2016/2017,CONSTABLE ST,OWEN ST,,Non-Injury Crash,No,2017,0.0,East,0.0,0,0.0,Hill Road,0.0,,0.0,,0.0,Dark,2169101,0,0.0,0.0,2.0,0.0,0.0,0.0,0.0,1.0,,0.0,0.0,Wellington Region,Nil,2-way,Sealed,0.0,0.0,0,0.0,50.0,0.0,On,0.0,0.0,,47,Wellington City,Unknown,0.0,0.0,0.0,0.0,0.0,0.0,Urban,0.0,0.0,0.0,Light rain,Strong wind,0
67700618,,573300,0.0,0.0,0.0,2.0,0.0,West,2014/2015,BIDWILL ST,WALLACE ST,,Non-Injury Crash,No,2015,0.0,West,0.0,0,1.0,Hill Road,0.0,,1.0,,0.0,Bright sun,2145100,0,0.0,0.0,2.0,0.0,0.0,0.0,0.0,1.0,,0.0,0.0,Wellington Region,Nil,2-way,Sealed,0.0,0.0,0,0.0,50.0,0.0,Null,0.0,0.0,,47,Wellington City,Nil,0.0,0.0,0.0,0.0,0.0,0.0,Urban,0.0,0.0,0.0,Fine,Null,0
67700626,,573200,0.0,0.0,0.0,0.0,0.0,North,2014/2015,OHIRO ROAD,TANERA CRESCENT N,,Non-Injury Crash,No,2015,0.0,South,0.0,0,0.0,Hill Road,0.0,,0.0,,0.0,Dark,2158700,0,0.0,0.0,2.0,0.0,0.0,0.0,0.0,0.0,,0.0,1.0,Wellington Region,Nil,2-way,Sealed,0.0,0.0,0,0.0,50.0,0.0,On,1.0,0.0,,47,Wellington City,Nil,0.0,0.0,0.0,0.0,0.0,0.0,Urban,0.0,0.0,0.0,Fine,Null,0
67700681,,573000,1.0,0.0,0.0,1.0,0.0,South,2017/2018,FEATHERSTON ST,BALLANCE ST,,Minor Crash,No,2018,0.0,South,0.0,0,0.0,Flat,0.0,,0.0,,0.0,Bright sun,2125200,1,0.0,0.0,2.0,0.0,0.0,0.0,0.0,1.0,,0.0,0.0,Wellington Region,Nil,1-way,Sealed,0.0,0.0,0,0.0,50.0,0.0,Null,0.0,1.0,,47,Wellington City,Unknown,0.0,0.0,0.0,0.0,0.0,0.0,Urban,0.0,0.0,0.0,Fine,Null,0
67700683,,577000,0.0,0.0,0.0,2.0,0.0,Null,2017/2018,TIRANGI ROAD,KINGSFORD SMITH ST,,Non-Injury Crash,No,2018,0.0,South,0.0,0,0.0,Flat,0.0,,0.0,,0.0,Dark,2175502,0,0.0,0.0,2.0,0.0,0.0,0.0,0.0,1.0,,0.0,0.0,Wellington Region,Nil,2-way,Sealed,0.0,0.0,0,0.0,50.0,0.0,On,0.0,0.0,,47,Wellington City,Give way,0.0,0.0,0.0,0.0,0.0,0.0,Urban,0.0,0.0,0.0,Light rain,Null,0
67700715,,577000,0.0,0.0,0.0,1.0,0.0,Null,2017/2018,SH 1N,COBHAM DRIVE,,Non-Injury Crash,Yes,2017,0.0,East,0.0,0,0.0,Flat,0.0,,0.0,,0.0,Bright sun,2175700,0,0.0,0.0,2.0,0.0,0.0,0.0,0.0,0.0,,0.0,1.0,Wellington Region,Nil,2-way,Sealed,0.0,0.0,0,0.0,70.0,0.0,Null,0.0,0.0,,47,Wellington City,Give way,0.0,1.0,0.0,0.0,0.0,0.0,Urban,0.0,0.0,0.0,Fine,Null,0
67700724,,573000,0.0,,0.0,0.0,,North,2016/2017,SH 1N KARO DRIVE,ABEL SMITH ST,,Minor Crash,Yes,2016,,North,,0,,Flat,,,,,,Dark,2130100,1,0.0,0.0,2.0,,,0.0,,,1.0,,,Wellington Region,Nil,1-way,Sealed,,0.0,0,,50.0,,On,1.0,0.0,,47,Wellington City,Unknown,,,,,0.0,0.0,Urban,0.0,,,Light rain,Null,0
67700726,,573101,0.0,,0.0,2.0,,Null,2014/2015,WAKEFIELD ST,TARANAKI ST,,Non-Injury Crash,No,2015,,West,,0,,Flat,,,,,,Overcast,2133200,0,0.0,0.0,4.0,,,0.0,,,,,,Wellington Region,Nil,1-way,Sealed,,0.0,0,,50.0,,Off,0.0,0.0,,47,Wellington City,Traffic Signals,,,,,0.0,0.0,Urban,0.0,,,Fine,Null,0
67700727,,573300,0.0,,0.0,2.0,,South,2018/2019,TARANAKI ST,WEBB ST,,Minor Crash,No,2018,,North,,0,,Flat,,,,,,Bright sun,2145300,1,0.0,1.0,4.0,,,0.0,,,,,,Wellington Region,Nil,2-way,Sealed,,0.0,0,,50.0,,None,0.0,0.0,,47,Wellington City,Traffic Signals,,,,,0.0,0.0,Urban,0.0,,,Fine,Null,0
67700785,,574100,0.0,,0.0,1.0,,South,2018/2019,BURMA ROAD,HAUMIA ST,,Minor Crash,No,2018,,South,,0,,Flat,,,,,,Twilight,2085303,1,0.0,0.0,2.0,,,0.0,,,,,,Wellington Region,Nil,2-way,Sealed,,0.0,0,,50.0,,Off,0.0,0.0,,47,Wellington City,Unknown,,,,,1.0,0.0,Urban,0.0,,,Fine,Strong wind,0
67700787,,573700,0.0,,0.0,2.0,,North,2017/2018,CORTINA AVENUE,NEVILLE ST,,Non-Injury Crash,No,2018,,South,,0,,Flat,,,,,,Bright sun,2082002,0,0.0,0.0,2.0,,,0.0,,,,,,Wellington Region,Nil,2-way,Sealed,,0.0,0,,50.0,,Null,0.0,0.0,,47,Wellington City,Nil,,,,,0.0,0.0,Urban,0.0,,,Fine,Null,0
67700813,,573101,0.0,,0.0,1.0,,Null,2017/2018,KENT TERRACE,VIVIAN ST,,Non-Injury Crash,Yes,2018,,South,,0,,Flat,,,,,,Bright sun,2136700,0,0.0,1.0,2.0,,,0.0,,,,,,Wellington Region,Nil,2-way,Sealed,,0.0,0,,50.0,,Null,0.0,0.0,,47,Wellington City,Traffic Signals,,,,,0.0,0.0,Urban,0.0,,,Fine,Null,0
67700822,,573700,0.0,,0.0,1.0,,Null,2015/2016,JOHNSONVILLE ROAD,MOOREFIELD ROAD,,Non-Injury Crash,No,2015,,North,,0,,Null,,,,,,Overcast,2082800,0,0.0,0.0,1.0,,,0.0,,,,,,Wellington Region,Motorway ramp,1-way,Sealed,,0.0,0,,50.0,,Null,0.0,0.0,,47,Wellington City,Give way,,,,,1.0,0.0,Urban,0.0,,,Fine,Null,0
67700866,,577000,0.0,,0.0,1.0,,Null,2014/2015,ONEPU ROAD,APU CRESCENT S,,Minor Crash,No,2015,,South,,0,,Flat,,,,,,Bright sun,2175200,1,0.0,1.0,2.0,,,0.0,,,,,,Wellington Region,Nil,2-way,Sealed,,0.0,0,,50.0,,Off,0.0,0.0,,47,Wellington City,Give way,,,,,0.0,0.0,Urban,0.0,,,Fine,Null,0
67700879,,573101,1.0,,0.0,0.0,,Null,2017/2018,TARANAKI ST,WAKEFIELD ST,,Non-Injury Crash,No,2018,,North,,0,,Flat,,,,,,Overcast,2133200,0,0.0,0.0,3.0,,,0.0,,,,,,Wellington Region,Nil,2-way,Sealed,,0.0,0,,50.0,,Null,0.0,0.0,,47,Wellington City,Traffic Signals,,,,,0.0,0.0,Urban,1.0,,,Fine,Null,0
67700947,,572900,0.0,0.0,0.0,1.0,0.0,North,2017/2018,HUTT ROAD,SAR ST,,Minor Crash,No,2018,0.0,North,0.0,0,0.0,Flat,1.0,,0.0,,0.0,Overcast,2118400,1,0.0,0.0,6.0,0.0,0.0,0.0,0.0,0.0,,0.0,0.0,Wellington Region,Nil,2-way,Sealed,0.0,0.0,0,1.0,100.0,0.0,Null,0.0,0.0,,47,Wellington City,Unknown,0.0,0.0,0.0,0.0,0.0,0.0,Open,0.0,0.0,0.0,Heavy rain,Null,0
67700992,,576301,0.0,,0.0,1.0,,Null,2016/2017,JOHN ST,HANSON ST,,Non-Injury Crash,No,2016,,East,,0,,Hill Road,,,,,,Dark,2163300,0,0.0,0.0,3.0,,,0.0,,,,,,Wellington Region,Nil,2-way,Sealed,,0.0,0,,50.0,,On,0.0,0.0,,47,Wellington City,Traffic Signals,,,,,0.0,0.0,Urban,1.0,,,Fine,Null,0
67700995,,573000,0.0,,0.0,1.0,,North,2017/2018,SH 1N,NORTH PORTAL NBD,,Non-Injury Crash,Yes,2018,,North,,0,,Flat,,,,,,Dark,2126700,0,0.0,0.0,2.0,,,0.0,,,,,,Wellington Region,Nil,1-way,Sealed,,0.0,0,,100.0,,On,0.0,0.0,,47,Wellington City,Unknown,,,,,0.0,0.0,Open,1.0,,,Fine,Null,0
67701008,,573101,0.0,,0.0,1.0,,North,2016/2017,KENT TERRACE,HOME ST,,Non-Injury Crash,No,2016,,South,,0,,Flat,,,,,,Bright sun,2136200,0,0.0,0.0,3.0,,,0.0,,,,,,Wellington Region,Nil,1-way,Sealed,,0.0,0,,50.0,,Null,0.0,0.0,,47,Wellington City,Unknown,,,,,1.0,0.0,Urban,0.0,,,Fine,Null,0
67701063,,575200,0.0,0.0,0.0,2.0,0.0,East,2017/2018,GARDEN ROAD,CRIEFF ST,,Non-Injury Crash,No,2017,0.0,West,0.0,0,0.0,Hill Road,0.0,,0.0,,0.0,Bright sun,2150300,0,0.0,0.0,2.0,0.0,0.0,0.0,0.0,1.0,,0.0,0.0,Wellington Region,Nil,2-way,Sealed,0.0,0.0,0,0.0,50.0,0.0,Null,0.0,0.0,,47,Wellington City,Unknown,0.0,0.0,0.0,0.0,0.0,0.0,Urban,0.0,0.0,0.0,Fine,Null,0
67701073,,576800,0.0,,0.0,2.0,,East,2018/2019,WAIPAPA ROAD,KAINUI ROAD,,Minor Crash,No,2018,,South,,0,,Hill Road,,,,,,Bright sun,2183700,1,0.0,0.0,2.0,,,0.0,,,,,,Wellington Region,Nil,2-way,Sealed,,0.0,0,,50.0,,Null,0.0,0.0,,47,Wellington City,Unknown,,,,,0.0,0.0,Urban,0.0,,,Fine,Null,0
67701080,,574200,0.0,0.0,0.0,2.0,0.0,West,2015/2016,KHANDALLAH ROAD,SIMLA CRESCENT,,Non-Injury Crash,No,2016,0.0,West,0.0,0,1.0,Flat,0.0,,0.0,,0.0,Dark,2088300,0,0.0,0.0,2.0,1.0,0.0,0.0,0.0,0.0,,0.0,0.0,Wellington Region,Nil,2-way,Sealed,0.0,0.0,0,0.0,50.0,0.0,On,0.0,0.0,,47,Wellington City,Give way,0.0,0.0,0.0,0.0,0.0,0.0,Urban,0.0,0.0,0.0,Mist or Fog,Null,0
67701099,,573903,0.0,0.0,0.0,0.0,0.0,South,2018/2019,GOW ST,FITZPATRICK ST,,Non-Injury Crash,No,2018,0.0,North,0.0,0,0.0,Flat,0.0,,0.0,,0.0,Dark,2074302,0,0.0,0.0,2.0,0.0,0.0,0.0,0.0,1.0,,0.0,0.0,Wellington Region,Nil,2-way,Sealed,0.0,0.0,0,0.0,50.0,0.0,On,3.0,0.0,,47,Wellington City,Unknown,0.0,0.0,0.0,0.0,0.0,0.0,Urban,0.0,0.0,0.0,Fine,Null,0
67701112,,573101,0.0,,0.0,2.0,,Null,2017/2018,VICTORIA ST,WEBB ST,,Non-Injury Crash,No,2018,,South,,0,,Flat,,,,,,Overcast,2132900,0,0.0,0.0,3.0,,,0.0,,,,,,Wellington Region,Nil,1-way,Sealed,,0.0,0,,50.0,,Null,0.0,0.0,,47,Wellington City,Give way,,,,,0.0,0.0,Urban,0.0,,,Fine,Null,0
67701130,,572900,0.0,,0.0,1.0,,North,2017/2018,SH 1N,HILL ST OBR,,Non-Injury Crash,Yes,2017,,North,,0,,Flat,,,,,,Twilight,2120100,0,0.0,0.0,3.0,,,0.0,,,,,,Wellington Region,Nil,1-way,Sealed,,0.0,0,,100.0,,Off,0.0,0.0,,47,Wellington City,Unknown,,,,,1.0,0.0,Open,0.0,,,Fine,Null,0
67701143,,577200,1.0,,0.0,0.0,,Null,2016/2017,MIRAMAR AVENUE,TAUHINU ROAD,,Non-Injury Crash,No,2016,,East,,0,,Flat,,,,,,Dark,2206200,0,0.0,0.0,2.0,,,0.0,,,,,,Wellington Region,Nil,1-way,Sealed,,0.0,0,,50.0,,On,1.0,0.0,,47,Wellington City,Give way,,,,,0.0,0.0,Urban,0.0,,,Fine,Null,0
67701191,,574702,1.0,,1.0,0.0,,Null,2016/2017,WILTON ROAD,CHURCHILL DRIVE,,Serious Crash,No,2017,,South,,0,,Flat,,,,,,Overcast,2104200,0,0.0,0.0,2.0,,,0.0,,,,,,Wellington Region,Nil,2-way,Sealed,,0.0,1,,50.0,,Null,0.0,0.0,,47,Wellington City,Give way,,,,,0.0,0.0,Urban,0.0,,,Fine,Null,0
67701221,,575300,0.0,,0.0,1.0,,South,2015/2016,KELBURN PARADE,GLASGOW ST,,Minor Crash,No,2016,,South,,0,,Flat,,,,,,Dark,2155300,1,1.0,0.0,2.0,,,0.0,,,,,,Wellington Region,Nil,2-way,Sealed,,0.0,0,,50.0,,On,0.0,0.0,,47,Wellington City,Stop,,,,,0.0,0.0,Urban,0.0,,,Heavy rain,Null,0
67701257,,573101,0.0,,0.0,1.0,,West,2015/2016,ABEL SMITH ST,WIGAN ST,,Non-Injury Crash,No,2015,,East,,0,,Flat,,,,,,Overcast,2134600,0,0.0,0.0,2.0,,,0.0,,,,,,Wellington Region,Nil,2-way,Sealed,,0.0,0,,50.0,,Null,0.0,0.0,,47,Wellington City,Stop,,,,,0.0,0.0,Urban,1.0,,,Fine,Null,0
67701307,,572900,1.0,,1.0,0.0,,Null,2016/2017,THORNDON QUAY,MULGRAVE ST,,Serious Crash,No,2016,,North,,0,,Hill Road,,,,,,Bright sun,2122800,0,0.0,0.0,3.0,,,0.0,,,,,,Wellington Region,Nil,2-way,Sealed,,0.0,1,,50.0,,Null,0.0,0.0,,47,Wellington City,Give way,,,,,0.0,0.0,Urban,0.0,,,Fine,Null,0
67701329,,573000,0.0,0.0,0.0,1.0,0.0,East,2015/2016,STOUT ST,BALLANCE ST,,Non-Injury Crash,No,2016,0.0,East,0.0,0,0.0,Flat,0.0,,0.0,,0.0,Bright sun,2125000,0,0.0,0.0,2.0,0.0,0.0,0.0,0.0,0.0,,0.0,0.0,Wellington Region,Nil,1-way,Sealed,0.0,0.0,0,0.0,50.0,0.0,Null,1.0,0.0,,47,Wellington City,Give way,0.0,1.0,0.0,0.0,0.0,0.0,Urban,0.0,0.0,0.0,Fine,Null,0
67701352,95.0,573526,0.0,0.0,0.0,1.0,0.0,East,2017/2018,SH 2,SERVICE STN NTH,,Non-Injury Crash,Yes,2018,0.0,North,0.0,0,0.0,Flat,0.0,,0.0,,0.0,Dark,2086403,0,0.0,0.0,2.0,0.0,0.0,0.0,0.0,1.0,,0.0,0.0,Wellington Region,Nil,1-way,Sealed,0.0,0.0,0,0.0,100.0,0.0,On,0.0,0.0,,47,Wellington City,Unknown,0.0,0.0,0.0,0.0,0.0,0.0,Open,0.0,0.0,0.0,Heavy rain,Strong wind,0
67701362,,572900,0.0,0.0,0.0,1.0,0.0,East,2017/2018,SH 1N,MOLESWORTH OBR,,Non-Injury Crash,Yes,2018,0.0,West,0.0,0,0.0,Flat,1.0,,0.0,,0.0,Dark,2118500,0,0.0,0.0,3.0,0.0,0.0,0.0,0.0,0.0,,0.0,0.0,Wellington Region,Motorway ramp,1-way,Sealed,0.0,0.0,0,0.0,100.0,0.0,On,0.0,0.0,,47,Wellington City,Unknown,0.0,1.0,0.0,0.0,0.0,0.0,Open,0.0,0.0,0.0,Fine,Null,0
67701369,,575300,0.0,0.0,0.0,1.0,0.0,South,2014/2015,UPLAND ROAD,KOWHAI ROAD,,Non-Injury Crash,No,2015,0.0,North,0.0,0,0.0,Flat,0.0,,0.0,,0.0,Twilight,2154100,0,0.0,0.0,2.0,0.0,0.0,0.0,0.0,1.0,,0.0,0.0,Wellington Region,Nil,2-way,Sealed,0.0,0.0,0,0.0,30.0,0.0,On,1.0,0.0,,47,Wellington City,Nil,0.0,0.0,0.0,0.0,0.0,0.0,Urban,0.0,0.0,0.0,Fine,Null,0
67701373,,572900,0.0,,0.0,3.0,,Null,2014/2015,LAMBTON QUAY,BOWEN ST,,Non-Injury Crash,No,2015,,South,,0,,Flat,,,,,,Bright sun,2122400,0,0.0,0.0,5.0,,,0.0,,,,,,Wellington Region,Nil,2-way,Sealed,,0.0,0,,50.0,,Off,0.0,0.0,,47,Wellington City,Traffic Signals,,,,,0.0,0.0,Urban,0.0,,,Fine,Null,0
67701405,,573000,0.0,,0.0,1.0,,North,2015/2016,SH 1N,NORTH PORTAL SBD,,Non-Injury Crash,Yes,2015,,South,,0,,Null,,,,,,Bright sun,2126700,0,0.0,0.0,3.0,,,0.0,,,,,,Wellington Region,Nil,2-way,Sealed,,0.0,0,,70.0,,Null,0.0,0.0,,47,Wellington City,Unknown,,,,,0.0,0.0,Urban,1.0,,,Fine,Null,0
67701459,,575600,0.0,0.0,0.0,0.0,0.0,Null,2015/2016,OHIRO ROAD,TODMAN ST,,Non-Injury Crash,No,2016,0.0,West,0.0,0,0.0,Hill Road,0.0,,1.0,,0.0,Overcast,2161700,0,0.0,0.0,2.0,0.0,0.0,0.0,0.0,0.0,,0.0,0.0,Wellington Region,Nil,2-way,Sealed,0.0,0.0,0,0.0,30.0,0.0,Null,0.0,0.0,,47,Wellington City,Traffic Signals,0.0,1.0,0.0,0.0,1.0,0.0,Urban,0.0,0.0,0.0,Fine,Strong wind,0
67701471,,573400,0.0,0.0,0.0,2.0,0.0,West,2015/2016,ELIZABETH ST,MONCRIEFF ST,,Non-Injury Crash,No,2016,0.0,West,0.0,0,0.0,Hill Road,0.0,,0.0,,0.0,Overcast,2140400,0,0.0,0.0,2.0,0.0,0.0,0.0,0.0,1.0,,0.0,0.0,Wellington Region,Nil,2-way,Sealed,0.0,0.0,0,0.0,50.0,0.0,Null,0.0,0.0,,47,Wellington City,Unknown,0.0,0.0,0.0,0.0,0.0,0.0,Urban,0.0,0.0,0.0,Fine,Null,0
67701474,,576400,0.0,0.0,0.0,1.0,0.0,North,2017/2018,PRINCESS TERRACE,HORNER ST,,Non-Injury Crash,No,2017,0.0,North,0.0,0,0.0,Flat,0.0,,0.0,,0.0,Overcast,2168900,0,0.0,0.0,2.0,0.0,0.0,0.0,0.0,1.0,,0.0,0.0,Wellington Region,Nil,2-way,Sealed,0.0,0.0,0,0.0,50.0,0.0,Null,0.0,0.0,,47,Wellington City,Nil,0.0,0.0,0.0,0.0,0.0,0.0,Urban,1.0,0.0,0.0,Light rain,Null,0