OBJECTID,advisorySpeed,areaUnitID,bicycle,bridge,bus,carStationWagon,cliffBank,crashDirectionDescription,crashFinancialYear,crashLocation1,crashLocation2,crashRoadSideRoad,crashSeverity,crashSHDescription,crashYear,debris,directionRoleDescription,ditch,fatalCount,fence,flatHill,guardRail,holiday,houseOrBuilding,intersection,kerb,light,meshblockId,minorInjuryCount,moped,motorcycle,NumberOfLanes,objectThrownOrDropped,otherObject,otherVehicleType,overBank,parkedVehicle,pedestrian,phoneBoxEtc,postOrPole,region,roadCharacter,roadLane,roadSurface,roadworks,schoolBus,seriousInjuryCount,slipOrFlood,speedLimit,strayAnimal,streetLight,suv,taxi,temporarySpeedLimit,tlaId,tlaName,trafficControl,trafficIsland,trafficSign,train,tree,truck,unknownVehicleType,urban,vanOrUtility,vehicle,waterRiver,weatherA,weatherB,if_pandemic
67701475,,572900,0.0,0.0,0.0,2.0,0.0,South,2016/2017,TINAKORI ROAD,GLENBERVIE TERRACE,,Minor Crash,No,2017,0.0,South,0.0,0,0.0,Flat,0.0,,0.0,,0.0,Overcast,2123100,1,0.0,0.0,2.0,0.0,0.0,0.0,0.0,1.0,,0.0,0.0,Wellington Region,Nil,2-way,Sealed,0.0,0.0,0,0.0,50.0,0.0,Null,0.0,0.0,,47,Wellington City,Unknown,0.0,0.0,0.0,0.0,1.0,0.0,Urban,0.0,0.0,0.0,Fine,Null,0
67701477,,573101,0.0,,0.0,1.0,,Null,2015/2016,TARANAKI ST,GHUZNEE ST,,Non-Injury Crash,No,2015,,North,,0,,Flat,,,,,,Dark,2133408,0,0.0,0.0,2.0,,,0.0,,,,,,Wellington Region,Nil,2-way,Sealed,,0.0,0,,50.0,,On,0.0,0.0,,47,Wellington City,Traffic Signals,,,,,0.0,0.0,Urban,1.0,,,Fine,Null,0
67701532,,575600,0.0,0.0,0.0,2.0,0.0,North,2016/2017,OHIRO ROAD,BROOKLYN ROAD,,Non-Injury Crash,No,2017,0.0,North,0.0,0,0.0,Hill Road,0.0,,0.0,,0.0,Bright sun,2160600,0,0.0,0.0,2.0,0.0,0.0,0.0,0.0,1.0,,0.0,0.0,Wellington Region,Nil,2-way,Sealed,0.0,0.0,0,0.0,50.0,0.0,Null,0.0,0.0,,47,Wellington City,Unknown,0.0,0.0,0.0,0.0,0.0,0.0,Urban,0.0,0.0,0.0,Fine,Null,0
67701590,,574100,0.0,,0.0,2.0,,North,2017/2018,MOOREFIELD ROAD,HAUMIA ST,,Minor Crash,No,2018,,South,,0,,Hill Road,,,,,,Overcast,2085500,1,0.0,0.0,2.0,,,0.0,,,,,,Wellington Region,Nil,2-way,Sealed,,0.0,0,,50.0,,Null,0.0,0.0,,47,Wellington City,Unknown,,,,,0.0,0.0,Urban,0.0,,,Fine,Strong wind,0
67701602,,573526,0.0,,0.0,1.0,,North,2018/2019,SH 2,NGAURANGA ON NBD,,Non-Injury Crash,Yes,2018,,East,,0,,Flat,,,,,,Overcast,2077503,0,0.0,0.0,2.0,,,0.0,,,,,,Wellington Region,Nil,1-way,Sealed,,0.0,0,,100.0,,Null,1.0,0.0,60.0,47,Wellington City,Unknown,,,,,0.0,0.0,Open,0.0,,,Fine,Null,0
67701610,,573101,0.0,,0.0,2.0,,Null,2017/2018,JERVOIS QUAY,HARRIS ST,,Non-Injury Crash,No,2018,,South,,0,,Flat,,,,,,Bright sun,2133000,0,0.0,0.0,6.0,,,0.0,,,,,,Wellington Region,Nil,2-way,Sealed,,0.0,0,,50.0,,Null,0.0,0.0,,47,Wellington City,Traffic Signals,,,,,0.0,0.0,Urban,0.0,,,Fine,Null,0
67701621,,576400,0.0,,1.0,1.0,,Null,2015/2016,RIDDIFORD ST,MEIN ST,,Non-Injury Crash,No,2015,,South,,0,,Flat,,,,,,Bright sun,2166900,0,0.0,0.0,2.0,,,0.0,,,,,,Wellington Region,Nil,2-way,Sealed,,0.0,0,,50.0,,Null,0.0,0.0,,47,Wellington City,Traffic Signals,,,,,0.0,0.0,Urban,0.0,,,Fine,Null,0
67701644,,572900,0.0,,0.0,0.0,,North,2018/2019,MOLESWORTH STREET,HAWKESTONE STREET,,Minor Crash,No,2019,,North,,0,,Flat,,,,,,Bright sun,2119200,1,0.0,0.0,2.0,,,0.0,,,1.0,,,Wellington Region,Nil,1-way,Sealed,,0.0,0,,50.0,,Off,0.0,0.0,,47,Wellington City,Unknown,,,,,0.0,0.0,Urban,1.0,,,Fine,Null,0
67701655,,573101,0.0,,0.0,2.0,,West,2016/2017,WAKEFIELD ST,COURAGE LANE,,Non-Injury Crash,No,2016,,West,,0,,Flat,,,,,,Overcast,2135200,0,0.0,0.0,3.0,,,0.0,,,,,,Wellington Region,Nil,1-way,Sealed,,0.0,0,,50.0,,Null,0.0,1.0,,47,Wellington City,Unknown,,,,,0.0,0.0,Urban,0.0,,,Fine,Strong wind,0
67701669,,573101,0.0,0.0,0.0,2.0,0.0,Null,2015/2016,WAKEFIELD ST,TORY ST,,Minor Crash,No,2015,0.0,North,0.0,0,0.0,Flat,0.0,,0.0,,0.0,Twilight,2135700,1,0.0,0.0,3.0,0.0,0.0,0.0,0.0,0.0,,0.0,1.0,Wellington Region,Nil,1-way,Sealed,0.0,0.0,0,0.0,50.0,0.0,On,0.0,0.0,,47,Wellington City,Traffic Signals,0.0,0.0,0.0,0.0,0.0,0.0,Urban,0.0,0.0,0.0,Light rain,Null,0
67701708,,573101,0.0,0.0,1.0,1.0,0.0,West,2017/2018,COURTENAY PLACE,TORY ST,,Non-Injury Crash,No,2017,0.0,West,0.0,0,0.0,Null,0.0,,0.0,,0.0,Overcast,2135900,0,0.0,0.0,1.0,0.0,0.0,0.0,0.0,1.0,,0.0,0.0,Wellington Region,Nil,1-way,Sealed,0.0,0.0,0,0.0,30.0,0.0,Null,0.0,0.0,,47,Wellington City,Unknown,0.0,0.0,0.0,0.0,0.0,0.0,Urban,0.0,0.0,0.0,Fine,Null,0
67701729,,572900,0.0,0.0,0.0,1.0,0.0,South,2015/2016,SH 1N,TERRACE OFF SBD,,Non-Injury Crash,Yes,2015,0.0,South,0.0,0,0.0,Hill Road,1.0,,0.0,,0.0,Overcast,2122100,0,0.0,0.0,1.0,0.0,0.0,0.0,0.0,0.0,,0.0,0.0,Wellington Region,Motorway ramp,1-way,Sealed,0.0,0.0,0,0.0,100.0,0.0,Null,0.0,0.0,,47,Wellington City,Unknown,0.0,0.0,0.0,0.0,0.0,0.0,Open,0.0,0.0,0.0,Fine,Strong wind,0
67701744,,573522,0.0,0.0,0.0,1.0,0.0,North,2018/2019,JAMAICA DRIVE,DRAGON ST,,Minor Crash,No,2018,0.0,North,0.0,0,0.0,Hill Road,0.0,,1.0,,0.0,Dark,2086102,1,0.0,0.0,2.0,0.0,0.0,0.0,1.0,0.0,,0.0,0.0,Wellington Region,Nil,2-way,Sealed,0.0,0.0,0,0.0,50.0,0.0,On,0.0,0.0,,47,Wellington City,Unknown,1.0,0.0,0.0,0.0,0.0,0.0,Urban,0.0,0.0,0.0,Fine,Null,0
67701752,,573000,0.0,,0.0,3.0,,North,2017/2018,SH 1N,EVERTON OBR,,Minor Crash,Yes,2018,,South,,0,,Flat,,,,,,Overcast,2124803,1,0.0,0.0,1.0,,,0.0,,,,,,Wellington Region,Nil,1-way,Sealed,,0.0,0,,70.0,,Null,0.0,0.0,,47,Wellington City,Unknown,,,,,0.0,0.0,Urban,0.0,,,Fine,Null,0
67701768,,573400,0.0,,0.0,2.0,,West,2017/2018,SH 1N,EAST PORTAL,,Non-Injury Crash,Yes,2018,,West,,0,,Flat,,,,,,Twilight,2143300,0,0.0,0.0,2.0,,,0.0,,,,,,Wellington Region,Nil,2-way,Sealed,,0.0,0,,50.0,,On,0.0,0.0,,47,Wellington City,Unknown,,,,,0.0,0.0,Urban,0.0,,,Fine,Null,0
67701785,,573300,0.0,,0.0,1.0,,Null,2015/2016,THOMPSON ST,WEBB ST,,Non-Injury Crash,No,2015,,North,,0,,Flat,,,,,,Bright sun,2144101,0,0.0,0.0,,,,0.0,,,,,,Wellington Region,Nil,2-way,Sealed,,0.0,0,,50.0,,Null,1.0,0.0,,47,Wellington City,Give way,,,,,0.0,0.0,Urban,0.0,,,Fine,Null,0
67701795,,573300,0.0,0.0,0.0,1.0,0.0,East,2016/2017,SH 1N,ADELAIDE ROAD,,Non-Injury Crash,Yes,2017,0.0,East,0.0,0,1.0,Flat,0.0,,0.0,,0.0,Overcast,2145602,0,0.0,0.0,2.0,0.0,0.0,0.0,0.0,0.0,,0.0,0.0,Wellington Region,Nil,1-way,Sealed,0.0,0.0,0,0.0,50.0,0.0,Null,0.0,0.0,,47,Wellington City,Nil,0.0,0.0,0.0,0.0,0.0,0.0,Urban,0.0,0.0,0.0,Light rain,Null,0
67701853,,573101,0.0,,0.0,1.0,,Null,2015/2016,SH 1N,CUBA ST,,Minor Crash,Yes,2015,,West,,0,,Flat,,,,,,Dark,2132600,2,0.0,0.0,3.0,,,0.0,,,,,,Wellington Region,Nil,2-way,Sealed,,0.0,0,,50.0,,On,0.0,0.0,,47,Wellington City,Traffic Signals,,,,,0.0,0.0,Urban,1.0,,,Fine,Null,0
67701856,,573000,0.0,,1.0,1.0,,Null,2017/2018,SALAMANCA ROAD,THE TERRACE,,Non-Injury Crash,No,2018,,East,,0,,Flat,,,,,,Overcast,2128200,0,0.0,0.0,3.0,,,0.0,,,,,,Wellington Region,Nil,2-way,Sealed,,0.0,0,,50.0,,Null,0.0,0.0,,47,Wellington City,Traffic Signals,,,,,0.0,0.0,Urban,0.0,,,Light rain,Null,0
67701857,,572900,0.0,,0.0,1.0,,North,2015/2016,SH 1N,HOBSON ST OBR NBD,,Non-Injury Crash,Yes,2015,,South,,0,,Flat,,,,,,Overcast,2118400,0,0.0,0.0,6.0,,,0.0,,,,,,Wellington Region,Nil,2-way,Sealed,,0.0,0,,100.0,,Null,1.0,0.0,,47,Wellington City,Unknown,,,,,0.0,0.0,Open,0.0,,,Fine,Null,0
67701862,,573700,1.0,,0.0,1.0,,Null,2017/2018,BASSETT ROAD,MOOREFIELD ROAD,,Minor Crash,No,2018,,South,,0,,Hill Road,,,,,,Bright sun,2082300,1,0.0,0.0,2.0,,,0.0,,,,,,Wellington Region,Nil,2-way,Sealed,,0.0,0,,50.0,,Null,0.0,0.0,,47,Wellington City,Give way,,,,,0.0,0.0,Urban,0.0,,,Fine,Null,0
67701885,,574500,1.0,,0.0,1.0,,North,2015/2016,HUTT ROAD,SCHOOL ROAD,,Minor Crash,No,2016,,North,,0,,Flat,,,,,,Bright sun,2093500,1,0.0,0.0,4.0,,,0.0,,,,,,Wellington Region,Nil,2-way,Sealed,,0.0,0,,60.0,,Null,0.0,0.0,,47,Wellington City,Nil,,,,,0.0,0.0,Urban,0.0,,,Fine,Null,0
67701888,,572900,0.0,,0.0,2.0,,North,2018/2019,MOLESWORTH ST,MAY ST,,Non-Injury Crash,No,2018,,North,,0,,Hill Road,,,,,,Overcast,2119300,0,0.0,0.0,1.0,,,0.0,,,,,,Wellington Region,Nil,1-way,Sealed,,0.0,0,,50.0,,Null,0.0,0.0,,47,Wellington City,Unknown,,,,,0.0,0.0,Urban,0.0,,,Fine,Null,0
67701929,,574800,0.0,,0.0,1.0,,Null,2016/2017,KARORI ROAD,DONALD ST,,Minor Crash,No,2016,,West,,0,,Hill Road,,,,,,Overcast,2107900,1,0.0,0.0,2.0,,,0.0,,,,,,Wellington Region,Nil,2-way,Sealed,,0.0,0,,50.0,,On,0.0,0.0,,47,Wellington City,Traffic Signals,,,,,0.0,0.0,Urban,1.0,,,Light rain,Null,0
67701947,,576500,1.0,,0.0,0.0,,South,2015/2016,ADELAIDE ROAD,RUGBY ST,,Minor Crash,No,2016,,North,,0,,Flat,,,,,,Dark,2147900,1,0.0,0.0,4.0,,,0.0,,,,,,Wellington Region,Nil,2-way,Sealed,,0.0,0,,50.0,,On,0.0,0.0,,47,Wellington City,Traffic Signals,,,,,0.0,0.0,Urban,1.0,,,Fine,Null,0
67701957,,574600,0.0,0.0,0.0,0.0,0.0,North,2015/2016,CECIL ROAD,WADE ST,,Non-Injury Crash,No,2015,0.0,West,0.0,0,0.0,Hill Road,0.0,,0.0,,0.0,Overcast,2101000,0,0.0,0.0,2.0,0.0,0.0,0.0,0.0,0.0,,0.0,1.0,Wellington Region,Nil,2-way,Sealed,0.0,0.0,0,0.0,50.0,0.0,Null,0.0,0.0,,47,Wellington City,Unknown,0.0,0.0,0.0,0.0,1.0,0.0,Urban,0.0,0.0,0.0,Fine,Null,0
67701965,,576500,0.0,,0.0,1.0,,Null,2014/2015,SH 1N,ADELAIDE ROAD,,Non-Injury Crash,Yes,2015,,North,,0,,Flat,,,,,,Bright sun,2147900,0,0.0,0.0,3.0,,,0.0,,,,,,Wellington Region,Nil,1-way,Sealed,,0.0,0,,50.0,,Null,1.0,0.0,,47,Wellington City,Traffic Signals,,,,,0.0,0.0,Urban,0.0,,,Fine,Null,0
67702024,,572900,0.0,,0.0,1.0,,Null,2018/2019,MOLESWORTH ST,KATE SHEPPARD PLACE,,Serious Crash,No,2018,,North,,0,,Hill Road,,,,,,Bright sun,2122500,0,0.0,1.0,2.0,,,0.0,,,,,,Wellington Region,Nil,1-way,Sealed,,0.0,1,,50.0,,Null,0.0,0.0,,47,Wellington City,Give way,,,,,0.0,0.0,Urban,0.0,,,Fine,Null,0
67702051,45.0,573526,0.0,0.0,0.0,1.0,0.0,South,2017/2018,HOROKIWI ROAD,WOOLLASTON WAY,,Minor Crash,No,2017,0.0,West,0.0,0,0.0,Hill Road,0.0,,0.0,,0.0,Bright sun,2086403,1,0.0,0.0,2.0,0.0,0.0,0.0,1.0,0.0,,0.0,0.0,Wellington Region,Nil,2-way,Sealed,0.0,0.0,0,0.0,50.0,0.0,Null,0.0,0.0,,47,Wellington City,Unknown,0.0,0.0,0.0,1.0,0.0,0.0,Urban,0.0,0.0,0.0,Fine,Null,0
67702069,,573903,0.0,0.0,0.0,5.0,0.0,North,2016/2017,Z CARPARK,MCMILLAN COURT,,Minor Crash,No,2016,0.0,East,0.0,0,0.0,Null,0.0,,0.0,,0.0,Overcast,2073900,1,0.0,0.0,0.0,0.0,0.0,0.0,0.0,1.0,,0.0,0.0,Wellington Region,Nil,Off road,Sealed,0.0,0.0,0,0.0,10.0,0.0,Null,0.0,0.0,,47,Wellington City,Unknown,0.0,0.0,0.0,0.0,0.0,0.0,Urban,2.0,0.0,0.0,Fine,Null,0
67702099,,576301,0.0,,0.0,1.0,,Null,2016/2017,ADELAIDE ROAD,HALL ST,,Non-Injury Crash,No,2016,,South,,0,,Hill Road,,,,,,Overcast,2163900,0,0.0,0.0,2.0,,,0.0,,,1.0,,,Wellington Region,Nil,2-way,Sealed,,0.0,0,,50.0,,Null,0.0,0.0,,47,Wellington City,Traffic Signals,,,,,0.0,0.0,Urban,0.0,,,Fine,Null,0
67702112,,576903,0.0,,0.0,2.0,,Null,2017/2018,SH 1N,GOA ST,,Non-Injury Crash,Yes,2017,,South,,0,,Flat,,,,,,Overcast,2180601,0,0.0,0.0,2.0,,,0.0,,,,,,Wellington Region,Nil,2-way,Sealed,,0.0,0,,70.0,,Null,0.0,0.0,,47,Wellington City,Give way,,,,,0.0,0.0,Urban,0.0,,,Fine,Null,0
67702130,,572900,0.0,,0.0,2.0,,Null,2017/2018,SAR ST,HUTT ROAD,,Non-Injury Crash,No,2017,,East,,0,,Flat,,,,,,Bright sun,2118400,0,0.0,0.0,2.0,,,0.0,,,,,,Wellington Region,Nil,2-way,Sealed,,0.0,0,,50.0,,Null,0.0,0.0,,47,Wellington City,Give way,,,,,0.0,0.0,Urban,0.0,,,Fine,Null,0
67702197,,574500,0.0,,0.0,2.0,,South,2014/2015,HUTT ROAD,SCHOOL ROAD,,Non-Injury Crash,No,2015,,North,,0,,Flat,,,,,,Bright sun,2093600,0,0.0,0.0,4.0,,,0.0,,,,,,Wellington Region,Nil,2-way,Sealed,,0.0,0,,50.0,,Null,0.0,1.0,,47,Wellington City,Unknown,,,,,0.0,0.0,Urban,0.0,,,Fine,Null,0
67702234,,573000,0.0,,0.0,0.0,,South,2017/2018,CUSTOMHOUSE QUAY,WHITMORE ST,,Non-Injury Crash,No,2017,,South,,0,,Flat,,,,,,Overcast,2125100,0,0.0,0.0,3.0,,,0.0,,,,,,Wellington Region,Nil,1-way,Sealed,,0.0,0,,50.0,,Null,2.0,0.0,,47,Wellington City,Unknown,,,,,0.0,0.0,Urban,0.0,,,Fine,Null,0
67702244,,576901,0.0,,0.0,1.0,,Null,2018/2019,SH 1N,TROY ST,,Minor Crash,Yes,2018,,West,,0,,Flat,,,,,,Twilight,2176800,1,0.0,0.0,4.0,,,0.0,,,,,,Wellington Region,Nil,2-way,Sealed,,0.0,0,,70.0,,On,1.0,1.0,,47,Wellington City,Give way,,,,,0.0,0.0,Urban,0.0,,,Fine,Null,0
67702254,,574001,0.0,,0.0,2.0,,Null,2017/2018,NEWLANDS ROAD,HURRING PLACE,,Non-Injury Crash,No,2017,,West,,0,,Hill Road,,,,,,Overcast,2077600,0,0.0,0.0,2.0,,,0.0,,,,,,Wellington Region,Nil,2-way,Sealed,,0.0,0,,50.0,,Null,0.0,0.0,,47,Wellington City,Give way,,,,,0.0,0.0,Urban,0.0,,,Light rain,Null,0
67702258,,576400,0.0,0.0,0.0,2.0,0.0,South,2017/2018,HIROPI ST,CONSTABLE ST,,Non-Injury Crash,No,2017,0.0,South,0.0,0,0.0,Flat,0.0,,0.0,,0.0,Dark,2170102,0,0.0,0.0,2.0,0.0,0.0,0.0,0.0,1.0,,0.0,0.0,Wellington Region,Nil,2-way,Sealed,0.0,0.0,0,0.0,50.0,0.0,On,0.0,0.0,,47,Wellington City,Unknown,0.0,0.0,0.0,0.0,0.0,0.0,Urban,0.0,0.0,0.0,Fine,Null,0
67702262,,572900,1.0,,0.0,1.0,,West,2017/2018,THORNDON QUAY,MOORE ST,,Non-Injury Crash,No,2017,,West,,0,,Flat,,,,,,Bright sun,2122700,0,0.0,0.0,2.0,,,0.0,,,,,,Wellington Region,Nil,2-way,Sealed,,0.0,0,,50.0,,Null,0.0,0.0,,47,Wellington City,Nil,,,,,0.0,0.0,Urban,0.0,,,Fine,Null,0
67702309,,572900,0.0,,0.0,0.0,,Null,2015/2016,LAMBTON QUAY,MOLESWORTH ST,,Serious Crash,No,2015,,North,,0,,Flat,,,,,,Bright sun,2122400,0,1.0,0.0,2.0,,,0.0,,,1.0,,,Wellington Region,Nil,1-way,Sealed,,0.0,1,,30.0,,Null,0.0,0.0,,47,Wellington City,Traffic Signals,,,,,0.0,0.0,Urban,0.0,,,Fine,Null,0
67702335,,576500,0.0,0.0,0.0,2.0,0.0,East,2016/2017,DRUMMOND ST,KING ST,,Non-Injury Crash,No,2016,0.0,North,0.0,0,0.0,Hill Road,0.0,,0.0,,0.0,Dark,2148201,0,0.0,0.0,2.0,0.0,0.0,0.0,0.0,1.0,,0.0,0.0,Wellington Region,Nil,2-way,Sealed,0.0,0.0,0,0.0,50.0,0.0,On,0.0,0.0,,47,Wellington City,Unknown,0.0,0.0,0.0,0.0,0.0,0.0,Urban,0.0,0.0,0.0,Fine,Null,0
67702364,,572500,0.0,,0.0,2.0,,Null,2018/2019,MAIN ROAD,BOSCOBEL LANE,,Non-Injury Crash,No,2018,,North,,0,,Flat,,,,,,Overcast,1986300,0,0.0,0.0,2.0,,,0.0,,,,,,Wellington Region,Nil,2-way,Sealed,,0.0,0,,50.0,,Null,0.0,0.0,,47,Wellington City,Stop,,,,,0.0,0.0,Urban,0.0,,,Fine,Null,0
67702370,,573101,0.0,,0.0,2.0,,South,2018/2019,WILLIS ST,MANNERS ST,,Non-Injury Crash,No,2018,,North,,0,,Flat,,,,,,Twilight,2131300,0,0.0,0.0,2.0,,,0.0,,,,,,Wellington Region,Nil,2-way,Sealed,,0.0,0,,30.0,,On,0.0,0.0,,47,Wellington City,Unknown,,,,,0.0,0.0,Urban,0.0,,,Fine,Null,0
67702389,,572600,0.0,0.0,0.0,2.0,0.0,North,2015/2016,TAWA TERRACE,BARTLETT GROVE,,Non-Injury Crash,No,2015,0.0,North,0.0,0,0.0,Hill Road,0.0,,0.0,,0.0,Dark,1992800,0,0.0,0.0,2.0,0.0,0.0,0.0,0.0,1.0,,0.0,0.0,Wellington Region,Nil,2-way,Sealed,0.0,0.0,0,0.0,50.0,0.0,On,0.0,0.0,,47,Wellington City,Unknown,0.0,0.0,0.0,0.0,0.0,0.0,Urban,0.0,0.0,0.0,Fine,Null,0
67702407,,572900,0.0,0.0,0.0,0.0,0.0,North,2016/2017,PARK ST,TINAKORI ROAD,,Non-Injury Crash,No,2016,0.0,South,0.0,0,0.0,Flat,0.0,,0.0,,0.0,Bright sun,2120500,0,0.0,0.0,2.0,0.0,0.0,0.0,0.0,1.0,,0.0,0.0,Wellington Region,Nil,2-way,Sealed,0.0,0.0,0,0.0,50.0,0.0,Null,1.0,0.0,,47,Wellington City,Unknown,0.0,0.0,0.0,0.0,0.0,0.0,Urban,1.0,0.0,0.0,Null,Null,0
67702409,,574100,0.0,0.0,0.0,2.0,0.0,South,2015/2016,MCLINTOCK ST,MEADOWCROFT GROVE,,Non-Injury Crash,No,2015,0.0,North,0.0,0,0.0,Hill Road,0.0,,0.0,,0.0,Dark,2085905,0,0.0,0.0,2.0,0.0,0.0,0.0,0.0,1.0,,0.0,0.0,Wellington Region,Nil,2-way,Sealed,0.0,0.0,0,0.0,50.0,0.0,On,0.0,0.0,,47,Wellington City,Unknown,0.0,0.0,0.0,0.0,0.0,0.0,Urban,0.0,0.0,0.0,Fine,Null,0
67702437,,573300,0.0,,0.0,2.0,,South,2014/2015,TARANAKI ST,WEBB ST,,Non-Injury Crash,No,2015,,South,,0,,Flat,,,,,,Bright sun,2144500,0,0.0,0.0,2.0,,,0.0,,,,,,Wellington Region,Nil,2-way,Sealed,,0.0,0,,50.0,,Null,0.0,0.0,,47,Wellington City,Nil,,,,,0.0,0.0,Urban,0.0,,,Snow,Null,0
67702452,,573000,0.0,,0.0,2.0,,South,2017/2018,WATERLOO QUAY,BUNNY ST,,Non-Injury Crash,No,2017,,North,,0,,Flat,,,,,,Bright sun,2124300,0,0.0,0.0,3.0,,,0.0,,,,,,Wellington Region,Nil,1-way,Sealed,,0.0,0,,50.0,,Null,0.0,0.0,,47,Wellington City,Unknown,,,,,0.0,0.0,Urban,0.0,,,Fine,Null,0
67702460,,576500,0.0,,0.0,1.0,,North,2017/2018,ADELAIDE ROAD,BROWN ST,,Non-Injury Crash,No,2017,,North,,0,,Flat,,,,,,Bright sun,2148100,0,1.0,0.0,3.0,,,0.0,,,,,,Wellington Region,Nil,2-way,Sealed,,0.0,0,,50.0,,Null,0.0,0.0,,47,Wellington City,Nil,,,,,0.0,0.0,Urban,0.0,,,Fine,Null,0
67702482,,573101,0.0,,0.0,0.0,,Null,2017/2018,TORY ST,VIVIAN ST,,Minor Crash,Yes,2018,,South,,0,,Hill Road,,,,,,Overcast,2136600,1,2.0,0.0,2.0,,,0.0,,,,,,Wellington Region,Nil,2-way,Sealed,,0.0,0,,50.0,,Null,0.0,0.0,,47,Wellington City,Traffic Signals,,,,,0.0,0.0,Urban,0.0,,,Fine,Strong wind,0
67702528,,572900,0.0,0.0,0.0,1.0,0.0,North,2017/2018,THORNDON QUAY,DAVIS ST,,Non-Injury Crash,No,2018,0.0,North,0.0,0,0.0,Flat,0.0,,1.0,,0.0,Overcast,2118400,0,0.0,0.0,2.0,0.0,0.0,0.0,0.0,0.0,,0.0,0.0,Wellington Region,Nil,2-way,Sealed,0.0,0.0,0,0.0,50.0,0.0,Null,0.0,0.0,,47,Wellington City,Unknown,0.0,0.0,0.0,0.0,0.0,0.0,Urban,0.0,0.0,0.0,Light rain,Null,0
67702574,,573600,0.0,0.0,0.0,2.0,0.0,North,2017/2018,MORGAN ST,IRONSIDE ROAD,,Non-Injury Crash,No,2018,0.0,South,0.0,0,0.0,Hill Road,0.0,,0.0,,0.0,Overcast,2080800,0,0.0,0.0,2.0,0.0,0.0,0.0,0.0,1.0,,0.0,0.0,Wellington Region,Nil,2-way,Sealed,0.0,0.0,0,0.0,50.0,0.0,Null,0.0,0.0,,47,Wellington City,Unknown,0.0,0.0,0.0,0.0,0.0,0.0,Urban,0.0,0.0,0.0,Fine,Frost,0
67702578,,572701,0.0,0.0,0.0,1.0,0.0,North,2017/2018,HINAU ST,MCLELLAN ST,,Non-Injury Crash,No,2018,0.0,North,0.0,0,1.0,Flat,0.0,,0.0,,0.0,Dark,1993502,0,0.0,0.0,2.0,0.0,0.0,0.0,0.0,0.0,,0.0,0.0,Wellington Region,Nil,2-way,Sealed,0.0,0.0,0,0.0,50.0,0.0,On,0.0,0.0,,47,Wellington City,Unknown,0.0,0.0,0.0,0.0,0.0,0.0,Urban,0.0,0.0,0.0,Fine,Null,0
67702581,,574302,1.0,,0.0,1.0,,Null,2015/2016,NICHOLSON ROAD,JUBILEE ROAD,,Minor Crash,No,2015,,East,,0,,Hill Road,,,,,,Bright sun,2091500,1,0.0,0.0,2.0,,,0.0,,,,,,Wellington Region,Nil,2-way,Sealed,,0.0,0,,50.0,,Null,0.0,0.0,,47,Wellington City,Stop,,,,,0.0,0.0,Urban,0.0,,,Fine,Null,0
67702610,,573101,0.0,0.0,0.0,2.0,0.0,South,2017/2018,TORY ST,COURTENAY PLACE,,Non-Injury Crash,No,2017,0.0,South,0.0,0,0.0,Flat,0.0,,0.0,,0.0,Bright sun,2136000,0,0.0,0.0,2.0,0.0,0.0,0.0,0.0,1.0,,0.0,0.0,Wellington Region,Nil,2-way,Sealed,0.0,0.0,0,0.0,50.0,0.0,Null,0.0,0.0,,47,Wellington City,Unknown,0.0,0.0,0.0,0.0,0.0,0.0,Urban,0.0,0.0,0.0,Fine,Null,0
67702622,,573526,0.0,,0.0,3.0,,North,2017/2018,SH 2,RAILYARD ENTRY,,Non-Injury Crash,Yes,2017,,West,,0,,Flat,,,,,,Bright sun,2086403,0,0.0,0.0,2.0,,,0.0,,,,,,Wellington Region,Nil,1-way,Sealed,,0.0,0,,100.0,,Null,0.0,0.0,,47,Wellington City,Unknown,,,,,0.0,0.0,Open,0.0,,,Fine,Null,0
67702627,,573000,0.0,0.0,0.0,2.0,0.0,South,2016/2017,WILLIS ST,DIXON ST,,Non-Injury Crash,No,2016,0.0,South,0.0,0,0.0,Flat,0.0,,0.0,,0.0,Bright sun,2130700,0,0.0,0.0,2.0,0.0,0.0,0.0,0.0,1.0,,0.0,0.0,Wellington Region,Nil,2-way,Sealed,0.0,0.0,0,0.0,50.0,0.0,Null,0.0,0.0,,47,Wellington City,Traffic Signals,0.0,0.0,0.0,0.0,0.0,0.0,Urban,0.0,0.0,0.0,Fine,Null,0
67702671,,576100,0.0,0.0,0.0,1.0,1.0,East,2015/2016,THE ESPLANADE,HOUGHTON BAY ROAD,,Non-Injury Crash,No,2016,0.0,North,0.0,0,0.0,Flat,0.0,,0.0,,0.0,Dark,2194806,0,0.0,0.0,2.0,0.0,0.0,0.0,0.0,0.0,,0.0,0.0,Wellington Region,Nil,2-way,Sealed,0.0,0.0,0,0.0,50.0,0.0,None,0.0,0.0,,47,Wellington City,Unknown,0.0,0.0,0.0,0.0,0.0,0.0,Urban,0.0,0.0,0.0,Fine,Null,0
67702696,,575300,0.0,0.0,0.0,2.0,0.0,West,2017/2018,SALAMANCA ROAD,WESLEY ROAD,,Non-Injury Crash,No,2017,0.0,South,0.0,0,0.0,Hill Road,0.0,,0.0,,0.0,Bright sun,2153000,0,0.0,0.0,2.0,0.0,0.0,0.0,0.0,1.0,,0.0,0.0,Wellington Region,Nil,2-way,Sealed,0.0,0.0,0,0.0,50.0,0.0,Null,0.0,0.0,,47,Wellington City,Unknown,0.0,0.0,0.0,0.0,0.0,0.0,Urban,0.0,0.0,0.0,Fine,Null,0