OBJECTID,advisorySpeed,areaUnitID,bicycle,bridge,bus,carStationWagon,cliffBank,crashDirectionDescription,crashFinancialYear,crashLocation1,crashLocation2,crashRoadSideRoad,crashSeverity,crashSHDescription,crashYear,debris,directionRoleDescription,ditch,fatalCount,fence,flatHill,guardRail,holiday,houseOrBuilding,intersection,kerb,light,meshblockId,minorInjuryCount,moped,motorcycle,NumberOfLanes,objectThrownOrDropped,otherObject,otherVehicleType,overBank,parkedVehicle,pedestrian,phoneBoxEtc,postOrPole,region,roadCharacter,roadLane,roadSurface,roadworks,schoolBus,seriousInjuryCount,slipOrFlood,speedLimit,strayAnimal,streetLight,suv,taxi,temporarySpeedLimit,tlaId,tlaName,trafficControl,trafficIsland,trafficSign,train,tree,truck,unknownVehicleType,urban,vanOrUtility,vehicle,waterRiver,weatherA,weatherB,if_pandemic
67702752,,573000,0.0,0.0,0.0,2.0,0.0,North,2017/2018,THE TERRACE,BOLTON ST,,Non-Injury Crash,No,2018,0.0,North,0.0,0,0.0,Flat,0.0,,0.0,,0.0,Bright sun,2123700,0,0.0,0.0,3.0,0.0,0.0,0.0,0.0,0.0,,0.0,0.0,Wellington Region,Nil,2-way,Sealed,0.0,0.0,0,0.0,50.0,0.0,Null,0.0,1.0,,47,Wellington City,Nil,0.0,0.0,0.0,0.0,0.0,0.0,Urban,0.0,1.0,0.0,Fine,Null,0
67702765,,573000,0.0,,0.0,1.0,,Null,2018/2019,CUSTOMHOUSE QUAY,WHITMORE ST,,Minor Crash,No,2018,,North,,0,,Flat,,,,,,Dark,2124300,3,0.0,0.0,4.0,,,0.0,,,,,,Wellington Region,Nil,1-way,Sealed,,0.0,0,,50.0,,On,1.0,0.0,,47,Wellington City,Traffic Signals,,,,,0.0,0.0,Urban,0.0,,,Fine,Null,0
67702782,,573000,0.0,,0.0,2.0,,North,2016/2017,SH 1N,NORTH PORTAL SBD,,Non-Injury Crash,Yes,2017,,South,,0,,Flat,,,,,,Overcast,2126700,0,0.0,0.0,1.0,,,0.0,,,,,,Wellington Region,Nil,1-way,Sealed,,0.0,0,,60.0,,Null,0.0,0.0,,47,Wellington City,Unknown,,,,,0.0,0.0,Urban,1.0,,,Fine,Null,0
67702797,,572900,0.0,0.0,0.0,0.0,0.0,North,2018/2019,HAWKESTONE OFF SBD,HAWKESTONE ST,,Minor Crash,Yes,2018,0.0,South,0.0,0,0.0,Hill Road,1.0,,0.0,,0.0,Overcast,2119500,1,0.0,0.0,2.0,0.0,0.0,0.0,0.0,0.0,,0.0,1.0,Wellington Region,Motorway ramp,1-way,Sealed,0.0,0.0,0,0.0,50.0,0.0,Null,0.0,0.0,,47,Wellington City,Unknown,0.0,0.0,0.0,0.0,1.0,0.0,Urban,0.0,0.0,0.0,Fine,Null,0
67702814,,574302,0.0,,0.0,0.0,,South,2016/2017,SH 1N,ONSLOW RAIL OBR,,Non-Injury Crash,Yes,2016,,West,,0,,Flat,,,,,,Bright sun,2090604,0,0.0,0.0,7.0,,,0.0,,,,,,Wellington Region,Nil,2-way,Sealed,,0.0,0,,60.0,,Null,1.0,0.0,,47,Wellington City,Unknown,,,,,1.0,0.0,Urban,1.0,,,Fine,Null,0
67702855,,572900,0.0,,0.0,2.0,,North,2017/2018,THORNDON QUAY,DAVIS ST,,Non-Injury Crash,No,2017,,North,,0,,Flat,,,,,,Bright sun,2118001,0,0.0,0.0,2.0,,,0.0,,,,,,Wellington Region,Nil,2-way,Sealed,,0.0,0,,50.0,,Null,0.0,0.0,,47,Wellington City,Unknown,,,,,0.0,0.0,Urban,0.0,,,Fine,Null,0
67702858,,573000,0.0,,0.0,1.0,,Null,2015/2016,CUSTOMHOUSE QUAY,JOHNSTON ST,,Non-Injury Crash,No,2016,,North,,0,,Flat,,,,,,Overcast,2124300,0,0.0,1.0,3.0,,,0.0,,,,,,Wellington Region,Nil,1-way,Sealed,,0.0,0,,50.0,,Null,0.0,0.0,,47,Wellington City,Traffic Signals,,,,,0.0,0.0,Urban,0.0,,,Null,Null,0
67702862,,574500,0.0,,0.0,1.0,,North,2015/2016,SH 1N,AOTEA ON NBD,,Non-Injury Crash,Yes,2016,,North,,0,,Hill Road,,,,,,Bright sun,2093400,0,0.0,0.0,3.0,,,0.0,,,,,,Wellington Region,Nil,1-way,Sealed,,0.0,0,,70.0,,Null,0.0,0.0,,47,Wellington City,Unknown,,,,,0.0,0.0,Urban,1.0,,,Fine,Null,0
67702877,,576100,0.0,0.0,0.0,1.0,1.0,South,2018/2019,HUNGERFORD ROAD,VIEW ROAD,,Minor Crash,No,2018,0.0,South,0.0,0,0.0,Hill Road,0.0,,0.0,,0.0,Overcast,2195603,1,0.0,0.0,2.0,0.0,0.0,0.0,0.0,1.0,,0.0,0.0,Wellington Region,Nil,2-way,Sealed,0.0,0.0,0,0.0,50.0,0.0,Null,0.0,0.0,,47,Wellington City,Unknown,0.0,0.0,0.0,0.0,0.0,0.0,Urban,1.0,0.0,0.0,Fine,Strong wind,0
67702881,,576400,0.0,,0.0,3.0,,South,2017/2018,HIROPI ST,CONSTABLE ST,,Non-Injury Crash,No,2018,,South,,0,,Hill Road,,,,,,Dark,2170102,0,0.0,0.0,2.0,,,0.0,,,,,,Wellington Region,Nil,2-way,Sealed,,0.0,0,,50.0,,On,0.0,0.0,,47,Wellington City,Unknown,,,,,0.0,0.0,Urban,0.0,,,Fine,Null,0
67702884,,573101,0.0,,0.0,2.0,,South,2017/2018,TARANAKI ST,GHUZNEE ST,,Non-Injury Crash,No,2018,,North,,0,,Flat,,,,,,Bright sun,2136300,0,0.0,0.0,4.0,,,0.0,,,,,,Wellington Region,Nil,2-way,Sealed,,0.0,0,,50.0,,Null,0.0,1.0,,47,Wellington City,Unknown,,,,,0.0,0.0,Urban,0.0,,,Fine,Null,0
67702916,,572900,0.0,,0.0,2.0,,South,2017/2018,MULGRAVE ST,PIPITEA ST,,Non-Injury Crash,No,2017,,South,,0,,Hill Road,,,,,,Overcast,2121200,0,0.0,0.0,2.0,,,0.0,,,,,,Wellington Region,Nil,1-way,Sealed,,0.0,0,,50.0,,Null,0.0,0.0,,47,Wellington City,Unknown,,,,,0.0,0.0,Urban,0.0,,,Fine,Null,0
67702930,,575300,0.0,0.0,0.0,3.0,0.0,East,2017/2018,NORWAY ST,RAROA ROAD,,Minor Crash,No,2018,0.0,East,0.0,0,0.0,Hill Road,0.0,,0.0,,0.0,Overcast,2152202,1,0.0,0.0,1.0,0.0,0.0,0.0,0.0,1.0,,0.0,0.0,Wellington Region,Nil,2-way,Sealed,0.0,0.0,0,0.0,50.0,0.0,Null,0.0,0.0,,47,Wellington City,Unknown,0.0,0.0,0.0,0.0,0.0,0.0,Urban,0.0,0.0,0.0,Light rain,Strong wind,0
67702939,,576903,0.0,,0.0,2.0,,Null,2015/2016,CRAWFORD ROAD,WELLINGTON ROAD,,Minor Crash,No,2016,,South,,0,,Hill Road,,,,,,Twilight,2181600,1,0.0,0.0,2.0,,,0.0,,,,,,Wellington Region,Nil,2-way,Sealed,,0.0,0,,50.0,,On,0.0,1.0,,47,Wellington City,Give way,,,,,0.0,0.0,Urban,0.0,,,Light rain,Null,0
67702957,,576001,0.0,0.0,0.0,2.0,0.0,South,2016/2017,BEACH ST,TYNE ST,,Non-Injury Crash,No,2016,0.0,North,0.0,0,0.0,Hill Road,0.0,,0.0,,0.0,Overcast,2188900,0,0.0,0.0,2.0,0.0,0.0,0.0,0.0,1.0,,0.0,0.0,Wellington Region,Nil,2-way,Sealed,0.0,0.0,0,0.0,50.0,0.0,Null,0.0,0.0,,47,Wellington City,Unknown,0.0,0.0,0.0,0.0,0.0,0.0,Urban,0.0,0.0,0.0,Null,Null,0
67702958,35.0,572900,0.0,0.0,0.0,1.0,0.0,West,2017/2018,AOTEA ON NBD,AOTEA QUAY OBR,,Non-Injury Crash,Yes,2017,0.0,North,0.0,0,0.0,Flat,0.0,,0.0,,0.0,Overcast,2118400,0,0.0,0.0,1.0,0.0,0.0,0.0,0.0,0.0,,0.0,1.0,Wellington Region,Nil,1-way,Sealed,0.0,0.0,0,0.0,70.0,0.0,Null,0.0,0.0,,47,Wellington City,Unknown,0.0,0.0,0.0,0.0,0.0,0.0,Urban,0.0,0.0,0.0,Light rain,Null,0
67702961,,576901,0.0,,0.0,2.0,,East,2016/2017,SH 1N,EVANS BAY PARADE,,Non-Injury Crash,Yes,2016,,West,,0,,Flat,,,,,,Twilight,2177800,0,0.0,0.0,3.0,,,0.0,,,,,,Wellington Region,Nil,1-way,Sealed,,0.0,0,,50.0,,On,0.0,0.0,,47,Wellington City,Unknown,,,,,0.0,0.0,Urban,0.0,,,Fine,Null,0
67702994,,576200,0.0,,0.0,2.0,,East,2017/2018,MORTON ST,EMERSON ST,,Non-Injury Crash,No,2017,,West,,0,,Hill Road,,Christmas New Year,,,,Bright sun,2172400,0,0.0,0.0,2.0,,,0.0,,,,,,Wellington Region,Nil,2-way,Sealed,,0.0,0,,50.0,,Null,0.0,0.0,,47,Wellington City,Unknown,,,,,0.0,0.0,Urban,0.0,,,Fine,Null,0
67703034,,574302,0.0,0.0,0.0,1.0,0.0,West,2018/2019,SH 1N,ONSLOW RAIL OBR,,Minor Crash,Yes,2018,0.0,West,0.0,0,0.0,Flat,1.0,,0.0,,0.0,Bright sun,2090604,1,0.0,0.0,3.0,0.0,0.0,0.0,0.0,0.0,,0.0,0.0,Wellington Region,Nil,1-way,Sealed,0.0,0.0,0,0.0,100.0,0.0,Null,0.0,0.0,,47,Wellington City,Unknown,0.0,0.0,0.0,0.0,0.0,0.0,Open,0.0,0.0,0.0,Fine,Null,0
67703064,,573000,0.0,,0.0,0.0,,Null,2017/2018,JERVOIS QUAY,CUSTOMHOUSE QUAY,,Non-Injury Crash,No,2017,,North,,0,,Flat,,,,,,Bright sun,2124300,0,0.0,0.0,3.0,,,0.0,,,,,,Wellington Region,Nil,1-way,Sealed,,0.0,0,,50.0,,Null,1.0,0.0,,47,Wellington City,Nil,,,,,0.0,0.0,Urban,1.0,,,Fine,Null,0
67703067,,576301,0.0,,0.0,2.0,,Null,2015/2016,HALL ST,ADELAIDE ROAD,,Non-Injury Crash,No,2015,,East,,0,,Hill Road,,Christmas New Year,,,,Bright sun,2163900,0,0.0,0.0,2.0,,,0.0,,,,,,Wellington Region,Nil,2-way,Sealed,,0.0,0,,50.0,,Null,0.0,0.0,,47,Wellington City,Traffic Signals,,,,,0.0,0.0,Urban,0.0,,,Fine,Null,0
67703167,,576600,1.0,,0.0,1.0,,West,2015/2016,ORIENTAL PARADE,GRASS ST,,Minor Crash,No,2016,,West,,0,,Flat,,,,,,Overcast,2137600,1,0.0,0.0,2.0,,,0.0,,,,,,Wellington Region,Nil,2-way,Sealed,,0.0,0,,40.0,,Null,0.0,0.0,,47,Wellington City,Nil,,,,,0.0,0.0,Urban,0.0,,,Fine,Null,0
67703170,,573903,1.0,,0.0,1.0,,South,2017/2018,NEWLANDS ROAD,STELLA GROVE,,Minor Crash,No,2018,,North,,0,,Flat,,,,,,Bright sun,2074600,1,0.0,0.0,2.0,,,0.0,,,,,,Wellington Region,Nil,2-way,Sealed,,0.0,0,,50.0,,Null,0.0,0.0,,47,Wellington City,Unknown,,,,,0.0,0.0,Urban,0.0,,,Fine,Null,0
67703237,,577102,0.0,,0.0,2.0,,West,2015/2016,BROADWAY,STRATHMORE AVENUE,,Non-Injury Crash,No,2016,,West,,0,,Flat,,,,,,Overcast,2215400,0,0.0,0.0,2.0,,,0.0,,,,,,Wellington Region,Nil,2-way,Sealed,,0.0,0,,30.0,,Null,0.0,0.0,,47,Wellington City,Unknown,,,,,0.0,0.0,Urban,0.0,,,Light rain,Null,0
67703240,,573101,0.0,,0.0,1.0,,Null,2018/2019,ABEL SMITH ST,WIGAN ST,,Serious Crash,No,2018,,East,,0,,Flat,,,,,,Overcast,2134600,0,0.0,1.0,2.0,,,0.0,,,,,,Wellington Region,Nil,2-way,Sealed,,0.0,1,,50.0,,Null,0.0,0.0,,47,Wellington City,Nil,,,,,0.0,0.0,Urban,0.0,,,Fine,Null,0
67703303,,574002,0.0,,0.0,4.0,,West,2016/2017,SH 1N,CENTENNIAL SBD,,Minor Crash,Yes,2016,,South,,0,,Hill Road,,,,,,Dark,2078304,1,0.0,0.0,6.0,,,0.0,,,,,,Wellington Region,Nil,2-way,Sealed,,0.0,0,,80.0,,On,1.0,0.0,,47,Wellington City,Unknown,,,,,0.0,0.0,Open,0.0,,,Fine,Null,0
67703332,,572900,0.0,,0.0,2.0,,North,2017/2018,SH 1N,HILL ST OBR,,Non-Injury Crash,Yes,2017,,South,,0,,Flat,,,,,,Bright sun,2120000,0,0.0,0.0,3.0,,,0.0,,,,,,Wellington Region,Nil,1-way,Sealed,,0.0,0,,100.0,,Null,0.0,0.0,,47,Wellington City,Unknown,,,,,0.0,0.0,Open,0.0,,,Fine,Null,0
67703365,,572600,0.0,,0.0,1.0,,South,2017/2018,MAIN ROAD,ESSEX ST,,Minor Crash,No,2017,,South,,0,,Flat,,,,,,Overcast,1992100,1,0.0,0.0,1.0,,,0.0,,,1.0,,,Wellington Region,Nil,2-way,Sealed,,0.0,0,,50.0,,Null,0.0,0.0,,47,Wellington City,Unknown,,,,,0.0,0.0,Urban,0.0,,,Fine,Null,0
67703427,,572900,0.0,,0.0,2.0,,South,2015/2016,AOTEA QUAY,RLY YARD ENT S,,Non-Injury Crash,No,2015,,North,,0,,Flat,,,,,,Dark,2118400,0,0.0,0.0,5.0,,,0.0,,,,,,Wellington Region,Nil,2-way,Sealed,,0.0,0,,70.0,,On,0.0,0.0,,47,Wellington City,Unknown,,,,,0.0,0.0,Urban,0.0,,,Fine,Null,0
67703438,,573300,0.0,0.0,0.0,0.0,0.0,Null,2017/2018,SH 1N,SLIP ROAD,,Non-Injury Crash,Yes,2018,0.0,North,0.0,0,1.0,Hill Road,0.0,,0.0,,1.0,Overcast,2145602,0,0.0,0.0,3.0,0.0,0.0,0.0,0.0,0.0,,0.0,0.0,Wellington Region,Nil,1-way,Sealed,0.0,0.0,0,0.0,50.0,0.0,Null,1.0,0.0,,47,Wellington City,Give way,0.0,0.0,0.0,0.0,0.0,0.0,Urban,0.0,0.0,0.0,Light rain,Null,0
67703480,,573526,0.0,0.0,0.0,0.0,0.0,West,2017/2018,SH 2,SERVICE STN NTH,,Non-Injury Crash,Yes,2018,0.0,East,0.0,0,0.0,Flat,1.0,,0.0,,0.0,Bright sun,2077503,0,0.0,0.0,5.0,0.0,0.0,0.0,0.0,0.0,,0.0,0.0,Wellington Region,Nil,2-way,Sealed,0.0,0.0,0,0.0,100.0,0.0,Null,0.0,0.0,,47,Wellington City,Unknown,0.0,0.0,0.0,0.0,0.0,0.0,Open,1.0,0.0,0.0,Fine,Null,0
67703564,,572900,0.0,,0.0,2.0,,Null,2018/2019,FEATHERSTON ST,MULGRAVE ST,,Minor Crash,No,2018,,North,,0,,Hill Road,,,,,,Bright sun,2122800,1,0.0,0.0,4.0,,,0.0,,,,,,Wellington Region,Nil,2-way,Sealed,,0.0,0,,50.0,,Null,0.0,0.0,,47,Wellington City,Traffic Signals,,,,,0.0,0.0,Urban,0.0,,,Fine,Null,0
67703582,,575600,0.0,0.0,0.0,2.0,0.0,North,2017/2018,OHIRO ROAD,TAFT ST,,Non-Injury Crash,No,2017,0.0,South,0.0,0,0.0,Hill Road,0.0,,0.0,,0.0,Bright sun,2162400,0,0.0,0.0,2.0,0.0,0.0,0.0,0.0,1.0,,0.0,0.0,Wellington Region,Nil,2-way,Sealed,0.0,0.0,0,0.0,50.0,0.0,Null,0.0,0.0,,47,Wellington City,Unknown,0.0,0.0,0.0,0.0,0.0,0.0,Urban,0.0,0.0,0.0,Fine,Null,0
67703603,,576903,0.0,,0.0,1.0,,South,2014/2015,CHILDERS TERRACE,CRAWFORD ROAD,,Minor Crash,No,2015,,South,,0,,Flat,,,,,,Bright sun,2179200,1,0.0,0.0,2.0,,,0.0,,,1.0,,,Wellington Region,Nil,2-way,Sealed,,0.0,0,,50.0,,Null,0.0,0.0,,47,Wellington City,Unknown,,,,,0.0,0.0,Urban,0.0,,,Fine,Null,0
67703642,,572900,1.0,,0.0,0.0,,South,2017/2018,AOTEA QUAY,RLY YARD ENT S,,Minor Crash,No,2018,,South,,0,,Flat,,,,,,Overcast,2118400,1,0.0,0.0,4.0,,,0.0,,,,,,Wellington Region,Nil,2-way,Sealed,,0.0,0,,70.0,,Null,0.0,0.0,,47,Wellington City,Nil,,,,,0.0,0.0,Urban,1.0,,,Light rain,Null,0
67703672,,572900,0.0,,0.0,2.0,,North,2017/2018,SH 1N,AURORA TERRACE OBR,,Non-Injury Crash,Yes,2018,,South,,0,,Flat,,,,,,Bright sun,2122000,0,0.0,0.0,2.0,,,0.0,,,,,,Wellington Region,Motorway ramp,1-way,Sealed,,0.0,0,,100.0,,Null,0.0,0.0,,47,Wellington City,Unknown,,,,,0.0,0.0,Open,0.0,,,Fine,Null,0
67703702,,572701,0.0,,0.0,2.0,,Null,2017/2018,MAIN ROAD,MCLELLAN ST,,Non-Injury Crash,No,2018,,South,,0,,Flat,,,,,,Dark,1994707,0,0.0,0.0,2.0,,,0.0,,,,,,Wellington Region,Nil,2-way,Sealed,,0.0,0,,50.0,,On,0.0,0.0,,47,Wellington City,Give way,,,,,0.0,0.0,Urban,0.0,,,Light rain,Null,0
67703711,,573000,0.0,0.0,0.0,1.0,0.0,North,2014/2015,DIXON ST,WILLIS ST,,Non-Injury Crash,No,2015,0.0,North,0.0,0,0.0,Flat,0.0,,0.0,,0.0,Bright sun,2130700,0,0.0,0.0,2.0,0.0,0.0,0.0,0.0,1.0,,0.0,0.0,Wellington Region,Nil,2-way,Sealed,0.0,0.0,0,0.0,50.0,0.0,Null,0.0,0.0,,47,Wellington City,Give way,0.0,0.0,0.0,0.0,0.0,0.0,Urban,1.0,0.0,0.0,Fine,Null,0
67703725,,576200,0.0,0.0,0.0,2.0,0.0,North,2016/2017,RINTOUL ST,LUXFORD ST,,Non-Injury Crash,No,2016,0.0,North,0.0,0,0.0,Flat,0.0,,0.0,,0.0,Dark,2171700,0,0.0,0.0,2.0,0.0,0.0,0.0,0.0,1.0,,0.0,0.0,Wellington Region,Nil,2-way,Sealed,0.0,0.0,0,0.0,50.0,0.0,On,0.0,0.0,,47,Wellington City,Unknown,0.0,0.0,0.0,0.0,0.0,0.0,Urban,0.0,0.0,0.0,Fine,Strong wind,0
67703757,,572702,0.0,0.0,0.0,1.0,0.0,South,2015/2016,SH 1N,PED SUBWAY,,Non-Injury Crash,Yes,2016,0.0,South,0.0,0,0.0,Flat,1.0,,0.0,,0.0,Bright sun,2053817,0,0.0,0.0,2.0,0.0,0.0,0.0,0.0,0.0,,0.0,0.0,Wellington Region,Nil,1-way,Sealed,0.0,0.0,0,0.0,100.0,0.0,Null,0.0,0.0,,47,Wellington City,Unknown,0.0,0.0,0.0,0.0,0.0,0.0,Open,0.0,0.0,0.0,Fine,Null,0
67703765,,573700,0.0,,0.0,2.0,,Null,2016/2017,OHARIU VALLEY ROAD,MCLINTOCK STREET NORTH,,Minor Crash,No,2016,,South,,0,,Flat,,,,,,Bright sun,2086709,1,0.0,0.0,2.0,,,0.0,,,,,,Wellington Region,Nil,2-way,Sealed,,0.0,0,,50.0,,Null,0.0,0.0,,47,Wellington City,Give way,,,,,0.0,0.0,Urban,0.0,,,Fine,Null,0
67703766,,574701,0.0,,0.0,1.0,,Null,2014/2015,CHURCHILL DRIVE,CHARTWELL DRIVE,,Non-Injury Crash,No,2015,,South,,0,,Flat,,,,,,Bright sun,2097900,0,0.0,0.0,1.0,,,0.0,,,,,,Wellington Region,Nil,1-way,Sealed,,0.0,0,,50.0,,Off,0.0,0.0,30.0,47,Wellington City,Give way,,,,,0.0,0.0,Urban,1.0,,,Fine,Null,0
67703775,,573101,0.0,,0.0,2.0,,Null,2017/2018,SH 1N,WILLIS ST,,Non-Injury Crash,Yes,2018,,North,,0,,Flat,,,,,,Overcast,2131900,0,0.0,0.0,4.0,,,0.0,,,,,,Wellington Region,Nil,1-way,Sealed,,0.0,0,,50.0,,Null,0.0,0.0,,47,Wellington City,Traffic Signals,,,,,0.0,0.0,Urban,0.0,,,Fine,Null,0
67703782,,573101,1.0,,0.0,0.0,,Null,2014/2015,WAKEFIELD ST,BLAIR ST,,Minor Crash,No,2015,,West,,0,,Flat,,,,,,Bright sun,2135700,2,0.0,0.0,4.0,,,0.0,,,1.0,,,Wellington Region,Nil,1-way,Sealed,,0.0,0,,50.0,,Null,0.0,0.0,,47,Wellington City,Traffic Signals,,,,,0.0,0.0,Urban,0.0,,,Fine,Null,0
67703826,,576100,0.0,,0.0,1.0,,Null,2015/2016,MELROSE ROAD,SOUTHGATE ROAD,,Non-Injury Crash,No,2015,,South,,0,,Hill Road,,Christmas New Year,,,,Bright sun,2194203,0,0.0,1.0,2.0,,,0.0,,,,,,Wellington Region,Nil,2-way,Sealed,,0.0,0,,50.0,,Null,0.0,0.0,,47,Wellington City,Stop,,,,,0.0,0.0,Urban,0.0,,,Fine,Null,0
67703837,,573000,0.0,,0.0,2.0,,West,2017/2018,HARRIS ST,JERVOIS QUAY,,Non-Injury Crash,No,2017,,East,,0,,Flat,,,,,,Bright sun,2127500,0,0.0,0.0,2.0,,,0.0,,,,,,Wellington Region,Nil,2-way,Sealed,,0.0,0,,50.0,,Null,0.0,0.0,,47,Wellington City,Unknown,,,,,0.0,0.0,Urban,0.0,,,Fine,Null,0
67703845,,573101,0.0,,0.0,1.0,,South,2017/2018,TARANAKI ST,YORK ST,,Non-Injury Crash,No,2018,,North,,0,,Flat,,,,,,Twilight,2135800,0,0.0,0.0,4.0,,,0.0,,,,,,Wellington Region,Nil,2-way,Sealed,,0.0,0,,50.0,,On,0.0,0.0,,47,Wellington City,Unknown,,,,,0.0,0.0,Urban,1.0,,,Light rain,Null,0
67703853,,573000,0.0,,0.0,1.0,,North,2017/2018,JERVOIS QUAY,HARRIS ST,,Non-Injury Crash,No,2018,,North,,0,,Flat,,,,,,Overcast,2124300,0,0.0,0.0,3.0,,,0.0,,,,,,Wellington Region,Nil,1-way,Sealed,,0.0,0,,100.0,,Null,1.0,0.0,,47,Wellington City,Traffic Signals,,,,,0.0,0.0,Open,0.0,,,Null,Null,0
67703856,,573101,0.0,,0.0,1.0,,Null,2015/2016,JERVOIS QUAY,WAKEFIELD ST,,Non-Injury Crash,No,2016,,North,,0,,Flat,,,,,,Bright sun,2133200,0,0.0,0.0,3.0,,,0.0,,,,,,Wellington Region,Nil,1-way,Sealed,,0.0,0,,50.0,,Null,0.0,0.0,,47,Wellington City,Nil,,,,,0.0,0.0,Urban,1.0,,,Fine,Null,0
67703858,,573101,0.0,,0.0,0.0,,Null,2016/2017,WILLIS ST,KARO DRIVE,,Minor Crash,No,2016,,North,,0,,Flat,,,,,,Overcast,2131900,1,0.0,1.0,3.0,,,0.0,,,,,,Wellington Region,Nil,1-way,Sealed,,0.0,0,,50.0,,Null,1.0,0.0,,47,Wellington City,Traffic Signals,,,,,1.0,0.0,Urban,0.0,,,Light rain,Null,0
67703872,,575300,0.0,0.0,0.0,1.0,0.0,North,2016/2017,SALAMANCA ROAD,KELBURN PARADE,,Non-Injury Crash,No,2017,0.0,North,0.0,0,0.0,Hill Road,0.0,,0.0,,1.0,Dark,2154200,0,0.0,0.0,2.0,0.0,0.0,0.0,0.0,0.0,,0.0,0.0,Wellington Region,Nil,2-way,Sealed,0.0,0.0,0,0.0,50.0,0.0,On,0.0,0.0,,47,Wellington City,Unknown,0.0,0.0,0.0,0.0,0.0,0.0,Urban,0.0,0.0,0.0,Light rain,Null,0
67703907,,573523,0.0,0.0,0.0,1.0,0.0,North,2017/2018,SH 1N,WESTCHESTER DRIVE OBR SBD,,Minor Crash,Yes,2018,0.0,South,0.0,0,0.0,Flat,1.0,,0.0,,0.0,Dark,2086312,1,0.0,0.0,4.0,0.0,0.0,0.0,0.0,0.0,,0.0,0.0,Wellington Region,Nil,2-way,Sealed,0.0,0.0,0,0.0,100.0,0.0,On,0.0,0.0,,47,Wellington City,Unknown,0.0,0.0,0.0,0.0,0.0,0.0,Open,0.0,0.0,0.0,Light rain,Null,0
67703915,,573101,0.0,,0.0,1.0,,East,2017/2018,SH 1N,BUTE ST,,Minor Crash,Yes,2018,,South,,0,,Flat,,,,,,Bright sun,2131800,1,0.0,0.0,2.0,,,0.0,,,1.0,,,Wellington Region,Nil,1-way,Sealed,,0.0,0,,50.0,,Null,0.0,0.0,,47,Wellington City,Nil,,,,,0.0,0.0,Urban,0.0,,,Fine,Null,0
67703919,,573300,0.0,0.0,0.0,1.0,0.0,Null,2017/2018,BUCKLE ST,CAMBRIDGE TERRACE,,Non-Injury Crash,No,2017,0.0,East,0.0,0,0.0,Flat,0.0,,0.0,,1.0,Dark,2145602,0,0.0,0.0,2.0,0.0,0.0,0.0,0.0,0.0,,0.0,1.0,Wellington Region,Nil,1-way,Sealed,0.0,0.0,0,0.0,50.0,0.0,On,0.0,0.0,,47,Wellington City,Nil,0.0,0.0,0.0,1.0,0.0,0.0,Urban,0.0,0.0,0.0,Fine,Null,0
67703954,,573101,0.0,0.0,0.0,0.0,0.0,East,2015/2016,CABLE ST,TARANAKI ST,,Non-Injury Crash,No,2015,0.0,North,0.0,0,0.0,Flat,0.0,,0.0,,0.0,Overcast,2135200,0,0.0,0.0,2.0,0.0,0.0,0.0,0.0,1.0,,0.0,0.0,Wellington Region,Nil,1-way,Sealed,0.0,0.0,0,0.0,50.0,0.0,Null,1.0,0.0,,47,Wellington City,Traffic Signals,0.0,0.0,0.0,0.0,0.0,0.0,Urban,1.0,0.0,0.0,Fine,Null,0
67703998,,573400,0.0,0.0,0.0,2.0,0.0,West,2015/2016,HAWKER ST,MOELLER ST,,Non-Injury Crash,No,2015,0.0,West,0.0,0,0.0,Flat,0.0,,0.0,,0.0,Dark,2139100,0,0.0,0.0,2.0,0.0,0.0,0.0,0.0,1.0,,0.0,0.0,Wellington Region,Nil,2-way,Sealed,0.0,0.0,0,0.0,50.0,0.0,On,0.0,0.0,,47,Wellington City,Unknown,0.0,0.0,0.0,0.0,0.0,0.0,Urban,0.0,0.0,0.0,Fine,Null,0
67704029,,573101,0.0,,0.0,1.0,,Null,2017/2018,SH 1N,VICTORIA ST,,Non-Injury Crash,Yes,2018,,West,,0,,Flat,,,,,,Bright sun,2131600,0,0.0,0.0,3.0,,,0.0,,,,,,Wellington Region,Nil,1-way,Sealed,,0.0,0,,50.0,,Null,1.0,0.0,,47,Wellington City,Traffic Signals,,,,,0.0,0.0,Urban,0.0,,,Fine,Null,0
67704034,,573101,0.0,,0.0,2.0,,West,2014/2015,COURTENAY PLACE,ALLEN ST,,Non-Injury Crash,No,2015,,East,,0,,Flat,,,,,,Dark,2135600,0,0.0,0.0,2.0,,,0.0,,,,,,Wellington Region,Nil,2-way,Sealed,,0.0,0,,50.0,,On,0.0,1.0,,47,Wellington City,Unknown,,,,,0.0,0.0,Urban,0.0,,,Fine,Null,0
67704067,,572500,0.0,,0.0,2.0,,Null,2018/2019,MAIN ROAD,TAWA ST,,Non-Injury Crash,No,2018,,North,,0,,Flat,,,,,,Overcast,1986300,0,0.0,0.0,2.0,,,0.0,,,,,,Wellington Region,Nil,2-way,Sealed,,0.0,0,,50.0,,Null,0.0,0.0,,47,Wellington City,Give way,,,,,0.0,0.0,Urban,0.0,,,Fine,Null,0