OBJECTID,advisorySpeed,areaUnitID,bicycle,bridge,bus,carStationWagon,cliffBank,crashDirectionDescription,crashFinancialYear,crashLocation1,crashLocation2,crashRoadSideRoad,crashSeverity,crashSHDescription,crashYear,debris,directionRoleDescription,ditch,fatalCount,fence,flatHill,guardRail,holiday,houseOrBuilding,intersection,kerb,light,meshblockId,minorInjuryCount,moped,motorcycle,NumberOfLanes,objectThrownOrDropped,otherObject,otherVehicleType,overBank,parkedVehicle,pedestrian,phoneBoxEtc,postOrPole,region,roadCharacter,roadLane,roadSurface,roadworks,schoolBus,seriousInjuryCount,slipOrFlood,speedLimit,strayAnimal,streetLight,suv,taxi,temporarySpeedLimit,tlaId,tlaName,trafficControl,trafficIsland,trafficSign,train,tree,truck,unknownVehicleType,urban,vanOrUtility,vehicle,waterRiver,weatherA,weatherB,if_pandemic
67704068,,573000,0.0,,0.0,2.0,,North,2016/2017,THE TERRACE,DIXON ST,,Non-Injury Crash,No,2017,,North,,0,,Hill Road,,,,,,Twilight,2129200,0,0.0,0.0,2.0,,,0.0,,,,,,Wellington Region,Nil,2-way,Sealed,,0.0,0,,50.0,,On,0.0,0.0,,47,Wellington City,Nil,,,,,0.0,0.0,Urban,0.0,,,Fine,Null,0
67704088,,576901,0.0,,0.0,2.0,,Null,2016/2017,COUTTS ST,ONEPU ROAD,,Non-Injury Crash,No,2016,,South,,0,,Flat,,,,,,Overcast,2178200,0,0.0,0.0,2.0,,,0.0,,,,,,Wellington Region,Nil,2-way,Sealed,,0.0,0,,50.0,,Null,0.0,0.0,,47,Wellington City,Traffic Signals,,,,,0.0,0.0,Urban,0.0,,,Light rain,Null,0
67704093,,573300,0.0,,0.0,0.0,,North,2017/2018,SH 1N,RUGBY ST,,Non-Injury Crash,Yes,2018,,North,,0,,Hill Road,,,,,,Overcast,2145602,0,0.0,1.0,3.0,,,0.0,,,,,,Wellington Region,Nil,1-way,Sealed,,0.0,0,,50.0,,Null,0.0,0.0,,47,Wellington City,Nil,,,,,0.0,0.0,Urban,0.0,,,Light rain,Null,0
67704151,,574600,0.0,0.0,0.0,1.0,0.0,Null,2017/2018,LENNEL ROAD,MOORHOUSE ST,,Non-Injury Crash,No,2018,0.0,West,0.0,0,0.0,Hill Road,0.0,,0.0,,0.0,Dark,2100000,0,0.0,0.0,2.0,0.0,1.0,0.0,0.0,0.0,,0.0,0.0,Wellington Region,Nil,2-way,Sealed,0.0,0.0,0,0.0,50.0,0.0,On,0.0,0.0,,47,Wellington City,Stop,0.0,0.0,0.0,0.0,0.0,0.0,Urban,0.0,0.0,0.0,Fine,Null,0
67704188,,574002,0.0,,0.0,2.0,,East,2015/2016,SH 2,RAILYARD ENTRY,,Non-Injury Crash,Yes,2016,,West,,0,,Flat,,,,,,Overcast,2078302,0,0.0,0.0,2.0,,,0.0,,,,,,Wellington Region,Nil,1-way,Sealed,,0.0,0,,100.0,,Null,0.0,0.0,,47,Wellington City,Unknown,,,,,0.0,0.0,Open,0.0,,,Fine,Null,0
67704232,,573523,0.0,0.0,0.0,2.0,0.0,South,2016/2017,SH 1N,CHURTON PARK ON SBD,,Non-Injury Crash,Yes,2016,0.0,South,0.0,0,0.0,Hill Road,1.0,,0.0,,0.0,Dark,2086310,0,0.0,0.0,4.0,0.0,0.0,0.0,0.0,0.0,,0.0,0.0,Wellington Region,Nil,2-way,Sealed,0.0,0.0,0,0.0,100.0,0.0,On,0.0,0.0,,47,Wellington City,Unknown,0.0,0.0,0.0,0.0,0.0,0.0,Open,0.0,0.0,0.0,Light rain,Strong wind,0
67704266,,573000,0.0,,0.0,1.0,,Null,2015/2016,BOULCOTT ST,GILMER TERRACE,,Non-Injury Crash,No,2015,,,,0,,Hill Road,,,,,,Bright sun,2127200,0,0.0,0.0,2.0,,,0.0,,,1.0,,,Wellington Region,Nil,2-way,Sealed,,0.0,0,,50.0,,None,0.0,0.0,,47,Wellington City,Give way,,,,,0.0,0.0,Urban,0.0,,,Fine,Null,0
67704306,,576002,0.0,,0.0,2.0,,Null,2014/2015,CLYDE ST,MERSEY ST,,Serious Crash,No,2015,,North,,0,,Flat,,,,,,Bright sun,2190600,0,0.0,0.0,2.0,,,0.0,,,,,,Wellington Region,Nil,2-way,Sealed,,0.0,1,,50.0,,Null,0.0,0.0,,47,Wellington City,Stop,,,,,0.0,0.0,Urban,0.0,,,Fine,Null,0
67704313,45.0,576903,0.0,0.0,0.0,2.0,0.0,South,2017/2018,RODRIGO ROAD,BOURKE ST,,Non-Injury Crash,No,2018,0.0,North,0.0,0,0.0,Hill Road,0.0,,0.0,,0.0,Overcast,2179600,0,0.0,0.0,2.0,0.0,0.0,0.0,0.0,1.0,,0.0,0.0,Wellington Region,Nil,2-way,Sealed,0.0,0.0,0,0.0,50.0,0.0,Null,0.0,0.0,,47,Wellington City,Unknown,0.0,0.0,0.0,0.0,0.0,0.0,Urban,0.0,0.0,0.0,Fine,Null,0
67704336,,573101,0.0,,1.0,1.0,,Null,2016/2017,COURTENAY PLACE,TORY ST,,Non-Injury Crash,No,2016,,West,,0,,Flat,,,,,,Overcast,2135600,0,0.0,0.0,1.0,,,0.0,,,,,,Wellington Region,Nil,1-way,Sealed,,0.0,0,,30.0,,Null,0.0,0.0,,47,Wellington City,Traffic Signals,,,,,0.0,0.0,Urban,0.0,,,Fine,Null,0
67704433,,573000,0.0,,0.0,2.0,,Null,2017/2018,WILLIS ST,DIXON ST,,Minor Crash,No,2018,,North,,0,,Hill Road,,,,,,Dark,2130700,2,0.0,0.0,2.0,,,0.0,,,,,,Wellington Region,Nil,1-way,Sealed,,0.0,0,,50.0,,On,0.0,0.0,,47,Wellington City,Traffic Signals,,,,,0.0,0.0,Urban,0.0,,,Fine,Null,0
67704497,,573300,1.0,,0.0,1.0,,Null,2017/2018,ADELAIDE ROAD,KING ST,,Minor Crash,No,2018,,North,,0,,Flat,,,,,,Bright sun,2146100,1,0.0,0.0,2.0,,,0.0,,,,,,Wellington Region,Nil,2-way,Sealed,,0.0,0,,50.0,,Null,0.0,0.0,,47,Wellington City,Give way,,,,,0.0,0.0,Urban,0.0,,,Fine,Null,0
67704499,,573300,1.0,,0.0,1.0,,Null,2017/2018,BROOKLYN ROAD,NAIRN ST,,Serious Crash,No,2018,,South,,0,,Hill Road,,,,,,Dark,2144900,0,0.0,0.0,2.0,,,0.0,,,,,,Wellington Region,Nil,2-way,Sealed,,0.0,1,,50.0,,On,0.0,0.0,,47,Wellington City,Give way,,,,,0.0,0.0,Urban,0.0,,,Fine,Null,0
67704512,,573101,0.0,0.0,0.0,1.0,0.0,West,2015/2016,WIGAN ST,TARANAKI ST,,Non-Injury Crash,No,2016,0.0,West,0.0,0,0.0,Flat,0.0,,0.0,,0.0,Bright sun,2134100,0,0.0,0.0,2.0,0.0,0.0,0.0,0.0,1.0,,0.0,0.0,Wellington Region,Nil,2-way,Sealed,0.0,0.0,0,0.0,50.0,0.0,Null,0.0,0.0,,47,Wellington City,Unknown,0.0,0.0,0.0,0.0,1.0,0.0,Urban,0.0,0.0,0.0,Fine,Null,0
67704523,,572900,1.0,,0.0,1.0,,Null,2018/2019,GLENMORE ST,PATANGA CRESCENT,,Serious Crash,No,2018,,East,,0,,Hill Road,,,,,,Overcast,2121900,0,0.0,0.0,2.0,,,0.0,,,,,,Wellington Region,Nil,2-way,Sealed,,0.0,1,,50.0,,Null,0.0,0.0,,47,Wellington City,Nil,,,,,0.0,0.0,Urban,0.0,,,Fine,Null,0
67704524,,573000,0.0,,0.0,1.0,,South,2015/2016,SH 1N,AURORA TERRACE OBR,,Non-Injury Crash,Yes,2016,,South,,0,,Flat,,,,,,Bright sun,2124801,0,0.0,0.0,1.0,,,0.0,,,,,,Wellington Region,Nil,1-way,Sealed,,0.0,0,,60.0,,Null,0.0,0.0,,47,Wellington City,Unknown,,,,,0.0,0.0,Urban,1.0,,,Fine,Null,0
67704577,,574303,0.0,0.0,0.0,1.0,0.0,South,2017/2018,SH 1N,SH 2,,Minor Crash,Yes,2018,0.0,North,0.0,0,0.0,Flat,1.0,,0.0,,0.0,Dark,2090402,1,0.0,0.0,7.0,0.0,0.0,0.0,0.0,0.0,,0.0,0.0,Wellington Region,Nil,2-way,Sealed,0.0,0.0,0,0.0,100.0,0.0,On,0.0,0.0,,47,Wellington City,Unknown,0.0,0.0,0.0,0.0,0.0,0.0,Open,0.0,0.0,0.0,Fine,Null,0
67704642,,572900,0.0,,0.0,2.0,,South,2014/2015,SH 1N,AOTEA QUAY,,Non-Injury Crash,Yes,2015,,North,,0,,Flat,,,,,,Overcast,2118400,0,0.0,0.0,3.0,,,0.0,,,,,,Wellington Region,Nil,1-way,Sealed,,0.0,0,,100.0,,Null,0.0,0.0,,47,Wellington City,Nil,,,,,0.0,0.0,Open,0.0,,,Light rain,Null,0
67704659,,572900,0.0,0.0,0.0,1.0,0.0,North,2017/2018,TINAKORI ROAD,ASCOT ST,,Non-Injury Crash,No,2018,0.0,South,0.0,0,0.0,Hill Road,0.0,,0.0,,0.0,Bright sun,2121700,0,0.0,0.0,2.0,0.0,0.0,0.0,0.0,1.0,,0.0,0.0,Wellington Region,Nil,2-way,Sealed,0.0,0.0,0,0.0,30.0,0.0,Null,0.0,0.0,,47,Wellington City,Unknown,0.0,0.0,0.0,0.0,0.0,0.0,Urban,1.0,0.0,0.0,Fine,Null,0
67704696,,576901,0.0,,0.0,3.0,,East,2016/2017,SH 1N,TROY ST,,Non-Injury Crash,Yes,2016,,West,,0,,Flat,,,,,,Bright sun,2176800,0,0.0,0.0,2.0,,,0.0,,,,,,Wellington Region,Nil,1-way,Sealed,,0.0,0,,70.0,,Null,0.0,0.0,,47,Wellington City,Unknown,,,,,0.0,0.0,Urban,0.0,,,Fine,Null,0
67704721,,573700,0.0,,0.0,1.0,,Null,2018/2019,JOHNSONVILLE ROAD,BRODERICK ROAD,,Serious Crash,No,2018,,South,,0,,Flat,,,,,,Bright sun,2082900,0,0.0,0.0,4.0,,,0.0,,,1.0,,,Wellington Region,Nil,2-way,Sealed,,0.0,1,,50.0,,Null,0.0,0.0,,47,Wellington City,Traffic Signals,,,,,0.0,0.0,Urban,0.0,,,Fine,Null,0
67704729,,572900,0.0,,0.0,1.0,,North,2017/2018,TINAKORI ROAD,HAWKESTONE ST,,Minor Crash,No,2018,,South,,0,,Hill Road,,,,,,Dark,2119500,1,0.0,0.0,2.0,,,0.0,,,1.0,,,Wellington Region,Nil,2-way,Sealed,,0.0,0,,50.0,,On,0.0,0.0,,47,Wellington City,Give way,,,,,0.0,0.0,Urban,0.0,,,Heavy rain,Null,0
67704777,,574500,0.0,,0.0,2.0,,North,2018/2019,SH 1N,AOTEA ON NBD,,Non-Injury Crash,Yes,2018,,East,,0,,Flat,,,,,,Bright sun,2093600,0,0.0,0.0,8.0,,,0.0,,,,,,Wellington Region,Nil,2-way,Sealed,,0.0,0,,100.0,,Null,0.0,0.0,60.0,47,Wellington City,Unknown,,,,,0.0,0.0,Open,0.0,,,Fine,Null,0
67704803,,576001,0.0,0.0,0.0,1.0,0.0,North,2017/2018,THE PARADE,TAMAR ST,,Non-Injury Crash,No,2018,0.0,North,0.0,0,0.0,Flat,0.0,,0.0,,0.0,Dark,2193400,0,0.0,0.0,2.0,0.0,0.0,0.0,0.0,1.0,,0.0,0.0,Wellington Region,Nil,2-way,Sealed,0.0,0.0,0,0.0,50.0,0.0,On,0.0,0.0,,47,Wellington City,Nil,0.0,0.0,0.0,0.0,0.0,0.0,Urban,1.0,0.0,0.0,Fine,Null,0
67704804,,573200,0.0,,0.0,1.0,,Null,2016/2017,NAIRN ST,FITCHETT AVENUE,,Minor Crash,No,2016,,North,,0,,Hill Road,,,,,,Bright sun,2159605,1,1.0,0.0,2.0,,,0.0,,,,,,Wellington Region,Nil,2-way,Sealed,,0.0,0,,50.0,,Null,0.0,0.0,,47,Wellington City,Nil,,,,,0.0,0.0,Urban,0.0,,,Fine,Null,0
67704832,,575300,0.0,,0.0,1.0,,East,2015/2016,GLENMORE ST,GARDEN ROAD,,Minor Crash,No,2016,,East,,0,,Hill Road,,,,,,Bright sun,2153501,1,0.0,0.0,2.0,,,0.0,,,,,,Wellington Region,Nil,2-way,Sealed,,0.0,0,,50.0,,Null,1.0,0.0,,47,Wellington City,Unknown,,,,,0.0,0.0,Urban,1.0,,,Fine,Null,0
67704843,,574002,0.0,0.0,0.0,2.0,0.0,South,2017/2018,SH 1N,NEWLANDS ON SBD,,Non-Injury Crash,Yes,2018,0.0,South,0.0,0,0.0,Hill Road,0.0,,0.0,,0.0,Bright sun,2078304,0,0.0,0.0,3.0,1.0,0.0,0.0,0.0,0.0,,0.0,0.0,Wellington Region,Nil,1-way,Sealed,0.0,0.0,0,0.0,80.0,0.0,Null,0.0,0.0,,47,Wellington City,Unknown,0.0,0.0,0.0,0.0,0.0,0.0,Open,0.0,0.0,0.0,Fine,Null,0
67704866,,572701,0.0,,0.0,2.0,,North,2015/2016,MAIN ROAD,FYVIE AVENUE,,Non-Injury Crash,No,2015,,North,,0,,Flat,,,,,,Dark,1994002,0,0.0,0.0,2.0,,,0.0,,,,,,Wellington Region,Nil,2-way,Sealed,,0.0,0,,50.0,,On,0.0,0.0,,47,Wellington City,Give way,,,,,0.0,0.0,Urban,0.0,,,Fine,Null,0
67704899,,573000,1.0,0.0,0.0,1.0,0.0,North,2017/2018,CUSTOMHOUSE QUAY,JOHNSTON ST,,Minor Crash,No,2018,0.0,South,0.0,0,0.0,Flat,0.0,,0.0,,0.0,Overcast,2124300,1,0.0,0.0,6.0,0.0,0.0,0.0,0.0,1.0,,0.0,0.0,Wellington Region,Nil,2-way,Sealed,0.0,0.0,0,0.0,50.0,0.0,Null,0.0,0.0,,47,Wellington City,Unknown,0.0,0.0,0.0,0.0,0.0,0.0,Urban,0.0,0.0,0.0,Fine,Null,0
67704915,,576800,0.0,0.0,0.0,3.0,0.0,East,2018/2019,HATAITAI ROAD,KONINI ROAD,,Minor Crash,No,2018,0.0,East,0.0,0,0.0,Hill Road,0.0,,0.0,,0.0,Dark,2185500,1,0.0,0.0,2.0,0.0,0.0,0.0,0.0,2.0,,0.0,0.0,Wellington Region,Nil,2-way,Sealed,0.0,0.0,0,0.0,50.0,0.0,On,0.0,0.0,,47,Wellington City,Unknown,0.0,0.0,0.0,0.0,0.0,0.0,Urban,0.0,0.0,0.0,Fine,Null,0
67704940,,573200,0.0,,1.0,1.0,,North,2015/2016,WILLIS ST,BROOKLYN ROAD,,Non-Injury Crash,No,2016,,South,,0,,Hill Road,,,,,,Twilight,2159601,0,0.0,0.0,4.0,,,0.0,,,,,,Wellington Region,Nil,2-way,Sealed,,0.0,0,,50.0,,Off,0.0,0.0,,47,Wellington City,Give way,,,,,0.0,0.0,Urban,0.0,,,Fine,Null,0
67704943,,573000,0.0,,0.0,1.0,,West,2017/2018,DIXON ST,WILLIS ST,,Non-Injury Crash,No,2018,,East,,0,,Hill Road,,,,,,Twilight,2130700,0,0.0,0.0,2.0,,,0.0,,,,,,Wellington Region,Nil,2-way,Sealed,,0.0,0,,50.0,,Off,0.0,0.0,,47,Wellington City,Unknown,,,,,0.0,0.0,Urban,1.0,,,Fine,Null,0
67704957,,575400,0.0,,0.0,1.0,,South,2018/2019,MOUNT PLEASANT ROAD,RAROA ROAD,,Serious Crash,No,2018,,North,,0,,Hill Road,,Labour Weekend,,,,Dark,2155800,0,0.0,0.0,2.0,,,0.0,,,1.0,,,Wellington Region,Nil,2-way,Sealed,,0.0,1,,50.0,,On,0.0,0.0,,47,Wellington City,Nil,,,,,0.0,0.0,Urban,0.0,,,Fine,Null,0
67704971,,577000,0.0,0.0,0.0,1.0,0.0,Null,2017/2018,YULE ST,RESOLUTION ST,,Non-Injury Crash,No,2017,0.0,North,0.0,0,1.0,Flat,0.0,,0.0,,0.0,Dark,2175000,0,0.0,0.0,2.0,0.0,0.0,0.0,0.0,0.0,,0.0,0.0,Wellington Region,Nil,2-way,Sealed,0.0,0.0,0,0.0,50.0,0.0,None,0.0,0.0,,47,Wellington City,Nil,0.0,0.0,0.0,0.0,0.0,0.0,Urban,0.0,0.0,0.0,Fine,Null,0
67704978,,572900,0.0,,0.0,1.0,,North,2014/2015,THORNDON QUAY,MULGRAVE ST,,Non-Injury Crash,No,2015,,South,,0,,Flat,,,,,,Bright sun,2122700,0,0.0,0.0,4.0,,,0.0,,,,,,Wellington Region,Nil,2-way,Sealed,,0.0,0,,50.0,,Null,0.0,0.0,,47,Wellington City,Nil,,,,,0.0,0.0,Urban,1.0,,,Fine,Null,0
67705008,,573101,0.0,0.0,0.0,2.0,0.0,North,2016/2017,CUBA ST,MANNERS ST,,Non-Injury Crash,No,2016,0.0,North,0.0,0,0.0,Flat,0.0,,0.0,,0.0,Dark,2133300,0,0.0,0.0,1.0,0.0,0.0,0.0,0.0,1.0,,0.0,0.0,Wellington Region,Nil,1-way,Sealed,0.0,0.0,0,0.0,10.0,0.0,On,0.0,0.0,,47,Wellington City,Unknown,0.0,0.0,0.0,0.0,0.0,0.0,Urban,0.0,0.0,0.0,Fine,Null,0
67705012,,573400,0.0,,0.0,0.0,,West,2017/2018,SH 1N,WEST PORTAL,,Serious Crash,Yes,2017,,West,,0,,Hill Road,,,,,,Overcast,2143300,0,0.0,0.0,4.0,,,0.0,,,1.0,,,Wellington Region,Nil,2-way,Sealed,,0.0,1,,50.0,,Null,0.0,0.0,,47,Wellington City,Unknown,,,,,0.0,0.0,Urban,1.0,,,Fine,Null,0
67705016,,576800,0.0,,0.0,1.0,,Null,2017/2018,SH 1N,TAURIMA ST,,Minor Crash,Yes,2017,,East,,0,,Flat,,,,,,Dark,2181900,1,1.0,0.0,2.0,,,0.0,,,,,,Wellington Region,Nil,2-way,Sealed,,0.0,0,,50.0,,On,0.0,0.0,,47,Wellington City,Give way,,,,,0.0,0.0,Urban,0.0,,,Fine,Null,0
67705036,,577000,0.0,,0.0,1.0,,South,2016/2017,Z CARPARK,GEORGE BOLT ST,,Minor Crash,No,2017,,North,,0,,Flat,,,,,,Overcast,2175600,1,1.0,0.0,0.0,,,0.0,,,,,,Wellington Region,Nil,Off road,Sealed,,0.0,0,,50.0,,Off,0.0,0.0,,47,Wellington City,Nil,,,,,0.0,0.0,Urban,0.0,,,Fine,Null,0
67705078,,576901,0.0,,0.0,2.0,,Null,2015/2016,EVANS BAY PARADE,SH 1N,,Non-Injury Crash,No,2016,,North,,0,,Flat,,,,,,Overcast,2177800,0,0.0,0.0,1.0,,,0.0,,,,,,Wellington Region,Motorway ramp,1-way,Sealed,,0.0,0,,50.0,,On,0.0,0.0,,47,Wellington City,Give way,,,,,0.0,0.0,Urban,0.0,,,Fine,Null,0
67705117,,572600,0.0,0.0,0.0,2.0,0.0,Null,2017/2018,MAIN ROAD,CAMBRIDGE ST,,Minor Crash,No,2018,0.0,South,0.0,0,0.0,Flat,0.0,,0.0,,0.0,Overcast,1988500,1,0.0,0.0,3.0,0.0,0.0,0.0,0.0,0.0,,0.0,0.0,Wellington Region,Nil,2-way,Sealed,0.0,0.0,0,0.0,50.0,0.0,Null,0.0,0.0,,47,Wellington City,Give way,0.0,1.0,0.0,0.0,0.0,0.0,Urban,0.0,0.0,0.0,Fine,Null,0
67705125,,573000,0.0,,0.0,2.0,,North,2017/2018,WILLIS ST,SH 1N,,Non-Injury Crash,No,2017,,South,,0,,Hill Road,,,,,,Dark,2129700,0,0.0,0.0,2.0,,,0.0,,,,,,Wellington Region,Nil,1-way,Sealed,,0.0,0,,50.0,,On,0.0,0.0,,47,Wellington City,Unknown,,,,,0.0,0.0,Urban,0.0,,,Null,Null,0
67705175,,573000,0.0,,0.0,1.0,,North,2017/2018,WILLIS ST,DIXON ST,,Non-Injury Crash,No,2017,,North,,0,,Hill Road,,,,,,Bright sun,2129100,0,0.0,0.0,2.0,,,0.0,,,1.0,,,Wellington Region,Nil,2-way,Sealed,,0.0,0,,50.0,,Null,0.0,0.0,,47,Wellington City,Unknown,,,,,0.0,0.0,Urban,0.0,,,Fine,Null,0
67705180,,575200,0.0,0.0,0.0,2.0,0.0,North,2016/2017,NORTHLAND ROAD,RANDWICK ROAD,,Non-Injury Crash,No,2016,0.0,South,0.0,0,0.0,Hill Road,0.0,,0.0,,0.0,Bright sun,2150800,0,0.0,0.0,2.0,0.0,0.0,0.0,0.0,1.0,,0.0,0.0,Wellington Region,Nil,2-way,Sealed,0.0,0.0,0,0.0,50.0,0.0,None,0.0,0.0,,47,Wellington City,Unknown,0.0,0.0,0.0,0.0,0.0,0.0,Urban,0.0,0.0,0.0,Fine,Null,0
67705223,,573000,0.0,0.0,0.0,0.0,0.0,South,2017/2018,WATERLOO QUAY,BUNNY ST,,Non-Injury Crash,No,2017,0.0,North,0.0,0,0.0,Flat,0.0,,0.0,,0.0,Dark,2124300,0,0.0,0.0,5.0,0.0,0.0,0.0,0.0,0.0,,0.0,0.0,Wellington Region,Nil,2-way,Sealed,0.0,0.0,0,0.0,50.0,0.0,On,0.0,0.0,,47,Wellington City,Unknown,0.0,1.0,0.0,0.0,0.0,0.0,Urban,1.0,0.0,0.0,Light rain,Null,0
67705229,,573101,0.0,,0.0,1.0,,Null,2017/2018,SH 1N,VICTORIA ST,,Non-Injury Crash,Yes,2018,,East,,0,,Flat,,,,,,Bright sun,2131600,0,0.0,0.0,2.0,,,0.0,,,,,,Wellington Region,Nil,1-way,Sealed,,0.0,0,,50.0,,Null,0.0,0.0,,47,Wellington City,Traffic Signals,,,,,1.0,0.0,Urban,0.0,,,Fine,Null,0
67705240,,572900,0.0,,0.0,1.0,,North,2015/2016,SH 1N,MOLESWORTH OBR,,Non-Injury Crash,Yes,2016,,North,,0,,Flat,,,,,,Dark,2118500,0,0.0,0.0,4.0,,,0.0,,,,,,Wellington Region,Nil,1-way,Sealed,,0.0,0,,70.0,,On,1.0,0.0,,47,Wellington City,Unknown,,,,,0.0,0.0,Urban,0.0,,,Light rain,Null,0
67705242,,573101,0.0,0.0,0.0,1.0,0.0,East,2015/2016,DIXON ST,WILLIS ST,,Non-Injury Crash,No,2015,0.0,West,0.0,0,0.0,Flat,0.0,,0.0,,0.0,Bright sun,2131300,0,0.0,0.0,2.0,0.0,0.0,0.0,0.0,1.0,,0.0,0.0,Wellington Region,Nil,2-way,Sealed,0.0,0.0,0,0.0,50.0,0.0,Null,0.0,0.0,,47,Wellington City,Unknown,0.0,0.0,0.0,0.0,1.0,0.0,Urban,0.0,0.0,0.0,Fine,Null,0
67705327,,576600,0.0,,0.0,1.0,,West,2017/2018,ORIENTAL PARADE,CARLTON GORE ROAD,,Non-Injury Crash,No,2017,,East,,0,,Flat,,Labour Weekend,,,,Bright sun,2137400,0,1.0,0.0,2.0,,,0.0,,,,,,Wellington Region,Nil,2-way,Sealed,,0.0,0,,40.0,,Null,0.0,0.0,,47,Wellington City,Unknown,,,,,0.0,0.0,Urban,0.0,,,Fine,Strong wind,0
67705341,,573511,0.0,0.0,0.0,1.0,0.0,South,2017/2018,SH 1N,TAWA OFF NBD,,Non-Injury Crash,Yes,2017,0.0,North,0.0,0,0.0,Flat,1.0,,0.0,,0.0,Overcast,2086201,0,0.0,0.0,4.0,0.0,0.0,0.0,0.0,0.0,,0.0,0.0,Wellington Region,Nil,2-way,Sealed,0.0,0.0,0,0.0,100.0,0.0,Null,0.0,0.0,,47,Wellington City,Unknown,0.0,0.0,0.0,0.0,0.0,0.0,Open,0.0,0.0,0.0,Fine,Null,0
67705363,,572900,0.0,0.0,0.0,2.0,0.0,South,2017/2018,SH 1N,HOBSON ST OBR NBD,,Non-Injury Crash,Yes,2018,0.0,South,0.0,0,0.0,Flat,1.0,,0.0,,0.0,Bright sun,2118500,0,0.0,0.0,3.0,0.0,0.0,0.0,0.0,0.0,,0.0,0.0,Wellington Region,Nil,1-way,Sealed,0.0,0.0,0,0.0,100.0,0.0,Null,0.0,0.0,,47,Wellington City,Unknown,0.0,0.0,0.0,0.0,0.0,0.0,Open,0.0,0.0,0.0,Fine,Null,0
67705373,,573000,0.0,0.0,0.0,2.0,0.0,South,2017/2018,WILLIS ST,DIXON ST,,Non-Injury Crash,No,2018,0.0,South,0.0,0,0.0,Hill Road,0.0,,0.0,,0.0,Bright sun,2130700,0,0.0,0.0,2.0,0.0,0.0,0.0,0.0,1.0,,0.0,0.0,Wellington Region,Nil,2-way,Sealed,0.0,0.0,0,0.0,50.0,0.0,Null,0.0,0.0,,47,Wellington City,Unknown,0.0,0.0,0.0,0.0,0.0,0.0,Urban,0.0,0.0,0.0,Null,Null,0
67705432,,576903,0.0,0.0,0.0,2.0,0.0,West,2016/2017,SH 1N,EVANS BAY PARADE,,Non-Injury Crash,Yes,2016,0.0,East,0.0,0,0.0,Flat,0.0,,0.0,,0.0,Overcast,2180200,0,0.0,0.0,2.0,0.0,0.0,0.0,0.0,1.0,,0.0,0.0,Wellington Region,Nil,1-way,Sealed,0.0,0.0,0,0.0,50.0,0.0,Null,0.0,0.0,,47,Wellington City,Unknown,0.0,0.0,0.0,0.0,0.0,0.0,Urban,0.0,0.0,0.0,Fine,Null,0
67705463,,574303,0.0,,0.0,1.0,,North,2018/2019,SH 1N,ONSLOW RAIL OBR,,Non-Injury Crash,Yes,2018,,North,,0,,Flat,,,,,,Twilight,2090402,0,0.0,1.0,3.0,,,0.0,,,,,,Wellington Region,Nil,1-way,Sealed,,0.0,0,,100.0,,On,0.0,0.0,,47,Wellington City,Unknown,,,,,0.0,0.0,Open,0.0,,,Fine,Null,0
67705488,,573000,0.0,,0.0,1.0,,Null,2015/2016,SH 1N,WILLIS ST,,Non-Injury Crash,Yes,2016,,East,,0,,Flat,,,,,,Dark,2129700,0,0.0,0.0,2.0,,,0.0,,,,,,Wellington Region,Nil,1-way,Sealed,,0.0,0,,50.0,,On,1.0,0.0,,47,Wellington City,Traffic Signals,,,,,0.0,0.0,Urban,0.0,,,Null,Null,0
67705514,,576400,0.0,0.0,0.0,2.0,0.0,North,2015/2016,DANIELL ST,ROY ST,,Non-Injury Crash,No,2015,0.0,North,0.0,0,0.0,Hill Road,0.0,,0.0,,0.0,Bright sun,2170600,0,0.0,0.0,1.0,0.0,0.0,0.0,0.0,1.0,,0.0,0.0,Wellington Region,Nil,2-way,Sealed,0.0,0.0,0,0.0,50.0,0.0,Null,0.0,0.0,,47,Wellington City,Unknown,0.0,0.0,0.0,0.0,0.0,0.0,Urban,0.0,0.0,0.0,Fine,Null,0
67705519,,573101,0.0,,0.0,1.0,,Null,2016/2017,VICTORIA ST,BOND ST,,Non-Injury Crash,No,2017,,South,,0,,Flat,,,,,,Overcast,2131100,0,0.0,0.0,2.0,,,0.0,,,,,,Wellington Region,Nil,1-way,Sealed,,0.0,0,,30.0,,Null,0.0,0.0,,47,Wellington City,Give way,,,,,1.0,0.0,Urban,0.0,,,Fine,Null,0
67705597,,575300,0.0,1.0,0.0,0.0,0.0,East,2016/2017,KARORI TUNNEL,RAROA CRESCENT,,Non-Injury Crash,No,2017,0.0,West,0.0,0,0.0,Flat,0.0,,0.0,,0.0,Bright sun,2151700,0,0.0,0.0,2.0,0.0,0.0,0.0,0.0,0.0,,0.0,0.0,Wellington Region,Nil,2-way,Sealed,0.0,0.0,0,0.0,50.0,0.0,Null,0.0,0.0,,47,Wellington City,Unknown,0.0,0.0,0.0,0.0,1.0,0.0,Urban,0.0,0.0,0.0,Fine,Null,0
67705604,,576500,1.0,,0.0,1.0,,Null,2017/2018,ADELAIDE ROAD,BROWN ST,,Serious Crash,No,2017,,North,,0,,Flat,,,,,,Bright sun,2148100,0,0.0,0.0,4.0,,,0.0,,,,,,Wellington Region,Nil,2-way,Sealed,,0.0,1,,50.0,,Null,0.0,0.0,,47,Wellington City,Nil,,,,,0.0,0.0,Urban,0.0,,,Fine,Null,0