OBJECTID,advisorySpeed,areaUnitID,bicycle,bridge,bus,carStationWagon,cliffBank,crashDirectionDescription,crashFinancialYear,crashLocation1,crashLocation2,crashRoadSideRoad,crashSeverity,crashSHDescription,crashYear,debris,directionRoleDescription,ditch,fatalCount,fence,flatHill,guardRail,holiday,houseOrBuilding,intersection,kerb,light,meshblockId,minorInjuryCount,moped,motorcycle,NumberOfLanes,objectThrownOrDropped,otherObject,otherVehicleType,overBank,parkedVehicle,pedestrian,phoneBoxEtc,postOrPole,region,roadCharacter,roadLane,roadSurface,roadworks,schoolBus,seriousInjuryCount,slipOrFlood,speedLimit,strayAnimal,streetLight,suv,taxi,temporarySpeedLimit,tlaId,tlaName,trafficControl,trafficIsland,trafficSign,train,tree,truck,unknownVehicleType,urban,vanOrUtility,vehicle,waterRiver,weatherA,weatherB,if_pandemic
67705636,,576002,0.0,0.0,0.0,1.0,0.0,North,2015/2016,CLYDE ST,MERSEY ST,,Non-Injury Crash,No,2016,0.0,South,0.0,0,0.0,Flat,0.0,,0.0,,0.0,Dark,2190600,0,0.0,0.0,2.0,0.0,0.0,0.0,0.0,1.0,,0.0,0.0,Wellington Region,Nil,2-way,Sealed,0.0,0.0,0,0.0,50.0,0.0,On,1.0,0.0,,47,Wellington City,Unknown,0.0,0.0,0.0,0.0,0.0,0.0,Urban,0.0,0.0,0.0,Light rain,Null,0
67705649,,573300,0.0,0.0,0.0,2.0,0.0,West,2017/2018,BIDWILL ST,WALLACE ST,,Non-Injury Crash,No,2017,0.0,West,0.0,0,0.0,Hill Road,0.0,,0.0,,0.0,Bright sun,2145100,0,0.0,0.0,2.0,0.0,0.0,0.0,0.0,1.0,,0.0,0.0,Wellington Region,Nil,2-way,Sealed,0.0,0.0,0,0.0,50.0,0.0,Null,0.0,0.0,,47,Wellington City,Unknown,0.0,0.0,0.0,0.0,0.0,0.0,Urban,0.0,0.0,0.0,Fine,Null,0
67705655,,575600,0.0,,0.0,1.0,,East,2017/2018,MITCHELL ST,TODMAN ST,,Non-Injury Crash,No,2018,,North,,0,,Hill Road,,,,,,Bright sun,2161400,0,0.0,0.0,2.0,,,0.0,,,,,,Wellington Region,Nil,2-way,Sealed,,0.0,0,,50.0,,Null,1.0,0.0,,47,Wellington City,Nil,,,,,0.0,0.0,Urban,0.0,,,Fine,Null,0
67705683,,574800,0.0,,0.0,1.0,,Null,2017/2018,OLD KARORI ROAD,PAISLEY TERRACE,,Non-Injury Crash,No,2018,,West,,0,,Null,,,,,,Overcast,2106000,0,0.0,0.0,2.0,,,0.0,,,,,,Wellington Region,Nil,2-way,Sealed,,0.0,0,,50.0,,Null,0.0,0.0,,47,Wellington City,Give way,,,,,1.0,0.0,Urban,0.0,,,Fine,Null,0
67705704,,573000,0.0,,0.0,3.0,,North,2015/2016,THE TERRACE,DIXON ST,,Non-Injury Crash,No,2016,,South,,0,,Hill Road,,,,,,Twilight,2128200,0,0.0,0.0,2.0,,,0.0,,,,,,Wellington Region,Nil,2-way,Sealed,,0.0,0,,50.0,,Off,0.0,0.0,,47,Wellington City,Unknown,,,,,0.0,0.0,Urban,0.0,,,Fine,Null,0
67705729,,573300,0.0,0.0,0.0,1.0,0.0,Null,2017/2018,SH 1N,RUGBY ST,,Non-Injury Crash,Yes,2018,0.0,West,0.0,0,0.0,Flat,0.0,,0.0,,0.0,Dark,2145700,0,0.0,0.0,3.0,0.0,0.0,0.0,0.0,1.0,,0.0,0.0,Wellington Region,Nil,1-way,Sealed,0.0,0.0,0,0.0,50.0,0.0,On,0.0,0.0,,47,Wellington City,Nil,0.0,0.0,0.0,0.0,1.0,0.0,Urban,0.0,0.0,0.0,Light rain,Null,0
67705769,,574002,0.0,0.0,0.0,1.0,0.0,South,2018/2019,SH 1N,CENTENNIAL NBD,,Minor Crash,Yes,2018,0.0,North,0.0,0,0.0,Flat,1.0,,0.0,,0.0,Bright sun,2078302,1,0.0,0.0,2.0,0.0,1.0,0.0,0.0,0.0,,0.0,0.0,Wellington Region,Bridge,1-way,Sealed,0.0,0.0,0,0.0,100.0,0.0,Null,0.0,0.0,,47,Wellington City,Unknown,0.0,0.0,0.0,0.0,0.0,0.0,Open,0.0,0.0,0.0,Fine,Null,0
67705784,,576700,0.0,0.0,0.0,3.0,0.0,North,2015/2016,GRAFTON ROAD,PALLISER ROAD,,Non-Injury Crash,No,2016,0.0,South,0.0,0,0.0,Flat,0.0,,0.0,,0.0,Twilight,2186000,0,1.0,0.0,2.0,0.0,0.0,0.0,0.0,3.0,,0.0,0.0,Wellington Region,Nil,2-way,Sealed,0.0,0.0,0,0.0,50.0,0.0,None,0.0,0.0,,47,Wellington City,Unknown,0.0,0.0,0.0,0.0,0.0,0.0,Urban,0.0,0.0,0.0,Fine,Null,0
67705814,,573101,0.0,,0.0,2.0,,Null,2014/2015,TARANAKI ST,CABLE ST,,Non-Injury Crash,No,2015,,East,,0,,Flat,,,,,,Bright sun,2133100,0,0.0,0.0,3.0,,,0.0,,,,,,Wellington Region,Nil,2-way,Sealed,,0.0,0,,50.0,,Off,0.0,1.0,,47,Wellington City,Traffic Signals,,,,,0.0,0.0,Urban,0.0,,,Fine,Null,0
67705828,,575600,1.0,,0.0,0.0,,South,2016/2017,OHIRO ROAD,HELEN ST,,Serious Crash,No,2016,,North,,0,,Hill Road,,,,,,Dark,2161900,0,0.0,0.0,2.0,,,0.0,,,,,,Wellington Region,Nil,2-way,Sealed,,0.0,1,,50.0,,On,0.0,0.0,,47,Wellington City,Unknown,,,,,0.0,0.0,Urban,0.0,,,Fine,Null,0
67705877,,573000,0.0,,0.0,1.0,,Null,2017/2018,CUSTOMHOUSE QUAY,JOHNSTON ST,,Non-Injury Crash,No,2017,,North,,0,,Flat,,,,,,Bright sun,2124300,0,0.0,0.0,3.0,,,0.0,,,,,,Wellington Region,Nil,1-way,Sealed,,0.0,0,,50.0,,Null,0.0,0.0,,47,Wellington City,Traffic Signals,,,,,1.0,0.0,Urban,0.0,,,Fine,Null,0
67705878,,574302,0.0,,0.0,3.0,,South,2014/2015,ONSLOW ROAD,HOMEBUSH ROAD,,Non-Injury Crash,No,2015,,North,,0,,Flat,,,,,,Bright sun,2090500,0,0.0,0.0,2.0,,,0.0,,,,,,Wellington Region,Nil,2-way,Sealed,,0.0,0,,50.0,,Null,0.0,0.0,,47,Wellington City,Nil,,,,,0.0,0.0,Urban,0.0,,,Fine,Null,0
67705884,,574600,0.0,0.0,1.0,1.0,0.0,East,2015/2016,WADESTOWN ROAD,BLACKBRIDGE ROAD,,Non-Injury Crash,No,2016,0.0,East,0.0,0,0.0,Hill Road,0.0,,0.0,,0.0,Overcast,2100800,0,0.0,0.0,2.0,0.0,0.0,0.0,0.0,1.0,,0.0,0.0,Wellington Region,Nil,2-way,Sealed,0.0,0.0,0,0.0,50.0,0.0,Null,0.0,0.0,,47,Wellington City,Give way,0.0,0.0,0.0,0.0,0.0,0.0,Urban,0.0,0.0,0.0,Null,Null,0
67705893,,573000,1.0,,0.0,1.0,,Null,2018/2019,CUSTOMHOUSE QUAY,HUNTER ST,,Minor Crash,No,2018,,South,,0,,Flat,,,,,,Overcast,2125800,1,0.0,0.0,2.0,,,0.0,,,,,,Wellington Region,Nil,2-way,Sealed,,0.0,0,,50.0,,Null,0.0,0.0,,47,Wellington City,Traffic Signals,,,,,0.0,0.0,Urban,1.0,,,Light rain,Null,0
67705913,,574002,0.0,,0.0,2.0,,North,2017/2018,SH 2,SH 1N,,Non-Injury Crash,Yes,2017,,North,,0,,Flat,,,,,,Dark,2078302,0,0.0,0.0,2.0,,,0.0,,,,,,Wellington Region,Nil,1-way,Sealed,,0.0,0,,60.0,,On,0.0,0.0,,47,Wellington City,Nil,,,,,0.0,0.0,Urban,1.0,,,Fine,Null,0
67705917,,574303,0.0,,0.0,1.0,,Null,2017/2018,SH 1N,SH 2,,Non-Injury Crash,Yes,2018,,West,,0,,Flat,,,,,,Overcast,2090402,0,0.0,0.0,6.0,,,0.0,,,,,,Wellington Region,Nil,2-way,Sealed,,0.0,0,,100.0,,Null,1.0,0.0,,47,Wellington City,Nil,,,,,0.0,0.0,Open,0.0,,,Fine,Null,0
67705931,,576903,0.0,0.0,0.0,2.0,0.0,Null,2017/2018,MOXHAM AVENUE,GOA ST,,Non-Injury Crash,No,2017,0.0,North,0.0,0,0.0,Flat,0.0,,0.0,,0.0,Bright sun,2180700,0,0.0,0.0,2.0,0.0,0.0,0.0,0.0,1.0,,0.0,0.0,Wellington Region,Nil,2-way,Sealed,0.0,0.0,0,0.0,50.0,0.0,Null,0.0,0.0,,47,Wellington City,Stop,0.0,0.0,0.0,0.0,0.0,0.0,Urban,1.0,0.0,0.0,Fine,Null,0
67705940,,572500,0.0,0.0,0.0,1.0,0.0,Null,2015/2016,MAIN ROAD,REDWOOD AVENUE,,Non-Injury Crash,No,2016,0.0,North,0.0,0,0.0,Flat,0.0,,0.0,,0.0,Overcast,1986300,0,0.0,0.0,2.0,0.0,0.0,0.0,0.0,0.0,,0.0,1.0,Wellington Region,Nil,2-way,Sealed,0.0,0.0,0,0.0,50.0,0.0,Null,0.0,0.0,,47,Wellington City,Give way,0.0,0.0,0.0,0.0,0.0,0.0,Urban,0.0,0.0,0.0,Fine,Null,0
67705989,,573200,0.0,,0.0,2.0,,East,2017/2018,OHIRO ROAD,MAARAMA CRESCENT,,Non-Injury Crash,No,2018,,North,,0,,Hill Road,,,,,,Dark,2159100,0,0.0,0.0,2.0,,,0.0,,,,,,Wellington Region,Nil,2-way,Sealed,,0.0,0,,50.0,,On,0.0,0.0,,47,Wellington City,Unknown,,,,,0.0,0.0,Urban,0.0,,,Light rain,Null,0
67706004,,576700,0.0,,0.0,2.0,,South,2016/2017,EVANS BAY PARADE,RPNYC START BOX,,Non-Injury Crash,No,2016,,South,,0,,Flat,,,,,,Bright sun,2186500,0,0.0,0.0,2.0,,,0.0,,,,,,Wellington Region,Nil,2-way,Sealed,,0.0,0,,50.0,,Null,0.0,0.0,,47,Wellington City,Unknown,,,,,0.0,0.0,Urban,0.0,,,Fine,Null,0
67706024,,576301,0.0,,0.0,1.0,,Null,2017/2018,HALL ST,ADELAIDE ROAD,,Serious Crash,No,2017,,East,,0,,Hill Road,,,,,,Bright sun,2163900,0,0.0,0.0,2.0,,,0.0,,,1.0,,,Wellington Region,Nil,2-way,Sealed,,0.0,1,,50.0,,Null,0.0,0.0,,47,Wellington City,Traffic Signals,,,,,0.0,0.0,Urban,0.0,,,Fine,Null,0
67706029,,576301,0.0,0.0,0.0,2.0,0.0,Null,2017/2018,ADELAIDE ROAD,STOKE ST,,Non-Injury Crash,No,2018,0.0,North,0.0,0,0.0,Hill Road,0.0,,0.0,,0.0,Dark,2165300,0,0.0,0.0,2.0,0.0,0.0,0.0,0.0,1.0,,0.0,0.0,Wellington Region,Nil,2-way,Sealed,0.0,0.0,0,0.0,50.0,0.0,On,0.0,0.0,,47,Wellington City,Give way,0.0,0.0,0.0,0.0,0.0,0.0,Urban,0.0,0.0,0.0,Light rain,Null,0
67706055,,575300,0.0,0.0,0.0,2.0,0.0,North,2017/2018,KELBURN PARADE,GLASGOW ST,,Non-Injury Crash,No,2017,0.0,South,0.0,0,0.0,Hill Road,0.0,,0.0,,0.0,Bright sun,2154400,0,0.0,0.0,2.0,0.0,0.0,0.0,0.0,1.0,,0.0,0.0,Wellington Region,Nil,2-way,Sealed,0.0,0.0,0,0.0,50.0,0.0,Null,0.0,0.0,,47,Wellington City,Unknown,0.0,0.0,0.0,0.0,0.0,0.0,Urban,0.0,0.0,0.0,Fine,Null,0
67706060,,573101,0.0,,0.0,2.0,,North,2016/2017,WILLIS ST,SH 1N,,Non-Injury Crash,No,2017,,North,,0,,Flat,,,,,,Overcast,2131600,0,0.0,0.0,3.0,,,0.0,,,,,,Wellington Region,Nil,1-way,Sealed,,0.0,0,,50.0,,Null,0.0,0.0,,47,Wellington City,Unknown,,,,,0.0,0.0,Urban,0.0,,,Light rain,Null,0
67706089,,573101,0.0,0.0,0.0,2.0,0.0,North,2017/2018,TORY ST,HOLLAND ST,,Non-Injury Crash,No,2017,0.0,South,0.0,0,0.0,Flat,0.0,,0.0,,0.0,Bright sun,2136000,0,0.0,0.0,2.0,0.0,0.0,0.0,0.0,1.0,,0.0,0.0,Wellington Region,Nil,2-way,Sealed,0.0,0.0,0,0.0,50.0,0.0,Null,0.0,0.0,,47,Wellington City,Unknown,0.0,0.0,0.0,0.0,0.0,0.0,Urban,0.0,0.0,0.0,Fine,Null,0
67706156,,574402,0.0,0.0,0.0,2.0,0.0,South,2016/2017,OTTAWA ROAD,AWARUA ST,,Non-Injury Crash,No,2017,0.0,North,0.0,0,0.0,Flat,0.0,,0.0,,0.0,Dark,2096300,0,0.0,0.0,2.0,0.0,0.0,0.0,0.0,1.0,,0.0,0.0,Wellington Region,Nil,2-way,Sealed,0.0,0.0,0,0.0,50.0,0.0,On,0.0,0.0,,47,Wellington City,Unknown,0.0,0.0,0.0,0.0,0.0,0.0,Urban,0.0,0.0,0.0,Heavy rain,Null,0
67706209,,573101,0.0,,0.0,2.0,,Null,2017/2018,SH 1N,TARANAKI ST,,Non-Injury Crash,Yes,2017,,East,,0,,Hill Road,,,,,,Dark,2133800,0,0.0,0.0,2.0,,,0.0,,,,,,Wellington Region,Nil,1-way,Sealed,,0.0,0,,50.0,,On,0.0,0.0,,47,Wellington City,Traffic Signals,,,,,0.0,0.0,Urban,0.0,,,Fine,Null,0
67706214,,572500,0.0,0.0,0.0,0.0,0.0,Null,2015/2016,MAIN ROAD,WILLOWBANK ROAD,,Non-Injury Crash,No,2015,0.0,North,0.0,0,0.0,Flat,0.0,,0.0,,0.0,Bright sun,2053701,0,0.0,0.0,2.0,0.0,1.0,0.0,0.0,0.0,,0.0,0.0,Wellington Region,Nil,2-way,Sealed,0.0,0.0,0,0.0,50.0,0.0,Null,0.0,0.0,,47,Wellington City,Give way,0.0,0.0,0.0,0.0,1.0,0.0,Urban,0.0,0.0,0.0,Fine,Null,0
67706239,,574002,0.0,,0.0,1.0,,Null,2017/2018,CENTENNIAL NBD,SLIP ROAD,,Serious Crash,Yes,2018,,North,,0,,Flat,,,,,,Bright sun,2078302,0,0.0,1.0,2.0,,,0.0,,,,,,Wellington Region,Nil,1-way,Sealed,,0.0,1,,80.0,,Null,0.0,0.0,,47,Wellington City,Nil,,,,,0.0,0.0,Open,0.0,,,Fine,Null,0
67706242,,573101,0.0,,1.0,1.0,,East,2014/2015,COURTENAY PLACE,TORY ST,,Non-Injury Crash,No,2015,,West,,0,,Flat,,,,,,Bright sun,2135700,0,0.0,0.0,2.0,,,0.0,,,,,,Wellington Region,Nil,2-way,Sealed,,0.0,0,,50.0,,Off,0.0,0.0,,47,Wellington City,Nil,,,,,0.0,0.0,Urban,0.0,,,Fine,Null,0
67706249,,575600,0.0,0.0,0.0,2.0,0.0,East,2017/2018,DORKING ROAD,COOLIDGE ST,,Non-Injury Crash,No,2017,0.0,East,0.0,0,0.0,Hill Road,0.0,,0.0,,0.0,Overcast,2163000,0,0.0,0.0,2.0,0.0,0.0,0.0,0.0,1.0,,0.0,0.0,Wellington Region,Nil,2-way,Sealed,0.0,0.0,0,0.0,50.0,0.0,Null,0.0,0.0,,47,Wellington City,Unknown,0.0,0.0,0.0,0.0,0.0,0.0,Urban,0.0,0.0,0.0,Fine,Strong wind,0
67706307,,573511,0.0,,0.0,2.0,,Null,2017/2018,MIDDLETON ROAD,WESTCHESTER DRIVE,,Non-Injury Crash,No,2018,,West,,0,,Flat,,,,,,Overcast,2086203,0,0.0,0.0,2.0,,,0.0,,,,,,Wellington Region,Nil,2-way,Sealed,,0.0,0,,50.0,,Null,0.0,0.0,,47,Wellington City,Give way,,,,,0.0,0.0,Urban,0.0,,,Light rain,Null,0
67706342,,573523,0.0,,0.0,1.0,,North,2015/2016,SH 1N,CHURTON PARK OFF SBD,,Non-Injury Crash,Yes,2015,,South,,0,,Flat,,,,,,Overcast,2086312,0,0.0,0.0,4.0,,,0.0,,,,,,Wellington Region,Nil,2-way,Sealed,,0.0,0,,100.0,,Null,1.0,0.0,,47,Wellington City,Nil,,,,,0.0,0.0,Open,1.0,,,Light rain,Null,0
67706412,,573200,0.0,,0.0,0.0,,Null,2017/2018,BROOKLYN ROAD,WASHINGTON AVENUE,,Non-Injury Crash,No,2017,,East,,0,,Hill Road,,,,,,Bright sun,2159300,0,0.0,1.0,2.0,,,0.0,,,,,,Wellington Region,Nil,2-way,Sealed,,0.0,0,,50.0,,Null,1.0,0.0,,47,Wellington City,Give way,,,,,0.0,0.0,Urban,0.0,,,Fine,Null,0
67706432,,573525,0.0,,0.0,4.0,,South,2017/2018,SH 1N,PED SUBWAY,,Non-Injury Crash,Yes,2017,,South,,0,,Hill Road,,,,,,Overcast,2053827,0,0.0,0.0,2.0,,,0.0,,,,,,Wellington Region,Nil,1-way,Sealed,,0.0,0,,100.0,,Null,0.0,0.0,,47,Wellington City,Unknown,,,,,0.0,0.0,Open,0.0,,,Fine,Null,0
67706435,,573000,0.0,,0.0,1.0,,West,2017/2018,GREY ST,CUSTOMHOUSE QUAY,,Non-Injury Crash,No,2017,,West,,0,,Flat,,,,,,Bright sun,2125800,0,0.0,0.0,2.0,,,0.0,,,,,,Wellington Region,Nil,2-way,Sealed,,0.0,0,,50.0,,Null,1.0,0.0,,47,Wellington City,Unknown,,,,,0.0,0.0,Urban,0.0,,,Fine,Null,0
67706448,,573101,0.0,,0.0,1.0,,North,2016/2017,WAKEFIELD ST,CUBA ST,,Non-Injury Crash,No,2017,,North,,0,,Flat,,,,,,Bright sun,2131200,0,0.0,0.0,2.0,,,0.0,,,,,,Wellington Region,Nil,2-way,Sealed,,0.0,0,,50.0,,Null,0.0,0.0,,47,Wellington City,Unknown,,,,,0.0,0.0,Urban,1.0,,,Fine,Null,0
67706465,,573511,0.0,0.0,0.0,1.0,0.0,South,2017/2018,SH 1N,TAWA OFF NBD,,Non-Injury Crash,Yes,2018,0.0,North,0.0,0,0.0,Flat,0.0,,0.0,,0.0,Twilight,2086201,0,0.0,0.0,4.0,0.0,0.0,0.0,1.0,0.0,,0.0,0.0,Wellington Region,Nil,2-way,Sealed,0.0,0.0,0,0.0,100.0,0.0,On,0.0,0.0,,47,Wellington City,Unknown,0.0,0.0,0.0,0.0,0.0,0.0,Open,0.0,0.0,0.0,Fine,Null,0
67706495,,575000,0.0,0.0,0.0,2.0,0.0,South,2017/2018,MESSINES ROAD,TIRO ST,,Non-Injury Crash,No,2018,0.0,South,0.0,0,0.0,Hill Road,0.0,,0.0,,0.0,Overcast,2114100,0,0.0,0.0,2.0,0.0,0.0,0.0,0.0,1.0,,0.0,0.0,Wellington Region,Nil,2-way,Sealed,0.0,0.0,0,0.0,50.0,0.0,Null,0.0,0.0,,47,Wellington City,Unknown,0.0,0.0,0.0,0.0,0.0,0.0,Urban,0.0,0.0,0.0,Null,Null,0
67706503,,576903,0.0,0.0,0.0,3.0,0.0,North,2017/2018,KILBIRNIE CRESCENT,VALLANCE ST,,Non-Injury Crash,No,2017,0.0,North,0.0,0,0.0,Flat,0.0,,0.0,,0.0,Overcast,2177900,0,0.0,0.0,2.0,0.0,0.0,0.0,0.0,2.0,,0.0,0.0,Wellington Region,Nil,2-way,Sealed,0.0,0.0,0,0.0,50.0,0.0,Null,0.0,0.0,,47,Wellington City,Unknown,0.0,0.0,0.0,0.0,0.0,0.0,Urban,0.0,0.0,0.0,Fine,Null,0
67706524,,574303,0.0,,0.0,2.0,,North,2017/2018,SH 1N,ONSLOW RAIL OBR,,Non-Injury Crash,Yes,2017,,South,,0,,Flat,,,,,,Bright sun,2090402,0,0.0,0.0,7.0,,,0.0,,,,,,Wellington Region,Nil,2-way,Sealed,,0.0,0,,100.0,,Null,0.0,0.0,,47,Wellington City,Unknown,,,,,0.0,0.0,Open,0.0,,,Fine,Null,0
67706569,,574401,0.0,,0.0,2.0,,South,2017/2018,CHELMSFORD ST,HEKE ST,,Minor Crash,No,2018,,North,,0,,Hill Road,,,,,,Bright sun,2094300,1,0.0,0.0,2.0,,,0.0,,,,,,Wellington Region,Nil,2-way,Sealed,,0.0,0,,50.0,,Null,0.0,0.0,,47,Wellington City,Unknown,,,,,0.0,0.0,Urban,0.0,,,Fine,Null,0
67706581,,573300,0.0,,0.0,1.0,,North,2018/2019,WRIGHT ST,SALISBURY TERRACE,,Minor Crash,No,2018,,North,,0,,Hill Road,,,,,,Bright sun,2147600,1,0.0,0.0,2.0,,,0.0,,,1.0,,,Wellington Region,Nil,2-way,Sealed,,0.0,0,,50.0,,Null,0.0,0.0,,47,Wellington City,Unknown,,,,,0.0,0.0,Urban,0.0,,,Fine,Null,0
67706590,,573000,0.0,,0.0,2.0,,West,2015/2016,MERCER ST,VICTORIA ST,,Non-Injury Crash,No,2016,,East,,0,,Flat,,,,,,Bright sun,2127400,0,0.0,0.0,2.0,,,0.0,,,,,,Wellington Region,Nil,1-way,Sealed,,0.0,0,,30.0,,Null,0.0,1.0,,47,Wellington City,Unknown,,,,,0.0,0.0,Urban,0.0,,,Fine,Null,0
67706622,,575902,0.0,,0.0,1.0,,West,2015/2016,RARANGI WAY,HAPPY VALLEY ROAD,,Non-Injury Crash,No,2015,,South,,0,,Hill Road,,,,,,Overcast,2187303,0,0.0,0.0,2.0,,,0.0,,,,,,Wellington Region,Nil,2-way,Sealed,,0.0,0,,50.0,,Null,1.0,0.0,,47,Wellington City,Unknown,,,,,0.0,0.0,Urban,0.0,,,Light rain,Null,0
67706627,,572900,0.0,,0.0,3.0,,Null,2017/2018,SH 1N,MOLESWORTH OBR,,Non-Injury Crash,Yes,2017,,North,,0,,Flat,,Christmas New Year,,,,Overcast,2119300,0,0.0,0.0,3.0,,,0.0,,,,,,Wellington Region,Nil,1-way,Sealed,,0.0,0,,100.0,,Null,1.0,0.0,,47,Wellington City,Unknown,,,,,0.0,0.0,Open,0.0,,,Light rain,Null,0
67706666,,573101,0.0,,0.0,1.0,,Null,2015/2016,SH 1N,VICTORIA ST,,Serious Crash,Yes,2015,,North,,0,,Flat,,,,,,Dark,2132400,0,0.0,0.0,3.0,,,0.0,,,1.0,,,Wellington Region,Nil,1-way,Sealed,,0.0,1,,50.0,,On,0.0,0.0,,47,Wellington City,Traffic Signals,,,,,0.0,0.0,Urban,0.0,,,Light rain,Null,0
67706752,,574800,0.0,0.0,0.0,3.0,0.0,West,2017/2018,KARORI ROAD,DONALD ST,,Non-Injury Crash,No,2017,0.0,North,0.0,0,0.0,Hill Road,0.0,,0.0,,0.0,Bright sun,2107900,0,0.0,0.0,2.0,0.0,0.0,0.0,0.0,2.0,,0.0,0.0,Wellington Region,Nil,2-way,Sealed,0.0,0.0,0,0.0,50.0,0.0,Null,0.0,0.0,,47,Wellington City,Unknown,0.0,0.0,0.0,0.0,0.0,0.0,Urban,0.0,0.0,0.0,Fine,Null,0
67706768,,574800,0.0,0.0,0.0,2.0,0.0,East,2017/2018,KARORI ROAD,HATTON ST,,Non-Injury Crash,No,2017,0.0,West,0.0,0,0.0,Flat,0.0,,0.0,,0.0,Bright sun,2107003,0,0.0,0.0,1.0,0.0,0.0,0.0,0.0,1.0,,0.0,0.0,Wellington Region,Nil,2-way,Sealed,0.0,0.0,0,0.0,50.0,0.0,Null,0.0,0.0,,47,Wellington City,Unknown,0.0,0.0,0.0,0.0,0.0,0.0,Urban,0.0,0.0,0.0,Fine,Null,0
67706778,,574001,0.0,,0.0,1.0,,Null,2015/2016,GLANMIRE ROAD,BLACK ROCK ROAD,,Non-Injury Crash,No,2015,,West,,0,,Hill Road,,,,,,Overcast,2076100,0,0.0,0.0,2.0,,,0.0,,,,,,Wellington Region,Nil,2-way,Sealed,,0.0,0,,50.0,,Null,0.0,0.0,,47,Wellington City,Give way,,,,,1.0,0.0,Urban,0.0,,,Light rain,Null,0
67706779,,576400,0.0,0.0,0.0,1.0,0.0,West,2017/2018,MOUNT ALBERT ROAD,VOLGA ST,,Minor Crash,No,2018,0.0,North,0.0,0,0.0,Hill Road,0.0,,0.0,,0.0,Bright sun,2170901,1,0.0,0.0,2.0,0.0,0.0,0.0,0.0,0.0,,0.0,1.0,Wellington Region,Nil,2-way,Sealed,0.0,0.0,0,0.0,50.0,0.0,Null,0.0,0.0,,47,Wellington City,Unknown,0.0,0.0,0.0,0.0,0.0,0.0,Urban,0.0,0.0,0.0,Fine,Strong wind,0
67706786,,573101,0.0,0.0,0.0,3.0,0.0,West,2015/2016,GHUZNEE ST,MARION ST,,Non-Injury Crash,No,2015,0.0,West,0.0,0,0.0,Flat,0.0,,0.0,,0.0,Bright sun,2133600,0,0.0,0.0,2.0,0.0,0.0,0.0,0.0,1.0,,0.0,0.0,Wellington Region,Nil,2-way,Sealed,0.0,0.0,0,0.0,50.0,0.0,Null,0.0,0.0,,47,Wellington City,Nil,0.0,0.0,0.0,0.0,0.0,0.0,Urban,0.0,0.0,0.0,Fine,Null,0
67706862,,573101,0.0,,0.0,2.0,,East,2015/2016,COURTENAY PLACE,TORY ST,,Non-Injury Crash,No,2016,,West,,0,,Flat,,,,,,Dark,2135700,0,0.0,0.0,4.0,,,0.0,,,,,,Wellington Region,Nil,2-way,Sealed,,0.0,0,,30.0,,On,0.0,1.0,,47,Wellington City,Unknown,,,,,0.0,0.0,Urban,0.0,,,Fine,Null,0
67706874,,572701,0.0,0.0,0.0,1.0,1.0,North,2014/2015,COLLINS AVENUE,COATES ST,,Minor Crash,No,2015,0.0,South,0.0,0,0.0,Hill Road,0.0,,0.0,,0.0,Bright sun,1993100,1,0.0,0.0,2.0,0.0,0.0,0.0,0.0,0.0,,0.0,0.0,Wellington Region,Nil,2-way,Sealed,0.0,0.0,0,0.0,50.0,0.0,Off,0.0,0.0,,47,Wellington City,Nil,0.0,0.0,0.0,0.0,0.0,0.0,Urban,0.0,0.0,0.0,Fine,Null,0
67706880,,573101,0.0,,0.0,2.0,,East,2016/2017,SH 1N,DUNLOP TERRACE,,Non-Injury Crash,Yes,2017,,East,,0,,Hill Road,,,,,,Overcast,2133600,0,0.0,0.0,2.0,,,0.0,,,,,,Wellington Region,Nil,1-way,Sealed,,0.0,0,,50.0,,Null,0.0,0.0,,47,Wellington City,Unknown,,,,,0.0,0.0,Urban,0.0,,,Light rain,Null,0
67706883,,573101,0.0,,0.0,1.0,,North,2016/2017,TARANAKI ST,WAKEFIELD ST,,Non-Injury Crash,No,2017,,South,,0,,Null,,,,,,Overcast,2133100,0,0.0,0.0,5.0,,,0.0,,,,,,Wellington Region,Nil,2-way,Sealed,,0.0,0,,50.0,,Off,0.0,0.0,,47,Wellington City,Nil,,,,,0.0,0.0,Urban,1.0,,,Null,Null,0
67706919,,575100,0.0,0.0,0.0,1.0,1.0,Null,2017/2018,SOUTH KARORI ROAD,HAZLEWOOD AVENUE,,Minor Crash,No,2018,0.0,West,0.0,0,0.0,Flat,0.0,,0.0,,1.0,Bright sun,2116309,1,0.0,0.0,2.0,0.0,0.0,0.0,0.0,0.0,,0.0,0.0,Wellington Region,Nil,2-way,Sealed,0.0,0.0,0,0.0,50.0,0.0,Null,0.0,0.0,,47,Wellington City,Give way,0.0,0.0,0.0,0.0,0.0,0.0,Urban,0.0,0.0,0.0,Fine,Null,0
67706935,,573101,0.0,,1.0,0.0,,East,2017/2018,CABLE ST,CHAFFERS ST,,Minor Crash,No,2018,,East,,0,,Flat,,,,,,Bright sun,2135500,1,0.0,0.0,3.0,,,0.0,,,1.0,,,Wellington Region,Nil,1-way,Sealed,,0.0,0,,50.0,,Null,0.0,0.0,,47,Wellington City,Unknown,,,,,0.0,0.0,Urban,0.0,,,Fine,Null,0