OBJECTID,advisorySpeed,areaUnitID,bicycle,bridge,bus,carStationWagon,cliffBank,crashDirectionDescription,crashFinancialYear,crashLocation1,crashLocation2,crashRoadSideRoad,crashSeverity,crashSHDescription,crashYear,debris,directionRoleDescription,ditch,fatalCount,fence,flatHill,guardRail,holiday,houseOrBuilding,intersection,kerb,light,meshblockId,minorInjuryCount,moped,motorcycle,NumberOfLanes,objectThrownOrDropped,otherObject,otherVehicleType,overBank,parkedVehicle,pedestrian,phoneBoxEtc,postOrPole,region,roadCharacter,roadLane,roadSurface,roadworks,schoolBus,seriousInjuryCount,slipOrFlood,speedLimit,strayAnimal,streetLight,suv,taxi,temporarySpeedLimit,tlaId,tlaName,trafficControl,trafficIsland,trafficSign,train,tree,truck,unknownVehicleType,urban,vanOrUtility,vehicle,waterRiver,weatherA,weatherB,if_pandemic
67706947,,573200,0.0,,0.0,0.0,,South,2017/2018,FAIRLIE TERRACE,KELBURN PARADE,,Non-Injury Crash,No,2018,,South,,0,,Hill Road,,,,,,Overcast,2157000,0,0.0,0.0,2.0,,,0.0,,,,,,Wellington Region,Nil,2-way,Sealed,,0.0,0,,50.0,,Null,2.0,0.0,,47,Wellington City,Unknown,,,,,0.0,0.0,Urban,0.0,,,Fine,Null,0
67706980,,573000,0.0,,0.0,2.0,,Null,2016/2017,WILLIS ST,DIXON ST,,Non-Injury Crash,No,2017,,North,,0,,Hill Road,,,,,,Overcast,2130700,0,0.0,0.0,2.0,,,0.0,,,,,,Wellington Region,Nil,2-way,Sealed,,0.0,0,,50.0,,Null,0.0,1.0,,47,Wellington City,Traffic Signals,,,,,0.0,0.0,Urban,0.0,,,Fine,Null,0
67707027,,573000,0.0,,0.0,1.0,,South,2017/2018,SH 1N,SOUTH PORTAL,,Non-Injury Crash,Yes,2017,,South,,0,,Flat,,,,,,Bright sun,2130600,0,0.0,0.0,3.0,,,0.0,,,,,,Wellington Region,Nil,2-way,Sealed,,0.0,0,,80.0,,Null,0.0,0.0,,47,Wellington City,Unknown,,,,,1.0,0.0,Open,1.0,,,Fine,Null,0
67707065,,573526,0.0,0.0,0.0,0.0,0.0,West,2017/2018,SH 2,HOROKIWI ROAD,,Non-Injury Crash,Yes,2018,0.0,West,0.0,0,0.0,Flat,1.0,,0.0,,0.0,Dark,2086403,0,0.0,0.0,2.0,0.0,0.0,0.0,0.0,0.0,,0.0,0.0,Wellington Region,Nil,1-way,Sealed,0.0,0.0,0,0.0,100.0,0.0,On,0.0,0.0,,47,Wellington City,Unknown,0.0,0.0,0.0,0.0,0.0,0.0,Open,1.0,0.0,0.0,Fine,Null,0
67707122,,573101,0.0,,0.0,2.0,,Null,2015/2016,OLD BUCKLE ST,TARANAKI ST,,Minor Crash,No,2015,,West,,0,,Flat,,,,,,Bright sun,2134800,1,0.0,0.0,3.0,,,0.0,,,,,,Wellington Region,Nil,2-way,Sealed,,0.0,0,,50.0,,Null,0.0,0.0,,47,Wellington City,Traffic Signals,,,,,0.0,0.0,Urban,0.0,,,Fine,Null,0
67707129,,573526,0.0,,0.0,2.0,,North,2017/2018,SH 2,RAILYARD ENTRY,,Minor Crash,Yes,2018,,South,,0,,Flat,,,,,,Dark,2077503,1,0.0,0.0,4.0,,,0.0,,,,,,Wellington Region,Nil,2-way,Sealed,,0.0,0,,100.0,,On,0.0,0.0,,47,Wellington City,Unknown,,,,,0.0,0.0,Open,0.0,,,Fine,Null,0
67707141,,572701,0.0,,0.0,2.0,,Null,2018/2019,COLLINS AVENUE,HANDYSIDE ST,,Non-Injury Crash,No,2018,,West,,0,,Hill Road,,,,,,Overcast,1993000,0,0.0,0.0,2.0,,,0.0,,,,,,Wellington Region,Nil,2-way,Sealed,,0.0,0,,50.0,,Null,0.0,0.0,,47,Wellington City,Stop,,,,,0.0,0.0,Urban,0.0,,,Fine,Null,0
67707142,,573101,0.0,,0.0,1.0,,Null,2015/2016,SH 1N KARO DRIVE,VICTORIA ST,,Non-Injury Crash,Yes,2016,,North,,0,,Flat,,,,,,Bright sun,2132400,0,0.0,0.0,3.0,,,0.0,,,,,,Wellington Region,Nil,1-way,Sealed,,0.0,0,,50.0,,Null,1.0,0.0,,47,Wellington City,Traffic Signals,,,,,0.0,0.0,Urban,0.0,,,Fine,Null,0
67707147,,573000,0.0,,0.0,1.0,,Null,2017/2018,JERVOIS QUAY,POST OFFICE SQUARE,,Non-Injury Crash,No,2018,,North,,0,,Flat,,,,,,Bright sun,2125900,0,0.0,1.0,3.0,,,0.0,,,,,,Wellington Region,Nil,1-way,Sealed,,0.0,0,,50.0,,Null,0.0,0.0,,47,Wellington City,Traffic Signals,,,,,0.0,0.0,Urban,0.0,,,Null,Null,0
67707157,,575600,0.0,0.0,0.0,1.0,0.0,East,2017/2018,CLEVELAND ST,OHIRO ROAD,,Non-Injury Crash,No,2018,0.0,North,0.0,0,0.0,Flat,0.0,,0.0,,0.0,Dark,2162300,0,0.0,0.0,2.0,0.0,0.0,0.0,0.0,1.0,,0.0,0.0,Wellington Region,Nil,2-way,Sealed,0.0,0.0,0,0.0,30.0,0.0,On,1.0,0.0,,47,Wellington City,Unknown,0.0,0.0,0.0,0.0,0.0,0.0,Urban,0.0,0.0,0.0,Fine,Null,0
67707200,,573901,0.0,0.0,0.0,2.0,0.0,East,2017/2018,STEWART DRIVE,PRITCHARD ST,,Minor Crash,No,2017,0.0,East,0.0,0,0.0,Hill Road,0.0,,0.0,,0.0,Overcast,2073400,1,0.0,0.0,2.0,0.0,0.0,0.0,0.0,1.0,,0.0,0.0,Wellington Region,Nil,2-way,Sealed,0.0,0.0,0,0.0,50.0,0.0,On,0.0,0.0,,47,Wellington City,Unknown,0.0,0.0,0.0,0.0,0.0,0.0,Urban,0.0,0.0,0.0,Light rain,Null,0
67707216,,575300,0.0,,0.0,1.0,,North,2017/2018,KELBURN PARADE,GLASGOW ST,,Serious Crash,No,2017,,North,,0,,Hill Road,,,,,,Overcast,2155300,0,0.0,1.0,2.0,,,0.0,,,,,,Wellington Region,Nil,2-way,Sealed,,0.0,1,,50.0,,Null,0.0,0.0,,47,Wellington City,Nil,,,,,0.0,0.0,Urban,0.0,,,Fine,Null,0
67707233,,573101,0.0,0.0,0.0,1.0,0.0,East,2017/2018,DIXON ST,WILLIS ST,,Non-Injury Crash,No,2017,0.0,West,0.0,0,0.0,Flat,0.0,,0.0,,0.0,Bright sun,2131400,0,0.0,0.0,2.0,0.0,0.0,0.0,0.0,1.0,,0.0,0.0,Wellington Region,Nil,1-way,Sealed,0.0,0.0,0,0.0,50.0,0.0,Null,1.0,0.0,,47,Wellington City,Unknown,0.0,0.0,0.0,0.0,0.0,0.0,Urban,0.0,0.0,0.0,Fine,Null,0
67707244,,574001,0.0,0.0,0.0,1.0,0.0,North,2016/2017,SH 1N,NEWLANDS ON SBD,,Non-Injury Crash,Yes,2017,0.0,South,0.0,0,0.0,Hill Road,1.0,,0.0,,0.0,Bright sun,2077600,0,0.0,0.0,6.0,0.0,0.0,0.0,0.0,0.0,,0.0,0.0,Wellington Region,Nil,2-way,Sealed,0.0,0.0,0,0.0,80.0,0.0,Null,0.0,0.0,,47,Wellington City,Unknown,0.0,0.0,0.0,0.0,1.0,0.0,Open,0.0,0.0,0.0,Fine,Null,0
67707279,,577400,0.0,0.0,0.0,2.0,0.0,West,2017/2018,KARAKA BAY ROAD,PT HOWARD,,Non-Injury Crash,No,2018,0.0,North,0.0,0,0.0,Flat,0.0,,0.0,,0.0,Bright sun,2209800,0,0.0,0.0,2.0,0.0,0.0,0.0,0.0,1.0,,0.0,0.0,Wellington Region,Nil,2-way,Sealed,0.0,0.0,0,0.0,40.0,0.0,Null,0.0,0.0,,47,Wellington City,Unknown,0.0,0.0,0.0,0.0,0.0,0.0,Urban,0.0,0.0,0.0,Fine,Null,0
67707281,,572701,0.0,0.0,0.0,1.0,0.0,North,2017/2018,VICTORY CRESCENT,TURKINGTON ST,,Non-Injury Crash,No,2018,0.0,South,0.0,0,0.0,Hill Road,0.0,,0.0,,0.0,Overcast,1994705,0,0.0,0.0,2.0,0.0,0.0,0.0,0.0,1.0,,0.0,0.0,Wellington Region,Nil,2-way,Sealed,0.0,0.0,0,0.0,50.0,0.0,Null,0.0,0.0,,47,Wellington City,Unknown,0.0,0.0,0.0,0.0,0.0,0.0,Urban,1.0,0.0,0.0,Snow,Null,0
67707306,,572701,0.0,,0.0,1.0,,Null,2014/2015,MCLELLAN ST,DUNCAN ST,,Non-Injury Crash,No,2015,,North,,0,,Flat,,,,,,Bright sun,1993600,0,0.0,0.0,2.0,,,0.0,,,,,,Wellington Region,Nil,2-way,Sealed,,0.0,0,,50.0,,Null,0.0,0.0,,47,Wellington City,Give way,,,,,1.0,0.0,Urban,0.0,,,Fine,Null,0
67707330,,574001,1.0,,0.0,1.0,,South,2014/2015,SH 1N,JOHNSONVILLE ON SBD,,Serious Crash,Yes,2015,,South,,0,,Flat,,,,,,Twilight,2077600,0,0.0,0.0,2.0,,,0.0,,,,,,Wellington Region,Motorway ramp,1-way,Sealed,,0.0,1,,80.0,,On,0.0,0.0,,47,Wellington City,Unknown,,,,,0.0,0.0,Open,0.0,,,Fine,Null,0
67707374,,572701,0.0,0.0,0.0,0.0,0.0,North,2016/2017,SH 1N,COLLINS OBR,,Serious Crash,Yes,2016,0.0,North,0.0,0,0.0,Flat,1.0,,0.0,,0.0,Dark,1995700,0,0.0,0.0,4.0,0.0,0.0,0.0,0.0,0.0,,0.0,0.0,Wellington Region,Nil,2-way,Sealed,0.0,0.0,1,0.0,100.0,0.0,None,1.0,0.0,80.0,47,Wellington City,Unknown,0.0,0.0,0.0,0.0,0.0,0.0,Open,0.0,0.0,0.0,Fine,Frost,0
67707429,,574200,0.0,0.0,0.0,3.0,0.0,East,2018/2019,BURMA ROAD,JALNA AVENUE,,Serious Crash,No,2018,0.0,South,0.0,0,0.0,Flat,0.0,,0.0,,0.0,Overcast,2088100,0,0.0,0.0,2.0,0.0,0.0,0.0,0.0,1.0,,0.0,1.0,Wellington Region,Nil,2-way,Sealed,0.0,0.0,1,0.0,50.0,0.0,Null,0.0,0.0,,47,Wellington City,Nil,0.0,0.0,0.0,0.0,0.0,0.0,Urban,0.0,0.0,0.0,Fine,Null,0
67707445,,573000,0.0,0.0,0.0,1.0,0.0,North,2017/2018,SH 1N,AURORA TERRACE OBR,,Non-Injury Crash,Yes,2018,0.0,North,0.0,0,0.0,Flat,0.0,,0.0,,0.0,Bright sun,2124500,0,0.0,0.0,3.0,1.0,0.0,0.0,0.0,0.0,,0.0,0.0,Wellington Region,Nil,1-way,Sealed,0.0,0.0,0,0.0,80.0,0.0,Null,1.0,1.0,,47,Wellington City,Unknown,0.0,0.0,0.0,0.0,0.0,0.0,Open,0.0,0.0,0.0,Null,Null,0
67707451,,573101,0.0,,0.0,1.0,,Null,2018/2019,GHUZNEE ST,VICTORIA ST,,Non-Injury Crash,No,2018,,East,,0,,Flat,,,,,,Dark,2131700,0,0.0,0.0,2.0,,,0.0,,,,,,Wellington Region,Nil,2-way,Sealed,,0.0,0,,50.0,,On,0.0,0.0,,47,Wellington City,Traffic Signals,,,,,0.0,0.0,Urban,0.0,,,Fine,Null,0
67707457,,576301,0.0,,0.0,2.0,,Null,2017/2018,HANSON ST,JOHN ST,,Non-Injury Crash,No,2018,,North,,0,,Flat,,,,,,Bright sun,2163300,0,0.0,0.0,1.0,,,0.0,,,,,,Wellington Region,Nil,1-way,Sealed,,0.0,0,,50.0,,Null,0.0,0.0,,47,Wellington City,Give way,,,,,0.0,0.0,Urban,0.0,,,Fine,Null,0
67707483,,573000,0.0,,0.0,2.0,,Null,2017/2018,THE TERRACE,EVERTON TERRACE,,Non-Injury Crash,No,2018,,South,,0,,Flat,,,,,,Overcast,2126700,0,0.0,0.0,1.0,,,0.0,,,,,,Wellington Region,Nil,1-way,Sealed,,0.0,0,,50.0,,On,0.0,0.0,,47,Wellington City,Traffic Signals,,,,,0.0,0.0,Urban,0.0,,,Fine,Null,0
67707484,,576400,0.0,0.0,0.0,3.0,0.0,West,2017/2018,NEWTOWN AVENUE,DANIELL ST,,Non-Injury Crash,No,2017,0.0,East,0.0,0,0.0,Flat,0.0,,0.0,,0.0,Dark,2168400,0,0.0,0.0,2.0,0.0,0.0,0.0,0.0,1.0,,0.0,0.0,Wellington Region,Nil,2-way,Sealed,0.0,0.0,0,0.0,40.0,0.0,On,0.0,0.0,,47,Wellington City,Unknown,0.0,0.0,0.0,0.0,0.0,0.0,Urban,0.0,0.0,0.0,Fine,Null,0
67707551,,573000,0.0,,0.0,1.0,,South,2017/2018,KARO DRIVE,SH 1N,,Non-Injury Crash,Yes,2017,,North,,0,,Hill Road,,,,,,Bright sun,2130200,0,0.0,0.0,2.0,,,0.0,,,,,,Wellington Region,Nil,1-way,Sealed,,0.0,0,,50.0,,Null,0.0,0.0,,47,Wellington City,Unknown,,,,,1.0,0.0,Urban,0.0,,,Fine,Null,0
67707555,,576500,0.0,,0.0,1.0,,Null,2018/2019,ADELAIDE ROAD,DRUMMOND ST,,Minor Crash,No,2018,,North,,0,,Flat,,,,,,Overcast,2148400,1,1.0,0.0,3.0,,,0.0,,,,,,Wellington Region,Nil,2-way,Sealed,,0.0,0,,50.0,,Null,0.0,0.0,,47,Wellington City,Stop,,,,,0.0,0.0,Urban,0.0,,,Fine,Null,0
67707563,,573000,0.0,,0.0,1.0,,Null,2017/2018,CUSTOMHOUSE QUAY,WILLESTON ST,,Non-Injury Crash,No,2018,,West,,0,,Flat,,,,,,Twilight,2127100,0,0.0,0.0,2.0,,,0.0,,,,,,Wellington Region,Nil,1-way,Sealed,,0.0,0,,30.0,,On,0.0,0.0,,47,Wellington City,Traffic Signals,,,,,0.0,0.0,Urban,1.0,,,Light rain,Null,0
67707564,,573300,0.0,0.0,0.0,1.0,0.0,North,2017/2018,SH 1N,BELFAST ST,,Non-Injury Crash,Yes,2017,0.0,West,0.0,0,1.0,Hill Road,0.0,,0.0,,0.0,Dark,2145602,0,0.0,0.0,3.0,0.0,0.0,0.0,0.0,0.0,,0.0,0.0,Wellington Region,Nil,1-way,Sealed,0.0,0.0,0,0.0,50.0,0.0,On,0.0,0.0,,47,Wellington City,Unknown,0.0,0.0,0.0,0.0,0.0,0.0,Urban,0.0,0.0,0.0,Light rain,Null,0
67707579,,574001,0.0,,0.0,3.0,,South,2018/2019,SH 1N,NEWLANDS OBR SBD,,Minor Crash,Yes,2018,,North,,0,,Hill Road,,,,,,Dark,2077600,2,0.0,0.0,5.0,,,0.0,,,,,,Wellington Region,Nil,2-way,Sealed,,0.0,0,,80.0,,On,0.0,0.0,,47,Wellington City,Unknown,,,,,0.0,0.0,Open,0.0,,,Fine,Null,0
67707594,,574900,0.0,0.0,0.0,2.0,0.0,South,2014/2015,MONTGOMERY AVENUE,ALANBROOKE PLACE,,Non-Injury Crash,No,2015,0.0,South,0.0,0,0.0,Flat,0.0,,0.0,,0.0,Dark,2108601,0,0.0,0.0,2.0,0.0,0.0,0.0,0.0,1.0,,0.0,0.0,Wellington Region,Nil,2-way,Sealed,0.0,0.0,0,0.0,50.0,0.0,On,0.0,0.0,,47,Wellington City,Nil,0.0,0.0,0.0,0.0,0.0,0.0,Urban,0.0,0.0,0.0,Fine,Null,0
67707599,,573526,0.0,0.0,0.0,0.0,0.0,South,2017/2018,HOROKIWI ROAD,LINCOLNSHIRE ROAD,,Non-Injury Crash,No,2017,0.0,North,0.0,0,1.0,Hill Road,0.0,,0.0,,0.0,Bright sun,1922201,0,0.0,0.0,2.0,0.0,0.0,0.0,0.0,0.0,,0.0,0.0,Wellington Region,Nil,2-way,Sealed,0.0,0.0,0,0.0,100.0,0.0,Null,0.0,0.0,,47,Wellington City,Nil,0.0,0.0,0.0,0.0,1.0,0.0,Open,0.0,0.0,0.0,Fine,Null,0
67707619,,573101,1.0,,0.0,1.0,,Null,2017/2018,WAKEFIELD ST,CAMBRIDGE TERRACE,,Non-Injury Crash,No,2018,,West,,0,,Flat,,,,,,Twilight,2135500,0,0.0,0.0,3.0,,,0.0,,,,,,Wellington Region,Nil,2-way,Sealed,,0.0,0,,50.0,,On,0.0,0.0,,47,Wellington City,Nil,,,,,0.0,0.0,Urban,0.0,,,Light rain,Null,0
67707640,,577602,0.0,0.0,0.0,0.0,0.0,South,2017/2018,AKAROA DRIVE,WAIWERA CRESCENT,,Non-Injury Crash,No,2017,0.0,South,0.0,0,0.0,Hill Road,0.0,,0.0,,0.0,Dark,2202202,0,0.0,0.0,2.0,0.0,0.0,0.0,0.0,0.0,,0.0,0.0,Wellington Region,Nil,2-way,Sealed,0.0,0.0,0,0.0,50.0,0.0,On,0.0,0.0,,47,Wellington City,Unknown,0.0,0.0,0.0,1.0,0.0,0.0,Urban,1.0,0.0,0.0,Fine,Null,0
67707643,,576901,0.0,,0.0,1.0,,Null,2017/2018,COUTTS ST,ONEPU ROAD,,Non-Injury Crash,No,2017,,East,,0,,Flat,,,,,,Overcast,2178200,0,0.0,0.0,3.0,,,0.0,,,,,,Wellington Region,Nil,2-way,Sealed,,0.0,0,,50.0,,Null,0.0,0.0,,47,Wellington City,Traffic Signals,,,,,1.0,0.0,Urban,0.0,,,Fine,Null,0
67707673,,573700,0.0,,1.0,1.0,,Null,2017/2018,JOHNSONVILLE ROAD,MOOREFIELD ROAD,,Non-Injury Crash,No,2018,,North,,0,,Flat,,,,,,Bright sun,2082800,0,0.0,0.0,2.0,,,0.0,,,,,,Wellington Region,Nil,1-way,Sealed,,0.0,0,,50.0,,Null,0.0,0.0,,47,Wellington City,Give way,,,,,0.0,0.0,Urban,0.0,,,Fine,Null,0
67707688,,573000,0.0,,0.0,2.0,,Null,2017/2018,WILLIS ST,BOULCOTT ST,,Non-Injury Crash,No,2017,,East,,0,,Flat,,Christmas New Year,,,,Bright sun,2128400,0,0.0,0.0,2.0,,,0.0,,,,,,Wellington Region,Nil,2-way,Sealed,,0.0,0,,30.0,,Null,0.0,0.0,,47,Wellington City,Traffic Signals,,,,,0.0,0.0,Urban,0.0,,,Fine,Null,0
67707749,35.0,573700,0.0,0.0,0.0,1.0,0.0,Null,2017/2018,MOOREFIELD ROAD,JOHNSONVILLE ROAD,,Non-Injury Crash,No,2017,0.0,North,0.0,0,0.0,Flat,0.0,,0.0,,0.0,Bright sun,2082800,0,0.0,0.0,2.0,0.0,0.0,0.0,0.0,1.0,,0.0,0.0,Wellington Region,Nil,2-way,Sealed,0.0,0.0,0,0.0,50.0,0.0,Null,1.0,0.0,,47,Wellington City,Give way,0.0,0.0,0.0,0.0,0.0,0.0,Urban,0.0,0.0,0.0,Fine,Null,0
67707757,,573101,0.0,,0.0,1.0,,Null,2017/2018,GHUZNEE ST,VICTORIA ST,,Minor Crash,No,2018,,East,,0,,Hill Road,,,,,,Overcast,2131700,1,0.0,0.0,3.0,,,0.0,,,1.0,,,Wellington Region,Nil,2-way,Sealed,,0.0,0,,50.0,,Null,0.0,0.0,,47,Wellington City,Traffic Signals,,,,,0.0,0.0,Urban,0.0,,,Heavy rain,Null,0
67707773,,577301,0.0,,0.0,2.0,,Null,2017/2018,WEKA ST,MANUKA ST,,Non-Injury Crash,No,2017,,North,,0,,Flat,,,,,,Bright sun,2202800,0,0.0,0.0,2.0,,,0.0,,,,,,Wellington Region,Nil,2-way,Sealed,,0.0,0,,50.0,,Null,0.0,0.0,,47,Wellington City,Give way,,,,,0.0,0.0,Urban,0.0,,,Fine,Null,0
67707810,,572702,0.0,0.0,0.0,1.0,0.0,Null,2015/2016,WOODMAN DRIVE,PIKITANGA CLOSE,,Minor Crash,No,2015,0.0,South,0.0,0,0.0,Hill Road,0.0,,0.0,,0.0,Dark,2053817,1,0.0,0.0,2.0,0.0,0.0,0.0,0.0,1.0,,0.0,0.0,Wellington Region,Nil,2-way,Sealed,0.0,0.0,0,0.0,50.0,0.0,On,0.0,0.0,,47,Wellington City,Nil,0.0,1.0,0.0,0.0,0.0,0.0,Urban,1.0,0.0,0.0,Light rain,Null,0
67707828,,573700,0.0,,0.0,2.0,,East,2017/2018,BRODERICK ROAD,GOTHIC ST,,Non-Injury Crash,No,2017,,East,,0,,Flat,,,,,,Overcast,2082900,0,0.0,0.0,2.0,,,0.0,,,,,,Wellington Region,Nil,2-way,Sealed,,0.0,0,,50.0,,Null,0.0,0.0,,47,Wellington City,Nil,,,,,0.0,0.0,Urban,0.0,,,Null,Null,0
67707849,,573000,0.0,,1.0,0.0,,North,2017/2018,WILLIS ST,MERCER ST,,Minor Crash,No,2018,,South,,0,,Flat,,,,,,Overcast,2127400,1,0.0,0.0,2.0,,,0.0,,,1.0,,,Wellington Region,Nil,2-way,Sealed,,0.0,0,,30.0,,Null,0.0,0.0,,47,Wellington City,Unknown,,,,,0.0,0.0,Urban,0.0,,,Fine,Null,0
67707888,,573700,0.0,,0.0,2.0,,South,2016/2017,JOHNSONVILLE ROAD,DISRAELI ST,,Non-Injury Crash,No,2017,,North,,0,,Flat,,,,,,Twilight,2082900,0,0.0,0.0,4.0,,,0.0,,,,,,Wellington Region,Nil,2-way,Sealed,,0.0,0,,50.0,,Off,0.0,0.0,,47,Wellington City,Nil,,,,,0.0,0.0,Urban,0.0,,,Fine,Null,0
67707967,,573000,0.0,0.0,0.0,1.0,0.0,North,2017/2018,THE TERRACE,SALAMANCA ROAD,,Non-Injury Crash,No,2018,0.0,South,0.0,0,0.0,Hill Road,0.0,,0.0,,0.0,Bright sun,2127900,0,0.0,0.0,2.0,0.0,0.0,1.0,0.0,1.0,,0.0,0.0,Wellington Region,Nil,2-way,Sealed,0.0,0.0,0,0.0,50.0,0.0,Null,0.0,0.0,,47,Wellington City,Unknown,0.0,0.0,0.0,0.0,0.0,0.0,Urban,0.0,0.0,0.0,Fine,Null,0
67707974,,573000,1.0,,0.0,1.0,,Null,2014/2015,VICTORIA ST,HARRIS ST,,Minor Crash,No,2015,,South,,0,,Flat,,,,,,Overcast,2127400,1,0.0,0.0,2.0,,,0.0,,,,,,Wellington Region,Nil,1-way,Sealed,,0.0,0,,50.0,,Off,0.0,0.0,,47,Wellington City,Traffic Signals,,,,,0.0,0.0,Urban,0.0,,,Fine,Null,0
67707993,,573200,0.0,0.0,0.0,1.0,0.0,South,2017/2018,MORTIMER TERRACE,DURHAM CRESCENT,,Non-Injury Crash,No,2018,0.0,North,0.0,0,0.0,Hill Road,0.0,,0.0,,0.0,Dark,2158600,0,0.0,0.0,2.0,0.0,0.0,0.0,0.0,1.0,,0.0,0.0,Wellington Region,Nil,2-way,Sealed,0.0,0.0,0,0.0,50.0,0.0,On,1.0,0.0,,47,Wellington City,Unknown,0.0,0.0,0.0,0.0,0.0,0.0,Urban,0.0,0.0,0.0,Fine,Null,0
67708009,,576800,0.0,0.0,0.0,0.0,0.0,West,2017/2018,HATAITAI ROAD,RAKAU ROAD,,Non-Injury Crash,No,2018,0.0,East,0.0,0,0.0,Hill Road,0.0,,0.0,,0.0,Dark,2184300,0,0.0,0.0,2.0,0.0,0.0,0.0,0.0,1.0,,0.0,0.0,Wellington Region,Nil,2-way,Sealed,0.0,0.0,0,0.0,50.0,0.0,On,1.0,0.0,,47,Wellington City,Unknown,0.0,0.0,0.0,0.0,1.0,0.0,Urban,0.0,0.0,0.0,Fine,Null,0
67708058,,572900,0.0,,0.0,3.0,,Null,2016/2017,TINAKORI ROAD,ASCOT ST,,Serious Crash,No,2016,,South,,0,,Hill Road,,,,,,Bright sun,2123300,0,0.0,0.0,3.0,,,0.0,,,,,,Wellington Region,Nil,2-way,Sealed,,0.0,1,,30.0,,Null,0.0,0.0,,47,Wellington City,Give way,,,,,1.0,0.0,Urban,0.0,,,Fine,Null,0
67708082,,576901,0.0,,0.0,1.0,,North,2014/2015,TROY ST,KEMP ST,,Non-Injury Crash,No,2015,,North,,0,,Flat,,,,,,Overcast,2176800,0,0.0,0.0,4.0,,,0.0,,,,,,Wellington Region,Nil,2-way,Sealed,,0.0,0,,50.0,,Off,0.0,0.0,,47,Wellington City,Nil,,,,,0.0,0.0,Urban,1.0,,,Light rain,Null,0
67708093,,576301,0.0,,1.0,0.0,,South,2016/2017,ADELAIDE ROAD,HALL ST,,Non-Injury Crash,No,2017,,South,,0,,Flat,,,,,,Overcast,2164600,0,0.0,0.0,2.0,,,0.0,,,1.0,,,Wellington Region,Nil,2-way,Sealed,,0.0,0,,50.0,,Null,0.0,0.0,,47,Wellington City,Unknown,,,,,0.0,0.0,Urban,0.0,,,Null,Null,0
67708132,,573200,0.0,0.0,1.0,1.0,0.0,West,2017/2018,ARO ST,EPUNI ST,,Non-Injury Crash,No,2017,0.0,West,0.0,0,0.0,Hill Road,0.0,,0.0,,0.0,Bright sun,2158200,0,0.0,0.0,2.0,0.0,0.0,0.0,0.0,1.0,,0.0,0.0,Wellington Region,Nil,2-way,Sealed,0.0,0.0,0,0.0,30.0,0.0,Null,0.0,0.0,,47,Wellington City,Unknown,0.0,0.0,0.0,0.0,0.0,0.0,Urban,0.0,0.0,0.0,Fine,Null,0
67708183,,573400,0.0,0.0,0.0,2.0,1.0,East,2017/2018,RIXON GROVE,AUSTIN ST,,Non-Injury Crash,No,2017,0.0,South,0.0,0,0.0,Hill Road,0.0,,0.0,,0.0,Dark,2141900,0,0.0,0.0,2.0,0.0,0.0,0.0,0.0,1.0,,0.0,0.0,Wellington Region,Nil,1-way,Sealed,0.0,0.0,0,0.0,50.0,0.0,Null,0.0,0.0,,47,Wellington City,Unknown,0.0,0.0,0.0,0.0,0.0,0.0,Urban,0.0,0.0,0.0,Fine,Null,0
67708217,,573101,0.0,,0.0,0.0,,Null,2017/2018,SH 1N,CUBA ST,,Non-Injury Crash,Yes,2018,,East,,0,,Flat,,,,,,Overcast,2132100,0,0.0,0.0,2.0,,,0.0,,,1.0,,,Wellington Region,Nil,1-way,Sealed,,0.0,0,,50.0,,Null,0.0,0.0,,47,Wellington City,Traffic Signals,,,,,0.0,0.0,Urban,1.0,,,Light rain,Null,0
67708240,,576200,0.0,0.0,0.0,2.0,0.0,West,2017/2018,HERALD ST,RINTOUL ST,,Non-Injury Crash,No,2017,0.0,West,0.0,0,0.0,Flat,0.0,,0.0,,0.0,Overcast,2171800,0,0.0,0.0,2.0,0.0,0.0,0.0,0.0,1.0,,0.0,0.0,Wellington Region,Nil,2-way,Sealed,0.0,0.0,0,0.0,50.0,0.0,Null,0.0,0.0,,47,Wellington City,Give way,0.0,0.0,0.0,0.0,0.0,0.0,Urban,0.0,0.0,0.0,Fine,Null,0
67708296,,576901,0.0,0.0,1.0,1.0,0.0,West,2016/2017,RONGOTAI ROAD,BAY ROAD,,Non-Injury Crash,No,2017,0.0,East,0.0,0,0.0,Flat,0.0,,0.0,,0.0,Bright sun,2178400,0,0.0,0.0,2.0,0.0,0.0,0.0,0.0,1.0,,0.0,0.0,Wellington Region,Nil,2-way,Sealed,0.0,0.0,0,0.0,30.0,0.0,Null,0.0,0.0,,47,Wellington City,Unknown,0.0,0.0,0.0,0.0,0.0,0.0,Urban,0.0,0.0,0.0,Fine,Null,0
67708304,,576600,0.0,,0.0,2.0,,North,2016/2017,ORIENTAL PARADE,GRASS ST,,Non-Injury Crash,No,2017,,North,,0,,Flat,,,,,,Bright sun,2137500,0,0.0,0.0,2.0,,,0.0,,,,,,Wellington Region,Nil,2-way,Sealed,,0.0,0,,40.0,,Null,0.0,0.0,,47,Wellington City,Unknown,,,,,0.0,0.0,Urban,0.0,,,Fine,Null,0
67708329,,573526,0.0,,0.0,2.0,,North,2023/2024,HUTT ROAD,RAILYARD ENTRY,,Minor Crash,Yes,2024,,South,,0,,Flat,,,,,,Bright sun,2077503,2,0.0,0.0,2.0,,,0.0,,,,,,Wellington Region,Nil,1-way,Sealed,,0.0,0,,100.0,,Off,0.0,0.0,,47,Wellington City,Nil,,,,,0.0,0.0,Open,0.0,,,Fine,Null,0