OBJECTID,advisorySpeed,areaUnitID,bicycle,bridge,bus,carStationWagon,cliffBank,crashDirectionDescription,crashFinancialYear,crashLocation1,crashLocation2,crashRoadSideRoad,crashSeverity,crashSHDescription,crashYear,debris,directionRoleDescription,ditch,fatalCount,fence,flatHill,guardRail,holiday,houseOrBuilding,intersection,kerb,light,meshblockId,minorInjuryCount,moped,motorcycle,NumberOfLanes,objectThrownOrDropped,otherObject,otherVehicleType,overBank,parkedVehicle,pedestrian,phoneBoxEtc,postOrPole,region,roadCharacter,roadLane,roadSurface,roadworks,schoolBus,seriousInjuryCount,slipOrFlood,speedLimit,strayAnimal,streetLight,suv,taxi,temporarySpeedLimit,tlaId,tlaName,trafficControl,trafficIsland,trafficSign,train,tree,truck,unknownVehicleType,urban,vanOrUtility,vehicle,waterRiver,weatherA,weatherB,if_pandemic
67708382,,574500,1.0,0.0,0.0,0.0,0.0,North,2015/2016,HUTT ROAD,AOTEA QUAY,,Minor Crash,No,2015,0.0,South,0.0,0,0.0,Flat,0.0,,0.0,,0.0,Bright sun,2093600,1,0.0,0.0,4.0,0.0,0.0,0.0,0.0,1.0,,0.0,0.0,Wellington Region,Nil,2-way,Sealed,0.0,0.0,0,0.0,60.0,0.0,Null,0.0,0.0,,47,Wellington City,Unknown,0.0,0.0,0.0,0.0,0.0,0.0,Urban,1.0,0.0,0.0,Fine,Null,0
67708423,,577302,0.0,0.0,0.0,3.0,0.0,West,2022/2023,AWA ROAD,TOTARA ROAD,,Non-Injury Crash,No,2023,0.0,South,0.0,0,0.0,Hill Road,0.0,Christmas New Year,0.0,,0.0,Bright sun,2205200,0,0.0,0.0,2.0,0.0,0.0,0.0,0.0,1.0,,0.0,0.0,Wellington Region,Nil,2-way,Sealed,0.0,0.0,0,0.0,50.0,0.0,Off,0.0,0.0,,47,Wellington City,Nil,0.0,0.0,0.0,0.0,0.0,0.0,Urban,0.0,0.0,0.0,Fine,Null,0
67708442,,577200,0.0,,0.0,1.0,,West,2014/2015,MIRAMAR AVENUE,STONE ST,,Minor Crash,No,2015,,East,,0,,Flat,,,,,,Dark,2206200,2,0.0,0.0,2.0,,,0.0,,,2.0,,,Wellington Region,Nil,2-way,Sealed,,0.0,0,,30.0,,On,0.0,0.0,,47,Wellington City,School Patrol/warden,,,,,0.0,0.0,Urban,0.0,,,Fine,Null,0
67708467,,572900,0.0,,0.0,1.0,,Null,2022/2023,TINAKORI ROAD,POPLAR GROVE,,Non-Injury Crash,No,2023,,South,,0,,Flat,,,,,,Overcast,2119800,0,0.0,0.0,2.0,,,0.0,,,,,,Wellington Region,Nil,2-way,Sealed,,0.0,0,,50.0,,Off,1.0,0.0,,47,Wellington City,Nil,,,,,0.0,0.0,Urban,0.0,,,Fine,Null,0
67708478,,572900,0.0,,0.0,0.0,,South,2014/2015,TINAKORI OFF NBD,TINAKORI ROAD,,Minor Crash,Yes,2015,,South,,0,,Flat,,,,,,Overcast,2120100,1,0.0,1.0,2.0,,,0.0,,,,,,Wellington Region,Nil,2-way,Sealed,,0.0,0,,50.0,,Null,0.0,0.0,,47,Wellington City,Traffic Signals,,,,,0.0,0.0,Urban,0.0,,,Fine,Null,0
67708507,,573300,0.0,0.0,0.0,1.0,0.0,South,2022/2023,TASMAN STREET,HAYWARD TERRACE,,Non-Injury Crash,No,2023,0.0,South,0.0,0,0.0,Flat,0.0,,0.0,,0.0,Dark,2146000,0,1.0,0.0,2.0,0.0,0.0,0.0,0.0,2.0,,0.0,0.0,Wellington Region,Nil,2-way,Sealed,0.0,0.0,0,0.0,50.0,0.0,On,0.0,0.0,,47,Wellington City,Nil,0.0,0.0,0.0,0.0,0.0,0.0,Urban,1.0,0.0,0.0,Light rain,Null,0
67708552,,576800,1.0,,0.0,0.0,,North,2015/2016,TE ANAU ROAD,KIO CRESCENT,,Serious Crash,No,2015,,South,,0,,Hill Road,,,,,,Overcast,2183400,0,0.0,0.0,2.0,,,0.0,,,,,,Wellington Region,Nil,2-way,Sealed,,0.0,1,,50.0,,Null,1.0,0.0,,47,Wellington City,Nil,,,,,0.0,0.0,Urban,0.0,,,Fine,Null,0
67708555,,573101,0.0,,0.0,1.0,,Null,2023/2024,COURTENAY PLACE,ALLEN STREET,,Minor Crash,No,2023,,West,,0,,Flat,,,,,,Overcast,2136000,1,0.0,0.0,2.0,,,0.0,,,1.0,,,Wellington Region,Nil,2-way,Sealed,,0.0,0,,30.0,,Off,0.0,1.0,,47,Wellington City,Traffic Signals,,,,,0.0,0.0,Urban,0.0,,,Fine,Null,0
67708558,,577301,0.0,0.0,0.0,1.0,0.0,East,2017/2018,PARALLEL ACCESS,DARLINGTON ROAD,,Non-Injury Crash,No,2017,0.0,West,0.0,0,0.0,Flat,0.0,,0.0,,0.0,Overcast,2203200,0,0.0,0.0,1.0,0.0,0.0,0.0,0.0,0.0,,1.0,0.0,Wellington Region,Nil,1-way,Sealed,0.0,0.0,0,0.0,50.0,0.0,Off,0.0,0.0,,47,Wellington City,Unknown,0.0,0.0,0.0,0.0,0.0,0.0,Urban,0.0,0.0,0.0,Fine,Null,0
67708567,,573000,0.0,,0.0,1.0,,Null,2023/2024,WATERLOO QUAY,BUNNY STREET,,Non-Injury Crash,No,2023,,North,,0,,Flat,,,,,,Dark,2124300,0,0.0,0.0,3.0,,,0.0,,,,,,Wellington Region,Nil,1-way,Sealed,,0.0,0,,50.0,,On,0.0,0.0,,47,Wellington City,Traffic Signals,,,,,0.0,0.0,Urban,1.0,,,Fine,Strong wind,0
67708585,,572900,0.0,,0.0,2.0,,South,2023/2024,AOTEA QUAY,AOTEA QUAY OFF RAMP,,Non-Injury Crash,No,2023,,North,,0,,Flat,,,,,,Overcast,2118400,0,0.0,0.0,4.0,,,0.0,,,,,,Wellington Region,Nil,2-way,Sealed,,0.0,0,,70.0,,Off,0.0,0.0,50.0,47,Wellington City,Nil,,,,,0.0,0.0,Urban,0.0,,,Light rain,Null,0
67708610,,572900,0.0,,0.0,1.0,,North,2017/2018,WATERLOO QUAY,RLY XING,,Non-Injury Crash,No,2017,,North,,0,,Flat,,,,,,Bright sun,2118400,0,0.0,0.0,4.0,,,0.0,,,,,,Wellington Region,Nil,2-way,Sealed,,0.0,0,,50.0,,Null,0.0,0.0,,47,Wellington City,Unknown,,,,,1.0,0.0,Urban,0.0,,,Fine,Null,0
67708618,,574100,0.0,0.0,0.0,1.0,0.0,North,2023/2024,JOHNSONVILLE OFF RAMP,JOHNSONVILLE PORIRUA MOTORWAY,,Non-Injury Crash,No,2023,0.0,North,0.0,0,0.0,Hill Road,0.0,,0.0,,0.0,Overcast,2084600,0,0.0,0.0,2.0,0.0,0.0,0.0,0.0,0.0,,0.0,1.0,Wellington Region,Motorway ramp,1-way,Sealed,0.0,0.0,0,0.0,50.0,0.0,Null,0.0,0.0,,47,Wellington City,Nil,0.0,0.0,0.0,0.0,0.0,0.0,Urban,0.0,0.0,0.0,Fine,Strong wind,0
67708650,,575200,0.0,0.0,0.0,3.0,0.0,South,2023/2024,CURTIS STREET,ALBEMARLE ROAD,,Non-Injury Crash,No,2023,0.0,South,0.0,0,0.0,Flat,0.0,,0.0,,0.0,Overcast,2150400,0,0.0,0.0,2.0,0.0,0.0,0.0,0.0,1.0,,0.0,0.0,Wellington Region,Nil,2-way,Sealed,0.0,0.0,0,0.0,50.0,0.0,Off,0.0,0.0,,47,Wellington City,Nil,0.0,0.0,0.0,0.0,0.0,0.0,Urban,0.0,0.0,0.0,Fine,Null,0
67708671,,573802,0.0,,0.0,2.0,,North,2022/2023,JOHNSONVILLE PORIRUA MOTORWAY,REDOUBT ROAD,,Non-Injury Crash,Yes,2023,,South,,0,,Hill Road,,,,,,Dark,2079100,0,0.0,0.0,2.0,,,0.0,,,,,,Wellington Region,Bridge,1-way,Sealed,,0.0,0,,100.0,,None,0.0,0.0,,47,Wellington City,Nil,,,,,1.0,0.0,Open,0.0,,,Fine,Null,0
67708813,,576901,0.0,,0.0,0.0,,Null,2023/2024,MAHORA STREET,COUTTS STREET,,Minor Crash,No,2024,,East,,0,,Flat,,,,,,Overcast,2178200,1,0.0,0.0,1.0,,,0.0,,,1.0,,,Wellington Region,Nil,2-way,Sealed,,0.0,0,,30.0,,Off,0.0,0.0,,47,Wellington City,Give way,,,,,0.0,0.0,Urban,0.0,,,Fine,Null,0
67708825,,575000,1.0,,0.0,0.0,,West,2023/2024,CHAYTOR STREET,CURTIS STREET,,Serious Crash,No,2024,,South,,0,,Hill Road,,,,,,Bright sun,2111100,0,0.0,0.0,2.0,,,0.0,,,,,,Wellington Region,Speed hump,2-way,Sealed,,0.0,1,,50.0,,Off,0.0,0.0,,47,Wellington City,Nil,,,,,0.0,0.0,Urban,0.0,,,Fine,Null,0
67708835,,576200,0.0,0.0,0.0,1.0,0.0,North,2022/2023,LIARDET STREET,FARNHAM STREET,,Non-Injury Crash,No,2023,0.0,South,0.0,0,0.0,Hill Road,0.0,,0.0,,0.0,Overcast,2171100,0,0.0,0.0,2.0,0.0,0.0,0.0,0.0,0.0,,1.0,0.0,Wellington Region,Nil,2-way,Sealed,0.0,0.0,0,0.0,50.0,0.0,Off,0.0,0.0,,47,Wellington City,Nil,0.0,0.0,0.0,0.0,0.0,0.0,Urban,0.0,0.0,0.0,Mist or Fog,Null,0
67708876,,577000,1.0,,0.0,1.0,,Null,2016/2017,WHA ST,FREYBERG ST,,Non-Injury Crash,No,2017,,East,,0,,Hill Road,,,,,,Overcast,2174000,0,0.0,0.0,2.0,,,0.0,,,,,,Wellington Region,Nil,2-way,Sealed,,0.0,0,,50.0,,Null,0.0,0.0,,47,Wellington City,Stop,,,,,0.0,0.0,Urban,0.0,,,Fine,Null,0
67708901,,576901,0.0,,0.0,0.0,,North,2023/2024,ONEPU ROAD,COUTTS STREET,,Minor Crash,No,2023,,East,,0,,Flat,,,,,,Twilight,2178300,1,0.0,0.0,2.0,,,0.0,,,1.0,,,Wellington Region,Nil,2-way,Sealed,,0.0,0,,50.0,,Off,0.0,0.0,,47,Wellington City,Nil,,,,,0.0,0.0,Urban,0.0,,,Fine,Null,0
67708905,,576800,0.0,,0.0,0.0,,Null,2023/2024,RUAHINE STREET,TAURIMA STREET,,Minor Crash,Yes,2024,,South,,0,,Flat,,,,,,Dark,2181700,1,1.0,0.0,2.0,,,0.0,,,,,,Wellington Region,Nil,2-way,Sealed,,0.0,0,,50.0,,On,0.0,0.0,,47,Wellington City,Give way,,,,,0.0,0.0,Urban,0.0,,,Fine,Null,0
67708955,,573700,0.0,,0.0,2.0,,Null,2022/2023,HELSTON ROAD,MOOREFIELD ROAD,,Non-Injury Crash,No,2023,,West,,0,,Hill Road,,,,,,Overcast,2082300,0,0.0,0.0,3.0,,,0.0,,,,,,Wellington Region,Bridge,2-way,Sealed,,0.0,0,,50.0,,Off,0.0,0.0,,47,Wellington City,Give way,,,,,0.0,0.0,Urban,0.0,,,Fine,Null,0
67708958,,573000,0.0,,0.0,2.0,,North,2015/2016,SH 1N,SOUTH PORTAL,,Non-Injury Crash,Yes,2015,,South,,0,,Flat,,,,,,Dark,2128700,0,0.0,0.0,3.0,,,0.0,,,,,,Wellington Region,Motorway ramp,2-way,Sealed,,0.0,0,,70.0,,On,0.0,0.0,,47,Wellington City,Unknown,,,,,0.0,0.0,Urban,0.0,,,Fine,Null,0
67708983,,576400,0.0,,0.0,2.0,,Null,2023/2024,CONSTABLE STREET,COROMANDEL STREET,,Minor Crash,No,2024,,East,,0,,Hill Road,,,,,,Bright sun,2168000,1,0.0,0.0,2.0,,,0.0,,,,,,Wellington Region,Nil,2-way,Sealed,,0.0,0,,50.0,,Off,0.0,0.0,,47,Wellington City,Traffic Signals,,,,,0.0,0.0,Urban,0.0,,,Fine,Null,0
67709004,,577700,0.0,0.0,0.0,1.0,0.0,North,2016/2017,MAKARA ROAD,MAKARA SUM,,Non-Injury Crash,No,2017,0.0,South,1.0,0,0.0,Flat,0.0,,0.0,,0.0,Bright sun,2116500,0,0.0,0.0,2.0,0.0,0.0,0.0,0.0,0.0,,0.0,0.0,Wellington Region,Nil,2-way,Sealed,0.0,0.0,0,0.0,50.0,0.0,Null,0.0,0.0,,47,Wellington City,Unknown,0.0,0.0,0.0,0.0,1.0,0.0,Urban,0.0,0.0,0.0,Fine,Null,0
67709050,,572900,0.0,,0.0,2.0,,Null,2015/2016,AOTEA QUAY,AOTEA ON NBD,,Minor Crash,No,2015,,North,,0,,Flat,,Christmas New Year,,,,Bright sun,2118400,1,0.0,0.0,4.0,,,0.0,,,,,,Wellington Region,Motorway ramp,2-way,Sealed,,0.0,0,,70.0,,Null,0.0,0.0,,47,Wellington City,Give way,,,,,0.0,0.0,Urban,0.0,,,Fine,Null,0
67709052,,573000,0.0,,0.0,1.0,,Null,2017/2018,SH 1N,SOUTH PORTAL,,Minor Crash,Yes,2017,,South,,0,,Flat,,,,,,Dark,2130600,1,0.0,0.0,1.0,,,0.0,,,,,,Wellington Region,Nil,1-way,Sealed,,0.0,0,,100.0,,On,0.0,0.0,60.0,47,Wellington City,Unknown,,,,,0.0,0.0,Open,2.0,,,Fine,Null,0
67709055,,574402,0.0,,0.0,1.0,,Null,2023/2024,CROFTON ROAD,KENYA STREET,,Minor Crash,No,2023,,South,,0,,Flat,,,,,,Overcast,2098000,1,0.0,0.0,2.0,,,0.0,,,,,,Wellington Region,Nil,2-way,Sealed,,0.0,0,,50.0,,Off,1.0,0.0,,47,Wellington City,Stop,,,,,0.0,0.0,Urban,0.0,,,Fine,Null,0
67709100,,574002,0.0,,0.0,0.0,,North,2016/2017,SH 1N,CENTENNIAL SBD,,Serious Crash,Yes,2016,,South,,0,,Hill Road,,,,,,Bright sun,2078304,0,1.0,0.0,3.0,,,0.0,,,,,,Wellington Region,Nil,1-way,Sealed,,0.0,1,,60.0,,Null,0.0,0.0,,47,Wellington City,Unknown,,,,,0.0,0.0,Urban,0.0,,,Fine,Null,0
67709103,,573000,0.0,,0.0,1.0,,Null,2023/2024,THE TERRACE,THE TERRACE OFF RAMP,,Minor Crash,No,2023,,South,,0,,Flat,,,,,,Overcast,2126200,1,0.0,0.0,2.0,,,0.0,,,1.0,,,Wellington Region,Nil,1-way,Sealed,,0.0,0,,30.0,,On,0.0,0.0,,47,Wellington City,Traffic Signals,,,,,0.0,0.0,Urban,0.0,,,Heavy rain,Null,0
67709143,,574303,0.0,,0.0,1.0,,South,2022/2023,CENTENNIAL HIGHWAY,NEWLANDS OFF RAMP,,Non-Injury Crash,Yes,2023,,North,,0,,Hill Road,,,,,,Bright sun,2084302,0,0.0,0.0,4.0,,,0.0,,,,,,Wellington Region,Nil,1-way,Sealed,,0.0,0,,100.0,,Off,0.0,0.0,,47,Wellington City,Nil,,,,,0.0,0.0,Open,0.0,,,Fine,Null,0
67709146,,573000,0.0,0.0,0.0,1.0,0.0,West,2017/2018,GREY ST,FEATHERSTON ST,,Non-Injury Crash,No,2017,0.0,West,0.0,0,0.0,Flat,0.0,,0.0,,0.0,Bright sun,2125700,0,0.0,1.0,2.0,0.0,0.0,0.0,0.0,1.0,,0.0,0.0,Wellington Region,Nil,2-way,Sealed,0.0,0.0,0,0.0,50.0,0.0,Null,0.0,0.0,,47,Wellington City,Unknown,0.0,0.0,0.0,0.0,0.0,0.0,Urban,0.0,0.0,0.0,Fine,Null,0
67709170,,573000,0.0,,0.0,2.0,,Null,2016/2017,THE TERRACE,MACDONALD CRESCENT,,Minor Crash,No,2017,,South,,0,,Hill Road,,,,,,Bright sun,2130400,1,0.0,1.0,2.0,,,0.0,,,,,,Wellington Region,Nil,2-way,Sealed,,0.0,0,,50.0,,Null,0.0,0.0,,47,Wellington City,Stop,,,,,0.0,0.0,Urban,0.0,,,Fine,Null,0
67709183,,573400,0.0,0.0,0.0,1.0,0.0,East,2015/2016,HAWKER ST,ROXBURGH ST,,Non-Injury Crash,No,2015,0.0,West,0.0,0,0.0,Hill Road,0.0,,0.0,,0.0,Dark,2139300,0,0.0,0.0,2.0,0.0,0.0,0.0,0.0,1.0,,0.0,0.0,Wellington Region,Nil,2-way,Sealed,0.0,0.0,0,0.0,50.0,0.0,On,1.0,0.0,,47,Wellington City,Nil,0.0,0.0,0.0,0.0,0.0,0.0,Urban,0.0,0.0,0.0,Fine,Null,0
67709207,,573700,0.0,0.0,0.0,2.0,0.0,North,2014/2015,CORTINA AVENUE,BRODERICK ROAD,,Non-Injury Crash,No,2015,0.0,South,0.0,0,0.0,Flat,0.0,,0.0,,0.0,Bright sun,2082002,0,0.0,0.0,2.0,0.0,0.0,0.0,0.0,1.0,,0.0,0.0,Wellington Region,Nil,2-way,Sealed,0.0,0.0,0,0.0,50.0,0.0,Null,0.0,0.0,,47,Wellington City,Nil,0.0,0.0,0.0,0.0,0.0,0.0,Urban,0.0,0.0,0.0,Fine,Null,0
67709259,,573300,0.0,,0.0,1.0,,North,2015/2016,ADELAIDE ROAD,BROWN ST,,Non-Injury Crash,No,2016,,South,,0,,Flat,,,,,,Bright sun,2146100,0,0.0,1.0,4.0,,,0.0,,,,,,Wellington Region,Nil,2-way,Sealed,,0.0,0,,50.0,,Null,0.0,0.0,,47,Wellington City,Nil,,,,,0.0,0.0,Urban,0.0,,,Fine,Null,0
67709294,,573300,0.0,0.0,0.0,2.0,0.0,South,2015/2016,TASMAN ST,OLD BUCKLE ST,,Non-Injury Crash,No,2016,0.0,North,0.0,0,0.0,Flat,0.0,,0.0,,0.0,Dark,2145500,0,0.0,0.0,2.0,0.0,0.0,0.0,0.0,1.0,,0.0,0.0,Wellington Region,Nil,2-way,Sealed,0.0,0.0,0,0.0,50.0,0.0,On,0.0,0.0,,47,Wellington City,Unknown,0.0,0.0,0.0,0.0,0.0,0.0,Urban,0.0,0.0,0.0,Fine,Null,0
67709369,,575000,1.0,,0.0,0.0,,Null,2022/2023,CHAYTOR STREET,RAROA CRESCENT,,Minor Crash,No,2022,,South,,0,,Hill Road,,,,,,Bright sun,2111100,1,0.0,0.0,3.0,,,0.0,,,,,,Wellington Region,Nil,2-way,Sealed,,0.0,0,,50.0,,Off,1.0,0.0,,47,Wellington City,Stop,,,,,0.0,0.0,Urban,0.0,,,Fine,Null,0
67709402,,576001,0.0,0.0,0.0,1.0,0.0,South,2017/2018,DERWENT ST,MEDWAY ST,,Non-Injury Crash,No,2017,0.0,South,0.0,0,0.0,Flat,0.0,,0.0,,0.0,Dark,2190500,0,0.0,0.0,2.0,0.0,0.0,0.0,0.0,1.0,,0.0,0.0,Wellington Region,Nil,2-way,Sealed,0.0,0.0,0,0.0,50.0,0.0,None,0.0,0.0,,47,Wellington City,Unknown,0.0,0.0,0.0,0.0,0.0,0.0,Urban,1.0,0.0,0.0,Fine,Null,0
67709414,,573000,0.0,0.0,0.0,2.0,0.0,East,2017/2018,WARING TAYLOR ST,LAMBTON QUAY,,Non-Injury Crash,No,2017,0.0,West,0.0,0,0.0,Flat,0.0,,0.0,,0.0,Overcast,2125200,0,0.0,0.0,2.0,0.0,0.0,0.0,0.0,1.0,,0.0,0.0,Wellington Region,Nil,2-way,Sealed,0.0,0.0,0,0.0,30.0,0.0,Off,0.0,0.0,,47,Wellington City,Unknown,0.0,0.0,0.0,0.0,0.0,0.0,Urban,0.0,0.0,0.0,Fine,Null,0
67709425,,574002,0.0,0.0,0.0,1.0,0.0,Null,2023/2024,CENTENNIAL HIGHWAY,NEWLANDS ON RAMP,,Non-Injury Crash,Yes,2023,0.0,South,0.0,0,0.0,Hill Road,1.0,Christmas New Year,0.0,,0.0,Bright sun,2078304,0,0.0,0.0,3.0,0.0,0.0,0.0,0.0,0.0,,0.0,0.0,Wellington Region,Motorway ramp,1-way,Sealed,0.0,0.0,0,0.0,100.0,0.0,Off,1.0,0.0,,47,Wellington City,Nil,0.0,0.0,0.0,0.0,1.0,0.0,Open,1.0,0.0,0.0,Fine,Null,0
67709426,,576100,0.0,,0.0,3.0,,East,2017/2018,QUEENS DRIVE,THE ESPLANADE,,Non-Injury Crash,No,2017,,East,,0,,Flat,,Labour Weekend,,,,Bright sun,2195800,0,0.0,0.0,2.0,,,0.0,,,,,,Wellington Region,Nil,2-way,Sealed,,0.0,0,,50.0,,Null,0.0,0.0,,47,Wellington City,Unknown,,,,,0.0,0.0,Urban,0.0,,,Fine,Null,0
67709459,,574001,0.0,,1.0,0.0,,Null,2022/2023,CENTENNIAL HIGHWAY,JOHNSONVILLE ON RAMP,,Non-Injury Crash,Yes,2023,,South,,0,,Hill Road,,,,,,Overcast,2077600,0,0.0,0.0,3.0,,,0.0,,,,,,Wellington Region,Underpass,1-way,Sealed,,0.0,0,,80.0,,Off,0.0,0.0,,47,Wellington City,Nil,,,,,0.0,0.0,Open,1.0,,,Light rain,Null,0
67709476,,573802,0.0,,0.0,2.0,,North,2015/2016,SH 1N,JOHNSONVILLE ON SBD,,Non-Injury Crash,Yes,2015,,South,,0,,Flat,,,,,,Bright sun,2078701,0,0.0,0.0,2.0,,,0.0,,,,,,Wellington Region,Nil,1-way,Sealed,,0.0,0,,100.0,,Null,0.0,0.0,,47,Wellington City,Nil,,,,,0.0,0.0,Open,0.0,,,Fine,Null,0
67709484,,575100,1.0,,0.0,0.0,,North,2015/2016,KARORI ROAD,SOUTH KARORI ROAD,,Serious Crash,No,2016,,South,,0,,Flat,,,,,,Overcast,2116100,0,0.0,0.0,2.0,,,0.0,,,,,,Wellington Region,Nil,2-way,Sealed,,0.0,1,,50.0,,Null,1.0,0.0,,47,Wellington City,Nil,,,,,0.0,0.0,Urban,0.0,,,Fine,Null,0
67709533,,574100,0.0,0.0,0.0,1.0,0.0,South,2016/2017,HAUMIA ST,BANNISTER AVENUE,,Non-Injury Crash,No,2017,0.0,South,0.0,0,0.0,Flat,0.0,,0.0,,0.0,Twilight,2085303,0,0.0,0.0,1.0,0.0,0.0,0.0,0.0,1.0,,0.0,0.0,Wellington Region,Nil,2-way,Sealed,0.0,0.0,0,0.0,50.0,0.0,On,0.0,0.0,,47,Wellington City,Unknown,0.0,0.0,0.0,0.0,0.0,0.0,Urban,1.0,0.0,0.0,Fine,Null,0
67709588,,574303,0.0,0.0,0.0,0.0,0.0,South,2023/2024,WELLINGTON URBAN MOTORWAY,HUTT ROAD,,Non-Injury Crash,Yes,2023,0.0,North,0.0,0,0.0,Flat,1.0,,0.0,,0.0,Dark,2090402,0,0.0,0.0,4.0,0.0,0.0,0.0,0.0,0.0,,0.0,0.0,Wellington Region,Nil,1-way,Sealed,0.0,0.0,0,0.0,100.0,0.0,On,1.0,0.0,,47,Wellington City,Nil,0.0,0.0,0.0,0.0,0.0,0.0,Open,0.0,0.0,0.0,Fine,Null,0
67709599,,574302,0.0,,0.0,1.0,,North,2016/2017,RANGIORA AVENUE,HUTT ROAD,,Minor Crash,No,2016,,East,,0,,Hill Road,,,,,,Twilight,2090700,1,0.0,0.0,2.0,,,0.0,,,1.0,,,Wellington Region,Nil,2-way,Sealed,,0.0,0,,50.0,,None,0.0,0.0,,47,Wellington City,Unknown,,,,,0.0,0.0,Urban,0.0,,,Fine,Null,0
67709601,,573200,0.0,0.0,0.0,2.0,0.0,South,2016/2017,OHIRO ROAD,MAARAMA CRESCENT,,Non-Injury Crash,No,2017,0.0,South,0.0,0,0.0,Hill Road,0.0,,0.0,,0.0,Overcast,2158700,0,0.0,0.0,2.0,0.0,0.0,0.0,0.0,1.0,,0.0,0.0,Wellington Region,Nil,2-way,Sealed,0.0,0.0,0,0.0,50.0,0.0,Null,0.0,1.0,,47,Wellington City,Unknown,0.0,0.0,0.0,0.0,0.0,0.0,Urban,0.0,0.0,0.0,Fine,Null,0
67709611,,574600,0.0,,0.0,1.0,,Null,2016/2017,LENNEL ROAD,SEFTON ST,,Minor Crash,No,2016,,East,,0,,Hill Road,,,,,,Overcast,2099500,1,1.0,0.0,2.0,,,0.0,,,,,,Wellington Region,Nil,2-way,Sealed,,0.0,0,,50.0,,Null,0.0,0.0,,47,Wellington City,Stop,,,,,0.0,0.0,Urban,0.0,,,Light rain,Null,0
67709640,,574302,0.0,0.0,0.0,1.0,0.0,South,2022/2023,WELLINGTON URBAN MOTORWAY,HUTT ROAD,,Non-Injury Crash,Yes,2022,0.0,East,0.0,0,0.0,Flat,1.0,,0.0,,0.0,Overcast,2090604,0,0.0,0.0,4.0,0.0,0.0,0.0,0.0,0.0,,0.0,0.0,Wellington Region,Nil,1-way,Sealed,0.0,0.0,0,0.0,100.0,0.0,Off,0.0,0.0,,47,Wellington City,Nil,0.0,0.0,0.0,0.0,0.0,0.0,Open,0.0,0.0,0.0,Light rain,Null,0
67709641,,572500,0.0,,0.0,1.0,,Null,2016/2017,MAIN ROAD,TAWA ST,,Non-Injury Crash,No,2017,,North,,0,,Flat,,,,,,Dark,1986300,0,0.0,0.0,2.0,,,0.0,,,,,,Wellington Region,Nil,2-way,Sealed,,0.0,0,,50.0,,On,0.0,0.0,,47,Wellington City,Give way,,,,,1.0,0.0,Urban,0.0,,,Fine,Null,0
67709674,,572701,0.0,,0.0,1.0,,North,2022/2023,JOHNSONVILLE PORIRUA MOTORWAY,PED SUBWAY,,Minor Crash,Yes,2022,,North,,0,,Flat,,,,,,Overcast,1993704,1,0.0,0.0,3.0,,,0.0,,,,,,Wellington Region,Nil,1-way,Sealed,,0.0,0,,100.0,,Off,0.0,0.0,,47,Wellington City,Nil,,,,,0.0,0.0,Open,0.0,,,Fine,Null,0
67709692,,576700,0.0,,0.0,1.0,,North,2023/2024,PALLISER ROAD,SOUTHERN WALKWAY,,Non-Injury Crash,No,2023,,South,,0,,Hill Road,,,,,,Overcast,2185600,0,0.0,0.0,2.0,,,0.0,,,,,,Wellington Region,Nil,2-way,Sealed,,0.0,0,,50.0,,Off,0.0,0.0,,47,Wellington City,Nil,,,,,0.0,0.0,Urban,1.0,,,Fine,Null,0
67709735,,573101,0.0,,0.0,1.0,,Null,2014/2015,HARRIS ST,JERVOIS QUAY,,Non-Injury Crash,No,2015,,East,,0,,Flat,,,,,,Bright sun,2133000,0,0.0,1.0,2.0,,,0.0,,,,,,Wellington Region,Nil,2-way,Sealed,,0.0,0,,50.0,,Null,0.0,0.0,,47,Wellington City,Traffic Signals,,,,,0.0,0.0,Urban,0.0,,,Fine,Null,0
67709751,,576901,0.0,,0.0,1.0,,South,2014/2015,MAHORA ST,RONGOTAI ROAD,,Minor Crash,No,2015,,North,,0,,Flat,,,,,,Overcast,2178200,1,0.0,0.0,2.0,,,0.0,,,1.0,,,Wellington Region,Nil,2-way,Sealed,,0.0,0,,50.0,,Null,0.0,0.0,,47,Wellington City,Unknown,,,,,0.0,0.0,Urban,0.0,,,Fine,Null,0
67709799,,576903,0.0,0.0,0.0,3.0,0.0,West,2014/2015,DUNCAN TERRACE,KILBIRNIE CRESCENT,,Non-Injury Crash,No,2015,0.0,East,0.0,0,0.0,Flat,0.0,,0.0,,0.0,Bright sun,2179700,0,0.0,0.0,2.0,0.0,0.0,0.0,0.0,1.0,,0.0,0.0,Wellington Region,Nil,2-way,Sealed,0.0,0.0,0,0.0,50.0,0.0,Null,0.0,0.0,,47,Wellington City,Nil,0.0,0.0,0.0,0.0,0.0,0.0,Urban,0.0,0.0,0.0,Fine,Null,0
67709855,,576100,0.0,,0.0,2.0,,South,2014/2015,QUEENS DRIVE,SLIP,,Non-Injury Crash,No,2015,,South,,0,,Flat,,,,,,Twilight,2195800,0,0.0,0.0,2.0,,,0.0,,,,,,Wellington Region,Nil,2-way,Sealed,,0.0,0,,50.0,,Off,0.0,0.0,,47,Wellington City,Nil,,,,,0.0,0.0,Urban,0.0,,,Fine,Null,0