OBJECTID,advisorySpeed,areaUnitID,bicycle,bridge,bus,carStationWagon,cliffBank,crashDirectionDescription,crashFinancialYear,crashLocation1,crashLocation2,crashRoadSideRoad,crashSeverity,crashSHDescription,crashYear,debris,directionRoleDescription,ditch,fatalCount,fence,flatHill,guardRail,holiday,houseOrBuilding,intersection,kerb,light,meshblockId,minorInjuryCount,moped,motorcycle,NumberOfLanes,objectThrownOrDropped,otherObject,otherVehicleType,overBank,parkedVehicle,pedestrian,phoneBoxEtc,postOrPole,region,roadCharacter,roadLane,roadSurface,roadworks,schoolBus,seriousInjuryCount,slipOrFlood,speedLimit,strayAnimal,streetLight,suv,taxi,temporarySpeedLimit,tlaId,tlaName,trafficControl,trafficIsland,trafficSign,train,tree,truck,unknownVehicleType,urban,vanOrUtility,vehicle,waterRiver,weatherA,weatherB,if_pandemic
67709859,,572900,0.0,,1.0,1.0,,South,2015/2016,TINAKORI ROAD,BOWEN ST,,Non-Injury Crash,No,2015,,North,,0,,Hill Road,,,,,,Twilight,2123500,0,0.0,0.0,2.0,,,0.0,,,,,,Wellington Region,Nil,2-way,Sealed,,0.0,0,,50.0,,Off,0.0,0.0,,47,Wellington City,Unknown,,,,,0.0,0.0,Urban,0.0,,,Fine,Null,0
67709941,,573400,0.0,0.0,0.0,1.0,0.0,West,2016/2017,SHANNON ST,MOELLER ST,,Non-Injury Crash,No,2017,0.0,East,0.0,0,0.0,Hill Road,0.0,,0.0,,0.0,Bright sun,2139100,0,0.0,0.0,2.0,0.0,0.0,0.0,0.0,1.0,,0.0,0.0,Wellington Region,Nil,2-way,Sealed,0.0,0.0,0,0.0,50.0,0.0,Null,1.0,0.0,,47,Wellington City,Unknown,0.0,0.0,0.0,0.0,0.0,0.0,Urban,0.0,0.0,0.0,Null,Null,0
67709969,,573101,0.0,,1.0,0.0,,East,2017/2018,MANNERS ST,OPERA HOUSE LANE,,Serious Crash,No,2017,,South,,0,,Flat,,,,,,Overcast,2133200,0,0.0,0.0,2.0,,,0.0,,,1.0,,,Wellington Region,Nil,2-way,Sealed,,0.0,1,,30.0,,Null,0.0,0.0,,47,Wellington City,Nil,,,,,0.0,0.0,Urban,0.0,,,Fine,Null,0
67710037,,572900,0.0,,0.0,1.0,,Null,2017/2018,WATERLOO QUAY,BUNNY ST,,Serious Crash,No,2017,,East,,0,,Flat,,,,,,Bright sun,2122700,0,0.0,0.0,3.0,,,0.0,,,1.0,,,Wellington Region,Nil,1-way,Sealed,,0.0,1,,50.0,,Null,0.0,0.0,,47,Wellington City,Traffic Signals,,,,,0.0,0.0,Urban,0.0,,,Fine,Null,0
67710043,,573300,0.0,0.0,0.0,1.0,0.0,South,2015/2016,SH 1N,BUCKLE ST W,,Non-Injury Crash,Yes,2015,0.0,North,0.0,0,1.0,Flat,0.0,,0.0,,0.0,Bright sun,2145602,0,0.0,0.0,2.0,0.0,0.0,0.0,0.0,0.0,,0.0,0.0,Wellington Region,Nil,2-way,Sealed,0.0,0.0,0,0.0,50.0,0.0,Null,0.0,0.0,,47,Wellington City,Nil,0.0,0.0,0.0,0.0,0.0,0.0,Urban,0.0,0.0,0.0,Fine,Null,0
67710046,,573000,0.0,,0.0,2.0,,South,2014/2015,SH 1N,TINAKORI OFF NBD,,Non-Injury Crash,Yes,2015,,North,,0,,Flat,,,,,,Dark,2124900,0,0.0,0.0,3.0,,,0.0,,,,,,Wellington Region,Nil,2-way,Sealed,,0.0,0,,100.0,,On,0.0,0.0,,47,Wellington City,Nil,,,,,0.0,0.0,Open,0.0,,,Heavy rain,Null,0
67710079,,573000,0.0,0.0,0.0,2.0,0.0,Null,2017/2018,WILLIS STREET,ELLERS AVENUE,,Minor Crash,No,2018,0.0,South,0.0,0,0.0,Flat,0.0,,0.0,,0.0,Bright sun,2128500,1,0.0,0.0,2.0,0.0,0.0,0.0,0.0,1.0,1.0,0.0,0.0,Wellington Region,Nil,2-way,Sealed,0.0,0.0,0,0.0,30.0,0.0,Null,0.0,0.0,,47,Wellington City,Nil,0.0,0.0,0.0,0.0,0.0,0.0,Urban,0.0,0.0,0.0,Fine,Null,0
67710088,,575300,0.0,0.0,0.0,0.0,0.0,South,2023/2024,UPLAND ROAD,PLUNKET STREET,,Minor Crash,No,2023,0.0,South,0.0,0,0.0,Flat,0.0,,0.0,,0.0,Overcast,2152201,1,0.0,0.0,2.0,0.0,0.0,0.0,0.0,0.0,1.0,0.0,0.0,Wellington Region,Nil,2-way,Sealed,0.0,0.0,0,0.0,30.0,0.0,Off,0.0,0.0,,47,Wellington City,Nil,0.0,1.0,0.0,0.0,1.0,0.0,Urban,0.0,0.0,0.0,Fine,Null,0
67710161,,576901,0.0,,0.0,1.0,,South,2016/2017,COUTTS ST,TIRANGI ROAD,,Non-Injury Crash,No,2017,,North,,0,,Flat,,,,,,Bright sun,2176702,0,0.0,0.0,2.0,,,0.0,,,,,,Wellington Region,Nil,2-way,Sealed,,0.0,0,,50.0,,Null,0.0,0.0,,47,Wellington City,Give way,,,,,0.0,0.0,Urban,1.0,,,Fine,Null,0
67710162,,574701,0.0,0.0,0.0,2.0,1.0,South,2023/2024,CHURCHILL DRIVE,CHARTWELL DRIVE,,Minor Crash,No,2023,0.0,South,0.0,0,0.0,Hill Road,0.0,,0.0,,0.0,Overcast,2097900,2,0.0,0.0,2.0,0.0,0.0,0.0,0.0,0.0,,0.0,0.0,Wellington Region,Nil,2-way,Sealed,0.0,0.0,0,0.0,50.0,0.0,Off,0.0,0.0,,47,Wellington City,Nil,0.0,0.0,0.0,0.0,0.0,0.0,Urban,0.0,0.0,0.0,Fine,Null,0
67710166,,572702,0.0,,0.0,1.0,,South,2022/2023,JOHNSONVILLE PORIRUA MOTORWAY,COLLINS OBR,,Non-Injury Crash,Yes,2023,,South,,0,,Flat,,,,,,Twilight,1996202,0,0.0,0.0,3.0,,,0.0,,,,,,Wellington Region,Nil,1-way,Sealed,,0.0,0,,100.0,,On,0.0,0.0,,47,Wellington City,Nil,,,,,0.0,0.0,Open,1.0,,,Fine,Null,0
67710185,,573700,0.0,0.0,0.0,2.0,0.0,East,2017/2018,FRANKMOORE AVENUE,EARP ST,,Non-Injury Crash,No,2017,0.0,East,0.0,0,0.0,Hill Road,0.0,,0.0,,0.0,Bright sun,2082500,0,0.0,0.0,2.0,0.0,0.0,0.0,0.0,2.0,,0.0,0.0,Wellington Region,Nil,2-way,Sealed,0.0,0.0,0,0.0,50.0,0.0,Null,1.0,0.0,,47,Wellington City,Unknown,0.0,0.0,0.0,0.0,0.0,0.0,Urban,1.0,0.0,0.0,Fine,Null,0
67710242,,573903,0.0,0.0,0.0,0.0,0.0,West,2023/2024,SALFORD STREET,RUSKIN ROAD,,Non-Injury Crash,No,2023,0.0,South,0.0,0,1.0,Hill Road,0.0,,0.0,,0.0,Dark,2075103,0,0.0,1.0,2.0,0.0,0.0,0.0,0.0,0.0,,0.0,0.0,Wellington Region,Nil,2-way,Sealed,0.0,0.0,0,0.0,50.0,0.0,On,0.0,0.0,,47,Wellington City,Nil,0.0,0.0,0.0,0.0,0.0,0.0,Urban,1.0,0.0,0.0,Mist or Fog,Null,0
67710246,,573101,0.0,,0.0,1.0,,Null,2022/2023,TORY STREET,COURTENAY PLACE,,Non-Injury Crash,No,2023,,South,,0,,Flat,,,,,,Dark,2135700,0,0.0,0.0,2.0,,,0.0,,,1.0,,,Wellington Region,Nil,2-way,Sealed,,0.0,0,,30.0,,Null,0.0,0.0,,47,Wellington City,Traffic Signals,,,,,0.0,0.0,Urban,0.0,,,Fine,Null,0
67710265,,574200,0.0,0.0,0.0,1.0,0.0,West,2017/2018,BARODA ST,BOX HILL,,Non-Injury Crash,No,2017,0.0,South,0.0,0,1.0,Hill Road,0.0,,0.0,,0.0,Overcast,2087200,0,0.0,0.0,2.0,0.0,0.0,0.0,0.0,0.0,,0.0,0.0,Wellington Region,Nil,2-way,Sealed,0.0,0.0,0,0.0,50.0,0.0,Null,0.0,0.0,,47,Wellington City,Nil,0.0,0.0,0.0,1.0,0.0,0.0,Urban,0.0,0.0,0.0,Fine,Null,0
67710302,,576600,0.0,,0.0,2.0,,West,2022/2023,ORIENTAL PARADE,HAY STREET,,Non-Injury Crash,No,2023,,East,,0,,Flat,,,,,,Bright sun,2137900,0,0.0,0.0,2.0,,,0.0,,,,,,Wellington Region,Nil,2-way,Sealed,,0.0,0,,40.0,,Off,1.0,0.0,,47,Wellington City,Nil,,,,,0.0,0.0,Urban,0.0,,,Fine,Strong wind,0
67710309,,574002,0.0,0.0,0.0,1.0,0.0,Null,2023/2024,CENTENNIAL HIGHWAY,CENTENNIAL HIGHWAY ON RAMP,,Non-Injury Crash,No,2023,0.0,North,0.0,0,0.0,Flat,1.0,,0.0,,0.0,Overcast,2078302,0,0.0,0.0,2.0,0.0,0.0,0.0,0.0,0.0,,0.0,0.0,Wellington Region,Bridge,1-way,Sealed,0.0,0.0,0,0.0,80.0,0.0,Off,0.0,0.0,,47,Wellington City,Nil,0.0,0.0,0.0,0.0,0.0,0.0,Open,0.0,0.0,0.0,Light rain,Strong wind,0
67710311,,573000,0.0,,0.0,3.0,,Null,2017/2018,SH 1N,SOUTH PORTAL,,Non-Injury Crash,Yes,2017,,South,,0,,Flat,,,,,,Bright sun,2130600,0,0.0,0.0,3.0,,,0.0,,,,,,Wellington Region,Nil,2-way,Sealed,,0.0,0,,70.0,,Null,1.0,0.0,,47,Wellington City,Unknown,,,,,0.0,0.0,Urban,0.0,,,Fine,Null,0
67710329,,577200,0.0,,0.0,2.0,,Null,2014/2015,TAUHINU ROAD,MIRAMAR AVENUE,,Non-Injury Crash,No,2015,,West,,0,,Flat,,,,,,Bright sun,2206200,0,0.0,0.0,2.0,,,0.0,,,,,,Wellington Region,Nil,2-way,Sealed,,0.0,0,,50.0,,Null,0.0,0.0,,47,Wellington City,Give way,,,,,0.0,0.0,Urban,0.0,,,Fine,Null,0
67710349,,577000,1.0,,0.0,1.0,,East,2015/2016,MOA POINT ROAD,COCHRANE ST,,Minor Crash,No,2015,,West,,0,,Flat,,,,,,Bright sun,2175600,1,0.0,0.0,2.0,,,0.0,,,,,,Wellington Region,Nil,2-way,Sealed,,0.0,0,,50.0,,Null,0.0,0.0,,47,Wellington City,Nil,,,,,0.0,0.0,Urban,0.0,,,Fine,Null,0
67710385,,573000,0.0,,0.0,1.0,,Null,2015/2016,THE TERRACE,JAMES COOK HOTEL,,Non-Injury Crash,No,2015,,North,,0,,Flat,,,,,,Overcast,2124803,0,1.0,0.0,4.0,,,0.0,,,,,,Wellington Region,Nil,2-way,Sealed,,0.0,0,,50.0,,Off,0.0,0.0,,47,Wellington City,Traffic Signals,,,,,0.0,0.0,Urban,0.0,,,Fine,Null,0
67710388,,573000,0.0,0.0,0.0,1.0,0.0,East,2022/2023,WILLESTON STREET,VICTORIA STREET,,Non-Injury Crash,No,2023,0.0,West,0.0,0,0.0,Flat,0.0,,0.0,,0.0,Bright sun,2126000,0,0.0,0.0,2.0,0.0,0.0,0.0,0.0,1.0,,0.0,0.0,Wellington Region,Nil,2-way,Sealed,0.0,0.0,0,0.0,30.0,0.0,On,0.0,0.0,,47,Wellington City,Nil,0.0,0.0,0.0,0.0,1.0,0.0,Urban,0.0,0.0,0.0,Fine,Null,0
67710391,,574002,0.0,,0.0,0.0,,South,2017/2018,SH 2,WEIGH PIT,,Minor Crash,Yes,2018,,North,,0,,Flat,,,,,,Dark,2078302,1,0.0,1.0,4.0,,,0.0,,,,,,Wellington Region,Nil,2-way,Sealed,,0.0,0,,100.0,,On,1.0,0.0,,47,Wellington City,Unknown,,,,,0.0,0.0,Open,0.0,,,Fine,Null,0
67710394,,573901,0.0,0.0,0.0,1.0,0.0,North,2023/2024,BRACKEN ROAD,RING LANE,,Non-Injury Crash,No,2023,0.0,South,0.0,0,0.0,Flat,0.0,,0.0,,0.0,Dark,2074000,0,0.0,0.0,2.0,0.0,0.0,0.0,0.0,1.0,,0.0,0.0,Wellington Region,Nil,2-way,Sealed,0.0,0.0,0,0.0,50.0,0.0,On,1.0,0.0,,47,Wellington City,Nil,0.0,0.0,0.0,0.0,0.0,0.0,Urban,0.0,0.0,0.0,Fine,Null,0
67710397,,576903,0.0,0.0,0.0,1.0,1.0,North,2014/2015,RODRIGO ROAD,IMPERIAL TERRACE,,Non-Injury Crash,No,2015,0.0,East,0.0,0,0.0,Hill Road,0.0,,0.0,,0.0,Dark,2179600,0,0.0,0.0,1.0,0.0,0.0,0.0,0.0,1.0,,0.0,0.0,Wellington Region,Nil,2-way,Sealed,0.0,0.0,0,0.0,50.0,0.0,On,1.0,0.0,,47,Wellington City,Nil,0.0,0.0,0.0,0.0,0.0,0.0,Urban,0.0,0.0,0.0,Fine,Null,0
67710398,,572900,0.0,,0.0,3.0,,South,2023/2024,MOLESWORTH STREET,HILL STREET,,Minor Crash,No,2024,,North,,0,,Hill Road,,,,,,Bright sun,2122500,2,0.0,0.0,2.0,,,0.0,,,,,,Wellington Region,Nil,1-way,Sealed,,0.0,0,,50.0,,Off,0.0,0.0,,47,Wellington City,Nil,,,,,0.0,0.0,Urban,0.0,,,Fine,Null,0
67710410,,576302,0.0,,0.0,2.0,,Null,2022/2023,RUSSELL TERRACE,HERALD STREET,,Non-Injury Crash,No,2023,,North,,0,,Hill Road,,,,,,Bright sun,2166500,0,0.0,0.0,2.0,,,0.0,,,,,,Wellington Region,Nil,2-way,Sealed,,0.0,0,,50.0,,Off,0.0,0.0,,47,Wellington City,Stop,,,,,0.0,0.0,Urban,0.0,,,Fine,Null,0
67710414,,574500,0.0,,0.0,1.0,,North,2023/2024,HUTT ROAD,AOTEA QUAY,,Minor Crash,No,2024,,North,,0,,Flat,,,,,,Bright sun,2093600,1,0.0,0.0,5.0,,,0.0,,,,,,Wellington Region,Nil,2-way,Sealed,,0.0,0,,60.0,,Off,0.0,0.0,,47,Wellington City,Nil,,,,,0.0,0.0,Urban,1.0,,,Fine,Null,0
67710466,,573101,0.0,0.0,0.0,0.0,0.0,South,2015/2016,KENT TERRACE,MAJORIBANKS ST,,Non-Injury Crash,No,2015,0.0,South,0.0,0,0.0,Flat,0.0,,0.0,,0.0,Bright sun,2136000,0,0.0,0.0,3.0,0.0,0.0,0.0,0.0,1.0,,0.0,0.0,Wellington Region,Nil,1-way,Sealed,0.0,0.0,0,0.0,50.0,0.0,Null,0.0,0.0,,47,Wellington City,Unknown,0.0,0.0,0.0,0.0,1.0,0.0,Urban,1.0,0.0,0.0,Fine,Null,0
67710478,,573101,0.0,,0.0,2.0,,Null,2022/2023,KARO DRIVE,WILLIS STREET,,Non-Injury Crash,Yes,2023,,North,,0,,Flat,,,,,,Dark,2132400,0,0.0,0.0,4.0,,,0.0,,,,,,Wellington Region,Nil,1-way,Sealed,,0.0,0,,50.0,,On,0.0,0.0,,47,Wellington City,Traffic Signals,,,,,0.0,0.0,Urban,0.0,,,Fine,Null,0
67710510,,573000,0.0,,1.0,1.0,,Null,2022/2023,FEATHERSTON STREET,HUNTER STREET,,Non-Injury Crash,No,2023,,South,,0,,Flat,,,,,,Bright sun,2125800,0,0.0,0.0,2.0,,,0.0,,,,,,Wellington Region,Nil,1-way,Sealed,,0.0,0,,30.0,,Off,0.0,0.0,,47,Wellington City,Traffic Signals,,,,,0.0,0.0,Urban,0.0,,,Fine,Null,0
67710514,,576903,0.0,0.0,0.0,1.0,0.0,South,2022/2023,BADEN ROAD,HAMILTON ROAD,,Non-Injury Crash,No,2023,0.0,North,0.0,0,0.0,Hill Road,0.0,,0.0,,0.0,Bright sun,2181301,0,0.0,0.0,2.0,0.0,0.0,0.0,0.0,1.0,,0.0,0.0,Wellington Region,Nil,2-way,Sealed,0.0,0.0,0,0.0,50.0,0.0,Off,0.0,0.0,,47,Wellington City,Nil,0.0,0.0,0.0,0.0,0.0,0.0,Urban,1.0,0.0,0.0,Fine,Null,0
67710555,,574002,0.0,,0.0,2.0,,West,2016/2017,SH 1N,NIMT OBR,,Non-Injury Crash,Yes,2017,,South,,0,,Hill Road,,,,,,Overcast,2078304,0,0.0,0.0,3.0,,,0.0,,,,,,Wellington Region,Nil,1-way,Sealed,,0.0,0,,80.0,,Off,0.0,0.0,60.0,47,Wellington City,Unknown,,,,,0.0,0.0,Open,0.0,,,Light rain,Null,0
67710597,,572500,0.0,,0.0,0.0,,Null,2015/2016,MAIN ROAD,REDWOOD AVENUE S,,Non-Injury Crash,No,2015,,South,,0,,Flat,,,,,,Overcast,1986300,0,0.0,1.0,2.0,,,0.0,,,,,,Wellington Region,Nil,2-way,Sealed,,0.0,0,,50.0,,Null,1.0,0.0,,47,Wellington City,Give way,,,,,0.0,0.0,Urban,0.0,,,Fine,Null,0
67710614,,575600,1.0,,0.0,1.0,,Null,2017/2018,OHIRO ROAD,TANERA CRESCENT,,Non-Injury Crash,No,2017,,North,,0,,Hill Road,,,,,,Overcast,2161900,0,0.0,0.0,2.0,,,0.0,,,,,,Wellington Region,Nil,2-way,Sealed,,0.0,0,,50.0,,Null,0.0,0.0,,47,Wellington City,Nil,,,,,0.0,0.0,Urban,0.0,,,Fine,Null,0
67710616,,574900,0.0,0.0,0.0,1.0,0.0,Null,2014/2015,ALLINGTON ROAD,ST ALBANS AVENUE,,Non-Injury Crash,No,2015,0.0,West,0.0,0,0.0,Flat,0.0,,0.0,,0.0,Dark,2110601,0,0.0,0.0,2.0,0.0,1.0,0.0,0.0,0.0,,0.0,0.0,Wellington Region,Nil,2-way,Sealed,0.0,0.0,0,0.0,50.0,0.0,On,0.0,0.0,,47,Wellington City,Nil,0.0,0.0,0.0,0.0,0.0,0.0,Urban,0.0,0.0,0.0,Fine,Null,0
67710652,,576001,0.0,0.0,0.0,2.0,0.0,South,2023/2024,THE ESPLANADE, DERWENT STREET,,Non-Injury Crash,No,2023,0.0,North,0.0,0,0.0,Flat,0.0,,0.0,,0.0,Dark,2189000,0,0.0,0.0,2.0,0.0,0.0,0.0,0.0,1.0,,0.0,0.0,Wellington Region,Nil,2-way,Sealed,0.0,0.0,0,0.0,50.0,0.0,On,0.0,0.0,,47,Wellington City,Nil,0.0,0.0,0.0,0.0,0.0,0.0,Urban,0.0,0.0,0.0,Fine,Strong wind,0
67710656,,573700,0.0,,0.0,2.0,,Null,2023/2024,JOHNSONVILLE ROAD,BRODERICK ROAD,,Minor Crash,No,2024,,North,,0,,Flat,,,,,,Bright sun,2082800,2,0.0,0.0,3.0,,,0.0,,,,,,Wellington Region,Nil,2-way,Sealed,,0.0,0,,50.0,,Off,0.0,0.0,,47,Wellington City,Traffic Signals,,,,,0.0,0.0,Urban,0.0,,,Fine,Null,0
67710667,,572900,0.0,,0.0,1.0,,Null,2015/2016,HUTT ROAD,SAR ST,,Serious Crash,No,2015,,South,,0,,Flat,,,,,,Dark,2118400,0,0.0,1.0,2.0,,,0.0,,,,,,Wellington Region,Nil,2-way,Sealed,,0.0,1,,50.0,,On,0.0,0.0,,47,Wellington City,Give way,,,,,0.0,0.0,Urban,0.0,,,Fine,Null,0
67710742,,574402,0.0,,0.0,1.0,,East,2023/2024,OLD PORIRUA ROAD,COCKAYNE ROAD,,Non-Injury Crash,No,2023,,East,,0,,Hill Road,,,,,,Overcast,2097503,0,0.0,0.0,2.0,,,0.0,,,,,,Wellington Region,Nil,2-way,Sealed,,0.0,0,,50.0,,None,0.0,0.0,,47,Wellington City,Nil,,,,,0.0,0.0,Urban,0.0,,,Fine,Null,0
67710748,,573513,0.0,0.0,0.0,2.0,0.0,South,2022/2023,MELKSHAM DRIVE,MAULDETH TERRACE,,Non-Injury Crash,No,2023,0.0,South,0.0,0,0.0,Flat,0.0,,0.0,,0.0,Bright sun,2086608,0,0.0,0.0,2.0,0.0,0.0,0.0,0.0,1.0,,0.0,0.0,Wellington Region,Nil,2-way,Sealed,0.0,0.0,0,0.0,50.0,0.0,Off,0.0,0.0,,47,Wellington City,Nil,0.0,0.0,0.0,0.0,0.0,0.0,Urban,0.0,0.0,0.0,Fine,Null,0
67710759,,574600,1.0,,0.0,1.0,,West,2015/2016,MAIRANGI ROAD,WADE ST,,Minor Crash,No,2016,,West,,0,,Flat,,,,,,Overcast,2100300,1,0.0,0.0,2.0,,,0.0,,,,,,Wellington Region,Nil,2-way,Sealed,,0.0,0,,50.0,,Null,0.0,0.0,,47,Wellington City,Nil,,,,,0.0,0.0,Urban,0.0,,,Heavy rain,Null,0
67710765,,573514,0.0,0.0,0.0,1.0,0.0,South,2017/2018,SH 1N,CHURTON PARK OFF NBD,,Minor Crash,Yes,2017,0.0,North,0.0,0,0.0,Flat,1.0,,0.0,,0.0,Overcast,2086204,1,0.0,0.0,2.0,0.0,0.0,0.0,0.0,0.0,,0.0,0.0,Wellington Region,Nil,1-way,Sealed,0.0,0.0,0,0.0,100.0,0.0,Null,0.0,0.0,,47,Wellington City,Unknown,0.0,0.0,0.0,0.0,1.0,0.0,Open,0.0,0.0,0.0,Fine,Null,0
67710777,,573700,0.0,,0.0,1.0,,South,2017/2018,JOHNSONVILLE ROAD,NORMAN LANE,,Minor Crash,No,2017,,North,,0,,Flat,,,,,,Bright sun,2082800,1,0.0,0.0,2.0,,,0.0,,,2.0,,,Wellington Region,Nil,2-way,Sealed,,0.0,0,,50.0,,Null,0.0,0.0,,47,Wellington City,Nil,,,,,0.0,0.0,Urban,0.0,,,Fine,Null,0
67710791,,573300,0.0,,0.0,2.0,,North,2016/2017,WALLACE ST,WALLACE ST SLIP,,Minor Crash,No,2016,,North,,0,,Hill Road,,,,,,Overcast,2147300,1,0.0,0.0,2.0,,,0.0,,,,,,Wellington Region,Nil,2-way,Sealed,,0.0,0,,50.0,,Off,0.0,0.0,,47,Wellington City,Unknown,,,,,0.0,0.0,Urban,0.0,,,Light rain,Null,0
67710827,,573903,0.0,0.0,0.0,2.0,0.0,South,2022/2023,CHELTENHAM TERRACE,EVESHAM PLACE,,Non-Injury Crash,Unknown,2023,0.0,West,0.0,0,0.0,Flat,0.0,,0.0,,0.0,Bright sun,2075101,0,0.0,0.0,2.0,0.0,0.0,0.0,0.0,1.0,,0.0,0.0,Wellington Region,Nil,2-way,Sealed,0.0,0.0,0,0.0,50.0,0.0,Null,0.0,0.0,,47,Wellington City,Nil,0.0,0.0,0.0,0.0,0.0,0.0,Urban,0.0,0.0,0.0,Fine,Null,0
67710833,,576901,0.0,0.0,0.0,2.0,0.0,East,2022/2023,EVANS BAY PARADE,BAY ROAD,,Non-Injury Crash,No,2023,0.0,South,0.0,0,0.0,Flat,0.0,,0.0,,0.0,Dark,2178101,0,0.0,0.0,1.0,0.0,0.0,0.0,0.0,1.0,1.0,0.0,0.0,Wellington Region,Nil,1-way,Sealed,0.0,0.0,0,0.0,50.0,0.0,On,0.0,0.0,,47,Wellington City,Nil,0.0,1.0,0.0,0.0,0.0,0.0,Urban,0.0,0.0,0.0,Fine,Null,0
67710838,,572701,0.0,0.0,0.0,2.0,0.0,North,2015/2016,BELL ST,MEXTED TERRACE,,Non-Injury Crash,No,2015,0.0,North,0.0,0,0.0,Hill Road,0.0,Labour Weekend,0.0,,0.0,Bright sun,1995900,0,0.0,0.0,1.0,0.0,0.0,0.0,0.0,1.0,,0.0,0.0,Wellington Region,Nil,2-way,Sealed,0.0,0.0,0,0.0,50.0,0.0,Null,0.0,0.0,,47,Wellington City,Unknown,0.0,0.0,0.0,0.0,0.0,0.0,Urban,0.0,0.0,0.0,Fine,Null,0
67710859,,577200,0.0,,0.0,2.0,,Null,2023/2024,PUBLIC CAR PARK,,,Minor Crash,No,2024,,South,,0,,Flat,,,,,,Overcast,2206200,1,0.0,0.0,0.0,,,0.0,,,1.0,,,Wellington Region,Nil,Off road,Sealed,,0.0,0,,,,Off,0.0,0.0,,47,Wellington City,Nil,,,,,0.0,0.0,Urban,0.0,,,Light rain,Null,0
67710874,,575701,0.0,0.0,0.0,2.0,0.0,Null,2015/2016,HARLAND ST,GOWRIE ST,,Non-Injury Crash,No,2015,0.0,North,0.0,0,0.0,Hill Road,0.0,,0.0,,0.0,Dark,2199800,0,0.0,0.0,2.0,0.0,0.0,0.0,0.0,1.0,,0.0,0.0,Wellington Region,Nil,2-way,Sealed,0.0,0.0,0,0.0,50.0,0.0,On,0.0,0.0,,47,Wellington City,Give way,0.0,0.0,0.0,0.0,0.0,0.0,Urban,0.0,0.0,0.0,Light rain,Null,0
67710884,,577102,0.0,0.0,0.0,2.0,0.0,South,2017/2018,STRATHMORE AVENUE,BROADWAY,,Non-Injury Crash,No,2017,0.0,North,0.0,0,0.0,Flat,0.0,,0.0,,0.0,Overcast,2214600,0,0.0,0.0,2.0,0.0,0.0,0.0,0.0,1.0,,0.0,0.0,Wellington Region,Nil,2-way,Sealed,0.0,0.0,0,0.0,30.0,0.0,Null,0.0,0.0,,47,Wellington City,Nil,0.0,0.0,0.0,0.0,0.0,0.0,Urban,0.0,0.0,0.0,Light rain,Null,0
67710890,,576901,0.0,0.0,0.0,1.0,0.0,South,2015/2016,BAY ROAD,RONGOTAI ROAD,,Non-Injury Crash,No,2015,0.0,North,0.0,0,0.0,Flat,0.0,,0.0,,0.0,Overcast,2178400,0,0.0,0.0,2.0,0.0,0.0,0.0,0.0,1.0,,0.0,0.0,Wellington Region,Nil,2-way,Sealed,0.0,0.0,0,0.0,50.0,0.0,Null,1.0,0.0,,47,Wellington City,Unknown,0.0,0.0,0.0,0.0,0.0,0.0,Urban,0.0,0.0,0.0,Fine,Null,0
67710898,,576901,1.0,,0.0,1.0,,Null,2015/2016,SH 1N,TROY ST,,Serious Crash,Yes,2015,,South,,0,,Flat,,,,,,Overcast,2176800,0,0.0,0.0,2.0,,,0.0,,,,,,Wellington Region,Nil,1-way,Sealed,,0.0,1,,70.0,,Null,0.0,0.0,,47,Wellington City,Give way,,,,,0.0,0.0,Urban,0.0,,,Fine,Null,0
67710905,,573700,0.0,0.0,0.0,3.0,0.0,East,2023/2024,FRANKMOORE AVENUE,ROTOITI STREET,,Non-Injury Crash,No,2023,0.0,West,0.0,0,0.0,Flat,0.0,,0.0,,0.0,Dark,2082400,0,0.0,0.0,1.0,0.0,0.0,0.0,0.0,2.0,,0.0,0.0,Wellington Region,Nil,2-way,Sealed,0.0,0.0,0,0.0,50.0,0.0,On,0.0,0.0,,47,Wellington City,Nil,0.0,0.0,0.0,0.0,0.0,0.0,Urban,0.0,0.0,0.0,Fine,Null,0
67710909,,576903,0.0,0.0,0.0,1.0,0.0,North,2023/2024,EVANS BAY PARADE,EVANS BAY PARADE,,Minor Crash,No,2024,0.0,North,0.0,0,1.0,Flat,0.0,,0.0,,0.0,Dark,2180002,1,0.0,0.0,2.0,0.0,0.0,0.0,0.0,0.0,,0.0,0.0,Wellington Region,Nil,2-way,Sealed,0.0,0.0,0,0.0,50.0,0.0,On,0.0,0.0,,47,Wellington City,Nil,0.0,0.0,0.0,1.0,0.0,0.0,Urban,0.0,0.0,0.0,Fine,Null,0
67710922,,573101,1.0,,0.0,1.0,,Null,2023/2024,WILLIS STREET,MANNERS STREET,,Minor Crash,No,2024,,North,,0,,Flat,,,,,,Bright sun,2131300,1,0.0,0.0,3.0,,,0.0,,,,,,Wellington Region,Nil,2-way,Sealed,,0.0,0,,30.0,,Off,0.0,1.0,,47,Wellington City,Traffic Signals,,,,,0.0,0.0,Urban,0.0,,,Fine,Null,0
67710928,,572900,0.0,0.0,0.0,1.0,0.0,Null,2023/2024,HAWKESTONE STREET OFF RAMP,HAWKESTONE STREET,,Non-Injury Crash,No,2023,0.0,South,0.0,0,0.0,Hill Road,0.0,Christmas New Year,0.0,,0.0,Twilight,2119500,0,0.0,0.0,4.0,0.0,0.0,0.0,0.0,0.0,,0.0,0.0,Wellington Region,Motorway ramp,2-way,Sealed,0.0,0.0,0,0.0,100.0,0.0,Off,0.0,0.0,,47,Wellington City,Give way,1.0,0.0,0.0,0.0,0.0,0.0,Open,0.0,0.0,0.0,Mist or Fog,Strong wind,0