OBJECTID,advisorySpeed,areaUnitID,bicycle,bridge,bus,carStationWagon,cliffBank,crashDirectionDescription,crashFinancialYear,crashLocation1,crashLocation2,crashRoadSideRoad,crashSeverity,crashSHDescription,crashYear,debris,directionRoleDescription,ditch,fatalCount,fence,flatHill,guardRail,holiday,houseOrBuilding,intersection,kerb,light,meshblockId,minorInjuryCount,moped,motorcycle,NumberOfLanes,objectThrownOrDropped,otherObject,otherVehicleType,overBank,parkedVehicle,pedestrian,phoneBoxEtc,postOrPole,region,roadCharacter,roadLane,roadSurface,roadworks,schoolBus,seriousInjuryCount,slipOrFlood,speedLimit,strayAnimal,streetLight,suv,taxi,temporarySpeedLimit,tlaId,tlaName,trafficControl,trafficIsland,trafficSign,train,tree,truck,unknownVehicleType,urban,vanOrUtility,vehicle,waterRiver,weatherA,weatherB,if_pandemic
67710930,,573400,0.0,,0.0,2.0,,East,2023/2024,ORIENTAL PARADE,PRINCE STREET,,Minor Crash,No,2023,,East,,0,,Flat,,,,,,Overcast,2138400,1,0.0,0.0,2.0,,,0.0,,,,,,Wellington Region,Nil,2-way,Sealed,,0.0,0,,40.0,,Off,0.0,0.0,,47,Wellington City,Nil,,,,,0.0,0.0,Urban,0.0,,,Fine,Null,0
67710960,,573400,0.0,0.0,0.0,1.0,0.0,East,2014/2015,PIRIE ST,AUSTIN ST,,Non-Injury Crash,No,2015,0.0,East,0.0,0,0.0,Hill Road,0.0,,0.0,,0.0,Overcast,2142400,0,0.0,0.0,2.0,0.0,0.0,0.0,0.0,0.0,,0.0,0.0,Wellington Region,Nil,2-way,Sealed,0.0,0.0,0,0.0,50.0,0.0,Null,0.0,0.0,,47,Wellington City,Nil,0.0,0.0,0.0,0.0,0.0,0.0,Urban,1.0,1.0,0.0,Fine,Null,0
67710968,,573000,0.0,0.0,0.0,2.0,0.0,North,2023/2024,WILLIS STREET,KARO DRIVE,,Non-Injury Crash,No,2023,0.0,North,0.0,0,0.0,Flat,0.0,,0.0,,0.0,Dark,2130200,0,0.0,0.0,2.0,0.0,0.0,0.0,0.0,1.0,,0.0,0.0,Wellington Region,Nil,1-way,Sealed,0.0,0.0,0,0.0,30.0,0.0,On,0.0,0.0,,47,Wellington City,Nil,0.0,0.0,0.0,0.0,0.0,0.0,Urban,0.0,0.0,0.0,Fine,Null,0
67710980,,573526,0.0,0.0,0.0,2.0,0.0,East,2023/2024,HUTT ROAD,SERVICE STN NTH,,Serious Crash,Yes,2024,0.0,North,0.0,0,0.0,Flat,1.0,,0.0,,0.0,Bright sun,2077503,0,0.0,0.0,2.0,0.0,0.0,0.0,0.0,0.0,,0.0,0.0,Wellington Region,Nil,1-way,Sealed,0.0,0.0,1,0.0,100.0,0.0,Off,0.0,0.0,,47,Wellington City,Nil,0.0,0.0,0.0,0.0,0.0,0.0,Open,0.0,0.0,0.0,Fine,Null,0
67710982,,572500,0.0,0.0,0.0,1.0,1.0,North,2014/2015,MAIN ROAD,REDWOOD AVENUE S,,Non-Injury Crash,No,2015,0.0,North,0.0,0,0.0,Flat,0.0,,0.0,,0.0,Bright sun,1986300,0,0.0,0.0,2.0,0.0,0.0,0.0,0.0,0.0,,0.0,0.0,Wellington Region,Nil,2-way,Sealed,0.0,0.0,0,0.0,50.0,0.0,Null,0.0,0.0,,47,Wellington City,Unknown,0.0,0.0,0.0,0.0,0.0,0.0,Urban,0.0,0.0,0.0,Fine,Null,0
67711059,,573000,0.0,,0.0,1.0,,Null,2015/2016,FEATHERSTON ST,GREY ST,,Minor Crash,No,2016,,South,,0,,Flat,,,,,,Overcast,2125800,1,1.0,0.0,2.0,,,0.0,,,,,,Wellington Region,Nil,1-way,Sealed,,0.0,0,,50.0,,Null,0.0,0.0,,47,Wellington City,Give way,,,,,0.0,0.0,Urban,0.0,,,Light rain,Null,0
67711077,,575300,0.0,,0.0,2.0,,East,2016/2017,KARORI TUNNEL,WAIAPU ROAD,,Non-Injury Crash,No,2017,,West,,0,,Flat,,,,,,Overcast,2152600,0,0.0,0.0,2.0,,,0.0,,,,,,Wellington Region,Bridge,2-way,Sealed,,0.0,0,,50.0,,On,0.0,0.0,,47,Wellington City,Unknown,,,,,0.0,0.0,Urban,0.0,,,Fine,Null,0
67711080,,574302,0.0,0.0,0.0,1.0,0.0,South,2023/2024,WELLINGTON URBAN MOTORWAY,ONSLOW RAIL OBR,,Non-Injury Crash,Yes,2023,0.0,North,0.0,0,0.0,Flat,1.0,Christmas New Year,0.0,,0.0,Dark,2090604,0,0.0,0.0,4.0,0.0,0.0,0.0,0.0,0.0,,0.0,0.0,Wellington Region,Nil,1-way,Sealed,0.0,0.0,0,0.0,100.0,0.0,On,0.0,0.0,,47,Wellington City,Nil,0.0,0.0,0.0,0.0,0.0,0.0,Open,0.0,0.0,0.0,Light rain,Strong wind,0
67711094,,572600,0.0,,0.0,4.0,,North,2015/2016,SH 1N,TAWA ON NBD,,Non-Injury Crash,Yes,2015,,North,,0,,Flat,,,,,,Overcast,1992900,0,0.0,0.0,4.0,,,0.0,,,,,,Wellington Region,Nil,2-way,Sealed,,0.0,0,,100.0,,Null,0.0,0.0,,47,Wellington City,Unknown,,,,,0.0,0.0,Open,0.0,,,Light rain,Null,0
67711138,,576901,0.0,,0.0,1.0,,Null,2023/2024,COUTTS STREET,ROSS STREET,,Minor Crash,No,2024,,West,,0,,Flat,,,,,,Bright sun,2177700,1,0.0,0.0,2.0,,,0.0,,,1.0,,,Wellington Region,Nil,2-way,Sealed,,0.0,0,,50.0,,Null,0.0,1.0,,47,Wellington City,Give way,,,,,0.0,0.0,Urban,0.0,,,Fine,Null,0
67711250,,575800,0.0,0.0,0.0,2.0,0.0,South,2023/2024,PRISCILLA CRESCENT,HURON PLACE,,Non-Injury Crash,No,2023,0.0,South,0.0,0,0.0,Hill Road,0.0,,0.0,,0.0,Bright sun,2198302,0,0.0,0.0,2.0,0.0,0.0,0.0,0.0,1.0,,0.0,0.0,Wellington Region,Nil,2-way,Sealed,0.0,0.0,0,0.0,50.0,0.0,Off,0.0,0.0,,47,Wellington City,Nil,0.0,0.0,0.0,0.0,0.0,0.0,Urban,0.0,0.0,0.0,Fine,Null,0
67711262,,575800,0.0,0.0,0.0,1.0,0.0,South,2022/2023,HALIFAX STREET,QUEBEC STREET,,Non-Injury Crash,No,2023,0.0,West,0.0,0,0.0,Null,0.0,,0.0,,0.0,Unknown,2198100,0,0.0,0.0,2.0,0.0,0.0,0.0,0.0,1.0,,0.0,0.0,Wellington Region,Nil,2-way,Sealed,0.0,0.0,0,0.0,50.0,0.0,Null,0.0,0.0,,47,Wellington City,Nil,0.0,0.0,0.0,0.0,0.0,0.0,Urban,0.0,0.0,0.0,Null,Null,0
67711287,,573000,0.0,,0.0,1.0,,North,2016/2017,SH 1N,EVERTON OBR,,Non-Injury Crash,Yes,2017,,South,,0,,Flat,,,,,,Dark,2124803,0,0.0,0.0,3.0,,,0.0,,,,,,Wellington Region,Nil,2-way,Sealed,,0.0,0,,80.0,,On,0.0,0.0,,47,Wellington City,Unknown,,,,,0.0,0.0,Open,1.0,,,Light rain,Null,0
67711334,,575600,0.0,,0.0,1.0,,West,2023/2024,CLEVELAND STREET,OHIRO ROAD,,Minor Crash,No,2024,,East,,0,,Flat,,,,,,Overcast,2161900,1,0.0,0.0,2.0,,,0.0,,,1.0,,,Wellington Region,Nil,2-way,Sealed,,0.0,0,,30.0,,Off,0.0,0.0,,47,Wellington City,Nil,,,,,0.0,0.0,Urban,0.0,,,Fine,Null,0
67711343,,576901,0.0,,0.0,1.0,,East,2016/2017,RONGOTAI ROAD,YULE ST,,Non-Injury Crash,No,2017,,West,,0,,Flat,,Easter,,,,Twilight,2177300,0,0.0,0.0,1.0,,,0.0,,,,,,Wellington Region,Nil,1-way,Sealed,,0.0,0,,50.0,,Off,1.0,0.0,,47,Wellington City,Unknown,,,,,0.0,0.0,Urban,0.0,,,Null,Null,0
67711354,,573101,0.0,,0.0,2.0,,Null,2022/2023,TARANAKI STREET,VIVIAN STREET,,Non-Injury Crash,No,2022,,South,,0,,Flat,,,,,,Overcast,2133800,0,0.0,0.0,3.0,,,0.0,,,,,,Wellington Region,Nil,2-way,Sealed,,0.0,0,,50.0,,Off,0.0,0.0,,47,Wellington City,Traffic Signals,,,,,0.0,0.0,Urban,0.0,,,Fine,Null,0
67711360,,576901,0.0,,0.0,2.0,,North,2022/2023,CHILDERS TERRACE,RODRIGO ROAD,,Non-Injury Crash,No,2022,,North,,0,,Flat,,,,,,Dark,2178400,0,0.0,0.0,2.0,,,0.0,,,,,,Wellington Region,Speed hump,2-way,Sealed,,0.0,0,,50.0,,On,0.0,0.0,,47,Wellington City,Nil,,,,,0.0,0.0,Urban,0.0,,,Fine,Null,0
67711374,,573101,0.0,0.0,0.0,2.0,0.0,North,2021/2022,CAMBRIDGE TERRACE,COLLEGE STREET,,Minor Crash,No,2022,0.0,North,0.0,0,0.0,Flat,0.0,,0.0,,0.0,Dark,2136500,1,0.0,0.0,3.0,0.0,0.0,0.0,0.0,1.0,,0.0,0.0,Wellington Region,Nil,1-way,Sealed,0.0,0.0,0,0.0,50.0,0.0,On,0.0,0.0,,47,Wellington City,Nil,0.0,0.0,0.0,0.0,0.0,0.0,Urban,0.0,0.0,0.0,Fine,Null,0
67711407,,573101,0.0,,0.0,1.0,,Null,2017/2018,TORY ST,WAKEFIELD ST,,Non-Injury Crash,No,2017,,North,,0,,Flat,,,,,,Twilight,2135700,0,0.0,0.0,3.0,,,0.0,,,,,,Wellington Region,Nil,2-way,Sealed,,0.0,0,,50.0,,On,1.0,0.0,,47,Wellington City,Traffic Signals,,,,,0.0,0.0,Urban,0.0,,,Fine,Null,0
67711444,,573000,0.0,,0.0,3.0,,East,2014/2015,EVERTON TERRACE,CLIFTON TERRACE,,Minor Crash,No,2015,,West,,0,,Flat,,,,,,Bright sun,2126100,2,0.0,0.0,3.0,,,0.0,,,,,,Wellington Region,Nil,2-way,Sealed,,0.0,0,,50.0,,Null,0.0,0.0,,47,Wellington City,Traffic Signals,,,,,0.0,0.0,Urban,0.0,,,Fine,Null,0
67711452,,572900,0.0,,0.0,1.0,,South,2014/2015,SH 1N,HOBSON ST OBR NBD,,Non-Injury Crash,Yes,2015,,North,,0,,Flat,,,,,,Overcast,2118500,0,0.0,0.0,4.0,,,0.0,,,,,,Wellington Region,Nil,1-way,Sealed,,0.0,0,,100.0,,Null,1.0,0.0,,47,Wellington City,Unknown,,,,,0.0,0.0,Open,0.0,,,Fine,Null,0
67711487,,573101,0.0,,0.0,0.0,,West,2014/2015,SH 1N,VICTORIA ST,,Non-Injury Crash,Yes,2015,,East,,0,,Flat,,,,,,Bright sun,2131600,0,0.0,0.0,2.0,,,0.0,,,1.0,,,Wellington Region,Nil,2-way,Sealed,,0.0,0,,50.0,,Null,0.0,0.0,,47,Wellington City,Traffic Signals,,,,,0.0,0.0,Urban,1.0,,,Fine,Null,0
67711530,,576500,0.0,0.0,0.0,0.0,0.0,Null,2015/2016,ADELAIDE ROAD,JOHN ST,,Non-Injury Crash,No,2015,0.0,North,0.0,0,0.0,Hill Road,0.0,,0.0,,0.0,Bright sun,2148700,0,0.0,0.0,2.0,0.0,0.0,0.0,0.0,1.0,,0.0,0.0,Wellington Region,Nil,2-way,Sealed,0.0,0.0,0,0.0,50.0,0.0,Null,2.0,0.0,,47,Wellington City,Traffic Signals,0.0,0.0,0.0,0.0,0.0,0.0,Urban,1.0,0.0,0.0,Fine,Null,0
67711560,,577000,0.0,,0.0,2.0,,Null,2016/2017,SH 1N,CALABAR ROAD,,Non-Injury Crash,Yes,2017,,South,,0,,Hill Road,,,,,,Overcast,2175700,0,0.0,0.0,3.0,,,0.0,,,,,,Wellington Region,Nil,2-way,Sealed,,0.0,0,,50.0,,Null,0.0,0.0,,47,Wellington City,Give way,,,,,0.0,0.0,Urban,0.0,,,Fine,Null,0
67711571,,573400,0.0,0.0,0.0,1.0,0.0,Null,2022/2023,ELLICE STREET,AUSTIN STREET,,Non-Injury Crash,No,2022,0.0,East,0.0,0,0.0,Hill Road,0.0,,0.0,,0.0,Unknown,2143100,0,0.0,0.0,2.0,0.0,0.0,0.0,0.0,1.0,,0.0,0.0,Wellington Region,Nil,2-way,Sealed,0.0,0.0,0,0.0,50.0,0.0,On,1.0,0.0,,47,Wellington City,Stop,0.0,0.0,0.0,0.0,0.0,0.0,Urban,0.0,0.0,0.0,Fine,Null,0
67711586,,577102,0.0,0.0,0.0,1.0,0.0,West,2015/2016,KINGHORNE ST,GLAMIS AVENUE,,Non-Injury Crash,No,2015,0.0,South,0.0,0,0.0,Hill Road,0.0,,0.0,,0.0,Overcast,2214600,0,0.0,0.0,2.0,0.0,0.0,0.0,0.0,1.0,,0.0,0.0,Wellington Region,Nil,2-way,Sealed,0.0,0.0,0,0.0,50.0,0.0,Null,0.0,0.0,,47,Wellington City,Unknown,0.0,0.0,0.0,0.0,1.0,0.0,Urban,0.0,0.0,0.0,Light rain,Null,0
67711591,,574800,0.0,0.0,0.0,2.0,0.0,East,2023/2024,KARORI ROAD,CAMPBELL STREET,,Non-Injury Crash,No,2023,0.0,East,0.0,0,0.0,Hill Road,0.0,,0.0,,0.0,Bright sun,2107700,0,0.0,0.0,2.0,0.0,0.0,0.0,0.0,1.0,,0.0,0.0,Wellington Region,Nil,2-way,Sealed,0.0,0.0,0,0.0,50.0,0.0,Off,0.0,0.0,,47,Wellington City,Nil,0.0,0.0,0.0,0.0,0.0,0.0,Urban,0.0,0.0,0.0,Fine,Null,0
67711594,,573522,0.0,,0.0,3.0,,South,2015/2016,SH 1N,TAWA ON SBD,,Serious Crash,Yes,2016,,South,,0,,Flat,,Easter,,,,Bright sun,2053703,0,0.0,1.0,3.0,,,0.0,,,,,,Wellington Region,Nil,1-way,Sealed,,0.0,1,,100.0,,Null,0.0,0.0,,47,Wellington City,Unknown,,,,,0.0,0.0,Open,0.0,,,Fine,Null,0
67711603,,573101,0.0,0.0,0.0,2.0,0.0,Null,2022/2023,WAKEFIELD STREET,CUBA STREET,,Non-Injury Crash,No,2022,0.0,North,0.0,0,0.0,Flat,0.0,,0.0,,0.0,Dark,2133100,0,0.0,0.0,2.0,0.0,0.0,0.0,0.0,1.0,,0.0,0.0,Wellington Region,Nil,2-way,Sealed,0.0,0.0,0,0.0,30.0,0.0,On,0.0,1.0,,47,Wellington City,Traffic Signals,0.0,0.0,0.0,0.0,0.0,0.0,Urban,0.0,0.0,0.0,Fine,Null,0
67711611,,577200,0.0,0.0,0.0,1.0,0.0,West,2022/2023,COBHAM DRIVE,SHELLY BAY ROAD,,Non-Injury Crash,No,2023,0.0,North,0.0,0,0.0,Flat,0.0,,0.0,,1.0,Dark,2206200,0,0.0,0.0,2.0,0.0,0.0,0.0,0.0,0.0,,0.0,0.0,Wellington Region,Nil,2-way,Sealed,0.0,0.0,0,0.0,50.0,0.0,On,0.0,0.0,,47,Wellington City,Nil,0.0,0.0,0.0,0.0,0.0,0.0,Urban,0.0,0.0,0.0,Fine,Null,0
67711616,,576901,0.0,,0.0,1.0,,Null,2017/2018,KEMP ST,TACY ST,,Non-Injury Crash,No,2017,,West,,0,,Flat,,,,,,Bright sun,2178102,0,0.0,0.0,2.0,,,0.0,,,,,,Wellington Region,Nil,2-way,Sealed,,0.0,0,,50.0,,Null,0.0,0.0,,47,Wellington City,Give way,,,,,1.0,0.0,Urban,0.0,,,Fine,Null,0
67711626,,574002,0.0,,0.0,1.0,,South,2015/2016,SH 1N,NGAURANGA ON NBD OBR,,Minor Crash,Yes,2016,,South,,0,,Flat,,,,,,Bright sun,2078302,1,0.0,1.0,2.0,,,0.0,,,,,,Wellington Region,Bridge,1-way,Sealed,,0.0,0,,100.0,,Null,0.0,0.0,70.0,47,Wellington City,Unknown,,,,,0.0,0.0,Open,0.0,,,Fine,Null,0
67711639,,573101,0.0,0.0,0.0,2.0,0.0,North,2017/2018,WILLIS ST,MANNERS ST,,Non-Injury Crash,No,2017,0.0,South,0.0,0,0.0,Flat,0.0,,0.0,,0.0,Bright sun,2131000,0,0.0,0.0,2.0,0.0,0.0,0.0,0.0,1.0,,0.0,0.0,Wellington Region,Nil,2-way,Sealed,0.0,0.0,0,0.0,30.0,0.0,Null,0.0,0.0,,47,Wellington City,Unknown,0.0,0.0,0.0,0.0,0.0,0.0,Urban,0.0,0.0,0.0,Fine,Null,0
67711672,,573802,0.0,0.0,0.0,2.0,0.0,South,2022/2023,SHERIDAN TERRACE,BARRIE STREET,,Non-Injury Crash,No,2023,0.0,North,0.0,0,0.0,Hill Road,0.0,,0.0,,0.0,Dark,2078701,0,0.0,0.0,2.0,0.0,0.0,0.0,0.0,1.0,,0.0,0.0,Wellington Region,Nil,2-way,Sealed,0.0,0.0,0,0.0,50.0,0.0,On,0.0,0.0,,47,Wellington City,Nil,0.0,0.0,0.0,0.0,0.0,0.0,Urban,0.0,0.0,0.0,Light rain,Null,0
67711679,,574303,0.0,,0.0,2.0,,Null,2014/2015,SH 1N,SH 2,,Non-Injury Crash,Yes,2015,,South,,0,,Flat,,,,,,Bright sun,2090402,0,0.0,0.0,3.0,,,0.0,,,,,,Wellington Region,Nil,2-way,Sealed,,0.0,0,,100.0,,Null,0.0,0.0,80.0,47,Wellington City,Nil,,,,,1.0,0.0,Open,0.0,,,Fine,Null,0
67711781,,572900,0.0,0.0,0.0,0.0,0.0,North,2016/2017,THORNDON QUAY,DAVIS ST,,Non-Injury Crash,No,2017,0.0,East,0.0,0,0.0,Flat,0.0,,0.0,,0.0,Bright sun,2118400,0,0.0,0.0,2.0,0.0,0.0,0.0,0.0,1.0,,0.0,0.0,Wellington Region,Nil,2-way,Sealed,0.0,0.0,0,0.0,50.0,0.0,Null,2.0,0.0,,47,Wellington City,Unknown,0.0,0.0,0.0,0.0,0.0,0.0,Urban,0.0,0.0,0.0,Null,Null,0
67711830,,576903,0.0,,0.0,3.0,,South,2015/2016,SH 1N,GOA ST,,Non-Injury Crash,Yes,2015,,North,,0,,Flat,,,,,,Bright sun,2180601,0,0.0,0.0,2.0,,,0.0,,,,,,Wellington Region,Nil,2-way,Sealed,,0.0,0,,70.0,,Null,0.0,0.0,,47,Wellington City,Unknown,,,,,0.0,0.0,Urban,0.0,,,Fine,Null,0
67711954,,574500,0.0,0.0,0.0,1.0,0.0,North,2015/2016,SH 1N,AOTEA OFF SBD,,Non-Injury Crash,Yes,2015,0.0,South,0.0,0,0.0,Flat,1.0,,0.0,,0.0,Twilight,2093600,0,0.0,0.0,3.0,0.0,0.0,0.0,0.0,0.0,,0.0,0.0,Wellington Region,Nil,1-way,Sealed,0.0,0.0,0,0.0,100.0,0.0,On,0.0,0.0,,47,Wellington City,Nil,0.0,0.0,0.0,0.0,0.0,0.0,Open,0.0,0.0,0.0,Fine,Null,0
67712008,,573101,0.0,0.0,0.0,0.0,0.0,South,2016/2017,WILLIS ST,MANNERS ST,,Non-Injury Crash,No,2017,0.0,South,0.0,0,0.0,Flat,0.0,,0.0,,0.0,Bright sun,2131300,0,0.0,0.0,2.0,0.0,0.0,0.0,0.0,1.0,,0.0,0.0,Wellington Region,Nil,2-way,Sealed,0.0,0.0,0,0.0,30.0,0.0,Null,0.0,0.0,,47,Wellington City,Unknown,0.0,0.0,0.0,0.0,0.0,0.0,Urban,2.0,0.0,0.0,Null,Null,0
67712039,,572600,0.0,,0.0,0.0,,South,2022/2023,JOHNSONVILLE PORIRUA MOTORWAY,PED SUBWAY,,Non-Injury Crash,Yes,2023,,North,,0,,Hill Road,,,,,,Bright sun,1992700,0,0.0,0.0,2.0,,,0.0,,,,,,Wellington Region,Nil,1-way,Sealed,,0.0,0,,100.0,,None,1.0,0.0,,47,Wellington City,Nil,,,,,0.0,0.0,Open,1.0,,,Fine,Null,0
67712074,,573101,0.0,,0.0,2.0,,Null,2015/2016,JERVOIS QUAY,HARRIS ST,,Non-Injury Crash,No,2015,,South,,0,,Flat,,,,,,Bright sun,2133000,0,0.0,0.0,6.0,,,0.0,,,,,,Wellington Region,Nil,2-way,Sealed,,0.0,0,,50.0,,Null,0.0,0.0,,47,Wellington City,Traffic Signals,,,,,0.0,0.0,Urban,0.0,,,Fine,Null,0
67712091,,577000,0.0,0.0,0.0,2.0,0.0,East,2022/2023,LYALL PARADE,TIRANGI ROAD,,Minor Crash,No,2023,0.0,East,0.0,0,0.0,Flat,0.0,,0.0,,0.0,Bright sun,2175600,1,0.0,0.0,2.0,0.0,0.0,0.0,0.0,0.0,,0.0,1.0,Wellington Region,Nil,2-way,Sealed,0.0,0.0,0,0.0,50.0,0.0,Off,0.0,0.0,,47,Wellington City,Nil,0.0,0.0,0.0,0.0,0.0,0.0,Urban,0.0,0.0,0.0,Fine,Null,0
67712102,,573522,0.0,,0.0,1.0,,Null,2015/2016,TAWA ON SBD W,TAKAPU ROAD,,Non-Injury Crash,No,2016,,South,,0,,Hill Road,,,,,,Bright sun,2053703,0,0.0,0.0,2.0,,,0.0,,,,,,Wellington Region,Motorway ramp,2-way,Sealed,,0.0,0,,50.0,,Null,0.0,0.0,,47,Wellington City,Stop,,,,,0.0,0.0,Urban,1.0,,,Fine,Null,0
67712163,,573526,0.0,,0.0,2.0,,North,2023/2024,HUTT ROAD,RAILYARD ENTRY,,Non-Injury Crash,Yes,2023,,South,,0,,Flat,,,,,,Overcast,2077503,0,0.0,0.0,2.0,,,0.0,,,,,,Wellington Region,Nil,1-way,Sealed,,0.0,0,,100.0,,Off,0.0,0.0,,47,Wellington City,Nil,,,,,0.0,0.0,Open,0.0,,,Light rain,Strong wind,0
67712194,,573802,0.0,0.0,0.0,1.0,0.0,Null,2014/2015,HELSTON ROAD,PETHERICK CRESCENT S,,Minor Crash,No,2015,0.0,West,0.0,0,0.0,Flat,0.0,,0.0,,0.0,Dark,2079100,1,0.0,0.0,2.0,0.0,0.0,0.0,0.0,1.0,,0.0,0.0,Wellington Region,Bridge,2-way,Sealed,0.0,0.0,0,0.0,50.0,0.0,On,0.0,0.0,,47,Wellington City,Give way,0.0,0.0,0.0,0.0,1.0,0.0,Urban,0.0,0.0,0.0,Heavy rain,Null,0
67712196,,573700,0.0,,0.0,1.0,,West,2017/2018,FRANKMOORE AVENUE,MOOREFIELD ROAD,,Non-Injury Crash,No,2017,,East,,0,,Flat,,,,,,Dark,2082200,0,0.0,0.0,2.0,,,0.0,,,,,,Wellington Region,Nil,2-way,Sealed,,0.0,0,,50.0,,On,0.0,0.0,,47,Wellington City,Nil,,,,,0.0,0.0,Urban,1.0,,,Fine,Null,0
67712206,,576903,0.0,,0.0,3.0,,West,2014/2015,SH 1N,WALMER ST,,Non-Injury Crash,Yes,2015,,West,,0,,Hill Road,,,,,,Twilight,2180400,0,0.0,0.0,2.0,,,0.0,,,,,,Wellington Region,Nil,2-way,Sealed,,0.0,0,,50.0,,Off,0.0,0.0,,47,Wellington City,Unknown,,,,,0.0,0.0,Urban,0.0,,,Fine,Null,0
67712224,,574402,0.0,0.0,0.0,2.0,0.0,North,2016/2017,AWARUA ST,OTTAWA ROAD,,Non-Injury Crash,No,2017,0.0,South,0.0,0,1.0,Hill Road,0.0,,0.0,,0.0,Twilight,2096300,0,0.0,0.0,2.0,0.0,0.0,0.0,0.0,1.0,,0.0,0.0,Wellington Region,Nil,2-way,Sealed,0.0,0.0,0,0.0,50.0,0.0,Off,0.0,0.0,,47,Wellington City,Unknown,0.0,0.0,0.0,0.0,0.0,0.0,Urban,0.0,0.0,0.0,Fine,Null,0
67712240,,575000,0.0,0.0,0.0,0.0,0.0,Null,2017/2018,KARORI ROAD,OLD KARORI ROAD,,Non-Injury Crash,No,2017,0.0,East,0.0,0,0.0,Hill Road,0.0,Christmas New Year,0.0,,0.0,Dark,2111000,0,0.0,0.0,3.0,0.0,0.0,0.0,0.0,0.0,,0.0,1.0,Wellington Region,Nil,2-way,Sealed,0.0,0.0,0,0.0,50.0,0.0,On,0.0,0.0,,47,Wellington City,Traffic Signals,0.0,1.0,0.0,0.0,0.0,0.0,Urban,1.0,0.0,0.0,Fine,Null,0
67712292,,577200,0.0,,0.0,1.0,,North,2017/2018,IRA ST,DEVONHSIRE ROAD,,Non-Injury Crash,No,2017,,South,,0,,Flat,,,,,,Bright sun,2207900,0,0.0,0.0,2.0,,,0.0,,,1.0,,,Wellington Region,Nil,2-way,Sealed,,0.0,0,,50.0,,Null,0.0,0.0,,47,Wellington City,Unknown,,,,,0.0,0.0,Urban,0.0,,,Fine,Null,0
67712296,,573000,0.0,0.0,0.0,2.0,0.0,East,2017/2018,HARRIS ST,VICTORIA ST,,Non-Injury Crash,No,2017,0.0,West,0.0,0,0.0,Flat,0.0,,0.0,,0.0,Bright sun,2127800,0,0.0,0.0,2.0,0.0,0.0,0.0,0.0,1.0,,0.0,0.0,Wellington Region,Nil,2-way,Sealed,0.0,0.0,0,0.0,50.0,0.0,Null,0.0,0.0,,47,Wellington City,Unknown,0.0,0.0,0.0,0.0,0.0,0.0,Urban,0.0,0.0,0.0,Fine,Null,0
67712312,,574402,0.0,,0.0,2.0,,West,2017/2018,OTTAWA ROAD,AWARUA ST,,Non-Injury Crash,No,2017,,East,,0,,Hill Road,,,,,,Overcast,2096300,0,0.0,0.0,2.0,,,0.0,,,,,,Wellington Region,Nil,2-way,Sealed,,0.0,0,,50.0,,Null,0.0,0.0,,47,Wellington City,Unknown,,,,,0.0,0.0,Urban,0.0,,,Light rain,Null,0
67712325,,577200,0.0,0.0,0.0,2.0,0.0,West,2023/2024,MIRAMAR AVENUE,PARK ROAD,,Minor Crash,No,2024,0.0,West,0.0,0,0.0,Flat,0.0,,0.0,,0.0,Bright sun,2207201,1,0.0,0.0,2.0,0.0,0.0,0.0,0.0,1.0,,0.0,0.0,Wellington Region,Nil,2-way,Sealed,0.0,0.0,0,0.0,30.0,0.0,Off,0.0,0.0,,47,Wellington City,Nil,0.0,0.0,0.0,0.0,0.0,0.0,Urban,0.0,0.0,0.0,Fine,Null,0
67712339,,573101,0.0,,0.0,2.0,,East,2022/2023,DIXON STREET,WILLIS STREET,,Non-Injury Crash,No,2023,,West,,0,,Hill Road,,,,,,Overcast,2131400,0,0.0,0.0,2.0,,,0.0,,,,,,Wellington Region,Nil,1-way,Sealed,,0.0,0,,30.0,,Null,0.0,0.0,,47,Wellington City,Nil,,,,,0.0,0.0,Urban,0.0,,,Heavy rain,Null,0
67712371,,577700,0.0,,0.0,1.0,,West,2016/2017,MAKARA ROAD,KHOURI AVENUE,,Minor Crash,No,2017,,East,,0,,Hill Road,,,,,,Dark,2116500,1,0.0,0.0,2.0,,,0.0,,,,,,Wellington Region,Nil,2-way,Sealed,,0.0,0,,50.0,,None,0.0,0.0,,47,Wellington City,Unknown,,,,,0.0,0.0,Urban,0.0,,,Fine,Null,0
67712426,,572600,0.0,0.0,0.0,0.0,0.0,North,2021/2022,CAMBRIDGE STREET,MAIN ROAD,,Non-Injury Crash,No,2022,0.0,South,0.0,0,0.0,Flat,0.0,,0.0,,0.0,Unknown,1992200,0,0.0,0.0,2.0,0.0,0.0,0.0,0.0,1.0,,0.0,0.0,Wellington Region,Nil,2-way,Sealed,0.0,0.0,0,0.0,50.0,0.0,Null,1.0,0.0,,47,Wellington City,Unknown,0.0,0.0,0.0,0.0,0.0,0.0,Urban,0.0,0.0,0.0,Null,Null,0
67712450,,573101,0.0,,0.0,1.0,,East,2023/2024,BUCKLE STREET,TARANAKI STREET,,Minor Crash,Yes,2024,,West,,0,,Hill Road,,,,,,Overcast,2135000,1,0.0,1.0,3.0,,,0.0,,,,,,Wellington Region,Tunnel,1-way,Sealed,,0.0,0,,50.0,,Off,0.0,0.0,,47,Wellington City,Nil,,,,,0.0,0.0,Urban,0.0,,,Fine,Null,0
67712458,,575000,0.0,0.0,0.0,1.0,0.0,West,2022/2023,KARORI ROAD,NOTTINGHAM STREET,,Non-Injury Crash,No,2023,0.0,West,0.0,0,0.0,Hill Road,0.0,,0.0,,0.0,Dark,2111000,0,0.0,0.0,2.0,0.0,0.0,0.0,0.0,1.0,,0.0,0.0,Wellington Region,Nil,2-way,Sealed,0.0,0.0,0,0.0,50.0,0.0,On,0.0,0.0,,47,Wellington City,Nil,0.0,0.0,0.0,0.0,0.0,0.0,Urban,1.0,0.0,0.0,Fine,Null,0