OBJECTID,advisorySpeed,areaUnitID,bicycle,bridge,bus,carStationWagon,cliffBank,crashDirectionDescription,crashFinancialYear,crashLocation1,crashLocation2,crashRoadSideRoad,crashSeverity,crashSHDescription,crashYear,debris,directionRoleDescription,ditch,fatalCount,fence,flatHill,guardRail,holiday,houseOrBuilding,intersection,kerb,light,meshblockId,minorInjuryCount,moped,motorcycle,NumberOfLanes,objectThrownOrDropped,otherObject,otherVehicleType,overBank,parkedVehicle,pedestrian,phoneBoxEtc,postOrPole,region,roadCharacter,roadLane,roadSurface,roadworks,schoolBus,seriousInjuryCount,slipOrFlood,speedLimit,strayAnimal,streetLight,suv,taxi,temporarySpeedLimit,tlaId,tlaName,trafficControl,trafficIsland,trafficSign,train,tree,truck,unknownVehicleType,urban,vanOrUtility,vehicle,waterRiver,weatherA,weatherB,if_pandemic
67712501,,573700,0.0,,0.0,0.0,,South,2017/2018,SH 1N,HELSTON OBR,,Serious Crash,Yes,2018,,North,,0,,Flat,,,,,,Bright sun,2082800,0,0.0,1.0,2.0,,,0.0,,,,,,Wellington Region,Nil,1-way,Sealed,,0.0,2,,80.0,,Null,1.0,0.0,,47,Wellington City,Unknown,,,,,0.0,0.0,Open,0.0,,,Fine,Null,0
67712573,,573000,0.0,0.0,0.0,1.0,0.0,West,2016/2017,SAN SEBASTIAN ROAD,CLIFTON TERRACE,,Non-Injury Crash,No,2016,0.0,East,0.0,0,0.0,Flat,0.0,,0.0,,0.0,Overcast,2124500,0,0.0,0.0,2.0,0.0,0.0,0.0,0.0,1.0,,0.0,0.0,Wellington Region,Nil,2-way,Sealed,0.0,0.0,0,0.0,50.0,0.0,Null,1.0,0.0,,47,Wellington City,Unknown,0.0,0.0,0.0,0.0,0.0,0.0,Urban,0.0,0.0,0.0,Fine,Null,0
67712697,,575200,0.0,0.0,0.0,1.0,0.0,South,2022/2023,THE RIGI,GOVERNOR ROAD,,Non-Injury Crash,No,2023,0.0,North,0.0,0,0.0,Hill Road,0.0,,0.0,,0.0,Dark,2150100,0,0.0,0.0,2.0,0.0,1.0,0.0,0.0,0.0,,0.0,0.0,Wellington Region,Nil,1-way,Sealed,0.0,0.0,0,0.0,50.0,0.0,Off,0.0,0.0,,47,Wellington City,Nil,0.0,0.0,0.0,0.0,0.0,0.0,Urban,0.0,0.0,0.0,Fine,Null,0
67712698,,572900,0.0,0.0,0.0,2.0,0.0,East,2017/2018,HALSWELL ST,MURPHY ST,,Non-Injury Crash,No,2017,0.0,East,0.0,0,0.0,Flat,0.0,Labour Weekend,0.0,,0.0,Dark,2118600,0,0.0,0.0,2.0,0.0,0.0,0.0,0.0,1.0,,0.0,0.0,Wellington Region,Nil,2-way,Sealed,0.0,0.0,0,0.0,50.0,0.0,On,0.0,0.0,,47,Wellington City,Unknown,0.0,0.0,0.0,0.0,0.0,0.0,Urban,0.0,0.0,0.0,Fine,Null,0
67712708,,573526,0.0,,0.0,2.0,,West,2023/2024,HUTT ROAD,SERVICE STN NTH,,Non-Injury Crash,Yes,2023,,West,,0,,Flat,,,,,,Bright sun,2077503,0,0.0,0.0,2.0,,,0.0,,,,,,Wellington Region,Nil,1-way,Sealed,,0.0,0,,100.0,,Off,0.0,0.0,,47,Wellington City,Nil,,,,,0.0,0.0,Open,1.0,,,Fine,Null,0
67712720,,574002,0.0,,0.0,2.0,,South,2022/2023,HUTT ROAD ON RAMP,HUTT ROAD,,Non-Injury Crash,No,2023,,North,,0,,Flat,,,,,,Bright sun,2078302,0,0.0,0.0,2.0,,,0.0,,,,,,Wellington Region,Motorway ramp,1-way,Sealed,,0.0,0,,100.0,,Off,0.0,0.0,,47,Wellington City,Nil,,,,,0.0,0.0,Open,0.0,,,Fine,Null,0
67712776,,573511,0.0,0.0,0.0,1.0,0.0,North,2023/2024,JOHNSONVILLE PORIRUA MOTORWAY,WESTCHESTER OBR NBD,,Non-Injury Crash,Yes,2023,0.0,North,0.0,0,0.0,Flat,1.0,,0.0,,0.0,Bright sun,2086203,0,0.0,0.0,4.0,0.0,0.0,0.0,0.0,0.0,,0.0,0.0,Wellington Region,Nil,2-way,Sealed,0.0,0.0,0,0.0,100.0,0.0,Off,0.0,0.0,,47,Wellington City,Nil,0.0,0.0,0.0,0.0,0.0,0.0,Open,0.0,0.0,0.0,Fine,Null,0
67712777,,573700,0.0,,0.0,1.0,,South,2017/2018,JOHNSONVILLE ROAD,DISRAELI ST,,Minor Crash,No,2017,,South,,0,,Flat,,,,,,Bright sun,2083100,1,0.0,0.0,3.0,,,0.0,,,,,,Wellington Region,Nil,2-way,Sealed,,0.0,0,,50.0,,Null,0.0,0.0,,47,Wellington City,Nil,,,,,0.0,0.0,Urban,1.0,,,Fine,Null,0
67712801,,574303,0.0,,0.0,3.0,,South,2016/2017,SH 1N,NEWLANDS ON NBD,,Non-Injury Crash,Yes,2017,,North,,0,,Hill Road,,,,,,Twilight,2084302,0,0.0,0.0,3.0,,,0.0,,,,,,Wellington Region,Nil,1-way,Sealed,,0.0,0,,80.0,,Off,0.0,0.0,,47,Wellington City,Unknown,,,,,0.0,0.0,Open,0.0,,,Heavy rain,Null,0
67712806,,573200,0.0,0.0,0.0,4.0,0.0,East,2023/2024,ARO STREET,ALAMEDA TERRACE,,Non-Injury Crash,No,2023,0.0,West,0.0,0,0.0,Flat,0.0,,0.0,,0.0,Bright sun,2159000,0,0.0,0.0,2.0,0.0,0.0,0.0,0.0,3.0,,0.0,0.0,Wellington Region,Nil,2-way,Sealed,0.0,0.0,0,0.0,30.0,0.0,Off,0.0,0.0,,47,Wellington City,Nil,0.0,0.0,0.0,0.0,0.0,0.0,Urban,0.0,0.0,0.0,Fine,Null,0
67712813,,573700,0.0,,0.0,1.0,,Null,2017/2018,MOOREFIELD ROAD,JOHNSONVILLE OFF SBD,,Non-Injury Crash,No,2017,,South,,0,,Flat,,,,,,Twilight,2082300,0,0.0,0.0,2.0,,,0.0,,,,,,Wellington Region,Nil,2-way,Sealed,,0.0,0,,50.0,,Off,0.0,0.0,,47,Wellington City,Give way,,,,,0.0,0.0,Urban,1.0,,,Fine,Null,0
67712817,,572900,0.0,,0.0,3.0,,South,2017/2018,HUTT ROAD,AOTEA QUAY,,Non-Injury Crash,No,2017,,South,,0,,Flat,,,,,,Bright sun,2118400,0,0.0,0.0,3.0,,,0.0,,,,,,Wellington Region,Nil,2-way,Sealed,,0.0,0,,50.0,,Null,0.0,0.0,,47,Wellington City,Unknown,,,,,0.0,0.0,Urban,0.0,,,Fine,Null,0
67712820,,576700,0.0,,0.0,1.0,,West,2023/2024,PALLISER ROAD,ROSENEATH TERRACE,,Non-Injury Crash,No,2023,,North,,0,,Hill Road,,Labour Weekend,,,,Bright sun,2185600,0,0.0,0.0,2.0,,,0.0,,,,,,Wellington Region,Nil,2-way,Sealed,,0.0,0,,50.0,,Off,0.0,0.0,,47,Wellington City,Nil,,,,,0.0,0.0,Urban,1.0,,,Fine,Null,0
67712832,,576400,0.0,,0.0,1.0,,Null,2023/2024,CONSTABLE STREET,RIDDIFORD STREET,,Non-Injury Crash,No,2023,,West,,0,,Flat,,,,,,Bright sun,2167300,0,0.0,0.0,3.0,,,0.0,,,,,,Wellington Region,Nil,2-way,Sealed,,0.0,0,,40.0,,Off,0.0,0.0,,47,Wellington City,Traffic Signals,,,,,0.0,0.0,Urban,1.0,,,Fine,Null,0
67712849,,573700,0.0,0.0,0.0,4.0,0.0,North,2016/2017,JOHNSONVILLE ROAD,HAWEA ST,,Non-Injury Crash,No,2017,0.0,South,0.0,0,0.0,Flat,0.0,,0.0,,0.0,Overcast,2082800,0,0.0,0.0,2.0,0.0,0.0,0.0,0.0,1.0,,0.0,0.0,Wellington Region,Nil,2-way,Sealed,0.0,0.0,0,0.0,50.0,0.0,Null,0.0,0.0,,47,Wellington City,Nil,0.0,0.0,0.0,0.0,0.0,0.0,Urban,0.0,0.0,0.0,Fine,Null,0
67712862,,574002,0.0,,0.0,1.0,,North,2015/2016,SH 1N,SH 2,,Non-Injury Crash,Yes,2015,,South,,0,,Flat,,,,,,Dark,2078302,0,0.0,0.0,2.0,,,0.0,,,,,,Wellington Region,Nil,1-way,Sealed,,0.0,0,,100.0,,On,0.0,0.0,70.0,47,Wellington City,Unknown,,,,,1.0,0.0,Open,0.0,,,Fine,Null,0
67712880,,576500,0.0,,0.0,1.0,,North,2016/2017,ADELAIDE ROAD,JOHN ST,,Non-Injury Crash,No,2016,,South,,0,,Flat,,Christmas New Year,,,,Bright sun,2148700,0,0.0,0.0,5.0,,,0.0,,,,,,Wellington Region,Nil,2-way,Sealed,,0.0,0,,50.0,,Null,0.0,0.0,,47,Wellington City,Traffic Signals,,,,,0.0,0.0,Urban,1.0,,,Fine,Null,0
67712891,,574500,0.0,,0.0,1.0,,North,2023/2024,OLD PORIRUA ROAD,KAIWHARAWHARA ROAD,,Non-Injury Crash,No,2023,,East,,0,,Hill Road,,,,,,Overcast,2093200,0,0.0,0.0,2.0,,,0.0,,,,,,Wellington Region,Nil,2-way,Sealed,,0.0,0,,50.0,,Off,0.0,0.0,,47,Wellington City,Nil,,,,,0.0,0.0,Urban,1.0,,,Fine,Null,0
67712894,,573000,0.0,,0.0,1.0,,North,2015/2016,BOULCOTT ST,ATHOL CRESCENT,,Serious Crash,No,2015,,North,,0,,Hill Road,,,,,,Overcast,2127200,0,0.0,0.0,2.0,,,0.0,,,1.0,,,Wellington Region,Nil,2-way,Sealed,,0.0,1,,50.0,,Null,0.0,0.0,,47,Wellington City,Unknown,,,,,0.0,0.0,Urban,0.0,,,Fine,Null,0
67712898,,576800,0.0,,0.0,1.0,,North,2014/2015,MOXHAM AVENUE,TAPIRI ST,,Non-Injury Crash,No,2015,,North,,0,,Flat,,,,,,Overcast,2181900,0,0.0,0.0,2.0,,,0.0,,,,,,Wellington Region,Nil,2-way,Sealed,,0.0,0,,50.0,,Null,0.0,0.0,,47,Wellington City,Nil,,,,,0.0,0.0,Urban,1.0,,,Fine,Null,0
67712912,,576901,0.0,,0.0,1.0,,West,2016/2017,RONGOTAI ROAD,MAHORA ST,,Minor Crash,No,2017,,West,,0,,Flat,,,,,,Bright sun,2178200,2,0.0,0.0,1.0,,,0.0,,,1.0,,,Wellington Region,Nil,1-way,Sealed,,0.0,0,,50.0,,Null,0.0,0.0,,47,Wellington City,Give way,,,,,0.0,0.0,Urban,0.0,,,Fine,Strong wind,0
67712980,,573101,0.0,,0.0,1.0,,Null,2015/2016,GHUZNEE ST,VICTORIA ST,,Minor Crash,No,2016,,West,,0,,Flat,,,,,,Dark,2131700,1,0.0,0.0,2.0,,,0.0,,,1.0,,,Wellington Region,Nil,2-way,Sealed,,0.0,0,,50.0,,On,0.0,0.0,,47,Wellington City,Traffic Signals,,,,,0.0,0.0,Urban,0.0,,,Fine,Null,0
67713007,,573000,0.0,,0.0,1.0,,South,2022/2023,THE TERRACE,THE TERRACE OFF RAMP,,Non-Injury Crash,No,2023,,North,,0,,Flat,,,,,,Bright sun,2126402,0,1.0,0.0,2.0,,,0.0,,,,,,Wellington Region,Nil,2-way,Sealed,,0.0,0,,30.0,,Off,0.0,0.0,,47,Wellington City,Nil,,,,,0.0,0.0,Urban,0.0,,,Null,Null,0
67713054,35.0,572900,0.0,0.0,0.0,1.0,0.0,South,2021/2022,MAY STREET ON RAMP,MOLESWORTH OBR,,Minor Crash,No,2022,0.0,North,0.0,0,0.0,Hill Road,1.0,,0.0,,0.0,Overcast,2119500,1,0.0,0.0,1.0,0.0,0.0,0.0,0.0,0.0,,0.0,0.0,Wellington Region,Motorway ramp,1-way,Sealed,0.0,0.0,0,0.0,50.0,0.0,Off,0.0,0.0,,47,Wellington City,Nil,0.0,0.0,0.0,0.0,0.0,0.0,Urban,0.0,0.0,0.0,Light rain,Null,0
67713056,,572900,0.0,0.0,1.0,1.0,0.0,South,2021/2022,PITARUA STREET,HARRIETT STREET,,Non-Injury Crash,No,2022,0.0,South,0.0,0,0.0,Hill Road,0.0,,0.0,,0.0,Overcast,2123100,0,0.0,0.0,2.0,0.0,0.0,0.0,0.0,1.0,,0.0,0.0,Wellington Region,Nil,2-way,Sealed,0.0,0.0,0,0.0,50.0,0.0,Off,0.0,0.0,,47,Wellington City,Unknown,0.0,0.0,0.0,0.0,0.0,0.0,Urban,0.0,0.0,0.0,Fine,Null,0
67713124,,577200,1.0,,0.0,1.0,,Null,2015/2016,MIRAMAR AVENUE,TAUHINU ROAD,,Minor Crash,No,2016,,South,,0,,Flat,,,,,,Bright sun,2206200,1,0.0,0.0,2.0,,,0.0,,,,,,Wellington Region,Nil,2-way,Sealed,,0.0,0,,50.0,,Null,0.0,0.0,,47,Wellington City,Give way,,,,,0.0,0.0,Urban,0.0,,,Fine,Null,0
67713142,,576903,0.0,,0.0,1.0,,Null,2016/2017,SH 1N,KILBIRNIE CRESCENT,,Non-Injury Crash,Yes,2017,,West,,0,,Hill Road,,,,,,Dark,2180300,0,0.0,0.0,2.0,,,0.0,,,,,,Wellington Region,Nil,2-way,Sealed,,0.0,0,,50.0,,On,0.0,0.0,,47,Wellington City,Traffic Signals,,,,,0.0,0.0,Urban,1.0,,,Fine,Null,0
67713191,,576901,0.0,,0.0,2.0,,Null,2023/2024,COBHAM DRIVE,TROY STREET,,Non-Injury Crash,Yes,2023,,South,,0,,Flat,,,,,,Overcast,2176800,0,0.0,0.0,4.0,,,0.0,,,,,,Wellington Region,Nil,2-way,Sealed,,0.0,0,,60.0,,Off,0.0,0.0,,47,Wellington City,Give way,,,,,0.0,0.0,Urban,0.0,,,Fine,Null,0
67713202,,573526,0.0,0.0,0.0,2.0,0.0,West,2017/2018,SH 2,HOROKIWI ROAD,,Non-Injury Crash,Yes,2017,0.0,West,0.0,0,0.0,Flat,1.0,,0.0,,0.0,Overcast,2077503,0,0.0,0.0,4.0,0.0,0.0,0.0,0.0,0.0,,0.0,0.0,Wellington Region,Nil,2-way,Sealed,0.0,0.0,0,0.0,100.0,0.0,Null,0.0,0.0,,47,Wellington City,Unknown,0.0,0.0,0.0,0.0,0.0,0.0,Open,0.0,0.0,0.0,Fine,Null,0
67713248,,573000,0.0,,0.0,1.0,,Null,2015/2016,CUSTOMHOUSE QUAY,BRANDON ST,,Serious Crash,No,2016,,North,,0,,Flat,,,,,,Dark,2124300,0,0.0,0.0,3.0,,,0.0,,,1.0,,,Wellington Region,Nil,1-way,Sealed,,0.0,1,,50.0,,On,0.0,0.0,,47,Wellington City,Traffic Signals,,,,,0.0,0.0,Urban,0.0,,,Heavy rain,Null,0
67713271,,572500,0.0,,0.0,2.0,,Null,2023/2024,MAIN ROAD,BOSCOBEL LANE,,Non-Injury Crash,No,2023,,West,,0,,Flat,,,,,,Dark,2053701,0,0.0,0.0,1.0,,,0.0,,,,,,Wellington Region,Nil,2-way,Sealed,,0.0,0,,50.0,,On,0.0,0.0,,47,Wellington City,Give way,,,,,0.0,0.0,Urban,0.0,,,Fine,Null,0
67713316,,574402,0.0,0.0,0.0,1.0,0.0,Null,2023/2024,CROFTON ROAD,ARMITAGE STREET,,Non-Injury Crash,No,2023,0.0,West,0.0,0,1.0,Hill Road,0.0,,0.0,,0.0,Twilight,2097100,0,0.0,0.0,2.0,0.0,0.0,0.0,0.0,0.0,,0.0,0.0,Wellington Region,Nil,2-way,Sealed,0.0,0.0,0,0.0,50.0,0.0,Off,0.0,0.0,,47,Wellington City,Nil,0.0,0.0,0.0,0.0,0.0,0.0,Urban,0.0,0.0,0.0,Fine,Null,0
67713346,,573101,0.0,0.0,0.0,1.0,0.0,West,2014/2015,ALPHA ST,CAMBRIDGE TERRACE,,Non-Injury Crash,No,2015,0.0,West,0.0,0,0.0,Flat,0.0,,0.0,,0.0,Bright sun,2136100,0,0.0,0.0,2.0,0.0,0.0,0.0,0.0,1.0,,0.0,0.0,Wellington Region,Nil,2-way,Sealed,0.0,0.0,0,0.0,50.0,0.0,Null,0.0,0.0,,47,Wellington City,Nil,0.0,0.0,0.0,0.0,0.0,0.0,Urban,1.0,0.0,0.0,Fine,Null,0
67713362,,576002,1.0,,1.0,0.0,,South,2015/2016,MOUNT ALBERT ROAD,VOLGA ST,,Minor Crash,No,2015,,South,,0,,Hill Road,,,,,,Bright sun,2191604,1,0.0,0.0,2.0,,,0.0,,,,,,Wellington Region,Nil,2-way,Sealed,,0.0,0,,50.0,,Null,0.0,0.0,,47,Wellington City,Nil,,,,,0.0,0.0,Urban,0.0,,,Fine,Null,0
67713414,,573101,0.0,,0.0,1.0,,East,2014/2015,COURTENAY PLACE,TARANAKI ST,,Non-Injury Crash,No,2015,,West,,0,,Flat,,,,,,Overcast,2135600,0,0.0,0.0,2.0,,,0.0,,,,,,Wellington Region,Nil,2-way,Sealed,,0.0,0,,30.0,,Null,0.0,0.0,,47,Wellington City,Unknown,,,,,0.0,0.0,Urban,1.0,,,Fine,Null,0
67713428,,573526,0.0,,0.0,2.0,,South,2023/2024,HUTT ROAD,SERVICE STN STH,,Non-Injury Crash,Yes,2023,,North,,0,,Flat,,,,,,Twilight,2077503,0,0.0,0.0,2.0,,,0.0,,,,,,Wellington Region,Nil,1-way,Sealed,,0.0,0,,100.0,,On,0.0,0.0,,47,Wellington City,Nil,,,,,0.0,0.0,Open,1.0,,,Fine,Null,0
67713448,,572900,0.0,,0.0,0.0,,South,2023/2024,AOTEA QUAY,RLY YARD ENT S,,Non-Injury Crash,No,2023,,North,,0,,Flat,,,,,,Overcast,2118400,0,0.0,0.0,4.0,,,0.0,,,,,,Wellington Region,Nil,2-way,Sealed,,0.0,0,,70.0,,Null,0.0,0.0,50.0,47,Wellington City,Nil,,,,,0.0,1.0,Urban,1.0,,,Light rain,Null,0
67713462,,576901,0.0,0.0,0.0,2.0,0.0,South,2022/2023,BAY ROAD,RONGOTAI ROAD,,Non-Injury Crash,No,2022,0.0,North,0.0,0,0.0,Flat,0.0,,0.0,,0.0,Overcast,2178300,0,0.0,0.0,2.0,0.0,0.0,0.0,0.0,1.0,,0.0,0.0,Wellington Region,Nil,2-way,Sealed,0.0,0.0,0,0.0,50.0,0.0,Off,0.0,0.0,,47,Wellington City,Nil,0.0,0.0,0.0,0.0,0.0,0.0,Urban,0.0,0.0,0.0,Light rain,Null,0
67713488,,574001,0.0,0.0,0.0,1.0,0.0,Null,2023/2024,HOROKIWI ROAD WEST,BLOOMSBURY GROVE,,Non-Injury Crash,No,2023,0.0,East,0.0,0,0.0,Flat,0.0,,0.0,,1.0,Bright sun,2075500,0,0.0,0.0,2.0,0.0,0.0,0.0,0.0,0.0,,1.0,0.0,Wellington Region,Nil,2-way,Sealed,0.0,0.0,0,0.0,50.0,0.0,Off,0.0,0.0,,47,Wellington City,Nil,0.0,0.0,0.0,1.0,0.0,0.0,Urban,0.0,0.0,0.0,Fine,Null,0
67713513,,575500,0.0,,0.0,0.0,,East,2015/2016,RAROA ROAD,ENTRANCE ST,,Minor Crash,No,2015,,East,,0,,Hill Road,,,,,,Twilight,2156500,1,0.0,1.0,2.0,,,0.0,,,,,,Wellington Region,Nil,2-way,Sealed,,0.0,0,,50.0,,Off,0.0,0.0,,47,Wellington City,Give way,,,,,0.0,0.0,Urban,0.0,,,Fine,Null,0
67713534,,577700,0.0,,0.0,0.0,,West,2023/2024,TAKARAU GORGE ROAD,RIFLE RANGE ROAD,,Minor Crash,No,2023,,South,,0,,Hill Road,,,,,,Bright sun,2116900,1,0.0,1.0,2.0,,,0.0,,,,,,Wellington Region,Nil,2-way,Unsealed,,0.0,0,,60.0,,None,0.0,0.0,,47,Wellington City,Nil,,,,,0.0,0.0,Urban,0.0,,,Fine,Null,0
67713535,,572900,0.0,,0.0,1.0,,Null,2016/2017,HALSWELL ST,MURPHY ST,,Non-Injury Crash,No,2017,,West,,0,,Flat,,,,,,Overcast,2118600,0,0.0,0.0,2.0,,,0.0,,,,,,Wellington Region,Nil,2-way,Sealed,,0.0,0,,50.0,,Null,0.0,0.0,,47,Wellington City,Nil,,,,,0.0,0.0,Urban,1.0,,,Fine,Null,0
67713539,,573000,0.0,,0.0,1.0,,Null,2017/2018,GREY ST,FEATHERSTON ST,,Non-Injury Crash,No,2017,,West,,0,,Flat,,,,,,Overcast,2125800,0,0.0,0.0,2.0,,,0.0,,,,,,Wellington Region,Nil,1-way,Sealed,,0.0,0,,50.0,,Null,0.0,0.0,,47,Wellington City,Traffic Signals,,,,,1.0,0.0,Urban,0.0,,,Fine,Null,0
67713543,,576301,0.0,,0.0,2.0,,Null,2016/2017,RUSSELL TERRACE,MANSFIELD ST,,Non-Injury Crash,No,2017,,South,,0,,Flat,,,,,,Dark,2165900,0,0.0,0.0,2.0,,,0.0,,,,,,Wellington Region,Nil,2-way,Sealed,,0.0,0,,50.0,,On,0.0,0.0,,47,Wellington City,Give way,,,,,0.0,0.0,Urban,0.0,,,Fine,Null,0
67713554,,573101,0.0,0.0,0.0,1.0,0.0,Null,2023/2024,KENT TERRACE,ELLICE STREET,,Minor Crash,Yes,2024,0.0,South,0.0,0,0.0,Flat,0.0,,0.0,,1.0,Dark,2137000,1,0.0,0.0,3.0,0.0,0.0,0.0,0.0,0.0,,0.0,0.0,Wellington Region,Nil,1-way,Sealed,0.0,0.0,0,0.0,50.0,0.0,On,0.0,0.0,,47,Wellington City,Give way,0.0,0.0,0.0,1.0,0.0,0.0,Urban,0.0,0.0,0.0,Fine,Null,0
67713616,,573000,0.0,,0.0,2.0,,South,2014/2015,CUSTOMHOUSE QUAY,BRANDON ST,,Non-Injury Crash,No,2015,,North,,0,,Flat,,,,,,Bright sun,2124300,0,0.0,0.0,2.0,,,0.0,,,,,,Wellington Region,Nil,2-way,Sealed,,0.0,0,,50.0,,Null,0.0,0.0,,47,Wellington City,Traffic Signals,,,,,0.0,0.0,Urban,0.0,,,Fine,Null,0
67713622,,573000,0.0,0.0,0.0,0.0,0.0,North,2017/2018,SH 1N,AURORA TERRACE OBR,,Minor Crash,Yes,2018,0.0,North,0.0,0,0.0,Flat,1.0,,0.0,,0.0,Overcast,2123901,1,0.0,0.0,3.0,0.0,0.0,0.0,0.0,0.0,,0.0,0.0,Wellington Region,Motorway ramp,1-way,Sealed,0.0,0.0,0,0.0,100.0,0.0,Null,0.0,0.0,,47,Wellington City,Unknown,0.0,0.0,0.0,0.0,0.0,0.0,Open,1.0,0.0,0.0,Fine,Null,0
67713635,,574303,0.0,0.0,0.0,0.0,0.0,South,2023/2024,TYERS ROAD,LOWER TYERS ROAD,,Non-Injury Crash,No,2023,0.0,East,0.0,0,0.0,Hill Road,0.0,,0.0,,0.0,Overcast,2088705,0,0.0,0.0,2.0,0.0,0.0,0.0,0.0,1.0,,0.0,0.0,Wellington Region,Nil,2-way,Sealed,0.0,0.0,0,0.0,50.0,0.0,Off,0.0,0.0,,47,Wellington City,Nil,0.0,0.0,0.0,0.0,1.0,0.0,Urban,1.0,0.0,0.0,Fine,Null,0
67713655,,573200,0.0,,0.0,1.0,,Null,2023/2024,NAIRN STREET,STAUNTON AVENUE,,Minor Crash,No,2024,,South,,0,,Hill Road,,,,,,Overcast,2159500,1,0.0,1.0,1.0,,,0.0,,,,,,Wellington Region,Nil,2-way,Sealed,,0.0,0,,50.0,,Off,0.0,0.0,,47,Wellington City,Nil,,,,,0.0,0.0,Urban,0.0,,,Fine,Null,0
67713693,,573400,0.0,0.0,0.0,2.0,0.0,East,2016/2017,HOME ST,KENT TERRACE,,Non-Injury Crash,No,2017,0.0,North,0.0,0,0.0,Flat,0.0,,0.0,,0.0,Overcast,2141100,0,0.0,0.0,2.0,0.0,0.0,0.0,0.0,1.0,,0.0,0.0,Wellington Region,Nil,2-way,Sealed,0.0,0.0,0,0.0,50.0,0.0,On,0.0,0.0,,47,Wellington City,Unknown,0.0,0.0,0.0,0.0,0.0,0.0,Urban,0.0,0.0,0.0,Fine,Null,0
67713710,,572500,0.0,0.0,0.0,1.0,0.0,South,2015/2016,MAIN ROAD,TAWA ST,,Minor Crash,No,2015,0.0,North,0.0,0,0.0,Flat,0.0,,0.0,,0.0,Dark,1986300,1,0.0,0.0,1.0,0.0,0.0,0.0,0.0,0.0,,0.0,1.0,Wellington Region,Nil,2-way,Sealed,0.0,0.0,0,0.0,50.0,0.0,On,0.0,0.0,,47,Wellington City,Unknown,0.0,0.0,0.0,1.0,0.0,0.0,Urban,0.0,0.0,0.0,Heavy rain,Strong wind,0
67713728,,575600,0.0,0.0,0.0,1.0,0.0,South,2016/2017,WASHINGTON AVENUE,DORKING ROAD,,Non-Injury Crash,No,2017,0.0,North,0.0,0,1.0,Flat,0.0,,1.0,,0.0,Dark,2162500,0,0.0,0.0,2.0,0.0,0.0,0.0,0.0,0.0,,0.0,0.0,Wellington Region,Nil,2-way,Sealed,0.0,0.0,0,0.0,50.0,0.0,On,0.0,0.0,,47,Wellington City,Nil,0.0,0.0,0.0,0.0,0.0,0.0,Urban,0.0,0.0,0.0,Light rain,Null,0
67713732,,573101,0.0,,0.0,1.0,,North,2017/2018,TORY ST,BUCKLE ST,,Non-Injury Crash,No,2017,,North,,0,,Flat,,,,,,Dark,2137000,0,0.0,0.0,2.0,,,0.0,,,,,,Wellington Region,Nil,2-way,Sealed,,0.0,0,,50.0,,On,0.0,0.0,,47,Wellington City,Nil,,,,,0.0,0.0,Urban,0.0,,,Fine,Null,0
67713778,,573101,0.0,,0.0,2.0,,Null,2016/2017,WEBB ST,WILLIS ST,,Non-Injury Crash,No,2017,,West,,0,,Flat,,,,,,Bright sun,2132900,0,0.0,0.0,4.0,,,0.0,,,,,,Wellington Region,Nil,2-way,Sealed,,0.0,0,,50.0,,Null,0.0,0.0,,47,Wellington City,Traffic Signals,,,,,0.0,0.0,Urban,0.0,,,Fine,Null,0
67713795,,573525,0.0,0.0,0.0,1.0,1.0,North,2023/2024,JOHNSONVILLE PORIRUA MOTORWAY,TAWA-GRENADA NORTH OFF RAMP,,Non-Injury Crash,Yes,2023,0.0,South,0.0,0,0.0,Flat,0.0,,0.0,,0.0,Overcast,2053830,0,0.0,0.0,4.0,0.0,0.0,0.0,0.0,0.0,,0.0,0.0,Wellington Region,Nil,2-way,Sealed,0.0,0.0,0,0.0,100.0,0.0,None,0.0,0.0,,47,Wellington City,Nil,0.0,0.0,0.0,0.0,0.0,0.0,Open,0.0,0.0,0.0,Light rain,Null,0
67713843,,576400,0.0,0.0,0.0,2.0,0.0,East,2016/2017,MEIN ST,OWEN ST,,Non-Injury Crash,No,2017,0.0,West,0.0,0,0.0,Flat,0.0,,0.0,,0.0,Bright sun,2167700,0,0.0,0.0,2.0,0.0,0.0,0.0,0.0,1.0,,0.0,0.0,Wellington Region,Nil,2-way,Sealed,0.0,0.0,0,0.0,50.0,0.0,Null,0.0,0.0,,47,Wellington City,Unknown,0.0,0.0,0.0,0.0,0.0,0.0,Urban,0.0,0.0,0.0,Fine,Null,0
67713873,,574001,0.0,0.0,0.0,0.0,0.0,West,2017/2018,GLANMIRE ROAD,ROBERT ST,,Non-Injury Crash,No,2017,0.0,East,0.0,0,1.0,Hill Road,0.0,,0.0,,1.0,Dark,2076900,0,0.0,0.0,2.0,0.0,0.0,0.0,0.0,0.0,,0.0,0.0,Wellington Region,Nil,2-way,Sealed,0.0,0.0,0,0.0,50.0,0.0,On,1.0,0.0,,47,Wellington City,Unknown,0.0,0.0,0.0,0.0,0.0,0.0,Urban,0.0,0.0,0.0,Fine,Null,0
67713927,,574500,0.0,,0.0,0.0,,East,2017/2018,SH 1N,AOTEA ON NBD,,Minor Crash,Yes,2017,,North,,0,,Flat,,,,,,Dark,2093400,1,0.0,0.0,4.0,,,0.0,,,,,,Wellington Region,Nil,1-way,Sealed,,0.0,0,,100.0,,On,0.0,0.0,,47,Wellington City,Unknown,,,,,0.0,0.0,Open,2.0,,,Light rain,Null,0