OBJECTID,advisorySpeed,areaUnitID,bicycle,bridge,bus,carStationWagon,cliffBank,crashDirectionDescription,crashFinancialYear,crashLocation1,crashLocation2,crashRoadSideRoad,crashSeverity,crashSHDescription,crashYear,debris,directionRoleDescription,ditch,fatalCount,fence,flatHill,guardRail,holiday,houseOrBuilding,intersection,kerb,light,meshblockId,minorInjuryCount,moped,motorcycle,NumberOfLanes,objectThrownOrDropped,otherObject,otherVehicleType,overBank,parkedVehicle,pedestrian,phoneBoxEtc,postOrPole,region,roadCharacter,roadLane,roadSurface,roadworks,schoolBus,seriousInjuryCount,slipOrFlood,speedLimit,strayAnimal,streetLight,suv,taxi,temporarySpeedLimit,tlaId,tlaName,trafficControl,trafficIsland,trafficSign,train,tree,truck,unknownVehicleType,urban,vanOrUtility,vehicle,waterRiver,weatherA,weatherB,if_pandemic
67713932,,576901,0.0,,0.0,2.0,,Null,2023/2024,ONEPU ROAD,COUTTS STREET,,Non-Injury Crash,No,2023,,North,,0,,Flat,,,,,,Twilight,2178500,0,0.0,0.0,3.0,,,0.0,,,,,,Wellington Region,Nil,2-way,Sealed,,0.0,0,,50.0,,On,0.0,0.0,,47,Wellington City,Traffic Signals,,,,,0.0,0.0,Urban,0.0,,,Fine,Null,0
67713951,,574500,0.0,,0.0,2.0,,North,2017/2018,SH 1N,AOTEA ON NBD,,Non-Injury Crash,Yes,2017,,East,,0,,Flat,,,,,,Overcast,2093600,0,0.0,0.0,4.0,,,0.0,,,,,,Wellington Region,Nil,1-way,Sealed,,0.0,0,,100.0,,Null,0.0,0.0,60.0,47,Wellington City,Unknown,,,,,0.0,0.0,Open,0.0,,,Fine,Null,0
67713953,,572900,0.0,0.0,0.0,1.0,0.0,North,2015/2016,TINAKORI ROAD,LEWISVILLE TERRACE,,Non-Injury Crash,No,2015,0.0,South,0.0,0,0.0,Flat,0.0,,0.0,,0.0,Overcast,2121800,0,0.0,0.0,1.0,0.0,0.0,0.0,0.0,1.0,,0.0,0.0,Wellington Region,Nil,2-way,Sealed,0.0,0.0,0,0.0,50.0,0.0,Null,0.0,0.0,,47,Wellington City,Unknown,0.0,0.0,0.0,0.0,1.0,0.0,Urban,0.0,0.0,0.0,Fine,Null,0
67713959,,576400,0.0,,0.0,2.0,,North,2017/2018,MANCHESTER ST,CAPRERA ST,,Non-Injury Crash,No,2017,,North,,0,,Hill Road,,,,,,Dark,2170901,0,0.0,0.0,2.0,,,0.0,,,,,,Wellington Region,Nil,2-way,Sealed,,0.0,0,,50.0,,On,0.0,0.0,,47,Wellington City,Unknown,,,,,0.0,0.0,Urban,0.0,,,Light rain,Strong wind,0
67713987,,574002,0.0,0.0,0.0,1.0,0.0,North,2014/2015,SH 1N,SH 2,,Minor Crash,Yes,2015,0.0,North,0.0,0,0.0,Flat,1.0,,0.0,,0.0,Overcast,2078302,1,0.0,0.0,2.0,0.0,0.0,0.0,0.0,0.0,,0.0,0.0,Wellington Region,Nil,1-way,Sealed,0.0,0.0,0,0.0,100.0,0.0,Off,0.0,0.0,,47,Wellington City,Nil,0.0,0.0,0.0,0.0,1.0,0.0,Open,0.0,0.0,0.0,Fine,Null,0
67714011,,575200,1.0,,0.0,1.0,,Null,2014/2015,GARDEN ROAD,NORTHLAND ROAD W,,Minor Crash,No,2015,,West,,0,,Hill Road,,,,,,Bright sun,2150900,1,0.0,0.0,2.0,,,0.0,,,,,,Wellington Region,Nil,2-way,Sealed,,0.0,0,,50.0,,Off,0.0,0.0,,47,Wellington City,Give way,,,,,0.0,0.0,Urban,0.0,,,Fine,Null,0
67714018,,573526,0.0,0.0,0.0,1.0,0.0,West,2023/2024,HUTT ROAD,HOROKIWI ROAD,,Non-Injury Crash,Yes,2023,0.0,West,0.0,0,0.0,Flat,2.0,,0.0,,0.0,Twilight,2086403,0,0.0,0.0,2.0,0.0,0.0,0.0,0.0,0.0,,0.0,0.0,Wellington Region,Nil,2-way,Sealed,0.0,0.0,0,0.0,100.0,0.0,On,0.0,0.0,,47,Wellington City,Nil,0.0,0.0,0.0,0.0,0.0,0.0,Open,0.0,0.0,0.0,Light rain,Null,0
67714069,,573511,0.0,,0.0,2.0,,Null,2015/2016,WESTCHESTER DRIVE EAST,CHURTON PARK OFF NBD,,Non-Injury Crash,No,2016,,West,,0,,Flat,,,,,,Bright sun,2086203,0,0.0,0.0,2.0,,,0.0,,,,,,Wellington Region,Nil,2-way,Sealed,,0.0,0,,50.0,,Null,0.0,0.0,,47,Wellington City,Give way,,,,,0.0,0.0,Urban,0.0,,,Fine,Null,0
67714112,,576903,0.0,,0.0,2.0,,Null,2015/2016,SH 1N,KILBIRNIE CRESCENT,,Non-Injury Crash,Yes,2016,,West,,0,,Flat,,,,,,Bright sun,2180300,0,0.0,0.0,2.0,,,0.0,,,,,,Wellington Region,Nil,1-way,Sealed,,0.0,0,,50.0,,Null,0.0,1.0,,47,Wellington City,Traffic Signals,,,,,0.0,0.0,Urban,0.0,,,Fine,Null,0
67714122,,576600,1.0,,0.0,1.0,,East,2017/2018,ORIENTAL PARADE,HAY ST,,Minor Crash,No,2017,,East,,0,,Flat,,,,,,Bright sun,2137800,1,0.0,0.0,2.0,,,0.0,,,,,,Wellington Region,Nil,2-way,Sealed,,0.0,0,,40.0,,Null,0.0,0.0,,47,Wellington City,Nil,,,,,0.0,0.0,Urban,0.0,,,Fine,Null,0
67714172,,573200,0.0,0.0,0.0,1.0,0.0,West,2016/2017,BROOKLYN ROAD,NAIRN ST,,Non-Injury Crash,No,2017,0.0,North,0.0,0,0.0,Flat,0.0,,0.0,,0.0,Overcast,2159204,0,0.0,0.0,2.0,0.0,0.0,0.0,0.0,0.0,,0.0,0.0,Wellington Region,Nil,2-way,Sealed,0.0,0.0,0,0.0,50.0,0.0,Null,0.0,0.0,,47,Wellington City,Unknown,0.0,0.0,0.0,0.0,0.0,0.0,Urban,1.0,1.0,0.0,Fine,Null,0
67714204,,573000,0.0,0.0,0.0,2.0,0.0,North,2017/2018,WILLIS ST,ABEL SMITH ST,,Non-Injury Crash,No,2017,0.0,North,0.0,0,0.0,Flat,0.0,,0.0,,0.0,Overcast,2130100,0,0.0,0.0,2.0,0.0,0.0,0.0,0.0,1.0,,0.0,0.0,Wellington Region,Nil,1-way,Sealed,0.0,0.0,0,0.0,50.0,0.0,Null,0.0,0.0,,47,Wellington City,Unknown,0.0,0.0,0.0,0.0,0.0,0.0,Urban,0.0,0.0,0.0,Fine,Null,0
67714233,,573101,0.0,,0.0,2.0,,Null,2015/2016,CAMBRIDGE TERRACE,FIFESHIRE AVENUE,,Non-Injury Crash,No,2015,,North,,0,,Flat,,,,,,Overcast,2136900,0,0.0,0.0,3.0,,,0.0,,,,,,Wellington Region,Nil,1-way,Sealed,,0.0,0,,50.0,,Null,0.0,0.0,,47,Wellington City,Nil,,,,,0.0,0.0,Urban,0.0,,,Light rain,Strong wind,0
67714260,,573101,0.0,,1.0,1.0,,Null,2015/2016,WEBB ST,WILLIS ST,,Non-Injury Crash,No,2015,,West,,0,,Flat,,,,,,Dark,2132900,0,0.0,0.0,4.0,,,0.0,,,,,,Wellington Region,Nil,2-way,Sealed,,0.0,0,,50.0,,On,0.0,1.0,,47,Wellington City,Traffic Signals,,,,,0.0,0.0,Urban,0.0,,,Fine,Null,0
67714276,,577000,0.0,,0.0,1.0,,North,2015/2016,Z AIRPORT TERMINAL,MOA POINT ROAD,,Minor Crash,No,2015,,South,,0,,Null,,,,,,Bright sun,2175700,1,0.0,0.0,0.0,,,0.0,,,,,,Wellington Region,Nil,Off road,Sealed,,0.0,0,,50.0,,Null,0.0,0.0,,47,Wellington City,Nil,,,,,0.0,0.0,Urban,0.0,,,Fine,Null,0
67714317,,573101,0.0,,0.0,0.0,,West,2023/2024,BUCKLE STREET,TORY STREET,,Minor Crash,Yes,2024,,West,,0,,Flat,,,,,,Dark,2135000,1,0.0,0.0,3.0,,,0.0,,,1.0,,,Wellington Region,Speed hump,1-way,Sealed,,0.0,0,,20.0,,On,0.0,0.0,,47,Wellington City,Nil,,,,,0.0,1.0,Urban,0.0,,,Fine,Null,0
67714334,,573000,0.0,,0.0,2.0,,South,2022/2023,WELLINGTON URBAN MOTORWAY,CLIFTON TERRACE ON RAMP,,Non-Injury Crash,Yes,2023,,North,,0,,Flat,,,,,,Overcast,2126100,0,0.0,0.0,2.0,,,0.0,,,,,,Wellington Region,Bridge,2-way,Sealed,,0.0,0,,50.0,,Off,0.0,0.0,,47,Wellington City,Nil,,,,,0.0,0.0,Urban,0.0,,,Fine,Null,0
67714385,,573000,0.0,0.0,0.0,2.0,0.0,South,2014/2015,FEATHERSTON ST,WARING TAYLOR ST,,Non-Injury Crash,No,2015,0.0,North,0.0,0,0.0,Flat,0.0,,0.0,,0.0,Dark,2125400,0,0.0,0.0,2.0,0.0,0.0,0.0,0.0,1.0,,0.0,0.0,Wellington Region,Nil,1-way,Sealed,0.0,0.0,0,0.0,50.0,0.0,On,0.0,0.0,,47,Wellington City,Traffic Signals,0.0,0.0,0.0,0.0,0.0,0.0,Urban,0.0,0.0,0.0,Light rain,Null,0
67714391,,574002,0.0,0.0,0.0,1.0,0.0,North,2016/2017,SH 1N,NGAURANGA ON NBD OBR,,Non-Injury Crash,Yes,2017,0.0,North,0.0,0,0.0,Flat,1.0,,0.0,,0.0,Dark,2078302,0,0.0,0.0,2.0,0.0,0.0,0.0,0.0,0.0,,0.0,0.0,Wellington Region,Nil,2-way,Sealed,0.0,0.0,0,0.0,100.0,0.0,On,0.0,0.0,,47,Wellington City,Unknown,0.0,0.0,0.0,1.0,0.0,0.0,Open,0.0,0.0,0.0,Fine,Null,0
67714449,,573101,0.0,,0.0,2.0,,Null,2016/2017,CAMBRIDGE TERRACE,ELIZABETH ST,,Non-Injury Crash,No,2017,,North,,0,,Flat,,,,,,Bright sun,2136200,0,0.0,0.0,4.0,,,0.0,,,,,,Wellington Region,Nil,1-way,Sealed,,0.0,0,,50.0,,Off,0.0,0.0,,47,Wellington City,Traffic Signals,,,,,0.0,0.0,Urban,0.0,,,Fine,Null,0
67714506,,573523,0.0,0.0,0.0,1.0,0.0,South,2023/2024,GRENADA DRIVE,ARUBA GROVE,,Non-Injury Crash,No,2023,0.0,North,0.0,0,0.0,Hill Road,0.0,Christmas New Year,0.0,,0.0,Bright sun,2086312,0,0.0,0.0,3.0,0.0,0.0,0.0,0.0,0.0,,0.0,1.0,Wellington Region,Nil,2-way,Sealed,0.0,0.0,0,0.0,50.0,0.0,Off,0.0,0.0,,47,Wellington City,Nil,0.0,0.0,0.0,0.0,0.0,0.0,Urban,0.0,0.0,0.0,Fine,Null,0
67714522,,576301,0.0,0.0,0.0,1.0,0.0,North,2023/2024,HANSON STREET,HALL STREET,,Minor Crash,No,2023,0.0,South,0.0,0,0.0,Hill Road,0.0,,0.0,,0.0,Dark,2163800,1,0.0,0.0,2.0,0.0,0.0,0.0,0.0,1.0,,0.0,0.0,Wellington Region,Nil,2-way,Sealed,0.0,0.0,0,0.0,50.0,0.0,On,0.0,0.0,,47,Wellington City,Nil,0.0,0.0,0.0,0.0,0.0,1.0,Urban,1.0,0.0,0.0,Fine,Null,0
67714540,,573700,0.0,0.0,0.0,2.0,0.0,South,2022/2023,PHILLIP STREET,FRANKMOORE AVENUE,,Non-Injury Crash,No,2022,0.0,South,0.0,0,0.0,Flat,0.0,,0.0,,0.0,Bright sun,2081800,0,0.0,0.0,2.0,0.0,0.0,0.0,0.0,1.0,,0.0,0.0,Wellington Region,Nil,2-way,Sealed,0.0,0.0,0,0.0,50.0,0.0,Off,0.0,0.0,,47,Wellington City,Nil,0.0,0.0,0.0,0.0,0.0,0.0,Urban,0.0,0.0,0.0,Fine,Null,0
67714543,,572500,0.0,0.0,0.0,1.0,0.0,Null,2015/2016,SH 1N,TAWA ON NBD,,Minor Crash,Yes,2016,0.0,North,0.0,0,0.0,Null,1.0,Christmas New Year,0.0,,0.0,Bright sun,2053702,1,0.0,0.0,4.0,0.0,0.0,0.0,0.0,0.0,,0.0,0.0,Wellington Region,Motorway ramp,2-way,Sealed,0.0,0.0,0,0.0,100.0,0.0,Null,0.0,0.0,,47,Wellington City,Nil,0.0,0.0,0.0,0.0,0.0,0.0,Open,0.0,0.0,0.0,Fine,Null,0
67714557,,574500,0.0,,0.0,0.0,,North,2023/2024,OLD PORIRUA ROAD,KAIWHARAWHARA ROAD,,Serious Crash,No,2024,,Null,,0,,Hill Road,,,,,,Dark,2093200,0,0.0,0.0,1.0,,,0.0,,,1.0,,,Wellington Region,Nil,2-way,Sealed,,0.0,1,,50.0,,None,0.0,0.0,,47,Wellington City,Nil,,,,,0.0,0.0,Urban,0.0,,,Fine,Null,0
67714578,,572900,0.0,,0.0,1.0,,North,2023/2024,THORNDON QUAY,DAVIS STREET,,Non-Injury Crash,No,2023,,North,,0,,Flat,,,,,,Overcast,2117901,0,0.0,0.0,4.0,,,0.0,,,,,,Wellington Region,Nil,2-way,Sealed,,0.0,0,,50.0,,Off,0.0,0.0,,47,Wellington City,Nil,,,,,0.0,0.0,Urban,1.0,,,Light rain,Null,0
67714663,,574600,0.0,,0.0,1.0,,North,2016/2017,LENNEL ROAD,SEFTON ST,,Non-Injury Crash,No,2017,,North,,0,,Hill Road,,,,,,Bright sun,2098700,0,0.0,0.0,2.0,,,0.0,,,,,,Wellington Region,Nil,2-way,Sealed,,0.0,0,,50.0,,Null,0.0,0.0,,47,Wellington City,Stop,,,,,0.0,0.0,Urban,1.0,,,Fine,Null,0
67714695,,574701,0.0,0.0,0.0,2.0,0.0,Null,2023/2024,OFF ROAD MITE 10 CAR PARK,,,Serious Crash,No,2023,0.0,Null,0.0,0,0.0,Flat,0.0,,0.0,,0.0,Overcast,2097900,0,0.0,0.0,0.0,0.0,0.0,0.0,0.0,1.0,1.0,0.0,0.0,Wellington Region,Nil,Off road,Sealed,0.0,0.0,1,0.0,,0.0,None,0.0,0.0,,47,Wellington City,Nil,0.0,0.0,0.0,0.0,0.0,0.0,Urban,0.0,0.0,0.0,Fine,Null,0
67714705,,572900,0.0,,0.0,1.0,,South,2022/2023,WATERLOO QUAY,OLD RLY XING,,Non-Injury Crash,No,2022,,North,,0,,Flat,,,,,,Bright sun,2118400,0,0.0,0.0,4.0,,,0.0,,,,,,Wellington Region,Nil,2-way,Sealed,,0.0,0,,50.0,,Off,0.0,0.0,,47,Wellington City,Nil,,,,,0.0,0.0,Urban,2.0,,,Fine,Null,0
67714718,,576901,0.0,0.0,0.0,2.0,0.0,East,2016/2017,COUTTS ST,TE WHITI ST,,Non-Injury Crash,No,2017,0.0,East,0.0,0,1.0,Flat,0.0,,1.0,,0.0,Dark,2177500,0,0.0,0.0,2.0,0.0,0.0,1.0,0.0,1.0,,0.0,0.0,Wellington Region,Nil,2-way,Sealed,0.0,0.0,0,0.0,50.0,0.0,On,0.0,0.0,,47,Wellington City,Give way,0.0,0.0,0.0,0.0,0.0,0.0,Urban,1.0,0.0,0.0,Fine,Null,0
67714728,,573101,0.0,,0.0,1.0,,Null,2015/2016,TARANAKI ST,SH 1N,,Non-Injury Crash,Yes,2015,,South,,0,,Flat,,,,,,Overcast,2134800,0,0.0,0.0,5.0,,,0.0,,,,,,Wellington Region,Nil,2-way,Sealed,,0.0,0,,50.0,,Null,0.0,0.0,,47,Wellington City,Traffic Signals,,,,,0.0,0.0,Urban,1.0,,,Fine,Null,0
67714735,,573000,0.0,,0.0,1.0,,Null,2023/2024,THE TERRACE,BOLTON STREET,,Minor Crash,No,2023,,South,,0,,Hill Road,,,,,,Bright sun,2123700,1,0.0,1.0,2.0,,,0.0,,,,,,Wellington Region,Nil,2-way,Sealed,,0.0,0,,30.0,,Off,0.0,0.0,,47,Wellington City,Nil,,,,,0.0,0.0,Urban,0.0,,,Fine,Null,0
67714738,,573801,0.0,,0.0,2.0,,North,2017/2018,SH 1N,JOHNSONVILLE OFF SBD,,Non-Injury Crash,Yes,2017,,South,,0,,Flat,,,,,,Dark,2078900,0,0.0,0.0,2.0,,,0.0,,,,,,Wellington Region,Nil,1-way,Sealed,,0.0,0,,100.0,,On,0.0,0.0,,47,Wellington City,Unknown,,,,,0.0,0.0,Open,0.0,,,Fine,Null,0
67714766,,573522,0.0,0.0,0.0,1.0,0.0,North,2017/2018,SH 1N,TAWA OFF NBD,,Non-Injury Crash,Yes,2017,0.0,North,0.0,0,0.0,Flat,1.0,,0.0,,0.0,Overcast,2053703,0,0.0,0.0,2.0,0.0,0.0,0.0,0.0,0.0,,0.0,0.0,Wellington Region,Nil,1-way,Sealed,0.0,0.0,0,0.0,100.0,0.0,Null,0.0,0.0,,47,Wellington City,Unknown,0.0,0.0,0.0,0.0,0.0,0.0,Open,0.0,0.0,0.0,Fine,Null,0
67714827,,576301,1.0,,0.0,1.0,,Null,2015/2016,RINTOUL ST,STOKE ST,,Minor Crash,No,2016,,North,,0,,Hill Road,,,,,,Overcast,2165500,1,0.0,0.0,2.0,,,0.0,,,,,,Wellington Region,Nil,2-way,Sealed,,0.0,0,,50.0,,Null,0.0,0.0,,47,Wellington City,Nil,,,,,0.0,0.0,Urban,0.0,,,Fine,Null,0
67714849,,573526,0.0,,0.0,4.0,,West,2017/2018,SH 2,HOROKIWI ROAD,,Minor Crash,Yes,2017,,West,,0,,Flat,,,,,,Bright sun,2086403,2,0.0,0.0,2.0,,,0.0,,,,,,Wellington Region,Nil,1-way,Sealed,,0.0,0,,100.0,,Null,0.0,0.0,,47,Wellington City,Unknown,,,,,0.0,0.0,Open,1.0,,,Fine,Null,0
67714876,,576500,0.0,0.0,0.0,2.0,0.0,Null,2022/2023,MEIN STREET,DANIELL STREET,,Non-Injury Crash,No,2023,0.0,East,0.0,0,0.0,Hill Road,0.0,,0.0,,0.0,Dark,2149200,0,0.0,0.0,2.0,0.0,0.0,0.0,0.0,1.0,,0.0,0.0,Wellington Region,Nil,2-way,Sealed,0.0,0.0,0,0.0,40.0,0.0,On,0.0,0.0,,47,Wellington City,Give way,0.0,0.0,0.0,0.0,0.0,0.0,Urban,0.0,0.0,0.0,Fine,Null,0
67714945,,573101,0.0,0.0,0.0,2.0,0.0,West,2016/2017,WEBB ST,CUBA ST,,Non-Injury Crash,No,2017,0.0,East,0.0,0,0.0,Hill Road,0.0,,0.0,,0.0,Bright sun,2132800,0,0.0,0.0,2.0,0.0,0.0,0.0,0.0,1.0,,0.0,0.0,Wellington Region,Nil,2-way,Sealed,0.0,0.0,0,0.0,50.0,0.0,Null,0.0,0.0,,47,Wellington City,Unknown,0.0,0.0,0.0,0.0,0.0,0.0,Urban,0.0,0.0,0.0,Fine,Null,0
67714977,,576700,0.0,,1.0,1.0,,North,2016/2017,MAIDA VALE ROAD,GRAFTON ROAD,,Non-Injury Crash,No,2017,,North,,0,,Hill Road,,,,,,Bright sun,2186500,0,0.0,0.0,2.0,,,0.0,,,,,,Wellington Region,Nil,2-way,Sealed,,0.0,0,,50.0,,Null,0.0,0.0,,47,Wellington City,Unknown,,,,,0.0,0.0,Urban,0.0,,,Fine,Null,0
67715000,,573000,0.0,0.0,0.0,2.0,0.0,Null,2023/2024,JERVOIS QUAY,HUNTER STREET,,Serious Crash,No,2024,0.0,South,0.0,0,0.0,Flat,0.0,,0.0,,0.0,Dark,2124300,2,0.0,0.0,4.0,0.0,0.0,0.0,0.0,0.0,,0.0,0.0,Wellington Region,Nil,2-way,Sealed,0.0,0.0,1,0.0,50.0,0.0,On,0.0,1.0,,47,Wellington City,Traffic Signals,0.0,0.0,0.0,1.0,0.0,0.0,Urban,0.0,0.0,0.0,Fine,Null,0
67715008,,576800,0.0,,0.0,1.0,,North,2023/2024,HATAITAI ROAD,WAITOA ROAD,,Minor Crash,No,2024,,North,,0,,Hill Road,,,,,,Dark,2182000,1,0.0,1.0,2.0,,,0.0,,,,,,Wellington Region,Nil,2-way,Sealed,,0.0,0,,50.0,,On,0.0,0.0,,47,Wellington City,Nil,,,,,0.0,0.0,Urban,0.0,,,Fine,Null,0
67715033,,573700,0.0,,0.0,2.0,,Null,2017/2018,BRODERICK ROAD,HEATH ST,,Minor Crash,No,2017,,East,,0,,Flat,,,,,,Bright sun,2082700,2,0.0,0.0,2.0,,,0.0,,,,,,Wellington Region,Nil,2-way,Sealed,,0.0,0,,50.0,,Null,0.0,0.0,30.0,47,Wellington City,Give way,,,,,0.0,0.0,Urban,0.0,,,Fine,Strong wind,0
67715065,,576400,0.0,,0.0,2.0,,South,2016/2017,DANIELL ST,MEIN ST,,Non-Injury Crash,No,2017,,North,,0,,Flat,,,,,,Bright sun,2167400,0,0.0,0.0,2.0,,,0.0,,,,,,Wellington Region,Nil,2-way,Sealed,,0.0,0,,40.0,,Null,0.0,0.0,,47,Wellington City,Unknown,,,,,0.0,0.0,Urban,0.0,,,Fine,Null,0
67715084,,572500,0.0,,0.0,0.0,,Null,2022/2023,MAIN ROAD,WILLOWBANK ROAD,,Non-Injury Crash,No,2023,,East,,0,,Flat,,,,,,Dark,1986300,0,0.0,0.0,2.0,,,0.0,,,1.0,,,Wellington Region,Nil,2-way,Sealed,,0.0,0,,50.0,,On,0.0,0.0,,47,Wellington City,Give way,,,,,0.0,0.0,Urban,1.0,,,Fine,Null,0
67715090,,574500,0.0,,0.0,2.0,,North,2022/2023,WELLINGTON URBAN MOTORWAY,AOTEA QUAY ON RAMP,,Non-Injury Crash,Yes,2023,,North,,0,,Hill Road,,,,,,Dark,2093400,0,0.0,0.0,4.0,,,0.0,,,,,,Wellington Region,Nil,1-way,Sealed,,0.0,0,,100.0,,On,0.0,0.0,,47,Wellington City,Nil,,,,,0.0,0.0,Open,1.0,,,Fine,Null,0
67715100,,576800,1.0,,0.0,1.0,,South,2023/2024,EVANS BAY PARADE,RATA ROAD,,Minor Crash,No,2024,,North,,0,,Flat,,,,,,Bright sun,2183100,1,0.0,0.0,2.0,,,0.0,,,,,,Wellington Region,Nil,2-way,Sealed,,0.0,0,,50.0,,Off,0.0,0.0,,47,Wellington City,Nil,,,,,0.0,0.0,Urban,0.0,,,Fine,Null,0
67715103,,573400,0.0,0.0,0.0,1.0,0.0,East,2015/2016,EDGE HILL,KENT TERRACE,,Non-Injury Crash,No,2015,0.0,West,0.0,0,0.0,Null,0.0,,0.0,,0.0,Overcast,2140300,0,0.0,0.0,,0.0,0.0,0.0,0.0,1.0,,0.0,0.0,Wellington Region,Nil,2-way,Sealed,0.0,0.0,0,0.0,50.0,0.0,Null,0.0,0.0,,47,Wellington City,Unknown,0.0,0.0,0.0,0.0,1.0,0.0,Urban,0.0,0.0,0.0,Null,Null,0
67715109,,572900,0.0,0.0,0.0,1.0,0.0,Null,2021/2022,TINAKORI ROAD,UPTON TERRACE,,Non-Injury Crash,No,2022,0.0,North,0.0,0,0.0,Flat,0.0,,0.0,,0.0,Unknown,2121700,0,0.0,0.0,2.0,0.0,0.0,0.0,0.0,1.0,,0.0,0.0,Wellington Region,Nil,2-way,Sealed,0.0,0.0,0,0.0,50.0,0.0,Null,1.0,0.0,,47,Wellington City,Give way,0.0,0.0,0.0,0.0,0.0,0.0,Urban,0.0,0.0,0.0,Null,Null,0
67715165,,577200,0.0,,0.0,2.0,,East,2023/2024,MIRAMAR AVENUE,STONE STREET,,Minor Crash,No,2023,,East,,0,,Flat,,Labour Weekend,,,,Bright sun,2207201,1,0.0,0.0,2.0,,,0.0,,,,,,Wellington Region,Nil,2-way,Sealed,,0.0,0,,30.0,,Off,0.0,0.0,,47,Wellington City,Nil,,,,,0.0,0.0,Urban,0.0,,,Fine,Null,0
67715260,,576400,0.0,0.0,0.0,2.0,0.0,East,2016/2017,NORMANBY ST,RIDDIFORD ST,,Non-Injury Crash,No,2017,0.0,North,0.0,0,0.0,Flat,0.0,,0.0,,0.0,Bright sun,2168600,0,0.0,0.0,2.0,0.0,0.0,0.0,0.0,0.0,,0.0,0.0,Wellington Region,Nil,2-way,Sealed,0.0,0.0,0,0.0,40.0,0.0,Null,0.0,0.0,,47,Wellington City,Traffic Signals,0.0,0.0,0.0,0.0,0.0,0.0,Urban,0.0,1.0,0.0,Fine,Null,0
67715263,,572900,0.0,0.0,0.0,1.0,0.0,North,2022/2023,WELLINGTON URBAN MOTORWAY,HILL ST OBR,,Non-Injury Crash,Yes,2023,0.0,South,0.0,0,0.0,Flat,1.0,,0.0,,0.0,Bright sun,2120000,0,0.0,0.0,3.0,0.0,0.0,0.0,0.0,0.0,,0.0,0.0,Wellington Region,Motorway ramp,1-way,Sealed,0.0,0.0,0,0.0,100.0,0.0,Off,0.0,0.0,,47,Wellington City,Nil,0.0,0.0,0.0,0.0,0.0,0.0,Open,0.0,0.0,0.0,Fine,Null,0
67715336,,573000,0.0,0.0,0.0,2.0,0.0,West,2016/2017,WILLIS ST,DIXON ST,,Non-Injury Crash,No,2016,0.0,West,0.0,0,0.0,Flat,0.0,,0.0,,0.0,Bright sun,2130700,0,0.0,0.0,2.0,0.0,0.0,0.0,0.0,1.0,,0.0,0.0,Wellington Region,Nil,2-way,Sealed,0.0,0.0,0,0.0,50.0,0.0,Null,0.0,0.0,,47,Wellington City,Unknown,0.0,0.0,0.0,0.0,0.0,0.0,Urban,0.0,0.0,0.0,Fine,Null,0
67715339,,573101,0.0,,0.0,1.0,,South,2015/2016,CAMBRIDGE TERRACE,COURTENAY PLACE,,Non-Injury Crash,No,2016,,North,,0,,Flat,,,,,,Twilight,2136000,0,0.0,0.0,3.0,,,0.0,,,,,,Wellington Region,Nil,1-way,Sealed,,0.0,0,,50.0,,On,0.0,0.0,,47,Wellington City,Unknown,,,,,0.0,0.0,Urban,1.0,,,Light rain,Null,0
67715391,,573400,0.0,,0.0,2.0,,Null,2022/2023,ORIENTAL PARADE,CABLE STREET,,Non-Injury Crash,Unknown,2023,,West,,0,,Flat,,,,,,Overcast,2138900,0,0.0,0.0,2.0,,,0.0,,,,,,Wellington Region,Nil,1-way,Sealed,,0.0,0,,50.0,,Null,0.0,0.0,,47,Wellington City,Traffic Signals,,,,,0.0,0.0,Urban,0.0,,,Fine,Null,0
67715432,,573000,0.0,0.0,0.0,4.0,1.0,North,2017/2018,SH 1N,SOUTH PORTAL,,Minor Crash,Yes,2018,0.0,North,0.0,0,0.0,Flat,0.0,,0.0,,1.0,Overcast,2128700,2,0.0,0.0,3.0,0.0,0.0,0.0,0.0,0.0,,0.0,0.0,Wellington Region,Nil,2-way,Sealed,0.0,0.0,0,0.0,70.0,0.0,On,0.0,0.0,,47,Wellington City,Unknown,0.0,0.0,0.0,0.0,0.0,0.0,Urban,0.0,0.0,0.0,Fine,Null,0
67715471,,573600,0.0,,0.0,3.0,,North,2022/2023,JOHNSONVILLE PORIRUA MOTORWAY,JOHNSONVILLE ON RAMP,,Non-Injury Crash,Yes,2023,,North,,0,,Flat,,,,,,Dark,2081200,0,0.0,0.0,2.0,,,0.0,,,,,,Wellington Region,Nil,1-way,Sealed,,0.0,0,,100.0,,On,0.0,0.0,,47,Wellington City,Nil,,,,,0.0,0.0,Open,0.0,,,Fine,Strong wind,0
67715480,,577200,0.0,0.0,0.0,1.0,0.0,West,2017/2018,COBHAM DRIVE,SHELLY BAY ROAD,,Non-Injury Crash,No,2017,0.0,North,0.0,0,0.0,Flat,1.0,,0.0,,0.0,Dark,2206200,0,0.0,0.0,2.0,0.0,0.0,0.0,0.0,0.0,,0.0,0.0,Wellington Region,Nil,2-way,Sealed,0.0,0.0,0,0.0,50.0,0.0,On,0.0,0.0,,47,Wellington City,Unknown,0.0,0.0,0.0,0.0,0.0,0.0,Urban,0.0,0.0,0.0,Light rain,Null,0