OBJECTID,advisorySpeed,areaUnitID,bicycle,bridge,bus,carStationWagon,cliffBank,crashDirectionDescription,crashFinancialYear,crashLocation1,crashLocation2,crashRoadSideRoad,crashSeverity,crashSHDescription,crashYear,debris,directionRoleDescription,ditch,fatalCount,fence,flatHill,guardRail,holiday,houseOrBuilding,intersection,kerb,light,meshblockId,minorInjuryCount,moped,motorcycle,NumberOfLanes,objectThrownOrDropped,otherObject,otherVehicleType,overBank,parkedVehicle,pedestrian,phoneBoxEtc,postOrPole,region,roadCharacter,roadLane,roadSurface,roadworks,schoolBus,seriousInjuryCount,slipOrFlood,speedLimit,strayAnimal,streetLight,suv,taxi,temporarySpeedLimit,tlaId,tlaName,trafficControl,trafficIsland,trafficSign,train,tree,truck,unknownVehicleType,urban,vanOrUtility,vehicle,waterRiver,weatherA,weatherB,if_pandemic
67715495,,574303,0.0,,0.0,1.0,,South,2023/2024,CENTENNIAL HIGHWAY,TYERS ROAD,,Non-Injury Crash,Yes,2023,,West,,0,,Hill Road,,,,,,Overcast,2088705,0,0.0,0.0,6.0,,,0.0,,,,,,Wellington Region,Nil,2-way,Sealed,,0.0,0,,80.0,,Off,0.0,0.0,,47,Wellington City,Nil,,,,,0.0,0.0,Open,2.0,,,Fine,Null,0
67715542,,573101,0.0,0.0,0.0,1.0,0.0,South,2016/2017,DIXON ST,WILLIS ST,,Non-Injury Crash,No,2016,0.0,North,0.0,0,0.0,Hill Road,0.0,,0.0,,0.0,Bright sun,2131300,0,0.0,0.0,2.0,0.0,0.0,0.0,0.0,1.0,,0.0,0.0,Wellington Region,Nil,1-way,Sealed,0.0,0.0,0,0.0,50.0,0.0,Null,1.0,0.0,,47,Wellington City,Unknown,0.0,0.0,0.0,0.0,0.0,0.0,Urban,0.0,0.0,0.0,Fine,Null,0
67715543,,573101,0.0,,0.0,2.0,,North,2023/2024,TORY STREET,HOLLAND STREET,,Non-Injury Crash,No,2023,,South,,0,,Flat,,,,,,Dark,2136000,0,0.0,0.0,2.0,,,0.0,,,,,,Wellington Region,Nil,2-way,Sealed,,0.0,0,,30.0,,On,0.0,0.0,,47,Wellington City,Nil,,,,,0.0,0.0,Urban,0.0,,,Fine,Null,0
67715593,,576500,0.0,,0.0,1.0,,North,2015/2016,ADELAIDE ROAD,DOUGLAS ST,,Non-Injury Crash,No,2016,,South,,0,,Flat,,,,,,Bright sun,2147900,0,0.0,0.0,3.0,,,0.0,,,,,,Wellington Region,Nil,2-way,Sealed,,0.0,0,,50.0,,Null,0.0,0.0,,47,Wellington City,Nil,,,,,0.0,0.0,Urban,1.0,,,Fine,Null,0
67715623,,573101,0.0,0.0,0.0,0.0,0.0,North,2017/2018,VICTORIA ST,FELTEX LANE,,Non-Injury Crash,No,2017,0.0,North,0.0,0,0.0,Flat,0.0,,0.0,,0.0,Overcast,2131400,0,0.0,0.0,3.0,0.0,0.0,0.0,0.0,1.0,,0.0,0.0,Wellington Region,Nil,2-way,Sealed,0.0,0.0,0,0.0,50.0,0.0,Null,0.0,0.0,,47,Wellington City,Unknown,0.0,0.0,0.0,0.0,0.0,0.0,Urban,2.0,0.0,0.0,Fine,Null,0
67715671,,577000,0.0,0.0,0.0,2.0,0.0,Null,2021/2022,KINGSFORD SMITH STREET,MCGREGOR STREET,,Non-Injury Crash,No,2022,0.0,North,0.0,0,0.0,Flat,0.0,,0.0,,0.0,Overcast,2175502,0,0.0,0.0,2.0,0.0,0.0,0.0,0.0,1.0,,0.0,0.0,Wellington Region,Nil,2-way,Sealed,0.0,0.0,0,0.0,50.0,0.0,Off,0.0,0.0,,47,Wellington City,Nil,0.0,0.0,0.0,0.0,0.0,0.0,Urban,1.0,0.0,0.0,Mist or Fog,Null,0
67715673,,573101,0.0,0.0,0.0,0.0,0.0,Null,2021/2022,TORY STREET,FORRESTERS LANE,,Non-Injury Crash,No,2021,0.0,South,0.0,0,0.0,Flat,0.0,,0.0,,0.0,Bright sun,2136000,0,0.0,0.0,2.0,0.0,0.0,0.0,0.0,1.0,,0.0,0.0,Wellington Region,Nil,2-way,Sealed,0.0,0.0,0,0.0,30.0,0.0,Off,2.0,0.0,,47,Wellington City,Nil,0.0,0.0,0.0,0.0,0.0,0.0,Urban,0.0,0.0,0.0,Fine,Null,1
67715719,,575200,0.0,,0.0,2.0,,North,2015/2016,THE RIGI,GLENMORE ST,,Non-Injury Crash,No,2015,,South,,0,,Hill Road,,,,,,Bright sun,2150100,0,0.0,0.0,2.0,,,0.0,,,,,,Wellington Region,Nil,2-way,Sealed,,0.0,0,,50.0,,Null,0.0,0.0,,47,Wellington City,Unknown,,,,,0.0,0.0,Urban,0.0,,,Fine,Null,0
67715721,,574500,0.0,0.0,0.0,1.0,0.0,North,2017/2018,SH 1N,AOTEA ON NBD,,Serious Crash,Yes,2018,0.0,North,0.0,0,0.0,Flat,1.0,,0.0,,0.0,Dark,2093500,1,0.0,0.0,4.0,0.0,0.0,0.0,0.0,0.0,,0.0,0.0,Wellington Region,Nil,1-way,Sealed,0.0,0.0,4,0.0,100.0,0.0,On,0.0,0.0,,47,Wellington City,Unknown,0.0,0.0,0.0,0.0,0.0,0.0,Open,0.0,0.0,0.0,Fine,Null,0
67715748,,572900,0.0,,0.0,2.0,,North,2023/2024,WATERLOO QUAY,PLATFORM 9 ENTRY,,Minor Crash,No,2024,,North,,0,,Flat,,,,,,Overcast,2122700,1,0.0,0.0,2.0,,,0.0,,,,,,Wellington Region,Nil,2-way,Sealed,,0.0,0,,50.0,,Off,0.0,0.0,,47,Wellington City,Traffic Signals,,,,,0.0,0.0,Urban,1.0,,,Fine,Null,0
67715763,,572900,0.0,,0.0,2.0,,North,2015/2016,SH 1N,TINAKORI ON NBD,,Non-Injury Crash,Yes,2016,,North,,0,,Flat,,,,,,Overcast,2119500,0,0.0,0.0,6.0,,,0.0,,,,,,Wellington Region,Nil,2-way,Sealed,,0.0,0,,100.0,,Null,0.0,0.0,,47,Wellington City,Unknown,,,,,0.0,0.0,Open,0.0,,,Light rain,Null,0
67715787,,573101,0.0,,0.0,2.0,,West,2017/2018,SH 1N,BUTE ST,,Non-Injury Crash,Yes,2017,,East,,0,,Flat,,,,,,Bright sun,2131700,0,0.0,0.0,2.0,,,0.0,,,,,,Wellington Region,Nil,1-way,Sealed,,0.0,0,,50.0,,Null,0.0,1.0,,47,Wellington City,Unknown,,,,,0.0,0.0,Urban,0.0,,,Fine,Null,0
67715821,,572900,0.0,,0.0,1.0,,Null,2017/2018,AOTEA QUAY,AOTEA OFF SBD,,Non-Injury Crash,No,2017,,South,,0,,Flat,,Christmas New Year,,,,Dark,2118400,0,0.0,0.0,4.0,,,0.0,,,,,,Wellington Region,Nil,2-way,Sealed,,0.0,0,,70.0,,On,0.0,0.0,,47,Wellington City,Nil,,,,,1.0,0.0,Urban,0.0,,,Fine,Null,0
67715875,,573200,0.0,0.0,0.0,0.0,0.0,West,2015/2016,ARO ST,WILLIS ST,,Non-Injury Crash,No,2016,0.0,West,0.0,0,0.0,Flat,0.0,,0.0,,0.0,Dark,2159201,0,0.0,1.0,2.0,1.0,0.0,0.0,0.0,0.0,1.0,0.0,0.0,Wellington Region,Nil,2-way,Sealed,0.0,0.0,0,0.0,50.0,0.0,On,0.0,0.0,,47,Wellington City,Unknown,0.0,0.0,0.0,0.0,0.0,0.0,Urban,0.0,0.0,0.0,Fine,Null,0
67715890,,573200,0.0,,0.0,1.0,,Null,2023/2024,WILLIS STREET,ABEL SMITH STREET,,Minor Crash,No,2023,,North,,0,,Flat,,,,,,Overcast,2158000,1,0.0,0.0,3.0,,,0.0,,,,,,Wellington Region,Nil,1-way,Sealed,,0.0,0,,50.0,,Off,0.0,0.0,,47,Wellington City,Traffic Signals,,,,,1.0,0.0,Urban,0.0,,,Fine,Null,0
67715896,,573000,0.0,,0.0,1.0,,Null,2023/2024,CUSTOMHOUSE QUAY,WARING TAYLOR STREET,,Minor Crash,No,2023,,South,,0,,Flat,,,,,,Dark,2125100,1,0.0,0.0,3.0,,,0.0,,,1.0,,,Wellington Region,Nil,1-way,Sealed,,0.0,0,,50.0,,On,0.0,0.0,,47,Wellington City,Nil,,,,,0.0,0.0,Urban,0.0,,,Fine,Null,0
67715911,,573514,0.0,0.0,0.0,2.0,0.0,North,2016/2017,SH 1N,JOHNSONVILLE ON NBD,,Minor Crash,Yes,2016,0.0,North,0.0,0,0.0,Flat,0.0,Christmas New Year,0.0,,0.0,Dark,2081100,1,0.0,0.0,2.0,0.0,0.0,0.0,0.0,0.0,,0.0,0.0,Wellington Region,Nil,1-way,Sealed,0.0,0.0,0,0.0,100.0,0.0,None,0.0,0.0,,47,Wellington City,Unknown,0.0,1.0,0.0,1.0,0.0,0.0,Open,0.0,0.0,0.0,Fine,Null,0
67715949,,574303,0.0,,0.0,2.0,,North,2023/2024,CENTENNIAL HIGHWAY,NEWLANDS OFF RAMP,,Non-Injury Crash,Yes,2023,,North,,0,,Hill Road,,,,,,Dark,2084302,0,0.0,0.0,3.0,,,0.0,,,,,,Wellington Region,Nil,1-way,Sealed,,0.0,0,,100.0,,On,0.0,0.0,50.0,47,Wellington City,Nil,,,,,0.0,0.0,Open,0.0,,,Light rain,Strong wind,0
67715976,,573000,0.0,,0.0,0.0,,East,2017/2018,HUNTER ST,CUSTOMHOUSE QUAY,,Non-Injury Crash,No,2017,,East,,0,,Flat,,,,,,Overcast,2125900,0,0.0,0.0,2.0,,,0.0,,,1.0,,,Wellington Region,Nil,1-way,Sealed,,0.0,0,,50.0,,Null,1.0,0.0,,47,Wellington City,Unknown,,,,,0.0,0.0,Urban,0.0,,,Light rain,Null,0
67716023,,573700,0.0,,0.0,2.0,,West,2022/2023,BRODERICK ROAD,KAIAPO ROAD,,Non-Injury Crash,No,2023,,West,,0,,Hill Road,,,,,,Overcast,2082800,0,0.0,0.0,2.0,,,0.0,,,,,,Wellington Region,Nil,2-way,Sealed,,0.0,0,,50.0,,Off,0.0,0.0,,47,Wellington City,Nil,,,,,0.0,0.0,Urban,0.0,,,Light rain,Null,0
67716068,,573101,0.0,,0.0,2.0,,Null,2015/2016,SH 1N,VICTORIA ST,,Non-Injury Crash,Yes,2016,,West,,0,,Flat,,,,,,Dark,2132400,0,0.0,0.0,1.0,,,0.0,,,,,,Wellington Region,Nil,2-way,Sealed,,0.0,0,,50.0,,On,0.0,0.0,,47,Wellington City,Traffic Signals,,,,,0.0,0.0,Urban,0.0,,,Fine,Null,0
67716117,,572900,0.0,,0.0,2.0,,South,2017/2018,AOTEA QUAY,AOTEA OFF SBD,,Minor Crash,No,2018,,North,,0,,Flat,,,,,,Overcast,2118400,2,0.0,1.0,3.0,,,0.0,,,,,,Wellington Region,Nil,2-way,Sealed,,0.0,0,,70.0,,Null,0.0,0.0,,47,Wellington City,Nil,,,,,0.0,0.0,Urban,0.0,,,Light rain,Null,0
67716128,,573700,0.0,,0.0,2.0,,South,2017/2018,JOHNSONVILLE ON SBD,JOHNSONVILLE OFF NBD,,Non-Injury Crash,Yes,2017,,South,,0,,Flat,,,,,,Dark,2083100,0,0.0,0.0,2.0,,,0.0,,,,,,Wellington Region,Nil,1-way,Sealed,,0.0,0,,50.0,,None,0.0,0.0,,47,Wellington City,Unknown,,,,,0.0,0.0,Urban,0.0,,,Fine,Null,0
67716151,,577200,0.0,,0.0,2.0,,Null,2023/2024,KAURI STREET,CALEDONIA STREET,,Minor Crash,No,2023,,East,,0,,Flat,,,,,,Bright sun,2207100,1,0.0,0.0,2.0,,,0.0,,,,,,Wellington Region,Nil,2-way,Sealed,,0.0,0,,60.0,,Off,0.0,0.0,,47,Wellington City,Stop,,,,,0.0,0.0,Urban,0.0,,,Fine,Null,0
67716190,,574002,0.0,,0.0,1.0,,South,2015/2016,SH 1N,NGAURANGA ON NBD OBR,,Non-Injury Crash,Yes,2015,,South,,0,,Hill Road,,,,,,Bright sun,2078302,0,0.0,0.0,2.0,,,0.0,,,,,,Wellington Region,Motorway ramp,1-way,Sealed,,0.0,0,,80.0,,Null,1.0,0.0,,47,Wellington City,Unknown,,,,,0.0,0.0,Open,1.0,,,Fine,Null,0
67716205,,574303,0.0,,0.0,1.0,,South,2023/2024,WELLINGTON URBAN MOTORWAY,HUTT ROAD,,Non-Injury Crash,Yes,2023,,South,,0,,Flat,,,,,,Overcast,2090402,0,0.0,0.0,3.0,,,0.0,,,,,,Wellington Region,Nil,1-way,Sealed,,0.0,0,,100.0,,Off,0.0,0.0,,47,Wellington City,Nil,,,,,1.0,0.0,Open,0.0,,,Fine,Null,0
67716216,,573513,0.0,0.0,0.0,0.0,0.0,North,2017/2018,GRESFORD PLACE,WAVERTON TERRACE,,Minor Crash,No,2017,0.0,North,0.0,0,1.0,Flat,0.0,,0.0,,0.0,Overcast,2086715,1,0.0,0.0,1.0,0.0,0.0,0.0,0.0,0.0,,0.0,0.0,Wellington Region,Nil,2-way,Sealed,0.0,0.0,0,0.0,50.0,0.0,Null,0.0,0.0,,47,Wellington City,Unknown,0.0,0.0,0.0,0.0,1.0,0.0,Urban,0.0,0.0,0.0,Heavy rain,Null,0
67716239,,576002,0.0,0.0,1.0,0.0,0.0,West,2016/2017,REEF ST,THE ESPLANADE,,Non-Injury Crash,No,2017,0.0,East,0.0,0,0.0,Flat,0.0,,0.0,,0.0,Bright sun,2189700,0,0.0,0.0,2.0,0.0,0.0,0.0,0.0,1.0,,0.0,0.0,Wellington Region,Nil,2-way,Sealed,0.0,0.0,0,0.0,50.0,0.0,Null,0.0,0.0,,47,Wellington City,Give way,0.0,0.0,0.0,0.0,0.0,0.0,Urban,1.0,0.0,0.0,Fine,Null,0
67716293,,576400,1.0,0.0,0.0,1.0,0.0,South,2017/2018,OWEN ST,LAWRENCE ST,,Non-Injury Crash,No,2017,0.0,South,0.0,0,0.0,Flat,0.0,,0.0,,0.0,Dark,2170800,0,0.0,0.0,2.0,0.0,0.0,0.0,0.0,1.0,,0.0,0.0,Wellington Region,Nil,2-way,Sealed,0.0,0.0,0,0.0,50.0,0.0,On,0.0,0.0,,47,Wellington City,Unknown,0.0,0.0,0.0,0.0,0.0,0.0,Urban,0.0,0.0,0.0,Fine,Null,0
67716306,,573526,0.0,,0.0,0.0,,West,2016/2017,SH 2,HOROKIWI ROAD,,Non-Injury Crash,Yes,2016,,West,,0,,Flat,,,,,,Bright sun,2086403,0,0.0,0.0,4.0,,,0.0,,,,,,Wellington Region,Nil,2-way,Sealed,,0.0,0,,100.0,,Null,0.0,0.0,,47,Wellington City,Unknown,,,,,0.0,0.0,Open,2.0,,,Fine,Null,0
67716341,,572900,0.0,,0.0,2.0,,Null,2016/2017,TINAKORI ROAD,TINAKORI OFF NBD,,Non-Injury Crash,No,2016,,North,,0,,Hill Road,,,,,,Bright sun,2123100,0,0.0,0.0,3.0,,,0.0,,,,,,Wellington Region,Nil,2-way,Sealed,,0.0,0,,50.0,,Null,1.0,0.0,,47,Wellington City,Traffic Signals,,,,,0.0,0.0,Urban,0.0,,,Fine,Null,0
67716362,,575200,0.0,,0.0,0.0,,South,2017/2018,GARDEN ROAD,MILITARY ROAD,,Minor Crash,No,2017,,South,,0,,Hill Road,,,,,,Overcast,2151500,1,1.0,0.0,1.0,,,0.0,,,,,,Wellington Region,Nil,2-way,Sealed,,0.0,0,,50.0,,Null,0.0,0.0,,47,Wellington City,Unknown,,,,,0.0,0.0,Urban,0.0,,,Fine,Null,0
67716385,,576500,0.0,,0.0,2.0,,South,2023/2024,ADELAIDE ROAD,DRUMMOND STREET,,Non-Injury Crash,No,2023,,South,,0,,Flat,,,,,,Overcast,2148400,0,0.0,0.0,3.0,,,0.0,,,,,,Wellington Region,Nil,2-way,Sealed,,0.0,0,,50.0,,Null,0.0,0.0,,47,Wellington City,Nil,,,,,0.0,0.0,Urban,0.0,,,Fine,Null,0
67716443,,577500,0.0,,0.0,2.0,,Null,2023/2024,FERRY STREET,DUNDAS STREET,,Non-Injury Crash,No,2023,,South,,0,,Flat,,,,,,Bright sun,2211100,0,0.0,0.0,2.0,,,0.0,,,,,,Wellington Region,Nil,2-way,Sealed,,0.0,0,,50.0,,Off,0.0,0.0,,47,Wellington City,Give way,,,,,0.0,0.0,Urban,0.0,,,Fine,Null,0
67716502,,573000,0.0,0.0,0.0,0.0,0.0,North,2017/2018,LAMBTON QUAY,WILLIS ST,,Non-Injury Crash,No,2017,0.0,North,0.0,0,0.0,Flat,0.0,,0.0,,0.0,Overcast,2125800,0,0.0,0.0,1.0,0.0,0.0,0.0,0.0,1.0,,0.0,0.0,Wellington Region,Nil,1-way,Sealed,0.0,0.0,0,0.0,30.0,0.0,Null,0.0,0.0,,47,Wellington City,Unknown,0.0,0.0,0.0,0.0,0.0,0.0,Urban,2.0,0.0,0.0,Fine,Null,0
67716504,,573000,0.0,,0.0,3.0,,North,2015/2016,THE TERRACE,SALAMANCA ROAD,,Non-Injury Crash,No,2016,,South,,0,,Hill Road,,,,,,Bright sun,2126900,0,0.0,0.0,2.0,,,0.0,,,,,,Wellington Region,Nil,2-way,Sealed,,0.0,0,,50.0,,Null,0.0,0.0,,47,Wellington City,Unknown,,,,,0.0,0.0,Urban,0.0,,,Fine,Null,0
67716522,,576301,0.0,,0.0,2.0,,Null,2023/2024,HUTCHISON ROAD,HUTCHISON ROAD,,Minor Crash,No,2024,,South,,0,,Hill Road,,,,,,Dark,2163300,1,0.0,0.0,2.0,,,0.0,,,,,,Wellington Region,Nil,2-way,Sealed,,0.0,0,,50.0,,On,0.0,0.0,,47,Wellington City,Give way,,,,,0.0,0.0,Urban,0.0,,,Fine,Null,0
67716535,,573000,0.0,,0.0,1.0,,Null,2023/2024,WELLINGTON URBAN MOTORWAY,CLIFTON TERRACE ON RAMP,,Non-Injury Crash,Yes,2023,,North,,0,,Flat,,,,,,Overcast,2124801,0,0.0,0.0,2.0,,,0.0,,,,,,Wellington Region,Nil,1-way,Sealed,,0.0,0,,100.0,,On,0.0,0.0,,47,Wellington City,Nil,,,,,0.0,0.0,Open,1.0,,,Fine,Null,0
67716565,,576901,0.0,,0.0,2.0,,East,2023/2024,RONGOTAI ROAD,SALEK STREET,,Non-Injury Crash,No,2023,,East,,0,,Flat,,,,,,Overcast,2175800,0,0.0,0.0,3.0,,,0.0,,,,,,Wellington Region,Nil,2-way,Sealed,,0.0,0,,50.0,,Off,0.0,0.0,,47,Wellington City,Nil,,,,,0.0,0.0,Urban,0.0,,,Fine,Null,0
67716601,,573300,0.0,,0.0,2.0,,Null,2023/2024,BIDWILL STREET,BELL ROAD,,Non-Injury Crash,No,2023,,West,,0,,Hill Road,,,,,,Dark,2144900,0,0.0,0.0,2.0,,,0.0,,,,,,Wellington Region,Nil,2-way,Sealed,,0.0,0,,50.0,,On,0.0,0.0,,47,Wellington City,Give way,,,,,0.0,0.0,Urban,0.0,,,Light rain,Null,0
67716650,,577200,0.0,,0.0,2.0,,Null,2016/2017,CALEDONIA ST,KAURI ST,,Non-Injury Crash,No,2017,,West,,0,,Flat,,,,,,Dark,2207000,0,0.0,0.0,2.0,,,0.0,,,,,,Wellington Region,Nil,2-way,Sealed,,0.0,0,,50.0,,On,0.0,0.0,,47,Wellington City,Stop,,,,,0.0,0.0,Urban,0.0,,,Fine,Null,0
67716691,,574002,0.0,0.0,0.0,1.0,0.0,East,2017/2018,SH 1N,NIMT OBR,,Non-Injury Crash,Yes,2017,0.0,South,0.0,0,0.0,Hill Road,1.0,Christmas New Year,0.0,,0.0,Overcast,2078302,0,0.0,0.0,4.0,0.0,0.0,0.0,0.0,0.0,,0.0,0.0,Wellington Region,Motorway ramp,1-way,Sealed,0.0,0.0,0,0.0,100.0,0.0,Null,0.0,0.0,,47,Wellington City,Unknown,0.0,0.0,0.0,0.0,0.0,0.0,Open,0.0,0.0,0.0,Light rain,Null,0
67716697,,574402,0.0,,0.0,1.0,,Null,2023/2024,CROFTON ROAD,WAIKOWHAI STREET,,Non-Injury Crash,No,2023,,North,,0,,Flat,,,,,,Overcast,2098000,0,0.0,0.0,2.0,,,0.0,,,,,,Wellington Region,Nil,2-way,Sealed,,0.0,0,,50.0,,Off,0.0,0.0,,47,Wellington City,Give way,,,,,1.0,0.0,Urban,0.0,,,Fine,Null,0
67716722,,573101,0.0,,0.0,0.0,,Null,2023/2024,WAKEFIELD STREET,ALLEN STREET,,Minor Crash,No,2024,,West,,0,,Flat,,,,,,Overcast,2135700,1,0.0,0.0,3.0,,,0.0,,,,,,Wellington Region,Nil,1-way,Sealed,,0.0,0,,50.0,,Off,1.0,1.0,,47,Wellington City,Nil,,,,,1.0,0.0,Urban,0.0,,,Fine,Null,0
67716759,,576500,0.0,,0.0,1.0,,Null,2015/2016,ADELAIDE ROAD,JOHN ST,,Non-Injury Crash,No,2016,,South,,0,,Flat,,,,,,Twilight,2148700,0,0.0,0.0,4.0,,,0.0,,,,,,Wellington Region,Nil,2-way,Sealed,,0.0,0,,50.0,,On,0.0,0.0,,47,Wellington City,Traffic Signals,,,,,0.0,0.0,Urban,1.0,,,Fine,Null,0
67716775,,577102,0.0,0.0,0.0,2.0,0.0,North,2017/2018,TAIAROA ST,TUKANAE ST,,Non-Injury Crash,No,2017,0.0,North,0.0,0,1.0,Flat,0.0,,0.0,,0.0,Bright sun,2215900,0,0.0,0.0,2.0,0.0,0.0,0.0,0.0,1.0,,0.0,0.0,Wellington Region,Nil,2-way,Sealed,0.0,0.0,0,0.0,50.0,0.0,Null,0.0,0.0,,47,Wellington City,Unknown,0.0,0.0,0.0,0.0,0.0,0.0,Urban,0.0,0.0,0.0,Fine,Null,0
67716786,,573700,0.0,0.0,0.0,1.0,0.0,South,2018/2019,SH 1N,HELSTON OBR,,Minor Crash,Yes,2018,0.0,North,0.0,0,0.0,Flat,1.0,,0.0,,0.0,Overcast,2082800,1,0.0,0.0,2.0,0.0,0.0,0.0,0.0,0.0,,0.0,0.0,Wellington Region,Motorway ramp,1-way,Sealed,0.0,0.0,0,0.0,100.0,0.0,Null,0.0,0.0,,47,Wellington City,Unknown,0.0,0.0,0.0,0.0,1.0,0.0,Open,0.0,0.0,0.0,Fine,Strong wind,0
67716821,,573000,0.0,,0.0,2.0,,Null,2023/2024,GHUZNEE STREET,WILLIS STREET,,Non-Injury Crash,No,2023,,East,,0,,Flat,,,,,,Dark,2129700,0,0.0,0.0,2.0,,,0.0,,,,,,Wellington Region,Nil,2-way,Sealed,,0.0,0,,50.0,,On,0.0,1.0,,47,Wellington City,Traffic Signals,,,,,0.0,0.0,Urban,0.0,,,Fine,Null,0
67716839,,575600,0.0,0.0,0.0,2.0,0.0,South,2023/2024,WASHINGTON AVENUE,HEATON TERRACE,,Non-Injury Crash,No,2023,0.0,North,0.0,0,0.0,Hill Road,0.0,,0.0,,0.0,Dark,2162100,0,0.0,0.0,2.0,0.0,0.0,0.0,0.0,1.0,,0.0,0.0,Wellington Region,Nil,2-way,Sealed,0.0,0.0,0,0.0,50.0,0.0,On,0.0,0.0,,47,Wellington City,Nil,0.0,0.0,0.0,0.0,0.0,0.0,Urban,0.0,0.0,0.0,Light rain,Null,0
67716846,,573903,0.0,,0.0,2.0,,East,2017/2018,STEWART DRIVE,PRITCHARD ST,,Non-Injury Crash,No,2017,,West,,0,,Hill Road,,,,,,Overcast,2073800,0,0.0,0.0,2.0,,,0.0,,,,,,Wellington Region,Nil,2-way,Sealed,,0.0,0,,50.0,,Null,0.0,0.0,,47,Wellington City,Unknown,,,,,0.0,0.0,Urban,0.0,,,Fine,Null,0
67716856,,573300,0.0,,1.0,2.0,,South,2015/2016,ADELAIDE ROAD,DOUGLAS ST,,Minor Crash,No,2016,,North,,0,,Flat,,,,,,Overcast,2146100,1,0.0,0.0,4.0,,,0.0,,,,,,Wellington Region,Nil,2-way,Sealed,,0.0,0,,50.0,,Null,1.0,0.0,,47,Wellington City,Unknown,,,,,0.0,0.0,Urban,0.0,,,Fine,Null,0
67716893,,574302,0.0,0.0,0.0,2.0,0.0,Null,2022/2023,CASHMERE AVENUE,IZARD ROAD,,Non-Injury Crash,No,2022,0.0,North,0.0,0,0.0,Hill Road,0.0,,0.0,,0.0,Bright sun,2091300,0,0.0,0.0,2.0,0.0,0.0,0.0,0.0,1.0,,0.0,0.0,Wellington Region,Nil,2-way,Sealed,0.0,0.0,0,0.0,50.0,0.0,Off,0.0,0.0,,47,Wellington City,Give way,0.0,0.0,0.0,0.0,0.0,0.0,Urban,0.0,0.0,0.0,Fine,Null,0
67716950,,573000,0.0,,0.0,1.0,,Null,2016/2017,BOULCOTT ST,ATHOL CRESCENT,,Non-Injury Crash,No,2017,,North,,0,,Flat,,,,,,Overcast,2127600,0,0.0,0.0,2.0,,,0.0,,,,,,Wellington Region,Nil,2-way,Sealed,,0.0,0,,50.0,,Off,0.0,0.0,,47,Wellington City,Nil,,,,,0.0,0.0,Urban,1.0,,,Fine,Null,0
67716967,,574402,0.0,0.0,0.0,1.0,0.0,East,2022/2023,NGAIO GORGE ROAD,PERTH STREET,,Non-Injury Crash,No,2022,0.0,West,0.0,0,1.0,Hill Road,0.0,,0.0,,0.0,Dark,2098400,0,0.0,0.0,2.0,0.0,0.0,0.0,0.0,0.0,,0.0,0.0,Wellington Region,Nil,2-way,Sealed,0.0,0.0,0,0.0,50.0,0.0,On,0.0,0.0,,47,Wellington City,Nil,0.0,0.0,0.0,0.0,0.0,0.0,Urban,0.0,0.0,0.0,Fine,Null,0
67716995,,572900,0.0,0.0,0.0,1.0,1.0,Null,2022/2023,COTTLEVILLE TERRACE,GRANT ROAD,,Non-Injury Crash,No,2022,0.0,West,0.0,0,0.0,Hill Road,0.0,,0.0,,0.0,Dark,2117500,0,0.0,0.0,2.0,0.0,0.0,0.0,0.0,0.0,,0.0,0.0,Wellington Region,Nil,2-way,Sealed,0.0,0.0,0,0.0,50.0,0.0,On,0.0,0.0,,47,Wellington City,Nil,0.0,0.0,0.0,0.0,0.0,0.0,Urban,0.0,0.0,0.0,Light rain,Null,0
67717030,,573101,0.0,,1.0,0.0,,Null,2017/2018,MANNERS ST,CUBA ST,,Minor Crash,No,2017,,South,,0,,Flat,,,,,,Bright sun,2133300,1,0.0,0.0,2.0,,,0.0,,,1.0,,,Wellington Region,Nil,2-way,Sealed,,0.0,0,,30.0,,Null,0.0,0.0,,47,Wellington City,Nil,,,,,0.0,0.0,Urban,0.0,,,Fine,Null,0
67717051,,573700,0.0,,0.0,3.0,,North,2016/2017,SH 1N,JVILLE OBR,,Non-Injury Crash,Yes,2016,,North,,0,,Hill Road,,,,,,Bright sun,2083100,0,0.0,0.0,2.0,,,0.0,,,,,,Wellington Region,Nil,1-way,Sealed,,0.0,0,,80.0,,Null,0.0,0.0,,47,Wellington City,Unknown,,,,,0.0,0.0,Open,0.0,,,Fine,Null,0
67717136,,575300,0.0,,0.0,1.0,,South,2017/2018,GLENMORE ST,KELBURN VIADUCT,,Minor Crash,No,2018,,East,,0,,Hill Road,,,,,,Overcast,2152600,1,0.0,0.0,2.0,,,0.0,,,,,,Wellington Region,Nil,2-way,Sealed,,0.0,0,,50.0,,Null,0.0,0.0,,47,Wellington City,Unknown,,,,,0.0,0.0,Urban,1.0,,,Heavy rain,Null,0
67717142,,574402,0.0,0.0,0.0,1.0,0.0,Null,2015/2016,KHANDALLAH ROAD,ACCESSWAY,,Non-Injury Crash,No,2015,0.0,West,0.0,0,1.0,Flat,0.0,,0.0,,0.0,Dark,2096300,0,0.0,0.0,2.0,0.0,0.0,0.0,0.0,0.0,,0.0,0.0,Wellington Region,Nil,2-way,Sealed,0.0,0.0,0,0.0,50.0,0.0,On,0.0,0.0,,47,Wellington City,Nil,0.0,0.0,0.0,0.0,0.0,0.0,Urban,0.0,0.0,0.0,Light rain,Null,0