OBJECTID,advisorySpeed,areaUnitID,bicycle,bridge,bus,carStationWagon,cliffBank,crashDirectionDescription,crashFinancialYear,crashLocation1,crashLocation2,crashRoadSideRoad,crashSeverity,crashSHDescription,crashYear,debris,directionRoleDescription,ditch,fatalCount,fence,flatHill,guardRail,holiday,houseOrBuilding,intersection,kerb,light,meshblockId,minorInjuryCount,moped,motorcycle,NumberOfLanes,objectThrownOrDropped,otherObject,otherVehicleType,overBank,parkedVehicle,pedestrian,phoneBoxEtc,postOrPole,region,roadCharacter,roadLane,roadSurface,roadworks,schoolBus,seriousInjuryCount,slipOrFlood,speedLimit,strayAnimal,streetLight,suv,taxi,temporarySpeedLimit,tlaId,tlaName,trafficControl,trafficIsland,trafficSign,train,tree,truck,unknownVehicleType,urban,vanOrUtility,vehicle,waterRiver,weatherA,weatherB,if_pandemic
67717211,,573525,0.0,0.0,0.0,1.0,0.0,Null,2022/2023,TAKAPU ROAD,JAMAICA DRIVE,,Non-Injury Crash,No,2023,0.0,North,0.0,0,0.0,Flat,0.0,,0.0,,1.0,Overcast,2053829,0,0.0,0.0,2.0,0.0,0.0,0.0,0.0,0.0,,0.0,0.0,Wellington Region,Nil,2-way,Sealed,0.0,0.0,0,0.0,70.0,0.0,Off,0.0,0.0,,47,Wellington City,Give way,0.0,0.0,0.0,0.0,1.0,0.0,Urban,0.0,0.0,0.0,Fine,Null,0
67717212,,573801,0.0,0.0,0.0,2.0,0.0,East,2018/2019,HELSTON ROAD,ROKEWA WAY,,Minor Crash,No,2018,0.0,East,0.0,0,0.0,Flat,0.0,Christmas New Year,0.0,,0.0,Bright sun,2078800,1,0.0,0.0,2.0,0.0,0.0,0.0,0.0,1.0,,0.0,0.0,Wellington Region,Nil,2-way,Sealed,0.0,0.0,0,0.0,50.0,0.0,Null,0.0,0.0,,47,Wellington City,Unknown,0.0,0.0,0.0,0.0,0.0,0.0,Urban,0.0,0.0,0.0,Fine,Null,0
67717260,,576700,0.0,0.0,0.0,0.0,0.0,South,2016/2017,GRAFTON ROAD,THE CRESCENT,,Non-Injury Crash,No,2017,0.0,South,0.0,0,0.0,Flat,0.0,Easter,0.0,,0.0,Overcast,2185900,0,1.0,0.0,2.0,0.0,0.0,0.0,0.0,1.0,,0.0,0.0,Wellington Region,Nil,2-way,Sealed,0.0,0.0,0,0.0,50.0,0.0,Null,0.0,0.0,,47,Wellington City,Nil,0.0,0.0,0.0,0.0,0.0,0.0,Urban,1.0,0.0,0.0,Fine,Null,0
67717268,,575300,0.0,0.0,0.0,1.0,0.0,North,2016/2017,PLUNKET ST,FAIRVIEW CRESCENT,,Non-Injury Crash,No,2017,0.0,South,0.0,0,0.0,Hill Road,0.0,,0.0,,0.0,Bright sun,2152100,0,0.0,0.0,2.0,0.0,0.0,0.0,0.0,1.0,,0.0,0.0,Wellington Region,Nil,2-way,Sealed,0.0,0.0,0,0.0,50.0,0.0,Null,1.0,0.0,,47,Wellington City,Stop,0.0,0.0,0.0,0.0,0.0,0.0,Urban,0.0,0.0,0.0,Fine,Null,0
67717278,,573523,0.0,,0.0,1.0,,Null,2016/2017,GRENADA DRIVE,CHURTON PARK OFF SBD,,Non-Injury Crash,No,2016,,East,,0,,Flat,,,,,,Bright sun,2086310,0,0.0,0.0,1.0,,,0.0,,,,,,Wellington Region,Motorway ramp,1-way,Sealed,,0.0,0,,50.0,,Null,1.0,0.0,,47,Wellington City,Stop,,,,,0.0,0.0,Urban,0.0,,,Fine,Null,0
67717296,,573000,0.0,,0.0,2.0,,Null,2017/2018,TERRACE OFF SBD,THE TERRACE,,Non-Injury Crash,Yes,2017,,East,,0,,Null,,,,,,Overcast,2124803,0,0.0,0.0,1.0,,,0.0,,,,,,Wellington Region,Nil,1-way,Sealed,,0.0,0,,50.0,,Null,0.0,0.0,,47,Wellington City,Traffic Signals,,,,,0.0,0.0,Urban,0.0,,,Fine,Null,0
67717326,,576903,0.0,,0.0,1.0,,Null,2015/2016,EVANS BAY PARADE,COBHAM DRIVE,,Non-Injury Crash,Yes,2016,,South,,0,,Flat,,,,,,Bright sun,2180200,0,0.0,0.0,2.0,,,0.0,,,,,,Wellington Region,Nil,2-way,Sealed,,0.0,0,,50.0,,Null,0.0,1.0,,47,Wellington City,Traffic Signals,,,,,0.0,0.0,Urban,1.0,,,Fine,Null,0
67717329,,573000,0.0,0.0,0.0,1.0,0.0,South,2021/2022,VICTORIA STREET,HUNTER STREET,,Non-Injury Crash,No,2022,0.0,South,0.0,0,0.0,Flat,0.0,,0.0,,0.0,Dark,2126000,0,0.0,0.0,2.0,0.0,0.0,0.0,0.0,1.0,,0.0,0.0,Wellington Region,Nil,1-way,Sealed,0.0,0.0,0,0.0,30.0,0.0,Null,0.0,0.0,,47,Wellington City,Nil,0.0,0.0,0.0,0.0,1.0,0.0,Urban,0.0,0.0,0.0,Fine,Null,0
67717463,,573802,0.0,0.0,0.0,2.0,0.0,North,2015/2016,PETHERICK CRESCENT,HELSTON ROAD,,Non-Injury Crash,No,2016,0.0,North,0.0,0,0.0,Flat,0.0,,0.0,,0.0,Bright sun,2079100,0,0.0,0.0,2.0,0.0,0.0,0.0,0.0,1.0,,0.0,0.0,Wellington Region,Nil,2-way,Sealed,0.0,0.0,0,0.0,50.0,0.0,Null,0.0,0.0,,47,Wellington City,Nil,0.0,0.0,0.0,0.0,0.0,0.0,Urban,0.0,0.0,0.0,Fine,Null,0
67717471,,573000,0.0,,0.0,1.0,,East,2015/2016,SALAMANCA ROAD,THE TERRACE,,Non-Injury Crash,No,2015,,East,,0,,Hill Road,,,,,,Bright sun,2126900,0,0.0,1.0,2.0,,,0.0,,,,,,Wellington Region,Nil,2-way,Sealed,,0.0,0,,50.0,,Null,0.0,0.0,,47,Wellington City,Traffic Signals,,,,,0.0,0.0,Urban,0.0,,,Fine,Null,0
67717525,,574600,0.0,0.0,0.0,2.0,0.0,South,2016/2017,BARNARD ST,SAR ST,,Non-Injury Crash,No,2016,0.0,South,0.0,0,0.0,Hill Road,0.0,,0.0,,0.0,Bright sun,2099100,0,0.0,0.0,2.0,0.0,0.0,0.0,0.0,1.0,,0.0,0.0,Wellington Region,Nil,2-way,Sealed,0.0,0.0,0,0.0,50.0,0.0,Null,0.0,0.0,,47,Wellington City,Unknown,0.0,0.0,0.0,0.0,0.0,0.0,Urban,0.0,0.0,0.0,Fine,Null,0
67717531,,573000,0.0,,0.0,1.0,,North,2015/2016,SH 1N,SOUTH PORTAL,,Non-Injury Crash,Yes,2016,,North,,0,,Flat,,,,,,Bright sun,2128200,0,0.0,0.0,4.0,,,0.0,,,,,,Wellington Region,Nil,2-way,Sealed,,0.0,0,,80.0,,Null,0.0,0.0,,47,Wellington City,Unknown,,,,,1.0,0.0,Open,0.0,,,Fine,Null,0
67717567,,573101,1.0,0.0,0.0,1.0,0.0,Null,2016/2017,TARANAKI ST,SH 1N,,Minor Crash,No,2017,0.0,South,0.0,0,0.0,Flat,0.0,,0.0,,0.0,Bright sun,2133800,1,0.0,0.0,4.0,0.0,0.0,0.0,0.0,0.0,,0.0,0.0,Wellington Region,Nil,2-way,Sealed,0.0,0.0,0,0.0,50.0,0.0,Null,0.0,0.0,,47,Wellington City,Traffic Signals,0.0,0.0,0.0,0.0,0.0,0.0,Urban,0.0,1.0,0.0,Fine,Null,0
67717569,,576903,0.0,,0.0,1.0,,Null,2016/2017,SH 1N,KILBIRNIE CRESCENT,,Non-Injury Crash,Yes,2016,,West,,0,,Flat,,,,,,Dark,2180300,0,1.0,0.0,5.0,,,0.0,,,,,,Wellington Region,Nil,2-way,Sealed,,0.0,0,,50.0,,On,0.0,0.0,,47,Wellington City,Traffic Signals,,,,,0.0,0.0,Urban,0.0,,,Fine,Null,0
67717589,,573101,0.0,,0.0,0.0,,West,2016/2017,SH 1N,CUBA ST,,Minor Crash,Yes,2016,,West,,0,,Flat,,,,,,Overcast,2132500,1,0.0,1.0,2.0,,,0.0,,,1.0,,,Wellington Region,Nil,1-way,Sealed,,0.0,0,,50.0,,Null,0.0,0.0,,47,Wellington City,Unknown,,,,,0.0,0.0,Urban,0.0,,,Fine,Null,0
67717630,,576901,0.0,,0.0,2.0,,Null,2017/2018,TROY ST,SH 1N,,Non-Injury Crash,Yes,2017,,East,,0,,Flat,,,,,,Dark,2176800,0,0.0,0.0,2.0,,,0.0,,,,,,Wellington Region,Nil,1-way,Sealed,,0.0,0,,70.0,,Off,0.0,0.0,,47,Wellington City,Give way,,,,,0.0,0.0,Urban,0.0,,,Fine,Null,0
67717641,,572600,0.0,0.0,0.0,2.0,0.0,Null,2015/2016,MAIN ROAD,CAMBRIDGE ST,,Non-Injury Crash,No,2016,0.0,South,0.0,0,1.0,Flat,0.0,,0.0,,0.0,Dark,1988500,0,0.0,0.0,2.0,0.0,0.0,0.0,0.0,0.0,,0.0,0.0,Wellington Region,Nil,2-way,Sealed,0.0,0.0,0,0.0,50.0,0.0,On,0.0,0.0,,47,Wellington City,Give way,0.0,0.0,0.0,0.0,0.0,0.0,Urban,0.0,0.0,0.0,Fine,Null,0
67717648,,573700,0.0,,0.0,1.0,,North,2016/2017,SH 1N,JVILLE OBR,,Non-Injury Crash,Yes,2017,,North,,0,,Flat,,,,,,Overcast,2083100,0,0.0,0.0,2.0,,,0.0,,,,,,Wellington Region,Nil,1-way,Sealed,,0.0,0,,100.0,,Null,0.0,0.0,,47,Wellington City,Unknown,,,,,1.0,0.0,Open,0.0,,,Null,Null,0
67717651,,574002,0.0,,0.0,3.0,,East,2015/2016,SH 2,RAILYARD ENTRY,,Non-Injury Crash,Yes,2016,,West,,0,,Flat,,,,,,Bright sun,2078302,0,0.0,0.0,2.0,,,0.0,,,,,,Wellington Region,Nil,1-way,Sealed,,0.0,0,,100.0,,Null,0.0,0.0,,47,Wellington City,Unknown,,,,,0.0,0.0,Open,0.0,,,Fine,Null,0
67717656,,574500,0.0,,0.0,1.0,,North,2017/2018,SH 1N,AOTEA OFF SBD,,Non-Injury Crash,Yes,2017,,South,,0,,Flat,,,,,,Overcast,2093500,0,0.0,0.0,3.0,,,0.0,,,,,,Wellington Region,Nil,1-way,Sealed,,0.0,0,,100.0,,Null,0.0,0.0,,47,Wellington City,Unknown,,,,,0.0,0.0,Open,1.0,,,Fine,Null,0
67717661,,574304,0.0,,0.0,2.0,,East,2015/2016,ONSLOW ROAD,MANDALAY TERRACE,,Non-Injury Crash,No,2016,,East,,0,,Hill Road,,,,,,Bright sun,2089803,0,0.0,0.0,2.0,,,0.0,,,,,,Wellington Region,Nil,2-way,Sealed,,0.0,0,,50.0,,Null,0.0,0.0,,47,Wellington City,Unknown,,,,,0.0,0.0,Urban,0.0,,,Fine,Null,0
67717706,,572900,0.0,0.0,0.0,2.0,0.0,Null,2017/2018,HARRIETT ST,PITARUA ST,,Non-Injury Crash,No,2017,0.0,South,0.0,0,0.0,Hill Road,0.0,,0.0,,0.0,Dark,2123100,0,0.0,0.0,2.0,0.0,0.0,0.0,0.0,1.0,,0.0,0.0,Wellington Region,Nil,2-way,Sealed,0.0,0.0,0,0.0,50.0,0.0,On,0.0,0.0,,47,Wellington City,Give way,0.0,0.0,0.0,0.0,0.0,0.0,Urban,0.0,0.0,0.0,Fine,Null,0
67717741,,574900,0.0,0.0,0.0,2.0,0.0,Null,2015/2016,KARORI ROAD,BEAUCHAMP ST,,Non-Injury Crash,No,2015,0.0,East,0.0,0,0.0,Flat,0.0,,0.0,,0.0,Bright sun,2109000,0,0.0,0.0,2.0,0.0,0.0,0.0,0.0,1.0,,0.0,0.0,Wellington Region,Nil,2-way,Sealed,0.0,0.0,0,0.0,50.0,0.0,Null,0.0,0.0,,47,Wellington City,Nil,0.0,0.0,0.0,0.0,0.0,0.0,Urban,0.0,0.0,0.0,Fine,Null,0
67717746,,576301,0.0,,0.0,3.0,,Null,2016/2017,RIDDIFORD ST,HOSPITAL MAIN DRIVE,,Non-Injury Crash,No,2017,,North,,0,,Flat,,,,,,Overcast,2163500,0,0.0,0.0,4.0,,,0.0,,,,,,Wellington Region,Nil,2-way,Sealed,,0.0,0,,50.0,,Null,0.0,0.0,,47,Wellington City,Traffic Signals,,,,,0.0,0.0,Urban,0.0,,,Light rain,Strong wind,0
67717768,,573101,0.0,,0.0,0.0,,Null,2017/2018,SH 1N,CUBA ST,,Serious Crash,Yes,2018,,West,,0,,Flat,,,,,,Overcast,2132600,0,0.0,0.0,3.0,,,0.0,,,1.0,,,Wellington Region,Nil,1-way,Sealed,,0.0,1,,50.0,,Null,1.0,0.0,,47,Wellington City,Traffic Signals,,,,,0.0,0.0,Urban,0.0,,,Fine,Null,0
67717770,,573101,0.0,,0.0,2.0,,Null,2018/2019,KENT TERRACE,PIRIE ST,,Minor Crash,Yes,2018,,South,,0,,Flat,,,,,,Bright sun,2136700,1,0.0,0.0,4.0,,,0.0,,,,,,Wellington Region,Nil,1-way,Sealed,,0.0,0,,50.0,,Null,0.0,0.0,,47,Wellington City,Traffic Signals,,,,,0.0,0.0,Urban,0.0,,,Fine,Null,0
67717807,,574900,0.0,,0.0,0.0,,Null,2016/2017,KARORI ROAD,RICHMOND AVENUE,,Minor Crash,No,2016,,West,,0,,Flat,,,,,,Dark,2109900,1,0.0,1.0,2.0,,,0.0,,,,,,Wellington Region,Nil,2-way,Sealed,,0.0,0,,50.0,,On,1.0,0.0,,47,Wellington City,Stop,,,,,0.0,0.0,Urban,0.0,,,Null,Null,0
67717861,,573700,0.0,,0.0,0.0,,East,2016/2017,DISRAELI ST,JOHNSONVILLE ROAD,,Minor Crash,No,2017,,West,,0,,Flat,,,,,,Dark,2083100,1,0.0,0.0,2.0,,,0.0,,,1.0,,,Wellington Region,Nil,2-way,Sealed,,0.0,0,,50.0,,On,0.0,0.0,,47,Wellington City,Unknown,,,,,0.0,0.0,Urban,1.0,,,Fine,Null,0
67717870,,576500,0.0,,0.0,2.0,,North,2016/2017,ADELAIDE ROAD,ALFRED ST,,Non-Injury Crash,No,2017,,North,,0,,Flat,,,,,,Overcast,2147900,0,0.0,0.0,4.0,,,0.0,,,,,,Wellington Region,Nil,2-way,Sealed,,0.0,0,,50.0,,Null,0.0,0.0,,47,Wellington City,Nil,,,,,0.0,0.0,Urban,0.0,,,Fine,Null,0
67717917,,574703,0.0,0.0,0.0,1.0,0.0,West,2015/2016,BEDFORD ST,ORANGI KAUPAPA ROAD,,Non-Injury Crash,No,2016,0.0,East,0.0,0,1.0,Flat,0.0,,0.0,,0.0,Overcast,2103001,0,0.0,0.0,2.0,0.0,0.0,0.0,0.0,0.0,,0.0,0.0,Wellington Region,Nil,2-way,Sealed,0.0,0.0,0,0.0,50.0,0.0,Null,0.0,0.0,,47,Wellington City,Nil,0.0,0.0,0.0,0.0,0.0,0.0,Urban,0.0,0.0,0.0,Light rain,Null,0
67717946,,573000,1.0,,1.0,0.0,,North,2018/2019,FEATHERSTON ST,PANAMA ST,,Serious Crash,No,2018,,South,,0,,Flat,,,,,,Overcast,2125800,0,0.0,0.0,2.0,,,0.0,,,,,,Wellington Region,Nil,1-way,Sealed,,0.0,1,,50.0,,Null,0.0,0.0,,47,Wellington City,Traffic Signals,,,,,0.0,0.0,Urban,0.0,,,Fine,Null,0
67717974,,573000,0.0,0.0,0.0,1.0,0.0,Null,2016/2017,SH 1N,WILLIS ST,,Non-Injury Crash,Yes,2017,0.0,East,0.0,0,0.0,Hill Road,0.0,,0.0,,0.0,Dark,2129700,0,0.0,0.0,2.0,0.0,0.0,0.0,0.0,0.0,,0.0,1.0,Wellington Region,Motorway ramp,1-way,Sealed,0.0,0.0,0,0.0,50.0,0.0,On,0.0,0.0,,47,Wellington City,Traffic Signals,0.0,0.0,0.0,0.0,0.0,0.0,Urban,1.0,0.0,0.0,Fine,Null,0
67717986,,576901,0.0,,0.0,1.0,,Null,2017/2018,ONEPU ROAD,COUTTS ST,,Non-Injury Crash,No,2017,,North,,0,,Flat,,,,,,Bright sun,2178200,0,0.0,0.0,3.0,,,0.0,,,,,,Wellington Region,Nil,2-way,Sealed,,0.0,0,,50.0,,Null,0.0,0.0,,47,Wellington City,Traffic Signals,,,,,1.0,0.0,Urban,0.0,,,Fine,Null,0
67718008,,573200,0.0,0.0,0.0,2.0,0.0,West,2016/2017,PALMER ST,WILLIS ST,,Non-Injury Crash,No,2017,0.0,East,0.0,0,0.0,Hill Road,0.0,,0.0,,0.0,Bright sun,2158000,0,0.0,0.0,2.0,0.0,0.0,0.0,0.0,1.0,,0.0,0.0,Wellington Region,Nil,2-way,Sealed,0.0,0.0,0,0.0,50.0,0.0,Null,0.0,0.0,,47,Wellington City,Unknown,0.0,0.0,0.0,0.0,0.0,0.0,Urban,0.0,0.0,0.0,Fine,Null,0
67718025,,573511,0.0,0.0,0.0,1.0,0.0,North,2016/2017,SH 1N,WESTCHESTER OBR NBD,,Non-Injury Crash,Yes,2016,0.0,North,0.0,0,0.0,Flat,1.0,,0.0,,0.0,Overcast,2086203,0,0.0,0.0,2.0,0.0,0.0,0.0,0.0,0.0,,0.0,0.0,Wellington Region,Nil,1-way,Sealed,0.0,0.0,0,0.0,100.0,0.0,Null,0.0,0.0,,47,Wellington City,Unknown,0.0,0.0,0.0,0.0,0.0,0.0,Open,0.0,0.0,0.0,Fine,Null,0
67718045,,576500,0.0,,1.0,0.0,,Null,2016/2017,SH 1N,ADELAIDE ROAD,,Non-Injury Crash,Yes,2016,,North,,0,,Flat,,,,,,Dark,2147900,0,0.0,0.0,2.0,,,0.0,,,,,,Wellington Region,Nil,2-way,Sealed,,0.0,0,,50.0,,On,0.0,0.0,,47,Wellington City,Traffic Signals,,,,,0.0,0.0,Urban,1.0,,,Fine,Null,0
67718057,,576400,0.0,,0.0,1.0,,Null,2015/2016,CONSTABLE ST,OWEN ST,,Non-Injury Crash,No,2016,,East,,0,,Hill Road,,,,,,Dark,2169101,0,0.0,0.0,2.0,,,0.0,,,,,,Wellington Region,Nil,2-way,Sealed,,0.0,0,,50.0,,On,1.0,0.0,,47,Wellington City,Traffic Signals,,,,,0.0,0.0,Urban,0.0,,,Light rain,Null,0
67718067,,573101,0.0,,0.0,1.0,,North,2017/2018,TARANAKI ST,JESSIE ST,,Minor Crash,No,2017,,North,,0,,Flat,,,,,,Bright sun,2133700,1,0.0,0.0,4.0,,,0.0,,,1.0,,,Wellington Region,Nil,2-way,Sealed,,0.0,0,,50.0,,Null,0.0,0.0,,47,Wellington City,Nil,,,,,0.0,0.0,Urban,0.0,,,Fine,Null,0
67718080,,573101,0.0,0.0,0.0,0.0,0.0,Null,2017/2018,TARANAKI ST,HALLEYS LANE,,Non-Injury Crash,No,2017,0.0,South,0.0,0,0.0,Flat,0.0,,1.0,,0.0,Dark,2133200,0,0.0,0.0,2.0,0.0,0.0,0.0,0.0,0.0,,0.0,0.0,Wellington Region,Nil,2-way,Sealed,0.0,0.0,0,0.0,50.0,0.0,On,0.0,0.0,,47,Wellington City,Nil,0.0,0.0,0.0,0.0,0.0,0.0,Urban,1.0,0.0,0.0,Fine,Null,0
67718081,,574200,0.0,0.0,0.0,1.0,0.0,East,2015/2016,BURMA ROAD,KOHIMA DRIVE,,Minor Crash,No,2016,0.0,East,0.0,0,0.0,Flat,0.0,,1.0,,1.0,Dark,2088000,2,0.0,0.0,2.0,0.0,0.0,0.0,0.0,0.0,,0.0,0.0,Wellington Region,Nil,2-way,Sealed,0.0,0.0,0,0.0,50.0,0.0,On,0.0,0.0,,47,Wellington City,Unknown,0.0,0.0,0.0,0.0,0.0,0.0,Urban,0.0,0.0,0.0,Fine,Null,0
67718093,,576301,1.0,,0.0,0.0,,North,2016/2017,RIDDIFORD ST,NORMANBY ST,,Minor Crash,No,2016,,North,,0,,Flat,,,,,,Bright sun,2165500,1,0.0,0.0,1.0,,,0.0,,,1.0,,,Wellington Region,Nil,2-way,Sealed,,0.0,0,,40.0,,Null,0.0,0.0,,47,Wellington City,Unknown,,,,,0.0,0.0,Urban,0.0,,,Fine,Null,0
67718170,,573511,0.0,0.0,0.0,1.0,0.0,North,2017/2018,SH 1N,CHURTON PARK ON NBD,,Serious Crash,Yes,2017,0.0,North,0.0,0,0.0,Flat,1.0,,0.0,,0.0,Overcast,2086203,0,0.0,0.0,2.0,0.0,0.0,0.0,0.0,0.0,,0.0,0.0,Wellington Region,Nil,1-way,Sealed,0.0,0.0,2,0.0,100.0,0.0,Null,0.0,0.0,,47,Wellington City,Unknown,0.0,0.0,0.0,0.0,0.0,0.0,Open,0.0,0.0,0.0,Light rain,Null,0
67718180,,576100,0.0,0.0,1.0,1.0,1.0,South,2016/2017,THE ESPLANADE,HOUGHTON BAY ROAD,,Non-Injury Crash,No,2017,0.0,North,0.0,0,0.0,Hill Road,0.0,,0.0,,0.0,Bright sun,2195800,0,0.0,0.0,2.0,0.0,0.0,0.0,0.0,0.0,,0.0,0.0,Wellington Region,Nil,2-way,Sealed,0.0,0.0,0,0.0,50.0,0.0,Null,0.0,0.0,,47,Wellington City,Unknown,0.0,0.0,0.0,0.0,0.0,0.0,Urban,0.0,0.0,0.0,Fine,Null,0
67718194,45.0,574304,0.0,0.0,0.0,2.0,1.0,North,2017/2018,MADRAS ST,DELHI CRESCENT,,Minor Crash,No,2017,0.0,North,0.0,0,1.0,Hill Road,0.0,,0.0,,0.0,Bright sun,2089001,1,0.0,0.0,1.0,0.0,0.0,0.0,0.0,0.0,,0.0,0.0,Wellington Region,Nil,2-way,Sealed,0.0,0.0,0,0.0,50.0,0.0,Null,0.0,0.0,,47,Wellington City,Nil,0.0,0.0,0.0,0.0,0.0,0.0,Urban,0.0,0.0,0.0,Fine,Null,0
67718204,,572900,0.0,,0.0,1.0,,South,2016/2017,WATERLOO QUAY,HINEMOA ST,,Non-Injury Crash,No,2017,,North,,0,,Flat,,,,,,Bright sun,2118400,0,0.0,0.0,2.0,,,0.0,,,,,,Wellington Region,Nil,1-way,Sealed,,0.0,0,,50.0,,Null,0.0,0.0,,47,Wellington City,Unknown,,,,,1.0,0.0,Urban,0.0,,,Fine,Null,0
67718239,,576301,0.0,0.0,0.0,2.0,0.0,South,2015/2016,ADELAIDE ROAD,TORQUAY TERRACE,,Non-Injury Crash,No,2016,1.0,South,0.0,0,0.0,Hill Road,0.0,,0.0,,0.0,Overcast,2164400,0,0.0,0.0,2.0,0.0,0.0,0.0,0.0,0.0,,0.0,0.0,Wellington Region,Nil,2-way,Sealed,0.0,0.0,0,0.0,50.0,0.0,Null,0.0,0.0,,47,Wellington City,Unknown,0.0,0.0,0.0,0.0,0.0,0.0,Urban,0.0,0.0,0.0,Light rain,Null,0
67718243,,574302,0.0,0.0,0.0,2.0,1.0,North,2015/2016,ONSLOW ROAD,HUTT ROAD,,Non-Injury Crash,No,2016,0.0,South,0.0,0,0.0,Hill Road,0.0,,0.0,,1.0,Dark,2090500,0,0.0,0.0,2.0,0.0,0.0,0.0,0.0,0.0,,0.0,0.0,Wellington Region,Nil,2-way,Sealed,0.0,0.0,0,0.0,50.0,0.0,On,0.0,0.0,,47,Wellington City,Unknown,0.0,0.0,0.0,0.0,0.0,0.0,Urban,0.0,0.0,0.0,Fine,Null,0
67718288,,572500,0.0,,0.0,1.0,,South,2017/2018,MAIN ROAD,REDWOOD AVENUE N,,Minor Crash,No,2017,,South,,0,,Flat,,,,,,Bright sun,1986300,1,0.0,0.0,2.0,,,0.0,,,,,,Wellington Region,Nil,2-way,Sealed,,0.0,0,,50.0,,Null,0.0,0.0,,47,Wellington City,Unknown,,,,,0.0,0.0,Urban,2.0,,,Fine,Null,0
67718362,,573700,0.0,0.0,0.0,1.0,0.0,South,2016/2017,IRONSIDE ROAD,ERRIS ST,,Non-Injury Crash,No,2017,0.0,West,0.0,0,0.0,Hill Road,0.0,,0.0,,0.0,Bright sun,2081501,0,0.0,0.0,2.0,0.0,0.0,0.0,0.0,1.0,,0.0,0.0,Wellington Region,Nil,2-way,Sealed,0.0,0.0,0,0.0,50.0,0.0,Null,0.0,0.0,,47,Wellington City,Unknown,0.0,0.0,0.0,0.0,0.0,0.0,Urban,1.0,0.0,0.0,Fine,Null,0
67718405,,573526,0.0,,0.0,2.0,,North,2015/2016,SH 2,SERVICE STN NTH,,Non-Injury Crash,Yes,2016,,North,,0,,Flat,,,,,,Bright sun,2077503,0,0.0,0.0,2.0,,,0.0,,,,,,Wellington Region,Nil,2-way,Sealed,,0.0,0,,100.0,,Null,0.0,0.0,,47,Wellington City,Unknown,,,,,0.0,0.0,Open,0.0,,,Fine,Null,0
67718411,,573522,0.0,,0.0,2.0,,Null,2015/2016,TAKAPU ROAD,TAWA OFF SBD,,Non-Injury Crash,No,2016,,South,,0,,Flat,,,,,,Bright sun,2053703,0,0.0,0.0,2.0,,,0.0,,,,,,Wellington Region,Motorway ramp,2-way,Sealed,,0.0,0,,50.0,,Null,0.0,0.0,,47,Wellington City,Stop,,,,,0.0,0.0,Urban,0.0,,,Fine,Null,0
67718439,,573400,0.0,,0.0,2.0,,North,2016/2017,Z WELLINGTON COLLEGE,OXFORD ST,,Minor Crash,No,2017,,South,,0,,Hill Road,,,,,,Bright sun,2143300,1,0.0,0.0,1.0,,,0.0,,,,,,Wellington Region,Nil,Off road,Sealed,,0.0,0,,20.0,,Null,0.0,0.0,,47,Wellington City,Stop,,,,,0.0,0.0,Urban,0.0,,,Fine,Null,0
67718544,,572900,0.0,,0.0,1.0,,Null,2016/2017,LAMBTON QUAY,BOWEN ST,,Non-Injury Crash,No,2017,,East,,0,,Flat,,,,,,Bright sun,2122400,0,0.0,0.0,4.0,,,0.0,,,,,,Wellington Region,Nil,2-way,Sealed,,0.0,0,,30.0,,Null,0.0,0.0,,47,Wellington City,Traffic Signals,,,,,0.0,0.0,Urban,1.0,,,Fine,Null,0
67718579,,574002,0.0,,0.0,1.0,,South,2016/2017,SH 2,NGAURANGA ON NBD OBR,,Non-Injury Crash,Yes,2016,,North,,0,,Flat,,,,,,Twilight,2078302,0,0.0,0.0,2.0,,,0.0,,,,,,Wellington Region,Bridge,1-way,Sealed,,0.0,0,,100.0,,On,1.0,0.0,70.0,47,Wellington City,Unknown,,,,,0.0,0.0,Open,0.0,,,Fine,Null,0
67718583,,573101,0.0,,0.0,2.0,,Null,2016/2017,SH 1N,TARANAKI ST,,Minor Crash,Yes,2017,,North,,0,,Flat,,,,,,Dark,2133800,1,0.0,0.0,2.0,,,0.0,,,,,,Wellington Region,Nil,1-way,Sealed,,0.0,0,,50.0,,On,0.0,0.0,,47,Wellington City,Traffic Signals,,,,,0.0,0.0,Urban,0.0,,,Fine,Null,0
67718628,,576500,0.0,,0.0,2.0,,North,2016/2017,RIDDIFORD ST,CHURCH AVENUE,,Non-Injury Crash,No,2017,,North,,0,,Flat,,,,,,Unknown,2148800,0,0.0,0.0,2.0,,,0.0,,,,,,Wellington Region,Nil,2-way,Sealed,,0.0,0,,50.0,,Off,0.0,0.0,,47,Wellington City,Nil,,,,,0.0,0.0,Urban,0.0,,,Null,Null,0
67718638,,574402,0.0,0.0,0.0,1.0,0.0,Null,2016/2017,OTTAWA ROAD,COLWAY ST,,Non-Injury Crash,No,2017,0.0,South,0.0,0,0.0,Hill Road,0.0,,0.0,,0.0,Bright sun,2096300,0,0.0,0.0,2.0,0.0,0.0,0.0,0.0,0.0,,0.0,0.0,Wellington Region,Nil,2-way,Sealed,0.0,0.0,0,0.0,50.0,0.0,Null,0.0,0.0,,47,Wellington City,Stop,0.0,1.0,0.0,0.0,0.0,0.0,Urban,0.0,0.0,0.0,Fine,Strong wind,0
67718664,,575300,0.0,0.0,0.0,2.0,0.0,North,2016/2017,CLERMONT TERRACE,EVERTON TERRACE,,Non-Injury Crash,No,2017,0.0,North,0.0,0,0.0,Hill Road,0.0,,0.0,,0.0,Bright sun,2153100,0,0.0,0.0,2.0,0.0,0.0,0.0,0.0,1.0,,0.0,0.0,Wellington Region,Nil,2-way,Sealed,0.0,0.0,0,0.0,50.0,0.0,Null,0.0,0.0,,47,Wellington City,Unknown,0.0,0.0,0.0,0.0,0.0,0.0,Urban,0.0,0.0,0.0,Fine,Null,0