OBJECTID,advisorySpeed,areaUnitID,bicycle,bridge,bus,carStationWagon,cliffBank,crashDirectionDescription,crashFinancialYear,crashLocation1,crashLocation2,crashRoadSideRoad,crashSeverity,crashSHDescription,crashYear,debris,directionRoleDescription,ditch,fatalCount,fence,flatHill,guardRail,holiday,houseOrBuilding,intersection,kerb,light,meshblockId,minorInjuryCount,moped,motorcycle,NumberOfLanes,objectThrownOrDropped,otherObject,otherVehicleType,overBank,parkedVehicle,pedestrian,phoneBoxEtc,postOrPole,region,roadCharacter,roadLane,roadSurface,roadworks,schoolBus,seriousInjuryCount,slipOrFlood,speedLimit,strayAnimal,streetLight,suv,taxi,temporarySpeedLimit,tlaId,tlaName,trafficControl,trafficIsland,trafficSign,train,tree,truck,unknownVehicleType,urban,vanOrUtility,vehicle,waterRiver,weatherA,weatherB,if_pandemic
67718685,,574001,0.0,0.0,0.0,3.0,0.0,North,2016/2017,NEWLANDS ROAD,WESTLEIGH WAY,,Minor Crash,No,2017,0.0,North,0.0,0,0.0,Flat,0.0,,0.0,,0.0,Overcast,2076200,1,0.0,0.0,2.0,0.0,0.0,0.0,0.0,1.0,,0.0,0.0,Wellington Region,Nil,2-way,Sealed,0.0,0.0,0,0.0,50.0,0.0,Null,0.0,0.0,,47,Wellington City,Unknown,0.0,0.0,0.0,0.0,0.0,0.0,Urban,0.0,0.0,0.0,Light rain,Null,0
67718693,,573000,0.0,,0.0,2.0,,North,2016/2017,SH 1N,NORTH PORTAL SBD,,Non-Injury Crash,Yes,2016,,South,,0,,Flat,,,,,,Dark,2126700,0,0.0,0.0,1.0,,,0.0,,,,,,Wellington Region,Nil,1-way,Sealed,,0.0,0,,70.0,,On,0.0,0.0,,47,Wellington City,Unknown,,,,,0.0,0.0,Urban,0.0,,,Null,Null,0
67718698,,572900,0.0,0.0,0.0,3.0,0.0,South,2016/2017,SH 1N,HOBSON ST OBR NBD,,Non-Injury Crash,Yes,2017,0.0,North,0.0,0,0.0,Flat,1.0,,0.0,,0.0,Overcast,2118500,0,0.0,0.0,3.0,0.0,0.0,0.0,0.0,0.0,,0.0,0.0,Wellington Region,Nil,1-way,Sealed,0.0,0.0,0,0.0,60.0,0.0,Null,0.0,0.0,,47,Wellington City,Unknown,0.0,0.0,0.0,0.0,0.0,0.0,Urban,0.0,0.0,0.0,Fine,Null,0
67718708,,576901,0.0,,0.0,2.0,,East,2016/2017,SH 1N,TROY ST,,Non-Injury Crash,Yes,2017,,East,,0,,Flat,,,,,,Bright sun,2176800,0,0.0,0.0,2.0,,,0.0,,,,,,Wellington Region,Nil,1-way,Sealed,,0.0,0,,70.0,,Null,0.0,0.0,,47,Wellington City,Unknown,,,,,0.0,0.0,Urban,0.0,,,Fine,Null,0
67718714,,574303,0.0,,0.0,2.0,,South,2016/2017,SH 1N,NEWLANDS OFF NBD,,Non-Injury Crash,Yes,2017,,North,,0,,Flat,,,,,,Overcast,2084302,0,0.0,0.0,4.0,,,0.0,,,,,,Wellington Region,Nil,1-way,Sealed,,0.0,0,,80.0,,Null,0.0,0.0,,47,Wellington City,Unknown,,,,,0.0,0.0,Open,0.0,,,Fine,Null,0
67718716,,573523,0.0,,0.0,2.0,,North,2017/2018,SH 1N,CHURTON PARK ON SBD,,Non-Injury Crash,Yes,2017,,South,,0,,Flat,,,,,,Bright sun,2086310,0,0.0,0.0,4.0,,,0.0,,,,,,Wellington Region,Nil,2-way,Sealed,,0.0,0,,100.0,,Null,0.0,0.0,,47,Wellington City,Unknown,,,,,0.0,0.0,Open,0.0,,,Fine,Null,0
67718734,,573526,0.0,,0.0,1.0,,West,2016/2017,SH 2,HOROKIWI ROAD,,Non-Injury Crash,Yes,2017,,West,,0,,Flat,,,,,,Overcast,2086403,0,0.0,0.0,2.0,,,0.0,,,,,,Wellington Region,Nil,1-way,Sealed,,0.0,0,,100.0,,Null,0.0,0.0,,47,Wellington City,Unknown,,,,,0.0,0.0,Open,1.0,,,Light rain,Null,0
67718793,,573526,0.0,,0.0,2.0,,West,2016/2017,SH 2,HOROKIWI ROAD,,Non-Injury Crash,Yes,2016,,South,,0,,Flat,,,,,,Overcast,2077503,0,0.0,0.0,2.0,,,0.0,,,,,,Wellington Region,Nil,1-way,Sealed,,0.0,0,,100.0,,Null,0.0,0.0,,47,Wellington City,Unknown,,,,,0.0,0.0,Open,0.0,,,Light rain,Null,0
67718828,,576400,0.0,0.0,0.0,3.0,0.0,South,2016/2017,MANSFIELD ST,HORNER ST,,Non-Injury Crash,No,2017,0.0,South,0.0,0,0.0,Flat,0.0,,0.0,,0.0,Overcast,2170300,0,0.0,0.0,2.0,0.0,0.0,0.0,0.0,1.0,,0.0,0.0,Wellington Region,Nil,2-way,Sealed,0.0,0.0,0,0.0,50.0,0.0,Null,0.0,0.0,,47,Wellington City,Unknown,0.0,0.0,0.0,0.0,0.0,0.0,Urban,0.0,0.0,0.0,Light rain,Null,0
67718876,,573522,0.0,,0.0,0.0,,North,2016/2017,SH 1N,TAWA ON SBD,,Non-Injury Crash,Yes,2017,,North,,0,,Flat,,,,,,Bright sun,2053703,0,0.0,0.0,2.0,,,0.0,,,,,,Wellington Region,Nil,1-way,Sealed,,0.0,0,,100.0,,Null,0.0,0.0,,47,Wellington City,Unknown,,,,,1.0,0.0,Open,1.0,,,Fine,Null,0
67718880,,574500,0.0,,0.0,1.0,,North,2017/2018,SH 1N,AOTEA OFF SBD,,Non-Injury Crash,Yes,2017,,South,,0,,Flat,,,,,,Overcast,2093600,0,0.0,0.0,6.0,,,0.0,,,,,,Wellington Region,Nil,2-way,Sealed,,0.0,0,,100.0,,Null,1.0,0.0,,47,Wellington City,Unknown,,,,,0.0,0.0,Open,0.0,,,Light rain,Null,0
67718883,,576901,0.0,,0.0,2.0,,Null,2015/2016,RONGOTAI ROAD,MAHORA ST,,Non-Injury Crash,No,2015,,East,,0,,Flat,,,,,,Bright sun,2176900,0,0.0,0.0,2.0,,,0.0,,,,,,Wellington Region,Nil,1-way,Sealed,,0.0,0,,50.0,,Null,0.0,0.0,,47,Wellington City,Give way,,,,,0.0,0.0,Urban,0.0,,,Fine,Null,0
67718890,,572900,0.0,,0.0,2.0,,Null,2017/2018,SH 1N,AOTEA OFF SBD,,Non-Injury Crash,Yes,2017,,South,,0,,Flat,,,,,,Overcast,2118400,0,0.0,0.0,3.0,,,0.0,,,,,,Wellington Region,Motorway ramp,1-way,Sealed,,0.0,0,,100.0,,Null,0.0,0.0,,47,Wellington City,Nil,,,,,0.0,0.0,Open,0.0,,,Null,Null,0
67718895,,573300,0.0,,0.0,1.0,,North,2015/2016,TARANAKI ST,HILL LANE,,Minor Crash,No,2016,,North,,0,,Flat,,,,,,Bright sun,2145300,1,0.0,0.0,2.0,,,0.0,,,1.0,,,Wellington Region,Nil,2-way,Sealed,,0.0,0,,50.0,,Null,0.0,0.0,,47,Wellington City,Nil,,,,,0.0,0.0,Urban,0.0,,,Fine,Null,0
67718959,,572900,1.0,,0.0,1.0,,Null,2016/2017,MOLESWORTH ST,TINAKORI ROAD,,Minor Crash,No,2016,,North,,0,,Flat,,,,,,Dark,2119300,1,0.0,0.0,4.0,,,0.0,,,,,,Wellington Region,Nil,2-way,Sealed,,0.0,0,,50.0,,On,0.0,0.0,,47,Wellington City,Traffic Signals,,,,,0.0,0.0,Urban,0.0,,,Fine,Null,0
67718987,,576100,0.0,0.0,0.0,0.0,0.0,West,2016/2017,HUNGERFORD ROAD,HOUGHTON BAY ROAD,,Minor Crash,No,2016,0.0,West,0.0,0,0.0,Hill Road,0.0,,0.0,,0.0,Bright sun,2195700,1,0.0,0.0,2.0,0.0,0.0,0.0,0.0,1.0,,0.0,0.0,Wellington Region,Nil,2-way,Sealed,0.0,0.0,0,0.0,50.0,0.0,Null,0.0,0.0,,47,Wellington City,Unknown,0.0,0.0,0.0,0.0,1.0,0.0,Urban,1.0,0.0,0.0,Fine,Null,0
67718993,,574600,0.0,0.0,0.0,0.0,0.0,North,2016/2017,SEFTON ST,ANNE ST,,Non-Injury Crash,No,2016,0.0,North,0.0,0,0.0,Hill Road,0.0,,0.0,,0.0,Overcast,2098800,0,0.0,0.0,2.0,0.0,0.0,0.0,0.0,1.0,,0.0,0.0,Wellington Region,Nil,2-way,Sealed,0.0,0.0,0,0.0,50.0,0.0,Null,1.0,0.0,,47,Wellington City,Unknown,0.0,0.0,0.0,0.0,0.0,0.0,Urban,1.0,0.0,0.0,Light rain,Null,0
67718995,,576800,0.0,,0.0,1.0,,West,2016/2017,SH 1N,TAURIMA ST,,Non-Injury Crash,Yes,2016,,West,,0,,Hill Road,,,,,,Bright sun,2181800,0,0.0,0.0,2.0,,,0.0,,,,,,Wellington Region,Nil,2-way,Sealed,,0.0,0,,50.0,,Null,1.0,0.0,,47,Wellington City,Unknown,,,,,0.0,0.0,Urban,0.0,,,Fine,Null,0
67718998,,576901,0.0,,0.0,1.0,,Null,2016/2017,COUTTS ST,ROSS ST,,Non-Injury Crash,No,2017,,North,,0,,Flat,,Easter,,,,Overcast,2178801,0,0.0,0.0,2.0,,,0.0,,,,,,Wellington Region,Nil,2-way,Sealed,,0.0,0,,50.0,,Null,0.0,0.0,,47,Wellington City,Give way,,,,,0.0,0.0,Urban,1.0,,,Fine,Null,0
67719004,,576700,0.0,0.0,0.0,2.0,0.0,South,2016/2017,GRAFTON ROAD,PALLISER ROAD,,Non-Injury Crash,No,2017,0.0,North,0.0,0,0.0,Flat,0.0,,0.0,,0.0,Bright sun,2185800,0,0.0,0.0,2.0,0.0,0.0,0.0,0.0,1.0,,0.0,0.0,Wellington Region,Nil,2-way,Sealed,0.0,0.0,0,0.0,50.0,0.0,Null,0.0,0.0,,47,Wellington City,Unknown,0.0,0.0,0.0,0.0,0.0,0.0,Urban,0.0,0.0,0.0,Fine,Null,0
67719046,,573000,0.0,,0.0,0.0,,Null,2017/2018,GHUZNEE ST,WILLIS ST,,Minor Crash,No,2017,,East,,0,,Flat,,,,,,Overcast,2130700,1,1.0,0.0,3.0,,,0.0,,,1.0,,,Wellington Region,Nil,2-way,Sealed,,0.0,0,,50.0,,Off,0.0,0.0,,47,Wellington City,Traffic Signals,,,,,0.0,0.0,Urban,0.0,,,Fine,Strong wind,0
67719102,,573700,0.0,,0.0,3.0,,North,2018/2019,JOHNSONVILLE ROAD,BRODERICK ROAD,,Minor Crash,No,2018,,South,,0,,Flat,,,,,,Overcast,2082800,2,0.0,0.0,4.0,,,0.0,,,,,,Wellington Region,Nil,2-way,Sealed,,0.0,0,,50.0,,Null,0.0,0.0,,47,Wellington City,Unknown,,,,,0.0,0.0,Urban,0.0,,,Fine,Null,0
67719127,,573000,0.0,,0.0,0.0,,North,2017/2018,FEATHERSTON ST,WHITMORE ST,,Minor Crash,No,2017,,South,,0,,Flat,,,,,,Bright sun,2124300,1,0.0,0.0,3.0,,,0.0,,,1.0,,,Wellington Region,Nil,1-way,Sealed,,0.0,0,,50.0,,Null,0.0,0.0,,47,Wellington City,Unknown,,,,,0.0,0.0,Urban,1.0,,,Fine,Null,0
67719130,,574002,0.0,0.0,0.0,0.0,0.0,North,2017/2018,GLOVER ST,SLIP ROAD,,Non-Injury Crash,No,2017,0.0,West,0.0,0,0.0,Hill Road,0.0,,0.0,,0.0,Bright sun,2078302,0,0.0,0.0,2.0,0.0,0.0,0.0,0.0,1.0,,0.0,0.0,Wellington Region,Nil,2-way,Sealed,0.0,0.0,0,0.0,50.0,0.0,Null,1.0,0.0,,47,Wellington City,Nil,0.0,0.0,0.0,0.0,1.0,0.0,Urban,0.0,0.0,0.0,Fine,Null,0
67719145,,576400,0.0,,0.0,2.0,,South,2016/2017,RIDDIFORD ST,CONSTABLE ST,,Non-Injury Crash,No,2016,,North,,0,,Flat,,,,,,Bright sun,2168400,0,0.0,0.0,2.0,,,0.0,,,,,,Wellington Region,Nil,2-way,Sealed,,0.0,0,,40.0,,Null,0.0,0.0,,47,Wellington City,Unknown,,,,,0.0,0.0,Urban,0.0,,,Fine,Null,0
67719207,,573000,0.0,0.0,0.0,0.0,0.0,South,2016/2017,SH 1N,AURORA TERRACE OBR,,Non-Injury Crash,Yes,2016,0.0,North,0.0,0,0.0,Flat,1.0,,0.0,,0.0,Bright sun,2124900,0,0.0,0.0,3.0,0.0,0.0,0.0,0.0,0.0,,0.0,0.0,Wellington Region,Nil,1-way,Sealed,0.0,0.0,0,0.0,100.0,0.0,Null,0.0,0.0,,47,Wellington City,Unknown,0.0,0.0,0.0,0.0,0.0,0.0,Open,1.0,0.0,0.0,Fine,Null,0
67719215,,573600,0.0,,0.0,1.0,,North,2015/2016,SH 1N,JOHNSONVILLE ON NBD,,Non-Injury Crash,Yes,2016,,North,,0,,Flat,,,,,,Overcast,2081200,0,0.0,0.0,4.0,,,0.0,,,,,,Wellington Region,Nil,2-way,Sealed,,0.0,0,,100.0,,Null,0.0,0.0,,47,Wellington City,Unknown,,,,,0.0,0.0,Open,1.0,,,Fine,Null,0
67719245,,577500,0.0,,1.0,0.0,,Null,2016/2017,MONRO ST,LUDLAM ST,,Non-Injury Crash,No,2017,,South,,0,,Hill Road,,,,,,Bright sun,2211200,0,0.0,0.0,2.0,,,0.0,,,,,,Wellington Region,Nil,2-way,Sealed,,0.0,0,,50.0,,Null,0.0,0.0,,47,Wellington City,Give way,,,,,1.0,0.0,Urban,0.0,,,Fine,Null,0
67719247,,573000,0.0,,1.0,2.0,,North,2017/2018,WATERLOO QUAY,WHITMORE ST,,Minor Crash,No,2017,,South,,0,,Flat,,,,,,Bright sun,2124300,2,0.0,0.0,5.0,,,0.0,,,,,,Wellington Region,Nil,2-way,Sealed,,0.0,0,,50.0,,Null,1.0,0.0,,47,Wellington City,Unknown,,,,,0.0,0.0,Urban,0.0,,,Fine,Strong wind,0
67719252,,576500,0.0,,0.0,1.0,,East,2017/2018,SH 1N,ADELAIDE ROAD,,Non-Injury Crash,Yes,2017,,West,,0,,Flat,,,,,,Bright sun,2148000,0,0.0,0.0,4.0,,,0.0,,,,,,Wellington Region,Nil,1-way,Sealed,,0.0,0,,50.0,,Null,1.0,0.0,,47,Wellington City,Traffic Signals,,,,,0.0,0.0,Urban,0.0,,,Fine,Null,0
67719269,,577500,0.0,,1.0,0.0,,Null,2016/2017,MONRO ST,LUDLAM ST,,Non-Injury Crash,No,2017,,South,,0,,Flat,,,,,,Overcast,2211200,0,0.0,0.0,2.0,,,0.0,,,,,,Wellington Region,Nil,2-way,Sealed,,0.0,0,,50.0,,Null,0.0,0.0,,47,Wellington City,Give way,,,,,0.0,0.0,Urban,1.0,,,Light rain,Null,0
67719330,,573000,0.0,0.0,0.0,2.0,0.0,West,2016/2017,PANAMA ST,FEATHERSTON ST,,Non-Injury Crash,No,2017,0.0,East,0.0,0,0.0,Flat,0.0,,0.0,,0.0,Bright sun,2125700,0,0.0,0.0,1.0,0.0,0.0,0.0,0.0,1.0,,0.0,0.0,Wellington Region,Nil,1-way,Sealed,0.0,0.0,0,0.0,50.0,0.0,Null,0.0,0.0,,47,Wellington City,Unknown,0.0,0.0,0.0,0.0,0.0,0.0,Urban,0.0,0.0,0.0,Null,Null,0
67719404,,573525,0.0,,0.0,1.0,,South,2016/2017,TAWA OFF SBD,SH 1N,,Non-Injury Crash,Yes,2017,,South,,0,,Flat,,,,,,Overcast,2053830,0,0.0,0.0,2.0,,,0.0,,,,,,Wellington Region,Nil,2-way,Sealed,,0.0,0,,50.0,,Null,0.0,0.0,,47,Wellington City,Unknown,,,,,0.0,0.0,Urban,1.0,,,Fine,Null,0
67719468,,576302,0.0,0.0,0.0,0.0,0.0,North,2017/2018,RUSSELL TERRACE,EDINBURGH TERRACE,,Non-Injury Crash,No,2017,0.0,South,0.0,0,0.0,Hill Road,0.0,,0.0,,0.0,Dark,2166400,0,0.0,0.0,2.0,0.0,0.0,0.0,0.0,0.0,,0.0,0.0,Wellington Region,Nil,2-way,Sealed,0.0,0.0,0,0.0,50.0,0.0,On,1.0,0.0,,47,Wellington City,Nil,0.0,1.0,0.0,0.0,0.0,0.0,Urban,0.0,0.0,0.0,Light rain,Null,0
67719481,,576903,0.0,,0.0,1.0,,South,2016/2017,CHILDERS TERRACE,CRAWFORD ROAD,,Non-Injury Crash,No,2016,,South,,0,,Flat,,,,,,Dark,2179200,0,0.0,0.0,2.0,,,0.0,,,,,,Wellington Region,Nil,2-way,Sealed,,0.0,0,,50.0,,On,1.0,0.0,,47,Wellington City,Nil,,,,,0.0,0.0,Urban,0.0,,,Heavy rain,Strong wind,0
67719510,,572900,0.0,,0.0,2.0,,North,2017/2018,SH 1N,MAY ON NBD,,Non-Injury Crash,Yes,2017,,North,,0,,Flat,,,,,,Bright sun,2118500,0,0.0,0.0,3.0,,,0.0,,,,,,Wellington Region,Motorway ramp,1-way,Sealed,,0.0,0,,100.0,,Null,0.0,0.0,60.0,47,Wellington City,Unknown,,,,,0.0,0.0,Open,0.0,,,Fine,Null,0
67719533,,573300,0.0,0.0,0.0,2.0,0.0,West,2015/2016,HANKEY ST,HOPPER ST,,Non-Injury Crash,No,2016,0.0,North,0.0,0,0.0,Flat,0.0,,0.0,,0.0,Dark,2144900,0,0.0,0.0,2.0,0.0,0.0,0.0,0.0,1.0,,0.0,0.0,Wellington Region,Nil,2-way,Sealed,0.0,0.0,0,0.0,50.0,0.0,On,0.0,0.0,,47,Wellington City,Unknown,0.0,0.0,0.0,0.0,0.0,0.0,Urban,0.0,0.0,0.0,Light rain,Null,0
67719541,,573200,0.0,,0.0,2.0,,East,2016/2017,BROOKLYN ROAD,OHIRO ROAD,,Non-Injury Crash,No,2017,,West,,0,,Hill Road,,,,,,Bright sun,2159300,0,0.0,0.0,2.0,,,0.0,,,,,,Wellington Region,Nil,2-way,Sealed,,0.0,0,,50.0,,Null,0.0,0.0,,47,Wellington City,Unknown,,,,,0.0,0.0,Urban,0.0,,,Fine,Null,0
67719576,,573700,0.0,,0.0,2.0,,South,2017/2018,JOHNSONVILLE ROAD,NORMAN LANE,,Non-Injury Crash,No,2017,,West,,0,,Flat,,,,,,Overcast,2082800,0,0.0,0.0,2.0,,,0.0,,,,,,Wellington Region,Nil,2-way,Sealed,,0.0,0,,50.0,,Null,0.0,0.0,,47,Wellington City,Nil,,,,,0.0,0.0,Urban,0.0,,,Null,Null,0
67719592,,573101,0.0,0.0,0.0,2.0,0.0,Null,2017/2018,GHUZNEE ST,VICTORIA ST,,Non-Injury Crash,No,2017,0.0,East,0.0,0,0.0,Hill Road,0.0,,0.0,,0.0,Bright sun,2131700,0,0.0,1.0,4.0,0.0,0.0,0.0,0.0,0.0,,0.0,0.0,Wellington Region,Nil,2-way,Sealed,0.0,0.0,0,0.0,50.0,0.0,Null,0.0,0.0,,47,Wellington City,Traffic Signals,0.0,0.0,0.0,0.0,0.0,0.0,Urban,0.0,1.0,0.0,Fine,Null,0
67719636,,574702,0.0,0.0,0.0,2.0,0.0,South,2016/2017,GLOUCESTER ST,HEREFORD ST,,Non-Injury Crash,No,2017,0.0,North,0.0,0,0.0,Hill Road,0.0,,0.0,,0.0,Dark,2103200,0,0.0,0.0,2.0,0.0,0.0,0.0,0.0,1.0,,0.0,0.0,Wellington Region,Nil,2-way,Sealed,0.0,0.0,0,0.0,50.0,0.0,On,0.0,0.0,,47,Wellington City,Unknown,0.0,0.0,0.0,0.0,0.0,0.0,Urban,0.0,0.0,0.0,Null,Null,0
67719655,,573300,0.0,,0.0,0.0,,North,2017/2018,WALLACE ST,FINLAY TERRACE,,Minor Crash,No,2017,,South,,0,,Hill Road,,,,,,Dark,2146700,1,0.0,1.0,2.0,,,0.0,,,1.0,,,Wellington Region,Nil,2-way,Sealed,,0.0,0,,50.0,,On,0.0,0.0,30.0,47,Wellington City,Give way,,,,,0.0,0.0,Urban,0.0,,,Heavy rain,Null,0
67719664,,573000,0.0,,0.0,2.0,,West,2016/2017,HUNTER ST,CUSTOMHOUSE QUAY,,Non-Injury Crash,No,2017,,West,,0,,Flat,,,,,,Bright sun,2125800,0,0.0,0.0,2.0,,,0.0,,,,,,Wellington Region,Nil,1-way,Sealed,,0.0,0,,50.0,,Null,0.0,0.0,,47,Wellington City,Unknown,,,,,0.0,0.0,Urban,0.0,,,Null,Null,0
67719685,,573300,0.0,,0.0,2.0,,West,2016/2017,BIDWILL ST,WALLACE ST,,Non-Injury Crash,No,2016,,West,,0,,Hill Road,,,,,,Dark,2145100,0,0.0,0.0,2.0,,,0.0,,,,,,Wellington Region,Nil,2-way,Sealed,,0.0,0,,50.0,,On,0.0,0.0,,47,Wellington City,Unknown,,,,,0.0,0.0,Urban,0.0,,,Mist or Fog,Null,0
67719700,,572500,0.0,,0.0,0.0,,Null,2016/2017,MAIN ROAD,TAWA ST,,Non-Injury Crash,No,2017,,North,,0,,Flat,,,,,,Bright sun,1986300,0,1.0,0.0,1.0,,,0.0,,,,,,Wellington Region,Nil,1-way,Sealed,,0.0,0,,50.0,,Null,1.0,0.0,,47,Wellington City,Give way,,,,,0.0,0.0,Urban,0.0,,,Fine,Null,0
67719701,,576301,0.0,,0.0,2.0,,Null,2015/2016,RIDDIFORD ST,EMMETT ST,,Non-Injury Crash,No,2016,,North,,0,,Flat,,,,,,Overcast,2165200,0,0.0,0.0,3.0,,,0.0,,,,,,Wellington Region,Nil,2-way,Sealed,,0.0,0,,40.0,,Null,0.0,0.0,,47,Wellington City,Traffic Signals,,,,,0.0,0.0,Urban,0.0,,,Null,Null,0
67719724,,574500,0.0,0.0,0.0,1.0,0.0,East,2016/2017,SH 1N,AOTEA ON NBD,,Non-Injury Crash,Yes,2017,0.0,North,0.0,0,0.0,Flat,1.0,,0.0,,0.0,Dark,2093500,0,0.0,0.0,3.0,0.0,0.0,0.0,0.0,0.0,,0.0,0.0,Wellington Region,Nil,1-way,Sealed,0.0,0.0,0,0.0,100.0,0.0,On,0.0,0.0,,47,Wellington City,Unknown,0.0,0.0,0.0,0.0,0.0,0.0,Open,0.0,0.0,0.0,Fine,Null,0
67719757,,576903,1.0,,0.0,1.0,,North,2017/2018,EVANS BAY PARADE,SH 1N,,Minor Crash,No,2017,,North,,0,,Flat,,,,,,Dark,2180102,1,0.0,0.0,2.0,,,0.0,,,,,,Wellington Region,Nil,2-way,Sealed,,0.0,0,,50.0,,On,0.0,0.0,,47,Wellington City,Nil,,,,,0.0,0.0,Urban,0.0,,,Fine,Frost,0
67719768,,573903,0.0,,0.0,2.0,,West,2017/2018,NEWLANDS ROAD,BRACKEN ROAD,,Non-Injury Crash,No,2018,,East,,0,,Hill Road,,,,,,Bright sun,2073900,0,0.0,0.0,3.0,,,0.0,,,,,,Wellington Region,Nil,2-way,Sealed,,0.0,0,,50.0,,Null,0.0,0.0,,47,Wellington City,Nil,,,,,0.0,0.0,Urban,0.0,,,Fine,Null,0
67719783,,576700,0.0,0.0,0.0,2.0,0.0,South,2016/2017,ALEXANDRA ROAD,LOOKOUT ROAD,,Non-Injury Crash,No,2016,0.0,North,0.0,0,0.0,Flat,0.0,,0.0,,0.0,Bright sun,2184101,0,0.0,0.0,2.0,0.0,0.0,0.0,0.0,1.0,,0.0,0.0,Wellington Region,Nil,2-way,Sealed,0.0,0.0,0,0.0,50.0,0.0,Null,0.0,0.0,,47,Wellington City,Unknown,0.0,0.0,0.0,0.0,0.0,0.0,Urban,0.0,0.0,0.0,Null,Null,0
67719804,,577102,0.0,,0.0,0.0,,Null,2016/2017,BROADWAY,MONORGAN ROAD,,Minor Crash,No,2017,,East,,0,,Null,,,,,,Overcast,2215500,1,1.0,0.0,2.0,,,0.0,,,,,,Wellington Region,Nil,2-way,Sealed,,0.0,0,,50.0,,Null,0.0,0.0,,47,Wellington City,Give way,,,,,1.0,0.0,Urban,0.0,,,Null,Null,0
67719819,,574303,0.0,,0.0,1.0,,South,2016/2017,SH 1N,NGAURANGA ON NBD OBR,,Non-Injury Crash,Yes,2016,,South,,0,,Hill Road,,,,,,Overcast,2090402,0,0.0,1.0,3.0,,,0.0,,,,,,Wellington Region,Nil,1-way,Sealed,,0.0,0,,80.0,,Null,0.0,0.0,,47,Wellington City,Unknown,,,,,0.0,0.0,Open,0.0,,,Fine,Null,0
67719827,,572900,0.0,,0.0,2.0,,South,2015/2016,AOTEA QUAY,AOTEA OFF SBD,,Non-Injury Crash,No,2016,,North,,0,,Flat,,,,,,Overcast,2118400,0,0.0,0.0,4.0,,,0.0,,,,,,Wellington Region,Nil,2-way,Sealed,,0.0,0,,70.0,,Null,0.0,0.0,,47,Wellington City,Give way,,,,,0.0,0.0,Urban,0.0,,,Fine,Null,0
67719840,,572900,0.0,0.0,0.0,1.0,0.0,South,2018/2019,AOTEA QUAY,RLY YARD ENT S,,Serious Crash,No,2018,0.0,North,0.0,0,0.0,Flat,0.0,,0.0,,0.0,Dark,2118400,0,0.0,0.0,4.0,0.0,0.0,0.0,0.0,0.0,,0.0,1.0,Wellington Region,Nil,2-way,Sealed,0.0,0.0,1,0.0,50.0,0.0,Off,0.0,0.0,,47,Wellington City,Unknown,0.0,0.0,0.0,0.0,0.0,0.0,Urban,0.0,0.0,0.0,Light rain,Null,0
67719888,,575200,0.0,,0.0,1.0,,Null,2018/2019,RAROA CRESCENT,NORTHLAND TUNNEL ROAD,,Minor Crash,No,2018,,South,,0,,Hill Road,,,,,,Overcast,2149800,1,0.0,1.0,2.0,,,0.0,,,,,,Wellington Region,Nil,2-way,Sealed,,0.0,0,,50.0,,Null,0.0,0.0,,47,Wellington City,Stop,,,,,0.0,0.0,Urban,0.0,,,Fine,Null,0
67719902,,573300,0.0,0.0,0.0,1.0,0.0,South,2016/2017,WALLACE ST,HOWARD ST,,Non-Injury Crash,No,2017,0.0,North,0.0,0,0.0,Flat,0.0,,0.0,,0.0,Bright sun,2147200,0,0.0,0.0,2.0,0.0,0.0,0.0,0.0,1.0,,0.0,0.0,Wellington Region,Nil,2-way,Sealed,0.0,0.0,0,0.0,50.0,0.0,Null,1.0,0.0,,47,Wellington City,Unknown,0.0,0.0,0.0,0.0,0.0,0.0,Urban,0.0,0.0,0.0,Fine,Null,0
67719925,,573700,0.0,0.0,0.0,1.0,0.0,Null,2015/2016,JOHNSONVILLE ROAD,MOOREFIELD ROAD,,Non-Injury Crash,No,2016,0.0,North,0.0,0,0.0,Flat,0.0,,0.0,,0.0,Dark,2082800,0,0.0,0.0,4.0,0.0,0.0,0.0,0.0,0.0,,0.0,0.0,Wellington Region,Nil,2-way,Sealed,0.0,0.0,0,0.0,50.0,0.0,On,1.0,0.0,,47,Wellington City,Give way,1.0,0.0,0.0,0.0,0.0,0.0,Urban,0.0,0.0,0.0,Fine,Null,0
67719966,,573000,0.0,,0.0,0.0,,South,2016/2017,SH 1N,BOULCOTT OBR,,Non-Injury Crash,Yes,2017,,South,,0,,Flat,,,,,,Bright sun,2126700,0,0.0,0.0,3.0,,,0.0,,,,,,Wellington Region,Nil,2-way,Sealed,,0.0,0,,60.0,,Null,1.0,0.0,,47,Wellington City,Unknown,,,,,1.0,0.0,Urban,1.0,,,Fine,Null,0
67719984,,574500,0.0,0.0,0.0,2.0,0.0,North,2016/2017,SH 1N,AOTEA ON NBD,,Non-Injury Crash,Yes,2017,0.0,North,0.0,0,0.0,Flat,1.0,,0.0,,0.0,Bright sun,2093400,0,0.0,0.0,4.0,0.0,0.0,0.0,0.0,0.0,,0.0,0.0,Wellington Region,Nil,1-way,Sealed,0.0,0.0,0,0.0,100.0,0.0,Null,0.0,0.0,,47,Wellington City,Unknown,0.0,0.0,0.0,0.0,0.0,0.0,Open,0.0,0.0,0.0,Fine,Null,0