OBJECTID,advisorySpeed,areaUnitID,bicycle,bridge,bus,carStationWagon,cliffBank,crashDirectionDescription,crashFinancialYear,crashLocation1,crashLocation2,crashRoadSideRoad,crashSeverity,crashSHDescription,crashYear,debris,directionRoleDescription,ditch,fatalCount,fence,flatHill,guardRail,holiday,houseOrBuilding,intersection,kerb,light,meshblockId,minorInjuryCount,moped,motorcycle,NumberOfLanes,objectThrownOrDropped,otherObject,otherVehicleType,overBank,parkedVehicle,pedestrian,phoneBoxEtc,postOrPole,region,roadCharacter,roadLane,roadSurface,roadworks,schoolBus,seriousInjuryCount,slipOrFlood,speedLimit,strayAnimal,streetLight,suv,taxi,temporarySpeedLimit,tlaId,tlaName,trafficControl,trafficIsland,trafficSign,train,tree,truck,unknownVehicleType,urban,vanOrUtility,vehicle,waterRiver,weatherA,weatherB,if_pandemic
67720000,,577102,0.0,0.0,0.0,3.0,0.0,South,2016/2017,KINGHORNE ST,BEACON HILL ROAD,,Non-Injury Crash,No,2017,0.0,East,0.0,0,0.0,Null,0.0,Easter,0.0,,0.0,Dark,2214400,0,0.0,0.0,2.0,0.0,0.0,0.0,0.0,2.0,,0.0,0.0,Wellington Region,Nil,2-way,Sealed,0.0,0.0,0,0.0,50.0,0.0,On,0.0,0.0,,47,Wellington City,Unknown,0.0,0.0,0.0,0.0,0.0,0.0,Urban,0.0,0.0,0.0,Null,Null,0
67720013,,572701,0.0,,0.0,0.0,,Null,2017/2018,LINDEN AVENUE,MAIN ROAD,,Minor Crash,No,2017,,South,,0,,Flat,,,,,,Overcast,1994002,1,1.0,0.0,2.0,,,0.0,,,,,,Wellington Region,Nil,2-way,Sealed,,0.0,0,,50.0,,Null,0.0,0.0,,47,Wellington City,Give way,,,,,0.0,0.0,Urban,1.0,,,Fine,Null,0
67720066,,573600,0.0,0.0,0.0,1.0,0.0,North,2017/2018,IRONSIDE ROAD,BRANSCOMBE ST,,Non-Injury Crash,No,2017,0.0,North,0.0,0,0.0,Hill Road,0.0,,0.0,,0.0,Bright sun,2086706,0,0.0,0.0,2.0,0.0,0.0,0.0,0.0,1.0,,0.0,0.0,Wellington Region,Nil,2-way,Sealed,0.0,0.0,0,0.0,50.0,0.0,Null,1.0,0.0,,47,Wellington City,Unknown,0.0,0.0,0.0,0.0,0.0,0.0,Urban,0.0,0.0,0.0,Fine,Strong wind,0
67720128,,573526,0.0,,0.0,2.0,,West,2017/2018,SH 2,HOROKIWI ROAD,,Non-Injury Crash,Yes,2017,,East,,0,,Flat,,,,,,Bright sun,2086403,0,0.0,0.0,2.0,,,0.0,,,,,,Wellington Region,Nil,2-way,Sealed,,0.0,0,,100.0,,Null,0.0,0.0,,47,Wellington City,Unknown,,,,,0.0,0.0,Open,0.0,,,Fine,Null,0
67720139,,574002,0.0,0.0,0.0,1.0,0.0,East,2016/2017,SH 1N,NIMT OBR,,Non-Injury Crash,Yes,2016,0.0,South,0.0,0,0.0,Flat,1.0,,0.0,,0.0,Overcast,2078302,0,0.0,0.0,2.0,0.0,0.0,0.0,0.0,0.0,,0.0,0.0,Wellington Region,Bridge,1-way,Sealed,0.0,0.0,0,0.0,80.0,0.0,Off,0.0,0.0,,47,Wellington City,Unknown,0.0,0.0,0.0,0.0,0.0,0.0,Open,0.0,0.0,0.0,Heavy rain,Null,0
67720145,,572500,0.0,0.0,0.0,2.0,0.0,South,2015/2016,ORIEL AVENUE,PROPERTY ACCESS,,Non-Injury Crash,No,2016,0.0,South,0.0,0,1.0,Hill Road,0.0,,0.0,,1.0,Bright sun,1986800,0,0.0,0.0,2.0,0.0,0.0,0.0,0.0,1.0,,0.0,0.0,Wellington Region,Nil,2-way,Sealed,0.0,0.0,0,0.0,50.0,0.0,Null,0.0,0.0,,47,Wellington City,Nil,0.0,0.0,0.0,1.0,0.0,0.0,Urban,0.0,0.0,0.0,Fine,Null,0
67720166,,573101,0.0,0.0,0.0,1.0,0.0,South,2017/2018,CUBA ST,ABEL SMITH ST,,Non-Injury Crash,No,2017,0.0,South,0.0,0,0.0,Null,0.0,,0.0,,0.0,Bright sun,2134600,0,0.0,0.0,2.0,0.0,0.0,0.0,0.0,1.0,,0.0,0.0,Wellington Region,Nil,2-way,Sealed,0.0,0.0,0,0.0,50.0,0.0,Null,0.0,0.0,,47,Wellington City,Unknown,0.0,0.0,0.0,0.0,1.0,0.0,Urban,0.0,0.0,0.0,Fine,Null,0
67720261,,573000,0.0,,0.0,2.0,,Null,2015/2016,BOULCOTT ST,OREILY AVENUE,,Non-Injury Crash,No,2016,,South,,0,,Hill Road,,,,,,Dark,2127900,0,0.0,0.0,3.0,,,0.0,,,,,,Wellington Region,Nil,2-way,Sealed,,0.0,0,,50.0,,On,0.0,1.0,,47,Wellington City,Traffic Signals,,,,,0.0,0.0,Urban,0.0,,,Fine,Null,0
67720269,,573101,0.0,,0.0,2.0,,Null,2016/2017,SH 1N,PIRIE ST,,Non-Injury Crash,Yes,2016,,South,,0,,Flat,,Christmas New Year,,,,Dark,2136700,0,0.0,0.0,3.0,,,0.0,,,,,,Wellington Region,Nil,1-way,Sealed,,0.0,0,,50.0,,On,0.0,0.0,,47,Wellington City,Traffic Signals,,,,,0.0,0.0,Urban,0.0,,,Fine,Null,0
67720271,,577601,0.0,,0.0,1.0,,North,2016/2017,SHELLY BAY ROAD,ARANUI ST,,Minor Crash,No,2017,,South,,0,,Flat,,,,,,Bright sun,2201200,1,0.0,0.0,2.0,,,0.0,,,,,,Wellington Region,Nil,2-way,Sealed,,0.0,0,,40.0,,Null,0.0,0.0,,47,Wellington City,Unknown,,,,,0.0,0.0,Urban,0.0,,,Fine,Null,0
67720278,,573101,0.0,,0.0,2.0,,East,2017/2018,SH 1N,BUTE ST,,Non-Injury Crash,Yes,2017,,East,,0,,Flat,,,,,,Bright sun,2131800,0,0.0,0.0,2.0,,,0.0,,,,,,Wellington Region,Nil,1-way,Sealed,,0.0,0,,50.0,,Null,0.0,0.0,,47,Wellington City,Nil,,,,,0.0,0.0,Urban,0.0,,,Fine,Null,0
67720289,,574002,0.0,,0.0,2.0,,West,2015/2016,GLOVER ST,MALVERN ROAD,,Non-Injury Crash,No,2016,,South,,0,,Hill Road,,,,,,Bright sun,2078302,0,0.0,0.0,2.0,,,0.0,,,,,,Wellington Region,Nil,2-way,Sealed,,0.0,0,,50.0,,Null,0.0,0.0,,47,Wellington City,Unknown,,,,,0.0,0.0,Urban,0.0,,,Fine,Null,0
67720313,,573700,0.0,0.0,0.0,0.0,0.0,Null,2015/2016,SH 1N,JOHNSONVILLE OFF NBD,,Non-Injury Crash,Yes,2016,0.0,North,0.0,0,0.0,Hill Road,1.0,,0.0,,0.0,Dark,2083100,0,0.0,0.0,3.0,0.0,0.0,0.0,0.0,0.0,,0.0,0.0,Wellington Region,Motorway ramp,1-way,Sealed,0.0,0.0,0,0.0,80.0,0.0,On,0.0,0.0,,47,Wellington City,Nil,0.0,0.0,0.0,0.0,0.0,0.0,Open,1.0,0.0,0.0,Fine,Null,0
67720383,,573523,0.0,,0.0,2.0,,South,2016/2017,MARK AVENUE,ST LUCIA PLACE,,Non-Injury Crash,No,2016,,North,,0,,Hill Road,,,,,,Overcast,2086307,0,0.0,0.0,2.0,,,0.0,,,,,,Wellington Region,Nil,2-way,Sealed,,0.0,0,,50.0,,Null,0.0,1.0,,47,Wellington City,Nil,,,,,0.0,0.0,Urban,0.0,,,Fine,Frost,0
67720411,,574303,0.0,,0.0,1.0,,West,2016/2017,SH 1N,SH 2,,Minor Crash,Yes,2017,,West,,0,,Flat,,,,,,Twilight,2090402,1,0.0,0.0,3.0,,,0.0,,,,,,Wellington Region,Nil,1-way,Sealed,,0.0,0,,100.0,,Off,0.0,0.0,,47,Wellington City,Unknown,,,,,1.0,0.0,Open,0.0,,,Fine,Null,0
67720414,,572600,0.0,,0.0,2.0,,Null,2016/2017,MAIN ROAD,LINCOLN AVENUE,,Non-Injury Crash,No,2017,,North,,0,,Flat,,,,,,Overcast,1992000,0,0.0,0.0,2.0,,,0.0,,,,,,Wellington Region,Nil,2-way,Sealed,,0.0,0,,50.0,,Off,0.0,0.0,,47,Wellington City,Give way,,,,,0.0,0.0,Urban,0.0,,,Light rain,Null,0
67720433,,573903,1.0,,0.0,1.0,,West,2016/2017,NEWLANDS ROAD,HURRING PLACE,,Minor Crash,No,2016,,West,,0,,Hill Road,,,,,,Twilight,2075103,1,0.0,0.0,2.0,,,0.0,,,,,,Wellington Region,Nil,2-way,Sealed,,0.0,0,,50.0,,Off,0.0,0.0,,47,Wellington City,Nil,,,,,0.0,0.0,Urban,0.0,,,Fine,Null,0
67720445,,574500,0.0,0.0,0.0,1.0,0.0,North,2016/2017,AOTEA ON NBD,SH 1N,,Non-Injury Crash,No,2016,0.0,North,0.0,0,0.0,Flat,1.0,,0.0,,0.0,Dark,2093600,0,0.0,0.0,1.0,0.0,0.0,0.0,0.0,0.0,,0.0,0.0,Wellington Region,Motorway ramp,1-way,Sealed,0.0,0.0,0,0.0,70.0,0.0,On,0.0,0.0,,47,Wellington City,Unknown,0.0,0.0,0.0,0.0,0.0,0.0,Urban,0.0,0.0,0.0,Fine,Null,0
67720467,,576800,0.0,0.0,0.0,0.0,0.0,South,2016/2017,HATAITAI ROAD,HUIA ROAD,,Non-Injury Crash,No,2016,0.0,South,0.0,0,0.0,Hill Road,0.0,,0.0,,0.0,Dark,2182100,0,0.0,0.0,2.0,0.0,0.0,0.0,0.0,1.0,,0.0,0.0,Wellington Region,Nil,2-way,Sealed,0.0,0.0,0,0.0,50.0,0.0,On,0.0,0.0,,47,Wellington City,Unknown,0.0,0.0,0.0,0.0,1.0,0.0,Urban,1.0,0.0,0.0,Light rain,Null,0
67720481,,573300,0.0,0.0,0.0,1.0,0.0,East,2017/2018,BIDWILL ST,BELL ROAD,,Minor Crash,No,2017,0.0,East,0.0,0,0.0,Hill Road,0.0,,0.0,,0.0,Bright sun,2145003,1,0.0,0.0,1.0,0.0,0.0,0.0,0.0,0.0,,0.0,1.0,Wellington Region,Nil,2-way,Sealed,0.0,0.0,0,0.0,50.0,0.0,Null,0.0,0.0,,47,Wellington City,Unknown,0.0,0.0,0.0,0.0,0.0,0.0,Urban,0.0,0.0,0.0,Fine,Null,0
67720532,,573300,0.0,,0.0,2.0,,South,2016/2017,TARANAKI ST,HILL LANE,,Non-Injury Crash,No,2017,,South,,0,,Hill Road,,,,,,Overcast,2145300,0,0.0,0.0,2.0,,,0.0,,,,,,Wellington Region,Nil,2-way,Sealed,,0.0,0,,50.0,,Null,0.0,0.0,,47,Wellington City,Unknown,,,,,0.0,0.0,Urban,0.0,,,Fine,Null,0
67720603,,573000,0.0,,0.0,1.0,,Null,2016/2017,CUSTOMHOUSE QUAY,WHITMORE ST,,Minor Crash,No,2017,,North,,0,,Flat,,,,,,Bright sun,2124300,1,0.0,0.0,4.0,,,0.0,,,,,,Wellington Region,Nil,1-way,Sealed,,0.0,0,,50.0,,Null,0.0,0.0,,47,Wellington City,Traffic Signals,,,,,0.0,0.0,Urban,1.0,,,Fine,Null,0
67720655,,576903,1.0,,0.0,1.0,,South,2016/2017,EVANS BAY PARADE,BELVEDERE ROAD,,Minor Crash,No,2017,,North,,0,,Flat,,,,,,Overcast,2179800,1,0.0,0.0,2.0,,,0.0,,,,,,Wellington Region,Nil,2-way,Sealed,,0.0,0,,50.0,,Null,0.0,0.0,,47,Wellington City,Nil,,,,,0.0,0.0,Urban,0.0,,,Fine,Null,0
67720679,,574100,0.0,,0.0,2.0,,South,2016/2017,MOOREFIELD ROAD,STEPHEN ST,,Non-Injury Crash,No,2016,,North,,0,,Hill Road,,,,,,Overcast,2085500,0,0.0,0.0,2.0,,,0.0,,,,,,Wellington Region,Nil,2-way,Sealed,,0.0,0,,50.0,,Null,0.0,0.0,,47,Wellington City,Nil,,,,,0.0,0.0,Urban,0.0,,,Fine,Null,0
67720730,,574303,0.0,,0.0,2.0,,South,2017/2018,SH 1N,NEWLANDS ON NBD,,Non-Injury Crash,Yes,2017,,North,,0,,Hill Road,,,,,,Overcast,2084302,0,0.0,0.0,3.0,,,0.0,,,,,,Wellington Region,Nil,1-way,Sealed,,0.0,0,,80.0,,Null,0.0,0.0,,47,Wellington City,Unknown,,,,,0.0,0.0,Open,0.0,,,Fine,Null,0
67720731,,572600,0.0,,0.0,2.0,,North,2016/2017,MAIN ROAD,ESSEX ST,,Non-Injury Crash,No,2016,,South,,0,,Flat,,,,,,Overcast,1992000,0,0.0,0.0,2.0,,,0.0,,,,,,Wellington Region,Nil,2-way,Sealed,,0.0,0,,50.0,,Null,0.0,0.0,,47,Wellington City,Unknown,,,,,0.0,0.0,Urban,1.0,,,Heavy rain,Null,0
67720749,,574001,0.0,,0.0,1.0,,Null,2017/2018,CHEYNE WALK,BAYLANDS DRIVE,,Serious Crash,No,2017,,North,,0,,Flat,,,,,,Overcast,2075900,0,0.0,1.0,2.0,,,0.0,,,,,,Wellington Region,Nil,2-way,Sealed,,0.0,1,,50.0,,Null,0.0,0.0,,47,Wellington City,Nil,,,,,0.0,0.0,Urban,0.0,,,Fine,Strong wind,0
67720817,,573700,0.0,,1.0,1.0,,Null,2015/2016,CORTINA AVENUE,TRALEE PLACE,,Non-Injury Crash,No,2016,,West,,0,,Hill Road,,,,,,Bright sun,2081402,0,0.0,0.0,2.0,,,0.0,,,,,,Wellington Region,Nil,2-way,Sealed,,0.0,0,,50.0,,Null,0.0,0.0,,47,Wellington City,Nil,,,,,0.0,0.0,Urban,0.0,,,Fine,Null,0
67720837,,573101,0.0,,1.0,0.0,,Null,2016/2017,SH 1N,CUBA ST,,Non-Injury Crash,Yes,2016,,West,,0,,Flat,,,,,,Bright sun,2132100,0,0.0,0.0,2.0,,,0.0,,,1.0,,,Wellington Region,Nil,1-way,Sealed,,0.0,0,,50.0,,Off,0.0,0.0,,47,Wellington City,Traffic Signals,,,,,0.0,0.0,Urban,0.0,,,Fine,Null,0
67720866,,573700,0.0,0.0,0.0,0.0,0.0,East,2017/2018,BRODERICK ROAD,HEATH ST,,Non-Injury Crash,No,2017,0.0,East,0.0,0,0.0,Hill Road,0.0,,0.0,,0.0,Bright sun,2082700,0,0.0,0.0,2.0,0.0,0.0,0.0,0.0,0.0,,0.0,1.0,Wellington Region,Nil,2-way,Sealed,0.0,0.0,0,0.0,50.0,0.0,Null,0.0,0.0,30.0,47,Wellington City,Unknown,0.0,0.0,0.0,0.0,1.0,0.0,Urban,0.0,0.0,0.0,Fine,Null,0
67720910,,573400,0.0,,0.0,2.0,,Null,2017/2018,SH 1N,BASIN TURN,,Non-Injury Crash,Yes,2018,,South,,0,,Flat,,,,,,Overcast,2143500,0,0.0,0.0,3.0,,,0.0,,,,,,Wellington Region,Nil,1-way,Sealed,,0.0,0,,50.0,,Null,0.0,0.0,,47,Wellington City,Unknown,,,,,0.0,0.0,Urban,0.0,,,Fine,Null,0
67720923,,572900,0.0,,0.0,1.0,,North,2015/2016,MOLESWORTH ST,WINGFIELD ST,,Non-Injury Crash,No,2016,,North,,0,,Flat,,,,,,Bright sun,2121300,0,0.0,0.0,2.0,,,0.0,,,,,,Wellington Region,Nil,1-way,Sealed,,0.0,0,,50.0,,Null,0.0,0.0,,47,Wellington City,Unknown,,,,,0.0,0.0,Urban,1.0,,,Fine,Null,0
67720957,,573522,0.0,0.0,0.0,1.0,0.0,South,2016/2017,SH 1N,TAWA ON SBD,,Non-Injury Crash,Yes,2017,0.0,South,0.0,0,0.0,Flat,1.0,,0.0,,0.0,Twilight,2086311,0,0.0,0.0,2.0,0.0,0.0,0.0,0.0,0.0,,0.0,0.0,Wellington Region,Nil,1-way,Sealed,0.0,0.0,0,0.0,100.0,0.0,None,0.0,0.0,,47,Wellington City,Unknown,0.0,0.0,0.0,0.0,0.0,0.0,Open,0.0,0.0,0.0,Fine,Null,0
67720991,,574002,0.0,0.0,0.0,1.0,0.0,North,2015/2016,SH 1N,CENTENNIAL SBD,,Non-Injury Crash,Yes,2016,0.0,South,0.0,0,0.0,Hill Road,1.0,,0.0,,0.0,Bright sun,2078304,0,0.0,0.0,3.0,0.0,0.0,0.0,0.0,0.0,,0.0,0.0,Wellington Region,Nil,1-way,Sealed,0.0,0.0,0,0.0,80.0,0.0,Null,0.0,0.0,,47,Wellington City,Unknown,0.0,0.0,0.0,0.0,0.0,0.0,Open,0.0,0.0,0.0,Fine,Null,0
67721002,,576700,0.0,,0.0,2.0,,West,2017/2018,PALLISER ROAD,ROSENEATH TERRACE,,Non-Injury Crash,No,2018,,South,,0,,Null,,Christmas New Year,,,,Bright sun,2187000,0,0.0,0.0,2.0,,,0.0,,,,,,Wellington Region,Nil,2-way,Sealed,,0.0,0,,50.0,,Null,0.0,0.0,,47,Wellington City,Unknown,,,,,0.0,0.0,Urban,0.0,,,Fine,Null,0
67721005,,576901,0.0,0.0,0.0,1.0,0.0,Null,2015/2016,COUTTS ST,ROSS ST,,Non-Injury Crash,No,2016,0.0,South,0.0,0,0.0,Flat,0.0,,0.0,,0.0,Overcast,2178801,0,0.0,0.0,2.0,0.0,0.0,0.0,0.0,0.0,,0.0,0.0,Wellington Region,Nil,2-way,Sealed,0.0,0.0,0,0.0,50.0,0.0,Null,0.0,1.0,,47,Wellington City,Give way,1.0,1.0,0.0,0.0,0.0,0.0,Urban,0.0,0.0,0.0,Light rain,Null,0
67721017,,577602,0.0,,0.0,2.0,,North,2015/2016,TAUHINU ROAD,TAHI ST,,Non-Injury Crash,No,2016,,North,,0,,Flat,,,,,,Dark,2201400,0,0.0,0.0,2.0,,,0.0,,,,,,Wellington Region,Nil,2-way,Sealed,,0.0,0,,50.0,,On,0.0,0.0,,47,Wellington City,Nil,,,,,0.0,0.0,Urban,0.0,,,Fine,Null,0
67721042,,576903,0.0,,0.0,2.0,,North,2018/2019,CRAWFORD ROAD,WELLINGTON ROAD,,Non-Injury Crash,No,2018,,South,,0,,Hill Road,,,,,,Overcast,2181600,0,0.0,0.0,2.0,,,0.0,,,,,,Wellington Region,Nil,2-way,Sealed,,0.0,0,,50.0,,Null,2.0,0.0,,47,Wellington City,Unknown,,,,,0.0,0.0,Urban,0.0,,,Fine,Null,0
67721057,,575000,0.0,,0.0,0.0,,Null,2016/2017,CHAYTOR ST,OLD KARORI ROAD,,Non-Injury Crash,No,2016,,West,,0,,Flat,,,,,,Overcast,2111000,0,0.0,0.0,2.0,,,0.0,,,,,,Wellington Region,Nil,2-way,Sealed,,0.0,0,,50.0,,Null,2.0,0.0,,47,Wellington City,Traffic Signals,,,,,0.0,0.0,Urban,0.0,,,Fine,Null,0
67721063,,572900,0.0,,0.0,2.0,,Null,2015/2016,MULGRAVE ST,FEATHERSTON ST,,Non-Injury Crash,No,2016,,South,,0,,Flat,,,,,,Overcast,2122800,0,0.0,0.0,3.0,,,0.0,,,,,,Wellington Region,Nil,2-way,Sealed,,0.0,0,,50.0,,Null,0.0,0.0,,47,Wellington City,Traffic Signals,,,,,0.0,0.0,Urban,0.0,,,Fine,Null,0
67721101,,573000,0.0,0.0,0.0,2.0,0.0,South,2015/2016,WATERLOO QUAY,BUNNY ST,,Non-Injury Crash,No,2016,0.0,North,0.0,0,0.0,Flat,0.0,,0.0,,0.0,Overcast,2124300,0,0.0,0.0,5.0,0.0,0.0,0.0,0.0,1.0,,0.0,0.0,Wellington Region,Nil,2-way,Sealed,0.0,0.0,0,0.0,50.0,0.0,Null,0.0,0.0,,47,Wellington City,Unknown,0.0,0.0,0.0,0.0,0.0,0.0,Urban,0.0,0.0,0.0,Fine,Null,0
67721113,,576302,0.0,0.0,0.0,0.0,1.0,Null,2017/2018,RUSSELL TERRACE,EDINBURGH TERRACE,,Minor Crash,No,2017,0.0,South,0.0,0,0.0,Flat,0.0,,0.0,,0.0,Dark,2166500,1,0.0,0.0,2.0,0.0,0.0,0.0,0.0,0.0,,0.0,0.0,Wellington Region,Nil,2-way,Sealed,0.0,0.0,0,0.0,50.0,0.0,On,0.0,0.0,,47,Wellington City,Nil,0.0,0.0,0.0,0.0,0.0,0.0,Urban,1.0,0.0,0.0,Heavy rain,Strong wind,0
67721139,45.0,575600,0.0,,0.0,2.0,,South,2016/2017,TODMAN ST,MITCHELL ST,,Non-Injury Crash,No,2016,,South,,0,,Hill Road,,,,,,Overcast,2161501,0,0.0,0.0,2.0,,,0.0,,,,,,Wellington Region,Nil,2-way,Sealed,,0.0,0,,50.0,,Off,0.0,0.0,,47,Wellington City,Unknown,,,,,0.0,0.0,Urban,0.0,,,Fine,Null,0
67721150,,573101,0.0,,0.0,1.0,,Null,2018/2019,COURTENAY PLACE,TORY STREET,,Non-Injury Crash,No,2018,,West,,0,,Flat,,,,,,Dark,2136000,0,1.0,0.0,1.0,,,0.0,,,,,,Wellington Region,Nil,1-way,Sealed,,0.0,0,,30.0,,On,0.0,0.0,,47,Wellington City,Traffic Signals,,,,,0.0,0.0,Urban,0.0,,,Fine,Null,0
67721156,,575902,0.0,0.0,0.0,1.0,0.0,South,2017/2018,HAPPY VALLEY ROAD,LANDFILL ROAD,,Serious Crash,No,2018,0.0,South,0.0,0,0.0,Flat,0.0,,0.0,,0.0,Dark,2187403,0,0.0,0.0,2.0,0.0,0.0,0.0,0.0,0.0,,0.0,0.0,Wellington Region,Nil,2-way,Sealed,0.0,0.0,2,0.0,70.0,0.0,On,0.0,0.0,,47,Wellington City,Unknown,0.0,0.0,0.0,1.0,0.0,0.0,Urban,0.0,0.0,0.0,Fine,Null,0
67721182,,573300,0.0,0.0,0.0,1.0,0.0,West,2018/2019,BIDWILL STREET,ANDERSON TERRACE,,Non-Injury Crash,No,2019,0.0,East,0.0,0,0.0,Hill Road,0.0,,0.0,,0.0,Unknown,2145100,0,0.0,0.0,2.0,0.0,0.0,0.0,0.0,1.0,,0.0,0.0,Wellington Region,Nil,2-way,Sealed,0.0,0.0,0,0.0,50.0,0.0,Null,1.0,0.0,,47,Wellington City,Unknown,0.0,0.0,0.0,0.0,0.0,0.0,Urban,0.0,0.0,0.0,Null,Null,0
67721223,,573300,0.0,,0.0,0.0,,North,2016/2017,WALLACE ST,HOWARD ST,,Non-Injury Crash,No,2017,,North,,0,,Flat,,,,,,Overcast,2147100,0,0.0,0.0,2.0,,,0.0,,,,,,Wellington Region,Nil,2-way,Sealed,,0.0,0,,50.0,,Null,1.0,0.0,,47,Wellington City,Unknown,,,,,0.0,0.0,Urban,1.0,,,Fine,Null,0
67721288,,575600,0.0,0.0,0.0,0.0,1.0,Null,2018/2019,BROOKLYN ROAD,WASHINGTON AVENUE,,Minor Crash,No,2019,0.0,South,0.0,0,0.0,Hill Road,0.0,,0.0,,0.0,Dark,2162700,1,0.0,0.0,2.0,0.0,0.0,0.0,0.0,0.0,,0.0,0.0,Wellington Region,Nil,2-way,Sealed,0.0,0.0,0,0.0,50.0,0.0,On,0.0,0.0,,47,Wellington City,Unknown,0.0,0.0,0.0,0.0,0.0,0.0,Urban,1.0,0.0,0.0,Fine,Null,0
67721342,,573101,0.0,,0.0,1.0,,Null,2018/2019,TORY STREET,CABLE STREET,,Minor Crash,No,2019,,East,,0,,Flat,,,,,,Dark,2135200,1,0.0,0.0,3.0,,,0.0,,,1.0,,,Wellington Region,Nil,1-way,Sealed,,0.0,0,,50.0,,On,0.0,1.0,,47,Wellington City,Traffic Signals,,,,,0.0,0.0,Urban,0.0,,,Fine,Null,0
67721361,,574303,0.0,,0.0,2.0,,West,2018/2019,HUTT ROAD,JARDEN MILE,,Non-Injury Crash,No,2018,,East,,0,,Flat,,,,,,Dark,2090402,0,0.0,0.0,2.0,,,0.0,,,,,,Wellington Region,Nil,1-way,Sealed,,0.0,0,,80.0,,On,0.0,0.0,,47,Wellington City,Unknown,,,,,0.0,0.0,Open,0.0,,,Fine,Null,0
67721388,,575000,0.0,,0.0,2.0,,Null,2016/2017,CHAYTOR ST,RAROA CRESCENT,,Non-Injury Crash,No,2017,,East,,0,,Flat,,,,,,Overcast,2111100,0,0.0,0.0,2.0,,,0.0,,,,,,Wellington Region,Nil,2-way,Sealed,,0.0,0,,50.0,,Null,0.0,0.0,,47,Wellington City,Give way,,,,,0.0,0.0,Urban,0.0,,,Light rain,Null,0
67721395,,574302,0.0,0.0,0.0,1.0,0.0,West,2017/2018,SH 1N,SH 2,,Non-Injury Crash,Yes,2018,0.0,East,0.0,0,0.0,Flat,1.0,,0.0,,0.0,Overcast,2090604,0,0.0,0.0,4.0,0.0,0.0,0.0,0.0,0.0,,0.0,0.0,Wellington Region,Nil,1-way,Sealed,0.0,0.0,0,0.0,100.0,0.0,Null,0.0,0.0,,47,Wellington City,Unknown,0.0,0.0,0.0,0.0,0.0,0.0,Open,0.0,0.0,0.0,Fine,Null,0
67721403,,573101,0.0,,0.0,1.0,,Null,2017/2018,TARANAKI ST,DIXON ST,,Minor Crash,No,2018,,North,,0,,Flat,,,,,,Overcast,2135600,1,0.0,0.0,4.0,,,0.0,,,1.0,,,Wellington Region,Nil,2-way,Sealed,,0.0,0,,30.0,,Null,0.0,0.0,,47,Wellington City,Traffic Signals,,,,,0.0,0.0,Urban,0.0,,,Light rain,Null,0
67721435,,574500,0.0,,0.0,1.0,,Null,2018/2019,HUTT ROAD,SCHOOL ROAD,,Minor Crash,No,2019,,North,,0,,Flat,,,,,,Bright sun,2093600,1,0.0,1.0,4.0,,,0.0,,,,,,Wellington Region,Nil,2-way,Sealed,,0.0,0,,60.0,,Off,0.0,0.0,,47,Wellington City,Give way,,,,,0.0,0.0,Urban,0.0,,,Fine,Null,0
67721440,,575600,0.0,0.0,0.0,1.0,0.0,South,2015/2016,WASHINGTON AVENUE,CLEVELAND ST,,Non-Injury Crash,No,2016,0.0,South,0.0,0,0.0,Hill Road,0.0,,0.0,,0.0,Dark,2162800,0,0.0,0.0,2.0,0.0,0.0,0.0,0.0,1.0,,0.0,0.0,Wellington Region,Nil,2-way,Sealed,0.0,0.0,0,0.0,50.0,0.0,On,0.0,0.0,,47,Wellington City,Nil,0.0,0.0,0.0,0.0,0.0,0.0,Urban,1.0,0.0,0.0,Fine,Null,0
67721455,,577000,0.0,,0.0,2.0,,Null,2017/2018,FREYBERG ST,RUA ST,,Non-Injury Crash,No,2018,,North,,0,,Flat,,,,,,Bright sun,2174500,0,0.0,0.0,2.0,,,0.0,,,,,,Wellington Region,Nil,2-way,Sealed,,0.0,0,,50.0,,Null,0.0,0.0,,47,Wellington City,Give way,,,,,0.0,0.0,Urban,0.0,,,Light rain,Null,0
67721480,,573000,1.0,,0.0,1.0,,South,2015/2016,CUSTOMHOUSE QUAY,WHITMORE ST,,Non-Injury Crash,No,2016,,North,,0,,Flat,,,,,,Dark,2125100,0,0.0,0.0,4.0,,,0.0,,,,,,Wellington Region,Nil,1-way,Sealed,,0.0,0,,50.0,,On,0.0,1.0,,47,Wellington City,Traffic Signals,,,,,0.0,0.0,Urban,0.0,,,Fine,Null,0
67721489,,573101,0.0,,0.0,1.0,,Null,2018/2019,WAKEFIELD STREET,ORIENTAL TERRACE,,Non-Injury Crash,No,2018,,West,,0,,Flat,,,,,,Bright sun,2135500,0,0.0,0.0,3.0,,,0.0,,,,,,Wellington Region,Nil,1-way,Sealed,,0.0,0,,50.0,,Off,0.0,0.0,,47,Wellington City,Nil,,,,,0.0,0.0,Urban,1.0,,,Fine,Null,0
67721500,,573101,0.0,,0.0,2.0,,West,2015/2016,CABLE ST,CHAFFERS ST,,Non-Injury Crash,No,2016,,East,,0,,Flat,,Easter,,,,Overcast,2135400,0,0.0,0.0,2.0,,,0.0,,,,,,Wellington Region,Nil,1-way,Sealed,,0.0,0,,50.0,,Null,0.0,0.0,,47,Wellington City,Unknown,,,,,0.0,0.0,Urban,0.0,,,Fine,Null,0