OBJECTID,advisorySpeed,areaUnitID,bicycle,bridge,bus,carStationWagon,cliffBank,crashDirectionDescription,crashFinancialYear,crashLocation1,crashLocation2,crashRoadSideRoad,crashSeverity,crashSHDescription,crashYear,debris,directionRoleDescription,ditch,fatalCount,fence,flatHill,guardRail,holiday,houseOrBuilding,intersection,kerb,light,meshblockId,minorInjuryCount,moped,motorcycle,NumberOfLanes,objectThrownOrDropped,otherObject,otherVehicleType,overBank,parkedVehicle,pedestrian,phoneBoxEtc,postOrPole,region,roadCharacter,roadLane,roadSurface,roadworks,schoolBus,seriousInjuryCount,slipOrFlood,speedLimit,strayAnimal,streetLight,suv,taxi,temporarySpeedLimit,tlaId,tlaName,trafficControl,trafficIsland,trafficSign,train,tree,truck,unknownVehicleType,urban,vanOrUtility,vehicle,waterRiver,weatherA,weatherB,if_pandemic
67721504,,573101,0.0,,0.0,1.0,,North,2016/2017,BOND ST,VICTORIA ST,,Non-Injury Crash,No,2016,,South,,0,,Flat,,,,,,Bright sun,2130800,0,0.0,0.0,1.0,,,0.0,,,,,,Wellington Region,Nil,2-way,Sealed,,0.0,0,,30.0,,None,0.0,0.0,,47,Wellington City,Unknown,,,,,0.0,0.0,Urban,1.0,,,Fine,Null,0
67721537,,576100,0.0,,1.0,1.0,,West,2018/2019,MANCHESTER ST,MANCHESTER TERRACE,,Non-Injury Crash,No,2018,,West,,0,,Hill Road,,,,,,Bright sun,2196000,0,0.0,0.0,1.0,,,0.0,,,,,,Wellington Region,Nil,2-way,Sealed,,0.0,0,,50.0,,Null,0.0,0.0,,47,Wellington City,Unknown,,,,,0.0,0.0,Urban,0.0,,,Fine,Null,0
67721585,,573000,0.0,,1.0,0.0,,Null,2018/2019,WILLIS ST,MANNERS ST,,Non-Injury Crash,No,2018,,North,,0,,Flat,,,,,,Bright sun,2128400,0,0.0,0.0,3.0,,,0.0,,,,,,Wellington Region,Nil,2-way,Sealed,,0.0,0,,30.0,,Null,1.0,0.0,,47,Wellington City,Traffic Signals,,,,,0.0,0.0,Urban,0.0,,,Fine,Null,0
67721596,,574303,0.0,0.0,0.0,1.0,0.0,South,2015/2016,SH 1N,NGAURANGA ON NBD OBR,,Non-Injury Crash,Yes,2016,1.0,North,0.0,0,0.0,Flat,0.0,,0.0,,0.0,Bright sun,2090402,0,0.0,0.0,2.0,0.0,0.0,0.0,0.0,0.0,,0.0,0.0,Wellington Region,Nil,1-way,Sealed,0.0,0.0,0,0.0,100.0,0.0,None,0.0,0.0,,47,Wellington City,Unknown,0.0,0.0,0.0,0.0,0.0,0.0,Open,1.0,0.0,0.0,Fine,Null,0
67721599,,573400,0.0,0.0,0.0,0.0,0.0,South,2018/2019,ROXBURGH ST,PRINCE ST,,Non-Injury Crash,No,2018,0.0,South,0.0,0,0.0,Hill Road,0.0,Christmas New Year,1.0,,0.0,Bright sun,2138700,0,0.0,0.0,1.0,0.0,0.0,0.0,0.0,0.0,,0.0,0.0,Wellington Region,Nil,1-way,Sealed,0.0,0.0,0,0.0,50.0,0.0,Off,0.0,0.0,,47,Wellington City,Unknown,0.0,0.0,0.0,0.0,0.0,0.0,Urban,1.0,0.0,0.0,Fine,Null,0
67721613,35.0,576903,0.0,0.0,0.0,1.0,0.0,Null,2018/2019,KUPE STREET,MOXHAM AVENUE,,Serious Crash,No,2019,0.0,South,0.0,0,1.0,Flat,0.0,,0.0,,0.0,Dark,2181500,1,0.0,0.0,2.0,0.0,0.0,0.0,0.0,0.0,,0.0,1.0,Wellington Region,Nil,2-way,Sealed,0.0,0.0,1,0.0,50.0,0.0,On,0.0,0.0,,47,Wellington City,Unknown,1.0,0.0,0.0,0.0,0.0,0.0,Urban,0.0,0.0,0.0,Light rain,Strong wind,0
67721698,,573101,0.0,0.0,0.0,1.0,0.0,East,2015/2016,GHUZNEE ST,CUBA ST,,Non-Injury Crash,No,2016,0.0,East,0.0,0,0.0,Flat,0.0,,0.0,,0.0,Dark,2133600,0,0.0,0.0,2.0,0.0,0.0,0.0,0.0,1.0,,0.0,0.0,Wellington Region,Nil,2-way,Sealed,0.0,0.0,0,0.0,50.0,0.0,On,0.0,1.0,,47,Wellington City,Traffic Signals,0.0,0.0,0.0,0.0,0.0,0.0,Urban,1.0,0.0,0.0,Fine,Null,0
67721702,,574002,0.0,,0.0,2.0,,North,2015/2016,SH 1N,NGAURANGA ON NBD OBR,,Non-Injury Crash,Yes,2016,,South,,0,,Flat,,,,,,Bright sun,2078302,0,0.0,0.0,2.0,,,0.0,,,,,,Wellington Region,Nil,1-way,Sealed,,0.0,0,,80.0,,Null,0.0,0.0,,47,Wellington City,Unknown,,,,,0.0,0.0,Open,0.0,,,Fine,Null,0
67721726,,573101,0.0,,0.0,3.0,,Null,2016/2017,WAKEFIELD ST,TARANAKI ST,,Non-Injury Crash,No,2016,,North,,0,,Flat,,,,,,Bright sun,2133200,0,0.0,0.0,3.0,,,0.0,,,,,,Wellington Region,Nil,1-way,Sealed,,0.0,0,,50.0,,Null,0.0,0.0,,47,Wellington City,Traffic Signals,,,,,0.0,0.0,Urban,0.0,,,Null,Null,0
67721763,,576001,0.0,,0.0,1.0,,Null,2017/2018,MOSELLE ST,DERWENT ST,,Non-Injury Crash,No,2018,,East,,0,,Flat,,,,,,Unknown,2188400,0,0.0,0.0,2.0,,,0.0,,,,,,Wellington Region,Nil,2-way,Sealed,,0.0,0,,50.0,,Null,0.0,0.0,,47,Wellington City,Give way,,,,,0.0,0.0,Urban,1.0,,,Null,Null,0
67721783,,573101,0.0,0.0,0.0,2.0,0.0,East,2017/2018,COURTENAY PLACE,TARANAKI ST,,Non-Injury Crash,No,2018,0.0,East,0.0,0,0.0,Flat,0.0,Christmas New Year,0.0,,0.0,Dark,2135600,0,0.0,0.0,1.0,0.0,0.0,0.0,0.0,1.0,,0.0,0.0,Wellington Region,Nil,1-way,Sealed,0.0,0.0,0,0.0,50.0,0.0,On,0.0,0.0,,47,Wellington City,Unknown,0.0,0.0,0.0,0.0,0.0,0.0,Urban,0.0,0.0,0.0,Light rain,Null,0
67721805,,576301,0.0,,0.0,1.0,,Null,2017/2018,HANSON ST,JOHN ST,,Non-Injury Crash,No,2018,,North,,0,,Flat,,,,,,Overcast,2163300,0,0.0,0.0,1.0,,,0.0,,,,,,Wellington Region,Nil,1-way,Sealed,,0.0,0,,50.0,,Null,1.0,0.0,,47,Wellington City,Give way,,,,,0.0,0.0,Urban,0.0,,,Null,Null,0
67721818,,574002,0.0,,0.0,1.0,,West,2016/2017,SH 1N,CENTENNIAL SBD,,Non-Injury Crash,Yes,2016,,East,,0,,Hill Road,,,,,,Overcast,2078302,0,0.0,0.0,3.0,,,0.0,,,,,,Wellington Region,Nil,1-way,Sealed,,0.0,0,,100.0,,Null,0.0,0.0,,47,Wellington City,Unknown,,,,,1.0,0.0,Open,0.0,,,Heavy rain,Strong wind,0
67721831,,573400,0.0,0.0,0.0,2.0,0.0,North,2017/2018,BROUGHAM ST,LEVY ST,,Minor Crash,No,2018,0.0,South,0.0,0,0.0,Hill Road,0.0,,0.0,,0.0,Dark,2139800,1,0.0,0.0,2.0,0.0,0.0,0.0,0.0,1.0,,0.0,0.0,Wellington Region,Nil,2-way,Sealed,0.0,0.0,0,0.0,50.0,0.0,On,0.0,0.0,,47,Wellington City,Unknown,0.0,0.0,0.0,0.0,0.0,0.0,Urban,0.0,0.0,0.0,Fine,Null,0
67721839,,574402,0.0,0.0,0.0,2.0,0.0,North,2018/2019,COCKAYNE ROAD,AMBALA WAY,,Non-Injury Crash,No,2018,0.0,South,0.0,0,0.0,Flat,0.0,,0.0,,0.0,Bright sun,2097200,0,0.0,0.0,2.0,0.0,0.0,0.0,0.0,1.0,,0.0,0.0,Wellington Region,Nil,2-way,Sealed,0.0,0.0,0,0.0,50.0,0.0,Null,0.0,0.0,,47,Wellington City,Unknown,0.0,0.0,0.0,0.0,0.0,0.0,Urban,0.0,0.0,0.0,Fine,Null,0
67721849,,575600,0.0,0.0,0.0,2.0,0.0,South,2017/2018,OHIRO ROAD,CLEVELAND ST,,Non-Injury Crash,No,2018,0.0,South,0.0,0,0.0,Hill Road,0.0,,0.0,,0.0,Bright sun,2162300,0,0.0,0.0,2.0,0.0,0.0,0.0,0.0,1.0,,0.0,0.0,Wellington Region,Nil,2-way,Sealed,0.0,0.0,0,0.0,30.0,0.0,Null,1.0,0.0,,47,Wellington City,Unknown,0.0,0.0,0.0,0.0,0.0,0.0,Urban,0.0,0.0,0.0,Fine,Null,0
67721864,,573000,0.0,0.0,0.0,2.0,0.0,North,2015/2016,THE TERRACE,SALAMANCA ROAD,,Non-Injury Crash,No,2016,0.0,South,0.0,0,0.0,Hill Road,0.0,,0.0,,0.0,Bright sun,2126900,0,0.0,0.0,2.0,0.0,0.0,0.0,0.0,0.0,,0.0,0.0,Wellington Region,Nil,2-way,Sealed,0.0,0.0,0,0.0,50.0,0.0,Off,0.0,0.0,,47,Wellington City,Traffic Signals,0.0,0.0,0.0,0.0,0.0,0.0,Urban,0.0,1.0,0.0,Fine,Null,0
67721872,,576500,1.0,,0.0,1.0,,South,2015/2016,RIDDIFORD ST,HOSPITAL MAIN DRIVE,,Minor Crash,No,2016,,South,,0,,Flat,,,,,,Twilight,2149200,1,0.0,0.0,4.0,,,0.0,,,,,,Wellington Region,Nil,2-way,Sealed,,0.0,0,,50.0,,On,0.0,0.0,,47,Wellington City,Unknown,,,,,0.0,0.0,Urban,0.0,,,Fine,Null,0
67721925,,574800,0.0,,0.0,0.0,,West,2018/2019,CHAYTOR ST,CURTIS ST,,Minor Crash,No,2018,,East,,0,,Hill Road,,,,,,Overcast,2106100,1,0.0,1.0,2.0,,,0.0,,,,,,Wellington Region,Nil,2-way,Sealed,,0.0,0,,50.0,,Null,0.0,0.0,,47,Wellington City,Unknown,,,,,0.0,0.0,Urban,0.0,,,Fine,Null,0
67721928,,574002,0.0,,0.0,2.0,,East,2017/2018,SH 2,NGAURANGA ON NBD OBR,,Minor Crash,Yes,2017,,East,,0,,Hill Road,,,,,,Bright sun,2078302,2,0.0,0.0,2.0,,,0.0,,,,,,Wellington Region,Nil,1-way,Sealed,,0.0,0,,100.0,,Null,1.0,0.0,,47,Wellington City,Unknown,,,,,0.0,0.0,Open,0.0,,,Fine,Null,0
67721932,,573526,0.0,,0.0,2.0,,West,2015/2016,SH 2,HOROKIWI ROAD,,Non-Injury Crash,Yes,2016,,West,,0,,Flat,,,,,,Dark,2086403,0,0.0,0.0,4.0,,,0.0,,,,,,Wellington Region,Nil,2-way,Sealed,,0.0,0,,100.0,,On,0.0,0.0,50.0,47,Wellington City,Unknown,,,,,0.0,0.0,Open,0.0,,,Light rain,Null,0
67721951,,573000,0.0,,0.0,2.0,,Null,2017/2018,SALAMANCA ROAD,THE TERRACE,,Non-Injury Crash,No,2018,,South,,0,,Hill Road,,,,,,Dark,2128200,0,0.0,0.0,2.0,,,0.0,,,,,,Wellington Region,Nil,2-way,Sealed,,0.0,0,,50.0,,On,0.0,0.0,,47,Wellington City,Traffic Signals,,,,,0.0,0.0,Urban,0.0,,,Fine,Null,0
67722009,95.0,574002,0.0,0.0,0.0,1.0,0.0,North,2018/2019,CENTENNIAL NBD,JARDEN MILE,,Non-Injury Crash,Yes,2018,0.0,North,0.0,0,0.0,Flat,1.0,,0.0,,0.0,Dark,2078302,0,0.0,0.0,2.0,0.0,0.0,0.0,0.0,0.0,,0.0,0.0,Wellington Region,Nil,1-way,Sealed,0.0,0.0,0,0.0,100.0,0.0,On,0.0,0.0,,47,Wellington City,Unknown,0.0,0.0,0.0,0.0,0.0,0.0,Open,0.0,0.0,0.0,Light rain,Strong wind,0
67722050,,572702,0.0,0.0,0.0,2.0,0.0,North,2017/2018,WOODMAN DRIVE,PROPERTY ACCESS,,Minor Crash,No,2017,0.0,North,0.0,0,1.0,Hill Road,0.0,,0.0,,0.0,Dark,2053817,1,0.0,0.0,2.0,0.0,0.0,0.0,0.0,1.0,,0.0,0.0,Wellington Region,Nil,2-way,Sealed,0.0,0.0,0,0.0,50.0,0.0,On,0.0,0.0,,47,Wellington City,Unknown,0.0,0.0,0.0,0.0,0.0,0.0,Urban,0.0,0.0,0.0,Light rain,Null,0
67722077,,572500,0.0,,0.0,1.0,,North,2018/2019,TAYLOR TCE,MORGAN PLACE,,Non-Injury Crash,No,2018,,Null,,0,,Hill Road,,,,,,Overcast,1986400,0,0.0,0.0,2.0,,,0.0,,,,,,Wellington Region,Nil,2-way,Sealed,,0.0,0,,50.0,,Off,0.0,0.0,,47,Wellington City,Unknown,,,,,0.0,0.0,Urban,0.0,,,Fine,Null,0
67722094,,572900,0.0,,0.0,1.0,,North,2016/2017,SH 1N,TERRACE OFF SBD,,Serious Crash,Yes,2017,,South,,0,,Flat,,,,,,Bright sun,2122100,0,0.0,1.0,3.0,,,0.0,,,,,,Wellington Region,Nil,1-way,Sealed,,0.0,1,,100.0,,Null,0.0,0.0,,47,Wellington City,Unknown,,,,,0.0,0.0,Open,0.0,,,Fine,Null,0
67722095,,572500,0.0,,0.0,2.0,,North,2019/2020,MAIN RD,BOSCOBEL LANE,,Serious Crash,No,2019,,East,,0,,Flat,,,,,,Bright sun,1986300,0,0.0,0.0,2.0,,,0.0,,,,,,Wellington Region,Nil,2-way,Sealed,,0.0,1,,50.0,,Off,0.0,0.0,,47,Wellington City,Unknown,,,,,0.0,0.0,Urban,0.0,,,Fine,Null,0
67722123,,572900,0.0,,0.0,1.0,,North,2018/2019,AOTEA QUAY,AOTEA OFF SBD,,Non-Injury Crash,No,2018,,South,,0,,Flat,,,,,,Bright sun,2118400,0,0.0,0.0,3.0,,,0.0,,,,,,Wellington Region,Nil,2-way,Sealed,,0.0,0,,70.0,,Null,0.0,0.0,,47,Wellington City,Unknown,,,,,0.0,0.0,Urban,1.0,,,Fine,Null,0
67722132,,573101,1.0,,0.0,1.0,,Null,2015/2016,TORY ST,SH 1N,,Non-Injury Crash,Yes,2016,,North,,0,,Flat,,,,,,Bright sun,2136600,0,0.0,0.0,2.0,,,0.0,,,,,,Wellington Region,Nil,2-way,Sealed,,0.0,0,,50.0,,Null,0.0,0.0,,47,Wellington City,Traffic Signals,,,,,0.0,0.0,Urban,0.0,,,Fine,Null,0
67722151,,573000,0.0,,0.0,1.0,,South,2017/2018,WILLIS ST,ELLERS AVENUE,,Minor Crash,No,2018,,South,,0,,Flat,,,,,,Overcast,2129100,1,0.0,0.0,2.0,,,0.0,,,1.0,,,Wellington Region,Nil,2-way,Sealed,,0.0,0,,30.0,,Null,0.0,0.0,,47,Wellington City,Unknown,,,,,0.0,0.0,Urban,0.0,,,Fine,Null,0
67722215,,577200,0.0,,0.0,1.0,,West,2017/2018,BROADWAY,KAURI STREET,,Non-Injury Crash,No,2018,,East,,0,,Flat,,,,,,Dark,2206700,0,0.0,0.0,2.0,,,0.0,,,,,,Wellington Region,Nil,2-way,Sealed,,0.0,0,,50.0,,On,0.0,0.0,,47,Wellington City,Nil,,,,,0.0,0.0,Urban,1.0,,,Heavy rain,Strong wind,0
67722304,,573400,0.0,0.0,0.0,1.0,0.0,West,2016/2017,MAJORIBANKS ST,BROUGHAM ST,,Non-Injury Crash,No,2016,0.0,West,0.0,0,0.0,Flat,0.0,,0.0,,0.0,Overcast,2139900,0,0.0,0.0,2.0,0.0,0.0,0.0,0.0,1.0,,0.0,0.0,Wellington Region,Nil,2-way,Sealed,0.0,0.0,0,0.0,50.0,0.0,Null,0.0,0.0,,47,Wellington City,Unknown,0.0,0.0,0.0,0.0,0.0,0.0,Urban,1.0,0.0,0.0,Light rain,Null,0
67722318,,572900,0.0,,0.0,2.0,,North,2016/2017,SLIP,HINEMOA ST,,Non-Injury Crash,No,2016,,North,,0,,Flat,,,,,,Dark,2118400,0,0.0,0.0,4.0,,,0.0,,,,,,Wellington Region,Nil,2-way,Sealed,,0.0,0,,50.0,,Off,0.0,0.0,,47,Wellington City,Unknown,,,,,0.0,0.0,Urban,1.0,,,Fine,Null,0
67722327,,573101,0.0,,1.0,1.0,,West,2018/2019,CABLE ST,TORY ST,,Non-Injury Crash,No,2018,,East,,0,,Flat,,,,,,Dark,2135200,0,0.0,0.0,3.0,,,0.0,,,,,,Wellington Region,Nil,1-way,Sealed,,0.0,0,,50.0,,On,0.0,0.0,,47,Wellington City,Traffic Signals,,,,,0.0,0.0,Urban,0.0,,,Heavy rain,Strong wind,0
67722330,,573511,0.0,,0.0,1.0,,Null,2016/2017,WESTCHESTER DRIVE,CHURTON PARK OFF NBD,,Non-Injury Crash,Yes,2016,,East,,0,,Flat,,,,,,Overcast,2086203,0,0.0,0.0,2.0,,,0.0,,,,,,Wellington Region,Nil,2-way,Sealed,,0.0,0,,50.0,,Null,0.0,0.0,,47,Wellington City,Give way,,,,,0.0,0.0,Urban,0.0,,,Fine,Null,0
67722371,,573101,0.0,,0.0,2.0,,Null,2017/2018,CAMBRIDGE TERRACE,SH 1N,,Non-Injury Crash,Yes,2017,,North,,0,,Flat,,,,,,Overcast,2136700,0,0.0,0.0,3.0,,,0.0,,,,,,Wellington Region,Nil,1-way,Sealed,,0.0,0,,50.0,,Null,0.0,0.0,,47,Wellington City,Traffic Signals,,,,,0.0,0.0,Urban,0.0,,,Fine,Null,0
67722383,,573300,0.0,,0.0,1.0,,West,2018/2019,BUCKLE ST,CAMBRIDGE TERRACE,,Minor Crash,No,2018,,East,,0,,Flat,,,,,,Bright sun,2145602,1,0.0,1.0,3.0,,,0.0,,,,,,Wellington Region,Nil,1-way,Sealed,,0.0,0,,50.0,,Null,0.0,0.0,,47,Wellington City,Nil,,,,,0.0,0.0,Urban,0.0,,,Fine,Null,0
67722395,,574002,0.0,,0.0,1.0,,Null,2018/2019,NGAURANGA ON NBD,JARDEN MILE,,Non-Injury Crash,Yes,2018,,North,,0,,Flat,,,,,,Overcast,2078302,0,0.0,0.0,2.0,,,0.0,,,,,,Wellington Region,Motorway ramp,1-way,Sealed,,0.0,0,,100.0,,Null,0.0,0.0,,47,Wellington City,Traffic Signals,,,,,0.0,0.0,Open,1.0,,,Fine,Null,0
67722402,,577601,0.0,0.0,0.0,2.0,0.0,South,2015/2016,AKAROA DRIVE,ARAMOANA PLACE,,Non-Injury Crash,No,2016,0.0,South,0.0,0,0.0,Flat,0.0,,0.0,,0.0,Dark,2202001,0,0.0,0.0,2.0,0.0,0.0,0.0,0.0,1.0,,0.0,0.0,Wellington Region,Nil,2-way,Sealed,0.0,0.0,0,0.0,50.0,0.0,None,0.0,0.0,,47,Wellington City,Nil,0.0,0.0,0.0,0.0,0.0,0.0,Urban,1.0,0.0,0.0,Fine,Null,0
67722412,,573101,0.0,,0.0,2.0,,Null,2016/2017,TARANAKI ST,WAKEFIELD ST,,Non-Injury Crash,No,2016,,South,,0,,Flat,,,,,,Dark,2133200,0,0.0,0.0,3.0,,,0.0,,,,,,Wellington Region,Nil,2-way,Sealed,,0.0,0,,50.0,,On,0.0,0.0,,47,Wellington City,Traffic Signals,,,,,0.0,0.0,Urban,0.0,,,Fine,Null,0
67722436,,576901,0.0,,0.0,2.0,,Null,2015/2016,SH 1N,TROY ST,,Non-Injury Crash,Yes,2016,,South,,0,,Flat,,,,,,Bright sun,2176800,0,0.0,0.0,2.0,,,0.0,,,,,,Wellington Region,Nil,1-way,Sealed,,0.0,0,,70.0,,Null,0.0,1.0,,47,Wellington City,Give way,,,,,0.0,0.0,Urban,0.0,,,Fine,Null,0
67722452,,573000,0.0,0.0,0.0,2.0,0.0,South,2016/2017,WILLIS ST,DIXON ST,,Non-Injury Crash,No,2017,0.0,South,0.0,0,0.0,Flat,0.0,,0.0,,0.0,Bright sun,2130700,0,0.0,0.0,2.0,0.0,0.0,0.0,0.0,1.0,,0.0,0.0,Wellington Region,Nil,2-way,Sealed,0.0,0.0,0,0.0,40.0,0.0,Null,0.0,0.0,,47,Wellington City,Unknown,0.0,0.0,0.0,0.0,0.0,0.0,Urban,0.0,0.0,0.0,Fine,Null,0
67722454,,576301,0.0,0.0,0.0,1.0,0.0,South,2016/2017,RIDDIFORD ST,GORDON ST,,Minor Crash,No,2017,0.0,South,0.0,0,0.0,Flat,0.0,,0.0,,0.0,Dark,2165700,1,0.0,0.0,2.0,0.0,0.0,0.0,0.0,0.0,,0.0,1.0,Wellington Region,Nil,2-way,Sealed,0.0,0.0,0,0.0,50.0,0.0,On,0.0,0.0,,47,Wellington City,Unknown,0.0,0.0,0.0,0.0,0.0,0.0,Urban,0.0,0.0,0.0,Fine,Null,0
67722492,,572900,1.0,,0.0,0.0,,North,2017/2018,THORNDON QUAY,DAVIS ST,,Minor Crash,No,2017,,North,,0,,Flat,,,,,,Dark,2118400,1,0.0,0.0,2.0,,,0.0,,,,,,Wellington Region,Nil,2-way,Sealed,,0.0,0,,50.0,,On,0.0,0.0,,47,Wellington City,Unknown,,,,,0.0,0.0,Urban,1.0,,,Mist or Fog,Null,0
67722519,,573101,0.0,,0.0,2.0,,East,2018/2019,01N-1075/00.13-D,CUBA STREET,,Non-Injury Crash,Yes,2018,,West,,0,,Flat,,,,,,Dark,2134600,0,0.0,0.0,3.0,,,0.0,,,,,,Wellington Region,Nil,1-way,Sealed,,0.0,0,,50.0,,On,0.0,0.0,,47,Wellington City,Traffic Signals,,,,,0.0,0.0,Urban,0.0,,,Fine,Null,0
67722525,,574302,0.0,0.0,0.0,2.0,0.0,South,2018/2019,COCKAYNE ROAD,BOX HILL,,Minor Crash,No,2018,0.0,South,0.0,0,0.0,Hill Road,0.0,,0.0,,0.0,Overcast,2092600,1,0.0,0.0,2.0,0.0,0.0,0.0,0.0,1.0,,0.0,0.0,Wellington Region,Nil,2-way,Sealed,0.0,0.0,0,0.0,50.0,0.0,Null,0.0,0.0,,47,Wellington City,Unknown,0.0,0.0,0.0,0.0,0.0,0.0,Urban,1.0,0.0,0.0,Fine,Null,0
67722554,,577200,0.0,,0.0,2.0,,North,2016/2017,COBHAM DRIVE,SH 1N,,Non-Injury Crash,No,2016,,North,,0,,Flat,,,,,,Overcast,2206200,0,0.0,0.0,2.0,,,0.0,,,,,,Wellington Region,Nil,2-way,Sealed,,0.0,0,,50.0,,Off,0.0,0.0,,47,Wellington City,Unknown,,,,,0.0,0.0,Urban,0.0,,,Light rain,Null,0
67722622,,573000,0.0,,0.0,3.0,,North,2015/2016,SH 1N,NORTH PORTAL SBD,,Non-Injury Crash,Yes,2016,,South,,0,,Flat,,,,,,Bright sun,2126700,0,0.0,0.0,2.0,,,0.0,,,,,,Wellington Region,Nil,1-way,Sealed,,0.0,0,,60.0,,Null,0.0,0.0,,47,Wellington City,Unknown,,,,,0.0,0.0,Urban,0.0,,,Fine,Null,0
67722628,,576901,0.0,,0.0,2.0,,Null,2015/2016,SH 1N,EVANS BAY PARADE,,Non-Injury Crash,Yes,2016,,West,,0,,Flat,,,,,,Bright sun,2177800,0,0.0,0.0,3.0,,,0.0,,,,,,Wellington Region,Nil,1-way,Sealed,,0.0,0,,50.0,,Null,0.0,0.0,,47,Wellington City,Traffic Signals,,,,,0.0,0.0,Urban,0.0,,,Fine,Null,0
67722651,,574001,0.0,,0.0,1.0,,South,2018/2019,SH 1N,JOHNSONVILLE ON SBD,,Minor Crash,Yes,2018,,North,,0,,Hill Road,,,,,,Bright sun,2077600,1,0.0,0.0,7.0,,,0.0,,,,,,Wellington Region,Nil,2-way,Sealed,,0.0,0,,80.0,,Null,0.0,0.0,,47,Wellington City,Unknown,,,,,1.0,0.0,Open,0.0,,,Fine,Null,0
67722660,,576901,0.0,0.0,0.0,2.0,0.0,South,2015/2016,EVANS BAY PARADE,KEMP ST,,Non-Injury Crash,No,2016,0.0,North,0.0,0,0.0,Flat,0.0,,0.0,,0.0,Dark,2178101,0,0.0,0.0,2.0,0.0,0.0,0.0,0.0,1.0,,0.0,0.0,Wellington Region,Nil,2-way,Sealed,0.0,0.0,0,0.0,50.0,0.0,On,0.0,0.0,,47,Wellington City,Give way,0.0,0.0,0.0,0.0,0.0,0.0,Urban,0.0,0.0,0.0,Light rain,Null,0
67722662,,573000,0.0,0.0,0.0,2.0,0.0,North,2016/2017,WILLIS ST,WILLESTON ST,,Non-Injury Crash,No,2016,0.0,North,0.0,0,0.0,Flat,0.0,,0.0,,0.0,Bright sun,2127400,0,0.0,0.0,2.0,0.0,0.0,0.0,0.0,1.0,,0.0,0.0,Wellington Region,Nil,1-way,Sealed,0.0,0.0,0,0.0,50.0,0.0,Null,0.0,0.0,,47,Wellington City,Unknown,0.0,0.0,0.0,0.0,0.0,0.0,Urban,0.0,0.0,0.0,Null,Null,0
67722675,,573101,0.0,,1.0,0.0,,South,2017/2018,CAMBRIDGE TERRACE,COURTENAY PLACE,,Non-Injury Crash,No,2018,,North,,0,,Flat,,,,,,Bright sun,2136000,0,0.0,0.0,3.0,,,0.0,,,,,,Wellington Region,Nil,1-way,Sealed,,0.0,0,,50.0,,Null,0.0,0.0,,47,Wellington City,Unknown,,,,,0.0,0.0,Urban,1.0,,,Fine,Null,0
67722687,,576500,0.0,,0.0,2.0,,Null,2017/2018,ADELAIDE ROAD,HOSPITAL ROAD,,Non-Injury Crash,No,2017,,North,,0,,Hill Road,,,,,,Bright sun,2148500,0,0.0,0.0,4.0,,,0.0,,,,,,Wellington Region,Nil,2-way,Sealed,,0.0,0,,50.0,,Null,0.0,0.0,,47,Wellington City,Traffic Signals,,,,,0.0,0.0,Urban,0.0,,,Fine,Null,0
67722689,,576002,0.0,,0.0,1.0,,Null,2017/2018,AVON ST,THE PARADE,,Serious Crash,No,2018,,South,,0,,Flat,,,,,,Overcast,2190300,0,0.0,0.0,2.0,,,0.0,,,1.0,,,Wellington Region,Nil,2-way,Sealed,,0.0,1,,30.0,,Null,0.0,0.0,,47,Wellington City,Stop,,,,,0.0,0.0,Urban,0.0,,,Light rain,Null,0
67722763,,574302,0.0,0.0,0.0,1.0,0.0,North,2018/2019,RANGIORA AVENUE,HUTT ROAD,,Non-Injury Crash,No,2018,0.0,North,0.0,0,0.0,Hill Road,0.0,,0.0,,0.0,Dark,2091602,0,0.0,0.0,2.0,0.0,0.0,0.0,0.0,1.0,,0.0,0.0,Wellington Region,Nil,2-way,Sealed,0.0,0.0,0,0.0,50.0,0.0,On,0.0,0.0,,47,Wellington City,Unknown,0.0,0.0,0.0,0.0,0.0,0.0,Urban,1.0,0.0,0.0,Heavy rain,Null,0
67722771,,576301,0.0,,0.0,1.0,,West,2018/2019,WARIPORI ST,RUSSELL TERRACE,,Minor Crash,No,2018,,West,,0,,Flat,,,,,,Bright sun,2165800,1,0.0,0.0,2.0,,,0.0,,,1.0,,,Wellington Region,Nil,2-way,Sealed,,0.0,0,,50.0,,Null,0.0,0.0,,47,Wellington City,Unknown,,,,,0.0,0.0,Urban,0.0,,,Fine,Null,0
67722865,,577000,0.0,0.0,0.0,1.0,0.0,Null,2017/2018,ACCESS ROAD,WELLINGTON AIR TERMINAL,,Non-Injury Crash,No,2018,0.0,North,0.0,0,0.0,Flat,0.0,,0.0,,0.0,Bright sun,2175700,0,0.0,0.0,2.0,0.0,0.0,0.0,0.0,0.0,,0.0,0.0,Wellington Region,Nil,1-way,Sealed,0.0,0.0,0,0.0,50.0,0.0,Null,0.0,0.0,,47,Wellington City,Unknown,0.0,0.0,0.0,0.0,0.0,0.0,Urban,1.0,1.0,0.0,Fine,Null,0