OBJECTID,advisorySpeed,areaUnitID,bicycle,bridge,bus,carStationWagon,cliffBank,crashDirectionDescription,crashFinancialYear,crashLocation1,crashLocation2,crashRoadSideRoad,crashSeverity,crashSHDescription,crashYear,debris,directionRoleDescription,ditch,fatalCount,fence,flatHill,guardRail,holiday,houseOrBuilding,intersection,kerb,light,meshblockId,minorInjuryCount,moped,motorcycle,NumberOfLanes,objectThrownOrDropped,otherObject,otherVehicleType,overBank,parkedVehicle,pedestrian,phoneBoxEtc,postOrPole,region,roadCharacter,roadLane,roadSurface,roadworks,schoolBus,seriousInjuryCount,slipOrFlood,speedLimit,strayAnimal,streetLight,suv,taxi,temporarySpeedLimit,tlaId,tlaName,trafficControl,trafficIsland,trafficSign,train,tree,truck,unknownVehicleType,urban,vanOrUtility,vehicle,waterRiver,weatherA,weatherB,if_pandemic
67722875,,573101,0.0,,0.0,1.0,,Null,2017/2018,BOND ST,VICTORIA ST,,Minor Crash,No,2018,,South,,0,,Flat,,,,,,Overcast,2131100,1,0.0,0.0,2.0,,,0.0,,,1.0,,,Wellington Region,Nil,2-way,Sealed,,0.0,0,,30.0,,Null,0.0,0.0,,47,Wellington City,Give way,,,,,0.0,0.0,Urban,0.0,,,Light rain,Null,0
67722876,,574402,0.0,0.0,0.0,0.0,0.0,North,2016/2017,APLIN TERRACE,BOMBAY ST,,Non-Injury Crash,No,2016,0.0,South,0.0,0,0.0,Flat,0.0,,0.0,,0.0,Bright sun,2096400,0,0.0,0.0,2.0,0.0,0.0,0.0,0.0,0.0,,0.0,1.0,Wellington Region,Nil,2-way,Sealed,0.0,0.0,0,0.0,50.0,0.0,Null,0.0,0.0,,47,Wellington City,Unknown,0.0,0.0,0.0,0.0,1.0,0.0,Urban,0.0,0.0,0.0,Fine,Null,0
67722909,,575600,0.0,,1.0,1.0,,North,2018/2019,MITCHELL ST,TODMAN STREET,,Non-Injury Crash,No,2018,,Null,,0,,Flat,,Christmas New Year,,,,Overcast,2161000,0,0.0,0.0,2.0,,,0.0,,,,,,Wellington Region,Nil,2-way,Sealed,,0.0,0,,50.0,,Null,0.0,0.0,,47,Wellington City,Unknown,,,,,0.0,0.0,Urban,0.0,,,Fine,Null,0
67722914,,573000,0.0,0.0,0.0,2.0,0.0,North,2015/2016,WILLIS ST,GHUZNEE ST,,Non-Injury Crash,No,2016,0.0,South,0.0,0,0.0,Flat,0.0,,0.0,,0.0,Twilight,2130700,0,0.0,0.0,2.0,0.0,0.0,0.0,0.0,1.0,,0.0,0.0,Wellington Region,Nil,2-way,Sealed,0.0,0.0,0,0.0,50.0,0.0,On,0.0,1.0,,47,Wellington City,Unknown,0.0,0.0,0.0,0.0,0.0,0.0,Urban,0.0,0.0,0.0,Fine,Null,0
67722953,,573000,1.0,,0.0,1.0,,Null,2018/2019,VICTORIA STREET,WILLESTON STREET,,Non-Injury Crash,No,2018,,South,,0,,Flat,,,,,,Twilight,2126000,0,0.0,0.0,2.0,,,0.0,,,,,,Wellington Region,Nil,1-way,Sealed,,0.0,0,,50.0,,On,0.0,0.0,,47,Wellington City,Nil,,,,,0.0,0.0,Urban,0.0,,,Fine,Null,0
67722962,,572900,0.0,0.0,0.0,1.0,0.0,Null,2016/2017,SH 1N,TINAKORI OFF NBD,,Minor Crash,Yes,2017,0.0,North,0.0,0,0.0,Flat,1.0,,0.0,,0.0,Dark,2122000,1,0.0,0.0,3.0,0.0,0.0,0.0,0.0,0.0,,0.0,0.0,Wellington Region,Nil,1-way,Sealed,0.0,0.0,0,0.0,100.0,0.0,On,0.0,0.0,,47,Wellington City,Nil,0.0,0.0,0.0,0.0,0.0,0.0,Open,0.0,0.0,0.0,Light rain,Null,0
67723034,,572900,0.0,0.0,0.0,1.0,0.0,North,2017/2018,TINAKORI ROAD,PARK ST,,Minor Crash,No,2017,0.0,East,0.0,0,0.0,Flat,0.0,,1.0,,0.0,Bright sun,2118500,1,0.0,0.0,2.0,0.0,0.0,0.0,0.0,1.0,,0.0,0.0,Wellington Region,Nil,2-way,Sealed,0.0,0.0,0,0.0,50.0,0.0,Null,1.0,0.0,,47,Wellington City,Unknown,0.0,0.0,0.0,0.0,0.0,0.0,Urban,0.0,0.0,0.0,Fine,Null,0
67723036,,573000,0.0,,0.0,1.0,,South,2016/2017,CLIFTON TERRACE,CLIFTON ON NBD,,Serious Crash,No,2017,,North,,0,,Flat,,,,,,Dark,2126100,0,0.0,0.0,2.0,,,0.0,,,,,,Wellington Region,Nil,2-way,Sealed,,0.0,1,,100.0,,On,0.0,0.0,,47,Wellington City,Unknown,,,,,0.0,0.0,Open,1.0,,,Fine,Null,0
67723048,,573300,0.0,0.0,0.0,2.0,0.0,North,2016/2017,WALLACE ST,FINLAY TERRACE,,Minor Crash,No,2017,0.0,North,0.0,0,0.0,Flat,0.0,,0.0,,0.0,Bright sun,2146700,1,0.0,0.0,2.0,0.0,0.0,0.0,0.0,1.0,,0.0,1.0,Wellington Region,Nil,2-way,Sealed,0.0,0.0,0,0.0,50.0,0.0,Null,0.0,0.0,,47,Wellington City,Unknown,0.0,0.0,0.0,0.0,0.0,0.0,Urban,0.0,0.0,0.0,Light rain,Null,0
67723074,,576903,0.0,,0.0,2.0,,Null,2016/2017,SH 1N,RUAHINE ST,,Non-Injury Crash,Yes,2016,,North,,0,,Hill Road,,,,,,Dark,2180400,0,0.0,0.0,2.0,,,0.0,,,,,,Wellington Region,Nil,1-way,Sealed,,0.0,0,,50.0,,On,0.0,0.0,,47,Wellington City,Give way,,,,,0.0,0.0,Urban,0.0,,,Fine,Null,0
67723075,,576200,0.0,0.0,0.0,0.0,1.0,North,2017/2018,LIARDET ST,FARNHAM ST,,Non-Injury Crash,No,2018,0.0,North,0.0,0,0.0,Flat,0.0,,0.0,,0.0,Dark,2171100,0,0.0,0.0,2.0,0.0,0.0,0.0,0.0,0.0,,0.0,0.0,Wellington Region,Nil,2-way,Sealed,0.0,0.0,0,0.0,50.0,0.0,On,0.0,0.0,,47,Wellington City,Unknown,0.0,0.0,0.0,0.0,0.0,0.0,Urban,1.0,0.0,0.0,Fine,Null,0
67723081,,573101,0.0,,0.0,2.0,,Null,2018/2019,COURTENAY PLACE,TORY ST,,Non-Injury Crash,No,2018,,West,,0,,Flat,,,,,,Dark,2135600,0,0.0,0.0,2.0,,,0.0,,,,,,Wellington Region,Nil,2-way,Sealed,,0.0,0,,50.0,,On,0.0,0.0,,47,Wellington City,Traffic Signals,,,,,0.0,0.0,Urban,0.0,,,Fine,Null,0
67723187,,573101,0.0,,0.0,1.0,,Null,2018/2019,GHUZNEE ST,CUBA STREET,,Minor Crash,No,2019,,West,,0,,Flat,,Easter,,,,Dark,2133600,1,0.0,0.0,2.0,,,0.0,,,1.0,,,Wellington Region,Nil,2-way,Sealed,,0.0,0,,50.0,,On,0.0,1.0,,47,Wellington City,Traffic Signals,,,,,0.0,0.0,Urban,0.0,,,Fine,Null,0
67723194,,573000,0.0,0.0,1.0,1.0,0.0,Null,2016/2017,THE TERRACE,ALLENBY TERRACE,,Non-Injury Crash,No,2016,0.0,North,0.0,0,0.0,Hill Road,0.0,,0.0,,0.0,Bright sun,2128200,0,0.0,0.0,2.0,0.0,0.0,0.0,0.0,1.0,,0.0,0.0,Wellington Region,Nil,2-way,Sealed,0.0,0.0,0,0.0,50.0,0.0,Null,0.0,0.0,,47,Wellington City,Nil,0.0,0.0,0.0,0.0,0.0,0.0,Urban,0.0,0.0,0.0,Fine,Null,0
67723211,,572900,1.0,,0.0,1.0,,South,2018/2019,THORNDON QUAY,Davis Street,,Minor Crash,No,2019,,South,,0,,Flat,,,,,,Overcast,2122700,1,0.0,0.0,2.0,,,0.0,,,,,,Wellington Region,Nil,2-way,Sealed,,0.0,0,,50.0,,Off,0.0,0.0,,47,Wellington City,Nil,,,,,0.0,0.0,Urban,0.0,,,Fine,Strong wind,0
67723293,,577200,0.0,,0.0,2.0,,Null,2017/2018,SH 1N,CALEDONIA ST,,Minor Crash,Yes,2018,,South,,0,,Flat,,,,,,Overcast,2206500,2,0.0,0.0,4.0,,,0.0,,,,,,Wellington Region,Nil,2-way,Sealed,,0.0,0,,70.0,,Null,0.0,0.0,,47,Wellington City,Give way,,,,,0.0,0.0,Urban,0.0,,,Light rain,Null,0
67723334,,576901,0.0,,0.0,2.0,,North,2016/2017,ROSS ST,ENDEAVOUR ST,,Non-Injury Crash,No,2017,,North,,0,,Flat,,,,,,Bright sun,2177700,0,0.0,0.0,2.0,,,0.0,,,,,,Wellington Region,Nil,2-way,Sealed,,0.0,0,,50.0,,Off,0.0,0.0,,47,Wellington City,Unknown,,,,,0.0,0.0,Urban,0.0,,,Fine,Null,0
67723342,,573101,0.0,,0.0,0.0,,Null,2016/2017,WAKEFIELD ST,TARANAKI ST,,Serious Crash,No,2017,,West,,0,,Flat,,,,,,Bright sun,2133200,0,0.0,0.0,4.0,,,0.0,,,,,,Wellington Region,Nil,2-way,Sealed,,0.0,1,,50.0,,Null,1.0,0.0,,47,Wellington City,Traffic Signals,,,,,0.0,0.0,Urban,1.0,,,Fine,Null,0
67723402,,572900,0.0,,0.0,2.0,,North,2016/2017,FEATHERSTON ST,BUNNY ST,,Non-Injury Crash,No,2017,,South,,0,,Flat,,,,,,Overcast,2122800,0,0.0,0.0,4.0,,,0.0,,,,,,Wellington Region,Nil,2-way,Sealed,,0.0,0,,50.0,,Null,0.0,0.0,,47,Wellington City,Unknown,,,,,0.0,0.0,Urban,0.0,,,Fine,Null,0
67723463,,576700,0.0,0.0,0.0,1.0,0.0,North,2016/2017,EVANS BAY PARADE,BALAENA BAY,,Minor Crash,No,2017,0.0,South,0.0,0,0.0,Flat,1.0,,0.0,,0.0,Bright sun,2186900,1,0.0,0.0,2.0,0.0,0.0,0.0,0.0,1.0,,0.0,0.0,Wellington Region,Nil,2-way,Sealed,0.0,0.0,0,0.0,50.0,0.0,Null,0.0,0.0,,47,Wellington City,Unknown,0.0,0.0,0.0,0.0,0.0,0.0,Urban,1.0,0.0,0.0,Fine,Null,0
67723468,,573600,0.0,,0.0,1.0,,North,2017/2018,SH 1N,JOHNSONVILLE ON NBD,,Non-Injury Crash,Yes,2018,,North,,0,,Flat,,,,,,Dark,2081200,0,0.0,0.0,2.0,,,0.0,,,,,,Wellington Region,Nil,2-way,Sealed,,0.0,0,,100.0,,On,1.0,0.0,,47,Wellington City,Unknown,,,,,0.0,0.0,Open,0.0,,,Heavy rain,Null,0
67723520,,573000,0.0,0.0,0.0,2.0,0.0,North,2018/2019,WILLIS ST,DIXON ST,,Non-Injury Crash,No,2018,0.0,North,0.0,0,0.0,Flat,0.0,,0.0,,0.0,Overcast,2129100,0,0.0,0.0,2.0,0.0,0.0,0.0,0.0,1.0,,0.0,0.0,Wellington Region,Nil,2-way,Sealed,0.0,0.0,0,0.0,50.0,0.0,Null,0.0,1.0,,47,Wellington City,Unknown,0.0,0.0,0.0,0.0,0.0,0.0,Urban,0.0,0.0,0.0,Fine,Null,0
67723658,,573700,0.0,,0.0,2.0,,Null,2017/2018,JOHNSONVILLE ROAD,BRODERICK ROAD,,Non-Injury Crash,No,2018,,North,,0,,Flat,,,,,,Bright sun,2082900,0,0.0,0.0,2.0,,,0.0,,,,,,Wellington Region,Nil,2-way,Sealed,,0.0,0,,50.0,,Null,0.0,0.0,,47,Wellington City,Traffic Signals,,,,,0.0,0.0,Urban,0.0,,,Fine,Null,0
67723748,,573000,0.0,0.0,0.0,2.0,0.0,South,2018/2019,THE TERRACE,BOULCOTT STREET,,Non-Injury Crash,No,2018,0.0,South,0.0,0,0.0,Flat,0.0,,0.0,,0.0,Overcast,2127200,0,0.0,0.0,2.0,0.0,0.0,0.0,0.0,1.0,,0.0,0.0,Wellington Region,Nil,2-way,Sealed,0.0,0.0,0,0.0,50.0,0.0,Off,0.0,0.0,,47,Wellington City,Unknown,0.0,0.0,0.0,0.0,0.0,0.0,Urban,0.0,0.0,0.0,Fine,Null,0
67723776,,573101,0.0,,0.0,1.0,,Null,2018/2019,WILLIS STREET,FLAGSTAFF LANE,,Non-Injury Crash,No,2018,,North,,0,,Hill Road,,,,,,Overcast,2131300,0,0.0,0.0,2.0,,,0.0,,,,,,Wellington Region,Nil,2-way,Sealed,,0.0,0,,30.0,,None,0.0,0.0,,47,Wellington City,Traffic Signals,,,,,0.0,0.0,Urban,1.0,,,Light rain,Null,0
67723781,,573901,0.0,,0.0,2.0,,Null,2014/2015,STEWART DRIVE,BRACKEN ROAD,,Non-Injury Crash,No,2015,,North,,0,,Flat,,,,,,Bright sun,2073400,0,0.0,0.0,2.0,,,0.0,,,,,,Wellington Region,Nil,2-way,Sealed,,0.0,0,,50.0,,Null,0.0,0.0,,47,Wellington City,Give way,,,,,0.0,0.0,Urban,0.0,,,Fine,Null,0
67723797,,573101,0.0,,0.0,1.0,,Null,2015/2016,WAKEFIELD ST,TARANAKI ST,,Non-Injury Crash,No,2016,,North,,0,,Flat,,,,,,Overcast,2133200,0,0.0,0.0,5.0,,,0.0,,,,,,Wellington Region,Nil,1-way,Sealed,,0.0,0,,50.0,,Null,0.0,0.0,,47,Wellington City,Traffic Signals,,,,,1.0,0.0,Urban,0.0,,,Light rain,Null,0
67723972,,572900,0.0,,0.0,2.0,,Null,2018/2019,TINAKORI ROAD,HILL ST,,Minor Crash,No,2018,,South,,0,,Flat,,,,,,Dark,2121600,1,0.0,0.0,2.0,,,0.0,,,,,,Wellington Region,Nil,2-way,Sealed,,0.0,0,,50.0,,On,0.0,0.0,,47,Wellington City,Give way,,,,,0.0,0.0,Urban,0.0,,,Fine,Null,0
67724005,,574800,0.0,,0.0,0.0,,Null,2015/2016,FRIEND ST,RAINE ST,,Minor Crash,No,2016,,West,,0,,Flat,,,,,,Dark,2107500,1,0.0,1.0,1.0,,,0.0,,,,,,Wellington Region,Nil,2-way,Sealed,,0.0,0,,50.0,,On,0.0,0.0,,47,Wellington City,Give way,,,,,0.0,0.0,Urban,0.0,,,Fine,Null,0
67724017,,574500,0.0,0.0,0.0,1.0,0.0,North,2015/2016,SH 1N,AOTEA OFF SBD,,Non-Injury Crash,Yes,2015,0.0,South,0.0,0,0.0,Flat,1.0,Labour Weekend,0.0,,0.0,Dark,2093600,0,0.0,0.0,3.0,0.0,0.0,0.0,0.0,0.0,,0.0,0.0,Wellington Region,Nil,1-way,Sealed,0.0,0.0,0,0.0,100.0,0.0,On,0.0,0.0,,47,Wellington City,Unknown,0.0,0.0,0.0,0.0,0.0,0.0,Open,0.0,0.0,0.0,Light rain,Null,0
67724064,,575800,0.0,0.0,0.0,2.0,0.0,South,2018/2019,THE RIDGEWAY,WENTWORTH ST,,Non-Injury Crash,No,2018,0.0,North,0.0,0,0.0,Hill Road,0.0,,0.0,,0.0,Twilight,2196901,0,0.0,0.0,2.0,0.0,0.0,0.0,0.0,1.0,,0.0,1.0,Wellington Region,Nil,2-way,Sealed,0.0,0.0,0,0.0,50.0,0.0,Off,0.0,0.0,,47,Wellington City,Unknown,0.0,0.0,0.0,0.0,0.0,0.0,Urban,0.0,0.0,0.0,Fine,Null,0
67724183,,573400,0.0,0.0,0.0,2.0,0.0,East,2015/2016,MAJORIBANKS ST,LIPMAN ST,,Non-Injury Crash,No,2015,0.0,East,0.0,0,0.0,Hill Road,0.0,,0.0,,0.0,Dark,2139900,0,0.0,0.0,2.0,0.0,0.0,0.0,0.0,1.0,,0.0,0.0,Wellington Region,Nil,2-way,Sealed,0.0,0.0,0,0.0,50.0,0.0,On,0.0,0.0,,47,Wellington City,Nil,0.0,0.0,0.0,0.0,0.0,0.0,Urban,0.0,0.0,0.0,Fine,Null,0
67724194,,577301,0.0,0.0,0.0,1.0,0.0,East,2018/2019,CAMPERDOWN ROAD,PARK ROAD,,Non-Injury Crash,No,2018,0.0,East,0.0,0,0.0,Flat,0.0,,0.0,,0.0,Overcast,2202900,0,0.0,0.0,2.0,0.0,0.0,0.0,0.0,1.0,,0.0,0.0,Wellington Region,Nil,2-way,Sealed,0.0,0.0,0,0.0,50.0,0.0,Null,1.0,0.0,,47,Wellington City,Unknown,0.0,0.0,0.0,0.0,0.0,0.0,Urban,0.0,0.0,0.0,Null,Null,0
67724230,,573526,0.0,0.0,0.0,1.0,0.0,West,2017/2018,SH 2,SERVICE STN NTH,,Minor Crash,Yes,2018,0.0,East,0.0,0,0.0,Flat,1.0,,0.0,,0.0,Dark,2077503,1,0.0,0.0,2.0,0.0,0.0,0.0,0.0,0.0,,0.0,0.0,Wellington Region,Nil,2-way,Sealed,0.0,0.0,0,0.0,100.0,0.0,On,0.0,0.0,,47,Wellington City,Unknown,0.0,0.0,0.0,0.0,0.0,0.0,Open,0.0,0.0,0.0,Light rain,Null,0
67724254,,574800,0.0,0.0,0.0,1.0,0.0,East,2017/2018,KARORI ROAD,HATTON ST,,Non-Injury Crash,No,2017,0.0,East,0.0,0,0.0,Flat,0.0,,0.0,,0.0,Bright sun,2107003,0,0.0,0.0,2.0,0.0,0.0,0.0,0.0,1.0,,0.0,0.0,Wellington Region,Nil,2-way,Sealed,0.0,0.0,0,0.0,50.0,0.0,Null,1.0,0.0,,47,Wellington City,Unknown,0.0,0.0,0.0,0.0,0.0,0.0,Urban,0.0,0.0,0.0,Fine,Null,0
67724302,,575100,0.0,0.0,0.0,0.0,0.0,North,2018/2019,VERVIERS STREET,Shotter Street,,Minor Crash,No,2019,0.0,North,0.0,0,0.0,Hill Road,1.0,,0.0,,0.0,Dark,2115100,1,0.0,0.0,2.0,0.0,0.0,0.0,0.0,0.0,,0.0,0.0,Wellington Region,Nil,2-way,Sealed,0.0,0.0,0,0.0,50.0,0.0,On,0.0,0.0,,47,Wellington City,Unknown,0.0,0.0,0.0,0.0,0.0,0.0,Urban,1.0,0.0,0.0,Fine,Null,0
67724351,,574800,0.0,,0.0,0.0,,Null,2014/2015,OLD KARORI ROAD,ROSEHAUGH AVENUE,,Serious Crash,No,2015,,North,,0,,Hill Road,,,,,,Dark,2106000,0,1.0,0.0,2.0,,,0.0,,,,,,Wellington Region,Nil,2-way,Unsealed,,0.0,1,,50.0,,On,0.0,0.0,,47,Wellington City,Nil,,,,,0.0,0.0,Urban,0.0,,,Heavy rain,Null,0
67724373,,573000,0.0,,0.0,2.0,,Null,2015/2016,JERVOIS QUAY,HUNTER ST,,Non-Injury Crash,No,2016,,South,,0,,Flat,,,,,,Dark,2125900,0,0.0,0.0,6.0,,,0.0,,,,,,Wellington Region,Nil,2-way,Sealed,,0.0,0,,50.0,,On,0.0,0.0,,47,Wellington City,Traffic Signals,,,,,0.0,0.0,Urban,0.0,,,Fine,Null,0
67724384,,573101,0.0,,0.0,1.0,,North,2018/2019,BLAIR ST,COURTENAY PLACE,,Non-Injury Crash,No,2018,,North,,0,,Flat,,,,,,Dark,2135700,0,0.0,0.0,2.0,,,0.0,,,,,,Wellington Region,Nil,2-way,Sealed,,0.0,0,,30.0,,On,0.0,0.0,,47,Wellington City,Unknown,,,,,0.0,0.0,Urban,0.0,,,Fine,Null,0
67724402,,573523,0.0,0.0,0.0,2.0,0.0,North,2017/2018,MARK AVENUE,ST KITTS PLACE,,Non-Injury Crash,No,2018,0.0,South,0.0,0,0.0,Hill Road,0.0,,0.0,,0.0,Dark,2086307,0,0.0,0.0,2.0,0.0,0.0,0.0,0.0,1.0,,0.0,0.0,Wellington Region,Nil,2-way,Sealed,0.0,0.0,0,0.0,50.0,0.0,On,0.0,0.0,,47,Wellington City,Unknown,0.0,0.0,0.0,0.0,0.0,0.0,Urban,1.0,0.0,0.0,Fine,Null,0
67724411,,573525,0.0,,0.0,0.0,,North,2015/2016,BING LUCAS DRIVE,GLADYS SCOTT PLACE,,Non-Injury Crash,No,2016,,West,,0,,Hill Road,,,,,,Twilight,2053828,0,0.0,0.0,2.0,,,0.0,,,,,,Wellington Region,Nil,2-way,Sealed,,0.0,0,,50.0,,On,0.0,0.0,,47,Wellington City,Nil,,,,,1.0,0.0,Urban,1.0,,,Fine,Null,0
67724415,,573101,0.0,,0.0,1.0,,Null,2015/2016,CUBA ST,SH 1N,,Minor Crash,Yes,2016,,West,,0,,Flat,,,,,,Dark,2132100,1,0.0,0.0,2.0,,,0.0,,,1.0,,,Wellington Region,Nil,1-way,Sealed,,0.0,0,,50.0,,On,0.0,0.0,,47,Wellington City,Traffic Signals,,,,,0.0,0.0,Urban,0.0,,,Light rain,Null,0
67724417,,576600,1.0,,0.0,2.0,,East,2015/2016,ORIENTAL PARADE,ORIENTAL TERRACE E,,Minor Crash,No,2016,,East,,0,,Flat,,,,,,Bright sun,2137900,1,0.0,0.0,2.0,,,0.0,,,,,,Wellington Region,Nil,2-way,Sealed,,0.0,0,,40.0,,Null,0.0,0.0,,47,Wellington City,Give way,,,,,0.0,0.0,Urban,0.0,,,Fine,Null,0
67724446,,572900,0.0,,0.0,1.0,,Null,2017/2018,LAMBTON QUAY,BOWEN ST,,Non-Injury Crash,No,2018,,West,,0,,Hill Road,,,,,,Dark,2122400,0,0.0,0.0,4.0,,,0.0,,,1.0,,,Wellington Region,Nil,2-way,Sealed,,0.0,0,,50.0,,On,0.0,0.0,,47,Wellington City,Traffic Signals,,,,,0.0,0.0,Urban,0.0,,,Light rain,Null,0
67724456,,573101,0.0,0.0,0.0,1.0,0.0,North,2017/2018,WILLIS ST,DIXON ST,,Non-Injury Crash,No,2018,0.0,South,0.0,0,0.0,Flat,0.0,,0.0,,0.0,Overcast,2131300,0,0.0,1.0,2.0,0.0,0.0,0.0,0.0,1.0,,0.0,0.0,Wellington Region,Nil,2-way,Sealed,0.0,0.0,0,0.0,50.0,0.0,Null,0.0,0.0,,47,Wellington City,Unknown,0.0,0.0,0.0,0.0,0.0,0.0,Urban,0.0,0.0,0.0,Fine,Null,0
67724484,,575000,0.0,0.0,0.0,1.0,0.0,West,2018/2019,BIRDWOOD ST,CHAYTOR ST,,Non-Injury Crash,No,2018,0.0,West,0.0,0,0.0,Flat,0.0,,0.0,,0.0,Dark,2111100,0,0.0,0.0,2.0,0.0,0.0,0.0,0.0,0.0,,0.0,0.0,Wellington Region,Nil,2-way,Sealed,0.0,0.0,0,0.0,50.0,0.0,On,0.0,0.0,,47,Wellington City,Unknown,0.0,0.0,0.0,1.0,0.0,0.0,Urban,0.0,0.0,0.0,Fine,Null,0
67724518,,572500,0.0,,0.0,1.0,,North,2017/2018,MAIN ROAD,REDWOOD AVENUE,,Non-Injury Crash,No,2018,,South,,0,,Flat,,,,,,Twilight,1986300,0,1.0,0.0,2.0,,,0.0,,,,,,Wellington Region,Nil,2-way,Sealed,,0.0,0,,50.0,,On,0.0,0.0,,47,Wellington City,Nil,,,,,0.0,0.0,Urban,0.0,,,Fine,Null,0
67724530,,572900,0.0,,0.0,2.0,,Null,2017/2018,FEATHERSTON ST,BUNNY ST,,Non-Injury Crash,No,2018,,South,,0,,Flat,,,,,,Overcast,2122800,0,0.0,0.0,5.0,,,0.0,,,,,,Wellington Region,Nil,2-way,Sealed,,0.0,0,,50.0,,Null,0.0,0.0,,47,Wellington City,Traffic Signals,,,,,0.0,0.0,Urban,0.0,,,Heavy rain,Strong wind,0
67724541,,573000,0.0,,0.0,2.0,,North,2016/2017,BALLANCE ST,STOUT ST,,Non-Injury Crash,No,2016,,North,,0,,Flat,,,,,,Dark,2124100,0,0.0,0.0,2.0,,,0.0,,,,,,Wellington Region,Nil,2-way,Sealed,,0.0,0,,50.0,,On,0.0,1.0,,47,Wellington City,Unknown,,,,,0.0,0.0,Urban,0.0,,,Null,Null,0
67724547,,573700,0.0,,0.0,2.0,,North,2015/2016,JOHNSONVILLE ROAD,FRASER AVENUE,,Non-Injury Crash,No,2016,,South,,0,,Flat,,,,,,Overcast,2083100,0,0.0,0.0,5.0,,,0.0,,,,,,Wellington Region,Nil,2-way,Sealed,,0.0,0,,50.0,,Null,0.0,0.0,,47,Wellington City,Unknown,,,,,0.0,0.0,Urban,0.0,,,Heavy rain,Null,0
67724582,,576700,0.0,,0.0,1.0,,Null,2017/2018,ROSENEATH TERRACE,PALLISER ROAD,,Non-Injury Crash,No,2017,,West,,0,,Hill Road,,,,,,Bright sun,2185800,0,0.0,0.0,2.0,,,0.0,,,,,,Wellington Region,Nil,2-way,Sealed,,0.0,0,,50.0,,Null,0.0,0.0,,47,Wellington City,Give way,,,,,0.0,0.0,Urban,1.0,,,Null,Null,0
67724594,,572701,0.0,0.0,0.0,0.0,0.0,North,2018/2019,COATES ST,NORTH ST,,Minor Crash,No,2018,0.0,North,0.0,0,0.0,Flat,0.0,,0.0,,0.0,Bright sun,1995800,1,0.0,0.0,2.0,0.0,0.0,0.0,0.0,1.0,,0.0,0.0,Wellington Region,Nil,2-way,Sealed,0.0,0.0,0,0.0,50.0,0.0,Null,1.0,0.0,,47,Wellington City,Unknown,0.0,0.0,0.0,0.0,1.0,0.0,Urban,1.0,0.0,0.0,Fine,Null,0
67724609,,573200,0.0,,0.0,1.0,,West,2014/2015,BROOKLYN ROAD,NAIRN ST N,,Non-Injury Crash,No,2015,,North,,0,,Flat,,,,,,Overcast,2159500,0,0.0,0.0,1.0,,,0.0,,,,,,Wellington Region,Nil,2-way,Sealed,,0.0,0,,50.0,,Null,0.0,0.0,,47,Wellington City,Give way,,,,,0.0,0.0,Urban,0.0,,,Fine,Null,0
67724619,,573000,0.0,0.0,0.0,2.0,0.0,North,2014/2015,VICTORIA ST,HARRIS ST,,Non-Injury Crash,No,2015,0.0,South,0.0,0,0.0,Flat,0.0,,0.0,,0.0,Overcast,2127400,0,0.0,0.0,3.0,0.0,0.0,0.0,0.0,1.0,,0.0,0.0,Wellington Region,Nil,1-way,Sealed,0.0,0.0,0,0.0,50.0,0.0,Off,0.0,1.0,,47,Wellington City,Nil,0.0,0.0,0.0,0.0,0.0,0.0,Urban,0.0,0.0,0.0,Fine,Null,0
67724623,,573101,0.0,,0.0,1.0,,Null,2014/2015,COURTENAY PLACE,ALLEN ST,,Non-Injury Crash,No,2015,,East,,0,,Flat,,,,,,Dark,2135700,0,1.0,0.0,2.0,,,0.0,,,,,,Wellington Region,Nil,2-way,Sealed,,0.0,0,,30.0,,On,0.0,1.0,,47,Wellington City,Nil,,,,,0.0,0.0,Urban,0.0,,,Heavy rain,Null,0
67724648,,576901,0.0,,0.0,2.0,,East,2017/2018,SH 1N,EVANS BAY PARADE,,Non-Injury Crash,Yes,2018,,East,,0,,Flat,,,,,,Bright sun,2177800,0,0.0,0.0,4.0,,,0.0,,,,,,Wellington Region,Nil,2-way,Sealed,,0.0,0,,70.0,,Null,1.0,0.0,,47,Wellington City,Unknown,,,,,0.0,0.0,Urban,0.0,,,Fine,Strong wind,0
67724667,,576600,0.0,,0.0,1.0,,Null,2016/2017,ORIENTAL PARADE,ORIENTAL TERRACE,,Minor Crash,No,2016,,East,,0,,Flat,,,,,,Bright sun,2137900,1,1.0,0.0,2.0,,,0.0,,,,,,Wellington Region,Nil,2-way,Sealed,,0.0,0,,40.0,,Null,0.0,0.0,,47,Wellington City,Nil,,,,,0.0,0.0,Urban,0.0,,,Fine,Null,0
67724688,,574402,0.0,0.0,0.0,1.0,0.0,East,2018/2019,ABBOTT ST,IMLAY CRESCENT,,Non-Injury Crash,No,2018,0.0,West,0.0,0,0.0,Hill Road,0.0,,0.0,,0.0,Twilight,2096600,0,0.0,0.0,2.0,0.0,0.0,0.0,0.0,1.0,,0.0,0.0,Wellington Region,Nil,2-way,Sealed,0.0,0.0,0,0.0,50.0,0.0,On,0.0,0.0,,47,Wellington City,Unknown,0.0,0.0,0.0,0.0,1.0,0.0,Urban,0.0,0.0,0.0,Fine,Null,0
67724724,,577302,0.0,,0.0,1.0,,Null,2016/2017,PARK ROAD,REX STREET,,Minor Crash,No,2016,,South,,0,,Flat,,,,,,Twilight,2205600,1,0.0,0.0,2.0,,,0.0,,,,,,Wellington Region,Nil,2-way,Sealed,,0.0,0,,50.0,,Off,1.0,0.0,,47,Wellington City,Give way,,,,,0.0,0.0,Urban,0.0,,,Fine,Null,0