OBJECTID,advisorySpeed,areaUnitID,bicycle,bridge,bus,carStationWagon,cliffBank,crashDirectionDescription,crashFinancialYear,crashLocation1,crashLocation2,crashRoadSideRoad,crashSeverity,crashSHDescription,crashYear,debris,directionRoleDescription,ditch,fatalCount,fence,flatHill,guardRail,holiday,houseOrBuilding,intersection,kerb,light,meshblockId,minorInjuryCount,moped,motorcycle,NumberOfLanes,objectThrownOrDropped,otherObject,otherVehicleType,overBank,parkedVehicle,pedestrian,phoneBoxEtc,postOrPole,region,roadCharacter,roadLane,roadSurface,roadworks,schoolBus,seriousInjuryCount,slipOrFlood,speedLimit,strayAnimal,streetLight,suv,taxi,temporarySpeedLimit,tlaId,tlaName,trafficControl,trafficIsland,trafficSign,train,tree,truck,unknownVehicleType,urban,vanOrUtility,vehicle,waterRiver,weatherA,weatherB,if_pandemic
67724750,,573101,0.0,0.0,0.0,2.0,0.0,East,2018/2019,"GHUZNEE STREET, TE ARO, WELLINGTON",LEEDS STREET,,Minor Crash,No,2019,0.0,East,0.0,0,0.0,Flat,0.0,,0.0,,0.0,Bright sun,2133600,1,0.0,0.0,2.0,0.0,0.0,0.0,0.0,1.0,,0.0,0.0,Wellington Region,Nil,2-way,Sealed,0.0,0.0,0,0.0,50.0,0.0,None,0.0,0.0,,47,Wellington City,Unknown,0.0,0.0,0.0,0.0,0.0,0.0,Urban,0.0,0.0,0.0,Fine,Null,0
67724762,,576500,0.0,,0.0,2.0,,North,2018/2019,ADELAIDE ROAD,OXFORD ST,,Non-Injury Crash,No,2018,,South,,0,,Flat,,,,,,Overcast,2148100,0,0.0,0.0,4.0,,,0.0,,,,,,Wellington Region,Nil,2-way,Sealed,,0.0,0,,50.0,,Null,0.0,0.0,,47,Wellington City,Nil,,,,,0.0,0.0,Urban,0.0,,,Fine,Null,0
67724789,,575500,0.0,0.0,0.0,1.0,1.0,Null,2016/2017,ARO ST,HOLLOWAY ROAD,,Serious Crash,No,2016,0.0,North,0.0,0,0.0,Hill Road,0.0,,0.0,,0.0,Dark,2156500,0,0.0,0.0,2.0,0.0,0.0,0.0,0.0,0.0,,0.0,0.0,Wellington Region,Nil,2-way,Sealed,0.0,0.0,1,0.0,50.0,0.0,On,0.0,0.0,,47,Wellington City,Nil,0.0,0.0,0.0,0.0,0.0,0.0,Urban,0.0,0.0,0.0,Light rain,Null,0
67724805,,576903,0.0,0.0,0.0,1.0,0.0,South,2015/2016,QUEENS DRIVE,CRUICKSHANK ST,,Non-Injury Crash,No,2016,0.0,North,0.0,0,0.0,Flat,0.0,,0.0,,0.0,Bright sun,2179600,0,0.0,0.0,2.0,0.0,0.0,0.0,0.0,1.0,,0.0,0.0,Wellington Region,Nil,2-way,Sealed,0.0,0.0,0,0.0,50.0,0.0,Null,0.0,0.0,,47,Wellington City,Give way,0.0,0.0,0.0,0.0,1.0,0.0,Urban,0.0,0.0,0.0,Fine,Null,0
67724866,,576301,0.0,,0.0,1.0,,South,2017/2018,ADELAIDE ROAD,JOHN ST,,Minor Crash,No,2018,,North,,0,,Hill Road,,,,,,Overcast,2163400,1,1.0,0.0,2.0,,,0.0,,,,,,Wellington Region,Nil,2-way,Sealed,,0.0,0,,50.0,,Null,0.0,0.0,,47,Wellington City,Nil,,,,,0.0,0.0,Urban,0.0,,,Light rain,Null,0
67724886,,574303,0.0,0.0,0.0,2.0,0.0,North,2018/2019,NEWLANDS OFF NBD,SH 1N,,Non-Injury Crash,Yes,2018,0.0,North,0.0,0,0.0,Null,0.0,,0.0,,0.0,Dark,2084302,0,0.0,0.0,2.0,0.0,0.0,0.0,0.0,1.0,,0.0,0.0,Wellington Region,Nil,1-way,Sealed,0.0,0.0,0,0.0,50.0,0.0,On,0.0,0.0,,47,Wellington City,Unknown,0.0,0.0,0.0,0.0,0.0,0.0,Urban,0.0,0.0,0.0,Null,Null,0
67724895,,573101,0.0,,0.0,1.0,,Null,2015/2016,GHUZNEE ST,CUBA ST,,Minor Crash,No,2015,,East,,0,,Flat,,,,,,Bright sun,2133500,1,0.0,0.0,2.0,,,0.0,,,1.0,,,Wellington Region,Nil,2-way,Sealed,,0.0,0,,50.0,,Null,0.0,0.0,,47,Wellington City,Traffic Signals,,,,,0.0,0.0,Urban,0.0,,,Fine,Null,0
67724915,,572900,0.0,,0.0,2.0,,South,2014/2015,SH 1N,HAWKESTONE OBR,,Non-Injury Crash,Yes,2015,,South,,0,,Flat,,,,,,Bright sun,2120000,0,0.0,0.0,6.0,,,0.0,,,,,,Wellington Region,Nil,2-way,Sealed,,0.0,0,,100.0,,Null,0.0,0.0,,47,Wellington City,Unknown,,,,,0.0,0.0,Open,0.0,,,Fine,Null,0
67725048,,576002,0.0,0.0,0.0,2.0,0.0,Null,2018/2019,BRIGHTON STREET,LIFFEY STREET,,Non-Injury Crash,No,2018,0.0,North,0.0,0,0.0,Hill Road,0.0,Labour Weekend,0.0,,0.0,Bright sun,2189400,0,0.0,0.0,2.0,0.0,0.0,0.0,0.0,1.0,,0.0,0.0,Wellington Region,Nil,2-way,Sealed,0.0,0.0,0,0.0,50.0,0.0,Null,0.0,0.0,,47,Wellington City,Nil,0.0,0.0,0.0,0.0,0.0,0.0,Urban,0.0,0.0,0.0,Fine,Null,0
67725129,,573700,0.0,,0.0,1.0,,South,2015/2016,JOHNSONVILLE ROAD,MOOREFIELD ROAD,,Non-Injury Crash,No,2015,,North,,0,,Flat,,,,,,Bright sun,2082800,0,0.0,0.0,2.0,,,0.0,,,,,,Wellington Region,Nil,2-way,Sealed,,0.0,0,,50.0,,Null,1.0,0.0,,47,Wellington City,Nil,,,,,0.0,0.0,Urban,0.0,,,Fine,Null,0
67725145,,572701,0.0,0.0,0.0,0.0,0.0,Null,2015/2016,MAIN ROAD,MCLELLAN ST,,Non-Injury Crash,No,2016,0.0,North,0.0,0,0.0,Flat,0.0,,0.0,,0.0,Bright sun,1994707,0,0.0,0.0,2.0,0.0,1.0,0.0,0.0,0.0,,0.0,0.0,Wellington Region,Nil,2-way,Sealed,0.0,0.0,0,0.0,50.0,0.0,Null,0.0,0.0,,47,Wellington City,Give way,0.0,0.0,0.0,0.0,0.0,0.0,Urban,1.0,0.0,0.0,Fine,Null,0
67725179,,576700,0.0,,0.0,2.0,,South,2014/2015,GRAFTON ROAD,THE CRESCENT S,,Non-Injury Crash,No,2015,,North,,0,,Hill Road,,,,,,Bright sun,2185800,0,0.0,0.0,2.0,,,0.0,,,,,,Wellington Region,Nil,2-way,Sealed,,0.0,0,,50.0,,Off,0.0,0.0,,47,Wellington City,Nil,,,,,0.0,0.0,Urban,0.0,,,Fine,Null,0
67725230,,573511,0.0,0.0,0.0,1.0,0.0,South,2016/2017,MIDDLETON ROAD,WILLOWBANK ROAD,,Serious Crash,No,2016,0.0,South,0.0,0,1.0,Flat,0.0,,0.0,,0.0,Bright sun,2086201,0,0.0,0.0,2.0,0.0,0.0,0.0,0.0,0.0,,0.0,0.0,Wellington Region,Nil,2-way,Sealed,0.0,0.0,1,0.0,50.0,0.0,Null,0.0,0.0,,47,Wellington City,Unknown,0.0,0.0,0.0,0.0,0.0,0.0,Urban,0.0,0.0,0.0,Light rain,Null,0
67725299,,572900,0.0,,0.0,1.0,,Null,2018/2019,AOTEA QUAY,AOTEA QUAY OFF RAMP,,Non-Injury Crash,No,2019,,South,,0,,Null,,,,,,Overcast,2118400,0,0.0,0.0,4.0,,,0.0,,,,,,Wellington Region,Nil,2-way,Sealed,,0.0,0,,70.0,,Off,0.0,0.0,,47,Wellington City,Nil,,,,,0.0,0.0,Urban,1.0,,,Heavy rain,Null,0
67725306,,573101,0.0,,0.0,1.0,,Null,2015/2016,TARANAKI ST,SH 1N,,Non-Injury Crash,Yes,2016,,South,,0,,Flat,,,,,,Overcast,2133800,0,0.0,0.0,5.0,,,0.0,,,,,,Wellington Region,Nil,2-way,Sealed,,0.0,0,,50.0,,Null,0.0,0.0,,47,Wellington City,Traffic Signals,,,,,1.0,0.0,Urban,0.0,,,Light rain,Null,0
67725331,,576301,0.0,,0.0,1.0,,West,2017/2018,WALLACE ST,TASMAN ST,,Minor Crash,No,2018,,West,,0,,Null,,,,,,Bright sun,2163300,1,0.0,1.0,2.0,,,0.0,,,,,,Wellington Region,Nil,2-way,Sealed,,0.0,0,,50.0,,Null,0.0,0.0,,47,Wellington City,Unknown,,,,,0.0,0.0,Urban,0.0,,,Fine,Null,0
67725386,,572701,0.0,0.0,0.0,1.0,1.0,South,2015/2016,HANDYSIDE ST,MEXTED TERRACE,,Non-Injury Crash,No,2015,0.0,South,0.0,0,0.0,Hill Road,0.0,,0.0,,1.0,Bright sun,1993000,0,0.0,0.0,2.0,0.0,0.0,0.0,0.0,0.0,,0.0,0.0,Wellington Region,Nil,2-way,Sealed,0.0,0.0,0,0.0,50.0,0.0,Null,0.0,0.0,,47,Wellington City,Unknown,0.0,0.0,0.0,0.0,0.0,0.0,Urban,0.0,0.0,0.0,Fine,Null,0
67725448,,573000,0.0,,0.0,1.0,,Null,2016/2017,WHITMORE ST,FEATHERSTON ST,,Non-Injury Crash,No,2017,,South,,0,,Flat,,,,,,Overcast,2123800,0,0.0,0.0,2.0,,,0.0,,,,,,Wellington Region,Nil,1-way,Sealed,,0.0,0,,50.0,,Null,1.0,0.0,,47,Wellington City,Traffic Signals,,,,,0.0,0.0,Urban,0.0,,,Light rain,Null,0
67725454,,575902,0.0,0.0,0.0,4.0,0.0,North,2015/2016,OHIRO ROAD,HAPPY VALLEY ROAD,,Non-Injury Crash,No,2016,0.0,North,0.0,0,0.0,Flat,0.0,,0.0,,0.0,Dark,2187307,0,0.0,0.0,2.0,0.0,0.0,0.0,0.0,3.0,,0.0,0.0,Wellington Region,Nil,2-way,Sealed,0.0,0.0,0,0.0,70.0,0.0,On,0.0,0.0,,47,Wellington City,Unknown,0.0,0.0,0.0,0.0,0.0,0.0,Urban,0.0,0.0,0.0,Fine,Null,0
67725505,,573000,0.0,0.0,0.0,2.0,0.0,South,2017/2018,THE TERRACE,MOUNT ST,,Non-Injury Crash,No,2018,0.0,North,0.0,0,0.0,Flat,0.0,,0.0,,0.0,Bright sun,2129200,0,0.0,0.0,2.0,0.0,0.0,0.0,0.0,1.0,,0.0,0.0,Wellington Region,Nil,2-way,Sealed,0.0,0.0,0,0.0,50.0,0.0,Null,0.0,0.0,,47,Wellington City,Unknown,0.0,0.0,0.0,0.0,0.0,0.0,Urban,0.0,0.0,0.0,Fine,Null,0
67725519,,573700,0.0,,0.0,1.0,,Null,2017/2018,JOHNSONVILLE ROAD,DISRAELI ST,,Non-Injury Crash,No,2018,,North,,0,,Flat,,,,,,Dark,2082900,0,0.0,0.0,3.0,,,0.0,,,1.0,,,Wellington Region,Nil,2-way,Sealed,,0.0,0,,50.0,,On,0.0,0.0,,47,Wellington City,Give way,,,,,0.0,0.0,Urban,0.0,,,Fine,Null,0
67725541,,573000,0.0,0.0,0.0,2.0,0.0,North,2018/2019,WATERLOO QUAY,CUSTOMHOUSE QUAY,,Non-Injury Crash,No,2018,0.0,North,0.0,0,0.0,Flat,0.0,,0.0,,0.0,Dark,2124300,0,0.0,0.0,3.0,0.0,0.0,0.0,0.0,1.0,,0.0,0.0,Wellington Region,Nil,1-way,Sealed,0.0,0.0,0,0.0,50.0,0.0,On,0.0,0.0,,47,Wellington City,Unknown,0.0,0.0,0.0,0.0,0.0,0.0,Urban,0.0,0.0,0.0,Fine,Null,0
67725582,,575300,0.0,,0.0,2.0,,North,2016/2017,KELBURN PARADE,GLASGOW ST,,Non-Injury Crash,No,2016,,North,,0,,Hill Road,,,,,,Overcast,2155300,0,0.0,0.0,2.0,,,0.0,,,,,,Wellington Region,Nil,2-way,Sealed,,0.0,0,,50.0,,Null,0.0,0.0,,47,Wellington City,Unknown,,,,,0.0,0.0,Urban,0.0,,,Null,Null,0
67725597,,575600,0.0,0.0,0.0,2.0,0.0,South,2017/2018,TODMAN ST,CHARLOTTE AVENUE,,Non-Injury Crash,No,2018,0.0,South,0.0,0,0.0,Hill Road,0.0,,0.0,,0.0,Bright sun,2161700,0,0.0,0.0,2.0,0.0,0.0,0.0,0.0,1.0,,0.0,0.0,Wellington Region,Nil,2-way,Sealed,0.0,0.0,0,0.0,50.0,0.0,Null,0.0,0.0,,47,Wellington City,Unknown,0.0,0.0,0.0,0.0,0.0,0.0,Urban,0.0,0.0,0.0,Fine,Null,0
67725638,,576301,0.0,,0.0,1.0,,Null,2017/2018,JOHN ST,HANSON ST,,Minor Crash,No,2017,,West,,0,,Flat,,Labour Weekend,,,,Bright sun,2163300,1,0.0,1.0,2.0,,,0.0,,,,,,Wellington Region,Nil,2-way,Sealed,,0.0,0,,50.0,,Null,0.0,0.0,,47,Wellington City,Traffic Signals,,,,,0.0,0.0,Urban,0.0,,,Fine,Null,0
67725639,,575300,0.0,,0.0,2.0,,North,2017/2018,KELBURN PARADE,FAIRLIE TERRACE,,Non-Injury Crash,No,2018,,South,,0,,Hill Road,,,,,,Bright sun,2155200,0,0.0,0.0,2.0,,,0.0,,,,,,Wellington Region,Nil,2-way,Sealed,,0.0,0,,50.0,,Null,0.0,0.0,,47,Wellington City,Unknown,,,,,0.0,0.0,Urban,0.0,,,Fine,Null,0
67725656,,572900,1.0,,0.0,1.0,,Null,2016/2017,BUNNY ST,ACCESS ROAD,,Minor Crash,No,2017,,South,,0,,Flat,,,,,,Bright sun,2122700,1,0.0,0.0,2.0,,,0.0,,,,,,Wellington Region,Nil,2-way,Sealed,,0.0,0,,50.0,,Null,0.0,0.0,,47,Wellington City,Nil,,,,,0.0,0.0,Urban,0.0,,,Fine,Null,0
67725659,,575800,0.0,0.0,1.0,1.0,0.0,West,2018/2019,HALIFAX ST,BRETON GROVE,,Non-Injury Crash,No,2018,0.0,South,0.0,0,0.0,Hill Road,0.0,,0.0,,0.0,Twilight,2197301,0,0.0,0.0,2.0,0.0,0.0,0.0,0.0,1.0,,0.0,0.0,Wellington Region,Nil,2-way,Sealed,0.0,0.0,0,0.0,50.0,0.0,Off,0.0,0.0,,47,Wellington City,Unknown,0.0,0.0,0.0,0.0,0.0,0.0,Urban,0.0,0.0,0.0,Light rain,Null,0
67725678,,574900,0.0,0.0,1.0,0.0,0.0,East,2016/2017,KARORI ROAD,RICHMOND AVENUE,,Non-Injury Crash,No,2016,0.0,East,0.0,0,0.0,Flat,0.0,,0.0,,0.0,Bright sun,2109900,0,0.0,0.0,2.0,0.0,0.0,0.0,0.0,0.0,,0.0,1.0,Wellington Region,Nil,2-way,Sealed,0.0,0.0,0,0.0,50.0,0.0,Null,0.0,0.0,,47,Wellington City,Unknown,0.0,0.0,0.0,0.0,0.0,0.0,Urban,0.0,0.0,0.0,Fine,Null,0
67725689,,573903,0.0,0.0,0.0,1.0,0.0,East,2017/2018,NEWLANDS ROAD,HURRING PLACE,,Minor Crash,No,2018,0.0,West,0.0,0,0.0,Hill Road,0.0,,0.0,,0.0,Bright sun,2075103,1,0.0,0.0,2.0,0.0,0.0,0.0,0.0,1.0,,0.0,0.0,Wellington Region,Nil,2-way,Sealed,0.0,0.0,0,0.0,50.0,0.0,Null,1.0,0.0,,47,Wellington City,Unknown,0.0,0.0,0.0,0.0,0.0,0.0,Urban,0.0,0.0,0.0,Fine,Null,0
67725719,,574303,0.0,0.0,0.0,2.0,0.0,Null,2017/2018,SH 2,SH 1N,,Non-Injury Crash,Yes,2018,0.0,North,0.0,0,0.0,Flat,0.0,,0.0,,0.0,Twilight,2090402,0,0.0,0.0,2.0,1.0,0.0,0.0,0.0,0.0,,0.0,0.0,Wellington Region,Nil,1-way,Sealed,0.0,0.0,0,0.0,80.0,0.0,On,0.0,1.0,,47,Wellington City,Nil,0.0,0.0,0.0,0.0,0.0,0.0,Open,0.0,0.0,0.0,Fine,Null,0
67725726,,576400,0.0,0.0,0.0,1.0,0.0,South,2016/2017,DANIELL ST,MEIN ST,,Non-Injury Crash,No,2016,0.0,South,0.0,0,0.0,Null,0.0,,0.0,,0.0,Overcast,2167400,0,0.0,0.0,2.0,0.0,0.0,0.0,0.0,1.0,,0.0,0.0,Wellington Region,Nil,2-way,Sealed,0.0,0.0,0,0.0,40.0,0.0,Null,1.0,0.0,,47,Wellington City,Unknown,0.0,0.0,0.0,0.0,0.0,0.0,Urban,0.0,0.0,0.0,Fine,Null,0
67725730,,573101,0.0,,0.0,1.0,,West,2016/2017,WEBB ST,CUBA ST,,Serious Crash,No,2017,,North,,0,,Flat,,,,,,Bright sun,2132800,0,0.0,0.0,2.0,,,0.0,,,1.0,,,Wellington Region,Nil,2-way,Sealed,,0.0,1,,50.0,,Null,0.0,0.0,,47,Wellington City,Nil,,,,,0.0,0.0,Urban,0.0,,,Fine,Null,0
67725732,,573101,0.0,,0.0,1.0,,Null,2016/2017,JERVOIS QUAY,HARRIS ST,,Non-Injury Crash,No,2016,,South,,0,,Flat,,,,,,Bright sun,2133000,0,0.0,0.0,6.0,,,0.0,,,,,,Wellington Region,Nil,2-way,Sealed,,0.0,0,,50.0,,Null,0.0,0.0,,47,Wellington City,Traffic Signals,,,,,0.0,0.0,Urban,1.0,,,Fine,Strong wind,0
67725753,,573000,1.0,,0.0,1.0,,North,2018/2019,BOWEN ST,LAMBTON QUAY,,Minor Crash,No,2019,,West,,0,,Hill Road,,,,,,Overcast,2123700,1,0.0,0.0,4.0,,,0.0,,,,,,Wellington Region,Nil,2-way,Sealed,,0.0,0,,50.0,,Off,0.0,0.0,,47,Wellington City,Unknown,,,,,0.0,0.0,Urban,0.0,,,Fine,Null,0
67725766,,575500,1.0,,0.0,1.0,,Null,2017/2018,HOLLOWAY ROAD,RAROA ROAD,,Minor Crash,No,2017,,East,,0,,Hill Road,,,,,,Overcast,2156500,1,0.0,0.0,2.0,,,0.0,,,,,,Wellington Region,Nil,2-way,Sealed,,0.0,0,,50.0,,Null,0.0,0.0,,47,Wellington City,Give way,,,,,0.0,0.0,Urban,0.0,,,Fine,Null,0
67725774,,573526,0.0,,0.0,0.0,,Null,2016/2017,SH 2,WEIGH PIT,,Non-Injury Crash,Yes,2017,,North,,0,,Flat,,,,,,Overcast,2077503,0,0.0,0.0,2.0,,,0.0,,,,,,Wellington Region,Nil,1-way,Sealed,,0.0,0,,100.0,,Null,0.0,0.0,,47,Wellington City,Unknown,,,,,1.0,0.0,Open,1.0,,,Fine,Null,0
67725853,,576301,0.0,0.0,0.0,1.0,0.0,South,2018/2019,ADELAIDE ROAD,HALL ST,,Non-Injury Crash,No,2018,0.0,South,0.0,0,0.0,Flat,0.0,,0.0,,0.0,Bright sun,2164600,0,0.0,0.0,2.0,0.0,0.0,0.0,0.0,1.0,,0.0,0.0,Wellington Region,Nil,2-way,Sealed,0.0,0.0,0,0.0,50.0,0.0,Null,0.0,0.0,,47,Wellington City,Unknown,0.0,0.0,0.0,0.0,1.0,0.0,Urban,0.0,0.0,0.0,Fine,Null,0
67725883,,573700,0.0,,0.0,2.0,,Null,2017/2018,BASSETT ROAD,IRONSIDE ROAD,,Non-Injury Crash,No,2018,,North,,0,,Flat,,,,,,Bright sun,2082300,0,0.0,0.0,2.0,,,0.0,,,,,,Wellington Region,Nil,2-way,Sealed,,0.0,0,,50.0,,Null,0.0,0.0,,47,Wellington City,Give way,,,,,0.0,0.0,Urban,0.0,,,Fine,Null,0
67725889,,572900,0.0,,0.0,2.0,,South,2018/2019,01N-1068-I,THE TERRACE OFF RAMP,,Minor Crash,Yes,2019,,South,,0,,Flat,,,,,,Overcast,2122100,1,0.0,0.0,2.0,,,0.0,,,,,,Wellington Region,Nil,1-way,Sealed,,0.0,0,,80.0,,Off,0.0,0.0,60.0,47,Wellington City,Unknown,,,,,0.0,0.0,Open,0.0,,,Fine,Null,0
67725902,,575600,0.0,0.0,0.0,1.0,0.0,East,2017/2018,BROOKLYN ROAD,WASHINGTON AVENUE,,Minor Crash,No,2017,0.0,East,0.0,0,0.0,Hill Road,0.0,,0.0,,0.0,Overcast,2162600,1,0.0,0.0,2.0,0.0,0.0,0.0,0.0,1.0,,0.0,0.0,Wellington Region,Nil,2-way,Sealed,0.0,0.0,0,0.0,50.0,0.0,Null,0.0,0.0,,47,Wellington City,Unknown,0.0,0.0,0.0,0.0,1.0,0.0,Urban,0.0,0.0,0.0,Fine,Null,0
67725943,,573000,0.0,,0.0,2.0,,Null,2018/2019,JERVOIS QUAY,HUNTER ST,,Non-Injury Crash,No,2018,,North,,0,,Flat,,,,,,Dark,2125900,0,0.0,0.0,6.0,,,0.0,,,,,,Wellington Region,Nil,2-way,Sealed,,0.0,0,,50.0,,On,0.0,0.0,,47,Wellington City,Traffic Signals,,,,,0.0,0.0,Urban,0.0,,,Light rain,Null,0
67725965,,572900,0.0,,0.0,1.0,,North,2018/2019,MOLESWORTH ST,MAY ON NBD,,Non-Injury Crash,No,2018,,North,,0,,Flat,,,,,,Bright sun,2119300,0,0.0,0.0,1.0,,,0.0,,,,,,Wellington Region,Nil,1-way,Sealed,,0.0,0,,50.0,,Null,0.0,0.0,,47,Wellington City,Unknown,,,,,0.0,0.0,Urban,1.0,,,Fine,Null,0
67725979,,573700,0.0,0.0,0.0,3.0,0.0,South,2018/2019,FRASER AVE,CORLETT ST,,Minor Crash,No,2019,0.0,North,0.0,0,0.0,Hill Road,0.0,,0.0,,0.0,Dark,2083400,1,0.0,0.0,2.0,0.0,0.0,0.0,0.0,1.0,,0.0,0.0,Wellington Region,Nil,2-way,Sealed,0.0,0.0,0,0.0,50.0,0.0,On,0.0,0.0,,47,Wellington City,Unknown,0.0,0.0,0.0,0.0,0.0,0.0,Urban,0.0,0.0,0.0,Fine,Null,0
67725983,,572701,0.0,0.0,0.0,1.0,0.0,North,2018/2019,BELL STREET,MEXTED TERRACE,,Non-Injury Crash,No,2019,0.0,South,0.0,0,0.0,Hill Road,0.0,,0.0,,0.0,Bright sun,1995900,0,0.0,0.0,2.0,0.0,0.0,0.0,0.0,1.0,,0.0,0.0,Wellington Region,Nil,2-way,Sealed,0.0,0.0,0,0.0,50.0,0.0,Off,1.0,0.0,,47,Wellington City,Nil,0.0,0.0,0.0,0.0,0.0,0.0,Urban,0.0,0.0,0.0,Fine,Null,0
67726004,,575200,0.0,,0.0,2.0,,East,2016/2017,NORTHLAND ROAD,GARDEN ROAD,,Non-Injury Crash,No,2017,,East,,0,,Flat,,,,,,Dark,2150900,0,0.0,0.0,2.0,,,0.0,,,,,,Wellington Region,Nil,2-way,Sealed,,0.0,0,,50.0,,On,0.0,0.0,,47,Wellington City,Give way,,,,,0.0,0.0,Urban,0.0,,,Fine,Null,0
67726015,,573200,1.0,,0.0,0.0,,North,2018/2019,BROOKLYN RD,NAIRN STREET,,Serious Crash,No,2019,,North,,0,,Hill Road,,,,,,Bright sun,2159300,0,0.0,0.0,2.0,,,0.0,,,,,,Wellington Region,Nil,2-way,Sealed,,0.0,1,,50.0,,Off,0.0,0.0,,47,Wellington City,Unknown,,,,,0.0,0.0,Urban,0.0,,,Fine,Null,0
67726079,,573523,0.0,0.0,0.0,1.0,1.0,South,2017/2018,SH 1N,CHURTON PARK ON SBD,,Non-Injury Crash,Yes,2018,0.0,South,0.0,0,0.0,Flat,0.0,,0.0,,0.0,Dark,2086310,0,0.0,0.0,4.0,0.0,0.0,0.0,0.0,0.0,,0.0,0.0,Wellington Region,Nil,2-way,Sealed,0.0,0.0,0,0.0,100.0,0.0,On,0.0,0.0,,47,Wellington City,Unknown,0.0,0.0,0.0,0.0,0.0,0.0,Open,0.0,0.0,0.0,Light rain,Null,0
67726086,,573000,0.0,,0.0,1.0,,South,2015/2016,FEATHERSTON ST,WARING TAYLOR ST,,Non-Injury Crash,No,2016,,South,,0,,Flat,,,,,,Overcast,2125400,0,0.0,0.0,2.0,,,0.0,,,,,,Wellington Region,Nil,1-way,Sealed,,0.0,0,,50.0,,Null,0.0,0.0,,47,Wellington City,Unknown,,,,,1.0,0.0,Urban,0.0,,,Fine,Null,0
67726104,,573514,0.0,,0.0,2.0,,Null,2015/2016,WESTCHESTER DRIVE,HALSWATER DRIVE,,Non-Injury Crash,No,2016,,South,,0,,Flat,,,,,,Bright sun,2086610,0,0.0,0.0,2.0,,,0.0,,,,,,Wellington Region,Nil,2-way,Sealed,,0.0,0,,50.0,,Null,0.0,0.0,,47,Wellington City,Give way,,,,,0.0,0.0,Urban,0.0,,,Fine,Null,0
67726125,,574800,0.0,0.0,0.0,1.0,0.0,North,2017/2018,OLD KARORI ROAD,CURTIS ST,,Non-Injury Crash,No,2018,0.0,North,0.0,0,0.0,Null,0.0,,0.0,,0.0,Overcast,2105503,0,0.0,0.0,2.0,0.0,0.0,0.0,0.0,1.0,,0.0,0.0,Wellington Region,Nil,2-way,Sealed,0.0,0.0,0,0.0,50.0,0.0,Null,0.0,0.0,,47,Wellington City,Unknown,0.0,0.0,0.0,0.0,1.0,0.0,Urban,0.0,0.0,0.0,Null,Null,0
67726142,,572900,0.0,,0.0,1.0,,North,2017/2018,AOTEA QUAY,RLY YARD ENT S,,Non-Injury Crash,No,2017,,South,,0,,Flat,,,,,,Dark,2118400,0,0.0,0.0,4.0,,,0.0,,,,,,Wellington Region,Nil,2-way,Sealed,,0.0,0,,80.0,,On,1.0,0.0,,47,Wellington City,Unknown,,,,,1.0,0.0,Open,0.0,,,Light rain,Null,0
67726158,,574002,0.0,,0.0,3.0,,East,2016/2017,SH 2,HUTT ON NBD,,Non-Injury Crash,Yes,2017,,East,,0,,Flat,,Queens Birthday,,,,Overcast,2078302,0,0.0,0.0,2.0,,,0.0,,,,,,Wellington Region,Nil,1-way,Sealed,,0.0,0,,100.0,,Null,0.0,0.0,,47,Wellington City,Unknown,,,,,0.0,0.0,Open,0.0,,,Fine,Null,0
67726224,,576600,0.0,0.0,0.0,2.0,0.0,North,2016/2017,ORIENTAL PARADE,GRASS ST,,Non-Injury Crash,No,2016,0.0,North,0.0,0,0.0,Flat,0.0,,0.0,,0.0,Unknown,2137500,0,0.0,0.0,2.0,0.0,0.0,0.0,0.0,1.0,,0.0,0.0,Wellington Region,Nil,2-way,Sealed,0.0,0.0,0,0.0,40.0,0.0,Null,0.0,0.0,,47,Wellington City,Unknown,0.0,0.0,0.0,0.0,0.0,0.0,Urban,0.0,0.0,0.0,Null,Null,0
67726255,,576400,0.0,0.0,0.0,2.0,0.0,East,2017/2018,CONSTABLE ST,DANIELL ST,,Non-Injury Crash,No,2018,0.0,West,0.0,0,0.0,Flat,0.0,,0.0,,0.0,Overcast,2169101,0,0.0,0.0,2.0,0.0,0.0,0.0,0.0,1.0,,0.0,0.0,Wellington Region,Nil,2-way,Sealed,0.0,0.0,0,0.0,50.0,0.0,Null,0.0,0.0,,47,Wellington City,Unknown,0.0,0.0,0.0,0.0,0.0,0.0,Urban,0.0,0.0,0.0,Fine,Null,0
67726395,,573700,0.0,,0.0,1.0,,Null,2022/2023,MOOREFIELD ROAD,WANAKA STREET,,Minor Crash,No,2022,,North,,0,,Flat,,,,,,Overcast,2082400,2,0.0,0.0,2.0,,,0.0,,,,,,Wellington Region,Nil,2-way,Sealed,,0.0,0,,50.0,,Off,0.0,0.0,,47,Wellington City,Give way,,,,,0.0,0.0,Urban,1.0,,,Light rain,Null,0
67726425,,573101,0.0,0.0,0.0,0.0,0.0,East,2022/2023,TENNYSON STREET,TORY STREET,,Non-Injury Crash,No,2023,0.0,East,0.0,0,0.0,Flat,0.0,,0.0,,0.0,Dark,2136200,0,0.0,0.0,2.0,0.0,0.0,0.0,0.0,1.0,,0.0,0.0,Wellington Region,Nil,2-way,Sealed,0.0,0.0,0,0.0,30.0,0.0,On,1.0,0.0,,47,Wellington City,Nil,0.0,0.0,0.0,0.0,0.0,0.0,Urban,1.0,0.0,0.0,Fine,Null,0