OBJECTID,advisorySpeed,areaUnitID,bicycle,bridge,bus,carStationWagon,cliffBank,crashDirectionDescription,crashFinancialYear,crashLocation1,crashLocation2,crashRoadSideRoad,crashSeverity,crashSHDescription,crashYear,debris,directionRoleDescription,ditch,fatalCount,fence,flatHill,guardRail,holiday,houseOrBuilding,intersection,kerb,light,meshblockId,minorInjuryCount,moped,motorcycle,NumberOfLanes,objectThrownOrDropped,otherObject,otherVehicleType,overBank,parkedVehicle,pedestrian,phoneBoxEtc,postOrPole,region,roadCharacter,roadLane,roadSurface,roadworks,schoolBus,seriousInjuryCount,slipOrFlood,speedLimit,strayAnimal,streetLight,suv,taxi,temporarySpeedLimit,tlaId,tlaName,trafficControl,trafficIsland,trafficSign,train,tree,truck,unknownVehicleType,urban,vanOrUtility,vehicle,waterRiver,weatherA,weatherB,if_pandemic
67726460,,577200,0.0,,0.0,1.0,,Null,2016/2017,SH 1N,COBHAM DRIVE,,Non-Injury Crash,Yes,2017,,East,,0,,Flat,,,,,,Overcast,2206200,0,0.0,0.0,2.0,,,0.0,,,,,,Wellington Region,Nil,1-way,Sealed,,0.0,0,,70.0,,Null,1.0,0.0,,47,Wellington City,Give way,,,,,0.0,0.0,Urban,0.0,,,Null,Null,0
67726507,,576301,0.0,,0.0,2.0,,South,2023/2024,HANSON STREET,JOHN STREET,,Non-Injury Crash,No,2023,,South,,0,,Flat,,,,,,Bright sun,2163300,0,0.0,0.0,2.0,,,0.0,,,,,,Wellington Region,Nil,2-way,Sealed,,0.0,0,,50.0,,Off,0.0,0.0,,47,Wellington City,Pointsman,,,,,0.0,0.0,Urban,0.0,,,Fine,Null,0
67726554,,572900,0.0,,0.0,2.0,,Null,2016/2017,WATERLOO QUAY,BUNNY ST,,Non-Injury Crash,No,2017,,North,,0,,Flat,,Easter,,,,Twilight,2122700,0,0.0,0.0,6.0,,,0.0,,,,,,Wellington Region,Nil,2-way,Sealed,,0.0,0,,50.0,,Off,0.0,0.0,,47,Wellington City,Traffic Signals,,,,,0.0,0.0,Urban,0.0,,,Null,Null,0
67726570,,576001,0.0,,0.0,1.0,,South,2017/2018,SEVERN ST,MOSELLE ST,,Minor Crash,No,2017,,West,,0,,Flat,,,,,,Overcast,2188400,1,1.0,0.0,2.0,,,0.0,,,,,,Wellington Region,Nil,2-way,Sealed,,0.0,0,,50.0,,Null,0.0,0.0,,47,Wellington City,Nil,,,,,0.0,0.0,Urban,0.0,,,Mist or Fog,Null,0
67726580,,573000,0.0,0.0,0.0,1.0,0.0,North,2016/2017,THE TERRACE,ACCESS ROAD,,Non-Injury Crash,No,2017,0.0,South,0.0,0,1.0,Hill Road,0.0,,0.0,,0.0,Bright sun,2127200,0,0.0,0.0,2.0,0.0,0.0,0.0,0.0,0.0,,0.0,0.0,Wellington Region,Nil,2-way,Sealed,0.0,0.0,0,0.0,50.0,0.0,Null,0.0,0.0,,47,Wellington City,Nil,0.0,0.0,0.0,0.0,0.0,0.0,Urban,0.0,0.0,0.0,Fine,Null,0
67726613,,572900,0.0,,0.0,2.0,,South,2022/2023,MAY STREET ON RAMP,WELLINGTON URBAN MOTORWAY,,Non-Injury Crash,No,2023,,North,,0,,Flat,,,,,,Dark,2118500,0,0.0,0.0,1.0,,,0.0,,,,,,Wellington Region,Motorway ramp,1-way,Sealed,,0.0,0,,100.0,,On,0.0,0.0,,47,Wellington City,Nil,,,,,0.0,0.0,Open,1.0,,,Heavy rain,Null,0
67726653,45.0,574402,0.0,0.0,0.0,2.0,0.0,North,2022/2023,WAIKOWHAI STREET,BENDBROOK WAY,,Non-Injury Crash,No,2023,0.0,North,0.0,0,0.0,Hill Road,0.0,,0.0,,0.0,Dark,2097800,0,0.0,0.0,2.0,0.0,0.0,0.0,0.0,1.0,,0.0,0.0,Wellington Region,Nil,2-way,Sealed,0.0,0.0,0,0.0,50.0,0.0,On,0.0,0.0,,47,Wellington City,Nil,0.0,0.0,0.0,0.0,0.0,0.0,Urban,0.0,0.0,0.0,Fine,Null,0
67726710,,573000,0.0,,0.0,2.0,,South,2016/2017,SH 1N,BOULCOTT OBR,,Non-Injury Crash,Yes,2016,,South,,0,,Hill Road,,,,,,Overcast,2126900,0,0.0,0.0,1.0,,,0.0,,,,,,Wellington Region,Nil,1-way,Sealed,,0.0,0,,60.0,,Null,0.0,0.0,,47,Wellington City,Unknown,,,,,0.0,0.0,Urban,0.0,,,Light rain,Null,0
67726734,,576600,1.0,,0.0,2.0,,South,2016/2017,ORIENTAL PARADE,SLIP,,Minor Crash,No,2017,,South,,0,,Flat,,,,,,Overcast,2137900,1,0.0,0.0,2.0,,,0.0,,,,,,Wellington Region,Nil,2-way,Sealed,,0.0,0,,40.0,,Null,0.0,0.0,,47,Wellington City,Unknown,,,,,0.0,0.0,Urban,0.0,,,Fine,Strong wind,0
67726750,,576901,0.0,,0.0,2.0,,West,2016/2017,SH 1N,EVANS BAY PARADE,,Non-Injury Crash,Yes,2016,,East,,0,,Flat,,,,,,Bright sun,2177800,0,0.0,0.0,2.0,,,0.0,,,,,,Wellington Region,Nil,1-way,Sealed,,0.0,0,,50.0,,Null,0.0,0.0,,47,Wellington City,Unknown,,,,,0.0,0.0,Urban,0.0,,,Fine,Null,0
67726784,,574302,0.0,,0.0,2.0,,East,2016/2017,CASHMERE AVENUE,STATION ROAD,,Non-Injury Crash,No,2016,,North,,0,,Hill Road,,,,,,Overcast,2090900,0,0.0,0.0,2.0,,,0.0,,,,,,Wellington Region,Nil,2-way,Sealed,,0.0,0,,50.0,,Null,0.0,0.0,,47,Wellington City,Unknown,,,,,0.0,0.0,Urban,0.0,,,Light rain,Null,0
67726822,,574002,0.0,,0.0,1.0,,Null,2016/2017,CENTENNIAL SBD,GLOVER SLIP ROAD,,Non-Injury Crash,Yes,2016,,East,,0,,Hill Road,,,,,,Overcast,2078302,0,0.0,0.0,2.0,,,0.0,,,,,,Wellington Region,Motorway ramp,1-way,Sealed,,0.0,0,,80.0,,Null,0.0,0.0,,47,Wellington City,Stop,,,,,0.0,0.0,Open,1.0,,,Light rain,Null,0
67726918,,576901,0.0,0.0,1.0,1.0,0.0,East,2017/2018,KEMP ST,EVANS BAY PARADE,,Non-Injury Crash,No,2017,0.0,East,0.0,0,0.0,Flat,0.0,,0.0,,0.0,Bright sun,2177800,0,0.0,0.0,2.0,0.0,0.0,0.0,0.0,1.0,,0.0,0.0,Wellington Region,Nil,2-way,Sealed,0.0,0.0,0,0.0,50.0,0.0,Null,0.0,0.0,,47,Wellington City,Unknown,0.0,0.0,0.0,0.0,0.0,0.0,Urban,0.0,0.0,0.0,Fine,Null,0
67726946,,576500,0.0,,0.0,1.0,,North,2016/2017,RIDDIFORD ST,CHURCH AVENUE,,Minor Crash,No,2017,,South,,0,,Flat,,,,,,Bright sun,2148800,1,0.0,1.0,4.0,,,0.0,,,,,,Wellington Region,Nil,2-way,Sealed,,0.0,0,,50.0,,Null,0.0,0.0,,47,Wellington City,Nil,,,,,0.0,0.0,Urban,0.0,,,Fine,Null,0
67726965,,572900,0.0,,0.0,1.0,,South,2023/2024,TINAKORI ROAD,MURRAYFIELD DRIVE,,Serious Crash,No,2024,,North,,0,,Flat,,,,,,Dark,2120500,0,0.0,0.0,2.0,,,0.0,,,1.0,,,Wellington Region,Nil,2-way,Sealed,,0.0,1,,50.0,,On,0.0,0.0,,47,Wellington City,Nil,,,,,0.0,0.0,Urban,0.0,,,Fine,Null,0
67726986,,573101,0.0,0.0,0.0,1.0,0.0,North,2016/2017,TORY ST,JESSIE ST,,Non-Injury Crash,No,2016,0.0,North,0.0,0,0.0,Hill Road,0.0,,0.0,,0.0,Overcast,2136500,0,0.0,0.0,2.0,0.0,0.0,1.0,0.0,1.0,,0.0,0.0,Wellington Region,Nil,2-way,Sealed,0.0,0.0,0,0.0,50.0,0.0,Null,0.0,0.0,,47,Wellington City,Unknown,0.0,0.0,0.0,0.0,0.0,0.0,Urban,0.0,0.0,0.0,Null,Null,0
67727042,,576301,0.0,0.0,0.0,0.0,0.0,Null,2016/2017,RIDDIFORD ST,EMMETT ST,,Serious Crash,No,2017,0.0,South,0.0,0,0.0,Flat,0.0,,0.0,,0.0,Dark,2165200,0,0.0,0.0,4.0,0.0,0.0,0.0,0.0,0.0,,0.0,1.0,Wellington Region,Nil,2-way,Sealed,0.0,0.0,1,0.0,40.0,0.0,On,0.0,0.0,,47,Wellington City,Traffic Signals,0.0,1.0,0.0,0.0,0.0,0.0,Urban,1.0,0.0,0.0,Fine,Null,0
67727050,,573526,0.0,,0.0,3.0,,South,2016/2017,SH 2,WEIGH PIT,,Non-Injury Crash,Yes,2016,,South,,0,,Flat,,,,,,Twilight,2077503,0,0.0,0.0,4.0,,,0.0,,,,,,Wellington Region,Nil,2-way,Sealed,,0.0,0,,100.0,,On,0.0,0.0,,47,Wellington City,Unknown,,,,,0.0,0.0,Open,0.0,,,Fine,Null,0
67727072,,575800,0.0,0.0,0.0,1.0,0.0,West,2016/2017,BAFFIN GROVE,THE RIDGEWAY,,Non-Injury Crash,No,2016,0.0,East,0.0,0,0.0,Hill Road,0.0,,0.0,,0.0,Dark,2196902,0,0.0,0.0,2.0,0.0,0.0,0.0,0.0,1.0,,0.0,0.0,Wellington Region,Nil,2-way,Sealed,0.0,0.0,0,0.0,50.0,0.0,On,0.0,1.0,,47,Wellington City,Unknown,0.0,0.0,0.0,0.0,0.0,0.0,Urban,1.0,0.0,0.0,Null,Null,0
67727098,,575701,0.0,0.0,0.0,0.0,0.0,North,2021/2022,OHIRO ROAD,TIKETIKE WAY,,Non-Injury Crash,No,2022,0.0,North,0.0,0,0.0,Null,0.0,,0.0,,0.0,Unknown,2199500,0,0.0,0.0,2.0,0.0,0.0,0.0,0.0,1.0,,0.0,0.0,Wellington Region,Nil,2-way,Sealed,0.0,0.0,0,0.0,50.0,0.0,Null,0.0,0.0,,47,Wellington City,Nil,0.0,0.0,0.0,0.0,0.0,0.0,Urban,1.0,0.0,0.0,Null,Null,0
67727103,,575902,0.0,,0.0,2.0,,South,2016/2017,HAPPY VALLEY ROAD,LANDFILL ROAD,,Minor Crash,No,2017,,North,,0,,Flat,,,,,,Overcast,2187303,1,0.0,0.0,2.0,,,0.0,,,,,,Wellington Region,Nil,2-way,Sealed,,0.0,0,,70.0,,Null,0.0,0.0,,47,Wellington City,Nil,,,,,0.0,0.0,Urban,0.0,,,Heavy rain,Null,0
67727120,,574303,0.0,,0.0,0.0,,North,2022/2023,NEWLANDS OFF RAMP,CENTENNIAL HIGHWAY,,Serious Crash,No,2023,,North,,0,,Hill Road,,,,,,Dark,2084302,0,0.0,0.0,1.0,,,0.0,,,1.0,,,Wellington Region,Motorway ramp,1-way,Sealed,,0.0,1,,100.0,,On,1.0,0.0,,47,Wellington City,Nil,,,,,0.0,0.0,Open,0.0,,,Fine,Null,0
67727123,,576301,0.0,,0.0,3.0,,North,2016/2017,RIDDIFORD ST,HOSPITAL MAIN DRIVE,,Minor Crash,No,2017,,South,,0,,Flat,,,,,,Bright sun,2163500,2,0.0,0.0,4.0,,,0.0,,,,,,Wellington Region,Nil,2-way,Sealed,,0.0,0,,50.0,,Null,0.0,0.0,,47,Wellington City,Unknown,,,,,1.0,0.0,Urban,0.0,,,Fine,Null,0
67727135,,573000,0.0,,0.0,2.0,,West,2016/2017,HARRIS ST,VICTORIA ST,,Non-Injury Crash,No,2017,,East,,0,,Flat,,,,,,Bright sun,2127800,0,0.0,0.0,2.0,,,0.0,,,,,,Wellington Region,Nil,2-way,Sealed,,0.0,0,,50.0,,Null,0.0,0.0,,47,Wellington City,Unknown,,,,,0.0,0.0,Urban,0.0,,,Null,Null,0
67727145,,576901,0.0,,0.0,2.0,,Null,2017/2018,EVANS BAY PARADE,SH 1N,,Minor Crash,Yes,2017,,North,,0,,Flat,,Christmas New Year,,,,Overcast,2177800,1,0.0,0.0,4.0,,,0.0,,,,,,Wellington Region,Nil,2-way,Sealed,,0.0,0,,50.0,,Null,0.0,0.0,,47,Wellington City,Traffic Signals,,,,,0.0,0.0,Urban,0.0,,,Light rain,Null,0
67727146,,576301,0.0,0.0,0.0,2.0,0.0,South,2023/2024,ADELAIDE ROAD,COLOMBO STREET,,Minor Crash,No,2023,0.0,South,0.0,0,0.0,Flat,0.0,Christmas New Year,0.0,,0.0,Dark,2164300,1,0.0,0.0,2.0,0.0,0.0,0.0,0.0,1.0,,0.0,0.0,Wellington Region,Nil,2-way,Sealed,0.0,0.0,0,0.0,50.0,0.0,On,0.0,0.0,,47,Wellington City,Nil,0.0,0.0,0.0,0.0,0.0,0.0,Urban,0.0,0.0,0.0,Fine,Null,0
67727277,,572900,0.0,0.0,0.0,0.0,0.0,Null,2016/2017,WATERLOO QUAY,OLD RLY XING,,Non-Injury Crash,No,2017,0.0,North,0.0,0,0.0,Flat,1.0,,0.0,,0.0,Bright sun,2118400,0,0.0,0.0,4.0,0.0,0.0,0.0,0.0,0.0,,0.0,0.0,Wellington Region,Rail xing,2-way,Sealed,0.0,0.0,0,0.0,50.0,0.0,Null,0.0,0.0,,47,Wellington City,Unknown,0.0,0.0,0.0,0.0,1.0,0.0,Urban,0.0,0.0,0.0,Fine,Null,0
67727389,,573000,0.0,,0.0,2.0,,South,2016/2017,THE TERRACE,EVERTON TERRACE,,Non-Injury Crash,No,2017,,South,,0,,Hill Road,,,,,,Bright sun,2127200,0,0.0,0.0,2.0,,,0.0,,,,,,Wellington Region,Nil,2-way,Sealed,,0.0,0,,50.0,,Null,0.0,0.0,,47,Wellington City,Unknown,,,,,0.0,0.0,Urban,0.0,,,Fine,Null,0
67727466,,576903,0.0,,1.0,0.0,,Null,2016/2017,SH 1N,KILBIRNIE CRESCENT,,Non-Injury Crash,Yes,2016,,East,,0,,Flat,,,,,,Bright sun,2180300,0,0.0,0.0,4.0,,,0.0,,,,,,Wellington Region,Nil,2-way,Sealed,,0.0,0,,50.0,,Null,0.0,0.0,,47,Wellington City,Traffic Signals,,,,,0.0,0.0,Urban,1.0,,,Fine,Null,0
67727471,,575300,1.0,,0.0,0.0,,Null,2021/2022,KELBURN PARADE,SALAMANCA ROAD,,Non-Injury Crash,No,2021,,North,,0,,Flat,,,,,,Unknown,2155300,0,0.0,0.0,2.0,,,0.0,,,,,,Wellington Region,Nil,2-way,Sealed,,0.0,0,,50.0,,Null,0.0,0.0,,47,Wellington City,Give way,,,,,0.0,0.0,Urban,0.0,,,Null,Null,1
67727490,,573300,0.0,0.0,0.0,1.0,0.0,West,2016/2017,HANKEY ST,WALLACE ST,,Non-Injury Crash,No,2017,0.0,West,0.0,0,0.0,Flat,0.0,,0.0,,0.0,Unknown,2144600,0,0.0,0.0,2.0,0.0,0.0,0.0,0.0,1.0,,0.0,0.0,Wellington Region,Nil,2-way,Sealed,0.0,0.0,0,0.0,50.0,0.0,Null,0.0,0.0,,47,Wellington City,Unknown,0.0,0.0,0.0,0.0,0.0,0.0,Urban,1.0,0.0,0.0,Fine,Null,0
67727504,,573903,0.0,,0.0,2.0,,Null,2017/2018,BRACKEN ROAD,HOROKIWI ROAD WEST,,Non-Injury Crash,No,2017,,East,,0,,Flat,,Labour Weekend,,,,Overcast,2073202,0,0.0,0.0,3.0,,,0.0,,,,,,Wellington Region,Nil,2-way,Sealed,,0.0,0,,50.0,,Null,0.0,0.0,,47,Wellington City,Give way,,,,,0.0,0.0,Urban,0.0,,,Null,Null,0
67727525,,574200,0.0,,0.0,2.0,,Null,2023/2024,BOX HILL,CLARK STREET,,Non-Injury Crash,No,2023,,North,,0,,Hill Road,,,,,,Bright sun,2088200,0,0.0,0.0,2.0,,,0.0,,,,,,Wellington Region,Nil,2-way,Sealed,,0.0,0,,50.0,,Off,0.0,0.0,,47,Wellington City,Give way,,,,,0.0,0.0,Urban,0.0,,,Fine,Null,0
67727553,,574002,0.0,,0.0,1.0,,South,2023/2024,CENTENNIAL HIGHWAY,CENTENNIAL HIGHWAY ON RAMP,,Non-Injury Crash,Yes,2023,,North,,0,,Flat,,,,,,Dark,2078302,0,0.0,1.0,1.0,,,0.0,,,,,,Wellington Region,Bridge,1-way,Sealed,,0.0,0,,30.0,,On,0.0,0.0,,47,Wellington City,Nil,,,,,0.0,0.0,Urban,1.0,,,Fine,Null,0
67727617,,576002,0.0,,0.0,1.0,,South,2016/2017,THE PARADE,MEDWAY ST,,Non-Injury Crash,No,2016,,North,,0,,Flat,,,,,,Bright sun,2190400,0,0.0,0.0,2.0,,,0.0,,,,,,Wellington Region,Nil,2-way,Sealed,,0.0,0,,30.0,,Null,1.0,0.0,,47,Wellington City,Unknown,,,,,0.0,0.0,Urban,0.0,,,Null,Null,0
67727619,,573511,0.0,,0.0,0.0,,Null,2016/2017,MIDDLETON ROAD,WESTCHESTER DRIVE,,Non-Injury Crash,No,2016,,West,,0,,Flat,,,,,,Overcast,2086203,0,0.0,0.0,2.0,,,0.0,,,,,,Wellington Region,Nil,2-way,Sealed,,0.0,0,,50.0,,Null,2.0,0.0,,47,Wellington City,Give way,,,,,0.0,0.0,Urban,0.0,,,Fine,Null,0
67727653,,572600,0.0,,0.0,1.0,,South,2022/2023,MAIN ROAD,ELENA PLACE,,Non-Injury Crash,No,2023,,South,,0,,Flat,,,,,,Dark,1988400,0,0.0,0.0,2.0,,,0.0,,,,,,Wellington Region,Nil,2-way,Sealed,,0.0,0,,50.0,,Null,0.0,0.0,,47,Wellington City,Nil,,,,,0.0,0.0,Urban,1.0,,,Fine,Null,0
67727737,,573000,0.0,0.0,0.0,0.0,0.0,Null,2016/2017,WILLIS ST,MERCER ST,,Minor Crash,No,2017,0.0,North,0.0,0,0.0,Flat,0.0,,0.0,,0.0,Dark,2127400,1,1.0,0.0,2.0,0.0,0.0,0.0,0.0,1.0,,0.0,0.0,Wellington Region,Nil,2-way,Sealed,0.0,0.0,0,0.0,30.0,0.0,On,0.0,0.0,,47,Wellington City,Traffic Signals,0.0,0.0,0.0,0.0,1.0,0.0,Urban,0.0,0.0,0.0,Fine,Null,0
67727753,,573000,0.0,,0.0,2.0,,North,2016/2017,WHITMORE ST,STOUT ST,,Non-Injury Crash,No,2016,,South,,0,,Flat,,,,,,Bright sun,2124200,0,0.0,0.0,5.0,,,0.0,,,,,,Wellington Region,Nil,2-way,Sealed,,0.0,0,,50.0,,Null,0.0,0.0,,47,Wellington City,Unknown,,,,,0.0,0.0,Urban,0.0,,,Fine,Null,0
67727780,,572702,0.0,,0.0,1.0,,North,2023/2024,WOODMAN DRIVE,PIKITANGA CLOSE,,Serious Crash,No,2024,,East,,0,,Hill Road,,,,,,Overcast,2053817,0,0.0,0.0,2.0,,,0.0,,,1.0,,,Wellington Region,Nil,2-way,Sealed,,0.0,1,,50.0,,Off,0.0,0.0,,47,Wellington City,Nil,,,,,0.0,0.0,Urban,0.0,,,Fine,Null,0
67727813,,576301,0.0,,0.0,2.0,,Null,2016/2017,JOHN ST,HANSON ST,,Non-Injury Crash,No,2017,,West,,0,,Hill Road,,,,,,Dark,2163300,0,0.0,0.0,5.0,,,0.0,,,,,,Wellington Region,Nil,2-way,Sealed,,0.0,0,,50.0,,On,0.0,0.0,,47,Wellington City,Traffic Signals,,,,,0.0,0.0,Urban,0.0,,,Fine,Null,0
67727815,,572900,0.0,,0.0,1.0,,South,2016/2017,SH 1N,HILL ST OBR,,Non-Injury Crash,Yes,2017,,South,,0,,Flat,,,,,,Bright sun,2122400,0,0.0,0.0,3.0,,,0.0,,,,,,Wellington Region,Nil,1-way,Sealed,,0.0,0,,60.0,,Null,0.0,0.0,,47,Wellington City,Unknown,,,,,0.0,0.0,Urban,1.0,,,Fine,Null,0
67727845,,573400,0.0,,0.0,2.0,,East,2022/2023,MT VICTORIA TUNNEL,WEST PORTAL,,Non-Injury Crash,Yes,2023,,West,,0,,Flat,,,,,,Overcast,2143300,0,0.0,0.0,2.0,,,0.0,,,,,,Wellington Region,Tunnel,2-way,Sealed,,0.0,0,,50.0,,On,0.0,0.0,,47,Wellington City,Nil,,,,,0.0,0.0,Urban,0.0,,,Light rain,Null,0
67727892,,574401,0.0,0.0,0.0,1.0,0.0,South,2016/2017,KANDY CRESCENT,AMAPUR DRIVE,,Non-Injury Crash,No,2017,0.0,West,0.0,0,1.0,Hill Road,0.0,,0.0,,0.0,Overcast,2094400,0,0.0,0.0,2.0,0.0,0.0,0.0,0.0,0.0,,1.0,0.0,Wellington Region,Nil,2-way,Sealed,0.0,0.0,0,0.0,50.0,0.0,Null,0.0,0.0,,47,Wellington City,Unknown,0.0,0.0,0.0,0.0,0.0,0.0,Urban,0.0,0.0,0.0,Fine,Null,0
67727900,,576301,0.0,,0.0,1.0,,Null,2016/2017,RINTOUL ST,COLOMBO ST,,Non-Injury Crash,No,2017,,South,,0,,Flat,,,,,,Overcast,2164700,0,0.0,0.0,2.0,,,0.0,,,,,,Wellington Region,Nil,2-way,Sealed,,0.0,0,,40.0,,Null,0.0,0.0,,47,Wellington City,Give way,,,,,0.0,0.0,Urban,1.0,,,Light rain,Null,0
67727951,,575600,0.0,0.0,1.0,0.0,0.0,Null,2017/2018,CLEVELAND ST,SLIP,,Non-Injury Crash,No,2017,0.0,West,0.0,0,0.0,Hill Road,0.0,,0.0,,0.0,Overcast,2162200,0,0.0,0.0,2.0,0.0,0.0,0.0,0.0,0.0,,0.0,0.0,Wellington Region,Nil,2-way,Sealed,0.0,0.0,0,0.0,50.0,0.0,Null,0.0,0.0,,47,Wellington City,Nil,0.0,0.0,0.0,1.0,1.0,0.0,Urban,0.0,1.0,0.0,Fine,Null,0
67727957,25.0,574002,0.0,1.0,0.0,2.0,0.0,South,2017/2018,NGAURANGA ON NBD,HUTT OFF SBD,,Non-Injury Crash,Yes,2017,0.0,South,0.0,0,0.0,Flat,0.0,,0.0,,0.0,Bright sun,2078302,0,0.0,0.0,3.0,0.0,0.0,0.0,0.0,0.0,,0.0,0.0,Wellington Region,Bridge,1-way,Sealed,0.0,0.0,0,0.0,100.0,0.0,Null,0.0,0.0,,47,Wellington City,Unknown,0.0,0.0,0.0,0.0,0.0,0.0,Open,0.0,0.0,0.0,Fine,Null,0
67727963,,576301,0.0,,1.0,0.0,,North,2016/2017,RINTOUL ST,STOKE ST,,Non-Injury Crash,No,2016,,North,,0,,Hill Road,,,,,,Bright sun,2165000,0,0.0,0.0,2.0,,,0.0,,,,,,Wellington Region,Nil,2-way,Sealed,,0.0,0,,50.0,,Null,0.0,0.0,,47,Wellington City,Give way,,,,,0.0,0.0,Urban,1.0,,,Null,Null,0
67727967,,577302,0.0,0.0,0.0,2.0,0.0,West,2023/2024,ATHENS STREET,OTAKI STREET,,Non-Injury Crash,No,2023,0.0,East,0.0,0,0.0,Flat,0.0,,0.0,,0.0,Bright sun,2204500,0,0.0,0.0,0.0,0.0,0.0,0.0,0.0,1.0,,0.0,0.0,Wellington Region,Nil,2-way,Sealed,0.0,0.0,0,0.0,50.0,0.0,Off,0.0,0.0,,47,Wellington City,Nil,0.0,0.0,0.0,0.0,1.0,0.0,Urban,0.0,0.0,0.0,Fine,Null,0
67727992,,573101,0.0,,0.0,2.0,,Null,2016/2017,SH 1N,TARANAKI ST,,Non-Injury Crash,Yes,2017,,West,,0,,Flat,,Christmas New Year,,,,Overcast,2134800,0,0.0,0.0,5.0,,,0.0,,,,,,Wellington Region,Nil,2-way,Sealed,,0.0,0,,50.0,,Null,0.0,0.0,,47,Wellington City,Traffic Signals,,,,,0.0,0.0,Urban,0.0,,,Fine,Null,0
67728011,,573514,0.0,0.0,0.0,1.0,1.0,South,2023/2024,CHURTON DRIVE,GODDARD GROVE,,Non-Injury Crash,No,2023,0.0,North,0.0,0,1.0,Hill Road,0.0,,0.0,,0.0,Overcast,2086900,0,0.0,0.0,2.0,0.0,0.0,0.0,0.0,0.0,,0.0,1.0,Wellington Region,Nil,2-way,Sealed,0.0,0.0,0,0.0,50.0,0.0,Off,0.0,0.0,,47,Wellington City,Nil,0.0,0.0,0.0,0.0,0.0,0.0,Urban,0.0,0.0,0.0,Light rain,Null,0
67728016,,573101,0.0,0.0,0.0,0.0,0.0,North,2016/2017,CUBA ST,ABEL SMITH ST,,Non-Injury Crash,No,2016,0.0,South,0.0,0,0.0,Flat,0.0,,0.0,,0.0,Bright sun,2132300,0,0.0,0.0,2.0,0.0,0.0,0.0,0.0,1.0,,0.0,0.0,Wellington Region,Nil,2-way,Sealed,0.0,0.0,0,0.0,50.0,0.0,Null,1.0,0.0,,47,Wellington City,Unknown,0.0,0.0,0.0,0.0,0.0,0.0,Urban,1.0,0.0,0.0,Null,Null,0
67728041,,573400,0.0,0.0,0.0,1.0,0.0,North,2023/2024,ALEXANDRA ROAD,SOUTHERN WALKWAY,,Non-Injury Crash,No,2023,0.0,South,0.0,0,0.0,Hill Road,0.0,,0.0,,0.0,Dark,2143300,0,0.0,0.0,2.0,0.0,0.0,0.0,1.0,0.0,,0.0,0.0,Wellington Region,Nil,2-way,Sealed,0.0,0.0,0,0.0,50.0,0.0,None,0.0,0.0,,47,Wellington City,Nil,0.0,0.0,0.0,0.0,0.0,0.0,Urban,0.0,0.0,0.0,Fine,Null,0
67728052,,573101,0.0,0.0,0.0,2.0,0.0,East,2016/2017,MARTIN SQUARE,TARANAKI ST,,Non-Injury Crash,No,2016,0.0,East,0.0,0,0.0,Flat,0.0,,0.0,,0.0,Bright sun,2134800,0,0.0,0.0,1.0,0.0,0.0,0.0,0.0,1.0,,0.0,0.0,Wellington Region,Nil,1-way,Sealed,0.0,0.0,0,0.0,50.0,0.0,Null,0.0,0.0,,47,Wellington City,Unknown,0.0,0.0,0.0,0.0,0.0,0.0,Urban,0.0,0.0,0.0,Null,Null,0
67728060,,573101,0.0,,0.0,2.0,,South,2017/2018,SH 1N,WILLIS ST,,Non-Injury Crash,Yes,2017,,North,,0,,Flat,,,,,,Overcast,2132400,0,0.0,0.0,3.0,,,0.0,,,,,,Wellington Region,Nil,2-way,Sealed,,0.0,0,,50.0,,Null,0.0,0.0,,47,Wellington City,Traffic Signals,,,,,0.0,0.0,Urban,0.0,,,Fine,Null,0
67728113,,572500,0.0,0.0,0.0,1.0,0.0,South,2021/2022,MAIN ROAD,REDWOOD AVENUE,,Minor Crash,No,2022,0.0,North,0.0,0,0.0,Hill Road,0.0,Easter,0.0,,0.0,Dark,1986300,1,0.0,0.0,2.0,0.0,0.0,0.0,0.0,0.0,,0.0,1.0,Wellington Region,Nil,2-way,Sealed,0.0,0.0,0,0.0,50.0,0.0,On,0.0,0.0,,47,Wellington City,Nil,0.0,0.0,0.0,0.0,0.0,0.0,Urban,0.0,0.0,0.0,Fine,Null,0
67728176,,573400,0.0,,0.0,2.0,,Null,2016/2017,ELLICE ST,BROUGHAM ST,,Non-Injury Crash,No,2017,,West,,0,,Null,,,,,,Overcast,2143600,0,0.0,0.0,2.0,,,0.0,,,,,,Wellington Region,Nil,2-way,Sealed,,0.0,0,,50.0,,Null,0.0,0.0,,47,Wellington City,Stop,,,,,0.0,0.0,Urban,0.0,,,Fine,Null,0
67728241,,575701,0.0,0.0,0.0,2.0,0.0,South,2023/2024,MORNINGTON ROAD,LINCOLN STREET,,Non-Injury Crash,No,2023,0.0,North,0.0,0,0.0,Flat,0.0,,0.0,,0.0,Dark,2199500,0,0.0,0.0,2.0,0.0,0.0,0.0,0.0,1.0,,0.0,0.0,Wellington Region,Nil,2-way,Sealed,0.0,0.0,0,0.0,50.0,0.0,On,0.0,0.0,,47,Wellington City,Nil,0.0,0.0,0.0,0.0,0.0,0.0,Urban,0.0,0.0,0.0,Fine,Null,0