OBJECTID,advisorySpeed,areaUnitID,bicycle,bridge,bus,carStationWagon,cliffBank,crashDirectionDescription,crashFinancialYear,crashLocation1,crashLocation2,crashRoadSideRoad,crashSeverity,crashSHDescription,crashYear,debris,directionRoleDescription,ditch,fatalCount,fence,flatHill,guardRail,holiday,houseOrBuilding,intersection,kerb,light,meshblockId,minorInjuryCount,moped,motorcycle,NumberOfLanes,objectThrownOrDropped,otherObject,otherVehicleType,overBank,parkedVehicle,pedestrian,phoneBoxEtc,postOrPole,region,roadCharacter,roadLane,roadSurface,roadworks,schoolBus,seriousInjuryCount,slipOrFlood,speedLimit,strayAnimal,streetLight,suv,taxi,temporarySpeedLimit,tlaId,tlaName,trafficControl,trafficIsland,trafficSign,train,tree,truck,unknownVehicleType,urban,vanOrUtility,vehicle,waterRiver,weatherA,weatherB,if_pandemic
67728334,,577200,0.0,,0.0,1.0,,Null,2016/2017,SH 1N,CALEDONIA ST,,Non-Injury Crash,Yes,2017,,North,,0,,Hill Road,,,,,,Overcast,2206500,0,0.0,0.0,4.0,,,0.0,,,,,,Wellington Region,Nil,2-way,Sealed,,0.0,0,,70.0,,Off,0.0,0.0,,47,Wellington City,Stop,,,,,0.0,0.0,Urban,1.0,,,Fine,Null,0
67728338,,575000,0.0,0.0,0.0,1.0,0.0,South,2015/2016,CHAYTOR ST,KARORI ROAD,,Non-Injury Crash,No,2016,0.0,North,0.0,0,0.0,Hill Road,0.0,,0.0,,0.0,Dark,2111000,0,0.0,0.0,2.0,0.0,0.0,0.0,0.0,1.0,,0.0,0.0,Wellington Region,Nil,2-way,Sealed,0.0,0.0,0,0.0,50.0,0.0,On,0.0,0.0,,47,Wellington City,Unknown,0.0,0.0,0.0,0.0,0.0,0.0,Urban,1.0,0.0,0.0,Fine,Strong wind,0
67728341,,573101,0.0,0.0,0.0,2.0,0.0,South,2022/2023,TORY STREET,COURTENAY PLACE,,Non-Injury Crash,No,2023,0.0,North,0.0,0,0.0,Null,0.0,,0.0,,0.0,Bright sun,2136000,0,0.0,0.0,2.0,0.0,0.0,0.0,0.0,1.0,,0.0,0.0,Wellington Region,Nil,2-way,Sealed,0.0,0.0,0,0.0,30.0,0.0,Null,0.0,0.0,,47,Wellington City,Nil,0.0,0.0,0.0,0.0,0.0,0.0,Urban,0.0,0.0,0.0,Null,Null,0
67728351,,573101,0.0,,0.0,1.0,,Null,2022/2023,KENT TERRACE,VIVIAN STREET,,Non-Injury Crash,No,2023,,South,,0,,Flat,,,,,,Overcast,2136500,0,0.0,0.0,3.0,,,0.0,,,,,,Wellington Region,Nil,1-way,Sealed,,0.0,0,,50.0,,Off,1.0,0.0,,47,Wellington City,Traffic Signals,,,,,0.0,0.0,Urban,0.0,,,Fine,Null,0
67728356,,574303,0.0,0.0,1.0,1.0,0.0,South,2017/2018,SH 1N,ONSLOW RAIL OBR,,Minor Crash,Yes,2017,0.0,North,0.0,0,0.0,Flat,1.0,,0.0,,0.0,Overcast,2090402,1,0.0,0.0,7.0,0.0,0.0,0.0,0.0,0.0,,0.0,0.0,Wellington Region,Nil,2-way,Sealed,0.0,0.0,0,0.0,100.0,0.0,Null,0.0,0.0,,47,Wellington City,Unknown,0.0,0.0,0.0,0.0,0.0,0.0,Open,0.0,0.0,0.0,Fine,Null,0
67728386,,574800,0.0,0.0,0.0,3.0,0.0,East,2016/2017,KARORI ROAD,DONALD ST,,Non-Injury Crash,No,2016,0.0,West,0.0,0,0.0,Hill Road,0.0,,0.0,,0.0,Bright sun,2107900,0,0.0,0.0,2.0,0.0,0.0,0.0,0.0,1.0,,0.0,0.0,Wellington Region,Nil,2-way,Sealed,0.0,0.0,0,0.0,50.0,0.0,Null,0.0,0.0,,47,Wellington City,Unknown,0.0,0.0,0.0,0.0,0.0,0.0,Urban,0.0,0.0,0.0,Fine,Null,0
67728388,,572600,0.0,0.0,0.0,2.0,0.0,South,2016/2017,MAIN ROAD,MCLELLAN ST,,Non-Injury Crash,No,2016,0.0,South,0.0,0,0.0,Flat,0.0,,0.0,,0.0,Overcast,1990700,0,0.0,0.0,2.0,0.0,0.0,0.0,0.0,1.0,,0.0,0.0,Wellington Region,Nil,2-way,Sealed,0.0,0.0,0,0.0,50.0,0.0,Null,0.0,0.0,,47,Wellington City,Unknown,0.0,0.0,0.0,0.0,0.0,0.0,Urban,0.0,0.0,0.0,Light rain,Null,0
67728389,,577200,0.0,,0.0,2.0,,South,2023/2024,CALABAR ROAD,COBHAM DRIVE,,Non-Injury Crash,Yes,2023,,North,,0,,Flat,,,,,,Twilight,2206300,0,0.0,0.0,2.0,,,0.0,,,,,,Wellington Region,Nil,1-way,Sealed,,0.0,0,,60.0,,On,0.0,0.0,,47,Wellington City,Nil,,,,,0.0,0.0,Urban,0.0,,,Fine,Null,0
67728399,,577700,0.0,,0.0,2.0,,North,2023/2024,OHARIU VALLEY ROAD,MCLINTOCK STREET NORTH,,Non-Injury Crash,No,2023,,North,,0,,Flat,,,,,,Bright sun,2086713,0,0.0,0.0,2.0,,,0.0,,,,,,Wellington Region,Nil,2-way,Sealed,,0.0,0,,50.0,,Off,0.0,0.0,,47,Wellington City,Nil,,,,,0.0,0.0,Urban,0.0,,,Fine,Null,0
67728421,,573526,0.0,0.0,0.0,0.0,0.0,South,2023/2024,HUTT ROAD,HOROKIWI ROAD,,Non-Injury Crash,Yes,2023,0.0,South,0.0,0,0.0,Flat,1.0,,0.0,,0.0,Twilight,2077503,0,0.0,0.0,2.0,0.0,0.0,0.0,0.0,0.0,,0.0,0.0,Wellington Region,Nil,1-way,Sealed,0.0,0.0,0,0.0,100.0,0.0,On,0.0,0.0,,47,Wellington City,Nil,0.0,0.0,0.0,0.0,0.0,0.0,Open,1.0,0.0,0.0,Fine,Null,0
67728430,,576400,0.0,0.0,0.0,2.0,0.0,South,2016/2017,COROMANDEL ST,WILSON ST,,Non-Injury Crash,No,2017,0.0,South,0.0,0,0.0,Hill Road,0.0,,0.0,,0.0,Dark,2168000,0,0.0,0.0,2.0,0.0,0.0,0.0,0.0,1.0,,0.0,0.0,Wellington Region,Nil,2-way,Sealed,0.0,0.0,0,0.0,40.0,0.0,On,0.0,0.0,,47,Wellington City,Unknown,0.0,0.0,0.0,0.0,0.0,0.0,Urban,0.0,0.0,0.0,Fine,Null,0
67728450,,573101,0.0,,0.0,3.0,,South,2022/2023,WAKEFIELD STREET,TARANAKI STREET,,Non-Injury Crash,No,2023,,North,,0,,Flat,,Easter,,,,Dark,2135600,0,0.0,0.0,3.0,,,0.0,,,,,,Wellington Region,Nil,1-way,Sealed,,0.0,0,,50.0,,On,0.0,1.0,,47,Wellington City,Nil,,,,,0.0,0.0,Urban,0.0,,,Fine,Null,0
67728475,,576901,0.0,,0.0,0.0,,Null,2016/2017,TACY ST,KEMP ST,,Non-Injury Crash,No,2016,,North,,0,,Flat,,,,,,Bright sun,2178102,0,0.0,0.0,2.0,,,0.0,,,,,,Wellington Region,Nil,2-way,Sealed,,0.0,0,,50.0,,Null,0.0,0.0,,47,Wellington City,Give way,,,,,0.0,0.0,Urban,2.0,,,Fine,Null,0
67728485,,574002,0.0,,0.0,1.0,,South,2016/2017,SH 1N,NEWLANDS ON SBD,,Non-Injury Crash,Yes,2016,,South,,0,,Hill Road,,,,,,Overcast,2078304,0,0.0,0.0,6.0,,,0.0,,,,,,Wellington Region,Motorway ramp,2-way,Sealed,,0.0,0,,80.0,,Null,0.0,0.0,,47,Wellington City,Unknown,,,,,2.0,0.0,Open,0.0,,,Light rain,Null,0
67728546,,577102,0.0,,0.0,1.0,,East,2016/2017,TUKANAE ST,RAUKAWA ST,,Serious Crash,No,2017,,West,,0,,Hill Road,,,,,,Bright sun,2215900,0,0.0,0.0,2.0,,,0.0,,,1.0,,,Wellington Region,Nil,2-way,Sealed,,0.0,1,,50.0,,Null,0.0,0.0,,47,Wellington City,Unknown,,,,,0.0,0.0,Urban,0.0,,,Fine,Null,0
67728581,,575000,0.0,,0.0,1.0,,Null,2023/2024,DONALD STREET,KARORI ROAD,,Minor Crash,No,2023,,East,,0,,Flat,,,,,,Dark,2112300,1,0.0,0.0,2.0,,,0.0,,,1.0,,,Wellington Region,Nil,2-way,Sealed,,0.0,0,,30.0,,On,0.0,0.0,,47,Wellington City,Traffic Signals,,,,,0.0,0.0,Urban,0.0,,,Fine,Null,0
67728589,,573400,0.0,0.0,0.0,1.0,1.0,Null,2022/2023,ORIENTAL PARADE,CABLE STREET,,Non-Injury Crash,No,2023,0.0,South,0.0,0,0.0,Flat,0.0,,0.0,,0.0,Overcast,2138900,0,0.0,0.0,2.0,0.0,0.0,0.0,0.0,0.0,,0.0,0.0,Wellington Region,Nil,1-way,Sealed,0.0,0.0,0,0.0,50.0,0.0,Off,0.0,0.0,,47,Wellington City,Traffic Signals,0.0,0.0,0.0,0.0,0.0,0.0,Urban,0.0,0.0,0.0,Fine,Null,0
67728644,,577601,0.0,0.0,0.0,0.0,0.0,South,2022/2023,NEVAY ROAD,MAIN ROAD,,Minor Crash,No,2022,0.0,North,0.0,0,0.0,Hill Road,0.0,,0.0,,0.0,Dark,2200800,1,0.0,0.0,2.0,0.0,0.0,0.0,0.0,0.0,,0.0,1.0,Wellington Region,Nil,2-way,Sealed,0.0,0.0,0,0.0,50.0,0.0,On,0.0,0.0,,47,Wellington City,Nil,0.0,0.0,0.0,0.0,0.0,0.0,Urban,1.0,0.0,0.0,Fine,Null,0
67728719,,573700,0.0,,0.0,2.0,,South,2016/2017,JOHNSONVILLE ROAD,BURGESS ROAD,,Non-Injury Crash,No,2016,,South,,0,,Flat,,,,,,Bright sun,2082800,0,0.0,0.0,2.0,,,0.0,,,,,,Wellington Region,Nil,2-way,Sealed,,0.0,0,,50.0,,Null,0.0,1.0,,47,Wellington City,Unknown,,,,,0.0,0.0,Urban,0.0,,,Fine,Null,0
67728739,,576400,0.0,0.0,0.0,3.0,0.0,Null,2022/2023,DANIELL STREET,RHODES STREET,,Non-Injury Crash,No,2023,0.0,North,0.0,0,0.0,Hill Road,0.0,,0.0,,0.0,Overcast,2168800,0,0.0,0.0,2.0,0.0,0.0,0.0,0.0,1.0,,0.0,0.0,Wellington Region,Nil,2-way,Sealed,0.0,0.0,0,0.0,40.0,0.0,Off,0.0,0.0,,47,Wellington City,Give way,0.0,0.0,0.0,0.0,0.0,0.0,Urban,0.0,0.0,0.0,Light rain,Null,0
67728752,,573526,0.0,,0.0,3.0,,West,2016/2017,SH 2,HOROKIWI ROAD,,Non-Injury Crash,Yes,2016,,West,,0,,Flat,,,,,,Overcast,2086403,0,0.0,0.0,2.0,,,0.0,,,,,,Wellington Region,Nil,1-way,Sealed,,0.0,0,,100.0,,Off,0.0,0.0,,47,Wellington City,Unknown,,,,,0.0,0.0,Open,0.0,,,Light rain,Null,0
67728775,,574002,0.0,,0.0,2.0,,North,2023/2024,WELLINGTON URBAN MOTORWAY,NGAURANGA ON NBD OBR,,Minor Crash,Yes,2023,,South,,0,,Hill Road,,,,,,Bright sun,2078302,1,0.0,0.0,2.0,,,0.0,,,,,,Wellington Region,Nil,1-way,Sealed,,0.0,0,,80.0,,Off,0.0,0.0,40.0,47,Wellington City,Nil,,,,,0.0,0.0,Open,0.0,,,Fine,Null,0
67728822,,576100,0.0,0.0,0.0,2.0,0.0,North,2016/2017,SUTHERLAND ROAD,TAVISTOCK ROAD,,Non-Injury Crash,No,2016,0.0,North,0.0,0,0.0,Hill Road,0.0,,0.0,,0.0,Overcast,2196600,0,0.0,0.0,2.0,0.0,0.0,0.0,0.0,1.0,,0.0,0.0,Wellington Region,Nil,2-way,Sealed,0.0,0.0,0,0.0,50.0,0.0,Null,0.0,0.0,,47,Wellington City,Unknown,0.0,0.0,0.0,0.0,0.0,0.0,Urban,0.0,0.0,0.0,Null,Null,0
67728879,,575902,0.0,0.0,0.0,0.0,0.0,West,2023/2024,OWHIRO BAY PARADE,HAPPY VALLEY ROAD,,Non-Injury Crash,No,2023,0.0,North,0.0,0,0.0,Flat,0.0,,0.0,,0.0,Overcast,2187303,0,0.0,0.0,2.0,0.0,0.0,0.0,0.0,1.0,,0.0,0.0,Wellington Region,Nil,2-way,Sealed,0.0,0.0,0,0.0,50.0,0.0,Off,2.0,0.0,,47,Wellington City,Nil,0.0,0.0,0.0,0.0,0.0,0.0,Urban,0.0,0.0,0.0,Light rain,Null,0
67728968,,576903,0.0,,0.0,2.0,,South,2023/2024,CRAWFORD ROAD,NAUGHTON TERRACE,,Minor Crash,No,2023,,South,,0,,Hill Road,,,,,,Twilight,2179200,1,0.0,0.0,2.0,,,0.0,,,,,,Wellington Region,Nil,2-way,Sealed,,0.0,0,,50.0,,None,0.0,0.0,,47,Wellington City,Nil,,,,,0.0,0.0,Urban,0.0,,,Fine,Null,0
67728985,,573000,0.0,0.0,0.0,1.0,0.0,North,2023/2024,WELLINGTON URBAN MOTORWAY,EVERTON OBR,,Non-Injury Crash,Yes,2023,0.0,North,0.0,0,0.0,Flat,1.0,,0.0,,0.0,Bright sun,2126100,0,0.0,0.0,4.0,0.0,0.0,0.0,0.0,0.0,,0.0,0.0,Wellington Region,Nil,2-way,Sealed,0.0,0.0,0,0.0,100.0,0.0,Off,0.0,0.0,,47,Wellington City,Nil,0.0,0.0,0.0,0.0,0.0,0.0,Open,0.0,0.0,0.0,Fine,Null,0
67728999,,576800,1.0,0.0,0.0,1.0,0.0,North,2016/2017,EVANS BAY PARADE,GRETA PT,,Minor Crash,No,2017,0.0,South,0.0,0,0.0,Flat,0.0,,0.0,,0.0,Overcast,2182504,1,0.0,0.0,2.0,0.0,0.0,0.0,0.0,1.0,,0.0,0.0,Wellington Region,Nil,2-way,Sealed,0.0,0.0,0,0.0,50.0,0.0,Null,0.0,0.0,,47,Wellington City,Unknown,0.0,0.0,0.0,0.0,0.0,0.0,Urban,0.0,0.0,0.0,Fine,Null,0
67729003,,576903,0.0,0.0,0.0,2.0,0.0,North,2016/2017,EVANS BAY PARADE,SH 1N,,Non-Injury Crash,No,2016,0.0,South,0.0,0,0.0,Flat,0.0,,0.0,,0.0,Dark,2180102,0,0.0,0.0,2.0,0.0,0.0,0.0,0.0,1.0,,0.0,0.0,Wellington Region,Nil,2-way,Sealed,0.0,0.0,0,0.0,50.0,0.0,On,0.0,0.0,,47,Wellington City,Unknown,0.0,0.0,0.0,0.0,0.0,0.0,Urban,0.0,0.0,0.0,Null,Null,0
67729051,,576400,0.0,,0.0,2.0,,East,2016/2017,CONSTABLE ST,RIDDIFORD ST,,Non-Injury Crash,No,2017,,East,,0,,Flat,,,,,,Bright sun,2168400,0,0.0,0.0,2.0,,,0.0,,,,,,Wellington Region,Nil,2-way,Sealed,,0.0,0,,50.0,,Null,0.0,0.0,,47,Wellington City,Unknown,,,,,0.0,0.0,Urban,0.0,,,Fine,Null,0
67729073,,572900,0.0,,0.0,2.0,,Null,2016/2017,SH 1N,AOTEA OFF SBD,,Non-Injury Crash,Yes,2016,,South,,0,,Flat,,Christmas New Year,,,,Bright sun,2118400,0,0.0,0.0,3.0,,,0.0,,,,,,Wellington Region,Nil,1-way,Sealed,,0.0,0,,100.0,,Null,0.0,0.0,,47,Wellington City,Nil,,,,,0.0,0.0,Open,0.0,,,Fine,Null,0
67729077,,572701,0.0,,0.0,1.0,,Null,2022/2023,BEAUCHAMP STREET,COLLINS AVENUE,,Non-Injury Crash,No,2023,,East,,0,,Flat,,,,,,Bright sun,1994200,0,0.0,0.0,2.0,,,0.0,,,,,,Wellington Region,Nil,2-way,Sealed,,0.0,0,,50.0,,Off,0.0,0.0,,47,Wellington City,Give way,,,,,0.0,0.0,Urban,1.0,,,Fine,Null,0
67729125,,576903,0.0,,1.0,1.0,,Null,2016/2017,SH 1N,GOA ST,,Non-Injury Crash,Yes,2017,,South,,0,,Flat,,,,,,Bright sun,2180601,0,0.0,0.0,2.0,,,0.0,,,,,,Wellington Region,Nil,2-way,Sealed,,0.0,0,,70.0,,Null,0.0,0.0,,47,Wellington City,Give way,,,,,0.0,0.0,Urban,0.0,,,Fine,Null,0
67729139,,573000,0.0,,1.0,1.0,,Null,2016/2017,SALAMANCA ROAD,THE TERRACE,,Non-Injury Crash,No,2017,,East,,0,,Hill Road,,,,,,Bright sun,2128200,0,0.0,0.0,3.0,,,0.0,,,,,,Wellington Region,Nil,2-way,Sealed,,0.0,0,,50.0,,Null,0.0,0.0,,47,Wellington City,Traffic Signals,,,,,0.0,0.0,Urban,0.0,,,Fine,Null,0
67729142,35.0,577700,0.0,,0.0,0.0,,West,2023/2024,SOUTH MAKARA ROAD,MAKARA ROAD,,Serious Crash,No,2023,,North,,0,,Hill Road,,,,,,Overcast,2116801,0,0.0,1.0,2.0,,,0.0,,,,,,Wellington Region,Nil,2-way,Unsealed,,0.0,1,,50.0,,Off,0.0,0.0,,47,Wellington City,Nil,,,,,0.0,0.0,Urban,0.0,,,Fine,Null,0
67729167,,576500,0.0,,0.0,1.0,,Null,2016/2017,ADELAIDE ROAD,SH 1N,,Minor Crash,No,2017,,North,,0,,Flat,,,,,,Bright sun,2147900,1,0.0,1.0,2.0,,,0.0,,,,,,Wellington Region,Nil,2-way,Sealed,,0.0,0,,50.0,,Null,0.0,0.0,,47,Wellington City,Traffic Signals,,,,,0.0,0.0,Urban,0.0,,,Fine,Null,0
67729205,,576903,0.0,0.0,0.0,1.0,0.0,North,2016/2017,EVANS BAY PARADE,SH 1N,,Non-Injury Crash,No,2016,0.0,North,0.0,0,0.0,Hill Road,0.0,,0.0,,0.0,Bright sun,2180200,0,0.0,0.0,2.0,0.0,0.0,0.0,0.0,1.0,,0.0,0.0,Wellington Region,Nil,2-way,Sealed,0.0,0.0,0,0.0,50.0,0.0,Null,0.0,0.0,,47,Wellington City,Unknown,0.0,0.0,0.0,0.0,0.0,0.0,Urban,1.0,0.0,0.0,Null,Null,0
67729229,,573101,0.0,0.0,0.0,1.0,0.0,West,2015/2016,CABLE ST,CHAFFERS ST,,Non-Injury Crash,No,2016,0.0,East,0.0,0,0.0,Flat,0.0,,0.0,,1.0,Dark,2135400,0,0.0,0.0,3.0,0.0,0.0,0.0,0.0,0.0,,0.0,0.0,Wellington Region,Nil,1-way,Sealed,0.0,0.0,0,0.0,50.0,0.0,On,0.0,0.0,,47,Wellington City,Traffic Signals,0.0,1.0,0.0,0.0,0.0,0.0,Urban,0.0,0.0,0.0,Fine,Null,0
67729247,,574002,0.0,,0.0,2.0,,East,2016/2017,HUTT ON NBD,CENTENNIAL SLIP ROAD,,Non-Injury Crash,Yes,2017,,North,,0,,Flat,,,,,,Twilight,2078302,0,0.0,0.0,2.0,,,0.0,,,,,,Wellington Region,Motorway ramp,1-way,Sealed,,0.0,0,,80.0,,Off,0.0,0.0,,47,Wellington City,Unknown,,,,,0.0,0.0,Open,0.0,,,Fine,Null,0
67729293,,572500,0.0,,0.0,2.0,,South,2022/2023,MAIN ROAD,TAWA STREET,,Non-Injury Crash,No,2023,,North,,0,,Flat,,,,,,Overcast,1986300,0,0.0,0.0,2.0,,,0.0,,,,,,Wellington Region,Nil,2-way,Sealed,,0.0,0,,50.0,,Off,0.0,0.0,,47,Wellington City,Nil,,,,,0.0,0.0,Urban,0.0,,,Fine,Null,0
67729302,,573000,0.0,,0.0,2.0,,Null,2016/2017,THE TERRACE,TERRACE OFF SBD,,Non-Injury Crash,No,2016,,North,,0,,Hill Road,,,,,,Overcast,2124803,0,0.0,0.0,2.0,,,0.0,,,,,,Wellington Region,Nil,2-way,Sealed,,0.0,0,,50.0,,Null,0.0,0.0,,47,Wellington City,Traffic Signals,,,,,0.0,0.0,Urban,0.0,,,Fine,Null,0
67729315,,572900,0.0,0.0,0.0,2.0,0.0,North,2023/2024,HUTT ROAD,SAR STREET,,Minor Crash,No,2024,0.0,North,0.0,0,0.0,Flat,0.0,,0.0,,0.0,Bright sun,2117102,1,0.0,0.0,3.0,0.0,0.0,0.0,0.0,1.0,,0.0,0.0,Wellington Region,Nil,2-way,Sealed,0.0,0.0,0,0.0,50.0,0.0,Off,0.0,0.0,,47,Wellington City,Nil,0.0,0.0,0.0,0.0,0.0,0.0,Urban,0.0,0.0,0.0,Fine,Null,0
67729354,,572900,0.0,0.0,0.0,1.0,0.0,South,2017/2018,MULGRAVE ST,PIPITEA ST,,Non-Injury Crash,No,2017,0.0,South,0.0,0,0.0,Hill Road,0.0,,0.0,,0.0,Overcast,2121500,0,0.0,0.0,2.0,0.0,0.0,0.0,0.0,0.0,,0.0,0.0,Wellington Region,Nil,2-way,Sealed,1.0,0.0,0,0.0,50.0,0.0,Null,0.0,0.0,,47,Wellington City,Unknown,0.0,0.0,0.0,0.0,0.0,0.0,Urban,1.0,0.0,0.0,Fine,Null,0
67729408,,574303,0.0,,0.0,2.0,,South,2016/2017,SH 1N,SH 2,,Non-Injury Crash,Yes,2017,,North,,0,,Flat,,,,,,Twilight,2090402,0,0.0,0.0,7.0,,,0.0,,,,,,Wellington Region,Nil,2-way,Sealed,,0.0,0,,100.0,,On,0.0,0.0,,47,Wellington City,Unknown,,,,,0.0,0.0,Open,0.0,,,Null,Null,0
67729420,,572900,0.0,0.0,0.0,1.0,0.0,East,2017/2018,BOWEN ST,SYDNEY ST WEST,,Non-Injury Crash,No,2017,0.0,South,0.0,0,0.0,Hill Road,0.0,,0.0,,1.0,Dark,2121900,0,0.0,0.0,4.0,0.0,0.0,0.0,0.0,0.0,,0.0,0.0,Wellington Region,Nil,2-way,Sealed,0.0,0.0,0,0.0,50.0,0.0,On,0.0,0.0,,47,Wellington City,Unknown,0.0,1.0,0.0,0.0,0.0,0.0,Urban,0.0,0.0,0.0,Light rain,Null,0
67729438,,577200,0.0,,0.0,2.0,,Null,2016/2017,MIRAMAR AVENUE,PORTSMOUTH ROAD,,Minor Crash,No,2017,,West,,0,,Flat,,,,,,Bright sun,2206200,1,0.0,0.0,2.0,,,0.0,,,,,,Wellington Region,Nil,2-way,Sealed,,0.0,0,,50.0,,Null,1.0,0.0,,47,Wellington City,Give way,,,,,0.0,0.0,Urban,0.0,,,Fine,Null,0
67729569,,572600,0.0,,0.0,2.0,,Null,2016/2017,MAIN ROAD,LYNDHURST ROAD,,Non-Injury Crash,No,2017,,South,,0,,Flat,,,,,,Bright sun,1988500,0,0.0,0.0,2.0,,,0.0,,,,,,Wellington Region,Nil,2-way,Sealed,,0.0,0,,50.0,,Null,0.0,0.0,,47,Wellington City,Give way,,,,,0.0,0.0,Urban,0.0,,,Fine,Null,0
67729670,,574304,0.0,0.0,0.0,2.0,1.0,North,2022/2023,BURMA ROAD,KIM STREET,,Non-Injury Crash,No,2023,0.0,North,0.0,0,0.0,Hill Road,0.0,,0.0,,0.0,Dark,2088800,0,0.0,0.0,2.0,0.0,0.0,0.0,0.0,0.0,,0.0,0.0,Wellington Region,Nil,2-way,Sealed,0.0,0.0,0,0.0,50.0,0.0,On,0.0,0.0,,47,Wellington City,Nil,0.0,0.0,0.0,0.0,0.0,0.0,Urban,0.0,0.0,0.0,Light rain,Null,0
67729675,,577102,1.0,,0.0,1.0,,Null,2017/2018,BROADWAY,GLAMIS AVENUE,,Serious Crash,No,2017,,West,,0,,Flat,,,,,,Bright sun,2214600,0,0.0,0.0,2.0,,,0.0,,,,,,Wellington Region,Nil,2-way,Sealed,,0.0,1,,30.0,,Null,0.0,0.0,,47,Wellington City,Give way,,,,,0.0,0.0,Urban,0.0,,,Fine,Null,0
67729700,,573101,1.0,,0.0,0.0,,Null,2021/2022,TORY STREET,FORRESTERS LANE,,Non-Injury Crash,No,2021,,North,,0,,Flat,,,,,,Dark,2136000,0,0.0,0.0,2.0,,,0.0,,,,,,Wellington Region,Nil,2-way,Sealed,,0.0,0,,30.0,,On,1.0,0.0,,47,Wellington City,Nil,,,,,0.0,0.0,Urban,0.0,,,Fine,Null,1
67729715,,573600,0.0,0.0,0.0,0.0,0.0,South,2016/2017,MIDDLETON ROAD,BURDENDALE GROVE,,Non-Injury Crash,No,2017,0.0,North,0.0,0,0.0,Hill Road,0.0,,0.0,,0.0,Twilight,2081000,0,0.0,0.0,2.0,0.0,0.0,0.0,0.0,1.0,,0.0,0.0,Wellington Region,Nil,2-way,Sealed,0.0,0.0,0,0.0,50.0,0.0,On,2.0,0.0,,47,Wellington City,Unknown,0.0,0.0,0.0,0.0,0.0,0.0,Urban,0.0,0.0,0.0,Null,Null,0
67729738,15.0,572900,0.0,,0.0,1.0,,South,2023/2024,MOLESWORTH STREET,MOLESWORTH OBR,,Minor Crash,No,2023,,South,,0,,Flat,,,,,,Dark,2119200,1,0.0,0.0,1.0,,,0.0,,,1.0,,,Wellington Region,Nil,1-way,Sealed,,0.0,0,,50.0,,On,0.0,0.0,,47,Wellington City,Nil,,,,,0.0,0.0,Urban,0.0,,,Fine,Null,0
67729752,,573101,0.0,,0.0,1.0,,Null,2022/2023,DIXON STREET,WILLIS STREET,,Non-Injury Crash,No,2023,,West,,0,,Flat,,,,,,Overcast,2131400,0,0.0,0.0,2.0,,,0.0,,,,,,Wellington Region,Nil,1-way,Sealed,,0.0,0,,30.0,,On,0.0,0.0,,47,Wellington City,Traffic Signals,,,,,1.0,0.0,Urban,0.0,,,Fine,Null,0
67729761,,576800,0.0,,0.0,3.0,,West,2016/2017,EVANS BAY PARADE,RATA ROAD,,Non-Injury Crash,No,2016,,East,,0,,Flat,,,,,,Overcast,2183100,0,0.0,0.0,2.0,,,0.0,,,,,,Wellington Region,Nil,2-way,Sealed,,0.0,0,,50.0,,Off,0.0,0.0,,47,Wellington City,Unknown,,,,,0.0,0.0,Urban,0.0,,,Light rain,Null,0
67729769,,573101,0.0,,0.0,1.0,,North,2016/2017,CAMBRIDGE TERRACE,COLLEGE ST,,Non-Injury Crash,No,2017,,North,,0,,Flat,,,,,,Bright sun,2136500,0,0.0,0.0,3.0,,,0.0,,,,,,Wellington Region,Nil,1-way,Sealed,,0.0,0,,50.0,,Off,0.0,0.0,,47,Wellington City,Unknown,,,,,0.0,0.0,Urban,1.0,,,Fine,Null,0
67729849,,572900,0.0,,1.0,1.0,,Null,2016/2017,MULGRAVE ST,THORNDON QUAY,,Non-Injury Crash,No,2016,,North,,0,,Flat,,Labour Weekend,,,,Bright sun,2122800,0,0.0,0.0,2.0,,,0.0,,,,,,Wellington Region,Nil,2-way,Sealed,,0.0,0,,50.0,,Null,0.0,0.0,,47,Wellington City,Give way,,,,,0.0,0.0,Urban,0.0,,,Fine,Null,0
67729867,,575600,0.0,,1.0,1.0,,South,2016/2017,OHIRO ROAD,BRETBY CRESCENT,,Non-Injury Crash,No,2017,,South,,0,,Hill Road,,,,,,Overcast,2161900,0,0.0,0.0,2.0,,,0.0,,,,,,Wellington Region,Nil,2-way,Sealed,,0.0,0,,50.0,,Null,1.0,0.0,,47,Wellington City,Unknown,,,,,0.0,0.0,Urban,0.0,,,Light rain,Null,0
67729880,,575600,0.0,0.0,0.0,5.0,0.0,West,2017/2018,TODMAN ST,CHARLOTTE AVENUE,,Minor Crash,No,2017,0.0,West,0.0,0,0.0,Hill Road,0.0,,0.0,,0.0,Dark,2161400,1,0.0,0.0,2.0,0.0,0.0,0.0,0.0,1.0,,0.0,0.0,Wellington Region,Nil,2-way,Sealed,0.0,0.0,0,0.0,50.0,0.0,On,0.0,0.0,,47,Wellington City,Unknown,0.0,0.0,0.0,0.0,0.0,0.0,Urban,0.0,0.0,0.0,Fine,Null,0
67729883,,573901,0.0,,0.0,2.0,,North,2023/2024,STEWART DRIVE,LOASBY CRESCENT,,Non-Injury Crash,No,2023,,West,,0,,Flat,,,,,,Bright sun,2073500,0,0.0,0.0,2.0,,,0.0,,,,,,Wellington Region,Nil,2-way,Sealed,,0.0,0,,50.0,,Off,0.0,0.0,,47,Wellington City,Nil,,,,,0.0,0.0,Urban,0.0,,,Fine,Null,0