OBJECTID,advisorySpeed,areaUnitID,bicycle,bridge,bus,carStationWagon,cliffBank,crashDirectionDescription,crashFinancialYear,crashLocation1,crashLocation2,crashRoadSideRoad,crashSeverity,crashSHDescription,crashYear,debris,directionRoleDescription,ditch,fatalCount,fence,flatHill,guardRail,holiday,houseOrBuilding,intersection,kerb,light,meshblockId,minorInjuryCount,moped,motorcycle,NumberOfLanes,objectThrownOrDropped,otherObject,otherVehicleType,overBank,parkedVehicle,pedestrian,phoneBoxEtc,postOrPole,region,roadCharacter,roadLane,roadSurface,roadworks,schoolBus,seriousInjuryCount,slipOrFlood,speedLimit,strayAnimal,streetLight,suv,taxi,temporarySpeedLimit,tlaId,tlaName,trafficControl,trafficIsland,trafficSign,train,tree,truck,unknownVehicleType,urban,vanOrUtility,vehicle,waterRiver,weatherA,weatherB,if_pandemic
67729889,,574702,0.0,0.0,0.0,1.0,0.0,West,2022/2023,WILTON ROAD,GLOUCESTER STREET,,Non-Injury Crash,No,2023,0.0,West,0.0,0,0.0,Flat,0.0,,0.0,,0.0,Dark,2103100,0,0.0,0.0,2.0,0.0,0.0,0.0,0.0,0.0,,0.0,1.0,Wellington Region,Nil,2-way,Sealed,0.0,0.0,0,0.0,50.0,0.0,On,0.0,0.0,,47,Wellington City,Nil,0.0,0.0,0.0,0.0,0.0,0.0,Urban,0.0,0.0,0.0,Light rain,Null,0
67729906,,575800,0.0,,0.0,2.0,,Null,2016/2017,HALIFAX ST,QUEBEC ST,,Non-Injury Crash,No,2017,,North,,0,,Hill Road,,,,,,Twilight,2197500,0,0.0,0.0,2.0,,,0.0,,,,,,Wellington Region,Nil,2-way,Sealed,,0.0,0,,50.0,,On,0.0,0.0,,47,Wellington City,Nil,,,,,0.0,0.0,Urban,0.0,,,Fine,Null,0
67729919,,577301,0.0,,0.0,2.0,,North,2022/2023,PARK ROAD,MIRAMAR NORTH ROAD,,Non-Injury Crash,No,2022,,North,,0,,Flat,,,,,,Bright sun,2203800,0,0.0,0.0,2.0,,,0.0,,,,,,Wellington Region,Nil,2-way,Sealed,,0.0,0,,50.0,,Off,0.0,0.0,,47,Wellington City,Nil,,,,,0.0,0.0,Urban,0.0,,,Fine,Null,0
67729939,,573700,0.0,1.0,0.0,1.0,0.0,Null,2023/2024,MOOREFIELD ROAD,HELSTON ROAD,,Non-Injury Crash,No,2023,0.0,North,0.0,0,0.0,Hill Road,0.0,,0.0,,0.0,Overcast,2082300,0,0.0,0.0,2.0,0.0,0.0,0.0,0.0,0.0,,0.0,0.0,Wellington Region,Nil,1-way,Sealed,0.0,0.0,0,0.0,50.0,0.0,Off,0.0,0.0,,47,Wellington City,Give way,0.0,0.0,0.0,0.0,0.0,0.0,Urban,0.0,0.0,0.0,Fine,Null,0
67729968,,572900,0.0,,0.0,1.0,,West,2016/2017,AITKEN ST,MULGRAVE ST,,Non-Injury Crash,No,2017,,South,,0,,Flat,,,,,,Bright sun,2121400,0,0.0,0.0,2.0,,,0.0,,,1.0,,,Wellington Region,Nil,2-way,Sealed,,0.0,0,,50.0,,Null,0.0,1.0,,47,Wellington City,Unknown,,,,,0.0,0.0,Urban,0.0,,,Fine,Null,0
67729976,,577602,1.0,,0.0,0.0,,North,2016/2017,TAUHINU ROAD,MIRAMAR AVENUE,,Non-Injury Crash,No,2017,,South,,0,,Null,,,,,,Bright sun,2201400,0,0.0,0.0,3.0,,,0.0,,,,,,Wellington Region,Nil,2-way,Sealed,,0.0,0,,50.0,,Null,1.0,0.0,,47,Wellington City,Give way,,,,,0.0,0.0,Urban,0.0,,,Fine,Null,0
67730004,,576001,0.0,0.0,0.0,3.0,0.0,South,2016/2017,THE PARADE,TAMAR ST,,Non-Injury Crash,No,2016,0.0,South,0.0,0,0.0,Flat,0.0,,0.0,,0.0,Bright sun,2193600,0,0.0,0.0,2.0,0.0,0.0,0.0,0.0,1.0,,0.0,0.0,Wellington Region,Nil,2-way,Sealed,0.0,0.0,0,0.0,50.0,0.0,Null,0.0,0.0,,47,Wellington City,Unknown,0.0,0.0,0.0,0.0,0.0,0.0,Urban,1.0,0.0,0.0,Fine,Null,0
67730012,,576901,0.0,,0.0,0.0,,East,2016/2017,KEMP ST,EVANS BAY PARADE,,Non-Injury Crash,No,2017,,East,,0,,Flat,,,,,,Overcast,2177800,0,0.0,0.0,2.0,,,0.0,,,,,,Wellington Region,Nil,2-way,Sealed,,0.0,0,,50.0,,Null,0.0,0.0,,47,Wellington City,Unknown,,,,,0.0,0.0,Urban,2.0,,,Fine,Null,0
67730029,,573000,0.0,,0.0,1.0,,West,2016/2017,JOHNSTON ST,FEATHERSTON ST,,Serious Crash,No,2017,,East,,0,,Flat,,,,,,Overcast,2125600,0,0.0,0.0,2.0,,,0.0,,,1.0,,,Wellington Region,Nil,1-way,Sealed,,0.0,1,,30.0,,Null,0.0,0.0,,47,Wellington City,Unknown,,,,,0.0,0.0,Urban,0.0,,,Fine,Null,0
67730086,,573903,0.0,0.0,0.0,2.0,0.0,West,2016/2017,NEWLANDS ROAD,WAKELY ROAD,,Minor Crash,No,2017,0.0,West,0.0,0,0.0,Flat,0.0,Queens Birthday,0.0,,0.0,Dark,2075103,1,0.0,0.0,2.0,0.0,0.0,0.0,0.0,1.0,,0.0,0.0,Wellington Region,Nil,2-way,Sealed,0.0,0.0,0,0.0,50.0,0.0,On,0.0,0.0,,47,Wellington City,Unknown,0.0,0.0,0.0,0.0,0.0,0.0,Urban,0.0,0.0,0.0,Light rain,Null,0
67730092,,572900,0.0,,0.0,0.0,,Null,2017/2018,MOLESWORTH ST,PIPITEA ST,,Minor Crash,No,2017,,North,,0,,Flat,,,,,,Overcast,2119200,1,0.0,0.0,2.0,,,0.0,,,1.0,,,Wellington Region,Nil,1-way,Sealed,,0.0,0,,50.0,,Null,0.0,0.0,,47,Wellington City,Give way,,,,,0.0,0.0,Urban,1.0,,,Fine,Null,0
67730094,,574303,0.0,,0.0,2.0,,North,2016/2017,SH 1N,NEWLANDS OFF NBD,,Non-Injury Crash,Yes,2017,,North,,0,,Hill Road,,,,,,Bright sun,2084302,0,0.0,0.0,3.0,,,0.0,,,,,,Wellington Region,Nil,1-way,Sealed,,0.0,0,,80.0,,Null,0.0,0.0,,47,Wellington City,Unknown,,,,,0.0,0.0,Open,1.0,,,Fine,Null,0
67730121,,573101,0.0,,0.0,2.0,,Null,2016/2017,KENT TERRACE,SH 1N,,Non-Injury Crash,Yes,2017,,South,,0,,Flat,,,,,,Dark,2136700,0,0.0,0.0,3.0,,,0.0,,,,,,Wellington Region,Nil,1-way,Sealed,,0.0,0,,50.0,,On,0.0,0.0,,47,Wellington City,Traffic Signals,,,,,0.0,0.0,Urban,0.0,,,Fine,Null,0
67730126,,573700,0.0,0.0,0.0,1.0,0.0,South,2016/2017,BANNISTER AVENUE,BRODERICK ROAD,,Non-Injury Crash,No,2016,0.0,South,0.0,0,1.0,Flat,0.0,,0.0,,0.0,Overcast,2082600,0,0.0,0.0,2.0,0.0,0.0,0.0,0.0,0.0,,0.0,0.0,Wellington Region,Nil,2-way,Sealed,0.0,0.0,0,0.0,50.0,0.0,Null,0.0,0.0,,47,Wellington City,Unknown,0.0,0.0,0.0,0.0,0.0,0.0,Urban,0.0,0.0,0.0,Heavy rain,Strong wind,0
67730148,,573700,0.0,0.0,0.0,2.0,0.0,North,2016/2017,MOOREFIELD ROAD,JOHNSONVILLE ON NBD,,Non-Injury Crash,No,2016,0.0,North,0.0,0,0.0,Flat,0.0,,0.0,,0.0,Overcast,2082300,0,0.0,0.0,4.0,0.0,0.0,0.0,0.0,0.0,,0.0,0.0,Wellington Region,Nil,2-way,Sealed,0.0,0.0,0,0.0,50.0,0.0,Null,0.0,0.0,,47,Wellington City,Unknown,1.0,0.0,0.0,0.0,0.0,0.0,Urban,0.0,0.0,0.0,Fine,Null,0
67730152,45.0,573801,0.0,0.0,0.0,2.0,0.0,East,2016/2017,MARK AVENUE,TANIA WAY,,Minor Crash,No,2017,0.0,East,0.0,0,0.0,Hill Road,0.0,,0.0,,0.0,Dark,2079500,1,0.0,0.0,2.0,0.0,0.0,0.0,0.0,1.0,,0.0,0.0,Wellington Region,Nil,2-way,Sealed,0.0,0.0,0,0.0,50.0,0.0,On,0.0,0.0,,47,Wellington City,Unknown,0.0,0.0,0.0,0.0,0.0,0.0,Urban,0.0,0.0,0.0,Fine,Null,0
67730160,,573101,0.0,,0.0,1.0,,West,2017/2018,COURTENAY PLACE,TORY ST,,Non-Injury Crash,No,2017,,East,,0,,Flat,,,,,,Overcast,2135900,0,0.0,0.0,1.0,,,0.0,,,,,,Wellington Region,Nil,1-way,Sealed,,0.0,0,,30.0,,Null,0.0,0.0,,47,Wellington City,Unknown,,,,,0.0,0.0,Urban,1.0,,,Fine,Null,0
67730206,,576400,0.0,,0.0,1.0,,Null,2016/2017,MANSFIELD ST,RUSSELL TERRACE,,Non-Injury Crash,No,2016,,North,,0,,Flat,,,,,,Bright sun,2171001,0,0.0,0.0,2.0,,,0.0,,,,,,Wellington Region,Nil,2-way,Sealed,,0.0,0,,50.0,,Null,0.0,1.0,,47,Wellington City,Give way,,,,,0.0,0.0,Urban,1.0,,,Fine,Null,0
67730224,,572900,1.0,0.0,0.0,1.0,0.0,North,2016/2017,HUTT ROAD,SAR ST,,Non-Injury Crash,No,2016,1.0,South,0.0,0,0.0,Flat,0.0,,0.0,,0.0,Bright sun,2118400,0,0.0,0.0,3.0,0.0,0.0,0.0,0.0,0.0,,0.0,0.0,Wellington Region,Nil,2-way,Sealed,0.0,0.0,0,0.0,50.0,0.0,Null,0.0,0.0,,47,Wellington City,Unknown,0.0,0.0,0.0,0.0,0.0,0.0,Urban,0.0,0.0,0.0,Null,Null,0
67730296,,576903,0.0,,0.0,1.0,,Null,2017/2018,CHILDERS TERRACE,RONGOTAI ROAD,,Non-Injury Crash,No,2017,,North,,0,,Hill Road,,,,,,Bright sun,2179200,0,0.0,1.0,2.0,,,0.0,,,,,,Wellington Region,Nil,2-way,Sealed,,0.0,0,,50.0,,Null,0.0,1.0,,47,Wellington City,Stop,,,,,0.0,0.0,Urban,0.0,,,Fine,Null,0
67730315,,573700,0.0,0.0,0.0,1.0,1.0,North,2016/2017,WOODLAND ROAD,BIRCH ST,,Non-Injury Crash,No,2016,0.0,South,0.0,0,0.0,Hill Road,0.0,,0.0,,0.0,Twilight,2081700,0,0.0,0.0,2.0,0.0,0.0,0.0,0.0,1.0,,0.0,0.0,Wellington Region,Nil,2-way,Sealed,0.0,0.0,0,0.0,50.0,0.0,On,1.0,0.0,,47,Wellington City,Unknown,0.0,0.0,0.0,0.0,0.0,0.0,Urban,0.0,0.0,0.0,Fine,Null,0
67730322,,573101,0.0,,0.0,2.0,,Null,2016/2017,WAKEFIELD ST,TARANAKI ST,,Non-Injury Crash,No,2016,,North,,0,,Flat,,,,,,Overcast,2133200,0,0.0,0.0,3.0,,,0.0,,,,,,Wellington Region,Nil,1-way,Sealed,,0.0,0,,50.0,,Null,0.0,0.0,,47,Wellington City,Traffic Signals,,,,,0.0,0.0,Urban,0.0,,,Fine,Null,0
67730335,,576903,0.0,,0.0,1.0,,Null,2016/2017,SH 1N,KILBIRNIE CRESCENT,,Serious Crash,Yes,2017,,West,,0,,Flat,,,,,,Bright sun,2180300,0,0.0,1.0,5.0,,,0.0,,,,,,Wellington Region,Nil,2-way,Sealed,,0.0,1,,50.0,,Null,0.0,0.0,,47,Wellington City,Traffic Signals,,,,,0.0,0.0,Urban,0.0,,,Fine,Null,0
67730353,,573101,0.0,0.0,0.0,0.0,0.0,West,2016/2017,DIXON ST,VICTORIA ST,,Non-Injury Crash,No,2016,0.0,West,0.0,0,0.0,Hill Road,0.0,,0.0,,0.0,Bright sun,2131300,0,0.0,0.0,2.0,0.0,0.0,0.0,0.0,1.0,,0.0,0.0,Wellington Region,Nil,1-way,Sealed,0.0,0.0,0,0.0,50.0,0.0,Null,0.0,0.0,,47,Wellington City,Traffic Signals,0.0,0.0,0.0,0.0,1.0,0.0,Urban,1.0,0.0,0.0,Fine,Null,0
67730399,,576600,0.0,,0.0,1.0,,West,2016/2017,ORIENTAL PARADE,FREYBERG POOL CPK ENT,,Minor Crash,No,2017,,West,,0,,Flat,,,,,,Overcast,2137900,1,0.0,0.0,2.0,,,0.0,,,1.0,,,Wellington Region,Nil,2-way,Sealed,,0.0,0,,40.0,,Null,0.0,0.0,,47,Wellington City,Unknown,,,,,0.0,0.0,Urban,0.0,,,Fine,Null,0
67730403,,573101,0.0,,0.0,2.0,,West,2016/2017,GHUZNEE ST,VICTORIA ST,,Non-Injury Crash,No,2016,,East,,0,,Flat,,,,,,Bright sun,2131600,0,0.0,0.0,3.0,,,0.0,,,,,,Wellington Region,Nil,2-way,Sealed,,0.0,0,,50.0,,Null,0.0,0.0,,47,Wellington City,Traffic Signals,,,,,0.0,0.0,Urban,0.0,,,Fine,Null,0
67730406,,575200,0.0,,0.0,1.0,,Null,2016/2017,RAROA CRESCENT,NORTHLAND TUNNEL ROAD,,Minor Crash,No,2017,,North,,0,,Hill Road,,,,,,Overcast,2149800,1,1.0,0.0,2.0,,,0.0,,,,,,Wellington Region,Nil,2-way,Sealed,,0.0,0,,50.0,,Null,0.0,0.0,,47,Wellington City,Stop,,,,,0.0,0.0,Urban,0.0,,,Light rain,Null,0
67730417,,575600,0.0,0.0,0.0,1.0,0.0,South,2016/2017,WASHINGTON AVENUE,BROOKLYN ROAD,,Non-Injury Crash,No,2017,0.0,East,0.0,0,0.0,Hill Road,0.0,,0.0,,0.0,Dark,2162600,0,0.0,0.0,2.0,0.0,0.0,0.0,0.0,0.0,,0.0,1.0,Wellington Region,Nil,2-way,Sealed,0.0,0.0,0,0.0,50.0,0.0,On,0.0,0.0,,47,Wellington City,Unknown,0.0,0.0,0.0,0.0,0.0,0.0,Urban,0.0,0.0,0.0,Fine,Null,0
67730490,,572900,0.0,0.0,0.0,2.0,0.0,South,2016/2017,AORANGI TERRACE,GRANT ROAD,,Non-Injury Crash,No,2017,0.0,South,0.0,0,0.0,Hill Road,0.0,,0.0,,0.0,Bright sun,2121000,0,0.0,0.0,2.0,0.0,0.0,0.0,0.0,1.0,,0.0,0.0,Wellington Region,Nil,2-way,Sealed,0.0,0.0,0,0.0,50.0,0.0,Null,0.0,0.0,,47,Wellington City,Unknown,0.0,0.0,0.0,0.0,0.0,0.0,Urban,0.0,0.0,0.0,Fine,Null,0
67730497,,575600,0.0,0.0,0.0,0.0,0.0,West,2016/2017,BRUCE AVENUE,TANERA CRESCENT,,Non-Injury Crash,No,2017,0.0,East,0.0,0,0.0,Hill Road,0.0,,1.0,,0.0,Bright sun,2160802,0,0.0,0.0,2.0,0.0,0.0,0.0,0.0,0.0,,0.0,0.0,Wellington Region,Nil,2-way,Sealed,0.0,0.0,0,0.0,50.0,0.0,Null,1.0,0.0,,47,Wellington City,Unknown,0.0,0.0,0.0,0.0,0.0,0.0,Urban,1.0,0.0,0.0,Null,Null,0
67730633,,577000,0.0,0.0,0.0,1.0,0.0,West,2016/2017,LYALL PARADE,ACCESSWAY,,Non-Injury Crash,No,2016,0.0,West,0.0,0,0.0,Flat,0.0,,0.0,,0.0,Twilight,2175300,0,0.0,0.0,2.0,0.0,0.0,0.0,0.0,1.0,,0.0,0.0,Wellington Region,Nil,2-way,Sealed,0.0,0.0,0,0.0,50.0,0.0,Off,1.0,0.0,,47,Wellington City,Unknown,0.0,0.0,0.0,0.0,0.0,0.0,Urban,0.0,0.0,0.0,Fine,Strong wind,0
67730634,,574500,1.0,0.0,0.0,0.0,0.0,South,2016/2017,HUTT ROAD,RANGIORA AVENUE,,Serious Crash,No,2017,0.0,South,0.0,0,0.0,Flat,0.0,,0.0,,0.0,Bright sun,2093400,0,0.0,0.0,4.0,0.0,0.0,0.0,0.0,0.0,,0.0,0.0,Wellington Region,Nil,2-way,Sealed,1.0,0.0,1,0.0,60.0,0.0,Null,0.0,0.0,,47,Wellington City,Unknown,0.0,0.0,0.0,0.0,0.0,0.0,Urban,0.0,0.0,0.0,Fine,Null,0
67730636,,573300,0.0,0.0,0.0,3.0,0.0,North,2016/2017,HOPPER ST,ARLINGTON ST,,Non-Injury Crash,No,2017,0.0,North,0.0,0,0.0,Flat,0.0,,0.0,,0.0,Overcast,2144500,0,0.0,0.0,2.0,0.0,0.0,0.0,0.0,1.0,,0.0,0.0,Wellington Region,Nil,2-way,Sealed,0.0,0.0,0,0.0,50.0,0.0,Null,0.0,0.0,,47,Wellington City,Unknown,0.0,0.0,0.0,0.0,0.0,0.0,Urban,0.0,0.0,0.0,Fine,Null,0
67730663,,573000,1.0,,0.0,1.0,,Null,2016/2017,BOWEN ST,THE TERRACE,,Serious Crash,No,2017,,East,,0,,Hill Road,,,,,,Bright sun,2123700,0,0.0,0.0,3.0,,,0.0,,,,,,Wellington Region,Nil,2-way,Sealed,,0.0,1,,50.0,,Null,0.0,0.0,,47,Wellington City,Traffic Signals,,,,,0.0,0.0,Urban,0.0,,,Fine,Null,0
67730676,,573000,0.0,,0.0,2.0,,Null,2016/2017,GREY ST,CUSTOMHOUSE QUAY,,Non-Injury Crash,No,2017,,East,,0,,Flat,,,,,,Overcast,2125900,0,0.0,0.0,2.0,,,0.0,,,,,,Wellington Region,Nil,2-way,Sealed,,0.0,0,,50.0,,Null,0.0,0.0,,47,Wellington City,Give way,,,,,0.0,0.0,Urban,0.0,,,Fine,Null,0
67730702,,573700,0.0,,0.0,0.0,,South,2016/2017,SH 1N,HELSTON OBR,,Serious Crash,Yes,2017,,North,,0,,Flat,,,,,,Overcast,2082800,0,0.0,1.0,2.0,,,0.0,,,,,,Wellington Region,Nil,1-way,Sealed,,0.0,1,,100.0,,Null,0.0,0.0,,47,Wellington City,Unknown,,,,,0.0,0.0,Open,0.0,,,Light rain,Strong wind,0
67730718,,576903,1.0,,0.0,1.0,,Null,2017/2018,CRAWFORD ROAD,WELLINGTON ROAD,,Minor Crash,No,2017,,South,,0,,Hill Road,,,,,,Dark,2181600,1,0.0,0.0,2.0,,,0.0,,,,,,Wellington Region,Nil,2-way,Sealed,,0.0,0,,50.0,,On,0.0,0.0,,47,Wellington City,Give way,,,,,0.0,0.0,Urban,0.0,,,Fine,Null,0
67730745,,573101,0.0,,0.0,3.0,,West,2016/2017,CABLE ST,CHAFFERS ST,,Non-Injury Crash,No,2016,,East,,0,,Flat,,,,,,Overcast,2135300,0,0.0,0.0,3.0,,,0.0,,,,,,Wellington Region,Nil,1-way,Sealed,,0.0,0,,50.0,,Null,0.0,0.0,30.0,47,Wellington City,Unknown,,,,,0.0,0.0,Urban,0.0,,,Fine,Null,0
67730789,,573101,0.0,0.0,0.0,2.0,0.0,East,2016/2017,COURTENAY PLACE,ALLEN ST,,Non-Injury Crash,No,2017,0.0,West,0.0,0,0.0,Flat,0.0,,0.0,,0.0,Overcast,2136000,0,0.0,0.0,1.0,0.0,0.0,0.0,0.0,1.0,,0.0,0.0,Wellington Region,Nil,1-way,Sealed,0.0,0.0,0,0.0,10.0,0.0,Null,0.0,0.0,,47,Wellington City,Unknown,0.0,0.0,0.0,0.0,0.0,0.0,Urban,0.0,0.0,0.0,Fine,Null,0
67730809,,574302,1.0,,0.0,1.0,,East,2017/2018,HUTT ROAD,RANGIORA AVENUE,,Minor Crash,No,2017,,East,,0,,Flat,,,,,,Bright sun,2090700,1,0.0,0.0,4.0,,,0.0,,,,,,Wellington Region,Nil,2-way,Sealed,,0.0,0,,60.0,,Null,0.0,0.0,,47,Wellington City,Nil,,,,,0.0,0.0,Urban,0.0,,,Fine,Null,0
67730817,,573101,0.0,,0.0,1.0,,East,2016/2017,DIXON ST,WILLIS ST,,Non-Injury Crash,No,2017,,West,,0,,Flat,,,,,,Overcast,2131300,0,0.0,0.0,2.0,,,0.0,,,,,,Wellington Region,Nil,1-way,Sealed,,0.0,0,,50.0,,Null,1.0,0.0,,47,Wellington City,Unknown,,,,,0.0,0.0,Urban,0.0,,,Fine,Null,0
67730867,,574500,0.0,,0.0,2.0,,North,2016/2017,SH 1N,AOTEA ON NBD,,Non-Injury Crash,Yes,2016,,North,,0,,Flat,,,,,,Dark,2093400,0,0.0,0.0,4.0,,,0.0,,,,,,Wellington Region,Nil,1-way,Sealed,,0.0,0,,100.0,,On,0.0,0.0,50.0,47,Wellington City,Unknown,,,,,0.0,0.0,Open,0.0,,,Fine,Null,0
67730919,,573000,0.0,,0.0,1.0,,Null,2017/2018,BRANDON ST,CUSTOMHOUSE QUAY,,Minor Crash,No,2017,,East,,0,,Flat,,,,,,Dark,2124300,1,0.0,0.0,2.0,,,0.0,,,1.0,,,Wellington Region,Nil,2-way,Sealed,,0.0,0,,50.0,,On,0.0,0.0,,47,Wellington City,Traffic Signals,,,,,0.0,0.0,Urban,0.0,,,Light rain,Null,0
67730937,,575600,0.0,0.0,0.0,2.0,0.0,East,2015/2016,DORKING ROAD,WASHINGTON AVENUE,,Non-Injury Crash,No,2016,0.0,East,0.0,0,0.0,Flat,0.0,,0.0,,0.0,Dark,2162800,0,0.0,0.0,2.0,0.0,0.0,0.0,0.0,1.0,,0.0,0.0,Wellington Region,Nil,2-way,Sealed,0.0,0.0,0,0.0,50.0,0.0,On,0.0,0.0,,47,Wellington City,Unknown,0.0,0.0,0.0,0.0,0.0,0.0,Urban,0.0,0.0,0.0,Fine,Null,0
67730974,,577700,0.0,0.0,0.0,1.0,0.0,East,2016/2017,TAKARAU GORGE ROAD,MAKARA ROAD,,Non-Injury Crash,No,2016,0.0,North,1.0,0,1.0,Flat,0.0,,0.0,,0.0,Dark,2116500,0,0.0,0.0,2.0,0.0,0.0,0.0,0.0,0.0,,0.0,0.0,Wellington Region,Nil,2-way,Sealed,0.0,0.0,0,0.0,60.0,0.0,None,0.0,0.0,30.0,47,Wellington City,Unknown,0.0,0.0,0.0,0.0,0.0,0.0,Urban,0.0,0.0,0.0,Fine,Null,0
67730989,,573300,0.0,,0.0,2.0,,Null,2016/2017,TARANAKI ST,WEBB ST,,Non-Injury Crash,No,2016,,East,,0,,Flat,,,,,,Overcast,2145300,0,0.0,0.0,3.0,,,0.0,,,,,,Wellington Region,Nil,2-way,Sealed,,0.0,0,,50.0,,Null,0.0,0.0,,47,Wellington City,Traffic Signals,,,,,0.0,0.0,Urban,0.0,,,Fine,Null,0
67731069,,575300,0.0,,0.0,0.0,,West,2016/2017,RAROA ROAD,CLUNY AVENUE,,Minor Crash,No,2017,,North,,0,,Flat,,,,,,Twilight,2151800,1,1.0,0.0,2.0,,,0.0,,,,,,Wellington Region,Nil,2-way,Sealed,,0.0,0,,50.0,,Off,0.0,0.0,,47,Wellington City,Unknown,,,,,0.0,0.0,Urban,0.0,,,Light rain,Null,0
67731087,,573101,1.0,,0.0,0.0,,North,2016/2017,SH 1N,CAMBRIDGE TERRACE,,Serious Crash,Yes,2017,,East,,0,,Hill Road,,,,,,Bright sun,2136500,0,0.0,0.0,2.0,,,0.0,,,1.0,,,Wellington Region,Nil,1-way,Sealed,,0.0,1,,50.0,,Null,0.0,0.0,,47,Wellington City,Unknown,,,,,0.0,0.0,Urban,0.0,,,Fine,Null,0
67731098,,573526,0.0,,0.0,2.0,,West,2016/2017,SH 2,HOROKIWI ROAD,,Non-Injury Crash,Yes,2017,,West,,0,,Flat,,,,,,Dark,2077503,0,0.0,0.0,2.0,,,0.0,,,,,,Wellington Region,Nil,1-way,Sealed,,0.0,0,,100.0,,On,0.0,0.0,,47,Wellington City,Unknown,,,,,0.0,0.0,Open,0.0,,,Fine,Null,0
67731116,,576500,0.0,,0.0,1.0,,Null,2016/2017,RIDDIFORD ST,EMERGENCY DRIVE,,Minor Crash,No,2017,,South,,0,,Flat,,,,,,Bright sun,2148800,1,0.0,1.0,4.0,,,0.0,,,,,,Wellington Region,Nil,2-way,Sealed,,0.0,0,,50.0,,Null,0.0,0.0,,47,Wellington City,Give way,,,,,0.0,0.0,Urban,0.0,,,Fine,Null,0
67731121,,573000,0.0,0.0,0.0,1.0,0.0,South,2016/2017,VICTORIA ST,WILLESTON ST,,Non-Injury Crash,No,2016,0.0,South,0.0,0,0.0,Flat,0.0,,0.0,,0.0,Dark,2127500,0,0.0,0.0,2.0,0.0,0.0,0.0,0.0,1.0,,0.0,0.0,Wellington Region,Nil,1-way,Sealed,0.0,0.0,0,0.0,50.0,0.0,On,1.0,0.0,,47,Wellington City,Unknown,0.0,0.0,0.0,0.0,0.0,0.0,Urban,0.0,0.0,0.0,Null,Null,0
67731138,,573101,0.0,,0.0,1.0,,Null,2017/2018,CABLE ST,TARANAKI ST,,Serious Crash,No,2017,,East,,0,,Flat,,,,,,Bright sun,2133100,0,0.0,0.0,4.0,,,0.0,,,1.0,,,Wellington Region,Nil,1-way,Sealed,,0.0,1,,50.0,,Null,0.0,1.0,,47,Wellington City,Traffic Signals,,,,,0.0,0.0,Urban,0.0,,,Fine,Strong wind,0
67731147,,572600,0.0,,0.0,2.0,,North,2017/2018,OXFORD ST,MELVILLE ST,,Minor Crash,No,2017,,North,,0,,Flat,,,,,,Overcast,1992000,2,0.0,0.0,1.0,,,0.0,,,,,,Wellington Region,Nil,2-way,Sealed,,0.0,0,,50.0,,Null,0.0,0.0,,47,Wellington City,Nil,,,,,0.0,0.0,Urban,0.0,,,Fine,Null,0
67731183,,576400,0.0,0.0,0.0,0.0,0.0,West,2016/2017,CONSTABLE ST,OWEN ST,,Non-Injury Crash,No,2016,0.0,East,0.0,0,0.0,Hill Road,0.0,,0.0,,0.0,Bright sun,2169101,0,0.0,0.0,2.0,0.0,0.0,0.0,0.0,1.0,,0.0,0.0,Wellington Region,Nil,2-way,Sealed,0.0,0.0,0,0.0,50.0,0.0,Null,0.0,0.0,,47,Wellington City,Unknown,0.0,0.0,0.0,0.0,1.0,0.0,Urban,1.0,0.0,0.0,Null,Null,0
67731215,25.0,573700,0.0,0.0,0.0,2.0,0.0,South,2016/2017,IRONSIDE ROAD,ERRIS ST,,Non-Injury Crash,No,2017,0.0,North,0.0,0,0.0,Hill Road,0.0,,0.0,,0.0,Dark,2081501,0,0.0,0.0,2.0,0.0,0.0,0.0,0.0,1.0,,0.0,0.0,Wellington Region,Nil,2-way,Sealed,0.0,0.0,0,0.0,50.0,0.0,On,0.0,0.0,,47,Wellington City,Unknown,0.0,0.0,0.0,0.0,0.0,0.0,Urban,0.0,0.0,0.0,Fine,Null,0
67731257,,572900,0.0,0.0,0.0,0.0,0.0,North,2016/2017,MULGRAVE ST,AITKEN ST,,Non-Injury Crash,No,2016,0.0,South,0.0,0,0.0,Flat,0.0,,0.0,,0.0,Bright sun,2121400,0,0.0,0.0,2.0,0.0,0.0,0.0,0.0,1.0,,0.0,0.0,Wellington Region,Nil,1-way,Sealed,0.0,0.0,0,0.0,50.0,0.0,Null,0.0,0.0,,47,Wellington City,Unknown,0.0,0.0,0.0,0.0,0.0,0.0,Urban,2.0,0.0,0.0,Fine,Null,0
67731262,,573400,0.0,0.0,0.0,2.0,0.0,West,2016/2017,MAJORIBANKS ST,EARLS TERRACE,,Non-Injury Crash,No,2016,0.0,West,0.0,0,0.0,Hill Road,0.0,,0.0,,0.0,Dark,2139400,0,0.0,0.0,2.0,0.0,0.0,0.0,0.0,1.0,,0.0,0.0,Wellington Region,Nil,2-way,Sealed,0.0,0.0,0,0.0,50.0,0.0,On,0.0,0.0,,47,Wellington City,Unknown,0.0,0.0,0.0,0.0,0.0,0.0,Urban,0.0,0.0,0.0,Fine,Null,0
67731293,,573101,0.0,,0.0,1.0,,South,2016/2017,SH 1N,VIVIAN ST,,Non-Injury Crash,Yes,2016,,South,,0,,Flat,,Labour Weekend,,,,Dark,2136700,0,0.0,0.0,3.0,,,0.0,,,,,,Wellington Region,Nil,2-way,Sealed,,0.0,0,,50.0,,On,0.0,0.0,,47,Wellington City,Traffic Signals,,,,,0.0,0.0,Urban,1.0,,,Fine,Null,0