OBJECTID,advisorySpeed,areaUnitID,bicycle,bridge,bus,carStationWagon,cliffBank,crashDirectionDescription,crashFinancialYear,crashLocation1,crashLocation2,crashRoadSideRoad,crashSeverity,crashSHDescription,crashYear,debris,directionRoleDescription,ditch,fatalCount,fence,flatHill,guardRail,holiday,houseOrBuilding,intersection,kerb,light,meshblockId,minorInjuryCount,moped,motorcycle,NumberOfLanes,objectThrownOrDropped,otherObject,otherVehicleType,overBank,parkedVehicle,pedestrian,phoneBoxEtc,postOrPole,region,roadCharacter,roadLane,roadSurface,roadworks,schoolBus,seriousInjuryCount,slipOrFlood,speedLimit,strayAnimal,streetLight,suv,taxi,temporarySpeedLimit,tlaId,tlaName,trafficControl,trafficIsland,trafficSign,train,tree,truck,unknownVehicleType,urban,vanOrUtility,vehicle,waterRiver,weatherA,weatherB,if_pandemic
67731297,,573101,0.0,,0.0,2.0,,Null,2016/2017,SH 1N,CAMBRIDGE TERRACE,,Non-Injury Crash,Yes,2017,,East,,0,,Flat,,,,,,Overcast,2136700,0,0.0,0.0,2.0,,,0.0,,,,,,Wellington Region,Nil,1-way,Sealed,,0.0,0,,50.0,,Null,0.0,0.0,,47,Wellington City,Traffic Signals,,,,,0.0,0.0,Urban,0.0,,,Null,Null,0
67731305,,573101,0.0,,0.0,1.0,,East,2016/2017,WAKEFIELD ST,TARANAKI ST,,Non-Injury Crash,No,2017,,West,,0,,Flat,,,,,,Bright sun,2135600,0,0.0,0.0,3.0,,,0.0,,,,,,Wellington Region,Nil,1-way,Sealed,,0.0,0,,50.0,,Null,0.0,0.0,,47,Wellington City,Unknown,,,,,1.0,0.0,Urban,0.0,,,Fine,Null,0
67731325,,573101,0.0,,0.0,2.0,,Null,2016/2017,TARANAKI ST,CABLE ST,,Non-Injury Crash,No,2017,,South,,0,,Flat,,,,,,Bright sun,2133100,0,0.0,0.0,4.0,,,0.0,,,,,,Wellington Region,Nil,2-way,Sealed,,0.0,0,,50.0,,Null,0.0,1.0,,47,Wellington City,Traffic Signals,,,,,0.0,0.0,Urban,0.0,,,Fine,Null,0
67731334,,576901,0.0,,0.0,2.0,,North,2017/2018,ROSS ST,COUTTS ST,,Non-Injury Crash,No,2017,,South,,0,,Flat,,,,,,Overcast,2177100,0,0.0,0.0,2.0,,,0.0,,,,,,Wellington Region,Nil,2-way,Sealed,,0.0,0,,50.0,,Off,0.0,0.0,,47,Wellington City,Nil,,,,,0.0,0.0,Urban,0.0,,,Fine,Null,0
67731357,,576301,0.0,0.0,0.0,2.0,0.0,North,2016/2017,HANSON ST,STOKE ST,,Non-Injury Crash,No,2017,0.0,North,0.0,0,0.0,Flat,0.0,,0.0,,0.0,Unknown,2164300,0,0.0,0.0,1.0,0.0,0.0,0.0,0.0,1.0,,0.0,0.0,Wellington Region,Nil,2-way,Sealed,0.0,0.0,0,0.0,50.0,0.0,On,0.0,0.0,,47,Wellington City,Unknown,0.0,0.0,0.0,0.0,0.0,0.0,Urban,0.0,0.0,0.0,Fine,Null,0
67731382,,576200,0.0,,0.0,1.0,,West,2016/2017,BRITOMART ST,STANLEY ST,,Non-Injury Crash,No,2017,,South,,0,,Hill Road,,,,,,Overcast,2171100,0,0.0,0.0,2.0,,,0.0,,,,,,Wellington Region,Nil,2-way,Sealed,,0.0,0,,50.0,,Null,1.0,0.0,,47,Wellington City,Unknown,,,,,0.0,0.0,Urban,0.0,,,Heavy rain,Null,0
67731406,,573400,0.0,0.0,0.0,2.0,0.0,East,2016/2017,PIRIE ST,BROUGHAM ST,,Non-Injury Crash,No,2017,0.0,West,0.0,0,0.0,Flat,0.0,,0.0,,0.0,Bright sun,2144000,0,0.0,0.0,2.0,0.0,0.0,0.0,0.0,1.0,,0.0,0.0,Wellington Region,Nil,2-way,Sealed,0.0,0.0,0,0.0,50.0,0.0,Null,0.0,0.0,,47,Wellington City,Unknown,0.0,0.0,0.0,0.0,0.0,0.0,Urban,0.0,0.0,0.0,Null,Null,0
67731452,,573101,0.0,,1.0,1.0,,Null,2016/2017,COURTENAY PLACE,ALLEN ST,,Non-Injury Crash,No,2017,,West,,0,,Flat,,,,,,Bright sun,2135700,0,0.0,0.0,2.0,,,0.0,,,,,,Wellington Region,Nil,2-way,Sealed,,0.0,0,,30.0,,Null,0.0,0.0,,47,Wellington City,Traffic Signals,,,,,0.0,0.0,Urban,0.0,,,Fine,Null,0
67731482,,576301,0.0,,0.0,1.0,,North,2017/2018,RIDDIFORD ST,HOWELL AVENUE,,Non-Injury Crash,No,2017,,South,,0,,Flat,,,,,,Dark,2163500,0,0.0,0.0,4.0,,,0.0,,,1.0,,,Wellington Region,Nil,2-way,Sealed,,0.0,0,,50.0,,On,0.0,0.0,,47,Wellington City,Unknown,,,,,0.0,0.0,Urban,0.0,,,Heavy rain,Strong wind,0
67731502,,573101,0.0,,0.0,2.0,,Null,2017/2018,SH 1N,VICTORIA ST,,Minor Crash,Yes,2017,,West,,0,,Flat,,,,,,Bright sun,2132400,1,0.0,0.0,3.0,,,0.0,,,,,,Wellington Region,Nil,1-way,Sealed,,0.0,0,,50.0,,Null,0.0,0.0,,47,Wellington City,Traffic Signals,,,,,0.0,0.0,Urban,0.0,,,Fine,Null,0
67731520,,576301,1.0,,0.0,0.0,,West,2016/2017,WALLACE ST,HUTCHISON ROAD,,Non-Injury Crash,No,2017,,East,,0,,Hill Road,,,,,,Overcast,2163300,0,0.0,0.0,2.0,,,0.0,,,,,,Wellington Region,Nil,2-way,Sealed,,0.0,0,,50.0,,Null,0.0,0.0,,47,Wellington City,Give way,,,,,0.0,0.0,Urban,1.0,,,Light rain,Null,0
67731530,,573101,0.0,0.0,0.0,2.0,0.0,South,2016/2017,WILLIS ST,MANNERS ST,,Non-Injury Crash,No,2016,0.0,South,0.0,0,0.0,Null,0.0,,0.0,,0.0,Overcast,2131300,0,0.0,0.0,2.0,0.0,0.0,0.0,0.0,1.0,,0.0,0.0,Wellington Region,Nil,2-way,Sealed,0.0,0.0,0,0.0,30.0,0.0,On,0.0,0.0,,47,Wellington City,Unknown,0.0,0.0,0.0,0.0,0.0,0.0,Urban,0.0,0.0,0.0,Fine,Null,0
67731541,,573300,0.0,0.0,0.0,1.0,0.0,West,2016/2017,ARLINGTON ST,TORRENS TERRACE,,Non-Injury Crash,No,2016,0.0,North,0.0,0,0.0,Hill Road,0.0,,0.0,,0.0,Dark,2144200,0,0.0,0.0,2.0,0.0,0.0,0.0,0.0,1.0,,0.0,0.0,Wellington Region,Nil,2-way,Sealed,0.0,0.0,0,0.0,50.0,0.0,On,0.0,0.0,,47,Wellington City,Unknown,0.0,0.0,0.0,0.0,0.0,0.0,Urban,1.0,0.0,0.0,Light rain,Null,0
67731544,,574303,0.0,,0.0,1.0,,South,2015/2016,HUTT ROAD,JARDEN MILE,,Non-Injury Crash,No,2016,,North,,0,,Flat,,,,,,Twilight,2090402,0,0.0,0.0,5.0,,,0.0,,,,,,Wellington Region,Nil,2-way,Sealed,,0.0,0,,80.0,,On,0.0,0.0,,47,Wellington City,Nil,,,,,0.0,0.0,Open,1.0,,,Light rain,Null,0
67731546,,573101,0.0,0.0,0.0,2.0,0.0,South,2016/2017,CUBA ST,VIVIAN ST,,Non-Injury Crash,No,2016,0.0,North,0.0,0,0.0,Flat,0.0,,0.0,,0.0,Overcast,2134300,0,0.0,0.0,2.0,0.0,0.0,0.0,0.0,1.0,,0.0,0.0,Wellington Region,Nil,2-way,Sealed,0.0,0.0,0,0.0,50.0,0.0,Null,0.0,0.0,,47,Wellington City,Unknown,0.0,0.0,0.0,0.0,0.0,0.0,Urban,0.0,0.0,0.0,Null,Null,0
67731551,,574002,0.0,0.0,0.0,0.0,0.0,East,2016/2017,HUTT ON NBD,CENTENNIAL SLIP ROAD,,Serious Crash,Yes,2017,0.0,East,0.0,0,0.0,Flat,0.0,,0.0,,1.0,Bright sun,2078302,0,1.0,0.0,2.0,0.0,0.0,0.0,0.0,0.0,,0.0,0.0,Wellington Region,Motorway ramp,1-way,Sealed,0.0,0.0,1,0.0,60.0,0.0,Null,0.0,0.0,,47,Wellington City,Unknown,0.0,0.0,0.0,0.0,0.0,0.0,Urban,0.0,0.0,0.0,Fine,Null,0
67731562,,573526,0.0,,0.0,0.0,,South,2016/2017,SH 2,HOROKIWI ROAD,,Non-Injury Crash,Yes,2017,,East,,0,,Flat,,,,,,Dark,2086403,0,0.0,0.0,2.0,,,0.0,,,,,,Wellington Region,Nil,1-way,Sealed,,0.0,0,,100.0,,On,2.0,0.0,,47,Wellington City,Unknown,,,,,0.0,0.0,Open,1.0,,,Light rain,Null,0
67731579,,576901,0.0,0.0,0.0,1.0,0.0,North,2016/2017,CHILDERS TERRACE,COUTTS ST,,Non-Injury Crash,No,2016,0.0,North,0.0,0,0.0,Flat,0.0,,0.0,,0.0,Bright sun,2178400,0,0.0,0.0,2.0,0.0,0.0,0.0,0.0,1.0,,0.0,0.0,Wellington Region,Nil,2-way,Sealed,0.0,0.0,0,0.0,50.0,0.0,Null,0.0,0.0,,47,Wellington City,Unknown,0.0,0.0,0.0,0.0,0.0,0.0,Urban,1.0,0.0,0.0,Fine,Null,0
67731595,,573000,0.0,0.0,1.0,1.0,0.0,South,2016/2017,THE TERRACE,AURORA TERRACE,,Non-Injury Crash,No,2017,0.0,North,0.0,0,0.0,Hill Road,0.0,,0.0,,0.0,Bright sun,2124600,0,0.0,0.0,2.0,0.0,0.0,0.0,0.0,1.0,,0.0,0.0,Wellington Region,Nil,2-way,Sealed,0.0,0.0,0,0.0,50.0,0.0,Null,0.0,0.0,,47,Wellington City,Unknown,0.0,0.0,0.0,0.0,0.0,0.0,Urban,0.0,0.0,0.0,Null,Null,0
67731611,,573101,1.0,,0.0,1.0,,Null,2016/2017,TORY ST,COURTENAY PLACE,,Serious Crash,No,2017,,North,,0,,Flat,,,,,,Overcast,2135600,0,0.0,0.0,3.0,,,0.0,,,,,,Wellington Region,Nil,2-way,Sealed,,0.0,1,,50.0,,Off,0.0,0.0,,47,Wellington City,Traffic Signals,,,,,0.0,0.0,Urban,0.0,,,Fine,Null,0
67731628,,572500,0.0,,0.0,2.0,,North,2017/2018,MAIN ROAD,REDWOOD AVENUE,,Minor Crash,No,2017,,South,,0,,Flat,,,,,,Bright sun,1986300,2,0.0,0.0,2.0,,,0.0,,,,,,Wellington Region,Nil,2-way,Sealed,,0.0,0,,50.0,,Null,0.0,0.0,,47,Wellington City,Nil,,,,,0.0,0.0,Urban,0.0,,,Fine,Null,0
67731638,,577200,0.0,,0.0,2.0,,East,2017/2018,MIRAMAR AVENUE,TAUHINU ROAD,,Non-Injury Crash,No,2017,,West,,0,,Flat,,,,,,Bright sun,2206200,0,0.0,0.0,2.0,,,0.0,,,,,,Wellington Region,Nil,2-way,Sealed,,0.0,0,,50.0,,Null,0.0,0.0,,47,Wellington City,Unknown,,,,,0.0,0.0,Urban,0.0,,,Fine,Strong wind,0
67731639,,572600,0.0,,0.0,2.0,,North,2016/2017,SH 1N,TAWA ON NBD,,Non-Injury Crash,Yes,2017,,North,,0,,Hill Road,,,,,,Dark,1992900,0,0.0,0.0,2.0,,,0.0,,,,,,Wellington Region,Nil,2-way,Sealed,,0.0,0,,100.0,,None,0.0,0.0,,47,Wellington City,Unknown,,,,,0.0,0.0,Open,0.0,,,Fine,Null,0
67731650,,574001,0.0,0.0,0.0,1.0,0.0,West,2016/2017,SPENMOOR ST,WAKELY ROAD,,Non-Injury Crash,No,2017,0.0,West,0.0,0,0.0,Hill Road,0.0,,0.0,,0.0,Dark,2078200,0,0.0,0.0,2.0,0.0,0.0,0.0,0.0,1.0,,0.0,0.0,Wellington Region,Nil,2-way,Sealed,0.0,0.0,0,0.0,50.0,0.0,On,1.0,0.0,,47,Wellington City,Give way,0.0,0.0,0.0,0.0,0.0,0.0,Urban,1.0,0.0,0.0,Fine,Null,0
67731702,,574800,0.0,,0.0,1.0,,West,2016/2017,KARORI ROAD,LANCASTER ST,,Non-Injury Crash,No,2016,,West,,0,,Flat,,,,,,Dark,2107003,0,0.0,0.0,2.0,,,0.0,,,,,,Wellington Region,Nil,2-way,Sealed,,0.0,0,,50.0,,On,0.0,0.0,,47,Wellington City,Nil,,,,,0.0,0.0,Urban,1.0,,,Fine,Null,0
67731740,,575902,0.0,0.0,0.0,2.0,0.0,South,2016/2017,HAPPY VALLEY ROAD,BATA PLACE,,Non-Injury Crash,No,2016,0.0,South,0.0,0,0.0,Flat,0.0,,0.0,,0.0,Dark,2187406,0,0.0,0.0,2.0,0.0,0.0,0.0,0.0,1.0,,0.0,0.0,Wellington Region,Nil,2-way,Sealed,0.0,0.0,0,0.0,50.0,0.0,On,0.0,1.0,,47,Wellington City,Nil,0.0,0.0,0.0,0.0,0.0,0.0,Urban,0.0,0.0,0.0,Light rain,Null,0
67731757,,573101,0.0,,1.0,1.0,,East,2015/2016,COURTENAY PLACE,TARANAKI ST,,Non-Injury Crash,No,2016,,West,,0,,Flat,,,,,,Dark,2135600,0,0.0,0.0,2.0,,,0.0,,,,,,Wellington Region,Nil,1-way,Sealed,,0.0,0,,30.0,,On,0.0,0.0,,47,Wellington City,Unknown,,,,,0.0,0.0,Urban,0.0,,,Fine,Null,0
67731795,,576800,0.0,0.0,0.0,1.0,0.0,West,2016/2017,WAITOA ROAD,MOXHAM AVENUE,,Non-Injury Crash,No,2016,0.0,South,0.0,0,0.0,Flat,0.0,,0.0,,0.0,Dark,2182000,0,0.0,0.0,2.0,0.0,0.0,0.0,0.0,1.0,,0.0,0.0,Wellington Region,Nil,2-way,Sealed,0.0,0.0,0,0.0,50.0,0.0,On,0.0,0.0,,47,Wellington City,Unknown,0.0,0.0,0.0,0.0,0.0,0.0,Urban,1.0,0.0,0.0,Fine,Null,0
67731844,,572900,0.0,0.0,0.0,1.0,0.0,South,2016/2017,TINAKORI ROAD,HILL ST,,Non-Injury Crash,No,2017,0.0,South,0.0,0,0.0,Flat,0.0,,0.0,,0.0,Bright sun,2121600,0,0.0,0.0,2.0,0.0,0.0,0.0,0.0,1.0,,0.0,0.0,Wellington Region,Nil,2-way,Sealed,0.0,0.0,0,0.0,50.0,0.0,Null,0.0,0.0,,47,Wellington City,Unknown,0.0,0.0,0.0,0.0,1.0,0.0,Urban,0.0,0.0,0.0,Fine,Null,0
67731845,,573901,0.0,0.0,0.0,2.0,0.0,Null,2016/2017,BRACKEN ROAD,CARLUKE ST,,Non-Injury Crash,No,2017,1.0,North,0.0,0,0.0,Hill Road,0.0,,0.0,,0.0,Overcast,2072900,0,0.0,0.0,2.0,0.0,0.0,0.0,0.0,1.0,,0.0,0.0,Wellington Region,Nil,2-way,Sealed,0.0,0.0,0,0.0,50.0,0.0,Null,0.0,0.0,,47,Wellington City,Give way,0.0,0.0,0.0,0.0,0.0,0.0,Urban,0.0,0.0,0.0,Fine,Null,0
67731850,,573526,0.0,,0.0,3.0,,East,2016/2017,SH 2,SERVICE STN NTH,,Non-Injury Crash,Yes,2017,,East,,0,,Flat,,,,,,Bright sun,2086403,0,0.0,0.0,2.0,,,0.0,,,,,,Wellington Region,Nil,1-way,Sealed,,0.0,0,,100.0,,Null,0.0,0.0,,47,Wellington City,Unknown,,,,,0.0,0.0,Open,0.0,,,Fine,Null,0
67731880,,572900,0.0,0.0,0.0,3.0,0.0,South,2016/2017,MULGRAVE ST,PIPITEA ST,,Non-Injury Crash,No,2017,0.0,South,0.0,0,0.0,Flat,0.0,,0.0,,0.0,Dark,2121200,0,0.0,0.0,2.0,0.0,0.0,0.0,0.0,1.0,,0.0,0.0,Wellington Region,Nil,1-way,Sealed,0.0,0.0,0,0.0,50.0,0.0,On,0.0,0.0,,47,Wellington City,Unknown,0.0,0.0,0.0,0.0,0.0,0.0,Urban,0.0,0.0,0.0,Fine,Strong wind,0
67731890,,574900,0.0,0.0,0.0,1.0,0.0,Null,2016/2017,THURLEIGH GROVE,EPSOM WAY,,Non-Injury Crash,No,2017,0.0,North,0.0,0,1.0,Hill Road,0.0,,0.0,,0.0,Bright sun,2110302,0,0.0,0.0,2.0,0.0,0.0,0.0,0.0,1.0,,0.0,0.0,Wellington Region,Nil,2-way,Sealed,0.0,0.0,0,0.0,50.0,0.0,Null,0.0,0.0,,47,Wellington City,Nil,0.0,0.0,0.0,0.0,1.0,0.0,Urban,0.0,0.0,0.0,Fine,Null,0
67731896,,574200,1.0,,0.0,1.0,,Null,2016/2017,BURMA ROAD,JOHN SIMS DRIVE,,Non-Injury Crash,No,2017,,North,,0,,Flat,,,,,,Overcast,2087700,0,0.0,0.0,2.0,,,0.0,,,,,,Wellington Region,Nil,2-way,Sealed,,0.0,0,,50.0,,Null,0.0,0.0,,47,Wellington City,Give way,,,,,0.0,0.0,Urban,0.0,,,Light rain,Null,0
67731914,,573300,0.0,,0.0,1.0,,Null,2017/2018,SH 1N,DUFFERIN ST,,Non-Injury Crash,Yes,2017,,West,,0,,Hill Road,,,,,,Dark,2145602,0,1.0,0.0,4.0,,,0.0,,,,,,Wellington Region,Nil,2-way,Sealed,,0.0,0,,50.0,,On,0.0,0.0,,47,Wellington City,Traffic Signals,,,,,0.0,0.0,Urban,0.0,,,Fine,Null,0
67731922,,573514,0.0,0.0,0.0,1.0,0.0,Null,2016/2017,FURLONG CRESCENT,WINSLEY TERRACE,,Non-Injury Crash,No,2016,0.0,North,0.0,0,1.0,Hill Road,0.0,,0.0,,0.0,Dark,2086732,0,0.0,0.0,2.0,0.0,0.0,0.0,0.0,0.0,,0.0,0.0,Wellington Region,Nil,2-way,Sealed,0.0,0.0,0,0.0,50.0,0.0,On,0.0,0.0,,47,Wellington City,Nil,0.0,0.0,0.0,0.0,0.0,0.0,Urban,0.0,0.0,0.0,Light rain,Null,0
67731930,,573522,0.0,,0.0,0.0,,East,2017/2018,CARIBBEAN DRIVE,JAMAICA DRIVE,,Serious Crash,No,2017,,East,,0,,Hill Road,,,,,,Bright sun,2086102,0,0.0,1.0,2.0,,,0.0,,,,,,Wellington Region,Nil,2-way,Sealed,,0.0,1,,50.0,,Null,0.0,0.0,,47,Wellington City,Unknown,,,,,0.0,0.0,Urban,0.0,,,Fine,Null,0
67732023,,577200,1.0,,0.0,1.0,,Null,2016/2017,PORTSMOUTH ROAD,MIRAMAR AVENUE,,Minor Crash,No,2017,,North,,0,,Flat,,,,,,Bright sun,2206200,1,0.0,0.0,2.0,,,0.0,,,,,,Wellington Region,Nil,2-way,Sealed,,0.0,0,,50.0,,Null,0.0,0.0,,47,Wellington City,Give way,,,,,0.0,0.0,Urban,0.0,,,Fine,Null,0
67732050,,573300,0.0,,0.0,3.0,,North,2016/2017,WALLACE ST,HARGREAVES ST,,Non-Injury Crash,No,2016,,South,,0,,Hill Road,,,,,,Overcast,2146500,0,0.0,0.0,2.0,,,0.0,,,,,,Wellington Region,Nil,2-way,Sealed,,0.0,0,,50.0,,Null,0.0,0.0,,47,Wellington City,Unknown,,,,,0.0,0.0,Urban,0.0,,,Fine,Null,0
67732153,,573801,0.0,,0.0,3.0,,North,2016/2017,SH 1N,JOHNSONVILLE OFF SBD,,Non-Injury Crash,Yes,2017,,South,,0,,Flat,,,,,,Overcast,2078900,0,0.0,0.0,2.0,,,0.0,,,,,,Wellington Region,Nil,1-way,Sealed,,0.0,0,,100.0,,Null,1.0,0.0,,47,Wellington City,Unknown,,,,,0.0,0.0,Open,0.0,,,Fine,Null,0
67732184,,577700,0.0,,0.0,1.0,,East,2017/2018,OHARIU VALLEY ROAD,RIFLE RANGE ROAD,,Minor Crash,No,2017,,West,,0,,Flat,,Christmas New Year,,,,Bright sun,2117003,2,0.0,2.0,2.0,,,0.0,,,,,,Wellington Region,Nil,2-way,Sealed,,0.0,0,,80.0,,Null,0.0,0.0,,47,Wellington City,Unknown,,,,,0.0,0.0,Open,0.0,,,Fine,Null,0
67732206,,576100,0.0,0.0,0.0,2.0,0.0,South,2016/2017,DUNCAN TERRACE,KOTINGA ST,,Non-Injury Crash,No,2016,0.0,South,0.0,0,0.0,Flat,0.0,,0.0,,0.0,Dark,2195900,0,0.0,0.0,2.0,0.0,0.0,0.0,0.0,1.0,,0.0,0.0,Wellington Region,Nil,2-way,Sealed,0.0,0.0,0,0.0,50.0,0.0,On,0.0,0.0,,47,Wellington City,Unknown,0.0,0.0,0.0,0.0,0.0,0.0,Urban,0.0,0.0,0.0,Fine,Null,0
67732221,,573300,0.0,0.0,0.0,2.0,0.0,North,2016/2017,SH 1N,RUGBY ST,,Non-Injury Crash,Yes,2016,0.0,North,0.0,0,0.0,Hill Road,0.0,,0.0,,0.0,Unknown,2145602,0,0.0,0.0,3.0,0.0,0.0,0.0,0.0,1.0,,0.0,0.0,Wellington Region,Nil,1-way,Sealed,0.0,0.0,0,0.0,50.0,0.0,Null,0.0,0.0,,47,Wellington City,Unknown,0.0,0.0,0.0,0.0,0.0,0.0,Urban,0.0,0.0,0.0,Null,Null,0
67732287,,574500,0.0,0.0,0.0,2.0,0.0,North,2016/2017,SH 1N,AOTEA ON NBD,,Non-Injury Crash,Yes,2017,1.0,North,0.0,0,0.0,Flat,0.0,,0.0,,0.0,Bright sun,2093600,0,0.0,0.0,4.0,0.0,0.0,0.0,0.0,0.0,,0.0,0.0,Wellington Region,Nil,1-way,Sealed,0.0,0.0,0,0.0,100.0,0.0,Null,0.0,0.0,,47,Wellington City,Unknown,0.0,0.0,0.0,0.0,0.0,0.0,Open,0.0,0.0,0.0,Fine,Null,0
67732295,,572900,0.0,,0.0,1.0,,North,2017/2018,SH 1N,TINAKORI OFF NBD,,Non-Injury Crash,Yes,2018,,North,,0,,Flat,,,,,,Twilight,2122000,0,0.0,0.0,3.0,,,0.0,,,,,,Wellington Region,Nil,1-way,Sealed,,0.0,0,,100.0,,Off,1.0,0.0,,47,Wellington City,Unknown,,,,,0.0,0.0,Open,0.0,,,Fine,Null,0
67732335,,577200,0.0,,0.0,2.0,,West,2017/2018,MIRAMAR AVENUE,STONE ST,,Non-Injury Crash,No,2017,,East,,0,,Flat,,,,,,Bright sun,2206200,0,0.0,0.0,2.0,,,0.0,,,,,,Wellington Region,Nil,2-way,Sealed,,0.0,0,,50.0,,Null,0.0,0.0,,47,Wellington City,Nil,,,,,0.0,0.0,Urban,0.0,,,Fine,Null,0
67732338,,576500,0.0,,0.0,1.0,,North,2017/2018,ADELAIDE ROAD,ALFRED ST,,Non-Injury Crash,No,2018,,North,,0,,Flat,,,,,,Overcast,2148000,0,0.0,0.0,2.0,,,0.0,,,,,,Wellington Region,Nil,2-way,Sealed,,0.0,0,,50.0,,Null,1.0,0.0,,47,Wellington City,Unknown,,,,,0.0,0.0,Urban,0.0,,,Fine,Frost,0
67732411,,572900,0.0,,0.0,1.0,,Null,2017/2018,PIPITEA ST,MOLESWORTH ST,,Non-Injury Crash,No,2018,,West,,0,,Flat,,,,,,Bright sun,2119200,0,0.0,0.0,2.0,,,0.0,,,1.0,,,Wellington Region,Nil,2-way,Sealed,,0.0,0,,50.0,,Null,0.0,0.0,,47,Wellington City,Traffic Signals,,,,,0.0,0.0,Urban,0.0,,,Fine,Null,0
67732445,,576500,0.0,,0.0,2.0,,Null,2017/2018,MEIN ST,DANIELL ST,,Non-Injury Crash,No,2017,,North,,0,,Flat,,,,,,Overcast,2149200,0,0.0,0.0,2.0,,,0.0,,,,,,Wellington Region,Nil,2-way,Sealed,,0.0,0,,40.0,,Null,0.0,0.0,,47,Wellington City,Nil,,,,,0.0,0.0,Urban,0.0,,,Fine,Null,0
67732472,,576301,0.0,,0.0,2.0,,Null,2017/2018,ADELAIDE ROAD,HALL ST,,Non-Injury Crash,No,2017,,South,,0,,Hill Road,,,,,,Dark,2163900,0,0.0,0.0,2.0,,,0.0,,,,,,Wellington Region,Nil,2-way,Sealed,,0.0,0,,50.0,,On,0.0,0.0,,47,Wellington City,Traffic Signals,,,,,0.0,0.0,Urban,0.0,,,Fine,Null,0
67732511,,576001,0.0,0.0,0.0,2.0,0.0,North,2017/2018,THE PARADE,TAMAR ST,,Non-Injury Crash,No,2018,0.0,South,0.0,0,0.0,Flat,0.0,,0.0,,0.0,Twilight,2193400,0,0.0,0.0,2.0,0.0,0.0,0.0,0.0,1.0,,0.0,0.0,Wellington Region,Nil,2-way,Sealed,0.0,0.0,0,0.0,50.0,0.0,Off,0.0,0.0,,47,Wellington City,Unknown,0.0,0.0,0.0,0.0,0.0,0.0,Urban,0.0,0.0,0.0,Fine,Null,0
67732527,25.0,577500,0.0,0.0,0.0,1.0,0.0,Null,2017/2018,MARINE PARADE,INGLIS ST,,Non-Injury Crash,No,2017,0.0,South,0.0,0,1.0,Flat,0.0,,0.0,,0.0,Twilight,2210900,0,0.0,0.0,2.0,0.0,0.0,0.0,0.0,0.0,,0.0,0.0,Wellington Region,Nil,2-way,Sealed,0.0,0.0,0,0.0,50.0,0.0,On,0.0,0.0,,47,Wellington City,Nil,0.0,0.0,0.0,0.0,0.0,0.0,Urban,0.0,0.0,0.0,Fine,Null,0
67732531,,576500,0.0,,0.0,1.0,,Null,2017/2018,JOHN ST,ADELAIDE ROAD,,Non-Injury Crash,No,2017,,East,,0,,Flat,,,,,,Bright sun,2148700,0,0.0,0.0,4.0,,,0.0,,,,,,Wellington Region,Nil,2-way,Sealed,,0.0,0,,50.0,,Null,1.0,0.0,,47,Wellington City,Traffic Signals,,,,,0.0,0.0,Urban,0.0,,,Fine,Null,0
67732534,,575600,0.0,,0.0,2.0,,Null,2017/2018,TODMAN ST,OHIRO ROAD,,Non-Injury Crash,No,2017,,East,,0,,Hill Road,,,,,,Unknown,2161700,0,0.0,0.0,2.0,,,0.0,,,,,,Wellington Region,Nil,2-way,Sealed,,0.0,0,,50.0,,Null,0.0,0.0,,47,Wellington City,Traffic Signals,,,,,0.0,0.0,Urban,0.0,,,Fine,Null,0
67732564,,573525,0.0,,0.0,1.0,,East,2017/2018,TAKAPU ROAD,WOODBURN DRIVE,,Minor Crash,No,2018,,East,,0,,Flat,,,,,,Twilight,2053812,1,0.0,1.0,2.0,,,0.0,,,,,,Wellington Region,Nil,2-way,Sealed,,0.0,0,,60.0,,None,0.0,0.0,,47,Wellington City,Nil,,,,,0.0,0.0,Urban,0.0,,,Fine,Null,0
67732569,,577200,0.0,,0.0,2.0,,Null,2017/2018,CHELSEA ST,ELLESMERE AVENUE,,Non-Injury Crash,No,2018,,West,,0,,Flat,,,,,,Twilight,2207100,0,0.0,0.0,2.0,,,0.0,,,,,,Wellington Region,Nil,2-way,Sealed,,0.0,0,,50.0,,Off,0.0,1.0,,47,Wellington City,Give way,,,,,0.0,0.0,Urban,0.0,,,Fine,Null,0
67732584,95.0,573526,0.0,0.0,0.0,1.0,0.0,North,2018/2019,SH 2,SERVICE STN STH,,Minor Crash,Yes,2018,0.0,East,0.0,0,0.0,Flat,1.0,,0.0,,0.0,Overcast,2077503,1,0.0,0.0,3.0,0.0,0.0,0.0,0.0,0.0,,0.0,0.0,Wellington Region,Nil,1-way,Sealed,0.0,0.0,0,0.0,100.0,0.0,Null,0.0,0.0,,47,Wellington City,Unknown,0.0,0.0,0.0,0.0,0.0,0.0,Open,0.0,0.0,0.0,Fine,Null,0
67732592,,572600,0.0,0.0,0.0,0.0,0.0,South,2017/2018,SH 1N,PED SUBWAY,,Non-Injury Crash,Yes,2018,0.0,North,0.0,0,0.0,Flat,1.0,,0.0,,0.0,Dark,1992400,0,0.0,0.0,2.0,0.0,0.0,0.0,0.0,0.0,,0.0,0.0,Wellington Region,Nil,1-way,Sealed,0.0,0.0,0,0.0,100.0,0.0,None,0.0,0.0,70.0,47,Wellington City,Unknown,0.0,0.0,0.0,0.0,0.0,0.0,Open,1.0,0.0,0.0,Fine,Null,0