OBJECTID,advisorySpeed,areaUnitID,bicycle,bridge,bus,carStationWagon,cliffBank,crashDirectionDescription,crashFinancialYear,crashLocation1,crashLocation2,crashRoadSideRoad,crashSeverity,crashSHDescription,crashYear,debris,directionRoleDescription,ditch,fatalCount,fence,flatHill,guardRail,holiday,houseOrBuilding,intersection,kerb,light,meshblockId,minorInjuryCount,moped,motorcycle,NumberOfLanes,objectThrownOrDropped,otherObject,otherVehicleType,overBank,parkedVehicle,pedestrian,phoneBoxEtc,postOrPole,region,roadCharacter,roadLane,roadSurface,roadworks,schoolBus,seriousInjuryCount,slipOrFlood,speedLimit,strayAnimal,streetLight,suv,taxi,temporarySpeedLimit,tlaId,tlaName,trafficControl,trafficIsland,trafficSign,train,tree,truck,unknownVehicleType,urban,vanOrUtility,vehicle,waterRiver,weatherA,weatherB,if_pandemic
67732625,,576002,0.0,,0.0,2.0,,Null,2017/2018,THE PARADE,AVON ST,,Non-Injury Crash,No,2017,,South,,0,,Flat,,,,,,Twilight,2190300,0,0.0,0.0,2.0,,,0.0,,,,,,Wellington Region,Nil,2-way,Sealed,,0.0,0,,50.0,,Off,0.0,0.0,,47,Wellington City,Stop,,,,,0.0,0.0,Urban,0.0,,,Fine,Null,0
67732637,,574002,0.0,,0.0,2.0,,East,2018/2019,SH 2,RAILYARD ENTRY,,Minor Crash,Yes,2018,,West,,0,,Flat,,,,,,Overcast,2078302,1,0.0,0.0,2.0,,,0.0,,,,,,Wellington Region,Nil,1-way,Sealed,,0.0,0,,100.0,,Null,0.0,0.0,,47,Wellington City,Unknown,,,,,0.0,0.0,Open,0.0,,,Fine,Null,0
67732669,,576001,0.0,,0.0,1.0,,Null,2017/2018,SEVERN ST,OWHIRO BAY PARADISE,,Non-Injury Crash,No,2017,,West,,0,,Flat,,,,,,Overcast,2189200,0,0.0,0.0,2.0,,,0.0,,,,,,Wellington Region,Nil,2-way,Sealed,,0.0,0,,50.0,,Null,0.0,0.0,,47,Wellington City,Stop,,,,,1.0,0.0,Urban,0.0,,,Fine,Null,0
67732677,,573903,0.0,,0.0,1.0,,South,2017/2018,BRACKEN ROAD,RAKOPI DRIVE,,Minor Crash,No,2018,,North,,0,,Flat,,,,,,Overcast,2073202,1,0.0,0.0,2.0,,,0.0,,,1.0,,,Wellington Region,Nil,2-way,Sealed,,0.0,0,,50.0,,Null,0.0,0.0,,47,Wellington City,Nil,,,,,0.0,0.0,Urban,0.0,,,Light rain,Null,0
67732748,,576800,0.0,,0.0,1.0,,West,2018/2019,EVANS BAY PARADE,PATENT SLIP,,Minor Crash,No,2018,,East,,0,,Flat,,,,,,Overcast,2182503,1,0.0,0.0,2.0,,,0.0,,,,,,Wellington Region,Nil,2-way,Unsealed,,0.0,0,,50.0,,Null,1.0,0.0,,47,Wellington City,Unknown,,,,,0.0,0.0,Urban,0.0,,,Fine,Strong wind,0
67732773,,577200,1.0,,0.0,1.0,,Null,2017/2018,MIRAMAR AVENUE,HOBART ST,,Minor Crash,No,2018,,East,,0,,Flat,,,,,,Overcast,2207201,1,0.0,0.0,2.0,,,0.0,,,,,,Wellington Region,Nil,2-way,Sealed,,0.0,0,,30.0,,Null,0.0,0.0,,47,Wellington City,Give way,,,,,0.0,0.0,Urban,0.0,,,Light rain,Null,0
67732788,,573101,0.0,0.0,0.0,1.0,0.0,West,2016/2017,SH 1N,CUBA ST,,Non-Injury Crash,Yes,2017,0.0,West,0.0,0,0.0,Flat,0.0,,0.0,,0.0,Twilight,2132100,0,0.0,0.0,2.0,0.0,0.0,0.0,0.0,1.0,,0.0,0.0,Wellington Region,Nil,1-way,Sealed,0.0,0.0,0,0.0,50.0,0.0,On,0.0,0.0,,47,Wellington City,Unknown,0.0,0.0,0.0,0.0,1.0,0.0,Urban,0.0,0.0,0.0,Fine,Null,0
67732816,,573802,0.0,,0.0,1.0,,North,2018/2019,SH 1N,JVILLE OBR,,Fatal Crash,Yes,2018,,South,,1,,Hill Road,,Christmas New Year,,,,Dark,2078701,0,0.0,1.0,2.0,,,0.0,,,,,,Wellington Region,Nil,1-way,Sealed,,0.0,0,,80.0,,On,0.0,0.0,,47,Wellington City,Unknown,,,,,0.0,0.0,Open,0.0,,,Fine,Null,0
67732833,,574002,0.0,,0.0,2.0,,Null,2017/2018,CENTENNIAL NBD,GLOVER SLIP ROAD,,Non-Injury Crash,Yes,2017,,North,,0,,Flat,,,,,,Bright sun,2078302,0,0.0,0.0,2.0,,,0.0,,,,,,Wellington Region,Nil,1-way,Sealed,,0.0,0,,80.0,,Null,0.0,0.0,,47,Wellington City,Nil,,,,,0.0,0.0,Open,0.0,,,Fine,Null,0
67732870,,574600,0.0,,0.0,0.0,,Null,2017/2018,CECIL ROAD,WADESTOWN ROAD,,Non-Injury Crash,No,2018,,West,,0,,Null,,,,,,Overcast,2101100,0,0.0,0.0,2.0,,,0.0,,,,,,Wellington Region,Nil,2-way,Sealed,,0.0,0,,50.0,,Off,0.0,0.0,,47,Wellington City,Give way,,,,,0.0,0.0,Urban,2.0,,,Null,Null,0
67732878,,575800,0.0,0.0,0.0,2.0,0.0,South,2017/2018,THE RIDGEWAY,WENTWORTH ST,,Non-Injury Crash,No,2018,0.0,South,0.0,0,0.0,Hill Road,0.0,,0.0,,0.0,Dark,2196901,0,0.0,0.0,2.0,0.0,0.0,0.0,0.0,1.0,,0.0,0.0,Wellington Region,Nil,2-way,Sealed,0.0,0.0,0,0.0,50.0,0.0,On,0.0,0.0,,47,Wellington City,Unknown,0.0,0.0,0.0,0.0,0.0,0.0,Urban,1.0,0.0,0.0,Fine,Null,0
67732914,,572500,0.0,,0.0,2.0,,Null,2017/2018,WILLOWBANK ROAD,MAIN ROAD,,Non-Injury Crash,No,2017,,South,,0,,Flat,,,,,,Dark,2053701,0,0.0,0.0,2.0,,,0.0,,,,,,Wellington Region,Nil,2-way,Sealed,,0.0,0,,50.0,,On,0.0,0.0,,47,Wellington City,Give way,,,,,0.0,0.0,Urban,0.0,,,Fine,Strong wind,0
67732920,,574002,0.0,,0.0,1.0,,Null,2018/2019,HUTT ON NBD,CENTENNIAL SLIP ROAD,,Minor Crash,Yes,2018,,East,,0,,Flat,,,,,,Dark,2078302,1,0.0,1.0,2.0,,,0.0,,,,,,Wellington Region,Motorway ramp,1-way,Sealed,,0.0,0,,80.0,,On,0.0,0.0,,47,Wellington City,Traffic Signals,,,,,0.0,0.0,Open,0.0,,,Fine,Null,0
67732928,,576301,0.0,,0.0,2.0,,East,2017/2018,COLOMBO ST,ADELAIDE ROAD,,Non-Injury Crash,No,2017,,West,,0,,Flat,,,,,,Bright sun,2164800,0,0.0,0.0,2.0,,,0.0,,,,,,Wellington Region,Nil,2-way,Sealed,,0.0,0,,50.0,,Null,0.0,0.0,,47,Wellington City,Unknown,,,,,0.0,0.0,Urban,0.0,,,Fine,Null,0
67732940,,576700,0.0,0.0,0.0,1.0,0.0,North,2017/2018,EVANS BAY PARADE,BALAENA BAY,,Non-Injury Crash,No,2018,0.0,South,0.0,0,1.0,Flat,0.0,,0.0,,0.0,Dark,2186900,0,0.0,0.0,2.0,1.0,0.0,0.0,0.0,0.0,,0.0,0.0,Wellington Region,Nil,2-way,Sealed,0.0,0.0,0,0.0,50.0,0.0,On,0.0,0.0,,47,Wellington City,Unknown,0.0,0.0,0.0,0.0,0.0,0.0,Urban,0.0,0.0,0.0,Light rain,Null,0
67732996,,573802,0.0,0.0,0.0,1.0,0.0,Null,2017/2018,CHESTERTON ST,BARRIE ST,,Non-Injury Crash,No,2018,0.0,South,0.0,0,0.0,Hill Road,0.0,Easter,0.0,,0.0,Bright sun,2078600,0,0.0,0.0,2.0,0.0,0.0,0.0,0.0,0.0,,1.0,0.0,Wellington Region,Nil,2-way,Sealed,0.0,0.0,0,0.0,50.0,0.0,Null,0.0,0.0,,47,Wellington City,Nil,0.0,0.0,0.0,0.0,0.0,0.0,Urban,0.0,0.0,0.0,Fine,Null,0
67733030,,573000,0.0,,0.0,0.0,,East,2018/2019,FEATHERSTON ST,WHITMORE ST,,Serious Crash,No,2018,,South,,0,,Flat,,,,,,Overcast,2124300,0,0.0,1.0,5.0,,,0.0,,,,,,Wellington Region,Nil,1-way,Sealed,,0.0,1,,50.0,,Null,1.0,0.0,,47,Wellington City,Unknown,,,,,0.0,0.0,Urban,0.0,,,Fine,Null,0
67733042,,574002,1.0,,0.0,1.0,,North,2017/2018,SLIP ROAD,MALVERN ROAD,,Minor Crash,No,2018,,South,,0,,Flat,,,,,,Overcast,2078302,1,0.0,0.0,1.0,,,0.0,,,,,,Wellington Region,Nil,1-way,Sealed,,0.0,0,,50.0,,Null,0.0,0.0,,47,Wellington City,Unknown,,,,,0.0,0.0,Urban,0.0,,,Fine,Null,0
67733075,,575000,0.0,,0.0,0.0,,South,2018/2019,BIRDWOOD ST,BRAITHWAITE ST,,Minor Crash,No,2018,,South,,0,,Hill Road,,,,,,Overcast,2111100,1,1.0,0.0,2.0,,,0.0,,,,,,Wellington Region,Nil,2-way,Sealed,,0.0,0,,50.0,,Null,0.0,0.0,,47,Wellington City,Unknown,,,,,0.0,0.0,Urban,0.0,,,Light rain,Null,0
67733083,,572900,0.0,,0.0,1.0,,Null,2018/2019,BUNNY ST,FEATHERSTON ST,,Minor Crash,No,2018,,North,,0,,Flat,,,,,,Overcast,2122800,1,0.0,0.0,2.0,,,0.0,,,1.0,,,Wellington Region,Nil,2-way,Sealed,,0.0,0,,50.0,,Null,0.0,0.0,,47,Wellington City,Traffic Signals,,,,,0.0,0.0,Urban,0.0,,,Fine,Null,0
67733112,,577200,0.0,,0.0,2.0,,West,2017/2018,MIRAMAR AVENUE,STONE ST,,Non-Injury Crash,No,2017,,West,,0,,Flat,,,,,,Bright sun,2206200,0,0.0,0.0,2.0,,,0.0,,,,,,Wellington Region,Nil,2-way,Sealed,,0.0,0,,30.0,,Null,0.0,0.0,,47,Wellington City,Unknown,,,,,0.0,0.0,Urban,0.0,,,Fine,Null,0
67733116,,574302,0.0,0.0,0.0,1.0,0.0,South,2017/2018,ONSLOW ROAD,BENARES ST,,Non-Injury Crash,No,2018,0.0,South,0.0,0,0.0,Hill Road,0.0,,0.0,,0.0,Overcast,2090101,0,0.0,0.0,2.0,0.0,0.0,0.0,0.0,1.0,,0.0,0.0,Wellington Region,Nil,2-way,Sealed,0.0,0.0,0,0.0,50.0,0.0,Null,0.0,0.0,,47,Wellington City,Unknown,0.0,0.0,0.0,0.0,0.0,0.0,Urban,1.0,0.0,0.0,Fine,Null,0
67733163,,573101,0.0,,0.0,2.0,,South,2017/2018,CHAFFERS ST,CABLE ST,,Non-Injury Crash,No,2017,,North,,0,,Flat,,,,,,Twilight,2135500,0,0.0,0.0,3.0,,,0.0,,,,,,Wellington Region,Nil,2-way,Sealed,,0.0,0,,50.0,,Off,0.0,0.0,,47,Wellington City,Traffic Signals,,,,,0.0,0.0,Urban,0.0,,,Fine,Null,0
67733188,,573000,0.0,,0.0,3.0,,North,2017/2018,LAMBTON QUAY,JOHNSTON ST,,Non-Injury Crash,No,2017,,North,,0,,Flat,,,,,,Bright sun,2124400,0,0.0,0.0,2.0,,,0.0,,,,,,Wellington Region,Nil,1-way,Sealed,,0.0,0,,30.0,,Null,0.0,0.0,,47,Wellington City,Unknown,,,,,0.0,0.0,Urban,0.0,,,Fine,Null,0
67733205,,577700,0.0,,0.0,2.0,,South,2018/2019,TAKARAU GORGE ROAD,RIFLE RANGE ROAD,,Minor Crash,No,2018,,North,,0,,Flat,,,,,,Overcast,2117003,4,0.0,0.0,2.0,,,0.0,,,,,,Wellington Region,Nil,2-way,Sealed,,0.0,0,,60.0,,Null,0.0,0.0,,47,Wellington City,Unknown,,,,,0.0,0.0,Urban,0.0,,,Fine,Strong wind,0
67733211,,574302,0.0,0.0,0.0,2.0,0.0,South,2017/2018,CASHMERE AVENUE,RANUI CRESCENT,,Non-Injury Crash,No,2018,0.0,North,0.0,0,0.0,Flat,0.0,,0.0,,0.0,Overcast,2090001,0,0.0,0.0,2.0,0.0,0.0,0.0,0.0,1.0,,0.0,0.0,Wellington Region,Nil,2-way,Sealed,0.0,0.0,0,0.0,50.0,0.0,Null,0.0,0.0,,47,Wellington City,Unknown,0.0,0.0,0.0,0.0,0.0,0.0,Urban,0.0,0.0,0.0,Light rain,Null,0
67733221,,576903,0.0,,0.0,3.0,,West,2017/2018,SH 1N,WALMER ST,,Non-Injury Crash,Yes,2018,,West,,0,,Flat,,,,,,Bright sun,2180400,0,0.0,0.0,2.0,,,0.0,,,,,,Wellington Region,Nil,2-way,Sealed,,0.0,0,,50.0,,Null,0.0,0.0,,47,Wellington City,Nil,,,,,0.0,0.0,Urban,0.0,,,Fine,Null,0
67733245,,573101,0.0,,0.0,0.0,,Null,2017/2018,WEBB ST,WILLIS ST,,Non-Injury Crash,No,2018,,West,,0,,Flat,,,,,,Overcast,2132900,0,0.0,0.0,3.0,,,0.0,,,,,,Wellington Region,Nil,1-way,Sealed,,0.0,0,,50.0,,Null,1.0,0.0,,47,Wellington City,Traffic Signals,,,,,0.0,0.0,Urban,1.0,,,Fine,Null,0
67733272,,573101,0.0,,0.0,2.0,,Null,2018/2019,SH 1N,VICTORIA ST,,Non-Injury Crash,Yes,2018,,North,,0,,Hill Road,,,,,,Twilight,2132400,0,0.0,0.0,3.0,,,0.0,,,,,,Wellington Region,Nil,1-way,Sealed,,0.0,0,,50.0,,On,0.0,0.0,,47,Wellington City,Traffic Signals,,,,,0.0,0.0,Urban,0.0,,,Fine,Null,0
67733298,,573400,0.0,,0.0,1.0,,North,2017/2018,BROUGHAM ST,ARMOUR AVENUE,,Minor Crash,No,2018,,South,,0,,Flat,,,,,,Bright sun,2143800,1,0.0,0.0,2.0,,,0.0,,,1.0,,,Wellington Region,Nil,2-way,Sealed,,0.0,0,,50.0,,Null,0.0,0.0,,47,Wellington City,Nil,,,,,0.0,0.0,Urban,0.0,,,Fine,Null,0
67733299,,575100,0.0,0.0,0.0,3.0,0.0,South,2017/2018,KILSYTH ST,PAPARATA ST,,Non-Injury Crash,No,2017,0.0,South,0.0,0,0.0,Hill Road,0.0,,0.0,,0.0,Dark,2115602,0,0.0,0.0,2.0,0.0,0.0,0.0,0.0,1.0,,0.0,0.0,Wellington Region,Nil,2-way,Sealed,0.0,0.0,0,0.0,50.0,0.0,On,0.0,0.0,,47,Wellington City,Unknown,0.0,0.0,0.0,0.0,0.0,0.0,Urban,0.0,0.0,0.0,Fine,Null,0
67733323,,576200,0.0,0.0,0.0,2.0,0.0,North,2017/2018,ADELAIDE ROAD,CHILKA ST,,Minor Crash,No,2018,0.0,North,0.0,0,0.0,Flat,0.0,,0.0,,0.0,Dark,2172600,1,0.0,0.0,2.0,0.0,0.0,0.0,0.0,2.0,,0.0,1.0,Wellington Region,Nil,2-way,Sealed,0.0,0.0,0,0.0,50.0,0.0,On,2.0,0.0,,47,Wellington City,Unknown,0.0,0.0,0.0,0.0,0.0,0.0,Urban,0.0,0.0,0.0,Fine,Null,0
67733352,,573200,0.0,,0.0,1.0,,North,2017/2018,THE TERRACE,ABEL SMITH ST,,Non-Injury Crash,No,2018,,South,,0,,Flat,,,,,,Dark,2157702,0,0.0,0.0,2.0,,,0.0,,,1.0,,,Wellington Region,Nil,2-way,Sealed,,0.0,0,,50.0,,Null,0.0,1.0,,47,Wellington City,Unknown,,,,,0.0,0.0,Urban,0.0,,,Fine,Null,0
67733372,,573526,0.0,,0.0,3.0,,West,2017/2018,SH 2,HOROKIWI ROAD,,Non-Injury Crash,Yes,2017,,East,,0,,Flat,,,,,,Dark,2086403,0,0.0,0.0,2.0,,,0.0,,,,,,Wellington Region,Nil,1-way,Sealed,,0.0,0,,100.0,,On,0.0,0.0,,47,Wellington City,Unknown,,,,,0.0,0.0,Open,0.0,,,Fine,Null,0
67733381,,572500,0.0,0.0,0.0,1.0,0.0,East,2017/2018,BOSCOBEL LANE,MAIN ROAD,,Non-Injury Crash,No,2017,0.0,North,0.0,0,0.0,Flat,0.0,,0.0,,0.0,Overcast,1986300,0,0.0,0.0,2.0,0.0,0.0,0.0,0.0,1.0,,0.0,0.0,Wellington Region,Nil,2-way,Sealed,0.0,0.0,0,0.0,50.0,0.0,Null,0.0,0.0,,47,Wellington City,Unknown,0.0,0.0,0.0,0.0,0.0,0.0,Urban,1.0,0.0,0.0,Null,Null,0
67733393,,573000,0.0,,0.0,1.0,,Null,2017/2018,SH 1N,BOULCOTT OBR,,Non-Injury Crash,Yes,2017,,South,,0,,Flat,,,,,,Bright sun,2126700,0,0.0,0.0,3.0,,,0.0,,,,,,Wellington Region,Nil,1-way,Sealed,,0.0,0,,60.0,,Null,0.0,0.0,,47,Wellington City,Unknown,,,,,0.0,0.0,Urban,1.0,,,Fine,Null,0
67733396,,574100,1.0,0.0,0.0,1.0,0.0,North,2017/2018,BURMA ROAD,JOHN SIMS DRIVE,,Serious Crash,No,2018,0.0,North,0.0,0,0.0,Flat,0.0,,0.0,,0.0,Bright sun,2083900,0,0.0,0.0,2.0,0.0,0.0,0.0,0.0,1.0,,0.0,0.0,Wellington Region,Nil,2-way,Sealed,0.0,0.0,1,0.0,50.0,0.0,Null,0.0,0.0,,47,Wellington City,Unknown,0.0,0.0,0.0,0.0,0.0,0.0,Urban,0.0,0.0,0.0,Fine,Null,0
67733405,,576400,0.0,,0.0,2.0,,East,2017/2018,CONSTABLE ST,OWEN ST,,Non-Injury Crash,No,2017,,West,,0,,Flat,,,,,,Bright sun,2170000,0,0.0,0.0,2.0,,,0.0,,,,,,Wellington Region,Nil,2-way,Sealed,,0.0,0,,40.0,,Null,0.0,0.0,,47,Wellington City,Unknown,,,,,0.0,0.0,Urban,0.0,,,Fine,Null,0
67733408,,577301,0.0,0.0,0.0,1.0,1.0,North,2018/2019,DARLINGTON ROAD,WEKA ST,,Non-Injury Crash,No,2018,0.0,West,0.0,0,0.0,Hill Road,0.0,,0.0,,0.0,Dark,2202502,0,0.0,0.0,2.0,0.0,0.0,0.0,0.0,0.0,,0.0,0.0,Wellington Region,Nil,2-way,Sealed,0.0,0.0,0,0.0,50.0,0.0,On,0.0,0.0,,47,Wellington City,Unknown,0.0,0.0,0.0,0.0,0.0,0.0,Urban,0.0,0.0,0.0,Light rain,Null,0
67733411,,573200,0.0,,0.0,0.0,,West,2017/2018,BROOKLYN ROAD,FRANKLIN AVENUE,,Non-Injury Crash,No,2018,,South,,0,,Hill Road,,,,,,Dark,2159300,0,0.0,0.0,2.0,,,0.0,,,,,,Wellington Region,Nil,2-way,Sealed,,0.0,0,,50.0,,On,1.0,0.0,,47,Wellington City,Unknown,,,,,0.0,0.0,Urban,1.0,,,Fine,Null,0
67733460,,573200,0.0,0.0,0.0,2.0,0.0,East,2017/2018,ARO ST,ADAMS TERRACE,,Non-Injury Crash,No,2017,0.0,North,0.0,0,0.0,Flat,0.0,,0.0,,0.0,Dark,2157200,0,0.0,0.0,2.0,0.0,0.0,0.0,0.0,1.0,,0.0,0.0,Wellington Region,Nil,2-way,Sealed,0.0,0.0,0,0.0,50.0,0.0,On,0.0,0.0,,47,Wellington City,Unknown,0.0,0.0,0.0,0.0,0.0,0.0,Urban,0.0,0.0,0.0,Fine,Null,0
67733473,,573101,1.0,,0.0,1.0,,Null,2017/2018,TARANAKI ST,WAKEFIELD ST,,Minor Crash,No,2018,,North,,0,,Flat,,,,,,Overcast,2133200,1,0.0,0.0,5.0,,,0.0,,,,,,Wellington Region,Nil,2-way,Sealed,,0.0,0,,50.0,,Null,0.0,0.0,,47,Wellington City,Traffic Signals,,,,,0.0,0.0,Urban,0.0,,,Fine,Null,0
67733510,,573101,1.0,,0.0,1.0,,Null,2017/2018,KENT TERRACE,PIRIE ST,,Non-Injury Crash,Yes,2018,,South,,0,,Flat,,,,,,Bright sun,2136700,0,0.0,0.0,3.0,,,0.0,,,,,,Wellington Region,Nil,1-way,Sealed,,0.0,0,,50.0,,Null,0.0,0.0,,47,Wellington City,Traffic Signals,,,,,0.0,0.0,Urban,0.0,,,Fine,Null,0
67733555,,573400,0.0,0.0,0.0,3.0,0.0,East,2018/2019,ELLICE ST,AUSTIN ST,,Non-Injury Crash,No,2018,0.0,East,0.0,0,0.0,Hill Road,0.0,,0.0,,0.0,Dark,2142400,0,0.0,0.0,2.0,0.0,0.0,0.0,0.0,1.0,,0.0,0.0,Wellington Region,Nil,2-way,Sealed,0.0,0.0,0,0.0,50.0,0.0,On,0.0,0.0,,47,Wellington City,Unknown,0.0,0.0,0.0,0.0,0.0,0.0,Urban,0.0,0.0,0.0,Fine,Null,0
67733579,,575100,0.0,,0.0,1.0,,East,2016/2017,LEWER ST,BEAUCHAMP ST,,Non-Injury Crash,No,2017,,East,,0,,Flat,,,,,,Overcast,2114200,0,0.0,0.0,2.0,,,0.0,,,,,,Wellington Region,Nil,2-way,Sealed,,0.0,0,,50.0,,Off,0.0,0.0,,47,Wellington City,Unknown,,,,,0.0,0.0,Urban,1.0,,,Fine,Null,0
67733600,,576700,0.0,0.0,0.0,2.0,0.0,West,2016/2017,PALLISER ROAD,ROSENEATH TERRACE,,Non-Injury Crash,No,2017,0.0,South,0.0,0,0.0,Hill Road,0.0,,0.0,,0.0,Dark,2185600,0,0.0,0.0,2.0,0.0,0.0,0.0,0.0,1.0,,0.0,0.0,Wellington Region,Nil,2-way,Sealed,0.0,0.0,0,0.0,50.0,0.0,On,0.0,0.0,,47,Wellington City,Unknown,0.0,0.0,0.0,0.0,0.0,0.0,Urban,0.0,0.0,0.0,Null,Null,0
67733640,,576001,0.0,,0.0,1.0,,East,2016/2017,SOUTHERN CROSS CRESCENT,SEVERN ST,,Non-Injury Crash,No,2017,,West,,0,,Hill Road,,,,,,Bright sun,2188601,0,0.0,0.0,2.0,,,0.0,,,,,,Wellington Region,Nil,2-way,Sealed,,0.0,0,,50.0,,Null,1.0,0.0,,47,Wellington City,Unknown,,,,,0.0,0.0,Urban,0.0,,,Fine,Null,0
67733652,,573700,0.0,,0.0,2.0,,Null,2017/2018,MOOREFIELD ROAD,JOHNSONVILLE ON NBD,,Non-Injury Crash,No,2018,,South,,0,,Flat,,,,,,Bright sun,2082800,0,0.0,0.0,2.0,,,0.0,,,,,,Wellington Region,Nil,2-way,Sealed,,0.0,0,,50.0,,Null,0.0,1.0,,47,Wellington City,Give way,,,,,0.0,0.0,Urban,0.0,,,Fine,Null,0
67733665,,574500,1.0,,0.0,1.0,,South,2018/2019,HUTT ROAD,KAIWHARAWHARA ROAD,,Minor Crash,No,2018,,South,,0,,Flat,,,,,,Bright sun,2093600,1,0.0,0.0,4.0,,,0.0,,,,,,Wellington Region,Nil,2-way,Sealed,,0.0,0,,60.0,,Null,0.0,0.0,,47,Wellington City,Traffic Signals,,,,,0.0,0.0,Urban,0.0,,,Fine,Null,0
67733744,,573300,0.0,,0.0,1.0,,Null,2018/2019,WALLACE ST,BIDWILL ST,,Minor Crash,No,2018,,West,,0,,Hill Road,,,,,,Dark,2146800,1,1.0,0.0,2.0,,,0.0,,,,,,Wellington Region,Nil,2-way,Sealed,,0.0,0,,50.0,,On,0.0,0.0,,47,Wellington City,Traffic Signals,,,,,0.0,0.0,Urban,0.0,,,Fine,Null,0
67733776,,572900,1.0,,1.0,0.0,,Null,2018/2019,THORNDON QUAY,SLIP ROAD,,Minor Crash,No,2018,,North,,0,,Flat,,,,,,Bright sun,2121500,1,0.0,0.0,4.0,,,0.0,,,,,,Wellington Region,Nil,2-way,Sealed,,0.0,0,,50.0,,Null,0.0,0.0,,47,Wellington City,Give way,,,,,0.0,0.0,Urban,0.0,,,Fine,Null,0
67733777,,576903,1.0,,0.0,0.0,,Null,2017/2018,CHILDERS TERRACE,RODRIGO ROAD,,Non-Injury Crash,No,2018,,South,,0,,Flat,,,,,,Overcast,2179200,0,0.0,0.0,1.0,,,0.0,,,,,,Wellington Region,Nil,2-way,Sealed,,0.0,0,,50.0,,Null,0.0,0.0,,47,Wellington City,Nil,,,,,0.0,0.0,Urban,1.0,,,Fine,Null,0
67733785,,573000,0.0,,0.0,0.0,,Null,2017/2018,WATERLOO QUAY,WHITMORE ST,,Non-Injury Crash,No,2017,,South,,0,,Flat,,,,,,Bright sun,2124300,0,0.0,1.0,6.0,,,0.0,,,,,,Wellington Region,Nil,2-way,Sealed,,0.0,0,,50.0,,Null,0.0,0.0,,47,Wellington City,Traffic Signals,,,,,1.0,0.0,Urban,0.0,,,Fine,Null,0
67733789,,575200,0.0,0.0,0.0,1.0,0.0,North,2017/2018,CRIEFF ST,GLENMORE ST,,Non-Injury Crash,No,2018,0.0,South,0.0,0,0.0,Hill Road,0.0,,0.0,,0.0,Dark,2150200,0,0.0,0.0,2.0,0.0,0.0,0.0,0.0,0.0,,0.0,1.0,Wellington Region,Nil,2-way,Sealed,0.0,0.0,0,0.0,50.0,0.0,On,0.0,0.0,,47,Wellington City,Unknown,0.0,0.0,0.0,0.0,0.0,0.0,Urban,0.0,0.0,0.0,Fine,Null,0
67733794,,573300,0.0,0.0,0.0,2.0,0.0,Null,2017/2018,WEBB ST,THOMPSON ST,,Non-Injury Crash,No,2017,0.0,North,0.0,0,0.0,Hill Road,0.0,,0.0,,0.0,Dark,2144101,0,0.0,0.0,2.0,0.0,0.0,0.0,0.0,1.0,,0.0,0.0,Wellington Region,Nil,2-way,Sealed,0.0,0.0,0,0.0,50.0,0.0,On,2.0,0.0,,47,Wellington City,Stop,0.0,0.0,0.0,0.0,0.0,0.0,Urban,0.0,0.0,0.0,Null,Null,0
67733944,,577601,0.0,0.0,1.0,0.0,1.0,South,2017/2018,SHELLY BAY ROAD,RNZAF BASE GATE S,,Non-Injury Crash,No,2018,0.0,North,0.0,0,0.0,Flat,0.0,,0.0,,0.0,Dark,2201200,0,0.0,0.0,2.0,0.0,0.0,0.0,0.0,0.0,,0.0,0.0,Wellington Region,Nil,2-way,Sealed,0.0,0.0,0,0.0,40.0,0.0,None,0.0,0.0,,47,Wellington City,Unknown,0.0,0.0,0.0,0.0,0.0,0.0,Urban,0.0,0.0,0.0,Fine,Null,0
67733945,,576400,1.0,0.0,0.0,1.0,0.0,North,2018/2019,MANSFIELD ST,HORNER ST,,Serious Crash,No,2018,0.0,North,0.0,0,0.0,Flat,0.0,,0.0,,0.0,Overcast,2171001,0,0.0,0.0,2.0,0.0,0.0,0.0,0.0,1.0,,0.0,0.0,Wellington Region,Nil,2-way,Sealed,0.0,0.0,1,0.0,50.0,0.0,Null,0.0,0.0,,47,Wellington City,Unknown,0.0,0.0,0.0,0.0,0.0,0.0,Urban,0.0,0.0,0.0,Fine,Null,0
67733956,,574303,0.0,,0.0,1.0,,South,2017/2018,SH 1N,NEWLANDS OFF NBD,,Non-Injury Crash,Yes,2017,,North,,0,,Hill Road,,,,,,Bright sun,2084302,0,0.0,0.0,4.0,,,0.0,,,,,,Wellington Region,Motorway ramp,1-way,Sealed,,0.0,0,,100.0,,Null,0.0,0.0,,47,Wellington City,Unknown,,,,,0.0,0.0,Open,1.0,,,Fine,Null,0
67733998,,576100,0.0,0.0,0.0,1.0,0.0,South,2017/2018,DUNCAN TERRACE,KOTINGA ST,,Non-Injury Crash,No,2017,0.0,North,0.0,0,0.0,Hill Road,0.0,,0.0,,0.0,Overcast,2195900,0,0.0,0.0,2.0,0.0,0.0,0.0,0.0,1.0,,0.0,0.0,Wellington Region,Nil,2-way,Sealed,0.0,0.0,0,0.0,50.0,0.0,Null,0.0,0.0,,47,Wellington City,Unknown,0.0,0.0,0.0,0.0,0.0,0.0,Urban,1.0,0.0,0.0,Light rain,Null,0
67734028,,576901,0.0,,0.0,2.0,,Null,2017/2018,RONGOTAI ROAD,ROSS ST,,Non-Injury Crash,No,2017,,West,,0,,Flat,,,,,,Overcast,2177200,0,0.0,0.0,2.0,,,0.0,,,,,,Wellington Region,Nil,2-way,Sealed,,0.0,0,,50.0,,Null,0.0,0.0,,47,Wellington City,Give way,,,,,0.0,0.0,Urban,0.0,,,Fine,Null,0