OBJECTID,advisorySpeed,areaUnitID,bicycle,bridge,bus,carStationWagon,cliffBank,crashDirectionDescription,crashFinancialYear,crashLocation1,crashLocation2,crashRoadSideRoad,crashSeverity,crashSHDescription,crashYear,debris,directionRoleDescription,ditch,fatalCount,fence,flatHill,guardRail,holiday,houseOrBuilding,intersection,kerb,light,meshblockId,minorInjuryCount,moped,motorcycle,NumberOfLanes,objectThrownOrDropped,otherObject,otherVehicleType,overBank,parkedVehicle,pedestrian,phoneBoxEtc,postOrPole,region,roadCharacter,roadLane,roadSurface,roadworks,schoolBus,seriousInjuryCount,slipOrFlood,speedLimit,strayAnimal,streetLight,suv,taxi,temporarySpeedLimit,tlaId,tlaName,trafficControl,trafficIsland,trafficSign,train,tree,truck,unknownVehicleType,urban,vanOrUtility,vehicle,waterRiver,weatherA,weatherB,if_pandemic
67734049,,575600,0.0,,0.0,2.0,,North,2017/2018,OHIRO ROAD,BROOKLYN ROAD,,Non-Injury Crash,No,2017,,South,,0,,Flat,,,,,,Overcast,2160600,0,0.0,0.0,2.0,,,0.0,,,,,,Wellington Region,Nil,2-way,Sealed,,0.0,0,,50.0,,Null,0.0,0.0,,47,Wellington City,Unknown,,,,,0.0,0.0,Urban,0.0,,,Fine,Null,0
67734079,,576301,0.0,0.0,0.0,0.0,0.0,East,2017/2018,STOKE ST,ADELAIDE ROAD,,Non-Injury Crash,No,2018,0.0,East,0.0,0,0.0,Flat,0.0,,0.0,,0.0,Overcast,2165300,0,0.0,0.0,2.0,0.0,0.0,0.0,0.0,1.0,,0.0,0.0,Wellington Region,Nil,2-way,Sealed,0.0,0.0,0,0.0,50.0,0.0,Null,0.0,0.0,,47,Wellington City,Unknown,0.0,0.0,0.0,0.0,0.0,0.0,Urban,2.0,0.0,0.0,Fine,Null,0
67734124,,576901,0.0,0.0,0.0,2.0,0.0,South,2016/2017,COUTTS ST,MAMARI ST,,Non-Injury Crash,No,2017,0.0,South,0.0,0,0.0,Flat,0.0,,0.0,,0.0,Overcast,2176701,0,0.0,0.0,2.0,0.0,0.0,0.0,0.0,1.0,,0.0,0.0,Wellington Region,Nil,2-way,Sealed,0.0,0.0,0,0.0,50.0,0.0,Null,0.0,0.0,,47,Wellington City,Unknown,0.0,0.0,0.0,0.0,0.0,0.0,Urban,0.0,0.0,0.0,Fine,Null,0
67734164,,573000,0.0,,0.0,2.0,,North,2017/2018,JERVOIS QUAY,POST OFFICE SQUARE,,Non-Injury Crash,No,2017,,South,,0,,Flat,,,,,,Overcast,2124300,0,0.0,0.0,3.0,,,0.0,,,,,,Wellington Region,Nil,1-way,Sealed,,0.0,0,,50.0,,Null,0.0,0.0,,47,Wellington City,Unknown,,,,,0.0,0.0,Urban,0.0,,,Fine,Null,0
67734172,,572900,0.0,0.0,0.0,1.0,0.0,Null,2016/2017,WATERLOO QUAY,BUNNY ST,,Non-Injury Crash,No,2017,0.0,North,0.0,0,0.0,Flat,0.0,Easter,0.0,,0.0,Dark,2122700,0,0.0,0.0,5.0,0.0,0.0,0.0,0.0,0.0,,0.0,0.0,Wellington Region,Nil,2-way,Sealed,0.0,0.0,0,0.0,50.0,0.0,On,0.0,0.0,,47,Wellington City,Traffic Signals,0.0,1.0,0.0,0.0,0.0,0.0,Urban,0.0,0.0,0.0,Fine,Null,0
67734174,,573400,0.0,0.0,0.0,2.0,0.0,Null,2017/2018,ORIENTAL PARADE,HERD ST,,Non-Injury Crash,No,2018,0.0,West,0.0,0,0.0,Flat,0.0,,0.0,,0.0,Bright sun,2138800,0,0.0,0.0,2.0,0.0,0.0,0.0,0.0,1.0,,0.0,0.0,Wellington Region,Nil,2-way,Sealed,0.0,0.0,0,0.0,40.0,0.0,Null,0.0,0.0,,47,Wellington City,Nil,0.0,0.0,0.0,0.0,0.0,0.0,Urban,0.0,0.0,0.0,Fine,Null,0
67734183,,576301,0.0,,0.0,1.0,,North,2017/2018,ADELAIDE ROAD,COLOMBO ST,,Non-Injury Crash,No,2018,,South,,0,,Flat,,,,,,Twilight,2164700,0,0.0,0.0,2.0,,,0.0,,,,,,Wellington Region,Nil,2-way,Sealed,,0.0,0,,50.0,,Off,0.0,0.0,,47,Wellington City,Nil,,,,,0.0,0.0,Urban,1.0,,,Fine,Null,0
67734240,,572900,0.0,0.0,0.0,0.0,1.0,South,2018/2019,THORNDON QUAY,TINAKORI ROAD,,Minor Crash,No,2018,0.0,North,0.0,0,0.0,Flat,0.0,,0.0,,0.0,Twilight,2118400,3,0.0,0.0,2.0,0.0,1.0,0.0,0.0,0.0,,0.0,0.0,Wellington Region,Nil,2-way,Sealed,0.0,0.0,0,0.0,50.0,0.0,Off,0.0,0.0,,47,Wellington City,Unknown,0.0,0.0,0.0,0.0,0.0,0.0,Urban,1.0,0.0,0.0,Heavy rain,Null,0
67734294,,573101,0.0,,0.0,2.0,,West,2018/2019,COURTENAY PLACE,CAMBRIDGE TERRACE,,Non-Injury Crash,No,2018,,West,,0,,Null,,,,,,Overcast,2136000,0,0.0,0.0,1.0,,,0.0,,,,,,Wellington Region,Nil,1-way,Sealed,,0.0,0,,30.0,,Null,0.0,0.0,,47,Wellington City,Unknown,,,,,0.0,0.0,Urban,0.0,,,Fine,Null,0
67734304,,573000,0.0,0.0,0.0,2.0,0.0,South,2017/2018,THE TERRACE,ALLENBY TERRACE,,Non-Injury Crash,No,2017,0.0,South,0.0,0,0.0,Hill Road,0.0,,0.0,,0.0,Bright sun,2126900,0,0.0,0.0,2.0,0.0,0.0,0.0,0.0,1.0,,0.0,0.0,Wellington Region,Nil,2-way,Sealed,0.0,0.0,0,0.0,50.0,0.0,Null,0.0,0.0,,47,Wellington City,Nil,0.0,0.0,0.0,0.0,0.0,0.0,Urban,0.0,0.0,0.0,Fine,Null,0
67734327,,575701,0.0,0.0,0.0,1.0,0.0,North,2018/2019,MILLS ROAD,VERONICA ST,,Non-Injury Crash,No,2018,0.0,South,0.0,0,0.0,Flat,0.0,,0.0,,0.0,Overcast,2200000,0,0.0,0.0,2.0,0.0,0.0,0.0,0.0,1.0,,0.0,0.0,Wellington Region,Nil,2-way,Sealed,0.0,0.0,0,0.0,50.0,0.0,Null,1.0,0.0,,47,Wellington City,Unknown,0.0,0.0,0.0,0.0,0.0,0.0,Urban,0.0,0.0,0.0,Light rain,Null,0
67734332,,576200,0.0,0.0,0.0,1.0,0.0,South,2018/2019,ADELAIDE ROAD,HERALD ST,,Minor Crash,No,2018,0.0,North,0.0,0,0.0,Hill Road,0.0,,0.0,,0.0,Bright sun,2172500,1,1.0,0.0,2.0,0.0,0.0,0.0,0.0,0.0,,0.0,1.0,Wellington Region,Nil,2-way,Sealed,0.0,0.0,0,0.0,30.0,0.0,Null,0.0,0.0,,47,Wellington City,Unknown,0.0,0.0,0.0,0.0,0.0,0.0,Urban,0.0,1.0,0.0,Fine,Null,0
67734344,,576400,0.0,0.0,0.0,2.0,0.0,West,2017/2018,CRAWFORD ROAD,DUNCAN TERRACE,,Non-Injury Crash,No,2018,0.0,South,0.0,0,0.0,Hill Road,0.0,,0.0,,0.0,Bright sun,2169500,0,0.0,0.0,2.0,0.0,0.0,0.0,0.0,1.0,,0.0,0.0,Wellington Region,Nil,2-way,Sealed,0.0,0.0,0,0.0,50.0,0.0,Null,0.0,0.0,,47,Wellington City,Unknown,0.0,0.0,0.0,0.0,0.0,0.0,Urban,0.0,0.0,0.0,Fine,Null,0
67734370,,576400,0.0,0.0,0.0,2.0,0.0,South,2017/2018,CRAWFORD ROAD,WELLINGTON ROAD,,Minor Crash,No,2018,0.0,South,0.0,0,1.0,Hill Road,0.0,,0.0,,0.0,Dark,2169402,1,0.0,0.0,2.0,0.0,0.0,0.0,0.0,1.0,,0.0,0.0,Wellington Region,Nil,2-way,Sealed,0.0,0.0,0,0.0,50.0,0.0,On,0.0,0.0,,47,Wellington City,Unknown,0.0,0.0,0.0,0.0,0.0,0.0,Urban,0.0,0.0,0.0,Fine,Null,0
67734423,,573300,0.0,,0.0,1.0,,North,2018/2019,ADELAIDE ROAD,GIRTON TERRACE,,Serious Crash,No,2018,,South,,0,,Flat,,,,,,Dark,2145700,0,0.0,0.0,4.0,,,0.0,,,1.0,,,Wellington Region,Nil,2-way,Sealed,,0.0,1,,50.0,,On,0.0,0.0,,47,Wellington City,Unknown,,,,,0.0,0.0,Urban,0.0,,,Heavy rain,Null,0
67734459,,572701,0.0,0.0,0.0,1.0,0.0,North,2017/2018,SH 1N,COLLINS OBR,,Non-Injury Crash,Yes,2018,0.0,North,0.0,0,0.0,Flat,1.0,,0.0,,0.0,Dark,1995700,0,0.0,0.0,2.0,0.0,0.0,0.0,0.0,0.0,,0.0,0.0,Wellington Region,Nil,2-way,Sealed,0.0,0.0,0,0.0,100.0,0.0,On,0.0,0.0,80.0,47,Wellington City,Unknown,0.0,0.0,0.0,0.0,0.0,0.0,Open,0.0,0.0,0.0,Fine,Null,0
67734482,,577400,0.0,0.0,0.0,2.0,0.0,North,2017/2018,MARINE PARADE,BEERE HAVEN STEPS,,Non-Injury Crash,No,2018,0.0,North,0.0,0,0.0,Flat,0.0,,0.0,,0.0,Dark,2210200,0,0.0,0.0,2.0,0.0,0.0,0.0,0.0,1.0,,0.0,0.0,Wellington Region,Nil,2-way,Sealed,0.0,0.0,0,0.0,50.0,0.0,On,0.0,0.0,40.0,47,Wellington City,Unknown,0.0,0.0,0.0,0.0,0.0,0.0,Urban,0.0,0.0,0.0,Fine,Null,0
67734483,,573101,0.0,0.0,1.0,0.0,0.0,West,2017/2018,WAKEFIELD ST,COURAGE LANE,,Non-Injury Crash,No,2018,0.0,West,0.0,0,0.0,Flat,0.0,,0.0,,0.0,Twilight,2135600,0,0.0,0.0,2.0,0.0,0.0,0.0,0.0,1.0,,0.0,0.0,Wellington Region,Nil,2-way,Sealed,0.0,0.0,0,0.0,50.0,0.0,On,0.0,0.0,,47,Wellington City,Unknown,0.0,0.0,0.0,0.0,0.0,0.0,Urban,1.0,0.0,0.0,Fine,Null,0
67734497,,576100,0.0,,0.0,1.0,,East,2017/2018,HOUGHTON BAY ROAD,BUCKLEY ROAD,,Non-Injury Crash,No,2018,,East,,0,,Hill Road,,,,,,Twilight,2194400,0,0.0,0.0,2.0,,,0.0,,,,,,Wellington Region,Nil,2-way,Sealed,,0.0,0,,50.0,,None,1.0,0.0,,47,Wellington City,Unknown,,,,,0.0,0.0,Urban,0.0,,,Fine,Null,0
67734594,,573000,0.0,0.0,0.0,2.0,0.0,South,2017/2018,VICTORIA ST,WILLESTON ST,,Non-Injury Crash,No,2017,0.0,South,0.0,0,0.0,Flat,0.0,,0.0,,0.0,Bright sun,2127500,0,0.0,0.0,2.0,0.0,0.0,0.0,0.0,1.0,,0.0,0.0,Wellington Region,Nil,1-way,Sealed,0.0,0.0,0,0.0,50.0,0.0,Null,0.0,0.0,,47,Wellington City,Unknown,0.0,0.0,0.0,0.0,0.0,0.0,Urban,0.0,0.0,0.0,Fine,Null,0
67734618,,573101,0.0,,0.0,2.0,,Null,2017/2018,VICTORIA ST,SH 1N,,Non-Injury Crash,Yes,2017,,North,,0,,Flat,,Christmas New Year,,,,Overcast,2132400,0,0.0,0.0,2.0,,,0.0,,,,,,Wellington Region,Nil,1-way,Sealed,,0.0,0,,50.0,,Null,0.0,0.0,,47,Wellington City,Traffic Signals,,,,,0.0,0.0,Urban,0.0,,,Fine,Strong wind,0
67734628,,577000,0.0,,0.0,0.0,,Null,2017/2018,QUEENS DRIVE,WHA ST,,Non-Injury Crash,No,2018,,South,,0,,Hill Road,,,,,,Dark,2174100,0,1.0,1.0,2.0,,,0.0,,,,,,Wellington Region,Nil,2-way,Sealed,,0.0,0,,50.0,,On,0.0,0.0,,47,Wellington City,Stop,,,,,0.0,0.0,Urban,0.0,,,Fine,Null,0
67734689,,572900,0.0,,1.0,1.0,,Null,2017/2018,HUTT ROAD,TINAKORI ROAD,,Minor Crash,No,2018,,North,,0,,Flat,,,,,,Bright sun,2118400,1,0.0,0.0,3.0,,,0.0,,,,,,Wellington Region,Nil,2-way,Sealed,,0.0,0,,50.0,,Null,0.0,0.0,,47,Wellington City,Give way,,,,,0.0,0.0,Urban,0.0,,,Fine,Null,0
67734698,,573101,0.0,,0.0,0.0,,Null,2017/2018,WILLIS ST,SH 1N,,Non-Injury Crash,No,2017,,South,,0,,Flat,,,,,,Dark,2131900,0,0.0,1.0,2.0,,,0.0,,,1.0,,,Wellington Region,Nil,1-way,Sealed,,0.0,0,,50.0,,On,0.0,0.0,,47,Wellington City,Traffic Signals,,,,,0.0,0.0,Urban,0.0,,,Fine,Null,0
67734713,,576901,0.0,,0.0,1.0,,Null,2018/2019,YULE ST,COUTTS ST,,Minor Crash,No,2018,,North,,0,,Flat,,,,,,Overcast,2177500,1,0.0,0.0,2.0,,,0.0,,,,,,Wellington Region,Nil,2-way,Sealed,,0.0,0,,50.0,,Null,1.0,0.0,,47,Wellington City,Give way,,,,,0.0,0.0,Urban,0.0,,,Fine,Null,0
67734821,,576400,0.0,0.0,0.0,3.0,0.0,East,2017/2018,MEIN ST,RIDDIFORD ST,,Non-Injury Crash,No,2018,0.0,East,0.0,0,0.0,Flat,0.0,Queens Birthday,0.0,,0.0,Bright sun,2166900,0,0.0,0.0,2.0,0.0,0.0,0.0,0.0,1.0,,0.0,0.0,Wellington Region,Nil,2-way,Sealed,0.0,0.0,0,0.0,50.0,0.0,Null,0.0,0.0,,47,Wellington City,Unknown,0.0,0.0,0.0,0.0,0.0,0.0,Urban,0.0,0.0,0.0,Fine,Null,0
67734822,,576100,0.0,0.0,0.0,2.0,0.0,North,2017/2018,HOUGHTON BAY ROAD,CAVE ROAD,,Non-Injury Crash,No,2018,0.0,South,0.0,0,0.0,Hill Road,0.0,,0.0,,0.0,Dark,2194400,0,0.0,0.0,2.0,0.0,0.0,0.0,0.0,2.0,,0.0,0.0,Wellington Region,Nil,2-way,Sealed,0.0,0.0,0,0.0,50.0,0.0,On,0.0,0.0,,47,Wellington City,Unknown,0.0,0.0,0.0,0.0,0.0,0.0,Urban,1.0,0.0,0.0,Fine,Null,0
67734827,,573000,0.0,,0.0,2.0,,North,2018/2019,SH 1N,EVERTON OBR,,Non-Injury Crash,Yes,2018,,South,,0,,Hill Road,,,,,,Overcast,2124700,0,0.0,0.0,1.0,,,0.0,,,,,,Wellington Region,Nil,1-way,Sealed,,0.0,0,,100.0,,Null,0.0,0.0,70.0,47,Wellington City,Unknown,,,,,0.0,0.0,Open,0.0,,,Fine,Null,0
67734855,,577000,0.0,,0.0,2.0,,North,2016/2017,ACCESS ROAD,STEWART DUFF DRIVE,,Non-Injury Crash,No,2017,,North,,0,,Flat,,,,,,Bright sun,2175700,0,0.0,0.0,1.0,,,0.0,,,,,,Wellington Region,Nil,1-way,Sealed,,0.0,0,,20.0,,Null,0.0,0.0,,47,Wellington City,Nil,,,,,0.0,0.0,Urban,0.0,,,Fine,Null,0
67734902,,576001,0.0,0.0,0.0,2.0,0.0,West,2017/2018,SEVERN ST,MOSELLE ST,,Non-Injury Crash,No,2017,0.0,West,0.0,0,0.0,Flat,0.0,,0.0,,0.0,Bright sun,2188300,0,0.0,0.0,2.0,0.0,0.0,0.0,0.0,1.0,,0.0,0.0,Wellington Region,Nil,2-way,Sealed,0.0,0.0,0,0.0,50.0,0.0,Null,0.0,0.0,,47,Wellington City,Unknown,0.0,0.0,0.0,0.0,0.0,0.0,Urban,0.0,0.0,0.0,Fine,Null,0
67734932,,573000,0.0,,0.0,2.0,,Null,2017/2018,SH 1N,NORTH PORTAL SBD,,Non-Injury Crash,Yes,2018,,South,,0,,Flat,,,,,,Overcast,2126700,0,0.0,0.0,1.0,,,0.0,,,,,,Wellington Region,Nil,1-way,Sealed,,0.0,0,,100.0,,Null,0.0,0.0,,47,Wellington City,Unknown,,,,,0.0,0.0,Open,0.0,,,Fine,Null,0
67734936,,576100,0.0,0.0,0.0,2.0,0.0,South,2017/2018,BUCKLEY ROAD,SOUTHGATE ROAD,,Non-Injury Crash,No,2017,0.0,South,0.0,0,0.0,Hill Road,0.0,,0.0,,0.0,Unknown,2194201,0,0.0,0.0,2.0,0.0,0.0,0.0,0.0,1.0,,0.0,0.0,Wellington Region,Nil,2-way,Sealed,0.0,0.0,0,0.0,50.0,0.0,Null,0.0,0.0,,47,Wellington City,Unknown,0.0,0.0,0.0,0.0,0.0,0.0,Urban,0.0,0.0,0.0,Null,Null,0
67734962,,573700,0.0,,0.0,2.0,,South,2017/2018,JOHNSONVILLE ROAD,BRODERICK ROAD,,Non-Injury Crash,No,2017,,North,,0,,Flat,,,,,,Overcast,2082900,0,0.0,0.0,3.0,,,0.0,,,,,,Wellington Region,Nil,2-way,Sealed,,0.0,0,,50.0,,Null,0.0,0.0,,47,Wellington City,Traffic Signals,,,,,0.0,0.0,Urban,0.0,,,Fine,Null,0
67734967,,575300,0.0,0.0,0.0,2.0,0.0,North,2017/2018,UPLAND ROAD,PLUNKET ST,,Serious Crash,No,2018,0.0,North,0.0,0,0.0,Flat,0.0,,0.0,,0.0,Bright sun,2154100,0,0.0,0.0,2.0,0.0,0.0,0.0,0.0,1.0,,0.0,0.0,Wellington Region,Nil,2-way,Sealed,0.0,0.0,1,0.0,30.0,0.0,Null,0.0,0.0,,47,Wellington City,Unknown,0.0,0.0,0.0,0.0,0.0,0.0,Urban,0.0,0.0,0.0,Fine,Null,0
67734968,,573526,0.0,0.0,0.0,1.0,0.0,West,2017/2018,SH 2,HOROKIWI ROAD,,Serious Crash,Yes,2018,0.0,South,0.0,0,0.0,Flat,1.0,,0.0,,0.0,Dark,2086403,0,0.0,0.0,4.0,0.0,0.0,0.0,0.0,0.0,,0.0,0.0,Wellington Region,Nil,2-way,Sealed,0.0,0.0,1,0.0,100.0,0.0,On,0.0,0.0,,47,Wellington City,Unknown,0.0,0.0,0.0,0.0,0.0,0.0,Open,0.0,0.0,0.0,Fine,Null,0
67734976,,573000,0.0,,0.0,1.0,,Null,2017/2018,WILLIS ST,ELLERS AVENUE,,Non-Injury Crash,No,2018,,North,,0,,Flat,,,,,,Overcast,2128500,0,0.0,0.0,2.0,,,0.0,,,,,,Wellington Region,Nil,2-way,Sealed,,0.0,0,,30.0,,Null,1.0,0.0,,47,Wellington City,Give way,,,,,0.0,0.0,Urban,0.0,,,Light rain,Null,0
67734992,,576901,0.0,,0.0,1.0,,Null,2018/2019,ROSS ST,RONGOTAI ROAD,,Non-Injury Crash,No,2018,,North,,0,,Null,,,,,,Overcast,2177200,0,0.0,0.0,2.0,,,0.0,,,,,,Wellington Region,Nil,2-way,Sealed,,0.0,0,,50.0,,Null,0.0,0.0,,47,Wellington City,Give way,,,,,0.0,0.0,Urban,1.0,,,Fine,Null,0
67735021,,574302,0.0,,0.0,0.0,,East,2018/2019,HUTT ROAD,RANGIORA AVENUE,,Serious Crash,No,2019,,East,,0,,Flat,,,,,,Bright sun,2090700,0,0.0,0.0,4.0,,,0.0,,,1.0,,,Wellington Region,Nil,2-way,Sealed,,0.0,1,,60.0,,Off,1.0,0.0,,47,Wellington City,Unknown,,,,,0.0,0.0,Urban,0.0,,,Fine,Null,0
67735089,,574001,0.0,,1.0,0.0,,West,2017/2018,NEWLANDS ROAD,HURRING PLACE,,Non-Injury Crash,No,2017,,West,,0,,Flat,,,,,,Dark,2077600,0,0.0,0.0,2.0,,,0.0,,,,,,Wellington Region,Nil,2-way,Sealed,,0.0,0,,50.0,,On,0.0,0.0,,47,Wellington City,Nil,,,,,0.0,0.0,Urban,1.0,,,Mist or Fog,Null,0
67735134,,576800,0.0,,0.0,1.0,,Null,2017/2018,HATAITAI ROAD,WAITOA ROAD,,Minor Crash,No,2018,,West,,0,,Hill Road,,,,,,Bright sun,2182100,2,0.0,1.0,2.0,,,0.0,,,,,,Wellington Region,Nil,2-way,Sealed,,0.0,0,,30.0,,Null,0.0,0.0,,47,Wellington City,Give way,,,,,0.0,0.0,Urban,0.0,,,Fine,Null,0
67735172,,576700,0.0,,0.0,1.0,,South,2017/2018,EVANS BAY PARADE,RPNYC START BOX,,Minor Crash,No,2018,,North,,0,,Flat,,,,,,Overcast,2186500,1,1.0,0.0,2.0,,,0.0,,,,,,Wellington Region,Nil,2-way,Sealed,,0.0,0,,50.0,,Null,0.0,0.0,,47,Wellington City,Unknown,,,,,0.0,0.0,Urban,0.0,,,Fine,Null,0
67735195,,575300,0.0,,0.0,1.0,,Null,2017/2018,SALAMANCA ROAD,KELBURN PARADE,,Non-Injury Crash,No,2018,,North,,0,,Hill Road,,,,,,Bright sun,2155300,0,0.0,0.0,2.0,,,0.0,,,1.0,,,Wellington Region,Nil,2-way,Sealed,,0.0,0,,50.0,,Null,0.0,0.0,,47,Wellington City,Give way,,,,,0.0,0.0,Urban,0.0,,,Fine,Null,0
67735225,,573300,0.0,0.0,0.0,3.0,0.0,South,2018/2019,WALLACE ST,HOWARD ST,,Minor Crash,No,2018,0.0,South,0.0,0,0.0,Flat,0.0,,0.0,,0.0,Dark,2147200,1,0.0,0.0,2.0,0.0,0.0,0.0,0.0,1.0,,0.0,0.0,Wellington Region,Nil,2-way,Sealed,0.0,0.0,0,0.0,50.0,0.0,On,0.0,0.0,,47,Wellington City,Unknown,0.0,0.0,0.0,0.0,0.0,0.0,Urban,1.0,0.0,0.0,Fine,Null,0
67735300,,576200,0.0,,0.0,1.0,,South,2018/2019,ADELAIDE ROAD,DUPPA ST,,Minor Crash,No,2018,,South,,0,,Flat,,,,,,Overcast,2173100,1,0.0,0.0,2.0,,,0.0,,,,,,Wellington Region,Nil,2-way,Sealed,,0.0,0,,50.0,,Null,1.0,0.0,,47,Wellington City,Unknown,,,,,0.0,0.0,Urban,0.0,,,Fine,Null,0
67735401,,572600,0.0,,0.0,2.0,,North,2018/2019,MAIN RD,ESSEX ST,,Non-Injury Crash,No,2018,,Null,,0,,Null,,,,,,Unknown,1992000,0,0.0,0.0,0.0,,,0.0,,,,,,Wellington Region,Nil,2-way,Sealed,,0.0,0,,,,Off,0.0,0.0,,47,Wellington City,Unknown,,,,,0.0,0.0,Urban,0.0,,,Null,Null,0
67735414,,573526,0.0,,0.0,2.0,,West,2018/2019,SH 2,HOROKIWI ROAD,,Non-Injury Crash,Yes,2018,,West,,0,,Flat,,,,,,Bright sun,2086403,0,0.0,0.0,4.0,,,0.0,,,,,,Wellington Region,Nil,2-way,Sealed,,0.0,0,,100.0,,Null,1.0,0.0,,47,Wellington City,Unknown,,,,,0.0,0.0,Open,0.0,,,Fine,Null,0
67735419,,573514,0.0,0.0,0.0,1.0,0.0,South,2017/2018,CHURTON DRIVE,HALSWATER DRIVE,,Non-Injury Crash,No,2018,0.0,North,0.0,0,0.0,Flat,0.0,,0.0,,0.0,Overcast,2086614,0,0.0,0.0,2.0,0.0,0.0,0.0,0.0,1.0,,0.0,0.0,Wellington Region,Nil,2-way,Sealed,0.0,0.0,0,0.0,50.0,0.0,Null,1.0,0.0,,47,Wellington City,Unknown,0.0,0.0,0.0,0.0,0.0,0.0,Urban,0.0,0.0,0.0,Fine,Null,0
67735440,,576800,0.0,0.0,0.0,2.0,0.0,North,2017/2018,MOXHAM AVENUE,TAURIMA ST,,Non-Injury Crash,No,2017,0.0,East,0.0,0,0.0,Flat,0.0,,0.0,,0.0,Overcast,2181900,0,0.0,0.0,2.0,0.0,0.0,0.0,0.0,1.0,,0.0,0.0,Wellington Region,Nil,2-way,Sealed,0.0,0.0,0,0.0,30.0,0.0,Null,0.0,0.0,,47,Wellington City,Unknown,0.0,0.0,0.0,0.0,0.0,0.0,Urban,0.0,0.0,0.0,Null,Null,0
67735468,,576901,0.0,,0.0,2.0,,Null,2018/2019,EVANS BAY PARADE,WELLINGTON ROAD,,Non-Injury Crash,Yes,2018,,North,,0,,Flat,,,,,,Bright sun,2177800,0,0.0,0.0,1.0,,,0.0,,,,,,Wellington Region,Nil,1-way,Sealed,,0.0,0,,50.0,,Null,0.0,0.0,,47,Wellington City,Give way,,,,,0.0,0.0,Urban,0.0,,,Fine,Null,0
67735495,,576001,0.0,,0.0,2.0,,North,2017/2018,THE PARADE,TAMAR ST,,Non-Injury Crash,No,2018,,North,,0,,Flat,,,,,,Overcast,2193400,0,0.0,0.0,2.0,,,0.0,,,,,,Wellington Region,Nil,2-way,Sealed,,0.0,0,,50.0,,Null,0.0,0.0,,47,Wellington City,Unknown,,,,,0.0,0.0,Urban,0.0,,,Fine,Null,0
67735557,,574701,0.0,,0.0,2.0,,Null,2017/2018,CHURCHILL DRIVE,BLACKBRIDGE ROAD,,Non-Injury Crash,No,2018,,South,,0,,Flat,,,,,,Bright sun,2105100,0,0.0,0.0,2.0,,,0.0,,,,,,Wellington Region,Nil,2-way,Sealed,,0.0,0,,50.0,,Null,0.0,0.0,,47,Wellington City,Give way,,,,,0.0,0.0,Urban,0.0,,,Fine,Null,0
67735569,,574302,0.0,0.0,0.0,1.0,1.0,East,2017/2018,ONSLOW ROAD,HUTT ROAD,,Non-Injury Crash,No,2018,0.0,East,0.0,0,1.0,Hill Road,0.0,,1.0,,0.0,Dark,2090601,0,0.0,0.0,2.0,0.0,0.0,0.0,0.0,0.0,,0.0,0.0,Wellington Region,Nil,2-way,Sealed,0.0,0.0,0,0.0,50.0,0.0,On,0.0,0.0,,47,Wellington City,Unknown,0.0,0.0,0.0,0.0,0.0,0.0,Urban,0.0,0.0,0.0,Light rain,Null,0
67735588,,576500,0.0,,0.0,1.0,,North,2017/2018,RIDDIFORD ST,CHURCH AVENUE,,Non-Injury Crash,No,2017,,North,,0,,Flat,,,,,,Bright sun,2148800,0,0.0,0.0,4.0,,,0.0,,,,,,Wellington Region,Nil,2-way,Sealed,,0.0,0,,50.0,,Null,0.0,0.0,,47,Wellington City,Nil,,,,,1.0,0.0,Urban,0.0,,,Fine,Null,0
67735592,,573903,0.0,,0.0,2.0,,Null,2018/2019,BLACK ROCK ROAD,NEWLANDS ROAD,,Minor Crash,No,2018,,South,,0,,Flat,,,,,,Overcast,2074600,1,0.0,0.0,2.0,,,0.0,,,,,,Wellington Region,Nil,2-way,Sealed,,0.0,0,,50.0,,Null,0.0,0.0,,47,Wellington City,Nil,,,,,0.0,0.0,Urban,0.0,,,Fine,Null,0
67735612,,575000,0.0,,0.0,0.0,,West,2018/2019,BIRDWOOD ST,CHAYTOR ST,,Minor Crash,No,2018,,East,,0,,Flat,,,,,,Bright sun,2111100,2,0.0,1.0,2.0,,,0.0,,,1.0,,,Wellington Region,Nil,2-way,Sealed,,0.0,0,,50.0,,Null,0.0,0.0,,47,Wellington City,Unknown,,,,,0.0,0.0,Urban,0.0,,,Fine,Null,0
67735616,,574302,0.0,,0.0,4.0,,North,2018/2019,BOX HILL,CLARK ST,,Minor Crash,No,2018,,South,,0,,Hill Road,,,,,,Overcast,2090800,2,0.0,0.0,2.0,,,0.0,,,,,,Wellington Region,Nil,2-way,Sealed,,0.0,0,,50.0,,Null,0.0,0.0,,47,Wellington City,Unknown,,,,,0.0,0.0,Urban,0.0,,,Heavy rain,Strong wind,0
67735644,,576001,0.0,0.0,1.0,0.0,0.0,Null,2017/2018,THE PARADE,MERSEY ST,,Non-Injury Crash,No,2018,0.0,North,0.0,0,0.0,Flat,0.0,,0.0,,0.0,Bright sun,2190500,0,0.0,0.0,2.0,0.0,0.0,0.0,0.0,1.0,,0.0,0.0,Wellington Region,Nil,2-way,Sealed,0.0,0.0,0,0.0,50.0,0.0,Null,0.0,0.0,,47,Wellington City,Stop,0.0,0.0,0.0,0.0,0.0,0.0,Urban,1.0,0.0,0.0,Fine,Null,0