OBJECTID,advisorySpeed,areaUnitID,bicycle,bridge,bus,carStationWagon,cliffBank,crashDirectionDescription,crashFinancialYear,crashLocation1,crashLocation2,crashRoadSideRoad,crashSeverity,crashSHDescription,crashYear,debris,directionRoleDescription,ditch,fatalCount,fence,flatHill,guardRail,holiday,houseOrBuilding,intersection,kerb,light,meshblockId,minorInjuryCount,moped,motorcycle,NumberOfLanes,objectThrownOrDropped,otherObject,otherVehicleType,overBank,parkedVehicle,pedestrian,phoneBoxEtc,postOrPole,region,roadCharacter,roadLane,roadSurface,roadworks,schoolBus,seriousInjuryCount,slipOrFlood,speedLimit,strayAnimal,streetLight,suv,taxi,temporarySpeedLimit,tlaId,tlaName,trafficControl,trafficIsland,trafficSign,train,tree,truck,unknownVehicleType,urban,vanOrUtility,vehicle,waterRiver,weatherA,weatherB,if_pandemic
67735685,,573101,0.0,,0.0,2.0,,East,2017/2018,GHUZNEE ST,WILLIS ST,,Non-Injury Crash,No,2018,,East,,0,,Flat,,,,,,Overcast,2131600,0,0.0,0.0,4.0,,,0.0,,,,,,Wellington Region,Nil,2-way,Sealed,,0.0,0,,50.0,,Null,0.0,0.0,,47,Wellington City,Unknown,,,,,0.0,0.0,Urban,0.0,,,Fine,Null,0
67735692,,575701,0.0,,0.0,1.0,,North,2017/2018,OHIRO ROAD,STOCK ST,,Non-Injury Crash,No,2018,,South,,0,,Flat,,,,,,Dark,2198901,0,0.0,0.0,2.0,,,0.0,,,,,,Wellington Region,Nil,2-way,Sealed,,0.0,0,,50.0,,On,0.0,0.0,,47,Wellington City,Unknown,,,,,0.0,0.0,Urban,1.0,,,Fine,Null,0
67735693,,576903,0.0,0.0,0.0,0.0,0.0,Null,2017/2018,SH 1N,EVANS BAY PARADE,,Non-Injury Crash,Yes,2018,0.0,East,0.0,0,0.0,Flat,0.0,,0.0,,0.0,Bright sun,2180200,0,0.0,0.0,2.0,0.0,0.0,0.0,0.0,1.0,,0.0,0.0,Wellington Region,Nil,1-way,Sealed,0.0,0.0,0,0.0,50.0,0.0,Null,1.0,0.0,,47,Wellington City,Traffic Signals,0.0,0.0,0.0,0.0,1.0,0.0,Urban,0.0,0.0,0.0,Fine,Null,0
67735720,,576100,0.0,,0.0,1.0,,North,2018/2019,HOUGHTON BAY ROAD,VIEW ROAD,,Minor Crash,No,2019,,West,,0,,Hill Road,,,,,,Overcast,2194400,1,0.0,0.0,2.0,,,0.0,,,,,,Wellington Region,Nil,2-way,Sealed,,0.0,0,,50.0,,Off,0.0,0.0,,47,Wellington City,Nil,,,,,0.0,0.0,Urban,1.0,,,Fine,Null,0
67735723,,577601,0.0,0.0,0.0,2.0,0.0,North,2018/2019,AKAROA DR,COUNTESS CL,,Non-Injury Crash,No,2018,0.0,South,0.0,0,0.0,Hill Road,0.0,Christmas New Year,0.0,,0.0,Bright sun,2201800,0,0.0,0.0,2.0,0.0,0.0,0.0,0.0,1.0,,0.0,0.0,Wellington Region,Nil,2-way,Sealed,0.0,0.0,0,0.0,50.0,0.0,Off,0.0,0.0,,47,Wellington City,Unknown,0.0,0.0,0.0,0.0,0.0,0.0,Urban,0.0,0.0,0.0,Fine,Null,0
67735724,,574402,0.0,0.0,0.0,1.0,0.0,South,2018/2019,NGAIO GORGE ROAD,KENYA ST,,Non-Injury Crash,No,2018,0.0,North,0.0,0,0.0,Flat,0.0,,0.0,,0.0,Dark,2098200,0,0.0,0.0,2.0,0.0,0.0,0.0,0.0,0.0,,0.0,0.0,Wellington Region,Nil,2-way,Sealed,0.0,0.0,0,0.0,50.0,0.0,On,0.0,0.0,,47,Wellington City,Stop,0.0,1.0,0.0,0.0,0.0,0.0,Urban,0.0,0.0,0.0,Fine,Null,0
67735740,,575600,0.0,,0.0,3.0,,Null,2017/2018,OHIRO ROAD,CLEVELAND ST,,Non-Injury Crash,No,2018,,South,,0,,Flat,,,,,,Overcast,2161700,0,0.0,0.0,2.0,,,0.0,,,,,,Wellington Region,Nil,2-way,Sealed,,0.0,0,,30.0,,Null,0.0,0.0,,47,Wellington City,Traffic Signals,,,,,0.0,0.0,Urban,0.0,,,Fine,Null,0
67735785,,576200,0.0,,0.0,1.0,,Null,2017/2018,BRITOMART ST,STANLEY ST,,Non-Injury Crash,No,2017,,West,,0,,Hill Road,,,,,,Bright sun,2171100,0,0.0,0.0,2.0,,,0.0,,,,,,Wellington Region,Nil,2-way,Sealed,,0.0,0,,50.0,,Null,0.0,0.0,,47,Wellington City,Give way,,,,,0.0,0.0,Urban,1.0,,,Fine,Null,0
67735821,,572701,0.0,0.0,0.0,2.0,0.0,East,2018/2019,LINDEN AVENUE,MAIN ROAD,,Non-Injury Crash,No,2018,0.0,East,0.0,0,0.0,Hill Road,0.0,,0.0,,0.0,Dark,1994002,0,0.0,0.0,2.0,0.0,0.0,0.0,0.0,1.0,,0.0,0.0,Wellington Region,Nil,2-way,Sealed,0.0,0.0,0,0.0,50.0,0.0,On,0.0,0.0,,47,Wellington City,Unknown,0.0,0.0,0.0,0.0,0.0,0.0,Urban,0.0,0.0,0.0,Fine,Null,0
67735853,,573000,0.0,,0.0,2.0,,South,2018/2019,SH 1N,SOUTH PORTAL,,Non-Injury Crash,Yes,2018,,North,,0,,Flat,,,,,,Dark,2129600,0,0.0,0.0,2.0,,,0.0,,,,,,Wellington Region,Nil,1-way,Sealed,,0.0,0,,100.0,,On,0.0,1.0,,47,Wellington City,Unknown,,,,,0.0,0.0,Open,0.0,,,Fine,Null,0
67735891,,576200,0.0,0.0,0.0,2.0,0.0,West,2017/2018,BRITOMART ST,ADELAIDE ROAD,,Non-Injury Crash,No,2018,0.0,East,0.0,0,0.0,Hill Road,0.0,,0.0,,0.0,Overcast,2172500,0,0.0,0.0,2.0,0.0,0.0,0.0,0.0,1.0,,0.0,0.0,Wellington Region,Nil,2-way,Sealed,0.0,0.0,0,0.0,50.0,0.0,On,0.0,0.0,,47,Wellington City,Unknown,0.0,0.0,0.0,0.0,0.0,0.0,Urban,0.0,0.0,0.0,Fine,Null,0
67735911,,574800,0.0,0.0,0.0,2.0,0.0,North,2018/2019,OLD KARORI ROAD,KARORI ROAD,,Minor Crash,No,2018,0.0,North,0.0,0,0.0,Flat,0.0,,0.0,,0.0,Dark,2106000,1,0.0,0.0,2.0,0.0,0.0,0.0,0.0,1.0,,0.0,0.0,Wellington Region,Nil,2-way,Sealed,0.0,0.0,0,0.0,50.0,0.0,None,0.0,0.0,,47,Wellington City,Unknown,0.0,0.0,0.0,0.0,0.0,0.0,Urban,0.0,0.0,0.0,Fine,Null,0
67735976,,576901,0.0,,0.0,2.0,,Null,2017/2018,EVANS BAY PARADE,WELLINGTON ROAD,,Non-Injury Crash,Yes,2018,,North,,0,,Flat,,,,,,Bright sun,2177800,0,0.0,0.0,1.0,,,0.0,,,,,,Wellington Region,Nil,1-way,Sealed,,0.0,0,,50.0,,Null,0.0,0.0,,47,Wellington City,Give way,,,,,0.0,0.0,Urban,0.0,,,Fine,Null,0
67736005,,573000,0.0,0.0,0.0,0.0,1.0,Null,2018/2019,SALAMANCA ROAD,THE TERRACE,,Minor Crash,No,2018,0.0,South,0.0,0,0.0,Hill Road,0.0,,0.0,,0.0,Overcast,2128200,1,1.0,0.0,3.0,0.0,0.0,0.0,0.0,0.0,,0.0,0.0,Wellington Region,Nil,2-way,Sealed,0.0,0.0,0,0.0,50.0,0.0,Null,0.0,0.0,,47,Wellington City,Traffic Signals,0.0,0.0,0.0,0.0,0.0,0.0,Urban,0.0,0.0,0.0,Fine,Null,0
67736017,,573000,0.0,,0.0,2.0,,North,2018/2019,SH 1N,EVERTON OBR,,Minor Crash,Yes,2018,,South,,0,,Flat,,,,,,Bright sun,2126403,1,0.0,0.0,4.0,,,0.0,,,,,,Wellington Region,Nil,2-way,Sealed,,0.0,0,,60.0,,Null,0.0,0.0,,47,Wellington City,Unknown,,,,,0.0,0.0,Urban,0.0,,,Fine,Null,0
67736018,,573000,0.0,,0.0,1.0,,North,2018/2019,WATERLOO QUAY,WHITMORE ST,,Minor Crash,No,2018,,North,,0,,Flat,,,,,,Overcast,2124300,1,0.0,1.0,6.0,,,0.0,,,,,,Wellington Region,Nil,2-way,Sealed,,0.0,0,,50.0,,Null,0.0,0.0,,47,Wellington City,Unknown,,,,,0.0,0.0,Urban,0.0,,,Fine,Null,0
67736022,,572900,0.0,0.0,0.0,0.0,0.0,Null,2018/2019,AOTEA QUAY,AOTEA OFF SBD,,Minor Crash,No,2018,0.0,South,0.0,0,0.0,Flat,0.0,,0.0,,0.0,Overcast,2118400,1,0.0,1.0,1.0,0.0,0.0,0.0,0.0,0.0,,0.0,0.0,Wellington Region,Nil,1-way,Sealed,1.0,0.0,0,0.0,70.0,0.0,Null,0.0,0.0,,47,Wellington City,Nil,0.0,0.0,0.0,0.0,0.0,0.0,Urban,0.0,0.0,0.0,Fine,Null,0
67736063,,576901,0.0,,0.0,2.0,,North,2017/2018,SH 1N,TROY ST,,Non-Injury Crash,Yes,2018,,North,,0,,Flat,,,,,,Overcast,2176800,0,0.0,0.0,2.0,,,0.0,,,,,,Wellington Region,Nil,1-way,Sealed,,0.0,0,,70.0,,Null,0.0,0.0,,47,Wellington City,Unknown,,,,,0.0,0.0,Urban,0.0,,,Heavy rain,Strong wind,0
67736110,,574002,1.0,,0.0,0.0,,North,2018/2019,SLIP ROAD,MALVERN ROAD,,Minor Crash,No,2018,,South,,0,,Flat,,,,,,Bright sun,2078302,1,0.0,0.0,2.0,,,0.0,,,,,,Wellington Region,Nil,1-way,Sealed,,0.0,0,,50.0,,Null,0.0,0.0,,47,Wellington City,Unknown,,,,,0.0,0.0,Urban,1.0,,,Fine,Strong wind,0
67736125,,573522,0.0,,0.0,0.0,,Null,2017/2018,SH 1N,TAWA OFF NBD,,Non-Injury Crash,Yes,2018,,North,,0,,Flat,,,,,,Dark,2053703,0,0.0,0.0,2.0,,,0.0,,,,,,Wellington Region,Motorway ramp,2-way,Sealed,,0.0,0,,100.0,,On,0.0,0.0,,47,Wellington City,Nil,,,,,0.0,0.0,Open,2.0,,,Fine,Null,0
67736215,,575902,0.0,0.0,0.0,2.0,0.0,South,2017/2018,FROBISHER ST,MURCHISON ST,,Non-Injury Crash,No,2018,0.0,South,0.0,0,0.0,Hill Road,0.0,,0.0,,0.0,Dark,2187405,0,0.0,0.0,2.0,0.0,0.0,0.0,0.0,1.0,,0.0,0.0,Wellington Region,Nil,2-way,Sealed,0.0,0.0,0,0.0,50.0,0.0,On,0.0,0.0,,47,Wellington City,Unknown,0.0,0.0,0.0,0.0,0.0,0.0,Urban,0.0,0.0,0.0,Fine,Null,0
67736255,,573101,0.0,0.0,0.0,2.0,0.0,South,2017/2018,MARION ST,SWAN LANE,,Non-Injury Crash,No,2018,0.0,South,0.0,0,0.0,Flat,0.0,,0.0,,0.0,Dark,2133600,0,0.0,0.0,2.0,0.0,0.0,0.0,0.0,1.0,,0.0,0.0,Wellington Region,Nil,2-way,Sealed,0.0,0.0,0,0.0,50.0,0.0,On,0.0,0.0,,47,Wellington City,Unknown,0.0,0.0,0.0,0.0,0.0,0.0,Urban,0.0,0.0,0.0,Light rain,Null,0
67736311,,576400,0.0,0.0,0.0,1.0,0.0,East,2017/2018,MEIN ST,MINERVA ST,,Non-Injury Crash,No,2018,0.0,East,0.0,0,0.0,Hill Road,0.0,,0.0,,0.0,Dark,2167100,0,0.0,0.0,2.0,0.0,0.0,0.0,0.0,1.0,,0.0,0.0,Wellington Region,Nil,2-way,Sealed,0.0,0.0,0,0.0,50.0,0.0,On,1.0,0.0,,47,Wellington City,Unknown,0.0,0.0,0.0,0.0,0.0,0.0,Urban,0.0,0.0,0.0,Fine,Null,0
67736416,,576901,0.0,,0.0,1.0,,Null,2017/2018,RONGOTAI ROAD,BAY ROAD,,Non-Injury Crash,No,2018,,East,,0,,Flat,,,,,,Bright sun,2178000,0,0.0,0.0,2.0,,,0.0,,,1.0,,,Wellington Region,Nil,2-way,Sealed,,0.0,0,,30.0,,Null,0.0,0.0,,47,Wellington City,Traffic Signals,,,,,0.0,0.0,Urban,0.0,,,Fine,Null,0
67736512,,573511,0.0,,0.0,0.0,,Null,2017/2018,WESTCHESTER DRIVE,CHURTON PARK ON NBD,,Non-Injury Crash,No,2018,,East,,0,,Hill Road,,,,,,Overcast,2086203,0,0.0,0.0,1.0,,,0.0,,,,,,Wellington Region,Motorway ramp,1-way,Sealed,,0.0,0,,50.0,,Null,2.0,0.0,,47,Wellington City,Give way,,,,,0.0,0.0,Urban,0.0,,,Fine,Null,0
67736567,,572900,1.0,,0.0,1.0,,West,2018/2019,BOLTON ST,MOWBRAY ST,,Serious Crash,No,2018,,East,,0,,Hill Road,,,,,,Dark,2122100,0,0.0,0.0,2.0,,,0.0,,,,,,Wellington Region,Nil,2-way,Sealed,,0.0,1,,50.0,,On,0.0,0.0,,47,Wellington City,Unknown,,,,,0.0,0.0,Urban,0.0,,,Fine,Null,0
67736639,,573511,0.0,,0.0,2.0,,Null,2017/2018,WESTCHESTER DRIVE,MIDDLETON ROAD,,Non-Injury Crash,No,2018,,North,,0,,Flat,,,,,,Overcast,2086203,0,0.0,0.0,1.0,,,0.0,,,,,,Wellington Region,Nil,1-way,Sealed,,0.0,0,,50.0,,Null,0.0,0.0,,47,Wellington City,Give way,,,,,0.0,0.0,Urban,0.0,,,Fine,Null,0
67736664,,576400,1.0,,0.0,0.0,,West,2017/2018,DONALD MCLEAN ST,DANIELL ST,,Minor Crash,No,2018,,East,,0,,Flat,,Queens Birthday,,,,Dark,2168800,1,0.0,0.0,2.0,,,0.0,,,,,,Wellington Region,Nil,2-way,Sealed,,0.0,0,,40.0,,On,1.0,0.0,,47,Wellington City,Give way,,,,,0.0,0.0,Urban,0.0,,,Light rain,Null,0
67736666,,576400,0.0,0.0,0.0,2.0,0.0,South,2017/2018,CRAWFORD ROAD,WELLINGTON ROAD,,Minor Crash,No,2018,0.0,West,0.0,0,0.0,Hill Road,0.0,,0.0,,0.0,Dark,2169402,1,0.0,0.0,2.0,0.0,0.0,0.0,0.0,1.0,,0.0,0.0,Wellington Region,Nil,2-way,Sealed,0.0,0.0,0,0.0,50.0,0.0,On,0.0,0.0,,47,Wellington City,Unknown,0.0,0.0,0.0,0.0,0.0,0.0,Urban,0.0,0.0,0.0,Fine,Null,0
67736682,,575100,0.0,,0.0,2.0,,East,2017/2018,HAZLEWOOD AVENUE,SOUTH KARORI ROAD,,Non-Injury Crash,No,2018,,North,,0,,Hill Road,,,,,,Bright sun,2116303,0,0.0,0.0,2.0,,,0.0,,,,,,Wellington Region,Nil,2-way,Sealed,,0.0,0,,50.0,,Null,0.0,0.0,,47,Wellington City,Nil,,,,,0.0,0.0,Urban,0.0,,,Fine,Null,0
67736755,,573526,0.0,,0.0,5.0,,South,2017/2018,SH 2,SERVICE STN STH,,Non-Injury Crash,Yes,2018,,South,,0,,Flat,,,,,,Dark,2077503,0,0.0,0.0,2.0,,,0.0,,,,,,Wellington Region,Nil,1-way,Sealed,,0.0,0,,100.0,,On,0.0,0.0,,47,Wellington City,Unknown,,,,,0.0,0.0,Open,0.0,,,Fine,Null,0
67736756,,573700,0.0,,0.0,1.0,,South,2018/2019,JOHNSONVILLE ROAD,DISRAELI ST,,Minor Crash,No,2018,,West,,0,,Flat,,,,,,Overcast,2083100,1,0.0,0.0,2.0,,,0.0,,,1.0,,,Wellington Region,Nil,2-way,Sealed,,0.0,0,,50.0,,Null,0.0,0.0,,47,Wellington City,Nil,,,,,0.0,0.0,Urban,0.0,,,Fine,Null,0
67736801,,573101,0.0,0.0,0.0,1.0,0.0,East,2018/2019,01N-1075/00.13-I,Taranaki St,,Non-Injury Crash,Yes,2018,0.0,East,0.0,0,0.0,Flat,0.0,Christmas New Year,0.0,,0.0,Bright sun,2133800,0,0.0,0.0,2.0,0.0,0.0,0.0,0.0,1.0,,0.0,0.0,Wellington Region,Nil,1-way,Sealed,0.0,0.0,0,0.0,50.0,0.0,Off,1.0,0.0,,47,Wellington City,Unknown,0.0,0.0,0.0,0.0,0.0,0.0,Urban,0.0,0.0,0.0,Fine,Null,0
67736847,,573000,1.0,,0.0,0.0,,Null,2017/2018,CUSTOMHOUSE QUAY,WARING TAYLOR ST,,Non-Injury Crash,No,2018,,South,,0,,Flat,,,,,,Bright sun,2125400,0,0.0,0.0,3.0,,,0.0,,,,,,Wellington Region,Nil,1-way,Sealed,,0.0,0,,50.0,,Null,0.0,0.0,,47,Wellington City,Traffic Signals,,,,,0.0,0.0,Urban,1.0,,,Fine,Null,0
67736860,,573101,0.0,,0.0,1.0,,Null,2018/2019,COURTENAY PLACE,TORY ST,,Non-Injury Crash,No,2018,,West,,0,,Flat,,,,,,Overcast,2135600,0,0.0,1.0,4.0,,,0.0,,,,,,Wellington Region,Nil,2-way,Sealed,,0.0,0,,30.0,,Null,0.0,0.0,,47,Wellington City,Traffic Signals,,,,,0.0,0.0,Urban,0.0,,,Fine,Null,0
67736895,,574100,0.0,,0.0,2.0,,South,2022/2023,CENTENNIAL HIGHWAY,JOHNSONVILLE OFF RAMP,,Non-Injury Crash,Yes,2023,,North,,0,,Flat,,,,,,Bright sun,2084600,0,0.0,0.0,3.0,,,0.0,,,,,,Wellington Region,Nil,1-way,Sealed,,0.0,0,,100.0,,Off,0.0,0.0,,47,Wellington City,Nil,,,,,0.0,0.0,Open,0.0,,,Fine,Null,0
67736932,,577000,0.0,0.0,0.0,1.0,0.0,South,2023/2024,MOA POINT ROAD,DOG POUND,,Non-Injury Crash,No,2023,0.0,South,0.0,0,0.0,Flat,0.0,,0.0,,0.0,Dark,2175700,0,0.0,0.0,2.0,0.0,0.0,0.0,0.0,0.0,,0.0,0.0,Wellington Region,Nil,2-way,Sealed,1.0,0.0,0,0.0,50.0,0.0,On,0.0,0.0,,47,Wellington City,Nil,0.0,0.0,0.0,0.0,0.0,0.0,Urban,0.0,0.0,0.0,Fine,Null,0
67736936,,576800,0.0,0.0,0.0,3.0,0.0,North,2022/2023,WAIPAPA ROAD,WAITOA ROAD,,Non-Injury Crash,No,2023,0.0,North,0.0,0,0.0,Flat,0.0,,0.0,,0.0,Dark,2182800,0,0.0,0.0,2.0,0.0,0.0,0.0,0.0,1.0,,0.0,0.0,Wellington Region,Nil,2-way,Sealed,0.0,0.0,0,0.0,50.0,0.0,On,0.0,0.0,,47,Wellington City,Nil,0.0,0.0,0.0,0.0,0.0,0.0,Urban,0.0,0.0,0.0,Fine,Null,0
67736953,,576002,0.0,0.0,0.0,2.0,0.0,South,2023/2024,THE PARADE,MEDWAY STREET,,Non-Injury Crash,No,2023,0.0,South,0.0,0,0.0,Flat,0.0,,0.0,,0.0,Dark,2190600,0,0.0,0.0,2.0,0.0,0.0,0.0,0.0,1.0,,0.0,0.0,Wellington Region,Nil,2-way,Sealed,0.0,0.0,0,0.0,30.0,0.0,On,0.0,0.0,,47,Wellington City,Nil,0.0,0.0,0.0,0.0,0.0,0.0,Urban,0.0,0.0,0.0,Fine,Null,0
67736979,,573513,0.0,0.0,0.0,1.0,0.0,North,2023/2024,WAVERTON TERRACE,RADSTOCK GROVE,,Non-Injury Crash,No,2023,0.0,North,0.0,0,0.0,Hill Road,0.0,,0.0,,0.0,Overcast,2086716,0,0.0,0.0,2.0,0.0,0.0,0.0,0.0,1.0,,0.0,0.0,Wellington Region,Nil,2-way,Sealed,0.0,0.0,0,0.0,50.0,0.0,Null,1.0,0.0,,47,Wellington City,Nil,0.0,0.0,0.0,0.0,0.0,0.0,Urban,0.0,0.0,0.0,Fine,Null,0
67737011,,576903,0.0,,0.0,2.0,,Null,2021/2022,WELLINGTON ROAD,KILBIRNIE CRESCENT,,Minor Crash,Yes,2022,,West,,0,,Hill Road,,,,,,Dark,2177900,1,0.0,0.0,6.0,,,0.0,,,,,,Wellington Region,Nil,2-way,Sealed,,0.0,0,,50.0,,On,0.0,0.0,,47,Wellington City,Traffic Signals,,,,,0.0,0.0,Urban,0.0,,,Fine,Null,0
67737026,,573300,0.0,,0.0,2.0,,Null,2022/2023,HUTCHISON ROAD,WRIGHT STREET,,Non-Injury Crash,No,2023,,West,,0,,Hill Road,,Easter,,,,Bright sun,2147400,0,0.0,0.0,2.0,,,0.0,,,,,,Wellington Region,Nil,2-way,Sealed,,0.0,0,,50.0,,Off,0.0,0.0,,47,Wellington City,Nil,,,,,0.0,0.0,Urban,0.0,,,Fine,Null,0
67737092,,575300,0.0,0.0,0.0,3.0,0.0,Null,2022/2023,GLENMORE STREET,ORANGI KAUPAPA ROAD,,Non-Injury Crash,No,2023,0.0,North,0.0,0,0.0,Hill Road,0.0,,0.0,,0.0,Dark,2153501,0,0.0,0.0,2.0,0.0,0.0,0.0,0.0,2.0,,0.0,0.0,Wellington Region,Nil,2-way,Sealed,0.0,0.0,0,0.0,50.0,0.0,On,0.0,0.0,,47,Wellington City,Nil,0.0,0.0,0.0,0.0,0.0,0.0,Urban,0.0,0.0,0.0,Fine,Null,0
67737116,,572900,0.0,,0.0,1.0,,Null,2023/2024,MOLESWORTH STREET,MAY STREET,,Minor Crash,No,2023,,East,,0,,Flat,,,,,,Overcast,2119600,1,0.0,0.0,1.0,,,0.0,,,1.0,,,Wellington Region,Nil,1-way,Sealed,,0.0,0,,30.0,,Off,0.0,1.0,,47,Wellington City,Nil,,,,,0.0,0.0,Urban,0.0,,,Light rain,Null,0
67737146,,574100,0.0,,0.0,1.0,,Null,2023/2024,BURMA ROAD,MOOREFIELD ROAD,,Non-Injury Crash,No,2023,,North,,0,,Flat,,Labour Weekend,,,,Twilight,2083900,0,0.0,1.0,2.0,,,0.0,,,,,,Wellington Region,Nil,2-way,Sealed,,0.0,0,,50.0,,Off,0.0,0.0,,47,Wellington City,Give way,,,,,0.0,0.0,Urban,0.0,,,Fine,Null,0
67737233,,574002,0.0,,0.0,1.0,,South,2023/2024,CENTENNIAL HIGHWAY,ABATTOIRS,,Serious Crash,Yes,2023,,South,,0,,Hill Road,,,,,,Dark,2078304,0,0.0,1.0,3.0,,,0.0,,,,,,Wellington Region,Nil,1-way,Sealed,,0.0,1,,60.0,,On,0.0,0.0,,47,Wellington City,Nil,,,,,0.0,0.0,Urban,0.0,,,Fine,Null,0
67737248,,574900,0.0,0.0,0.0,1.0,0.0,South,2023/2024,MONTGOMERY AVENUE,ALANBROOKE PLACE,,Minor Crash,No,2024,0.0,North,0.0,0,0.0,Hill Road,0.0,,0.0,,0.0,Dark,2108303,1,0.0,0.0,2.0,0.0,0.0,0.0,0.0,1.0,1.0,0.0,0.0,Wellington Region,Nil,2-way,Sealed,0.0,0.0,0,0.0,50.0,0.0,On,0.0,0.0,,47,Wellington City,Nil,0.0,0.0,0.0,0.0,0.0,0.0,Urban,1.0,0.0,0.0,Light rain,Null,0
67737262,,575000,0.0,,0.0,2.0,,Null,2021/2022,CHAYTOR STREET,RAROA CRESCENT,,Non-Injury Crash,No,2021,,East,,0,,Hill Road,,,,,,Overcast,2111100,0,0.0,0.0,2.0,,,0.0,,,,,,Wellington Region,Nil,2-way,Sealed,,0.0,0,,50.0,,Off,0.0,0.0,,47,Wellington City,Stop,,,,,0.0,0.0,Urban,0.0,,,Light rain,Null,1
67737290,,572900,0.0,0.0,0.0,1.0,0.0,North,2023/2024,WATERLOO QUAY,LADY ELIZABETH LANE,,Non-Injury Crash,No,2023,0.0,North,0.0,0,0.0,Flat,0.0,,1.0,,0.0,Dark,2122700,0,0.0,0.0,2.0,0.0,0.0,0.0,0.0,1.0,,0.0,0.0,Wellington Region,Nil,1-way,Sealed,0.0,0.0,0,0.0,50.0,0.0,On,1.0,0.0,,47,Wellington City,Nil,0.0,0.0,0.0,0.0,0.0,0.0,Urban,0.0,0.0,0.0,Fine,Null,0
67737323,,573511,0.0,0.0,0.0,2.0,1.0,North,2023/2024,MIDDLETON ROAD,ROWELLS ROAD,,Serious Crash,No,2024,0.0,South,0.0,0,0.0,Hill Road,0.0,,0.0,,0.0,Overcast,2086203,1,0.0,0.0,2.0,0.0,0.0,0.0,0.0,0.0,,0.0,0.0,Wellington Region,Nil,2-way,Sealed,0.0,0.0,2,0.0,70.0,0.0,None,0.0,0.0,,47,Wellington City,Nil,0.0,0.0,0.0,0.0,0.0,0.0,Urban,0.0,0.0,0.0,Fine,Null,0
67737347,,573101,0.0,0.0,0.0,1.0,0.0,Null,2022/2023,WAKEFIELD STREET,CAMBRIDGE TERRACE,,Non-Injury Crash,No,2023,0.0,West,0.0,0,0.0,Flat,0.0,,0.0,,0.0,Twilight,2135500,0,0.0,0.0,3.0,0.0,0.0,0.0,0.0,0.0,,0.0,0.0,Wellington Region,Nil,1-way,Sealed,0.0,0.0,0,0.0,50.0,0.0,Off,0.0,0.0,,47,Wellington City,Nil,0.0,0.0,0.0,1.0,0.0,0.0,Urban,1.0,0.0,0.0,Fine,Null,0
67737357,,572701,0.0,,0.0,1.0,,South,2022/2023,JOHNSONVILLE PORIRUA MOTORWAY,COLLINS OBR,,Non-Injury Crash,Yes,2023,,North,,0,,Flat,,,,,,Overcast,1993701,0,0.0,0.0,2.0,,,0.0,,,,,,Wellington Region,Nil,1-way,Sealed,,0.0,0,,100.0,,Off,0.0,0.0,,47,Wellington City,Nil,,,,,0.0,0.0,Open,1.0,,,Heavy rain,Null,0
67737362,,576901,0.0,0.0,0.0,1.0,0.0,Null,2023/2024,RONGOTAI ROAD,SALEK STREET,,Minor Crash,No,2024,0.0,South,0.0,0,1.0,Flat,0.0,,0.0,,0.0,Bright sun,2177400,1,0.0,0.0,1.0,0.0,0.0,0.0,0.0,0.0,,0.0,0.0,Wellington Region,Nil,1-way,Sealed,0.0,0.0,0,0.0,50.0,0.0,Off,0.0,0.0,,47,Wellington City,Nil,0.0,0.0,0.0,0.0,0.0,0.0,Urban,0.0,0.0,0.0,Fine,Null,0
67737366,,573101,0.0,,0.0,2.0,,Null,2023/2024,MANNERS STREET,TARANAKI STREET,,Non-Injury Crash,No,2023,,South,,0,,Flat,,,,,,Dark,2133200,0,0.0,0.0,2.0,,,0.0,,,,,,Wellington Region,Nil,2-way,Sealed,,0.0,0,,30.0,,On,0.0,0.0,,47,Wellington City,Traffic Signals,,,,,0.0,0.0,Urban,0.0,,,Heavy rain,Null,0
67737420,,575600,0.0,,1.0,0.0,,South,2021/2022,TODMAN STREET,CHARLOTTE AVENUE,,Non-Injury Crash,No,2021,,South,,0,,Hill Road,,,,,,Unknown,2161601,0,0.0,0.0,2.0,,,0.0,,,,,,Wellington Region,Nil,2-way,Sealed,,0.0,0,,50.0,,Null,0.0,0.0,,47,Wellington City,Nil,,,,,0.0,1.0,Urban,0.0,,,Null,Null,1
67737452,,573526,0.0,0.0,0.0,4.0,0.0,West,2023/2024,HUTT ROAD,SERVICE STN NTH,,Non-Injury Crash,Yes,2023,0.0,East,0.0,0,0.0,Flat,1.0,,0.0,,0.0,Overcast,2077503,0,0.0,0.0,2.0,0.0,0.0,0.0,0.0,0.0,,0.0,0.0,Wellington Region,Nil,1-way,Sealed,0.0,0.0,0,0.0,100.0,0.0,None,0.0,0.0,,47,Wellington City,Nil,0.0,0.0,0.0,0.0,0.0,0.0,Open,0.0,0.0,0.0,Light rain,Strong wind,0
67737465,,573101,0.0,,0.0,1.0,,West,2022/2023,VIVIAN STREET,TORY STREET,,Minor Crash,Yes,2023,,West,,0,,Flat,,,,,,Overcast,2133900,1,0.0,0.0,2.0,,,0.0,,,1.0,,,Wellington Region,Nil,2-way,Sealed,,0.0,0,,50.0,,Off,0.0,0.0,,47,Wellington City,Nil,,,,,0.0,0.0,Urban,0.0,,,Fine,Null,0
67737492,,573000,0.0,,0.0,2.0,,South,2023/2024,WELLINGTON URBAN MOTORWAY,CLIFTON TERRACE ON RAMP,,Non-Injury Crash,Yes,2023,,South,,0,,Flat,,,,,,Overcast,2126700,0,0.0,0.0,1.0,,,0.0,,,,,,Wellington Region,Nil,1-way,Sealed,,0.0,0,,100.0,,Off,0.0,0.0,60.0,47,Wellington City,Nil,,,,,0.0,0.0,Open,0.0,,,Fine,Null,0