OBJECTID,advisorySpeed,areaUnitID,bicycle,bridge,bus,carStationWagon,cliffBank,crashDirectionDescription,crashFinancialYear,crashLocation1,crashLocation2,crashRoadSideRoad,crashSeverity,crashSHDescription,crashYear,debris,directionRoleDescription,ditch,fatalCount,fence,flatHill,guardRail,holiday,houseOrBuilding,intersection,kerb,light,meshblockId,minorInjuryCount,moped,motorcycle,NumberOfLanes,objectThrownOrDropped,otherObject,otherVehicleType,overBank,parkedVehicle,pedestrian,phoneBoxEtc,postOrPole,region,roadCharacter,roadLane,roadSurface,roadworks,schoolBus,seriousInjuryCount,slipOrFlood,speedLimit,strayAnimal,streetLight,suv,taxi,temporarySpeedLimit,tlaId,tlaName,trafficControl,trafficIsland,trafficSign,train,tree,truck,unknownVehicleType,urban,vanOrUtility,vehicle,waterRiver,weatherA,weatherB,if_pandemic
67737502,,572900,0.0,0.0,0.0,2.0,0.0,Null,2023/2024,PARLIAMENT STREET,HILL STREET,,Non-Injury Crash,No,2023,0.0,North,0.0,0,0.0,Hill Road,0.0,,0.0,,0.0,Bright sun,2122300,0,0.0,0.0,2.0,0.0,0.0,0.0,0.0,1.0,,0.0,0.0,Wellington Region,Nil,2-way,Sealed,0.0,0.0,0,0.0,50.0,0.0,Off,0.0,0.0,,47,Wellington City,Nil,0.0,0.0,0.0,0.0,0.0,0.0,Urban,0.0,0.0,0.0,Fine,Null,0
67737544,,573000,0.0,,0.0,0.0,,West,2023/2024,GHUZNEE STREET,WILLIS STREET,,Minor Crash,No,2023,,West,,0,,Flat,,,,,,Overcast,2129700,1,0.0,0.0,2.0,,,0.0,,,1.0,,,Wellington Region,Nil,2-way,Sealed,,0.0,0,,50.0,,Off,1.0,0.0,,47,Wellington City,Nil,,,,,0.0,0.0,Urban,0.0,,,Fine,Null,0
67737549,,573101,0.0,,0.0,2.0,,Null,2022/2023,VIVIAN STREET,CAMBRIDGE TERRACE,,Non-Injury Crash,Yes,2023,,East,,0,,Flat,,,,,,Dark,2136500,0,0.0,0.0,2.0,,,0.0,,,,,,Wellington Region,Nil,1-way,Sealed,,0.0,0,,50.0,,On,0.0,0.0,,47,Wellington City,Traffic Signals,,,,,0.0,0.0,Urban,0.0,,,Mist or Fog,Null,0
67737555,,573000,0.0,,0.0,1.0,,Null,2021/2022,THE TERRACE,SALAMANCA ROAD,,Non-Injury Crash,No,2021,,North,,0,,Hill Road,,,,,,Dark,2126900,0,0.0,0.0,2.0,,,0.0,,,,,,Wellington Region,Nil,2-way,Sealed,,0.0,0,,50.0,,On,1.0,0.0,,47,Wellington City,Traffic Signals,,,,,0.0,0.0,Urban,0.0,,,Null,Null,1
67737652,,573101,0.0,,1.0,0.0,,West,2022/2023,MANNERS STREET,TARANAKI STREET,,Serious Crash,No,2023,,West,,0,,Flat,,,,,,Overcast,2133200,0,0.0,0.0,3.0,,,0.0,,,1.0,,,Wellington Region,Nil,2-way,Sealed,,0.0,1,,30.0,,Off,0.0,0.0,,47,Wellington City,Nil,,,,,0.0,0.0,Urban,0.0,,,Fine,Null,0
67737665,,573101,0.0,,0.0,1.0,,Null,2022/2023,DUNLOP TERRACE,VIVIAN STREET,,Non-Injury Crash,No,2023,,North,,0,,Flat,,,,,,Bright sun,2134300,0,0.0,0.0,2.0,,,0.0,,,,,,Wellington Region,Nil,2-way,Sealed,,0.0,0,,30.0,,Off,0.0,0.0,,47,Wellington City,Give way,,,,,0.0,0.0,Urban,1.0,,,Fine,Null,0
67737683,,573101,0.0,,0.0,1.0,,Null,2023/2024,TORY STREET,COURTENAY PLACE,,Non-Injury Crash,No,2023,,North,,0,,Flat,,,,,,Dark,2136000,0,0.0,0.0,2.0,,,0.0,,,,,,Wellington Region,Nil,2-way,Sealed,,0.0,0,,30.0,,On,0.0,1.0,,47,Wellington City,Traffic Signals,,,,,1.0,0.0,Urban,0.0,,,Fine,Null,0
67737724,,576400,0.0,0.0,0.0,2.0,0.0,South,2023/2024,DANIELL STREET,MEIN STREET,,Non-Injury Crash,No,2023,0.0,South,0.0,0,0.0,Flat,0.0,,0.0,,0.0,Bright sun,2167100,0,0.0,0.0,2.0,0.0,0.0,0.0,0.0,1.0,,0.0,0.0,Wellington Region,Nil,2-way,Sealed,0.0,0.0,0,0.0,50.0,0.0,Off,0.0,0.0,,47,Wellington City,Nil,0.0,0.0,0.0,0.0,0.0,0.0,Urban,0.0,0.0,0.0,Fine,Null,0
67737740,,576903,0.0,,0.0,1.0,,South,2023/2024,CRAWFORD ROAD,NAUGHTON TERRACE,,Minor Crash,No,2024,,North,,0,,Hill Road,,,,,,Bright sun,2179200,1,0.0,0.0,2.0,,,0.0,,,1.0,,,Wellington Region,Nil,2-way,Sealed,,0.0,0,,50.0,,Off,0.0,0.0,,47,Wellington City,Nil,,,,,0.0,0.0,Urban,0.0,,,Fine,Null,0
67737783,,574600,0.0,0.0,0.0,3.0,0.0,Null,2022/2023,WADESTOWN ROAD,LYTTON STREET,,Non-Injury Crash,No,2023,0.0,West,0.0,0,0.0,Hill Road,0.0,,0.0,,0.0,Dark,2100700,0,0.0,0.0,2.0,0.0,0.0,0.0,0.0,1.0,,0.0,0.0,Wellington Region,Nil,2-way,Sealed,0.0,0.0,0,0.0,50.0,0.0,On,0.0,0.0,,47,Wellington City,Stop,0.0,0.0,0.0,0.0,0.0,0.0,Urban,0.0,0.0,0.0,Fine,Null,0
67737792,,573801,0.0,,0.0,0.0,,North,2023/2024,JOHNSONVILLE PORIRUA MOTORWAY,JOHNSONVILLE OFF RAMP,,Minor Crash,Yes,2023,,South,,0,,Flat,,,,,,Overcast,2079401,1,0.0,1.0,2.0,,,0.0,,,,,,Wellington Region,Nil,1-way,Sealed,,0.0,0,,100.0,,None,0.0,0.0,60.0,47,Wellington City,Nil,,,,,0.0,0.0,Open,0.0,,,Fine,Null,0
67737821,,577102,0.0,,0.0,1.0,,North,2021/2022,KINGHORNE STREET,ELPHINSTONE AVENUE,,Non-Injury Crash,No,2021,,West,,0,,Hill Road,,,,,,Dark,2214400,0,0.0,0.0,2.0,,,0.0,,,,,,Wellington Region,Nil,2-way,Sealed,,0.0,0,,50.0,,On,2.0,0.0,,47,Wellington City,Nil,,,,,0.0,0.0,Urban,0.0,,,Fine,Strong wind,1
67737843,,576800,0.0,0.0,0.0,3.0,1.0,North,2022/2023,HATAITAI ROAD,KONINI ROAD,,Non-Injury Crash,No,2022,0.0,North,0.0,0,0.0,Hill Road,0.0,,0.0,,0.0,Overcast,2185500,0,0.0,0.0,2.0,0.0,0.0,0.0,0.0,1.0,,0.0,0.0,Wellington Region,Nil,2-way,Sealed,0.0,0.0,0,0.0,50.0,0.0,Off,1.0,0.0,,47,Wellington City,Nil,0.0,0.0,0.0,0.0,0.0,0.0,Urban,1.0,0.0,0.0,Light rain,Null,0
67737864,,576901,0.0,,0.0,2.0,,Null,2023/2024,COBHAM DRIVE,COBHAM DRIVE,,Non-Injury Crash,Yes,2023,,West,,0,,Flat,,,,,,Bright sun,2176800,0,0.0,0.0,2.0,,,0.0,,,,,,Wellington Region,Nil,1-way,Sealed,,0.0,0,,70.0,,Off,0.0,0.0,,47,Wellington City,Give way,,,,,0.0,0.0,Urban,0.0,,,Fine,Null,0
67737952,,573200,0.0,,0.0,2.0,,Null,2022/2023,ARO STREET,ST JOHN STREET,,Non-Injury Crash,No,2023,,East,,0,,Flat,,,,,,Bright sun,2157800,0,0.0,0.0,2.0,,,0.0,,,,,,Wellington Region,Nil,2-way,Sealed,,0.0,0,,30.0,,Off,0.0,0.0,,47,Wellington City,Nil,,,,,0.0,0.0,Urban,0.0,,,Fine,Null,0
67737975,,573101,0.0,,1.0,0.0,,Null,2023/2024,MANNERS STREET,LOMBARD STREET,,Serious Crash,No,2023,,North,,0,,Flat,,,,,,Bright sun,2131300,0,0.0,0.0,2.0,,,0.0,,,1.0,,,Wellington Region,Nil,2-way,Sealed,,0.0,1,,30.0,,Off,0.0,0.0,,47,Wellington City,Traffic Signals,,,,,0.0,0.0,Urban,0.0,,,Fine,Null,0
67738029,,574702,0.0,0.0,0.0,1.0,0.0,North,2022/2023,CHURCHILL DRIVE,WILTON ROAD,,Minor Crash,No,2023,0.0,South,0.0,0,0.0,Hill Road,0.0,,0.0,,0.0,Overcast,2103800,1,0.0,0.0,2.0,0.0,0.0,0.0,0.0,0.0,,0.0,1.0,Wellington Region,Nil,2-way,Sealed,0.0,0.0,0,0.0,50.0,0.0,Off,0.0,0.0,,47,Wellington City,Nil,0.0,0.0,0.0,0.0,0.0,0.0,Urban,0.0,0.0,0.0,Heavy rain,Null,0
67738034,,573101,0.0,,0.0,2.0,,West,2022/2023,VIVIAN STREET,CAMBRIDGE TERRACE,,Non-Injury Crash,Yes,2022,,East,,0,,Flat,,,,,,Bright sun,2136500,0,0.0,0.0,2.0,,,0.0,,,,,,Wellington Region,Nil,1-way,Sealed,,0.0,0,,50.0,,Off,0.0,0.0,,47,Wellington City,Nil,,,,,0.0,0.0,Urban,0.0,,,Fine,Null,0
67738068,,576800,0.0,0.0,0.0,2.0,0.0,South,2023/2024,MOXHAM AVENUE,TAURIMA STREET,,Non-Injury Crash,No,2023,0.0,North,0.0,0,0.0,Flat,0.0,,0.0,,0.0,Dark,2181900,0,0.0,0.0,2.0,0.0,0.0,0.0,0.0,1.0,,0.0,0.0,Wellington Region,Nil,2-way,Sealed,0.0,0.0,0,0.0,30.0,0.0,On,0.0,0.0,,47,Wellington City,Nil,0.0,0.0,0.0,0.0,0.0,0.0,Urban,0.0,0.0,0.0,Fine,Null,0
67738087,,573101,0.0,,1.0,0.0,,Null,2022/2023,KENT TERRACE,PIRIE STREET,,Non-Injury Crash,No,2023,,South,,0,,Flat,,,,,,Overcast,2136500,0,0.0,0.0,4.0,,,0.0,,,,,,Wellington Region,Nil,1-way,Sealed,,1.0,0,,50.0,,Off,0.0,0.0,,47,Wellington City,Traffic Signals,,,,,0.0,0.0,Urban,1.0,,,Fine,Null,0
67738116,,573522,0.0,,0.0,1.0,,Null,2022/2023,TAKAPU ROAD,TAWA-GRENADA NORTH OFF RAMP,,Minor Crash,No,2023,,South,,0,,Hill Road,,,,,,Overcast,2053703,1,0.0,0.0,2.0,,,0.0,,,,,,Wellington Region,Motorway ramp,2-way,Sealed,,0.0,0,,50.0,,On,0.0,0.0,,47,Wellington City,Stop,,,,,0.0,0.0,Urban,1.0,,,Fine,Null,0
67738194,,573400,0.0,0.0,0.0,1.0,0.0,South,2021/2022,BROUGHAM STREET,ELLICE STREET,,Non-Injury Crash,No,2021,0.0,South,0.0,0,0.0,Null,0.0,,0.0,,0.0,Unknown,2143000,0,0.0,0.0,2.0,0.0,0.0,0.0,0.0,1.0,,0.0,0.0,Wellington Region,Nil,2-way,Sealed,0.0,0.0,0,0.0,50.0,0.0,Null,1.0,0.0,,47,Wellington City,Nil,0.0,0.0,0.0,0.0,0.0,0.0,Urban,0.0,0.0,0.0,Null,Null,1
67738220,,573300,0.0,0.0,0.0,1.0,0.0,West,2023/2024,ROLLESTON STREET,WALLACE STREET,,Non-Injury Crash,No,2023,0.0,South,0.0,0,0.0,Hill Road,0.0,Christmas New Year,0.0,,0.0,Bright sun,2147800,0,0.0,0.0,1.0,0.0,0.0,0.0,0.0,2.0,,0.0,0.0,Wellington Region,Nil,1-way,Sealed,0.0,0.0,0,0.0,50.0,0.0,Off,1.0,0.0,,47,Wellington City,Nil,0.0,0.0,0.0,0.0,0.0,0.0,Urban,1.0,0.0,0.0,Fine,Strong wind,0
67738293,,576903,0.0,,0.0,2.0,,Null,2022/2023,CRAWFORD ROAD,WELLINGTON ROAD,,Non-Injury Crash,No,2023,,North,,0,,Flat,,,,,,Twilight,2180500,0,0.0,0.0,2.0,,,0.0,,,,,,Wellington Region,Nil,2-way,Sealed,,0.0,0,,50.0,,On,0.0,0.0,,47,Wellington City,Give way,,,,,0.0,0.0,Urban,0.0,,,Fine,Null,0
67738306,,577102,0.0,0.0,0.0,1.0,0.0,North,2022/2023,MONORGAN ROAD,RAUKAWA STREET,,Non-Injury Crash,No,2022,0.0,North,0.0,0,0.0,Flat,0.0,Christmas New Year,0.0,,0.0,Bright sun,2215400,0,0.0,0.0,2.0,0.0,0.0,0.0,0.0,1.0,,0.0,0.0,Wellington Region,Nil,2-way,Sealed,0.0,0.0,0,0.0,50.0,0.0,Off,1.0,0.0,,47,Wellington City,Nil,0.0,0.0,0.0,0.0,0.0,0.0,Urban,0.0,0.0,0.0,Fine,Null,0
67738310,,574002,0.0,,0.0,1.0,,South,2022/2023,HUTT ROAD OFF RAMP,RLY YARD ENT,,Non-Injury Crash,No,2022,,South,,0,,Flat,,,,,,Dark,2078302,0,0.0,0.0,3.0,,,0.0,,,,,,Wellington Region,Underpass,1-way,Sealed,,0.0,0,,100.0,,On,0.0,0.0,,47,Wellington City,Unknown,,,,,0.0,0.0,Open,1.0,,,Fine,Null,0
67738341,,576903,0.0,,1.0,1.0,,Null,2022/2023,WELLINGTON ROAD,HAMILTON ROAD,,Non-Injury Crash,Yes,2023,,West,,0,,Flat,,,,,,Dark,2180200,0,0.0,0.0,4.0,,,0.0,,,,,,Wellington Region,Nil,2-way,Sealed,,0.0,0,,50.0,,On,0.0,0.0,,47,Wellington City,Traffic Signals,,,,,0.0,0.0,Urban,0.0,,,Fine,Null,0
67738361,,574002,0.0,0.0,0.0,1.0,0.0,North,2023/2024,HUTT ROAD,WELLINGTON URBAN MOTORWAY,,Minor Crash,Yes,2023,0.0,North,0.0,0,0.0,Flat,1.0,,0.0,,0.0,Bright sun,2078302,1,0.0,0.0,4.0,0.0,0.0,0.0,0.0,0.0,,0.0,0.0,Wellington Region,Motorway ramp,1-way,Sealed,0.0,0.0,0,0.0,100.0,0.0,Off,0.0,0.0,,47,Wellington City,Nil,0.0,0.0,0.0,0.0,0.0,0.0,Open,0.0,0.0,0.0,Fine,Null,0
67738401,,572702,0.0,,0.0,0.0,,South,2023/2024,WOODMAN DRIVE,COLONIAL GROVE,,Non-Injury Crash,No,2023,,North,,0,,Hill Road,,,,,,Bright sun,2053817,0,0.0,0.0,2.0,,,0.0,,,,,,Wellington Region,Nil,2-way,Sealed,,0.0,0,,50.0,,Off,1.0,0.0,,47,Wellington City,Nil,,,,,1.0,0.0,Urban,0.0,,,Fine,Null,0
67738423,,572900,0.0,0.0,0.0,1.0,0.0,Null,2022/2023,TINAKORI ROAD,ST MARY STREET,,Non-Injury Crash,No,2022,0.0,North,0.0,0,0.0,Hill Road,0.0,,0.0,,0.0,Overcast,2123400,0,0.0,0.0,2.0,0.0,0.0,0.0,0.0,1.0,,0.0,0.0,Wellington Region,Nil,2-way,Sealed,0.0,0.0,0,0.0,50.0,0.0,Off,0.0,0.0,,47,Wellington City,Nil,0.0,0.0,0.0,0.0,0.0,0.0,Urban,1.0,0.0,0.0,Fine,Null,0
67738430,35.0,573511,0.0,,0.0,2.0,,Null,2022/2023,MIDDLETON ROAD,WESTCHESTER DRIVE EAST,,Non-Injury Crash,No,2023,,East,,0,,Hill Road,,Christmas New Year,,,,Dark,2086203,0,0.0,0.0,2.0,,,0.0,,,,,,Wellington Region,Nil,2-way,Sealed,,0.0,0,,50.0,,On,0.0,0.0,,47,Wellington City,Give way,,,,,0.0,0.0,Urban,0.0,,,Fine,Null,0
67738497,,576700,0.0,0.0,0.0,0.0,0.0,North,2023/2024,MAIDA VALE ROAD,BALAENA BAY,,Non-Injury Crash,No,2023,0.0,South,0.0,0,0.0,Hill Road,0.0,,1.0,,0.0,Overcast,2186900,0,0.0,0.0,2.0,0.0,0.0,0.0,0.0,0.0,,0.0,0.0,Wellington Region,Nil,2-way,Sealed,0.0,0.0,0,0.0,50.0,0.0,None,0.0,0.0,,47,Wellington City,Nil,0.0,0.0,0.0,0.0,0.0,0.0,Urban,0.0,0.0,0.0,Fine,Null,0
67738516,,572900,0.0,0.0,1.0,1.0,0.0,South,2022/2023,MULGRAVE STREET,PIPITEA STREET,,Non-Injury Crash,No,2023,0.0,South,0.0,0,0.0,Hill Road,0.0,,0.0,,0.0,Overcast,2121200,0,0.0,0.0,2.0,0.0,0.0,0.0,0.0,1.0,,0.0,0.0,Wellington Region,Nil,1-way,Sealed,0.0,0.0,0,0.0,50.0,0.0,Off,1.0,0.0,,47,Wellington City,Nil,0.0,0.0,0.0,0.0,0.0,0.0,Urban,0.0,0.0,0.0,Fine,Null,0
67738541,,572701,0.0,,0.0,1.0,,South,2022/2023,MAIN ROAD,FYVIE AVENUE,,Non-Injury Crash,No,2023,,South,,0,,Null,,,,,,Unknown,1994500,0,0.0,0.0,2.0,,,0.0,,,,,,Wellington Region,Nil,2-way,Sealed,,0.0,0,,50.0,,Null,0.0,0.0,,47,Wellington City,Nil,,,,,0.0,0.0,Urban,1.0,,,Null,Null,0
67738603,,572600,0.0,0.0,0.0,2.0,0.0,North,2023/2024,MAIN ROAD,LINCOLN AVENUE,,Non-Injury Crash,No,2023,0.0,South,0.0,0,0.0,Flat,0.0,,0.0,,0.0,Overcast,1992000,0,0.0,0.0,2.0,0.0,0.0,0.0,0.0,1.0,,0.0,0.0,Wellington Region,Nil,2-way,Sealed,0.0,0.0,0,0.0,50.0,0.0,Off,0.0,0.0,,47,Wellington City,Nil,0.0,0.0,0.0,0.0,0.0,0.0,Urban,0.0,0.0,0.0,Fine,Null,0
67738607,,574200,0.0,0.0,0.0,2.0,0.0,South,2022/2023,COCKAYNE ROAD,BOX HILL,,Non-Injury Crash,No,2023,0.0,North,0.0,0,1.0,Hill Road,0.0,,0.0,,0.0,Twilight,2088400,0,0.0,0.0,2.0,0.0,0.0,0.0,0.0,1.0,,0.0,0.0,Wellington Region,Nil,2-way,Sealed,0.0,0.0,0,0.0,50.0,0.0,On,0.0,0.0,,47,Wellington City,Nil,0.0,0.0,0.0,0.0,0.0,0.0,Urban,0.0,0.0,0.0,Light rain,Null,0
67738891,,573526,0.0,,0.0,2.0,,South,2023/2024,HUTT ROAD,WEIGH PIT,,Non-Injury Crash,Yes,2023,,North,,0,,Flat,,,,,,Overcast,2077503,0,0.0,0.0,2.0,,,0.0,,,,,,Wellington Region,Nil,1-way,Sealed,,0.0,0,,100.0,,Off,0.0,0.0,,47,Wellington City,Nil,,,,,0.0,0.0,Open,0.0,,,Light rain,Strong wind,0
67738916,,573000,1.0,,0.0,0.0,,Null,2023/2024,SALAMANCA ROAD,THE TERRACE,,Minor Crash,No,2024,,East,,0,,Hill Road,,,,,,Bright sun,2126900,1,0.0,0.0,2.0,,,0.0,,,,,,Wellington Region,Nil,2-way,Sealed,,0.0,0,,50.0,,Off,0.0,0.0,,47,Wellington City,Traffic Signals,,,,,0.0,0.0,Urban,1.0,,,Fine,Null,0
67738918,,576200,0.0,,0.0,1.0,,East,2022/2023,BRITOMART STREET,STANLEY STREET,,Non-Injury Crash,No,2023,,East,,0,,Hill Road,,,,,,Dark,2171200,0,0.0,0.0,2.0,,,0.0,,,,,,Wellington Region,Speed hump,2-way,Sealed,,0.0,0,,50.0,,On,0.0,0.0,,47,Wellington City,Nil,,,,,0.0,0.0,Urban,0.0,,,Fine,Null,0
67738957,,575800,0.0,0.0,0.0,1.0,0.0,North,2023/2024,HAPPY VALLEY ROAD,LANDFILL ROAD,,Non-Injury Crash,No,2023,0.0,South,0.0,0,0.0,Flat,0.0,,0.0,,0.0,Dark,2197101,0,0.0,0.0,2.0,0.0,0.0,0.0,0.0,1.0,,0.0,0.0,Wellington Region,Nil,2-way,Sealed,0.0,0.0,0,0.0,70.0,0.0,None,0.0,0.0,,47,Wellington City,Nil,0.0,0.0,0.0,0.0,0.0,0.0,Urban,1.0,0.0,0.0,Fine,Null,0
67738976,,573525,0.0,0.0,0.0,1.0,1.0,East,2023/2024,TAKAPU ROAD,WOODBURN DRIVE,,Non-Injury Crash,No,2023,0.0,West,0.0,0,1.0,Flat,0.0,,0.0,,0.0,Dark,2053833,0,0.0,0.0,2.0,0.0,0.0,0.0,0.0,0.0,,0.0,0.0,Wellington Region,Nil,2-way,Sealed,0.0,0.0,0,0.0,50.0,0.0,None,0.0,0.0,,47,Wellington City,Nil,0.0,0.0,0.0,0.0,0.0,0.0,Urban,0.0,0.0,0.0,Fine,Null,0
67738988,,573000,0.0,,0.0,2.0,,North,2023/2024,WELLINGTON URBAN MOTORWAY,SOUTH PORTAL,,Non-Injury Crash,Yes,2023,,South,,0,,Flat,,,,,,Bright sun,2128700,0,0.0,0.0,3.0,,,0.0,,,,,,Wellington Region,Tunnel,2-way,Sealed,,0.0,0,,70.0,,On,0.0,0.0,,47,Wellington City,Nil,,,,,0.0,0.0,Urban,0.0,,,Fine,Null,0
67739023,,577200,0.0,,0.0,1.0,,Null,2021/2022,BROADWAY,KAURI STREET,,Non-Injury Crash,No,2022,,East,,0,,Flat,,,,,,Bright sun,2206700,0,0.0,0.0,2.0,,,0.0,,,,,,Wellington Region,Nil,1-way,Sealed,,0.0,0,,50.0,,Off,0.0,0.0,,47,Wellington City,Nil,,,,,0.0,0.0,Urban,1.0,,,Fine,Null,0
67739084,,573101,0.0,,0.0,2.0,,West,2022/2023,GHUZNEE STREET,CUBA STREET,,Non-Injury Crash,No,2023,,West,,0,,Flat,,,,,,Dark,2131800,0,0.0,0.0,2.0,,,0.0,,,,,,Wellington Region,Nil,2-way,Sealed,,0.0,0,,30.0,,On,0.0,0.0,,47,Wellington City,Nil,,,,,0.0,0.0,Urban,0.0,,,Light rain,Null,0
67739107,,573101,0.0,,0.0,1.0,,Null,2023/2024,OFF ROAD CARPARK BUNNINGS TORY STREET,,,Minor Crash,No,2024,,East,,0,,Flat,,,,,,Dark,2135900,1,0.0,0.0,0.0,,,0.0,,,1.0,,,Wellington Region,Nil,Off road,Sealed,,0.0,0,,10.0,,On,0.0,0.0,,47,Wellington City,Nil,,,,,0.0,0.0,Urban,0.0,,,Fine,Null,0
67739108,,573000,0.0,,0.0,2.0,,North,2023/2024,CLIFTON TERRACE,EVERTON TERRACE,,Non-Injury Crash,No,2023,,North,,0,,Flat,,,,,,Dark,2126100,0,0.0,0.0,2.0,,,0.0,,,,,,Wellington Region,Motorway ramp,2-way,Sealed,,0.0,0,,50.0,,On,0.0,0.0,,47,Wellington City,Nil,,,,,0.0,0.0,Urban,0.0,,,Fine,Strong wind,0
67739141,,575300,0.0,0.0,0.0,1.0,0.0,South,2023/2024,UPLAND ROAD,GLASGOW STREET,,Minor Crash,No,2024,0.0,North,0.0,0,0.0,Flat,0.0,,0.0,,0.0,Dark,2154000,1,0.0,1.0,2.0,0.0,0.0,0.0,0.0,1.0,,0.0,0.0,Wellington Region,Nil,2-way,Sealed,0.0,0.0,0,0.0,50.0,0.0,On,0.0,0.0,,47,Wellington City,Nil,0.0,0.0,0.0,0.0,0.0,0.0,Urban,0.0,0.0,0.0,Fine,Null,0
67739256,,573101,0.0,,0.0,2.0,,Null,2023/2024,VIVIAN STREET,WALTER STREET,,Non-Injury Crash,Yes,2023,,East,,0,,Flat,,,,,,Dark,2131700,0,0.0,0.0,2.0,,,0.0,,,,,,Wellington Region,Nil,1-way,Sealed,,0.0,0,,50.0,,On,0.0,1.0,,47,Wellington City,Nil,,,,,0.0,0.0,Urban,0.0,,,Light rain,Null,0
67739368,,577000,3.0,0.0,0.0,0.0,0.0,East,2023/2024,LYALL PARADE,TIRANGI ROAD,,Serious Crash,No,2024,0.0,West,0.0,0,0.0,Flat,0.0,,0.0,,0.0,Bright sun,2175600,2,0.0,0.0,2.0,0.0,0.0,0.0,0.0,1.0,,0.0,0.0,Wellington Region,Nil,2-way,Sealed,0.0,0.0,1,0.0,50.0,0.0,Off,0.0,0.0,,47,Wellington City,Nil,0.0,0.0,0.0,0.0,0.0,0.0,Urban,1.0,0.0,0.0,Fine,Null,0
67739413,,574302,0.0,0.0,0.0,1.0,0.0,South,2023/2024,WELLINGTON URBAN MOTORWAY,ONSLOW RAIL OBR,,Non-Injury Crash,Yes,2023,0.0,West,0.0,0,0.0,Flat,1.0,,0.0,,0.0,Bright sun,2090604,0,0.0,0.0,3.0,0.0,0.0,0.0,0.0,0.0,,0.0,0.0,Wellington Region,Nil,1-way,Sealed,0.0,0.0,0,0.0,100.0,0.0,None,0.0,0.0,,47,Wellington City,Nil,0.0,0.0,0.0,0.0,1.0,0.0,Open,0.0,0.0,0.0,Fine,Null,0
67739449,,573600,0.0,0.0,0.0,1.0,0.0,South,2023/2024,OHARIU ROAD,BRAEMAR TERRACE,,Minor Crash,No,2024,0.0,North,0.0,0,0.0,Hill Road,0.0,,0.0,,0.0,Overcast,2080400,1,0.0,0.0,2.0,0.0,0.0,0.0,0.0,1.0,,0.0,0.0,Wellington Region,Nil,2-way,Sealed,0.0,0.0,0,0.0,50.0,0.0,Off,0.0,0.0,,47,Wellington City,Nil,0.0,0.0,0.0,0.0,0.0,0.0,Urban,0.0,0.0,0.0,Fine,Strong wind,0
67739462,,572702,0.0,,0.0,1.0,,South,2023/2024,JOHNSONVILLE PORIRUA MOTORWAY,TRANSMISSION GULLY MOTORWAY,,Non-Injury Crash,Yes,2023,,South,,0,,Flat,,,,,,Dark,1996400,0,0.0,0.0,2.0,,,0.0,,,,,,Wellington Region,Nil,1-way,Sealed,,0.0,0,,100.0,,On,0.0,0.0,50.0,47,Wellington City,Nil,,,,,0.0,0.0,Open,1.0,,,Fine,Null,0
67739539,,574500,0.0,0.0,0.0,1.0,0.0,North,2023/2024,WELLINGTON URBAN MOTORWAY,AOTEA QUAY ON RAMP,,Non-Injury Crash,Yes,2023,0.0,North,0.0,0,0.0,Flat,1.0,,0.0,,0.0,Dark,2093500,0,0.0,0.0,7.0,0.0,0.0,0.0,0.0,0.0,,0.0,0.0,Wellington Region,Nil,2-way,Sealed,0.0,0.0,0,0.0,100.0,0.0,On,0.0,0.0,,47,Wellington City,Nil,0.0,0.0,0.0,0.0,0.0,0.0,Open,0.0,0.0,0.0,Fine,Null,0
67739542,,574600,0.0,0.0,0.0,3.0,0.0,South,2023/2024,GROSVENOR TERRACE,LOWER WATT STREET,,Non-Injury Crash,No,2023,0.0,West,0.0,0,0.0,Hill Road,0.0,,0.0,,0.0,Overcast,2099500,0,0.0,0.0,2.0,0.0,0.0,0.0,0.0,1.0,,0.0,0.0,Wellington Region,Nil,2-way,Sealed,0.0,0.0,0,0.0,50.0,0.0,Off,0.0,0.0,,47,Wellington City,Nil,0.0,0.0,0.0,0.0,0.0,0.0,Urban,0.0,0.0,0.0,Light rain,Null,0
67739571,,576901,0.0,,0.0,1.0,,South,2023/2024,ONEPU ROAD,RONGOTAI ROAD,,Minor Crash,No,2024,,West,,0,,Flat,,,,,,Overcast,2178300,1,0.0,0.0,2.0,,,0.0,,,1.0,,,Wellington Region,Nil,2-way,Sealed,,0.0,0,,50.0,,Off,0.0,0.0,,47,Wellington City,Give way,,,,,0.0,0.0,Urban,0.0,,,Light rain,Null,0
67739581,,576700,0.0,0.0,0.0,2.0,0.0,South,2023/2024,CARLTON GORE ROAD,ORIENTAL PARADE,,Non-Injury Crash,No,2023,0.0,South,0.0,0,0.0,Hill Road,0.0,,0.0,,0.0,Bright sun,2186701,0,0.0,0.0,2.0,0.0,0.0,0.0,0.0,1.0,,0.0,0.0,Wellington Region,Nil,2-way,Sealed,0.0,0.0,0,0.0,50.0,0.0,Off,2.0,0.0,,47,Wellington City,Nil,0.0,0.0,0.0,0.0,0.0,0.0,Urban,0.0,0.0,0.0,Fine,Null,0
67739583,,572900,0.0,,0.0,2.0,,North,2023/2024,HUTT ROAD,SAR STREET,,Non-Injury Crash,No,2023,,North,,0,,Flat,,,,,,Overcast,2117102,0,0.0,0.0,2.0,,,0.0,,,,,,Wellington Region,Nil,2-way,Sealed,,0.0,0,,50.0,,Off,0.0,0.0,,47,Wellington City,Nil,,,,,0.0,0.0,Urban,0.0,,,Mist or Fog,Null,0